/mnt/storage3b/projects/no_ngsd/ahthapp1_T2T_ONT/bin/ASHIC/ashic/../ashic/optimization/rmds.py:25: RuntimeWarning:

divide by zero encountered in divide

/mnt/storage3b/projects/no_ngsd/ahthapp1_T2T_ONT/bin/ASHIC/ashic/../ashic/optimization/rmds.py:25: RuntimeWarning:

invalid value encountered in multiply

/mnt/storage3b/projects/no_ngsd/ahthapp1_T2T_ONT/bin/ASHIC/ashic/../ashic/optimization/rmds.py:36: RuntimeWarning:

invalid value encountered in divide

/mnt/storage3b/projects/no_ngsd/ahthapp1_T2T_ONT/bin/ASHIC/ashic/../ashic/optimization/rmds.py:36: RuntimeWarning:

divide by zero encountered in divide

RUNNING THE L-BFGS-B CODE

           * * *

Machine precision = 2.220D-16
 N =          927     M =           10

At X0         0 variables are exactly at the bounds

At iterate    0    f=  8.51603D+06    |proj g|=  3.32729D+04

At iterate    1    f=  4.02469D+06    |proj g|=  2.21260D+04

At iterate    2    f=  1.45676D+04    |proj g|=  2.66211D+03

At iterate    3    f=  1.26348D+04    |proj g|=  1.20284D+03

At iterate    4    f=  1.18625D+04    |proj g|=  1.67894D+02

At iterate    5    f=  1.16404D+04    |proj g|=  2.08716D+02

At iterate    6    f=  1.12489D+04    |proj g|=  8.98792D+02

At iterate    7    f=  1.06380D+04    |proj g|=  4.79176D+02

At iterate    8    f=  9.90128D+03    |proj g|=  4.37442D+02

At iterate    9    f=  9.45495D+03    |proj g|=  4.39189D+02

At iterate   10    f=  8.62646D+03    |proj g|=  2.32649D+02

At iterate   11    f=  8.19870D+03    |proj g|=  5.85297D+02

At iterate   12    f=  7.99619D+03    |proj g|=  7.17562D+02

At iterate   13    f=  7.70426D+03    |proj g|=  3.34274D+02

At iterate   14    f=  7.52232D+03    |proj g|=  1.67306D+02

At iterate   15    f=  7.29891D+03    |proj g|=  3.35402D+02

At iterate   16    f=  7.19851D+03    |proj g|=  2.70006D+02

At iterate   17    f=  7.05547D+03    |proj g|=  1.56462D+02

At iterate   18    f=  6.96893D+03    |proj g|=  1.38803D+02

At iterate   19    f=  6.88487D+03    |proj g|=  9.68760D+01

At iterate   20    f=  6.84026D+03    |proj g|=  5.80472D+02

At iterate   21    f=  6.77044D+03    |proj g|=  1.11668D+02

At iterate   22    f=  6.72721D+03    |proj g|=  9.87182D+01

At iterate   23    f=  6.68435D+03    |proj g|=  1.03794D+02

At iterate   24    f=  6.64281D+03    |proj g|=  5.21293D+01

At iterate   25    f=  6.59725D+03    |proj g|=  1.02513D+02

At iterate   26    f=  6.55152D+03    |proj g|=  8.29651D+01

At iterate   27    f=  6.51729D+03    |proj g|=  1.04749D+02

At iterate   28    f=  6.47403D+03    |proj g|=  9.49734D+01

At iterate   29    f=  6.43444D+03    |proj g|=  6.17479D+01

At iterate   30    f=  6.40011D+03    |proj g|=  1.15391D+02

At iterate   31    f=  6.39208D+03    |proj g|=  7.43846D+01

At iterate   32    f=  6.35456D+03    |proj g|=  7.01959D+01

At iterate   33    f=  6.33479D+03    |proj g|=  7.42513D+01

At iterate   34    f=  6.31594D+03    |proj g|=  3.98041D+01

At iterate   35    f=  6.29103D+03    |proj g|=  7.66401D+01

At iterate   36    f=  6.26318D+03    |proj g|=  4.81837D+01

At iterate   37    f=  6.24299D+03    |proj g|=  5.64422D+01

At iterate   38    f=  6.22647D+03    |proj g|=  4.76958D+01

At iterate   39    f=  6.22100D+03    |proj g|=  1.08230D+02

At iterate   40    f=  6.21158D+03    |proj g|=  5.33519D+01

At iterate   41    f=  6.19960D+03    |proj g|=  2.66822D+01

At iterate   42    f=  6.19321D+03    |proj g|=  4.12870D+01

At iterate   43    f=  6.18501D+03    |proj g|=  5.06012D+01

At iterate   44    f=  6.17576D+03    |proj g|=  5.04481D+01

At iterate   45    f=  6.16842D+03    |proj g|=  6.12125D+01

At iterate   46    f=  6.16075D+03    |proj g|=  5.27046D+01

At iterate   47    f=  6.15468D+03    |proj g|=  3.46314D+01

At iterate   48    f=  6.14644D+03    |proj g|=  3.68258D+01

At iterate   49    f=  6.14139D+03    |proj g|=  9.33558D+01

At iterate   50    f=  6.13245D+03    |proj g|=  5.65415D+01

At iterate   51    f=  6.12430D+03    |proj g|=  1.00406D+02

At iterate   52    f=  6.12058D+03    |proj g|=  1.11119D+02

At iterate   53    f=  6.11401D+03    |proj g|=  5.78596D+01

At iterate   54    f=  6.11173D+03    |proj g|=  4.13301D+01

At iterate   55    f=  6.10886D+03    |proj g|=  2.06217D+01

At iterate   56    f=  6.10728D+03    |proj g|=  1.64216D+01

At iterate   57    f=  6.10524D+03    |proj g|=  1.75377D+01

At iterate   58    f=  6.10346D+03    |proj g|=  2.66338D+01

At iterate   59    f=  6.10185D+03    |proj g|=  2.63054D+01

At iterate   60    f=  6.10056D+03    |proj g|=  1.29753D+01

At iterate   61    f=  6.09955D+03    |proj g|=  1.87275D+01

At iterate   62    f=  6.09904D+03    |proj g|=  1.79908D+01

At iterate   63    f=  6.09832D+03    |proj g|=  8.15843D+00

At iterate   64    f=  6.09768D+03    |proj g|=  1.28604D+01

At iterate   65    f=  6.09729D+03    |proj g|=  8.76938D+00

At iterate   66    f=  6.09685D+03    |proj g|=  1.56344D+01

At iterate   67    f=  6.09627D+03    |proj g|=  2.20149D+01

At iterate   68    f=  6.09568D+03    |proj g|=  1.57326D+01

At iterate   69    f=  6.09500D+03    |proj g|=  2.31383D+01

At iterate   70    f=  6.09454D+03    |proj g|=  1.59123D+01

At iterate   71    f=  6.09389D+03    |proj g|=  1.17838D+01

At iterate   72    f=  6.09349D+03    |proj g|=  1.05588D+01

At iterate   73    f=  6.09323D+03    |proj g|=  8.41973D+00

At iterate   74    f=  6.09284D+03    |proj g|=  8.15544D+00

At iterate   75    f=  6.09264D+03    |proj g|=  1.04743D+01

At iterate   76    f=  6.09240D+03    |proj g|=  6.71086D+00

At iterate   77    f=  6.09222D+03    |proj g|=  8.47133D+00

At iterate   78    f=  6.09204D+03    |proj g|=  5.00062D+00

At iterate   79    f=  6.09189D+03    |proj g|=  5.04750D+00

At iterate   80    f=  6.09151D+03    |proj g|=  1.38491D+01

At iterate   81    f=  6.09109D+03    |proj g|=  1.72377D+01

At iterate   82    f=  6.09050D+03    |proj g|=  2.17611D+01

At iterate   83    f=  6.09015D+03    |proj g|=  1.13266D+01

At iterate   84    f=  6.08956D+03    |proj g|=  9.48864D+00

At iterate   85    f=  6.08915D+03    |proj g|=  6.59710D+00

At iterate   86    f=  6.08895D+03    |proj g|=  6.58847D+00

At iterate   87    f=  6.08868D+03    |proj g|=  6.02254D+00

At iterate   88    f=  6.08851D+03    |proj g|=  1.04021D+01

At iterate   89    f=  6.08825D+03    |proj g|=  5.20895D+00

At iterate   90    f=  6.08807D+03    |proj g|=  4.91789D+00

At iterate   91    f=  6.08797D+03    |proj g|=  3.59549D+00

At iterate   92    f=  6.08790D+03    |proj g|=  4.35030D+00

At iterate   93    f=  6.08782D+03    |proj g|=  3.92614D+00

At iterate   94    f=  6.08773D+03    |proj g|=  5.17033D+00

At iterate   95    f=  6.08760D+03    |proj g|=  6.59898D+00

At iterate   96    f=  6.08745D+03    |proj g|=  7.44332D+00

At iterate   97    f=  6.08728D+03    |proj g|=  9.07504D+00

At iterate   98    f=  6.08705D+03    |proj g|=  8.69259D+00

At iterate   99    f=  6.08672D+03    |proj g|=  1.02776D+01

At iterate  100    f=  6.08611D+03    |proj g|=  1.76985D+01

At iterate  101    f=  6.08600D+03    |proj g|=  2.79304D+01

At iterate  102    f=  6.08496D+03    |proj g|=  1.54248D+01

At iterate  103    f=  6.08427D+03    |proj g|=  1.08106D+01

At iterate  104    f=  6.08365D+03    |proj g|=  1.10681D+01

At iterate  105    f=  6.08318D+03    |proj g|=  9.58044D+00

At iterate  106    f=  6.08274D+03    |proj g|=  2.33690D+01

At iterate  107    f=  6.08209D+03    |proj g|=  2.25594D+01

At iterate  108    f=  6.08131D+03    |proj g|=  1.10733D+01

At iterate  109    f=  6.08108D+03    |proj g|=  1.07968D+01

At iterate  110    f=  6.08071D+03    |proj g|=  6.14592D+00

At iterate  111    f=  6.08047D+03    |proj g|=  7.45622D+00

At iterate  112    f=  6.08027D+03    |proj g|=  1.37713D+01

At iterate  113    f=  6.07986D+03    |proj g|=  1.20807D+01

At iterate  114    f=  6.07918D+03    |proj g|=  1.14203D+01

At iterate  115    f=  6.07840D+03    |proj g|=  1.39202D+01

At iterate  116    f=  6.07822D+03    |proj g|=  3.47504D+01

At iterate  117    f=  6.07783D+03    |proj g|=  3.29162D+01

At iterate  118    f=  6.07718D+03    |proj g|=  1.32295D+01

At iterate  119    f=  6.07666D+03    |proj g|=  7.34582D+00

At iterate  120    f=  6.07614D+03    |proj g|=  1.85257D+01

At iterate  121    f=  6.07554D+03    |proj g|=  1.81865D+01

At iterate  122    f=  6.07466D+03    |proj g|=  1.35866D+01

At iterate  123    f=  6.07406D+03    |proj g|=  2.59099D+01

At iterate  124    f=  6.07348D+03    |proj g|=  2.48882D+01

At iterate  125    f=  6.07248D+03    |proj g|=  1.12967D+01

At iterate  126    f=  6.07186D+03    |proj g|=  1.22183D+01

At iterate  127    f=  6.07127D+03    |proj g|=  1.58947D+01

At iterate  128    f=  6.07088D+03    |proj g|=  1.16297D+01

At iterate  129    f=  6.07033D+03    |proj g|=  1.02532D+01

At iterate  130    f=  6.07008D+03    |proj g|=  1.21472D+01

At iterate  131    f=  6.06979D+03    |proj g|=  7.76694D+00

At iterate  132    f=  6.06953D+03    |proj g|=  1.76748D+01

At iterate  133    f=  6.06924D+03    |proj g|=  1.17536D+01

At iterate  134    f=  6.06895D+03    |proj g|=  6.34772D+00

At iterate  135    f=  6.06876D+03    |proj g|=  8.48122D+00

At iterate  136    f=  6.06858D+03    |proj g|=  7.83053D+00

At iterate  137    f=  6.06842D+03    |proj g|=  1.07317D+01

At iterate  138    f=  6.06822D+03    |proj g|=  5.60178D+00

At iterate  139    f=  6.06801D+03    |proj g|=  6.26683D+00

At iterate  140    f=  6.06784D+03    |proj g|=  6.42367D+00

At iterate  141    f=  6.06760D+03    |proj g|=  6.56064D+00

At iterate  142    f=  6.06724D+03    |proj g|=  1.32296D+01

At iterate  143    f=  6.06671D+03    |proj g|=  1.56774D+01

At iterate  144    f=  6.06640D+03    |proj g|=  1.26598D+01

At iterate  145    f=  6.06608D+03    |proj g|=  1.16875D+01

At iterate  146    f=  6.06560D+03    |proj g|=  1.03833D+01

At iterate  147    f=  6.06520D+03    |proj g|=  8.38777D+00

At iterate  148    f=  6.06480D+03    |proj g|=  1.20931D+01

At iterate  149    f=  6.06438D+03    |proj g|=  1.80084D+01

At iterate  150    f=  6.06415D+03    |proj g|=  1.43590D+01

At iterate  151    f=  6.06356D+03    |proj g|=  1.24115D+01

At iterate  152    f=  6.06301D+03    |proj g|=  1.39866D+01

At iterate  153    f=  6.06268D+03    |proj g|=  1.35655D+01

At iterate  154    f=  6.06209D+03    |proj g|=  2.02807D+01

At iterate  155    f=  6.06148D+03    |proj g|=  2.06979D+01

At iterate  156    f=  6.06076D+03    |proj g|=  1.67027D+01

At iterate  157    f=  6.06031D+03    |proj g|=  9.48516D+00

At iterate  158    f=  6.06009D+03    |proj g|=  9.01037D+00

At iterate  159    f=  6.05991D+03    |proj g|=  6.61760D+00

At iterate  160    f=  6.05975D+03    |proj g|=  1.49058D+01

At iterate  161    f=  6.05940D+03    |proj g|=  1.59768D+01

At iterate  162    f=  6.05919D+03    |proj g|=  1.71317D+01

At iterate  163    f=  6.05872D+03    |proj g|=  2.11647D+01

At iterate  164    f=  6.05810D+03    |proj g|=  2.43490D+01

At iterate  165    f=  6.05752D+03    |proj g|=  1.45963D+01

At iterate  166    f=  6.05717D+03    |proj g|=  1.28884D+01

At iterate  167    f=  6.05692D+03    |proj g|=  8.74010D+00

At iterate  168    f=  6.05678D+03    |proj g|=  9.40663D+00

At iterate  169    f=  6.05660D+03    |proj g|=  5.37683D+00

At iterate  170    f=  6.05648D+03    |proj g|=  5.00605D+00

At iterate  171    f=  6.05637D+03    |proj g|=  3.92853D+00

At iterate  172    f=  6.05631D+03    |proj g|=  4.79975D+00

At iterate  173    f=  6.05620D+03    |proj g|=  3.44501D+00

At iterate  174    f=  6.05613D+03    |proj g|=  3.35124D+00

At iterate  175    f=  6.05604D+03    |proj g|=  5.20905D+00

At iterate  176    f=  6.05591D+03    |proj g|=  7.00701D+00

At iterate  177    f=  6.05580D+03    |proj g|=  1.33902D+01

At iterate  178    f=  6.05559D+03    |proj g|=  6.46436D+00

At iterate  179    f=  6.05547D+03    |proj g|=  6.08600D+00

At iterate  180    f=  6.05543D+03    |proj g|=  9.93984D+00

At iterate  181    f=  6.05534D+03    |proj g|=  5.65245D+00

At iterate  182    f=  6.05529D+03    |proj g|=  2.19550D+00

At iterate  183    f=  6.05526D+03    |proj g|=  2.12688D+00

At iterate  184    f=  6.05523D+03    |proj g|=  4.56295D+00

At iterate  185    f=  6.05521D+03    |proj g|=  2.51800D+00

At iterate  186    f=  6.05518D+03    |proj g|=  1.66658D+00

At iterate  187    f=  6.05514D+03    |proj g|=  1.70093D+00

At iterate  188    f=  6.05513D+03    |proj g|=  2.93430D+00

At iterate  189    f=  6.05511D+03    |proj g|=  1.29918D+00

At iterate  190    f=  6.05510D+03    |proj g|=  1.07164D+00

At iterate  191    f=  6.05509D+03    |proj g|=  9.31863D-01

At iterate  192    f=  6.05507D+03    |proj g|=  1.83823D+00

At iterate  193    f=  6.05507D+03    |proj g|=  1.65168D+00

At iterate  194    f=  6.05507D+03    |proj g|=  7.95508D-01

At iterate  195    f=  6.05506D+03    |proj g|=  6.88855D-01

At iterate  196    f=  6.05506D+03    |proj g|=  5.93005D-01

At iterate  197    f=  6.05506D+03    |proj g|=  9.43377D-01

At iterate  198    f=  6.05506D+03    |proj g|=  6.42029D-01

At iterate  199    f=  6.05506D+03    |proj g|=  6.29189D-01

At iterate  200    f=  6.05505D+03    |proj g|=  6.96672D-01

At iterate  201    f=  6.05505D+03    |proj g|=  6.95319D-01

At iterate  202    f=  6.05505D+03    |proj g|=  9.41799D-01

At iterate  203    f=  6.05505D+03    |proj g|=  4.75117D-01

At iterate  204    f=  6.05505D+03    |proj g|=  3.74700D-01

At iterate  205    f=  6.05504D+03    |proj g|=  3.06687D-01

At iterate  206    f=  6.05504D+03    |proj g|=  7.71256D-01

At iterate  207    f=  6.05504D+03    |proj g|=  3.29525D-01

At iterate  208    f=  6.05504D+03    |proj g|=  2.40950D-01

At iterate  209    f=  6.05504D+03    |proj g|=  1.88812D-01

At iterate  210    f=  6.05504D+03    |proj g|=  4.48960D-01

At iterate  211    f=  6.05504D+03    |proj g|=  1.84474D-01

At iterate  212    f=  6.05504D+03    |proj g|=  1.59832D-01

At iterate  213    f=  6.05504D+03    |proj g|=  1.51573D-01

At iterate  214    f=  6.05504D+03    |proj g|=  4.02943D-01

At iterate  215    f=  6.05504D+03    |proj g|=  1.38917D-01

At iterate  216    f=  6.05504D+03    |proj g|=  1.59043D-01

At iterate  217    f=  6.05504D+03    |proj g|=  2.26220D-01

At iterate  218    f=  6.05504D+03    |proj g|=  1.63356D-01

At iterate  219    f=  6.05504D+03    |proj g|=  1.30467D-01

At iterate  220    f=  6.05504D+03    |proj g|=  1.35131D-01

At iterate  221    f=  6.05504D+03    |proj g|=  1.18755D-01

At iterate  222    f=  6.05504D+03    |proj g|=  1.25586D-01

At iterate  223    f=  6.05504D+03    |proj g|=  1.25353D-01

At iterate  224    f=  6.05504D+03    |proj g|=  8.49647D-02

At iterate  225    f=  6.05504D+03    |proj g|=  6.85197D-02

At iterate  226    f=  6.05504D+03    |proj g|=  5.81633D-02

At iterate  227    f=  6.05504D+03    |proj g|=  6.97511D-02

At iterate  228    f=  6.05504D+03    |proj g|=  8.56836D-02

At iterate  229    f=  6.05504D+03    |proj g|=  4.07412D-02

At iterate  230    f=  6.05504D+03    |proj g|=  3.13372D-02

At iterate  231    f=  6.05504D+03    |proj g|=  2.64955D-02

At iterate  232    f=  6.05504D+03    |proj g|=  2.76437D-02

At iterate  233    f=  6.05504D+03    |proj g|=  3.28045D-02

At iterate  234    f=  6.05504D+03    |proj g|=  1.56877D-02

At iterate  235    f=  6.05504D+03    |proj g|=  1.29631D-02

At iterate  236    f=  6.05504D+03    |proj g|=  1.52529D-02

At iterate  237    f=  6.05504D+03    |proj g|=  1.47169D-02

At iterate  238    f=  6.05504D+03    |proj g|=  9.62524D-03

At iterate  239    f=  6.05504D+03    |proj g|=  6.61712D-03

At iterate  240    f=  6.05504D+03    |proj g|=  6.48016D-03

At iterate  241    f=  6.05504D+03    |proj g|=  1.91293D-02

At iterate  242    f=  6.05504D+03    |proj g|=  5.60286D-03

At iterate  243    f=  6.05504D+03    |proj g|=  4.27518D-03

At iterate  244    f=  6.05504D+03    |proj g|=  5.05102D-03

At iterate  245    f=  6.05504D+03    |proj g|=  1.59004D-02

           * * *

Tit   = total number of iterations
Tnf   = total number of function evaluations
Tnint = total number of segments explored during Cauchy searches
Skip  = number of BFGS updates skipped
Nact  = number of active bounds at final generalized Cauchy point
Projg = norm of the final projected gradient
F     = final function value

           * * *

   N    Tit     Tnf  Tnint  Skip  Nact     Projg        F
  927    245    263      1     0     0   1.590D-02   6.055D+03
  F =   6055.0381514495166     

CONVERGENCE: REL_REDUCTION_OF_F_<=_FACTR*EPSMCH             

 Cauchy                time 0.000E+00 seconds.
 Subspace minimization time 0.000E+00 seconds.
 Line search           time 0.000E+00 seconds.

 Total User time 0.000E+00 seconds.

RUNNING THE L-BFGS-B CODE

           * * *

Machine precision = 2.220D-16
 N =          927     M =           10

At X0         0 variables are exactly at the bounds

At iterate    0    f=  8.21514D+06    |proj g|=  3.31566D+04

At iterate    1    f=  3.87695D+06    |proj g|=  2.18192D+04

At iterate    2    f=  1.56516D+04    |proj g|=  2.33076D+03

At iterate    3    f=  1.35531D+04    |proj g|=  1.19563D+03

At iterate    4    f=  1.26305D+04    |proj g|=  2.18252D+02

At iterate    5    f=  1.21913D+04    |proj g|=  2.67987D+02

At iterate    6    f=  1.14953D+04    |proj g|=  5.11675D+02

At iterate    7    f=  1.10855D+04    |proj g|=  7.44346D+02

At iterate    8    f=  1.04621D+04    |proj g|=  8.39549D+02

At iterate    9    f=  9.39630D+03    |proj g|=  5.89587D+02

At iterate   10    f=  7.94118D+03    |proj g|=  3.69719D+02

At iterate   11    f=  7.39471D+03    |proj g|=  3.30543D+02

At iterate   12    f=  7.00045D+03    |proj g|=  8.11591D+02

At iterate   13    f=  6.64355D+03    |proj g|=  1.92141D+02

At iterate   14    f=  6.44033D+03    |proj g|=  2.54029D+02

At iterate   15    f=  6.19657D+03    |proj g|=  3.09776D+02

At iterate   16    f=  6.00855D+03    |proj g|=  2.24407D+02

At iterate   17    f=  5.82718D+03    |proj g|=  2.39555D+02

At iterate   18    f=  5.71128D+03    |proj g|=  1.68280D+02

At iterate   19    f=  5.60037D+03    |proj g|=  1.69249D+02

At iterate   20    f=  5.52807D+03    |proj g|=  1.49306D+02

At iterate   21    f=  5.47188D+03    |proj g|=  1.85583D+02

At iterate   22    f=  5.40601D+03    |proj g|=  1.72543D+02

At iterate   23    f=  5.38380D+03    |proj g|=  9.61449D+01

At iterate   24    f=  5.34709D+03    |proj g|=  7.99844D+01

At iterate   25    f=  5.32591D+03    |proj g|=  1.63873D+02

At iterate   26    f=  5.30533D+03    |proj g|=  5.64820D+01

At iterate   27    f=  5.28318D+03    |proj g|=  7.74129D+01

At iterate   28    f=  5.25864D+03    |proj g|=  5.51705D+01

At iterate   29    f=  5.24687D+03    |proj g|=  1.20237D+02

At iterate   30    f=  5.22708D+03    |proj g|=  1.28966D+02

At iterate   31    f=  5.20825D+03    |proj g|=  9.51953D+01

At iterate   32    f=  5.18890D+03    |proj g|=  1.03615D+02

At iterate   33    f=  5.17734D+03    |proj g|=  1.89650D+02

At iterate   34    f=  5.15845D+03    |proj g|=  1.05443D+02

At iterate   35    f=  5.14078D+03    |proj g|=  9.31500D+01

At iterate   36    f=  5.12841D+03    |proj g|=  1.26308D+02

At iterate   37    f=  5.11896D+03    |proj g|=  6.20808D+01

At iterate   38    f=  5.11074D+03    |proj g|=  5.42954D+01

At iterate   39    f=  5.10507D+03    |proj g|=  6.62261D+01

At iterate   40    f=  5.09491D+03    |proj g|=  1.15882D+02

At iterate   41    f=  5.08613D+03    |proj g|=  1.24754D+02

At iterate   42    f=  5.07110D+03    |proj g|=  1.44681D+02

At iterate   43    f=  5.05425D+03    |proj g|=  1.25488D+02

At iterate   44    f=  5.04857D+03    |proj g|=  1.28107D+02

At iterate   45    f=  5.04042D+03    |proj g|=  7.40639D+01

At iterate   46    f=  5.03300D+03    |proj g|=  1.66290D+02

At iterate   47    f=  5.02581D+03    |proj g|=  6.38502D+01

At iterate   48    f=  5.01724D+03    |proj g|=  6.22355D+01

At iterate   49    f=  5.01166D+03    |proj g|=  1.30625D+02

At iterate   50    f=  5.00486D+03    |proj g|=  5.31106D+01

At iterate   51    f=  5.00050D+03    |proj g|=  5.17340D+01

At iterate   52    f=  4.99811D+03    |proj g|=  4.81483D+01

At iterate   53    f=  4.99671D+03    |proj g|=  2.43149D+01

At iterate   54    f=  4.99570D+03    |proj g|=  1.48983D+01

At iterate   55    f=  4.99495D+03    |proj g|=  2.06822D+01

At iterate   56    f=  4.99434D+03    |proj g|=  1.54385D+01

At iterate   57    f=  4.99361D+03    |proj g|=  1.28063D+01

At iterate   58    f=  4.99331D+03    |proj g|=  8.81909D+00

At iterate   59    f=  4.99307D+03    |proj g|=  6.97836D+00

At iterate   60    f=  4.99296D+03    |proj g|=  5.75701D+00

At iterate   61    f=  4.99272D+03    |proj g|=  5.60040D+00

At iterate   62    f=  4.99249D+03    |proj g|=  5.44810D+00

At iterate   63    f=  4.99229D+03    |proj g|=  1.13251D+01

At iterate   64    f=  4.99197D+03    |proj g|=  8.72281D+00

At iterate   65    f=  4.99171D+03    |proj g|=  7.29601D+00

At iterate   66    f=  4.99159D+03    |proj g|=  9.89301D+00

At iterate   67    f=  4.99145D+03    |proj g|=  7.40961D+00

At iterate   68    f=  4.99128D+03    |proj g|=  7.87102D+00

At iterate   69    f=  4.99117D+03    |proj g|=  4.35372D+00

At iterate   70    f=  4.99112D+03    |proj g|=  4.89619D+00

At iterate   71    f=  4.99102D+03    |proj g|=  5.42532D+00

At iterate   72    f=  4.99097D+03    |proj g|=  6.64252D+00

At iterate   73    f=  4.99084D+03    |proj g|=  4.49469D+00

At iterate   74    f=  4.99071D+03    |proj g|=  3.82681D+00

At iterate   75    f=  4.99063D+03    |proj g|=  3.23312D+00

At iterate   76    f=  4.99054D+03    |proj g|=  4.70176D+00

At iterate   77    f=  4.99046D+03    |proj g|=  4.95854D+00

At iterate   78    f=  4.99038D+03    |proj g|=  4.44921D+00

At iterate   79    f=  4.99027D+03    |proj g|=  7.63994D+00

At iterate   80    f=  4.99018D+03    |proj g|=  7.47235D+00

At iterate   81    f=  4.99010D+03    |proj g|=  5.96577D+00

At iterate   82    f=  4.99003D+03    |proj g|=  3.59201D+00

At iterate   83    f=  4.99002D+03    |proj g|=  6.13451D+00

At iterate   84    f=  4.98997D+03    |proj g|=  2.41680D+00

At iterate   85    f=  4.98994D+03    |proj g|=  1.76241D+00

At iterate   86    f=  4.98992D+03    |proj g|=  2.43732D+00

At iterate   87    f=  4.98991D+03    |proj g|=  1.57854D+00

At iterate   88    f=  4.98990D+03    |proj g|=  1.25339D+00

At iterate   89    f=  4.98989D+03    |proj g|=  1.18606D+00

At iterate   90    f=  4.98989D+03    |proj g|=  9.42945D-01

At iterate   91    f=  4.98989D+03    |proj g|=  1.45722D+00

At iterate   92    f=  4.98988D+03    |proj g|=  1.09502D+00

At iterate   93    f=  4.98988D+03    |proj g|=  4.66780D-01

At iterate   94    f=  4.98988D+03    |proj g|=  2.98071D-01

At iterate   95    f=  4.98988D+03    |proj g|=  2.44400D-01

At iterate   96    f=  4.98988D+03    |proj g|=  3.68497D-01

At iterate   97    f=  4.98988D+03    |proj g|=  1.87985D-01

At iterate   98    f=  4.98988D+03    |proj g|=  1.74583D-01

At iterate   99    f=  4.98988D+03    |proj g|=  1.46170D-01

At iterate  100    f=  4.98988D+03    |proj g|=  3.02280D-01

At iterate  101    f=  4.98988D+03    |proj g|=  1.36620D-01

At iterate  102    f=  4.98988D+03    |proj g|=  1.11287D-01

At iterate  103    f=  4.98988D+03    |proj g|=  1.31589D-01

At iterate  104    f=  4.98988D+03    |proj g|=  1.34616D-01

At iterate  105    f=  4.98988D+03    |proj g|=  2.37527D-01

At iterate  106    f=  4.98988D+03    |proj g|=  2.20651D-01

At iterate  107    f=  4.98988D+03    |proj g|=  2.40584D-01

At iterate  108    f=  4.98988D+03    |proj g|=  4.78830D-01

At iterate  109    f=  4.98987D+03    |proj g|=  2.43490D+00

At iterate  110    f=  4.98987D+03    |proj g|=  2.68856D+00

At iterate  111    f=  4.98987D+03    |proj g|=  4.50463D+00

At iterate  112    f=  4.98986D+03    |proj g|=  5.07691D+00

At iterate  113    f=  4.98985D+03    |proj g|=  6.02513D+00

At iterate  114    f=  4.98983D+03    |proj g|=  6.92068D+00

At iterate  115    f=  4.98978D+03    |proj g|=  8.41955D+00

At iterate  116    f=  4.98974D+03    |proj g|=  1.12207D+01

At iterate  117    f=  4.98965D+03    |proj g|=  9.11795D+00

At iterate  118    f=  4.98955D+03    |proj g|=  1.32986D+01

At iterate  119    f=  4.98883D+03    |proj g|=  1.27633D+01

At iterate  120    f=  4.98842D+03    |proj g|=  9.79345D+00

At iterate  121    f=  4.98809D+03    |proj g|=  7.70415D+00

At iterate  122    f=  4.98795D+03    |proj g|=  7.29300D+00

At iterate  123    f=  4.98773D+03    |proj g|=  8.64515D+00

At iterate  124    f=  4.98753D+03    |proj g|=  4.65169D+00

At iterate  125    f=  4.98741D+03    |proj g|=  4.37103D+00

At iterate  126    f=  4.98733D+03    |proj g|=  5.35583D+00

At iterate  127    f=  4.98728D+03    |proj g|=  5.30664D+00

At iterate  128    f=  4.98722D+03    |proj g|=  2.42506D+00

At iterate  129    f=  4.98720D+03    |proj g|=  2.41691D+00

At iterate  130    f=  4.98719D+03    |proj g|=  1.90771D+00

At iterate  131    f=  4.98717D+03    |proj g|=  1.57914D+00

At iterate  132    f=  4.98716D+03    |proj g|=  1.33307D+00

At iterate  133    f=  4.98715D+03    |proj g|=  1.44280D+00

At iterate  134    f=  4.98714D+03    |proj g|=  1.43222D+00

At iterate  135    f=  4.98713D+03    |proj g|=  1.14583D+00

At iterate  136    f=  4.98713D+03    |proj g|=  1.03907D+00

At iterate  137    f=  4.98712D+03    |proj g|=  7.57283D-01
/mnt/storage3b/projects/no_ngsd/ahthapp1_T2T_ONT/bin/ASHIC/ashic/../ashic/optimization/rmds.py:119: RuntimeWarning:

divide by zero encountered in divide

/mnt/storage3b/projects/no_ngsd/ahthapp1_T2T_ONT/bin/ASHIC/ashic/../ashic/optimization/rmds.py:175: RuntimeWarning:

divide by zero encountered in divide


At iterate  138    f=  4.98712D+03    |proj g|=  5.59724D-01

At iterate  139    f=  4.98712D+03    |proj g|=  5.59519D-01

At iterate  140    f=  4.98711D+03    |proj g|=  4.75241D-01

At iterate  141    f=  4.98711D+03    |proj g|=  4.75040D-01

At iterate  142    f=  4.98711D+03    |proj g|=  3.12334D-01

At iterate  143    f=  4.98711D+03    |proj g|=  5.38895D-01

At iterate  144    f=  4.98711D+03    |proj g|=  1.93340D-01

At iterate  145    f=  4.98711D+03    |proj g|=  1.50143D-01

At iterate  146    f=  4.98711D+03    |proj g|=  1.54382D-01

At iterate  147    f=  4.98711D+03    |proj g|=  1.59492D-01

At iterate  148    f=  4.98711D+03    |proj g|=  1.52416D-01

At iterate  149    f=  4.98711D+03    |proj g|=  1.51552D-01

At iterate  150    f=  4.98711D+03    |proj g|=  1.49676D-01

At iterate  151    f=  4.98711D+03    |proj g|=  1.35099D-01

At iterate  152    f=  4.98711D+03    |proj g|=  2.13304D-01

At iterate  153    f=  4.98711D+03    |proj g|=  1.30915D-01

At iterate  154    f=  4.98711D+03    |proj g|=  1.84541D-01

At iterate  155    f=  4.98711D+03    |proj g|=  1.49877D-01

At iterate  156    f=  4.98711D+03    |proj g|=  1.19857D-01

At iterate  157    f=  4.98711D+03    |proj g|=  7.81745D-02

At iterate  158    f=  4.98711D+03    |proj g|=  7.59657D-02

At iterate  159    f=  4.98711D+03    |proj g|=  7.15492D-02

At iterate  160    f=  4.98711D+03    |proj g|=  7.19395D-02

At iterate  161    f=  4.98711D+03    |proj g|=  6.94041D-02

At iterate  162    f=  4.98711D+03    |proj g|=  5.75899D-02

At iterate  163    f=  4.98711D+03    |proj g|=  4.07222D-02

At iterate  164    f=  4.98711D+03    |proj g|=  7.13794D-02

At iterate  165    f=  4.98711D+03    |proj g|=  2.32666D-02

At iterate  166    f=  4.98711D+03    |proj g|=  2.14280D-02

At iterate  167    f=  4.98711D+03    |proj g|=  2.01059D-02

At iterate  168    f=  4.98711D+03    |proj g|=  7.68349D-02

At iterate  169    f=  4.98711D+03    |proj g|=  1.20066D-02

At iterate  170    f=  4.98711D+03    |proj g|=  9.53675D-03

At iterate  171    f=  4.98711D+03    |proj g|=  8.64139D-03

At iterate  172    f=  4.98711D+03    |proj g|=  1.27182D-02

At iterate  173    f=  4.98711D+03    |proj g|=  6.60053D-03

At iterate  174    f=  4.98711D+03    |proj g|=  6.35724D-03

At iterate  175    f=  4.98711D+03    |proj g|=  6.10100D-03

At iterate  176    f=  4.98711D+03    |proj g|=  6.71817D-03

At iterate  177    f=  4.98711D+03    |proj g|=  5.18589D-03

At iterate  178    f=  4.98711D+03    |proj g|=  5.04905D-03

           * * *

Tit   = total number of iterations
Tnf   = total number of function evaluations
Tnint = total number of segments explored during Cauchy searches
Skip  = number of BFGS updates skipped
Nact  = number of active bounds at final generalized Cauchy point
Projg = norm of the final projected gradient
F     = final function value

           * * *

   N    Tit     Tnf  Tnint  Skip  Nact     Projg        F
  927    178    208      1     0     0   5.049D-03   4.987D+03
  F =   4987.1082469715311     

CONVERGENCE: REL_REDUCTION_OF_F_<=_FACTR*EPSMCH             

 Cauchy                time 0.000E+00 seconds.
 Subspace minimization time 0.000E+00 seconds.
 Line search           time 0.000E+00 seconds.

 Total User time 0.000E+00 seconds.

RUNNING THE L-BFGS-B CODE

           * * *

Machine precision = 2.220D-16
 N =            6     M =           10

At X0         0 variables are exactly at the bounds

At iterate    0    f=  6.83367D+03    |proj g|=  3.78727D+00

At iterate    1    f=  6.48511D+03    |proj g|=  3.14159D+00

At iterate    2    f=  6.37786D+03    |proj g|=  2.76459D+00

At iterate    3    f=  6.23481D+03    |proj g|=  6.28319D+00

At iterate    4    f=  6.23458D+03    |proj g|=  6.25440D+00

At iterate    5    f=  6.23226D+03    |proj g|=  5.88787D+00

At iterate    6    f=  6.22958D+03    |proj g|=  5.42460D+00

At iterate    7    f=  6.22704D+03    |proj g|=  4.92447D+00

At iterate    8    f=  6.22491D+03    |proj g|=  4.44211D+00

At iterate    9    f=  6.22011D+03    |proj g|=  4.46466D+00

At iterate   10    f=  6.21638D+03    |proj g|=  1.53343D+00
/mnt/storage3b/projects/no_ngsd/ahthapp1_T2T_ONT/bin/ASHIC/ashic/../ashic/model/zipoissonhuman.py:81: RuntimeWarning:

invalid value encountered in divide

/mnt/storage3b/projects/no_ngsd/ahthapp1_T2T_ONT/bin/ASHIC/ashic/../ashic/model/zipoissonhuman.py:23: RuntimeWarning:

divide by zero encountered in power

/mnt/storage3b/projects/no_ngsd/ahthapp1_T2T_ONT/bin/ASHIC/ashic/../ashic/model/zipoissonhuman.py:372: RuntimeWarning:

Mean of empty slice

No assignable probabilities provided! Will calculated using observed data.
No initial gamma values provided! Initialize with random instead.
Assignable probabilities are calculated using observed data.
/mnt/storage3b/projects/no_ngsd/ahthapp1_T2T_ONT/bin/ASHIC/ashic/../ashic/optimization/zipdmodel.py:10: RuntimeWarning:

divide by zero encountered in power

/mnt/storage3b/projects/no_ngsd/ahthapp1_T2T_ONT/bin/ASHIC/ashic/../ashic/optimization/zipdmodel.py:41: RuntimeWarning:

divide by zero encountered in power


At iterate   11    f=  6.21630D+03    |proj g|=  6.43933D-01

At iterate   12    f=  6.21630D+03    |proj g|=  4.35370D-02

At iterate   13    f=  6.21630D+03    |proj g|=  1.86625D-03

           * * *

Tit   = total number of iterations
Tnf   = total number of function evaluations
Tnint = total number of segments explored during Cauchy searches
Skip  = number of BFGS updates skipped
Nact  = number of active bounds at final generalized Cauchy point
Projg = norm of the final projected gradient
F     = final function value

           * * *

   N    Tit     Tnf  Tnint  Skip  Nact     Projg        F
    6     13     17     18     0     4   1.866D-03   6.216D+03
  F =   6216.2977564018720     

CONVERGENCE: REL_REDUCTION_OF_F_<=_FACTR*EPSMCH             

 Cauchy                time 0.000E+00 seconds.
 Subspace minimization time 0.000E+00 seconds.
 Line search           time 0.000E+00 seconds.

 Total User time 0.000E+00 seconds.

RUNNING THE L-BFGS-B CODE

           * * *

Machine precision = 2.220D-16
 N =            6     M =           10

At X0         0 variables are exactly at the bounds

At iterate    0    f=  7.06468D+03    |proj g|=  5.60318D+00

At iterate    1    f=  6.52557D+03    |proj g|=  6.28319D+00

At iterate    2    f=  6.33421D+03    |proj g|=  6.28319D+00

At iterate    3    f=  6.24878D+03    |proj g|=  6.28319D+00

At iterate    4    f=  6.24110D+03    |proj g|=  6.28319D+00

At iterate    5    f=  6.24053D+03    |proj g|=  3.42597D+00

At iterate    6    f=  6.24045D+03    |proj g|=  3.79043D+00
  ys=-7.115E-03  -gs= 8.017E-02 BFGS update SKIPPED

At iterate    7    f=  6.22859D+03    |proj g|=  3.53188D+00

At iterate    8    f=  6.22855D+03    |proj g|=  3.48920D+00

At iterate    9    f=  6.22789D+03    |proj g|=  1.74695D+00

At iterate   10    f=  6.21755D+03    |proj g|=  4.21716D+00

At iterate   11    f=  6.20902D+03    |proj g|=  1.37216D+00

At iterate   12    f=  6.20831D+03    |proj g|=  2.35438D+00

At iterate   13    f=  6.20829D+03    |proj g|=  5.23021D-01

At iterate   14    f=  6.20828D+03    |proj g|=  4.23430D-01

At iterate   15    f=  6.20828D+03    |proj g|=  3.67853D-02

At iterate   16    f=  6.20828D+03    |proj g|=  1.83822D-03

           * * *

Tit   = total number of iterations
Tnf   = total number of function evaluations
Tnint = total number of segments explored during Cauchy searches
Skip  = number of BFGS updates skipped
Nact  = number of active bounds at final generalized Cauchy point
Projg = norm of the final projected gradient
F     = final function value

           * * *

   N    Tit     Tnf  Tnint  Skip  Nact     Projg        F
    6     16     23     24     1     2   1.838D-03   6.208D+03
  F =   6208.2804548465137     

CONVERGENCE: REL_REDUCTION_OF_F_<=_FACTR*EPSMCH             

 Cauchy                time 0.000E+00 seconds.
 Subspace minimization time 0.000E+00 seconds.
 Line search           time 0.000E+00 seconds.

 Total User time 0.000E+00 seconds.

RUNNING THE L-BFGS-B CODE

           * * *

Machine precision = 2.220D-16
 N =          927     M =           10

At X0         0 variables are exactly at the bounds

At iterate    0    f= -4.73562D+07    |proj g|=  8.34326D+07

At iterate    1    f= -5.89584D+07    |proj g|=  5.19475D+08

At iterate    2    f= -6.35841D+07    |proj g|=  1.04181D+09

At iterate    3    f= -7.30304D+07    |proj g|=  1.39703D+08

At iterate    4    f= -7.49669D+07    |proj g|=  2.88305D+07

At iterate    5    f= -7.79613D+07    |proj g|=  2.30968D+07

At iterate    6    f= -8.22916D+07    |proj g|=  1.06600D+07

At iterate    7    f= -8.51792D+07    |proj g|=  5.98050D+06

At iterate    8    f= -8.77079D+07    |proj g|=  7.64081D+06

At iterate    9    f= -8.89132D+07    |proj g|=  1.07987D+07

At iterate   10    f= -8.95939D+07    |proj g|=  2.03777D+07

At iterate   11    f= -8.99965D+07    |proj g|=  3.03499D+06

At iterate   12    f= -9.03015D+07    |proj g|=  1.73384D+06

At iterate   13    f= -9.09299D+07    |proj g|=  5.30664D+06

At iterate   14    f= -9.13408D+07    |proj g|=  2.00534D+06

At iterate   15    f= -9.16389D+07    |proj g|=  1.44636D+06

At iterate   16    f= -9.19577D+07    |proj g|=  1.03011D+06

At iterate   17    f= -9.22198D+07    |proj g|=  1.33099D+06

At iterate   18    f= -9.23841D+07    |proj g|=  1.70175D+06

At iterate   19    f= -9.26421D+07    |proj g|=  1.06952D+06

At iterate   20    f= -9.27902D+07    |proj g|=  7.68389D+05

At iterate   21    f= -9.29478D+07    |proj g|=  9.18402D+05

At iterate   22    f= -9.30957D+07    |proj g|=  1.22727D+06

At iterate   23    f= -9.32453D+07    |proj g|=  7.44980D+05

At iterate   24    f= -9.33658D+07    |proj g|=  8.58738D+05

At iterate   25    f= -9.34766D+07    |proj g|=  8.12040D+05

At iterate   26    f= -9.35876D+07    |proj g|=  8.83390D+05

At iterate   27    f= -9.36990D+07    |proj g|=  8.20615D+05

At iterate   28    f= -9.37858D+07    |proj g|=  6.32145D+05

At iterate   29    f= -9.38630D+07    |proj g|=  9.47345D+05

At iterate   30    f= -9.39414D+07    |proj g|=  4.95064D+05

At iterate   31    f= -9.40109D+07    |proj g|=  3.72149D+05

At iterate   32    f= -9.40559D+07    |proj g|=  8.33829D+05

At iterate   33    f= -9.40939D+07    |proj g|=  1.28901D+06

At iterate   34    f= -9.41436D+07    |proj g|=  3.74827D+05

At iterate   35    f= -9.41828D+07    |proj g|=  3.81467D+05

At iterate   36    f= -9.42131D+07    |proj g|=  5.83059D+05

At iterate   37    f= -9.42575D+07    |proj g|=  4.73298D+05

At iterate   38    f= -9.42957D+07    |proj g|=  3.68762D+05

At iterate   39    f= -9.43299D+07    |proj g|=  3.16900D+05

At iterate   40    f= -9.43617D+07    |proj g|=  4.71053D+05

At iterate   41    f= -9.43880D+07    |proj g|=  3.61059D+05

At iterate   42    f= -9.44052D+07    |proj g|=  3.09121D+05

At iterate   43    f= -9.44253D+07    |proj g|=  4.34137D+05

At iterate   44    f= -9.44511D+07    |proj g|=  3.85127D+05

At iterate   45    f= -9.44710D+07    |proj g|=  1.85327D+05

At iterate   46    f= -9.44865D+07    |proj g|=  4.16990D+05

At iterate   47    f= -9.45045D+07    |proj g|=  2.62354D+05

At iterate   48    f= -9.45232D+07    |proj g|=  4.49514D+05

At iterate   49    f= -9.45465D+07    |proj g|=  4.24786D+05

At iterate   50    f= -9.45699D+07    |proj g|=  3.80021D+05

At iterate   51    f= -9.45974D+07    |proj g|=  3.88797D+05

At iterate   52    f= -9.46113D+07    |proj g|=  8.50864D+05

At iterate   53    f= -9.46478D+07    |proj g|=  8.52915D+05

At iterate   54    f= -9.46866D+07    |proj g|=  6.05042D+05

At iterate   55    f= -9.47098D+07    |proj g|=  5.67620D+05

At iterate   56    f= -9.47292D+07    |proj g|=  2.29430D+05

At iterate   57    f= -9.47430D+07    |proj g|=  2.57375D+05

At iterate   58    f= -9.47550D+07    |proj g|=  3.50628D+05

At iterate   59    f= -9.47667D+07    |proj g|=  2.21468D+05

At iterate   60    f= -9.47769D+07    |proj g|=  2.29995D+05

At iterate   61    f= -9.47846D+07    |proj g|=  3.83369D+05

At iterate   62    f= -9.47915D+07    |proj g|=  1.48826D+05

At iterate   63    f= -9.47986D+07    |proj g|=  2.50208D+05

At iterate   64    f= -9.48056D+07    |proj g|=  1.82680D+05

At iterate   65    f= -9.48141D+07    |proj g|=  2.04967D+05

At iterate   66    f= -9.48222D+07    |proj g|=  1.59591D+05

At iterate   67    f= -9.48307D+07    |proj g|=  2.06154D+05

At iterate   68    f= -9.48384D+07    |proj g|=  2.37380D+05

At iterate   69    f= -9.48457D+07    |proj g|=  2.50741D+05

At iterate   70    f= -9.48552D+07    |proj g|=  2.63557D+05

At iterate   71    f= -9.48633D+07    |proj g|=  7.42021D+05

At iterate   72    f= -9.48735D+07    |proj g|=  1.93799D+05

At iterate   73    f= -9.48781D+07    |proj g|=  1.56990D+05

At iterate   74    f= -9.48849D+07    |proj g|=  2.52484D+05

At iterate   75    f= -9.48911D+07    |proj g|=  3.06527D+05

At iterate   76    f= -9.48968D+07    |proj g|=  1.47645D+05

At iterate   77    f= -9.49008D+07    |proj g|=  1.36473D+05

At iterate   78    f= -9.49051D+07    |proj g|=  1.55840D+05

At iterate   79    f= -9.49087D+07    |proj g|=  3.84700D+05

At iterate   80    f= -9.49126D+07    |proj g|=  9.49664D+04

At iterate   81    f= -9.49157D+07    |proj g|=  1.52523D+05

At iterate   82    f= -9.49187D+07    |proj g|=  2.16758D+05

At iterate   83    f= -9.49229D+07    |proj g|=  2.86221D+05

At iterate   84    f= -9.49289D+07    |proj g|=  2.36154D+05

At iterate   85    f= -9.49343D+07    |proj g|=  1.57264D+05

At iterate   86    f= -9.49401D+07    |proj g|=  1.91994D+05

At iterate   87    f= -9.49454D+07    |proj g|=  2.89153D+05

At iterate   88    f= -9.49510D+07    |proj g|=  2.31350D+05

At iterate   89    f= -9.49545D+07    |proj g|=  1.66899D+05

At iterate   90    f= -9.49587D+07    |proj g|=  1.79666D+05

At iterate   91    f= -9.49634D+07    |proj g|=  2.46198D+05

At iterate   92    f= -9.49676D+07    |proj g|=  1.39662D+05

At iterate   93    f= -9.49695D+07    |proj g|=  4.08049D+05

At iterate   94    f= -9.49740D+07    |proj g|=  1.86322D+05

At iterate   95    f= -9.49775D+07    |proj g|=  1.19130D+05

At iterate   96    f= -9.49832D+07    |proj g|=  1.66521D+05

At iterate   97    f= -9.49878D+07    |proj g|=  2.54939D+05

At iterate   98    f= -9.49945D+07    |proj g|=  1.75318D+05

At iterate   99    f= -9.49985D+07    |proj g|=  4.21356D+05

At iterate  100    f= -9.50014D+07    |proj g|=  2.25654D+05

At iterate  101    f= -9.50071D+07    |proj g|=  1.79997D+05

At iterate  102    f= -9.50108D+07    |proj g|=  1.31036D+05

At iterate  103    f= -9.50151D+07    |proj g|=  1.99604D+05

At iterate  104    f= -9.50193D+07    |proj g|=  1.78273D+05

At iterate  105    f= -9.50231D+07    |proj g|=  2.81523D+05

At iterate  106    f= -9.50268D+07    |proj g|=  1.82048D+05

At iterate  107    f= -9.50313D+07    |proj g|=  2.45034D+05

At iterate  108    f= -9.50368D+07    |proj g|=  2.45459D+05

At iterate  109    f= -9.50427D+07    |proj g|=  3.55509D+05

At iterate  110    f= -9.50506D+07    |proj g|=  3.41328D+05

At iterate  111    f= -9.50556D+07    |proj g|=  2.70961D+05

At iterate  112    f= -9.50615D+07    |proj g|=  2.36446D+05

At iterate  113    f= -9.50677D+07    |proj g|=  2.05039D+05

At iterate  114    f= -9.50714D+07    |proj g|=  1.82440D+05

At iterate  115    f= -9.50737D+07    |proj g|=  2.68772D+05

At iterate  116    f= -9.50769D+07    |proj g|=  2.01763D+05

At iterate  117    f= -9.50792D+07    |proj g|=  9.82319D+04

At iterate  118    f= -9.50821D+07    |proj g|=  9.23380D+04

At iterate  119    f= -9.50844D+07    |proj g|=  2.10882D+05

At iterate  120    f= -9.50867D+07    |proj g|=  9.41029D+04

At iterate  121    f= -9.50882D+07    |proj g|=  5.31269D+04

At iterate  122    f= -9.50894D+07    |proj g|=  1.29775D+05

At iterate  123    f= -9.50906D+07    |proj g|=  9.40747D+04

At iterate  124    f= -9.50915D+07    |proj g|=  3.84466D+04

At iterate  125    f= -9.50925D+07    |proj g|=  8.11264D+04

At iterate  126    f= -9.50933D+07    |proj g|=  1.02259D+05

At iterate  127    f= -9.50941D+07    |proj g|=  6.36493D+04

At iterate  128    f= -9.50949D+07    |proj g|=  3.88140D+04

At iterate  129    f= -9.50956D+07    |proj g|=  6.40885D+04

At iterate  130    f= -9.50965D+07    |proj g|=  6.58445D+04

At iterate  131    f= -9.50973D+07    |proj g|=  4.00728D+04

At iterate  132    f= -9.50982D+07    |proj g|=  5.93999D+04

At iterate  133    f= -9.50988D+07    |proj g|=  9.87944D+04

At iterate  134    f= -9.50999D+07    |proj g|=  1.14130D+05

At iterate  135    f= -9.51007D+07    |proj g|=  4.83000D+04

At iterate  136    f= -9.51014D+07    |proj g|=  5.18228D+04

At iterate  137    f= -9.51022D+07    |proj g|=  1.21890D+05

At iterate  138    f= -9.51029D+07    |proj g|=  1.11603D+05

At iterate  139    f= -9.51036D+07    |proj g|=  5.20833D+04

At iterate  140    f= -9.51040D+07    |proj g|=  4.34466D+04

At iterate  141    f= -9.51045D+07    |proj g|=  5.80004D+04

At iterate  142    f= -9.51050D+07    |proj g|=  1.01840D+05

At iterate  143    f= -9.51054D+07    |proj g|=  3.62172D+04

At iterate  144    f= -9.51058D+07    |proj g|=  4.22423D+04

At iterate  145    f= -9.51063D+07    |proj g|=  7.62329D+04

At iterate  146    f= -9.51068D+07    |proj g|=  1.26357D+05

At iterate  147    f= -9.51076D+07    |proj g|=  6.26400D+04

At iterate  148    f= -9.51084D+07    |proj g|=  7.77152D+04

At iterate  149    f= -9.51091D+07    |proj g|=  1.01369D+05

At iterate  150    f= -9.51103D+07    |proj g|=  8.53942D+04

At iterate  151    f= -9.51115D+07    |proj g|=  1.19967D+05

At iterate  152    f= -9.51125D+07    |proj g|=  7.76623D+04

At iterate  153    f= -9.51129D+07    |proj g|=  1.05881D+05

At iterate  154    f= -9.51137D+07    |proj g|=  8.42430D+04

At iterate  155    f= -9.51144D+07    |proj g|=  7.79827D+04

At iterate  156    f= -9.51151D+07    |proj g|=  7.70476D+04

At iterate  157    f= -9.51162D+07    |proj g|=  2.31831D+05

At iterate  158    f= -9.51176D+07    |proj g|=  1.58321D+05

At iterate  159    f= -9.51199D+07    |proj g|=  1.54050D+05

At iterate  160    f= -9.51217D+07    |proj g|=  3.32615D+05

At iterate  161    f= -9.51244D+07    |proj g|=  2.40883D+05

At iterate  162    f= -9.51251D+07    |proj g|=  1.83677D+05

At iterate  163    f= -9.51267D+07    |proj g|=  9.75530D+04

At iterate  164    f= -9.51279D+07    |proj g|=  1.14883D+05

At iterate  165    f= -9.51293D+07    |proj g|=  1.05660D+05

At iterate  166    f= -9.51306D+07    |proj g|=  1.90736D+05

At iterate  167    f= -9.51319D+07    |proj g|=  9.77046D+04

At iterate  168    f= -9.51330D+07    |proj g|=  5.47138D+04

At iterate  169    f= -9.51343D+07    |proj g|=  9.19782D+04

At iterate  170    f= -9.51351D+07    |proj g|=  1.42600D+05

At iterate  171    f= -9.51364D+07    |proj g|=  5.85756D+04

At iterate  172    f= -9.51374D+07    |proj g|=  6.76065D+04

At iterate  173    f= -9.51380D+07    |proj g|=  8.10462D+04

At iterate  174    f= -9.51387D+07    |proj g|=  6.22499D+04

At iterate  175    f= -9.51390D+07    |proj g|=  7.12037D+04

At iterate  176    f= -9.51393D+07    |proj g|=  1.26055D+05

At iterate  177    f= -9.51398D+07    |proj g|=  6.35624D+04

At iterate  178    f= -9.51401D+07    |proj g|=  3.72436D+04

At iterate  179    f= -9.51406D+07    |proj g|=  3.49690D+04

At iterate  180    f= -9.51411D+07    |proj g|=  8.01706D+04

At iterate  181    f= -9.51414D+07    |proj g|=  8.49207D+04

At iterate  182    f= -9.51417D+07    |proj g|=  2.56962D+04

At iterate  183    f= -9.51419D+07    |proj g|=  2.87533D+04

At iterate  184    f= -9.51421D+07    |proj g|=  4.91094D+04

At iterate  185    f= -9.51423D+07    |proj g|=  1.21403D+05

At iterate  186    f= -9.51426D+07    |proj g|=  2.22267D+04

At iterate  187    f= -9.51427D+07    |proj g|=  4.11013D+04

At iterate  188    f= -9.51429D+07    |proj g|=  5.32117D+04

At iterate  189    f= -9.51430D+07    |proj g|=  1.08944D+05

At iterate  190    f= -9.51433D+07    |proj g|=  4.35301D+04

At iterate  191    f= -9.51435D+07    |proj g|=  3.31299D+04

At iterate  192    f= -9.51436D+07    |proj g|=  4.24636D+04

At iterate  193    f= -9.51438D+07    |proj g|=  4.36808D+04

At iterate  194    f= -9.51440D+07    |proj g|=  5.53046D+04

At iterate  195    f= -9.51441D+07    |proj g|=  2.37494D+04

At iterate  196    f= -9.51442D+07    |proj g|=  3.32408D+04

At iterate  197    f= -9.51443D+07    |proj g|=  3.39168D+04

At iterate  198    f= -9.51444D+07    |proj g|=  4.12270D+04

At iterate  199    f= -9.51445D+07    |proj g|=  1.10020D+04

At iterate  200    f= -9.51446D+07    |proj g|=  1.98421D+04

           * * *

Tit   = total number of iterations
Tnf   = total number of function evaluations
Tnint = total number of segments explored during Cauchy searches
Skip  = number of BFGS updates skipped
Nact  = number of active bounds at final generalized Cauchy point
Projg = norm of the final projected gradient
F     = final function value

           * * *

   N    Tit     Tnf  Tnint  Skip  Nact     Projg        F
  927    200    207      1     0     0   1.984D+04  -9.514D+07
  F =  -95144599.304560214     

STOP: TOTAL NO. of ITERATIONS REACHED LIMIT                 

 Cauchy                time 0.000E+00 seconds.
 Subspace minimization time 0.000E+00 seconds.
 Line search           time 0.000E+00 seconds.

 Total User time 0.000E+00 seconds.

RUNNING THE L-BFGS-B CODE

           * * *

Machine precision = 2.220D-16
 N =          927     M =           10

At X0         0 variables are exactly at the bounds

At iterate    0    f= -5.27092D+07    |proj g|=  5.03484D+07

At iterate    1    f= -5.50895D+07    |proj g|=  9.36846D+08

At iterate    2    f= -6.22004D+07    |proj g|=  4.46679D+08

At iterate    3    f= -6.46668D+07    |proj g|=  1.21056D+08

At iterate    4    f= -6.69417D+07    |proj g|=  6.52029D+07

At iterate    5    f= -7.07098D+07    |proj g|=  3.47153D+07

At iterate    6    f= -7.40878D+07    |proj g|=  1.56643D+07

At iterate    7    f= -7.74323D+07    |proj g|=  1.32671D+07

At iterate    8    f= -7.93672D+07    |proj g|=  3.34706D+07

At iterate    9    f= -8.25794D+07    |proj g|=  9.71366D+07

At iterate   10    f= -8.33864D+07    |proj g|=  2.92551D+07

At iterate   11    f= -8.40530D+07    |proj g|=  8.39030D+06

At iterate   12    f= -8.46927D+07    |proj g|=  3.58763D+06

At iterate   13    f= -8.58908D+07    |proj g|=  3.27519D+06

At iterate   14    f= -8.68379D+07    |proj g|=  7.93019D+06

At iterate   15    f= -8.73289D+07    |proj g|=  3.72924D+06

At iterate   16    f= -8.76907D+07    |proj g|=  1.50235D+06

At iterate   17    f= -8.79838D+07    |proj g|=  1.11438D+06

At iterate   18    f= -8.82344D+07    |proj g|=  2.59531D+06

At iterate   19    f= -8.84267D+07    |proj g|=  1.39909D+06

At iterate   20    f= -8.86489D+07    |proj g|=  9.40285D+05

At iterate   21    f= -8.88338D+07    |proj g|=  1.06025D+06

At iterate   22    f= -8.89796D+07    |proj g|=  8.27043D+05

At iterate   23    f= -8.91057D+07    |proj g|=  1.01649D+06

At iterate   24    f= -8.91911D+07    |proj g|=  9.15539D+05

At iterate   25    f= -8.92912D+07    |proj g|=  6.53868D+05

At iterate   26    f= -8.93894D+07    |proj g|=  5.21510D+05

At iterate   27    f= -8.94515D+07    |proj g|=  8.45717D+05

At iterate   28    f= -8.94991D+07    |proj g|=  5.05256D+05

At iterate   29    f= -8.95425D+07    |proj g|=  4.24380D+05

At iterate   30    f= -8.95847D+07    |proj g|=  3.24305D+05

At iterate   31    f= -8.96197D+07    |proj g|=  4.39604D+05

At iterate   32    f= -8.96545D+07    |proj g|=  5.73274D+05

At iterate   33    f= -8.96867D+07    |proj g|=  7.28059D+05

At iterate   34    f= -8.97222D+07    |proj g|=  5.06647D+05

At iterate   35    f= -8.97602D+07    |proj g|=  5.43325D+05

At iterate   36    f= -8.97809D+07    |proj g|=  3.35507D+05

At iterate   37    f= -8.97954D+07    |proj g|=  3.90786D+05

At iterate   38    f= -8.98064D+07    |proj g|=  6.00177D+05

At iterate   39    f= -8.98122D+07    |proj g|=  3.02928D+05

At iterate   40    f= -8.98210D+07    |proj g|=  2.39601D+05

At iterate   41    f= -8.98303D+07    |proj g|=  2.17504D+05

At iterate   42    f= -8.98378D+07    |proj g|=  2.55056D+05

At iterate   43    f= -8.98444D+07    |proj g|=  1.87056D+05

At iterate   44    f= -8.98505D+07    |proj g|=  1.67072D+05

At iterate   45    f= -8.98550D+07    |proj g|=  1.35658D+05

At iterate   46    f= -8.98593D+07    |proj g|=  1.21673D+05

At iterate   47    f= -8.98644D+07    |proj g|=  1.34550D+05

At iterate   48    f= -8.98673D+07    |proj g|=  4.38680D+05

At iterate   49    f= -8.98711D+07    |proj g|=  9.62921D+04

At iterate   50    f= -8.98732D+07    |proj g|=  1.30613D+05

At iterate   51    f= -8.98750D+07    |proj g|=  1.26533D+05

At iterate   52    f= -8.98775D+07    |proj g|=  1.41671D+05

At iterate   53    f= -8.98795D+07    |proj g|=  9.40617D+04

At iterate   54    f= -8.98809D+07    |proj g|=  1.86546D+05

At iterate   55    f= -8.98824D+07    |proj g|=  9.12108D+04

At iterate   56    f= -8.98838D+07    |proj g|=  8.18302D+04

At iterate   57    f= -8.98854D+07    |proj g|=  5.25781D+04

At iterate   58    f= -8.98865D+07    |proj g|=  1.43266D+05

At iterate   59    f= -8.98882D+07    |proj g|=  5.23069D+04

At iterate   60    f= -8.98899D+07    |proj g|=  6.54789D+04

At iterate   61    f= -8.98913D+07    |proj g|=  5.71639D+04

At iterate   62    f= -8.98930D+07    |proj g|=  1.02052D+05

At iterate   63    f= -8.98941D+07    |proj g|=  1.82834D+05

At iterate   64    f= -8.98956D+07    |proj g|=  5.41196D+04

At iterate   65    f= -8.98964D+07    |proj g|=  5.38397D+04

At iterate   66    f= -8.98970D+07    |proj g|=  6.00042D+04

At iterate   67    f= -8.98979D+07    |proj g|=  1.11806D+05

At iterate   68    f= -8.98988D+07    |proj g|=  3.95369D+04

At iterate   69    f= -8.98994D+07    |proj g|=  3.62128D+04

At iterate   70    f= -8.99001D+07    |proj g|=  6.13044D+04

At iterate   71    f= -8.99008D+07    |proj g|=  1.22546D+05

At iterate   72    f= -8.99017D+07    |proj g|=  3.18072D+04

At iterate   73    f= -8.99024D+07    |proj g|=  5.24455D+04

At iterate   74    f= -8.99031D+07    |proj g|=  7.44557D+04

At iterate   75    f= -8.99034D+07    |proj g|=  1.16623D+05

At iterate   76    f= -8.99046D+07    |proj g|=  5.99310D+04

At iterate   77    f= -8.99050D+07    |proj g|=  2.93702D+04

At iterate   78    f= -8.99055D+07    |proj g|=  5.00540D+04

At iterate   79    f= -8.99059D+07    |proj g|=  6.93402D+04

At iterate   80    f= -8.99064D+07    |proj g|=  3.15199D+04

At iterate   81    f= -8.99067D+07    |proj g|=  2.43874D+04

At iterate   82    f= -8.99070D+07    |proj g|=  6.28151D+04

At iterate   83    f= -8.99074D+07    |proj g|=  3.78709D+04

At iterate   84    f= -8.99077D+07    |proj g|=  5.04259D+04

At iterate   85    f= -8.99079D+07    |proj g|=  1.91938D+04

At iterate   86    f= -8.99081D+07    |proj g|=  2.55927D+04

At iterate   87    f= -8.99083D+07    |proj g|=  3.48215D+04

At iterate   88    f= -8.99084D+07    |proj g|=  2.19632D+04

At iterate   89    f= -8.99086D+07    |proj g|=  2.18532D+04

At iterate   90    f= -8.99087D+07    |proj g|=  2.69501D+04

At iterate   91    f= -8.99089D+07    |proj g|=  3.85414D+04

At iterate   92    f= -8.99090D+07    |proj g|=  1.64598D+04

At iterate   93    f= -8.99092D+07    |proj g|=  1.23781D+04

At iterate   94    f= -8.99093D+07    |proj g|=  5.75879D+04

At iterate   95    f= -8.99095D+07    |proj g|=  3.55766D+04

At iterate   96    f= -8.99097D+07    |proj g|=  2.15381D+04

At iterate   97    f= -8.99098D+07    |proj g|=  3.86041D+04

At iterate   98    f= -8.99100D+07    |proj g|=  3.80781D+04

At iterate   99    f= -8.99102D+07    |proj g|=  4.89239D+04

At iterate  100    f= -8.99104D+07    |proj g|=  1.98020D+04

At iterate  101    f= -8.99106D+07    |proj g|=  2.16719D+04

At iterate  102    f= -8.99108D+07    |proj g|=  4.36573D+04

At iterate  103    f= -8.99110D+07    |proj g|=  4.17482D+04

At iterate  104    f= -8.99113D+07    |proj g|=  5.93342D+04

At iterate  105    f= -8.99119D+07    |proj g|=  9.03217D+04

At iterate  106    f= -8.99126D+07    |proj g|=  1.24428D+05

At iterate  107    f= -8.99139D+07    |proj g|=  1.24659D+05

At iterate  108    f= -8.99145D+07    |proj g|=  1.79031D+05

At iterate  109    f= -8.99162D+07    |proj g|=  6.52176D+04

At iterate  110    f= -8.99170D+07    |proj g|=  1.40819D+05

At iterate  111    f= -8.99178D+07    |proj g|=  5.15104D+04

At iterate  112    f= -8.99181D+07    |proj g|=  2.76354D+04

At iterate  113    f= -8.99186D+07    |proj g|=  1.00435D+05

At iterate  114    f= -8.99188D+07    |proj g|=  3.66920D+04

At iterate  115    f= -8.99190D+07    |proj g|=  2.11820D+04

At iterate  116    f= -8.99191D+07    |proj g|=  1.61006D+04

At iterate  117    f= -8.99193D+07    |proj g|=  3.93378D+04

At iterate  118    f= -8.99194D+07    |proj g|=  3.92661D+04

At iterate  119    f= -8.99195D+07    |proj g|=  1.31352D+04

At iterate  120    f= -8.99195D+07    |proj g|=  1.17095D+04

At iterate  121    f= -8.99196D+07    |proj g|=  3.07628D+04

At iterate  122    f= -8.99197D+07    |proj g|=  2.17758D+04

At iterate  123    f= -8.99197D+07    |proj g|=  7.51345D+03

At iterate  124    f= -8.99197D+07    |proj g|=  8.99669D+03

At iterate  125    f= -8.99198D+07    |proj g|=  3.67402D+04

At iterate  126    f= -8.99198D+07    |proj g|=  9.82787D+03

At iterate  127    f= -8.99198D+07    |proj g|=  4.41183D+03

At iterate  128    f= -8.99199D+07    |proj g|=  8.02452D+03

At iterate  129    f= -8.99199D+07    |proj g|=  1.16532D+04

At iterate  130    f= -8.99199D+07    |proj g|=  5.75701D+03

At iterate  131    f= -8.99199D+07    |proj g|=  7.58585D+03

At iterate  132    f= -8.99200D+07    |proj g|=  1.42253D+04

At iterate  133    f= -8.99200D+07    |proj g|=  9.62264D+03

At iterate  134    f= -8.99200D+07    |proj g|=  1.94039D+04
/mnt/storage3b/projects/no_ngsd/ahthapp1_T2T_ONT/bin/ASHIC/ashic/../ashic/model/zipoissonhuman.py:107: RuntimeWarning:

divide by zero encountered in log

/mnt/storage3b/projects/no_ngsd/ahthapp1_T2T_ONT/bin/ASHIC/ashic/../ashic/model/zipoissonhuman.py:108: RuntimeWarning:

divide by zero encountered in log


At iterate  135    f= -8.99200D+07    |proj g|=  1.20385D+04

At iterate  136    f= -8.99200D+07    |proj g|=  9.70105D+03

At iterate  137    f= -8.99200D+07    |proj g|=  5.86709D+03

At iterate  138    f= -8.99200D+07    |proj g|=  2.50193D+04

At iterate  139    f= -8.99201D+07    |proj g|=  6.96724D+03

At iterate  140    f= -8.99201D+07    |proj g|=  3.65475D+03

At iterate  141    f= -8.99201D+07    |proj g|=  6.89172D+03

At iterate  142    f= -8.99201D+07    |proj g|=  6.92286D+03

At iterate  143    f= -8.99201D+07    |proj g|=  1.50571D+04

At iterate  144    f= -8.99201D+07    |proj g|=  3.98932D+03

At iterate  145    f= -8.99201D+07    |proj g|=  2.99691D+03

At iterate  146    f= -8.99201D+07    |proj g|=  1.37133D+04

At iterate  147    f= -8.99201D+07    |proj g|=  4.04430D+03

At iterate  148    f= -8.99201D+07    |proj g|=  2.27513D+03

At iterate  149    f= -8.99201D+07    |proj g|=  4.32372D+03

At iterate  150    f= -8.99201D+07    |proj g|=  4.17015D+03

At iterate  151    f= -8.99201D+07    |proj g|=  2.52975D+03

At iterate  152    f= -8.99201D+07    |proj g|=  1.31547D+03

At iterate  153    f= -8.99201D+07    |proj g|=  2.92466D+03

At iterate  154    f= -8.99201D+07    |proj g|=  1.93209D+03

At iterate  155    f= -8.99201D+07    |proj g|=  4.73674D+03

At iterate  156    f= -8.99201D+07    |proj g|=  1.23885D+03

At iterate  157    f= -8.99201D+07    |proj g|=  1.44965D+03

At iterate  158    f= -8.99201D+07    |proj g|=  2.18289D+03

At iterate  159    f= -8.99201D+07    |proj g|=  6.48899D+03

At iterate  160    f= -8.99201D+07    |proj g|=  1.09033D+03

At iterate  161    f= -8.99201D+07    |proj g|=  6.47093D+02

At iterate  162    f= -8.99201D+07    |proj g|=  1.65978D+03

At iterate  163    f= -8.99201D+07    |proj g|=  4.59319D+03

           * * *

Tit   = total number of iterations
Tnf   = total number of function evaluations
Tnint = total number of segments explored during Cauchy searches
Skip  = number of BFGS updates skipped
Nact  = number of active bounds at final generalized Cauchy point
Projg = norm of the final projected gradient
F     = final function value

           * * *

   N    Tit     Tnf  Tnint  Skip  Nact     Projg        F
  927    163    169      1     0     0   4.593D+03  -8.992D+07
  F =  -89920126.304873168     

CONVERGENCE: REL_REDUCTION_OF_F_<=_FACTR*EPSMCH             

 Cauchy                time 0.000E+00 seconds.
 Subspace minimization time 0.000E+00 seconds.
 Line search           time 0.000E+00 seconds.

 Total User time 0.000E+00 seconds.

RUNNING THE L-BFGS-B CODE

           * * *

Machine precision = 2.220D-16
 N =            6     M =           10

At X0         0 variables are exactly at the bounds

At iterate    0    f=  8.20689D+04    |proj g|=  6.31576D+02

At iterate    1    f=  8.19858D+04    |proj g|=  2.03993D+02

At iterate    2    f=  8.19710D+04    |proj g|=  1.39914D+02

At iterate    3    f=  8.19565D+04    |proj g|=  1.37153D+02

At iterate    4    f=  8.19531D+04    |proj g|=  1.03241D+02

At iterate    5    f=  8.19515D+04    |proj g|=  2.57176D+01

At iterate    6    f=  8.19515D+04    |proj g|=  7.95990D-01

At iterate    7    f=  8.19515D+04    |proj g|=  2.45927D-01

           * * *

Tit   = total number of iterations
Tnf   = total number of function evaluations
Tnint = total number of segments explored during Cauchy searches
Skip  = number of BFGS updates skipped
Nact  = number of active bounds at final generalized Cauchy point
Projg = norm of the final projected gradient
F     = final function value

           * * *

   N    Tit     Tnf  Tnint  Skip  Nact     Projg        F
    6      7      9      1     0     0   2.459D-01   8.195D+04
  F =   81951.456000825070     

CONVERGENCE: REL_REDUCTION_OF_F_<=_FACTR*EPSMCH             

 Cauchy                time 0.000E+00 seconds.
 Subspace minimization time 0.000E+00 seconds.
 Line search           time 0.000E+00 seconds.

 Total User time 0.000E+00 seconds.

RUNNING THE L-BFGS-B CODE

           * * *

Machine precision = 2.220D-16
 N =          927     M =           10

At X0         0 variables are exactly at the bounds

At iterate    0    f= -9.40966D+07    |proj g|=  2.51899D+05

At iterate    1    f= -9.41247D+07    |proj g|=  2.40407D+05

At iterate    2    f= -9.41375D+07    |proj g|=  1.36746D+05

At iterate    3    f= -9.41488D+07    |proj g|=  1.10202D+05

At iterate    4    f= -9.41554D+07    |proj g|=  4.90313D+05

At iterate    5    f= -9.41614D+07    |proj g|=  1.11676D+05

At iterate    6    f= -9.41649D+07    |proj g|=  1.32959D+05

At iterate    7    f= -9.41687D+07    |proj g|=  1.87235D+05

At iterate    8    f= -9.41706D+07    |proj g|=  4.78355D+05

At iterate    9    f= -9.41743D+07    |proj g|=  7.44559D+04

At iterate   10    f= -9.41753D+07    |proj g|=  6.12223D+04

At iterate   11    f= -9.41768D+07    |proj g|=  1.13291D+05

At iterate   12    f= -9.41780D+07    |proj g|=  2.19368D+05

At iterate   13    f= -9.41792D+07    |proj g|=  6.01887D+04

At iterate   14    f= -9.41798D+07    |proj g|=  4.04052D+04

At iterate   15    f= -9.41804D+07    |proj g|=  7.87594D+04

At iterate   16    f= -9.41810D+07    |proj g|=  1.19244D+05

At iterate   17    f= -9.41815D+07    |proj g|=  4.39274D+04

At iterate   18    f= -9.41816D+07    |proj g|=  1.33474D+04

At iterate   19    f= -9.41818D+07    |proj g|=  2.78911D+04

At iterate   20    f= -9.41820D+07    |proj g|=  3.08346D+04

At iterate   21    f= -9.41821D+07    |proj g|=  1.84254D+04

At iterate   22    f= -9.41822D+07    |proj g|=  1.72067D+04

At iterate   23    f= -9.41822D+07    |proj g|=  1.64453D+04

At iterate   24    f= -9.41823D+07    |proj g|=  1.72726D+04

At iterate   25    f= -9.41823D+07    |proj g|=  2.88417D+04

At iterate   26    f= -9.41824D+07    |proj g|=  8.57969D+03

At iterate   27    f= -9.41824D+07    |proj g|=  7.03690D+03

At iterate   28    f= -9.41824D+07    |proj g|=  9.25003D+03

At iterate   29    f= -9.41824D+07    |proj g|=  3.53142D+04

At iterate   30    f= -9.41825D+07    |proj g|=  5.25560D+03

At iterate   31    f= -9.41825D+07    |proj g|=  4.51073D+03

At iterate   32    f= -9.41825D+07    |proj g|=  6.63055D+03

At iterate   33    f= -9.41825D+07    |proj g|=  1.76813D+04

At iterate   34    f= -9.41825D+07    |proj g|=  4.67238D+03

At iterate   35    f= -9.41825D+07    |proj g|=  2.68866D+03

At iterate   36    f= -9.41825D+07    |proj g|=  3.59470D+03

At iterate   37    f= -9.41825D+07    |proj g|=  4.36888D+03

At iterate   38    f= -9.41825D+07    |proj g|=  1.37309D+04

At iterate   39    f= -9.41825D+07    |proj g|=  3.41599D+03

At iterate   40    f= -9.41825D+07    |proj g|=  1.51963D+03

At iterate   41    f= -9.41825D+07    |proj g|=  6.71846D+03

At iterate   42    f= -9.41825D+07    |proj g|=  4.25592D+03

At iterate   43    f= -9.41825D+07    |proj g|=  1.57557D+03

At iterate   44    f= -9.41825D+07    |proj g|=  2.80208D+03

At iterate   45    f= -9.41825D+07    |proj g|=  3.46924D+03

At iterate   46    f= -9.41825D+07    |proj g|=  1.76781D+03

At iterate   47    f= -9.41825D+07    |proj g|=  5.68789D+03

At iterate   48    f= -9.41825D+07    |proj g|=  1.73323D+03

At iterate   49    f= -9.41825D+07    |proj g|=  1.51674D+03

At iterate   50    f= -9.41825D+07    |proj g|=  3.05152D+03

At iterate   51    f= -9.41825D+07    |proj g|=  2.47785D+03

At iterate   52    f= -9.41825D+07    |proj g|=  1.15434D+03

At iterate   53    f= -9.41825D+07    |proj g|=  1.78208D+03

At iterate   54    f= -9.41825D+07    |proj g|=  2.76572D+03

At iterate   55    f= -9.41825D+07    |proj g|=  3.04235D+03

At iterate   56    f= -9.41825D+07    |proj g|=  1.25701D+03

At iterate   57    f= -9.41825D+07    |proj g|=  1.50937D+03

At iterate   58    f= -9.41825D+07    |proj g|=  3.30527D+03

At iterate   59    f= -9.41825D+07    |proj g|=  3.42492D+03

At iterate   60    f= -9.41825D+07    |proj g|=  9.32297D+02

At iterate   61    f= -9.41825D+07    |proj g|=  1.01651D+03

At iterate   62    f= -9.41825D+07    |proj g|=  1.88318D+03

At iterate   63    f= -9.41825D+07    |proj g|=  5.39842D+03

           * * *

Tit   = total number of iterations
Tnf   = total number of function evaluations
Tnint = total number of segments explored during Cauchy searches
Skip  = number of BFGS updates skipped
Nact  = number of active bounds at final generalized Cauchy point
Projg = norm of the final projected gradient
F     = final function value

           * * *

   N    Tit     Tnf  Tnint  Skip  Nact     Projg        F
  927     63     67      1     0     0   5.398D+03  -9.418D+07
  F =  -94182547.852458030     

CONVERGENCE: REL_REDUCTION_OF_F_<=_FACTR*EPSMCH             

 Cauchy                time 0.000E+00 seconds.
 Subspace minimization time 0.000E+00 seconds.
 Line search           time 0.000E+00 seconds.

 Total User time 0.000E+00 seconds.

RUNNING THE L-BFGS-B CODE

           * * *

Machine precision = 2.220D-16
 N =          927     M =           10

At X0         0 variables are exactly at the bounds

At iterate    0    f= -9.23054D+07    |proj g|=  2.50911D+05

At iterate    1    f= -9.23359D+07    |proj g|=  3.50004D+05

At iterate    2    f= -9.23502D+07    |proj g|=  2.76868D+05

At iterate    3    f= -9.23602D+07    |proj g|=  1.33650D+05

At iterate    4    f= -9.23681D+07    |proj g|=  4.54634D+05

At iterate    5    f= -9.23733D+07    |proj g|=  1.89530D+05

At iterate    6    f= -9.23763D+07    |proj g|=  1.32365D+05

At iterate    7    f= -9.23798D+07    |proj g|=  9.27912D+04

At iterate    8    f= -9.23814D+07    |proj g|=  2.69694D+05

At iterate    9    f= -9.23833D+07    |proj g|=  6.55011D+04

At iterate   10    f= -9.23844D+07    |proj g|=  5.76722D+04

At iterate   11    f= -9.23855D+07    |proj g|=  8.63439D+04

At iterate   12    f= -9.23866D+07    |proj g|=  2.08362D+05

At iterate   13    f= -9.23877D+07    |proj g|=  5.79994D+04

At iterate   14    f= -9.23882D+07    |proj g|=  3.03700D+04

At iterate   15    f= -9.23890D+07    |proj g|=  5.45282D+04

At iterate   16    f= -9.23896D+07    |proj g|=  9.38118D+04

At iterate   17    f= -9.23903D+07    |proj g|=  4.36726D+04

At iterate   18    f= -9.23909D+07    |proj g|=  3.12582D+04

At iterate   19    f= -9.23913D+07    |proj g|=  4.16116D+04

At iterate   20    f= -9.23918D+07    |proj g|=  6.52266D+04

At iterate   21    f= -9.23922D+07    |proj g|=  3.24291D+04

At iterate   22    f= -9.23925D+07    |proj g|=  2.27324D+04

At iterate   23    f= -9.23928D+07    |proj g|=  3.45050D+04

At iterate   24    f= -9.23931D+07    |proj g|=  9.04020D+04

At iterate   25    f= -9.23933D+07    |proj g|=  2.44696D+04

At iterate   26    f= -9.23934D+07    |proj g|=  1.91268D+04

At iterate   27    f= -9.23936D+07    |proj g|=  3.52633D+04

At iterate   28    f= -9.23937D+07    |proj g|=  1.08462D+05

At iterate   29    f= -9.23939D+07    |proj g|=  1.41086D+04

At iterate   30    f= -9.23940D+07    |proj g|=  1.78922D+04

At iterate   31    f= -9.23941D+07    |proj g|=  3.13910D+04

At iterate   32    f= -9.23942D+07    |proj g|=  3.85287D+04

At iterate   33    f= -9.23943D+07    |proj g|=  1.53889D+04

At iterate   34    f= -9.23944D+07    |proj g|=  1.02087D+04

At iterate   35    f= -9.23945D+07    |proj g|=  2.68732D+04

At iterate   36    f= -9.23945D+07    |proj g|=  2.35007D+04

At iterate   37    f= -9.23946D+07    |proj g|=  1.48810D+04

At iterate   38    f= -9.23946D+07    |proj g|=  1.06275D+04

At iterate   39    f= -9.23947D+07    |proj g|=  2.02813D+04

At iterate   40    f= -9.23947D+07    |proj g|=  1.09482D+04

At iterate   41    f= -9.23947D+07    |proj g|=  2.07817D+04

At iterate   42    f= -9.23948D+07    |proj g|=  2.89632D+04

At iterate   43    f= -9.23948D+07    |proj g|=  1.18202D+04

At iterate   44    f= -9.23949D+07    |proj g|=  1.04653D+04

At iterate   45    f= -9.23949D+07    |proj g|=  1.25014D+04

At iterate   46    f= -9.23949D+07    |proj g|=  3.52708D+04

At iterate   47    f= -9.23950D+07    |proj g|=  8.81489D+03

At iterate   48    f= -9.23950D+07    |proj g|=  6.77302D+03

At iterate   49    f= -9.23950D+07    |proj g|=  1.23769D+04

At iterate   50    f= -9.23950D+07    |proj g|=  1.42047D+04

At iterate   51    f= -9.23950D+07    |proj g|=  5.46032D+03

At iterate   52    f= -9.23950D+07    |proj g|=  5.51557D+03

At iterate   53    f= -9.23950D+07    |proj g|=  5.28708D+03

At iterate   54    f= -9.23950D+07    |proj g|=  1.70495D+04

At iterate   55    f= -9.23951D+07    |proj g|=  3.23346D+03

At iterate   56    f= -9.23951D+07    |proj g|=  2.36269D+03

At iterate   57    f= -9.23951D+07    |proj g|=  2.98492D+03

At iterate   58    f= -9.23951D+07    |proj g|=  9.63782D+03

At iterate   59    f= -9.23951D+07    |proj g|=  1.65637D+03

At iterate   60    f= -9.23951D+07    |proj g|=  1.03492D+03

At iterate   61    f= -9.23951D+07    |proj g|=  1.45958D+03

At iterate   62    f= -9.23951D+07    |proj g|=  3.11903D+03

At iterate   63    f= -9.23951D+07    |proj g|=  3.78095D+03

At iterate   64    f= -9.23951D+07    |proj g|=  6.83190D+02

At iterate   65    f= -9.23951D+07    |proj g|=  1.15437D+03

At iterate   66    f= -9.23951D+07    |proj g|=  2.49763D+03

At iterate   67    f= -9.23951D+07    |proj g|=  1.60802D+03

At iterate   68    f= -9.23951D+07    |proj g|=  5.93085D+02

At iterate   69    f= -9.23951D+07    |proj g|=  6.39760D+02

           * * *

Tit   = total number of iterations
Tnf   = total number of function evaluations
Tnint = total number of segments explored during Cauchy searches
Skip  = number of BFGS updates skipped
Nact  = number of active bounds at final generalized Cauchy point
Projg = norm of the final projected gradient
F     = final function value

           * * *

   N    Tit     Tnf  Tnint  Skip  Nact     Projg        F
  927     69     73      1     0     0   6.398D+02  -9.240D+07
  F =  -92395067.391222507     

CONVERGENCE: REL_REDUCTION_OF_F_<=_FACTR*EPSMCH             

 Cauchy                time 0.000E+00 seconds.
 Subspace minimization time 0.000E+00 seconds.
 Line search           time 0.000E+00 seconds.

 Total User time 0.000E+00 seconds.

RUNNING THE L-BFGS-B CODE

           * * *

Machine precision = 2.220D-16
 N =            6     M =           10

At X0         0 variables are exactly at the bounds

At iterate    0    f=  3.58389D+04    |proj g|=  6.18159D+03

At iterate    1    f=  3.42257D+04    |proj g|=  9.26338D+02

At iterate    2    f=  3.41939D+04    |proj g|=  1.40301D+02

At iterate    3    f=  3.41932D+04    |proj g|=  1.53297D+01

At iterate    4    f=  3.41932D+04    |proj g|=  5.87534D+00

At iterate    5    f=  3.41932D+04    |proj g|=  6.56873D+00

At iterate    6    f=  3.41932D+04    |proj g|=  6.54036D+00

At iterate    7    f=  3.41932D+04    |proj g|=  1.99798D+00

At iterate    8    f=  3.41932D+04    |proj g|=  1.70257D-01

At iterate    9    f=  3.41932D+04    |proj g|=  3.05590D-02

           * * *

Tit   = total number of iterations
Tnf   = total number of function evaluations
Tnint = total number of segments explored during Cauchy searches
Skip  = number of BFGS updates skipped
Nact  = number of active bounds at final generalized Cauchy point
Projg = norm of the final projected gradient
F     = final function value

           * * *

   N    Tit     Tnf  Tnint  Skip  Nact     Projg        F
    6      9     11      1     0     0   3.056D-02   3.419D+04
  F =   34193.187906707237     

CONVERGENCE: REL_REDUCTION_OF_F_<=_FACTR*EPSMCH             

 Cauchy                time 0.000E+00 seconds.
 Subspace minimization time 0.000E+00 seconds.
 Line search           time 0.000E+00 seconds.

 Total User time 0.000E+00 seconds.

RUNNING THE L-BFGS-B CODE

           * * *

Machine precision = 2.220D-16
 N =          927     M =           10

At X0         0 variables are exactly at the bounds

At iterate    0    f= -9.36807D+07    |proj g|=  8.74437D+04

At iterate    1    f= -9.36817D+07    |proj g|=  8.17175D+04

At iterate    2    f= -9.36890D+07    |proj g|=  6.94250D+04

At iterate    3    f= -9.36905D+07    |proj g|=  3.73534D+05

At iterate    4    f= -9.36934D+07    |proj g|=  9.02480D+04

At iterate    5    f= -9.36949D+07    |proj g|=  6.68296D+04

At iterate    6    f= -9.36963D+07    |proj g|=  1.06212D+05

At iterate    7    f= -9.36983D+07    |proj g|=  1.10892D+05

At iterate    8    f= -9.36993D+07    |proj g|=  1.44276D+05

At iterate    9    f= -9.37006D+07    |proj g|=  4.11262D+04

At iterate   10    f= -9.37014D+07    |proj g|=  4.35629D+04

At iterate   11    f= -9.37023D+07    |proj g|=  8.69158D+04

At iterate   12    f= -9.37029D+07    |proj g|=  1.01878D+05

At iterate   13    f= -9.37036D+07    |proj g|=  3.69934D+04

At iterate   14    f= -9.37039D+07    |proj g|=  2.90073D+04

At iterate   15    f= -9.37042D+07    |proj g|=  3.72290D+04

At iterate   16    f= -9.37045D+07    |proj g|=  8.80810D+04

At iterate   17    f= -9.37048D+07    |proj g|=  2.42020D+04

At iterate   18    f= -9.37050D+07    |proj g|=  2.38106D+04

At iterate   19    f= -9.37051D+07    |proj g|=  4.16133D+04

At iterate   20    f= -9.37053D+07    |proj g|=  3.25415D+04

At iterate   21    f= -9.37055D+07    |proj g|=  4.86398D+04

At iterate   22    f= -9.37057D+07    |proj g|=  2.25552D+04

At iterate   23    f= -9.37058D+07    |proj g|=  2.14926D+04

At iterate   24    f= -9.37060D+07    |proj g|=  2.77488D+04

At iterate   25    f= -9.37061D+07    |proj g|=  4.88441D+04

At iterate   26    f= -9.37062D+07    |proj g|=  1.34593D+04

At iterate   27    f= -9.37063D+07    |proj g|=  2.17287D+04

At iterate   28    f= -9.37064D+07    |proj g|=  2.98787D+04

At iterate   29    f= -9.37064D+07    |proj g|=  2.13185D+04

At iterate   30    f= -9.37065D+07    |proj g|=  1.60998D+04

At iterate   31    f= -9.37065D+07    |proj g|=  1.13396D+04

At iterate   32    f= -9.37065D+07    |proj g|=  6.54118D+03

At iterate   33    f= -9.37065D+07    |proj g|=  3.16604D+04

At iterate   34    f= -9.37065D+07    |proj g|=  5.08183D+03

At iterate   35    f= -9.37066D+07    |proj g|=  4.72739D+03

At iterate   36    f= -9.37066D+07    |proj g|=  6.40085D+03

At iterate   37    f= -9.37066D+07    |proj g|=  1.93120D+04

At iterate   38    f= -9.37066D+07    |proj g|=  3.87454D+03

At iterate   39    f= -9.37066D+07    |proj g|=  2.31557D+03

At iterate   40    f= -9.37066D+07    |proj g|=  5.68549D+03

At iterate   41    f= -9.37066D+07    |proj g|=  1.19769D+04

At iterate   42    f= -9.37066D+07    |proj g|=  2.64687D+03

At iterate   43    f= -9.37066D+07    |proj g|=  1.65468D+03

At iterate   44    f= -9.37066D+07    |proj g|=  4.04184D+03

At iterate   45    f= -9.37066D+07    |proj g|=  6.57116D+03

At iterate   46    f= -9.37066D+07    |proj g|=  1.60607D+03

At iterate   47    f= -9.37066D+07    |proj g|=  1.51261D+03

At iterate   48    f= -9.37066D+07    |proj g|=  2.52914D+03

At iterate   49    f= -9.37066D+07    |proj g|=  7.03989D+03

           * * *

Tit   = total number of iterations
Tnf   = total number of function evaluations
Tnint = total number of segments explored during Cauchy searches
Skip  = number of BFGS updates skipped
Nact  = number of active bounds at final generalized Cauchy point
Projg = norm of the final projected gradient
F     = final function value

           * * *

   N    Tit     Tnf  Tnint  Skip  Nact     Projg        F
  927     49     52      1     0     0   7.040D+03  -9.371D+07
  F =  -93706593.639092892     

CONVERGENCE: REL_REDUCTION_OF_F_<=_FACTR*EPSMCH             

 Cauchy                time 0.000E+00 seconds.
 Subspace minimization time 0.000E+00 seconds.
 Line search           time 0.000E+00 seconds.

 Total User time 0.000E+00 seconds.

RUNNING THE L-BFGS-B CODE

           * * *

Machine precision = 2.220D-16
 N =          927     M =           10

At X0         0 variables are exactly at the bounds

At iterate    0    f= -9.31958D+07    |proj g|=  1.04702D+05

At iterate    1    f= -9.31985D+07    |proj g|=  9.11356D+04

At iterate    2    f= -9.32061D+07    |proj g|=  8.04854D+04

At iterate    3    f= -9.32086D+07    |proj g|=  2.71811D+05

At iterate    4    f= -9.32117D+07    |proj g|=  6.05844D+04

At iterate    5    f= -9.32133D+07    |proj g|=  6.01785D+04

At iterate    6    f= -9.32146D+07    |proj g|=  8.36017D+04

At iterate    7    f= -9.32168D+07    |proj g|=  1.35862D+05

At iterate    8    f= -9.32176D+07    |proj g|=  2.07710D+05

At iterate    9    f= -9.32189D+07    |proj g|=  4.67357D+04

At iterate   10    f= -9.32195D+07    |proj g|=  4.16769D+04

At iterate   11    f= -9.32202D+07    |proj g|=  8.38856D+04

At iterate   12    f= -9.32208D+07    |proj g|=  2.70626D+05

At iterate   13    f= -9.32216D+07    |proj g|=  4.54843D+04

At iterate   14    f= -9.32221D+07    |proj g|=  4.56942D+04

At iterate   15    f= -9.32225D+07    |proj g|=  8.18692D+04

At iterate   16    f= -9.32228D+07    |proj g|=  1.51934D+05

At iterate   17    f= -9.32232D+07    |proj g|=  3.11077D+04

At iterate   18    f= -9.32233D+07    |proj g|=  2.25785D+04

At iterate   19    f= -9.32235D+07    |proj g|=  2.90840D+04

At iterate   20    f= -9.32236D+07    |proj g|=  5.65228D+04

At iterate   21    f= -9.32237D+07    |proj g|=  1.86996D+04

At iterate   22    f= -9.32238D+07    |proj g|=  1.70630D+04

At iterate   23    f= -9.32238D+07    |proj g|=  2.29681D+04

At iterate   24    f= -9.32239D+07    |proj g|=  5.39415D+04

At iterate   25    f= -9.32239D+07    |proj g|=  9.53155D+03

At iterate   26    f= -9.32240D+07    |proj g|=  9.03353D+03

At iterate   27    f= -9.32240D+07    |proj g|=  1.22378D+04

At iterate   28    f= -9.32240D+07    |proj g|=  1.72758D+04

At iterate   29    f= -9.32240D+07    |proj g|=  3.20559D+04

At iterate   30    f= -9.32240D+07    |proj g|=  3.65388D+03

At iterate   31    f= -9.32241D+07    |proj g|=  3.45367D+03

At iterate   32    f= -9.32241D+07    |proj g|=  1.08160D+04

At iterate   33    f= -9.32241D+07    |proj g|=  1.67123D+04

At iterate   34    f= -9.32241D+07    |proj g|=  3.28446D+03

At iterate   35    f= -9.32241D+07    |proj g|=  2.85039D+03

At iterate   36    f= -9.32241D+07    |proj g|=  4.02786D+03

At iterate   37    f= -9.32241D+07    |proj g|=  1.15677D+04

At iterate   38    f= -9.32241D+07    |proj g|=  1.35519D+03

At iterate   39    f= -9.32241D+07    |proj g|=  1.16872D+03

At iterate   40    f= -9.32241D+07    |proj g|=  3.20349D+03

At iterate   41    f= -9.32241D+07    |proj g|=  8.66889D+03

At iterate   42    f= -9.32241D+07    |proj g|=  1.42884D+03

At iterate   43    f= -9.32241D+07    |proj g|=  9.38852D+02

At iterate   44    f= -9.32241D+07    |proj g|=  1.26736D+03

At iterate   45    f= -9.32241D+07    |proj g|=  1.42358D+03

At iterate   46    f= -9.32241D+07    |proj g|=  3.50955D+03

At iterate   47    f= -9.32241D+07    |proj g|=  6.78027D+02

At iterate   48    f= -9.32241D+07    |proj g|=  7.96757D+02

At iterate   49    f= -9.32241D+07    |proj g|=  2.30729D+03

At iterate   50    f= -9.32241D+07    |proj g|=  2.67435D+03

           * * *

Tit   = total number of iterations
Tnf   = total number of function evaluations
Tnint = total number of segments explored during Cauchy searches
Skip  = number of BFGS updates skipped
Nact  = number of active bounds at final generalized Cauchy point
Projg = norm of the final projected gradient
F     = final function value

           * * *

   N    Tit     Tnf  Tnint  Skip  Nact     Projg        F
  927     50     53      1     0     0   2.674D+03  -9.322D+07
  F =  -93224100.956511855     

CONVERGENCE: REL_REDUCTION_OF_F_<=_FACTR*EPSMCH             

 Cauchy                time 0.000E+00 seconds.
 Subspace minimization time 0.000E+00 seconds.
 Line search           time 0.000E+00 seconds.

 Total User time 0.000E+00 seconds.

RUNNING THE L-BFGS-B CODE

           * * *

Machine precision = 2.220D-16
 N =            6     M =           10

At X0         0 variables are exactly at the bounds

At iterate    0    f=  3.01675D+04    |proj g|=  4.49771D+03

At iterate    1    f=  2.89856D+04    |proj g|=  6.12242D+02

At iterate    2    f=  2.89704D+04    |proj g|=  1.28357D+02

At iterate    3    f=  2.89695D+04    |proj g|=  6.43027D+01

At iterate    4    f=  2.89690D+04    |proj g|=  6.75202D+01

At iterate    5    f=  2.89672D+04    |proj g|=  1.01619D+02

At iterate    6    f=  2.89660D+04    |proj g|=  8.83858D+01

At iterate    7    f=  2.89658D+04    |proj g|=  5.28646D+01

At iterate    8    f=  2.89656D+04    |proj g|=  9.41509D+00

At iterate    9    f=  2.89656D+04    |proj g|=  1.14051D+00

At iterate   10    f=  2.89656D+04    |proj g|=  7.74889D-02

At iterate   11    f=  2.89656D+04    |proj g|=  7.02130D-02

           * * *

Tit   = total number of iterations
Tnf   = total number of function evaluations
Tnint = total number of segments explored during Cauchy searches
Skip  = number of BFGS updates skipped
Nact  = number of active bounds at final generalized Cauchy point
Projg = norm of the final projected gradient
F     = final function value

           * * *

   N    Tit     Tnf  Tnint  Skip  Nact     Projg        F
    6     11     14      1     0     0   7.021D-02   2.897D+04
  F =   28965.601891108010     

CONVERGENCE: REL_REDUCTION_OF_F_<=_FACTR*EPSMCH             

 Cauchy                time 0.000E+00 seconds.
 Subspace minimization time 0.000E+00 seconds.
 Line search           time 0.000E+00 seconds.

 Total User time 0.000E+00 seconds.

RUNNING THE L-BFGS-B CODE

           * * *

Machine precision = 2.220D-16
 N =          927     M =           10

At X0         0 variables are exactly at the bounds

At iterate    0    f= -9.35134D+07    |proj g|=  1.01908D+05

At iterate    1    f= -9.35169D+07    |proj g|=  1.27738D+05

At iterate    2    f= -9.35200D+07    |proj g|=  8.51523D+04

At iterate    3    f= -9.35225D+07    |proj g|=  6.33684D+04

At iterate    4    f= -9.35240D+07    |proj g|=  1.73014D+05

At iterate    5    f= -9.35253D+07    |proj g|=  7.97170D+04

At iterate    6    f= -9.35264D+07    |proj g|=  5.52155D+04

At iterate    7    f= -9.35273D+07    |proj g|=  1.03351D+05

At iterate    8    f= -9.35280D+07    |proj g|=  1.16433D+05

At iterate    9    f= -9.35286D+07    |proj g|=  2.88711D+04

At iterate   10    f= -9.35290D+07    |proj g|=  4.03930D+04

At iterate   11    f= -9.35294D+07    |proj g|=  7.77388D+04

At iterate   12    f= -9.35297D+07    |proj g|=  1.02697D+05

At iterate   13    f= -9.35301D+07    |proj g|=  1.84440D+04

At iterate   14    f= -9.35302D+07    |proj g|=  1.82745D+04

At iterate   15    f= -9.35304D+07    |proj g|=  3.45903D+04

At iterate   16    f= -9.35306D+07    |proj g|=  7.32148D+04

At iterate   17    f= -9.35308D+07    |proj g|=  2.98250D+04

At iterate   18    f= -9.35308D+07    |proj g|=  8.95500D+03

At iterate   19    f= -9.35309D+07    |proj g|=  1.71248D+04

At iterate   20    f= -9.35310D+07    |proj g|=  2.74500D+04

At iterate   21    f= -9.35310D+07    |proj g|=  1.07115D+04

At iterate   22    f= -9.35310D+07    |proj g|=  8.25982D+03

At iterate   23    f= -9.35311D+07    |proj g|=  9.24294D+03

At iterate   24    f= -9.35311D+07    |proj g|=  1.32255D+04

At iterate   25    f= -9.35311D+07    |proj g|=  1.09757D+04

At iterate   26    f= -9.35311D+07    |proj g|=  5.27903D+03

At iterate   27    f= -9.35311D+07    |proj g|=  5.62970D+03

At iterate   28    f= -9.35311D+07    |proj g|=  1.35531D+04

At iterate   29    f= -9.35311D+07    |proj g|=  8.52272D+03

At iterate   30    f= -9.35311D+07    |proj g|=  3.14936D+03

At iterate   31    f= -9.35311D+07    |proj g|=  2.34025D+03

At iterate   32    f= -9.35311D+07    |proj g|=  1.20679D+04

At iterate   33    f= -9.35311D+07    |proj g|=  4.66742D+03

At iterate   34    f= -9.35311D+07    |proj g|=  2.19928D+03

At iterate   35    f= -9.35312D+07    |proj g|=  4.77173D+03

At iterate   36    f= -9.35312D+07    |proj g|=  8.71163D+03

At iterate   37    f= -9.35312D+07    |proj g|=  2.32477D+03

At iterate   38    f= -9.35312D+07    |proj g|=  2.03265D+03

At iterate   39    f= -9.35312D+07    |proj g|=  2.78404D+03

At iterate   40    f= -9.35312D+07    |proj g|=  8.06921D+03

           * * *

Tit   = total number of iterations
Tnf   = total number of function evaluations
Tnint = total number of segments explored during Cauchy searches
Skip  = number of BFGS updates skipped
Nact  = number of active bounds at final generalized Cauchy point
Projg = norm of the final projected gradient
F     = final function value

           * * *

   N    Tit     Tnf  Tnint  Skip  Nact     Projg        F
  927     40     43      1     0     0   8.069D+03  -9.353D+07
  F =  -93531157.025432646     

CONVERGENCE: REL_REDUCTION_OF_F_<=_FACTR*EPSMCH             

 Cauchy                time 0.000E+00 seconds.
 Subspace minimization time 0.000E+00 seconds.
 Line search           time 0.000E+00 seconds.

 Total User time 0.000E+00 seconds.

RUNNING THE L-BFGS-B CODE

           * * *

Machine precision = 2.220D-16
 N =          927     M =           10

At X0         0 variables are exactly at the bounds

At iterate    0    f= -9.35622D+07    |proj g|=  1.06704D+05

At iterate    1    f= -9.35633D+07    |proj g|=  9.68127D+04

At iterate    2    f= -9.35675D+07    |proj g|=  7.82902D+04

At iterate    3    f= -9.35681D+07    |proj g|=  2.84709D+05

At iterate    4    f= -9.35699D+07    |proj g|=  7.08655D+04

At iterate    5    f= -9.35706D+07    |proj g|=  2.92347D+04

At iterate    6    f= -9.35712D+07    |proj g|=  5.41040D+04

At iterate    7    f= -9.35721D+07    |proj g|=  5.48684D+04

At iterate    8    f= -9.35725D+07    |proj g|=  9.48549D+04

At iterate    9    f= -9.35730D+07    |proj g|=  2.43013D+04

At iterate   10    f= -9.35732D+07    |proj g|=  1.81451D+04

At iterate   11    f= -9.35734D+07    |proj g|=  3.41966D+04

At iterate   12    f= -9.35736D+07    |proj g|=  2.89150D+04

At iterate   13    f= -9.35737D+07    |proj g|=  1.57049D+04

At iterate   14    f= -9.35738D+07    |proj g|=  2.01811D+04

At iterate   15    f= -9.35738D+07    |proj g|=  3.23496D+04

At iterate   16    f= -9.35739D+07    |proj g|=  1.38569D+04

At iterate   17    f= -9.35739D+07    |proj g|=  7.34391D+03

At iterate   18    f= -9.35740D+07    |proj g|=  1.81921D+04

At iterate   19    f= -9.35740D+07    |proj g|=  8.20351D+03

At iterate   20    f= -9.35740D+07    |proj g|=  4.86611D+03

At iterate   21    f= -9.35740D+07    |proj g|=  1.01989D+04

At iterate   22    f= -9.35740D+07    |proj g|=  8.17205D+03

At iterate   23    f= -9.35741D+07    |proj g|=  1.94657D+04

At iterate   24    f= -9.35741D+07    |proj g|=  4.55964D+03

At iterate   25    f= -9.35741D+07    |proj g|=  3.55279D+03

At iterate   26    f= -9.35741D+07    |proj g|=  7.18020D+03

At iterate   27    f= -9.35741D+07    |proj g|=  8.23954D+03

At iterate   28    f= -9.35741D+07    |proj g|=  1.39797D+04

At iterate   29    f= -9.35741D+07    |proj g|=  5.86321D+03

At iterate   30    f= -9.35741D+07    |proj g|=  6.28666D+03

At iterate   31    f= -9.35741D+07    |proj g|=  1.57918D+04

At iterate   32    f= -9.35742D+07    |proj g|=  1.47175D+04

At iterate   33    f= -9.35742D+07    |proj g|=  2.01511D+04

At iterate   34    f= -9.35742D+07    |proj g|=  2.87706D+04

At iterate   35    f= -9.35743D+07    |proj g|=  6.61152D+04

At iterate   36    f= -9.35744D+07    |proj g|=  3.94299D+04

At iterate   37    f= -9.35746D+07    |proj g|=  6.56765D+04

At iterate   38    f= -9.35749D+07    |proj g|=  3.87663D+04

At iterate   39    f= -9.35752D+07    |proj g|=  3.46535D+04

At iterate   40    f= -9.35753D+07    |proj g|=  9.82125D+04

At iterate   41    f= -9.35756D+07    |proj g|=  4.94676D+04

At iterate   42    f= -9.35758D+07    |proj g|=  5.92780D+04

At iterate   43    f= -9.35759D+07    |proj g|=  4.97441D+04

At iterate   44    f= -9.35760D+07    |proj g|=  2.05313D+04

At iterate   45    f= -9.35762D+07    |proj g|=  2.02731D+04

At iterate   46    f= -9.35762D+07    |proj g|=  5.27894D+04

At iterate   47    f= -9.35763D+07    |proj g|=  1.60302D+04

At iterate   48    f= -9.35764D+07    |proj g|=  1.01438D+04

At iterate   49    f= -9.35764D+07    |proj g|=  1.50526D+04

At iterate   50    f= -9.35764D+07    |proj g|=  3.06237D+04

At iterate   51    f= -9.35765D+07    |proj g|=  8.40384D+03

At iterate   52    f= -9.35765D+07    |proj g|=  7.68061D+03

At iterate   53    f= -9.35765D+07    |proj g|=  1.20083D+04

At iterate   54    f= -9.35765D+07    |proj g|=  1.99628D+04

At iterate   55    f= -9.35765D+07    |proj g|=  3.96100D+03

At iterate   56    f= -9.35765D+07    |proj g|=  3.12305D+03

At iterate   57    f= -9.35765D+07    |proj g|=  1.41218D+04

At iterate   58    f= -9.35765D+07    |proj g|=  4.22068D+03

At iterate   59    f= -9.35765D+07    |proj g|=  2.18307D+03

At iterate   60    f= -9.35765D+07    |proj g|=  1.99036D+03

At iterate   61    f= -9.35765D+07    |proj g|=  4.34357D+03

At iterate   62    f= -9.35765D+07    |proj g|=  1.40993D+03

At iterate   63    f= -9.35765D+07    |proj g|=  1.51490D+03

At iterate   64    f= -9.35765D+07    |proj g|=  2.48387D+03

At iterate   65    f= -9.35765D+07    |proj g|=  1.71585D+03

At iterate   66    f= -9.35765D+07    |proj g|=  1.71137D+03

At iterate   67    f= -9.35765D+07    |proj g|=  2.87677D+03

At iterate   68    f= -9.35765D+07    |proj g|=  1.57582D+03

At iterate   69    f= -9.35765D+07    |proj g|=  6.92940D+02

At iterate   70    f= -9.35765D+07    |proj g|=  1.51735D+03

           * * *

Tit   = total number of iterations
Tnf   = total number of function evaluations
Tnint = total number of segments explored during Cauchy searches
Skip  = number of BFGS updates skipped
Nact  = number of active bounds at final generalized Cauchy point
Projg = norm of the final projected gradient
F     = final function value

           * * *

   N    Tit     Tnf  Tnint  Skip  Nact     Projg        F
  927     70     76      1     0     0   1.517D+03  -9.358D+07
  F =  -93576542.892059714     

CONVERGENCE: REL_REDUCTION_OF_F_<=_FACTR*EPSMCH             

 Cauchy                time 0.000E+00 seconds.
 Subspace minimization time 0.000E+00 seconds.
 Line search           time 0.000E+00 seconds.

 Total User time 0.000E+00 seconds.

RUNNING THE L-BFGS-B CODE

           * * *

Machine precision = 2.220D-16
 N =            6     M =           10

At X0         0 variables are exactly at the bounds

At iterate    0    f=  2.51031D+04    |proj g|=  3.64051D+03

At iterate    1    f=  2.44331D+04    |proj g|=  2.85815D+02

At iterate    2    f=  2.44296D+04    |proj g|=  1.13831D+02

At iterate    3    f=  2.44289D+04    |proj g|=  6.35850D+01

At iterate    4    f=  2.44284D+04    |proj g|=  6.79662D+01

At iterate    5    f=  2.44266D+04    |proj g|=  1.04088D+02

At iterate    6    f=  2.44248D+04    |proj g|=  1.29459D+02

At iterate    7    f=  2.44237D+04    |proj g|=  8.61743D+01

At iterate    8    f=  2.44235D+04    |proj g|=  3.40762D+01

At iterate    9    f=  2.44235D+04    |proj g|=  2.78014D+00

At iterate   10    f=  2.44235D+04    |proj g|=  4.36921D-01

At iterate   11    f=  2.44235D+04    |proj g|=  1.27329D-02

           * * *

Tit   = total number of iterations
Tnf   = total number of function evaluations
Tnint = total number of segments explored during Cauchy searches
Skip  = number of BFGS updates skipped
Nact  = number of active bounds at final generalized Cauchy point
Projg = norm of the final projected gradient
F     = final function value

           * * *

   N    Tit     Tnf  Tnint  Skip  Nact     Projg        F
    6     11     13      1     0     0   1.273D-02   2.442D+04
  F =   24423.476015761222     

CONVERGENCE: REL_REDUCTION_OF_F_<=_FACTR*EPSMCH             

 Cauchy                time 0.000E+00 seconds.
 Subspace minimization time 0.000E+00 seconds.
 Line search           time 0.000E+00 seconds.

 Total User time 0.000E+00 seconds.

RUNNING THE L-BFGS-B CODE

           * * *

Machine precision = 2.220D-16
 N =          927     M =           10

At X0         0 variables are exactly at the bounds

At iterate    0    f= -9.34326D+07    |proj g|=  1.25141D+05

At iterate    1    f= -9.34348D+07    |proj g|=  1.20717D+05

At iterate    2    f= -9.34365D+07    |proj g|=  8.24968D+04

At iterate    3    f= -9.34377D+07    |proj g|=  6.04398D+04

At iterate    4    f= -9.34387D+07    |proj g|=  1.38376D+05

At iterate    5    f= -9.34394D+07    |proj g|=  6.90926D+04

At iterate    6    f= -9.34400D+07    |proj g|=  5.41892D+04

At iterate    7    f= -9.34406D+07    |proj g|=  8.91085D+04

At iterate    8    f= -9.34408D+07    |proj g|=  1.38494D+05

At iterate    9    f= -9.34411D+07    |proj g|=  2.54874D+04

At iterate   10    f= -9.34412D+07    |proj g|=  2.43105D+04

At iterate   11    f= -9.34414D+07    |proj g|=  3.90989D+04

At iterate   12    f= -9.34416D+07    |proj g|=  6.32392D+04

At iterate   13    f= -9.34417D+07    |proj g|=  1.94550D+04

At iterate   14    f= -9.34418D+07    |proj g|=  1.34645D+04

At iterate   15    f= -9.34419D+07    |proj g|=  3.51704D+04

At iterate   16    f= -9.34420D+07    |proj g|=  5.57894D+04

At iterate   17    f= -9.34421D+07    |proj g|=  3.93978D+04

At iterate   18    f= -9.34423D+07    |proj g|=  6.91940D+04

At iterate   19    f= -9.34425D+07    |proj g|=  7.62287D+04

At iterate   20    f= -9.34427D+07    |proj g|=  6.48736D+04

At iterate   21    f= -9.34431D+07    |proj g|=  6.29149D+04

At iterate   22    f= -9.34434D+07    |proj g|=  5.24150D+04

At iterate   23    f= -9.34436D+07    |proj g|=  6.01168D+04

At iterate   24    f= -9.34439D+07    |proj g|=  7.89905D+04

At iterate   25    f= -9.34441D+07    |proj g|=  5.50582D+04

At iterate   26    f= -9.34442D+07    |proj g|=  1.96569D+04

At iterate   27    f= -9.34443D+07    |proj g|=  1.52698D+04

At iterate   28    f= -9.34444D+07    |proj g|=  4.79170D+04

At iterate   29    f= -9.34444D+07    |proj g|=  1.75217D+04

At iterate   30    f= -9.34445D+07    |proj g|=  9.67565D+03

At iterate   31    f= -9.34445D+07    |proj g|=  5.60195D+03

At iterate   32    f= -9.34445D+07    |proj g|=  1.21604D+04

At iterate   33    f= -9.34445D+07    |proj g|=  3.03626D+04

At iterate   34    f= -9.34445D+07    |proj g|=  7.63912D+03

At iterate   35    f= -9.34445D+07    |proj g|=  5.58402D+03

At iterate   36    f= -9.34445D+07    |proj g|=  7.35366D+03

At iterate   37    f= -9.34445D+07    |proj g|=  1.19279D+04

At iterate   38    f= -9.34445D+07    |proj g|=  3.59914D+03

At iterate   39    f= -9.34445D+07    |proj g|=  1.45009D+03

At iterate   40    f= -9.34445D+07    |proj g|=  3.03712D+03

At iterate   41    f= -9.34445D+07    |proj g|=  5.63919D+03

At iterate   42    f= -9.34445D+07    |proj g|=  5.48871D+03

At iterate   43    f= -9.34445D+07    |proj g|=  1.05598D+03

At iterate   44    f= -9.34445D+07    |proj g|=  1.71796D+03

At iterate   45    f= -9.34445D+07    |proj g|=  2.89702D+03

At iterate   46    f= -9.34445D+07    |proj g|=  5.17491D+03

At iterate   47    f= -9.34445D+07    |proj g|=  9.20540D+02

At iterate   48    f= -9.34445D+07    |proj g|=  7.28113D+02

At iterate   49    f= -9.34445D+07    |proj g|=  1.44360D+03

At iterate   50    f= -9.34445D+07    |proj g|=  2.33696D+03

At iterate   51    f= -9.34445D+07    |proj g|=  4.21054D+03

           * * *

Tit   = total number of iterations
Tnf   = total number of function evaluations
Tnint = total number of segments explored during Cauchy searches
Skip  = number of BFGS updates skipped
Nact  = number of active bounds at final generalized Cauchy point
Projg = norm of the final projected gradient
F     = final function value

           * * *

   N    Tit     Tnf  Tnint  Skip  Nact     Projg        F
  927     51     55      1     0     0   4.211D+03  -9.344D+07
  F =  -93444547.231756449     

CONVERGENCE: REL_REDUCTION_OF_F_<=_FACTR*EPSMCH             

 Cauchy                time 0.000E+00 seconds.
 Subspace minimization time 0.000E+00 seconds.
 Line search           time 0.000E+00 seconds.

 Total User time 0.000E+00 seconds.

RUNNING THE L-BFGS-B CODE

           * * *

Machine precision = 2.220D-16
 N =          927     M =           10

At X0         0 variables are exactly at the bounds

At iterate    0    f= -9.37638D+07    |proj g|=  2.15049D+05

At iterate    1    f= -9.37652D+07    |proj g|=  1.28881D+05

At iterate    2    f= -9.37662D+07    |proj g|=  7.57039D+04

At iterate    3    f= -9.37677D+07    |proj g|=  9.36422D+04

At iterate    4    f= -9.37682D+07    |proj g|=  1.09738D+05

At iterate    5    f= -9.37686D+07    |proj g|=  5.65654D+04

At iterate    6    f= -9.37692D+07    |proj g|=  3.89708D+04

At iterate    7    f= -9.37695D+07    |proj g|=  1.10844D+05

At iterate    8    f= -9.37698D+07    |proj g|=  3.39851D+04

At iterate    9    f= -9.37700D+07    |proj g|=  2.68222D+04

At iterate   10    f= -9.37702D+07    |proj g|=  4.74396D+04

At iterate   11    f= -9.37704D+07    |proj g|=  3.72116D+04

At iterate   12    f= -9.37705D+07    |proj g|=  1.22672D+04

At iterate   13    f= -9.37706D+07    |proj g|=  1.52964D+04

At iterate   14    f= -9.37706D+07    |proj g|=  2.45238D+04

At iterate   15    f= -9.37707D+07    |proj g|=  2.84641D+04

At iterate   16    f= -9.37708D+07    |proj g|=  1.02491D+04

At iterate   17    f= -9.37708D+07    |proj g|=  9.71593D+03

At iterate   18    f= -9.37709D+07    |proj g|=  1.69422D+04

At iterate   19    f= -9.37709D+07    |proj g|=  4.66619D+04

At iterate   20    f= -9.37709D+07    |proj g|=  8.20573D+03

At iterate   21    f= -9.37710D+07    |proj g|=  8.26420D+03

At iterate   22    f= -9.37710D+07    |proj g|=  9.16478D+03

At iterate   23    f= -9.37710D+07    |proj g|=  9.84067D+03

At iterate   24    f= -9.37711D+07    |proj g|=  1.87848D+04

At iterate   25    f= -9.37711D+07    |proj g|=  9.01956D+03

At iterate   26    f= -9.37711D+07    |proj g|=  9.47360D+03

At iterate   27    f= -9.37711D+07    |proj g|=  1.31050D+04

At iterate   28    f= -9.37711D+07    |proj g|=  6.63499D+03

At iterate   29    f= -9.37711D+07    |proj g|=  5.97492D+03

At iterate   30    f= -9.37712D+07    |proj g|=  8.95980D+03

At iterate   31    f= -9.37712D+07    |proj g|=  1.27996D+04

At iterate   32    f= -9.37712D+07    |proj g|=  5.55663D+03

At iterate   33    f= -9.37712D+07    |proj g|=  3.92119D+03

At iterate   34    f= -9.37712D+07    |proj g|=  5.06837D+03

At iterate   35    f= -9.37712D+07    |proj g|=  3.87400D+03

At iterate   36    f= -9.37712D+07    |proj g|=  2.98102D+03

At iterate   37    f= -9.37712D+07    |proj g|=  3.47844D+03

At iterate   38    f= -9.37712D+07    |proj g|=  1.78325D+03

At iterate   39    f= -9.37712D+07    |proj g|=  1.78469D+03

At iterate   40    f= -9.37712D+07    |proj g|=  4.18766D+03

At iterate   41    f= -9.37712D+07    |proj g|=  2.10750D+03

At iterate   42    f= -9.37712D+07    |proj g|=  1.88549D+03

At iterate   43    f= -9.37712D+07    |proj g|=  3.59477D+03

At iterate   44    f= -9.37712D+07    |proj g|=  1.97736D+03

At iterate   45    f= -9.37712D+07    |proj g|=  2.19434D+03

At iterate   46    f= -9.37712D+07    |proj g|=  2.87719D+03

At iterate   47    f= -9.37712D+07    |proj g|=  1.76913D+03

At iterate   48    f= -9.37712D+07    |proj g|=  1.29574D+03

At iterate   49    f= -9.37712D+07    |proj g|=  1.92054D+03

At iterate   50    f= -9.37712D+07    |proj g|=  4.10281D+03

At iterate   51    f= -9.37712D+07    |proj g|=  7.99312D+02

At iterate   52    f= -9.37712D+07    |proj g|=  5.87095D+02

           * * *

Tit   = total number of iterations
Tnf   = total number of function evaluations
Tnint = total number of segments explored during Cauchy searches
Skip  = number of BFGS updates skipped
Nact  = number of active bounds at final generalized Cauchy point
Projg = norm of the final projected gradient
F     = final function value

           * * *

   N    Tit     Tnf  Tnint  Skip  Nact     Projg        F
  927     52     57      1     0     0   5.871D+02  -9.377D+07
  F =  -93771191.674321070     

CONVERGENCE: REL_REDUCTION_OF_F_<=_FACTR*EPSMCH             

 Cauchy                time 0.000E+00 seconds.
 Subspace minimization time 0.000E+00 seconds.
 Line search           time 0.000E+00 seconds.

 Total User time 0.000E+00 seconds.

RUNNING THE L-BFGS-B CODE

           * * *

Machine precision = 2.220D-16
 N =            6     M =           10

At X0         0 variables are exactly at the bounds

At iterate    0    f=  2.21909D+04    |proj g|=  2.66600D+03

At iterate    1    f=  2.18719D+04    |proj g|=  3.52035D+02

At iterate    2    f=  2.18687D+04    |proj g|=  1.30110D+02

At iterate    3    f=  2.18682D+04    |proj g|=  5.36922D+01

At iterate    4    f=  2.18679D+04    |proj g|=  5.41841D+01

At iterate    5    f=  2.18667D+04    |proj g|=  1.33704D+02

At iterate    6    f=  2.18654D+04    |proj g|=  1.65528D+02

At iterate    7    f=  2.18643D+04    |proj g|=  6.14924D+01

At iterate    8    f=  2.18643D+04    |proj g|=  2.45564D+01

At iterate    9    f=  2.18643D+04    |proj g|=  1.98961D+00

At iterate   10    f=  2.18643D+04    |proj g|=  2.53567D-01

At iterate   11    f=  2.18643D+04    |proj g|=  1.85537D-02

           * * *

Tit   = total number of iterations
Tnf   = total number of function evaluations
Tnint = total number of segments explored during Cauchy searches
Skip  = number of BFGS updates skipped
Nact  = number of active bounds at final generalized Cauchy point
Projg = norm of the final projected gradient
F     = final function value

           * * *

   N    Tit     Tnf  Tnint  Skip  Nact     Projg        F
    6     11     13      1     0     0   1.855D-02   2.186D+04
  F =   21864.252945389962     

CONVERGENCE: REL_REDUCTION_OF_F_<=_FACTR*EPSMCH             

 Cauchy                time 0.000E+00 seconds.
 Subspace minimization time 0.000E+00 seconds.
 Line search           time 0.000E+00 seconds.

 Total User time 0.000E+00 seconds.

RUNNING THE L-BFGS-B CODE

           * * *

Machine precision = 2.220D-16
 N =          927     M =           10

At X0         0 variables are exactly at the bounds

At iterate    0    f= -9.34089D+07    |proj g|=  9.08930D+04

At iterate    1    f= -9.34092D+07    |proj g|=  7.16407D+04

At iterate    2    f= -9.34110D+07    |proj g|=  6.10183D+04

At iterate    3    f= -9.34115D+07    |proj g|=  1.45644D+05

At iterate    4    f= -9.34122D+07    |proj g|=  4.56910D+04

At iterate    5    f= -9.34127D+07    |proj g|=  3.41305D+04

At iterate    6    f= -9.34130D+07    |proj g|=  4.50550D+04

At iterate    7    f= -9.34134D+07    |proj g|=  1.32115D+05

At iterate    8    f= -9.34139D+07    |proj g|=  3.97439D+04

At iterate    9    f= -9.34140D+07    |proj g|=  2.75594D+04

At iterate   10    f= -9.34143D+07    |proj g|=  4.31004D+04

At iterate   11    f= -9.34144D+07    |proj g|=  1.06418D+05

At iterate   12    f= -9.34145D+07    |proj g|=  1.83671D+04

At iterate   13    f= -9.34146D+07    |proj g|=  1.11935D+04

At iterate   14    f= -9.34147D+07    |proj g|=  2.05183D+04

At iterate   15    f= -9.34148D+07    |proj g|=  2.26416D+04

At iterate   16    f= -9.34148D+07    |proj g|=  4.16882D+04

At iterate   17    f= -9.34149D+07    |proj g|=  1.43393D+04

At iterate   18    f= -9.34149D+07    |proj g|=  5.70036D+03

At iterate   19    f= -9.34150D+07    |proj g|=  1.53917D+04

At iterate   20    f= -9.34150D+07    |proj g|=  1.73326D+04

At iterate   21    f= -9.34150D+07    |proj g|=  5.57086D+03

At iterate   22    f= -9.34150D+07    |proj g|=  5.20563D+03

At iterate   23    f= -9.34150D+07    |proj g|=  7.10638D+03

At iterate   24    f= -9.34150D+07    |proj g|=  1.60877D+04

At iterate   25    f= -9.34150D+07    |proj g|=  1.32812D+04

At iterate   26    f= -9.34150D+07    |proj g|=  2.55006D+03

At iterate   27    f= -9.34151D+07    |proj g|=  7.26337D+03

At iterate   28    f= -9.34151D+07    |proj g|=  9.59148D+03

At iterate   29    f= -9.34151D+07    |proj g|=  9.81035D+03

At iterate   30    f= -9.34151D+07    |proj g|=  5.95211D+03

At iterate   31    f= -9.34151D+07    |proj g|=  4.32538D+03

At iterate   32    f= -9.34151D+07    |proj g|=  8.28531D+03

At iterate   33    f= -9.34151D+07    |proj g|=  1.39421D+04

At iterate   34    f= -9.34151D+07    |proj g|=  3.04156D+03

At iterate   35    f= -9.34151D+07    |proj g|=  1.96129D+03

At iterate   36    f= -9.34151D+07    |proj g|=  3.77909D+03

At iterate   37    f= -9.34151D+07    |proj g|=  1.27632D+04

At iterate   38    f= -9.34151D+07    |proj g|=  2.40530D+03

At iterate   39    f= -9.34151D+07    |proj g|=  8.60542D+02

At iterate   40    f= -9.34151D+07    |proj g|=  1.95406D+03

At iterate   41    f= -9.34151D+07    |proj g|=  2.74494D+03

At iterate   42    f= -9.34151D+07    |proj g|=  2.88927D+03

At iterate   43    f= -9.34151D+07    |proj g|=  6.86797D+02

At iterate   44    f= -9.34151D+07    |proj g|=  7.73878D+02

At iterate   45    f= -9.34151D+07    |proj g|=  2.51955D+03

At iterate   46    f= -9.34151D+07    |proj g|=  1.69623D+03

At iterate   47    f= -9.34151D+07    |proj g|=  5.37488D+02

           * * *

Tit   = total number of iterations
Tnf   = total number of function evaluations
Tnint = total number of segments explored during Cauchy searches
Skip  = number of BFGS updates skipped
Nact  = number of active bounds at final generalized Cauchy point
Projg = norm of the final projected gradient
F     = final function value

           * * *

   N    Tit     Tnf  Tnint  Skip  Nact     Projg        F
  927     47     51      1     0     0   5.375D+02  -9.342D+07
  F =  -93415098.996897280     

CONVERGENCE: REL_REDUCTION_OF_F_<=_FACTR*EPSMCH             

 Cauchy                time 0.000E+00 seconds.
 Subspace minimization time 0.000E+00 seconds.
 Line search           time 0.000E+00 seconds.

 Total User time 0.000E+00 seconds.

RUNNING THE L-BFGS-B CODE

           * * *

Machine precision = 2.220D-16
 N =          927     M =           10

At X0         0 variables are exactly at the bounds

At iterate    0    f= -9.38598D+07    |proj g|=  5.56384D+04

At iterate    1    f= -9.38609D+07    |proj g|=  6.63392D+04

At iterate    2    f= -9.38619D+07    |proj g|=  4.97391D+04

At iterate    3    f= -9.38629D+07    |proj g|=  4.62808D+04

At iterate    4    f= -9.38634D+07    |proj g|=  1.57321D+05

At iterate    5    f= -9.38639D+07    |proj g|=  3.52209D+04

At iterate    6    f= -9.38642D+07    |proj g|=  2.70607D+04

At iterate    7    f= -9.38645D+07    |proj g|=  5.21820D+04

At iterate    8    f= -9.38647D+07    |proj g|=  7.80013D+04

At iterate    9    f= -9.38650D+07    |proj g|=  1.56334D+04

At iterate   10    f= -9.38651D+07    |proj g|=  1.07141D+04

At iterate   11    f= -9.38652D+07    |proj g|=  1.31643D+04

At iterate   12    f= -9.38652D+07    |proj g|=  4.39489D+04

At iterate   13    f= -9.38653D+07    |proj g|=  1.18769D+04

At iterate   14    f= -9.38653D+07    |proj g|=  7.19735D+03

At iterate   15    f= -9.38654D+07    |proj g|=  9.52047D+03

At iterate   16    f= -9.38654D+07    |proj g|=  2.06620D+04

At iterate   17    f= -9.38654D+07    |proj g|=  6.05024D+03

At iterate   18    f= -9.38655D+07    |proj g|=  5.12509D+03

At iterate   19    f= -9.38655D+07    |proj g|=  1.82812D+04

At iterate   20    f= -9.38655D+07    |proj g|=  1.85233D+04

At iterate   21    f= -9.38655D+07    |proj g|=  5.94776D+03

At iterate   22    f= -9.38655D+07    |proj g|=  4.69653D+03

At iterate   23    f= -9.38655D+07    |proj g|=  7.30764D+03

At iterate   24    f= -9.38656D+07    |proj g|=  1.25067D+04

At iterate   25    f= -9.38656D+07    |proj g|=  1.20342D+04

At iterate   26    f= -9.38656D+07    |proj g|=  6.73714D+03

At iterate   27    f= -9.38656D+07    |proj g|=  2.54521D+03

At iterate   28    f= -9.38656D+07    |proj g|=  6.50020D+03

At iterate   29    f= -9.38656D+07    |proj g|=  5.01672D+03

At iterate   30    f= -9.38656D+07    |proj g|=  2.76575D+03

At iterate   31    f= -9.38656D+07    |proj g|=  5.10767D+03

At iterate   32    f= -9.38656D+07    |proj g|=  4.90854D+03

At iterate   33    f= -9.38656D+07    |proj g|=  2.95802D+03

At iterate   34    f= -9.38656D+07    |proj g|=  6.76490D+03

At iterate   35    f= -9.38656D+07    |proj g|=  2.94014D+03

At iterate   36    f= -9.38656D+07    |proj g|=  4.33437D+03

At iterate   37    f= -9.38656D+07    |proj g|=  7.19666D+03

At iterate   38    f= -9.38656D+07    |proj g|=  1.28083D+04

At iterate   39    f= -9.38656D+07    |proj g|=  3.60678D+03

At iterate   40    f= -9.38656D+07    |proj g|=  5.23091D+03

At iterate   41    f= -9.38656D+07    |proj g|=  6.80942D+03

At iterate   42    f= -9.38656D+07    |proj g|=  6.74215D+03

At iterate   43    f= -9.38656D+07    |proj g|=  1.65783D+04

At iterate   44    f= -9.38657D+07    |proj g|=  7.91092D+03

At iterate   45    f= -9.38657D+07    |proj g|=  5.98508D+03

At iterate   46    f= -9.38657D+07    |proj g|=  1.90434D+04

At iterate   47    f= -9.38657D+07    |proj g|=  1.70966D+04

At iterate   48    f= -9.38657D+07    |proj g|=  4.42510D+03

At iterate   49    f= -9.38657D+07    |proj g|=  1.05085D+04

At iterate   50    f= -9.38657D+07    |proj g|=  4.96924D+03

At iterate   51    f= -9.38657D+07    |proj g|=  3.03003D+03

At iterate   52    f= -9.38657D+07    |proj g|=  4.93488D+03

At iterate   53    f= -9.38657D+07    |proj g|=  1.22126D+04

At iterate   54    f= -9.38657D+07    |proj g|=  3.05760D+03

At iterate   55    f= -9.38657D+07    |proj g|=  3.59646D+03

At iterate   56    f= -9.38657D+07    |proj g|=  4.58594D+03

At iterate   57    f= -9.38657D+07    |proj g|=  7.86227D+03

At iterate   58    f= -9.38657D+07    |proj g|=  7.27600D+03

At iterate   59    f= -9.38658D+07    |proj g|=  2.80347D+03

At iterate   60    f= -9.38658D+07    |proj g|=  2.62558D+03

At iterate   61    f= -9.38658D+07    |proj g|=  3.73383D+03

At iterate   62    f= -9.38658D+07    |proj g|=  9.13059D+03

At iterate   63    f= -9.38658D+07    |proj g|=  2.07537D+03

At iterate   64    f= -9.38658D+07    |proj g|=  1.84729D+03

At iterate   65    f= -9.38658D+07    |proj g|=  2.19825D+03

At iterate   66    f= -9.38658D+07    |proj g|=  3.37344D+03

At iterate   67    f= -9.38658D+07    |proj g|=  5.20405D+03

At iterate   68    f= -9.38658D+07    |proj g|=  1.03404D+03

At iterate   69    f= -9.38658D+07    |proj g|=  1.05528D+03

At iterate   70    f= -9.38658D+07    |proj g|=  3.23625D+03

At iterate   71    f= -9.38658D+07    |proj g|=  2.34394D+03

At iterate   72    f= -9.38658D+07    |proj g|=  1.00317D+03

At iterate   73    f= -9.38658D+07    |proj g|=  9.88784D+02

At iterate   74    f= -9.38658D+07    |proj g|=  7.68304D+02

           * * *

Tit   = total number of iterations
Tnf   = total number of function evaluations
Tnint = total number of segments explored during Cauchy searches
Skip  = number of BFGS updates skipped
Nact  = number of active bounds at final generalized Cauchy point
Projg = norm of the final projected gradient
F     = final function value

           * * *

   N    Tit     Tnf  Tnint  Skip  Nact     Projg        F
  927     74     78      1     0     0   7.683D+02  -9.387D+07
  F =  -93865770.022682190     

CONVERGENCE: REL_REDUCTION_OF_F_<=_FACTR*EPSMCH             

 Cauchy                time 0.000E+00 seconds.
 Subspace minimization time 0.000E+00 seconds.
 Line search           time 0.000E+00 seconds.

 Total User time 0.000E+00 seconds.

RUNNING THE L-BFGS-B CODE

           * * *

Machine precision = 2.220D-16
 N =            6     M =           10

At X0         0 variables are exactly at the bounds

At iterate    0    f=  2.05350D+04    |proj g|=  2.29176D+03

At iterate    1    f=  2.03845D+04    |proj g|=  3.37893D+02

At iterate    2    f=  2.03809D+04    |proj g|=  6.55167D+01

At iterate    3    f=  2.03807D+04    |proj g|=  4.03066D+01

At iterate    4    f=  2.03805D+04    |proj g|=  4.21009D+01

At iterate    5    f=  2.03798D+04    |proj g|=  1.12549D+02

At iterate    6    f=  2.03791D+04    |proj g|=  1.25727D+02

At iterate    7    f=  2.03789D+04    |proj g|=  1.19000D+02

At iterate    8    f=  2.03786D+04    |proj g|=  1.57761D+01

At iterate    9    f=  2.03786D+04    |proj g|=  4.38449D+00

At iterate   10    f=  2.03786D+04    |proj g|=  5.54428D-01

At iterate   11    f=  2.03786D+04    |proj g|=  4.03816D-02

           * * *

Tit   = total number of iterations
Tnf   = total number of function evaluations
Tnint = total number of segments explored during Cauchy searches
Skip  = number of BFGS updates skipped
Nact  = number of active bounds at final generalized Cauchy point
Projg = norm of the final projected gradient
F     = final function value

           * * *

   N    Tit     Tnf  Tnint  Skip  Nact     Projg        F
    6     11     13      1     0     0   4.038D-02   2.038D+04
  F =   20378.565914802690     

CONVERGENCE: REL_REDUCTION_OF_F_<=_FACTR*EPSMCH             

 Cauchy                time 0.000E+00 seconds.
 Subspace minimization time 0.000E+00 seconds.
 Line search           time 0.000E+00 seconds.

 Total User time 0.000E+00 seconds.

RUNNING THE L-BFGS-B CODE

           * * *

Machine precision = 2.220D-16
 N =          927     M =           10

At X0         0 variables are exactly at the bounds

At iterate    0    f= -9.33931D+07    |proj g|=  4.67578D+04

At iterate    1    f= -9.33940D+07    |proj g|=  1.08075D+05

At iterate    2    f= -9.33948D+07    |proj g|=  6.80040D+04

At iterate    3    f= -9.33955D+07    |proj g|=  3.90608D+04

At iterate    4    f= -9.33961D+07    |proj g|=  1.08168D+05

At iterate    5    f= -9.33966D+07    |proj g|=  3.07823D+04

At iterate    6    f= -9.33970D+07    |proj g|=  3.36564D+04

At iterate    7    f= -9.33973D+07    |proj g|=  5.30329D+04

At iterate    8    f= -9.33975D+07    |proj g|=  8.05505D+04

At iterate    9    f= -9.33976D+07    |proj g|=  2.18110D+04

At iterate   10    f= -9.33977D+07    |proj g|=  1.75087D+04

At iterate   11    f= -9.33978D+07    |proj g|=  2.60046D+04

At iterate   12    f= -9.33978D+07    |proj g|=  6.62992D+04

At iterate   13    f= -9.33979D+07    |proj g|=  7.48833D+03

At iterate   14    f= -9.33980D+07    |proj g|=  7.08801D+03

At iterate   15    f= -9.33980D+07    |proj g|=  1.53584D+04

At iterate   16    f= -9.33980D+07    |proj g|=  4.69115D+04

At iterate   17    f= -9.33981D+07    |proj g|=  1.01264D+04

At iterate   18    f= -9.33981D+07    |proj g|=  5.89892D+03

At iterate   19    f= -9.33981D+07    |proj g|=  8.57651D+03

At iterate   20    f= -9.33981D+07    |proj g|=  1.69786D+04

At iterate   21    f= -9.33981D+07    |proj g|=  1.00766D+04

At iterate   22    f= -9.33981D+07    |proj g|=  2.94501D+03

At iterate   23    f= -9.33981D+07    |proj g|=  4.15852D+03

At iterate   24    f= -9.33981D+07    |proj g|=  7.17346D+03

At iterate   25    f= -9.33981D+07    |proj g|=  8.73417D+03

At iterate   26    f= -9.33981D+07    |proj g|=  2.08258D+03

At iterate   27    f= -9.33981D+07    |proj g|=  2.48985D+03

At iterate   28    f= -9.33981D+07    |proj g|=  4.19325D+03

At iterate   29    f= -9.33981D+07    |proj g|=  5.85775D+03

At iterate   30    f= -9.33981D+07    |proj g|=  1.53778D+03

At iterate   31    f= -9.33981D+07    |proj g|=  1.98607D+03

At iterate   32    f= -9.33982D+07    |proj g|=  2.58156D+03

At iterate   33    f= -9.33982D+07    |proj g|=  7.01035D+03

At iterate   34    f= -9.33982D+07    |proj g|=  1.06989D+03

At iterate   35    f= -9.33982D+07    |proj g|=  1.01479D+03

At iterate   36    f= -9.33982D+07    |proj g|=  1.62720D+03

At iterate   37    f= -9.33982D+07    |proj g|=  3.47838D+03

At iterate   38    f= -9.33982D+07    |proj g|=  8.47997D+02

At iterate   39    f= -9.33982D+07    |proj g|=  5.68855D+02

At iterate   40    f= -9.33982D+07    |proj g|=  2.05767D+03

At iterate   41    f= -9.33982D+07    |proj g|=  1.67894D+03

At iterate   42    f= -9.33982D+07    |proj g|=  8.65427D+02

At iterate   43    f= -9.33982D+07    |proj g|=  1.23530D+03

At iterate   44    f= -9.33982D+07    |proj g|=  1.42711D+03

           * * *

Tit   = total number of iterations
Tnf   = total number of function evaluations
Tnint = total number of segments explored during Cauchy searches
Skip  = number of BFGS updates skipped
Nact  = number of active bounds at final generalized Cauchy point
Projg = norm of the final projected gradient
F     = final function value

           * * *

   N    Tit     Tnf  Tnint  Skip  Nact     Projg        F
  927     44     49      1     0     0   1.427D+03  -9.340D+07
  F =  -93398157.752439395     

CONVERGENCE: REL_REDUCTION_OF_F_<=_FACTR*EPSMCH             

 Cauchy                time 0.000E+00 seconds.
 Subspace minimization time 0.000E+00 seconds.
 Line search           time 0.000E+00 seconds.

 Total User time 0.000E+00 seconds.

RUNNING THE L-BFGS-B CODE

           * * *

Machine precision = 2.220D-16
 N =          927     M =           10

At X0         0 variables are exactly at the bounds

At iterate    0    f= -9.39257D+07    |proj g|=  3.91638D+04

At iterate    1    f= -9.39268D+07    |proj g|=  6.40256D+04

At iterate    2    f= -9.39277D+07    |proj g|=  4.95368D+04

At iterate    3    f= -9.39283D+07    |proj g|=  4.34455D+04

At iterate    4    f= -9.39289D+07    |proj g|=  6.96995D+04

At iterate    5    f= -9.39292D+07    |proj g|=  8.37760D+04

At iterate    6    f= -9.39294D+07    |proj g|=  1.83761D+04

At iterate    7    f= -9.39296D+07    |proj g|=  1.82286D+04

At iterate    8    f= -9.39297D+07    |proj g|=  3.63502D+04

At iterate    9    f= -9.39298D+07    |proj g|=  5.68943D+04

At iterate   10    f= -9.39300D+07    |proj g|=  1.18989D+04

At iterate   11    f= -9.39300D+07    |proj g|=  9.18864D+03

At iterate   12    f= -9.39301D+07    |proj g|=  2.05300D+04

At iterate   13    f= -9.39301D+07    |proj g|=  5.29317D+04

At iterate   14    f= -9.39302D+07    |proj g|=  8.85102D+03

At iterate   15    f= -9.39302D+07    |proj g|=  6.20390D+03

At iterate   16    f= -9.39302D+07    |proj g|=  7.64982D+03

At iterate   17    f= -9.39303D+07    |proj g|=  9.60161D+03

At iterate   18    f= -9.39303D+07    |proj g|=  1.49377D+04

At iterate   19    f= -9.39303D+07    |proj g|=  6.20622D+03

At iterate   20    f= -9.39303D+07    |proj g|=  6.13640D+03

At iterate   21    f= -9.39303D+07    |proj g|=  1.00961D+04

At iterate   22    f= -9.39304D+07    |proj g|=  1.88654D+04

At iterate   23    f= -9.39304D+07    |proj g|=  5.78600D+03

At iterate   24    f= -9.39304D+07    |proj g|=  4.85441D+03

At iterate   25    f= -9.39304D+07    |proj g|=  9.86466D+03

At iterate   26    f= -9.39304D+07    |proj g|=  6.78845D+03

At iterate   27    f= -9.39304D+07    |proj g|=  3.45940D+03

At iterate   28    f= -9.39304D+07    |proj g|=  7.86236D+03

At iterate   29    f= -9.39304D+07    |proj g|=  5.32921D+03

At iterate   30    f= -9.39304D+07    |proj g|=  3.46495D+03

At iterate   31    f= -9.39304D+07    |proj g|=  4.76500D+03

At iterate   32    f= -9.39304D+07    |proj g|=  5.78894D+03

At iterate   33    f= -9.39304D+07    |proj g|=  3.21564D+03

At iterate   34    f= -9.39304D+07    |proj g|=  1.28753D+03

At iterate   35    f= -9.39304D+07    |proj g|=  2.27317D+03

At iterate   36    f= -9.39304D+07    |proj g|=  1.47589D+03

At iterate   37    f= -9.39304D+07    |proj g|=  4.21709D+03

At iterate   38    f= -9.39304D+07    |proj g|=  1.05852D+03

At iterate   39    f= -9.39304D+07    |proj g|=  1.04367D+03

At iterate   40    f= -9.39304D+07    |proj g|=  1.51310D+03

At iterate   41    f= -9.39304D+07    |proj g|=  5.31005D+03

At iterate   42    f= -9.39304D+07    |proj g|=  8.79146D+02

At iterate   43    f= -9.39304D+07    |proj g|=  4.87797D+02

           * * *

Tit   = total number of iterations
Tnf   = total number of function evaluations
Tnint = total number of segments explored during Cauchy searches
Skip  = number of BFGS updates skipped
Nact  = number of active bounds at final generalized Cauchy point
Projg = norm of the final projected gradient
F     = final function value

           * * *

   N    Tit     Tnf  Tnint  Skip  Nact     Projg        F
  927     43     48      1     0     0   4.878D+02  -9.393D+07
  F =  -93930436.843753785     

CONVERGENCE: REL_REDUCTION_OF_F_<=_FACTR*EPSMCH             

 Cauchy                time 0.000E+00 seconds.
 Subspace minimization time 0.000E+00 seconds.
 Line search           time 0.000E+00 seconds.

 Total User time 0.000E+00 seconds.

RUNNING THE L-BFGS-B CODE

           * * *

Machine precision = 2.220D-16
 N =            6     M =           10

At X0         0 variables are exactly at the bounds

At iterate    0    f=  1.97806D+04    |proj g|=  1.78492D+03

At iterate    1    f=  1.97035D+04    |proj g|=  2.52478D+02

At iterate    2    f=  1.97012D+04    |proj g|=  2.54855D+01

At iterate    3    f=  1.97011D+04    |proj g|=  2.49027D+01

At iterate    4    f=  1.97010D+04    |proj g|=  3.29772D+01

At iterate    5    f=  1.97007D+04    |proj g|=  6.52744D+01

At iterate    6    f=  1.97004D+04    |proj g|=  4.32214D+01

At iterate    7    f=  1.97004D+04    |proj g|=  3.75920D+01

At iterate    8    f=  1.97003D+04    |proj g|=  8.53106D+00

At iterate    9    f=  1.97003D+04    |proj g|=  7.66158D-01

At iterate   10    f=  1.97003D+04    |proj g|=  3.31056D-02

At iterate   11    f=  1.97003D+04    |proj g|=  4.00178D-03

           * * *

Tit   = total number of iterations
Tnf   = total number of function evaluations
Tnint = total number of segments explored during Cauchy searches
Skip  = number of BFGS updates skipped
Nact  = number of active bounds at final generalized Cauchy point
Projg = norm of the final projected gradient
F     = final function value

           * * *

   N    Tit     Tnf  Tnint  Skip  Nact     Projg        F
    6     11     14      1     0     0   4.002D-03   1.970D+04
  F =   19700.338319607705     

CONVERGENCE: REL_REDUCTION_OF_F_<=_FACTR*EPSMCH             

 Cauchy                time 0.000E+00 seconds.
 Subspace minimization time 0.000E+00 seconds.
 Line search           time 0.000E+00 seconds.

 Total User time 0.000E+00 seconds.

RUNNING THE L-BFGS-B CODE

           * * *

Machine precision = 2.220D-16
 N =          927     M =           10

At X0         0 variables are exactly at the bounds

At iterate    0    f= -9.33785D+07    |proj g|=  4.06173D+04

At iterate    1    f= -9.33792D+07    |proj g|=  1.31013D+05

At iterate    2    f= -9.33799D+07    |proj g|=  8.06514D+04

At iterate    3    f= -9.33804D+07    |proj g|=  4.04108D+04

At iterate    4    f= -9.33809D+07    |proj g|=  8.17123D+04

At iterate    5    f= -9.33813D+07    |proj g|=  4.53623D+04

At iterate    6    f= -9.33816D+07    |proj g|=  2.82937D+04

At iterate    7    f= -9.33818D+07    |proj g|=  2.80411D+04

At iterate    8    f= -9.33820D+07    |proj g|=  4.40961D+04

At iterate    9    f= -9.33821D+07    |proj g|=  1.47252D+04

At iterate   10    f= -9.33822D+07    |proj g|=  1.83985D+04

At iterate   11    f= -9.33823D+07    |proj g|=  3.82917D+04

At iterate   12    f= -9.33823D+07    |proj g|=  1.14248D+04

At iterate   13    f= -9.33824D+07    |proj g|=  7.75714D+03

At iterate   14    f= -9.33825D+07    |proj g|=  3.10386D+04

At iterate   15    f= -9.33825D+07    |proj g|=  1.24350D+04

At iterate   16    f= -9.33825D+07    |proj g|=  1.12209D+04

At iterate   17    f= -9.33826D+07    |proj g|=  2.48590D+04

At iterate   18    f= -9.33826D+07    |proj g|=  1.23764D+04

At iterate   19    f= -9.33826D+07    |proj g|=  7.61130D+03

At iterate   20    f= -9.33826D+07    |proj g|=  1.65069D+04

At iterate   21    f= -9.33826D+07    |proj g|=  8.24549D+03

At iterate   22    f= -9.33826D+07    |proj g|=  4.57358D+03

At iterate   23    f= -9.33826D+07    |proj g|=  1.17978D+04

At iterate   24    f= -9.33826D+07    |proj g|=  7.44255D+03

At iterate   25    f= -9.33826D+07    |proj g|=  3.01608D+03

At iterate   26    f= -9.33826D+07    |proj g|=  4.16784D+03

At iterate   27    f= -9.33827D+07    |proj g|=  6.35718D+03

At iterate   28    f= -9.33827D+07    |proj g|=  7.96282D+03

At iterate   29    f= -9.33827D+07    |proj g|=  1.74284D+03

At iterate   30    f= -9.33827D+07    |proj g|=  1.94448D+03

At iterate   31    f= -9.33827D+07    |proj g|=  3.58506D+03

At iterate   32    f= -9.33827D+07    |proj g|=  9.30248D+03

At iterate   33    f= -9.33827D+07    |proj g|=  1.44387D+03

At iterate   34    f= -9.33827D+07    |proj g|=  1.40142D+03

At iterate   35    f= -9.33827D+07    |proj g|=  1.63120D+03

At iterate   36    f= -9.33827D+07    |proj g|=  1.46865D+03

At iterate   37    f= -9.33827D+07    |proj g|=  2.52631D+03

At iterate   38    f= -9.33827D+07    |proj g|=  8.63083D+02

At iterate   39    f= -9.33827D+07    |proj g|=  8.57169D+02

At iterate   40    f= -9.33827D+07    |proj g|=  3.24635D+03

At iterate   41    f= -9.33827D+07    |proj g|=  9.68939D+02

At iterate   42    f= -9.33827D+07    |proj g|=  8.62191D+02

At iterate   43    f= -9.33827D+07    |proj g|=  1.45068D+03

           * * *

Tit   = total number of iterations
Tnf   = total number of function evaluations
Tnint = total number of segments explored during Cauchy searches
Skip  = number of BFGS updates skipped
Nact  = number of active bounds at final generalized Cauchy point
Projg = norm of the final projected gradient
F     = final function value

           * * *

   N    Tit     Tnf  Tnint  Skip  Nact     Projg        F
  927     43     47      1     0     0   1.451D+03  -9.338D+07
  F =  -93382667.006903529     

CONVERGENCE: REL_REDUCTION_OF_F_<=_FACTR*EPSMCH             

 Cauchy                time 0.000E+00 seconds.
 Subspace minimization time 0.000E+00 seconds.
 Line search           time 0.000E+00 seconds.

 Total User time 0.000E+00 seconds.

RUNNING THE L-BFGS-B CODE

           * * *

Machine precision = 2.220D-16
 N =          927     M =           10

At X0         0 variables are exactly at the bounds

At iterate    0    f= -9.39778D+07    |proj g|=  3.85227D+04

At iterate    1    f= -9.39780D+07    |proj g|=  3.65616D+04

At iterate    2    f= -9.39789D+07    |proj g|=  2.98761D+04

At iterate    3    f= -9.39792D+07    |proj g|=  5.01245D+04

At iterate    4    f= -9.39794D+07    |proj g|=  2.66245D+04

At iterate    5    f= -9.39796D+07    |proj g|=  4.06965D+04

At iterate    6    f= -9.39797D+07    |proj g|=  5.54908D+04

At iterate    7    f= -9.39798D+07    |proj g|=  2.92169D+04

At iterate    8    f= -9.39799D+07    |proj g|=  1.06391D+04

At iterate    9    f= -9.39799D+07    |proj g|=  1.68405D+04

At iterate   10    f= -9.39800D+07    |proj g|=  2.21721D+04

At iterate   11    f= -9.39800D+07    |proj g|=  1.00218D+04

At iterate   12    f= -9.39800D+07    |proj g|=  7.11278D+03

At iterate   13    f= -9.39801D+07    |proj g|=  9.11013D+03

At iterate   14    f= -9.39801D+07    |proj g|=  2.28352D+04

At iterate   15    f= -9.39801D+07    |proj g|=  6.37489D+03

At iterate   16    f= -9.39801D+07    |proj g|=  3.77755D+03

At iterate   17    f= -9.39801D+07    |proj g|=  5.21704D+03

At iterate   18    f= -9.39801D+07    |proj g|=  7.61154D+03

At iterate   19    f= -9.39801D+07    |proj g|=  1.60692D+04

At iterate   20    f= -9.39801D+07    |proj g|=  2.97587D+03

At iterate   21    f= -9.39801D+07    |proj g|=  2.66820D+03

At iterate   22    f= -9.39802D+07    |proj g|=  8.71317D+03

At iterate   23    f= -9.39802D+07    |proj g|=  9.39066D+03

At iterate   24    f= -9.39802D+07    |proj g|=  2.13344D+03

At iterate   25    f= -9.39802D+07    |proj g|=  3.70362D+03

At iterate   26    f= -9.39802D+07    |proj g|=  5.11453D+03

At iterate   27    f= -9.39802D+07    |proj g|=  6.14185D+03

At iterate   28    f= -9.39802D+07    |proj g|=  1.55131D+03

At iterate   29    f= -9.39802D+07    |proj g|=  1.19505D+03

At iterate   30    f= -9.39802D+07    |proj g|=  3.50503D+03

At iterate   31    f= -9.39802D+07    |proj g|=  5.51722D+03

At iterate   32    f= -9.39802D+07    |proj g|=  1.65939D+03

At iterate   33    f= -9.39802D+07    |proj g|=  1.12335D+03

At iterate   34    f= -9.39802D+07    |proj g|=  1.47317D+03

At iterate   35    f= -9.39802D+07    |proj g|=  4.57531D+03

At iterate   36    f= -9.39802D+07    |proj g|=  7.92019D+02

At iterate   37    f= -9.39802D+07    |proj g|=  7.83578D+02

           * * *

Tit   = total number of iterations
Tnf   = total number of function evaluations
Tnint = total number of segments explored during Cauchy searches
Skip  = number of BFGS updates skipped
Nact  = number of active bounds at final generalized Cauchy point
Projg = norm of the final projected gradient
F     = final function value

           * * *

   N    Tit     Tnf  Tnint  Skip  Nact     Projg        F
  927     37     42      1     0     0   7.836D+02  -9.398D+07
  F =  -93980181.194065079     

CONVERGENCE: REL_REDUCTION_OF_F_<=_FACTR*EPSMCH             

 Cauchy                time 0.000E+00 seconds.
 Subspace minimization time 0.000E+00 seconds.
 Line search           time 0.000E+00 seconds.

 Total User time 0.000E+00 seconds.

RUNNING THE L-BFGS-B CODE

           * * *

Machine precision = 2.220D-16
 N =            6     M =           10

At X0         0 variables are exactly at the bounds

At iterate    0    f=  1.95085D+04    |proj g|=  1.31599D+03

At iterate    1    f=  1.94679D+04    |proj g|=  1.79739D+02

At iterate    2    f=  1.94668D+04    |proj g|=  1.71385D+01

At iterate    3    f=  1.94668D+04    |proj g|=  1.24055D+01

At iterate    4    f=  1.94668D+04    |proj g|=  1.19107D+01

At iterate    5    f=  1.94667D+04    |proj g|=  3.38390D+01

At iterate    6    f=  1.94666D+04    |proj g|=  2.20207D+01

At iterate    7    f=  1.94666D+04    |proj g|=  1.90248D+01

At iterate    8    f=  1.94666D+04    |proj g|=  3.90901D+00

At iterate    9    f=  1.94666D+04    |proj g|=  3.40151D-01

At iterate   10    f=  1.94666D+04    |proj g|=  1.23691D-02

           * * *

Tit   = total number of iterations
Tnf   = total number of function evaluations
Tnint = total number of segments explored during Cauchy searches
Skip  = number of BFGS updates skipped
Nact  = number of active bounds at final generalized Cauchy point
Projg = norm of the final projected gradient
F     = final function value

           * * *

   N    Tit     Tnf  Tnint  Skip  Nact     Projg        F
    6     10     13      1     0     0   1.237D-02   1.947D+04
  F =   19466.579927345796     

CONVERGENCE: REL_REDUCTION_OF_F_<=_FACTR*EPSMCH             

 Cauchy                time 0.000E+00 seconds.
 Subspace minimization time 0.000E+00 seconds.
 Line search           time 0.000E+00 seconds.

 Total User time 0.000E+00 seconds.

RUNNING THE L-BFGS-B CODE

           * * *

Machine precision = 2.220D-16
 N =          927     M =           10

At X0         0 variables are exactly at the bounds

At iterate    0    f= -9.33727D+07    |proj g|=  4.83870D+04

At iterate    1    f= -9.33734D+07    |proj g|=  1.54138D+05

At iterate    2    f= -9.33743D+07    |proj g|=  8.63020D+04

At iterate    3    f= -9.33748D+07    |proj g|=  4.85373D+04

At iterate    4    f= -9.33753D+07    |proj g|=  4.73623D+04

At iterate    5    f= -9.33756D+07    |proj g|=  1.05025D+05

At iterate    6    f= -9.33760D+07    |proj g|=  2.32514D+04

At iterate    7    f= -9.33761D+07    |proj g|=  1.99475D+04

At iterate    8    f= -9.33762D+07    |proj g|=  2.20979D+04

At iterate    9    f= -9.33764D+07    |proj g|=  5.78412D+04

At iterate   10    f= -9.33765D+07    |proj g|=  1.75396D+04

At iterate   11    f= -9.33765D+07    |proj g|=  1.09782D+04

At iterate   12    f= -9.33766D+07    |proj g|=  2.19015D+04

At iterate   13    f= -9.33767D+07    |proj g|=  6.26765D+04

At iterate   14    f= -9.33767D+07    |proj g|=  1.22324D+04

At iterate   15    f= -9.33767D+07    |proj g|=  8.63458D+03

At iterate   16    f= -9.33767D+07    |proj g|=  1.18531D+04

At iterate   17    f= -9.33768D+07    |proj g|=  1.81088D+04

At iterate   18    f= -9.33768D+07    |proj g|=  3.40603D+04

At iterate   19    f= -9.33768D+07    |proj g|=  3.90642D+03

At iterate   20    f= -9.33768D+07    |proj g|=  4.40839D+03

At iterate   21    f= -9.33768D+07    |proj g|=  7.89859D+03

At iterate   22    f= -9.33768D+07    |proj g|=  9.83823D+03

At iterate   23    f= -9.33769D+07    |proj g|=  9.89380D+03

At iterate   24    f= -9.33769D+07    |proj g|=  2.93905D+03

At iterate   25    f= -9.33769D+07    |proj g|=  4.12269D+03

At iterate   26    f= -9.33769D+07    |proj g|=  9.03566D+03

At iterate   27    f= -9.33769D+07    |proj g|=  1.82625D+04

At iterate   28    f= -9.33769D+07    |proj g|=  4.05031D+03

At iterate   29    f= -9.33769D+07    |proj g|=  4.26154D+03

At iterate   30    f= -9.33769D+07    |proj g|=  5.45012D+03

At iterate   31    f= -9.33769D+07    |proj g|=  7.21500D+03

At iterate   32    f= -9.33769D+07    |proj g|=  3.33322D+03

At iterate   33    f= -9.33769D+07    |proj g|=  1.58895D+03

At iterate   34    f= -9.33769D+07    |proj g|=  2.29930D+03

At iterate   35    f= -9.33769D+07    |proj g|=  5.70611D+03

At iterate   36    f= -9.33769D+07    |proj g|=  3.13740D+03

At iterate   37    f= -9.33769D+07    |proj g|=  1.28485D+03

At iterate   38    f= -9.33769D+07    |proj g|=  2.23591D+03

At iterate   39    f= -9.33769D+07    |proj g|=  3.49302D+03

At iterate   40    f= -9.33769D+07    |proj g|=  2.13567D+03

At iterate   41    f= -9.33769D+07    |proj g|=  7.20833D+02

At iterate   42    f= -9.33769D+07    |proj g|=  1.26836D+03

At iterate   43    f= -9.33769D+07    |proj g|=  1.59089D+03

At iterate   44    f= -9.33769D+07    |proj g|=  2.79115D+03

At iterate   45    f= -9.33769D+07    |proj g|=  5.01981D+02

At iterate   46    f= -9.33769D+07    |proj g|=  1.09393D+03

           * * *

Tit   = total number of iterations
Tnf   = total number of function evaluations
Tnint = total number of segments explored during Cauchy searches
Skip  = number of BFGS updates skipped
Nact  = number of active bounds at final generalized Cauchy point
Projg = norm of the final projected gradient
F     = final function value

           * * *

   N    Tit     Tnf  Tnint  Skip  Nact     Projg        F
  927     46     50      1     0     0   1.094D+03  -9.338D+07
  F =  -93376892.785406351     

CONVERGENCE: REL_REDUCTION_OF_F_<=_FACTR*EPSMCH             

 Cauchy                time 0.000E+00 seconds.
 Subspace minimization time 0.000E+00 seconds.
 Line search           time 0.000E+00 seconds.

 Total User time 0.000E+00 seconds.

RUNNING THE L-BFGS-B CODE

           * * *

Machine precision = 2.220D-16
 N =          927     M =           10

At X0         0 variables are exactly at the bounds

At iterate    0    f= -9.40122D+07    |proj g|=  4.16436D+04

At iterate    1    f= -9.40125D+07    |proj g|=  7.05042D+04

At iterate    2    f= -9.40127D+07    |proj g|=  1.97112D+04

At iterate    3    f= -9.40130D+07    |proj g|=  1.89354D+04

At iterate    4    f= -9.40131D+07    |proj g|=  3.77334D+04

At iterate    5    f= -9.40132D+07    |proj g|=  7.46918D+04

At iterate    6    f= -9.40133D+07    |proj g|=  9.88804D+03

At iterate    7    f= -9.40133D+07    |proj g|=  1.48245D+04

At iterate    8    f= -9.40133D+07    |proj g|=  2.47269D+04

At iterate    9    f= -9.40134D+07    |proj g|=  2.65991D+04

At iterate   10    f= -9.40134D+07    |proj g|=  5.77444D+03

At iterate   11    f= -9.40134D+07    |proj g|=  4.45678D+03

At iterate   12    f= -9.40135D+07    |proj g|=  8.03754D+03

At iterate   13    f= -9.40135D+07    |proj g|=  1.77972D+04

At iterate   14    f= -9.40135D+07    |proj g|=  5.31596D+03

At iterate   15    f= -9.40135D+07    |proj g|=  3.25590D+03

At iterate   16    f= -9.40135D+07    |proj g|=  5.80693D+03

At iterate   17    f= -9.40135D+07    |proj g|=  1.72066D+04

At iterate   18    f= -9.40135D+07    |proj g|=  5.65583D+03

At iterate   19    f= -9.40135D+07    |proj g|=  4.20482D+03

At iterate   20    f= -9.40135D+07    |proj g|=  6.22814D+03

At iterate   21    f= -9.40135D+07    |proj g|=  1.17282D+04

At iterate   22    f= -9.40136D+07    |proj g|=  2.27770D+03

At iterate   23    f= -9.40136D+07    |proj g|=  1.69178D+03

At iterate   24    f= -9.40136D+07    |proj g|=  6.25998D+03

At iterate   25    f= -9.40136D+07    |proj g|=  5.74977D+03

At iterate   26    f= -9.40136D+07    |proj g|=  2.28177D+03

At iterate   27    f= -9.40136D+07    |proj g|=  1.57118D+03

At iterate   28    f= -9.40136D+07    |proj g|=  1.94956D+03

At iterate   29    f= -9.40136D+07    |proj g|=  4.17773D+03

At iterate   30    f= -9.40136D+07    |proj g|=  8.10923D+02

At iterate   31    f= -9.40136D+07    |proj g|=  9.05071D+02

At iterate   32    f= -9.40136D+07    |proj g|=  1.37756D+03

At iterate   33    f= -9.40136D+07    |proj g|=  2.93779D+03

At iterate   34    f= -9.40136D+07    |proj g|=  7.14274D+02

At iterate   35    f= -9.40136D+07    |proj g|=  6.31747D+02

At iterate   36    f= -9.40136D+07    |proj g|=  1.67444D+03

At iterate   37    f= -9.40136D+07    |proj g|=  7.08862D+02

At iterate   38    f= -9.40136D+07    |proj g|=  6.44106D+02

           * * *

Tit   = total number of iterations
Tnf   = total number of function evaluations
Tnint = total number of segments explored during Cauchy searches
Skip  = number of BFGS updates skipped
Nact  = number of active bounds at final generalized Cauchy point
Projg = norm of the final projected gradient
F     = final function value

           * * *

   N    Tit     Tnf  Tnint  Skip  Nact     Projg        F
  927     38     43      1     0     0   6.441D+02  -9.401D+07
  F =  -94013573.289234728     

CONVERGENCE: REL_REDUCTION_OF_F_<=_FACTR*EPSMCH             

 Cauchy                time 0.000E+00 seconds.
 Subspace minimization time 0.000E+00 seconds.
 Line search           time 0.000E+00 seconds.

 Total User time 0.000E+00 seconds.

RUNNING THE L-BFGS-B CODE

           * * *

Machine precision = 2.220D-16
 N =            6     M =           10

At X0         0 variables are exactly at the bounds

At iterate    0    f=  1.95457D+04    |proj g|=  8.79628D+02

At iterate    1    f=  1.95269D+04    |proj g|=  1.19320D+02

At iterate    2    f=  1.95264D+04    |proj g|=  1.02042D+01

At iterate    3    f=  1.95264D+04    |proj g|=  8.08795D+00

At iterate    4    f=  1.95263D+04    |proj g|=  7.81329D+00

At iterate    5    f=  1.95263D+04    |proj g|=  2.12425D+01

At iterate    6    f=  1.95263D+04    |proj g|=  1.41525D+01

At iterate    7    f=  1.95263D+04    |proj g|=  1.26744D+01

At iterate    8    f=  1.95263D+04    |proj g|=  2.91730D+00

At iterate    9    f=  1.95263D+04    |proj g|=  2.64845D-01

At iterate   10    f=  1.95263D+04    |proj g|=  9.09495D-03

           * * *

Tit   = total number of iterations
Tnf   = total number of function evaluations
Tnint = total number of segments explored during Cauchy searches
Skip  = number of BFGS updates skipped
Nact  = number of active bounds at final generalized Cauchy point
Projg = norm of the final projected gradient
F     = final function value

           * * *

   N    Tit     Tnf  Tnint  Skip  Nact     Projg        F
    6     10     13      1     0     0   9.095D-03   1.953D+04
  F =   19526.271860511653     

CONVERGENCE: REL_REDUCTION_OF_F_<=_FACTR*EPSMCH             

 Cauchy                time 0.000E+00 seconds.
 Subspace minimization time 0.000E+00 seconds.
 Line search           time 0.000E+00 seconds.

 Total User time 0.000E+00 seconds.

RUNNING THE L-BFGS-B CODE

           * * *

Machine precision = 2.220D-16
 N =          927     M =           10

At X0         0 variables are exactly at the bounds

At iterate    0    f= -9.33695D+07    |proj g|=  3.37373D+04

At iterate    1    f= -9.33702D+07    |proj g|=  6.59829D+04

At iterate    2    f= -9.33709D+07    |proj g|=  4.96687D+04

At iterate    3    f= -9.33714D+07    |proj g|=  4.04248D+04

At iterate    4    f= -9.33718D+07    |proj g|=  6.83265D+04

At iterate    5    f= -9.33720D+07    |proj g|=  2.56322D+04

At iterate    6    f= -9.33723D+07    |proj g|=  1.99134D+04

At iterate    7    f= -9.33725D+07    |proj g|=  6.46859D+04

At iterate    8    f= -9.33726D+07    |proj g|=  4.47588D+04

At iterate    9    f= -9.33727D+07    |proj g|=  1.52646D+04

At iterate   10    f= -9.33728D+07    |proj g|=  1.74553D+04

At iterate   11    f= -9.33729D+07    |proj g|=  4.85836D+04

At iterate   12    f= -9.33730D+07    |proj g|=  2.48105D+04

At iterate   13    f= -9.33730D+07    |proj g|=  9.76125D+03

At iterate   14    f= -9.33731D+07    |proj g|=  1.88746D+04

At iterate   15    f= -9.33731D+07    |proj g|=  1.26044D+04

At iterate   16    f= -9.33731D+07    |proj g|=  9.32229D+03

At iterate   17    f= -9.33732D+07    |proj g|=  2.15013D+04

At iterate   18    f= -9.33732D+07    |proj g|=  6.67325D+03

At iterate   19    f= -9.33732D+07    |proj g|=  7.06050D+03

At iterate   20    f= -9.33732D+07    |proj g|=  1.04109D+04

At iterate   21    f= -9.33732D+07    |proj g|=  2.99145D+04

At iterate   22    f= -9.33732D+07    |proj g|=  4.26923D+03

At iterate   23    f= -9.33732D+07    |proj g|=  2.75646D+03

At iterate   24    f= -9.33733D+07    |proj g|=  4.48870D+03

At iterate   25    f= -9.33733D+07    |proj g|=  1.51572D+04

At iterate   26    f= -9.33733D+07    |proj g|=  3.55773D+03

At iterate   27    f= -9.33733D+07    |proj g|=  2.56646D+03

At iterate   28    f= -9.33733D+07    |proj g|=  4.91541D+03

At iterate   29    f= -9.33733D+07    |proj g|=  1.57610D+04

At iterate   30    f= -9.33733D+07    |proj g|=  2.40822D+03

At iterate   31    f= -9.33733D+07    |proj g|=  4.12720D+03

At iterate   32    f= -9.33733D+07    |proj g|=  5.49144D+03

At iterate   33    f= -9.33733D+07    |proj g|=  7.63946D+03

At iterate   34    f= -9.33733D+07    |proj g|=  1.22158D+04

At iterate   35    f= -9.33733D+07    |proj g|=  1.94764D+03

At iterate   36    f= -9.33733D+07    |proj g|=  3.04848D+03

At iterate   37    f= -9.33733D+07    |proj g|=  4.47868D+03

At iterate   38    f= -9.33733D+07    |proj g|=  1.10231D+04

At iterate   39    f= -9.33733D+07    |proj g|=  2.24137D+03

At iterate   40    f= -9.33733D+07    |proj g|=  1.14216D+03

At iterate   41    f= -9.33733D+07    |proj g|=  2.99934D+03

At iterate   42    f= -9.33733D+07    |proj g|=  4.25336D+03

At iterate   43    f= -9.33733D+07    |proj g|=  5.87583D+03

At iterate   44    f= -9.33733D+07    |proj g|=  9.47581D+02

At iterate   45    f= -9.33733D+07    |proj g|=  2.45395D+03

At iterate   46    f= -9.33733D+07    |proj g|=  2.84108D+03

At iterate   47    f= -9.33733D+07    |proj g|=  6.47820D+03

At iterate   48    f= -9.33733D+07    |proj g|=  6.93836D+02

At iterate   49    f= -9.33733D+07    |proj g|=  5.67435D+02

           * * *

Tit   = total number of iterations
Tnf   = total number of function evaluations
Tnint = total number of segments explored during Cauchy searches
Skip  = number of BFGS updates skipped
Nact  = number of active bounds at final generalized Cauchy point
Projg = norm of the final projected gradient
F     = final function value

           * * *

   N    Tit     Tnf  Tnint  Skip  Nact     Projg        F
  927     49     53      1     0     0   5.674D+02  -9.337D+07
  F =  -93373320.461082071     

CONVERGENCE: REL_REDUCTION_OF_F_<=_FACTR*EPSMCH             

 Cauchy                time 0.000E+00 seconds.
 Subspace minimization time 0.000E+00 seconds.
 Line search           time 0.000E+00 seconds.

 Total User time 0.000E+00 seconds.

RUNNING THE L-BFGS-B CODE

           * * *

Machine precision = 2.220D-16
 N =          927     M =           10

At X0         0 variables are exactly at the bounds

At iterate    0    f= -9.40395D+07    |proj g|=  3.29352D+04

At iterate    1    f= -9.40397D+07    |proj g|=  5.19333D+04

At iterate    2    f= -9.40399D+07    |proj g|=  1.54239D+04

At iterate    3    f= -9.40400D+07    |proj g|=  1.30348D+04

At iterate    4    f= -9.40401D+07    |proj g|=  3.25187D+04

At iterate    5    f= -9.40402D+07    |proj g|=  9.31409D+03

At iterate    6    f= -9.40402D+07    |proj g|=  7.86683D+03

At iterate    7    f= -9.40403D+07    |proj g|=  1.05143D+04

At iterate    8    f= -9.40403D+07    |proj g|=  3.36395D+04

At iterate    9    f= -9.40403D+07    |proj g|=  7.33567D+03

At iterate   10    f= -9.40404D+07    |proj g|=  5.06619D+03

At iterate   11    f= -9.40404D+07    |proj g|=  6.50273D+03

At iterate   12    f= -9.40404D+07    |proj g|=  1.24207D+04

At iterate   13    f= -9.40404D+07    |proj g|=  1.26100D+04

At iterate   14    f= -9.40404D+07    |proj g|=  3.55079D+03

At iterate   15    f= -9.40404D+07    |proj g|=  5.04329D+03

At iterate   16    f= -9.40404D+07    |proj g|=  8.88179D+03

At iterate   17    f= -9.40405D+07    |proj g|=  1.00010D+04

At iterate   18    f= -9.40405D+07    |proj g|=  2.66486D+03

At iterate   19    f= -9.40405D+07    |proj g|=  4.88376D+03

At iterate   20    f= -9.40405D+07    |proj g|=  7.33789D+03

At iterate   21    f= -9.40405D+07    |proj g|=  1.76553D+04

At iterate   22    f= -9.40405D+07    |proj g|=  1.86421D+03

At iterate   23    f= -9.40405D+07    |proj g|=  1.97138D+03

At iterate   24    f= -9.40405D+07    |proj g|=  3.59418D+03

At iterate   25    f= -9.40405D+07    |proj g|=  6.49660D+03

At iterate   26    f= -9.40405D+07    |proj g|=  2.87022D+03

At iterate   27    f= -9.40405D+07    |proj g|=  1.31348D+03

At iterate   28    f= -9.40405D+07    |proj g|=  2.33114D+03

At iterate   29    f= -9.40405D+07    |proj g|=  3.62380D+03

At iterate   30    f= -9.40405D+07    |proj g|=  1.67707D+03

At iterate   31    f= -9.40405D+07    |proj g|=  1.10573D+03

At iterate   32    f= -9.40405D+07    |proj g|=  1.09073D+03

At iterate   33    f= -9.40405D+07    |proj g|=  2.40315D+03

At iterate   34    f= -9.40405D+07    |proj g|=  1.62147D+03

At iterate   35    f= -9.40405D+07    |proj g|=  6.26781D+02

At iterate   36    f= -9.40405D+07    |proj g|=  6.55137D+02

At iterate   37    f= -9.40405D+07    |proj g|=  1.21009D+03

At iterate   38    f= -9.40405D+07    |proj g|=  1.63528D+03

           * * *

Tit   = total number of iterations
Tnf   = total number of function evaluations
Tnint = total number of segments explored during Cauchy searches
Skip  = number of BFGS updates skipped
Nact  = number of active bounds at final generalized Cauchy point
Projg = norm of the final projected gradient
F     = final function value

           * * *

   N    Tit     Tnf  Tnint  Skip  Nact     Projg        F
  927     38     41      1     0     0   1.635D+03  -9.404D+07
  F =  -94040495.369021326     

CONVERGENCE: REL_REDUCTION_OF_F_<=_FACTR*EPSMCH             

 Cauchy                time 0.000E+00 seconds.
 Subspace minimization time 0.000E+00 seconds.
 Line search           time 0.000E+00 seconds.

 Total User time 0.000E+00 seconds.

RUNNING THE L-BFGS-B CODE

           * * *

Machine precision = 2.220D-16
 N =            6     M =           10

At X0         0 variables are exactly at the bounds

At iterate    0    f=  1.97568D+04    |proj g|=  5.75995D+02

At iterate    1    f=  1.97485D+04    |proj g|=  8.04652D+01

At iterate    2    f=  1.97483D+04    |proj g|=  1.14062D+01

At iterate    3    f=  1.97483D+04    |proj g|=  1.10424D+01

At iterate    4    f=  1.97483D+04    |proj g|=  1.87349D+01

At iterate    5    f=  1.97482D+04    |proj g|=  2.04327D+01

At iterate    6    f=  1.97482D+04    |proj g|=  7.92425D+00

At iterate    7    f=  1.97482D+04    |proj g|=  2.94676D-01

At iterate    8    f=  1.97482D+04    |proj g|=  1.88084D-01

           * * *

Tit   = total number of iterations
Tnf   = total number of function evaluations
Tnint = total number of segments explored during Cauchy searches
Skip  = number of BFGS updates skipped
Nact  = number of active bounds at final generalized Cauchy point
Projg = norm of the final projected gradient
F     = final function value

           * * *

   N    Tit     Tnf  Tnint  Skip  Nact     Projg        F
    6      8     11      1     0     0   1.881D-01   1.975D+04
  F =   19748.162767154998     

CONVERGENCE: REL_REDUCTION_OF_F_<=_FACTR*EPSMCH             

 Cauchy                time 0.000E+00 seconds.
 Subspace minimization time 0.000E+00 seconds.
 Line search           time 0.000E+00 seconds.

 Total User time 0.000E+00 seconds.

RUNNING THE L-BFGS-B CODE

           * * *

Machine precision = 2.220D-16
 N =          927     M =           10

At X0         0 variables are exactly at the bounds

At iterate    0    f= -9.33622D+07    |proj g|=  4.10937D+04

At iterate    1    f= -9.33627D+07    |proj g|=  4.01873D+04

At iterate    2    f= -9.33641D+07    |proj g|=  4.89799D+04

At iterate    3    f= -9.33645D+07    |proj g|=  1.14787D+05

At iterate    4    f= -9.33649D+07    |proj g|=  3.43369D+04

At iterate    5    f= -9.33652D+07    |proj g|=  2.34601D+04

At iterate    6    f= -9.33654D+07    |proj g|=  7.08376D+04

At iterate    7    f= -9.33656D+07    |proj g|=  1.90005D+04

At iterate    8    f= -9.33657D+07    |proj g|=  2.19425D+04

At iterate    9    f= -9.33658D+07    |proj g|=  1.47607D+04

At iterate   10    f= -9.33659D+07    |proj g|=  1.25380D+04

At iterate   11    f= -9.33660D+07    |proj g|=  1.49734D+04

At iterate   12    f= -9.33660D+07    |proj g|=  1.91136D+04

At iterate   13    f= -9.33661D+07    |proj g|=  1.05688D+04

At iterate   14    f= -9.33661D+07    |proj g|=  1.42557D+04

At iterate   15    f= -9.33662D+07    |proj g|=  2.06609D+04

At iterate   16    f= -9.33662D+07    |proj g|=  1.25289D+04

At iterate   17    f= -9.33662D+07    |proj g|=  9.84734D+03

At iterate   18    f= -9.33663D+07    |proj g|=  1.84061D+04

At iterate   19    f= -9.33663D+07    |proj g|=  7.38463D+03

At iterate   20    f= -9.33663D+07    |proj g|=  5.47283D+03

At iterate   21    f= -9.33663D+07    |proj g|=  2.03383D+04

At iterate   22    f= -9.33663D+07    |proj g|=  1.23564D+04

At iterate   23    f= -9.33663D+07    |proj g|=  4.78307D+03

At iterate   24    f= -9.33663D+07    |proj g|=  1.07624D+04

At iterate   25    f= -9.33663D+07    |proj g|=  4.81160D+03

At iterate   26    f= -9.33663D+07    |proj g|=  2.94037D+03

At iterate   27    f= -9.33663D+07    |proj g|=  1.33891D+04

At iterate   28    f= -9.33663D+07    |proj g|=  8.81012D+03

At iterate   29    f= -9.33663D+07    |proj g|=  8.01555D+03

At iterate   30    f= -9.33664D+07    |proj g|=  5.69180D+03

At iterate   31    f= -9.33664D+07    |proj g|=  3.53265D+03

At iterate   32    f= -9.33664D+07    |proj g|=  1.59946D+03

At iterate   33    f= -9.33664D+07    |proj g|=  3.91563D+03

At iterate   34    f= -9.33664D+07    |proj g|=  2.20420D+03

At iterate   35    f= -9.33664D+07    |proj g|=  2.48441D+03

At iterate   36    f= -9.33664D+07    |proj g|=  3.48240D+03

At iterate   37    f= -9.33664D+07    |proj g|=  1.94139D+03

At iterate   38    f= -9.33664D+07    |proj g|=  3.00950D+03

At iterate   39    f= -9.33664D+07    |proj g|=  3.40705D+03

At iterate   40    f= -9.33664D+07    |proj g|=  1.73318D+03

At iterate   41    f= -9.33664D+07    |proj g|=  9.11118D+02

At iterate   42    f= -9.33664D+07    |proj g|=  1.42583D+03

At iterate   43    f= -9.33664D+07    |proj g|=  2.43431D+03

           * * *

Tit   = total number of iterations
Tnf   = total number of function evaluations
Tnint = total number of segments explored during Cauchy searches
Skip  = number of BFGS updates skipped
Nact  = number of active bounds at final generalized Cauchy point
Projg = norm of the final projected gradient
F     = final function value

           * * *

   N    Tit     Tnf  Tnint  Skip  Nact     Projg        F
  927     43     47      1     0     0   2.434D+03  -9.337D+07
  F =  -93366363.074111775     

CONVERGENCE: REL_REDUCTION_OF_F_<=_FACTR*EPSMCH             

 Cauchy                time 0.000E+00 seconds.
 Subspace minimization time 0.000E+00 seconds.
 Line search           time 0.000E+00 seconds.

 Total User time 0.000E+00 seconds.

RUNNING THE L-BFGS-B CODE

           * * *

Machine precision = 2.220D-16
 N =          927     M =           10

At X0         0 variables are exactly at the bounds

At iterate    0    f= -9.40701D+07    |proj g|=  2.32024D+04

At iterate    1    f= -9.40702D+07    |proj g|=  3.61284D+04

At iterate    2    f= -9.40703D+07    |proj g|=  1.55291D+04

At iterate    3    f= -9.40705D+07    |proj g|=  1.25845D+04

At iterate    4    f= -9.40705D+07    |proj g|=  4.05050D+04

At iterate    5    f= -9.40706D+07    |proj g|=  7.30153D+03

At iterate    6    f= -9.40706D+07    |proj g|=  8.67802D+03

At iterate    7    f= -9.40707D+07    |proj g|=  1.25374D+04

At iterate    8    f= -9.40707D+07    |proj g|=  3.22285D+04

At iterate    9    f= -9.40707D+07    |proj g|=  6.75450D+03

At iterate   10    f= -9.40707D+07    |proj g|=  4.88706D+03

At iterate   11    f= -9.40708D+07    |proj g|=  1.04647D+04

At iterate   12    f= -9.40708D+07    |proj g|=  1.83770D+04

At iterate   13    f= -9.40708D+07    |proj g|=  5.12311D+03

At iterate   14    f= -9.40708D+07    |proj g|=  3.89636D+03

At iterate   15    f= -9.40708D+07    |proj g|=  4.91341D+03

At iterate   16    f= -9.40708D+07    |proj g|=  7.27305D+03

At iterate   17    f= -9.40708D+07    |proj g|=  1.41629D+04

At iterate   18    f= -9.40708D+07    |proj g|=  2.58355D+03

At iterate   19    f= -9.40708D+07    |proj g|=  2.54854D+03

At iterate   20    f= -9.40708D+07    |proj g|=  8.25616D+03

At iterate   21    f= -9.40708D+07    |proj g|=  1.55052D+04

At iterate   22    f= -9.40709D+07    |proj g|=  2.94140D+03

At iterate   23    f= -9.40709D+07    |proj g|=  2.41850D+03

At iterate   24    f= -9.40709D+07    |proj g|=  4.57361D+03

At iterate   25    f= -9.40709D+07    |proj g|=  5.21635D+03

At iterate   26    f= -9.40709D+07    |proj g|=  3.50550D+03

At iterate   27    f= -9.40709D+07    |proj g|=  1.25127D+03

At iterate   28    f= -9.40709D+07    |proj g|=  2.00556D+03

At iterate   29    f= -9.40709D+07    |proj g|=  2.97222D+03

At iterate   30    f= -9.40709D+07    |proj g|=  1.14559D+03

At iterate   31    f= -9.40709D+07    |proj g|=  1.19730D+03

At iterate   32    f= -9.40709D+07    |proj g|=  2.54087D+03

At iterate   33    f= -9.40709D+07    |proj g|=  1.16935D+03

At iterate   34    f= -9.40709D+07    |proj g|=  8.86785D+02

At iterate   35    f= -9.40709D+07    |proj g|=  2.06528D+03

At iterate   36    f= -9.40709D+07    |proj g|=  8.60418D+02

At iterate   37    f= -9.40709D+07    |proj g|=  7.07405D+02

At iterate   38    f= -9.40709D+07    |proj g|=  2.01590D+03

At iterate   39    f= -9.40709D+07    |proj g|=  3.62149D+03

           * * *

Tit   = total number of iterations
Tnf   = total number of function evaluations
Tnint = total number of segments explored during Cauchy searches
Skip  = number of BFGS updates skipped
Nact  = number of active bounds at final generalized Cauchy point
Projg = norm of the final projected gradient
F     = final function value

           * * *

   N    Tit     Tnf  Tnint  Skip  Nact     Projg        F
  927     39     44      1     0     0   3.621D+03  -9.407D+07
  F =  -94070869.028996691     

CONVERGENCE: REL_REDUCTION_OF_F_<=_FACTR*EPSMCH             

 Cauchy                time 0.000E+00 seconds.
 Subspace minimization time 0.000E+00 seconds.
 Line search           time 0.000E+00 seconds.

 Total User time 0.000E+00 seconds.

RUNNING THE L-BFGS-B CODE

           * * *

Machine precision = 2.220D-16
 N =            6     M =           10

At X0         0 variables are exactly at the bounds

At iterate    0    f=  1.99187D+04    |proj g|=  3.38347D+02

At iterate    1    f=  1.99155D+04    |proj g|=  4.47599D+01

At iterate    2    f=  1.99154D+04    |proj g|=  1.73062D+01

At iterate    3    f=  1.99154D+04    |proj g|=  1.66445D+01

At iterate    4    f=  1.99151D+04    |proj g|=  3.97285D+01

At iterate    5    f=  1.99151D+04    |proj g|=  4.67171D+01

At iterate    6    f=  1.99150D+04    |proj g|=  1.66390D+01

At iterate    7    f=  1.99150D+04    |proj g|=  4.68863D+00

At iterate    8    f=  1.99150D+04    |proj g|=  5.14046D-01

At iterate    9    f=  1.99150D+04    |proj g|=  2.54659D-02

           * * *

Tit   = total number of iterations
Tnf   = total number of function evaluations
Tnint = total number of segments explored during Cauchy searches
Skip  = number of BFGS updates skipped
Nact  = number of active bounds at final generalized Cauchy point
Projg = norm of the final projected gradient
F     = final function value

           * * *

   N    Tit     Tnf  Tnint  Skip  Nact     Projg        F
    6      9     11      1     0     0   2.547D-02   1.992D+04
  F =   19915.030199801637     

CONVERGENCE: REL_REDUCTION_OF_F_<=_FACTR*EPSMCH             

 Cauchy                time 0.000E+00 seconds.
 Subspace minimization time 0.000E+00 seconds.
 Line search           time 0.000E+00 seconds.

 Total User time 0.000E+00 seconds.

RUNNING THE L-BFGS-B CODE

           * * *

Machine precision = 2.220D-16
 N =          927     M =           10

At X0         0 variables are exactly at the bounds

At iterate    0    f= -9.33539D+07    |proj g|=  3.46671D+04

At iterate    1    f= -9.33541D+07    |proj g|=  3.36213D+04

At iterate    2    f= -9.33550D+07    |proj g|=  6.37487D+04

At iterate    3    f= -9.33552D+07    |proj g|=  1.02383D+05

At iterate    4    f= -9.33554D+07    |proj g|=  5.44439D+04

At iterate    5    f= -9.33556D+07    |proj g|=  1.55290D+04

At iterate    6    f= -9.33558D+07    |proj g|=  5.48873D+04

At iterate    7    f= -9.33559D+07    |proj g|=  1.54966D+04

At iterate    8    f= -9.33560D+07    |proj g|=  1.86428D+04

At iterate    9    f= -9.33561D+07    |proj g|=  2.05437D+04

At iterate   10    f= -9.33562D+07    |proj g|=  1.21911D+04

At iterate   11    f= -9.33563D+07    |proj g|=  1.31139D+04

At iterate   12    f= -9.33563D+07    |proj g|=  2.31461D+04

At iterate   13    f= -9.33564D+07    |proj g|=  1.38308D+04

At iterate   14    f= -9.33564D+07    |proj g|=  8.93145D+03

At iterate   15    f= -9.33564D+07    |proj g|=  4.89547D+03

At iterate   16    f= -9.33565D+07    |proj g|=  1.92697D+04

At iterate   17    f= -9.33565D+07    |proj g|=  4.68915D+03

At iterate   18    f= -9.33565D+07    |proj g|=  5.20557D+03

At iterate   19    f= -9.33565D+07    |proj g|=  6.16411D+03

At iterate   20    f= -9.33565D+07    |proj g|=  1.61317D+04

At iterate   21    f= -9.33565D+07    |proj g|=  4.07397D+03

At iterate   22    f= -9.33565D+07    |proj g|=  4.15985D+03

At iterate   23    f= -9.33565D+07    |proj g|=  5.72389D+03

At iterate   24    f= -9.33565D+07    |proj g|=  2.28939D+04

At iterate   25    f= -9.33565D+07    |proj g|=  3.11980D+03

At iterate   26    f= -9.33565D+07    |proj g|=  2.69055D+03

At iterate   27    f= -9.33565D+07    |proj g|=  3.35501D+03

At iterate   28    f= -9.33565D+07    |proj g|=  6.38048D+03

At iterate   29    f= -9.33565D+07    |proj g|=  1.06115D+04

At iterate   30    f= -9.33565D+07    |proj g|=  1.56756D+03

At iterate   31    f= -9.33565D+07    |proj g|=  1.56698D+03

At iterate   32    f= -9.33565D+07    |proj g|=  2.90649D+03

At iterate   33    f= -9.33565D+07    |proj g|=  1.10606D+04

At iterate   34    f= -9.33565D+07    |proj g|=  2.47509D+03

At iterate   35    f= -9.33565D+07    |proj g|=  1.39527D+03

At iterate   36    f= -9.33565D+07    |proj g|=  2.10784D+03

At iterate   37    f= -9.33565D+07    |proj g|=  2.47109D+03

At iterate   38    f= -9.33565D+07    |proj g|=  3.27708D+03

At iterate   39    f= -9.33565D+07    |proj g|=  9.49949D+02

At iterate   40    f= -9.33565D+07    |proj g|=  7.26836D+02

At iterate   41    f= -9.33565D+07    |proj g|=  2.46893D+03

At iterate   42    f= -9.33565D+07    |proj g|=  1.55463D+03

           * * *

Tit   = total number of iterations
Tnf   = total number of function evaluations
Tnint = total number of segments explored during Cauchy searches
Skip  = number of BFGS updates skipped
Nact  = number of active bounds at final generalized Cauchy point
Projg = norm of the final projected gradient
F     = final function value

           * * *

   N    Tit     Tnf  Tnint  Skip  Nact     Projg        F
  927     42     46      1     0     0   1.555D+03  -9.336D+07
  F =  -93356538.314723402     

CONVERGENCE: REL_REDUCTION_OF_F_<=_FACTR*EPSMCH             

 Cauchy                time 0.000E+00 seconds.
 Subspace minimization time 0.000E+00 seconds.
 Line search           time 0.000E+00 seconds.

 Total User time 0.000E+00 seconds.

RUNNING THE L-BFGS-B CODE

           * * *

Machine precision = 2.220D-16
 N =          927     M =           10

At X0         0 variables are exactly at the bounds

At iterate    0    f= -9.40977D+07    |proj g|=  1.57533D+04

At iterate    1    f= -9.40978D+07    |proj g|=  2.61027D+04

At iterate    2    f= -9.40979D+07    |proj g|=  1.31364D+04

At iterate    3    f= -9.40980D+07    |proj g|=  8.79307D+03

At iterate    4    f= -9.40981D+07    |proj g|=  3.83147D+04

At iterate    5    f= -9.40981D+07    |proj g|=  7.18877D+03

At iterate    6    f= -9.40982D+07    |proj g|=  1.11145D+04

At iterate    7    f= -9.40982D+07    |proj g|=  1.26499D+04

At iterate    8    f= -9.40982D+07    |proj g|=  3.46492D+04

At iterate    9    f= -9.40983D+07    |proj g|=  5.31577D+03

At iterate   10    f= -9.40983D+07    |proj g|=  4.40687D+03

At iterate   11    f= -9.40983D+07    |proj g|=  8.71662D+03

At iterate   12    f= -9.40983D+07    |proj g|=  1.76464D+04

At iterate   13    f= -9.40983D+07    |proj g|=  3.88456D+03

At iterate   14    f= -9.40983D+07    |proj g|=  3.35737D+03

At iterate   15    f= -9.40983D+07    |proj g|=  5.32675D+03

At iterate   16    f= -9.40983D+07    |proj g|=  2.04850D+04

At iterate   17    f= -9.40983D+07    |proj g|=  4.07317D+03

At iterate   18    f= -9.40984D+07    |proj g|=  2.72448D+03

At iterate   19    f= -9.40984D+07    |proj g|=  4.32419D+03

At iterate   20    f= -9.40984D+07    |proj g|=  5.98528D+03

At iterate   21    f= -9.40984D+07    |proj g|=  5.95585D+03

At iterate   22    f= -9.40984D+07    |proj g|=  1.89964D+03

At iterate   23    f= -9.40984D+07    |proj g|=  3.44199D+03

At iterate   24    f= -9.40984D+07    |proj g|=  6.41673D+03

At iterate   25    f= -9.40984D+07    |proj g|=  2.72127D+03

At iterate   26    f= -9.40984D+07    |proj g|=  4.93009D+03

At iterate   27    f= -9.40984D+07    |proj g|=  2.13380D+03

At iterate   28    f= -9.40984D+07    |proj g|=  1.99351D+03

At iterate   29    f= -9.40984D+07    |proj g|=  3.21905D+03

At iterate   30    f= -9.40984D+07    |proj g|=  2.43264D+03

At iterate   31    f= -9.40984D+07    |proj g|=  8.80008D+02

At iterate   32    f= -9.40984D+07    |proj g|=  1.34192D+03

At iterate   33    f= -9.40984D+07    |proj g|=  3.38540D+03

At iterate   34    f= -9.40984D+07    |proj g|=  1.22596D+03

At iterate   35    f= -9.40984D+07    |proj g|=  6.74537D+02

At iterate   36    f= -9.40984D+07    |proj g|=  1.12520D+03

At iterate   37    f= -9.40984D+07    |proj g|=  1.65641D+03

At iterate   38    f= -9.40984D+07    |proj g|=  1.04430D+03

At iterate   39    f= -9.40984D+07    |proj g|=  5.97584D+02

           * * *

Tit   = total number of iterations
Tnf   = total number of function evaluations
Tnint = total number of segments explored during Cauchy searches
Skip  = number of BFGS updates skipped
Nact  = number of active bounds at final generalized Cauchy point
Projg = norm of the final projected gradient
F     = final function value

           * * *

   N    Tit     Tnf  Tnint  Skip  Nact     Projg        F
  927     39     43      1     0     0   5.976D+02  -9.410D+07
  F =  -94098390.473554298     

CONVERGENCE: REL_REDUCTION_OF_F_<=_FACTR*EPSMCH             

 Cauchy                time 0.000E+00 seconds.
 Subspace minimization time 0.000E+00 seconds.
 Line search           time 0.000E+00 seconds.

 Total User time 0.000E+00 seconds.

RUNNING THE L-BFGS-B CODE

           * * *

Machine precision = 2.220D-16
 N =            6     M =           10

At X0         0 variables are exactly at the bounds

At iterate    0    f=  2.00866D+04    |proj g|=  2.11695D+02

At iterate    1    f=  2.00849D+04    |proj g|=  3.02458D+01

At iterate    2    f=  2.00848D+04    |proj g|=  1.97691D+01

At iterate    3    f=  2.00847D+04    |proj g|=  1.86690D+01

At iterate    4    f=  2.00845D+04    |proj g|=  4.28961D+01

At iterate    5    f=  2.00844D+04    |proj g|=  3.89318D+01

At iterate    6    f=  2.00844D+04    |proj g|=  4.94507D+01

At iterate    7    f=  2.00843D+04    |proj g|=  1.69894D+01

At iterate    8    f=  2.00843D+04    |proj g|=  2.29520D+00

At iterate    9    f=  2.00843D+04    |proj g|=  1.05865D-01

At iterate   10    f=  2.00843D+04    |proj g|=  1.01863D-02

           * * *

Tit   = total number of iterations
Tnf   = total number of function evaluations
Tnint = total number of segments explored during Cauchy searches
Skip  = number of BFGS updates skipped
Nact  = number of active bounds at final generalized Cauchy point
Projg = norm of the final projected gradient
F     = final function value

           * * *

   N    Tit     Tnf  Tnint  Skip  Nact     Projg        F
    6     10     13      1     0     0   1.019D-02   2.008D+04
  F =   20084.277087900715     

CONVERGENCE: REL_REDUCTION_OF_F_<=_FACTR*EPSMCH             

 Cauchy                time 0.000E+00 seconds.
 Subspace minimization time 0.000E+00 seconds.
 Line search           time 0.000E+00 seconds.

 Total User time 0.000E+00 seconds.

RUNNING THE L-BFGS-B CODE

           * * *

Machine precision = 2.220D-16
 N =          927     M =           10

At X0         0 variables are exactly at the bounds

At iterate    0    f= -9.33458D+07    |proj g|=  3.87861D+04

At iterate    1    f= -9.33463D+07    |proj g|=  6.58729D+04

At iterate    2    f= -9.33467D+07    |proj g|=  2.60799D+04

At iterate    3    f= -9.33470D+07    |proj g|=  2.34435D+04

At iterate    4    f= -9.33472D+07    |proj g|=  2.68616D+04

At iterate    5    f= -9.33473D+07    |proj g|=  2.06283D+04

At iterate    6    f= -9.33474D+07    |proj g|=  1.53182D+04

At iterate    7    f= -9.33475D+07    |proj g|=  2.21236D+04

At iterate    8    f= -9.33477D+07    |proj g|=  1.54067D+04

At iterate    9    f= -9.33477D+07    |proj g|=  1.38326D+04

At iterate   10    f= -9.33479D+07    |proj g|=  2.33604D+04

At iterate   11    f= -9.33479D+07    |proj g|=  4.14922D+04

At iterate   12    f= -9.33480D+07    |proj g|=  1.66025D+04

At iterate   13    f= -9.33481D+07    |proj g|=  9.30698D+03

At iterate   14    f= -9.33482D+07    |proj g|=  2.06026D+04

At iterate   15    f= -9.33483D+07    |proj g|=  2.27492D+04

At iterate   16    f= -9.33484D+07    |proj g|=  3.03027D+04

At iterate   17    f= -9.33484D+07    |proj g|=  1.26432D+04

At iterate   18    f= -9.33485D+07    |proj g|=  1.30764D+04

At iterate   19    f= -9.33486D+07    |proj g|=  2.99721D+04

At iterate   20    f= -9.33486D+07    |proj g|=  3.38824D+04

At iterate   21    f= -9.33487D+07    |proj g|=  7.31874D+03

At iterate   22    f= -9.33488D+07    |proj g|=  1.34325D+04

At iterate   23    f= -9.33488D+07    |proj g|=  1.95166D+04

At iterate   24    f= -9.33488D+07    |proj g|=  2.49247D+04

At iterate   25    f= -9.33489D+07    |proj g|=  1.25064D+04

At iterate   26    f= -9.33489D+07    |proj g|=  7.25692D+03

At iterate   27    f= -9.33489D+07    |proj g|=  6.36867D+03

At iterate   28    f= -9.33490D+07    |proj g|=  2.05215D+04

At iterate   29    f= -9.33490D+07    |proj g|=  1.04555D+04

At iterate   30    f= -9.33490D+07    |proj g|=  5.42553D+03

At iterate   31    f= -9.33490D+07    |proj g|=  3.62214D+03

At iterate   32    f= -9.33490D+07    |proj g|=  5.96328D+03

At iterate   33    f= -9.33490D+07    |proj g|=  6.97325D+03

At iterate   34    f= -9.33490D+07    |proj g|=  3.70844D+03

At iterate   35    f= -9.33490D+07    |proj g|=  2.18492D+03

At iterate   36    f= -9.33490D+07    |proj g|=  2.21406D+03

At iterate   37    f= -9.33490D+07    |proj g|=  6.09128D+03

At iterate   38    f= -9.33490D+07    |proj g|=  1.87842D+03

At iterate   39    f= -9.33490D+07    |proj g|=  1.51881D+03

At iterate   40    f= -9.33490D+07    |proj g|=  2.31084D+03

At iterate   41    f= -9.33490D+07    |proj g|=  6.86060D+03

At iterate   42    f= -9.33490D+07    |proj g|=  1.16473D+03

At iterate   43    f= -9.33490D+07    |proj g|=  6.61052D+02

At iterate   44    f= -9.33490D+07    |proj g|=  9.08335D+02

At iterate   45    f= -9.33490D+07    |proj g|=  2.55937D+03

At iterate   46    f= -9.33490D+07    |proj g|=  1.80607D+03

At iterate   47    f= -9.33490D+07    |proj g|=  3.95947D+02

           * * *

Tit   = total number of iterations
Tnf   = total number of function evaluations
Tnint = total number of segments explored during Cauchy searches
Skip  = number of BFGS updates skipped
Nact  = number of active bounds at final generalized Cauchy point
Projg = norm of the final projected gradient
F     = final function value

           * * *

   N    Tit     Tnf  Tnint  Skip  Nact     Projg        F
  927     47     50      1     0     0   3.959D+02  -9.335D+07
  F =  -93349023.440563500     

CONVERGENCE: REL_REDUCTION_OF_F_<=_FACTR*EPSMCH             

 Cauchy                time 0.000E+00 seconds.
 Subspace minimization time 0.000E+00 seconds.
 Line search           time 0.000E+00 seconds.

 Total User time 0.000E+00 seconds.

RUNNING THE L-BFGS-B CODE

           * * *

Machine precision = 2.220D-16
 N =          927     M =           10

At X0         0 variables are exactly at the bounds

At iterate    0    f= -9.41204D+07    |proj g|=  1.65248D+04

At iterate    1    f= -9.41204D+07    |proj g|=  1.18192D+04

At iterate    2    f= -9.41205D+07    |proj g|=  1.06235D+04

At iterate    3    f= -9.41206D+07    |proj g|=  4.09545D+04

At iterate    4    f= -9.41207D+07    |proj g|=  9.34017D+03

At iterate    5    f= -9.41207D+07    |proj g|=  1.07656D+04

At iterate    6    f= -9.41208D+07    |proj g|=  1.20454D+04

At iterate    7    f= -9.41208D+07    |proj g|=  3.74190D+04

At iterate    8    f= -9.41208D+07    |proj g|=  5.47741D+03

At iterate    9    f= -9.41209D+07    |proj g|=  7.69743D+03

At iterate   10    f= -9.41209D+07    |proj g|=  8.91864D+03

At iterate   11    f= -9.41209D+07    |proj g|=  1.46378D+04

At iterate   12    f= -9.41209D+07    |proj g|=  4.56568D+03

At iterate   13    f= -9.41209D+07    |proj g|=  3.99446D+03

At iterate   14    f= -9.41209D+07    |proj g|=  7.23007D+03

At iterate   15    f= -9.41210D+07    |proj g|=  1.36761D+04

At iterate   16    f= -9.41210D+07    |proj g|=  4.27622D+03

At iterate   17    f= -9.41210D+07    |proj g|=  3.50476D+03

At iterate   18    f= -9.41210D+07    |proj g|=  5.69711D+03

At iterate   19    f= -9.41210D+07    |proj g|=  1.94475D+04

At iterate   20    f= -9.41210D+07    |proj g|=  2.99841D+03

At iterate   21    f= -9.41210D+07    |proj g|=  2.11763D+03

At iterate   22    f= -9.41210D+07    |proj g|=  4.79574D+03

At iterate   23    f= -9.41210D+07    |proj g|=  1.20558D+04

At iterate   24    f= -9.41210D+07    |proj g|=  2.33214D+03

At iterate   25    f= -9.41210D+07    |proj g|=  1.41667D+03

At iterate   26    f= -9.41210D+07    |proj g|=  2.87363D+03

At iterate   27    f= -9.41210D+07    |proj g|=  7.65112D+03

At iterate   28    f= -9.41210D+07    |proj g|=  1.28400D+03

At iterate   29    f= -9.41210D+07    |proj g|=  1.15439D+03

At iterate   30    f= -9.41210D+07    |proj g|=  1.47519D+03

At iterate   31    f= -9.41210D+07    |proj g|=  1.55389D+03

At iterate   32    f= -9.41210D+07    |proj g|=  3.07878D+03

At iterate   33    f= -9.41210D+07    |proj g|=  9.48391D+02

At iterate   34    f= -9.41210D+07    |proj g|=  6.10343D+02

At iterate   35    f= -9.41210D+07    |proj g|=  2.36363D+03

At iterate   36    f= -9.41210D+07    |proj g|=  3.00056D+03

           * * *

Tit   = total number of iterations
Tnf   = total number of function evaluations
Tnint = total number of segments explored during Cauchy searches
Skip  = number of BFGS updates skipped
Nact  = number of active bounds at final generalized Cauchy point
Projg = norm of the final projected gradient
F     = final function value

           * * *

   N    Tit     Tnf  Tnint  Skip  Nact     Projg        F
  927     36     39      1     0     0   3.001D+03  -9.412D+07
  F =  -94121030.742369309     

CONVERGENCE: REL_REDUCTION_OF_F_<=_FACTR*EPSMCH             

 Cauchy                time 0.000E+00 seconds.
 Subspace minimization time 0.000E+00 seconds.
 Line search           time 0.000E+00 seconds.

 Total User time 0.000E+00 seconds.

RUNNING THE L-BFGS-B CODE

           * * *

Machine precision = 2.220D-16
 N =            6     M =           10

At X0         0 variables are exactly at the bounds

At iterate    0    f=  2.03047D+04    |proj g|=  2.18088D+02

At iterate    1    f=  2.03029D+04    |proj g|=  3.82941D+01

At iterate    2    f=  2.03028D+04    |proj g|=  2.17031D+01

At iterate    3    f=  2.03027D+04    |proj g|=  2.04578D+01

At iterate    4    f=  2.03025D+04    |proj g|=  5.23105D+01

At iterate    5    f=  2.03023D+04    |proj g|=  4.36659D+01

At iterate    6    f=  2.03023D+04    |proj g|=  5.95632D+01

At iterate    7    f=  2.03022D+04    |proj g|=  2.05815D+01

At iterate    8    f=  2.03022D+04    |proj g|=  1.59162D+00

At iterate    9    f=  2.03022D+04    |proj g|=  1.53887D-01

At iterate   10    f=  2.03022D+04    |proj g|=  9.45874D-03

           * * *

Tit   = total number of iterations
Tnf   = total number of function evaluations
Tnint = total number of segments explored during Cauchy searches
Skip  = number of BFGS updates skipped
Nact  = number of active bounds at final generalized Cauchy point
Projg = norm of the final projected gradient
F     = final function value

           * * *

   N    Tit     Tnf  Tnint  Skip  Nact     Projg        F
    6     10     13      1     0     0   9.459D-03   2.030D+04
  F =   20302.176219771034     

CONVERGENCE: REL_REDUCTION_OF_F_<=_FACTR*EPSMCH             

 Cauchy                time 0.000E+00 seconds.
 Subspace minimization time 0.000E+00 seconds.
 Line search           time 0.000E+00 seconds.

 Total User time 0.000E+00 seconds.

RUNNING THE L-BFGS-B CODE

           * * *

Machine precision = 2.220D-16
 N =          927     M =           10

At X0         0 variables are exactly at the bounds

At iterate    0    f= -9.33408D+07    |proj g|=  4.77750D+04

At iterate    1    f= -9.33421D+07    |proj g|=  7.67528D+04

At iterate    2    f= -9.33431D+07    |proj g|=  6.87080D+04

At iterate    3    f= -9.33438D+07    |proj g|=  5.58471D+04

At iterate    4    f= -9.33441D+07    |proj g|=  2.51059D+04

At iterate    5    f= -9.33444D+07    |proj g|=  2.31710D+04

At iterate    6    f= -9.33446D+07    |proj g|=  5.12235D+04

At iterate    7    f= -9.33447D+07    |proj g|=  1.61506D+04

At iterate    8    f= -9.33448D+07    |proj g|=  1.43496D+04

At iterate    9    f= -9.33449D+07    |proj g|=  3.73942D+04

At iterate   10    f= -9.33450D+07    |proj g|=  4.09930D+04

At iterate   11    f= -9.33451D+07    |proj g|=  1.20602D+04

At iterate   12    f= -9.33452D+07    |proj g|=  1.41676D+04

At iterate   13    f= -9.33452D+07    |proj g|=  2.02713D+04

At iterate   14    f= -9.33452D+07    |proj g|=  5.65101D+04

At iterate   15    f= -9.33453D+07    |proj g|=  5.96907D+03

At iterate   16    f= -9.33453D+07    |proj g|=  5.80763D+03

At iterate   17    f= -9.33453D+07    |proj g|=  9.14667D+03

At iterate   18    f= -9.33453D+07    |proj g|=  3.41244D+04

At iterate   19    f= -9.33453D+07    |proj g|=  5.76771D+03

At iterate   20    f= -9.33454D+07    |proj g|=  4.68307D+03

At iterate   21    f= -9.33454D+07    |proj g|=  5.86605D+03

At iterate   22    f= -9.33454D+07    |proj g|=  6.35582D+03

At iterate   23    f= -9.33454D+07    |proj g|=  9.22135D+03

At iterate   24    f= -9.33454D+07    |proj g|=  2.67005D+03

At iterate   25    f= -9.33454D+07    |proj g|=  2.29872D+03

At iterate   26    f= -9.33454D+07    |proj g|=  3.81703D+03

At iterate   27    f= -9.33454D+07    |proj g|=  8.34162D+03

At iterate   28    f= -9.33454D+07    |proj g|=  1.41389D+03

At iterate   29    f= -9.33454D+07    |proj g|=  2.00783D+03

At iterate   30    f= -9.33454D+07    |proj g|=  3.33548D+03

At iterate   31    f= -9.33454D+07    |proj g|=  6.25783D+03

At iterate   32    f= -9.33454D+07    |proj g|=  1.06007D+03

At iterate   33    f= -9.33454D+07    |proj g|=  7.15746D+02

At iterate   34    f= -9.33454D+07    |proj g|=  1.06626D+03

At iterate   35    f= -9.33454D+07    |proj g|=  1.20411D+03

At iterate   36    f= -9.33454D+07    |proj g|=  1.60607D+03

At iterate   37    f= -9.33454D+07    |proj g|=  4.38999D+02

At iterate   38    f= -9.33454D+07    |proj g|=  6.21981D+02

           * * *

Tit   = total number of iterations
Tnf   = total number of function evaluations
Tnint = total number of segments explored during Cauchy searches
Skip  = number of BFGS updates skipped
Nact  = number of active bounds at final generalized Cauchy point
Projg = norm of the final projected gradient
F     = final function value

           * * *

   N    Tit     Tnf  Tnint  Skip  Nact     Projg        F
  927     38     43      1     0     0   6.220D+02  -9.335D+07
  F =  -93345398.777770042     

CONVERGENCE: REL_REDUCTION_OF_F_<=_FACTR*EPSMCH             

 Cauchy                time 0.000E+00 seconds.
 Subspace minimization time 0.000E+00 seconds.
 Line search           time 0.000E+00 seconds.

 Total User time 0.000E+00 seconds.

RUNNING THE L-BFGS-B CODE

           * * *

Machine precision = 2.220D-16
 N =          927     M =           10

At X0         0 variables are exactly at the bounds

At iterate    0    f= -9.41480D+07    |proj g|=  2.64658D+04

At iterate    1    f= -9.41482D+07    |proj g|=  1.92277D+04

At iterate    2    f= -9.41484D+07    |proj g|=  1.90152D+04

At iterate    3    f= -9.41486D+07    |proj g|=  4.80954D+04

At iterate    4    f= -9.41488D+07    |proj g|=  2.70131D+04

At iterate    5    f= -9.41489D+07    |proj g|=  2.03892D+04

At iterate    6    f= -9.41490D+07    |proj g|=  3.78716D+04

At iterate    7    f= -9.41491D+07    |proj g|=  3.70039D+04

At iterate    8    f= -9.41492D+07    |proj g|=  1.19938D+04

At iterate    9    f= -9.41493D+07    |proj g|=  9.77227D+03

At iterate   10    f= -9.41493D+07    |proj g|=  1.47532D+04

At iterate   11    f= -9.41493D+07    |proj g|=  5.66804D+04

At iterate   12    f= -9.41494D+07    |proj g|=  6.52782D+03

At iterate   13    f= -9.41494D+07    |proj g|=  6.09548D+03

At iterate   14    f= -9.41495D+07    |proj g|=  8.49525D+03

At iterate   15    f= -9.41495D+07    |proj g|=  1.47995D+04

At iterate   16    f= -9.41495D+07    |proj g|=  9.13637D+03

At iterate   17    f= -9.41495D+07    |proj g|=  3.24553D+03

At iterate   18    f= -9.41495D+07    |proj g|=  4.65804D+03

At iterate   19    f= -9.41495D+07    |proj g|=  1.47786D+04

At iterate   20    f= -9.41495D+07    |proj g|=  4.22193D+03

At iterate   21    f= -9.41495D+07    |proj g|=  3.86647D+03

At iterate   22    f= -9.41496D+07    |proj g|=  2.81577D+03

At iterate   23    f= -9.41496D+07    |proj g|=  4.23598D+03

At iterate   24    f= -9.41496D+07    |proj g|=  6.74950D+03

At iterate   25    f= -9.41496D+07    |proj g|=  1.73777D+03

At iterate   26    f= -9.41496D+07    |proj g|=  1.85771D+03

At iterate   27    f= -9.41496D+07    |proj g|=  2.96799D+03

At iterate   28    f= -9.41496D+07    |proj g|=  7.69866D+03

At iterate   29    f= -9.41496D+07    |proj g|=  1.45497D+03

At iterate   30    f= -9.41496D+07    |proj g|=  1.24299D+03

At iterate   31    f= -9.41496D+07    |proj g|=  1.56061D+03

At iterate   32    f= -9.41496D+07    |proj g|=  4.35638D+03

At iterate   33    f= -9.41496D+07    |proj g|=  1.41120D+03

At iterate   34    f= -9.41496D+07    |proj g|=  9.26367D+02

At iterate   35    f= -9.41496D+07    |proj g|=  1.65597D+03

At iterate   36    f= -9.41496D+07    |proj g|=  2.79181D+03

At iterate   37    f= -9.41496D+07    |proj g|=  1.07985D+03

At iterate   38    f= -9.41496D+07    |proj g|=  5.83800D+02

At iterate   39    f= -9.41496D+07    |proj g|=  1.12878D+03

           * * *

Tit   = total number of iterations
Tnf   = total number of function evaluations
Tnint = total number of segments explored during Cauchy searches
Skip  = number of BFGS updates skipped
Nact  = number of active bounds at final generalized Cauchy point
Projg = norm of the final projected gradient
F     = final function value

           * * *

   N    Tit     Tnf  Tnint  Skip  Nact     Projg        F
  927     39     41      1     0     0   1.129D+03  -9.415D+07
  F =  -94149576.536797568     

CONVERGENCE: REL_REDUCTION_OF_F_<=_FACTR*EPSMCH             

 Cauchy                time 0.000E+00 seconds.
 Subspace minimization time 0.000E+00 seconds.
 Line search           time 0.000E+00 seconds.

 Total User time 0.000E+00 seconds.

RUNNING THE L-BFGS-B CODE

           * * *

Machine precision = 2.220D-16
 N =            6     M =           10

At X0         0 variables are exactly at the bounds

At iterate    0    f=  2.07156D+04    |proj g|=  3.07021D+02

At iterate    1    f=  2.07133D+04    |proj g|=  2.87357D+01

At iterate    2    f=  2.07132D+04    |proj g|=  2.50311D+01

At iterate    3    f=  2.07131D+04    |proj g|=  2.31474D+01

At iterate    4    f=  2.07129D+04    |proj g|=  5.32993D+01

At iterate    5    f=  2.07126D+04    |proj g|=  5.41968D+01

At iterate    6    f=  2.07125D+04    |proj g|=  5.93813D+01

At iterate    7    f=  2.07124D+04    |proj g|=  2.31583D+01

At iterate    8    f=  2.07124D+04    |proj g|=  3.09119D+00

At iterate    9    f=  2.07124D+04    |proj g|=  1.99361D-01

At iterate   10    f=  2.07124D+04    |proj g|=  2.11003D-02

           * * *

Tit   = total number of iterations
Tnf   = total number of function evaluations
Tnint = total number of segments explored during Cauchy searches
Skip  = number of BFGS updates skipped
Nact  = number of active bounds at final generalized Cauchy point
Projg = norm of the final projected gradient
F     = final function value

           * * *

   N    Tit     Tnf  Tnint  Skip  Nact     Projg        F
    6     10     13      1     0     0   2.110D-02   2.071D+04
  F =   20712.413220034283     

CONVERGENCE: REL_REDUCTION_OF_F_<=_FACTR*EPSMCH             

 Cauchy                time 0.000E+00 seconds.
 Subspace minimization time 0.000E+00 seconds.
 Line search           time 0.000E+00 seconds.

 Total User time 0.000E+00 seconds.

RUNNING THE L-BFGS-B CODE

           * * *

Machine precision = 2.220D-16
 N =          927     M =           10

At X0         0 variables are exactly at the bounds

At iterate    0    f= -9.33353D+07    |proj g|=  4.47790D+04

At iterate    1    f= -9.33357D+07    |proj g|=  3.17329D+04

At iterate    2    f= -9.33364D+07    |proj g|=  3.95949D+04

At iterate    3    f= -9.33366D+07    |proj g|=  4.79153D+04

At iterate    4    f= -9.33369D+07    |proj g|=  1.82938D+04

At iterate    5    f= -9.33371D+07    |proj g|=  2.38777D+04

At iterate    6    f= -9.33372D+07    |proj g|=  4.66084D+04

At iterate    7    f= -9.33373D+07    |proj g|=  2.13637D+04

At iterate    8    f= -9.33374D+07    |proj g|=  3.08686D+04

At iterate    9    f= -9.33375D+07    |proj g|=  2.50349D+04

At iterate   10    f= -9.33375D+07    |proj g|=  1.59259D+04

At iterate   11    f= -9.33376D+07    |proj g|=  1.17868D+04

At iterate   12    f= -9.33376D+07    |proj g|=  3.55600D+04

At iterate   13    f= -9.33376D+07    |proj g|=  1.59208D+04

At iterate   14    f= -9.33377D+07    |proj g|=  7.60269D+03

At iterate   15    f= -9.33377D+07    |proj g|=  9.41891D+03

At iterate   16    f= -9.33377D+07    |proj g|=  2.08232D+04

At iterate   17    f= -9.33377D+07    |proj g|=  4.50813D+03

At iterate   18    f= -9.33377D+07    |proj g|=  3.35021D+03

At iterate   19    f= -9.33377D+07    |proj g|=  9.07517D+03

At iterate   20    f= -9.33377D+07    |proj g|=  2.12412D+04

At iterate   21    f= -9.33378D+07    |proj g|=  5.08650D+03

At iterate   22    f= -9.33378D+07    |proj g|=  2.97276D+03

At iterate   23    f= -9.33378D+07    |proj g|=  4.96808D+03

At iterate   24    f= -9.33378D+07    |proj g|=  5.03803D+03

At iterate   25    f= -9.33378D+07    |proj g|=  1.99542D+04

At iterate   26    f= -9.33378D+07    |proj g|=  3.02477D+03

At iterate   27    f= -9.33378D+07    |proj g|=  2.93043D+03

At iterate   28    f= -9.33378D+07    |proj g|=  5.45400D+03

At iterate   29    f= -9.33378D+07    |proj g|=  1.26003D+04

At iterate   30    f= -9.33378D+07    |proj g|=  3.40839D+03

At iterate   31    f= -9.33378D+07    |proj g|=  2.68253D+03

At iterate   32    f= -9.33378D+07    |proj g|=  4.88649D+03

At iterate   33    f= -9.33378D+07    |proj g|=  5.51948D+03

At iterate   34    f= -9.33378D+07    |proj g|=  3.40990D+03

At iterate   35    f= -9.33378D+07    |proj g|=  3.63687D+03

At iterate   36    f= -9.33378D+07    |proj g|=  6.73909D+03

At iterate   37    f= -9.33378D+07    |proj g|=  4.96867D+03

At iterate   38    f= -9.33378D+07    |proj g|=  6.09274D+03

At iterate   39    f= -9.33378D+07    |proj g|=  1.92703D+04

At iterate   40    f= -9.33378D+07    |proj g|=  1.24257D+04

At iterate   41    f= -9.33379D+07    |proj g|=  9.77228D+03

At iterate   42    f= -9.33379D+07    |proj g|=  2.01216D+04

At iterate   43    f= -9.33380D+07    |proj g|=  2.39891D+04

At iterate   44    f= -9.33380D+07    |proj g|=  3.24234D+04

At iterate   45    f= -9.33380D+07    |proj g|=  4.74016D+04

At iterate   46    f= -9.33381D+07    |proj g|=  1.75731D+04

At iterate   47    f= -9.33382D+07    |proj g|=  2.65743D+04

At iterate   48    f= -9.33383D+07    |proj g|=  4.66594D+04

At iterate   49    f= -9.33384D+07    |proj g|=  4.54643D+04

At iterate   50    f= -9.33385D+07    |proj g|=  2.34729D+04

At iterate   51    f= -9.33386D+07    |proj g|=  4.29992D+04

At iterate   52    f= -9.33387D+07    |proj g|=  1.93069D+04

At iterate   53    f= -9.33388D+07    |proj g|=  2.97271D+04

At iterate   54    f= -9.33389D+07    |proj g|=  2.81767D+04

At iterate   55    f= -9.33390D+07    |proj g|=  2.48663D+04

At iterate   56    f= -9.33391D+07    |proj g|=  5.63601D+04

At iterate   57    f= -9.33393D+07    |proj g|=  3.45392D+04

At iterate   58    f= -9.33395D+07    |proj g|=  4.96281D+04

At iterate   59    f= -9.33398D+07    |proj g|=  8.28283D+04

At iterate   60    f= -9.33402D+07    |proj g|=  6.48593D+04

At iterate   61    f= -9.33405D+07    |proj g|=  1.14654D+05

At iterate   62    f= -9.33413D+07    |proj g|=  1.15435D+05

At iterate   63    f= -9.33423D+07    |proj g|=  9.21367D+04

At iterate   64    f= -9.33438D+07    |proj g|=  1.78573D+05

At iterate   65    f= -9.33448D+07    |proj g|=  1.49369D+05

At iterate   66    f= -9.33460D+07    |proj g|=  1.92598D+05

At iterate   67    f= -9.33478D+07    |proj g|=  1.18792D+05

At iterate   68    f= -9.33484D+07    |proj g|=  1.54338D+05

At iterate   69    f= -9.33487D+07    |proj g|=  2.33294D+05

At iterate   70    f= -9.33503D+07    |proj g|=  5.47526D+04

At iterate   71    f= -9.33506D+07    |proj g|=  5.02518D+04

At iterate   72    f= -9.33515D+07    |proj g|=  5.73866D+04

At iterate   73    f= -9.33520D+07    |proj g|=  1.40504D+05

At iterate   74    f= -9.33525D+07    |proj g|=  4.80044D+04

At iterate   75    f= -9.33527D+07    |proj g|=  3.37492D+04

At iterate   76    f= -9.33529D+07    |proj g|=  4.16354D+04

At iterate   77    f= -9.33531D+07    |proj g|=  6.00499D+04

At iterate   78    f= -9.33533D+07    |proj g|=  2.54895D+04

At iterate   79    f= -9.33534D+07    |proj g|=  2.43571D+04

At iterate   80    f= -9.33535D+07    |proj g|=  2.83304D+04

At iterate   81    f= -9.33535D+07    |proj g|=  9.77214D+04

At iterate   82    f= -9.33537D+07    |proj g|=  2.06529D+04

At iterate   83    f= -9.33537D+07    |proj g|=  2.05303D+04

At iterate   84    f= -9.33538D+07    |proj g|=  1.99701D+04

At iterate   85    f= -9.33539D+07    |proj g|=  1.99088D+04

At iterate   86    f= -9.33539D+07    |proj g|=  5.72599D+04

At iterate   87    f= -9.33540D+07    |proj g|=  2.13447D+04

At iterate   88    f= -9.33541D+07    |proj g|=  2.09226D+04

At iterate   89    f= -9.33541D+07    |proj g|=  1.97824D+04

At iterate   90    f= -9.33542D+07    |proj g|=  4.35738D+04

At iterate   91    f= -9.33542D+07    |proj g|=  1.38323D+04

At iterate   92    f= -9.33543D+07    |proj g|=  1.17070D+04

At iterate   93    f= -9.33543D+07    |proj g|=  1.12593D+04

At iterate   94    f= -9.33543D+07    |proj g|=  1.95893D+04

At iterate   95    f= -9.33544D+07    |proj g|=  1.99684D+04

At iterate   96    f= -9.33544D+07    |proj g|=  9.64821D+03

At iterate   97    f= -9.33544D+07    |proj g|=  9.07314D+03

At iterate   98    f= -9.33544D+07    |proj g|=  1.29864D+04

At iterate   99    f= -9.33544D+07    |proj g|=  1.19729D+04

At iterate  100    f= -9.33544D+07    |proj g|=  3.48619D+03

At iterate  101    f= -9.33544D+07    |proj g|=  3.43469D+03

At iterate  102    f= -9.33544D+07    |proj g|=  5.94792D+03

At iterate  103    f= -9.33544D+07    |proj g|=  1.11439D+04

At iterate  104    f= -9.33544D+07    |proj g|=  2.82443D+03

At iterate  105    f= -9.33544D+07    |proj g|=  1.96751D+03

At iterate  106    f= -9.33544D+07    |proj g|=  3.20638D+03

At iterate  107    f= -9.33544D+07    |proj g|=  1.06229D+04

At iterate  108    f= -9.33544D+07    |proj g|=  1.87385D+03

At iterate  109    f= -9.33544D+07    |proj g|=  1.10016D+03

At iterate  110    f= -9.33544D+07    |proj g|=  1.23219D+03

At iterate  111    f= -9.33544D+07    |proj g|=  2.21679D+03

At iterate  112    f= -9.33544D+07    |proj g|=  2.31958D+03

At iterate  113    f= -9.33545D+07    |proj g|=  7.99506D+02

At iterate  114    f= -9.33545D+07    |proj g|=  8.04381D+02

At iterate  115    f= -9.33545D+07    |proj g|=  3.42702D+03

At iterate  116    f= -9.33545D+07    |proj g|=  1.19886D+03

           * * *

Tit   = total number of iterations
Tnf   = total number of function evaluations
Tnint = total number of segments explored during Cauchy searches
Skip  = number of BFGS updates skipped
Nact  = number of active bounds at final generalized Cauchy point
Projg = norm of the final projected gradient
F     = final function value

           * * *

   N    Tit     Tnf  Tnint  Skip  Nact     Projg        F
  927    116    125      1     0     0   1.199D+03  -9.335D+07
  F =  -93354450.971997693     

CONVERGENCE: REL_REDUCTION_OF_F_<=_FACTR*EPSMCH             

 Cauchy                time 0.000E+00 seconds.
 Subspace minimization time 0.000E+00 seconds.
 Line search           time 0.000E+00 seconds.

 Total User time 0.000E+00 seconds.

RUNNING THE L-BFGS-B CODE

           * * *

Machine precision = 2.220D-16
 N =          927     M =           10

At X0         0 variables are exactly at the bounds

At iterate    0    f= -9.41740D+07    |proj g|=  2.80192D+04

At iterate    1    f= -9.41742D+07    |proj g|=  2.43219D+04

At iterate    2    f= -9.41746D+07    |proj g|=  2.86204D+04

At iterate    3    f= -9.41749D+07    |proj g|=  7.67071D+04

At iterate    4    f= -9.41752D+07    |proj g|=  4.17413D+04

At iterate    5    f= -9.41753D+07    |proj g|=  1.69022D+04

At iterate    6    f= -9.41755D+07    |proj g|=  2.15219D+04

At iterate    7    f= -9.41756D+07    |proj g|=  2.62485D+04

At iterate    8    f= -9.41756D+07    |proj g|=  1.27830D+04

At iterate    9    f= -9.41757D+07    |proj g|=  8.38953D+03

At iterate   10    f= -9.41757D+07    |proj g|=  1.31616D+04

At iterate   11    f= -9.41757D+07    |proj g|=  2.14920D+04

At iterate   12    f= -9.41758D+07    |proj g|=  7.01487D+03

At iterate   13    f= -9.41758D+07    |proj g|=  3.41339D+03

At iterate   14    f= -9.41758D+07    |proj g|=  6.31754D+03

At iterate   15    f= -9.41758D+07    |proj g|=  7.16728D+03

At iterate   16    f= -9.41758D+07    |proj g|=  5.77720D+03

At iterate   17    f= -9.41758D+07    |proj g|=  2.30335D+03

At iterate   18    f= -9.41758D+07    |proj g|=  2.57002D+03

At iterate   19    f= -9.41758D+07    |proj g|=  7.12415D+03

At iterate   20    f= -9.41758D+07    |proj g|=  2.63390D+03

At iterate   21    f= -9.41758D+07    |proj g|=  1.92114D+03

At iterate   22    f= -9.41758D+07    |proj g|=  2.75461D+03

At iterate   23    f= -9.41758D+07    |proj g|=  2.93731D+03

At iterate   24    f= -9.41758D+07    |proj g|=  4.28040D+03

At iterate   25    f= -9.41758D+07    |proj g|=  2.07639D+03

At iterate   26    f= -9.41758D+07    |proj g|=  1.11579D+03

At iterate   27    f= -9.41758D+07    |proj g|=  4.30481D+03

At iterate   28    f= -9.41758D+07    |proj g|=  4.33738D+03

At iterate   29    f= -9.41758D+07    |proj g|=  1.78854D+03

At iterate   30    f= -9.41758D+07    |proj g|=  7.30208D+02

At iterate   31    f= -9.41758D+07    |proj g|=  9.77436D+02

At iterate   32    f= -9.41758D+07    |proj g|=  4.22839D+03

At iterate   33    f= -9.41758D+07    |proj g|=  7.19670D+02

At iterate   34    f= -9.41758D+07    |proj g|=  4.80848D+02

           * * *

Tit   = total number of iterations
Tnf   = total number of function evaluations
Tnint = total number of segments explored during Cauchy searches
Skip  = number of BFGS updates skipped
Nact  = number of active bounds at final generalized Cauchy point
Projg = norm of the final projected gradient
F     = final function value

           * * *

   N    Tit     Tnf  Tnint  Skip  Nact     Projg        F
  927     34     37      1     0     0   4.808D+02  -9.418D+07
  F =  -94175831.811113924     

CONVERGENCE: REL_REDUCTION_OF_F_<=_FACTR*EPSMCH             

 Cauchy                time 0.000E+00 seconds.
 Subspace minimization time 0.000E+00 seconds.
 Line search           time 0.000E+00 seconds.

 Total User time 0.000E+00 seconds.

RUNNING THE L-BFGS-B CODE

           * * *

Machine precision = 2.220D-16
 N =            6     M =           10

At X0         0 variables are exactly at the bounds

At iterate    0    f=  2.11306D+04    |proj g|=  2.86238D+02

At iterate    1    f=  2.11288D+04    |proj g|=  3.46736D+01

At iterate    2    f=  2.11287D+04    |proj g|=  3.35414D+01

At iterate    3    f=  2.11284D+04    |proj g|=  5.51317D+01

At iterate    4    f=  2.11279D+04    |proj g|=  8.99585D+01

At iterate    5    f=  2.11274D+04    |proj g|=  8.75803D+01

At iterate    6    f=  2.11273D+04    |proj g|=  4.73949D+01

At iterate    7    f=  2.11272D+04    |proj g|=  1.50347D+01

At iterate    8    f=  2.11272D+04    |proj g|=  6.08634D-01

At iterate    9    f=  2.11272D+04    |proj g|=  6.87578D-02

At iterate   10    f=  2.11272D+04    |proj g|=  1.74623D-02

           * * *

Tit   = total number of iterations
Tnf   = total number of function evaluations
Tnint = total number of segments explored during Cauchy searches
Skip  = number of BFGS updates skipped
Nact  = number of active bounds at final generalized Cauchy point
Projg = norm of the final projected gradient
F     = final function value

           * * *

   N    Tit     Tnf  Tnint  Skip  Nact     Projg        F
    6     10     13      1     0     0   1.746D-02   2.113D+04
  F =   21127.211313129366     

CONVERGENCE: REL_REDUCTION_OF_F_<=_FACTR*EPSMCH             

 Cauchy                time 0.000E+00 seconds.
 Subspace minimization time 0.000E+00 seconds.
 Line search           time 0.000E+00 seconds.

 Total User time 0.000E+00 seconds.

RUNNING THE L-BFGS-B CODE

           * * *

Machine precision = 2.220D-16
 N =          927     M =           10

At X0         0 variables are exactly at the bounds

At iterate    0    f= -9.33718D+07    |proj g|=  1.23270D+05

At iterate    1    f= -9.33726D+07    |proj g|=  7.02329D+04

At iterate    2    f= -9.33732D+07    |proj g|=  9.13492D+04

At iterate    3    f= -9.33735D+07    |proj g|=  5.68516D+04

At iterate    4    f= -9.33737D+07    |proj g|=  1.96049D+04

At iterate    5    f= -9.33738D+07    |proj g|=  1.94185D+04

At iterate    6    f= -9.33739D+07    |proj g|=  3.99827D+04

At iterate    7    f= -9.33741D+07    |proj g|=  4.56001D+04

At iterate    8    f= -9.33742D+07    |proj g|=  2.27739D+04

At iterate    9    f= -9.33742D+07    |proj g|=  1.22855D+04

At iterate   10    f= -9.33743D+07    |proj g|=  1.72396D+04

At iterate   11    f= -9.33743D+07    |proj g|=  4.53616D+04

At iterate   12    f= -9.33744D+07    |proj g|=  9.71172D+03

At iterate   13    f= -9.33744D+07    |proj g|=  7.84598D+03

At iterate   14    f= -9.33745D+07    |proj g|=  1.00678D+04

At iterate   15    f= -9.33745D+07    |proj g|=  3.85243D+04

At iterate   16    f= -9.33745D+07    |proj g|=  8.94777D+03

At iterate   17    f= -9.33745D+07    |proj g|=  4.96574D+03

At iterate   18    f= -9.33745D+07    |proj g|=  6.89417D+03

At iterate   19    f= -9.33745D+07    |proj g|=  1.08891D+04

At iterate   20    f= -9.33746D+07    |proj g|=  1.99144D+04

At iterate   21    f= -9.33746D+07    |proj g|=  2.83655D+03

At iterate   22    f= -9.33746D+07    |proj g|=  3.83930D+03

At iterate   23    f= -9.33746D+07    |proj g|=  5.91225D+03

At iterate   24    f= -9.33746D+07    |proj g|=  2.43763D+04

At iterate   25    f= -9.33746D+07    |proj g|=  2.44326D+03

At iterate   26    f= -9.33746D+07    |proj g|=  2.31223D+03

At iterate   27    f= -9.33746D+07    |proj g|=  4.32212D+03

At iterate   28    f= -9.33746D+07    |proj g|=  3.23449D+03

At iterate   29    f= -9.33746D+07    |proj g|=  7.19176D+03

At iterate   30    f= -9.33746D+07    |proj g|=  1.26964D+03

At iterate   31    f= -9.33746D+07    |proj g|=  1.16068D+03

At iterate   32    f= -9.33746D+07    |proj g|=  2.14455D+03

At iterate   33    f= -9.33746D+07    |proj g|=  5.96092D+03

At iterate   34    f= -9.33746D+07    |proj g|=  9.03011D+02

At iterate   35    f= -9.33746D+07    |proj g|=  8.65928D+02

At iterate   36    f= -9.33746D+07    |proj g|=  1.40573D+03

At iterate   37    f= -9.33746D+07    |proj g|=  2.52419D+03

At iterate   38    f= -9.33746D+07    |proj g|=  2.37259D+03

At iterate   39    f= -9.33746D+07    |proj g|=  7.77543D+02

At iterate   40    f= -9.33746D+07    |proj g|=  7.29090D+02

           * * *

Tit   = total number of iterations
Tnf   = total number of function evaluations
Tnint = total number of segments explored during Cauchy searches
Skip  = number of BFGS updates skipped
Nact  = number of active bounds at final generalized Cauchy point
Projg = norm of the final projected gradient
F     = final function value

           * * *

   N    Tit     Tnf  Tnint  Skip  Nact     Projg        F
  927     40     43      1     0     0   7.291D+02  -9.337D+07
  F =  -93374595.416351810     

CONVERGENCE: REL_REDUCTION_OF_F_<=_FACTR*EPSMCH             

 Cauchy                time 0.000E+00 seconds.
 Subspace minimization time 0.000E+00 seconds.
 Line search           time 0.000E+00 seconds.

 Total User time 0.000E+00 seconds.

RUNNING THE L-BFGS-B CODE

           * * *

Machine precision = 2.220D-16
 N =          927     M =           10

At X0         0 variables are exactly at the bounds

At iterate    0    f= -9.41673D+07    |proj g|=  8.73402D+04

At iterate    1    f= -9.41677D+07    |proj g|=  5.05843D+04

At iterate    2    f= -9.41679D+07    |proj g|=  4.12330D+04

At iterate    3    f= -9.41682D+07    |proj g|=  3.18402D+04

At iterate    4    f= -9.41684D+07    |proj g|=  8.51756D+04

At iterate    5    f= -9.41686D+07    |proj g|=  1.41656D+04

At iterate    6    f= -9.41686D+07    |proj g|=  1.52737D+04

At iterate    7    f= -9.41687D+07    |proj g|=  1.55970D+04

At iterate    8    f= -9.41687D+07    |proj g|=  3.40296D+04

At iterate    9    f= -9.41688D+07    |proj g|=  5.93747D+03

At iterate   10    f= -9.41688D+07    |proj g|=  4.73220D+03

At iterate   11    f= -9.41688D+07    |proj g|=  8.56549D+03

At iterate   12    f= -9.41688D+07    |proj g|=  2.67260D+04

At iterate   13    f= -9.41688D+07    |proj g|=  4.27133D+03

At iterate   14    f= -9.41688D+07    |proj g|=  2.81138D+03

At iterate   15    f= -9.41688D+07    |proj g|=  4.83052D+03

At iterate   16    f= -9.41688D+07    |proj g|=  4.00709D+03

At iterate   17    f= -9.41688D+07    |proj g|=  1.55437D+04

At iterate   18    f= -9.41688D+07    |proj g|=  3.14858D+03

At iterate   19    f= -9.41688D+07    |proj g|=  1.96741D+03

At iterate   20    f= -9.41688D+07    |proj g|=  8.54330D+03

At iterate   21    f= -9.41688D+07    |proj g|=  4.99322D+03

At iterate   22    f= -9.41688D+07    |proj g|=  1.28972D+03

At iterate   23    f= -9.41688D+07    |proj g|=  1.51862D+03

At iterate   24    f= -9.41688D+07    |proj g|=  1.88470D+03

At iterate   25    f= -9.41688D+07    |proj g|=  6.08088D+03

At iterate   26    f= -9.41688D+07    |proj g|=  8.40584D+02

At iterate   27    f= -9.41688D+07    |proj g|=  6.84095D+02

At iterate   28    f= -9.41688D+07    |proj g|=  1.43794D+03

At iterate   29    f= -9.41688D+07    |proj g|=  3.94811D+03

At iterate   30    f= -9.41688D+07    |proj g|=  6.15906D+02

At iterate   31    f= -9.41688D+07    |proj g|=  5.27115D+02

At iterate   32    f= -9.41688D+07    |proj g|=  7.37505D+02

           * * *

Tit   = total number of iterations
Tnf   = total number of function evaluations
Tnint = total number of segments explored during Cauchy searches
Skip  = number of BFGS updates skipped
Nact  = number of active bounds at final generalized Cauchy point
Projg = norm of the final projected gradient
F     = final function value

           * * *

   N    Tit     Tnf  Tnint  Skip  Nact     Projg        F
  927     32     37      1     0     0   7.375D+02  -9.417D+07
  F =  -94168848.014950633     

CONVERGENCE: REL_REDUCTION_OF_F_<=_FACTR*EPSMCH             

 Cauchy                time 0.000E+00 seconds.
 Subspace minimization time 0.000E+00 seconds.
 Line search           time 0.000E+00 seconds.

 Total User time 0.000E+00 seconds.

RUNNING THE L-BFGS-B CODE

           * * *

Machine precision = 2.220D-16
 N =            6     M =           10

At X0         0 variables are exactly at the bounds

At iterate    0    f=  2.10980D+04    |proj g|=  1.85650D+02

At iterate    1    f=  2.10968D+04    |proj g|=  3.42541D+01

At iterate    2    f=  2.10967D+04    |proj g|=  3.34014D+01

At iterate    3    f=  2.10964D+04    |proj g|=  3.91148D+01

At iterate    4    f=  2.10959D+04    |proj g|=  6.93548D+01

At iterate    5    f=  2.10955D+04    |proj g|=  8.63038D+01

At iterate    6    f=  2.10953D+04    |proj g|=  2.96855D+01

At iterate    7    f=  2.10953D+04    |proj g|=  1.01616D+01

At iterate    8    f=  2.10953D+04    |proj g|=  2.81580D-01

At iterate    9    f=  2.10953D+04    |proj g|=  8.73115D-03

           * * *

Tit   = total number of iterations
Tnf   = total number of function evaluations
Tnint = total number of segments explored during Cauchy searches
Skip  = number of BFGS updates skipped
Nact  = number of active bounds at final generalized Cauchy point
Projg = norm of the final projected gradient
F     = final function value

           * * *

   N    Tit     Tnf  Tnint  Skip  Nact     Projg        F
    6      9     12      1     0     0   8.731D-03   2.110D+04
  F =   21095.266338476882     

CONVERGENCE: REL_REDUCTION_OF_F_<=_FACTR*EPSMCH             

 Cauchy                time 0.000E+00 seconds.
 Subspace minimization time 0.000E+00 seconds.
 Line search           time 0.000E+00 seconds.

 Total User time 0.000E+00 seconds.

RUNNING THE L-BFGS-B CODE

           * * *

Machine precision = 2.220D-16
 N =          927     M =           10

At X0         0 variables are exactly at the bounds

At iterate    0    f= -9.33708D+07    |proj g|=  3.44571D+04

At iterate    1    f= -9.33709D+07    |proj g|=  3.03697D+04

At iterate    2    f= -9.33713D+07    |proj g|=  1.90565D+04

At iterate    3    f= -9.33714D+07    |proj g|=  2.86330D+04

At iterate    4    f= -9.33715D+07    |proj g|=  2.06060D+04

At iterate    5    f= -9.33716D+07    |proj g|=  1.51139D+04

At iterate    6    f= -9.33717D+07    |proj g|=  3.52827D+04

At iterate    7    f= -9.33717D+07    |proj g|=  2.17643D+04

At iterate    8    f= -9.33718D+07    |proj g|=  1.68162D+04

At iterate    9    f= -9.33718D+07    |proj g|=  2.28315D+04

At iterate   10    f= -9.33718D+07    |proj g|=  1.09912D+04

At iterate   11    f= -9.33719D+07    |proj g|=  5.38176D+03

At iterate   12    f= -9.33719D+07    |proj g|=  1.62667D+04

At iterate   13    f= -9.33719D+07    |proj g|=  8.69708D+03

At iterate   14    f= -9.33719D+07    |proj g|=  8.68946D+03

At iterate   15    f= -9.33719D+07    |proj g|=  6.57513D+03

At iterate   16    f= -9.33719D+07    |proj g|=  7.15056D+03

At iterate   17    f= -9.33719D+07    |proj g|=  1.03668D+04

At iterate   18    f= -9.33719D+07    |proj g|=  3.59545D+03

At iterate   19    f= -9.33719D+07    |proj g|=  2.17813D+03

At iterate   20    f= -9.33719D+07    |proj g|=  3.36194D+03

At iterate   21    f= -9.33719D+07    |proj g|=  1.21808D+04

At iterate   22    f= -9.33720D+07    |proj g|=  1.76950D+03

At iterate   23    f= -9.33720D+07    |proj g|=  1.30488D+03

At iterate   24    f= -9.33720D+07    |proj g|=  2.05673D+03

At iterate   25    f= -9.33720D+07    |proj g|=  2.90399D+03

At iterate   26    f= -9.33720D+07    |proj g|=  2.21101D+03

At iterate   27    f= -9.33720D+07    |proj g|=  9.34812D+02

At iterate   28    f= -9.33720D+07    |proj g|=  1.52330D+03

At iterate   29    f= -9.33720D+07    |proj g|=  2.86157D+03

At iterate   30    f= -9.33720D+07    |proj g|=  2.06104D+03

At iterate   31    f= -9.33720D+07    |proj g|=  9.18586D+02

At iterate   32    f= -9.33720D+07    |proj g|=  6.92670D+02

At iterate   33    f= -9.33720D+07    |proj g|=  2.16358D+03

At iterate   34    f= -9.33720D+07    |proj g|=  3.20273D+03

           * * *

Tit   = total number of iterations
Tnf   = total number of function evaluations
Tnint = total number of segments explored during Cauchy searches
Skip  = number of BFGS updates skipped
Nact  = number of active bounds at final generalized Cauchy point
Projg = norm of the final projected gradient
F     = final function value

           * * *

   N    Tit     Tnf  Tnint  Skip  Nact     Projg        F
  927     34     37      1     0     0   3.203D+03  -9.337D+07
  F =  -93371962.119529054     

CONVERGENCE: REL_REDUCTION_OF_F_<=_FACTR*EPSMCH             

 Cauchy                time 0.000E+00 seconds.
 Subspace minimization time 0.000E+00 seconds.
 Line search           time 0.000E+00 seconds.

 Total User time 0.000E+00 seconds.

RUNNING THE L-BFGS-B CODE

           * * *

Machine precision = 2.220D-16
 N =          927     M =           10

At X0         0 variables are exactly at the bounds

At iterate    0    f= -9.41787D+07    |proj g|=  2.71935D+04

At iterate    1    f= -9.41789D+07    |proj g|=  4.50225D+04

At iterate    2    f= -9.41790D+07    |proj g|=  2.06659D+04

At iterate    3    f= -9.41791D+07    |proj g|=  1.33014D+04

At iterate    4    f= -9.41792D+07    |proj g|=  5.52018D+04

At iterate    5    f= -9.41793D+07    |proj g|=  7.68152D+03

At iterate    6    f= -9.41793D+07    |proj g|=  7.62988D+03

At iterate    7    f= -9.41793D+07    |proj g|=  9.15615D+03

At iterate    8    f= -9.41793D+07    |proj g|=  2.77691D+04

At iterate    9    f= -9.41793D+07    |proj g|=  4.15385D+03

At iterate   10    f= -9.41793D+07    |proj g|=  3.59023D+03

At iterate   11    f= -9.41794D+07    |proj g|=  7.32245D+03

At iterate   12    f= -9.41794D+07    |proj g|=  1.18078D+04

At iterate   13    f= -9.41794D+07    |proj g|=  6.99507D+03

At iterate   14    f= -9.41794D+07    |proj g|=  1.91917D+03

At iterate   15    f= -9.41794D+07    |proj g|=  3.91349D+03

At iterate   16    f= -9.41794D+07    |proj g|=  8.88695D+03

At iterate   17    f= -9.41794D+07    |proj g|=  2.59105D+03

At iterate   18    f= -9.41794D+07    |proj g|=  1.40379D+03

At iterate   19    f= -9.41794D+07    |proj g|=  4.29300D+03

At iterate   20    f= -9.41794D+07    |proj g|=  2.43423D+03

At iterate   21    f= -9.41794D+07    |proj g|=  2.38964D+03

At iterate   22    f= -9.41794D+07    |proj g|=  2.39676D+03

At iterate   23    f= -9.41794D+07    |proj g|=  1.30658D+03

At iterate   24    f= -9.41794D+07    |proj g|=  1.01061D+03

At iterate   25    f= -9.41794D+07    |proj g|=  1.51037D+03

At iterate   26    f= -9.41794D+07    |proj g|=  4.26717D+03

At iterate   27    f= -9.41794D+07    |proj g|=  6.45156D+02

At iterate   28    f= -9.41794D+07    |proj g|=  4.66786D+02

           * * *

Tit   = total number of iterations
Tnf   = total number of function evaluations
Tnint = total number of segments explored during Cauchy searches
Skip  = number of BFGS updates skipped
Nact  = number of active bounds at final generalized Cauchy point
Projg = norm of the final projected gradient
F     = final function value

           * * *

   N    Tit     Tnf  Tnint  Skip  Nact     Projg        F
 This problem is unconstrained.
 This problem is unconstrained.
 This problem is unconstrained.
 This problem is unconstrained.
 This problem is unconstrained.
 This problem is unconstrained.
 This problem is unconstrained.
 This problem is unconstrained.
 This problem is unconstrained.
 This problem is unconstrained.
 This problem is unconstrained.
 This problem is unconstrained.
 This problem is unconstrained.
 This problem is unconstrained.
 This problem is unconstrained.
 This problem is unconstrained.
 This problem is unconstrained.
 This problem is unconstrained.
 This problem is unconstrained.
 This problem is unconstrained.
 This problem is unconstrained.
 This problem is unconstrained.
 This problem is unconstrained.
 This problem is unconstrained.
 This problem is unconstrained.
 This problem is unconstrained.
 This problem is unconstrained.
 This problem is unconstrained.
 This problem is unconstrained.
 This problem is unconstrained.
 This problem is unconstrained.
 This problem is unconstrained.
 This problem is unconstrained.
 This problem is unconstrained.
 This problem is unconstrained.
 This problem is unconstrained.
 This problem is unconstrained.
 This problem is unconstrained.
 This problem is unconstrained.
 This problem is unconstrained.
 This problem is unconstrained.
 This problem is unconstrained.
 This problem is unconstrained.
 This problem is unconstrained.
 This problem is unconstrained.
 This problem is unconstrained.
 This problem is unconstrained.
 This problem is unconstrained.
 This problem is unconstrained.
 This problem is unconstrained.
 This problem is unconstrained.
 This problem is unconstrained.
 This problem is unconstrained.
  927     28     31      1     0     0   4.668D+02  -9.418D+07
  F =  -94179390.758981317     

CONVERGENCE: REL_REDUCTION_OF_F_<=_FACTR*EPSMCH             

 Cauchy                time 0.000E+00 seconds.
 Subspace minimization time 0.000E+00 seconds.
 Line search           time 0.000E+00 seconds.

 Total User time 0.000E+00 seconds.

RUNNING THE L-BFGS-B CODE

           * * *

Machine precision = 2.220D-16
 N =            6     M =           10

At X0         0 variables are exactly at the bounds

At iterate    0    f=  2.11942D+04    |proj g|=  1.72626D+02

At iterate    1    f=  2.11934D+04    |proj g|=  2.27581D+01

At iterate    2    f=  2.11933D+04    |proj g|=  2.21677D+01

At iterate    3    f=  2.11932D+04    |proj g|=  2.43945D+01

At iterate    4    f=  2.11930D+04    |proj g|=  4.19361D+01

At iterate    5    f=  2.11928D+04    |proj g|=  4.08803D+01

At iterate    6    f=  2.11928D+04    |proj g|=  3.26469D+01

At iterate    7    f=  2.11927D+04    |proj g|=  9.19208D+00

At iterate    8    f=  2.11927D+04    |proj g|=  1.01063D+00

At iterate    9    f=  2.11927D+04    |proj g|=  9.42237D-02

At iterate   10    f=  2.11927D+04    |proj g|=  1.96451D-02

           * * *

Tit   = total number of iterations
Tnf   = total number of function evaluations
Tnint = total number of segments explored during Cauchy searches
Skip  = number of BFGS updates skipped
Nact  = number of active bounds at final generalized Cauchy point
Projg = norm of the final projected gradient
F     = final function value

           * * *

   N    Tit     Tnf  Tnint  Skip  Nact     Projg        F
    6     10     13      1     0     0   1.965D-02   2.119D+04
  F =   21192.697648769150     

CONVERGENCE: REL_REDUCTION_OF_F_<=_FACTR*EPSMCH             

 Cauchy                time 0.000E+00 seconds.
 Subspace minimization time 0.000E+00 seconds.
 Line search           time 0.000E+00 seconds.

 Total User time 0.000E+00 seconds.

