-- Reading GFA 'assembly/output/published_chr19_combined35x/assembly.homopolymer-compressed.gfa'.
gfa:  Loaded 82 sequences and 186 links.
-- Loading sequences from gfa
-- Loading sequences from file 'assembly/scaffold/published_chr19_combined35x/assembly.fasta'
Sequence utig4-4 (4) is empty in the input fasta so deleting it and all its links
Sequence utig4-9 (9) is empty in the input fasta so deleting it and all its links
Sequence utig4-11 (11) is empty in the input fasta so deleting it and all its links
Sequence utig4-23 (23) is empty in the input fasta so deleting it and all its links
Sequence utig4-44 (44) is empty in the input fasta so deleting it and all its links
Sequence utig4-45 (45) is empty in the input fasta so deleting it and all its links
Sequence utig4-49 (49) is empty in the input fasta so deleting it and all its links
Sequence utig4-53 (53) is empty in the input fasta so deleting it and all its links
Sequence utig4-57 (57) is empty in the input fasta so deleting it and all its links
Sequence utig4-60 (60) is empty in the input fasta so deleting it and all its links
Sequence utig4-61 (61) is empty in the input fasta so deleting it and all its links
Sequence utig4-71 (71) is empty in the input fasta so deleting it and all its links
Sequence utig4-72 (72) is empty in the input fasta so deleting it and all its links
Sequence utig4-78 (78) is empty in the input fasta so deleting it and all its links
Aligning sequence utig4-0 to its original sequence to find bounds
Aligning sequence utig4-12 to its original sequence to find bounds
Aligning sequence utig4-8 to its original sequence to find bounds
Aligning sequence utig4-5 to its original sequence to find bounds
Aligning sequence query is 14722 and source is 19038
Aligning sequence query is 5600551 and source is 70215
Aligning sequence query is 30116 and source is 43603
Aligning sequence query is 5710505 and source is 71572
Found left alignment locations are 1446 to 5861 len 19038 means padding is 1446
Aligning sequence query is 14722 and source is 19038
Found right alignment locations are 5862 to 10278 len 19038 means padding is 8760
Aligning sequence utig4-1 to its original sequence to find bounds
Aligning sequence query is 24564 and source is 40210
Found left alignment locations are 8118 to 15485 len 40210 means padding is 8118
Aligning sequence query is 24564 and source is 40210
Found right alignment locations are 15486 to 22849 len 40210 means padding is 17361
Aligning sequence utig4-2 to its original sequence to find bounds
Aligning sequence query is 19385 and source is 17485
Found left alignment locations are 12876 to 21910 len 43603 means padding is 12876
Aligning sequence query is 30116 and source is 43603
Found left alignment locations are 178 to 5993 len 17485 means padding is 178
Aligning sequence query is 19385 and source is 17485
Found right alignment locations are 5994 to 11811 len 17485 means padding is 5674
Aligning sequence utig4-3 to its original sequence to find bounds
Aligning sequence query is 1453364 and source is 70906
Found right alignment locations are 21911 to 30945 len 43603 means padding is 12658
Aligning sequence utig4-10 to its original sequence to find bounds
Aligning sequence query is 12204 and source is 70372
Found left alignment locations are 39317 to 42978 len 70372 means padding is 39317
Aligning sequence query is 12204 and source is 68348
Swapping alignments
Found left alignment locations are 27112 to 57113 len 70215 means padding is 27112
Aligning sequence query is 5600551 and source is 70719
Warning: found no right alignment locations, using default pad
Aligning sequence utig4-16 to its original sequence to find bounds
Aligning sequence query is 11486714 and source is 70392
Found left alignment locations are 0 to 29654 len 70906 means padding is 0
Aligning sequence query is 1453364 and source is 70196
Found left alignment locations are 13246 to 43241 len 71572 means padding is 13246
Aligning sequence query is 5710505 and source is 70293
Found left alignment locations are 10672 to 40671 len 70392 means padding is 10672
Aligning sequence query is 11486714 and source is 70634
Found right alignment locations are 36250 to 66249 len 70196 means padding is 3947
Aligning sequence utig4-20 to its original sequence to find bounds
Found right alignment locations are 41183 to 70718 len 70719 means padding is 1
Aligning sequence utig4-13 to its original sequence to find bounds
Aligning sequence query is 14790 and source is 61547
Aligning sequence query is 124773 and source is 70257
Found right alignment locations are 22256 to 52255 len 70293 means padding is 18038
Aligning sequence utig4-6 to its original sequence to find bounds
Aligning sequence query is 275140 and source is 70496
Found left alignment locations are 25840 to 30276 len 61547 means padding is 25840
Aligning sequence query is 14790 and source is 61547
Found right alignment locations are 30277 to 34713 len 61547 means padding is 26834
Aligning sequence utig4-21 to its original sequence to find bounds
Aligning sequence query is 14926 and source is 66360
Found left alignment locations are 14840 to 19321 len 66360 means padding is 14840
Aligning sequence query is 14926 and source is 66360
Found right alignment locations are 19322 to 23799 len 66360 means padding is 42561
Aligning sequence utig4-22 to its original sequence to find bounds
Aligning sequence query is 13209434 and source is 69289
Found left alignment locations are 15141 to 45140 len 70257 means padding is 15141
Aligning sequence query is 124773 and source is 70293
Found right alignment locations are 33175 to 63174 len 70634 means padding is 7460
Aligning sequence utig4-17 to its original sequence to find bounds
Aligning sequence query is 297064 and source is 70150
Found left alignment locations are 0 to 28400 len 70496 means padding is 0
Aligning sequence query is 275140 and source is 68516
Found left alignment locations are 8352 to 38346 len 69289 means padding is 8352
Aligning sequence query is 13209434 and source is 70116
Found left alignment locations are 15672 to 45671 len 70150 means padding is 15672
Aligning sequence query is 297064 and source is 68585
Found right alignment locations are 35114 to 65113 len 70293 means padding is 5180
Aligning sequence utig4-14 to its original sequence to find bounds
Aligning sequence query is 124740 and source is 70523
Found right alignment locations are 33112 to 63111 len 68516 means padding is 5405
Aligning sequence utig4-7 to its original sequence to find bounds
Aligning sequence query is 18754 and source is 40183
Found left alignment locations are 0 to 4659 len 40183 means padding is 0
Aligning sequence query is 18754 and source is 40183
Found right alignment locations are 4660 to 10284 len 40183 means padding is 29899
Aligning sequence utig4-24 to its original sequence to find bounds
Aligning sequence query is 101664 and source is 69332
Found right alignment locations are 39116 to 69115 len 70116 means padding is 1001
Aligning sequence utig4-28 to its original sequence to find bounds
Aligning sequence query is 39577 and source is 19686
Swapping alignments now query is 19686 and source is 39577
Found left alignment locations are 6081 to 36082 len 70523 means padding is 6081
Aligning sequence query is 124740 and source is 70215
Found negative left alignmnet, locations are 8997 to 14898 len 39577 means padding is -8997
Aligning sequence query is 39577 and source is 19686
Found right alignment locations are 30169 to 60168 len 68585 means padding is 8417
Aligning sequence utig4-18 to its original sequence to find bounds
Aligning sequence query is 35085 and source is 41231
Found right alignment locations are 2879 to 14754 len 19686 means padding is 4932
Aligning sequence utig4-29 to its original sequence to find bounds
Aligning sequence query is 31287 and source is 32902
Found left alignment locations are 1770 to 12289 len 41231 means padding is 1770
Aligning sequence query is 35085 and source is 41231
Found left alignment locations are 5229 to 14618 len 32902 means padding is 5229
Aligning sequence query is 31287 and source is 32902
Found left alignment locations are 9027 to 39025 len 69332 means padding is 9027
Aligning sequence query is 101664 and source is 69980
Found right alignment locations are 12290 to 22817 len 41231 means padding is 18414
Aligning sequence utig4-19 to its original sequence to find bounds
Aligning sequence query is 20170 and source is 17254
Found left alignment locations are 8155 to 14205 len 17254 means padding is 8155
Aligning sequence query is 20170 and source is 17254
Found right alignment locations are 14619 to 23989 len 32902 means padding is 8913
Aligning sequence utig4-30 to its original sequence to find bounds
Aligning sequence query is 67556 and source is 42990
Swapping alignments
Found negative right alignmnet, locations are 3922 to 9100 len 20170 means padding is -11070
Aligning sequence utig4-32 to its original sequence to find bounds
Aligning sequence query is 46342 and source is 69862
Found right alignment locations are 28572 to 58571 len 70215 means padding is 11644
Aligning sequence utig4-15 to its original sequence to find bounds
Found left alignment locations are 5263 to 19167 len 69862 means padding is 5263
Aligning sequence query is 46342 and source is 69420
Aligning sequence query is 11594052 and source is 70443
Swapping alignments now query is 42990 and source is 67556
Found negative left alignmnet, locations are 8997 to 21889 len 67556 means padding is -8997
Aligning sequence query is 67556 and source is 42990
Found right alignment locations are 19994 to 33896 len 69420 means padding is 35524
Aligning sequence utig4-33 to its original sequence to find bounds
Aligning sequence query is 63803 and source is 70409
Found right alignment locations are 39060 to 69059 len 69980 means padding is 921
Aligning sequence utig4-25 to its original sequence to find bounds
Aligning sequence query is 2401946 and source is 70849
Swapping alignments
Found left alignment locations are 19001 to 48998 len 70443 means padding is 19001
Aligning sequence query is 11594052 and source is 70356
Swapping alignments now query is 70409 and source is 63803
Found left alignment locations are 23574 to 53571 len 70849 means padding is 23574
Aligning sequence query is 2401946 and source is 71365
Found negative right alignmnet, locations are 39086 to 51978 len 67556 means padding is -15578
Aligning sequence utig4-31 to its original sequence to find bounds
Aligning sequence query is 30346 and source is 46815
Found right alignment locations are 24189 to 54188 len 70356 means padding is 16168
Aligning sequence utig4-36 to its original sequence to find bounds
Aligning sequence query is 24633 and source is 24443
Swapping alignments now query is 24443 and source is 24633
Found left alignment locations are 20270 to 29373 len 46815 means padding is 20270
Aligning sequence query is 30346 and source is 46815
Found negative left alignmnet, locations are 4245 to 11579 len 24633 means padding is -4245
Aligning sequence query is 24633 and source is 24443
Found right alignment locations are 3143 to 10532 len 24443 means padding is 13911
Aligning sequence utig4-37 to its original sequence to find bounds
Aligning sequence query is 23633 and source is 57515
Warning: found no left alignment locations, using default pad
Aligning sequence query is 63803 and source is 68622
Found left alignment locations are 19731 to 26820 len 57515 means padding is 19731
Aligning sequence query is 23633 and source is 57515
Found right alignment locations are 41417 to 71364 len 71365 means padding is 1
Aligning sequence utig4-26 to its original sequence to find bounds
Aligning sequence query is 2403620 and source is 70858
Found right alignment locations are 29374 to 38477 len 46815 means padding is 8338
Aligning sequence utig4-40 to its original sequence to find bounds
Aligning sequence query is 44687 and source is 58868
Found right alignment locations are 26821 to 33910 len 57515 means padding is 23605
Aligning sequence utig4-38 to its original sequence to find bounds
Aligning sequence query is 17689 and source is 23275
Found left alignment locations are 1341 to 6645 len 23275 means padding is 1341
Aligning sequence query is 17689 and source is 23275
Found right alignment locations are 6646 to 11952 len 23275 means padding is 11323
Aligning sequence utig4-39 to its original sequence to find bounds
Aligning sequence query is 2152062 and source is 70126
Found left alignment locations are 15354 to 28760 len 58868 means padding is 15354
Aligning sequence query is 44687 and source is 58868
Found right alignment locations are 35700 to 54844 len 68622 means padding is 13778
Aligning sequence utig4-34 to its original sequence to find bounds
Aligning sequence query is 27984 and source is 18308
Found left alignment locations are 12038 to 18307 len 18308 means padding is 12038
Aligning sequence query is 27984 and source is 18308
Swapping alignments
Found right alignment locations are 30041 to 43447 len 58868 means padding is 15421
Aligning sequence utig4-41 to its original sequence to find bounds
Found negative right alignmnet, locations are 777 to 6265 len 27984 means padding is -21719
Aligning sequence utig4-35 to its original sequence to find bounds
Aligning sequence query is 59365 and source is 69958
Aligning sequence query is 45502 and source is 51368
Found left alignment locations are 23717 to 53716 len 70858 means padding is 23717
Aligning sequence query is 2403620 and source is 71368
Swapping alignments now query is 70126 and source is 100000
Found left alignment locations are 3151 to 16801 len 51368 means padding is 3151
Aligning sequence query is 45502 and source is 51368
Found left alignment locations are 12766 to 30575 len 69958 means padding is 12766
Aligning sequence query is 59365 and source is 69973
Found right alignment locations are 18653 to 32302 len 51368 means padding is 19066
Aligning sequence utig4-46 to its original sequence to find bounds
Aligning sequence query is 20232 and source is 46302
Found left alignment locations are 3035 to 9104 len 46302 means padding is 3035
Aligning sequence query is 20232 and source is 46302
Found right alignment locations are 9105 to 15174 len 46302 means padding is 31128
Aligning sequence utig4-47 to its original sequence to find bounds
Aligning sequence query is 22932 and source is 21712
Found negative left alignmnet, locations are 3839 to 24874 len 2152062 means padding is -3839
Aligning sequence query is 2152062 and source is 71895
Found left alignment locations are 0 to 5228 len 21712 means padding is 0
Aligning sequence query is 22932 and source is 21712
Found right alignment locations are 5229 to 12108 len 21712 means padding is 9604
Aligning sequence utig4-48 to its original sequence to find bounds
Aligning sequence query is 28478 and source is 70241
Found right alignment locations are 41697 to 59506 len 69973 means padding is 10467
Aligning sequence utig4-42 to its original sequence to find bounds
Aligning sequence query is 44025 and source is 56506
Found right alignment locations are 41420 to 71367 len 71368 means padding is 1
Aligning sequence utig4-27 to its original sequence to find bounds
Aligning sequence query is 26435 and source is 48502
Found left alignment locations are 4203 to 12133 len 48502 means padding is 4203
Aligning sequence query is 26435 and source is 48502
Found left alignment locations are 4363 to 12902 len 70241 means padding is 4363
Aligning sequence query is 28478 and source is 70241
Found left alignment locations are 9739 to 22946 len 56506 means padding is 9739
Aligning sequence query is 44025 and source is 56506
Found right alignment locations are 12134 to 20052 len 48502 means padding is 28450
Aligning sequence utig4-52 to its original sequence to find bounds
Aligning sequence query is 13272010 and source is 69226
Found right alignment locations are 7556 to 16097 len 70241 means padding is 54144
Aligning sequence utig4-50 to its original sequence to find bounds
Aligning sequence query is 3959711 and source is 70170
Found right alignment locations are 23764 to 36971 len 56506 means padding is 19535
Aligning sequence utig4-43 to its original sequence to find bounds
Aligning sequence query is 29508 and source is 27967
Found left alignment locations are 0 to 7681 len 27967 means padding is 0
Aligning sequence query is 29508 and source is 27967
Found right alignment locations are 7682 to 16530 len 27967 means padding is 11437
Aligning sequence utig4-56 to its original sequence to find bounds
Aligning sequence query is 19189 and source is 70534
Found left alignment locations are 3307 to 33306 len 69226 means padding is 3307
Aligning sequence query is 13272010 and source is 69979
Found left alignment locations are 9517 to 39519 len 70170 means padding is 9517
Aligning sequence query is 3959711 and source is 71489
Found right alignment locations are 30116 to 60117 len 71895 means padding is 11778
Aligning sequence utig4-62 to its original sequence to find bounds
Aligning sequence query is 121328 and source is 70961
Found left alignment locations are 62421 to 67970 len 70534 means padding is 62421
Aligning sequence query is 19189 and source is 71662
Found right alignment locations are 23583 to 29339 len 71662 means padding is 42323
Aligning sequence utig4-58 to its original sequence to find bounds
Aligning sequence query is 49198 and source is 56005
Found left alignment locations are 1798 to 16557 len 56005 means padding is 1798
Aligning sequence query is 49198 and source is 56005
Found right alignment locations are 16187 to 46186 len 71489 means padding is 25303
Aligning sequence utig4-51 to its original sequence to find bounds
Aligning sequence query is 44185 and source is 42543
Found right alignment locations are 39059 to 69058 len 69979 means padding is 921
Aligning sequence utig4-54 to its original sequence to find bounds
Aligning sequence query is 8062 and source is 33038
Found left alignment locations are 10310 to 12728 len 33038 means padding is 10310
Aligning sequence query is 8062 and source is 33038
Found right alignment locations are 20996 to 35757 len 56005 means padding is 20248
Aligning sequence utig4-59 to its original sequence to find bounds
Aligning sequence query is 40950 and source is 49756
Found right alignment locations are 12729 to 15148 len 33038 means padding is 17890
Aligning sequence utig4-55 to its original sequence to find bounds
Aligning sequence query is 6339 and source is 70558
Found left alignment locations are 22285 to 52286 len 70961 means padding is 22285
Aligning sequence query is 121328 and source is 70207
Found left alignment locations are 84 to 13337 len 42543 means padding is 84
Aligning sequence query is 44185 and source is 42543
Found left alignment locations are 58502 to 60399 len 70558 means padding is 58502
Aligning sequence query is 6339 and source is 70463
Found left alignment locations are 5666 to 17950 len 49756 means padding is 5666
Aligning sequence query is 40950 and source is 49756
Swapping alignments
Warning: found no right alignment locations, using default pad
Aligning sequence utig4-64 to its original sequence to find bounds
Aligning sequence query is 26223 and source is 62611
Found right alignment locations are 14267 to 27522 len 42543 means padding is 15021
Aligning sequence utig4-68 to its original sequence to find bounds
Aligning sequence query is 100967 and source is 70028
Found left alignment locations are 13765 to 21631 len 62611 means padding is 13765
Aligning sequence query is 26223 and source is 62611
Found right alignment locations are 17951 to 30235 len 49756 means padding is 19521
Aligning sequence utig4-73 to its original sequence to find bounds
Aligning sequence query is 11599 and source is 28392
Found left alignment locations are 2261 to 5738 len 28392 means padding is 2261
Aligning sequence query is 11599 and source is 28392
Found right alignment locations are 16650 to 20125 len 28392 means padding is 8267
Aligning sequence utig4-74 to its original sequence to find bounds
Aligning sequence query is 13266 and source is 45711
Found left alignment locations are 17271 to 21248 len 45711 means padding is 17271
Aligning sequence query is 13266 and source is 45711
Found right alignment locations are 31934 to 35913 len 45711 means padding is 9798
Aligning sequence utig4-75 to its original sequence to find bounds
Found right alignment locations are 21632 to 29498 len 62611 means padding is 33113
Aligning sequence utig4-65 to its original sequence to find bounds
Aligning sequence query is 20518 and source is 29694
Aligning sequence query is 1850977 and source is 71240
Found left alignment locations are 3984 to 10137 len 29694 means padding is 3984
Aligning sequence query is 20518 and source is 29694
Found right alignment locations are 10138 to 16295 len 29694 means padding is 13399
Aligning sequence utig4-76 to its original sequence to find bounds
Aligning sequence query is 142084 and source is 69225
Found right alignment locations are 41183 to 70206 len 70207 means padding is 1
Aligning sequence utig4-63 to its original sequence to find bounds
Found left alignment locations are 1466 to 31465 len 70028 means padding is 1466
Aligning sequence query is 100967 and source is 69431
Aligning sequence query is 26237 and source is 57935
Found left alignment locations are 20421 to 28292 len 57935 means padding is 20421
Aligning sequence query is 26237 and source is 57935
Found left alignment locations are 167 to 30165 len 71240 means padding is 167
Aligning sequence query is 1850977 and source is 70542
Found right alignment locations are 28293 to 36164 len 57935 means padding is 21771
Aligning sequence utig4-80 to its original sequence to find bounds
Aligning sequence query is 15629 and source is 50387
Found left alignment locations are 2845 to 7533 len 50387 means padding is 2845
Aligning sequence query is 15629 and source is 50387
Found right alignment locations are 7534 to 12222 len 50387 means padding is 38165
Aligning sequence utig4-81 to its original sequence to find bounds
Aligning sequence query is 33507 and source is 56926
Found left alignment locations are 23796 to 53795 len 69225 means padding is 23796
Aligning sequence query is 142084 and source is 69089
Found left alignment locations are 3586 to 13638 len 56926 means padding is 3586
Aligning sequence query is 33507 and source is 56926
Found right alignment locations are 41885 to 69430 len 69431 means padding is 1
Aligning sequence utig4-69 to its original sequence to find bounds
Aligning sequence query is 4186609 and source is 70493
Found right alignment locations are 13639 to 23691 len 56926 means padding is 33235
Found right alignment locations are 41634 to 70541 len 70542 means padding is 1
Aligning sequence utig4-66 to its original sequence to find bounds
Aligning sequence query is 6227 and source is 19820
Found left alignment locations are 11951 to 13819 len 19820 means padding is 11951
Aligning sequence query is 6227 and source is 19820
Found right alignment locations are 13820 to 15688 len 19820 means padding is 4132
Aligning sequence utig4-67 to its original sequence to find bounds
Aligning sequence query is 100068 and source is 69827
Found right alignment locations are 23792 to 53791 len 69089 means padding is 15298
Aligning sequence utig4-77 to its original sequence to find bounds
Aligning sequence query is 4182102 and source is 69028
Found left alignment locations are 10117 to 40116 len 70493 means padding is 10117
Aligning sequence query is 4186609 and source is 68940
Found left alignment locations are 22572 to 52571 len 69827 means padding is 22572
Aligning sequence query is 100068 and source is 69339
Found left alignment locations are 15560 to 45559 len 69028 means padding is 15560
Aligning sequence query is 4182102 and source is 70294
Found right alignment locations are 26018 to 56017 len 68940 means padding is 12923
Aligning sequence utig4-70 to its original sequence to find bounds
Aligning sequence query is 1514937 and source is 70177
Found right alignment locations are 22107 to 52108 len 69339 means padding is 17231
Found left alignment locations are 1982 to 31973 len 70177 means padding is 1982
Aligning sequence query is 1514937 and source is 71611
Found right alignment locations are 24874 to 54763 len 70294 means padding is 15531
Aligning sequence utig4-79 to its original sequence to find bounds
Aligning sequence query is 21906 and source is 42754
Found left alignment locations are 13288 to 19858 len 42754 means padding is 13288
Aligning sequence query is 21906 and source is 42754
Found right alignment locations are 19859 to 26430 len 42754 means padding is 16324
Found right alignment locations are 34283 to 64261 len 71611 means padding is 7350
-- Resetting sequence lengths.
-- Aligning 186 links using 4 threads and 30.00 error rate.
Processing link between tig 12 <-- and tig 13 -->
Processing link between tig 0 <-- and tig 1 -->
Processing link between tig 17 <-- and tig 18 -->
Processing link with ratio 2.289204 and padding A 1446  b 8118 so a coordinates are 2379 26642 and b is 0 56232 alignlengths 14699 14699  14699
Processing link between tig 14 <-- and tig 12 -->
LINK tig00000000 -                      tig00000001 +                     Aalign  14699 Balign  14699 align  14699 ratio 2.289204
TEST tig00000000 -     2379-26642       tig00000001 +        0-56232     maxEdit= 16663  (extend B)Processing link with ratio 1.623048 and padding A 6081  b 27112 so a coordinates are 164923 202459 and b is 0 67015 alignlengths 4343 4343  4343
LINK tig00000014 -                      tig00000012 +                     Aalign   4343 Balign   4343 align   4343 ratio 1.623048
TEST tig00000014 -   164923-202459      tig00000012 +        0-67015     maxEdit= 18277  (extend B)Processing link with ratio 1.672453 and padding A 15672  b 1770 so a coordinates are 412951 456253 and b is 0 58678 alignlengths 25860 25860  25860
LINK tig00000017 -                      tig00000018 +                     Aalign  25860 Balign  25860 align  25860 ratio 1.672453
TEST tig00000017 -   412951-456253      tig00000018 +        0-58678     maxEdit= 21727  (extend B)Processing link with ratio 1.654060 and padding A 27112  b 15141 so a coordinates are 7951009 7997605 and b is 0 84779 alignlengths 4343 4343  4343
LINK tig00000012 -                      tig00000013 +                     Aalign   4343 Balign   4343 align   4343 ratio 1.654060
TEST tig00000012 -  7951009-7997605     tig00000013 +        0-84779     maxEdit= 23122  (extend B)
     tig00000000 -        0-26642       tig00000001 +        0-33915     maxEdit= 10175  (extend A)
     tig00000014 -   135444-202459      tig00000012 +        0-53495     maxEdit= 16049  (extend A)
     tig00000017 -   376591-456253      tig00000018 +        0-58678     maxEdit= 17604  (extend A)
     tig00000000 -        0-26642       tig00000001 +        0-33915     maxEdit= 10175  (final)
     tig00000012 -  7912826-7997605     tig00000013 +        0-66620     maxEdit= 19987  (extend A)
     tig00000000 -        0-26642       tig00000001 +        0-33915      0.2163

Processing link between tig 0 <-- and tig 2 -->
Processing link with ratio 1.809673 and padding A 1446  b 178 so a coordinates are 10319 26642 and b is 0 24433 alignlengths 14699 14699  14699
LINK tig00000000 -                      tig00000002 +                     Aalign  14699 Balign  14699 align  14699 ratio 1.809673
TEST tig00000000 -    10319-26642       tig00000002 +        0-24433     maxEdit=  8862  (extend B)
     tig00000000 -        0-26642       tig00000002 +        0-22808     maxEdit=  6843  (extend A)
     tig00000000 -     3828-26642       tig00000002 +        0-22808     maxEdit=  6843  (final)
     tig00000014 -   148880-202459      tig00000012 +        0-53495     maxEdit= 16049  (final)
     tig00000000 -     3828-26642       tig00000002 +        0-22808      0.0011

Processing link between tig 1 <-- and tig 0 -->
Processing link with ratio 2.289204 and padding A 8118  b 1446 so a coordinates are 31969 56232 and b is 0 26642 alignlengths 14699 14699  14699
LINK tig00000001 -                      tig00000000 +                     Aalign  14699 Balign  14699 align  14699 ratio 2.289204
TEST tig00000001 -    31969-56232       tig00000000 +        0-26642     maxEdit= 16663  (extend B)
     tig00000001 -        0-56232       tig00000000 +        0-26487     maxEdit=  7947  (extend A)
     tig00000017 -   394631-456253      tig00000018 +        0-58678     maxEdit= 17604  (final)
     tig00000014 -   148880-202459      tig00000012 +        0-53495      0.0024

Processing link between tig 15 <-- and tig 13 <--
Processing link with ratio 1.654060 and padding A 19001  b 5180 so a coordinates are 16357565 16383773 and b is 0 47684 alignlengths 2027 2027  2027
LINK tig00000015 -                      tig00000013 -                     Aalign   2027 Balign   2027 align   2027 ratio 1.654060
TEST tig00000015 - 16357565-16383773    tig00000013 -        0-47684     maxEdit= 13005  (extend B)
     tig00000001 -    22312-56232       tig00000000 +        0-26487     maxEdit=  7947  (final)
     tig00000012 -  7931082-7997605     tig00000013 +        0-66620     maxEdit= 19987  (final)
     tig00000001 -    22312-56232       tig00000000 +        0-26487      0.2208

Processing link between tig 10 <-- and tig 7 <--
Processing link with ratio 15.940429 and padding A 39317  b 29899 so a coordinates are 123376 194537 and b is 0 57169 alignlengths 1945 1945  1945
LINK tig00000010 -                      tig00000007 -                     Aalign   1945 Balign   1945 align   1945 ratio 15.940429
TEST tig00000010 -   123376-194537      tig00000007 -        0-57169     maxEdit=340302  (extend B)
     tig00000015 - 16336089-16383773    tig00000013 -        0-37044     maxEdit= 11114  (extend A)
     tig00000017 -   394631-456253      tig00000018 +        0-58678      0.0480

Processing link between tig 17 <-- and tig 19 -->
Processing link with ratio 1.535874 and padding A 15672  b 8155 so a coordinates are 430907 456253 and b is 0 24603 alignlengths 1519 1519  1519
LINK tig00000017 -                      tig00000019 +                     Aalign   1519 Balign   1519 align   1519 ratio 1.535874
TEST tig00000017 -   430907-456253      tig00000019 +        0-24603     maxEdit= 11679  (extend B)
     tig00000015 - 16346738-16383773    tig00000013 -        0-37044     maxEdit= 11114  (final)
     tig00000017 -   413432-456253      tig00000019 +        0-24603     maxEdit=  7382  (extend A)
     tig00000017 -   420156-456253      tig00000019 +        0-24603     maxEdit=  7382  (final)
     tig00000015 - 16346738-16383773    tig00000013 -        0-37044      0.0006

Processing link between tig 16 <-- and tig 13 <--
Processing link with ratio 1.654060 and padding A 10672  b 5180 so a coordinates are 16181454 16199333 and b is 0 32530 alignlengths 2027 2027  2027
LINK tig00000016 -                      tig00000013 -                     Aalign   2027 Balign   2027 align   2027 ratio 1.654060
TEST tig00000016 - 16181454-16199333    tig00000013 -        0-32530     maxEdit=  8872  (extend B)
     tig00000012 -  7931082-7997605     tig00000013 +        0-66620      0.0033

Processing link between tig 12 <-- and tig 14 -->
Processing link with ratio 1.623048 and padding A 27112  b 6081 so a coordinates are 7960069 7997605 and b is 0 67015 alignlengths 4343 4343  4343
LINK tig00000012 -                      tig00000014 +                     Aalign   4343 Balign   4343 align   4343 ratio 1.623048
TEST tig00000012 -  7960069-7997605     tig00000014 +        0-67015     maxEdit= 18277  (extend B)
     tig00000016 - 16166803-16199333    tig00000013 -        0-25148     maxEdit=  7545  (extend A)
     tig00000017 -   420156-456253      tig00000019 +        0-24603      0.3189

Processing link between tig 18 <-- and tig 17 -->
Processing link with ratio 1.672453 and padding A 1770  b 15672 so a coordinates are 15376 58678 and b is 0 79662 alignlengths 25860 25860  25860
LINK tig00000018 -                      tig00000017 +                     Aalign  25860 Balign  25860 align  25860 ratio 1.672453
TEST tig00000018 -    15376-58678       tig00000017 +        0-79662     maxEdit= 21727  (extend B)
     tig00000016 - 16174192-16199333    tig00000013 -        0-25148     maxEdit=  7545  (final)
     tig00000016 - 16174192-16199333    tig00000013 -        0-25148      0.0016

Processing link between tig 16 <-- and tig 14 <--
Processing link with ratio 1.623048 and padding A 10672  b 11644 so a coordinates are 16174990 16199333 and b is 0 43460 alignlengths 2027 2027  2027
LINK tig00000016 -                      tig00000014 -                     Aalign   2027 Balign   2027 align   2027 ratio 1.623048
TEST tig00000016 - 16174990-16199333    tig00000014 -        0-43460     maxEdit= 11853  (extend B)
     tig00000012 -  7930590-7997605     tig00000014 +        0-53579     maxEdit= 16074  (extend A)
     tig00000016 - 16155873-16199333    tig00000014 -        0-34299     maxEdit= 10290  (extend A)
     tig00000018 -        0-58678       tig00000017 +        0-61622     maxEdit= 18487  (extend A)
     tig00000016 - 16165034-16199333    tig00000014 -        0-34299     maxEdit= 10290  (final)
     tig00000016 - 16165034-16199333    tig00000014 -        0-34299      0.0004

Processing link between tig 2 <-- and tig 0 -->
Processing link with ratio 1.809673 and padding A 178  b 1446 so a coordinates are 8110 24433 and b is 0 26642 alignlengths 14699 14699  14699
LINK tig00000002 -                      tig00000000 +                     Aalign  14699 Balign  14699 align  14699 ratio 1.809673
TEST tig00000002 -     8110-24433       tig00000000 +        0-26642     maxEdit=  8862  (extend B)
     tig00000002 -        0-24433       tig00000000 +        0-22813     maxEdit=  6845  (extend A)
     tig00000012 -  7944110-7997605     tig00000014 +        0-53579     maxEdit= 16074  (final)
     tig00000002 -     1620-24433       tig00000000 +        0-22813     maxEdit=  6845  (final)
     tig00000010 -        0-194537      tig00000007 -        0-57169     maxEdit= 17151  (extend A)
     tig00000002 -     1620-24433       tig00000000 +        0-22813      0.0011

Processing link between tig 20 <-- and tig 16 <--
Processing link with ratio 5.870656 and padding A 25840  b 7460 so a coordinates are 48220 86827 and b is 0 249313 alignlengths 5307 5307  5307
LINK tig00000020 -                      tig00000016 -                     Aalign   5307 Balign   5307 align   5307 ratio 5.870656
TEST tig00000020 -    48220-86827       tig00000016 -        0-249313    maxEdit= 67995  (extend B)
     tig00000012 -  7944110-7997605     tig00000014 +        0-53579      0.0024

Processing link between tig 13 <-- and tig 5 <--

     tig00000018 -        0-58678       tig00000017 +        0-61622     maxEdit= 18487  (final)Processing link with ratio 1.654060 and padding A 15141  b 18038 so a coordinates are 168860 206382 and b is 0 68269 alignlengths 4343 4343  4343
LINK tig00000013 -                      tig00000005 -                     Aalign   4343 Balign   4343 align   4343 ratio 1.654060
TEST tig00000013 -   168860-206382      tig00000005 -        0-68269     maxEdit= 18620  (extend B)
     tig00000020 -        0-86827       tig00000016 -        0-54374     maxEdit= 16313  (extend A)
     tig00000013 -   138113-206382      tig00000005 -        0-53687     maxEdit= 16107  (extend A)
     tig00000018 -        0-58678       tig00000017 +        0-61622      0.0480

Processing link between tig 19 <-- and tig 17 -->
Processing link with ratio 1.535874 and padding A 8155  b 15672 so a coordinates are 0 24603 and b is 0 42821 alignlengths 1519 1519  1519
LINK tig00000019 -                      tig00000017 +                     Aalign   1519 Balign   1519 align   1519 ratio 1.535874
TEST tig00000019 -        0-24603       tig00000017 +        0-42821     maxEdit= 11679  (extend B)
     tig00000019 -        0-24603       tig00000017 +        0-36094     maxEdit= 10829  (extend A) - FAILED
     tig00000019 -        0-24603       tig00000017 +        0-36094     maxEdit= 10829  (final)
     tig00000019 -        0-24603       tig00000017 +        0-36094      0.3189

Processing link between tig 22 <-- and tig 24 -->
Processing link with ratio 1.577697 and padding A 8352  b 9027 so a coordinates are 18750933 18776443 and b is 0 44271 alignlengths 8131 8131  8131
LINK tig00000022 -                      tig00000024 +                     Aalign   8131 Balign   8131 align   8131 ratio 1.577697
TEST tig00000022 - 18750933-18776443    tig00000024 +        0-44271     maxEdit= 12075  (extend B)
     tig00000020 -    32446-86827       tig00000016 -        0-54374     maxEdit= 16313  (final)
     tig00000013 -   152683-206382      tig00000005 -        0-53687     maxEdit= 16107  (final)
     tig00000010 -   104156-194537      tig00000007 -        0-57169     maxEdit= 17151  (final)
     tig00000022 - 18732172-18776443    tig00000024 +        0-37234     maxEdit= 11171  (extend A)
     tig00000013 -   152683-206382      tig00000005 -        0-53687      0.0009

Processing link between tig 13 <-- and tig 12 -->

Processing link with ratio 1.654060 and padding A 15141  b 27112 so a coordinates are 159786 206382 and b is 0 84779 alignlengths 4343 4343  4343
LINK tig00000013 -                      tig00000012 +                     Aalign   4343 Balign   4343 align   4343 ratio 1.654060
TEST tig00000013 -   159786-206382      tig00000012 +        0-84779     maxEdit= 23122  (extend B)     tig00000020 -    32446-86827       tig00000016 -        0-54374      0.0005

Processing link between tig 21 <-- and tig 16 <--
Processing link with ratio 6.282058 and padding A 14840  b 7460 so a coordinates are 66159 93766 and b is 0 190771 alignlengths 5307 5307  5307
LINK tig00000021 -                      tig00000016 -                     Aalign   5307 Balign   5307 align   5307 ratio 6.282058
TEST tig00000021 -    66159-93766       tig00000016 -        0-190771    maxEdit= 52029  (extend B)
     tig00000022 - 18739216-18776443    tig00000024 +        0-37234     maxEdit= 11171  (final)
     tig00000022 - 18739216-18776443    tig00000024 +        0-37234      0.0023

Deleting link between 23 and 22 because one was not consensused
  Failed to find alignment.
Processing link between tig 24 <-- and tig 22 -->
Processing link with ratio 1.577697 and padding A 9027  b 8352 so a coordinates are 134885 160395 and b is 0 44271 alignlengths 8131 8131  8131
LINK tig00000024 -                      tig00000022 +                     Aalign   8131 Balign   8131 align   8131 ratio 1.577697
TEST tig00000024 -   134885-160395      tig00000022 +        0-44271     maxEdit= 12075  (extend B)
     tig00000021 -        0-93766       tig00000016 -        0-38967     maxEdit= 11691  (extend A)
     tig00000024 -   116124-160395      tig00000022 +        0-37227     maxEdit= 11169  (extend A)
     tig00000013 -   121603-206382      tig00000012 +        0-66523     maxEdit= 19958  (extend A)
     tig00000024 -   123159-160395      tig00000022 +        0-37227     maxEdit= 11169  (final)
     tig00000010 -   104156-194537      tig00000007 -        0-57169      0.3693

Processing link between tig 25 <-- and tig 21 <--
Processing link with ratio 6.282058 and padding A 23574  b 42561 so a coordinates are 3368775 3444383 and b is 0 93766 alignlengths 9473 9473  9473
LINK tig00000025 -                      tig00000021 -                     Aalign   9473 Balign   9473 align   9473 ratio 6.282058
TEST tig00000025 -  3368775-3444383     tig00000021 -        0-93766     maxEdit=142493  (extend B)
     tig00000021 -    54782-93766       tig00000016 -        0-38967     maxEdit= 11691  (final)
     tig00000024 -   123159-160395      tig00000022 +        0-37227      0.0023

Processing link between tig 25 <-- and tig 20 <--
Processing link with ratio 5.870656 and padding A 23574  b 26834 so a coordinates are 3384639 3444383 and b is 0 86827 alignlengths 9336 9336  9336
LINK tig00000025 -                      tig00000020 -                     Aalign   9336 Balign   9336 align   9336 ratio 5.870656
TEST tig00000025 -  3384639-3444383     tig00000020 -        0-86827     maxEdit=105221  (extend B)
     tig00000021 -    54782-93766       tig00000016 -        0-38967      0.0011

Deleting link between 22 and 23 because one was not consensused
  Failed to find alignment.
Processing link between tig 27 <-- and tig 29 -->
Processing link with ratio 2.633478 and padding A 4203  b 5229 so a coordinates are 47974 69616 and b is 0 47344 alignlengths 12210 12210  12210
LINK tig00000027 -                      tig00000029 +                     Aalign  12210 Balign  12210 align  12210 ratio 2.633478
TEST tig00000027 -    47974-69616       tig00000029 +        0-47344     maxEdit= 17099  (extend B)
     tig00000027 -     6923-69616       tig00000029 +        0-31156     maxEdit=  9348  (extend A)
     tig00000027 -    38489-69616       tig00000029 +        0-31156     maxEdit=  9348  (final)
     tig00000013 -   139762-206382      tig00000012 +        0-66523     maxEdit= 19958  (final)
     tig00000027 -    38489-69616       tig00000029 +        0-31156      0.0022

Processing link between tig 27 <-- and tig 30 -->
Processing link with ratio 2.633478 and padding A 4203  b -8997 so a coordinates are 47976 69616 and b is 0 61514 alignlengths 26434 26434  26434
LINK tig00000027 -                      tig00000030 +                     Aalign  26434 Balign  26434 align  26434 ratio 2.633478
TEST tig00000027 -    47976-69616       tig00000030 +        0-61514     maxEdit= 17097  (extend B)
     tig00000027 -     6929-69616       tig00000030 +        0-31109     maxEdit=  9333  (extend A)
     tig00000025 -  3058573-3444383     tig00000020 -        0-75968     maxEdit= 22791  (extend A)
     tig00000013 -   139762-206382      tig00000012 +        0-66523      0.0033

Deleting link between 3 and 4 because one was not consensused
  Failed to find alignment.
Processing link between tig 3 <-- and tig 5 -->
Processing link with ratio 1.427317 and padding A 0  b 13246 so a coordinates are 2053260 2072450 and b is 0 30129 alignlengths 5944 5944  5944
LINK tig00000003 -                      tig00000005 +                     Aalign   5944 Balign   5944 align   5944 ratio 1.427317
TEST tig00000003 -  2053260-2072450     tig00000005 +        0-30129     maxEdit=  8218  (extend B)
     tig00000027 -    38489-69616       tig00000030 +        0-31109     maxEdit=  9333  (final)
     tig00000003 -  2042321-2072450     tig00000005 +        0-26333     maxEdit=  7901  (extend A)
     tig00000027 -    38489-69616       tig00000030 +        0-31109      0.0038

Processing link between tig 28 <-- and tig 27 -->
Processing link with ratio 2.633478 and padding A -8997  b 4203 so a coordinates are 6685 28325 and b is 0 62687 alignlengths 26434 26434  26434
LINK tig00000028 -                      tig00000027 +                     Aalign  26434 Balign  26434 align  26434 ratio 2.633478
TEST tig00000028 -     6685-28325       tig00000027 +        0-62687     maxEdit= 17097  (extend B)
     tig00000003 -  2046113-2072450     tig00000005 +        0-26333     maxEdit=  7901  (final)
     tig00000028 -        0-28325       tig00000027 +        0-31127     maxEdit=  9339  (extend A)
     tig00000025 -  2921912-3444383     tig00000021 -        0-93766     maxEdit= 28131  (extend A)
     tig00000003 -  2046113-2072450     tig00000005 +        0-26333      0.0006

Processing link between tig 30 <-- and tig 27 -->
Processing link with ratio 2.633478 and padding A -8997  b 4203 so a coordinates are 39874 61514 and b is 0 62687 alignlengths 26434 26434  26434
LINK tig00000030 -                      tig00000027 +                     Aalign  26434 Balign  26434 align  26434 ratio 2.633478
TEST tig00000030 -    39874-61514       tig00000027 +        0-62687     maxEdit= 17097  (extend B)
     tig00000030 -        0-61514       tig00000027 +        0-31127     maxEdit=  9339  (extend A)
     tig00000028 -        0-28325       tig00000027 +        0-31127     maxEdit=  9339  (final)
     tig00000028 -        0-28325       tig00000027 +        0-31127      0.0936

Processing link between tig 29 <-- and tig 27 -->
Processing link with ratio 2.633478 and padding A 5229  b 4203 so a coordinates are 25702 47344 and b is 0 62693 alignlengths 12210 12210  12210
LINK tig00000029 -                      tig00000027 +                     Aalign  12210 Balign  12210 align  12210 ratio 2.633478
TEST tig00000029 -    25702-47344       tig00000027 +        0-62693     maxEdit= 17099  (extend B)
     tig00000029 -        0-47344       tig00000027 +        0-31127     maxEdit=  9339  (extend A)
     tig00000030 -    30398-61514       tig00000027 +        0-31127     maxEdit=  9339  (final)
     tig00000030 -    30398-61514       tig00000027 +        0-31127      0.0038

Processing link between tig 31 <-- and tig 10 <--
Processing link with ratio 15.940429 and padding A 20270  b 10000 so a coordinates are 36407 67000 and b is 0 194537 alignlengths 323 323  323
LINK tig00000031 -                      tig00000010 -                     Aalign    323 Balign    323 align    323 ratio 15.940429
TEST tig00000031 -    36407-67000       tig00000010 -        0-194537    maxEdit=146300  (extend B)
     tig00000029 -    16181-47344       tig00000027 +        0-31127     maxEdit=  9339  (final)
     tig00000029 -    16181-47344       tig00000027 +        0-31127      0.0022

Processing link between tig 31 <-- and tig 18 <--
Processing link with ratio 2.207869 and padding A 20270  b 18414 so a coordinates are 20572 67000 and b is 0 58678 alignlengths 7744 7744  7744
LINK tig00000031 -                      tig00000018 -                     Aalign   7744 Balign   7744 align   7744 ratio 2.207869
TEST tig00000031 -    20572-67000       tig00000018 -        0-58678     maxEdit= 30753  (extend B)
     tig00000031 -        0-67000       tig00000018 -        0-46257     maxEdit= 13878  (extend A)
     tig00000031 -        0-67000       tig00000010 -        0-151220    maxEdit= 45367  (extend A)
     tig00000031 -    20739-67000       tig00000018 -        0-46257     maxEdit= 13878  (final)
     tig00000031 -    20739-67000       tig00000018 -        0-46257      0.0008

Processing link between tig 32 <-- and tig 31 <--
Processing link with ratio 2.208019 and padding A 5263  b 8338 so a coordinates are 75043 102324 and b is 0 66260 alignlengths 13680 13680  13680
LINK tig00000032 -                      tig00000031 -                     Aalign  13680 Balign  13680 align  13680 ratio 2.208019
TEST tig00000032 -    75043-102324      tig00000031 -        0-66260     maxEdit= 18072  (extend B)
     tig00000032 -    36064-102324      tig00000031 -        0-21804     maxEdit=  6542  (extend A)
     tig00000032 -    80524-102324      tig00000031 -        0-21804     maxEdit=  6542  (final)
     tig00000032 -    80524-102324      tig00000031 -        0-21804      0.0012

Processing link between tig 33 <-- and tig 31 <--
Processing link with ratio 3.539567 and padding A 10000  b 8338 so a coordinates are 194484 225835 and b is 0 67000 alignlengths 13013 13013  13013
LINK tig00000033 -                      tig00000031 -                     Aalign  13013 Balign  13013 align  13013 ratio 3.539567
TEST tig00000033 -   194484-225835      tig00000031 -        0-67000     maxEdit= 33291  (extend B) - FAILED
     tig00000031 -        0-67000       tig00000010 -        0-151220    maxEdit= 45367  (final)
     tig00000025 -  3368390-3444383     tig00000020 -        0-75968     maxEdit= 22791  (final)
     tig00000033 -   103770-225835      tig00000031 -        0-62618     maxEdit= 18786  (extend A)
     tig00000025 -  3368390-3444383     tig00000020 -        0-75968      0.0005

Processing link between tig 34 <-- and tig 35 -->
Processing link with ratio 1.621181 and padding A 12038  b 3151 so a coordinates are 0 26485 and b is 0 52056 alignlengths 14002 14002  14002
LINK tig00000034 -                      tig00000035 +                     Aalign  14002 Balign  14002 align  14002 ratio 1.621181
TEST tig00000034 -        0-26485       tig00000035 +        0-52056     maxEdit= 14198  (extend B)
     tig00000034 -        0-26485       tig00000035 +        0-42066     maxEdit= 12621  (extend A) - FAILED
     tig00000034 -        0-26485       tig00000035 +        0-42066     maxEdit= 12621  (final)
     tig00000031 -        0-67000       tig00000010 -        0-151220     0.5587

Processing link between tig 37 <-- and tig 38 -->
Processing link with ratio 3.473744 and padding A 19731  b 1341 so a coordinates are 44334 82095 and b is 0 33337 alignlengths 16689 16689  16689
LINK tig00000037 -                      tig00000038 +                     Aalign  16689 Balign  16689 align  16689 ratio 3.473744
TEST tig00000037 -    44334-82095       tig00000038 +        0-33337     maxEdit= 39352  (extend B) - FAILED
     tig00000033 -   103770-225835      tig00000031 -        0-62618     maxEdit= 18786  (final) - FAILED
     tig00000033 -   103770-225835      tig00000031 -        0-62618      0.0000

Processing link between tig 34 <-- and tig 27 <--
Processing link with ratio 2.633478 and padding A 12038  b 28450 so a coordinates are 0 26485 and b is 0 69616 alignlengths 14002 14002  14002
LINK tig00000034 -                      tig00000027 -                     Aalign  14002 Balign  14002 align  14002 ratio 2.633478
TEST tig00000034 -        0-26485       tig00000027 -        0-69616     maxEdit= 43050  (extend B)
     tig00000034 -        0-26485       tig00000035 +        0-42066      0.3712

Processing link between tig 35 <-- and tig 34 -->
Processing link with ratio 1.621181 and padding A 3151  b 12038 so a coordinates are 44576 73767 and b is 0 26485 alignlengths 14002 14002  14002
LINK tig00000035 -                      tig00000034 +                     Aalign  14002 Balign  14002 align  14002 ratio 1.621181
TEST tig00000035 -    44576-73767       tig00000034 +        0-26485     maxEdit= 14198  (extend B) - FAILED
LINK tig00000035 -                      tig00000034 +                     Aalign  14002 Balign  14002 align  14002 ratio 1.621181
TEST tig00000035 -    45076-73767       tig00000034 +        0-26485     maxEdit= 14198  (extend B)
     tig00000034 -        0-26485       tig00000027 -        0-63051     maxEdit= 18916  (extend A)
     tig00000037 -        0-82095       tig00000038 +        0-30643     maxEdit=  9194  (extend A)
     tig00000035 -    21711-73767       tig00000034 +        0-23365     maxEdit=  7010  (extend A) - FAILED
     tig00000034 -        0-26485       tig00000027 -        0-63051     maxEdit= 18916  (final)
     tig00000035 -    31701-73767       tig00000034 +        0-23365     maxEdit=  7010  (final) - FAILED
     tig00000035 -    31701-73767       tig00000034 +        0-23365      0.0000

Processing link between tig 36 <-- and tig 34 <--
Processing link with ratio 1.409045 and padding A -4245  b -21719 so a coordinates are 43984 34709 and b is 0 -14375 alignlengths 16689 16689  16689
LINK tig00000036 -                      tig00000034 -                     Aalign  16689 Balign  16689 align  16689 ratio 1.409045 has 0-bp alignment, erasing link
Processing link between tig 37 <-- and tig 34 <--
Processing link with ratio 3.473744 and padding A 19731  b -21719 so a coordinates are 67394 82095 and b is 0 26485 alignlengths 16689 16689  16689
LINK tig00000037 -                      tig00000034 -                     Aalign  16689 Balign  16689 align  16689 ratio 3.473744
TEST tig00000037 -    67394-82095       tig00000034 -        0-26485     maxEdit= 15321  (extend B)
     tig00000037 -    28085-82095       tig00000038 +        0-30643     maxEdit=  9194  (final) - FAILED
     tig00000037 -    28085-82095       tig00000038 +        0-30643      0.0000

Processing link between tig 38 <-- and tig 37 -->
Processing link with ratio 3.473744 and padding A 1341  b 19731 so a coordinates are 0 33337 and b is 0 82095 alignlengths 16689 16689  16689
LINK tig00000038 -                      tig00000037 +                     Aalign  16689 Balign  16689 align  16689 ratio 3.473744
TEST tig00000038 -        0-33337       tig00000037 +        0-82095     maxEdit= 39352  (extend B)
     tig00000034 -        0-26485       tig00000027 -        0-63051      0.5801

Deleting link between 4 and 3 because one was not consensused
  Failed to find alignment.
Processing link between tig 40 <-- and tig 39 -->
Processing link with ratio 1.881330 and padding A 15354  b -3839 so a coordinates are 43421 84071 and b is 0 84123 alignlengths 29135 29135  29135
LINK tig00000040 -                      tig00000039 +                     Aalign  29135 Balign  29135 align  29135 ratio 1.881330
TEST tig00000040 -    43421-84071       tig00000039 +        0-84123     maxEdit= 22943  (extend B)
     tig00000037 -    25921-82095       tig00000034 -        0-26259     maxEdit=  7878  (extend A)
     tig00000038 -        0-33337       tig00000037 +        0-54010     maxEdit= 16204  (extend A) - FAILED
     tig00000037 -    25921-82095       tig00000034 -        0-26259     maxEdit=  7878  (final) - FAILED
     tig00000037 -    25921-82095       tig00000034 -        0-26259      0.0000

Processing link between tig 42 <-- and tig 26 <--
Processing link with ratio 1.835980 and padding A 9739  b 1 so a coordinates are 41104 80829 and b is 0 80227 alignlengths 29985 29985  29985
LINK tig00000042 -                      tig00000026 -                     Aalign  29985 Balign  29985 align  29985 ratio 1.835980
TEST tig00000042 -    41104-80829       tig00000026 -        0-80227     maxEdit= 21881  (extend B) - FAILED
     tig00000038 -        0-33337       tig00000037 +        0-54010     maxEdit= 16204  (final)
     tig00000040 -        0-84071       tig00000039 +        0-58056     maxEdit= 17418  (extend A)
     tig00000038 -        0-33337       tig00000037 +        0-54010      0.3832

Processing link between tig 39 <-- and tig 40 -->
Processing link with ratio 1.881330 and padding A -3839  b 15354 so a coordinates are 3028812 3069462 and b is 0 84071 alignlengths 29135 29135  29135
LINK tig00000039 -                      tig00000040 +                     Aalign  29135 Balign  29135 align  29135 ratio 1.881330
TEST tig00000039 -  3028812-3069462     tig00000040 +        0-84071     maxEdit= 22943  (extend B)
     tig00000042 -      602-80829       tig00000026 -        0-56946     maxEdit= 17085  (extend A)
     tig00000040 -    26001-84071       tig00000039 +        0-58056     maxEdit= 17418  (final)
     tig00000025 -  3346067-3444383     tig00000021 -        0-93766     maxEdit= 28131  (final)
     tig00000039 -  2985339-3069462     tig00000040 +        0-58066     maxEdit= 17421  (extend A)
     tig00000042 -    23869-80829       tig00000026 -        0-56946     maxEdit= 17085  (final)
     tig00000040 -    26001-84071       tig00000039 +        0-58056      0.0006

Processing link between tig 41 <-- and tig 39 -->
Processing link with ratio 1.695376 and padding A 12766  b -3839 so a coordinates are 62584 100646 and b is 0 70982 alignlengths 29135 29135  29135
LINK tig00000041 -                      tig00000039 +                     Aalign  29135 Balign  29135 align  29135 ratio 1.695376
TEST tig00000041 -    62584-100646      tig00000039 +        0-70982     maxEdit= 19359  (extend B)
     tig00000042 -    23869-80829       tig00000026 -        0-56946      0.0005

Processing link between tig 43 <-- and tig 42 <--
Processing link with ratio 1.835980 and padding A 0  b 19535 so a coordinates are 0 39793 and b is 0 80829 alignlengths 29347 29347  29347
LINK tig00000043 -                      tig00000042 -                     Aalign  29347 Balign  29347 align  29347 ratio 1.835980
TEST tig00000043 -        0-39793       tig00000042 -        0-80829     maxEdit= 26924  (extend B)
     tig00000041 -    29664-100646      tig00000039 +        0-54447     maxEdit= 16335  (extend A)
     tig00000039 -  3011406-3069462     tig00000040 +        0-58066     maxEdit= 17421  (final)
     tig00000043 -        0-39793       tig00000042 -        0-44039     maxEdit= 13212  (extend A)
     tig00000025 -  3346067-3444383     tig00000021 -        0-93766      0.0468

Processing link between tig 26 <-- and tig 15 <--
Processing link with ratio 1.433877 and padding A 23717  b 16168 so a coordinates are 3397117 3446496 and b is 0 77883 alignlengths 9494 9494  9494
LINK tig00000026 -                      tig00000015 -                     Aalign   9494 Balign   9494 align   9494 ratio 1.433877
TEST tig00000026 -  3397117-3446496     tig00000015 -        0-77883     maxEdit= 21242  (extend B)
     tig00000039 -  3011406-3069462     tig00000040 +        0-58066      0.0006

Processing link between tig 39 <-- and tig 41 -->
Processing link with ratio 1.695376 and padding A -3839  b 12766 so a coordinates are 3031400 3069462 and b is 0 70982 alignlengths 29135 29135  29135
LINK tig00000039 -                      tig00000041 +                     Aalign  29135 Balign  29135 align  29135 ratio 1.695376
TEST tig00000039 -  3031400-3069462     tig00000041 +        0-70982     maxEdit= 19359  (extend B)
     tig00000041 -    46193-100646      tig00000039 +        0-54447     maxEdit= 16335  (final)
     tig00000043 -        0-39793       tig00000042 -        0-44039     maxEdit= 13212  (final)
     tig00000039 -  2998480-3069462     tig00000041 +        0-54449     maxEdit= 16335  (extend A)
     tig00000043 -        0-39793       tig00000042 -        0-44039      0.0977

Processing link between tig 47 <-- and tig 46 <--
Processing link with ratio 3.325474 and padding A 0  b 31128 so a coordinates are 0 30977 and b is 0 67281 alignlengths 1571 1571  1571
LINK tig00000047 -                      tig00000046 -                     Aalign   1571 Balign   1571 align   1571 ratio 3.325474
TEST tig00000047 -        0-30977       tig00000046 -        0-67281     maxEdit= 32622  (extend B)
     tig00000041 -    46193-100646      tig00000039 +        0-54447      0.0008

Processing link between tig 42 <-- and tig 25 <--
Processing link with ratio 1.835980 and padding A 9739  b 1 so a coordinates are 41104 80829 and b is 0 80227 alignlengths 29985 29985  29985
LINK tig00000042 -                      tig00000025 -                     Aalign  29985 Balign  29985 align  29985 ratio 1.835980
TEST tig00000042 -    41104-80829       tig00000025 -        0-80227     maxEdit= 21881  (extend B)
     tig00000026 -  3368613-3446496     tig00000015 -        0-70243     maxEdit= 21074  (extend A)
     tig00000047 -        0-30977       tig00000046 -        0-32804     maxEdit=  9842  (extend A)
     tig00000047 -        0-30977       tig00000046 -        0-32804     maxEdit=  9842  (final)
     tig00000042 -      602-80829       tig00000025 -        0-56957     maxEdit= 17088  (extend A)
     tig00000047 -        0-30977       tig00000046 -        0-32804      0.0585

Processing circular link for tig 48
Processing link with ratio 3.445958 and padding A 4363  b 54144 so a coordinates are 16498 98134 and b is 0 98134 alignlengths 23129 23129  23129
LINK tig00000048 -                      tig00000048 -                     Aalign  23129 Balign  23129 align  23129 ratio 3.445958
TEST tig00000048 -    16498-98134       tig00000048 -        0-98134     maxEdit= 84395  (extend B)
     tig00000039 -  3015012-3069462     tig00000041 +        0-54449     maxEdit= 16335  (final)
     tig00000039 -  3015012-3069462     tig00000041 +        0-54449      0.0008

Processing link between tig 5 <-- and tig 3 -->
Processing link with ratio 1.427317 and padding A 13246  b 0 so a coordinates are 8131510 8150700 and b is 0 30129 alignlengths 5944 5944  5944
LINK tig00000005 -                      tig00000003 +                     Aalign   5944 Balign   5944 align   5944 ratio 1.427317
TEST tig00000005 -  8131510-8150700     tig00000003 +        0-30129     maxEdit=  8218  (extend B)
     tig00000005 -  8120571-8150700     tig00000003 +        0-26335     maxEdit=  7901  (extend A)
     tig00000005 -  8124367-8150700     tig00000003 +        0-26335     maxEdit=  7901  (final)
     tig00000005 -  8124367-8150700     tig00000003 +        0-26335      0.0006

Processing link between tig 50 <-- and tig 43 <--
Processing link with ratio 1.434356 and padding A 9517  b 11437 so a coordinates are 5644726 5679636 and b is 0 39793 alignlengths 13956 13956  13956
LINK tig00000050 -                      tig00000043 -                     Aalign  13956 Balign  13956 align  13956 ratio 1.434356
TEST tig00000050 -  5644726-5679636     tig00000043 -        0-39793     maxEdit= 15023  (extend B)
     tig00000042 -    23869-80829       tig00000025 -        0-56957     maxEdit= 17088  (final)
     tig00000026 -  3380301-3446496     tig00000015 -        0-70243     maxEdit= 21074  (final)
     tig00000050 -  5624556-5679636     tig00000043 -        0-32823     maxEdit=  9848  (extend A)
     tig00000042 -    23869-80829       tig00000025 -        0-56957      0.0004

Processing link between tig 54 <-- and tig 55 -->
Processing link with ratio 56.509071 and padding A 10310  b 58502 so a coordinates are 0 46167 and b is 0 358211 alignlengths 3997 3997  3997
LINK tig00000054 -                      tig00000055 +                     Aalign   3997 Balign   3997 align   3997 ratio 56.509071
TEST tig00000054 -        0-46167       tig00000055 +        0-358211    maxEdit=1234311  (extend B)
     tig00000050 -  5646807-5679636     tig00000043 -        0-32823     maxEdit=  9848  (final)
     tig00000050 -  5646807-5679636     tig00000043 -        0-32823      0.0021

Processing link between tig 50 <-- and tig 51 -->
Processing link with ratio 1.434356 and padding A 9517  b 84 so a coordinates are 5656080 5679636 and b is 0 37166 alignlengths 13955 13955  13955
LINK tig00000050 -                      tig00000051 +                     Aalign  13955 Balign  13955 align  13955 ratio 1.434356
TEST tig00000050 -  5656080-5679636     tig00000051 +        0-37166     maxEdit= 10137  (extend B)
     tig00000026 -  3380301-3446496     tig00000015 -        0-70243      0.1561

Processing link between tig 26 <-- and tig 20 <--
Processing link with ratio 5.870656 and padding A 23717  b 26834 so a coordinates are 3386609 3446496 and b is 0 86827 alignlengths 9336 9336  9336
LINK tig00000026 -                      tig00000020 -                     Aalign   9336 Balign   9336 align   9336 ratio 5.870656
TEST tig00000026 -  3386609-3446496     tig00000020 -        0-86827     maxEdit=105473  (extend B)
     tig00000050 -  5642470-5679636     tig00000051 +        0-33473     maxEdit= 10043  (extend A)
     tig00000050 -  5646152-5679636     tig00000051 +        0-33473     maxEdit= 10043  (final)
     tig00000048 -        0-98134       tig00000048 -        0-98134     maxEdit= 29441  (extend A)
     tig00000050 -  5646152-5679636     tig00000051 +        0-33473      0.0016

Processing link between tig 51 <-- and tig 50 -->
Processing link with ratio 1.434356 and padding A 84  b 9517 so a coordinates are 37080 60636 and b is 0 37166 alignlengths 13955 13955  13955
LINK tig00000051 -                      tig00000050 +                     Aalign  13955 Balign  13955 align  13955 ratio 1.434356
TEST tig00000051 -    37080-60636       tig00000050 +        0-37166     maxEdit= 10137  (extend B)
     tig00000051 -    23470-60636       tig00000050 +        0-33484     maxEdit= 10046  (extend A)
     tig00000051 -    27162-60636       tig00000050 +        0-33484     maxEdit= 10046  (final)
     tig00000051 -    27162-60636       tig00000050 +        0-33484      0.0016

Processing link between tig 58 <-- and tig 47 <--
Processing link with ratio 1.634172 and padding A 1798  b 9604 so a coordinates are 52968 80398 and b is 0 30977 alignlengths 16028 16028  16028
LINK tig00000058 -                      tig00000047 -                     Aalign  16028 Balign  16028 align  16028 ratio 1.634172
TEST tig00000058 -    52968-80398       tig00000047 -        0-30977     maxEdit= 13448  (extend B)
     tig00000026 -  3059763-3446496     tig00000020 -        0-76195     maxEdit= 22859  (extend A)
     tig00000058 -    31091-80398       tig00000047 -        0-26109     maxEdit=  7833  (extend A)
     tig00000058 -    54289-80398       tig00000047 -        0-26109     maxEdit=  7833  (final)
     tig00000058 -    54289-80398       tig00000047 -        0-26109      0.0000

Processing link between tig 58 <-- and tig 59 -->
Processing link with ratio 1.755385 and padding A 1798  b 5666 so a coordinates are 56725 80398 and b is 0 45710 alignlengths 16209 16209  16209
LINK tig00000058 -                      tig00000059 +                     Aalign  16209 Balign  16209 align  16209 ratio 1.755385
TEST tig00000058 -    56725-80398       tig00000059 +        0-45710     maxEdit= 12467  (extend B)
     tig00000058 -    34688-80398       tig00000059 +        0-33911     maxEdit= 10174  (extend A)
     tig00000058 -    46503-80398       tig00000059 +        0-33911     maxEdit= 10174  (final)
     tig00000058 -    46503-80398       tig00000059 +        0-33911      0.0011

Processing link between tig 59 <-- and tig 58 -->
Processing link with ratio 1.755385 and padding A 5666  b 1798 so a coordinates are 48210 71883 and b is 0 45710 alignlengths 16209 16209  16209
LINK tig00000059 -                      tig00000058 +                     Aalign  16209 Balign  16209 align  16209 ratio 1.755385
TEST tig00000059 -    48210-71883       tig00000058 +        0-45710     maxEdit= 12467  (extend B)
     tig00000048 -        0-98134       tig00000048 -        0-98134     maxEdit= 29441  (final)
     tig00000054 -        0-46167       tig00000055 +        0-192315    maxEdit= 57695  (extend A)
     tig00000059 -    26173-71883       tig00000058 +        0-33895     maxEdit= 10169  (extend A)
     tig00000059 -    37972-71883       tig00000058 +        0-33895     maxEdit= 10169  (final)
     tig00000059 -    37972-71883       tig00000058 +        0-33895      0.0011

Processing link between tig 6 <-- and tig 7 -->
Processing link with ratio 3.048363 and padding A 0  b 0 so a coordinates are 393116 395452 and b is 0 7833 alignlengths 2336 2336  2336
LINK tig00000006 -                      tig00000007 +                     Aalign   2336 Balign   2336 align   2336 ratio 3.048363
TEST tig00000006 -   393116-395452      tig00000007 +        0-7833      maxEdit=  2137  (extend B)
     tig00000006 -   387619-395452      tig00000007 +        0-3119      maxEdit=   936  (extend A) - FAILED
     tig00000006 -   387619-395452      tig00000007 +        0-3119      maxEdit=   936  (final) - FAILED
     tig00000006 -   387619-395452      tig00000007 +        0-3119       0.0000

Processing link between tig 6 <-- and tig 8 -->
Processing link with ratio 2.049907 and padding A 0  b 12876 so a coordinates are 379240 395452 and b is 0 36556 alignlengths 3336 3336  3336
LINK tig00000006 -                      tig00000008 +                     Aalign   3336 Balign   3336 align   3336 ratio 2.049907
TEST tig00000006 -   379240-395452      tig00000008 +        0-36556     maxEdit=  9970  (extend B)
     tig00000006 -   358896-395452      tig00000008 +        0-20536     maxEdit=  6162  (extend A)
     tig00000006 -   374914-395452      tig00000008 +        0-20536     maxEdit=  6162  (final)
     tig00000006 -   374914-395452      tig00000008 +        0-20536      0.0005

Processing link between tig 62 <-- and tig 63 -->
Processing link with ratio 3.140794 and padding A 22285  b 20421 so a coordinates are 157801 202027 and b is 0 82405 alignlengths 1520 1520  1520
LINK tig00000062 -                      tig00000063 +                     Aalign   1520 Balign   1520 align   1520 ratio 3.140794
TEST tig00000062 -   157801-202027      tig00000063 +        0-82405     maxEdit= 41672  (extend B) - FAILED
     tig00000054 -        0-46167       tig00000055 +        0-192315    maxEdit= 57695  (final) - FAILED
     tig00000054 -        0-46167       tig00000055 +        0-192315     0.0000

Processing link between tig 54 <-- and tig 56 -->
Processing link with ratio 12.401480 and padding A 10310  b 62421 so a coordinates are 0 46167 and b is 0 237972 alignlengths 0 0  0
LINK tig00000054 -                      tig00000056 +                     Aalign      0 Balign      0 align      0 ratio 12.401480 has 0-bp alignment, erasing link
Processing link between tig 55 <-- and tig 54 -->
Processing link with ratio 56.509071 and padding A 58502  b 10310 so a coordinates are 285402 358211 and b is 0 46167 alignlengths 3997 3997  3997
LINK tig00000055 -                      tig00000054 +                     Aalign   3997 Balign   3997 align   3997 ratio 56.509071
TEST tig00000055 -   285402-358211      tig00000054 +        0-46167     maxEdit=1234311  (extend B)
     tig00000048 -        0-98134       tig00000048 -        0-98134      0.0000

Processing link between tig 64 <-- and tig 62 -->
Processing link with ratio 3.407886 and padding A 13765  b 22285 so a coordinates are 51795 89365 and b is 0 140837 alignlengths 1520 1520  1520
LINK tig00000064 -                      tig00000062 +                     Aalign   1520 Balign   1520 align   1520 ratio 3.407886
TEST tig00000064 -    51795-89365       tig00000062 +        0-140837    maxEdit= 38411  (extend B)
     tig00000062 -    49232-202027      tig00000063 +        0-63018     maxEdit= 18906  (extend A)
     tig00000064 -        0-89365       tig00000062 +        0-53725     maxEdit= 16118  (extend A)
     tig00000064 -    35655-89365       tig00000062 +        0-53725     maxEdit= 16118  (final)
     tig00000055 -        0-358211      tig00000054 +        0-46167     maxEdit= 13851  (extend A)
     tig00000064 -    35655-89365       tig00000062 +        0-53725      0.0009

Processing link between tig 65 <-- and tig 62 <--
Processing link with ratio 1.665131 and padding A 167  b 1 so a coordinates are 2531569 2630813 and b is 0 181779 alignlengths 99076 99076  99076
LINK tig00000065 -                      tig00000062 -                     Aalign  99076 Balign  99076 align  99076 ratio 1.665131
TEST tig00000065 -  2531569-2630813     tig00000062 -        0-181779    maxEdit= 49577  (extend B)
     tig00000062 -   139011-202027      tig00000063 +        0-63018     maxEdit= 18906  (final)
     tig00000026 -  3370302-3446496     tig00000020 -        0-76195     maxEdit= 22859  (final)
     tig00000062 -   139011-202027      tig00000063 +        0-63018      0.0011

Processing link between tig 62 <-- and tig 64 -->
Processing link with ratio 3.407886 and padding A 22285  b 13765 so a coordinates are 164457 202027 and b is 0 89365 alignlengths 1520 1520  1520
LINK tig00000062 -                      tig00000064 +                     Aalign   1520 Balign   1520 align   1520 ratio 3.407886
TEST tig00000062 -   164457-202027      tig00000064 +        0-89365     maxEdit= 38411  (extend B)
     tig00000026 -  3370302-3446496     tig00000020 -        0-76195      0.0005

Processing link between tig 27 <-- and tig 28 -->
Processing link with ratio 2.633478 and padding A 4203  b -8997 so a coordinates are 47976 69616 and b is 0 28325 alignlengths 26434 26434  26434
LINK tig00000027 -                      tig00000028 +                     Aalign  26434 Balign  26434 align  26434 ratio 2.633478
TEST tig00000027 -    47976-69616       tig00000028 +        0-28325     maxEdit= 17097  (extend B)
     tig00000062 -    61190-202027      tig00000064 +        0-53702     maxEdit= 16111  (extend A)
     tig00000027 -     6929-69616       tig00000028 +        0-28325     maxEdit=  8498  (extend A)
     tig00000055 -   165896-358211      tig00000054 +        0-46167     maxEdit= 13851  (final) - FAILED
     tig00000055 -   165896-358211      tig00000054 +        0-46167      0.0000

Processing link between tig 56 <-- and tig 54 -->
Processing link with ratio 12.401480 and padding A 62421  b 10310 so a coordinates are 165241 237972 and b is 0 46167 alignlengths 0 0  0
LINK tig00000056 -                      tig00000054 +                     Aalign      0 Balign      0 align      0 ratio 12.401480 has 0-bp alignment, erasing link
Processing link between tig 67 <-- and tig 64 <--
Processing link with ratio 3.407886 and padding A 22572  b 33113 so a coordinates are 143844 200978 and b is 0 89365 alignlengths 1449 1449  1449
LINK tig00000067 -                      tig00000064 -                     Aalign   1449 Balign   1449 align   1449 ratio 3.407886
TEST tig00000067 -   143844-200978      tig00000064 -        0-89365     maxEdit= 58412  (extend B)
     tig00000027 -    38489-69616       tig00000028 +        0-28325     maxEdit=  8498  (final)
     tig00000027 -    38489-69616       tig00000028 +        0-28325      0.0936

Processing link between tig 7 <-- and tig 6 -->
Processing link with ratio 3.048363 and padding A 0  b 0 so a coordinates are 54833 57169 and b is 0 7833 alignlengths 2336 2336  2336
LINK tig00000007 -                      tig00000006 +                     Aalign   2336 Balign   2336 align   2336 ratio 3.048363
TEST tig00000007 -    54833-57169       tig00000006 +        0-7833      maxEdit=  2137  (extend B)
     tig00000007 -    49336-57169       tig00000006 +        0-3272      maxEdit=   982  (extend A) - FAILED
     tig00000007 -    49336-57169       tig00000006 +        0-3272      maxEdit=   982  (final) - FAILED
     tig00000007 -    49336-57169       tig00000006 +        0-3272       0.0000

Processing link between tig 70 <-- and tig 77 <--
Processing link with ratio 1.441715 and padding A 1982  b 15531 so a coordinates are 2142148 2166701 and b is 0 38938 alignlengths 7040 7040  7040
LINK tig00000070 -                      tig00000077 -                     Aalign   7040 Balign   7040 align   7040 ratio 1.441715
TEST tig00000070 -  2142148-2166701     tig00000077 -        0-38938     maxEdit= 10620  (extend B)
     tig00000070 -  2127763-2166701     tig00000077 -        0-35465     maxEdit= 10640  (extend A)
     tig00000062 -   148302-202027      tig00000064 +        0-53702     maxEdit= 16111  (final) - FAILED
     tig00000070 -  2127763-2166701     tig00000077 -        0-35465     maxEdit= 10640  (final)
     tig00000067 -        0-200978      tig00000064 -        0-66820     maxEdit= 20047  (extend A)
     tig00000062 -   148302-202027      tig00000064 +        0-53702      0.0009

Processing link between tig 63 <-- and tig 62 -->
Processing link with ratio 3.140794 and padding A 20421  b 22285 so a coordinates are 38179 82405 and b is 0 152795 alignlengths 1520 1520  1520
LINK tig00000063 -                      tig00000062 +                     Aalign   1520 Balign   1520 align   1520 ratio 3.140794
TEST tig00000063 -    38179-82405       tig00000062 +        0-152795    maxEdit= 41672  (extend B)
     tig00000070 -  2127763-2166701     tig00000077 -        0-35465      0.3490

Processing link between tig 70 <-- and tig 69 -->
Processing link with ratio 1.439252 and padding A 1982  b 10117 so a coordinates are 2147562 2166701 and b is 0 30300 alignlengths 7040 7040  7040
LINK tig00000070 -                      tig00000069 +                     Aalign   7040 Balign   7040 align   7040 ratio 1.439252
TEST tig00000070 -  2147562-2166701     tig00000069 +        0-30300     maxEdit=  8264  (extend B)
     tig00000065 -  2449034-2630813     tig00000062 -        0-138784    maxEdit= 41636  (extend A)
     tig00000070 -  2136401-2166701     tig00000069 +        0-27891     maxEdit=  8368  (extend A)
     tig00000070 -  2138934-2166701     tig00000069 +        0-27891     maxEdit=  8368  (final)
     tig00000070 -  2138934-2166701     tig00000069 +        0-27891      0.0083

Processing link between tig 73 <-- and tig 66 <--
Processing link with ratio 4.425566 and padding A 2261  b 4132 so a coordinates are 30658 39489 and b is 0 27558 alignlengths 2438 2438  2438
LINK tig00000073 -                      tig00000066 -                     Aalign   2438 Balign   2438 align   2438 ratio 4.425566
TEST tig00000073 -    30658-39489       tig00000066 -        0-27558     maxEdit= 11725  (extend B)
     tig00000073 -        0-39489       tig00000066 -        0-11322     maxEdit=  3397  (extend A)
     tig00000073 -    15512-39489       tig00000066 -        0-11322     maxEdit=  3397  (final) - FAILED
     tig00000073 -    15512-39489       tig00000066 -        0-11322      0.0000

Processing circular link for tig 73
Processing link with ratio 3.404518 and padding A 2261  b 8267 so a coordinates are 26481 39489 and b is 0 39489 alignlengths 2480 2480  2480
LINK tig00000073 -                      tig00000073 -                     Aalign   2480 Balign   2480 align   2480 ratio 3.404518
TEST tig00000073 -    26481-39489       tig00000073 -        0-39489     maxEdit= 13286  (extend B)
     tig00000063 -        0-82405       tig00000062 +        0-63011     maxEdit= 18904  (extend A)
     tig00000073 -        0-39489       tig00000073 -        0-39489     maxEdit= 11847  (extend A)
     tig00000073 -        0-39489       tig00000073 -        0-39489     maxEdit= 11847  (final)
     tig00000073 -        0-39489       tig00000073 -        0-39489      0.0000

Deleting link between 74 and 4 because one was not consensused
  Failed to find alignment.
Processing link between tig 74 <-- and tig 70 <--
Processing link with ratio 4.810644 and padding A 17271  b 7350 so a coordinates are 25932 63818 and b is 0 200481 alignlengths 13265 13265  13265
LINK tig00000074 -                      tig00000070 -                     Aalign  13265 Balign  13265 align  13265 ratio 4.810644
TEST tig00000074 -    25932-63818       tig00000070 -        0-200481    maxEdit= 54677  (extend B)
     tig00000063 -    19379-82405       tig00000062 +        0-63011     maxEdit= 18904  (final)
     tig00000074 -        0-63818       tig00000070 -        0-60363     maxEdit= 18110  (extend A)
     tig00000067 -   134154-200978      tig00000064 -        0-66820     maxEdit= 20047  (final)
     tig00000063 -    19379-82405       tig00000062 +        0-63011      0.0011

Processing link between tig 76 <-- and tig 69 <--
Processing link with ratio 1.844824 and padding A 23796  b 12923 so a coordinates are 223870 262120 and b is 0 77620 alignlengths 1531 1531  1531
LINK tig00000076 -                      tig00000069 -                     Aalign   1531 Balign   1531 align   1531 ratio 1.844824
TEST tig00000076 -   223870-262120      tig00000069 -        0-77620     maxEdit= 21170  (extend B)
     tig00000067 -   134154-200978      tig00000064 -        0-66820      0.0005

Processing link between tig 68 <-- and tig 67 <--
Processing link with ratio 2.008414 and padding A 1466  b 17231 so a coordinates are 30292 143439 and b is 0 200978 alignlengths 94450 94450  94450
LINK tig00000068 -                      tig00000067 -                     Aalign  94450 Balign  94450 align  94450 ratio 2.008414
TEST tig00000068 -    30292-143439      tig00000067 -        0-200978    maxEdit= 68174  (extend B)
     tig00000074 -     3463-63818       tig00000070 -        0-60363     maxEdit= 18110  (final)
     tig00000076 -   184500-262120      tig00000069 -        0-55359     maxEdit= 16608  (extend A)
     tig00000074 -     3463-63818       tig00000070 -        0-60363      0.0012

Processing link between tig 75 <-- and tig 74 <--
Processing link with ratio 4.810644 and padding A 3984  b 9798 so a coordinates are 16935 41430 and b is 0 63818 alignlengths 10713 10713  10713
LINK tig00000075 -                      tig00000074 -                     Aalign  10713 Balign  10713 align  10713 ratio 4.810644
TEST tig00000075 -    16935-41430       tig00000074 -        0-63818     maxEdit= 35352  (extend B)
     tig00000075 -        0-41430       tig00000074 -        0-34221     maxEdit= 10267  (extend A)
     tig00000076 -   206678-262120      tig00000069 -        0-55359     maxEdit= 16608  (final)
     tig00000075 -     7189-41430       tig00000074 -        0-34221     maxEdit= 10267  (final)
     tig00000075 -     7189-41430       tig00000074 -        0-34221      0.0015

Processing link between tig 80 <-- and tig 79 <--
Processing link with ratio 4.629407 and padding A 2845  b 16324 so a coordinates are 41794 72353 and b is 0 62381 alignlengths 11390 11390  11390
LINK tig00000080 -                      tig00000079 -                     Aalign  11390 Balign  11390 align  11390 ratio 4.629407
TEST tig00000080 -    41794-72353       tig00000079 -        0-62381     maxEdit= 42442  (extend B)
     tig00000076 -   206678-262120      tig00000069 -        0-55359      0.0126

Processing link between tig 76 <-- and tig 77 -->
Processing link with ratio 1.844824 and padding A 23796  b 15560 so a coordinates are 221153 262120 and b is 0 83134 alignlengths 1611 1611  1611
LINK tig00000076 -                      tig00000077 +                     Aalign   1611 Balign   1611 align   1611 ratio 1.844824
TEST tig00000076 -   221153-262120      tig00000077 +        0-83134     maxEdit= 22674  (extend B)
     tig00000080 -        0-72353       tig00000079 -        0-31165     maxEdit=  9350  (extend A)
     tig00000076 -   178986-262120      tig00000077 +        0-59251     maxEdit= 17776  (extend A)
     tig00000080 -    41112-72353       tig00000079 -        0-31165     maxEdit=  9350  (final)
     tig00000080 -    41112-72353       tig00000079 -        0-31165      0.0042

Processing link between tig 81 <-- and tig 79 <--
Processing link with ratio 2.847667 and padding A 3586  b 16324 so a coordinates are 50302 81602 and b is 0 62381 alignlengths 11390 11390  11390
LINK tig00000081 -                      tig00000079 -                     Aalign  11390 Balign  11390 align  11390 ratio 2.847667
TEST tig00000081 -    50302-81602       tig00000079 -        0-62381     maxEdit= 26740  (extend B)
     tig00000065 -  2492030-2630813     tig00000062 -        0-138784    maxEdit= 41636  (final)
     tig00000081 -        0-81602       tig00000079 -        0-32183     maxEdit=  9656  (extend A)
     tig00000081 -    49330-81602       tig00000079 -        0-32183     maxEdit=  9656  (final)
     tig00000076 -   202855-262120      tig00000077 +        0-59251     maxEdit= 17776  (final)
     tig00000081 -    49330-81602       tig00000079 -        0-32183      0.0034

Deleting link between 9 and 7 because one was not consensused
  Failed to find alignment.
Processing link between tig 0 --> and tig 12 <--
Processing link with ratio 1.809673 and padding A 8760  b 1 so a coordinates are 5639 26642 and b is 0 41809 alignlengths 12242 12242  12242
LINK tig00000000 +                      tig00000012 -                     Aalign  12242 Balign  12242 align  12242 ratio 1.809673
TEST tig00000000 +     5639-26642       tig00000012 -        0-41809     maxEdit= 11403  (extend B)
     tig00000000 +        0-26642       tig00000012 -        0-27949     maxEdit=  8385  (extend A)
     tig00000076 -   202855-262120      tig00000077 +        0-59251      0.0010

Processing link between tig 77 <-- and tig 76 -->
Processing link with ratio 1.844824 and padding A 15560  b 23796 so a coordinates are 5988434 6029401 and b is 0 83134 alignlengths 1611 1611  1611
LINK tig00000077 -                      tig00000076 +                     Aalign   1611 Balign   1611 align   1611 ratio 1.844824
TEST tig00000077 -  5988434-6029401     tig00000076 +        0-83134     maxEdit= 22674  (extend B)
     tig00000000 +        0-26642       tig00000012 -        0-27949     maxEdit=  8385  (final)
     tig00000000 +        0-26642       tig00000012 -        0-27949      0.0494

Processing link between tig 1 --> and tig 54 <--
Processing link with ratio 5.726495 and padding A 17361  b 17890 so a coordinates are 18664 56232 and b is 0 46167 alignlengths 2317 2317  2317
LINK tig00000001 +                      tig00000054 -                     Aalign   2317 Balign   2317 align   2317 ratio 5.726495
TEST tig00000001 +    18664-56232       tig00000054 -        0-46167     maxEdit= 64540  (extend B)
     tig00000077 -  5946267-6029401     tig00000076 +        0-59265     maxEdit= 17780  (extend A)
     tig00000001 +        0-56232       tig00000054 -        0-41767     maxEdit= 12531  (extend A)
     tig00000068 -        0-143439      tig00000067 -        0-162502    maxEdit= 48751  (extend A)
     tig00000001 +    14460-56232       tig00000054 -        0-41767     maxEdit= 12531  (final)
     tig00000065 -  2492030-2630813     tig00000062 -        0-138784     0.0003

Processing link between tig 66 <-- and tig 65 <--
Processing link with ratio 4.425566 and padding A 11951  b 1 so a coordinates are 11510 27558 and b is 0 78123 alignlengths 4096 4096  4096
LINK tig00000066 -                      tig00000065 -                     Aalign   4096 Balign   4096 align   4096 ratio 4.425566
TEST tig00000066 -    11510-27558       tig00000065 -        0-78123     maxEdit= 21307  (extend B)
     tig00000066 -        0-27558       tig00000065 -        0-15649     maxEdit=  4695  (extend A)
     tig00000001 +    14460-56232       tig00000054 -        0-41767      0.0054

Processing link between tig 10 --> and tig 31 -->
Processing link with ratio 15.940429 and padding A 10000  b 20270 so a coordinates are 163944 194537 and b is 0 67000 alignlengths 323 323  323
LINK tig00000010 +                      tig00000031 +                     Aalign    323 Balign    323 align    323 ratio 15.940429
TEST tig00000010 +   163944-194537      tig00000031 +        0-67000     maxEdit=146300  (extend B)
     tig00000066 -     6774-27558       tig00000065 -        0-15649     maxEdit=  4695  (final)
     tig00000077 -  5970143-6029401     tig00000076 +        0-59265     maxEdit= 17780  (final)
     tig00000066 -     6774-27558       tig00000065 -        0-15649      0.2572

Processing link between tig 67 <-- and tig 63 <--
Processing link with ratio 3.140794 and padding A 22572  b 21771 so a coordinates are 155186 200978 and b is 0 82405 alignlengths 1449 1449  1449
LINK tig00000067 -                      tig00000063 -                     Aalign   1449 Balign   1449 align   1449 ratio 3.140794
TEST tig00000067 -   155186-200978      tig00000063 -        0-82405     maxEdit= 43147  (extend B)
     tig00000077 -  5970143-6029401     tig00000076 +        0-59265      0.0010

Processing link between tig 8 <-- and tig 6 -->
Processing link with ratio 2.049907 and padding A 12876  b 0 so a coordinates are 45523 61735 and b is 0 36556 alignlengths 3336 3336  3336
LINK tig00000008 -                      tig00000006 +                     Aalign   3336 Balign   3336 align   3336 ratio 2.049907
TEST tig00000008 -    45523-61735       tig00000006 +        0-36556     maxEdit=  9970  (extend B)
     tig00000008 -    25179-61735       tig00000006 +        0-20536     maxEdit=  6162  (extend A)
     tig00000067 -    42773-200978      tig00000063 -        0-50560     maxEdit= 15169  (extend A)
     tig00000008 -    41199-61735       tig00000006 +        0-20536     maxEdit=  6162  (final)
     tig00000008 -    41199-61735       tig00000006 +        0-20536      0.0005

Processing link between tig 13 --> and tig 15 -->
Processing link with ratio 1.654060 and padding A 5180  b 19001 so a coordinates are 180174 206382 and b is 0 47684 alignlengths 2027 2027  2027
LINK tig00000013 +                      tig00000015 +                     Aalign   2027 Balign   2027 align   2027 ratio 1.654060
TEST tig00000013 +   180174-206382      tig00000015 +        0-47684     maxEdit= 13005  (extend B)
     tig00000010 +        0-194537      tig00000031 +        0-45713     maxEdit= 13715  (extend A)
     tig00000013 +   158698-206382      tig00000015 +        0-37035     maxEdit= 11111  (extend A)
     tig00000013 +   169338-206382      tig00000015 +        0-37035     maxEdit= 11111  (final)
     tig00000013 +   169338-206382      tig00000015 +        0-37035      0.0006

Processing link between tig 13 --> and tig 16 -->
Processing link with ratio 1.654060 and padding A 5180  b 10672 so a coordinates are 188503 206382 and b is 0 32530 alignlengths 2027 2027  2027
LINK tig00000013 +                      tig00000016 +                     Aalign   2027 Balign   2027 align   2027 ratio 1.654060
TEST tig00000013 +   188503-206382      tig00000016 +        0-32530     maxEdit=  8872  (extend B)
     tig00000010 +    43317-194537      tig00000031 +        0-45713     maxEdit= 13715  (final) - FAILED
     tig00000010 +    43317-194537      tig00000031 +        0-45713      0.0000

Processing link between tig 12 --> and tig 0 <--
Processing link with ratio 1.809673 and padding A 1  b 8760 so a coordinates are 7976602 7997605 and b is 0 26642 alignlengths 12242 12242  12242
LINK tig00000012 +                      tig00000000 -                     Aalign  12242 Balign  12242 align  12242 ratio 1.809673
TEST tig00000012 +  7976602-7997605     tig00000000 -        0-26642     maxEdit= 11403  (extend B)
     tig00000013 +   173852-206382      tig00000016 +        0-25141     maxEdit=  7543  (extend A)
     tig00000012 +  7955796-7997605     tig00000000 -        0-20497     maxEdit=  6150  (extend A)
     tig00000013 +   181231-206382      tig00000016 +        0-25141     maxEdit=  7543  (final)
     tig00000013 +   181231-206382      tig00000016 +        0-25141      0.0016

Processing link between tig 14 --> and tig 16 -->
Processing link with ratio 1.623048 and padding A 11644  b 10672 so a coordinates are 178116 202459 and b is 0 43460 alignlengths 2027 2027  2027
LINK tig00000014 +                      tig00000016 +                     Aalign   2027 Balign   2027 align   2027 ratio 1.623048
TEST tig00000014 +   178116-202459      tig00000016 +        0-43460     maxEdit= 11853  (extend B)
     tig00000012 +  7977109-7997605     tig00000000 -        0-20497     maxEdit=  6150  (final)
     tig00000012 +  7977109-7997605     tig00000000 -        0-20497      0.0015

Processing link between tig 12 --> and tig 75 <--
Processing link with ratio 2.019203 and padding A 1  b 13399 so a coordinates are 7982429 7997605 and b is 0 33707 alignlengths 1776 1776  1776
LINK tig00000012 +                      tig00000075 -                     Aalign   1776 Balign   1776 align   1776 ratio 2.019203
TEST tig00000012 +  7982429-7997605     tig00000075 -        0-33707     maxEdit=  9194  (extend B)
     tig00000067 -   150423-200978      tig00000063 -        0-50560     maxEdit= 15169  (final)
     tig00000014 +   158999-202459      tig00000016 +        0-34299     maxEdit= 10290  (extend A)
     tig00000012 +  7963898-7997605     tig00000075 -        0-31484     maxEdit=  9446  (extend A)
     tig00000012 +  7966120-7997605     tig00000075 -        0-31484     maxEdit=  9446  (final)
     tig00000014 +   168157-202459      tig00000016 +        0-34299     maxEdit= 10290  (final)
     tig00000067 -   150423-200978      tig00000063 -        0-50560      0.0007

Processing link between tig 16 --> and tig 20 -->
Processing link with ratio 5.870656 and padding A 7460  b 25840 so a coordinates are 16160726 16199333 and b is 0 86827 alignlengths 5307 5307  5307
LINK tig00000016 +                      tig00000020 +                     Aalign   5307 Balign   5307 align   5307 ratio 5.870656
TEST tig00000016 + 16160726-16199333    tig00000020 +        0-86827     maxEdit= 67995  (extend B)
     tig00000012 +  7966120-7997605     tig00000075 -        0-31484      0.0032

Processing link between tig 19 --> and tig 58 <--
Processing link with ratio 1.634172 and padding A -11070  b 20248 so a coordinates are 4173 24603 and b is 0 36724 alignlengths 11252 11252  11252
LINK tig00000019 +                      tig00000058 -                     Aalign  11252 Balign  11252 align  11252 ratio 1.634172
TEST tig00000019 +     4173-24603       tig00000058 -        0-36724     maxEdit= 10016  (extend B)
     tig00000014 +   168157-202459      tig00000016 +        0-34299      0.0004

Processing link between tig 15 --> and tig 26 -->
Processing link with ratio 1.433877 and padding A 16168  b 23717 so a coordinates are 16334394 16383773 and b is 0 77883 alignlengths 9494 9494  9494
LINK tig00000015 +                      tig00000026 +                     Aalign   9494 Balign   9494 align   9494 ratio 1.433877
TEST tig00000015 + 16334394-16383773    tig00000026 +        0-77883     maxEdit= 21242  (extend B)
     tig00000019 +        0-24603       tig00000058 -        0-16847     maxEdit=  5055  (extend A) - FAILED
     tig00000019 +        0-24603       tig00000058 -        0-16847     maxEdit=  5055  (final) - FAILED
     tig00000019 +        0-24603       tig00000058 -        0-16847      0.0000

Processing link between tig 2 --> and tig 54 <--
Processing link with ratio 5.726495 and padding A 5674  b 17890 so a coordinates are 0 24433 and b is 0 46167 alignlengths 2452 2452  2452
LINK tig00000002 +                      tig00000054 -                     Aalign   2452 Balign   2452 align   2452 ratio 5.726495
TEST tig00000002 +        0-24433       tig00000054 -        0-46167     maxEdit= 44695  (extend B)
     tig00000016 + 15950020-16199333    tig00000020 +        0-54381     maxEdit= 16315  (extend A)
     tig00000002 +        0-24433       tig00000054 -        0-43437     maxEdit= 13032  (extend A) - FAILED
     tig00000002 +        0-24433       tig00000054 -        0-43437     maxEdit= 13032  (final)
     tig00000015 + 16305890-16383773    tig00000026 +        0-66195     maxEdit= 19859  (extend A)
     tig00000002 +        0-24433       tig00000054 -        0-43437      0.4387

Processing link between tig 20 --> and tig 25 -->
Processing link with ratio 5.870656 and padding A 26834  b 23574 so a coordinates are 27083 86827 and b is 0 385810 alignlengths 9336 9336  9336
LINK tig00000020 +                      tig00000025 +                     Aalign   9336 Balign   9336 align   9336 ratio 5.870656
TEST tig00000020 +    27083-86827       tig00000025 +        0-385810    maxEdit=105221  (extend B)
     tig00000015 + 16313530-16383773    tig00000026 +        0-66195     maxEdit= 19859  (final)
     tig00000020 +        0-86827       tig00000025 +        0-75993     maxEdit= 22799  (extend A)
     tig00000016 + 16144959-16199333    tig00000020 +        0-54381     maxEdit= 16315  (final)
     tig00000015 + 16313530-16383773    tig00000026 +        0-66195      0.1561

Processing link between tig 21 --> and tig 25 -->
Processing link with ratio 6.282058 and padding A 42561  b 23574 so a coordinates are 18158 93766 and b is 0 522471 alignlengths 9473 9473  9473
LINK tig00000021 +                      tig00000025 +                     Aalign   9473 Balign   9473 align   9473 ratio 6.282058
TEST tig00000021 +    18158-93766       tig00000025 +        0-522471    maxEdit=142493  (extend B)
     tig00000016 + 16144959-16199333    tig00000020 +        0-54381      0.0005

Processing link between tig 16 --> and tig 21 -->
Processing link with ratio 6.282058 and padding A 7460  b 14840 so a coordinates are 16171726 16199333 and b is 0 93766 alignlengths 5307 5307  5307
LINK tig00000016 +                      tig00000021 +                     Aalign   5307 Balign   5307 align   5307 ratio 6.282058
TEST tig00000016 + 16171726-16199333    tig00000021 +        0-93766     maxEdit= 52029  (extend B)
     tig00000016 + 16008562-16199333    tig00000021 +        0-38984     maxEdit= 11696  (extend A)
     tig00000020 +    10855-86827       tig00000025 +        0-75993     maxEdit= 22799  (final)
     tig00000020 +    10855-86827       tig00000025 +        0-75993      0.0005

Processing link between tig 20 --> and tig 26 -->
Processing link with ratio 5.870656 and padding A 26834  b 23717 so a coordinates are 26940 86827 and b is 0 386733 alignlengths 9336 9336  9336
LINK tig00000020 +                      tig00000026 +                     Aalign   9336 Balign   9336 align   9336 ratio 5.870656
TEST tig00000020 +    26940-86827       tig00000026 +        0-386733    maxEdit=105473  (extend B)
     tig00000016 + 16160362-16199333    tig00000021 +        0-38984     maxEdit= 11696  (final)
     tig00000016 + 16160362-16199333    tig00000021 +        0-38984      0.0011

Processing link between tig 17 --> and tig 76 <--
Processing link with ratio 1.844824 and padding A 8417  b 15298 so a coordinates are 431042 456253 and b is 0 51160 alignlengths 1496 1496  1496
LINK tig00000017 +                      tig00000076 -                     Aalign   1496 Balign   1496 align   1496 ratio 1.844824
TEST tig00000017 +   431042-456253      tig00000076 -        0-51160     maxEdit= 13953  (extend B)
     tig00000021 +        0-93766       tig00000025 +        0-98316     maxEdit= 29496  (extend A)
     tig00000017 +   405093-456253      tig00000076 -        0-36861     maxEdit= 11059  (extend A)
     tig00000017 +   419388-456253      tig00000076 -        0-36861     maxEdit= 11059  (final)
     tig00000020 +        0-86827       tig00000026 +        0-76194     maxEdit= 22859  (extend A)
     tig00000017 +   419388-456253      tig00000076 -        0-36861      0.0009

Processing link between tig 18 --> and tig 31 -->
Processing link with ratio 2.207869 and padding A 18414  b 20270 so a coordinates are 12250 58678 and b is 0 67000 alignlengths 7744 7744  7744
LINK tig00000018 +                      tig00000031 +                     Aalign   7744 Balign   7744 align   7744 ratio 2.207869
TEST tig00000018 +    12250-58678       tig00000031 +        0-67000     maxEdit= 30753  (extend B)
     tig00000018 +        0-58678       tig00000031 +        0-46261     maxEdit= 13879  (extend A)
     tig00000018 +    12421-58678       tig00000031 +        0-46261     maxEdit= 13879  (final)
     tig00000020 +    10632-86827       tig00000026 +        0-76194     maxEdit= 22859  (final)
     tig00000021 +        0-93766       tig00000025 +        0-98316     maxEdit= 29496  (final)
     tig00000018 +    12421-58678       tig00000031 +        0-46261      0.0008

Processing link between tig 25 --> and tig 42 -->
Processing link with ratio 1.835980 and padding A 1  b 9739 so a coordinates are 3404658 3444383 and b is 0 80227 alignlengths 29985 29985  29985
LINK tig00000025 +                      tig00000042 +                     Aalign  29985 Balign  29985 align  29985 ratio 1.835980
TEST tig00000025 +  3404658-3444383     tig00000042 +        0-80227     maxEdit= 21881  (extend B)
     tig00000025 +  3364156-3444383     tig00000042 +        0-56960     maxEdit= 17089  (extend A)
     tig00000020 +    10632-86827       tig00000026 +        0-76194      0.0005

Processing link between tig 28 --> and tig 80 <--
Processing link with ratio 4.629407 and padding A 4932  b 38165 so a coordinates are 0 28325 and b is 0 72353 alignlengths 9746 9746  9746
LINK tig00000028 +                      tig00000080 -                     Aalign   9746 Balign   9746 align   9746 ratio 4.629407
TEST tig00000028 +        0-28325       tig00000080 -        0-72353     maxEdit= 73390  (extend B)
     tig00000028 +        0-28325       tig00000080 -        0-44232     maxEdit= 13270  (extend A) - FAILED
     tig00000028 +        0-28325       tig00000080 -        0-44232     maxEdit= 13270  (final)
     tig00000021 +        0-93766       tig00000025 +        0-98316      0.0468

Deleting link between 23 and 67 because one was not consensused
  Failed to find alignment.
Processing link between tig 24 --> and tig 68 <--
Processing link with ratio 1.577697 and padding A 921  b 1 so a coordinates are 59506 160395 and b is 0 143439 alignlengths 99967 99967  99967
LINK tig00000024 +                      tig00000068 -                     Aalign  99967 Balign  99967 align  99967 ratio 1.577697
TEST tig00000024 +    59506-160395      tig00000068 -        0-143439    maxEdit= 47752  (extend B)
     tig00000028 +        0-28325       tig00000080 -        0-44232      0.3616

Processing link between tig 29 --> and tig 80 <--
Processing link with ratio 4.629407 and padding A 8913  b 38165 so a coordinates are 0 47344 and b is 0 72353 alignlengths 15628 15628  15628
LINK tig00000029 +                      tig00000080 -                     Aalign  15628 Balign  15628 align  15628 ratio 4.629407

     tig00000025 +  3387426-3444383     tig00000042 +        0-56960     maxEdit= 17089  (final)TEST tig00000029 +        0-47344       tig00000080 -        0-72353     maxEdit= 87088  (extend B)
     tig00000025 +  3387426-3444383     tig00000042 +        0-56960      0.0004

Processing link between tig 26 --> and tig 51 <--
Processing link with ratio 1.433877 and padding A 1  b 15021 so a coordinates are 3401489 3446496 and b is 0 60636 alignlengths 29985 29985  29985
LINK tig00000026 +                      tig00000051 -                     Aalign  29985 Balign  29985 align  29985 ratio 1.433877
TEST tig00000026 +  3401489-3446496     tig00000051 -        0-60636     maxEdit= 19361  (extend B)
     tig00000029 +        0-47344       tig00000080 -        0-63201     maxEdit= 18961  (extend A)
     tig00000026 +  3375509-3446496     tig00000051 -        0-40363     maxEdit= 12110  (extend A)
     tig00000026 +  3406136-3446496     tig00000051 -        0-40363     maxEdit= 12110  (final)
     tig00000026 +  3406136-3446496     tig00000051 -        0-40363      0.0006

Processing link between tig 26 --> and tig 42 -->
Processing link with ratio 1.835980 and padding A 1  b 9739 so a coordinates are 3406771 3446496 and b is 0 80227 alignlengths 29985 29985  29985
LINK tig00000026 +                      tig00000042 +                     Aalign  29985 Balign  29985 align  29985 ratio 1.835980
TEST tig00000026 +  3406771-3446496     tig00000042 +        0-80227     maxEdit= 21881  (extend B)
     tig00000026 +  3366269-3446496     tig00000042 +        0-56960     maxEdit= 17089  (extend A)
     tig00000024 +        0-160395      tig00000068 -        0-141315    maxEdit= 42395  (extend A)
     tig00000026 +  3389550-3446496     tig00000042 +        0-56960     maxEdit= 17089  (final)
     tig00000026 +  3389550-3446496     tig00000042 +        0-56960      0.0005

Processing link between tig 27 --> and tig 34 -->
Processing link with ratio 2.633478 and padding A 28450  b 12038 so a coordinates are 15126 69616 and b is 0 26485 alignlengths 14002 14002  14002
LINK tig00000027 +                      tig00000034 +                     Aalign  14002 Balign  14002 align  14002 ratio 2.633478
TEST tig00000027 +    15126-69616       tig00000034 +        0-26485     maxEdit= 43050  (extend B)
     tig00000027 +        0-69616       tig00000034 +        0-26485     maxEdit=  7946  (extend A)
     tig00000068 -        0-143439      tig00000067 -        0-162502    maxEdit= 48751  (final)
     tig00000027 +     6565-69616       tig00000034 +        0-26485     maxEdit=  7946  (final) - FAILED
     tig00000027 +     6565-69616       tig00000034 +        0-26485      0.0000

Processing link between tig 31 --> and tig 33 -->
Processing link with ratio 3.539567 and padding A 8338  b 10000 so a coordinates are 35649 67000 and b is 0 122065 alignlengths 13013 13013  13013
LINK tig00000031 +                      tig00000033 +                     Aalign  13013 Balign  13013 align  13013 ratio 3.539567
TEST tig00000031 +    35649-67000       tig00000033 +        0-122065    maxEdit= 33291  (extend B)
     tig00000029 +        0-47344       tig00000080 -        0-63201     maxEdit= 18961  (final)
     tig00000029 +        0-47344       tig00000080 -        0-63201      0.2523

Processing link between tig 3 --> and tig 69 -->
Processing link with ratio 1.439252 and padding A 3947  b 10117 so a coordinates are 2051346 2072450 and b is 0 33411 alignlengths 7040 7040  7040
LINK tig00000003 +                      tig00000069 +                     Aalign   7040 Balign   7040 align   7040 ratio 1.439252
TEST tig00000003 +  2051346-2072450     tig00000069 +        0-33411     maxEdit=  9113  (extend B)
     tig00000003 +  2039039-2072450     tig00000069 +        0-30657     maxEdit=  9198  (extend A)
     tig00000003 +  2041925-2072450     tig00000069 +        0-30657     maxEdit=  9198  (final)
     tig00000003 +  2041925-2072450     tig00000069 +        0-30657      0.0050

Processing link between tig 31 --> and tig 32 -->
Processing link with ratio 2.208019 and padding A 8338  b 5263 so a coordinates are 39719 67000 and b is 0 66260 alignlengths 13680 13680  13680
LINK tig00000031 +                      tig00000032 +                     Aalign  13680 Balign  13680 align  13680 ratio 2.208019
TEST tig00000031 +    39719-67000       tig00000032 +        0-66260     maxEdit= 18072  (extend B)
     tig00000031 +        0-67000       tig00000033 +        0-121443    maxEdit= 36434  (extend A)
     tig00000031 +      740-67000       tig00000032 +        0-21800     maxEdit=  6541  (extend A)
     tig00000031 +    45196-67000       tig00000032 +        0-21800     maxEdit=  6541  (final)
     tig00000031 +    45196-67000       tig00000032 +        0-21800      0.0012

Processing link between tig 35 --> and tig 80 <--
Processing link with ratio 4.629407 and padding A 19066  b 38165 so a coordinates are 908 73767 and b is 0 72353 alignlengths 15628 15628  15628
LINK tig00000035 +                      tig00000080 -                     Aalign  15628 Balign  15628 align  15628 ratio 4.629407
TEST tig00000035 +      908-73767       tig00000080 -        0-72353     maxEdit=101189  (extend B) - FAILED
     tig00000031 +        0-67000       tig00000033 +        0-121443    maxEdit= 36434  (final)
     tig00000024 +    19087-160395      tig00000068 -        0-141315    maxEdit= 42395  (final)
     tig00000068 -        0-143439      tig00000067 -        0-162502     0.1177

Processing link between tig 69 <-- and tig 3 <--
Processing link with ratio 1.439252 and padding A 10117  b 3947 so a coordinates are 6004480 6025584 and b is 0 33411 alignlengths 7040 7040  7040
LINK tig00000069 -                      tig00000003 -                     Aalign   7040 Balign   7040 align   7040 ratio 1.439252
TEST tig00000069 -  6004480-6025584     tig00000003 -        0-33411     maxEdit=  9113  (extend B)
     tig00000069 -  5992173-6025584     tig00000003 -        0-30524     maxEdit=  9158  (extend A)
     tig00000035 +        0-73767       tig00000080 -        0-72163     maxEdit= 21650  (extend A)
     tig00000069 -  5994927-6025584     tig00000003 -        0-30524     maxEdit=  9158  (final)
     tig00000069 -  5994927-6025584     tig00000003 -        0-30524      0.0050

Processing link between tig 69 <-- and tig 70 -->
Processing link with ratio 1.439252 and padding A 10117  b 1982 so a coordinates are 6006445 6025584 and b is 0 30300 alignlengths 7040 7040  7040
LINK tig00000069 -                      tig00000070 +                     Aalign   7040 Balign   7040 align   7040 ratio 1.439252
TEST tig00000069 -  6006445-6025584     tig00000070 +        0-30300     maxEdit=  8264  (extend B)
     tig00000069 -  5995284-6025584     tig00000070 +        0-27766     maxEdit=  8331  (extend A)
     tig00000069 -  5997684-6025584     tig00000070 +        0-27766     maxEdit=  8331  (final)
     tig00000069 -  5997684-6025584     tig00000070 +        0-27766      0.0083

Processing link between tig 38 --> and tig 58 <--
Processing link with ratio 1.884618 and padding A 11323  b 20248 so a coordinates are 0 33337 and b is 0 80398 alignlengths 12252 12252  12252
LINK tig00000038 +                      tig00000058 -                     Aalign  12252 Balign  12252 align  12252 ratio 1.884618
TEST tig00000038 +        0-33337       tig00000058 -        0-80398     maxEdit= 24777  (extend B)
     tig00000038 +        0-33337       tig00000058 -        0-30725     maxEdit=  9218  (extend A)
     tig00000035 +     1590-73767       tig00000080 -        0-72163     maxEdit= 21650  (final)
     tig00000038 +     2612-33337       tig00000058 -        0-30725     maxEdit=  9218  (final)
     tig00000038 +     2612-33337       tig00000058 -        0-30725      0.0013

Processing link between tig 39 --> and tig 65 <--
Processing link with ratio 1.426289 and padding A 11778  b 1 so a coordinates are 3052587 3069462 and b is 0 26475 alignlengths 5096 5096  5096
LINK tig00000039 +                      tig00000065 -                     Aalign   5096 Balign   5096 align   5096 ratio 1.426289
TEST tig00000039 +  3052587-3069462     tig00000065 -        0-26475     maxEdit=  7221  (extend B)
     tig00000039 +  3042987-3069462     tig00000065 -        0-21919     maxEdit=  6576  (extend A)
     tig00000039 +  3047547-3069462     tig00000065 -        0-21919     maxEdit=  6576  (final)
     tig00000039 +  3047547-3069462     tig00000065 -        0-21919      0.0017

Deleting link between 4 and 74 because one was not consensused
  Failed to find alignment.
Processing link between tig 40 --> and tig 42 <--
Processing link with ratio 1.881330 and padding A 15421  b 19535 so a coordinates are 19768 84071 and b is 0 80829 alignlengths 29347 29347  29347
LINK tig00000040 +                      tig00000042 -                     Aalign  29347 Balign  29347 align  29347 ratio 1.881330
TEST tig00000040 +    19768-84071       tig00000042 -        0-80829     maxEdit= 36293  (extend B)
     tig00000035 +     1590-73767       tig00000080 -        0-72163      0.0007

Deleting link between 36 and 9 because one was not consensused
  Failed to find alignment.
Processing link between tig 37 --> and tig 8 <--
Processing link with ratio 3.473744 and padding A 23605  b 12658 so a coordinates are 39066 82095 and b is 0 61735 alignlengths 6766 6766  6766
LINK tig00000037 +                      tig00000008 -                     Aalign   6766 Balign   6766 align   6766 ratio 3.473744
TEST tig00000037 +    39066-82095       tig00000008 -        0-61735     maxEdit= 44842  (extend B)
     tig00000031 +        0-67000       tig00000033 +        0-121443     0.5545

Processing link between tig 32 --> and tig 46 <--
Processing link with ratio 3.325474 and padding A 35524  b 31128 so a coordinates are 33101 102324 and b is 0 67281 alignlengths 2571 2571  2571
LINK tig00000032 +                      tig00000046 -                     Aalign   2571 Balign   2571 align   2571 ratio 3.325474
TEST tig00000032 +    33101-102324      tig00000046 -        0-67281     maxEdit= 69060  (extend B)
     tig00000024 +    19087-160395      tig00000068 -        0-141315     0.0002

Processing link between tig 25 --> and tig 41 <--
Processing link with ratio 1.695376 and padding A 1  b 10467 so a coordinates are 3403930 3444383 and b is 0 75441 alignlengths 29985 29985  29985
LINK tig00000025 +                      tig00000041 -                     Aalign  29985 Balign  29985 align  29985 ratio 1.695376
TEST tig00000025 +  3403930-3444383     tig00000041 -        0-75441     maxEdit= 20575  (extend B)
     tig00000025 +  3368942-3444383     tig00000041 -        0-40364     maxEdit= 12110  (extend A)
     tig00000037 +        0-82095       tig00000008 -        0-30718     maxEdit=  9216  (extend A)
     tig00000025 +  3404018-3444383     tig00000041 -        0-40364     maxEdit= 12110  (final)
     tig00000037 +    51383-82095       tig00000008 -        0-30718     maxEdit=  9216  (final)
     tig00000037 +    51383-82095       tig00000008 -        0-30718      0.0010

Deleting link between 37 and 9 because one was not consensused
  Failed to find alignment.
Processing link between tig 41 --> and tig 25 <--
Processing link with ratio 1.695376 and padding A 10467  b 1 so a coordinates are 60193 100646 and b is 0 75441 alignlengths 29985 29985  29985
LINK tig00000041 +                      tig00000025 -                     Aalign  29985 Balign  29985 align  29985 ratio 1.695376
TEST tig00000041 +    60193-100646      tig00000025 -        0-75441     maxEdit= 20575  (extend B)
     tig00000040 +        0-84071       tig00000042 -        0-44038     maxEdit= 13212  (extend A)
     tig00000025 +  3404018-3444383     tig00000041 -        0-40364      0.0005

Processing link between tig 46 --> and tig 32 <--
Processing link with ratio 3.325474 and padding A 31128  b 35524 so a coordinates are 0 67281 and b is 0 102324 alignlengths 2571 2571  2571
LINK tig00000046 +                      tig00000032 -                     Aalign   2571 Balign   2571 align   2571 ratio 3.325474
TEST tig00000046 +        0-67281       tig00000032 -        0-102324    maxEdit= 69060  (extend B)
     tig00000041 +    25205-100646      tig00000025 -        0-40365     maxEdit= 12110  (extend A)
     tig00000040 +    40027-84071       tig00000042 -        0-44038     maxEdit= 13212  (final)
     tig00000041 +    60282-100646      tig00000025 -        0-40365     maxEdit= 12110  (final)
     tig00000040 +    40027-84071       tig00000042 -        0-44038      0.0012

Processing link between tig 5 --> and tig 13 -->
Processing link with ratio 1.654060 and padding A 18038  b 15141 so a coordinates are 8113178 8150700 and b is 0 68269 alignlengths 4343 4343  4343
LINK tig00000005 +                      tig00000013 +                     Aalign   4343 Balign   4343 align   4343 ratio 1.654060
TEST tig00000005 +  8113178-8150700     tig00000013 +        0-68269     maxEdit= 18620  (extend B)
     tig00000041 +    60282-100646      tig00000025 -        0-40365      0.0005

Processing link between tig 42 --> and tig 40 <--
Processing link with ratio 1.881330 and padding A 19535  b 15421 so a coordinates are 16526 80829 and b is 0 84071 alignlengths 29347 29347  29347
LINK tig00000042 +                      tig00000040 -                     Aalign  29347 Balign  29347 align  29347 ratio 1.881330
TEST tig00000042 +    16526-80829       tig00000040 -        0-84071     maxEdit= 36293  (extend B)
     tig00000046 +        0-67281       tig00000032 -        0-64826     maxEdit= 19449  (extend A)
     tig00000032 +        0-102324      tig00000046 -        0-64875     maxEdit= 19463  (extend A)
     tig00000005 +  8082431-8150700     tig00000013 +        0-53699     maxEdit= 16110  (extend A)
     tig00000005 +  8097013-8150700     tig00000013 +        0-53699     maxEdit= 16110  (final)
     tig00000046 +     2388-67281       tig00000032 -        0-64826     maxEdit= 19449  (final)
     tig00000005 +  8097013-8150700     tig00000013 +        0-53699      0.0009

Processing link between tig 50 --> and tig 62 <--
Processing link with ratio 1.665131 and padding A 25303  b 1 so a coordinates are 5555256 5679636 and b is 0 202027 alignlengths 99076 99076  99076
LINK tig00000050 +                      tig00000062 -                     Aalign  99076 Balign  99076 align  99076 ratio 1.665131
TEST tig00000050 +  5555256-5679636     tig00000062 -        0-202027    maxEdit= 62133  (extend B)
     tig00000032 +    37497-102324      tig00000046 -        0-64875     maxEdit= 19463  (final)
     tig00000042 +        0-80829       tig00000040 -        0-44044     maxEdit= 13214  (extend A)
     tig00000046 +     2388-67281       tig00000032 -        0-64826      0.0046

Processing link between tig 46 --> and tig 47 -->
Processing link with ratio 3.325474 and padding A 31128  b 0 so a coordinates are 34582 67281 and b is 0 30977 alignlengths 1571 1571  1571
LINK tig00000046 +                      tig00000047 +                     Aalign   1571 Balign   1571 align   1571 ratio 3.325474
TEST tig00000046 +    34582-67281       tig00000047 +        0-30977     maxEdit= 32622  (extend B)
     tig00000046 +        0-67281       tig00000047 +        0-30977     maxEdit=  9294  (extend A)
     tig00000032 +    37497-102324      tig00000046 -        0-64875      0.0046

Processing link between tig 34 --> and tig 36 -->
Processing link with ratio 1.409045 and padding A -21719  b -4245 so a coordinates are 35760 26485 and b is 0 -14375 alignlengths 16689 16689  16689
LINK tig00000034 +                      tig00000036 +                     Aalign  16689 Balign  16689 align  16689 ratio 1.409045 has 0-bp alignment, erasing link
Processing link between tig 34 --> and tig 37 -->
Processing link with ratio 3.473744 and padding A -21719  b 19731 so a coordinates are 11784 26485 and b is 0 56174 alignlengths 16689 16689  16689
LINK tig00000034 +                      tig00000037 +                     Aalign  16689 Balign  16689 align  16689 ratio 3.473744
TEST tig00000034 +    11784-26485       tig00000037 +        0-56174     maxEdit= 15321  (extend B)
     tig00000042 +    36791-80829       tig00000040 -        0-44044     maxEdit= 13214  (final)
     tig00000034 +        0-26485       tig00000037 +        0-21013     maxEdit=  6305  (extend A) - FAILED
     tig00000034 +        0-26485       tig00000037 +        0-21013     maxEdit=  6305  (final)
     tig00000046 +    34466-67281       tig00000047 +        0-30977     maxEdit=  9294  (final)
     tig00000042 +    36791-80829       tig00000040 -        0-44044      0.0012

Processing link between tig 42 --> and tig 43 -->
Processing link with ratio 1.835980 and padding A 19535  b 0 so a coordinates are 31947 80829 and b is 0 39793 alignlengths 29347 29347  29347
LINK tig00000042 +                      tig00000043 +                     Aalign  29347 Balign  29347 align  29347 ratio 1.835980
TEST tig00000042 +    31947-80829       tig00000043 +        0-39793     maxEdit= 26924  (extend B)
     tig00000034 +        0-26485       tig00000037 +        0-21013      0.3923

Processing link between tig 54 --> and tig 1 <--
Processing link with ratio 5.726495 and padding A 17890  b 17361 so a coordinates are 8599 46167 and b is 0 56232 alignlengths 2317 2317  2317
LINK tig00000054 +                      tig00000001 -                     Aalign   2317 Balign   2317 align   2317 ratio 5.726495
TEST tig00000054 +     8599-46167       tig00000001 -        0-56232     maxEdit= 64540  (extend B)
     tig00000046 +    34466-67281       tig00000047 +        0-30977      0.0585

Processing link between tig 47 --> and tig 58 -->
Processing link with ratio 1.634172 and padding A 9604  b 1798 so a coordinates are 3547 30977 and b is 0 49307 alignlengths 16028 16028  16028
LINK tig00000047 +                      tig00000058 +                     Aalign  16028 Balign  16028 align  16028 ratio 1.634172
TEST tig00000047 +     3547-30977       tig00000058 +        0-49307     maxEdit= 13448  (extend B)
     tig00000047 +        0-30977       tig00000058 +        0-26109     maxEdit=  7833  (extend A)
     tig00000047 +     4868-30977       tig00000058 +        0-26109     maxEdit=  7833  (final)
     tig00000054 +        0-46167       tig00000001 -        0-41772     maxEdit= 12532  (extend A)
     tig00000047 +     4868-30977       tig00000058 +        0-26109      0.0000

Processing circular link for tig 48
Processing link with ratio 3.445958 and padding A 54144  b 4363 so a coordinates are 16498 98134 and b is 0 98134 alignlengths 23129 23129  23129
LINK tig00000048 +                      tig00000048 +                     Aalign  23129 Balign  23129 align  23129 ratio 3.445958
TEST tig00000048 +    16498-98134       tig00000048 +        0-98134     maxEdit= 84395  (extend B)
     tig00000042 +        0-80829       tig00000043 +        0-39793     maxEdit= 11939  (extend A)
     tig00000054 +     4400-46167       tig00000001 -        0-41772     maxEdit= 12532  (final)
     tig00000042 +    36790-80829       tig00000043 +        0-39793     maxEdit= 11939  (final)
     tig00000054 +     4400-46167       tig00000001 -        0-41772      0.0054

Processing link between tig 54 --> and tig 2 <--
Processing link with ratio 5.726495 and padding A 17890  b 5674 so a coordinates are 20151 46167 and b is 0 24433 alignlengths 2452 2452  2452
LINK tig00000054 +                      tig00000002 -                     Aalign   2452 Balign   2452 align   2452 ratio 5.726495
TEST tig00000054 +    20151-46167       tig00000002 -        0-24433     maxEdit= 44695  (extend B)
     tig00000042 +    36790-80829       tig00000043 +        0-39793      0.0977

Processing link between tig 43 --> and tig 50 -->
Processing link with ratio 1.434356 and padding A 11437  b 9517 so a coordinates are 4883 39793 and b is 0 55080 alignlengths 13956 13956  13956
LINK tig00000043 +                      tig00000050 +                     Aalign  13956 Balign  13956 align  13956 ratio 1.434356
TEST tig00000043 +     4883-39793       tig00000050 +        0-55080     maxEdit= 15023  (extend B)
     tig00000054 +        0-46167       tig00000002 -        0-24433     maxEdit=  7331  (extend A)
     tig00000054 +     2729-46167       tig00000002 -        0-24433     maxEdit=  7331  (final) - FAILED
     tig00000054 +     2729-46167       tig00000002 -        0-24433      0.0000

Processing link between tig 55 --> and tig 75 <--
Processing link with ratio 56.509071 and padding A 10000  b 13399 so a coordinates are 333946 358211 and b is 0 41430 alignlengths 866 866  866
LINK tig00000055 +                      tig00000075 -                     Aalign    866 Balign    866 align    866 ratio 56.509071
TEST tig00000055 +   333946-358211      tig00000075 -        0-41430     maxEdit=411358  (extend B)
     tig00000043 +        0-39793       tig00000050 +        0-32829     maxEdit=  9849  (extend A)
     tig00000043 +     6969-39793       tig00000050 +        0-32829     maxEdit=  9849  (final)
     tig00000055 +        0-358211      tig00000075 -        0-26841     maxEdit=  8053  (extend A)
     tig00000043 +     6969-39793       tig00000050 +        0-32829      0.0021

Processing link between tig 58 --> and tig 19 <--
Processing link with ratio 1.634172 and padding A 20248  b -11070 so a coordinates are 59968 80398 and b is 0 24603 alignlengths 11252 11252  11252
LINK tig00000058 +                      tig00000019 -                     Aalign  11252 Balign  11252 align  11252 ratio 1.634172
TEST tig00000058 +    59968-80398       tig00000019 -        0-24603     maxEdit= 10016  (extend B) - FAILED
LINK tig00000058 +                      tig00000019 -                     Aalign  11252 Balign  11252 align  11252 ratio 1.634172
TEST tig00000058 +    60468-80398       tig00000019 -        0-24603     maxEdit= 10016  (extend B)
     tig00000058 +    43674-80398       tig00000019 -        0-22358     maxEdit=  6708  (extend A) - FAILED
     tig00000058 +    43674-80398       tig00000019 -        0-22358     maxEdit=  6708  (final) - FAILED
     tig00000058 +    43674-80398       tig00000019 -        0-22358      0.0000

Processing link between tig 58 --> and tig 38 <--
Processing link with ratio 1.884618 and padding A 20248  b 11323 so a coordinates are 36575 80398 and b is 0 33337 alignlengths 12252 12252  12252
LINK tig00000058 +                      tig00000038 -                     Aalign  12252 Balign  12252 align  12252 ratio 1.884618
TEST tig00000058 +    36575-80398       tig00000038 -        0-33337     maxEdit= 24777  (extend B)
     tig00000048 +        0-98134       tig00000048 +        0-98134     maxEdit= 29441  (extend A)
     tig00000055 +   142921-358211      tig00000075 -        0-26841     maxEdit=  8053  (final) - FAILED
     tig00000055 +   142921-358211      tig00000075 -        0-26841      0.0000

Processing link between tig 56 --> and tig 74 <--
Processing link with ratio 12.401480 and padding A 42323  b 9798 so a coordinates are 177934 237972 and b is 0 63818 alignlengths 7917 7917  7917
LINK tig00000056 +                      tig00000074 -                     Aalign   7917 Balign   7917 align   7917 ratio 12.401480
TEST tig00000056 +   177934-237972      tig00000074 -        0-63818     maxEdit=223369  (extend B)
     tig00000050 +  5451817-5679636     tig00000062 -        0-174297    maxEdit= 52290  (extend A)
     tig00000058 +        0-80398       tig00000038 -        0-30717     maxEdit=  9216  (extend A)
     tig00000056 +        0-237972      tig00000074 -        0-63818     maxEdit= 19146  (extend A)
     tig00000058 +    49673-80398       tig00000038 -        0-30717     maxEdit=  9216  (final)
     tig00000048 +        0-98134       tig00000048 +        0-98134     maxEdit= 29441  (final)
     tig00000058 +    49673-80398       tig00000038 -        0-30717      0.0013

Processing link between tig 6 --> and tig 76 <--
Processing link with ratio 1.844824 and padding A 5405  b 15298 so a coordinates are 373280 395452 and b is 0 44993 alignlengths 1469 1469  1469
LINK tig00000006 +                      tig00000076 -                     Aalign   1469 Balign   1469 align   1469 ratio 1.844824
TEST tig00000006 +   373280-395452      tig00000076 -        0-44993     maxEdit= 12272  (extend B)
     tig00000006 +   350459-395452      tig00000076 -        0-32288     maxEdit=  9687  (extend A)
     tig00000006 +   363164-395452      tig00000076 -        0-32288     maxEdit=  9687  (final)
     tig00000006 +   363164-395452      tig00000076 -        0-32288      0.0010

Processing link between tig 62 --> and tig 50 <--
Processing link with ratio 1.665131 and padding A 1  b 25303 so a coordinates are 77647 202027 and b is 0 227819 alignlengths 99076 99076  99076
LINK tig00000062 +                      tig00000050 -                     Aalign  99076 Balign  99076 align  99076 ratio 1.665131
TEST tig00000062 +    77647-202027      tig00000050 -        0-227819    maxEdit= 62133  (extend B)
     tig00000048 +        0-98134       tig00000048 +        0-98134      0.0000

Processing link between tig 62 --> and tig 65 -->
Processing link with ratio 1.665131 and padding A 1  b 167 so a coordinates are 102783 202027 and b is 0 181779 alignlengths 99076 99076  99076
LINK tig00000062 +                      tig00000065 +                     Aalign  99076 Balign  99076 align  99076 ratio 1.665131
TEST tig00000062 +   102783-202027      tig00000065 +        0-181779    maxEdit= 49577  (extend B)
     tig00000056 +   105280-237972      tig00000074 -        0-63818     maxEdit= 19146  (final) - FAILED
     tig00000056 +   105280-237972      tig00000074 -        0-63818      0.0000

Processing link between tig 65 --> and tig 66 -->
Processing link with ratio 4.425566 and padding A 1  b 11951 so a coordinates are 2614765 2630813 and b is 0 27558 alignlengths 4096 4096  4096
LINK tig00000065 +                      tig00000066 +                     Aalign   4096 Balign   4096 align   4096 ratio 4.425566
TEST tig00000065 +  2614765-2630813     tig00000066 +        0-27558     maxEdit= 21307  (extend B)
     tig00000065 +  2552690-2630813     tig00000066 +        0-20782     maxEdit=  6235  (extend A)
     tig00000065 +  2611037-2630813     tig00000066 +        0-20782     maxEdit=  6235  (final)
     tig00000065 +  2611037-2630813     tig00000066 +        0-20782      0.1444

Processing link between tig 66 --> and tig 73 -->
Processing link with ratio 4.425566 and padding A 4132  b 2261 so a coordinates are 18727 27558 and b is 0 39489 alignlengths 2438 2438  2438
LINK tig00000066 +                      tig00000073 +                     Aalign   2438 Balign   2438 align   2438 ratio 4.425566
TEST tig00000066 +    18727-27558       tig00000073 +        0-39489     maxEdit= 11725  (extend B)
     tig00000066 +        0-27558       tig00000073 +        0-23976     maxEdit=  7194  (extend A)
     tig00000066 +     3566-27558       tig00000073 +        0-23976     maxEdit=  7194  (final)
     tig00000066 +     3566-27558       tig00000073 +        0-23976      0.0041

Deleting link between 67 and 23 because one was not consensused
  Failed to find alignment.
Processing link between tig 67 --> and tig 68 -->
Processing link with ratio 2.008414 and padding A 17231  b 1466 so a coordinates are 87831 200978 and b is 0 143439 alignlengths 94450 94450  94450
LINK tig00000067 +                      tig00000068 +                     Aalign  94450 Balign  94450 align  94450 ratio 2.008414
TEST tig00000067 +    87831-200978      tig00000068 +        0-143439    maxEdit= 68174  (extend B)
     tig00000062 +    20248-202027      tig00000065 +        0-138783    maxEdit= 41636  (extend A)
     tig00000062 +        0-202027      tig00000050 -        0-174285    maxEdit= 52286  (extend A)
     tig00000050 +  5505351-5679636     tig00000062 -        0-174297    maxEdit= 52290  (final)
     tig00000067 +        0-200978      tig00000068 +        0-143439    maxEdit= 43032  (extend A)
     tig00000062 +    63243-202027      tig00000065 +        0-138783    maxEdit= 41636  (final)
     tig00000050 +  5505351-5679636     tig00000062 -        0-174297     0.0004

Processing link between tig 51 --> and tig 26 <--
Processing link with ratio 1.433877 and padding A 15021  b 1 so a coordinates are 15629 60636 and b is 0 70987 alignlengths 29985 29985  29985
LINK tig00000051 +                      tig00000026 -                     Aalign  29985 Balign  29985 align  29985 ratio 1.433877
TEST tig00000051 +    15629-60636       tig00000026 -        0-70987     maxEdit= 19361  (extend B)
     tig00000051 +        0-60636       tig00000026 -        0-40360     maxEdit= 12109  (extend A)
     tig00000062 +    63243-202027      tig00000065 +        0-138783     0.0003

Processing link between tig 63 --> and tig 67 -->
Processing link with ratio 3.140794 and padding A 21771  b 22572 so a coordinates are 36613 82405 and b is 0 158205 alignlengths 1449 1449  1449
LINK tig00000063 +                      tig00000067 +                     Aalign   1449 Balign   1449 align   1449 ratio 3.140794
TEST tig00000063 +    36613-82405       tig00000067 +        0-158205    maxEdit= 43147  (extend B)
     tig00000051 +    20273-60636       tig00000026 -        0-40360     maxEdit= 12109  (final)
     tig00000051 +    20273-60636       tig00000026 -        0-40360      0.0006

Processing link between tig 52 --> and tig 68 <--
Processing link with ratio 1.420883 and padding A 921  b 1 so a coordinates are 18757091 18857980 and b is 0 143439 alignlengths 99967 99967  99967
LINK tig00000052 +                      tig00000068 -                     Aalign  99967 Balign  99967 align  99967 ratio 1.420883
TEST tig00000052 + 18757091-18857980    tig00000068 -        0-143439    maxEdit= 43006  (extend B)
     tig00000063 +        0-82405       tig00000067 +        0-50551     maxEdit= 15166  (extend A)
     tig00000062 +    27730-202027      tig00000050 -        0-174285    maxEdit= 52286  (final)
     tig00000067 +    38472-200978      tig00000068 +        0-143439    maxEdit= 43032  (final)
     tig00000063 +    31845-82405       tig00000067 +        0-50551     maxEdit= 15166  (final)
     tig00000063 +    31845-82405       tig00000067 +        0-50551      0.0007

Processing link between tig 64 --> and tig 67 -->
Processing link with ratio 3.407886 and padding A 33113  b 22572 so a coordinates are 32231 89365 and b is 0 200978 alignlengths 1449 1449  1449
LINK tig00000064 +                      tig00000067 +                     Aalign   1449 Balign   1449 align   1449 ratio 3.407886
TEST tig00000064 +    32231-89365       tig00000067 +        0-200978    maxEdit= 58412  (extend B)
     tig00000064 +        0-89365       tig00000067 +        0-66824     maxEdit= 20048  (extend A)
     tig00000052 + 18700294-18857980    tig00000068 -        0-141315    maxEdit= 42395  (extend A)
     tig00000064 +    22545-89365       tig00000067 +        0-66824     maxEdit= 20048  (final)
     tig00000064 +    22545-89365       tig00000067 +        0-66824      0.0005

Processing link between tig 65 --> and tig 39 <--
Processing link with ratio 1.426289 and padding A 1  b 11778 so a coordinates are 2613938 2630813 and b is 0 26475 alignlengths 5096 5096  5096
LINK tig00000065 +                      tig00000039 -                     Aalign   5096 Balign   5096 align   5096 ratio 1.426289
TEST tig00000065 +  2613938-2630813     tig00000039 -        0-26475     maxEdit=  7221  (extend B)
     tig00000065 +  2604338-2630813     tig00000039 -        0-21913     maxEdit=  6575  (extend A)
     tig00000062 +    27730-202027      tig00000050 -        0-174285     0.0004

Processing link between tig 68 --> and tig 24 <--
Processing link with ratio 1.577697 and padding A 1  b 921 so a coordinates are 42550 143439 and b is 0 160395 alignlengths 99967 99967  99967
LINK tig00000068 +                      tig00000024 -                     Aalign  99967 Balign  99967 align  99967 ratio 1.577697
TEST tig00000068 +    42550-143439      tig00000024 -        0-160395    maxEdit= 47752  (extend B)
     tig00000067 +    38472-200978      tig00000068 +        0-143439     0.1177

Deleting link between 7 and 9 because one was not consensused
  Failed to find alignment.
Processing link between tig 70 --> and tig 74 -->
Processing link with ratio 4.810644 and padding A 7350  b 17271 so a coordinates are 2128815 2166701 and b is 0 63818 alignlengths 13265 13265  13265
LINK tig00000070 +                      tig00000074 +                     Aalign  13265 Balign  13265 align  13265 ratio 4.810644
TEST tig00000070 +  2128815-2166701     tig00000074 +        0-63818     maxEdit= 54677  (extend B)
     tig00000065 +  2608894-2630813     tig00000039 -        0-21913     maxEdit=  6575  (final)
     tig00000065 +  2608894-2630813     tig00000039 -        0-21913      0.0017

Processing link between tig 74 --> and tig 75 -->
Processing link with ratio 4.810644 and padding A 9798  b 3984 so a coordinates are 39323 63818 and b is 0 41430 alignlengths 10713 10713  10713
LINK tig00000074 +                      tig00000075 +                     Aalign  10713 Balign  10713 align  10713 ratio 4.810644
TEST tig00000074 +    39323-63818       tig00000075 +        0-41430     maxEdit= 35352  (extend B)
     tig00000074 +        0-63818       tig00000075 +        0-34241     maxEdit= 10273  (extend A)
     tig00000070 +  1966220-2166701     tig00000074 +        0-60352     maxEdit= 18106  (extend A)
     tig00000074 +    29593-63818       tig00000075 +        0-34241     maxEdit= 10273  (final)
     tig00000074 +    29593-63818       tig00000075 +        0-34241      0.0015

Processing link between tig 75 --> and tig 12 <--
Processing link with ratio 2.019203 and padding A 13399  b 1 so a coordinates are 26254 41430 and b is 0 33707 alignlengths 1776 1776  1776
LINK tig00000075 +                      tig00000012 -                     Aalign   1776 Balign   1776 align   1776 ratio 2.019203
TEST tig00000075 +    26254-41430       tig00000012 -        0-33707     maxEdit=  9194  (extend B)
     tig00000075 +     7723-41430       tig00000012 -        0-16555     maxEdit=  4967  (extend A)
     tig00000075 +     9944-41430       tig00000012 -        0-16555     maxEdit=  4967  (final) - FAILED
     tig00000075 +     9944-41430       tig00000012 -        0-16555      0.0000

Processing link between tig 75 --> and tig 55 <--
Processing link with ratio 56.509071 and padding A 13399  b 10000 so a coordinates are 17165 41430 and b is 0 358211 alignlengths 866 866  866
LINK tig00000075 +                      tig00000055 -                     Aalign    866 Balign    866 align    866 ratio 56.509071
TEST tig00000075 +    17165-41430       tig00000055 -        0-358211    maxEdit=411358  (extend B)
     tig00000075 +        0-41430       tig00000055 -        0-215284    maxEdit= 64586  (extend A)
     tig00000070 +  2106338-2166701     tig00000074 +        0-60352     maxEdit= 18106  (final)
     tig00000052 + 18716674-18857980    tig00000068 -        0-141315    maxEdit= 42395  (final)
     tig00000068 +        0-143439      tig00000024 -        0-141306    maxEdit= 42393  (extend A) - FAILED
     tig00000075 +        0-41430       tig00000055 -        0-215284    maxEdit= 64586  (final) - FAILED
     tig00000075 +        0-41430       tig00000055 -        0-215284     0.0000

Processing link between tig 76 --> and tig 17 <--
Processing link with ratio 1.844824 and padding A 15298  b 8417 so a coordinates are 236909 262120 and b is 0 51160 alignlengths 1496 1496  1496
LINK tig00000076 +                      tig00000017 -                     Aalign   1496 Balign   1496 align   1496 ratio 1.844824
TEST tig00000076 +   236909-262120      tig00000017 -        0-51160     maxEdit= 13953  (extend B)
     tig00000070 +  2106338-2166701     tig00000074 +        0-60352      0.0012

Processing circular link for tig 73
Processing link with ratio 3.404518 and padding A 8267  b 2261 so a coordinates are 26481 39489 and b is 0 39489 alignlengths 2480 2480  2480
LINK tig00000073 +                      tig00000073 +                     Aalign   2480 Balign   2480 align   2480 ratio 3.404518
TEST tig00000073 +    26481-39489       tig00000073 +        0-39489     maxEdit= 13286  (extend B)
     tig00000073 +        0-39489       tig00000073 +        0-39489     maxEdit= 11847  (extend A)
     tig00000076 +   210960-262120      tig00000017 -        0-36865     maxEdit= 11060  (extend A)
     tig00000073 +        0-39489       tig00000073 +        0-39489     maxEdit= 11847  (final)
     tig00000076 +   225259-262120      tig00000017 -        0-36865     maxEdit= 11060  (final)
     tig00000073 +        0-39489       tig00000073 +        0-39489      0.0000

Processing link between tig 74 --> and tig 56 <--
Processing link with ratio 12.401480 and padding A 9798  b 42323 so a coordinates are 3780 63818 and b is 0 237972 alignlengths 7917 7917  7917
LINK tig00000074 +                      tig00000056 -                     Aalign   7917 Balign   7917 align   7917 ratio 12.401480
TEST tig00000074 +     3780-63818       tig00000056 -        0-237972    maxEdit=223369  (extend B)
     tig00000076 +   225259-262120      tig00000017 -        0-36865      0.0009

Processing link between tig 76 --> and tig 6 <--
Processing link with ratio 1.844824 and padding A 15298  b 5405 so a coordinates are 239948 262120 and b is 0 44993 alignlengths 1469 1469  1469
LINK tig00000076 +                      tig00000006 -                     Aalign   1469 Balign   1469 align   1469 ratio 1.844824
TEST tig00000076 +   239948-262120      tig00000006 -        0-44993     maxEdit= 12272  (extend B)
     tig00000076 +   217127-262120      tig00000006 -        0-32288     maxEdit=  9687  (extend A)
     tig00000076 +   229832-262120      tig00000006 -        0-32288     maxEdit=  9687  (final)
     tig00000076 +   229832-262120      tig00000006 -        0-32288      0.0010

Processing link between tig 77 --> and tig 70 -->
Processing link with ratio 1.441715 and padding A 15531  b 1982 so a coordinates are 6004848 6029401 and b is 0 38938 alignlengths 7040 7040  7040
LINK tig00000077 +                      tig00000070 +                     Aalign   7040 Balign   7040 align   7040 ratio 1.441715
TEST tig00000077 +  6004848-6029401     tig00000070 +        0-38938     maxEdit= 10620  (extend B) - FAILED
LINK tig00000077 +                      tig00000070 +                     Aalign   7040 Balign   7040 align   7040 ratio 1.441715
TEST tig00000077 +  6005348-6029401     tig00000070 +        0-38938     maxEdit= 10620  (extend B) - FAILED
LINK tig00000077 +                      tig00000070 +                     Aalign   7040 Balign   7040 align   7040 ratio 1.441715
TEST tig00000077 +  6005848-6029401     tig00000070 +        0-38938     maxEdit= 10620  (extend B) - FAILED
LINK tig00000077 +                      tig00000070 +                     Aalign   7040 Balign   7040 align   7040 ratio 1.441715
TEST tig00000077 +  6006348-6029401     tig00000070 +        0-38938     maxEdit= 10620  (extend B)
     tig00000052 + 18716674-18857980    tig00000068 -        0-141315     0.0002

Processing link between tig 8 --> and tig 37 <--
Processing link with ratio 3.473744 and padding A 12658  b 23605 so a coordinates are 18706 61735 and b is 0 82095 alignlengths 6766 6766  6766
LINK tig00000008 +                      tig00000037 -                     Aalign   6766 Balign   6766 align   6766 ratio 3.473744
TEST tig00000008 +    18706-61735       tig00000037 -        0-82095     maxEdit= 44842  (extend B) - FAILED
LINK tig00000077 +                      tig00000070 +                     Aalign   7040 Balign   7040 align   7040 ratio 1.441715
TEST tig00000077 +  6006848-6029401     tig00000070 +        0-38938     maxEdit= 10620  (extend B) - FAILED
LINK tig00000077 +                      tig00000070 +                     Aalign   7040 Balign   7040 align   7040 ratio 1.441715
TEST tig00000077 +  6007348-6029401     tig00000070 +        0-38938     maxEdit= 10620  (extend B) - FAILED
LINK tig00000077 +                      tig00000070 +                     Aalign   7040 Balign   7040 align   7040 ratio 1.441715
TEST tig00000077 +  6007848-6029401     tig00000070 +        0-38938     maxEdit= 10620  (extend B) - FAILED
LINK tig00000077 +                      tig00000070 +                     Aalign   7040 Balign   7040 align   7040 ratio 1.441715
TEST tig00000077 +  6008348-6029401     tig00000070 +        0-38938     maxEdit= 10620  (extend B)
     tig00000074 +        0-63818       tig00000056 -        0-73067     maxEdit= 21921  (extend A)
     tig00000008 +        0-61735       tig00000037 -        0-30712     maxEdit=  9214  (extend A) - FAILED
LINK tig00000077 +                      tig00000070 +                     Aalign   7040 Balign   7040 align   7040 ratio 1.441715
TEST tig00000077 +  6008848-6029401     tig00000070 +        0-38938     maxEdit= 10620  (extend B) - FAILED
LINK tig00000077 +                      tig00000070 +                     Aalign   7040 Balign   7040 align   7040 ratio 1.441715
TEST tig00000077 +  6009348-6029401     tig00000070 +        0-38938     maxEdit= 10620  (extend B)
     tig00000008 +    31017-61735       tig00000037 -        0-30712     maxEdit=  9214  (final)
     tig00000008 +    31017-61735       tig00000037 -        0-30712      0.0010

Processing link between tig 80 --> and tig 28 <--
Processing link with ratio 4.629407 and padding A 38165  b 4932 so a coordinates are 19510 72353 and b is 0 28325 alignlengths 9746 9746  9746
LINK tig00000080 +                      tig00000028 -                     Aalign   9746 Balign   9746 align   9746 ratio 4.629407
TEST tig00000080 +    19510-72353       tig00000028 -        0-28325     maxEdit= 73390  (extend B)
     tig00000068 +     2122-143439      tig00000024 -        0-141306    maxEdit= 42393  (final)
     tig00000074 +        0-63818       tig00000056 -        0-73067     maxEdit= 21921  (final)
     tig00000080 +        0-72353       tig00000028 -        0-28325     maxEdit=  8498  (extend A)
     tig00000080 +    28121-72353       tig00000028 -        0-28325     maxEdit=  8498  (final)



     tig00000080 +    28121-72353       tig00000028 -        0-28325      0.3616

Processing link between tig 80 --> and tig 29 <--
     tig00000077 +  5990463-6029401     tig00000070 +        0-38318     maxEdit= 11496  (extend A)     tig00000074 +        0-63818       tig00000056 -        0-73067      0.1319

Processing link with ratio 4.629407 and padding A 38165  b 8913 so a coordinates are 9647 72353 and b is 0 47344 alignlengths 15628 15628  15628
Deleting link between 9 and 36 because one was not consensused
  Failed to find alignment.
Deleting link between 9 and 37 because one was not consensused
  Failed to find alignment.
LINK tig00000080 +                      tig00000029 -                     Aalign  15628 Balign  15628 align  15628 ratio 4.629407
TEST tig00000080 +     9647-72353       tig00000029 -        0-47344     maxEdit= 87088  (extend B)     tig00000068 +     2122-143439      tig00000024 -        0-141306     0.0002

Processing link between tig 68 --> and tig 52 <--
Processing link with ratio 1.420883 and padding A 1  b 921 so a coordinates are 42550 143439 and b is 0 157686 alignlengths 99967 99967  99967
LINK tig00000068 +                      tig00000052 -                     Aalign  99967 Balign  99967 align  99967 ratio 1.420883
TEST tig00000068 +    42550-143439      tig00000052 -        0-157686    maxEdit= 43006  (extend B) - FAILED
     tig00000077 +  5990463-6029401     tig00000070 +        0-38318     maxEdit= 11496  (final)
     tig00000077 +  5990463-6029401     tig00000070 +        0-38318      0.3998

Processing link between tig 79 --> and tig 80 -->
Processing link with ratio 4.629407 and padding A 16324  b 2845 so a coordinates are 31822 62381 and b is 0 72353 alignlengths 11390 11390  11390
LINK tig00000079 +                      tig00000080 +                     Aalign  11390 Balign  11390 align  11390 ratio 4.629407
TEST tig00000079 +    31822-62381       tig00000080 +        0-72353     maxEdit= 42442  (extend B)
     tig00000079 +        0-62381       tig00000080 +        0-31241     maxEdit=  9373  (extend A)
     tig00000080 +        0-72353       tig00000029 -        0-47344     maxEdit= 14204  (extend A)
     tig00000079 +    31216-62381       tig00000080 +        0-31241     maxEdit=  9373  (final)
     tig00000079 +    31216-62381       tig00000080 +        0-31241      0.0042

Processing link between tig 79 --> and tig 81 -->
Processing link with ratio 2.847667 and padding A 16324  b 3586 so a coordinates are 31081 62381 and b is 0 81602 alignlengths 11390 11390  11390
LINK tig00000079 +                      tig00000081 +                     Aalign  11390 Balign  11390 align  11390 ratio 2.847667
TEST tig00000079 +    31081-62381       tig00000081 +        0-81602     maxEdit= 26740  (extend B)
     tig00000080 +     9146-72353       tig00000029 -        0-47344     maxEdit= 14204  (final)
     tig00000079 +        0-62381       tig00000081 +        0-32272     maxEdit=  9682  (extend A)
     tig00000079 +    30195-62381       tig00000081 +        0-32272     maxEdit=  9682  (final)
     tig00000080 +     9146-72353       tig00000029 -        0-47344      0.2523

Processing link between tig 80 --> and tig 35 <--
Processing link with ratio 4.629407 and padding A 38165  b 19066 so a coordinates are 0 72353 and b is 0 73767 alignlengths 15628 15628  15628
LINK tig00000080 +                      tig00000035 -                     Aalign  15628 Balign  15628 align  15628 ratio 4.629407
TEST tig00000080 +        0-72353       tig00000035 -        0-73767     maxEdit=101189  (extend B)
     tig00000079 +    30195-62381       tig00000081 +        0-32272      0.0034


     tig00000068 +        0-143439      tig00000052 -        0-141304    maxEdit= 42392  (extend A)
     tig00000080 +        0-72353       tig00000035 -        0-72177     maxEdit= 21654  (extend A)
     tig00000080 +      190-72353       tig00000035 -        0-72177     maxEdit= 21654  (final)
     tig00000080 +      190-72353       tig00000035 -        0-72177      0.0007


     tig00000068 +     2122-143439      tig00000052 -        0-141304    maxEdit= 42392  (final)
     tig00000068 +     2122-143439      tig00000052 -        0-141304     0.0002

Processing link between tig 69 --> and tig 76 -->
Processing link with ratio 1.844824 and padding A 12923  b 23796 so a coordinates are 5987334 6025584 and b is 0 77620 alignlengths 1531 1531  1531
LINK tig00000069 +                      tig00000076 +                     Aalign   1531 Balign   1531 align   1531 ratio 1.844824
TEST tig00000069 +  5987334-6025584     tig00000076 +        0-77620     maxEdit= 21170  (extend B)
     tig00000069 +  5947964-6025584     tig00000076 +        0-55442     maxEdit= 16633  (extend A)
     tig00000069 +  5970218-6025584     tig00000076 +        0-55442     maxEdit= 16633  (final)
     tig00000069 +  5970218-6025584     tig00000076 +        0-55442      0.0126

Processing link between tig 7 --> and tig 10 -->
Processing link with ratio 15.940429 and padding A 29899  b 39317 so a coordinates are 0 57169 and b is 0 194537 alignlengths 1945 1945  1945
LINK tig00000007 +                      tig00000010 +                     Aalign   1945 Balign   1945 align   1945 ratio 15.940429
TEST tig00000007 +        0-57169       tig00000010 +        0-194537    maxEdit=340302  (extend B)
     tig00000007 +        0-57169       tig00000010 +        0-90381     maxEdit= 27115  (extend A) - FAILED
     tig00000007 +        0-57169       tig00000010 +        0-90381     maxEdit= 27115  (final)
     tig00000007 +        0-57169       tig00000010 +        0-90381      0.3693

-- Writing GFA 'assembly/scaffold/published_chr19_combined35x/assembly.uncompressed.gfa'.
-- Cleaning up.
-- Aligned      4 circular tigs, failed      0
-- Aligned    146   linear tigs, failed     22
Bye.
