id,window,forward_repeat_number,reverse_repeat_number,telomeric_repeat
contig-0000002_Start,1000,1,0,TTAGGG
contig-0000003_Start,1000,0,0,TTAGGG
contig-0000004_Start,1000,0,0,TTAGGG
contig-0000005_Start,1000,0,0,TTAGGG
contig-0000006_Start,1000,0,0,TTAGGG
contig-0000007_Start,1000,0,2,TTAGGG
contig-0000008_Start,1000,0,0,TTAGGG
contig-0000009_Start,1000,0,0,TTAGGG
contig-0000010_Start,1000,0,0,TTAGGG
contig-0000011_Start,1000,0,0,TTAGGG
contig-0000012_Start,1000,0,0,TTAGGG
contig-0000013_Start,1000,0,0,TTAGGG
contig-0000014_Start,1000,0,0,TTAGGG
contig-0000015_Start,1000,0,0,TTAGGG
contig-0000016_Start,1000,0,0,TTAGGG
contig-0000017_Start,1000,0,0,TTAGGG
contig-0000018_Start,1000,0,0,TTAGGG
contig-0000019_Start,1000,0,0,TTAGGG
contig-0000020_Start,1000,0,1,TTAGGG
contig-0000021_Start,1000,0,0,TTAGGG
contig-0000022_Start,1000,0,0,TTAGGG
contig-0000023_Start,1000,0,0,TTAGGG
contig-0000024_Start,1000,0,0,TTAGGG
contig-0000025_Start,1000,1,1,TTAGGG
contig-0000026_Start,1000,1,0,TTAGGG
contig-0000027_Start,1000,0,1,TTAGGG
contig-0000028_Start,1000,0,0,TTAGGG
contig-0000029_Start,1000,1,0,TTAGGG
contig-0000030_Start,1000,0,0,TTAGGG
contig-0000031_Start,1000,0,1,TTAGGG
contig-0000032_Start,1000,0,0,TTAGGG
contig-0000033_Start,1000,1,1,TTAGGG
contig-0000034_Start,1000,0,1,TTAGGG
contig-0000035_Start,1000,0,0,TTAGGG
contig-0000036_Start,1000,1,0,TTAGGG
contig-0000037_Start,1000,1,0,TTAGGG
contig-0000038_Start,1000,0,0,TTAGGG
contig-0000039_Start,1000,0,0,TTAGGG
contig-0000042_Start,1000,0,0,TTAGGG
contig-0000043_Start,1000,0,0,TTAGGG
contig-0000044_Start,1000,0,0,TTAGGG
contig-0000045_Start,1000,0,0,TTAGGG
contig-0000046_Start,1000,1,0,TTAGGG
contig-0000047_Start,1000,0,0,TTAGGG
contig-0000048_Start,1000,0,0,TTAGGG
contig-0000049_Start,1000,0,0,TTAGGG
contig-0000050_Start,1000,0,0,TTAGGG
contig-0000051_Start,1000,0,0,TTAGGG
contig-0000052_Start,1000,0,0,TTAGGG
contig-0000053_Start,1000,0,0,TTAGGG
contig-0000054_Start,1000,1,0,TTAGGG
contig-0000055_Start,1000,0,0,TTAGGG
contig-0000056_Start,1000,0,0,TTAGGG
contig-0000058_Start,1000,1,0,TTAGGG
contig-0000059_Start,1000,0,0,TTAGGG
contig-0000060_Start,1000,0,0,TTAGGG
contig-0000061_Start,1000,0,0,TTAGGG
contig-0000062_Start,1000,0,0,TTAGGG
contig-0000063_Start,1000,1,1,TTAGGG
contig-0000064_Start,1000,0,0,TTAGGG
contig-0000065_Start,1000,0,0,TTAGGG
contig-0000066_Start,1000,2,0,TTAGGG
contig-0000067_Start,1000,1,0,TTAGGG
contig-0000068_Start,1000,0,0,TTAGGG
contig-0000069_Start,1000,0,0,TTAGGG
contig-0000070_Start,1000,0,1,TTAGGG
contig-0000071_Start,1000,0,0,TTAGGG
contig-0000072_Start,1000,0,0,TTAGGG
contig-0000073_Start,1000,0,0,TTAGGG
contig-0000074_Start,1000,0,0,TTAGGG
contig-0000075_Start,1000,0,1,TTAGGG
contig-0000076_Start,1000,1,0,TTAGGG
contig-0000077_Start,1000,0,0,TTAGGG
contig-0000078_Start,1000,0,0,TTAGGG
contig-0000079_Start,1000,0,0,TTAGGG
contig-0000080_Start,1000,0,1,TTAGGG
contig-0000081_Start,1000,0,0,TTAGGG
contig-0000082_Start,1000,0,1,TTAGGG
contig-0000083_Start,1000,0,0,TTAGGG
contig-0000085_Start,1000,0,0,TTAGGG
contig-0000086_Start,1000,0,0,TTAGGG
contig-0000087_Start,1000,0,0,TTAGGG
contig-0000088_Start,1000,0,0,TTAGGG
contig-0000089_Start,1000,0,0,TTAGGG
contig-0000090_Start,1000,0,0,TTAGGG
contig-0000091_Start,1000,0,0,TTAGGG
contig-0000092_Start,1000,2,0,TTAGGG
contig-0000093_Start,1000,0,0,TTAGGG
contig-0000094_Start,1000,0,0,TTAGGG
contig-0000095_Start,1000,0,0,TTAGGG
contig-0000096_Start,1000,0,0,TTAGGG
contig-0000097_Start,1000,1,1,TTAGGG
contig-0000098_Start,1000,0,0,TTAGGG
contig-0000099_Start,1000,0,0,TTAGGG
contig-0000100_Start,1000,0,1,TTAGGG
contig-0000101_Start,1000,1,0,TTAGGG
contig-0000102_Start,1000,1,0,TTAGGG
contig-0000103_Start,1000,1,0,TTAGGG
contig-0000105_Start,1000,0,0,TTAGGG
contig-0000106_Start,1000,0,1,TTAGGG
contig-0000107_Start,1000,0,0,TTAGGG
contig-0000108_Start,1000,0,0,TTAGGG
contig-0000109_Start,1000,1,0,TTAGGG
contig-0000110_Start,1000,0,0,TTAGGG
contig-0000111_Start,1000,1,0,TTAGGG
contig-0000112_Start,1000,0,0,TTAGGG
contig-0000113_Start,1000,0,1,TTAGGG
contig-0000115_Start,1000,2,0,TTAGGG
contig-0000116_Start,1000,0,0,TTAGGG
contig-0000117_Start,1000,0,1,TTAGGG
contig-0000118_Start,1000,0,0,TTAGGG
contig-0000119_Start,1000,0,0,TTAGGG
contig-0000120_Start,1000,2,1,TTAGGG
contig-0000121_Start,1000,0,0,TTAGGG
contig-0000122_Start,1000,0,0,TTAGGG
contig-0000123_Start,1000,0,0,TTAGGG
contig-0000124_Start,1000,1,0,TTAGGG
contig-0000125_Start,1000,0,0,TTAGGG
contig-0000126_Start,1000,0,0,TTAGGG
contig-0000128_Start,1000,0,1,TTAGGG
contig-0000129_Start,1000,0,0,TTAGGG
contig-0000130_Start,1000,1,0,TTAGGG
contig-0000131_Start,1000,0,0,TTAGGG
contig-0000132_Start,1000,0,0,TTAGGG
contig-0000133_Start,1000,0,2,TTAGGG
contig-0000134_Start,1000,0,0,TTAGGG
contig-0000135_Start,1000,0,0,TTAGGG
contig-0000136_Start,1000,0,1,TTAGGG
contig-0000137_Start,1000,0,0,TTAGGG
contig-0000138_Start,1000,0,0,TTAGGG
contig-0000140_Start,1000,0,0,TTAGGG
contig-0000141_Start,1000,0,0,TTAGGG
contig-0000142_Start,1000,0,2,TTAGGG
contig-0000143_Start,1000,0,0,TTAGGG
contig-0000144_Start,1000,0,0,TTAGGG
contig-0000145_Start,1000,0,0,TTAGGG
contig-0000146_Start,1000,0,0,TTAGGG
contig-0000147_Start,1000,1,0,TTAGGG
contig-0000148_Start,1000,0,1,TTAGGG
contig-0000149_Start,1000,1,0,TTAGGG
contig-0000150_Start,1000,1,0,TTAGGG
contig-0000151_Start,1000,0,2,TTAGGG
contig-0000152_Start,1000,1,0,TTAGGG
contig-0000153_Start,1000,0,134,TTAGGG
contig-0000154_Start,1000,1,0,TTAGGG
contig-0000155_Start,1000,0,0,TTAGGG
contig-0000156_Start,1000,0,0,TTAGGG
contig-0000158_Start,1000,1,0,TTAGGG
contig-0000159_Start,1000,0,0,TTAGGG
contig-0000160_Start,1000,0,0,TTAGGG
contig-0000161_Start,1000,0,0,TTAGGG
contig-0000162_Start,1000,0,0,TTAGGG
contig-0000163_Start,1000,0,0,TTAGGG
contig-0000164_Start,1000,1,0,TTAGGG
contig-0000165_Start,1000,0,0,TTAGGG
contig-0000166_Start,1000,0,0,TTAGGG
contig-0000167_Start,1000,0,0,TTAGGG
contig-0000168_Start,1000,0,0,TTAGGG
contig-0000169_Start,1000,1,0,TTAGGG
contig-0000170_Start,1000,0,0,TTAGGG
contig-0000171_Start,1000,1,0,TTAGGG
contig-0000172_Start,1000,0,0,TTAGGG
contig-0000173_Start,1000,0,0,TTAGGG
contig-0000174_Start,1000,0,4,TTAGGG
contig-0000175_Start,1000,1,0,TTAGGG
contig-0000176_Start,1000,0,0,TTAGGG
contig-0000177_Start,1000,1,0,TTAGGG
contig-0000178_Start,1000,0,0,TTAGGG
contig-0000179_Start,1000,0,0,TTAGGG
contig-0000180_Start,1000,0,0,TTAGGG
contig-0000181_Start,1000,1,0,TTAGGG
contig-0000182_Start,1000,0,0,TTAGGG
contig-0000183_Start,1000,0,0,TTAGGG
contig-0000184_Start,1000,0,0,TTAGGG
contig-0000185_Start,1000,0,0,TTAGGG
contig-0000186_Start,1000,0,0,TTAGGG
contig-0000187_Start,1000,0,0,TTAGGG
contig-0000188_Start,1000,0,0,TTAGGG
contig-0000189_Start,1000,0,0,TTAGGG
contig-0000190_Start,1000,0,0,TTAGGG
contig-0000191_Start,1000,0,0,TTAGGG
contig-0000192_Start,1000,0,1,TTAGGG
contig-0000193_Start,1000,0,0,TTAGGG
contig-0000195_Start,1000,0,0,TTAGGG
contig-0000196_Start,1000,0,0,TTAGGG
contig-0000197_Start,1000,0,0,TTAGGG
contig-0000199_Start,1000,0,0,TTAGGG
contig-0000200_Start,1000,0,0,TTAGGG
contig-0000201_Start,1000,1,0,TTAGGG
contig-0000202_Start,1000,0,0,TTAGGG
contig-0000203_Start,1000,0,0,TTAGGG
contig-0000204_Start,1000,0,1,TTAGGG
contig-0000205_Start,1000,0,0,TTAGGG
contig-0000206_Start,1000,1,0,TTAGGG
contig-0000207_Start,1000,0,0,TTAGGG
contig-0000208_Start,1000,0,0,TTAGGG
contig-0000209_Start,1000,0,0,TTAGGG
contig-0000210_Start,1000,0,0,TTAGGG
contig-0000211_Start,1000,0,0,TTAGGG
contig-0000212_Start,1000,0,0,TTAGGG
contig-0000213_Start,1000,1,0,TTAGGG
contig-0000214_Start,1000,0,0,TTAGGG
contig-0000215_Start,1000,0,0,TTAGGG
contig-0000216_Start,1000,0,0,TTAGGG
contig-0000218_Start,1000,0,0,TTAGGG
contig-0000219_Start,1000,0,0,TTAGGG
contig-0000220_Start,1000,0,0,TTAGGG
contig-0000221_Start,1000,0,0,TTAGGG
contig-0000222_Start,1000,0,0,TTAGGG
contig-0000223_Start,1000,0,0,TTAGGG
contig-0000224_Start,1000,1,0,TTAGGG
contig-0000225_Start,1000,2,0,TTAGGG
contig-0000226_Start,1000,0,0,TTAGGG
contig-0000227_Start,1000,0,0,TTAGGG
contig-0000228_Start,1000,0,0,TTAGGG
contig-0000229_Start,1000,0,2,TTAGGG
contig-0000230_Start,1000,0,1,TTAGGG
contig-0000231_Start,1000,0,0,TTAGGG
contig-0000232_Start,1000,2,0,TTAGGG
contig-0000233_Start,1000,0,0,TTAGGG
contig-0000234_Start,1000,0,0,TTAGGG
contig-0000235_Start,1000,0,0,TTAGGG
contig-0000236_Start,1000,0,0,TTAGGG
contig-0000237_Start,1000,0,0,TTAGGG
contig-0000238_Start,1000,0,0,TTAGGG
contig-0000239_Start,1000,0,1,TTAGGG
contig-0000240_Start,1000,1,0,TTAGGG
contig-0000241_Start,1000,0,0,TTAGGG
contig-0000242_Start,1000,1,0,TTAGGG
contig-0000243_Start,1000,1,1,TTAGGG
contig-0000244_Start,1000,0,0,TTAGGG
contig-0000245_Start,1000,1,1,TTAGGG
contig-0000246_Start,1000,0,1,TTAGGG
contig-0000247_Start,1000,0,0,TTAGGG
contig-0000248_Start,1000,0,0,TTAGGG
contig-0000249_Start,1000,0,1,TTAGGG
contig-0000250_Start,1000,0,0,TTAGGG
contig-0000251_Start,1000,0,0,TTAGGG
contig-0000252_Start,1000,0,0,TTAGGG
contig-0000253_Start,1000,0,0,TTAGGG
contig-0000254_Start,1000,0,0,TTAGGG
contig-0000255_Start,1000,0,0,TTAGGG
contig-0000256_Start,1000,0,0,TTAGGG
contig-0000258_Start,1000,0,0,TTAGGG
contig-0000259_Start,1000,0,0,TTAGGG
contig-0000260_Start,1000,0,0,TTAGGG
contig-0000261_Start,1000,0,0,TTAGGG
contig-0000262_Start,1000,0,0,TTAGGG
contig-0000263_Start,1000,0,0,TTAGGG
contig-0000264_Start,1000,0,0,TTAGGG
contig-0000265_Start,1000,0,0,TTAGGG
contig-0000266_Start,1000,0,0,TTAGGG
contig-0000267_Start,1000,0,0,TTAGGG
contig-0000268_Start,1000,0,0,TTAGGG
contig-0000269_Start,1000,0,0,TTAGGG
contig-0000270_Start,1000,0,0,TTAGGG
contig-0000271_Start,1000,0,1,TTAGGG
contig-0000272_Start,1000,0,0,TTAGGG
contig-0000273_Start,1000,0,0,TTAGGG
contig-0000274_Start,1000,0,1,TTAGGG
contig-0000275_Start,1000,0,0,TTAGGG
contig-0000276_Start,1000,0,0,TTAGGG
contig-0000277_Start,1000,0,0,TTAGGG
contig-0000278_Start,1000,0,0,TTAGGG
contig-0000279_Start,1000,0,0,TTAGGG
contig-0000280_Start,1000,0,0,TTAGGG
contig-0000281_Start,1000,1,0,TTAGGG
contig-0000282_Start,1000,0,0,TTAGGG
contig-0000283_Start,1000,0,0,TTAGGG
contig-0000285_Start,1000,0,0,TTAGGG
contig-0000286_Start,1000,0,0,TTAGGG
contig-0000287_Start,1000,0,0,TTAGGG
contig-0000288_Start,1000,0,0,TTAGGG
contig-0000289_Start,1000,0,0,TTAGGG
contig-0000290_Start,1000,0,0,TTAGGG
contig-0000291_Start,1000,0,0,TTAGGG
contig-0000292_Start,1000,0,0,TTAGGG
contig-0000293_Start,1000,0,0,TTAGGG
contig-0000294_Start,1000,0,0,TTAGGG
contig-0000295_Start,1000,0,0,TTAGGG
contig-0000296_Start,1000,0,1,TTAGGG
contig-0000297_Start,1000,0,0,TTAGGG
contig-0000298_Start,1000,0,0,TTAGGG
contig-0000299_Start,1000,2,0,TTAGGG
contig-0000300_Start,1000,1,0,TTAGGG
contig-0000301_Start,1000,0,0,TTAGGG
contig-0000302_Start,1000,0,0,TTAGGG
contig-0000303_Start,1000,0,0,TTAGGG
contig-0000305_Start,1000,0,0,TTAGGG
contig-0000306_Start,1000,0,0,TTAGGG
contig-0000307_Start,1000,1,0,TTAGGG
contig-0000309_Start,1000,0,0,TTAGGG
contig-0000310_Start,1000,0,0,TTAGGG
contig-0000311_Start,1000,0,1,TTAGGG
contig-0000312_Start,1000,0,0,TTAGGG
contig-0000313_Start,1000,0,0,TTAGGG
contig-0000314_Start,1000,0,0,TTAGGG
contig-0000315_Start,1000,0,0,TTAGGG
contig-0000316_Start,1000,0,0,TTAGGG
contig-0000317_Start,1000,0,0,TTAGGG
contig-0000319_Start,1000,0,0,TTAGGG
contig-0000320_Start,1000,0,0,TTAGGG
contig-0000321_Start,1000,0,0,TTAGGG
contig-0000322_Start,1000,1,0,TTAGGG
contig-0000323_Start,1000,0,0,TTAGGG
contig-0000324_Start,1000,0,0,TTAGGG
contig-0000325_Start,1000,0,0,TTAGGG
contig-0000326_Start,1000,0,0,TTAGGG
contig-0000327_Start,1000,1,0,TTAGGG
contig-0000328_Start,1000,0,0,TTAGGG
contig-0000329_Start,1000,0,0,TTAGGG
contig-0000330_Start,1000,1,0,TTAGGG
contig-0000331_Start,1000,0,0,TTAGGG
contig-0000332_Start,1000,0,0,TTAGGG
contig-0000333_Start,1000,0,0,TTAGGG
contig-0000334_Start,1000,0,0,TTAGGG
contig-0000335_Start,1000,0,0,TTAGGG
contig-0000336_Start,1000,0,0,TTAGGG
contig-0000337_Start,1000,0,0,TTAGGG
contig-0000339_Start,1000,0,1,TTAGGG
contig-0000340_Start,1000,1,0,TTAGGG
contig-0000341_Start,1000,0,0,TTAGGG
contig-0000343_Start,1000,0,0,TTAGGG
contig-0000344_Start,1000,0,0,TTAGGG
contig-0000345_Start,1000,0,0,TTAGGG
contig-0000346_Start,1000,0,0,TTAGGG
contig-0000347_Start,1000,0,0,TTAGGG
contig-0000348_Start,1000,0,0,TTAGGG
contig-0000349_Start,1000,1,1,TTAGGG
contig-0000350_Start,1000,0,0,TTAGGG
contig-0000351_Start,1000,0,0,TTAGGG
contig-0000352_Start,1000,0,1,TTAGGG
contig-0000353_Start,1000,0,0,TTAGGG
contig-0000354_Start,1000,0,0,TTAGGG
contig-0000355_Start,1000,0,0,TTAGGG
contig-0000356_Start,1000,0,0,TTAGGG
contig-0000357_Start,1000,0,1,TTAGGG
contig-0000358_Start,1000,0,0,TTAGGG
contig-0000359_Start,1000,0,0,TTAGGG
contig-0000360_Start,1000,0,1,TTAGGG
contig-0000361_Start,1000,0,0,TTAGGG
contig-0000362_Start,1000,0,1,TTAGGG
contig-0000363_Start,1000,0,1,TTAGGG
contig-0000364_Start,1000,1,2,TTAGGG
contig-0000365_Start,1000,0,1,TTAGGG
contig-0000366_Start,1000,0,0,TTAGGG
contig-0000367_Start,1000,0,0,TTAGGG
contig-0000368_Start,1000,0,0,TTAGGG
contig-0000369_Start,1000,0,0,TTAGGG
contig-0000370_Start,1000,2,0,TTAGGG
contig-0000371_Start,1000,0,0,TTAGGG
contig-0000372_Start,1000,0,0,TTAGGG
contig-0000373_Start,1000,0,0,TTAGGG
contig-0000374_Start,1000,0,0,TTAGGG
contig-0000375_Start,1000,0,0,TTAGGG
contig-0000376_Start,1000,0,0,TTAGGG
contig-0000377_Start,1000,0,0,TTAGGG
contig-0000378_Start,1000,0,0,TTAGGG
contig-0000379_Start,1000,0,0,TTAGGG
contig-0000380_Start,1000,0,0,TTAGGG
contig-0000381_Start,1000,0,0,TTAGGG
contig-0000382_Start,1000,0,0,TTAGGG
contig-0000383_Start,1000,0,0,TTAGGG
contig-0000384_Start,1000,0,0,TTAGGG
contig-0000385_Start,1000,0,0,TTAGGG
contig-0000387_Start,1000,0,0,TTAGGG
contig-0000388_Start,1000,0,0,TTAGGG
contig-0000389_Start,1000,0,0,TTAGGG
contig-0000390_Start,1000,0,0,TTAGGG
contig-0000391_Start,1000,0,0,TTAGGG
contig-0000392_Start,1000,0,0,TTAGGG
contig-0000393_Start,1000,0,0,TTAGGG
contig-0000394_Start,1000,0,0,TTAGGG
contig-0000395_Start,1000,0,0,TTAGGG
contig-0000396_Start,1000,0,0,TTAGGG
contig-0000397_Start,1000,0,0,TTAGGG
contig-0000398_Start,1000,0,0,TTAGGG
contig-0000399_Start,1000,0,0,TTAGGG
contig-0000400_Start,1000,0,1,TTAGGG
contig-0000401_Start,1000,0,0,TTAGGG
contig-0000402_Start,1000,0,2,TTAGGG
contig-0000403_Start,1000,0,0,TTAGGG
contig-0000406_Start,1000,1,1,TTAGGG
contig-0000407_Start,1000,0,0,TTAGGG
contig-0000409_Start,1000,0,0,TTAGGG
contig-0000410_Start,1000,0,1,TTAGGG
contig-0000413_Start,1000,0,0,TTAGGG
contig-0000414_Start,1000,1,0,TTAGGG
contig-0000415_Start,1000,0,2,TTAGGG
contig-0000416_Start,1000,0,0,TTAGGG
contig-0000417_Start,1000,0,0,TTAGGG
contig-0000418_Start,1000,0,0,TTAGGG
contig-0000419_Start,1000,0,0,TTAGGG
contig-0000420_Start,1000,0,0,TTAGGG
contig-0000421_Start,1000,0,0,TTAGGG
contig-0000422_Start,1000,0,0,TTAGGG
contig-0000423_Start,1000,0,1,TTAGGG
contig-0000424_Start,1000,0,0,TTAGGG
contig-0000425_Start,1000,0,2,TTAGGG
contig-0000429_Start,1000,0,0,TTAGGG
contig-0000430_Start,1000,0,0,TTAGGG
contig-0000431_Start,1000,2,0,TTAGGG
contig-0000433_Start,1000,0,0,TTAGGG
contig-0000434_Start,1000,0,0,TTAGGG
contig-0000435_Start,1000,0,1,TTAGGG
contig-0000436_Start,1000,0,0,TTAGGG
contig-0000437_Start,1000,0,0,TTAGGG
contig-0000438_Start,1000,0,0,TTAGGG
contig-0000439_Start,1000,0,0,TTAGGG
contig-0000440_Start,1000,0,0,TTAGGG
contig-0000441_Start,1000,1,0,TTAGGG
contig-0000442_Start,1000,0,0,TTAGGG
contig-0000443_Start,1000,0,0,TTAGGG
contig-0000444_Start,1000,0,0,TTAGGG
contig-0000445_Start,1000,0,0,TTAGGG
contig-0000446_Start,1000,0,0,TTAGGG
contig-0000447_Start,1000,0,0,TTAGGG
contig-0000449_Start,1000,0,0,TTAGGG
contig-0000450_Start,1000,0,0,TTAGGG
contig-0000451_Start,1000,0,2,TTAGGG
contig-0000452_Start,1000,0,0,TTAGGG
contig-0000454_Start,1000,0,0,TTAGGG
contig-0000455_Start,1000,0,0,TTAGGG
contig-0000457_Start,1000,0,0,TTAGGG
contig-0000459_Start,1000,0,0,TTAGGG
contig-0000460_Start,1000,0,1,TTAGGG
contig-0000461_Start,1000,1,1,TTAGGG
contig-0000462_Start,1000,0,1,TTAGGG
contig-0000463_Start,1000,0,0,TTAGGG
contig-0000464_Start,1000,0,0,TTAGGG
contig-0000465_Start,1000,0,0,TTAGGG
contig-0000466_Start,1000,0,0,TTAGGG
contig-0000467_Start,1000,0,0,TTAGGG
contig-0000469_Start,1000,0,0,TTAGGG
contig-0000470_Start,1000,2,0,TTAGGG
contig-0000471_Start,1000,0,0,TTAGGG
contig-0000472_Start,1000,0,0,TTAGGG
contig-0000473_Start,1000,1,0,TTAGGG
contig-0000474_Start,1000,0,0,TTAGGG
contig-0000475_Start,1000,0,0,TTAGGG
contig-0000476_Start,1000,0,0,TTAGGG
contig-0000477_Start,1000,0,0,TTAGGG
contig-0000478_Start,1000,0,0,TTAGGG
contig-0000479_Start,1000,0,0,TTAGGG
contig-0000480_Start,1000,0,0,TTAGGG
contig-0000481_Start,1000,0,0,TTAGGG
contig-0000482_Start,1000,0,0,TTAGGG
contig-0000483_Start,1000,0,0,TTAGGG
contig-0000484_Start,1000,0,1,TTAGGG
contig-0000485_Start,1000,0,0,TTAGGG
contig-0000486_Start,1000,0,1,TTAGGG
contig-0000487_Start,1000,0,0,TTAGGG
contig-0000488_Start,1000,0,0,TTAGGG
contig-0000491_Start,1000,0,0,TTAGGG
contig-0000492_Start,1000,0,0,TTAGGG
contig-0000493_Start,1000,1,0,TTAGGG
contig-0000494_Start,1000,0,0,TTAGGG
contig-0000495_Start,1000,0,0,TTAGGG
contig-0000496_Start,1000,0,0,TTAGGG
contig-0000497_Start,1000,0,0,TTAGGG
contig-0000498_Start,1000,1,0,TTAGGG
contig-0000499_Start,1000,0,0,TTAGGG
contig-0000501_Start,1000,0,0,TTAGGG
contig-0000503_Start,1000,1,0,TTAGGG
contig-0000504_Start,1000,0,0,TTAGGG
contig-0000505_Start,1000,0,0,TTAGGG
contig-0000506_Start,1000,0,1,TTAGGG
contig-0000507_Start,1000,0,0,TTAGGG
contig-0000508_Start,1000,0,0,TTAGGG
contig-0000509_Start,1000,0,0,TTAGGG
contig-0000510_Start,1000,0,0,TTAGGG
contig-0000511_Start,1000,0,0,TTAGGG
contig-0000512_Start,1000,0,0,TTAGGG
contig-0000513_Start,1000,0,2,TTAGGG
contig-0000514_Start,1000,0,0,TTAGGG
contig-0000515_Start,1000,1,0,TTAGGG
contig-0000516_Start,1000,1,0,TTAGGG
contig-0000517_Start,1000,0,0,TTAGGG
contig-0000518_Start,1000,0,0,TTAGGG
contig-0000519_Start,1000,0,0,TTAGGG
contig-0000520_Start,1000,0,0,TTAGGG
contig-0000521_Start,1000,1,0,TTAGGG
contig-0000522_Start,1000,0,0,TTAGGG
contig-0000523_Start,1000,0,1,TTAGGG
contig-0000524_Start,1000,0,0,TTAGGG
contig-0000525_Start,1000,1,0,TTAGGG
contig-0000526_Start,1000,2,0,TTAGGG
contig-0000527_Start,1000,0,0,TTAGGG
contig-0000528_Start,1000,0,0,TTAGGG
contig-0000529_Start,1000,0,0,TTAGGG
contig-0000530_Start,1000,1,0,TTAGGG
contig-0000531_Start,1000,0,0,TTAGGG
contig-0000532_Start,1000,0,0,TTAGGG
contig-0000533_Start,1000,0,0,TTAGGG
contig-0000534_Start,1000,0,0,TTAGGG
contig-0000536_Start,1000,1,0,TTAGGG
contig-0000537_Start,1000,1,0,TTAGGG
contig-0000538_Start,1000,0,0,TTAGGG
contig-0000539_Start,1000,0,0,TTAGGG
contig-0000540_Start,1000,0,0,TTAGGG
contig-0000541_Start,1000,0,2,TTAGGG
contig-0000542_Start,1000,0,0,TTAGGG
contig-0000543_Start,1000,0,0,TTAGGG
contig-0000544_Start,1000,0,0,TTAGGG
contig-0000545_Start,1000,0,0,TTAGGG
contig-0000546_Start,1000,1,0,TTAGGG
contig-0000547_Start,1000,0,0,TTAGGG
contig-0000548_Start,1000,0,0,TTAGGG
contig-0000549_Start,1000,0,0,TTAGGG
contig-0000550_Start,1000,1,1,TTAGGG
contig-0000552_Start,1000,0,0,TTAGGG
contig-0000554_Start,1000,0,0,TTAGGG
contig-0000555_Start,1000,0,0,TTAGGG
contig-0000556_Start,1000,0,0,TTAGGG
contig-0000558_Start,1000,0,0,TTAGGG
contig-0000559_Start,1000,0,0,TTAGGG
contig-0000560_Start,1000,0,0,TTAGGG
contig-0000561_Start,1000,0,0,TTAGGG
contig-0000562_Start,1000,1,0,TTAGGG
contig-0000563_Start,1000,0,0,TTAGGG
contig-0000564_Start,1000,0,0,TTAGGG
contig-0000565_Start,1000,0,0,TTAGGG
contig-0000566_Start,1000,0,0,TTAGGG
contig-0000567_Start,1000,0,0,TTAGGG
contig-0000568_Start,1000,0,1,TTAGGG
contig-0000570_Start,1000,0,0,TTAGGG
contig-0000571_Start,1000,1,0,TTAGGG
contig-0000572_Start,1000,0,0,TTAGGG
contig-0000573_Start,1000,0,0,TTAGGG
contig-0000574_Start,1000,0,0,TTAGGG
contig-0000575_Start,1000,0,0,TTAGGG
contig-0000576_Start,1000,0,0,TTAGGG
contig-0000578_Start,1000,0,0,TTAGGG
contig-0000579_Start,1000,0,0,TTAGGG
contig-0000580_Start,1000,0,0,TTAGGG
contig-0000582_Start,1000,0,0,TTAGGG
contig-0000583_Start,1000,0,1,TTAGGG
contig-0000584_Start,1000,0,0,TTAGGG
contig-0000585_Start,1000,0,1,TTAGGG
contig-0000586_Start,1000,0,0,TTAGGG
contig-0000587_Start,1000,0,0,TTAGGG
contig-0000588_Start,1000,0,0,TTAGGG
contig-0000589_Start,1000,0,0,TTAGGG
contig-0000590_Start,1000,0,0,TTAGGG
contig-0000591_Start,1000,0,0,TTAGGG
contig-0000592_Start,1000,0,0,TTAGGG
contig-0000594_Start,1000,0,0,TTAGGG
contig-0000595_Start,1000,0,0,TTAGGG
contig-0000597_Start,1000,0,0,TTAGGG
contig-0000598_Start,1000,0,0,TTAGGG
contig-0000599_Start,1000,0,0,TTAGGG
contig-0000600_Start,1000,0,0,TTAGGG
contig-0000601_Start,1000,0,0,TTAGGG
contig-0000602_Start,1000,0,0,TTAGGG
contig-0000603_Start,1000,0,0,TTAGGG
contig-0000604_Start,1000,0,2,TTAGGG
contig-0000605_Start,1000,0,0,TTAGGG
contig-0000606_Start,1000,0,0,TTAGGG
contig-0000607_Start,1000,0,0,TTAGGG
contig-0000608_Start,1000,0,0,TTAGGG
contig-0000610_Start,1000,0,0,TTAGGG
contig-0000611_Start,1000,1,0,TTAGGG
contig-0000612_Start,1000,1,0,TTAGGG
contig-0000613_Start,1000,0,0,TTAGGG
contig-0000614_Start,1000,0,0,TTAGGG
contig-0000615_Start,1000,0,0,TTAGGG
contig-0000616_Start,1000,0,0,TTAGGG
contig-0000617_Start,1000,0,0,TTAGGG
contig-0000618_Start,1000,0,0,TTAGGG
contig-0000619_Start,1000,0,0,TTAGGG
contig-0000620_Start,1000,0,0,TTAGGG
contig-0000621_Start,1000,0,0,TTAGGG
contig-0000622_Start,1000,0,0,TTAGGG
contig-0000623_Start,1000,0,0,TTAGGG
contig-0000624_Start,1000,0,0,TTAGGG
contig-0000626_Start,1000,1,1,TTAGGG
contig-0000627_Start,1000,0,0,TTAGGG
contig-0000628_Start,1000,1,0,TTAGGG
contig-0000629_Start,1000,0,0,TTAGGG
contig-0000630_Start,1000,1,0,TTAGGG
contig-0000631_Start,1000,0,0,TTAGGG
contig-0000632_Start,1000,0,0,TTAGGG
contig-0000633_Start,1000,1,0,TTAGGG
contig-0000634_Start,1000,0,0,TTAGGG
contig-0000635_Start,1000,0,0,TTAGGG
contig-0000636_Start,1000,0,0,TTAGGG
contig-0000637_Start,1000,0,0,TTAGGG
contig-0000638_Start,1000,0,0,TTAGGG
contig-0000639_Start,1000,0,1,TTAGGG
contig-0000640_Start,1000,0,0,TTAGGG
contig-0000641_Start,1000,0,0,TTAGGG
contig-0000642_Start,1000,0,0,TTAGGG
contig-0000643_Start,1000,0,1,TTAGGG
contig-0000644_Start,1000,0,0,TTAGGG
contig-0000645_Start,1000,0,0,TTAGGG
contig-0000646_Start,1000,1,1,TTAGGG
contig-0000647_Start,1000,0,0,TTAGGG
contig-0000648_Start,1000,0,0,TTAGGG
contig-0000649_Start,1000,0,0,TTAGGG
contig-0000650_Start,1000,0,0,TTAGGG
contig-0000651_Start,1000,0,0,TTAGGG
contig-0000652_Start,1000,0,0,TTAGGG
contig-0000653_Start,1000,1,0,TTAGGG
contig-0000654_Start,1000,0,0,TTAGGG
contig-0000655_Start,1000,0,0,TTAGGG
contig-0000656_Start,1000,0,0,TTAGGG
contig-0000657_Start,1000,0,0,TTAGGG
contig-0000658_Start,1000,0,0,TTAGGG
contig-0000659_Start,1000,0,0,TTAGGG
contig-0000660_Start,1000,0,1,TTAGGG
contig-0000661_Start,1000,0,0,TTAGGG
contig-0000662_Start,1000,0,0,TTAGGG
contig-0000663_Start,1000,0,1,TTAGGG
contig-0000664_Start,1000,0,0,TTAGGG
contig-0000665_Start,1000,0,0,TTAGGG
contig-0000666_Start,1000,0,0,TTAGGG
contig-0000667_Start,1000,0,0,TTAGGG
contig-0000668_Start,1000,0,1,TTAGGG
contig-0000669_Start,1000,0,0,TTAGGG
contig-0000670_Start,1000,0,0,TTAGGG
contig-0000671_Start,1000,0,1,TTAGGG
contig-0000672_Start,1000,0,0,TTAGGG
contig-0000673_Start,1000,0,0,TTAGGG
contig-0000674_Start,1000,1,0,TTAGGG
contig-0000675_Start,1000,1,0,TTAGGG
contig-0000676_Start,1000,0,0,TTAGGG
contig-0000677_Start,1000,0,1,TTAGGG
contig-0000678_Start,1000,0,0,TTAGGG
contig-0000679_Start,1000,0,0,TTAGGG
contig-0000680_Start,1000,0,0,TTAGGG
contig-0000681_Start,1000,0,0,TTAGGG
contig-0000682_Start,1000,0,0,TTAGGG
contig-0000683_Start,1000,0,0,TTAGGG
contig-0000684_Start,1000,1,0,TTAGGG
contig-0000685_Start,1000,0,1,TTAGGG
contig-0000686_Start,1000,1,0,TTAGGG
contig-0000687_Start,1000,0,0,TTAGGG
contig-0000688_Start,1000,0,0,TTAGGG
contig-0000689_Start,1000,0,0,TTAGGG
contig-0000690_Start,1000,0,0,TTAGGG
contig-0000691_Start,1000,1,0,TTAGGG
contig-0000692_Start,1000,0,0,TTAGGG
contig-0000693_Start,1000,0,0,TTAGGG
contig-0000694_Start,1000,0,0,TTAGGG
contig-0000695_Start,1000,0,0,TTAGGG
contig-0000696_Start,1000,0,164,TTAGGG
contig-0000697_Start,1000,0,0,TTAGGG
contig-0000698_Start,1000,0,0,TTAGGG
contig-0000699_Start,1000,0,0,TTAGGG
contig-0000700_Start,1000,0,0,TTAGGG
contig-0000701_Start,1000,1,0,TTAGGG
contig-0000702_Start,1000,0,0,TTAGGG
contig-0000703_Start,1000,0,0,TTAGGG
contig-0000704_Start,1000,0,0,TTAGGG
contig-0000705_Start,1000,0,0,TTAGGG
contig-0000706_Start,1000,0,0,TTAGGG
contig-0000707_Start,1000,0,0,TTAGGG
contig-0000708_Start,1000,0,0,TTAGGG
contig-0000709_Start,1000,1,0,TTAGGG
contig-0000710_Start,1000,0,0,TTAGGG
contig-0000711_Start,1000,0,0,TTAGGG
contig-0000712_Start,1000,0,0,TTAGGG
contig-0000713_Start,1000,0,0,TTAGGG
contig-0000714_Start,1000,1,1,TTAGGG
contig-0000715_Start,1000,0,0,TTAGGG
contig-0000716_Start,1000,0,0,TTAGGG
contig-0000717_Start,1000,0,0,TTAGGG
contig-0000718_Start,1000,0,0,TTAGGG
contig-0000719_Start,1000,1,0,TTAGGG
contig-0000720_Start,1000,1,0,TTAGGG
contig-0000721_Start,1000,0,1,TTAGGG
contig-0000722_Start,1000,0,1,TTAGGG
contig-0000723_Start,1000,1,0,TTAGGG
contig-0000724_Start,1000,0,0,TTAGGG
contig-0000725_Start,1000,1,0,TTAGGG
contig-0000726_Start,1000,0,0,TTAGGG
contig-0000727_Start,1000,0,0,TTAGGG
contig-0000728_Start,1000,0,1,TTAGGG
contig-0000729_Start,1000,0,0,TTAGGG
contig-0000730_Start,1000,0,0,TTAGGG
contig-0000731_Start,1000,0,0,TTAGGG
contig-0000732_Start,1000,0,0,TTAGGG
contig-0000733_Start,1000,0,0,TTAGGG
contig-0000734_Start,1000,0,0,TTAGGG
contig-0000735_Start,1000,0,0,TTAGGG
contig-0000736_Start,1000,0,0,TTAGGG
contig-0000737_Start,1000,0,0,TTAGGG
contig-0000738_Start,1000,1,0,TTAGGG
contig-0000739_Start,1000,0,1,TTAGGG
contig-0000740_Start,1000,0,0,TTAGGG
contig-0000741_Start,1000,0,0,TTAGGG
contig-0000742_Start,1000,0,0,TTAGGG
contig-0000743_Start,1000,0,0,TTAGGG
contig-0000744_Start,1000,0,1,TTAGGG
contig-0000745_Start,1000,0,0,TTAGGG
contig-0000746_Start,1000,0,0,TTAGGG
contig-0000747_Start,1000,0,0,TTAGGG
contig-0000748_Start,1000,0,1,TTAGGG
contig-0000749_Start,1000,0,0,TTAGGG
contig-0000750_Start,1000,0,0,TTAGGG
contig-0000751_Start,1000,0,0,TTAGGG
contig-0000752_Start,1000,0,0,TTAGGG
contig-0000753_Start,1000,1,0,TTAGGG
contig-0000754_Start,1000,0,0,TTAGGG
contig-0000755_Start,1000,0,0,TTAGGG
contig-0000756_Start,1000,0,1,TTAGGG
contig-0000757_Start,1000,0,0,TTAGGG
contig-0000758_Start,1000,0,0,TTAGGG
contig-0000759_Start,1000,0,0,TTAGGG
contig-0000760_Start,1000,0,1,TTAGGG
contig-0000761_Start,1000,1,0,TTAGGG
contig-0000762_Start,1000,0,0,TTAGGG
contig-0000763_Start,1000,0,0,TTAGGG
contig-0000764_Start,1000,0,2,TTAGGG
contig-0000765_Start,1000,0,0,TTAGGG
contig-0000766_Start,1000,1,0,TTAGGG
contig-0000767_Start,1000,1,0,TTAGGG
contig-0000768_Start,1000,1,0,TTAGGG
contig-0000769_Start,1000,0,0,TTAGGG
contig-0000770_Start,1000,1,0,TTAGGG
contig-0000771_Start,1000,0,0,TTAGGG
contig-0000772_Start,1000,0,0,TTAGGG
contig-0000773_Start,1000,0,0,TTAGGG
contig-0000774_Start,1000,0,0,TTAGGG
contig-0000775_Start,1000,0,0,TTAGGG
contig-0000776_Start,1000,0,0,TTAGGG
contig-0000777_Start,1000,0,0,TTAGGG
contig-0000778_Start,1000,0,0,TTAGGG
contig-0000779_Start,1000,0,0,TTAGGG
contig-0000780_Start,1000,1,1,TTAGGG
contig-0000781_Start,1000,0,0,TTAGGG
contig-0000782_Start,1000,0,0,TTAGGG
contig-0000783_Start,1000,0,0,TTAGGG
contig-0000784_Start,1000,0,0,TTAGGG
contig-0000785_Start,1000,0,0,TTAGGG
contig-0000786_Start,1000,0,0,TTAGGG
contig-0000787_Start,1000,0,0,TTAGGG
contig-0000788_Start,1000,0,1,TTAGGG
contig-0000789_Start,1000,0,0,TTAGGG
contig-0000790_Start,1000,0,0,TTAGGG
contig-0000791_Start,1000,1,0,TTAGGG
contig-0000792_Start,1000,0,0,TTAGGG
contig-0000793_Start,1000,0,0,TTAGGG
contig-0000794_Start,1000,0,0,TTAGGG
contig-0000795_Start,1000,1,0,TTAGGG
contig-0000796_Start,1000,0,1,TTAGGG
contig-0000797_Start,1000,0,0,TTAGGG
contig-0000798_Start,1000,1,0,TTAGGG
contig-0000799_Start,1000,0,0,TTAGGG
contig-0000800_Start,1000,0,1,TTAGGG
contig-0000801_Start,1000,0,0,TTAGGG
contig-0000802_Start,1000,0,0,TTAGGG
contig-0000803_Start,1000,0,1,TTAGGG
contig-0000804_Start,1000,0,0,TTAGGG
contig-0000805_Start,1000,0,1,TTAGGG
contig-0000806_Start,1000,0,0,TTAGGG
contig-0000807_Start,1000,0,0,TTAGGG
contig-0000808_Start,1000,0,0,TTAGGG
contig-0000809_Start,1000,0,0,TTAGGG
contig-0000810_Start,1000,0,0,TTAGGG
contig-0000811_Start,1000,0,0,TTAGGG
contig-0000812_Start,1000,0,0,TTAGGG
contig-0000813_Start,1000,1,0,TTAGGG
contig-0000814_Start,1000,0,0,TTAGGG
contig-0000815_Start,1000,1,0,TTAGGG
contig-0000816_Start,1000,0,0,TTAGGG
contig-0000817_Start,1000,0,0,TTAGGG
contig-0000818_Start,1000,0,0,TTAGGG
contig-0000819_Start,1000,0,0,TTAGGG
contig-0000820_Start,1000,0,0,TTAGGG
contig-0000821_Start,1000,0,0,TTAGGG
contig-0000822_Start,1000,0,0,TTAGGG
contig-0000823_Start,1000,0,1,TTAGGG
contig-0000824_Start,1000,0,0,TTAGGG
contig-0000825_Start,1000,0,0,TTAGGG
contig-0000826_Start,1000,0,0,TTAGGG
contig-0000827_Start,1000,0,2,TTAGGG
contig-0000828_Start,1000,0,0,TTAGGG
contig-0000829_Start,1000,0,0,TTAGGG
contig-0000830_Start,1000,0,0,TTAGGG
contig-0000831_Start,1000,0,0,TTAGGG
contig-0000832_Start,1000,0,0,TTAGGG
contig-0000833_Start,1000,0,1,TTAGGG
contig-0000834_Start,1000,0,0,TTAGGG
contig-0000835_Start,1000,0,0,TTAGGG
contig-0000836_Start,1000,0,0,TTAGGG
contig-0000837_Start,1000,0,0,TTAGGG
contig-0000838_Start,1000,1,0,TTAGGG
contig-0000839_Start,1000,0,0,TTAGGG
contig-0000840_Start,1000,1,0,TTAGGG
contig-0000841_Start,1000,1,0,TTAGGG
contig-0000842_Start,1000,0,0,TTAGGG
contig-0000843_Start,1000,0,0,TTAGGG
contig-0000844_Start,1000,0,0,TTAGGG
contig-0000845_Start,1000,1,0,TTAGGG
contig-0000846_Start,1000,0,0,TTAGGG
contig-0000847_Start,1000,1,0,TTAGGG
contig-0000848_Start,1000,0,0,TTAGGG
contig-0000849_Start,1000,0,0,TTAGGG
contig-0000850_Start,1000,1,0,TTAGGG
contig-0000851_Start,1000,1,0,TTAGGG
contig-0000852_Start,1000,0,0,TTAGGG
contig-0000853_Start,1000,0,0,TTAGGG
contig-0000854_Start,1000,0,0,TTAGGG
contig-0000855_Start,1000,0,1,TTAGGG
contig-0000856_Start,1000,1,1,TTAGGG
contig-0000857_Start,1000,0,0,TTAGGG
contig-0000858_Start,1000,0,0,TTAGGG
contig-0000859_Start,1000,0,0,TTAGGG
contig-0000860_Start,1000,2,0,TTAGGG
contig-0000861_Start,1000,0,0,TTAGGG
contig-0000862_Start,1000,0,0,TTAGGG
contig-0000863_Start,1000,0,0,TTAGGG
contig-0000864_Start,1000,0,0,TTAGGG
contig-0000865_Start,1000,0,0,TTAGGG
contig-0000866_Start,1000,0,0,TTAGGG
contig-0000867_Start,1000,0,0,TTAGGG
contig-0000868_Start,1000,0,0,TTAGGG
contig-0000869_Start,1000,0,1,TTAGGG
contig-0000870_Start,1000,0,0,TTAGGG
contig-0000871_Start,1000,0,1,TTAGGG
contig-0000872_Start,1000,0,1,TTAGGG
contig-0000873_Start,1000,1,0,TTAGGG
contig-0000874_Start,1000,0,0,TTAGGG
contig-0000875_Start,1000,1,0,TTAGGG
contig-0000876_Start,1000,0,0,TTAGGG
contig-0000877_Start,1000,0,1,TTAGGG
contig-0000878_Start,1000,0,0,TTAGGG
contig-0000879_Start,1000,0,0,TTAGGG
contig-0000880_Start,1000,0,0,TTAGGG
contig-0000881_Start,1000,0,0,TTAGGG
contig-0000882_Start,1000,0,1,TTAGGG
contig-0000883_Start,1000,0,1,TTAGGG
contig-0000884_Start,1000,0,0,TTAGGG
contig-0000885_Start,1000,0,0,TTAGGG
contig-0000886_Start,1000,0,0,TTAGGG
contig-0000887_Start,1000,0,0,TTAGGG
contig-0000888_Start,1000,0,0,TTAGGG
contig-0000889_Start,1000,0,0,TTAGGG
contig-0000890_Start,1000,0,0,TTAGGG
contig-0000891_Start,1000,0,0,TTAGGG
contig-0000892_Start,1000,0,2,TTAGGG
contig-0000893_Start,1000,0,0,TTAGGG
contig-0000894_Start,1000,2,0,TTAGGG
contig-0000895_Start,1000,0,0,TTAGGG
contig-0000896_Start,1000,0,0,TTAGGG
contig-0000897_Start,1000,1,0,TTAGGG
contig-0000898_Start,1000,0,0,TTAGGG
contig-0000899_Start,1000,0,0,TTAGGG
contig-0000900_Start,1000,0,0,TTAGGG
contig-0000901_Start,1000,0,2,TTAGGG
contig-0000902_Start,1000,1,0,TTAGGG
contig-0000903_Start,1000,0,0,TTAGGG
contig-0000904_Start,1000,0,0,TTAGGG
contig-0000905_Start,1000,0,0,TTAGGG
contig-0000906_Start,1000,0,0,TTAGGG
contig-0000907_Start,1000,0,0,TTAGGG
contig-0000908_Start,1000,0,0,TTAGGG
contig-0000909_Start,1000,0,0,TTAGGG
contig-0000910_Start,1000,0,0,TTAGGG
contig-0000911_Start,1000,0,0,TTAGGG
contig-0000912_Start,1000,0,0,TTAGGG
contig-0000913_Start,1000,0,0,TTAGGG
contig-0000914_Start,1000,1,0,TTAGGG
contig-0000915_Start,1000,0,0,TTAGGG
contig-0000916_Start,1000,0,0,TTAGGG
contig-0000917_Start,1000,0,0,TTAGGG
contig-0000918_Start,1000,1,0,TTAGGG
contig-0000919_Start,1000,0,2,TTAGGG
contig-0000920_Start,1000,1,0,TTAGGG
contig-0000921_Start,1000,0,1,TTAGGG
contig-0000922_Start,1000,0,0,TTAGGG
contig-0000923_Start,1000,1,0,TTAGGG
contig-0000924_Start,1000,0,1,TTAGGG
contig-0000925_Start,1000,0,0,TTAGGG
contig-0000926_Start,1000,0,0,TTAGGG
contig-0000927_Start,1000,0,1,TTAGGG
contig-0000928_Start,1000,0,0,TTAGGG
contig-0000929_Start,1000,0,0,TTAGGG
contig-0000930_Start,1000,1,0,TTAGGG
contig-0000931_Start,1000,0,0,TTAGGG
contig-0000932_Start,1000,0,0,TTAGGG
contig-0000933_Start,1000,0,0,TTAGGG
contig-0000934_Start,1000,1,0,TTAGGG
contig-0000935_Start,1000,0,0,TTAGGG
contig-0000936_Start,1000,0,0,TTAGGG
contig-0000937_Start,1000,0,0,TTAGGG
contig-0000938_Start,1000,0,0,TTAGGG
contig-0000939_Start,1000,0,0,TTAGGG
contig-0000940_Start,1000,0,1,TTAGGG
contig-0000941_Start,1000,0,0,TTAGGG
contig-0000942_Start,1000,0,0,TTAGGG
contig-0000943_Start,1000,1,0,TTAGGG
contig-0000944_Start,1000,0,0,TTAGGG
contig-0000945_Start,1000,0,0,TTAGGG
contig-0000946_Start,1000,0,1,TTAGGG
contig-0000948_Start,1000,0,0,TTAGGG
contig-0000949_Start,1000,0,0,TTAGGG
contig-0000950_Start,1000,0,0,TTAGGG
contig-0000951_Start,1000,0,0,TTAGGG
contig-0000952_Start,1000,0,0,TTAGGG
contig-0000953_Start,1000,0,0,TTAGGG
contig-0000954_Start,1000,0,1,TTAGGG
contig-0000955_Start,1000,1,0,TTAGGG
contig-0000956_Start,1000,0,1,TTAGGG
contig-0000957_Start,1000,0,0,TTAGGG
contig-0000958_Start,1000,0,0,TTAGGG
contig-0000960_Start,1000,0,2,TTAGGG
contig-0000961_Start,1000,0,0,TTAGGG
contig-0000962_Start,1000,1,0,TTAGGG
contig-0000963_Start,1000,1,2,TTAGGG
contig-0000964_Start,1000,1,0,TTAGGG
contig-0000965_Start,1000,0,0,TTAGGG
contig-0000966_Start,1000,0,0,TTAGGG
contig-0000967_Start,1000,0,1,TTAGGG
contig-0000968_Start,1000,0,1,TTAGGG
contig-0000969_Start,1000,0,0,TTAGGG
contig-0000970_Start,1000,0,0,TTAGGG
contig-0000971_Start,1000,0,0,TTAGGG
contig-0000972_Start,1000,0,0,TTAGGG
contig-0000973_Start,1000,0,1,TTAGGG
contig-0000974_Start,1000,0,0,TTAGGG
contig-0000975_Start,1000,0,0,TTAGGG
contig-0000976_Start,1000,0,0,TTAGGG
contig-0000977_Start,1000,2,0,TTAGGG
contig-0000978_Start,1000,0,0,TTAGGG
contig-0000979_Start,1000,0,0,TTAGGG
contig-0000980_Start,1000,0,0,TTAGGG
contig-0000981_Start,1000,0,0,TTAGGG
contig-0000982_Start,1000,0,1,TTAGGG
contig-0000983_Start,1000,0,0,TTAGGG
contig-0000984_Start,1000,0,0,TTAGGG
contig-0000985_Start,1000,1,0,TTAGGG
contig-0000986_Start,1000,1,0,TTAGGG
contig-0000987_Start,1000,1,0,TTAGGG
contig-0000988_Start,1000,0,2,TTAGGG
contig-0000989_Start,1000,0,0,TTAGGG
contig-0000990_Start,1000,0,0,TTAGGG
contig-0000991_Start,1000,0,0,TTAGGG
contig-0000992_Start,1000,0,1,TTAGGG
contig-0000993_Start,1000,0,0,TTAGGG
contig-0000994_Start,1000,0,1,TTAGGG
contig-0000995_Start,1000,0,1,TTAGGG
contig-0000996_Start,1000,0,0,TTAGGG
contig-0000997_Start,1000,0,0,TTAGGG
contig-0000998_Start,1000,0,0,TTAGGG
contig-0000999_Start,1000,0,1,TTAGGG
contig-0001000_Start,1000,0,0,TTAGGG
contig-0001001_Start,1000,0,1,TTAGGG
contig-0001002_Start,1000,0,0,TTAGGG
contig-0001003_Start,1000,1,0,TTAGGG
contig-0001004_Start,1000,0,0,TTAGGG
contig-0001005_Start,1000,1,0,TTAGGG
contig-0001006_Start,1000,0,0,TTAGGG
contig-0001007_Start,1000,0,2,TTAGGG
contig-0001008_Start,1000,0,0,TTAGGG
contig-0001009_Start,1000,0,0,TTAGGG
contig-0001010_Start,1000,1,0,TTAGGG
contig-0001011_Start,1000,0,0,TTAGGG
contig-0001012_Start,1000,1,0,TTAGGG
contig-0001013_Start,1000,0,0,TTAGGG
contig-0001014_Start,1000,0,0,TTAGGG
contig-0001015_Start,1000,0,0,TTAGGG
contig-0001016_Start,1000,0,1,TTAGGG
contig-0001017_Start,1000,0,0,TTAGGG
contig-0001018_Start,1000,0,0,TTAGGG
contig-0001019_Start,1000,0,0,TTAGGG
contig-0001020_Start,1000,0,0,TTAGGG
contig-0001021_Start,1000,0,0,TTAGGG
contig-0001022_Start,1000,0,0,TTAGGG
contig-0001023_Start,1000,0,1,TTAGGG
contig-0001024_Start,1000,1,0,TTAGGG
contig-0001025_Start,1000,0,0,TTAGGG
contig-0001026_Start,1000,0,0,TTAGGG
contig-0001027_Start,1000,0,0,TTAGGG
contig-0001028_Start,1000,0,0,TTAGGG
contig-0001029_Start,1000,0,0,TTAGGG
contig-0001030_Start,1000,0,0,TTAGGG
contig-0001031_Start,1000,0,0,TTAGGG
contig-0001032_Start,1000,0,0,TTAGGG
contig-0001033_Start,1000,0,1,TTAGGG
contig-0001034_Start,1000,0,0,TTAGGG
contig-0001035_Start,1000,0,0,TTAGGG
contig-0001036_Start,1000,0,1,TTAGGG
contig-0001037_Start,1000,0,0,TTAGGG
contig-0001038_Start,1000,0,1,TTAGGG
contig-0001039_Start,1000,0,0,TTAGGG
contig-0001040_Start,1000,2,0,TTAGGG
contig-0001041_Start,1000,1,0,TTAGGG
contig-0001042_Start,1000,0,0,TTAGGG
contig-0001043_Start,1000,0,0,TTAGGG
contig-0001044_Start,1000,0,0,TTAGGG
contig-0001045_Start,1000,0,0,TTAGGG
contig-0001046_Start,1000,0,0,TTAGGG
contig-0001047_Start,1000,0,0,TTAGGG
contig-0001048_Start,1000,0,0,TTAGGG
contig-0001049_Start,1000,0,0,TTAGGG
contig-0001050_Start,1000,0,0,TTAGGG
contig-0001051_Start,1000,0,0,TTAGGG
contig-0001052_Start,1000,0,0,TTAGGG
contig-0001053_Start,1000,0,0,TTAGGG
contig-0001054_Start,1000,0,0,TTAGGG
contig-0001055_Start,1000,1,0,TTAGGG
contig-0001056_Start,1000,1,0,TTAGGG
contig-0001057_Start,1000,0,0,TTAGGG
contig-0001058_Start,1000,0,0,TTAGGG
contig-0001059_Start,1000,0,1,TTAGGG
contig-0001060_Start,1000,0,0,TTAGGG
contig-0001061_Start,1000,0,0,TTAGGG
contig-0001062_Start,1000,0,0,TTAGGG
contig-0001063_Start,1000,0,0,TTAGGG
contig-0001064_Start,1000,0,0,TTAGGG
contig-0001065_Start,1000,0,0,TTAGGG
contig-0001066_Start,1000,1,0,TTAGGG
contig-0001067_Start,1000,0,0,TTAGGG
contig-0001068_Start,1000,0,1,TTAGGG
contig-0001069_Start,1000,0,0,TTAGGG
contig-0001070_Start,1000,0,0,TTAGGG
contig-0001071_Start,1000,0,0,TTAGGG
contig-0001072_Start,1000,0,0,TTAGGG
contig-0001073_Start,1000,0,0,TTAGGG
contig-0001074_Start,1000,0,0,TTAGGG
contig-0001075_Start,1000,0,0,TTAGGG
contig-0001076_Start,1000,0,0,TTAGGG
contig-0001077_Start,1000,0,0,TTAGGG
contig-0001078_Start,1000,0,1,TTAGGG
contig-0001079_Start,1000,0,0,TTAGGG
contig-0001080_Start,1000,0,1,TTAGGG
contig-0001081_Start,1000,0,0,TTAGGG
contig-0001082_Start,1000,1,0,TTAGGG
contig-0001083_Start,1000,0,0,TTAGGG
contig-0001084_Start,1000,0,0,TTAGGG
contig-0001085_Start,1000,0,0,TTAGGG
contig-0001086_Start,1000,0,0,TTAGGG
contig-0001087_Start,1000,0,0,TTAGGG
contig-0001088_Start,1000,0,0,TTAGGG
contig-0001089_Start,1000,0,0,TTAGGG
contig-0001090_Start,1000,0,0,TTAGGG
contig-0001091_Start,1000,0,0,TTAGGG
contig-0001092_Start,1000,0,0,TTAGGG
contig-0001093_Start,1000,0,1,TTAGGG
contig-0001094_Start,1000,0,0,TTAGGG
contig-0001095_Start,1000,1,0,TTAGGG
contig-0001096_Start,1000,0,0,TTAGGG
contig-0001097_Start,1000,0,0,TTAGGG
contig-0001098_Start,1000,0,0,TTAGGG
contig-0001099_Start,1000,1,0,TTAGGG
contig-0001100_Start,1000,0,0,TTAGGG
contig-0001101_Start,1000,1,0,TTAGGG
contig-0001102_Start,1000,0,0,TTAGGG
contig-0001103_Start,1000,1,1,TTAGGG
contig-0001104_Start,1000,0,0,TTAGGG
contig-0001105_Start,1000,0,0,TTAGGG
contig-0001106_Start,1000,0,0,TTAGGG
contig-0001107_Start,1000,2,0,TTAGGG
contig-0001108_Start,1000,0,0,TTAGGG
contig-0001109_Start,1000,0,0,TTAGGG
contig-0001110_Start,1000,1,0,TTAGGG
contig-0001111_Start,1000,0,0,TTAGGG
contig-0001112_Start,1000,0,0,TTAGGG
contig-0001113_Start,1000,0,0,TTAGGG
contig-0001114_Start,1000,0,1,TTAGGG
contig-0001115_Start,1000,0,0,TTAGGG
contig-0001116_Start,1000,0,0,TTAGGG
contig-0001117_Start,1000,0,2,TTAGGG
contig-0001118_Start,1000,0,0,TTAGGG
contig-0001119_Start,1000,0,1,TTAGGG
contig-0001120_Start,1000,0,0,TTAGGG
contig-0001121_Start,1000,2,0,TTAGGG
contig-0001122_Start,1000,0,0,TTAGGG
contig-0001123_Start,1000,0,0,TTAGGG
contig-0001124_Start,1000,0,0,TTAGGG
contig-0001125_Start,1000,0,0,TTAGGG
contig-0001126_Start,1000,1,0,TTAGGG
contig-0001127_Start,1000,0,0,TTAGGG
contig-0001128_Start,1000,0,0,TTAGGG
contig-0001129_Start,1000,0,0,TTAGGG
contig-0001130_Start,1000,0,0,TTAGGG
contig-0001131_Start,1000,0,1,TTAGGG
contig-0001132_Start,1000,0,1,TTAGGG
contig-0001133_Start,1000,1,0,TTAGGG
contig-0001134_Start,1000,0,0,TTAGGG
contig-0001135_Start,1000,0,0,TTAGGG
contig-0001136_Start,1000,0,0,TTAGGG
contig-0001137_Start,1000,0,0,TTAGGG
contig-0001138_Start,1000,0,0,TTAGGG
contig-0001139_Start,1000,1,1,TTAGGG
contig-0001140_Start,1000,0,0,TTAGGG
contig-0001141_Start,1000,0,1,TTAGGG
contig-0001142_Start,1000,1,1,TTAGGG
contig-0001143_Start,1000,0,0,TTAGGG
contig-0001144_Start,1000,0,0,TTAGGG
contig-0001145_Start,1000,2,0,TTAGGG
contig-0001146_Start,1000,0,0,TTAGGG
contig-0001147_Start,1000,0,0,TTAGGG
contig-0001148_Start,1000,0,0,TTAGGG
contig-0001149_Start,1000,0,0,TTAGGG
contig-0001150_Start,1000,0,0,TTAGGG
contig-0001151_Start,1000,0,0,TTAGGG
contig-0001152_Start,1000,1,0,TTAGGG
contig-0001153_Start,1000,0,0,TTAGGG
contig-0001154_Start,1000,0,0,TTAGGG
contig-0001155_Start,1000,0,0,TTAGGG
contig-0001156_Start,1000,0,2,TTAGGG
contig-0001157_Start,1000,2,0,TTAGGG
contig-0001158_Start,1000,2,0,TTAGGG
contig-0001159_Start,1000,0,0,TTAGGG
contig-0001160_Start,1000,0,0,TTAGGG
contig-0001161_Start,1000,0,1,TTAGGG
contig-0001162_Start,1000,0,0,TTAGGG
contig-0001163_Start,1000,1,0,TTAGGG
contig-0001164_Start,1000,0,0,TTAGGG
contig-0001165_Start,1000,2,0,TTAGGG
contig-0001166_Start,1000,0,0,TTAGGG
contig-0001167_Start,1000,0,1,TTAGGG
contig-0001168_Start,1000,0,0,TTAGGG
contig-0001169_Start,1000,0,0,TTAGGG
contig-0001170_Start,1000,0,0,TTAGGG
contig-0001171_Start,1000,1,0,TTAGGG
contig-0001172_Start,1000,0,0,TTAGGG
contig-0001173_Start,1000,0,1,TTAGGG
contig-0001174_Start,1000,0,0,TTAGGG
contig-0001175_Start,1000,1,0,TTAGGG
contig-0001176_Start,1000,0,0,TTAGGG
contig-0001177_Start,1000,1,0,TTAGGG
contig-0001178_Start,1000,0,0,TTAGGG
contig-0001179_Start,1000,0,0,TTAGGG
contig-0001180_Start,1000,1,0,TTAGGG
contig-0001181_Start,1000,0,0,TTAGGG
contig-0001182_Start,1000,0,0,TTAGGG
contig-0001183_Start,1000,0,0,TTAGGG
contig-0001184_Start,1000,0,1,TTAGGG
contig-0001185_Start,1000,0,1,TTAGGG
contig-0001186_Start,1000,0,0,TTAGGG
contig-0001187_Start,1000,0,0,TTAGGG
contig-0001188_Start,1000,0,1,TTAGGG
contig-0001189_Start,1000,0,0,TTAGGG
contig-0001191_Start,1000,0,1,TTAGGG
contig-0001192_Start,1000,0,0,TTAGGG
contig-0001193_Start,1000,0,0,TTAGGG
contig-0001194_Start,1000,0,0,TTAGGG
contig-0001195_Start,1000,0,0,TTAGGG
contig-0001196_Start,1000,0,0,TTAGGG
contig-0001197_Start,1000,0,0,TTAGGG
contig-0001198_Start,1000,0,0,TTAGGG
contig-0001199_Start,1000,0,0,TTAGGG
contig-0001200_Start,1000,0,0,TTAGGG
contig-0001201_Start,1000,0,0,TTAGGG
contig-0001202_Start,1000,0,0,TTAGGG
contig-0001203_Start,1000,0,0,TTAGGG
contig-0001204_Start,1000,0,0,TTAGGG
contig-0001205_Start,1000,0,1,TTAGGG
contig-0001206_Start,1000,1,0,TTAGGG
contig-0001207_Start,1000,0,0,TTAGGG
contig-0001208_Start,1000,0,0,TTAGGG
contig-0001209_Start,1000,0,0,TTAGGG
contig-0001210_Start,1000,1,0,TTAGGG
contig-0001211_Start,1000,0,0,TTAGGG
contig-0001212_Start,1000,0,1,TTAGGG
contig-0001213_Start,1000,0,1,TTAGGG
contig-0001214_Start,1000,0,1,TTAGGG
contig-0001215_Start,1000,0,0,TTAGGG
contig-0001216_Start,1000,0,0,TTAGGG
contig-0001217_Start,1000,0,0,TTAGGG
contig-0001218_Start,1000,0,0,TTAGGG
contig-0001219_Start,1000,0,0,TTAGGG
contig-0001220_Start,1000,1,0,TTAGGG
contig-0001221_Start,1000,0,1,TTAGGG
contig-0001222_Start,1000,0,0,TTAGGG
contig-0001223_Start,1000,1,1,TTAGGG
contig-0001224_Start,1000,0,0,TTAGGG
contig-0001225_Start,1000,0,0,TTAGGG
contig-0001226_Start,1000,0,0,TTAGGG
contig-0001227_Start,1000,0,0,TTAGGG
contig-0001228_Start,1000,0,1,TTAGGG
contig-0001229_Start,1000,0,0,TTAGGG
contig-0001230_Start,1000,1,0,TTAGGG
contig-0001231_Start,1000,0,0,TTAGGG
contig-0001232_Start,1000,1,0,TTAGGG
contig-0001233_Start,1000,0,0,TTAGGG
contig-0001234_Start,1000,0,0,TTAGGG
contig-0001235_Start,1000,0,0,TTAGGG
contig-0001236_Start,1000,0,0,TTAGGG
contig-0001237_Start,1000,0,0,TTAGGG
contig-0001238_Start,1000,0,0,TTAGGG
contig-0001239_Start,1000,0,0,TTAGGG
contig-0001240_Start,1000,0,0,TTAGGG
contig-0001241_Start,1000,0,0,TTAGGG
contig-0001242_Start,1000,0,0,TTAGGG
contig-0001243_Start,1000,0,1,TTAGGG
contig-0001244_Start,1000,0,0,TTAGGG
contig-0001245_Start,1000,0,0,TTAGGG
contig-0001246_Start,1000,0,0,TTAGGG
contig-0001247_Start,1000,2,0,TTAGGG
contig-0001248_Start,1000,0,0,TTAGGG
contig-0001249_Start,1000,0,0,TTAGGG
contig-0001250_Start,1000,0,0,TTAGGG
contig-0001251_Start,1000,0,0,TTAGGG
contig-0001252_Start,1000,0,0,TTAGGG
contig-0001253_Start,1000,0,0,TTAGGG
contig-0001254_Start,1000,0,0,TTAGGG
contig-0001255_Start,1000,1,0,TTAGGG
contig-0001256_Start,1000,0,0,TTAGGG
contig-0001257_Start,1000,0,0,TTAGGG
contig-0001258_Start,1000,1,0,TTAGGG
contig-0001259_Start,1000,0,0,TTAGGG
contig-0001260_Start,1000,0,1,TTAGGG
contig-0001261_Start,1000,0,0,TTAGGG
contig-0001263_Start,1000,0,0,TTAGGG
contig-0001264_Start,1000,0,0,TTAGGG
contig-0001265_Start,1000,0,0,TTAGGG
contig-0001266_Start,1000,0,0,TTAGGG
contig-0001267_Start,1000,0,0,TTAGGG
contig-0001268_Start,1000,0,1,TTAGGG
contig-0001269_Start,1000,0,0,TTAGGG
contig-0001270_Start,1000,0,0,TTAGGG
contig-0001271_Start,1000,0,0,TTAGGG
contig-0001272_Start,1000,0,0,TTAGGG
contig-0001273_Start,1000,0,0,TTAGGG
contig-0001274_Start,1000,0,0,TTAGGG
contig-0001275_Start,1000,0,0,TTAGGG
contig-0001276_Start,1000,1,0,TTAGGG
contig-0001277_Start,1000,0,0,TTAGGG
contig-0001278_Start,1000,1,0,TTAGGG
contig-0001279_Start,1000,0,0,TTAGGG
contig-0001280_Start,1000,2,1,TTAGGG
contig-0001281_Start,1000,0,0,TTAGGG
contig-0001282_Start,1000,0,0,TTAGGG
contig-0001283_Start,1000,0,0,TTAGGG
contig-0001284_Start,1000,0,1,TTAGGG
contig-0001285_Start,1000,0,0,TTAGGG
contig-0001286_Start,1000,1,0,TTAGGG
contig-0001287_Start,1000,2,0,TTAGGG
contig-0001288_Start,1000,0,0,TTAGGG
contig-0001289_Start,1000,0,1,TTAGGG
contig-0001290_Start,1000,0,0,TTAGGG
contig-0001291_Start,1000,1,0,TTAGGG
contig-0001292_Start,1000,0,0,TTAGGG
contig-0001293_Start,1000,0,0,TTAGGG
contig-0001294_Start,1000,0,0,TTAGGG
contig-0001295_Start,1000,0,0,TTAGGG
contig-0001296_Start,1000,0,0,TTAGGG
contig-0001297_Start,1000,0,0,TTAGGG
contig-0001298_Start,1000,0,0,TTAGGG
contig-0001299_Start,1000,0,0,TTAGGG
contig-0001300_Start,1000,0,0,TTAGGG
contig-0001301_Start,1000,0,0,TTAGGG
contig-0001302_Start,1000,2,0,TTAGGG
contig-0001303_Start,1000,0,0,TTAGGG
contig-0001304_Start,1000,0,0,TTAGGG
contig-0001305_Start,1000,1,0,TTAGGG
contig-0001306_Start,1000,0,0,TTAGGG
contig-0001307_Start,1000,0,0,TTAGGG
contig-0001308_Start,1000,0,1,TTAGGG
contig-0001309_Start,1000,0,0,TTAGGG
contig-0001310_Start,1000,0,0,TTAGGG
contig-0001311_Start,1000,0,0,TTAGGG
contig-0001312_Start,1000,1,0,TTAGGG
contig-0001313_Start,1000,0,0,TTAGGG
contig-0001314_Start,1000,0,0,TTAGGG
contig-0001315_Start,1000,0,0,TTAGGG
contig-0001316_Start,1000,2,0,TTAGGG
contig-0001317_Start,1000,0,0,TTAGGG
contig-0001318_Start,1000,0,0,TTAGGG
contig-0001319_Start,1000,0,0,TTAGGG
contig-0001320_Start,1000,0,0,TTAGGG
contig-0001321_Start,1000,0,0,TTAGGG
contig-0001322_Start,1000,0,0,TTAGGG
contig-0001323_Start,1000,0,0,TTAGGG
contig-0001324_Start,1000,1,0,TTAGGG
contig-0001325_Start,1000,0,0,TTAGGG
contig-0001326_Start,1000,1,0,TTAGGG
contig-0001327_Start,1000,1,0,TTAGGG
contig-0001328_Start,1000,0,0,TTAGGG
contig-0001329_Start,1000,0,0,TTAGGG
contig-0001330_Start,1000,1,0,TTAGGG
contig-0001331_Start,1000,0,0,TTAGGG
contig-0001332_Start,1000,0,2,TTAGGG
contig-0001333_Start,1000,0,0,TTAGGG
contig-0001334_Start,1000,0,1,TTAGGG
contig-0001335_Start,1000,0,0,TTAGGG
contig-0001336_Start,1000,0,0,TTAGGG
contig-0001337_Start,1000,0,1,TTAGGG
contig-0001338_Start,1000,0,0,TTAGGG
contig-0001339_Start,1000,0,0,TTAGGG
contig-0001340_Start,1000,0,0,TTAGGG
contig-0001341_Start,1000,0,0,TTAGGG
contig-0001342_Start,1000,0,0,TTAGGG
contig-0001343_Start,1000,0,0,TTAGGG
contig-0001344_Start,1000,0,166,TTAGGG
contig-0001345_Start,1000,0,0,TTAGGG
contig-0001346_Start,1000,0,0,TTAGGG
contig-0001347_Start,1000,0,0,TTAGGG
contig-0001348_Start,1000,0,0,TTAGGG
contig-0001349_Start,1000,0,2,TTAGGG
contig-0001350_Start,1000,0,0,TTAGGG
contig-0001351_Start,1000,0,0,TTAGGG
contig-0001352_Start,1000,2,0,TTAGGG
contig-0001353_Start,1000,0,1,TTAGGG
contig-0001354_Start,1000,0,0,TTAGGG
contig-0001355_Start,1000,0,0,TTAGGG
contig-0001356_Start,1000,0,0,TTAGGG
contig-0001357_Start,1000,0,0,TTAGGG
contig-0001358_Start,1000,0,0,TTAGGG
contig-0001359_Start,1000,0,0,TTAGGG
contig-0001360_Start,1000,0,0,TTAGGG
contig-0001361_Start,1000,0,0,TTAGGG
contig-0001362_Start,1000,0,1,TTAGGG
contig-0001363_Start,1000,0,0,TTAGGG
contig-0001364_Start,1000,0,0,TTAGGG
contig-0001365_Start,1000,0,0,TTAGGG
contig-0001366_Start,1000,0,0,TTAGGG
contig-0001367_Start,1000,0,0,TTAGGG
contig-0001368_Start,1000,1,0,TTAGGG
contig-0001369_Start,1000,0,0,TTAGGG
contig-0001370_Start,1000,2,0,TTAGGG
contig-0001371_Start,1000,0,0,TTAGGG
contig-0001372_Start,1000,0,0,TTAGGG
contig-0001373_Start,1000,0,0,TTAGGG
contig-0001374_Start,1000,0,0,TTAGGG
contig-0001375_Start,1000,0,1,TTAGGG
contig-0001376_Start,1000,0,0,TTAGGG
contig-0001377_Start,1000,0,0,TTAGGG
contig-0001378_Start,1000,0,0,TTAGGG
contig-0001379_Start,1000,0,0,TTAGGG
contig-0001380_Start,1000,0,0,TTAGGG
contig-0001381_Start,1000,1,0,TTAGGG
contig-0001382_Start,1000,1,0,TTAGGG
contig-0001383_Start,1000,0,1,TTAGGG
contig-0001384_Start,1000,0,0,TTAGGG
contig-0001385_Start,1000,1,1,TTAGGG
contig-0001386_Start,1000,0,0,TTAGGG
contig-0001387_Start,1000,0,0,TTAGGG
contig-0001388_Start,1000,2,0,TTAGGG
contig-0001389_Start,1000,0,0,TTAGGG
contig-0001390_Start,1000,1,0,TTAGGG
contig-0001391_Start,1000,0,0,TTAGGG
contig-0001392_Start,1000,0,0,TTAGGG
contig-0001393_Start,1000,1,0,TTAGGG
contig-0001394_Start,1000,0,0,TTAGGG
contig-0001395_Start,1000,0,0,TTAGGG
contig-0001396_Start,1000,1,0,TTAGGG
contig-0001397_Start,1000,0,0,TTAGGG
contig-0001398_Start,1000,2,0,TTAGGG
contig-0001399_Start,1000,0,0,TTAGGG
contig-0001400_Start,1000,0,0,TTAGGG
contig-0001401_Start,1000,0,0,TTAGGG
contig-0001402_Start,1000,1,0,TTAGGG
contig-0001403_Start,1000,0,0,TTAGGG
contig-0001404_Start,1000,1,0,TTAGGG
contig-0001405_Start,1000,0,0,TTAGGG
contig-0001406_Start,1000,0,0,TTAGGG
contig-0001407_Start,1000,0,1,TTAGGG
contig-0001408_Start,1000,0,0,TTAGGG
contig-0001409_Start,1000,0,0,TTAGGG
contig-0001410_Start,1000,0,0,TTAGGG
contig-0001411_Start,1000,0,0,TTAGGG
contig-0001412_Start,1000,0,0,TTAGGG
contig-0001413_Start,1000,1,0,TTAGGG
contig-0001414_Start,1000,0,0,TTAGGG
contig-0001415_Start,1000,0,0,TTAGGG
contig-0001416_Start,1000,0,0,TTAGGG
contig-0001417_Start,1000,0,0,TTAGGG
contig-0001418_Start,1000,0,0,TTAGGG
contig-0001419_Start,1000,0,0,TTAGGG
contig-0001420_Start,1000,0,0,TTAGGG
contig-0001421_Start,1000,0,0,TTAGGG
contig-0001422_Start,1000,0,0,TTAGGG
contig-0001423_Start,1000,0,0,TTAGGG
contig-0001424_Start,1000,0,0,TTAGGG
contig-0001425_Start,1000,0,0,TTAGGG
contig-0001426_Start,1000,0,0,TTAGGG
contig-0001427_Start,1000,0,0,TTAGGG
contig-0001428_Start,1000,0,0,TTAGGG
contig-0001429_Start,1000,0,0,TTAGGG
contig-0001430_Start,1000,0,0,TTAGGG
contig-0001431_Start,1000,1,2,TTAGGG
contig-0001432_Start,1000,0,0,TTAGGG
contig-0001433_Start,1000,0,0,TTAGGG
contig-0001434_Start,1000,1,0,TTAGGG
contig-0001435_Start,1000,0,0,TTAGGG
contig-0001436_Start,1000,0,0,TTAGGG
contig-0001437_Start,1000,0,1,TTAGGG
contig-0001438_Start,1000,0,0,TTAGGG
contig-0001439_Start,1000,0,0,TTAGGG
contig-0001440_Start,1000,0,0,TTAGGG
contig-0001441_Start,1000,1,0,TTAGGG
contig-0001442_Start,1000,0,0,TTAGGG
contig-0001444_Start,1000,0,0,TTAGGG
contig-0001445_Start,1000,0,0,TTAGGG
contig-0001446_Start,1000,0,0,TTAGGG
contig-0001447_Start,1000,0,0,TTAGGG
contig-0001448_Start,1000,0,0,TTAGGG
contig-0001449_Start,1000,2,0,TTAGGG
contig-0001450_Start,1000,0,0,TTAGGG
contig-0001451_Start,1000,0,0,TTAGGG
contig-0001452_Start,1000,0,0,TTAGGG
contig-0001453_Start,1000,0,0,TTAGGG
contig-0001454_Start,1000,0,0,TTAGGG
contig-0001455_Start,1000,2,0,TTAGGG
contig-0001456_Start,1000,0,0,TTAGGG
contig-0001457_Start,1000,0,0,TTAGGG
contig-0001458_Start,1000,1,0,TTAGGG
contig-0001459_Start,1000,0,1,TTAGGG
contig-0001460_Start,1000,0,0,TTAGGG
contig-0001461_Start,1000,1,0,TTAGGG
contig-0001462_Start,1000,0,0,TTAGGG
contig-0001463_Start,1000,1,0,TTAGGG
contig-0001464_Start,1000,0,0,TTAGGG
contig-0001465_Start,1000,0,0,TTAGGG
contig-0001466_Start,1000,0,0,TTAGGG
contig-0001467_Start,1000,0,0,TTAGGG
contig-0001468_Start,1000,0,0,TTAGGG
contig-0001469_Start,1000,0,1,TTAGGG
contig-0001470_Start,1000,0,0,TTAGGG
contig-0001471_Start,1000,0,0,TTAGGG
contig-0001472_Start,1000,0,0,TTAGGG
contig-0001473_Start,1000,1,0,TTAGGG
contig-0001474_Start,1000,0,1,TTAGGG
contig-0001475_Start,1000,0,0,TTAGGG
contig-0001476_Start,1000,0,1,TTAGGG
contig-0001477_Start,1000,0,0,TTAGGG
contig-0001478_Start,1000,0,0,TTAGGG
contig-0001479_Start,1000,0,0,TTAGGG
contig-0001480_Start,1000,1,0,TTAGGG
contig-0001481_Start,1000,0,1,TTAGGG
contig-0001482_Start,1000,0,0,TTAGGG
contig-0001483_Start,1000,0,2,TTAGGG
contig-0001484_Start,1000,0,0,TTAGGG
contig-0001485_Start,1000,1,1,TTAGGG
contig-0001486_Start,1000,1,0,TTAGGG
contig-0001487_Start,1000,0,0,TTAGGG
contig-0001488_Start,1000,0,0,TTAGGG
contig-0001489_Start,1000,0,0,TTAGGG
contig-0001490_Start,1000,0,0,TTAGGG
contig-0001491_Start,1000,0,1,TTAGGG
contig-0001492_Start,1000,1,0,TTAGGG
contig-0001493_Start,1000,0,0,TTAGGG
contig-0001494_Start,1000,0,0,TTAGGG
contig-0001495_Start,1000,0,0,TTAGGG
contig-0001496_Start,1000,0,1,TTAGGG
contig-0001497_Start,1000,0,0,TTAGGG
contig-0001498_Start,1000,0,0,TTAGGG
contig-0001499_Start,1000,1,0,TTAGGG
contig-0001500_Start,1000,0,0,TTAGGG
contig-0001501_Start,1000,0,0,TTAGGG
contig-0001502_Start,1000,0,0,TTAGGG
contig-0001503_Start,1000,0,0,TTAGGG
contig-0001504_Start,1000,0,0,TTAGGG
contig-0001505_Start,1000,1,1,TTAGGG
contig-0001506_Start,1000,0,0,TTAGGG
contig-0001507_Start,1000,0,0,TTAGGG
contig-0001508_Start,1000,1,0,TTAGGG
contig-0001509_Start,1000,0,0,TTAGGG
contig-0001510_Start,1000,0,0,TTAGGG
contig-0001511_Start,1000,0,0,TTAGGG
contig-0001512_Start,1000,1,0,TTAGGG
contig-0001513_Start,1000,0,0,TTAGGG
contig-0001514_Start,1000,1,0,TTAGGG
contig-0001515_Start,1000,0,0,TTAGGG
contig-0001516_Start,1000,0,0,TTAGGG
contig-0001517_Start,1000,0,1,TTAGGG
contig-0001518_Start,1000,0,0,TTAGGG
contig-0001519_Start,1000,0,1,TTAGGG
contig-0001520_Start,1000,1,0,TTAGGG
contig-0001521_Start,1000,0,0,TTAGGG
contig-0001522_Start,1000,0,0,TTAGGG
contig-0001523_Start,1000,0,1,TTAGGG
contig-0001524_Start,1000,0,0,TTAGGG
contig-0001525_Start,1000,1,0,TTAGGG
contig-0001526_Start,1000,1,0,TTAGGG
contig-0001527_Start,1000,0,1,TTAGGG
contig-0001528_Start,1000,0,0,TTAGGG
contig-0001529_Start,1000,0,0,TTAGGG
contig-0001530_Start,1000,0,0,TTAGGG
contig-0001531_Start,1000,1,0,TTAGGG
contig-0001532_Start,1000,0,0,TTAGGG
contig-0001533_Start,1000,0,0,TTAGGG
contig-0001534_Start,1000,0,0,TTAGGG
contig-0001535_Start,1000,0,0,TTAGGG
contig-0001536_Start,1000,0,0,TTAGGG
contig-0001537_Start,1000,0,0,TTAGGG
contig-0001538_Start,1000,0,0,TTAGGG
contig-0001539_Start,1000,1,2,TTAGGG
contig-0001540_Start,1000,0,0,TTAGGG
contig-0001541_Start,1000,0,0,TTAGGG
contig-0001542_Start,1000,0,0,TTAGGG
contig-0001543_Start,1000,0,0,TTAGGG
contig-0001544_Start,1000,1,0,TTAGGG
contig-0001545_Start,1000,0,0,TTAGGG
contig-0001546_Start,1000,0,0,TTAGGG
contig-0001547_Start,1000,0,0,TTAGGG
contig-0001548_Start,1000,0,0,TTAGGG
contig-0001549_Start,1000,0,0,TTAGGG
contig-0001550_Start,1000,1,0,TTAGGG
contig-0001551_Start,1000,0,0,TTAGGG
contig-0001552_Start,1000,0,0,TTAGGG
contig-0001553_Start,1000,0,0,TTAGGG
contig-0001554_Start,1000,0,0,TTAGGG
contig-0001555_Start,1000,0,0,TTAGGG
contig-0001556_Start,1000,0,0,TTAGGG
contig-0001557_Start,1000,0,0,TTAGGG
contig-0001558_Start,1000,0,0,TTAGGG
contig-0001559_Start,1000,0,0,TTAGGG
contig-0001560_Start,1000,0,0,TTAGGG
contig-0001561_Start,1000,2,0,TTAGGG
contig-0001562_Start,1000,0,0,TTAGGG
contig-0001563_Start,1000,2,1,TTAGGG
contig-0001564_Start,1000,0,0,TTAGGG
contig-0001565_Start,1000,0,1,TTAGGG
contig-0001566_Start,1000,0,0,TTAGGG
contig-0001567_Start,1000,0,0,TTAGGG
contig-0001568_Start,1000,0,0,TTAGGG
contig-0001569_Start,1000,0,0,TTAGGG
contig-0001570_Start,1000,0,0,TTAGGG
contig-0001571_Start,1000,0,0,TTAGGG
contig-0001572_Start,1000,1,0,TTAGGG
contig-0001573_Start,1000,0,1,TTAGGG
contig-0001574_Start,1000,0,0,TTAGGG
contig-0001575_Start,1000,0,0,TTAGGG
contig-0001576_Start,1000,0,0,TTAGGG
contig-0001577_Start,1000,0,0,TTAGGG
contig-0001578_Start,1000,0,0,TTAGGG
contig-0001579_Start,1000,0,0,TTAGGG
contig-0001580_Start,1000,0,0,TTAGGG
contig-0001581_Start,1000,0,0,TTAGGG
contig-0001582_Start,1000,0,0,TTAGGG
contig-0001583_Start,1000,0,0,TTAGGG
contig-0001584_Start,1000,0,1,TTAGGG
contig-0001585_Start,1000,0,0,TTAGGG
contig-0001586_Start,1000,0,0,TTAGGG
contig-0001587_Start,1000,1,0,TTAGGG
contig-0001588_Start,1000,0,1,TTAGGG
contig-0001589_Start,1000,0,0,TTAGGG
contig-0001590_Start,1000,0,0,TTAGGG
contig-0001591_Start,1000,0,0,TTAGGG
contig-0001592_Start,1000,0,0,TTAGGG
contig-0001593_Start,1000,0,0,TTAGGG
contig-0001594_Start,1000,0,1,TTAGGG
contig-0001595_Start,1000,0,0,TTAGGG
contig-0001596_Start,1000,0,0,TTAGGG
contig-0001597_Start,1000,0,0,TTAGGG
contig-0001598_Start,1000,0,0,TTAGGG
contig-0001599_Start,1000,1,0,TTAGGG
contig-0001600_Start,1000,1,0,TTAGGG
contig-0001601_Start,1000,0,0,TTAGGG
contig-0001602_Start,1000,0,0,TTAGGG
contig-0001603_Start,1000,0,0,TTAGGG
contig-0001604_Start,1000,0,0,TTAGGG
contig-0001605_Start,1000,0,0,TTAGGG
contig-0001606_Start,1000,0,0,TTAGGG
contig-0001607_Start,1000,0,0,TTAGGG
contig-0001608_Start,1000,0,0,TTAGGG
contig-0001609_Start,1000,0,0,TTAGGG
contig-0001610_Start,1000,1,1,TTAGGG
contig-0001611_Start,1000,0,0,TTAGGG
contig-0001612_Start,1000,0,0,TTAGGG
contig-0001613_Start,1000,0,0,TTAGGG
contig-0001614_Start,1000,0,0,TTAGGG
contig-0001615_Start,1000,0,0,TTAGGG
contig-0001616_Start,1000,1,0,TTAGGG
contig-0001617_Start,1000,1,0,TTAGGG
contig-0001618_Start,1000,0,0,TTAGGG
contig-0001619_Start,1000,0,1,TTAGGG
contig-0001620_Start,1000,0,1,TTAGGG
contig-0001621_Start,1000,0,0,TTAGGG
contig-0001622_Start,1000,0,0,TTAGGG
contig-0001623_Start,1000,0,0,TTAGGG
contig-0001624_Start,1000,0,0,TTAGGG
contig-0001625_Start,1000,0,0,TTAGGG
contig-0001626_Start,1000,0,0,TTAGGG
contig-0001627_Start,1000,0,0,TTAGGG
contig-0001628_Start,1000,0,0,TTAGGG
contig-0001629_Start,1000,0,0,TTAGGG
contig-0001630_Start,1000,0,0,TTAGGG
contig-0001631_Start,1000,0,0,TTAGGG
contig-0001632_Start,1000,1,0,TTAGGG
contig-0001633_Start,1000,0,0,TTAGGG
contig-0001634_Start,1000,0,0,TTAGGG
contig-0001635_Start,1000,1,0,TTAGGG
contig-0001636_Start,1000,0,0,TTAGGG
contig-0001637_Start,1000,0,0,TTAGGG
contig-0001638_Start,1000,0,2,TTAGGG
contig-0001639_Start,1000,1,0,TTAGGG
contig-0001640_Start,1000,0,0,TTAGGG
contig-0001641_Start,1000,0,1,TTAGGG
contig-0001642_Start,1000,0,0,TTAGGG
contig-0001643_Start,1000,0,0,TTAGGG
contig-0001644_Start,1000,0,0,TTAGGG
contig-0001645_Start,1000,0,1,TTAGGG
contig-0001646_Start,1000,0,1,TTAGGG
contig-0001647_Start,1000,0,0,TTAGGG
contig-0001648_Start,1000,0,0,TTAGGG
contig-0001649_Start,1000,0,0,TTAGGG
contig-0001650_Start,1000,1,0,TTAGGG
contig-0001651_Start,1000,0,0,TTAGGG
contig-0001652_Start,1000,0,1,TTAGGG
contig-0001653_Start,1000,2,0,TTAGGG
contig-0001654_Start,1000,0,1,TTAGGG
contig-0001655_Start,1000,0,0,TTAGGG
contig-0001656_Start,1000,0,0,TTAGGG
contig-0001657_Start,1000,0,0,TTAGGG
contig-0001658_Start,1000,0,1,TTAGGG
contig-0001659_Start,1000,0,1,TTAGGG
contig-0001660_Start,1000,0,0,TTAGGG
contig-0001661_Start,1000,0,0,TTAGGG
contig-0001662_Start,1000,0,0,TTAGGG
contig-0001663_Start,1000,0,0,TTAGGG
contig-0001664_Start,1000,1,0,TTAGGG
contig-0001665_Start,1000,0,0,TTAGGG
contig-0001666_Start,1000,0,0,TTAGGG
contig-0001667_Start,1000,0,0,TTAGGG
contig-0001668_Start,1000,0,0,TTAGGG
contig-0001669_Start,1000,0,0,TTAGGG
contig-0001670_Start,1000,0,0,TTAGGG
contig-0001671_Start,1000,0,0,TTAGGG
contig-0001672_Start,1000,0,0,TTAGGG
contig-0001673_Start,1000,0,0,TTAGGG
contig-0001674_Start,1000,0,0,TTAGGG
contig-0001675_Start,1000,1,0,TTAGGG
contig-0001676_Start,1000,0,0,TTAGGG
contig-0001677_Start,1000,2,0,TTAGGG
contig-0001678_Start,1000,0,1,TTAGGG
contig-0001679_Start,1000,0,0,TTAGGG
contig-0001680_Start,1000,0,0,TTAGGG
contig-0001681_Start,1000,0,0,TTAGGG
contig-0001682_Start,1000,0,0,TTAGGG
contig-0001683_Start,1000,0,0,TTAGGG
contig-0001684_Start,1000,0,0,TTAGGG
contig-0001685_Start,1000,0,0,TTAGGG
contig-0001686_Start,1000,0,1,TTAGGG
contig-0001687_Start,1000,0,0,TTAGGG
contig-0001688_Start,1000,0,0,TTAGGG
contig-0001689_Start,1000,0,0,TTAGGG
contig-0001690_Start,1000,0,0,TTAGGG
contig-0001691_Start,1000,0,0,TTAGGG
contig-0001692_Start,1000,0,0,TTAGGG
contig-0001693_Start,1000,1,0,TTAGGG
contig-0001694_Start,1000,0,0,TTAGGG
contig-0001695_Start,1000,0,0,TTAGGG
contig-0001696_Start,1000,0,1,TTAGGG
contig-0001697_Start,1000,0,0,TTAGGG
contig-0001698_Start,1000,1,0,TTAGGG
contig-0001699_Start,1000,0,0,TTAGGG
contig-0001700_Start,1000,0,0,TTAGGG
contig-0001701_Start,1000,0,0,TTAGGG
contig-0001702_Start,1000,1,0,TTAGGG
contig-0001703_Start,1000,0,0,TTAGGG
contig-0001704_Start,1000,0,0,TTAGGG
contig-0001705_Start,1000,0,1,TTAGGG
contig-0001706_Start,1000,0,0,TTAGGG
contig-0001707_Start,1000,0,0,TTAGGG
contig-0001708_Start,1000,0,1,TTAGGG
contig-0001709_Start,1000,0,0,TTAGGG
contig-0001710_Start,1000,1,0,TTAGGG
contig-0001711_Start,1000,0,0,TTAGGG
contig-0001712_Start,1000,0,0,TTAGGG
contig-0001713_Start,1000,0,1,TTAGGG
contig-0001714_Start,1000,0,0,TTAGGG
contig-0001715_Start,1000,0,0,TTAGGG
contig-0001716_Start,1000,0,0,TTAGGG
contig-0001717_Start,1000,0,0,TTAGGG
contig-0001718_Start,1000,0,0,TTAGGG
contig-0001719_Start,1000,1,1,TTAGGG
contig-0001720_Start,1000,0,0,TTAGGG
contig-0001721_Start,1000,0,2,TTAGGG
contig-0001722_Start,1000,0,0,TTAGGG
contig-0001723_Start,1000,1,0,TTAGGG
contig-0001724_Start,1000,0,0,TTAGGG
contig-0001725_Start,1000,0,0,TTAGGG
contig-0001726_Start,1000,1,0,TTAGGG
contig-0001727_Start,1000,0,0,TTAGGG
contig-0001728_Start,1000,1,1,TTAGGG
contig-0001729_Start,1000,0,0,TTAGGG
contig-0001730_Start,1000,0,0,TTAGGG
contig-0001731_Start,1000,0,0,TTAGGG
contig-0001732_Start,1000,1,0,TTAGGG
contig-0001733_Start,1000,0,0,TTAGGG
contig-0001734_Start,1000,0,0,TTAGGG
contig-0001735_Start,1000,0,0,TTAGGG
contig-0001736_Start,1000,1,0,TTAGGG
contig-0001737_Start,1000,0,0,TTAGGG
contig-0001738_Start,1000,0,0,TTAGGG
contig-0001739_Start,1000,0,0,TTAGGG
contig-0001740_Start,1000,0,0,TTAGGG
contig-0001741_Start,1000,0,0,TTAGGG
contig-0001742_Start,1000,0,0,TTAGGG
contig-0001743_Start,1000,0,1,TTAGGG
contig-0001744_Start,1000,0,1,TTAGGG
contig-0001745_Start,1000,0,0,TTAGGG
contig-0001746_Start,1000,0,0,TTAGGG
contig-0001747_Start,1000,0,0,TTAGGG
contig-0001748_Start,1000,0,0,TTAGGG
contig-0001749_Start,1000,0,1,TTAGGG
contig-0001750_Start,1000,0,0,TTAGGG
contig-0001751_Start,1000,0,0,TTAGGG
contig-0001752_Start,1000,0,0,TTAGGG
contig-0001753_Start,1000,0,0,TTAGGG
contig-0001754_Start,1000,1,0,TTAGGG
contig-0001755_Start,1000,0,0,TTAGGG
contig-0001756_Start,1000,2,0,TTAGGG
contig-0001757_Start,1000,1,0,TTAGGG
contig-0001758_Start,1000,0,0,TTAGGG
contig-0001759_Start,1000,0,0,TTAGGG
contig-0001760_Start,1000,0,0,TTAGGG
contig-0001761_Start,1000,0,0,TTAGGG
contig-0001762_Start,1000,0,0,TTAGGG
contig-0001763_Start,1000,1,0,TTAGGG
contig-0001764_Start,1000,2,0,TTAGGG
contig-0001765_Start,1000,0,0,TTAGGG
contig-0001766_Start,1000,0,0,TTAGGG
contig-0001767_Start,1000,0,0,TTAGGG
contig-0001768_Start,1000,0,1,TTAGGG
contig-0001769_Start,1000,0,0,TTAGGG
contig-0001770_Start,1000,1,0,TTAGGG
contig-0001771_Start,1000,1,0,TTAGGG
contig-0001772_Start,1000,0,0,TTAGGG
contig-0001773_Start,1000,0,0,TTAGGG
contig-0001774_Start,1000,0,1,TTAGGG
contig-0001775_Start,1000,0,1,TTAGGG
contig-0001776_Start,1000,0,0,TTAGGG
contig-0001777_Start,1000,0,0,TTAGGG
contig-0001778_Start,1000,0,0,TTAGGG
contig-0001779_Start,1000,0,0,TTAGGG
contig-0001780_Start,1000,1,0,TTAGGG
contig-0001781_Start,1000,0,0,TTAGGG
contig-0001782_Start,1000,1,0,TTAGGG
contig-0001783_Start,1000,1,0,TTAGGG
contig-0001784_Start,1000,0,0,TTAGGG
contig-0001785_Start,1000,0,0,TTAGGG
contig-0001786_Start,1000,0,0,TTAGGG
contig-0001787_Start,1000,1,0,TTAGGG
contig-0001788_Start,1000,1,0,TTAGGG
contig-0001789_Start,1000,1,0,TTAGGG
contig-0001790_Start,1000,0,1,TTAGGG
contig-0001791_Start,1000,0,0,TTAGGG
contig-0001792_Start,1000,0,0,TTAGGG
contig-0001793_Start,1000,0,0,TTAGGG
contig-0001794_Start,1000,0,0,TTAGGG
contig-0001795_Start,1000,0,1,TTAGGG
contig-0001796_Start,1000,0,0,TTAGGG
contig-0001797_Start,1000,1,0,TTAGGG
contig-0001798_Start,1000,0,0,TTAGGG
contig-0001799_Start,1000,0,0,TTAGGG
contig-0001800_Start,1000,0,1,TTAGGG
contig-0001801_Start,1000,0,0,TTAGGG
contig-0001802_Start,1000,0,0,TTAGGG
contig-0001803_Start,1000,1,0,TTAGGG
contig-0001804_Start,1000,0,0,TTAGGG
contig-0001805_Start,1000,0,0,TTAGGG
contig-0001806_Start,1000,0,0,TTAGGG
contig-0001807_Start,1000,0,1,TTAGGG
contig-0001808_Start,1000,0,0,TTAGGG
contig-0001809_Start,1000,0,0,TTAGGG
contig-0001810_Start,1000,0,0,TTAGGG
contig-0001811_Start,1000,0,0,TTAGGG
contig-0001812_Start,1000,1,0,TTAGGG
contig-0001813_Start,1000,0,0,TTAGGG
contig-0001814_Start,1000,0,0,TTAGGG
contig-0001815_Start,1000,0,0,TTAGGG
contig-0001816_Start,1000,0,0,TTAGGG
contig-0001817_Start,1000,0,0,TTAGGG
contig-0001818_Start,1000,0,0,TTAGGG
contig-0001819_Start,1000,0,0,TTAGGG
contig-0001820_Start,1000,0,0,TTAGGG
contig-0001821_Start,1000,0,0,TTAGGG
contig-0001822_Start,1000,0,0,TTAGGG
contig-0001823_Start,1000,0,0,TTAGGG
contig-0001824_Start,1000,0,0,TTAGGG
contig-0001825_Start,1000,0,0,TTAGGG
contig-0001826_Start,1000,0,0,TTAGGG
contig-0001827_Start,1000,0,0,TTAGGG
contig-0001828_Start,1000,0,2,TTAGGG
contig-0001829_Start,1000,1,1,TTAGGG
contig-0001830_Start,1000,0,0,TTAGGG
contig-0001831_Start,1000,0,0,TTAGGG
contig-0001832_Start,1000,0,0,TTAGGG
contig-0001833_Start,1000,0,1,TTAGGG
contig-0001834_Start,1000,1,1,TTAGGG
contig-0001835_Start,1000,0,0,TTAGGG
contig-0001836_Start,1000,0,0,TTAGGG
contig-0001837_Start,1000,0,0,TTAGGG
contig-0001838_Start,1000,0,0,TTAGGG
contig-0001839_Start,1000,0,0,TTAGGG
contig-0001840_Start,1000,1,0,TTAGGG
contig-0001841_Start,1000,0,0,TTAGGG
contig-0001842_Start,1000,0,0,TTAGGG
contig-0001843_Start,1000,1,0,TTAGGG
contig-0001844_Start,1000,1,0,TTAGGG
contig-0001845_Start,1000,0,0,TTAGGG
contig-0001846_Start,1000,0,0,TTAGGG
contig-0001847_Start,1000,0,1,TTAGGG
contig-0001848_Start,1000,0,0,TTAGGG
contig-0001849_Start,1000,0,0,TTAGGG
contig-0001850_Start,1000,0,0,TTAGGG
contig-0001851_Start,1000,0,0,TTAGGG
contig-0001852_Start,1000,0,0,TTAGGG
contig-0001853_Start,1000,0,0,TTAGGG
contig-0001854_Start,1000,1,0,TTAGGG
contig-0001855_Start,1000,0,0,TTAGGG
contig-0001856_Start,1000,1,0,TTAGGG
contig-0001857_Start,1000,1,0,TTAGGG
contig-0001858_Start,1000,0,0,TTAGGG
contig-0001859_Start,1000,0,0,TTAGGG
contig-0001860_Start,1000,0,0,TTAGGG
contig-0001861_Start,1000,0,0,TTAGGG
contig-0001862_Start,1000,1,0,TTAGGG
contig-0001863_Start,1000,1,0,TTAGGG
contig-0001864_Start,1000,1,0,TTAGGG
contig-0001865_Start,1000,0,0,TTAGGG
contig-0001866_Start,1000,0,0,TTAGGG
contig-0001867_Start,1000,0,0,TTAGGG
contig-0001868_Start,1000,1,0,TTAGGG
contig-0001869_Start,1000,0,0,TTAGGG
contig-0001870_Start,1000,0,0,TTAGGG
contig-0001871_Start,1000,0,1,TTAGGG
contig-0001872_Start,1000,0,0,TTAGGG
contig-0001873_Start,1000,1,0,TTAGGG
contig-0001874_Start,1000,0,0,TTAGGG
contig-0001875_Start,1000,0,0,TTAGGG
contig-0001876_Start,1000,0,0,TTAGGG
contig-0001877_Start,1000,0,0,TTAGGG
contig-0001878_Start,1000,0,0,TTAGGG
contig-0001879_Start,1000,0,1,TTAGGG
contig-0001880_Start,1000,0,0,TTAGGG
contig-0001881_Start,1000,0,0,TTAGGG
contig-0001882_Start,1000,0,0,TTAGGG
contig-0001883_Start,1000,0,0,TTAGGG
contig-0001884_Start,1000,0,0,TTAGGG
contig-0001885_Start,1000,0,0,TTAGGG
contig-0001886_Start,1000,0,1,TTAGGG
contig-0001887_Start,1000,0,0,TTAGGG
contig-0001888_Start,1000,0,1,TTAGGG
contig-0001889_Start,1000,0,0,TTAGGG
contig-0001890_Start,1000,0,0,TTAGGG
contig-0001891_Start,1000,0,0,TTAGGG
contig-0001892_Start,1000,0,0,TTAGGG
contig-0001893_Start,1000,0,0,TTAGGG
contig-0001894_Start,1000,1,1,TTAGGG
contig-0001895_Start,1000,0,0,TTAGGG
contig-0001896_Start,1000,1,0,TTAGGG
contig-0001897_Start,1000,2,2,TTAGGG
contig-0001898_Start,1000,1,0,TTAGGG
contig-0001899_Start,1000,0,0,TTAGGG
contig-0001900_Start,1000,0,1,TTAGGG
contig-0001901_Start,1000,1,0,TTAGGG
contig-0001902_Start,1000,0,0,TTAGGG
contig-0001903_Start,1000,0,0,TTAGGG
contig-0001904_Start,1000,0,0,TTAGGG
contig-0001905_Start,1000,0,0,TTAGGG
contig-0001906_Start,1000,0,0,TTAGGG
contig-0001907_Start,1000,0,0,TTAGGG
contig-0001908_Start,1000,0,0,TTAGGG
contig-0001909_Start,1000,0,0,TTAGGG
contig-0001910_Start,1000,0,0,TTAGGG
contig-0001911_Start,1000,0,0,TTAGGG
contig-0001912_Start,1000,0,0,TTAGGG
contig-0001913_Start,1000,0,0,TTAGGG
contig-0001914_Start,1000,0,0,TTAGGG
contig-0001915_Start,1000,0,1,TTAGGG
contig-0001916_Start,1000,0,0,TTAGGG
contig-0001917_Start,1000,1,0,TTAGGG
contig-0001918_Start,1000,0,0,TTAGGG
contig-0001919_Start,1000,0,0,TTAGGG
contig-0001920_Start,1000,0,0,TTAGGG
contig-0001921_Start,1000,0,1,TTAGGG
contig-0001922_Start,1000,1,0,TTAGGG
contig-0001923_Start,1000,0,0,TTAGGG
contig-0001924_Start,1000,0,0,TTAGGG
contig-0001925_Start,1000,0,0,TTAGGG
contig-0001926_Start,1000,1,0,TTAGGG
contig-0001927_Start,1000,0,1,TTAGGG
contig-0001928_Start,1000,0,0,TTAGGG
contig-0001929_Start,1000,1,0,TTAGGG
contig-0001930_Start,1000,0,0,TTAGGG
contig-0001931_Start,1000,1,0,TTAGGG
contig-0001932_Start,1000,0,0,TTAGGG
contig-0001933_Start,1000,0,1,TTAGGG
contig-0001934_Start,1000,0,0,TTAGGG
contig-0001935_Start,1000,0,0,TTAGGG
contig-0001936_Start,1000,1,0,TTAGGG
contig-0001937_Start,1000,1,0,TTAGGG
contig-0001938_Start,1000,0,0,TTAGGG
contig-0001939_Start,1000,0,0,TTAGGG
contig-0001940_Start,1000,0,0,TTAGGG
contig-0001941_Start,1000,0,0,TTAGGG
contig-0001942_Start,1000,0,0,TTAGGG
contig-0001943_Start,1000,0,0,TTAGGG
contig-0001944_Start,1000,1,0,TTAGGG
contig-0001945_Start,1000,0,0,TTAGGG
contig-0001946_Start,1000,0,0,TTAGGG
contig-0001947_Start,1000,0,1,TTAGGG
contig-0001948_Start,1000,1,0,TTAGGG
contig-0001949_Start,1000,0,0,TTAGGG
contig-0001950_Start,1000,1,0,TTAGGG
contig-0001951_Start,1000,0,0,TTAGGG
contig-0001952_Start,1000,2,1,TTAGGG
contig-0001953_Start,1000,0,0,TTAGGG
contig-0001954_Start,1000,2,0,TTAGGG
contig-0001955_Start,1000,0,0,TTAGGG
contig-0001956_Start,1000,0,0,TTAGGG
contig-0001957_Start,1000,0,1,TTAGGG
contig-0001958_Start,1000,0,1,TTAGGG
contig-0001959_Start,1000,0,0,TTAGGG
contig-0001960_Start,1000,0,0,TTAGGG
contig-0001961_Start,1000,0,0,TTAGGG
contig-0001962_Start,1000,0,0,TTAGGG
contig-0001963_Start,1000,0,0,TTAGGG
contig-0001964_Start,1000,0,0,TTAGGG
contig-0001965_Start,1000,0,1,TTAGGG
contig-0001966_Start,1000,1,0,TTAGGG
contig-0001967_Start,1000,1,1,TTAGGG
contig-0001968_Start,1000,0,0,TTAGGG
contig-0001969_Start,1000,0,1,TTAGGG
contig-0001970_Start,1000,0,0,TTAGGG
contig-0001971_Start,1000,0,2,TTAGGG
contig-0001972_Start,1000,1,1,TTAGGG
contig-0001973_Start,1000,1,0,TTAGGG
contig-0001974_Start,1000,0,0,TTAGGG
contig-0001975_Start,1000,0,0,TTAGGG
contig-0001976_Start,1000,0,0,TTAGGG
contig-0001977_Start,1000,0,0,TTAGGG
contig-0001978_Start,1000,0,2,TTAGGG
contig-0001979_Start,1000,0,0,TTAGGG
contig-0001980_Start,1000,0,0,TTAGGG
contig-0001981_Start,1000,0,0,TTAGGG
contig-0001982_Start,1000,0,0,TTAGGG
contig-0001983_Start,1000,0,0,TTAGGG
contig-0001984_Start,1000,0,0,TTAGGG
contig-0001985_Start,1000,0,0,TTAGGG
contig-0001986_Start,1000,0,0,TTAGGG
contig-0001987_Start,1000,0,0,TTAGGG
contig-0001988_Start,1000,0,0,TTAGGG
contig-0001989_Start,1000,0,0,TTAGGG
contig-0001990_Start,1000,0,0,TTAGGG
contig-0001991_Start,1000,0,0,TTAGGG
contig-0001992_Start,1000,0,0,TTAGGG
contig-0001993_Start,1000,0,0,TTAGGG
contig-0001994_Start,1000,1,0,TTAGGG
contig-0001995_Start,1000,0,1,TTAGGG
contig-0001996_Start,1000,0,0,TTAGGG
contig-0001997_Start,1000,0,0,TTAGGG
contig-0001998_Start,1000,0,0,TTAGGG
contig-0001999_Start,1000,0,0,TTAGGG
contig-0002000_Start,1000,1,0,TTAGGG
contig-0002001_Start,1000,0,0,TTAGGG
contig-0002002_Start,1000,1,0,TTAGGG
contig-0002003_Start,1000,0,0,TTAGGG
contig-0002004_Start,1000,0,0,TTAGGG
contig-0002005_Start,1000,0,0,TTAGGG
contig-0002006_Start,1000,1,0,TTAGGG
contig-0002007_Start,1000,0,0,TTAGGG
contig-0002008_Start,1000,0,0,TTAGGG
contig-0002009_Start,1000,0,0,TTAGGG
contig-0002010_Start,1000,0,0,TTAGGG
contig-0002011_Start,1000,0,1,TTAGGG
contig-0002012_Start,1000,0,0,TTAGGG
contig-0002013_Start,1000,0,0,TTAGGG
contig-0002014_Start,1000,0,0,TTAGGG
contig-0002015_Start,1000,0,0,TTAGGG
contig-0002016_Start,1000,0,0,TTAGGG
contig-0002017_Start,1000,0,0,TTAGGG
contig-0002018_Start,1000,1,1,TTAGGG
contig-0002019_Start,1000,0,0,TTAGGG
contig-0002020_Start,1000,0,0,TTAGGG
contig-0002021_Start,1000,0,0,TTAGGG
contig-0002022_Start,1000,0,0,TTAGGG
contig-0002023_Start,1000,0,0,TTAGGG
contig-0002024_Start,1000,0,0,TTAGGG
contig-0002025_Start,1000,0,0,TTAGGG
contig-0002026_Start,1000,0,0,TTAGGG
contig-0002027_Start,1000,0,0,TTAGGG
contig-0002028_Start,1000,0,0,TTAGGG
contig-0002029_Start,1000,0,0,TTAGGG
contig-0002030_Start,1000,0,0,TTAGGG
contig-0002031_Start,1000,0,0,TTAGGG
contig-0002032_Start,1000,0,0,TTAGGG
contig-0002033_Start,1000,0,0,TTAGGG
contig-0002034_Start,1000,0,0,TTAGGG
contig-0002035_Start,1000,0,1,TTAGGG
contig-0002036_Start,1000,0,1,TTAGGG
contig-0002037_Start,1000,1,1,TTAGGG
contig-0002038_Start,1000,0,1,TTAGGG
contig-0002040_Start,1000,0,0,TTAGGG
contig-0002041_Start,1000,1,0,TTAGGG
contig-0002042_Start,1000,0,0,TTAGGG
contig-0002043_Start,1000,1,1,TTAGGG
contig-0002044_Start,1000,0,0,TTAGGG
contig-0002045_Start,1000,0,0,TTAGGG
contig-0002046_Start,1000,0,0,TTAGGG
contig-0002047_Start,1000,0,1,TTAGGG
contig-0002048_Start,1000,1,0,TTAGGG
contig-0002049_Start,1000,0,0,TTAGGG
contig-0002050_Start,1000,0,1,TTAGGG
contig-0002051_Start,1000,0,0,TTAGGG
contig-0002052_Start,1000,0,0,TTAGGG
contig-0002053_Start,1000,0,0,TTAGGG
contig-0002054_Start,1000,0,0,TTAGGG
contig-0002055_Start,1000,0,1,TTAGGG
contig-0002056_Start,1000,0,0,TTAGGG
contig-0002057_Start,1000,2,0,TTAGGG
contig-0002058_Start,1000,0,0,TTAGGG
contig-0002059_Start,1000,0,1,TTAGGG
contig-0002060_Start,1000,1,0,TTAGGG
contig-0002061_Start,1000,2,0,TTAGGG
contig-0002062_Start,1000,0,0,TTAGGG
contig-0002063_Start,1000,1,0,TTAGGG
contig-0002064_Start,1000,0,0,TTAGGG
contig-0002065_Start,1000,1,0,TTAGGG
contig-0002066_Start,1000,0,0,TTAGGG
contig-0002067_Start,1000,0,0,TTAGGG
contig-0002068_Start,1000,0,1,TTAGGG
contig-0002069_Start,1000,0,0,TTAGGG
contig-0002070_Start,1000,1,0,TTAGGG
contig-0002071_Start,1000,0,0,TTAGGG
contig-0002072_Start,1000,0,0,TTAGGG
contig-0002073_Start,1000,0,0,TTAGGG
contig-0002074_Start,1000,1,0,TTAGGG
contig-0002075_Start,1000,0,1,TTAGGG
contig-0002076_Start,1000,0,0,TTAGGG
contig-0002077_Start,1000,0,0,TTAGGG
contig-0002078_Start,1000,0,1,TTAGGG
contig-0002079_Start,1000,0,0,TTAGGG
contig-0002080_Start,1000,1,1,TTAGGG
contig-0002081_Start,1000,1,0,TTAGGG
contig-0002082_Start,1000,2,0,TTAGGG
contig-0002083_Start,1000,0,0,TTAGGG
contig-0002084_Start,1000,0,0,TTAGGG
contig-0002085_Start,1000,0,1,TTAGGG
contig-0002086_Start,1000,0,4,TTAGGG
contig-0002087_Start,1000,0,1,TTAGGG
contig-0002088_Start,1000,0,1,TTAGGG
contig-0002089_Start,1000,0,0,TTAGGG
contig-0002090_Start,1000,0,0,TTAGGG
contig-0002091_Start,1000,1,1,TTAGGG
contig-0002092_Start,1000,0,0,TTAGGG
contig-0002093_Start,1000,0,0,TTAGGG
contig-0002094_Start,1000,0,1,TTAGGG
contig-0002095_Start,1000,0,0,TTAGGG
contig-0002096_Start,1000,1,0,TTAGGG
contig-0002097_Start,1000,0,0,TTAGGG
contig-0002098_Start,1000,0,0,TTAGGG
contig-0002099_Start,1000,0,0,TTAGGG
contig-0002100_Start,1000,0,0,TTAGGG
contig-0002101_Start,1000,1,0,TTAGGG
contig-0002102_Start,1000,0,0,TTAGGG
contig-0002103_Start,1000,0,0,TTAGGG
contig-0002104_Start,1000,0,0,TTAGGG
contig-0002105_Start,1000,0,0,TTAGGG
contig-0002106_Start,1000,0,0,TTAGGG
contig-0002107_Start,1000,0,1,TTAGGG
contig-0002108_Start,1000,0,0,TTAGGG
contig-0002109_Start,1000,0,1,TTAGGG
contig-0002110_Start,1000,0,0,TTAGGG
contig-0002111_Start,1000,1,0,TTAGGG
contig-0002112_Start,1000,1,0,TTAGGG
contig-0002113_Start,1000,1,0,TTAGGG
contig-0002114_Start,1000,2,0,TTAGGG
contig-0002115_Start,1000,0,0,TTAGGG
contig-0002116_Start,1000,0,0,TTAGGG
contig-0002117_Start,1000,0,0,TTAGGG
contig-0002118_Start,1000,0,0,TTAGGG
contig-0002119_Start,1000,0,0,TTAGGG
contig-0002120_Start,1000,0,0,TTAGGG
contig-0002121_Start,1000,0,0,TTAGGG
contig-0002122_Start,1000,0,0,TTAGGG
contig-0002123_Start,1000,0,0,TTAGGG
contig-0002124_Start,1000,0,0,TTAGGG
contig-0002125_Start,1000,1,0,TTAGGG
contig-0002126_Start,1000,0,0,TTAGGG
contig-0002127_Start,1000,0,0,TTAGGG
contig-0002128_Start,1000,0,0,TTAGGG
contig-0002129_Start,1000,0,1,TTAGGG
contig-0002130_Start,1000,0,0,TTAGGG
contig-0002131_Start,1000,0,0,TTAGGG
contig-0002132_Start,1000,0,0,TTAGGG
contig-0002133_Start,1000,1,0,TTAGGG
contig-0002134_Start,1000,3,0,TTAGGG
contig-0002135_Start,1000,0,0,TTAGGG
contig-0002136_Start,1000,0,1,TTAGGG
contig-0002137_Start,1000,0,1,TTAGGG
contig-0002138_Start,1000,0,1,TTAGGG
contig-0002139_Start,1000,1,0,TTAGGG
contig-0002140_Start,1000,0,0,TTAGGG
contig-0002141_Start,1000,0,0,TTAGGG
contig-0002142_Start,1000,1,0,TTAGGG
contig-0002143_Start,1000,0,0,TTAGGG
contig-0002144_Start,1000,0,0,TTAGGG
contig-0002145_Start,1000,0,0,TTAGGG
contig-0002146_Start,1000,1,1,TTAGGG
contig-0002147_Start,1000,0,0,TTAGGG
contig-0002148_Start,1000,0,1,TTAGGG
contig-0002149_Start,1000,0,0,TTAGGG
contig-0002150_Start,1000,1,1,TTAGGG
contig-0002151_Start,1000,0,0,TTAGGG
contig-0002152_Start,1000,0,0,TTAGGG
contig-0002153_Start,1000,0,0,TTAGGG
contig-0002154_Start,1000,0,0,TTAGGG
contig-0002155_Start,1000,1,0,TTAGGG
contig-0002156_Start,1000,0,0,TTAGGG
contig-0002157_Start,1000,1,0,TTAGGG
contig-0002158_Start,1000,0,0,TTAGGG
contig-0002159_Start,1000,0,0,TTAGGG
contig-0002160_Start,1000,0,0,TTAGGG
contig-0002161_Start,1000,0,0,TTAGGG
contig-0002162_Start,1000,0,0,TTAGGG
contig-0002163_Start,1000,0,1,TTAGGG
contig-0002164_Start,1000,0,0,TTAGGG
contig-0002165_Start,1000,0,0,TTAGGG
contig-0002166_Start,1000,0,0,TTAGGG
contig-0002167_Start,1000,0,0,TTAGGG
contig-0002168_Start,1000,0,0,TTAGGG
contig-0002169_Start,1000,0,0,TTAGGG
contig-0002170_Start,1000,0,0,TTAGGG
contig-0002171_Start,1000,0,1,TTAGGG
contig-0002172_Start,1000,0,0,TTAGGG
contig-0002173_Start,1000,1,0,TTAGGG
contig-0002174_Start,1000,0,2,TTAGGG
contig-0002175_Start,1000,0,1,TTAGGG
contig-0002176_Start,1000,0,0,TTAGGG
contig-0002177_Start,1000,0,1,TTAGGG
contig-0002178_Start,1000,1,0,TTAGGG
contig-0002179_Start,1000,0,0,TTAGGG
contig-0002180_Start,1000,1,0,TTAGGG
contig-0002181_Start,1000,1,1,TTAGGG
contig-0002182_Start,1000,0,1,TTAGGG
contig-0002183_Start,1000,0,2,TTAGGG
contig-0002184_Start,1000,1,0,TTAGGG
contig-0002185_Start,1000,0,0,TTAGGG
contig-0002186_Start,1000,0,0,TTAGGG
contig-0002187_Start,1000,0,0,TTAGGG
contig-0002188_Start,1000,0,0,TTAGGG
contig-0002189_Start,1000,0,0,TTAGGG
contig-0002190_Start,1000,0,0,TTAGGG
contig-0002191_Start,1000,0,0,TTAGGG
contig-0002192_Start,1000,0,0,TTAGGG
contig-0002193_Start,1000,0,2,TTAGGG
contig-0002194_Start,1000,3,0,TTAGGG
contig-0002195_Start,1000,0,0,TTAGGG
contig-0002196_Start,1000,0,1,TTAGGG
contig-0002197_Start,1000,1,0,TTAGGG
contig-0002198_Start,1000,1,0,TTAGGG
contig-0002199_Start,1000,1,0,TTAGGG
contig-0002200_Start,1000,0,1,TTAGGG
contig-0002201_Start,1000,0,0,TTAGGG
contig-0002202_Start,1000,0,0,TTAGGG
contig-0002203_Start,1000,0,0,TTAGGG
contig-0002204_Start,1000,0,0,TTAGGG
contig-0002205_Start,1000,0,2,TTAGGG
contig-0002206_Start,1000,0,0,TTAGGG
contig-0002207_Start,1000,0,0,TTAGGG
contig-0002208_Start,1000,0,0,TTAGGG
contig-0002209_Start,1000,0,1,TTAGGG
contig-0002210_Start,1000,0,0,TTAGGG
contig-0002211_Start,1000,0,0,TTAGGG
contig-0002212_Start,1000,0,0,TTAGGG
contig-0002213_Start,1000,0,0,TTAGGG
contig-0002214_Start,1000,0,0,TTAGGG
contig-0002215_Start,1000,0,1,TTAGGG
contig-0002216_Start,1000,1,0,TTAGGG
contig-0002217_Start,1000,0,1,TTAGGG
contig-0002218_Start,1000,0,0,TTAGGG
contig-0002219_Start,1000,0,0,TTAGGG
contig-0002220_Start,1000,0,0,TTAGGG
contig-0002221_Start,1000,0,0,TTAGGG
contig-0002222_Start,1000,0,0,TTAGGG
contig-0002223_Start,1000,0,0,TTAGGG
contig-0002224_Start,1000,1,0,TTAGGG
contig-0002225_Start,1000,0,0,TTAGGG
contig-0002226_Start,1000,0,0,TTAGGG
contig-0002227_Start,1000,0,2,TTAGGG
contig-0002228_Start,1000,0,0,TTAGGG
contig-0002229_Start,1000,0,0,TTAGGG
contig-0002230_Start,1000,0,0,TTAGGG
contig-0002231_Start,1000,0,0,TTAGGG
contig-0002232_Start,1000,0,0,TTAGGG
contig-0002233_Start,1000,1,0,TTAGGG
contig-0002234_Start,1000,0,0,TTAGGG
contig-0002235_Start,1000,0,0,TTAGGG
contig-0002236_Start,1000,0,0,TTAGGG
contig-0002237_Start,1000,0,0,TTAGGG
contig-0002238_Start,1000,0,0,TTAGGG
contig-0002239_Start,1000,0,0,TTAGGG
contig-0002240_Start,1000,1,0,TTAGGG
contig-0002241_Start,1000,0,0,TTAGGG
contig-0002242_Start,1000,1,0,TTAGGG
contig-0002243_Start,1000,1,0,TTAGGG
contig-0002244_Start,1000,0,1,TTAGGG
contig-0002245_Start,1000,1,0,TTAGGG
contig-0002246_Start,1000,1,0,TTAGGG
contig-0002247_Start,1000,1,0,TTAGGG
contig-0002248_Start,1000,0,0,TTAGGG
contig-0002249_Start,1000,0,0,TTAGGG
contig-0002250_Start,1000,0,0,TTAGGG
contig-0002251_Start,1000,0,0,TTAGGG
contig-0002252_Start,1000,0,0,TTAGGG
contig-0002253_Start,1000,0,0,TTAGGG
contig-0002254_Start,1000,0,0,TTAGGG
contig-0002255_Start,1000,0,0,TTAGGG
contig-0002256_Start,1000,0,0,TTAGGG
contig-0002257_Start,1000,1,0,TTAGGG
contig-0002258_Start,1000,0,1,TTAGGG
contig-0002259_Start,1000,0,0,TTAGGG
contig-0002260_Start,1000,0,0,TTAGGG
contig-0002261_Start,1000,0,1,TTAGGG
contig-0002262_Start,1000,0,0,TTAGGG
contig-0002263_Start,1000,1,1,TTAGGG
contig-0002264_Start,1000,0,1,TTAGGG
contig-0002265_Start,1000,0,0,TTAGGG
contig-0002266_Start,1000,0,0,TTAGGG
contig-0002267_Start,1000,1,2,TTAGGG
contig-0002268_Start,1000,1,0,TTAGGG
contig-0002269_Start,1000,1,0,TTAGGG
contig-0002270_Start,1000,0,0,TTAGGG
contig-0002271_Start,1000,0,0,TTAGGG
contig-0002272_Start,1000,0,0,TTAGGG
contig-0002273_Start,1000,0,0,TTAGGG
contig-0002274_Start,1000,0,1,TTAGGG
contig-0002275_Start,1000,0,0,TTAGGG
contig-0002276_Start,1000,0,0,TTAGGG
contig-0002277_Start,1000,0,0,TTAGGG
contig-0002278_Start,1000,0,0,TTAGGG
contig-0002279_Start,1000,0,0,TTAGGG
contig-0002280_Start,1000,0,1,TTAGGG
contig-0002281_Start,1000,0,0,TTAGGG
contig-0002282_Start,1000,0,0,TTAGGG
contig-0002283_Start,1000,0,0,TTAGGG
contig-0002284_Start,1000,0,0,TTAGGG
contig-0002285_Start,1000,0,0,TTAGGG
contig-0002286_Start,1000,0,0,TTAGGG
contig-0002287_Start,1000,0,0,TTAGGG
contig-0002288_Start,1000,0,0,TTAGGG
contig-0002289_Start,1000,0,0,TTAGGG
contig-0002290_Start,1000,0,0,TTAGGG
contig-0002291_Start,1000,0,0,TTAGGG
contig-0002292_Start,1000,0,0,TTAGGG
contig-0002293_Start,1000,0,0,TTAGGG
contig-0002294_Start,1000,0,0,TTAGGG
contig-0002295_Start,1000,1,0,TTAGGG
contig-0002296_Start,1000,0,1,TTAGGG
contig-0002297_Start,1000,0,1,TTAGGG
contig-0002298_Start,1000,0,0,TTAGGG
contig-0002299_Start,1000,2,0,TTAGGG
contig-0002300_Start,1000,0,0,TTAGGG
contig-0002301_Start,1000,1,0,TTAGGG
contig-0002302_Start,1000,0,0,TTAGGG
contig-0002303_Start,1000,1,0,TTAGGG
contig-0002304_Start,1000,0,0,TTAGGG
contig-0002305_Start,1000,0,0,TTAGGG
contig-0002306_Start,1000,1,1,TTAGGG
contig-0002307_Start,1000,0,1,TTAGGG
contig-0002308_Start,1000,0,0,TTAGGG
contig-0002309_Start,1000,0,0,TTAGGG
contig-0002310_Start,1000,1,0,TTAGGG
contig-0002311_Start,1000,0,0,TTAGGG
contig-0002312_Start,1000,0,0,TTAGGG
contig-0002313_Start,1000,0,3,TTAGGG
contig-0002314_Start,1000,1,0,TTAGGG
contig-0002315_Start,1000,0,0,TTAGGG
contig-0002316_Start,1000,0,1,TTAGGG
contig-0002317_Start,1000,0,0,TTAGGG
contig-0002318_Start,1000,0,0,TTAGGG
contig-0002319_Start,1000,0,0,TTAGGG
contig-0002320_Start,1000,0,0,TTAGGG
contig-0002321_Start,1000,0,0,TTAGGG
contig-0002322_Start,1000,0,1,TTAGGG
contig-0002323_Start,1000,0,0,TTAGGG
contig-0002324_Start,1000,1,0,TTAGGG
contig-0002325_Start,1000,1,0,TTAGGG
contig-0002326_Start,1000,1,0,TTAGGG
contig-0002327_Start,1000,0,0,TTAGGG
contig-0002328_Start,1000,0,1,TTAGGG
contig-0002329_Start,1000,0,0,TTAGGG
contig-0002330_Start,1000,0,0,TTAGGG
contig-0002331_Start,1000,0,0,TTAGGG
contig-0002332_Start,1000,0,0,TTAGGG
contig-0002333_Start,1000,0,0,TTAGGG
contig-0002334_Start,1000,0,0,TTAGGG
contig-0002335_Start,1000,0,0,TTAGGG
contig-0002336_Start,1000,0,0,TTAGGG
contig-0002337_Start,1000,0,0,TTAGGG
contig-0002338_Start,1000,0,0,TTAGGG
contig-0002339_Start,1000,0,0,TTAGGG
contig-0002340_Start,1000,0,0,TTAGGG
contig-0002341_Start,1000,1,1,TTAGGG
contig-0002342_Start,1000,0,0,TTAGGG
contig-0002343_Start,1000,0,1,TTAGGG
contig-0002344_Start,1000,0,0,TTAGGG
contig-0002345_Start,1000,0,0,TTAGGG
contig-0002346_Start,1000,1,1,TTAGGG
contig-0002347_Start,1000,1,0,TTAGGG
contig-0002348_Start,1000,0,0,TTAGGG
contig-0002349_Start,1000,0,1,TTAGGG
contig-0002350_Start,1000,0,0,TTAGGG
contig-0002351_Start,1000,0,1,TTAGGG
contig-0002352_Start,1000,0,1,TTAGGG
contig-0002353_Start,1000,1,1,TTAGGG
contig-0002354_Start,1000,1,1,TTAGGG
contig-0002355_Start,1000,0,0,TTAGGG
contig-0002356_Start,1000,1,0,TTAGGG
contig-0002357_Start,1000,0,0,TTAGGG
contig-0002358_Start,1000,0,0,TTAGGG
contig-0002359_Start,1000,1,2,TTAGGG
contig-0002360_Start,1000,0,0,TTAGGG
contig-0002361_Start,1000,1,0,TTAGGG
contig-0002362_Start,1000,0,0,TTAGGG
contig-0002363_Start,1000,0,1,TTAGGG
contig-0002364_Start,1000,0,0,TTAGGG
contig-0002365_Start,1000,1,1,TTAGGG
contig-0002366_Start,1000,0,0,TTAGGG
contig-0002367_Start,1000,0,0,TTAGGG
contig-0002368_Start,1000,0,0,TTAGGG
contig-0002369_Start,1000,0,0,TTAGGG
contig-0002370_Start,1000,0,0,TTAGGG
contig-0002371_Start,1000,0,0,TTAGGG
contig-0002372_Start,1000,0,0,TTAGGG
contig-0002373_Start,1000,0,1,TTAGGG
contig-0002374_Start,1000,0,0,TTAGGG
contig-0002375_Start,1000,1,0,TTAGGG
contig-0002376_Start,1000,0,2,TTAGGG
contig-0002377_Start,1000,0,0,TTAGGG
contig-0002378_Start,1000,1,0,TTAGGG
contig-0002379_Start,1000,1,0,TTAGGG
contig-0002380_Start,1000,0,0,TTAGGG
contig-0002381_Start,1000,0,0,TTAGGG
contig-0002382_Start,1000,0,0,TTAGGG
contig-0002383_Start,1000,0,0,TTAGGG
contig-0002384_Start,1000,0,1,TTAGGG
contig-0002385_Start,1000,1,1,TTAGGG
contig-0002386_Start,1000,0,0,TTAGGG
contig-0002387_Start,1000,1,1,TTAGGG
contig-0002388_Start,1000,0,1,TTAGGG
contig-0002389_Start,1000,0,0,TTAGGG
contig-0002390_Start,1000,0,0,TTAGGG
contig-0002391_Start,1000,0,0,TTAGGG
contig-0002392_Start,1000,1,0,TTAGGG
contig-0002393_Start,1000,0,0,TTAGGG
contig-0002394_Start,1000,0,1,TTAGGG
contig-0002395_Start,1000,0,1,TTAGGG
contig-0002396_Start,1000,0,0,TTAGGG
contig-0002397_Start,1000,0,0,TTAGGG
contig-0002398_Start,1000,0,0,TTAGGG
contig-0002399_Start,1000,0,0,TTAGGG
contig-0002400_Start,1000,0,0,TTAGGG
contig-0002401_Start,1000,0,1,TTAGGG
contig-0002402_Start,1000,0,0,TTAGGG
contig-0002403_Start,1000,0,1,TTAGGG
contig-0002404_Start,1000,1,0,TTAGGG
contig-0002405_Start,1000,0,0,TTAGGG
contig-0002406_Start,1000,0,0,TTAGGG
contig-0002407_Start,1000,1,0,TTAGGG
contig-0002408_Start,1000,0,0,TTAGGG
contig-0002409_Start,1000,0,0,TTAGGG
contig-0002410_Start,1000,1,1,TTAGGG
contig-0002411_Start,1000,1,0,TTAGGG
contig-0002412_Start,1000,0,0,TTAGGG
contig-0002413_Start,1000,0,0,TTAGGG
contig-0002414_Start,1000,0,1,TTAGGG
contig-0002415_Start,1000,0,0,TTAGGG
contig-0002416_Start,1000,0,0,TTAGGG
contig-0002417_Start,1000,0,0,TTAGGG
contig-0002418_Start,1000,1,1,TTAGGG
contig-0002419_Start,1000,0,0,TTAGGG
contig-0002420_Start,1000,0,1,TTAGGG
contig-0002421_Start,1000,0,1,TTAGGG
contig-0002422_Start,1000,1,1,TTAGGG
contig-0002423_Start,1000,0,1,TTAGGG
contig-0002424_Start,1000,0,0,TTAGGG
contig-0002425_Start,1000,1,0,TTAGGG
contig-0002426_Start,1000,0,0,TTAGGG
contig-0002427_Start,1000,0,0,TTAGGG
contig-0002428_Start,1000,0,1,TTAGGG
contig-0002429_Start,1000,0,0,TTAGGG
contig-0002430_Start,1000,0,0,TTAGGG
contig-0002431_Start,1000,0,0,TTAGGG
contig-0002432_Start,1000,0,0,TTAGGG
contig-0002433_Start,1000,1,0,TTAGGG
contig-0002434_Start,1000,0,0,TTAGGG
contig-0002435_Start,1000,0,2,TTAGGG
contig-0002436_Start,1000,1,0,TTAGGG
contig-0002437_Start,1000,0,0,TTAGGG
contig-0002438_Start,1000,0,1,TTAGGG
contig-0002439_Start,1000,0,0,TTAGGG
contig-0002440_Start,1000,0,1,TTAGGG
contig-0002441_Start,1000,0,0,TTAGGG
contig-0002442_Start,1000,0,0,TTAGGG
contig-0002443_Start,1000,0,0,TTAGGG
contig-0002444_Start,1000,0,0,TTAGGG
contig-0002445_Start,1000,0,0,TTAGGG
contig-0002446_Start,1000,0,0,TTAGGG
contig-0002447_Start,1000,0,0,TTAGGG
contig-0002448_Start,1000,0,0,TTAGGG
contig-0002449_Start,1000,0,0,TTAGGG
contig-0002450_Start,1000,0,0,TTAGGG
contig-0002451_Start,1000,0,0,TTAGGG
contig-0002452_Start,1000,0,0,TTAGGG
contig-0002453_Start,1000,0,0,TTAGGG
contig-0002454_Start,1000,0,0,TTAGGG
contig-0002455_Start,1000,0,0,TTAGGG
contig-0002456_Start,1000,0,0,TTAGGG
contig-0002457_Start,1000,0,0,TTAGGG
contig-0002458_Start,1000,0,0,TTAGGG
contig-0002459_Start,1000,0,0,TTAGGG
contig-0002460_Start,1000,1,0,TTAGGG
contig-0002461_Start,1000,0,1,TTAGGG
contig-0002462_Start,1000,1,0,TTAGGG
contig-0002463_Start,1000,0,0,TTAGGG
contig-0002464_Start,1000,0,0,TTAGGG
contig-0002465_Start,1000,0,0,TTAGGG
contig-0002466_Start,1000,3,0,TTAGGG
contig-0002467_Start,1000,0,0,TTAGGG
contig-0002468_Start,1000,0,2,TTAGGG
contig-0002469_Start,1000,1,0,TTAGGG
contig-0002470_Start,1000,0,0,TTAGGG
contig-0002471_Start,1000,1,2,TTAGGG
contig-0002472_Start,1000,1,0,TTAGGG
contig-0002473_Start,1000,0,0,TTAGGG
contig-0002474_Start,1000,0,0,TTAGGG
contig-0002475_Start,1000,2,1,TTAGGG
contig-0002476_Start,1000,1,0,TTAGGG
contig-0002477_Start,1000,0,0,TTAGGG
contig-0002478_Start,1000,1,2,TTAGGG
contig-0002479_Start,1000,0,0,TTAGGG
contig-0002480_Start,1000,1,0,TTAGGG
contig-0002481_Start,1000,0,0,TTAGGG
contig-0002482_Start,1000,0,0,TTAGGG
contig-0002483_Start,1000,1,1,TTAGGG
contig-0002484_Start,1000,0,0,TTAGGG
contig-0002485_Start,1000,1,1,TTAGGG
contig-0002486_Start,1000,0,0,TTAGGG
contig-0002487_Start,1000,0,0,TTAGGG
contig-0002488_Start,1000,0,1,TTAGGG
contig-0002489_Start,1000,0,0,TTAGGG
contig-0002490_Start,1000,0,0,TTAGGG
contig-0002491_Start,1000,1,0,TTAGGG
contig-0002492_Start,1000,0,1,TTAGGG
contig-0002493_Start,1000,0,0,TTAGGG
contig-0002494_Start,1000,0,0,TTAGGG
contig-0002495_Start,1000,0,0,TTAGGG
contig-0002496_Start,1000,0,1,TTAGGG
contig-0002497_Start,1000,0,0,TTAGGG
contig-0002498_Start,1000,0,1,TTAGGG
contig-0002499_Start,1000,0,0,TTAGGG
contig-0002500_Start,1000,0,0,TTAGGG
contig-0002501_Start,1000,0,0,TTAGGG
contig-0002502_Start,1000,1,0,TTAGGG
contig-0002503_Start,1000,0,0,TTAGGG
contig-0002504_Start,1000,0,1,TTAGGG
contig-0002505_Start,1000,0,0,TTAGGG
contig-0002506_Start,1000,0,0,TTAGGG
contig-0002507_Start,1000,0,0,TTAGGG
contig-0002508_Start,1000,1,0,TTAGGG
contig-0002509_Start,1000,1,0,TTAGGG
contig-0002510_Start,1000,0,1,TTAGGG
contig-0002511_Start,1000,0,1,TTAGGG
contig-0002512_Start,1000,0,0,TTAGGG
contig-0002513_Start,1000,0,0,TTAGGG
contig-0002514_Start,1000,0,0,TTAGGG
contig-0002515_Start,1000,0,1,TTAGGG
contig-0002516_Start,1000,1,0,TTAGGG
contig-0002517_Start,1000,0,1,TTAGGG
contig-0002518_Start,1000,1,0,TTAGGG
contig-0002519_Start,1000,0,0,TTAGGG
contig-0002520_Start,1000,0,0,TTAGGG
contig-0002521_Start,1000,0,0,TTAGGG
contig-0002522_Start,1000,0,0,TTAGGG
contig-0002523_Start,1000,1,0,TTAGGG
contig-0002524_Start,1000,1,2,TTAGGG
contig-0002525_Start,1000,0,0,TTAGGG
contig-0002526_Start,1000,0,1,TTAGGG
contig-0002527_Start,1000,0,0,TTAGGG
contig-0002528_Start,1000,0,0,TTAGGG
contig-0002529_Start,1000,0,0,TTAGGG
contig-0002530_Start,1000,0,0,TTAGGG
contig-0002531_Start,1000,0,0,TTAGGG
contig-0002532_Start,1000,0,0,TTAGGG
contig-0002533_Start,1000,0,0,TTAGGG
contig-0002534_Start,1000,0,0,TTAGGG
contig-0002535_Start,1000,0,0,TTAGGG
contig-0002536_Start,1000,0,0,TTAGGG
contig-0002537_Start,1000,1,0,TTAGGG
contig-0002538_Start,1000,0,0,TTAGGG
contig-0002539_Start,1000,0,0,TTAGGG
contig-0002540_Start,1000,0,0,TTAGGG
contig-0002541_Start,1000,0,0,TTAGGG
contig-0002542_Start,1000,0,0,TTAGGG
contig-0002543_Start,1000,0,0,TTAGGG
contig-0002544_Start,1000,0,0,TTAGGG
contig-0002545_Start,1000,0,0,TTAGGG
contig-0002546_Start,1000,0,0,TTAGGG
contig-0002547_Start,1000,1,0,TTAGGG
contig-0002548_Start,1000,2,0,TTAGGG
contig-0002549_Start,1000,0,0,TTAGGG
contig-0002550_Start,1000,1,0,TTAGGG
contig-0002551_Start,1000,0,0,TTAGGG
contig-0002552_Start,1000,0,0,TTAGGG
contig-0002553_Start,1000,0,0,TTAGGG
contig-0002554_Start,1000,0,0,TTAGGG
contig-0002555_Start,1000,1,0,TTAGGG
contig-0002556_Start,1000,0,0,TTAGGG
contig-0002557_Start,1000,0,0,TTAGGG
contig-0002558_Start,1000,0,0,TTAGGG
contig-0002559_Start,1000,0,0,TTAGGG
contig-0002560_Start,1000,0,0,TTAGGG
contig-0002561_Start,1000,0,0,TTAGGG
contig-0002562_Start,1000,0,0,TTAGGG
contig-0002563_Start,1000,0,0,TTAGGG
contig-0002564_Start,1000,1,1,TTAGGG
contig-0002565_Start,1000,0,0,TTAGGG
contig-0002566_Start,1000,0,0,TTAGGG
contig-0002567_Start,1000,0,0,TTAGGG
contig-0002568_Start,1000,0,1,TTAGGG
contig-0002569_Start,1000,1,0,TTAGGG
contig-0002570_Start,1000,2,0,TTAGGG
contig-0002571_Start,1000,2,1,TTAGGG
contig-0002572_Start,1000,0,0,TTAGGG
contig-0002573_Start,1000,1,0,TTAGGG
contig-0002574_Start,1000,0,0,TTAGGG
contig-0002575_Start,1000,0,3,TTAGGG
contig-0002576_Start,1000,0,0,TTAGGG
contig-0002578_Start,1000,0,0,TTAGGG
contig-0002579_Start,1000,0,0,TTAGGG
contig-0002580_Start,1000,0,0,TTAGGG
contig-0002581_Start,1000,0,0,TTAGGG
contig-0002582_Start,1000,0,0,TTAGGG
contig-0002583_Start,1000,0,0,TTAGGG
contig-0002584_Start,1000,0,0,TTAGGG
contig-0002585_Start,1000,0,0,TTAGGG
contig-0002586_Start,1000,0,0,TTAGGG
contig-0002587_Start,1000,0,0,TTAGGG
contig-0002588_Start,1000,0,0,TTAGGG
contig-0002589_Start,1000,2,0,TTAGGG
contig-0002590_Start,1000,0,0,TTAGGG
contig-0002591_Start,1000,0,1,TTAGGG
contig-0002592_Start,1000,0,1,TTAGGG
contig-0002593_Start,1000,0,0,TTAGGG
contig-0002594_Start,1000,1,0,TTAGGG
contig-0002595_Start,1000,1,0,TTAGGG
contig-0002596_Start,1000,1,0,TTAGGG
contig-0002597_Start,1000,0,0,TTAGGG
contig-0002598_Start,1000,1,0,TTAGGG
contig-0002599_Start,1000,0,1,TTAGGG
contig-0002600_Start,1000,0,164,TTAGGG
contig-0002601_Start,1000,0,0,TTAGGG
contig-0002602_Start,1000,0,1,TTAGGG
contig-0002603_Start,1000,1,0,TTAGGG
contig-0002604_Start,1000,0,0,TTAGGG
contig-0002605_Start,1000,0,0,TTAGGG
contig-0002606_Start,1000,0,0,TTAGGG
contig-0002607_Start,1000,0,0,TTAGGG
contig-0002608_Start,1000,0,1,TTAGGG
contig-0002609_Start,1000,0,0,TTAGGG
contig-0002610_Start,1000,0,0,TTAGGG
contig-0002611_Start,1000,0,0,TTAGGG
contig-0002612_Start,1000,0,0,TTAGGG
contig-0002613_Start,1000,1,0,TTAGGG
contig-0002614_Start,1000,0,0,TTAGGG
contig-0002615_Start,1000,0,0,TTAGGG
contig-0002616_Start,1000,0,0,TTAGGG
contig-0002617_Start,1000,0,0,TTAGGG
contig-0002618_Start,1000,0,1,TTAGGG
contig-0002619_Start,1000,0,0,TTAGGG
contig-0002620_Start,1000,2,0,TTAGGG
contig-0002621_Start,1000,0,1,TTAGGG
contig-0002622_Start,1000,1,0,TTAGGG
contig-0002623_Start,1000,1,0,TTAGGG
contig-0002624_Start,1000,0,0,TTAGGG
contig-0002625_Start,1000,1,0,TTAGGG
contig-0002626_Start,1000,0,0,TTAGGG
contig-0002627_Start,1000,0,1,TTAGGG
contig-0002628_Start,1000,0,0,TTAGGG
contig-0002629_Start,1000,0,0,TTAGGG
contig-0002630_Start,1000,0,0,TTAGGG
contig-0002631_Start,1000,0,0,TTAGGG
contig-0002632_Start,1000,0,0,TTAGGG
contig-0002633_Start,1000,0,0,TTAGGG
contig-0002634_Start,1000,0,0,TTAGGG
contig-0002635_Start,1000,1,0,TTAGGG
contig-0002636_Start,1000,0,0,TTAGGG
contig-0002637_Start,1000,0,0,TTAGGG
contig-0002638_Start,1000,0,0,TTAGGG
contig-0002639_Start,1000,0,0,TTAGGG
contig-0002640_Start,1000,0,0,TTAGGG
contig-0002641_Start,1000,0,0,TTAGGG
contig-0002642_Start,1000,0,0,TTAGGG
contig-0002643_Start,1000,0,0,TTAGGG
contig-0002644_Start,1000,1,0,TTAGGG
contig-0002645_Start,1000,0,0,TTAGGG
contig-0002646_Start,1000,0,1,TTAGGG
contig-0002647_Start,1000,0,0,TTAGGG
contig-0002648_Start,1000,0,0,TTAGGG
contig-0002649_Start,1000,0,0,TTAGGG
contig-0002650_Start,1000,1,0,TTAGGG
contig-0002651_Start,1000,0,0,TTAGGG
contig-0002652_Start,1000,0,0,TTAGGG
contig-0002653_Start,1000,0,1,TTAGGG
contig-0002654_Start,1000,0,0,TTAGGG
contig-0002655_Start,1000,0,0,TTAGGG
contig-0002656_Start,1000,0,0,TTAGGG
contig-0002657_Start,1000,0,0,TTAGGG
contig-0002658_Start,1000,1,1,TTAGGG
contig-0002659_Start,1000,0,0,TTAGGG
contig-0002660_Start,1000,0,0,TTAGGG
contig-0002661_Start,1000,0,0,TTAGGG
contig-0002662_Start,1000,0,0,TTAGGG
contig-0002663_Start,1000,0,1,TTAGGG
contig-0002664_Start,1000,0,0,TTAGGG
contig-0002665_Start,1000,0,0,TTAGGG
contig-0002666_Start,1000,0,0,TTAGGG
contig-0002667_Start,1000,0,0,TTAGGG
contig-0002668_Start,1000,0,0,TTAGGG
contig-0002669_Start,1000,0,0,TTAGGG
contig-0002670_Start,1000,0,0,TTAGGG
contig-0002671_Start,1000,0,0,TTAGGG
contig-0002672_Start,1000,0,1,TTAGGG
contig-0002673_Start,1000,0,0,TTAGGG
contig-0002674_Start,1000,1,0,TTAGGG
contig-0002675_Start,1000,0,0,TTAGGG
contig-0002676_Start,1000,1,0,TTAGGG
contig-0002677_Start,1000,0,0,TTAGGG
contig-0002678_Start,1000,1,0,TTAGGG
contig-0002679_Start,1000,0,0,TTAGGG
contig-0002680_Start,1000,0,0,TTAGGG
contig-0002681_Start,1000,1,1,TTAGGG
contig-0002682_Start,1000,0,0,TTAGGG
contig-0002683_Start,1000,0,0,TTAGGG
contig-0002684_Start,1000,0,0,TTAGGG
contig-0002685_Start,1000,1,0,TTAGGG
contig-0002686_Start,1000,0,0,TTAGGG
contig-0002687_Start,1000,0,0,TTAGGG
contig-0002688_Start,1000,0,1,TTAGGG
contig-0002689_Start,1000,1,0,TTAGGG
contig-0002690_Start,1000,0,0,TTAGGG
contig-0002691_Start,1000,1,0,TTAGGG
contig-0002692_Start,1000,0,0,TTAGGG
contig-0002693_Start,1000,0,1,TTAGGG
contig-0002694_Start,1000,0,0,TTAGGG
contig-0002695_Start,1000,0,0,TTAGGG
contig-0002696_Start,1000,0,0,TTAGGG
contig-0002697_Start,1000,1,0,TTAGGG
contig-0002698_Start,1000,1,0,TTAGGG
contig-0002699_Start,1000,0,1,TTAGGG
contig-0002700_Start,1000,0,0,TTAGGG
contig-0002701_Start,1000,0,0,TTAGGG
contig-0002702_Start,1000,0,0,TTAGGG
contig-0002703_Start,1000,0,0,TTAGGG
contig-0002704_Start,1000,0,2,TTAGGG
contig-0002705_Start,1000,0,0,TTAGGG
contig-0002706_Start,1000,0,0,TTAGGG
contig-0002707_Start,1000,0,0,TTAGGG
contig-0002708_Start,1000,0,0,TTAGGG
contig-0002709_Start,1000,0,0,TTAGGG
contig-0002710_Start,1000,0,0,TTAGGG
contig-0002711_Start,1000,0,2,TTAGGG
contig-0002712_Start,1000,0,0,TTAGGG
contig-0002713_Start,1000,0,0,TTAGGG
contig-0002714_Start,1000,0,0,TTAGGG
contig-0002715_Start,1000,0,0,TTAGGG
contig-0002716_Start,1000,0,0,TTAGGG
contig-0002717_Start,1000,0,1,TTAGGG
contig-0002718_Start,1000,0,0,TTAGGG
contig-0002719_Start,1000,0,0,TTAGGG
contig-0002720_Start,1000,0,0,TTAGGG
contig-0002721_Start,1000,0,0,TTAGGG
contig-0002722_Start,1000,0,0,TTAGGG
contig-0002723_Start,1000,0,0,TTAGGG
contig-0002724_Start,1000,0,0,TTAGGG
contig-0002725_Start,1000,1,0,TTAGGG
contig-0002726_Start,1000,0,0,TTAGGG
contig-0002727_Start,1000,0,0,TTAGGG
contig-0002728_Start,1000,0,0,TTAGGG
contig-0002729_Start,1000,0,0,TTAGGG
contig-0002730_Start,1000,0,0,TTAGGG
contig-0002731_Start,1000,0,0,TTAGGG
contig-0002732_Start,1000,0,1,TTAGGG
contig-0002733_Start,1000,1,0,TTAGGG
contig-0002734_Start,1000,0,0,TTAGGG
contig-0002735_Start,1000,0,0,TTAGGG
contig-0002736_Start,1000,0,0,TTAGGG
contig-0002737_Start,1000,1,0,TTAGGG
contig-0002738_Start,1000,0,0,TTAGGG
contig-0002739_Start,1000,0,0,TTAGGG
contig-0002740_Start,1000,0,0,TTAGGG
contig-0002741_Start,1000,0,1,TTAGGG
contig-0002742_Start,1000,0,0,TTAGGG
contig-0002743_Start,1000,0,0,TTAGGG
contig-0002744_Start,1000,1,1,TTAGGG
contig-0002745_Start,1000,1,1,TTAGGG
contig-0002746_Start,1000,0,0,TTAGGG
contig-0002747_Start,1000,0,0,TTAGGG
contig-0002748_Start,1000,1,0,TTAGGG
contig-0002749_Start,1000,2,0,TTAGGG
contig-0002750_Start,1000,0,0,TTAGGG
contig-0002751_Start,1000,0,0,TTAGGG
contig-0002752_Start,1000,1,1,TTAGGG
contig-0002753_Start,1000,1,0,TTAGGG
contig-0002754_Start,1000,0,0,TTAGGG
contig-0002755_Start,1000,0,0,TTAGGG
contig-0002756_Start,1000,0,0,TTAGGG
contig-0002757_Start,1000,1,0,TTAGGG
contig-0002758_Start,1000,0,0,TTAGGG
contig-0002759_Start,1000,2,1,TTAGGG
contig-0002760_Start,1000,0,0,TTAGGG
contig-0002761_Start,1000,0,0,TTAGGG
contig-0002762_Start,1000,0,0,TTAGGG
contig-0002763_Start,1000,0,1,TTAGGG
contig-0002764_Start,1000,0,0,TTAGGG
contig-0002765_Start,1000,0,0,TTAGGG
contig-0002766_Start,1000,0,0,TTAGGG
contig-0002767_Start,1000,0,0,TTAGGG
contig-0002768_Start,1000,0,1,TTAGGG
contig-0002769_Start,1000,0,1,TTAGGG
contig-0002770_Start,1000,0,0,TTAGGG
contig-0002771_Start,1000,0,0,TTAGGG
contig-0002772_Start,1000,1,2,TTAGGG
contig-0002773_Start,1000,0,0,TTAGGG
contig-0002774_Start,1000,2,0,TTAGGG
contig-0002775_Start,1000,0,0,TTAGGG
contig-0002776_Start,1000,0,0,TTAGGG
contig-0002777_Start,1000,0,1,TTAGGG
contig-0002778_Start,1000,0,0,TTAGGG
contig-0002779_Start,1000,1,0,TTAGGG
contig-0002780_Start,1000,0,0,TTAGGG
contig-0002781_Start,1000,0,0,TTAGGG
contig-0002782_Start,1000,0,1,TTAGGG
contig-0002783_Start,1000,0,0,TTAGGG
contig-0002784_Start,1000,0,0,TTAGGG
contig-0002785_Start,1000,0,1,TTAGGG
contig-0002786_Start,1000,0,0,TTAGGG
contig-0002787_Start,1000,0,0,TTAGGG
contig-0002788_Start,1000,0,0,TTAGGG
contig-0002789_Start,1000,0,0,TTAGGG
contig-0002790_Start,1000,0,0,TTAGGG
contig-0002791_Start,1000,2,0,TTAGGG
contig-0002792_Start,1000,0,0,TTAGGG
contig-0002793_Start,1000,0,0,TTAGGG
contig-0002794_Start,1000,0,0,TTAGGG
contig-0002795_Start,1000,0,0,TTAGGG
contig-0002796_Start,1000,1,0,TTAGGG
contig-0002797_Start,1000,1,0,TTAGGG
contig-0002798_Start,1000,0,1,TTAGGG
contig-0002799_Start,1000,0,0,TTAGGG
contig-0002800_Start,1000,1,2,TTAGGG
contig-0002801_Start,1000,0,1,TTAGGG
contig-0002802_Start,1000,0,0,TTAGGG
contig-0002803_Start,1000,0,0,TTAGGG
contig-0002804_Start,1000,0,0,TTAGGG
contig-0002805_Start,1000,0,0,TTAGGG
contig-0002806_Start,1000,0,0,TTAGGG
contig-0002807_Start,1000,0,0,TTAGGG
contig-0002808_Start,1000,0,0,TTAGGG
contig-0002809_Start,1000,0,0,TTAGGG
contig-0002810_Start,1000,0,1,TTAGGG
contig-0002811_Start,1000,0,0,TTAGGG
contig-0002812_Start,1000,0,0,TTAGGG
contig-0002813_Start,1000,0,1,TTAGGG
contig-0002814_Start,1000,1,0,TTAGGG
contig-0002815_Start,1000,0,0,TTAGGG
contig-0002816_Start,1000,0,0,TTAGGG
contig-0002817_Start,1000,0,1,TTAGGG
contig-0002818_Start,1000,0,0,TTAGGG
contig-0002819_Start,1000,0,0,TTAGGG
contig-0002820_Start,1000,0,0,TTAGGG
contig-0002821_Start,1000,0,0,TTAGGG
contig-0002822_Start,1000,0,0,TTAGGG
contig-0002823_Start,1000,0,0,TTAGGG
contig-0002824_Start,1000,0,0,TTAGGG
contig-0002825_Start,1000,0,0,TTAGGG
contig-0002826_Start,1000,0,0,TTAGGG
contig-0002827_Start,1000,1,0,TTAGGG
contig-0002828_Start,1000,0,1,TTAGGG
contig-0002829_Start,1000,0,0,TTAGGG
contig-0002830_Start,1000,1,0,TTAGGG
contig-0002831_Start,1000,1,0,TTAGGG
contig-0002832_Start,1000,0,0,TTAGGG
contig-0002833_Start,1000,0,0,TTAGGG
contig-0002834_Start,1000,0,0,TTAGGG
contig-0002835_Start,1000,0,0,TTAGGG
contig-0002836_Start,1000,0,0,TTAGGG
contig-0002837_Start,1000,0,0,TTAGGG
contig-0002838_Start,1000,0,0,TTAGGG
contig-0002839_Start,1000,2,0,TTAGGG
contig-0002840_Start,1000,0,0,TTAGGG
contig-0002841_Start,1000,0,0,TTAGGG
contig-0002842_Start,1000,0,0,TTAGGG
contig-0002843_Start,1000,0,0,TTAGGG
contig-0002844_Start,1000,0,0,TTAGGG
contig-0002845_Start,1000,1,0,TTAGGG
contig-0002846_Start,1000,0,0,TTAGGG
contig-0002847_Start,1000,0,0,TTAGGG
contig-0002848_Start,1000,0,1,TTAGGG
contig-0002849_Start,1000,0,0,TTAGGG
contig-0002850_Start,1000,1,0,TTAGGG
contig-0002851_Start,1000,0,0,TTAGGG
contig-0002852_Start,1000,0,0,TTAGGG
contig-0002853_Start,1000,1,0,TTAGGG
contig-0002854_Start,1000,0,0,TTAGGG
contig-0002855_Start,1000,0,0,TTAGGG
contig-0002856_Start,1000,0,0,TTAGGG
contig-0002857_Start,1000,0,0,TTAGGG
contig-0002858_Start,1000,1,0,TTAGGG
contig-0002859_Start,1000,0,0,TTAGGG
contig-0002860_Start,1000,0,0,TTAGGG
contig-0002861_Start,1000,0,0,TTAGGG
contig-0002862_Start,1000,2,0,TTAGGG
contig-0002863_Start,1000,0,0,TTAGGG
contig-0002864_Start,1000,0,0,TTAGGG
contig-0002865_Start,1000,0,0,TTAGGG
contig-0002866_Start,1000,0,0,TTAGGG
contig-0002867_Start,1000,1,0,TTAGGG
contig-0002868_Start,1000,2,1,TTAGGG
contig-0002869_Start,1000,0,0,TTAGGG
contig-0002870_Start,1000,0,0,TTAGGG
contig-0002871_Start,1000,1,1,TTAGGG
contig-0002872_Start,1000,0,0,TTAGGG
contig-0002873_Start,1000,0,0,TTAGGG
contig-0002874_Start,1000,0,0,TTAGGG
contig-0002876_Start,1000,0,1,TTAGGG
contig-0002877_Start,1000,0,0,TTAGGG
contig-0002878_Start,1000,0,0,TTAGGG
contig-0002879_Start,1000,0,0,TTAGGG
contig-0002880_Start,1000,0,1,TTAGGG
contig-0002881_Start,1000,0,0,TTAGGG
contig-0002882_Start,1000,0,0,TTAGGG
contig-0002883_Start,1000,1,0,TTAGGG
contig-0002884_Start,1000,0,0,TTAGGG
contig-0002885_Start,1000,0,0,TTAGGG
contig-0002886_Start,1000,0,0,TTAGGG
contig-0002887_Start,1000,1,0,TTAGGG
contig-0002888_Start,1000,0,0,TTAGGG
contig-0002889_Start,1000,0,0,TTAGGG
contig-0002890_Start,1000,0,0,TTAGGG
contig-0002891_Start,1000,0,0,TTAGGG
contig-0002892_Start,1000,0,0,TTAGGG
contig-0002893_Start,1000,0,1,TTAGGG
contig-0002894_Start,1000,0,0,TTAGGG
contig-0002895_Start,1000,0,0,TTAGGG
contig-0002896_Start,1000,0,1,TTAGGG
contig-0002897_Start,1000,0,0,TTAGGG
contig-0002898_Start,1000,0,0,TTAGGG
contig-0002899_Start,1000,0,0,TTAGGG
contig-0002900_Start,1000,0,1,TTAGGG
contig-0002901_Start,1000,2,0,TTAGGG
contig-0002902_Start,1000,0,0,TTAGGG
contig-0002903_Start,1000,0,1,TTAGGG
contig-0002904_Start,1000,0,0,TTAGGG
contig-0002905_Start,1000,1,0,TTAGGG
contig-0002906_Start,1000,0,166,TTAGGG
contig-0002907_Start,1000,0,0,TTAGGG
contig-0002908_Start,1000,0,0,TTAGGG
contig-0002909_Start,1000,1,0,TTAGGG
contig-0002910_Start,1000,0,0,TTAGGG
contig-0002911_Start,1000,0,0,TTAGGG
contig-0002912_Start,1000,1,0,TTAGGG
contig-0002913_Start,1000,0,1,TTAGGG
contig-0002914_Start,1000,0,1,TTAGGG
contig-0002915_Start,1000,0,1,TTAGGG
contig-0002916_Start,1000,0,0,TTAGGG
contig-0002917_Start,1000,0,0,TTAGGG
contig-0002918_Start,1000,1,0,TTAGGG
contig-0002919_Start,1000,0,0,TTAGGG
contig-0002920_Start,1000,0,0,TTAGGG
contig-0002921_Start,1000,0,0,TTAGGG
contig-0002922_Start,1000,0,0,TTAGGG
contig-0002923_Start,1000,0,0,TTAGGG
contig-0002924_Start,1000,0,144,TTAGGG
contig-0002925_Start,1000,0,0,TTAGGG
contig-0002926_Start,1000,0,0,TTAGGG
contig-0002927_Start,1000,0,0,TTAGGG
contig-0002928_Start,1000,0,0,TTAGGG
contig-0002929_Start,1000,0,0,TTAGGG
contig-0002930_Start,1000,0,0,TTAGGG
contig-0002931_Start,1000,0,1,TTAGGG
contig-0002932_Start,1000,0,0,TTAGGG
contig-0002933_Start,1000,0,0,TTAGGG
contig-0002934_Start,1000,0,0,TTAGGG
contig-0002935_Start,1000,0,1,TTAGGG
contig-0002936_Start,1000,0,0,TTAGGG
contig-0002937_Start,1000,1,1,TTAGGG
contig-0002938_Start,1000,0,0,TTAGGG
contig-0002939_Start,1000,0,0,TTAGGG
contig-0002940_Start,1000,0,0,TTAGGG
contig-0002941_Start,1000,0,0,TTAGGG
contig-0002942_Start,1000,0,0,TTAGGG
contig-0002943_Start,1000,0,0,TTAGGG
contig-0002944_Start,1000,0,0,TTAGGG
contig-0002945_Start,1000,0,0,TTAGGG
contig-0002946_Start,1000,0,2,TTAGGG
contig-0002947_Start,1000,0,1,TTAGGG
contig-0002948_Start,1000,0,0,TTAGGG
contig-0002949_Start,1000,0,0,TTAGGG
contig-0002950_Start,1000,1,1,TTAGGG
contig-0002951_Start,1000,0,0,TTAGGG
contig-0002952_Start,1000,0,0,TTAGGG
contig-0002953_Start,1000,0,1,TTAGGG
contig-0002954_Start,1000,0,0,TTAGGG
contig-0002955_Start,1000,1,0,TTAGGG
contig-0002956_Start,1000,0,0,TTAGGG
contig-0002957_Start,1000,0,0,TTAGGG
contig-0002958_Start,1000,0,2,TTAGGG
contig-0002959_Start,1000,0,0,TTAGGG
contig-0002960_Start,1000,0,0,TTAGGG
contig-0002961_Start,1000,0,0,TTAGGG
contig-0002962_Start,1000,0,0,TTAGGG
contig-0002963_Start,1000,0,0,TTAGGG
contig-0002964_Start,1000,0,1,TTAGGG
contig-0002965_Start,1000,1,0,TTAGGG
contig-0002966_Start,1000,0,0,TTAGGG
contig-0002967_Start,1000,0,0,TTAGGG
contig-0002968_Start,1000,0,0,TTAGGG
contig-0002969_Start,1000,0,0,TTAGGG
contig-0002970_Start,1000,0,0,TTAGGG
contig-0002971_Start,1000,0,0,TTAGGG
contig-0002972_Start,1000,1,0,TTAGGG
contig-0002973_Start,1000,1,0,TTAGGG
contig-0002974_Start,1000,0,0,TTAGGG
contig-0002975_Start,1000,0,0,TTAGGG
contig-0002976_Start,1000,1,0,TTAGGG
contig-0002977_Start,1000,1,0,TTAGGG
contig-0002978_Start,1000,0,0,TTAGGG
contig-0002979_Start,1000,0,0,TTAGGG
contig-0002980_Start,1000,0,0,TTAGGG
contig-0002981_Start,1000,0,0,TTAGGG
contig-0002982_Start,1000,1,0,TTAGGG
contig-0002983_Start,1000,1,1,TTAGGG
contig-0002984_Start,1000,0,0,TTAGGG
contig-0002985_Start,1000,1,0,TTAGGG
contig-0002986_Start,1000,0,0,TTAGGG
contig-0002987_Start,1000,0,0,TTAGGG
contig-0002988_Start,1000,0,0,TTAGGG
contig-0002989_Start,1000,1,0,TTAGGG
contig-0002990_Start,1000,0,0,TTAGGG
contig-0002991_Start,1000,0,1,TTAGGG
contig-0002992_Start,1000,0,0,TTAGGG
contig-0002993_Start,1000,0,0,TTAGGG
contig-0002994_Start,1000,0,0,TTAGGG
contig-0002995_Start,1000,0,1,TTAGGG
contig-0002996_Start,1000,0,1,TTAGGG
contig-0002997_Start,1000,0,0,TTAGGG
contig-0002998_Start,1000,2,0,TTAGGG
contig-0002999_Start,1000,0,1,TTAGGG
contig-0003000_Start,1000,0,0,TTAGGG
contig-0003001_Start,1000,0,0,TTAGGG
contig-0003002_Start,1000,1,1,TTAGGG
contig-0003003_Start,1000,0,0,TTAGGG
contig-0003004_Start,1000,0,0,TTAGGG
contig-0003005_Start,1000,0,2,TTAGGG
contig-0003006_Start,1000,0,1,TTAGGG
contig-0003007_Start,1000,1,0,TTAGGG
contig-0003008_Start,1000,0,0,TTAGGG
contig-0003009_Start,1000,0,0,TTAGGG
contig-0003010_Start,1000,0,0,TTAGGG
contig-0003011_Start,1000,0,0,TTAGGG
contig-0003012_Start,1000,0,1,TTAGGG
contig-0003013_Start,1000,0,0,TTAGGG
contig-0003014_Start,1000,0,1,TTAGGG
contig-0003015_Start,1000,0,0,TTAGGG
contig-0003016_Start,1000,0,0,TTAGGG
contig-0003017_Start,1000,0,0,TTAGGG
contig-0003018_Start,1000,0,0,TTAGGG
contig-0003019_Start,1000,0,0,TTAGGG
contig-0003020_Start,1000,0,0,TTAGGG
contig-0003021_Start,1000,0,0,TTAGGG
contig-0003022_Start,1000,0,0,TTAGGG
contig-0003023_Start,1000,0,1,TTAGGG
contig-0003024_Start,1000,0,0,TTAGGG
contig-0003025_Start,1000,0,0,TTAGGG
contig-0003026_Start,1000,0,0,TTAGGG
contig-0003027_Start,1000,0,0,TTAGGG
contig-0003028_Start,1000,1,0,TTAGGG
contig-0003029_Start,1000,0,1,TTAGGG
contig-0003030_Start,1000,0,0,TTAGGG
contig-0003031_Start,1000,0,0,TTAGGG
contig-0003032_Start,1000,0,0,TTAGGG
contig-0003033_Start,1000,1,0,TTAGGG
contig-0003034_Start,1000,0,0,TTAGGG
contig-0003035_Start,1000,0,0,TTAGGG
contig-0003036_Start,1000,0,0,TTAGGG
contig-0003037_Start,1000,0,0,TTAGGG
contig-0003038_Start,1000,0,0,TTAGGG
contig-0003039_Start,1000,0,0,TTAGGG
contig-0003040_Start,1000,0,0,TTAGGG
contig-0003041_Start,1000,0,0,TTAGGG
contig-0003042_Start,1000,1,0,TTAGGG
contig-0003043_Start,1000,0,1,TTAGGG
contig-0003044_Start,1000,0,0,TTAGGG
contig-0003045_Start,1000,0,0,TTAGGG
contig-0003046_Start,1000,0,0,TTAGGG
contig-0003047_Start,1000,0,2,TTAGGG
contig-0003048_Start,1000,0,0,TTAGGG
contig-0003049_Start,1000,0,0,TTAGGG
contig-0003050_Start,1000,0,0,TTAGGG
contig-0003051_Start,1000,0,1,TTAGGG
contig-0003052_Start,1000,0,0,TTAGGG
contig-0003053_Start,1000,0,1,TTAGGG
contig-0003054_Start,1000,0,0,TTAGGG
contig-0003055_Start,1000,0,0,TTAGGG
contig-0003056_Start,1000,0,0,TTAGGG
contig-0003057_Start,1000,0,0,TTAGGG
contig-0003058_Start,1000,0,0,TTAGGG
contig-0003059_Start,1000,0,0,TTAGGG
contig-0003060_Start,1000,0,0,TTAGGG
contig-0003061_Start,1000,0,0,TTAGGG
contig-0003062_Start,1000,0,0,TTAGGG
contig-0003063_Start,1000,1,0,TTAGGG
contig-0003064_Start,1000,0,0,TTAGGG
contig-0003065_Start,1000,0,0,TTAGGG
contig-0003066_Start,1000,0,0,TTAGGG
contig-0003067_Start,1000,1,0,TTAGGG
contig-0003068_Start,1000,0,1,TTAGGG
contig-0003069_Start,1000,0,0,TTAGGG
contig-0003070_Start,1000,0,0,TTAGGG
contig-0003071_Start,1000,0,0,TTAGGG
contig-0003072_Start,1000,0,0,TTAGGG
contig-0003073_Start,1000,0,0,TTAGGG
contig-0003074_Start,1000,0,0,TTAGGG
contig-0003075_Start,1000,0,0,TTAGGG
contig-0003076_Start,1000,0,1,TTAGGG
contig-0003077_Start,1000,1,0,TTAGGG
contig-0003078_Start,1000,1,2,TTAGGG
contig-0003079_Start,1000,0,0,TTAGGG
contig-0003080_Start,1000,0,0,TTAGGG
contig-0003081_Start,1000,0,0,TTAGGG
contig-0003082_Start,1000,1,0,TTAGGG
contig-0003083_Start,1000,1,0,TTAGGG
contig-0003084_Start,1000,0,0,TTAGGG
contig-0003085_Start,1000,0,0,TTAGGG
contig-0003086_Start,1000,0,1,TTAGGG
contig-0003087_Start,1000,0,0,TTAGGG
contig-0003088_Start,1000,0,0,TTAGGG
contig-0003089_Start,1000,0,1,TTAGGG
contig-0003090_Start,1000,1,0,TTAGGG
contig-0003091_Start,1000,0,0,TTAGGG
contig-0003092_Start,1000,0,0,TTAGGG
contig-0003093_Start,1000,0,0,TTAGGG
contig-0003094_Start,1000,0,0,TTAGGG
contig-0003095_Start,1000,0,1,TTAGGG
contig-0003096_Start,1000,0,0,TTAGGG
contig-0003097_Start,1000,0,0,TTAGGG
contig-0003098_Start,1000,0,0,TTAGGG
contig-0003099_Start,1000,2,0,TTAGGG
contig-0003100_Start,1000,0,1,TTAGGG
contig-0003101_Start,1000,0,0,TTAGGG
contig-0003102_Start,1000,0,0,TTAGGG
contig-0003103_Start,1000,0,0,TTAGGG
contig-0003104_Start,1000,0,0,TTAGGG
contig-0003105_Start,1000,0,0,TTAGGG
contig-0003106_Start,1000,1,0,TTAGGG
contig-0003107_Start,1000,0,0,TTAGGG
contig-0003108_Start,1000,0,0,TTAGGG
contig-0003109_Start,1000,0,2,TTAGGG
contig-0003110_Start,1000,0,0,TTAGGG
contig-0003111_Start,1000,0,0,TTAGGG
contig-0003112_Start,1000,0,0,TTAGGG
contig-0003113_Start,1000,1,0,TTAGGG
contig-0003114_Start,1000,0,0,TTAGGG
contig-0003115_Start,1000,0,0,TTAGGG
contig-0003116_Start,1000,1,0,TTAGGG
contig-0003117_Start,1000,0,0,TTAGGG
contig-0003118_Start,1000,0,0,TTAGGG
contig-0003119_Start,1000,0,2,TTAGGG
contig-0003120_Start,1000,0,0,TTAGGG
contig-0003121_Start,1000,0,0,TTAGGG
contig-0003122_Start,1000,0,0,TTAGGG
contig-0003123_Start,1000,0,0,TTAGGG
contig-0003124_Start,1000,0,0,TTAGGG
contig-0003125_Start,1000,0,0,TTAGGG
contig-0003126_Start,1000,0,0,TTAGGG
contig-0003127_Start,1000,0,0,TTAGGG
contig-0003128_Start,1000,0,0,TTAGGG
contig-0003129_Start,1000,0,0,TTAGGG
contig-0003130_Start,1000,0,0,TTAGGG
contig-0003131_Start,1000,0,1,TTAGGG
contig-0003132_Start,1000,0,0,TTAGGG
contig-0003133_Start,1000,0,0,TTAGGG
contig-0003134_Start,1000,1,0,TTAGGG
contig-0003135_Start,1000,0,0,TTAGGG
contig-0003136_Start,1000,0,0,TTAGGG
contig-0003137_Start,1000,0,0,TTAGGG
contig-0003138_Start,1000,0,0,TTAGGG
contig-0003139_Start,1000,1,1,TTAGGG
contig-0003140_Start,1000,0,0,TTAGGG
contig-0003141_Start,1000,1,0,TTAGGG
contig-0003142_Start,1000,0,0,TTAGGG
contig-0003143_Start,1000,0,1,TTAGGG
contig-0003144_Start,1000,0,0,TTAGGG
contig-0003145_Start,1000,0,0,TTAGGG
contig-0003146_Start,1000,0,1,TTAGGG
contig-0003147_Start,1000,0,0,TTAGGG
contig-0003148_Start,1000,1,0,TTAGGG
contig-0003149_Start,1000,0,0,TTAGGG
contig-0003150_Start,1000,0,0,TTAGGG
contig-0003151_Start,1000,1,0,TTAGGG
contig-0003152_Start,1000,0,0,TTAGGG
contig-0003153_Start,1000,0,0,TTAGGG
contig-0003154_Start,1000,0,0,TTAGGG
contig-0003155_Start,1000,0,0,TTAGGG
contig-0003156_Start,1000,0,0,TTAGGG
contig-0003157_Start,1000,0,0,TTAGGG
contig-0003158_Start,1000,0,0,TTAGGG
contig-0003159_Start,1000,0,0,TTAGGG
contig-0003160_Start,1000,0,1,TTAGGG
contig-0003161_Start,1000,0,0,TTAGGG
contig-0003162_Start,1000,1,2,TTAGGG
contig-0003163_Start,1000,0,2,TTAGGG
contig-0003164_Start,1000,1,0,TTAGGG
contig-0003165_Start,1000,0,0,TTAGGG
contig-0003166_Start,1000,0,0,TTAGGG
contig-0003167_Start,1000,0,0,TTAGGG
contig-0003168_Start,1000,0,0,TTAGGG
contig-0003169_Start,1000,0,0,TTAGGG
contig-0003170_Start,1000,2,1,TTAGGG
contig-0003171_Start,1000,1,0,TTAGGG
contig-0003172_Start,1000,0,0,TTAGGG
contig-0003173_Start,1000,1,0,TTAGGG
contig-0003174_Start,1000,0,0,TTAGGG
contig-0003175_Start,1000,0,0,TTAGGG
contig-0003176_Start,1000,1,0,TTAGGG
contig-0003177_Start,1000,0,0,TTAGGG
contig-0003178_Start,1000,0,0,TTAGGG
contig-0003179_Start,1000,0,0,TTAGGG
contig-0003180_Start,1000,0,0,TTAGGG
contig-0003181_Start,1000,0,0,TTAGGG
contig-0003182_Start,1000,0,0,TTAGGG
contig-0003183_Start,1000,0,0,TTAGGG
contig-0003184_Start,1000,1,0,TTAGGG
contig-0003185_Start,1000,0,0,TTAGGG
contig-0003186_Start,1000,1,0,TTAGGG
contig-0003187_Start,1000,0,0,TTAGGG
contig-0003188_Start,1000,0,0,TTAGGG
contig-0003189_Start,1000,0,0,TTAGGG
contig-0003190_Start,1000,0,0,TTAGGG
contig-0003191_Start,1000,0,0,TTAGGG
contig-0003192_Start,1000,0,0,TTAGGG
contig-0003193_Start,1000,0,0,TTAGGG
contig-0003194_Start,1000,0,0,TTAGGG
contig-0003195_Start,1000,0,0,TTAGGG
contig-0003196_Start,1000,0,0,TTAGGG
contig-0003197_Start,1000,0,0,TTAGGG
contig-0003198_Start,1000,0,0,TTAGGG
contig-0003199_Start,1000,0,0,TTAGGG
contig-0003200_Start,1000,0,1,TTAGGG
contig-0003201_Start,1000,0,0,TTAGGG
contig-0003202_Start,1000,0,0,TTAGGG
contig-0003203_Start,1000,0,0,TTAGGG
contig-0003204_Start,1000,0,2,TTAGGG
contig-0003205_Start,1000,0,0,TTAGGG
contig-0003206_Start,1000,0,1,TTAGGG
contig-0003207_Start,1000,0,1,TTAGGG
contig-0003208_Start,1000,0,0,TTAGGG
contig-0003209_Start,1000,0,0,TTAGGG
contig-0003210_Start,1000,0,0,TTAGGG
contig-0003211_Start,1000,0,0,TTAGGG
contig-0003212_Start,1000,0,0,TTAGGG
contig-0003213_Start,1000,0,0,TTAGGG
contig-0003214_Start,1000,0,1,TTAGGG
contig-0003215_Start,1000,0,0,TTAGGG
contig-0003216_Start,1000,0,0,TTAGGG
contig-0003217_Start,1000,0,0,TTAGGG
contig-0003218_Start,1000,1,0,TTAGGG
contig-0003219_Start,1000,1,0,TTAGGG
contig-0003220_Start,1000,0,1,TTAGGG
contig-0003221_Start,1000,0,0,TTAGGG
contig-0003222_Start,1000,0,0,TTAGGG
contig-0003223_Start,1000,0,0,TTAGGG
contig-0003224_Start,1000,1,1,TTAGGG
contig-0003225_Start,1000,0,0,TTAGGG
contig-0003226_Start,1000,0,0,TTAGGG
contig-0003227_Start,1000,0,0,TTAGGG
contig-0003228_Start,1000,1,0,TTAGGG
contig-0003229_Start,1000,0,0,TTAGGG
contig-0003230_Start,1000,0,0,TTAGGG
contig-0003231_Start,1000,0,0,TTAGGG
contig-0003232_Start,1000,0,1,TTAGGG
contig-0003233_Start,1000,1,1,TTAGGG
contig-0003234_Start,1000,0,0,TTAGGG
contig-0003235_Start,1000,0,0,TTAGGG
contig-0003236_Start,1000,0,0,TTAGGG
contig-0003237_Start,1000,0,0,TTAGGG
contig-0003238_Start,1000,0,0,TTAGGG
contig-0003239_Start,1000,0,0,TTAGGG
contig-0003240_Start,1000,0,0,TTAGGG
contig-0003241_Start,1000,1,0,TTAGGG
contig-0003242_Start,1000,0,0,TTAGGG
contig-0003243_Start,1000,0,1,TTAGGG
contig-0003244_Start,1000,1,0,TTAGGG
contig-0003245_Start,1000,0,0,TTAGGG
contig-0003246_Start,1000,0,0,TTAGGG
contig-0003247_Start,1000,1,1,TTAGGG
contig-0003248_Start,1000,0,0,TTAGGG
contig-0003249_Start,1000,0,0,TTAGGG
contig-0003250_Start,1000,0,0,TTAGGG
contig-0003251_Start,1000,0,0,TTAGGG
contig-0003252_Start,1000,0,0,TTAGGG
contig-0003253_Start,1000,1,0,TTAGGG
contig-0003254_Start,1000,0,0,TTAGGG
contig-0003255_Start,1000,0,0,TTAGGG
contig-0003256_Start,1000,0,0,TTAGGG
contig-0003257_Start,1000,0,0,TTAGGG
contig-0003258_Start,1000,0,0,TTAGGG
contig-0003259_Start,1000,0,0,TTAGGG
contig-0003260_Start,1000,0,0,TTAGGG
contig-0003261_Start,1000,0,1,TTAGGG
contig-0003262_Start,1000,0,0,TTAGGG
contig-0003263_Start,1000,0,1,TTAGGG
contig-0003264_Start,1000,0,1,TTAGGG
contig-0003265_Start,1000,0,0,TTAGGG
contig-0003266_Start,1000,2,0,TTAGGG
contig-0003267_Start,1000,0,0,TTAGGG
contig-0003268_Start,1000,1,0,TTAGGG
contig-0003269_Start,1000,0,0,TTAGGG
contig-0003270_Start,1000,0,1,TTAGGG
contig-0003271_Start,1000,0,0,TTAGGG
contig-0003272_Start,1000,0,0,TTAGGG
contig-0003273_Start,1000,0,0,TTAGGG
contig-0003274_Start,1000,0,0,TTAGGG
contig-0003275_Start,1000,0,0,TTAGGG
contig-0003276_Start,1000,0,0,TTAGGG
contig-0003277_Start,1000,0,0,TTAGGG
contig-0003278_Start,1000,0,0,TTAGGG
contig-0003279_Start,1000,0,1,TTAGGG
contig-0003280_Start,1000,0,0,TTAGGG
contig-0003281_Start,1000,0,0,TTAGGG
contig-0003282_Start,1000,0,0,TTAGGG
contig-0003283_Start,1000,0,0,TTAGGG
contig-0003284_Start,1000,0,0,TTAGGG
contig-0003285_Start,1000,1,1,TTAGGG
contig-0003286_Start,1000,0,0,TTAGGG
contig-0003287_Start,1000,0,0,TTAGGG
contig-0003288_Start,1000,0,1,TTAGGG
contig-0003289_Start,1000,0,0,TTAGGG
contig-0003290_Start,1000,0,0,TTAGGG
contig-0003291_Start,1000,0,0,TTAGGG
contig-0003292_Start,1000,0,0,TTAGGG
contig-0003293_Start,1000,0,0,TTAGGG
contig-0003294_Start,1000,0,0,TTAGGG
contig-0003295_Start,1000,0,0,TTAGGG
contig-0003296_Start,1000,0,0,TTAGGG
contig-0003297_Start,1000,0,2,TTAGGG
contig-0003298_Start,1000,0,0,TTAGGG
contig-0003299_Start,1000,0,0,TTAGGG
contig-0003300_Start,1000,0,1,TTAGGG
contig-0003301_Start,1000,1,0,TTAGGG
contig-0003302_Start,1000,0,0,TTAGGG
contig-0003303_Start,1000,0,0,TTAGGG
contig-0003304_Start,1000,0,0,TTAGGG
contig-0003305_Start,1000,0,0,TTAGGG
contig-0003306_Start,1000,0,1,TTAGGG
contig-0003307_Start,1000,0,1,TTAGGG
contig-0003308_Start,1000,0,0,TTAGGG
contig-0003309_Start,1000,0,0,TTAGGG
contig-0003310_Start,1000,0,2,TTAGGG
contig-0003311_Start,1000,0,0,TTAGGG
contig-0003312_Start,1000,0,0,TTAGGG
contig-0003313_Start,1000,0,0,TTAGGG
contig-0003314_Start,1000,0,0,TTAGGG
contig-0003315_Start,1000,0,0,TTAGGG
contig-0003316_Start,1000,0,0,TTAGGG
contig-0003317_Start,1000,0,0,TTAGGG
contig-0003318_Start,1000,0,1,TTAGGG
contig-0003319_Start,1000,0,0,TTAGGG
contig-0003320_Start,1000,0,0,TTAGGG
contig-0003321_Start,1000,0,0,TTAGGG
contig-0003322_Start,1000,0,0,TTAGGG
contig-0003323_Start,1000,0,0,TTAGGG
contig-0003324_Start,1000,0,2,TTAGGG
contig-0003325_Start,1000,0,1,TTAGGG
contig-0003326_Start,1000,0,0,TTAGGG
contig-0003327_Start,1000,0,0,TTAGGG
contig-0003328_Start,1000,0,0,TTAGGG
contig-0003329_Start,1000,0,0,TTAGGG
contig-0003330_Start,1000,0,0,TTAGGG
contig-0003331_Start,1000,1,0,TTAGGG
contig-0003332_Start,1000,0,0,TTAGGG
contig-0003333_Start,1000,0,0,TTAGGG
contig-0003334_Start,1000,0,0,TTAGGG
contig-0003335_Start,1000,0,0,TTAGGG
contig-0003336_Start,1000,0,1,TTAGGG
contig-0003337_Start,1000,0,0,TTAGGG
contig-0003338_Start,1000,0,0,TTAGGG
contig-0003339_Start,1000,1,0,TTAGGG
contig-0003340_Start,1000,0,0,TTAGGG
contig-0003341_Start,1000,0,0,TTAGGG
contig-0003342_Start,1000,0,0,TTAGGG
contig-0003343_Start,1000,0,0,TTAGGG
contig-0003344_Start,1000,0,0,TTAGGG
contig-0003345_Start,1000,0,0,TTAGGG
contig-0003346_Start,1000,0,0,TTAGGG
contig-0003347_Start,1000,0,1,TTAGGG
contig-0003348_Start,1000,0,0,TTAGGG
contig-0003349_Start,1000,0,0,TTAGGG
contig-0003350_Start,1000,0,1,TTAGGG
contig-0003351_Start,1000,0,0,TTAGGG
contig-0003352_Start,1000,1,1,TTAGGG
contig-0003353_Start,1000,0,0,TTAGGG
contig-0003354_Start,1000,0,0,TTAGGG
contig-0003355_Start,1000,0,0,TTAGGG
contig-0003356_Start,1000,0,0,TTAGGG
contig-0003357_Start,1000,0,0,TTAGGG
contig-0003358_Start,1000,0,0,TTAGGG
contig-0003359_Start,1000,1,1,TTAGGG
contig-0003360_Start,1000,0,2,TTAGGG
contig-0003361_Start,1000,1,0,TTAGGG
contig-0003362_Start,1000,0,0,TTAGGG
contig-0003363_Start,1000,0,0,TTAGGG
contig-0003364_Start,1000,0,0,TTAGGG
contig-0003365_Start,1000,0,0,TTAGGG
contig-0003366_Start,1000,0,0,TTAGGG
contig-0003367_Start,1000,0,0,TTAGGG
contig-0003368_Start,1000,0,0,TTAGGG
contig-0003369_Start,1000,1,0,TTAGGG
contig-0003370_Start,1000,0,0,TTAGGG
contig-0003371_Start,1000,0,1,TTAGGG
contig-0003372_Start,1000,0,0,TTAGGG
contig-0003373_Start,1000,0,0,TTAGGG
contig-0003374_Start,1000,0,0,TTAGGG
contig-0003375_Start,1000,0,1,TTAGGG
contig-0003376_Start,1000,0,0,TTAGGG
contig-0003377_Start,1000,0,0,TTAGGG
contig-0003378_Start,1000,0,1,TTAGGG
contig-0003379_Start,1000,0,0,TTAGGG
contig-0003380_Start,1000,0,0,TTAGGG
contig-0003381_Start,1000,0,0,TTAGGG
contig-0003382_Start,1000,0,0,TTAGGG
contig-0003383_Start,1000,0,0,TTAGGG
contig-0003384_Start,1000,1,0,TTAGGG
contig-0003385_Start,1000,2,0,TTAGGG
contig-0003386_Start,1000,1,0,TTAGGG
contig-0003387_Start,1000,0,0,TTAGGG
contig-0003388_Start,1000,0,0,TTAGGG
contig-0003389_Start,1000,0,0,TTAGGG
contig-0003390_Start,1000,0,1,TTAGGG
contig-0003391_Start,1000,0,0,TTAGGG
contig-0003392_Start,1000,1,0,TTAGGG
contig-0003393_Start,1000,0,0,TTAGGG
contig-0003394_Start,1000,0,2,TTAGGG
contig-0003395_Start,1000,1,0,TTAGGG
contig-0003396_Start,1000,0,0,TTAGGG
contig-0003397_Start,1000,0,1,TTAGGG
contig-0003398_Start,1000,0,0,TTAGGG
contig-0003399_Start,1000,0,1,TTAGGG
contig-0003400_Start,1000,0,2,TTAGGG
contig-0003401_Start,1000,0,1,TTAGGG
contig-0003402_Start,1000,0,0,TTAGGG
contig-0003403_Start,1000,0,0,TTAGGG
contig-0003404_Start,1000,0,0,TTAGGG
contig-0003405_Start,1000,2,0,TTAGGG
contig-0003406_Start,1000,0,1,TTAGGG
contig-0003407_Start,1000,0,0,TTAGGG
contig-0003408_Start,1000,0,0,TTAGGG
contig-0003409_Start,1000,0,0,TTAGGG
contig-0003410_Start,1000,1,0,TTAGGG
contig-0003411_Start,1000,1,0,TTAGGG
contig-0003412_Start,1000,0,1,TTAGGG
contig-0003413_Start,1000,0,0,TTAGGG
contig-0003414_Start,1000,0,0,TTAGGG
contig-0003415_Start,1000,0,0,TTAGGG
contig-0003416_Start,1000,0,0,TTAGGG
contig-0003417_Start,1000,0,0,TTAGGG
contig-0003418_Start,1000,1,0,TTAGGG
contig-0003419_Start,1000,0,0,TTAGGG
contig-0003420_Start,1000,0,0,TTAGGG
contig-0003421_Start,1000,1,0,TTAGGG
contig-0003422_Start,1000,1,0,TTAGGG
contig-0003423_Start,1000,0,0,TTAGGG
contig-0003424_Start,1000,0,0,TTAGGG
contig-0003425_Start,1000,0,0,TTAGGG
contig-0003426_Start,1000,0,0,TTAGGG
contig-0003427_Start,1000,0,0,TTAGGG
contig-0003428_Start,1000,0,0,TTAGGG
contig-0003429_Start,1000,0,0,TTAGGG
contig-0003430_Start,1000,0,0,TTAGGG
contig-0003431_Start,1000,0,0,TTAGGG
contig-0003432_Start,1000,0,0,TTAGGG
contig-0003433_Start,1000,1,0,TTAGGG
contig-0003434_Start,1000,0,0,TTAGGG
contig-0003435_Start,1000,0,1,TTAGGG
contig-0003436_Start,1000,0,0,TTAGGG
contig-0003437_Start,1000,1,1,TTAGGG
contig-0003438_Start,1000,0,0,TTAGGG
contig-0003439_Start,1000,0,0,TTAGGG
contig-0003440_Start,1000,0,0,TTAGGG
contig-0003441_Start,1000,0,0,TTAGGG
contig-0003442_Start,1000,0,0,TTAGGG
contig-0003443_Start,1000,0,0,TTAGGG
contig-0003444_Start,1000,0,0,TTAGGG
contig-0003445_Start,1000,0,1,TTAGGG
contig-0003446_Start,1000,0,0,TTAGGG
contig-0003447_Start,1000,0,0,TTAGGG
contig-0003448_Start,1000,0,0,TTAGGG
contig-0003449_Start,1000,1,0,TTAGGG
contig-0003450_Start,1000,1,0,TTAGGG
contig-0003451_Start,1000,1,0,TTAGGG
contig-0003452_Start,1000,1,0,TTAGGG
contig-0003453_Start,1000,0,0,TTAGGG
contig-0003454_Start,1000,0,0,TTAGGG
contig-0003455_Start,1000,0,0,TTAGGG
contig-0003456_Start,1000,0,0,TTAGGG
contig-0003457_Start,1000,0,0,TTAGGG
contig-0003458_Start,1000,0,0,TTAGGG
contig-0003459_Start,1000,0,0,TTAGGG
contig-0003460_Start,1000,1,0,TTAGGG
contig-0003461_Start,1000,0,0,TTAGGG
contig-0003462_Start,1000,0,0,TTAGGG
contig-0003463_Start,1000,1,0,TTAGGG
contig-0003464_Start,1000,0,1,TTAGGG
contig-0003465_Start,1000,1,0,TTAGGG
contig-0003466_Start,1000,1,0,TTAGGG
contig-0003467_Start,1000,0,0,TTAGGG
contig-0003468_Start,1000,0,0,TTAGGG
contig-0003469_Start,1000,1,0,TTAGGG
contig-0003470_Start,1000,0,0,TTAGGG
contig-0003471_Start,1000,0,0,TTAGGG
contig-0003472_Start,1000,0,0,TTAGGG
contig-0003473_Start,1000,0,0,TTAGGG
contig-0003474_Start,1000,1,0,TTAGGG
contig-0003475_Start,1000,0,0,TTAGGG
contig-0003476_Start,1000,0,0,TTAGGG
contig-0003477_Start,1000,0,0,TTAGGG
contig-0003478_Start,1000,0,0,TTAGGG
contig-0003479_Start,1000,1,0,TTAGGG
contig-0003480_Start,1000,0,0,TTAGGG
contig-0003481_Start,1000,0,2,TTAGGG
contig-0003482_Start,1000,0,0,TTAGGG
contig-0003483_Start,1000,0,0,TTAGGG
contig-0003484_Start,1000,0,0,TTAGGG
contig-0003485_Start,1000,0,0,TTAGGG
contig-0003486_Start,1000,1,0,TTAGGG
contig-0003487_Start,1000,0,1,TTAGGG
contig-0003488_Start,1000,0,0,TTAGGG
contig-0003489_Start,1000,0,0,TTAGGG
contig-0003490_Start,1000,0,0,TTAGGG
contig-0003491_Start,1000,0,0,TTAGGG
contig-0003492_Start,1000,0,1,TTAGGG
contig-0003493_Start,1000,0,0,TTAGGG
contig-0003494_Start,1000,0,0,TTAGGG
contig-0003495_Start,1000,0,0,TTAGGG
contig-0003496_Start,1000,0,0,TTAGGG
contig-0003497_Start,1000,1,1,TTAGGG
contig-0003498_Start,1000,0,1,TTAGGG
contig-0003499_Start,1000,0,1,TTAGGG
contig-0003500_Start,1000,0,0,TTAGGG
contig-0003501_Start,1000,1,0,TTAGGG
contig-0003502_Start,1000,1,0,TTAGGG
contig-0003503_Start,1000,0,0,TTAGGG
contig-0003504_Start,1000,0,0,TTAGGG
contig-0003505_Start,1000,0,0,TTAGGG
contig-0003506_Start,1000,1,0,TTAGGG
contig-0003507_Start,1000,0,0,TTAGGG
contig-0003508_Start,1000,0,0,TTAGGG
contig-0003509_Start,1000,0,0,TTAGGG
contig-0003510_Start,1000,0,0,TTAGGG
contig-0003511_Start,1000,0,0,TTAGGG
contig-0003512_Start,1000,0,0,TTAGGG
contig-0003513_Start,1000,0,0,TTAGGG
contig-0003514_Start,1000,0,0,TTAGGG
contig-0003515_Start,1000,0,0,TTAGGG
contig-0003516_Start,1000,0,0,TTAGGG
contig-0003517_Start,1000,0,0,TTAGGG
contig-0003518_Start,1000,1,0,TTAGGG
contig-0003519_Start,1000,1,0,TTAGGG
contig-0003520_Start,1000,0,0,TTAGGG
contig-0003521_Start,1000,0,0,TTAGGG
contig-0003522_Start,1000,1,0,TTAGGG
contig-0003523_Start,1000,0,0,TTAGGG
contig-0003524_Start,1000,0,0,TTAGGG
contig-0003525_Start,1000,0,1,TTAGGG
contig-0003526_Start,1000,0,0,TTAGGG
contig-0003527_Start,1000,1,0,TTAGGG
contig-0003528_Start,1000,1,1,TTAGGG
contig-0003529_Start,1000,0,1,TTAGGG
contig-0003530_Start,1000,0,1,TTAGGG
contig-0003531_Start,1000,0,0,TTAGGG
contig-0003532_Start,1000,0,1,TTAGGG
contig-0003533_Start,1000,0,1,TTAGGG
contig-0003534_Start,1000,0,0,TTAGGG
contig-0003535_Start,1000,0,0,TTAGGG
contig-0003536_Start,1000,0,0,TTAGGG
contig-0003537_Start,1000,0,0,TTAGGG
contig-0003538_Start,1000,0,0,TTAGGG
contig-0003539_Start,1000,0,0,TTAGGG
contig-0003540_Start,1000,0,0,TTAGGG
contig-0003541_Start,1000,0,0,TTAGGG
contig-0003542_Start,1000,0,0,TTAGGG
contig-0003543_Start,1000,0,0,TTAGGG
contig-0003544_Start,1000,0,0,TTAGGG
contig-0003545_Start,1000,0,0,TTAGGG
contig-0003546_Start,1000,0,1,TTAGGG
contig-0003547_Start,1000,0,0,TTAGGG
contig-0003548_Start,1000,0,0,TTAGGG
contig-0003549_Start,1000,0,1,TTAGGG
contig-0003550_Start,1000,1,0,TTAGGG
contig-0003551_Start,1000,0,0,TTAGGG
contig-0003552_Start,1000,0,0,TTAGGG
contig-0003553_Start,1000,0,0,TTAGGG
contig-0003554_Start,1000,1,0,TTAGGG
contig-0003555_Start,1000,1,0,TTAGGG
contig-0003556_Start,1000,0,0,TTAGGG
contig-0003557_Start,1000,0,2,TTAGGG
contig-0003558_Start,1000,0,1,TTAGGG
contig-0003559_Start,1000,0,0,TTAGGG
contig-0003560_Start,1000,0,0,TTAGGG
contig-0003561_Start,1000,0,0,TTAGGG
contig-0003562_Start,1000,0,0,TTAGGG
contig-0003563_Start,1000,0,0,TTAGGG
contig-0003564_Start,1000,0,0,TTAGGG
contig-0003565_Start,1000,0,0,TTAGGG
contig-0003566_Start,1000,0,0,TTAGGG
contig-0003567_Start,1000,0,0,TTAGGG
contig-0003568_Start,1000,0,0,TTAGGG
contig-0003569_Start,1000,0,0,TTAGGG
contig-0003570_Start,1000,0,0,TTAGGG
contig-0003571_Start,1000,0,1,TTAGGG
contig-0003572_Start,1000,0,0,TTAGGG
contig-0003573_Start,1000,2,1,TTAGGG
contig-0003574_Start,1000,0,0,TTAGGG
contig-0003575_Start,1000,1,0,TTAGGG
contig-0003576_Start,1000,0,0,TTAGGG
contig-0003577_Start,1000,0,0,TTAGGG
contig-0003578_Start,1000,1,1,TTAGGG
contig-0003579_Start,1000,0,0,TTAGGG
contig-0003580_Start,1000,0,0,TTAGGG
contig-0003581_Start,1000,0,0,TTAGGG
contig-0003582_Start,1000,1,0,TTAGGG
contig-0003583_Start,1000,0,0,TTAGGG
contig-0003584_Start,1000,1,0,TTAGGG
contig-0003585_Start,1000,0,0,TTAGGG
contig-0003586_Start,1000,0,1,TTAGGG
contig-0003587_Start,1000,0,0,TTAGGG
contig-0003588_Start,1000,0,0,TTAGGG
contig-0003589_Start,1000,0,0,TTAGGG
contig-0003590_Start,1000,0,0,TTAGGG
contig-0003591_Start,1000,0,0,TTAGGG
contig-0003592_Start,1000,0,0,TTAGGG
contig-0003593_Start,1000,0,0,TTAGGG
contig-0003594_Start,1000,0,1,TTAGGG
contig-0003595_Start,1000,0,0,TTAGGG
contig-0003596_Start,1000,0,0,TTAGGG
contig-0003597_Start,1000,0,0,TTAGGG
contig-0003598_Start,1000,0,0,TTAGGG
contig-0003599_Start,1000,1,0,TTAGGG
contig-0003601_Start,1000,0,0,TTAGGG
contig-0003602_Start,1000,0,0,TTAGGG
contig-0003603_Start,1000,0,0,TTAGGG
contig-0003604_Start,1000,0,0,TTAGGG
contig-0003605_Start,1000,0,1,TTAGGG
contig-0003606_Start,1000,1,0,TTAGGG
contig-0003607_Start,1000,0,0,TTAGGG
contig-0003608_Start,1000,0,0,TTAGGG
contig-0003609_Start,1000,0,0,TTAGGG
contig-0003610_Start,1000,0,0,TTAGGG
contig-0003611_Start,1000,0,0,TTAGGG
contig-0003612_Start,1000,0,0,TTAGGG
contig-0003613_Start,1000,0,0,TTAGGG
contig-0003614_Start,1000,0,1,TTAGGG
contig-0003615_Start,1000,0,0,TTAGGG
contig-0003616_Start,1000,0,0,TTAGGG
contig-0003617_Start,1000,0,0,TTAGGG
contig-0003618_Start,1000,0,0,TTAGGG
contig-0003619_Start,1000,0,0,TTAGGG
contig-0003620_Start,1000,0,0,TTAGGG
contig-0003621_Start,1000,0,0,TTAGGG
contig-0003622_Start,1000,0,0,TTAGGG
contig-0003623_Start,1000,0,0,TTAGGG
contig-0003624_Start,1000,0,0,TTAGGG
contig-0003625_Start,1000,0,1,TTAGGG
contig-0003626_Start,1000,0,0,TTAGGG
contig-0003627_Start,1000,0,1,TTAGGG
contig-0003628_Start,1000,0,0,TTAGGG
contig-0003629_Start,1000,0,0,TTAGGG
contig-0003630_Start,1000,0,0,TTAGGG
contig-0003631_Start,1000,0,0,TTAGGG
contig-0003632_Start,1000,0,0,TTAGGG
contig-0003633_Start,1000,0,0,TTAGGG
contig-0003634_Start,1000,1,0,TTAGGG
contig-0003635_Start,1000,0,0,TTAGGG
contig-0003636_Start,1000,0,0,TTAGGG
contig-0003637_Start,1000,0,0,TTAGGG
contig-0003638_Start,1000,0,0,TTAGGG
contig-0003639_Start,1000,0,0,TTAGGG
contig-0003640_Start,1000,0,0,TTAGGG
contig-0003641_Start,1000,0,1,TTAGGG
contig-0003642_Start,1000,0,0,TTAGGG
contig-0003643_Start,1000,0,0,TTAGGG
contig-0003644_Start,1000,0,2,TTAGGG
contig-0003645_Start,1000,1,1,TTAGGG
contig-0003646_Start,1000,0,0,TTAGGG
contig-0003647_Start,1000,0,0,TTAGGG
contig-0003648_Start,1000,0,0,TTAGGG
contig-0003649_Start,1000,0,1,TTAGGG
contig-0003650_Start,1000,0,2,TTAGGG
contig-0003651_Start,1000,0,0,TTAGGG
contig-0003652_Start,1000,0,0,TTAGGG
contig-0003653_Start,1000,0,0,TTAGGG
contig-0003654_Start,1000,0,1,TTAGGG
contig-0003655_Start,1000,0,0,TTAGGG
contig-0003656_Start,1000,0,0,TTAGGG
contig-0003657_Start,1000,1,0,TTAGGG
contig-0003658_Start,1000,0,0,TTAGGG
contig-0003659_Start,1000,0,0,TTAGGG
contig-0003660_Start,1000,0,0,TTAGGG
contig-0003661_Start,1000,0,1,TTAGGG
contig-0003662_Start,1000,0,0,TTAGGG
contig-0003663_Start,1000,0,0,TTAGGG
contig-0003664_Start,1000,0,2,TTAGGG
contig-0003665_Start,1000,0,0,TTAGGG
contig-0003666_Start,1000,1,0,TTAGGG
contig-0003667_Start,1000,0,0,TTAGGG
contig-0003668_Start,1000,0,0,TTAGGG
contig-0003669_Start,1000,0,0,TTAGGG
contig-0003670_Start,1000,0,0,TTAGGG
contig-0003671_Start,1000,0,0,TTAGGG
contig-0003672_Start,1000,0,0,TTAGGG
contig-0003673_Start,1000,0,0,TTAGGG
contig-0003674_Start,1000,0,0,TTAGGG
contig-0003675_Start,1000,1,0,TTAGGG
contig-0003677_Start,1000,1,0,TTAGGG
contig-0003678_Start,1000,1,0,TTAGGG
contig-0003679_Start,1000,1,0,TTAGGG
contig-0003680_Start,1000,1,0,TTAGGG
contig-0003681_Start,1000,0,0,TTAGGG
contig-0003682_Start,1000,0,0,TTAGGG
contig-0003683_Start,1000,0,0,TTAGGG
contig-0003684_Start,1000,1,1,TTAGGG
contig-0003685_Start,1000,0,0,TTAGGG
contig-0003686_Start,1000,0,1,TTAGGG
contig-0003687_Start,1000,0,0,TTAGGG
contig-0003688_Start,1000,0,0,TTAGGG
contig-0003689_Start,1000,0,0,TTAGGG
contig-0003690_Start,1000,0,0,TTAGGG
contig-0003691_Start,1000,0,0,TTAGGG
contig-0003692_Start,1000,0,0,TTAGGG
contig-0003693_Start,1000,0,0,TTAGGG
contig-0003694_Start,1000,0,0,TTAGGG
contig-0003695_Start,1000,0,0,TTAGGG
contig-0003696_Start,1000,0,0,TTAGGG
contig-0003697_Start,1000,0,0,TTAGGG
contig-0003698_Start,1000,0,0,TTAGGG
contig-0003699_Start,1000,1,0,TTAGGG
contig-0003700_Start,1000,0,0,TTAGGG
contig-0003701_Start,1000,0,0,TTAGGG
contig-0003702_Start,1000,0,0,TTAGGG
contig-0003703_Start,1000,0,0,TTAGGG
contig-0003704_Start,1000,1,0,TTAGGG
contig-0003705_Start,1000,0,0,TTAGGG
contig-0003706_Start,1000,0,0,TTAGGG
contig-0003707_Start,1000,0,0,TTAGGG
contig-0003708_Start,1000,0,0,TTAGGG
contig-0003709_Start,1000,3,0,TTAGGG
contig-0003710_Start,1000,0,1,TTAGGG
contig-0003711_Start,1000,0,0,TTAGGG
contig-0003712_Start,1000,0,0,TTAGGG
contig-0003713_Start,1000,0,0,TTAGGG
contig-0003714_Start,1000,0,0,TTAGGG
contig-0003715_Start,1000,0,0,TTAGGG
contig-0003716_Start,1000,0,0,TTAGGG
contig-0003718_Start,1000,0,0,TTAGGG
contig-0003719_Start,1000,0,0,TTAGGG
contig-0003720_Start,1000,0,1,TTAGGG
contig-0003721_Start,1000,0,0,TTAGGG
contig-0003722_Start,1000,0,0,TTAGGG
contig-0003723_Start,1000,0,0,TTAGGG
contig-0003724_Start,1000,0,0,TTAGGG
contig-0003725_Start,1000,0,0,TTAGGG
contig-0003726_Start,1000,0,0,TTAGGG
contig-0003727_Start,1000,1,2,TTAGGG
contig-0003728_Start,1000,0,0,TTAGGG
contig-0003729_Start,1000,0,0,TTAGGG
contig-0003730_Start,1000,0,1,TTAGGG
contig-0003731_Start,1000,0,0,TTAGGG
contig-0003732_Start,1000,1,2,TTAGGG
contig-0003733_Start,1000,0,0,TTAGGG
contig-0003734_Start,1000,0,0,TTAGGG
contig-0003735_Start,1000,0,0,TTAGGG
contig-0003736_Start,1000,0,0,TTAGGG
contig-0003737_Start,1000,0,0,TTAGGG
contig-0003738_Start,1000,0,1,TTAGGG
contig-0003739_Start,1000,1,0,TTAGGG
contig-0003740_Start,1000,0,0,TTAGGG
contig-0003741_Start,1000,1,0,TTAGGG
contig-0003742_Start,1000,0,1,TTAGGG
contig-0003743_Start,1000,0,0,TTAGGG
contig-0003744_Start,1000,0,0,TTAGGG
contig-0003745_Start,1000,0,1,TTAGGG
contig-0003746_Start,1000,0,1,TTAGGG
contig-0003747_Start,1000,0,0,TTAGGG
contig-0003748_Start,1000,0,0,TTAGGG
contig-0003749_Start,1000,0,1,TTAGGG
contig-0003750_Start,1000,2,0,TTAGGG
contig-0003751_Start,1000,0,0,TTAGGG
contig-0003752_Start,1000,0,1,TTAGGG
contig-0003753_Start,1000,0,1,TTAGGG
contig-0003754_Start,1000,0,1,TTAGGG
contig-0003755_Start,1000,0,0,TTAGGG
contig-0003756_Start,1000,0,0,TTAGGG
contig-0003757_Start,1000,1,1,TTAGGG
contig-0003758_Start,1000,1,0,TTAGGG
contig-0003759_Start,1000,1,0,TTAGGG
contig-0003760_Start,1000,0,0,TTAGGG
contig-0003761_Start,1000,0,0,TTAGGG
contig-0003762_Start,1000,0,0,TTAGGG
contig-0003763_Start,1000,0,0,TTAGGG
contig-0003764_Start,1000,0,0,TTAGGG
contig-0003765_Start,1000,0,0,TTAGGG
contig-0003766_Start,1000,0,0,TTAGGG
contig-0003767_Start,1000,0,1,TTAGGG
contig-0003768_Start,1000,0,1,TTAGGG
contig-0003769_Start,1000,0,0,TTAGGG
contig-0003770_Start,1000,0,0,TTAGGG
contig-0003771_Start,1000,0,1,TTAGGG
contig-0003772_Start,1000,0,1,TTAGGG
contig-0003773_Start,1000,1,0,TTAGGG
contig-0003774_Start,1000,1,0,TTAGGG
contig-0003775_Start,1000,0,0,TTAGGG
contig-0003776_Start,1000,0,0,TTAGGG
contig-0003777_Start,1000,0,0,TTAGGG
contig-0003778_Start,1000,0,0,TTAGGG
contig-0003779_Start,1000,0,0,TTAGGG
contig-0003780_Start,1000,1,1,TTAGGG
contig-0003781_Start,1000,0,0,TTAGGG
contig-0003782_Start,1000,0,0,TTAGGG
contig-0003783_Start,1000,0,1,TTAGGG
contig-0003784_Start,1000,0,0,TTAGGG
contig-0003785_Start,1000,0,0,TTAGGG
contig-0003786_Start,1000,0,0,TTAGGG
contig-0003787_Start,1000,0,1,TTAGGG
contig-0003788_Start,1000,0,0,TTAGGG
contig-0003789_Start,1000,0,0,TTAGGG
contig-0003790_Start,1000,0,0,TTAGGG
contig-0003791_Start,1000,0,0,TTAGGG
contig-0003792_Start,1000,0,1,TTAGGG
contig-0003793_Start,1000,0,0,TTAGGG
contig-0003794_Start,1000,0,0,TTAGGG
contig-0003795_Start,1000,0,2,TTAGGG
contig-0003796_Start,1000,0,0,TTAGGG
contig-0003797_Start,1000,0,0,TTAGGG
contig-0003798_Start,1000,0,0,TTAGGG
contig-0003799_Start,1000,0,0,TTAGGG
contig-0003800_Start,1000,0,0,TTAGGG
contig-0003801_Start,1000,0,0,TTAGGG
contig-0003802_Start,1000,0,0,TTAGGG
contig-0003803_Start,1000,0,1,TTAGGG
contig-0003804_Start,1000,0,0,TTAGGG
contig-0003805_Start,1000,0,0,TTAGGG
contig-0003806_Start,1000,0,0,TTAGGG
contig-0003807_Start,1000,0,0,TTAGGG
contig-0003808_Start,1000,0,0,TTAGGG
contig-0003809_Start,1000,0,1,TTAGGG
contig-0003810_Start,1000,0,2,TTAGGG
contig-0003811_Start,1000,0,0,TTAGGG
contig-0003812_Start,1000,0,0,TTAGGG
contig-0003813_Start,1000,0,0,TTAGGG
contig-0003814_Start,1000,0,0,TTAGGG
contig-0003815_Start,1000,0,1,TTAGGG
contig-0003816_Start,1000,0,1,TTAGGG
contig-0003817_Start,1000,0,0,TTAGGG
contig-0003818_Start,1000,0,0,TTAGGG
contig-0003819_Start,1000,0,0,TTAGGG
contig-0003820_Start,1000,0,0,TTAGGG
contig-0003821_Start,1000,1,0,TTAGGG
contig-0003822_Start,1000,0,0,TTAGGG
contig-0003823_Start,1000,1,0,TTAGGG
contig-0003824_Start,1000,0,0,TTAGGG
contig-0003825_Start,1000,0,0,TTAGGG
contig-0003826_Start,1000,0,0,TTAGGG
contig-0003827_Start,1000,0,0,TTAGGG
contig-0003828_Start,1000,0,0,TTAGGG
contig-0003829_Start,1000,0,1,TTAGGG
contig-0003830_Start,1000,0,0,TTAGGG
contig-0003831_Start,1000,1,1,TTAGGG
contig-0003832_Start,1000,0,1,TTAGGG
contig-0003833_Start,1000,0,0,TTAGGG
contig-0003834_Start,1000,0,0,TTAGGG
contig-0003835_Start,1000,0,0,TTAGGG
contig-0003836_Start,1000,0,0,TTAGGG
contig-0003837_Start,1000,0,0,TTAGGG
contig-0003838_Start,1000,0,0,TTAGGG
contig-0003839_Start,1000,0,0,TTAGGG
contig-0003840_Start,1000,0,0,TTAGGG
contig-0003841_Start,1000,0,0,TTAGGG
contig-0003842_Start,1000,0,0,TTAGGG
contig-0003843_Start,1000,0,0,TTAGGG
contig-0003844_Start,1000,0,0,TTAGGG
contig-0003845_Start,1000,0,0,TTAGGG
contig-0003846_Start,1000,1,0,TTAGGG
contig-0003847_Start,1000,0,0,TTAGGG
contig-0003848_Start,1000,0,0,TTAGGG
contig-0003849_Start,1000,0,0,TTAGGG
contig-0003850_Start,1000,0,0,TTAGGG
contig-0003851_Start,1000,1,0,TTAGGG
contig-0003852_Start,1000,0,1,TTAGGG
contig-0003853_Start,1000,0,0,TTAGGG
contig-0003854_Start,1000,0,0,TTAGGG
contig-0003855_Start,1000,0,0,TTAGGG
contig-0003856_Start,1000,0,0,TTAGGG
contig-0003857_Start,1000,0,0,TTAGGG
contig-0003858_Start,1000,1,0,TTAGGG
contig-0003859_Start,1000,0,0,TTAGGG
contig-0003860_Start,1000,0,1,TTAGGG
contig-0003861_Start,1000,0,0,TTAGGG
contig-0003862_Start,1000,0,2,TTAGGG
contig-0003863_Start,1000,1,1,TTAGGG
contig-0003864_Start,1000,0,0,TTAGGG
contig-0003865_Start,1000,0,0,TTAGGG
contig-0003866_Start,1000,2,0,TTAGGG
contig-0003867_Start,1000,0,0,TTAGGG
contig-0003868_Start,1000,0,0,TTAGGG
contig-0003869_Start,1000,0,0,TTAGGG
contig-0003870_Start,1000,0,0,TTAGGG
contig-0003871_Start,1000,0,0,TTAGGG
contig-0003872_Start,1000,0,0,TTAGGG
contig-0003873_Start,1000,0,0,TTAGGG
contig-0003874_Start,1000,0,0,TTAGGG
contig-0003875_Start,1000,0,0,TTAGGG
contig-0003876_Start,1000,1,0,TTAGGG
contig-0003877_Start,1000,0,0,TTAGGG
contig-0003878_Start,1000,0,0,TTAGGG
contig-0003879_Start,1000,0,0,TTAGGG
contig-0003880_Start,1000,0,0,TTAGGG
contig-0003881_Start,1000,0,0,TTAGGG
contig-0003882_Start,1000,1,0,TTAGGG
contig-0003883_Start,1000,0,0,TTAGGG
contig-0003884_Start,1000,0,0,TTAGGG
contig-0003885_Start,1000,0,0,TTAGGG
contig-0003886_Start,1000,0,0,TTAGGG
contig-0003887_Start,1000,1,0,TTAGGG
contig-0003888_Start,1000,0,0,TTAGGG
contig-0003889_Start,1000,0,1,TTAGGG
contig-0003890_Start,1000,0,0,TTAGGG
contig-0003891_Start,1000,1,0,TTAGGG
contig-0003892_Start,1000,0,0,TTAGGG
contig-0003893_Start,1000,0,0,TTAGGG
contig-0003894_Start,1000,0,0,TTAGGG
contig-0003895_Start,1000,0,1,TTAGGG
contig-0003896_Start,1000,0,0,TTAGGG
contig-0003897_Start,1000,0,0,TTAGGG
contig-0003898_Start,1000,0,0,TTAGGG
contig-0003899_Start,1000,0,0,TTAGGG
contig-0003900_Start,1000,0,0,TTAGGG
contig-0003901_Start,1000,0,0,TTAGGG
contig-0003902_Start,1000,0,0,TTAGGG
contig-0003903_Start,1000,0,0,TTAGGG
contig-0003904_Start,1000,0,0,TTAGGG
contig-0003905_Start,1000,0,0,TTAGGG
contig-0003906_Start,1000,0,0,TTAGGG
contig-0003907_Start,1000,1,0,TTAGGG
contig-0003908_Start,1000,0,1,TTAGGG
contig-0003909_Start,1000,0,0,TTAGGG
contig-0003910_Start,1000,1,0,TTAGGG
contig-0003911_Start,1000,0,0,TTAGGG
contig-0003912_Start,1000,0,0,TTAGGG
contig-0003913_Start,1000,0,0,TTAGGG
contig-0003914_Start,1000,0,0,TTAGGG
contig-0003915_Start,1000,1,0,TTAGGG
contig-0003916_Start,1000,0,2,TTAGGG
contig-0003917_Start,1000,0,0,TTAGGG
contig-0003918_Start,1000,0,0,TTAGGG
contig-0003919_Start,1000,0,1,TTAGGG
contig-0003920_Start,1000,0,1,TTAGGG
contig-0003921_Start,1000,0,2,TTAGGG
contig-0003922_Start,1000,0,0,TTAGGG
contig-0003923_Start,1000,0,166,TTAGGG
contig-0003924_Start,1000,0,0,TTAGGG
contig-0003925_Start,1000,0,0,TTAGGG
contig-0003926_Start,1000,0,0,TTAGGG
contig-0003927_Start,1000,0,0,TTAGGG
contig-0003928_Start,1000,0,0,TTAGGG
contig-0003929_Start,1000,0,0,TTAGGG
contig-0003930_Start,1000,1,0,TTAGGG
contig-0003931_Start,1000,1,1,TTAGGG
contig-0003932_Start,1000,0,2,TTAGGG
contig-0003933_Start,1000,0,0,TTAGGG
contig-0003934_Start,1000,1,0,TTAGGG
contig-0003935_Start,1000,0,0,TTAGGG
contig-0003936_Start,1000,0,1,TTAGGG
contig-0003937_Start,1000,0,0,TTAGGG
contig-0003938_Start,1000,0,0,TTAGGG
contig-0003939_Start,1000,0,1,TTAGGG
contig-0003940_Start,1000,0,1,TTAGGG
contig-0003941_Start,1000,1,0,TTAGGG
contig-0003942_Start,1000,0,1,TTAGGG
contig-0003943_Start,1000,0,0,TTAGGG
contig-0003944_Start,1000,0,0,TTAGGG
contig-0003945_Start,1000,0,1,TTAGGG
contig-0003946_Start,1000,0,0,TTAGGG
contig-0003947_Start,1000,0,0,TTAGGG
contig-0003948_Start,1000,0,0,TTAGGG
contig-0003949_Start,1000,0,0,TTAGGG
contig-0003950_Start,1000,0,0,TTAGGG
contig-0003951_Start,1000,0,0,TTAGGG
contig-0003952_Start,1000,1,0,TTAGGG
contig-0003953_Start,1000,0,0,TTAGGG
contig-0003954_Start,1000,0,0,TTAGGG
contig-0003955_Start,1000,0,0,TTAGGG
contig-0003956_Start,1000,0,0,TTAGGG
contig-0003957_Start,1000,0,0,TTAGGG
contig-0003958_Start,1000,0,0,TTAGGG
contig-0003959_Start,1000,0,1,TTAGGG
contig-0003960_Start,1000,2,1,TTAGGG
contig-0003961_Start,1000,0,0,TTAGGG
contig-0003962_Start,1000,0,0,TTAGGG
contig-0003963_Start,1000,0,0,TTAGGG
contig-0003964_Start,1000,1,0,TTAGGG
contig-0003965_Start,1000,0,0,TTAGGG
contig-0003966_Start,1000,1,0,TTAGGG
contig-0003967_Start,1000,0,1,TTAGGG
contig-0003968_Start,1000,0,0,TTAGGG
contig-0003969_Start,1000,0,0,TTAGGG
contig-0003970_Start,1000,1,1,TTAGGG
contig-0003971_Start,1000,0,0,TTAGGG
contig-0003972_Start,1000,0,1,TTAGGG
contig-0003973_Start,1000,0,0,TTAGGG
contig-0003974_Start,1000,0,0,TTAGGG
contig-0003975_Start,1000,0,0,TTAGGG
contig-0003976_Start,1000,0,0,TTAGGG
contig-0003977_Start,1000,0,0,TTAGGG
contig-0003978_Start,1000,0,0,TTAGGG
contig-0003979_Start,1000,0,1,TTAGGG
contig-0003980_Start,1000,0,0,TTAGGG
contig-0003981_Start,1000,0,0,TTAGGG
contig-0003982_Start,1000,0,0,TTAGGG
contig-0003983_Start,1000,0,0,TTAGGG
contig-0003984_Start,1000,1,0,TTAGGG
contig-0003985_Start,1000,1,0,TTAGGG
contig-0003986_Start,1000,0,1,TTAGGG
contig-0003987_Start,1000,0,0,TTAGGG
contig-0003988_Start,1000,0,0,TTAGGG
contig-0003989_Start,1000,0,0,TTAGGG
contig-0003990_Start,1000,1,0,TTAGGG
contig-0003991_Start,1000,0,0,TTAGGG
contig-0003992_Start,1000,1,0,TTAGGG
contig-0003993_Start,1000,1,0,TTAGGG
contig-0003994_Start,1000,1,0,TTAGGG
contig-0003995_Start,1000,0,0,TTAGGG
contig-0003996_Start,1000,0,0,TTAGGG
contig-0003997_Start,1000,0,0,TTAGGG
contig-0003998_Start,1000,0,0,TTAGGG
contig-0003999_Start,1000,0,0,TTAGGG
contig-0004000_Start,1000,0,0,TTAGGG
contig-0004001_Start,1000,0,164,TTAGGG
contig-0004002_Start,1000,0,0,TTAGGG
contig-0004003_Start,1000,0,0,TTAGGG
contig-0004004_Start,1000,0,0,TTAGGG
contig-0004005_Start,1000,0,0,TTAGGG
contig-0004006_Start,1000,1,0,TTAGGG
contig-0004007_Start,1000,1,0,TTAGGG
contig-0004008_Start,1000,1,0,TTAGGG
contig-0004009_Start,1000,0,0,TTAGGG
contig-0004010_Start,1000,0,0,TTAGGG
contig-0004011_Start,1000,0,0,TTAGGG
contig-0004012_Start,1000,0,0,TTAGGG
contig-0004013_Start,1000,1,0,TTAGGG
contig-0004014_Start,1000,0,0,TTAGGG
contig-0004015_Start,1000,2,1,TTAGGG
contig-0004016_Start,1000,0,0,TTAGGG
contig-0004017_Start,1000,0,0,TTAGGG
contig-0004018_Start,1000,0,2,TTAGGG
contig-0004019_Start,1000,0,0,TTAGGG
contig-0004020_Start,1000,0,0,TTAGGG
contig-0004021_Start,1000,0,0,TTAGGG
contig-0004022_Start,1000,0,0,TTAGGG
contig-0004023_Start,1000,1,1,TTAGGG
contig-0004024_Start,1000,0,0,TTAGGG
contig-0004025_Start,1000,1,0,TTAGGG
contig-0004026_Start,1000,1,0,TTAGGG
contig-0004027_Start,1000,0,0,TTAGGG
contig-0004028_Start,1000,0,1,TTAGGG
contig-0004029_Start,1000,0,0,TTAGGG
contig-0004030_Start,1000,0,0,TTAGGG
contig-0004031_Start,1000,0,0,TTAGGG
contig-0004032_Start,1000,1,0,TTAGGG
contig-0004033_Start,1000,0,0,TTAGGG
contig-0004034_Start,1000,0,0,TTAGGG
contig-0004035_Start,1000,1,0,TTAGGG
contig-0004036_Start,1000,0,0,TTAGGG
contig-0004037_Start,1000,0,0,TTAGGG
contig-0004038_Start,1000,0,0,TTAGGG
contig-0004039_Start,1000,1,1,TTAGGG
contig-0004040_Start,1000,0,0,TTAGGG
contig-0004041_Start,1000,0,0,TTAGGG
contig-0004042_Start,1000,0,1,TTAGGG
contig-0004043_Start,1000,0,0,TTAGGG
contig-0004044_Start,1000,0,1,TTAGGG
contig-0004045_Start,1000,0,0,TTAGGG
contig-0004046_Start,1000,0,0,TTAGGG
contig-0004047_Start,1000,0,0,TTAGGG
contig-0004048_Start,1000,0,0,TTAGGG
contig-0004049_Start,1000,0,0,TTAGGG
contig-0004050_Start,1000,0,1,TTAGGG
contig-0004051_Start,1000,1,0,TTAGGG
contig-0004052_Start,1000,0,0,TTAGGG
contig-0004053_Start,1000,1,0,TTAGGG
contig-0004054_Start,1000,0,0,TTAGGG
contig-0004055_Start,1000,0,0,TTAGGG
contig-0004056_Start,1000,0,0,TTAGGG
contig-0004057_Start,1000,0,0,TTAGGG
contig-0004058_Start,1000,1,0,TTAGGG
contig-0004059_Start,1000,0,0,TTAGGG
contig-0004060_Start,1000,0,0,TTAGGG
contig-0004061_Start,1000,0,0,TTAGGG
contig-0004062_Start,1000,0,0,TTAGGG
contig-0004063_Start,1000,0,0,TTAGGG
contig-0004064_Start,1000,0,1,TTAGGG
contig-0004065_Start,1000,0,0,TTAGGG
contig-0004066_Start,1000,0,1,TTAGGG
contig-0004067_Start,1000,0,0,TTAGGG
contig-0004068_Start,1000,0,0,TTAGGG
contig-0004069_Start,1000,0,0,TTAGGG
contig-0004070_Start,1000,0,0,TTAGGG
contig-0004071_Start,1000,0,0,TTAGGG
contig-0004072_Start,1000,0,0,TTAGGG
contig-0004073_Start,1000,1,0,TTAGGG
contig-0004074_Start,1000,0,0,TTAGGG
contig-0004075_Start,1000,0,1,TTAGGG
contig-0004076_Start,1000,0,0,TTAGGG
contig-0004077_Start,1000,0,0,TTAGGG
contig-0004078_Start,1000,0,0,TTAGGG
contig-0004079_Start,1000,1,0,TTAGGG
contig-0004080_Start,1000,0,1,TTAGGG
contig-0004081_Start,1000,0,0,TTAGGG
contig-0004082_Start,1000,0,0,TTAGGG
contig-0004083_Start,1000,0,0,TTAGGG
contig-0004084_Start,1000,0,0,TTAGGG
contig-0004085_Start,1000,1,0,TTAGGG
contig-0004086_Start,1000,0,0,TTAGGG
contig-0004087_Start,1000,0,0,TTAGGG
contig-0004088_Start,1000,0,0,TTAGGG
contig-0004089_Start,1000,1,0,TTAGGG
contig-0004090_Start,1000,0,0,TTAGGG
contig-0004091_Start,1000,0,1,TTAGGG
contig-0004092_Start,1000,0,0,TTAGGG
contig-0004093_Start,1000,0,0,TTAGGG
contig-0004094_Start,1000,1,0,TTAGGG
contig-0004095_Start,1000,0,0,TTAGGG
contig-0004096_Start,1000,0,0,TTAGGG
contig-0004097_Start,1000,0,0,TTAGGG
contig-0004098_Start,1000,0,0,TTAGGG
contig-0004099_Start,1000,0,0,TTAGGG
contig-0004100_Start,1000,0,0,TTAGGG
contig-0004101_Start,1000,0,0,TTAGGG
contig-0004102_Start,1000,0,0,TTAGGG
contig-0004103_Start,1000,0,0,TTAGGG
contig-0004104_Start,1000,0,0,TTAGGG
contig-0004105_Start,1000,0,0,TTAGGG
contig-0004106_Start,1000,1,0,TTAGGG
contig-0004107_Start,1000,0,0,TTAGGG
contig-0004108_Start,1000,0,0,TTAGGG
contig-0004109_Start,1000,0,1,TTAGGG
contig-0004110_Start,1000,0,0,TTAGGG
contig-0004111_Start,1000,0,0,TTAGGG
contig-0004112_Start,1000,0,0,TTAGGG
contig-0004113_Start,1000,0,0,TTAGGG
contig-0004114_Start,1000,0,0,TTAGGG
contig-0004115_Start,1000,0,0,TTAGGG
contig-0004116_Start,1000,1,0,TTAGGG
contig-0004117_Start,1000,0,0,TTAGGG
contig-0004118_Start,1000,0,0,TTAGGG
contig-0004119_Start,1000,1,0,TTAGGG
contig-0004120_Start,1000,0,0,TTAGGG
contig-0004121_Start,1000,0,0,TTAGGG
contig-0004122_Start,1000,0,0,TTAGGG
contig-0004123_Start,1000,1,0,TTAGGG
contig-0004124_Start,1000,1,0,TTAGGG
contig-0004125_Start,1000,0,0,TTAGGG
contig-0004126_Start,1000,0,0,TTAGGG
contig-0004127_Start,1000,0,2,TTAGGG
contig-0004128_Start,1000,0,0,TTAGGG
contig-0004129_Start,1000,0,0,TTAGGG
contig-0004130_Start,1000,1,0,TTAGGG
contig-0004131_Start,1000,0,0,TTAGGG
contig-0004132_Start,1000,0,0,TTAGGG
contig-0004133_Start,1000,0,0,TTAGGG
contig-0004134_Start,1000,0,0,TTAGGG
contig-0004135_Start,1000,0,0,TTAGGG
contig-0004136_Start,1000,0,0,TTAGGG
contig-0004137_Start,1000,0,0,TTAGGG
contig-0004138_Start,1000,0,0,TTAGGG
contig-0004139_Start,1000,0,0,TTAGGG
contig-0004140_Start,1000,1,0,TTAGGG
contig-0004141_Start,1000,0,0,TTAGGG
contig-0004142_Start,1000,0,0,TTAGGG
contig-0004143_Start,1000,0,0,TTAGGG
contig-0004144_Start,1000,0,2,TTAGGG
contig-0004145_Start,1000,0,0,TTAGGG
contig-0004146_Start,1000,0,0,TTAGGG
contig-0004147_Start,1000,0,0,TTAGGG
contig-0004148_Start,1000,0,0,TTAGGG
contig-0004149_Start,1000,1,1,TTAGGG
contig-0004150_Start,1000,0,0,TTAGGG
contig-0004151_Start,1000,0,0,TTAGGG
contig-0004152_Start,1000,0,0,TTAGGG
contig-0004153_Start,1000,0,0,TTAGGG
contig-0004154_Start,1000,1,0,TTAGGG
contig-0004155_Start,1000,0,0,TTAGGG
contig-0004156_Start,1000,0,0,TTAGGG
contig-0004157_Start,1000,0,0,TTAGGG
contig-0004158_Start,1000,0,0,TTAGGG
contig-0004159_Start,1000,0,0,TTAGGG
contig-0004160_Start,1000,0,0,TTAGGG
contig-0004161_Start,1000,0,0,TTAGGG
contig-0004162_Start,1000,0,1,TTAGGG
contig-0004163_Start,1000,0,0,TTAGGG
contig-0004164_Start,1000,0,0,TTAGGG
contig-0004165_Start,1000,0,0,TTAGGG
contig-0004166_Start,1000,0,0,TTAGGG
contig-0004167_Start,1000,0,0,TTAGGG
contig-0004168_Start,1000,0,0,TTAGGG
contig-0004169_Start,1000,0,0,TTAGGG
contig-0004170_Start,1000,0,0,TTAGGG
contig-0004171_Start,1000,0,1,TTAGGG
contig-0004172_Start,1000,0,0,TTAGGG
contig-0004173_Start,1000,0,0,TTAGGG
contig-0004174_Start,1000,0,0,TTAGGG
contig-0004175_Start,1000,0,0,TTAGGG
contig-0004176_Start,1000,1,1,TTAGGG
contig-0004177_Start,1000,1,0,TTAGGG
contig-0004178_Start,1000,0,1,TTAGGG
contig-0004179_Start,1000,0,0,TTAGGG
contig-0004180_Start,1000,0,0,TTAGGG
contig-0004181_Start,1000,1,1,TTAGGG
contig-0004182_Start,1000,0,2,TTAGGG
contig-0004183_Start,1000,0,1,TTAGGG
contig-0004184_Start,1000,0,1,TTAGGG
contig-0004185_Start,1000,0,0,TTAGGG
contig-0004186_Start,1000,0,1,TTAGGG
contig-0004187_Start,1000,1,0,TTAGGG
contig-0004188_Start,1000,0,0,TTAGGG
contig-0004189_Start,1000,0,1,TTAGGG
contig-0004190_Start,1000,0,0,TTAGGG
contig-0004191_Start,1000,0,0,TTAGGG
contig-0004192_Start,1000,0,0,TTAGGG
contig-0004193_Start,1000,0,0,TTAGGG
contig-0004194_Start,1000,0,0,TTAGGG
contig-0004195_Start,1000,1,1,TTAGGG
contig-0004196_Start,1000,0,0,TTAGGG
contig-0004197_Start,1000,0,0,TTAGGG
contig-0004198_Start,1000,1,0,TTAGGG
contig-0004199_Start,1000,0,0,TTAGGG
contig-0004200_Start,1000,0,0,TTAGGG
contig-0004201_Start,1000,0,0,TTAGGG
contig-0004202_Start,1000,0,0,TTAGGG
contig-0004203_Start,1000,0,0,TTAGGG
contig-0004204_Start,1000,0,0,TTAGGG
contig-0004205_Start,1000,0,0,TTAGGG
contig-0004206_Start,1000,1,0,TTAGGG
contig-0004207_Start,1000,0,0,TTAGGG
contig-0004208_Start,1000,0,0,TTAGGG
contig-0004209_Start,1000,0,0,TTAGGG
contig-0004210_Start,1000,0,0,TTAGGG
contig-0004211_Start,1000,0,0,TTAGGG
contig-0004212_Start,1000,0,0,TTAGGG
contig-0004213_Start,1000,0,0,TTAGGG
contig-0004214_Start,1000,0,0,TTAGGG
contig-0004215_Start,1000,1,0,TTAGGG
contig-0004216_Start,1000,0,0,TTAGGG
contig-0004217_Start,1000,1,0,TTAGGG
contig-0004218_Start,1000,0,0,TTAGGG
contig-0004219_Start,1000,0,1,TTAGGG
contig-0004220_Start,1000,0,0,TTAGGG
contig-0004221_Start,1000,0,0,TTAGGG
contig-0004222_Start,1000,0,0,TTAGGG
contig-0004223_Start,1000,0,0,TTAGGG
contig-0004224_Start,1000,1,0,TTAGGG
contig-0004225_Start,1000,0,0,TTAGGG
contig-0004226_Start,1000,0,1,TTAGGG
contig-0004227_Start,1000,0,1,TTAGGG
contig-0004228_Start,1000,1,0,TTAGGG
contig-0004229_Start,1000,1,0,TTAGGG
contig-0004230_Start,1000,0,0,TTAGGG
contig-0004231_Start,1000,1,1,TTAGGG
contig-0004232_Start,1000,0,0,TTAGGG
contig-0004233_Start,1000,0,0,TTAGGG
contig-0004234_Start,1000,0,0,TTAGGG
contig-0004235_Start,1000,0,0,TTAGGG
contig-0004236_Start,1000,0,0,TTAGGG
contig-0004237_Start,1000,0,0,TTAGGG
contig-0004238_Start,1000,0,1,TTAGGG
contig-0004239_Start,1000,0,0,TTAGGG
contig-0004240_Start,1000,0,0,TTAGGG
contig-0004241_Start,1000,0,0,TTAGGG
contig-0004242_Start,1000,0,0,TTAGGG
contig-0004243_Start,1000,0,0,TTAGGG
contig-0004244_Start,1000,0,0,TTAGGG
contig-0004245_Start,1000,0,0,TTAGGG
contig-0004246_Start,1000,1,0,TTAGGG
contig-0004247_Start,1000,0,1,TTAGGG
contig-0004248_Start,1000,0,0,TTAGGG
contig-0004249_Start,1000,0,0,TTAGGG
contig-0004250_Start,1000,0,1,TTAGGG
contig-0004251_Start,1000,0,0,TTAGGG
contig-0004252_Start,1000,0,0,TTAGGG
contig-0004253_Start,1000,0,0,TTAGGG
contig-0004254_Start,1000,0,0,TTAGGG
contig-0004255_Start,1000,0,0,TTAGGG
contig-0004256_Start,1000,0,0,TTAGGG
contig-0004257_Start,1000,0,1,TTAGGG
contig-0004258_Start,1000,1,1,TTAGGG
contig-0004259_Start,1000,1,0,TTAGGG
contig-0004260_Start,1000,1,0,TTAGGG
contig-0004261_Start,1000,0,0,TTAGGG
contig-0004262_Start,1000,0,1,TTAGGG
contig-0004263_Start,1000,0,1,TTAGGG
contig-0004264_Start,1000,0,0,TTAGGG
contig-0004265_Start,1000,0,0,TTAGGG
contig-0004266_Start,1000,0,0,TTAGGG
contig-0004267_Start,1000,0,0,TTAGGG
contig-0004268_Start,1000,0,0,TTAGGG
contig-0004269_Start,1000,0,0,TTAGGG
contig-0004270_Start,1000,1,0,TTAGGG
contig-0004271_Start,1000,0,0,TTAGGG
contig-0004272_Start,1000,0,0,TTAGGG
contig-0004273_Start,1000,0,0,TTAGGG
contig-0004274_Start,1000,0,0,TTAGGG
contig-0004275_Start,1000,2,0,TTAGGG
contig-0004276_Start,1000,1,0,TTAGGG
contig-0004277_Start,1000,1,0,TTAGGG
contig-0004278_Start,1000,0,0,TTAGGG
contig-0004279_Start,1000,0,0,TTAGGG
contig-0004280_Start,1000,0,1,TTAGGG
contig-0004281_Start,1000,0,0,TTAGGG
contig-0004282_Start,1000,0,0,TTAGGG
contig-0004283_Start,1000,0,0,TTAGGG
contig-0004284_Start,1000,0,0,TTAGGG
contig-0004285_Start,1000,0,1,TTAGGG
contig-0004286_Start,1000,0,1,TTAGGG
contig-0004287_Start,1000,0,0,TTAGGG
contig-0004288_Start,1000,0,0,TTAGGG
contig-0004289_Start,1000,0,0,TTAGGG
contig-0004290_Start,1000,0,0,TTAGGG
contig-0004291_Start,1000,0,1,TTAGGG
contig-0004292_Start,1000,0,0,TTAGGG
contig-0004293_Start,1000,0,0,TTAGGG
contig-0004294_Start,1000,0,0,TTAGGG
contig-0004295_Start,1000,1,0,TTAGGG
contig-0004296_Start,1000,0,0,TTAGGG
contig-0004297_Start,1000,0,0,TTAGGG
contig-0004298_Start,1000,0,1,TTAGGG
contig-0004299_Start,1000,0,0,TTAGGG
contig-0004300_Start,1000,0,1,TTAGGG
contig-0004301_Start,1000,1,0,TTAGGG
contig-0004302_Start,1000,0,0,TTAGGG
contig-0004303_Start,1000,1,0,TTAGGG
contig-0004304_Start,1000,0,1,TTAGGG
contig-0004305_Start,1000,0,0,TTAGGG
contig-0004306_Start,1000,1,0,TTAGGG
contig-0004307_Start,1000,0,0,TTAGGG
contig-0004308_Start,1000,0,0,TTAGGG
contig-0004309_Start,1000,0,0,TTAGGG
contig-0004310_Start,1000,0,0,TTAGGG
contig-0004311_Start,1000,0,0,TTAGGG
contig-0004312_Start,1000,0,0,TTAGGG
contig-0004313_Start,1000,0,0,TTAGGG
contig-0004314_Start,1000,0,0,TTAGGG
contig-0004315_Start,1000,0,0,TTAGGG
contig-0004316_Start,1000,0,0,TTAGGG
contig-0004317_Start,1000,1,0,TTAGGG
contig-0004318_Start,1000,0,0,TTAGGG
contig-0004319_Start,1000,0,0,TTAGGG
contig-0004320_Start,1000,0,1,TTAGGG
contig-0004321_Start,1000,1,0,TTAGGG
contig-0004322_Start,1000,0,0,TTAGGG
contig-0004323_Start,1000,0,1,TTAGGG
contig-0004324_Start,1000,0,0,TTAGGG
contig-0004325_Start,1000,0,0,TTAGGG
contig-0004326_Start,1000,0,1,TTAGGG
contig-0004327_Start,1000,0,0,TTAGGG
contig-0004328_Start,1000,0,1,TTAGGG
contig-0004329_Start,1000,0,0,TTAGGG
contig-0004330_Start,1000,0,0,TTAGGG
contig-0004331_Start,1000,1,0,TTAGGG
contig-0004332_Start,1000,0,0,TTAGGG
contig-0004333_Start,1000,0,0,TTAGGG
contig-0004334_Start,1000,0,0,TTAGGG
contig-0004335_Start,1000,0,0,TTAGGG
contig-0004336_Start,1000,0,0,TTAGGG
contig-0004337_Start,1000,0,0,TTAGGG
contig-0004338_Start,1000,0,0,TTAGGG
contig-0004339_Start,1000,0,1,TTAGGG
contig-0004340_Start,1000,0,0,TTAGGG
contig-0004341_Start,1000,0,1,TTAGGG
contig-0004342_Start,1000,0,1,TTAGGG
contig-0004343_Start,1000,0,0,TTAGGG
contig-0004344_Start,1000,0,0,TTAGGG
contig-0004345_Start,1000,0,0,TTAGGG
contig-0004346_Start,1000,0,0,TTAGGG
contig-0004347_Start,1000,0,0,TTAGGG
contig-0004348_Start,1000,0,0,TTAGGG
contig-0004349_Start,1000,0,0,TTAGGG
contig-0004350_Start,1000,0,0,TTAGGG
contig-0004351_Start,1000,0,0,TTAGGG
contig-0004352_Start,1000,0,0,TTAGGG
contig-0004353_Start,1000,0,3,TTAGGG
contig-0004354_Start,1000,1,1,TTAGGG
contig-0004355_Start,1000,0,0,TTAGGG
contig-0004356_Start,1000,0,0,TTAGGG
contig-0004357_Start,1000,0,0,TTAGGG
contig-0004358_Start,1000,0,1,TTAGGG
contig-0004359_Start,1000,1,1,TTAGGG
contig-0004360_Start,1000,1,0,TTAGGG
contig-0004361_Start,1000,0,0,TTAGGG
contig-0004362_Start,1000,1,0,TTAGGG
contig-0004363_Start,1000,0,0,TTAGGG
contig-0004364_Start,1000,0,0,TTAGGG
contig-0004365_Start,1000,0,0,TTAGGG
contig-0004366_Start,1000,0,0,TTAGGG
contig-0004367_Start,1000,0,0,TTAGGG
contig-0004368_Start,1000,0,0,TTAGGG
contig-0004369_Start,1000,0,0,TTAGGG
contig-0004370_Start,1000,1,0,TTAGGG
contig-0004371_Start,1000,0,0,TTAGGG
contig-0004372_Start,1000,0,1,TTAGGG
contig-0004373_Start,1000,0,0,TTAGGG
contig-0004374_Start,1000,0,0,TTAGGG
contig-0004375_Start,1000,0,0,TTAGGG
contig-0004376_Start,1000,0,0,TTAGGG
contig-0004377_Start,1000,2,0,TTAGGG
contig-0004378_Start,1000,1,0,TTAGGG
contig-0004379_Start,1000,1,0,TTAGGG
contig-0004380_Start,1000,0,0,TTAGGG
contig-0004381_Start,1000,1,0,TTAGGG
contig-0004382_Start,1000,0,0,TTAGGG
contig-0004383_Start,1000,0,0,TTAGGG
contig-0004384_Start,1000,0,1,TTAGGG
contig-0004385_Start,1000,0,0,TTAGGG
contig-0004386_Start,1000,0,0,TTAGGG
contig-0004387_Start,1000,0,0,TTAGGG
contig-0004388_Start,1000,0,0,TTAGGG
contig-0004389_Start,1000,0,0,TTAGGG
contig-0004390_Start,1000,0,0,TTAGGG
contig-0004391_Start,1000,0,0,TTAGGG
contig-0004392_Start,1000,0,0,TTAGGG
contig-0004393_Start,1000,0,0,TTAGGG
contig-0004394_Start,1000,1,1,TTAGGG
contig-0004395_Start,1000,0,0,TTAGGG
contig-0004396_Start,1000,0,0,TTAGGG
contig-0004397_Start,1000,0,0,TTAGGG
contig-0004398_Start,1000,0,0,TTAGGG
contig-0004399_Start,1000,1,1,TTAGGG
contig-0004400_Start,1000,0,0,TTAGGG
contig-0004401_Start,1000,0,1,TTAGGG
contig-0004402_Start,1000,1,0,TTAGGG
contig-0004403_Start,1000,0,0,TTAGGG
contig-0004404_Start,1000,0,0,TTAGGG
contig-0004405_Start,1000,1,0,TTAGGG
contig-0004406_Start,1000,0,2,TTAGGG
contig-0004407_Start,1000,1,0,TTAGGG
contig-0004408_Start,1000,0,0,TTAGGG
contig-0004409_Start,1000,2,0,TTAGGG
contig-0004410_Start,1000,0,0,TTAGGG
contig-0004411_Start,1000,0,0,TTAGGG
contig-0004412_Start,1000,0,0,TTAGGG
contig-0004413_Start,1000,0,0,TTAGGG
contig-0004414_Start,1000,0,0,TTAGGG
contig-0004415_Start,1000,1,0,TTAGGG
contig-0004416_Start,1000,0,0,TTAGGG
contig-0004417_Start,1000,0,0,TTAGGG
contig-0004418_Start,1000,0,0,TTAGGG
contig-0004419_Start,1000,1,0,TTAGGG
contig-0004420_Start,1000,0,0,TTAGGG
contig-0004421_Start,1000,0,0,TTAGGG
contig-0004422_Start,1000,0,0,TTAGGG
contig-0004423_Start,1000,0,0,TTAGGG
contig-0004424_Start,1000,0,0,TTAGGG
contig-0004425_Start,1000,0,0,TTAGGG
contig-0004426_Start,1000,0,0,TTAGGG
contig-0004427_Start,1000,0,0,TTAGGG
contig-0004428_Start,1000,0,0,TTAGGG
contig-0004429_Start,1000,0,0,TTAGGG
contig-0004430_Start,1000,1,0,TTAGGG
contig-0004431_Start,1000,0,0,TTAGGG
contig-0004432_Start,1000,0,0,TTAGGG
contig-0004433_Start,1000,0,0,TTAGGG
contig-0004434_Start,1000,0,0,TTAGGG
contig-0004435_Start,1000,0,0,TTAGGG
contig-0004436_Start,1000,0,0,TTAGGG
contig-0004437_Start,1000,0,0,TTAGGG
contig-0004438_Start,1000,0,0,TTAGGG
contig-0004439_Start,1000,1,1,TTAGGG
contig-0004440_Start,1000,0,0,TTAGGG
contig-0004441_Start,1000,1,1,TTAGGG
contig-0004442_Start,1000,2,0,TTAGGG
contig-0004443_Start,1000,0,0,TTAGGG
contig-0004444_Start,1000,0,0,TTAGGG
contig-0004445_Start,1000,0,0,TTAGGG
contig-0004446_Start,1000,0,0,TTAGGG
contig-0004447_Start,1000,0,0,TTAGGG
contig-0004448_Start,1000,0,0,TTAGGG
contig-0004449_Start,1000,0,0,TTAGGG
contig-0004450_Start,1000,1,0,TTAGGG
contig-0004451_Start,1000,0,0,TTAGGG
contig-0004452_Start,1000,0,0,TTAGGG
contig-0004453_Start,1000,0,0,TTAGGG
contig-0004454_Start,1000,1,0,TTAGGG
contig-0004455_Start,1000,0,0,TTAGGG
contig-0004456_Start,1000,0,0,TTAGGG
contig-0004457_Start,1000,0,0,TTAGGG
contig-0004458_Start,1000,1,0,TTAGGG
contig-0004459_Start,1000,0,0,TTAGGG
contig-0004460_Start,1000,0,1,TTAGGG
contig-0004461_Start,1000,0,164,TTAGGG
contig-0004462_Start,1000,0,0,TTAGGG
contig-0004463_Start,1000,0,1,TTAGGG
contig-0004464_Start,1000,0,0,TTAGGG
contig-0004465_Start,1000,0,0,TTAGGG
contig-0004466_Start,1000,0,0,TTAGGG
contig-0004467_Start,1000,0,0,TTAGGG
contig-0004468_Start,1000,0,0,TTAGGG
contig-0004469_Start,1000,0,0,TTAGGG
contig-0004470_Start,1000,0,0,TTAGGG
contig-0004471_Start,1000,0,0,TTAGGG
contig-0004472_Start,1000,0,0,TTAGGG
contig-0004473_Start,1000,0,0,TTAGGG
contig-0004474_Start,1000,0,0,TTAGGG
contig-0004475_Start,1000,0,1,TTAGGG
contig-0004476_Start,1000,0,0,TTAGGG
contig-0004477_Start,1000,0,0,TTAGGG
contig-0004478_Start,1000,0,0,TTAGGG
contig-0004479_Start,1000,0,0,TTAGGG
contig-0004480_Start,1000,0,0,TTAGGG
contig-0004481_Start,1000,0,0,TTAGGG
contig-0004482_Start,1000,0,0,TTAGGG
contig-0004483_Start,1000,0,0,TTAGGG
contig-0004484_Start,1000,2,0,TTAGGG
contig-0004485_Start,1000,0,0,TTAGGG
contig-0004486_Start,1000,1,0,TTAGGG
contig-0004487_Start,1000,1,0,TTAGGG
contig-0004488_Start,1000,0,0,TTAGGG
contig-0004489_Start,1000,0,0,TTAGGG
contig-0004490_Start,1000,0,0,TTAGGG
contig-0004491_Start,1000,0,1,TTAGGG
contig-0004492_Start,1000,0,1,TTAGGG
contig-0004493_Start,1000,0,0,TTAGGG
contig-0004494_Start,1000,0,0,TTAGGG
contig-0004495_Start,1000,0,0,TTAGGG
contig-0004496_Start,1000,0,0,TTAGGG
contig-0004497_Start,1000,0,0,TTAGGG
contig-0004498_Start,1000,0,0,TTAGGG
contig-0004499_Start,1000,0,0,TTAGGG
contig-0004500_Start,1000,0,0,TTAGGG
contig-0004501_Start,1000,0,0,TTAGGG
contig-0004502_Start,1000,1,0,TTAGGG
contig-0004503_Start,1000,0,1,TTAGGG
contig-0004504_Start,1000,0,0,TTAGGG
contig-0004505_Start,1000,1,0,TTAGGG
contig-0004506_Start,1000,0,0,TTAGGG
contig-0004507_Start,1000,0,0,TTAGGG
contig-0004508_Start,1000,1,1,TTAGGG
contig-0004509_Start,1000,0,0,TTAGGG
contig-0004510_Start,1000,0,0,TTAGGG
contig-0004511_Start,1000,0,0,TTAGGG
contig-0004512_Start,1000,0,0,TTAGGG
contig-0004513_Start,1000,0,0,TTAGGG
contig-0004514_Start,1000,0,0,TTAGGG
contig-0004515_Start,1000,0,0,TTAGGG
contig-0004516_Start,1000,0,0,TTAGGG
contig-0004517_Start,1000,0,0,TTAGGG
contig-0004518_Start,1000,0,0,TTAGGG
contig-0004519_Start,1000,0,0,TTAGGG
contig-0004520_Start,1000,0,0,TTAGGG
contig-0004521_Start,1000,1,1,TTAGGG
contig-0004522_Start,1000,0,0,TTAGGG
contig-0004523_Start,1000,0,0,TTAGGG
contig-0004524_Start,1000,0,0,TTAGGG
contig-0004525_Start,1000,1,1,TTAGGG
contig-0004526_Start,1000,1,1,TTAGGG
contig-0004527_Start,1000,0,0,TTAGGG
contig-0004528_Start,1000,0,0,TTAGGG
contig-0004529_Start,1000,1,0,TTAGGG
contig-0004530_Start,1000,0,1,TTAGGG
contig-0004531_Start,1000,0,0,TTAGGG
contig-0004532_Start,1000,1,0,TTAGGG
contig-0004533_Start,1000,0,1,TTAGGG
contig-0004534_Start,1000,0,0,TTAGGG
contig-0004535_Start,1000,1,0,TTAGGG
contig-0004536_Start,1000,0,1,TTAGGG
contig-0004537_Start,1000,0,1,TTAGGG
contig-0004538_Start,1000,0,0,TTAGGG
contig-0004539_Start,1000,0,1,TTAGGG
contig-0004540_Start,1000,0,0,TTAGGG
contig-0004541_Start,1000,0,0,TTAGGG
contig-0004542_Start,1000,0,0,TTAGGG
contig-0004543_Start,1000,1,1,TTAGGG
contig-0004544_Start,1000,0,0,TTAGGG
contig-0004545_Start,1000,0,0,TTAGGG
contig-0004546_Start,1000,0,0,TTAGGG
contig-0004547_Start,1000,0,0,TTAGGG
contig-0004548_Start,1000,1,0,TTAGGG
contig-0004549_Start,1000,0,1,TTAGGG
contig-0004550_Start,1000,0,0,TTAGGG
contig-0004551_Start,1000,0,0,TTAGGG
contig-0004552_Start,1000,0,0,TTAGGG
contig-0004553_Start,1000,0,0,TTAGGG
contig-0004554_Start,1000,0,0,TTAGGG
contig-0004555_Start,1000,0,0,TTAGGG
contig-0004557_Start,1000,0,0,TTAGGG
contig-0004558_Start,1000,0,0,TTAGGG
contig-0004559_Start,1000,0,0,TTAGGG
contig-0004560_Start,1000,0,0,TTAGGG
contig-0004561_Start,1000,0,0,TTAGGG
contig-0004562_Start,1000,0,0,TTAGGG
contig-0004563_Start,1000,0,0,TTAGGG
contig-0004564_Start,1000,0,0,TTAGGG
contig-0004565_Start,1000,0,0,TTAGGG
contig-0004566_Start,1000,0,0,TTAGGG
contig-0004567_Start,1000,0,0,TTAGGG
contig-0004568_Start,1000,0,0,TTAGGG
contig-0004569_Start,1000,0,0,TTAGGG
contig-0004570_Start,1000,0,0,TTAGGG
contig-0004571_Start,1000,1,1,TTAGGG
contig-0004572_Start,1000,0,0,TTAGGG
contig-0004573_Start,1000,0,0,TTAGGG
contig-0004574_Start,1000,0,0,TTAGGG
contig-0004575_Start,1000,0,0,TTAGGG
contig-0004576_Start,1000,0,0,TTAGGG
contig-0004577_Start,1000,0,0,TTAGGG
contig-0004578_Start,1000,0,1,TTAGGG
contig-0004579_Start,1000,0,0,TTAGGG
contig-0004580_Start,1000,0,0,TTAGGG
contig-0004581_Start,1000,0,0,TTAGGG
contig-0004582_Start,1000,0,0,TTAGGG
contig-0004583_Start,1000,0,0,TTAGGG
contig-0004584_Start,1000,0,0,TTAGGG
contig-0004585_Start,1000,0,0,TTAGGG
contig-0004586_Start,1000,2,0,TTAGGG
contig-0004587_Start,1000,0,1,TTAGGG
contig-0004588_Start,1000,0,0,TTAGGG
contig-0004589_Start,1000,0,0,TTAGGG
contig-0004590_Start,1000,0,1,TTAGGG
contig-0004591_Start,1000,0,1,TTAGGG
contig-0004592_Start,1000,0,0,TTAGGG
contig-0004593_Start,1000,0,1,TTAGGG
contig-0004594_Start,1000,0,0,TTAGGG
contig-0004595_Start,1000,0,0,TTAGGG
contig-0004596_Start,1000,0,0,TTAGGG
contig-0004597_Start,1000,0,0,TTAGGG
contig-0004598_Start,1000,0,0,TTAGGG
contig-0004599_Start,1000,1,0,TTAGGG
contig-0004600_Start,1000,0,0,TTAGGG
contig-0004601_Start,1000,0,0,TTAGGG
contig-0004602_Start,1000,0,0,TTAGGG
contig-0004603_Start,1000,1,0,TTAGGG
contig-0004604_Start,1000,0,0,TTAGGG
contig-0004605_Start,1000,0,0,TTAGGG
contig-0004606_Start,1000,0,0,TTAGGG
contig-0004607_Start,1000,1,1,TTAGGG
contig-0004608_Start,1000,0,0,TTAGGG
contig-0004609_Start,1000,1,0,TTAGGG
contig-0004610_Start,1000,0,0,TTAGGG
contig-0004611_Start,1000,0,0,TTAGGG
contig-0004612_Start,1000,0,0,TTAGGG
contig-0004613_Start,1000,1,0,TTAGGG
contig-0004614_Start,1000,1,0,TTAGGG
contig-0004615_Start,1000,0,0,TTAGGG
contig-0004616_Start,1000,0,0,TTAGGG
contig-0004617_Start,1000,0,0,TTAGGG
contig-0004618_Start,1000,0,0,TTAGGG
contig-0004619_Start,1000,0,0,TTAGGG
contig-0004620_Start,1000,0,0,TTAGGG
contig-0004621_Start,1000,0,0,TTAGGG
contig-0004622_Start,1000,0,0,TTAGGG
contig-0004623_Start,1000,0,0,TTAGGG
contig-0004624_Start,1000,0,0,TTAGGG
contig-0004625_Start,1000,2,0,TTAGGG
contig-0004626_Start,1000,0,0,TTAGGG
contig-0004627_Start,1000,0,1,TTAGGG
contig-0004628_Start,1000,0,0,TTAGGG
contig-0004629_Start,1000,0,0,TTAGGG
contig-0004630_Start,1000,0,0,TTAGGG
contig-0004631_Start,1000,0,0,TTAGGG
contig-0004632_Start,1000,0,0,TTAGGG
contig-0004633_Start,1000,0,0,TTAGGG
contig-0004634_Start,1000,1,1,TTAGGG
contig-0004635_Start,1000,0,0,TTAGGG
contig-0004636_Start,1000,0,0,TTAGGG
contig-0004637_Start,1000,0,0,TTAGGG
contig-0004638_Start,1000,0,0,TTAGGG
contig-0004639_Start,1000,0,1,TTAGGG
contig-0004640_Start,1000,0,0,TTAGGG
contig-0004641_Start,1000,0,2,TTAGGG
contig-0004642_Start,1000,1,0,TTAGGG
contig-0004643_Start,1000,0,0,TTAGGG
contig-0004644_Start,1000,0,0,TTAGGG
contig-0004645_Start,1000,0,1,TTAGGG
contig-0004646_Start,1000,0,0,TTAGGG
contig-0004647_Start,1000,0,1,TTAGGG
contig-0004648_Start,1000,1,0,TTAGGG
contig-0004649_Start,1000,0,1,TTAGGG
contig-0004650_Start,1000,0,1,TTAGGG
contig-0004651_Start,1000,0,0,TTAGGG
contig-0004652_Start,1000,0,0,TTAGGG
contig-0004653_Start,1000,0,0,TTAGGG
contig-0004654_Start,1000,0,1,TTAGGG
contig-0004655_Start,1000,0,0,TTAGGG
contig-0004656_Start,1000,0,0,TTAGGG
contig-0004657_Start,1000,0,0,TTAGGG
contig-0004658_Start,1000,0,0,TTAGGG
contig-0004659_Start,1000,0,0,TTAGGG
contig-0004660_Start,1000,0,0,TTAGGG
contig-0004661_Start,1000,0,0,TTAGGG
contig-0004662_Start,1000,0,0,TTAGGG
contig-0004663_Start,1000,0,0,TTAGGG
contig-0004664_Start,1000,0,1,TTAGGG
contig-0004665_Start,1000,1,0,TTAGGG
contig-0004666_Start,1000,0,0,TTAGGG
contig-0004667_Start,1000,0,0,TTAGGG
contig-0004668_Start,1000,0,0,TTAGGG
contig-0004669_Start,1000,0,0,TTAGGG
contig-0004670_Start,1000,0,0,TTAGGG
contig-0004671_Start,1000,0,0,TTAGGG
contig-0004672_Start,1000,0,0,TTAGGG
contig-0004673_Start,1000,0,0,TTAGGG
contig-0004674_Start,1000,0,0,TTAGGG
contig-0004675_Start,1000,0,1,TTAGGG
contig-0004676_Start,1000,0,0,TTAGGG
contig-0004677_Start,1000,0,0,TTAGGG
contig-0004678_Start,1000,0,0,TTAGGG
contig-0004679_Start,1000,0,0,TTAGGG
contig-0004680_Start,1000,0,0,TTAGGG
contig-0004681_Start,1000,1,0,TTAGGG
contig-0004682_Start,1000,0,0,TTAGGG
contig-0004683_Start,1000,1,0,TTAGGG
contig-0004684_Start,1000,0,0,TTAGGG
contig-0004685_Start,1000,0,0,TTAGGG
contig-0004686_Start,1000,0,0,TTAGGG
contig-0004687_Start,1000,2,0,TTAGGG
contig-0004688_Start,1000,0,0,TTAGGG
contig-0004689_Start,1000,0,1,TTAGGG
contig-0004690_Start,1000,0,0,TTAGGG
contig-0004691_Start,1000,0,0,TTAGGG
contig-0004692_Start,1000,0,0,TTAGGG
contig-0004693_Start,1000,0,0,TTAGGG
contig-0004694_Start,1000,0,1,TTAGGG
contig-0004695_Start,1000,0,0,TTAGGG
contig-0004696_Start,1000,0,0,TTAGGG
contig-0004697_Start,1000,0,0,TTAGGG
contig-0004698_Start,1000,0,0,TTAGGG
contig-0004699_Start,1000,0,0,TTAGGG
contig-0004700_Start,1000,0,0,TTAGGG
contig-0004701_Start,1000,0,0,TTAGGG
contig-0004702_Start,1000,0,0,TTAGGG
contig-0004703_Start,1000,1,0,TTAGGG
contig-0004704_Start,1000,1,0,TTAGGG
contig-0004705_Start,1000,1,0,TTAGGG
contig-0004706_Start,1000,0,0,TTAGGG
contig-0004707_Start,1000,1,0,TTAGGG
contig-0004708_Start,1000,0,1,TTAGGG
contig-0004709_Start,1000,0,0,TTAGGG
contig-0004710_Start,1000,0,0,TTAGGG
contig-0004711_Start,1000,0,1,TTAGGG
contig-0004712_Start,1000,0,1,TTAGGG
contig-0004713_Start,1000,0,0,TTAGGG
contig-0004714_Start,1000,0,1,TTAGGG
contig-0004715_Start,1000,0,0,TTAGGG
contig-0004716_Start,1000,0,0,TTAGGG
contig-0004717_Start,1000,0,1,TTAGGG
contig-0004718_Start,1000,1,0,TTAGGG
contig-0004719_Start,1000,0,0,TTAGGG
contig-0004720_Start,1000,0,0,TTAGGG
contig-0004721_Start,1000,0,1,TTAGGG
contig-0004722_Start,1000,0,0,TTAGGG
contig-0004723_Start,1000,0,0,TTAGGG
contig-0004724_Start,1000,1,1,TTAGGG
contig-0004725_Start,1000,0,0,TTAGGG
contig-0004726_Start,1000,1,0,TTAGGG
contig-0004727_Start,1000,0,0,TTAGGG
contig-0004728_Start,1000,0,2,TTAGGG
contig-0004729_Start,1000,0,0,TTAGGG
contig-0004730_Start,1000,0,0,TTAGGG
contig-0004731_Start,1000,1,0,TTAGGG
contig-0004732_Start,1000,1,0,TTAGGG
contig-0004733_Start,1000,1,0,TTAGGG
contig-0004734_Start,1000,0,1,TTAGGG
contig-0004735_Start,1000,0,1,TTAGGG
contig-0004736_Start,1000,0,0,TTAGGG
contig-0004737_Start,1000,0,0,TTAGGG
contig-0004738_Start,1000,0,0,TTAGGG
contig-0004739_Start,1000,0,1,TTAGGG
contig-0004740_Start,1000,0,0,TTAGGG
contig-0004741_Start,1000,1,0,TTAGGG
contig-0004742_Start,1000,0,0,TTAGGG
contig-0004743_Start,1000,1,2,TTAGGG
contig-0004744_Start,1000,1,0,TTAGGG
contig-0004745_Start,1000,0,0,TTAGGG
contig-0004746_Start,1000,0,1,TTAGGG
contig-0004747_Start,1000,0,0,TTAGGG
contig-0004748_Start,1000,0,0,TTAGGG
contig-0004749_Start,1000,0,0,TTAGGG
contig-0004750_Start,1000,0,1,TTAGGG
contig-0004751_Start,1000,1,0,TTAGGG
contig-0004752_Start,1000,1,0,TTAGGG
contig-0004753_Start,1000,0,0,TTAGGG
contig-0004754_Start,1000,2,0,TTAGGG
contig-0004755_Start,1000,0,0,TTAGGG
contig-0004756_Start,1000,0,0,TTAGGG
contig-0004757_Start,1000,0,0,TTAGGG
contig-0004758_Start,1000,0,0,TTAGGG
contig-0004759_Start,1000,0,0,TTAGGG
contig-0004760_Start,1000,0,0,TTAGGG
contig-0004761_Start,1000,0,0,TTAGGG
contig-0004762_Start,1000,0,0,TTAGGG
contig-0004763_Start,1000,0,1,TTAGGG
contig-0004764_Start,1000,0,0,TTAGGG
contig-0004765_Start,1000,0,0,TTAGGG
contig-0004766_Start,1000,0,0,TTAGGG
contig-0004767_Start,1000,0,0,TTAGGG
contig-0004768_Start,1000,0,1,TTAGGG
contig-0004769_Start,1000,0,0,TTAGGG
contig-0004770_Start,1000,0,0,TTAGGG
contig-0004771_Start,1000,0,0,TTAGGG
contig-0004772_Start,1000,0,0,TTAGGG
contig-0004773_Start,1000,0,0,TTAGGG
contig-0004774_Start,1000,1,1,TTAGGG
contig-0004775_Start,1000,0,0,TTAGGG
contig-0004776_Start,1000,0,0,TTAGGG
contig-0004777_Start,1000,0,0,TTAGGG
contig-0004778_Start,1000,0,0,TTAGGG
contig-0004779_Start,1000,0,0,TTAGGG
contig-0004780_Start,1000,0,0,TTAGGG
contig-0004781_Start,1000,0,0,TTAGGG
contig-0004782_Start,1000,0,0,TTAGGG
contig-0004783_Start,1000,0,0,TTAGGG
contig-0004784_Start,1000,0,0,TTAGGG
contig-0004785_Start,1000,1,0,TTAGGG
contig-0004786_Start,1000,0,0,TTAGGG
contig-0004787_Start,1000,0,1,TTAGGG
contig-0004788_Start,1000,0,1,TTAGGG
contig-0004789_Start,1000,0,0,TTAGGG
contig-0004790_Start,1000,0,0,TTAGGG
contig-0004791_Start,1000,0,0,TTAGGG
contig-0004792_Start,1000,0,0,TTAGGG
contig-0004793_Start,1000,0,0,TTAGGG
contig-0004794_Start,1000,2,0,TTAGGG
contig-0004795_Start,1000,0,0,TTAGGG
contig-0004796_Start,1000,0,2,TTAGGG
contig-0004797_Start,1000,0,0,TTAGGG
contig-0004798_Start,1000,0,0,TTAGGG
contig-0004799_Start,1000,0,0,TTAGGG
contig-0004800_Start,1000,0,0,TTAGGG
contig-0004801_Start,1000,1,0,TTAGGG
contig-0004802_Start,1000,0,0,TTAGGG
contig-0004803_Start,1000,0,0,TTAGGG
contig-0004804_Start,1000,0,0,TTAGGG
contig-0004805_Start,1000,0,0,TTAGGG
contig-0004806_Start,1000,1,0,TTAGGG
contig-0004807_Start,1000,0,0,TTAGGG
contig-0004808_Start,1000,0,0,TTAGGG
contig-0004809_Start,1000,0,0,TTAGGG
contig-0004810_Start,1000,1,0,TTAGGG
contig-0004811_Start,1000,0,0,TTAGGG
contig-0004812_Start,1000,0,0,TTAGGG
contig-0004813_Start,1000,0,0,TTAGGG
contig-0004814_Start,1000,0,1,TTAGGG
contig-0004815_Start,1000,1,0,TTAGGG
contig-0004816_Start,1000,1,0,TTAGGG
contig-0004817_Start,1000,0,0,TTAGGG
contig-0004818_Start,1000,0,0,TTAGGG
contig-0004819_Start,1000,0,1,TTAGGG
contig-0004820_Start,1000,1,0,TTAGGG
contig-0004821_Start,1000,0,0,TTAGGG
contig-0004822_Start,1000,0,0,TTAGGG
contig-0004823_Start,1000,0,0,TTAGGG
contig-0004824_Start,1000,0,0,TTAGGG
contig-0004825_Start,1000,0,0,TTAGGG
contig-0004826_Start,1000,0,0,TTAGGG
contig-0004827_Start,1000,0,0,TTAGGG
contig-0004828_Start,1000,0,0,TTAGGG
contig-0004829_Start,1000,0,0,TTAGGG
contig-0004830_Start,1000,1,0,TTAGGG
contig-0004831_Start,1000,0,1,TTAGGG
contig-0004832_Start,1000,0,0,TTAGGG
contig-0004833_Start,1000,1,0,TTAGGG
contig-0004834_Start,1000,1,0,TTAGGG
contig-0004835_Start,1000,0,1,TTAGGG
contig-0004836_Start,1000,0,0,TTAGGG
contig-0004837_Start,1000,0,1,TTAGGG
contig-0004838_Start,1000,0,0,TTAGGG
contig-0004839_Start,1000,0,0,TTAGGG
contig-0004840_Start,1000,0,0,TTAGGG
contig-0004841_Start,1000,0,0,TTAGGG
contig-0004842_Start,1000,1,0,TTAGGG
contig-0004843_Start,1000,1,0,TTAGGG
contig-0004844_Start,1000,0,0,TTAGGG
contig-0004845_Start,1000,0,1,TTAGGG
contig-0004846_Start,1000,0,0,TTAGGG
contig-0004847_Start,1000,0,0,TTAGGG
contig-0004848_Start,1000,0,0,TTAGGG
contig-0004849_Start,1000,0,0,TTAGGG
contig-0004850_Start,1000,1,1,TTAGGG
contig-0004851_Start,1000,1,0,TTAGGG
contig-0004852_Start,1000,0,0,TTAGGG
contig-0004853_Start,1000,1,0,TTAGGG
contig-0004854_Start,1000,0,1,TTAGGG
contig-0004855_Start,1000,0,0,TTAGGG
contig-0004856_Start,1000,0,0,TTAGGG
contig-0004857_Start,1000,0,0,TTAGGG
contig-0004858_Start,1000,0,0,TTAGGG
contig-0004859_Start,1000,0,0,TTAGGG
contig-0004860_Start,1000,0,0,TTAGGG
contig-0004861_Start,1000,0,1,TTAGGG
contig-0004862_Start,1000,0,0,TTAGGG
contig-0004863_Start,1000,0,0,TTAGGG
contig-0004864_Start,1000,0,0,TTAGGG
contig-0004865_Start,1000,0,0,TTAGGG
contig-0004866_Start,1000,1,0,TTAGGG
contig-0004867_Start,1000,0,3,TTAGGG
contig-0004868_Start,1000,1,0,TTAGGG
contig-0004869_Start,1000,0,0,TTAGGG
contig-0004870_Start,1000,1,1,TTAGGG
contig-0004871_Start,1000,0,0,TTAGGG
contig-0004872_Start,1000,1,0,TTAGGG
contig-0004873_Start,1000,0,0,TTAGGG
contig-0004874_Start,1000,0,0,TTAGGG
contig-0004875_Start,1000,0,0,TTAGGG
contig-0004876_Start,1000,0,0,TTAGGG
contig-0004877_Start,1000,0,0,TTAGGG
contig-0004878_Start,1000,1,0,TTAGGG
contig-0004879_Start,1000,1,0,TTAGGG
contig-0004880_Start,1000,0,0,TTAGGG
contig-0004881_Start,1000,0,0,TTAGGG
contig-0004882_Start,1000,0,0,TTAGGG
contig-0004883_Start,1000,0,0,TTAGGG
contig-0004884_Start,1000,0,0,TTAGGG
contig-0004885_Start,1000,1,0,TTAGGG
contig-0004886_Start,1000,1,0,TTAGGG
contig-0004887_Start,1000,0,0,TTAGGG
contig-0004888_Start,1000,1,1,TTAGGG
contig-0004889_Start,1000,0,0,TTAGGG
contig-0004890_Start,1000,0,0,TTAGGG
contig-0004891_Start,1000,0,0,TTAGGG
contig-0004892_Start,1000,0,1,TTAGGG
contig-0004893_Start,1000,1,1,TTAGGG
contig-0004894_Start,1000,0,1,TTAGGG
contig-0004895_Start,1000,0,0,TTAGGG
contig-0004896_Start,1000,0,0,TTAGGG
contig-0004897_Start,1000,1,0,TTAGGG
contig-0004898_Start,1000,0,0,TTAGGG
contig-0004899_Start,1000,0,0,TTAGGG
contig-0004900_Start,1000,0,0,TTAGGG
contig-0004901_Start,1000,1,0,TTAGGG
contig-0004902_Start,1000,0,1,TTAGGG
contig-0004903_Start,1000,0,0,TTAGGG
contig-0004904_Start,1000,0,0,TTAGGG
contig-0004905_Start,1000,1,0,TTAGGG
contig-0004906_Start,1000,0,0,TTAGGG
contig-0004907_Start,1000,0,0,TTAGGG
contig-0004908_Start,1000,0,0,TTAGGG
contig-0004909_Start,1000,0,0,TTAGGG
contig-0004910_Start,1000,2,0,TTAGGG
contig-0004911_Start,1000,0,0,TTAGGG
contig-0004912_Start,1000,0,0,TTAGGG
contig-0004913_Start,1000,0,163,TTAGGG
contig-0004914_Start,1000,0,0,TTAGGG
contig-0004915_Start,1000,0,1,TTAGGG
contig-0004916_Start,1000,0,0,TTAGGG
contig-0004917_Start,1000,0,0,TTAGGG
contig-0004918_Start,1000,0,0,TTAGGG
contig-0004919_Start,1000,0,0,TTAGGG
contig-0004920_Start,1000,0,2,TTAGGG
contig-0004921_Start,1000,1,0,TTAGGG
contig-0004922_Start,1000,0,0,TTAGGG
contig-0004923_Start,1000,0,0,TTAGGG
contig-0004924_Start,1000,1,0,TTAGGG
contig-0004925_Start,1000,0,0,TTAGGG
contig-0004926_Start,1000,0,0,TTAGGG
contig-0004927_Start,1000,1,0,TTAGGG
contig-0004928_Start,1000,0,0,TTAGGG
contig-0004929_Start,1000,0,0,TTAGGG
contig-0004930_Start,1000,0,0,TTAGGG
contig-0004931_Start,1000,0,1,TTAGGG
contig-0004932_Start,1000,1,0,TTAGGG
contig-0004933_Start,1000,0,0,TTAGGG
contig-0004934_Start,1000,0,0,TTAGGG
contig-0004935_Start,1000,0,0,TTAGGG
contig-0004936_Start,1000,0,1,TTAGGG
contig-0004937_Start,1000,0,0,TTAGGG
contig-0004938_Start,1000,0,0,TTAGGG
contig-0004939_Start,1000,0,0,TTAGGG
contig-0004940_Start,1000,0,0,TTAGGG
contig-0004941_Start,1000,0,0,TTAGGG
contig-0004942_Start,1000,0,0,TTAGGG
contig-0004943_Start,1000,1,0,TTAGGG
contig-0004944_Start,1000,0,0,TTAGGG
contig-0004945_Start,1000,0,0,TTAGGG
contig-0004946_Start,1000,0,0,TTAGGG
contig-0004947_Start,1000,0,0,TTAGGG
contig-0004948_Start,1000,0,0,TTAGGG
contig-0004949_Start,1000,1,0,TTAGGG
contig-0004950_Start,1000,0,0,TTAGGG
contig-0004951_Start,1000,1,0,TTAGGG
contig-0004952_Start,1000,0,0,TTAGGG
contig-0004953_Start,1000,0,0,TTAGGG
contig-0004954_Start,1000,0,0,TTAGGG
contig-0004955_Start,1000,1,1,TTAGGG
contig-0004956_Start,1000,0,1,TTAGGG
contig-0004957_Start,1000,1,0,TTAGGG
contig-0004958_Start,1000,0,0,TTAGGG
contig-0004959_Start,1000,0,0,TTAGGG
contig-0004960_Start,1000,0,0,TTAGGG
contig-0004961_Start,1000,0,1,TTAGGG
contig-0004962_Start,1000,1,0,TTAGGG
contig-0004963_Start,1000,0,0,TTAGGG
contig-0004964_Start,1000,1,0,TTAGGG
contig-0004965_Start,1000,0,0,TTAGGG
contig-0004966_Start,1000,0,0,TTAGGG
contig-0004967_Start,1000,0,0,TTAGGG
contig-0004968_Start,1000,0,0,TTAGGG
contig-0004969_Start,1000,0,0,TTAGGG
contig-0004970_Start,1000,1,0,TTAGGG
contig-0004971_Start,1000,0,0,TTAGGG
contig-0004972_Start,1000,1,0,TTAGGG
contig-0004973_Start,1000,0,0,TTAGGG
contig-0004974_Start,1000,0,0,TTAGGG
contig-0004975_Start,1000,0,0,TTAGGG
contig-0004976_Start,1000,0,0,TTAGGG
contig-0004977_Start,1000,0,0,TTAGGG
contig-0004978_Start,1000,1,0,TTAGGG
contig-0004979_Start,1000,0,0,TTAGGG
contig-0004980_Start,1000,0,0,TTAGGG
contig-0004981_Start,1000,0,1,TTAGGG
contig-0004982_Start,1000,0,0,TTAGGG
contig-0004983_Start,1000,0,0,TTAGGG
contig-0004984_Start,1000,0,1,TTAGGG
contig-0004985_Start,1000,0,0,TTAGGG
contig-0004986_Start,1000,1,0,TTAGGG
contig-0004987_Start,1000,0,0,TTAGGG
contig-0004988_Start,1000,0,1,TTAGGG
contig-0004989_Start,1000,0,0,TTAGGG
contig-0004990_Start,1000,0,1,TTAGGG
contig-0004991_Start,1000,0,1,TTAGGG
contig-0004992_Start,1000,0,0,TTAGGG
contig-0004993_Start,1000,0,0,TTAGGG
contig-0004994_Start,1000,0,0,TTAGGG
contig-0004995_Start,1000,1,0,TTAGGG
contig-0004996_Start,1000,0,0,TTAGGG
contig-0004997_Start,1000,0,1,TTAGGG
contig-0004998_Start,1000,0,0,TTAGGG
contig-0004999_Start,1000,0,0,TTAGGG
contig-0005000_Start,1000,0,0,TTAGGG
contig-0005001_Start,1000,0,1,TTAGGG
contig-0005002_Start,1000,0,0,TTAGGG
contig-0005003_Start,1000,0,0,TTAGGG
contig-0005004_Start,1000,0,0,TTAGGG
contig-0005005_Start,1000,0,0,TTAGGG
contig-0005006_Start,1000,1,1,TTAGGG
contig-0005007_Start,1000,0,0,TTAGGG
contig-0005008_Start,1000,0,0,TTAGGG
contig-0005009_Start,1000,1,0,TTAGGG
contig-0005010_Start,1000,1,0,TTAGGG
contig-0005011_Start,1000,0,1,TTAGGG
contig-0005012_Start,1000,0,0,TTAGGG
contig-0005013_Start,1000,0,1,TTAGGG
contig-0005014_Start,1000,0,0,TTAGGG
contig-0005015_Start,1000,0,1,TTAGGG
contig-0005016_Start,1000,0,0,TTAGGG
contig-0005017_Start,1000,0,0,TTAGGG
contig-0005018_Start,1000,0,1,TTAGGG
contig-0005019_Start,1000,0,0,TTAGGG
contig-0005020_Start,1000,0,0,TTAGGG
contig-0005021_Start,1000,0,0,TTAGGG
contig-0005022_Start,1000,0,0,TTAGGG
contig-0005023_Start,1000,0,0,TTAGGG
contig-0005024_Start,1000,0,0,TTAGGG
contig-0005025_Start,1000,0,0,TTAGGG
contig-0005026_Start,1000,1,1,TTAGGG
contig-0005027_Start,1000,1,0,TTAGGG
contig-0005028_Start,1000,0,2,TTAGGG
contig-0005029_Start,1000,0,0,TTAGGG
contig-0005030_Start,1000,0,0,TTAGGG
contig-0005031_Start,1000,0,0,TTAGGG
contig-0005032_Start,1000,0,0,TTAGGG
contig-0005033_Start,1000,0,0,TTAGGG
contig-0005034_Start,1000,0,0,TTAGGG
contig-0005035_Start,1000,0,0,TTAGGG
contig-0005036_Start,1000,1,1,TTAGGG
contig-0005037_Start,1000,0,0,TTAGGG
contig-0005038_Start,1000,0,0,TTAGGG
contig-0005039_Start,1000,0,0,TTAGGG
contig-0005040_Start,1000,0,1,TTAGGG
contig-0005041_Start,1000,1,0,TTAGGG
contig-0005042_Start,1000,0,1,TTAGGG
contig-0005043_Start,1000,0,0,TTAGGG
contig-0005044_Start,1000,0,0,TTAGGG
contig-0005045_Start,1000,0,0,TTAGGG
contig-0005046_Start,1000,3,0,TTAGGG
contig-0005047_Start,1000,0,0,TTAGGG
contig-0005048_Start,1000,0,0,TTAGGG
contig-0005049_Start,1000,0,0,TTAGGG
contig-0005050_Start,1000,0,0,TTAGGG
contig-0005051_Start,1000,0,0,TTAGGG
contig-0005052_Start,1000,0,0,TTAGGG
contig-0005053_Start,1000,0,0,TTAGGG
contig-0005054_Start,1000,0,0,TTAGGG
contig-0005055_Start,1000,1,1,TTAGGG
contig-0005056_Start,1000,0,0,TTAGGG
contig-0005057_Start,1000,0,0,TTAGGG
contig-0005058_Start,1000,0,0,TTAGGG
contig-0005059_Start,1000,0,0,TTAGGG
contig-0005060_Start,1000,0,0,TTAGGG
contig-0005061_Start,1000,0,0,TTAGGG
contig-0005062_Start,1000,0,0,TTAGGG
contig-0005063_Start,1000,0,0,TTAGGG
contig-0005064_Start,1000,0,1,TTAGGG
contig-0005065_Start,1000,0,0,TTAGGG
contig-0005066_Start,1000,0,0,TTAGGG
contig-0005067_Start,1000,0,0,TTAGGG
contig-0005068_Start,1000,0,0,TTAGGG
contig-0005069_Start,1000,0,0,TTAGGG
contig-0005070_Start,1000,0,0,TTAGGG
contig-0005071_Start,1000,0,0,TTAGGG
contig-0005072_Start,1000,0,0,TTAGGG
contig-0005073_Start,1000,0,2,TTAGGG
contig-0005074_Start,1000,0,2,TTAGGG
contig-0005076_Start,1000,1,0,TTAGGG
contig-0005077_Start,1000,0,0,TTAGGG
contig-0005078_Start,1000,1,0,TTAGGG
contig-0005079_Start,1000,1,0,TTAGGG
contig-0005080_Start,1000,0,0,TTAGGG
contig-0005081_Start,1000,0,0,TTAGGG
contig-0005082_Start,1000,0,0,TTAGGG
contig-0005083_Start,1000,0,0,TTAGGG
contig-0005084_Start,1000,0,0,TTAGGG
contig-0005085_Start,1000,0,0,TTAGGG
contig-0005086_Start,1000,0,166,TTAGGG
contig-0005087_Start,1000,0,0,TTAGGG
contig-0005088_Start,1000,0,164,TTAGGG
contig-0005089_Start,1000,0,0,TTAGGG
contig-0005090_Start,1000,1,0,TTAGGG
contig-0005091_Start,1000,0,1,TTAGGG
contig-0005092_Start,1000,0,0,TTAGGG
contig-0005093_Start,1000,1,0,TTAGGG
contig-0005094_Start,1000,0,0,TTAGGG
contig-0005095_Start,1000,0,0,TTAGGG
contig-0005096_Start,1000,0,0,TTAGGG
contig-0005097_Start,1000,1,0,TTAGGG
contig-0005098_Start,1000,0,0,TTAGGG
contig-0005099_Start,1000,0,0,TTAGGG
contig-0005100_Start,1000,0,0,TTAGGG
contig-0005101_Start,1000,0,0,TTAGGG
contig-0005102_Start,1000,0,0,TTAGGG
contig-0005103_Start,1000,0,0,TTAGGG
contig-0005104_Start,1000,0,1,TTAGGG
contig-0005105_Start,1000,0,0,TTAGGG
contig-0005106_Start,1000,0,0,TTAGGG
contig-0005107_Start,1000,0,0,TTAGGG
contig-0005108_Start,1000,0,1,TTAGGG
contig-0005109_Start,1000,1,0,TTAGGG
contig-0005110_Start,1000,0,0,TTAGGG
contig-0005111_Start,1000,0,0,TTAGGG
contig-0005112_Start,1000,0,0,TTAGGG
contig-0005113_Start,1000,0,0,TTAGGG
contig-0005114_Start,1000,1,0,TTAGGG
contig-0005115_Start,1000,1,0,TTAGGG
contig-0005116_Start,1000,0,1,TTAGGG
contig-0005117_Start,1000,0,0,TTAGGG
contig-0005118_Start,1000,0,0,TTAGGG
contig-0005119_Start,1000,0,0,TTAGGG
contig-0005120_Start,1000,0,0,TTAGGG
contig-0005121_Start,1000,1,0,TTAGGG
contig-0005122_Start,1000,0,0,TTAGGG
contig-0005123_Start,1000,1,0,TTAGGG
contig-0005124_Start,1000,0,0,TTAGGG
contig-0005125_Start,1000,0,0,TTAGGG
contig-0005126_Start,1000,1,0,TTAGGG
contig-0005127_Start,1000,0,0,TTAGGG
contig-0005128_Start,1000,0,0,TTAGGG
contig-0005129_Start,1000,0,0,TTAGGG
contig-0005130_Start,1000,0,0,TTAGGG
contig-0005131_Start,1000,0,0,TTAGGG
contig-0005132_Start,1000,0,0,TTAGGG
contig-0005133_Start,1000,0,0,TTAGGG
contig-0005134_Start,1000,1,0,TTAGGG
contig-0005135_Start,1000,0,0,TTAGGG
contig-0005136_Start,1000,1,0,TTAGGG
contig-0005137_Start,1000,0,0,TTAGGG
contig-0005138_Start,1000,0,0,TTAGGG
contig-0005139_Start,1000,1,1,TTAGGG
contig-0005140_Start,1000,1,0,TTAGGG
contig-0005141_Start,1000,0,1,TTAGGG
contig-0005142_Start,1000,0,0,TTAGGG
contig-0005143_Start,1000,0,0,TTAGGG
contig-0005144_Start,1000,1,0,TTAGGG
contig-0005145_Start,1000,0,0,TTAGGG
contig-0005146_Start,1000,0,0,TTAGGG
contig-0005147_Start,1000,0,0,TTAGGG
contig-0005148_Start,1000,0,2,TTAGGG
contig-0005149_Start,1000,0,1,TTAGGG
contig-0005150_Start,1000,0,0,TTAGGG
contig-0005151_Start,1000,0,0,TTAGGG
contig-0005152_Start,1000,0,0,TTAGGG
contig-0005153_Start,1000,0,0,TTAGGG
contig-0005154_Start,1000,0,0,TTAGGG
contig-0005155_Start,1000,0,0,TTAGGG
contig-0005156_Start,1000,0,0,TTAGGG
contig-0005157_Start,1000,0,0,TTAGGG
contig-0005158_Start,1000,0,2,TTAGGG
contig-0005159_Start,1000,0,0,TTAGGG
contig-0005160_Start,1000,0,0,TTAGGG
contig-0005161_Start,1000,1,1,TTAGGG
contig-0005162_Start,1000,0,0,TTAGGG
contig-0005163_Start,1000,0,0,TTAGGG
contig-0005164_Start,1000,0,0,TTAGGG
contig-0005165_Start,1000,0,0,TTAGGG
contig-0005166_Start,1000,1,1,TTAGGG
contig-0005167_Start,1000,0,1,TTAGGG
contig-0005168_Start,1000,0,0,TTAGGG
contig-0005169_Start,1000,0,0,TTAGGG
contig-0005170_Start,1000,0,0,TTAGGG
contig-0005171_Start,1000,1,0,TTAGGG
contig-0005172_Start,1000,0,0,TTAGGG
contig-0005173_Start,1000,0,0,TTAGGG
contig-0005174_Start,1000,0,0,TTAGGG
contig-0005175_Start,1000,1,1,TTAGGG
contig-0005176_Start,1000,0,0,TTAGGG
contig-0005177_Start,1000,0,0,TTAGGG
contig-0005178_Start,1000,0,1,TTAGGG
contig-0005179_Start,1000,0,0,TTAGGG
contig-0005180_Start,1000,0,0,TTAGGG
contig-0005181_Start,1000,0,0,TTAGGG
contig-0005182_Start,1000,0,0,TTAGGG
contig-0005183_Start,1000,0,0,TTAGGG
contig-0005184_Start,1000,0,0,TTAGGG
contig-0005185_Start,1000,0,0,TTAGGG
contig-0005186_Start,1000,0,0,TTAGGG
contig-0005187_Start,1000,1,0,TTAGGG
contig-0005188_Start,1000,0,0,TTAGGG
contig-0005189_Start,1000,1,0,TTAGGG
contig-0005190_Start,1000,0,0,TTAGGG
contig-0005191_Start,1000,0,0,TTAGGG
contig-0005192_Start,1000,0,0,TTAGGG
contig-0005193_Start,1000,0,0,TTAGGG
contig-0005194_Start,1000,0,0,TTAGGG
contig-0005195_Start,1000,0,0,TTAGGG
contig-0005196_Start,1000,0,0,TTAGGG
contig-0005197_Start,1000,0,0,TTAGGG
contig-0005198_Start,1000,0,0,TTAGGG
contig-0005199_Start,1000,0,0,TTAGGG
contig-0005200_Start,1000,0,0,TTAGGG
contig-0005201_Start,1000,0,0,TTAGGG
contig-0005202_Start,1000,0,0,TTAGGG
contig-0005203_Start,1000,0,1,TTAGGG
contig-0005204_Start,1000,0,0,TTAGGG
contig-0005205_Start,1000,0,1,TTAGGG
contig-0005206_Start,1000,1,1,TTAGGG
contig-0005207_Start,1000,0,1,TTAGGG
contig-0005208_Start,1000,0,0,TTAGGG
contig-0005209_Start,1000,0,0,TTAGGG
contig-0005210_Start,1000,1,0,TTAGGG
contig-0005211_Start,1000,0,1,TTAGGG
contig-0005212_Start,1000,0,0,TTAGGG
contig-0005213_Start,1000,0,0,TTAGGG
contig-0005214_Start,1000,0,1,TTAGGG
contig-0005215_Start,1000,0,1,TTAGGG
contig-0005216_Start,1000,0,0,TTAGGG
contig-0005217_Start,1000,0,0,TTAGGG
contig-0005218_Start,1000,0,0,TTAGGG
contig-0005219_Start,1000,0,1,TTAGGG
contig-0005220_Start,1000,0,0,TTAGGG
contig-0005221_Start,1000,0,0,TTAGGG
contig-0005222_Start,1000,1,0,TTAGGG
contig-0005223_Start,1000,0,0,TTAGGG
contig-0005224_Start,1000,0,1,TTAGGG
contig-0005225_Start,1000,0,1,TTAGGG
contig-0005226_Start,1000,0,0,TTAGGG
contig-0005227_Start,1000,0,1,TTAGGG
contig-0005228_Start,1000,0,0,TTAGGG
contig-0005229_Start,1000,0,0,TTAGGG
contig-0005230_Start,1000,0,0,TTAGGG
contig-0005231_Start,1000,0,0,TTAGGG
contig-0005232_Start,1000,0,0,TTAGGG
contig-0005233_Start,1000,0,0,TTAGGG
contig-0005234_Start,1000,0,0,TTAGGG
contig-0005235_Start,1000,0,0,TTAGGG
contig-0005236_Start,1000,1,0,TTAGGG
contig-0005237_Start,1000,0,0,TTAGGG
contig-0005238_Start,1000,0,0,TTAGGG
contig-0005239_Start,1000,0,0,TTAGGG
contig-0005240_Start,1000,1,1,TTAGGG
contig-0005241_Start,1000,0,0,TTAGGG
contig-0005242_Start,1000,1,0,TTAGGG
contig-0005243_Start,1000,0,0,TTAGGG
contig-0005244_Start,1000,1,0,TTAGGG
contig-0005245_Start,1000,0,0,TTAGGG
contig-0005246_Start,1000,0,0,TTAGGG
contig-0005247_Start,1000,0,0,TTAGGG
contig-0005248_Start,1000,0,0,TTAGGG
contig-0005249_Start,1000,0,0,TTAGGG
contig-0005250_Start,1000,0,2,TTAGGG
contig-0005251_Start,1000,0,0,TTAGGG
contig-0005252_Start,1000,1,0,TTAGGG
contig-0005253_Start,1000,0,0,TTAGGG
contig-0005254_Start,1000,1,0,TTAGGG
contig-0005255_Start,1000,0,0,TTAGGG
contig-0005256_Start,1000,0,0,TTAGGG
contig-0005257_Start,1000,0,0,TTAGGG
contig-0005258_Start,1000,0,0,TTAGGG
contig-0005259_Start,1000,0,0,TTAGGG
contig-0005260_Start,1000,0,0,TTAGGG
contig-0005261_Start,1000,1,0,TTAGGG
contig-0005262_Start,1000,0,0,TTAGGG
contig-0005263_Start,1000,0,0,TTAGGG
contig-0005264_Start,1000,0,1,TTAGGG
contig-0005265_Start,1000,0,0,TTAGGG
contig-0005266_Start,1000,0,0,TTAGGG
contig-0005267_Start,1000,0,0,TTAGGG
contig-0005268_Start,1000,0,0,TTAGGG
contig-0005269_Start,1000,0,0,TTAGGG
contig-0005270_Start,1000,0,0,TTAGGG
contig-0005271_Start,1000,0,0,TTAGGG
contig-0005272_Start,1000,0,0,TTAGGG
contig-0005273_Start,1000,0,1,TTAGGG
contig-0005274_Start,1000,0,0,TTAGGG
contig-0005275_Start,1000,1,0,TTAGGG
contig-0005276_Start,1000,0,0,TTAGGG
contig-0005277_Start,1000,0,0,TTAGGG
contig-0005278_Start,1000,1,0,TTAGGG
contig-0005279_Start,1000,2,0,TTAGGG
contig-0005280_Start,1000,0,0,TTAGGG
contig-0005281_Start,1000,0,0,TTAGGG
contig-0005282_Start,1000,0,0,TTAGGG
contig-0005283_Start,1000,0,0,TTAGGG
contig-0005284_Start,1000,0,1,TTAGGG
contig-0005285_Start,1000,0,1,TTAGGG
contig-0005286_Start,1000,0,0,TTAGGG
contig-0005287_Start,1000,0,1,TTAGGG
contig-0005288_Start,1000,0,0,TTAGGG
contig-0005289_Start,1000,0,0,TTAGGG
contig-0005290_Start,1000,0,0,TTAGGG
contig-0005291_Start,1000,0,0,TTAGGG
contig-0005292_Start,1000,1,0,TTAGGG
contig-0005293_Start,1000,0,0,TTAGGG
contig-0005294_Start,1000,0,0,TTAGGG
contig-0005295_Start,1000,0,0,TTAGGG
contig-0005296_Start,1000,0,0,TTAGGG
contig-0005297_Start,1000,0,0,TTAGGG
contig-0005298_Start,1000,0,0,TTAGGG
contig-0005299_Start,1000,1,0,TTAGGG
contig-0005300_Start,1000,0,0,TTAGGG
contig-0005301_Start,1000,1,0,TTAGGG
contig-0005302_Start,1000,0,0,TTAGGG
contig-0005303_Start,1000,0,0,TTAGGG
contig-0005304_Start,1000,1,0,TTAGGG
contig-0005305_Start,1000,0,0,TTAGGG
contig-0005306_Start,1000,0,0,TTAGGG
contig-0005307_Start,1000,0,0,TTAGGG
contig-0005308_Start,1000,0,0,TTAGGG
contig-0005309_Start,1000,0,2,TTAGGG
contig-0005310_Start,1000,1,0,TTAGGG
contig-0005311_Start,1000,0,0,TTAGGG
contig-0005312_Start,1000,0,1,TTAGGG
contig-0005313_Start,1000,0,0,TTAGGG
contig-0005314_Start,1000,0,1,TTAGGG
contig-0005315_Start,1000,0,0,TTAGGG
contig-0005316_Start,1000,0,0,TTAGGG
contig-0005317_Start,1000,0,0,TTAGGG
contig-0005318_Start,1000,0,0,TTAGGG
contig-0005319_Start,1000,0,0,TTAGGG
contig-0005320_Start,1000,1,1,TTAGGG
contig-0005321_Start,1000,1,0,TTAGGG
contig-0005322_Start,1000,0,0,TTAGGG
contig-0005323_Start,1000,0,0,TTAGGG
contig-0005324_Start,1000,0,0,TTAGGG
contig-0005325_Start,1000,0,0,TTAGGG
contig-0005326_Start,1000,1,0,TTAGGG
contig-0005327_Start,1000,1,1,TTAGGG
contig-0005328_Start,1000,1,0,TTAGGG
contig-0005329_Start,1000,0,0,TTAGGG
contig-0005330_Start,1000,0,0,TTAGGG
contig-0005331_Start,1000,0,0,TTAGGG
contig-0005332_Start,1000,0,0,TTAGGG
contig-0005333_Start,1000,0,0,TTAGGG
contig-0005334_Start,1000,0,0,TTAGGG
contig-0005335_Start,1000,0,0,TTAGGG
contig-0005336_Start,1000,0,0,TTAGGG
contig-0005337_Start,1000,0,0,TTAGGG
contig-0005338_Start,1000,0,0,TTAGGG
contig-0005339_Start,1000,0,0,TTAGGG
contig-0005340_Start,1000,0,0,TTAGGG
contig-0005341_Start,1000,0,1,TTAGGG
contig-0005342_Start,1000,0,0,TTAGGG
contig-0005343_Start,1000,0,0,TTAGGG
contig-0005344_Start,1000,0,0,TTAGGG
contig-0005345_Start,1000,0,0,TTAGGG
contig-0005346_Start,1000,0,0,TTAGGG
contig-0005347_Start,1000,0,0,TTAGGG
contig-0005348_Start,1000,0,0,TTAGGG
contig-0005349_Start,1000,1,0,TTAGGG
contig-0005350_Start,1000,1,0,TTAGGG
contig-0005351_Start,1000,0,0,TTAGGG
contig-0005352_Start,1000,0,0,TTAGGG
contig-0005353_Start,1000,0,0,TTAGGG
contig-0005354_Start,1000,0,0,TTAGGG
contig-0005355_Start,1000,0,0,TTAGGG
contig-0005356_Start,1000,1,0,TTAGGG
contig-0005357_Start,1000,0,0,TTAGGG
contig-0005358_Start,1000,0,0,TTAGGG
contig-0005359_Start,1000,0,0,TTAGGG
contig-0005360_Start,1000,0,1,TTAGGG
contig-0005361_Start,1000,0,0,TTAGGG
contig-0005362_Start,1000,0,0,TTAGGG
contig-0005363_Start,1000,0,0,TTAGGG
contig-0005364_Start,1000,0,0,TTAGGG
contig-0005365_Start,1000,0,0,TTAGGG
contig-0005366_Start,1000,1,0,TTAGGG
contig-0005367_Start,1000,0,0,TTAGGG
contig-0005368_Start,1000,0,1,TTAGGG
contig-0005369_Start,1000,0,0,TTAGGG
contig-0005370_Start,1000,0,1,TTAGGG
contig-0005371_Start,1000,0,0,TTAGGG
contig-0005372_Start,1000,0,0,TTAGGG
contig-0005373_Start,1000,1,0,TTAGGG
contig-0005374_Start,1000,0,0,TTAGGG
contig-0005375_Start,1000,0,0,TTAGGG
contig-0005376_Start,1000,1,0,TTAGGG
contig-0005377_Start,1000,0,0,TTAGGG
contig-0005378_Start,1000,0,0,TTAGGG
contig-0005379_Start,1000,0,0,TTAGGG
contig-0005380_Start,1000,1,0,TTAGGG
contig-0005381_Start,1000,0,0,TTAGGG
contig-0005382_Start,1000,0,1,TTAGGG
contig-0005383_Start,1000,0,1,TTAGGG
contig-0005384_Start,1000,0,1,TTAGGG
contig-0005385_Start,1000,1,0,TTAGGG
contig-0005386_Start,1000,0,0,TTAGGG
contig-0005387_Start,1000,1,0,TTAGGG
contig-0005388_Start,1000,0,0,TTAGGG
contig-0005389_Start,1000,0,0,TTAGGG
contig-0005390_Start,1000,0,0,TTAGGG
contig-0005391_Start,1000,0,1,TTAGGG
contig-0005392_Start,1000,0,0,TTAGGG
contig-0005393_Start,1000,0,1,TTAGGG
contig-0005394_Start,1000,0,1,TTAGGG
contig-0005395_Start,1000,0,2,TTAGGG
contig-0005396_Start,1000,0,0,TTAGGG
contig-0005397_Start,1000,0,0,TTAGGG
contig-0005398_Start,1000,0,1,TTAGGG
contig-0005399_Start,1000,0,1,TTAGGG
contig-0005400_Start,1000,0,0,TTAGGG
contig-0005401_Start,1000,0,0,TTAGGG
contig-0005402_Start,1000,0,0,TTAGGG
contig-0005403_Start,1000,0,0,TTAGGG
contig-0005404_Start,1000,0,0,TTAGGG
contig-0005405_Start,1000,0,0,TTAGGG
contig-0005406_Start,1000,0,0,TTAGGG
contig-0005407_Start,1000,0,0,TTAGGG
contig-0005408_Start,1000,0,0,TTAGGG
contig-0005409_Start,1000,0,1,TTAGGG
contig-0005410_Start,1000,0,0,TTAGGG
contig-0005411_Start,1000,0,0,TTAGGG
contig-0005412_Start,1000,0,1,TTAGGG
contig-0005413_Start,1000,0,0,TTAGGG
contig-0005414_Start,1000,0,0,TTAGGG
contig-0005415_Start,1000,1,0,TTAGGG
contig-0005416_Start,1000,0,0,TTAGGG
contig-0005417_Start,1000,0,0,TTAGGG
contig-0005418_Start,1000,0,0,TTAGGG
contig-0005419_Start,1000,0,0,TTAGGG
contig-0005420_Start,1000,0,0,TTAGGG
contig-0005421_Start,1000,0,0,TTAGGG
contig-0005422_Start,1000,0,0,TTAGGG
contig-0005423_Start,1000,0,0,TTAGGG
contig-0005424_Start,1000,0,0,TTAGGG
contig-0005425_Start,1000,0,0,TTAGGG
contig-0005426_Start,1000,0,0,TTAGGG
contig-0005427_Start,1000,0,0,TTAGGG
contig-0005428_Start,1000,0,0,TTAGGG
contig-0005429_Start,1000,0,0,TTAGGG
contig-0005430_Start,1000,0,1,TTAGGG
contig-0005431_Start,1000,0,0,TTAGGG
contig-0005432_Start,1000,0,1,TTAGGG
contig-0005433_Start,1000,0,0,TTAGGG
contig-0005434_Start,1000,0,1,TTAGGG
contig-0005435_Start,1000,0,0,TTAGGG
contig-0005436_Start,1000,0,0,TTAGGG
contig-0005437_Start,1000,0,0,TTAGGG
contig-0005438_Start,1000,0,0,TTAGGG
contig-0005439_Start,1000,0,1,TTAGGG
contig-0005440_Start,1000,0,0,TTAGGG
contig-0005441_Start,1000,0,0,TTAGGG
contig-0005442_Start,1000,0,1,TTAGGG
contig-0005443_Start,1000,0,0,TTAGGG
contig-0005444_Start,1000,0,1,TTAGGG
contig-0005445_Start,1000,1,1,TTAGGG
contig-0005446_Start,1000,1,0,TTAGGG
contig-0005447_Start,1000,0,0,TTAGGG
contig-0005448_Start,1000,0,1,TTAGGG
contig-0005449_Start,1000,0,0,TTAGGG
contig-0005450_Start,1000,0,0,TTAGGG
contig-0005451_Start,1000,0,0,TTAGGG
contig-0005452_Start,1000,0,0,TTAGGG
contig-0005453_Start,1000,0,0,TTAGGG
contig-0005454_Start,1000,0,1,TTAGGG
contig-0005455_Start,1000,0,0,TTAGGG
contig-0005456_Start,1000,1,0,TTAGGG
contig-0005457_Start,1000,0,1,TTAGGG
contig-0005458_Start,1000,0,0,TTAGGG
contig-0005459_Start,1000,0,0,TTAGGG
contig-0005460_Start,1000,0,0,TTAGGG
contig-0005461_Start,1000,0,0,TTAGGG
contig-0005462_Start,1000,1,0,TTAGGG
contig-0005463_Start,1000,0,0,TTAGGG
contig-0005464_Start,1000,0,1,TTAGGG
contig-0005465_Start,1000,0,0,TTAGGG
contig-0005466_Start,1000,0,0,TTAGGG
contig-0005467_Start,1000,0,1,TTAGGG
contig-0005468_Start,1000,0,0,TTAGGG
contig-0005469_Start,1000,0,1,TTAGGG
contig-0005470_Start,1000,0,1,TTAGGG
contig-0005471_Start,1000,1,0,TTAGGG
contig-0005472_Start,1000,0,0,TTAGGG
contig-0005473_Start,1000,1,0,TTAGGG
contig-0005474_Start,1000,0,0,TTAGGG
contig-0005475_Start,1000,0,0,TTAGGG
contig-0005476_Start,1000,0,0,TTAGGG
contig-0005477_Start,1000,0,0,TTAGGG
contig-0005478_Start,1000,0,0,TTAGGG
contig-0005479_Start,1000,0,0,TTAGGG
contig-0005480_Start,1000,0,0,TTAGGG
contig-0005481_Start,1000,0,0,TTAGGG
contig-0005482_Start,1000,0,0,TTAGGG
contig-0005483_Start,1000,0,0,TTAGGG
contig-0005484_Start,1000,0,0,TTAGGG
contig-0005485_Start,1000,0,0,TTAGGG
contig-0005486_Start,1000,0,0,TTAGGG
contig-0005487_Start,1000,0,0,TTAGGG
contig-0005488_Start,1000,0,1,TTAGGG
contig-0005489_Start,1000,1,0,TTAGGG
contig-0005490_Start,1000,0,0,TTAGGG
contig-0005491_Start,1000,0,1,TTAGGG
contig-0005492_Start,1000,0,0,TTAGGG
contig-0005493_Start,1000,0,0,TTAGGG
contig-0005494_Start,1000,0,0,TTAGGG
contig-0005495_Start,1000,0,0,TTAGGG
contig-0005496_Start,1000,2,0,TTAGGG
contig-0005497_Start,1000,0,0,TTAGGG
contig-0005498_Start,1000,0,0,TTAGGG
contig-0005499_Start,1000,0,0,TTAGGG
contig-0005500_Start,1000,0,0,TTAGGG
contig-0005501_Start,1000,0,0,TTAGGG
contig-0005502_Start,1000,1,0,TTAGGG
contig-0005503_Start,1000,0,0,TTAGGG
contig-0005504_Start,1000,0,0,TTAGGG
contig-0005505_Start,1000,0,0,TTAGGG
contig-0005506_Start,1000,0,0,TTAGGG
contig-0005507_Start,1000,1,0,TTAGGG
contig-0005508_Start,1000,0,0,TTAGGG
contig-0005509_Start,1000,0,0,TTAGGG
contig-0005510_Start,1000,0,0,TTAGGG
contig-0005511_Start,1000,2,0,TTAGGG
contig-0005512_Start,1000,1,0,TTAGGG
contig-0005513_Start,1000,0,0,TTAGGG
contig-0005514_Start,1000,0,0,TTAGGG
contig-0005515_Start,1000,1,0,TTAGGG
contig-0005516_Start,1000,0,0,TTAGGG
contig-0005517_Start,1000,0,0,TTAGGG
contig-0005518_Start,1000,0,166,TTAGGG
contig-0005519_Start,1000,0,0,TTAGGG
contig-0005520_Start,1000,0,1,TTAGGG
contig-0005521_Start,1000,0,0,TTAGGG
contig-0005522_Start,1000,0,0,TTAGGG
contig-0005523_Start,1000,0,1,TTAGGG
contig-0005524_Start,1000,0,0,TTAGGG
contig-0005525_Start,1000,0,0,TTAGGG
contig-0005526_Start,1000,0,0,TTAGGG
contig-0005527_Start,1000,0,0,TTAGGG
contig-0005528_Start,1000,0,1,TTAGGG
contig-0005529_Start,1000,0,0,TTAGGG
contig-0005530_Start,1000,0,0,TTAGGG
contig-0005531_Start,1000,0,0,TTAGGG
contig-0005532_Start,1000,0,0,TTAGGG
contig-0005533_Start,1000,0,0,TTAGGG
contig-0005534_Start,1000,0,0,TTAGGG
contig-0005535_Start,1000,1,0,TTAGGG
contig-0005536_Start,1000,0,2,TTAGGG
contig-0005537_Start,1000,1,1,TTAGGG
contig-0005538_Start,1000,0,0,TTAGGG
contig-0005539_Start,1000,0,0,TTAGGG
contig-0005540_Start,1000,0,2,TTAGGG
contig-0005541_Start,1000,1,0,TTAGGG
contig-0005542_Start,1000,0,2,TTAGGG
contig-0005543_Start,1000,0,1,TTAGGG
contig-0005544_Start,1000,0,0,TTAGGG
contig-0005545_Start,1000,0,0,TTAGGG
contig-0005546_Start,1000,1,0,TTAGGG
contig-0005547_Start,1000,0,0,TTAGGG
contig-0005548_Start,1000,0,0,TTAGGG
contig-0005549_Start,1000,0,0,TTAGGG
contig-0005550_Start,1000,0,0,TTAGGG
contig-0005551_Start,1000,0,0,TTAGGG
contig-0005552_Start,1000,0,0,TTAGGG
contig-0005553_Start,1000,0,1,TTAGGG
contig-0005554_Start,1000,0,0,TTAGGG
contig-0005555_Start,1000,0,0,TTAGGG
contig-0005556_Start,1000,0,0,TTAGGG
contig-0005557_Start,1000,0,0,TTAGGG
contig-0005558_Start,1000,0,0,TTAGGG
contig-0005559_Start,1000,0,0,TTAGGG
contig-0005560_Start,1000,0,0,TTAGGG
contig-0005561_Start,1000,0,0,TTAGGG
contig-0005562_Start,1000,0,1,TTAGGG
contig-0005563_Start,1000,0,0,TTAGGG
contig-0005564_Start,1000,0,2,TTAGGG
contig-0005565_Start,1000,0,0,TTAGGG
contig-0005566_Start,1000,0,0,TTAGGG
contig-0005567_Start,1000,0,0,TTAGGG
contig-0005568_Start,1000,1,0,TTAGGG
contig-0005569_Start,1000,1,0,TTAGGG
contig-0005570_Start,1000,0,0,TTAGGG
contig-0005571_Start,1000,0,0,TTAGGG
contig-0005572_Start,1000,0,1,TTAGGG
contig-0005573_Start,1000,0,0,TTAGGG
contig-0005574_Start,1000,0,0,TTAGGG
contig-0005575_Start,1000,0,0,TTAGGG
contig-0005576_Start,1000,0,1,TTAGGG
contig-0005577_Start,1000,0,1,TTAGGG
contig-0005578_Start,1000,0,0,TTAGGG
contig-0005579_Start,1000,1,0,TTAGGG
contig-0005580_Start,1000,0,0,TTAGGG
contig-0005581_Start,1000,0,0,TTAGGG
contig-0005582_Start,1000,0,2,TTAGGG
contig-0005583_Start,1000,0,0,TTAGGG
contig-0005584_Start,1000,0,0,TTAGGG
contig-0005585_Start,1000,0,0,TTAGGG
contig-0005586_Start,1000,0,0,TTAGGG
contig-0005587_Start,1000,1,0,TTAGGG
contig-0005588_Start,1000,0,0,TTAGGG
contig-0005589_Start,1000,0,0,TTAGGG
contig-0005590_Start,1000,1,0,TTAGGG
contig-0005591_Start,1000,0,0,TTAGGG
contig-0005592_Start,1000,1,0,TTAGGG
contig-0005593_Start,1000,0,0,TTAGGG
contig-0005594_Start,1000,0,1,TTAGGG
contig-0005595_Start,1000,0,0,TTAGGG
contig-0005596_Start,1000,0,1,TTAGGG
contig-0005597_Start,1000,0,0,TTAGGG
contig-0005598_Start,1000,1,0,TTAGGG
contig-0005599_Start,1000,0,0,TTAGGG
contig-0005600_Start,1000,0,0,TTAGGG
contig-0005601_Start,1000,0,0,TTAGGG
contig-0005602_Start,1000,0,0,TTAGGG
contig-0005603_Start,1000,0,0,TTAGGG
contig-0005604_Start,1000,0,0,TTAGGG
contig-0005605_Start,1000,0,0,TTAGGG
contig-0005606_Start,1000,0,0,TTAGGG
contig-0005607_Start,1000,0,0,TTAGGG
contig-0005608_Start,1000,0,0,TTAGGG
contig-0005609_Start,1000,0,0,TTAGGG
contig-0005610_Start,1000,0,0,TTAGGG
contig-0005611_Start,1000,1,0,TTAGGG
contig-0005612_Start,1000,1,0,TTAGGG
contig-0005613_Start,1000,0,0,TTAGGG
contig-0005614_Start,1000,0,0,TTAGGG
contig-0005615_Start,1000,0,0,TTAGGG
contig-0005616_Start,1000,0,0,TTAGGG
contig-0005617_Start,1000,0,0,TTAGGG
contig-0005618_Start,1000,0,1,TTAGGG
contig-0005619_Start,1000,1,0,TTAGGG
contig-0005620_Start,1000,0,0,TTAGGG
contig-0005621_Start,1000,0,0,TTAGGG
contig-0005622_Start,1000,0,1,TTAGGG
contig-0005623_Start,1000,0,0,TTAGGG
contig-0005624_Start,1000,0,0,TTAGGG
contig-0005625_Start,1000,0,0,TTAGGG
contig-0005626_Start,1000,0,0,TTAGGG
contig-0005627_Start,1000,0,0,TTAGGG
contig-0005628_Start,1000,2,1,TTAGGG
contig-0005629_Start,1000,0,0,TTAGGG
contig-0005630_Start,1000,0,1,TTAGGG
contig-0005631_Start,1000,0,0,TTAGGG
contig-0005632_Start,1000,0,0,TTAGGG
contig-0005633_Start,1000,0,0,TTAGGG
contig-0005634_Start,1000,0,0,TTAGGG
contig-0005635_Start,1000,0,0,TTAGGG
contig-0005636_Start,1000,0,0,TTAGGG
contig-0005637_Start,1000,0,0,TTAGGG
contig-0005638_Start,1000,2,0,TTAGGG
contig-0005639_Start,1000,0,1,TTAGGG
contig-0005640_Start,1000,0,0,TTAGGG
contig-0005641_Start,1000,0,2,TTAGGG
contig-0005642_Start,1000,0,0,TTAGGG
contig-0005643_Start,1000,0,0,TTAGGG
contig-0005644_Start,1000,0,0,TTAGGG
contig-0005645_Start,1000,0,0,TTAGGG
contig-0005646_Start,1000,0,0,TTAGGG
contig-0005647_Start,1000,0,0,TTAGGG
contig-0005648_Start,1000,0,2,TTAGGG
contig-0005649_Start,1000,0,1,TTAGGG
contig-0005650_Start,1000,0,1,TTAGGG
contig-0005651_Start,1000,1,0,TTAGGG
contig-0005652_Start,1000,0,0,TTAGGG
contig-0005653_Start,1000,0,0,TTAGGG
contig-0005654_Start,1000,0,0,TTAGGG
contig-0005655_Start,1000,0,0,TTAGGG
contig-0005656_Start,1000,0,0,TTAGGG
contig-0005657_Start,1000,0,0,TTAGGG
contig-0005658_Start,1000,2,0,TTAGGG
contig-0005659_Start,1000,0,0,TTAGGG
contig-0005660_Start,1000,0,0,TTAGGG
contig-0005661_Start,1000,0,0,TTAGGG
contig-0005662_Start,1000,0,0,TTAGGG
contig-0005663_Start,1000,0,0,TTAGGG
contig-0005664_Start,1000,0,0,TTAGGG
contig-0005665_Start,1000,2,0,TTAGGG
contig-0005666_Start,1000,0,0,TTAGGG
contig-0005667_Start,1000,0,0,TTAGGG
contig-0005668_Start,1000,0,0,TTAGGG
contig-0005669_Start,1000,0,0,TTAGGG
contig-0005670_Start,1000,0,0,TTAGGG
contig-0005671_Start,1000,0,0,TTAGGG
contig-0005672_Start,1000,0,0,TTAGGG
contig-0005673_Start,1000,0,0,TTAGGG
contig-0005674_Start,1000,1,1,TTAGGG
contig-0005675_Start,1000,0,3,TTAGGG
contig-0005676_Start,1000,1,2,TTAGGG
contig-0005678_Start,1000,0,0,TTAGGG
contig-0005679_Start,1000,0,0,TTAGGG
contig-0005680_Start,1000,1,0,TTAGGG
contig-0005681_Start,1000,1,0,TTAGGG
contig-0005682_Start,1000,0,0,TTAGGG
contig-0005683_Start,1000,0,1,TTAGGG
contig-0005684_Start,1000,0,0,TTAGGG
contig-0005685_Start,1000,0,0,TTAGGG
contig-0005686_Start,1000,0,0,TTAGGG
contig-0005687_Start,1000,0,0,TTAGGG
contig-0005688_Start,1000,0,0,TTAGGG
contig-0005689_Start,1000,1,0,TTAGGG
contig-0005690_Start,1000,0,0,TTAGGG
contig-0005691_Start,1000,0,0,TTAGGG
contig-0005692_Start,1000,0,0,TTAGGG
contig-0005693_Start,1000,2,0,TTAGGG
contig-0005694_Start,1000,0,1,TTAGGG
contig-0005695_Start,1000,1,0,TTAGGG
contig-0005696_Start,1000,0,1,TTAGGG
contig-0005697_Start,1000,0,0,TTAGGG
contig-0005698_Start,1000,0,1,TTAGGG
contig-0005699_Start,1000,0,0,TTAGGG
contig-0005700_Start,1000,0,0,TTAGGG
contig-0005701_Start,1000,0,0,TTAGGG
contig-0005702_Start,1000,1,0,TTAGGG
contig-0005703_Start,1000,0,0,TTAGGG
contig-0005704_Start,1000,0,0,TTAGGG
contig-0005705_Start,1000,0,0,TTAGGG
contig-0005706_Start,1000,1,0,TTAGGG
contig-0005707_Start,1000,0,0,TTAGGG
contig-0005708_Start,1000,0,0,TTAGGG
contig-0005709_Start,1000,1,0,TTAGGG
contig-0005710_Start,1000,0,0,TTAGGG
contig-0005711_Start,1000,0,1,TTAGGG
contig-0005712_Start,1000,1,0,TTAGGG
contig-0005713_Start,1000,0,0,TTAGGG
contig-0005714_Start,1000,0,0,TTAGGG
contig-0005715_Start,1000,0,0,TTAGGG
contig-0005716_Start,1000,0,0,TTAGGG
contig-0005717_Start,1000,0,0,TTAGGG
contig-0005718_Start,1000,0,0,TTAGGG
contig-0005719_Start,1000,1,2,TTAGGG
contig-0005720_Start,1000,0,0,TTAGGG
contig-0005721_Start,1000,0,0,TTAGGG
contig-0005722_Start,1000,0,0,TTAGGG
contig-0005723_Start,1000,0,0,TTAGGG
contig-0005724_Start,1000,1,0,TTAGGG
contig-0005725_Start,1000,0,1,TTAGGG
contig-0005726_Start,1000,0,0,TTAGGG
contig-0005727_Start,1000,0,0,TTAGGG
contig-0005728_Start,1000,0,0,TTAGGG
contig-0005729_Start,1000,0,0,TTAGGG
contig-0005730_Start,1000,0,0,TTAGGG
contig-0005731_Start,1000,0,0,TTAGGG
contig-0005732_Start,1000,0,0,TTAGGG
contig-0005733_Start,1000,0,0,TTAGGG
contig-0005734_Start,1000,0,0,TTAGGG
contig-0005735_Start,1000,0,0,TTAGGG
contig-0005736_Start,1000,0,0,TTAGGG
contig-0005737_Start,1000,0,0,TTAGGG
contig-0005738_Start,1000,1,0,TTAGGG
contig-0005739_Start,1000,0,0,TTAGGG
contig-0005740_Start,1000,0,1,TTAGGG
contig-0005741_Start,1000,1,1,TTAGGG
contig-0005742_Start,1000,0,0,TTAGGG
contig-0005743_Start,1000,2,0,TTAGGG
contig-0005744_Start,1000,1,0,TTAGGG
contig-0005745_Start,1000,0,1,TTAGGG
contig-0005746_Start,1000,0,0,TTAGGG
contig-0005747_Start,1000,0,0,TTAGGG
contig-0005748_Start,1000,1,0,TTAGGG
contig-0005749_Start,1000,0,0,TTAGGG
contig-0005750_Start,1000,0,1,TTAGGG
contig-0005751_Start,1000,1,1,TTAGGG
contig-0005752_Start,1000,0,0,TTAGGG
contig-0005753_Start,1000,1,0,TTAGGG
contig-0005754_Start,1000,0,0,TTAGGG
contig-0005755_Start,1000,2,0,TTAGGG
contig-0005756_Start,1000,1,0,TTAGGG
contig-0005757_Start,1000,1,0,TTAGGG
contig-0005758_Start,1000,1,0,TTAGGG
contig-0005759_Start,1000,0,0,TTAGGG
contig-0005760_Start,1000,0,0,TTAGGG
contig-0005761_Start,1000,0,0,TTAGGG
contig-0005762_Start,1000,0,2,TTAGGG
contig-0005763_Start,1000,0,0,TTAGGG
contig-0005764_Start,1000,0,0,TTAGGG
contig-0005765_Start,1000,0,2,TTAGGG
contig-0005766_Start,1000,0,0,TTAGGG
contig-0005767_Start,1000,0,0,TTAGGG
contig-0005768_Start,1000,0,0,TTAGGG
contig-0005769_Start,1000,0,0,TTAGGG
contig-0005770_Start,1000,0,0,TTAGGG
contig-0005771_Start,1000,0,0,TTAGGG
contig-0005772_Start,1000,0,1,TTAGGG
contig-0005773_Start,1000,0,0,TTAGGG
contig-0005774_Start,1000,0,0,TTAGGG
contig-0005775_Start,1000,0,0,TTAGGG
contig-0005776_Start,1000,0,0,TTAGGG
contig-0005777_Start,1000,0,0,TTAGGG
contig-0005778_Start,1000,1,0,TTAGGG
contig-0005779_Start,1000,0,1,TTAGGG
contig-0005780_Start,1000,0,0,TTAGGG
contig-0005781_Start,1000,0,0,TTAGGG
contig-0005782_Start,1000,0,0,TTAGGG
contig-0005783_Start,1000,0,0,TTAGGG
contig-0005784_Start,1000,0,0,TTAGGG
contig-0005785_Start,1000,0,0,TTAGGG
contig-0005786_Start,1000,0,1,TTAGGG
contig-0005787_Start,1000,0,0,TTAGGG
contig-0005788_Start,1000,1,0,TTAGGG
contig-0005789_Start,1000,0,0,TTAGGG
contig-0005790_Start,1000,0,0,TTAGGG
contig-0005791_Start,1000,1,0,TTAGGG
contig-0005792_Start,1000,1,0,TTAGGG
contig-0005793_Start,1000,0,0,TTAGGG
contig-0005794_Start,1000,0,0,TTAGGG
contig-0005795_Start,1000,0,0,TTAGGG
contig-0005796_Start,1000,0,0,TTAGGG
contig-0005797_Start,1000,0,0,TTAGGG
contig-0005798_Start,1000,0,0,TTAGGG
contig-0005799_Start,1000,0,0,TTAGGG
contig-0005800_Start,1000,0,0,TTAGGG
contig-0005801_Start,1000,1,0,TTAGGG
contig-0005802_Start,1000,1,0,TTAGGG
contig-0005803_Start,1000,0,0,TTAGGG
contig-0005804_Start,1000,0,0,TTAGGG
contig-0005805_Start,1000,1,0,TTAGGG
contig-0005806_Start,1000,0,1,TTAGGG
contig-0005807_Start,1000,0,0,TTAGGG
contig-0005808_Start,1000,0,0,TTAGGG
contig-0005809_Start,1000,1,0,TTAGGG
contig-0005810_Start,1000,0,0,TTAGGG
contig-0005811_Start,1000,0,0,TTAGGG
contig-0005812_Start,1000,0,0,TTAGGG
contig-0005813_Start,1000,2,0,TTAGGG
contig-0005814_Start,1000,1,0,TTAGGG
contig-0005815_Start,1000,0,0,TTAGGG
contig-0005816_Start,1000,0,0,TTAGGG
contig-0005817_Start,1000,0,1,TTAGGG
contig-0005818_Start,1000,0,0,TTAGGG
contig-0005819_Start,1000,0,0,TTAGGG
contig-0005820_Start,1000,0,0,TTAGGG
contig-0005821_Start,1000,1,0,TTAGGG
contig-0005822_Start,1000,0,0,TTAGGG
contig-0005823_Start,1000,0,0,TTAGGG
contig-0005824_Start,1000,0,0,TTAGGG
contig-0005825_Start,1000,0,1,TTAGGG
contig-0005826_Start,1000,2,1,TTAGGG
contig-0005827_Start,1000,0,1,TTAGGG
contig-0005828_Start,1000,0,0,TTAGGG
contig-0005829_Start,1000,0,0,TTAGGG
contig-0005830_Start,1000,0,0,TTAGGG
contig-0005831_Start,1000,1,0,TTAGGG
contig-0005832_Start,1000,1,1,TTAGGG
contig-0005834_Start,1000,0,1,TTAGGG
contig-0005835_Start,1000,0,1,TTAGGG
contig-0005836_Start,1000,0,1,TTAGGG
contig-0005837_Start,1000,0,1,TTAGGG
contig-0005838_Start,1000,0,0,TTAGGG
contig-0005839_Start,1000,1,0,TTAGGG
contig-0005840_Start,1000,0,1,TTAGGG
contig-0005841_Start,1000,0,0,TTAGGG
contig-0005842_Start,1000,0,0,TTAGGG
contig-0005843_Start,1000,0,1,TTAGGG
contig-0005844_Start,1000,1,1,TTAGGG
contig-0005845_Start,1000,0,0,TTAGGG
contig-0005846_Start,1000,0,0,TTAGGG
contig-0005847_Start,1000,1,0,TTAGGG
contig-0005848_Start,1000,0,0,TTAGGG
contig-0005849_Start,1000,0,0,TTAGGG
contig-0005850_Start,1000,0,0,TTAGGG
contig-0005851_Start,1000,0,0,TTAGGG
contig-0005852_Start,1000,0,0,TTAGGG
contig-0005853_Start,1000,0,0,TTAGGG
contig-0005854_Start,1000,1,0,TTAGGG
contig-0005855_Start,1000,0,0,TTAGGG
contig-0005856_Start,1000,0,1,TTAGGG
contig-0005857_Start,1000,0,0,TTAGGG
contig-0005858_Start,1000,0,0,TTAGGG
contig-0005859_Start,1000,1,0,TTAGGG
contig-0005860_Start,1000,0,0,TTAGGG
contig-0005861_Start,1000,0,0,TTAGGG
contig-0005862_Start,1000,2,0,TTAGGG
contig-0005863_Start,1000,0,0,TTAGGG
contig-0005864_Start,1000,0,0,TTAGGG
contig-0005865_Start,1000,0,0,TTAGGG
contig-0005866_Start,1000,0,0,TTAGGG
contig-0005867_Start,1000,1,0,TTAGGG
contig-0005868_Start,1000,0,0,TTAGGG
contig-0005869_Start,1000,0,0,TTAGGG
contig-0005870_Start,1000,1,0,TTAGGG
contig-0005871_Start,1000,1,0,TTAGGG
contig-0005872_Start,1000,0,0,TTAGGG
contig-0005873_Start,1000,0,0,TTAGGG
contig-0005874_Start,1000,1,0,TTAGGG
contig-0005875_Start,1000,1,0,TTAGGG
contig-0005876_Start,1000,0,0,TTAGGG
contig-0005877_Start,1000,0,0,TTAGGG
contig-0005878_Start,1000,0,0,TTAGGG
contig-0005879_Start,1000,0,0,TTAGGG
contig-0005880_Start,1000,0,0,TTAGGG
contig-0005881_Start,1000,0,0,TTAGGG
contig-0005882_Start,1000,0,0,TTAGGG
contig-0005883_Start,1000,0,0,TTAGGG
contig-0005884_Start,1000,0,0,TTAGGG
contig-0005885_Start,1000,0,0,TTAGGG
contig-0005886_Start,1000,0,0,TTAGGG
contig-0005887_Start,1000,0,0,TTAGGG
contig-0005888_Start,1000,0,0,TTAGGG
contig-0005889_Start,1000,0,0,TTAGGG
contig-0005890_Start,1000,0,1,TTAGGG
contig-0005891_Start,1000,0,0,TTAGGG
contig-0005892_Start,1000,0,0,TTAGGG
contig-0005893_Start,1000,0,1,TTAGGG
contig-0005894_Start,1000,0,0,TTAGGG
contig-0005895_Start,1000,0,0,TTAGGG
contig-0005896_Start,1000,0,0,TTAGGG
contig-0005897_Start,1000,0,0,TTAGGG
contig-0005898_Start,1000,0,0,TTAGGG
contig-0005899_Start,1000,0,0,TTAGGG
contig-0005900_Start,1000,0,0,TTAGGG
contig-0005901_Start,1000,0,0,TTAGGG
contig-0005902_Start,1000,1,0,TTAGGG
contig-0005903_Start,1000,0,0,TTAGGG
contig-0005904_Start,1000,0,0,TTAGGG
contig-0005905_Start,1000,0,0,TTAGGG
contig-0005906_Start,1000,0,0,TTAGGG
contig-0005907_Start,1000,2,0,TTAGGG
contig-0005908_Start,1000,0,2,TTAGGG
contig-0005909_Start,1000,1,0,TTAGGG
contig-0005911_Start,1000,0,0,TTAGGG
contig-0005912_Start,1000,0,0,TTAGGG
contig-0005913_Start,1000,0,0,TTAGGG
contig-0005914_Start,1000,0,0,TTAGGG
contig-0005915_Start,1000,0,0,TTAGGG
contig-0005916_Start,1000,0,0,TTAGGG
contig-0005917_Start,1000,0,0,TTAGGG
contig-0005918_Start,1000,0,0,TTAGGG
contig-0005919_Start,1000,0,0,TTAGGG
contig-0005920_Start,1000,0,0,TTAGGG
contig-0005921_Start,1000,0,0,TTAGGG
contig-0005922_Start,1000,0,0,TTAGGG
contig-0005923_Start,1000,0,1,TTAGGG
contig-0005924_Start,1000,0,0,TTAGGG
contig-0005925_Start,1000,0,1,TTAGGG
contig-0005926_Start,1000,0,0,TTAGGG
contig-0005927_Start,1000,2,0,TTAGGG
contig-0005928_Start,1000,0,0,TTAGGG
contig-0005929_Start,1000,0,0,TTAGGG
contig-0005930_Start,1000,0,1,TTAGGG
contig-0005931_Start,1000,0,0,TTAGGG
contig-0005932_Start,1000,0,1,TTAGGG
contig-0005933_Start,1000,0,0,TTAGGG
contig-0005934_Start,1000,0,1,TTAGGG
contig-0005935_Start,1000,0,0,TTAGGG
contig-0005936_Start,1000,0,0,TTAGGG
contig-0005937_Start,1000,0,0,TTAGGG
contig-0005938_Start,1000,0,0,TTAGGG
contig-0005939_Start,1000,1,0,TTAGGG
contig-0005940_Start,1000,1,0,TTAGGG
contig-0005941_Start,1000,1,0,TTAGGG
contig-0005942_Start,1000,0,0,TTAGGG
contig-0005943_Start,1000,0,0,TTAGGG
contig-0005944_Start,1000,0,0,TTAGGG
contig-0005945_Start,1000,0,0,TTAGGG
contig-0005946_Start,1000,0,0,TTAGGG
contig-0005947_Start,1000,0,0,TTAGGG
contig-0005948_Start,1000,0,1,TTAGGG
contig-0005949_Start,1000,0,0,TTAGGG
contig-0005950_Start,1000,0,0,TTAGGG
contig-0005951_Start,1000,0,0,TTAGGG
contig-0005952_Start,1000,0,0,TTAGGG
contig-0005953_Start,1000,0,0,TTAGGG
contig-0005954_Start,1000,0,0,TTAGGG
contig-0005955_Start,1000,0,0,TTAGGG
contig-0005956_Start,1000,0,0,TTAGGG
contig-0005957_Start,1000,0,0,TTAGGG
contig-0005958_Start,1000,0,1,TTAGGG
contig-0005959_Start,1000,0,0,TTAGGG
contig-0005960_Start,1000,1,0,TTAGGG
contig-0005961_Start,1000,0,0,TTAGGG
contig-0005962_Start,1000,0,1,TTAGGG
contig-0005963_Start,1000,0,0,TTAGGG
contig-0005964_Start,1000,0,0,TTAGGG
contig-0005965_Start,1000,0,0,TTAGGG
contig-0005966_Start,1000,0,1,TTAGGG
contig-0005967_Start,1000,1,0,TTAGGG
contig-0005968_Start,1000,0,0,TTAGGG
contig-0005969_Start,1000,0,0,TTAGGG
contig-0005970_Start,1000,0,0,TTAGGG
contig-0005971_Start,1000,1,0,TTAGGG
contig-0005972_Start,1000,0,0,TTAGGG
contig-0005973_Start,1000,0,1,TTAGGG
contig-0005974_Start,1000,1,1,TTAGGG
contig-0005975_Start,1000,0,0,TTAGGG
contig-0005976_Start,1000,0,0,TTAGGG
contig-0005977_Start,1000,1,0,TTAGGG
contig-0005978_Start,1000,0,0,TTAGGG
contig-0005979_Start,1000,0,1,TTAGGG
contig-0005980_Start,1000,0,0,TTAGGG
contig-0005981_Start,1000,0,1,TTAGGG
contig-0005982_Start,1000,0,0,TTAGGG
contig-0005983_Start,1000,1,0,TTAGGG
contig-0005984_Start,1000,0,3,TTAGGG
contig-0005985_Start,1000,0,0,TTAGGG
contig-0005986_Start,1000,0,0,TTAGGG
contig-0005987_Start,1000,0,0,TTAGGG
contig-0005988_Start,1000,0,0,TTAGGG
contig-0005989_Start,1000,0,0,TTAGGG
contig-0005990_Start,1000,0,1,TTAGGG
contig-0005991_Start,1000,1,0,TTAGGG
contig-0005992_Start,1000,0,0,TTAGGG
contig-0005993_Start,1000,0,0,TTAGGG
contig-0005994_Start,1000,0,0,TTAGGG
contig-0005995_Start,1000,0,0,TTAGGG
contig-0005996_Start,1000,0,0,TTAGGG
contig-0005997_Start,1000,0,0,TTAGGG
contig-0005998_Start,1000,0,0,TTAGGG
contig-0005999_Start,1000,0,0,TTAGGG
contig-0006000_Start,1000,0,0,TTAGGG
contig-0006001_Start,1000,0,0,TTAGGG
contig-0006002_Start,1000,0,0,TTAGGG
contig-0006003_Start,1000,0,1,TTAGGG
contig-0006004_Start,1000,0,1,TTAGGG
contig-0006005_Start,1000,1,0,TTAGGG
contig-0006006_Start,1000,0,0,TTAGGG
contig-0006007_Start,1000,0,1,TTAGGG
contig-0006008_Start,1000,0,0,TTAGGG
contig-0006009_Start,1000,2,0,TTAGGG
contig-0006010_Start,1000,0,0,TTAGGG
contig-0006011_Start,1000,0,1,TTAGGG
contig-0006012_Start,1000,0,0,TTAGGG
contig-0006013_Start,1000,0,0,TTAGGG
contig-0006014_Start,1000,0,1,TTAGGG
contig-0006015_Start,1000,0,0,TTAGGG
contig-0006016_Start,1000,0,0,TTAGGG
contig-0006017_Start,1000,0,1,TTAGGG
contig-0006018_Start,1000,0,0,TTAGGG
contig-0006019_Start,1000,0,0,TTAGGG
contig-0006020_Start,1000,0,0,TTAGGG
contig-0006021_Start,1000,0,0,TTAGGG
contig-0006022_Start,1000,0,1,TTAGGG
contig-0006023_Start,1000,0,0,TTAGGG
contig-0006024_Start,1000,0,0,TTAGGG
contig-0006025_Start,1000,0,0,TTAGGG
contig-0006026_Start,1000,0,0,TTAGGG
contig-0006027_Start,1000,0,0,TTAGGG
contig-0006028_Start,1000,1,0,TTAGGG
contig-0006029_Start,1000,0,1,TTAGGG
contig-0006030_Start,1000,0,0,TTAGGG
contig-0006031_Start,1000,0,0,TTAGGG
contig-0006032_Start,1000,0,2,TTAGGG
contig-0006033_Start,1000,0,0,TTAGGG
contig-0006034_Start,1000,1,0,TTAGGG
contig-0006035_Start,1000,0,2,TTAGGG
contig-0006036_Start,1000,1,0,TTAGGG
contig-0006037_Start,1000,0,1,TTAGGG
contig-0006038_Start,1000,0,0,TTAGGG
contig-0006039_Start,1000,0,0,TTAGGG
contig-0006040_Start,1000,0,0,TTAGGG
contig-0006041_Start,1000,0,0,TTAGGG
contig-0006042_Start,1000,0,0,TTAGGG
contig-0006043_Start,1000,0,0,TTAGGG
contig-0006044_Start,1000,0,0,TTAGGG
contig-0006045_Start,1000,0,1,TTAGGG
contig-0006046_Start,1000,0,1,TTAGGG
contig-0006047_Start,1000,0,0,TTAGGG
contig-0006048_Start,1000,1,0,TTAGGG
contig-0006049_Start,1000,0,0,TTAGGG
contig-0006050_Start,1000,1,1,TTAGGG
contig-0006051_Start,1000,0,0,TTAGGG
contig-0006052_Start,1000,0,0,TTAGGG
contig-0006053_Start,1000,0,0,TTAGGG
contig-0006054_Start,1000,0,0,TTAGGG
contig-0006055_Start,1000,1,0,TTAGGG
contig-0006056_Start,1000,0,0,TTAGGG
contig-0006057_Start,1000,0,0,TTAGGG
contig-0006058_Start,1000,0,1,TTAGGG
contig-0006059_Start,1000,0,0,TTAGGG
contig-0006060_Start,1000,1,1,TTAGGG
contig-0006061_Start,1000,1,0,TTAGGG
contig-0006062_Start,1000,0,0,TTAGGG
contig-0006063_Start,1000,0,0,TTAGGG
contig-0006064_Start,1000,0,2,TTAGGG
contig-0006065_Start,1000,0,0,TTAGGG
contig-0006066_Start,1000,0,1,TTAGGG
contig-0006067_Start,1000,0,2,TTAGGG
contig-0006068_Start,1000,0,0,TTAGGG
contig-0006069_Start,1000,0,0,TTAGGG
contig-0006070_Start,1000,1,0,TTAGGG
contig-0006071_Start,1000,0,1,TTAGGG
contig-0006072_Start,1000,0,0,TTAGGG
contig-0006073_Start,1000,0,0,TTAGGG
contig-0006074_Start,1000,0,0,TTAGGG
contig-0006075_Start,1000,1,0,TTAGGG
contig-0006076_Start,1000,0,0,TTAGGG
contig-0006077_Start,1000,0,0,TTAGGG
contig-0006078_Start,1000,0,0,TTAGGG
contig-0006079_Start,1000,0,0,TTAGGG
contig-0006080_Start,1000,0,1,TTAGGG
contig-0006081_Start,1000,0,1,TTAGGG
contig-0006082_Start,1000,0,0,TTAGGG
contig-0006083_Start,1000,0,0,TTAGGG
contig-0006084_Start,1000,0,0,TTAGGG
contig-0006085_Start,1000,0,0,TTAGGG
contig-0006086_Start,1000,0,0,TTAGGG
contig-0006087_Start,1000,0,0,TTAGGG
contig-0006088_Start,1000,0,0,TTAGGG
contig-0006089_Start,1000,1,0,TTAGGG
contig-0006090_Start,1000,0,0,TTAGGG
contig-0006091_Start,1000,2,0,TTAGGG
contig-0006092_Start,1000,1,0,TTAGGG
contig-0006093_Start,1000,0,0,TTAGGG
contig-0006094_Start,1000,0,0,TTAGGG
contig-0006095_Start,1000,1,0,TTAGGG
contig-0006096_Start,1000,0,0,TTAGGG
contig-0006097_Start,1000,0,0,TTAGGG
contig-0006098_Start,1000,0,1,TTAGGG
contig-0006099_Start,1000,0,0,TTAGGG
contig-0006100_Start,1000,0,0,TTAGGG
contig-0006101_Start,1000,0,1,TTAGGG
contig-0006102_Start,1000,1,2,TTAGGG
contig-0006103_Start,1000,0,0,TTAGGG
contig-0006104_Start,1000,0,0,TTAGGG
contig-0006105_Start,1000,0,0,TTAGGG
contig-0006106_Start,1000,0,0,TTAGGG
contig-0006107_Start,1000,1,1,TTAGGG
contig-0006108_Start,1000,0,0,TTAGGG
contig-0006109_Start,1000,0,0,TTAGGG
contig-0006110_Start,1000,0,0,TTAGGG
contig-0006111_Start,1000,0,0,TTAGGG
contig-0006112_Start,1000,0,0,TTAGGG
contig-0006113_Start,1000,0,0,TTAGGG
contig-0006114_Start,1000,0,0,TTAGGG
contig-0006115_Start,1000,0,0,TTAGGG
contig-0006116_Start,1000,0,0,TTAGGG
contig-0006117_Start,1000,0,0,TTAGGG
contig-0006118_Start,1000,0,0,TTAGGG
contig-0006119_Start,1000,0,0,TTAGGG
contig-0006120_Start,1000,0,0,TTAGGG
contig-0006121_Start,1000,0,0,TTAGGG
contig-0006122_Start,1000,0,0,TTAGGG
contig-0006123_Start,1000,2,0,TTAGGG
contig-0006124_Start,1000,0,0,TTAGGG
contig-0006125_Start,1000,0,0,TTAGGG
contig-0006126_Start,1000,0,0,TTAGGG
contig-0006127_Start,1000,0,0,TTAGGG
contig-0006128_Start,1000,0,0,TTAGGG
contig-0006129_Start,1000,0,1,TTAGGG
contig-0006130_Start,1000,0,0,TTAGGG
contig-0006131_Start,1000,0,1,TTAGGG
contig-0006132_Start,1000,0,0,TTAGGG
contig-0006133_Start,1000,0,1,TTAGGG
contig-0006134_Start,1000,0,0,TTAGGG
contig-0006135_Start,1000,0,0,TTAGGG
contig-0006136_Start,1000,0,0,TTAGGG
contig-0006137_Start,1000,0,0,TTAGGG
contig-0006138_Start,1000,0,0,TTAGGG
contig-0006139_Start,1000,0,0,TTAGGG
contig-0006140_Start,1000,0,1,TTAGGG
contig-0006141_Start,1000,0,0,TTAGGG
contig-0006142_Start,1000,1,1,TTAGGG
contig-0006143_Start,1000,0,0,TTAGGG
contig-0006144_Start,1000,0,0,TTAGGG
contig-0006145_Start,1000,0,0,TTAGGG
contig-0006146_Start,1000,0,0,TTAGGG
contig-0006147_Start,1000,0,0,TTAGGG
contig-0006148_Start,1000,0,0,TTAGGG
contig-0006149_Start,1000,0,0,TTAGGG
contig-0006150_Start,1000,0,0,TTAGGG
contig-0006151_Start,1000,0,0,TTAGGG
contig-0006152_Start,1000,0,0,TTAGGG
contig-0006153_Start,1000,0,1,TTAGGG
contig-0006154_Start,1000,1,0,TTAGGG
contig-0006155_Start,1000,0,0,TTAGGG
contig-0006156_Start,1000,0,0,TTAGGG
contig-0006157_Start,1000,2,1,TTAGGG
contig-0006158_Start,1000,0,0,TTAGGG
contig-0006159_Start,1000,0,0,TTAGGG
contig-0006160_Start,1000,0,0,TTAGGG
contig-0006161_Start,1000,0,0,TTAGGG
contig-0006162_Start,1000,0,0,TTAGGG
contig-0006163_Start,1000,0,0,TTAGGG
contig-0006164_Start,1000,2,0,TTAGGG
contig-0006165_Start,1000,0,2,TTAGGG
contig-0006166_Start,1000,1,0,TTAGGG
contig-0006167_Start,1000,0,0,TTAGGG
contig-0006168_Start,1000,0,1,TTAGGG
contig-0006169_Start,1000,0,0,TTAGGG
contig-0006170_Start,1000,0,0,TTAGGG
contig-0006171_Start,1000,0,0,TTAGGG
contig-0006172_Start,1000,0,0,TTAGGG
contig-0006173_Start,1000,0,0,TTAGGG
contig-0006174_Start,1000,0,0,TTAGGG
contig-0006175_Start,1000,0,0,TTAGGG
contig-0006176_Start,1000,0,0,TTAGGG
contig-0006177_Start,1000,0,0,TTAGGG
contig-0006178_Start,1000,0,0,TTAGGG
contig-0006179_Start,1000,0,0,TTAGGG
contig-0006180_Start,1000,1,0,TTAGGG
contig-0006181_Start,1000,0,1,TTAGGG
contig-0006182_Start,1000,0,0,TTAGGG
contig-0006183_Start,1000,0,0,TTAGGG
contig-0006184_Start,1000,0,0,TTAGGG
contig-0006185_Start,1000,0,0,TTAGGG
contig-0006186_Start,1000,0,0,TTAGGG
contig-0006187_Start,1000,0,0,TTAGGG
contig-0006188_Start,1000,0,0,TTAGGG
contig-0006189_Start,1000,0,0,TTAGGG
contig-0006190_Start,1000,0,0,TTAGGG
contig-0006191_Start,1000,0,0,TTAGGG
contig-0006192_Start,1000,0,0,TTAGGG
contig-0006193_Start,1000,0,1,TTAGGG
contig-0006194_Start,1000,1,0,TTAGGG
contig-0006195_Start,1000,0,0,TTAGGG
contig-0006196_Start,1000,0,0,TTAGGG
contig-0006197_Start,1000,0,0,TTAGGG
contig-0006198_Start,1000,0,0,TTAGGG
contig-0006199_Start,1000,1,0,TTAGGG
contig-0006200_Start,1000,0,0,TTAGGG
contig-0006201_Start,1000,1,0,TTAGGG
contig-0006202_Start,1000,0,0,TTAGGG
contig-0006203_Start,1000,0,0,TTAGGG
contig-0006204_Start,1000,0,0,TTAGGG
contig-0006205_Start,1000,0,0,TTAGGG
contig-0006206_Start,1000,0,0,TTAGGG
contig-0006207_Start,1000,0,0,TTAGGG
contig-0006208_Start,1000,0,0,TTAGGG
contig-0006209_Start,1000,0,0,TTAGGG
contig-0006210_Start,1000,0,0,TTAGGG
contig-0006211_Start,1000,0,0,TTAGGG
contig-0006212_Start,1000,0,0,TTAGGG
contig-0006213_Start,1000,0,0,TTAGGG
contig-0006214_Start,1000,1,0,TTAGGG
contig-0006215_Start,1000,0,0,TTAGGG
contig-0006216_Start,1000,0,0,TTAGGG
contig-0006217_Start,1000,0,1,TTAGGG
contig-0006218_Start,1000,0,0,TTAGGG
contig-0006219_Start,1000,0,0,TTAGGG
contig-0006220_Start,1000,1,0,TTAGGG
contig-0006221_Start,1000,1,0,TTAGGG
contig-0006222_Start,1000,0,0,TTAGGG
contig-0006223_Start,1000,1,0,TTAGGG
contig-0006224_Start,1000,0,166,TTAGGG
contig-0006225_Start,1000,0,0,TTAGGG
contig-0006226_Start,1000,0,0,TTAGGG
contig-0006227_Start,1000,0,0,TTAGGG
contig-0006228_Start,1000,0,1,TTAGGG
contig-0006229_Start,1000,0,0,TTAGGG
contig-0006230_Start,1000,0,1,TTAGGG
contig-0006231_Start,1000,0,0,TTAGGG
contig-0006232_Start,1000,0,1,TTAGGG
contig-0006233_Start,1000,0,0,TTAGGG
contig-0006234_Start,1000,0,1,TTAGGG
contig-0006235_Start,1000,0,0,TTAGGG
contig-0006236_Start,1000,0,0,TTAGGG
contig-0006237_Start,1000,2,0,TTAGGG
contig-0006238_Start,1000,0,1,TTAGGG
contig-0006239_Start,1000,0,0,TTAGGG
contig-0006240_Start,1000,3,0,TTAGGG
contig-0006241_Start,1000,0,0,TTAGGG
contig-0006242_Start,1000,0,1,TTAGGG
contig-0006243_Start,1000,0,0,TTAGGG
contig-0006244_Start,1000,0,0,TTAGGG
contig-0006245_Start,1000,0,0,TTAGGG
contig-0006246_Start,1000,0,0,TTAGGG
contig-0006247_Start,1000,0,0,TTAGGG
contig-0006248_Start,1000,1,0,TTAGGG
contig-0006249_Start,1000,0,0,TTAGGG
contig-0006250_Start,1000,0,0,TTAGGG
contig-0006251_Start,1000,0,0,TTAGGG
contig-0006252_Start,1000,0,0,TTAGGG
contig-0006253_Start,1000,0,0,TTAGGG
contig-0006254_Start,1000,0,0,TTAGGG
contig-0006255_Start,1000,0,0,TTAGGG
contig-0006256_Start,1000,0,0,TTAGGG
contig-0006257_Start,1000,0,0,TTAGGG
contig-0006258_Start,1000,2,1,TTAGGG
contig-0006259_Start,1000,0,0,TTAGGG
contig-0006260_Start,1000,0,0,TTAGGG
contig-0006261_Start,1000,0,0,TTAGGG
contig-0006262_Start,1000,0,0,TTAGGG
contig-0006263_Start,1000,1,0,TTAGGG
contig-0006264_Start,1000,0,0,TTAGGG
contig-0006265_Start,1000,0,0,TTAGGG
contig-0006266_Start,1000,0,0,TTAGGG
contig-0006267_Start,1000,0,0,TTAGGG
contig-0006268_Start,1000,0,1,TTAGGG
contig-0006269_Start,1000,0,0,TTAGGG
contig-0006270_Start,1000,0,0,TTAGGG
contig-0006271_Start,1000,0,0,TTAGGG
contig-0006272_Start,1000,0,0,TTAGGG
contig-0006273_Start,1000,0,0,TTAGGG
contig-0006274_Start,1000,1,0,TTAGGG
contig-0006275_Start,1000,0,0,TTAGGG
contig-0006276_Start,1000,0,1,TTAGGG
contig-0006277_Start,1000,0,1,TTAGGG
contig-0006278_Start,1000,0,0,TTAGGG
contig-0006279_Start,1000,0,0,TTAGGG
contig-0006280_Start,1000,0,0,TTAGGG
contig-0006281_Start,1000,0,0,TTAGGG
contig-0006282_Start,1000,1,1,TTAGGG
contig-0006283_Start,1000,0,0,TTAGGG
contig-0006284_Start,1000,0,0,TTAGGG
contig-0006285_Start,1000,0,0,TTAGGG
contig-0006286_Start,1000,0,0,TTAGGG
contig-0006287_Start,1000,0,0,TTAGGG
contig-0006288_Start,1000,1,0,TTAGGG
contig-0006289_Start,1000,0,1,TTAGGG
contig-0006290_Start,1000,0,0,TTAGGG
contig-0006291_Start,1000,1,0,TTAGGG
contig-0006292_Start,1000,0,0,TTAGGG
contig-0006293_Start,1000,0,0,TTAGGG
contig-0006294_Start,1000,0,0,TTAGGG
contig-0006295_Start,1000,0,0,TTAGGG
contig-0006296_Start,1000,0,1,TTAGGG
contig-0006297_Start,1000,0,0,TTAGGG
contig-0006298_Start,1000,0,0,TTAGGG
contig-0006299_Start,1000,0,0,TTAGGG
contig-0006300_Start,1000,0,0,TTAGGG
contig-0006301_Start,1000,0,2,TTAGGG
contig-0006302_Start,1000,0,0,TTAGGG
contig-0006303_Start,1000,0,0,TTAGGG
contig-0006304_Start,1000,0,0,TTAGGG
contig-0006305_Start,1000,0,0,TTAGGG
contig-0006306_Start,1000,0,0,TTAGGG
contig-0006307_Start,1000,0,0,TTAGGG
contig-0006308_Start,1000,0,0,TTAGGG
contig-0006309_Start,1000,0,0,TTAGGG
contig-0006310_Start,1000,0,0,TTAGGG
contig-0006311_Start,1000,1,0,TTAGGG
contig-0006312_Start,1000,0,0,TTAGGG
contig-0006313_Start,1000,0,0,TTAGGG
contig-0006314_Start,1000,0,0,TTAGGG
contig-0006315_Start,1000,0,0,TTAGGG
contig-0006316_Start,1000,0,0,TTAGGG
contig-0006317_Start,1000,0,0,TTAGGG
contig-0006318_Start,1000,0,1,TTAGGG
contig-0006319_Start,1000,0,0,TTAGGG
contig-0006320_Start,1000,0,1,TTAGGG
contig-0006321_Start,1000,2,0,TTAGGG
contig-0006322_Start,1000,1,0,TTAGGG
contig-0006323_Start,1000,0,1,TTAGGG
contig-0006324_Start,1000,0,0,TTAGGG
contig-0006325_Start,1000,0,1,TTAGGG
contig-0006326_Start,1000,0,0,TTAGGG
contig-0006327_Start,1000,0,0,TTAGGG
contig-0006328_Start,1000,0,0,TTAGGG
contig-0006329_Start,1000,0,0,TTAGGG
contig-0006330_Start,1000,0,0,TTAGGG
contig-0006331_Start,1000,0,0,TTAGGG
contig-0006332_Start,1000,0,0,TTAGGG
contig-0006333_Start,1000,0,1,TTAGGG
contig-0006334_Start,1000,2,0,TTAGGG
contig-0006335_Start,1000,1,0,TTAGGG
contig-0006336_Start,1000,0,0,TTAGGG
contig-0006337_Start,1000,0,0,TTAGGG
contig-0006338_Start,1000,0,0,TTAGGG
contig-0006339_Start,1000,0,0,TTAGGG
contig-0006340_Start,1000,1,1,TTAGGG
contig-0006341_Start,1000,0,0,TTAGGG
contig-0006342_Start,1000,0,0,TTAGGG
contig-0006343_Start,1000,0,1,TTAGGG
contig-0006344_Start,1000,0,0,TTAGGG
contig-0006345_Start,1000,2,0,TTAGGG
contig-0006346_Start,1000,1,0,TTAGGG
contig-0006347_Start,1000,0,0,TTAGGG
contig-0006348_Start,1000,0,0,TTAGGG
contig-0006349_Start,1000,1,0,TTAGGG
contig-0006350_Start,1000,0,0,TTAGGG
contig-0006351_Start,1000,0,1,TTAGGG
contig-0006352_Start,1000,0,0,TTAGGG
contig-0006353_Start,1000,0,0,TTAGGG
contig-0006354_Start,1000,0,1,TTAGGG
contig-0006355_Start,1000,1,0,TTAGGG
contig-0006356_Start,1000,0,0,TTAGGG
contig-0006357_Start,1000,1,1,TTAGGG
contig-0006358_Start,1000,0,0,TTAGGG
contig-0006359_Start,1000,0,0,TTAGGG
contig-0006360_Start,1000,0,0,TTAGGG
contig-0006361_Start,1000,0,0,TTAGGG
contig-0006362_Start,1000,0,0,TTAGGG
contig-0006364_Start,1000,0,0,TTAGGG
contig-0006365_Start,1000,0,1,TTAGGG
contig-0006366_Start,1000,0,0,TTAGGG
contig-0006367_Start,1000,0,0,TTAGGG
contig-0006368_Start,1000,0,0,TTAGGG
contig-0006369_Start,1000,0,0,TTAGGG
contig-0006370_Start,1000,0,0,TTAGGG
contig-0006371_Start,1000,0,0,TTAGGG
contig-0006372_Start,1000,0,0,TTAGGG
contig-0006373_Start,1000,0,0,TTAGGG
contig-0006374_Start,1000,0,1,TTAGGG
contig-0006375_Start,1000,0,0,TTAGGG
contig-0006376_Start,1000,0,0,TTAGGG
contig-0006377_Start,1000,0,0,TTAGGG
contig-0006378_Start,1000,1,0,TTAGGG
contig-0006379_Start,1000,0,0,TTAGGG
contig-0006380_Start,1000,0,0,TTAGGG
contig-0006381_Start,1000,0,0,TTAGGG
contig-0006382_Start,1000,0,0,TTAGGG
contig-0006383_Start,1000,0,0,TTAGGG
contig-0006384_Start,1000,1,0,TTAGGG
contig-0006385_Start,1000,0,0,TTAGGG
contig-0006386_Start,1000,0,0,TTAGGG
contig-0006387_Start,1000,0,0,TTAGGG
contig-0006388_Start,1000,0,0,TTAGGG
contig-0006389_Start,1000,0,0,TTAGGG
contig-0006390_Start,1000,1,0,TTAGGG
contig-0006391_Start,1000,0,0,TTAGGG
contig-0006392_Start,1000,0,0,TTAGGG
contig-0006393_Start,1000,0,0,TTAGGG
contig-0006394_Start,1000,0,0,TTAGGG
contig-0006395_Start,1000,0,0,TTAGGG
contig-0006396_Start,1000,0,0,TTAGGG
contig-0006397_Start,1000,0,0,TTAGGG
contig-0006398_Start,1000,0,0,TTAGGG
contig-0006399_Start,1000,0,0,TTAGGG
contig-0006400_Start,1000,0,0,TTAGGG
contig-0006401_Start,1000,0,0,TTAGGG
contig-0006402_Start,1000,0,1,TTAGGG
contig-0006403_Start,1000,0,0,TTAGGG
contig-0006404_Start,1000,0,1,TTAGGG
contig-0006405_Start,1000,0,0,TTAGGG
contig-0006406_Start,1000,0,0,TTAGGG
contig-0006407_Start,1000,0,0,TTAGGG
contig-0006408_Start,1000,0,0,TTAGGG
contig-0006409_Start,1000,0,0,TTAGGG
contig-0006410_Start,1000,2,0,TTAGGG
contig-0006411_Start,1000,0,0,TTAGGG
contig-0006412_Start,1000,0,0,TTAGGG
contig-0006413_Start,1000,0,0,TTAGGG
contig-0006414_Start,1000,0,0,TTAGGG
contig-0006415_Start,1000,0,0,TTAGGG
contig-0006416_Start,1000,0,0,TTAGGG
contig-0006417_Start,1000,0,0,TTAGGG
contig-0006418_Start,1000,1,0,TTAGGG
contig-0006419_Start,1000,0,0,TTAGGG
contig-0006420_Start,1000,1,0,TTAGGG
contig-0006421_Start,1000,0,0,TTAGGG
contig-0006422_Start,1000,0,0,TTAGGG
contig-0006423_Start,1000,3,0,TTAGGG
contig-0006424_Start,1000,2,1,TTAGGG
contig-0006425_Start,1000,0,0,TTAGGG
contig-0006426_Start,1000,0,0,TTAGGG
contig-0006427_Start,1000,1,0,TTAGGG
contig-0006428_Start,1000,0,0,TTAGGG
contig-0006429_Start,1000,0,0,TTAGGG
contig-0006430_Start,1000,0,0,TTAGGG
contig-0006432_Start,1000,0,1,TTAGGG
contig-0006433_Start,1000,0,1,TTAGGG
contig-0006434_Start,1000,0,0,TTAGGG
contig-0006435_Start,1000,0,1,TTAGGG
contig-0006436_Start,1000,0,1,TTAGGG
contig-0006437_Start,1000,0,0,TTAGGG
contig-0006438_Start,1000,0,0,TTAGGG
contig-0006439_Start,1000,0,0,TTAGGG
contig-0006440_Start,1000,0,0,TTAGGG
contig-0006441_Start,1000,0,0,TTAGGG
contig-0006442_Start,1000,1,0,TTAGGG
contig-0006443_Start,1000,0,0,TTAGGG
contig-0006444_Start,1000,1,0,TTAGGG
contig-0006445_Start,1000,1,0,TTAGGG
contig-0006446_Start,1000,0,0,TTAGGG
contig-0006447_Start,1000,0,0,TTAGGG
contig-0006448_Start,1000,0,0,TTAGGG
contig-0006449_Start,1000,0,0,TTAGGG
contig-0006450_Start,1000,0,0,TTAGGG
contig-0006451_Start,1000,0,0,TTAGGG
contig-0006452_Start,1000,0,0,TTAGGG
contig-0006453_Start,1000,0,0,TTAGGG
contig-0006454_Start,1000,0,0,TTAGGG
contig-0006455_Start,1000,0,0,TTAGGG
contig-0006456_Start,1000,0,0,TTAGGG
contig-0006457_Start,1000,2,0,TTAGGG
contig-0006458_Start,1000,0,0,TTAGGG
contig-0006459_Start,1000,0,0,TTAGGG
contig-0006460_Start,1000,1,0,TTAGGG
contig-0006461_Start,1000,0,0,TTAGGG
contig-0006462_Start,1000,0,0,TTAGGG
contig-0006463_Start,1000,0,0,TTAGGG
contig-0006464_Start,1000,0,0,TTAGGG
contig-0006465_Start,1000,1,0,TTAGGG
contig-0006466_Start,1000,0,0,TTAGGG
contig-0006467_Start,1000,0,0,TTAGGG
contig-0006468_Start,1000,0,0,TTAGGG
contig-0006469_Start,1000,0,0,TTAGGG
contig-0006470_Start,1000,0,0,TTAGGG
contig-0006471_Start,1000,0,0,TTAGGG
contig-0006472_Start,1000,0,0,TTAGGG
contig-0006473_Start,1000,0,0,TTAGGG
contig-0006474_Start,1000,0,0,TTAGGG
contig-0006475_Start,1000,0,0,TTAGGG
contig-0006476_Start,1000,0,0,TTAGGG
contig-0006477_Start,1000,0,0,TTAGGG
contig-0006478_Start,1000,0,0,TTAGGG
contig-0006479_Start,1000,0,0,TTAGGG
contig-0006480_Start,1000,0,0,TTAGGG
contig-0006481_Start,1000,0,0,TTAGGG
contig-0006482_Start,1000,1,0,TTAGGG
contig-0006483_Start,1000,0,0,TTAGGG
contig-0006484_Start,1000,0,1,TTAGGG
contig-0006485_Start,1000,1,0,TTAGGG
contig-0006486_Start,1000,0,1,TTAGGG
contig-0006487_Start,1000,0,0,TTAGGG
contig-0006488_Start,1000,1,0,TTAGGG
contig-0006489_Start,1000,0,0,TTAGGG
contig-0006490_Start,1000,0,0,TTAGGG
contig-0006491_Start,1000,0,0,TTAGGG
contig-0006492_Start,1000,0,0,TTAGGG
contig-0006493_Start,1000,0,0,TTAGGG
contig-0006494_Start,1000,1,0,TTAGGG
contig-0006495_Start,1000,0,0,TTAGGG
contig-0006496_Start,1000,0,0,TTAGGG
contig-0006497_Start,1000,0,0,TTAGGG
contig-0006498_Start,1000,0,1,TTAGGG
contig-0006499_Start,1000,0,0,TTAGGG
contig-0006500_Start,1000,0,0,TTAGGG
contig-0006501_Start,1000,0,0,TTAGGG
contig-0006502_Start,1000,0,0,TTAGGG
contig-0006503_Start,1000,0,0,TTAGGG
contig-0006504_Start,1000,0,0,TTAGGG
contig-0006505_Start,1000,0,0,TTAGGG
contig-0006506_Start,1000,0,0,TTAGGG
contig-0006507_Start,1000,0,0,TTAGGG
contig-0006508_Start,1000,0,0,TTAGGG
contig-0006509_Start,1000,0,0,TTAGGG
contig-0006510_Start,1000,0,0,TTAGGG
contig-0006511_Start,1000,0,0,TTAGGG
contig-0006512_Start,1000,1,0,TTAGGG
contig-0006513_Start,1000,0,0,TTAGGG
contig-0006514_Start,1000,0,0,TTAGGG
contig-0006515_Start,1000,1,1,TTAGGG
contig-0006516_Start,1000,0,0,TTAGGG
contig-0006517_Start,1000,0,0,TTAGGG
contig-0006518_Start,1000,0,0,TTAGGG
contig-0006519_Start,1000,0,0,TTAGGG
contig-0006520_Start,1000,0,0,TTAGGG
contig-0006521_Start,1000,0,0,TTAGGG
contig-0006522_Start,1000,0,0,TTAGGG
contig-0006523_Start,1000,1,0,TTAGGG
contig-0006524_Start,1000,0,0,TTAGGG
contig-0006525_Start,1000,0,0,TTAGGG
contig-0006526_Start,1000,0,0,TTAGGG
contig-0006527_Start,1000,1,0,TTAGGG
contig-0006528_Start,1000,0,0,TTAGGG
contig-0006529_Start,1000,0,0,TTAGGG
contig-0006530_Start,1000,0,0,TTAGGG
contig-0006531_Start,1000,0,1,TTAGGG
contig-0006532_Start,1000,0,0,TTAGGG
contig-0006533_Start,1000,0,0,TTAGGG
contig-0006534_Start,1000,0,0,TTAGGG
contig-0006535_Start,1000,0,0,TTAGGG
contig-0006536_Start,1000,0,1,TTAGGG
contig-0006537_Start,1000,0,1,TTAGGG
contig-0006538_Start,1000,0,0,TTAGGG
contig-0006539_Start,1000,0,0,TTAGGG
contig-0006540_Start,1000,0,0,TTAGGG
contig-0006541_Start,1000,0,1,TTAGGG
contig-0006542_Start,1000,0,0,TTAGGG
contig-0006543_Start,1000,0,0,TTAGGG
contig-0006544_Start,1000,0,0,TTAGGG
contig-0006546_Start,1000,0,0,TTAGGG
contig-0006547_Start,1000,0,2,TTAGGG
contig-0006548_Start,1000,0,2,TTAGGG
contig-0006549_Start,1000,1,0,TTAGGG
contig-0006550_Start,1000,0,0,TTAGGG
contig-0006551_Start,1000,0,0,TTAGGG
contig-0006552_Start,1000,0,1,TTAGGG
contig-0006553_Start,1000,0,0,TTAGGG
contig-0006554_Start,1000,0,0,TTAGGG
contig-0006555_Start,1000,0,0,TTAGGG
contig-0006556_Start,1000,0,0,TTAGGG
contig-0006557_Start,1000,0,0,TTAGGG
contig-0006558_Start,1000,0,0,TTAGGG
contig-0006559_Start,1000,0,1,TTAGGG
contig-0006562_Start,1000,0,0,TTAGGG
contig-0006563_Start,1000,0,0,TTAGGG
contig-0006564_Start,1000,0,1,TTAGGG
contig-0006565_Start,1000,0,0,TTAGGG
contig-0006566_Start,1000,0,0,TTAGGG
contig-0006567_Start,1000,0,0,TTAGGG
contig-0006568_Start,1000,0,0,TTAGGG
contig-0006569_Start,1000,0,1,TTAGGG
contig-0006570_Start,1000,0,0,TTAGGG
contig-0006571_Start,1000,1,0,TTAGGG
contig-0006572_Start,1000,0,163,TTAGGG
contig-0006573_Start,1000,0,0,TTAGGG
contig-0006574_Start,1000,0,0,TTAGGG
contig-0006575_Start,1000,0,1,TTAGGG
contig-0006576_Start,1000,0,1,TTAGGG
contig-0006577_Start,1000,0,0,TTAGGG
contig-0006578_Start,1000,1,0,TTAGGG
contig-0006579_Start,1000,0,0,TTAGGG
contig-0006580_Start,1000,0,0,TTAGGG
contig-0006581_Start,1000,0,0,TTAGGG
contig-0006582_Start,1000,0,3,TTAGGG
contig-0006583_Start,1000,0,1,TTAGGG
contig-0006584_Start,1000,0,0,TTAGGG
contig-0006585_Start,1000,0,0,TTAGGG
contig-0006586_Start,1000,0,0,TTAGGG
contig-0006587_Start,1000,0,0,TTAGGG
contig-0006588_Start,1000,0,0,TTAGGG
contig-0006589_Start,1000,0,0,TTAGGG
contig-0006590_Start,1000,0,0,TTAGGG
contig-0006591_Start,1000,0,0,TTAGGG
contig-0006592_Start,1000,0,1,TTAGGG
contig-0006593_Start,1000,0,0,TTAGGG
contig-0006594_Start,1000,0,0,TTAGGG
contig-0006595_Start,1000,0,0,TTAGGG
contig-0006596_Start,1000,0,0,TTAGGG
contig-0006597_Start,1000,0,0,TTAGGG
contig-0006598_Start,1000,1,0,TTAGGG
contig-0006599_Start,1000,0,0,TTAGGG
contig-0006600_Start,1000,0,0,TTAGGG
contig-0006601_Start,1000,0,0,TTAGGG
contig-0006602_Start,1000,0,1,TTAGGG
contig-0006603_Start,1000,0,0,TTAGGG
contig-0006604_Start,1000,0,0,TTAGGG
contig-0006605_Start,1000,0,0,TTAGGG
contig-0006606_Start,1000,0,0,TTAGGG
contig-0006607_Start,1000,0,1,TTAGGG
contig-0006608_Start,1000,0,0,TTAGGG
contig-0006609_Start,1000,0,0,TTAGGG
contig-0006610_Start,1000,0,0,TTAGGG
contig-0006611_Start,1000,0,0,TTAGGG
contig-0006612_Start,1000,0,0,TTAGGG
contig-0006613_Start,1000,0,0,TTAGGG
contig-0006614_Start,1000,0,0,TTAGGG
contig-0006615_Start,1000,0,0,TTAGGG
contig-0006616_Start,1000,0,0,TTAGGG
contig-0006617_Start,1000,0,0,TTAGGG
contig-0006618_Start,1000,0,1,TTAGGG
contig-0006619_Start,1000,0,0,TTAGGG
contig-0006620_Start,1000,1,0,TTAGGG
contig-0006621_Start,1000,2,1,TTAGGG
contig-0006622_Start,1000,1,0,TTAGGG
contig-0006623_Start,1000,0,0,TTAGGG
contig-0006624_Start,1000,0,0,TTAGGG
contig-0006625_Start,1000,1,1,TTAGGG
contig-0006626_Start,1000,1,0,TTAGGG
contig-0006627_Start,1000,0,0,TTAGGG
contig-0006628_Start,1000,0,0,TTAGGG
contig-0006629_Start,1000,0,0,TTAGGG
contig-0006630_Start,1000,1,0,TTAGGG
contig-0006631_Start,1000,0,0,TTAGGG
contig-0006632_Start,1000,0,0,TTAGGG
contig-0006633_Start,1000,0,0,TTAGGG
contig-0006634_Start,1000,1,0,TTAGGG
contig-0006635_Start,1000,0,0,TTAGGG
contig-0006636_Start,1000,0,0,TTAGGG
contig-0006637_Start,1000,0,1,TTAGGG
contig-0006638_Start,1000,1,0,TTAGGG
contig-0006639_Start,1000,0,0,TTAGGG
contig-0006640_Start,1000,1,0,TTAGGG
contig-0006641_Start,1000,0,0,TTAGGG
contig-0006642_Start,1000,0,0,TTAGGG
contig-0006643_Start,1000,0,0,TTAGGG
contig-0006644_Start,1000,0,0,TTAGGG
contig-0006645_Start,1000,0,0,TTAGGG
contig-0006646_Start,1000,0,0,TTAGGG
contig-0006647_Start,1000,0,0,TTAGGG
contig-0006648_Start,1000,0,0,TTAGGG
contig-0006649_Start,1000,0,0,TTAGGG
contig-0006650_Start,1000,0,0,TTAGGG
contig-0006651_Start,1000,0,0,TTAGGG
contig-0006652_Start,1000,0,1,TTAGGG
contig-0006653_Start,1000,0,0,TTAGGG
contig-0006654_Start,1000,0,0,TTAGGG
contig-0006655_Start,1000,0,0,TTAGGG
contig-0006656_Start,1000,0,0,TTAGGG
contig-0006657_Start,1000,0,0,TTAGGG
contig-0006658_Start,1000,2,0,TTAGGG
contig-0006659_Start,1000,0,0,TTAGGG
contig-0006660_Start,1000,0,0,TTAGGG
contig-0006661_Start,1000,0,0,TTAGGG
contig-0006662_Start,1000,1,1,TTAGGG
contig-0006663_Start,1000,0,2,TTAGGG
contig-0006664_Start,1000,0,0,TTAGGG
contig-0006665_Start,1000,0,0,TTAGGG
contig-0006666_Start,1000,0,0,TTAGGG
contig-0006667_Start,1000,0,1,TTAGGG
contig-0006668_Start,1000,1,0,TTAGGG
contig-0006669_Start,1000,0,0,TTAGGG
contig-0006670_Start,1000,0,0,TTAGGG
contig-0006671_Start,1000,1,0,TTAGGG
contig-0006672_Start,1000,1,0,TTAGGG
contig-0006673_Start,1000,0,1,TTAGGG
contig-0006674_Start,1000,0,0,TTAGGG
contig-0006675_Start,1000,0,0,TTAGGG
contig-0006676_Start,1000,0,1,TTAGGG
contig-0006677_Start,1000,0,2,TTAGGG
contig-0006678_Start,1000,0,0,TTAGGG
contig-0006679_Start,1000,1,0,TTAGGG
contig-0006680_Start,1000,0,0,TTAGGG
contig-0006681_Start,1000,0,0,TTAGGG
contig-0006682_Start,1000,0,0,TTAGGG
contig-0006683_Start,1000,0,0,TTAGGG
contig-0006684_Start,1000,0,0,TTAGGG
contig-0006685_Start,1000,0,0,TTAGGG
contig-0006686_Start,1000,1,0,TTAGGG
contig-0006688_Start,1000,0,0,TTAGGG
contig-0006689_Start,1000,0,0,TTAGGG
contig-0006690_Start,1000,1,0,TTAGGG
contig-0006691_Start,1000,0,0,TTAGGG
contig-0006692_Start,1000,0,0,TTAGGG
contig-0006693_Start,1000,0,0,TTAGGG
contig-0006694_Start,1000,0,0,TTAGGG
contig-0006695_Start,1000,0,0,TTAGGG
contig-0006696_Start,1000,0,0,TTAGGG
contig-0006697_Start,1000,0,0,TTAGGG
contig-0006698_Start,1000,0,0,TTAGGG
contig-0006699_Start,1000,0,0,TTAGGG
contig-0006700_Start,1000,0,0,TTAGGG
contig-0006701_Start,1000,0,0,TTAGGG
contig-0006702_Start,1000,0,0,TTAGGG
contig-0006703_Start,1000,0,0,TTAGGG
contig-0006704_Start,1000,0,0,TTAGGG
contig-0006705_Start,1000,0,0,TTAGGG
contig-0006706_Start,1000,1,0,TTAGGG
contig-0006707_Start,1000,0,0,TTAGGG
contig-0006708_Start,1000,0,0,TTAGGG
contig-0006709_Start,1000,0,0,TTAGGG
contig-0006710_Start,1000,0,0,TTAGGG
contig-0006711_Start,1000,0,0,TTAGGG
contig-0006712_Start,1000,1,1,TTAGGG
contig-0006713_Start,1000,2,0,TTAGGG
contig-0006714_Start,1000,1,0,TTAGGG
contig-0006715_Start,1000,0,0,TTAGGG
contig-0006716_Start,1000,1,1,TTAGGG
contig-0006717_Start,1000,0,0,TTAGGG
contig-0006718_Start,1000,0,0,TTAGGG
contig-0006719_Start,1000,0,0,TTAGGG
contig-0006720_Start,1000,0,0,TTAGGG
contig-0006721_Start,1000,1,0,TTAGGG
contig-0006722_Start,1000,0,0,TTAGGG
contig-0006723_Start,1000,0,0,TTAGGG
contig-0006724_Start,1000,2,0,TTAGGG
contig-0006725_Start,1000,0,0,TTAGGG
contig-0006726_Start,1000,0,0,TTAGGG
contig-0006727_Start,1000,0,1,TTAGGG
contig-0006728_Start,1000,1,0,TTAGGG
contig-0006729_Start,1000,0,0,TTAGGG
contig-0006730_Start,1000,0,0,TTAGGG
contig-0006731_Start,1000,0,0,TTAGGG
contig-0006732_Start,1000,1,0,TTAGGG
contig-0006733_Start,1000,0,1,TTAGGG
contig-0006734_Start,1000,0,0,TTAGGG
contig-0006735_Start,1000,0,0,TTAGGG
contig-0006736_Start,1000,0,0,TTAGGG
contig-0006737_Start,1000,1,0,TTAGGG
contig-0006738_Start,1000,0,0,TTAGGG
contig-0006739_Start,1000,0,0,TTAGGG
contig-0006740_Start,1000,1,0,TTAGGG
contig-0006741_Start,1000,0,0,TTAGGG
contig-0006742_Start,1000,0,0,TTAGGG
contig-0006743_Start,1000,0,0,TTAGGG
contig-0006744_Start,1000,0,0,TTAGGG
contig-0006745_Start,1000,0,0,TTAGGG
contig-0006746_Start,1000,0,0,TTAGGG
contig-0006747_Start,1000,0,0,TTAGGG
contig-0006748_Start,1000,0,0,TTAGGG
contig-0006749_Start,1000,0,0,TTAGGG
contig-0006750_Start,1000,0,0,TTAGGG
contig-0006751_Start,1000,0,0,TTAGGG
contig-0006752_Start,1000,0,0,TTAGGG
contig-0006753_Start,1000,0,0,TTAGGG
contig-0006754_Start,1000,0,0,TTAGGG
contig-0006755_Start,1000,0,1,TTAGGG
contig-0006756_Start,1000,0,0,TTAGGG
contig-0006757_Start,1000,0,1,TTAGGG
contig-0006758_Start,1000,0,0,TTAGGG
contig-0006759_Start,1000,0,0,TTAGGG
contig-0006760_Start,1000,0,0,TTAGGG
contig-0006761_Start,1000,0,1,TTAGGG
contig-0006762_Start,1000,0,0,TTAGGG
contig-0006763_Start,1000,0,0,TTAGGG
contig-0006764_Start,1000,0,0,TTAGGG
contig-0006765_Start,1000,0,0,TTAGGG
contig-0006766_Start,1000,0,0,TTAGGG
contig-0006767_Start,1000,0,0,TTAGGG
contig-0006768_Start,1000,0,0,TTAGGG
contig-0006769_Start,1000,1,0,TTAGGG
contig-0006770_Start,1000,0,0,TTAGGG
contig-0006771_Start,1000,0,0,TTAGGG
contig-0006772_Start,1000,0,0,TTAGGG
contig-0006773_Start,1000,0,0,TTAGGG
contig-0006774_Start,1000,0,0,TTAGGG
contig-0006775_Start,1000,0,0,TTAGGG
contig-0006776_Start,1000,0,0,TTAGGG
contig-0006777_Start,1000,0,0,TTAGGG
contig-0006778_Start,1000,0,0,TTAGGG
contig-0006779_Start,1000,0,0,TTAGGG
contig-0006780_Start,1000,0,0,TTAGGG
contig-0006781_Start,1000,0,0,TTAGGG
contig-0006782_Start,1000,0,0,TTAGGG
contig-0006783_Start,1000,0,0,TTAGGG
contig-0006784_Start,1000,0,0,TTAGGG
contig-0006785_Start,1000,0,0,TTAGGG
contig-0006786_Start,1000,0,0,TTAGGG
contig-0006787_Start,1000,0,0,TTAGGG
contig-0006788_Start,1000,0,165,TTAGGG
contig-0006789_Start,1000,0,0,TTAGGG
contig-0006791_Start,1000,0,0,TTAGGG
contig-0006792_Start,1000,0,0,TTAGGG
contig-0006793_Start,1000,0,0,TTAGGG
contig-0006794_Start,1000,0,0,TTAGGG
contig-0006795_Start,1000,0,0,TTAGGG
contig-0006796_Start,1000,0,166,TTAGGG
contig-0006797_Start,1000,0,0,TTAGGG
contig-0006798_Start,1000,0,0,TTAGGG
contig-0006799_Start,1000,0,0,TTAGGG
contig-0006800_Start,1000,0,0,TTAGGG
contig-0006801_Start,1000,0,1,TTAGGG
contig-0006802_Start,1000,0,1,TTAGGG
contig-0006803_Start,1000,0,0,TTAGGG
contig-0006804_Start,1000,1,0,TTAGGG
contig-0006805_Start,1000,0,0,TTAGGG
contig-0006806_Start,1000,0,1,TTAGGG
contig-0006807_Start,1000,0,0,TTAGGG
contig-0006808_Start,1000,1,0,TTAGGG
contig-0006809_Start,1000,0,1,TTAGGG
contig-0006810_Start,1000,0,1,TTAGGG
contig-0006811_Start,1000,0,0,TTAGGG
contig-0006812_Start,1000,0,1,TTAGGG
contig-0006813_Start,1000,0,0,TTAGGG
contig-0006814_Start,1000,0,0,TTAGGG
contig-0006815_Start,1000,0,1,TTAGGG
contig-0006816_Start,1000,1,0,TTAGGG
contig-0006817_Start,1000,0,0,TTAGGG
contig-0006818_Start,1000,0,0,TTAGGG
contig-0006819_Start,1000,0,0,TTAGGG
contig-0006820_Start,1000,1,1,TTAGGG
contig-0006821_Start,1000,1,0,TTAGGG
contig-0006822_Start,1000,0,0,TTAGGG
contig-0006823_Start,1000,10,0,TTAGGG
contig-0006824_Start,1000,0,0,TTAGGG
contig-0006825_Start,1000,0,0,TTAGGG
contig-0006826_Start,1000,0,0,TTAGGG
contig-0006827_Start,1000,0,0,TTAGGG
contig-0006828_Start,1000,0,0,TTAGGG
contig-0006829_Start,1000,0,0,TTAGGG
contig-0006830_Start,1000,0,0,TTAGGG
contig-0006831_Start,1000,1,0,TTAGGG
contig-0006832_Start,1000,0,0,TTAGGG
contig-0006833_Start,1000,0,0,TTAGGG
contig-0006834_Start,1000,0,0,TTAGGG
contig-0006835_Start,1000,0,1,TTAGGG
contig-0006836_Start,1000,0,0,TTAGGG
contig-0006837_Start,1000,0,0,TTAGGG
contig-0006838_Start,1000,1,0,TTAGGG
contig-0006839_Start,1000,0,0,TTAGGG
contig-0006840_Start,1000,2,1,TTAGGG
contig-0006841_Start,1000,1,0,TTAGGG
contig-0006842_Start,1000,0,0,TTAGGG
contig-0006843_Start,1000,0,1,TTAGGG
contig-0006844_Start,1000,0,0,TTAGGG
contig-0006845_Start,1000,0,0,TTAGGG
contig-0006846_Start,1000,1,0,TTAGGG
contig-0006847_Start,1000,0,0,TTAGGG
contig-0006848_Start,1000,0,0,TTAGGG
contig-0006849_Start,1000,0,0,TTAGGG
contig-0006850_Start,1000,0,0,TTAGGG
contig-0006851_Start,1000,0,1,TTAGGG
contig-0006852_Start,1000,0,0,TTAGGG
contig-0006853_Start,1000,0,0,TTAGGG
contig-0006854_Start,1000,0,0,TTAGGG
contig-0006855_Start,1000,0,0,TTAGGG
contig-0006856_Start,1000,0,0,TTAGGG
contig-0006857_Start,1000,0,0,TTAGGG
contig-0006858_Start,1000,1,0,TTAGGG
contig-0006859_Start,1000,0,0,TTAGGG
contig-0006860_Start,1000,1,1,TTAGGG
contig-0006861_Start,1000,0,0,TTAGGG
contig-0006862_Start,1000,0,0,TTAGGG
contig-0006863_Start,1000,0,0,TTAGGG
contig-0006864_Start,1000,1,0,TTAGGG
contig-0006865_Start,1000,0,0,TTAGGG
contig-0006866_Start,1000,1,0,TTAGGG
contig-0006867_Start,1000,0,0,TTAGGG
contig-0006868_Start,1000,1,0,TTAGGG
contig-0006869_Start,1000,0,0,TTAGGG
contig-0006870_Start,1000,0,1,TTAGGG
contig-0006871_Start,1000,1,0,TTAGGG
contig-0006872_Start,1000,0,0,TTAGGG
contig-0006873_Start,1000,0,0,TTAGGG
contig-0006874_Start,1000,0,0,TTAGGG
contig-0006875_Start,1000,0,0,TTAGGG
contig-0006876_Start,1000,0,0,TTAGGG
contig-0006877_Start,1000,0,0,TTAGGG
contig-0006878_Start,1000,0,0,TTAGGG
contig-0006879_Start,1000,0,0,TTAGGG
contig-0006880_Start,1000,0,2,TTAGGG
contig-0006881_Start,1000,0,0,TTAGGG
contig-0006882_Start,1000,0,0,TTAGGG
contig-0006883_Start,1000,0,0,TTAGGG
contig-0006884_Start,1000,0,2,TTAGGG
contig-0006885_Start,1000,0,1,TTAGGG
contig-0006886_Start,1000,0,0,TTAGGG
contig-0006887_Start,1000,0,0,TTAGGG
contig-0006888_Start,1000,0,0,TTAGGG
contig-0006889_Start,1000,0,0,TTAGGG
contig-0006890_Start,1000,0,0,TTAGGG
contig-0006891_Start,1000,0,0,TTAGGG
contig-0006892_Start,1000,0,0,TTAGGG
contig-0006893_Start,1000,0,0,TTAGGG
contig-0006894_Start,1000,0,0,TTAGGG
contig-0006895_Start,1000,0,0,TTAGGG
contig-0006896_Start,1000,0,0,TTAGGG
contig-0006897_Start,1000,1,0,TTAGGG
contig-0006898_Start,1000,0,0,TTAGGG
contig-0006899_Start,1000,0,0,TTAGGG
contig-0006900_Start,1000,0,0,TTAGGG
contig-0006901_Start,1000,0,0,TTAGGG
contig-0006902_Start,1000,1,0,TTAGGG
contig-0006903_Start,1000,0,0,TTAGGG
contig-0006904_Start,1000,0,0,TTAGGG
contig-0006905_Start,1000,0,0,TTAGGG
contig-0006906_Start,1000,0,0,TTAGGG
contig-0006907_Start,1000,0,0,TTAGGG
contig-0006908_Start,1000,0,0,TTAGGG
contig-0006909_Start,1000,0,0,TTAGGG
contig-0006910_Start,1000,0,0,TTAGGG
contig-0006911_Start,1000,0,0,TTAGGG
contig-0006912_Start,1000,0,0,TTAGGG
contig-0006913_Start,1000,0,0,TTAGGG
contig-0006914_Start,1000,0,1,TTAGGG
contig-0006915_Start,1000,0,1,TTAGGG
contig-0006916_Start,1000,0,0,TTAGGG
contig-0006917_Start,1000,0,0,TTAGGG
contig-0006918_Start,1000,0,0,TTAGGG
contig-0006919_Start,1000,0,0,TTAGGG
contig-0006920_Start,1000,0,0,TTAGGG
contig-0006921_Start,1000,0,0,TTAGGG
contig-0006922_Start,1000,0,0,TTAGGG
contig-0006923_Start,1000,1,0,TTAGGG
contig-0006924_Start,1000,0,0,TTAGGG
contig-0006925_Start,1000,0,1,TTAGGG
contig-0006926_Start,1000,0,0,TTAGGG
contig-0006927_Start,1000,1,0,TTAGGG
contig-0006928_Start,1000,1,0,TTAGGG
contig-0006929_Start,1000,0,0,TTAGGG
contig-0006930_Start,1000,0,0,TTAGGG
contig-0006931_Start,1000,0,0,TTAGGG
contig-0006932_Start,1000,0,0,TTAGGG
contig-0006933_Start,1000,0,0,TTAGGG
contig-0006934_Start,1000,0,0,TTAGGG
contig-0006935_Start,1000,1,0,TTAGGG
contig-0006936_Start,1000,0,0,TTAGGG
contig-0006937_Start,1000,0,0,TTAGGG
contig-0006938_Start,1000,1,0,TTAGGG
contig-0006939_Start,1000,0,1,TTAGGG
contig-0006940_Start,1000,0,1,TTAGGG
contig-0006941_Start,1000,0,0,TTAGGG
contig-0006942_Start,1000,0,0,TTAGGG
contig-0006943_Start,1000,0,0,TTAGGG
contig-0006944_Start,1000,0,0,TTAGGG
contig-0006945_Start,1000,0,0,TTAGGG
contig-0006946_Start,1000,0,0,TTAGGG
contig-0006947_Start,1000,0,0,TTAGGG
contig-0006948_Start,1000,0,0,TTAGGG
contig-0006949_Start,1000,0,0,TTAGGG
contig-0006950_Start,1000,0,0,TTAGGG
contig-0006951_Start,1000,0,0,TTAGGG
contig-0006952_Start,1000,0,0,TTAGGG
contig-0006953_Start,1000,0,0,TTAGGG
contig-0006954_Start,1000,1,0,TTAGGG
contig-0006955_Start,1000,0,0,TTAGGG
contig-0006956_Start,1000,0,0,TTAGGG
contig-0006957_Start,1000,0,0,TTAGGG
contig-0006958_Start,1000,0,0,TTAGGG
contig-0006959_Start,1000,0,1,TTAGGG
contig-0006961_Start,1000,1,0,TTAGGG
contig-0006962_Start,1000,0,0,TTAGGG
contig-0006963_Start,1000,1,0,TTAGGG
contig-0006964_Start,1000,0,0,TTAGGG
contig-0006965_Start,1000,0,0,TTAGGG
contig-0006966_Start,1000,0,0,TTAGGG
contig-0006967_Start,1000,0,0,TTAGGG
contig-0006969_Start,1000,0,0,TTAGGG
contig-0006970_Start,1000,0,0,TTAGGG
contig-0006971_Start,1000,0,0,TTAGGG
contig-0006972_Start,1000,0,0,TTAGGG
contig-0006973_Start,1000,0,0,TTAGGG
contig-0006974_Start,1000,1,0,TTAGGG
contig-0006975_Start,1000,0,0,TTAGGG
contig-0006976_Start,1000,0,0,TTAGGG
contig-0006977_Start,1000,0,0,TTAGGG
contig-0006978_Start,1000,1,0,TTAGGG
contig-0006980_Start,1000,0,160,TTAGGG
contig-0006981_Start,1000,0,1,TTAGGG
contig-0006982_Start,1000,0,0,TTAGGG
contig-0006984_Start,1000,0,1,TTAGGG
contig-0006985_Start,1000,0,0,TTAGGG
contig-0006986_Start,1000,0,0,TTAGGG
contig-0006987_Start,1000,0,0,TTAGGG
contig-0006988_Start,1000,1,0,TTAGGG
contig-0006989_Start,1000,0,0,TTAGGG
contig-0006990_Start,1000,0,0,TTAGGG
contig-0006991_Start,1000,0,0,TTAGGG
contig-0006992_Start,1000,0,0,TTAGGG
contig-0006993_Start,1000,0,0,TTAGGG
contig-0006994_Start,1000,0,0,TTAGGG
contig-0006995_Start,1000,0,0,TTAGGG
contig-0006996_Start,1000,0,0,TTAGGG
contig-0006997_Start,1000,0,1,TTAGGG
contig-0006998_Start,1000,0,0,TTAGGG
contig-0006999_Start,1000,0,1,TTAGGG
contig-0007000_Start,1000,1,0,TTAGGG
contig-0007001_Start,1000,0,0,TTAGGG
contig-0007002_Start,1000,0,1,TTAGGG
contig-0007003_Start,1000,0,0,TTAGGG
contig-0007004_Start,1000,0,1,TTAGGG
contig-0007005_Start,1000,0,0,TTAGGG
contig-0007006_Start,1000,1,1,TTAGGG
contig-0007007_Start,1000,0,0,TTAGGG
contig-0007008_Start,1000,0,1,TTAGGG
contig-0007009_Start,1000,0,0,TTAGGG
contig-0007010_Start,1000,0,0,TTAGGG
contig-0007011_Start,1000,0,0,TTAGGG
contig-0007012_Start,1000,0,1,TTAGGG
contig-0007013_Start,1000,0,0,TTAGGG
contig-0007014_Start,1000,0,0,TTAGGG
contig-0007015_Start,1000,0,1,TTAGGG
contig-0007016_Start,1000,0,0,TTAGGG
contig-0007017_Start,1000,0,0,TTAGGG
contig-0007018_Start,1000,0,0,TTAGGG
contig-0007019_Start,1000,0,0,TTAGGG
contig-0007020_Start,1000,0,0,TTAGGG
contig-0007021_Start,1000,0,0,TTAGGG
contig-0007022_Start,1000,0,0,TTAGGG
contig-0007023_Start,1000,1,1,TTAGGG
contig-0007024_Start,1000,0,1,TTAGGG
contig-0007025_Start,1000,0,0,TTAGGG
contig-0007026_Start,1000,0,0,TTAGGG
contig-0007027_Start,1000,0,0,TTAGGG
contig-0007028_Start,1000,0,0,TTAGGG
contig-0007029_Start,1000,1,0,TTAGGG
contig-0007030_Start,1000,0,0,TTAGGG
contig-0007031_Start,1000,0,0,TTAGGG
contig-0007032_Start,1000,0,0,TTAGGG
contig-0007033_Start,1000,1,0,TTAGGG
contig-0007034_Start,1000,0,0,TTAGGG
contig-0007035_Start,1000,0,0,TTAGGG
contig-0007036_Start,1000,0,0,TTAGGG
contig-0007037_Start,1000,0,0,TTAGGG
contig-0007038_Start,1000,0,0,TTAGGG
contig-0007039_Start,1000,0,0,TTAGGG
contig-0007040_Start,1000,0,0,TTAGGG
contig-0007041_Start,1000,0,0,TTAGGG
contig-0007042_Start,1000,0,0,TTAGGG
contig-0007043_Start,1000,0,1,TTAGGG
contig-0007044_Start,1000,0,0,TTAGGG
contig-0007045_Start,1000,1,0,TTAGGG
contig-0007046_Start,1000,0,0,TTAGGG
contig-0007047_Start,1000,0,0,TTAGGG
contig-0007048_Start,1000,0,0,TTAGGG
contig-0007049_Start,1000,0,0,TTAGGG
contig-0007050_Start,1000,0,0,TTAGGG
contig-0007051_Start,1000,0,1,TTAGGG
contig-0007052_Start,1000,0,0,TTAGGG
contig-0007053_Start,1000,0,0,TTAGGG
contig-0007054_Start,1000,0,0,TTAGGG
contig-0007055_Start,1000,0,0,TTAGGG
contig-0007056_Start,1000,0,0,TTAGGG
contig-0007057_Start,1000,0,0,TTAGGG
contig-0007058_Start,1000,0,0,TTAGGG
contig-0007059_Start,1000,0,0,TTAGGG
contig-0007060_Start,1000,0,0,TTAGGG
contig-0007061_Start,1000,0,0,TTAGGG
contig-0007062_Start,1000,0,0,TTAGGG
contig-0007063_Start,1000,0,0,TTAGGG
contig-0007064_Start,1000,0,0,TTAGGG
contig-0007065_Start,1000,0,0,TTAGGG
contig-0007066_Start,1000,0,0,TTAGGG
contig-0007067_Start,1000,0,0,TTAGGG
contig-0007068_Start,1000,0,0,TTAGGG
contig-0007069_Start,1000,0,0,TTAGGG
contig-0007070_Start,1000,0,0,TTAGGG
contig-0007071_Start,1000,0,0,TTAGGG
contig-0007072_Start,1000,0,0,TTAGGG
contig-0007073_Start,1000,0,0,TTAGGG
contig-0007074_Start,1000,0,0,TTAGGG
contig-0007075_Start,1000,0,0,TTAGGG
contig-0007076_Start,1000,0,0,TTAGGG
contig-0007077_Start,1000,0,0,TTAGGG
contig-0007078_Start,1000,0,0,TTAGGG
contig-0007079_Start,1000,0,0,TTAGGG
contig-0007080_Start,1000,0,0,TTAGGG
contig-0007081_Start,1000,0,0,TTAGGG
contig-0007082_Start,1000,0,0,TTAGGG
contig-0007083_Start,1000,1,1,TTAGGG
contig-0007084_Start,1000,0,0,TTAGGG
contig-0007085_Start,1000,0,0,TTAGGG
contig-0007086_Start,1000,0,0,TTAGGG
contig-0007087_Start,1000,1,0,TTAGGG
contig-0007088_Start,1000,0,1,TTAGGG
contig-0007089_Start,1000,0,165,TTAGGG
contig-0007090_Start,1000,0,0,TTAGGG
contig-0007091_Start,1000,0,0,TTAGGG
contig-0007092_Start,1000,0,0,TTAGGG
contig-0007093_Start,1000,0,0,TTAGGG
contig-0007094_Start,1000,0,0,TTAGGG
contig-0007095_Start,1000,0,0,TTAGGG
contig-0007096_Start,1000,0,0,TTAGGG
contig-0007097_Start,1000,2,0,TTAGGG
contig-0007098_Start,1000,1,0,TTAGGG
contig-0007099_Start,1000,0,0,TTAGGG
contig-0007100_Start,1000,0,0,TTAGGG
contig-0007101_Start,1000,0,0,TTAGGG
contig-0007102_Start,1000,0,2,TTAGGG
contig-0007103_Start,1000,0,0,TTAGGG
contig-0007104_Start,1000,0,0,TTAGGG
contig-0007105_Start,1000,0,0,TTAGGG
contig-0007106_Start,1000,0,1,TTAGGG
contig-0007107_Start,1000,0,0,TTAGGG
contig-0007108_Start,1000,0,0,TTAGGG
contig-0007109_Start,1000,0,1,TTAGGG
contig-0007110_Start,1000,0,0,TTAGGG
contig-0007111_Start,1000,0,0,TTAGGG
contig-0007112_Start,1000,0,0,TTAGGG
contig-0007113_Start,1000,0,0,TTAGGG
contig-0007114_Start,1000,0,1,TTAGGG
contig-0007115_Start,1000,0,0,TTAGGG
contig-0007116_Start,1000,0,0,TTAGGG
contig-0007117_Start,1000,0,0,TTAGGG
contig-0007118_Start,1000,0,0,TTAGGG
contig-0007119_Start,1000,0,0,TTAGGG
contig-0007120_Start,1000,0,0,TTAGGG
contig-0007121_Start,1000,0,0,TTAGGG
contig-0007122_Start,1000,0,0,TTAGGG
contig-0007123_Start,1000,0,0,TTAGGG
contig-0007124_Start,1000,0,0,TTAGGG
contig-0007125_Start,1000,0,0,TTAGGG
contig-0007126_Start,1000,0,0,TTAGGG
contig-0007127_Start,1000,0,0,TTAGGG
contig-0007128_Start,1000,0,0,TTAGGG
contig-0007129_Start,1000,0,0,TTAGGG
contig-0007130_Start,1000,0,0,TTAGGG
contig-0007131_Start,1000,0,0,TTAGGG
contig-0007132_Start,1000,0,0,TTAGGG
contig-0007133_Start,1000,0,1,TTAGGG
contig-0007134_Start,1000,0,164,TTAGGG
contig-0007135_Start,1000,1,2,TTAGGG
contig-0007136_Start,1000,0,0,TTAGGG
contig-0007137_Start,1000,2,0,TTAGGG
contig-0007138_Start,1000,0,0,TTAGGG
contig-0007139_Start,1000,0,0,TTAGGG
contig-0007140_Start,1000,0,0,TTAGGG
contig-0007141_Start,1000,0,0,TTAGGG
contig-0007142_Start,1000,0,0,TTAGGG
contig-0007143_Start,1000,0,0,TTAGGG
contig-0007144_Start,1000,1,0,TTAGGG
contig-0007145_Start,1000,0,0,TTAGGG
contig-0007146_Start,1000,1,0,TTAGGG
contig-0007147_Start,1000,0,0,TTAGGG
contig-0007148_Start,1000,0,0,TTAGGG
contig-0007149_Start,1000,0,0,TTAGGG
contig-0007150_Start,1000,0,0,TTAGGG
contig-0007151_Start,1000,0,0,TTAGGG
contig-0007152_Start,1000,0,0,TTAGGG
contig-0007153_Start,1000,0,163,TTAGGG
contig-0007154_Start,1000,0,0,TTAGGG
contig-0007155_Start,1000,1,0,TTAGGG
contig-0007156_Start,1000,1,0,TTAGGG
contig-0007157_Start,1000,0,0,TTAGGG
contig-0007158_Start,1000,0,0,TTAGGG
contig-0007159_Start,1000,0,0,TTAGGG
contig-0007160_Start,1000,0,0,TTAGGG
contig-0007161_Start,1000,0,0,TTAGGG
contig-0007162_Start,1000,0,0,TTAGGG
contig-0007163_Start,1000,0,0,TTAGGG
contig-0007164_Start,1000,0,0,TTAGGG
contig-0007165_Start,1000,0,0,TTAGGG
contig-0007166_Start,1000,0,0,TTAGGG
contig-0007167_Start,1000,0,0,TTAGGG
contig-0007168_Start,1000,0,164,TTAGGG
contig-0007169_Start,1000,0,0,TTAGGG
contig-0007170_Start,1000,0,0,TTAGGG
contig-0007171_Start,1000,0,0,TTAGGG
contig-0007172_Start,1000,0,1,TTAGGG
contig-0007174_Start,1000,0,0,TTAGGG
contig-0007175_Start,1000,0,1,TTAGGG
contig-0007176_Start,1000,0,1,TTAGGG
contig-0007177_Start,1000,1,0,TTAGGG
contig-0007178_Start,1000,0,0,TTAGGG
contig-0007180_Start,1000,0,0,TTAGGG
contig-0007181_Start,1000,0,0,TTAGGG
contig-0007182_Start,1000,0,0,TTAGGG
contig-0007183_Start,1000,0,0,TTAGGG
contig-0007184_Start,1000,0,0,TTAGGG
contig-0007185_Start,1000,1,0,TTAGGG
contig-0007186_Start,1000,0,0,TTAGGG
contig-0007187_Start,1000,0,0,TTAGGG
contig-0007188_Start,1000,0,0,TTAGGG
contig-0007189_Start,1000,0,0,TTAGGG
contig-0007190_Start,1000,0,0,TTAGGG
contig-0007191_Start,1000,0,0,TTAGGG
contig-0007192_Start,1000,0,1,TTAGGG
contig-0007193_Start,1000,0,1,TTAGGG
contig-0007194_Start,1000,0,1,TTAGGG
contig-0007195_Start,1000,1,0,TTAGGG
contig-0007196_Start,1000,0,0,TTAGGG
contig-0007197_Start,1000,0,0,TTAGGG
contig-0007198_Start,1000,1,0,TTAGGG
contig-0007199_Start,1000,0,0,TTAGGG
contig-0007200_Start,1000,0,0,TTAGGG
contig-0007201_Start,1000,0,0,TTAGGG
contig-0007202_Start,1000,0,0,TTAGGG
contig-0007203_Start,1000,1,0,TTAGGG
contig-0007204_Start,1000,1,0,TTAGGG
contig-0007205_Start,1000,0,0,TTAGGG
contig-0007206_Start,1000,0,0,TTAGGG
contig-0007207_Start,1000,0,0,TTAGGG
contig-0007208_Start,1000,2,0,TTAGGG
contig-0007209_Start,1000,0,1,TTAGGG
contig-0007210_Start,1000,0,0,TTAGGG
contig-0007211_Start,1000,0,0,TTAGGG
contig-0007212_Start,1000,0,0,TTAGGG
contig-0007213_Start,1000,0,0,TTAGGG
contig-0007214_Start,1000,1,0,TTAGGG
contig-0007215_Start,1000,0,0,TTAGGG
contig-0007216_Start,1000,0,0,TTAGGG
contig-0007217_Start,1000,0,0,TTAGGG
contig-0007218_Start,1000,0,1,TTAGGG
contig-0007219_Start,1000,0,0,TTAGGG
contig-0007220_Start,1000,0,0,TTAGGG
contig-0007221_Start,1000,0,2,TTAGGG
contig-0007222_Start,1000,0,0,TTAGGG
contig-0007223_Start,1000,0,0,TTAGGG
contig-0007224_Start,1000,0,0,TTAGGG
contig-0007225_Start,1000,0,0,TTAGGG
contig-0007226_Start,1000,0,0,TTAGGG
contig-0007227_Start,1000,0,0,TTAGGG
contig-0007228_Start,1000,0,0,TTAGGG
contig-0007229_Start,1000,1,0,TTAGGG
contig-0007230_Start,1000,2,0,TTAGGG
contig-0007231_Start,1000,0,0,TTAGGG
contig-0007232_Start,1000,0,1,TTAGGG
contig-0007233_Start,1000,0,0,TTAGGG
contig-0007234_Start,1000,0,0,TTAGGG
contig-0007235_Start,1000,0,0,TTAGGG
contig-0007236_Start,1000,0,0,TTAGGG
contig-0007237_Start,1000,0,0,TTAGGG
contig-0007238_Start,1000,0,0,TTAGGG
contig-0007239_Start,1000,0,0,TTAGGG
contig-0007240_Start,1000,0,0,TTAGGG
contig-0007241_Start,1000,0,0,TTAGGG
contig-0007242_Start,1000,0,0,TTAGGG
contig-0007243_Start,1000,0,0,TTAGGG
contig-0007244_Start,1000,2,0,TTAGGG
contig-0007245_Start,1000,1,1,TTAGGG
contig-0007246_Start,1000,0,0,TTAGGG
contig-0007247_Start,1000,0,0,TTAGGG
contig-0007248_Start,1000,0,0,TTAGGG
contig-0007249_Start,1000,1,0,TTAGGG
contig-0007250_Start,1000,0,0,TTAGGG
contig-0007251_Start,1000,1,0,TTAGGG
contig-0007252_Start,1000,0,0,TTAGGG
contig-0007253_Start,1000,0,0,TTAGGG
contig-0007254_Start,1000,0,0,TTAGGG
contig-0007255_Start,1000,0,0,TTAGGG
contig-0007256_Start,1000,1,0,TTAGGG
contig-0007257_Start,1000,0,0,TTAGGG
contig-0007258_Start,1000,0,0,TTAGGG
contig-0007259_Start,1000,0,0,TTAGGG
contig-0007260_Start,1000,0,0,TTAGGG
contig-0007261_Start,1000,0,0,TTAGGG
contig-0007262_Start,1000,0,0,TTAGGG
contig-0007263_Start,1000,0,0,TTAGGG
contig-0007264_Start,1000,0,0,TTAGGG
contig-0007265_Start,1000,0,0,TTAGGG
contig-0007266_Start,1000,0,0,TTAGGG
contig-0007267_Start,1000,1,0,TTAGGG
contig-0007268_Start,1000,0,0,TTAGGG
contig-0007269_Start,1000,0,0,TTAGGG
contig-0007270_Start,1000,0,0,TTAGGG
contig-0007271_Start,1000,0,0,TTAGGG
contig-0007272_Start,1000,0,0,TTAGGG
contig-0007273_Start,1000,0,0,TTAGGG
contig-0007274_Start,1000,1,0,TTAGGG
contig-0007275_Start,1000,0,0,TTAGGG
contig-0007276_Start,1000,0,0,TTAGGG
contig-0007277_Start,1000,0,0,TTAGGG
contig-0007278_Start,1000,0,0,TTAGGG
contig-0007279_Start,1000,0,0,TTAGGG
contig-0007280_Start,1000,0,0,TTAGGG
contig-0007281_Start,1000,0,0,TTAGGG
contig-0007282_Start,1000,0,0,TTAGGG
contig-0007283_Start,1000,0,0,TTAGGG
contig-0007284_Start,1000,0,0,TTAGGG
contig-0007285_Start,1000,0,0,TTAGGG
contig-0007286_Start,1000,0,0,TTAGGG
contig-0007287_Start,1000,0,0,TTAGGG
contig-0007288_Start,1000,0,0,TTAGGG
contig-0007289_Start,1000,0,0,TTAGGG
contig-0007290_Start,1000,0,0,TTAGGG
contig-0007291_Start,1000,0,1,TTAGGG
contig-0007292_Start,1000,0,0,TTAGGG
contig-0007293_Start,1000,0,0,TTAGGG
contig-0007294_Start,1000,0,164,TTAGGG
contig-0007295_Start,1000,0,0,TTAGGG
contig-0007296_Start,1000,0,0,TTAGGG
contig-0007297_Start,1000,0,164,TTAGGG
contig-0007298_Start,1000,0,0,TTAGGG
contig-0007299_Start,1000,0,0,TTAGGG
contig-0007300_Start,1000,0,0,TTAGGG
contig-0007301_Start,1000,1,0,TTAGGG
contig-0007302_Start,1000,0,0,TTAGGG
contig-0007303_Start,1000,0,0,TTAGGG
contig-0007304_Start,1000,0,0,TTAGGG
contig-0007305_Start,1000,0,0,TTAGGG
contig-0007306_Start,1000,0,0,TTAGGG
contig-0007307_Start,1000,0,0,TTAGGG
contig-0007308_Start,1000,0,0,TTAGGG
contig-0007309_Start,1000,0,0,TTAGGG
contig-0007310_Start,1000,0,0,TTAGGG
contig-0007311_Start,1000,0,0,TTAGGG
contig-0007312_Start,1000,0,0,TTAGGG
contig-0007313_Start,1000,0,0,TTAGGG
contig-0007314_Start,1000,0,0,TTAGGG
contig-0007315_Start,1000,0,0,TTAGGG
contig-0007316_Start,1000,1,0,TTAGGG
contig-0007317_Start,1000,0,0,TTAGGG
contig-0007318_Start,1000,0,0,TTAGGG
contig-0007319_Start,1000,0,0,TTAGGG
contig-0007320_Start,1000,0,0,TTAGGG
contig-0007321_Start,1000,2,0,TTAGGG
contig-0007322_Start,1000,0,0,TTAGGG
contig-0007323_Start,1000,0,0,TTAGGG
contig-0007324_Start,1000,0,0,TTAGGG
contig-0007325_Start,1000,0,0,TTAGGG
contig-0007326_Start,1000,0,0,TTAGGG
contig-0007327_Start,1000,0,0,TTAGGG
contig-0007328_Start,1000,0,0,TTAGGG
contig-0007329_Start,1000,0,0,TTAGGG
contig-0007330_Start,1000,0,0,TTAGGG
contig-0007331_Start,1000,0,0,TTAGGG
contig-0007332_Start,1000,0,0,TTAGGG
contig-0007333_Start,1000,0,0,TTAGGG
contig-0007334_Start,1000,0,0,TTAGGG
contig-0007335_Start,1000,1,0,TTAGGG
contig-0007336_Start,1000,1,0,TTAGGG
contig-0007337_Start,1000,0,1,TTAGGG
contig-0007338_Start,1000,0,0,TTAGGG
contig-0007339_Start,1000,0,0,TTAGGG
contig-0007340_Start,1000,0,0,TTAGGG
contig-0007341_Start,1000,0,0,TTAGGG
contig-0007342_Start,1000,0,0,TTAGGG
contig-0007343_Start,1000,0,0,TTAGGG
contig-0007344_Start,1000,0,0,TTAGGG
contig-0007345_Start,1000,0,0,TTAGGG
contig-0007346_Start,1000,0,0,TTAGGG
contig-0007347_Start,1000,0,0,TTAGGG
contig-0007348_Start,1000,0,0,TTAGGG
contig-0007349_Start,1000,0,163,TTAGGG
contig-0007350_Start,1000,0,0,TTAGGG
contig-0007351_Start,1000,0,0,TTAGGG
contig-0007352_Start,1000,0,1,TTAGGG
contig-0007353_Start,1000,0,0,TTAGGG
contig-0007354_Start,1000,0,0,TTAGGG
contig-0007355_Start,1000,0,0,TTAGGG
contig-0007356_Start,1000,0,2,TTAGGG
contig-0007357_Start,1000,0,0,TTAGGG
contig-0007358_Start,1000,0,2,TTAGGG
contig-0007359_Start,1000,0,0,TTAGGG
contig-0007360_Start,1000,0,0,TTAGGG
contig-0007361_Start,1000,2,0,TTAGGG
contig-0007362_Start,1000,0,0,TTAGGG
contig-0007363_Start,1000,0,0,TTAGGG
contig-0007364_Start,1000,0,0,TTAGGG
contig-0007365_Start,1000,0,0,TTAGGG
contig-0007366_Start,1000,0,0,TTAGGG
contig-0007367_Start,1000,0,0,TTAGGG
contig-0007368_Start,1000,0,0,TTAGGG
contig-0007369_Start,1000,0,0,TTAGGG
contig-0007370_Start,1000,0,0,TTAGGG
contig-0007371_Start,1000,0,0,TTAGGG
contig-0007372_Start,1000,0,0,TTAGGG
contig-0007373_Start,1000,0,0,TTAGGG
contig-0007374_Start,1000,0,0,TTAGGG
contig-0007375_Start,1000,0,0,TTAGGG
contig-0007376_Start,1000,0,0,TTAGGG
contig-0007377_Start,1000,0,0,TTAGGG
contig-0007378_Start,1000,0,0,TTAGGG
contig-0007379_Start,1000,0,0,TTAGGG
contig-0007380_Start,1000,0,0,TTAGGG
contig-0007381_Start,1000,0,0,TTAGGG
contig-0007382_Start,1000,0,0,TTAGGG
contig-0007383_Start,1000,0,0,TTAGGG
contig-0007384_Start,1000,0,0,TTAGGG
contig-0007385_Start,1000,0,0,TTAGGG
contig-0007386_Start,1000,0,0,TTAGGG
contig-0007387_Start,1000,2,0,TTAGGG
contig-0007388_Start,1000,0,0,TTAGGG
contig-0007389_Start,1000,0,0,TTAGGG
contig-0007390_Start,1000,0,0,TTAGGG
contig-0007391_Start,1000,0,0,TTAGGG
contig-0007392_Start,1000,1,1,TTAGGG
contig-0007393_Start,1000,0,0,TTAGGG
contig-0007394_Start,1000,0,0,TTAGGG
contig-0007395_Start,1000,0,0,TTAGGG
contig-0007396_Start,1000,0,1,TTAGGG
contig-0007397_Start,1000,0,0,TTAGGG
contig-0007398_Start,1000,0,0,TTAGGG
contig-0007399_Start,1000,0,0,TTAGGG
contig-0007400_Start,1000,0,0,TTAGGG
contig-0007401_Start,1000,0,0,TTAGGG
contig-0007402_Start,1000,0,1,TTAGGG
contig-0007403_Start,1000,0,0,TTAGGG
contig-0007404_Start,1000,0,0,TTAGGG
contig-0007405_Start,1000,0,0,TTAGGG
contig-0007406_Start,1000,0,0,TTAGGG
contig-0007407_Start,1000,0,1,TTAGGG
contig-0007408_Start,1000,0,0,TTAGGG
contig-0007409_Start,1000,0,0,TTAGGG
contig-0007410_Start,1000,0,0,TTAGGG
contig-0007411_Start,1000,0,0,TTAGGG
contig-0007412_Start,1000,0,0,TTAGGG
contig-0007413_Start,1000,0,0,TTAGGG
contig-0007414_Start,1000,0,0,TTAGGG
contig-0007415_Start,1000,0,1,TTAGGG
contig-0007416_Start,1000,0,2,TTAGGG
contig-0007417_Start,1000,0,0,TTAGGG
contig-0007418_Start,1000,0,0,TTAGGG
contig-0007419_Start,1000,0,0,TTAGGG
contig-0007420_Start,1000,1,0,TTAGGG
contig-0007421_Start,1000,0,0,TTAGGG
contig-0007422_Start,1000,0,0,TTAGGG
contig-0007423_Start,1000,0,0,TTAGGG
contig-0007424_Start,1000,0,0,TTAGGG
contig-0007425_Start,1000,0,0,TTAGGG
contig-0007426_Start,1000,0,0,TTAGGG
contig-0007427_Start,1000,0,0,TTAGGG
contig-0007428_Start,1000,0,0,TTAGGG
contig-0007429_Start,1000,0,0,TTAGGG
contig-0007430_Start,1000,0,0,TTAGGG
contig-0007431_Start,1000,0,0,TTAGGG
contig-0007432_Start,1000,1,0,TTAGGG
contig-0007433_Start,1000,0,0,TTAGGG
contig-0007434_Start,1000,0,0,TTAGGG
contig-0007435_Start,1000,0,0,TTAGGG
contig-0007436_Start,1000,0,0,TTAGGG
contig-0007437_Start,1000,0,0,TTAGGG
contig-0007439_Start,1000,0,2,TTAGGG
contig-0007440_Start,1000,1,1,TTAGGG
contig-0007441_Start,1000,0,0,TTAGGG
contig-0007442_Start,1000,0,0,TTAGGG
contig-0007443_Start,1000,0,0,TTAGGG
contig-0007444_Start,1000,0,1,TTAGGG
contig-0007445_Start,1000,0,0,TTAGGG
contig-0007446_Start,1000,0,0,TTAGGG
contig-0007447_Start,1000,0,0,TTAGGG
contig-0007448_Start,1000,0,0,TTAGGG
contig-0007449_Start,1000,0,0,TTAGGG
contig-0007450_Start,1000,0,0,TTAGGG
contig-0007451_Start,1000,0,0,TTAGGG
contig-0007452_Start,1000,0,0,TTAGGG
contig-0007453_Start,1000,0,0,TTAGGG
contig-0007454_Start,1000,0,0,TTAGGG
contig-0007455_Start,1000,0,0,TTAGGG
contig-0007456_Start,1000,0,0,TTAGGG
contig-0007457_Start,1000,0,0,TTAGGG
contig-0007458_Start,1000,0,166,TTAGGG
contig-0007459_Start,1000,0,0,TTAGGG
contig-0007460_Start,1000,0,0,TTAGGG
contig-0007461_Start,1000,0,0,TTAGGG
contig-0007462_Start,1000,0,0,TTAGGG
contig-0007463_Start,1000,0,0,TTAGGG
contig-0007464_Start,1000,0,0,TTAGGG
contig-0007465_Start,1000,0,0,TTAGGG
contig-0007466_Start,1000,0,0,TTAGGG
contig-0007467_Start,1000,0,0,TTAGGG
contig-0007468_Start,1000,0,2,TTAGGG
contig-0007469_Start,1000,0,0,TTAGGG
contig-0007470_Start,1000,0,1,TTAGGG
contig-0007471_Start,1000,0,0,TTAGGG
contig-0007472_Start,1000,0,0,TTAGGG
contig-0007473_Start,1000,0,0,TTAGGG
contig-0007474_Start,1000,0,0,TTAGGG
contig-0007475_Start,1000,0,0,TTAGGG
contig-0007476_Start,1000,0,0,TTAGGG
contig-0007477_Start,1000,0,0,TTAGGG
contig-0007478_Start,1000,0,0,TTAGGG
contig-0007479_Start,1000,0,1,TTAGGG
contig-0007480_Start,1000,0,0,TTAGGG
contig-0007481_Start,1000,0,1,TTAGGG
contig-0007482_Start,1000,1,0,TTAGGG
contig-0007483_Start,1000,0,1,TTAGGG
contig-0007484_Start,1000,1,0,TTAGGG
contig-0007485_Start,1000,0,0,TTAGGG
contig-0007486_Start,1000,0,0,TTAGGG
contig-0007487_Start,1000,1,0,TTAGGG
contig-0007488_Start,1000,0,0,TTAGGG
contig-0007489_Start,1000,0,0,TTAGGG
contig-0007490_Start,1000,0,0,TTAGGG
contig-0007491_Start,1000,0,0,TTAGGG
contig-0007492_Start,1000,0,0,TTAGGG
contig-0007493_Start,1000,0,0,TTAGGG
contig-0007494_Start,1000,2,1,TTAGGG
contig-0007495_Start,1000,0,0,TTAGGG
contig-0007496_Start,1000,0,0,TTAGGG
contig-0007497_Start,1000,0,0,TTAGGG
contig-0007498_Start,1000,0,1,TTAGGG
contig-0007499_Start,1000,0,0,TTAGGG
contig-0007500_Start,1000,0,0,TTAGGG
contig-0007501_Start,1000,0,0,TTAGGG
contig-0007502_Start,1000,0,0,TTAGGG
contig-0007503_Start,1000,1,0,TTAGGG
contig-0007504_Start,1000,0,0,TTAGGG
contig-0007505_Start,1000,0,0,TTAGGG
contig-0007506_Start,1000,0,0,TTAGGG
contig-0007507_Start,1000,1,0,TTAGGG
contig-0007508_Start,1000,0,0,TTAGGG
contig-0007509_Start,1000,0,0,TTAGGG
contig-0007510_Start,1000,0,0,TTAGGG
contig-0007511_Start,1000,0,0,TTAGGG
contig-0007512_Start,1000,0,0,TTAGGG
contig-0007513_Start,1000,0,0,TTAGGG
contig-0007514_Start,1000,1,0,TTAGGG
contig-0007515_Start,1000,0,0,TTAGGG
contig-0007516_Start,1000,0,0,TTAGGG
contig-0007517_Start,1000,1,1,TTAGGG
contig-0007518_Start,1000,1,0,TTAGGG
contig-0007519_Start,1000,1,0,TTAGGG
contig-0007520_Start,1000,0,0,TTAGGG
contig-0007521_Start,1000,0,0,TTAGGG
contig-0007522_Start,1000,0,0,TTAGGG
contig-0007523_Start,1000,1,0,TTAGGG
contig-0007524_Start,1000,0,0,TTAGGG
contig-0007525_Start,1000,0,0,TTAGGG
contig-0007526_Start,1000,0,0,TTAGGG
contig-0007527_Start,1000,0,0,TTAGGG
contig-0007528_Start,1000,1,0,TTAGGG
contig-0007529_Start,1000,1,0,TTAGGG
contig-0007530_Start,1000,1,0,TTAGGG
contig-0007531_Start,1000,0,0,TTAGGG
contig-0007532_Start,1000,0,0,TTAGGG
contig-0007533_Start,1000,0,0,TTAGGG
contig-0007534_Start,1000,0,0,TTAGGG
contig-0007535_Start,1000,0,0,TTAGGG
contig-0007536_Start,1000,0,1,TTAGGG
contig-0007537_Start,1000,0,0,TTAGGG
contig-0007538_Start,1000,0,0,TTAGGG
contig-0007539_Start,1000,0,0,TTAGGG
contig-0007540_Start,1000,0,0,TTAGGG
contig-0007541_Start,1000,1,0,TTAGGG
contig-0007542_Start,1000,0,1,TTAGGG
contig-0007543_Start,1000,0,0,TTAGGG
contig-0007544_Start,1000,0,0,TTAGGG
contig-0007545_Start,1000,0,0,TTAGGG
contig-0007546_Start,1000,0,1,TTAGGG
contig-0007547_Start,1000,0,0,TTAGGG
contig-0007548_Start,1000,0,0,TTAGGG
contig-0007549_Start,1000,0,0,TTAGGG
contig-0007550_Start,1000,1,0,TTAGGG
contig-0007551_Start,1000,1,0,TTAGGG
contig-0007552_Start,1000,0,0,TTAGGG
contig-0007553_Start,1000,1,1,TTAGGG
contig-0007554_Start,1000,0,0,TTAGGG
contig-0007555_Start,1000,0,0,TTAGGG
contig-0007556_Start,1000,0,0,TTAGGG
contig-0007557_Start,1000,0,0,TTAGGG
contig-0007558_Start,1000,0,0,TTAGGG
contig-0007559_Start,1000,2,0,TTAGGG
contig-0007560_Start,1000,0,1,TTAGGG
contig-0007561_Start,1000,0,0,TTAGGG
contig-0007562_Start,1000,0,0,TTAGGG
contig-0007563_Start,1000,0,0,TTAGGG
contig-0007564_Start,1000,0,0,TTAGGG
contig-0007565_Start,1000,0,0,TTAGGG
contig-0007566_Start,1000,1,1,TTAGGG
contig-0007567_Start,1000,0,0,TTAGGG
contig-0007568_Start,1000,0,0,TTAGGG
contig-0007569_Start,1000,0,0,TTAGGG
contig-0007570_Start,1000,0,0,TTAGGG
contig-0007571_Start,1000,1,0,TTAGGG
contig-0007572_Start,1000,0,0,TTAGGG
contig-0007573_Start,1000,0,0,TTAGGG
contig-0007574_Start,1000,0,0,TTAGGG
contig-0007575_Start,1000,0,0,TTAGGG
contig-0007576_Start,1000,0,0,TTAGGG
contig-0007577_Start,1000,1,0,TTAGGG
contig-0007578_Start,1000,0,1,TTAGGG
contig-0007579_Start,1000,1,0,TTAGGG
contig-0007580_Start,1000,0,0,TTAGGG
contig-0007581_Start,1000,0,0,TTAGGG
contig-0007582_Start,1000,0,0,TTAGGG
contig-0007583_Start,1000,0,0,TTAGGG
contig-0007584_Start,1000,0,0,TTAGGG
contig-0007585_Start,1000,0,0,TTAGGG
contig-0007586_Start,1000,0,0,TTAGGG
contig-0007587_Start,1000,1,0,TTAGGG
contig-0007588_Start,1000,0,0,TTAGGG
contig-0007589_Start,1000,0,0,TTAGGG
contig-0007590_Start,1000,0,0,TTAGGG
contig-0007591_Start,1000,0,0,TTAGGG
contig-0007592_Start,1000,0,0,TTAGGG
contig-0007593_Start,1000,0,0,TTAGGG
contig-0007594_Start,1000,0,0,TTAGGG
contig-0007595_Start,1000,0,0,TTAGGG
contig-0007596_Start,1000,2,1,TTAGGG
contig-0007597_Start,1000,0,0,TTAGGG
contig-0007598_Start,1000,0,0,TTAGGG
contig-0007599_Start,1000,0,0,TTAGGG
contig-0007601_Start,1000,0,0,TTAGGG
contig-0007602_Start,1000,0,0,TTAGGG
contig-0007603_Start,1000,0,0,TTAGGG
contig-0007604_Start,1000,0,0,TTAGGG
contig-0007605_Start,1000,0,0,TTAGGG
contig-0007606_Start,1000,0,0,TTAGGG
contig-0007607_Start,1000,0,0,TTAGGG
contig-0007608_Start,1000,0,0,TTAGGG
contig-0007609_Start,1000,1,0,TTAGGG
contig-0007610_Start,1000,0,0,TTAGGG
contig-0007611_Start,1000,0,0,TTAGGG
contig-0007612_Start,1000,0,0,TTAGGG
contig-0007613_Start,1000,0,0,TTAGGG
contig-0007614_Start,1000,0,0,TTAGGG
contig-0007615_Start,1000,0,0,TTAGGG
contig-0007616_Start,1000,0,0,TTAGGG
contig-0007617_Start,1000,2,0,TTAGGG
contig-0007618_Start,1000,0,1,TTAGGG
contig-0007619_Start,1000,0,1,TTAGGG
contig-0007620_Start,1000,0,0,TTAGGG
contig-0007621_Start,1000,0,0,TTAGGG
contig-0007622_Start,1000,0,0,TTAGGG
contig-0007623_Start,1000,0,1,TTAGGG
contig-0007624_Start,1000,0,0,TTAGGG
contig-0007625_Start,1000,0,0,TTAGGG
contig-0007626_Start,1000,1,0,TTAGGG
contig-0007627_Start,1000,0,0,TTAGGG
contig-0007628_Start,1000,0,0,TTAGGG
contig-0007629_Start,1000,1,0,TTAGGG
contig-0007630_Start,1000,0,0,TTAGGG
contig-0007631_Start,1000,0,0,TTAGGG
contig-0007632_Start,1000,0,1,TTAGGG
contig-0007633_Start,1000,0,0,TTAGGG
contig-0007634_Start,1000,1,0,TTAGGG
contig-0007635_Start,1000,0,0,TTAGGG
contig-0007636_Start,1000,0,0,TTAGGG
contig-0007637_Start,1000,0,0,TTAGGG
contig-0007638_Start,1000,0,0,TTAGGG
contig-0007639_Start,1000,0,0,TTAGGG
contig-0007640_Start,1000,0,0,TTAGGG
contig-0007641_Start,1000,0,0,TTAGGG
contig-0007642_Start,1000,1,0,TTAGGG
contig-0007643_Start,1000,0,0,TTAGGG
contig-0007644_Start,1000,0,0,TTAGGG
contig-0007645_Start,1000,0,1,TTAGGG
contig-0007646_Start,1000,0,0,TTAGGG
contig-0007647_Start,1000,0,0,TTAGGG
contig-0007648_Start,1000,0,0,TTAGGG
contig-0007649_Start,1000,0,0,TTAGGG
contig-0007650_Start,1000,0,164,TTAGGG
contig-0007651_Start,1000,0,0,TTAGGG
contig-0007652_Start,1000,0,0,TTAGGG
contig-0007653_Start,1000,0,0,TTAGGG
contig-0007654_Start,1000,0,0,TTAGGG
contig-0007655_Start,1000,0,0,TTAGGG
contig-0007656_Start,1000,0,0,TTAGGG
contig-0007657_Start,1000,0,1,TTAGGG
contig-0007658_Start,1000,0,0,TTAGGG
contig-0007659_Start,1000,0,0,TTAGGG
contig-0007660_Start,1000,1,0,TTAGGG
contig-0007661_Start,1000,0,0,TTAGGG
contig-0007662_Start,1000,0,0,TTAGGG
contig-0007663_Start,1000,0,0,TTAGGG
contig-0007664_Start,1000,0,1,TTAGGG
contig-0007665_Start,1000,0,0,TTAGGG
contig-0007666_Start,1000,0,1,TTAGGG
contig-0007667_Start,1000,1,0,TTAGGG
contig-0007668_Start,1000,0,0,TTAGGG
contig-0007669_Start,1000,0,0,TTAGGG
contig-0007670_Start,1000,0,1,TTAGGG
contig-0007671_Start,1000,0,0,TTAGGG
contig-0007672_Start,1000,0,0,TTAGGG
contig-0007673_Start,1000,0,3,TTAGGG
contig-0007674_Start,1000,0,0,TTAGGG
contig-0007675_Start,1000,0,0,TTAGGG
contig-0007676_Start,1000,0,1,TTAGGG
contig-0007677_Start,1000,0,0,TTAGGG
contig-0007678_Start,1000,0,0,TTAGGG
contig-0007679_Start,1000,0,1,TTAGGG
contig-0007682_Start,1000,1,0,TTAGGG
contig-0007683_Start,1000,0,0,TTAGGG
contig-0007684_Start,1000,0,0,TTAGGG
contig-0007685_Start,1000,1,0,TTAGGG
contig-0007686_Start,1000,0,0,TTAGGG
contig-0007687_Start,1000,0,0,TTAGGG
contig-0007688_Start,1000,0,1,TTAGGG
contig-0007689_Start,1000,0,0,TTAGGG
contig-0007690_Start,1000,1,0,TTAGGG
contig-0007691_Start,1000,0,0,TTAGGG
contig-0007692_Start,1000,0,0,TTAGGG
contig-0007693_Start,1000,1,0,TTAGGG
contig-0007694_Start,1000,0,0,TTAGGG
contig-0007695_Start,1000,0,0,TTAGGG
contig-0007696_Start,1000,0,0,TTAGGG
contig-0007697_Start,1000,0,0,TTAGGG
contig-0007698_Start,1000,0,0,TTAGGG
contig-0007699_Start,1000,0,0,TTAGGG
contig-0007700_Start,1000,0,0,TTAGGG
contig-0007701_Start,1000,0,0,TTAGGG
contig-0007702_Start,1000,0,0,TTAGGG
contig-0007703_Start,1000,1,0,TTAGGG
contig-0007704_Start,1000,0,0,TTAGGG
contig-0007705_Start,1000,0,0,TTAGGG
contig-0007706_Start,1000,0,0,TTAGGG
contig-0007707_Start,1000,0,0,TTAGGG
contig-0007708_Start,1000,0,0,TTAGGG
contig-0007709_Start,1000,0,0,TTAGGG
contig-0007710_Start,1000,0,0,TTAGGG
contig-0007712_Start,1000,1,0,TTAGGG
contig-0007713_Start,1000,0,1,TTAGGG
contig-0007714_Start,1000,0,0,TTAGGG
contig-0007715_Start,1000,0,0,TTAGGG
contig-0007716_Start,1000,0,1,TTAGGG
contig-0007717_Start,1000,2,0,TTAGGG
contig-0007718_Start,1000,1,0,TTAGGG
contig-0007719_Start,1000,0,1,TTAGGG
contig-0007720_Start,1000,0,0,TTAGGG
contig-0007721_Start,1000,0,0,TTAGGG
contig-0007722_Start,1000,0,0,TTAGGG
contig-0007723_Start,1000,0,0,TTAGGG
contig-0007724_Start,1000,0,0,TTAGGG
contig-0007725_Start,1000,0,0,TTAGGG
contig-0007726_Start,1000,0,1,TTAGGG
contig-0007727_Start,1000,0,0,TTAGGG
contig-0007728_Start,1000,0,0,TTAGGG
contig-0007729_Start,1000,0,0,TTAGGG
contig-0007730_Start,1000,0,0,TTAGGG
contig-0007731_Start,1000,0,0,TTAGGG
contig-0007732_Start,1000,0,138,TTAGGG
contig-0007733_Start,1000,0,0,TTAGGG
contig-0007734_Start,1000,1,0,TTAGGG
contig-0007735_Start,1000,0,0,TTAGGG
contig-0007736_Start,1000,1,0,TTAGGG
contig-0007737_Start,1000,0,0,TTAGGG
contig-0007738_Start,1000,0,0,TTAGGG
contig-0007739_Start,1000,0,0,TTAGGG
contig-0007740_Start,1000,0,0,TTAGGG
contig-0007741_Start,1000,0,0,TTAGGG
contig-0007742_Start,1000,0,0,TTAGGG
contig-0007743_Start,1000,1,0,TTAGGG
contig-0007744_Start,1000,0,0,TTAGGG
contig-0007745_Start,1000,0,0,TTAGGG
contig-0007746_Start,1000,0,0,TTAGGG
contig-0007747_Start,1000,0,0,TTAGGG
contig-0007748_Start,1000,0,0,TTAGGG
contig-0007749_Start,1000,0,0,TTAGGG
contig-0007750_Start,1000,1,0,TTAGGG
contig-0007751_Start,1000,0,0,TTAGGG
contig-0007752_Start,1000,0,0,TTAGGG
contig-0007753_Start,1000,0,1,TTAGGG
contig-0007754_Start,1000,0,0,TTAGGG
contig-0007755_Start,1000,0,0,TTAGGG
contig-0007756_Start,1000,0,0,TTAGGG
contig-0007757_Start,1000,0,0,TTAGGG
contig-0007758_Start,1000,0,0,TTAGGG
contig-0007759_Start,1000,0,0,TTAGGG
contig-0007760_Start,1000,0,0,TTAGGG
contig-0007761_Start,1000,0,1,TTAGGG
contig-0007762_Start,1000,0,0,TTAGGG
contig-0007763_Start,1000,0,0,TTAGGG
contig-0007764_Start,1000,0,0,TTAGGG
contig-0007765_Start,1000,0,0,TTAGGG
contig-0007766_Start,1000,0,0,TTAGGG
contig-0007767_Start,1000,0,0,TTAGGG
contig-0007768_Start,1000,0,1,TTAGGG
contig-0007769_Start,1000,0,1,TTAGGG
contig-0007770_Start,1000,0,0,TTAGGG
contig-0007771_Start,1000,0,1,TTAGGG
contig-0007772_Start,1000,0,0,TTAGGG
contig-0007773_Start,1000,0,0,TTAGGG
contig-0007774_Start,1000,0,0,TTAGGG
contig-0007775_Start,1000,0,1,TTAGGG
contig-0007776_Start,1000,0,0,TTAGGG
contig-0007777_Start,1000,0,0,TTAGGG
contig-0007778_Start,1000,0,0,TTAGGG
contig-0007779_Start,1000,0,1,TTAGGG
contig-0007780_Start,1000,0,0,TTAGGG
contig-0007781_Start,1000,0,0,TTAGGG
contig-0007782_Start,1000,0,0,TTAGGG
contig-0007784_Start,1000,0,0,TTAGGG
contig-0007785_Start,1000,0,2,TTAGGG
contig-0007786_Start,1000,0,0,TTAGGG
contig-0007787_Start,1000,0,0,TTAGGG
contig-0007788_Start,1000,0,0,TTAGGG
contig-0007789_Start,1000,0,0,TTAGGG
contig-0007790_Start,1000,0,0,TTAGGG
contig-0007791_Start,1000,0,0,TTAGGG
contig-0007792_Start,1000,0,0,TTAGGG
contig-0007793_Start,1000,0,1,TTAGGG
contig-0007794_Start,1000,0,0,TTAGGG
contig-0007795_Start,1000,0,0,TTAGGG
contig-0007796_Start,1000,0,0,TTAGGG
contig-0007797_Start,1000,1,0,TTAGGG
contig-0007798_Start,1000,0,0,TTAGGG
contig-0007799_Start,1000,0,1,TTAGGG
contig-0007800_Start,1000,1,0,TTAGGG
contig-0007801_Start,1000,0,0,TTAGGG
contig-0007802_Start,1000,0,0,TTAGGG
contig-0007803_Start,1000,0,0,TTAGGG
contig-0007804_Start,1000,2,0,TTAGGG
contig-0007805_Start,1000,0,0,TTAGGG
contig-0007806_Start,1000,0,0,TTAGGG
contig-0007807_Start,1000,0,0,TTAGGG
contig-0007808_Start,1000,0,0,TTAGGG
contig-0007809_Start,1000,0,0,TTAGGG
contig-0007810_Start,1000,0,0,TTAGGG
contig-0007811_Start,1000,0,0,TTAGGG
contig-0007812_Start,1000,0,0,TTAGGG
contig-0007813_Start,1000,1,0,TTAGGG
contig-0007814_Start,1000,1,0,TTAGGG
contig-0007815_Start,1000,1,0,TTAGGG
contig-0007816_Start,1000,0,0,TTAGGG
contig-0007817_Start,1000,0,0,TTAGGG
contig-0007818_Start,1000,0,0,TTAGGG
contig-0007819_Start,1000,1,0,TTAGGG
contig-0007820_Start,1000,0,0,TTAGGG
contig-0007821_Start,1000,1,0,TTAGGG
contig-0007822_Start,1000,0,0,TTAGGG
contig-0007823_Start,1000,0,0,TTAGGG
contig-0007824_Start,1000,0,0,TTAGGG
contig-0007825_Start,1000,0,0,TTAGGG
contig-0007826_Start,1000,0,0,TTAGGG
contig-0007827_Start,1000,0,0,TTAGGG
contig-0007828_Start,1000,0,0,TTAGGG
contig-0007829_Start,1000,0,1,TTAGGG
contig-0007831_Start,1000,0,0,TTAGGG
contig-0007832_Start,1000,0,1,TTAGGG
contig-0007833_Start,1000,0,0,TTAGGG
contig-0007834_Start,1000,0,0,TTAGGG
contig-0007835_Start,1000,0,1,TTAGGG
contig-0007836_Start,1000,1,4,TTAGGG
contig-0007837_Start,1000,1,0,TTAGGG
contig-0007839_Start,1000,0,0,TTAGGG
contig-0007840_Start,1000,0,0,TTAGGG
contig-0007841_Start,1000,0,0,TTAGGG
contig-0007842_Start,1000,0,0,TTAGGG
contig-0007843_Start,1000,1,0,TTAGGG
contig-0007844_Start,1000,0,0,TTAGGG
contig-0007845_Start,1000,2,0,TTAGGG
contig-0007846_Start,1000,1,0,TTAGGG
contig-0007847_Start,1000,0,0,TTAGGG
contig-0007848_Start,1000,0,0,TTAGGG
contig-0007849_Start,1000,0,0,TTAGGG
contig-0007850_Start,1000,0,0,TTAGGG
contig-0007851_Start,1000,0,0,TTAGGG
contig-0007852_Start,1000,0,2,TTAGGG
contig-0007853_Start,1000,0,0,TTAGGG
contig-0007854_Start,1000,0,0,TTAGGG
contig-0007855_Start,1000,1,0,TTAGGG
contig-0007856_Start,1000,0,0,TTAGGG
contig-0007857_Start,1000,0,0,TTAGGG
contig-0007858_Start,1000,0,0,TTAGGG
contig-0007859_Start,1000,0,0,TTAGGG
contig-0007860_Start,1000,0,0,TTAGGG
contig-0007861_Start,1000,1,0,TTAGGG
contig-0007862_Start,1000,0,0,TTAGGG
contig-0007863_Start,1000,0,0,TTAGGG
contig-0007864_Start,1000,0,0,TTAGGG
contig-0007865_Start,1000,1,0,TTAGGG
contig-0007866_Start,1000,0,0,TTAGGG
contig-0007867_Start,1000,0,0,TTAGGG
contig-0007868_Start,1000,0,0,TTAGGG
contig-0007869_Start,1000,0,0,TTAGGG
contig-0007870_Start,1000,0,0,TTAGGG
contig-0007871_Start,1000,0,1,TTAGGG
contig-0007872_Start,1000,0,1,TTAGGG
contig-0007873_Start,1000,0,0,TTAGGG
contig-0007874_Start,1000,0,0,TTAGGG
contig-0007875_Start,1000,0,0,TTAGGG
contig-0007876_Start,1000,0,0,TTAGGG
contig-0007877_Start,1000,0,0,TTAGGG
contig-0007878_Start,1000,0,0,TTAGGG
contig-0007879_Start,1000,0,0,TTAGGG
contig-0007880_Start,1000,0,2,TTAGGG
contig-0007881_Start,1000,0,0,TTAGGG
contig-0007882_Start,1000,0,1,TTAGGG
contig-0007883_Start,1000,0,0,TTAGGG
contig-0007884_Start,1000,1,0,TTAGGG
contig-0007885_Start,1000,0,0,TTAGGG
contig-0007886_Start,1000,0,0,TTAGGG
contig-0007887_Start,1000,0,0,TTAGGG
contig-0007888_Start,1000,0,0,TTAGGG
contig-0007889_Start,1000,2,0,TTAGGG
contig-0007890_Start,1000,0,0,TTAGGG
contig-0007891_Start,1000,0,0,TTAGGG
contig-0007892_Start,1000,0,0,TTAGGG
contig-0007893_Start,1000,0,0,TTAGGG
contig-0007894_Start,1000,0,0,TTAGGG
contig-0007895_Start,1000,0,0,TTAGGG
contig-0007896_Start,1000,0,0,TTAGGG
contig-0007897_Start,1000,0,0,TTAGGG
contig-0007898_Start,1000,0,0,TTAGGG
contig-0007899_Start,1000,0,0,TTAGGG
contig-0007900_Start,1000,0,0,TTAGGG
contig-0007901_Start,1000,1,0,TTAGGG
contig-0007902_Start,1000,0,0,TTAGGG
contig-0007903_Start,1000,1,0,TTAGGG
contig-0007904_Start,1000,1,0,TTAGGG
contig-0007905_Start,1000,0,0,TTAGGG
contig-0007906_Start,1000,0,0,TTAGGG
contig-0007907_Start,1000,1,0,TTAGGG
contig-0007908_Start,1000,2,0,TTAGGG
contig-0007909_Start,1000,0,0,TTAGGG
contig-0007910_Start,1000,0,0,TTAGGG
contig-0007911_Start,1000,0,1,TTAGGG
contig-0007912_Start,1000,0,0,TTAGGG
contig-0007913_Start,1000,0,0,TTAGGG
contig-0007914_Start,1000,0,0,TTAGGG
contig-0007915_Start,1000,0,1,TTAGGG
contig-0007916_Start,1000,0,2,TTAGGG
contig-0007917_Start,1000,0,0,TTAGGG
contig-0007918_Start,1000,0,0,TTAGGG
contig-0007919_Start,1000,0,1,TTAGGG
contig-0007920_Start,1000,0,0,TTAGGG
contig-0007921_Start,1000,2,0,TTAGGG
contig-0007922_Start,1000,0,0,TTAGGG
contig-0007923_Start,1000,0,0,TTAGGG
contig-0007924_Start,1000,0,0,TTAGGG
contig-0007925_Start,1000,0,0,TTAGGG
contig-0007927_Start,1000,0,0,TTAGGG
contig-0007928_Start,1000,0,0,TTAGGG
contig-0007929_Start,1000,0,0,TTAGGG
contig-0007930_Start,1000,0,0,TTAGGG
contig-0007931_Start,1000,0,0,TTAGGG
contig-0007932_Start,1000,1,0,TTAGGG
contig-0007934_Start,1000,0,0,TTAGGG
contig-0007935_Start,1000,0,0,TTAGGG
contig-0007936_Start,1000,0,0,TTAGGG
contig-0007937_Start,1000,1,0,TTAGGG
contig-0007938_Start,1000,0,2,TTAGGG
contig-0007939_Start,1000,1,0,TTAGGG
contig-0007940_Start,1000,0,0,TTAGGG
contig-0007941_Start,1000,0,0,TTAGGG
contig-0007942_Start,1000,0,0,TTAGGG
contig-0007943_Start,1000,0,0,TTAGGG
contig-0007944_Start,1000,0,0,TTAGGG
contig-0007945_Start,1000,0,1,TTAGGG
contig-0007946_Start,1000,0,0,TTAGGG
contig-0007947_Start,1000,0,1,TTAGGG
contig-0007948_Start,1000,0,0,TTAGGG
contig-0007949_Start,1000,0,0,TTAGGG
contig-0007950_Start,1000,0,0,TTAGGG
contig-0007951_Start,1000,0,0,TTAGGG
contig-0007952_Start,1000,0,0,TTAGGG
contig-0007953_Start,1000,0,1,TTAGGG
contig-0007954_Start,1000,1,0,TTAGGG
contig-0007955_Start,1000,0,0,TTAGGG
contig-0007956_Start,1000,0,0,TTAGGG
contig-0007957_Start,1000,0,0,TTAGGG
contig-0007958_Start,1000,0,0,TTAGGG
contig-0007959_Start,1000,0,0,TTAGGG
contig-0007960_Start,1000,0,0,TTAGGG
contig-0007961_Start,1000,0,0,TTAGGG
contig-0007962_Start,1000,1,0,TTAGGG
contig-0007963_Start,1000,0,0,TTAGGG
contig-0007964_Start,1000,1,0,TTAGGG
contig-0007965_Start,1000,0,0,TTAGGG
contig-0007966_Start,1000,0,0,TTAGGG
contig-0007967_Start,1000,0,0,TTAGGG
contig-0007968_Start,1000,0,0,TTAGGG
contig-0007969_Start,1000,1,0,TTAGGG
contig-0007970_Start,1000,2,0,TTAGGG
contig-0007971_Start,1000,0,0,TTAGGG
contig-0007972_Start,1000,0,1,TTAGGG
contig-0007973_Start,1000,0,0,TTAGGG
contig-0007974_Start,1000,0,0,TTAGGG
contig-0007975_Start,1000,0,0,TTAGGG
contig-0007976_Start,1000,1,0,TTAGGG
contig-0007977_Start,1000,0,0,TTAGGG
contig-0007978_Start,1000,0,0,TTAGGG
contig-0007979_Start,1000,0,0,TTAGGG
contig-0007980_Start,1000,0,0,TTAGGG
contig-0007981_Start,1000,0,0,TTAGGG
contig-0007982_Start,1000,1,1,TTAGGG
contig-0007983_Start,1000,1,0,TTAGGG
contig-0007984_Start,1000,0,0,TTAGGG
contig-0007985_Start,1000,0,0,TTAGGG
contig-0007986_Start,1000,0,0,TTAGGG
contig-0007987_Start,1000,1,0,TTAGGG
contig-0007988_Start,1000,0,0,TTAGGG
contig-0007989_Start,1000,0,0,TTAGGG
contig-0007990_Start,1000,0,0,TTAGGG
contig-0007991_Start,1000,0,0,TTAGGG
contig-0007992_Start,1000,0,0,TTAGGG
contig-0007993_Start,1000,0,0,TTAGGG
contig-0007994_Start,1000,1,0,TTAGGG
contig-0007995_Start,1000,0,0,TTAGGG
contig-0007996_Start,1000,0,0,TTAGGG
contig-0007997_Start,1000,0,0,TTAGGG
contig-0007998_Start,1000,1,0,TTAGGG
contig-0007999_Start,1000,1,1,TTAGGG
contig-0008000_Start,1000,0,0,TTAGGG
contig-0008001_Start,1000,0,0,TTAGGG
contig-0008002_Start,1000,0,0,TTAGGG
contig-0008003_Start,1000,1,0,TTAGGG
contig-0008004_Start,1000,0,0,TTAGGG
contig-0008005_Start,1000,0,0,TTAGGG
contig-0008006_Start,1000,1,1,TTAGGG
contig-0008007_Start,1000,1,0,TTAGGG
contig-0008008_Start,1000,0,0,TTAGGG
contig-0008009_Start,1000,0,0,TTAGGG
contig-0008010_Start,1000,0,0,TTAGGG
contig-0008011_Start,1000,0,0,TTAGGG
contig-0008012_Start,1000,0,0,TTAGGG
contig-0008013_Start,1000,0,0,TTAGGG
contig-0008014_Start,1000,0,0,TTAGGG
contig-0008015_Start,1000,0,0,TTAGGG
contig-0008016_Start,1000,1,1,TTAGGG
contig-0008017_Start,1000,0,0,TTAGGG
contig-0008018_Start,1000,0,0,TTAGGG
contig-0008019_Start,1000,0,0,TTAGGG
contig-0008020_Start,1000,0,1,TTAGGG
contig-0008021_Start,1000,0,0,TTAGGG
contig-0008022_Start,1000,1,0,TTAGGG
contig-0008023_Start,1000,0,0,TTAGGG
contig-0008024_Start,1000,1,0,TTAGGG
contig-0008025_Start,1000,0,1,TTAGGG
contig-0008026_Start,1000,1,2,TTAGGG
contig-0008027_Start,1000,0,0,TTAGGG
contig-0008028_Start,1000,0,0,TTAGGG
contig-0008029_Start,1000,0,0,TTAGGG
contig-0008030_Start,1000,0,0,TTAGGG
contig-0008031_Start,1000,0,0,TTAGGG
contig-0008032_Start,1000,0,0,TTAGGG
contig-0008033_Start,1000,0,0,TTAGGG
contig-0008034_Start,1000,0,0,TTAGGG
contig-0008036_Start,1000,1,0,TTAGGG
contig-0008037_Start,1000,0,0,TTAGGG
contig-0008038_Start,1000,0,2,TTAGGG
contig-0008039_Start,1000,0,2,TTAGGG
contig-0008040_Start,1000,0,0,TTAGGG
contig-0008041_Start,1000,0,0,TTAGGG
contig-0008042_Start,1000,0,0,TTAGGG
contig-0008043_Start,1000,0,0,TTAGGG
contig-0008044_Start,1000,0,0,TTAGGG
contig-0008045_Start,1000,0,0,TTAGGG
contig-0008046_Start,1000,0,0,TTAGGG
contig-0008047_Start,1000,0,0,TTAGGG
contig-0008048_Start,1000,0,0,TTAGGG
contig-0008049_Start,1000,0,0,TTAGGG
contig-0008050_Start,1000,0,0,TTAGGG
contig-0008051_Start,1000,0,0,TTAGGG
contig-0008052_Start,1000,0,0,TTAGGG
contig-0008053_Start,1000,0,1,TTAGGG
contig-0008054_Start,1000,0,0,TTAGGG
contig-0008055_Start,1000,0,0,TTAGGG
contig-0008056_Start,1000,0,1,TTAGGG
contig-0008057_Start,1000,0,0,TTAGGG
contig-0008058_Start,1000,0,1,TTAGGG
contig-0008059_Start,1000,0,0,TTAGGG
contig-0008060_Start,1000,0,0,TTAGGG
contig-0008061_Start,1000,0,0,TTAGGG
contig-0008062_Start,1000,0,0,TTAGGG
contig-0008063_Start,1000,0,0,TTAGGG
contig-0008064_Start,1000,0,0,TTAGGG
contig-0008065_Start,1000,0,0,TTAGGG
contig-0008066_Start,1000,0,0,TTAGGG
contig-0008067_Start,1000,0,0,TTAGGG
contig-0008068_Start,1000,0,0,TTAGGG
contig-0008069_Start,1000,0,1,TTAGGG
contig-0008070_Start,1000,0,0,TTAGGG
contig-0008071_Start,1000,1,0,TTAGGG
contig-0008072_Start,1000,0,1,TTAGGG
contig-0008073_Start,1000,0,0,TTAGGG
contig-0008074_Start,1000,0,0,TTAGGG
contig-0008075_Start,1000,0,0,TTAGGG
contig-0008077_Start,1000,0,0,TTAGGG
contig-0008078_Start,1000,0,0,TTAGGG
contig-0008079_Start,1000,0,0,TTAGGG
contig-0008080_Start,1000,0,1,TTAGGG
contig-0008081_Start,1000,0,0,TTAGGG
contig-0008082_Start,1000,0,0,TTAGGG
contig-0008084_Start,1000,1,0,TTAGGG
contig-0008085_Start,1000,0,0,TTAGGG
contig-0008086_Start,1000,0,0,TTAGGG
contig-0008087_Start,1000,0,1,TTAGGG
contig-0008088_Start,1000,0,0,TTAGGG
contig-0008090_Start,1000,0,0,TTAGGG
contig-0008091_Start,1000,0,1,TTAGGG
contig-0008092_Start,1000,0,0,TTAGGG
contig-0008093_Start,1000,0,0,TTAGGG
contig-0008094_Start,1000,0,0,TTAGGG
contig-0008095_Start,1000,0,0,TTAGGG
contig-0008096_Start,1000,0,0,TTAGGG
contig-0008097_Start,1000,0,1,TTAGGG
contig-0008098_Start,1000,0,1,TTAGGG
contig-0008099_Start,1000,0,0,TTAGGG
contig-0008100_Start,1000,0,1,TTAGGG
contig-0008101_Start,1000,0,0,TTAGGG
contig-0008102_Start,1000,0,1,TTAGGG
contig-0008103_Start,1000,0,1,TTAGGG
contig-0008104_Start,1000,0,1,TTAGGG
contig-0008105_Start,1000,0,0,TTAGGG
contig-0008106_Start,1000,0,1,TTAGGG
contig-0008107_Start,1000,0,0,TTAGGG
contig-0008108_Start,1000,0,0,TTAGGG
contig-0008109_Start,1000,0,0,TTAGGG
contig-0008110_Start,1000,0,1,TTAGGG
contig-0008111_Start,1000,0,0,TTAGGG
contig-0008112_Start,1000,0,1,TTAGGG
contig-0008113_Start,1000,0,0,TTAGGG
contig-0008114_Start,1000,1,0,TTAGGG
contig-0008115_Start,1000,1,0,TTAGGG
contig-0008116_Start,1000,0,0,TTAGGG
contig-0008117_Start,1000,0,0,TTAGGG
contig-0008118_Start,1000,1,0,TTAGGG
contig-0008119_Start,1000,0,1,TTAGGG
contig-0008120_Start,1000,0,0,TTAGGG
contig-0008121_Start,1000,0,0,TTAGGG
contig-0008122_Start,1000,0,0,TTAGGG
contig-0008123_Start,1000,0,0,TTAGGG
contig-0008124_Start,1000,0,0,TTAGGG
contig-0008125_Start,1000,0,0,TTAGGG
contig-0008126_Start,1000,0,0,TTAGGG
contig-0008127_Start,1000,0,0,TTAGGG
contig-0008128_Start,1000,0,0,TTAGGG
contig-0008129_Start,1000,1,0,TTAGGG
contig-0008130_Start,1000,0,0,TTAGGG
contig-0008131_Start,1000,0,0,TTAGGG
contig-0008132_Start,1000,0,0,TTAGGG
contig-0008133_Start,1000,0,0,TTAGGG
contig-0008134_Start,1000,0,0,TTAGGG
contig-0008135_Start,1000,0,0,TTAGGG
contig-0008136_Start,1000,0,0,TTAGGG
contig-0008137_Start,1000,0,1,TTAGGG
contig-0008138_Start,1000,0,0,TTAGGG
contig-0008139_Start,1000,0,0,TTAGGG
contig-0008140_Start,1000,1,0,TTAGGG
contig-0008141_Start,1000,0,0,TTAGGG
contig-0008142_Start,1000,0,1,TTAGGG
contig-0008143_Start,1000,1,0,TTAGGG
contig-0008144_Start,1000,0,0,TTAGGG
contig-0008145_Start,1000,0,0,TTAGGG
contig-0008146_Start,1000,0,0,TTAGGG
contig-0008147_Start,1000,0,0,TTAGGG
contig-0008148_Start,1000,0,0,TTAGGG
contig-0008149_Start,1000,0,2,TTAGGG
contig-0008150_Start,1000,0,0,TTAGGG
contig-0008151_Start,1000,0,0,TTAGGG
contig-0008152_Start,1000,0,1,TTAGGG
contig-0008153_Start,1000,0,0,TTAGGG
contig-0008155_Start,1000,0,0,TTAGGG
contig-0008156_Start,1000,1,0,TTAGGG
contig-0008157_Start,1000,0,0,TTAGGG
contig-0008158_Start,1000,0,0,TTAGGG
contig-0008159_Start,1000,0,0,TTAGGG
contig-0008160_Start,1000,1,0,TTAGGG
contig-0008161_Start,1000,0,0,TTAGGG
contig-0008162_Start,1000,0,0,TTAGGG
contig-0008163_Start,1000,0,0,TTAGGG
contig-0008164_Start,1000,0,0,TTAGGG
contig-0008165_Start,1000,1,1,TTAGGG
contig-0008166_Start,1000,0,0,TTAGGG
contig-0008167_Start,1000,1,0,TTAGGG
contig-0008168_Start,1000,1,0,TTAGGG
contig-0008169_Start,1000,0,0,TTAGGG
contig-0008170_Start,1000,0,0,TTAGGG
contig-0008171_Start,1000,0,0,TTAGGG
contig-0008172_Start,1000,1,0,TTAGGG
contig-0008173_Start,1000,1,0,TTAGGG
contig-0008174_Start,1000,0,0,TTAGGG
contig-0008175_Start,1000,0,0,TTAGGG
contig-0008176_Start,1000,0,0,TTAGGG
contig-0008177_Start,1000,0,0,TTAGGG
contig-0008178_Start,1000,0,0,TTAGGG
contig-0008179_Start,1000,0,0,TTAGGG
contig-0008180_Start,1000,1,0,TTAGGG
contig-0008181_Start,1000,0,1,TTAGGG
contig-0008182_Start,1000,1,0,TTAGGG
contig-0008183_Start,1000,0,1,TTAGGG
contig-0008184_Start,1000,2,0,TTAGGG
contig-0008185_Start,1000,2,0,TTAGGG
contig-0008186_Start,1000,1,1,TTAGGG
contig-0008187_Start,1000,0,1,TTAGGG
contig-0008188_Start,1000,0,0,TTAGGG
contig-0008189_Start,1000,1,0,TTAGGG
contig-0008190_Start,1000,1,0,TTAGGG
contig-0008191_Start,1000,0,0,TTAGGG
contig-0008192_Start,1000,1,0,TTAGGG
contig-0008193_Start,1000,0,0,TTAGGG
contig-0008194_Start,1000,0,0,TTAGGG
contig-0008195_Start,1000,0,0,TTAGGG
contig-0008196_Start,1000,0,0,TTAGGG
contig-0008197_Start,1000,0,2,TTAGGG
contig-0008199_Start,1000,0,0,TTAGGG
contig-0008200_Start,1000,0,0,TTAGGG
contig-0008201_Start,1000,0,0,TTAGGG
contig-0008202_Start,1000,0,0,TTAGGG
contig-0008203_Start,1000,0,0,TTAGGG
contig-0008204_Start,1000,0,0,TTAGGG
contig-0008205_Start,1000,0,0,TTAGGG
contig-0008206_Start,1000,0,0,TTAGGG
contig-0008207_Start,1000,0,0,TTAGGG
contig-0008208_Start,1000,0,0,TTAGGG
contig-0008209_Start,1000,1,0,TTAGGG
contig-0008210_Start,1000,0,0,TTAGGG
contig-0008211_Start,1000,0,0,TTAGGG
contig-0008212_Start,1000,3,0,TTAGGG
contig-0008213_Start,1000,0,0,TTAGGG
contig-0008214_Start,1000,0,0,TTAGGG
contig-0008215_Start,1000,0,0,TTAGGG
contig-0008216_Start,1000,0,0,TTAGGG
contig-0008217_Start,1000,0,0,TTAGGG
contig-0008218_Start,1000,0,0,TTAGGG
contig-0008219_Start,1000,0,0,TTAGGG
contig-0008220_Start,1000,0,0,TTAGGG
contig-0008221_Start,1000,0,0,TTAGGG
contig-0008222_Start,1000,0,1,TTAGGG
contig-0008223_Start,1000,0,1,TTAGGG
contig-0008224_Start,1000,0,1,TTAGGG
contig-0008225_Start,1000,0,0,TTAGGG
contig-0008226_Start,1000,0,0,TTAGGG
contig-0008227_Start,1000,1,2,TTAGGG
contig-0008228_Start,1000,0,1,TTAGGG
contig-0008229_Start,1000,0,1,TTAGGG
contig-0008230_Start,1000,0,0,TTAGGG
contig-0008231_Start,1000,0,0,TTAGGG
contig-0008232_Start,1000,0,0,TTAGGG
contig-0008233_Start,1000,1,1,TTAGGG
contig-0008234_Start,1000,0,0,TTAGGG
contig-0008235_Start,1000,0,0,TTAGGG
contig-0008236_Start,1000,0,0,TTAGGG
contig-0008237_Start,1000,0,1,TTAGGG
contig-0008238_Start,1000,0,0,TTAGGG
contig-0008239_Start,1000,0,0,TTAGGG
contig-0008240_Start,1000,0,0,TTAGGG
contig-0008241_Start,1000,0,0,TTAGGG
contig-0008242_Start,1000,0,0,TTAGGG
contig-0008243_Start,1000,0,0,TTAGGG
contig-0008244_Start,1000,0,0,TTAGGG
contig-0008245_Start,1000,1,0,TTAGGG
contig-0008246_Start,1000,0,0,TTAGGG
contig-0008247_Start,1000,2,0,TTAGGG
contig-0008248_Start,1000,0,0,TTAGGG
contig-0008249_Start,1000,0,0,TTAGGG
contig-0008250_Start,1000,0,0,TTAGGG
contig-0008251_Start,1000,0,0,TTAGGG
contig-0008252_Start,1000,2,1,TTAGGG
contig-0008253_Start,1000,0,0,TTAGGG
contig-0008254_Start,1000,0,0,TTAGGG
contig-0008255_Start,1000,1,0,TTAGGG
contig-0008256_Start,1000,0,0,TTAGGG
contig-0008257_Start,1000,1,1,TTAGGG
contig-0008258_Start,1000,0,0,TTAGGG
contig-0008259_Start,1000,0,0,TTAGGG
contig-0008260_Start,1000,0,0,TTAGGG
contig-0008261_Start,1000,0,0,TTAGGG
contig-0008262_Start,1000,0,0,TTAGGG
contig-0008263_Start,1000,0,0,TTAGGG
contig-0008264_Start,1000,0,0,TTAGGG
contig-0008265_Start,1000,0,0,TTAGGG
contig-0008266_Start,1000,0,0,TTAGGG
contig-0008267_Start,1000,0,0,TTAGGG
contig-0008268_Start,1000,0,0,TTAGGG
contig-0008269_Start,1000,0,0,TTAGGG
contig-0008270_Start,1000,0,0,TTAGGG
contig-0008271_Start,1000,0,0,TTAGGG
contig-0008272_Start,1000,0,0,TTAGGG
contig-0008273_Start,1000,0,0,TTAGGG
contig-0008274_Start,1000,0,0,TTAGGG
contig-0008275_Start,1000,0,0,TTAGGG
contig-0008276_Start,1000,0,2,TTAGGG
contig-0008277_Start,1000,1,0,TTAGGG
contig-0008278_Start,1000,0,0,TTAGGG
contig-0008279_Start,1000,1,0,TTAGGG
contig-0008280_Start,1000,0,0,TTAGGG
contig-0008281_Start,1000,0,0,TTAGGG
contig-0008282_Start,1000,0,0,TTAGGG
contig-0008283_Start,1000,0,0,TTAGGG
contig-0008284_Start,1000,0,0,TTAGGG
contig-0008285_Start,1000,0,0,TTAGGG
contig-0008286_Start,1000,1,0,TTAGGG
contig-0008287_Start,1000,1,1,TTAGGG
contig-0008288_Start,1000,0,0,TTAGGG
contig-0008289_Start,1000,0,0,TTAGGG
contig-0008290_Start,1000,1,0,TTAGGG
contig-0008291_Start,1000,0,0,TTAGGG
contig-0008292_Start,1000,0,0,TTAGGG
contig-0008293_Start,1000,1,1,TTAGGG
contig-0008295_Start,1000,0,1,TTAGGG
contig-0008296_Start,1000,0,0,TTAGGG
contig-0008297_Start,1000,0,0,TTAGGG
contig-0008298_Start,1000,0,0,TTAGGG
contig-0008299_Start,1000,1,0,TTAGGG
contig-0008300_Start,1000,0,0,TTAGGG
contig-0008301_Start,1000,0,0,TTAGGG
contig-0008302_Start,1000,0,0,TTAGGG
contig-0008303_Start,1000,0,0,TTAGGG
contig-0008304_Start,1000,1,0,TTAGGG
contig-0008305_Start,1000,0,0,TTAGGG
contig-0008306_Start,1000,0,0,TTAGGG
contig-0008307_Start,1000,1,0,TTAGGG
contig-0008308_Start,1000,0,0,TTAGGG
contig-0008309_Start,1000,0,1,TTAGGG
contig-0008310_Start,1000,0,0,TTAGGG
contig-0008311_Start,1000,1,0,TTAGGG
contig-0008312_Start,1000,1,0,TTAGGG
contig-0008313_Start,1000,0,0,TTAGGG
contig-0008314_Start,1000,0,0,TTAGGG
contig-0008315_Start,1000,0,0,TTAGGG
contig-0008316_Start,1000,0,0,TTAGGG
contig-0008317_Start,1000,0,0,TTAGGG
contig-0008318_Start,1000,0,1,TTAGGG
contig-0008319_Start,1000,0,0,TTAGGG
contig-0008320_Start,1000,0,0,TTAGGG
contig-0008321_Start,1000,0,0,TTAGGG
contig-0008322_Start,1000,0,0,TTAGGG
contig-0008323_Start,1000,0,0,TTAGGG
contig-0008324_Start,1000,2,0,TTAGGG
contig-0008325_Start,1000,0,1,TTAGGG
contig-0008326_Start,1000,0,1,TTAGGG
contig-0008327_Start,1000,0,0,TTAGGG
contig-0008328_Start,1000,0,0,TTAGGG
contig-0008329_Start,1000,0,0,TTAGGG
contig-0008330_Start,1000,0,0,TTAGGG
contig-0008331_Start,1000,0,0,TTAGGG
contig-0008332_Start,1000,1,0,TTAGGG
contig-0008333_Start,1000,0,0,TTAGGG
contig-0008335_Start,1000,0,0,TTAGGG
contig-0008336_Start,1000,0,0,TTAGGG
contig-0008337_Start,1000,0,0,TTAGGG
contig-0008338_Start,1000,0,0,TTAGGG
contig-0008339_Start,1000,1,0,TTAGGG
contig-0008340_Start,1000,0,0,TTAGGG
contig-0008341_Start,1000,0,0,TTAGGG
contig-0008343_Start,1000,0,0,TTAGGG
contig-0008344_Start,1000,0,0,TTAGGG
contig-0008345_Start,1000,0,0,TTAGGG
contig-0008346_Start,1000,0,0,TTAGGG
contig-0008347_Start,1000,0,0,TTAGGG
contig-0008348_Start,1000,0,0,TTAGGG
contig-0008349_Start,1000,0,0,TTAGGG
contig-0008350_Start,1000,0,0,TTAGGG
contig-0008351_Start,1000,0,0,TTAGGG
contig-0008352_Start,1000,0,0,TTAGGG
contig-0008353_Start,1000,0,0,TTAGGG
contig-0008354_Start,1000,0,0,TTAGGG
contig-0008355_Start,1000,0,0,TTAGGG
contig-0008356_Start,1000,1,0,TTAGGG
contig-0008357_Start,1000,0,0,TTAGGG
contig-0008358_Start,1000,0,1,TTAGGG
contig-0008359_Start,1000,0,0,TTAGGG
contig-0008360_Start,1000,0,0,TTAGGG
contig-0008361_Start,1000,0,0,TTAGGG
contig-0008362_Start,1000,0,0,TTAGGG
contig-0008363_Start,1000,0,0,TTAGGG
contig-0008364_Start,1000,0,0,TTAGGG
contig-0008365_Start,1000,0,0,TTAGGG
contig-0008366_Start,1000,0,0,TTAGGG
contig-0008367_Start,1000,0,1,TTAGGG
contig-0008368_Start,1000,0,2,TTAGGG
contig-0008369_Start,1000,0,0,TTAGGG
contig-0008370_Start,1000,0,0,TTAGGG
contig-0008371_Start,1000,0,0,TTAGGG
contig-0008372_Start,1000,0,0,TTAGGG
contig-0008373_Start,1000,0,0,TTAGGG
contig-0008374_Start,1000,0,0,TTAGGG
contig-0008375_Start,1000,0,0,TTAGGG
contig-0008376_Start,1000,1,0,TTAGGG
contig-0008377_Start,1000,0,0,TTAGGG
contig-0008378_Start,1000,0,0,TTAGGG
contig-0008379_Start,1000,0,0,TTAGGG
contig-0008380_Start,1000,1,0,TTAGGG
contig-0008381_Start,1000,0,0,TTAGGG
contig-0008382_Start,1000,0,1,TTAGGG
contig-0008383_Start,1000,0,0,TTAGGG
contig-0008384_Start,1000,0,1,TTAGGG
contig-0008385_Start,1000,0,0,TTAGGG
contig-0008386_Start,1000,0,1,TTAGGG
contig-0008387_Start,1000,0,0,TTAGGG
contig-0008388_Start,1000,0,1,TTAGGG
contig-0008389_Start,1000,0,0,TTAGGG
contig-0008390_Start,1000,0,0,TTAGGG
contig-0008391_Start,1000,0,0,TTAGGG
contig-0008392_Start,1000,0,0,TTAGGG
contig-0008393_Start,1000,0,0,TTAGGG
contig-0008394_Start,1000,0,0,TTAGGG
contig-0008395_Start,1000,0,0,TTAGGG
contig-0008396_Start,1000,0,0,TTAGGG
contig-0008397_Start,1000,1,0,TTAGGG
contig-0008398_Start,1000,0,1,TTAGGG
contig-0008399_Start,1000,0,0,TTAGGG
contig-0008400_Start,1000,1,0,TTAGGG
contig-0008401_Start,1000,1,0,TTAGGG
contig-0008402_Start,1000,0,0,TTAGGG
contig-0008403_Start,1000,0,0,TTAGGG
contig-0008404_Start,1000,0,0,TTAGGG
contig-0008405_Start,1000,0,0,TTAGGG
contig-0008406_Start,1000,0,0,TTAGGG
contig-0008407_Start,1000,1,0,TTAGGG
contig-0008408_Start,1000,0,0,TTAGGG
contig-0008409_Start,1000,0,0,TTAGGG
contig-0008410_Start,1000,0,0,TTAGGG
contig-0008411_Start,1000,0,0,TTAGGG
contig-0008412_Start,1000,0,0,TTAGGG
contig-0008413_Start,1000,0,0,TTAGGG
contig-0008414_Start,1000,0,0,TTAGGG
contig-0008415_Start,1000,1,0,TTAGGG
contig-0008416_Start,1000,0,0,TTAGGG
contig-0008417_Start,1000,0,0,TTAGGG
contig-0008418_Start,1000,0,0,TTAGGG
contig-0008419_Start,1000,0,0,TTAGGG
contig-0008420_Start,1000,0,1,TTAGGG
contig-0008421_Start,1000,1,0,TTAGGG
contig-0008422_Start,1000,0,0,TTAGGG
contig-0008423_Start,1000,0,1,TTAGGG
contig-0008424_Start,1000,0,1,TTAGGG
contig-0008425_Start,1000,0,0,TTAGGG
contig-0008426_Start,1000,0,0,TTAGGG
contig-0008427_Start,1000,0,0,TTAGGG
contig-0008428_Start,1000,0,1,TTAGGG
contig-0008429_Start,1000,0,0,TTAGGG
contig-0008430_Start,1000,0,0,TTAGGG
contig-0008431_Start,1000,0,0,TTAGGG
contig-0008432_Start,1000,0,0,TTAGGG
contig-0008433_Start,1000,0,0,TTAGGG
contig-0008434_Start,1000,0,0,TTAGGG
contig-0008435_Start,1000,2,1,TTAGGG
contig-0008436_Start,1000,0,0,TTAGGG
contig-0008437_Start,1000,0,1,TTAGGG
contig-0008438_Start,1000,0,0,TTAGGG
contig-0008439_Start,1000,0,0,TTAGGG
contig-0008440_Start,1000,1,0,TTAGGG
contig-0008441_Start,1000,0,1,TTAGGG
contig-0008442_Start,1000,0,0,TTAGGG
contig-0008443_Start,1000,0,0,TTAGGG
contig-0008444_Start,1000,0,0,TTAGGG
contig-0008445_Start,1000,0,0,TTAGGG
contig-0008446_Start,1000,0,2,TTAGGG
contig-0008447_Start,1000,0,0,TTAGGG
contig-0008448_Start,1000,0,1,TTAGGG
contig-0008449_Start,1000,0,0,TTAGGG
contig-0008450_Start,1000,0,1,TTAGGG
contig-0008451_Start,1000,0,0,TTAGGG
contig-0008452_Start,1000,0,0,TTAGGG
contig-0008453_Start,1000,0,1,TTAGGG
contig-0008454_Start,1000,0,0,TTAGGG
contig-0008455_Start,1000,0,0,TTAGGG
contig-0008456_Start,1000,0,0,TTAGGG
contig-0008457_Start,1000,0,2,TTAGGG
contig-0008458_Start,1000,1,0,TTAGGG
contig-0008459_Start,1000,0,1,TTAGGG
contig-0008460_Start,1000,0,1,TTAGGG
contig-0008461_Start,1000,0,0,TTAGGG
contig-0008462_Start,1000,0,0,TTAGGG
contig-0008463_Start,1000,0,0,TTAGGG
contig-0008464_Start,1000,0,1,TTAGGG
contig-0008465_Start,1000,0,0,TTAGGG
contig-0008466_Start,1000,0,0,TTAGGG
contig-0008467_Start,1000,0,1,TTAGGG
contig-0008468_Start,1000,0,0,TTAGGG
contig-0008469_Start,1000,1,0,TTAGGG
contig-0008470_Start,1000,0,0,TTAGGG
contig-0008471_Start,1000,0,0,TTAGGG
contig-0008472_Start,1000,0,0,TTAGGG
contig-0008473_Start,1000,1,0,TTAGGG
contig-0008474_Start,1000,0,0,TTAGGG
contig-0008475_Start,1000,0,0,TTAGGG
contig-0008476_Start,1000,0,0,TTAGGG
contig-0008477_Start,1000,0,1,TTAGGG
contig-0008478_Start,1000,0,0,TTAGGG
contig-0008479_Start,1000,0,0,TTAGGG
contig-0008480_Start,1000,0,0,TTAGGG
contig-0008481_Start,1000,0,0,TTAGGG
contig-0008482_Start,1000,1,0,TTAGGG
contig-0008483_Start,1000,0,0,TTAGGG
contig-0008485_Start,1000,0,0,TTAGGG
contig-0008486_Start,1000,0,0,TTAGGG
contig-0008487_Start,1000,0,0,TTAGGG
contig-0008488_Start,1000,0,0,TTAGGG
contig-0008489_Start,1000,0,0,TTAGGG
contig-0008490_Start,1000,0,0,TTAGGG
contig-0008491_Start,1000,0,0,TTAGGG
contig-0008492_Start,1000,0,0,TTAGGG
contig-0008493_Start,1000,0,0,TTAGGG
contig-0008494_Start,1000,0,0,TTAGGG
contig-0008495_Start,1000,0,0,TTAGGG
contig-0008496_Start,1000,0,0,TTAGGG
contig-0008497_Start,1000,0,0,TTAGGG
contig-0008498_Start,1000,0,0,TTAGGG
contig-0008499_Start,1000,0,0,TTAGGG
contig-0008500_Start,1000,0,0,TTAGGG
contig-0008501_Start,1000,0,0,TTAGGG
contig-0008502_Start,1000,0,1,TTAGGG
contig-0008503_Start,1000,1,0,TTAGGG
contig-0008504_Start,1000,1,0,TTAGGG
contig-0008505_Start,1000,0,0,TTAGGG
contig-0008506_Start,1000,0,0,TTAGGG
contig-0008507_Start,1000,0,0,TTAGGG
contig-0008508_Start,1000,1,0,TTAGGG
contig-0008509_Start,1000,0,0,TTAGGG
contig-0008510_Start,1000,0,0,TTAGGG
contig-0008512_Start,1000,0,0,TTAGGG
contig-0008513_Start,1000,0,1,TTAGGG
contig-0008514_Start,1000,1,0,TTAGGG
contig-0008515_Start,1000,0,0,TTAGGG
contig-0008516_Start,1000,0,0,TTAGGG
contig-0008517_Start,1000,0,0,TTAGGG
contig-0008518_Start,1000,0,0,TTAGGG
contig-0008519_Start,1000,0,0,TTAGGG
contig-0008520_Start,1000,0,0,TTAGGG
contig-0008521_Start,1000,0,1,TTAGGG
contig-0008522_Start,1000,0,0,TTAGGG
contig-0008523_Start,1000,0,0,TTAGGG
contig-0008524_Start,1000,0,0,TTAGGG
contig-0008525_Start,1000,0,0,TTAGGG
contig-0008526_Start,1000,0,0,TTAGGG
contig-0008527_Start,1000,0,0,TTAGGG
contig-0008528_Start,1000,0,0,TTAGGG
contig-0008529_Start,1000,0,0,TTAGGG
contig-0008530_Start,1000,0,1,TTAGGG
contig-0008531_Start,1000,2,1,TTAGGG
contig-0008532_Start,1000,1,0,TTAGGG
contig-0008533_Start,1000,0,1,TTAGGG
contig-0008534_Start,1000,0,0,TTAGGG
contig-0008535_Start,1000,1,0,TTAGGG
contig-0008536_Start,1000,0,0,TTAGGG
contig-0008537_Start,1000,0,1,TTAGGG
contig-0008538_Start,1000,0,1,TTAGGG
contig-0008539_Start,1000,0,0,TTAGGG
contig-0008540_Start,1000,0,1,TTAGGG
contig-0008541_Start,1000,0,0,TTAGGG
contig-0008542_Start,1000,0,0,TTAGGG
contig-0008543_Start,1000,0,0,TTAGGG
contig-0008544_Start,1000,0,0,TTAGGG
contig-0008545_Start,1000,0,1,TTAGGG
contig-0008546_Start,1000,1,1,TTAGGG
contig-0008547_Start,1000,0,2,TTAGGG
contig-0008548_Start,1000,0,0,TTAGGG
contig-0008549_Start,1000,0,0,TTAGGG
contig-0008550_Start,1000,0,0,TTAGGG
contig-0008551_Start,1000,0,0,TTAGGG
contig-0008552_Start,1000,1,1,TTAGGG
contig-0008553_Start,1000,0,0,TTAGGG
contig-0008554_Start,1000,0,0,TTAGGG
contig-0008555_Start,1000,0,0,TTAGGG
contig-0008556_Start,1000,0,1,TTAGGG
contig-0008557_Start,1000,0,1,TTAGGG
contig-0008558_Start,1000,1,0,TTAGGG
contig-0008559_Start,1000,0,1,TTAGGG
contig-0008560_Start,1000,0,1,TTAGGG
contig-0008561_Start,1000,0,0,TTAGGG
contig-0008562_Start,1000,0,0,TTAGGG
contig-0008563_Start,1000,0,0,TTAGGG
contig-0008564_Start,1000,0,0,TTAGGG
contig-0008565_Start,1000,1,0,TTAGGG
contig-0008566_Start,1000,0,0,TTAGGG
contig-0008567_Start,1000,0,1,TTAGGG
contig-0008568_Start,1000,0,2,TTAGGG
contig-0008569_Start,1000,0,0,TTAGGG
contig-0008570_Start,1000,0,0,TTAGGG
contig-0008571_Start,1000,0,0,TTAGGG
contig-0008572_Start,1000,0,1,TTAGGG
contig-0008573_Start,1000,0,1,TTAGGG
contig-0008574_Start,1000,0,0,TTAGGG
contig-0008575_Start,1000,0,0,TTAGGG
contig-0008576_Start,1000,0,0,TTAGGG
contig-0008577_Start,1000,0,1,TTAGGG
contig-0008578_Start,1000,1,0,TTAGGG
contig-0008579_Start,1000,0,0,TTAGGG
contig-0008580_Start,1000,0,0,TTAGGG
contig-0008581_Start,1000,0,0,TTAGGG
contig-0008582_Start,1000,0,0,TTAGGG
contig-0008583_Start,1000,0,2,TTAGGG
contig-0008584_Start,1000,1,0,TTAGGG
contig-0008585_Start,1000,0,0,TTAGGG
contig-0008586_Start,1000,0,0,TTAGGG
contig-0008587_Start,1000,0,0,TTAGGG
contig-0008588_Start,1000,0,0,TTAGGG
contig-0008589_Start,1000,0,0,TTAGGG
contig-0008590_Start,1000,0,0,TTAGGG
contig-0008591_Start,1000,0,0,TTAGGG
contig-0008592_Start,1000,0,0,TTAGGG
contig-0008593_Start,1000,0,0,TTAGGG
contig-0008594_Start,1000,0,0,TTAGGG
contig-0008595_Start,1000,0,1,TTAGGG
contig-0008596_Start,1000,0,0,TTAGGG
contig-0008597_Start,1000,0,1,TTAGGG
contig-0008598_Start,1000,0,0,TTAGGG
contig-0008599_Start,1000,1,0,TTAGGG
contig-0008600_Start,1000,0,1,TTAGGG
contig-0008601_Start,1000,3,0,TTAGGG
contig-0008602_Start,1000,0,0,TTAGGG
contig-0008603_Start,1000,0,0,TTAGGG
contig-0008604_Start,1000,1,0,TTAGGG
contig-0008605_Start,1000,0,0,TTAGGG
contig-0008606_Start,1000,0,0,TTAGGG
contig-0008607_Start,1000,0,0,TTAGGG
contig-0008608_Start,1000,0,0,TTAGGG
contig-0008609_Start,1000,0,0,TTAGGG
contig-0008610_Start,1000,0,0,TTAGGG
contig-0008611_Start,1000,0,0,TTAGGG
contig-0008612_Start,1000,0,0,TTAGGG
contig-0008613_Start,1000,0,0,TTAGGG
contig-0008614_Start,1000,0,0,TTAGGG
contig-0008615_Start,1000,0,0,TTAGGG
contig-0008616_Start,1000,0,1,TTAGGG
contig-0008617_Start,1000,0,0,TTAGGG
contig-0008618_Start,1000,0,1,TTAGGG
contig-0008619_Start,1000,0,0,TTAGGG
contig-0008620_Start,1000,0,0,TTAGGG
contig-0008621_Start,1000,0,0,TTAGGG
contig-0008622_Start,1000,1,0,TTAGGG
contig-0008623_Start,1000,0,0,TTAGGG
contig-0008624_Start,1000,0,0,TTAGGG
contig-0008625_Start,1000,1,0,TTAGGG
contig-0008626_Start,1000,0,0,TTAGGG
contig-0008627_Start,1000,1,0,TTAGGG
contig-0008628_Start,1000,1,1,TTAGGG
contig-0008629_Start,1000,0,0,TTAGGG
contig-0008630_Start,1000,0,1,TTAGGG
contig-0008631_Start,1000,0,2,TTAGGG
contig-0008632_Start,1000,0,0,TTAGGG
contig-0008633_Start,1000,0,0,TTAGGG
contig-0008634_Start,1000,0,0,TTAGGG
contig-0008635_Start,1000,0,0,TTAGGG
contig-0008636_Start,1000,0,0,TTAGGG
contig-0008637_Start,1000,0,0,TTAGGG
contig-0008638_Start,1000,1,1,TTAGGG
contig-0008639_Start,1000,1,0,TTAGGG
contig-0008640_Start,1000,0,0,TTAGGG
contig-0008641_Start,1000,0,0,TTAGGG
contig-0008642_Start,1000,0,0,TTAGGG
contig-0008643_Start,1000,0,1,TTAGGG
contig-0008644_Start,1000,0,0,TTAGGG
contig-0008645_Start,1000,1,0,TTAGGG
contig-0008646_Start,1000,0,0,TTAGGG
contig-0008647_Start,1000,0,0,TTAGGG
contig-0008648_Start,1000,0,0,TTAGGG
contig-0008649_Start,1000,0,0,TTAGGG
contig-0008650_Start,1000,0,0,TTAGGG
contig-0008651_Start,1000,0,0,TTAGGG
contig-0008652_Start,1000,0,1,TTAGGG
contig-0008653_Start,1000,0,1,TTAGGG
contig-0008654_Start,1000,0,0,TTAGGG
contig-0008655_Start,1000,0,0,TTAGGG
contig-0008656_Start,1000,0,0,TTAGGG
contig-0008657_Start,1000,0,1,TTAGGG
contig-0008658_Start,1000,0,0,TTAGGG
contig-0008659_Start,1000,0,0,TTAGGG
contig-0008660_Start,1000,0,0,TTAGGG
contig-0008661_Start,1000,0,0,TTAGGG
contig-0008662_Start,1000,0,0,TTAGGG
contig-0008663_Start,1000,0,1,TTAGGG
contig-0008664_Start,1000,0,0,TTAGGG
contig-0008665_Start,1000,1,0,TTAGGG
contig-0008666_Start,1000,0,0,TTAGGG
contig-0008667_Start,1000,0,0,TTAGGG
contig-0008668_Start,1000,1,0,TTAGGG
contig-0008669_Start,1000,0,1,TTAGGG
contig-0008671_Start,1000,0,0,TTAGGG
contig-0008672_Start,1000,0,0,TTAGGG
contig-0008673_Start,1000,0,0,TTAGGG
contig-0008674_Start,1000,0,0,TTAGGG
contig-0008675_Start,1000,0,0,TTAGGG
contig-0008676_Start,1000,0,0,TTAGGG
contig-0008677_Start,1000,0,0,TTAGGG
contig-0008678_Start,1000,1,0,TTAGGG
contig-0008679_Start,1000,0,0,TTAGGG
contig-0008680_Start,1000,0,0,TTAGGG
contig-0008681_Start,1000,0,0,TTAGGG
contig-0008682_Start,1000,0,0,TTAGGG
contig-0008683_Start,1000,0,0,TTAGGG
contig-0008684_Start,1000,0,0,TTAGGG
contig-0008685_Start,1000,0,0,TTAGGG
contig-0008686_Start,1000,1,0,TTAGGG
contig-0008687_Start,1000,1,0,TTAGGG
contig-0008688_Start,1000,0,0,TTAGGG
contig-0008689_Start,1000,0,0,TTAGGG
contig-0008690_Start,1000,0,0,TTAGGG
contig-0008691_Start,1000,0,0,TTAGGG
contig-0008692_Start,1000,0,0,TTAGGG
contig-0008693_Start,1000,0,0,TTAGGG
contig-0008694_Start,1000,0,1,TTAGGG
contig-0008695_Start,1000,0,0,TTAGGG
contig-0008696_Start,1000,0,0,TTAGGG
contig-0008697_Start,1000,0,0,TTAGGG
contig-0008698_Start,1000,0,0,TTAGGG
contig-0008699_Start,1000,0,0,TTAGGG
contig-0008700_Start,1000,0,0,TTAGGG
contig-0008701_Start,1000,0,1,TTAGGG
contig-0008702_Start,1000,0,0,TTAGGG
contig-0008703_Start,1000,0,0,TTAGGG
contig-0008704_Start,1000,0,1,TTAGGG
contig-0008705_Start,1000,0,1,TTAGGG
contig-0008706_Start,1000,0,0,TTAGGG
contig-0008707_Start,1000,0,0,TTAGGG
contig-0008708_Start,1000,1,1,TTAGGG
contig-0008709_Start,1000,1,0,TTAGGG
contig-0008710_Start,1000,0,0,TTAGGG
contig-0008711_Start,1000,0,0,TTAGGG
contig-0008712_Start,1000,1,0,TTAGGG
contig-0008713_Start,1000,0,0,TTAGGG
contig-0008714_Start,1000,1,0,TTAGGG
contig-0008715_Start,1000,0,0,TTAGGG
contig-0008716_Start,1000,1,0,TTAGGG
contig-0008717_Start,1000,0,0,TTAGGG
contig-0008718_Start,1000,0,1,TTAGGG
contig-0008719_Start,1000,0,0,TTAGGG
contig-0008720_Start,1000,0,0,TTAGGG
contig-0008721_Start,1000,0,0,TTAGGG
contig-0008722_Start,1000,0,0,TTAGGG
contig-0008723_Start,1000,1,1,TTAGGG
contig-0008724_Start,1000,0,0,TTAGGG
contig-0008725_Start,1000,0,0,TTAGGG
contig-0008726_Start,1000,0,0,TTAGGG
contig-0008727_Start,1000,0,0,TTAGGG
contig-0008728_Start,1000,1,0,TTAGGG
contig-0008729_Start,1000,0,0,TTAGGG
contig-0008730_Start,1000,1,0,TTAGGG
contig-0008731_Start,1000,0,0,TTAGGG
contig-0008732_Start,1000,1,0,TTAGGG
contig-0008733_Start,1000,1,2,TTAGGG
contig-0008734_Start,1000,0,0,TTAGGG
contig-0008736_Start,1000,0,0,TTAGGG
contig-0008737_Start,1000,0,0,TTAGGG
contig-0008738_Start,1000,0,0,TTAGGG
contig-0008740_Start,1000,0,0,TTAGGG
contig-0008741_Start,1000,0,0,TTAGGG
contig-0008742_Start,1000,1,0,TTAGGG
contig-0008743_Start,1000,0,0,TTAGGG
contig-0008744_Start,1000,0,0,TTAGGG
contig-0008745_Start,1000,0,0,TTAGGG
contig-0008746_Start,1000,0,1,TTAGGG
contig-0008747_Start,1000,0,0,TTAGGG
contig-0008748_Start,1000,0,1,TTAGGG
contig-0008749_Start,1000,0,1,TTAGGG
contig-0008750_Start,1000,0,0,TTAGGG
contig-0008751_Start,1000,0,0,TTAGGG
contig-0008752_Start,1000,0,0,TTAGGG
contig-0008753_Start,1000,0,0,TTAGGG
contig-0008754_Start,1000,0,0,TTAGGG
contig-0008755_Start,1000,0,0,TTAGGG
contig-0008756_Start,1000,0,0,TTAGGG
contig-0008757_Start,1000,0,0,TTAGGG
contig-0008758_Start,1000,0,0,TTAGGG
contig-0008759_Start,1000,0,0,TTAGGG
contig-0008760_Start,1000,1,0,TTAGGG
contig-0008761_Start,1000,0,1,TTAGGG
contig-0008762_Start,1000,0,0,TTAGGG
contig-0008763_Start,1000,0,0,TTAGGG
contig-0008764_Start,1000,0,0,TTAGGG
contig-0008765_Start,1000,0,0,TTAGGG
contig-0008766_Start,1000,0,0,TTAGGG
contig-0008767_Start,1000,0,1,TTAGGG
contig-0008768_Start,1000,1,0,TTAGGG
contig-0008769_Start,1000,0,0,TTAGGG
contig-0008770_Start,1000,0,0,TTAGGG
contig-0008771_Start,1000,0,0,TTAGGG
contig-0008772_Start,1000,0,0,TTAGGG
contig-0008773_Start,1000,0,1,TTAGGG
contig-0008774_Start,1000,1,0,TTAGGG
contig-0008775_Start,1000,0,0,TTAGGG
contig-0008776_Start,1000,0,0,TTAGGG
contig-0008777_Start,1000,0,0,TTAGGG
contig-0008778_Start,1000,0,0,TTAGGG
contig-0008779_Start,1000,0,1,TTAGGG
contig-0008780_Start,1000,0,0,TTAGGG
contig-0008781_Start,1000,0,0,TTAGGG
contig-0008782_Start,1000,0,1,TTAGGG
contig-0008783_Start,1000,0,0,TTAGGG
contig-0008784_Start,1000,0,0,TTAGGG
contig-0008785_Start,1000,1,0,TTAGGG
contig-0008786_Start,1000,0,0,TTAGGG
contig-0008787_Start,1000,0,0,TTAGGG
contig-0008788_Start,1000,0,0,TTAGGG
contig-0008789_Start,1000,0,0,TTAGGG
contig-0008790_Start,1000,0,0,TTAGGG
contig-0008791_Start,1000,0,0,TTAGGG
contig-0008792_Start,1000,0,0,TTAGGG
contig-0008793_Start,1000,0,0,TTAGGG
contig-0008794_Start,1000,0,0,TTAGGG
contig-0008795_Start,1000,1,0,TTAGGG
contig-0008796_Start,1000,1,0,TTAGGG
contig-0008797_Start,1000,1,0,TTAGGG
contig-0008798_Start,1000,0,0,TTAGGG
contig-0008799_Start,1000,0,2,TTAGGG
contig-0008800_Start,1000,0,0,TTAGGG
contig-0008801_Start,1000,0,0,TTAGGG
contig-0008802_Start,1000,0,0,TTAGGG
contig-0008803_Start,1000,0,0,TTAGGG
contig-0008804_Start,1000,0,0,TTAGGG
contig-0008805_Start,1000,0,1,TTAGGG
contig-0008806_Start,1000,0,0,TTAGGG
contig-0008807_Start,1000,1,0,TTAGGG
contig-0008808_Start,1000,0,0,TTAGGG
contig-0008809_Start,1000,0,0,TTAGGG
contig-0008810_Start,1000,0,0,TTAGGG
contig-0008811_Start,1000,0,0,TTAGGG
contig-0008812_Start,1000,0,0,TTAGGG
contig-0008813_Start,1000,0,0,TTAGGG
contig-0008814_Start,1000,1,0,TTAGGG
contig-0008817_Start,1000,0,0,TTAGGG
contig-0008818_Start,1000,0,0,TTAGGG
contig-0008819_Start,1000,1,0,TTAGGG
contig-0008820_Start,1000,1,0,TTAGGG
contig-0008821_Start,1000,0,1,TTAGGG
contig-0008822_Start,1000,0,0,TTAGGG
contig-0008823_Start,1000,0,0,TTAGGG
contig-0008824_Start,1000,0,0,TTAGGG
contig-0008825_Start,1000,0,0,TTAGGG
contig-0008826_Start,1000,0,1,TTAGGG
contig-0008827_Start,1000,0,0,TTAGGG
contig-0008828_Start,1000,2,0,TTAGGG
contig-0008829_Start,1000,1,0,TTAGGG
contig-0008830_Start,1000,14,0,TTAGGG
contig-0008831_Start,1000,0,0,TTAGGG
contig-0008832_Start,1000,0,1,TTAGGG
contig-0008833_Start,1000,0,1,TTAGGG
contig-0008834_Start,1000,0,1,TTAGGG
contig-0008835_Start,1000,0,1,TTAGGG
contig-0008836_Start,1000,1,1,TTAGGG
contig-0008837_Start,1000,0,0,TTAGGG
contig-0008838_Start,1000,0,0,TTAGGG
contig-0008839_Start,1000,0,0,TTAGGG
contig-0008840_Start,1000,0,0,TTAGGG
contig-0008841_Start,1000,1,0,TTAGGG
contig-0008842_Start,1000,1,0,TTAGGG
contig-0008843_Start,1000,0,1,TTAGGG
contig-0008844_Start,1000,1,0,TTAGGG
contig-0008845_Start,1000,1,0,TTAGGG
contig-0008846_Start,1000,1,0,TTAGGG
contig-0008847_Start,1000,1,0,TTAGGG
contig-0008848_Start,1000,0,0,TTAGGG
contig-0008849_Start,1000,0,0,TTAGGG
contig-0008850_Start,1000,0,0,TTAGGG
contig-0008851_Start,1000,0,0,TTAGGG
contig-0008852_Start,1000,0,1,TTAGGG
contig-0008853_Start,1000,0,0,TTAGGG
contig-0008854_Start,1000,0,0,TTAGGG
contig-0008855_Start,1000,0,0,TTAGGG
contig-0008856_Start,1000,0,0,TTAGGG
contig-0008857_Start,1000,0,0,TTAGGG
contig-0008858_Start,1000,0,0,TTAGGG
contig-0008859_Start,1000,0,0,TTAGGG
contig-0008860_Start,1000,0,0,TTAGGG
contig-0008861_Start,1000,0,0,TTAGGG
contig-0008863_Start,1000,0,0,TTAGGG
contig-0008864_Start,1000,0,1,TTAGGG
contig-0008865_Start,1000,1,0,TTAGGG
contig-0008866_Start,1000,1,0,TTAGGG
contig-0008867_Start,1000,1,0,TTAGGG
contig-0008868_Start,1000,0,163,TTAGGG
contig-0008869_Start,1000,0,0,TTAGGG
contig-0008870_Start,1000,0,0,TTAGGG
contig-0008871_Start,1000,0,0,TTAGGG
contig-0008872_Start,1000,0,0,TTAGGG
contig-0008873_Start,1000,1,0,TTAGGG
contig-0008874_Start,1000,0,0,TTAGGG
contig-0008875_Start,1000,0,0,TTAGGG
contig-0008876_Start,1000,0,0,TTAGGG
contig-0008877_Start,1000,0,0,TTAGGG
contig-0008878_Start,1000,0,0,TTAGGG
contig-0008879_Start,1000,0,0,TTAGGG
contig-0008880_Start,1000,0,0,TTAGGG
contig-0008881_Start,1000,0,0,TTAGGG
contig-0008882_Start,1000,0,0,TTAGGG
contig-0008883_Start,1000,0,0,TTAGGG
contig-0008884_Start,1000,1,0,TTAGGG
contig-0008885_Start,1000,0,1,TTAGGG
contig-0008886_Start,1000,0,0,TTAGGG
contig-0008887_Start,1000,0,0,TTAGGG
contig-0008888_Start,1000,0,0,TTAGGG
contig-0008889_Start,1000,0,0,TTAGGG
contig-0008890_Start,1000,1,0,TTAGGG
contig-0008891_Start,1000,0,0,TTAGGG
contig-0008892_Start,1000,0,0,TTAGGG
contig-0008893_Start,1000,0,0,TTAGGG
contig-0008894_Start,1000,0,0,TTAGGG
contig-0008895_Start,1000,0,1,TTAGGG
contig-0008896_Start,1000,0,0,TTAGGG
contig-0008897_Start,1000,0,1,TTAGGG
contig-0008898_Start,1000,0,0,TTAGGG
contig-0008899_Start,1000,1,0,TTAGGG
contig-0008900_Start,1000,0,0,TTAGGG
contig-0008901_Start,1000,0,0,TTAGGG
contig-0008902_Start,1000,0,0,TTAGGG
contig-0008903_Start,1000,0,0,TTAGGG
contig-0008904_Start,1000,0,0,TTAGGG
contig-0008905_Start,1000,0,0,TTAGGG
contig-0008906_Start,1000,0,1,TTAGGG
contig-0008907_Start,1000,0,0,TTAGGG
contig-0008908_Start,1000,1,0,TTAGGG
contig-0008909_Start,1000,0,0,TTAGGG
contig-0008910_Start,1000,0,0,TTAGGG
contig-0008911_Start,1000,0,1,TTAGGG
contig-0008912_Start,1000,1,0,TTAGGG
contig-0008913_Start,1000,0,0,TTAGGG
contig-0008914_Start,1000,1,0,TTAGGG
contig-0008915_Start,1000,0,0,TTAGGG
contig-0008916_Start,1000,0,0,TTAGGG
contig-0008917_Start,1000,0,0,TTAGGG
contig-0008918_Start,1000,0,2,TTAGGG
contig-0008919_Start,1000,0,0,TTAGGG
contig-0008920_Start,1000,0,0,TTAGGG
contig-0008921_Start,1000,0,0,TTAGGG
contig-0008922_Start,1000,0,0,TTAGGG
contig-0008923_Start,1000,0,0,TTAGGG
contig-0008924_Start,1000,0,1,TTAGGG
contig-0008925_Start,1000,0,0,TTAGGG
contig-0008926_Start,1000,0,0,TTAGGG
contig-0008927_Start,1000,0,0,TTAGGG
contig-0008928_Start,1000,0,0,TTAGGG
contig-0008929_Start,1000,1,0,TTAGGG
contig-0008930_Start,1000,0,1,TTAGGG
contig-0008931_Start,1000,0,0,TTAGGG
contig-0008932_Start,1000,0,0,TTAGGG
contig-0008933_Start,1000,1,0,TTAGGG
contig-0008934_Start,1000,0,0,TTAGGG
contig-0008935_Start,1000,0,0,TTAGGG
contig-0008936_Start,1000,0,1,TTAGGG
contig-0008937_Start,1000,0,0,TTAGGG
contig-0008938_Start,1000,1,0,TTAGGG
contig-0008939_Start,1000,0,0,TTAGGG
contig-0008940_Start,1000,0,0,TTAGGG
contig-0008941_Start,1000,0,0,TTAGGG
contig-0008942_Start,1000,1,0,TTAGGG
contig-0008943_Start,1000,0,0,TTAGGG
contig-0008944_Start,1000,0,0,TTAGGG
contig-0008945_Start,1000,0,0,TTAGGG
contig-0008946_Start,1000,0,0,TTAGGG
contig-0008947_Start,1000,0,0,TTAGGG
contig-0008948_Start,1000,0,0,TTAGGG
contig-0008949_Start,1000,0,0,TTAGGG
contig-0008950_Start,1000,0,0,TTAGGG
contig-0008951_Start,1000,0,0,TTAGGG
contig-0008952_Start,1000,0,0,TTAGGG
contig-0008953_Start,1000,0,0,TTAGGG
contig-0008954_Start,1000,0,0,TTAGGG
contig-0008955_Start,1000,0,0,TTAGGG
contig-0008956_Start,1000,0,1,TTAGGG
contig-0008957_Start,1000,0,0,TTAGGG
contig-0008958_Start,1000,0,0,TTAGGG
contig-0008959_Start,1000,1,0,TTAGGG
contig-0008960_Start,1000,0,0,TTAGGG
contig-0008961_Start,1000,0,0,TTAGGG
contig-0008962_Start,1000,0,0,TTAGGG
contig-0008963_Start,1000,0,0,TTAGGG
contig-0008964_Start,1000,0,0,TTAGGG
contig-0008965_Start,1000,0,0,TTAGGG
contig-0008966_Start,1000,0,0,TTAGGG
contig-0008967_Start,1000,0,0,TTAGGG
contig-0008968_Start,1000,1,1,TTAGGG
contig-0008969_Start,1000,0,0,TTAGGG
contig-0008970_Start,1000,0,0,TTAGGG
contig-0008971_Start,1000,0,0,TTAGGG
contig-0008972_Start,1000,0,0,TTAGGG
contig-0008973_Start,1000,0,0,TTAGGG
contig-0008974_Start,1000,0,0,TTAGGG
contig-0008975_Start,1000,0,0,TTAGGG
contig-0008976_Start,1000,0,0,TTAGGG
contig-0008977_Start,1000,0,0,TTAGGG
contig-0008978_Start,1000,0,0,TTAGGG
contig-0008979_Start,1000,0,0,TTAGGG
contig-0008980_Start,1000,0,0,TTAGGG
contig-0008982_Start,1000,0,0,TTAGGG
contig-0008983_Start,1000,0,0,TTAGGG
contig-0008984_Start,1000,0,0,TTAGGG
contig-0008985_Start,1000,0,0,TTAGGG
contig-0008986_Start,1000,0,0,TTAGGG
contig-0008987_Start,1000,0,0,TTAGGG
contig-0008988_Start,1000,1,0,TTAGGG
contig-0008989_Start,1000,0,0,TTAGGG
contig-0008990_Start,1000,1,0,TTAGGG
contig-0008991_Start,1000,1,0,TTAGGG
contig-0008992_Start,1000,0,0,TTAGGG
contig-0008993_Start,1000,1,2,TTAGGG
contig-0000002_End,1000,0,0,TTAGGG
contig-0000003_End,1000,0,0,TTAGGG
contig-0000004_End,1000,0,0,TTAGGG
contig-0000005_End,1000,0,0,TTAGGG
contig-0000006_End,1000,1,0,TTAGGG
contig-0000007_End,1000,0,0,TTAGGG
contig-0000008_End,1000,0,0,TTAGGG
contig-0000009_End,1000,0,0,TTAGGG
contig-0000010_End,1000,0,0,TTAGGG
contig-0000011_End,1000,0,0,TTAGGG
contig-0000012_End,1000,0,0,TTAGGG
contig-0000013_End,1000,0,0,TTAGGG
contig-0000014_End,1000,0,0,TTAGGG
contig-0000015_End,1000,0,0,TTAGGG
contig-0000016_End,1000,0,0,TTAGGG
contig-0000017_End,1000,0,0,TTAGGG
contig-0000018_End,1000,0,0,TTAGGG
contig-0000019_End,1000,0,0,TTAGGG
contig-0000020_End,1000,0,0,TTAGGG
contig-0000021_End,1000,1,0,TTAGGG
contig-0000022_End,1000,1,0,TTAGGG
contig-0000023_End,1000,0,0,TTAGGG
contig-0000024_End,1000,0,0,TTAGGG
contig-0000025_End,1000,0,0,TTAGGG
contig-0000026_End,1000,0,0,TTAGGG
contig-0000027_End,1000,1,0,TTAGGG
contig-0000028_End,1000,0,0,TTAGGG
contig-0000029_End,1000,0,0,TTAGGG
contig-0000030_End,1000,0,0,TTAGGG
contig-0000031_End,1000,0,0,TTAGGG
contig-0000032_End,1000,0,0,TTAGGG
contig-0000033_End,1000,0,1,TTAGGG
contig-0000034_End,1000,1,0,TTAGGG
contig-0000035_End,1000,0,0,TTAGGG
contig-0000036_End,1000,0,0,TTAGGG
contig-0000037_End,1000,0,1,TTAGGG
contig-0000038_End,1000,0,0,TTAGGG
contig-0000039_End,1000,0,0,TTAGGG
contig-0000042_End,1000,2,0,TTAGGG
contig-0000043_End,1000,0,0,TTAGGG
contig-0000044_End,1000,0,0,TTAGGG
contig-0000045_End,1000,0,0,TTAGGG
contig-0000046_End,1000,0,0,TTAGGG
contig-0000047_End,1000,0,0,TTAGGG
contig-0000048_End,1000,2,0,TTAGGG
contig-0000049_End,1000,0,1,TTAGGG
contig-0000050_End,1000,0,0,TTAGGG
contig-0000051_End,1000,1,0,TTAGGG
contig-0000052_End,1000,3,0,TTAGGG
contig-0000053_End,1000,1,1,TTAGGG
contig-0000054_End,1000,0,0,TTAGGG
contig-0000055_End,1000,0,0,TTAGGG
contig-0000056_End,1000,0,0,TTAGGG
contig-0000058_End,1000,0,0,TTAGGG
contig-0000059_End,1000,1,0,TTAGGG
contig-0000060_End,1000,0,0,TTAGGG
contig-0000061_End,1000,0,0,TTAGGG
contig-0000062_End,1000,1,0,TTAGGG
contig-0000063_End,1000,0,0,TTAGGG
contig-0000064_End,1000,0,0,TTAGGG
contig-0000065_End,1000,0,0,TTAGGG
contig-0000066_End,1000,0,0,TTAGGG
contig-0000067_End,1000,0,0,TTAGGG
contig-0000068_End,1000,0,0,TTAGGG
contig-0000069_End,1000,0,0,TTAGGG
contig-0000070_End,1000,0,0,TTAGGG
contig-0000071_End,1000,0,0,TTAGGG
contig-0000072_End,1000,0,0,TTAGGG
contig-0000073_End,1000,0,0,TTAGGG
contig-0000074_End,1000,0,0,TTAGGG
contig-0000075_End,1000,0,0,TTAGGG
contig-0000076_End,1000,0,1,TTAGGG
contig-0000077_End,1000,0,0,TTAGGG
contig-0000078_End,1000,0,1,TTAGGG
contig-0000079_End,1000,0,0,TTAGGG
contig-0000080_End,1000,0,0,TTAGGG
contig-0000081_End,1000,0,0,TTAGGG
contig-0000082_End,1000,1,0,TTAGGG
contig-0000083_End,1000,0,0,TTAGGG
contig-0000085_End,1000,0,0,TTAGGG
contig-0000086_End,1000,0,0,TTAGGG
contig-0000087_End,1000,0,1,TTAGGG
contig-0000088_End,1000,0,0,TTAGGG
contig-0000089_End,1000,0,1,TTAGGG
contig-0000090_End,1000,1,0,TTAGGG
contig-0000091_End,1000,1,0,TTAGGG
contig-0000092_End,1000,0,1,TTAGGG
contig-0000093_End,1000,1,0,TTAGGG
contig-0000094_End,1000,1,0,TTAGGG
contig-0000095_End,1000,0,0,TTAGGG
contig-0000096_End,1000,0,0,TTAGGG
contig-0000097_End,1000,0,0,TTAGGG
contig-0000098_End,1000,0,0,TTAGGG
contig-0000099_End,1000,0,5,TTAGGG
contig-0000100_End,1000,0,0,TTAGGG
contig-0000101_End,1000,0,0,TTAGGG
contig-0000102_End,1000,0,0,TTAGGG
contig-0000103_End,1000,0,1,TTAGGG
contig-0000105_End,1000,0,0,TTAGGG
contig-0000106_End,1000,0,0,TTAGGG
contig-0000107_End,1000,0,0,TTAGGG
contig-0000108_End,1000,0,0,TTAGGG
contig-0000109_End,1000,0,0,TTAGGG
contig-0000110_End,1000,0,0,TTAGGG
contig-0000111_End,1000,0,1,TTAGGG
contig-0000112_End,1000,1,1,TTAGGG
contig-0000113_End,1000,1,0,TTAGGG
contig-0000115_End,1000,0,0,TTAGGG
contig-0000116_End,1000,1,0,TTAGGG
contig-0000117_End,1000,0,0,TTAGGG
contig-0000118_End,1000,0,0,TTAGGG
contig-0000119_End,1000,0,0,TTAGGG
contig-0000120_End,1000,0,0,TTAGGG
contig-0000121_End,1000,0,0,TTAGGG
contig-0000122_End,1000,0,0,TTAGGG
contig-0000123_End,1000,0,0,TTAGGG
contig-0000124_End,1000,0,0,TTAGGG
contig-0000125_End,1000,0,0,TTAGGG
contig-0000126_End,1000,1,0,TTAGGG
contig-0000128_End,1000,0,0,TTAGGG
contig-0000129_End,1000,0,0,TTAGGG
contig-0000130_End,1000,0,1,TTAGGG
contig-0000131_End,1000,0,0,TTAGGG
contig-0000132_End,1000,1,0,TTAGGG
contig-0000133_End,1000,0,0,TTAGGG
contig-0000134_End,1000,0,0,TTAGGG
contig-0000135_End,1000,166,0,TTAGGG
contig-0000136_End,1000,163,0,TTAGGG
contig-0000137_End,1000,1,0,TTAGGG
contig-0000138_End,1000,2,0,TTAGGG
contig-0000140_End,1000,0,1,TTAGGG
contig-0000141_End,1000,0,0,TTAGGG
contig-0000142_End,1000,0,0,TTAGGG
contig-0000143_End,1000,0,1,TTAGGG
contig-0000144_End,1000,0,0,TTAGGG
contig-0000145_End,1000,0,0,TTAGGG
contig-0000146_End,1000,0,0,TTAGGG
contig-0000147_End,1000,0,0,TTAGGG
contig-0000148_End,1000,0,0,TTAGGG
contig-0000149_End,1000,0,0,TTAGGG
contig-0000150_End,1000,0,0,TTAGGG
contig-0000151_End,1000,0,1,TTAGGG
contig-0000152_End,1000,0,0,TTAGGG
contig-0000153_End,1000,0,2,TTAGGG
contig-0000154_End,1000,0,0,TTAGGG
contig-0000155_End,1000,1,0,TTAGGG
contig-0000156_End,1000,0,0,TTAGGG
contig-0000158_End,1000,1,0,TTAGGG
contig-0000159_End,1000,0,0,TTAGGG
contig-0000160_End,1000,0,0,TTAGGG
contig-0000161_End,1000,0,0,TTAGGG
contig-0000162_End,1000,0,0,TTAGGG
contig-0000163_End,1000,0,1,TTAGGG
contig-0000164_End,1000,0,0,TTAGGG
contig-0000165_End,1000,0,0,TTAGGG
contig-0000166_End,1000,0,0,TTAGGG
contig-0000167_End,1000,0,0,TTAGGG
contig-0000168_End,1000,0,0,TTAGGG
contig-0000169_End,1000,0,0,TTAGGG
contig-0000170_End,1000,0,1,TTAGGG
contig-0000171_End,1000,0,1,TTAGGG
contig-0000172_End,1000,0,0,TTAGGG
contig-0000173_End,1000,0,0,TTAGGG
contig-0000174_End,1000,1,0,TTAGGG
contig-0000175_End,1000,0,0,TTAGGG
contig-0000176_End,1000,14,0,TTAGGG
contig-0000177_End,1000,0,0,TTAGGG
contig-0000178_End,1000,0,0,TTAGGG
contig-0000179_End,1000,0,0,TTAGGG
contig-0000180_End,1000,0,0,TTAGGG
contig-0000181_End,1000,0,0,TTAGGG
contig-0000182_End,1000,0,0,TTAGGG
contig-0000183_End,1000,0,0,TTAGGG
contig-0000184_End,1000,0,1,TTAGGG
contig-0000185_End,1000,0,0,TTAGGG
contig-0000186_End,1000,0,0,TTAGGG
contig-0000187_End,1000,0,0,TTAGGG
contig-0000188_End,1000,0,0,TTAGGG
contig-0000189_End,1000,0,0,TTAGGG
contig-0000190_End,1000,0,0,TTAGGG
contig-0000191_End,1000,0,0,TTAGGG
contig-0000192_End,1000,0,0,TTAGGG
contig-0000193_End,1000,0,0,TTAGGG
contig-0000195_End,1000,0,0,TTAGGG
contig-0000196_End,1000,0,0,TTAGGG
contig-0000197_End,1000,0,0,TTAGGG
contig-0000199_End,1000,0,0,TTAGGG
contig-0000200_End,1000,0,0,TTAGGG
contig-0000201_End,1000,0,0,TTAGGG
contig-0000202_End,1000,0,0,TTAGGG
contig-0000203_End,1000,0,0,TTAGGG
contig-0000204_End,1000,0,0,TTAGGG
contig-0000205_End,1000,0,0,TTAGGG
contig-0000206_End,1000,0,0,TTAGGG
contig-0000207_End,1000,2,0,TTAGGG
contig-0000208_End,1000,0,0,TTAGGG
contig-0000209_End,1000,0,0,TTAGGG
contig-0000210_End,1000,0,0,TTAGGG
contig-0000211_End,1000,0,0,TTAGGG
contig-0000212_End,1000,0,0,TTAGGG
contig-0000213_End,1000,0,1,TTAGGG
contig-0000214_End,1000,0,0,TTAGGG
contig-0000215_End,1000,1,0,TTAGGG
contig-0000216_End,1000,0,0,TTAGGG
contig-0000218_End,1000,0,0,TTAGGG
contig-0000219_End,1000,0,1,TTAGGG
contig-0000220_End,1000,0,0,TTAGGG
contig-0000221_End,1000,0,0,TTAGGG
contig-0000222_End,1000,0,0,TTAGGG
contig-0000223_End,1000,1,0,TTAGGG
contig-0000224_End,1000,0,0,TTAGGG
contig-0000225_End,1000,0,0,TTAGGG
contig-0000226_End,1000,1,0,TTAGGG
contig-0000227_End,1000,0,0,TTAGGG
contig-0000228_End,1000,0,0,TTAGGG
contig-0000229_End,1000,0,0,TTAGGG
contig-0000230_End,1000,0,0,TTAGGG
contig-0000231_End,1000,0,0,TTAGGG
contig-0000232_End,1000,0,0,TTAGGG
contig-0000233_End,1000,0,0,TTAGGG
contig-0000234_End,1000,0,0,TTAGGG
contig-0000235_End,1000,0,0,TTAGGG
contig-0000236_End,1000,0,0,TTAGGG
contig-0000237_End,1000,0,0,TTAGGG
contig-0000238_End,1000,0,0,TTAGGG
contig-0000239_End,1000,0,0,TTAGGG
contig-0000240_End,1000,0,0,TTAGGG
contig-0000241_End,1000,0,0,TTAGGG
contig-0000242_End,1000,0,0,TTAGGG
contig-0000243_End,1000,0,1,TTAGGG
contig-0000244_End,1000,1,0,TTAGGG
contig-0000245_End,1000,0,0,TTAGGG
contig-0000246_End,1000,0,0,TTAGGG
contig-0000247_End,1000,0,0,TTAGGG
contig-0000248_End,1000,0,0,TTAGGG
contig-0000249_End,1000,0,0,TTAGGG
contig-0000250_End,1000,0,0,TTAGGG
contig-0000251_End,1000,0,0,TTAGGG
contig-0000252_End,1000,0,0,TTAGGG
contig-0000253_End,1000,0,0,TTAGGG
contig-0000254_End,1000,0,0,TTAGGG
contig-0000255_End,1000,0,0,TTAGGG
contig-0000256_End,1000,0,0,TTAGGG
contig-0000258_End,1000,0,0,TTAGGG
contig-0000259_End,1000,0,0,TTAGGG
contig-0000260_End,1000,0,0,TTAGGG
contig-0000261_End,1000,0,0,TTAGGG
contig-0000262_End,1000,0,0,TTAGGG
contig-0000263_End,1000,0,0,TTAGGG
contig-0000264_End,1000,0,0,TTAGGG
contig-0000265_End,1000,0,0,TTAGGG
contig-0000266_End,1000,0,0,TTAGGG
contig-0000267_End,1000,0,2,TTAGGG
contig-0000268_End,1000,0,0,TTAGGG
contig-0000269_End,1000,0,0,TTAGGG
contig-0000270_End,1000,0,0,TTAGGG
contig-0000271_End,1000,0,0,TTAGGG
contig-0000272_End,1000,0,0,TTAGGG
contig-0000273_End,1000,0,0,TTAGGG
contig-0000274_End,1000,0,0,TTAGGG
contig-0000275_End,1000,0,0,TTAGGG
contig-0000276_End,1000,0,0,TTAGGG
contig-0000277_End,1000,0,0,TTAGGG
contig-0000278_End,1000,0,0,TTAGGG
contig-0000279_End,1000,0,1,TTAGGG
contig-0000280_End,1000,0,1,TTAGGG
contig-0000281_End,1000,0,0,TTAGGG
contig-0000282_End,1000,0,0,TTAGGG
contig-0000283_End,1000,0,0,TTAGGG
contig-0000285_End,1000,0,0,TTAGGG
contig-0000286_End,1000,0,0,TTAGGG
contig-0000287_End,1000,0,0,TTAGGG
contig-0000288_End,1000,0,0,TTAGGG
contig-0000289_End,1000,0,0,TTAGGG
contig-0000290_End,1000,0,0,TTAGGG
contig-0000291_End,1000,0,0,TTAGGG
contig-0000292_End,1000,0,0,TTAGGG
contig-0000293_End,1000,0,0,TTAGGG
contig-0000294_End,1000,0,0,TTAGGG
contig-0000295_End,1000,0,0,TTAGGG
contig-0000296_End,1000,1,0,TTAGGG
contig-0000297_End,1000,0,0,TTAGGG
contig-0000298_End,1000,2,0,TTAGGG
contig-0000299_End,1000,0,0,TTAGGG
contig-0000300_End,1000,0,0,TTAGGG
contig-0000301_End,1000,0,0,TTAGGG
contig-0000302_End,1000,0,0,TTAGGG
contig-0000303_End,1000,0,0,TTAGGG
contig-0000305_End,1000,0,0,TTAGGG
contig-0000306_End,1000,157,0,TTAGGG
contig-0000307_End,1000,163,0,TTAGGG
contig-0000309_End,1000,0,0,TTAGGG
contig-0000310_End,1000,0,0,TTAGGG
contig-0000311_End,1000,1,0,TTAGGG
contig-0000312_End,1000,0,0,TTAGGG
contig-0000313_End,1000,0,0,TTAGGG
contig-0000314_End,1000,0,0,TTAGGG
contig-0000315_End,1000,0,0,TTAGGG
contig-0000316_End,1000,0,1,TTAGGG
contig-0000317_End,1000,0,0,TTAGGG
contig-0000319_End,1000,0,0,TTAGGG
contig-0000320_End,1000,0,0,TTAGGG
contig-0000321_End,1000,0,0,TTAGGG
contig-0000322_End,1000,0,0,TTAGGG
contig-0000323_End,1000,0,1,TTAGGG
contig-0000324_End,1000,0,0,TTAGGG
contig-0000325_End,1000,1,0,TTAGGG
contig-0000326_End,1000,0,1,TTAGGG
contig-0000327_End,1000,0,0,TTAGGG
contig-0000328_End,1000,0,0,TTAGGG
contig-0000329_End,1000,0,0,TTAGGG
contig-0000330_End,1000,0,0,TTAGGG
contig-0000331_End,1000,1,0,TTAGGG
contig-0000332_End,1000,0,0,TTAGGG
contig-0000333_End,1000,0,0,TTAGGG
contig-0000334_End,1000,0,0,TTAGGG
contig-0000335_End,1000,0,0,TTAGGG
contig-0000336_End,1000,0,0,TTAGGG
contig-0000337_End,1000,0,0,TTAGGG
contig-0000339_End,1000,0,0,TTAGGG
contig-0000340_End,1000,0,0,TTAGGG
contig-0000341_End,1000,0,0,TTAGGG
contig-0000343_End,1000,0,0,TTAGGG
contig-0000344_End,1000,0,0,TTAGGG
contig-0000345_End,1000,1,0,TTAGGG
contig-0000346_End,1000,0,1,TTAGGG
contig-0000347_End,1000,0,0,TTAGGG
contig-0000348_End,1000,1,0,TTAGGG
contig-0000349_End,1000,0,0,TTAGGG
contig-0000350_End,1000,0,0,TTAGGG
contig-0000351_End,1000,0,0,TTAGGG
contig-0000352_End,1000,0,1,TTAGGG
contig-0000353_End,1000,0,0,TTAGGG
contig-0000354_End,1000,0,0,TTAGGG
contig-0000355_End,1000,0,0,TTAGGG
contig-0000356_End,1000,0,0,TTAGGG
contig-0000357_End,1000,0,0,TTAGGG
contig-0000358_End,1000,0,0,TTAGGG
contig-0000359_End,1000,0,0,TTAGGG
contig-0000360_End,1000,1,0,TTAGGG
contig-0000361_End,1000,2,1,TTAGGG
contig-0000362_End,1000,0,0,TTAGGG
contig-0000363_End,1000,0,1,TTAGGG
contig-0000364_End,1000,0,0,TTAGGG
contig-0000365_End,1000,0,1,TTAGGG
contig-0000366_End,1000,0,0,TTAGGG
contig-0000367_End,1000,0,0,TTAGGG
contig-0000368_End,1000,0,0,TTAGGG
contig-0000369_End,1000,0,0,TTAGGG
contig-0000370_End,1000,0,0,TTAGGG
contig-0000371_End,1000,0,2,TTAGGG
contig-0000372_End,1000,0,1,TTAGGG
contig-0000373_End,1000,0,0,TTAGGG
contig-0000374_End,1000,1,1,TTAGGG
contig-0000375_End,1000,0,1,TTAGGG
contig-0000376_End,1000,0,0,TTAGGG
contig-0000377_End,1000,0,0,TTAGGG
contig-0000378_End,1000,0,0,TTAGGG
contig-0000379_End,1000,1,0,TTAGGG
contig-0000380_End,1000,0,0,TTAGGG
contig-0000381_End,1000,0,0,TTAGGG
contig-0000382_End,1000,0,0,TTAGGG
contig-0000383_End,1000,0,0,TTAGGG
contig-0000384_End,1000,0,0,TTAGGG
contig-0000385_End,1000,0,0,TTAGGG
contig-0000387_End,1000,0,0,TTAGGG
contig-0000388_End,1000,1,1,TTAGGG
contig-0000389_End,1000,0,0,TTAGGG
contig-0000390_End,1000,0,0,TTAGGG
contig-0000391_End,1000,0,0,TTAGGG
contig-0000392_End,1000,0,0,TTAGGG
contig-0000393_End,1000,0,0,TTAGGG
contig-0000394_End,1000,0,0,TTAGGG
contig-0000395_End,1000,0,0,TTAGGG
contig-0000396_End,1000,0,0,TTAGGG
contig-0000397_End,1000,0,0,TTAGGG
contig-0000398_End,1000,0,0,TTAGGG
contig-0000399_End,1000,0,0,TTAGGG
contig-0000400_End,1000,0,0,TTAGGG
contig-0000401_End,1000,0,0,TTAGGG
contig-0000402_End,1000,0,0,TTAGGG
contig-0000403_End,1000,1,0,TTAGGG
contig-0000406_End,1000,0,1,TTAGGG
contig-0000407_End,1000,2,0,TTAGGG
contig-0000409_End,1000,0,0,TTAGGG
contig-0000410_End,1000,0,0,TTAGGG
contig-0000413_End,1000,0,1,TTAGGG
contig-0000414_End,1000,0,0,TTAGGG
contig-0000415_End,1000,0,0,TTAGGG
contig-0000416_End,1000,0,0,TTAGGG
contig-0000417_End,1000,0,0,TTAGGG
contig-0000418_End,1000,0,0,TTAGGG
contig-0000419_End,1000,0,0,TTAGGG
contig-0000420_End,1000,0,0,TTAGGG
contig-0000421_End,1000,0,0,TTAGGG
contig-0000422_End,1000,0,0,TTAGGG
contig-0000423_End,1000,0,1,TTAGGG
contig-0000424_End,1000,0,0,TTAGGG
contig-0000425_End,1000,0,0,TTAGGG
contig-0000429_End,1000,1,0,TTAGGG
contig-0000430_End,1000,0,0,TTAGGG
contig-0000431_End,1000,0,0,TTAGGG
contig-0000433_End,1000,0,0,TTAGGG
contig-0000434_End,1000,0,0,TTAGGG
contig-0000435_End,1000,0,0,TTAGGG
contig-0000436_End,1000,0,0,TTAGGG
contig-0000437_End,1000,0,0,TTAGGG
contig-0000438_End,1000,0,0,TTAGGG
contig-0000439_End,1000,2,0,TTAGGG
contig-0000440_End,1000,0,1,TTAGGG
contig-0000441_End,1000,0,0,TTAGGG
contig-0000442_End,1000,0,0,TTAGGG
contig-0000443_End,1000,0,0,TTAGGG
contig-0000444_End,1000,0,0,TTAGGG
contig-0000445_End,1000,0,0,TTAGGG
contig-0000446_End,1000,0,1,TTAGGG
contig-0000447_End,1000,0,1,TTAGGG
contig-0000449_End,1000,0,0,TTAGGG
contig-0000450_End,1000,1,1,TTAGGG
contig-0000451_End,1000,0,0,TTAGGG
contig-0000452_End,1000,0,0,TTAGGG
contig-0000454_End,1000,1,0,TTAGGG
contig-0000455_End,1000,0,0,TTAGGG
contig-0000457_End,1000,0,0,TTAGGG
contig-0000459_End,1000,0,0,TTAGGG
contig-0000460_End,1000,0,0,TTAGGG
contig-0000461_End,1000,0,1,TTAGGG
contig-0000462_End,1000,2,0,TTAGGG
contig-0000463_End,1000,1,0,TTAGGG
contig-0000464_End,1000,0,0,TTAGGG
contig-0000465_End,1000,0,0,TTAGGG
contig-0000466_End,1000,1,0,TTAGGG
contig-0000467_End,1000,0,0,TTAGGG
contig-0000469_End,1000,0,0,TTAGGG
contig-0000470_End,1000,0,0,TTAGGG
contig-0000471_End,1000,0,0,TTAGGG
contig-0000472_End,1000,0,1,TTAGGG
contig-0000473_End,1000,0,0,TTAGGG
contig-0000474_End,1000,1,0,TTAGGG
contig-0000475_End,1000,0,0,TTAGGG
contig-0000476_End,1000,0,0,TTAGGG
contig-0000477_End,1000,0,0,TTAGGG
contig-0000478_End,1000,0,0,TTAGGG
contig-0000479_End,1000,0,0,TTAGGG
contig-0000480_End,1000,0,0,TTAGGG
contig-0000481_End,1000,0,0,TTAGGG
contig-0000482_End,1000,0,0,TTAGGG
contig-0000483_End,1000,0,0,TTAGGG
contig-0000484_End,1000,0,0,TTAGGG
contig-0000485_End,1000,0,0,TTAGGG
contig-0000486_End,1000,0,0,TTAGGG
contig-0000487_End,1000,2,0,TTAGGG
contig-0000488_End,1000,0,0,TTAGGG
contig-0000491_End,1000,0,0,TTAGGG
contig-0000492_End,1000,0,0,TTAGGG
contig-0000493_End,1000,0,0,TTAGGG
contig-0000494_End,1000,0,0,TTAGGG
contig-0000495_End,1000,0,0,TTAGGG
contig-0000496_End,1000,0,0,TTAGGG
contig-0000497_End,1000,0,0,TTAGGG
contig-0000498_End,1000,0,0,TTAGGG
contig-0000499_End,1000,0,0,TTAGGG
contig-0000501_End,1000,0,0,TTAGGG
contig-0000503_End,1000,0,0,TTAGGG
contig-0000504_End,1000,0,0,TTAGGG
contig-0000505_End,1000,0,0,TTAGGG
contig-0000506_End,1000,0,0,TTAGGG
contig-0000507_End,1000,0,0,TTAGGG
contig-0000508_End,1000,0,0,TTAGGG
contig-0000509_End,1000,0,0,TTAGGG
contig-0000510_End,1000,0,0,TTAGGG
contig-0000511_End,1000,1,0,TTAGGG
contig-0000512_End,1000,0,0,TTAGGG
contig-0000513_End,1000,0,0,TTAGGG
contig-0000514_End,1000,0,0,TTAGGG
contig-0000515_End,1000,0,0,TTAGGG
contig-0000516_End,1000,0,0,TTAGGG
contig-0000517_End,1000,0,0,TTAGGG
contig-0000518_End,1000,0,0,TTAGGG
contig-0000519_End,1000,0,0,TTAGGG
contig-0000520_End,1000,0,0,TTAGGG
contig-0000521_End,1000,0,0,TTAGGG
contig-0000522_End,1000,0,0,TTAGGG
contig-0000523_End,1000,0,0,TTAGGG
contig-0000524_End,1000,0,0,TTAGGG
contig-0000525_End,1000,0,0,TTAGGG
contig-0000526_End,1000,0,0,TTAGGG
contig-0000527_End,1000,0,0,TTAGGG
contig-0000528_End,1000,0,1,TTAGGG
contig-0000529_End,1000,0,1,TTAGGG
contig-0000530_End,1000,0,1,TTAGGG
contig-0000531_End,1000,0,0,TTAGGG
contig-0000532_End,1000,0,0,TTAGGG
contig-0000533_End,1000,0,0,TTAGGG
contig-0000534_End,1000,2,0,TTAGGG
contig-0000536_End,1000,0,1,TTAGGG
contig-0000537_End,1000,0,0,TTAGGG
contig-0000538_End,1000,0,0,TTAGGG
contig-0000539_End,1000,0,0,TTAGGG
contig-0000540_End,1000,0,0,TTAGGG
contig-0000541_End,1000,0,0,TTAGGG
contig-0000542_End,1000,0,0,TTAGGG
contig-0000543_End,1000,0,0,TTAGGG
contig-0000544_End,1000,0,0,TTAGGG
contig-0000545_End,1000,0,0,TTAGGG
contig-0000546_End,1000,1,1,TTAGGG
contig-0000547_End,1000,0,0,TTAGGG
contig-0000548_End,1000,0,0,TTAGGG
contig-0000549_End,1000,0,0,TTAGGG
contig-0000550_End,1000,0,0,TTAGGG
contig-0000552_End,1000,2,0,TTAGGG
contig-0000554_End,1000,0,0,TTAGGG
contig-0000555_End,1000,0,1,TTAGGG
contig-0000556_End,1000,0,0,TTAGGG
contig-0000558_End,1000,0,0,TTAGGG
contig-0000559_End,1000,0,0,TTAGGG
contig-0000560_End,1000,0,0,TTAGGG
contig-0000561_End,1000,0,0,TTAGGG
contig-0000562_End,1000,0,0,TTAGGG
contig-0000563_End,1000,0,0,TTAGGG
contig-0000564_End,1000,0,0,TTAGGG
contig-0000565_End,1000,0,0,TTAGGG
contig-0000566_End,1000,0,0,TTAGGG
contig-0000567_End,1000,0,0,TTAGGG
contig-0000568_End,1000,1,1,TTAGGG
contig-0000570_End,1000,0,0,TTAGGG
contig-0000571_End,1000,0,0,TTAGGG
contig-0000572_End,1000,0,0,TTAGGG
contig-0000573_End,1000,0,0,TTAGGG
contig-0000574_End,1000,0,0,TTAGGG
contig-0000575_End,1000,0,0,TTAGGG
contig-0000576_End,1000,0,0,TTAGGG
contig-0000578_End,1000,0,0,TTAGGG
contig-0000579_End,1000,0,1,TTAGGG
contig-0000580_End,1000,0,0,TTAGGG
contig-0000582_End,1000,0,0,TTAGGG
contig-0000583_End,1000,0,0,TTAGGG
contig-0000584_End,1000,0,0,TTAGGG
contig-0000585_End,1000,0,1,TTAGGG
contig-0000586_End,1000,0,0,TTAGGG
contig-0000587_End,1000,0,0,TTAGGG
contig-0000588_End,1000,1,0,TTAGGG
contig-0000589_End,1000,1,0,TTAGGG
contig-0000590_End,1000,0,0,TTAGGG
contig-0000591_End,1000,0,0,TTAGGG
contig-0000592_End,1000,0,0,TTAGGG
contig-0000594_End,1000,0,0,TTAGGG
contig-0000595_End,1000,0,1,TTAGGG
contig-0000597_End,1000,0,0,TTAGGG
contig-0000598_End,1000,0,0,TTAGGG
contig-0000599_End,1000,0,0,TTAGGG
contig-0000600_End,1000,0,0,TTAGGG
contig-0000601_End,1000,0,0,TTAGGG
contig-0000602_End,1000,0,0,TTAGGG
contig-0000603_End,1000,0,0,TTAGGG
contig-0000604_End,1000,0,0,TTAGGG
contig-0000605_End,1000,0,0,TTAGGG
contig-0000606_End,1000,0,0,TTAGGG
contig-0000607_End,1000,0,0,TTAGGG
contig-0000608_End,1000,0,0,TTAGGG
contig-0000610_End,1000,0,0,TTAGGG
contig-0000611_End,1000,1,0,TTAGGG
contig-0000612_End,1000,0,0,TTAGGG
contig-0000613_End,1000,0,0,TTAGGG
contig-0000614_End,1000,0,0,TTAGGG
contig-0000615_End,1000,0,0,TTAGGG
contig-0000616_End,1000,0,0,TTAGGG
contig-0000617_End,1000,0,0,TTAGGG
contig-0000618_End,1000,0,0,TTAGGG
contig-0000619_End,1000,0,0,TTAGGG
contig-0000620_End,1000,0,0,TTAGGG
contig-0000621_End,1000,0,0,TTAGGG
contig-0000622_End,1000,0,0,TTAGGG
contig-0000623_End,1000,0,0,TTAGGG
contig-0000624_End,1000,0,0,TTAGGG
contig-0000626_End,1000,0,0,TTAGGG
contig-0000627_End,1000,0,0,TTAGGG
contig-0000628_End,1000,0,0,TTAGGG
contig-0000629_End,1000,0,0,TTAGGG
contig-0000630_End,1000,0,1,TTAGGG
contig-0000631_End,1000,0,0,TTAGGG
contig-0000632_End,1000,0,0,TTAGGG
contig-0000633_End,1000,0,0,TTAGGG
contig-0000634_End,1000,0,3,TTAGGG
contig-0000635_End,1000,0,0,TTAGGG
contig-0000636_End,1000,1,0,TTAGGG
contig-0000637_End,1000,0,0,TTAGGG
contig-0000638_End,1000,0,0,TTAGGG
contig-0000639_End,1000,0,0,TTAGGG
contig-0000640_End,1000,0,0,TTAGGG
contig-0000641_End,1000,0,0,TTAGGG
contig-0000642_End,1000,0,0,TTAGGG
contig-0000643_End,1000,0,0,TTAGGG
contig-0000644_End,1000,0,0,TTAGGG
contig-0000645_End,1000,0,0,TTAGGG
contig-0000646_End,1000,0,0,TTAGGG
contig-0000647_End,1000,0,0,TTAGGG
contig-0000648_End,1000,0,0,TTAGGG
contig-0000649_End,1000,0,0,TTAGGG
contig-0000650_End,1000,0,0,TTAGGG
contig-0000651_End,1000,0,0,TTAGGG
contig-0000652_End,1000,0,1,TTAGGG
contig-0000653_End,1000,0,0,TTAGGG
contig-0000654_End,1000,0,0,TTAGGG
contig-0000655_End,1000,0,0,TTAGGG
contig-0000656_End,1000,0,0,TTAGGG
contig-0000657_End,1000,0,1,TTAGGG
contig-0000658_End,1000,0,1,TTAGGG
contig-0000659_End,1000,0,0,TTAGGG
contig-0000660_End,1000,0,0,TTAGGG
contig-0000661_End,1000,0,0,TTAGGG
contig-0000662_End,1000,0,0,TTAGGG
contig-0000663_End,1000,0,1,TTAGGG
contig-0000664_End,1000,0,0,TTAGGG
contig-0000665_End,1000,1,0,TTAGGG
contig-0000666_End,1000,0,1,TTAGGG
contig-0000667_End,1000,1,0,TTAGGG
contig-0000668_End,1000,0,0,TTAGGG
contig-0000669_End,1000,0,1,TTAGGG
contig-0000670_End,1000,0,0,TTAGGG
contig-0000671_End,1000,0,0,TTAGGG
contig-0000672_End,1000,0,0,TTAGGG
contig-0000673_End,1000,0,0,TTAGGG
contig-0000674_End,1000,0,0,TTAGGG
contig-0000675_End,1000,1,0,TTAGGG
contig-0000676_End,1000,0,0,TTAGGG
contig-0000677_End,1000,0,0,TTAGGG
contig-0000678_End,1000,1,0,TTAGGG
contig-0000679_End,1000,0,1,TTAGGG
contig-0000680_End,1000,0,0,TTAGGG
contig-0000681_End,1000,1,0,TTAGGG
contig-0000682_End,1000,1,1,TTAGGG
contig-0000683_End,1000,0,1,TTAGGG
contig-0000684_End,1000,0,0,TTAGGG
contig-0000685_End,1000,0,0,TTAGGG
contig-0000686_End,1000,0,0,TTAGGG
contig-0000687_End,1000,0,0,TTAGGG
contig-0000688_End,1000,0,0,TTAGGG
contig-0000689_End,1000,0,0,TTAGGG
contig-0000690_End,1000,1,0,TTAGGG
contig-0000691_End,1000,0,0,TTAGGG
contig-0000692_End,1000,0,1,TTAGGG
contig-0000693_End,1000,0,1,TTAGGG
contig-0000694_End,1000,0,0,TTAGGG
contig-0000695_End,1000,0,0,TTAGGG
contig-0000696_End,1000,0,0,TTAGGG
contig-0000697_End,1000,0,0,TTAGGG
contig-0000698_End,1000,1,1,TTAGGG
contig-0000699_End,1000,0,1,TTAGGG
contig-0000700_End,1000,0,1,TTAGGG
contig-0000701_End,1000,0,0,TTAGGG
contig-0000702_End,1000,0,0,TTAGGG
contig-0000703_End,1000,1,0,TTAGGG
contig-0000704_End,1000,0,0,TTAGGG
contig-0000705_End,1000,0,0,TTAGGG
contig-0000706_End,1000,0,1,TTAGGG
contig-0000707_End,1000,0,0,TTAGGG
contig-0000708_End,1000,0,0,TTAGGG
contig-0000709_End,1000,1,1,TTAGGG
contig-0000710_End,1000,0,1,TTAGGG
contig-0000711_End,1000,1,0,TTAGGG
contig-0000712_End,1000,1,0,TTAGGG
contig-0000713_End,1000,1,0,TTAGGG
contig-0000714_End,1000,1,0,TTAGGG
contig-0000715_End,1000,0,0,TTAGGG
contig-0000716_End,1000,1,0,TTAGGG
contig-0000717_End,1000,1,0,TTAGGG
contig-0000718_End,1000,0,0,TTAGGG
contig-0000719_End,1000,0,0,TTAGGG
contig-0000720_End,1000,0,0,TTAGGG
contig-0000721_End,1000,0,1,TTAGGG
contig-0000722_End,1000,0,0,TTAGGG
contig-0000723_End,1000,0,0,TTAGGG
contig-0000724_End,1000,0,0,TTAGGG
contig-0000725_End,1000,0,0,TTAGGG
contig-0000726_End,1000,0,0,TTAGGG
contig-0000727_End,1000,1,0,TTAGGG
contig-0000728_End,1000,0,0,TTAGGG
contig-0000729_End,1000,1,0,TTAGGG
contig-0000730_End,1000,0,0,TTAGGG
contig-0000731_End,1000,0,0,TTAGGG
contig-0000732_End,1000,0,0,TTAGGG
contig-0000733_End,1000,0,0,TTAGGG
contig-0000734_End,1000,0,0,TTAGGG
contig-0000735_End,1000,0,2,TTAGGG
contig-0000736_End,1000,1,0,TTAGGG
contig-0000737_End,1000,0,0,TTAGGG
contig-0000738_End,1000,1,0,TTAGGG
contig-0000739_End,1000,0,0,TTAGGG
contig-0000740_End,1000,0,0,TTAGGG
contig-0000741_End,1000,0,0,TTAGGG
contig-0000742_End,1000,0,1,TTAGGG
contig-0000743_End,1000,0,0,TTAGGG
contig-0000744_End,1000,0,0,TTAGGG
contig-0000745_End,1000,0,0,TTAGGG
contig-0000746_End,1000,0,0,TTAGGG
contig-0000747_End,1000,0,0,TTAGGG
contig-0000748_End,1000,0,0,TTAGGG
contig-0000749_End,1000,0,0,TTAGGG
contig-0000750_End,1000,0,0,TTAGGG
contig-0000751_End,1000,0,0,TTAGGG
contig-0000752_End,1000,0,0,TTAGGG
contig-0000753_End,1000,0,0,TTAGGG
contig-0000754_End,1000,1,0,TTAGGG
contig-0000755_End,1000,0,1,TTAGGG
contig-0000756_End,1000,1,0,TTAGGG
contig-0000757_End,1000,0,0,TTAGGG
contig-0000758_End,1000,0,0,TTAGGG
contig-0000759_End,1000,0,0,TTAGGG
contig-0000760_End,1000,0,0,TTAGGG
contig-0000761_End,1000,2,0,TTAGGG
contig-0000762_End,1000,1,0,TTAGGG
contig-0000763_End,1000,0,0,TTAGGG
contig-0000764_End,1000,0,0,TTAGGG
contig-0000765_End,1000,1,0,TTAGGG
contig-0000766_End,1000,0,0,TTAGGG
contig-0000767_End,1000,0,1,TTAGGG
contig-0000768_End,1000,0,1,TTAGGG
contig-0000769_End,1000,0,0,TTAGGG
contig-0000770_End,1000,0,0,TTAGGG
contig-0000771_End,1000,0,0,TTAGGG
contig-0000772_End,1000,0,0,TTAGGG
contig-0000773_End,1000,0,0,TTAGGG
contig-0000774_End,1000,0,0,TTAGGG
contig-0000775_End,1000,1,0,TTAGGG
contig-0000776_End,1000,0,1,TTAGGG
contig-0000777_End,1000,1,0,TTAGGG
contig-0000778_End,1000,0,1,TTAGGG
contig-0000779_End,1000,0,0,TTAGGG
contig-0000780_End,1000,0,0,TTAGGG
contig-0000781_End,1000,0,0,TTAGGG
contig-0000782_End,1000,0,0,TTAGGG
contig-0000783_End,1000,0,0,TTAGGG
contig-0000784_End,1000,2,1,TTAGGG
contig-0000785_End,1000,0,1,TTAGGG
contig-0000786_End,1000,0,1,TTAGGG
contig-0000787_End,1000,0,0,TTAGGG
contig-0000788_End,1000,0,0,TTAGGG
contig-0000789_End,1000,0,0,TTAGGG
contig-0000790_End,1000,0,0,TTAGGG
contig-0000791_End,1000,0,0,TTAGGG
contig-0000792_End,1000,0,0,TTAGGG
contig-0000793_End,1000,0,0,TTAGGG
contig-0000794_End,1000,1,0,TTAGGG
contig-0000795_End,1000,0,0,TTAGGG
contig-0000796_End,1000,0,0,TTAGGG
contig-0000797_End,1000,0,0,TTAGGG
contig-0000798_End,1000,0,0,TTAGGG
contig-0000799_End,1000,0,0,TTAGGG
contig-0000800_End,1000,0,0,TTAGGG
contig-0000801_End,1000,0,0,TTAGGG
contig-0000802_End,1000,0,0,TTAGGG
contig-0000803_End,1000,0,0,TTAGGG
contig-0000804_End,1000,0,0,TTAGGG
contig-0000805_End,1000,0,0,TTAGGG
contig-0000806_End,1000,0,0,TTAGGG
contig-0000807_End,1000,0,0,TTAGGG
contig-0000808_End,1000,0,0,TTAGGG
contig-0000809_End,1000,0,0,TTAGGG
contig-0000810_End,1000,0,0,TTAGGG
contig-0000811_End,1000,0,0,TTAGGG
contig-0000812_End,1000,0,0,TTAGGG
contig-0000813_End,1000,1,1,TTAGGG
contig-0000814_End,1000,0,0,TTAGGG
contig-0000815_End,1000,0,0,TTAGGG
contig-0000816_End,1000,0,0,TTAGGG
contig-0000817_End,1000,0,0,TTAGGG
contig-0000818_End,1000,0,0,TTAGGG
contig-0000819_End,1000,0,0,TTAGGG
contig-0000820_End,1000,0,1,TTAGGG
contig-0000821_End,1000,0,0,TTAGGG
contig-0000822_End,1000,0,0,TTAGGG
contig-0000823_End,1000,0,1,TTAGGG
contig-0000824_End,1000,0,1,TTAGGG
contig-0000825_End,1000,1,0,TTAGGG
contig-0000826_End,1000,0,0,TTAGGG
contig-0000827_End,1000,0,0,TTAGGG
contig-0000828_End,1000,1,0,TTAGGG
contig-0000829_End,1000,0,0,TTAGGG
contig-0000830_End,1000,0,0,TTAGGG
contig-0000831_End,1000,0,1,TTAGGG
contig-0000832_End,1000,0,0,TTAGGG
contig-0000833_End,1000,0,0,TTAGGG
contig-0000834_End,1000,0,0,TTAGGG
contig-0000835_End,1000,0,0,TTAGGG
contig-0000836_End,1000,0,0,TTAGGG
contig-0000837_End,1000,0,0,TTAGGG
contig-0000838_End,1000,0,0,TTAGGG
contig-0000839_End,1000,0,0,TTAGGG
contig-0000840_End,1000,1,1,TTAGGG
contig-0000841_End,1000,0,1,TTAGGG
contig-0000842_End,1000,0,0,TTAGGG
contig-0000843_End,1000,1,0,TTAGGG
contig-0000844_End,1000,0,0,TTAGGG
contig-0000845_End,1000,1,0,TTAGGG
contig-0000846_End,1000,0,0,TTAGGG
contig-0000847_End,1000,0,0,TTAGGG
contig-0000848_End,1000,0,0,TTAGGG
contig-0000849_End,1000,0,0,TTAGGG
contig-0000850_End,1000,0,0,TTAGGG
contig-0000851_End,1000,0,0,TTAGGG
contig-0000852_End,1000,0,1,TTAGGG
contig-0000853_End,1000,0,0,TTAGGG
contig-0000854_End,1000,1,0,TTAGGG
contig-0000855_End,1000,0,0,TTAGGG
contig-0000856_End,1000,0,0,TTAGGG
contig-0000857_End,1000,1,0,TTAGGG
contig-0000858_End,1000,0,0,TTAGGG
contig-0000859_End,1000,1,0,TTAGGG
contig-0000860_End,1000,0,0,TTAGGG
contig-0000861_End,1000,0,0,TTAGGG
contig-0000862_End,1000,0,0,TTAGGG
contig-0000863_End,1000,0,0,TTAGGG
contig-0000864_End,1000,0,0,TTAGGG
contig-0000865_End,1000,0,0,TTAGGG
contig-0000866_End,1000,1,0,TTAGGG
contig-0000867_End,1000,0,0,TTAGGG
contig-0000868_End,1000,0,1,TTAGGG
contig-0000869_End,1000,0,0,TTAGGG
contig-0000870_End,1000,0,0,TTAGGG
contig-0000871_End,1000,0,1,TTAGGG
contig-0000872_End,1000,0,0,TTAGGG
contig-0000873_End,1000,0,0,TTAGGG
contig-0000874_End,1000,0,0,TTAGGG
contig-0000875_End,1000,0,0,TTAGGG
contig-0000876_End,1000,0,0,TTAGGG
contig-0000877_End,1000,0,0,TTAGGG
contig-0000878_End,1000,0,0,TTAGGG
contig-0000879_End,1000,0,0,TTAGGG
contig-0000880_End,1000,0,0,TTAGGG
contig-0000881_End,1000,0,0,TTAGGG
contig-0000882_End,1000,0,0,TTAGGG
contig-0000883_End,1000,1,1,TTAGGG
contig-0000884_End,1000,1,1,TTAGGG
contig-0000885_End,1000,0,0,TTAGGG
contig-0000886_End,1000,0,0,TTAGGG
contig-0000887_End,1000,2,0,TTAGGG
contig-0000888_End,1000,1,0,TTAGGG
contig-0000889_End,1000,0,1,TTAGGG
contig-0000890_End,1000,0,0,TTAGGG
contig-0000891_End,1000,0,0,TTAGGG
contig-0000892_End,1000,0,0,TTAGGG
contig-0000893_End,1000,0,1,TTAGGG
contig-0000894_End,1000,0,0,TTAGGG
contig-0000895_End,1000,0,0,TTAGGG
contig-0000896_End,1000,0,0,TTAGGG
contig-0000897_End,1000,0,0,TTAGGG
contig-0000898_End,1000,0,0,TTAGGG
contig-0000899_End,1000,0,0,TTAGGG
contig-0000900_End,1000,0,0,TTAGGG
contig-0000901_End,1000,1,0,TTAGGG
contig-0000902_End,1000,0,0,TTAGGG
contig-0000903_End,1000,0,0,TTAGGG
contig-0000904_End,1000,0,0,TTAGGG
contig-0000905_End,1000,0,0,TTAGGG
contig-0000906_End,1000,0,0,TTAGGG
contig-0000907_End,1000,0,0,TTAGGG
contig-0000908_End,1000,0,0,TTAGGG
contig-0000909_End,1000,1,0,TTAGGG
contig-0000910_End,1000,2,0,TTAGGG
contig-0000911_End,1000,0,0,TTAGGG
contig-0000912_End,1000,0,1,TTAGGG
contig-0000913_End,1000,1,0,TTAGGG
contig-0000914_End,1000,2,0,TTAGGG
contig-0000915_End,1000,0,0,TTAGGG
contig-0000916_End,1000,1,0,TTAGGG
contig-0000917_End,1000,0,0,TTAGGG
contig-0000918_End,1000,0,0,TTAGGG
contig-0000919_End,1000,0,1,TTAGGG
contig-0000920_End,1000,0,0,TTAGGG
contig-0000921_End,1000,0,0,TTAGGG
contig-0000922_End,1000,0,0,TTAGGG
contig-0000923_End,1000,0,2,TTAGGG
contig-0000924_End,1000,0,0,TTAGGG
contig-0000925_End,1000,0,0,TTAGGG
contig-0000926_End,1000,1,0,TTAGGG
contig-0000927_End,1000,0,1,TTAGGG
contig-0000928_End,1000,0,0,TTAGGG
contig-0000929_End,1000,0,0,TTAGGG
contig-0000930_End,1000,0,0,TTAGGG
contig-0000931_End,1000,0,1,TTAGGG
contig-0000932_End,1000,0,1,TTAGGG
contig-0000933_End,1000,0,0,TTAGGG
contig-0000934_End,1000,0,0,TTAGGG
contig-0000935_End,1000,0,0,TTAGGG
contig-0000936_End,1000,0,1,TTAGGG
contig-0000937_End,1000,0,0,TTAGGG
contig-0000938_End,1000,0,1,TTAGGG
contig-0000939_End,1000,0,1,TTAGGG
contig-0000940_End,1000,0,0,TTAGGG
contig-0000941_End,1000,0,0,TTAGGG
contig-0000942_End,1000,0,0,TTAGGG
contig-0000943_End,1000,0,0,TTAGGG
contig-0000944_End,1000,0,1,TTAGGG
contig-0000945_End,1000,0,0,TTAGGG
contig-0000946_End,1000,0,1,TTAGGG
contig-0000948_End,1000,0,0,TTAGGG
contig-0000949_End,1000,0,1,TTAGGG
contig-0000950_End,1000,0,2,TTAGGG
contig-0000951_End,1000,2,0,TTAGGG
contig-0000952_End,1000,0,0,TTAGGG
contig-0000953_End,1000,0,0,TTAGGG
contig-0000954_End,1000,0,0,TTAGGG
contig-0000955_End,1000,0,0,TTAGGG
contig-0000956_End,1000,0,0,TTAGGG
contig-0000957_End,1000,0,0,TTAGGG
contig-0000958_End,1000,0,1,TTAGGG
contig-0000960_End,1000,0,1,TTAGGG
contig-0000961_End,1000,0,0,TTAGGG
contig-0000962_End,1000,0,0,TTAGGG
contig-0000963_End,1000,0,0,TTAGGG
contig-0000964_End,1000,1,0,TTAGGG
contig-0000965_End,1000,0,0,TTAGGG
contig-0000966_End,1000,1,0,TTAGGG
contig-0000967_End,1000,0,0,TTAGGG
contig-0000968_End,1000,0,0,TTAGGG
contig-0000969_End,1000,0,0,TTAGGG
contig-0000970_End,1000,0,0,TTAGGG
contig-0000971_End,1000,0,0,TTAGGG
contig-0000972_End,1000,0,0,TTAGGG
contig-0000973_End,1000,0,0,TTAGGG
contig-0000974_End,1000,1,0,TTAGGG
contig-0000975_End,1000,0,0,TTAGGG
contig-0000976_End,1000,0,1,TTAGGG
contig-0000977_End,1000,1,1,TTAGGG
contig-0000978_End,1000,0,0,TTAGGG
contig-0000979_End,1000,0,0,TTAGGG
contig-0000980_End,1000,0,1,TTAGGG
contig-0000981_End,1000,1,0,TTAGGG
contig-0000982_End,1000,0,3,TTAGGG
contig-0000983_End,1000,0,1,TTAGGG
contig-0000984_End,1000,0,1,TTAGGG
contig-0000985_End,1000,0,0,TTAGGG
contig-0000986_End,1000,0,0,TTAGGG
contig-0000987_End,1000,0,0,TTAGGG
contig-0000988_End,1000,0,1,TTAGGG
contig-0000989_End,1000,0,0,TTAGGG
contig-0000990_End,1000,0,0,TTAGGG
contig-0000991_End,1000,0,0,TTAGGG
contig-0000992_End,1000,0,0,TTAGGG
contig-0000993_End,1000,0,0,TTAGGG
contig-0000994_End,1000,1,0,TTAGGG
contig-0000995_End,1000,0,0,TTAGGG
contig-0000996_End,1000,0,0,TTAGGG
contig-0000997_End,1000,0,0,TTAGGG
contig-0000998_End,1000,0,0,TTAGGG
contig-0000999_End,1000,0,1,TTAGGG
contig-0001000_End,1000,0,0,TTAGGG
contig-0001001_End,1000,0,0,TTAGGG
contig-0001002_End,1000,0,0,TTAGGG
contig-0001003_End,1000,164,0,TTAGGG
contig-0001004_End,1000,164,0,TTAGGG
contig-0001005_End,1000,0,0,TTAGGG
contig-0001006_End,1000,0,0,TTAGGG
contig-0001007_End,1000,1,0,TTAGGG
contig-0001008_End,1000,0,0,TTAGGG
contig-0001009_End,1000,0,1,TTAGGG
contig-0001010_End,1000,0,0,TTAGGG
contig-0001011_End,1000,0,0,TTAGGG
contig-0001012_End,1000,0,0,TTAGGG
contig-0001013_End,1000,1,0,TTAGGG
contig-0001014_End,1000,1,0,TTAGGG
contig-0001015_End,1000,1,0,TTAGGG
contig-0001016_End,1000,0,0,TTAGGG
contig-0001017_End,1000,0,0,TTAGGG
contig-0001018_End,1000,0,0,TTAGGG
contig-0001019_End,1000,0,0,TTAGGG
contig-0001020_End,1000,0,0,TTAGGG
contig-0001021_End,1000,0,0,TTAGGG
contig-0001022_End,1000,0,0,TTAGGG
contig-0001023_End,1000,0,0,TTAGGG
contig-0001024_End,1000,0,1,TTAGGG
contig-0001025_End,1000,0,0,TTAGGG
contig-0001026_End,1000,0,0,TTAGGG
contig-0001027_End,1000,0,0,TTAGGG
contig-0001028_End,1000,0,0,TTAGGG
contig-0001029_End,1000,1,0,TTAGGG
contig-0001030_End,1000,0,1,TTAGGG
contig-0001031_End,1000,0,0,TTAGGG
contig-0001032_End,1000,0,0,TTAGGG
contig-0001033_End,1000,0,0,TTAGGG
contig-0001034_End,1000,0,0,TTAGGG
contig-0001035_End,1000,0,0,TTAGGG
contig-0001036_End,1000,0,0,TTAGGG
contig-0001037_End,1000,0,0,TTAGGG
contig-0001038_End,1000,0,0,TTAGGG
contig-0001039_End,1000,0,0,TTAGGG
contig-0001040_End,1000,0,0,TTAGGG
contig-0001041_End,1000,0,0,TTAGGG
contig-0001042_End,1000,0,0,TTAGGG
contig-0001043_End,1000,0,0,TTAGGG
contig-0001044_End,1000,0,0,TTAGGG
contig-0001045_End,1000,0,0,TTAGGG
contig-0001046_End,1000,0,0,TTAGGG
contig-0001047_End,1000,0,0,TTAGGG
contig-0001048_End,1000,0,0,TTAGGG
contig-0001049_End,1000,0,0,TTAGGG
contig-0001050_End,1000,0,0,TTAGGG
contig-0001051_End,1000,0,0,TTAGGG
contig-0001052_End,1000,0,0,TTAGGG
contig-0001053_End,1000,0,1,TTAGGG
contig-0001054_End,1000,0,0,TTAGGG
contig-0001055_End,1000,0,0,TTAGGG
contig-0001056_End,1000,0,0,TTAGGG
contig-0001057_End,1000,0,0,TTAGGG
contig-0001058_End,1000,1,2,TTAGGG
contig-0001059_End,1000,0,0,TTAGGG
contig-0001060_End,1000,0,0,TTAGGG
contig-0001061_End,1000,0,0,TTAGGG
contig-0001062_End,1000,0,0,TTAGGG
contig-0001063_End,1000,0,1,TTAGGG
contig-0001064_End,1000,0,0,TTAGGG
contig-0001065_End,1000,0,0,TTAGGG
contig-0001066_End,1000,0,0,TTAGGG
contig-0001067_End,1000,1,0,TTAGGG
contig-0001068_End,1000,0,0,TTAGGG
contig-0001069_End,1000,0,1,TTAGGG
contig-0001070_End,1000,0,0,TTAGGG
contig-0001071_End,1000,0,0,TTAGGG
contig-0001072_End,1000,0,1,TTAGGG
contig-0001073_End,1000,0,0,TTAGGG
contig-0001074_End,1000,0,0,TTAGGG
contig-0001075_End,1000,0,0,TTAGGG
contig-0001076_End,1000,0,0,TTAGGG
contig-0001077_End,1000,0,0,TTAGGG
contig-0001078_End,1000,0,0,TTAGGG
contig-0001079_End,1000,0,0,TTAGGG
contig-0001080_End,1000,0,0,TTAGGG
contig-0001081_End,1000,0,0,TTAGGG
contig-0001082_End,1000,0,0,TTAGGG
contig-0001083_End,1000,0,0,TTAGGG
contig-0001084_End,1000,0,0,TTAGGG
contig-0001085_End,1000,0,0,TTAGGG
contig-0001086_End,1000,0,0,TTAGGG
contig-0001087_End,1000,0,1,TTAGGG
contig-0001088_End,1000,0,1,TTAGGG
contig-0001089_End,1000,0,0,TTAGGG
contig-0001090_End,1000,0,0,TTAGGG
contig-0001091_End,1000,0,0,TTAGGG
contig-0001092_End,1000,0,0,TTAGGG
contig-0001093_End,1000,0,1,TTAGGG
contig-0001094_End,1000,0,0,TTAGGG
contig-0001095_End,1000,0,0,TTAGGG
contig-0001096_End,1000,1,0,TTAGGG
contig-0001097_End,1000,0,0,TTAGGG
contig-0001098_End,1000,0,0,TTAGGG
contig-0001099_End,1000,0,0,TTAGGG
contig-0001100_End,1000,0,0,TTAGGG
contig-0001101_End,1000,0,1,TTAGGG
contig-0001102_End,1000,0,0,TTAGGG
contig-0001103_End,1000,0,1,TTAGGG
contig-0001104_End,1000,0,0,TTAGGG
contig-0001105_End,1000,0,0,TTAGGG
contig-0001106_End,1000,0,0,TTAGGG
contig-0001107_End,1000,1,1,TTAGGG
contig-0001108_End,1000,0,0,TTAGGG
contig-0001109_End,1000,0,0,TTAGGG
contig-0001110_End,1000,0,0,TTAGGG
contig-0001111_End,1000,1,0,TTAGGG
contig-0001112_End,1000,0,1,TTAGGG
contig-0001113_End,1000,0,0,TTAGGG
contig-0001114_End,1000,0,1,TTAGGG
contig-0001115_End,1000,1,0,TTAGGG
contig-0001116_End,1000,0,0,TTAGGG
contig-0001117_End,1000,1,0,TTAGGG
contig-0001118_End,1000,0,0,TTAGGG
contig-0001119_End,1000,0,0,TTAGGG
contig-0001120_End,1000,0,0,TTAGGG
contig-0001121_End,1000,0,0,TTAGGG
contig-0001122_End,1000,0,0,TTAGGG
contig-0001123_End,1000,0,0,TTAGGG
contig-0001124_End,1000,0,0,TTAGGG
contig-0001125_End,1000,0,1,TTAGGG
contig-0001126_End,1000,0,0,TTAGGG
contig-0001127_End,1000,0,0,TTAGGG
contig-0001128_End,1000,0,0,TTAGGG
contig-0001129_End,1000,0,0,TTAGGG
contig-0001130_End,1000,0,0,TTAGGG
contig-0001131_End,1000,0,0,TTAGGG
contig-0001132_End,1000,0,0,TTAGGG
contig-0001133_End,1000,0,0,TTAGGG
contig-0001134_End,1000,1,0,TTAGGG
contig-0001135_End,1000,0,0,TTAGGG
contig-0001136_End,1000,0,0,TTAGGG
contig-0001137_End,1000,0,0,TTAGGG
contig-0001138_End,1000,1,0,TTAGGG
contig-0001139_End,1000,0,0,TTAGGG
contig-0001140_End,1000,0,1,TTAGGG
contig-0001141_End,1000,0,0,TTAGGG
contig-0001142_End,1000,0,0,TTAGGG
contig-0001143_End,1000,2,0,TTAGGG
contig-0001144_End,1000,0,0,TTAGGG
contig-0001145_End,1000,1,0,TTAGGG
contig-0001146_End,1000,1,0,TTAGGG
contig-0001147_End,1000,0,1,TTAGGG
contig-0001148_End,1000,0,0,TTAGGG
contig-0001149_End,1000,1,0,TTAGGG
contig-0001150_End,1000,0,0,TTAGGG
contig-0001151_End,1000,0,0,TTAGGG
contig-0001152_End,1000,0,1,TTAGGG
contig-0001153_End,1000,0,0,TTAGGG
contig-0001154_End,1000,0,0,TTAGGG
contig-0001155_End,1000,0,0,TTAGGG
contig-0001156_End,1000,1,0,TTAGGG
contig-0001157_End,1000,0,0,TTAGGG
contig-0001158_End,1000,1,1,TTAGGG
contig-0001159_End,1000,0,0,TTAGGG
contig-0001160_End,1000,0,0,TTAGGG
contig-0001161_End,1000,0,0,TTAGGG
contig-0001162_End,1000,0,0,TTAGGG
contig-0001163_End,1000,0,0,TTAGGG
contig-0001164_End,1000,0,0,TTAGGG
contig-0001165_End,1000,0,0,TTAGGG
contig-0001166_End,1000,0,0,TTAGGG
contig-0001167_End,1000,0,1,TTAGGG
contig-0001168_End,1000,0,0,TTAGGG
contig-0001169_End,1000,0,0,TTAGGG
contig-0001170_End,1000,0,0,TTAGGG
contig-0001171_End,1000,0,0,TTAGGG
contig-0001172_End,1000,0,0,TTAGGG
contig-0001173_End,1000,1,0,TTAGGG
contig-0001174_End,1000,0,0,TTAGGG
contig-0001175_End,1000,0,0,TTAGGG
contig-0001176_End,1000,0,0,TTAGGG
contig-0001177_End,1000,0,0,TTAGGG
contig-0001178_End,1000,0,0,TTAGGG
contig-0001179_End,1000,0,0,TTAGGG
contig-0001180_End,1000,0,0,TTAGGG
contig-0001181_End,1000,2,0,TTAGGG
contig-0001182_End,1000,0,0,TTAGGG
contig-0001183_End,1000,0,0,TTAGGG
contig-0001184_End,1000,1,1,TTAGGG
contig-0001185_End,1000,0,0,TTAGGG
contig-0001186_End,1000,0,0,TTAGGG
contig-0001187_End,1000,0,1,TTAGGG
contig-0001188_End,1000,0,0,TTAGGG
contig-0001189_End,1000,0,0,TTAGGG
contig-0001191_End,1000,0,0,TTAGGG
contig-0001192_End,1000,0,0,TTAGGG
contig-0001193_End,1000,0,0,TTAGGG
contig-0001194_End,1000,0,1,TTAGGG
contig-0001195_End,1000,0,0,TTAGGG
contig-0001196_End,1000,0,0,TTAGGG
contig-0001197_End,1000,0,0,TTAGGG
contig-0001198_End,1000,0,0,TTAGGG
contig-0001199_End,1000,0,0,TTAGGG
contig-0001200_End,1000,1,0,TTAGGG
contig-0001201_End,1000,0,0,TTAGGG
contig-0001202_End,1000,0,1,TTAGGG
contig-0001203_End,1000,0,0,TTAGGG
contig-0001204_End,1000,0,1,TTAGGG
contig-0001205_End,1000,0,0,TTAGGG
contig-0001206_End,1000,0,0,TTAGGG
contig-0001207_End,1000,0,0,TTAGGG
contig-0001208_End,1000,0,0,TTAGGG
contig-0001209_End,1000,0,0,TTAGGG
contig-0001210_End,1000,0,0,TTAGGG
contig-0001211_End,1000,0,0,TTAGGG
contig-0001212_End,1000,0,0,TTAGGG
contig-0001213_End,1000,0,0,TTAGGG
contig-0001214_End,1000,0,0,TTAGGG
contig-0001215_End,1000,0,0,TTAGGG
contig-0001216_End,1000,0,0,TTAGGG
contig-0001217_End,1000,0,0,TTAGGG
contig-0001218_End,1000,0,0,TTAGGG
contig-0001219_End,1000,0,0,TTAGGG
contig-0001220_End,1000,0,0,TTAGGG
contig-0001221_End,1000,0,0,TTAGGG
contig-0001222_End,1000,0,0,TTAGGG
contig-0001223_End,1000,0,0,TTAGGG
contig-0001224_End,1000,0,0,TTAGGG
contig-0001225_End,1000,0,0,TTAGGG
contig-0001226_End,1000,0,0,TTAGGG
contig-0001227_End,1000,0,0,TTAGGG
contig-0001228_End,1000,0,0,TTAGGG
contig-0001229_End,1000,0,0,TTAGGG
contig-0001230_End,1000,0,0,TTAGGG
contig-0001231_End,1000,0,0,TTAGGG
contig-0001232_End,1000,0,0,TTAGGG
contig-0001233_End,1000,0,0,TTAGGG
contig-0001234_End,1000,0,0,TTAGGG
contig-0001235_End,1000,0,0,TTAGGG
contig-0001236_End,1000,0,0,TTAGGG
contig-0001237_End,1000,2,0,TTAGGG
contig-0001238_End,1000,0,0,TTAGGG
contig-0001239_End,1000,0,0,TTAGGG
contig-0001240_End,1000,0,0,TTAGGG
contig-0001241_End,1000,1,0,TTAGGG
contig-0001242_End,1000,0,0,TTAGGG
contig-0001243_End,1000,0,0,TTAGGG
contig-0001244_End,1000,0,0,TTAGGG
contig-0001245_End,1000,0,1,TTAGGG
contig-0001246_End,1000,0,1,TTAGGG
contig-0001247_End,1000,0,0,TTAGGG
contig-0001248_End,1000,0,1,TTAGGG
contig-0001249_End,1000,0,0,TTAGGG
contig-0001250_End,1000,0,0,TTAGGG
contig-0001251_End,1000,0,0,TTAGGG
contig-0001252_End,1000,0,0,TTAGGG
contig-0001253_End,1000,0,1,TTAGGG
contig-0001254_End,1000,0,0,TTAGGG
contig-0001255_End,1000,0,0,TTAGGG
contig-0001256_End,1000,0,1,TTAGGG
contig-0001257_End,1000,0,0,TTAGGG
contig-0001258_End,1000,1,0,TTAGGG
contig-0001259_End,1000,1,0,TTAGGG
contig-0001260_End,1000,0,0,TTAGGG
contig-0001261_End,1000,0,0,TTAGGG
contig-0001263_End,1000,1,1,TTAGGG
contig-0001264_End,1000,0,0,TTAGGG
contig-0001265_End,1000,0,0,TTAGGG
contig-0001266_End,1000,0,1,TTAGGG
contig-0001267_End,1000,0,0,TTAGGG
contig-0001268_End,1000,1,1,TTAGGG
contig-0001269_End,1000,1,0,TTAGGG
contig-0001270_End,1000,0,0,TTAGGG
contig-0001271_End,1000,0,1,TTAGGG
contig-0001272_End,1000,0,0,TTAGGG
contig-0001273_End,1000,0,0,TTAGGG
contig-0001274_End,1000,0,0,TTAGGG
contig-0001275_End,1000,0,0,TTAGGG
contig-0001276_End,1000,0,1,TTAGGG
contig-0001277_End,1000,0,0,TTAGGG
contig-0001278_End,1000,1,0,TTAGGG
contig-0001279_End,1000,0,0,TTAGGG
contig-0001280_End,1000,0,0,TTAGGG
contig-0001281_End,1000,0,0,TTAGGG
contig-0001282_End,1000,0,0,TTAGGG
contig-0001283_End,1000,0,0,TTAGGG
contig-0001284_End,1000,0,0,TTAGGG
contig-0001285_End,1000,0,1,TTAGGG
contig-0001286_End,1000,0,0,TTAGGG
contig-0001287_End,1000,0,0,TTAGGG
contig-0001288_End,1000,1,0,TTAGGG
contig-0001289_End,1000,0,0,TTAGGG
contig-0001290_End,1000,0,0,TTAGGG
contig-0001291_End,1000,0,0,TTAGGG
contig-0001292_End,1000,0,0,TTAGGG
contig-0001293_End,1000,0,0,TTAGGG
contig-0001294_End,1000,0,0,TTAGGG
contig-0001295_End,1000,0,0,TTAGGG
contig-0001296_End,1000,0,0,TTAGGG
contig-0001297_End,1000,0,0,TTAGGG
contig-0001298_End,1000,0,0,TTAGGG
contig-0001299_End,1000,0,0,TTAGGG
contig-0001300_End,1000,0,0,TTAGGG
contig-0001301_End,1000,0,0,TTAGGG
contig-0001302_End,1000,0,0,TTAGGG
contig-0001303_End,1000,0,0,TTAGGG
contig-0001304_End,1000,1,0,TTAGGG
contig-0001305_End,1000,0,0,TTAGGG
contig-0001306_End,1000,3,0,TTAGGG
contig-0001307_End,1000,0,0,TTAGGG
contig-0001308_End,1000,0,0,TTAGGG
contig-0001309_End,1000,3,0,TTAGGG
contig-0001310_End,1000,0,1,TTAGGG
contig-0001311_End,1000,0,0,TTAGGG
contig-0001312_End,1000,0,0,TTAGGG
contig-0001313_End,1000,0,0,TTAGGG
contig-0001314_End,1000,1,0,TTAGGG
contig-0001315_End,1000,0,0,TTAGGG
contig-0001316_End,1000,0,0,TTAGGG
contig-0001317_End,1000,0,0,TTAGGG
contig-0001318_End,1000,0,0,TTAGGG
contig-0001319_End,1000,0,0,TTAGGG
contig-0001320_End,1000,0,0,TTAGGG
contig-0001321_End,1000,0,0,TTAGGG
contig-0001322_End,1000,0,0,TTAGGG
contig-0001323_End,1000,0,1,TTAGGG
contig-0001324_End,1000,0,1,TTAGGG
contig-0001325_End,1000,0,0,TTAGGG
contig-0001326_End,1000,0,3,TTAGGG
contig-0001327_End,1000,0,0,TTAGGG
contig-0001328_End,1000,0,1,TTAGGG
contig-0001329_End,1000,0,0,TTAGGG
contig-0001330_End,1000,0,0,TTAGGG
contig-0001331_End,1000,0,0,TTAGGG
contig-0001332_End,1000,0,1,TTAGGG
contig-0001333_End,1000,0,1,TTAGGG
contig-0001334_End,1000,0,0,TTAGGG
contig-0001335_End,1000,0,0,TTAGGG
contig-0001336_End,1000,0,0,TTAGGG
contig-0001337_End,1000,0,1,TTAGGG
contig-0001338_End,1000,0,0,TTAGGG
contig-0001339_End,1000,1,0,TTAGGG
contig-0001340_End,1000,0,0,TTAGGG
contig-0001341_End,1000,0,0,TTAGGG
contig-0001342_End,1000,0,1,TTAGGG
contig-0001343_End,1000,0,0,TTAGGG
contig-0001344_End,1000,3,0,TTAGGG
contig-0001345_End,1000,1,0,TTAGGG
contig-0001346_End,1000,1,0,TTAGGG
contig-0001347_End,1000,1,0,TTAGGG
contig-0001348_End,1000,0,0,TTAGGG
contig-0001349_End,1000,1,0,TTAGGG
contig-0001350_End,1000,0,0,TTAGGG
contig-0001351_End,1000,1,0,TTAGGG
contig-0001352_End,1000,0,0,TTAGGG
contig-0001353_End,1000,0,0,TTAGGG
contig-0001354_End,1000,0,0,TTAGGG
contig-0001355_End,1000,0,2,TTAGGG
contig-0001356_End,1000,1,0,TTAGGG
contig-0001357_End,1000,1,0,TTAGGG
contig-0001358_End,1000,1,0,TTAGGG
contig-0001359_End,1000,0,0,TTAGGG
contig-0001360_End,1000,1,0,TTAGGG
contig-0001361_End,1000,0,0,TTAGGG
contig-0001362_End,1000,1,0,TTAGGG
contig-0001363_End,1000,0,0,TTAGGG
contig-0001364_End,1000,0,0,TTAGGG
contig-0001365_End,1000,0,1,TTAGGG
contig-0001366_End,1000,0,0,TTAGGG
contig-0001367_End,1000,0,0,TTAGGG
contig-0001368_End,1000,0,0,TTAGGG
contig-0001369_End,1000,0,0,TTAGGG
contig-0001370_End,1000,1,0,TTAGGG
contig-0001371_End,1000,1,0,TTAGGG
contig-0001372_End,1000,0,1,TTAGGG
contig-0001373_End,1000,0,1,TTAGGG
contig-0001374_End,1000,0,0,TTAGGG
contig-0001375_End,1000,0,0,TTAGGG
contig-0001376_End,1000,0,0,TTAGGG
contig-0001377_End,1000,0,0,TTAGGG
contig-0001378_End,1000,0,0,TTAGGG
contig-0001379_End,1000,0,0,TTAGGG
contig-0001380_End,1000,0,0,TTAGGG
contig-0001381_End,1000,1,0,TTAGGG
contig-0001382_End,1000,0,1,TTAGGG
contig-0001383_End,1000,0,1,TTAGGG
contig-0001384_End,1000,0,1,TTAGGG
contig-0001385_End,1000,1,0,TTAGGG
contig-0001386_End,1000,0,1,TTAGGG
contig-0001387_End,1000,0,0,TTAGGG
contig-0001388_End,1000,1,0,TTAGGG
contig-0001389_End,1000,0,0,TTAGGG
contig-0001390_End,1000,1,0,TTAGGG
contig-0001391_End,1000,0,0,TTAGGG
contig-0001392_End,1000,0,1,TTAGGG
contig-0001393_End,1000,1,0,TTAGGG
contig-0001394_End,1000,0,0,TTAGGG
contig-0001395_End,1000,0,1,TTAGGG
contig-0001396_End,1000,0,0,TTAGGG
contig-0001397_End,1000,0,0,TTAGGG
contig-0001398_End,1000,1,0,TTAGGG
contig-0001399_End,1000,1,0,TTAGGG
contig-0001400_End,1000,0,0,TTAGGG
contig-0001401_End,1000,0,0,TTAGGG
contig-0001402_End,1000,0,2,TTAGGG
contig-0001403_End,1000,1,0,TTAGGG
contig-0001404_End,1000,0,0,TTAGGG
contig-0001405_End,1000,0,0,TTAGGG
contig-0001406_End,1000,0,0,TTAGGG
contig-0001407_End,1000,0,0,TTAGGG
contig-0001408_End,1000,0,0,TTAGGG
contig-0001409_End,1000,0,1,TTAGGG
contig-0001410_End,1000,0,0,TTAGGG
contig-0001411_End,1000,0,0,TTAGGG
contig-0001412_End,1000,0,0,TTAGGG
contig-0001413_End,1000,1,0,TTAGGG
contig-0001414_End,1000,0,0,TTAGGG
contig-0001415_End,1000,0,1,TTAGGG
contig-0001416_End,1000,0,0,TTAGGG
contig-0001417_End,1000,0,0,TTAGGG
contig-0001418_End,1000,0,1,TTAGGG
contig-0001419_End,1000,0,0,TTAGGG
contig-0001420_End,1000,0,0,TTAGGG
contig-0001421_End,1000,0,0,TTAGGG
contig-0001422_End,1000,0,1,TTAGGG
contig-0001423_End,1000,0,0,TTAGGG
contig-0001424_End,1000,0,0,TTAGGG
contig-0001425_End,1000,0,0,TTAGGG
contig-0001426_End,1000,0,0,TTAGGG
contig-0001427_End,1000,0,1,TTAGGG
contig-0001428_End,1000,0,0,TTAGGG
contig-0001429_End,1000,0,0,TTAGGG
contig-0001430_End,1000,0,0,TTAGGG
contig-0001431_End,1000,0,0,TTAGGG
contig-0001432_End,1000,0,0,TTAGGG
contig-0001433_End,1000,0,0,TTAGGG
contig-0001434_End,1000,0,0,TTAGGG
contig-0001435_End,1000,1,0,TTAGGG
contig-0001436_End,1000,0,0,TTAGGG
contig-0001437_End,1000,0,0,TTAGGG
contig-0001438_End,1000,0,1,TTAGGG
contig-0001439_End,1000,0,0,TTAGGG
contig-0001440_End,1000,0,0,TTAGGG
contig-0001441_End,1000,0,0,TTAGGG
contig-0001442_End,1000,0,1,TTAGGG
contig-0001444_End,1000,0,0,TTAGGG
contig-0001445_End,1000,0,0,TTAGGG
contig-0001446_End,1000,0,0,TTAGGG
contig-0001447_End,1000,0,0,TTAGGG
contig-0001448_End,1000,1,0,TTAGGG
contig-0001449_End,1000,0,0,TTAGGG
contig-0001450_End,1000,0,0,TTAGGG
contig-0001451_End,1000,0,0,TTAGGG
contig-0001452_End,1000,0,0,TTAGGG
contig-0001453_End,1000,0,1,TTAGGG
contig-0001454_End,1000,0,2,TTAGGG
contig-0001455_End,1000,1,0,TTAGGG
contig-0001456_End,1000,0,0,TTAGGG
contig-0001457_End,1000,1,0,TTAGGG
contig-0001458_End,1000,1,0,TTAGGG
contig-0001459_End,1000,0,0,TTAGGG
contig-0001460_End,1000,0,0,TTAGGG
contig-0001461_End,1000,0,1,TTAGGG
contig-0001462_End,1000,0,0,TTAGGG
contig-0001463_End,1000,1,0,TTAGGG
contig-0001464_End,1000,0,0,TTAGGG
contig-0001465_End,1000,0,0,TTAGGG
contig-0001466_End,1000,1,0,TTAGGG
contig-0001467_End,1000,0,0,TTAGGG
contig-0001468_End,1000,0,0,TTAGGG
contig-0001469_End,1000,0,0,TTAGGG
contig-0001470_End,1000,0,0,TTAGGG
contig-0001471_End,1000,0,0,TTAGGG
contig-0001472_End,1000,0,0,TTAGGG
contig-0001473_End,1000,0,0,TTAGGG
contig-0001474_End,1000,0,0,TTAGGG
contig-0001475_End,1000,0,0,TTAGGG
contig-0001476_End,1000,0,0,TTAGGG
contig-0001477_End,1000,0,0,TTAGGG
contig-0001478_End,1000,0,0,TTAGGG
contig-0001479_End,1000,0,0,TTAGGG
contig-0001480_End,1000,0,0,TTAGGG
contig-0001481_End,1000,1,0,TTAGGG
contig-0001482_End,1000,0,0,TTAGGG
contig-0001483_End,1000,0,1,TTAGGG
contig-0001484_End,1000,0,0,TTAGGG
contig-0001485_End,1000,0,0,TTAGGG
contig-0001486_End,1000,0,0,TTAGGG
contig-0001487_End,1000,0,1,TTAGGG
contig-0001488_End,1000,0,1,TTAGGG
contig-0001489_End,1000,1,0,TTAGGG
contig-0001490_End,1000,0,0,TTAGGG
contig-0001491_End,1000,0,0,TTAGGG
contig-0001492_End,1000,0,0,TTAGGG
contig-0001493_End,1000,0,0,TTAGGG
contig-0001494_End,1000,0,0,TTAGGG
contig-0001495_End,1000,0,0,TTAGGG
contig-0001496_End,1000,0,0,TTAGGG
contig-0001497_End,1000,1,0,TTAGGG
contig-0001498_End,1000,0,0,TTAGGG
contig-0001499_End,1000,0,0,TTAGGG
contig-0001500_End,1000,0,0,TTAGGG
contig-0001501_End,1000,0,0,TTAGGG
contig-0001502_End,1000,0,0,TTAGGG
contig-0001503_End,1000,2,0,TTAGGG
contig-0001504_End,1000,0,0,TTAGGG
contig-0001505_End,1000,0,0,TTAGGG
contig-0001506_End,1000,0,1,TTAGGG
contig-0001507_End,1000,0,1,TTAGGG
contig-0001508_End,1000,0,0,TTAGGG
contig-0001509_End,1000,0,0,TTAGGG
contig-0001510_End,1000,0,0,TTAGGG
contig-0001511_End,1000,0,0,TTAGGG
contig-0001512_End,1000,1,0,TTAGGG
contig-0001513_End,1000,0,0,TTAGGG
contig-0001514_End,1000,0,0,TTAGGG
contig-0001515_End,1000,1,0,TTAGGG
contig-0001516_End,1000,1,2,TTAGGG
contig-0001517_End,1000,0,0,TTAGGG
contig-0001518_End,1000,0,0,TTAGGG
contig-0001519_End,1000,0,0,TTAGGG
contig-0001520_End,1000,0,0,TTAGGG
contig-0001521_End,1000,0,1,TTAGGG
contig-0001522_End,1000,0,0,TTAGGG
contig-0001523_End,1000,0,0,TTAGGG
contig-0001524_End,1000,0,0,TTAGGG
contig-0001525_End,1000,0,0,TTAGGG
contig-0001526_End,1000,1,1,TTAGGG
contig-0001527_End,1000,2,0,TTAGGG
contig-0001528_End,1000,0,0,TTAGGG
contig-0001529_End,1000,0,0,TTAGGG
contig-0001530_End,1000,0,1,TTAGGG
contig-0001531_End,1000,0,0,TTAGGG
contig-0001532_End,1000,0,0,TTAGGG
contig-0001533_End,1000,0,0,TTAGGG
contig-0001534_End,1000,0,0,TTAGGG
contig-0001535_End,1000,0,0,TTAGGG
contig-0001536_End,1000,0,0,TTAGGG
contig-0001537_End,1000,0,0,TTAGGG
contig-0001538_End,1000,0,0,TTAGGG
contig-0001539_End,1000,0,0,TTAGGG
contig-0001540_End,1000,0,0,TTAGGG
contig-0001541_End,1000,0,0,TTAGGG
contig-0001542_End,1000,0,0,TTAGGG
contig-0001543_End,1000,0,0,TTAGGG
contig-0001544_End,1000,0,0,TTAGGG
contig-0001545_End,1000,0,0,TTAGGG
contig-0001546_End,1000,1,1,TTAGGG
contig-0001547_End,1000,0,0,TTAGGG
contig-0001548_End,1000,0,0,TTAGGG
contig-0001549_End,1000,0,0,TTAGGG
contig-0001550_End,1000,0,0,TTAGGG
contig-0001551_End,1000,0,0,TTAGGG
contig-0001552_End,1000,1,0,TTAGGG
contig-0001553_End,1000,0,0,TTAGGG
contig-0001554_End,1000,0,0,TTAGGG
contig-0001555_End,1000,1,0,TTAGGG
contig-0001556_End,1000,1,0,TTAGGG
contig-0001557_End,1000,0,0,TTAGGG
contig-0001558_End,1000,0,0,TTAGGG
contig-0001559_End,1000,0,0,TTAGGG
contig-0001560_End,1000,0,0,TTAGGG
contig-0001561_End,1000,0,0,TTAGGG
contig-0001562_End,1000,0,0,TTAGGG
contig-0001563_End,1000,1,0,TTAGGG
contig-0001564_End,1000,0,0,TTAGGG
contig-0001565_End,1000,0,0,TTAGGG
contig-0001566_End,1000,0,0,TTAGGG
contig-0001567_End,1000,0,0,TTAGGG
contig-0001568_End,1000,0,0,TTAGGG
contig-0001569_End,1000,0,0,TTAGGG
contig-0001570_End,1000,0,0,TTAGGG
contig-0001571_End,1000,0,0,TTAGGG
contig-0001572_End,1000,0,0,TTAGGG
contig-0001573_End,1000,1,0,TTAGGG
contig-0001574_End,1000,1,0,TTAGGG
contig-0001575_End,1000,0,0,TTAGGG
contig-0001576_End,1000,0,0,TTAGGG
contig-0001577_End,1000,0,0,TTAGGG
contig-0001578_End,1000,0,0,TTAGGG
contig-0001579_End,1000,0,0,TTAGGG
contig-0001580_End,1000,0,1,TTAGGG
contig-0001581_End,1000,0,0,TTAGGG
contig-0001582_End,1000,0,0,TTAGGG
contig-0001583_End,1000,0,0,TTAGGG
contig-0001584_End,1000,0,0,TTAGGG
contig-0001585_End,1000,0,0,TTAGGG
contig-0001586_End,1000,0,0,TTAGGG
contig-0001587_End,1000,0,0,TTAGGG
contig-0001588_End,1000,1,1,TTAGGG
contig-0001589_End,1000,0,0,TTAGGG
contig-0001590_End,1000,0,1,TTAGGG
contig-0001591_End,1000,0,0,TTAGGG
contig-0001592_End,1000,0,0,TTAGGG
contig-0001593_End,1000,0,0,TTAGGG
contig-0001594_End,1000,0,0,TTAGGG
contig-0001595_End,1000,0,0,TTAGGG
contig-0001596_End,1000,0,0,TTAGGG
contig-0001597_End,1000,0,0,TTAGGG
contig-0001598_End,1000,0,0,TTAGGG
contig-0001599_End,1000,0,0,TTAGGG
contig-0001600_End,1000,0,1,TTAGGG
contig-0001601_End,1000,0,0,TTAGGG
contig-0001602_End,1000,0,0,TTAGGG
contig-0001603_End,1000,0,0,TTAGGG
contig-0001604_End,1000,0,0,TTAGGG
contig-0001605_End,1000,0,0,TTAGGG
contig-0001606_End,1000,0,0,TTAGGG
contig-0001607_End,1000,0,1,TTAGGG
contig-0001608_End,1000,0,2,TTAGGG
contig-0001609_End,1000,0,0,TTAGGG
contig-0001610_End,1000,0,0,TTAGGG
contig-0001611_End,1000,0,0,TTAGGG
contig-0001612_End,1000,0,0,TTAGGG
contig-0001613_End,1000,0,0,TTAGGG
contig-0001614_End,1000,1,0,TTAGGG
contig-0001615_End,1000,0,1,TTAGGG
contig-0001616_End,1000,1,0,TTAGGG
contig-0001617_End,1000,0,0,TTAGGG
contig-0001618_End,1000,0,0,TTAGGG
contig-0001619_End,1000,0,0,TTAGGG
contig-0001620_End,1000,0,0,TTAGGG
contig-0001621_End,1000,0,0,TTAGGG
contig-0001622_End,1000,1,0,TTAGGG
contig-0001623_End,1000,0,0,TTAGGG
contig-0001624_End,1000,0,0,TTAGGG
contig-0001625_End,1000,0,0,TTAGGG
contig-0001626_End,1000,0,0,TTAGGG
contig-0001627_End,1000,0,0,TTAGGG
contig-0001628_End,1000,0,0,TTAGGG
contig-0001629_End,1000,0,0,TTAGGG
contig-0001630_End,1000,1,0,TTAGGG
contig-0001631_End,1000,0,0,TTAGGG
contig-0001632_End,1000,0,0,TTAGGG
contig-0001633_End,1000,0,0,TTAGGG
contig-0001634_End,1000,0,0,TTAGGG
contig-0001635_End,1000,1,0,TTAGGG
contig-0001636_End,1000,0,0,TTAGGG
contig-0001637_End,1000,0,0,TTAGGG
contig-0001638_End,1000,0,0,TTAGGG
contig-0001639_End,1000,1,1,TTAGGG
contig-0001640_End,1000,0,0,TTAGGG
contig-0001641_End,1000,0,0,TTAGGG
contig-0001642_End,1000,0,0,TTAGGG
contig-0001643_End,1000,0,0,TTAGGG
contig-0001644_End,1000,0,0,TTAGGG
contig-0001645_End,1000,0,0,TTAGGG
contig-0001646_End,1000,0,0,TTAGGG
contig-0001647_End,1000,1,0,TTAGGG
contig-0001648_End,1000,0,0,TTAGGG
contig-0001649_End,1000,0,0,TTAGGG
contig-0001650_End,1000,0,0,TTAGGG
contig-0001651_End,1000,0,0,TTAGGG
contig-0001652_End,1000,0,0,TTAGGG
contig-0001653_End,1000,1,1,TTAGGG
contig-0001654_End,1000,0,0,TTAGGG
contig-0001655_End,1000,1,0,TTAGGG
contig-0001656_End,1000,0,0,TTAGGG
contig-0001657_End,1000,0,0,TTAGGG
contig-0001658_End,1000,0,0,TTAGGG
contig-0001659_End,1000,1,0,TTAGGG
contig-0001660_End,1000,1,2,TTAGGG
contig-0001661_End,1000,0,1,TTAGGG
contig-0001662_End,1000,1,0,TTAGGG
contig-0001663_End,1000,0,0,TTAGGG
contig-0001664_End,1000,2,0,TTAGGG
contig-0001665_End,1000,0,0,TTAGGG
contig-0001666_End,1000,0,0,TTAGGG
contig-0001667_End,1000,0,0,TTAGGG
contig-0001668_End,1000,0,0,TTAGGG
contig-0001669_End,1000,0,0,TTAGGG
contig-0001670_End,1000,0,1,TTAGGG
contig-0001671_End,1000,0,1,TTAGGG
contig-0001672_End,1000,0,0,TTAGGG
contig-0001673_End,1000,0,0,TTAGGG
contig-0001674_End,1000,0,0,TTAGGG
contig-0001675_End,1000,0,0,TTAGGG
contig-0001676_End,1000,0,0,TTAGGG
contig-0001677_End,1000,0,0,TTAGGG
contig-0001678_End,1000,0,0,TTAGGG
contig-0001679_End,1000,0,0,TTAGGG
contig-0001680_End,1000,1,0,TTAGGG
contig-0001681_End,1000,1,0,TTAGGG
contig-0001682_End,1000,0,0,TTAGGG
contig-0001683_End,1000,0,1,TTAGGG
contig-0001684_End,1000,0,1,TTAGGG
contig-0001685_End,1000,1,0,TTAGGG
contig-0001686_End,1000,1,1,TTAGGG
contig-0001687_End,1000,0,1,TTAGGG
contig-0001688_End,1000,0,0,TTAGGG
contig-0001689_End,1000,0,0,TTAGGG
contig-0001690_End,1000,0,1,TTAGGG
contig-0001691_End,1000,0,1,TTAGGG
contig-0001692_End,1000,0,0,TTAGGG
contig-0001693_End,1000,1,0,TTAGGG
contig-0001694_End,1000,2,0,TTAGGG
contig-0001695_End,1000,1,0,TTAGGG
contig-0001696_End,1000,0,0,TTAGGG
contig-0001697_End,1000,0,0,TTAGGG
contig-0001698_End,1000,0,0,TTAGGG
contig-0001699_End,1000,0,1,TTAGGG
contig-0001700_End,1000,0,0,TTAGGG
contig-0001701_End,1000,0,0,TTAGGG
contig-0001702_End,1000,0,2,TTAGGG
contig-0001703_End,1000,0,0,TTAGGG
contig-0001704_End,1000,0,0,TTAGGG
contig-0001705_End,1000,0,0,TTAGGG
contig-0001706_End,1000,0,0,TTAGGG
contig-0001707_End,1000,0,0,TTAGGG
contig-0001708_End,1000,0,0,TTAGGG
contig-0001709_End,1000,0,0,TTAGGG
contig-0001710_End,1000,1,0,TTAGGG
contig-0001711_End,1000,0,1,TTAGGG
contig-0001712_End,1000,0,1,TTAGGG
contig-0001713_End,1000,0,0,TTAGGG
contig-0001714_End,1000,0,0,TTAGGG
contig-0001715_End,1000,0,0,TTAGGG
contig-0001716_End,1000,0,0,TTAGGG
contig-0001717_End,1000,0,0,TTAGGG
contig-0001718_End,1000,0,1,TTAGGG
contig-0001719_End,1000,3,0,TTAGGG
contig-0001720_End,1000,0,1,TTAGGG
contig-0001721_End,1000,0,0,TTAGGG
contig-0001722_End,1000,0,0,TTAGGG
contig-0001723_End,1000,0,0,TTAGGG
contig-0001724_End,1000,0,0,TTAGGG
contig-0001725_End,1000,2,1,TTAGGG
contig-0001726_End,1000,2,0,TTAGGG
contig-0001727_End,1000,0,0,TTAGGG
contig-0001728_End,1000,0,0,TTAGGG
contig-0001729_End,1000,0,0,TTAGGG
contig-0001730_End,1000,1,0,TTAGGG
contig-0001731_End,1000,1,0,TTAGGG
contig-0001732_End,1000,1,0,TTAGGG
contig-0001733_End,1000,0,0,TTAGGG
contig-0001734_End,1000,0,0,TTAGGG
contig-0001735_End,1000,0,0,TTAGGG
contig-0001736_End,1000,0,0,TTAGGG
contig-0001737_End,1000,0,0,TTAGGG
contig-0001738_End,1000,0,0,TTAGGG
contig-0001739_End,1000,0,0,TTAGGG
contig-0001740_End,1000,1,0,TTAGGG
contig-0001741_End,1000,0,0,TTAGGG
contig-0001742_End,1000,0,1,TTAGGG
contig-0001743_End,1000,0,0,TTAGGG
contig-0001744_End,1000,0,1,TTAGGG
contig-0001745_End,1000,0,0,TTAGGG
contig-0001746_End,1000,0,0,TTAGGG
contig-0001747_End,1000,0,1,TTAGGG
contig-0001748_End,1000,0,0,TTAGGG
contig-0001749_End,1000,0,1,TTAGGG
contig-0001750_End,1000,1,0,TTAGGG
contig-0001751_End,1000,0,0,TTAGGG
contig-0001752_End,1000,1,0,TTAGGG
contig-0001753_End,1000,0,0,TTAGGG
contig-0001754_End,1000,0,0,TTAGGG
contig-0001755_End,1000,0,0,TTAGGG
contig-0001756_End,1000,0,1,TTAGGG
contig-0001757_End,1000,0,0,TTAGGG
contig-0001758_End,1000,0,0,TTAGGG
contig-0001759_End,1000,0,0,TTAGGG
contig-0001760_End,1000,0,0,TTAGGG
contig-0001761_End,1000,0,0,TTAGGG
contig-0001762_End,1000,0,0,TTAGGG
contig-0001763_End,1000,1,0,TTAGGG
contig-0001764_End,1000,1,0,TTAGGG
contig-0001765_End,1000,0,0,TTAGGG
contig-0001766_End,1000,0,1,TTAGGG
contig-0001767_End,1000,0,1,TTAGGG
contig-0001768_End,1000,2,1,TTAGGG
contig-0001769_End,1000,0,0,TTAGGG
contig-0001770_End,1000,0,0,TTAGGG
contig-0001771_End,1000,0,0,TTAGGG
contig-0001772_End,1000,0,1,TTAGGG
contig-0001773_End,1000,0,0,TTAGGG
contig-0001774_End,1000,0,1,TTAGGG
contig-0001775_End,1000,0,0,TTAGGG
contig-0001776_End,1000,0,1,TTAGGG
contig-0001777_End,1000,4,0,TTAGGG
contig-0001778_End,1000,0,0,TTAGGG
contig-0001779_End,1000,0,0,TTAGGG
contig-0001780_End,1000,1,0,TTAGGG
contig-0001781_End,1000,0,0,TTAGGG
contig-0001782_End,1000,0,0,TTAGGG
contig-0001783_End,1000,0,0,TTAGGG
contig-0001784_End,1000,0,0,TTAGGG
contig-0001785_End,1000,0,0,TTAGGG
contig-0001786_End,1000,0,0,TTAGGG
contig-0001787_End,1000,0,0,TTAGGG
contig-0001788_End,1000,0,0,TTAGGG
contig-0001789_End,1000,0,0,TTAGGG
contig-0001790_End,1000,0,0,TTAGGG
contig-0001791_End,1000,0,1,TTAGGG
contig-0001792_End,1000,0,1,TTAGGG
contig-0001793_End,1000,0,1,TTAGGG
contig-0001794_End,1000,0,0,TTAGGG
contig-0001795_End,1000,0,1,TTAGGG
contig-0001796_End,1000,0,0,TTAGGG
contig-0001797_End,1000,0,0,TTAGGG
contig-0001798_End,1000,1,0,TTAGGG
contig-0001799_End,1000,0,1,TTAGGG
contig-0001800_End,1000,1,0,TTAGGG
contig-0001801_End,1000,0,1,TTAGGG
contig-0001802_End,1000,0,0,TTAGGG
contig-0001803_End,1000,2,0,TTAGGG
contig-0001804_End,1000,0,0,TTAGGG
contig-0001805_End,1000,2,0,TTAGGG
contig-0001806_End,1000,0,0,TTAGGG
contig-0001807_End,1000,0,1,TTAGGG
contig-0001808_End,1000,1,0,TTAGGG
contig-0001809_End,1000,0,0,TTAGGG
contig-0001810_End,1000,1,0,TTAGGG
contig-0001811_End,1000,0,0,TTAGGG
contig-0001812_End,1000,0,0,TTAGGG
contig-0001813_End,1000,1,0,TTAGGG
contig-0001814_End,1000,0,0,TTAGGG
contig-0001815_End,1000,0,0,TTAGGG
contig-0001816_End,1000,0,0,TTAGGG
contig-0001817_End,1000,0,0,TTAGGG
contig-0001818_End,1000,0,0,TTAGGG
contig-0001819_End,1000,0,1,TTAGGG
contig-0001820_End,1000,0,0,TTAGGG
contig-0001821_End,1000,0,0,TTAGGG
contig-0001822_End,1000,0,0,TTAGGG
contig-0001823_End,1000,0,0,TTAGGG
contig-0001824_End,1000,0,1,TTAGGG
contig-0001825_End,1000,0,0,TTAGGG
contig-0001826_End,1000,0,0,TTAGGG
contig-0001827_End,1000,0,0,TTAGGG
contig-0001828_End,1000,3,1,TTAGGG
contig-0001829_End,1000,0,1,TTAGGG
contig-0001830_End,1000,0,0,TTAGGG
contig-0001831_End,1000,1,0,TTAGGG
contig-0001832_End,1000,0,0,TTAGGG
contig-0001833_End,1000,0,1,TTAGGG
contig-0001834_End,1000,0,0,TTAGGG
contig-0001835_End,1000,0,0,TTAGGG
contig-0001836_End,1000,0,0,TTAGGG
contig-0001837_End,1000,0,0,TTAGGG
contig-0001838_End,1000,0,1,TTAGGG
contig-0001839_End,1000,0,1,TTAGGG
contig-0001840_End,1000,0,0,TTAGGG
contig-0001841_End,1000,0,1,TTAGGG
contig-0001842_End,1000,0,0,TTAGGG
contig-0001843_End,1000,0,0,TTAGGG
contig-0001844_End,1000,0,0,TTAGGG
contig-0001845_End,1000,2,0,TTAGGG
contig-0001846_End,1000,0,0,TTAGGG
contig-0001847_End,1000,0,0,TTAGGG
contig-0001848_End,1000,0,0,TTAGGG
contig-0001849_End,1000,1,1,TTAGGG
contig-0001850_End,1000,0,0,TTAGGG
contig-0001851_End,1000,0,1,TTAGGG
contig-0001852_End,1000,0,0,TTAGGG
contig-0001853_End,1000,0,1,TTAGGG
contig-0001854_End,1000,0,0,TTAGGG
contig-0001855_End,1000,0,0,TTAGGG
contig-0001856_End,1000,0,0,TTAGGG
contig-0001857_End,1000,1,0,TTAGGG
contig-0001858_End,1000,0,1,TTAGGG
contig-0001859_End,1000,0,0,TTAGGG
contig-0001860_End,1000,0,0,TTAGGG
contig-0001861_End,1000,0,0,TTAGGG
contig-0001862_End,1000,1,0,TTAGGG
contig-0001863_End,1000,0,0,TTAGGG
contig-0001864_End,1000,0,0,TTAGGG
contig-0001865_End,1000,0,0,TTAGGG
contig-0001866_End,1000,1,0,TTAGGG
contig-0001867_End,1000,0,0,TTAGGG
contig-0001868_End,1000,0,1,TTAGGG
contig-0001869_End,1000,0,0,TTAGGG
contig-0001870_End,1000,0,0,TTAGGG
contig-0001871_End,1000,1,0,TTAGGG
contig-0001872_End,1000,0,1,TTAGGG
contig-0001873_End,1000,2,1,TTAGGG
contig-0001874_End,1000,1,0,TTAGGG
contig-0001875_End,1000,0,0,TTAGGG
contig-0001876_End,1000,0,0,TTAGGG
contig-0001877_End,1000,0,0,TTAGGG
contig-0001878_End,1000,1,1,TTAGGG
contig-0001879_End,1000,0,0,TTAGGG
contig-0001880_End,1000,0,1,TTAGGG
contig-0001881_End,1000,0,0,TTAGGG
contig-0001882_End,1000,0,0,TTAGGG
contig-0001883_End,1000,0,1,TTAGGG
contig-0001884_End,1000,0,0,TTAGGG
contig-0001885_End,1000,1,0,TTAGGG
contig-0001886_End,1000,2,0,TTAGGG
contig-0001887_End,1000,1,0,TTAGGG
contig-0001888_End,1000,0,0,TTAGGG
contig-0001889_End,1000,1,0,TTAGGG
contig-0001890_End,1000,1,0,TTAGGG
contig-0001891_End,1000,0,1,TTAGGG
contig-0001892_End,1000,1,0,TTAGGG
contig-0001893_End,1000,0,1,TTAGGG
contig-0001894_End,1000,0,0,TTAGGG
contig-0001895_End,1000,0,0,TTAGGG
contig-0001896_End,1000,0,0,TTAGGG
contig-0001897_End,1000,0,0,TTAGGG
contig-0001898_End,1000,0,0,TTAGGG
contig-0001899_End,1000,0,0,TTAGGG
contig-0001900_End,1000,0,0,TTAGGG
contig-0001901_End,1000,0,0,TTAGGG
contig-0001902_End,1000,0,1,TTAGGG
contig-0001903_End,1000,0,0,TTAGGG
contig-0001904_End,1000,0,1,TTAGGG
contig-0001905_End,1000,0,0,TTAGGG
contig-0001906_End,1000,0,0,TTAGGG
contig-0001907_End,1000,0,0,TTAGGG
contig-0001908_End,1000,1,0,TTAGGG
contig-0001909_End,1000,0,1,TTAGGG
contig-0001910_End,1000,0,0,TTAGGG
contig-0001911_End,1000,0,0,TTAGGG
contig-0001912_End,1000,0,0,TTAGGG
contig-0001913_End,1000,0,0,TTAGGG
contig-0001914_End,1000,0,0,TTAGGG
contig-0001915_End,1000,0,0,TTAGGG
contig-0001916_End,1000,0,0,TTAGGG
contig-0001917_End,1000,0,0,TTAGGG
contig-0001918_End,1000,1,0,TTAGGG
contig-0001919_End,1000,0,0,TTAGGG
contig-0001920_End,1000,0,0,TTAGGG
contig-0001921_End,1000,0,0,TTAGGG
contig-0001922_End,1000,0,1,TTAGGG
contig-0001923_End,1000,0,0,TTAGGG
contig-0001924_End,1000,0,0,TTAGGG
contig-0001925_End,1000,0,0,TTAGGG
contig-0001926_End,1000,0,0,TTAGGG
contig-0001927_End,1000,0,0,TTAGGG
contig-0001928_End,1000,0,0,TTAGGG
contig-0001929_End,1000,0,0,TTAGGG
contig-0001930_End,1000,0,1,TTAGGG
contig-0001931_End,1000,0,0,TTAGGG
contig-0001932_End,1000,0,0,TTAGGG
contig-0001933_End,1000,0,0,TTAGGG
contig-0001934_End,1000,0,0,TTAGGG
contig-0001935_End,1000,1,0,TTAGGG
contig-0001936_End,1000,1,1,TTAGGG
contig-0001937_End,1000,0,2,TTAGGG
contig-0001938_End,1000,1,0,TTAGGG
contig-0001939_End,1000,0,1,TTAGGG
contig-0001940_End,1000,0,1,TTAGGG
contig-0001941_End,1000,0,0,TTAGGG
contig-0001942_End,1000,0,0,TTAGGG
contig-0001943_End,1000,1,0,TTAGGG
contig-0001944_End,1000,0,2,TTAGGG
contig-0001945_End,1000,0,1,TTAGGG
contig-0001946_End,1000,1,0,TTAGGG
contig-0001947_End,1000,0,0,TTAGGG
contig-0001948_End,1000,0,0,TTAGGG
contig-0001949_End,1000,0,1,TTAGGG
contig-0001950_End,1000,0,1,TTAGGG
contig-0001951_End,1000,0,0,TTAGGG
contig-0001952_End,1000,0,0,TTAGGG
contig-0001953_End,1000,0,1,TTAGGG
contig-0001954_End,1000,0,0,TTAGGG
contig-0001955_End,1000,0,0,TTAGGG
contig-0001956_End,1000,0,0,TTAGGG
contig-0001957_End,1000,0,1,TTAGGG
contig-0001958_End,1000,1,0,TTAGGG
contig-0001959_End,1000,0,0,TTAGGG
contig-0001960_End,1000,1,1,TTAGGG
contig-0001961_End,1000,0,0,TTAGGG
contig-0001962_End,1000,0,0,TTAGGG
contig-0001963_End,1000,0,0,TTAGGG
contig-0001964_End,1000,0,0,TTAGGG
contig-0001965_End,1000,0,1,TTAGGG
contig-0001966_End,1000,0,0,TTAGGG
contig-0001967_End,1000,0,1,TTAGGG
contig-0001968_End,1000,0,0,TTAGGG
contig-0001969_End,1000,164,0,TTAGGG
contig-0001970_End,1000,163,0,TTAGGG
contig-0001971_End,1000,0,1,TTAGGG
contig-0001972_End,1000,0,0,TTAGGG
contig-0001973_End,1000,0,0,TTAGGG
contig-0001974_End,1000,0,0,TTAGGG
contig-0001975_End,1000,0,0,TTAGGG
contig-0001976_End,1000,0,0,TTAGGG
contig-0001977_End,1000,0,1,TTAGGG
contig-0001978_End,1000,0,0,TTAGGG
contig-0001979_End,1000,0,0,TTAGGG
contig-0001980_End,1000,0,0,TTAGGG
contig-0001981_End,1000,1,1,TTAGGG
contig-0001982_End,1000,2,1,TTAGGG
contig-0001983_End,1000,0,0,TTAGGG
contig-0001984_End,1000,0,0,TTAGGG
contig-0001985_End,1000,0,0,TTAGGG
contig-0001986_End,1000,0,0,TTAGGG
contig-0001987_End,1000,0,0,TTAGGG
contig-0001988_End,1000,0,0,TTAGGG
contig-0001989_End,1000,0,0,TTAGGG
contig-0001990_End,1000,0,0,TTAGGG
contig-0001991_End,1000,0,1,TTAGGG
contig-0001992_End,1000,0,0,TTAGGG
contig-0001993_End,1000,0,0,TTAGGG
contig-0001994_End,1000,0,0,TTAGGG
contig-0001995_End,1000,0,0,TTAGGG
contig-0001996_End,1000,0,0,TTAGGG
contig-0001997_End,1000,0,0,TTAGGG
contig-0001998_End,1000,0,1,TTAGGG
contig-0001999_End,1000,0,0,TTAGGG
contig-0002000_End,1000,0,0,TTAGGG
contig-0002001_End,1000,0,0,TTAGGG
contig-0002002_End,1000,0,0,TTAGGG
contig-0002003_End,1000,0,1,TTAGGG
contig-0002004_End,1000,1,0,TTAGGG
contig-0002005_End,1000,0,0,TTAGGG
contig-0002006_End,1000,1,0,TTAGGG
contig-0002007_End,1000,0,0,TTAGGG
contig-0002008_End,1000,0,0,TTAGGG
contig-0002009_End,1000,0,0,TTAGGG
contig-0002010_End,1000,1,0,TTAGGG
contig-0002011_End,1000,1,0,TTAGGG
contig-0002012_End,1000,0,0,TTAGGG
contig-0002013_End,1000,0,0,TTAGGG
contig-0002014_End,1000,0,0,TTAGGG
contig-0002015_End,1000,0,0,TTAGGG
contig-0002016_End,1000,0,1,TTAGGG
contig-0002017_End,1000,0,1,TTAGGG
contig-0002018_End,1000,0,0,TTAGGG
contig-0002019_End,1000,0,1,TTAGGG
contig-0002020_End,1000,1,2,TTAGGG
contig-0002021_End,1000,0,0,TTAGGG
contig-0002022_End,1000,0,0,TTAGGG
contig-0002023_End,1000,0,0,TTAGGG
contig-0002024_End,1000,0,0,TTAGGG
contig-0002025_End,1000,0,0,TTAGGG
contig-0002026_End,1000,0,1,TTAGGG
contig-0002027_End,1000,0,0,TTAGGG
contig-0002028_End,1000,0,0,TTAGGG
contig-0002029_End,1000,0,0,TTAGGG
contig-0002030_End,1000,0,0,TTAGGG
contig-0002031_End,1000,0,0,TTAGGG
contig-0002032_End,1000,0,0,TTAGGG
contig-0002033_End,1000,0,0,TTAGGG
contig-0002034_End,1000,1,0,TTAGGG
contig-0002035_End,1000,0,0,TTAGGG
contig-0002036_End,1000,0,0,TTAGGG
contig-0002037_End,1000,0,0,TTAGGG
contig-0002038_End,1000,1,0,TTAGGG
contig-0002040_End,1000,0,0,TTAGGG
contig-0002041_End,1000,0,0,TTAGGG
contig-0002042_End,1000,0,0,TTAGGG
contig-0002043_End,1000,0,0,TTAGGG
contig-0002044_End,1000,0,0,TTAGGG
contig-0002045_End,1000,0,0,TTAGGG
contig-0002046_End,1000,0,0,TTAGGG
contig-0002047_End,1000,0,0,TTAGGG
contig-0002048_End,1000,0,0,TTAGGG
contig-0002049_End,1000,0,0,TTAGGG
contig-0002050_End,1000,0,0,TTAGGG
contig-0002051_End,1000,0,0,TTAGGG
contig-0002052_End,1000,1,0,TTAGGG
contig-0002053_End,1000,0,0,TTAGGG
contig-0002054_End,1000,0,0,TTAGGG
contig-0002055_End,1000,0,0,TTAGGG
contig-0002056_End,1000,0,0,TTAGGG
contig-0002057_End,1000,0,0,TTAGGG
contig-0002058_End,1000,1,0,TTAGGG
contig-0002059_End,1000,0,0,TTAGGG
contig-0002060_End,1000,0,0,TTAGGG
contig-0002061_End,1000,0,0,TTAGGG
contig-0002062_End,1000,0,0,TTAGGG
contig-0002063_End,1000,0,1,TTAGGG
contig-0002064_End,1000,0,1,TTAGGG
contig-0002065_End,1000,0,2,TTAGGG
contig-0002066_End,1000,0,0,TTAGGG
contig-0002067_End,1000,1,0,TTAGGG
contig-0002068_End,1000,0,0,TTAGGG
contig-0002069_End,1000,0,1,TTAGGG
contig-0002070_End,1000,1,0,TTAGGG
contig-0002071_End,1000,0,0,TTAGGG
contig-0002072_End,1000,0,0,TTAGGG
contig-0002073_End,1000,0,0,TTAGGG
contig-0002074_End,1000,0,0,TTAGGG
contig-0002075_End,1000,0,0,TTAGGG
contig-0002076_End,1000,0,0,TTAGGG
contig-0002077_End,1000,0,0,TTAGGG
contig-0002078_End,1000,0,0,TTAGGG
contig-0002079_End,1000,0,0,TTAGGG
contig-0002080_End,1000,1,0,TTAGGG
contig-0002081_End,1000,0,0,TTAGGG
contig-0002082_End,1000,0,0,TTAGGG
contig-0002083_End,1000,0,0,TTAGGG
contig-0002084_End,1000,0,0,TTAGGG
contig-0002085_End,1000,0,0,TTAGGG
contig-0002086_End,1000,0,0,TTAGGG
contig-0002087_End,1000,2,0,TTAGGG
contig-0002088_End,1000,0,2,TTAGGG
contig-0002089_End,1000,0,0,TTAGGG
contig-0002090_End,1000,1,0,TTAGGG
contig-0002091_End,1000,0,0,TTAGGG
contig-0002092_End,1000,0,1,TTAGGG
contig-0002093_End,1000,0,0,TTAGGG
contig-0002094_End,1000,0,0,TTAGGG
contig-0002095_End,1000,0,0,TTAGGG
contig-0002096_End,1000,1,0,TTAGGG
contig-0002097_End,1000,2,1,TTAGGG
contig-0002098_End,1000,0,0,TTAGGG
contig-0002099_End,1000,0,0,TTAGGG
contig-0002100_End,1000,0,0,TTAGGG
contig-0002101_End,1000,0,0,TTAGGG
contig-0002102_End,1000,0,0,TTAGGG
contig-0002103_End,1000,0,0,TTAGGG
contig-0002104_End,1000,0,0,TTAGGG
contig-0002105_End,1000,0,0,TTAGGG
contig-0002106_End,1000,0,0,TTAGGG
contig-0002107_End,1000,0,0,TTAGGG
contig-0002108_End,1000,0,0,TTAGGG
contig-0002109_End,1000,0,0,TTAGGG
contig-0002110_End,1000,0,0,TTAGGG
contig-0002111_End,1000,0,0,TTAGGG
contig-0002112_End,1000,0,0,TTAGGG
contig-0002113_End,1000,0,0,TTAGGG
contig-0002114_End,1000,1,0,TTAGGG
contig-0002115_End,1000,0,0,TTAGGG
contig-0002116_End,1000,0,0,TTAGGG
contig-0002117_End,1000,0,0,TTAGGG
contig-0002118_End,1000,0,0,TTAGGG
contig-0002119_End,1000,0,0,TTAGGG
contig-0002120_End,1000,0,0,TTAGGG
contig-0002121_End,1000,0,0,TTAGGG
contig-0002122_End,1000,0,0,TTAGGG
contig-0002123_End,1000,0,0,TTAGGG
contig-0002124_End,1000,0,0,TTAGGG
contig-0002125_End,1000,1,0,TTAGGG
contig-0002126_End,1000,0,0,TTAGGG
contig-0002127_End,1000,0,1,TTAGGG
contig-0002128_End,1000,1,0,TTAGGG
contig-0002129_End,1000,1,0,TTAGGG
contig-0002130_End,1000,0,0,TTAGGG
contig-0002131_End,1000,0,0,TTAGGG
contig-0002132_End,1000,0,0,TTAGGG
contig-0002133_End,1000,0,0,TTAGGG
contig-0002134_End,1000,0,1,TTAGGG
contig-0002135_End,1000,0,1,TTAGGG
contig-0002136_End,1000,0,0,TTAGGG
contig-0002137_End,1000,0,0,TTAGGG
contig-0002138_End,1000,0,0,TTAGGG
contig-0002139_End,1000,0,0,TTAGGG
contig-0002140_End,1000,0,0,TTAGGG
contig-0002141_End,1000,1,1,TTAGGG
contig-0002142_End,1000,0,0,TTAGGG
contig-0002143_End,1000,0,0,TTAGGG
contig-0002144_End,1000,0,0,TTAGGG
contig-0002145_End,1000,0,0,TTAGGG
contig-0002146_End,1000,1,0,TTAGGG
contig-0002147_End,1000,1,0,TTAGGG
contig-0002148_End,1000,0,0,TTAGGG
contig-0002149_End,1000,1,0,TTAGGG
contig-0002150_End,1000,0,0,TTAGGG
contig-0002151_End,1000,0,1,TTAGGG
contig-0002152_End,1000,0,1,TTAGGG
contig-0002153_End,1000,0,0,TTAGGG
contig-0002154_End,1000,0,2,TTAGGG
contig-0002155_End,1000,0,0,TTAGGG
contig-0002156_End,1000,0,1,TTAGGG
contig-0002157_End,1000,0,0,TTAGGG
contig-0002158_End,1000,0,1,TTAGGG
contig-0002159_End,1000,0,0,TTAGGG
contig-0002160_End,1000,1,0,TTAGGG
contig-0002161_End,1000,0,0,TTAGGG
contig-0002162_End,1000,0,0,TTAGGG
contig-0002163_End,1000,0,0,TTAGGG
contig-0002164_End,1000,0,0,TTAGGG
contig-0002165_End,1000,1,0,TTAGGG
contig-0002166_End,1000,0,0,TTAGGG
contig-0002167_End,1000,1,0,TTAGGG
contig-0002168_End,1000,0,0,TTAGGG
contig-0002169_End,1000,0,1,TTAGGG
contig-0002170_End,1000,0,0,TTAGGG
contig-0002171_End,1000,1,0,TTAGGG
contig-0002172_End,1000,0,0,TTAGGG
contig-0002173_End,1000,0,0,TTAGGG
contig-0002174_End,1000,0,0,TTAGGG
contig-0002175_End,1000,0,0,TTAGGG
contig-0002176_End,1000,0,0,TTAGGG
contig-0002177_End,1000,0,0,TTAGGG
contig-0002178_End,1000,0,0,TTAGGG
contig-0002179_End,1000,0,0,TTAGGG
contig-0002180_End,1000,0,1,TTAGGG
contig-0002181_End,1000,1,2,TTAGGG
contig-0002182_End,1000,0,1,TTAGGG
contig-0002183_End,1000,0,0,TTAGGG
contig-0002184_End,1000,0,0,TTAGGG
contig-0002185_End,1000,0,0,TTAGGG
contig-0002186_End,1000,2,0,TTAGGG
contig-0002187_End,1000,0,0,TTAGGG
contig-0002188_End,1000,0,0,TTAGGG
contig-0002189_End,1000,1,0,TTAGGG
contig-0002190_End,1000,0,0,TTAGGG
contig-0002191_End,1000,1,0,TTAGGG
contig-0002192_End,1000,0,0,TTAGGG
contig-0002193_End,1000,1,0,TTAGGG
contig-0002194_End,1000,0,0,TTAGGG
contig-0002195_End,1000,0,0,TTAGGG
contig-0002196_End,1000,0,0,TTAGGG
contig-0002197_End,1000,0,0,TTAGGG
contig-0002198_End,1000,0,1,TTAGGG
contig-0002199_End,1000,0,0,TTAGGG
contig-0002200_End,1000,0,0,TTAGGG
contig-0002201_End,1000,1,0,TTAGGG
contig-0002202_End,1000,0,0,TTAGGG
contig-0002203_End,1000,0,0,TTAGGG
contig-0002204_End,1000,0,0,TTAGGG
contig-0002205_End,1000,1,0,TTAGGG
contig-0002206_End,1000,0,0,TTAGGG
contig-0002207_End,1000,0,0,TTAGGG
contig-0002208_End,1000,0,1,TTAGGG
contig-0002209_End,1000,0,0,TTAGGG
contig-0002210_End,1000,1,0,TTAGGG
contig-0002211_End,1000,0,0,TTAGGG
contig-0002212_End,1000,0,0,TTAGGG
contig-0002213_End,1000,1,0,TTAGGG
contig-0002214_End,1000,0,0,TTAGGG
contig-0002215_End,1000,0,1,TTAGGG
contig-0002216_End,1000,0,0,TTAGGG
contig-0002217_End,1000,0,0,TTAGGG
contig-0002218_End,1000,0,1,TTAGGG
contig-0002219_End,1000,0,0,TTAGGG
contig-0002220_End,1000,0,0,TTAGGG
contig-0002221_End,1000,0,0,TTAGGG
contig-0002222_End,1000,0,0,TTAGGG
contig-0002223_End,1000,0,0,TTAGGG
contig-0002224_End,1000,0,0,TTAGGG
contig-0002225_End,1000,0,0,TTAGGG
contig-0002226_End,1000,1,0,TTAGGG
contig-0002227_End,1000,0,0,TTAGGG
contig-0002228_End,1000,0,0,TTAGGG
contig-0002229_End,1000,0,1,TTAGGG
contig-0002230_End,1000,0,0,TTAGGG
contig-0002231_End,1000,0,0,TTAGGG
contig-0002232_End,1000,0,0,TTAGGG
contig-0002233_End,1000,0,0,TTAGGG
contig-0002234_End,1000,1,0,TTAGGG
contig-0002235_End,1000,1,1,TTAGGG
contig-0002236_End,1000,1,0,TTAGGG
contig-0002237_End,1000,0,0,TTAGGG
contig-0002238_End,1000,0,0,TTAGGG
contig-0002239_End,1000,1,0,TTAGGG
contig-0002240_End,1000,0,1,TTAGGG
contig-0002241_End,1000,0,0,TTAGGG
contig-0002242_End,1000,0,0,TTAGGG
contig-0002243_End,1000,0,0,TTAGGG
contig-0002244_End,1000,0,0,TTAGGG
contig-0002245_End,1000,0,1,TTAGGG
contig-0002246_End,1000,0,0,TTAGGG
contig-0002247_End,1000,0,0,TTAGGG
contig-0002248_End,1000,0,0,TTAGGG
contig-0002249_End,1000,0,0,TTAGGG
contig-0002250_End,1000,0,0,TTAGGG
contig-0002251_End,1000,0,1,TTAGGG
contig-0002252_End,1000,0,0,TTAGGG
contig-0002253_End,1000,0,0,TTAGGG
contig-0002254_End,1000,0,0,TTAGGG
contig-0002255_End,1000,1,0,TTAGGG
contig-0002256_End,1000,1,0,TTAGGG
contig-0002257_End,1000,1,0,TTAGGG
contig-0002258_End,1000,0,1,TTAGGG
contig-0002259_End,1000,0,0,TTAGGG
contig-0002260_End,1000,0,0,TTAGGG
contig-0002261_End,1000,1,0,TTAGGG
contig-0002262_End,1000,0,0,TTAGGG
contig-0002263_End,1000,0,0,TTAGGG
contig-0002264_End,1000,0,0,TTAGGG
contig-0002265_End,1000,0,0,TTAGGG
contig-0002266_End,1000,0,0,TTAGGG
contig-0002267_End,1000,0,0,TTAGGG
contig-0002268_End,1000,0,0,TTAGGG
contig-0002269_End,1000,1,0,TTAGGG
contig-0002270_End,1000,1,0,TTAGGG
contig-0002271_End,1000,1,0,TTAGGG
contig-0002272_End,1000,0,0,TTAGGG
contig-0002273_End,1000,0,0,TTAGGG
contig-0002274_End,1000,0,0,TTAGGG
contig-0002275_End,1000,0,0,TTAGGG
contig-0002276_End,1000,0,0,TTAGGG
contig-0002277_End,1000,0,0,TTAGGG
contig-0002278_End,1000,0,0,TTAGGG
contig-0002279_End,1000,0,0,TTAGGG
contig-0002280_End,1000,0,0,TTAGGG
contig-0002281_End,1000,0,0,TTAGGG
contig-0002282_End,1000,0,0,TTAGGG
contig-0002283_End,1000,0,0,TTAGGG
contig-0002284_End,1000,0,0,TTAGGG
contig-0002285_End,1000,0,1,TTAGGG
contig-0002286_End,1000,1,0,TTAGGG
contig-0002287_End,1000,0,0,TTAGGG
contig-0002288_End,1000,0,0,TTAGGG
contig-0002289_End,1000,0,0,TTAGGG
contig-0002290_End,1000,0,0,TTAGGG
contig-0002291_End,1000,0,2,TTAGGG
contig-0002292_End,1000,1,0,TTAGGG
contig-0002293_End,1000,0,0,TTAGGG
contig-0002294_End,1000,1,0,TTAGGG
contig-0002295_End,1000,0,1,TTAGGG
contig-0002296_End,1000,1,0,TTAGGG
contig-0002297_End,1000,1,1,TTAGGG
contig-0002298_End,1000,0,0,TTAGGG
contig-0002299_End,1000,0,1,TTAGGG
contig-0002300_End,1000,0,0,TTAGGG
contig-0002301_End,1000,0,1,TTAGGG
contig-0002302_End,1000,0,0,TTAGGG
contig-0002303_End,1000,0,0,TTAGGG
contig-0002304_End,1000,0,2,TTAGGG
contig-0002305_End,1000,0,0,TTAGGG
contig-0002306_End,1000,0,0,TTAGGG
contig-0002307_End,1000,0,0,TTAGGG
contig-0002308_End,1000,0,0,TTAGGG
contig-0002309_End,1000,0,0,TTAGGG
contig-0002310_End,1000,0,0,TTAGGG
contig-0002311_End,1000,0,0,TTAGGG
contig-0002312_End,1000,0,0,TTAGGG
contig-0002313_End,1000,0,1,TTAGGG
contig-0002314_End,1000,0,0,TTAGGG
contig-0002315_End,1000,0,0,TTAGGG
contig-0002316_End,1000,0,1,TTAGGG
contig-0002317_End,1000,0,1,TTAGGG
contig-0002318_End,1000,0,0,TTAGGG
contig-0002319_End,1000,0,0,TTAGGG
contig-0002320_End,1000,0,0,TTAGGG
contig-0002321_End,1000,0,0,TTAGGG
contig-0002322_End,1000,0,1,TTAGGG
contig-0002323_End,1000,0,0,TTAGGG
contig-0002324_End,1000,0,0,TTAGGG
contig-0002325_End,1000,0,0,TTAGGG
contig-0002326_End,1000,1,0,TTAGGG
contig-0002327_End,1000,0,1,TTAGGG
contig-0002328_End,1000,1,0,TTAGGG
contig-0002329_End,1000,0,0,TTAGGG
contig-0002330_End,1000,1,1,TTAGGG
contig-0002331_End,1000,0,0,TTAGGG
contig-0002332_End,1000,0,1,TTAGGG
contig-0002333_End,1000,0,0,TTAGGG
contig-0002334_End,1000,0,0,TTAGGG
contig-0002335_End,1000,0,0,TTAGGG
contig-0002336_End,1000,0,0,TTAGGG
contig-0002337_End,1000,0,1,TTAGGG
contig-0002338_End,1000,0,0,TTAGGG
contig-0002339_End,1000,0,0,TTAGGG
contig-0002340_End,1000,0,0,TTAGGG
contig-0002341_End,1000,0,1,TTAGGG
contig-0002342_End,1000,0,0,TTAGGG
contig-0002343_End,1000,1,0,TTAGGG
contig-0002344_End,1000,0,1,TTAGGG
contig-0002345_End,1000,0,0,TTAGGG
contig-0002346_End,1000,1,0,TTAGGG
contig-0002347_End,1000,0,0,TTAGGG
contig-0002348_End,1000,0,0,TTAGGG
contig-0002349_End,1000,0,1,TTAGGG
contig-0002350_End,1000,1,0,TTAGGG
contig-0002351_End,1000,0,1,TTAGGG
contig-0002352_End,1000,0,0,TTAGGG
contig-0002353_End,1000,0,0,TTAGGG
contig-0002354_End,1000,0,0,TTAGGG
contig-0002355_End,1000,0,2,TTAGGG
contig-0002356_End,1000,0,0,TTAGGG
contig-0002357_End,1000,1,0,TTAGGG
contig-0002358_End,1000,0,0,TTAGGG
contig-0002359_End,1000,1,1,TTAGGG
contig-0002360_End,1000,1,0,TTAGGG
contig-0002361_End,1000,0,0,TTAGGG
contig-0002362_End,1000,0,1,TTAGGG
contig-0002363_End,1000,0,0,TTAGGG
contig-0002364_End,1000,0,0,TTAGGG
contig-0002365_End,1000,0,0,TTAGGG
contig-0002366_End,1000,0,0,TTAGGG
contig-0002367_End,1000,0,1,TTAGGG
contig-0002368_End,1000,0,0,TTAGGG
contig-0002369_End,1000,0,0,TTAGGG
contig-0002370_End,1000,0,0,TTAGGG
contig-0002371_End,1000,0,0,TTAGGG
contig-0002372_End,1000,0,0,TTAGGG
contig-0002373_End,1000,0,0,TTAGGG
contig-0002374_End,1000,0,1,TTAGGG
contig-0002375_End,1000,0,0,TTAGGG
contig-0002376_End,1000,2,0,TTAGGG
contig-0002377_End,1000,0,0,TTAGGG
contig-0002378_End,1000,0,0,TTAGGG
contig-0002379_End,1000,0,0,TTAGGG
contig-0002380_End,1000,0,1,TTAGGG
contig-0002381_End,1000,0,0,TTAGGG
contig-0002382_End,1000,0,2,TTAGGG
contig-0002383_End,1000,0,0,TTAGGG
contig-0002384_End,1000,0,0,TTAGGG
contig-0002385_End,1000,0,0,TTAGGG
contig-0002386_End,1000,0,0,TTAGGG
contig-0002387_End,1000,1,1,TTAGGG
contig-0002388_End,1000,1,0,TTAGGG
contig-0002389_End,1000,0,0,TTAGGG
contig-0002390_End,1000,0,0,TTAGGG
contig-0002391_End,1000,0,0,TTAGGG
contig-0002392_End,1000,0,0,TTAGGG
contig-0002393_End,1000,0,0,TTAGGG
contig-0002394_End,1000,0,1,TTAGGG
contig-0002395_End,1000,0,1,TTAGGG
contig-0002396_End,1000,0,1,TTAGGG
contig-0002397_End,1000,0,0,TTAGGG
contig-0002398_End,1000,0,0,TTAGGG
contig-0002399_End,1000,0,0,TTAGGG
contig-0002400_End,1000,1,0,TTAGGG
contig-0002401_End,1000,1,0,TTAGGG
contig-0002402_End,1000,0,0,TTAGGG
contig-0002403_End,1000,0,0,TTAGGG
contig-0002404_End,1000,0,0,TTAGGG
contig-0002405_End,1000,1,1,TTAGGG
contig-0002406_End,1000,1,1,TTAGGG
contig-0002407_End,1000,0,0,TTAGGG
contig-0002408_End,1000,1,0,TTAGGG
contig-0002409_End,1000,0,0,TTAGGG
contig-0002410_End,1000,0,0,TTAGGG
contig-0002411_End,1000,0,1,TTAGGG
contig-0002412_End,1000,0,0,TTAGGG
contig-0002413_End,1000,0,1,TTAGGG
contig-0002414_End,1000,0,0,TTAGGG
contig-0002415_End,1000,0,0,TTAGGG
contig-0002416_End,1000,1,0,TTAGGG
contig-0002417_End,1000,0,0,TTAGGG
contig-0002418_End,1000,0,1,TTAGGG
contig-0002419_End,1000,1,0,TTAGGG
contig-0002420_End,1000,0,0,TTAGGG
contig-0002421_End,1000,0,0,TTAGGG
contig-0002422_End,1000,1,0,TTAGGG
contig-0002423_End,1000,0,1,TTAGGG
contig-0002424_End,1000,0,0,TTAGGG
contig-0002425_End,1000,0,0,TTAGGG
contig-0002426_End,1000,0,0,TTAGGG
contig-0002427_End,1000,0,0,TTAGGG
contig-0002428_End,1000,0,1,TTAGGG
contig-0002429_End,1000,0,1,TTAGGG
contig-0002430_End,1000,0,0,TTAGGG
contig-0002431_End,1000,0,0,TTAGGG
contig-0002432_End,1000,0,1,TTAGGG
contig-0002433_End,1000,0,0,TTAGGG
contig-0002434_End,1000,0,0,TTAGGG
contig-0002435_End,1000,0,0,TTAGGG
contig-0002436_End,1000,0,1,TTAGGG
contig-0002437_End,1000,1,0,TTAGGG
contig-0002438_End,1000,1,0,TTAGGG
contig-0002439_End,1000,0,1,TTAGGG
contig-0002440_End,1000,0,0,TTAGGG
contig-0002441_End,1000,0,0,TTAGGG
contig-0002442_End,1000,0,0,TTAGGG
contig-0002443_End,1000,0,0,TTAGGG
contig-0002444_End,1000,0,0,TTAGGG
contig-0002445_End,1000,0,1,TTAGGG
contig-0002446_End,1000,1,0,TTAGGG
contig-0002447_End,1000,0,1,TTAGGG
contig-0002448_End,1000,1,0,TTAGGG
contig-0002449_End,1000,0,0,TTAGGG
contig-0002450_End,1000,0,0,TTAGGG
contig-0002451_End,1000,0,0,TTAGGG
contig-0002452_End,1000,0,1,TTAGGG
contig-0002453_End,1000,0,2,TTAGGG
contig-0002454_End,1000,0,0,TTAGGG
contig-0002455_End,1000,0,0,TTAGGG
contig-0002456_End,1000,1,0,TTAGGG
contig-0002457_End,1000,0,0,TTAGGG
contig-0002458_End,1000,0,0,TTAGGG
contig-0002459_End,1000,0,0,TTAGGG
contig-0002460_End,1000,0,1,TTAGGG
contig-0002461_End,1000,0,0,TTAGGG
contig-0002462_End,1000,0,0,TTAGGG
contig-0002463_End,1000,0,0,TTAGGG
contig-0002464_End,1000,1,1,TTAGGG
contig-0002465_End,1000,1,0,TTAGGG
contig-0002466_End,1000,0,0,TTAGGG
contig-0002467_End,1000,1,0,TTAGGG
contig-0002468_End,1000,0,0,TTAGGG
contig-0002469_End,1000,0,0,TTAGGG
contig-0002470_End,1000,0,0,TTAGGG
contig-0002471_End,1000,0,0,TTAGGG
contig-0002472_End,1000,0,0,TTAGGG
contig-0002473_End,1000,0,0,TTAGGG
contig-0002474_End,1000,0,0,TTAGGG
contig-0002475_End,1000,1,0,TTAGGG
contig-0002476_End,1000,0,0,TTAGGG
contig-0002477_End,1000,0,0,TTAGGG
contig-0002478_End,1000,0,1,TTAGGG
contig-0002479_End,1000,0,1,TTAGGG
contig-0002480_End,1000,166,0,TTAGGG
contig-0002481_End,1000,0,0,TTAGGG
contig-0002482_End,1000,0,0,TTAGGG
contig-0002483_End,1000,0,0,TTAGGG
contig-0002484_End,1000,2,1,TTAGGG
contig-0002485_End,1000,0,0,TTAGGG
contig-0002486_End,1000,0,0,TTAGGG
contig-0002487_End,1000,0,0,TTAGGG
contig-0002488_End,1000,0,0,TTAGGG
contig-0002489_End,1000,0,0,TTAGGG
contig-0002490_End,1000,1,0,TTAGGG
contig-0002491_End,1000,166,0,TTAGGG
contig-0002492_End,1000,0,0,TTAGGG
contig-0002493_End,1000,0,3,TTAGGG
contig-0002494_End,1000,1,0,TTAGGG
contig-0002495_End,1000,1,0,TTAGGG
contig-0002496_End,1000,2,0,TTAGGG
contig-0002497_End,1000,0,0,TTAGGG
contig-0002498_End,1000,0,1,TTAGGG
contig-0002499_End,1000,0,0,TTAGGG
contig-0002500_End,1000,0,0,TTAGGG
contig-0002501_End,1000,1,0,TTAGGG
contig-0002502_End,1000,0,0,TTAGGG
contig-0002503_End,1000,0,0,TTAGGG
contig-0002504_End,1000,0,0,TTAGGG
contig-0002505_End,1000,0,1,TTAGGG
contig-0002506_End,1000,0,0,TTAGGG
contig-0002507_End,1000,1,0,TTAGGG
contig-0002508_End,1000,0,0,TTAGGG
contig-0002509_End,1000,2,0,TTAGGG
contig-0002510_End,1000,1,0,TTAGGG
contig-0002511_End,1000,0,1,TTAGGG
contig-0002512_End,1000,0,0,TTAGGG
contig-0002513_End,1000,0,0,TTAGGG
contig-0002514_End,1000,1,0,TTAGGG
contig-0002515_End,1000,0,0,TTAGGG
contig-0002516_End,1000,0,0,TTAGGG
contig-0002517_End,1000,2,1,TTAGGG
contig-0002518_End,1000,1,0,TTAGGG
contig-0002519_End,1000,0,0,TTAGGG
contig-0002520_End,1000,0,0,TTAGGG
contig-0002521_End,1000,0,0,TTAGGG
contig-0002522_End,1000,0,0,TTAGGG
contig-0002523_End,1000,0,0,TTAGGG
contig-0002524_End,1000,0,0,TTAGGG
contig-0002525_End,1000,0,0,TTAGGG
contig-0002526_End,1000,0,0,TTAGGG
contig-0002527_End,1000,0,0,TTAGGG
contig-0002528_End,1000,1,0,TTAGGG
contig-0002529_End,1000,0,1,TTAGGG
contig-0002530_End,1000,1,0,TTAGGG
contig-0002531_End,1000,0,0,TTAGGG
contig-0002532_End,1000,0,0,TTAGGG
contig-0002533_End,1000,0,0,TTAGGG
contig-0002534_End,1000,0,0,TTAGGG
contig-0002535_End,1000,0,1,TTAGGG
contig-0002536_End,1000,0,1,TTAGGG
contig-0002537_End,1000,0,0,TTAGGG
contig-0002538_End,1000,0,0,TTAGGG
contig-0002539_End,1000,0,0,TTAGGG
contig-0002540_End,1000,0,0,TTAGGG
contig-0002541_End,1000,0,1,TTAGGG
contig-0002542_End,1000,1,0,TTAGGG
contig-0002543_End,1000,1,1,TTAGGG
contig-0002544_End,1000,1,0,TTAGGG
contig-0002545_End,1000,0,0,TTAGGG
contig-0002546_End,1000,1,0,TTAGGG
contig-0002547_End,1000,0,1,TTAGGG
contig-0002548_End,1000,0,0,TTAGGG
contig-0002549_End,1000,0,0,TTAGGG
contig-0002550_End,1000,0,0,TTAGGG
contig-0002551_End,1000,0,0,TTAGGG
contig-0002552_End,1000,0,1,TTAGGG
contig-0002553_End,1000,0,0,TTAGGG
contig-0002554_End,1000,0,0,TTAGGG
contig-0002555_End,1000,0,0,TTAGGG
contig-0002556_End,1000,0,0,TTAGGG
contig-0002557_End,1000,0,0,TTAGGG
contig-0002558_End,1000,0,0,TTAGGG
contig-0002559_End,1000,0,0,TTAGGG
contig-0002560_End,1000,0,1,TTAGGG
contig-0002561_End,1000,1,0,TTAGGG
contig-0002562_End,1000,0,1,TTAGGG
contig-0002563_End,1000,0,0,TTAGGG
contig-0002564_End,1000,0,0,TTAGGG
contig-0002565_End,1000,1,1,TTAGGG
contig-0002566_End,1000,2,0,TTAGGG
contig-0002567_End,1000,0,0,TTAGGG
contig-0002568_End,1000,0,0,TTAGGG
contig-0002569_End,1000,0,0,TTAGGG
contig-0002570_End,1000,1,0,TTAGGG
contig-0002571_End,1000,0,0,TTAGGG
contig-0002572_End,1000,0,1,TTAGGG
contig-0002573_End,1000,0,0,TTAGGG
contig-0002574_End,1000,0,0,TTAGGG
contig-0002575_End,1000,1,1,TTAGGG
contig-0002576_End,1000,0,0,TTAGGG
contig-0002578_End,1000,0,1,TTAGGG
contig-0002579_End,1000,0,0,TTAGGG
contig-0002580_End,1000,0,0,TTAGGG
contig-0002581_End,1000,1,0,TTAGGG
contig-0002582_End,1000,1,0,TTAGGG
contig-0002583_End,1000,0,0,TTAGGG
contig-0002584_End,1000,0,0,TTAGGG
contig-0002585_End,1000,0,0,TTAGGG
contig-0002586_End,1000,0,1,TTAGGG
contig-0002587_End,1000,0,0,TTAGGG
contig-0002588_End,1000,0,0,TTAGGG
contig-0002589_End,1000,0,1,TTAGGG
contig-0002590_End,1000,0,0,TTAGGG
contig-0002591_End,1000,0,0,TTAGGG
contig-0002592_End,1000,0,0,TTAGGG
contig-0002593_End,1000,0,0,TTAGGG
contig-0002594_End,1000,0,1,TTAGGG
contig-0002595_End,1000,0,0,TTAGGG
contig-0002596_End,1000,0,0,TTAGGG
contig-0002597_End,1000,0,0,TTAGGG
contig-0002598_End,1000,0,0,TTAGGG
contig-0002599_End,1000,0,0,TTAGGG
contig-0002600_End,1000,0,1,TTAGGG
contig-0002601_End,1000,1,0,TTAGGG
contig-0002602_End,1000,0,2,TTAGGG
contig-0002603_End,1000,0,0,TTAGGG
contig-0002604_End,1000,0,0,TTAGGG
contig-0002605_End,1000,0,1,TTAGGG
contig-0002606_End,1000,0,0,TTAGGG
contig-0002607_End,1000,0,0,TTAGGG
contig-0002608_End,1000,0,0,TTAGGG
contig-0002609_End,1000,0,0,TTAGGG
contig-0002610_End,1000,2,0,TTAGGG
contig-0002611_End,1000,0,0,TTAGGG
contig-0002612_End,1000,0,0,TTAGGG
contig-0002613_End,1000,0,0,TTAGGG
contig-0002614_End,1000,0,0,TTAGGG
contig-0002615_End,1000,0,0,TTAGGG
contig-0002616_End,1000,0,0,TTAGGG
contig-0002617_End,1000,0,0,TTAGGG
contig-0002618_End,1000,0,0,TTAGGG
contig-0002619_End,1000,1,0,TTAGGG
contig-0002620_End,1000,0,0,TTAGGG
contig-0002621_End,1000,1,1,TTAGGG
contig-0002622_End,1000,0,0,TTAGGG
contig-0002623_End,1000,0,0,TTAGGG
contig-0002624_End,1000,0,0,TTAGGG
contig-0002625_End,1000,0,0,TTAGGG
contig-0002626_End,1000,0,0,TTAGGG
contig-0002627_End,1000,0,0,TTAGGG
contig-0002628_End,1000,0,0,TTAGGG
contig-0002629_End,1000,0,1,TTAGGG
contig-0002630_End,1000,0,1,TTAGGG
contig-0002631_End,1000,0,0,TTAGGG
contig-0002632_End,1000,0,0,TTAGGG
contig-0002633_End,1000,0,0,TTAGGG
contig-0002634_End,1000,0,1,TTAGGG
contig-0002635_End,1000,0,0,TTAGGG
contig-0002636_End,1000,0,0,TTAGGG
contig-0002637_End,1000,0,0,TTAGGG
contig-0002638_End,1000,0,0,TTAGGG
contig-0002639_End,1000,1,0,TTAGGG
contig-0002640_End,1000,0,0,TTAGGG
contig-0002641_End,1000,0,0,TTAGGG
contig-0002642_End,1000,0,0,TTAGGG
contig-0002643_End,1000,0,0,TTAGGG
contig-0002644_End,1000,0,0,TTAGGG
contig-0002645_End,1000,1,0,TTAGGG
contig-0002646_End,1000,3,0,TTAGGG
contig-0002647_End,1000,0,1,TTAGGG
contig-0002648_End,1000,1,0,TTAGGG
contig-0002649_End,1000,0,0,TTAGGG
contig-0002650_End,1000,0,0,TTAGGG
contig-0002651_End,1000,1,0,TTAGGG
contig-0002652_End,1000,0,0,TTAGGG
contig-0002653_End,1000,0,0,TTAGGG
contig-0002654_End,1000,0,0,TTAGGG
contig-0002655_End,1000,0,0,TTAGGG
contig-0002656_End,1000,0,0,TTAGGG
contig-0002657_End,1000,0,0,TTAGGG
contig-0002658_End,1000,1,0,TTAGGG
contig-0002659_End,1000,0,0,TTAGGG
contig-0002660_End,1000,0,0,TTAGGG
contig-0002661_End,1000,0,0,TTAGGG
contig-0002662_End,1000,0,1,TTAGGG
contig-0002663_End,1000,1,1,TTAGGG
contig-0002664_End,1000,0,0,TTAGGG
contig-0002665_End,1000,0,0,TTAGGG
contig-0002666_End,1000,0,0,TTAGGG
contig-0002667_End,1000,0,0,TTAGGG
contig-0002668_End,1000,1,0,TTAGGG
contig-0002669_End,1000,0,0,TTAGGG
contig-0002670_End,1000,0,0,TTAGGG
contig-0002671_End,1000,0,0,TTAGGG
contig-0002672_End,1000,0,1,TTAGGG
contig-0002673_End,1000,0,0,TTAGGG
contig-0002674_End,1000,0,0,TTAGGG
contig-0002675_End,1000,0,1,TTAGGG
contig-0002676_End,1000,0,0,TTAGGG
contig-0002677_End,1000,0,0,TTAGGG
contig-0002678_End,1000,1,0,TTAGGG
contig-0002679_End,1000,0,0,TTAGGG
contig-0002680_End,1000,1,0,TTAGGG
contig-0002681_End,1000,0,0,TTAGGG
contig-0002682_End,1000,0,2,TTAGGG
contig-0002683_End,1000,1,0,TTAGGG
contig-0002684_End,1000,0,0,TTAGGG
contig-0002685_End,1000,1,0,TTAGGG
contig-0002686_End,1000,0,1,TTAGGG
contig-0002687_End,1000,0,0,TTAGGG
contig-0002688_End,1000,0,1,TTAGGG
contig-0002689_End,1000,0,0,TTAGGG
contig-0002690_End,1000,0,0,TTAGGG
contig-0002691_End,1000,0,0,TTAGGG
contig-0002692_End,1000,0,0,TTAGGG
contig-0002693_End,1000,0,0,TTAGGG
contig-0002694_End,1000,0,1,TTAGGG
contig-0002695_End,1000,2,0,TTAGGG
contig-0002696_End,1000,0,0,TTAGGG
contig-0002697_End,1000,1,0,TTAGGG
contig-0002698_End,1000,0,0,TTAGGG
contig-0002699_End,1000,1,1,TTAGGG
contig-0002700_End,1000,0,1,TTAGGG
contig-0002701_End,1000,0,0,TTAGGG
contig-0002702_End,1000,0,0,TTAGGG
contig-0002703_End,1000,1,0,TTAGGG
contig-0002704_End,1000,0,0,TTAGGG
contig-0002705_End,1000,0,0,TTAGGG
contig-0002706_End,1000,0,0,TTAGGG
contig-0002707_End,1000,0,0,TTAGGG
contig-0002708_End,1000,0,0,TTAGGG
contig-0002709_End,1000,0,0,TTAGGG
contig-0002710_End,1000,0,1,TTAGGG
contig-0002711_End,1000,0,0,TTAGGG
contig-0002712_End,1000,0,0,TTAGGG
contig-0002713_End,1000,0,0,TTAGGG
contig-0002714_End,1000,1,0,TTAGGG
contig-0002715_End,1000,0,0,TTAGGG
contig-0002716_End,1000,0,0,TTAGGG
contig-0002717_End,1000,0,0,TTAGGG
contig-0002718_End,1000,1,0,TTAGGG
contig-0002719_End,1000,1,0,TTAGGG
contig-0002720_End,1000,1,0,TTAGGG
contig-0002721_End,1000,0,0,TTAGGG
contig-0002722_End,1000,0,0,TTAGGG
contig-0002723_End,1000,0,0,TTAGGG
contig-0002724_End,1000,0,0,TTAGGG
contig-0002725_End,1000,0,0,TTAGGG
contig-0002726_End,1000,1,1,TTAGGG
contig-0002727_End,1000,0,0,TTAGGG
contig-0002728_End,1000,0,0,TTAGGG
contig-0002729_End,1000,1,0,TTAGGG
contig-0002730_End,1000,0,1,TTAGGG
contig-0002731_End,1000,0,1,TTAGGG
contig-0002732_End,1000,1,0,TTAGGG
contig-0002733_End,1000,0,1,TTAGGG
contig-0002734_End,1000,0,0,TTAGGG
contig-0002735_End,1000,0,0,TTAGGG
contig-0002736_End,1000,0,0,TTAGGG
contig-0002737_End,1000,1,1,TTAGGG
contig-0002738_End,1000,0,0,TTAGGG
contig-0002739_End,1000,0,0,TTAGGG
contig-0002740_End,1000,0,0,TTAGGG
contig-0002741_End,1000,0,1,TTAGGG
contig-0002742_End,1000,0,1,TTAGGG
contig-0002743_End,1000,0,0,TTAGGG
contig-0002744_End,1000,0,1,TTAGGG
contig-0002745_End,1000,0,0,TTAGGG
contig-0002746_End,1000,0,0,TTAGGG
contig-0002747_End,1000,0,0,TTAGGG
contig-0002748_End,1000,0,0,TTAGGG
contig-0002749_End,1000,1,1,TTAGGG
contig-0002750_End,1000,0,0,TTAGGG
contig-0002751_End,1000,0,0,TTAGGG
contig-0002752_End,1000,0,0,TTAGGG
contig-0002753_End,1000,0,1,TTAGGG
contig-0002754_End,1000,0,0,TTAGGG
contig-0002755_End,1000,0,1,TTAGGG
contig-0002756_End,1000,0,0,TTAGGG
contig-0002757_End,1000,0,0,TTAGGG
contig-0002758_End,1000,1,0,TTAGGG
contig-0002759_End,1000,0,0,TTAGGG
contig-0002760_End,1000,0,0,TTAGGG
contig-0002761_End,1000,1,0,TTAGGG
contig-0002762_End,1000,0,0,TTAGGG
contig-0002763_End,1000,0,0,TTAGGG
contig-0002764_End,1000,0,0,TTAGGG
contig-0002765_End,1000,0,0,TTAGGG
contig-0002766_End,1000,0,0,TTAGGG
contig-0002767_End,1000,0,1,TTAGGG
contig-0002768_End,1000,0,0,TTAGGG
contig-0002769_End,1000,0,0,TTAGGG
contig-0002770_End,1000,0,0,TTAGGG
contig-0002771_End,1000,0,1,TTAGGG
contig-0002772_End,1000,0,0,TTAGGG
contig-0002773_End,1000,0,0,TTAGGG
contig-0002774_End,1000,0,0,TTAGGG
contig-0002775_End,1000,0,0,TTAGGG
contig-0002776_End,1000,0,0,TTAGGG
contig-0002777_End,1000,0,0,TTAGGG
contig-0002778_End,1000,0,0,TTAGGG
contig-0002779_End,1000,1,0,TTAGGG
contig-0002780_End,1000,1,0,TTAGGG
contig-0002781_End,1000,0,0,TTAGGG
contig-0002782_End,1000,1,0,TTAGGG
contig-0002783_End,1000,0,0,TTAGGG
contig-0002784_End,1000,0,1,TTAGGG
contig-0002785_End,1000,0,0,TTAGGG
contig-0002786_End,1000,0,0,TTAGGG
contig-0002787_End,1000,0,0,TTAGGG
contig-0002788_End,1000,0,0,TTAGGG
contig-0002789_End,1000,0,0,TTAGGG
contig-0002790_End,1000,0,0,TTAGGG
contig-0002791_End,1000,0,0,TTAGGG
contig-0002792_End,1000,0,0,TTAGGG
contig-0002793_End,1000,0,0,TTAGGG
contig-0002794_End,1000,0,1,TTAGGG
contig-0002795_End,1000,0,1,TTAGGG
contig-0002796_End,1000,0,0,TTAGGG
contig-0002797_End,1000,0,0,TTAGGG
contig-0002798_End,1000,0,1,TTAGGG
contig-0002799_End,1000,0,0,TTAGGG
contig-0002800_End,1000,0,0,TTAGGG
contig-0002801_End,1000,0,0,TTAGGG
contig-0002802_End,1000,1,0,TTAGGG
contig-0002803_End,1000,0,0,TTAGGG
contig-0002804_End,1000,0,0,TTAGGG
contig-0002805_End,1000,0,0,TTAGGG
contig-0002806_End,1000,0,1,TTAGGG
contig-0002807_End,1000,0,0,TTAGGG
contig-0002808_End,1000,0,2,TTAGGG
contig-0002809_End,1000,0,0,TTAGGG
contig-0002810_End,1000,0,0,TTAGGG
contig-0002811_End,1000,0,0,TTAGGG
contig-0002812_End,1000,2,0,TTAGGG
contig-0002813_End,1000,1,0,TTAGGG
contig-0002814_End,1000,1,0,TTAGGG
contig-0002815_End,1000,0,0,TTAGGG
contig-0002816_End,1000,0,0,TTAGGG
contig-0002817_End,1000,0,0,TTAGGG
contig-0002818_End,1000,1,0,TTAGGG
contig-0002819_End,1000,0,0,TTAGGG
contig-0002820_End,1000,0,0,TTAGGG
contig-0002821_End,1000,0,1,TTAGGG
contig-0002822_End,1000,0,0,TTAGGG
contig-0002823_End,1000,1,0,TTAGGG
contig-0002824_End,1000,0,0,TTAGGG
contig-0002825_End,1000,0,1,TTAGGG
contig-0002826_End,1000,0,0,TTAGGG
contig-0002827_End,1000,0,0,TTAGGG
contig-0002828_End,1000,0,0,TTAGGG
contig-0002829_End,1000,0,0,TTAGGG
contig-0002830_End,1000,0,0,TTAGGG
contig-0002831_End,1000,0,0,TTAGGG
contig-0002832_End,1000,1,0,TTAGGG
contig-0002833_End,1000,0,0,TTAGGG
contig-0002834_End,1000,0,0,TTAGGG
contig-0002835_End,1000,0,0,TTAGGG
contig-0002836_End,1000,0,0,TTAGGG
contig-0002837_End,1000,0,0,TTAGGG
contig-0002838_End,1000,0,0,TTAGGG
contig-0002839_End,1000,0,0,TTAGGG
contig-0002840_End,1000,0,0,TTAGGG
contig-0002841_End,1000,0,0,TTAGGG
contig-0002842_End,1000,0,0,TTAGGG
contig-0002843_End,1000,0,0,TTAGGG
contig-0002844_End,1000,1,0,TTAGGG
contig-0002845_End,1000,0,0,TTAGGG
contig-0002846_End,1000,0,0,TTAGGG
contig-0002847_End,1000,1,0,TTAGGG
contig-0002848_End,1000,0,0,TTAGGG
contig-0002849_End,1000,0,0,TTAGGG
contig-0002850_End,1000,0,0,TTAGGG
contig-0002851_End,1000,1,0,TTAGGG
contig-0002852_End,1000,0,0,TTAGGG
contig-0002853_End,1000,0,0,TTAGGG
contig-0002854_End,1000,0,0,TTAGGG
contig-0002855_End,1000,0,0,TTAGGG
contig-0002856_End,1000,0,0,TTAGGG
contig-0002857_End,1000,0,1,TTAGGG
contig-0002858_End,1000,0,0,TTAGGG
contig-0002859_End,1000,1,0,TTAGGG
contig-0002860_End,1000,0,0,TTAGGG
contig-0002861_End,1000,0,0,TTAGGG
contig-0002862_End,1000,0,0,TTAGGG
contig-0002863_End,1000,0,0,TTAGGG
contig-0002864_End,1000,1,0,TTAGGG
contig-0002865_End,1000,0,0,TTAGGG
contig-0002866_End,1000,0,0,TTAGGG
contig-0002867_End,1000,0,0,TTAGGG
contig-0002868_End,1000,0,1,TTAGGG
contig-0002869_End,1000,0,1,TTAGGG
contig-0002870_End,1000,0,0,TTAGGG
contig-0002871_End,1000,1,0,TTAGGG
contig-0002872_End,1000,0,0,TTAGGG
contig-0002873_End,1000,0,0,TTAGGG
contig-0002874_End,1000,0,0,TTAGGG
contig-0002876_End,1000,0,0,TTAGGG
contig-0002877_End,1000,0,2,TTAGGG
contig-0002878_End,1000,1,0,TTAGGG
contig-0002879_End,1000,0,0,TTAGGG
contig-0002880_End,1000,0,1,TTAGGG
contig-0002881_End,1000,0,0,TTAGGG
contig-0002882_End,1000,0,0,TTAGGG
contig-0002883_End,1000,0,0,TTAGGG
contig-0002884_End,1000,0,0,TTAGGG
contig-0002885_End,1000,0,0,TTAGGG
contig-0002886_End,1000,0,1,TTAGGG
contig-0002887_End,1000,0,0,TTAGGG
contig-0002888_End,1000,0,0,TTAGGG
contig-0002889_End,1000,0,0,TTAGGG
contig-0002890_End,1000,0,0,TTAGGG
contig-0002891_End,1000,0,0,TTAGGG
contig-0002892_End,1000,0,0,TTAGGG
contig-0002893_End,1000,0,0,TTAGGG
contig-0002894_End,1000,0,0,TTAGGG
contig-0002895_End,1000,0,0,TTAGGG
contig-0002896_End,1000,0,0,TTAGGG
contig-0002897_End,1000,0,0,TTAGGG
contig-0002898_End,1000,1,0,TTAGGG
contig-0002899_End,1000,0,0,TTAGGG
contig-0002900_End,1000,0,0,TTAGGG
contig-0002901_End,1000,0,1,TTAGGG
contig-0002902_End,1000,0,0,TTAGGG
contig-0002903_End,1000,0,0,TTAGGG
contig-0002904_End,1000,0,0,TTAGGG
contig-0002905_End,1000,0,0,TTAGGG
contig-0002906_End,1000,0,0,TTAGGG
contig-0002907_End,1000,0,0,TTAGGG
contig-0002908_End,1000,2,0,TTAGGG
contig-0002909_End,1000,0,0,TTAGGG
contig-0002910_End,1000,0,0,TTAGGG
contig-0002911_End,1000,0,1,TTAGGG
contig-0002912_End,1000,1,0,TTAGGG
contig-0002913_End,1000,0,0,TTAGGG
contig-0002914_End,1000,0,3,TTAGGG
contig-0002915_End,1000,0,0,TTAGGG
contig-0002916_End,1000,1,0,TTAGGG
contig-0002917_End,1000,0,0,TTAGGG
contig-0002918_End,1000,0,1,TTAGGG
contig-0002919_End,1000,1,0,TTAGGG
contig-0002920_End,1000,0,0,TTAGGG
contig-0002921_End,1000,0,0,TTAGGG
contig-0002922_End,1000,0,0,TTAGGG
contig-0002923_End,1000,0,0,TTAGGG
contig-0002924_End,1000,0,1,TTAGGG
contig-0002925_End,1000,0,0,TTAGGG
contig-0002926_End,1000,0,0,TTAGGG
contig-0002927_End,1000,0,0,TTAGGG
contig-0002928_End,1000,1,0,TTAGGG
contig-0002929_End,1000,0,0,TTAGGG
contig-0002930_End,1000,0,1,TTAGGG
contig-0002931_End,1000,0,0,TTAGGG
contig-0002932_End,1000,0,2,TTAGGG
contig-0002933_End,1000,0,0,TTAGGG
contig-0002934_End,1000,0,0,TTAGGG
contig-0002935_End,1000,0,0,TTAGGG
contig-0002936_End,1000,0,0,TTAGGG
contig-0002937_End,1000,0,0,TTAGGG
contig-0002938_End,1000,0,0,TTAGGG
contig-0002939_End,1000,0,0,TTAGGG
contig-0002940_End,1000,0,0,TTAGGG
contig-0002941_End,1000,0,0,TTAGGG
contig-0002942_End,1000,0,0,TTAGGG
contig-0002943_End,1000,0,2,TTAGGG
contig-0002944_End,1000,1,0,TTAGGG
contig-0002945_End,1000,0,0,TTAGGG
contig-0002946_End,1000,0,1,TTAGGG
contig-0002947_End,1000,0,0,TTAGGG
contig-0002948_End,1000,0,0,TTAGGG
contig-0002949_End,1000,0,1,TTAGGG
contig-0002950_End,1000,0,0,TTAGGG
contig-0002951_End,1000,0,0,TTAGGG
contig-0002952_End,1000,1,0,TTAGGG
contig-0002953_End,1000,1,0,TTAGGG
contig-0002954_End,1000,1,1,TTAGGG
contig-0002955_End,1000,0,0,TTAGGG
contig-0002956_End,1000,162,0,TTAGGG
contig-0002957_End,1000,0,0,TTAGGG
contig-0002958_End,1000,0,0,TTAGGG
contig-0002959_End,1000,1,0,TTAGGG
contig-0002960_End,1000,0,0,TTAGGG
contig-0002961_End,1000,0,0,TTAGGG
contig-0002962_End,1000,0,0,TTAGGG
contig-0002963_End,1000,0,0,TTAGGG
contig-0002964_End,1000,1,1,TTAGGG
contig-0002965_End,1000,0,1,TTAGGG
contig-0002966_End,1000,0,0,TTAGGG
contig-0002967_End,1000,1,1,TTAGGG
contig-0002968_End,1000,0,0,TTAGGG
contig-0002969_End,1000,0,0,TTAGGG
contig-0002970_End,1000,0,0,TTAGGG
contig-0002971_End,1000,0,0,TTAGGG
contig-0002972_End,1000,0,1,TTAGGG
contig-0002973_End,1000,0,0,TTAGGG
contig-0002974_End,1000,0,0,TTAGGG
contig-0002975_End,1000,0,0,TTAGGG
contig-0002976_End,1000,0,0,TTAGGG
contig-0002977_End,1000,1,0,TTAGGG
contig-0002978_End,1000,0,0,TTAGGG
contig-0002979_End,1000,0,1,TTAGGG
contig-0002980_End,1000,0,0,TTAGGG
contig-0002981_End,1000,0,0,TTAGGG
contig-0002982_End,1000,0,1,TTAGGG
contig-0002983_End,1000,0,0,TTAGGG
contig-0002984_End,1000,0,0,TTAGGG
contig-0002985_End,1000,0,0,TTAGGG
contig-0002986_End,1000,1,1,TTAGGG
contig-0002987_End,1000,0,0,TTAGGG
contig-0002988_End,1000,0,0,TTAGGG
contig-0002989_End,1000,0,0,TTAGGG
contig-0002990_End,1000,0,0,TTAGGG
contig-0002991_End,1000,0,0,TTAGGG
contig-0002992_End,1000,0,0,TTAGGG
contig-0002993_End,1000,0,0,TTAGGG
contig-0002994_End,1000,0,1,TTAGGG
contig-0002995_End,1000,0,0,TTAGGG
contig-0002996_End,1000,0,0,TTAGGG
contig-0002997_End,1000,0,0,TTAGGG
contig-0002998_End,1000,1,0,TTAGGG
contig-0002999_End,1000,0,0,TTAGGG
contig-0003000_End,1000,0,1,TTAGGG
contig-0003001_End,1000,1,0,TTAGGG
contig-0003002_End,1000,0,0,TTAGGG
contig-0003003_End,1000,0,0,TTAGGG
contig-0003004_End,1000,0,0,TTAGGG
contig-0003005_End,1000,0,0,TTAGGG
contig-0003006_End,1000,0,0,TTAGGG
contig-0003007_End,1000,0,1,TTAGGG
contig-0003008_End,1000,0,0,TTAGGG
contig-0003009_End,1000,0,0,TTAGGG
contig-0003010_End,1000,0,1,TTAGGG
contig-0003011_End,1000,0,0,TTAGGG
contig-0003012_End,1000,0,0,TTAGGG
contig-0003013_End,1000,1,0,TTAGGG
contig-0003014_End,1000,0,0,TTAGGG
contig-0003015_End,1000,0,0,TTAGGG
contig-0003016_End,1000,0,0,TTAGGG
contig-0003017_End,1000,0,1,TTAGGG
contig-0003018_End,1000,0,1,TTAGGG
contig-0003019_End,1000,1,0,TTAGGG
contig-0003020_End,1000,0,0,TTAGGG
contig-0003021_End,1000,0,0,TTAGGG
contig-0003022_End,1000,0,1,TTAGGG
contig-0003023_End,1000,0,0,TTAGGG
contig-0003024_End,1000,0,1,TTAGGG
contig-0003025_End,1000,0,0,TTAGGG
contig-0003026_End,1000,152,0,TTAGGG
contig-0003027_End,1000,163,0,TTAGGG
contig-0003028_End,1000,0,0,TTAGGG
contig-0003029_End,1000,0,1,TTAGGG
contig-0003030_End,1000,0,1,TTAGGG
contig-0003031_End,1000,0,0,TTAGGG
contig-0003032_End,1000,0,0,TTAGGG
contig-0003033_End,1000,0,0,TTAGGG
contig-0003034_End,1000,0,0,TTAGGG
contig-0003035_End,1000,0,1,TTAGGG
contig-0003036_End,1000,0,0,TTAGGG
contig-0003037_End,1000,0,0,TTAGGG
contig-0003038_End,1000,0,0,TTAGGG
contig-0003039_End,1000,0,0,TTAGGG
contig-0003040_End,1000,0,1,TTAGGG
contig-0003041_End,1000,0,0,TTAGGG
contig-0003042_End,1000,0,0,TTAGGG
contig-0003043_End,1000,1,0,TTAGGG
contig-0003044_End,1000,0,0,TTAGGG
contig-0003045_End,1000,0,0,TTAGGG
contig-0003046_End,1000,0,1,TTAGGG
contig-0003047_End,1000,0,0,TTAGGG
contig-0003048_End,1000,0,0,TTAGGG
contig-0003049_End,1000,0,0,TTAGGG
contig-0003050_End,1000,0,0,TTAGGG
contig-0003051_End,1000,0,0,TTAGGG
contig-0003052_End,1000,0,0,TTAGGG
contig-0003053_End,1000,0,1,TTAGGG
contig-0003054_End,1000,0,0,TTAGGG
contig-0003055_End,1000,1,0,TTAGGG
contig-0003056_End,1000,0,0,TTAGGG
contig-0003057_End,1000,0,0,TTAGGG
contig-0003058_End,1000,1,0,TTAGGG
contig-0003059_End,1000,1,0,TTAGGG
contig-0003060_End,1000,0,0,TTAGGG
contig-0003061_End,1000,0,0,TTAGGG
contig-0003062_End,1000,0,0,TTAGGG
contig-0003063_End,1000,0,1,TTAGGG
contig-0003064_End,1000,1,0,TTAGGG
contig-0003065_End,1000,0,0,TTAGGG
contig-0003066_End,1000,0,0,TTAGGG
contig-0003067_End,1000,1,0,TTAGGG
contig-0003068_End,1000,0,0,TTAGGG
contig-0003069_End,1000,0,0,TTAGGG
contig-0003070_End,1000,0,0,TTAGGG
contig-0003071_End,1000,2,0,TTAGGG
contig-0003072_End,1000,0,0,TTAGGG
contig-0003073_End,1000,0,0,TTAGGG
contig-0003074_End,1000,0,0,TTAGGG
contig-0003075_End,1000,0,0,TTAGGG
contig-0003076_End,1000,0,0,TTAGGG
contig-0003077_End,1000,0,0,TTAGGG
contig-0003078_End,1000,0,0,TTAGGG
contig-0003079_End,1000,0,0,TTAGGG
contig-0003080_End,1000,0,0,TTAGGG
contig-0003081_End,1000,0,0,TTAGGG
contig-0003082_End,1000,0,0,TTAGGG
contig-0003083_End,1000,0,0,TTAGGG
contig-0003084_End,1000,1,0,TTAGGG
contig-0003085_End,1000,0,1,TTAGGG
contig-0003086_End,1000,0,0,TTAGGG
contig-0003087_End,1000,0,0,TTAGGG
contig-0003088_End,1000,0,0,TTAGGG
contig-0003089_End,1000,0,0,TTAGGG
contig-0003090_End,1000,1,0,TTAGGG
contig-0003091_End,1000,1,0,TTAGGG
contig-0003092_End,1000,0,0,TTAGGG
contig-0003093_End,1000,0,0,TTAGGG
contig-0003094_End,1000,0,0,TTAGGG
contig-0003095_End,1000,0,0,TTAGGG
contig-0003096_End,1000,0,1,TTAGGG
contig-0003097_End,1000,2,0,TTAGGG
contig-0003098_End,1000,0,0,TTAGGG
contig-0003099_End,1000,0,0,TTAGGG
contig-0003100_End,1000,0,0,TTAGGG
contig-0003101_End,1000,0,0,TTAGGG
contig-0003102_End,1000,0,0,TTAGGG
contig-0003103_End,1000,1,0,TTAGGG
contig-0003104_End,1000,0,0,TTAGGG
contig-0003105_End,1000,0,0,TTAGGG
contig-0003106_End,1000,162,0,TTAGGG
contig-0003107_End,1000,166,0,TTAGGG
contig-0003108_End,1000,0,0,TTAGGG
contig-0003109_End,1000,0,0,TTAGGG
contig-0003110_End,1000,0,0,TTAGGG
contig-0003111_End,1000,0,0,TTAGGG
contig-0003112_End,1000,0,0,TTAGGG
contig-0003113_End,1000,0,0,TTAGGG
contig-0003114_End,1000,0,2,TTAGGG
contig-0003115_End,1000,0,0,TTAGGG
contig-0003116_End,1000,1,0,TTAGGG
contig-0003117_End,1000,0,0,TTAGGG
contig-0003118_End,1000,0,0,TTAGGG
contig-0003119_End,1000,0,0,TTAGGG
contig-0003120_End,1000,0,0,TTAGGG
contig-0003121_End,1000,0,0,TTAGGG
contig-0003122_End,1000,0,0,TTAGGG
contig-0003123_End,1000,0,0,TTAGGG
contig-0003124_End,1000,0,0,TTAGGG
contig-0003125_End,1000,1,0,TTAGGG
contig-0003126_End,1000,1,0,TTAGGG
contig-0003127_End,1000,0,0,TTAGGG
contig-0003128_End,1000,1,1,TTAGGG
contig-0003129_End,1000,0,0,TTAGGG
contig-0003130_End,1000,0,0,TTAGGG
contig-0003131_End,1000,0,0,TTAGGG
contig-0003132_End,1000,0,0,TTAGGG
contig-0003133_End,1000,0,1,TTAGGG
contig-0003134_End,1000,1,0,TTAGGG
contig-0003135_End,1000,0,0,TTAGGG
contig-0003136_End,1000,0,0,TTAGGG
contig-0003137_End,1000,0,0,TTAGGG
contig-0003138_End,1000,0,0,TTAGGG
contig-0003139_End,1000,0,0,TTAGGG
contig-0003140_End,1000,1,0,TTAGGG
contig-0003141_End,1000,0,0,TTAGGG
contig-0003142_End,1000,0,0,TTAGGG
contig-0003143_End,1000,0,0,TTAGGG
contig-0003144_End,1000,0,0,TTAGGG
contig-0003145_End,1000,0,1,TTAGGG
contig-0003146_End,1000,0,1,TTAGGG
contig-0003147_End,1000,0,0,TTAGGG
contig-0003148_End,1000,0,1,TTAGGG
contig-0003149_End,1000,0,0,TTAGGG
contig-0003150_End,1000,0,0,TTAGGG
contig-0003151_End,1000,2,0,TTAGGG
contig-0003152_End,1000,0,0,TTAGGG
contig-0003153_End,1000,0,0,TTAGGG
contig-0003154_End,1000,1,0,TTAGGG
contig-0003155_End,1000,0,0,TTAGGG
contig-0003156_End,1000,0,0,TTAGGG
contig-0003157_End,1000,0,1,TTAGGG
contig-0003158_End,1000,0,0,TTAGGG
contig-0003159_End,1000,0,0,TTAGGG
contig-0003160_End,1000,0,1,TTAGGG
contig-0003161_End,1000,0,0,TTAGGG
contig-0003162_End,1000,1,0,TTAGGG
contig-0003163_End,1000,0,0,TTAGGG
contig-0003164_End,1000,0,1,TTAGGG
contig-0003165_End,1000,0,0,TTAGGG
contig-0003166_End,1000,0,0,TTAGGG
contig-0003167_End,1000,0,0,TTAGGG
contig-0003168_End,1000,0,0,TTAGGG
contig-0003169_End,1000,0,2,TTAGGG
contig-0003170_End,1000,1,0,TTAGGG
contig-0003171_End,1000,1,0,TTAGGG
contig-0003172_End,1000,0,0,TTAGGG
contig-0003173_End,1000,0,0,TTAGGG
contig-0003174_End,1000,0,0,TTAGGG
contig-0003175_End,1000,0,0,TTAGGG
contig-0003176_End,1000,0,1,TTAGGG
contig-0003177_End,1000,0,0,TTAGGG
contig-0003178_End,1000,1,0,TTAGGG
contig-0003179_End,1000,0,0,TTAGGG
contig-0003180_End,1000,0,0,TTAGGG
contig-0003181_End,1000,0,0,TTAGGG
contig-0003182_End,1000,0,0,TTAGGG
contig-0003183_End,1000,0,0,TTAGGG
contig-0003184_End,1000,1,0,TTAGGG
contig-0003185_End,1000,0,0,TTAGGG
contig-0003186_End,1000,0,1,TTAGGG
contig-0003187_End,1000,0,0,TTAGGG
contig-0003188_End,1000,0,0,TTAGGG
contig-0003189_End,1000,0,0,TTAGGG
contig-0003190_End,1000,0,0,TTAGGG
contig-0003191_End,1000,0,0,TTAGGG
contig-0003192_End,1000,0,0,TTAGGG
contig-0003193_End,1000,0,0,TTAGGG
contig-0003194_End,1000,0,0,TTAGGG
contig-0003195_End,1000,0,0,TTAGGG
contig-0003196_End,1000,0,0,TTAGGG
contig-0003197_End,1000,0,0,TTAGGG
contig-0003198_End,1000,0,0,TTAGGG
contig-0003199_End,1000,0,0,TTAGGG
contig-0003200_End,1000,0,1,TTAGGG
contig-0003201_End,1000,0,1,TTAGGG
contig-0003202_End,1000,0,0,TTAGGG
contig-0003203_End,1000,0,0,TTAGGG
contig-0003204_End,1000,0,0,TTAGGG
contig-0003205_End,1000,0,0,TTAGGG
contig-0003206_End,1000,0,0,TTAGGG
contig-0003207_End,1000,0,0,TTAGGG
contig-0003208_End,1000,0,0,TTAGGG
contig-0003209_End,1000,0,0,TTAGGG
contig-0003210_End,1000,0,0,TTAGGG
contig-0003211_End,1000,1,0,TTAGGG
contig-0003212_End,1000,0,0,TTAGGG
contig-0003213_End,1000,0,1,TTAGGG
contig-0003214_End,1000,0,0,TTAGGG
contig-0003215_End,1000,0,0,TTAGGG
contig-0003216_End,1000,0,0,TTAGGG
contig-0003217_End,1000,0,1,TTAGGG
contig-0003218_End,1000,0,0,TTAGGG
contig-0003219_End,1000,0,0,TTAGGG
contig-0003220_End,1000,0,0,TTAGGG
contig-0003221_End,1000,0,1,TTAGGG
contig-0003222_End,1000,0,1,TTAGGG
contig-0003223_End,1000,0,0,TTAGGG
contig-0003224_End,1000,0,0,TTAGGG
contig-0003225_End,1000,0,0,TTAGGG
contig-0003226_End,1000,0,0,TTAGGG
contig-0003227_End,1000,0,0,TTAGGG
contig-0003228_End,1000,2,0,TTAGGG
contig-0003229_End,1000,0,1,TTAGGG
contig-0003230_End,1000,0,0,TTAGGG
contig-0003231_End,1000,2,1,TTAGGG
contig-0003232_End,1000,0,0,TTAGGG
contig-0003233_End,1000,1,0,TTAGGG
contig-0003234_End,1000,0,0,TTAGGG
contig-0003235_End,1000,0,0,TTAGGG
contig-0003236_End,1000,1,0,TTAGGG
contig-0003237_End,1000,0,0,TTAGGG
contig-0003238_End,1000,0,0,TTAGGG
contig-0003239_End,1000,0,0,TTAGGG
contig-0003240_End,1000,0,0,TTAGGG
contig-0003241_End,1000,0,0,TTAGGG
contig-0003242_End,1000,0,0,TTAGGG
contig-0003243_End,1000,0,0,TTAGGG
contig-0003244_End,1000,0,0,TTAGGG
contig-0003245_End,1000,0,0,TTAGGG
contig-0003246_End,1000,0,0,TTAGGG
contig-0003247_End,1000,0,0,TTAGGG
contig-0003248_End,1000,0,2,TTAGGG
contig-0003249_End,1000,0,0,TTAGGG
contig-0003250_End,1000,0,0,TTAGGG
contig-0003251_End,1000,0,0,TTAGGG
contig-0003252_End,1000,0,0,TTAGGG
contig-0003253_End,1000,0,0,TTAGGG
contig-0003254_End,1000,0,0,TTAGGG
contig-0003255_End,1000,0,0,TTAGGG
contig-0003256_End,1000,1,0,TTAGGG
contig-0003257_End,1000,0,1,TTAGGG
contig-0003258_End,1000,1,1,TTAGGG
contig-0003259_End,1000,0,2,TTAGGG
contig-0003260_End,1000,0,0,TTAGGG
contig-0003261_End,1000,1,0,TTAGGG
contig-0003262_End,1000,1,0,TTAGGG
contig-0003263_End,1000,0,0,TTAGGG
contig-0003264_End,1000,0,0,TTAGGG
contig-0003265_End,1000,0,0,TTAGGG
contig-0003266_End,1000,0,0,TTAGGG
contig-0003267_End,1000,0,1,TTAGGG
contig-0003268_End,1000,0,0,TTAGGG
contig-0003269_End,1000,0,0,TTAGGG
contig-0003270_End,1000,0,2,TTAGGG
contig-0003271_End,1000,0,0,TTAGGG
contig-0003272_End,1000,0,0,TTAGGG
contig-0003273_End,1000,1,0,TTAGGG
contig-0003274_End,1000,0,1,TTAGGG
contig-0003275_End,1000,163,0,TTAGGG
contig-0003276_End,1000,0,0,TTAGGG
contig-0003277_End,1000,0,0,TTAGGG
contig-0003278_End,1000,0,0,TTAGGG
contig-0003279_End,1000,0,0,TTAGGG
contig-0003280_End,1000,0,0,TTAGGG
contig-0003281_End,1000,0,0,TTAGGG
contig-0003282_End,1000,0,1,TTAGGG
contig-0003283_End,1000,1,0,TTAGGG
contig-0003284_End,1000,0,1,TTAGGG
contig-0003285_End,1000,0,0,TTAGGG
contig-0003286_End,1000,2,1,TTAGGG
contig-0003287_End,1000,0,0,TTAGGG
contig-0003288_End,1000,0,1,TTAGGG
contig-0003289_End,1000,0,0,TTAGGG
contig-0003290_End,1000,0,0,TTAGGG
contig-0003291_End,1000,0,0,TTAGGG
contig-0003292_End,1000,0,0,TTAGGG
contig-0003293_End,1000,0,1,TTAGGG
contig-0003294_End,1000,1,0,TTAGGG
contig-0003295_End,1000,1,0,TTAGGG
contig-0003296_End,1000,0,1,TTAGGG
contig-0003297_End,1000,0,1,TTAGGG
contig-0003298_End,1000,0,0,TTAGGG
contig-0003299_End,1000,1,0,TTAGGG
contig-0003300_End,1000,0,0,TTAGGG
contig-0003301_End,1000,0,0,TTAGGG
contig-0003302_End,1000,0,0,TTAGGG
contig-0003303_End,1000,0,0,TTAGGG
contig-0003304_End,1000,0,0,TTAGGG
contig-0003305_End,1000,0,0,TTAGGG
contig-0003306_End,1000,0,0,TTAGGG
contig-0003307_End,1000,1,3,TTAGGG
contig-0003308_End,1000,1,0,TTAGGG
contig-0003309_End,1000,0,0,TTAGGG
contig-0003310_End,1000,0,0,TTAGGG
contig-0003311_End,1000,1,1,TTAGGG
contig-0003312_End,1000,1,0,TTAGGG
contig-0003313_End,1000,0,0,TTAGGG
contig-0003314_End,1000,0,0,TTAGGG
contig-0003315_End,1000,0,0,TTAGGG
contig-0003316_End,1000,0,0,TTAGGG
contig-0003317_End,1000,0,0,TTAGGG
contig-0003318_End,1000,0,0,TTAGGG
contig-0003319_End,1000,0,0,TTAGGG
contig-0003320_End,1000,0,0,TTAGGG
contig-0003321_End,1000,0,0,TTAGGG
contig-0003322_End,1000,0,1,TTAGGG
contig-0003323_End,1000,0,0,TTAGGG
contig-0003324_End,1000,1,0,TTAGGG
contig-0003325_End,1000,0,0,TTAGGG
contig-0003326_End,1000,0,1,TTAGGG
contig-0003327_End,1000,1,0,TTAGGG
contig-0003328_End,1000,1,0,TTAGGG
contig-0003329_End,1000,0,1,TTAGGG
contig-0003330_End,1000,0,0,TTAGGG
contig-0003331_End,1000,0,0,TTAGGG
contig-0003332_End,1000,0,0,TTAGGG
contig-0003333_End,1000,0,0,TTAGGG
contig-0003334_End,1000,0,0,TTAGGG
contig-0003335_End,1000,2,0,TTAGGG
contig-0003336_End,1000,0,0,TTAGGG
contig-0003337_End,1000,0,0,TTAGGG
contig-0003338_End,1000,0,0,TTAGGG
contig-0003339_End,1000,0,0,TTAGGG
contig-0003340_End,1000,1,0,TTAGGG
contig-0003341_End,1000,0,0,TTAGGG
contig-0003342_End,1000,0,0,TTAGGG
contig-0003343_End,1000,0,2,TTAGGG
contig-0003344_End,1000,0,0,TTAGGG
contig-0003345_End,1000,1,0,TTAGGG
contig-0003346_End,1000,0,1,TTAGGG
contig-0003347_End,1000,0,0,TTAGGG
contig-0003348_End,1000,1,0,TTAGGG
contig-0003349_End,1000,0,2,TTAGGG
contig-0003350_End,1000,0,0,TTAGGG
contig-0003351_End,1000,0,0,TTAGGG
contig-0003352_End,1000,0,1,TTAGGG
contig-0003353_End,1000,0,0,TTAGGG
contig-0003354_End,1000,0,0,TTAGGG
contig-0003355_End,1000,1,0,TTAGGG
contig-0003356_End,1000,0,0,TTAGGG
contig-0003357_End,1000,0,0,TTAGGG
contig-0003358_End,1000,0,0,TTAGGG
contig-0003359_End,1000,0,0,TTAGGG
contig-0003360_End,1000,0,0,TTAGGG
contig-0003361_End,1000,0,0,TTAGGG
contig-0003362_End,1000,0,0,TTAGGG
contig-0003363_End,1000,0,0,TTAGGG
contig-0003364_End,1000,0,0,TTAGGG
contig-0003365_End,1000,0,0,TTAGGG
contig-0003366_End,1000,0,0,TTAGGG
contig-0003367_End,1000,0,0,TTAGGG
contig-0003368_End,1000,0,3,TTAGGG
contig-0003369_End,1000,0,1,TTAGGG
contig-0003370_End,1000,1,2,TTAGGG
contig-0003371_End,1000,1,2,TTAGGG
contig-0003372_End,1000,1,3,TTAGGG
contig-0003373_End,1000,0,0,TTAGGG
contig-0003374_End,1000,0,0,TTAGGG
contig-0003375_End,1000,0,0,TTAGGG
contig-0003376_End,1000,1,0,TTAGGG
contig-0003377_End,1000,0,0,TTAGGG
contig-0003378_End,1000,0,0,TTAGGG
contig-0003379_End,1000,0,0,TTAGGG
contig-0003380_End,1000,0,0,TTAGGG
contig-0003381_End,1000,1,0,TTAGGG
contig-0003382_End,1000,0,0,TTAGGG
contig-0003383_End,1000,0,0,TTAGGG
contig-0003384_End,1000,0,1,TTAGGG
contig-0003385_End,1000,1,0,TTAGGG
contig-0003386_End,1000,0,0,TTAGGG
contig-0003387_End,1000,0,0,TTAGGG
contig-0003388_End,1000,0,0,TTAGGG
contig-0003389_End,1000,0,1,TTAGGG
contig-0003390_End,1000,0,0,TTAGGG
contig-0003391_End,1000,0,0,TTAGGG
contig-0003392_End,1000,0,0,TTAGGG
contig-0003393_End,1000,0,0,TTAGGG
contig-0003394_End,1000,0,0,TTAGGG
contig-0003395_End,1000,0,0,TTAGGG
contig-0003396_End,1000,1,0,TTAGGG
contig-0003397_End,1000,0,1,TTAGGG
contig-0003398_End,1000,0,0,TTAGGG
contig-0003399_End,1000,1,0,TTAGGG
contig-0003400_End,1000,0,0,TTAGGG
contig-0003401_End,1000,0,0,TTAGGG
contig-0003402_End,1000,0,0,TTAGGG
contig-0003403_End,1000,0,0,TTAGGG
contig-0003404_End,1000,0,0,TTAGGG
contig-0003405_End,1000,0,0,TTAGGG
contig-0003406_End,1000,0,0,TTAGGG
contig-0003407_End,1000,0,0,TTAGGG
contig-0003408_End,1000,0,0,TTAGGG
contig-0003409_End,1000,0,0,TTAGGG
contig-0003410_End,1000,0,0,TTAGGG
contig-0003411_End,1000,0,1,TTAGGG
contig-0003412_End,1000,0,0,TTAGGG
contig-0003413_End,1000,0,0,TTAGGG
contig-0003414_End,1000,0,0,TTAGGG
contig-0003415_End,1000,0,0,TTAGGG
contig-0003416_End,1000,0,0,TTAGGG
contig-0003417_End,1000,0,0,TTAGGG
contig-0003418_End,1000,0,0,TTAGGG
contig-0003419_End,1000,0,0,TTAGGG
contig-0003420_End,1000,0,0,TTAGGG
contig-0003421_End,1000,0,0,TTAGGG
contig-0003422_End,1000,163,0,TTAGGG
contig-0003423_End,1000,162,0,TTAGGG
contig-0003424_End,1000,0,0,TTAGGG
contig-0003425_End,1000,0,0,TTAGGG
contig-0003426_End,1000,0,0,TTAGGG
contig-0003427_End,1000,1,0,TTAGGG
contig-0003428_End,1000,0,0,TTAGGG
contig-0003429_End,1000,0,0,TTAGGG
contig-0003430_End,1000,0,0,TTAGGG
contig-0003431_End,1000,0,1,TTAGGG
contig-0003432_End,1000,2,0,TTAGGG
contig-0003433_End,1000,0,1,TTAGGG
contig-0003434_End,1000,0,0,TTAGGG
contig-0003435_End,1000,0,0,TTAGGG
contig-0003436_End,1000,2,0,TTAGGG
contig-0003437_End,1000,0,0,TTAGGG
contig-0003438_End,1000,1,0,TTAGGG
contig-0003439_End,1000,0,0,TTAGGG
contig-0003440_End,1000,0,0,TTAGGG
contig-0003441_End,1000,0,0,TTAGGG
contig-0003442_End,1000,0,0,TTAGGG
contig-0003443_End,1000,0,1,TTAGGG
contig-0003444_End,1000,0,1,TTAGGG
contig-0003445_End,1000,0,0,TTAGGG
contig-0003446_End,1000,0,0,TTAGGG
contig-0003447_End,1000,0,0,TTAGGG
contig-0003448_End,1000,0,0,TTAGGG
contig-0003449_End,1000,0,0,TTAGGG
contig-0003450_End,1000,0,1,TTAGGG
contig-0003451_End,1000,0,0,TTAGGG
contig-0003452_End,1000,0,0,TTAGGG
contig-0003453_End,1000,0,0,TTAGGG
contig-0003454_End,1000,0,1,TTAGGG
contig-0003455_End,1000,0,0,TTAGGG
contig-0003456_End,1000,0,0,TTAGGG
contig-0003457_End,1000,0,0,TTAGGG
contig-0003458_End,1000,0,0,TTAGGG
contig-0003459_End,1000,0,1,TTAGGG
contig-0003460_End,1000,1,0,TTAGGG
contig-0003461_End,1000,1,0,TTAGGG
contig-0003462_End,1000,0,0,TTAGGG
contig-0003463_End,1000,0,1,TTAGGG
contig-0003464_End,1000,0,1,TTAGGG
contig-0003465_End,1000,0,0,TTAGGG
contig-0003466_End,1000,0,0,TTAGGG
contig-0003467_End,1000,0,0,TTAGGG
contig-0003468_End,1000,0,0,TTAGGG
contig-0003469_End,1000,0,0,TTAGGG
contig-0003470_End,1000,0,0,TTAGGG
contig-0003471_End,1000,1,0,TTAGGG
contig-0003472_End,1000,1,1,TTAGGG
contig-0003473_End,1000,0,0,TTAGGG
contig-0003474_End,1000,1,0,TTAGGG
contig-0003475_End,1000,0,0,TTAGGG
contig-0003476_End,1000,0,0,TTAGGG
contig-0003477_End,1000,0,0,TTAGGG
contig-0003478_End,1000,0,0,TTAGGG
contig-0003479_End,1000,0,0,TTAGGG
contig-0003480_End,1000,0,0,TTAGGG
contig-0003481_End,1000,1,0,TTAGGG
contig-0003482_End,1000,0,1,TTAGGG
contig-0003483_End,1000,1,1,TTAGGG
contig-0003484_End,1000,0,1,TTAGGG
contig-0003485_End,1000,0,0,TTAGGG
contig-0003486_End,1000,0,0,TTAGGG
contig-0003487_End,1000,0,1,TTAGGG
contig-0003488_End,1000,0,0,TTAGGG
contig-0003489_End,1000,0,0,TTAGGG
contig-0003490_End,1000,0,0,TTAGGG
contig-0003491_End,1000,0,0,TTAGGG
contig-0003492_End,1000,0,0,TTAGGG
contig-0003493_End,1000,0,0,TTAGGG
contig-0003494_End,1000,0,0,TTAGGG
contig-0003495_End,1000,0,0,TTAGGG
contig-0003496_End,1000,0,0,TTAGGG
contig-0003497_End,1000,0,0,TTAGGG
contig-0003498_End,1000,0,0,TTAGGG
contig-0003499_End,1000,0,0,TTAGGG
contig-0003500_End,1000,0,0,TTAGGG
contig-0003501_End,1000,1,0,TTAGGG
contig-0003502_End,1000,0,0,TTAGGG
contig-0003503_End,1000,0,0,TTAGGG
contig-0003504_End,1000,0,0,TTAGGG
contig-0003505_End,1000,0,0,TTAGGG
contig-0003506_End,1000,0,0,TTAGGG
contig-0003507_End,1000,0,0,TTAGGG
contig-0003508_End,1000,1,0,TTAGGG
contig-0003509_End,1000,0,1,TTAGGG
contig-0003510_End,1000,0,0,TTAGGG
contig-0003511_End,1000,0,0,TTAGGG
contig-0003512_End,1000,1,0,TTAGGG
contig-0003513_End,1000,0,0,TTAGGG
contig-0003514_End,1000,0,1,TTAGGG
contig-0003515_End,1000,1,0,TTAGGG
contig-0003516_End,1000,0,2,TTAGGG
contig-0003517_End,1000,0,0,TTAGGG
contig-0003518_End,1000,1,0,TTAGGG
contig-0003519_End,1000,1,1,TTAGGG
contig-0003520_End,1000,0,0,TTAGGG
contig-0003521_End,1000,0,0,TTAGGG
contig-0003522_End,1000,0,0,TTAGGG
contig-0003523_End,1000,0,1,TTAGGG
contig-0003524_End,1000,1,0,TTAGGG
contig-0003525_End,1000,0,0,TTAGGG
contig-0003526_End,1000,0,0,TTAGGG
contig-0003527_End,1000,0,0,TTAGGG
contig-0003528_End,1000,0,0,TTAGGG
contig-0003529_End,1000,0,0,TTAGGG
contig-0003530_End,1000,0,1,TTAGGG
contig-0003531_End,1000,0,0,TTAGGG
contig-0003532_End,1000,1,0,TTAGGG
contig-0003533_End,1000,1,0,TTAGGG
contig-0003534_End,1000,0,0,TTAGGG
contig-0003535_End,1000,0,0,TTAGGG
contig-0003536_End,1000,0,0,TTAGGG
contig-0003537_End,1000,0,0,TTAGGG
contig-0003538_End,1000,0,0,TTAGGG
contig-0003539_End,1000,1,0,TTAGGG
contig-0003540_End,1000,0,0,TTAGGG
contig-0003541_End,1000,0,0,TTAGGG
contig-0003542_End,1000,0,0,TTAGGG
contig-0003543_End,1000,0,0,TTAGGG
contig-0003544_End,1000,0,0,TTAGGG
contig-0003545_End,1000,0,0,TTAGGG
contig-0003546_End,1000,0,0,TTAGGG
contig-0003547_End,1000,0,0,TTAGGG
contig-0003548_End,1000,0,0,TTAGGG
contig-0003549_End,1000,0,1,TTAGGG
contig-0003550_End,1000,0,1,TTAGGG
contig-0003551_End,1000,0,1,TTAGGG
contig-0003552_End,1000,0,0,TTAGGG
contig-0003553_End,1000,0,0,TTAGGG
contig-0003554_End,1000,0,0,TTAGGG
contig-0003555_End,1000,0,0,TTAGGG
contig-0003556_End,1000,0,0,TTAGGG
contig-0003557_End,1000,0,0,TTAGGG
contig-0003558_End,1000,1,0,TTAGGG
contig-0003559_End,1000,0,0,TTAGGG
contig-0003560_End,1000,0,0,TTAGGG
contig-0003561_End,1000,0,0,TTAGGG
contig-0003562_End,1000,1,1,TTAGGG
contig-0003563_End,1000,0,0,TTAGGG
contig-0003564_End,1000,0,0,TTAGGG
contig-0003565_End,1000,0,0,TTAGGG
contig-0003566_End,1000,1,0,TTAGGG
contig-0003567_End,1000,1,0,TTAGGG
contig-0003568_End,1000,0,1,TTAGGG
contig-0003569_End,1000,0,0,TTAGGG
contig-0003570_End,1000,0,0,TTAGGG
contig-0003571_End,1000,0,0,TTAGGG
contig-0003572_End,1000,0,2,TTAGGG
contig-0003573_End,1000,1,0,TTAGGG
contig-0003574_End,1000,0,0,TTAGGG
contig-0003575_End,1000,0,0,TTAGGG
contig-0003576_End,1000,0,0,TTAGGG
contig-0003577_End,1000,0,0,TTAGGG
contig-0003578_End,1000,0,0,TTAGGG
contig-0003579_End,1000,0,1,TTAGGG
contig-0003580_End,1000,0,0,TTAGGG
contig-0003581_End,1000,0,0,TTAGGG
contig-0003582_End,1000,1,0,TTAGGG
contig-0003583_End,1000,0,0,TTAGGG
contig-0003584_End,1000,1,0,TTAGGG
contig-0003585_End,1000,0,0,TTAGGG
contig-0003586_End,1000,0,1,TTAGGG
contig-0003587_End,1000,2,0,TTAGGG
contig-0003588_End,1000,0,0,TTAGGG
contig-0003589_End,1000,0,0,TTAGGG
contig-0003590_End,1000,0,0,TTAGGG
contig-0003591_End,1000,0,0,TTAGGG
contig-0003592_End,1000,0,0,TTAGGG
contig-0003593_End,1000,0,1,TTAGGG
contig-0003594_End,1000,0,0,TTAGGG
contig-0003595_End,1000,0,0,TTAGGG
contig-0003596_End,1000,0,0,TTAGGG
contig-0003597_End,1000,0,0,TTAGGG
contig-0003598_End,1000,0,0,TTAGGG
contig-0003599_End,1000,0,0,TTAGGG
contig-0003601_End,1000,0,0,TTAGGG
contig-0003602_End,1000,0,0,TTAGGG
contig-0003603_End,1000,0,0,TTAGGG
contig-0003604_End,1000,0,0,TTAGGG
contig-0003605_End,1000,0,0,TTAGGG
contig-0003606_End,1000,0,0,TTAGGG
contig-0003607_End,1000,0,0,TTAGGG
contig-0003608_End,1000,0,0,TTAGGG
contig-0003609_End,1000,0,1,TTAGGG
contig-0003610_End,1000,0,0,TTAGGG
contig-0003611_End,1000,0,0,TTAGGG
contig-0003612_End,1000,0,0,TTAGGG
contig-0003613_End,1000,0,0,TTAGGG
contig-0003614_End,1000,0,0,TTAGGG
contig-0003615_End,1000,1,0,TTAGGG
contig-0003616_End,1000,0,0,TTAGGG
contig-0003617_End,1000,0,0,TTAGGG
contig-0003618_End,1000,0,0,TTAGGG
contig-0003619_End,1000,0,0,TTAGGG
contig-0003620_End,1000,0,0,TTAGGG
contig-0003621_End,1000,0,0,TTAGGG
contig-0003622_End,1000,0,0,TTAGGG
contig-0003623_End,1000,1,0,TTAGGG
contig-0003624_End,1000,0,0,TTAGGG
contig-0003625_End,1000,0,0,TTAGGG
contig-0003626_End,1000,0,0,TTAGGG
contig-0003627_End,1000,0,1,TTAGGG
contig-0003628_End,1000,0,0,TTAGGG
contig-0003629_End,1000,0,0,TTAGGG
contig-0003630_End,1000,0,0,TTAGGG
contig-0003631_End,1000,0,0,TTAGGG
contig-0003632_End,1000,1,0,TTAGGG
contig-0003633_End,1000,0,0,TTAGGG
contig-0003634_End,1000,0,0,TTAGGG
contig-0003635_End,1000,0,0,TTAGGG
contig-0003636_End,1000,0,0,TTAGGG
contig-0003637_End,1000,0,0,TTAGGG
contig-0003638_End,1000,0,0,TTAGGG
contig-0003639_End,1000,0,0,TTAGGG
contig-0003640_End,1000,0,1,TTAGGG
contig-0003641_End,1000,0,0,TTAGGG
contig-0003642_End,1000,0,1,TTAGGG
contig-0003643_End,1000,0,0,TTAGGG
contig-0003644_End,1000,0,0,TTAGGG
contig-0003645_End,1000,0,1,TTAGGG
contig-0003646_End,1000,0,0,TTAGGG
contig-0003647_End,1000,0,0,TTAGGG
contig-0003648_End,1000,0,1,TTAGGG
contig-0003649_End,1000,0,0,TTAGGG
contig-0003650_End,1000,0,0,TTAGGG
contig-0003651_End,1000,0,0,TTAGGG
contig-0003652_End,1000,0,0,TTAGGG
contig-0003653_End,1000,0,0,TTAGGG
contig-0003654_End,1000,1,1,TTAGGG
contig-0003655_End,1000,1,0,TTAGGG
contig-0003656_End,1000,0,0,TTAGGG
contig-0003657_End,1000,0,0,TTAGGG
contig-0003658_End,1000,0,0,TTAGGG
contig-0003659_End,1000,0,0,TTAGGG
contig-0003660_End,1000,1,0,TTAGGG
contig-0003661_End,1000,1,1,TTAGGG
contig-0003662_End,1000,1,0,TTAGGG
contig-0003663_End,1000,0,0,TTAGGG
contig-0003664_End,1000,0,0,TTAGGG
contig-0003665_End,1000,2,0,TTAGGG
contig-0003666_End,1000,0,0,TTAGGG
contig-0003667_End,1000,0,0,TTAGGG
contig-0003668_End,1000,0,0,TTAGGG
contig-0003669_End,1000,0,1,TTAGGG
contig-0003670_End,1000,0,0,TTAGGG
contig-0003671_End,1000,0,0,TTAGGG
contig-0003672_End,1000,2,1,TTAGGG
contig-0003673_End,1000,0,0,TTAGGG
contig-0003674_End,1000,0,0,TTAGGG
contig-0003675_End,1000,1,0,TTAGGG
contig-0003677_End,1000,0,0,TTAGGG
contig-0003678_End,1000,0,0,TTAGGG
contig-0003679_End,1000,0,0,TTAGGG
contig-0003680_End,1000,0,0,TTAGGG
contig-0003681_End,1000,1,0,TTAGGG
contig-0003682_End,1000,0,0,TTAGGG
contig-0003683_End,1000,0,0,TTAGGG
contig-0003684_End,1000,0,0,TTAGGG
contig-0003685_End,1000,0,0,TTAGGG
contig-0003686_End,1000,0,0,TTAGGG
contig-0003687_End,1000,0,0,TTAGGG
contig-0003688_End,1000,1,0,TTAGGG
contig-0003689_End,1000,0,0,TTAGGG
contig-0003690_End,1000,0,0,TTAGGG
contig-0003691_End,1000,1,0,TTAGGG
contig-0003692_End,1000,0,0,TTAGGG
contig-0003693_End,1000,1,1,TTAGGG
contig-0003694_End,1000,0,2,TTAGGG
contig-0003695_End,1000,2,1,TTAGGG
contig-0003696_End,1000,1,0,TTAGGG
contig-0003697_End,1000,2,0,TTAGGG
contig-0003698_End,1000,0,0,TTAGGG
contig-0003699_End,1000,0,0,TTAGGG
contig-0003700_End,1000,0,0,TTAGGG
contig-0003701_End,1000,0,0,TTAGGG
contig-0003702_End,1000,0,0,TTAGGG
contig-0003703_End,1000,1,0,TTAGGG
contig-0003704_End,1000,0,1,TTAGGG
contig-0003705_End,1000,0,0,TTAGGG
contig-0003706_End,1000,1,1,TTAGGG
contig-0003707_End,1000,0,0,TTAGGG
contig-0003708_End,1000,0,0,TTAGGG
contig-0003709_End,1000,0,0,TTAGGG
contig-0003710_End,1000,0,1,TTAGGG
contig-0003711_End,1000,0,0,TTAGGG
contig-0003712_End,1000,0,0,TTAGGG
contig-0003713_End,1000,0,1,TTAGGG
contig-0003714_End,1000,0,0,TTAGGG
contig-0003715_End,1000,0,0,TTAGGG
contig-0003716_End,1000,0,0,TTAGGG
contig-0003718_End,1000,0,0,TTAGGG
contig-0003719_End,1000,0,0,TTAGGG
contig-0003720_End,1000,1,0,TTAGGG
contig-0003721_End,1000,0,0,TTAGGG
contig-0003722_End,1000,0,0,TTAGGG
contig-0003723_End,1000,1,0,TTAGGG
contig-0003724_End,1000,0,0,TTAGGG
contig-0003725_End,1000,1,0,TTAGGG
contig-0003726_End,1000,1,0,TTAGGG
contig-0003727_End,1000,0,0,TTAGGG
contig-0003728_End,1000,1,0,TTAGGG
contig-0003729_End,1000,0,1,TTAGGG
contig-0003730_End,1000,0,0,TTAGGG
contig-0003731_End,1000,0,0,TTAGGG
contig-0003732_End,1000,0,1,TTAGGG
contig-0003733_End,1000,0,0,TTAGGG
contig-0003734_End,1000,0,0,TTAGGG
contig-0003735_End,1000,0,0,TTAGGG
contig-0003736_End,1000,1,0,TTAGGG
contig-0003737_End,1000,0,1,TTAGGG
contig-0003738_End,1000,0,1,TTAGGG
contig-0003739_End,1000,1,0,TTAGGG
contig-0003740_End,1000,1,1,TTAGGG
contig-0003741_End,1000,0,1,TTAGGG
contig-0003742_End,1000,1,0,TTAGGG
contig-0003743_End,1000,0,1,TTAGGG
contig-0003744_End,1000,0,0,TTAGGG
contig-0003745_End,1000,0,0,TTAGGG
contig-0003746_End,1000,0,1,TTAGGG
contig-0003747_End,1000,0,1,TTAGGG
contig-0003748_End,1000,0,0,TTAGGG
contig-0003749_End,1000,0,0,TTAGGG
contig-0003750_End,1000,0,0,TTAGGG
contig-0003751_End,1000,0,0,TTAGGG
contig-0003752_End,1000,0,0,TTAGGG
contig-0003753_End,1000,1,0,TTAGGG
contig-0003754_End,1000,0,0,TTAGGG
contig-0003755_End,1000,0,0,TTAGGG
contig-0003756_End,1000,0,0,TTAGGG
contig-0003757_End,1000,1,0,TTAGGG
contig-0003758_End,1000,0,0,TTAGGG
contig-0003759_End,1000,0,0,TTAGGG
contig-0003760_End,1000,0,1,TTAGGG
contig-0003761_End,1000,0,0,TTAGGG
contig-0003762_End,1000,0,0,TTAGGG
contig-0003763_End,1000,1,0,TTAGGG
contig-0003764_End,1000,0,0,TTAGGG
contig-0003765_End,1000,0,1,TTAGGG
contig-0003766_End,1000,0,0,TTAGGG
contig-0003767_End,1000,0,0,TTAGGG
contig-0003768_End,1000,1,0,TTAGGG
contig-0003769_End,1000,0,0,TTAGGG
contig-0003770_End,1000,0,0,TTAGGG
contig-0003771_End,1000,0,0,TTAGGG
contig-0003772_End,1000,0,0,TTAGGG
contig-0003773_End,1000,0,0,TTAGGG
contig-0003774_End,1000,1,0,TTAGGG
contig-0003775_End,1000,0,0,TTAGGG
contig-0003776_End,1000,0,1,TTAGGG
contig-0003777_End,1000,0,0,TTAGGG
contig-0003778_End,1000,0,0,TTAGGG
contig-0003779_End,1000,0,0,TTAGGG
contig-0003780_End,1000,0,0,TTAGGG
contig-0003781_End,1000,0,1,TTAGGG
contig-0003782_End,1000,0,0,TTAGGG
contig-0003783_End,1000,1,0,TTAGGG
contig-0003784_End,1000,0,0,TTAGGG
contig-0003785_End,1000,0,0,TTAGGG
contig-0003786_End,1000,0,0,TTAGGG
contig-0003787_End,1000,0,0,TTAGGG
contig-0003788_End,1000,0,0,TTAGGG
contig-0003789_End,1000,0,0,TTAGGG
contig-0003790_End,1000,3,0,TTAGGG
contig-0003791_End,1000,0,0,TTAGGG
contig-0003792_End,1000,1,0,TTAGGG
contig-0003793_End,1000,1,0,TTAGGG
contig-0003794_End,1000,0,0,TTAGGG
contig-0003795_End,1000,0,1,TTAGGG
contig-0003796_End,1000,2,1,TTAGGG
contig-0003797_End,1000,1,0,TTAGGG
contig-0003798_End,1000,0,0,TTAGGG
contig-0003799_End,1000,0,0,TTAGGG
contig-0003800_End,1000,0,0,TTAGGG
contig-0003801_End,1000,0,1,TTAGGG
contig-0003802_End,1000,0,1,TTAGGG
contig-0003803_End,1000,0,0,TTAGGG
contig-0003804_End,1000,0,1,TTAGGG
contig-0003805_End,1000,0,0,TTAGGG
contig-0003806_End,1000,0,0,TTAGGG
contig-0003807_End,1000,0,0,TTAGGG
contig-0003808_End,1000,0,1,TTAGGG
contig-0003809_End,1000,0,1,TTAGGG
contig-0003810_End,1000,0,0,TTAGGG
contig-0003811_End,1000,0,0,TTAGGG
contig-0003812_End,1000,0,1,TTAGGG
contig-0003813_End,1000,0,0,TTAGGG
contig-0003814_End,1000,0,0,TTAGGG
contig-0003815_End,1000,0,0,TTAGGG
contig-0003816_End,1000,0,0,TTAGGG
contig-0003817_End,1000,0,0,TTAGGG
contig-0003818_End,1000,0,0,TTAGGG
contig-0003819_End,1000,0,0,TTAGGG
contig-0003820_End,1000,0,0,TTAGGG
contig-0003821_End,1000,0,0,TTAGGG
contig-0003822_End,1000,0,0,TTAGGG
contig-0003823_End,1000,0,0,TTAGGG
contig-0003824_End,1000,0,2,TTAGGG
contig-0003825_End,1000,0,0,TTAGGG
contig-0003826_End,1000,0,0,TTAGGG
contig-0003827_End,1000,0,0,TTAGGG
contig-0003828_End,1000,0,0,TTAGGG
contig-0003829_End,1000,0,0,TTAGGG
contig-0003830_End,1000,0,0,TTAGGG
contig-0003831_End,1000,0,0,TTAGGG
contig-0003832_End,1000,0,1,TTAGGG
contig-0003833_End,1000,0,0,TTAGGG
contig-0003834_End,1000,0,0,TTAGGG
contig-0003835_End,1000,0,0,TTAGGG
contig-0003836_End,1000,0,0,TTAGGG
contig-0003837_End,1000,0,0,TTAGGG
contig-0003838_End,1000,0,0,TTAGGG
contig-0003839_End,1000,0,0,TTAGGG
contig-0003840_End,1000,0,0,TTAGGG
contig-0003841_End,1000,0,0,TTAGGG
contig-0003842_End,1000,0,0,TTAGGG
contig-0003843_End,1000,0,0,TTAGGG
contig-0003844_End,1000,1,0,TTAGGG
contig-0003845_End,1000,0,0,TTAGGG
contig-0003846_End,1000,0,0,TTAGGG
contig-0003847_End,1000,1,0,TTAGGG
contig-0003848_End,1000,0,1,TTAGGG
contig-0003849_End,1000,2,0,TTAGGG
contig-0003850_End,1000,0,0,TTAGGG
contig-0003851_End,1000,0,0,TTAGGG
contig-0003852_End,1000,0,0,TTAGGG
contig-0003853_End,1000,0,0,TTAGGG
contig-0003854_End,1000,0,0,TTAGGG
contig-0003855_End,1000,1,0,TTAGGG
contig-0003856_End,1000,1,1,TTAGGG
contig-0003857_End,1000,2,2,TTAGGG
contig-0003858_End,1000,0,0,TTAGGG
contig-0003859_End,1000,0,0,TTAGGG
contig-0003860_End,1000,0,0,TTAGGG
contig-0003861_End,1000,0,0,TTAGGG
contig-0003862_End,1000,0,0,TTAGGG
contig-0003863_End,1000,0,2,TTAGGG
contig-0003864_End,1000,0,0,TTAGGG
contig-0003865_End,1000,0,0,TTAGGG
contig-0003866_End,1000,0,0,TTAGGG
contig-0003867_End,1000,0,0,TTAGGG
contig-0003868_End,1000,0,0,TTAGGG
contig-0003869_End,1000,0,0,TTAGGG
contig-0003870_End,1000,0,0,TTAGGG
contig-0003871_End,1000,0,0,TTAGGG
contig-0003872_End,1000,0,0,TTAGGG
contig-0003873_End,1000,0,0,TTAGGG
contig-0003874_End,1000,0,1,TTAGGG
contig-0003875_End,1000,0,1,TTAGGG
contig-0003876_End,1000,0,0,TTAGGG
contig-0003877_End,1000,0,2,TTAGGG
contig-0003878_End,1000,0,0,TTAGGG
contig-0003879_End,1000,0,0,TTAGGG
contig-0003880_End,1000,1,0,TTAGGG
contig-0003881_End,1000,0,0,TTAGGG
contig-0003882_End,1000,1,0,TTAGGG
contig-0003883_End,1000,0,1,TTAGGG
contig-0003884_End,1000,0,0,TTAGGG
contig-0003885_End,1000,0,0,TTAGGG
contig-0003886_End,1000,0,1,TTAGGG
contig-0003887_End,1000,0,0,TTAGGG
contig-0003888_End,1000,0,0,TTAGGG
contig-0003889_End,1000,0,0,TTAGGG
contig-0003890_End,1000,1,0,TTAGGG
contig-0003891_End,1000,0,0,TTAGGG
contig-0003892_End,1000,0,0,TTAGGG
contig-0003893_End,1000,1,0,TTAGGG
contig-0003894_End,1000,0,0,TTAGGG
contig-0003895_End,1000,0,0,TTAGGG
contig-0003896_End,1000,1,0,TTAGGG
contig-0003897_End,1000,0,0,TTAGGG
contig-0003898_End,1000,0,0,TTAGGG
contig-0003899_End,1000,0,1,TTAGGG
contig-0003900_End,1000,0,0,TTAGGG
contig-0003901_End,1000,0,0,TTAGGG
contig-0003902_End,1000,0,0,TTAGGG
contig-0003903_End,1000,0,0,TTAGGG
contig-0003904_End,1000,0,0,TTAGGG
contig-0003905_End,1000,0,1,TTAGGG
contig-0003906_End,1000,0,0,TTAGGG
contig-0003907_End,1000,0,0,TTAGGG
contig-0003908_End,1000,0,0,TTAGGG
contig-0003909_End,1000,1,0,TTAGGG
contig-0003910_End,1000,0,0,TTAGGG
contig-0003911_End,1000,0,0,TTAGGG
contig-0003912_End,1000,0,0,TTAGGG
contig-0003913_End,1000,0,0,TTAGGG
contig-0003914_End,1000,0,0,TTAGGG
contig-0003915_End,1000,0,1,TTAGGG
contig-0003916_End,1000,0,0,TTAGGG
contig-0003917_End,1000,0,0,TTAGGG
contig-0003918_End,1000,0,0,TTAGGG
contig-0003919_End,1000,0,0,TTAGGG
contig-0003920_End,1000,0,0,TTAGGG
contig-0003921_End,1000,0,0,TTAGGG
contig-0003922_End,1000,0,0,TTAGGG
contig-0003923_End,1000,0,0,TTAGGG
contig-0003924_End,1000,0,0,TTAGGG
contig-0003925_End,1000,0,1,TTAGGG
contig-0003926_End,1000,1,0,TTAGGG
contig-0003927_End,1000,0,0,TTAGGG
contig-0003928_End,1000,0,0,TTAGGG
contig-0003929_End,1000,1,0,TTAGGG
contig-0003930_End,1000,0,0,TTAGGG
contig-0003931_End,1000,0,0,TTAGGG
contig-0003932_End,1000,0,0,TTAGGG
contig-0003933_End,1000,0,0,TTAGGG
contig-0003934_End,1000,0,0,TTAGGG
contig-0003935_End,1000,0,0,TTAGGG
contig-0003936_End,1000,1,0,TTAGGG
contig-0003937_End,1000,0,0,TTAGGG
contig-0003938_End,1000,0,0,TTAGGG
contig-0003939_End,1000,0,0,TTAGGG
contig-0003940_End,1000,0,0,TTAGGG
contig-0003941_End,1000,0,0,TTAGGG
contig-0003942_End,1000,0,0,TTAGGG
contig-0003943_End,1000,0,0,TTAGGG
contig-0003944_End,1000,0,1,TTAGGG
contig-0003945_End,1000,0,2,TTAGGG
contig-0003946_End,1000,1,0,TTAGGG
contig-0003947_End,1000,0,0,TTAGGG
contig-0003948_End,1000,1,0,TTAGGG
contig-0003949_End,1000,0,0,TTAGGG
contig-0003950_End,1000,0,0,TTAGGG
contig-0003951_End,1000,0,0,TTAGGG
contig-0003952_End,1000,0,0,TTAGGG
contig-0003953_End,1000,0,0,TTAGGG
contig-0003954_End,1000,0,0,TTAGGG
contig-0003955_End,1000,0,1,TTAGGG
contig-0003956_End,1000,0,0,TTAGGG
contig-0003957_End,1000,0,0,TTAGGG
contig-0003958_End,1000,1,0,TTAGGG
contig-0003959_End,1000,0,0,TTAGGG
contig-0003960_End,1000,1,0,TTAGGG
contig-0003961_End,1000,0,0,TTAGGG
contig-0003962_End,1000,0,0,TTAGGG
contig-0003963_End,1000,0,0,TTAGGG
contig-0003964_End,1000,0,2,TTAGGG
contig-0003965_End,1000,0,0,TTAGGG
contig-0003966_End,1000,0,0,TTAGGG
contig-0003967_End,1000,0,0,TTAGGG
contig-0003968_End,1000,0,0,TTAGGG
contig-0003969_End,1000,1,1,TTAGGG
contig-0003970_End,1000,1,0,TTAGGG
contig-0003971_End,1000,0,0,TTAGGG
contig-0003972_End,1000,0,0,TTAGGG
contig-0003973_End,1000,0,0,TTAGGG
contig-0003974_End,1000,1,0,TTAGGG
contig-0003975_End,1000,0,0,TTAGGG
contig-0003976_End,1000,1,0,TTAGGG
contig-0003977_End,1000,0,0,TTAGGG
contig-0003978_End,1000,1,0,TTAGGG
contig-0003979_End,1000,0,1,TTAGGG
contig-0003980_End,1000,0,0,TTAGGG
contig-0003981_End,1000,0,0,TTAGGG
contig-0003982_End,1000,0,0,TTAGGG
contig-0003983_End,1000,0,0,TTAGGG
contig-0003984_End,1000,0,0,TTAGGG
contig-0003985_End,1000,0,0,TTAGGG
contig-0003986_End,1000,0,1,TTAGGG
contig-0003987_End,1000,2,1,TTAGGG
contig-0003988_End,1000,1,0,TTAGGG
contig-0003989_End,1000,1,0,TTAGGG
contig-0003990_End,1000,0,0,TTAGGG
contig-0003991_End,1000,0,0,TTAGGG
contig-0003992_End,1000,1,0,TTAGGG
contig-0003993_End,1000,1,0,TTAGGG
contig-0003994_End,1000,0,0,TTAGGG
contig-0003995_End,1000,0,0,TTAGGG
contig-0003996_End,1000,1,0,TTAGGG
contig-0003997_End,1000,0,0,TTAGGG
contig-0003998_End,1000,2,1,TTAGGG
contig-0003999_End,1000,1,0,TTAGGG
contig-0004000_End,1000,0,0,TTAGGG
contig-0004001_End,1000,0,0,TTAGGG
contig-0004002_End,1000,0,0,TTAGGG
contig-0004003_End,1000,0,0,TTAGGG
contig-0004004_End,1000,2,1,TTAGGG
contig-0004005_End,1000,0,0,TTAGGG
contig-0004006_End,1000,0,0,TTAGGG
contig-0004007_End,1000,0,0,TTAGGG
contig-0004008_End,1000,0,0,TTAGGG
contig-0004009_End,1000,0,0,TTAGGG
contig-0004010_End,1000,0,0,TTAGGG
contig-0004011_End,1000,0,0,TTAGGG
contig-0004012_End,1000,0,0,TTAGGG
contig-0004013_End,1000,0,0,TTAGGG
contig-0004014_End,1000,0,0,TTAGGG
contig-0004015_End,1000,0,0,TTAGGG
contig-0004016_End,1000,2,0,TTAGGG
contig-0004017_End,1000,0,0,TTAGGG
contig-0004018_End,1000,1,0,TTAGGG
contig-0004019_End,1000,0,0,TTAGGG
contig-0004020_End,1000,0,0,TTAGGG
contig-0004021_End,1000,1,0,TTAGGG
contig-0004022_End,1000,1,0,TTAGGG
contig-0004023_End,1000,0,0,TTAGGG
contig-0004024_End,1000,0,0,TTAGGG
contig-0004025_End,1000,0,0,TTAGGG
contig-0004026_End,1000,1,0,TTAGGG
contig-0004027_End,1000,0,0,TTAGGG
contig-0004028_End,1000,0,0,TTAGGG
contig-0004029_End,1000,0,0,TTAGGG
contig-0004030_End,1000,0,0,TTAGGG
contig-0004031_End,1000,0,0,TTAGGG
contig-0004032_End,1000,0,0,TTAGGG
contig-0004033_End,1000,2,0,TTAGGG
contig-0004034_End,1000,0,0,TTAGGG
contig-0004035_End,1000,0,0,TTAGGG
contig-0004036_End,1000,0,1,TTAGGG
contig-0004037_End,1000,0,1,TTAGGG
contig-0004038_End,1000,0,0,TTAGGG
contig-0004039_End,1000,0,1,TTAGGG
contig-0004040_End,1000,0,0,TTAGGG
contig-0004041_End,1000,0,0,TTAGGG
contig-0004042_End,1000,0,0,TTAGGG
contig-0004043_End,1000,1,0,TTAGGG
contig-0004044_End,1000,0,0,TTAGGG
contig-0004045_End,1000,0,0,TTAGGG
contig-0004046_End,1000,0,0,TTAGGG
contig-0004047_End,1000,0,0,TTAGGG
contig-0004048_End,1000,0,0,TTAGGG
contig-0004049_End,1000,0,1,TTAGGG
contig-0004050_End,1000,1,0,TTAGGG
contig-0004051_End,1000,0,0,TTAGGG
contig-0004052_End,1000,0,0,TTAGGG
contig-0004053_End,1000,0,1,TTAGGG
contig-0004054_End,1000,0,0,TTAGGG
contig-0004055_End,1000,0,0,TTAGGG
contig-0004056_End,1000,0,0,TTAGGG
contig-0004057_End,1000,0,0,TTAGGG
contig-0004058_End,1000,0,0,TTAGGG
contig-0004059_End,1000,0,0,TTAGGG
contig-0004060_End,1000,0,0,TTAGGG
contig-0004061_End,1000,0,0,TTAGGG
contig-0004062_End,1000,0,0,TTAGGG
contig-0004063_End,1000,1,2,TTAGGG
contig-0004064_End,1000,0,0,TTAGGG
contig-0004065_End,1000,0,0,TTAGGG
contig-0004066_End,1000,0,1,TTAGGG
contig-0004067_End,1000,0,0,TTAGGG
contig-0004068_End,1000,0,1,TTAGGG
contig-0004069_End,1000,0,0,TTAGGG
contig-0004070_End,1000,0,1,TTAGGG
contig-0004071_End,1000,0,0,TTAGGG
contig-0004072_End,1000,1,0,TTAGGG
contig-0004073_End,1000,1,0,TTAGGG
contig-0004074_End,1000,0,0,TTAGGG
contig-0004075_End,1000,0,0,TTAGGG
contig-0004076_End,1000,0,0,TTAGGG
contig-0004077_End,1000,0,0,TTAGGG
contig-0004078_End,1000,0,0,TTAGGG
contig-0004079_End,1000,1,0,TTAGGG
contig-0004080_End,1000,0,0,TTAGGG
contig-0004081_End,1000,1,0,TTAGGG
contig-0004082_End,1000,3,0,TTAGGG
contig-0004083_End,1000,0,0,TTAGGG
contig-0004084_End,1000,0,0,TTAGGG
contig-0004085_End,1000,165,0,TTAGGG
contig-0004086_End,1000,0,1,TTAGGG
contig-0004087_End,1000,0,0,TTAGGG
contig-0004088_End,1000,0,0,TTAGGG
contig-0004089_End,1000,0,0,TTAGGG
contig-0004090_End,1000,1,1,TTAGGG
contig-0004091_End,1000,0,1,TTAGGG
contig-0004092_End,1000,0,0,TTAGGG
contig-0004093_End,1000,0,0,TTAGGG
contig-0004094_End,1000,163,0,TTAGGG
contig-0004095_End,1000,0,1,TTAGGG
contig-0004096_End,1000,0,0,TTAGGG
contig-0004097_End,1000,0,0,TTAGGG
contig-0004098_End,1000,0,0,TTAGGG
contig-0004099_End,1000,1,0,TTAGGG
contig-0004100_End,1000,0,0,TTAGGG
contig-0004101_End,1000,0,0,TTAGGG
contig-0004102_End,1000,1,0,TTAGGG
contig-0004103_End,1000,0,1,TTAGGG
contig-0004104_End,1000,0,0,TTAGGG
contig-0004105_End,1000,0,1,TTAGGG
contig-0004106_End,1000,0,0,TTAGGG
contig-0004107_End,1000,1,0,TTAGGG
contig-0004108_End,1000,0,0,TTAGGG
contig-0004109_End,1000,1,0,TTAGGG
contig-0004110_End,1000,0,0,TTAGGG
contig-0004111_End,1000,0,0,TTAGGG
contig-0004112_End,1000,0,0,TTAGGG
contig-0004113_End,1000,0,0,TTAGGG
contig-0004114_End,1000,0,0,TTAGGG
contig-0004115_End,1000,0,0,TTAGGG
contig-0004116_End,1000,0,0,TTAGGG
contig-0004117_End,1000,0,0,TTAGGG
contig-0004118_End,1000,0,0,TTAGGG
contig-0004119_End,1000,0,0,TTAGGG
contig-0004120_End,1000,0,0,TTAGGG
contig-0004121_End,1000,0,0,TTAGGG
contig-0004122_End,1000,0,0,TTAGGG
contig-0004123_End,1000,2,0,TTAGGG
contig-0004124_End,1000,1,0,TTAGGG
contig-0004125_End,1000,0,0,TTAGGG
contig-0004126_End,1000,0,1,TTAGGG
contig-0004127_End,1000,0,1,TTAGGG
contig-0004128_End,1000,0,1,TTAGGG
contig-0004129_End,1000,0,0,TTAGGG
contig-0004130_End,1000,1,0,TTAGGG
contig-0004131_End,1000,0,1,TTAGGG
contig-0004132_End,1000,0,2,TTAGGG
contig-0004133_End,1000,0,0,TTAGGG
contig-0004134_End,1000,0,0,TTAGGG
contig-0004135_End,1000,0,0,TTAGGG
contig-0004136_End,1000,1,0,TTAGGG
contig-0004137_End,1000,0,0,TTAGGG
contig-0004138_End,1000,1,0,TTAGGG
contig-0004139_End,1000,0,0,TTAGGG
contig-0004140_End,1000,0,0,TTAGGG
contig-0004141_End,1000,0,0,TTAGGG
contig-0004142_End,1000,0,1,TTAGGG
contig-0004143_End,1000,0,0,TTAGGG
contig-0004144_End,1000,0,0,TTAGGG
contig-0004145_End,1000,0,0,TTAGGG
contig-0004146_End,1000,0,0,TTAGGG
contig-0004147_End,1000,0,1,TTAGGG
contig-0004148_End,1000,0,0,TTAGGG
contig-0004149_End,1000,1,0,TTAGGG
contig-0004150_End,1000,0,0,TTAGGG
contig-0004151_End,1000,0,1,TTAGGG
contig-0004152_End,1000,0,0,TTAGGG
contig-0004153_End,1000,0,1,TTAGGG
contig-0004154_End,1000,1,0,TTAGGG
contig-0004155_End,1000,0,0,TTAGGG
contig-0004156_End,1000,0,0,TTAGGG
contig-0004157_End,1000,0,0,TTAGGG
contig-0004158_End,1000,0,0,TTAGGG
contig-0004159_End,1000,0,0,TTAGGG
contig-0004160_End,1000,0,0,TTAGGG
contig-0004161_End,1000,1,0,TTAGGG
contig-0004162_End,1000,0,1,TTAGGG
contig-0004163_End,1000,1,0,TTAGGG
contig-0004164_End,1000,0,0,TTAGGG
contig-0004165_End,1000,0,0,TTAGGG
contig-0004166_End,1000,0,0,TTAGGG
contig-0004167_End,1000,0,0,TTAGGG
contig-0004168_End,1000,0,0,TTAGGG
contig-0004169_End,1000,0,0,TTAGGG
contig-0004170_End,1000,0,1,TTAGGG
contig-0004171_End,1000,0,1,TTAGGG
contig-0004172_End,1000,0,1,TTAGGG
contig-0004173_End,1000,0,0,TTAGGG
contig-0004174_End,1000,1,0,TTAGGG
contig-0004175_End,1000,1,0,TTAGGG
contig-0004176_End,1000,0,0,TTAGGG
contig-0004177_End,1000,0,0,TTAGGG
contig-0004178_End,1000,0,0,TTAGGG
contig-0004179_End,1000,0,0,TTAGGG
contig-0004180_End,1000,2,0,TTAGGG
contig-0004181_End,1000,1,0,TTAGGG
contig-0004182_End,1000,0,0,TTAGGG
contig-0004183_End,1000,1,0,TTAGGG
contig-0004184_End,1000,0,0,TTAGGG
contig-0004185_End,1000,0,0,TTAGGG
contig-0004186_End,1000,0,0,TTAGGG
contig-0004187_End,1000,0,0,TTAGGG
contig-0004188_End,1000,0,0,TTAGGG
contig-0004189_End,1000,0,0,TTAGGG
contig-0004190_End,1000,0,0,TTAGGG
contig-0004191_End,1000,0,0,TTAGGG
contig-0004192_End,1000,0,0,TTAGGG
contig-0004193_End,1000,0,0,TTAGGG
contig-0004194_End,1000,2,0,TTAGGG
contig-0004195_End,1000,0,0,TTAGGG
contig-0004196_End,1000,0,0,TTAGGG
contig-0004197_End,1000,0,0,TTAGGG
contig-0004198_End,1000,2,0,TTAGGG
contig-0004199_End,1000,0,0,TTAGGG
contig-0004200_End,1000,1,1,TTAGGG
contig-0004201_End,1000,1,0,TTAGGG
contig-0004202_End,1000,0,1,TTAGGG
contig-0004203_End,1000,0,0,TTAGGG
contig-0004204_End,1000,0,0,TTAGGG
contig-0004205_End,1000,1,0,TTAGGG
contig-0004206_End,1000,1,0,TTAGGG
contig-0004207_End,1000,0,0,TTAGGG
contig-0004208_End,1000,0,0,TTAGGG
contig-0004209_End,1000,0,0,TTAGGG
contig-0004210_End,1000,0,0,TTAGGG
contig-0004211_End,1000,0,0,TTAGGG
contig-0004212_End,1000,1,0,TTAGGG
contig-0004213_End,1000,0,0,TTAGGG
contig-0004214_End,1000,1,0,TTAGGG
contig-0004215_End,1000,1,1,TTAGGG
contig-0004216_End,1000,0,0,TTAGGG
contig-0004217_End,1000,0,0,TTAGGG
contig-0004218_End,1000,0,0,TTAGGG
contig-0004219_End,1000,0,0,TTAGGG
contig-0004220_End,1000,0,0,TTAGGG
contig-0004221_End,1000,2,0,TTAGGG
contig-0004222_End,1000,0,0,TTAGGG
contig-0004223_End,1000,0,0,TTAGGG
contig-0004224_End,1000,0,0,TTAGGG
contig-0004225_End,1000,0,0,TTAGGG
contig-0004226_End,1000,0,0,TTAGGG
contig-0004227_End,1000,0,0,TTAGGG
contig-0004228_End,1000,1,0,TTAGGG
contig-0004229_End,1000,0,0,TTAGGG
contig-0004230_End,1000,0,0,TTAGGG
contig-0004231_End,1000,0,0,TTAGGG
contig-0004232_End,1000,0,0,TTAGGG
contig-0004233_End,1000,0,0,TTAGGG
contig-0004234_End,1000,0,0,TTAGGG
contig-0004235_End,1000,0,1,TTAGGG
contig-0004236_End,1000,0,0,TTAGGG
contig-0004237_End,1000,0,0,TTAGGG
contig-0004238_End,1000,0,0,TTAGGG
contig-0004239_End,1000,0,0,TTAGGG
contig-0004240_End,1000,0,0,TTAGGG
contig-0004241_End,1000,0,0,TTAGGG
contig-0004242_End,1000,0,0,TTAGGG
contig-0004243_End,1000,0,0,TTAGGG
contig-0004244_End,1000,1,0,TTAGGG
contig-0004245_End,1000,0,2,TTAGGG
contig-0004246_End,1000,0,0,TTAGGG
contig-0004247_End,1000,0,1,TTAGGG
contig-0004248_End,1000,0,1,TTAGGG
contig-0004249_End,1000,0,0,TTAGGG
contig-0004250_End,1000,1,0,TTAGGG
contig-0004251_End,1000,0,0,TTAGGG
contig-0004252_End,1000,0,1,TTAGGG
contig-0004253_End,1000,1,0,TTAGGG
contig-0004254_End,1000,0,0,TTAGGG
contig-0004255_End,1000,0,1,TTAGGG
contig-0004256_End,1000,0,1,TTAGGG
contig-0004257_End,1000,0,0,TTAGGG
contig-0004258_End,1000,0,0,TTAGGG
contig-0004259_End,1000,0,0,TTAGGG
contig-0004260_End,1000,0,1,TTAGGG
contig-0004261_End,1000,0,0,TTAGGG
contig-0004262_End,1000,0,0,TTAGGG
contig-0004263_End,1000,0,2,TTAGGG
contig-0004264_End,1000,0,1,TTAGGG
contig-0004265_End,1000,0,0,TTAGGG
contig-0004266_End,1000,0,0,TTAGGG
contig-0004267_End,1000,0,0,TTAGGG
contig-0004268_End,1000,0,0,TTAGGG
contig-0004269_End,1000,0,0,TTAGGG
contig-0004270_End,1000,0,0,TTAGGG
contig-0004271_End,1000,0,0,TTAGGG
contig-0004272_End,1000,0,0,TTAGGG
contig-0004273_End,1000,0,0,TTAGGG
contig-0004274_End,1000,0,0,TTAGGG
contig-0004275_End,1000,0,0,TTAGGG
contig-0004276_End,1000,0,0,TTAGGG
contig-0004277_End,1000,0,0,TTAGGG
contig-0004278_End,1000,1,1,TTAGGG
contig-0004279_End,1000,0,0,TTAGGG
contig-0004280_End,1000,0,1,TTAGGG
contig-0004281_End,1000,0,0,TTAGGG
contig-0004282_End,1000,0,0,TTAGGG
contig-0004283_End,1000,0,0,TTAGGG
contig-0004284_End,1000,1,0,TTAGGG
contig-0004285_End,1000,0,0,TTAGGG
contig-0004286_End,1000,0,0,TTAGGG
contig-0004287_End,1000,1,0,TTAGGG
contig-0004288_End,1000,0,0,TTAGGG
contig-0004289_End,1000,0,0,TTAGGG
contig-0004290_End,1000,0,2,TTAGGG
contig-0004291_End,1000,2,0,TTAGGG
contig-0004292_End,1000,0,1,TTAGGG
contig-0004293_End,1000,1,0,TTAGGG
contig-0004294_End,1000,0,0,TTAGGG
contig-0004295_End,1000,1,0,TTAGGG
contig-0004296_End,1000,1,0,TTAGGG
contig-0004297_End,1000,0,0,TTAGGG
contig-0004298_End,1000,0,0,TTAGGG
contig-0004299_End,1000,1,0,TTAGGG
contig-0004300_End,1000,0,0,TTAGGG
contig-0004301_End,1000,1,0,TTAGGG
contig-0004302_End,1000,0,0,TTAGGG
contig-0004303_End,1000,0,0,TTAGGG
contig-0004304_End,1000,0,0,TTAGGG
contig-0004305_End,1000,0,0,TTAGGG
contig-0004306_End,1000,0,1,TTAGGG
contig-0004307_End,1000,0,1,TTAGGG
contig-0004308_End,1000,1,0,TTAGGG
contig-0004309_End,1000,0,0,TTAGGG
contig-0004310_End,1000,0,0,TTAGGG
contig-0004311_End,1000,0,0,TTAGGG
contig-0004312_End,1000,0,0,TTAGGG
contig-0004313_End,1000,0,0,TTAGGG
contig-0004314_End,1000,0,0,TTAGGG
contig-0004315_End,1000,0,1,TTAGGG
contig-0004316_End,1000,2,0,TTAGGG
contig-0004317_End,1000,0,1,TTAGGG
contig-0004318_End,1000,0,0,TTAGGG
contig-0004319_End,1000,0,0,TTAGGG
contig-0004320_End,1000,0,0,TTAGGG
contig-0004321_End,1000,0,0,TTAGGG
contig-0004322_End,1000,0,0,TTAGGG
contig-0004323_End,1000,0,0,TTAGGG
contig-0004324_End,1000,0,0,TTAGGG
contig-0004325_End,1000,0,0,TTAGGG
contig-0004326_End,1000,0,0,TTAGGG
contig-0004327_End,1000,1,0,TTAGGG
contig-0004328_End,1000,0,0,TTAGGG
contig-0004329_End,1000,0,0,TTAGGG
contig-0004330_End,1000,0,0,TTAGGG
contig-0004331_End,1000,0,1,TTAGGG
contig-0004332_End,1000,2,0,TTAGGG
contig-0004333_End,1000,1,1,TTAGGG
contig-0004334_End,1000,0,0,TTAGGG
contig-0004335_End,1000,0,1,TTAGGG
contig-0004336_End,1000,0,1,TTAGGG
contig-0004337_End,1000,0,1,TTAGGG
contig-0004338_End,1000,0,1,TTAGGG
contig-0004339_End,1000,0,0,TTAGGG
contig-0004340_End,1000,0,0,TTAGGG
contig-0004341_End,1000,0,1,TTAGGG
contig-0004342_End,1000,0,0,TTAGGG
contig-0004343_End,1000,0,2,TTAGGG
contig-0004344_End,1000,0,0,TTAGGG
contig-0004345_End,1000,1,0,TTAGGG
contig-0004346_End,1000,1,0,TTAGGG
contig-0004347_End,1000,0,0,TTAGGG
contig-0004348_End,1000,0,0,TTAGGG
contig-0004349_End,1000,0,1,TTAGGG
contig-0004350_End,1000,0,0,TTAGGG
contig-0004351_End,1000,0,0,TTAGGG
contig-0004352_End,1000,0,0,TTAGGG
contig-0004353_End,1000,0,0,TTAGGG
contig-0004354_End,1000,0,0,TTAGGG
contig-0004355_End,1000,1,0,TTAGGG
contig-0004356_End,1000,0,0,TTAGGG
contig-0004357_End,1000,0,0,TTAGGG
contig-0004358_End,1000,0,0,TTAGGG
contig-0004359_End,1000,0,0,TTAGGG
contig-0004360_End,1000,1,0,TTAGGG
contig-0004361_End,1000,0,0,TTAGGG
contig-0004362_End,1000,0,0,TTAGGG
contig-0004363_End,1000,0,0,TTAGGG
contig-0004364_End,1000,0,0,TTAGGG
contig-0004365_End,1000,0,1,TTAGGG
contig-0004366_End,1000,0,0,TTAGGG
contig-0004367_End,1000,0,0,TTAGGG
contig-0004368_End,1000,0,0,TTAGGG
contig-0004369_End,1000,0,0,TTAGGG
contig-0004370_End,1000,0,0,TTAGGG
contig-0004371_End,1000,0,1,TTAGGG
contig-0004372_End,1000,2,0,TTAGGG
contig-0004373_End,1000,0,1,TTAGGG
contig-0004374_End,1000,0,0,TTAGGG
contig-0004375_End,1000,0,0,TTAGGG
contig-0004376_End,1000,0,0,TTAGGG
contig-0004377_End,1000,0,0,TTAGGG
contig-0004378_End,1000,0,0,TTAGGG
contig-0004379_End,1000,0,0,TTAGGG
contig-0004380_End,1000,0,0,TTAGGG
contig-0004381_End,1000,1,0,TTAGGG
contig-0004382_End,1000,0,1,TTAGGG
contig-0004383_End,1000,0,0,TTAGGG
contig-0004384_End,1000,165,0,TTAGGG
contig-0004385_End,1000,163,0,TTAGGG
contig-0004386_End,1000,1,1,TTAGGG
contig-0004387_End,1000,1,0,TTAGGG
contig-0004388_End,1000,1,0,TTAGGG
contig-0004389_End,1000,163,0,TTAGGG
contig-0004390_End,1000,123,0,TTAGGG
contig-0004391_End,1000,0,0,TTAGGG
contig-0004392_End,1000,0,0,TTAGGG
contig-0004393_End,1000,0,0,TTAGGG
contig-0004394_End,1000,0,0,TTAGGG
contig-0004395_End,1000,0,0,TTAGGG
contig-0004396_End,1000,0,1,TTAGGG
contig-0004397_End,1000,0,0,TTAGGG
contig-0004398_End,1000,0,0,TTAGGG
contig-0004399_End,1000,1,1,TTAGGG
contig-0004400_End,1000,0,0,TTAGGG
contig-0004401_End,1000,0,0,TTAGGG
contig-0004402_End,1000,0,1,TTAGGG
contig-0004403_End,1000,0,0,TTAGGG
contig-0004404_End,1000,0,0,TTAGGG
contig-0004405_End,1000,0,1,TTAGGG
contig-0004406_End,1000,0,0,TTAGGG
contig-0004407_End,1000,0,0,TTAGGG
contig-0004408_End,1000,0,0,TTAGGG
contig-0004409_End,1000,0,0,TTAGGG
contig-0004410_End,1000,0,0,TTAGGG
contig-0004411_End,1000,0,0,TTAGGG
contig-0004412_End,1000,0,0,TTAGGG
contig-0004413_End,1000,0,0,TTAGGG
contig-0004414_End,1000,0,0,TTAGGG
contig-0004415_End,1000,0,0,TTAGGG
contig-0004416_End,1000,0,0,TTAGGG
contig-0004417_End,1000,0,0,TTAGGG
contig-0004418_End,1000,0,0,TTAGGG
contig-0004419_End,1000,0,0,TTAGGG
contig-0004420_End,1000,0,0,TTAGGG
contig-0004421_End,1000,0,0,TTAGGG
contig-0004422_End,1000,0,0,TTAGGG
contig-0004423_End,1000,1,0,TTAGGG
contig-0004424_End,1000,0,0,TTAGGG
contig-0004425_End,1000,0,0,TTAGGG
contig-0004426_End,1000,0,0,TTAGGG
contig-0004427_End,1000,163,0,TTAGGG
contig-0004428_End,1000,162,0,TTAGGG
contig-0004429_End,1000,0,0,TTAGGG
contig-0004430_End,1000,0,0,TTAGGG
contig-0004431_End,1000,1,0,TTAGGG
contig-0004432_End,1000,1,0,TTAGGG
contig-0004433_End,1000,0,0,TTAGGG
contig-0004434_End,1000,0,0,TTAGGG
contig-0004435_End,1000,0,1,TTAGGG
contig-0004436_End,1000,0,0,TTAGGG
contig-0004437_End,1000,1,0,TTAGGG
contig-0004438_End,1000,0,0,TTAGGG
contig-0004439_End,1000,0,0,TTAGGG
contig-0004440_End,1000,0,0,TTAGGG
contig-0004441_End,1000,0,0,TTAGGG
contig-0004442_End,1000,1,0,TTAGGG
contig-0004443_End,1000,1,0,TTAGGG
contig-0004444_End,1000,0,0,TTAGGG
contig-0004445_End,1000,0,0,TTAGGG
contig-0004446_End,1000,0,1,TTAGGG
contig-0004447_End,1000,0,0,TTAGGG
contig-0004448_End,1000,0,0,TTAGGG
contig-0004449_End,1000,1,0,TTAGGG
contig-0004450_End,1000,0,0,TTAGGG
contig-0004451_End,1000,0,0,TTAGGG
contig-0004452_End,1000,0,0,TTAGGG
contig-0004453_End,1000,0,0,TTAGGG
contig-0004454_End,1000,0,0,TTAGGG
contig-0004455_End,1000,0,0,TTAGGG
contig-0004456_End,1000,1,0,TTAGGG
contig-0004457_End,1000,0,0,TTAGGG
contig-0004458_End,1000,0,0,TTAGGG
contig-0004459_End,1000,0,1,TTAGGG
contig-0004460_End,1000,0,0,TTAGGG
contig-0004461_End,1000,1,0,TTAGGG
contig-0004462_End,1000,2,0,TTAGGG
contig-0004463_End,1000,0,0,TTAGGG
contig-0004464_End,1000,1,0,TTAGGG
contig-0004465_End,1000,0,0,TTAGGG
contig-0004466_End,1000,0,0,TTAGGG
contig-0004467_End,1000,0,0,TTAGGG
contig-0004468_End,1000,0,0,TTAGGG
contig-0004469_End,1000,0,0,TTAGGG
contig-0004470_End,1000,0,0,TTAGGG
contig-0004471_End,1000,1,0,TTAGGG
contig-0004472_End,1000,0,0,TTAGGG
contig-0004473_End,1000,0,0,TTAGGG
contig-0004474_End,1000,0,0,TTAGGG
contig-0004475_End,1000,0,1,TTAGGG
contig-0004476_End,1000,0,0,TTAGGG
contig-0004477_End,1000,0,2,TTAGGG
contig-0004478_End,1000,0,0,TTAGGG
contig-0004479_End,1000,0,0,TTAGGG
contig-0004480_End,1000,0,0,TTAGGG
contig-0004481_End,1000,0,0,TTAGGG
contig-0004482_End,1000,164,0,TTAGGG
contig-0004483_End,1000,1,1,TTAGGG
contig-0004484_End,1000,0,0,TTAGGG
contig-0004485_End,1000,0,0,TTAGGG
contig-0004486_End,1000,0,0,TTAGGG
contig-0004487_End,1000,0,0,TTAGGG
contig-0004488_End,1000,0,0,TTAGGG
contig-0004489_End,1000,0,1,TTAGGG
contig-0004490_End,1000,1,0,TTAGGG
contig-0004491_End,1000,0,0,TTAGGG
contig-0004492_End,1000,0,1,TTAGGG
contig-0004493_End,1000,163,0,TTAGGG
contig-0004494_End,1000,0,0,TTAGGG
contig-0004495_End,1000,0,0,TTAGGG
contig-0004496_End,1000,1,1,TTAGGG
contig-0004497_End,1000,0,0,TTAGGG
contig-0004498_End,1000,0,0,TTAGGG
contig-0004499_End,1000,0,1,TTAGGG
contig-0004500_End,1000,0,0,TTAGGG
contig-0004501_End,1000,1,0,TTAGGG
contig-0004502_End,1000,1,0,TTAGGG
contig-0004503_End,1000,0,0,TTAGGG
contig-0004504_End,1000,0,0,TTAGGG
contig-0004505_End,1000,0,0,TTAGGG
contig-0004506_End,1000,0,0,TTAGGG
contig-0004507_End,1000,0,0,TTAGGG
contig-0004508_End,1000,1,0,TTAGGG
contig-0004509_End,1000,0,3,TTAGGG
contig-0004510_End,1000,0,0,TTAGGG
contig-0004511_End,1000,1,0,TTAGGG
contig-0004512_End,1000,0,0,TTAGGG
contig-0004513_End,1000,0,0,TTAGGG
contig-0004514_End,1000,0,0,TTAGGG
contig-0004515_End,1000,1,0,TTAGGG
contig-0004516_End,1000,0,0,TTAGGG
contig-0004517_End,1000,0,0,TTAGGG
contig-0004518_End,1000,0,0,TTAGGG
contig-0004519_End,1000,1,0,TTAGGG
contig-0004520_End,1000,0,0,TTAGGG
contig-0004521_End,1000,1,0,TTAGGG
contig-0004522_End,1000,0,0,TTAGGG
contig-0004523_End,1000,0,0,TTAGGG
contig-0004524_End,1000,0,0,TTAGGG
contig-0004525_End,1000,0,0,TTAGGG
contig-0004526_End,1000,2,0,TTAGGG
contig-0004527_End,1000,0,0,TTAGGG
contig-0004528_End,1000,0,0,TTAGGG
contig-0004529_End,1000,0,0,TTAGGG
contig-0004530_End,1000,1,0,TTAGGG
contig-0004531_End,1000,1,0,TTAGGG
contig-0004532_End,1000,1,0,TTAGGG
contig-0004533_End,1000,0,0,TTAGGG
contig-0004534_End,1000,0,0,TTAGGG
contig-0004535_End,1000,0,1,TTAGGG
contig-0004536_End,1000,0,0,TTAGGG
contig-0004537_End,1000,0,0,TTAGGG
contig-0004538_End,1000,0,0,TTAGGG
contig-0004539_End,1000,0,0,TTAGGG
contig-0004540_End,1000,0,0,TTAGGG
contig-0004541_End,1000,0,0,TTAGGG
contig-0004542_End,1000,0,0,TTAGGG
contig-0004543_End,1000,0,0,TTAGGG
contig-0004544_End,1000,0,0,TTAGGG
contig-0004545_End,1000,0,0,TTAGGG
contig-0004546_End,1000,0,0,TTAGGG
contig-0004547_End,1000,0,0,TTAGGG
contig-0004548_End,1000,0,0,TTAGGG
contig-0004549_End,1000,0,0,TTAGGG
contig-0004550_End,1000,0,0,TTAGGG
contig-0004551_End,1000,0,0,TTAGGG
contig-0004552_End,1000,0,1,TTAGGG
contig-0004553_End,1000,0,0,TTAGGG
contig-0004554_End,1000,0,0,TTAGGG
contig-0004555_End,1000,0,0,TTAGGG
contig-0004557_End,1000,0,0,TTAGGG
contig-0004558_End,1000,0,0,TTAGGG
contig-0004559_End,1000,0,0,TTAGGG
contig-0004560_End,1000,0,0,TTAGGG
contig-0004561_End,1000,0,0,TTAGGG
contig-0004562_End,1000,0,0,TTAGGG
contig-0004563_End,1000,0,0,TTAGGG
contig-0004564_End,1000,0,0,TTAGGG
contig-0004565_End,1000,0,0,TTAGGG
contig-0004566_End,1000,0,0,TTAGGG
contig-0004567_End,1000,0,0,TTAGGG
contig-0004568_End,1000,0,0,TTAGGG
contig-0004569_End,1000,0,1,TTAGGG
contig-0004570_End,1000,0,0,TTAGGG
contig-0004571_End,1000,0,0,TTAGGG
contig-0004572_End,1000,0,0,TTAGGG
contig-0004573_End,1000,0,1,TTAGGG
contig-0004574_End,1000,0,0,TTAGGG
contig-0004575_End,1000,0,0,TTAGGG
contig-0004576_End,1000,0,1,TTAGGG
contig-0004577_End,1000,0,0,TTAGGG
contig-0004578_End,1000,0,0,TTAGGG
contig-0004579_End,1000,0,0,TTAGGG
contig-0004580_End,1000,0,0,TTAGGG
contig-0004581_End,1000,0,0,TTAGGG
contig-0004582_End,1000,0,0,TTAGGG
contig-0004583_End,1000,0,0,TTAGGG
contig-0004584_End,1000,0,0,TTAGGG
contig-0004585_End,1000,0,2,TTAGGG
contig-0004586_End,1000,0,0,TTAGGG
contig-0004587_End,1000,0,0,TTAGGG
contig-0004588_End,1000,0,0,TTAGGG
contig-0004589_End,1000,0,0,TTAGGG
contig-0004590_End,1000,0,0,TTAGGG
contig-0004591_End,1000,0,0,TTAGGG
contig-0004592_End,1000,0,0,TTAGGG
contig-0004593_End,1000,0,0,TTAGGG
contig-0004594_End,1000,3,0,TTAGGG
contig-0004595_End,1000,0,0,TTAGGG
contig-0004596_End,1000,0,0,TTAGGG
contig-0004597_End,1000,0,0,TTAGGG
contig-0004598_End,1000,1,0,TTAGGG
contig-0004599_End,1000,0,0,TTAGGG
contig-0004600_End,1000,0,2,TTAGGG
contig-0004601_End,1000,0,0,TTAGGG
contig-0004602_End,1000,0,0,TTAGGG
contig-0004603_End,1000,0,0,TTAGGG
contig-0004604_End,1000,0,2,TTAGGG
contig-0004605_End,1000,0,0,TTAGGG
contig-0004606_End,1000,0,0,TTAGGG
contig-0004607_End,1000,0,0,TTAGGG
contig-0004608_End,1000,0,0,TTAGGG
contig-0004609_End,1000,0,0,TTAGGG
contig-0004610_End,1000,0,0,TTAGGG
contig-0004611_End,1000,2,0,TTAGGG
contig-0004612_End,1000,0,0,TTAGGG
contig-0004613_End,1000,0,0,TTAGGG
contig-0004614_End,1000,0,0,TTAGGG
contig-0004615_End,1000,0,0,TTAGGG
contig-0004616_End,1000,0,1,TTAGGG
contig-0004617_End,1000,0,1,TTAGGG
contig-0004618_End,1000,0,0,TTAGGG
contig-0004619_End,1000,0,0,TTAGGG
contig-0004620_End,1000,1,0,TTAGGG
contig-0004621_End,1000,0,0,TTAGGG
contig-0004622_End,1000,0,0,TTAGGG
contig-0004623_End,1000,0,0,TTAGGG
contig-0004624_End,1000,0,0,TTAGGG
contig-0004625_End,1000,0,0,TTAGGG
contig-0004626_End,1000,0,0,TTAGGG
contig-0004627_End,1000,0,0,TTAGGG
contig-0004628_End,1000,0,0,TTAGGG
contig-0004629_End,1000,1,0,TTAGGG
contig-0004630_End,1000,0,0,TTAGGG
contig-0004631_End,1000,1,0,TTAGGG
contig-0004632_End,1000,1,0,TTAGGG
contig-0004633_End,1000,0,0,TTAGGG
contig-0004634_End,1000,0,0,TTAGGG
contig-0004635_End,1000,0,0,TTAGGG
contig-0004636_End,1000,0,0,TTAGGG
contig-0004637_End,1000,1,0,TTAGGG
contig-0004638_End,1000,0,1,TTAGGG
contig-0004639_End,1000,0,0,TTAGGG
contig-0004640_End,1000,0,0,TTAGGG
contig-0004641_End,1000,0,0,TTAGGG
contig-0004642_End,1000,0,0,TTAGGG
contig-0004643_End,1000,0,0,TTAGGG
contig-0004644_End,1000,0,0,TTAGGG
contig-0004645_End,1000,0,0,TTAGGG
contig-0004646_End,1000,0,0,TTAGGG
contig-0004647_End,1000,0,0,TTAGGG
contig-0004648_End,1000,1,1,TTAGGG
contig-0004649_End,1000,0,0,TTAGGG
contig-0004650_End,1000,0,0,TTAGGG
contig-0004651_End,1000,0,0,TTAGGG
contig-0004652_End,1000,0,0,TTAGGG
contig-0004653_End,1000,0,0,TTAGGG
contig-0004654_End,1000,0,0,TTAGGG
contig-0004655_End,1000,0,0,TTAGGG
contig-0004656_End,1000,2,0,TTAGGG
contig-0004657_End,1000,1,2,TTAGGG
contig-0004658_End,1000,0,0,TTAGGG
contig-0004659_End,1000,0,0,TTAGGG
contig-0004660_End,1000,0,1,TTAGGG
contig-0004661_End,1000,0,1,TTAGGG
contig-0004662_End,1000,0,0,TTAGGG
contig-0004663_End,1000,0,0,TTAGGG
contig-0004664_End,1000,0,2,TTAGGG
contig-0004665_End,1000,0,2,TTAGGG
contig-0004666_End,1000,0,0,TTAGGG
contig-0004667_End,1000,0,0,TTAGGG
contig-0004668_End,1000,0,0,TTAGGG
contig-0004669_End,1000,0,0,TTAGGG
contig-0004670_End,1000,0,0,TTAGGG
contig-0004671_End,1000,0,1,TTAGGG
contig-0004672_End,1000,0,0,TTAGGG
contig-0004673_End,1000,0,0,TTAGGG
contig-0004674_End,1000,0,1,TTAGGG
contig-0004675_End,1000,0,1,TTAGGG
contig-0004676_End,1000,1,0,TTAGGG
contig-0004677_End,1000,0,1,TTAGGG
contig-0004678_End,1000,0,0,TTAGGG
contig-0004679_End,1000,0,0,TTAGGG
contig-0004680_End,1000,0,1,TTAGGG
contig-0004681_End,1000,0,0,TTAGGG
contig-0004682_End,1000,1,0,TTAGGG
contig-0004683_End,1000,0,0,TTAGGG
contig-0004684_End,1000,0,1,TTAGGG
contig-0004685_End,1000,0,0,TTAGGG
contig-0004686_End,1000,0,0,TTAGGG
contig-0004687_End,1000,0,0,TTAGGG
contig-0004688_End,1000,0,0,TTAGGG
contig-0004689_End,1000,0,0,TTAGGG
contig-0004690_End,1000,0,0,TTAGGG
contig-0004691_End,1000,0,1,TTAGGG
contig-0004692_End,1000,0,0,TTAGGG
contig-0004693_End,1000,0,0,TTAGGG
contig-0004694_End,1000,0,1,TTAGGG
contig-0004695_End,1000,0,1,TTAGGG
contig-0004696_End,1000,0,1,TTAGGG
contig-0004697_End,1000,0,0,TTAGGG
contig-0004698_End,1000,0,1,TTAGGG
contig-0004699_End,1000,0,0,TTAGGG
contig-0004700_End,1000,0,1,TTAGGG
contig-0004701_End,1000,0,0,TTAGGG
contig-0004702_End,1000,0,0,TTAGGG
contig-0004703_End,1000,0,0,TTAGGG
contig-0004704_End,1000,0,0,TTAGGG
contig-0004705_End,1000,0,1,TTAGGG
contig-0004706_End,1000,0,0,TTAGGG
contig-0004707_End,1000,0,0,TTAGGG
contig-0004708_End,1000,2,0,TTAGGG
contig-0004709_End,1000,1,0,TTAGGG
contig-0004710_End,1000,2,1,TTAGGG
contig-0004711_End,1000,0,0,TTAGGG
contig-0004712_End,1000,2,0,TTAGGG
contig-0004713_End,1000,0,1,TTAGGG
contig-0004714_End,1000,0,0,TTAGGG
contig-0004715_End,1000,1,0,TTAGGG
contig-0004716_End,1000,0,0,TTAGGG
contig-0004717_End,1000,0,2,TTAGGG
contig-0004718_End,1000,1,0,TTAGGG
contig-0004719_End,1000,1,0,TTAGGG
contig-0004720_End,1000,0,0,TTAGGG
contig-0004721_End,1000,0,0,TTAGGG
contig-0004722_End,1000,1,0,TTAGGG
contig-0004723_End,1000,0,0,TTAGGG
contig-0004724_End,1000,0,0,TTAGGG
contig-0004725_End,1000,1,0,TTAGGG
contig-0004726_End,1000,0,0,TTAGGG
contig-0004727_End,1000,0,0,TTAGGG
contig-0004728_End,1000,0,0,TTAGGG
contig-0004729_End,1000,0,0,TTAGGG
contig-0004730_End,1000,0,0,TTAGGG
contig-0004731_End,1000,0,1,TTAGGG
contig-0004732_End,1000,0,0,TTAGGG
contig-0004733_End,1000,0,0,TTAGGG
contig-0004734_End,1000,0,1,TTAGGG
contig-0004735_End,1000,0,0,TTAGGG
contig-0004736_End,1000,0,0,TTAGGG
contig-0004737_End,1000,0,0,TTAGGG
contig-0004738_End,1000,1,0,TTAGGG
contig-0004739_End,1000,0,0,TTAGGG
contig-0004740_End,1000,0,0,TTAGGG
contig-0004741_End,1000,0,0,TTAGGG
contig-0004742_End,1000,0,0,TTAGGG
contig-0004743_End,1000,0,0,TTAGGG
contig-0004744_End,1000,1,1,TTAGGG
contig-0004745_End,1000,0,0,TTAGGG
contig-0004746_End,1000,0,0,TTAGGG
contig-0004747_End,1000,0,0,TTAGGG
contig-0004748_End,1000,0,0,TTAGGG
contig-0004749_End,1000,0,0,TTAGGG
contig-0004750_End,1000,0,0,TTAGGG
contig-0004751_End,1000,0,0,TTAGGG
contig-0004752_End,1000,0,0,TTAGGG
contig-0004753_End,1000,0,0,TTAGGG
contig-0004754_End,1000,0,0,TTAGGG
contig-0004755_End,1000,0,1,TTAGGG
contig-0004756_End,1000,0,0,TTAGGG
contig-0004757_End,1000,0,1,TTAGGG
contig-0004758_End,1000,0,0,TTAGGG
contig-0004759_End,1000,0,1,TTAGGG
contig-0004760_End,1000,0,0,TTAGGG
contig-0004761_End,1000,1,0,TTAGGG
contig-0004762_End,1000,0,0,TTAGGG
contig-0004763_End,1000,0,0,TTAGGG
contig-0004764_End,1000,0,0,TTAGGG
contig-0004765_End,1000,0,0,TTAGGG
contig-0004766_End,1000,0,0,TTAGGG
contig-0004767_End,1000,0,0,TTAGGG
contig-0004768_End,1000,0,0,TTAGGG
contig-0004769_End,1000,0,0,TTAGGG
contig-0004770_End,1000,0,0,TTAGGG
contig-0004771_End,1000,3,0,TTAGGG
contig-0004772_End,1000,0,0,TTAGGG
contig-0004773_End,1000,0,1,TTAGGG
contig-0004774_End,1000,0,0,TTAGGG
contig-0004775_End,1000,0,0,TTAGGG
contig-0004776_End,1000,0,0,TTAGGG
contig-0004777_End,1000,1,0,TTAGGG
contig-0004778_End,1000,0,0,TTAGGG
contig-0004779_End,1000,0,0,TTAGGG
contig-0004780_End,1000,1,0,TTAGGG
contig-0004781_End,1000,0,0,TTAGGG
contig-0004782_End,1000,0,0,TTAGGG
contig-0004783_End,1000,0,1,TTAGGG
contig-0004784_End,1000,0,0,TTAGGG
contig-0004785_End,1000,0,0,TTAGGG
contig-0004786_End,1000,1,0,TTAGGG
contig-0004787_End,1000,0,0,TTAGGG
contig-0004788_End,1000,0,0,TTAGGG
contig-0004789_End,1000,0,0,TTAGGG
contig-0004790_End,1000,0,0,TTAGGG
contig-0004791_End,1000,0,0,TTAGGG
contig-0004792_End,1000,0,1,TTAGGG
contig-0004793_End,1000,0,0,TTAGGG
contig-0004794_End,1000,0,0,TTAGGG
contig-0004795_End,1000,0,0,TTAGGG
contig-0004796_End,1000,0,0,TTAGGG
contig-0004797_End,1000,0,0,TTAGGG
contig-0004798_End,1000,0,0,TTAGGG
contig-0004799_End,1000,0,0,TTAGGG
contig-0004800_End,1000,0,0,TTAGGG
contig-0004801_End,1000,0,0,TTAGGG
contig-0004802_End,1000,0,0,TTAGGG
contig-0004803_End,1000,0,0,TTAGGG
contig-0004804_End,1000,0,0,TTAGGG
contig-0004805_End,1000,0,0,TTAGGG
contig-0004806_End,1000,0,1,TTAGGG
contig-0004807_End,1000,0,1,TTAGGG
contig-0004808_End,1000,0,0,TTAGGG
contig-0004809_End,1000,0,0,TTAGGG
contig-0004810_End,1000,0,0,TTAGGG
contig-0004811_End,1000,0,0,TTAGGG
contig-0004812_End,1000,1,0,TTAGGG
contig-0004813_End,1000,0,0,TTAGGG
contig-0004814_End,1000,0,0,TTAGGG
contig-0004815_End,1000,0,0,TTAGGG
contig-0004816_End,1000,0,0,TTAGGG
contig-0004817_End,1000,2,0,TTAGGG
contig-0004818_End,1000,0,0,TTAGGG
contig-0004819_End,1000,0,0,TTAGGG
contig-0004820_End,1000,0,0,TTAGGG
contig-0004821_End,1000,0,0,TTAGGG
contig-0004822_End,1000,0,0,TTAGGG
contig-0004823_End,1000,0,0,TTAGGG
contig-0004824_End,1000,0,0,TTAGGG
contig-0004825_End,1000,0,1,TTAGGG
contig-0004826_End,1000,0,0,TTAGGG
contig-0004827_End,1000,0,0,TTAGGG
contig-0004828_End,1000,0,1,TTAGGG
contig-0004829_End,1000,0,0,TTAGGG
contig-0004830_End,1000,0,1,TTAGGG
contig-0004831_End,1000,0,0,TTAGGG
contig-0004832_End,1000,0,0,TTAGGG
contig-0004833_End,1000,0,0,TTAGGG
contig-0004834_End,1000,0,0,TTAGGG
contig-0004835_End,1000,1,0,TTAGGG
contig-0004836_End,1000,0,0,TTAGGG
contig-0004837_End,1000,0,0,TTAGGG
contig-0004838_End,1000,0,0,TTAGGG
contig-0004839_End,1000,0,1,TTAGGG
contig-0004840_End,1000,0,0,TTAGGG
contig-0004841_End,1000,0,0,TTAGGG
contig-0004842_End,1000,0,0,TTAGGG
contig-0004843_End,1000,0,0,TTAGGG
contig-0004844_End,1000,1,0,TTAGGG
contig-0004845_End,1000,2,0,TTAGGG
contig-0004846_End,1000,0,0,TTAGGG
contig-0004847_End,1000,0,1,TTAGGG
contig-0004848_End,1000,0,1,TTAGGG
contig-0004849_End,1000,0,0,TTAGGG
contig-0004850_End,1000,0,0,TTAGGG
contig-0004851_End,1000,0,0,TTAGGG
contig-0004852_End,1000,1,0,TTAGGG
contig-0004853_End,1000,0,0,TTAGGG
contig-0004854_End,1000,0,0,TTAGGG
contig-0004855_End,1000,0,0,TTAGGG
contig-0004856_End,1000,1,0,TTAGGG
contig-0004857_End,1000,0,0,TTAGGG
contig-0004858_End,1000,0,1,TTAGGG
contig-0004859_End,1000,1,0,TTAGGG
contig-0004860_End,1000,0,0,TTAGGG
contig-0004861_End,1000,1,0,TTAGGG
contig-0004862_End,1000,0,0,TTAGGG
contig-0004863_End,1000,0,0,TTAGGG
contig-0004864_End,1000,0,0,TTAGGG
contig-0004865_End,1000,0,1,TTAGGG
contig-0004866_End,1000,0,1,TTAGGG
contig-0004867_End,1000,0,1,TTAGGG
contig-0004868_End,1000,0,0,TTAGGG
contig-0004869_End,1000,0,1,TTAGGG
contig-0004870_End,1000,0,0,TTAGGG
contig-0004871_End,1000,0,0,TTAGGG
contig-0004872_End,1000,0,0,TTAGGG
contig-0004873_End,1000,0,0,TTAGGG
contig-0004874_End,1000,0,0,TTAGGG
contig-0004875_End,1000,0,0,TTAGGG
contig-0004876_End,1000,0,0,TTAGGG
contig-0004877_End,1000,0,0,TTAGGG
contig-0004878_End,1000,0,0,TTAGGG
contig-0004879_End,1000,0,0,TTAGGG
contig-0004880_End,1000,0,0,TTAGGG
contig-0004881_End,1000,0,1,TTAGGG
contig-0004882_End,1000,1,0,TTAGGG
contig-0004883_End,1000,1,0,TTAGGG
contig-0004884_End,1000,0,1,TTAGGG
contig-0004885_End,1000,0,0,TTAGGG
contig-0004886_End,1000,0,0,TTAGGG
contig-0004887_End,1000,0,0,TTAGGG
contig-0004888_End,1000,0,0,TTAGGG
contig-0004889_End,1000,0,0,TTAGGG
contig-0004890_End,1000,0,0,TTAGGG
contig-0004891_End,1000,0,0,TTAGGG
contig-0004892_End,1000,0,0,TTAGGG
contig-0004893_End,1000,0,1,TTAGGG
contig-0004894_End,1000,0,0,TTAGGG
contig-0004895_End,1000,2,0,TTAGGG
contig-0004896_End,1000,0,0,TTAGGG
contig-0004897_End,1000,0,0,TTAGGG
contig-0004898_End,1000,0,0,TTAGGG
contig-0004899_End,1000,1,0,TTAGGG
contig-0004900_End,1000,0,0,TTAGGG
contig-0004901_End,1000,0,1,TTAGGG
contig-0004902_End,1000,1,0,TTAGGG
contig-0004903_End,1000,0,1,TTAGGG
contig-0004904_End,1000,0,0,TTAGGG
contig-0004905_End,1000,1,0,TTAGGG
contig-0004906_End,1000,0,1,TTAGGG
contig-0004907_End,1000,1,0,TTAGGG
contig-0004908_End,1000,0,0,TTAGGG
contig-0004909_End,1000,0,2,TTAGGG
contig-0004910_End,1000,1,0,TTAGGG
contig-0004911_End,1000,0,0,TTAGGG
contig-0004912_End,1000,0,0,TTAGGG
contig-0004913_End,1000,0,0,TTAGGG
contig-0004914_End,1000,0,0,TTAGGG
contig-0004915_End,1000,0,0,TTAGGG
contig-0004916_End,1000,0,0,TTAGGG
contig-0004917_End,1000,0,0,TTAGGG
contig-0004918_End,1000,0,0,TTAGGG
contig-0004919_End,1000,1,0,TTAGGG
contig-0004920_End,1000,0,0,TTAGGG
contig-0004921_End,1000,0,0,TTAGGG
contig-0004922_End,1000,0,0,TTAGGG
contig-0004923_End,1000,1,1,TTAGGG
contig-0004924_End,1000,0,0,TTAGGG
contig-0004925_End,1000,0,0,TTAGGG
contig-0004926_End,1000,0,0,TTAGGG
contig-0004927_End,1000,0,0,TTAGGG
contig-0004928_End,1000,0,0,TTAGGG
contig-0004929_End,1000,1,0,TTAGGG
contig-0004930_End,1000,1,0,TTAGGG
contig-0004931_End,1000,0,0,TTAGGG
contig-0004932_End,1000,0,0,TTAGGG
contig-0004933_End,1000,0,0,TTAGGG
contig-0004934_End,1000,0,1,TTAGGG
contig-0004935_End,1000,0,1,TTAGGG
contig-0004936_End,1000,0,1,TTAGGG
contig-0004937_End,1000,0,0,TTAGGG
contig-0004938_End,1000,0,1,TTAGGG
contig-0004939_End,1000,0,0,TTAGGG
contig-0004940_End,1000,0,0,TTAGGG
contig-0004941_End,1000,0,0,TTAGGG
contig-0004942_End,1000,0,1,TTAGGG
contig-0004943_End,1000,0,0,TTAGGG
contig-0004944_End,1000,0,0,TTAGGG
contig-0004945_End,1000,0,0,TTAGGG
contig-0004946_End,1000,0,0,TTAGGG
contig-0004947_End,1000,0,0,TTAGGG
contig-0004948_End,1000,0,0,TTAGGG
contig-0004949_End,1000,0,0,TTAGGG
contig-0004950_End,1000,0,0,TTAGGG
contig-0004951_End,1000,0,1,TTAGGG
contig-0004952_End,1000,2,0,TTAGGG
contig-0004953_End,1000,0,0,TTAGGG
contig-0004954_End,1000,0,0,TTAGGG
contig-0004955_End,1000,1,0,TTAGGG
contig-0004956_End,1000,0,1,TTAGGG
contig-0004957_End,1000,0,0,TTAGGG
contig-0004958_End,1000,0,1,TTAGGG
contig-0004959_End,1000,0,0,TTAGGG
contig-0004960_End,1000,0,0,TTAGGG
contig-0004961_End,1000,0,0,TTAGGG
contig-0004962_End,1000,0,0,TTAGGG
contig-0004963_End,1000,1,0,TTAGGG
contig-0004964_End,1000,0,0,TTAGGG
contig-0004965_End,1000,0,1,TTAGGG
contig-0004966_End,1000,0,0,TTAGGG
contig-0004967_End,1000,0,0,TTAGGG
contig-0004968_End,1000,1,0,TTAGGG
contig-0004969_End,1000,0,0,TTAGGG
contig-0004970_End,1000,1,0,TTAGGG
contig-0004971_End,1000,1,1,TTAGGG
contig-0004972_End,1000,1,0,TTAGGG
contig-0004973_End,1000,0,0,TTAGGG
contig-0004974_End,1000,0,0,TTAGGG
contig-0004975_End,1000,0,1,TTAGGG
contig-0004976_End,1000,0,0,TTAGGG
contig-0004977_End,1000,0,0,TTAGGG
contig-0004978_End,1000,0,0,TTAGGG
contig-0004979_End,1000,0,0,TTAGGG
contig-0004980_End,1000,1,1,TTAGGG
contig-0004981_End,1000,0,0,TTAGGG
contig-0004982_End,1000,0,0,TTAGGG
contig-0004983_End,1000,1,0,TTAGGG
contig-0004984_End,1000,0,0,TTAGGG
contig-0004985_End,1000,0,0,TTAGGG
contig-0004986_End,1000,0,0,TTAGGG
contig-0004987_End,1000,0,0,TTAGGG
contig-0004988_End,1000,1,1,TTAGGG
contig-0004989_End,1000,0,0,TTAGGG
contig-0004990_End,1000,1,0,TTAGGG
contig-0004991_End,1000,1,0,TTAGGG
contig-0004992_End,1000,0,0,TTAGGG
contig-0004993_End,1000,1,0,TTAGGG
contig-0004994_End,1000,0,0,TTAGGG
contig-0004995_End,1000,0,0,TTAGGG
contig-0004996_End,1000,0,1,TTAGGG
contig-0004997_End,1000,0,0,TTAGGG
contig-0004998_End,1000,0,0,TTAGGG
contig-0004999_End,1000,0,0,TTAGGG
contig-0005000_End,1000,0,0,TTAGGG
contig-0005001_End,1000,0,0,TTAGGG
contig-0005002_End,1000,1,0,TTAGGG
contig-0005003_End,1000,0,1,TTAGGG
contig-0005004_End,1000,1,1,TTAGGG
contig-0005005_End,1000,0,0,TTAGGG
contig-0005006_End,1000,0,0,TTAGGG
contig-0005007_End,1000,0,2,TTAGGG
contig-0005008_End,1000,0,0,TTAGGG
contig-0005009_End,1000,0,0,TTAGGG
contig-0005010_End,1000,0,0,TTAGGG
contig-0005011_End,1000,1,1,TTAGGG
contig-0005012_End,1000,0,1,TTAGGG
contig-0005013_End,1000,0,1,TTAGGG
contig-0005014_End,1000,0,0,TTAGGG
contig-0005015_End,1000,0,0,TTAGGG
contig-0005016_End,1000,0,1,TTAGGG
contig-0005017_End,1000,0,0,TTAGGG
contig-0005018_End,1000,0,0,TTAGGG
contig-0005019_End,1000,0,1,TTAGGG
contig-0005020_End,1000,0,0,TTAGGG
contig-0005021_End,1000,0,0,TTAGGG
contig-0005022_End,1000,0,0,TTAGGG
contig-0005023_End,1000,0,0,TTAGGG
contig-0005024_End,1000,0,0,TTAGGG
contig-0005025_End,1000,0,3,TTAGGG
contig-0005026_End,1000,0,0,TTAGGG
contig-0005027_End,1000,2,0,TTAGGG
contig-0005028_End,1000,0,0,TTAGGG
contig-0005029_End,1000,0,0,TTAGGG
contig-0005030_End,1000,0,0,TTAGGG
contig-0005031_End,1000,0,1,TTAGGG
contig-0005032_End,1000,0,0,TTAGGG
contig-0005033_End,1000,0,0,TTAGGG
contig-0005034_End,1000,0,0,TTAGGG
contig-0005035_End,1000,0,0,TTAGGG
contig-0005036_End,1000,0,0,TTAGGG
contig-0005037_End,1000,0,0,TTAGGG
contig-0005038_End,1000,0,0,TTAGGG
contig-0005039_End,1000,0,1,TTAGGG
contig-0005040_End,1000,0,0,TTAGGG
contig-0005041_End,1000,0,0,TTAGGG
contig-0005042_End,1000,0,0,TTAGGG
contig-0005043_End,1000,0,0,TTAGGG
contig-0005044_End,1000,1,0,TTAGGG
contig-0005045_End,1000,0,0,TTAGGG
contig-0005046_End,1000,0,0,TTAGGG
contig-0005047_End,1000,0,0,TTAGGG
contig-0005048_End,1000,0,0,TTAGGG
contig-0005049_End,1000,0,0,TTAGGG
contig-0005050_End,1000,0,2,TTAGGG
contig-0005051_End,1000,0,0,TTAGGG
contig-0005052_End,1000,1,0,TTAGGG
contig-0005053_End,1000,0,0,TTAGGG
contig-0005054_End,1000,0,1,TTAGGG
contig-0005055_End,1000,1,0,TTAGGG
contig-0005056_End,1000,0,0,TTAGGG
contig-0005057_End,1000,0,0,TTAGGG
contig-0005058_End,1000,0,0,TTAGGG
contig-0005059_End,1000,0,0,TTAGGG
contig-0005060_End,1000,1,0,TTAGGG
contig-0005061_End,1000,0,0,TTAGGG
contig-0005062_End,1000,0,0,TTAGGG
contig-0005063_End,1000,0,0,TTAGGG
contig-0005064_End,1000,0,0,TTAGGG
contig-0005065_End,1000,1,0,TTAGGG
contig-0005066_End,1000,0,2,TTAGGG
contig-0005067_End,1000,0,2,TTAGGG
contig-0005068_End,1000,0,1,TTAGGG
contig-0005069_End,1000,1,0,TTAGGG
contig-0005070_End,1000,0,0,TTAGGG
contig-0005071_End,1000,0,0,TTAGGG
contig-0005072_End,1000,0,0,TTAGGG
contig-0005073_End,1000,0,0,TTAGGG
contig-0005074_End,1000,0,0,TTAGGG
contig-0005076_End,1000,0,0,TTAGGG
contig-0005077_End,1000,0,0,TTAGGG
contig-0005078_End,1000,0,0,TTAGGG
contig-0005079_End,1000,0,0,TTAGGG
contig-0005080_End,1000,1,0,TTAGGG
contig-0005081_End,1000,0,0,TTAGGG
contig-0005082_End,1000,0,0,TTAGGG
contig-0005083_End,1000,0,1,TTAGGG
contig-0005084_End,1000,0,0,TTAGGG
contig-0005085_End,1000,1,0,TTAGGG
contig-0005086_End,1000,0,0,TTAGGG
contig-0005087_End,1000,165,0,TTAGGG
contig-0005088_End,1000,0,0,TTAGGG
contig-0005089_End,1000,166,0,TTAGGG
contig-0005090_End,1000,0,0,TTAGGG
contig-0005091_End,1000,0,0,TTAGGG
contig-0005092_End,1000,2,0,TTAGGG
contig-0005093_End,1000,1,0,TTAGGG
contig-0005094_End,1000,1,0,TTAGGG
contig-0005095_End,1000,0,0,TTAGGG
contig-0005096_End,1000,0,0,TTAGGG
contig-0005097_End,1000,1,0,TTAGGG
contig-0005098_End,1000,0,0,TTAGGG
contig-0005099_End,1000,1,0,TTAGGG
contig-0005100_End,1000,0,0,TTAGGG
contig-0005101_End,1000,0,0,TTAGGG
contig-0005102_End,1000,0,0,TTAGGG
contig-0005103_End,1000,0,0,TTAGGG
contig-0005104_End,1000,0,0,TTAGGG
contig-0005105_End,1000,0,0,TTAGGG
contig-0005106_End,1000,0,0,TTAGGG
contig-0005107_End,1000,0,0,TTAGGG
contig-0005108_End,1000,0,0,TTAGGG
contig-0005109_End,1000,0,0,TTAGGG
contig-0005110_End,1000,0,0,TTAGGG
contig-0005111_End,1000,0,1,TTAGGG
contig-0005112_End,1000,0,0,TTAGGG
contig-0005113_End,1000,0,0,TTAGGG
contig-0005114_End,1000,0,0,TTAGGG
contig-0005115_End,1000,0,0,TTAGGG
contig-0005116_End,1000,0,0,TTAGGG
contig-0005117_End,1000,0,0,TTAGGG
contig-0005118_End,1000,1,0,TTAGGG
contig-0005119_End,1000,0,1,TTAGGG
contig-0005120_End,1000,0,0,TTAGGG
contig-0005121_End,1000,0,0,TTAGGG
contig-0005122_End,1000,0,0,TTAGGG
contig-0005123_End,1000,0,0,TTAGGG
contig-0005124_End,1000,0,0,TTAGGG
contig-0005125_End,1000,0,0,TTAGGG
contig-0005126_End,1000,0,0,TTAGGG
contig-0005127_End,1000,0,0,TTAGGG
contig-0005128_End,1000,0,0,TTAGGG
contig-0005129_End,1000,0,1,TTAGGG
contig-0005130_End,1000,0,0,TTAGGG
contig-0005131_End,1000,2,0,TTAGGG
contig-0005132_End,1000,162,0,TTAGGG
contig-0005133_End,1000,1,0,TTAGGG
contig-0005134_End,1000,0,1,TTAGGG
contig-0005135_End,1000,0,0,TTAGGG
contig-0005136_End,1000,0,0,TTAGGG
contig-0005137_End,1000,0,0,TTAGGG
contig-0005138_End,1000,0,0,TTAGGG
contig-0005139_End,1000,0,0,TTAGGG
contig-0005140_End,1000,0,0,TTAGGG
contig-0005141_End,1000,0,0,TTAGGG
contig-0005142_End,1000,0,0,TTAGGG
contig-0005143_End,1000,0,0,TTAGGG
contig-0005144_End,1000,0,0,TTAGGG
contig-0005145_End,1000,0,0,TTAGGG
contig-0005146_End,1000,0,0,TTAGGG
contig-0005147_End,1000,0,1,TTAGGG
contig-0005148_End,1000,0,1,TTAGGG
contig-0005149_End,1000,0,1,TTAGGG
contig-0005150_End,1000,0,0,TTAGGG
contig-0005151_End,1000,0,1,TTAGGG
contig-0005152_End,1000,0,1,TTAGGG
contig-0005153_End,1000,0,0,TTAGGG
contig-0005154_End,1000,0,1,TTAGGG
contig-0005155_End,1000,0,0,TTAGGG
contig-0005156_End,1000,0,0,TTAGGG
contig-0005157_End,1000,0,0,TTAGGG
contig-0005158_End,1000,0,0,TTAGGG
contig-0005159_End,1000,0,0,TTAGGG
contig-0005160_End,1000,0,0,TTAGGG
contig-0005161_End,1000,0,0,TTAGGG
contig-0005162_End,1000,0,0,TTAGGG
contig-0005163_End,1000,0,0,TTAGGG
contig-0005164_End,1000,2,0,TTAGGG
contig-0005165_End,1000,1,1,TTAGGG
contig-0005166_End,1000,0,0,TTAGGG
contig-0005167_End,1000,1,0,TTAGGG
contig-0005168_End,1000,0,0,TTAGGG
contig-0005169_End,1000,0,0,TTAGGG
contig-0005170_End,1000,0,0,TTAGGG
contig-0005171_End,1000,0,0,TTAGGG
contig-0005172_End,1000,0,0,TTAGGG
contig-0005173_End,1000,0,0,TTAGGG
contig-0005174_End,1000,0,0,TTAGGG
contig-0005175_End,1000,0,0,TTAGGG
contig-0005176_End,1000,0,0,TTAGGG
contig-0005177_End,1000,0,0,TTAGGG
contig-0005178_End,1000,0,0,TTAGGG
contig-0005179_End,1000,0,0,TTAGGG
contig-0005180_End,1000,0,0,TTAGGG
contig-0005181_End,1000,1,0,TTAGGG
contig-0005182_End,1000,0,0,TTAGGG
contig-0005183_End,1000,0,2,TTAGGG
contig-0005184_End,1000,0,0,TTAGGG
contig-0005185_End,1000,1,0,TTAGGG
contig-0005186_End,1000,0,0,TTAGGG
contig-0005187_End,1000,1,0,TTAGGG
contig-0005188_End,1000,0,0,TTAGGG
contig-0005189_End,1000,0,1,TTAGGG
contig-0005190_End,1000,0,0,TTAGGG
contig-0005191_End,1000,0,0,TTAGGG
contig-0005192_End,1000,1,0,TTAGGG
contig-0005193_End,1000,0,1,TTAGGG
contig-0005194_End,1000,0,0,TTAGGG
contig-0005195_End,1000,0,0,TTAGGG
contig-0005196_End,1000,1,0,TTAGGG
contig-0005197_End,1000,0,0,TTAGGG
contig-0005198_End,1000,1,1,TTAGGG
contig-0005199_End,1000,0,1,TTAGGG
contig-0005200_End,1000,1,1,TTAGGG
contig-0005201_End,1000,0,0,TTAGGG
contig-0005202_End,1000,0,0,TTAGGG
contig-0005203_End,1000,1,0,TTAGGG
contig-0005204_End,1000,0,0,TTAGGG
contig-0005205_End,1000,0,0,TTAGGG
contig-0005206_End,1000,0,0,TTAGGG
contig-0005207_End,1000,0,0,TTAGGG
contig-0005208_End,1000,1,0,TTAGGG
contig-0005209_End,1000,0,0,TTAGGG
contig-0005210_End,1000,0,0,TTAGGG
contig-0005211_End,1000,0,0,TTAGGG
contig-0005212_End,1000,0,0,TTAGGG
contig-0005213_End,1000,0,0,TTAGGG
contig-0005214_End,1000,0,0,TTAGGG
contig-0005215_End,1000,0,0,TTAGGG
contig-0005216_End,1000,0,0,TTAGGG
contig-0005217_End,1000,0,0,TTAGGG
contig-0005218_End,1000,0,0,TTAGGG
contig-0005219_End,1000,0,0,TTAGGG
contig-0005220_End,1000,0,0,TTAGGG
contig-0005221_End,1000,0,0,TTAGGG
contig-0005222_End,1000,1,0,TTAGGG
contig-0005223_End,1000,0,1,TTAGGG
contig-0005224_End,1000,0,0,TTAGGG
contig-0005225_End,1000,0,0,TTAGGG
contig-0005226_End,1000,1,0,TTAGGG
contig-0005227_End,1000,0,0,TTAGGG
contig-0005228_End,1000,0,0,TTAGGG
contig-0005229_End,1000,0,0,TTAGGG
contig-0005230_End,1000,0,0,TTAGGG
contig-0005231_End,1000,0,0,TTAGGG
contig-0005232_End,1000,0,1,TTAGGG
contig-0005233_End,1000,0,0,TTAGGG
contig-0005234_End,1000,1,0,TTAGGG
contig-0005235_End,1000,0,0,TTAGGG
contig-0005236_End,1000,2,1,TTAGGG
contig-0005237_End,1000,1,1,TTAGGG
contig-0005238_End,1000,0,0,TTAGGG
contig-0005239_End,1000,1,1,TTAGGG
contig-0005240_End,1000,1,0,TTAGGG
contig-0005241_End,1000,0,0,TTAGGG
contig-0005242_End,1000,1,0,TTAGGG
contig-0005243_End,1000,0,0,TTAGGG
contig-0005244_End,1000,0,0,TTAGGG
contig-0005245_End,1000,2,1,TTAGGG
contig-0005246_End,1000,0,0,TTAGGG
contig-0005247_End,1000,0,0,TTAGGG
contig-0005248_End,1000,2,0,TTAGGG
contig-0005249_End,1000,0,0,TTAGGG
contig-0005250_End,1000,0,1,TTAGGG
contig-0005251_End,1000,0,0,TTAGGG
contig-0005252_End,1000,0,0,TTAGGG
contig-0005253_End,1000,0,0,TTAGGG
contig-0005254_End,1000,0,0,TTAGGG
contig-0005255_End,1000,0,0,TTAGGG
contig-0005256_End,1000,0,0,TTAGGG
contig-0005257_End,1000,0,0,TTAGGG
contig-0005258_End,1000,1,0,TTAGGG
contig-0005259_End,1000,0,1,TTAGGG
contig-0005260_End,1000,0,1,TTAGGG
contig-0005261_End,1000,0,0,TTAGGG
contig-0005262_End,1000,0,0,TTAGGG
contig-0005263_End,1000,0,0,TTAGGG
contig-0005264_End,1000,1,1,TTAGGG
contig-0005265_End,1000,0,1,TTAGGG
contig-0005266_End,1000,0,0,TTAGGG
contig-0005267_End,1000,1,0,TTAGGG
contig-0005268_End,1000,1,0,TTAGGG
contig-0005269_End,1000,1,0,TTAGGG
contig-0005270_End,1000,0,1,TTAGGG
contig-0005271_End,1000,0,0,TTAGGG
contig-0005272_End,1000,0,0,TTAGGG
contig-0005273_End,1000,0,0,TTAGGG
contig-0005274_End,1000,0,0,TTAGGG
contig-0005275_End,1000,0,0,TTAGGG
contig-0005276_End,1000,0,0,TTAGGG
contig-0005277_End,1000,1,1,TTAGGG
contig-0005278_End,1000,0,1,TTAGGG
contig-0005279_End,1000,0,0,TTAGGG
contig-0005280_End,1000,1,0,TTAGGG
contig-0005281_End,1000,0,0,TTAGGG
contig-0005282_End,1000,1,1,TTAGGG
contig-0005283_End,1000,0,0,TTAGGG
contig-0005284_End,1000,0,0,TTAGGG
contig-0005285_End,1000,0,0,TTAGGG
contig-0005286_End,1000,0,0,TTAGGG
contig-0005287_End,1000,0,0,TTAGGG
contig-0005288_End,1000,0,0,TTAGGG
contig-0005289_End,1000,1,0,TTAGGG
contig-0005290_End,1000,0,0,TTAGGG
contig-0005291_End,1000,1,0,TTAGGG
contig-0005292_End,1000,0,0,TTAGGG
contig-0005293_End,1000,0,0,TTAGGG
contig-0005294_End,1000,0,0,TTAGGG
contig-0005295_End,1000,0,0,TTAGGG
contig-0005296_End,1000,0,0,TTAGGG
contig-0005297_End,1000,1,0,TTAGGG
contig-0005298_End,1000,1,0,TTAGGG
contig-0005299_End,1000,0,0,TTAGGG
contig-0005300_End,1000,0,0,TTAGGG
contig-0005301_End,1000,0,0,TTAGGG
contig-0005302_End,1000,0,0,TTAGGG
contig-0005303_End,1000,0,0,TTAGGG
contig-0005304_End,1000,0,0,TTAGGG
contig-0005305_End,1000,1,0,TTAGGG
contig-0005306_End,1000,0,1,TTAGGG
contig-0005307_End,1000,0,0,TTAGGG
contig-0005308_End,1000,0,0,TTAGGG
contig-0005309_End,1000,0,0,TTAGGG
contig-0005310_End,1000,0,0,TTAGGG
contig-0005311_End,1000,0,0,TTAGGG
contig-0005312_End,1000,0,0,TTAGGG
contig-0005313_End,1000,0,1,TTAGGG
contig-0005314_End,1000,0,0,TTAGGG
contig-0005315_End,1000,0,0,TTAGGG
contig-0005316_End,1000,0,1,TTAGGG
contig-0005317_End,1000,0,0,TTAGGG
contig-0005318_End,1000,0,0,TTAGGG
contig-0005319_End,1000,0,0,TTAGGG
contig-0005320_End,1000,1,0,TTAGGG
contig-0005321_End,1000,0,0,TTAGGG
contig-0005322_End,1000,0,1,TTAGGG
contig-0005323_End,1000,0,0,TTAGGG
contig-0005324_End,1000,0,0,TTAGGG
contig-0005325_End,1000,0,1,TTAGGG
contig-0005326_End,1000,0,0,TTAGGG
contig-0005327_End,1000,1,0,TTAGGG
contig-0005328_End,1000,0,0,TTAGGG
contig-0005329_End,1000,1,0,TTAGGG
contig-0005330_End,1000,0,1,TTAGGG
contig-0005331_End,1000,0,0,TTAGGG
contig-0005332_End,1000,0,0,TTAGGG
contig-0005333_End,1000,0,0,TTAGGG
contig-0005334_End,1000,0,0,TTAGGG
contig-0005335_End,1000,0,0,TTAGGG
contig-0005336_End,1000,0,0,TTAGGG
contig-0005337_End,1000,0,0,TTAGGG
contig-0005338_End,1000,0,0,TTAGGG
contig-0005339_End,1000,0,0,TTAGGG
contig-0005340_End,1000,0,0,TTAGGG
contig-0005341_End,1000,1,0,TTAGGG
contig-0005342_End,1000,0,0,TTAGGG
contig-0005343_End,1000,0,0,TTAGGG
contig-0005344_End,1000,0,0,TTAGGG
contig-0005345_End,1000,0,0,TTAGGG
contig-0005346_End,1000,0,0,TTAGGG
contig-0005347_End,1000,0,0,TTAGGG
contig-0005348_End,1000,0,0,TTAGGG
contig-0005349_End,1000,0,0,TTAGGG
contig-0005350_End,1000,1,0,TTAGGG
contig-0005351_End,1000,0,0,TTAGGG
contig-0005352_End,1000,0,0,TTAGGG
contig-0005353_End,1000,0,0,TTAGGG
contig-0005354_End,1000,0,1,TTAGGG
contig-0005355_End,1000,0,0,TTAGGG
contig-0005356_End,1000,0,0,TTAGGG
contig-0005357_End,1000,1,0,TTAGGG
contig-0005358_End,1000,0,0,TTAGGG
contig-0005359_End,1000,0,0,TTAGGG
contig-0005360_End,1000,1,0,TTAGGG
contig-0005361_End,1000,1,0,TTAGGG
contig-0005362_End,1000,0,0,TTAGGG
contig-0005363_End,1000,0,0,TTAGGG
contig-0005364_End,1000,0,0,TTAGGG
contig-0005365_End,1000,0,0,TTAGGG
contig-0005366_End,1000,0,1,TTAGGG
contig-0005367_End,1000,1,0,TTAGGG
contig-0005368_End,1000,0,2,TTAGGG
contig-0005369_End,1000,0,0,TTAGGG
contig-0005370_End,1000,0,0,TTAGGG
contig-0005371_End,1000,0,0,TTAGGG
contig-0005372_End,1000,0,0,TTAGGG
contig-0005373_End,1000,0,1,TTAGGG
contig-0005374_End,1000,0,0,TTAGGG
contig-0005375_End,1000,165,0,TTAGGG
contig-0005376_End,1000,0,0,TTAGGG
contig-0005377_End,1000,0,0,TTAGGG
contig-0005378_End,1000,0,0,TTAGGG
contig-0005379_End,1000,0,0,TTAGGG
contig-0005380_End,1000,0,0,TTAGGG
contig-0005381_End,1000,1,1,TTAGGG
contig-0005382_End,1000,0,1,TTAGGG
contig-0005383_End,1000,0,0,TTAGGG
contig-0005384_End,1000,0,1,TTAGGG
contig-0005385_End,1000,0,0,TTAGGG
contig-0005386_End,1000,0,0,TTAGGG
contig-0005387_End,1000,0,1,TTAGGG
contig-0005388_End,1000,0,0,TTAGGG
contig-0005389_End,1000,0,0,TTAGGG
contig-0005390_End,1000,0,0,TTAGGG
contig-0005391_End,1000,1,0,TTAGGG
contig-0005392_End,1000,1,1,TTAGGG
contig-0005393_End,1000,0,0,TTAGGG
contig-0005394_End,1000,0,0,TTAGGG
contig-0005395_End,1000,0,0,TTAGGG
contig-0005396_End,1000,0,1,TTAGGG
contig-0005397_End,1000,0,0,TTAGGG
contig-0005398_End,1000,0,0,TTAGGG
contig-0005399_End,1000,0,0,TTAGGG
contig-0005400_End,1000,0,0,TTAGGG
contig-0005401_End,1000,0,0,TTAGGG
contig-0005402_End,1000,0,0,TTAGGG
contig-0005403_End,1000,0,1,TTAGGG
contig-0005404_End,1000,0,0,TTAGGG
contig-0005405_End,1000,0,0,TTAGGG
contig-0005406_End,1000,1,1,TTAGGG
contig-0005407_End,1000,0,0,TTAGGG
contig-0005408_End,1000,0,0,TTAGGG
contig-0005409_End,1000,0,0,TTAGGG
contig-0005410_End,1000,0,0,TTAGGG
contig-0005411_End,1000,0,0,TTAGGG
contig-0005412_End,1000,1,0,TTAGGG
contig-0005413_End,1000,0,0,TTAGGG
contig-0005414_End,1000,0,0,TTAGGG
contig-0005415_End,1000,0,1,TTAGGG
contig-0005416_End,1000,1,0,TTAGGG
contig-0005417_End,1000,0,1,TTAGGG
contig-0005418_End,1000,0,0,TTAGGG
contig-0005419_End,1000,0,0,TTAGGG
contig-0005420_End,1000,0,2,TTAGGG
contig-0005421_End,1000,0,0,TTAGGG
contig-0005422_End,1000,0,0,TTAGGG
contig-0005423_End,1000,0,0,TTAGGG
contig-0005424_End,1000,0,0,TTAGGG
contig-0005425_End,1000,0,2,TTAGGG
contig-0005426_End,1000,1,0,TTAGGG
contig-0005427_End,1000,1,0,TTAGGG
contig-0005428_End,1000,0,0,TTAGGG
contig-0005429_End,1000,0,0,TTAGGG
contig-0005430_End,1000,0,1,TTAGGG
contig-0005431_End,1000,0,0,TTAGGG
contig-0005432_End,1000,1,0,TTAGGG
contig-0005433_End,1000,0,0,TTAGGG
contig-0005434_End,1000,0,0,TTAGGG
contig-0005435_End,1000,0,0,TTAGGG
contig-0005436_End,1000,0,0,TTAGGG
contig-0005437_End,1000,0,0,TTAGGG
contig-0005438_End,1000,1,0,TTAGGG
contig-0005439_End,1000,1,0,TTAGGG
contig-0005440_End,1000,0,0,TTAGGG
contig-0005441_End,1000,0,0,TTAGGG
contig-0005442_End,1000,0,0,TTAGGG
contig-0005443_End,1000,1,0,TTAGGG
contig-0005444_End,1000,0,0,TTAGGG
contig-0005445_End,1000,0,0,TTAGGG
contig-0005446_End,1000,0,1,TTAGGG
contig-0005447_End,1000,1,1,TTAGGG
contig-0005448_End,1000,0,1,TTAGGG
contig-0005449_End,1000,0,0,TTAGGG
contig-0005450_End,1000,1,0,TTAGGG
contig-0005451_End,1000,0,0,TTAGGG
contig-0005452_End,1000,0,1,TTAGGG
contig-0005453_End,1000,0,0,TTAGGG
contig-0005454_End,1000,0,0,TTAGGG
contig-0005455_End,1000,0,0,TTAGGG
contig-0005456_End,1000,0,0,TTAGGG
contig-0005457_End,1000,0,0,TTAGGG
contig-0005458_End,1000,0,0,TTAGGG
contig-0005459_End,1000,0,1,TTAGGG
contig-0005460_End,1000,0,0,TTAGGG
contig-0005461_End,1000,0,0,TTAGGG
contig-0005462_End,1000,0,0,TTAGGG
contig-0005463_End,1000,0,0,TTAGGG
contig-0005464_End,1000,0,1,TTAGGG
contig-0005465_End,1000,0,0,TTAGGG
contig-0005466_End,1000,0,0,TTAGGG
contig-0005467_End,1000,0,0,TTAGGG
contig-0005468_End,1000,1,0,TTAGGG
contig-0005469_End,1000,0,0,TTAGGG
contig-0005470_End,1000,0,1,TTAGGG
contig-0005471_End,1000,0,0,TTAGGG
contig-0005472_End,1000,0,0,TTAGGG
contig-0005473_End,1000,0,0,TTAGGG
contig-0005474_End,1000,0,1,TTAGGG
contig-0005475_End,1000,0,0,TTAGGG
contig-0005476_End,1000,1,0,TTAGGG
contig-0005477_End,1000,0,0,TTAGGG
contig-0005478_End,1000,0,0,TTAGGG
contig-0005479_End,1000,0,0,TTAGGG
contig-0005480_End,1000,0,0,TTAGGG
contig-0005481_End,1000,1,0,TTAGGG
contig-0005482_End,1000,1,0,TTAGGG
contig-0005483_End,1000,0,0,TTAGGG
contig-0005484_End,1000,1,0,TTAGGG
contig-0005485_End,1000,0,0,TTAGGG
contig-0005486_End,1000,0,0,TTAGGG
contig-0005487_End,1000,0,1,TTAGGG
contig-0005488_End,1000,1,0,TTAGGG
contig-0005489_End,1000,0,1,TTAGGG
contig-0005490_End,1000,0,1,TTAGGG
contig-0005491_End,1000,0,0,TTAGGG
contig-0005492_End,1000,0,0,TTAGGG
contig-0005493_End,1000,1,0,TTAGGG
contig-0005494_End,1000,0,0,TTAGGG
contig-0005495_End,1000,0,0,TTAGGG
contig-0005496_End,1000,0,0,TTAGGG
contig-0005497_End,1000,0,1,TTAGGG
contig-0005498_End,1000,0,1,TTAGGG
contig-0005499_End,1000,0,0,TTAGGG
contig-0005500_End,1000,1,0,TTAGGG
contig-0005501_End,1000,1,0,TTAGGG
contig-0005502_End,1000,0,0,TTAGGG
contig-0005503_End,1000,0,0,TTAGGG
contig-0005504_End,1000,0,0,TTAGGG
contig-0005505_End,1000,0,0,TTAGGG
contig-0005506_End,1000,0,0,TTAGGG
contig-0005507_End,1000,0,0,TTAGGG
contig-0005508_End,1000,0,0,TTAGGG
contig-0005509_End,1000,0,0,TTAGGG
contig-0005510_End,1000,0,0,TTAGGG
contig-0005511_End,1000,0,0,TTAGGG
contig-0005512_End,1000,2,0,TTAGGG
contig-0005513_End,1000,0,0,TTAGGG
contig-0005514_End,1000,0,0,TTAGGG
contig-0005515_End,1000,0,0,TTAGGG
contig-0005516_End,1000,0,0,TTAGGG
contig-0005517_End,1000,0,0,TTAGGG
contig-0005518_End,1000,0,0,TTAGGG
contig-0005519_End,1000,0,0,TTAGGG
contig-0005520_End,1000,0,0,TTAGGG
contig-0005521_End,1000,0,0,TTAGGG
contig-0005522_End,1000,0,0,TTAGGG
contig-0005523_End,1000,1,0,TTAGGG
contig-0005524_End,1000,0,0,TTAGGG
contig-0005525_End,1000,0,1,TTAGGG
contig-0005526_End,1000,1,0,TTAGGG
contig-0005527_End,1000,0,0,TTAGGG
contig-0005528_End,1000,0,0,TTAGGG
contig-0005529_End,1000,0,0,TTAGGG
contig-0005530_End,1000,0,0,TTAGGG
contig-0005531_End,1000,0,0,TTAGGG
contig-0005532_End,1000,0,0,TTAGGG
contig-0005533_End,1000,0,0,TTAGGG
contig-0005534_End,1000,0,0,TTAGGG
contig-0005535_End,1000,0,0,TTAGGG
contig-0005536_End,1000,0,0,TTAGGG
contig-0005537_End,1000,0,0,TTAGGG
contig-0005538_End,1000,0,0,TTAGGG
contig-0005539_End,1000,2,0,TTAGGG
contig-0005540_End,1000,1,0,TTAGGG
contig-0005541_End,1000,0,0,TTAGGG
contig-0005542_End,1000,0,0,TTAGGG
contig-0005543_End,1000,0,0,TTAGGG
contig-0005544_End,1000,0,0,TTAGGG
contig-0005545_End,1000,0,0,TTAGGG
contig-0005546_End,1000,0,0,TTAGGG
contig-0005547_End,1000,0,0,TTAGGG
contig-0005548_End,1000,0,0,TTAGGG
contig-0005549_End,1000,0,0,TTAGGG
contig-0005550_End,1000,0,0,TTAGGG
contig-0005551_End,1000,0,0,TTAGGG
contig-0005552_End,1000,0,0,TTAGGG
contig-0005553_End,1000,0,0,TTAGGG
contig-0005554_End,1000,0,0,TTAGGG
contig-0005555_End,1000,0,0,TTAGGG
contig-0005556_End,1000,0,0,TTAGGG
contig-0005557_End,1000,0,0,TTAGGG
contig-0005558_End,1000,0,1,TTAGGG
contig-0005559_End,1000,0,0,TTAGGG
contig-0005560_End,1000,1,0,TTAGGG
contig-0005561_End,1000,0,0,TTAGGG
contig-0005562_End,1000,0,1,TTAGGG
contig-0005563_End,1000,0,2,TTAGGG
contig-0005564_End,1000,0,1,TTAGGG
contig-0005565_End,1000,0,0,TTAGGG
contig-0005566_End,1000,0,1,TTAGGG
contig-0005567_End,1000,1,0,TTAGGG
contig-0005568_End,1000,0,1,TTAGGG
contig-0005569_End,1000,0,0,TTAGGG
contig-0005570_End,1000,0,0,TTAGGG
contig-0005571_End,1000,0,0,TTAGGG
contig-0005572_End,1000,0,0,TTAGGG
contig-0005573_End,1000,0,0,TTAGGG
contig-0005574_End,1000,0,0,TTAGGG
contig-0005575_End,1000,0,0,TTAGGG
contig-0005576_End,1000,0,1,TTAGGG
contig-0005577_End,1000,0,1,TTAGGG
contig-0005578_End,1000,0,0,TTAGGG
contig-0005579_End,1000,0,0,TTAGGG
contig-0005580_End,1000,0,0,TTAGGG
contig-0005581_End,1000,0,0,TTAGGG
contig-0005582_End,1000,0,0,TTAGGG
contig-0005583_End,1000,0,0,TTAGGG
contig-0005584_End,1000,0,0,TTAGGG
contig-0005585_End,1000,0,1,TTAGGG
contig-0005586_End,1000,0,1,TTAGGG
contig-0005587_End,1000,0,0,TTAGGG
contig-0005588_End,1000,0,1,TTAGGG
contig-0005589_End,1000,0,0,TTAGGG
contig-0005590_End,1000,1,0,TTAGGG
contig-0005591_End,1000,0,0,TTAGGG
contig-0005592_End,1000,0,0,TTAGGG
contig-0005593_End,1000,0,0,TTAGGG
contig-0005594_End,1000,0,0,TTAGGG
contig-0005595_End,1000,0,1,TTAGGG
contig-0005596_End,1000,1,0,TTAGGG
contig-0005597_End,1000,0,0,TTAGGG
contig-0005598_End,1000,0,0,TTAGGG
contig-0005599_End,1000,0,0,TTAGGG
contig-0005600_End,1000,0,0,TTAGGG
contig-0005601_End,1000,0,0,TTAGGG
contig-0005602_End,1000,1,0,TTAGGG
contig-0005603_End,1000,0,0,TTAGGG
contig-0005604_End,1000,0,0,TTAGGG
contig-0005605_End,1000,0,0,TTAGGG
contig-0005606_End,1000,0,0,TTAGGG
contig-0005607_End,1000,0,0,TTAGGG
contig-0005608_End,1000,0,0,TTAGGG
contig-0005609_End,1000,0,0,TTAGGG
contig-0005610_End,1000,0,0,TTAGGG
contig-0005611_End,1000,0,1,TTAGGG
contig-0005612_End,1000,0,0,TTAGGG
contig-0005613_End,1000,0,0,TTAGGG
contig-0005614_End,1000,1,0,TTAGGG
contig-0005615_End,1000,0,0,TTAGGG
contig-0005616_End,1000,0,0,TTAGGG
contig-0005617_End,1000,0,1,TTAGGG
contig-0005618_End,1000,0,0,TTAGGG
contig-0005619_End,1000,0,0,TTAGGG
contig-0005620_End,1000,1,0,TTAGGG
contig-0005621_End,1000,0,0,TTAGGG
contig-0005622_End,1000,0,0,TTAGGG
contig-0005623_End,1000,0,0,TTAGGG
contig-0005624_End,1000,0,0,TTAGGG
contig-0005625_End,1000,0,0,TTAGGG
contig-0005626_End,1000,1,0,TTAGGG
contig-0005627_End,1000,0,0,TTAGGG
contig-0005628_End,1000,0,0,TTAGGG
contig-0005629_End,1000,0,0,TTAGGG
contig-0005630_End,1000,1,0,TTAGGG
contig-0005631_End,1000,0,0,TTAGGG
contig-0005632_End,1000,163,0,TTAGGG
contig-0005633_End,1000,0,0,TTAGGG
contig-0005634_End,1000,0,0,TTAGGG
contig-0005635_End,1000,0,0,TTAGGG
contig-0005636_End,1000,0,0,TTAGGG
contig-0005637_End,1000,0,0,TTAGGG
contig-0005638_End,1000,0,0,TTAGGG
contig-0005639_End,1000,0,0,TTAGGG
contig-0005640_End,1000,0,0,TTAGGG
contig-0005641_End,1000,0,0,TTAGGG
contig-0005642_End,1000,0,0,TTAGGG
contig-0005643_End,1000,0,2,TTAGGG
contig-0005644_End,1000,0,0,TTAGGG
contig-0005645_End,1000,1,0,TTAGGG
contig-0005646_End,1000,0,0,TTAGGG
contig-0005647_End,1000,1,0,TTAGGG
contig-0005648_End,1000,0,0,TTAGGG
contig-0005649_End,1000,1,1,TTAGGG
contig-0005650_End,1000,0,0,TTAGGG
contig-0005651_End,1000,2,0,TTAGGG
contig-0005652_End,1000,0,0,TTAGGG
contig-0005653_End,1000,0,0,TTAGGG
contig-0005654_End,1000,0,2,TTAGGG
contig-0005655_End,1000,0,0,TTAGGG
contig-0005656_End,1000,0,0,TTAGGG
contig-0005657_End,1000,0,0,TTAGGG
contig-0005658_End,1000,1,1,TTAGGG
contig-0005659_End,1000,0,0,TTAGGG
contig-0005660_End,1000,1,0,TTAGGG
contig-0005661_End,1000,0,0,TTAGGG
contig-0005662_End,1000,0,0,TTAGGG
contig-0005663_End,1000,0,0,TTAGGG
contig-0005664_End,1000,0,0,TTAGGG
contig-0005665_End,1000,0,0,TTAGGG
contig-0005666_End,1000,0,0,TTAGGG
contig-0005667_End,1000,0,0,TTAGGG
contig-0005668_End,1000,0,1,TTAGGG
contig-0005669_End,1000,0,0,TTAGGG
contig-0005670_End,1000,0,0,TTAGGG
contig-0005671_End,1000,1,0,TTAGGG
contig-0005672_End,1000,1,0,TTAGGG
contig-0005673_End,1000,0,0,TTAGGG
contig-0005674_End,1000,0,0,TTAGGG
contig-0005675_End,1000,1,0,TTAGGG
contig-0005676_End,1000,1,0,TTAGGG
contig-0005678_End,1000,0,0,TTAGGG
contig-0005679_End,1000,0,0,TTAGGG
contig-0005680_End,1000,0,0,TTAGGG
contig-0005681_End,1000,0,0,TTAGGG
contig-0005682_End,1000,0,0,TTAGGG
contig-0005683_End,1000,0,0,TTAGGG
contig-0005684_End,1000,1,0,TTAGGG
contig-0005685_End,1000,1,0,TTAGGG
contig-0005686_End,1000,0,0,TTAGGG
contig-0005687_End,1000,0,0,TTAGGG
contig-0005688_End,1000,0,1,TTAGGG
contig-0005689_End,1000,0,0,TTAGGG
contig-0005690_End,1000,0,0,TTAGGG
contig-0005691_End,1000,0,1,TTAGGG
contig-0005692_End,1000,0,0,TTAGGG
contig-0005693_End,1000,0,0,TTAGGG
contig-0005694_End,1000,0,0,TTAGGG
contig-0005695_End,1000,0,0,TTAGGG
contig-0005696_End,1000,0,0,TTAGGG
contig-0005697_End,1000,0,0,TTAGGG
contig-0005698_End,1000,0,1,TTAGGG
contig-0005699_End,1000,0,0,TTAGGG
contig-0005700_End,1000,0,0,TTAGGG
contig-0005701_End,1000,0,0,TTAGGG
contig-0005702_End,1000,0,0,TTAGGG
contig-0005703_End,1000,0,0,TTAGGG
contig-0005704_End,1000,1,0,TTAGGG
contig-0005705_End,1000,0,0,TTAGGG
contig-0005706_End,1000,0,0,TTAGGG
contig-0005707_End,1000,0,0,TTAGGG
contig-0005708_End,1000,0,0,TTAGGG
contig-0005709_End,1000,0,0,TTAGGG
contig-0005710_End,1000,0,0,TTAGGG
contig-0005711_End,1000,1,0,TTAGGG
contig-0005712_End,1000,0,0,TTAGGG
contig-0005713_End,1000,0,0,TTAGGG
contig-0005714_End,1000,0,0,TTAGGG
contig-0005715_End,1000,0,0,TTAGGG
contig-0005716_End,1000,0,0,TTAGGG
contig-0005717_End,1000,1,0,TTAGGG
contig-0005718_End,1000,0,0,TTAGGG
contig-0005719_End,1000,0,1,TTAGGG
contig-0005720_End,1000,0,0,TTAGGG
contig-0005721_End,1000,0,0,TTAGGG
contig-0005722_End,1000,0,1,TTAGGG
contig-0005723_End,1000,0,0,TTAGGG
contig-0005724_End,1000,1,0,TTAGGG
contig-0005725_End,1000,0,0,TTAGGG
contig-0005726_End,1000,0,0,TTAGGG
contig-0005727_End,1000,0,1,TTAGGG
contig-0005728_End,1000,0,0,TTAGGG
contig-0005729_End,1000,0,0,TTAGGG
contig-0005730_End,1000,0,0,TTAGGG
contig-0005731_End,1000,0,2,TTAGGG
contig-0005732_End,1000,1,1,TTAGGG
contig-0005733_End,1000,0,0,TTAGGG
contig-0005734_End,1000,0,0,TTAGGG
contig-0005735_End,1000,0,1,TTAGGG
contig-0005736_End,1000,1,0,TTAGGG
contig-0005737_End,1000,1,0,TTAGGG
contig-0005738_End,1000,0,0,TTAGGG
contig-0005739_End,1000,0,0,TTAGGG
contig-0005740_End,1000,0,0,TTAGGG
contig-0005741_End,1000,0,0,TTAGGG
contig-0005742_End,1000,0,0,TTAGGG
contig-0005743_End,1000,0,0,TTAGGG
contig-0005744_End,1000,0,0,TTAGGG
contig-0005745_End,1000,0,0,TTAGGG
contig-0005746_End,1000,0,0,TTAGGG
contig-0005747_End,1000,0,0,TTAGGG
contig-0005748_End,1000,0,0,TTAGGG
contig-0005749_End,1000,0,0,TTAGGG
contig-0005750_End,1000,0,0,TTAGGG
contig-0005751_End,1000,1,0,TTAGGG
contig-0005752_End,1000,0,0,TTAGGG
contig-0005753_End,1000,0,0,TTAGGG
contig-0005754_End,1000,0,0,TTAGGG
contig-0005755_End,1000,0,0,TTAGGG
contig-0005756_End,1000,0,0,TTAGGG
contig-0005757_End,1000,1,0,TTAGGG
contig-0005758_End,1000,1,0,TTAGGG
contig-0005759_End,1000,0,0,TTAGGG
contig-0005760_End,1000,1,0,TTAGGG
contig-0005761_End,1000,0,0,TTAGGG
contig-0005762_End,1000,0,2,TTAGGG
contig-0005763_End,1000,0,0,TTAGGG
contig-0005764_End,1000,0,0,TTAGGG
contig-0005765_End,1000,0,1,TTAGGG
contig-0005766_End,1000,0,0,TTAGGG
contig-0005767_End,1000,0,0,TTAGGG
contig-0005768_End,1000,0,0,TTAGGG
contig-0005769_End,1000,0,0,TTAGGG
contig-0005770_End,1000,0,0,TTAGGG
contig-0005771_End,1000,0,0,TTAGGG
contig-0005772_End,1000,0,1,TTAGGG
contig-0005773_End,1000,0,0,TTAGGG
contig-0005774_End,1000,0,0,TTAGGG
contig-0005775_End,1000,0,1,TTAGGG
contig-0005776_End,1000,1,0,TTAGGG
contig-0005777_End,1000,0,0,TTAGGG
contig-0005778_End,1000,0,0,TTAGGG
contig-0005779_End,1000,0,0,TTAGGG
contig-0005780_End,1000,0,1,TTAGGG
contig-0005781_End,1000,0,0,TTAGGG
contig-0005782_End,1000,0,0,TTAGGG
contig-0005783_End,1000,0,1,TTAGGG
contig-0005784_End,1000,0,0,TTAGGG
contig-0005785_End,1000,0,0,TTAGGG
contig-0005786_End,1000,0,0,TTAGGG
contig-0005787_End,1000,0,0,TTAGGG
contig-0005788_End,1000,0,1,TTAGGG
contig-0005789_End,1000,0,0,TTAGGG
contig-0005790_End,1000,0,0,TTAGGG
contig-0005791_End,1000,1,0,TTAGGG
contig-0005792_End,1000,0,2,TTAGGG
contig-0005793_End,1000,1,0,TTAGGG
contig-0005794_End,1000,0,0,TTAGGG
contig-0005795_End,1000,1,0,TTAGGG
contig-0005796_End,1000,0,0,TTAGGG
contig-0005797_End,1000,0,0,TTAGGG
contig-0005798_End,1000,0,0,TTAGGG
contig-0005799_End,1000,0,0,TTAGGG
contig-0005800_End,1000,0,0,TTAGGG
contig-0005801_End,1000,0,0,TTAGGG
contig-0005802_End,1000,0,1,TTAGGG
contig-0005803_End,1000,1,0,TTAGGG
contig-0005804_End,1000,0,0,TTAGGG
contig-0005805_End,1000,0,0,TTAGGG
contig-0005806_End,1000,1,0,TTAGGG
contig-0005807_End,1000,0,0,TTAGGG
contig-0005808_End,1000,0,1,TTAGGG
contig-0005809_End,1000,162,0,TTAGGG
contig-0005810_End,1000,0,0,TTAGGG
contig-0005811_End,1000,0,0,TTAGGG
contig-0005812_End,1000,0,0,TTAGGG
contig-0005813_End,1000,0,0,TTAGGG
contig-0005814_End,1000,2,2,TTAGGG
contig-0005815_End,1000,0,0,TTAGGG
contig-0005816_End,1000,0,0,TTAGGG
contig-0005817_End,1000,0,0,TTAGGG
contig-0005818_End,1000,0,0,TTAGGG
contig-0005819_End,1000,1,0,TTAGGG
contig-0005820_End,1000,0,0,TTAGGG
contig-0005821_End,1000,0,0,TTAGGG
contig-0005822_End,1000,0,0,TTAGGG
contig-0005823_End,1000,0,0,TTAGGG
contig-0005824_End,1000,0,0,TTAGGG
contig-0005825_End,1000,0,0,TTAGGG
contig-0005826_End,1000,1,0,TTAGGG
contig-0005827_End,1000,0,0,TTAGGG
contig-0005828_End,1000,0,0,TTAGGG
contig-0005829_End,1000,0,1,TTAGGG
contig-0005830_End,1000,1,0,TTAGGG
contig-0005831_End,1000,0,0,TTAGGG
contig-0005832_End,1000,0,0,TTAGGG
contig-0005834_End,1000,0,0,TTAGGG
contig-0005835_End,1000,0,0,TTAGGG
contig-0005836_End,1000,0,0,TTAGGG
contig-0005837_End,1000,0,0,TTAGGG
contig-0005838_End,1000,0,0,TTAGGG
contig-0005839_End,1000,1,0,TTAGGG
contig-0005840_End,1000,0,0,TTAGGG
contig-0005841_End,1000,0,0,TTAGGG
contig-0005842_End,1000,1,0,TTAGGG
contig-0005843_End,1000,0,1,TTAGGG
contig-0005844_End,1000,0,0,TTAGGG
contig-0005845_End,1000,1,0,TTAGGG
contig-0005846_End,1000,0,0,TTAGGG
contig-0005847_End,1000,0,0,TTAGGG
contig-0005848_End,1000,0,0,TTAGGG
contig-0005849_End,1000,1,0,TTAGGG
contig-0005850_End,1000,0,1,TTAGGG
contig-0005851_End,1000,0,0,TTAGGG
contig-0005852_End,1000,0,0,TTAGGG
contig-0005853_End,1000,0,0,TTAGGG
contig-0005854_End,1000,0,0,TTAGGG
contig-0005855_End,1000,0,0,TTAGGG
contig-0005856_End,1000,0,0,TTAGGG
contig-0005857_End,1000,0,0,TTAGGG
contig-0005858_End,1000,0,0,TTAGGG
contig-0005859_End,1000,0,0,TTAGGG
contig-0005860_End,1000,0,1,TTAGGG
contig-0005861_End,1000,0,0,TTAGGG
contig-0005862_End,1000,0,0,TTAGGG
contig-0005863_End,1000,0,0,TTAGGG
contig-0005864_End,1000,1,0,TTAGGG
contig-0005865_End,1000,0,1,TTAGGG
contig-0005866_End,1000,0,0,TTAGGG
contig-0005867_End,1000,0,0,TTAGGG
contig-0005868_End,1000,0,0,TTAGGG
contig-0005869_End,1000,0,0,TTAGGG
contig-0005870_End,1000,0,0,TTAGGG
contig-0005871_End,1000,0,0,TTAGGG
contig-0005872_End,1000,0,0,TTAGGG
contig-0005873_End,1000,0,0,TTAGGG
contig-0005874_End,1000,0,0,TTAGGG
contig-0005875_End,1000,0,0,TTAGGG
contig-0005876_End,1000,0,0,TTAGGG
contig-0005877_End,1000,0,0,TTAGGG
contig-0005878_End,1000,0,1,TTAGGG
contig-0005879_End,1000,0,0,TTAGGG
contig-0005880_End,1000,0,1,TTAGGG
contig-0005881_End,1000,0,0,TTAGGG
contig-0005882_End,1000,0,1,TTAGGG
contig-0005883_End,1000,0,0,TTAGGG
contig-0005884_End,1000,0,0,TTAGGG
contig-0005885_End,1000,0,0,TTAGGG
contig-0005886_End,1000,0,0,TTAGGG
contig-0005887_End,1000,0,0,TTAGGG
contig-0005888_End,1000,0,0,TTAGGG
contig-0005889_End,1000,0,0,TTAGGG
contig-0005890_End,1000,0,0,TTAGGG
contig-0005891_End,1000,1,0,TTAGGG
contig-0005892_End,1000,1,0,TTAGGG
contig-0005893_End,1000,0,0,TTAGGG
contig-0005894_End,1000,0,0,TTAGGG
contig-0005895_End,1000,0,0,TTAGGG
contig-0005896_End,1000,0,0,TTAGGG
contig-0005897_End,1000,0,0,TTAGGG
contig-0005898_End,1000,0,0,TTAGGG
contig-0005899_End,1000,0,0,TTAGGG
contig-0005900_End,1000,0,1,TTAGGG
contig-0005901_End,1000,0,0,TTAGGG
contig-0005902_End,1000,0,0,TTAGGG
contig-0005903_End,1000,0,0,TTAGGG
contig-0005904_End,1000,0,0,TTAGGG
contig-0005905_End,1000,1,0,TTAGGG
contig-0005906_End,1000,0,0,TTAGGG
contig-0005907_End,1000,1,0,TTAGGG
contig-0005908_End,1000,1,0,TTAGGG
contig-0005909_End,1000,0,0,TTAGGG
contig-0005911_End,1000,0,0,TTAGGG
contig-0005912_End,1000,0,0,TTAGGG
contig-0005913_End,1000,0,0,TTAGGG
contig-0005914_End,1000,1,0,TTAGGG
contig-0005915_End,1000,0,0,TTAGGG
contig-0005916_End,1000,0,1,TTAGGG
contig-0005917_End,1000,0,0,TTAGGG
contig-0005918_End,1000,0,0,TTAGGG
contig-0005919_End,1000,0,0,TTAGGG
contig-0005920_End,1000,0,1,TTAGGG
contig-0005921_End,1000,0,0,TTAGGG
contig-0005922_End,1000,0,0,TTAGGG
contig-0005923_End,1000,0,0,TTAGGG
contig-0005924_End,1000,0,0,TTAGGG
contig-0005925_End,1000,0,0,TTAGGG
contig-0005926_End,1000,0,0,TTAGGG
contig-0005927_End,1000,0,0,TTAGGG
contig-0005928_End,1000,0,0,TTAGGG
contig-0005929_End,1000,0,0,TTAGGG
contig-0005930_End,1000,0,0,TTAGGG
contig-0005931_End,1000,0,0,TTAGGG
contig-0005932_End,1000,0,0,TTAGGG
contig-0005933_End,1000,0,0,TTAGGG
contig-0005934_End,1000,161,0,TTAGGG
contig-0005935_End,1000,0,0,TTAGGG
contig-0005936_End,1000,163,0,TTAGGG
contig-0005937_End,1000,0,0,TTAGGG
contig-0005938_End,1000,0,0,TTAGGG
contig-0005939_End,1000,0,0,TTAGGG
contig-0005940_End,1000,1,3,TTAGGG
contig-0005941_End,1000,0,0,TTAGGG
contig-0005942_End,1000,0,1,TTAGGG
contig-0005943_End,1000,0,0,TTAGGG
contig-0005944_End,1000,0,0,TTAGGG
contig-0005945_End,1000,0,0,TTAGGG
contig-0005946_End,1000,0,0,TTAGGG
contig-0005947_End,1000,0,0,TTAGGG
contig-0005948_End,1000,0,0,TTAGGG
contig-0005949_End,1000,0,0,TTAGGG
contig-0005950_End,1000,0,1,TTAGGG
contig-0005951_End,1000,0,0,TTAGGG
contig-0005952_End,1000,0,0,TTAGGG
contig-0005953_End,1000,0,0,TTAGGG
contig-0005954_End,1000,0,0,TTAGGG
contig-0005955_End,1000,0,1,TTAGGG
contig-0005956_End,1000,0,1,TTAGGG
contig-0005957_End,1000,0,0,TTAGGG
contig-0005958_End,1000,0,0,TTAGGG
contig-0005959_End,1000,0,0,TTAGGG
contig-0005960_End,1000,0,0,TTAGGG
contig-0005961_End,1000,1,0,TTAGGG
contig-0005962_End,1000,163,0,TTAGGG
contig-0005963_End,1000,161,0,TTAGGG
contig-0005964_End,1000,0,1,TTAGGG
contig-0005965_End,1000,0,0,TTAGGG
contig-0005966_End,1000,0,0,TTAGGG
contig-0005967_End,1000,0,0,TTAGGG
contig-0005968_End,1000,0,0,TTAGGG
contig-0005969_End,1000,0,0,TTAGGG
contig-0005970_End,1000,0,1,TTAGGG
contig-0005971_End,1000,1,0,TTAGGG
contig-0005972_End,1000,0,0,TTAGGG
contig-0005973_End,1000,0,0,TTAGGG
contig-0005974_End,1000,0,0,TTAGGG
contig-0005975_End,1000,0,0,TTAGGG
contig-0005976_End,1000,0,0,TTAGGG
contig-0005977_End,1000,3,0,TTAGGG
contig-0005978_End,1000,0,0,TTAGGG
contig-0005979_End,1000,0,0,TTAGGG
contig-0005980_End,1000,0,0,TTAGGG
contig-0005981_End,1000,0,0,TTAGGG
contig-0005982_End,1000,0,1,TTAGGG
contig-0005983_End,1000,0,0,TTAGGG
contig-0005984_End,1000,0,0,TTAGGG
contig-0005985_End,1000,0,1,TTAGGG
contig-0005986_End,1000,0,0,TTAGGG
contig-0005987_End,1000,1,1,TTAGGG
contig-0005988_End,1000,0,0,TTAGGG
contig-0005989_End,1000,0,0,TTAGGG
contig-0005990_End,1000,0,0,TTAGGG
contig-0005991_End,1000,0,0,TTAGGG
contig-0005992_End,1000,0,0,TTAGGG
contig-0005993_End,1000,0,0,TTAGGG
contig-0005994_End,1000,0,0,TTAGGG
contig-0005995_End,1000,0,0,TTAGGG
contig-0005996_End,1000,0,0,TTAGGG
contig-0005997_End,1000,0,0,TTAGGG
contig-0005998_End,1000,0,0,TTAGGG
contig-0005999_End,1000,0,0,TTAGGG
contig-0006000_End,1000,0,0,TTAGGG
contig-0006001_End,1000,0,0,TTAGGG
contig-0006002_End,1000,0,0,TTAGGG
contig-0006003_End,1000,0,0,TTAGGG
contig-0006004_End,1000,0,0,TTAGGG
contig-0006005_End,1000,0,2,TTAGGG
contig-0006006_End,1000,0,1,TTAGGG
contig-0006007_End,1000,1,0,TTAGGG
contig-0006008_End,1000,1,0,TTAGGG
contig-0006009_End,1000,1,0,TTAGGG
contig-0006010_End,1000,1,0,TTAGGG
contig-0006011_End,1000,0,0,TTAGGG
contig-0006012_End,1000,0,0,TTAGGG
contig-0006013_End,1000,0,0,TTAGGG
contig-0006014_End,1000,0,0,TTAGGG
contig-0006015_End,1000,0,1,TTAGGG
contig-0006016_End,1000,0,0,TTAGGG
contig-0006017_End,1000,0,0,TTAGGG
contig-0006018_End,1000,0,0,TTAGGG
contig-0006019_End,1000,0,0,TTAGGG
contig-0006020_End,1000,0,1,TTAGGG
contig-0006021_End,1000,0,0,TTAGGG
contig-0006022_End,1000,0,1,TTAGGG
contig-0006023_End,1000,0,0,TTAGGG
contig-0006024_End,1000,0,0,TTAGGG
contig-0006025_End,1000,0,1,TTAGGG
contig-0006026_End,1000,0,0,TTAGGG
contig-0006027_End,1000,0,0,TTAGGG
contig-0006028_End,1000,0,0,TTAGGG
contig-0006029_End,1000,2,0,TTAGGG
contig-0006030_End,1000,1,0,TTAGGG
contig-0006031_End,1000,0,0,TTAGGG
contig-0006032_End,1000,0,0,TTAGGG
contig-0006033_End,1000,0,0,TTAGGG
contig-0006034_End,1000,0,0,TTAGGG
contig-0006035_End,1000,1,1,TTAGGG
contig-0006036_End,1000,1,0,TTAGGG
contig-0006037_End,1000,0,0,TTAGGG
contig-0006038_End,1000,0,1,TTAGGG
contig-0006039_End,1000,0,0,TTAGGG
contig-0006040_End,1000,0,0,TTAGGG
contig-0006041_End,1000,0,0,TTAGGG
contig-0006042_End,1000,2,0,TTAGGG
contig-0006043_End,1000,0,0,TTAGGG
contig-0006044_End,1000,0,0,TTAGGG
contig-0006045_End,1000,0,0,TTAGGG
contig-0006046_End,1000,0,0,TTAGGG
contig-0006047_End,1000,0,0,TTAGGG
contig-0006048_End,1000,0,0,TTAGGG
contig-0006049_End,1000,1,0,TTAGGG
contig-0006050_End,1000,0,2,TTAGGG
contig-0006051_End,1000,0,1,TTAGGG
contig-0006052_End,1000,0,0,TTAGGG
contig-0006053_End,1000,0,0,TTAGGG
contig-0006054_End,1000,0,0,TTAGGG
contig-0006055_End,1000,0,0,TTAGGG
contig-0006056_End,1000,0,0,TTAGGG
contig-0006057_End,1000,0,0,TTAGGG
contig-0006058_End,1000,0,0,TTAGGG
contig-0006059_End,1000,0,1,TTAGGG
contig-0006060_End,1000,0,0,TTAGGG
contig-0006061_End,1000,1,0,TTAGGG
contig-0006062_End,1000,1,0,TTAGGG
contig-0006063_End,1000,0,0,TTAGGG
contig-0006064_End,1000,1,0,TTAGGG
contig-0006065_End,1000,2,0,TTAGGG
contig-0006066_End,1000,1,0,TTAGGG
contig-0006067_End,1000,0,0,TTAGGG
contig-0006068_End,1000,0,0,TTAGGG
contig-0006069_End,1000,0,0,TTAGGG
contig-0006070_End,1000,0,0,TTAGGG
contig-0006071_End,1000,0,0,TTAGGG
contig-0006072_End,1000,0,0,TTAGGG
contig-0006073_End,1000,0,0,TTAGGG
contig-0006074_End,1000,0,0,TTAGGG
contig-0006075_End,1000,0,0,TTAGGG
contig-0006076_End,1000,0,0,TTAGGG
contig-0006077_End,1000,1,0,TTAGGG
contig-0006078_End,1000,0,0,TTAGGG
contig-0006079_End,1000,1,0,TTAGGG
contig-0006080_End,1000,0,0,TTAGGG
contig-0006081_End,1000,0,0,TTAGGG
contig-0006082_End,1000,0,1,TTAGGG
contig-0006083_End,1000,0,0,TTAGGG
contig-0006084_End,1000,0,0,TTAGGG
contig-0006085_End,1000,0,0,TTAGGG
contig-0006086_End,1000,0,0,TTAGGG
contig-0006087_End,1000,0,0,TTAGGG
contig-0006088_End,1000,0,0,TTAGGG
contig-0006089_End,1000,1,0,TTAGGG
contig-0006090_End,1000,0,0,TTAGGG
contig-0006091_End,1000,0,0,TTAGGG
contig-0006092_End,1000,0,0,TTAGGG
contig-0006093_End,1000,0,0,TTAGGG
contig-0006094_End,1000,0,0,TTAGGG
contig-0006095_End,1000,1,0,TTAGGG
contig-0006096_End,1000,1,0,TTAGGG
contig-0006097_End,1000,0,1,TTAGGG
contig-0006098_End,1000,0,0,TTAGGG
contig-0006099_End,1000,0,0,TTAGGG
contig-0006100_End,1000,1,0,TTAGGG
contig-0006101_End,1000,0,0,TTAGGG
contig-0006102_End,1000,0,0,TTAGGG
contig-0006103_End,1000,0,0,TTAGGG
contig-0006104_End,1000,1,0,TTAGGG
contig-0006105_End,1000,0,0,TTAGGG
contig-0006106_End,1000,1,1,TTAGGG
contig-0006107_End,1000,0,0,TTAGGG
contig-0006108_End,1000,0,0,TTAGGG
contig-0006109_End,1000,0,0,TTAGGG
contig-0006110_End,1000,0,0,TTAGGG
contig-0006111_End,1000,0,1,TTAGGG
contig-0006112_End,1000,0,0,TTAGGG
contig-0006113_End,1000,0,0,TTAGGG
contig-0006114_End,1000,0,0,TTAGGG
contig-0006115_End,1000,0,0,TTAGGG
contig-0006116_End,1000,1,0,TTAGGG
contig-0006117_End,1000,1,0,TTAGGG
contig-0006118_End,1000,1,0,TTAGGG
contig-0006119_End,1000,0,1,TTAGGG
contig-0006120_End,1000,1,0,TTAGGG
contig-0006121_End,1000,0,0,TTAGGG
contig-0006122_End,1000,0,1,TTAGGG
contig-0006123_End,1000,0,0,TTAGGG
contig-0006124_End,1000,0,0,TTAGGG
contig-0006125_End,1000,0,1,TTAGGG
contig-0006126_End,1000,0,0,TTAGGG
contig-0006127_End,1000,0,0,TTAGGG
contig-0006128_End,1000,0,0,TTAGGG
contig-0006129_End,1000,0,0,TTAGGG
contig-0006130_End,1000,1,0,TTAGGG
contig-0006131_End,1000,0,0,TTAGGG
contig-0006132_End,1000,0,0,TTAGGG
contig-0006133_End,1000,0,0,TTAGGG
contig-0006134_End,1000,1,0,TTAGGG
contig-0006135_End,1000,0,0,TTAGGG
contig-0006136_End,1000,1,0,TTAGGG
contig-0006137_End,1000,0,0,TTAGGG
contig-0006138_End,1000,0,0,TTAGGG
contig-0006139_End,1000,0,0,TTAGGG
contig-0006140_End,1000,0,0,TTAGGG
contig-0006141_End,1000,0,0,TTAGGG
contig-0006142_End,1000,0,0,TTAGGG
contig-0006143_End,1000,1,0,TTAGGG
contig-0006144_End,1000,0,0,TTAGGG
contig-0006145_End,1000,0,0,TTAGGG
contig-0006146_End,1000,0,0,TTAGGG
contig-0006147_End,1000,0,0,TTAGGG
contig-0006148_End,1000,0,0,TTAGGG
contig-0006149_End,1000,1,0,TTAGGG
contig-0006150_End,1000,0,0,TTAGGG
contig-0006151_End,1000,0,0,TTAGGG
contig-0006152_End,1000,0,1,TTAGGG
contig-0006153_End,1000,0,1,TTAGGG
contig-0006154_End,1000,0,0,TTAGGG
contig-0006155_End,1000,0,0,TTAGGG
contig-0006156_End,1000,0,2,TTAGGG
contig-0006157_End,1000,0,0,TTAGGG
contig-0006158_End,1000,0,0,TTAGGG
contig-0006159_End,1000,0,0,TTAGGG
contig-0006160_End,1000,0,0,TTAGGG
contig-0006161_End,1000,0,1,TTAGGG
contig-0006162_End,1000,0,0,TTAGGG
contig-0006163_End,1000,0,0,TTAGGG
contig-0006164_End,1000,0,0,TTAGGG
contig-0006165_End,1000,1,3,TTAGGG
contig-0006166_End,1000,0,1,TTAGGG
contig-0006167_End,1000,0,0,TTAGGG
contig-0006168_End,1000,0,1,TTAGGG
contig-0006169_End,1000,0,0,TTAGGG
contig-0006170_End,1000,0,0,TTAGGG
contig-0006171_End,1000,0,1,TTAGGG
contig-0006172_End,1000,1,0,TTAGGG
contig-0006173_End,1000,1,0,TTAGGG
contig-0006174_End,1000,163,0,TTAGGG
contig-0006175_End,1000,0,0,TTAGGG
contig-0006176_End,1000,0,0,TTAGGG
contig-0006177_End,1000,0,0,TTAGGG
contig-0006178_End,1000,0,0,TTAGGG
contig-0006179_End,1000,2,0,TTAGGG
contig-0006180_End,1000,0,0,TTAGGG
contig-0006181_End,1000,0,0,TTAGGG
contig-0006182_End,1000,0,0,TTAGGG
contig-0006183_End,1000,1,0,TTAGGG
contig-0006184_End,1000,0,0,TTAGGG
contig-0006185_End,1000,0,0,TTAGGG
contig-0006186_End,1000,1,1,TTAGGG
contig-0006187_End,1000,0,0,TTAGGG
contig-0006188_End,1000,0,0,TTAGGG
contig-0006189_End,1000,1,0,TTAGGG
contig-0006190_End,1000,0,0,TTAGGG
contig-0006191_End,1000,1,1,TTAGGG
contig-0006192_End,1000,1,0,TTAGGG
contig-0006193_End,1000,0,0,TTAGGG
contig-0006194_End,1000,0,0,TTAGGG
contig-0006195_End,1000,0,0,TTAGGG
contig-0006196_End,1000,0,0,TTAGGG
contig-0006197_End,1000,0,0,TTAGGG
contig-0006198_End,1000,0,0,TTAGGG
contig-0006199_End,1000,0,0,TTAGGG
contig-0006200_End,1000,0,1,TTAGGG
contig-0006201_End,1000,0,0,TTAGGG
contig-0006202_End,1000,0,1,TTAGGG
contig-0006203_End,1000,0,0,TTAGGG
contig-0006204_End,1000,0,0,TTAGGG
contig-0006205_End,1000,0,0,TTAGGG
contig-0006206_End,1000,0,0,TTAGGG
contig-0006207_End,1000,0,0,TTAGGG
contig-0006208_End,1000,0,0,TTAGGG
contig-0006209_End,1000,0,0,TTAGGG
contig-0006210_End,1000,0,0,TTAGGG
contig-0006211_End,1000,164,0,TTAGGG
contig-0006212_End,1000,0,0,TTAGGG
contig-0006213_End,1000,0,0,TTAGGG
contig-0006214_End,1000,1,0,TTAGGG
contig-0006215_End,1000,1,0,TTAGGG
contig-0006216_End,1000,0,0,TTAGGG
contig-0006217_End,1000,0,1,TTAGGG
contig-0006218_End,1000,0,0,TTAGGG
contig-0006219_End,1000,0,0,TTAGGG
contig-0006220_End,1000,0,1,TTAGGG
contig-0006221_End,1000,0,0,TTAGGG
contig-0006222_End,1000,0,0,TTAGGG
contig-0006223_End,1000,0,0,TTAGGG
contig-0006224_End,1000,0,0,TTAGGG
contig-0006225_End,1000,0,0,TTAGGG
contig-0006226_End,1000,0,0,TTAGGG
contig-0006227_End,1000,0,0,TTAGGG
contig-0006228_End,1000,0,1,TTAGGG
contig-0006229_End,1000,0,0,TTAGGG
contig-0006230_End,1000,1,1,TTAGGG
contig-0006231_End,1000,0,0,TTAGGG
contig-0006232_End,1000,2,0,TTAGGG
contig-0006233_End,1000,2,0,TTAGGG
contig-0006234_End,1000,0,0,TTAGGG
contig-0006235_End,1000,0,1,TTAGGG
contig-0006236_End,1000,1,0,TTAGGG
contig-0006237_End,1000,0,0,TTAGGG
contig-0006238_End,1000,0,0,TTAGGG
contig-0006239_End,1000,0,0,TTAGGG
contig-0006240_End,1000,1,0,TTAGGG
contig-0006241_End,1000,0,0,TTAGGG
contig-0006242_End,1000,0,0,TTAGGG
contig-0006243_End,1000,0,1,TTAGGG
contig-0006244_End,1000,0,0,TTAGGG
contig-0006245_End,1000,0,0,TTAGGG
contig-0006246_End,1000,0,0,TTAGGG
contig-0006247_End,1000,1,1,TTAGGG
contig-0006248_End,1000,0,0,TTAGGG
contig-0006249_End,1000,0,1,TTAGGG
contig-0006250_End,1000,0,1,TTAGGG
contig-0006251_End,1000,1,0,TTAGGG
contig-0006252_End,1000,0,0,TTAGGG
contig-0006253_End,1000,0,0,TTAGGG
contig-0006254_End,1000,0,0,TTAGGG
contig-0006255_End,1000,0,0,TTAGGG
contig-0006256_End,1000,0,0,TTAGGG
contig-0006257_End,1000,0,0,TTAGGG
contig-0006258_End,1000,1,1,TTAGGG
contig-0006259_End,1000,1,0,TTAGGG
contig-0006260_End,1000,0,0,TTAGGG
contig-0006261_End,1000,0,0,TTAGGG
contig-0006262_End,1000,0,0,TTAGGG
contig-0006263_End,1000,0,0,TTAGGG
contig-0006264_End,1000,0,0,TTAGGG
contig-0006265_End,1000,0,0,TTAGGG
contig-0006266_End,1000,0,0,TTAGGG
contig-0006267_End,1000,0,0,TTAGGG
contig-0006268_End,1000,0,0,TTAGGG
contig-0006269_End,1000,1,0,TTAGGG
contig-0006270_End,1000,0,0,TTAGGG
contig-0006271_End,1000,0,0,TTAGGG
contig-0006272_End,1000,0,0,TTAGGG
contig-0006273_End,1000,0,1,TTAGGG
contig-0006274_End,1000,0,0,TTAGGG
contig-0006275_End,1000,0,0,TTAGGG
contig-0006276_End,1000,0,0,TTAGGG
contig-0006277_End,1000,0,0,TTAGGG
contig-0006278_End,1000,0,0,TTAGGG
contig-0006279_End,1000,0,1,TTAGGG
contig-0006280_End,1000,0,0,TTAGGG
contig-0006281_End,1000,0,0,TTAGGG
contig-0006282_End,1000,0,0,TTAGGG
contig-0006283_End,1000,165,0,TTAGGG
contig-0006284_End,1000,77,0,TTAGGG
contig-0006285_End,1000,0,1,TTAGGG
contig-0006286_End,1000,2,0,TTAGGG
contig-0006287_End,1000,1,1,TTAGGG
contig-0006288_End,1000,0,0,TTAGGG
contig-0006289_End,1000,0,0,TTAGGG
contig-0006290_End,1000,2,0,TTAGGG
contig-0006291_End,1000,0,0,TTAGGG
contig-0006292_End,1000,0,0,TTAGGG
contig-0006293_End,1000,0,0,TTAGGG
contig-0006294_End,1000,0,0,TTAGGG
contig-0006295_End,1000,0,0,TTAGGG
contig-0006296_End,1000,0,0,TTAGGG
contig-0006297_End,1000,0,0,TTAGGG
contig-0006298_End,1000,0,0,TTAGGG
contig-0006299_End,1000,0,0,TTAGGG
contig-0006300_End,1000,1,0,TTAGGG
contig-0006301_End,1000,0,1,TTAGGG
contig-0006302_End,1000,0,0,TTAGGG
contig-0006303_End,1000,0,0,TTAGGG
contig-0006304_End,1000,0,0,TTAGGG
contig-0006305_End,1000,0,0,TTAGGG
contig-0006306_End,1000,0,0,TTAGGG
contig-0006307_End,1000,0,0,TTAGGG
contig-0006308_End,1000,0,0,TTAGGG
contig-0006309_End,1000,0,0,TTAGGG
contig-0006310_End,1000,0,0,TTAGGG
contig-0006311_End,1000,0,0,TTAGGG
contig-0006312_End,1000,0,0,TTAGGG
contig-0006313_End,1000,0,1,TTAGGG
contig-0006314_End,1000,0,0,TTAGGG
contig-0006315_End,1000,0,0,TTAGGG
contig-0006316_End,1000,0,0,TTAGGG
contig-0006317_End,1000,0,0,TTAGGG
contig-0006318_End,1000,0,0,TTAGGG
contig-0006319_End,1000,0,0,TTAGGG
contig-0006320_End,1000,0,0,TTAGGG
contig-0006321_End,1000,0,0,TTAGGG
contig-0006322_End,1000,0,0,TTAGGG
contig-0006323_End,1000,0,0,TTAGGG
contig-0006324_End,1000,0,0,TTAGGG
contig-0006325_End,1000,0,0,TTAGGG
contig-0006326_End,1000,0,0,TTAGGG
contig-0006327_End,1000,0,0,TTAGGG
contig-0006328_End,1000,0,0,TTAGGG
contig-0006329_End,1000,1,0,TTAGGG
contig-0006330_End,1000,0,0,TTAGGG
contig-0006331_End,1000,0,0,TTAGGG
contig-0006332_End,1000,2,0,TTAGGG
contig-0006333_End,1000,0,0,TTAGGG
contig-0006334_End,1000,2,0,TTAGGG
contig-0006335_End,1000,0,0,TTAGGG
contig-0006336_End,1000,0,0,TTAGGG
contig-0006337_End,1000,0,1,TTAGGG
contig-0006338_End,1000,0,0,TTAGGG
contig-0006339_End,1000,0,0,TTAGGG
contig-0006340_End,1000,0,0,TTAGGG
contig-0006341_End,1000,0,0,TTAGGG
contig-0006342_End,1000,0,0,TTAGGG
contig-0006343_End,1000,0,0,TTAGGG
contig-0006344_End,1000,0,0,TTAGGG
contig-0006345_End,1000,1,0,TTAGGG
contig-0006346_End,1000,0,0,TTAGGG
contig-0006347_End,1000,0,0,TTAGGG
contig-0006348_End,1000,0,1,TTAGGG
contig-0006349_End,1000,0,0,TTAGGG
contig-0006350_End,1000,0,1,TTAGGG
contig-0006351_End,1000,0,0,TTAGGG
contig-0006352_End,1000,0,0,TTAGGG
contig-0006353_End,1000,0,0,TTAGGG
contig-0006354_End,1000,0,0,TTAGGG
contig-0006355_End,1000,0,0,TTAGGG
contig-0006356_End,1000,0,1,TTAGGG
contig-0006357_End,1000,1,0,TTAGGG
contig-0006358_End,1000,1,0,TTAGGG
contig-0006359_End,1000,0,0,TTAGGG
contig-0006360_End,1000,0,0,TTAGGG
contig-0006361_End,1000,0,0,TTAGGG
contig-0006362_End,1000,1,0,TTAGGG
contig-0006364_End,1000,0,1,TTAGGG
contig-0006365_End,1000,1,3,TTAGGG
contig-0006366_End,1000,0,0,TTAGGG
contig-0006367_End,1000,0,0,TTAGGG
contig-0006368_End,1000,0,0,TTAGGG
contig-0006369_End,1000,0,0,TTAGGG
contig-0006370_End,1000,0,0,TTAGGG
contig-0006371_End,1000,0,0,TTAGGG
contig-0006372_End,1000,0,0,TTAGGG
contig-0006373_End,1000,0,0,TTAGGG
contig-0006374_End,1000,0,0,TTAGGG
contig-0006375_End,1000,0,0,TTAGGG
contig-0006376_End,1000,1,0,TTAGGG
contig-0006377_End,1000,0,0,TTAGGG
contig-0006378_End,1000,0,0,TTAGGG
contig-0006379_End,1000,0,0,TTAGGG
contig-0006380_End,1000,0,0,TTAGGG
contig-0006381_End,1000,0,0,TTAGGG
contig-0006382_End,1000,0,0,TTAGGG
contig-0006383_End,1000,0,0,TTAGGG
contig-0006384_End,1000,164,0,TTAGGG
contig-0006385_End,1000,1,0,TTAGGG
contig-0006386_End,1000,0,0,TTAGGG
contig-0006387_End,1000,0,0,TTAGGG
contig-0006388_End,1000,0,0,TTAGGG
contig-0006389_End,1000,0,0,TTAGGG
contig-0006390_End,1000,0,0,TTAGGG
contig-0006391_End,1000,0,0,TTAGGG
contig-0006392_End,1000,0,0,TTAGGG
contig-0006393_End,1000,0,0,TTAGGG
contig-0006394_End,1000,1,0,TTAGGG
contig-0006395_End,1000,0,0,TTAGGG
contig-0006396_End,1000,0,0,TTAGGG
contig-0006397_End,1000,0,0,TTAGGG
contig-0006398_End,1000,0,0,TTAGGG
contig-0006399_End,1000,0,0,TTAGGG
contig-0006400_End,1000,0,0,TTAGGG
contig-0006401_End,1000,0,0,TTAGGG
contig-0006402_End,1000,0,0,TTAGGG
contig-0006403_End,1000,0,0,TTAGGG
contig-0006404_End,1000,0,1,TTAGGG
contig-0006405_End,1000,2,0,TTAGGG
contig-0006406_End,1000,0,0,TTAGGG
contig-0006407_End,1000,0,0,TTAGGG
contig-0006408_End,1000,0,0,TTAGGG
contig-0006409_End,1000,0,1,TTAGGG
contig-0006410_End,1000,1,0,TTAGGG
contig-0006411_End,1000,1,0,TTAGGG
contig-0006412_End,1000,0,0,TTAGGG
contig-0006413_End,1000,0,0,TTAGGG
contig-0006414_End,1000,0,0,TTAGGG
contig-0006415_End,1000,0,0,TTAGGG
contig-0006416_End,1000,0,0,TTAGGG
contig-0006417_End,1000,0,0,TTAGGG
contig-0006418_End,1000,0,0,TTAGGG
contig-0006419_End,1000,0,0,TTAGGG
contig-0006420_End,1000,0,1,TTAGGG
contig-0006421_End,1000,0,0,TTAGGG
contig-0006422_End,1000,0,0,TTAGGG
contig-0006423_End,1000,0,0,TTAGGG
contig-0006424_End,1000,1,1,TTAGGG
contig-0006425_End,1000,1,1,TTAGGG
contig-0006426_End,1000,0,1,TTAGGG
contig-0006427_End,1000,0,1,TTAGGG
contig-0006428_End,1000,0,0,TTAGGG
contig-0006429_End,1000,0,0,TTAGGG
contig-0006430_End,1000,0,0,TTAGGG
contig-0006432_End,1000,0,1,TTAGGG
contig-0006433_End,1000,0,0,TTAGGG
contig-0006434_End,1000,0,0,TTAGGG
contig-0006435_End,1000,0,0,TTAGGG
contig-0006436_End,1000,0,0,TTAGGG
contig-0006437_End,1000,0,0,TTAGGG
contig-0006438_End,1000,1,0,TTAGGG
contig-0006439_End,1000,1,0,TTAGGG
contig-0006440_End,1000,0,1,TTAGGG
contig-0006441_End,1000,0,0,TTAGGG
contig-0006442_End,1000,0,0,TTAGGG
contig-0006443_End,1000,0,0,TTAGGG
contig-0006444_End,1000,0,0,TTAGGG
contig-0006445_End,1000,0,0,TTAGGG
contig-0006446_End,1000,0,0,TTAGGG
contig-0006447_End,1000,0,1,TTAGGG
contig-0006448_End,1000,0,0,TTAGGG
contig-0006449_End,1000,0,0,TTAGGG
contig-0006450_End,1000,0,0,TTAGGG
contig-0006451_End,1000,1,0,TTAGGG
contig-0006452_End,1000,0,0,TTAGGG
contig-0006453_End,1000,0,0,TTAGGG
contig-0006454_End,1000,0,0,TTAGGG
contig-0006455_End,1000,0,1,TTAGGG
contig-0006456_End,1000,0,1,TTAGGG
contig-0006457_End,1000,0,0,TTAGGG
contig-0006458_End,1000,0,0,TTAGGG
contig-0006459_End,1000,0,0,TTAGGG
contig-0006460_End,1000,0,0,TTAGGG
contig-0006461_End,1000,0,0,TTAGGG
contig-0006462_End,1000,0,0,TTAGGG
contig-0006463_End,1000,0,0,TTAGGG
contig-0006464_End,1000,1,0,TTAGGG
contig-0006465_End,1000,0,0,TTAGGG
contig-0006466_End,1000,0,0,TTAGGG
contig-0006467_End,1000,0,0,TTAGGG
contig-0006468_End,1000,0,0,TTAGGG
contig-0006469_End,1000,0,0,TTAGGG
contig-0006470_End,1000,0,0,TTAGGG
contig-0006471_End,1000,0,0,TTAGGG
contig-0006472_End,1000,0,0,TTAGGG
contig-0006473_End,1000,1,0,TTAGGG
contig-0006474_End,1000,0,0,TTAGGG
contig-0006475_End,1000,0,0,TTAGGG
contig-0006476_End,1000,0,0,TTAGGG
contig-0006477_End,1000,0,1,TTAGGG
contig-0006478_End,1000,0,0,TTAGGG
contig-0006479_End,1000,0,0,TTAGGG
contig-0006480_End,1000,0,0,TTAGGG
contig-0006481_End,1000,0,0,TTAGGG
contig-0006482_End,1000,1,0,TTAGGG
contig-0006483_End,1000,0,0,TTAGGG
contig-0006484_End,1000,0,0,TTAGGG
contig-0006485_End,1000,0,0,TTAGGG
contig-0006486_End,1000,0,0,TTAGGG
contig-0006487_End,1000,0,0,TTAGGG
contig-0006488_End,1000,0,0,TTAGGG
contig-0006489_End,1000,0,0,TTAGGG
contig-0006490_End,1000,0,1,TTAGGG
contig-0006491_End,1000,0,1,TTAGGG
contig-0006492_End,1000,0,1,TTAGGG
contig-0006493_End,1000,0,0,TTAGGG
contig-0006494_End,1000,0,0,TTAGGG
contig-0006495_End,1000,0,0,TTAGGG
contig-0006496_End,1000,0,0,TTAGGG
contig-0006497_End,1000,0,0,TTAGGG
contig-0006498_End,1000,0,0,TTAGGG
contig-0006499_End,1000,0,0,TTAGGG
contig-0006500_End,1000,0,0,TTAGGG
contig-0006501_End,1000,0,0,TTAGGG
contig-0006502_End,1000,0,0,TTAGGG
contig-0006503_End,1000,0,1,TTAGGG
contig-0006504_End,1000,0,1,TTAGGG
contig-0006505_End,1000,0,0,TTAGGG
contig-0006506_End,1000,0,0,TTAGGG
contig-0006507_End,1000,0,0,TTAGGG
contig-0006508_End,1000,0,0,TTAGGG
contig-0006509_End,1000,0,0,TTAGGG
contig-0006510_End,1000,0,0,TTAGGG
contig-0006511_End,1000,0,0,TTAGGG
contig-0006512_End,1000,1,0,TTAGGG
contig-0006513_End,1000,0,0,TTAGGG
contig-0006514_End,1000,0,0,TTAGGG
contig-0006515_End,1000,0,1,TTAGGG
contig-0006516_End,1000,0,0,TTAGGG
contig-0006517_End,1000,0,0,TTAGGG
contig-0006518_End,1000,0,0,TTAGGG
contig-0006519_End,1000,0,1,TTAGGG
contig-0006520_End,1000,1,0,TTAGGG
contig-0006521_End,1000,1,0,TTAGGG
contig-0006522_End,1000,0,0,TTAGGG
contig-0006523_End,1000,0,0,TTAGGG
contig-0006524_End,1000,0,0,TTAGGG
contig-0006525_End,1000,1,0,TTAGGG
contig-0006526_End,1000,0,0,TTAGGG
contig-0006527_End,1000,0,0,TTAGGG
contig-0006528_End,1000,0,0,TTAGGG
contig-0006529_End,1000,0,0,TTAGGG
contig-0006530_End,1000,0,0,TTAGGG
contig-0006531_End,1000,1,0,TTAGGG
contig-0006532_End,1000,0,0,TTAGGG
contig-0006533_End,1000,0,0,TTAGGG
contig-0006534_End,1000,1,0,TTAGGG
contig-0006535_End,1000,0,0,TTAGGG
contig-0006536_End,1000,0,1,TTAGGG
contig-0006537_End,1000,0,0,TTAGGG
contig-0006538_End,1000,0,1,TTAGGG
contig-0006539_End,1000,0,0,TTAGGG
contig-0006540_End,1000,0,1,TTAGGG
contig-0006541_End,1000,0,0,TTAGGG
contig-0006542_End,1000,0,0,TTAGGG
contig-0006543_End,1000,0,0,TTAGGG
contig-0006544_End,1000,0,0,TTAGGG
contig-0006546_End,1000,0,0,TTAGGG
contig-0006547_End,1000,0,0,TTAGGG
contig-0006548_End,1000,0,0,TTAGGG
contig-0006549_End,1000,0,0,TTAGGG
contig-0006550_End,1000,0,0,TTAGGG
contig-0006551_End,1000,0,0,TTAGGG
contig-0006552_End,1000,1,0,TTAGGG
contig-0006553_End,1000,0,0,TTAGGG
contig-0006554_End,1000,0,0,TTAGGG
contig-0006555_End,1000,0,0,TTAGGG
contig-0006556_End,1000,0,0,TTAGGG
contig-0006557_End,1000,0,0,TTAGGG
contig-0006558_End,1000,0,0,TTAGGG
contig-0006559_End,1000,0,0,TTAGGG
contig-0006562_End,1000,0,0,TTAGGG
contig-0006563_End,1000,0,0,TTAGGG
contig-0006564_End,1000,0,0,TTAGGG
contig-0006565_End,1000,0,0,TTAGGG
contig-0006566_End,1000,0,0,TTAGGG
contig-0006567_End,1000,0,0,TTAGGG
contig-0006568_End,1000,0,0,TTAGGG
contig-0006569_End,1000,0,1,TTAGGG
contig-0006570_End,1000,0,0,TTAGGG
contig-0006571_End,1000,0,1,TTAGGG
contig-0006572_End,1000,0,0,TTAGGG
contig-0006573_End,1000,1,0,TTAGGG
contig-0006574_End,1000,0,1,TTAGGG
contig-0006575_End,1000,0,0,TTAGGG
contig-0006576_End,1000,0,0,TTAGGG
contig-0006577_End,1000,0,1,TTAGGG
contig-0006578_End,1000,1,1,TTAGGG
contig-0006579_End,1000,0,0,TTAGGG
contig-0006580_End,1000,0,1,TTAGGG
contig-0006581_End,1000,0,0,TTAGGG
contig-0006582_End,1000,0,0,TTAGGG
contig-0006583_End,1000,0,0,TTAGGG
contig-0006584_End,1000,0,0,TTAGGG
contig-0006585_End,1000,0,0,TTAGGG
contig-0006586_End,1000,2,0,TTAGGG
contig-0006587_End,1000,0,0,TTAGGG
contig-0006588_End,1000,0,0,TTAGGG
contig-0006589_End,1000,0,1,TTAGGG
contig-0006590_End,1000,0,0,TTAGGG
contig-0006591_End,1000,0,0,TTAGGG
contig-0006592_End,1000,0,1,TTAGGG
contig-0006593_End,1000,0,0,TTAGGG
contig-0006594_End,1000,1,0,TTAGGG
contig-0006595_End,1000,0,1,TTAGGG
contig-0006596_End,1000,0,0,TTAGGG
contig-0006597_End,1000,0,0,TTAGGG
contig-0006598_End,1000,0,1,TTAGGG
contig-0006599_End,1000,0,0,TTAGGG
contig-0006600_End,1000,2,0,TTAGGG
contig-0006601_End,1000,0,0,TTAGGG
contig-0006602_End,1000,0,0,TTAGGG
contig-0006603_End,1000,0,0,TTAGGG
contig-0006604_End,1000,0,0,TTAGGG
contig-0006605_End,1000,0,0,TTAGGG
contig-0006606_End,1000,0,0,TTAGGG
contig-0006607_End,1000,0,0,TTAGGG
contig-0006608_End,1000,0,0,TTAGGG
contig-0006609_End,1000,0,0,TTAGGG
contig-0006610_End,1000,0,0,TTAGGG
contig-0006611_End,1000,0,0,TTAGGG
contig-0006612_End,1000,0,0,TTAGGG
contig-0006613_End,1000,0,0,TTAGGG
contig-0006614_End,1000,1,0,TTAGGG
contig-0006615_End,1000,0,0,TTAGGG
contig-0006616_End,1000,0,0,TTAGGG
contig-0006617_End,1000,0,0,TTAGGG
contig-0006618_End,1000,0,0,TTAGGG
contig-0006619_End,1000,2,1,TTAGGG
contig-0006620_End,1000,1,0,TTAGGG
contig-0006621_End,1000,0,0,TTAGGG
contig-0006622_End,1000,0,1,TTAGGG
contig-0006623_End,1000,0,0,TTAGGG
contig-0006624_End,1000,0,0,TTAGGG
contig-0006625_End,1000,0,1,TTAGGG
contig-0006626_End,1000,0,0,TTAGGG
contig-0006627_End,1000,0,0,TTAGGG
contig-0006628_End,1000,0,0,TTAGGG
contig-0006629_End,1000,0,1,TTAGGG
contig-0006630_End,1000,0,0,TTAGGG
contig-0006631_End,1000,0,0,TTAGGG
contig-0006632_End,1000,0,0,TTAGGG
contig-0006633_End,1000,0,0,TTAGGG
contig-0006634_End,1000,0,0,TTAGGG
contig-0006635_End,1000,2,0,TTAGGG
contig-0006636_End,1000,1,0,TTAGGG
contig-0006637_End,1000,0,0,TTAGGG
contig-0006638_End,1000,0,0,TTAGGG
contig-0006639_End,1000,0,0,TTAGGG
contig-0006640_End,1000,0,0,TTAGGG
contig-0006641_End,1000,0,0,TTAGGG
contig-0006642_End,1000,0,1,TTAGGG
contig-0006643_End,1000,0,0,TTAGGG
contig-0006644_End,1000,0,0,TTAGGG
contig-0006645_End,1000,0,0,TTAGGG
contig-0006646_End,1000,0,0,TTAGGG
contig-0006647_End,1000,0,0,TTAGGG
contig-0006648_End,1000,0,0,TTAGGG
contig-0006649_End,1000,0,0,TTAGGG
contig-0006650_End,1000,0,0,TTAGGG
contig-0006651_End,1000,0,0,TTAGGG
contig-0006652_End,1000,1,0,TTAGGG
contig-0006653_End,1000,0,1,TTAGGG
contig-0006654_End,1000,0,0,TTAGGG
contig-0006655_End,1000,0,0,TTAGGG
contig-0006656_End,1000,0,0,TTAGGG
contig-0006657_End,1000,166,0,TTAGGG
contig-0006658_End,1000,0,0,TTAGGG
contig-0006659_End,1000,0,0,TTAGGG
contig-0006660_End,1000,166,0,TTAGGG
contig-0006661_End,1000,0,0,TTAGGG
contig-0006662_End,1000,166,0,TTAGGG
contig-0006663_End,1000,0,0,TTAGGG
contig-0006664_End,1000,0,0,TTAGGG
contig-0006665_End,1000,0,0,TTAGGG
contig-0006666_End,1000,0,0,TTAGGG
contig-0006667_End,1000,1,0,TTAGGG
contig-0006668_End,1000,0,0,TTAGGG
contig-0006669_End,1000,0,0,TTAGGG
contig-0006670_End,1000,1,0,TTAGGG
contig-0006671_End,1000,0,0,TTAGGG
contig-0006672_End,1000,0,0,TTAGGG
contig-0006673_End,1000,0,0,TTAGGG
contig-0006674_End,1000,0,0,TTAGGG
contig-0006675_End,1000,0,0,TTAGGG
contig-0006676_End,1000,0,0,TTAGGG
contig-0006677_End,1000,0,0,TTAGGG
contig-0006678_End,1000,0,0,TTAGGG
contig-0006679_End,1000,0,0,TTAGGG
contig-0006680_End,1000,0,0,TTAGGG
contig-0006681_End,1000,0,0,TTAGGG
contig-0006682_End,1000,0,0,TTAGGG
contig-0006683_End,1000,0,0,TTAGGG
contig-0006684_End,1000,0,0,TTAGGG
contig-0006685_End,1000,0,0,TTAGGG
contig-0006686_End,1000,0,0,TTAGGG
contig-0006688_End,1000,0,0,TTAGGG
contig-0006689_End,1000,0,0,TTAGGG
contig-0006690_End,1000,0,0,TTAGGG
contig-0006691_End,1000,0,1,TTAGGG
contig-0006692_End,1000,0,0,TTAGGG
contig-0006693_End,1000,0,0,TTAGGG
contig-0006694_End,1000,0,0,TTAGGG
contig-0006695_End,1000,1,0,TTAGGG
contig-0006696_End,1000,0,0,TTAGGG
contig-0006697_End,1000,0,1,TTAGGG
contig-0006698_End,1000,0,0,TTAGGG
contig-0006699_End,1000,1,0,TTAGGG
contig-0006700_End,1000,0,0,TTAGGG
contig-0006701_End,1000,0,0,TTAGGG
contig-0006702_End,1000,0,0,TTAGGG
contig-0006703_End,1000,0,0,TTAGGG
contig-0006704_End,1000,0,0,TTAGGG
contig-0006705_End,1000,0,1,TTAGGG
contig-0006706_End,1000,1,1,TTAGGG
contig-0006707_End,1000,0,0,TTAGGG
contig-0006708_End,1000,0,1,TTAGGG
contig-0006709_End,1000,1,0,TTAGGG
contig-0006710_End,1000,0,0,TTAGGG
contig-0006711_End,1000,0,0,TTAGGG
contig-0006712_End,1000,0,0,TTAGGG
contig-0006713_End,1000,0,1,TTAGGG
contig-0006714_End,1000,0,0,TTAGGG
contig-0006715_End,1000,0,0,TTAGGG
contig-0006716_End,1000,0,0,TTAGGG
contig-0006717_End,1000,0,0,TTAGGG
contig-0006718_End,1000,1,1,TTAGGG
contig-0006719_End,1000,0,0,TTAGGG
contig-0006720_End,1000,0,0,TTAGGG
contig-0006721_End,1000,0,0,TTAGGG
contig-0006722_End,1000,0,0,TTAGGG
contig-0006723_End,1000,0,0,TTAGGG
contig-0006724_End,1000,0,1,TTAGGG
contig-0006725_End,1000,0,0,TTAGGG
contig-0006726_End,1000,0,0,TTAGGG
contig-0006727_End,1000,0,0,TTAGGG
contig-0006728_End,1000,0,0,TTAGGG
contig-0006729_End,1000,0,1,TTAGGG
contig-0006730_End,1000,0,0,TTAGGG
contig-0006731_End,1000,0,0,TTAGGG
contig-0006732_End,1000,1,2,TTAGGG
contig-0006733_End,1000,0,0,TTAGGG
contig-0006734_End,1000,0,0,TTAGGG
contig-0006735_End,1000,0,0,TTAGGG
contig-0006736_End,1000,0,0,TTAGGG
contig-0006737_End,1000,0,0,TTAGGG
contig-0006738_End,1000,0,0,TTAGGG
contig-0006739_End,1000,1,0,TTAGGG
contig-0006740_End,1000,0,1,TTAGGG
contig-0006741_End,1000,0,1,TTAGGG
contig-0006742_End,1000,1,1,TTAGGG
contig-0006743_End,1000,0,0,TTAGGG
contig-0006744_End,1000,0,0,TTAGGG
contig-0006745_End,1000,0,2,TTAGGG
contig-0006746_End,1000,0,0,TTAGGG
contig-0006747_End,1000,0,0,TTAGGG
contig-0006748_End,1000,0,0,TTAGGG
contig-0006749_End,1000,0,0,TTAGGG
contig-0006750_End,1000,0,0,TTAGGG
contig-0006751_End,1000,0,0,TTAGGG
contig-0006752_End,1000,1,0,TTAGGG
contig-0006753_End,1000,1,0,TTAGGG
contig-0006754_End,1000,0,0,TTAGGG
contig-0006755_End,1000,0,0,TTAGGG
contig-0006756_End,1000,0,0,TTAGGG
contig-0006757_End,1000,0,0,TTAGGG
contig-0006758_End,1000,1,0,TTAGGG
contig-0006759_End,1000,0,0,TTAGGG
contig-0006760_End,1000,1,0,TTAGGG
contig-0006761_End,1000,0,1,TTAGGG
contig-0006762_End,1000,0,0,TTAGGG
contig-0006763_End,1000,0,0,TTAGGG
contig-0006764_End,1000,0,0,TTAGGG
contig-0006765_End,1000,1,0,TTAGGG
contig-0006766_End,1000,0,0,TTAGGG
contig-0006767_End,1000,0,0,TTAGGG
contig-0006768_End,1000,0,0,TTAGGG
contig-0006769_End,1000,0,0,TTAGGG
contig-0006770_End,1000,0,1,TTAGGG
contig-0006771_End,1000,0,2,TTAGGG
contig-0006772_End,1000,0,0,TTAGGG
contig-0006773_End,1000,0,0,TTAGGG
contig-0006774_End,1000,0,1,TTAGGG
contig-0006775_End,1000,0,0,TTAGGG
contig-0006776_End,1000,0,0,TTAGGG
contig-0006777_End,1000,0,0,TTAGGG
contig-0006778_End,1000,0,0,TTAGGG
contig-0006779_End,1000,0,0,TTAGGG
contig-0006780_End,1000,1,0,TTAGGG
contig-0006781_End,1000,0,0,TTAGGG
contig-0006782_End,1000,0,0,TTAGGG
contig-0006783_End,1000,0,0,TTAGGG
contig-0006784_End,1000,0,0,TTAGGG
contig-0006785_End,1000,1,0,TTAGGG
contig-0006786_End,1000,0,0,TTAGGG
contig-0006787_End,1000,0,0,TTAGGG
contig-0006788_End,1000,0,0,TTAGGG
contig-0006789_End,1000,2,0,TTAGGG
contig-0006791_End,1000,1,0,TTAGGG
contig-0006792_End,1000,0,0,TTAGGG
contig-0006793_End,1000,0,0,TTAGGG
contig-0006794_End,1000,0,0,TTAGGG
contig-0006795_End,1000,0,0,TTAGGG
contig-0006796_End,1000,1,0,TTAGGG
contig-0006797_End,1000,0,0,TTAGGG
contig-0006798_End,1000,0,0,TTAGGG
contig-0006799_End,1000,0,0,TTAGGG
contig-0006800_End,1000,0,0,TTAGGG
contig-0006801_End,1000,0,0,TTAGGG
contig-0006802_End,1000,0,1,TTAGGG
contig-0006803_End,1000,0,0,TTAGGG
contig-0006804_End,1000,0,0,TTAGGG
contig-0006805_End,1000,0,0,TTAGGG
contig-0006806_End,1000,0,0,TTAGGG
contig-0006807_End,1000,1,0,TTAGGG
contig-0006808_End,1000,0,0,TTAGGG
contig-0006809_End,1000,0,0,TTAGGG
contig-0006810_End,1000,0,0,TTAGGG
contig-0006811_End,1000,0,0,TTAGGG
contig-0006812_End,1000,0,1,TTAGGG
contig-0006813_End,1000,0,1,TTAGGG
contig-0006814_End,1000,0,0,TTAGGG
contig-0006815_End,1000,0,0,TTAGGG
contig-0006816_End,1000,0,0,TTAGGG
contig-0006817_End,1000,0,0,TTAGGG
contig-0006818_End,1000,0,0,TTAGGG
contig-0006819_End,1000,0,0,TTAGGG
contig-0006820_End,1000,0,0,TTAGGG
contig-0006821_End,1000,0,0,TTAGGG
contig-0006822_End,1000,0,0,TTAGGG
contig-0006823_End,1000,0,0,TTAGGG
contig-0006824_End,1000,0,0,TTAGGG
contig-0006825_End,1000,0,0,TTAGGG
contig-0006826_End,1000,0,0,TTAGGG
contig-0006827_End,1000,0,0,TTAGGG
contig-0006828_End,1000,0,0,TTAGGG
contig-0006829_End,1000,0,0,TTAGGG
contig-0006830_End,1000,0,0,TTAGGG
contig-0006831_End,1000,0,0,TTAGGG
contig-0006832_End,1000,0,0,TTAGGG
contig-0006833_End,1000,0,0,TTAGGG
contig-0006834_End,1000,0,0,TTAGGG
contig-0006835_End,1000,1,0,TTAGGG
contig-0006836_End,1000,0,0,TTAGGG
contig-0006837_End,1000,0,0,TTAGGG
contig-0006838_End,1000,1,1,TTAGGG
contig-0006839_End,1000,0,0,TTAGGG
contig-0006840_End,1000,1,0,TTAGGG
contig-0006841_End,1000,1,0,TTAGGG
contig-0006842_End,1000,0,1,TTAGGG
contig-0006843_End,1000,0,0,TTAGGG
contig-0006844_End,1000,0,0,TTAGGG
contig-0006845_End,1000,0,1,TTAGGG
contig-0006846_End,1000,0,0,TTAGGG
contig-0006847_End,1000,1,0,TTAGGG
contig-0006848_End,1000,0,0,TTAGGG
contig-0006849_End,1000,0,0,TTAGGG
contig-0006850_End,1000,0,0,TTAGGG
contig-0006851_End,1000,0,0,TTAGGG
contig-0006852_End,1000,0,0,TTAGGG
contig-0006853_End,1000,0,0,TTAGGG
contig-0006854_End,1000,0,0,TTAGGG
contig-0006855_End,1000,0,0,TTAGGG
contig-0006856_End,1000,0,0,TTAGGG
contig-0006857_End,1000,0,0,TTAGGG
contig-0006858_End,1000,0,0,TTAGGG
contig-0006859_End,1000,0,0,TTAGGG
contig-0006860_End,1000,0,0,TTAGGG
contig-0006861_End,1000,0,0,TTAGGG
contig-0006862_End,1000,0,0,TTAGGG
contig-0006863_End,1000,1,0,TTAGGG
contig-0006864_End,1000,0,0,TTAGGG
contig-0006865_End,1000,0,0,TTAGGG
contig-0006866_End,1000,0,0,TTAGGG
contig-0006867_End,1000,162,0,TTAGGG
contig-0006868_End,1000,0,0,TTAGGG
contig-0006869_End,1000,0,0,TTAGGG
contig-0006870_End,1000,0,0,TTAGGG
contig-0006871_End,1000,0,0,TTAGGG
contig-0006872_End,1000,0,0,TTAGGG
contig-0006873_End,1000,0,2,TTAGGG
contig-0006874_End,1000,1,0,TTAGGG
contig-0006875_End,1000,0,2,TTAGGG
contig-0006876_End,1000,0,1,TTAGGG
contig-0006877_End,1000,0,0,TTAGGG
contig-0006878_End,1000,1,0,TTAGGG
contig-0006879_End,1000,0,0,TTAGGG
contig-0006880_End,1000,0,0,TTAGGG
contig-0006881_End,1000,0,0,TTAGGG
contig-0006882_End,1000,0,0,TTAGGG
contig-0006883_End,1000,0,0,TTAGGG
contig-0006884_End,1000,0,1,TTAGGG
contig-0006885_End,1000,0,0,TTAGGG
contig-0006886_End,1000,0,0,TTAGGG
contig-0006887_End,1000,0,0,TTAGGG
contig-0006888_End,1000,0,0,TTAGGG
contig-0006889_End,1000,0,0,TTAGGG
contig-0006890_End,1000,0,0,TTAGGG
contig-0006891_End,1000,0,0,TTAGGG
contig-0006892_End,1000,0,0,TTAGGG
contig-0006893_End,1000,0,0,TTAGGG
contig-0006894_End,1000,0,0,TTAGGG
contig-0006895_End,1000,0,1,TTAGGG
contig-0006896_End,1000,0,0,TTAGGG
contig-0006897_End,1000,0,0,TTAGGG
contig-0006898_End,1000,0,0,TTAGGG
contig-0006899_End,1000,1,0,TTAGGG
contig-0006900_End,1000,0,0,TTAGGG
contig-0006901_End,1000,0,0,TTAGGG
contig-0006902_End,1000,0,0,TTAGGG
contig-0006903_End,1000,0,0,TTAGGG
contig-0006904_End,1000,0,0,TTAGGG
contig-0006905_End,1000,1,1,TTAGGG
contig-0006906_End,1000,0,0,TTAGGG
contig-0006907_End,1000,0,0,TTAGGG
contig-0006908_End,1000,0,0,TTAGGG
contig-0006909_End,1000,0,0,TTAGGG
contig-0006910_End,1000,0,0,TTAGGG
contig-0006911_End,1000,0,0,TTAGGG
contig-0006912_End,1000,1,0,TTAGGG
contig-0006913_End,1000,0,0,TTAGGG
contig-0006914_End,1000,0,0,TTAGGG
contig-0006915_End,1000,1,1,TTAGGG
contig-0006916_End,1000,1,0,TTAGGG
contig-0006917_End,1000,0,0,TTAGGG
contig-0006918_End,1000,0,0,TTAGGG
contig-0006919_End,1000,0,0,TTAGGG
contig-0006920_End,1000,0,0,TTAGGG
contig-0006921_End,1000,0,0,TTAGGG
contig-0006922_End,1000,1,0,TTAGGG
contig-0006923_End,1000,1,0,TTAGGG
contig-0006924_End,1000,0,1,TTAGGG
contig-0006925_End,1000,0,1,TTAGGG
contig-0006926_End,1000,0,0,TTAGGG
contig-0006927_End,1000,1,0,TTAGGG
contig-0006928_End,1000,0,0,TTAGGG
contig-0006929_End,1000,0,0,TTAGGG
contig-0006930_End,1000,0,0,TTAGGG
contig-0006931_End,1000,0,0,TTAGGG
contig-0006932_End,1000,0,1,TTAGGG
contig-0006933_End,1000,1,0,TTAGGG
contig-0006934_End,1000,0,0,TTAGGG
contig-0006935_End,1000,1,1,TTAGGG
contig-0006936_End,1000,0,0,TTAGGG
contig-0006937_End,1000,0,0,TTAGGG
contig-0006938_End,1000,0,0,TTAGGG
contig-0006939_End,1000,0,0,TTAGGG
contig-0006940_End,1000,0,0,TTAGGG
contig-0006941_End,1000,0,0,TTAGGG
contig-0006942_End,1000,1,0,TTAGGG
contig-0006943_End,1000,0,0,TTAGGG
contig-0006944_End,1000,0,0,TTAGGG
contig-0006945_End,1000,0,0,TTAGGG
contig-0006946_End,1000,0,0,TTAGGG
contig-0006947_End,1000,0,0,TTAGGG
contig-0006948_End,1000,1,0,TTAGGG
contig-0006949_End,1000,0,0,TTAGGG
contig-0006950_End,1000,2,0,TTAGGG
contig-0006951_End,1000,1,0,TTAGGG
contig-0006952_End,1000,0,0,TTAGGG
contig-0006953_End,1000,1,0,TTAGGG
contig-0006954_End,1000,0,0,TTAGGG
contig-0006955_End,1000,0,0,TTAGGG
contig-0006956_End,1000,0,0,TTAGGG
contig-0006957_End,1000,0,0,TTAGGG
contig-0006958_End,1000,0,0,TTAGGG
contig-0006959_End,1000,0,0,TTAGGG
contig-0006961_End,1000,0,0,TTAGGG
contig-0006962_End,1000,0,0,TTAGGG
contig-0006963_End,1000,0,0,TTAGGG
contig-0006964_End,1000,0,1,TTAGGG
contig-0006965_End,1000,0,0,TTAGGG
contig-0006966_End,1000,0,1,TTAGGG
contig-0006967_End,1000,0,0,TTAGGG
contig-0006969_End,1000,1,0,TTAGGG
contig-0006970_End,1000,0,0,TTAGGG
contig-0006971_End,1000,0,0,TTAGGG
contig-0006972_End,1000,0,0,TTAGGG
contig-0006973_End,1000,0,1,TTAGGG
contig-0006974_End,1000,1,0,TTAGGG
contig-0006975_End,1000,0,0,TTAGGG
contig-0006976_End,1000,1,0,TTAGGG
contig-0006977_End,1000,0,0,TTAGGG
contig-0006978_End,1000,1,0,TTAGGG
contig-0006980_End,1000,0,0,TTAGGG
contig-0006981_End,1000,0,0,TTAGGG
contig-0006982_End,1000,0,0,TTAGGG
contig-0006984_End,1000,0,0,TTAGGG
contig-0006985_End,1000,0,0,TTAGGG
contig-0006986_End,1000,0,0,TTAGGG
contig-0006987_End,1000,0,0,TTAGGG
contig-0006988_End,1000,0,0,TTAGGG
contig-0006989_End,1000,0,1,TTAGGG
contig-0006990_End,1000,1,0,TTAGGG
contig-0006991_End,1000,0,0,TTAGGG
contig-0006992_End,1000,0,0,TTAGGG
contig-0006993_End,1000,1,0,TTAGGG
contig-0006994_End,1000,0,0,TTAGGG
contig-0006995_End,1000,0,0,TTAGGG
contig-0006996_End,1000,0,0,TTAGGG
contig-0006997_End,1000,0,0,TTAGGG
contig-0006998_End,1000,0,0,TTAGGG
contig-0006999_End,1000,0,0,TTAGGG
contig-0007000_End,1000,1,1,TTAGGG
contig-0007001_End,1000,1,1,TTAGGG
contig-0007002_End,1000,1,0,TTAGGG
contig-0007003_End,1000,0,0,TTAGGG
contig-0007004_End,1000,0,1,TTAGGG
contig-0007005_End,1000,1,1,TTAGGG
contig-0007006_End,1000,0,0,TTAGGG
contig-0007007_End,1000,0,0,TTAGGG
contig-0007008_End,1000,0,0,TTAGGG
contig-0007009_End,1000,1,0,TTAGGG
contig-0007010_End,1000,0,0,TTAGGG
contig-0007011_End,1000,0,0,TTAGGG
contig-0007012_End,1000,0,0,TTAGGG
contig-0007013_End,1000,0,1,TTAGGG
contig-0007014_End,1000,0,1,TTAGGG
contig-0007015_End,1000,0,1,TTAGGG
contig-0007016_End,1000,0,0,TTAGGG
contig-0007017_End,1000,0,0,TTAGGG
contig-0007018_End,1000,0,0,TTAGGG
contig-0007019_End,1000,0,0,TTAGGG
contig-0007020_End,1000,1,0,TTAGGG
contig-0007021_End,1000,0,1,TTAGGG
contig-0007022_End,1000,0,0,TTAGGG
contig-0007023_End,1000,0,0,TTAGGG
contig-0007024_End,1000,0,1,TTAGGG
contig-0007025_End,1000,0,0,TTAGGG
contig-0007026_End,1000,0,0,TTAGGG
contig-0007027_End,1000,0,0,TTAGGG
contig-0007028_End,1000,0,0,TTAGGG
contig-0007029_End,1000,0,0,TTAGGG
contig-0007030_End,1000,0,0,TTAGGG
contig-0007031_End,1000,0,0,TTAGGG
contig-0007032_End,1000,0,0,TTAGGG
contig-0007033_End,1000,1,0,TTAGGG
contig-0007034_End,1000,0,0,TTAGGG
contig-0007035_End,1000,0,0,TTAGGG
contig-0007036_End,1000,0,0,TTAGGG
contig-0007037_End,1000,1,0,TTAGGG
contig-0007038_End,1000,0,0,TTAGGG
contig-0007039_End,1000,0,0,TTAGGG
contig-0007040_End,1000,0,0,TTAGGG
contig-0007041_End,1000,0,0,TTAGGG
contig-0007042_End,1000,0,0,TTAGGG
contig-0007043_End,1000,0,0,TTAGGG
contig-0007044_End,1000,0,0,TTAGGG
contig-0007045_End,1000,0,0,TTAGGG
contig-0007046_End,1000,0,0,TTAGGG
contig-0007047_End,1000,0,0,TTAGGG
contig-0007048_End,1000,0,0,TTAGGG
contig-0007049_End,1000,0,0,TTAGGG
contig-0007050_End,1000,0,0,TTAGGG
contig-0007051_End,1000,0,0,TTAGGG
contig-0007052_End,1000,0,0,TTAGGG
contig-0007053_End,1000,0,0,TTAGGG
contig-0007054_End,1000,0,0,TTAGGG
contig-0007055_End,1000,0,0,TTAGGG
contig-0007056_End,1000,0,0,TTAGGG
contig-0007057_End,1000,0,0,TTAGGG
contig-0007058_End,1000,0,0,TTAGGG
contig-0007059_End,1000,0,0,TTAGGG
contig-0007060_End,1000,0,0,TTAGGG
contig-0007061_End,1000,0,0,TTAGGG
contig-0007062_End,1000,0,0,TTAGGG
contig-0007063_End,1000,0,0,TTAGGG
contig-0007064_End,1000,0,0,TTAGGG
contig-0007065_End,1000,0,0,TTAGGG
contig-0007066_End,1000,0,0,TTAGGG
contig-0007067_End,1000,0,0,TTAGGG
contig-0007068_End,1000,0,0,TTAGGG
contig-0007069_End,1000,1,1,TTAGGG
contig-0007070_End,1000,0,0,TTAGGG
contig-0007071_End,1000,0,0,TTAGGG
contig-0007072_End,1000,0,0,TTAGGG
contig-0007073_End,1000,0,0,TTAGGG
contig-0007074_End,1000,0,0,TTAGGG
contig-0007075_End,1000,0,0,TTAGGG
contig-0007076_End,1000,0,0,TTAGGG
contig-0007077_End,1000,0,0,TTAGGG
contig-0007078_End,1000,0,0,TTAGGG
contig-0007079_End,1000,0,0,TTAGGG
contig-0007080_End,1000,0,0,TTAGGG
contig-0007081_End,1000,1,0,TTAGGG
contig-0007082_End,1000,0,0,TTAGGG
contig-0007083_End,1000,0,0,TTAGGG
contig-0007084_End,1000,0,0,TTAGGG
contig-0007085_End,1000,163,0,TTAGGG
contig-0007086_End,1000,0,0,TTAGGG
contig-0007087_End,1000,0,0,TTAGGG
contig-0007088_End,1000,0,0,TTAGGG
contig-0007089_End,1000,0,0,TTAGGG
contig-0007090_End,1000,0,0,TTAGGG
contig-0007091_End,1000,0,1,TTAGGG
contig-0007092_End,1000,0,0,TTAGGG
contig-0007093_End,1000,0,0,TTAGGG
contig-0007094_End,1000,0,1,TTAGGG
contig-0007095_End,1000,0,0,TTAGGG
contig-0007096_End,1000,0,0,TTAGGG
contig-0007097_End,1000,0,0,TTAGGG
contig-0007098_End,1000,0,0,TTAGGG
contig-0007099_End,1000,0,0,TTAGGG
contig-0007100_End,1000,0,0,TTAGGG
contig-0007101_End,1000,0,0,TTAGGG
contig-0007102_End,1000,0,0,TTAGGG
contig-0007103_End,1000,0,0,TTAGGG
contig-0007104_End,1000,0,0,TTAGGG
contig-0007105_End,1000,0,0,TTAGGG
contig-0007106_End,1000,0,0,TTAGGG
contig-0007107_End,1000,1,0,TTAGGG
contig-0007108_End,1000,0,0,TTAGGG
contig-0007109_End,1000,0,0,TTAGGG
contig-0007110_End,1000,1,0,TTAGGG
contig-0007111_End,1000,0,0,TTAGGG
contig-0007112_End,1000,0,0,TTAGGG
contig-0007113_End,1000,0,0,TTAGGG
contig-0007114_End,1000,0,0,TTAGGG
contig-0007115_End,1000,0,2,TTAGGG
contig-0007116_End,1000,0,0,TTAGGG
contig-0007117_End,1000,0,0,TTAGGG
contig-0007118_End,1000,0,0,TTAGGG
contig-0007119_End,1000,0,0,TTAGGG
contig-0007120_End,1000,0,0,TTAGGG
contig-0007121_End,1000,0,0,TTAGGG
contig-0007122_End,1000,0,0,TTAGGG
contig-0007123_End,1000,0,0,TTAGGG
contig-0007124_End,1000,0,0,TTAGGG
contig-0007125_End,1000,0,1,TTAGGG
contig-0007126_End,1000,0,0,TTAGGG
contig-0007127_End,1000,1,0,TTAGGG
contig-0007128_End,1000,0,0,TTAGGG
contig-0007129_End,1000,0,0,TTAGGG
contig-0007130_End,1000,0,0,TTAGGG
contig-0007131_End,1000,0,0,TTAGGG
contig-0007132_End,1000,2,0,TTAGGG
contig-0007133_End,1000,0,0,TTAGGG
contig-0007134_End,1000,0,0,TTAGGG
contig-0007135_End,1000,0,0,TTAGGG
contig-0007136_End,1000,1,1,TTAGGG
contig-0007137_End,1000,0,0,TTAGGG
contig-0007138_End,1000,1,0,TTAGGG
contig-0007139_End,1000,0,0,TTAGGG
contig-0007140_End,1000,0,0,TTAGGG
contig-0007141_End,1000,0,0,TTAGGG
contig-0007142_End,1000,0,1,TTAGGG
contig-0007143_End,1000,0,0,TTAGGG
contig-0007144_End,1000,0,0,TTAGGG
contig-0007145_End,1000,0,0,TTAGGG
contig-0007146_End,1000,0,0,TTAGGG
contig-0007147_End,1000,0,0,TTAGGG
contig-0007148_End,1000,0,0,TTAGGG
contig-0007149_End,1000,0,0,TTAGGG
contig-0007150_End,1000,0,0,TTAGGG
contig-0007151_End,1000,0,0,TTAGGG
contig-0007152_End,1000,0,0,TTAGGG
contig-0007153_End,1000,1,0,TTAGGG
contig-0007154_End,1000,1,0,TTAGGG
contig-0007155_End,1000,1,0,TTAGGG
contig-0007156_End,1000,0,0,TTAGGG
contig-0007157_End,1000,0,1,TTAGGG
contig-0007158_End,1000,0,0,TTAGGG
contig-0007159_End,1000,0,0,TTAGGG
contig-0007160_End,1000,1,0,TTAGGG
contig-0007161_End,1000,0,1,TTAGGG
contig-0007162_End,1000,0,0,TTAGGG
contig-0007163_End,1000,0,0,TTAGGG
contig-0007164_End,1000,0,0,TTAGGG
contig-0007165_End,1000,1,0,TTAGGG
contig-0007166_End,1000,0,0,TTAGGG
contig-0007167_End,1000,0,0,TTAGGG
contig-0007168_End,1000,0,1,TTAGGG
contig-0007169_End,1000,0,0,TTAGGG
contig-0007170_End,1000,0,0,TTAGGG
contig-0007171_End,1000,0,0,TTAGGG
contig-0007172_End,1000,3,0,TTAGGG
contig-0007174_End,1000,0,0,TTAGGG
contig-0007175_End,1000,0,0,TTAGGG
contig-0007176_End,1000,1,0,TTAGGG
contig-0007177_End,1000,0,1,TTAGGG
contig-0007178_End,1000,0,0,TTAGGG
contig-0007180_End,1000,0,0,TTAGGG
contig-0007181_End,1000,0,0,TTAGGG
contig-0007182_End,1000,2,0,TTAGGG
contig-0007183_End,1000,0,0,TTAGGG
contig-0007184_End,1000,0,0,TTAGGG
contig-0007185_End,1000,0,0,TTAGGG
contig-0007186_End,1000,0,0,TTAGGG
contig-0007187_End,1000,0,0,TTAGGG
contig-0007188_End,1000,0,0,TTAGGG
contig-0007189_End,1000,0,0,TTAGGG
contig-0007190_End,1000,0,0,TTAGGG
contig-0007191_End,1000,0,0,TTAGGG
contig-0007192_End,1000,0,0,TTAGGG
contig-0007193_End,1000,0,0,TTAGGG
contig-0007194_End,1000,0,0,TTAGGG
contig-0007195_End,1000,0,0,TTAGGG
contig-0007196_End,1000,0,0,TTAGGG
contig-0007197_End,1000,0,0,TTAGGG
contig-0007198_End,1000,0,0,TTAGGG
contig-0007199_End,1000,0,0,TTAGGG
contig-0007200_End,1000,0,1,TTAGGG
contig-0007201_End,1000,0,0,TTAGGG
contig-0007202_End,1000,0,2,TTAGGG
contig-0007203_End,1000,0,0,TTAGGG
contig-0007204_End,1000,0,1,TTAGGG
contig-0007205_End,1000,0,0,TTAGGG
contig-0007206_End,1000,1,0,TTAGGG
contig-0007207_End,1000,0,0,TTAGGG
contig-0007208_End,1000,0,0,TTAGGG
contig-0007209_End,1000,0,1,TTAGGG
contig-0007210_End,1000,0,0,TTAGGG
contig-0007211_End,1000,0,0,TTAGGG
contig-0007212_End,1000,0,0,TTAGGG
contig-0007213_End,1000,0,0,TTAGGG
contig-0007214_End,1000,0,0,TTAGGG
contig-0007215_End,1000,0,1,TTAGGG
contig-0007216_End,1000,0,0,TTAGGG
contig-0007217_End,1000,0,0,TTAGGG
contig-0007218_End,1000,163,0,TTAGGG
contig-0007219_End,1000,0,0,TTAGGG
contig-0007220_End,1000,0,0,TTAGGG
contig-0007221_End,1000,0,0,TTAGGG
contig-0007222_End,1000,0,0,TTAGGG
contig-0007223_End,1000,0,0,TTAGGG
contig-0007224_End,1000,0,0,TTAGGG
contig-0007225_End,1000,0,0,TTAGGG
contig-0007226_End,1000,0,0,TTAGGG
contig-0007227_End,1000,0,0,TTAGGG
contig-0007228_End,1000,0,0,TTAGGG
contig-0007229_End,1000,0,0,TTAGGG
contig-0007230_End,1000,0,0,TTAGGG
contig-0007231_End,1000,0,0,TTAGGG
contig-0007232_End,1000,0,0,TTAGGG
contig-0007233_End,1000,0,0,TTAGGG
contig-0007234_End,1000,1,0,TTAGGG
contig-0007235_End,1000,0,0,TTAGGG
contig-0007236_End,1000,0,0,TTAGGG
contig-0007237_End,1000,0,0,TTAGGG
contig-0007238_End,1000,0,0,TTAGGG
contig-0007239_End,1000,0,2,TTAGGG
contig-0007240_End,1000,0,0,TTAGGG
contig-0007241_End,1000,0,0,TTAGGG
contig-0007242_End,1000,0,1,TTAGGG
contig-0007243_End,1000,0,0,TTAGGG
contig-0007244_End,1000,0,0,TTAGGG
contig-0007245_End,1000,2,0,TTAGGG
contig-0007246_End,1000,0,0,TTAGGG
contig-0007247_End,1000,0,0,TTAGGG
contig-0007248_End,1000,1,0,TTAGGG
contig-0007249_End,1000,0,0,TTAGGG
contig-0007250_End,1000,0,0,TTAGGG
contig-0007251_End,1000,1,0,TTAGGG
contig-0007252_End,1000,0,0,TTAGGG
contig-0007253_End,1000,0,0,TTAGGG
contig-0007254_End,1000,0,0,TTAGGG
contig-0007255_End,1000,0,0,TTAGGG
contig-0007256_End,1000,0,0,TTAGGG
contig-0007257_End,1000,0,0,TTAGGG
contig-0007258_End,1000,0,0,TTAGGG
contig-0007259_End,1000,0,0,TTAGGG
contig-0007260_End,1000,0,0,TTAGGG
contig-0007261_End,1000,1,0,TTAGGG
contig-0007262_End,1000,0,0,TTAGGG
contig-0007263_End,1000,0,0,TTAGGG
contig-0007264_End,1000,0,0,TTAGGG
contig-0007265_End,1000,0,0,TTAGGG
contig-0007266_End,1000,0,0,TTAGGG
contig-0007267_End,1000,0,0,TTAGGG
contig-0007268_End,1000,0,0,TTAGGG
contig-0007269_End,1000,0,0,TTAGGG
contig-0007270_End,1000,0,0,TTAGGG
contig-0007271_End,1000,0,0,TTAGGG
contig-0007272_End,1000,0,0,TTAGGG
contig-0007273_End,1000,0,0,TTAGGG
contig-0007274_End,1000,0,0,TTAGGG
contig-0007275_End,1000,1,0,TTAGGG
contig-0007276_End,1000,0,0,TTAGGG
contig-0007277_End,1000,0,0,TTAGGG
contig-0007278_End,1000,0,1,TTAGGG
contig-0007279_End,1000,0,0,TTAGGG
contig-0007280_End,1000,0,0,TTAGGG
contig-0007281_End,1000,0,0,TTAGGG
contig-0007282_End,1000,0,0,TTAGGG
contig-0007283_End,1000,0,0,TTAGGG
contig-0007284_End,1000,0,0,TTAGGG
contig-0007285_End,1000,0,0,TTAGGG
contig-0007286_End,1000,1,0,TTAGGG
contig-0007287_End,1000,0,0,TTAGGG
contig-0007288_End,1000,0,0,TTAGGG
contig-0007289_End,1000,0,0,TTAGGG
contig-0007290_End,1000,0,0,TTAGGG
contig-0007291_End,1000,0,0,TTAGGG
contig-0007292_End,1000,0,0,TTAGGG
contig-0007293_End,1000,0,0,TTAGGG
contig-0007294_End,1000,0,1,TTAGGG
contig-0007295_End,1000,0,2,TTAGGG
contig-0007296_End,1000,0,1,TTAGGG
contig-0007297_End,1000,0,0,TTAGGG
contig-0007298_End,1000,0,0,TTAGGG
contig-0007299_End,1000,0,0,TTAGGG
contig-0007300_End,1000,0,0,TTAGGG
contig-0007301_End,1000,0,0,TTAGGG
contig-0007302_End,1000,0,0,TTAGGG
contig-0007303_End,1000,0,0,TTAGGG
contig-0007304_End,1000,0,0,TTAGGG
contig-0007305_End,1000,1,0,TTAGGG
contig-0007306_End,1000,0,0,TTAGGG
contig-0007307_End,1000,0,0,TTAGGG
contig-0007308_End,1000,0,0,TTAGGG
contig-0007309_End,1000,0,0,TTAGGG
contig-0007310_End,1000,0,0,TTAGGG
contig-0007311_End,1000,0,0,TTAGGG
contig-0007312_End,1000,0,0,TTAGGG
contig-0007313_End,1000,0,0,TTAGGG
contig-0007314_End,1000,0,0,TTAGGG
contig-0007315_End,1000,0,0,TTAGGG
contig-0007316_End,1000,0,0,TTAGGG
contig-0007317_End,1000,0,0,TTAGGG
contig-0007318_End,1000,0,0,TTAGGG
contig-0007319_End,1000,0,0,TTAGGG
contig-0007320_End,1000,0,0,TTAGGG
contig-0007321_End,1000,0,0,TTAGGG
contig-0007322_End,1000,0,0,TTAGGG
contig-0007323_End,1000,0,0,TTAGGG
contig-0007324_End,1000,0,0,TTAGGG
contig-0007325_End,1000,0,0,TTAGGG
contig-0007326_End,1000,0,0,TTAGGG
contig-0007327_End,1000,0,0,TTAGGG
contig-0007328_End,1000,0,0,TTAGGG
contig-0007329_End,1000,163,0,TTAGGG
contig-0007330_End,1000,163,0,TTAGGG
contig-0007331_End,1000,164,0,TTAGGG
contig-0007332_End,1000,0,0,TTAGGG
contig-0007333_End,1000,0,0,TTAGGG
contig-0007334_End,1000,2,0,TTAGGG
contig-0007335_End,1000,0,0,TTAGGG
contig-0007336_End,1000,0,0,TTAGGG
contig-0007337_End,1000,0,1,TTAGGG
contig-0007338_End,1000,0,0,TTAGGG
contig-0007339_End,1000,0,0,TTAGGG
contig-0007340_End,1000,0,0,TTAGGG
contig-0007341_End,1000,0,0,TTAGGG
contig-0007342_End,1000,0,0,TTAGGG
contig-0007343_End,1000,0,0,TTAGGG
contig-0007344_End,1000,0,0,TTAGGG
contig-0007345_End,1000,0,0,TTAGGG
contig-0007346_End,1000,0,0,TTAGGG
contig-0007347_End,1000,0,0,TTAGGG
contig-0007348_End,1000,0,0,TTAGGG
contig-0007349_End,1000,0,0,TTAGGG
contig-0007350_End,1000,0,0,TTAGGG
contig-0007351_End,1000,0,0,TTAGGG
contig-0007352_End,1000,0,0,TTAGGG
contig-0007353_End,1000,0,0,TTAGGG
contig-0007354_End,1000,0,0,TTAGGG
contig-0007355_End,1000,0,0,TTAGGG
contig-0007356_End,1000,0,0,TTAGGG
contig-0007357_End,1000,0,0,TTAGGG
contig-0007358_End,1000,0,0,TTAGGG
contig-0007359_End,1000,0,0,TTAGGG
contig-0007360_End,1000,0,0,TTAGGG
contig-0007361_End,1000,1,0,TTAGGG
contig-0007362_End,1000,0,0,TTAGGG
contig-0007363_End,1000,0,0,TTAGGG
contig-0007364_End,1000,0,0,TTAGGG
contig-0007365_End,1000,0,0,TTAGGG
contig-0007366_End,1000,0,0,TTAGGG
contig-0007367_End,1000,0,1,TTAGGG
contig-0007368_End,1000,0,0,TTAGGG
contig-0007369_End,1000,0,0,TTAGGG
contig-0007370_End,1000,0,0,TTAGGG
contig-0007371_End,1000,0,0,TTAGGG
contig-0007372_End,1000,0,0,TTAGGG
contig-0007373_End,1000,0,0,TTAGGG
contig-0007374_End,1000,0,0,TTAGGG
contig-0007375_End,1000,0,0,TTAGGG
contig-0007376_End,1000,0,0,TTAGGG
contig-0007377_End,1000,0,0,TTAGGG
contig-0007378_End,1000,0,0,TTAGGG
contig-0007379_End,1000,0,0,TTAGGG
contig-0007380_End,1000,0,0,TTAGGG
contig-0007381_End,1000,0,1,TTAGGG
contig-0007382_End,1000,0,0,TTAGGG
contig-0007383_End,1000,0,0,TTAGGG
contig-0007384_End,1000,0,0,TTAGGG
contig-0007385_End,1000,0,0,TTAGGG
contig-0007386_End,1000,0,0,TTAGGG
contig-0007387_End,1000,0,0,TTAGGG
contig-0007388_End,1000,0,0,TTAGGG
contig-0007389_End,1000,0,0,TTAGGG
contig-0007390_End,1000,0,0,TTAGGG
contig-0007391_End,1000,1,0,TTAGGG
contig-0007392_End,1000,0,0,TTAGGG
contig-0007393_End,1000,0,0,TTAGGG
contig-0007394_End,1000,0,1,TTAGGG
contig-0007395_End,1000,0,0,TTAGGG
contig-0007396_End,1000,0,0,TTAGGG
contig-0007397_End,1000,0,0,TTAGGG
contig-0007398_End,1000,0,1,TTAGGG
contig-0007399_End,1000,0,1,TTAGGG
contig-0007400_End,1000,0,0,TTAGGG
contig-0007401_End,1000,0,1,TTAGGG
contig-0007402_End,1000,0,0,TTAGGG
contig-0007403_End,1000,0,0,TTAGGG
contig-0007404_End,1000,0,1,TTAGGG
contig-0007405_End,1000,0,0,TTAGGG
contig-0007406_End,1000,0,1,TTAGGG
contig-0007407_End,1000,0,0,TTAGGG
contig-0007408_End,1000,1,0,TTAGGG
contig-0007409_End,1000,0,0,TTAGGG
contig-0007410_End,1000,1,0,TTAGGG
contig-0007411_End,1000,0,0,TTAGGG
contig-0007412_End,1000,0,0,TTAGGG
contig-0007413_End,1000,0,0,TTAGGG
contig-0007414_End,1000,0,0,TTAGGG
contig-0007415_End,1000,0,0,TTAGGG
contig-0007416_End,1000,0,0,TTAGGG
contig-0007417_End,1000,0,0,TTAGGG
contig-0007418_End,1000,0,1,TTAGGG
contig-0007419_End,1000,0,0,TTAGGG
contig-0007420_End,1000,0,0,TTAGGG
contig-0007421_End,1000,0,0,TTAGGG
contig-0007422_End,1000,0,0,TTAGGG
contig-0007423_End,1000,0,0,TTAGGG
contig-0007424_End,1000,0,0,TTAGGG
contig-0007425_End,1000,0,0,TTAGGG
contig-0007426_End,1000,0,0,TTAGGG
contig-0007427_End,1000,0,0,TTAGGG
contig-0007428_End,1000,0,0,TTAGGG
contig-0007429_End,1000,0,0,TTAGGG
contig-0007430_End,1000,0,0,TTAGGG
contig-0007431_End,1000,0,0,TTAGGG
contig-0007432_End,1000,0,0,TTAGGG
contig-0007433_End,1000,0,0,TTAGGG
contig-0007434_End,1000,0,0,TTAGGG
contig-0007435_End,1000,0,0,TTAGGG
contig-0007436_End,1000,0,0,TTAGGG
contig-0007437_End,1000,1,0,TTAGGG
contig-0007439_End,1000,1,0,TTAGGG
contig-0007440_End,1000,0,0,TTAGGG
contig-0007441_End,1000,0,0,TTAGGG
contig-0007442_End,1000,1,0,TTAGGG
contig-0007443_End,1000,0,0,TTAGGG
contig-0007444_End,1000,0,0,TTAGGG
contig-0007445_End,1000,0,0,TTAGGG
contig-0007446_End,1000,0,0,TTAGGG
contig-0007447_End,1000,0,2,TTAGGG
contig-0007448_End,1000,166,0,TTAGGG
contig-0007449_End,1000,0,0,TTAGGG
contig-0007450_End,1000,0,0,TTAGGG
contig-0007451_End,1000,0,0,TTAGGG
contig-0007452_End,1000,0,1,TTAGGG
contig-0007453_End,1000,0,0,TTAGGG
contig-0007454_End,1000,0,0,TTAGGG
contig-0007455_End,1000,0,0,TTAGGG
contig-0007456_End,1000,0,0,TTAGGG
contig-0007457_End,1000,0,1,TTAGGG
contig-0007458_End,1000,0,0,TTAGGG
contig-0007459_End,1000,0,0,TTAGGG
contig-0007460_End,1000,0,0,TTAGGG
contig-0007461_End,1000,0,0,TTAGGG
contig-0007462_End,1000,0,0,TTAGGG
contig-0007463_End,1000,0,0,TTAGGG
contig-0007464_End,1000,0,0,TTAGGG
contig-0007465_End,1000,0,0,TTAGGG
contig-0007466_End,1000,0,0,TTAGGG
contig-0007467_End,1000,0,0,TTAGGG
contig-0007468_End,1000,0,0,TTAGGG
contig-0007469_End,1000,0,0,TTAGGG
contig-0007470_End,1000,0,0,TTAGGG
contig-0007471_End,1000,0,0,TTAGGG
contig-0007472_End,1000,0,0,TTAGGG
contig-0007473_End,1000,0,0,TTAGGG
contig-0007474_End,1000,0,0,TTAGGG
contig-0007475_End,1000,0,0,TTAGGG
contig-0007476_End,1000,0,0,TTAGGG
contig-0007477_End,1000,0,0,TTAGGG
contig-0007478_End,1000,0,0,TTAGGG
contig-0007479_End,1000,0,0,TTAGGG
contig-0007480_End,1000,0,0,TTAGGG
contig-0007481_End,1000,0,0,TTAGGG
contig-0007482_End,1000,0,0,TTAGGG
contig-0007483_End,1000,0,0,TTAGGG
contig-0007484_End,1000,0,0,TTAGGG
contig-0007485_End,1000,0,0,TTAGGG
contig-0007486_End,1000,0,0,TTAGGG
contig-0007487_End,1000,0,0,TTAGGG
contig-0007488_End,1000,1,0,TTAGGG
contig-0007489_End,1000,0,0,TTAGGG
contig-0007490_End,1000,0,0,TTAGGG
contig-0007491_End,1000,1,0,TTAGGG
contig-0007492_End,1000,0,0,TTAGGG
contig-0007493_End,1000,0,0,TTAGGG
contig-0007494_End,1000,0,0,TTAGGG
contig-0007495_End,1000,0,0,TTAGGG
contig-0007496_End,1000,0,1,TTAGGG
contig-0007497_End,1000,0,0,TTAGGG
contig-0007498_End,1000,0,0,TTAGGG
contig-0007499_End,1000,0,0,TTAGGG
contig-0007500_End,1000,0,0,TTAGGG
contig-0007501_End,1000,0,2,TTAGGG
contig-0007502_End,1000,0,0,TTAGGG
contig-0007503_End,1000,1,0,TTAGGG
contig-0007504_End,1000,1,0,TTAGGG
contig-0007505_End,1000,0,0,TTAGGG
contig-0007506_End,1000,0,0,TTAGGG
contig-0007507_End,1000,0,0,TTAGGG
contig-0007508_End,1000,1,0,TTAGGG
contig-0007509_End,1000,0,1,TTAGGG
contig-0007510_End,1000,0,0,TTAGGG
contig-0007511_End,1000,0,0,TTAGGG
contig-0007512_End,1000,0,0,TTAGGG
contig-0007513_End,1000,0,0,TTAGGG
contig-0007514_End,1000,0,0,TTAGGG
contig-0007515_End,1000,1,0,TTAGGG
contig-0007516_End,1000,0,0,TTAGGG
contig-0007517_End,1000,0,1,TTAGGG
contig-0007518_End,1000,0,0,TTAGGG
contig-0007519_End,1000,0,0,TTAGGG
contig-0007520_End,1000,1,0,TTAGGG
contig-0007521_End,1000,0,0,TTAGGG
contig-0007522_End,1000,0,0,TTAGGG
contig-0007523_End,1000,0,0,TTAGGG
contig-0007524_End,1000,0,0,TTAGGG
contig-0007525_End,1000,0,1,TTAGGG
contig-0007526_End,1000,1,0,TTAGGG
contig-0007527_End,1000,0,0,TTAGGG
contig-0007528_End,1000,0,0,TTAGGG
contig-0007529_End,1000,0,0,TTAGGG
contig-0007530_End,1000,0,0,TTAGGG
contig-0007531_End,1000,0,0,TTAGGG
contig-0007532_End,1000,1,0,TTAGGG
contig-0007533_End,1000,0,0,TTAGGG
contig-0007534_End,1000,0,0,TTAGGG
contig-0007535_End,1000,0,0,TTAGGG
contig-0007536_End,1000,0,0,TTAGGG
contig-0007537_End,1000,0,1,TTAGGG
contig-0007538_End,1000,0,1,TTAGGG
contig-0007539_End,1000,0,0,TTAGGG
contig-0007540_End,1000,0,1,TTAGGG
contig-0007541_End,1000,0,1,TTAGGG
contig-0007542_End,1000,0,0,TTAGGG
contig-0007543_End,1000,0,0,TTAGGG
contig-0007544_End,1000,0,0,TTAGGG
contig-0007545_End,1000,2,0,TTAGGG
contig-0007546_End,1000,0,0,TTAGGG
contig-0007547_End,1000,0,0,TTAGGG
contig-0007548_End,1000,0,0,TTAGGG
contig-0007549_End,1000,0,0,TTAGGG
contig-0007550_End,1000,0,1,TTAGGG
contig-0007551_End,1000,0,0,TTAGGG
contig-0007552_End,1000,0,0,TTAGGG
contig-0007553_End,1000,0,0,TTAGGG
contig-0007554_End,1000,0,0,TTAGGG
contig-0007555_End,1000,0,0,TTAGGG
contig-0007556_End,1000,1,0,TTAGGG
contig-0007557_End,1000,0,0,TTAGGG
contig-0007558_End,1000,0,0,TTAGGG
contig-0007559_End,1000,1,0,TTAGGG
contig-0007560_End,1000,0,0,TTAGGG
contig-0007561_End,1000,0,0,TTAGGG
contig-0007562_End,1000,0,0,TTAGGG
contig-0007563_End,1000,0,0,TTAGGG
contig-0007564_End,1000,0,1,TTAGGG
contig-0007565_End,1000,0,0,TTAGGG
contig-0007566_End,1000,1,0,TTAGGG
contig-0007567_End,1000,0,1,TTAGGG
contig-0007568_End,1000,0,0,TTAGGG
contig-0007569_End,1000,0,0,TTAGGG
contig-0007570_End,1000,0,0,TTAGGG
contig-0007571_End,1000,0,0,TTAGGG
contig-0007572_End,1000,0,0,TTAGGG
contig-0007573_End,1000,0,0,TTAGGG
contig-0007574_End,1000,0,0,TTAGGG
contig-0007575_End,1000,0,0,TTAGGG
contig-0007576_End,1000,0,0,TTAGGG
contig-0007577_End,1000,0,0,TTAGGG
contig-0007578_End,1000,0,0,TTAGGG
contig-0007579_End,1000,0,0,TTAGGG
contig-0007580_End,1000,0,0,TTAGGG
contig-0007581_End,1000,0,0,TTAGGG
contig-0007582_End,1000,0,0,TTAGGG
contig-0007583_End,1000,0,0,TTAGGG
contig-0007584_End,1000,0,0,TTAGGG
contig-0007585_End,1000,0,0,TTAGGG
contig-0007586_End,1000,0,0,TTAGGG
contig-0007587_End,1000,0,0,TTAGGG
contig-0007588_End,1000,0,0,TTAGGG
contig-0007589_End,1000,0,0,TTAGGG
contig-0007590_End,1000,1,0,TTAGGG
contig-0007591_End,1000,0,1,TTAGGG
contig-0007592_End,1000,1,2,TTAGGG
contig-0007593_End,1000,0,0,TTAGGG
contig-0007594_End,1000,1,0,TTAGGG
contig-0007595_End,1000,0,1,TTAGGG
contig-0007596_End,1000,0,0,TTAGGG
contig-0007597_End,1000,0,0,TTAGGG
contig-0007598_End,1000,1,0,TTAGGG
contig-0007599_End,1000,0,0,TTAGGG
contig-0007601_End,1000,0,0,TTAGGG
contig-0007602_End,1000,0,0,TTAGGG
contig-0007603_End,1000,0,0,TTAGGG
contig-0007604_End,1000,0,0,TTAGGG
contig-0007605_End,1000,0,0,TTAGGG
contig-0007606_End,1000,1,0,TTAGGG
contig-0007607_End,1000,0,0,TTAGGG
contig-0007608_End,1000,0,0,TTAGGG
contig-0007609_End,1000,0,0,TTAGGG
contig-0007610_End,1000,0,0,TTAGGG
contig-0007611_End,1000,0,0,TTAGGG
contig-0007612_End,1000,0,0,TTAGGG
contig-0007613_End,1000,0,0,TTAGGG
contig-0007614_End,1000,0,0,TTAGGG
contig-0007615_End,1000,0,0,TTAGGG
contig-0007616_End,1000,0,0,TTAGGG
contig-0007617_End,1000,1,0,TTAGGG
contig-0007618_End,1000,0,1,TTAGGG
contig-0007619_End,1000,0,0,TTAGGG
contig-0007620_End,1000,1,0,TTAGGG
contig-0007621_End,1000,0,0,TTAGGG
contig-0007622_End,1000,0,1,TTAGGG
contig-0007623_End,1000,0,0,TTAGGG
contig-0007624_End,1000,0,0,TTAGGG
contig-0007625_End,1000,0,0,TTAGGG
contig-0007626_End,1000,0,0,TTAGGG
contig-0007627_End,1000,0,0,TTAGGG
contig-0007628_End,1000,0,0,TTAGGG
contig-0007629_End,1000,0,1,TTAGGG
contig-0007630_End,1000,0,0,TTAGGG
contig-0007631_End,1000,0,0,TTAGGG
contig-0007632_End,1000,0,0,TTAGGG
contig-0007633_End,1000,0,0,TTAGGG
contig-0007634_End,1000,0,1,TTAGGG
contig-0007635_End,1000,2,0,TTAGGG
contig-0007636_End,1000,0,0,TTAGGG
contig-0007637_End,1000,0,0,TTAGGG
contig-0007638_End,1000,1,0,TTAGGG
contig-0007639_End,1000,0,0,TTAGGG
contig-0007640_End,1000,0,1,TTAGGG
contig-0007641_End,1000,0,0,TTAGGG
contig-0007642_End,1000,0,1,TTAGGG
contig-0007643_End,1000,0,2,TTAGGG
contig-0007644_End,1000,0,0,TTAGGG
contig-0007645_End,1000,0,0,TTAGGG
contig-0007646_End,1000,0,0,TTAGGG
contig-0007647_End,1000,0,0,TTAGGG
contig-0007648_End,1000,0,0,TTAGGG
contig-0007649_End,1000,0,0,TTAGGG
contig-0007650_End,1000,0,0,TTAGGG
contig-0007651_End,1000,1,1,TTAGGG
contig-0007652_End,1000,0,0,TTAGGG
contig-0007653_End,1000,0,0,TTAGGG
contig-0007654_End,1000,0,0,TTAGGG
contig-0007655_End,1000,0,0,TTAGGG
contig-0007656_End,1000,0,0,TTAGGG
contig-0007657_End,1000,0,0,TTAGGG
contig-0007658_End,1000,0,0,TTAGGG
contig-0007659_End,1000,0,0,TTAGGG
contig-0007660_End,1000,1,0,TTAGGG
contig-0007661_End,1000,0,0,TTAGGG
contig-0007662_End,1000,0,0,TTAGGG
contig-0007663_End,1000,0,0,TTAGGG
contig-0007664_End,1000,0,2,TTAGGG
contig-0007665_End,1000,0,0,TTAGGG
contig-0007666_End,1000,0,0,TTAGGG
contig-0007667_End,1000,0,0,TTAGGG
contig-0007668_End,1000,0,0,TTAGGG
contig-0007669_End,1000,0,0,TTAGGG
contig-0007670_End,1000,0,0,TTAGGG
contig-0007671_End,1000,0,0,TTAGGG
contig-0007672_End,1000,1,0,TTAGGG
contig-0007673_End,1000,0,1,TTAGGG
contig-0007674_End,1000,0,0,TTAGGG
contig-0007675_End,1000,0,0,TTAGGG
contig-0007676_End,1000,0,1,TTAGGG
contig-0007677_End,1000,0,1,TTAGGG
contig-0007678_End,1000,0,0,TTAGGG
contig-0007679_End,1000,0,1,TTAGGG
contig-0007682_End,1000,0,0,TTAGGG
contig-0007683_End,1000,0,1,TTAGGG
contig-0007684_End,1000,0,1,TTAGGG
contig-0007685_End,1000,0,0,TTAGGG
contig-0007686_End,1000,0,0,TTAGGG
contig-0007687_End,1000,0,0,TTAGGG
contig-0007688_End,1000,0,0,TTAGGG
contig-0007689_End,1000,0,1,TTAGGG
contig-0007690_End,1000,0,0,TTAGGG
contig-0007691_End,1000,1,0,TTAGGG
contig-0007692_End,1000,1,0,TTAGGG
contig-0007693_End,1000,0,1,TTAGGG
contig-0007694_End,1000,0,0,TTAGGG
contig-0007695_End,1000,0,0,TTAGGG
contig-0007696_End,1000,1,0,TTAGGG
contig-0007697_End,1000,0,0,TTAGGG
contig-0007698_End,1000,0,0,TTAGGG
contig-0007699_End,1000,0,0,TTAGGG
contig-0007700_End,1000,0,0,TTAGGG
contig-0007701_End,1000,0,0,TTAGGG
contig-0007702_End,1000,0,0,TTAGGG
contig-0007703_End,1000,1,0,TTAGGG
contig-0007704_End,1000,0,0,TTAGGG
contig-0007705_End,1000,0,1,TTAGGG
contig-0007706_End,1000,0,0,TTAGGG
contig-0007707_End,1000,0,0,TTAGGG
contig-0007708_End,1000,0,1,TTAGGG
contig-0007709_End,1000,0,0,TTAGGG
contig-0007710_End,1000,0,0,TTAGGG
contig-0007712_End,1000,0,2,TTAGGG
contig-0007713_End,1000,1,1,TTAGGG
contig-0007714_End,1000,0,0,TTAGGG
contig-0007715_End,1000,0,1,TTAGGG
contig-0007716_End,1000,0,0,TTAGGG
contig-0007717_End,1000,0,0,TTAGGG
contig-0007718_End,1000,1,0,TTAGGG
contig-0007719_End,1000,1,0,TTAGGG
contig-0007720_End,1000,0,0,TTAGGG
contig-0007721_End,1000,0,0,TTAGGG
contig-0007722_End,1000,0,0,TTAGGG
contig-0007723_End,1000,1,0,TTAGGG
contig-0007724_End,1000,1,0,TTAGGG
contig-0007725_End,1000,0,0,TTAGGG
contig-0007726_End,1000,1,0,TTAGGG
contig-0007727_End,1000,1,0,TTAGGG
contig-0007728_End,1000,0,1,TTAGGG
contig-0007729_End,1000,0,0,TTAGGG
contig-0007730_End,1000,0,0,TTAGGG
contig-0007731_End,1000,0,1,TTAGGG
contig-0007732_End,1000,2,0,TTAGGG
contig-0007733_End,1000,0,0,TTAGGG
contig-0007734_End,1000,0,0,TTAGGG
contig-0007735_End,1000,0,0,TTAGGG
contig-0007736_End,1000,0,0,TTAGGG
contig-0007737_End,1000,0,0,TTAGGG
contig-0007738_End,1000,0,0,TTAGGG
contig-0007739_End,1000,0,0,TTAGGG
contig-0007740_End,1000,0,0,TTAGGG
contig-0007741_End,1000,1,0,TTAGGG
contig-0007742_End,1000,0,0,TTAGGG
contig-0007743_End,1000,0,0,TTAGGG
contig-0007744_End,1000,0,0,TTAGGG
contig-0007745_End,1000,0,0,TTAGGG
contig-0007746_End,1000,1,1,TTAGGG
contig-0007747_End,1000,0,0,TTAGGG
contig-0007748_End,1000,1,0,TTAGGG
contig-0007749_End,1000,0,0,TTAGGG
contig-0007750_End,1000,0,0,TTAGGG
contig-0007751_End,1000,0,0,TTAGGG
contig-0007752_End,1000,0,0,TTAGGG
contig-0007753_End,1000,0,0,TTAGGG
contig-0007754_End,1000,0,0,TTAGGG
contig-0007755_End,1000,0,0,TTAGGG
contig-0007756_End,1000,0,0,TTAGGG
contig-0007757_End,1000,0,0,TTAGGG
contig-0007758_End,1000,0,0,TTAGGG
contig-0007759_End,1000,0,0,TTAGGG
contig-0007760_End,1000,0,0,TTAGGG
contig-0007761_End,1000,164,0,TTAGGG
contig-0007762_End,1000,0,0,TTAGGG
contig-0007763_End,1000,1,1,TTAGGG
contig-0007764_End,1000,2,0,TTAGGG
contig-0007765_End,1000,0,0,TTAGGG
contig-0007766_End,1000,0,0,TTAGGG
contig-0007767_End,1000,1,1,TTAGGG
contig-0007768_End,1000,0,1,TTAGGG
contig-0007769_End,1000,0,0,TTAGGG
contig-0007770_End,1000,1,0,TTAGGG
contig-0007771_End,1000,0,0,TTAGGG
contig-0007772_End,1000,0,0,TTAGGG
contig-0007773_End,1000,0,0,TTAGGG
contig-0007774_End,1000,0,0,TTAGGG
contig-0007775_End,1000,1,0,TTAGGG
contig-0007776_End,1000,0,0,TTAGGG
contig-0007777_End,1000,0,0,TTAGGG
contig-0007778_End,1000,0,0,TTAGGG
contig-0007779_End,1000,1,0,TTAGGG
contig-0007780_End,1000,0,0,TTAGGG
contig-0007781_End,1000,1,0,TTAGGG
contig-0007782_End,1000,0,0,TTAGGG
contig-0007784_End,1000,0,0,TTAGGG
contig-0007785_End,1000,0,1,TTAGGG
contig-0007786_End,1000,0,0,TTAGGG
contig-0007787_End,1000,0,0,TTAGGG
contig-0007788_End,1000,0,0,TTAGGG
contig-0007789_End,1000,166,0,TTAGGG
contig-0007790_End,1000,1,0,TTAGGG
contig-0007791_End,1000,1,0,TTAGGG
contig-0007792_End,1000,0,0,TTAGGG
contig-0007793_End,1000,162,0,TTAGGG
contig-0007794_End,1000,0,0,TTAGGG
contig-0007795_End,1000,0,0,TTAGGG
contig-0007796_End,1000,0,0,TTAGGG
contig-0007797_End,1000,0,0,TTAGGG
contig-0007798_End,1000,0,0,TTAGGG
contig-0007799_End,1000,1,0,TTAGGG
contig-0007800_End,1000,164,0,TTAGGG
contig-0007801_End,1000,0,0,TTAGGG
contig-0007802_End,1000,0,0,TTAGGG
contig-0007803_End,1000,0,0,TTAGGG
contig-0007804_End,1000,0,1,TTAGGG
contig-0007805_End,1000,0,1,TTAGGG
contig-0007806_End,1000,1,0,TTAGGG
contig-0007807_End,1000,0,0,TTAGGG
contig-0007808_End,1000,0,0,TTAGGG
contig-0007809_End,1000,0,0,TTAGGG
contig-0007810_End,1000,0,0,TTAGGG
contig-0007811_End,1000,0,0,TTAGGG
contig-0007812_End,1000,0,0,TTAGGG
contig-0007813_End,1000,0,1,TTAGGG
contig-0007814_End,1000,0,0,TTAGGG
contig-0007815_End,1000,0,0,TTAGGG
contig-0007816_End,1000,0,0,TTAGGG
contig-0007817_End,1000,0,0,TTAGGG
contig-0007818_End,1000,0,0,TTAGGG
contig-0007819_End,1000,0,0,TTAGGG
contig-0007820_End,1000,0,0,TTAGGG
contig-0007821_End,1000,0,1,TTAGGG
contig-0007822_End,1000,0,0,TTAGGG
contig-0007823_End,1000,0,0,TTAGGG
contig-0007824_End,1000,0,0,TTAGGG
contig-0007825_End,1000,0,0,TTAGGG
contig-0007826_End,1000,0,0,TTAGGG
contig-0007827_End,1000,0,1,TTAGGG
contig-0007828_End,1000,0,0,TTAGGG
contig-0007829_End,1000,0,0,TTAGGG
contig-0007831_End,1000,0,0,TTAGGG
contig-0007832_End,1000,0,0,TTAGGG
contig-0007833_End,1000,0,0,TTAGGG
contig-0007834_End,1000,0,1,TTAGGG
contig-0007835_End,1000,0,0,TTAGGG
contig-0007836_End,1000,0,0,TTAGGG
contig-0007837_End,1000,1,0,TTAGGG
contig-0007839_End,1000,0,0,TTAGGG
contig-0007840_End,1000,0,0,TTAGGG
contig-0007841_End,1000,0,0,TTAGGG
contig-0007842_End,1000,0,0,TTAGGG
contig-0007843_End,1000,0,0,TTAGGG
contig-0007844_End,1000,0,1,TTAGGG
contig-0007845_End,1000,0,0,TTAGGG
contig-0007846_End,1000,0,0,TTAGGG
contig-0007847_End,1000,0,0,TTAGGG
contig-0007848_End,1000,0,0,TTAGGG
contig-0007849_End,1000,0,0,TTAGGG
contig-0007850_End,1000,1,0,TTAGGG
contig-0007851_End,1000,0,0,TTAGGG
contig-0007852_End,1000,0,1,TTAGGG
contig-0007853_End,1000,0,2,TTAGGG
contig-0007854_End,1000,0,0,TTAGGG
contig-0007855_End,1000,0,0,TTAGGG
contig-0007856_End,1000,0,0,TTAGGG
contig-0007857_End,1000,1,1,TTAGGG
contig-0007858_End,1000,1,0,TTAGGG
contig-0007859_End,1000,0,0,TTAGGG
contig-0007860_End,1000,0,0,TTAGGG
contig-0007861_End,1000,0,0,TTAGGG
contig-0007862_End,1000,0,0,TTAGGG
contig-0007863_End,1000,1,0,TTAGGG
contig-0007864_End,1000,0,0,TTAGGG
contig-0007865_End,1000,0,0,TTAGGG
contig-0007866_End,1000,0,0,TTAGGG
contig-0007867_End,1000,0,0,TTAGGG
contig-0007868_End,1000,0,0,TTAGGG
contig-0007869_End,1000,1,0,TTAGGG
contig-0007870_End,1000,0,0,TTAGGG
contig-0007871_End,1000,0,0,TTAGGG
contig-0007872_End,1000,1,0,TTAGGG
contig-0007873_End,1000,0,0,TTAGGG
contig-0007874_End,1000,1,0,TTAGGG
contig-0007875_End,1000,0,0,TTAGGG
contig-0007876_End,1000,0,0,TTAGGG
contig-0007877_End,1000,0,0,TTAGGG
contig-0007878_End,1000,0,0,TTAGGG
contig-0007879_End,1000,1,0,TTAGGG
contig-0007880_End,1000,0,0,TTAGGG
contig-0007881_End,1000,0,0,TTAGGG
contig-0007882_End,1000,0,0,TTAGGG
contig-0007883_End,1000,0,0,TTAGGG
contig-0007884_End,1000,0,0,TTAGGG
contig-0007885_End,1000,0,1,TTAGGG
contig-0007886_End,1000,0,1,TTAGGG
contig-0007887_End,1000,1,1,TTAGGG
contig-0007888_End,1000,1,0,TTAGGG
contig-0007889_End,1000,0,0,TTAGGG
contig-0007890_End,1000,0,1,TTAGGG
contig-0007891_End,1000,0,1,TTAGGG
contig-0007892_End,1000,0,1,TTAGGG
contig-0007893_End,1000,0,0,TTAGGG
contig-0007894_End,1000,0,0,TTAGGG
contig-0007895_End,1000,0,0,TTAGGG
contig-0007896_End,1000,0,0,TTAGGG
contig-0007897_End,1000,0,0,TTAGGG
contig-0007898_End,1000,0,0,TTAGGG
contig-0007899_End,1000,0,0,TTAGGG
contig-0007900_End,1000,0,0,TTAGGG
contig-0007901_End,1000,0,0,TTAGGG
contig-0007902_End,1000,0,1,TTAGGG
contig-0007903_End,1000,0,0,TTAGGG
contig-0007904_End,1000,0,0,TTAGGG
contig-0007905_End,1000,0,0,TTAGGG
contig-0007906_End,1000,0,1,TTAGGG
contig-0007907_End,1000,0,0,TTAGGG
contig-0007908_End,1000,0,0,TTAGGG
contig-0007909_End,1000,2,0,TTAGGG
contig-0007910_End,1000,0,0,TTAGGG
contig-0007911_End,1000,1,0,TTAGGG
contig-0007912_End,1000,0,0,TTAGGG
contig-0007913_End,1000,0,0,TTAGGG
contig-0007914_End,1000,0,0,TTAGGG
contig-0007915_End,1000,0,0,TTAGGG
contig-0007916_End,1000,0,0,TTAGGG
contig-0007917_End,1000,0,0,TTAGGG
contig-0007918_End,1000,0,0,TTAGGG
contig-0007919_End,1000,0,0,TTAGGG
contig-0007920_End,1000,0,0,TTAGGG
contig-0007921_End,1000,0,0,TTAGGG
contig-0007922_End,1000,0,0,TTAGGG
contig-0007923_End,1000,0,0,TTAGGG
contig-0007924_End,1000,0,2,TTAGGG
contig-0007925_End,1000,0,0,TTAGGG
contig-0007927_End,1000,0,1,TTAGGG
contig-0007928_End,1000,0,0,TTAGGG
contig-0007929_End,1000,1,0,TTAGGG
contig-0007930_End,1000,0,0,TTAGGG
contig-0007931_End,1000,0,1,TTAGGG
contig-0007932_End,1000,2,0,TTAGGG
contig-0007934_End,1000,0,0,TTAGGG
contig-0007935_End,1000,1,1,TTAGGG
contig-0007936_End,1000,0,0,TTAGGG
contig-0007937_End,1000,0,0,TTAGGG
contig-0007938_End,1000,0,0,TTAGGG
contig-0007939_End,1000,0,0,TTAGGG
contig-0007940_End,1000,0,0,TTAGGG
contig-0007941_End,1000,0,0,TTAGGG
contig-0007942_End,1000,0,0,TTAGGG
contig-0007943_End,1000,0,0,TTAGGG
contig-0007944_End,1000,0,0,TTAGGG
contig-0007945_End,1000,0,0,TTAGGG
contig-0007946_End,1000,0,0,TTAGGG
contig-0007947_End,1000,1,0,TTAGGG
contig-0007948_End,1000,0,1,TTAGGG
contig-0007949_End,1000,0,0,TTAGGG
contig-0007950_End,1000,0,0,TTAGGG
contig-0007951_End,1000,0,0,TTAGGG
contig-0007952_End,1000,0,0,TTAGGG
contig-0007953_End,1000,0,0,TTAGGG
contig-0007954_End,1000,0,0,TTAGGG
contig-0007955_End,1000,0,1,TTAGGG
contig-0007956_End,1000,0,0,TTAGGG
contig-0007957_End,1000,0,0,TTAGGG
contig-0007958_End,1000,0,0,TTAGGG
contig-0007959_End,1000,0,0,TTAGGG
contig-0007960_End,1000,0,1,TTAGGG
contig-0007961_End,1000,0,0,TTAGGG
contig-0007962_End,1000,1,0,TTAGGG
contig-0007963_End,1000,0,0,TTAGGG
contig-0007964_End,1000,0,0,TTAGGG
contig-0007965_End,1000,0,0,TTAGGG
contig-0007966_End,1000,0,0,TTAGGG
contig-0007967_End,1000,0,0,TTAGGG
contig-0007968_End,1000,1,0,TTAGGG
contig-0007969_End,1000,0,0,TTAGGG
contig-0007970_End,1000,0,1,TTAGGG
contig-0007971_End,1000,0,0,TTAGGG
contig-0007972_End,1000,1,0,TTAGGG
contig-0007973_End,1000,0,1,TTAGGG
contig-0007974_End,1000,1,0,TTAGGG
contig-0007975_End,1000,0,0,TTAGGG
contig-0007976_End,1000,1,0,TTAGGG
contig-0007977_End,1000,0,0,TTAGGG
contig-0007978_End,1000,0,0,TTAGGG
contig-0007979_End,1000,0,0,TTAGGG
contig-0007980_End,1000,2,0,TTAGGG
contig-0007981_End,1000,0,1,TTAGGG
contig-0007982_End,1000,0,0,TTAGGG
contig-0007983_End,1000,0,0,TTAGGG
contig-0007984_End,1000,0,0,TTAGGG
contig-0007985_End,1000,0,0,TTAGGG
contig-0007986_End,1000,0,0,TTAGGG
contig-0007987_End,1000,0,0,TTAGGG
contig-0007988_End,1000,0,1,TTAGGG
contig-0007989_End,1000,0,0,TTAGGG
contig-0007990_End,1000,0,0,TTAGGG
contig-0007991_End,1000,1,0,TTAGGG
contig-0007992_End,1000,0,0,TTAGGG
contig-0007993_End,1000,0,0,TTAGGG
contig-0007994_End,1000,0,0,TTAGGG
contig-0007995_End,1000,0,0,TTAGGG
contig-0007996_End,1000,0,0,TTAGGG
contig-0007997_End,1000,0,0,TTAGGG
contig-0007998_End,1000,0,0,TTAGGG
contig-0007999_End,1000,0,0,TTAGGG
contig-0008000_End,1000,0,0,TTAGGG
contig-0008001_End,1000,0,1,TTAGGG
contig-0008002_End,1000,0,0,TTAGGG
contig-0008003_End,1000,0,0,TTAGGG
contig-0008004_End,1000,0,0,TTAGGG
contig-0008005_End,1000,0,0,TTAGGG
contig-0008006_End,1000,0,0,TTAGGG
contig-0008007_End,1000,1,0,TTAGGG
contig-0008008_End,1000,0,0,TTAGGG
contig-0008009_End,1000,0,0,TTAGGG
contig-0008010_End,1000,0,0,TTAGGG
contig-0008011_End,1000,0,0,TTAGGG
contig-0008012_End,1000,0,0,TTAGGG
contig-0008013_End,1000,0,1,TTAGGG
contig-0008014_End,1000,0,0,TTAGGG
contig-0008015_End,1000,0,0,TTAGGG
contig-0008016_End,1000,0,1,TTAGGG
contig-0008017_End,1000,1,0,TTAGGG
contig-0008018_End,1000,1,0,TTAGGG
contig-0008019_End,1000,0,0,TTAGGG
contig-0008020_End,1000,0,0,TTAGGG
contig-0008021_End,1000,0,0,TTAGGG
contig-0008022_End,1000,0,0,TTAGGG
contig-0008023_End,1000,0,0,TTAGGG
contig-0008024_End,1000,0,0,TTAGGG
contig-0008025_End,1000,0,0,TTAGGG
contig-0008026_End,1000,0,0,TTAGGG
contig-0008027_End,1000,0,0,TTAGGG
contig-0008028_End,1000,0,0,TTAGGG
contig-0008029_End,1000,0,1,TTAGGG
contig-0008030_End,1000,0,0,TTAGGG
contig-0008031_End,1000,0,0,TTAGGG
contig-0008032_End,1000,0,0,TTAGGG
contig-0008033_End,1000,0,0,TTAGGG
contig-0008034_End,1000,0,0,TTAGGG
contig-0008036_End,1000,1,0,TTAGGG
contig-0008037_End,1000,0,0,TTAGGG
contig-0008038_End,1000,0,0,TTAGGG
contig-0008039_End,1000,0,1,TTAGGG
contig-0008040_End,1000,1,0,TTAGGG
contig-0008041_End,1000,0,0,TTAGGG
contig-0008042_End,1000,1,0,TTAGGG
contig-0008043_End,1000,0,0,TTAGGG
contig-0008044_End,1000,1,0,TTAGGG
contig-0008045_End,1000,0,0,TTAGGG
contig-0008046_End,1000,1,1,TTAGGG
contig-0008047_End,1000,0,0,TTAGGG
contig-0008048_End,1000,0,0,TTAGGG
contig-0008049_End,1000,0,0,TTAGGG
contig-0008050_End,1000,0,0,TTAGGG
contig-0008051_End,1000,0,0,TTAGGG
contig-0008052_End,1000,0,0,TTAGGG
contig-0008053_End,1000,0,0,TTAGGG
contig-0008054_End,1000,0,1,TTAGGG
contig-0008055_End,1000,0,1,TTAGGG
contig-0008056_End,1000,0,0,TTAGGG
contig-0008057_End,1000,0,0,TTAGGG
contig-0008058_End,1000,1,0,TTAGGG
contig-0008059_End,1000,1,0,TTAGGG
contig-0008060_End,1000,1,0,TTAGGG
contig-0008061_End,1000,0,0,TTAGGG
contig-0008062_End,1000,0,0,TTAGGG
contig-0008063_End,1000,0,0,TTAGGG
contig-0008064_End,1000,0,0,TTAGGG
contig-0008065_End,1000,0,0,TTAGGG
contig-0008066_End,1000,0,0,TTAGGG
contig-0008067_End,1000,0,0,TTAGGG
contig-0008068_End,1000,0,0,TTAGGG
contig-0008069_End,1000,0,0,TTAGGG
contig-0008070_End,1000,0,0,TTAGGG
contig-0008071_End,1000,0,0,TTAGGG
contig-0008072_End,1000,160,0,TTAGGG
contig-0008073_End,1000,0,0,TTAGGG
contig-0008074_End,1000,0,0,TTAGGG
contig-0008075_End,1000,0,0,TTAGGG
contig-0008077_End,1000,0,1,TTAGGG
contig-0008079_End,1000,0,1,TTAGGG
contig-0008080_End,1000,0,0,TTAGGG
contig-0008081_End,1000,0,1,TTAGGG
contig-0008082_End,1000,164,0,TTAGGG
contig-0008084_End,1000,0,1,TTAGGG
contig-0008085_End,1000,1,0,TTAGGG
contig-0008086_End,1000,0,1,TTAGGG
contig-0008087_End,1000,1,0,TTAGGG
contig-0008088_End,1000,0,0,TTAGGG
contig-0008090_End,1000,0,3,TTAGGG
contig-0008091_End,1000,0,1,TTAGGG
contig-0008092_End,1000,0,0,TTAGGG
contig-0008093_End,1000,0,0,TTAGGG
contig-0008094_End,1000,0,1,TTAGGG
contig-0008095_End,1000,0,0,TTAGGG
contig-0008096_End,1000,0,0,TTAGGG
contig-0008097_End,1000,0,0,TTAGGG
contig-0008098_End,1000,2,0,TTAGGG
contig-0008099_End,1000,0,0,TTAGGG
contig-0008100_End,1000,0,0,TTAGGG
contig-0008101_End,1000,1,0,TTAGGG
contig-0008102_End,1000,1,0,TTAGGG
contig-0008103_End,1000,1,0,TTAGGG
contig-0008104_End,1000,1,0,TTAGGG
contig-0008105_End,1000,0,0,TTAGGG
contig-0008106_End,1000,0,0,TTAGGG
contig-0008107_End,1000,0,0,TTAGGG
contig-0008108_End,1000,0,0,TTAGGG
contig-0008109_End,1000,0,1,TTAGGG
contig-0008110_End,1000,0,0,TTAGGG
contig-0008111_End,1000,0,0,TTAGGG
contig-0008112_End,1000,0,0,TTAGGG
contig-0008113_End,1000,0,0,TTAGGG
contig-0008114_End,1000,0,0,TTAGGG
contig-0008115_End,1000,0,0,TTAGGG
contig-0008116_End,1000,0,0,TTAGGG
contig-0008117_End,1000,0,0,TTAGGG
contig-0008118_End,1000,0,0,TTAGGG
contig-0008119_End,1000,0,0,TTAGGG
contig-0008120_End,1000,0,0,TTAGGG
contig-0008121_End,1000,0,0,TTAGGG
contig-0008122_End,1000,0,1,TTAGGG
contig-0008123_End,1000,0,0,TTAGGG
contig-0008124_End,1000,0,0,TTAGGG
contig-0008125_End,1000,1,0,TTAGGG
contig-0008126_End,1000,0,1,TTAGGG
contig-0008127_End,1000,0,0,TTAGGG
contig-0008128_End,1000,1,1,TTAGGG
contig-0008129_End,1000,1,0,TTAGGG
contig-0008130_End,1000,0,0,TTAGGG
contig-0008131_End,1000,0,0,TTAGGG
contig-0008132_End,1000,0,0,TTAGGG
contig-0008133_End,1000,0,0,TTAGGG
contig-0008134_End,1000,0,0,TTAGGG
contig-0008135_End,1000,0,0,TTAGGG
contig-0008136_End,1000,0,0,TTAGGG
contig-0008137_End,1000,2,0,TTAGGG
contig-0008138_End,1000,0,0,TTAGGG
contig-0008139_End,1000,1,0,TTAGGG
contig-0008140_End,1000,0,0,TTAGGG
contig-0008141_End,1000,0,0,TTAGGG
contig-0008142_End,1000,0,0,TTAGGG
contig-0008143_End,1000,0,0,TTAGGG
contig-0008144_End,1000,0,0,TTAGGG
contig-0008145_End,1000,0,0,TTAGGG
contig-0008146_End,1000,0,0,TTAGGG
contig-0008147_End,1000,0,0,TTAGGG
contig-0008148_End,1000,0,0,TTAGGG
contig-0008149_End,1000,2,0,TTAGGG
contig-0008150_End,1000,0,0,TTAGGG
contig-0008151_End,1000,0,0,TTAGGG
contig-0008152_End,1000,1,0,TTAGGG
contig-0008153_End,1000,0,0,TTAGGG
contig-0008155_End,1000,0,0,TTAGGG
contig-0008156_End,1000,0,0,TTAGGG
contig-0008157_End,1000,0,0,TTAGGG
contig-0008158_End,1000,0,0,TTAGGG
contig-0008159_End,1000,0,0,TTAGGG
contig-0008160_End,1000,0,0,TTAGGG
contig-0008161_End,1000,0,0,TTAGGG
contig-0008162_End,1000,0,1,TTAGGG
contig-0008163_End,1000,0,0,TTAGGG
contig-0008164_End,1000,0,0,TTAGGG
contig-0008165_End,1000,0,0,TTAGGG
contig-0008166_End,1000,0,0,TTAGGG
contig-0008167_End,1000,165,0,TTAGGG
contig-0008168_End,1000,166,0,TTAGGG
contig-0008169_End,1000,166,0,TTAGGG
contig-0008170_End,1000,0,0,TTAGGG
contig-0008171_End,1000,0,0,TTAGGG
contig-0008172_End,1000,1,0,TTAGGG
contig-0008173_End,1000,0,0,TTAGGG
contig-0008174_End,1000,1,0,TTAGGG
contig-0008175_End,1000,0,1,TTAGGG
contig-0008176_End,1000,0,1,TTAGGG
contig-0008177_End,1000,0,0,TTAGGG
contig-0008178_End,1000,0,0,TTAGGG
contig-0008179_End,1000,0,0,TTAGGG
contig-0008180_End,1000,0,1,TTAGGG
contig-0008181_End,1000,0,0,TTAGGG
contig-0008182_End,1000,0,0,TTAGGG
contig-0008183_End,1000,0,4,TTAGGG
contig-0008184_End,1000,1,0,TTAGGG
contig-0008185_End,1000,1,0,TTAGGG
contig-0008186_End,1000,0,1,TTAGGG
contig-0008187_End,1000,1,1,TTAGGG
contig-0008188_End,1000,0,0,TTAGGG
contig-0008189_End,1000,0,0,TTAGGG
contig-0008190_End,1000,0,0,TTAGGG
contig-0008191_End,1000,1,0,TTAGGG
contig-0008192_End,1000,1,0,TTAGGG
contig-0008193_End,1000,0,0,TTAGGG
contig-0008194_End,1000,0,0,TTAGGG
contig-0008195_End,1000,0,0,TTAGGG
contig-0008196_End,1000,0,0,TTAGGG
contig-0008197_End,1000,2,0,TTAGGG
contig-0008199_End,1000,0,1,TTAGGG
contig-0008200_End,1000,1,0,TTAGGG
contig-0008201_End,1000,0,1,TTAGGG
contig-0008202_End,1000,0,0,TTAGGG
contig-0008203_End,1000,0,0,TTAGGG
contig-0008204_End,1000,0,0,TTAGGG
contig-0008205_End,1000,0,0,TTAGGG
contig-0008206_End,1000,0,0,TTAGGG
contig-0008207_End,1000,0,0,TTAGGG
contig-0008208_End,1000,0,0,TTAGGG
contig-0008209_End,1000,0,0,TTAGGG
contig-0008210_End,1000,1,0,TTAGGG
contig-0008211_End,1000,0,1,TTAGGG
contig-0008212_End,1000,0,0,TTAGGG
contig-0008213_End,1000,0,0,TTAGGG
contig-0008214_End,1000,0,0,TTAGGG
contig-0008215_End,1000,0,0,TTAGGG
contig-0008216_End,1000,1,0,TTAGGG
contig-0008217_End,1000,0,0,TTAGGG
contig-0008218_End,1000,0,0,TTAGGG
contig-0008219_End,1000,0,0,TTAGGG
contig-0008220_End,1000,0,0,TTAGGG
contig-0008221_End,1000,0,0,TTAGGG
contig-0008222_End,1000,0,0,TTAGGG
contig-0008223_End,1000,0,0,TTAGGG
contig-0008224_End,1000,0,0,TTAGGG
contig-0008225_End,1000,0,0,TTAGGG
contig-0008226_End,1000,0,0,TTAGGG
contig-0008227_End,1000,1,0,TTAGGG
contig-0008228_End,1000,0,0,TTAGGG
contig-0008229_End,1000,1,0,TTAGGG
contig-0008230_End,1000,0,0,TTAGGG
contig-0008231_End,1000,0,0,TTAGGG
contig-0008232_End,1000,0,0,TTAGGG
contig-0008233_End,1000,0,1,TTAGGG
contig-0008234_End,1000,1,0,TTAGGG
contig-0008235_End,1000,2,0,TTAGGG
contig-0008236_End,1000,0,0,TTAGGG
contig-0008237_End,1000,0,0,TTAGGG
contig-0008238_End,1000,0,0,TTAGGG
contig-0008239_End,1000,0,0,TTAGGG
contig-0008240_End,1000,0,0,TTAGGG
contig-0008241_End,1000,1,0,TTAGGG
contig-0008242_End,1000,0,0,TTAGGG
contig-0008243_End,1000,0,1,TTAGGG
contig-0008244_End,1000,1,0,TTAGGG
contig-0008245_End,1000,0,0,TTAGGG
contig-0008246_End,1000,0,0,TTAGGG
contig-0008247_End,1000,0,0,TTAGGG
contig-0008248_End,1000,0,0,TTAGGG
contig-0008249_End,1000,0,0,TTAGGG
contig-0008250_End,1000,0,0,TTAGGG
contig-0008251_End,1000,0,0,TTAGGG
contig-0008252_End,1000,0,0,TTAGGG
contig-0008253_End,1000,0,0,TTAGGG
contig-0008254_End,1000,0,0,TTAGGG
contig-0008255_End,1000,1,1,TTAGGG
contig-0008256_End,1000,0,0,TTAGGG
contig-0008257_End,1000,1,1,TTAGGG
contig-0008258_End,1000,2,1,TTAGGG
contig-0008259_End,1000,0,0,TTAGGG
contig-0008260_End,1000,0,0,TTAGGG
contig-0008261_End,1000,0,0,TTAGGG
contig-0008262_End,1000,0,0,TTAGGG
contig-0008263_End,1000,0,0,TTAGGG
contig-0008264_End,1000,0,0,TTAGGG
contig-0008265_End,1000,0,0,TTAGGG
contig-0008266_End,1000,1,0,TTAGGG
contig-0008267_End,1000,0,0,TTAGGG
contig-0008268_End,1000,0,0,TTAGGG
contig-0008269_End,1000,0,0,TTAGGG
contig-0008270_End,1000,0,0,TTAGGG
contig-0008271_End,1000,1,0,TTAGGG
contig-0008272_End,1000,0,1,TTAGGG
contig-0008273_End,1000,1,0,TTAGGG
contig-0008274_End,1000,0,0,TTAGGG
contig-0008275_End,1000,0,1,TTAGGG
contig-0008276_End,1000,0,0,TTAGGG
contig-0008277_End,1000,0,0,TTAGGG
contig-0008278_End,1000,0,0,TTAGGG
contig-0008279_End,1000,0,0,TTAGGG
contig-0008280_End,1000,0,0,TTAGGG
contig-0008281_End,1000,0,1,TTAGGG
contig-0008282_End,1000,1,0,TTAGGG
contig-0008283_End,1000,1,0,TTAGGG
contig-0008284_End,1000,0,0,TTAGGG
contig-0008285_End,1000,1,0,TTAGGG
contig-0008286_End,1000,0,1,TTAGGG
contig-0008287_End,1000,0,0,TTAGGG
contig-0008288_End,1000,2,1,TTAGGG
contig-0008289_End,1000,0,0,TTAGGG
contig-0008290_End,1000,0,0,TTAGGG
contig-0008291_End,1000,0,0,TTAGGG
contig-0008292_End,1000,166,0,TTAGGG
contig-0008293_End,1000,0,0,TTAGGG
contig-0008295_End,1000,0,0,TTAGGG
contig-0008296_End,1000,0,0,TTAGGG
contig-0008297_End,1000,0,0,TTAGGG
contig-0008298_End,1000,0,0,TTAGGG
contig-0008299_End,1000,0,0,TTAGGG
contig-0008300_End,1000,1,0,TTAGGG
contig-0008301_End,1000,1,0,TTAGGG
contig-0008302_End,1000,1,0,TTAGGG
contig-0008303_End,1000,0,1,TTAGGG
contig-0008304_End,1000,0,0,TTAGGG
contig-0008305_End,1000,0,0,TTAGGG
contig-0008306_End,1000,0,0,TTAGGG
contig-0008307_End,1000,0,0,TTAGGG
contig-0008308_End,1000,0,1,TTAGGG
contig-0008309_End,1000,1,0,TTAGGG
contig-0008310_End,1000,0,0,TTAGGG
contig-0008311_End,1000,0,0,TTAGGG
contig-0008312_End,1000,1,0,TTAGGG
contig-0008313_End,1000,0,0,TTAGGG
contig-0008314_End,1000,0,0,TTAGGG
contig-0008315_End,1000,0,0,TTAGGG
contig-0008316_End,1000,0,0,TTAGGG
contig-0008317_End,1000,0,0,TTAGGG
contig-0008318_End,1000,0,0,TTAGGG
contig-0008319_End,1000,1,0,TTAGGG
contig-0008320_End,1000,0,1,TTAGGG
contig-0008321_End,1000,0,0,TTAGGG
contig-0008322_End,1000,0,0,TTAGGG
contig-0008323_End,1000,0,0,TTAGGG
contig-0008324_End,1000,0,0,TTAGGG
contig-0008325_End,1000,0,0,TTAGGG
contig-0008326_End,1000,0,0,TTAGGG
contig-0008327_End,1000,0,0,TTAGGG
contig-0008328_End,1000,0,0,TTAGGG
contig-0008329_End,1000,0,0,TTAGGG
contig-0008330_End,1000,0,0,TTAGGG
contig-0008331_End,1000,0,0,TTAGGG
contig-0008332_End,1000,0,0,TTAGGG
contig-0008333_End,1000,0,1,TTAGGG
contig-0008335_End,1000,0,0,TTAGGG
contig-0008336_End,1000,0,0,TTAGGG
contig-0008337_End,1000,0,0,TTAGGG
contig-0008338_End,1000,0,0,TTAGGG
contig-0008339_End,1000,0,0,TTAGGG
contig-0008340_End,1000,0,0,TTAGGG
contig-0008341_End,1000,0,0,TTAGGG
contig-0008343_End,1000,1,0,TTAGGG
contig-0008344_End,1000,0,0,TTAGGG
contig-0008345_End,1000,0,0,TTAGGG
contig-0008346_End,1000,0,1,TTAGGG
contig-0008347_End,1000,0,0,TTAGGG
contig-0008348_End,1000,0,0,TTAGGG
contig-0008349_End,1000,0,0,TTAGGG
contig-0008350_End,1000,0,0,TTAGGG
contig-0008351_End,1000,0,1,TTAGGG
contig-0008352_End,1000,0,0,TTAGGG
contig-0008353_End,1000,0,0,TTAGGG
contig-0008354_End,1000,0,0,TTAGGG
contig-0008355_End,1000,0,1,TTAGGG
contig-0008356_End,1000,0,0,TTAGGG
contig-0008357_End,1000,0,1,TTAGGG
contig-0008358_End,1000,0,0,TTAGGG
contig-0008359_End,1000,0,0,TTAGGG
contig-0008360_End,1000,0,0,TTAGGG
contig-0008361_End,1000,1,0,TTAGGG
contig-0008362_End,1000,1,0,TTAGGG
contig-0008363_End,1000,0,0,TTAGGG
contig-0008364_End,1000,0,0,TTAGGG
contig-0008365_End,1000,0,0,TTAGGG
contig-0008366_End,1000,0,0,TTAGGG
contig-0008367_End,1000,0,0,TTAGGG
contig-0008368_End,1000,0,1,TTAGGG
contig-0008369_End,1000,0,0,TTAGGG
contig-0008370_End,1000,0,0,TTAGGG
contig-0008371_End,1000,1,0,TTAGGG
contig-0008372_End,1000,1,0,TTAGGG
contig-0008373_End,1000,0,0,TTAGGG
contig-0008374_End,1000,0,0,TTAGGG
contig-0008375_End,1000,1,0,TTAGGG
contig-0008376_End,1000,0,0,TTAGGG
contig-0008377_End,1000,0,0,TTAGGG
contig-0008378_End,1000,0,1,TTAGGG
contig-0008379_End,1000,0,0,TTAGGG
contig-0008380_End,1000,0,0,TTAGGG
contig-0008381_End,1000,0,0,TTAGGG
contig-0008382_End,1000,0,1,TTAGGG
contig-0008383_End,1000,0,0,TTAGGG
contig-0008384_End,1000,0,0,TTAGGG
contig-0008385_End,1000,0,1,TTAGGG
contig-0008386_End,1000,0,0,TTAGGG
contig-0008387_End,1000,0,0,TTAGGG
contig-0008388_End,1000,0,0,TTAGGG
contig-0008389_End,1000,0,0,TTAGGG
contig-0008390_End,1000,0,1,TTAGGG
contig-0008391_End,1000,0,0,TTAGGG
contig-0008392_End,1000,0,0,TTAGGG
contig-0008393_End,1000,0,0,TTAGGG
contig-0008394_End,1000,0,0,TTAGGG
contig-0008395_End,1000,1,0,TTAGGG
contig-0008396_End,1000,0,0,TTAGGG
contig-0008397_End,1000,0,0,TTAGGG
contig-0008398_End,1000,0,0,TTAGGG
contig-0008399_End,1000,1,0,TTAGGG
contig-0008400_End,1000,0,0,TTAGGG
contig-0008401_End,1000,1,0,TTAGGG
contig-0008402_End,1000,1,1,TTAGGG
contig-0008403_End,1000,0,0,TTAGGG
contig-0008404_End,1000,0,1,TTAGGG
contig-0008405_End,1000,0,0,TTAGGG
contig-0008406_End,1000,0,0,TTAGGG
contig-0008407_End,1000,1,0,TTAGGG
contig-0008408_End,1000,0,0,TTAGGG
contig-0008409_End,1000,0,0,TTAGGG
contig-0008410_End,1000,0,0,TTAGGG
contig-0008411_End,1000,0,0,TTAGGG
contig-0008412_End,1000,0,0,TTAGGG
contig-0008413_End,1000,0,0,TTAGGG
contig-0008414_End,1000,0,0,TTAGGG
contig-0008415_End,1000,0,0,TTAGGG
contig-0008416_End,1000,0,0,TTAGGG
contig-0008417_End,1000,0,0,TTAGGG
contig-0008418_End,1000,0,0,TTAGGG
contig-0008419_End,1000,0,0,TTAGGG
contig-0008420_End,1000,0,0,TTAGGG
contig-0008421_End,1000,0,0,TTAGGG
contig-0008422_End,1000,0,0,TTAGGG
contig-0008423_End,1000,0,1,TTAGGG
contig-0008424_End,1000,0,0,TTAGGG
contig-0008425_End,1000,0,0,TTAGGG
contig-0008426_End,1000,0,0,TTAGGG
contig-0008427_End,1000,0,0,TTAGGG
contig-0008428_End,1000,0,0,TTAGGG
contig-0008429_End,1000,0,1,TTAGGG
contig-0008430_End,1000,0,0,TTAGGG
contig-0008431_End,1000,0,0,TTAGGG
contig-0008432_End,1000,0,0,TTAGGG
contig-0008433_End,1000,0,0,TTAGGG
contig-0008434_End,1000,0,0,TTAGGG
contig-0008435_End,1000,0,1,TTAGGG
contig-0008436_End,1000,0,1,TTAGGG
contig-0008437_End,1000,1,0,TTAGGG
contig-0008438_End,1000,0,0,TTAGGG
contig-0008439_End,1000,0,0,TTAGGG
contig-0008440_End,1000,0,0,TTAGGG
contig-0008441_End,1000,0,0,TTAGGG
contig-0008442_End,1000,0,0,TTAGGG
contig-0008443_End,1000,0,0,TTAGGG
contig-0008444_End,1000,0,0,TTAGGG
contig-0008445_End,1000,0,1,TTAGGG
contig-0008446_End,1000,0,0,TTAGGG
contig-0008447_End,1000,0,0,TTAGGG
contig-0008448_End,1000,0,0,TTAGGG
contig-0008449_End,1000,0,0,TTAGGG
contig-0008450_End,1000,0,0,TTAGGG
contig-0008451_End,1000,1,0,TTAGGG
contig-0008452_End,1000,0,0,TTAGGG
contig-0008453_End,1000,0,0,TTAGGG
contig-0008454_End,1000,0,1,TTAGGG
contig-0008455_End,1000,0,0,TTAGGG
contig-0008456_End,1000,0,0,TTAGGG
contig-0008457_End,1000,0,0,TTAGGG
contig-0008458_End,1000,0,0,TTAGGG
contig-0008459_End,1000,0,0,TTAGGG
contig-0008460_End,1000,0,1,TTAGGG
contig-0008461_End,1000,0,0,TTAGGG
contig-0008462_End,1000,0,1,TTAGGG
contig-0008463_End,1000,1,1,TTAGGG
contig-0008464_End,1000,0,0,TTAGGG
contig-0008465_End,1000,0,0,TTAGGG
contig-0008466_End,1000,0,0,TTAGGG
contig-0008467_End,1000,1,1,TTAGGG
contig-0008468_End,1000,0,0,TTAGGG
contig-0008469_End,1000,0,1,TTAGGG
contig-0008470_End,1000,0,0,TTAGGG
contig-0008471_End,1000,0,0,TTAGGG
contig-0008472_End,1000,0,0,TTAGGG
contig-0008473_End,1000,0,0,TTAGGG
contig-0008474_End,1000,0,0,TTAGGG
contig-0008475_End,1000,0,1,TTAGGG
contig-0008476_End,1000,0,0,TTAGGG
contig-0008477_End,1000,1,0,TTAGGG
contig-0008478_End,1000,0,0,TTAGGG
contig-0008479_End,1000,0,0,TTAGGG
contig-0008480_End,1000,0,1,TTAGGG
contig-0008481_End,1000,0,1,TTAGGG
contig-0008482_End,1000,0,0,TTAGGG
contig-0008483_End,1000,0,1,TTAGGG
contig-0008485_End,1000,0,0,TTAGGG
contig-0008486_End,1000,0,0,TTAGGG
contig-0008487_End,1000,0,0,TTAGGG
contig-0008488_End,1000,164,0,TTAGGG
contig-0008489_End,1000,0,0,TTAGGG
contig-0008490_End,1000,0,0,TTAGGG
contig-0008491_End,1000,0,0,TTAGGG
contig-0008492_End,1000,0,1,TTAGGG
contig-0008493_End,1000,0,1,TTAGGG
contig-0008494_End,1000,0,0,TTAGGG
contig-0008495_End,1000,0,0,TTAGGG
contig-0008496_End,1000,0,1,TTAGGG
contig-0008497_End,1000,0,0,TTAGGG
contig-0008498_End,1000,1,0,TTAGGG
contig-0008499_End,1000,2,0,TTAGGG
contig-0008500_End,1000,0,0,TTAGGG
contig-0008501_End,1000,0,0,TTAGGG
contig-0008502_End,1000,0,0,TTAGGG
contig-0008503_End,1000,1,2,TTAGGG
contig-0008504_End,1000,1,0,TTAGGG
contig-0008505_End,1000,0,0,TTAGGG
contig-0008506_End,1000,0,1,TTAGGG
contig-0008507_End,1000,0,0,TTAGGG
contig-0008508_End,1000,1,0,TTAGGG
contig-0008509_End,1000,0,0,TTAGGG
contig-0008510_End,1000,1,0,TTAGGG
contig-0008512_End,1000,0,0,TTAGGG
contig-0008513_End,1000,0,0,TTAGGG
contig-0008514_End,1000,0,0,TTAGGG
contig-0008515_End,1000,1,0,TTAGGG
contig-0008516_End,1000,0,0,TTAGGG
contig-0008517_End,1000,0,1,TTAGGG
contig-0008518_End,1000,0,1,TTAGGG
contig-0008519_End,1000,0,0,TTAGGG
contig-0008520_End,1000,0,0,TTAGGG
contig-0008521_End,1000,0,0,TTAGGG
contig-0008522_End,1000,1,0,TTAGGG
contig-0008523_End,1000,0,0,TTAGGG
contig-0008524_End,1000,1,0,TTAGGG
contig-0008525_End,1000,0,1,TTAGGG
contig-0008526_End,1000,0,0,TTAGGG
contig-0008527_End,1000,0,0,TTAGGG
contig-0008528_End,1000,0,0,TTAGGG
contig-0008529_End,1000,0,0,TTAGGG
contig-0008530_End,1000,1,0,TTAGGG
contig-0008531_End,1000,0,0,TTAGGG
contig-0008532_End,1000,0,0,TTAGGG
contig-0008533_End,1000,0,0,TTAGGG
contig-0008534_End,1000,0,0,TTAGGG
contig-0008535_End,1000,0,1,TTAGGG
contig-0008536_End,1000,0,0,TTAGGG
contig-0008537_End,1000,0,0,TTAGGG
contig-0008538_End,1000,0,0,TTAGGG
contig-0008539_End,1000,0,1,TTAGGG
contig-0008540_End,1000,0,0,TTAGGG
contig-0008541_End,1000,0,0,TTAGGG
contig-0008542_End,1000,2,0,TTAGGG
contig-0008543_End,1000,0,0,TTAGGG
contig-0008544_End,1000,1,0,TTAGGG
contig-0008545_End,1000,163,0,TTAGGG
contig-0008546_End,1000,1,0,TTAGGG
contig-0008547_End,1000,0,2,TTAGGG
contig-0008548_End,1000,0,0,TTAGGG
contig-0008549_End,1000,0,0,TTAGGG
contig-0008550_End,1000,0,0,TTAGGG
contig-0008551_End,1000,0,0,TTAGGG
contig-0008552_End,1000,0,1,TTAGGG
contig-0008553_End,1000,0,1,TTAGGG
contig-0008554_End,1000,0,0,TTAGGG
contig-0008555_End,1000,1,0,TTAGGG
contig-0008556_End,1000,0,0,TTAGGG
contig-0008557_End,1000,0,0,TTAGGG
contig-0008558_End,1000,0,0,TTAGGG
contig-0008559_End,1000,0,0,TTAGGG
contig-0008560_End,1000,0,0,TTAGGG
contig-0008561_End,1000,0,0,TTAGGG
contig-0008562_End,1000,0,0,TTAGGG
contig-0008563_End,1000,1,1,TTAGGG
contig-0008564_End,1000,2,0,TTAGGG
contig-0008565_End,1000,0,0,TTAGGG
contig-0008566_End,1000,0,0,TTAGGG
contig-0008567_End,1000,0,0,TTAGGG
contig-0008568_End,1000,1,0,TTAGGG
contig-0008569_End,1000,1,1,TTAGGG
contig-0008570_End,1000,0,1,TTAGGG
contig-0008571_End,1000,1,0,TTAGGG
contig-0008572_End,1000,0,0,TTAGGG
contig-0008573_End,1000,0,0,TTAGGG
contig-0008574_End,1000,0,1,TTAGGG
contig-0008575_End,1000,0,0,TTAGGG
contig-0008576_End,1000,0,0,TTAGGG
contig-0008577_End,1000,0,0,TTAGGG
contig-0008578_End,1000,0,0,TTAGGG
contig-0008579_End,1000,0,0,TTAGGG
contig-0008580_End,1000,0,0,TTAGGG
contig-0008581_End,1000,0,0,TTAGGG
contig-0008582_End,1000,0,0,TTAGGG
contig-0008583_End,1000,1,1,TTAGGG
contig-0008584_End,1000,0,0,TTAGGG
contig-0008585_End,1000,0,0,TTAGGG
contig-0008586_End,1000,0,0,TTAGGG
contig-0008587_End,1000,1,0,TTAGGG
contig-0008588_End,1000,0,0,TTAGGG
contig-0008589_End,1000,0,0,TTAGGG
contig-0008590_End,1000,0,0,TTAGGG
contig-0008591_End,1000,0,0,TTAGGG
contig-0008592_End,1000,1,1,TTAGGG
contig-0008593_End,1000,0,0,TTAGGG
contig-0008594_End,1000,0,1,TTAGGG
contig-0008595_End,1000,1,0,TTAGGG
contig-0008596_End,1000,1,0,TTAGGG
contig-0008597_End,1000,0,2,TTAGGG
contig-0008598_End,1000,0,1,TTAGGG
contig-0008599_End,1000,1,0,TTAGGG
contig-0008600_End,1000,0,0,TTAGGG
contig-0008601_End,1000,0,1,TTAGGG
contig-0008602_End,1000,0,0,TTAGGG
contig-0008603_End,1000,0,0,TTAGGG
contig-0008604_End,1000,0,0,TTAGGG
contig-0008605_End,1000,0,0,TTAGGG
contig-0008606_End,1000,1,0,TTAGGG
contig-0008607_End,1000,0,0,TTAGGG
contig-0008608_End,1000,0,0,TTAGGG
contig-0008609_End,1000,0,0,TTAGGG
contig-0008610_End,1000,1,0,TTAGGG
contig-0008611_End,1000,0,1,TTAGGG
contig-0008612_End,1000,0,0,TTAGGG
contig-0008613_End,1000,0,0,TTAGGG
contig-0008614_End,1000,0,0,TTAGGG
contig-0008615_End,1000,0,0,TTAGGG
contig-0008616_End,1000,0,0,TTAGGG
contig-0008617_End,1000,0,0,TTAGGG
contig-0008618_End,1000,1,0,TTAGGG
contig-0008619_End,1000,0,0,TTAGGG
contig-0008620_End,1000,0,0,TTAGGG
contig-0008621_End,1000,0,0,TTAGGG
contig-0008622_End,1000,0,0,TTAGGG
contig-0008623_End,1000,0,0,TTAGGG
contig-0008624_End,1000,1,0,TTAGGG
contig-0008625_End,1000,0,0,TTAGGG
contig-0008626_End,1000,0,0,TTAGGG
contig-0008627_End,1000,0,0,TTAGGG
contig-0008628_End,1000,0,1,TTAGGG
contig-0008629_End,1000,0,1,TTAGGG
contig-0008630_End,1000,0,0,TTAGGG
contig-0008631_End,1000,0,0,TTAGGG
contig-0008632_End,1000,0,0,TTAGGG
contig-0008633_End,1000,0,0,TTAGGG
contig-0008634_End,1000,1,1,TTAGGG
contig-0008635_End,1000,0,0,TTAGGG
contig-0008636_End,1000,0,0,TTAGGG
contig-0008637_End,1000,0,1,TTAGGG
contig-0008638_End,1000,0,0,TTAGGG
contig-0008639_End,1000,0,0,TTAGGG
contig-0008640_End,1000,0,0,TTAGGG
contig-0008641_End,1000,0,0,TTAGGG
contig-0008642_End,1000,0,0,TTAGGG
contig-0008643_End,1000,0,0,TTAGGG
contig-0008644_End,1000,0,0,TTAGGG
contig-0008645_End,1000,1,0,TTAGGG
contig-0008646_End,1000,1,0,TTAGGG
contig-0008647_End,1000,2,0,TTAGGG
contig-0008648_End,1000,0,0,TTAGGG
contig-0008649_End,1000,2,0,TTAGGG
contig-0008650_End,1000,0,0,TTAGGG
contig-0008651_End,1000,0,0,TTAGGG
contig-0008652_End,1000,0,1,TTAGGG
contig-0008653_End,1000,0,0,TTAGGG
contig-0008654_End,1000,1,0,TTAGGG
contig-0008655_End,1000,0,1,TTAGGG
contig-0008656_End,1000,1,1,TTAGGG
contig-0008657_End,1000,0,0,TTAGGG
contig-0008658_End,1000,0,0,TTAGGG
contig-0008659_End,1000,0,0,TTAGGG
contig-0008660_End,1000,0,0,TTAGGG
contig-0008661_End,1000,0,0,TTAGGG
contig-0008662_End,1000,0,1,TTAGGG
contig-0008663_End,1000,1,1,TTAGGG
contig-0008664_End,1000,0,0,TTAGGG
contig-0008665_End,1000,0,0,TTAGGG
contig-0008666_End,1000,0,1,TTAGGG
contig-0008667_End,1000,0,0,TTAGGG
contig-0008668_End,1000,1,0,TTAGGG
contig-0008669_End,1000,0,0,TTAGGG
contig-0008671_End,1000,0,0,TTAGGG
contig-0008672_End,1000,3,0,TTAGGG
contig-0008673_End,1000,0,0,TTAGGG
contig-0008674_End,1000,0,0,TTAGGG
contig-0008675_End,1000,0,0,TTAGGG
contig-0008676_End,1000,0,0,TTAGGG
contig-0008677_End,1000,0,0,TTAGGG
contig-0008678_End,1000,0,0,TTAGGG
contig-0008679_End,1000,1,1,TTAGGG
contig-0008680_End,1000,1,0,TTAGGG
contig-0008681_End,1000,0,0,TTAGGG
contig-0008682_End,1000,0,0,TTAGGG
contig-0008683_End,1000,0,0,TTAGGG
contig-0008684_End,1000,1,0,TTAGGG
contig-0008685_End,1000,1,0,TTAGGG
contig-0008686_End,1000,0,0,TTAGGG
contig-0008687_End,1000,0,0,TTAGGG
contig-0008688_End,1000,0,0,TTAGGG
contig-0008689_End,1000,0,0,TTAGGG
contig-0008690_End,1000,0,0,TTAGGG
contig-0008691_End,1000,0,0,TTAGGG
contig-0008692_End,1000,0,0,TTAGGG
contig-0008693_End,1000,0,0,TTAGGG
contig-0008694_End,1000,0,0,TTAGGG
contig-0008695_End,1000,0,0,TTAGGG
contig-0008696_End,1000,0,0,TTAGGG
contig-0008697_End,1000,0,0,TTAGGG
contig-0008698_End,1000,0,0,TTAGGG
contig-0008699_End,1000,0,0,TTAGGG
contig-0008700_End,1000,0,0,TTAGGG
contig-0008701_End,1000,0,1,TTAGGG
contig-0008702_End,1000,0,0,TTAGGG
contig-0008703_End,1000,1,1,TTAGGG
contig-0008704_End,1000,2,0,TTAGGG
contig-0008705_End,1000,0,0,TTAGGG
contig-0008706_End,1000,0,0,TTAGGG
contig-0008707_End,1000,0,1,TTAGGG
contig-0008708_End,1000,1,0,TTAGGG
contig-0008709_End,1000,1,0,TTAGGG
contig-0008710_End,1000,0,0,TTAGGG
contig-0008711_End,1000,0,1,TTAGGG
contig-0008712_End,1000,0,0,TTAGGG
contig-0008713_End,1000,0,0,TTAGGG
contig-0008714_End,1000,0,0,TTAGGG
contig-0008715_End,1000,0,0,TTAGGG
contig-0008716_End,1000,0,0,TTAGGG
contig-0008717_End,1000,0,0,TTAGGG
contig-0008718_End,1000,0,0,TTAGGG
contig-0008719_End,1000,0,0,TTAGGG
contig-0008720_End,1000,0,0,TTAGGG
contig-0008721_End,1000,0,0,TTAGGG
contig-0008722_End,1000,1,1,TTAGGG
contig-0008723_End,1000,0,0,TTAGGG
contig-0008724_End,1000,0,0,TTAGGG
contig-0008725_End,1000,0,0,TTAGGG
contig-0008726_End,1000,0,0,TTAGGG
contig-0008727_End,1000,1,0,TTAGGG
contig-0008728_End,1000,0,0,TTAGGG
contig-0008729_End,1000,0,0,TTAGGG
contig-0008730_End,1000,0,0,TTAGGG
contig-0008731_End,1000,0,0,TTAGGG
contig-0008732_End,1000,0,0,TTAGGG
contig-0008733_End,1000,0,0,TTAGGG
contig-0008734_End,1000,0,0,TTAGGG
contig-0008736_End,1000,0,1,TTAGGG
contig-0008737_End,1000,0,1,TTAGGG
contig-0008738_End,1000,0,0,TTAGGG
contig-0008740_End,1000,0,0,TTAGGG
contig-0008741_End,1000,0,1,TTAGGG
contig-0008742_End,1000,1,1,TTAGGG
contig-0008743_End,1000,0,0,TTAGGG
contig-0008744_End,1000,1,0,TTAGGG
contig-0008745_End,1000,0,1,TTAGGG
contig-0008746_End,1000,0,0,TTAGGG
contig-0008747_End,1000,0,0,TTAGGG
contig-0008748_End,1000,0,0,TTAGGG
contig-0008749_End,1000,1,0,TTAGGG
contig-0008750_End,1000,0,0,TTAGGG
contig-0008751_End,1000,0,0,TTAGGG
contig-0008752_End,1000,0,0,TTAGGG
contig-0008753_End,1000,0,0,TTAGGG
contig-0008754_End,1000,0,0,TTAGGG
contig-0008755_End,1000,0,0,TTAGGG
contig-0008756_End,1000,0,0,TTAGGG
contig-0008757_End,1000,0,1,TTAGGG
contig-0008758_End,1000,0,0,TTAGGG
contig-0008759_End,1000,0,0,TTAGGG
contig-0008760_End,1000,0,0,TTAGGG
contig-0008761_End,1000,0,0,TTAGGG
contig-0008762_End,1000,0,1,TTAGGG
contig-0008763_End,1000,0,0,TTAGGG
contig-0008764_End,1000,1,0,TTAGGG
contig-0008765_End,1000,0,0,TTAGGG
contig-0008766_End,1000,0,0,TTAGGG
contig-0008767_End,1000,0,0,TTAGGG
contig-0008768_End,1000,0,1,TTAGGG
contig-0008769_End,1000,0,0,TTAGGG
contig-0008770_End,1000,1,0,TTAGGG
contig-0008771_End,1000,0,0,TTAGGG
contig-0008772_End,1000,0,0,TTAGGG
contig-0008773_End,1000,0,0,TTAGGG
contig-0008774_End,1000,2,0,TTAGGG
contig-0008775_End,1000,0,0,TTAGGG
contig-0008776_End,1000,0,0,TTAGGG
contig-0008777_End,1000,2,1,TTAGGG
contig-0008778_End,1000,0,0,TTAGGG
contig-0008779_End,1000,0,0,TTAGGG
contig-0008780_End,1000,0,0,TTAGGG
contig-0008781_End,1000,0,0,TTAGGG
contig-0008782_End,1000,0,0,TTAGGG
contig-0008783_End,1000,0,0,TTAGGG
contig-0008784_End,1000,1,0,TTAGGG
contig-0008785_End,1000,0,1,TTAGGG
contig-0008786_End,1000,0,1,TTAGGG
contig-0008787_End,1000,0,0,TTAGGG
contig-0008788_End,1000,0,0,TTAGGG
contig-0008789_End,1000,0,1,TTAGGG
contig-0008790_End,1000,0,0,TTAGGG
contig-0008791_End,1000,0,0,TTAGGG
contig-0008792_End,1000,0,1,TTAGGG
contig-0008793_End,1000,0,0,TTAGGG
contig-0008794_End,1000,0,0,TTAGGG
contig-0008795_End,1000,0,0,TTAGGG
contig-0008796_End,1000,1,1,TTAGGG
contig-0008797_End,1000,0,0,TTAGGG
contig-0008798_End,1000,0,0,TTAGGG
contig-0008799_End,1000,0,0,TTAGGG
contig-0008800_End,1000,0,0,TTAGGG
contig-0008801_End,1000,0,0,TTAGGG
contig-0008802_End,1000,0,0,TTAGGG
contig-0008803_End,1000,0,0,TTAGGG
contig-0008804_End,1000,0,0,TTAGGG
contig-0008805_End,1000,0,0,TTAGGG
contig-0008806_End,1000,0,0,TTAGGG
contig-0008807_End,1000,0,0,TTAGGG
contig-0008808_End,1000,0,0,TTAGGG
contig-0008809_End,1000,2,0,TTAGGG
contig-0008810_End,1000,0,1,TTAGGG
contig-0008811_End,1000,0,0,TTAGGG
contig-0008812_End,1000,0,0,TTAGGG
contig-0008813_End,1000,0,0,TTAGGG
contig-0008814_End,1000,0,0,TTAGGG
contig-0008817_End,1000,0,0,TTAGGG
contig-0008818_End,1000,0,0,TTAGGG
contig-0008819_End,1000,0,0,TTAGGG
contig-0008820_End,1000,1,0,TTAGGG
contig-0008821_End,1000,0,0,TTAGGG
contig-0008822_End,1000,0,0,TTAGGG
contig-0008823_End,1000,0,0,TTAGGG
contig-0008824_End,1000,1,1,TTAGGG
contig-0008825_End,1000,0,0,TTAGGG
contig-0008826_End,1000,0,0,TTAGGG
contig-0008827_End,1000,0,0,TTAGGG
contig-0008828_End,1000,0,1,TTAGGG
contig-0008829_End,1000,0,0,TTAGGG
contig-0008830_End,1000,0,0,TTAGGG
contig-0008831_End,1000,0,0,TTAGGG
contig-0008832_End,1000,0,0,TTAGGG
contig-0008833_End,1000,0,0,TTAGGG
contig-0008834_End,1000,0,0,TTAGGG
contig-0008835_End,1000,0,0,TTAGGG
contig-0008836_End,1000,0,0,TTAGGG
contig-0008837_End,1000,0,0,TTAGGG
contig-0008838_End,1000,1,0,TTAGGG
contig-0008839_End,1000,0,0,TTAGGG
contig-0008840_End,1000,0,0,TTAGGG
contig-0008841_End,1000,0,0,TTAGGG
contig-0008842_End,1000,0,0,TTAGGG
contig-0008843_End,1000,0,0,TTAGGG
contig-0008844_End,1000,0,0,TTAGGG
contig-0008845_End,1000,0,0,TTAGGG
contig-0008846_End,1000,0,0,TTAGGG
contig-0008847_End,1000,0,0,TTAGGG
contig-0008848_End,1000,0,0,TTAGGG
contig-0008849_End,1000,0,0,TTAGGG
contig-0008850_End,1000,0,2,TTAGGG
contig-0008851_End,1000,0,0,TTAGGG
contig-0008852_End,1000,0,0,TTAGGG
contig-0008853_End,1000,0,0,TTAGGG
contig-0008854_End,1000,0,0,TTAGGG
contig-0008855_End,1000,0,0,TTAGGG
contig-0008856_End,1000,0,0,TTAGGG
contig-0008857_End,1000,0,0,TTAGGG
contig-0008858_End,1000,0,0,TTAGGG
contig-0008859_End,1000,1,1,TTAGGG
contig-0008860_End,1000,1,0,TTAGGG
contig-0008861_End,1000,0,1,TTAGGG
contig-0008863_End,1000,0,1,TTAGGG
contig-0008864_End,1000,0,0,TTAGGG
contig-0008865_End,1000,0,0,TTAGGG
contig-0008866_End,1000,0,0,TTAGGG
contig-0008867_End,1000,0,0,TTAGGG
contig-0008868_End,1000,0,0,TTAGGG
contig-0008869_End,1000,0,1,TTAGGG
contig-0008870_End,1000,0,0,TTAGGG
contig-0008871_End,1000,0,0,TTAGGG
contig-0008872_End,1000,0,0,TTAGGG
contig-0008873_End,1000,0,0,TTAGGG
contig-0008874_End,1000,0,1,TTAGGG
contig-0008875_End,1000,0,0,TTAGGG
contig-0008876_End,1000,0,0,TTAGGG
contig-0008877_End,1000,0,0,TTAGGG
contig-0008878_End,1000,0,0,TTAGGG
contig-0008879_End,1000,0,0,TTAGGG
contig-0008880_End,1000,0,0,TTAGGG
contig-0008881_End,1000,0,0,TTAGGG
contig-0008882_End,1000,0,0,TTAGGG
contig-0008883_End,1000,0,1,TTAGGG
contig-0008884_End,1000,0,1,TTAGGG
contig-0008885_End,1000,0,0,TTAGGG
contig-0008886_End,1000,0,0,TTAGGG
contig-0008887_End,1000,0,0,TTAGGG
contig-0008888_End,1000,0,0,TTAGGG
contig-0008889_End,1000,0,0,TTAGGG
contig-0008890_End,1000,0,0,TTAGGG
contig-0008891_End,1000,0,0,TTAGGG
contig-0008892_End,1000,0,0,TTAGGG
contig-0008893_End,1000,0,0,TTAGGG
contig-0008894_End,1000,0,0,TTAGGG
contig-0008895_End,1000,0,0,TTAGGG
contig-0008896_End,1000,0,1,TTAGGG
contig-0008897_End,1000,0,0,TTAGGG
contig-0008898_End,1000,0,0,TTAGGG
contig-0008899_End,1000,1,0,TTAGGG
contig-0008900_End,1000,0,0,TTAGGG
contig-0008901_End,1000,0,0,TTAGGG
contig-0008902_End,1000,0,0,TTAGGG
contig-0008903_End,1000,1,0,TTAGGG
contig-0008904_End,1000,0,0,TTAGGG
contig-0008905_End,1000,0,0,TTAGGG
contig-0008906_End,1000,0,0,TTAGGG
contig-0008907_End,1000,0,0,TTAGGG
contig-0008908_End,1000,163,0,TTAGGG
contig-0008909_End,1000,0,0,TTAGGG
contig-0008910_End,1000,0,0,TTAGGG
contig-0008911_End,1000,0,0,TTAGGG
contig-0008912_End,1000,1,0,TTAGGG
contig-0008913_End,1000,0,0,TTAGGG
contig-0008914_End,1000,1,0,TTAGGG
contig-0008915_End,1000,0,1,TTAGGG
contig-0008916_End,1000,0,0,TTAGGG
contig-0008917_End,1000,0,0,TTAGGG
contig-0008918_End,1000,0,0,TTAGGG
contig-0008919_End,1000,0,0,TTAGGG
contig-0008920_End,1000,0,0,TTAGGG
contig-0008921_End,1000,1,1,TTAGGG
contig-0008922_End,1000,0,0,TTAGGG
contig-0008923_End,1000,0,0,TTAGGG
contig-0008924_End,1000,0,0,TTAGGG
contig-0008925_End,1000,0,0,TTAGGG
contig-0008926_End,1000,163,0,TTAGGG
contig-0008927_End,1000,0,0,TTAGGG
contig-0008928_End,1000,1,2,TTAGGG
contig-0008929_End,1000,0,1,TTAGGG
contig-0008930_End,1000,0,1,TTAGGG
contig-0008931_End,1000,0,1,TTAGGG
contig-0008932_End,1000,0,1,TTAGGG
contig-0008933_End,1000,1,0,TTAGGG
contig-0008934_End,1000,0,0,TTAGGG
contig-0008935_End,1000,0,0,TTAGGG
contig-0008936_End,1000,0,0,TTAGGG
contig-0008937_End,1000,0,1,TTAGGG
contig-0008938_End,1000,0,0,TTAGGG
contig-0008939_End,1000,0,0,TTAGGG
contig-0008940_End,1000,0,0,TTAGGG
contig-0008941_End,1000,0,0,TTAGGG
contig-0008942_End,1000,0,0,TTAGGG
contig-0008943_End,1000,0,1,TTAGGG
contig-0008944_End,1000,0,0,TTAGGG
contig-0008945_End,1000,1,0,TTAGGG
contig-0008946_End,1000,0,1,TTAGGG
contig-0008947_End,1000,2,0,TTAGGG
contig-0008948_End,1000,0,0,TTAGGG
contig-0008949_End,1000,0,0,TTAGGG
contig-0008950_End,1000,0,0,TTAGGG
contig-0008951_End,1000,0,1,TTAGGG
contig-0008952_End,1000,0,0,TTAGGG
contig-0008953_End,1000,0,0,TTAGGG
contig-0008954_End,1000,0,0,TTAGGG
contig-0008955_End,1000,0,0,TTAGGG
contig-0008956_End,1000,0,1,TTAGGG
contig-0008957_End,1000,0,0,TTAGGG
contig-0008958_End,1000,0,0,TTAGGG
contig-0008959_End,1000,0,0,TTAGGG
contig-0008960_End,1000,0,1,TTAGGG
contig-0008961_End,1000,0,0,TTAGGG
contig-0008962_End,1000,0,1,TTAGGG
contig-0008963_End,1000,0,0,TTAGGG
contig-0008964_End,1000,0,0,TTAGGG
contig-0008965_End,1000,0,0,TTAGGG
contig-0008966_End,1000,0,0,TTAGGG
contig-0008967_End,1000,0,0,TTAGGG
contig-0008968_End,1000,0,0,TTAGGG
contig-0008969_End,1000,0,0,TTAGGG
contig-0008970_End,1000,0,0,TTAGGG
contig-0008971_End,1000,0,2,TTAGGG
contig-0008972_End,1000,0,0,TTAGGG
contig-0008973_End,1000,0,0,TTAGGG
contig-0008974_End,1000,0,0,TTAGGG
contig-0008975_End,1000,0,0,TTAGGG
contig-0008976_End,1000,1,0,TTAGGG
contig-0008977_End,1000,0,0,TTAGGG
contig-0008978_End,1000,0,0,TTAGGG
contig-0008979_End,1000,1,1,TTAGGG
contig-0008980_End,1000,0,1,TTAGGG
contig-0008982_End,1000,0,0,TTAGGG
contig-0008983_End,1000,0,1,TTAGGG
contig-0008984_End,1000,0,0,TTAGGG
contig-0008985_End,1000,0,0,TTAGGG
contig-0008986_End,1000,0,1,TTAGGG
contig-0008987_End,1000,0,1,TTAGGG
contig-0008988_End,1000,0,0,TTAGGG
contig-0008989_End,1000,0,1,TTAGGG
contig-0008990_End,1000,0,0,TTAGGG
contig-0008991_End,1000,0,0,TTAGGG
contig-0008992_End,1000,0,0,TTAGGG
contig-0008993_End,1000,0,0,TTAGGG
