metric	value	haplotype	asm_method	asm_name	source	chromosome
mapped_sequences_n	278	haplotype1	phased_verkko	T2T00_trio	stat	NA
primary_alignments_n	12660	haplotype1	phased_verkko	T2T00_trio	stat	NA
secondary_alignments_n	8921	haplotype1	phased_verkko	T2T00_trio	stat	NA
primary_alignments_long_cigar_n	0	haplotype1	phased_verkko	T2T00_trio	stat	NA
bases_in_mapped_sequences	3050014501	haplotype1	phased_verkko	T2T00_trio	stat	NA
bases_mapped	3025869308	haplotype1	phased_verkko	T2T00_trio	stat	NA
substitutions	3955281	haplotype1	phased_verkko	T2T00_trio	stat	NA
insertions_length_0_50	363423	haplotype1	phased_verkko	T2T00_trio	stat	NA
insertions_length_50_100	3463	haplotype1	phased_verkko	T2T00_trio	stat	NA
insertions_length_100_300	3007	haplotype1	phased_verkko	T2T00_trio	stat	NA
insertions_length_300_400	2074	haplotype1	phased_verkko	T2T00_trio	stat	NA
insertions_length_400_1000	1711	haplotype1	phased_verkko	T2T00_trio	stat	NA
insertions_length_1000_inf	2346	haplotype1	phased_verkko	T2T00_trio	stat	NA
deletions_length_0_50	424131	haplotype1	phased_verkko	T2T00_trio	stat	NA
deletions_length_50_100	3496	haplotype1	phased_verkko	T2T00_trio	stat	NA
deletions_length_100_300	3374	haplotype1	phased_verkko	T2T00_trio	stat	NA
deletions_length_300_400	2038	haplotype1	phased_verkko	T2T00_trio	stat	NA
deletions_length_400_1000	2049	haplotype1	phased_verkko	T2T00_trio	stat	NA
deletions_length_1000_inf	2290	haplotype1	phased_verkko	T2T00_trio	stat	NA
mapped_sequences_n	209	haplotype2	phased_verkko	T2T00_trio	stat	NA
primary_alignments_n	14039	haplotype2	phased_verkko	T2T00_trio	stat	NA
secondary_alignments_n	6627	haplotype2	phased_verkko	T2T00_trio	stat	NA
primary_alignments_long_cigar_n	0	haplotype2	phased_verkko	T2T00_trio	stat	NA
bases_in_mapped_sequences	2943504761	haplotype2	phased_verkko	T2T00_trio	stat	NA
bases_mapped	2915118609	haplotype2	phased_verkko	T2T00_trio	stat	NA
substitutions	4105228	haplotype2	phased_verkko	T2T00_trio	stat	NA
insertions_length_0_50	356745	haplotype2	phased_verkko	T2T00_trio	stat	NA
insertions_length_50_100	3623	haplotype2	phased_verkko	T2T00_trio	stat	NA
insertions_length_100_300	4126	haplotype2	phased_verkko	T2T00_trio	stat	NA
insertions_length_300_400	2032	haplotype2	phased_verkko	T2T00_trio	stat	NA
insertions_length_400_1000	1910	haplotype2	phased_verkko	T2T00_trio	stat	NA
insertions_length_1000_inf	2567	haplotype2	phased_verkko	T2T00_trio	stat	NA
deletions_length_0_50	416278	haplotype2	phased_verkko	T2T00_trio	stat	NA
deletions_length_50_100	3553	haplotype2	phased_verkko	T2T00_trio	stat	NA
deletions_length_100_300	3380	haplotype2	phased_verkko	T2T00_trio	stat	NA
deletions_length_300_400	2037	haplotype2	phased_verkko	T2T00_trio	stat	NA
deletions_length_400_1000	2526	haplotype2	phased_verkko	T2T00_trio	stat	NA
deletions_length_1000_inf	2389	haplotype2	phased_verkko	T2T00_trio	stat	NA
mapped_sequences_n	439	haplotype1	phased_verkko	T2T04_trio	stat	NA
primary_alignments_n	15868	haplotype1	phased_verkko	T2T04_trio	stat	NA
secondary_alignments_n	14288	haplotype1	phased_verkko	T2T04_trio	stat	NA
primary_alignments_long_cigar_n	0	haplotype1	phased_verkko	T2T04_trio	stat	NA
bases_in_mapped_sequences	3066372984	haplotype1	phased_verkko	T2T04_trio	stat	NA
bases_mapped	3037433065	haplotype1	phased_verkko	T2T04_trio	stat	NA
substitutions	4048918	haplotype1	phased_verkko	T2T04_trio	stat	NA
insertions_length_0_50	383377	haplotype1	phased_verkko	T2T04_trio	stat	NA
insertions_length_50_100	3550	haplotype1	phased_verkko	T2T04_trio	stat	NA
insertions_length_100_300	3093	haplotype1	phased_verkko	T2T04_trio	stat	NA
insertions_length_300_400	1869	haplotype1	phased_verkko	T2T04_trio	stat	NA
insertions_length_400_1000	1979	haplotype1	phased_verkko	T2T04_trio	stat	NA
insertions_length_1000_inf	2007	haplotype1	phased_verkko	T2T04_trio	stat	NA
deletions_length_0_50	442418	haplotype1	phased_verkko	T2T04_trio	stat	NA
deletions_length_50_100	3807	haplotype1	phased_verkko	T2T04_trio	stat	NA
deletions_length_100_300	3259	haplotype1	phased_verkko	T2T04_trio	stat	NA
deletions_length_300_400	1723	haplotype1	phased_verkko	T2T04_trio	stat	NA
deletions_length_400_1000	1796	haplotype1	phased_verkko	T2T04_trio	stat	NA
deletions_length_1000_inf	1910	haplotype1	phased_verkko	T2T04_trio	stat	NA
mapped_sequences_n	311	haplotype2	phased_verkko	T2T04_trio	stat	NA
primary_alignments_n	14648	haplotype2	phased_verkko	T2T04_trio	stat	NA
secondary_alignments_n	9738	haplotype2	phased_verkko	T2T04_trio	stat	NA
primary_alignments_long_cigar_n	0	haplotype2	phased_verkko	T2T04_trio	stat	NA
bases_in_mapped_sequences	2958043078	haplotype2	phased_verkko	T2T04_trio	stat	NA
bases_mapped	2922928520	haplotype2	phased_verkko	T2T04_trio	stat	NA
substitutions	4072889	haplotype2	phased_verkko	T2T04_trio	stat	NA
insertions_length_0_50	367200	haplotype2	phased_verkko	T2T04_trio	stat	NA
insertions_length_50_100	3569	haplotype2	phased_verkko	T2T04_trio	stat	NA
insertions_length_100_300	3032	haplotype2	phased_verkko	T2T04_trio	stat	NA
insertions_length_300_400	1919	haplotype2	phased_verkko	T2T04_trio	stat	NA
insertions_length_400_1000	2189	haplotype2	phased_verkko	T2T04_trio	stat	NA
insertions_length_1000_inf	2553	haplotype2	phased_verkko	T2T04_trio	stat	NA
deletions_length_0_50	419648	haplotype2	phased_verkko	T2T04_trio	stat	NA
deletions_length_50_100	3566	haplotype2	phased_verkko	T2T04_trio	stat	NA
deletions_length_100_300	3347	haplotype2	phased_verkko	T2T04_trio	stat	NA
deletions_length_300_400	1920	haplotype2	phased_verkko	T2T04_trio	stat	NA
deletions_length_400_1000	2010	haplotype2	phased_verkko	T2T04_trio	stat	NA
deletions_length_1000_inf	2365	haplotype2	phased_verkko	T2T04_trio	stat	NA
mapped_sequences_n	44	haplotype1	phased_verkko	T2T00	stat	NA
primary_alignments_n	12487	haplotype1	phased_verkko	T2T00	stat	NA
secondary_alignments_n	1242	haplotype1	phased_verkko	T2T00	stat	NA
primary_alignments_long_cigar_n	0	haplotype1	phased_verkko	T2T00	stat	NA
bases_in_mapped_sequences	2926888795	haplotype1	phased_verkko	T2T00	stat	NA
bases_mapped	2901560785	haplotype1	phased_verkko	T2T00	stat	NA
substitutions	3927620	haplotype1	phased_verkko	T2T00	stat	NA
insertions_length_0_50	342507	haplotype1	phased_verkko	T2T00	stat	NA
insertions_length_50_100	3379	haplotype1	phased_verkko	T2T00	stat	NA
insertions_length_100_300	4030	haplotype1	phased_verkko	T2T00	stat	NA
insertions_length_300_400	1923	haplotype1	phased_verkko	T2T00	stat	NA
insertions_length_400_1000	1734	haplotype1	phased_verkko	T2T00	stat	NA
insertions_length_1000_inf	2507	haplotype1	phased_verkko	T2T00	stat	NA
deletions_length_0_50	400591	haplotype1	phased_verkko	T2T00	stat	NA
deletions_length_50_100	3296	haplotype1	phased_verkko	T2T00	stat	NA
deletions_length_100_300	3467	haplotype1	phased_verkko	T2T00	stat	NA
deletions_length_300_400	1912	haplotype1	phased_verkko	T2T00	stat	NA
deletions_length_400_1000	2332	haplotype1	phased_verkko	T2T00	stat	NA
deletions_length_1000_inf	2516	haplotype1	phased_verkko	T2T00	stat	NA
mapped_sequences_n	73	haplotype2	phased_verkko	T2T00	stat	NA
primary_alignments_n	13383	haplotype2	phased_verkko	T2T00	stat	NA
secondary_alignments_n	2329	haplotype2	phased_verkko	T2T00	stat	NA
primary_alignments_long_cigar_n	0	haplotype2	phased_verkko	T2T00	stat	NA
bases_in_mapped_sequences	3038358603	haplotype2	phased_verkko	T2T00	stat	NA
bases_mapped	3010037120	haplotype2	phased_verkko	T2T00	stat	NA
substitutions	4025755	haplotype2	phased_verkko	T2T00	stat	NA
insertions_length_0_50	358093	haplotype2	phased_verkko	T2T00	stat	NA
insertions_length_50_100	3559	haplotype2	phased_verkko	T2T00	stat	NA
insertions_length_100_300	3104	haplotype2	phased_verkko	T2T00	stat	NA
insertions_length_300_400	2120	haplotype2	phased_verkko	T2T00	stat	NA
insertions_length_400_1000	1689	haplotype2	phased_verkko	T2T00	stat	NA
insertions_length_1000_inf	2338	haplotype2	phased_verkko	T2T00	stat	NA
deletions_length_0_50	417751	haplotype2	phased_verkko	T2T00	stat	NA
deletions_length_50_100	3665	haplotype2	phased_verkko	T2T00	stat	NA
deletions_length_100_300	3242	haplotype2	phased_verkko	T2T00	stat	NA
deletions_length_300_400	2169	haplotype2	phased_verkko	T2T00	stat	NA
deletions_length_400_1000	2034	haplotype2	phased_verkko	T2T00	stat	NA
deletions_length_1000_inf	2065	haplotype2	phased_verkko	T2T00	stat	NA
mapped_sequences_n	67	haplotype1	phased_verkko	T2T04	stat	NA
primary_alignments_n	14533	haplotype1	phased_verkko	T2T04	stat	NA
secondary_alignments_n	1397	haplotype1	phased_verkko	T2T04	stat	NA
primary_alignments_long_cigar_n	0	haplotype1	phased_verkko	T2T04	stat	NA
bases_in_mapped_sequences	2927884430	haplotype1	phased_verkko	T2T04	stat	NA
bases_mapped	2894229985	haplotype1	phased_verkko	T2T04	stat	NA
substitutions	4130935	haplotype1	phased_verkko	T2T04	stat	NA
insertions_length_0_50	357792	haplotype1	phased_verkko	T2T04	stat	NA
insertions_length_50_100	3517	haplotype1	phased_verkko	T2T04	stat	NA
insertions_length_100_300	3084	haplotype1	phased_verkko	T2T04	stat	NA
insertions_length_300_400	1987	haplotype1	phased_verkko	T2T04	stat	NA
insertions_length_400_1000	2129	haplotype1	phased_verkko	T2T04	stat	NA
insertions_length_1000_inf	2332	haplotype1	phased_verkko	T2T04	stat	NA
deletions_length_0_50	411552	haplotype1	phased_verkko	T2T04	stat	NA
deletions_length_50_100	3751	haplotype1	phased_verkko	T2T04	stat	NA
deletions_length_100_300	3231	haplotype1	phased_verkko	T2T04	stat	NA
deletions_length_300_400	1879	haplotype1	phased_verkko	T2T04	stat	NA
deletions_length_400_1000	1954	haplotype1	phased_verkko	T2T04	stat	NA
deletions_length_1000_inf	2343	haplotype1	phased_verkko	T2T04	stat	NA
mapped_sequences_n	55	haplotype2	phased_verkko	T2T04	stat	NA
primary_alignments_n	13209	haplotype2	phased_verkko	T2T04	stat	NA
secondary_alignments_n	1439	haplotype2	phased_verkko	T2T04	stat	NA
primary_alignments_long_cigar_n	0	haplotype2	phased_verkko	T2T04	stat	NA
bases_in_mapped_sequences	3024269354	haplotype2	phased_verkko	T2T04	stat	NA
bases_mapped	2996438467	haplotype2	phased_verkko	T2T04	stat	NA
substitutions	3708133	haplotype2	phased_verkko	T2T04	stat	NA
insertions_length_0_50	352402	haplotype2	phased_verkko	T2T04	stat	NA
insertions_length_50_100	3259	haplotype2	phased_verkko	T2T04	stat	NA
insertions_length_100_300	2881	haplotype2	phased_verkko	T2T04	stat	NA
insertions_length_300_400	1791	haplotype2	phased_verkko	T2T04	stat	NA
insertions_length_400_1000	1760	haplotype2	phased_verkko	T2T04	stat	NA
insertions_length_1000_inf	1927	haplotype2	phased_verkko	T2T04	stat	NA
deletions_length_0_50	406562	haplotype2	phased_verkko	T2T04	stat	NA
deletions_length_50_100	3404	haplotype2	phased_verkko	T2T04	stat	NA
deletions_length_100_300	3038	haplotype2	phased_verkko	T2T04	stat	NA
deletions_length_300_400	1693	haplotype2	phased_verkko	T2T04	stat	NA
deletions_length_400_1000	1785	haplotype2	phased_verkko	T2T04	stat	NA
deletions_length_1000_inf	1877	haplotype2	phased_verkko	T2T04	stat	NA
mapped_sequences_n	105	haplotype1	phased_hifiasm	T2T00_hifiasm_trio	stat	NA
primary_alignments_n	14714	haplotype1	phased_hifiasm	T2T00_hifiasm_trio	stat	NA
secondary_alignments_n	1436	haplotype1	phased_hifiasm	T2T00_hifiasm_trio	stat	NA
primary_alignments_long_cigar_n	0	haplotype1	phased_hifiasm	T2T00_hifiasm_trio	stat	NA
bases_in_mapped_sequences	3089276672	haplotype1	phased_hifiasm	T2T00_hifiasm_trio	stat	NA
bases_mapped	3056186305	haplotype1	phased_hifiasm	T2T00_hifiasm_trio	stat	NA
substitutions	4472361	haplotype1	phased_hifiasm	T2T00_hifiasm_trio	stat	NA
insertions_length_0_50	455405	haplotype1	phased_hifiasm	T2T00_hifiasm_trio	stat	NA
insertions_length_50_100	3619	haplotype1	phased_hifiasm	T2T00_hifiasm_trio	stat	NA
insertions_length_100_300	3160	haplotype1	phased_hifiasm	T2T00_hifiasm_trio	stat	NA
insertions_length_300_400	2244	haplotype1	phased_hifiasm	T2T00_hifiasm_trio	stat	NA
insertions_length_400_1000	1893	haplotype1	phased_hifiasm	T2T00_hifiasm_trio	stat	NA
insertions_length_1000_inf	2858	haplotype1	phased_hifiasm	T2T00_hifiasm_trio	stat	NA
deletions_length_0_50	458808	haplotype1	phased_hifiasm	T2T00_hifiasm_trio	stat	NA
deletions_length_50_100	3740	haplotype1	phased_hifiasm	T2T00_hifiasm_trio	stat	NA
deletions_length_100_300	3446	haplotype1	phased_hifiasm	T2T00_hifiasm_trio	stat	NA
deletions_length_300_400	2289	haplotype1	phased_hifiasm	T2T00_hifiasm_trio	stat	NA
deletions_length_400_1000	2415	haplotype1	phased_hifiasm	T2T00_hifiasm_trio	stat	NA
deletions_length_1000_inf	2699	haplotype1	phased_hifiasm	T2T00_hifiasm_trio	stat	NA
mapped_sequences_n	101	haplotype2	phased_hifiasm	T2T00_hifiasm_trio	stat	NA
primary_alignments_n	14790	haplotype2	phased_hifiasm	T2T00_hifiasm_trio	stat	NA
secondary_alignments_n	1297	haplotype2	phased_hifiasm	T2T00_hifiasm_trio	stat	NA
primary_alignments_long_cigar_n	0	haplotype2	phased_hifiasm	T2T00_hifiasm_trio	stat	NA
bases_in_mapped_sequences	2980397029	haplotype2	phased_hifiasm	T2T00_hifiasm_trio	stat	NA
bases_mapped	2950180683	haplotype2	phased_hifiasm	T2T00_hifiasm_trio	stat	NA
substitutions	4180912	haplotype2	phased_hifiasm	T2T00_hifiasm_trio	stat	NA
insertions_length_0_50	448802	haplotype2	phased_hifiasm	T2T00_hifiasm_trio	stat	NA
insertions_length_50_100	3684	haplotype2	phased_hifiasm	T2T00_hifiasm_trio	stat	NA
insertions_length_100_300	4286	haplotype2	phased_hifiasm	T2T00_hifiasm_trio	stat	NA
insertions_length_300_400	2132	haplotype2	phased_hifiasm	T2T00_hifiasm_trio	stat	NA
insertions_length_400_1000	1868	haplotype2	phased_hifiasm	T2T00_hifiasm_trio	stat	NA
insertions_length_1000_inf	2754	haplotype2	phased_hifiasm	T2T00_hifiasm_trio	stat	NA
deletions_length_0_50	451683	haplotype2	phased_hifiasm	T2T00_hifiasm_trio	stat	NA
deletions_length_50_100	3601	haplotype2	phased_hifiasm	T2T00_hifiasm_trio	stat	NA
deletions_length_100_300	3476	haplotype2	phased_hifiasm	T2T00_hifiasm_trio	stat	NA
deletions_length_300_400	2053	haplotype2	phased_hifiasm	T2T00_hifiasm_trio	stat	NA
deletions_length_400_1000	2456	haplotype2	phased_hifiasm	T2T00_hifiasm_trio	stat	NA
deletions_length_1000_inf	2561	haplotype2	phased_hifiasm	T2T00_hifiasm_trio	stat	NA
mapped_sequences_n	39	haplotype1	phased_hifiasm	T2T04_hifiasm_trio	stat	NA
primary_alignments_n	16880	haplotype1	phased_hifiasm	T2T04_hifiasm_trio	stat	NA
secondary_alignments_n	1184	haplotype1	phased_hifiasm	T2T04_hifiasm_trio	stat	NA
primary_alignments_long_cigar_n	0	haplotype1	phased_hifiasm	T2T04_hifiasm_trio	stat	NA
bases_in_mapped_sequences	3046847286	haplotype1	phased_hifiasm	T2T04_hifiasm_trio	stat	NA
bases_mapped	3013218811	haplotype1	phased_hifiasm	T2T04_hifiasm_trio	stat	NA
substitutions	4159768	haplotype1	phased_hifiasm	T2T04_hifiasm_trio	stat	NA
insertions_length_0_50	410215	haplotype1	phased_hifiasm	T2T04_hifiasm_trio	stat	NA
insertions_length_50_100	3732	haplotype1	phased_hifiasm	T2T04_hifiasm_trio	stat	NA
insertions_length_100_300	3180	haplotype1	phased_hifiasm	T2T04_hifiasm_trio	stat	NA
insertions_length_300_400	1885	haplotype1	phased_hifiasm	T2T04_hifiasm_trio	stat	NA
insertions_length_400_1000	1908	haplotype1	phased_hifiasm	T2T04_hifiasm_trio	stat	NA
insertions_length_1000_inf	1824	haplotype1	phased_hifiasm	T2T04_hifiasm_trio	stat	NA
deletions_length_0_50	446875	haplotype1	phased_hifiasm	T2T04_hifiasm_trio	stat	NA
deletions_length_50_100	3911	haplotype1	phased_hifiasm	T2T04_hifiasm_trio	stat	NA
deletions_length_100_300	3424	haplotype1	phased_hifiasm	T2T04_hifiasm_trio	stat	NA
deletions_length_300_400	1747	haplotype1	phased_hifiasm	T2T04_hifiasm_trio	stat	NA
deletions_length_400_1000	1803	haplotype1	phased_hifiasm	T2T04_hifiasm_trio	stat	NA
deletions_length_1000_inf	1944	haplotype1	phased_hifiasm	T2T04_hifiasm_trio	stat	NA
mapped_sequences_n	32	haplotype2	phased_hifiasm	T2T04_hifiasm_trio	stat	NA
primary_alignments_n	14076	haplotype2	phased_hifiasm	T2T04_hifiasm_trio	stat	NA
secondary_alignments_n	991	haplotype2	phased_hifiasm	T2T04_hifiasm_trio	stat	NA
primary_alignments_long_cigar_n	0	haplotype2	phased_hifiasm	T2T04_hifiasm_trio	stat	NA
bases_in_mapped_sequences	2943335624	haplotype2	phased_hifiasm	T2T04_hifiasm_trio	stat	NA
bases_mapped	2906561994	haplotype2	phased_hifiasm	T2T04_hifiasm_trio	stat	NA
substitutions	4032682	haplotype2	phased_hifiasm	T2T04_hifiasm_trio	stat	NA
insertions_length_0_50	403943	haplotype2	phased_hifiasm	T2T04_hifiasm_trio	stat	NA
insertions_length_50_100	3716	haplotype2	phased_hifiasm	T2T04_hifiasm_trio	stat	NA
insertions_length_100_300	3094	haplotype2	phased_hifiasm	T2T04_hifiasm_trio	stat	NA
insertions_length_300_400	1864	haplotype2	phased_hifiasm	T2T04_hifiasm_trio	stat	NA
insertions_length_400_1000	1929	haplotype2	phased_hifiasm	T2T04_hifiasm_trio	stat	NA
insertions_length_1000_inf	2509	haplotype2	phased_hifiasm	T2T04_hifiasm_trio	stat	NA
deletions_length_0_50	436521	haplotype2	phased_hifiasm	T2T04_hifiasm_trio	stat	NA
deletions_length_50_100	3707	haplotype2	phased_hifiasm	T2T04_hifiasm_trio	stat	NA
deletions_length_100_300	3400	haplotype2	phased_hifiasm	T2T04_hifiasm_trio	stat	NA
deletions_length_300_400	1821	haplotype2	phased_hifiasm	T2T04_hifiasm_trio	stat	NA
deletions_length_400_1000	1988	haplotype2	phased_hifiasm	T2T04_hifiasm_trio	stat	NA
deletions_length_1000_inf	2348	haplotype2	phased_hifiasm	T2T04_hifiasm_trio	stat	NA
mapped_sequences_n	87	haplotype1	phased_hifiasm	T2T00_hifiasm_porec	stat	NA
primary_alignments_n	12830	haplotype1	phased_hifiasm	T2T00_hifiasm_porec	stat	NA
secondary_alignments_n	1301	haplotype1	phased_hifiasm	T2T00_hifiasm_porec	stat	NA
primary_alignments_long_cigar_n	0	haplotype1	phased_hifiasm	T2T00_hifiasm_porec	stat	NA
bases_in_mapped_sequences	3039093532	haplotype1	phased_hifiasm	T2T00_hifiasm_porec	stat	NA
bases_mapped	3014201856	haplotype1	phased_hifiasm	T2T00_hifiasm_porec	stat	NA
substitutions	3969933	haplotype1	phased_hifiasm	T2T00_hifiasm_porec	stat	NA
insertions_length_0_50	446214	haplotype1	phased_hifiasm	T2T00_hifiasm_porec	stat	NA
insertions_length_50_100	3400	haplotype1	phased_hifiasm	T2T00_hifiasm_porec	stat	NA
insertions_length_100_300	2934	haplotype1	phased_hifiasm	T2T00_hifiasm_porec	stat	NA
insertions_length_300_400	1945	haplotype1	phased_hifiasm	T2T00_hifiasm_porec	stat	NA
insertions_length_400_1000	1636	haplotype1	phased_hifiasm	T2T00_hifiasm_porec	stat	NA
insertions_length_1000_inf	2370	haplotype1	phased_hifiasm	T2T00_hifiasm_porec	stat	NA
deletions_length_0_50	449421	haplotype1	phased_hifiasm	T2T00_hifiasm_porec	stat	NA
deletions_length_50_100	3355	haplotype1	phased_hifiasm	T2T00_hifiasm_porec	stat	NA
deletions_length_100_300	3302	haplotype1	phased_hifiasm	T2T00_hifiasm_porec	stat	NA
deletions_length_300_400	1988	haplotype1	phased_hifiasm	T2T00_hifiasm_porec	stat	NA
deletions_length_400_1000	2129	haplotype1	phased_hifiasm	T2T00_hifiasm_porec	stat	NA
deletions_length_1000_inf	2198	haplotype1	phased_hifiasm	T2T00_hifiasm_porec	stat	NA
mapped_sequences_n	85	haplotype2	phased_hifiasm	T2T00_hifiasm_porec	stat	NA
primary_alignments_n	13743	haplotype2	phased_hifiasm	T2T00_hifiasm_porec	stat	NA
secondary_alignments_n	1266	haplotype2	phased_hifiasm	T2T00_hifiasm_porec	stat	NA
primary_alignments_long_cigar_n	0	haplotype2	phased_hifiasm	T2T00_hifiasm_porec	stat	NA
bases_in_mapped_sequences	2941756249	haplotype2	phased_hifiasm	T2T00_hifiasm_porec	stat	NA
bases_mapped	2907896125	haplotype2	phased_hifiasm	T2T00_hifiasm_porec	stat	NA
substitutions	4101761	haplotype2	phased_hifiasm	T2T00_hifiasm_porec	stat	NA
insertions_length_0_50	441169	haplotype2	phased_hifiasm	T2T00_hifiasm_porec	stat	NA
insertions_length_50_100	3663	haplotype2	phased_hifiasm	T2T00_hifiasm_porec	stat	NA
insertions_length_100_300	4157	haplotype2	phased_hifiasm	T2T00_hifiasm_porec	stat	NA
insertions_length_300_400	2034	haplotype2	phased_hifiasm	T2T00_hifiasm_porec	stat	NA
insertions_length_400_1000	1769	haplotype2	phased_hifiasm	T2T00_hifiasm_porec	stat	NA
insertions_length_1000_inf	2614	haplotype2	phased_hifiasm	T2T00_hifiasm_porec	stat	NA
deletions_length_0_50	443794	haplotype2	phased_hifiasm	T2T00_hifiasm_porec	stat	NA
deletions_length_50_100	3696	haplotype2	phased_hifiasm	T2T00_hifiasm_porec	stat	NA
deletions_length_100_300	3426	haplotype2	phased_hifiasm	T2T00_hifiasm_porec	stat	NA
deletions_length_300_400	1997	haplotype2	phased_hifiasm	T2T00_hifiasm_porec	stat	NA
deletions_length_400_1000	2253	haplotype2	phased_hifiasm	T2T00_hifiasm_porec	stat	NA
deletions_length_1000_inf	2448	haplotype2	phased_hifiasm	T2T00_hifiasm_porec	stat	NA
mapped_sequences_n	37	haplotype1	phased_hifiasm	T2T04_hifiasm_porec	stat	NA
primary_alignments_n	13184	haplotype1	phased_hifiasm	T2T04_hifiasm_porec	stat	NA
secondary_alignments_n	1164	haplotype1	phased_hifiasm	T2T04_hifiasm_porec	stat	NA
primary_alignments_long_cigar_n	0	haplotype1	phased_hifiasm	T2T04_hifiasm_porec	stat	NA
bases_in_mapped_sequences	3094480541	haplotype1	phased_hifiasm	T2T04_hifiasm_porec	stat	NA
bases_mapped	3061126852	haplotype1	phased_hifiasm	T2T04_hifiasm_porec	stat	NA
substitutions	4057708	haplotype1	phased_hifiasm	T2T04_hifiasm_porec	stat	NA
insertions_length_0_50	417980	haplotype1	phased_hifiasm	T2T04_hifiasm_porec	stat	NA
insertions_length_50_100	3568	haplotype1	phased_hifiasm	T2T04_hifiasm_porec	stat	NA
insertions_length_100_300	2974	haplotype1	phased_hifiasm	T2T04_hifiasm_porec	stat	NA
insertions_length_300_400	1880	haplotype1	phased_hifiasm	T2T04_hifiasm_porec	stat	NA
insertions_length_400_1000	2074	haplotype1	phased_hifiasm	T2T04_hifiasm_porec	stat	NA
insertions_length_1000_inf	2501	haplotype1	phased_hifiasm	T2T04_hifiasm_porec	stat	NA
deletions_length_0_50	453914	haplotype1	phased_hifiasm	T2T04_hifiasm_porec	stat	NA
deletions_length_50_100	3717	haplotype1	phased_hifiasm	T2T04_hifiasm_porec	stat	NA
deletions_length_100_300	3204	haplotype1	phased_hifiasm	T2T04_hifiasm_porec	stat	NA
deletions_length_300_400	1860	haplotype1	phased_hifiasm	T2T04_hifiasm_porec	stat	NA
deletions_length_400_1000	1987	haplotype1	phased_hifiasm	T2T04_hifiasm_porec	stat	NA
deletions_length_1000_inf	2363	haplotype1	phased_hifiasm	T2T04_hifiasm_porec	stat	NA
mapped_sequences_n	28	haplotype2	phased_hifiasm	T2T04_hifiasm_porec	stat	NA
primary_alignments_n	16320	haplotype2	phased_hifiasm	T2T04_hifiasm_porec	stat	NA
secondary_alignments_n	1003	haplotype2	phased_hifiasm	T2T04_hifiasm_porec	stat	NA
primary_alignments_long_cigar_n	0	haplotype2	phased_hifiasm	T2T04_hifiasm_porec	stat	NA
bases_in_mapped_sequences	2873086431	haplotype2	phased_hifiasm	T2T04_hifiasm_porec	stat	NA
bases_mapped	2840976185	haplotype2	phased_hifiasm	T2T04_hifiasm_porec	stat	NA
substitutions	3943008	haplotype2	phased_hifiasm	T2T04_hifiasm_porec	stat	NA
insertions_length_0_50	391439	haplotype2	phased_hifiasm	T2T04_hifiasm_porec	stat	NA
insertions_length_50_100	3557	haplotype2	phased_hifiasm	T2T04_hifiasm_porec	stat	NA
insertions_length_100_300	3108	haplotype2	phased_hifiasm	T2T04_hifiasm_porec	stat	NA
insertions_length_300_400	1851	haplotype2	phased_hifiasm	T2T04_hifiasm_porec	stat	NA
insertions_length_400_1000	1695	haplotype2	phased_hifiasm	T2T04_hifiasm_porec	stat	NA
insertions_length_1000_inf	1701	haplotype2	phased_hifiasm	T2T04_hifiasm_porec	stat	NA
deletions_length_0_50	425195	haplotype2	phased_hifiasm	T2T04_hifiasm_porec	stat	NA
deletions_length_50_100	3768	haplotype2	phased_hifiasm	T2T04_hifiasm_porec	stat	NA
deletions_length_100_300	3313	haplotype2	phased_hifiasm	T2T04_hifiasm_porec	stat	NA
deletions_length_300_400	1711	haplotype2	phased_hifiasm	T2T04_hifiasm_porec	stat	NA
deletions_length_400_1000	1702	haplotype2	phased_hifiasm	T2T04_hifiasm_porec	stat	NA
deletions_length_1000_inf	1822	haplotype2	phased_hifiasm	T2T04_hifiasm_porec	stat	NA
length	3050014501	haplotype1	phased_verkko	T2T00_trio	asmstat	NA
l_cov	2925045032	haplotype1	phased_verkko	T2T00_trio	asmstat	NA
ref_covered	0.9383	haplotype1	phased_verkko	T2T00_trio	asmstat	NA
ref_dup	0.009300000000000001	haplotype1	phased_verkko	T2T00_trio	asmstat	NA
asm_covered	0.972	haplotype1	phased_verkko	T2T00_trio	asmstat	NA
NG75	95935634	haplotype1	phased_verkko	T2T00_trio	asmstat	NA
NG50	136550068	haplotype1	phased_verkko	T2T00_trio	asmstat	NA
NGA50	3577724	haplotype1	phased_verkko	T2T00_trio	asmstat	NA
AUNGA	4370284	haplotype1	phased_verkko	T2T00_trio	asmstat	NA
breaks	12225	haplotype1	phased_verkko	T2T00_trio	asmstat	NA
length_0-10000	3015	haplotype1	phased_verkko	T2T00_trio	asmstat	NA
length_10k-100k	1003	haplotype1	phased_verkko	T2T00_trio	asmstat	NA
length	2943504761	haplotype2	phased_verkko	T2T00_trio	asmstat	NA
l_cov	2804299464	haplotype2	phased_verkko	T2T00_trio	asmstat	NA
ref_covered	0.8996	haplotype2	phased_verkko	T2T00_trio	asmstat	NA
ref_dup	0.011000000000000001	haplotype2	phased_verkko	T2T00_trio	asmstat	NA
asm_covered	0.9662000000000001	haplotype2	phased_verkko	T2T00_trio	asmstat	NA
NG75	92123731	haplotype2	phased_verkko	T2T00_trio	asmstat	NA
NG50	136472137	haplotype2	phased_verkko	T2T00_trio	asmstat	NA
NGA50	3344223	haplotype2	phased_verkko	T2T00_trio	asmstat	NA
AUNGA	4294158	haplotype2	phased_verkko	T2T00_trio	asmstat	NA
breaks	13585	haplotype2	phased_verkko	T2T00_trio	asmstat	NA
length_0-10000	3004	haplotype2	phased_verkko	T2T00_trio	asmstat	NA
length_10k-100k	1189	haplotype2	phased_verkko	T2T00_trio	asmstat	NA
length	3066372984	haplotype1	phased_verkko	T2T04_trio	asmstat	NA
l_cov	2914226110	haplotype1	phased_verkko	T2T04_trio	asmstat	NA
ref_covered	0.9349	haplotype1	phased_verkko	T2T04_trio	asmstat	NA
ref_dup	0.008	haplotype1	phased_verkko	T2T04_trio	asmstat	NA
asm_covered	0.9689	haplotype1	phased_verkko	T2T04_trio	asmstat	NA
NG75	104355948	haplotype1	phased_verkko	T2T04_trio	asmstat	NA
NG50	154436170	haplotype1	phased_verkko	T2T04_trio	asmstat	NA
NGA50	3352414	haplotype1	phased_verkko	T2T04_trio	asmstat	NA
AUNGA	4569598	haplotype1	phased_verkko	T2T04_trio	asmstat	NA
breaks	15345	haplotype1	phased_verkko	T2T04_trio	asmstat	NA
length_0-10000	2915	haplotype1	phased_verkko	T2T04_trio	asmstat	NA
length_10k-100k	916	haplotype1	phased_verkko	T2T04_trio	asmstat	NA
length	2958043078	haplotype2	phased_verkko	T2T04_trio	asmstat	NA
l_cov	2813824205	haplotype2	phased_verkko	T2T04_trio	asmstat	NA
ref_covered	0.9027	haplotype2	phased_verkko	T2T04_trio	asmstat	NA
ref_dup	0.009000000000000001	haplotype2	phased_verkko	T2T04_trio	asmstat	NA
asm_covered	0.9648	haplotype2	phased_verkko	T2T04_trio	asmstat	NA
NG75	96383138	haplotype2	phased_verkko	T2T04_trio	asmstat	NA
NG50	134874427	haplotype2	phased_verkko	T2T04_trio	asmstat	NA
NGA50	3617131	haplotype2	phased_verkko	T2T04_trio	asmstat	NA
AUNGA	4506314	haplotype2	phased_verkko	T2T04_trio	asmstat	NA
breaks	13563	haplotype2	phased_verkko	T2T04_trio	asmstat	NA
length_0-10000	2439	haplotype2	phased_verkko	T2T04_trio	asmstat	NA
length_10k-100k	576	haplotype2	phased_verkko	T2T04_trio	asmstat	NA
length	2926888795	haplotype1	phased_verkko	T2T00	asmstat	NA
l_cov	2815236793	haplotype1	phased_verkko	T2T00	asmstat	NA
ref_covered	0.9031	haplotype1	phased_verkko	T2T00	asmstat	NA
ref_dup	0.0089	haplotype1	phased_verkko	T2T00	asmstat	NA
asm_covered	0.9698	haplotype1	phased_verkko	T2T00	asmstat	NA
NG75	99386947	haplotype1	phased_verkko	T2T00	asmstat	NA
NG50	138884307	haplotype1	phased_verkko	T2T00	asmstat	NA
NGA50	3233140	haplotype1	phased_verkko	T2T00	asmstat	NA
AUNGA	4175325	haplotype1	phased_verkko	T2T00	asmstat	NA
breaks	12384	haplotype1	phased_verkko	T2T00	asmstat	NA
length_0-10000	2929	haplotype1	phased_verkko	T2T00	asmstat	NA
length_10k-100k	1033	haplotype1	phased_verkko	T2T00	asmstat	NA
length	3038358603	haplotype2	phased_verkko	T2T00	asmstat	NA
l_cov	2911169900	haplotype2	phased_verkko	T2T00	asmstat	NA
ref_covered	0.9339	haplotype2	phased_verkko	T2T00	asmstat	NA
ref_dup	0.009000000000000001	haplotype2	phased_verkko	T2T00	asmstat	NA
asm_covered	0.9682	haplotype2	phased_verkko	T2T00	asmstat	NA
NG75	107902539	haplotype2	phased_verkko	T2T00	asmstat	NA
NG50	145735667	haplotype2	phased_verkko	T2T00	asmstat	NA
NGA50	3698312	haplotype2	phased_verkko	T2T00	asmstat	NA
AUNGA	4472047	haplotype2	phased_verkko	T2T00	asmstat	NA
breaks	12986	haplotype2	phased_verkko	T2T00	asmstat	NA
length_0-10000	2815	haplotype2	phased_verkko	T2T00	asmstat	NA
length_10k-100k	955	haplotype2	phased_verkko	T2T00	asmstat	NA
length	2927884430	haplotype1	phased_verkko	T2T04	asmstat	NA
l_cov	2794429997	haplotype1	phased_verkko	T2T04	asmstat	NA
ref_covered	0.8964	haplotype1	phased_verkko	T2T04	asmstat	NA
ref_dup	0.0077	haplotype1	phased_verkko	T2T04	asmstat	NA
asm_covered	0.9620000000000001	haplotype1	phased_verkko	T2T04	asmstat	NA
NG75	95447653	haplotype1	phased_verkko	T2T04	asmstat	NA
NG50	134451918	haplotype1	phased_verkko	T2T04	asmstat	NA
NGA50	3258748	haplotype1	phased_verkko	T2T04	asmstat	NA
AUNGA	4253740	haplotype1	phased_verkko	T2T04	asmstat	NA
breaks	14365	haplotype1	phased_verkko	T2T04	asmstat	NA
length_0-10000	2478	haplotype1	phased_verkko	T2T04	asmstat	NA
length_10k-100k	701	haplotype1	phased_verkko	T2T04	asmstat	NA
length	3024269354	haplotype2	phased_verkko	T2T04	asmstat	NA
l_cov	2927795411	haplotype2	phased_verkko	T2T04	asmstat	NA
ref_covered	0.9392	haplotype2	phased_verkko	T2T04	asmstat	NA
ref_dup	0.006500000000000001	haplotype2	phased_verkko	T2T04	asmstat	NA
asm_covered	0.9738	haplotype2	phased_verkko	T2T04	asmstat	NA
NG75	104062474	haplotype2	phased_verkko	T2T04	asmstat	NA
NG50	146131832	haplotype2	phased_verkko	T2T04	asmstat	NA
NGA50	3634694	haplotype2	phased_verkko	T2T04	asmstat	NA
AUNGA	4768591	haplotype2	phased_verkko	T2T04	asmstat	NA
breaks	12493	haplotype2	phased_verkko	T2T04	asmstat	NA
length_0-10000	2309	haplotype2	phased_verkko	T2T04	asmstat	NA
length_10k-100k	558	haplotype2	phased_verkko	T2T04	asmstat	NA
length	3089276672	haplotype1	phased_hifiasm	T2T00_hifiasm_trio	asmstat	NA
l_cov	2900347658	haplotype1	phased_hifiasm	T2T00_hifiasm_trio	asmstat	NA
ref_covered	0.9304000000000001	haplotype1	phased_hifiasm	T2T00_hifiasm_trio	asmstat	NA
ref_dup	0.0242	haplotype1	phased_hifiasm	T2T00_hifiasm_trio	asmstat	NA
asm_covered	0.9628	haplotype1	phased_hifiasm	T2T00_hifiasm_trio	asmstat	NA
NG75	41634307	haplotype1	phased_hifiasm	T2T00_hifiasm_trio	asmstat	NA
NG50	80396048	haplotype1	phased_hifiasm	T2T00_hifiasm_trio	asmstat	NA
NGA50	3262901	haplotype1	phased_hifiasm	T2T00_hifiasm_trio	asmstat	NA
AUNGA	4125332	haplotype1	phased_hifiasm	T2T00_hifiasm_trio	asmstat	NA
breaks	14605	haplotype1	phased_hifiasm	T2T00_hifiasm_trio	asmstat	NA
length_0-10000	3226	haplotype1	phased_hifiasm	T2T00_hifiasm_trio	asmstat	NA
length_10k-100k	1185	haplotype1	phased_hifiasm	T2T00_hifiasm_trio	asmstat	NA
length	2980397029	haplotype2	phased_hifiasm	T2T00_hifiasm_trio	asmstat	NA
l_cov	2782482796	haplotype2	phased_hifiasm	T2T00_hifiasm_trio	asmstat	NA
ref_covered	0.8926000000000001	haplotype2	phased_hifiasm	T2T00_hifiasm_trio	asmstat	NA
ref_dup	0.0335	haplotype2	phased_hifiasm	T2T00_hifiasm_trio	asmstat	NA
asm_covered	0.9656	haplotype2	phased_hifiasm	T2T00_hifiasm_trio	asmstat	NA
NG75	35403401	haplotype2	phased_hifiasm	T2T00_hifiasm_trio	asmstat	NA
NG50	77102667	haplotype2	phased_hifiasm	T2T00_hifiasm_trio	asmstat	NA
NGA50	3207046	haplotype2	phased_hifiasm	T2T00_hifiasm_trio	asmstat	NA
AUNGA	4038573	haplotype2	phased_hifiasm	T2T00_hifiasm_trio	asmstat	NA
breaks	14689	haplotype2	phased_hifiasm	T2T00_hifiasm_trio	asmstat	NA
length_0-10000	3230	haplotype2	phased_hifiasm	T2T00_hifiasm_trio	asmstat	NA
length_10k-100k	1225	haplotype2	phased_hifiasm	T2T00_hifiasm_trio	asmstat	NA
length	3046847286	haplotype1	phased_hifiasm	T2T04_hifiasm_trio	asmstat	NA
l_cov	2916232222	haplotype1	phased_hifiasm	T2T04_hifiasm_trio	asmstat	NA
ref_covered	0.9355	haplotype1	phased_hifiasm	T2T04_hifiasm_trio	asmstat	NA
ref_dup	0.0076	haplotype1	phased_hifiasm	T2T04_hifiasm_trio	asmstat	NA
asm_covered	0.965	haplotype1	phased_hifiasm	T2T04_hifiasm_trio	asmstat	NA
NG75	108396255	haplotype1	phased_hifiasm	T2T04_hifiasm_trio	asmstat	NA
NG50	154346756	haplotype1	phased_hifiasm	T2T04_hifiasm_trio	asmstat	NA
NGA50	3346312	haplotype1	phased_hifiasm	T2T04_hifiasm_trio	asmstat	NA
AUNGA	4570937	haplotype1	phased_hifiasm	T2T04_hifiasm_trio	asmstat	NA
breaks	16606	haplotype1	phased_hifiasm	T2T04_hifiasm_trio	asmstat	NA
length_0-10000	2666	haplotype1	phased_hifiasm	T2T04_hifiasm_trio	asmstat	NA
length_10k-100k	826	haplotype1	phased_hifiasm	T2T04_hifiasm_trio	asmstat	NA
length	2943335624	haplotype2	phased_hifiasm	T2T04_hifiasm_trio	asmstat	NA
l_cov	2812579346	haplotype2	phased_hifiasm	T2T04_hifiasm_trio	asmstat	NA
ref_covered	0.9023	haplotype2	phased_hifiasm	T2T04_hifiasm_trio	asmstat	NA
ref_dup	0.0088	haplotype2	phased_hifiasm	T2T04_hifiasm_trio	asmstat	NA
asm_covered	0.9637	haplotype2	phased_hifiasm	T2T04_hifiasm_trio	asmstat	NA
NG75	95382742	haplotype2	phased_hifiasm	T2T04_hifiasm_trio	asmstat	NA
NG50	134880276	haplotype2	phased_hifiasm	T2T04_hifiasm_trio	asmstat	NA
NGA50	3526493	haplotype2	phased_hifiasm	T2T04_hifiasm_trio	asmstat	NA
AUNGA	4501552	haplotype2	phased_hifiasm	T2T04_hifiasm_trio	asmstat	NA
breaks	14008	haplotype2	phased_hifiasm	T2T04_hifiasm_trio	asmstat	NA
length_0-10000	2448	haplotype2	phased_hifiasm	T2T04_hifiasm_trio	asmstat	NA
length_10k-100k	594	haplotype2	phased_hifiasm	T2T04_hifiasm_trio	asmstat	NA
length	3039093532	haplotype1	phased_hifiasm	T2T00_hifiasm_porec	asmstat	NA
l_cov	2915894363	haplotype1	phased_hifiasm	T2T00_hifiasm_porec	asmstat	NA
ref_covered	0.9354	haplotype1	phased_hifiasm	T2T00_hifiasm_porec	asmstat	NA
ref_dup	0.0123	haplotype1	phased_hifiasm	T2T00_hifiasm_porec	asmstat	NA
asm_covered	0.9715	haplotype1	phased_hifiasm	T2T00_hifiasm_porec	asmstat	NA
NG75	45999783	haplotype1	phased_hifiasm	T2T00_hifiasm_porec	asmstat	NA
NG50	99246706	haplotype1	phased_hifiasm	T2T00_hifiasm_porec	asmstat	NA
NGA50	3373164	haplotype1	phased_hifiasm	T2T00_hifiasm_porec	asmstat	NA
AUNGA	4163214	haplotype1	phased_hifiasm	T2T00_hifiasm_porec	asmstat	NA
breaks	12669	haplotype1	phased_hifiasm	T2T00_hifiasm_porec	asmstat	NA
length_0-10000	2847	haplotype1	phased_hifiasm	T2T00_hifiasm_porec	asmstat	NA
length_10k-100k	903	haplotype1	phased_hifiasm	T2T00_hifiasm_porec	asmstat	NA
length	2941756249	haplotype2	phased_hifiasm	T2T00_hifiasm_porec	asmstat	NA
l_cov	2801230327	haplotype2	phased_hifiasm	T2T00_hifiasm_porec	asmstat	NA
ref_covered	0.8986	haplotype2	phased_hifiasm	T2T00_hifiasm_porec	asmstat	NA
ref_dup	0.0121	haplotype2	phased_hifiasm	T2T00_hifiasm_porec	asmstat	NA
asm_covered	0.9643999999999999	haplotype2	phased_hifiasm	T2T00_hifiasm_porec	asmstat	NA
NG75	39080739	haplotype2	phased_hifiasm	T2T00_hifiasm_porec	asmstat	NA
NG50	106116698	haplotype2	phased_hifiasm	T2T00_hifiasm_porec	asmstat	NA
NGA50	3061181	haplotype2	phased_hifiasm	T2T00_hifiasm_porec	asmstat	NA
AUNGA	3969618	haplotype2	phased_hifiasm	T2T00_hifiasm_porec	asmstat	NA
breaks	13658	haplotype2	phased_hifiasm	T2T00_hifiasm_porec	asmstat	NA
length_0-10000	3117	haplotype2	phased_hifiasm	T2T00_hifiasm_porec	asmstat	NA
length_10k-100k	1157	haplotype2	phased_hifiasm	T2T00_hifiasm_porec	asmstat	NA
length	3094480541	haplotype1	phased_hifiasm	T2T04_hifiasm_porec	asmstat	NA
l_cov	2968133669	haplotype1	phased_hifiasm	T2T04_hifiasm_porec	asmstat	NA
ref_covered	0.9521999999999999	haplotype1	phased_hifiasm	T2T04_hifiasm_porec	asmstat	NA
ref_dup	0.0078000000000000005	haplotype1	phased_hifiasm	T2T04_hifiasm_porec	asmstat	NA
asm_covered	0.9673999999999999	haplotype1	phased_hifiasm	T2T04_hifiasm_porec	asmstat	NA
NG75	108396256	haplotype1	phased_hifiasm	T2T04_hifiasm_porec	asmstat	NA
NG50	145979348	haplotype1	phased_hifiasm	T2T04_hifiasm_porec	asmstat	NA
NGA50	3669256	haplotype1	phased_hifiasm	T2T04_hifiasm_porec	asmstat	NA
AUNGA	4635097	haplotype1	phased_hifiasm	T2T04_hifiasm_porec	asmstat	NA
breaks	13147	haplotype1	phased_hifiasm	T2T04_hifiasm_porec	asmstat	NA
length_0-10000	2677	haplotype1	phased_hifiasm	T2T04_hifiasm_porec	asmstat	NA
length_10k-100k	721	haplotype1	phased_hifiasm	T2T04_hifiasm_porec	asmstat	NA
length	2873086431	haplotype2	phased_hifiasm	T2T04_hifiasm_porec	asmstat	NA
l_cov	2760004370	haplotype2	phased_hifiasm	T2T04_hifiasm_porec	asmstat	NA
ref_covered	0.8854000000000001	haplotype2	phased_hifiasm	T2T04_hifiasm_porec	asmstat	NA
ref_dup	0.0058	haplotype2	phased_hifiasm	T2T04_hifiasm_porec	asmstat	NA
asm_covered	0.9652	haplotype2	phased_hifiasm	T2T04_hifiasm_porec	asmstat	NA
NG75	93852590	haplotype2	phased_hifiasm	T2T04_hifiasm_porec	asmstat	NA
NG50	135038754	haplotype2	phased_hifiasm	T2T04_hifiasm_porec	asmstat	NA
NGA50	3233949	haplotype2	phased_hifiasm	T2T04_hifiasm_porec	asmstat	NA
AUNGA	4439393	haplotype2	phased_hifiasm	T2T04_hifiasm_porec	asmstat	NA
breaks	16058	haplotype2	phased_hifiasm	T2T04_hifiasm_porec	asmstat	NA
length_0-10000	2425	haplotype2	phased_hifiasm	T2T04_hifiasm_porec	asmstat	NA
length_10k-100k	662	haplotype2	phased_hifiasm	T2T04_hifiasm_porec	asmstat	NA
ref.full_sgl	36118	haplotype1	phased_verkko	T2T00_trio	asmgene	NA
asm.full_sgl	35556	haplotype1	phased_verkko	T2T00_trio	asmgene	NA
ref.full_dup	0	haplotype1	phased_verkko	T2T00_trio	asmgene	NA
asm.full_dup	96	haplotype1	phased_verkko	T2T00_trio	asmgene	NA
ref.frag	0	haplotype1	phased_verkko	T2T00_trio	asmgene	NA
asm.frag	2	haplotype1	phased_verkko	T2T00_trio	asmgene	NA
ref.part50+	0	haplotype1	phased_verkko	T2T00_trio	asmgene	NA
asm.part50+	19	haplotype1	phased_verkko	T2T00_trio	asmgene	NA
ref.part10+	0	haplotype1	phased_verkko	T2T00_trio	asmgene	NA
asm.part10+	2	haplotype1	phased_verkko	T2T00_trio	asmgene	NA
ref.part10-	0	haplotype1	phased_verkko	T2T00_trio	asmgene	NA
asm.part10-	443	haplotype1	phased_verkko	T2T00_trio	asmgene	NA
ref.dup_cnt	1468	haplotype1	phased_verkko	T2T00_trio	asmgene	NA
asm.dup_cnt	1146	haplotype1	phased_verkko	T2T00_trio	asmgene	NA
ref.dup_sum	4509	haplotype1	phased_verkko	T2T00_trio	asmgene	NA
asm.dup_sum	3843	haplotype1	phased_verkko	T2T00_trio	asmgene	NA
ref.full_sgl	36118	haplotype2	phased_verkko	T2T00_trio	asmgene	NA
asm.full_sgl	34172	haplotype2	phased_verkko	T2T00_trio	asmgene	NA
ref.full_dup	0	haplotype2	phased_verkko	T2T00_trio	asmgene	NA
asm.full_dup	93	haplotype2	phased_verkko	T2T00_trio	asmgene	NA
ref.frag	0	haplotype2	phased_verkko	T2T00_trio	asmgene	NA
asm.frag	1	haplotype2	phased_verkko	T2T00_trio	asmgene	NA
ref.part50+	0	haplotype2	phased_verkko	T2T00_trio	asmgene	NA
asm.part50+	20	haplotype2	phased_verkko	T2T00_trio	asmgene	NA
ref.part10+	0	haplotype2	phased_verkko	T2T00_trio	asmgene	NA
asm.part10+	6	haplotype2	phased_verkko	T2T00_trio	asmgene	NA
ref.part10-	0	haplotype2	phased_verkko	T2T00_trio	asmgene	NA
asm.part10-	1826	haplotype2	phased_verkko	T2T00_trio	asmgene	NA
ref.dup_cnt	1468	haplotype2	phased_verkko	T2T00_trio	asmgene	NA
asm.dup_cnt	1194	haplotype2	phased_verkko	T2T00_trio	asmgene	NA
ref.dup_sum	4509	haplotype2	phased_verkko	T2T00_trio	asmgene	NA
asm.dup_sum	4081	haplotype2	phased_verkko	T2T00_trio	asmgene	NA
ref.full_sgl	36118	haplotype1	phased_verkko	T2T04_trio	asmgene	NA
asm.full_sgl	35530	haplotype1	phased_verkko	T2T04_trio	asmgene	NA
ref.full_dup	0	haplotype1	phased_verkko	T2T04_trio	asmgene	NA
asm.full_dup	107	haplotype1	phased_verkko	T2T04_trio	asmgene	NA
ref.frag	0	haplotype1	phased_verkko	T2T04_trio	asmgene	NA
asm.frag	2	haplotype1	phased_verkko	T2T04_trio	asmgene	NA
ref.part50+	0	haplotype1	phased_verkko	T2T04_trio	asmgene	NA
asm.part50+	17	haplotype1	phased_verkko	T2T04_trio	asmgene	NA
ref.part10+	0	haplotype1	phased_verkko	T2T04_trio	asmgene	NA
asm.part10+	0	haplotype1	phased_verkko	T2T04_trio	asmgene	NA
ref.part10-	0	haplotype1	phased_verkko	T2T04_trio	asmgene	NA
asm.part10-	462	haplotype1	phased_verkko	T2T04_trio	asmgene	NA
ref.dup_cnt	1468	haplotype1	phased_verkko	T2T04_trio	asmgene	NA
asm.dup_cnt	1150	haplotype1	phased_verkko	T2T04_trio	asmgene	NA
ref.dup_sum	4509	haplotype1	phased_verkko	T2T04_trio	asmgene	NA
asm.dup_sum	3924	haplotype1	phased_verkko	T2T04_trio	asmgene	NA
ref.full_sgl	36118	haplotype2	phased_verkko	T2T04_trio	asmgene	NA
asm.full_sgl	34216	haplotype2	phased_verkko	T2T04_trio	asmgene	NA
ref.full_dup	0	haplotype2	phased_verkko	T2T04_trio	asmgene	NA
asm.full_dup	97	haplotype2	phased_verkko	T2T04_trio	asmgene	NA
ref.frag	0	haplotype2	phased_verkko	T2T04_trio	asmgene	NA
asm.frag	1	haplotype2	phased_verkko	T2T04_trio	asmgene	NA
ref.part50+	0	haplotype2	phased_verkko	T2T04_trio	asmgene	NA
asm.part50+	25	haplotype2	phased_verkko	T2T04_trio	asmgene	NA
ref.part10+	0	haplotype2	phased_verkko	T2T04_trio	asmgene	NA
asm.part10+	5	haplotype2	phased_verkko	T2T04_trio	asmgene	NA
ref.part10-	0	haplotype2	phased_verkko	T2T04_trio	asmgene	NA
asm.part10-	1774	haplotype2	phased_verkko	T2T04_trio	asmgene	NA
ref.dup_cnt	1468	haplotype2	phased_verkko	T2T04_trio	asmgene	NA
asm.dup_cnt	1223	haplotype2	phased_verkko	T2T04_trio	asmgene	NA
ref.dup_sum	4509	haplotype2	phased_verkko	T2T04_trio	asmgene	NA
asm.dup_sum	4050	haplotype2	phased_verkko	T2T04_trio	asmgene	NA
ref.full_sgl	36118	haplotype1	phased_verkko	T2T00	asmgene	NA
asm.full_sgl	34176	haplotype1	phased_verkko	T2T00	asmgene	NA
ref.full_dup	0	haplotype1	phased_verkko	T2T00	asmgene	NA
asm.full_dup	110	haplotype1	phased_verkko	T2T00	asmgene	NA
ref.frag	0	haplotype1	phased_verkko	T2T00	asmgene	NA
asm.frag	1	haplotype1	phased_verkko	T2T00	asmgene	NA
ref.part50+	0	haplotype1	phased_verkko	T2T00	asmgene	NA
asm.part50+	21	haplotype1	phased_verkko	T2T00	asmgene	NA
ref.part10+	0	haplotype1	phased_verkko	T2T00	asmgene	NA
asm.part10+	7	haplotype1	phased_verkko	T2T00	asmgene	NA
ref.part10-	0	haplotype1	phased_verkko	T2T00	asmgene	NA
asm.part10-	1803	haplotype1	phased_verkko	T2T00	asmgene	NA
ref.dup_cnt	1468	haplotype1	phased_verkko	T2T00	asmgene	NA
asm.dup_cnt	1210	haplotype1	phased_verkko	T2T00	asmgene	NA
ref.dup_sum	4509	haplotype1	phased_verkko	T2T00	asmgene	NA
asm.dup_sum	4072	haplotype1	phased_verkko	T2T00	asmgene	NA
ref.full_sgl	36118	haplotype2	phased_verkko	T2T00	asmgene	NA
asm.full_sgl	35537	haplotype2	phased_verkko	T2T00	asmgene	NA
ref.full_dup	0	haplotype2	phased_verkko	T2T00	asmgene	NA
asm.full_dup	82	haplotype2	phased_verkko	T2T00	asmgene	NA
ref.frag	0	haplotype2	phased_verkko	T2T00	asmgene	NA
asm.frag	2	haplotype2	phased_verkko	T2T00	asmgene	NA
ref.part50+	0	haplotype2	phased_verkko	T2T00	asmgene	NA
asm.part50+	20	haplotype2	phased_verkko	T2T00	asmgene	NA
ref.part10+	0	haplotype2	phased_verkko	T2T00	asmgene	NA
asm.part10+	3	haplotype2	phased_verkko	T2T00	asmgene	NA
ref.part10-	0	haplotype2	phased_verkko	T2T00	asmgene	NA
asm.part10-	474	haplotype2	phased_verkko	T2T00	asmgene	NA
ref.dup_cnt	1468	haplotype2	phased_verkko	T2T00	asmgene	NA
asm.dup_cnt	1135	haplotype2	phased_verkko	T2T00	asmgene	NA
ref.dup_sum	4509	haplotype2	phased_verkko	T2T00	asmgene	NA
asm.dup_sum	3848	haplotype2	phased_verkko	T2T00	asmgene	NA
ref.full_sgl	36118	haplotype1	phased_verkko	T2T04	asmgene	NA
asm.full_sgl	34170	haplotype1	phased_verkko	T2T04	asmgene	NA
ref.full_dup	0	haplotype1	phased_verkko	T2T04	asmgene	NA
asm.full_dup	102	haplotype1	phased_verkko	T2T04	asmgene	NA
ref.frag	0	haplotype1	phased_verkko	T2T04	asmgene	NA
asm.frag	2	haplotype1	phased_verkko	T2T04	asmgene	NA
ref.part50+	0	haplotype1	phased_verkko	T2T04	asmgene	NA
asm.part50+	23	haplotype1	phased_verkko	T2T04	asmgene	NA
ref.part10+	0	haplotype1	phased_verkko	T2T04	asmgene	NA
asm.part10+	3	haplotype1	phased_verkko	T2T04	asmgene	NA
ref.part10-	0	haplotype1	phased_verkko	T2T04	asmgene	NA
asm.part10-	1818	haplotype1	phased_verkko	T2T04	asmgene	NA
ref.dup_cnt	1468	haplotype1	phased_verkko	T2T04	asmgene	NA
asm.dup_cnt	1210	haplotype1	phased_verkko	T2T04	asmgene	NA
ref.dup_sum	4509	haplotype1	phased_verkko	T2T04	asmgene	NA
asm.dup_sum	4066	haplotype1	phased_verkko	T2T04	asmgene	NA
ref.full_sgl	36118	haplotype2	phased_verkko	T2T04	asmgene	NA
asm.full_sgl	35590	haplotype2	phased_verkko	T2T04	asmgene	NA
ref.full_dup	0	haplotype2	phased_verkko	T2T04	asmgene	NA
asm.full_dup	104	haplotype2	phased_verkko	T2T04	asmgene	NA
ref.frag	0	haplotype2	phased_verkko	T2T04	asmgene	NA
asm.frag	1	haplotype2	phased_verkko	T2T04	asmgene	NA
ref.part50+	0	haplotype2	phased_verkko	T2T04	asmgene	NA
asm.part50+	19	haplotype2	phased_verkko	T2T04	asmgene	NA
ref.part10+	0	haplotype2	phased_verkko	T2T04	asmgene	NA
asm.part10+	2	haplotype2	phased_verkko	T2T04	asmgene	NA
ref.part10-	0	haplotype2	phased_verkko	T2T04	asmgene	NA
asm.part10-	402	haplotype2	phased_verkko	T2T04	asmgene	NA
ref.dup_cnt	1468	haplotype2	phased_verkko	T2T04	asmgene	NA
asm.dup_cnt	1185	haplotype2	phased_verkko	T2T04	asmgene	NA
ref.dup_sum	4509	haplotype2	phased_verkko	T2T04	asmgene	NA
asm.dup_sum	4020	haplotype2	phased_verkko	T2T04	asmgene	NA
ref.full_sgl	36118	haplotype1	phased_hifiasm	T2T00_hifiasm_trio	asmgene	NA
asm.full_sgl	34470	haplotype1	phased_hifiasm	T2T00_hifiasm_trio	asmgene	NA
ref.full_dup	0	haplotype1	phased_hifiasm	T2T00_hifiasm_trio	asmgene	NA
asm.full_dup	664	haplotype1	phased_hifiasm	T2T00_hifiasm_trio	asmgene	NA
ref.frag	0	haplotype1	phased_hifiasm	T2T00_hifiasm_trio	asmgene	NA
asm.frag	7	haplotype1	phased_hifiasm	T2T00_hifiasm_trio	asmgene	NA
ref.part50+	0	haplotype1	phased_hifiasm	T2T00_hifiasm_trio	asmgene	NA
asm.part50+	31	haplotype1	phased_hifiasm	T2T00_hifiasm_trio	asmgene	NA
ref.part10+	0	haplotype1	phased_hifiasm	T2T00_hifiasm_trio	asmgene	NA
asm.part10+	9	haplotype1	phased_hifiasm	T2T00_hifiasm_trio	asmgene	NA
ref.part10-	0	haplotype1	phased_hifiasm	T2T00_hifiasm_trio	asmgene	NA
asm.part10-	937	haplotype1	phased_hifiasm	T2T00_hifiasm_trio	asmgene	NA
ref.dup_cnt	1468	haplotype1	phased_hifiasm	T2T00_hifiasm_trio	asmgene	NA
asm.dup_cnt	1140	haplotype1	phased_hifiasm	T2T00_hifiasm_trio	asmgene	NA
ref.dup_sum	4509	haplotype1	phased_hifiasm	T2T00_hifiasm_trio	asmgene	NA
asm.dup_sum	3893	haplotype1	phased_hifiasm	T2T00_hifiasm_trio	asmgene	NA
ref.full_sgl	36118	haplotype2	phased_hifiasm	T2T00_hifiasm_trio	asmgene	NA
asm.full_sgl	33022	haplotype2	phased_hifiasm	T2T00_hifiasm_trio	asmgene	NA
ref.full_dup	0	haplotype2	phased_hifiasm	T2T00_hifiasm_trio	asmgene	NA
asm.full_dup	817	haplotype2	phased_hifiasm	T2T00_hifiasm_trio	asmgene	NA
ref.frag	0	haplotype2	phased_hifiasm	T2T00_hifiasm_trio	asmgene	NA
asm.frag	4	haplotype2	phased_hifiasm	T2T00_hifiasm_trio	asmgene	NA
ref.part50+	0	haplotype2	phased_hifiasm	T2T00_hifiasm_trio	asmgene	NA
asm.part50+	37	haplotype2	phased_hifiasm	T2T00_hifiasm_trio	asmgene	NA
ref.part10+	0	haplotype2	phased_hifiasm	T2T00_hifiasm_trio	asmgene	NA
asm.part10+	19	haplotype2	phased_hifiasm	T2T00_hifiasm_trio	asmgene	NA
ref.part10-	0	haplotype2	phased_hifiasm	T2T00_hifiasm_trio	asmgene	NA
asm.part10-	2219	haplotype2	phased_hifiasm	T2T00_hifiasm_trio	asmgene	NA
ref.dup_cnt	1468	haplotype2	phased_hifiasm	T2T00_hifiasm_trio	asmgene	NA
asm.dup_cnt	1205	haplotype2	phased_hifiasm	T2T00_hifiasm_trio	asmgene	NA
ref.dup_sum	4509	haplotype2	phased_hifiasm	T2T00_hifiasm_trio	asmgene	NA
asm.dup_sum	4114	haplotype2	phased_hifiasm	T2T00_hifiasm_trio	asmgene	NA
ref.full_sgl	36118	haplotype1	phased_hifiasm	T2T04_hifiasm_trio	asmgene	NA
asm.full_sgl	35526	haplotype1	phased_hifiasm	T2T04_hifiasm_trio	asmgene	NA
ref.full_dup	0	haplotype1	phased_hifiasm	T2T04_hifiasm_trio	asmgene	NA
asm.full_dup	139	haplotype1	phased_hifiasm	T2T04_hifiasm_trio	asmgene	NA
ref.frag	0	haplotype1	phased_hifiasm	T2T04_hifiasm_trio	asmgene	NA
asm.frag	2	haplotype1	phased_hifiasm	T2T04_hifiasm_trio	asmgene	NA
ref.part50+	0	haplotype1	phased_hifiasm	T2T04_hifiasm_trio	asmgene	NA
asm.part50+	15	haplotype1	phased_hifiasm	T2T04_hifiasm_trio	asmgene	NA
ref.part10+	0	haplotype1	phased_hifiasm	T2T04_hifiasm_trio	asmgene	NA
asm.part10+	0	haplotype1	phased_hifiasm	T2T04_hifiasm_trio	asmgene	NA
ref.part10-	0	haplotype1	phased_hifiasm	T2T04_hifiasm_trio	asmgene	NA
asm.part10-	436	haplotype1	phased_hifiasm	T2T04_hifiasm_trio	asmgene	NA
ref.dup_cnt	1468	haplotype1	phased_hifiasm	T2T04_hifiasm_trio	asmgene	NA
asm.dup_cnt	1149	haplotype1	phased_hifiasm	T2T04_hifiasm_trio	asmgene	NA
ref.dup_sum	4509	haplotype1	phased_hifiasm	T2T04_hifiasm_trio	asmgene	NA
asm.dup_sum	3803	haplotype1	phased_hifiasm	T2T04_hifiasm_trio	asmgene	NA
ref.full_sgl	36118	haplotype2	phased_hifiasm	T2T04_hifiasm_trio	asmgene	NA
asm.full_sgl	34195	haplotype2	phased_hifiasm	T2T04_hifiasm_trio	asmgene	NA
ref.full_dup	0	haplotype2	phased_hifiasm	T2T04_hifiasm_trio	asmgene	NA
asm.full_dup	98	haplotype2	phased_hifiasm	T2T04_hifiasm_trio	asmgene	NA
ref.frag	0	haplotype2	phased_hifiasm	T2T04_hifiasm_trio	asmgene	NA
asm.frag	1	haplotype2	phased_hifiasm	T2T04_hifiasm_trio	asmgene	NA
ref.part50+	0	haplotype2	phased_hifiasm	T2T04_hifiasm_trio	asmgene	NA
asm.part50+	26	haplotype2	phased_hifiasm	T2T04_hifiasm_trio	asmgene	NA
ref.part10+	0	haplotype2	phased_hifiasm	T2T04_hifiasm_trio	asmgene	NA
asm.part10+	5	haplotype2	phased_hifiasm	T2T04_hifiasm_trio	asmgene	NA
ref.part10-	0	haplotype2	phased_hifiasm	T2T04_hifiasm_trio	asmgene	NA
asm.part10-	1793	haplotype2	phased_hifiasm	T2T04_hifiasm_trio	asmgene	NA
ref.dup_cnt	1468	haplotype2	phased_hifiasm	T2T04_hifiasm_trio	asmgene	NA
asm.dup_cnt	1222	haplotype2	phased_hifiasm	T2T04_hifiasm_trio	asmgene	NA
ref.dup_sum	4509	haplotype2	phased_hifiasm	T2T04_hifiasm_trio	asmgene	NA
asm.dup_sum	4032	haplotype2	phased_hifiasm	T2T04_hifiasm_trio	asmgene	NA
ref.full_sgl	36118	haplotype1	phased_hifiasm	T2T00_hifiasm_porec	asmgene	NA
asm.full_sgl	35309	haplotype1	phased_hifiasm	T2T00_hifiasm_porec	asmgene	NA
ref.full_dup	0	haplotype1	phased_hifiasm	T2T00_hifiasm_porec	asmgene	NA
asm.full_dup	263	haplotype1	phased_hifiasm	T2T00_hifiasm_porec	asmgene	NA
ref.frag	0	haplotype1	phased_hifiasm	T2T00_hifiasm_porec	asmgene	NA
asm.frag	6	haplotype1	phased_hifiasm	T2T00_hifiasm_porec	asmgene	NA
ref.part50+	0	haplotype1	phased_hifiasm	T2T00_hifiasm_porec	asmgene	NA
asm.part50+	31	haplotype1	phased_hifiasm	T2T00_hifiasm_porec	asmgene	NA
ref.part10+	0	haplotype1	phased_hifiasm	T2T00_hifiasm_porec	asmgene	NA
asm.part10+	8	haplotype1	phased_hifiasm	T2T00_hifiasm_porec	asmgene	NA
ref.part10-	0	haplotype1	phased_hifiasm	T2T00_hifiasm_porec	asmgene	NA
asm.part10-	501	haplotype1	phased_hifiasm	T2T00_hifiasm_porec	asmgene	NA
ref.dup_cnt	1468	haplotype1	phased_hifiasm	T2T00_hifiasm_porec	asmgene	NA
asm.dup_cnt	1127	haplotype1	phased_hifiasm	T2T00_hifiasm_porec	asmgene	NA
ref.dup_sum	4509	haplotype1	phased_hifiasm	T2T00_hifiasm_porec	asmgene	NA
asm.dup_sum	3827	haplotype1	phased_hifiasm	T2T00_hifiasm_porec	asmgene	NA
ref.full_sgl	36118	haplotype2	phased_hifiasm	T2T00_hifiasm_porec	asmgene	NA
asm.full_sgl	33859	haplotype2	phased_hifiasm	T2T00_hifiasm_porec	asmgene	NA
ref.full_dup	0	haplotype2	phased_hifiasm	T2T00_hifiasm_porec	asmgene	NA
asm.full_dup	192	haplotype2	phased_hifiasm	T2T00_hifiasm_porec	asmgene	NA
ref.frag	0	haplotype2	phased_hifiasm	T2T00_hifiasm_porec	asmgene	NA
asm.frag	3	haplotype2	phased_hifiasm	T2T00_hifiasm_porec	asmgene	NA
ref.part50+	0	haplotype2	phased_hifiasm	T2T00_hifiasm_porec	asmgene	NA
asm.part50+	39	haplotype2	phased_hifiasm	T2T00_hifiasm_porec	asmgene	NA
ref.part10+	0	haplotype2	phased_hifiasm	T2T00_hifiasm_porec	asmgene	NA
asm.part10+	18	haplotype2	phased_hifiasm	T2T00_hifiasm_porec	asmgene	NA
ref.part10-	0	haplotype2	phased_hifiasm	T2T00_hifiasm_porec	asmgene	NA
asm.part10-	2007	haplotype2	phased_hifiasm	T2T00_hifiasm_porec	asmgene	NA
ref.dup_cnt	1468	haplotype2	phased_hifiasm	T2T00_hifiasm_porec	asmgene	NA
asm.dup_cnt	1195	haplotype2	phased_hifiasm	T2T00_hifiasm_porec	asmgene	NA
ref.dup_sum	4509	haplotype2	phased_hifiasm	T2T00_hifiasm_porec	asmgene	NA
asm.dup_sum	4040	haplotype2	phased_hifiasm	T2T00_hifiasm_porec	asmgene	NA
ref.full_sgl	36118	haplotype1	phased_hifiasm	T2T04_hifiasm_porec	asmgene	NA
asm.full_sgl	35716	haplotype1	phased_hifiasm	T2T04_hifiasm_porec	asmgene	NA
ref.full_dup	0	haplotype1	phased_hifiasm	T2T04_hifiasm_porec	asmgene	NA
asm.full_dup	104	haplotype1	phased_hifiasm	T2T04_hifiasm_porec	asmgene	NA
ref.frag	0	haplotype1	phased_hifiasm	T2T04_hifiasm_porec	asmgene	NA
asm.frag	1	haplotype1	phased_hifiasm	T2T04_hifiasm_porec	asmgene	NA
ref.part50+	0	haplotype1	phased_hifiasm	T2T04_hifiasm_porec	asmgene	NA
asm.part50+	18	haplotype1	phased_hifiasm	T2T04_hifiasm_porec	asmgene	NA
ref.part10+	0	haplotype1	phased_hifiasm	T2T04_hifiasm_porec	asmgene	NA
asm.part10+	1	haplotype1	phased_hifiasm	T2T04_hifiasm_porec	asmgene	NA
ref.part10-	0	haplotype1	phased_hifiasm	T2T04_hifiasm_porec	asmgene	NA
asm.part10-	278	haplotype1	phased_hifiasm	T2T04_hifiasm_porec	asmgene	NA
ref.dup_cnt	1468	haplotype1	phased_hifiasm	T2T04_hifiasm_porec	asmgene	NA
asm.dup_cnt	1361	haplotype1	phased_hifiasm	T2T04_hifiasm_porec	asmgene	NA
ref.dup_sum	4509	haplotype1	phased_hifiasm	T2T04_hifiasm_porec	asmgene	NA
asm.dup_sum	4390	haplotype1	phased_hifiasm	T2T04_hifiasm_porec	asmgene	NA
ref.full_sgl	36118	haplotype2	phased_hifiasm	T2T04_hifiasm_porec	asmgene	NA
asm.full_sgl	34047	haplotype2	phased_hifiasm	T2T04_hifiasm_porec	asmgene	NA
ref.full_dup	0	haplotype2	phased_hifiasm	T2T04_hifiasm_porec	asmgene	NA
asm.full_dup	95	haplotype2	phased_hifiasm	T2T04_hifiasm_porec	asmgene	NA
ref.frag	0	haplotype2	phased_hifiasm	T2T04_hifiasm_porec	asmgene	NA
asm.frag	2	haplotype2	phased_hifiasm	T2T04_hifiasm_porec	asmgene	NA
ref.part50+	0	haplotype2	phased_hifiasm	T2T04_hifiasm_porec	asmgene	NA
asm.part50+	22	haplotype2	phased_hifiasm	T2T04_hifiasm_porec	asmgene	NA
ref.part10+	0	haplotype2	phased_hifiasm	T2T04_hifiasm_porec	asmgene	NA
asm.part10+	3	haplotype2	phased_hifiasm	T2T04_hifiasm_porec	asmgene	NA
ref.part10-	0	haplotype2	phased_hifiasm	T2T04_hifiasm_porec	asmgene	NA
asm.part10-	1949	haplotype2	phased_hifiasm	T2T04_hifiasm_porec	asmgene	NA
ref.dup_cnt	1468	haplotype2	phased_hifiasm	T2T04_hifiasm_porec	asmgene	NA
asm.dup_cnt	1029	haplotype2	phased_hifiasm	T2T04_hifiasm_porec	asmgene	NA
ref.dup_sum	4509	haplotype2	phased_hifiasm	T2T04_hifiasm_porec	asmgene	NA
asm.dup_sum	3403	haplotype2	phased_hifiasm	T2T04_hifiasm_porec	asmgene	NA
inter-chromosomal_misjoins	1	haplotype1	phased_verkko	T2T00_trio	misjoin	NA
intra-chromosomal_gaps	5	haplotype1	phased_verkko	T2T00_trio	misjoin	NA
candidate_inversions_in_the_middle	2	haplotype1	phased_verkko	T2T00_trio	misjoin	NA
candidate_inversions_at_contig_ends	0	haplotype1	phased_verkko	T2T00_trio	misjoin	NA
inter-chromosomal_misjoins	0	haplotype2	phased_verkko	T2T00_trio	misjoin	NA
intra-chromosomal_gaps	10	haplotype2	phased_verkko	T2T00_trio	misjoin	NA
candidate_inversions_in_the_middle	3	haplotype2	phased_verkko	T2T00_trio	misjoin	NA
candidate_inversions_at_contig_ends	2	haplotype2	phased_verkko	T2T00_trio	misjoin	NA
inter-chromosomal_misjoins	0	haplotype1	phased_verkko	T2T04_trio	misjoin	NA
intra-chromosomal_gaps	7	haplotype1	phased_verkko	T2T04_trio	misjoin	NA
candidate_inversions_in_the_middle	2	haplotype1	phased_verkko	T2T04_trio	misjoin	NA
candidate_inversions_at_contig_ends	2	haplotype1	phased_verkko	T2T04_trio	misjoin	NA
inter-chromosomal_misjoins	0	haplotype2	phased_verkko	T2T04_trio	misjoin	NA
intra-chromosomal_gaps	8	haplotype2	phased_verkko	T2T04_trio	misjoin	NA
candidate_inversions_in_the_middle	2	haplotype2	phased_verkko	T2T04_trio	misjoin	NA
candidate_inversions_at_contig_ends	0	haplotype2	phased_verkko	T2T04_trio	misjoin	NA
inter-chromosomal_misjoins	2	haplotype1	phased_verkko	T2T00	misjoin	NA
intra-chromosomal_gaps	9	haplotype1	phased_verkko	T2T00	misjoin	NA
candidate_inversions_in_the_middle	4	haplotype1	phased_verkko	T2T00	misjoin	NA
candidate_inversions_at_contig_ends	0	haplotype1	phased_verkko	T2T00	misjoin	NA
inter-chromosomal_misjoins	1	haplotype2	phased_verkko	T2T00	misjoin	NA
intra-chromosomal_gaps	8	haplotype2	phased_verkko	T2T00	misjoin	NA
candidate_inversions_in_the_middle	1	haplotype2	phased_verkko	T2T00	misjoin	NA
candidate_inversions_at_contig_ends	2	haplotype2	phased_verkko	T2T00	misjoin	NA
inter-chromosomal_misjoins	0	haplotype1	phased_verkko	T2T04	misjoin	NA
intra-chromosomal_gaps	7	haplotype1	phased_verkko	T2T04	misjoin	NA
candidate_inversions_in_the_middle	2	haplotype1	phased_verkko	T2T04	misjoin	NA
candidate_inversions_at_contig_ends	0	haplotype1	phased_verkko	T2T04	misjoin	NA
inter-chromosomal_misjoins	0	haplotype2	phased_verkko	T2T04	misjoin	NA
intra-chromosomal_gaps	7	haplotype2	phased_verkko	T2T04	misjoin	NA
candidate_inversions_in_the_middle	2	haplotype2	phased_verkko	T2T04	misjoin	NA
candidate_inversions_at_contig_ends	2	haplotype2	phased_verkko	T2T04	misjoin	NA
inter-chromosomal_misjoins	1	haplotype1	phased_hifiasm	T2T00_hifiasm_trio	misjoin	NA
intra-chromosomal_gaps	5	haplotype1	phased_hifiasm	T2T00_hifiasm_trio	misjoin	NA
candidate_inversions_in_the_middle	1	haplotype1	phased_hifiasm	T2T00_hifiasm_trio	misjoin	NA
candidate_inversions_at_contig_ends	1	haplotype1	phased_hifiasm	T2T00_hifiasm_trio	misjoin	NA
inter-chromosomal_misjoins	1	haplotype2	phased_hifiasm	T2T00_hifiasm_trio	misjoin	NA
intra-chromosomal_gaps	9	haplotype2	phased_hifiasm	T2T00_hifiasm_trio	misjoin	NA
candidate_inversions_in_the_middle	2	haplotype2	phased_hifiasm	T2T00_hifiasm_trio	misjoin	NA
candidate_inversions_at_contig_ends	2	haplotype2	phased_hifiasm	T2T00_hifiasm_trio	misjoin	NA
inter-chromosomal_misjoins	0	haplotype1	phased_hifiasm	T2T04_hifiasm_trio	misjoin	NA
intra-chromosomal_gaps	6	haplotype1	phased_hifiasm	T2T04_hifiasm_trio	misjoin	NA
candidate_inversions_in_the_middle	2	haplotype1	phased_hifiasm	T2T04_hifiasm_trio	misjoin	NA
candidate_inversions_at_contig_ends	2	haplotype1	phased_hifiasm	T2T04_hifiasm_trio	misjoin	NA
inter-chromosomal_misjoins	0	haplotype2	phased_hifiasm	T2T04_hifiasm_trio	misjoin	NA
intra-chromosomal_gaps	10	haplotype2	phased_hifiasm	T2T04_hifiasm_trio	misjoin	NA
candidate_inversions_in_the_middle	2	haplotype2	phased_hifiasm	T2T04_hifiasm_trio	misjoin	NA
candidate_inversions_at_contig_ends	0	haplotype2	phased_hifiasm	T2T04_hifiasm_trio	misjoin	NA
inter-chromosomal_misjoins	1	haplotype1	phased_hifiasm	T2T00_hifiasm_porec	misjoin	NA
intra-chromosomal_gaps	5	haplotype1	phased_hifiasm	T2T00_hifiasm_porec	misjoin	NA
candidate_inversions_in_the_middle	1	haplotype1	phased_hifiasm	T2T00_hifiasm_porec	misjoin	NA
candidate_inversions_at_contig_ends	1	haplotype1	phased_hifiasm	T2T00_hifiasm_porec	misjoin	NA
inter-chromosomal_misjoins	1	haplotype2	phased_hifiasm	T2T00_hifiasm_porec	misjoin	NA
intra-chromosomal_gaps	8	haplotype2	phased_hifiasm	T2T00_hifiasm_porec	misjoin	NA
candidate_inversions_in_the_middle	2	haplotype2	phased_hifiasm	T2T00_hifiasm_porec	misjoin	NA
candidate_inversions_at_contig_ends	2	haplotype2	phased_hifiasm	T2T00_hifiasm_porec	misjoin	NA
inter-chromosomal_misjoins	0	haplotype1	phased_hifiasm	T2T04_hifiasm_porec	misjoin	NA
intra-chromosomal_gaps	6	haplotype1	phased_hifiasm	T2T04_hifiasm_porec	misjoin	NA
candidate_inversions_in_the_middle	2	haplotype1	phased_hifiasm	T2T04_hifiasm_porec	misjoin	NA
candidate_inversions_at_contig_ends	2	haplotype1	phased_hifiasm	T2T04_hifiasm_porec	misjoin	NA
inter-chromosomal_misjoins	0	haplotype2	phased_hifiasm	T2T04_hifiasm_porec	misjoin	NA
intra-chromosomal_gaps	9	haplotype2	phased_hifiasm	T2T04_hifiasm_porec	misjoin	NA
candidate_inversions_in_the_middle	2	haplotype2	phased_hifiasm	T2T04_hifiasm_porec	misjoin	NA
candidate_inversions_at_contig_ends	0	haplotype2	phased_hifiasm	T2T04_hifiasm_porec	misjoin	NA
variants	376607	both	phased_verkko	T2T00_trio	whatshap_stats	chr1
phased	251205	both	phased_verkko	T2T00_trio	whatshap_stats	chr1
unphased	8764	both	phased_verkko	T2T00_trio	whatshap_stats	chr1
singletons	0	both	phased_verkko	T2T00_trio	whatshap_stats	chr1
blocks	1	both	phased_verkko	T2T00_trio	whatshap_stats	chr1
variant_per_block_median	251205	both	phased_verkko	T2T00_trio	whatshap_stats	chr1
variant_per_block_avg	251205	both	phased_verkko	T2T00_trio	whatshap_stats	chr1
variant_per_block_min	251205	both	phased_verkko	T2T00_trio	whatshap_stats	chr1
variant_per_block_max	251205	both	phased_verkko	T2T00_trio	whatshap_stats	chr1
variant_per_block_sum	251205	both	phased_verkko	T2T00_trio	whatshap_stats	chr1
bp_per_block_median	248380941	both	phased_verkko	T2T00_trio	whatshap_stats	chr1
bp_per_block_avg	248380941	both	phased_verkko	T2T00_trio	whatshap_stats	chr1
bp_per_block_min	248380941	both	phased_verkko	T2T00_trio	whatshap_stats	chr1
bp_per_block_max	248380941	both	phased_verkko	T2T00_trio	whatshap_stats	chr1
bp_per_block_sum	248380941	both	phased_verkko	T2T00_trio	whatshap_stats	chr1
heterozygous_variants	259969	both	phased_verkko	T2T00_trio	whatshap_stats	chr1
heterozygous_snvs	217047	both	phased_verkko	T2T00_trio	whatshap_stats	chr1
phased_snvs	208760	both	phased_verkko	T2T00_trio	whatshap_stats	chr1
phased_fraction	0.96628828821898	both	phased_verkko	T2T00_trio	whatshap_stats	chr1
phased_snvs_fraction	0.9618193294539892	both	phased_verkko	T2T00_trio	whatshap_stats	chr1
block_n50	248380941	both	phased_verkko	T2T00_trio	whatshap_stats	chr1
variants	353569	both	phased_verkko	T2T00_trio	whatshap_stats	chr2
phased	237911	both	phased_verkko	T2T00_trio	whatshap_stats	chr2
unphased	580	both	phased_verkko	T2T00_trio	whatshap_stats	chr2
singletons	0	both	phased_verkko	T2T00_trio	whatshap_stats	chr2
blocks	1	both	phased_verkko	T2T00_trio	whatshap_stats	chr2
variant_per_block_median	237911	both	phased_verkko	T2T00_trio	whatshap_stats	chr2
variant_per_block_avg	237911	both	phased_verkko	T2T00_trio	whatshap_stats	chr2
variant_per_block_min	237911	both	phased_verkko	T2T00_trio	whatshap_stats	chr2
variant_per_block_max	237911	both	phased_verkko	T2T00_trio	whatshap_stats	chr2
variant_per_block_sum	237911	both	phased_verkko	T2T00_trio	whatshap_stats	chr2
bp_per_block_median	242690911	both	phased_verkko	T2T00_trio	whatshap_stats	chr2
bp_per_block_avg	242690911	both	phased_verkko	T2T00_trio	whatshap_stats	chr2
bp_per_block_min	242690911	both	phased_verkko	T2T00_trio	whatshap_stats	chr2
bp_per_block_max	242690911	both	phased_verkko	T2T00_trio	whatshap_stats	chr2
bp_per_block_sum	242690911	both	phased_verkko	T2T00_trio	whatshap_stats	chr2
heterozygous_variants	238491	both	phased_verkko	T2T00_trio	whatshap_stats	chr2
heterozygous_snvs	197339	both	phased_verkko	T2T00_trio	whatshap_stats	chr2
phased_snvs	196817	both	phased_verkko	T2T00_trio	whatshap_stats	chr2
phased_fraction	0.9975680423999228	both	phased_verkko	T2T00_trio	whatshap_stats	chr2
phased_snvs_fraction	0.9973548056897016	both	phased_verkko	T2T00_trio	whatshap_stats	chr2
block_n50	242690911	both	phased_verkko	T2T00_trio	whatshap_stats	chr2
variants	304244	both	phased_verkko	T2T00_trio	whatshap_stats	chr3
phased	205593	both	phased_verkko	T2T00_trio	whatshap_stats	chr3
unphased	0	both	phased_verkko	T2T00_trio	whatshap_stats	chr3
singletons	0	both	phased_verkko	T2T00_trio	whatshap_stats	chr3
blocks	1	both	phased_verkko	T2T00_trio	whatshap_stats	chr3
variant_per_block_median	205593	both	phased_verkko	T2T00_trio	whatshap_stats	chr3
variant_per_block_avg	205593	both	phased_verkko	T2T00_trio	whatshap_stats	chr3
variant_per_block_min	205593	both	phased_verkko	T2T00_trio	whatshap_stats	chr3
variant_per_block_max	205593	both	phased_verkko	T2T00_trio	whatshap_stats	chr3
variant_per_block_sum	205593	both	phased_verkko	T2T00_trio	whatshap_stats	chr3
bp_per_block_median	201098384	both	phased_verkko	T2T00_trio	whatshap_stats	chr3
bp_per_block_avg	201098384	both	phased_verkko	T2T00_trio	whatshap_stats	chr3
bp_per_block_min	201098384	both	phased_verkko	T2T00_trio	whatshap_stats	chr3
bp_per_block_max	201098384	both	phased_verkko	T2T00_trio	whatshap_stats	chr3
bp_per_block_sum	201098384	both	phased_verkko	T2T00_trio	whatshap_stats	chr3
heterozygous_variants	205593	both	phased_verkko	T2T00_trio	whatshap_stats	chr3
heterozygous_snvs	172779	both	phased_verkko	T2T00_trio	whatshap_stats	chr3
phased_snvs	172779	both	phased_verkko	T2T00_trio	whatshap_stats	chr3
phased_fraction	1	both	phased_verkko	T2T00_trio	whatshap_stats	chr3
phased_snvs_fraction	1	both	phased_verkko	T2T00_trio	whatshap_stats	chr3
block_n50	201098384	both	phased_verkko	T2T00_trio	whatshap_stats	chr3
variants	330785	both	phased_verkko	T2T00_trio	whatshap_stats	chr4
phased	223627	both	phased_verkko	T2T00_trio	whatshap_stats	chr4
unphased	3146	both	phased_verkko	T2T00_trio	whatshap_stats	chr4
singletons	0	both	phased_verkko	T2T00_trio	whatshap_stats	chr4
blocks	1	both	phased_verkko	T2T00_trio	whatshap_stats	chr4
variant_per_block_median	223627	both	phased_verkko	T2T00_trio	whatshap_stats	chr4
variant_per_block_avg	223627	both	phased_verkko	T2T00_trio	whatshap_stats	chr4
variant_per_block_min	223627	both	phased_verkko	T2T00_trio	whatshap_stats	chr4
variant_per_block_max	223627	both	phased_verkko	T2T00_trio	whatshap_stats	chr4
variant_per_block_sum	223627	both	phased_verkko	T2T00_trio	whatshap_stats	chr4
bp_per_block_median	193487794	both	phased_verkko	T2T00_trio	whatshap_stats	chr4
bp_per_block_avg	193487794	both	phased_verkko	T2T00_trio	whatshap_stats	chr4
bp_per_block_min	193487794	both	phased_verkko	T2T00_trio	whatshap_stats	chr4
bp_per_block_max	193487794	both	phased_verkko	T2T00_trio	whatshap_stats	chr4
bp_per_block_sum	193487794	both	phased_verkko	T2T00_trio	whatshap_stats	chr4
heterozygous_variants	226773	both	phased_verkko	T2T00_trio	whatshap_stats	chr4
heterozygous_snvs	191860	both	phased_verkko	T2T00_trio	whatshap_stats	chr4
phased_snvs	188971	both	phased_verkko	T2T00_trio	whatshap_stats	chr4
phased_fraction	0.9861270962592548	both	phased_verkko	T2T00_trio	whatshap_stats	chr4
phased_snvs_fraction	0.9849421453142916	both	phased_verkko	T2T00_trio	whatshap_stats	chr4
block_n50	193487794	both	phased_verkko	T2T00_trio	whatshap_stats	chr4
variants	273279	both	phased_verkko	T2T00_trio	whatshap_stats	chr5
phased	186815	both	phased_verkko	T2T00_trio	whatshap_stats	chr5
unphased	1	both	phased_verkko	T2T00_trio	whatshap_stats	chr5
singletons	0	both	phased_verkko	T2T00_trio	whatshap_stats	chr5
blocks	1	both	phased_verkko	T2T00_trio	whatshap_stats	chr5
variant_per_block_median	186815	both	phased_verkko	T2T00_trio	whatshap_stats	chr5
variant_per_block_avg	186815	both	phased_verkko	T2T00_trio	whatshap_stats	chr5
variant_per_block_min	186815	both	phased_verkko	T2T00_trio	whatshap_stats	chr5
variant_per_block_max	186815	both	phased_verkko	T2T00_trio	whatshap_stats	chr5
variant_per_block_sum	186815	both	phased_verkko	T2T00_trio	whatshap_stats	chr5
bp_per_block_median	182042449	both	phased_verkko	T2T00_trio	whatshap_stats	chr5
bp_per_block_avg	182042449	both	phased_verkko	T2T00_trio	whatshap_stats	chr5
bp_per_block_min	182042449	both	phased_verkko	T2T00_trio	whatshap_stats	chr5
bp_per_block_max	182042449	both	phased_verkko	T2T00_trio	whatshap_stats	chr5
bp_per_block_sum	182042449	both	phased_verkko	T2T00_trio	whatshap_stats	chr5
heterozygous_variants	186816	both	phased_verkko	T2T00_trio	whatshap_stats	chr5
heterozygous_snvs	156912	both	phased_verkko	T2T00_trio	whatshap_stats	chr5
phased_snvs	156911	both	phased_verkko	T2T00_trio	whatshap_stats	chr5
phased_fraction	0.9999946471394312	both	phased_verkko	T2T00_trio	whatshap_stats	chr5
phased_snvs_fraction	0.9999936270011216	both	phased_verkko	T2T00_trio	whatshap_stats	chr5
block_n50	182042449	both	phased_verkko	T2T00_trio	whatshap_stats	chr5
variants	300303	both	phased_verkko	T2T00_trio	whatshap_stats	chr6
phased	203233	both	phased_verkko	T2T00_trio	whatshap_stats	chr6
unphased	834	both	phased_verkko	T2T00_trio	whatshap_stats	chr6
singletons	0	both	phased_verkko	T2T00_trio	whatshap_stats	chr6
blocks	1	both	phased_verkko	T2T00_trio	whatshap_stats	chr6
variant_per_block_median	203233	both	phased_verkko	T2T00_trio	whatshap_stats	chr6
variant_per_block_avg	203233	both	phased_verkko	T2T00_trio	whatshap_stats	chr6
variant_per_block_min	203233	both	phased_verkko	T2T00_trio	whatshap_stats	chr6
variant_per_block_max	203233	both	phased_verkko	T2T00_trio	whatshap_stats	chr6
variant_per_block_sum	203233	both	phased_verkko	T2T00_trio	whatshap_stats	chr6
bp_per_block_median	172115959	both	phased_verkko	T2T00_trio	whatshap_stats	chr6
bp_per_block_avg	172115959	both	phased_verkko	T2T00_trio	whatshap_stats	chr6
bp_per_block_min	172115959	both	phased_verkko	T2T00_trio	whatshap_stats	chr6
bp_per_block_max	172115959	both	phased_verkko	T2T00_trio	whatshap_stats	chr6
bp_per_block_sum	172115959	both	phased_verkko	T2T00_trio	whatshap_stats	chr6
heterozygous_variants	204067	both	phased_verkko	T2T00_trio	whatshap_stats	chr6
heterozygous_snvs	173156	both	phased_verkko	T2T00_trio	whatshap_stats	chr6
phased_snvs	172395	both	phased_verkko	T2T00_trio	whatshap_stats	chr6
phased_fraction	0.9959131069697698	both	phased_verkko	T2T00_trio	whatshap_stats	chr6
phased_snvs_fraction	0.99560511908337	both	phased_verkko	T2T00_trio	whatshap_stats	chr6
block_n50	172115959	both	phased_verkko	T2T00_trio	whatshap_stats	chr6
variants	281447	both	phased_verkko	T2T00_trio	whatshap_stats	chr7
phased	187889	both	phased_verkko	T2T00_trio	whatshap_stats	chr7
unphased	21	both	phased_verkko	T2T00_trio	whatshap_stats	chr7
singletons	0	both	phased_verkko	T2T00_trio	whatshap_stats	chr7
blocks	1	both	phased_verkko	T2T00_trio	whatshap_stats	chr7
variant_per_block_median	187889	both	phased_verkko	T2T00_trio	whatshap_stats	chr7
variant_per_block_avg	187889	both	phased_verkko	T2T00_trio	whatshap_stats	chr7
variant_per_block_min	187889	both	phased_verkko	T2T00_trio	whatshap_stats	chr7
variant_per_block_max	187889	both	phased_verkko	T2T00_trio	whatshap_stats	chr7
variant_per_block_sum	187889	both	phased_verkko	T2T00_trio	whatshap_stats	chr7
bp_per_block_median	160562362	both	phased_verkko	T2T00_trio	whatshap_stats	chr7
bp_per_block_avg	160562362	both	phased_verkko	T2T00_trio	whatshap_stats	chr7
bp_per_block_min	160562362	both	phased_verkko	T2T00_trio	whatshap_stats	chr7
bp_per_block_max	160562362	both	phased_verkko	T2T00_trio	whatshap_stats	chr7
bp_per_block_sum	160562362	both	phased_verkko	T2T00_trio	whatshap_stats	chr7
heterozygous_variants	187910	both	phased_verkko	T2T00_trio	whatshap_stats	chr7
heterozygous_snvs	157242	both	phased_verkko	T2T00_trio	whatshap_stats	chr7
phased_snvs	157224	both	phased_verkko	T2T00_trio	whatshap_stats	chr7
phased_fraction	0.999888244372306	both	phased_verkko	T2T00_trio	whatshap_stats	chr7
phased_snvs_fraction	0.9998855267676576	both	phased_verkko	T2T00_trio	whatshap_stats	chr7
block_n50	160562362	both	phased_verkko	T2T00_trio	whatshap_stats	chr7
variants	128963	both	phased_verkko	T2T00_trio	whatshap_stats	chrX
phased	128943	both	phased_verkko	T2T00_trio	whatshap_stats	chrX
unphased	20	both	phased_verkko	T2T00_trio	whatshap_stats	chrX
singletons	0	both	phased_verkko	T2T00_trio	whatshap_stats	chrX
blocks	1	both	phased_verkko	T2T00_trio	whatshap_stats	chrX
variant_per_block_median	128943	both	phased_verkko	T2T00_trio	whatshap_stats	chrX
variant_per_block_avg	128943	both	phased_verkko	T2T00_trio	whatshap_stats	chrX
variant_per_block_min	128943	both	phased_verkko	T2T00_trio	whatshap_stats	chrX
variant_per_block_max	128943	both	phased_verkko	T2T00_trio	whatshap_stats	chrX
variant_per_block_sum	128943	both	phased_verkko	T2T00_trio	whatshap_stats	chrX
bp_per_block_median	154251204	both	phased_verkko	T2T00_trio	whatshap_stats	chrX
bp_per_block_avg	154251204	both	phased_verkko	T2T00_trio	whatshap_stats	chrX
bp_per_block_min	154251204	both	phased_verkko	T2T00_trio	whatshap_stats	chrX
bp_per_block_max	154251204	both	phased_verkko	T2T00_trio	whatshap_stats	chrX
bp_per_block_sum	154251204	both	phased_verkko	T2T00_trio	whatshap_stats	chrX
heterozygous_variants	128963	both	phased_verkko	T2T00_trio	whatshap_stats	chrX
heterozygous_snvs	100281	both	phased_verkko	T2T00_trio	whatshap_stats	chrX
phased_snvs	100278	both	phased_verkko	T2T00_trio	whatshap_stats	chrX
phased_fraction	0.9998449167590704	both	phased_verkko	T2T00_trio	whatshap_stats	chrX
phased_snvs_fraction	0.9999700840637809	both	phased_verkko	T2T00_trio	whatshap_stats	chrX
block_n50	154251204	both	phased_verkko	T2T00_trio	whatshap_stats	chrX
variants	232762	both	phased_verkko	T2T00_trio	whatshap_stats	chr9
phased	156997	both	phased_verkko	T2T00_trio	whatshap_stats	chr9
unphased	3303	both	phased_verkko	T2T00_trio	whatshap_stats	chr9
singletons	0	both	phased_verkko	T2T00_trio	whatshap_stats	chr9
blocks	1	both	phased_verkko	T2T00_trio	whatshap_stats	chr9
variant_per_block_median	156997	both	phased_verkko	T2T00_trio	whatshap_stats	chr9
variant_per_block_avg	156997	both	phased_verkko	T2T00_trio	whatshap_stats	chr9
variant_per_block_min	156997	both	phased_verkko	T2T00_trio	whatshap_stats	chr9
variant_per_block_max	156997	both	phased_verkko	T2T00_trio	whatshap_stats	chr9
variant_per_block_sum	156997	both	phased_verkko	T2T00_trio	whatshap_stats	chr9
bp_per_block_median	150610674	both	phased_verkko	T2T00_trio	whatshap_stats	chr9
bp_per_block_avg	150610674	both	phased_verkko	T2T00_trio	whatshap_stats	chr9
bp_per_block_min	150610674	both	phased_verkko	T2T00_trio	whatshap_stats	chr9
bp_per_block_max	150610674	both	phased_verkko	T2T00_trio	whatshap_stats	chr9
bp_per_block_sum	150610674	both	phased_verkko	T2T00_trio	whatshap_stats	chr9
heterozygous_variants	160300	both	phased_verkko	T2T00_trio	whatshap_stats	chr9
heterozygous_snvs	128694	both	phased_verkko	T2T00_trio	whatshap_stats	chr9
phased_snvs	125847	both	phased_verkko	T2T00_trio	whatshap_stats	chr9
phased_fraction	0.9793948845913912	both	phased_verkko	T2T00_trio	whatshap_stats	chr9
phased_snvs_fraction	0.9778777565387664	both	phased_verkko	T2T00_trio	whatshap_stats	chr9
block_n50	150610674	both	phased_verkko	T2T00_trio	whatshap_stats	chr9
variants	238574	both	phased_verkko	T2T00_trio	whatshap_stats	chr8
phased	150845	both	phased_verkko	T2T00_trio	whatshap_stats	chr8
unphased	1377	both	phased_verkko	T2T00_trio	whatshap_stats	chr8
singletons	0	both	phased_verkko	T2T00_trio	whatshap_stats	chr8
blocks	1	both	phased_verkko	T2T00_trio	whatshap_stats	chr8
variant_per_block_median	150845	both	phased_verkko	T2T00_trio	whatshap_stats	chr8
variant_per_block_avg	150845	both	phased_verkko	T2T00_trio	whatshap_stats	chr8
variant_per_block_min	150845	both	phased_verkko	T2T00_trio	whatshap_stats	chr8
variant_per_block_max	150845	both	phased_verkko	T2T00_trio	whatshap_stats	chr8
variant_per_block_sum	150845	both	phased_verkko	T2T00_trio	whatshap_stats	chr8
bp_per_block_median	146240505	both	phased_verkko	T2T00_trio	whatshap_stats	chr8
bp_per_block_avg	146240505	both	phased_verkko	T2T00_trio	whatshap_stats	chr8
bp_per_block_min	146240505	both	phased_verkko	T2T00_trio	whatshap_stats	chr8
bp_per_block_max	146240505	both	phased_verkko	T2T00_trio	whatshap_stats	chr8
bp_per_block_sum	146240505	both	phased_verkko	T2T00_trio	whatshap_stats	chr8
heterozygous_variants	152222	both	phased_verkko	T2T00_trio	whatshap_stats	chr8
heterozygous_snvs	128601	both	phased_verkko	T2T00_trio	whatshap_stats	chr8
phased_snvs	127324	both	phased_verkko	T2T00_trio	whatshap_stats	chr8
phased_fraction	0.9909540013927028	both	phased_verkko	T2T00_trio	whatshap_stats	chr8
phased_snvs_fraction	0.9900700616635952	both	phased_verkko	T2T00_trio	whatshap_stats	chr8
block_n50	146240505	both	phased_verkko	T2T00_trio	whatshap_stats	chr8
variants	274603	both	phased_verkko	T2T00_trio	whatshap_stats	chr11
phased	190362	both	phased_verkko	T2T00_trio	whatshap_stats	chr11
unphased	429	both	phased_verkko	T2T00_trio	whatshap_stats	chr11
singletons	0	both	phased_verkko	T2T00_trio	whatshap_stats	chr11
blocks	1	both	phased_verkko	T2T00_trio	whatshap_stats	chr11
variant_per_block_median	190362	both	phased_verkko	T2T00_trio	whatshap_stats	chr11
variant_per_block_avg	190362	both	phased_verkko	T2T00_trio	whatshap_stats	chr11
variant_per_block_min	190362	both	phased_verkko	T2T00_trio	whatshap_stats	chr11
variant_per_block_max	190362	both	phased_verkko	T2T00_trio	whatshap_stats	chr11
variant_per_block_sum	190362	both	phased_verkko	T2T00_trio	whatshap_stats	chr11
bp_per_block_median	135123648	both	phased_verkko	T2T00_trio	whatshap_stats	chr11
bp_per_block_avg	135123648	both	phased_verkko	T2T00_trio	whatshap_stats	chr11
bp_per_block_min	135123648	both	phased_verkko	T2T00_trio	whatshap_stats	chr11
bp_per_block_max	135123648	both	phased_verkko	T2T00_trio	whatshap_stats	chr11
bp_per_block_sum	135123648	both	phased_verkko	T2T00_trio	whatshap_stats	chr11
heterozygous_variants	190791	both	phased_verkko	T2T00_trio	whatshap_stats	chr11
heterozygous_snvs	166665	both	phased_verkko	T2T00_trio	whatshap_stats	chr11
phased_snvs	166246	both	phased_verkko	T2T00_trio	whatshap_stats	chr11
phased_fraction	0.997751466264132	both	phased_verkko	T2T00_trio	whatshap_stats	chr11
phased_snvs_fraction	0.9974859748597484	both	phased_verkko	T2T00_trio	whatshap_stats	chr11
block_n50	135123648	both	phased_verkko	T2T00_trio	whatshap_stats	chr11
variants	220546	both	phased_verkko	T2T00_trio	whatshap_stats	chr10
phased	150340	both	phased_verkko	T2T00_trio	whatshap_stats	chr10
unphased	727	both	phased_verkko	T2T00_trio	whatshap_stats	chr10
singletons	0	both	phased_verkko	T2T00_trio	whatshap_stats	chr10
blocks	1	both	phased_verkko	T2T00_trio	whatshap_stats	chr10
variant_per_block_median	150340	both	phased_verkko	T2T00_trio	whatshap_stats	chr10
variant_per_block_avg	150340	both	phased_verkko	T2T00_trio	whatshap_stats	chr10
variant_per_block_min	150340	both	phased_verkko	T2T00_trio	whatshap_stats	chr10
variant_per_block_max	150340	both	phased_verkko	T2T00_trio	whatshap_stats	chr10
variant_per_block_sum	150340	both	phased_verkko	T2T00_trio	whatshap_stats	chr10
bp_per_block_median	134751250	both	phased_verkko	T2T00_trio	whatshap_stats	chr10
bp_per_block_avg	134751250	both	phased_verkko	T2T00_trio	whatshap_stats	chr10
bp_per_block_min	134751250	both	phased_verkko	T2T00_trio	whatshap_stats	chr10
bp_per_block_max	134751250	both	phased_verkko	T2T00_trio	whatshap_stats	chr10
bp_per_block_sum	134751250	both	phased_verkko	T2T00_trio	whatshap_stats	chr10
heterozygous_variants	151067	both	phased_verkko	T2T00_trio	whatshap_stats	chr10
heterozygous_snvs	125236	both	phased_verkko	T2T00_trio	whatshap_stats	chr10
phased_snvs	124592	both	phased_verkko	T2T00_trio	whatshap_stats	chr10
phased_fraction	0.9951875657820702	both	phased_verkko	T2T00_trio	whatshap_stats	chr10
phased_snvs_fraction	0.9948577086460764	both	phased_verkko	T2T00_trio	whatshap_stats	chr10
block_n50	134751250	both	phased_verkko	T2T00_trio	whatshap_stats	chr10
variants	205151	both	phased_verkko	T2T00_trio	whatshap_stats	chr12
phased	138297	both	phased_verkko	T2T00_trio	whatshap_stats	chr12
unphased	0	both	phased_verkko	T2T00_trio	whatshap_stats	chr12
singletons	0	both	phased_verkko	T2T00_trio	whatshap_stats	chr12
blocks	1	both	phased_verkko	T2T00_trio	whatshap_stats	chr12
variant_per_block_median	138297	both	phased_verkko	T2T00_trio	whatshap_stats	chr12
variant_per_block_avg	138297	both	phased_verkko	T2T00_trio	whatshap_stats	chr12
variant_per_block_min	138297	both	phased_verkko	T2T00_trio	whatshap_stats	chr12
variant_per_block_max	138297	both	phased_verkko	T2T00_trio	whatshap_stats	chr12
variant_per_block_sum	138297	both	phased_verkko	T2T00_trio	whatshap_stats	chr12
bp_per_block_median	133319650	both	phased_verkko	T2T00_trio	whatshap_stats	chr12
bp_per_block_avg	133319650	both	phased_verkko	T2T00_trio	whatshap_stats	chr12
bp_per_block_min	133319650	both	phased_verkko	T2T00_trio	whatshap_stats	chr12
bp_per_block_max	133319650	both	phased_verkko	T2T00_trio	whatshap_stats	chr12
bp_per_block_sum	133319650	both	phased_verkko	T2T00_trio	whatshap_stats	chr12
heterozygous_variants	138297	both	phased_verkko	T2T00_trio	whatshap_stats	chr12
heterozygous_snvs	114138	both	phased_verkko	T2T00_trio	whatshap_stats	chr12
phased_snvs	114138	both	phased_verkko	T2T00_trio	whatshap_stats	chr12
phased_fraction	1	both	phased_verkko	T2T00_trio	whatshap_stats	chr12
phased_snvs_fraction	1	both	phased_verkko	T2T00_trio	whatshap_stats	chr12
block_n50	133319650	both	phased_verkko	T2T00_trio	whatshap_stats	chr12
variants	164285	both	phased_verkko	T2T00_trio	whatshap_stats	chr13
phased	108823	both	phased_verkko	T2T00_trio	whatshap_stats	chr13
unphased	397	both	phased_verkko	T2T00_trio	whatshap_stats	chr13
singletons	0	both	phased_verkko	T2T00_trio	whatshap_stats	chr13
blocks	1	both	phased_verkko	T2T00_trio	whatshap_stats	chr13
variant_per_block_median	108823	both	phased_verkko	T2T00_trio	whatshap_stats	chr13
variant_per_block_avg	108823	both	phased_verkko	T2T00_trio	whatshap_stats	chr13
variant_per_block_min	108823	both	phased_verkko	T2T00_trio	whatshap_stats	chr13
variant_per_block_max	108823	both	phased_verkko	T2T00_trio	whatshap_stats	chr13
variant_per_block_sum	108823	both	phased_verkko	T2T00_trio	whatshap_stats	chr13
bp_per_block_median	108629334	both	phased_verkko	T2T00_trio	whatshap_stats	chr13
bp_per_block_avg	108629334	both	phased_verkko	T2T00_trio	whatshap_stats	chr13
bp_per_block_min	108629334	both	phased_verkko	T2T00_trio	whatshap_stats	chr13
bp_per_block_max	108629334	both	phased_verkko	T2T00_trio	whatshap_stats	chr13
bp_per_block_sum	108629334	both	phased_verkko	T2T00_trio	whatshap_stats	chr13
heterozygous_variants	109220	both	phased_verkko	T2T00_trio	whatshap_stats	chr13
heterozygous_snvs	90301	both	phased_verkko	T2T00_trio	whatshap_stats	chr13
phased_snvs	90113	both	phased_verkko	T2T00_trio	whatshap_stats	chr13
phased_fraction	0.9963651345907344	both	phased_verkko	T2T00_trio	whatshap_stats	chr13
phased_snvs_fraction	0.9979180739969656	both	phased_verkko	T2T00_trio	whatshap_stats	chr13
block_n50	108629334	both	phased_verkko	T2T00_trio	whatshap_stats	chr13
variants	219383	both	phased_verkko	T2T00_trio	whatshap_stats	chr14
phased	143835	both	phased_verkko	T2T00_trio	whatshap_stats	chr14
unphased	12779	both	phased_verkko	T2T00_trio	whatshap_stats	chr14
singletons	0	both	phased_verkko	T2T00_trio	whatshap_stats	chr14
blocks	1	both	phased_verkko	T2T00_trio	whatshap_stats	chr14
variant_per_block_median	143835	both	phased_verkko	T2T00_trio	whatshap_stats	chr14
variant_per_block_avg	143835	both	phased_verkko	T2T00_trio	whatshap_stats	chr14
variant_per_block_min	143835	both	phased_verkko	T2T00_trio	whatshap_stats	chr14
variant_per_block_max	143835	both	phased_verkko	T2T00_trio	whatshap_stats	chr14
variant_per_block_sum	143835	both	phased_verkko	T2T00_trio	whatshap_stats	chr14
bp_per_block_median	101156836	both	phased_verkko	T2T00_trio	whatshap_stats	chr14
bp_per_block_avg	101156836	both	phased_verkko	T2T00_trio	whatshap_stats	chr14
bp_per_block_min	101156836	both	phased_verkko	T2T00_trio	whatshap_stats	chr14
bp_per_block_max	101156836	both	phased_verkko	T2T00_trio	whatshap_stats	chr14
bp_per_block_sum	101156836	both	phased_verkko	T2T00_trio	whatshap_stats	chr14
heterozygous_variants	156614	both	phased_verkko	T2T00_trio	whatshap_stats	chr14
heterozygous_snvs	136445	both	phased_verkko	T2T00_trio	whatshap_stats	chr14
phased_snvs	124663	both	phased_verkko	T2T00_trio	whatshap_stats	chr14
phased_fraction	0.9184044849119491	both	phased_verkko	T2T00_trio	whatshap_stats	chr14
phased_snvs_fraction	0.91365018872073	both	phased_verkko	T2T00_trio	whatshap_stats	chr14
block_n50	101156836	both	phased_verkko	T2T00_trio	whatshap_stats	chr14
variants	221147	both	phased_verkko	T2T00_trio	whatshap_stats	chr15
phased	156490	both	phased_verkko	T2T00_trio	whatshap_stats	chr15
unphased	17313	both	phased_verkko	T2T00_trio	whatshap_stats	chr15
singletons	0	both	phased_verkko	T2T00_trio	whatshap_stats	chr15
blocks	1	both	phased_verkko	T2T00_trio	whatshap_stats	chr15
variant_per_block_median	156490	both	phased_verkko	T2T00_trio	whatshap_stats	chr15
variant_per_block_avg	156490	both	phased_verkko	T2T00_trio	whatshap_stats	chr15
variant_per_block_min	156490	both	phased_verkko	T2T00_trio	whatshap_stats	chr15
variant_per_block_max	156490	both	phased_verkko	T2T00_trio	whatshap_stats	chr15
variant_per_block_sum	156490	both	phased_verkko	T2T00_trio	whatshap_stats	chr15
bp_per_block_median	99743372	both	phased_verkko	T2T00_trio	whatshap_stats	chr15
bp_per_block_avg	99743372	both	phased_verkko	T2T00_trio	whatshap_stats	chr15
bp_per_block_min	99743372	both	phased_verkko	T2T00_trio	whatshap_stats	chr15
bp_per_block_max	99743372	both	phased_verkko	T2T00_trio	whatshap_stats	chr15
bp_per_block_sum	99743372	both	phased_verkko	T2T00_trio	whatshap_stats	chr15
heterozygous_variants	173803	both	phased_verkko	T2T00_trio	whatshap_stats	chr15
heterozygous_snvs	150444	both	phased_verkko	T2T00_trio	whatshap_stats	chr15
phased_snvs	134847	both	phased_verkko	T2T00_trio	whatshap_stats	chr15
phased_fraction	0.9003872200134635	both	phased_verkko	T2T00_trio	whatshap_stats	chr15
phased_snvs_fraction	0.8963268724575257	both	phased_verkko	T2T00_trio	whatshap_stats	chr15
block_n50	99743372	both	phased_verkko	T2T00_trio	whatshap_stats	chr15
variants	183755	both	phased_verkko	T2T00_trio	whatshap_stats	chr16
phased	129837	both	phased_verkko	T2T00_trio	whatshap_stats	chr16
unphased	1528	both	phased_verkko	T2T00_trio	whatshap_stats	chr16
singletons	0	both	phased_verkko	T2T00_trio	whatshap_stats	chr16
blocks	1	both	phased_verkko	T2T00_trio	whatshap_stats	chr16
variant_per_block_median	129837	both	phased_verkko	T2T00_trio	whatshap_stats	chr16
variant_per_block_avg	129837	both	phased_verkko	T2T00_trio	whatshap_stats	chr16
variant_per_block_min	129837	both	phased_verkko	T2T00_trio	whatshap_stats	chr16
variant_per_block_max	129837	both	phased_verkko	T2T00_trio	whatshap_stats	chr16
variant_per_block_sum	129837	both	phased_verkko	T2T00_trio	whatshap_stats	chr16
bp_per_block_median	96324206	both	phased_verkko	T2T00_trio	whatshap_stats	chr16
bp_per_block_avg	96324206	both	phased_verkko	T2T00_trio	whatshap_stats	chr16
bp_per_block_min	96324206	both	phased_verkko	T2T00_trio	whatshap_stats	chr16
bp_per_block_max	96324206	both	phased_verkko	T2T00_trio	whatshap_stats	chr16
bp_per_block_sum	96324206	both	phased_verkko	T2T00_trio	whatshap_stats	chr16
heterozygous_variants	131365	both	phased_verkko	T2T00_trio	whatshap_stats	chr16
heterozygous_snvs	113286	both	phased_verkko	T2T00_trio	whatshap_stats	chr16
phased_snvs	111900	both	phased_verkko	T2T00_trio	whatshap_stats	chr16
phased_fraction	0.9883682868343928	both	phased_verkko	T2T00_trio	whatshap_stats	chr16
phased_snvs_fraction	0.9877654785233831	both	phased_verkko	T2T00_trio	whatshap_stats	chr16
block_n50	96324206	both	phased_verkko	T2T00_trio	whatshap_stats	chr16
variants	148514	both	phased_verkko	T2T00_trio	whatshap_stats	chr17
phased	93092	both	phased_verkko	T2T00_trio	whatshap_stats	chr17
unphased	43	both	phased_verkko	T2T00_trio	whatshap_stats	chr17
singletons	0	both	phased_verkko	T2T00_trio	whatshap_stats	chr17
blocks	1	both	phased_verkko	T2T00_trio	whatshap_stats	chr17
variant_per_block_median	93092	both	phased_verkko	T2T00_trio	whatshap_stats	chr17
variant_per_block_avg	93092	both	phased_verkko	T2T00_trio	whatshap_stats	chr17
variant_per_block_min	93092	both	phased_verkko	T2T00_trio	whatshap_stats	chr17
variant_per_block_max	93092	both	phased_verkko	T2T00_trio	whatshap_stats	chr17
variant_per_block_sum	93092	both	phased_verkko	T2T00_trio	whatshap_stats	chr17
bp_per_block_median	84235151	both	phased_verkko	T2T00_trio	whatshap_stats	chr17
bp_per_block_avg	84235151	both	phased_verkko	T2T00_trio	whatshap_stats	chr17
bp_per_block_min	84235151	both	phased_verkko	T2T00_trio	whatshap_stats	chr17
bp_per_block_max	84235151	both	phased_verkko	T2T00_trio	whatshap_stats	chr17
bp_per_block_sum	84235151	both	phased_verkko	T2T00_trio	whatshap_stats	chr17
heterozygous_variants	93135	both	phased_verkko	T2T00_trio	whatshap_stats	chr17
heterozygous_snvs	76864	both	phased_verkko	T2T00_trio	whatshap_stats	chr17
phased_snvs	76833	both	phased_verkko	T2T00_trio	whatshap_stats	chr17
phased_fraction	0.9995383046115852	both	phased_verkko	T2T00_trio	whatshap_stats	chr17
phased_snvs_fraction	0.9995966902581184	both	phased_verkko	T2T00_trio	whatshap_stats	chr17
block_n50	84235151	both	phased_verkko	T2T00_trio	whatshap_stats	chr17
variants	133119	both	phased_verkko	T2T00_trio	whatshap_stats	chr18
phased	92802	both	phased_verkko	T2T00_trio	whatshap_stats	chr18
unphased	0	both	phased_verkko	T2T00_trio	whatshap_stats	chr18
singletons	0	both	phased_verkko	T2T00_trio	whatshap_stats	chr18
blocks	1	both	phased_verkko	T2T00_trio	whatshap_stats	chr18
variant_per_block_median	92802	both	phased_verkko	T2T00_trio	whatshap_stats	chr18
variant_per_block_avg	92802	both	phased_verkko	T2T00_trio	whatshap_stats	chr18
variant_per_block_min	92802	both	phased_verkko	T2T00_trio	whatshap_stats	chr18
variant_per_block_max	92802	both	phased_verkko	T2T00_trio	whatshap_stats	chr18
variant_per_block_sum	92802	both	phased_verkko	T2T00_trio	whatshap_stats	chr18
bp_per_block_median	80375332	both	phased_verkko	T2T00_trio	whatshap_stats	chr18
bp_per_block_avg	80375332	both	phased_verkko	T2T00_trio	whatshap_stats	chr18
bp_per_block_min	80375332	both	phased_verkko	T2T00_trio	whatshap_stats	chr18
bp_per_block_max	80375332	both	phased_verkko	T2T00_trio	whatshap_stats	chr18
bp_per_block_sum	80375332	both	phased_verkko	T2T00_trio	whatshap_stats	chr18
heterozygous_variants	92802	both	phased_verkko	T2T00_trio	whatshap_stats	chr18
heterozygous_snvs	79047	both	phased_verkko	T2T00_trio	whatshap_stats	chr18
phased_snvs	79047	both	phased_verkko	T2T00_trio	whatshap_stats	chr18
phased_fraction	1	both	phased_verkko	T2T00_trio	whatshap_stats	chr18
phased_snvs_fraction	1	both	phased_verkko	T2T00_trio	whatshap_stats	chr18
block_n50	80375332	both	phased_verkko	T2T00_trio	whatshap_stats	chr18
variants	121527	both	phased_verkko	T2T00_trio	whatshap_stats	chr20
phased	83332	both	phased_verkko	T2T00_trio	whatshap_stats	chr20
unphased	288	both	phased_verkko	T2T00_trio	whatshap_stats	chr20
singletons	0	both	phased_verkko	T2T00_trio	whatshap_stats	chr20
blocks	1	both	phased_verkko	T2T00_trio	whatshap_stats	chr20
variant_per_block_median	83332	both	phased_verkko	T2T00_trio	whatshap_stats	chr20
variant_per_block_avg	83332	both	phased_verkko	T2T00_trio	whatshap_stats	chr20
variant_per_block_min	83332	both	phased_verkko	T2T00_trio	whatshap_stats	chr20
variant_per_block_max	83332	both	phased_verkko	T2T00_trio	whatshap_stats	chr20
variant_per_block_sum	83332	both	phased_verkko	T2T00_trio	whatshap_stats	chr20
bp_per_block_median	66203713	both	phased_verkko	T2T00_trio	whatshap_stats	chr20
bp_per_block_avg	66203713	both	phased_verkko	T2T00_trio	whatshap_stats	chr20
bp_per_block_min	66203713	both	phased_verkko	T2T00_trio	whatshap_stats	chr20
bp_per_block_max	66203713	both	phased_verkko	T2T00_trio	whatshap_stats	chr20
bp_per_block_sum	66203713	both	phased_verkko	T2T00_trio	whatshap_stats	chr20
heterozygous_variants	83620	both	phased_verkko	T2T00_trio	whatshap_stats	chr20
heterozygous_snvs	71156	both	phased_verkko	T2T00_trio	whatshap_stats	chr20
phased_snvs	70897	both	phased_verkko	T2T00_trio	whatshap_stats	chr20
phased_fraction	0.9965558478832816	both	phased_verkko	T2T00_trio	whatshap_stats	chr20
phased_snvs_fraction	0.9963601101804486	both	phased_verkko	T2T00_trio	whatshap_stats	chr20
block_n50	66203713	both	phased_verkko	T2T00_trio	whatshap_stats	chr20
variants	120918	both	phased_verkko	T2T00_trio	whatshap_stats	chr19
phased	86487	both	phased_verkko	T2T00_trio	whatshap_stats	chr19
unphased	0	both	phased_verkko	T2T00_trio	whatshap_stats	chr19
singletons	0	both	phased_verkko	T2T00_trio	whatshap_stats	chr19
blocks	1	both	phased_verkko	T2T00_trio	whatshap_stats	chr19
variant_per_block_median	86487	both	phased_verkko	T2T00_trio	whatshap_stats	chr19
variant_per_block_avg	86487	both	phased_verkko	T2T00_trio	whatshap_stats	chr19
variant_per_block_min	86487	both	phased_verkko	T2T00_trio	whatshap_stats	chr19
variant_per_block_max	86487	both	phased_verkko	T2T00_trio	whatshap_stats	chr19
variant_per_block_sum	86487	both	phased_verkko	T2T00_trio	whatshap_stats	chr19
bp_per_block_median	61701747	both	phased_verkko	T2T00_trio	whatshap_stats	chr19
bp_per_block_avg	61701747	both	phased_verkko	T2T00_trio	whatshap_stats	chr19
bp_per_block_min	61701747	both	phased_verkko	T2T00_trio	whatshap_stats	chr19
bp_per_block_max	61701747	both	phased_verkko	T2T00_trio	whatshap_stats	chr19
bp_per_block_sum	61701747	both	phased_verkko	T2T00_trio	whatshap_stats	chr19
heterozygous_variants	86487	both	phased_verkko	T2T00_trio	whatshap_stats	chr19
heterozygous_snvs	71038	both	phased_verkko	T2T00_trio	whatshap_stats	chr19
phased_snvs	71038	both	phased_verkko	T2T00_trio	whatshap_stats	chr19
phased_fraction	1	both	phased_verkko	T2T00_trio	whatshap_stats	chr19
phased_snvs_fraction	1	both	phased_verkko	T2T00_trio	whatshap_stats	chr19
block_n50	61701747	both	phased_verkko	T2T00_trio	whatshap_stats	chr19
variants	154150	both	phased_verkko	T2T00_trio	whatshap_stats	chr22
phased	118919	both	phased_verkko	T2T00_trio	whatshap_stats	chr22
unphased	3219	both	phased_verkko	T2T00_trio	whatshap_stats	chr22
singletons	0	both	phased_verkko	T2T00_trio	whatshap_stats	chr22
blocks	1	both	phased_verkko	T2T00_trio	whatshap_stats	chr22
variant_per_block_median	118919	both	phased_verkko	T2T00_trio	whatshap_stats	chr22
variant_per_block_avg	118919	both	phased_verkko	T2T00_trio	whatshap_stats	chr22
variant_per_block_min	118919	both	phased_verkko	T2T00_trio	whatshap_stats	chr22
variant_per_block_max	118919	both	phased_verkko	T2T00_trio	whatshap_stats	chr22
variant_per_block_sum	118919	both	phased_verkko	T2T00_trio	whatshap_stats	chr22
bp_per_block_median	51317321	both	phased_verkko	T2T00_trio	whatshap_stats	chr22
bp_per_block_avg	51317321	both	phased_verkko	T2T00_trio	whatshap_stats	chr22
bp_per_block_min	51317321	both	phased_verkko	T2T00_trio	whatshap_stats	chr22
bp_per_block_max	51317321	both	phased_verkko	T2T00_trio	whatshap_stats	chr22
bp_per_block_sum	51317321	both	phased_verkko	T2T00_trio	whatshap_stats	chr22
heterozygous_variants	122138	both	phased_verkko	T2T00_trio	whatshap_stats	chr22
heterozygous_snvs	108168	both	phased_verkko	T2T00_trio	whatshap_stats	chr22
phased_snvs	105337	both	phased_verkko	T2T00_trio	whatshap_stats	chr22
phased_fraction	0.9736445659827409	both	phased_verkko	T2T00_trio	whatshap_stats	chr22
phased_snvs_fraction	0.9738277494268176	both	phased_verkko	T2T00_trio	whatshap_stats	chr22
block_n50	51317321	both	phased_verkko	T2T00_trio	whatshap_stats	chr22
variants	103907	both	phased_verkko	T2T00_trio	whatshap_stats	chr21
phased	72638	both	phased_verkko	T2T00_trio	whatshap_stats	chr21
unphased	9646	both	phased_verkko	T2T00_trio	whatshap_stats	chr21
singletons	0	both	phased_verkko	T2T00_trio	whatshap_stats	chr21
blocks	1	both	phased_verkko	T2T00_trio	whatshap_stats	chr21
variant_per_block_median	72638	both	phased_verkko	T2T00_trio	whatshap_stats	chr21
variant_per_block_avg	72638	both	phased_verkko	T2T00_trio	whatshap_stats	chr21
variant_per_block_min	72638	both	phased_verkko	T2T00_trio	whatshap_stats	chr21
variant_per_block_max	72638	both	phased_verkko	T2T00_trio	whatshap_stats	chr21
variant_per_block_sum	72638	both	phased_verkko	T2T00_trio	whatshap_stats	chr21
bp_per_block_median	45083440	both	phased_verkko	T2T00_trio	whatshap_stats	chr21
bp_per_block_avg	45083440	both	phased_verkko	T2T00_trio	whatshap_stats	chr21
bp_per_block_min	45083440	both	phased_verkko	T2T00_trio	whatshap_stats	chr21
bp_per_block_max	45083440	both	phased_verkko	T2T00_trio	whatshap_stats	chr21
bp_per_block_sum	45083440	both	phased_verkko	T2T00_trio	whatshap_stats	chr21
heterozygous_variants	82284	both	phased_verkko	T2T00_trio	whatshap_stats	chr21
heterozygous_snvs	70720	both	phased_verkko	T2T00_trio	whatshap_stats	chr21
phased_snvs	61900	both	phased_verkko	T2T00_trio	whatshap_stats	chr21
phased_fraction	0.8827718633027077	both	phased_verkko	T2T00_trio	whatshap_stats	chr21
phased_snvs_fraction	0.8752828054298643	both	phased_verkko	T2T00_trio	whatshap_stats	chr21
block_n50	45083440	both	phased_verkko	T2T00_trio	whatshap_stats	chr21
variants	5091538	both	phased_verkko	T2T00_trio	whatshap_stats	ALL
phased	3498312	both	phased_verkko	T2T00_trio	whatshap_stats	ALL
unphased	64415	both	phased_verkko	T2T00_trio	whatshap_stats	ALL
singletons	0	both	phased_verkko	T2T00_trio	whatshap_stats	ALL
blocks	23	both	phased_verkko	T2T00_trio	whatshap_stats	ALL
variant_per_block_median	150340	both	phased_verkko	T2T00_trio	whatshap_stats	ALL
variant_per_block_avg	152100.52173913043	both	phased_verkko	T2T00_trio	whatshap_stats	ALL
variant_per_block_min	72638	both	phased_verkko	T2T00_trio	whatshap_stats	ALL
variant_per_block_max	251205	both	phased_verkko	T2T00_trio	whatshap_stats	ALL
variant_per_block_sum	3498312	both	phased_verkko	T2T00_trio	whatshap_stats	ALL
bp_per_block_median	134751250	both	phased_verkko	T2T00_trio	whatshap_stats	ALL
bp_per_block_avg	132584616.6521739	both	phased_verkko	T2T00_trio	whatshap_stats	ALL
bp_per_block_min	45083440	both	phased_verkko	T2T00_trio	whatshap_stats	ALL
bp_per_block_max	248380941	both	phased_verkko	T2T00_trio	whatshap_stats	ALL
bp_per_block_sum	3049446183	both	phased_verkko	T2T00_trio	whatshap_stats	ALL
heterozygous_variants	3562727	both	phased_verkko	T2T00_trio	whatshap_stats	ALL
heterozygous_snvs	2997419	both	phased_verkko	T2T00_trio	whatshap_stats	ALL
phased_snvs	2938857	both	phased_verkko	T2T00_trio	whatshap_stats	ALL
phased_fraction	0.9819197485521624	both	phased_verkko	T2T00_trio	whatshap_stats	ALL
phased_snvs_fraction	0.9804625245919908	both	phased_verkko	T2T00_trio	whatshap_stats	ALL
block_n50	154251204	both	phased_verkko	T2T00_trio	whatshap_stats	ALL
variants	360660	both	phased_verkko	T2T04_trio	whatshap_stats	chr1
phased	235232	both	phased_verkko	T2T04_trio	whatshap_stats	chr1
unphased	316	both	phased_verkko	T2T04_trio	whatshap_stats	chr1
singletons	0	both	phased_verkko	T2T04_trio	whatshap_stats	chr1
blocks	1	both	phased_verkko	T2T04_trio	whatshap_stats	chr1
variant_per_block_median	235232	both	phased_verkko	T2T04_trio	whatshap_stats	chr1
variant_per_block_avg	235232	both	phased_verkko	T2T04_trio	whatshap_stats	chr1
variant_per_block_min	235232	both	phased_verkko	T2T04_trio	whatshap_stats	chr1
variant_per_block_max	235232	both	phased_verkko	T2T04_trio	whatshap_stats	chr1
variant_per_block_sum	235232	both	phased_verkko	T2T04_trio	whatshap_stats	chr1
bp_per_block_median	248380958	both	phased_verkko	T2T04_trio	whatshap_stats	chr1
bp_per_block_avg	248380958	both	phased_verkko	T2T04_trio	whatshap_stats	chr1
bp_per_block_min	248380958	both	phased_verkko	T2T04_trio	whatshap_stats	chr1
bp_per_block_max	248380958	both	phased_verkko	T2T04_trio	whatshap_stats	chr1
bp_per_block_sum	248380958	both	phased_verkko	T2T04_trio	whatshap_stats	chr1
heterozygous_variants	235548	both	phased_verkko	T2T04_trio	whatshap_stats	chr1
heterozygous_snvs	194538	both	phased_verkko	T2T04_trio	whatshap_stats	chr1
phased_snvs	194236	both	phased_verkko	T2T04_trio	whatshap_stats	chr1
phased_fraction	0.9986584475351096	both	phased_verkko	T2T04_trio	whatshap_stats	chr1
phased_snvs_fraction	0.9984476040670718	both	phased_verkko	T2T04_trio	whatshap_stats	chr1
block_n50	248380958	both	phased_verkko	T2T04_trio	whatshap_stats	chr1
variants	349143	both	phased_verkko	T2T04_trio	whatshap_stats	chr2
phased	229802	both	phased_verkko	T2T04_trio	whatshap_stats	chr2
unphased	581	both	phased_verkko	T2T04_trio	whatshap_stats	chr2
singletons	0	both	phased_verkko	T2T04_trio	whatshap_stats	chr2
blocks	1	both	phased_verkko	T2T04_trio	whatshap_stats	chr2
variant_per_block_median	229802	both	phased_verkko	T2T04_trio	whatshap_stats	chr2
variant_per_block_avg	229802	both	phased_verkko	T2T04_trio	whatshap_stats	chr2
variant_per_block_min	229802	both	phased_verkko	T2T04_trio	whatshap_stats	chr2
variant_per_block_max	229802	both	phased_verkko	T2T04_trio	whatshap_stats	chr2
variant_per_block_sum	229802	both	phased_verkko	T2T04_trio	whatshap_stats	chr2
bp_per_block_median	242690676	both	phased_verkko	T2T04_trio	whatshap_stats	chr2
bp_per_block_avg	242690676	both	phased_verkko	T2T04_trio	whatshap_stats	chr2
bp_per_block_min	242690676	both	phased_verkko	T2T04_trio	whatshap_stats	chr2
bp_per_block_max	242690676	both	phased_verkko	T2T04_trio	whatshap_stats	chr2
bp_per_block_sum	242690676	both	phased_verkko	T2T04_trio	whatshap_stats	chr2
heterozygous_variants	230383	both	phased_verkko	T2T04_trio	whatshap_stats	chr2
heterozygous_snvs	189916	both	phased_verkko	T2T04_trio	whatshap_stats	chr2
phased_snvs	189392	both	phased_verkko	T2T04_trio	whatshap_stats	chr2
phased_fraction	0.9974781125343448	both	phased_verkko	T2T04_trio	whatshap_stats	chr2
phased_snvs_fraction	0.9972408854440912	both	phased_verkko	T2T04_trio	whatshap_stats	chr2
block_n50	242690676	both	phased_verkko	T2T04_trio	whatshap_stats	chr2
variants	334470	both	phased_verkko	T2T04_trio	whatshap_stats	chr3
phased	223041	both	phased_verkko	T2T04_trio	whatshap_stats	chr3
unphased	3485	both	phased_verkko	T2T04_trio	whatshap_stats	chr3
singletons	0	both	phased_verkko	T2T04_trio	whatshap_stats	chr3
blocks	1	both	phased_verkko	T2T04_trio	whatshap_stats	chr3
variant_per_block_median	223041	both	phased_verkko	T2T04_trio	whatshap_stats	chr3
variant_per_block_avg	223041	both	phased_verkko	T2T04_trio	whatshap_stats	chr3
variant_per_block_min	223041	both	phased_verkko	T2T04_trio	whatshap_stats	chr3
variant_per_block_max	223041	both	phased_verkko	T2T04_trio	whatshap_stats	chr3
variant_per_block_sum	223041	both	phased_verkko	T2T04_trio	whatshap_stats	chr3
bp_per_block_median	201086483	both	phased_verkko	T2T04_trio	whatshap_stats	chr3
bp_per_block_avg	201086483	both	phased_verkko	T2T04_trio	whatshap_stats	chr3
bp_per_block_min	201086483	both	phased_verkko	T2T04_trio	whatshap_stats	chr3
bp_per_block_max	201086483	both	phased_verkko	T2T04_trio	whatshap_stats	chr3
bp_per_block_sum	201086483	both	phased_verkko	T2T04_trio	whatshap_stats	chr3
heterozygous_variants	226526	both	phased_verkko	T2T04_trio	whatshap_stats	chr3
heterozygous_snvs	191369	both	phased_verkko	T2T04_trio	whatshap_stats	chr3
phased_snvs	188076	both	phased_verkko	T2T04_trio	whatshap_stats	chr3
phased_fraction	0.9846154525308352	both	phased_verkko	T2T04_trio	whatshap_stats	chr3
phased_snvs_fraction	0.9827924062936004	both	phased_verkko	T2T04_trio	whatshap_stats	chr3
block_n50	201086483	both	phased_verkko	T2T04_trio	whatshap_stats	chr3
variants	331064	both	phased_verkko	T2T04_trio	whatshap_stats	chr4
phased	224052	both	phased_verkko	T2T04_trio	whatshap_stats	chr4
unphased	1003	both	phased_verkko	T2T04_trio	whatshap_stats	chr4
singletons	0	both	phased_verkko	T2T04_trio	whatshap_stats	chr4
blocks	1	both	phased_verkko	T2T04_trio	whatshap_stats	chr4
variant_per_block_median	224052	both	phased_verkko	T2T04_trio	whatshap_stats	chr4
variant_per_block_avg	224052	both	phased_verkko	T2T04_trio	whatshap_stats	chr4
variant_per_block_min	224052	both	phased_verkko	T2T04_trio	whatshap_stats	chr4
variant_per_block_max	224052	both	phased_verkko	T2T04_trio	whatshap_stats	chr4
variant_per_block_sum	224052	both	phased_verkko	T2T04_trio	whatshap_stats	chr4
bp_per_block_median	193493360	both	phased_verkko	T2T04_trio	whatshap_stats	chr4
bp_per_block_avg	193493360	both	phased_verkko	T2T04_trio	whatshap_stats	chr4
bp_per_block_min	193493360	both	phased_verkko	T2T04_trio	whatshap_stats	chr4
bp_per_block_max	193493360	both	phased_verkko	T2T04_trio	whatshap_stats	chr4
bp_per_block_sum	193493360	both	phased_verkko	T2T04_trio	whatshap_stats	chr4
heterozygous_variants	225055	both	phased_verkko	T2T04_trio	whatshap_stats	chr4
heterozygous_snvs	190200	both	phased_verkko	T2T04_trio	whatshap_stats	chr4
phased_snvs	189262	both	phased_verkko	T2T04_trio	whatshap_stats	chr4
phased_fraction	0.9955433116349336	both	phased_verkko	T2T04_trio	whatshap_stats	chr4
phased_snvs_fraction	0.995068349106204	both	phased_verkko	T2T04_trio	whatshap_stats	chr4
block_n50	193493360	both	phased_verkko	T2T04_trio	whatshap_stats	chr4
variants	277774	both	phased_verkko	T2T04_trio	whatshap_stats	chr5
phased	179570	both	phased_verkko	T2T04_trio	whatshap_stats	chr5
unphased	132	both	phased_verkko	T2T04_trio	whatshap_stats	chr5
singletons	0	both	phased_verkko	T2T04_trio	whatshap_stats	chr5
blocks	1	both	phased_verkko	T2T04_trio	whatshap_stats	chr5
variant_per_block_median	179570	both	phased_verkko	T2T04_trio	whatshap_stats	chr5
variant_per_block_avg	179570	both	phased_verkko	T2T04_trio	whatshap_stats	chr5
variant_per_block_min	179570	both	phased_verkko	T2T04_trio	whatshap_stats	chr5
variant_per_block_max	179570	both	phased_verkko	T2T04_trio	whatshap_stats	chr5
variant_per_block_sum	179570	both	phased_verkko	T2T04_trio	whatshap_stats	chr5
bp_per_block_median	182041818	both	phased_verkko	T2T04_trio	whatshap_stats	chr5
bp_per_block_avg	182041818	both	phased_verkko	T2T04_trio	whatshap_stats	chr5
bp_per_block_min	182041818	both	phased_verkko	T2T04_trio	whatshap_stats	chr5
bp_per_block_max	182041818	both	phased_verkko	T2T04_trio	whatshap_stats	chr5
bp_per_block_sum	182041818	both	phased_verkko	T2T04_trio	whatshap_stats	chr5
heterozygous_variants	179702	both	phased_verkko	T2T04_trio	whatshap_stats	chr5
heterozygous_snvs	149347	both	phased_verkko	T2T04_trio	whatshap_stats	chr5
phased_snvs	149237	both	phased_verkko	T2T04_trio	whatshap_stats	chr5
phased_fraction	0.9992654505792924	both	phased_verkko	T2T04_trio	whatshap_stats	chr5
phased_snvs_fraction	0.9992634602636812	both	phased_verkko	T2T04_trio	whatshap_stats	chr5
block_n50	182041818	both	phased_verkko	T2T04_trio	whatshap_stats	chr5
variants	302604	both	phased_verkko	T2T04_trio	whatshap_stats	chr6
phased	204724	both	phased_verkko	T2T04_trio	whatshap_stats	chr6
unphased	1	both	phased_verkko	T2T04_trio	whatshap_stats	chr6
singletons	0	both	phased_verkko	T2T04_trio	whatshap_stats	chr6
blocks	1	both	phased_verkko	T2T04_trio	whatshap_stats	chr6
variant_per_block_median	204724	both	phased_verkko	T2T04_trio	whatshap_stats	chr6
variant_per_block_avg	204724	both	phased_verkko	T2T04_trio	whatshap_stats	chr6
variant_per_block_min	204724	both	phased_verkko	T2T04_trio	whatshap_stats	chr6
variant_per_block_max	204724	both	phased_verkko	T2T04_trio	whatshap_stats	chr6
variant_per_block_sum	204724	both	phased_verkko	T2T04_trio	whatshap_stats	chr6
bp_per_block_median	172120583	both	phased_verkko	T2T04_trio	whatshap_stats	chr6
bp_per_block_avg	172120583	both	phased_verkko	T2T04_trio	whatshap_stats	chr6
bp_per_block_min	172120583	both	phased_verkko	T2T04_trio	whatshap_stats	chr6
bp_per_block_max	172120583	both	phased_verkko	T2T04_trio	whatshap_stats	chr6
bp_per_block_sum	172120583	both	phased_verkko	T2T04_trio	whatshap_stats	chr6
heterozygous_variants	204725	both	phased_verkko	T2T04_trio	whatshap_stats	chr6
heterozygous_snvs	174166	both	phased_verkko	T2T04_trio	whatshap_stats	chr6
phased_snvs	174165	both	phased_verkko	T2T04_trio	whatshap_stats	chr6
phased_fraction	0.9999951153987056	both	phased_verkko	T2T04_trio	whatshap_stats	chr6
phased_snvs_fraction	0.999994258351228	both	phased_verkko	T2T04_trio	whatshap_stats	chr6
block_n50	172120583	both	phased_verkko	T2T04_trio	whatshap_stats	chr6
variants	281731	both	phased_verkko	T2T04_trio	whatshap_stats	chr7
phased	193842	both	phased_verkko	T2T04_trio	whatshap_stats	chr7
unphased	12	both	phased_verkko	T2T04_trio	whatshap_stats	chr7
singletons	0	both	phased_verkko	T2T04_trio	whatshap_stats	chr7
blocks	1	both	phased_verkko	T2T04_trio	whatshap_stats	chr7
variant_per_block_median	193842	both	phased_verkko	T2T04_trio	whatshap_stats	chr7
variant_per_block_avg	193842	both	phased_verkko	T2T04_trio	whatshap_stats	chr7
variant_per_block_min	193842	both	phased_verkko	T2T04_trio	whatshap_stats	chr7
variant_per_block_max	193842	both	phased_verkko	T2T04_trio	whatshap_stats	chr7
variant_per_block_sum	193842	both	phased_verkko	T2T04_trio	whatshap_stats	chr7
bp_per_block_median	160560798	both	phased_verkko	T2T04_trio	whatshap_stats	chr7
bp_per_block_avg	160560798	both	phased_verkko	T2T04_trio	whatshap_stats	chr7
bp_per_block_min	160560798	both	phased_verkko	T2T04_trio	whatshap_stats	chr7
bp_per_block_max	160560798	both	phased_verkko	T2T04_trio	whatshap_stats	chr7
bp_per_block_sum	160560798	both	phased_verkko	T2T04_trio	whatshap_stats	chr7
heterozygous_variants	193854	both	phased_verkko	T2T04_trio	whatshap_stats	chr7
heterozygous_snvs	162520	both	phased_verkko	T2T04_trio	whatshap_stats	chr7
phased_snvs	162511	both	phased_verkko	T2T04_trio	whatshap_stats	chr7
phased_fraction	0.9999380977436628	both	phased_verkko	T2T04_trio	whatshap_stats	chr7
phased_snvs_fraction	0.9999446222003444	both	phased_verkko	T2T04_trio	whatshap_stats	chr7
block_n50	160560798	both	phased_verkko	T2T04_trio	whatshap_stats	chr7
variants	130597	both	phased_verkko	T2T04_trio	whatshap_stats	chrX
phased	130597	both	phased_verkko	T2T04_trio	whatshap_stats	chrX
unphased	0	both	phased_verkko	T2T04_trio	whatshap_stats	chrX
singletons	0	both	phased_verkko	T2T04_trio	whatshap_stats	chrX
blocks	1	both	phased_verkko	T2T04_trio	whatshap_stats	chrX
variant_per_block_median	130597	both	phased_verkko	T2T04_trio	whatshap_stats	chrX
variant_per_block_avg	130597	both	phased_verkko	T2T04_trio	whatshap_stats	chrX
variant_per_block_min	130597	both	phased_verkko	T2T04_trio	whatshap_stats	chrX
variant_per_block_max	130597	both	phased_verkko	T2T04_trio	whatshap_stats	chrX
variant_per_block_sum	130597	both	phased_verkko	T2T04_trio	whatshap_stats	chrX
bp_per_block_median	154197817	both	phased_verkko	T2T04_trio	whatshap_stats	chrX
bp_per_block_avg	154197817	both	phased_verkko	T2T04_trio	whatshap_stats	chrX
bp_per_block_min	154197817	both	phased_verkko	T2T04_trio	whatshap_stats	chrX
bp_per_block_max	154197817	both	phased_verkko	T2T04_trio	whatshap_stats	chrX
bp_per_block_sum	154197817	both	phased_verkko	T2T04_trio	whatshap_stats	chrX
heterozygous_variants	130597	both	phased_verkko	T2T04_trio	whatshap_stats	chrX
heterozygous_snvs	100651	both	phased_verkko	T2T04_trio	whatshap_stats	chrX
phased_snvs	100651	both	phased_verkko	T2T04_trio	whatshap_stats	chrX
phased_fraction	1	both	phased_verkko	T2T04_trio	whatshap_stats	chrX
phased_snvs_fraction	1	both	phased_verkko	T2T04_trio	whatshap_stats	chrX
block_n50	154197817	both	phased_verkko	T2T04_trio	whatshap_stats	chrX
variants	227402	both	phased_verkko	T2T04_trio	whatshap_stats	chr9
phased	165787	both	phased_verkko	T2T04_trio	whatshap_stats	chr9
unphased	493	both	phased_verkko	T2T04_trio	whatshap_stats	chr9
singletons	0	both	phased_verkko	T2T04_trio	whatshap_stats	chr9
blocks	1	both	phased_verkko	T2T04_trio	whatshap_stats	chr9
variant_per_block_median	165787	both	phased_verkko	T2T04_trio	whatshap_stats	chr9
variant_per_block_avg	165787	both	phased_verkko	T2T04_trio	whatshap_stats	chr9
variant_per_block_min	165787	both	phased_verkko	T2T04_trio	whatshap_stats	chr9
variant_per_block_max	165787	both	phased_verkko	T2T04_trio	whatshap_stats	chr9
variant_per_block_sum	165787	both	phased_verkko	T2T04_trio	whatshap_stats	chr9
bp_per_block_median	150611885	both	phased_verkko	T2T04_trio	whatshap_stats	chr9
bp_per_block_avg	150611885	both	phased_verkko	T2T04_trio	whatshap_stats	chr9
bp_per_block_min	150611885	both	phased_verkko	T2T04_trio	whatshap_stats	chr9
bp_per_block_max	150611885	both	phased_verkko	T2T04_trio	whatshap_stats	chr9
bp_per_block_sum	150611885	both	phased_verkko	T2T04_trio	whatshap_stats	chr9
heterozygous_variants	166280	both	phased_verkko	T2T04_trio	whatshap_stats	chr9
heterozygous_snvs	138348	both	phased_verkko	T2T04_trio	whatshap_stats	chr9
phased_snvs	137905	both	phased_verkko	T2T04_trio	whatshap_stats	chr9
phased_fraction	0.9970351214818378	both	phased_verkko	T2T04_trio	whatshap_stats	chr9
phased_snvs_fraction	0.9967979298580392	both	phased_verkko	T2T04_trio	whatshap_stats	chr9
block_n50	150611885	both	phased_verkko	T2T04_trio	whatshap_stats	chr9
variants	234246	both	phased_verkko	T2T04_trio	whatshap_stats	chr8
phased	161465	both	phased_verkko	T2T04_trio	whatshap_stats	chr8
unphased	0	both	phased_verkko	T2T04_trio	whatshap_stats	chr8
singletons	0	both	phased_verkko	T2T04_trio	whatshap_stats	chr8
blocks	1	both	phased_verkko	T2T04_trio	whatshap_stats	chr8
variant_per_block_median	161465	both	phased_verkko	T2T04_trio	whatshap_stats	chr8
variant_per_block_avg	161465	both	phased_verkko	T2T04_trio	whatshap_stats	chr8
variant_per_block_min	161465	both	phased_verkko	T2T04_trio	whatshap_stats	chr8
variant_per_block_max	161465	both	phased_verkko	T2T04_trio	whatshap_stats	chr8
variant_per_block_sum	161465	both	phased_verkko	T2T04_trio	whatshap_stats	chr8
bp_per_block_median	146245674	both	phased_verkko	T2T04_trio	whatshap_stats	chr8
bp_per_block_avg	146245674	both	phased_verkko	T2T04_trio	whatshap_stats	chr8
bp_per_block_min	146245674	both	phased_verkko	T2T04_trio	whatshap_stats	chr8
bp_per_block_max	146245674	both	phased_verkko	T2T04_trio	whatshap_stats	chr8
bp_per_block_sum	146245674	both	phased_verkko	T2T04_trio	whatshap_stats	chr8
heterozygous_variants	161465	both	phased_verkko	T2T04_trio	whatshap_stats	chr8
heterozygous_snvs	136370	both	phased_verkko	T2T04_trio	whatshap_stats	chr8
phased_snvs	136370	both	phased_verkko	T2T04_trio	whatshap_stats	chr8
phased_fraction	1	both	phased_verkko	T2T04_trio	whatshap_stats	chr8
phased_snvs_fraction	1	both	phased_verkko	T2T04_trio	whatshap_stats	chr8
block_n50	146245674	both	phased_verkko	T2T04_trio	whatshap_stats	chr8
variants	244161	both	phased_verkko	T2T04_trio	whatshap_stats	chr11
phased	181329	both	phased_verkko	T2T04_trio	whatshap_stats	chr11
unphased	43	both	phased_verkko	T2T04_trio	whatshap_stats	chr11
singletons	0	both	phased_verkko	T2T04_trio	whatshap_stats	chr11
blocks	1	both	phased_verkko	T2T04_trio	whatshap_stats	chr11
variant_per_block_median	181329	both	phased_verkko	T2T04_trio	whatshap_stats	chr11
variant_per_block_avg	181329	both	phased_verkko	T2T04_trio	whatshap_stats	chr11
variant_per_block_min	181329	both	phased_verkko	T2T04_trio	whatshap_stats	chr11
variant_per_block_max	181329	both	phased_verkko	T2T04_trio	whatshap_stats	chr11
variant_per_block_sum	181329	both	phased_verkko	T2T04_trio	whatshap_stats	chr11
bp_per_block_median	135122566	both	phased_verkko	T2T04_trio	whatshap_stats	chr11
bp_per_block_avg	135122566	both	phased_verkko	T2T04_trio	whatshap_stats	chr11
bp_per_block_min	135122566	both	phased_verkko	T2T04_trio	whatshap_stats	chr11
bp_per_block_max	135122566	both	phased_verkko	T2T04_trio	whatshap_stats	chr11
bp_per_block_sum	135122566	both	phased_verkko	T2T04_trio	whatshap_stats	chr11
heterozygous_variants	181372	both	phased_verkko	T2T04_trio	whatshap_stats	chr11
heterozygous_snvs	156848	both	phased_verkko	T2T04_trio	whatshap_stats	chr11
phased_snvs	156816	both	phased_verkko	T2T04_trio	whatshap_stats	chr11
phased_fraction	0.999762918201266	both	phased_verkko	T2T04_trio	whatshap_stats	chr11
phased_snvs_fraction	0.9997959808221972	both	phased_verkko	T2T04_trio	whatshap_stats	chr11
block_n50	135122566	both	phased_verkko	T2T04_trio	whatshap_stats	chr11
variants	216042	both	phased_verkko	T2T04_trio	whatshap_stats	chr10
phased	143091	both	phased_verkko	T2T04_trio	whatshap_stats	chr10
unphased	250	both	phased_verkko	T2T04_trio	whatshap_stats	chr10
singletons	0	both	phased_verkko	T2T04_trio	whatshap_stats	chr10
blocks	1	both	phased_verkko	T2T04_trio	whatshap_stats	chr10
variant_per_block_median	143091	both	phased_verkko	T2T04_trio	whatshap_stats	chr10
variant_per_block_avg	143091	both	phased_verkko	T2T04_trio	whatshap_stats	chr10
variant_per_block_min	143091	both	phased_verkko	T2T04_trio	whatshap_stats	chr10
variant_per_block_max	143091	both	phased_verkko	T2T04_trio	whatshap_stats	chr10
variant_per_block_sum	143091	both	phased_verkko	T2T04_trio	whatshap_stats	chr10
bp_per_block_median	134751193	both	phased_verkko	T2T04_trio	whatshap_stats	chr10
bp_per_block_avg	134751193	both	phased_verkko	T2T04_trio	whatshap_stats	chr10
bp_per_block_min	134751193	both	phased_verkko	T2T04_trio	whatshap_stats	chr10
bp_per_block_max	134751193	both	phased_verkko	T2T04_trio	whatshap_stats	chr10
bp_per_block_sum	134751193	both	phased_verkko	T2T04_trio	whatshap_stats	chr10
heterozygous_variants	143341	both	phased_verkko	T2T04_trio	whatshap_stats	chr10
heterozygous_snvs	118499	both	phased_verkko	T2T04_trio	whatshap_stats	chr10
phased_snvs	118341	both	phased_verkko	T2T04_trio	whatshap_stats	chr10
phased_fraction	0.9982559072421708	both	phased_verkko	T2T04_trio	whatshap_stats	chr10
phased_snvs_fraction	0.9986666554148136	both	phased_verkko	T2T04_trio	whatshap_stats	chr10
block_n50	134751193	both	phased_verkko	T2T04_trio	whatshap_stats	chr10
variants	204215	both	phased_verkko	T2T04_trio	whatshap_stats	chr12
phased	139331	both	phased_verkko	T2T04_trio	whatshap_stats	chr12
unphased	0	both	phased_verkko	T2T04_trio	whatshap_stats	chr12
singletons	0	both	phased_verkko	T2T04_trio	whatshap_stats	chr12
blocks	1	both	phased_verkko	T2T04_trio	whatshap_stats	chr12
variant_per_block_median	139331	both	phased_verkko	T2T04_trio	whatshap_stats	chr12
variant_per_block_avg	139331	both	phased_verkko	T2T04_trio	whatshap_stats	chr12
variant_per_block_min	139331	both	phased_verkko	T2T04_trio	whatshap_stats	chr12
variant_per_block_max	139331	both	phased_verkko	T2T04_trio	whatshap_stats	chr12
variant_per_block_sum	139331	both	phased_verkko	T2T04_trio	whatshap_stats	chr12
bp_per_block_median	133319089	both	phased_verkko	T2T04_trio	whatshap_stats	chr12
bp_per_block_avg	133319089	both	phased_verkko	T2T04_trio	whatshap_stats	chr12
bp_per_block_min	133319089	both	phased_verkko	T2T04_trio	whatshap_stats	chr12
bp_per_block_max	133319089	both	phased_verkko	T2T04_trio	whatshap_stats	chr12
bp_per_block_sum	133319089	both	phased_verkko	T2T04_trio	whatshap_stats	chr12
heterozygous_variants	139331	both	phased_verkko	T2T04_trio	whatshap_stats	chr12
heterozygous_snvs	114500	both	phased_verkko	T2T04_trio	whatshap_stats	chr12
phased_snvs	114500	both	phased_verkko	T2T04_trio	whatshap_stats	chr12
phased_fraction	1	both	phased_verkko	T2T04_trio	whatshap_stats	chr12
phased_snvs_fraction	1	both	phased_verkko	T2T04_trio	whatshap_stats	chr12
block_n50	133319089	both	phased_verkko	T2T04_trio	whatshap_stats	chr12
variants	163919	both	phased_verkko	T2T04_trio	whatshap_stats	chr13
phased	109199	both	phased_verkko	T2T04_trio	whatshap_stats	chr13
unphased	140	both	phased_verkko	T2T04_trio	whatshap_stats	chr13
singletons	0	both	phased_verkko	T2T04_trio	whatshap_stats	chr13
blocks	1	both	phased_verkko	T2T04_trio	whatshap_stats	chr13
variant_per_block_median	109199	both	phased_verkko	T2T04_trio	whatshap_stats	chr13
variant_per_block_avg	109199	both	phased_verkko	T2T04_trio	whatshap_stats	chr13
variant_per_block_min	109199	both	phased_verkko	T2T04_trio	whatshap_stats	chr13
variant_per_block_max	109199	both	phased_verkko	T2T04_trio	whatshap_stats	chr13
variant_per_block_sum	109199	both	phased_verkko	T2T04_trio	whatshap_stats	chr13
bp_per_block_median	113525911	both	phased_verkko	T2T04_trio	whatshap_stats	chr13
bp_per_block_avg	113525911	both	phased_verkko	T2T04_trio	whatshap_stats	chr13
bp_per_block_min	113525911	both	phased_verkko	T2T04_trio	whatshap_stats	chr13
bp_per_block_max	113525911	both	phased_verkko	T2T04_trio	whatshap_stats	chr13
bp_per_block_sum	113525911	both	phased_verkko	T2T04_trio	whatshap_stats	chr13
heterozygous_variants	109339	both	phased_verkko	T2T04_trio	whatshap_stats	chr13
heterozygous_snvs	90303	both	phased_verkko	T2T04_trio	whatshap_stats	chr13
phased_snvs	90224	both	phased_verkko	T2T04_trio	whatshap_stats	chr13
phased_fraction	0.9987195785584284	both	phased_verkko	T2T04_trio	whatshap_stats	chr13
phased_snvs_fraction	0.9991251674916668	both	phased_verkko	T2T04_trio	whatshap_stats	chr13
block_n50	113525911	both	phased_verkko	T2T04_trio	whatshap_stats	chr13
variants	217671	both	phased_verkko	T2T04_trio	whatshap_stats	chr14
phased	151333	both	phased_verkko	T2T04_trio	whatshap_stats	chr14
unphased	14967	both	phased_verkko	T2T04_trio	whatshap_stats	chr14
singletons	0	both	phased_verkko	T2T04_trio	whatshap_stats	chr14
blocks	1	both	phased_verkko	T2T04_trio	whatshap_stats	chr14
variant_per_block_median	151333	both	phased_verkko	T2T04_trio	whatshap_stats	chr14
variant_per_block_avg	151333	both	phased_verkko	T2T04_trio	whatshap_stats	chr14
variant_per_block_min	151333	both	phased_verkko	T2T04_trio	whatshap_stats	chr14
variant_per_block_max	151333	both	phased_verkko	T2T04_trio	whatshap_stats	chr14
variant_per_block_sum	151333	both	phased_verkko	T2T04_trio	whatshap_stats	chr14
bp_per_block_median	101114897	both	phased_verkko	T2T04_trio	whatshap_stats	chr14
bp_per_block_avg	101114897	both	phased_verkko	T2T04_trio	whatshap_stats	chr14
bp_per_block_min	101114897	both	phased_verkko	T2T04_trio	whatshap_stats	chr14
bp_per_block_max	101114897	both	phased_verkko	T2T04_trio	whatshap_stats	chr14
bp_per_block_sum	101114897	both	phased_verkko	T2T04_trio	whatshap_stats	chr14
heterozygous_variants	166300	both	phased_verkko	T2T04_trio	whatshap_stats	chr14
heterozygous_snvs	144740	both	phased_verkko	T2T04_trio	whatshap_stats	chr14
phased_snvs	130792	both	phased_verkko	T2T04_trio	whatshap_stats	chr14
phased_fraction	0.91	both	phased_verkko	T2T04_trio	whatshap_stats	chr14
phased_snvs_fraction	0.9036341025286722	both	phased_verkko	T2T04_trio	whatshap_stats	chr14
block_n50	101114897	both	phased_verkko	T2T04_trio	whatshap_stats	chr14
variants	224035	both	phased_verkko	T2T04_trio	whatshap_stats	chr15
phased	170365	both	phased_verkko	T2T04_trio	whatshap_stats	chr15
unphased	11091	both	phased_verkko	T2T04_trio	whatshap_stats	chr15
singletons	0	both	phased_verkko	T2T04_trio	whatshap_stats	chr15
blocks	1	both	phased_verkko	T2T04_trio	whatshap_stats	chr15
variant_per_block_median	170365	both	phased_verkko	T2T04_trio	whatshap_stats	chr15
variant_per_block_avg	170365	both	phased_verkko	T2T04_trio	whatshap_stats	chr15
variant_per_block_min	170365	both	phased_verkko	T2T04_trio	whatshap_stats	chr15
variant_per_block_max	170365	both	phased_verkko	T2T04_trio	whatshap_stats	chr15
variant_per_block_sum	170365	both	phased_verkko	T2T04_trio	whatshap_stats	chr15
bp_per_block_median	99744036	both	phased_verkko	T2T04_trio	whatshap_stats	chr15
bp_per_block_avg	99744036	both	phased_verkko	T2T04_trio	whatshap_stats	chr15
bp_per_block_min	99744036	both	phased_verkko	T2T04_trio	whatshap_stats	chr15
bp_per_block_max	99744036	both	phased_verkko	T2T04_trio	whatshap_stats	chr15
bp_per_block_sum	99744036	both	phased_verkko	T2T04_trio	whatshap_stats	chr15
heterozygous_variants	181456	both	phased_verkko	T2T04_trio	whatshap_stats	chr15
heterozygous_snvs	156381	both	phased_verkko	T2T04_trio	whatshap_stats	chr15
phased_snvs	146293	both	phased_verkko	T2T04_trio	whatshap_stats	chr15
phased_fraction	0.9388777444669782	both	phased_verkko	T2T04_trio	whatshap_stats	chr15
phased_snvs_fraction	0.9354908844424834	both	phased_verkko	T2T04_trio	whatshap_stats	chr15
block_n50	99744036	both	phased_verkko	T2T04_trio	whatshap_stats	chr15
variants	177392	both	phased_verkko	T2T04_trio	whatshap_stats	chr16
phased	119771	both	phased_verkko	T2T04_trio	whatshap_stats	chr16
unphased	1319	both	phased_verkko	T2T04_trio	whatshap_stats	chr16
singletons	0	both	phased_verkko	T2T04_trio	whatshap_stats	chr16
blocks	1	both	phased_verkko	T2T04_trio	whatshap_stats	chr16
variant_per_block_median	119771	both	phased_verkko	T2T04_trio	whatshap_stats	chr16
variant_per_block_avg	119771	both	phased_verkko	T2T04_trio	whatshap_stats	chr16
variant_per_block_min	119771	both	phased_verkko	T2T04_trio	whatshap_stats	chr16
variant_per_block_max	119771	both	phased_verkko	T2T04_trio	whatshap_stats	chr16
variant_per_block_sum	119771	both	phased_verkko	T2T04_trio	whatshap_stats	chr16
bp_per_block_median	96325000	both	phased_verkko	T2T04_trio	whatshap_stats	chr16
bp_per_block_avg	96325000	both	phased_verkko	T2T04_trio	whatshap_stats	chr16
bp_per_block_min	96325000	both	phased_verkko	T2T04_trio	whatshap_stats	chr16
bp_per_block_max	96325000	both	phased_verkko	T2T04_trio	whatshap_stats	chr16
bp_per_block_sum	96325000	both	phased_verkko	T2T04_trio	whatshap_stats	chr16
heterozygous_variants	121090	both	phased_verkko	T2T04_trio	whatshap_stats	chr16
heterozygous_snvs	103196	both	phased_verkko	T2T04_trio	whatshap_stats	chr16
phased_snvs	101969	both	phased_verkko	T2T04_trio	whatshap_stats	chr16
phased_fraction	0.989107275580147	both	phased_verkko	T2T04_trio	whatshap_stats	chr16
phased_snvs_fraction	0.9881100042637312	both	phased_verkko	T2T04_trio	whatshap_stats	chr16
block_n50	96325000	both	phased_verkko	T2T04_trio	whatshap_stats	chr16
variants	156690	both	phased_verkko	T2T04_trio	whatshap_stats	chr17
phased	106682	both	phased_verkko	T2T04_trio	whatshap_stats	chr17
unphased	2999	both	phased_verkko	T2T04_trio	whatshap_stats	chr17
singletons	0	both	phased_verkko	T2T04_trio	whatshap_stats	chr17
blocks	1	both	phased_verkko	T2T04_trio	whatshap_stats	chr17
variant_per_block_median	106682	both	phased_verkko	T2T04_trio	whatshap_stats	chr17
variant_per_block_avg	106682	both	phased_verkko	T2T04_trio	whatshap_stats	chr17
variant_per_block_min	106682	both	phased_verkko	T2T04_trio	whatshap_stats	chr17
variant_per_block_max	106682	both	phased_verkko	T2T04_trio	whatshap_stats	chr17
variant_per_block_sum	106682	both	phased_verkko	T2T04_trio	whatshap_stats	chr17
bp_per_block_median	84271409	both	phased_verkko	T2T04_trio	whatshap_stats	chr17
bp_per_block_avg	84271409	both	phased_verkko	T2T04_trio	whatshap_stats	chr17
bp_per_block_min	84271409	both	phased_verkko	T2T04_trio	whatshap_stats	chr17
bp_per_block_max	84271409	both	phased_verkko	T2T04_trio	whatshap_stats	chr17
bp_per_block_sum	84271409	both	phased_verkko	T2T04_trio	whatshap_stats	chr17
heterozygous_variants	109681	both	phased_verkko	T2T04_trio	whatshap_stats	chr17
heterozygous_snvs	91125	both	phased_verkko	T2T04_trio	whatshap_stats	chr17
phased_snvs	88264	both	phased_verkko	T2T04_trio	whatshap_stats	chr17
phased_fraction	0.9726570691368606	both	phased_verkko	T2T04_trio	whatshap_stats	chr17
phased_snvs_fraction	0.9686035665294924	both	phased_verkko	T2T04_trio	whatshap_stats	chr17
block_n50	84271409	both	phased_verkko	T2T04_trio	whatshap_stats	chr17
variants	134648	both	phased_verkko	T2T04_trio	whatshap_stats	chr18
phased	94362	both	phased_verkko	T2T04_trio	whatshap_stats	chr18
unphased	0	both	phased_verkko	T2T04_trio	whatshap_stats	chr18
singletons	0	both	phased_verkko	T2T04_trio	whatshap_stats	chr18
blocks	1	both	phased_verkko	T2T04_trio	whatshap_stats	chr18
variant_per_block_median	94362	both	phased_verkko	T2T04_trio	whatshap_stats	chr18
variant_per_block_avg	94362	both	phased_verkko	T2T04_trio	whatshap_stats	chr18
variant_per_block_min	94362	both	phased_verkko	T2T04_trio	whatshap_stats	chr18
variant_per_block_max	94362	both	phased_verkko	T2T04_trio	whatshap_stats	chr18
variant_per_block_sum	94362	both	phased_verkko	T2T04_trio	whatshap_stats	chr18
bp_per_block_median	80374930	both	phased_verkko	T2T04_trio	whatshap_stats	chr18
bp_per_block_avg	80374930	both	phased_verkko	T2T04_trio	whatshap_stats	chr18
bp_per_block_min	80374930	both	phased_verkko	T2T04_trio	whatshap_stats	chr18
bp_per_block_max	80374930	both	phased_verkko	T2T04_trio	whatshap_stats	chr18
bp_per_block_sum	80374930	both	phased_verkko	T2T04_trio	whatshap_stats	chr18
heterozygous_variants	94362	both	phased_verkko	T2T04_trio	whatshap_stats	chr18
heterozygous_snvs	80046	both	phased_verkko	T2T04_trio	whatshap_stats	chr18
phased_snvs	80046	both	phased_verkko	T2T04_trio	whatshap_stats	chr18
phased_fraction	1	both	phased_verkko	T2T04_trio	whatshap_stats	chr18
phased_snvs_fraction	1	both	phased_verkko	T2T04_trio	whatshap_stats	chr18
block_n50	80374930	both	phased_verkko	T2T04_trio	whatshap_stats	chr18
variants	128912	both	phased_verkko	T2T04_trio	whatshap_stats	chr20
phased	91243	both	phased_verkko	T2T04_trio	whatshap_stats	chr20
unphased	618	both	phased_verkko	T2T04_trio	whatshap_stats	chr20
singletons	0	both	phased_verkko	T2T04_trio	whatshap_stats	chr20
blocks	1	both	phased_verkko	T2T04_trio	whatshap_stats	chr20
variant_per_block_median	91243	both	phased_verkko	T2T04_trio	whatshap_stats	chr20
variant_per_block_avg	91243	both	phased_verkko	T2T04_trio	whatshap_stats	chr20
variant_per_block_min	91243	both	phased_verkko	T2T04_trio	whatshap_stats	chr20
variant_per_block_max	91243	both	phased_verkko	T2T04_trio	whatshap_stats	chr20
variant_per_block_sum	91243	both	phased_verkko	T2T04_trio	whatshap_stats	chr20
bp_per_block_median	66204189	both	phased_verkko	T2T04_trio	whatshap_stats	chr20
bp_per_block_avg	66204189	both	phased_verkko	T2T04_trio	whatshap_stats	chr20
bp_per_block_min	66204189	both	phased_verkko	T2T04_trio	whatshap_stats	chr20
bp_per_block_max	66204189	both	phased_verkko	T2T04_trio	whatshap_stats	chr20
bp_per_block_sum	66204189	both	phased_verkko	T2T04_trio	whatshap_stats	chr20
heterozygous_variants	91861	both	phased_verkko	T2T04_trio	whatshap_stats	chr20
heterozygous_snvs	78970	both	phased_verkko	T2T04_trio	whatshap_stats	chr20
phased_snvs	78392	both	phased_verkko	T2T04_trio	whatshap_stats	chr20
phased_fraction	0.9932724442364006	both	phased_verkko	T2T04_trio	whatshap_stats	chr20
phased_snvs_fraction	0.9926807648474104	both	phased_verkko	T2T04_trio	whatshap_stats	chr20
block_n50	66204189	both	phased_verkko	T2T04_trio	whatshap_stats	chr20
variants	128066	both	phased_verkko	T2T04_trio	whatshap_stats	chr19
phased	92648	both	phased_verkko	T2T04_trio	whatshap_stats	chr19
unphased	120	both	phased_verkko	T2T04_trio	whatshap_stats	chr19
singletons	0	both	phased_verkko	T2T04_trio	whatshap_stats	chr19
blocks	1	both	phased_verkko	T2T04_trio	whatshap_stats	chr19
variant_per_block_median	92648	both	phased_verkko	T2T04_trio	whatshap_stats	chr19
variant_per_block_avg	92648	both	phased_verkko	T2T04_trio	whatshap_stats	chr19
variant_per_block_min	92648	both	phased_verkko	T2T04_trio	whatshap_stats	chr19
variant_per_block_max	92648	both	phased_verkko	T2T04_trio	whatshap_stats	chr19
variant_per_block_sum	92648	both	phased_verkko	T2T04_trio	whatshap_stats	chr19
bp_per_block_median	61702004	both	phased_verkko	T2T04_trio	whatshap_stats	chr19
bp_per_block_avg	61702004	both	phased_verkko	T2T04_trio	whatshap_stats	chr19
bp_per_block_min	61702004	both	phased_verkko	T2T04_trio	whatshap_stats	chr19
bp_per_block_max	61702004	both	phased_verkko	T2T04_trio	whatshap_stats	chr19
bp_per_block_sum	61702004	both	phased_verkko	T2T04_trio	whatshap_stats	chr19
heterozygous_variants	92768	both	phased_verkko	T2T04_trio	whatshap_stats	chr19
heterozygous_snvs	76867	both	phased_verkko	T2T04_trio	whatshap_stats	chr19
phased_snvs	76770	both	phased_verkko	T2T04_trio	whatshap_stats	chr19
phased_fraction	0.9987064505001724	both	phased_verkko	T2T04_trio	whatshap_stats	chr19
phased_snvs_fraction	0.998738080060364	both	phased_verkko	T2T04_trio	whatshap_stats	chr19
block_n50	61702004	both	phased_verkko	T2T04_trio	whatshap_stats	chr19
variants	136706	both	phased_verkko	T2T04_trio	whatshap_stats	chr22
phased	103558	both	phased_verkko	T2T04_trio	whatshap_stats	chr22
unphased	3645	both	phased_verkko	T2T04_trio	whatshap_stats	chr22
singletons	0	both	phased_verkko	T2T04_trio	whatshap_stats	chr22
blocks	1	both	phased_verkko	T2T04_trio	whatshap_stats	chr22
variant_per_block_median	103558	both	phased_verkko	T2T04_trio	whatshap_stats	chr22
variant_per_block_avg	103558	both	phased_verkko	T2T04_trio	whatshap_stats	chr22
variant_per_block_min	103558	both	phased_verkko	T2T04_trio	whatshap_stats	chr22
variant_per_block_max	103558	both	phased_verkko	T2T04_trio	whatshap_stats	chr22
variant_per_block_sum	103558	both	phased_verkko	T2T04_trio	whatshap_stats	chr22
bp_per_block_median	48296518	both	phased_verkko	T2T04_trio	whatshap_stats	chr22
bp_per_block_avg	48296518	both	phased_verkko	T2T04_trio	whatshap_stats	chr22
bp_per_block_min	48296518	both	phased_verkko	T2T04_trio	whatshap_stats	chr22
bp_per_block_max	48296518	both	phased_verkko	T2T04_trio	whatshap_stats	chr22
bp_per_block_sum	48296518	both	phased_verkko	T2T04_trio	whatshap_stats	chr22
heterozygous_variants	107203	both	phased_verkko	T2T04_trio	whatshap_stats	chr22
heterozygous_snvs	94584	both	phased_verkko	T2T04_trio	whatshap_stats	chr22
phased_snvs	91277	both	phased_verkko	T2T04_trio	whatshap_stats	chr22
phased_fraction	0.9659990858464782	both	phased_verkko	T2T04_trio	whatshap_stats	chr22
phased_snvs_fraction	0.965036369787702	both	phased_verkko	T2T04_trio	whatshap_stats	chr22
block_n50	48296518	both	phased_verkko	T2T04_trio	whatshap_stats	chr22
variants	103969	both	phased_verkko	T2T04_trio	whatshap_stats	chr21
phased	75280	both	phased_verkko	T2T04_trio	whatshap_stats	chr21
unphased	2056	both	phased_verkko	T2T04_trio	whatshap_stats	chr21
singletons	0	both	phased_verkko	T2T04_trio	whatshap_stats	chr21
blocks	1	both	phased_verkko	T2T04_trio	whatshap_stats	chr21
variant_per_block_median	75280	both	phased_verkko	T2T04_trio	whatshap_stats	chr21
variant_per_block_avg	75280	both	phased_verkko	T2T04_trio	whatshap_stats	chr21
variant_per_block_min	75280	both	phased_verkko	T2T04_trio	whatshap_stats	chr21
variant_per_block_max	75280	both	phased_verkko	T2T04_trio	whatshap_stats	chr21
variant_per_block_sum	75280	both	phased_verkko	T2T04_trio	whatshap_stats	chr21
bp_per_block_median	45083417	both	phased_verkko	T2T04_trio	whatshap_stats	chr21
bp_per_block_avg	45083417	both	phased_verkko	T2T04_trio	whatshap_stats	chr21
bp_per_block_min	45083417	both	phased_verkko	T2T04_trio	whatshap_stats	chr21
bp_per_block_max	45083417	both	phased_verkko	T2T04_trio	whatshap_stats	chr21
bp_per_block_sum	45083417	both	phased_verkko	T2T04_trio	whatshap_stats	chr21
heterozygous_variants	77336	both	phased_verkko	T2T04_trio	whatshap_stats	chr21
heterozygous_snvs	66754	both	phased_verkko	T2T04_trio	whatshap_stats	chr21
phased_snvs	64883	both	phased_verkko	T2T04_trio	whatshap_stats	chr21
phased_fraction	0.9734147098375918	both	phased_verkko	T2T04_trio	whatshap_stats	chr21
phased_snvs_fraction	0.9719717170506637	both	phased_verkko	T2T04_trio	whatshap_stats	chr21
block_n50	45083417	both	phased_verkko	T2T04_trio	whatshap_stats	chr21
variants	5066117	both	phased_verkko	T2T04_trio	whatshap_stats	ALL
phased	3526304	both	phased_verkko	T2T04_trio	whatshap_stats	ALL
unphased	43271	both	phased_verkko	T2T04_trio	whatshap_stats	ALL
singletons	0	both	phased_verkko	T2T04_trio	whatshap_stats	ALL
blocks	23	both	phased_verkko	T2T04_trio	whatshap_stats	ALL
variant_per_block_median	151333	both	phased_verkko	T2T04_trio	whatshap_stats	ALL
variant_per_block_avg	153317.5652173913	both	phased_verkko	T2T04_trio	whatshap_stats	ALL
variant_per_block_min	75280	both	phased_verkko	T2T04_trio	whatshap_stats	ALL
variant_per_block_max	235232	both	phased_verkko	T2T04_trio	whatshap_stats	ALL
variant_per_block_sum	3526304	both	phased_verkko	T2T04_trio	whatshap_stats	ALL
bp_per_block_median	134751193	both	phased_verkko	T2T04_trio	whatshap_stats	ALL
bp_per_block_avg	132663704.82608695	both	phased_verkko	T2T04_trio	whatshap_stats	ALL
bp_per_block_min	45083417	both	phased_verkko	T2T04_trio	whatshap_stats	ALL
bp_per_block_max	248380958	both	phased_verkko	T2T04_trio	whatshap_stats	ALL
bp_per_block_sum	3051265211	both	phased_verkko	T2T04_trio	whatshap_stats	ALL
heterozygous_variants	3569575	both	phased_verkko	T2T04_trio	whatshap_stats	ALL
heterozygous_snvs	3000238	both	phased_verkko	T2T04_trio	whatshap_stats	ALL
phased_snvs	2960372	both	phased_verkko	T2T04_trio	whatshap_stats	ALL
phased_fraction	0.9878778285930396	both	phased_verkko	T2T04_trio	whatshap_stats	ALL
phased_snvs_fraction	0.9867123874839264	both	phased_verkko	T2T04_trio	whatshap_stats	ALL
block_n50	154197817	both	phased_verkko	T2T04_trio	whatshap_stats	ALL
variants	376624	both	phased_verkko	T2T00	whatshap_stats	chr1
phased	252167	both	phased_verkko	T2T00	whatshap_stats	chr1
unphased	7821	both	phased_verkko	T2T00	whatshap_stats	chr1
singletons	0	both	phased_verkko	T2T00	whatshap_stats	chr1
blocks	1	both	phased_verkko	T2T00	whatshap_stats	chr1
variant_per_block_median	252167	both	phased_verkko	T2T00	whatshap_stats	chr1
variant_per_block_avg	252167	both	phased_verkko	T2T00	whatshap_stats	chr1
variant_per_block_min	252167	both	phased_verkko	T2T00	whatshap_stats	chr1
variant_per_block_max	252167	both	phased_verkko	T2T00	whatshap_stats	chr1
variant_per_block_sum	252167	both	phased_verkko	T2T00	whatshap_stats	chr1
bp_per_block_median	248380941	both	phased_verkko	T2T00	whatshap_stats	chr1
bp_per_block_avg	248380941	both	phased_verkko	T2T00	whatshap_stats	chr1
bp_per_block_min	248380941	both	phased_verkko	T2T00	whatshap_stats	chr1
bp_per_block_max	248380941	both	phased_verkko	T2T00	whatshap_stats	chr1
bp_per_block_sum	248380941	both	phased_verkko	T2T00	whatshap_stats	chr1
heterozygous_variants	259988	both	phased_verkko	T2T00	whatshap_stats	chr1
heterozygous_snvs	217070	both	phased_verkko	T2T00	whatshap_stats	chr1
phased_snvs	209619	both	phased_verkko	T2T00	whatshap_stats	chr1
phased_fraction	0.9699178423619552	both	phased_verkko	T2T00	whatshap_stats	chr1
phased_snvs_fraction	0.9656746671580596	both	phased_verkko	T2T00	whatshap_stats	chr1
block_n50	248380941	both	phased_verkko	T2T00	whatshap_stats	chr1
variants	353564	both	phased_verkko	T2T00	whatshap_stats	chr2
phased	237925	both	phased_verkko	T2T00	whatshap_stats	chr2
unphased	580	both	phased_verkko	T2T00	whatshap_stats	chr2
singletons	0	both	phased_verkko	T2T00	whatshap_stats	chr2
blocks	1	both	phased_verkko	T2T00	whatshap_stats	chr2
variant_per_block_median	237925	both	phased_verkko	T2T00	whatshap_stats	chr2
variant_per_block_avg	237925	both	phased_verkko	T2T00	whatshap_stats	chr2
variant_per_block_min	237925	both	phased_verkko	T2T00	whatshap_stats	chr2
variant_per_block_max	237925	both	phased_verkko	T2T00	whatshap_stats	chr2
variant_per_block_sum	237925	both	phased_verkko	T2T00	whatshap_stats	chr2
bp_per_block_median	242690911	both	phased_verkko	T2T00	whatshap_stats	chr2
bp_per_block_avg	242690911	both	phased_verkko	T2T00	whatshap_stats	chr2
bp_per_block_min	242690911	both	phased_verkko	T2T00	whatshap_stats	chr2
bp_per_block_max	242690911	both	phased_verkko	T2T00	whatshap_stats	chr2
bp_per_block_sum	242690911	both	phased_verkko	T2T00	whatshap_stats	chr2
heterozygous_variants	238505	both	phased_verkko	T2T00	whatshap_stats	chr2
heterozygous_snvs	197340	both	phased_verkko	T2T00	whatshap_stats	chr2
phased_snvs	196818	both	phased_verkko	T2T00	whatshap_stats	chr2
phased_fraction	0.9975681851533512	both	phased_verkko	T2T00	whatshap_stats	chr2
phased_snvs_fraction	0.9973548190939496	both	phased_verkko	T2T00	whatshap_stats	chr2
block_n50	242690911	both	phased_verkko	T2T00	whatshap_stats	chr2
variants	304243	both	phased_verkko	T2T00	whatshap_stats	chr3
phased	205585	both	phased_verkko	T2T00	whatshap_stats	chr3
unphased	0	both	phased_verkko	T2T00	whatshap_stats	chr3
singletons	0	both	phased_verkko	T2T00	whatshap_stats	chr3
blocks	1	both	phased_verkko	T2T00	whatshap_stats	chr3
variant_per_block_median	205585	both	phased_verkko	T2T00	whatshap_stats	chr3
variant_per_block_avg	205585	both	phased_verkko	T2T00	whatshap_stats	chr3
variant_per_block_min	205585	both	phased_verkko	T2T00	whatshap_stats	chr3
variant_per_block_max	205585	both	phased_verkko	T2T00	whatshap_stats	chr3
variant_per_block_sum	205585	both	phased_verkko	T2T00	whatshap_stats	chr3
bp_per_block_median	201098384	both	phased_verkko	T2T00	whatshap_stats	chr3
bp_per_block_avg	201098384	both	phased_verkko	T2T00	whatshap_stats	chr3
bp_per_block_min	201098384	both	phased_verkko	T2T00	whatshap_stats	chr3
bp_per_block_max	201098384	both	phased_verkko	T2T00	whatshap_stats	chr3
bp_per_block_sum	201098384	both	phased_verkko	T2T00	whatshap_stats	chr3
heterozygous_variants	205585	both	phased_verkko	T2T00	whatshap_stats	chr3
heterozygous_snvs	172777	both	phased_verkko	T2T00	whatshap_stats	chr3
phased_snvs	172777	both	phased_verkko	T2T00	whatshap_stats	chr3
phased_fraction	1	both	phased_verkko	T2T00	whatshap_stats	chr3
phased_snvs_fraction	1	both	phased_verkko	T2T00	whatshap_stats	chr3
block_n50	201098384	both	phased_verkko	T2T00	whatshap_stats	chr3
variants	331952	both	phased_verkko	T2T00	whatshap_stats	chr4
phased	224276	both	phased_verkko	T2T00	whatshap_stats	chr4
unphased	3224	both	phased_verkko	T2T00	whatshap_stats	chr4
singletons	0	both	phased_verkko	T2T00	whatshap_stats	chr4
blocks	1	both	phased_verkko	T2T00	whatshap_stats	chr4
variant_per_block_median	224276	both	phased_verkko	T2T00	whatshap_stats	chr4
variant_per_block_avg	224276	both	phased_verkko	T2T00	whatshap_stats	chr4
variant_per_block_min	224276	both	phased_verkko	T2T00	whatshap_stats	chr4
variant_per_block_max	224276	both	phased_verkko	T2T00	whatshap_stats	chr4
variant_per_block_sum	224276	both	phased_verkko	T2T00	whatshap_stats	chr4
bp_per_block_median	193487794	both	phased_verkko	T2T00	whatshap_stats	chr4
bp_per_block_avg	193487794	both	phased_verkko	T2T00	whatshap_stats	chr4
bp_per_block_min	193487794	both	phased_verkko	T2T00	whatshap_stats	chr4
bp_per_block_max	193487794	both	phased_verkko	T2T00	whatshap_stats	chr4
bp_per_block_sum	193487794	both	phased_verkko	T2T00	whatshap_stats	chr4
heterozygous_variants	227500	both	phased_verkko	T2T00	whatshap_stats	chr4
heterozygous_snvs	192525	both	phased_verkko	T2T00	whatshap_stats	chr4
phased_snvs	189572	both	phased_verkko	T2T00	whatshap_stats	chr4
phased_fraction	0.9858285714285714	both	phased_verkko	T2T00	whatshap_stats	chr4
phased_snvs_fraction	0.984661732242566	both	phased_verkko	T2T00	whatshap_stats	chr4
block_n50	193487794	both	phased_verkko	T2T00	whatshap_stats	chr4
variants	273274	both	phased_verkko	T2T00	whatshap_stats	chr5
phased	186828	both	phased_verkko	T2T00	whatshap_stats	chr5
unphased	1	both	phased_verkko	T2T00	whatshap_stats	chr5
singletons	0	both	phased_verkko	T2T00	whatshap_stats	chr5
blocks	1	both	phased_verkko	T2T00	whatshap_stats	chr5
variant_per_block_median	186828	both	phased_verkko	T2T00	whatshap_stats	chr5
variant_per_block_avg	186828	both	phased_verkko	T2T00	whatshap_stats	chr5
variant_per_block_min	186828	both	phased_verkko	T2T00	whatshap_stats	chr5
variant_per_block_max	186828	both	phased_verkko	T2T00	whatshap_stats	chr5
variant_per_block_sum	186828	both	phased_verkko	T2T00	whatshap_stats	chr5
bp_per_block_median	182042449	both	phased_verkko	T2T00	whatshap_stats	chr5
bp_per_block_avg	182042449	both	phased_verkko	T2T00	whatshap_stats	chr5
bp_per_block_min	182042449	both	phased_verkko	T2T00	whatshap_stats	chr5
bp_per_block_max	182042449	both	phased_verkko	T2T00	whatshap_stats	chr5
bp_per_block_sum	182042449	both	phased_verkko	T2T00	whatshap_stats	chr5
heterozygous_variants	186829	both	phased_verkko	T2T00	whatshap_stats	chr5
heterozygous_snvs	156919	both	phased_verkko	T2T00	whatshap_stats	chr5
phased_snvs	156918	both	phased_verkko	T2T00	whatshap_stats	chr5
phased_fraction	0.999994647511896	both	phased_verkko	T2T00	whatshap_stats	chr5
phased_snvs_fraction	0.9999936272854149	both	phased_verkko	T2T00	whatshap_stats	chr5
block_n50	182042449	both	phased_verkko	T2T00	whatshap_stats	chr5
variants	300506	both	phased_verkko	T2T00	whatshap_stats	chr6
phased	203432	both	phased_verkko	T2T00	whatshap_stats	chr6
unphased	815	both	phased_verkko	T2T00	whatshap_stats	chr6
singletons	0	both	phased_verkko	T2T00	whatshap_stats	chr6
blocks	1	both	phased_verkko	T2T00	whatshap_stats	chr6
variant_per_block_median	203432	both	phased_verkko	T2T00	whatshap_stats	chr6
variant_per_block_avg	203432	both	phased_verkko	T2T00	whatshap_stats	chr6
variant_per_block_min	203432	both	phased_verkko	T2T00	whatshap_stats	chr6
variant_per_block_max	203432	both	phased_verkko	T2T00	whatshap_stats	chr6
variant_per_block_sum	203432	both	phased_verkko	T2T00	whatshap_stats	chr6
bp_per_block_median	172115959	both	phased_verkko	T2T00	whatshap_stats	chr6
bp_per_block_avg	172115959	both	phased_verkko	T2T00	whatshap_stats	chr6
bp_per_block_min	172115959	both	phased_verkko	T2T00	whatshap_stats	chr6
bp_per_block_max	172115959	both	phased_verkko	T2T00	whatshap_stats	chr6
bp_per_block_sum	172115959	both	phased_verkko	T2T00	whatshap_stats	chr6
heterozygous_variants	204247	both	phased_verkko	T2T00	whatshap_stats	chr6
heterozygous_snvs	173381	both	phased_verkko	T2T00	whatshap_stats	chr6
phased_snvs	172637	both	phased_verkko	T2T00	whatshap_stats	chr6
phased_fraction	0.9960097333130964	both	phased_verkko	T2T00	whatshap_stats	chr6
phased_snvs_fraction	0.9957088723677912	both	phased_verkko	T2T00	whatshap_stats	chr6
block_n50	172115959	both	phased_verkko	T2T00	whatshap_stats	chr6
variants	281451	both	phased_verkko	T2T00	whatshap_stats	chr7
phased	187699	both	phased_verkko	T2T00	whatshap_stats	chr7
unphased	21	both	phased_verkko	T2T00	whatshap_stats	chr7
singletons	0	both	phased_verkko	T2T00	whatshap_stats	chr7
blocks	1	both	phased_verkko	T2T00	whatshap_stats	chr7
variant_per_block_median	187699	both	phased_verkko	T2T00	whatshap_stats	chr7
variant_per_block_avg	187699	both	phased_verkko	T2T00	whatshap_stats	chr7
variant_per_block_min	187699	both	phased_verkko	T2T00	whatshap_stats	chr7
variant_per_block_max	187699	both	phased_verkko	T2T00	whatshap_stats	chr7
variant_per_block_sum	187699	both	phased_verkko	T2T00	whatshap_stats	chr7
bp_per_block_median	160562362	both	phased_verkko	T2T00	whatshap_stats	chr7
bp_per_block_avg	160562362	both	phased_verkko	T2T00	whatshap_stats	chr7
bp_per_block_min	160562362	both	phased_verkko	T2T00	whatshap_stats	chr7
bp_per_block_max	160562362	both	phased_verkko	T2T00	whatshap_stats	chr7
bp_per_block_sum	160562362	both	phased_verkko	T2T00	whatshap_stats	chr7
heterozygous_variants	187720	both	phased_verkko	T2T00	whatshap_stats	chr7
heterozygous_snvs	157105	both	phased_verkko	T2T00	whatshap_stats	chr7
phased_snvs	157087	both	phased_verkko	T2T00	whatshap_stats	chr7
phased_fraction	0.9998881312593224	both	phased_verkko	T2T00	whatshap_stats	chr7
phased_snvs_fraction	0.9998854269437636	both	phased_verkko	T2T00	whatshap_stats	chr7
block_n50	160562362	both	phased_verkko	T2T00	whatshap_stats	chr7
variants	129004	both	phased_verkko	T2T00	whatshap_stats	chrX
phased	128963	both	phased_verkko	T2T00	whatshap_stats	chrX
unphased	41	both	phased_verkko	T2T00	whatshap_stats	chrX
singletons	0	both	phased_verkko	T2T00	whatshap_stats	chrX
blocks	1	both	phased_verkko	T2T00	whatshap_stats	chrX
variant_per_block_median	128963	both	phased_verkko	T2T00	whatshap_stats	chrX
variant_per_block_avg	128963	both	phased_verkko	T2T00	whatshap_stats	chrX
variant_per_block_min	128963	both	phased_verkko	T2T00	whatshap_stats	chrX
variant_per_block_max	128963	both	phased_verkko	T2T00	whatshap_stats	chrX
variant_per_block_sum	128963	both	phased_verkko	T2T00	whatshap_stats	chrX
bp_per_block_median	154251204	both	phased_verkko	T2T00	whatshap_stats	chrX
bp_per_block_avg	154251204	both	phased_verkko	T2T00	whatshap_stats	chrX
bp_per_block_min	154251204	both	phased_verkko	T2T00	whatshap_stats	chrX
bp_per_block_max	154251204	both	phased_verkko	T2T00	whatshap_stats	chrX
bp_per_block_sum	154251204	both	phased_verkko	T2T00	whatshap_stats	chrX
heterozygous_variants	129004	both	phased_verkko	T2T00	whatshap_stats	chrX
heterozygous_snvs	100303	both	phased_verkko	T2T00	whatshap_stats	chrX
phased_snvs	100291	both	phased_verkko	T2T00	whatshap_stats	chrX
phased_fraction	0.999682180397507	both	phased_verkko	T2T00	whatshap_stats	chrX
phased_snvs_fraction	0.99988036250162	both	phased_verkko	T2T00	whatshap_stats	chrX
block_n50	154251204	both	phased_verkko	T2T00	whatshap_stats	chrX
variants	234068	both	phased_verkko	T2T00	whatshap_stats	chr9
phased	157930	both	phased_verkko	T2T00	whatshap_stats	chr9
unphased	3893	both	phased_verkko	T2T00	whatshap_stats	chr9
singletons	0	both	phased_verkko	T2T00	whatshap_stats	chr9
blocks	1	both	phased_verkko	T2T00	whatshap_stats	chr9
variant_per_block_median	157930	both	phased_verkko	T2T00	whatshap_stats	chr9
variant_per_block_avg	157930	both	phased_verkko	T2T00	whatshap_stats	chr9
variant_per_block_min	157930	both	phased_verkko	T2T00	whatshap_stats	chr9
variant_per_block_max	157930	both	phased_verkko	T2T00	whatshap_stats	chr9
variant_per_block_sum	157930	both	phased_verkko	T2T00	whatshap_stats	chr9
bp_per_block_median	150610674	both	phased_verkko	T2T00	whatshap_stats	chr9
bp_per_block_avg	150610674	both	phased_verkko	T2T00	whatshap_stats	chr9
bp_per_block_min	150610674	both	phased_verkko	T2T00	whatshap_stats	chr9
bp_per_block_max	150610674	both	phased_verkko	T2T00	whatshap_stats	chr9
bp_per_block_sum	150610674	both	phased_verkko	T2T00	whatshap_stats	chr9
heterozygous_variants	161823	both	phased_verkko	T2T00	whatshap_stats	chr9
heterozygous_snvs	129904	both	phased_verkko	T2T00	whatshap_stats	chr9
phased_snvs	126626	both	phased_verkko	T2T00	whatshap_stats	chr9
phased_fraction	0.9759428511398256	both	phased_verkko	T2T00	whatshap_stats	chr9
phased_snvs_fraction	0.9747659810321468	both	phased_verkko	T2T00	whatshap_stats	chr9
block_n50	150610674	both	phased_verkko	T2T00	whatshap_stats	chr9
variants	238571	both	phased_verkko	T2T00	whatshap_stats	chr8
phased	150839	both	phased_verkko	T2T00	whatshap_stats	chr8
unphased	1376	both	phased_verkko	T2T00	whatshap_stats	chr8
singletons	0	both	phased_verkko	T2T00	whatshap_stats	chr8
blocks	1	both	phased_verkko	T2T00	whatshap_stats	chr8
variant_per_block_median	150839	both	phased_verkko	T2T00	whatshap_stats	chr8
variant_per_block_avg	150839	both	phased_verkko	T2T00	whatshap_stats	chr8
variant_per_block_min	150839	both	phased_verkko	T2T00	whatshap_stats	chr8
variant_per_block_max	150839	both	phased_verkko	T2T00	whatshap_stats	chr8
variant_per_block_sum	150839	both	phased_verkko	T2T00	whatshap_stats	chr8
bp_per_block_median	146240505	both	phased_verkko	T2T00	whatshap_stats	chr8
bp_per_block_avg	146240505	both	phased_verkko	T2T00	whatshap_stats	chr8
bp_per_block_min	146240505	both	phased_verkko	T2T00	whatshap_stats	chr8
bp_per_block_max	146240505	both	phased_verkko	T2T00	whatshap_stats	chr8
bp_per_block_sum	146240505	both	phased_verkko	T2T00	whatshap_stats	chr8
heterozygous_variants	152215	both	phased_verkko	T2T00	whatshap_stats	chr8
heterozygous_snvs	128597	both	phased_verkko	T2T00	whatshap_stats	chr8
phased_snvs	127321	both	phased_verkko	T2T00	whatshap_stats	chr8
phased_fraction	0.9909601550438524	both	phased_verkko	T2T00	whatshap_stats	chr8
phased_snvs_fraction	0.9900775290247829	both	phased_verkko	T2T00	whatshap_stats	chr8
block_n50	146240505	both	phased_verkko	T2T00	whatshap_stats	chr8
variants	274599	both	phased_verkko	T2T00	whatshap_stats	chr11
phased	190390	both	phased_verkko	T2T00	whatshap_stats	chr11
unphased	429	both	phased_verkko	T2T00	whatshap_stats	chr11
singletons	0	both	phased_verkko	T2T00	whatshap_stats	chr11
blocks	1	both	phased_verkko	T2T00	whatshap_stats	chr11
variant_per_block_median	190390	both	phased_verkko	T2T00	whatshap_stats	chr11
variant_per_block_avg	190390	both	phased_verkko	T2T00	whatshap_stats	chr11
variant_per_block_min	190390	both	phased_verkko	T2T00	whatshap_stats	chr11
variant_per_block_max	190390	both	phased_verkko	T2T00	whatshap_stats	chr11
variant_per_block_sum	190390	both	phased_verkko	T2T00	whatshap_stats	chr11
bp_per_block_median	135123648	both	phased_verkko	T2T00	whatshap_stats	chr11
bp_per_block_avg	135123648	both	phased_verkko	T2T00	whatshap_stats	chr11
bp_per_block_min	135123648	both	phased_verkko	T2T00	whatshap_stats	chr11
bp_per_block_max	135123648	both	phased_verkko	T2T00	whatshap_stats	chr11
bp_per_block_sum	135123648	both	phased_verkko	T2T00	whatshap_stats	chr11
heterozygous_variants	190819	both	phased_verkko	T2T00	whatshap_stats	chr11
heterozygous_snvs	166684	both	phased_verkko	T2T00	whatshap_stats	chr11
phased_snvs	166265	both	phased_verkko	T2T00	whatshap_stats	chr11
phased_fraction	0.9977517962047804	both	phased_verkko	T2T00	whatshap_stats	chr11
phased_snvs_fraction	0.9974862614288114	both	phased_verkko	T2T00	whatshap_stats	chr11
block_n50	135123648	both	phased_verkko	T2T00	whatshap_stats	chr11
variants	220532	both	phased_verkko	T2T00	whatshap_stats	chr10
phased	150315	both	phased_verkko	T2T00	whatshap_stats	chr10
unphased	727	both	phased_verkko	T2T00	whatshap_stats	chr10
singletons	0	both	phased_verkko	T2T00	whatshap_stats	chr10
blocks	1	both	phased_verkko	T2T00	whatshap_stats	chr10
variant_per_block_median	150315	both	phased_verkko	T2T00	whatshap_stats	chr10
variant_per_block_avg	150315	both	phased_verkko	T2T00	whatshap_stats	chr10
variant_per_block_min	150315	both	phased_verkko	T2T00	whatshap_stats	chr10
variant_per_block_max	150315	both	phased_verkko	T2T00	whatshap_stats	chr10
variant_per_block_sum	150315	both	phased_verkko	T2T00	whatshap_stats	chr10
bp_per_block_median	134751250	both	phased_verkko	T2T00	whatshap_stats	chr10
bp_per_block_avg	134751250	both	phased_verkko	T2T00	whatshap_stats	chr10
bp_per_block_min	134751250	both	phased_verkko	T2T00	whatshap_stats	chr10
bp_per_block_max	134751250	both	phased_verkko	T2T00	whatshap_stats	chr10
bp_per_block_sum	134751250	both	phased_verkko	T2T00	whatshap_stats	chr10
heterozygous_variants	151042	both	phased_verkko	T2T00	whatshap_stats	chr10
heterozygous_snvs	125231	both	phased_verkko	T2T00	whatshap_stats	chr10
phased_snvs	124587	both	phased_verkko	T2T00	whatshap_stats	chr10
phased_fraction	0.995186769242992	both	phased_verkko	T2T00	whatshap_stats	chr10
phased_snvs_fraction	0.994857503333839	both	phased_verkko	T2T00	whatshap_stats	chr10
block_n50	134751250	both	phased_verkko	T2T00	whatshap_stats	chr10
variants	205156	both	phased_verkko	T2T00	whatshap_stats	chr12
phased	138305	both	phased_verkko	T2T00	whatshap_stats	chr12
unphased	0	both	phased_verkko	T2T00	whatshap_stats	chr12
singletons	0	both	phased_verkko	T2T00	whatshap_stats	chr12
blocks	1	both	phased_verkko	T2T00	whatshap_stats	chr12
variant_per_block_median	138305	both	phased_verkko	T2T00	whatshap_stats	chr12
variant_per_block_avg	138305	both	phased_verkko	T2T00	whatshap_stats	chr12
variant_per_block_min	138305	both	phased_verkko	T2T00	whatshap_stats	chr12
variant_per_block_max	138305	both	phased_verkko	T2T00	whatshap_stats	chr12
variant_per_block_sum	138305	both	phased_verkko	T2T00	whatshap_stats	chr12
bp_per_block_median	133319650	both	phased_verkko	T2T00	whatshap_stats	chr12
bp_per_block_avg	133319650	both	phased_verkko	T2T00	whatshap_stats	chr12
bp_per_block_min	133319650	both	phased_verkko	T2T00	whatshap_stats	chr12
bp_per_block_max	133319650	both	phased_verkko	T2T00	whatshap_stats	chr12
bp_per_block_sum	133319650	both	phased_verkko	T2T00	whatshap_stats	chr12
heterozygous_variants	138305	both	phased_verkko	T2T00	whatshap_stats	chr12
heterozygous_snvs	114137	both	phased_verkko	T2T00	whatshap_stats	chr12
phased_snvs	114137	both	phased_verkko	T2T00	whatshap_stats	chr12
phased_fraction	1	both	phased_verkko	T2T00	whatshap_stats	chr12
phased_snvs_fraction	1	both	phased_verkko	T2T00	whatshap_stats	chr12
block_n50	133319650	both	phased_verkko	T2T00	whatshap_stats	chr12
variants	165384	both	phased_verkko	T2T00	whatshap_stats	chr13
phased	110273	both	phased_verkko	T2T00	whatshap_stats	chr13
unphased	0	both	phased_verkko	T2T00	whatshap_stats	chr13
singletons	0	both	phased_verkko	T2T00	whatshap_stats	chr13
blocks	1	both	phased_verkko	T2T00	whatshap_stats	chr13
variant_per_block_median	110273	both	phased_verkko	T2T00	whatshap_stats	chr13
variant_per_block_avg	110273	both	phased_verkko	T2T00	whatshap_stats	chr13
variant_per_block_min	110273	both	phased_verkko	T2T00	whatshap_stats	chr13
variant_per_block_max	110273	both	phased_verkko	T2T00	whatshap_stats	chr13
variant_per_block_sum	110273	both	phased_verkko	T2T00	whatshap_stats	chr13
bp_per_block_median	109443313	both	phased_verkko	T2T00	whatshap_stats	chr13
bp_per_block_avg	109443313	both	phased_verkko	T2T00	whatshap_stats	chr13
bp_per_block_min	109443313	both	phased_verkko	T2T00	whatshap_stats	chr13
bp_per_block_max	109443313	both	phased_verkko	T2T00	whatshap_stats	chr13
bp_per_block_sum	109443313	both	phased_verkko	T2T00	whatshap_stats	chr13
heterozygous_variants	110273	both	phased_verkko	T2T00	whatshap_stats	chr13
heterozygous_snvs	91664	both	phased_verkko	T2T00	whatshap_stats	chr13
phased_snvs	91664	both	phased_verkko	T2T00	whatshap_stats	chr13
phased_fraction	1	both	phased_verkko	T2T00	whatshap_stats	chr13
phased_snvs_fraction	1	both	phased_verkko	T2T00	whatshap_stats	chr13
block_n50	109443313	both	phased_verkko	T2T00	whatshap_stats	chr13
variants	220037	both	phased_verkko	T2T00	whatshap_stats	chr14
phased	136471	both	phased_verkko	T2T00	whatshap_stats	chr14
unphased	20998	both	phased_verkko	T2T00	whatshap_stats	chr14
singletons	0	both	phased_verkko	T2T00	whatshap_stats	chr14
blocks	1	both	phased_verkko	T2T00	whatshap_stats	chr14
variant_per_block_median	136471	both	phased_verkko	T2T00	whatshap_stats	chr14
variant_per_block_avg	136471	both	phased_verkko	T2T00	whatshap_stats	chr14
variant_per_block_min	136471	both	phased_verkko	T2T00	whatshap_stats	chr14
variant_per_block_max	136471	both	phased_verkko	T2T00	whatshap_stats	chr14
variant_per_block_sum	136471	both	phased_verkko	T2T00	whatshap_stats	chr14
bp_per_block_median	101092861	both	phased_verkko	T2T00	whatshap_stats	chr14
bp_per_block_avg	101092861	both	phased_verkko	T2T00	whatshap_stats	chr14
bp_per_block_min	101092861	both	phased_verkko	T2T00	whatshap_stats	chr14
bp_per_block_max	101092861	both	phased_verkko	T2T00	whatshap_stats	chr14
bp_per_block_sum	101092861	both	phased_verkko	T2T00	whatshap_stats	chr14
heterozygous_variants	157469	both	phased_verkko	T2T00	whatshap_stats	chr14
heterozygous_snvs	137305	both	phased_verkko	T2T00	whatshap_stats	chr14
phased_snvs	117963	both	phased_verkko	T2T00	whatshap_stats	chr14
phased_fraction	0.866653119026602	both	phased_verkko	T2T00	whatshap_stats	chr14
phased_snvs_fraction	0.859131131422745	both	phased_verkko	T2T00	whatshap_stats	chr14
block_n50	101092861	both	phased_verkko	T2T00	whatshap_stats	chr14
variants	220149	both	phased_verkko	T2T00	whatshap_stats	chr15
phased	160546	both	phased_verkko	T2T00	whatshap_stats	chr15
unphased	12526	both	phased_verkko	T2T00	whatshap_stats	chr15
singletons	0	both	phased_verkko	T2T00	whatshap_stats	chr15
blocks	1	both	phased_verkko	T2T00	whatshap_stats	chr15
variant_per_block_median	160546	both	phased_verkko	T2T00	whatshap_stats	chr15
variant_per_block_avg	160546	both	phased_verkko	T2T00	whatshap_stats	chr15
variant_per_block_min	160546	both	phased_verkko	T2T00	whatshap_stats	chr15
variant_per_block_max	160546	both	phased_verkko	T2T00	whatshap_stats	chr15
variant_per_block_sum	160546	both	phased_verkko	T2T00	whatshap_stats	chr15
bp_per_block_median	99743372	both	phased_verkko	T2T00	whatshap_stats	chr15
bp_per_block_avg	99743372	both	phased_verkko	T2T00	whatshap_stats	chr15
bp_per_block_min	99743372	both	phased_verkko	T2T00	whatshap_stats	chr15
bp_per_block_max	99743372	both	phased_verkko	T2T00	whatshap_stats	chr15
bp_per_block_sum	99743372	both	phased_verkko	T2T00	whatshap_stats	chr15
heterozygous_variants	173072	both	phased_verkko	T2T00	whatshap_stats	chr15
heterozygous_snvs	149801	both	phased_verkko	T2T00	whatshap_stats	chr15
phased_snvs	138509	both	phased_verkko	T2T00	whatshap_stats	chr15
phased_fraction	0.927625496903023	both	phased_verkko	T2T00	whatshap_stats	chr15
phased_snvs_fraction	0.9246199958611758	both	phased_verkko	T2T00	whatshap_stats	chr15
block_n50	99743372	both	phased_verkko	T2T00	whatshap_stats	chr15
variants	183755	both	phased_verkko	T2T00	whatshap_stats	chr16
phased	129837	both	phased_verkko	T2T00	whatshap_stats	chr16
unphased	1528	both	phased_verkko	T2T00	whatshap_stats	chr16
singletons	0	both	phased_verkko	T2T00	whatshap_stats	chr16
blocks	1	both	phased_verkko	T2T00	whatshap_stats	chr16
variant_per_block_median	129837	both	phased_verkko	T2T00	whatshap_stats	chr16
variant_per_block_avg	129837	both	phased_verkko	T2T00	whatshap_stats	chr16
variant_per_block_min	129837	both	phased_verkko	T2T00	whatshap_stats	chr16
variant_per_block_max	129837	both	phased_verkko	T2T00	whatshap_stats	chr16
variant_per_block_sum	129837	both	phased_verkko	T2T00	whatshap_stats	chr16
bp_per_block_median	96324206	both	phased_verkko	T2T00	whatshap_stats	chr16
bp_per_block_avg	96324206	both	phased_verkko	T2T00	whatshap_stats	chr16
bp_per_block_min	96324206	both	phased_verkko	T2T00	whatshap_stats	chr16
bp_per_block_max	96324206	both	phased_verkko	T2T00	whatshap_stats	chr16
bp_per_block_sum	96324206	both	phased_verkko	T2T00	whatshap_stats	chr16
heterozygous_variants	131365	both	phased_verkko	T2T00	whatshap_stats	chr16
heterozygous_snvs	113286	both	phased_verkko	T2T00	whatshap_stats	chr16
phased_snvs	111900	both	phased_verkko	T2T00	whatshap_stats	chr16
phased_fraction	0.9883682868343928	both	phased_verkko	T2T00	whatshap_stats	chr16
phased_snvs_fraction	0.9877654785233831	both	phased_verkko	T2T00	whatshap_stats	chr16
block_n50	96324206	both	phased_verkko	T2T00	whatshap_stats	chr16
variants	148494	both	phased_verkko	T2T00	whatshap_stats	chr17
phased	93118	both	phased_verkko	T2T00	whatshap_stats	chr17
unphased	3	both	phased_verkko	T2T00	whatshap_stats	chr17
singletons	0	both	phased_verkko	T2T00	whatshap_stats	chr17
blocks	1	both	phased_verkko	T2T00	whatshap_stats	chr17
variant_per_block_median	93118	both	phased_verkko	T2T00	whatshap_stats	chr17
variant_per_block_avg	93118	both	phased_verkko	T2T00	whatshap_stats	chr17
variant_per_block_min	93118	both	phased_verkko	T2T00	whatshap_stats	chr17
variant_per_block_max	93118	both	phased_verkko	T2T00	whatshap_stats	chr17
variant_per_block_sum	93118	both	phased_verkko	T2T00	whatshap_stats	chr17
bp_per_block_median	84235151	both	phased_verkko	T2T00	whatshap_stats	chr17
bp_per_block_avg	84235151	both	phased_verkko	T2T00	whatshap_stats	chr17
bp_per_block_min	84235151	both	phased_verkko	T2T00	whatshap_stats	chr17
bp_per_block_max	84235151	both	phased_verkko	T2T00	whatshap_stats	chr17
bp_per_block_sum	84235151	both	phased_verkko	T2T00	whatshap_stats	chr17
heterozygous_variants	93121	both	phased_verkko	T2T00	whatshap_stats	chr17
heterozygous_snvs	76859	both	phased_verkko	T2T00	whatshap_stats	chr17
phased_snvs	76858	both	phased_verkko	T2T00	whatshap_stats	chr17
phased_fraction	0.9999677838511184	both	phased_verkko	T2T00	whatshap_stats	chr17
phased_snvs_fraction	0.999986989161972	both	phased_verkko	T2T00	whatshap_stats	chr17
block_n50	84235151	both	phased_verkko	T2T00	whatshap_stats	chr17
variants	133119	both	phased_verkko	T2T00	whatshap_stats	chr18
phased	92802	both	phased_verkko	T2T00	whatshap_stats	chr18
unphased	0	both	phased_verkko	T2T00	whatshap_stats	chr18
singletons	0	both	phased_verkko	T2T00	whatshap_stats	chr18
blocks	1	both	phased_verkko	T2T00	whatshap_stats	chr18
variant_per_block_median	92802	both	phased_verkko	T2T00	whatshap_stats	chr18
variant_per_block_avg	92802	both	phased_verkko	T2T00	whatshap_stats	chr18
variant_per_block_min	92802	both	phased_verkko	T2T00	whatshap_stats	chr18
variant_per_block_max	92802	both	phased_verkko	T2T00	whatshap_stats	chr18
variant_per_block_sum	92802	both	phased_verkko	T2T00	whatshap_stats	chr18
bp_per_block_median	80375332	both	phased_verkko	T2T00	whatshap_stats	chr18
bp_per_block_avg	80375332	both	phased_verkko	T2T00	whatshap_stats	chr18
bp_per_block_min	80375332	both	phased_verkko	T2T00	whatshap_stats	chr18
bp_per_block_max	80375332	both	phased_verkko	T2T00	whatshap_stats	chr18
bp_per_block_sum	80375332	both	phased_verkko	T2T00	whatshap_stats	chr18
heterozygous_variants	92802	both	phased_verkko	T2T00	whatshap_stats	chr18
heterozygous_snvs	79047	both	phased_verkko	T2T00	whatshap_stats	chr18
phased_snvs	79047	both	phased_verkko	T2T00	whatshap_stats	chr18
phased_fraction	1	both	phased_verkko	T2T00	whatshap_stats	chr18
phased_snvs_fraction	1	both	phased_verkko	T2T00	whatshap_stats	chr18
block_n50	80375332	both	phased_verkko	T2T00	whatshap_stats	chr18
variants	122154	both	phased_verkko	T2T00	whatshap_stats	chr20
phased	83232	both	phased_verkko	T2T00	whatshap_stats	chr20
unphased	287	both	phased_verkko	T2T00	whatshap_stats	chr20
singletons	0	both	phased_verkko	T2T00	whatshap_stats	chr20
blocks	1	both	phased_verkko	T2T00	whatshap_stats	chr20
variant_per_block_median	83232	both	phased_verkko	T2T00	whatshap_stats	chr20
variant_per_block_avg	83232	both	phased_verkko	T2T00	whatshap_stats	chr20
variant_per_block_min	83232	both	phased_verkko	T2T00	whatshap_stats	chr20
variant_per_block_max	83232	both	phased_verkko	T2T00	whatshap_stats	chr20
variant_per_block_sum	83232	both	phased_verkko	T2T00	whatshap_stats	chr20
bp_per_block_median	66203713	both	phased_verkko	T2T00	whatshap_stats	chr20
bp_per_block_avg	66203713	both	phased_verkko	T2T00	whatshap_stats	chr20
bp_per_block_min	66203713	both	phased_verkko	T2T00	whatshap_stats	chr20
bp_per_block_max	66203713	both	phased_verkko	T2T00	whatshap_stats	chr20
bp_per_block_sum	66203713	both	phased_verkko	T2T00	whatshap_stats	chr20
heterozygous_variants	83519	both	phased_verkko	T2T00	whatshap_stats	chr20
heterozygous_snvs	71034	both	phased_verkko	T2T00	whatshap_stats	chr20
phased_snvs	70775	both	phased_verkko	T2T00	whatshap_stats	chr20
phased_fraction	0.9965636561740442	both	phased_verkko	T2T00	whatshap_stats	chr20
phased_snvs_fraction	0.9963538587155448	both	phased_verkko	T2T00	whatshap_stats	chr20
block_n50	66203713	both	phased_verkko	T2T00	whatshap_stats	chr20
variants	120822	both	phased_verkko	T2T00	whatshap_stats	chr19
phased	86613	both	phased_verkko	T2T00	whatshap_stats	chr19
unphased	0	both	phased_verkko	T2T00	whatshap_stats	chr19
singletons	0	both	phased_verkko	T2T00	whatshap_stats	chr19
blocks	1	both	phased_verkko	T2T00	whatshap_stats	chr19
variant_per_block_median	86613	both	phased_verkko	T2T00	whatshap_stats	chr19
variant_per_block_avg	86613	both	phased_verkko	T2T00	whatshap_stats	chr19
variant_per_block_min	86613	both	phased_verkko	T2T00	whatshap_stats	chr19
variant_per_block_max	86613	both	phased_verkko	T2T00	whatshap_stats	chr19
variant_per_block_sum	86613	both	phased_verkko	T2T00	whatshap_stats	chr19
bp_per_block_median	61701747	both	phased_verkko	T2T00	whatshap_stats	chr19
bp_per_block_avg	61701747	both	phased_verkko	T2T00	whatshap_stats	chr19
bp_per_block_min	61701747	both	phased_verkko	T2T00	whatshap_stats	chr19
bp_per_block_max	61701747	both	phased_verkko	T2T00	whatshap_stats	chr19
bp_per_block_sum	61701747	both	phased_verkko	T2T00	whatshap_stats	chr19
heterozygous_variants	86613	both	phased_verkko	T2T00	whatshap_stats	chr19
heterozygous_snvs	71093	both	phased_verkko	T2T00	whatshap_stats	chr19
phased_snvs	71093	both	phased_verkko	T2T00	whatshap_stats	chr19
phased_fraction	1	both	phased_verkko	T2T00	whatshap_stats	chr19
phased_snvs_fraction	1	both	phased_verkko	T2T00	whatshap_stats	chr19
block_n50	61701747	both	phased_verkko	T2T00	whatshap_stats	chr19
variants	149752	both	phased_verkko	T2T00	whatshap_stats	chr22
phased	114965	both	phased_verkko	T2T00	whatshap_stats	chr22
unphased	1132	both	phased_verkko	T2T00	whatshap_stats	chr22
singletons	0	both	phased_verkko	T2T00	whatshap_stats	chr22
blocks	1	both	phased_verkko	T2T00	whatshap_stats	chr22
variant_per_block_median	114965	both	phased_verkko	T2T00	whatshap_stats	chr22
variant_per_block_avg	114965	both	phased_verkko	T2T00	whatshap_stats	chr22
variant_per_block_min	114965	both	phased_verkko	T2T00	whatshap_stats	chr22
variant_per_block_max	114965	both	phased_verkko	T2T00	whatshap_stats	chr22
variant_per_block_sum	114965	both	phased_verkko	T2T00	whatshap_stats	chr22
bp_per_block_median	51309641	both	phased_verkko	T2T00	whatshap_stats	chr22
bp_per_block_avg	51309641	both	phased_verkko	T2T00	whatshap_stats	chr22
bp_per_block_min	51309641	both	phased_verkko	T2T00	whatshap_stats	chr22
bp_per_block_max	51309641	both	phased_verkko	T2T00	whatshap_stats	chr22
bp_per_block_sum	51309641	both	phased_verkko	T2T00	whatshap_stats	chr22
heterozygous_variants	116097	both	phased_verkko	T2T00	whatshap_stats	chr22
heterozygous_snvs	102762	both	phased_verkko	T2T00	whatshap_stats	chr22
phased_snvs	101744	both	phased_verkko	T2T00	whatshap_stats	chr22
phased_fraction	0.9902495327183304	both	phased_verkko	T2T00	whatshap_stats	chr22
phased_snvs_fraction	0.990093614371071	both	phased_verkko	T2T00	whatshap_stats	chr22
block_n50	51309641	both	phased_verkko	T2T00	whatshap_stats	chr22
variants	107388	both	phased_verkko	T2T00	whatshap_stats	chr21
phased	80848	both	phased_verkko	T2T00	whatshap_stats	chr21
unphased	4234	both	phased_verkko	T2T00	whatshap_stats	chr21
singletons	0	both	phased_verkko	T2T00	whatshap_stats	chr21
blocks	1	both	phased_verkko	T2T00	whatshap_stats	chr21
variant_per_block_median	80848	both	phased_verkko	T2T00	whatshap_stats	chr21
variant_per_block_avg	80848	both	phased_verkko	T2T00	whatshap_stats	chr21
variant_per_block_min	80848	both	phased_verkko	T2T00	whatshap_stats	chr21
variant_per_block_max	80848	both	phased_verkko	T2T00	whatshap_stats	chr21
variant_per_block_sum	80848	both	phased_verkko	T2T00	whatshap_stats	chr21
bp_per_block_median	45080756	both	phased_verkko	T2T00	whatshap_stats	chr21
bp_per_block_avg	45080756	both	phased_verkko	T2T00	whatshap_stats	chr21
bp_per_block_min	45080756	both	phased_verkko	T2T00	whatshap_stats	chr21
bp_per_block_max	45080756	both	phased_verkko	T2T00	whatshap_stats	chr21
bp_per_block_sum	45080756	both	phased_verkko	T2T00	whatshap_stats	chr21
heterozygous_variants	85082	both	phased_verkko	T2T00	whatshap_stats	chr21
heterozygous_snvs	73372	both	phased_verkko	T2T00	whatshap_stats	chr21
phased_snvs	69840	both	phased_verkko	T2T00	whatshap_stats	chr21
phased_fraction	0.9502362426835288	both	phased_verkko	T2T00	whatshap_stats	chr21
phased_snvs_fraction	0.951861745625034	both	phased_verkko	T2T00	whatshap_stats	chr21
block_n50	45080756	both	phased_verkko	T2T00	whatshap_stats	chr21
variants	5094598	both	phased_verkko	T2T00	whatshap_stats	ALL
phased	3503359	both	phased_verkko	T2T00	whatshap_stats	ALL
unphased	59636	both	phased_verkko	T2T00	whatshap_stats	ALL
singletons	0	both	phased_verkko	T2T00	whatshap_stats	ALL
blocks	23	both	phased_verkko	T2T00	whatshap_stats	ALL
variant_per_block_median	150315	both	phased_verkko	T2T00	whatshap_stats	ALL
variant_per_block_avg	152319.95652173914	both	phased_verkko	T2T00	whatshap_stats	ALL
variant_per_block_min	80848	both	phased_verkko	T2T00	whatshap_stats	ALL
variant_per_block_max	252167	both	phased_verkko	T2T00	whatshap_stats	ALL
variant_per_block_sum	3503359	both	phased_verkko	T2T00	whatshap_stats	ALL
bp_per_block_median	134751250	both	phased_verkko	T2T00	whatshap_stats	ALL
bp_per_block_avg	132616774.91304348	both	phased_verkko	T2T00	whatshap_stats	ALL
bp_per_block_min	45080756	both	phased_verkko	T2T00	whatshap_stats	ALL
bp_per_block_max	248380941	both	phased_verkko	T2T00	whatshap_stats	ALL
bp_per_block_sum	3050185823	both	phased_verkko	T2T00	whatshap_stats	ALL
heterozygous_variants	3562995	both	phased_verkko	T2T00	whatshap_stats	ALL
heterozygous_snvs	2998196	both	phased_verkko	T2T00	whatshap_stats	ALL
phased_snvs	2944048	both	phased_verkko	T2T00	whatshap_stats	ALL
phased_fraction	0.9832623958214928	both	phased_verkko	T2T00	whatshap_stats	ALL
phased_snvs_fraction	0.9819398064702908	both	phased_verkko	T2T00	whatshap_stats	ALL
block_n50	154251204	both	phased_verkko	T2T00	whatshap_stats	ALL
variants	360664	both	phased_verkko	T2T04	whatshap_stats	chr1
phased	235242	both	phased_verkko	T2T04	whatshap_stats	chr1
unphased	316	both	phased_verkko	T2T04	whatshap_stats	chr1
singletons	0	both	phased_verkko	T2T04	whatshap_stats	chr1
blocks	1	both	phased_verkko	T2T04	whatshap_stats	chr1
variant_per_block_median	235242	both	phased_verkko	T2T04	whatshap_stats	chr1
variant_per_block_avg	235242	both	phased_verkko	T2T04	whatshap_stats	chr1
variant_per_block_min	235242	both	phased_verkko	T2T04	whatshap_stats	chr1
variant_per_block_max	235242	both	phased_verkko	T2T04	whatshap_stats	chr1
variant_per_block_sum	235242	both	phased_verkko	T2T04	whatshap_stats	chr1
bp_per_block_median	248380958	both	phased_verkko	T2T04	whatshap_stats	chr1
bp_per_block_avg	248380958	both	phased_verkko	T2T04	whatshap_stats	chr1
bp_per_block_min	248380958	both	phased_verkko	T2T04	whatshap_stats	chr1
bp_per_block_max	248380958	both	phased_verkko	T2T04	whatshap_stats	chr1
bp_per_block_sum	248380958	both	phased_verkko	T2T04	whatshap_stats	chr1
heterozygous_variants	235558	both	phased_verkko	T2T04	whatshap_stats	chr1
heterozygous_snvs	194536	both	phased_verkko	T2T04	whatshap_stats	chr1
phased_snvs	194234	both	phased_verkko	T2T04	whatshap_stats	chr1
phased_fraction	0.9986585044872176	both	phased_verkko	T2T04	whatshap_stats	chr1
phased_snvs_fraction	0.9984475881070856	both	phased_verkko	T2T04	whatshap_stats	chr1
block_n50	248380958	both	phased_verkko	T2T04	whatshap_stats	chr1
variants	349130	both	phased_verkko	T2T04	whatshap_stats	chr2
phased	229783	both	phased_verkko	T2T04	whatshap_stats	chr2
unphased	581	both	phased_verkko	T2T04	whatshap_stats	chr2
singletons	0	both	phased_verkko	T2T04	whatshap_stats	chr2
blocks	1	both	phased_verkko	T2T04	whatshap_stats	chr2
variant_per_block_median	229783	both	phased_verkko	T2T04	whatshap_stats	chr2
variant_per_block_avg	229783	both	phased_verkko	T2T04	whatshap_stats	chr2
variant_per_block_min	229783	both	phased_verkko	T2T04	whatshap_stats	chr2
variant_per_block_max	229783	both	phased_verkko	T2T04	whatshap_stats	chr2
variant_per_block_sum	229783	both	phased_verkko	T2T04	whatshap_stats	chr2
bp_per_block_median	242690676	both	phased_verkko	T2T04	whatshap_stats	chr2
bp_per_block_avg	242690676	both	phased_verkko	T2T04	whatshap_stats	chr2
bp_per_block_min	242690676	both	phased_verkko	T2T04	whatshap_stats	chr2
bp_per_block_max	242690676	both	phased_verkko	T2T04	whatshap_stats	chr2
bp_per_block_sum	242690676	both	phased_verkko	T2T04	whatshap_stats	chr2
heterozygous_variants	230364	both	phased_verkko	T2T04	whatshap_stats	chr2
heterozygous_snvs	189907	both	phased_verkko	T2T04	whatshap_stats	chr2
phased_snvs	189383	both	phased_verkko	T2T04	whatshap_stats	chr2
phased_fraction	0.9974779045336944	both	phased_verkko	T2T04	whatshap_stats	chr2
phased_snvs_fraction	0.997240754685188	both	phased_verkko	T2T04	whatshap_stats	chr2
block_n50	242690676	both	phased_verkko	T2T04	whatshap_stats	chr2
variants	334664	both	phased_verkko	T2T04	whatshap_stats	chr3
phased	222984	both	phased_verkko	T2T04	whatshap_stats	chr3
unphased	3847	both	phased_verkko	T2T04	whatshap_stats	chr3
singletons	0	both	phased_verkko	T2T04	whatshap_stats	chr3
blocks	1	both	phased_verkko	T2T04	whatshap_stats	chr3
variant_per_block_median	222984	both	phased_verkko	T2T04	whatshap_stats	chr3
variant_per_block_avg	222984	both	phased_verkko	T2T04	whatshap_stats	chr3
variant_per_block_min	222984	both	phased_verkko	T2T04	whatshap_stats	chr3
variant_per_block_max	222984	both	phased_verkko	T2T04	whatshap_stats	chr3
variant_per_block_sum	222984	both	phased_verkko	T2T04	whatshap_stats	chr3
bp_per_block_median	201086483	both	phased_verkko	T2T04	whatshap_stats	chr3
bp_per_block_avg	201086483	both	phased_verkko	T2T04	whatshap_stats	chr3
bp_per_block_min	201086483	both	phased_verkko	T2T04	whatshap_stats	chr3
bp_per_block_max	201086483	both	phased_verkko	T2T04	whatshap_stats	chr3
bp_per_block_sum	201086483	both	phased_verkko	T2T04	whatshap_stats	chr3
heterozygous_variants	226831	both	phased_verkko	T2T04	whatshap_stats	chr3
heterozygous_snvs	191652	both	phased_verkko	T2T04	whatshap_stats	chr3
phased_snvs	188027	both	phased_verkko	T2T04	whatshap_stats	chr3
phased_fraction	0.9830402370046424	both	phased_verkko	T2T04	whatshap_stats	chr3
phased_snvs_fraction	0.9810855091520048	both	phased_verkko	T2T04	whatshap_stats	chr3
block_n50	201086483	both	phased_verkko	T2T04	whatshap_stats	chr3
variants	332292	both	phased_verkko	T2T04	whatshap_stats	chr4
phased	225324	both	phased_verkko	T2T04	whatshap_stats	chr4
unphased	1013	both	phased_verkko	T2T04	whatshap_stats	chr4
singletons	0	both	phased_verkko	T2T04	whatshap_stats	chr4
blocks	1	both	phased_verkko	T2T04	whatshap_stats	chr4
variant_per_block_median	225324	both	phased_verkko	T2T04	whatshap_stats	chr4
variant_per_block_avg	225324	both	phased_verkko	T2T04	whatshap_stats	chr4
variant_per_block_min	225324	both	phased_verkko	T2T04	whatshap_stats	chr4
variant_per_block_max	225324	both	phased_verkko	T2T04	whatshap_stats	chr4
variant_per_block_sum	225324	both	phased_verkko	T2T04	whatshap_stats	chr4
bp_per_block_median	193510716	both	phased_verkko	T2T04	whatshap_stats	chr4
bp_per_block_avg	193510716	both	phased_verkko	T2T04	whatshap_stats	chr4
bp_per_block_min	193510716	both	phased_verkko	T2T04	whatshap_stats	chr4
bp_per_block_max	193510716	both	phased_verkko	T2T04	whatshap_stats	chr4
bp_per_block_sum	193510716	both	phased_verkko	T2T04	whatshap_stats	chr4
heterozygous_variants	226337	both	phased_verkko	T2T04	whatshap_stats	chr4
heterozygous_snvs	191384	both	phased_verkko	T2T04	whatshap_stats	chr4
phased_snvs	190436	both	phased_verkko	T2T04	whatshap_stats	chr4
phased_fraction	0.9955243729483028	both	phased_verkko	T2T04	whatshap_stats	chr4
phased_snvs_fraction	0.9950466078669064	both	phased_verkko	T2T04	whatshap_stats	chr4
block_n50	193510716	both	phased_verkko	T2T04	whatshap_stats	chr4
variants	277986	both	phased_verkko	T2T04	whatshap_stats	chr5
phased	179543	both	phased_verkko	T2T04	whatshap_stats	chr5
unphased	235	both	phased_verkko	T2T04	whatshap_stats	chr5
singletons	0	both	phased_verkko	T2T04	whatshap_stats	chr5
blocks	1	both	phased_verkko	T2T04	whatshap_stats	chr5
variant_per_block_median	179543	both	phased_verkko	T2T04	whatshap_stats	chr5
variant_per_block_avg	179543	both	phased_verkko	T2T04	whatshap_stats	chr5
variant_per_block_min	179543	both	phased_verkko	T2T04	whatshap_stats	chr5
variant_per_block_max	179543	both	phased_verkko	T2T04	whatshap_stats	chr5
variant_per_block_sum	179543	both	phased_verkko	T2T04	whatshap_stats	chr5
bp_per_block_median	182041818	both	phased_verkko	T2T04	whatshap_stats	chr5
bp_per_block_avg	182041818	both	phased_verkko	T2T04	whatshap_stats	chr5
bp_per_block_min	182041818	both	phased_verkko	T2T04	whatshap_stats	chr5
bp_per_block_max	182041818	both	phased_verkko	T2T04	whatshap_stats	chr5
bp_per_block_sum	182041818	both	phased_verkko	T2T04	whatshap_stats	chr5
heterozygous_variants	179778	both	phased_verkko	T2T04	whatshap_stats	chr5
heterozygous_snvs	149439	both	phased_verkko	T2T04	whatshap_stats	chr5
phased_snvs	149240	both	phased_verkko	T2T04	whatshap_stats	chr5
phased_fraction	0.998692832270912	both	phased_verkko	T2T04	whatshap_stats	chr5
phased_snvs_fraction	0.998668352973454	both	phased_verkko	T2T04	whatshap_stats	chr5
block_n50	182041818	both	phased_verkko	T2T04	whatshap_stats	chr5
variants	302595	both	phased_verkko	T2T04	whatshap_stats	chr6
phased	204708	both	phased_verkko	T2T04	whatshap_stats	chr6
unphased	6	both	phased_verkko	T2T04	whatshap_stats	chr6
singletons	0	both	phased_verkko	T2T04	whatshap_stats	chr6
blocks	1	both	phased_verkko	T2T04	whatshap_stats	chr6
variant_per_block_median	204708	both	phased_verkko	T2T04	whatshap_stats	chr6
variant_per_block_avg	204708	both	phased_verkko	T2T04	whatshap_stats	chr6
variant_per_block_min	204708	both	phased_verkko	T2T04	whatshap_stats	chr6
variant_per_block_max	204708	both	phased_verkko	T2T04	whatshap_stats	chr6
variant_per_block_sum	204708	both	phased_verkko	T2T04	whatshap_stats	chr6
bp_per_block_median	172120583	both	phased_verkko	T2T04	whatshap_stats	chr6
bp_per_block_avg	172120583	both	phased_verkko	T2T04	whatshap_stats	chr6
bp_per_block_min	172120583	both	phased_verkko	T2T04	whatshap_stats	chr6
bp_per_block_max	172120583	both	phased_verkko	T2T04	whatshap_stats	chr6
bp_per_block_sum	172120583	both	phased_verkko	T2T04	whatshap_stats	chr6
heterozygous_variants	204714	both	phased_verkko	T2T04	whatshap_stats	chr6
heterozygous_snvs	174153	both	phased_verkko	T2T04	whatshap_stats	chr6
phased_snvs	174152	both	phased_verkko	T2T04	whatshap_stats	chr6
phased_fraction	0.9999706908174332	both	phased_verkko	T2T04	whatshap_stats	chr6
phased_snvs_fraction	0.9999942579226312	both	phased_verkko	T2T04	whatshap_stats	chr6
block_n50	172120583	both	phased_verkko	T2T04	whatshap_stats	chr6
variants	282377	both	phased_verkko	T2T04	whatshap_stats	chr7
phased	193761	both	phased_verkko	T2T04	whatshap_stats	chr7
unphased	17	both	phased_verkko	T2T04	whatshap_stats	chr7
singletons	0	both	phased_verkko	T2T04	whatshap_stats	chr7
blocks	1	both	phased_verkko	T2T04	whatshap_stats	chr7
variant_per_block_median	193761	both	phased_verkko	T2T04	whatshap_stats	chr7
variant_per_block_avg	193761	both	phased_verkko	T2T04	whatshap_stats	chr7
variant_per_block_min	193761	both	phased_verkko	T2T04	whatshap_stats	chr7
variant_per_block_max	193761	both	phased_verkko	T2T04	whatshap_stats	chr7
variant_per_block_sum	193761	both	phased_verkko	T2T04	whatshap_stats	chr7
bp_per_block_median	160560661	both	phased_verkko	T2T04	whatshap_stats	chr7
bp_per_block_avg	160560661	both	phased_verkko	T2T04	whatshap_stats	chr7
bp_per_block_min	160560661	both	phased_verkko	T2T04	whatshap_stats	chr7
bp_per_block_max	160560661	both	phased_verkko	T2T04	whatshap_stats	chr7
bp_per_block_sum	160560661	both	phased_verkko	T2T04	whatshap_stats	chr7
heterozygous_variants	193778	both	phased_verkko	T2T04	whatshap_stats	chr7
heterozygous_snvs	162466	both	phased_verkko	T2T04	whatshap_stats	chr7
phased_snvs	162456	both	phased_verkko	T2T04	whatshap_stats	chr7
phased_fraction	0.9999122707428088	both	phased_verkko	T2T04	whatshap_stats	chr7
phased_snvs_fraction	0.9999384486600272	both	phased_verkko	T2T04	whatshap_stats	chr7
block_n50	160560661	both	phased_verkko	T2T04	whatshap_stats	chr7
variants	130597	both	phased_verkko	T2T04	whatshap_stats	chrX
phased	130597	both	phased_verkko	T2T04	whatshap_stats	chrX
unphased	0	both	phased_verkko	T2T04	whatshap_stats	chrX
singletons	0	both	phased_verkko	T2T04	whatshap_stats	chrX
blocks	1	both	phased_verkko	T2T04	whatshap_stats	chrX
variant_per_block_median	130597	both	phased_verkko	T2T04	whatshap_stats	chrX
variant_per_block_avg	130597	both	phased_verkko	T2T04	whatshap_stats	chrX
variant_per_block_min	130597	both	phased_verkko	T2T04	whatshap_stats	chrX
variant_per_block_max	130597	both	phased_verkko	T2T04	whatshap_stats	chrX
variant_per_block_sum	130597	both	phased_verkko	T2T04	whatshap_stats	chrX
bp_per_block_median	154197817	both	phased_verkko	T2T04	whatshap_stats	chrX
bp_per_block_avg	154197817	both	phased_verkko	T2T04	whatshap_stats	chrX
bp_per_block_min	154197817	both	phased_verkko	T2T04	whatshap_stats	chrX
bp_per_block_max	154197817	both	phased_verkko	T2T04	whatshap_stats	chrX
bp_per_block_sum	154197817	both	phased_verkko	T2T04	whatshap_stats	chrX
heterozygous_variants	130597	both	phased_verkko	T2T04	whatshap_stats	chrX
heterozygous_snvs	100651	both	phased_verkko	T2T04	whatshap_stats	chrX
phased_snvs	100651	both	phased_verkko	T2T04	whatshap_stats	chrX
phased_fraction	1	both	phased_verkko	T2T04	whatshap_stats	chrX
phased_snvs_fraction	1	both	phased_verkko	T2T04	whatshap_stats	chrX
block_n50	154197817	both	phased_verkko	T2T04	whatshap_stats	chrX
variants	227529	both	phased_verkko	T2T04	whatshap_stats	chr9
phased	166053	both	phased_verkko	T2T04	whatshap_stats	chr9
unphased	493	both	phased_verkko	T2T04	whatshap_stats	chr9
singletons	0	both	phased_verkko	T2T04	whatshap_stats	chr9
blocks	1	both	phased_verkko	T2T04	whatshap_stats	chr9
variant_per_block_median	166053	both	phased_verkko	T2T04	whatshap_stats	chr9
variant_per_block_avg	166053	both	phased_verkko	T2T04	whatshap_stats	chr9
variant_per_block_min	166053	both	phased_verkko	T2T04	whatshap_stats	chr9
variant_per_block_max	166053	both	phased_verkko	T2T04	whatshap_stats	chr9
variant_per_block_sum	166053	both	phased_verkko	T2T04	whatshap_stats	chr9
bp_per_block_median	150611885	both	phased_verkko	T2T04	whatshap_stats	chr9
bp_per_block_avg	150611885	both	phased_verkko	T2T04	whatshap_stats	chr9
bp_per_block_min	150611885	both	phased_verkko	T2T04	whatshap_stats	chr9
bp_per_block_max	150611885	both	phased_verkko	T2T04	whatshap_stats	chr9
bp_per_block_sum	150611885	both	phased_verkko	T2T04	whatshap_stats	chr9
heterozygous_variants	166546	both	phased_verkko	T2T04	whatshap_stats	chr9
heterozygous_snvs	138612	both	phased_verkko	T2T04	whatshap_stats	chr9
phased_snvs	138169	both	phased_verkko	T2T04	whatshap_stats	chr9
phased_fraction	0.997039856856364	both	phased_verkko	T2T04	whatshap_stats	chr9
phased_snvs_fraction	0.99680402851124	both	phased_verkko	T2T04	whatshap_stats	chr9
block_n50	150611885	both	phased_verkko	T2T04	whatshap_stats	chr9
variants	234580	both	phased_verkko	T2T04	whatshap_stats	chr8
phased	161806	both	phased_verkko	T2T04	whatshap_stats	chr8
unphased	0	both	phased_verkko	T2T04	whatshap_stats	chr8
singletons	0	both	phased_verkko	T2T04	whatshap_stats	chr8
blocks	1	both	phased_verkko	T2T04	whatshap_stats	chr8
variant_per_block_median	161806	both	phased_verkko	T2T04	whatshap_stats	chr8
variant_per_block_avg	161806	both	phased_verkko	T2T04	whatshap_stats	chr8
variant_per_block_min	161806	both	phased_verkko	T2T04	whatshap_stats	chr8
variant_per_block_max	161806	both	phased_verkko	T2T04	whatshap_stats	chr8
variant_per_block_sum	161806	both	phased_verkko	T2T04	whatshap_stats	chr8
bp_per_block_median	146245674	both	phased_verkko	T2T04	whatshap_stats	chr8
bp_per_block_avg	146245674	both	phased_verkko	T2T04	whatshap_stats	chr8
bp_per_block_min	146245674	both	phased_verkko	T2T04	whatshap_stats	chr8
bp_per_block_max	146245674	both	phased_verkko	T2T04	whatshap_stats	chr8
bp_per_block_sum	146245674	both	phased_verkko	T2T04	whatshap_stats	chr8
heterozygous_variants	161806	both	phased_verkko	T2T04	whatshap_stats	chr8
heterozygous_snvs	136663	both	phased_verkko	T2T04	whatshap_stats	chr8
phased_snvs	136663	both	phased_verkko	T2T04	whatshap_stats	chr8
phased_fraction	1	both	phased_verkko	T2T04	whatshap_stats	chr8
phased_snvs_fraction	1	both	phased_verkko	T2T04	whatshap_stats	chr8
block_n50	146245674	both	phased_verkko	T2T04	whatshap_stats	chr8
variants	244708	both	phased_verkko	T2T04	whatshap_stats	chr11
phased	181836	both	phased_verkko	T2T04	whatshap_stats	chr11
unphased	3	both	phased_verkko	T2T04	whatshap_stats	chr11
singletons	0	both	phased_verkko	T2T04	whatshap_stats	chr11
blocks	1	both	phased_verkko	T2T04	whatshap_stats	chr11
variant_per_block_median	181836	both	phased_verkko	T2T04	whatshap_stats	chr11
variant_per_block_avg	181836	both	phased_verkko	T2T04	whatshap_stats	chr11
variant_per_block_min	181836	both	phased_verkko	T2T04	whatshap_stats	chr11
variant_per_block_max	181836	both	phased_verkko	T2T04	whatshap_stats	chr11
variant_per_block_sum	181836	both	phased_verkko	T2T04	whatshap_stats	chr11
bp_per_block_median	135122566	both	phased_verkko	T2T04	whatshap_stats	chr11
bp_per_block_avg	135122566	both	phased_verkko	T2T04	whatshap_stats	chr11
bp_per_block_min	135122566	both	phased_verkko	T2T04	whatshap_stats	chr11
bp_per_block_max	135122566	both	phased_verkko	T2T04	whatshap_stats	chr11
bp_per_block_sum	135122566	both	phased_verkko	T2T04	whatshap_stats	chr11
heterozygous_variants	181839	both	phased_verkko	T2T04	whatshap_stats	chr11
heterozygous_snvs	157379	both	phased_verkko	T2T04	whatshap_stats	chr11
phased_snvs	157376	both	phased_verkko	T2T04	whatshap_stats	chr11
phased_fraction	0.9999835018890336	both	phased_verkko	T2T04	whatshap_stats	chr11
phased_snvs_fraction	0.9999809377362926	both	phased_verkko	T2T04	whatshap_stats	chr11
block_n50	135122566	both	phased_verkko	T2T04	whatshap_stats	chr11
variants	215825	both	phased_verkko	T2T04	whatshap_stats	chr10
phased	143054	both	phased_verkko	T2T04	whatshap_stats	chr10
unphased	66	both	phased_verkko	T2T04	whatshap_stats	chr10
singletons	0	both	phased_verkko	T2T04	whatshap_stats	chr10
blocks	1	both	phased_verkko	T2T04	whatshap_stats	chr10
variant_per_block_median	143054	both	phased_verkko	T2T04	whatshap_stats	chr10
variant_per_block_avg	143054	both	phased_verkko	T2T04	whatshap_stats	chr10
variant_per_block_min	143054	both	phased_verkko	T2T04	whatshap_stats	chr10
variant_per_block_max	143054	both	phased_verkko	T2T04	whatshap_stats	chr10
variant_per_block_sum	143054	both	phased_verkko	T2T04	whatshap_stats	chr10
bp_per_block_median	134751193	both	phased_verkko	T2T04	whatshap_stats	chr10
bp_per_block_avg	134751193	both	phased_verkko	T2T04	whatshap_stats	chr10
bp_per_block_min	134751193	both	phased_verkko	T2T04	whatshap_stats	chr10
bp_per_block_max	134751193	both	phased_verkko	T2T04	whatshap_stats	chr10
bp_per_block_sum	134751193	both	phased_verkko	T2T04	whatshap_stats	chr10
heterozygous_variants	143120	both	phased_verkko	T2T04	whatshap_stats	chr10
heterozygous_snvs	118371	both	phased_verkko	T2T04	whatshap_stats	chr10
phased_snvs	118321	both	phased_verkko	T2T04	whatshap_stats	chr10
phased_fraction	0.9995388485187257	both	phased_verkko	T2T04	whatshap_stats	chr10
phased_snvs_fraction	0.999577599243058	both	phased_verkko	T2T04	whatshap_stats	chr10
block_n50	134751193	both	phased_verkko	T2T04	whatshap_stats	chr10
variants	204215	both	phased_verkko	T2T04	whatshap_stats	chr12
phased	139331	both	phased_verkko	T2T04	whatshap_stats	chr12
unphased	0	both	phased_verkko	T2T04	whatshap_stats	chr12
singletons	0	both	phased_verkko	T2T04	whatshap_stats	chr12
blocks	1	both	phased_verkko	T2T04	whatshap_stats	chr12
variant_per_block_median	139331	both	phased_verkko	T2T04	whatshap_stats	chr12
variant_per_block_avg	139331	both	phased_verkko	T2T04	whatshap_stats	chr12
variant_per_block_min	139331	both	phased_verkko	T2T04	whatshap_stats	chr12
variant_per_block_max	139331	both	phased_verkko	T2T04	whatshap_stats	chr12
variant_per_block_sum	139331	both	phased_verkko	T2T04	whatshap_stats	chr12
bp_per_block_median	133319089	both	phased_verkko	T2T04	whatshap_stats	chr12
bp_per_block_avg	133319089	both	phased_verkko	T2T04	whatshap_stats	chr12
bp_per_block_min	133319089	both	phased_verkko	T2T04	whatshap_stats	chr12
bp_per_block_max	133319089	both	phased_verkko	T2T04	whatshap_stats	chr12
bp_per_block_sum	133319089	both	phased_verkko	T2T04	whatshap_stats	chr12
heterozygous_variants	139331	both	phased_verkko	T2T04	whatshap_stats	chr12
heterozygous_snvs	114500	both	phased_verkko	T2T04	whatshap_stats	chr12
phased_snvs	114500	both	phased_verkko	T2T04	whatshap_stats	chr12
phased_fraction	1	both	phased_verkko	T2T04	whatshap_stats	chr12
phased_snvs_fraction	1	both	phased_verkko	T2T04	whatshap_stats	chr12
block_n50	133319089	both	phased_verkko	T2T04	whatshap_stats	chr12
variants	163405	both	phased_verkko	T2T04	whatshap_stats	chr13
phased	108866	both	phased_verkko	T2T04	whatshap_stats	chr13
unphased	0	both	phased_verkko	T2T04	whatshap_stats	chr13
singletons	0	both	phased_verkko	T2T04	whatshap_stats	chr13
blocks	1	both	phased_verkko	T2T04	whatshap_stats	chr13
variant_per_block_median	108866	both	phased_verkko	T2T04	whatshap_stats	chr13
variant_per_block_avg	108866	both	phased_verkko	T2T04	whatshap_stats	chr13
variant_per_block_min	108866	both	phased_verkko	T2T04	whatshap_stats	chr13
variant_per_block_max	108866	both	phased_verkko	T2T04	whatshap_stats	chr13
variant_per_block_sum	108866	both	phased_verkko	T2T04	whatshap_stats	chr13
bp_per_block_median	113525911	both	phased_verkko	T2T04	whatshap_stats	chr13
bp_per_block_avg	113525911	both	phased_verkko	T2T04	whatshap_stats	chr13
bp_per_block_min	113525911	both	phased_verkko	T2T04	whatshap_stats	chr13
bp_per_block_max	113525911	both	phased_verkko	T2T04	whatshap_stats	chr13
bp_per_block_sum	113525911	both	phased_verkko	T2T04	whatshap_stats	chr13
heterozygous_variants	108866	both	phased_verkko	T2T04	whatshap_stats	chr13
heterozygous_snvs	90003	both	phased_verkko	T2T04	whatshap_stats	chr13
phased_snvs	90003	both	phased_verkko	T2T04	whatshap_stats	chr13
phased_fraction	1	both	phased_verkko	T2T04	whatshap_stats	chr13
phased_snvs_fraction	1	both	phased_verkko	T2T04	whatshap_stats	chr13
block_n50	113525911	both	phased_verkko	T2T04	whatshap_stats	chr13
variants	214143	both	phased_verkko	T2T04	whatshap_stats	chr14
phased	159020	both	phased_verkko	T2T04	whatshap_stats	chr14
unphased	4371	both	phased_verkko	T2T04	whatshap_stats	chr14
singletons	0	both	phased_verkko	T2T04	whatshap_stats	chr14
blocks	1	both	phased_verkko	T2T04	whatshap_stats	chr14
variant_per_block_median	159020	both	phased_verkko	T2T04	whatshap_stats	chr14
variant_per_block_avg	159020	both	phased_verkko	T2T04	whatshap_stats	chr14
variant_per_block_min	159020	both	phased_verkko	T2T04	whatshap_stats	chr14
variant_per_block_max	159020	both	phased_verkko	T2T04	whatshap_stats	chr14
variant_per_block_sum	159020	both	phased_verkko	T2T04	whatshap_stats	chr14
bp_per_block_median	101114897	both	phased_verkko	T2T04	whatshap_stats	chr14
bp_per_block_avg	101114897	both	phased_verkko	T2T04	whatshap_stats	chr14
bp_per_block_min	101114897	both	phased_verkko	T2T04	whatshap_stats	chr14
bp_per_block_max	101114897	both	phased_verkko	T2T04	whatshap_stats	chr14
bp_per_block_sum	101114897	both	phased_verkko	T2T04	whatshap_stats	chr14
heterozygous_variants	163391	both	phased_verkko	T2T04	whatshap_stats	chr14
heterozygous_snvs	142286	both	phased_verkko	T2T04	whatshap_stats	chr14
phased_snvs	138250	both	phased_verkko	T2T04	whatshap_stats	chr14
phased_fraction	0.9732482205262224	both	phased_verkko	T2T04	whatshap_stats	chr14
phased_snvs_fraction	0.9716345951112548	both	phased_verkko	T2T04	whatshap_stats	chr14
block_n50	101114897	both	phased_verkko	T2T04	whatshap_stats	chr14
variants	220383	both	phased_verkko	T2T04	whatshap_stats	chr15
phased	168077	both	phased_verkko	T2T04	whatshap_stats	chr15
unphased	9977	both	phased_verkko	T2T04	whatshap_stats	chr15
singletons	0	both	phased_verkko	T2T04	whatshap_stats	chr15
blocks	1	both	phased_verkko	T2T04	whatshap_stats	chr15
variant_per_block_median	168077	both	phased_verkko	T2T04	whatshap_stats	chr15
variant_per_block_avg	168077	both	phased_verkko	T2T04	whatshap_stats	chr15
variant_per_block_min	168077	both	phased_verkko	T2T04	whatshap_stats	chr15
variant_per_block_max	168077	both	phased_verkko	T2T04	whatshap_stats	chr15
variant_per_block_sum	168077	both	phased_verkko	T2T04	whatshap_stats	chr15
bp_per_block_median	99744162	both	phased_verkko	T2T04	whatshap_stats	chr15
bp_per_block_avg	99744162	both	phased_verkko	T2T04	whatshap_stats	chr15
bp_per_block_min	99744162	both	phased_verkko	T2T04	whatshap_stats	chr15
bp_per_block_max	99744162	both	phased_verkko	T2T04	whatshap_stats	chr15
bp_per_block_sum	99744162	both	phased_verkko	T2T04	whatshap_stats	chr15
heterozygous_variants	178054	both	phased_verkko	T2T04	whatshap_stats	chr15
heterozygous_snvs	153403	both	phased_verkko	T2T04	whatshap_stats	chr15
phased_snvs	144337	both	phased_verkko	T2T04	whatshap_stats	chr15
phased_fraction	0.9439664371482808	both	phased_verkko	T2T04	whatshap_stats	chr15
phased_snvs_fraction	0.9409007646525818	both	phased_verkko	T2T04	whatshap_stats	chr15
block_n50	99744162	both	phased_verkko	T2T04	whatshap_stats	chr15
variants	177255	both	phased_verkko	T2T04	whatshap_stats	chr16
phased	120162	both	phased_verkko	T2T04	whatshap_stats	chr16
unphased	225	both	phased_verkko	T2T04	whatshap_stats	chr16
singletons	0	both	phased_verkko	T2T04	whatshap_stats	chr16
blocks	1	both	phased_verkko	T2T04	whatshap_stats	chr16
variant_per_block_median	120162	both	phased_verkko	T2T04	whatshap_stats	chr16
variant_per_block_avg	120162	both	phased_verkko	T2T04	whatshap_stats	chr16
variant_per_block_min	120162	both	phased_verkko	T2T04	whatshap_stats	chr16
variant_per_block_max	120162	both	phased_verkko	T2T04	whatshap_stats	chr16
variant_per_block_sum	120162	both	phased_verkko	T2T04	whatshap_stats	chr16
bp_per_block_median	96325000	both	phased_verkko	T2T04	whatshap_stats	chr16
bp_per_block_avg	96325000	both	phased_verkko	T2T04	whatshap_stats	chr16
bp_per_block_min	96325000	both	phased_verkko	T2T04	whatshap_stats	chr16
bp_per_block_max	96325000	both	phased_verkko	T2T04	whatshap_stats	chr16
bp_per_block_sum	96325000	both	phased_verkko	T2T04	whatshap_stats	chr16
heterozygous_variants	120387	both	phased_verkko	T2T04	whatshap_stats	chr16
heterozygous_snvs	102644	both	phased_verkko	T2T04	whatshap_stats	chr16
phased_snvs	102453	both	phased_verkko	T2T04	whatshap_stats	chr16
phased_fraction	0.9981310274365172	both	phased_verkko	T2T04	whatshap_stats	chr16
phased_snvs_fraction	0.99813919956354	both	phased_verkko	T2T04	whatshap_stats	chr16
block_n50	96325000	both	phased_verkko	T2T04	whatshap_stats	chr16
variants	156745	both	phased_verkko	T2T04	whatshap_stats	chr17
phased	106793	both	phased_verkko	T2T04	whatshap_stats	chr17
unphased	2955	both	phased_verkko	T2T04	whatshap_stats	chr17
singletons	0	both	phased_verkko	T2T04	whatshap_stats	chr17
blocks	1	both	phased_verkko	T2T04	whatshap_stats	chr17
variant_per_block_median	106793	both	phased_verkko	T2T04	whatshap_stats	chr17
variant_per_block_avg	106793	both	phased_verkko	T2T04	whatshap_stats	chr17
variant_per_block_min	106793	both	phased_verkko	T2T04	whatshap_stats	chr17
variant_per_block_max	106793	both	phased_verkko	T2T04	whatshap_stats	chr17
variant_per_block_sum	106793	both	phased_verkko	T2T04	whatshap_stats	chr17
bp_per_block_median	84271409	both	phased_verkko	T2T04	whatshap_stats	chr17
bp_per_block_avg	84271409	both	phased_verkko	T2T04	whatshap_stats	chr17
bp_per_block_min	84271409	both	phased_verkko	T2T04	whatshap_stats	chr17
bp_per_block_max	84271409	both	phased_verkko	T2T04	whatshap_stats	chr17
bp_per_block_sum	84271409	both	phased_verkko	T2T04	whatshap_stats	chr17
heterozygous_variants	109748	both	phased_verkko	T2T04	whatshap_stats	chr17
heterozygous_snvs	91234	both	phased_verkko	T2T04	whatshap_stats	chr17
phased_snvs	88436	both	phased_verkko	T2T04	whatshap_stats	chr17
phased_fraction	0.973074680176404	both	phased_verkko	T2T04	whatshap_stats	chr17
phased_snvs_fraction	0.9693316088300414	both	phased_verkko	T2T04	whatshap_stats	chr17
block_n50	84271409	both	phased_verkko	T2T04	whatshap_stats	chr17
variants	134647	both	phased_verkko	T2T04	whatshap_stats	chr18
phased	94360	both	phased_verkko	T2T04	whatshap_stats	chr18
unphased	0	both	phased_verkko	T2T04	whatshap_stats	chr18
singletons	0	both	phased_verkko	T2T04	whatshap_stats	chr18
blocks	1	both	phased_verkko	T2T04	whatshap_stats	chr18
variant_per_block_median	94360	both	phased_verkko	T2T04	whatshap_stats	chr18
variant_per_block_avg	94360	both	phased_verkko	T2T04	whatshap_stats	chr18
variant_per_block_min	94360	both	phased_verkko	T2T04	whatshap_stats	chr18
variant_per_block_max	94360	both	phased_verkko	T2T04	whatshap_stats	chr18
variant_per_block_sum	94360	both	phased_verkko	T2T04	whatshap_stats	chr18
bp_per_block_median	80374930	both	phased_verkko	T2T04	whatshap_stats	chr18
bp_per_block_avg	80374930	both	phased_verkko	T2T04	whatshap_stats	chr18
bp_per_block_min	80374930	both	phased_verkko	T2T04	whatshap_stats	chr18
bp_per_block_max	80374930	both	phased_verkko	T2T04	whatshap_stats	chr18
bp_per_block_sum	80374930	both	phased_verkko	T2T04	whatshap_stats	chr18
heterozygous_variants	94360	both	phased_verkko	T2T04	whatshap_stats	chr18
heterozygous_snvs	80045	both	phased_verkko	T2T04	whatshap_stats	chr18
phased_snvs	80045	both	phased_verkko	T2T04	whatshap_stats	chr18
phased_fraction	1	both	phased_verkko	T2T04	whatshap_stats	chr18
phased_snvs_fraction	1	both	phased_verkko	T2T04	whatshap_stats	chr18
block_n50	80374930	both	phased_verkko	T2T04	whatshap_stats	chr18
variants	131603	both	phased_verkko	T2T04	whatshap_stats	chr20
phased	92219	both	phased_verkko	T2T04	whatshap_stats	chr20
unphased	546	both	phased_verkko	T2T04	whatshap_stats	chr20
singletons	0	both	phased_verkko	T2T04	whatshap_stats	chr20
blocks	1	both	phased_verkko	T2T04	whatshap_stats	chr20
variant_per_block_median	92219	both	phased_verkko	T2T04	whatshap_stats	chr20
variant_per_block_avg	92219	both	phased_verkko	T2T04	whatshap_stats	chr20
variant_per_block_min	92219	both	phased_verkko	T2T04	whatshap_stats	chr20
variant_per_block_max	92219	both	phased_verkko	T2T04	whatshap_stats	chr20
variant_per_block_sum	92219	both	phased_verkko	T2T04	whatshap_stats	chr20
bp_per_block_median	66204189	both	phased_verkko	T2T04	whatshap_stats	chr20
bp_per_block_avg	66204189	both	phased_verkko	T2T04	whatshap_stats	chr20
bp_per_block_min	66204189	both	phased_verkko	T2T04	whatshap_stats	chr20
bp_per_block_max	66204189	both	phased_verkko	T2T04	whatshap_stats	chr20
bp_per_block_sum	66204189	both	phased_verkko	T2T04	whatshap_stats	chr20
heterozygous_variants	92765	both	phased_verkko	T2T04	whatshap_stats	chr20
heterozygous_snvs	79703	both	phased_verkko	T2T04	whatshap_stats	chr20
phased_snvs	79195	both	phased_verkko	T2T04	whatshap_stats	chr20
phased_fraction	0.9941141594351318	both	phased_verkko	T2T04	whatshap_stats	chr20
phased_snvs_fraction	0.9936263377790046	both	phased_verkko	T2T04	whatshap_stats	chr20
block_n50	66204189	both	phased_verkko	T2T04	whatshap_stats	chr20
variants	128049	both	phased_verkko	T2T04	whatshap_stats	chr19
phased	92512	both	phased_verkko	T2T04	whatshap_stats	chr19
unphased	0	both	phased_verkko	T2T04	whatshap_stats	chr19
singletons	0	both	phased_verkko	T2T04	whatshap_stats	chr19
blocks	1	both	phased_verkko	T2T04	whatshap_stats	chr19
variant_per_block_median	92512	both	phased_verkko	T2T04	whatshap_stats	chr19
variant_per_block_avg	92512	both	phased_verkko	T2T04	whatshap_stats	chr19
variant_per_block_min	92512	both	phased_verkko	T2T04	whatshap_stats	chr19
variant_per_block_max	92512	both	phased_verkko	T2T04	whatshap_stats	chr19
variant_per_block_sum	92512	both	phased_verkko	T2T04	whatshap_stats	chr19
bp_per_block_median	61702004	both	phased_verkko	T2T04	whatshap_stats	chr19
bp_per_block_avg	61702004	both	phased_verkko	T2T04	whatshap_stats	chr19
bp_per_block_min	61702004	both	phased_verkko	T2T04	whatshap_stats	chr19
bp_per_block_max	61702004	both	phased_verkko	T2T04	whatshap_stats	chr19
bp_per_block_sum	61702004	both	phased_verkko	T2T04	whatshap_stats	chr19
heterozygous_variants	92512	both	phased_verkko	T2T04	whatshap_stats	chr19
heterozygous_snvs	76656	both	phased_verkko	T2T04	whatshap_stats	chr19
phased_snvs	76656	both	phased_verkko	T2T04	whatshap_stats	chr19
phased_fraction	1	both	phased_verkko	T2T04	whatshap_stats	chr19
phased_snvs_fraction	1	both	phased_verkko	T2T04	whatshap_stats	chr19
block_n50	61702004	both	phased_verkko	T2T04	whatshap_stats	chr19
variants	136329	both	phased_verkko	T2T04	whatshap_stats	chr22
phased	103161	both	phased_verkko	T2T04	whatshap_stats	chr22
unphased	3836	both	phased_verkko	T2T04	whatshap_stats	chr22
singletons	0	both	phased_verkko	T2T04	whatshap_stats	chr22
blocks	1	both	phased_verkko	T2T04	whatshap_stats	chr22
variant_per_block_median	103161	both	phased_verkko	T2T04	whatshap_stats	chr22
variant_per_block_avg	103161	both	phased_verkko	T2T04	whatshap_stats	chr22
variant_per_block_min	103161	both	phased_verkko	T2T04	whatshap_stats	chr22
variant_per_block_max	103161	both	phased_verkko	T2T04	whatshap_stats	chr22
variant_per_block_sum	103161	both	phased_verkko	T2T04	whatshap_stats	chr22
bp_per_block_median	48296518	both	phased_verkko	T2T04	whatshap_stats	chr22
bp_per_block_avg	48296518	both	phased_verkko	T2T04	whatshap_stats	chr22
bp_per_block_min	48296518	both	phased_verkko	T2T04	whatshap_stats	chr22
bp_per_block_max	48296518	both	phased_verkko	T2T04	whatshap_stats	chr22
bp_per_block_sum	48296518	both	phased_verkko	T2T04	whatshap_stats	chr22
heterozygous_variants	106997	both	phased_verkko	T2T04	whatshap_stats	chr22
heterozygous_snvs	94610	both	phased_verkko	T2T04	whatshap_stats	chr22
phased_snvs	91093	both	phased_verkko	T2T04	whatshap_stats	chr22
phased_fraction	0.9641485275288092	both	phased_verkko	T2T04	whatshap_stats	chr22
phased_snvs_fraction	0.96282633971039	both	phased_verkko	T2T04	whatshap_stats	chr22
block_n50	48296518	both	phased_verkko	T2T04	whatshap_stats	chr22
variants	98961	both	phased_verkko	T2T04	whatshap_stats	chr21
phased	64863	both	phased_verkko	T2T04	whatshap_stats	chr21
unphased	7807	both	phased_verkko	T2T04	whatshap_stats	chr21
singletons	0	both	phased_verkko	T2T04	whatshap_stats	chr21
blocks	1	both	phased_verkko	T2T04	whatshap_stats	chr21
variant_per_block_median	64863	both	phased_verkko	T2T04	whatshap_stats	chr21
variant_per_block_avg	64863	both	phased_verkko	T2T04	whatshap_stats	chr21
variant_per_block_min	64863	both	phased_verkko	T2T04	whatshap_stats	chr21
variant_per_block_max	64863	both	phased_verkko	T2T04	whatshap_stats	chr21
variant_per_block_sum	64863	both	phased_verkko	T2T04	whatshap_stats	chr21
bp_per_block_median	45083417	both	phased_verkko	T2T04	whatshap_stats	chr21
bp_per_block_avg	45083417	both	phased_verkko	T2T04	whatshap_stats	chr21
bp_per_block_min	45083417	both	phased_verkko	T2T04	whatshap_stats	chr21
bp_per_block_max	45083417	both	phased_verkko	T2T04	whatshap_stats	chr21
bp_per_block_sum	45083417	both	phased_verkko	T2T04	whatshap_stats	chr21
heterozygous_variants	72670	both	phased_verkko	T2T04	whatshap_stats	chr21
heterozygous_snvs	62545	both	phased_verkko	T2T04	whatshap_stats	chr21
phased_snvs	55048	both	phased_verkko	T2T04	whatshap_stats	chr21
phased_fraction	0.8925691482042108	both	phased_verkko	T2T04	whatshap_stats	chr21
phased_snvs_fraction	0.8801343033016228	both	phased_verkko	T2T04	whatshap_stats	chr21
block_n50	45083417	both	phased_verkko	T2T04	whatshap_stats	chr21
variants	5058682	both	phased_verkko	T2T04	whatshap_stats	ALL
phased	3524055	both	phased_verkko	T2T04	whatshap_stats	ALL
unphased	36294	both	phased_verkko	T2T04	whatshap_stats	ALL
singletons	0	both	phased_verkko	T2T04	whatshap_stats	ALL
blocks	23	both	phased_verkko	T2T04	whatshap_stats	ALL
variant_per_block_median	159020	both	phased_verkko	T2T04	whatshap_stats	ALL
variant_per_block_avg	153219.78260869565	both	phased_verkko	T2T04	whatshap_stats	ALL
variant_per_block_min	64863	both	phased_verkko	T2T04	whatshap_stats	ALL
variant_per_block_max	235242	both	phased_verkko	T2T04	whatshap_stats	ALL
variant_per_block_sum	3524055	both	phased_verkko	T2T04	whatshap_stats	ALL
bp_per_block_median	134751193	both	phased_verkko	T2T04	whatshap_stats	ALL
bp_per_block_avg	132664458.95652172	both	phased_verkko	T2T04	whatshap_stats	ALL
bp_per_block_min	45083417	both	phased_verkko	T2T04	whatshap_stats	ALL
bp_per_block_max	248380958	both	phased_verkko	T2T04	whatshap_stats	ALL
bp_per_block_sum	3051282556	both	phased_verkko	T2T04	whatshap_stats	ALL
heterozygous_variants	3560349	both	phased_verkko	T2T04	whatshap_stats	ALL
heterozygous_snvs	2992842	both	phased_verkko	T2T04	whatshap_stats	ALL
phased_snvs	2959124	both	phased_verkko	T2T04	whatshap_stats	ALL
phased_fraction	0.9898060555299496	both	phased_verkko	T2T04	whatshap_stats	ALL
phased_snvs_fraction	0.9887337854788192	both	phased_verkko	T2T04	whatshap_stats	ALL
block_n50	154197817	both	phased_verkko	T2T04	whatshap_stats	ALL
variants	386283	both	phased_hifiasm	T2T00_hifiasm_trio	whatshap_stats	chr1
phased	264987	both	phased_hifiasm	T2T00_hifiasm_trio	whatshap_stats	chr1
unphased	11041	both	phased_hifiasm	T2T00_hifiasm_trio	whatshap_stats	chr1
singletons	0	both	phased_hifiasm	T2T00_hifiasm_trio	whatshap_stats	chr1
blocks	1	both	phased_hifiasm	T2T00_hifiasm_trio	whatshap_stats	chr1
variant_per_block_median	264987	both	phased_hifiasm	T2T00_hifiasm_trio	whatshap_stats	chr1
variant_per_block_avg	264987	both	phased_hifiasm	T2T00_hifiasm_trio	whatshap_stats	chr1
variant_per_block_min	264987	both	phased_hifiasm	T2T00_hifiasm_trio	whatshap_stats	chr1
variant_per_block_max	264987	both	phased_hifiasm	T2T00_hifiasm_trio	whatshap_stats	chr1
variant_per_block_sum	264987	both	phased_hifiasm	T2T00_hifiasm_trio	whatshap_stats	chr1
bp_per_block_median	248375637	both	phased_hifiasm	T2T00_hifiasm_trio	whatshap_stats	chr1
bp_per_block_avg	248375637	both	phased_hifiasm	T2T00_hifiasm_trio	whatshap_stats	chr1
bp_per_block_min	248375637	both	phased_hifiasm	T2T00_hifiasm_trio	whatshap_stats	chr1
bp_per_block_max	248375637	both	phased_hifiasm	T2T00_hifiasm_trio	whatshap_stats	chr1
bp_per_block_sum	248375637	both	phased_hifiasm	T2T00_hifiasm_trio	whatshap_stats	chr1
heterozygous_variants	276028	both	phased_hifiasm	T2T00_hifiasm_trio	whatshap_stats	chr1
heterozygous_snvs	218028	both	phased_hifiasm	T2T00_hifiasm_trio	whatshap_stats	chr1
phased_snvs	208276	both	phased_hifiasm	T2T00_hifiasm_trio	whatshap_stats	chr1
phased_fraction	0.9600004347385048	both	phased_hifiasm	T2T00_hifiasm_trio	whatshap_stats	chr1
phased_snvs_fraction	0.9552717999522996	both	phased_hifiasm	T2T00_hifiasm_trio	whatshap_stats	chr1
block_n50	248375637	both	phased_hifiasm	T2T00_hifiasm_trio	whatshap_stats	chr1
variants	361195	both	phased_hifiasm	T2T00_hifiasm_trio	whatshap_stats	chr2
phased	251408	both	phased_hifiasm	T2T00_hifiasm_trio	whatshap_stats	chr2
unphased	579	both	phased_hifiasm	T2T00_hifiasm_trio	whatshap_stats	chr2
singletons	0	both	phased_hifiasm	T2T00_hifiasm_trio	whatshap_stats	chr2
blocks	1	both	phased_hifiasm	T2T00_hifiasm_trio	whatshap_stats	chr2
variant_per_block_median	251408	both	phased_hifiasm	T2T00_hifiasm_trio	whatshap_stats	chr2
variant_per_block_avg	251408	both	phased_hifiasm	T2T00_hifiasm_trio	whatshap_stats	chr2
variant_per_block_min	251408	both	phased_hifiasm	T2T00_hifiasm_trio	whatshap_stats	chr2
variant_per_block_max	251408	both	phased_hifiasm	T2T00_hifiasm_trio	whatshap_stats	chr2
variant_per_block_sum	251408	both	phased_hifiasm	T2T00_hifiasm_trio	whatshap_stats	chr2
bp_per_block_median	242690911	both	phased_hifiasm	T2T00_hifiasm_trio	whatshap_stats	chr2
bp_per_block_avg	242690911	both	phased_hifiasm	T2T00_hifiasm_trio	whatshap_stats	chr2
bp_per_block_min	242690911	both	phased_hifiasm	T2T00_hifiasm_trio	whatshap_stats	chr2
bp_per_block_max	242690911	both	phased_hifiasm	T2T00_hifiasm_trio	whatshap_stats	chr2
bp_per_block_sum	242690911	both	phased_hifiasm	T2T00_hifiasm_trio	whatshap_stats	chr2
heterozygous_variants	251987	both	phased_hifiasm	T2T00_hifiasm_trio	whatshap_stats	chr2
heterozygous_snvs	197810	both	phased_hifiasm	T2T00_hifiasm_trio	whatshap_stats	chr2
phased_snvs	197289	both	phased_hifiasm	T2T00_hifiasm_trio	whatshap_stats	chr2
phased_fraction	0.9977022624182994	both	phased_hifiasm	T2T00_hifiasm_trio	whatshap_stats	chr2
phased_snvs_fraction	0.997366159445933	both	phased_hifiasm	T2T00_hifiasm_trio	whatshap_stats	chr2
block_n50	242690911	both	phased_hifiasm	T2T00_hifiasm_trio	whatshap_stats	chr2
variants	310213	both	phased_hifiasm	T2T00_hifiasm_trio	whatshap_stats	chr3
phased	201316	both	phased_hifiasm	T2T00_hifiasm_trio	whatshap_stats	chr3
unphased	26611	both	phased_hifiasm	T2T00_hifiasm_trio	whatshap_stats	chr3
singletons	0	both	phased_hifiasm	T2T00_hifiasm_trio	whatshap_stats	chr3
blocks	1	both	phased_hifiasm	T2T00_hifiasm_trio	whatshap_stats	chr3
variant_per_block_median	201316	both	phased_hifiasm	T2T00_hifiasm_trio	whatshap_stats	chr3
variant_per_block_avg	201316	both	phased_hifiasm	T2T00_hifiasm_trio	whatshap_stats	chr3
variant_per_block_min	201316	both	phased_hifiasm	T2T00_hifiasm_trio	whatshap_stats	chr3
variant_per_block_max	201316	both	phased_hifiasm	T2T00_hifiasm_trio	whatshap_stats	chr3
variant_per_block_sum	201316	both	phased_hifiasm	T2T00_hifiasm_trio	whatshap_stats	chr3
bp_per_block_median	201098698	both	phased_hifiasm	T2T00_hifiasm_trio	whatshap_stats	chr3
bp_per_block_avg	201098698	both	phased_hifiasm	T2T00_hifiasm_trio	whatshap_stats	chr3
bp_per_block_min	201098698	both	phased_hifiasm	T2T00_hifiasm_trio	whatshap_stats	chr3
bp_per_block_max	201098698	both	phased_hifiasm	T2T00_hifiasm_trio	whatshap_stats	chr3
bp_per_block_sum	201098698	both	phased_hifiasm	T2T00_hifiasm_trio	whatshap_stats	chr3
heterozygous_variants	227927	both	phased_hifiasm	T2T00_hifiasm_trio	whatshap_stats	chr3
heterozygous_snvs	182945	both	phased_hifiasm	T2T00_hifiasm_trio	whatshap_stats	chr3
phased_snvs	161734	both	phased_hifiasm	T2T00_hifiasm_trio	whatshap_stats	chr3
phased_fraction	0.8832477065025205	both	phased_hifiasm	T2T00_hifiasm_trio	whatshap_stats	chr3
phased_snvs_fraction	0.8840580502336768	both	phased_hifiasm	T2T00_hifiasm_trio	whatshap_stats	chr3
block_n50	201098698	both	phased_hifiasm	T2T00_hifiasm_trio	whatshap_stats	chr3
variants	335743	both	phased_hifiasm	T2T00_hifiasm_trio	whatshap_stats	chr4
phased	232234	both	phased_hifiasm	T2T00_hifiasm_trio	whatshap_stats	chr4
unphased	3139	both	phased_hifiasm	T2T00_hifiasm_trio	whatshap_stats	chr4
singletons	0	both	phased_hifiasm	T2T00_hifiasm_trio	whatshap_stats	chr4
blocks	1	both	phased_hifiasm	T2T00_hifiasm_trio	whatshap_stats	chr4
variant_per_block_median	232234	both	phased_hifiasm	T2T00_hifiasm_trio	whatshap_stats	chr4
variant_per_block_avg	232234	both	phased_hifiasm	T2T00_hifiasm_trio	whatshap_stats	chr4
variant_per_block_min	232234	both	phased_hifiasm	T2T00_hifiasm_trio	whatshap_stats	chr4
variant_per_block_max	232234	both	phased_hifiasm	T2T00_hifiasm_trio	whatshap_stats	chr4
variant_per_block_sum	232234	both	phased_hifiasm	T2T00_hifiasm_trio	whatshap_stats	chr4
bp_per_block_median	193487794	both	phased_hifiasm	T2T00_hifiasm_trio	whatshap_stats	chr4
bp_per_block_avg	193487794	both	phased_hifiasm	T2T00_hifiasm_trio	whatshap_stats	chr4
bp_per_block_min	193487794	both	phased_hifiasm	T2T00_hifiasm_trio	whatshap_stats	chr4
bp_per_block_max	193487794	both	phased_hifiasm	T2T00_hifiasm_trio	whatshap_stats	chr4
bp_per_block_sum	193487794	both	phased_hifiasm	T2T00_hifiasm_trio	whatshap_stats	chr4
heterozygous_variants	235373	both	phased_hifiasm	T2T00_hifiasm_trio	whatshap_stats	chr4
heterozygous_snvs	191995	both	phased_hifiasm	T2T00_hifiasm_trio	whatshap_stats	chr4
phased_snvs	189114	both	phased_hifiasm	T2T00_hifiasm_trio	whatshap_stats	chr4
phased_fraction	0.986663720987539	both	phased_hifiasm	T2T00_hifiasm_trio	whatshap_stats	chr4
phased_snvs_fraction	0.9849944008958568	both	phased_hifiasm	T2T00_hifiasm_trio	whatshap_stats	chr4
block_n50	193487794	both	phased_hifiasm	T2T00_hifiasm_trio	whatshap_stats	chr4
variants	279345	both	phased_hifiasm	T2T00_hifiasm_trio	whatshap_stats	chr5
phased	196803	both	phased_hifiasm	T2T00_hifiasm_trio	whatshap_stats	chr5
unphased	1	both	phased_hifiasm	T2T00_hifiasm_trio	whatshap_stats	chr5
singletons	0	both	phased_hifiasm	T2T00_hifiasm_trio	whatshap_stats	chr5
blocks	1	both	phased_hifiasm	T2T00_hifiasm_trio	whatshap_stats	chr5
variant_per_block_median	196803	both	phased_hifiasm	T2T00_hifiasm_trio	whatshap_stats	chr5
variant_per_block_avg	196803	both	phased_hifiasm	T2T00_hifiasm_trio	whatshap_stats	chr5
variant_per_block_min	196803	both	phased_hifiasm	T2T00_hifiasm_trio	whatshap_stats	chr5
variant_per_block_max	196803	both	phased_hifiasm	T2T00_hifiasm_trio	whatshap_stats	chr5
variant_per_block_sum	196803	both	phased_hifiasm	T2T00_hifiasm_trio	whatshap_stats	chr5
bp_per_block_median	181994113	both	phased_hifiasm	T2T00_hifiasm_trio	whatshap_stats	chr5
bp_per_block_avg	181994113	both	phased_hifiasm	T2T00_hifiasm_trio	whatshap_stats	chr5
bp_per_block_min	181994113	both	phased_hifiasm	T2T00_hifiasm_trio	whatshap_stats	chr5
bp_per_block_max	181994113	both	phased_hifiasm	T2T00_hifiasm_trio	whatshap_stats	chr5
bp_per_block_sum	181994113	both	phased_hifiasm	T2T00_hifiasm_trio	whatshap_stats	chr5
heterozygous_variants	196804	both	phased_hifiasm	T2T00_hifiasm_trio	whatshap_stats	chr5
heterozygous_snvs	157719	both	phased_hifiasm	T2T00_hifiasm_trio	whatshap_stats	chr5
phased_snvs	157718	both	phased_hifiasm	T2T00_hifiasm_trio	whatshap_stats	chr5
phased_fraction	0.9999949188024634	both	phased_hifiasm	T2T00_hifiasm_trio	whatshap_stats	chr5
phased_snvs_fraction	0.9999936596098123	both	phased_hifiasm	T2T00_hifiasm_trio	whatshap_stats	chr5
block_n50	181994113	both	phased_hifiasm	T2T00_hifiasm_trio	whatshap_stats	chr5
variants	311097	both	phased_hifiasm	T2T00_hifiasm_trio	whatshap_stats	chr6
phased	217312	both	phased_hifiasm	T2T00_hifiasm_trio	whatshap_stats	chr6
unphased	626	both	phased_hifiasm	T2T00_hifiasm_trio	whatshap_stats	chr6
singletons	0	both	phased_hifiasm	T2T00_hifiasm_trio	whatshap_stats	chr6
blocks	1	both	phased_hifiasm	T2T00_hifiasm_trio	whatshap_stats	chr6
variant_per_block_median	217312	both	phased_hifiasm	T2T00_hifiasm_trio	whatshap_stats	chr6
variant_per_block_avg	217312	both	phased_hifiasm	T2T00_hifiasm_trio	whatshap_stats	chr6
variant_per_block_min	217312	both	phased_hifiasm	T2T00_hifiasm_trio	whatshap_stats	chr6
variant_per_block_max	217312	both	phased_hifiasm	T2T00_hifiasm_trio	whatshap_stats	chr6
variant_per_block_sum	217312	both	phased_hifiasm	T2T00_hifiasm_trio	whatshap_stats	chr6
bp_per_block_median	172115959	both	phased_hifiasm	T2T00_hifiasm_trio	whatshap_stats	chr6
bp_per_block_avg	172115959	both	phased_hifiasm	T2T00_hifiasm_trio	whatshap_stats	chr6
bp_per_block_min	172115959	both	phased_hifiasm	T2T00_hifiasm_trio	whatshap_stats	chr6
bp_per_block_max	172115959	both	phased_hifiasm	T2T00_hifiasm_trio	whatshap_stats	chr6
bp_per_block_sum	172115959	both	phased_hifiasm	T2T00_hifiasm_trio	whatshap_stats	chr6
heterozygous_variants	217938	both	phased_hifiasm	T2T00_hifiasm_trio	whatshap_stats	chr6
heterozygous_snvs	178371	both	phased_hifiasm	T2T00_hifiasm_trio	whatshap_stats	chr6
phased_snvs	177804	both	phased_hifiasm	T2T00_hifiasm_trio	whatshap_stats	chr6
phased_fraction	0.9971276234525416	both	phased_hifiasm	T2T00_hifiasm_trio	whatshap_stats	chr6
phased_snvs_fraction	0.9968212321509664	both	phased_hifiasm	T2T00_hifiasm_trio	whatshap_stats	chr6
block_n50	172115959	both	phased_hifiasm	T2T00_hifiasm_trio	whatshap_stats	chr6
variants	286396	both	phased_hifiasm	T2T00_hifiasm_trio	whatshap_stats	chr7
phased	188284	both	phased_hifiasm	T2T00_hifiasm_trio	whatshap_stats	chr7
unphased	17235	both	phased_hifiasm	T2T00_hifiasm_trio	whatshap_stats	chr7
singletons	0	both	phased_hifiasm	T2T00_hifiasm_trio	whatshap_stats	chr7
blocks	1	both	phased_hifiasm	T2T00_hifiasm_trio	whatshap_stats	chr7
variant_per_block_median	188284	both	phased_hifiasm	T2T00_hifiasm_trio	whatshap_stats	chr7
variant_per_block_avg	188284	both	phased_hifiasm	T2T00_hifiasm_trio	whatshap_stats	chr7
variant_per_block_min	188284	both	phased_hifiasm	T2T00_hifiasm_trio	whatshap_stats	chr7
variant_per_block_max	188284	both	phased_hifiasm	T2T00_hifiasm_trio	whatshap_stats	chr7
variant_per_block_sum	188284	both	phased_hifiasm	T2T00_hifiasm_trio	whatshap_stats	chr7
bp_per_block_median	160546508	both	phased_hifiasm	T2T00_hifiasm_trio	whatshap_stats	chr7
bp_per_block_avg	160546508	both	phased_hifiasm	T2T00_hifiasm_trio	whatshap_stats	chr7
bp_per_block_min	160546508	both	phased_hifiasm	T2T00_hifiasm_trio	whatshap_stats	chr7
bp_per_block_max	160546508	both	phased_hifiasm	T2T00_hifiasm_trio	whatshap_stats	chr7
bp_per_block_sum	160546508	both	phased_hifiasm	T2T00_hifiasm_trio	whatshap_stats	chr7
heterozygous_variants	205519	both	phased_hifiasm	T2T00_hifiasm_trio	whatshap_stats	chr7
heterozygous_snvs	164195	both	phased_hifiasm	T2T00_hifiasm_trio	whatshap_stats	chr7
phased_snvs	150434	both	phased_hifiasm	T2T00_hifiasm_trio	whatshap_stats	chr7
phased_fraction	0.9161391404201072	both	phased_hifiasm	T2T00_hifiasm_trio	whatshap_stats	chr7
phased_snvs_fraction	0.9161911142239412	both	phased_hifiasm	T2T00_hifiasm_trio	whatshap_stats	chr7
block_n50	160546508	both	phased_hifiasm	T2T00_hifiasm_trio	whatshap_stats	chr7
variants	134171	both	phased_hifiasm	T2T00_hifiasm_trio	whatshap_stats	chrX
phased	134170	both	phased_hifiasm	T2T00_hifiasm_trio	whatshap_stats	chrX
unphased	1	both	phased_hifiasm	T2T00_hifiasm_trio	whatshap_stats	chrX
singletons	0	both	phased_hifiasm	T2T00_hifiasm_trio	whatshap_stats	chrX
blocks	1	both	phased_hifiasm	T2T00_hifiasm_trio	whatshap_stats	chrX
variant_per_block_median	134170	both	phased_hifiasm	T2T00_hifiasm_trio	whatshap_stats	chrX
variant_per_block_avg	134170	both	phased_hifiasm	T2T00_hifiasm_trio	whatshap_stats	chrX
variant_per_block_min	134170	both	phased_hifiasm	T2T00_hifiasm_trio	whatshap_stats	chrX
variant_per_block_max	134170	both	phased_hifiasm	T2T00_hifiasm_trio	whatshap_stats	chrX
variant_per_block_sum	134170	both	phased_hifiasm	T2T00_hifiasm_trio	whatshap_stats	chrX
bp_per_block_median	154254284	both	phased_hifiasm	T2T00_hifiasm_trio	whatshap_stats	chrX
bp_per_block_avg	154254284	both	phased_hifiasm	T2T00_hifiasm_trio	whatshap_stats	chrX
bp_per_block_min	154254284	both	phased_hifiasm	T2T00_hifiasm_trio	whatshap_stats	chrX
bp_per_block_max	154254284	both	phased_hifiasm	T2T00_hifiasm_trio	whatshap_stats	chrX
bp_per_block_sum	154254284	both	phased_hifiasm	T2T00_hifiasm_trio	whatshap_stats	chrX
heterozygous_variants	134171	both	phased_hifiasm	T2T00_hifiasm_trio	whatshap_stats	chrX
heterozygous_snvs	100349	both	phased_hifiasm	T2T00_hifiasm_trio	whatshap_stats	chrX
phased_snvs	100348	both	phased_hifiasm	T2T00_hifiasm_trio	whatshap_stats	chrX
phased_fraction	0.9999925468245746	both	phased_hifiasm	T2T00_hifiasm_trio	whatshap_stats	chrX
phased_snvs_fraction	0.9999900347786226	both	phased_hifiasm	T2T00_hifiasm_trio	whatshap_stats	chrX
block_n50	154254284	both	phased_hifiasm	T2T00_hifiasm_trio	whatshap_stats	chrX
variants	236117	both	phased_hifiasm	T2T00_hifiasm_trio	whatshap_stats	chr9
phased	158495	both	phased_hifiasm	T2T00_hifiasm_trio	whatshap_stats	chr9
unphased	3183	both	phased_hifiasm	T2T00_hifiasm_trio	whatshap_stats	chr9
singletons	0	both	phased_hifiasm	T2T00_hifiasm_trio	whatshap_stats	chr9
blocks	1	both	phased_hifiasm	T2T00_hifiasm_trio	whatshap_stats	chr9
variant_per_block_median	158495	both	phased_hifiasm	T2T00_hifiasm_trio	whatshap_stats	chr9
variant_per_block_avg	158495	both	phased_hifiasm	T2T00_hifiasm_trio	whatshap_stats	chr9
variant_per_block_min	158495	both	phased_hifiasm	T2T00_hifiasm_trio	whatshap_stats	chr9
variant_per_block_max	158495	both	phased_hifiasm	T2T00_hifiasm_trio	whatshap_stats	chr9
variant_per_block_sum	158495	both	phased_hifiasm	T2T00_hifiasm_trio	whatshap_stats	chr9
bp_per_block_median	150610674	both	phased_hifiasm	T2T00_hifiasm_trio	whatshap_stats	chr9
bp_per_block_avg	150610674	both	phased_hifiasm	T2T00_hifiasm_trio	whatshap_stats	chr9
bp_per_block_min	150610674	both	phased_hifiasm	T2T00_hifiasm_trio	whatshap_stats	chr9
bp_per_block_max	150610674	both	phased_hifiasm	T2T00_hifiasm_trio	whatshap_stats	chr9
bp_per_block_sum	150610674	both	phased_hifiasm	T2T00_hifiasm_trio	whatshap_stats	chr9
heterozygous_variants	161678	both	phased_hifiasm	T2T00_hifiasm_trio	whatshap_stats	chr9
heterozygous_snvs	125499	both	phased_hifiasm	T2T00_hifiasm_trio	whatshap_stats	chr9
phased_snvs	122708	both	phased_hifiasm	T2T00_hifiasm_trio	whatshap_stats	chr9
phased_fraction	0.980312720345378	both	phased_hifiasm	T2T00_hifiasm_trio	whatshap_stats	chr9
phased_snvs_fraction	0.9777607789703504	both	phased_hifiasm	T2T00_hifiasm_trio	whatshap_stats	chr9
block_n50	150610674	both	phased_hifiasm	T2T00_hifiasm_trio	whatshap_stats	chr9
variants	242183	both	phased_hifiasm	T2T00_hifiasm_trio	whatshap_stats	chr8
phased	147613	both	phased_hifiasm	T2T00_hifiasm_trio	whatshap_stats	chr8
unphased	21564	both	phased_hifiasm	T2T00_hifiasm_trio	whatshap_stats	chr8
singletons	0	both	phased_hifiasm	T2T00_hifiasm_trio	whatshap_stats	chr8
blocks	1	both	phased_hifiasm	T2T00_hifiasm_trio	whatshap_stats	chr8
variant_per_block_median	147613	both	phased_hifiasm	T2T00_hifiasm_trio	whatshap_stats	chr8
variant_per_block_avg	147613	both	phased_hifiasm	T2T00_hifiasm_trio	whatshap_stats	chr8
variant_per_block_min	147613	both	phased_hifiasm	T2T00_hifiasm_trio	whatshap_stats	chr8
variant_per_block_max	147613	both	phased_hifiasm	T2T00_hifiasm_trio	whatshap_stats	chr8
variant_per_block_sum	147613	both	phased_hifiasm	T2T00_hifiasm_trio	whatshap_stats	chr8
bp_per_block_median	146233312	both	phased_hifiasm	T2T00_hifiasm_trio	whatshap_stats	chr8
bp_per_block_avg	146233312	both	phased_hifiasm	T2T00_hifiasm_trio	whatshap_stats	chr8
bp_per_block_min	146233312	both	phased_hifiasm	T2T00_hifiasm_trio	whatshap_stats	chr8
bp_per_block_max	146233312	both	phased_hifiasm	T2T00_hifiasm_trio	whatshap_stats	chr8
bp_per_block_sum	146233312	both	phased_hifiasm	T2T00_hifiasm_trio	whatshap_stats	chr8
heterozygous_variants	169177	both	phased_hifiasm	T2T00_hifiasm_trio	whatshap_stats	chr8
heterozygous_snvs	136460	both	phased_hifiasm	T2T00_hifiasm_trio	whatshap_stats	chr8
phased_snvs	119808	both	phased_hifiasm	T2T00_hifiasm_trio	whatshap_stats	chr8
phased_fraction	0.8725358648043173	both	phased_hifiasm	T2T00_hifiasm_trio	whatshap_stats	chr8
phased_snvs_fraction	0.87797156675949	both	phased_hifiasm	T2T00_hifiasm_trio	whatshap_stats	chr8
block_n50	146233312	both	phased_hifiasm	T2T00_hifiasm_trio	whatshap_stats	chr8
variants	254074	both	phased_hifiasm	T2T00_hifiasm_trio	whatshap_stats	chr11
phased	184291	both	phased_hifiasm	T2T00_hifiasm_trio	whatshap_stats	chr11
unphased	40	both	phased_hifiasm	T2T00_hifiasm_trio	whatshap_stats	chr11
singletons	0	both	phased_hifiasm	T2T00_hifiasm_trio	whatshap_stats	chr11
blocks	1	both	phased_hifiasm	T2T00_hifiasm_trio	whatshap_stats	chr11
variant_per_block_median	184291	both	phased_hifiasm	T2T00_hifiasm_trio	whatshap_stats	chr11
variant_per_block_avg	184291	both	phased_hifiasm	T2T00_hifiasm_trio	whatshap_stats	chr11
variant_per_block_min	184291	both	phased_hifiasm	T2T00_hifiasm_trio	whatshap_stats	chr11
variant_per_block_max	184291	both	phased_hifiasm	T2T00_hifiasm_trio	whatshap_stats	chr11
variant_per_block_sum	184291	both	phased_hifiasm	T2T00_hifiasm_trio	whatshap_stats	chr11
bp_per_block_median	135123648	both	phased_hifiasm	T2T00_hifiasm_trio	whatshap_stats	chr11
bp_per_block_avg	135123648	both	phased_hifiasm	T2T00_hifiasm_trio	whatshap_stats	chr11
bp_per_block_min	135123648	both	phased_hifiasm	T2T00_hifiasm_trio	whatshap_stats	chr11
bp_per_block_max	135123648	both	phased_hifiasm	T2T00_hifiasm_trio	whatshap_stats	chr11
bp_per_block_sum	135123648	both	phased_hifiasm	T2T00_hifiasm_trio	whatshap_stats	chr11
heterozygous_variants	184331	both	phased_hifiasm	T2T00_hifiasm_trio	whatshap_stats	chr11
heterozygous_snvs	152931	both	phased_hifiasm	T2T00_hifiasm_trio	whatshap_stats	chr11
phased_snvs	152892	both	phased_hifiasm	T2T00_hifiasm_trio	whatshap_stats	chr11
phased_fraction	0.999782999061471	both	phased_hifiasm	T2T00_hifiasm_trio	whatshap_stats	chr11
phased_snvs_fraction	0.9997449830315632	both	phased_hifiasm	T2T00_hifiasm_trio	whatshap_stats	chr11
block_n50	135123648	both	phased_hifiasm	T2T00_hifiasm_trio	whatshap_stats	chr11
variants	224910	both	phased_hifiasm	T2T00_hifiasm_trio	whatshap_stats	chr10
phased	158080	both	phased_hifiasm	T2T00_hifiasm_trio	whatshap_stats	chr10
unphased	693	both	phased_hifiasm	T2T00_hifiasm_trio	whatshap_stats	chr10
singletons	0	both	phased_hifiasm	T2T00_hifiasm_trio	whatshap_stats	chr10
blocks	1	both	phased_hifiasm	T2T00_hifiasm_trio	whatshap_stats	chr10
variant_per_block_median	158080	both	phased_hifiasm	T2T00_hifiasm_trio	whatshap_stats	chr10
variant_per_block_avg	158080	both	phased_hifiasm	T2T00_hifiasm_trio	whatshap_stats	chr10
variant_per_block_min	158080	both	phased_hifiasm	T2T00_hifiasm_trio	whatshap_stats	chr10
variant_per_block_max	158080	both	phased_hifiasm	T2T00_hifiasm_trio	whatshap_stats	chr10
variant_per_block_sum	158080	both	phased_hifiasm	T2T00_hifiasm_trio	whatshap_stats	chr10
bp_per_block_median	134719696	both	phased_hifiasm	T2T00_hifiasm_trio	whatshap_stats	chr10
bp_per_block_avg	134719696	both	phased_hifiasm	T2T00_hifiasm_trio	whatshap_stats	chr10
bp_per_block_min	134719696	both	phased_hifiasm	T2T00_hifiasm_trio	whatshap_stats	chr10
bp_per_block_max	134719696	both	phased_hifiasm	T2T00_hifiasm_trio	whatshap_stats	chr10
bp_per_block_sum	134719696	both	phased_hifiasm	T2T00_hifiasm_trio	whatshap_stats	chr10
heterozygous_variants	158773	both	phased_hifiasm	T2T00_hifiasm_trio	whatshap_stats	chr10
heterozygous_snvs	125260	both	phased_hifiasm	T2T00_hifiasm_trio	whatshap_stats	chr10
phased_snvs	124638	both	phased_hifiasm	T2T00_hifiasm_trio	whatshap_stats	chr10
phased_fraction	0.9956352780384574	both	phased_hifiasm	T2T00_hifiasm_trio	whatshap_stats	chr10
phased_snvs_fraction	0.9950343285965192	both	phased_hifiasm	T2T00_hifiasm_trio	whatshap_stats	chr10
block_n50	134719696	both	phased_hifiasm	T2T00_hifiasm_trio	whatshap_stats	chr10
variants	209675	both	phased_hifiasm	T2T00_hifiasm_trio	whatshap_stats	chr12
phased	146566	both	phased_hifiasm	T2T00_hifiasm_trio	whatshap_stats	chr12
unphased	0	both	phased_hifiasm	T2T00_hifiasm_trio	whatshap_stats	chr12
singletons	0	both	phased_hifiasm	T2T00_hifiasm_trio	whatshap_stats	chr12
blocks	1	both	phased_hifiasm	T2T00_hifiasm_trio	whatshap_stats	chr12
variant_per_block_median	146566	both	phased_hifiasm	T2T00_hifiasm_trio	whatshap_stats	chr12
variant_per_block_avg	146566	both	phased_hifiasm	T2T00_hifiasm_trio	whatshap_stats	chr12
variant_per_block_min	146566	both	phased_hifiasm	T2T00_hifiasm_trio	whatshap_stats	chr12
variant_per_block_max	146566	both	phased_hifiasm	T2T00_hifiasm_trio	whatshap_stats	chr12
variant_per_block_sum	146566	both	phased_hifiasm	T2T00_hifiasm_trio	whatshap_stats	chr12
bp_per_block_median	133318055	both	phased_hifiasm	T2T00_hifiasm_trio	whatshap_stats	chr12
bp_per_block_avg	133318055	both	phased_hifiasm	T2T00_hifiasm_trio	whatshap_stats	chr12
bp_per_block_min	133318055	both	phased_hifiasm	T2T00_hifiasm_trio	whatshap_stats	chr12
bp_per_block_max	133318055	both	phased_hifiasm	T2T00_hifiasm_trio	whatshap_stats	chr12
bp_per_block_sum	133318055	both	phased_hifiasm	T2T00_hifiasm_trio	whatshap_stats	chr12
heterozygous_variants	146566	both	phased_hifiasm	T2T00_hifiasm_trio	whatshap_stats	chr12
heterozygous_snvs	114131	both	phased_hifiasm	T2T00_hifiasm_trio	whatshap_stats	chr12
phased_snvs	114131	both	phased_hifiasm	T2T00_hifiasm_trio	whatshap_stats	chr12
phased_fraction	1	both	phased_hifiasm	T2T00_hifiasm_trio	whatshap_stats	chr12
phased_snvs_fraction	1	both	phased_hifiasm	T2T00_hifiasm_trio	whatshap_stats	chr12
block_n50	133318055	both	phased_hifiasm	T2T00_hifiasm_trio	whatshap_stats	chr12
variants	169544	both	phased_hifiasm	T2T00_hifiasm_trio	whatshap_stats	chr13
phased	112561	both	phased_hifiasm	T2T00_hifiasm_trio	whatshap_stats	chr13
unphased	0	both	phased_hifiasm	T2T00_hifiasm_trio	whatshap_stats	chr13
singletons	0	both	phased_hifiasm	T2T00_hifiasm_trio	whatshap_stats	chr13
blocks	1	both	phased_hifiasm	T2T00_hifiasm_trio	whatshap_stats	chr13
variant_per_block_median	112561	both	phased_hifiasm	T2T00_hifiasm_trio	whatshap_stats	chr13
variant_per_block_avg	112561	both	phased_hifiasm	T2T00_hifiasm_trio	whatshap_stats	chr13
variant_per_block_min	112561	both	phased_hifiasm	T2T00_hifiasm_trio	whatshap_stats	chr13
variant_per_block_max	112561	both	phased_hifiasm	T2T00_hifiasm_trio	whatshap_stats	chr13
variant_per_block_sum	112561	both	phased_hifiasm	T2T00_hifiasm_trio	whatshap_stats	chr13
bp_per_block_median	113559872	both	phased_hifiasm	T2T00_hifiasm_trio	whatshap_stats	chr13
bp_per_block_avg	113559872	both	phased_hifiasm	T2T00_hifiasm_trio	whatshap_stats	chr13
bp_per_block_min	113559872	both	phased_hifiasm	T2T00_hifiasm_trio	whatshap_stats	chr13
bp_per_block_max	113559872	both	phased_hifiasm	T2T00_hifiasm_trio	whatshap_stats	chr13
bp_per_block_sum	113559872	both	phased_hifiasm	T2T00_hifiasm_trio	whatshap_stats	chr13
heterozygous_variants	112561	both	phased_hifiasm	T2T00_hifiasm_trio	whatshap_stats	chr13
heterozygous_snvs	88935	both	phased_hifiasm	T2T00_hifiasm_trio	whatshap_stats	chr13
phased_snvs	88935	both	phased_hifiasm	T2T00_hifiasm_trio	whatshap_stats	chr13
phased_fraction	1	both	phased_hifiasm	T2T00_hifiasm_trio	whatshap_stats	chr13
phased_snvs_fraction	1	both	phased_hifiasm	T2T00_hifiasm_trio	whatshap_stats	chr13
block_n50	113559872	both	phased_hifiasm	T2T00_hifiasm_trio	whatshap_stats	chr13
variants	217276	both	phased_hifiasm	T2T00_hifiasm_trio	whatshap_stats	chr14
phased	151208	both	phased_hifiasm	T2T00_hifiasm_trio	whatshap_stats	chr14
unphased	13249	both	phased_hifiasm	T2T00_hifiasm_trio	whatshap_stats	chr14
singletons	0	both	phased_hifiasm	T2T00_hifiasm_trio	whatshap_stats	chr14
blocks	1	both	phased_hifiasm	T2T00_hifiasm_trio	whatshap_stats	chr14
variant_per_block_median	151208	both	phased_hifiasm	T2T00_hifiasm_trio	whatshap_stats	chr14
variant_per_block_avg	151208	both	phased_hifiasm	T2T00_hifiasm_trio	whatshap_stats	chr14
variant_per_block_min	151208	both	phased_hifiasm	T2T00_hifiasm_trio	whatshap_stats	chr14
variant_per_block_max	151208	both	phased_hifiasm	T2T00_hifiasm_trio	whatshap_stats	chr14
variant_per_block_sum	151208	both	phased_hifiasm	T2T00_hifiasm_trio	whatshap_stats	chr14
bp_per_block_median	101128294	both	phased_hifiasm	T2T00_hifiasm_trio	whatshap_stats	chr14
bp_per_block_avg	101128294	both	phased_hifiasm	T2T00_hifiasm_trio	whatshap_stats	chr14
bp_per_block_min	101128294	both	phased_hifiasm	T2T00_hifiasm_trio	whatshap_stats	chr14
bp_per_block_max	101128294	both	phased_hifiasm	T2T00_hifiasm_trio	whatshap_stats	chr14
bp_per_block_sum	101128294	both	phased_hifiasm	T2T00_hifiasm_trio	whatshap_stats	chr14
heterozygous_variants	164457	both	phased_hifiasm	T2T00_hifiasm_trio	whatshap_stats	chr14
heterozygous_snvs	138178	both	phased_hifiasm	T2T00_hifiasm_trio	whatshap_stats	chr14
phased_snvs	125837	both	phased_hifiasm	T2T00_hifiasm_trio	whatshap_stats	chr14
phased_fraction	0.9194379077813654	both	phased_hifiasm	T2T00_hifiasm_trio	whatshap_stats	chr14
phased_snvs_fraction	0.910687663738077	both	phased_hifiasm	T2T00_hifiasm_trio	whatshap_stats	chr14
block_n50	101128294	both	phased_hifiasm	T2T00_hifiasm_trio	whatshap_stats	chr14
variants	224502	both	phased_hifiasm	T2T00_hifiasm_trio	whatshap_stats	chr15
phased	163371	both	phased_hifiasm	T2T00_hifiasm_trio	whatshap_stats	chr15
unphased	15773	both	phased_hifiasm	T2T00_hifiasm_trio	whatshap_stats	chr15
singletons	0	both	phased_hifiasm	T2T00_hifiasm_trio	whatshap_stats	chr15
blocks	1	both	phased_hifiasm	T2T00_hifiasm_trio	whatshap_stats	chr15
variant_per_block_median	163371	both	phased_hifiasm	T2T00_hifiasm_trio	whatshap_stats	chr15
variant_per_block_avg	163371	both	phased_hifiasm	T2T00_hifiasm_trio	whatshap_stats	chr15
variant_per_block_min	163371	both	phased_hifiasm	T2T00_hifiasm_trio	whatshap_stats	chr15
variant_per_block_max	163371	both	phased_hifiasm	T2T00_hifiasm_trio	whatshap_stats	chr15
variant_per_block_sum	163371	both	phased_hifiasm	T2T00_hifiasm_trio	whatshap_stats	chr15
bp_per_block_median	99743372	both	phased_hifiasm	T2T00_hifiasm_trio	whatshap_stats	chr15
bp_per_block_avg	99743372	both	phased_hifiasm	T2T00_hifiasm_trio	whatshap_stats	chr15
bp_per_block_min	99743372	both	phased_hifiasm	T2T00_hifiasm_trio	whatshap_stats	chr15
bp_per_block_max	99743372	both	phased_hifiasm	T2T00_hifiasm_trio	whatshap_stats	chr15
bp_per_block_sum	99743372	both	phased_hifiasm	T2T00_hifiasm_trio	whatshap_stats	chr15
heterozygous_variants	179144	both	phased_hifiasm	T2T00_hifiasm_trio	whatshap_stats	chr15
heterozygous_snvs	149471	both	phased_hifiasm	T2T00_hifiasm_trio	whatshap_stats	chr15
phased_snvs	135211	both	phased_hifiasm	T2T00_hifiasm_trio	whatshap_stats	chr15
phased_fraction	0.911953512258295	both	phased_hifiasm	T2T00_hifiasm_trio	whatshap_stats	chr15
phased_snvs_fraction	0.9045968783242234	both	phased_hifiasm	T2T00_hifiasm_trio	whatshap_stats	chr15
block_n50	99743372	both	phased_hifiasm	T2T00_hifiasm_trio	whatshap_stats	chr15
variants	186541	both	phased_hifiasm	T2T00_hifiasm_trio	whatshap_stats	chr16
phased	122083	both	phased_hifiasm	T2T00_hifiasm_trio	whatshap_stats	chr16
unphased	4145	both	phased_hifiasm	T2T00_hifiasm_trio	whatshap_stats	chr16
singletons	0	both	phased_hifiasm	T2T00_hifiasm_trio	whatshap_stats	chr16
blocks	1	both	phased_hifiasm	T2T00_hifiasm_trio	whatshap_stats	chr16
variant_per_block_median	122083	both	phased_hifiasm	T2T00_hifiasm_trio	whatshap_stats	chr16
variant_per_block_avg	122083	both	phased_hifiasm	T2T00_hifiasm_trio	whatshap_stats	chr16
variant_per_block_min	122083	both	phased_hifiasm	T2T00_hifiasm_trio	whatshap_stats	chr16
variant_per_block_max	122083	both	phased_hifiasm	T2T00_hifiasm_trio	whatshap_stats	chr16
variant_per_block_sum	122083	both	phased_hifiasm	T2T00_hifiasm_trio	whatshap_stats	chr16
bp_per_block_median	96307327	both	phased_hifiasm	T2T00_hifiasm_trio	whatshap_stats	chr16
bp_per_block_avg	96307327	both	phased_hifiasm	T2T00_hifiasm_trio	whatshap_stats	chr16
bp_per_block_min	96307327	both	phased_hifiasm	T2T00_hifiasm_trio	whatshap_stats	chr16
bp_per_block_max	96307327	both	phased_hifiasm	T2T00_hifiasm_trio	whatshap_stats	chr16
bp_per_block_sum	96307327	both	phased_hifiasm	T2T00_hifiasm_trio	whatshap_stats	chr16
heterozygous_variants	126228	both	phased_hifiasm	T2T00_hifiasm_trio	whatshap_stats	chr16
heterozygous_snvs	102139	both	phased_hifiasm	T2T00_hifiasm_trio	whatshap_stats	chr16
phased_snvs	98337	both	phased_hifiasm	T2T00_hifiasm_trio	whatshap_stats	chr16
phased_fraction	0.9671625946699622	both	phased_hifiasm	T2T00_hifiasm_trio	whatshap_stats	chr16
phased_snvs_fraction	0.962776216724268	both	phased_hifiasm	T2T00_hifiasm_trio	whatshap_stats	chr16
block_n50	96307327	both	phased_hifiasm	T2T00_hifiasm_trio	whatshap_stats	chr16
variants	154789	both	phased_hifiasm	T2T00_hifiasm_trio	whatshap_stats	chr17
phased	102513	both	phased_hifiasm	T2T00_hifiasm_trio	whatshap_stats	chr17
unphased	828	both	phased_hifiasm	T2T00_hifiasm_trio	whatshap_stats	chr17
singletons	0	both	phased_hifiasm	T2T00_hifiasm_trio	whatshap_stats	chr17
blocks	1	both	phased_hifiasm	T2T00_hifiasm_trio	whatshap_stats	chr17
variant_per_block_median	102513	both	phased_hifiasm	T2T00_hifiasm_trio	whatshap_stats	chr17
variant_per_block_avg	102513	both	phased_hifiasm	T2T00_hifiasm_trio	whatshap_stats	chr17
variant_per_block_min	102513	both	phased_hifiasm	T2T00_hifiasm_trio	whatshap_stats	chr17
variant_per_block_max	102513	both	phased_hifiasm	T2T00_hifiasm_trio	whatshap_stats	chr17
variant_per_block_sum	102513	both	phased_hifiasm	T2T00_hifiasm_trio	whatshap_stats	chr17
bp_per_block_median	84235165	both	phased_hifiasm	T2T00_hifiasm_trio	whatshap_stats	chr17
bp_per_block_avg	84235165	both	phased_hifiasm	T2T00_hifiasm_trio	whatshap_stats	chr17
bp_per_block_min	84235165	both	phased_hifiasm	T2T00_hifiasm_trio	whatshap_stats	chr17
bp_per_block_max	84235165	both	phased_hifiasm	T2T00_hifiasm_trio	whatshap_stats	chr17
bp_per_block_sum	84235165	both	phased_hifiasm	T2T00_hifiasm_trio	whatshap_stats	chr17
heterozygous_variants	103341	both	phased_hifiasm	T2T00_hifiasm_trio	whatshap_stats	chr17
heterozygous_snvs	79379	both	phased_hifiasm	T2T00_hifiasm_trio	whatshap_stats	chr17
phased_snvs	78864	both	phased_hifiasm	T2T00_hifiasm_trio	whatshap_stats	chr17
phased_fraction	0.9919876912358117	both	phased_hifiasm	T2T00_hifiasm_trio	whatshap_stats	chr17
phased_snvs_fraction	0.993512137971	both	phased_hifiasm	T2T00_hifiasm_trio	whatshap_stats	chr17
block_n50	84235165	both	phased_hifiasm	T2T00_hifiasm_trio	whatshap_stats	chr17
variants	135074	both	phased_hifiasm	T2T00_hifiasm_trio	whatshap_stats	chr18
phased	96933	both	phased_hifiasm	T2T00_hifiasm_trio	whatshap_stats	chr18
unphased	0	both	phased_hifiasm	T2T00_hifiasm_trio	whatshap_stats	chr18
singletons	0	both	phased_hifiasm	T2T00_hifiasm_trio	whatshap_stats	chr18
blocks	1	both	phased_hifiasm	T2T00_hifiasm_trio	whatshap_stats	chr18
variant_per_block_median	96933	both	phased_hifiasm	T2T00_hifiasm_trio	whatshap_stats	chr18
variant_per_block_avg	96933	both	phased_hifiasm	T2T00_hifiasm_trio	whatshap_stats	chr18
variant_per_block_min	96933	both	phased_hifiasm	T2T00_hifiasm_trio	whatshap_stats	chr18
variant_per_block_max	96933	both	phased_hifiasm	T2T00_hifiasm_trio	whatshap_stats	chr18
variant_per_block_sum	96933	both	phased_hifiasm	T2T00_hifiasm_trio	whatshap_stats	chr18
bp_per_block_median	80375332	both	phased_hifiasm	T2T00_hifiasm_trio	whatshap_stats	chr18
bp_per_block_avg	80375332	both	phased_hifiasm	T2T00_hifiasm_trio	whatshap_stats	chr18
bp_per_block_min	80375332	both	phased_hifiasm	T2T00_hifiasm_trio	whatshap_stats	chr18
bp_per_block_max	80375332	both	phased_hifiasm	T2T00_hifiasm_trio	whatshap_stats	chr18
bp_per_block_sum	80375332	both	phased_hifiasm	T2T00_hifiasm_trio	whatshap_stats	chr18
heterozygous_variants	96933	both	phased_hifiasm	T2T00_hifiasm_trio	whatshap_stats	chr18
heterozygous_snvs	79226	both	phased_hifiasm	T2T00_hifiasm_trio	whatshap_stats	chr18
phased_snvs	79226	both	phased_hifiasm	T2T00_hifiasm_trio	whatshap_stats	chr18
phased_fraction	1	both	phased_hifiasm	T2T00_hifiasm_trio	whatshap_stats	chr18
phased_snvs_fraction	1	both	phased_hifiasm	T2T00_hifiasm_trio	whatshap_stats	chr18
block_n50	80375332	both	phased_hifiasm	T2T00_hifiasm_trio	whatshap_stats	chr18
variants	126406	both	phased_hifiasm	T2T00_hifiasm_trio	whatshap_stats	chr20
phased	89001	both	phased_hifiasm	T2T00_hifiasm_trio	whatshap_stats	chr20
unphased	289	both	phased_hifiasm	T2T00_hifiasm_trio	whatshap_stats	chr20
singletons	0	both	phased_hifiasm	T2T00_hifiasm_trio	whatshap_stats	chr20
blocks	1	both	phased_hifiasm	T2T00_hifiasm_trio	whatshap_stats	chr20
variant_per_block_median	89001	both	phased_hifiasm	T2T00_hifiasm_trio	whatshap_stats	chr20
variant_per_block_avg	89001	both	phased_hifiasm	T2T00_hifiasm_trio	whatshap_stats	chr20
variant_per_block_min	89001	both	phased_hifiasm	T2T00_hifiasm_trio	whatshap_stats	chr20
variant_per_block_max	89001	both	phased_hifiasm	T2T00_hifiasm_trio	whatshap_stats	chr20
variant_per_block_sum	89001	both	phased_hifiasm	T2T00_hifiasm_trio	whatshap_stats	chr20
bp_per_block_median	66203767	both	phased_hifiasm	T2T00_hifiasm_trio	whatshap_stats	chr20
bp_per_block_avg	66203767	both	phased_hifiasm	T2T00_hifiasm_trio	whatshap_stats	chr20
bp_per_block_min	66203767	both	phased_hifiasm	T2T00_hifiasm_trio	whatshap_stats	chr20
bp_per_block_max	66203767	both	phased_hifiasm	T2T00_hifiasm_trio	whatshap_stats	chr20
bp_per_block_sum	66203767	both	phased_hifiasm	T2T00_hifiasm_trio	whatshap_stats	chr20
heterozygous_variants	89290	both	phased_hifiasm	T2T00_hifiasm_trio	whatshap_stats	chr20
heterozygous_snvs	72571	both	phased_hifiasm	T2T00_hifiasm_trio	whatshap_stats	chr20
phased_snvs	72312	both	phased_hifiasm	T2T00_hifiasm_trio	whatshap_stats	chr20
phased_fraction	0.9967633553589428	both	phased_hifiasm	T2T00_hifiasm_trio	whatshap_stats	chr20
phased_snvs_fraction	0.9964310812859132	both	phased_hifiasm	T2T00_hifiasm_trio	whatshap_stats	chr20
block_n50	66203767	both	phased_hifiasm	T2T00_hifiasm_trio	whatshap_stats	chr20
variants	124679	both	phased_hifiasm	T2T00_hifiasm_trio	whatshap_stats	chr19
phased	92901	both	phased_hifiasm	T2T00_hifiasm_trio	whatshap_stats	chr19
unphased	0	both	phased_hifiasm	T2T00_hifiasm_trio	whatshap_stats	chr19
singletons	0	both	phased_hifiasm	T2T00_hifiasm_trio	whatshap_stats	chr19
blocks	1	both	phased_hifiasm	T2T00_hifiasm_trio	whatshap_stats	chr19
variant_per_block_median	92901	both	phased_hifiasm	T2T00_hifiasm_trio	whatshap_stats	chr19
variant_per_block_avg	92901	both	phased_hifiasm	T2T00_hifiasm_trio	whatshap_stats	chr19
variant_per_block_min	92901	both	phased_hifiasm	T2T00_hifiasm_trio	whatshap_stats	chr19
variant_per_block_max	92901	both	phased_hifiasm	T2T00_hifiasm_trio	whatshap_stats	chr19
variant_per_block_sum	92901	both	phased_hifiasm	T2T00_hifiasm_trio	whatshap_stats	chr19
bp_per_block_median	61701513	both	phased_hifiasm	T2T00_hifiasm_trio	whatshap_stats	chr19
bp_per_block_avg	61701513	both	phased_hifiasm	T2T00_hifiasm_trio	whatshap_stats	chr19
bp_per_block_min	61701513	both	phased_hifiasm	T2T00_hifiasm_trio	whatshap_stats	chr19
bp_per_block_max	61701513	both	phased_hifiasm	T2T00_hifiasm_trio	whatshap_stats	chr19
bp_per_block_sum	61701513	both	phased_hifiasm	T2T00_hifiasm_trio	whatshap_stats	chr19
heterozygous_variants	92901	both	phased_hifiasm	T2T00_hifiasm_trio	whatshap_stats	chr19
heterozygous_snvs	71310	both	phased_hifiasm	T2T00_hifiasm_trio	whatshap_stats	chr19
phased_snvs	71310	both	phased_hifiasm	T2T00_hifiasm_trio	whatshap_stats	chr19
phased_fraction	1	both	phased_hifiasm	T2T00_hifiasm_trio	whatshap_stats	chr19
phased_snvs_fraction	1	both	phased_hifiasm	T2T00_hifiasm_trio	whatshap_stats	chr19
block_n50	61701513	both	phased_hifiasm	T2T00_hifiasm_trio	whatshap_stats	chr19
variants	155901	both	phased_hifiasm	T2T00_hifiasm_trio	whatshap_stats	chr22
phased	119668	both	phased_hifiasm	T2T00_hifiasm_trio	whatshap_stats	chr22
unphased	1677	both	phased_hifiasm	T2T00_hifiasm_trio	whatshap_stats	chr22
singletons	0	both	phased_hifiasm	T2T00_hifiasm_trio	whatshap_stats	chr22
blocks	1	both	phased_hifiasm	T2T00_hifiasm_trio	whatshap_stats	chr22
variant_per_block_median	119668	both	phased_hifiasm	T2T00_hifiasm_trio	whatshap_stats	chr22
variant_per_block_avg	119668	both	phased_hifiasm	T2T00_hifiasm_trio	whatshap_stats	chr22
variant_per_block_min	119668	both	phased_hifiasm	T2T00_hifiasm_trio	whatshap_stats	chr22
variant_per_block_max	119668	both	phased_hifiasm	T2T00_hifiasm_trio	whatshap_stats	chr22
variant_per_block_sum	119668	both	phased_hifiasm	T2T00_hifiasm_trio	whatshap_stats	chr22
bp_per_block_median	51317364	both	phased_hifiasm	T2T00_hifiasm_trio	whatshap_stats	chr22
bp_per_block_avg	51317364	both	phased_hifiasm	T2T00_hifiasm_trio	whatshap_stats	chr22
bp_per_block_min	51317364	both	phased_hifiasm	T2T00_hifiasm_trio	whatshap_stats	chr22
bp_per_block_max	51317364	both	phased_hifiasm	T2T00_hifiasm_trio	whatshap_stats	chr22
bp_per_block_sum	51317364	both	phased_hifiasm	T2T00_hifiasm_trio	whatshap_stats	chr22
heterozygous_variants	121345	both	phased_hifiasm	T2T00_hifiasm_trio	whatshap_stats	chr22
heterozygous_snvs	104425	both	phased_hifiasm	T2T00_hifiasm_trio	whatshap_stats	chr22
phased_snvs	102968	both	phased_hifiasm	T2T00_hifiasm_trio	whatshap_stats	chr22
phased_fraction	0.9861799002843132	both	phased_hifiasm	T2T00_hifiasm_trio	whatshap_stats	chr22
phased_snvs_fraction	0.986047402441944	both	phased_hifiasm	T2T00_hifiasm_trio	whatshap_stats	chr22
block_n50	51317364	both	phased_hifiasm	T2T00_hifiasm_trio	whatshap_stats	chr22
variants	111762	both	phased_hifiasm	T2T00_hifiasm_trio	whatshap_stats	chr21
phased	84742	both	phased_hifiasm	T2T00_hifiasm_trio	whatshap_stats	chr21
unphased	5498	both	phased_hifiasm	T2T00_hifiasm_trio	whatshap_stats	chr21
singletons	0	both	phased_hifiasm	T2T00_hifiasm_trio	whatshap_stats	chr21
blocks	1	both	phased_hifiasm	T2T00_hifiasm_trio	whatshap_stats	chr21
variant_per_block_median	84742	both	phased_hifiasm	T2T00_hifiasm_trio	whatshap_stats	chr21
variant_per_block_avg	84742	both	phased_hifiasm	T2T00_hifiasm_trio	whatshap_stats	chr21
variant_per_block_min	84742	both	phased_hifiasm	T2T00_hifiasm_trio	whatshap_stats	chr21
variant_per_block_max	84742	both	phased_hifiasm	T2T00_hifiasm_trio	whatshap_stats	chr21
variant_per_block_sum	84742	both	phased_hifiasm	T2T00_hifiasm_trio	whatshap_stats	chr21
bp_per_block_median	45080950	both	phased_hifiasm	T2T00_hifiasm_trio	whatshap_stats	chr21
bp_per_block_avg	45080950	both	phased_hifiasm	T2T00_hifiasm_trio	whatshap_stats	chr21
bp_per_block_min	45080950	both	phased_hifiasm	T2T00_hifiasm_trio	whatshap_stats	chr21
bp_per_block_max	45080950	both	phased_hifiasm	T2T00_hifiasm_trio	whatshap_stats	chr21
bp_per_block_sum	45080950	both	phased_hifiasm	T2T00_hifiasm_trio	whatshap_stats	chr21
heterozygous_variants	90240	both	phased_hifiasm	T2T00_hifiasm_trio	whatshap_stats	chr21
heterozygous_snvs	75973	both	phased_hifiasm	T2T00_hifiasm_trio	whatshap_stats	chr21
phased_snvs	71213	both	phased_hifiasm	T2T00_hifiasm_trio	whatshap_stats	chr21
phased_fraction	0.9390735815602836	both	phased_hifiasm	T2T00_hifiasm_trio	whatshap_stats	chr21
phased_snvs_fraction	0.9373461624524502	both	phased_hifiasm	T2T00_hifiasm_trio	whatshap_stats	chr21
block_n50	45080950	both	phased_hifiasm	T2T00_hifiasm_trio	whatshap_stats	chr21
variants	5177876	both	phased_hifiasm	T2T00_hifiasm_trio	whatshap_stats	ALL
phased	3616540	both	phased_hifiasm	T2T00_hifiasm_trio	whatshap_stats	ALL
unphased	126172	both	phased_hifiasm	T2T00_hifiasm_trio	whatshap_stats	ALL
singletons	0	both	phased_hifiasm	T2T00_hifiasm_trio	whatshap_stats	ALL
blocks	23	both	phased_hifiasm	T2T00_hifiasm_trio	whatshap_stats	ALL
variant_per_block_median	151208	both	phased_hifiasm	T2T00_hifiasm_trio	whatshap_stats	ALL
variant_per_block_avg	157240.86956521738	both	phased_hifiasm	T2T00_hifiasm_trio	whatshap_stats	ALL
variant_per_block_min	84742	both	phased_hifiasm	T2T00_hifiasm_trio	whatshap_stats	ALL
variant_per_block_max	264987	both	phased_hifiasm	T2T00_hifiasm_trio	whatshap_stats	ALL
variant_per_block_sum	3616540	both	phased_hifiasm	T2T00_hifiasm_trio	whatshap_stats	ALL
bp_per_block_median	134719696	both	phased_hifiasm	T2T00_hifiasm_trio	whatshap_stats	ALL
bp_per_block_avg	132792271.52173913	both	phased_hifiasm	T2T00_hifiasm_trio	whatshap_stats	ALL
bp_per_block_min	45080950	both	phased_hifiasm	T2T00_hifiasm_trio	whatshap_stats	ALL
bp_per_block_max	248375637	both	phased_hifiasm	T2T00_hifiasm_trio	whatshap_stats	ALL
bp_per_block_sum	3054222245	both	phased_hifiasm	T2T00_hifiasm_trio	whatshap_stats	ALL
heterozygous_variants	3742712	both	phased_hifiasm	T2T00_hifiasm_trio	whatshap_stats	ALL
heterozygous_snvs	3007300	both	phased_hifiasm	T2T00_hifiasm_trio	whatshap_stats	ALL
phased_snvs	2901107	both	phased_hifiasm	T2T00_hifiasm_trio	whatshap_stats	ALL
phased_fraction	0.9662886163829864	both	phased_hifiasm	T2T00_hifiasm_trio	whatshap_stats	ALL
phased_snvs_fraction	0.964688258570811	both	phased_hifiasm	T2T00_hifiasm_trio	whatshap_stats	ALL
block_n50	154254284	both	phased_hifiasm	T2T00_hifiasm_trio	whatshap_stats	ALL
variants	363462	both	phased_hifiasm	T2T04_hifiasm_trio	whatshap_stats	chr1
phased	244823	both	phased_hifiasm	T2T04_hifiasm_trio	whatshap_stats	chr1
unphased	317	both	phased_hifiasm	T2T04_hifiasm_trio	whatshap_stats	chr1
singletons	0	both	phased_hifiasm	T2T04_hifiasm_trio	whatshap_stats	chr1
blocks	1	both	phased_hifiasm	T2T04_hifiasm_trio	whatshap_stats	chr1
variant_per_block_median	244823	both	phased_hifiasm	T2T04_hifiasm_trio	whatshap_stats	chr1
variant_per_block_avg	244823	both	phased_hifiasm	T2T04_hifiasm_trio	whatshap_stats	chr1
variant_per_block_min	244823	both	phased_hifiasm	T2T04_hifiasm_trio	whatshap_stats	chr1
variant_per_block_max	244823	both	phased_hifiasm	T2T04_hifiasm_trio	whatshap_stats	chr1
variant_per_block_sum	244823	both	phased_hifiasm	T2T04_hifiasm_trio	whatshap_stats	chr1
bp_per_block_median	248380958	both	phased_hifiasm	T2T04_hifiasm_trio	whatshap_stats	chr1
bp_per_block_avg	248380958	both	phased_hifiasm	T2T04_hifiasm_trio	whatshap_stats	chr1
bp_per_block_min	248380958	both	phased_hifiasm	T2T04_hifiasm_trio	whatshap_stats	chr1
bp_per_block_max	248380958	both	phased_hifiasm	T2T04_hifiasm_trio	whatshap_stats	chr1
bp_per_block_sum	248380958	both	phased_hifiasm	T2T04_hifiasm_trio	whatshap_stats	chr1
heterozygous_variants	245140	both	phased_hifiasm	T2T04_hifiasm_trio	whatshap_stats	chr1
heterozygous_snvs	193494	both	phased_hifiasm	T2T04_hifiasm_trio	whatshap_stats	chr1
phased_snvs	193192	both	phased_hifiasm	T2T04_hifiasm_trio	whatshap_stats	chr1
phased_fraction	0.9987068613853308	both	phased_hifiasm	T2T04_hifiasm_trio	whatshap_stats	chr1
phased_snvs_fraction	0.99843922808976	both	phased_hifiasm	T2T04_hifiasm_trio	whatshap_stats	chr1
block_n50	248380958	both	phased_hifiasm	T2T04_hifiasm_trio	whatshap_stats	chr1
variants	353385	both	phased_hifiasm	T2T04_hifiasm_trio	whatshap_stats	chr2
phased	239709	both	phased_hifiasm	T2T04_hifiasm_trio	whatshap_stats	chr2
unphased	580	both	phased_hifiasm	T2T04_hifiasm_trio	whatshap_stats	chr2
singletons	0	both	phased_hifiasm	T2T04_hifiasm_trio	whatshap_stats	chr2
blocks	1	both	phased_hifiasm	T2T04_hifiasm_trio	whatshap_stats	chr2
variant_per_block_median	239709	both	phased_hifiasm	T2T04_hifiasm_trio	whatshap_stats	chr2
variant_per_block_avg	239709	both	phased_hifiasm	T2T04_hifiasm_trio	whatshap_stats	chr2
variant_per_block_min	239709	both	phased_hifiasm	T2T04_hifiasm_trio	whatshap_stats	chr2
variant_per_block_max	239709	both	phased_hifiasm	T2T04_hifiasm_trio	whatshap_stats	chr2
variant_per_block_sum	239709	both	phased_hifiasm	T2T04_hifiasm_trio	whatshap_stats	chr2
bp_per_block_median	242690676	both	phased_hifiasm	T2T04_hifiasm_trio	whatshap_stats	chr2
bp_per_block_avg	242690676	both	phased_hifiasm	T2T04_hifiasm_trio	whatshap_stats	chr2
bp_per_block_min	242690676	both	phased_hifiasm	T2T04_hifiasm_trio	whatshap_stats	chr2
bp_per_block_max	242690676	both	phased_hifiasm	T2T04_hifiasm_trio	whatshap_stats	chr2
bp_per_block_sum	242690676	both	phased_hifiasm	T2T04_hifiasm_trio	whatshap_stats	chr2
heterozygous_variants	240289	both	phased_hifiasm	T2T04_hifiasm_trio	whatshap_stats	chr2
heterozygous_snvs	190100	both	phased_hifiasm	T2T04_hifiasm_trio	whatshap_stats	chr2
phased_snvs	189577	both	phased_hifiasm	T2T04_hifiasm_trio	whatshap_stats	chr2
phased_fraction	0.9975862399027836	both	phased_hifiasm	T2T04_hifiasm_trio	whatshap_stats	chr2
phased_snvs_fraction	0.9972488164124144	both	phased_hifiasm	T2T04_hifiasm_trio	whatshap_stats	chr2
block_n50	242690676	both	phased_hifiasm	T2T04_hifiasm_trio	whatshap_stats	chr2
variants	336501	both	phased_hifiasm	T2T04_hifiasm_trio	whatshap_stats	chr3
phased	233095	both	phased_hifiasm	T2T04_hifiasm_trio	whatshap_stats	chr3
unphased	0	both	phased_hifiasm	T2T04_hifiasm_trio	whatshap_stats	chr3
singletons	0	both	phased_hifiasm	T2T04_hifiasm_trio	whatshap_stats	chr3
blocks	1	both	phased_hifiasm	T2T04_hifiasm_trio	whatshap_stats	chr3
variant_per_block_median	233095	both	phased_hifiasm	T2T04_hifiasm_trio	whatshap_stats	chr3
variant_per_block_avg	233095	both	phased_hifiasm	T2T04_hifiasm_trio	whatshap_stats	chr3
variant_per_block_min	233095	both	phased_hifiasm	T2T04_hifiasm_trio	whatshap_stats	chr3
variant_per_block_max	233095	both	phased_hifiasm	T2T04_hifiasm_trio	whatshap_stats	chr3
variant_per_block_sum	233095	both	phased_hifiasm	T2T04_hifiasm_trio	whatshap_stats	chr3
bp_per_block_median	201086483	both	phased_hifiasm	T2T04_hifiasm_trio	whatshap_stats	chr3
bp_per_block_avg	201086483	both	phased_hifiasm	T2T04_hifiasm_trio	whatshap_stats	chr3
bp_per_block_min	201086483	both	phased_hifiasm	T2T04_hifiasm_trio	whatshap_stats	chr3
bp_per_block_max	201086483	both	phased_hifiasm	T2T04_hifiasm_trio	whatshap_stats	chr3
bp_per_block_sum	201086483	both	phased_hifiasm	T2T04_hifiasm_trio	whatshap_stats	chr3
heterozygous_variants	233095	both	phased_hifiasm	T2T04_hifiasm_trio	whatshap_stats	chr3
heterozygous_snvs	190183	both	phased_hifiasm	T2T04_hifiasm_trio	whatshap_stats	chr3
phased_snvs	190183	both	phased_hifiasm	T2T04_hifiasm_trio	whatshap_stats	chr3
phased_fraction	1	both	phased_hifiasm	T2T04_hifiasm_trio	whatshap_stats	chr3
phased_snvs_fraction	1	both	phased_hifiasm	T2T04_hifiasm_trio	whatshap_stats	chr3
block_n50	201086483	both	phased_hifiasm	T2T04_hifiasm_trio	whatshap_stats	chr3
variants	336421	both	phased_hifiasm	T2T04_hifiasm_trio	whatshap_stats	chr4
phased	231195	both	phased_hifiasm	T2T04_hifiasm_trio	whatshap_stats	chr4
unphased	2006	both	phased_hifiasm	T2T04_hifiasm_trio	whatshap_stats	chr4
singletons	0	both	phased_hifiasm	T2T04_hifiasm_trio	whatshap_stats	chr4
blocks	1	both	phased_hifiasm	T2T04_hifiasm_trio	whatshap_stats	chr4
variant_per_block_median	231195	both	phased_hifiasm	T2T04_hifiasm_trio	whatshap_stats	chr4
variant_per_block_avg	231195	both	phased_hifiasm	T2T04_hifiasm_trio	whatshap_stats	chr4
variant_per_block_min	231195	both	phased_hifiasm	T2T04_hifiasm_trio	whatshap_stats	chr4
variant_per_block_max	231195	both	phased_hifiasm	T2T04_hifiasm_trio	whatshap_stats	chr4
variant_per_block_sum	231195	both	phased_hifiasm	T2T04_hifiasm_trio	whatshap_stats	chr4
bp_per_block_median	193510716	both	phased_hifiasm	T2T04_hifiasm_trio	whatshap_stats	chr4
bp_per_block_avg	193510716	both	phased_hifiasm	T2T04_hifiasm_trio	whatshap_stats	chr4
bp_per_block_min	193510716	both	phased_hifiasm	T2T04_hifiasm_trio	whatshap_stats	chr4
bp_per_block_max	193510716	both	phased_hifiasm	T2T04_hifiasm_trio	whatshap_stats	chr4
bp_per_block_sum	193510716	both	phased_hifiasm	T2T04_hifiasm_trio	whatshap_stats	chr4
heterozygous_variants	233201	both	phased_hifiasm	T2T04_hifiasm_trio	whatshap_stats	chr4
heterozygous_snvs	191575	both	phased_hifiasm	T2T04_hifiasm_trio	whatshap_stats	chr4
phased_snvs	189713	both	phased_hifiasm	T2T04_hifiasm_trio	whatshap_stats	chr4
phased_fraction	0.991397978567845	both	phased_hifiasm	T2T04_hifiasm_trio	whatshap_stats	chr4
phased_snvs_fraction	0.9902805689677672	both	phased_hifiasm	T2T04_hifiasm_trio	whatshap_stats	chr4
block_n50	193510716	both	phased_hifiasm	T2T04_hifiasm_trio	whatshap_stats	chr4
variants	280986	both	phased_hifiasm	T2T04_hifiasm_trio	whatshap_stats	chr5
phased	186460	both	phased_hifiasm	T2T04_hifiasm_trio	whatshap_stats	chr5
unphased	128	both	phased_hifiasm	T2T04_hifiasm_trio	whatshap_stats	chr5
singletons	0	both	phased_hifiasm	T2T04_hifiasm_trio	whatshap_stats	chr5
blocks	1	both	phased_hifiasm	T2T04_hifiasm_trio	whatshap_stats	chr5
variant_per_block_median	186460	both	phased_hifiasm	T2T04_hifiasm_trio	whatshap_stats	chr5
variant_per_block_avg	186460	both	phased_hifiasm	T2T04_hifiasm_trio	whatshap_stats	chr5
variant_per_block_min	186460	both	phased_hifiasm	T2T04_hifiasm_trio	whatshap_stats	chr5
variant_per_block_max	186460	both	phased_hifiasm	T2T04_hifiasm_trio	whatshap_stats	chr5
variant_per_block_sum	186460	both	phased_hifiasm	T2T04_hifiasm_trio	whatshap_stats	chr5
bp_per_block_median	182041818	both	phased_hifiasm	T2T04_hifiasm_trio	whatshap_stats	chr5
bp_per_block_avg	182041818	both	phased_hifiasm	T2T04_hifiasm_trio	whatshap_stats	chr5
bp_per_block_min	182041818	both	phased_hifiasm	T2T04_hifiasm_trio	whatshap_stats	chr5
bp_per_block_max	182041818	both	phased_hifiasm	T2T04_hifiasm_trio	whatshap_stats	chr5
bp_per_block_sum	182041818	both	phased_hifiasm	T2T04_hifiasm_trio	whatshap_stats	chr5
heterozygous_variants	186588	both	phased_hifiasm	T2T04_hifiasm_trio	whatshap_stats	chr5
heterozygous_snvs	149568	both	phased_hifiasm	T2T04_hifiasm_trio	whatshap_stats	chr5
phased_snvs	149459	both	phased_hifiasm	T2T04_hifiasm_trio	whatshap_stats	chr5
phased_fraction	0.9993139966128582	both	phased_hifiasm	T2T04_hifiasm_trio	whatshap_stats	chr5
phased_snvs_fraction	0.9992712344886608	both	phased_hifiasm	T2T04_hifiasm_trio	whatshap_stats	chr5
block_n50	182041818	both	phased_hifiasm	T2T04_hifiasm_trio	whatshap_stats	chr5
variants	305700	both	phased_hifiasm	T2T04_hifiasm_trio	whatshap_stats	chr6
phased	211219	both	phased_hifiasm	T2T04_hifiasm_trio	whatshap_stats	chr6
unphased	527	both	phased_hifiasm	T2T04_hifiasm_trio	whatshap_stats	chr6
singletons	0	both	phased_hifiasm	T2T04_hifiasm_trio	whatshap_stats	chr6
blocks	1	both	phased_hifiasm	T2T04_hifiasm_trio	whatshap_stats	chr6
variant_per_block_median	211219	both	phased_hifiasm	T2T04_hifiasm_trio	whatshap_stats	chr6
variant_per_block_avg	211219	both	phased_hifiasm	T2T04_hifiasm_trio	whatshap_stats	chr6
variant_per_block_min	211219	both	phased_hifiasm	T2T04_hifiasm_trio	whatshap_stats	chr6
variant_per_block_max	211219	both	phased_hifiasm	T2T04_hifiasm_trio	whatshap_stats	chr6
variant_per_block_sum	211219	both	phased_hifiasm	T2T04_hifiasm_trio	whatshap_stats	chr6
bp_per_block_median	172120583	both	phased_hifiasm	T2T04_hifiasm_trio	whatshap_stats	chr6
bp_per_block_avg	172120583	both	phased_hifiasm	T2T04_hifiasm_trio	whatshap_stats	chr6
bp_per_block_min	172120583	both	phased_hifiasm	T2T04_hifiasm_trio	whatshap_stats	chr6
bp_per_block_max	172120583	both	phased_hifiasm	T2T04_hifiasm_trio	whatshap_stats	chr6
bp_per_block_sum	172120583	both	phased_hifiasm	T2T04_hifiasm_trio	whatshap_stats	chr6
heterozygous_variants	211746	both	phased_hifiasm	T2T04_hifiasm_trio	whatshap_stats	chr6
heterozygous_snvs	174512	both	phased_hifiasm	T2T04_hifiasm_trio	whatshap_stats	chr6
phased_snvs	173995	both	phased_hifiasm	T2T04_hifiasm_trio	whatshap_stats	chr6
phased_fraction	0.9975111690421544	both	phased_hifiasm	T2T04_hifiasm_trio	whatshap_stats	chr6
phased_snvs_fraction	0.9970374530118272	both	phased_hifiasm	T2T04_hifiasm_trio	whatshap_stats	chr6
block_n50	172120583	both	phased_hifiasm	T2T04_hifiasm_trio	whatshap_stats	chr6
variants	283736	both	phased_hifiasm	T2T04_hifiasm_trio	whatshap_stats	chr7
phased	200503	both	phased_hifiasm	T2T04_hifiasm_trio	whatshap_stats	chr7
unphased	9	both	phased_hifiasm	T2T04_hifiasm_trio	whatshap_stats	chr7
singletons	0	both	phased_hifiasm	T2T04_hifiasm_trio	whatshap_stats	chr7
blocks	1	both	phased_hifiasm	T2T04_hifiasm_trio	whatshap_stats	chr7
variant_per_block_median	200503	both	phased_hifiasm	T2T04_hifiasm_trio	whatshap_stats	chr7
variant_per_block_avg	200503	both	phased_hifiasm	T2T04_hifiasm_trio	whatshap_stats	chr7
variant_per_block_min	200503	both	phased_hifiasm	T2T04_hifiasm_trio	whatshap_stats	chr7
variant_per_block_max	200503	both	phased_hifiasm	T2T04_hifiasm_trio	whatshap_stats	chr7
variant_per_block_sum	200503	both	phased_hifiasm	T2T04_hifiasm_trio	whatshap_stats	chr7
bp_per_block_median	160560661	both	phased_hifiasm	T2T04_hifiasm_trio	whatshap_stats	chr7
bp_per_block_avg	160560661	both	phased_hifiasm	T2T04_hifiasm_trio	whatshap_stats	chr7
bp_per_block_min	160560661	both	phased_hifiasm	T2T04_hifiasm_trio	whatshap_stats	chr7
bp_per_block_max	160560661	both	phased_hifiasm	T2T04_hifiasm_trio	whatshap_stats	chr7
bp_per_block_sum	160560661	both	phased_hifiasm	T2T04_hifiasm_trio	whatshap_stats	chr7
heterozygous_variants	200512	both	phased_hifiasm	T2T04_hifiasm_trio	whatshap_stats	chr7
heterozygous_snvs	162541	both	phased_hifiasm	T2T04_hifiasm_trio	whatshap_stats	chr7
phased_snvs	162533	both	phased_hifiasm	T2T04_hifiasm_trio	whatshap_stats	chr7
phased_fraction	0.999955114905841	both	phased_hifiasm	T2T04_hifiasm_trio	whatshap_stats	chr7
phased_snvs_fraction	0.9999507816489378	both	phased_hifiasm	T2T04_hifiasm_trio	whatshap_stats	chr7
block_n50	160560661	both	phased_hifiasm	T2T04_hifiasm_trio	whatshap_stats	chr7
variants	132979	both	phased_hifiasm	T2T04_hifiasm_trio	whatshap_stats	chrX
phased	132301	both	phased_hifiasm	T2T04_hifiasm_trio	whatshap_stats	chrX
unphased	0	both	phased_hifiasm	T2T04_hifiasm_trio	whatshap_stats	chrX
singletons	0	both	phased_hifiasm	T2T04_hifiasm_trio	whatshap_stats	chrX
blocks	1	both	phased_hifiasm	T2T04_hifiasm_trio	whatshap_stats	chrX
variant_per_block_median	132301	both	phased_hifiasm	T2T04_hifiasm_trio	whatshap_stats	chrX
variant_per_block_avg	132301	both	phased_hifiasm	T2T04_hifiasm_trio	whatshap_stats	chrX
variant_per_block_min	132301	both	phased_hifiasm	T2T04_hifiasm_trio	whatshap_stats	chrX
variant_per_block_max	132301	both	phased_hifiasm	T2T04_hifiasm_trio	whatshap_stats	chrX
variant_per_block_sum	132301	both	phased_hifiasm	T2T04_hifiasm_trio	whatshap_stats	chrX
bp_per_block_median	154197817	both	phased_hifiasm	T2T04_hifiasm_trio	whatshap_stats	chrX
bp_per_block_avg	154197817	both	phased_hifiasm	T2T04_hifiasm_trio	whatshap_stats	chrX
bp_per_block_min	154197817	both	phased_hifiasm	T2T04_hifiasm_trio	whatshap_stats	chrX
bp_per_block_max	154197817	both	phased_hifiasm	T2T04_hifiasm_trio	whatshap_stats	chrX
bp_per_block_sum	154197817	both	phased_hifiasm	T2T04_hifiasm_trio	whatshap_stats	chrX
heterozygous_variants	132301	both	phased_hifiasm	T2T04_hifiasm_trio	whatshap_stats	chrX
heterozygous_snvs	100179	both	phased_hifiasm	T2T04_hifiasm_trio	whatshap_stats	chrX
phased_snvs	100179	both	phased_hifiasm	T2T04_hifiasm_trio	whatshap_stats	chrX
phased_fraction	1	both	phased_hifiasm	T2T04_hifiasm_trio	whatshap_stats	chrX
phased_snvs_fraction	1	both	phased_hifiasm	T2T04_hifiasm_trio	whatshap_stats	chrX
block_n50	154197817	both	phased_hifiasm	T2T04_hifiasm_trio	whatshap_stats	chrX
variants	229225	both	phased_hifiasm	T2T04_hifiasm_trio	whatshap_stats	chr9
phased	170159	both	phased_hifiasm	T2T04_hifiasm_trio	whatshap_stats	chr9
unphased	890	both	phased_hifiasm	T2T04_hifiasm_trio	whatshap_stats	chr9
singletons	0	both	phased_hifiasm	T2T04_hifiasm_trio	whatshap_stats	chr9
blocks	1	both	phased_hifiasm	T2T04_hifiasm_trio	whatshap_stats	chr9
variant_per_block_median	170159	both	phased_hifiasm	T2T04_hifiasm_trio	whatshap_stats	chr9
variant_per_block_avg	170159	both	phased_hifiasm	T2T04_hifiasm_trio	whatshap_stats	chr9
variant_per_block_min	170159	both	phased_hifiasm	T2T04_hifiasm_trio	whatshap_stats	chr9
variant_per_block_max	170159	both	phased_hifiasm	T2T04_hifiasm_trio	whatshap_stats	chr9
variant_per_block_sum	170159	both	phased_hifiasm	T2T04_hifiasm_trio	whatshap_stats	chr9
bp_per_block_median	150611885	both	phased_hifiasm	T2T04_hifiasm_trio	whatshap_stats	chr9
bp_per_block_avg	150611885	both	phased_hifiasm	T2T04_hifiasm_trio	whatshap_stats	chr9
bp_per_block_min	150611885	both	phased_hifiasm	T2T04_hifiasm_trio	whatshap_stats	chr9
bp_per_block_max	150611885	both	phased_hifiasm	T2T04_hifiasm_trio	whatshap_stats	chr9
bp_per_block_sum	150611885	both	phased_hifiasm	T2T04_hifiasm_trio	whatshap_stats	chr9
heterozygous_variants	171049	both	phased_hifiasm	T2T04_hifiasm_trio	whatshap_stats	chr9
heterozygous_snvs	138236	both	phased_hifiasm	T2T04_hifiasm_trio	whatshap_stats	chr9
phased_snvs	137448	both	phased_hifiasm	T2T04_hifiasm_trio	whatshap_stats	chr9
phased_fraction	0.9947968126092523	both	phased_hifiasm	T2T04_hifiasm_trio	whatshap_stats	chr9
phased_snvs_fraction	0.9942996035764924	both	phased_hifiasm	T2T04_hifiasm_trio	whatshap_stats	chr9
block_n50	150611885	both	phased_hifiasm	T2T04_hifiasm_trio	whatshap_stats	chr9
variants	238420	both	phased_hifiasm	T2T04_hifiasm_trio	whatshap_stats	chr8
phased	168533	both	phased_hifiasm	T2T04_hifiasm_trio	whatshap_stats	chr8
unphased	0	both	phased_hifiasm	T2T04_hifiasm_trio	whatshap_stats	chr8
singletons	0	both	phased_hifiasm	T2T04_hifiasm_trio	whatshap_stats	chr8
blocks	1	both	phased_hifiasm	T2T04_hifiasm_trio	whatshap_stats	chr8
variant_per_block_median	168533	both	phased_hifiasm	T2T04_hifiasm_trio	whatshap_stats	chr8
variant_per_block_avg	168533	both	phased_hifiasm	T2T04_hifiasm_trio	whatshap_stats	chr8
variant_per_block_min	168533	both	phased_hifiasm	T2T04_hifiasm_trio	whatshap_stats	chr8
variant_per_block_max	168533	both	phased_hifiasm	T2T04_hifiasm_trio	whatshap_stats	chr8
variant_per_block_sum	168533	both	phased_hifiasm	T2T04_hifiasm_trio	whatshap_stats	chr8
bp_per_block_median	146250668	both	phased_hifiasm	T2T04_hifiasm_trio	whatshap_stats	chr8
bp_per_block_avg	146250668	both	phased_hifiasm	T2T04_hifiasm_trio	whatshap_stats	chr8
bp_per_block_min	146250668	both	phased_hifiasm	T2T04_hifiasm_trio	whatshap_stats	chr8
bp_per_block_max	146250668	both	phased_hifiasm	T2T04_hifiasm_trio	whatshap_stats	chr8
bp_per_block_sum	146250668	both	phased_hifiasm	T2T04_hifiasm_trio	whatshap_stats	chr8
heterozygous_variants	168533	both	phased_hifiasm	T2T04_hifiasm_trio	whatshap_stats	chr8
heterozygous_snvs	137743	both	phased_hifiasm	T2T04_hifiasm_trio	whatshap_stats	chr8
phased_snvs	137743	both	phased_hifiasm	T2T04_hifiasm_trio	whatshap_stats	chr8
phased_fraction	1	both	phased_hifiasm	T2T04_hifiasm_trio	whatshap_stats	chr8
phased_snvs_fraction	1	both	phased_hifiasm	T2T04_hifiasm_trio	whatshap_stats	chr8
block_n50	146250668	both	phased_hifiasm	T2T04_hifiasm_trio	whatshap_stats	chr8
variants	247024	both	phased_hifiasm	T2T04_hifiasm_trio	whatshap_stats	chr11
phased	187109	both	phased_hifiasm	T2T04_hifiasm_trio	whatshap_stats	chr11
unphased	0	both	phased_hifiasm	T2T04_hifiasm_trio	whatshap_stats	chr11
singletons	0	both	phased_hifiasm	T2T04_hifiasm_trio	whatshap_stats	chr11
blocks	1	both	phased_hifiasm	T2T04_hifiasm_trio	whatshap_stats	chr11
variant_per_block_median	187109	both	phased_hifiasm	T2T04_hifiasm_trio	whatshap_stats	chr11
variant_per_block_avg	187109	both	phased_hifiasm	T2T04_hifiasm_trio	whatshap_stats	chr11
variant_per_block_min	187109	both	phased_hifiasm	T2T04_hifiasm_trio	whatshap_stats	chr11
variant_per_block_max	187109	both	phased_hifiasm	T2T04_hifiasm_trio	whatshap_stats	chr11
variant_per_block_sum	187109	both	phased_hifiasm	T2T04_hifiasm_trio	whatshap_stats	chr11
bp_per_block_median	135122566	both	phased_hifiasm	T2T04_hifiasm_trio	whatshap_stats	chr11
bp_per_block_avg	135122566	both	phased_hifiasm	T2T04_hifiasm_trio	whatshap_stats	chr11
bp_per_block_min	135122566	both	phased_hifiasm	T2T04_hifiasm_trio	whatshap_stats	chr11
bp_per_block_max	135122566	both	phased_hifiasm	T2T04_hifiasm_trio	whatshap_stats	chr11
bp_per_block_sum	135122566	both	phased_hifiasm	T2T04_hifiasm_trio	whatshap_stats	chr11
heterozygous_variants	187109	both	phased_hifiasm	T2T04_hifiasm_trio	whatshap_stats	chr11
heterozygous_snvs	157230	both	phased_hifiasm	T2T04_hifiasm_trio	whatshap_stats	chr11
phased_snvs	157230	both	phased_hifiasm	T2T04_hifiasm_trio	whatshap_stats	chr11
phased_fraction	1	both	phased_hifiasm	T2T04_hifiasm_trio	whatshap_stats	chr11
phased_snvs_fraction	1	both	phased_hifiasm	T2T04_hifiasm_trio	whatshap_stats	chr11
block_n50	135122566	both	phased_hifiasm	T2T04_hifiasm_trio	whatshap_stats	chr11
variants	218444	both	phased_hifiasm	T2T04_hifiasm_trio	whatshap_stats	chr10
phased	149134	both	phased_hifiasm	T2T04_hifiasm_trio	whatshap_stats	chr10
unphased	0	both	phased_hifiasm	T2T04_hifiasm_trio	whatshap_stats	chr10
singletons	0	both	phased_hifiasm	T2T04_hifiasm_trio	whatshap_stats	chr10
blocks	1	both	phased_hifiasm	T2T04_hifiasm_trio	whatshap_stats	chr10
variant_per_block_median	149134	both	phased_hifiasm	T2T04_hifiasm_trio	whatshap_stats	chr10
variant_per_block_avg	149134	both	phased_hifiasm	T2T04_hifiasm_trio	whatshap_stats	chr10
variant_per_block_min	149134	both	phased_hifiasm	T2T04_hifiasm_trio	whatshap_stats	chr10
variant_per_block_max	149134	both	phased_hifiasm	T2T04_hifiasm_trio	whatshap_stats	chr10
variant_per_block_sum	149134	both	phased_hifiasm	T2T04_hifiasm_trio	whatshap_stats	chr10
bp_per_block_median	134686958	both	phased_hifiasm	T2T04_hifiasm_trio	whatshap_stats	chr10
bp_per_block_avg	134686958	both	phased_hifiasm	T2T04_hifiasm_trio	whatshap_stats	chr10
bp_per_block_min	134686958	both	phased_hifiasm	T2T04_hifiasm_trio	whatshap_stats	chr10
bp_per_block_max	134686958	both	phased_hifiasm	T2T04_hifiasm_trio	whatshap_stats	chr10
bp_per_block_sum	134686958	both	phased_hifiasm	T2T04_hifiasm_trio	whatshap_stats	chr10
heterozygous_variants	149134	both	phased_hifiasm	T2T04_hifiasm_trio	whatshap_stats	chr10
heterozygous_snvs	118439	both	phased_hifiasm	T2T04_hifiasm_trio	whatshap_stats	chr10
phased_snvs	118439	both	phased_hifiasm	T2T04_hifiasm_trio	whatshap_stats	chr10
phased_fraction	1	both	phased_hifiasm	T2T04_hifiasm_trio	whatshap_stats	chr10
phased_snvs_fraction	1	both	phased_hifiasm	T2T04_hifiasm_trio	whatshap_stats	chr10
block_n50	134686958	both	phased_hifiasm	T2T04_hifiasm_trio	whatshap_stats	chr10
variants	206913	both	phased_hifiasm	T2T04_hifiasm_trio	whatshap_stats	chr12
phased	145641	both	phased_hifiasm	T2T04_hifiasm_trio	whatshap_stats	chr12
unphased	0	both	phased_hifiasm	T2T04_hifiasm_trio	whatshap_stats	chr12
singletons	0	both	phased_hifiasm	T2T04_hifiasm_trio	whatshap_stats	chr12
blocks	1	both	phased_hifiasm	T2T04_hifiasm_trio	whatshap_stats	chr12
variant_per_block_median	145641	both	phased_hifiasm	T2T04_hifiasm_trio	whatshap_stats	chr12
variant_per_block_avg	145641	both	phased_hifiasm	T2T04_hifiasm_trio	whatshap_stats	chr12
variant_per_block_min	145641	both	phased_hifiasm	T2T04_hifiasm_trio	whatshap_stats	chr12
variant_per_block_max	145641	both	phased_hifiasm	T2T04_hifiasm_trio	whatshap_stats	chr12
variant_per_block_sum	145641	both	phased_hifiasm	T2T04_hifiasm_trio	whatshap_stats	chr12
bp_per_block_median	133319089	both	phased_hifiasm	T2T04_hifiasm_trio	whatshap_stats	chr12
bp_per_block_avg	133319089	both	phased_hifiasm	T2T04_hifiasm_trio	whatshap_stats	chr12
bp_per_block_min	133319089	both	phased_hifiasm	T2T04_hifiasm_trio	whatshap_stats	chr12
bp_per_block_max	133319089	both	phased_hifiasm	T2T04_hifiasm_trio	whatshap_stats	chr12
bp_per_block_sum	133319089	both	phased_hifiasm	T2T04_hifiasm_trio	whatshap_stats	chr12
heterozygous_variants	145641	both	phased_hifiasm	T2T04_hifiasm_trio	whatshap_stats	chr12
heterozygous_snvs	114810	both	phased_hifiasm	T2T04_hifiasm_trio	whatshap_stats	chr12
phased_snvs	114810	both	phased_hifiasm	T2T04_hifiasm_trio	whatshap_stats	chr12
phased_fraction	1	both	phased_hifiasm	T2T04_hifiasm_trio	whatshap_stats	chr12
phased_snvs_fraction	1	both	phased_hifiasm	T2T04_hifiasm_trio	whatshap_stats	chr12
block_n50	133319089	both	phased_hifiasm	T2T04_hifiasm_trio	whatshap_stats	chr12
variants	165967	both	phased_hifiasm	T2T04_hifiasm_trio	whatshap_stats	chr13
phased	112722	both	phased_hifiasm	T2T04_hifiasm_trio	whatshap_stats	chr13
unphased	0	both	phased_hifiasm	T2T04_hifiasm_trio	whatshap_stats	chr13
singletons	0	both	phased_hifiasm	T2T04_hifiasm_trio	whatshap_stats	chr13
blocks	1	both	phased_hifiasm	T2T04_hifiasm_trio	whatshap_stats	chr13
variant_per_block_median	112722	both	phased_hifiasm	T2T04_hifiasm_trio	whatshap_stats	chr13
variant_per_block_avg	112722	both	phased_hifiasm	T2T04_hifiasm_trio	whatshap_stats	chr13
variant_per_block_min	112722	both	phased_hifiasm	T2T04_hifiasm_trio	whatshap_stats	chr13
variant_per_block_max	112722	both	phased_hifiasm	T2T04_hifiasm_trio	whatshap_stats	chr13
variant_per_block_sum	112722	both	phased_hifiasm	T2T04_hifiasm_trio	whatshap_stats	chr13
bp_per_block_median	113525911	both	phased_hifiasm	T2T04_hifiasm_trio	whatshap_stats	chr13
bp_per_block_avg	113525911	both	phased_hifiasm	T2T04_hifiasm_trio	whatshap_stats	chr13
bp_per_block_min	113525911	both	phased_hifiasm	T2T04_hifiasm_trio	whatshap_stats	chr13
bp_per_block_max	113525911	both	phased_hifiasm	T2T04_hifiasm_trio	whatshap_stats	chr13
bp_per_block_sum	113525911	both	phased_hifiasm	T2T04_hifiasm_trio	whatshap_stats	chr13
heterozygous_variants	112722	both	phased_hifiasm	T2T04_hifiasm_trio	whatshap_stats	chr13
heterozygous_snvs	89937	both	phased_hifiasm	T2T04_hifiasm_trio	whatshap_stats	chr13
phased_snvs	89937	both	phased_hifiasm	T2T04_hifiasm_trio	whatshap_stats	chr13
phased_fraction	1	both	phased_hifiasm	T2T04_hifiasm_trio	whatshap_stats	chr13
phased_snvs_fraction	1	both	phased_hifiasm	T2T04_hifiasm_trio	whatshap_stats	chr13
block_n50	113525911	both	phased_hifiasm	T2T04_hifiasm_trio	whatshap_stats	chr13
variants	220518	both	phased_hifiasm	T2T04_hifiasm_trio	whatshap_stats	chr14
phased	156241	both	phased_hifiasm	T2T04_hifiasm_trio	whatshap_stats	chr14
unphased	13799	both	phased_hifiasm	T2T04_hifiasm_trio	whatshap_stats	chr14
singletons	0	both	phased_hifiasm	T2T04_hifiasm_trio	whatshap_stats	chr14
blocks	1	both	phased_hifiasm	T2T04_hifiasm_trio	whatshap_stats	chr14
variant_per_block_median	156241	both	phased_hifiasm	T2T04_hifiasm_trio	whatshap_stats	chr14
variant_per_block_avg	156241	both	phased_hifiasm	T2T04_hifiasm_trio	whatshap_stats	chr14
variant_per_block_min	156241	both	phased_hifiasm	T2T04_hifiasm_trio	whatshap_stats	chr14
variant_per_block_max	156241	both	phased_hifiasm	T2T04_hifiasm_trio	whatshap_stats	chr14
variant_per_block_sum	156241	both	phased_hifiasm	T2T04_hifiasm_trio	whatshap_stats	chr14
bp_per_block_median	101114897	both	phased_hifiasm	T2T04_hifiasm_trio	whatshap_stats	chr14
bp_per_block_avg	101114897	both	phased_hifiasm	T2T04_hifiasm_trio	whatshap_stats	chr14
bp_per_block_min	101114897	both	phased_hifiasm	T2T04_hifiasm_trio	whatshap_stats	chr14
bp_per_block_max	101114897	both	phased_hifiasm	T2T04_hifiasm_trio	whatshap_stats	chr14
bp_per_block_sum	101114897	both	phased_hifiasm	T2T04_hifiasm_trio	whatshap_stats	chr14
heterozygous_variants	170040	both	phased_hifiasm	T2T04_hifiasm_trio	whatshap_stats	chr14
heterozygous_snvs	144549	both	phased_hifiasm	T2T04_hifiasm_trio	whatshap_stats	chr14
phased_snvs	131777	both	phased_hifiasm	T2T04_hifiasm_trio	whatshap_stats	chr14
phased_fraction	0.9188485062338272	both	phased_hifiasm	T2T04_hifiasm_trio	whatshap_stats	chr14
phased_snvs_fraction	0.911642418833752	both	phased_hifiasm	T2T04_hifiasm_trio	whatshap_stats	chr14
block_n50	101114897	both	phased_hifiasm	T2T04_hifiasm_trio	whatshap_stats	chr14
variants	242579	both	phased_hifiasm	T2T04_hifiasm_trio	whatshap_stats	chr15
phased	178180	both	phased_hifiasm	T2T04_hifiasm_trio	whatshap_stats	chr15
unphased	19131	both	phased_hifiasm	T2T04_hifiasm_trio	whatshap_stats	chr15
singletons	0	both	phased_hifiasm	T2T04_hifiasm_trio	whatshap_stats	chr15
blocks	1	both	phased_hifiasm	T2T04_hifiasm_trio	whatshap_stats	chr15
variant_per_block_median	178180	both	phased_hifiasm	T2T04_hifiasm_trio	whatshap_stats	chr15
variant_per_block_avg	178180	both	phased_hifiasm	T2T04_hifiasm_trio	whatshap_stats	chr15
variant_per_block_min	178180	both	phased_hifiasm	T2T04_hifiasm_trio	whatshap_stats	chr15
variant_per_block_max	178180	both	phased_hifiasm	T2T04_hifiasm_trio	whatshap_stats	chr15
variant_per_block_sum	178180	both	phased_hifiasm	T2T04_hifiasm_trio	whatshap_stats	chr15
bp_per_block_median	99744036	both	phased_hifiasm	T2T04_hifiasm_trio	whatshap_stats	chr15
bp_per_block_avg	99744036	both	phased_hifiasm	T2T04_hifiasm_trio	whatshap_stats	chr15
bp_per_block_min	99744036	both	phased_hifiasm	T2T04_hifiasm_trio	whatshap_stats	chr15
bp_per_block_max	99744036	both	phased_hifiasm	T2T04_hifiasm_trio	whatshap_stats	chr15
bp_per_block_sum	99744036	both	phased_hifiasm	T2T04_hifiasm_trio	whatshap_stats	chr15
heterozygous_variants	197311	both	phased_hifiasm	T2T04_hifiasm_trio	whatshap_stats	chr15
heterozygous_snvs	165859	both	phased_hifiasm	T2T04_hifiasm_trio	whatshap_stats	chr15
phased_snvs	148667	both	phased_hifiasm	T2T04_hifiasm_trio	whatshap_stats	chr15
phased_fraction	0.9030413915088364	both	phased_hifiasm	T2T04_hifiasm_trio	whatshap_stats	chr15
phased_snvs_fraction	0.8963456912196505	both	phased_hifiasm	T2T04_hifiasm_trio	whatshap_stats	chr15
block_n50	99744036	both	phased_hifiasm	T2T04_hifiasm_trio	whatshap_stats	chr15
variants	178493	both	phased_hifiasm	T2T04_hifiasm_trio	whatshap_stats	chr16
phased	123953	both	phased_hifiasm	T2T04_hifiasm_trio	whatshap_stats	chr16
unphased	178	both	phased_hifiasm	T2T04_hifiasm_trio	whatshap_stats	chr16
singletons	0	both	phased_hifiasm	T2T04_hifiasm_trio	whatshap_stats	chr16
blocks	1	both	phased_hifiasm	T2T04_hifiasm_trio	whatshap_stats	chr16
variant_per_block_median	123953	both	phased_hifiasm	T2T04_hifiasm_trio	whatshap_stats	chr16
variant_per_block_avg	123953	both	phased_hifiasm	T2T04_hifiasm_trio	whatshap_stats	chr16
variant_per_block_min	123953	both	phased_hifiasm	T2T04_hifiasm_trio	whatshap_stats	chr16
variant_per_block_max	123953	both	phased_hifiasm	T2T04_hifiasm_trio	whatshap_stats	chr16
variant_per_block_sum	123953	both	phased_hifiasm	T2T04_hifiasm_trio	whatshap_stats	chr16
bp_per_block_median	96325000	both	phased_hifiasm	T2T04_hifiasm_trio	whatshap_stats	chr16
bp_per_block_avg	96325000	both	phased_hifiasm	T2T04_hifiasm_trio	whatshap_stats	chr16
bp_per_block_min	96325000	both	phased_hifiasm	T2T04_hifiasm_trio	whatshap_stats	chr16
bp_per_block_max	96325000	both	phased_hifiasm	T2T04_hifiasm_trio	whatshap_stats	chr16
bp_per_block_sum	96325000	both	phased_hifiasm	T2T04_hifiasm_trio	whatshap_stats	chr16
heterozygous_variants	124131	both	phased_hifiasm	T2T04_hifiasm_trio	whatshap_stats	chr16
heterozygous_snvs	101823	both	phased_hifiasm	T2T04_hifiasm_trio	whatshap_stats	chr16
phased_snvs	101671	both	phased_hifiasm	T2T04_hifiasm_trio	whatshap_stats	chr16
phased_fraction	0.9985660310478446	both	phased_hifiasm	T2T04_hifiasm_trio	whatshap_stats	chr16
phased_snvs_fraction	0.9985072134979328	both	phased_hifiasm	T2T04_hifiasm_trio	whatshap_stats	chr16
block_n50	96325000	both	phased_hifiasm	T2T04_hifiasm_trio	whatshap_stats	chr16
variants	162128	both	phased_hifiasm	T2T04_hifiasm_trio	whatshap_stats	chr17
phased	116630	both	phased_hifiasm	T2T04_hifiasm_trio	whatshap_stats	chr17
unphased	1	both	phased_hifiasm	T2T04_hifiasm_trio	whatshap_stats	chr17
singletons	0	both	phased_hifiasm	T2T04_hifiasm_trio	whatshap_stats	chr17
blocks	1	both	phased_hifiasm	T2T04_hifiasm_trio	whatshap_stats	chr17
variant_per_block_median	116630	both	phased_hifiasm	T2T04_hifiasm_trio	whatshap_stats	chr17
variant_per_block_avg	116630	both	phased_hifiasm	T2T04_hifiasm_trio	whatshap_stats	chr17
variant_per_block_min	116630	both	phased_hifiasm	T2T04_hifiasm_trio	whatshap_stats	chr17
variant_per_block_max	116630	both	phased_hifiasm	T2T04_hifiasm_trio	whatshap_stats	chr17
variant_per_block_sum	116630	both	phased_hifiasm	T2T04_hifiasm_trio	whatshap_stats	chr17
bp_per_block_median	84271409	both	phased_hifiasm	T2T04_hifiasm_trio	whatshap_stats	chr17
bp_per_block_avg	84271409	both	phased_hifiasm	T2T04_hifiasm_trio	whatshap_stats	chr17
bp_per_block_min	84271409	both	phased_hifiasm	T2T04_hifiasm_trio	whatshap_stats	chr17
bp_per_block_max	84271409	both	phased_hifiasm	T2T04_hifiasm_trio	whatshap_stats	chr17
bp_per_block_sum	84271409	both	phased_hifiasm	T2T04_hifiasm_trio	whatshap_stats	chr17
heterozygous_variants	116631	both	phased_hifiasm	T2T04_hifiasm_trio	whatshap_stats	chr17
heterozygous_snvs	92593	both	phased_hifiasm	T2T04_hifiasm_trio	whatshap_stats	chr17
phased_snvs	92593	both	phased_hifiasm	T2T04_hifiasm_trio	whatshap_stats	chr17
phased_fraction	0.9999914259502192	both	phased_hifiasm	T2T04_hifiasm_trio	whatshap_stats	chr17
phased_snvs_fraction	1	both	phased_hifiasm	T2T04_hifiasm_trio	whatshap_stats	chr17
block_n50	84271409	both	phased_hifiasm	T2T04_hifiasm_trio	whatshap_stats	chr17
variants	135289	both	phased_hifiasm	T2T04_hifiasm_trio	whatshap_stats	chr18
phased	96298	both	phased_hifiasm	T2T04_hifiasm_trio	whatshap_stats	chr18
unphased	0	both	phased_hifiasm	T2T04_hifiasm_trio	whatshap_stats	chr18
singletons	0	both	phased_hifiasm	T2T04_hifiasm_trio	whatshap_stats	chr18
blocks	1	both	phased_hifiasm	T2T04_hifiasm_trio	whatshap_stats	chr18
variant_per_block_median	96298	both	phased_hifiasm	T2T04_hifiasm_trio	whatshap_stats	chr18
variant_per_block_avg	96298	both	phased_hifiasm	T2T04_hifiasm_trio	whatshap_stats	chr18
variant_per_block_min	96298	both	phased_hifiasm	T2T04_hifiasm_trio	whatshap_stats	chr18
variant_per_block_max	96298	both	phased_hifiasm	T2T04_hifiasm_trio	whatshap_stats	chr18
variant_per_block_sum	96298	both	phased_hifiasm	T2T04_hifiasm_trio	whatshap_stats	chr18
bp_per_block_median	80374808	both	phased_hifiasm	T2T04_hifiasm_trio	whatshap_stats	chr18
bp_per_block_avg	80374808	both	phased_hifiasm	T2T04_hifiasm_trio	whatshap_stats	chr18
bp_per_block_min	80374808	both	phased_hifiasm	T2T04_hifiasm_trio	whatshap_stats	chr18
bp_per_block_max	80374808	both	phased_hifiasm	T2T04_hifiasm_trio	whatshap_stats	chr18
bp_per_block_sum	80374808	both	phased_hifiasm	T2T04_hifiasm_trio	whatshap_stats	chr18
heterozygous_variants	96298	both	phased_hifiasm	T2T04_hifiasm_trio	whatshap_stats	chr18
heterozygous_snvs	79228	both	phased_hifiasm	T2T04_hifiasm_trio	whatshap_stats	chr18
phased_snvs	79228	both	phased_hifiasm	T2T04_hifiasm_trio	whatshap_stats	chr18
phased_fraction	1	both	phased_hifiasm	T2T04_hifiasm_trio	whatshap_stats	chr18
phased_snvs_fraction	1	both	phased_hifiasm	T2T04_hifiasm_trio	whatshap_stats	chr18
block_n50	80374808	both	phased_hifiasm	T2T04_hifiasm_trio	whatshap_stats	chr18
variants	132804	both	phased_hifiasm	T2T04_hifiasm_trio	whatshap_stats	chr20
phased	95255	both	phased_hifiasm	T2T04_hifiasm_trio	whatshap_stats	chr20
unphased	314	both	phased_hifiasm	T2T04_hifiasm_trio	whatshap_stats	chr20
singletons	0	both	phased_hifiasm	T2T04_hifiasm_trio	whatshap_stats	chr20
blocks	1	both	phased_hifiasm	T2T04_hifiasm_trio	whatshap_stats	chr20
variant_per_block_median	95255	both	phased_hifiasm	T2T04_hifiasm_trio	whatshap_stats	chr20
variant_per_block_avg	95255	both	phased_hifiasm	T2T04_hifiasm_trio	whatshap_stats	chr20
variant_per_block_min	95255	both	phased_hifiasm	T2T04_hifiasm_trio	whatshap_stats	chr20
variant_per_block_max	95255	both	phased_hifiasm	T2T04_hifiasm_trio	whatshap_stats	chr20
variant_per_block_sum	95255	both	phased_hifiasm	T2T04_hifiasm_trio	whatshap_stats	chr20
bp_per_block_median	66204189	both	phased_hifiasm	T2T04_hifiasm_trio	whatshap_stats	chr20
bp_per_block_avg	66204189	both	phased_hifiasm	T2T04_hifiasm_trio	whatshap_stats	chr20
bp_per_block_min	66204189	both	phased_hifiasm	T2T04_hifiasm_trio	whatshap_stats	chr20
bp_per_block_max	66204189	both	phased_hifiasm	T2T04_hifiasm_trio	whatshap_stats	chr20
bp_per_block_sum	66204189	both	phased_hifiasm	T2T04_hifiasm_trio	whatshap_stats	chr20
heterozygous_variants	95569	both	phased_hifiasm	T2T04_hifiasm_trio	whatshap_stats	chr20
heterozygous_snvs	79640	both	phased_hifiasm	T2T04_hifiasm_trio	whatshap_stats	chr20
phased_snvs	79357	both	phased_hifiasm	T2T04_hifiasm_trio	whatshap_stats	chr20
phased_fraction	0.9967144157624336	both	phased_hifiasm	T2T04_hifiasm_trio	whatshap_stats	chr20
phased_snvs_fraction	0.9964465092918132	both	phased_hifiasm	T2T04_hifiasm_trio	whatshap_stats	chr20
block_n50	66204189	both	phased_hifiasm	T2T04_hifiasm_trio	whatshap_stats	chr20
variants	129940	both	phased_hifiasm	T2T04_hifiasm_trio	whatshap_stats	chr19
phased	97344	both	phased_hifiasm	T2T04_hifiasm_trio	whatshap_stats	chr19
unphased	133	both	phased_hifiasm	T2T04_hifiasm_trio	whatshap_stats	chr19
singletons	0	both	phased_hifiasm	T2T04_hifiasm_trio	whatshap_stats	chr19
blocks	1	both	phased_hifiasm	T2T04_hifiasm_trio	whatshap_stats	chr19
variant_per_block_median	97344	both	phased_hifiasm	T2T04_hifiasm_trio	whatshap_stats	chr19
variant_per_block_avg	97344	both	phased_hifiasm	T2T04_hifiasm_trio	whatshap_stats	chr19
variant_per_block_min	97344	both	phased_hifiasm	T2T04_hifiasm_trio	whatshap_stats	chr19
variant_per_block_max	97344	both	phased_hifiasm	T2T04_hifiasm_trio	whatshap_stats	chr19
variant_per_block_sum	97344	both	phased_hifiasm	T2T04_hifiasm_trio	whatshap_stats	chr19
bp_per_block_median	61701310	both	phased_hifiasm	T2T04_hifiasm_trio	whatshap_stats	chr19
bp_per_block_avg	61701310	both	phased_hifiasm	T2T04_hifiasm_trio	whatshap_stats	chr19
bp_per_block_min	61701310	both	phased_hifiasm	T2T04_hifiasm_trio	whatshap_stats	chr19
bp_per_block_max	61701310	both	phased_hifiasm	T2T04_hifiasm_trio	whatshap_stats	chr19
bp_per_block_sum	61701310	both	phased_hifiasm	T2T04_hifiasm_trio	whatshap_stats	chr19
heterozygous_variants	97477	both	phased_hifiasm	T2T04_hifiasm_trio	whatshap_stats	chr19
heterozygous_snvs	77070	both	phased_hifiasm	T2T04_hifiasm_trio	whatshap_stats	chr19
phased_snvs	76969	both	phased_hifiasm	T2T04_hifiasm_trio	whatshap_stats	chr19
phased_fraction	0.9986355755716734	both	phased_hifiasm	T2T04_hifiasm_trio	whatshap_stats	chr19
phased_snvs_fraction	0.998689503049176	both	phased_hifiasm	T2T04_hifiasm_trio	whatshap_stats	chr19
block_n50	61701310	both	phased_hifiasm	T2T04_hifiasm_trio	whatshap_stats	chr19
variants	140450	both	phased_hifiasm	T2T04_hifiasm_trio	whatshap_stats	chr22
phased	106862	both	phased_hifiasm	T2T04_hifiasm_trio	whatshap_stats	chr22
unphased	4960	both	phased_hifiasm	T2T04_hifiasm_trio	whatshap_stats	chr22
singletons	0	both	phased_hifiasm	T2T04_hifiasm_trio	whatshap_stats	chr22
blocks	1	both	phased_hifiasm	T2T04_hifiasm_trio	whatshap_stats	chr22
variant_per_block_median	106862	both	phased_hifiasm	T2T04_hifiasm_trio	whatshap_stats	chr22
variant_per_block_avg	106862	both	phased_hifiasm	T2T04_hifiasm_trio	whatshap_stats	chr22
variant_per_block_min	106862	both	phased_hifiasm	T2T04_hifiasm_trio	whatshap_stats	chr22
variant_per_block_max	106862	both	phased_hifiasm	T2T04_hifiasm_trio	whatshap_stats	chr22
variant_per_block_sum	106862	both	phased_hifiasm	T2T04_hifiasm_trio	whatshap_stats	chr22
bp_per_block_median	48296582	both	phased_hifiasm	T2T04_hifiasm_trio	whatshap_stats	chr22
bp_per_block_avg	48296582	both	phased_hifiasm	T2T04_hifiasm_trio	whatshap_stats	chr22
bp_per_block_min	48296582	both	phased_hifiasm	T2T04_hifiasm_trio	whatshap_stats	chr22
bp_per_block_max	48296582	both	phased_hifiasm	T2T04_hifiasm_trio	whatshap_stats	chr22
bp_per_block_sum	48296582	both	phased_hifiasm	T2T04_hifiasm_trio	whatshap_stats	chr22
heterozygous_variants	111822	both	phased_hifiasm	T2T04_hifiasm_trio	whatshap_stats	chr22
heterozygous_snvs	96314	both	phased_hifiasm	T2T04_hifiasm_trio	whatshap_stats	chr22
phased_snvs	91784	both	phased_hifiasm	T2T04_hifiasm_trio	whatshap_stats	chr22
phased_fraction	0.955643791025022	both	phased_hifiasm	T2T04_hifiasm_trio	whatshap_stats	chr22
phased_snvs_fraction	0.9529663392653196	both	phased_hifiasm	T2T04_hifiasm_trio	whatshap_stats	chr22
block_n50	48296582	both	phased_hifiasm	T2T04_hifiasm_trio	whatshap_stats	chr22
variants	90828	both	phased_hifiasm	T2T04_hifiasm_trio	whatshap_stats	chr21
phased	61729	both	phased_hifiasm	T2T04_hifiasm_trio	whatshap_stats	chr21
unphased	1667	both	phased_hifiasm	T2T04_hifiasm_trio	whatshap_stats	chr21
singletons	0	both	phased_hifiasm	T2T04_hifiasm_trio	whatshap_stats	chr21
blocks	1	both	phased_hifiasm	T2T04_hifiasm_trio	whatshap_stats	chr21
variant_per_block_median	61729	both	phased_hifiasm	T2T04_hifiasm_trio	whatshap_stats	chr21
variant_per_block_avg	61729	both	phased_hifiasm	T2T04_hifiasm_trio	whatshap_stats	chr21
variant_per_block_min	61729	both	phased_hifiasm	T2T04_hifiasm_trio	whatshap_stats	chr21
variant_per_block_max	61729	both	phased_hifiasm	T2T04_hifiasm_trio	whatshap_stats	chr21
variant_per_block_sum	61729	both	phased_hifiasm	T2T04_hifiasm_trio	whatshap_stats	chr21
bp_per_block_median	45083417	both	phased_hifiasm	T2T04_hifiasm_trio	whatshap_stats	chr21
bp_per_block_avg	45083417	both	phased_hifiasm	T2T04_hifiasm_trio	whatshap_stats	chr21
bp_per_block_min	45083417	both	phased_hifiasm	T2T04_hifiasm_trio	whatshap_stats	chr21
bp_per_block_max	45083417	both	phased_hifiasm	T2T04_hifiasm_trio	whatshap_stats	chr21
bp_per_block_sum	45083417	both	phased_hifiasm	T2T04_hifiasm_trio	whatshap_stats	chr21
heterozygous_variants	63396	both	phased_hifiasm	T2T04_hifiasm_trio	whatshap_stats	chr21
heterozygous_snvs	52307	both	phased_hifiasm	T2T04_hifiasm_trio	whatshap_stats	chr21
phased_snvs	50744	both	phased_hifiasm	T2T04_hifiasm_trio	whatshap_stats	chr21
phased_fraction	0.9737049656129724	both	phased_hifiasm	T2T04_hifiasm_trio	whatshap_stats	chr21
phased_snvs_fraction	0.970118722159558	both	phased_hifiasm	T2T04_hifiasm_trio	whatshap_stats	chr21
block_n50	45083417	both	phased_hifiasm	T2T04_hifiasm_trio	whatshap_stats	chr21
variants	5132192	both	phased_hifiasm	T2T04_hifiasm_trio	whatshap_stats	ALL
phased	3645095	both	phased_hifiasm	T2T04_hifiasm_trio	whatshap_stats	ALL
unphased	44640	both	phased_hifiasm	T2T04_hifiasm_trio	whatshap_stats	ALL
singletons	0	both	phased_hifiasm	T2T04_hifiasm_trio	whatshap_stats	ALL
blocks	23	both	phased_hifiasm	T2T04_hifiasm_trio	whatshap_stats	ALL
variant_per_block_median	156241	both	phased_hifiasm	T2T04_hifiasm_trio	whatshap_stats	ALL
variant_per_block_avg	158482.39130434784	both	phased_hifiasm	T2T04_hifiasm_trio	whatshap_stats	ALL
variant_per_block_min	61729	both	phased_hifiasm	T2T04_hifiasm_trio	whatshap_stats	ALL
variant_per_block_max	244823	both	phased_hifiasm	T2T04_hifiasm_trio	whatshap_stats	ALL
variant_per_block_sum	3645095	both	phased_hifiasm	T2T04_hifiasm_trio	whatshap_stats	ALL
bp_per_block_median	134686958	both	phased_hifiasm	T2T04_hifiasm_trio	whatshap_stats	ALL
bp_per_block_avg	132661845.08695652	both	phased_hifiasm	T2T04_hifiasm_trio	whatshap_stats	ALL
bp_per_block_min	45083417	both	phased_hifiasm	T2T04_hifiasm_trio	whatshap_stats	ALL
bp_per_block_max	248380958	both	phased_hifiasm	T2T04_hifiasm_trio	whatshap_stats	ALL
bp_per_block_sum	3051222437	both	phased_hifiasm	T2T04_hifiasm_trio	whatshap_stats	ALL
heterozygous_variants	3689735	both	phased_hifiasm	T2T04_hifiasm_trio	whatshap_stats	ALL
heterozygous_snvs	2997930	both	phased_hifiasm	T2T04_hifiasm_trio	whatshap_stats	ALL
phased_snvs	2957228	both	phased_hifiasm	T2T04_hifiasm_trio	whatshap_stats	ALL
phased_fraction	0.9879015701669632	both	phased_hifiasm	T2T04_hifiasm_trio	whatshap_stats	ALL
phased_snvs_fraction	0.9864232987427992	both	phased_hifiasm	T2T04_hifiasm_trio	whatshap_stats	ALL
block_n50	154197817	both	phased_hifiasm	T2T04_hifiasm_trio	whatshap_stats	ALL
variants	384542	both	phased_hifiasm	T2T00_hifiasm_porec	whatshap_stats	chr1
phased	267386	both	phased_hifiasm	T2T00_hifiasm_porec	whatshap_stats	chr1
unphased	8498	both	phased_hifiasm	T2T00_hifiasm_porec	whatshap_stats	chr1
singletons	0	both	phased_hifiasm	T2T00_hifiasm_porec	whatshap_stats	chr1
blocks	1	both	phased_hifiasm	T2T00_hifiasm_porec	whatshap_stats	chr1
variant_per_block_median	267386	both	phased_hifiasm	T2T00_hifiasm_porec	whatshap_stats	chr1
variant_per_block_avg	267386	both	phased_hifiasm	T2T00_hifiasm_porec	whatshap_stats	chr1
variant_per_block_min	267386	both	phased_hifiasm	T2T00_hifiasm_porec	whatshap_stats	chr1
variant_per_block_max	267386	both	phased_hifiasm	T2T00_hifiasm_porec	whatshap_stats	chr1
variant_per_block_sum	267386	both	phased_hifiasm	T2T00_hifiasm_porec	whatshap_stats	chr1
bp_per_block_median	248375637	both	phased_hifiasm	T2T00_hifiasm_porec	whatshap_stats	chr1
bp_per_block_avg	248375637	both	phased_hifiasm	T2T00_hifiasm_porec	whatshap_stats	chr1
bp_per_block_min	248375637	both	phased_hifiasm	T2T00_hifiasm_porec	whatshap_stats	chr1
bp_per_block_max	248375637	both	phased_hifiasm	T2T00_hifiasm_porec	whatshap_stats	chr1
bp_per_block_sum	248375637	both	phased_hifiasm	T2T00_hifiasm_porec	whatshap_stats	chr1
heterozygous_variants	275884	both	phased_hifiasm	T2T00_hifiasm_porec	whatshap_stats	chr1
heterozygous_snvs	218352	both	phased_hifiasm	T2T00_hifiasm_porec	whatshap_stats	chr1
phased_snvs	210261	both	phased_hifiasm	T2T00_hifiasm_porec	whatshap_stats	chr1
phased_fraction	0.9691971988226936	both	phased_hifiasm	T2T00_hifiasm_porec	whatshap_stats	chr1
phased_snvs_fraction	0.9629451527808308	both	phased_hifiasm	T2T00_hifiasm_porec	whatshap_stats	chr1
block_n50	248375637	both	phased_hifiasm	T2T00_hifiasm_porec	whatshap_stats	chr1
variants	361195	both	phased_hifiasm	T2T00_hifiasm_porec	whatshap_stats	chr2
phased	250856	both	phased_hifiasm	T2T00_hifiasm_porec	whatshap_stats	chr2
unphased	579	both	phased_hifiasm	T2T00_hifiasm_porec	whatshap_stats	chr2
singletons	0	both	phased_hifiasm	T2T00_hifiasm_porec	whatshap_stats	chr2
blocks	1	both	phased_hifiasm	T2T00_hifiasm_porec	whatshap_stats	chr2
variant_per_block_median	250856	both	phased_hifiasm	T2T00_hifiasm_porec	whatshap_stats	chr2
variant_per_block_avg	250856	both	phased_hifiasm	T2T00_hifiasm_porec	whatshap_stats	chr2
variant_per_block_min	250856	both	phased_hifiasm	T2T00_hifiasm_porec	whatshap_stats	chr2
variant_per_block_max	250856	both	phased_hifiasm	T2T00_hifiasm_porec	whatshap_stats	chr2
variant_per_block_sum	250856	both	phased_hifiasm	T2T00_hifiasm_porec	whatshap_stats	chr2
bp_per_block_median	242517024	both	phased_hifiasm	T2T00_hifiasm_porec	whatshap_stats	chr2
bp_per_block_avg	242517024	both	phased_hifiasm	T2T00_hifiasm_porec	whatshap_stats	chr2
bp_per_block_min	242517024	both	phased_hifiasm	T2T00_hifiasm_porec	whatshap_stats	chr2
bp_per_block_max	242517024	both	phased_hifiasm	T2T00_hifiasm_porec	whatshap_stats	chr2
bp_per_block_sum	242517024	both	phased_hifiasm	T2T00_hifiasm_porec	whatshap_stats	chr2
heterozygous_variants	251435	both	phased_hifiasm	T2T00_hifiasm_porec	whatshap_stats	chr2
heterozygous_snvs	197330	both	phased_hifiasm	T2T00_hifiasm_porec	whatshap_stats	chr2
phased_snvs	196809	both	phased_hifiasm	T2T00_hifiasm_porec	whatshap_stats	chr2
phased_fraction	0.9976972179688588	both	phased_hifiasm	T2T00_hifiasm_porec	whatshap_stats	chr2
phased_snvs_fraction	0.9973597526985252	both	phased_hifiasm	T2T00_hifiasm_porec	whatshap_stats	chr2
block_n50	242517024	both	phased_hifiasm	T2T00_hifiasm_porec	whatshap_stats	chr2
variants	310132	both	phased_hifiasm	T2T00_hifiasm_porec	whatshap_stats	chr3
phased	211915	both	phased_hifiasm	T2T00_hifiasm_porec	whatshap_stats	chr3
unphased	7852	both	phased_hifiasm	T2T00_hifiasm_porec	whatshap_stats	chr3
singletons	0	both	phased_hifiasm	T2T00_hifiasm_porec	whatshap_stats	chr3
blocks	1	both	phased_hifiasm	T2T00_hifiasm_porec	whatshap_stats	chr3
variant_per_block_median	211915	both	phased_hifiasm	T2T00_hifiasm_porec	whatshap_stats	chr3
variant_per_block_avg	211915	both	phased_hifiasm	T2T00_hifiasm_porec	whatshap_stats	chr3
variant_per_block_min	211915	both	phased_hifiasm	T2T00_hifiasm_porec	whatshap_stats	chr3
variant_per_block_max	211915	both	phased_hifiasm	T2T00_hifiasm_porec	whatshap_stats	chr3
variant_per_block_sum	211915	both	phased_hifiasm	T2T00_hifiasm_porec	whatshap_stats	chr3
bp_per_block_median	201098698	both	phased_hifiasm	T2T00_hifiasm_porec	whatshap_stats	chr3
bp_per_block_avg	201098698	both	phased_hifiasm	T2T00_hifiasm_porec	whatshap_stats	chr3
bp_per_block_min	201098698	both	phased_hifiasm	T2T00_hifiasm_porec	whatshap_stats	chr3
bp_per_block_max	201098698	both	phased_hifiasm	T2T00_hifiasm_porec	whatshap_stats	chr3
bp_per_block_sum	201098698	both	phased_hifiasm	T2T00_hifiasm_porec	whatshap_stats	chr3
heterozygous_variants	219767	both	phased_hifiasm	T2T00_hifiasm_porec	whatshap_stats	chr3
heterozygous_snvs	175956	both	phased_hifiasm	T2T00_hifiasm_porec	whatshap_stats	chr3
phased_snvs	170065	both	phased_hifiasm	T2T00_hifiasm_porec	whatshap_stats	chr3
phased_fraction	0.9642712509157426	both	phased_hifiasm	T2T00_hifiasm_porec	whatshap_stats	chr3
phased_snvs_fraction	0.9665200391006844	both	phased_hifiasm	T2T00_hifiasm_porec	whatshap_stats	chr3
block_n50	201098698	both	phased_hifiasm	T2T00_hifiasm_porec	whatshap_stats	chr3
variants	335754	both	phased_hifiasm	T2T00_hifiasm_porec	whatshap_stats	chr4
phased	232163	both	phased_hifiasm	T2T00_hifiasm_porec	whatshap_stats	chr4
unphased	3238	both	phased_hifiasm	T2T00_hifiasm_porec	whatshap_stats	chr4
singletons	0	both	phased_hifiasm	T2T00_hifiasm_porec	whatshap_stats	chr4
blocks	1	both	phased_hifiasm	T2T00_hifiasm_porec	whatshap_stats	chr4
variant_per_block_median	232163	both	phased_hifiasm	T2T00_hifiasm_porec	whatshap_stats	chr4
variant_per_block_avg	232163	both	phased_hifiasm	T2T00_hifiasm_porec	whatshap_stats	chr4
variant_per_block_min	232163	both	phased_hifiasm	T2T00_hifiasm_porec	whatshap_stats	chr4
variant_per_block_max	232163	both	phased_hifiasm	T2T00_hifiasm_porec	whatshap_stats	chr4
variant_per_block_sum	232163	both	phased_hifiasm	T2T00_hifiasm_porec	whatshap_stats	chr4
bp_per_block_median	193487794	both	phased_hifiasm	T2T00_hifiasm_porec	whatshap_stats	chr4
bp_per_block_avg	193487794	both	phased_hifiasm	T2T00_hifiasm_porec	whatshap_stats	chr4
bp_per_block_min	193487794	both	phased_hifiasm	T2T00_hifiasm_porec	whatshap_stats	chr4
bp_per_block_max	193487794	both	phased_hifiasm	T2T00_hifiasm_porec	whatshap_stats	chr4
bp_per_block_sum	193487794	both	phased_hifiasm	T2T00_hifiasm_porec	whatshap_stats	chr4
heterozygous_variants	235401	both	phased_hifiasm	T2T00_hifiasm_porec	whatshap_stats	chr4
heterozygous_snvs	192014	both	phased_hifiasm	T2T00_hifiasm_porec	whatshap_stats	chr4
phased_snvs	189041	both	phased_hifiasm	T2T00_hifiasm_porec	whatshap_stats	chr4
phased_fraction	0.9862447483230744	both	phased_hifiasm	T2T00_hifiasm_porec	whatshap_stats	chr4
phased_snvs_fraction	0.9845167539866884	both	phased_hifiasm	T2T00_hifiasm_porec	whatshap_stats	chr4
block_n50	193487794	both	phased_hifiasm	T2T00_hifiasm_porec	whatshap_stats	chr4
variants	278711	both	phased_hifiasm	T2T00_hifiasm_porec	whatshap_stats	chr5
phased	196000	both	phased_hifiasm	T2T00_hifiasm_porec	whatshap_stats	chr5
unphased	1	both	phased_hifiasm	T2T00_hifiasm_porec	whatshap_stats	chr5
singletons	0	both	phased_hifiasm	T2T00_hifiasm_porec	whatshap_stats	chr5
blocks	1	both	phased_hifiasm	T2T00_hifiasm_porec	whatshap_stats	chr5
variant_per_block_median	196000	both	phased_hifiasm	T2T00_hifiasm_porec	whatshap_stats	chr5
variant_per_block_avg	196000	both	phased_hifiasm	T2T00_hifiasm_porec	whatshap_stats	chr5
variant_per_block_min	196000	both	phased_hifiasm	T2T00_hifiasm_porec	whatshap_stats	chr5
variant_per_block_max	196000	both	phased_hifiasm	T2T00_hifiasm_porec	whatshap_stats	chr5
variant_per_block_sum	196000	both	phased_hifiasm	T2T00_hifiasm_porec	whatshap_stats	chr5
bp_per_block_median	181994113	both	phased_hifiasm	T2T00_hifiasm_porec	whatshap_stats	chr5
bp_per_block_avg	181994113	both	phased_hifiasm	T2T00_hifiasm_porec	whatshap_stats	chr5
bp_per_block_min	181994113	both	phased_hifiasm	T2T00_hifiasm_porec	whatshap_stats	chr5
bp_per_block_max	181994113	both	phased_hifiasm	T2T00_hifiasm_porec	whatshap_stats	chr5
bp_per_block_sum	181994113	both	phased_hifiasm	T2T00_hifiasm_porec	whatshap_stats	chr5
heterozygous_variants	196001	both	phased_hifiasm	T2T00_hifiasm_porec	whatshap_stats	chr5
heterozygous_snvs	157044	both	phased_hifiasm	T2T00_hifiasm_porec	whatshap_stats	chr5
phased_snvs	157043	both	phased_hifiasm	T2T00_hifiasm_porec	whatshap_stats	chr5
phased_fraction	0.9999948979852143	both	phased_hifiasm	T2T00_hifiasm_porec	whatshap_stats	chr5
phased_snvs_fraction	0.9999936323578106	both	phased_hifiasm	T2T00_hifiasm_porec	whatshap_stats	chr5
block_n50	181994113	both	phased_hifiasm	T2T00_hifiasm_porec	whatshap_stats	chr5
variants	311096	both	phased_hifiasm	T2T00_hifiasm_porec	whatshap_stats	chr6
phased	217311	both	phased_hifiasm	T2T00_hifiasm_porec	whatshap_stats	chr6
unphased	625	both	phased_hifiasm	T2T00_hifiasm_porec	whatshap_stats	chr6
singletons	0	both	phased_hifiasm	T2T00_hifiasm_porec	whatshap_stats	chr6
blocks	1	both	phased_hifiasm	T2T00_hifiasm_porec	whatshap_stats	chr6
variant_per_block_median	217311	both	phased_hifiasm	T2T00_hifiasm_porec	whatshap_stats	chr6
variant_per_block_avg	217311	both	phased_hifiasm	T2T00_hifiasm_porec	whatshap_stats	chr6
variant_per_block_min	217311	both	phased_hifiasm	T2T00_hifiasm_porec	whatshap_stats	chr6
variant_per_block_max	217311	both	phased_hifiasm	T2T00_hifiasm_porec	whatshap_stats	chr6
variant_per_block_sum	217311	both	phased_hifiasm	T2T00_hifiasm_porec	whatshap_stats	chr6
bp_per_block_median	172115959	both	phased_hifiasm	T2T00_hifiasm_porec	whatshap_stats	chr6
bp_per_block_avg	172115959	both	phased_hifiasm	T2T00_hifiasm_porec	whatshap_stats	chr6
bp_per_block_min	172115959	both	phased_hifiasm	T2T00_hifiasm_porec	whatshap_stats	chr6
bp_per_block_max	172115959	both	phased_hifiasm	T2T00_hifiasm_porec	whatshap_stats	chr6
bp_per_block_sum	172115959	both	phased_hifiasm	T2T00_hifiasm_porec	whatshap_stats	chr6
heterozygous_variants	217936	both	phased_hifiasm	T2T00_hifiasm_porec	whatshap_stats	chr6
heterozygous_snvs	178371	both	phased_hifiasm	T2T00_hifiasm_porec	whatshap_stats	chr6
phased_snvs	177804	both	phased_hifiasm	T2T00_hifiasm_porec	whatshap_stats	chr6
phased_fraction	0.9971321855957712	both	phased_hifiasm	T2T00_hifiasm_porec	whatshap_stats	chr6
phased_snvs_fraction	0.9968212321509664	both	phased_hifiasm	T2T00_hifiasm_porec	whatshap_stats	chr6
block_n50	172115959	both	phased_hifiasm	T2T00_hifiasm_porec	whatshap_stats	chr6
variants	285888	both	phased_hifiasm	T2T00_hifiasm_porec	whatshap_stats	chr7
phased	197266	both	phased_hifiasm	T2T00_hifiasm_porec	whatshap_stats	chr7
unphased	3	both	phased_hifiasm	T2T00_hifiasm_porec	whatshap_stats	chr7
singletons	0	both	phased_hifiasm	T2T00_hifiasm_porec	whatshap_stats	chr7
blocks	1	both	phased_hifiasm	T2T00_hifiasm_porec	whatshap_stats	chr7
variant_per_block_median	197266	both	phased_hifiasm	T2T00_hifiasm_porec	whatshap_stats	chr7
variant_per_block_avg	197266	both	phased_hifiasm	T2T00_hifiasm_porec	whatshap_stats	chr7
variant_per_block_min	197266	both	phased_hifiasm	T2T00_hifiasm_porec	whatshap_stats	chr7
variant_per_block_max	197266	both	phased_hifiasm	T2T00_hifiasm_porec	whatshap_stats	chr7
variant_per_block_sum	197266	both	phased_hifiasm	T2T00_hifiasm_porec	whatshap_stats	chr7
bp_per_block_median	160546508	both	phased_hifiasm	T2T00_hifiasm_porec	whatshap_stats	chr7
bp_per_block_avg	160546508	both	phased_hifiasm	T2T00_hifiasm_porec	whatshap_stats	chr7
bp_per_block_min	160546508	both	phased_hifiasm	T2T00_hifiasm_porec	whatshap_stats	chr7
bp_per_block_max	160546508	both	phased_hifiasm	T2T00_hifiasm_porec	whatshap_stats	chr7
bp_per_block_sum	160546508	both	phased_hifiasm	T2T00_hifiasm_porec	whatshap_stats	chr7
heterozygous_variants	197269	both	phased_hifiasm	T2T00_hifiasm_porec	whatshap_stats	chr7
heterozygous_snvs	157304	both	phased_hifiasm	T2T00_hifiasm_porec	whatshap_stats	chr7
phased_snvs	157301	both	phased_hifiasm	T2T00_hifiasm_porec	whatshap_stats	chr7
phased_fraction	0.9999847923393944	both	phased_hifiasm	T2T00_hifiasm_porec	whatshap_stats	chr7
phased_snvs_fraction	0.999980928647714	both	phased_hifiasm	T2T00_hifiasm_porec	whatshap_stats	chr7
block_n50	160546508	both	phased_hifiasm	T2T00_hifiasm_porec	whatshap_stats	chr7
variants	134112	both	phased_hifiasm	T2T00_hifiasm_porec	whatshap_stats	chrX
phased	134111	both	phased_hifiasm	T2T00_hifiasm_porec	whatshap_stats	chrX
unphased	1	both	phased_hifiasm	T2T00_hifiasm_porec	whatshap_stats	chrX
singletons	0	both	phased_hifiasm	T2T00_hifiasm_porec	whatshap_stats	chrX
blocks	1	both	phased_hifiasm	T2T00_hifiasm_porec	whatshap_stats	chrX
variant_per_block_median	134111	both	phased_hifiasm	T2T00_hifiasm_porec	whatshap_stats	chrX
variant_per_block_avg	134111	both	phased_hifiasm	T2T00_hifiasm_porec	whatshap_stats	chrX
variant_per_block_min	134111	both	phased_hifiasm	T2T00_hifiasm_porec	whatshap_stats	chrX
variant_per_block_max	134111	both	phased_hifiasm	T2T00_hifiasm_porec	whatshap_stats	chrX
variant_per_block_sum	134111	both	phased_hifiasm	T2T00_hifiasm_porec	whatshap_stats	chrX
bp_per_block_median	154238985	both	phased_hifiasm	T2T00_hifiasm_porec	whatshap_stats	chrX
bp_per_block_avg	154238985	both	phased_hifiasm	T2T00_hifiasm_porec	whatshap_stats	chrX
bp_per_block_min	154238985	both	phased_hifiasm	T2T00_hifiasm_porec	whatshap_stats	chrX
bp_per_block_max	154238985	both	phased_hifiasm	T2T00_hifiasm_porec	whatshap_stats	chrX
bp_per_block_sum	154238985	both	phased_hifiasm	T2T00_hifiasm_porec	whatshap_stats	chrX
heterozygous_variants	134112	both	phased_hifiasm	T2T00_hifiasm_porec	whatshap_stats	chrX
heterozygous_snvs	100343	both	phased_hifiasm	T2T00_hifiasm_porec	whatshap_stats	chrX
phased_snvs	100342	both	phased_hifiasm	T2T00_hifiasm_porec	whatshap_stats	chrX
phased_fraction	0.9999925435456932	both	phased_hifiasm	T2T00_hifiasm_porec	whatshap_stats	chrX
phased_snvs_fraction	0.9999900341827532	both	phased_hifiasm	T2T00_hifiasm_porec	whatshap_stats	chrX
block_n50	154238985	both	phased_hifiasm	T2T00_hifiasm_porec	whatshap_stats	chrX
variants	236376	both	phased_hifiasm	T2T00_hifiasm_porec	whatshap_stats	chr9
phased	160445	both	phased_hifiasm	T2T00_hifiasm_porec	whatshap_stats	chr9
unphased	2428	both	phased_hifiasm	T2T00_hifiasm_porec	whatshap_stats	chr9
singletons	0	both	phased_hifiasm	T2T00_hifiasm_porec	whatshap_stats	chr9
blocks	1	both	phased_hifiasm	T2T00_hifiasm_porec	whatshap_stats	chr9
variant_per_block_median	160445	both	phased_hifiasm	T2T00_hifiasm_porec	whatshap_stats	chr9
variant_per_block_avg	160445	both	phased_hifiasm	T2T00_hifiasm_porec	whatshap_stats	chr9
variant_per_block_min	160445	both	phased_hifiasm	T2T00_hifiasm_porec	whatshap_stats	chr9
variant_per_block_max	160445	both	phased_hifiasm	T2T00_hifiasm_porec	whatshap_stats	chr9
variant_per_block_sum	160445	both	phased_hifiasm	T2T00_hifiasm_porec	whatshap_stats	chr9
bp_per_block_median	150610674	both	phased_hifiasm	T2T00_hifiasm_porec	whatshap_stats	chr9
bp_per_block_avg	150610674	both	phased_hifiasm	T2T00_hifiasm_porec	whatshap_stats	chr9
bp_per_block_min	150610674	both	phased_hifiasm	T2T00_hifiasm_porec	whatshap_stats	chr9
bp_per_block_max	150610674	both	phased_hifiasm	T2T00_hifiasm_porec	whatshap_stats	chr9
bp_per_block_sum	150610674	both	phased_hifiasm	T2T00_hifiasm_porec	whatshap_stats	chr9
heterozygous_variants	162873	both	phased_hifiasm	T2T00_hifiasm_porec	whatshap_stats	chr9
heterozygous_snvs	126887	both	phased_hifiasm	T2T00_hifiasm_porec	whatshap_stats	chr9
phased_snvs	124875	both	phased_hifiasm	T2T00_hifiasm_porec	whatshap_stats	chr9
phased_fraction	0.9850926795724276	both	phased_hifiasm	T2T00_hifiasm_porec	whatshap_stats	chr9
phased_snvs_fraction	0.9841433716613996	both	phased_hifiasm	T2T00_hifiasm_porec	whatshap_stats	chr9
block_n50	150610674	both	phased_hifiasm	T2T00_hifiasm_porec	whatshap_stats	chr9
variants	242248	both	phased_hifiasm	T2T00_hifiasm_porec	whatshap_stats	chr8
phased	158056	both	phased_hifiasm	T2T00_hifiasm_porec	whatshap_stats	chr8
unphased	1359	both	phased_hifiasm	T2T00_hifiasm_porec	whatshap_stats	chr8
singletons	0	both	phased_hifiasm	T2T00_hifiasm_porec	whatshap_stats	chr8
blocks	1	both	phased_hifiasm	T2T00_hifiasm_porec	whatshap_stats	chr8
variant_per_block_median	158056	both	phased_hifiasm	T2T00_hifiasm_porec	whatshap_stats	chr8
variant_per_block_avg	158056	both	phased_hifiasm	T2T00_hifiasm_porec	whatshap_stats	chr8
variant_per_block_min	158056	both	phased_hifiasm	T2T00_hifiasm_porec	whatshap_stats	chr8
variant_per_block_max	158056	both	phased_hifiasm	T2T00_hifiasm_porec	whatshap_stats	chr8
variant_per_block_sum	158056	both	phased_hifiasm	T2T00_hifiasm_porec	whatshap_stats	chr8
bp_per_block_median	146233312	both	phased_hifiasm	T2T00_hifiasm_porec	whatshap_stats	chr8
bp_per_block_avg	146233312	both	phased_hifiasm	T2T00_hifiasm_porec	whatshap_stats	chr8
bp_per_block_min	146233312	both	phased_hifiasm	T2T00_hifiasm_porec	whatshap_stats	chr8
bp_per_block_max	146233312	both	phased_hifiasm	T2T00_hifiasm_porec	whatshap_stats	chr8
bp_per_block_sum	146233312	both	phased_hifiasm	T2T00_hifiasm_porec	whatshap_stats	chr8
heterozygous_variants	159415	both	phased_hifiasm	T2T00_hifiasm_porec	whatshap_stats	chr8
heterozygous_snvs	128573	both	phased_hifiasm	T2T00_hifiasm_porec	whatshap_stats	chr8
phased_snvs	127300	both	phased_hifiasm	T2T00_hifiasm_porec	whatshap_stats	chr8
phased_fraction	0.9914750807640436	both	phased_hifiasm	T2T00_hifiasm_porec	whatshap_stats	chr8
phased_snvs_fraction	0.99009900990099	both	phased_hifiasm	T2T00_hifiasm_porec	whatshap_stats	chr8
block_n50	146233312	both	phased_hifiasm	T2T00_hifiasm_porec	whatshap_stats	chr8
variants	249235	both	phased_hifiasm	T2T00_hifiasm_porec	whatshap_stats	chr11
phased	179627	both	phased_hifiasm	T2T00_hifiasm_porec	whatshap_stats	chr11
unphased	261	both	phased_hifiasm	T2T00_hifiasm_porec	whatshap_stats	chr11
singletons	0	both	phased_hifiasm	T2T00_hifiasm_porec	whatshap_stats	chr11
blocks	1	both	phased_hifiasm	T2T00_hifiasm_porec	whatshap_stats	chr11
variant_per_block_median	179627	both	phased_hifiasm	T2T00_hifiasm_porec	whatshap_stats	chr11
variant_per_block_avg	179627	both	phased_hifiasm	T2T00_hifiasm_porec	whatshap_stats	chr11
variant_per_block_min	179627	both	phased_hifiasm	T2T00_hifiasm_porec	whatshap_stats	chr11
variant_per_block_max	179627	both	phased_hifiasm	T2T00_hifiasm_porec	whatshap_stats	chr11
variant_per_block_sum	179627	both	phased_hifiasm	T2T00_hifiasm_porec	whatshap_stats	chr11
bp_per_block_median	135123648	both	phased_hifiasm	T2T00_hifiasm_porec	whatshap_stats	chr11
bp_per_block_avg	135123648	both	phased_hifiasm	T2T00_hifiasm_porec	whatshap_stats	chr11
bp_per_block_min	135123648	both	phased_hifiasm	T2T00_hifiasm_porec	whatshap_stats	chr11
bp_per_block_max	135123648	both	phased_hifiasm	T2T00_hifiasm_porec	whatshap_stats	chr11
bp_per_block_sum	135123648	both	phased_hifiasm	T2T00_hifiasm_porec	whatshap_stats	chr11
heterozygous_variants	179888	both	phased_hifiasm	T2T00_hifiasm_porec	whatshap_stats	chr11
heterozygous_snvs	148661	both	phased_hifiasm	T2T00_hifiasm_porec	whatshap_stats	chr11
phased_snvs	148412	both	phased_hifiasm	T2T00_hifiasm_porec	whatshap_stats	chr11
phased_fraction	0.9985490972160456	both	phased_hifiasm	T2T00_hifiasm_porec	whatshap_stats	chr11
phased_snvs_fraction	0.9983250482641716	both	phased_hifiasm	T2T00_hifiasm_porec	whatshap_stats	chr11
block_n50	135123648	both	phased_hifiasm	T2T00_hifiasm_porec	whatshap_stats	chr11
variants	224644	both	phased_hifiasm	T2T00_hifiasm_porec	whatshap_stats	chr10
phased	157966	both	phased_hifiasm	T2T00_hifiasm_porec	whatshap_stats	chr10
unphased	672	both	phased_hifiasm	T2T00_hifiasm_porec	whatshap_stats	chr10
singletons	0	both	phased_hifiasm	T2T00_hifiasm_porec	whatshap_stats	chr10
blocks	1	both	phased_hifiasm	T2T00_hifiasm_porec	whatshap_stats	chr10
variant_per_block_median	157966	both	phased_hifiasm	T2T00_hifiasm_porec	whatshap_stats	chr10
variant_per_block_avg	157966	both	phased_hifiasm	T2T00_hifiasm_porec	whatshap_stats	chr10
variant_per_block_min	157966	both	phased_hifiasm	T2T00_hifiasm_porec	whatshap_stats	chr10
variant_per_block_max	157966	both	phased_hifiasm	T2T00_hifiasm_porec	whatshap_stats	chr10
variant_per_block_sum	157966	both	phased_hifiasm	T2T00_hifiasm_porec	whatshap_stats	chr10
bp_per_block_median	134719696	both	phased_hifiasm	T2T00_hifiasm_porec	whatshap_stats	chr10
bp_per_block_avg	134719696	both	phased_hifiasm	T2T00_hifiasm_porec	whatshap_stats	chr10
bp_per_block_min	134719696	both	phased_hifiasm	T2T00_hifiasm_porec	whatshap_stats	chr10
bp_per_block_max	134719696	both	phased_hifiasm	T2T00_hifiasm_porec	whatshap_stats	chr10
bp_per_block_sum	134719696	both	phased_hifiasm	T2T00_hifiasm_porec	whatshap_stats	chr10
heterozygous_variants	158638	both	phased_hifiasm	T2T00_hifiasm_porec	whatshap_stats	chr10
heterozygous_snvs	125153	both	phased_hifiasm	T2T00_hifiasm_porec	whatshap_stats	chr10
phased_snvs	124547	both	phased_hifiasm	T2T00_hifiasm_porec	whatshap_stats	chr10
phased_fraction	0.9957639405438796	both	phased_hifiasm	T2T00_hifiasm_porec	whatshap_stats	chr10
phased_snvs_fraction	0.995157926697722	both	phased_hifiasm	T2T00_hifiasm_porec	whatshap_stats	chr10
block_n50	134719696	both	phased_hifiasm	T2T00_hifiasm_porec	whatshap_stats	chr10
variants	209655	both	phased_hifiasm	T2T00_hifiasm_porec	whatshap_stats	chr12
phased	146397	both	phased_hifiasm	T2T00_hifiasm_porec	whatshap_stats	chr12
unphased	0	both	phased_hifiasm	T2T00_hifiasm_porec	whatshap_stats	chr12
singletons	0	both	phased_hifiasm	T2T00_hifiasm_porec	whatshap_stats	chr12
blocks	1	both	phased_hifiasm	T2T00_hifiasm_porec	whatshap_stats	chr12
variant_per_block_median	146397	both	phased_hifiasm	T2T00_hifiasm_porec	whatshap_stats	chr12
variant_per_block_avg	146397	both	phased_hifiasm	T2T00_hifiasm_porec	whatshap_stats	chr12
variant_per_block_min	146397	both	phased_hifiasm	T2T00_hifiasm_porec	whatshap_stats	chr12
variant_per_block_max	146397	both	phased_hifiasm	T2T00_hifiasm_porec	whatshap_stats	chr12
variant_per_block_sum	146397	both	phased_hifiasm	T2T00_hifiasm_porec	whatshap_stats	chr12
bp_per_block_median	133318055	both	phased_hifiasm	T2T00_hifiasm_porec	whatshap_stats	chr12
bp_per_block_avg	133318055	both	phased_hifiasm	T2T00_hifiasm_porec	whatshap_stats	chr12
bp_per_block_min	133318055	both	phased_hifiasm	T2T00_hifiasm_porec	whatshap_stats	chr12
bp_per_block_max	133318055	both	phased_hifiasm	T2T00_hifiasm_porec	whatshap_stats	chr12
bp_per_block_sum	133318055	both	phased_hifiasm	T2T00_hifiasm_porec	whatshap_stats	chr12
heterozygous_variants	146397	both	phased_hifiasm	T2T00_hifiasm_porec	whatshap_stats	chr12
heterozygous_snvs	114022	both	phased_hifiasm	T2T00_hifiasm_porec	whatshap_stats	chr12
phased_snvs	114022	both	phased_hifiasm	T2T00_hifiasm_porec	whatshap_stats	chr12
phased_fraction	1	both	phased_hifiasm	T2T00_hifiasm_porec	whatshap_stats	chr12
phased_snvs_fraction	1	both	phased_hifiasm	T2T00_hifiasm_porec	whatshap_stats	chr12
block_n50	133318055	both	phased_hifiasm	T2T00_hifiasm_porec	whatshap_stats	chr12
variants	169343	both	phased_hifiasm	T2T00_hifiasm_porec	whatshap_stats	chr13
phased	114705	both	phased_hifiasm	T2T00_hifiasm_porec	whatshap_stats	chr13
unphased	280	both	phased_hifiasm	T2T00_hifiasm_porec	whatshap_stats	chr13
singletons	0	both	phased_hifiasm	T2T00_hifiasm_porec	whatshap_stats	chr13
blocks	1	both	phased_hifiasm	T2T00_hifiasm_porec	whatshap_stats	chr13
variant_per_block_median	114705	both	phased_hifiasm	T2T00_hifiasm_porec	whatshap_stats	chr13
variant_per_block_avg	114705	both	phased_hifiasm	T2T00_hifiasm_porec	whatshap_stats	chr13
variant_per_block_min	114705	both	phased_hifiasm	T2T00_hifiasm_porec	whatshap_stats	chr13
variant_per_block_max	114705	both	phased_hifiasm	T2T00_hifiasm_porec	whatshap_stats	chr13
variant_per_block_sum	114705	both	phased_hifiasm	T2T00_hifiasm_porec	whatshap_stats	chr13
bp_per_block_median	113559872	both	phased_hifiasm	T2T00_hifiasm_porec	whatshap_stats	chr13
bp_per_block_avg	113559872	both	phased_hifiasm	T2T00_hifiasm_porec	whatshap_stats	chr13
bp_per_block_min	113559872	both	phased_hifiasm	T2T00_hifiasm_porec	whatshap_stats	chr13
bp_per_block_max	113559872	both	phased_hifiasm	T2T00_hifiasm_porec	whatshap_stats	chr13
bp_per_block_sum	113559872	both	phased_hifiasm	T2T00_hifiasm_porec	whatshap_stats	chr13
heterozygous_variants	114985	both	phased_hifiasm	T2T00_hifiasm_porec	whatshap_stats	chr13
heterozygous_snvs	91219	both	phased_hifiasm	T2T00_hifiasm_porec	whatshap_stats	chr13
phased_snvs	91007	both	phased_hifiasm	T2T00_hifiasm_porec	whatshap_stats	chr13
phased_fraction	0.9975648997695352	both	phased_hifiasm	T2T00_hifiasm_porec	whatshap_stats	chr13
phased_snvs_fraction	0.9976759227792455	both	phased_hifiasm	T2T00_hifiasm_porec	whatshap_stats	chr13
block_n50	113559872	both	phased_hifiasm	T2T00_hifiasm_porec	whatshap_stats	chr13
variants	221997	both	phased_hifiasm	T2T00_hifiasm_porec	whatshap_stats	chr14
phased	140123	both	phased_hifiasm	T2T00_hifiasm_porec	whatshap_stats	chr14
unphased	22623	both	phased_hifiasm	T2T00_hifiasm_porec	whatshap_stats	chr14
singletons	0	both	phased_hifiasm	T2T00_hifiasm_porec	whatshap_stats	chr14
blocks	1	both	phased_hifiasm	T2T00_hifiasm_porec	whatshap_stats	chr14
variant_per_block_median	140123	both	phased_hifiasm	T2T00_hifiasm_porec	whatshap_stats	chr14
variant_per_block_avg	140123	both	phased_hifiasm	T2T00_hifiasm_porec	whatshap_stats	chr14
variant_per_block_min	140123	both	phased_hifiasm	T2T00_hifiasm_porec	whatshap_stats	chr14
variant_per_block_max	140123	both	phased_hifiasm	T2T00_hifiasm_porec	whatshap_stats	chr14
variant_per_block_sum	140123	both	phased_hifiasm	T2T00_hifiasm_porec	whatshap_stats	chr14
bp_per_block_median	101128294	both	phased_hifiasm	T2T00_hifiasm_porec	whatshap_stats	chr14
bp_per_block_avg	101128294	both	phased_hifiasm	T2T00_hifiasm_porec	whatshap_stats	chr14
bp_per_block_min	101128294	both	phased_hifiasm	T2T00_hifiasm_porec	whatshap_stats	chr14
bp_per_block_max	101128294	both	phased_hifiasm	T2T00_hifiasm_porec	whatshap_stats	chr14
bp_per_block_sum	101128294	both	phased_hifiasm	T2T00_hifiasm_porec	whatshap_stats	chr14
heterozygous_variants	162746	both	phased_hifiasm	T2T00_hifiasm_porec	whatshap_stats	chr14
heterozygous_snvs	136379	both	phased_hifiasm	T2T00_hifiasm_porec	whatshap_stats	chr14
phased_snvs	115273	both	phased_hifiasm	T2T00_hifiasm_porec	whatshap_stats	chr14
phased_fraction	0.8609919752251975	both	phased_hifiasm	T2T00_hifiasm_porec	whatshap_stats	chr14
phased_snvs_fraction	0.8452401029484011	both	phased_hifiasm	T2T00_hifiasm_porec	whatshap_stats	chr14
block_n50	101128294	both	phased_hifiasm	T2T00_hifiasm_porec	whatshap_stats	chr14
variants	224969	both	phased_hifiasm	T2T00_hifiasm_porec	whatshap_stats	chr15
phased	168063	both	phased_hifiasm	T2T00_hifiasm_porec	whatshap_stats	chr15
unphased	11740	both	phased_hifiasm	T2T00_hifiasm_porec	whatshap_stats	chr15
singletons	0	both	phased_hifiasm	T2T00_hifiasm_porec	whatshap_stats	chr15
blocks	1	both	phased_hifiasm	T2T00_hifiasm_porec	whatshap_stats	chr15
variant_per_block_median	168063	both	phased_hifiasm	T2T00_hifiasm_porec	whatshap_stats	chr15
variant_per_block_avg	168063	both	phased_hifiasm	T2T00_hifiasm_porec	whatshap_stats	chr15
variant_per_block_min	168063	both	phased_hifiasm	T2T00_hifiasm_porec	whatshap_stats	chr15
variant_per_block_max	168063	both	phased_hifiasm	T2T00_hifiasm_porec	whatshap_stats	chr15
variant_per_block_sum	168063	both	phased_hifiasm	T2T00_hifiasm_porec	whatshap_stats	chr15
bp_per_block_median	99743372	both	phased_hifiasm	T2T00_hifiasm_porec	whatshap_stats	chr15
bp_per_block_avg	99743372	both	phased_hifiasm	T2T00_hifiasm_porec	whatshap_stats	chr15
bp_per_block_min	99743372	both	phased_hifiasm	T2T00_hifiasm_porec	whatshap_stats	chr15
bp_per_block_max	99743372	both	phased_hifiasm	T2T00_hifiasm_porec	whatshap_stats	chr15
bp_per_block_sum	99743372	both	phased_hifiasm	T2T00_hifiasm_porec	whatshap_stats	chr15
heterozygous_variants	179803	both	phased_hifiasm	T2T00_hifiasm_porec	whatshap_stats	chr15
heterozygous_snvs	149978	both	phased_hifiasm	T2T00_hifiasm_porec	whatshap_stats	chr15
phased_snvs	139556	both	phased_hifiasm	T2T00_hifiasm_porec	whatshap_stats	chr15
phased_fraction	0.9347063174696753	both	phased_hifiasm	T2T00_hifiasm_porec	whatshap_stats	chr15
phased_snvs_fraction	0.9305098081051888	both	phased_hifiasm	T2T00_hifiasm_porec	whatshap_stats	chr15
block_n50	99743372	both	phased_hifiasm	T2T00_hifiasm_porec	whatshap_stats	chr15
variants	186513	both	phased_hifiasm	T2T00_hifiasm_porec	whatshap_stats	chr16
phased	135458	both	phased_hifiasm	T2T00_hifiasm_porec	whatshap_stats	chr16
unphased	1549	both	phased_hifiasm	T2T00_hifiasm_porec	whatshap_stats	chr16
singletons	0	both	phased_hifiasm	T2T00_hifiasm_porec	whatshap_stats	chr16
blocks	1	both	phased_hifiasm	T2T00_hifiasm_porec	whatshap_stats	chr16
variant_per_block_median	135458	both	phased_hifiasm	T2T00_hifiasm_porec	whatshap_stats	chr16
variant_per_block_avg	135458	both	phased_hifiasm	T2T00_hifiasm_porec	whatshap_stats	chr16
variant_per_block_min	135458	both	phased_hifiasm	T2T00_hifiasm_porec	whatshap_stats	chr16
variant_per_block_max	135458	both	phased_hifiasm	T2T00_hifiasm_porec	whatshap_stats	chr16
variant_per_block_sum	135458	both	phased_hifiasm	T2T00_hifiasm_porec	whatshap_stats	chr16
bp_per_block_median	96301754	both	phased_hifiasm	T2T00_hifiasm_porec	whatshap_stats	chr16
bp_per_block_avg	96301754	both	phased_hifiasm	T2T00_hifiasm_porec	whatshap_stats	chr16
bp_per_block_min	96301754	both	phased_hifiasm	T2T00_hifiasm_porec	whatshap_stats	chr16
bp_per_block_max	96301754	both	phased_hifiasm	T2T00_hifiasm_porec	whatshap_stats	chr16
bp_per_block_sum	96301754	both	phased_hifiasm	T2T00_hifiasm_porec	whatshap_stats	chr16
heterozygous_variants	137007	both	phased_hifiasm	T2T00_hifiasm_porec	whatshap_stats	chr16
heterozygous_snvs	112419	both	phased_hifiasm	T2T00_hifiasm_porec	whatshap_stats	chr16
phased_snvs	111011	both	phased_hifiasm	T2T00_hifiasm_porec	whatshap_stats	chr16
phased_fraction	0.9886940083353404	both	phased_hifiasm	T2T00_hifiasm_porec	whatshap_stats	chr16
phased_snvs_fraction	0.9874754267517056	both	phased_hifiasm	T2T00_hifiasm_porec	whatshap_stats	chr16
block_n50	96301754	both	phased_hifiasm	T2T00_hifiasm_porec	whatshap_stats	chr16
variants	158643	both	phased_hifiasm	T2T00_hifiasm_porec	whatshap_stats	chr17
phased	108602	both	phased_hifiasm	T2T00_hifiasm_porec	whatshap_stats	chr17
unphased	21	both	phased_hifiasm	T2T00_hifiasm_porec	whatshap_stats	chr17
singletons	0	both	phased_hifiasm	T2T00_hifiasm_porec	whatshap_stats	chr17
blocks	1	both	phased_hifiasm	T2T00_hifiasm_porec	whatshap_stats	chr17
variant_per_block_median	108602	both	phased_hifiasm	T2T00_hifiasm_porec	whatshap_stats	chr17
variant_per_block_avg	108602	both	phased_hifiasm	T2T00_hifiasm_porec	whatshap_stats	chr17
variant_per_block_min	108602	both	phased_hifiasm	T2T00_hifiasm_porec	whatshap_stats	chr17
variant_per_block_max	108602	both	phased_hifiasm	T2T00_hifiasm_porec	whatshap_stats	chr17
variant_per_block_sum	108602	both	phased_hifiasm	T2T00_hifiasm_porec	whatshap_stats	chr17
bp_per_block_median	84235165	both	phased_hifiasm	T2T00_hifiasm_porec	whatshap_stats	chr17
bp_per_block_avg	84235165	both	phased_hifiasm	T2T00_hifiasm_porec	whatshap_stats	chr17
bp_per_block_min	84235165	both	phased_hifiasm	T2T00_hifiasm_porec	whatshap_stats	chr17
bp_per_block_max	84235165	both	phased_hifiasm	T2T00_hifiasm_porec	whatshap_stats	chr17
bp_per_block_sum	84235165	both	phased_hifiasm	T2T00_hifiasm_porec	whatshap_stats	chr17
heterozygous_variants	108623	both	phased_hifiasm	T2T00_hifiasm_porec	whatshap_stats	chr17
heterozygous_snvs	84165	both	phased_hifiasm	T2T00_hifiasm_porec	whatshap_stats	chr17
phased_snvs	84156	both	phased_hifiasm	T2T00_hifiasm_porec	whatshap_stats	chr17
phased_fraction	0.9998066707787484	both	phased_hifiasm	T2T00_hifiasm_porec	whatshap_stats	chr17
phased_snvs_fraction	0.9998930671894491	both	phased_hifiasm	T2T00_hifiasm_porec	whatshap_stats	chr17
block_n50	84235165	both	phased_hifiasm	T2T00_hifiasm_porec	whatshap_stats	chr17
variants	136635	both	phased_hifiasm	T2T00_hifiasm_porec	whatshap_stats	chr18
phased	98060	both	phased_hifiasm	T2T00_hifiasm_porec	whatshap_stats	chr18
unphased	0	both	phased_hifiasm	T2T00_hifiasm_porec	whatshap_stats	chr18
singletons	0	both	phased_hifiasm	T2T00_hifiasm_porec	whatshap_stats	chr18
blocks	1	both	phased_hifiasm	T2T00_hifiasm_porec	whatshap_stats	chr18
variant_per_block_median	98060	both	phased_hifiasm	T2T00_hifiasm_porec	whatshap_stats	chr18
variant_per_block_avg	98060	both	phased_hifiasm	T2T00_hifiasm_porec	whatshap_stats	chr18
variant_per_block_min	98060	both	phased_hifiasm	T2T00_hifiasm_porec	whatshap_stats	chr18
variant_per_block_max	98060	both	phased_hifiasm	T2T00_hifiasm_porec	whatshap_stats	chr18
variant_per_block_sum	98060	both	phased_hifiasm	T2T00_hifiasm_porec	whatshap_stats	chr18
bp_per_block_median	80375332	both	phased_hifiasm	T2T00_hifiasm_porec	whatshap_stats	chr18
bp_per_block_avg	80375332	both	phased_hifiasm	T2T00_hifiasm_porec	whatshap_stats	chr18
bp_per_block_min	80375332	both	phased_hifiasm	T2T00_hifiasm_porec	whatshap_stats	chr18
bp_per_block_max	80375332	both	phased_hifiasm	T2T00_hifiasm_porec	whatshap_stats	chr18
bp_per_block_sum	80375332	both	phased_hifiasm	T2T00_hifiasm_porec	whatshap_stats	chr18
heterozygous_variants	98060	both	phased_hifiasm	T2T00_hifiasm_porec	whatshap_stats	chr18
heterozygous_snvs	80302	both	phased_hifiasm	T2T00_hifiasm_porec	whatshap_stats	chr18
phased_snvs	80302	both	phased_hifiasm	T2T00_hifiasm_porec	whatshap_stats	chr18
phased_fraction	1	both	phased_hifiasm	T2T00_hifiasm_porec	whatshap_stats	chr18
phased_snvs_fraction	1	both	phased_hifiasm	T2T00_hifiasm_porec	whatshap_stats	chr18
block_n50	80375332	both	phased_hifiasm	T2T00_hifiasm_porec	whatshap_stats	chr18
variants	126351	both	phased_hifiasm	T2T00_hifiasm_porec	whatshap_stats	chr20
phased	88957	both	phased_hifiasm	T2T00_hifiasm_porec	whatshap_stats	chr20
unphased	289	both	phased_hifiasm	T2T00_hifiasm_porec	whatshap_stats	chr20
singletons	0	both	phased_hifiasm	T2T00_hifiasm_porec	whatshap_stats	chr20
blocks	1	both	phased_hifiasm	T2T00_hifiasm_porec	whatshap_stats	chr20
variant_per_block_median	88957	both	phased_hifiasm	T2T00_hifiasm_porec	whatshap_stats	chr20
variant_per_block_avg	88957	both	phased_hifiasm	T2T00_hifiasm_porec	whatshap_stats	chr20
variant_per_block_min	88957	both	phased_hifiasm	T2T00_hifiasm_porec	whatshap_stats	chr20
variant_per_block_max	88957	both	phased_hifiasm	T2T00_hifiasm_porec	whatshap_stats	chr20
variant_per_block_sum	88957	both	phased_hifiasm	T2T00_hifiasm_porec	whatshap_stats	chr20
bp_per_block_median	66203767	both	phased_hifiasm	T2T00_hifiasm_porec	whatshap_stats	chr20
bp_per_block_avg	66203767	both	phased_hifiasm	T2T00_hifiasm_porec	whatshap_stats	chr20
bp_per_block_min	66203767	both	phased_hifiasm	T2T00_hifiasm_porec	whatshap_stats	chr20
bp_per_block_max	66203767	both	phased_hifiasm	T2T00_hifiasm_porec	whatshap_stats	chr20
bp_per_block_sum	66203767	both	phased_hifiasm	T2T00_hifiasm_porec	whatshap_stats	chr20
heterozygous_variants	89246	both	phased_hifiasm	T2T00_hifiasm_porec	whatshap_stats	chr20
heterozygous_snvs	72540	both	phased_hifiasm	T2T00_hifiasm_porec	whatshap_stats	chr20
phased_snvs	72281	both	phased_hifiasm	T2T00_hifiasm_porec	whatshap_stats	chr20
phased_fraction	0.9967617596306836	both	phased_hifiasm	T2T00_hifiasm_porec	whatshap_stats	chr20
phased_snvs_fraction	0.9964295561069756	both	phased_hifiasm	T2T00_hifiasm_porec	whatshap_stats	chr20
block_n50	66203767	both	phased_hifiasm	T2T00_hifiasm_porec	whatshap_stats	chr20
variants	124331	both	phased_hifiasm	T2T00_hifiasm_porec	whatshap_stats	chr19
phased	92606	both	phased_hifiasm	T2T00_hifiasm_porec	whatshap_stats	chr19
unphased	0	both	phased_hifiasm	T2T00_hifiasm_porec	whatshap_stats	chr19
singletons	0	both	phased_hifiasm	T2T00_hifiasm_porec	whatshap_stats	chr19
blocks	1	both	phased_hifiasm	T2T00_hifiasm_porec	whatshap_stats	chr19
variant_per_block_median	92606	both	phased_hifiasm	T2T00_hifiasm_porec	whatshap_stats	chr19
variant_per_block_avg	92606	both	phased_hifiasm	T2T00_hifiasm_porec	whatshap_stats	chr19
variant_per_block_min	92606	both	phased_hifiasm	T2T00_hifiasm_porec	whatshap_stats	chr19
variant_per_block_max	92606	both	phased_hifiasm	T2T00_hifiasm_porec	whatshap_stats	chr19
variant_per_block_sum	92606	both	phased_hifiasm	T2T00_hifiasm_porec	whatshap_stats	chr19
bp_per_block_median	61701513	both	phased_hifiasm	T2T00_hifiasm_porec	whatshap_stats	chr19
bp_per_block_avg	61701513	both	phased_hifiasm	T2T00_hifiasm_porec	whatshap_stats	chr19
bp_per_block_min	61701513	both	phased_hifiasm	T2T00_hifiasm_porec	whatshap_stats	chr19
bp_per_block_max	61701513	both	phased_hifiasm	T2T00_hifiasm_porec	whatshap_stats	chr19
bp_per_block_sum	61701513	both	phased_hifiasm	T2T00_hifiasm_porec	whatshap_stats	chr19
heterozygous_variants	92606	both	phased_hifiasm	T2T00_hifiasm_porec	whatshap_stats	chr19
heterozygous_snvs	71032	both	phased_hifiasm	T2T00_hifiasm_porec	whatshap_stats	chr19
phased_snvs	71032	both	phased_hifiasm	T2T00_hifiasm_porec	whatshap_stats	chr19
phased_fraction	1	both	phased_hifiasm	T2T00_hifiasm_porec	whatshap_stats	chr19
phased_snvs_fraction	1	both	phased_hifiasm	T2T00_hifiasm_porec	whatshap_stats	chr19
block_n50	61701513	both	phased_hifiasm	T2T00_hifiasm_porec	whatshap_stats	chr19
variants	156570	both	phased_hifiasm	T2T00_hifiasm_porec	whatshap_stats	chr22
phased	118809	both	phased_hifiasm	T2T00_hifiasm_porec	whatshap_stats	chr22
unphased	6252	both	phased_hifiasm	T2T00_hifiasm_porec	whatshap_stats	chr22
singletons	0	both	phased_hifiasm	T2T00_hifiasm_porec	whatshap_stats	chr22
blocks	1	both	phased_hifiasm	T2T00_hifiasm_porec	whatshap_stats	chr22
variant_per_block_median	118809	both	phased_hifiasm	T2T00_hifiasm_porec	whatshap_stats	chr22
variant_per_block_avg	118809	both	phased_hifiasm	T2T00_hifiasm_porec	whatshap_stats	chr22
variant_per_block_min	118809	both	phased_hifiasm	T2T00_hifiasm_porec	whatshap_stats	chr22
variant_per_block_max	118809	both	phased_hifiasm	T2T00_hifiasm_porec	whatshap_stats	chr22
variant_per_block_sum	118809	both	phased_hifiasm	T2T00_hifiasm_porec	whatshap_stats	chr22
bp_per_block_median	51317364	both	phased_hifiasm	T2T00_hifiasm_porec	whatshap_stats	chr22
bp_per_block_avg	51317364	both	phased_hifiasm	T2T00_hifiasm_porec	whatshap_stats	chr22
bp_per_block_min	51317364	both	phased_hifiasm	T2T00_hifiasm_porec	whatshap_stats	chr22
bp_per_block_max	51317364	both	phased_hifiasm	T2T00_hifiasm_porec	whatshap_stats	chr22
bp_per_block_sum	51317364	both	phased_hifiasm	T2T00_hifiasm_porec	whatshap_stats	chr22
heterozygous_variants	125061	both	phased_hifiasm	T2T00_hifiasm_porec	whatshap_stats	chr22
heterozygous_snvs	108124	both	phased_hifiasm	T2T00_hifiasm_porec	whatshap_stats	chr22
phased_snvs	102492	both	phased_hifiasm	T2T00_hifiasm_porec	whatshap_stats	chr22
phased_fraction	0.9500083959027994	both	phased_hifiasm	T2T00_hifiasm_porec	whatshap_stats	chr22
phased_snvs_fraction	0.947911656986423	both	phased_hifiasm	T2T00_hifiasm_porec	whatshap_stats	chr22
block_n50	51317364	both	phased_hifiasm	T2T00_hifiasm_porec	whatshap_stats	chr22
variants	110524	both	phased_hifiasm	T2T00_hifiasm_porec	whatshap_stats	chr21
phased	87415	both	phased_hifiasm	T2T00_hifiasm_porec	whatshap_stats	chr21
unphased	1754	both	phased_hifiasm	T2T00_hifiasm_porec	whatshap_stats	chr21
singletons	0	both	phased_hifiasm	T2T00_hifiasm_porec	whatshap_stats	chr21
blocks	1	both	phased_hifiasm	T2T00_hifiasm_porec	whatshap_stats	chr21
variant_per_block_median	87415	both	phased_hifiasm	T2T00_hifiasm_porec	whatshap_stats	chr21
variant_per_block_avg	87415	both	phased_hifiasm	T2T00_hifiasm_porec	whatshap_stats	chr21
variant_per_block_min	87415	both	phased_hifiasm	T2T00_hifiasm_porec	whatshap_stats	chr21
variant_per_block_max	87415	both	phased_hifiasm	T2T00_hifiasm_porec	whatshap_stats	chr21
variant_per_block_sum	87415	both	phased_hifiasm	T2T00_hifiasm_porec	whatshap_stats	chr21
bp_per_block_median	45082979	both	phased_hifiasm	T2T00_hifiasm_porec	whatshap_stats	chr21
bp_per_block_avg	45082979	both	phased_hifiasm	T2T00_hifiasm_porec	whatshap_stats	chr21
bp_per_block_min	45082979	both	phased_hifiasm	T2T00_hifiasm_porec	whatshap_stats	chr21
bp_per_block_max	45082979	both	phased_hifiasm	T2T00_hifiasm_porec	whatshap_stats	chr21
bp_per_block_sum	45082979	both	phased_hifiasm	T2T00_hifiasm_porec	whatshap_stats	chr21
heterozygous_variants	89169	both	phased_hifiasm	T2T00_hifiasm_porec	whatshap_stats	chr21
heterozygous_snvs	75053	both	phased_hifiasm	T2T00_hifiasm_porec	whatshap_stats	chr21
phased_snvs	73693	both	phased_hifiasm	T2T00_hifiasm_porec	whatshap_stats	chr21
phased_fraction	0.9803294867050208	both	phased_hifiasm	T2T00_hifiasm_porec	whatshap_stats	chr21
phased_snvs_fraction	0.9818794718398998	both	phased_hifiasm	T2T00_hifiasm_porec	whatshap_stats	chr21
block_n50	45082979	both	phased_hifiasm	T2T00_hifiasm_porec	whatshap_stats	chr21
variants	5179464	both	phased_hifiasm	T2T00_hifiasm_porec	whatshap_stats	ALL
phased	3662297	both	phased_hifiasm	T2T00_hifiasm_porec	whatshap_stats	ALL
unphased	70025	both	phased_hifiasm	T2T00_hifiasm_porec	whatshap_stats	ALL
singletons	0	both	phased_hifiasm	T2T00_hifiasm_porec	whatshap_stats	ALL
blocks	23	both	phased_hifiasm	T2T00_hifiasm_porec	whatshap_stats	ALL
variant_per_block_median	157966	both	phased_hifiasm	T2T00_hifiasm_porec	whatshap_stats	ALL
variant_per_block_avg	159230.30434782608	both	phased_hifiasm	T2T00_hifiasm_porec	whatshap_stats	ALL
variant_per_block_min	87415	both	phased_hifiasm	T2T00_hifiasm_porec	whatshap_stats	ALL
variant_per_block_max	267386	both	phased_hifiasm	T2T00_hifiasm_porec	whatshap_stats	ALL
variant_per_block_sum	3662297	both	phased_hifiasm	T2T00_hifiasm_porec	whatshap_stats	ALL
bp_per_block_median	134719696	both	phased_hifiasm	T2T00_hifiasm_porec	whatshap_stats	ALL
bp_per_block_avg	132783891.95652172	both	phased_hifiasm	T2T00_hifiasm_porec	whatshap_stats	ALL
bp_per_block_min	45082979	both	phased_hifiasm	T2T00_hifiasm_porec	whatshap_stats	ALL
bp_per_block_max	248375637	both	phased_hifiasm	T2T00_hifiasm_porec	whatshap_stats	ALL
bp_per_block_sum	3054029515	both	phased_hifiasm	T2T00_hifiasm_porec	whatshap_stats	ALL
heterozygous_variants	3732322	both	phased_hifiasm	T2T00_hifiasm_porec	whatshap_stats	ALL
heterozygous_snvs	3001221	both	phased_hifiasm	T2T00_hifiasm_porec	whatshap_stats	ALL
phased_snvs	2938625	both	phased_hifiasm	T2T00_hifiasm_porec	whatshap_stats	ALL
phased_fraction	0.981238221139548	both	phased_hifiasm	T2T00_hifiasm_porec	whatshap_stats	ALL
phased_snvs_fraction	0.979143155402418	both	phased_hifiasm	T2T00_hifiasm_porec	whatshap_stats	ALL
block_n50	154238985	both	phased_hifiasm	T2T00_hifiasm_porec	whatshap_stats	ALL
variants	363457	both	phased_hifiasm	T2T04_hifiasm_porec	whatshap_stats	chr1
phased	244832	both	phased_hifiasm	T2T04_hifiasm_porec	whatshap_stats	chr1
unphased	317	both	phased_hifiasm	T2T04_hifiasm_porec	whatshap_stats	chr1
singletons	0	both	phased_hifiasm	T2T04_hifiasm_porec	whatshap_stats	chr1
blocks	1	both	phased_hifiasm	T2T04_hifiasm_porec	whatshap_stats	chr1
variant_per_block_median	244832	both	phased_hifiasm	T2T04_hifiasm_porec	whatshap_stats	chr1
variant_per_block_avg	244832	both	phased_hifiasm	T2T04_hifiasm_porec	whatshap_stats	chr1
variant_per_block_min	244832	both	phased_hifiasm	T2T04_hifiasm_porec	whatshap_stats	chr1
variant_per_block_max	244832	both	phased_hifiasm	T2T04_hifiasm_porec	whatshap_stats	chr1
variant_per_block_sum	244832	both	phased_hifiasm	T2T04_hifiasm_porec	whatshap_stats	chr1
bp_per_block_median	248380958	both	phased_hifiasm	T2T04_hifiasm_porec	whatshap_stats	chr1
bp_per_block_avg	248380958	both	phased_hifiasm	T2T04_hifiasm_porec	whatshap_stats	chr1
bp_per_block_min	248380958	both	phased_hifiasm	T2T04_hifiasm_porec	whatshap_stats	chr1
bp_per_block_max	248380958	both	phased_hifiasm	T2T04_hifiasm_porec	whatshap_stats	chr1
bp_per_block_sum	248380958	both	phased_hifiasm	T2T04_hifiasm_porec	whatshap_stats	chr1
heterozygous_variants	245149	both	phased_hifiasm	T2T04_hifiasm_porec	whatshap_stats	chr1
heterozygous_snvs	193496	both	phased_hifiasm	T2T04_hifiasm_porec	whatshap_stats	chr1
phased_snvs	193194	both	phased_hifiasm	T2T04_hifiasm_porec	whatshap_stats	chr1
phased_fraction	0.99870690885951	both	phased_hifiasm	T2T04_hifiasm_porec	whatshap_stats	chr1
phased_snvs_fraction	0.9984392442221028	both	phased_hifiasm	T2T04_hifiasm_porec	whatshap_stats	chr1
block_n50	248380958	both	phased_hifiasm	T2T04_hifiasm_porec	whatshap_stats	chr1
variants	353394	both	phased_hifiasm	T2T04_hifiasm_porec	whatshap_stats	chr2
phased	239690	both	phased_hifiasm	T2T04_hifiasm_porec	whatshap_stats	chr2
unphased	580	both	phased_hifiasm	T2T04_hifiasm_porec	whatshap_stats	chr2
singletons	0	both	phased_hifiasm	T2T04_hifiasm_porec	whatshap_stats	chr2
blocks	1	both	phased_hifiasm	T2T04_hifiasm_porec	whatshap_stats	chr2
variant_per_block_median	239690	both	phased_hifiasm	T2T04_hifiasm_porec	whatshap_stats	chr2
variant_per_block_avg	239690	both	phased_hifiasm	T2T04_hifiasm_porec	whatshap_stats	chr2
variant_per_block_min	239690	both	phased_hifiasm	T2T04_hifiasm_porec	whatshap_stats	chr2
variant_per_block_max	239690	both	phased_hifiasm	T2T04_hifiasm_porec	whatshap_stats	chr2
variant_per_block_sum	239690	both	phased_hifiasm	T2T04_hifiasm_porec	whatshap_stats	chr2
bp_per_block_median	242690676	both	phased_hifiasm	T2T04_hifiasm_porec	whatshap_stats	chr2
bp_per_block_avg	242690676	both	phased_hifiasm	T2T04_hifiasm_porec	whatshap_stats	chr2
bp_per_block_min	242690676	both	phased_hifiasm	T2T04_hifiasm_porec	whatshap_stats	chr2
bp_per_block_max	242690676	both	phased_hifiasm	T2T04_hifiasm_porec	whatshap_stats	chr2
bp_per_block_sum	242690676	both	phased_hifiasm	T2T04_hifiasm_porec	whatshap_stats	chr2
heterozygous_variants	240270	both	phased_hifiasm	T2T04_hifiasm_porec	whatshap_stats	chr2
heterozygous_snvs	190092	both	phased_hifiasm	T2T04_hifiasm_porec	whatshap_stats	chr2
phased_snvs	189569	both	phased_hifiasm	T2T04_hifiasm_porec	whatshap_stats	chr2
phased_fraction	0.9975860490281766	both	phased_hifiasm	T2T04_hifiasm_porec	whatshap_stats	chr2
phased_snvs_fraction	0.997248700629169	both	phased_hifiasm	T2T04_hifiasm_porec	whatshap_stats	chr2
block_n50	242690676	both	phased_hifiasm	T2T04_hifiasm_porec	whatshap_stats	chr2
variants	336503	both	phased_hifiasm	T2T04_hifiasm_porec	whatshap_stats	chr3
phased	232805	both	phased_hifiasm	T2T04_hifiasm_porec	whatshap_stats	chr3
unphased	363	both	phased_hifiasm	T2T04_hifiasm_porec	whatshap_stats	chr3
singletons	0	both	phased_hifiasm	T2T04_hifiasm_porec	whatshap_stats	chr3
blocks	1	both	phased_hifiasm	T2T04_hifiasm_porec	whatshap_stats	chr3
variant_per_block_median	232805	both	phased_hifiasm	T2T04_hifiasm_porec	whatshap_stats	chr3
variant_per_block_avg	232805	both	phased_hifiasm	T2T04_hifiasm_porec	whatshap_stats	chr3
variant_per_block_min	232805	both	phased_hifiasm	T2T04_hifiasm_porec	whatshap_stats	chr3
variant_per_block_max	232805	both	phased_hifiasm	T2T04_hifiasm_porec	whatshap_stats	chr3
variant_per_block_sum	232805	both	phased_hifiasm	T2T04_hifiasm_porec	whatshap_stats	chr3
bp_per_block_median	201086483	both	phased_hifiasm	T2T04_hifiasm_porec	whatshap_stats	chr3
bp_per_block_avg	201086483	both	phased_hifiasm	T2T04_hifiasm_porec	whatshap_stats	chr3
bp_per_block_min	201086483	both	phased_hifiasm	T2T04_hifiasm_porec	whatshap_stats	chr3
bp_per_block_max	201086483	both	phased_hifiasm	T2T04_hifiasm_porec	whatshap_stats	chr3
bp_per_block_sum	201086483	both	phased_hifiasm	T2T04_hifiasm_porec	whatshap_stats	chr3
heterozygous_variants	233168	both	phased_hifiasm	T2T04_hifiasm_porec	whatshap_stats	chr3
heterozygous_snvs	190253	both	phased_hifiasm	T2T04_hifiasm_porec	whatshap_stats	chr3
phased_snvs	189914	both	phased_hifiasm	T2T04_hifiasm_porec	whatshap_stats	chr3
phased_fraction	0.9984431825979552	both	phased_hifiasm	T2T04_hifiasm_porec	whatshap_stats	chr3
phased_snvs_fraction	0.9982181621314776	both	phased_hifiasm	T2T04_hifiasm_porec	whatshap_stats	chr3
block_n50	201086483	both	phased_hifiasm	T2T04_hifiasm_porec	whatshap_stats	chr3
variants	336218	both	phased_hifiasm	T2T04_hifiasm_porec	whatshap_stats	chr4
phased	231707	both	phased_hifiasm	T2T04_hifiasm_porec	whatshap_stats	chr4
unphased	1629	both	phased_hifiasm	T2T04_hifiasm_porec	whatshap_stats	chr4
singletons	0	both	phased_hifiasm	T2T04_hifiasm_porec	whatshap_stats	chr4
blocks	1	both	phased_hifiasm	T2T04_hifiasm_porec	whatshap_stats	chr4
variant_per_block_median	231707	both	phased_hifiasm	T2T04_hifiasm_porec	whatshap_stats	chr4
variant_per_block_avg	231707	both	phased_hifiasm	T2T04_hifiasm_porec	whatshap_stats	chr4
variant_per_block_min	231707	both	phased_hifiasm	T2T04_hifiasm_porec	whatshap_stats	chr4
variant_per_block_max	231707	both	phased_hifiasm	T2T04_hifiasm_porec	whatshap_stats	chr4
variant_per_block_sum	231707	both	phased_hifiasm	T2T04_hifiasm_porec	whatshap_stats	chr4
bp_per_block_median	193510716	both	phased_hifiasm	T2T04_hifiasm_porec	whatshap_stats	chr4
bp_per_block_avg	193510716	both	phased_hifiasm	T2T04_hifiasm_porec	whatshap_stats	chr4
bp_per_block_min	193510716	both	phased_hifiasm	T2T04_hifiasm_porec	whatshap_stats	chr4
bp_per_block_max	193510716	both	phased_hifiasm	T2T04_hifiasm_porec	whatshap_stats	chr4
bp_per_block_sum	193510716	both	phased_hifiasm	T2T04_hifiasm_porec	whatshap_stats	chr4
heterozygous_variants	233336	both	phased_hifiasm	T2T04_hifiasm_porec	whatshap_stats	chr4
heterozygous_snvs	191715	both	phased_hifiasm	T2T04_hifiasm_porec	whatshap_stats	chr4
phased_snvs	190192	both	phased_hifiasm	T2T04_hifiasm_porec	whatshap_stats	chr4
phased_fraction	0.9930186512154148	both	phased_hifiasm	T2T04_hifiasm_porec	whatshap_stats	chr4
phased_snvs_fraction	0.9920559163341418	both	phased_hifiasm	T2T04_hifiasm_porec	whatshap_stats	chr4
block_n50	193510716	both	phased_hifiasm	T2T04_hifiasm_porec	whatshap_stats	chr4
variants	280980	both	phased_hifiasm	T2T04_hifiasm_porec	whatshap_stats	chr5
phased	186459	both	phased_hifiasm	T2T04_hifiasm_porec	whatshap_stats	chr5
unphased	128	both	phased_hifiasm	T2T04_hifiasm_porec	whatshap_stats	chr5
singletons	0	both	phased_hifiasm	T2T04_hifiasm_porec	whatshap_stats	chr5
blocks	1	both	phased_hifiasm	T2T04_hifiasm_porec	whatshap_stats	chr5
variant_per_block_median	186459	both	phased_hifiasm	T2T04_hifiasm_porec	whatshap_stats	chr5
variant_per_block_avg	186459	both	phased_hifiasm	T2T04_hifiasm_porec	whatshap_stats	chr5
variant_per_block_min	186459	both	phased_hifiasm	T2T04_hifiasm_porec	whatshap_stats	chr5
variant_per_block_max	186459	both	phased_hifiasm	T2T04_hifiasm_porec	whatshap_stats	chr5
variant_per_block_sum	186459	both	phased_hifiasm	T2T04_hifiasm_porec	whatshap_stats	chr5
bp_per_block_median	182041818	both	phased_hifiasm	T2T04_hifiasm_porec	whatshap_stats	chr5
bp_per_block_avg	182041818	both	phased_hifiasm	T2T04_hifiasm_porec	whatshap_stats	chr5
bp_per_block_min	182041818	both	phased_hifiasm	T2T04_hifiasm_porec	whatshap_stats	chr5
bp_per_block_max	182041818	both	phased_hifiasm	T2T04_hifiasm_porec	whatshap_stats	chr5
bp_per_block_sum	182041818	both	phased_hifiasm	T2T04_hifiasm_porec	whatshap_stats	chr5
heterozygous_variants	186587	both	phased_hifiasm	T2T04_hifiasm_porec	whatshap_stats	chr5
heterozygous_snvs	149564	both	phased_hifiasm	T2T04_hifiasm_porec	whatshap_stats	chr5
phased_snvs	149455	both	phased_hifiasm	T2T04_hifiasm_porec	whatshap_stats	chr5
phased_fraction	0.999313992936271	both	phased_hifiasm	T2T04_hifiasm_porec	whatshap_stats	chr5
phased_snvs_fraction	0.9992712149982615	both	phased_hifiasm	T2T04_hifiasm_porec	whatshap_stats	chr5
block_n50	182041818	both	phased_hifiasm	T2T04_hifiasm_porec	whatshap_stats	chr5
variants	305427	both	phased_hifiasm	T2T04_hifiasm_porec	whatshap_stats	chr6
phased	211461	both	phased_hifiasm	T2T04_hifiasm_porec	whatshap_stats	chr6
unphased	1	both	phased_hifiasm	T2T04_hifiasm_porec	whatshap_stats	chr6
singletons	0	both	phased_hifiasm	T2T04_hifiasm_porec	whatshap_stats	chr6
blocks	1	both	phased_hifiasm	T2T04_hifiasm_porec	whatshap_stats	chr6
variant_per_block_median	211461	both	phased_hifiasm	T2T04_hifiasm_porec	whatshap_stats	chr6
variant_per_block_avg	211461	both	phased_hifiasm	T2T04_hifiasm_porec	whatshap_stats	chr6
variant_per_block_min	211461	both	phased_hifiasm	T2T04_hifiasm_porec	whatshap_stats	chr6
variant_per_block_max	211461	both	phased_hifiasm	T2T04_hifiasm_porec	whatshap_stats	chr6
variant_per_block_sum	211461	both	phased_hifiasm	T2T04_hifiasm_porec	whatshap_stats	chr6
bp_per_block_median	172120583	both	phased_hifiasm	T2T04_hifiasm_porec	whatshap_stats	chr6
bp_per_block_avg	172120583	both	phased_hifiasm	T2T04_hifiasm_porec	whatshap_stats	chr6
bp_per_block_min	172120583	both	phased_hifiasm	T2T04_hifiasm_porec	whatshap_stats	chr6
bp_per_block_max	172120583	both	phased_hifiasm	T2T04_hifiasm_porec	whatshap_stats	chr6
bp_per_block_sum	172120583	both	phased_hifiasm	T2T04_hifiasm_porec	whatshap_stats	chr6
heterozygous_variants	211462	both	phased_hifiasm	T2T04_hifiasm_porec	whatshap_stats	chr6
heterozygous_snvs	174272	both	phased_hifiasm	T2T04_hifiasm_porec	whatshap_stats	chr6
phased_snvs	174271	both	phased_hifiasm	T2T04_hifiasm_porec	whatshap_stats	chr6
phased_fraction	0.9999952710179608	both	phased_hifiasm	T2T04_hifiasm_porec	whatshap_stats	chr6
phased_snvs_fraction	0.9999942618435548	both	phased_hifiasm	T2T04_hifiasm_porec	whatshap_stats	chr6
block_n50	172120583	both	phased_hifiasm	T2T04_hifiasm_porec	whatshap_stats	chr6
variants	284120	both	phased_hifiasm	T2T04_hifiasm_porec	whatshap_stats	chr7
phased	200851	both	phased_hifiasm	T2T04_hifiasm_porec	whatshap_stats	chr7
unphased	9	both	phased_hifiasm	T2T04_hifiasm_porec	whatshap_stats	chr7
singletons	0	both	phased_hifiasm	T2T04_hifiasm_porec	whatshap_stats	chr7
blocks	1	both	phased_hifiasm	T2T04_hifiasm_porec	whatshap_stats	chr7
variant_per_block_median	200851	both	phased_hifiasm	T2T04_hifiasm_porec	whatshap_stats	chr7
variant_per_block_avg	200851	both	phased_hifiasm	T2T04_hifiasm_porec	whatshap_stats	chr7
variant_per_block_min	200851	both	phased_hifiasm	T2T04_hifiasm_porec	whatshap_stats	chr7
variant_per_block_max	200851	both	phased_hifiasm	T2T04_hifiasm_porec	whatshap_stats	chr7
variant_per_block_sum	200851	both	phased_hifiasm	T2T04_hifiasm_porec	whatshap_stats	chr7
bp_per_block_median	160560661	both	phased_hifiasm	T2T04_hifiasm_porec	whatshap_stats	chr7
bp_per_block_avg	160560661	both	phased_hifiasm	T2T04_hifiasm_porec	whatshap_stats	chr7
bp_per_block_min	160560661	both	phased_hifiasm	T2T04_hifiasm_porec	whatshap_stats	chr7
bp_per_block_max	160560661	both	phased_hifiasm	T2T04_hifiasm_porec	whatshap_stats	chr7
bp_per_block_sum	160560661	both	phased_hifiasm	T2T04_hifiasm_porec	whatshap_stats	chr7
heterozygous_variants	200860	both	phased_hifiasm	T2T04_hifiasm_porec	whatshap_stats	chr7
heterozygous_snvs	162882	both	phased_hifiasm	T2T04_hifiasm_porec	whatshap_stats	chr7
phased_snvs	162874	both	phased_hifiasm	T2T04_hifiasm_porec	whatshap_stats	chr7
phased_fraction	0.9999551926715124	both	phased_hifiasm	T2T04_hifiasm_porec	whatshap_stats	chr7
phased_snvs_fraction	0.99995088468953	both	phased_hifiasm	T2T04_hifiasm_porec	whatshap_stats	chr7
block_n50	160560661	both	phased_hifiasm	T2T04_hifiasm_porec	whatshap_stats	chr7
variants	132981	both	phased_hifiasm	T2T04_hifiasm_porec	whatshap_stats	chrX
phased	132981	both	phased_hifiasm	T2T04_hifiasm_porec	whatshap_stats	chrX
unphased	0	both	phased_hifiasm	T2T04_hifiasm_porec	whatshap_stats	chrX
singletons	0	both	phased_hifiasm	T2T04_hifiasm_porec	whatshap_stats	chrX
blocks	1	both	phased_hifiasm	T2T04_hifiasm_porec	whatshap_stats	chrX
variant_per_block_median	132981	both	phased_hifiasm	T2T04_hifiasm_porec	whatshap_stats	chrX
variant_per_block_avg	132981	both	phased_hifiasm	T2T04_hifiasm_porec	whatshap_stats	chrX
variant_per_block_min	132981	both	phased_hifiasm	T2T04_hifiasm_porec	whatshap_stats	chrX
variant_per_block_max	132981	both	phased_hifiasm	T2T04_hifiasm_porec	whatshap_stats	chrX
variant_per_block_sum	132981	both	phased_hifiasm	T2T04_hifiasm_porec	whatshap_stats	chrX
bp_per_block_median	154197817	both	phased_hifiasm	T2T04_hifiasm_porec	whatshap_stats	chrX
bp_per_block_avg	154197817	both	phased_hifiasm	T2T04_hifiasm_porec	whatshap_stats	chrX
bp_per_block_min	154197817	both	phased_hifiasm	T2T04_hifiasm_porec	whatshap_stats	chrX
bp_per_block_max	154197817	both	phased_hifiasm	T2T04_hifiasm_porec	whatshap_stats	chrX
bp_per_block_sum	154197817	both	phased_hifiasm	T2T04_hifiasm_porec	whatshap_stats	chrX
heterozygous_variants	132981	both	phased_hifiasm	T2T04_hifiasm_porec	whatshap_stats	chrX
heterozygous_snvs	100642	both	phased_hifiasm	T2T04_hifiasm_porec	whatshap_stats	chrX
phased_snvs	100642	both	phased_hifiasm	T2T04_hifiasm_porec	whatshap_stats	chrX
phased_fraction	1	both	phased_hifiasm	T2T04_hifiasm_porec	whatshap_stats	chrX
phased_snvs_fraction	1	both	phased_hifiasm	T2T04_hifiasm_porec	whatshap_stats	chrX
block_n50	154197817	both	phased_hifiasm	T2T04_hifiasm_porec	whatshap_stats	chrX
variants	229663	both	phased_hifiasm	T2T04_hifiasm_porec	whatshap_stats	chr9
phased	171007	both	phased_hifiasm	T2T04_hifiasm_porec	whatshap_stats	chr9
unphased	496	both	phased_hifiasm	T2T04_hifiasm_porec	whatshap_stats	chr9
singletons	0	both	phased_hifiasm	T2T04_hifiasm_porec	whatshap_stats	chr9
blocks	1	both	phased_hifiasm	T2T04_hifiasm_porec	whatshap_stats	chr9
variant_per_block_median	171007	both	phased_hifiasm	T2T04_hifiasm_porec	whatshap_stats	chr9
variant_per_block_avg	171007	both	phased_hifiasm	T2T04_hifiasm_porec	whatshap_stats	chr9
variant_per_block_min	171007	both	phased_hifiasm	T2T04_hifiasm_porec	whatshap_stats	chr9
variant_per_block_max	171007	both	phased_hifiasm	T2T04_hifiasm_porec	whatshap_stats	chr9
variant_per_block_sum	171007	both	phased_hifiasm	T2T04_hifiasm_porec	whatshap_stats	chr9
bp_per_block_median	150611885	both	phased_hifiasm	T2T04_hifiasm_porec	whatshap_stats	chr9
bp_per_block_avg	150611885	both	phased_hifiasm	T2T04_hifiasm_porec	whatshap_stats	chr9
bp_per_block_min	150611885	both	phased_hifiasm	T2T04_hifiasm_porec	whatshap_stats	chr9
bp_per_block_max	150611885	both	phased_hifiasm	T2T04_hifiasm_porec	whatshap_stats	chr9
bp_per_block_sum	150611885	both	phased_hifiasm	T2T04_hifiasm_porec	whatshap_stats	chr9
heterozygous_variants	171503	both	phased_hifiasm	T2T04_hifiasm_porec	whatshap_stats	chr9
heterozygous_snvs	138682	both	phased_hifiasm	T2T04_hifiasm_porec	whatshap_stats	chr9
phased_snvs	138238	both	phased_hifiasm	T2T04_hifiasm_porec	whatshap_stats	chr9
phased_fraction	0.9971079223103968	both	phased_hifiasm	T2T04_hifiasm_porec	whatshap_stats	chr9
phased_snvs_fraction	0.9967984309427322	both	phased_hifiasm	T2T04_hifiasm_porec	whatshap_stats	chr9
block_n50	150611885	both	phased_hifiasm	T2T04_hifiasm_porec	whatshap_stats	chr9
variants	238212	both	phased_hifiasm	T2T04_hifiasm_porec	whatshap_stats	chr8
phased	168312	both	phased_hifiasm	T2T04_hifiasm_porec	whatshap_stats	chr8
unphased	0	both	phased_hifiasm	T2T04_hifiasm_porec	whatshap_stats	chr8
singletons	0	both	phased_hifiasm	T2T04_hifiasm_porec	whatshap_stats	chr8
blocks	1	both	phased_hifiasm	T2T04_hifiasm_porec	whatshap_stats	chr8
variant_per_block_median	168312	both	phased_hifiasm	T2T04_hifiasm_porec	whatshap_stats	chr8
variant_per_block_avg	168312	both	phased_hifiasm	T2T04_hifiasm_porec	whatshap_stats	chr8
variant_per_block_min	168312	both	phased_hifiasm	T2T04_hifiasm_porec	whatshap_stats	chr8
variant_per_block_max	168312	both	phased_hifiasm	T2T04_hifiasm_porec	whatshap_stats	chr8
variant_per_block_sum	168312	both	phased_hifiasm	T2T04_hifiasm_porec	whatshap_stats	chr8
bp_per_block_median	146250668	both	phased_hifiasm	T2T04_hifiasm_porec	whatshap_stats	chr8
bp_per_block_avg	146250668	both	phased_hifiasm	T2T04_hifiasm_porec	whatshap_stats	chr8
bp_per_block_min	146250668	both	phased_hifiasm	T2T04_hifiasm_porec	whatshap_stats	chr8
bp_per_block_max	146250668	both	phased_hifiasm	T2T04_hifiasm_porec	whatshap_stats	chr8
bp_per_block_sum	146250668	both	phased_hifiasm	T2T04_hifiasm_porec	whatshap_stats	chr8
heterozygous_variants	168312	both	phased_hifiasm	T2T04_hifiasm_porec	whatshap_stats	chr8
heterozygous_snvs	137556	both	phased_hifiasm	T2T04_hifiasm_porec	whatshap_stats	chr8
phased_snvs	137556	both	phased_hifiasm	T2T04_hifiasm_porec	whatshap_stats	chr8
phased_fraction	1	both	phased_hifiasm	T2T04_hifiasm_porec	whatshap_stats	chr8
phased_snvs_fraction	1	both	phased_hifiasm	T2T04_hifiasm_porec	whatshap_stats	chr8
block_n50	146250668	both	phased_hifiasm	T2T04_hifiasm_porec	whatshap_stats	chr8
variants	247023	both	phased_hifiasm	T2T04_hifiasm_porec	whatshap_stats	chr11
phased	187108	both	phased_hifiasm	T2T04_hifiasm_porec	whatshap_stats	chr11
unphased	0	both	phased_hifiasm	T2T04_hifiasm_porec	whatshap_stats	chr11
singletons	0	both	phased_hifiasm	T2T04_hifiasm_porec	whatshap_stats	chr11
blocks	1	both	phased_hifiasm	T2T04_hifiasm_porec	whatshap_stats	chr11
variant_per_block_median	187108	both	phased_hifiasm	T2T04_hifiasm_porec	whatshap_stats	chr11
variant_per_block_avg	187108	both	phased_hifiasm	T2T04_hifiasm_porec	whatshap_stats	chr11
variant_per_block_min	187108	both	phased_hifiasm	T2T04_hifiasm_porec	whatshap_stats	chr11
variant_per_block_max	187108	both	phased_hifiasm	T2T04_hifiasm_porec	whatshap_stats	chr11
variant_per_block_sum	187108	both	phased_hifiasm	T2T04_hifiasm_porec	whatshap_stats	chr11
bp_per_block_median	135122566	both	phased_hifiasm	T2T04_hifiasm_porec	whatshap_stats	chr11
bp_per_block_avg	135122566	both	phased_hifiasm	T2T04_hifiasm_porec	whatshap_stats	chr11
bp_per_block_min	135122566	both	phased_hifiasm	T2T04_hifiasm_porec	whatshap_stats	chr11
bp_per_block_max	135122566	both	phased_hifiasm	T2T04_hifiasm_porec	whatshap_stats	chr11
bp_per_block_sum	135122566	both	phased_hifiasm	T2T04_hifiasm_porec	whatshap_stats	chr11
heterozygous_variants	187108	both	phased_hifiasm	T2T04_hifiasm_porec	whatshap_stats	chr11
heterozygous_snvs	157228	both	phased_hifiasm	T2T04_hifiasm_porec	whatshap_stats	chr11
phased_snvs	157228	both	phased_hifiasm	T2T04_hifiasm_porec	whatshap_stats	chr11
phased_fraction	1	both	phased_hifiasm	T2T04_hifiasm_porec	whatshap_stats	chr11
phased_snvs_fraction	1	both	phased_hifiasm	T2T04_hifiasm_porec	whatshap_stats	chr11
block_n50	135122566	both	phased_hifiasm	T2T04_hifiasm_porec	whatshap_stats	chr11
variants	218447	both	phased_hifiasm	T2T04_hifiasm_porec	whatshap_stats	chr10
phased	149138	both	phased_hifiasm	T2T04_hifiasm_porec	whatshap_stats	chr10
unphased	0	both	phased_hifiasm	T2T04_hifiasm_porec	whatshap_stats	chr10
singletons	0	both	phased_hifiasm	T2T04_hifiasm_porec	whatshap_stats	chr10
blocks	1	both	phased_hifiasm	T2T04_hifiasm_porec	whatshap_stats	chr10
variant_per_block_median	149138	both	phased_hifiasm	T2T04_hifiasm_porec	whatshap_stats	chr10
variant_per_block_avg	149138	both	phased_hifiasm	T2T04_hifiasm_porec	whatshap_stats	chr10
variant_per_block_min	149138	both	phased_hifiasm	T2T04_hifiasm_porec	whatshap_stats	chr10
variant_per_block_max	149138	both	phased_hifiasm	T2T04_hifiasm_porec	whatshap_stats	chr10
variant_per_block_sum	149138	both	phased_hifiasm	T2T04_hifiasm_porec	whatshap_stats	chr10
bp_per_block_median	134686958	both	phased_hifiasm	T2T04_hifiasm_porec	whatshap_stats	chr10
bp_per_block_avg	134686958	both	phased_hifiasm	T2T04_hifiasm_porec	whatshap_stats	chr10
bp_per_block_min	134686958	both	phased_hifiasm	T2T04_hifiasm_porec	whatshap_stats	chr10
bp_per_block_max	134686958	both	phased_hifiasm	T2T04_hifiasm_porec	whatshap_stats	chr10
bp_per_block_sum	134686958	both	phased_hifiasm	T2T04_hifiasm_porec	whatshap_stats	chr10
heterozygous_variants	149138	both	phased_hifiasm	T2T04_hifiasm_porec	whatshap_stats	chr10
heterozygous_snvs	118439	both	phased_hifiasm	T2T04_hifiasm_porec	whatshap_stats	chr10
phased_snvs	118439	both	phased_hifiasm	T2T04_hifiasm_porec	whatshap_stats	chr10
phased_fraction	1	both	phased_hifiasm	T2T04_hifiasm_porec	whatshap_stats	chr10
phased_snvs_fraction	1	both	phased_hifiasm	T2T04_hifiasm_porec	whatshap_stats	chr10
block_n50	134686958	both	phased_hifiasm	T2T04_hifiasm_porec	whatshap_stats	chr10
variants	206791	both	phased_hifiasm	T2T04_hifiasm_porec	whatshap_stats	chr12
phased	145563	both	phased_hifiasm	T2T04_hifiasm_porec	whatshap_stats	chr12
unphased	0	both	phased_hifiasm	T2T04_hifiasm_porec	whatshap_stats	chr12
singletons	0	both	phased_hifiasm	T2T04_hifiasm_porec	whatshap_stats	chr12
blocks	1	both	phased_hifiasm	T2T04_hifiasm_porec	whatshap_stats	chr12
variant_per_block_median	145563	both	phased_hifiasm	T2T04_hifiasm_porec	whatshap_stats	chr12
variant_per_block_avg	145563	both	phased_hifiasm	T2T04_hifiasm_porec	whatshap_stats	chr12
variant_per_block_min	145563	both	phased_hifiasm	T2T04_hifiasm_porec	whatshap_stats	chr12
variant_per_block_max	145563	both	phased_hifiasm	T2T04_hifiasm_porec	whatshap_stats	chr12
variant_per_block_sum	145563	both	phased_hifiasm	T2T04_hifiasm_porec	whatshap_stats	chr12
bp_per_block_median	133319089	both	phased_hifiasm	T2T04_hifiasm_porec	whatshap_stats	chr12
bp_per_block_avg	133319089	both	phased_hifiasm	T2T04_hifiasm_porec	whatshap_stats	chr12
bp_per_block_min	133319089	both	phased_hifiasm	T2T04_hifiasm_porec	whatshap_stats	chr12
bp_per_block_max	133319089	both	phased_hifiasm	T2T04_hifiasm_porec	whatshap_stats	chr12
bp_per_block_sum	133319089	both	phased_hifiasm	T2T04_hifiasm_porec	whatshap_stats	chr12
heterozygous_variants	145563	both	phased_hifiasm	T2T04_hifiasm_porec	whatshap_stats	chr12
heterozygous_snvs	114741	both	phased_hifiasm	T2T04_hifiasm_porec	whatshap_stats	chr12
phased_snvs	114741	both	phased_hifiasm	T2T04_hifiasm_porec	whatshap_stats	chr12
phased_fraction	1	both	phased_hifiasm	T2T04_hifiasm_porec	whatshap_stats	chr12
phased_snvs_fraction	1	both	phased_hifiasm	T2T04_hifiasm_porec	whatshap_stats	chr12
block_n50	133319089	both	phased_hifiasm	T2T04_hifiasm_porec	whatshap_stats	chr12
variants	165967	both	phased_hifiasm	T2T04_hifiasm_porec	whatshap_stats	chr13
phased	112723	both	phased_hifiasm	T2T04_hifiasm_porec	whatshap_stats	chr13
unphased	0	both	phased_hifiasm	T2T04_hifiasm_porec	whatshap_stats	chr13
singletons	0	both	phased_hifiasm	T2T04_hifiasm_porec	whatshap_stats	chr13
blocks	1	both	phased_hifiasm	T2T04_hifiasm_porec	whatshap_stats	chr13
variant_per_block_median	112723	both	phased_hifiasm	T2T04_hifiasm_porec	whatshap_stats	chr13
variant_per_block_avg	112723	both	phased_hifiasm	T2T04_hifiasm_porec	whatshap_stats	chr13
variant_per_block_min	112723	both	phased_hifiasm	T2T04_hifiasm_porec	whatshap_stats	chr13
variant_per_block_max	112723	both	phased_hifiasm	T2T04_hifiasm_porec	whatshap_stats	chr13
variant_per_block_sum	112723	both	phased_hifiasm	T2T04_hifiasm_porec	whatshap_stats	chr13
bp_per_block_median	113525911	both	phased_hifiasm	T2T04_hifiasm_porec	whatshap_stats	chr13
bp_per_block_avg	113525911	both	phased_hifiasm	T2T04_hifiasm_porec	whatshap_stats	chr13
bp_per_block_min	113525911	both	phased_hifiasm	T2T04_hifiasm_porec	whatshap_stats	chr13
bp_per_block_max	113525911	both	phased_hifiasm	T2T04_hifiasm_porec	whatshap_stats	chr13
bp_per_block_sum	113525911	both	phased_hifiasm	T2T04_hifiasm_porec	whatshap_stats	chr13
heterozygous_variants	112723	both	phased_hifiasm	T2T04_hifiasm_porec	whatshap_stats	chr13
heterozygous_snvs	89937	both	phased_hifiasm	T2T04_hifiasm_porec	whatshap_stats	chr13
phased_snvs	89937	both	phased_hifiasm	T2T04_hifiasm_porec	whatshap_stats	chr13
phased_fraction	1	both	phased_hifiasm	T2T04_hifiasm_porec	whatshap_stats	chr13
phased_snvs_fraction	1	both	phased_hifiasm	T2T04_hifiasm_porec	whatshap_stats	chr13
block_n50	113525911	both	phased_hifiasm	T2T04_hifiasm_porec	whatshap_stats	chr13
variants	216601	both	phased_hifiasm	T2T04_hifiasm_porec	whatshap_stats	chr14
phased	161611	both	phased_hifiasm	T2T04_hifiasm_porec	whatshap_stats	chr14
unphased	4999	both	phased_hifiasm	T2T04_hifiasm_porec	whatshap_stats	chr14
singletons	0	both	phased_hifiasm	T2T04_hifiasm_porec	whatshap_stats	chr14
blocks	1	both	phased_hifiasm	T2T04_hifiasm_porec	whatshap_stats	chr14
variant_per_block_median	161611	both	phased_hifiasm	T2T04_hifiasm_porec	whatshap_stats	chr14
variant_per_block_avg	161611	both	phased_hifiasm	T2T04_hifiasm_porec	whatshap_stats	chr14
variant_per_block_min	161611	both	phased_hifiasm	T2T04_hifiasm_porec	whatshap_stats	chr14
variant_per_block_max	161611	both	phased_hifiasm	T2T04_hifiasm_porec	whatshap_stats	chr14
variant_per_block_sum	161611	both	phased_hifiasm	T2T04_hifiasm_porec	whatshap_stats	chr14
bp_per_block_median	101114897	both	phased_hifiasm	T2T04_hifiasm_porec	whatshap_stats	chr14
bp_per_block_avg	101114897	both	phased_hifiasm	T2T04_hifiasm_porec	whatshap_stats	chr14
bp_per_block_min	101114897	both	phased_hifiasm	T2T04_hifiasm_porec	whatshap_stats	chr14
bp_per_block_max	101114897	both	phased_hifiasm	T2T04_hifiasm_porec	whatshap_stats	chr14
bp_per_block_sum	101114897	both	phased_hifiasm	T2T04_hifiasm_porec	whatshap_stats	chr14
heterozygous_variants	166610	both	phased_hifiasm	T2T04_hifiasm_porec	whatshap_stats	chr14
heterozygous_snvs	141164	both	phased_hifiasm	T2T04_hifiasm_porec	whatshap_stats	chr14
phased_snvs	136693	both	phased_hifiasm	T2T04_hifiasm_porec	whatshap_stats	chr14
phased_fraction	0.9699957985715144	both	phased_hifiasm	T2T04_hifiasm_porec	whatshap_stats	chr14
phased_snvs_fraction	0.968327618939673	both	phased_hifiasm	T2T04_hifiasm_porec	whatshap_stats	chr14
block_n50	101114897	both	phased_hifiasm	T2T04_hifiasm_porec	whatshap_stats	chr14
variants	234688	both	phased_hifiasm	T2T04_hifiasm_porec	whatshap_stats	chr15
phased	177161	both	phased_hifiasm	T2T04_hifiasm_porec	whatshap_stats	chr15
unphased	17127	both	phased_hifiasm	T2T04_hifiasm_porec	whatshap_stats	chr15
singletons	0	both	phased_hifiasm	T2T04_hifiasm_porec	whatshap_stats	chr15
blocks	1	both	phased_hifiasm	T2T04_hifiasm_porec	whatshap_stats	chr15
variant_per_block_median	177161	both	phased_hifiasm	T2T04_hifiasm_porec	whatshap_stats	chr15
variant_per_block_avg	177161	both	phased_hifiasm	T2T04_hifiasm_porec	whatshap_stats	chr15
variant_per_block_min	177161	both	phased_hifiasm	T2T04_hifiasm_porec	whatshap_stats	chr15
variant_per_block_max	177161	both	phased_hifiasm	T2T04_hifiasm_porec	whatshap_stats	chr15
variant_per_block_sum	177161	both	phased_hifiasm	T2T04_hifiasm_porec	whatshap_stats	chr15
bp_per_block_median	99744162	both	phased_hifiasm	T2T04_hifiasm_porec	whatshap_stats	chr15
bp_per_block_avg	99744162	both	phased_hifiasm	T2T04_hifiasm_porec	whatshap_stats	chr15
bp_per_block_min	99744162	both	phased_hifiasm	T2T04_hifiasm_porec	whatshap_stats	chr15
bp_per_block_max	99744162	both	phased_hifiasm	T2T04_hifiasm_porec	whatshap_stats	chr15
bp_per_block_sum	99744162	both	phased_hifiasm	T2T04_hifiasm_porec	whatshap_stats	chr15
heterozygous_variants	194288	both	phased_hifiasm	T2T04_hifiasm_porec	whatshap_stats	chr15
heterozygous_snvs	162808	both	phased_hifiasm	T2T04_hifiasm_porec	whatshap_stats	chr15
phased_snvs	147389	both	phased_hifiasm	T2T04_hifiasm_porec	whatshap_stats	chr15
phased_fraction	0.9118473606192868	both	phased_hifiasm	T2T04_hifiasm_porec	whatshap_stats	chr15
phased_snvs_fraction	0.9052933516780504	both	phased_hifiasm	T2T04_hifiasm_porec	whatshap_stats	chr15
block_n50	99744162	both	phased_hifiasm	T2T04_hifiasm_porec	whatshap_stats	chr15
variants	178496	both	phased_hifiasm	T2T04_hifiasm_porec	whatshap_stats	chr16
phased	123955	both	phased_hifiasm	T2T04_hifiasm_porec	whatshap_stats	chr16
unphased	178	both	phased_hifiasm	T2T04_hifiasm_porec	whatshap_stats	chr16
singletons	0	both	phased_hifiasm	T2T04_hifiasm_porec	whatshap_stats	chr16
blocks	1	both	phased_hifiasm	T2T04_hifiasm_porec	whatshap_stats	chr16
variant_per_block_median	123955	both	phased_hifiasm	T2T04_hifiasm_porec	whatshap_stats	chr16
variant_per_block_avg	123955	both	phased_hifiasm	T2T04_hifiasm_porec	whatshap_stats	chr16
variant_per_block_min	123955	both	phased_hifiasm	T2T04_hifiasm_porec	whatshap_stats	chr16
variant_per_block_max	123955	both	phased_hifiasm	T2T04_hifiasm_porec	whatshap_stats	chr16
variant_per_block_sum	123955	both	phased_hifiasm	T2T04_hifiasm_porec	whatshap_stats	chr16
bp_per_block_median	96325000	both	phased_hifiasm	T2T04_hifiasm_porec	whatshap_stats	chr16
bp_per_block_avg	96325000	both	phased_hifiasm	T2T04_hifiasm_porec	whatshap_stats	chr16
bp_per_block_min	96325000	both	phased_hifiasm	T2T04_hifiasm_porec	whatshap_stats	chr16
bp_per_block_max	96325000	both	phased_hifiasm	T2T04_hifiasm_porec	whatshap_stats	chr16
bp_per_block_sum	96325000	both	phased_hifiasm	T2T04_hifiasm_porec	whatshap_stats	chr16
heterozygous_variants	124133	both	phased_hifiasm	T2T04_hifiasm_porec	whatshap_stats	chr16
heterozygous_snvs	101823	both	phased_hifiasm	T2T04_hifiasm_porec	whatshap_stats	chr16
phased_snvs	101671	both	phased_hifiasm	T2T04_hifiasm_porec	whatshap_stats	chr16
phased_fraction	0.9985660541515956	both	phased_hifiasm	T2T04_hifiasm_porec	whatshap_stats	chr16
phased_snvs_fraction	0.9985072134979328	both	phased_hifiasm	T2T04_hifiasm_porec	whatshap_stats	chr16
block_n50	96325000	both	phased_hifiasm	T2T04_hifiasm_porec	whatshap_stats	chr16
variants	162138	both	phased_hifiasm	T2T04_hifiasm_porec	whatshap_stats	chr17
phased	116639	both	phased_hifiasm	T2T04_hifiasm_porec	whatshap_stats	chr17
unphased	1	both	phased_hifiasm	T2T04_hifiasm_porec	whatshap_stats	chr17
singletons	0	both	phased_hifiasm	T2T04_hifiasm_porec	whatshap_stats	chr17
blocks	1	both	phased_hifiasm	T2T04_hifiasm_porec	whatshap_stats	chr17
variant_per_block_median	116639	both	phased_hifiasm	T2T04_hifiasm_porec	whatshap_stats	chr17
variant_per_block_avg	116639	both	phased_hifiasm	T2T04_hifiasm_porec	whatshap_stats	chr17
variant_per_block_min	116639	both	phased_hifiasm	T2T04_hifiasm_porec	whatshap_stats	chr17
variant_per_block_max	116639	both	phased_hifiasm	T2T04_hifiasm_porec	whatshap_stats	chr17
variant_per_block_sum	116639	both	phased_hifiasm	T2T04_hifiasm_porec	whatshap_stats	chr17
bp_per_block_median	84271409	both	phased_hifiasm	T2T04_hifiasm_porec	whatshap_stats	chr17
bp_per_block_avg	84271409	both	phased_hifiasm	T2T04_hifiasm_porec	whatshap_stats	chr17
bp_per_block_min	84271409	both	phased_hifiasm	T2T04_hifiasm_porec	whatshap_stats	chr17
bp_per_block_max	84271409	both	phased_hifiasm	T2T04_hifiasm_porec	whatshap_stats	chr17
bp_per_block_sum	84271409	both	phased_hifiasm	T2T04_hifiasm_porec	whatshap_stats	chr17
heterozygous_variants	116640	both	phased_hifiasm	T2T04_hifiasm_porec	whatshap_stats	chr17
heterozygous_snvs	92594	both	phased_hifiasm	T2T04_hifiasm_porec	whatshap_stats	chr17
phased_snvs	92594	both	phased_hifiasm	T2T04_hifiasm_porec	whatshap_stats	chr17
phased_fraction	0.999991426611797	both	phased_hifiasm	T2T04_hifiasm_porec	whatshap_stats	chr17
phased_snvs_fraction	1	both	phased_hifiasm	T2T04_hifiasm_porec	whatshap_stats	chr17
block_n50	84271409	both	phased_hifiasm	T2T04_hifiasm_porec	whatshap_stats	chr17
variants	135294	both	phased_hifiasm	T2T04_hifiasm_porec	whatshap_stats	chr18
phased	96299	both	phased_hifiasm	T2T04_hifiasm_porec	whatshap_stats	chr18
unphased	0	both	phased_hifiasm	T2T04_hifiasm_porec	whatshap_stats	chr18
singletons	0	both	phased_hifiasm	T2T04_hifiasm_porec	whatshap_stats	chr18
blocks	1	both	phased_hifiasm	T2T04_hifiasm_porec	whatshap_stats	chr18
variant_per_block_median	96299	both	phased_hifiasm	T2T04_hifiasm_porec	whatshap_stats	chr18
variant_per_block_avg	96299	both	phased_hifiasm	T2T04_hifiasm_porec	whatshap_stats	chr18
variant_per_block_min	96299	both	phased_hifiasm	T2T04_hifiasm_porec	whatshap_stats	chr18
variant_per_block_max	96299	both	phased_hifiasm	T2T04_hifiasm_porec	whatshap_stats	chr18
variant_per_block_sum	96299	both	phased_hifiasm	T2T04_hifiasm_porec	whatshap_stats	chr18
bp_per_block_median	80374808	both	phased_hifiasm	T2T04_hifiasm_porec	whatshap_stats	chr18
bp_per_block_avg	80374808	both	phased_hifiasm	T2T04_hifiasm_porec	whatshap_stats	chr18
bp_per_block_min	80374808	both	phased_hifiasm	T2T04_hifiasm_porec	whatshap_stats	chr18
bp_per_block_max	80374808	both	phased_hifiasm	T2T04_hifiasm_porec	whatshap_stats	chr18
bp_per_block_sum	80374808	both	phased_hifiasm	T2T04_hifiasm_porec	whatshap_stats	chr18
heterozygous_variants	96299	both	phased_hifiasm	T2T04_hifiasm_porec	whatshap_stats	chr18
heterozygous_snvs	79226	both	phased_hifiasm	T2T04_hifiasm_porec	whatshap_stats	chr18
phased_snvs	79226	both	phased_hifiasm	T2T04_hifiasm_porec	whatshap_stats	chr18
phased_fraction	1	both	phased_hifiasm	T2T04_hifiasm_porec	whatshap_stats	chr18
phased_snvs_fraction	1	both	phased_hifiasm	T2T04_hifiasm_porec	whatshap_stats	chr18
block_n50	80374808	both	phased_hifiasm	T2T04_hifiasm_porec	whatshap_stats	chr18
variants	132587	both	phased_hifiasm	T2T04_hifiasm_porec	whatshap_stats	chr20
phased	95205	both	phased_hifiasm	T2T04_hifiasm_porec	whatshap_stats	chr20
unphased	311	both	phased_hifiasm	T2T04_hifiasm_porec	whatshap_stats	chr20
singletons	0	both	phased_hifiasm	T2T04_hifiasm_porec	whatshap_stats	chr20
blocks	1	both	phased_hifiasm	T2T04_hifiasm_porec	whatshap_stats	chr20
variant_per_block_median	95205	both	phased_hifiasm	T2T04_hifiasm_porec	whatshap_stats	chr20
variant_per_block_avg	95205	both	phased_hifiasm	T2T04_hifiasm_porec	whatshap_stats	chr20
variant_per_block_min	95205	both	phased_hifiasm	T2T04_hifiasm_porec	whatshap_stats	chr20
variant_per_block_max	95205	both	phased_hifiasm	T2T04_hifiasm_porec	whatshap_stats	chr20
variant_per_block_sum	95205	both	phased_hifiasm	T2T04_hifiasm_porec	whatshap_stats	chr20
bp_per_block_median	66203836	both	phased_hifiasm	T2T04_hifiasm_porec	whatshap_stats	chr20
bp_per_block_avg	66203836	both	phased_hifiasm	T2T04_hifiasm_porec	whatshap_stats	chr20
bp_per_block_min	66203836	both	phased_hifiasm	T2T04_hifiasm_porec	whatshap_stats	chr20
bp_per_block_max	66203836	both	phased_hifiasm	T2T04_hifiasm_porec	whatshap_stats	chr20
bp_per_block_sum	66203836	both	phased_hifiasm	T2T04_hifiasm_porec	whatshap_stats	chr20
heterozygous_variants	95516	both	phased_hifiasm	T2T04_hifiasm_porec	whatshap_stats	chr20
heterozygous_snvs	79602	both	phased_hifiasm	T2T04_hifiasm_porec	whatshap_stats	chr20
phased_snvs	79320	both	phased_hifiasm	T2T04_hifiasm_porec	whatshap_stats	chr20
phased_fraction	0.9967440010050672	both	phased_hifiasm	T2T04_hifiasm_porec	whatshap_stats	chr20
phased_snvs_fraction	0.996457375442828	both	phased_hifiasm	T2T04_hifiasm_porec	whatshap_stats	chr20
block_n50	66203836	both	phased_hifiasm	T2T04_hifiasm_porec	whatshap_stats	chr20
variants	129926	both	phased_hifiasm	T2T04_hifiasm_porec	whatshap_stats	chr19
phased	97209	both	phased_hifiasm	T2T04_hifiasm_porec	whatshap_stats	chr19
unphased	134	both	phased_hifiasm	T2T04_hifiasm_porec	whatshap_stats	chr19
singletons	0	both	phased_hifiasm	T2T04_hifiasm_porec	whatshap_stats	chr19
blocks	1	both	phased_hifiasm	T2T04_hifiasm_porec	whatshap_stats	chr19
variant_per_block_median	97209	both	phased_hifiasm	T2T04_hifiasm_porec	whatshap_stats	chr19
variant_per_block_avg	97209	both	phased_hifiasm	T2T04_hifiasm_porec	whatshap_stats	chr19
variant_per_block_min	97209	both	phased_hifiasm	T2T04_hifiasm_porec	whatshap_stats	chr19
variant_per_block_max	97209	both	phased_hifiasm	T2T04_hifiasm_porec	whatshap_stats	chr19
variant_per_block_sum	97209	both	phased_hifiasm	T2T04_hifiasm_porec	whatshap_stats	chr19
bp_per_block_median	61702004	both	phased_hifiasm	T2T04_hifiasm_porec	whatshap_stats	chr19
bp_per_block_avg	61702004	both	phased_hifiasm	T2T04_hifiasm_porec	whatshap_stats	chr19
bp_per_block_min	61702004	both	phased_hifiasm	T2T04_hifiasm_porec	whatshap_stats	chr19
bp_per_block_max	61702004	both	phased_hifiasm	T2T04_hifiasm_porec	whatshap_stats	chr19
bp_per_block_sum	61702004	both	phased_hifiasm	T2T04_hifiasm_porec	whatshap_stats	chr19
heterozygous_variants	97343	both	phased_hifiasm	T2T04_hifiasm_porec	whatshap_stats	chr19
heterozygous_snvs	76969	both	phased_hifiasm	T2T04_hifiasm_porec	whatshap_stats	chr19
phased_snvs	76868	both	phased_hifiasm	T2T04_hifiasm_porec	whatshap_stats	chr19
phased_fraction	0.9986234243859344	both	phased_hifiasm	T2T04_hifiasm_porec	whatshap_stats	chr19
phased_snvs_fraction	0.9986877833933142	both	phased_hifiasm	T2T04_hifiasm_porec	whatshap_stats	chr19
block_n50	61702004	both	phased_hifiasm	T2T04_hifiasm_porec	whatshap_stats	chr19
variants	143496	both	phased_hifiasm	T2T04_hifiasm_porec	whatshap_stats	chr22
phased	112242	both	phased_hifiasm	T2T04_hifiasm_porec	whatshap_stats	chr22
unphased	3434	both	phased_hifiasm	T2T04_hifiasm_porec	whatshap_stats	chr22
singletons	0	both	phased_hifiasm	T2T04_hifiasm_porec	whatshap_stats	chr22
blocks	1	both	phased_hifiasm	T2T04_hifiasm_porec	whatshap_stats	chr22
variant_per_block_median	112242	both	phased_hifiasm	T2T04_hifiasm_porec	whatshap_stats	chr22
variant_per_block_avg	112242	both	phased_hifiasm	T2T04_hifiasm_porec	whatshap_stats	chr22
variant_per_block_min	112242	both	phased_hifiasm	T2T04_hifiasm_porec	whatshap_stats	chr22
variant_per_block_max	112242	both	phased_hifiasm	T2T04_hifiasm_porec	whatshap_stats	chr22
variant_per_block_sum	112242	both	phased_hifiasm	T2T04_hifiasm_porec	whatshap_stats	chr22
bp_per_block_median	51317443	both	phased_hifiasm	T2T04_hifiasm_porec	whatshap_stats	chr22
bp_per_block_avg	51317443	both	phased_hifiasm	T2T04_hifiasm_porec	whatshap_stats	chr22
bp_per_block_min	51317443	both	phased_hifiasm	T2T04_hifiasm_porec	whatshap_stats	chr22
bp_per_block_max	51317443	both	phased_hifiasm	T2T04_hifiasm_porec	whatshap_stats	chr22
bp_per_block_sum	51317443	both	phased_hifiasm	T2T04_hifiasm_porec	whatshap_stats	chr22
heterozygous_variants	115676	both	phased_hifiasm	T2T04_hifiasm_porec	whatshap_stats	chr22
heterozygous_snvs	100008	both	phased_hifiasm	T2T04_hifiasm_porec	whatshap_stats	chr22
phased_snvs	97339	both	phased_hifiasm	T2T04_hifiasm_porec	whatshap_stats	chr22
phased_fraction	0.9703136346346692	both	phased_hifiasm	T2T04_hifiasm_porec	whatshap_stats	chr22
phased_snvs_fraction	0.9733121350291976	both	phased_hifiasm	T2T04_hifiasm_porec	whatshap_stats	chr22
block_n50	51317443	both	phased_hifiasm	T2T04_hifiasm_porec	whatshap_stats	chr22
variants	88960	both	phased_hifiasm	T2T04_hifiasm_porec	whatshap_stats	chr21
phased	63380	both	phased_hifiasm	T2T04_hifiasm_porec	whatshap_stats	chr21
unphased	283	both	phased_hifiasm	T2T04_hifiasm_porec	whatshap_stats	chr21
singletons	0	both	phased_hifiasm	T2T04_hifiasm_porec	whatshap_stats	chr21
blocks	1	both	phased_hifiasm	T2T04_hifiasm_porec	whatshap_stats	chr21
variant_per_block_median	63380	both	phased_hifiasm	T2T04_hifiasm_porec	whatshap_stats	chr21
variant_per_block_avg	63380	both	phased_hifiasm	T2T04_hifiasm_porec	whatshap_stats	chr21
variant_per_block_min	63380	both	phased_hifiasm	T2T04_hifiasm_porec	whatshap_stats	chr21
variant_per_block_max	63380	both	phased_hifiasm	T2T04_hifiasm_porec	whatshap_stats	chr21
variant_per_block_sum	63380	both	phased_hifiasm	T2T04_hifiasm_porec	whatshap_stats	chr21
bp_per_block_median	45083417	both	phased_hifiasm	T2T04_hifiasm_porec	whatshap_stats	chr21
bp_per_block_avg	45083417	both	phased_hifiasm	T2T04_hifiasm_porec	whatshap_stats	chr21
bp_per_block_min	45083417	both	phased_hifiasm	T2T04_hifiasm_porec	whatshap_stats	chr21
bp_per_block_max	45083417	both	phased_hifiasm	T2T04_hifiasm_porec	whatshap_stats	chr21
bp_per_block_sum	45083417	both	phased_hifiasm	T2T04_hifiasm_porec	whatshap_stats	chr21
heterozygous_variants	63663	both	phased_hifiasm	T2T04_hifiasm_porec	whatshap_stats	chr21
heterozygous_snvs	52654	both	phased_hifiasm	T2T04_hifiasm_porec	whatshap_stats	chr21
phased_snvs	52399	both	phased_hifiasm	T2T04_hifiasm_porec	whatshap_stats	chr21
phased_fraction	0.9955547178109734	both	phased_hifiasm	T2T04_hifiasm_porec	whatshap_stats	chr21
phased_snvs_fraction	0.9951570630911232	both	phased_hifiasm	T2T04_hifiasm_porec	whatshap_stats	chr21
block_n50	45083417	both	phased_hifiasm	T2T04_hifiasm_porec	whatshap_stats	chr21
variants	5121369	both	phased_hifiasm	T2T04_hifiasm_porec	whatshap_stats	ALL
phased	3658338	both	phased_hifiasm	T2T04_hifiasm_porec	whatshap_stats	ALL
unphased	29990	both	phased_hifiasm	T2T04_hifiasm_porec	whatshap_stats	ALL
singletons	0	both	phased_hifiasm	T2T04_hifiasm_porec	whatshap_stats	ALL
blocks	23	both	phased_hifiasm	T2T04_hifiasm_porec	whatshap_stats	ALL
variant_per_block_median	161611	both	phased_hifiasm	T2T04_hifiasm_porec	whatshap_stats	ALL
variant_per_block_avg	159058.1739130435	both	phased_hifiasm	T2T04_hifiasm_porec	whatshap_stats	ALL
variant_per_block_min	63380	both	phased_hifiasm	T2T04_hifiasm_porec	whatshap_stats	ALL
variant_per_block_max	244832	both	phased_hifiasm	T2T04_hifiasm_porec	whatshap_stats	ALL
variant_per_block_sum	3658338	both	phased_hifiasm	T2T04_hifiasm_porec	whatshap_stats	ALL
bp_per_block_median	134686958	both	phased_hifiasm	T2T04_hifiasm_porec	whatshap_stats	ALL
bp_per_block_avg	132793207.17391305	both	phased_hifiasm	T2T04_hifiasm_porec	whatshap_stats	ALL
bp_per_block_min	45083417	both	phased_hifiasm	T2T04_hifiasm_porec	whatshap_stats	ALL
bp_per_block_max	248380958	both	phased_hifiasm	T2T04_hifiasm_porec	whatshap_stats	ALL
bp_per_block_sum	3054243765	both	phased_hifiasm	T2T04_hifiasm_porec	whatshap_stats	ALL
heterozygous_variants	3688328	both	phased_hifiasm	T2T04_hifiasm_porec	whatshap_stats	ALL
heterozygous_snvs	2996347	both	phased_hifiasm	T2T04_hifiasm_porec	whatshap_stats	ALL
phased_snvs	2969749	both	phased_hifiasm	T2T04_hifiasm_porec	whatshap_stats	ALL
phased_fraction	0.9918689444105838	both	phased_hifiasm	T2T04_hifiasm_porec	whatshap_stats	ALL
phased_snvs_fraction	0.9911231910055812	both	phased_hifiasm	T2T04_hifiasm_porec	whatshap_stats	ALL
block_n50	154197817	both	phased_hifiasm	T2T04_hifiasm_porec	whatshap_stats	ALL
intersection_blocks	1	both	phased_verkko	T2T00_trio	whatshap_compare	chr1
covered_variants	31928	both	phased_verkko	T2T00_trio	whatshap_compare	chr1
all_assessed_pairs	31927	both	phased_verkko	T2T00_trio	whatshap_compare	chr1
all_switches	1688	both	phased_verkko	T2T00_trio	whatshap_compare	chr1
all_switch_rate	0.05287061108152974	both	phased_verkko	T2T00_trio	whatshap_compare	chr1
all_switchflip_rate	0.04153224543489836	both	phased_verkko	T2T00_trio	whatshap_compare	chr1
blockwise_hamming	15688	both	phased_verkko	T2T00_trio	whatshap_compare	chr1
blockwise_hamming_rate	0.49135554998747183	both	phased_verkko	T2T00_trio	whatshap_compare	chr1
blockwise_diff_genotypes	0	both	phased_verkko	T2T00_trio	whatshap_compare	chr1
blockwise_diff_genotypes_rate	0	both	phased_verkko	T2T00_trio	whatshap_compare	chr1
largestblock_assessed_pairs	31927	both	phased_verkko	T2T00_trio	whatshap_compare	chr1
largestblock_switches	1688	both	phased_verkko	T2T00_trio	whatshap_compare	chr1
largestblock_switch_rate	0.05287061108152974	both	phased_verkko	T2T00_trio	whatshap_compare	chr1
largestblock_switchflip_rate	0.04153224543489836	both	phased_verkko	T2T00_trio	whatshap_compare	chr1
largestblock_hamming	15688	both	phased_verkko	T2T00_trio	whatshap_compare	chr1
largestblock_hamming_rate	0.49135554998747183	both	phased_verkko	T2T00_trio	whatshap_compare	chr1
largestblock_diff_genotypes	0	both	phased_verkko	T2T00_trio	whatshap_compare	chr1
largestblock_diff_genotypes_rate	0	both	phased_verkko	T2T00_trio	whatshap_compare	chr1
het_variants0	134721	both	phased_verkko	T2T00_trio	whatshap_compare	chr1
only_snvs	0	both	phased_verkko	T2T00_trio	whatshap_compare	chr1
intersection_blocks	1	both	phased_verkko	T2T00_trio	whatshap_compare	chr10
covered_variants	21500	both	phased_verkko	T2T00_trio	whatshap_compare	chr10
all_assessed_pairs	21499	both	phased_verkko	T2T00_trio	whatshap_compare	chr10
all_switches	1133	both	phased_verkko	T2T00_trio	whatshap_compare	chr10
all_switch_rate	0.05270012558723661	both	phased_verkko	T2T00_trio	whatshap_compare	chr10
all_switchflip_rate	0.04200195357923624	both	phased_verkko	T2T00_trio	whatshap_compare	chr10
blockwise_hamming	9914	both	phased_verkko	T2T00_trio	whatshap_compare	chr10
blockwise_hamming_rate	0.46111627906976743	both	phased_verkko	T2T00_trio	whatshap_compare	chr10
blockwise_diff_genotypes	0	both	phased_verkko	T2T00_trio	whatshap_compare	chr10
blockwise_diff_genotypes_rate	0	both	phased_verkko	T2T00_trio	whatshap_compare	chr10
largestblock_assessed_pairs	21499	both	phased_verkko	T2T00_trio	whatshap_compare	chr10
largestblock_switches	1133	both	phased_verkko	T2T00_trio	whatshap_compare	chr10
largestblock_switch_rate	0.05270012558723661	both	phased_verkko	T2T00_trio	whatshap_compare	chr10
largestblock_switchflip_rate	0.04200195357923624	both	phased_verkko	T2T00_trio	whatshap_compare	chr10
largestblock_hamming	9914	both	phased_verkko	T2T00_trio	whatshap_compare	chr10
largestblock_hamming_rate	0.46111627906976743	both	phased_verkko	T2T00_trio	whatshap_compare	chr10
largestblock_diff_genotypes	0	both	phased_verkko	T2T00_trio	whatshap_compare	chr10
largestblock_diff_genotypes_rate	0	both	phased_verkko	T2T00_trio	whatshap_compare	chr10
het_variants0	74774	both	phased_verkko	T2T00_trio	whatshap_compare	chr10
only_snvs	0	both	phased_verkko	T2T00_trio	whatshap_compare	chr10
intersection_blocks	1	both	phased_verkko	T2T00_trio	whatshap_compare	chr11
covered_variants	19052	both	phased_verkko	T2T00_trio	whatshap_compare	chr11
all_assessed_pairs	19051	both	phased_verkko	T2T00_trio	whatshap_compare	chr11
all_switches	1052	both	phased_verkko	T2T00_trio	whatshap_compare	chr11
all_switch_rate	0.05522019841478137	both	phased_verkko	T2T00_trio	whatshap_compare	chr11
all_switchflip_rate	0.04382972022466012	both	phased_verkko	T2T00_trio	whatshap_compare	chr11
blockwise_hamming	9298	both	phased_verkko	T2T00_trio	whatshap_compare	chr11
blockwise_hamming_rate	0.4880327524669326	both	phased_verkko	T2T00_trio	whatshap_compare	chr11
blockwise_diff_genotypes	0	both	phased_verkko	T2T00_trio	whatshap_compare	chr11
blockwise_diff_genotypes_rate	0	both	phased_verkko	T2T00_trio	whatshap_compare	chr11
largestblock_assessed_pairs	19051	both	phased_verkko	T2T00_trio	whatshap_compare	chr11
largestblock_switches	1052	both	phased_verkko	T2T00_trio	whatshap_compare	chr11
largestblock_switch_rate	0.05522019841478137	both	phased_verkko	T2T00_trio	whatshap_compare	chr11
largestblock_switchflip_rate	0.04382972022466012	both	phased_verkko	T2T00_trio	whatshap_compare	chr11
largestblock_hamming	9298	both	phased_verkko	T2T00_trio	whatshap_compare	chr11
largestblock_hamming_rate	0.4880327524669326	both	phased_verkko	T2T00_trio	whatshap_compare	chr11
largestblock_diff_genotypes	0	both	phased_verkko	T2T00_trio	whatshap_compare	chr11
largestblock_diff_genotypes_rate	0	both	phased_verkko	T2T00_trio	whatshap_compare	chr11
het_variants0	69733	both	phased_verkko	T2T00_trio	whatshap_compare	chr11
only_snvs	0	both	phased_verkko	T2T00_trio	whatshap_compare	chr11
intersection_blocks	1	both	phased_verkko	T2T00_trio	whatshap_compare	chr12
covered_variants	18290	both	phased_verkko	T2T00_trio	whatshap_compare	chr12
all_assessed_pairs	18289	both	phased_verkko	T2T00_trio	whatshap_compare	chr12
all_switches	1042	both	phased_verkko	T2T00_trio	whatshap_compare	chr12
all_switch_rate	0.05697413745967521	both	phased_verkko	T2T00_trio	whatshap_compare	chr12
all_switchflip_rate	0.04445294986057193	both	phased_verkko	T2T00_trio	whatshap_compare	chr12
blockwise_hamming	8506	both	phased_verkko	T2T00_trio	whatshap_compare	chr12
blockwise_hamming_rate	0.4650628758884636	both	phased_verkko	T2T00_trio	whatshap_compare	chr12
blockwise_diff_genotypes	0	both	phased_verkko	T2T00_trio	whatshap_compare	chr12
blockwise_diff_genotypes_rate	0	both	phased_verkko	T2T00_trio	whatshap_compare	chr12
largestblock_assessed_pairs	18289	both	phased_verkko	T2T00_trio	whatshap_compare	chr12
largestblock_switches	1042	both	phased_verkko	T2T00_trio	whatshap_compare	chr12
largestblock_switch_rate	0.05697413745967521	both	phased_verkko	T2T00_trio	whatshap_compare	chr12
largestblock_switchflip_rate	0.04445294986057193	both	phased_verkko	T2T00_trio	whatshap_compare	chr12
largestblock_hamming	8506	both	phased_verkko	T2T00_trio	whatshap_compare	chr12
largestblock_hamming_rate	0.4650628758884636	both	phased_verkko	T2T00_trio	whatshap_compare	chr12
largestblock_diff_genotypes	0	both	phased_verkko	T2T00_trio	whatshap_compare	chr12
largestblock_diff_genotypes_rate	0	both	phased_verkko	T2T00_trio	whatshap_compare	chr12
het_variants0	69143	both	phased_verkko	T2T00_trio	whatshap_compare	chr12
only_snvs	0	both	phased_verkko	T2T00_trio	whatshap_compare	chr12
intersection_blocks	1	both	phased_verkko	T2T00_trio	whatshap_compare	chr13
covered_variants	14898	both	phased_verkko	T2T00_trio	whatshap_compare	chr13
all_assessed_pairs	14897	both	phased_verkko	T2T00_trio	whatshap_compare	chr13
all_switches	724	both	phased_verkko	T2T00_trio	whatshap_compare	chr13
all_switch_rate	0.0486003893401356	both	phased_verkko	T2T00_trio	whatshap_compare	chr13
all_switchflip_rate	0.03812848224474726	both	phased_verkko	T2T00_trio	whatshap_compare	chr13
blockwise_hamming	7035	both	phased_verkko	T2T00_trio	whatshap_compare	chr13
blockwise_hamming_rate	0.4722110350382602	both	phased_verkko	T2T00_trio	whatshap_compare	chr13
blockwise_diff_genotypes	0	both	phased_verkko	T2T00_trio	whatshap_compare	chr13
blockwise_diff_genotypes_rate	0	both	phased_verkko	T2T00_trio	whatshap_compare	chr13
largestblock_assessed_pairs	14897	both	phased_verkko	T2T00_trio	whatshap_compare	chr13
largestblock_switches	724	both	phased_verkko	T2T00_trio	whatshap_compare	chr13
largestblock_switch_rate	0.0486003893401356	both	phased_verkko	T2T00_trio	whatshap_compare	chr13
largestblock_switchflip_rate	0.03812848224474726	both	phased_verkko	T2T00_trio	whatshap_compare	chr13
largestblock_hamming	7035	both	phased_verkko	T2T00_trio	whatshap_compare	chr13
largestblock_hamming_rate	0.4722110350382602	both	phased_verkko	T2T00_trio	whatshap_compare	chr13
largestblock_diff_genotypes	0	both	phased_verkko	T2T00_trio	whatshap_compare	chr13
largestblock_diff_genotypes_rate	0	both	phased_verkko	T2T00_trio	whatshap_compare	chr13
het_variants0	54290	both	phased_verkko	T2T00_trio	whatshap_compare	chr13
only_snvs	0	both	phased_verkko	T2T00_trio	whatshap_compare	chr13
intersection_blocks	1	both	phased_verkko	T2T00_trio	whatshap_compare	chr14
covered_variants	13273	both	phased_verkko	T2T00_trio	whatshap_compare	chr14
all_assessed_pairs	13272	both	phased_verkko	T2T00_trio	whatshap_compare	chr14
all_switches	686	both	phased_verkko	T2T00_trio	whatshap_compare	chr14
all_switch_rate	0.05168776371308017	both	phased_verkko	T2T00_trio	whatshap_compare	chr14
all_switchflip_rate	0.04151597347799879	both	phased_verkko	T2T00_trio	whatshap_compare	chr14
blockwise_hamming	6153	both	phased_verkko	T2T00_trio	whatshap_compare	chr14
blockwise_hamming_rate	0.4635726663150757	both	phased_verkko	T2T00_trio	whatshap_compare	chr14
blockwise_diff_genotypes	0	both	phased_verkko	T2T00_trio	whatshap_compare	chr14
blockwise_diff_genotypes_rate	0	both	phased_verkko	T2T00_trio	whatshap_compare	chr14
largestblock_assessed_pairs	13272	both	phased_verkko	T2T00_trio	whatshap_compare	chr14
largestblock_switches	686	both	phased_verkko	T2T00_trio	whatshap_compare	chr14
largestblock_switch_rate	0.05168776371308017	both	phased_verkko	T2T00_trio	whatshap_compare	chr14
largestblock_switchflip_rate	0.04151597347799879	both	phased_verkko	T2T00_trio	whatshap_compare	chr14
largestblock_hamming	6153	both	phased_verkko	T2T00_trio	whatshap_compare	chr14
largestblock_hamming_rate	0.4635726663150757	both	phased_verkko	T2T00_trio	whatshap_compare	chr14
largestblock_diff_genotypes	0	both	phased_verkko	T2T00_trio	whatshap_compare	chr14
largestblock_diff_genotypes_rate	0	both	phased_verkko	T2T00_trio	whatshap_compare	chr14
het_variants0	80718	both	phased_verkko	T2T00_trio	whatshap_compare	chr14
only_snvs	0	both	phased_verkko	T2T00_trio	whatshap_compare	chr14
intersection_blocks	1	both	phased_verkko	T2T00_trio	whatshap_compare	chr15
covered_variants	12012	both	phased_verkko	T2T00_trio	whatshap_compare	chr15
all_assessed_pairs	12011	both	phased_verkko	T2T00_trio	whatshap_compare	chr15
all_switches	688	both	phased_verkko	T2T00_trio	whatshap_compare	chr15
all_switch_rate	0.05728082590958288	both	phased_verkko	T2T00_trio	whatshap_compare	chr15
all_switchflip_rate	0.04395970360502872	both	phased_verkko	T2T00_trio	whatshap_compare	chr15
blockwise_hamming	5783	both	phased_verkko	T2T00_trio	whatshap_compare	chr15
blockwise_hamming_rate	0.4814352314352314	both	phased_verkko	T2T00_trio	whatshap_compare	chr15
blockwise_diff_genotypes	0	both	phased_verkko	T2T00_trio	whatshap_compare	chr15
blockwise_diff_genotypes_rate	0	both	phased_verkko	T2T00_trio	whatshap_compare	chr15
largestblock_assessed_pairs	12011	both	phased_verkko	T2T00_trio	whatshap_compare	chr15
largestblock_switches	688	both	phased_verkko	T2T00_trio	whatshap_compare	chr15
largestblock_switch_rate	0.05728082590958288	both	phased_verkko	T2T00_trio	whatshap_compare	chr15
largestblock_switchflip_rate	0.04395970360502872	both	phased_verkko	T2T00_trio	whatshap_compare	chr15
largestblock_hamming	5783	both	phased_verkko	T2T00_trio	whatshap_compare	chr15
largestblock_hamming_rate	0.4814352314352314	both	phased_verkko	T2T00_trio	whatshap_compare	chr15
largestblock_diff_genotypes	0	both	phased_verkko	T2T00_trio	whatshap_compare	chr15
largestblock_diff_genotypes_rate	0	both	phased_verkko	T2T00_trio	whatshap_compare	chr15
het_variants0	74318	both	phased_verkko	T2T00_trio	whatshap_compare	chr15
only_snvs	0	both	phased_verkko	T2T00_trio	whatshap_compare	chr15
intersection_blocks	1	both	phased_verkko	T2T00_trio	whatshap_compare	chr16
covered_variants	13039	both	phased_verkko	T2T00_trio	whatshap_compare	chr16
all_assessed_pairs	13038	both	phased_verkko	T2T00_trio	whatshap_compare	chr16
all_switches	793	both	phased_verkko	T2T00_trio	whatshap_compare	chr16
all_switch_rate	0.06082221199570486	both	phased_verkko	T2T00_trio	whatshap_compare	chr16
all_switchflip_rate	0.0488571866850744	both	phased_verkko	T2T00_trio	whatshap_compare	chr16
blockwise_hamming	5963	both	phased_verkko	T2T00_trio	whatshap_compare	chr16
blockwise_hamming_rate	0.45732034665235066	both	phased_verkko	T2T00_trio	whatshap_compare	chr16
blockwise_diff_genotypes	0	both	phased_verkko	T2T00_trio	whatshap_compare	chr16
blockwise_diff_genotypes_rate	0	both	phased_verkko	T2T00_trio	whatshap_compare	chr16
largestblock_assessed_pairs	13038	both	phased_verkko	T2T00_trio	whatshap_compare	chr16
largestblock_switches	793	both	phased_verkko	T2T00_trio	whatshap_compare	chr16
largestblock_switch_rate	0.06082221199570486	both	phased_verkko	T2T00_trio	whatshap_compare	chr16
largestblock_switchflip_rate	0.0488571866850744	both	phased_verkko	T2T00_trio	whatshap_compare	chr16
largestblock_hamming	5963	both	phased_verkko	T2T00_trio	whatshap_compare	chr16
largestblock_hamming_rate	0.45732034665235066	both	phased_verkko	T2T00_trio	whatshap_compare	chr16
largestblock_diff_genotypes	0	both	phased_verkko	T2T00_trio	whatshap_compare	chr16
largestblock_diff_genotypes_rate	0	both	phased_verkko	T2T00_trio	whatshap_compare	chr16
het_variants0	56338	both	phased_verkko	T2T00_trio	whatshap_compare	chr16
only_snvs	0	both	phased_verkko	T2T00_trio	whatshap_compare	chr16
intersection_blocks	1	both	phased_verkko	T2T00_trio	whatshap_compare	chr17
covered_variants	11651	both	phased_verkko	T2T00_trio	whatshap_compare	chr17
all_assessed_pairs	11650	both	phased_verkko	T2T00_trio	whatshap_compare	chr17
all_switches	703	both	phased_verkko	T2T00_trio	whatshap_compare	chr17
all_switch_rate	0.06034334763948498	both	phased_verkko	T2T00_trio	whatshap_compare	chr17
all_switchflip_rate	0.04849785407725322	both	phased_verkko	T2T00_trio	whatshap_compare	chr17
blockwise_hamming	5033	both	phased_verkko	T2T00_trio	whatshap_compare	chr17
blockwise_hamming_rate	0.4319800875461334	both	phased_verkko	T2T00_trio	whatshap_compare	chr17
blockwise_diff_genotypes	0	both	phased_verkko	T2T00_trio	whatshap_compare	chr17
blockwise_diff_genotypes_rate	0	both	phased_verkko	T2T00_trio	whatshap_compare	chr17
largestblock_assessed_pairs	11650	both	phased_verkko	T2T00_trio	whatshap_compare	chr17
largestblock_switches	703	both	phased_verkko	T2T00_trio	whatshap_compare	chr17
largestblock_switch_rate	0.06034334763948498	both	phased_verkko	T2T00_trio	whatshap_compare	chr17
largestblock_switchflip_rate	0.04849785407725322	both	phased_verkko	T2T00_trio	whatshap_compare	chr17
largestblock_hamming	5033	both	phased_verkko	T2T00_trio	whatshap_compare	chr17
largestblock_hamming_rate	0.4319800875461334	both	phased_verkko	T2T00_trio	whatshap_compare	chr17
largestblock_diff_genotypes	0	both	phased_verkko	T2T00_trio	whatshap_compare	chr17
largestblock_diff_genotypes_rate	0	both	phased_verkko	T2T00_trio	whatshap_compare	chr17
het_variants0	44250	both	phased_verkko	T2T00_trio	whatshap_compare	chr17
only_snvs	0	both	phased_verkko	T2T00_trio	whatshap_compare	chr17
intersection_blocks	1	both	phased_verkko	T2T00_trio	whatshap_compare	chr18
covered_variants	10683	both	phased_verkko	T2T00_trio	whatshap_compare	chr18
all_assessed_pairs	10682	both	phased_verkko	T2T00_trio	whatshap_compare	chr18
all_switches	702	both	phased_verkko	T2T00_trio	whatshap_compare	chr18
all_switch_rate	0.06571803033139861	both	phased_verkko	T2T00_trio	whatshap_compare	chr18
all_switchflip_rate	0.05186294701366785	both	phased_verkko	T2T00_trio	whatshap_compare	chr18
blockwise_hamming	4976	both	phased_verkko	T2T00_trio	whatshap_compare	chr18
blockwise_hamming_rate	0.46578676401759805	both	phased_verkko	T2T00_trio	whatshap_compare	chr18
blockwise_diff_genotypes	0	both	phased_verkko	T2T00_trio	whatshap_compare	chr18
blockwise_diff_genotypes_rate	0	both	phased_verkko	T2T00_trio	whatshap_compare	chr18
largestblock_assessed_pairs	10682	both	phased_verkko	T2T00_trio	whatshap_compare	chr18
largestblock_switches	702	both	phased_verkko	T2T00_trio	whatshap_compare	chr18
largestblock_switch_rate	0.06571803033139861	both	phased_verkko	T2T00_trio	whatshap_compare	chr18
largestblock_switchflip_rate	0.05186294701366785	both	phased_verkko	T2T00_trio	whatshap_compare	chr18
largestblock_hamming	4976	both	phased_verkko	T2T00_trio	whatshap_compare	chr18
largestblock_hamming_rate	0.46578676401759805	both	phased_verkko	T2T00_trio	whatshap_compare	chr18
largestblock_diff_genotypes	0	both	phased_verkko	T2T00_trio	whatshap_compare	chr18
largestblock_diff_genotypes_rate	0	both	phased_verkko	T2T00_trio	whatshap_compare	chr18
het_variants0	40931	both	phased_verkko	T2T00_trio	whatshap_compare	chr18
only_snvs	0	both	phased_verkko	T2T00_trio	whatshap_compare	chr18
intersection_blocks	1	both	phased_verkko	T2T00_trio	whatshap_compare	chr19
covered_variants	7242	both	phased_verkko	T2T00_trio	whatshap_compare	chr19
all_assessed_pairs	7241	both	phased_verkko	T2T00_trio	whatshap_compare	chr19
all_switches	616	both	phased_verkko	T2T00_trio	whatshap_compare	chr19
all_switch_rate	0.08507112277309764	both	phased_verkko	T2T00_trio	whatshap_compare	chr19
all_switchflip_rate	0.06546057174423422	both	phased_verkko	T2T00_trio	whatshap_compare	chr19
blockwise_hamming	3585	both	phased_verkko	T2T00_trio	whatshap_compare	chr19
blockwise_hamming_rate	0.49502899751449875	both	phased_verkko	T2T00_trio	whatshap_compare	chr19
blockwise_diff_genotypes	0	both	phased_verkko	T2T00_trio	whatshap_compare	chr19
blockwise_diff_genotypes_rate	0	both	phased_verkko	T2T00_trio	whatshap_compare	chr19
largestblock_assessed_pairs	7241	both	phased_verkko	T2T00_trio	whatshap_compare	chr19
largestblock_switches	616	both	phased_verkko	T2T00_trio	whatshap_compare	chr19
largestblock_switch_rate	0.08507112277309764	both	phased_verkko	T2T00_trio	whatshap_compare	chr19
largestblock_switchflip_rate	0.06546057174423422	both	phased_verkko	T2T00_trio	whatshap_compare	chr19
largestblock_hamming	3585	both	phased_verkko	T2T00_trio	whatshap_compare	chr19
largestblock_hamming_rate	0.49502899751449875	both	phased_verkko	T2T00_trio	whatshap_compare	chr19
largestblock_diff_genotypes	0	both	phased_verkko	T2T00_trio	whatshap_compare	chr19
largestblock_diff_genotypes_rate	0	both	phased_verkko	T2T00_trio	whatshap_compare	chr19
het_variants0	36181	both	phased_verkko	T2T00_trio	whatshap_compare	chr19
only_snvs	0	both	phased_verkko	T2T00_trio	whatshap_compare	chr19
intersection_blocks	1	both	phased_verkko	T2T00_trio	whatshap_compare	chr2
covered_variants	33565	both	phased_verkko	T2T00_trio	whatshap_compare	chr2
all_assessed_pairs	33564	both	phased_verkko	T2T00_trio	whatshap_compare	chr2
all_switches	1743	both	phased_verkko	T2T00_trio	whatshap_compare	chr2
all_switch_rate	0.05193063997139793	both	phased_verkko	T2T00_trio	whatshap_compare	chr2
all_switchflip_rate	0.04138362531283518	both	phased_verkko	T2T00_trio	whatshap_compare	chr2
blockwise_hamming	16774	both	phased_verkko	T2T00_trio	whatshap_compare	chr2
blockwise_hamming_rate	0.49974676001787577	both	phased_verkko	T2T00_trio	whatshap_compare	chr2
blockwise_diff_genotypes	0	both	phased_verkko	T2T00_trio	whatshap_compare	chr2
blockwise_diff_genotypes_rate	0	both	phased_verkko	T2T00_trio	whatshap_compare	chr2
largestblock_assessed_pairs	33564	both	phased_verkko	T2T00_trio	whatshap_compare	chr2
largestblock_switches	1743	both	phased_verkko	T2T00_trio	whatshap_compare	chr2
largestblock_switch_rate	0.05193063997139793	both	phased_verkko	T2T00_trio	whatshap_compare	chr2
largestblock_switchflip_rate	0.04138362531283518	both	phased_verkko	T2T00_trio	whatshap_compare	chr2
largestblock_hamming	16774	both	phased_verkko	T2T00_trio	whatshap_compare	chr2
largestblock_hamming_rate	0.49974676001787577	both	phased_verkko	T2T00_trio	whatshap_compare	chr2
largestblock_diff_genotypes	0	both	phased_verkko	T2T00_trio	whatshap_compare	chr2
largestblock_diff_genotypes_rate	0	both	phased_verkko	T2T00_trio	whatshap_compare	chr2
het_variants0	111910	both	phased_verkko	T2T00_trio	whatshap_compare	chr2
only_snvs	0	both	phased_verkko	T2T00_trio	whatshap_compare	chr2
intersection_blocks	1	both	phased_verkko	T2T00_trio	whatshap_compare	chr20
covered_variants	8697	both	phased_verkko	T2T00_trio	whatshap_compare	chr20
all_assessed_pairs	8696	both	phased_verkko	T2T00_trio	whatshap_compare	chr20
all_switches	568	both	phased_verkko	T2T00_trio	whatshap_compare	chr20
all_switch_rate	0.06531738730450783	both	phased_verkko	T2T00_trio	whatshap_compare	chr20
all_switchflip_rate	0.05278288868445262	both	phased_verkko	T2T00_trio	whatshap_compare	chr20
blockwise_hamming	4154	both	phased_verkko	T2T00_trio	whatshap_compare	chr20
blockwise_hamming_rate	0.4776359664252041	both	phased_verkko	T2T00_trio	whatshap_compare	chr20
blockwise_diff_genotypes	0	both	phased_verkko	T2T00_trio	whatshap_compare	chr20
blockwise_diff_genotypes_rate	0	both	phased_verkko	T2T00_trio	whatshap_compare	chr20
largestblock_assessed_pairs	8696	both	phased_verkko	T2T00_trio	whatshap_compare	chr20
largestblock_switches	568	both	phased_verkko	T2T00_trio	whatshap_compare	chr20
largestblock_switch_rate	0.06531738730450783	both	phased_verkko	T2T00_trio	whatshap_compare	chr20
largestblock_switchflip_rate	0.05278288868445262	both	phased_verkko	T2T00_trio	whatshap_compare	chr20
largestblock_hamming	4154	both	phased_verkko	T2T00_trio	whatshap_compare	chr20
largestblock_hamming_rate	0.4776359664252041	both	phased_verkko	T2T00_trio	whatshap_compare	chr20
largestblock_diff_genotypes	0	both	phased_verkko	T2T00_trio	whatshap_compare	chr20
largestblock_diff_genotypes_rate	0	both	phased_verkko	T2T00_trio	whatshap_compare	chr20
het_variants0	39981	both	phased_verkko	T2T00_trio	whatshap_compare	chr20
only_snvs	0	both	phased_verkko	T2T00_trio	whatshap_compare	chr20
intersection_blocks	1	both	phased_verkko	T2T00_trio	whatshap_compare	chr21
covered_variants	6191	both	phased_verkko	T2T00_trio	whatshap_compare	chr21
all_assessed_pairs	6190	both	phased_verkko	T2T00_trio	whatshap_compare	chr21
all_switches	328	both	phased_verkko	T2T00_trio	whatshap_compare	chr21
all_switch_rate	0.05298869143780291	both	phased_verkko	T2T00_trio	whatshap_compare	chr21
all_switchflip_rate	0.04184168012924071	both	phased_verkko	T2T00_trio	whatshap_compare	chr21
blockwise_hamming	2980	both	phased_verkko	T2T00_trio	whatshap_compare	chr21
blockwise_hamming_rate	0.481343886286545	both	phased_verkko	T2T00_trio	whatshap_compare	chr21
blockwise_diff_genotypes	0	both	phased_verkko	T2T00_trio	whatshap_compare	chr21
blockwise_diff_genotypes_rate	0	both	phased_verkko	T2T00_trio	whatshap_compare	chr21
largestblock_assessed_pairs	6190	both	phased_verkko	T2T00_trio	whatshap_compare	chr21
largestblock_switches	328	both	phased_verkko	T2T00_trio	whatshap_compare	chr21
largestblock_switch_rate	0.05298869143780291	both	phased_verkko	T2T00_trio	whatshap_compare	chr21
largestblock_switchflip_rate	0.04184168012924071	both	phased_verkko	T2T00_trio	whatshap_compare	chr21
largestblock_hamming	2980	both	phased_verkko	T2T00_trio	whatshap_compare	chr21
largestblock_hamming_rate	0.481343886286545	both	phased_verkko	T2T00_trio	whatshap_compare	chr21
largestblock_diff_genotypes	0	both	phased_verkko	T2T00_trio	whatshap_compare	chr21
largestblock_diff_genotypes_rate	0	both	phased_verkko	T2T00_trio	whatshap_compare	chr21
het_variants0	30318	both	phased_verkko	T2T00_trio	whatshap_compare	chr21
only_snvs	0	both	phased_verkko	T2T00_trio	whatshap_compare	chr21
intersection_blocks	1	both	phased_verkko	T2T00_trio	whatshap_compare	chr22
covered_variants	6953	both	phased_verkko	T2T00_trio	whatshap_compare	chr22
all_assessed_pairs	6952	both	phased_verkko	T2T00_trio	whatshap_compare	chr22
all_switches	410	both	phased_verkko	T2T00_trio	whatshap_compare	chr22
all_switch_rate	0.05897583429228999	both	phased_verkko	T2T00_trio	whatshap_compare	chr22
all_switchflip_rate	0.04660529344073648	both	phased_verkko	T2T00_trio	whatshap_compare	chr22
blockwise_hamming	3110	both	phased_verkko	T2T00_trio	whatshap_compare	chr22
blockwise_hamming_rate	0.4472889400258881	both	phased_verkko	T2T00_trio	whatshap_compare	chr22
blockwise_diff_genotypes	0	both	phased_verkko	T2T00_trio	whatshap_compare	chr22
blockwise_diff_genotypes_rate	0	both	phased_verkko	T2T00_trio	whatshap_compare	chr22
largestblock_assessed_pairs	6952	both	phased_verkko	T2T00_trio	whatshap_compare	chr22
largestblock_switches	410	both	phased_verkko	T2T00_trio	whatshap_compare	chr22
largestblock_switch_rate	0.05897583429228999	both	phased_verkko	T2T00_trio	whatshap_compare	chr22
largestblock_switchflip_rate	0.04660529344073648	both	phased_verkko	T2T00_trio	whatshap_compare	chr22
largestblock_hamming	3110	both	phased_verkko	T2T00_trio	whatshap_compare	chr22
largestblock_hamming_rate	0.4472889400258881	both	phased_verkko	T2T00_trio	whatshap_compare	chr22
largestblock_diff_genotypes	0	both	phased_verkko	T2T00_trio	whatshap_compare	chr22
largestblock_diff_genotypes_rate	0	both	phased_verkko	T2T00_trio	whatshap_compare	chr22
het_variants0	48657	both	phased_verkko	T2T00_trio	whatshap_compare	chr22
only_snvs	0	both	phased_verkko	T2T00_trio	whatshap_compare	chr22
intersection_blocks	1	both	phased_verkko	T2T00_trio	whatshap_compare	chr3
covered_variants	26574	both	phased_verkko	T2T00_trio	whatshap_compare	chr3
all_assessed_pairs	26573	both	phased_verkko	T2T00_trio	whatshap_compare	chr3
all_switches	1429	both	phased_verkko	T2T00_trio	whatshap_compare	chr3
all_switch_rate	0.05377638956835886	both	phased_verkko	T2T00_trio	whatshap_compare	chr3
all_switchflip_rate	0.04233620592330561	both	phased_verkko	T2T00_trio	whatshap_compare	chr3
blockwise_hamming	12850	both	phased_verkko	T2T00_trio	whatshap_compare	chr3
blockwise_hamming_rate	0.483555354858132	both	phased_verkko	T2T00_trio	whatshap_compare	chr3
blockwise_diff_genotypes	0	both	phased_verkko	T2T00_trio	whatshap_compare	chr3
blockwise_diff_genotypes_rate	0	both	phased_verkko	T2T00_trio	whatshap_compare	chr3
largestblock_assessed_pairs	26573	both	phased_verkko	T2T00_trio	whatshap_compare	chr3
largestblock_switches	1429	both	phased_verkko	T2T00_trio	whatshap_compare	chr3
largestblock_switch_rate	0.05377638956835886	both	phased_verkko	T2T00_trio	whatshap_compare	chr3
largestblock_switchflip_rate	0.04233620592330561	both	phased_verkko	T2T00_trio	whatshap_compare	chr3
largestblock_hamming	12850	both	phased_verkko	T2T00_trio	whatshap_compare	chr3
largestblock_hamming_rate	0.483555354858132	both	phased_verkko	T2T00_trio	whatshap_compare	chr3
largestblock_diff_genotypes	0	both	phased_verkko	T2T00_trio	whatshap_compare	chr3
largestblock_diff_genotypes_rate	0	both	phased_verkko	T2T00_trio	whatshap_compare	chr3
het_variants0	101414	both	phased_verkko	T2T00_trio	whatshap_compare	chr3
only_snvs	0	both	phased_verkko	T2T00_trio	whatshap_compare	chr3
intersection_blocks	1	both	phased_verkko	T2T00_trio	whatshap_compare	chr4
covered_variants	30146	both	phased_verkko	T2T00_trio	whatshap_compare	chr4
all_assessed_pairs	30145	both	phased_verkko	T2T00_trio	whatshap_compare	chr4
all_switches	1367	both	phased_verkko	T2T00_trio	whatshap_compare	chr4
all_switch_rate	0.04534748714546359	both	phased_verkko	T2T00_trio	whatshap_compare	chr4
all_switchflip_rate	0.03635760490960358	both	phased_verkko	T2T00_trio	whatshap_compare	chr4
blockwise_hamming	14556	both	phased_verkko	T2T00_trio	whatshap_compare	chr4
blockwise_hamming_rate	0.4828501293703974	both	phased_verkko	T2T00_trio	whatshap_compare	chr4
blockwise_diff_genotypes	0	both	phased_verkko	T2T00_trio	whatshap_compare	chr4
blockwise_diff_genotypes_rate	0	both	phased_verkko	T2T00_trio	whatshap_compare	chr4
largestblock_assessed_pairs	30145	both	phased_verkko	T2T00_trio	whatshap_compare	chr4
largestblock_switches	1367	both	phased_verkko	T2T00_trio	whatshap_compare	chr4
largestblock_switch_rate	0.04534748714546359	both	phased_verkko	T2T00_trio	whatshap_compare	chr4
largestblock_switchflip_rate	0.03635760490960358	both	phased_verkko	T2T00_trio	whatshap_compare	chr4
largestblock_hamming	14556	both	phased_verkko	T2T00_trio	whatshap_compare	chr4
largestblock_hamming_rate	0.4828501293703974	both	phased_verkko	T2T00_trio	whatshap_compare	chr4
largestblock_diff_genotypes	0	both	phased_verkko	T2T00_trio	whatshap_compare	chr4
largestblock_diff_genotypes_rate	0	both	phased_verkko	T2T00_trio	whatshap_compare	chr4
het_variants0	114134	both	phased_verkko	T2T00_trio	whatshap_compare	chr4
only_snvs	0	both	phased_verkko	T2T00_trio	whatshap_compare	chr4
intersection_blocks	1	both	phased_verkko	T2T00_trio	whatshap_compare	chr5
covered_variants	26000	both	phased_verkko	T2T00_trio	whatshap_compare	chr5
all_assessed_pairs	25999	both	phased_verkko	T2T00_trio	whatshap_compare	chr5
all_switches	1272	both	phased_verkko	T2T00_trio	whatshap_compare	chr5
all_switch_rate	0.04892495865225586	both	phased_verkko	T2T00_trio	whatshap_compare	chr5
all_switchflip_rate	0.03873225893303588	both	phased_verkko	T2T00_trio	whatshap_compare	chr5
blockwise_hamming	12941	both	phased_verkko	T2T00_trio	whatshap_compare	chr5
blockwise_hamming_rate	0.49773076923076925	both	phased_verkko	T2T00_trio	whatshap_compare	chr5
blockwise_diff_genotypes	0	both	phased_verkko	T2T00_trio	whatshap_compare	chr5
blockwise_diff_genotypes_rate	0	both	phased_verkko	T2T00_trio	whatshap_compare	chr5
largestblock_assessed_pairs	25999	both	phased_verkko	T2T00_trio	whatshap_compare	chr5
largestblock_switches	1272	both	phased_verkko	T2T00_trio	whatshap_compare	chr5
largestblock_switch_rate	0.04892495865225586	both	phased_verkko	T2T00_trio	whatshap_compare	chr5
largestblock_switchflip_rate	0.03873225893303588	both	phased_verkko	T2T00_trio	whatshap_compare	chr5
largestblock_hamming	12941	both	phased_verkko	T2T00_trio	whatshap_compare	chr5
largestblock_hamming_rate	0.49773076923076925	both	phased_verkko	T2T00_trio	whatshap_compare	chr5
largestblock_diff_genotypes	0	both	phased_verkko	T2T00_trio	whatshap_compare	chr5
largestblock_diff_genotypes_rate	0	both	phased_verkko	T2T00_trio	whatshap_compare	chr5
het_variants0	94235	both	phased_verkko	T2T00_trio	whatshap_compare	chr5
only_snvs	0	both	phased_verkko	T2T00_trio	whatshap_compare	chr5
intersection_blocks	1	both	phased_verkko	T2T00_trio	whatshap_compare	chr6
covered_variants	24949	both	phased_verkko	T2T00_trio	whatshap_compare	chr6
all_assessed_pairs	24948	both	phased_verkko	T2T00_trio	whatshap_compare	chr6
all_switches	1237	both	phased_verkko	T2T00_trio	whatshap_compare	chr6
all_switch_rate	0.04958313291646625	both	phased_verkko	T2T00_trio	whatshap_compare	chr6
all_switchflip_rate	0.03880070546737213	both	phased_verkko	T2T00_trio	whatshap_compare	chr6
blockwise_hamming	11086	both	phased_verkko	T2T00_trio	whatshap_compare	chr6
blockwise_hamming_rate	0.4443464667922562	both	phased_verkko	T2T00_trio	whatshap_compare	chr6
blockwise_diff_genotypes	0	both	phased_verkko	T2T00_trio	whatshap_compare	chr6
blockwise_diff_genotypes_rate	0	both	phased_verkko	T2T00_trio	whatshap_compare	chr6
largestblock_assessed_pairs	24948	both	phased_verkko	T2T00_trio	whatshap_compare	chr6
largestblock_switches	1237	both	phased_verkko	T2T00_trio	whatshap_compare	chr6
largestblock_switch_rate	0.04958313291646625	both	phased_verkko	T2T00_trio	whatshap_compare	chr6
largestblock_switchflip_rate	0.03880070546737213	both	phased_verkko	T2T00_trio	whatshap_compare	chr6
largestblock_hamming	11086	both	phased_verkko	T2T00_trio	whatshap_compare	chr6
largestblock_hamming_rate	0.4443464667922562	both	phased_verkko	T2T00_trio	whatshap_compare	chr6
largestblock_diff_genotypes	0	both	phased_verkko	T2T00_trio	whatshap_compare	chr6
largestblock_diff_genotypes_rate	0	both	phased_verkko	T2T00_trio	whatshap_compare	chr6
het_variants0	92350	both	phased_verkko	T2T00_trio	whatshap_compare	chr6
only_snvs	0	both	phased_verkko	T2T00_trio	whatshap_compare	chr6
intersection_blocks	1	both	phased_verkko	T2T00_trio	whatshap_compare	chr7
covered_variants	25231	both	phased_verkko	T2T00_trio	whatshap_compare	chr7
all_assessed_pairs	25230	both	phased_verkko	T2T00_trio	whatshap_compare	chr7
all_switches	1239	both	phased_verkko	T2T00_trio	whatshap_compare	chr7
all_switch_rate	0.04910820451843044	both	phased_verkko	T2T00_trio	whatshap_compare	chr7
all_switchflip_rate	0.03963535473642489	both	phased_verkko	T2T00_trio	whatshap_compare	chr7
blockwise_hamming	11265	both	phased_verkko	T2T00_trio	whatshap_compare	chr7
blockwise_hamming_rate	0.44647457492766834	both	phased_verkko	T2T00_trio	whatshap_compare	chr7
blockwise_diff_genotypes	0	both	phased_verkko	T2T00_trio	whatshap_compare	chr7
blockwise_diff_genotypes_rate	0	both	phased_verkko	T2T00_trio	whatshap_compare	chr7
largestblock_assessed_pairs	25230	both	phased_verkko	T2T00_trio	whatshap_compare	chr7
largestblock_switches	1239	both	phased_verkko	T2T00_trio	whatshap_compare	chr7
largestblock_switch_rate	0.04910820451843044	both	phased_verkko	T2T00_trio	whatshap_compare	chr7
largestblock_switchflip_rate	0.03963535473642489	both	phased_verkko	T2T00_trio	whatshap_compare	chr7
largestblock_hamming	11265	both	phased_verkko	T2T00_trio	whatshap_compare	chr7
largestblock_hamming_rate	0.44647457492766834	both	phased_verkko	T2T00_trio	whatshap_compare	chr7
largestblock_diff_genotypes	0	both	phased_verkko	T2T00_trio	whatshap_compare	chr7
largestblock_diff_genotypes_rate	0	both	phased_verkko	T2T00_trio	whatshap_compare	chr7
het_variants0	96383	both	phased_verkko	T2T00_trio	whatshap_compare	chr7
only_snvs	0	both	phased_verkko	T2T00_trio	whatshap_compare	chr7
intersection_blocks	1	both	phased_verkko	T2T00_trio	whatshap_compare	chr8
covered_variants	21604	both	phased_verkko	T2T00_trio	whatshap_compare	chr8
all_assessed_pairs	21603	both	phased_verkko	T2T00_trio	whatshap_compare	chr8
all_switches	1133	both	phased_verkko	T2T00_trio	whatshap_compare	chr8
all_switch_rate	0.05244641947877609	both	phased_verkko	T2T00_trio	whatshap_compare	chr8
all_switchflip_rate	0.04087395269175577	both	phased_verkko	T2T00_trio	whatshap_compare	chr8
blockwise_hamming	10434	both	phased_verkko	T2T00_trio	whatshap_compare	chr8
blockwise_hamming_rate	0.4829661173856693	both	phased_verkko	T2T00_trio	whatshap_compare	chr8
blockwise_diff_genotypes	0	both	phased_verkko	T2T00_trio	whatshap_compare	chr8
blockwise_diff_genotypes_rate	0	both	phased_verkko	T2T00_trio	whatshap_compare	chr8
largestblock_assessed_pairs	21603	both	phased_verkko	T2T00_trio	whatshap_compare	chr8
largestblock_switches	1133	both	phased_verkko	T2T00_trio	whatshap_compare	chr8
largestblock_switch_rate	0.05244641947877609	both	phased_verkko	T2T00_trio	whatshap_compare	chr8
largestblock_switchflip_rate	0.04087395269175577	both	phased_verkko	T2T00_trio	whatshap_compare	chr8
largestblock_hamming	10434	both	phased_verkko	T2T00_trio	whatshap_compare	chr8
largestblock_hamming_rate	0.4829661173856693	both	phased_verkko	T2T00_trio	whatshap_compare	chr8
largestblock_diff_genotypes	0	both	phased_verkko	T2T00_trio	whatshap_compare	chr8
largestblock_diff_genotypes_rate	0	both	phased_verkko	T2T00_trio	whatshap_compare	chr8
het_variants0	85127	both	phased_verkko	T2T00_trio	whatshap_compare	chr8
only_snvs	0	both	phased_verkko	T2T00_trio	whatshap_compare	chr8
intersection_blocks	1	both	phased_verkko	T2T00_trio	whatshap_compare	chr9
covered_variants	18566	both	phased_verkko	T2T00_trio	whatshap_compare	chr9
all_assessed_pairs	18565	both	phased_verkko	T2T00_trio	whatshap_compare	chr9
all_switches	962	both	phased_verkko	T2T00_trio	whatshap_compare	chr9
all_switch_rate	0.05181793697818476	both	phased_verkko	T2T00_trio	whatshap_compare	chr9
all_switchflip_rate	0.04082951791004578	both	phased_verkko	T2T00_trio	whatshap_compare	chr9
blockwise_hamming	8955	both	phased_verkko	T2T00_trio	whatshap_compare	chr9
blockwise_hamming_rate	0.48233329742540126	both	phased_verkko	T2T00_trio	whatshap_compare	chr9
blockwise_diff_genotypes	0	both	phased_verkko	T2T00_trio	whatshap_compare	chr9
blockwise_diff_genotypes_rate	0	both	phased_verkko	T2T00_trio	whatshap_compare	chr9
largestblock_assessed_pairs	18565	both	phased_verkko	T2T00_trio	whatshap_compare	chr9
largestblock_switches	962	both	phased_verkko	T2T00_trio	whatshap_compare	chr9
largestblock_switch_rate	0.05181793697818476	both	phased_verkko	T2T00_trio	whatshap_compare	chr9
largestblock_switchflip_rate	0.04082951791004578	both	phased_verkko	T2T00_trio	whatshap_compare	chr9
largestblock_hamming	8955	both	phased_verkko	T2T00_trio	whatshap_compare	chr9
largestblock_hamming_rate	0.48233329742540126	both	phased_verkko	T2T00_trio	whatshap_compare	chr9
largestblock_diff_genotypes	0	both	phased_verkko	T2T00_trio	whatshap_compare	chr9
largestblock_diff_genotypes_rate	0	both	phased_verkko	T2T00_trio	whatshap_compare	chr9
het_variants0	77173	both	phased_verkko	T2T00_trio	whatshap_compare	chr9
only_snvs	0	both	phased_verkko	T2T00_trio	whatshap_compare	chr9
intersection_blocks	1	both	phased_verkko	T2T04_trio	whatshap_compare	chr1
covered_variants	30539	both	phased_verkko	T2T04_trio	whatshap_compare	chr1
all_assessed_pairs	30538	both	phased_verkko	T2T04_trio	whatshap_compare	chr1
all_switches	1694	both	phased_verkko	T2T04_trio	whatshap_compare	chr1
all_switch_rate	0.05547187111140218	both	phased_verkko	T2T04_trio	whatshap_compare	chr1
all_switchflip_rate	0.04446918593228109	both	phased_verkko	T2T04_trio	whatshap_compare	chr1
blockwise_hamming	14800	both	phased_verkko	T2T04_trio	whatshap_compare	chr1
blockwise_hamming_rate	0.484626215658666	both	phased_verkko	T2T04_trio	whatshap_compare	chr1
blockwise_diff_genotypes	0	both	phased_verkko	T2T04_trio	whatshap_compare	chr1
blockwise_diff_genotypes_rate	0	both	phased_verkko	T2T04_trio	whatshap_compare	chr1
largestblock_assessed_pairs	30538	both	phased_verkko	T2T04_trio	whatshap_compare	chr1
largestblock_switches	1694	both	phased_verkko	T2T04_trio	whatshap_compare	chr1
largestblock_switch_rate	0.05547187111140218	both	phased_verkko	T2T04_trio	whatshap_compare	chr1
largestblock_switchflip_rate	0.04446918593228109	both	phased_verkko	T2T04_trio	whatshap_compare	chr1
largestblock_hamming	14800	both	phased_verkko	T2T04_trio	whatshap_compare	chr1
largestblock_hamming_rate	0.484626215658666	both	phased_verkko	T2T04_trio	whatshap_compare	chr1
largestblock_diff_genotypes	0	both	phased_verkko	T2T04_trio	whatshap_compare	chr1
largestblock_diff_genotypes_rate	0	both	phased_verkko	T2T04_trio	whatshap_compare	chr1
het_variants0	122025	both	phased_verkko	T2T04_trio	whatshap_compare	chr1
only_snvs	0	both	phased_verkko	T2T04_trio	whatshap_compare	chr1
intersection_blocks	1	both	phased_verkko	T2T04_trio	whatshap_compare	chr10
covered_variants	21092	both	phased_verkko	T2T04_trio	whatshap_compare	chr10
all_assessed_pairs	21091	both	phased_verkko	T2T04_trio	whatshap_compare	chr10
all_switches	1081	both	phased_verkko	T2T04_trio	whatshap_compare	chr10
all_switch_rate	0.05125408942202835	both	phased_verkko	T2T04_trio	whatshap_compare	chr10
all_switchflip_rate	0.04063344554549333	both	phased_verkko	T2T04_trio	whatshap_compare	chr10
blockwise_hamming	9538	both	phased_verkko	T2T04_trio	whatshap_compare	chr10
blockwise_hamming_rate	0.4522093684809406	both	phased_verkko	T2T04_trio	whatshap_compare	chr10
blockwise_diff_genotypes	0	both	phased_verkko	T2T04_trio	whatshap_compare	chr10
blockwise_diff_genotypes_rate	0	both	phased_verkko	T2T04_trio	whatshap_compare	chr10
largestblock_assessed_pairs	21091	both	phased_verkko	T2T04_trio	whatshap_compare	chr10
largestblock_switches	1081	both	phased_verkko	T2T04_trio	whatshap_compare	chr10
largestblock_switch_rate	0.05125408942202835	both	phased_verkko	T2T04_trio	whatshap_compare	chr10
largestblock_switchflip_rate	0.04063344554549333	both	phased_verkko	T2T04_trio	whatshap_compare	chr10
largestblock_hamming	9538	both	phased_verkko	T2T04_trio	whatshap_compare	chr10
largestblock_hamming_rate	0.4522093684809406	both	phased_verkko	T2T04_trio	whatshap_compare	chr10
largestblock_diff_genotypes	0	both	phased_verkko	T2T04_trio	whatshap_compare	chr10
largestblock_diff_genotypes_rate	0	both	phased_verkko	T2T04_trio	whatshap_compare	chr10
het_variants0	71202	both	phased_verkko	T2T04_trio	whatshap_compare	chr10
only_snvs	0	both	phased_verkko	T2T04_trio	whatshap_compare	chr10
intersection_blocks	1	both	phased_verkko	T2T04_trio	whatshap_compare	chr11
covered_variants	19443	both	phased_verkko	T2T04_trio	whatshap_compare	chr11
all_assessed_pairs	19442	both	phased_verkko	T2T04_trio	whatshap_compare	chr11
all_switches	968	both	phased_verkko	T2T04_trio	whatshap_compare	chr11
all_switch_rate	0.04978911634605493	both	phased_verkko	T2T04_trio	whatshap_compare	chr11
all_switchflip_rate	0.03970784898672976	both	phased_verkko	T2T04_trio	whatshap_compare	chr11
blockwise_hamming	8876	both	phased_verkko	T2T04_trio	whatshap_compare	chr11
blockwise_hamming_rate	0.4565139124620686	both	phased_verkko	T2T04_trio	whatshap_compare	chr11
blockwise_diff_genotypes	0	both	phased_verkko	T2T04_trio	whatshap_compare	chr11
blockwise_diff_genotypes_rate	0	both	phased_verkko	T2T04_trio	whatshap_compare	chr11
largestblock_assessed_pairs	19442	both	phased_verkko	T2T04_trio	whatshap_compare	chr11
largestblock_switches	968	both	phased_verkko	T2T04_trio	whatshap_compare	chr11
largestblock_switch_rate	0.04978911634605493	both	phased_verkko	T2T04_trio	whatshap_compare	chr11
largestblock_switchflip_rate	0.03970784898672976	both	phased_verkko	T2T04_trio	whatshap_compare	chr11
largestblock_hamming	8876	both	phased_verkko	T2T04_trio	whatshap_compare	chr11
largestblock_hamming_rate	0.4565139124620686	both	phased_verkko	T2T04_trio	whatshap_compare	chr11
largestblock_diff_genotypes	0	both	phased_verkko	T2T04_trio	whatshap_compare	chr11
largestblock_diff_genotypes_rate	0	both	phased_verkko	T2T04_trio	whatshap_compare	chr11
het_variants0	66785	both	phased_verkko	T2T04_trio	whatshap_compare	chr11
only_snvs	0	both	phased_verkko	T2T04_trio	whatshap_compare	chr11
intersection_blocks	1	both	phased_verkko	T2T04_trio	whatshap_compare	chr12
covered_variants	17944	both	phased_verkko	T2T04_trio	whatshap_compare	chr12
all_assessed_pairs	17943	both	phased_verkko	T2T04_trio	whatshap_compare	chr12
all_switches	1040	both	phased_verkko	T2T04_trio	whatshap_compare	chr12
all_switch_rate	0.0579613219639971	both	phased_verkko	T2T04_trio	whatshap_compare	chr12
all_switchflip_rate	0.04558880900629772	both	phased_verkko	T2T04_trio	whatshap_compare	chr12
blockwise_hamming	8357	both	phased_verkko	T2T04_trio	whatshap_compare	chr12
blockwise_hamming_rate	0.46572670530539456	both	phased_verkko	T2T04_trio	whatshap_compare	chr12
blockwise_diff_genotypes	0	both	phased_verkko	T2T04_trio	whatshap_compare	chr12
blockwise_diff_genotypes_rate	0	both	phased_verkko	T2T04_trio	whatshap_compare	chr12
largestblock_assessed_pairs	17943	both	phased_verkko	T2T04_trio	whatshap_compare	chr12
largestblock_switches	1040	both	phased_verkko	T2T04_trio	whatshap_compare	chr12
largestblock_switch_rate	0.0579613219639971	both	phased_verkko	T2T04_trio	whatshap_compare	chr12
largestblock_switchflip_rate	0.04558880900629772	both	phased_verkko	T2T04_trio	whatshap_compare	chr12
largestblock_hamming	8357	both	phased_verkko	T2T04_trio	whatshap_compare	chr12
largestblock_hamming_rate	0.46572670530539456	both	phased_verkko	T2T04_trio	whatshap_compare	chr12
largestblock_diff_genotypes	0	both	phased_verkko	T2T04_trio	whatshap_compare	chr12
largestblock_diff_genotypes_rate	0	both	phased_verkko	T2T04_trio	whatshap_compare	chr12
het_variants0	67011	both	phased_verkko	T2T04_trio	whatshap_compare	chr12
only_snvs	0	both	phased_verkko	T2T04_trio	whatshap_compare	chr12
intersection_blocks	1	both	phased_verkko	T2T04_trio	whatshap_compare	chr13
covered_variants	16150	both	phased_verkko	T2T04_trio	whatshap_compare	chr13
all_assessed_pairs	16149	both	phased_verkko	T2T04_trio	whatshap_compare	chr13
all_switches	736	both	phased_verkko	T2T04_trio	whatshap_compare	chr13
all_switch_rate	0.0455755774351353	both	phased_verkko	T2T04_trio	whatshap_compare	chr13
all_switchflip_rate	0.03542014985448015	both	phased_verkko	T2T04_trio	whatshap_compare	chr13
blockwise_hamming	7710	both	phased_verkko	T2T04_trio	whatshap_compare	chr13
blockwise_hamming_rate	0.4773993808049536	both	phased_verkko	T2T04_trio	whatshap_compare	chr13
blockwise_diff_genotypes	0	both	phased_verkko	T2T04_trio	whatshap_compare	chr13
blockwise_diff_genotypes_rate	0	both	phased_verkko	T2T04_trio	whatshap_compare	chr13
largestblock_assessed_pairs	16149	both	phased_verkko	T2T04_trio	whatshap_compare	chr13
largestblock_switches	736	both	phased_verkko	T2T04_trio	whatshap_compare	chr13
largestblock_switch_rate	0.0455755774351353	both	phased_verkko	T2T04_trio	whatshap_compare	chr13
largestblock_switchflip_rate	0.03542014985448015	both	phased_verkko	T2T04_trio	whatshap_compare	chr13
largestblock_hamming	7710	both	phased_verkko	T2T04_trio	whatshap_compare	chr13
largestblock_hamming_rate	0.4773993808049536	both	phased_verkko	T2T04_trio	whatshap_compare	chr13
largestblock_diff_genotypes	0	both	phased_verkko	T2T04_trio	whatshap_compare	chr13
largestblock_diff_genotypes_rate	0	both	phased_verkko	T2T04_trio	whatshap_compare	chr13
het_variants0	54913	both	phased_verkko	T2T04_trio	whatshap_compare	chr13
only_snvs	0	both	phased_verkko	T2T04_trio	whatshap_compare	chr13
intersection_blocks	1	both	phased_verkko	T2T04_trio	whatshap_compare	chr14
covered_variants	13172	both	phased_verkko	T2T04_trio	whatshap_compare	chr14
all_assessed_pairs	13171	both	phased_verkko	T2T04_trio	whatshap_compare	chr14
all_switches	718	both	phased_verkko	T2T04_trio	whatshap_compare	chr14
all_switch_rate	0.05451370435046693	both	phased_verkko	T2T04_trio	whatshap_compare	chr14
all_switchflip_rate	0.04282134993546428	both	phased_verkko	T2T04_trio	whatshap_compare	chr14
blockwise_hamming	6347	both	phased_verkko	T2T04_trio	whatshap_compare	chr14
blockwise_hamming_rate	0.48185545095657456	both	phased_verkko	T2T04_trio	whatshap_compare	chr14
blockwise_diff_genotypes	0	both	phased_verkko	T2T04_trio	whatshap_compare	chr14
blockwise_diff_genotypes_rate	0	both	phased_verkko	T2T04_trio	whatshap_compare	chr14
largestblock_assessed_pairs	13171	both	phased_verkko	T2T04_trio	whatshap_compare	chr14
largestblock_switches	718	both	phased_verkko	T2T04_trio	whatshap_compare	chr14
largestblock_switch_rate	0.05451370435046693	both	phased_verkko	T2T04_trio	whatshap_compare	chr14
largestblock_switchflip_rate	0.04282134993546428	both	phased_verkko	T2T04_trio	whatshap_compare	chr14
largestblock_hamming	6347	both	phased_verkko	T2T04_trio	whatshap_compare	chr14
largestblock_hamming_rate	0.48185545095657456	both	phased_verkko	T2T04_trio	whatshap_compare	chr14
largestblock_diff_genotypes	0	both	phased_verkko	T2T04_trio	whatshap_compare	chr14
largestblock_diff_genotypes_rate	0	both	phased_verkko	T2T04_trio	whatshap_compare	chr14
het_variants0	82078	both	phased_verkko	T2T04_trio	whatshap_compare	chr14
only_snvs	0	both	phased_verkko	T2T04_trio	whatshap_compare	chr14
intersection_blocks	1	both	phased_verkko	T2T04_trio	whatshap_compare	chr15
covered_variants	14283	both	phased_verkko	T2T04_trio	whatshap_compare	chr15
all_assessed_pairs	14282	both	phased_verkko	T2T04_trio	whatshap_compare	chr15
all_switches	751	both	phased_verkko	T2T04_trio	whatshap_compare	chr15
all_switch_rate	0.05258367175465621	both	phased_verkko	T2T04_trio	whatshap_compare	chr15
all_switchflip_rate	0.04040050413107408	both	phased_verkko	T2T04_trio	whatshap_compare	chr15
blockwise_hamming	6965	both	phased_verkko	T2T04_trio	whatshap_compare	chr15
blockwise_hamming_rate	0.4876426521038998	both	phased_verkko	T2T04_trio	whatshap_compare	chr15
blockwise_diff_genotypes	0	both	phased_verkko	T2T04_trio	whatshap_compare	chr15
blockwise_diff_genotypes_rate	0	both	phased_verkko	T2T04_trio	whatshap_compare	chr15
largestblock_assessed_pairs	14282	both	phased_verkko	T2T04_trio	whatshap_compare	chr15
largestblock_switches	751	both	phased_verkko	T2T04_trio	whatshap_compare	chr15
largestblock_switch_rate	0.05258367175465621	both	phased_verkko	T2T04_trio	whatshap_compare	chr15
largestblock_switchflip_rate	0.04040050413107408	both	phased_verkko	T2T04_trio	whatshap_compare	chr15
largestblock_hamming	6965	both	phased_verkko	T2T04_trio	whatshap_compare	chr15
largestblock_hamming_rate	0.4876426521038998	both	phased_verkko	T2T04_trio	whatshap_compare	chr15
largestblock_diff_genotypes	0	both	phased_verkko	T2T04_trio	whatshap_compare	chr15
largestblock_diff_genotypes_rate	0	both	phased_verkko	T2T04_trio	whatshap_compare	chr15
het_variants0	83371	both	phased_verkko	T2T04_trio	whatshap_compare	chr15
only_snvs	0	both	phased_verkko	T2T04_trio	whatshap_compare	chr15
intersection_blocks	1	both	phased_verkko	T2T04_trio	whatshap_compare	chr16
covered_variants	11477	both	phased_verkko	T2T04_trio	whatshap_compare	chr16
all_assessed_pairs	11476	both	phased_verkko	T2T04_trio	whatshap_compare	chr16
all_switches	838	both	phased_verkko	T2T04_trio	whatshap_compare	chr16
all_switch_rate	0.07302195887068665	both	phased_verkko	T2T04_trio	whatshap_compare	chr16
all_switchflip_rate	0.05542000697107006	both	phased_verkko	T2T04_trio	whatshap_compare	chr16
blockwise_hamming	5136	both	phased_verkko	T2T04_trio	whatshap_compare	chr16
blockwise_hamming_rate	0.4475037030582905	both	phased_verkko	T2T04_trio	whatshap_compare	chr16
blockwise_diff_genotypes	0	both	phased_verkko	T2T04_trio	whatshap_compare	chr16
blockwise_diff_genotypes_rate	0	both	phased_verkko	T2T04_trio	whatshap_compare	chr16
largestblock_assessed_pairs	11476	both	phased_verkko	T2T04_trio	whatshap_compare	chr16
largestblock_switches	838	both	phased_verkko	T2T04_trio	whatshap_compare	chr16
largestblock_switch_rate	0.07302195887068665	both	phased_verkko	T2T04_trio	whatshap_compare	chr16
largestblock_switchflip_rate	0.05542000697107006	both	phased_verkko	T2T04_trio	whatshap_compare	chr16
largestblock_hamming	5136	both	phased_verkko	T2T04_trio	whatshap_compare	chr16
largestblock_hamming_rate	0.4475037030582905	both	phased_verkko	T2T04_trio	whatshap_compare	chr16
largestblock_diff_genotypes	0	both	phased_verkko	T2T04_trio	whatshap_compare	chr16
largestblock_diff_genotypes_rate	0	both	phased_verkko	T2T04_trio	whatshap_compare	chr16
het_variants0	53142	both	phased_verkko	T2T04_trio	whatshap_compare	chr16
only_snvs	0	both	phased_verkko	T2T04_trio	whatshap_compare	chr16
intersection_blocks	1	both	phased_verkko	T2T04_trio	whatshap_compare	chr17
covered_variants	10817	both	phased_verkko	T2T04_trio	whatshap_compare	chr17
all_assessed_pairs	10816	both	phased_verkko	T2T04_trio	whatshap_compare	chr17
all_switches	719	both	phased_verkko	T2T04_trio	whatshap_compare	chr17
all_switch_rate	0.06647559171597633	both	phased_verkko	T2T04_trio	whatshap_compare	chr17
all_switchflip_rate	0.05242233727810651	both	phased_verkko	T2T04_trio	whatshap_compare	chr17
blockwise_hamming	5344	both	phased_verkko	T2T04_trio	whatshap_compare	chr17
blockwise_hamming_rate	0.49403716372376816	both	phased_verkko	T2T04_trio	whatshap_compare	chr17
blockwise_diff_genotypes	0	both	phased_verkko	T2T04_trio	whatshap_compare	chr17
blockwise_diff_genotypes_rate	0	both	phased_verkko	T2T04_trio	whatshap_compare	chr17
largestblock_assessed_pairs	10816	both	phased_verkko	T2T04_trio	whatshap_compare	chr17
largestblock_switches	719	both	phased_verkko	T2T04_trio	whatshap_compare	chr17
largestblock_switch_rate	0.06647559171597633	both	phased_verkko	T2T04_trio	whatshap_compare	chr17
largestblock_switchflip_rate	0.05242233727810651	both	phased_verkko	T2T04_trio	whatshap_compare	chr17
largestblock_hamming	5344	both	phased_verkko	T2T04_trio	whatshap_compare	chr17
largestblock_hamming_rate	0.49403716372376816	both	phased_verkko	T2T04_trio	whatshap_compare	chr17
largestblock_diff_genotypes	0	both	phased_verkko	T2T04_trio	whatshap_compare	chr17
largestblock_diff_genotypes_rate	0	both	phased_verkko	T2T04_trio	whatshap_compare	chr17
het_variants0	47695	both	phased_verkko	T2T04_trio	whatshap_compare	chr17
only_snvs	0	both	phased_verkko	T2T04_trio	whatshap_compare	chr17
intersection_blocks	1	both	phased_verkko	T2T04_trio	whatshap_compare	chr18
covered_variants	11686	both	phased_verkko	T2T04_trio	whatshap_compare	chr18
all_assessed_pairs	11685	both	phased_verkko	T2T04_trio	whatshap_compare	chr18
all_switches	680	both	phased_verkko	T2T04_trio	whatshap_compare	chr18
all_switch_rate	0.05819426615318784	both	phased_verkko	T2T04_trio	whatshap_compare	chr18
all_switchflip_rate	0.04604193410355156	both	phased_verkko	T2T04_trio	whatshap_compare	chr18
blockwise_hamming	5791	both	phased_verkko	T2T04_trio	whatshap_compare	chr18
blockwise_hamming_rate	0.4955502310456957	both	phased_verkko	T2T04_trio	whatshap_compare	chr18
blockwise_diff_genotypes	0	both	phased_verkko	T2T04_trio	whatshap_compare	chr18
blockwise_diff_genotypes_rate	0	both	phased_verkko	T2T04_trio	whatshap_compare	chr18
largestblock_assessed_pairs	11685	both	phased_verkko	T2T04_trio	whatshap_compare	chr18
largestblock_switches	680	both	phased_verkko	T2T04_trio	whatshap_compare	chr18
largestblock_switch_rate	0.05819426615318784	both	phased_verkko	T2T04_trio	whatshap_compare	chr18
largestblock_switchflip_rate	0.04604193410355156	both	phased_verkko	T2T04_trio	whatshap_compare	chr18
largestblock_hamming	5791	both	phased_verkko	T2T04_trio	whatshap_compare	chr18
largestblock_hamming_rate	0.4955502310456957	both	phased_verkko	T2T04_trio	whatshap_compare	chr18
largestblock_diff_genotypes	0	both	phased_verkko	T2T04_trio	whatshap_compare	chr18
largestblock_diff_genotypes_rate	0	both	phased_verkko	T2T04_trio	whatshap_compare	chr18
het_variants0	42473	both	phased_verkko	T2T04_trio	whatshap_compare	chr18
only_snvs	0	both	phased_verkko	T2T04_trio	whatshap_compare	chr18
intersection_blocks	1	both	phased_verkko	T2T04_trio	whatshap_compare	chr19
covered_variants	8564	both	phased_verkko	T2T04_trio	whatshap_compare	chr19
all_assessed_pairs	8563	both	phased_verkko	T2T04_trio	whatshap_compare	chr19
all_switches	580	both	phased_verkko	T2T04_trio	whatshap_compare	chr19
all_switch_rate	0.0677332710498657	both	phased_verkko	T2T04_trio	whatshap_compare	chr19
all_switchflip_rate	0.05430339834170267	both	phased_verkko	T2T04_trio	whatshap_compare	chr19
blockwise_hamming	3950	both	phased_verkko	T2T04_trio	whatshap_compare	chr19
blockwise_hamming_rate	0.4612330686595049	both	phased_verkko	T2T04_trio	whatshap_compare	chr19
blockwise_diff_genotypes	0	both	phased_verkko	T2T04_trio	whatshap_compare	chr19
blockwise_diff_genotypes_rate	0	both	phased_verkko	T2T04_trio	whatshap_compare	chr19
largestblock_assessed_pairs	8563	both	phased_verkko	T2T04_trio	whatshap_compare	chr19
largestblock_switches	580	both	phased_verkko	T2T04_trio	whatshap_compare	chr19
largestblock_switch_rate	0.0677332710498657	both	phased_verkko	T2T04_trio	whatshap_compare	chr19
largestblock_switchflip_rate	0.05430339834170267	both	phased_verkko	T2T04_trio	whatshap_compare	chr19
largestblock_hamming	3950	both	phased_verkko	T2T04_trio	whatshap_compare	chr19
largestblock_hamming_rate	0.4612330686595049	both	phased_verkko	T2T04_trio	whatshap_compare	chr19
largestblock_diff_genotypes	0	both	phased_verkko	T2T04_trio	whatshap_compare	chr19
largestblock_diff_genotypes_rate	0	both	phased_verkko	T2T04_trio	whatshap_compare	chr19
het_variants0	39182	both	phased_verkko	T2T04_trio	whatshap_compare	chr19
only_snvs	0	both	phased_verkko	T2T04_trio	whatshap_compare	chr19
intersection_blocks	1	both	phased_verkko	T2T04_trio	whatshap_compare	chr2
covered_variants	32958	both	phased_verkko	T2T04_trio	whatshap_compare	chr2
all_assessed_pairs	32957	both	phased_verkko	T2T04_trio	whatshap_compare	chr2
all_switches	1687	both	phased_verkko	T2T04_trio	whatshap_compare	chr2
all_switch_rate	0.05118791152107292	both	phased_verkko	T2T04_trio	whatshap_compare	chr2
all_switchflip_rate	0.04081075340595321	both	phased_verkko	T2T04_trio	whatshap_compare	chr2
blockwise_hamming	15902	both	phased_verkko	T2T04_trio	whatshap_compare	chr2
blockwise_hamming_rate	0.482492869712968	both	phased_verkko	T2T04_trio	whatshap_compare	chr2
blockwise_diff_genotypes	0	both	phased_verkko	T2T04_trio	whatshap_compare	chr2
blockwise_diff_genotypes_rate	0	both	phased_verkko	T2T04_trio	whatshap_compare	chr2
largestblock_assessed_pairs	32957	both	phased_verkko	T2T04_trio	whatshap_compare	chr2
largestblock_switches	1687	both	phased_verkko	T2T04_trio	whatshap_compare	chr2
largestblock_switch_rate	0.05118791152107292	both	phased_verkko	T2T04_trio	whatshap_compare	chr2
largestblock_switchflip_rate	0.04081075340595321	both	phased_verkko	T2T04_trio	whatshap_compare	chr2
largestblock_hamming	15902	both	phased_verkko	T2T04_trio	whatshap_compare	chr2
largestblock_hamming_rate	0.482492869712968	both	phased_verkko	T2T04_trio	whatshap_compare	chr2
largestblock_diff_genotypes	0	both	phased_verkko	T2T04_trio	whatshap_compare	chr2
largestblock_diff_genotypes_rate	0	both	phased_verkko	T2T04_trio	whatshap_compare	chr2
het_variants0	112537	both	phased_verkko	T2T04_trio	whatshap_compare	chr2
only_snvs	0	both	phased_verkko	T2T04_trio	whatshap_compare	chr2
intersection_blocks	1	both	phased_verkko	T2T04_trio	whatshap_compare	chr20
covered_variants	9166	both	phased_verkko	T2T04_trio	whatshap_compare	chr20
all_assessed_pairs	9165	both	phased_verkko	T2T04_trio	whatshap_compare	chr20
all_switches	566	both	phased_verkko	T2T04_trio	whatshap_compare	chr20
all_switch_rate	0.06175668303327877	both	phased_verkko	T2T04_trio	whatshap_compare	chr20
all_switchflip_rate	0.04822695035460993	both	phased_verkko	T2T04_trio	whatshap_compare	chr20
blockwise_hamming	4050	both	phased_verkko	T2T04_trio	whatshap_compare	chr20
blockwise_hamming_rate	0.4418503163866463	both	phased_verkko	T2T04_trio	whatshap_compare	chr20
blockwise_diff_genotypes	0	both	phased_verkko	T2T04_trio	whatshap_compare	chr20
blockwise_diff_genotypes_rate	0	both	phased_verkko	T2T04_trio	whatshap_compare	chr20
largestblock_assessed_pairs	9165	both	phased_verkko	T2T04_trio	whatshap_compare	chr20
largestblock_switches	566	both	phased_verkko	T2T04_trio	whatshap_compare	chr20
largestblock_switch_rate	0.06175668303327877	both	phased_verkko	T2T04_trio	whatshap_compare	chr20
largestblock_switchflip_rate	0.04822695035460993	both	phased_verkko	T2T04_trio	whatshap_compare	chr20
largestblock_hamming	4050	both	phased_verkko	T2T04_trio	whatshap_compare	chr20
largestblock_hamming_rate	0.4418503163866463	both	phased_verkko	T2T04_trio	whatshap_compare	chr20
largestblock_diff_genotypes	0	both	phased_verkko	T2T04_trio	whatshap_compare	chr20
largestblock_diff_genotypes_rate	0	both	phased_verkko	T2T04_trio	whatshap_compare	chr20
het_variants0	44038	both	phased_verkko	T2T04_trio	whatshap_compare	chr20
only_snvs	0	both	phased_verkko	T2T04_trio	whatshap_compare	chr20
intersection_blocks	1	both	phased_verkko	T2T04_trio	whatshap_compare	chr21
covered_variants	6205	both	phased_verkko	T2T04_trio	whatshap_compare	chr21
all_assessed_pairs	6204	both	phased_verkko	T2T04_trio	whatshap_compare	chr21
all_switches	342	both	phased_verkko	T2T04_trio	whatshap_compare	chr21
all_switch_rate	0.0551257253384913	both	phased_verkko	T2T04_trio	whatshap_compare	chr21
all_switchflip_rate	0.0423920051579626	both	phased_verkko	T2T04_trio	whatshap_compare	chr21
blockwise_hamming	2923	both	phased_verkko	T2T04_trio	whatshap_compare	chr21
blockwise_hamming_rate	0.471071716357776	both	phased_verkko	T2T04_trio	whatshap_compare	chr21
blockwise_diff_genotypes	0	both	phased_verkko	T2T04_trio	whatshap_compare	chr21
blockwise_diff_genotypes_rate	0	both	phased_verkko	T2T04_trio	whatshap_compare	chr21
largestblock_assessed_pairs	6204	both	phased_verkko	T2T04_trio	whatshap_compare	chr21
largestblock_switches	342	both	phased_verkko	T2T04_trio	whatshap_compare	chr21
largestblock_switch_rate	0.0551257253384913	both	phased_verkko	T2T04_trio	whatshap_compare	chr21
largestblock_switchflip_rate	0.0423920051579626	both	phased_verkko	T2T04_trio	whatshap_compare	chr21
largestblock_hamming	2923	both	phased_verkko	T2T04_trio	whatshap_compare	chr21
largestblock_hamming_rate	0.471071716357776	both	phased_verkko	T2T04_trio	whatshap_compare	chr21
largestblock_diff_genotypes	0	both	phased_verkko	T2T04_trio	whatshap_compare	chr21
largestblock_diff_genotypes_rate	0	both	phased_verkko	T2T04_trio	whatshap_compare	chr21
het_variants0	34963	both	phased_verkko	T2T04_trio	whatshap_compare	chr21
only_snvs	0	both	phased_verkko	T2T04_trio	whatshap_compare	chr21
intersection_blocks	1	both	phased_verkko	T2T04_trio	whatshap_compare	chr22
covered_variants	6927	both	phased_verkko	T2T04_trio	whatshap_compare	chr22
all_assessed_pairs	6926	both	phased_verkko	T2T04_trio	whatshap_compare	chr22
all_switches	421	both	phased_verkko	T2T04_trio	whatshap_compare	chr22
all_switch_rate	0.06078544614496101	both	phased_verkko	T2T04_trio	whatshap_compare	chr22
all_switchflip_rate	0.04764654923476754	both	phased_verkko	T2T04_trio	whatshap_compare	chr22
blockwise_hamming	3417	both	phased_verkko	T2T04_trio	whatshap_compare	chr22
blockwise_hamming_rate	0.4932871372888696	both	phased_verkko	T2T04_trio	whatshap_compare	chr22
blockwise_diff_genotypes	0	both	phased_verkko	T2T04_trio	whatshap_compare	chr22
blockwise_diff_genotypes_rate	0	both	phased_verkko	T2T04_trio	whatshap_compare	chr22
largestblock_assessed_pairs	6926	both	phased_verkko	T2T04_trio	whatshap_compare	chr22
largestblock_switches	421	both	phased_verkko	T2T04_trio	whatshap_compare	chr22
largestblock_switch_rate	0.06078544614496101	both	phased_verkko	T2T04_trio	whatshap_compare	chr22
largestblock_switchflip_rate	0.04764654923476754	both	phased_verkko	T2T04_trio	whatshap_compare	chr22
largestblock_hamming	3417	both	phased_verkko	T2T04_trio	whatshap_compare	chr22
largestblock_hamming_rate	0.4932871372888696	both	phased_verkko	T2T04_trio	whatshap_compare	chr22
largestblock_diff_genotypes	0	both	phased_verkko	T2T04_trio	whatshap_compare	chr22
largestblock_diff_genotypes_rate	0	both	phased_verkko	T2T04_trio	whatshap_compare	chr22
het_variants0	43952	both	phased_verkko	T2T04_trio	whatshap_compare	chr22
only_snvs	0	both	phased_verkko	T2T04_trio	whatshap_compare	chr22
intersection_blocks	1	both	phased_verkko	T2T04_trio	whatshap_compare	chr3
covered_variants	29330	both	phased_verkko	T2T04_trio	whatshap_compare	chr3
all_assessed_pairs	29329	both	phased_verkko	T2T04_trio	whatshap_compare	chr3
all_switches	1419	both	phased_verkko	T2T04_trio	whatshap_compare	chr3
all_switch_rate	0.04838214736267857	both	phased_verkko	T2T04_trio	whatshap_compare	chr3
all_switchflip_rate	0.03781240410515189	both	phased_verkko	T2T04_trio	whatshap_compare	chr3
blockwise_hamming	14550	both	phased_verkko	T2T04_trio	whatshap_compare	chr3
blockwise_hamming_rate	0.4960790998977157	both	phased_verkko	T2T04_trio	whatshap_compare	chr3
blockwise_diff_genotypes	0	both	phased_verkko	T2T04_trio	whatshap_compare	chr3
blockwise_diff_genotypes_rate	0	both	phased_verkko	T2T04_trio	whatshap_compare	chr3
largestblock_assessed_pairs	29329	both	phased_verkko	T2T04_trio	whatshap_compare	chr3
largestblock_switches	1419	both	phased_verkko	T2T04_trio	whatshap_compare	chr3
largestblock_switch_rate	0.04838214736267857	both	phased_verkko	T2T04_trio	whatshap_compare	chr3
largestblock_switchflip_rate	0.03781240410515189	both	phased_verkko	T2T04_trio	whatshap_compare	chr3
largestblock_hamming	14550	both	phased_verkko	T2T04_trio	whatshap_compare	chr3
largestblock_hamming_rate	0.4960790998977157	both	phased_verkko	T2T04_trio	whatshap_compare	chr3
largestblock_diff_genotypes	0	both	phased_verkko	T2T04_trio	whatshap_compare	chr3
largestblock_diff_genotypes_rate	0	both	phased_verkko	T2T04_trio	whatshap_compare	chr3
het_variants0	111722	both	phased_verkko	T2T04_trio	whatshap_compare	chr3
only_snvs	0	both	phased_verkko	T2T04_trio	whatshap_compare	chr3
intersection_blocks	1	both	phased_verkko	T2T04_trio	whatshap_compare	chr4
covered_variants	28676	both	phased_verkko	T2T04_trio	whatshap_compare	chr4
all_assessed_pairs	28675	both	phased_verkko	T2T04_trio	whatshap_compare	chr4
all_switches	1387	both	phased_verkko	T2T04_trio	whatshap_compare	chr4
all_switch_rate	0.04836965998256321	both	phased_verkko	T2T04_trio	whatshap_compare	chr4
all_switchflip_rate	0.0380819529206626	both	phased_verkko	T2T04_trio	whatshap_compare	chr4
blockwise_hamming	14091	both	phased_verkko	T2T04_trio	whatshap_compare	chr4
blockwise_hamming_rate	0.49138652531733856	both	phased_verkko	T2T04_trio	whatshap_compare	chr4
blockwise_diff_genotypes	0	both	phased_verkko	T2T04_trio	whatshap_compare	chr4
blockwise_diff_genotypes_rate	0	both	phased_verkko	T2T04_trio	whatshap_compare	chr4
largestblock_assessed_pairs	28675	both	phased_verkko	T2T04_trio	whatshap_compare	chr4
largestblock_switches	1387	both	phased_verkko	T2T04_trio	whatshap_compare	chr4
largestblock_switch_rate	0.04836965998256321	both	phased_verkko	T2T04_trio	whatshap_compare	chr4
largestblock_switchflip_rate	0.0380819529206626	both	phased_verkko	T2T04_trio	whatshap_compare	chr4
largestblock_hamming	14091	both	phased_verkko	T2T04_trio	whatshap_compare	chr4
largestblock_hamming_rate	0.49138652531733856	both	phased_verkko	T2T04_trio	whatshap_compare	chr4
largestblock_diff_genotypes	0	both	phased_verkko	T2T04_trio	whatshap_compare	chr4
largestblock_diff_genotypes_rate	0	both	phased_verkko	T2T04_trio	whatshap_compare	chr4
het_variants0	111932	both	phased_verkko	T2T04_trio	whatshap_compare	chr4
only_snvs	0	both	phased_verkko	T2T04_trio	whatshap_compare	chr4
intersection_blocks	1	both	phased_verkko	T2T04_trio	whatshap_compare	chr5
covered_variants	27009	both	phased_verkko	T2T04_trio	whatshap_compare	chr5
all_assessed_pairs	27008	both	phased_verkko	T2T04_trio	whatshap_compare	chr5
all_switches	1307	both	phased_verkko	T2T04_trio	whatshap_compare	chr5
all_switch_rate	0.04839306872037915	both	phased_verkko	T2T04_trio	whatshap_compare	chr5
all_switchflip_rate	0.03835900473933649	both	phased_verkko	T2T04_trio	whatshap_compare	chr5
blockwise_hamming	13451	both	phased_verkko	T2T04_trio	whatshap_compare	chr5
blockwise_hamming_rate	0.4980191787922544	both	phased_verkko	T2T04_trio	whatshap_compare	chr5
blockwise_diff_genotypes	0	both	phased_verkko	T2T04_trio	whatshap_compare	chr5
blockwise_diff_genotypes_rate	0	both	phased_verkko	T2T04_trio	whatshap_compare	chr5
largestblock_assessed_pairs	27008	both	phased_verkko	T2T04_trio	whatshap_compare	chr5
largestblock_switches	1307	both	phased_verkko	T2T04_trio	whatshap_compare	chr5
largestblock_switch_rate	0.04839306872037915	both	phased_verkko	T2T04_trio	whatshap_compare	chr5
largestblock_switchflip_rate	0.03835900473933649	both	phased_verkko	T2T04_trio	whatshap_compare	chr5
largestblock_hamming	13451	both	phased_verkko	T2T04_trio	whatshap_compare	chr5
largestblock_hamming_rate	0.4980191787922544	both	phased_verkko	T2T04_trio	whatshap_compare	chr5
largestblock_diff_genotypes	0	both	phased_verkko	T2T04_trio	whatshap_compare	chr5
largestblock_diff_genotypes_rate	0	both	phased_verkko	T2T04_trio	whatshap_compare	chr5
het_variants0	99271	both	phased_verkko	T2T04_trio	whatshap_compare	chr5
only_snvs	0	both	phased_verkko	T2T04_trio	whatshap_compare	chr5
intersection_blocks	1	both	phased_verkko	T2T04_trio	whatshap_compare	chr6
covered_variants	24110	both	phased_verkko	T2T04_trio	whatshap_compare	chr6
all_assessed_pairs	24109	both	phased_verkko	T2T04_trio	whatshap_compare	chr6
all_switches	1198	both	phased_verkko	T2T04_trio	whatshap_compare	chr6
all_switch_rate	0.04969098676842673	both	phased_verkko	T2T04_trio	whatshap_compare	chr6
all_switchflip_rate	0.03981915467252893	both	phased_verkko	T2T04_trio	whatshap_compare	chr6
blockwise_hamming	11884	both	phased_verkko	T2T04_trio	whatshap_compare	chr6
blockwise_hamming_rate	0.492907507258399	both	phased_verkko	T2T04_trio	whatshap_compare	chr6
blockwise_diff_genotypes	0	both	phased_verkko	T2T04_trio	whatshap_compare	chr6
blockwise_diff_genotypes_rate	0	both	phased_verkko	T2T04_trio	whatshap_compare	chr6
largestblock_assessed_pairs	24109	both	phased_verkko	T2T04_trio	whatshap_compare	chr6
largestblock_switches	1198	both	phased_verkko	T2T04_trio	whatshap_compare	chr6
largestblock_switch_rate	0.04969098676842673	both	phased_verkko	T2T04_trio	whatshap_compare	chr6
largestblock_switchflip_rate	0.03981915467252893	both	phased_verkko	T2T04_trio	whatshap_compare	chr6
largestblock_hamming	11884	both	phased_verkko	T2T04_trio	whatshap_compare	chr6
largestblock_hamming_rate	0.492907507258399	both	phased_verkko	T2T04_trio	whatshap_compare	chr6
largestblock_diff_genotypes	0	both	phased_verkko	T2T04_trio	whatshap_compare	chr6
largestblock_diff_genotypes_rate	0	both	phased_verkko	T2T04_trio	whatshap_compare	chr6
het_variants0	89104	both	phased_verkko	T2T04_trio	whatshap_compare	chr6
only_snvs	0	both	phased_verkko	T2T04_trio	whatshap_compare	chr6
intersection_blocks	1	both	phased_verkko	T2T04_trio	whatshap_compare	chr7
covered_variants	25454	both	phased_verkko	T2T04_trio	whatshap_compare	chr7
all_assessed_pairs	25453	both	phased_verkko	T2T04_trio	whatshap_compare	chr7
all_switches	1243	both	phased_verkko	T2T04_trio	whatshap_compare	chr7
all_switch_rate	0.04883510784583349	both	phased_verkko	T2T04_trio	whatshap_compare	chr7
all_switchflip_rate	0.03889521863827446	both	phased_verkko	T2T04_trio	whatshap_compare	chr7
blockwise_hamming	11356	both	phased_verkko	T2T04_trio	whatshap_compare	chr7
blockwise_hamming_rate	0.44613813153139	both	phased_verkko	T2T04_trio	whatshap_compare	chr7
blockwise_diff_genotypes	0	both	phased_verkko	T2T04_trio	whatshap_compare	chr7
blockwise_diff_genotypes_rate	0	both	phased_verkko	T2T04_trio	whatshap_compare	chr7
largestblock_assessed_pairs	25453	both	phased_verkko	T2T04_trio	whatshap_compare	chr7
largestblock_switches	1243	both	phased_verkko	T2T04_trio	whatshap_compare	chr7
largestblock_switch_rate	0.04883510784583349	both	phased_verkko	T2T04_trio	whatshap_compare	chr7
largestblock_switchflip_rate	0.03889521863827446	both	phased_verkko	T2T04_trio	whatshap_compare	chr7
largestblock_hamming	11356	both	phased_verkko	T2T04_trio	whatshap_compare	chr7
largestblock_hamming_rate	0.44613813153139	both	phased_verkko	T2T04_trio	whatshap_compare	chr7
largestblock_diff_genotypes	0	both	phased_verkko	T2T04_trio	whatshap_compare	chr7
largestblock_diff_genotypes_rate	0	both	phased_verkko	T2T04_trio	whatshap_compare	chr7
het_variants0	94102	both	phased_verkko	T2T04_trio	whatshap_compare	chr7
only_snvs	0	both	phased_verkko	T2T04_trio	whatshap_compare	chr7
intersection_blocks	1	both	phased_verkko	T2T04_trio	whatshap_compare	chr8
covered_variants	23282	both	phased_verkko	T2T04_trio	whatshap_compare	chr8
all_assessed_pairs	23281	both	phased_verkko	T2T04_trio	whatshap_compare	chr8
all_switches	1128	both	phased_verkko	T2T04_trio	whatshap_compare	chr8
all_switch_rate	0.04845152699626304	both	phased_verkko	T2T04_trio	whatshap_compare	chr8
all_switchflip_rate	0.03771315665134659	both	phased_verkko	T2T04_trio	whatshap_compare	chr8
blockwise_hamming	10162	both	phased_verkko	T2T04_trio	whatshap_compare	chr8
blockwise_hamming_rate	0.4364745296795808	both	phased_verkko	T2T04_trio	whatshap_compare	chr8
blockwise_diff_genotypes	0	both	phased_verkko	T2T04_trio	whatshap_compare	chr8
blockwise_diff_genotypes_rate	0	both	phased_verkko	T2T04_trio	whatshap_compare	chr8
largestblock_assessed_pairs	23281	both	phased_verkko	T2T04_trio	whatshap_compare	chr8
largestblock_switches	1128	both	phased_verkko	T2T04_trio	whatshap_compare	chr8
largestblock_switch_rate	0.04845152699626304	both	phased_verkko	T2T04_trio	whatshap_compare	chr8
largestblock_switchflip_rate	0.03771315665134659	both	phased_verkko	T2T04_trio	whatshap_compare	chr8
largestblock_hamming	10162	both	phased_verkko	T2T04_trio	whatshap_compare	chr8
largestblock_hamming_rate	0.4364745296795808	both	phased_verkko	T2T04_trio	whatshap_compare	chr8
largestblock_diff_genotypes	0	both	phased_verkko	T2T04_trio	whatshap_compare	chr8
largestblock_diff_genotypes_rate	0	both	phased_verkko	T2T04_trio	whatshap_compare	chr8
het_variants0	82159	both	phased_verkko	T2T04_trio	whatshap_compare	chr8
only_snvs	0	both	phased_verkko	T2T04_trio	whatshap_compare	chr8
intersection_blocks	1	both	phased_verkko	T2T04_trio	whatshap_compare	chr9
covered_variants	18631	both	phased_verkko	T2T04_trio	whatshap_compare	chr9
all_assessed_pairs	18630	both	phased_verkko	T2T04_trio	whatshap_compare	chr9
all_switches	936	both	phased_verkko	T2T04_trio	whatshap_compare	chr9
all_switch_rate	0.0502415458937198	both	phased_verkko	T2T04_trio	whatshap_compare	chr9
all_switchflip_rate	0.04057971014492753	both	phased_verkko	T2T04_trio	whatshap_compare	chr9
blockwise_hamming	9283	both	phased_verkko	T2T04_trio	whatshap_compare	chr9
blockwise_hamming_rate	0.4982555955128549	both	phased_verkko	T2T04_trio	whatshap_compare	chr9
blockwise_diff_genotypes	0	both	phased_verkko	T2T04_trio	whatshap_compare	chr9
blockwise_diff_genotypes_rate	0	both	phased_verkko	T2T04_trio	whatshap_compare	chr9
largestblock_assessed_pairs	18630	both	phased_verkko	T2T04_trio	whatshap_compare	chr9
largestblock_switches	936	both	phased_verkko	T2T04_trio	whatshap_compare	chr9
largestblock_switch_rate	0.0502415458937198	both	phased_verkko	T2T04_trio	whatshap_compare	chr9
largestblock_switchflip_rate	0.04057971014492753	both	phased_verkko	T2T04_trio	whatshap_compare	chr9
largestblock_hamming	9283	both	phased_verkko	T2T04_trio	whatshap_compare	chr9
largestblock_hamming_rate	0.4982555955128549	both	phased_verkko	T2T04_trio	whatshap_compare	chr9
largestblock_diff_genotypes	0	both	phased_verkko	T2T04_trio	whatshap_compare	chr9
largestblock_diff_genotypes_rate	0	both	phased_verkko	T2T04_trio	whatshap_compare	chr9
het_variants0	73370	both	phased_verkko	T2T04_trio	whatshap_compare	chr9
only_snvs	0	both	phased_verkko	T2T04_trio	whatshap_compare	chr9
intersection_blocks	1	both	phased_verkko	T2T00	whatshap_compare	chr1
covered_variants	31972	both	phased_verkko	T2T00	whatshap_compare	chr1
all_assessed_pairs	31971	both	phased_verkko	T2T00	whatshap_compare	chr1
all_switches	1688	both	phased_verkko	T2T00	whatshap_compare	chr1
all_switch_rate	0.05279784804979513	both	phased_verkko	T2T00	whatshap_compare	chr1
all_switchflip_rate	0.04147508679741015	both	phased_verkko	T2T00	whatshap_compare	chr1
blockwise_hamming	15732	both	phased_verkko	T2T00	whatshap_compare	chr1
blockwise_hamming_rate	0.4920555486050294	both	phased_verkko	T2T00	whatshap_compare	chr1
blockwise_diff_genotypes	0	both	phased_verkko	T2T00	whatshap_compare	chr1
blockwise_diff_genotypes_rate	0	both	phased_verkko	T2T00	whatshap_compare	chr1
largestblock_assessed_pairs	31971	both	phased_verkko	T2T00	whatshap_compare	chr1
largestblock_switches	1688	both	phased_verkko	T2T00	whatshap_compare	chr1
largestblock_switch_rate	0.05279784804979513	both	phased_verkko	T2T00	whatshap_compare	chr1
largestblock_switchflip_rate	0.04147508679741015	both	phased_verkko	T2T00	whatshap_compare	chr1
largestblock_hamming	15732	both	phased_verkko	T2T00	whatshap_compare	chr1
largestblock_hamming_rate	0.4920555486050294	both	phased_verkko	T2T00	whatshap_compare	chr1
largestblock_diff_genotypes	0	both	phased_verkko	T2T00	whatshap_compare	chr1
largestblock_diff_genotypes_rate	0	both	phased_verkko	T2T00	whatshap_compare	chr1
het_variants0	134723	both	phased_verkko	T2T00	whatshap_compare	chr1
only_snvs	0	both	phased_verkko	T2T00	whatshap_compare	chr1
intersection_blocks	1	both	phased_verkko	T2T00	whatshap_compare	chr10
covered_variants	21500	both	phased_verkko	T2T00	whatshap_compare	chr10
all_assessed_pairs	21499	both	phased_verkko	T2T00	whatshap_compare	chr10
all_switches	1133	both	phased_verkko	T2T00	whatshap_compare	chr10
all_switch_rate	0.05270012558723661	both	phased_verkko	T2T00	whatshap_compare	chr10
all_switchflip_rate	0.04200195357923624	both	phased_verkko	T2T00	whatshap_compare	chr10
blockwise_hamming	9914	both	phased_verkko	T2T00	whatshap_compare	chr10
blockwise_hamming_rate	0.46111627906976743	both	phased_verkko	T2T00	whatshap_compare	chr10
blockwise_diff_genotypes	0	both	phased_verkko	T2T00	whatshap_compare	chr10
blockwise_diff_genotypes_rate	0	both	phased_verkko	T2T00	whatshap_compare	chr10
largestblock_assessed_pairs	21499	both	phased_verkko	T2T00	whatshap_compare	chr10
largestblock_switches	1133	both	phased_verkko	T2T00	whatshap_compare	chr10
largestblock_switch_rate	0.05270012558723661	both	phased_verkko	T2T00	whatshap_compare	chr10
largestblock_switchflip_rate	0.04200195357923624	both	phased_verkko	T2T00	whatshap_compare	chr10
largestblock_hamming	9914	both	phased_verkko	T2T00	whatshap_compare	chr10
largestblock_hamming_rate	0.46111627906976743	both	phased_verkko	T2T00	whatshap_compare	chr10
largestblock_diff_genotypes	0	both	phased_verkko	T2T00	whatshap_compare	chr10
largestblock_diff_genotypes_rate	0	both	phased_verkko	T2T00	whatshap_compare	chr10
het_variants0	74773	both	phased_verkko	T2T00	whatshap_compare	chr10
only_snvs	0	both	phased_verkko	T2T00	whatshap_compare	chr10
intersection_blocks	1	both	phased_verkko	T2T00	whatshap_compare	chr11
covered_variants	19052	both	phased_verkko	T2T00	whatshap_compare	chr11
all_assessed_pairs	19051	both	phased_verkko	T2T00	whatshap_compare	chr11
all_switches	1052	both	phased_verkko	T2T00	whatshap_compare	chr11
all_switch_rate	0.05522019841478137	both	phased_verkko	T2T00	whatshap_compare	chr11
all_switchflip_rate	0.04382972022466012	both	phased_verkko	T2T00	whatshap_compare	chr11
blockwise_hamming	9298	both	phased_verkko	T2T00	whatshap_compare	chr11
blockwise_hamming_rate	0.4880327524669326	both	phased_verkko	T2T00	whatshap_compare	chr11
blockwise_diff_genotypes	0	both	phased_verkko	T2T00	whatshap_compare	chr11
blockwise_diff_genotypes_rate	0	both	phased_verkko	T2T00	whatshap_compare	chr11
largestblock_assessed_pairs	19051	both	phased_verkko	T2T00	whatshap_compare	chr11
largestblock_switches	1052	both	phased_verkko	T2T00	whatshap_compare	chr11
largestblock_switch_rate	0.05522019841478137	both	phased_verkko	T2T00	whatshap_compare	chr11
largestblock_switchflip_rate	0.04382972022466012	both	phased_verkko	T2T00	whatshap_compare	chr11
largestblock_hamming	9298	both	phased_verkko	T2T00	whatshap_compare	chr11
largestblock_hamming_rate	0.4880327524669326	both	phased_verkko	T2T00	whatshap_compare	chr11
largestblock_diff_genotypes	0	both	phased_verkko	T2T00	whatshap_compare	chr11
largestblock_diff_genotypes_rate	0	both	phased_verkko	T2T00	whatshap_compare	chr11
het_variants0	69733	both	phased_verkko	T2T00	whatshap_compare	chr11
only_snvs	0	both	phased_verkko	T2T00	whatshap_compare	chr11
intersection_blocks	1	both	phased_verkko	T2T00	whatshap_compare	chr12
covered_variants	18289	both	phased_verkko	T2T00	whatshap_compare	chr12
all_assessed_pairs	18288	both	phased_verkko	T2T00	whatshap_compare	chr12
all_switches	1042	both	phased_verkko	T2T00	whatshap_compare	chr12
all_switch_rate	0.05697725284339457	both	phased_verkko	T2T00	whatshap_compare	chr12
all_switchflip_rate	0.04445538057742782	both	phased_verkko	T2T00	whatshap_compare	chr12
blockwise_hamming	8505	both	phased_verkko	T2T00	whatshap_compare	chr12
blockwise_hamming_rate	0.4650336267701897	both	phased_verkko	T2T00	whatshap_compare	chr12
blockwise_diff_genotypes	0	both	phased_verkko	T2T00	whatshap_compare	chr12
blockwise_diff_genotypes_rate	0	both	phased_verkko	T2T00	whatshap_compare	chr12
largestblock_assessed_pairs	18288	both	phased_verkko	T2T00	whatshap_compare	chr12
largestblock_switches	1042	both	phased_verkko	T2T00	whatshap_compare	chr12
largestblock_switch_rate	0.05697725284339457	both	phased_verkko	T2T00	whatshap_compare	chr12
largestblock_switchflip_rate	0.04445538057742782	both	phased_verkko	T2T00	whatshap_compare	chr12
largestblock_hamming	8505	both	phased_verkko	T2T00	whatshap_compare	chr12
largestblock_hamming_rate	0.4650336267701897	both	phased_verkko	T2T00	whatshap_compare	chr12
largestblock_diff_genotypes	0	both	phased_verkko	T2T00	whatshap_compare	chr12
largestblock_diff_genotypes_rate	0	both	phased_verkko	T2T00	whatshap_compare	chr12
het_variants0	69143	both	phased_verkko	T2T00	whatshap_compare	chr12
only_snvs	0	both	phased_verkko	T2T00	whatshap_compare	chr12
intersection_blocks	1	both	phased_verkko	T2T00	whatshap_compare	chr13
covered_variants	14897	both	phased_verkko	T2T00	whatshap_compare	chr13
all_assessed_pairs	14896	both	phased_verkko	T2T00	whatshap_compare	chr13
all_switches	720	both	phased_verkko	T2T00	whatshap_compare	chr13
all_switch_rate	0.04833512352309345	both	phased_verkko	T2T00	whatshap_compare	chr13
all_switchflip_rate	0.03799677765843179	both	phased_verkko	T2T00	whatshap_compare	chr13
blockwise_hamming	7034	both	phased_verkko	T2T00	whatshap_compare	chr13
blockwise_hamming_rate	0.4721756058266765	both	phased_verkko	T2T00	whatshap_compare	chr13
blockwise_diff_genotypes	0	both	phased_verkko	T2T00	whatshap_compare	chr13
blockwise_diff_genotypes_rate	0	both	phased_verkko	T2T00	whatshap_compare	chr13
largestblock_assessed_pairs	14896	both	phased_verkko	T2T00	whatshap_compare	chr13
largestblock_switches	720	both	phased_verkko	T2T00	whatshap_compare	chr13
largestblock_switch_rate	0.04833512352309345	both	phased_verkko	T2T00	whatshap_compare	chr13
largestblock_switchflip_rate	0.03799677765843179	both	phased_verkko	T2T00	whatshap_compare	chr13
largestblock_hamming	7034	both	phased_verkko	T2T00	whatshap_compare	chr13
largestblock_hamming_rate	0.4721756058266765	both	phased_verkko	T2T00	whatshap_compare	chr13
largestblock_diff_genotypes	0	both	phased_verkko	T2T00	whatshap_compare	chr13
largestblock_diff_genotypes_rate	0	both	phased_verkko	T2T00	whatshap_compare	chr13
het_variants0	54420	both	phased_verkko	T2T00	whatshap_compare	chr13
only_snvs	0	both	phased_verkko	T2T00	whatshap_compare	chr13
intersection_blocks	1	both	phased_verkko	T2T00	whatshap_compare	chr14
covered_variants	13291	both	phased_verkko	T2T00	whatshap_compare	chr14
all_assessed_pairs	13290	both	phased_verkko	T2T00	whatshap_compare	chr14
all_switches	691	both	phased_verkko	T2T00	whatshap_compare	chr14
all_switch_rate	0.05199398043641836	both	phased_verkko	T2T00	whatshap_compare	chr14
all_switchflip_rate	0.04168547780285929	both	phased_verkko	T2T00	whatshap_compare	chr14
blockwise_hamming	6168	both	phased_verkko	T2T00	whatshap_compare	chr14
blockwise_hamming_rate	0.46407343315025207	both	phased_verkko	T2T00	whatshap_compare	chr14
blockwise_diff_genotypes	0	both	phased_verkko	T2T00	whatshap_compare	chr14
blockwise_diff_genotypes_rate	0	both	phased_verkko	T2T00	whatshap_compare	chr14
largestblock_assessed_pairs	13290	both	phased_verkko	T2T00	whatshap_compare	chr14
largestblock_switches	691	both	phased_verkko	T2T00	whatshap_compare	chr14
largestblock_switch_rate	0.05199398043641836	both	phased_verkko	T2T00	whatshap_compare	chr14
largestblock_switchflip_rate	0.04168547780285929	both	phased_verkko	T2T00	whatshap_compare	chr14
largestblock_hamming	6168	both	phased_verkko	T2T00	whatshap_compare	chr14
largestblock_hamming_rate	0.46407343315025207	both	phased_verkko	T2T00	whatshap_compare	chr14
largestblock_diff_genotypes	0	both	phased_verkko	T2T00	whatshap_compare	chr14
largestblock_diff_genotypes_rate	0	both	phased_verkko	T2T00	whatshap_compare	chr14
het_variants0	80725	both	phased_verkko	T2T00	whatshap_compare	chr14
only_snvs	0	both	phased_verkko	T2T00	whatshap_compare	chr14
intersection_blocks	1	both	phased_verkko	T2T00	whatshap_compare	chr15
covered_variants	12158	both	phased_verkko	T2T00	whatshap_compare	chr15
all_assessed_pairs	12157	both	phased_verkko	T2T00	whatshap_compare	chr15
all_switches	691	both	phased_verkko	T2T00	whatshap_compare	chr15
all_switch_rate	0.05683968084231307	both	phased_verkko	T2T00	whatshap_compare	chr15
all_switchflip_rate	0.04351402484165501	both	phased_verkko	T2T00	whatshap_compare	chr15
blockwise_hamming	5937	both	phased_verkko	T2T00	whatshap_compare	chr15
blockwise_hamming_rate	0.4883204474420134	both	phased_verkko	T2T00	whatshap_compare	chr15
blockwise_diff_genotypes	0	both	phased_verkko	T2T00	whatshap_compare	chr15
blockwise_diff_genotypes_rate	0	both	phased_verkko	T2T00	whatshap_compare	chr15
largestblock_assessed_pairs	12157	both	phased_verkko	T2T00	whatshap_compare	chr15
largestblock_switches	691	both	phased_verkko	T2T00	whatshap_compare	chr15
largestblock_switch_rate	0.05683968084231307	both	phased_verkko	T2T00	whatshap_compare	chr15
largestblock_switchflip_rate	0.04351402484165501	both	phased_verkko	T2T00	whatshap_compare	chr15
largestblock_hamming	5937	both	phased_verkko	T2T00	whatshap_compare	chr15
largestblock_hamming_rate	0.4883204474420134	both	phased_verkko	T2T00	whatshap_compare	chr15
largestblock_diff_genotypes	0	both	phased_verkko	T2T00	whatshap_compare	chr15
largestblock_diff_genotypes_rate	0	both	phased_verkko	T2T00	whatshap_compare	chr15
het_variants0	73686	both	phased_verkko	T2T00	whatshap_compare	chr15
only_snvs	0	both	phased_verkko	T2T00	whatshap_compare	chr15
intersection_blocks	1	both	phased_verkko	T2T00	whatshap_compare	chr16
covered_variants	13039	both	phased_verkko	T2T00	whatshap_compare	chr16
all_assessed_pairs	13038	both	phased_verkko	T2T00	whatshap_compare	chr16
all_switches	793	both	phased_verkko	T2T00	whatshap_compare	chr16
all_switch_rate	0.06082221199570486	both	phased_verkko	T2T00	whatshap_compare	chr16
all_switchflip_rate	0.0488571866850744	both	phased_verkko	T2T00	whatshap_compare	chr16
blockwise_hamming	5963	both	phased_verkko	T2T00	whatshap_compare	chr16
blockwise_hamming_rate	0.45732034665235066	both	phased_verkko	T2T00	whatshap_compare	chr16
blockwise_diff_genotypes	0	both	phased_verkko	T2T00	whatshap_compare	chr16
blockwise_diff_genotypes_rate	0	both	phased_verkko	T2T00	whatshap_compare	chr16
largestblock_assessed_pairs	13038	both	phased_verkko	T2T00	whatshap_compare	chr16
largestblock_switches	793	both	phased_verkko	T2T00	whatshap_compare	chr16
largestblock_switch_rate	0.06082221199570486	both	phased_verkko	T2T00	whatshap_compare	chr16
largestblock_switchflip_rate	0.0488571866850744	both	phased_verkko	T2T00	whatshap_compare	chr16
largestblock_hamming	5963	both	phased_verkko	T2T00	whatshap_compare	chr16
largestblock_hamming_rate	0.45732034665235066	both	phased_verkko	T2T00	whatshap_compare	chr16
largestblock_diff_genotypes	0	both	phased_verkko	T2T00	whatshap_compare	chr16
largestblock_diff_genotypes_rate	0	both	phased_verkko	T2T00	whatshap_compare	chr16
het_variants0	56338	both	phased_verkko	T2T00	whatshap_compare	chr16
only_snvs	0	both	phased_verkko	T2T00	whatshap_compare	chr16
intersection_blocks	1	both	phased_verkko	T2T00	whatshap_compare	chr17
covered_variants	11677	both	phased_verkko	T2T00	whatshap_compare	chr17
all_assessed_pairs	11676	both	phased_verkko	T2T00	whatshap_compare	chr17
all_switches	703	both	phased_verkko	T2T00	whatshap_compare	chr17
all_switch_rate	0.06020897567660158	both	phased_verkko	T2T00	whatshap_compare	chr17
all_switchflip_rate	0.04838985954093867	both	phased_verkko	T2T00	whatshap_compare	chr17
blockwise_hamming	5032	both	phased_verkko	T2T00	whatshap_compare	chr17
blockwise_hamming_rate	0.43093260255202537	both	phased_verkko	T2T00	whatshap_compare	chr17
blockwise_diff_genotypes	0	both	phased_verkko	T2T00	whatshap_compare	chr17
blockwise_diff_genotypes_rate	0	both	phased_verkko	T2T00	whatshap_compare	chr17
largestblock_assessed_pairs	11676	both	phased_verkko	T2T00	whatshap_compare	chr17
largestblock_switches	703	both	phased_verkko	T2T00	whatshap_compare	chr17
largestblock_switch_rate	0.06020897567660158	both	phased_verkko	T2T00	whatshap_compare	chr17
largestblock_switchflip_rate	0.04838985954093867	both	phased_verkko	T2T00	whatshap_compare	chr17
largestblock_hamming	5032	both	phased_verkko	T2T00	whatshap_compare	chr17
largestblock_hamming_rate	0.43093260255202537	both	phased_verkko	T2T00	whatshap_compare	chr17
largestblock_diff_genotypes	0	both	phased_verkko	T2T00	whatshap_compare	chr17
largestblock_diff_genotypes_rate	0	both	phased_verkko	T2T00	whatshap_compare	chr17
het_variants0	44242	both	phased_verkko	T2T00	whatshap_compare	chr17
only_snvs	0	both	phased_verkko	T2T00	whatshap_compare	chr17
intersection_blocks	1	both	phased_verkko	T2T00	whatshap_compare	chr18
covered_variants	10683	both	phased_verkko	T2T00	whatshap_compare	chr18
all_assessed_pairs	10682	both	phased_verkko	T2T00	whatshap_compare	chr18
all_switches	702	both	phased_verkko	T2T00	whatshap_compare	chr18
all_switch_rate	0.06571803033139861	both	phased_verkko	T2T00	whatshap_compare	chr18
all_switchflip_rate	0.05186294701366785	both	phased_verkko	T2T00	whatshap_compare	chr18
blockwise_hamming	4976	both	phased_verkko	T2T00	whatshap_compare	chr18
blockwise_hamming_rate	0.46578676401759805	both	phased_verkko	T2T00	whatshap_compare	chr18
blockwise_diff_genotypes	0	both	phased_verkko	T2T00	whatshap_compare	chr18
blockwise_diff_genotypes_rate	0	both	phased_verkko	T2T00	whatshap_compare	chr18
largestblock_assessed_pairs	10682	both	phased_verkko	T2T00	whatshap_compare	chr18
largestblock_switches	702	both	phased_verkko	T2T00	whatshap_compare	chr18
largestblock_switch_rate	0.06571803033139861	both	phased_verkko	T2T00	whatshap_compare	chr18
largestblock_switchflip_rate	0.05186294701366785	both	phased_verkko	T2T00	whatshap_compare	chr18
largestblock_hamming	4976	both	phased_verkko	T2T00	whatshap_compare	chr18
largestblock_hamming_rate	0.46578676401759805	both	phased_verkko	T2T00	whatshap_compare	chr18
largestblock_diff_genotypes	0	both	phased_verkko	T2T00	whatshap_compare	chr18
largestblock_diff_genotypes_rate	0	both	phased_verkko	T2T00	whatshap_compare	chr18
het_variants0	40931	both	phased_verkko	T2T00	whatshap_compare	chr18
only_snvs	0	both	phased_verkko	T2T00	whatshap_compare	chr18
intersection_blocks	1	both	phased_verkko	T2T00	whatshap_compare	chr19
covered_variants	7211	both	phased_verkko	T2T00	whatshap_compare	chr19
all_assessed_pairs	7210	both	phased_verkko	T2T00	whatshap_compare	chr19
all_switches	616	both	phased_verkko	T2T00	whatshap_compare	chr19
all_switch_rate	0.0854368932038835	both	phased_verkko	T2T00	whatshap_compare	chr19
all_switchflip_rate	0.06588072122052704	both	phased_verkko	T2T00	whatshap_compare	chr19
blockwise_hamming	3553	both	phased_verkko	T2T00	whatshap_compare	chr19
blockwise_hamming_rate	0.4927194563860768	both	phased_verkko	T2T00	whatshap_compare	chr19
blockwise_diff_genotypes	0	both	phased_verkko	T2T00	whatshap_compare	chr19
blockwise_diff_genotypes_rate	0	both	phased_verkko	T2T00	whatshap_compare	chr19
largestblock_assessed_pairs	7210	both	phased_verkko	T2T00	whatshap_compare	chr19
largestblock_switches	616	both	phased_verkko	T2T00	whatshap_compare	chr19
largestblock_switch_rate	0.0854368932038835	both	phased_verkko	T2T00	whatshap_compare	chr19
largestblock_switchflip_rate	0.06588072122052704	both	phased_verkko	T2T00	whatshap_compare	chr19
largestblock_hamming	3553	both	phased_verkko	T2T00	whatshap_compare	chr19
largestblock_hamming_rate	0.4927194563860768	both	phased_verkko	T2T00	whatshap_compare	chr19
largestblock_diff_genotypes	0	both	phased_verkko	T2T00	whatshap_compare	chr19
largestblock_diff_genotypes_rate	0	both	phased_verkko	T2T00	whatshap_compare	chr19
het_variants0	36098	both	phased_verkko	T2T00	whatshap_compare	chr19
only_snvs	0	both	phased_verkko	T2T00	whatshap_compare	chr19
intersection_blocks	1	both	phased_verkko	T2T00	whatshap_compare	chr2
covered_variants	33565	both	phased_verkko	T2T00	whatshap_compare	chr2
all_assessed_pairs	33564	both	phased_verkko	T2T00	whatshap_compare	chr2
all_switches	1743	both	phased_verkko	T2T00	whatshap_compare	chr2
all_switch_rate	0.05193063997139793	both	phased_verkko	T2T00	whatshap_compare	chr2
all_switchflip_rate	0.04138362531283518	both	phased_verkko	T2T00	whatshap_compare	chr2
blockwise_hamming	16774	both	phased_verkko	T2T00	whatshap_compare	chr2
blockwise_hamming_rate	0.49974676001787577	both	phased_verkko	T2T00	whatshap_compare	chr2
blockwise_diff_genotypes	0	both	phased_verkko	T2T00	whatshap_compare	chr2
blockwise_diff_genotypes_rate	0	both	phased_verkko	T2T00	whatshap_compare	chr2
largestblock_assessed_pairs	33564	both	phased_verkko	T2T00	whatshap_compare	chr2
largestblock_switches	1743	both	phased_verkko	T2T00	whatshap_compare	chr2
largestblock_switch_rate	0.05193063997139793	both	phased_verkko	T2T00	whatshap_compare	chr2
largestblock_switchflip_rate	0.04138362531283518	both	phased_verkko	T2T00	whatshap_compare	chr2
largestblock_hamming	16774	both	phased_verkko	T2T00	whatshap_compare	chr2
largestblock_hamming_rate	0.49974676001787577	both	phased_verkko	T2T00	whatshap_compare	chr2
largestblock_diff_genotypes	0	both	phased_verkko	T2T00	whatshap_compare	chr2
largestblock_diff_genotypes_rate	0	both	phased_verkko	T2T00	whatshap_compare	chr2
het_variants0	111906	both	phased_verkko	T2T00	whatshap_compare	chr2
only_snvs	0	both	phased_verkko	T2T00	whatshap_compare	chr2
intersection_blocks	1	both	phased_verkko	T2T00	whatshap_compare	chr20
covered_variants	8698	both	phased_verkko	T2T00	whatshap_compare	chr20
all_assessed_pairs	8697	both	phased_verkko	T2T00	whatshap_compare	chr20
all_switches	568	both	phased_verkko	T2T00	whatshap_compare	chr20
all_switch_rate	0.0653098769690698	both	phased_verkko	T2T00	whatshap_compare	chr20
all_switchflip_rate	0.05277681959296309	both	phased_verkko	T2T00	whatshap_compare	chr20
blockwise_hamming	4155	both	phased_verkko	T2T00	whatshap_compare	chr20
blockwise_hamming_rate	0.47769602207404	both	phased_verkko	T2T00	whatshap_compare	chr20
blockwise_diff_genotypes	0	both	phased_verkko	T2T00	whatshap_compare	chr20
blockwise_diff_genotypes_rate	0	both	phased_verkko	T2T00	whatshap_compare	chr20
largestblock_assessed_pairs	8697	both	phased_verkko	T2T00	whatshap_compare	chr20
largestblock_switches	568	both	phased_verkko	T2T00	whatshap_compare	chr20
largestblock_switch_rate	0.0653098769690698	both	phased_verkko	T2T00	whatshap_compare	chr20
largestblock_switchflip_rate	0.05277681959296309	both	phased_verkko	T2T00	whatshap_compare	chr20
largestblock_hamming	4155	both	phased_verkko	T2T00	whatshap_compare	chr20
largestblock_hamming_rate	0.47769602207404	both	phased_verkko	T2T00	whatshap_compare	chr20
largestblock_diff_genotypes	0	both	phased_verkko	T2T00	whatshap_compare	chr20
largestblock_diff_genotypes_rate	0	both	phased_verkko	T2T00	whatshap_compare	chr20
het_variants0	40082	both	phased_verkko	T2T00	whatshap_compare	chr20
only_snvs	0	both	phased_verkko	T2T00	whatshap_compare	chr20
intersection_blocks	1	both	phased_verkko	T2T00	whatshap_compare	chr21
covered_variants	6208	both	phased_verkko	T2T00	whatshap_compare	chr21
all_assessed_pairs	6207	both	phased_verkko	T2T00	whatshap_compare	chr21
all_switches	328	both	phased_verkko	T2T00	whatshap_compare	chr21
all_switch_rate	0.05284356371838247	both	phased_verkko	T2T00	whatshap_compare	chr21
all_switchflip_rate	0.04140486547446431	both	phased_verkko	T2T00	whatshap_compare	chr21
blockwise_hamming	2960	both	phased_verkko	T2T00	whatshap_compare	chr21
blockwise_hamming_rate	0.47680412371134023	both	phased_verkko	T2T00	whatshap_compare	chr21
blockwise_diff_genotypes	0	both	phased_verkko	T2T00	whatshap_compare	chr21
blockwise_diff_genotypes_rate	0	both	phased_verkko	T2T00	whatshap_compare	chr21
largestblock_assessed_pairs	6207	both	phased_verkko	T2T00	whatshap_compare	chr21
largestblock_switches	328	both	phased_verkko	T2T00	whatshap_compare	chr21
largestblock_switch_rate	0.05284356371838247	both	phased_verkko	T2T00	whatshap_compare	chr21
largestblock_switchflip_rate	0.04140486547446431	both	phased_verkko	T2T00	whatshap_compare	chr21
largestblock_hamming	2960	both	phased_verkko	T2T00	whatshap_compare	chr21
largestblock_hamming_rate	0.47680412371134023	both	phased_verkko	T2T00	whatshap_compare	chr21
largestblock_diff_genotypes	0	both	phased_verkko	T2T00	whatshap_compare	chr21
largestblock_diff_genotypes_rate	0	both	phased_verkko	T2T00	whatshap_compare	chr21
het_variants0	30282	both	phased_verkko	T2T00	whatshap_compare	chr21
only_snvs	0	both	phased_verkko	T2T00	whatshap_compare	chr21
intersection_blocks	1	both	phased_verkko	T2T00	whatshap_compare	chr22
covered_variants	7378	both	phased_verkko	T2T00	whatshap_compare	chr22
all_assessed_pairs	7377	both	phased_verkko	T2T00	whatshap_compare	chr22
all_switches	411	both	phased_verkko	T2T00	whatshap_compare	chr22
all_switch_rate	0.05571370475803172	both	phased_verkko	T2T00	whatshap_compare	chr22
all_switchflip_rate	0.04392029280195201	both	phased_verkko	T2T00	whatshap_compare	chr22
blockwise_hamming	3624	both	phased_verkko	T2T00	whatshap_compare	chr22
blockwise_hamming_rate	0.4911900243968555	both	phased_verkko	T2T00	whatshap_compare	chr22
blockwise_diff_genotypes	0	both	phased_verkko	T2T00	whatshap_compare	chr22
blockwise_diff_genotypes_rate	0	both	phased_verkko	T2T00	whatshap_compare	chr22
largestblock_assessed_pairs	7377	both	phased_verkko	T2T00	whatshap_compare	chr22
largestblock_switches	411	both	phased_verkko	T2T00	whatshap_compare	chr22
largestblock_switch_rate	0.05571370475803172	both	phased_verkko	T2T00	whatshap_compare	chr22
largestblock_switchflip_rate	0.04392029280195201	both	phased_verkko	T2T00	whatshap_compare	chr22
largestblock_hamming	3624	both	phased_verkko	T2T00	whatshap_compare	chr22
largestblock_hamming_rate	0.4911900243968555	both	phased_verkko	T2T00	whatshap_compare	chr22
largestblock_diff_genotypes	0	both	phased_verkko	T2T00	whatshap_compare	chr22
largestblock_diff_genotypes_rate	0	both	phased_verkko	T2T00	whatshap_compare	chr22
het_variants0	47567	both	phased_verkko	T2T00	whatshap_compare	chr22
only_snvs	0	both	phased_verkko	T2T00	whatshap_compare	chr22
intersection_blocks	1	both	phased_verkko	T2T00	whatshap_compare	chr3
covered_variants	26572	both	phased_verkko	T2T00	whatshap_compare	chr3
all_assessed_pairs	26571	both	phased_verkko	T2T00	whatshap_compare	chr3
all_switches	1425	both	phased_verkko	T2T00	whatshap_compare	chr3
all_switch_rate	0.05362989725640736	both	phased_verkko	T2T00	whatshap_compare	chr3
all_switchflip_rate	0.04226412253961086	both	phased_verkko	T2T00	whatshap_compare	chr3
blockwise_hamming	12848	both	phased_verkko	T2T00	whatshap_compare	chr3
blockwise_hamming_rate	0.4835164835164835	both	phased_verkko	T2T00	whatshap_compare	chr3
blockwise_diff_genotypes	0	both	phased_verkko	T2T00	whatshap_compare	chr3
blockwise_diff_genotypes_rate	0	both	phased_verkko	T2T00	whatshap_compare	chr3
largestblock_assessed_pairs	26571	both	phased_verkko	T2T00	whatshap_compare	chr3
largestblock_switches	1425	both	phased_verkko	T2T00	whatshap_compare	chr3
largestblock_switch_rate	0.05362989725640736	both	phased_verkko	T2T00	whatshap_compare	chr3
largestblock_switchflip_rate	0.04226412253961086	both	phased_verkko	T2T00	whatshap_compare	chr3
largestblock_hamming	12848	both	phased_verkko	T2T00	whatshap_compare	chr3
largestblock_hamming_rate	0.4835164835164835	both	phased_verkko	T2T00	whatshap_compare	chr3
largestblock_diff_genotypes	0	both	phased_verkko	T2T00	whatshap_compare	chr3
largestblock_diff_genotypes_rate	0	both	phased_verkko	T2T00	whatshap_compare	chr3
het_variants0	101411	both	phased_verkko	T2T00	whatshap_compare	chr3
only_snvs	0	both	phased_verkko	T2T00	whatshap_compare	chr3
intersection_blocks	1	both	phased_verkko	T2T00	whatshap_compare	chr4
covered_variants	30145	both	phased_verkko	T2T00	whatshap_compare	chr4
all_assessed_pairs	30144	both	phased_verkko	T2T00	whatshap_compare	chr4
all_switches	1365	both	phased_verkko	T2T00	whatshap_compare	chr4
all_switch_rate	0.04528264331210191	both	phased_verkko	T2T00	whatshap_compare	chr4
all_switchflip_rate	0.03622611464968153	both	phased_verkko	T2T00	whatshap_compare	chr4
blockwise_hamming	14549	both	phased_verkko	T2T00	whatshap_compare	chr4
blockwise_hamming_rate	0.4826339359761154	both	phased_verkko	T2T00	whatshap_compare	chr4
blockwise_diff_genotypes	0	both	phased_verkko	T2T00	whatshap_compare	chr4
blockwise_diff_genotypes_rate	0	both	phased_verkko	T2T00	whatshap_compare	chr4
largestblock_assessed_pairs	30144	both	phased_verkko	T2T00	whatshap_compare	chr4
largestblock_switches	1365	both	phased_verkko	T2T00	whatshap_compare	chr4
largestblock_switch_rate	0.04528264331210191	both	phased_verkko	T2T00	whatshap_compare	chr4
largestblock_switchflip_rate	0.03622611464968153	both	phased_verkko	T2T00	whatshap_compare	chr4
largestblock_hamming	14549	both	phased_verkko	T2T00	whatshap_compare	chr4
largestblock_hamming_rate	0.4826339359761154	both	phased_verkko	T2T00	whatshap_compare	chr4
largestblock_diff_genotypes	0	both	phased_verkko	T2T00	whatshap_compare	chr4
largestblock_diff_genotypes_rate	0	both	phased_verkko	T2T00	whatshap_compare	chr4
het_variants0	114283	both	phased_verkko	T2T00	whatshap_compare	chr4
only_snvs	0	both	phased_verkko	T2T00	whatshap_compare	chr4
intersection_blocks	1	both	phased_verkko	T2T00	whatshap_compare	chr5
covered_variants	26001	both	phased_verkko	T2T00	whatshap_compare	chr5
all_assessed_pairs	26000	both	phased_verkko	T2T00	whatshap_compare	chr5
all_switches	1272	both	phased_verkko	T2T00	whatshap_compare	chr5
all_switch_rate	0.04892307692307692	both	phased_verkko	T2T00	whatshap_compare	chr5
all_switchflip_rate	0.03873076923076923	both	phased_verkko	T2T00	whatshap_compare	chr5
blockwise_hamming	12941	both	phased_verkko	T2T00	whatshap_compare	chr5
blockwise_hamming_rate	0.4977116264759048	both	phased_verkko	T2T00	whatshap_compare	chr5
blockwise_diff_genotypes	0	both	phased_verkko	T2T00	whatshap_compare	chr5
blockwise_diff_genotypes_rate	0	both	phased_verkko	T2T00	whatshap_compare	chr5
largestblock_assessed_pairs	26000	both	phased_verkko	T2T00	whatshap_compare	chr5
largestblock_switches	1272	both	phased_verkko	T2T00	whatshap_compare	chr5
largestblock_switch_rate	0.04892307692307692	both	phased_verkko	T2T00	whatshap_compare	chr5
largestblock_switchflip_rate	0.03873076923076923	both	phased_verkko	T2T00	whatshap_compare	chr5
largestblock_hamming	12941	both	phased_verkko	T2T00	whatshap_compare	chr5
largestblock_hamming_rate	0.4977116264759048	both	phased_verkko	T2T00	whatshap_compare	chr5
largestblock_diff_genotypes	0	both	phased_verkko	T2T00	whatshap_compare	chr5
largestblock_diff_genotypes_rate	0	both	phased_verkko	T2T00	whatshap_compare	chr5
het_variants0	94234	both	phased_verkko	T2T00	whatshap_compare	chr5
only_snvs	0	both	phased_verkko	T2T00	whatshap_compare	chr5
intersection_blocks	1	both	phased_verkko	T2T00	whatshap_compare	chr6
covered_variants	24945	both	phased_verkko	T2T00	whatshap_compare	chr6
all_assessed_pairs	24944	both	phased_verkko	T2T00	whatshap_compare	chr6
all_switches	1235	both	phased_verkko	T2T00	whatshap_compare	chr6
all_switch_rate	0.04951090442591405	both	phased_verkko	T2T00	whatshap_compare	chr6
all_switchflip_rate	0.03872674791533034	both	phased_verkko	T2T00	whatshap_compare	chr6
blockwise_hamming	11082	both	phased_verkko	T2T00	whatshap_compare	chr6
blockwise_hamming_rate	0.4442573662056524	both	phased_verkko	T2T00	whatshap_compare	chr6
blockwise_diff_genotypes	0	both	phased_verkko	T2T00	whatshap_compare	chr6
blockwise_diff_genotypes_rate	0	both	phased_verkko	T2T00	whatshap_compare	chr6
largestblock_assessed_pairs	24944	both	phased_verkko	T2T00	whatshap_compare	chr6
largestblock_switches	1235	both	phased_verkko	T2T00	whatshap_compare	chr6
largestblock_switch_rate	0.04951090442591405	both	phased_verkko	T2T00	whatshap_compare	chr6
largestblock_switchflip_rate	0.03872674791533034	both	phased_verkko	T2T00	whatshap_compare	chr6
largestblock_hamming	11082	both	phased_verkko	T2T00	whatshap_compare	chr6
largestblock_hamming_rate	0.4442573662056524	both	phased_verkko	T2T00	whatshap_compare	chr6
largestblock_diff_genotypes	0	both	phased_verkko	T2T00	whatshap_compare	chr6
largestblock_diff_genotypes_rate	0	both	phased_verkko	T2T00	whatshap_compare	chr6
het_variants0	92350	both	phased_verkko	T2T00	whatshap_compare	chr6
only_snvs	0	both	phased_verkko	T2T00	whatshap_compare	chr6
intersection_blocks	1	both	phased_verkko	T2T00	whatshap_compare	chr7
covered_variants	25231	both	phased_verkko	T2T00	whatshap_compare	chr7
all_assessed_pairs	25230	both	phased_verkko	T2T00	whatshap_compare	chr7
all_switches	1239	both	phased_verkko	T2T00	whatshap_compare	chr7
all_switch_rate	0.04910820451843044	both	phased_verkko	T2T00	whatshap_compare	chr7
all_switchflip_rate	0.03963535473642489	both	phased_verkko	T2T00	whatshap_compare	chr7
blockwise_hamming	11265	both	phased_verkko	T2T00	whatshap_compare	chr7
blockwise_hamming_rate	0.44647457492766834	both	phased_verkko	T2T00	whatshap_compare	chr7
blockwise_diff_genotypes	0	both	phased_verkko	T2T00	whatshap_compare	chr7
blockwise_diff_genotypes_rate	0	both	phased_verkko	T2T00	whatshap_compare	chr7
largestblock_assessed_pairs	25230	both	phased_verkko	T2T00	whatshap_compare	chr7
largestblock_switches	1239	both	phased_verkko	T2T00	whatshap_compare	chr7
largestblock_switch_rate	0.04910820451843044	both	phased_verkko	T2T00	whatshap_compare	chr7
largestblock_switchflip_rate	0.03963535473642489	both	phased_verkko	T2T00	whatshap_compare	chr7
largestblock_hamming	11265	both	phased_verkko	T2T00	whatshap_compare	chr7
largestblock_hamming_rate	0.44647457492766834	both	phased_verkko	T2T00	whatshap_compare	chr7
largestblock_diff_genotypes	0	both	phased_verkko	T2T00	whatshap_compare	chr7
largestblock_diff_genotypes_rate	0	both	phased_verkko	T2T00	whatshap_compare	chr7
het_variants0	96380	both	phased_verkko	T2T00	whatshap_compare	chr7
only_snvs	0	both	phased_verkko	T2T00	whatshap_compare	chr7
intersection_blocks	1	both	phased_verkko	T2T00	whatshap_compare	chr8
covered_variants	21605	both	phased_verkko	T2T00	whatshap_compare	chr8
all_assessed_pairs	21604	both	phased_verkko	T2T00	whatshap_compare	chr8
all_switches	1133	both	phased_verkko	T2T00	whatshap_compare	chr8
all_switch_rate	0.05244399185336049	both	phased_verkko	T2T00	whatshap_compare	chr8
all_switchflip_rate	0.04087206072949453	both	phased_verkko	T2T00	whatshap_compare	chr8
blockwise_hamming	10435	both	phased_verkko	T2T00	whatshap_compare	chr8
blockwise_hamming_rate	0.4829900485998612	both	phased_verkko	T2T00	whatshap_compare	chr8
blockwise_diff_genotypes	0	both	phased_verkko	T2T00	whatshap_compare	chr8
blockwise_diff_genotypes_rate	0	both	phased_verkko	T2T00	whatshap_compare	chr8
largestblock_assessed_pairs	21604	both	phased_verkko	T2T00	whatshap_compare	chr8
largestblock_switches	1133	both	phased_verkko	T2T00	whatshap_compare	chr8
largestblock_switch_rate	0.05244399185336049	both	phased_verkko	T2T00	whatshap_compare	chr8
largestblock_switchflip_rate	0.04087206072949453	both	phased_verkko	T2T00	whatshap_compare	chr8
largestblock_hamming	10435	both	phased_verkko	T2T00	whatshap_compare	chr8
largestblock_hamming_rate	0.4829900485998612	both	phased_verkko	T2T00	whatshap_compare	chr8
largestblock_diff_genotypes	0	both	phased_verkko	T2T00	whatshap_compare	chr8
largestblock_diff_genotypes_rate	0	both	phased_verkko	T2T00	whatshap_compare	chr8
het_variants0	85127	both	phased_verkko	T2T00	whatshap_compare	chr8
only_snvs	0	both	phased_verkko	T2T00	whatshap_compare	chr8
intersection_blocks	1	both	phased_verkko	T2T00	whatshap_compare	chr9
covered_variants	18530	both	phased_verkko	T2T00	whatshap_compare	chr9
all_assessed_pairs	18529	both	phased_verkko	T2T00	whatshap_compare	chr9
all_switches	962	both	phased_verkko	T2T00	whatshap_compare	chr9
all_switch_rate	0.05191861406443952	both	phased_verkko	T2T00	whatshap_compare	chr9
all_switchflip_rate	0.04090884559339414	both	phased_verkko	T2T00	whatshap_compare	chr9
blockwise_hamming	8919	both	phased_verkko	T2T00	whatshap_compare	chr9
blockwise_hamming_rate	0.4813275769023206	both	phased_verkko	T2T00	whatshap_compare	chr9
blockwise_diff_genotypes	0	both	phased_verkko	T2T00	whatshap_compare	chr9
blockwise_diff_genotypes_rate	0	both	phased_verkko	T2T00	whatshap_compare	chr9
largestblock_assessed_pairs	18529	both	phased_verkko	T2T00	whatshap_compare	chr9
largestblock_switches	962	both	phased_verkko	T2T00	whatshap_compare	chr9
largestblock_switch_rate	0.05191861406443952	both	phased_verkko	T2T00	whatshap_compare	chr9
largestblock_switchflip_rate	0.04090884559339414	both	phased_verkko	T2T00	whatshap_compare	chr9
largestblock_hamming	8919	both	phased_verkko	T2T00	whatshap_compare	chr9
largestblock_hamming_rate	0.4813275769023206	both	phased_verkko	T2T00	whatshap_compare	chr9
largestblock_diff_genotypes	0	both	phased_verkko	T2T00	whatshap_compare	chr9
largestblock_diff_genotypes_rate	0	both	phased_verkko	T2T00	whatshap_compare	chr9
het_variants0	77416	both	phased_verkko	T2T00	whatshap_compare	chr9
only_snvs	0	both	phased_verkko	T2T00	whatshap_compare	chr9
intersection_blocks	1	both	phased_verkko	T2T04	whatshap_compare	chr1
covered_variants	30540	both	phased_verkko	T2T04	whatshap_compare	chr1
all_assessed_pairs	30539	both	phased_verkko	T2T04	whatshap_compare	chr1
all_switches	1696	both	phased_verkko	T2T04	whatshap_compare	chr1
all_switch_rate	0.0555355447133174	both	phased_verkko	T2T04	whatshap_compare	chr1
all_switchflip_rate	0.04453321981728282	both	phased_verkko	T2T04	whatshap_compare	chr1
blockwise_hamming	14798	both	phased_verkko	T2T04	whatshap_compare	chr1
blockwise_hamming_rate	0.4845448592010478	both	phased_verkko	T2T04	whatshap_compare	chr1
blockwise_diff_genotypes	0	both	phased_verkko	T2T04	whatshap_compare	chr1
blockwise_diff_genotypes_rate	0	both	phased_verkko	T2T04	whatshap_compare	chr1
largestblock_assessed_pairs	30539	both	phased_verkko	T2T04	whatshap_compare	chr1
largestblock_switches	1696	both	phased_verkko	T2T04	whatshap_compare	chr1
largestblock_switch_rate	0.0555355447133174	both	phased_verkko	T2T04	whatshap_compare	chr1
largestblock_switchflip_rate	0.04453321981728282	both	phased_verkko	T2T04	whatshap_compare	chr1
largestblock_hamming	14798	both	phased_verkko	T2T04	whatshap_compare	chr1
largestblock_hamming_rate	0.4845448592010478	both	phased_verkko	T2T04	whatshap_compare	chr1
largestblock_diff_genotypes	0	both	phased_verkko	T2T04	whatshap_compare	chr1
largestblock_diff_genotypes_rate	0	both	phased_verkko	T2T04	whatshap_compare	chr1
het_variants0	122024	both	phased_verkko	T2T04	whatshap_compare	chr1
only_snvs	0	both	phased_verkko	T2T04	whatshap_compare	chr1
intersection_blocks	1	both	phased_verkko	T2T04	whatshap_compare	chr10
covered_variants	21123	both	phased_verkko	T2T04	whatshap_compare	chr10
all_assessed_pairs	21122	both	phased_verkko	T2T04	whatshap_compare	chr10
all_switches	1082	both	phased_verkko	T2T04	whatshap_compare	chr10
all_switch_rate	0.0512262096392387	both	phased_verkko	T2T04	whatshap_compare	chr10
all_switchflip_rate	0.04062115329987691	both	phased_verkko	T2T04	whatshap_compare	chr10
blockwise_hamming	9569	both	phased_verkko	T2T04	whatshap_compare	chr10
blockwise_hamming_rate	0.4530133030346069	both	phased_verkko	T2T04	whatshap_compare	chr10
blockwise_diff_genotypes	0	both	phased_verkko	T2T04	whatshap_compare	chr10
blockwise_diff_genotypes_rate	0	both	phased_verkko	T2T04	whatshap_compare	chr10
largestblock_assessed_pairs	21122	both	phased_verkko	T2T04	whatshap_compare	chr10
largestblock_switches	1082	both	phased_verkko	T2T04	whatshap_compare	chr10
largestblock_switch_rate	0.0512262096392387	both	phased_verkko	T2T04	whatshap_compare	chr10
largestblock_switchflip_rate	0.04062115329987691	both	phased_verkko	T2T04	whatshap_compare	chr10
largestblock_hamming	9569	both	phased_verkko	T2T04	whatshap_compare	chr10
largestblock_hamming_rate	0.4530133030346069	both	phased_verkko	T2T04	whatshap_compare	chr10
largestblock_diff_genotypes	0	both	phased_verkko	T2T04	whatshap_compare	chr10
largestblock_diff_genotypes_rate	0	both	phased_verkko	T2T04	whatshap_compare	chr10
het_variants0	71199	both	phased_verkko	T2T04	whatshap_compare	chr10
only_snvs	0	both	phased_verkko	T2T04	whatshap_compare	chr10
intersection_blocks	1	both	phased_verkko	T2T04	whatshap_compare	chr11
covered_variants	19425	both	phased_verkko	T2T04	whatshap_compare	chr11
all_assessed_pairs	19424	both	phased_verkko	T2T04	whatshap_compare	chr11
all_switches	966	both	phased_verkko	T2T04	whatshap_compare	chr11
all_switch_rate	0.04973228995057661	both	phased_verkko	T2T04	whatshap_compare	chr11
all_switchflip_rate	0.03974464579901153	both	phased_verkko	T2T04	whatshap_compare	chr11
blockwise_hamming	8874	both	phased_verkko	T2T04	whatshap_compare	chr11
blockwise_hamming_rate	0.4568339768339768	both	phased_verkko	T2T04	whatshap_compare	chr11
blockwise_diff_genotypes	0	both	phased_verkko	T2T04	whatshap_compare	chr11
blockwise_diff_genotypes_rate	0	both	phased_verkko	T2T04	whatshap_compare	chr11
largestblock_assessed_pairs	19424	both	phased_verkko	T2T04	whatshap_compare	chr11
largestblock_switches	966	both	phased_verkko	T2T04	whatshap_compare	chr11
largestblock_switch_rate	0.04973228995057661	both	phased_verkko	T2T04	whatshap_compare	chr11
largestblock_switchflip_rate	0.03974464579901153	both	phased_verkko	T2T04	whatshap_compare	chr11
largestblock_hamming	8874	both	phased_verkko	T2T04	whatshap_compare	chr11
largestblock_hamming_rate	0.4568339768339768	both	phased_verkko	T2T04	whatshap_compare	chr11
largestblock_diff_genotypes	0	both	phased_verkko	T2T04	whatshap_compare	chr11
largestblock_diff_genotypes_rate	0	both	phased_verkko	T2T04	whatshap_compare	chr11
het_variants0	66717	both	phased_verkko	T2T04	whatshap_compare	chr11
only_snvs	0	both	phased_verkko	T2T04	whatshap_compare	chr11
intersection_blocks	1	both	phased_verkko	T2T04	whatshap_compare	chr12
covered_variants	17944	both	phased_verkko	T2T04	whatshap_compare	chr12
all_assessed_pairs	17943	both	phased_verkko	T2T04	whatshap_compare	chr12
all_switches	1040	both	phased_verkko	T2T04	whatshap_compare	chr12
all_switch_rate	0.0579613219639971	both	phased_verkko	T2T04	whatshap_compare	chr12
all_switchflip_rate	0.04558880900629772	both	phased_verkko	T2T04	whatshap_compare	chr12
blockwise_hamming	8357	both	phased_verkko	T2T04	whatshap_compare	chr12
blockwise_hamming_rate	0.46572670530539456	both	phased_verkko	T2T04	whatshap_compare	chr12
blockwise_diff_genotypes	0	both	phased_verkko	T2T04	whatshap_compare	chr12
blockwise_diff_genotypes_rate	0	both	phased_verkko	T2T04	whatshap_compare	chr12
largestblock_assessed_pairs	17943	both	phased_verkko	T2T04	whatshap_compare	chr12
largestblock_switches	1040	both	phased_verkko	T2T04	whatshap_compare	chr12
largestblock_switch_rate	0.0579613219639971	both	phased_verkko	T2T04	whatshap_compare	chr12
largestblock_switchflip_rate	0.04558880900629772	both	phased_verkko	T2T04	whatshap_compare	chr12
largestblock_hamming	8357	both	phased_verkko	T2T04	whatshap_compare	chr12
largestblock_hamming_rate	0.46572670530539456	both	phased_verkko	T2T04	whatshap_compare	chr12
largestblock_diff_genotypes	0	both	phased_verkko	T2T04	whatshap_compare	chr12
largestblock_diff_genotypes_rate	0	both	phased_verkko	T2T04	whatshap_compare	chr12
het_variants0	67011	both	phased_verkko	T2T04	whatshap_compare	chr12
only_snvs	0	both	phased_verkko	T2T04	whatshap_compare	chr12
intersection_blocks	1	both	phased_verkko	T2T04	whatshap_compare	chr13
covered_variants	16150	both	phased_verkko	T2T04	whatshap_compare	chr13
all_assessed_pairs	16149	both	phased_verkko	T2T04	whatshap_compare	chr13
all_switches	736	both	phased_verkko	T2T04	whatshap_compare	chr13
all_switch_rate	0.0455755774351353	both	phased_verkko	T2T04	whatshap_compare	chr13
all_switchflip_rate	0.03542014985448015	both	phased_verkko	T2T04	whatshap_compare	chr13
blockwise_hamming	7710	both	phased_verkko	T2T04	whatshap_compare	chr13
blockwise_hamming_rate	0.4773993808049536	both	phased_verkko	T2T04	whatshap_compare	chr13
blockwise_diff_genotypes	0	both	phased_verkko	T2T04	whatshap_compare	chr13
blockwise_diff_genotypes_rate	0	both	phased_verkko	T2T04	whatshap_compare	chr13
largestblock_assessed_pairs	16149	both	phased_verkko	T2T04	whatshap_compare	chr13
largestblock_switches	736	both	phased_verkko	T2T04	whatshap_compare	chr13
largestblock_switch_rate	0.0455755774351353	both	phased_verkko	T2T04	whatshap_compare	chr13
largestblock_switchflip_rate	0.03542014985448015	both	phased_verkko	T2T04	whatshap_compare	chr13
largestblock_hamming	7710	both	phased_verkko	T2T04	whatshap_compare	chr13
largestblock_hamming_rate	0.4773993808049536	both	phased_verkko	T2T04	whatshap_compare	chr13
largestblock_diff_genotypes	0	both	phased_verkko	T2T04	whatshap_compare	chr13
largestblock_diff_genotypes_rate	0	both	phased_verkko	T2T04	whatshap_compare	chr13
het_variants0	54849	both	phased_verkko	T2T04	whatshap_compare	chr13
only_snvs	0	both	phased_verkko	T2T04	whatshap_compare	chr13
intersection_blocks	1	both	phased_verkko	T2T04	whatshap_compare	chr14
covered_variants	13194	both	phased_verkko	T2T04	whatshap_compare	chr14
all_assessed_pairs	13193	both	phased_verkko	T2T04	whatshap_compare	chr14
all_switches	727	both	phased_verkko	T2T04	whatshap_compare	chr14
all_switch_rate	0.05510497991359054	both	phased_verkko	T2T04	whatshap_compare	chr14
all_switchflip_rate	0.04320472978094444	both	phased_verkko	T2T04	whatshap_compare	chr14
blockwise_hamming	6364	both	phased_verkko	T2T04	whatshap_compare	chr14
blockwise_hamming_rate	0.4823404577838411	both	phased_verkko	T2T04	whatshap_compare	chr14
blockwise_diff_genotypes	0	both	phased_verkko	T2T04	whatshap_compare	chr14
blockwise_diff_genotypes_rate	0	both	phased_verkko	T2T04	whatshap_compare	chr14
largestblock_assessed_pairs	13193	both	phased_verkko	T2T04	whatshap_compare	chr14
largestblock_switches	727	both	phased_verkko	T2T04	whatshap_compare	chr14
largestblock_switch_rate	0.05510497991359054	both	phased_verkko	T2T04	whatshap_compare	chr14
largestblock_switchflip_rate	0.04320472978094444	both	phased_verkko	T2T04	whatshap_compare	chr14
largestblock_hamming	6364	both	phased_verkko	T2T04	whatshap_compare	chr14
largestblock_hamming_rate	0.4823404577838411	both	phased_verkko	T2T04	whatshap_compare	chr14
largestblock_diff_genotypes	0	both	phased_verkko	T2T04	whatshap_compare	chr14
largestblock_diff_genotypes_rate	0	both	phased_verkko	T2T04	whatshap_compare	chr14
het_variants0	82019	both	phased_verkko	T2T04	whatshap_compare	chr14
only_snvs	0	both	phased_verkko	T2T04	whatshap_compare	chr14
intersection_blocks	1	both	phased_verkko	T2T04	whatshap_compare	chr15
covered_variants	14277	both	phased_verkko	T2T04	whatshap_compare	chr15
all_assessed_pairs	14276	both	phased_verkko	T2T04	whatshap_compare	chr15
all_switches	747	both	phased_verkko	T2T04	whatshap_compare	chr15
all_switch_rate	0.05232558139534884	both	phased_verkko	T2T04	whatshap_compare	chr15
all_switchflip_rate	0.04020734099187447	both	phased_verkko	T2T04	whatshap_compare	chr15
blockwise_hamming	6955	both	phased_verkko	T2T04	whatshap_compare	chr15
blockwise_hamming_rate	0.48714715976745815	both	phased_verkko	T2T04	whatshap_compare	chr15
blockwise_diff_genotypes	0	both	phased_verkko	T2T04	whatshap_compare	chr15
blockwise_diff_genotypes_rate	0	both	phased_verkko	T2T04	whatshap_compare	chr15
largestblock_assessed_pairs	14276	both	phased_verkko	T2T04	whatshap_compare	chr15
largestblock_switches	747	both	phased_verkko	T2T04	whatshap_compare	chr15
largestblock_switch_rate	0.05232558139534884	both	phased_verkko	T2T04	whatshap_compare	chr15
largestblock_switchflip_rate	0.04020734099187447	both	phased_verkko	T2T04	whatshap_compare	chr15
largestblock_hamming	6955	both	phased_verkko	T2T04	whatshap_compare	chr15
largestblock_hamming_rate	0.48714715976745815	both	phased_verkko	T2T04	whatshap_compare	chr15
largestblock_diff_genotypes	0	both	phased_verkko	T2T04	whatshap_compare	chr15
largestblock_diff_genotypes_rate	0	both	phased_verkko	T2T04	whatshap_compare	chr15
het_variants0	82039	both	phased_verkko	T2T04	whatshap_compare	chr15
only_snvs	0	both	phased_verkko	T2T04	whatshap_compare	chr15
intersection_blocks	1	both	phased_verkko	T2T04	whatshap_compare	chr16
covered_variants	11473	both	phased_verkko	T2T04	whatshap_compare	chr16
all_assessed_pairs	11472	both	phased_verkko	T2T04	whatshap_compare	chr16
all_switches	838	both	phased_verkko	T2T04	whatshap_compare	chr16
all_switch_rate	0.07304741980474198	both	phased_verkko	T2T04	whatshap_compare	chr16
all_switchflip_rate	0.05535216178521618	both	phased_verkko	T2T04	whatshap_compare	chr16
blockwise_hamming	5136	both	phased_verkko	T2T04	whatshap_compare	chr16
blockwise_hamming_rate	0.447659722827508	both	phased_verkko	T2T04	whatshap_compare	chr16
blockwise_diff_genotypes	0	both	phased_verkko	T2T04	whatshap_compare	chr16
blockwise_diff_genotypes_rate	0	both	phased_verkko	T2T04	whatshap_compare	chr16
largestblock_assessed_pairs	11472	both	phased_verkko	T2T04	whatshap_compare	chr16
largestblock_switches	838	both	phased_verkko	T2T04	whatshap_compare	chr16
largestblock_switch_rate	0.07304741980474198	both	phased_verkko	T2T04	whatshap_compare	chr16
largestblock_switchflip_rate	0.05535216178521618	both	phased_verkko	T2T04	whatshap_compare	chr16
largestblock_hamming	5136	both	phased_verkko	T2T04	whatshap_compare	chr16
largestblock_hamming_rate	0.447659722827508	both	phased_verkko	T2T04	whatshap_compare	chr16
largestblock_diff_genotypes	0	both	phased_verkko	T2T04	whatshap_compare	chr16
largestblock_diff_genotypes_rate	0	both	phased_verkko	T2T04	whatshap_compare	chr16
het_variants0	53030	both	phased_verkko	T2T04	whatshap_compare	chr16
only_snvs	0	both	phased_verkko	T2T04	whatshap_compare	chr16
intersection_blocks	1	both	phased_verkko	T2T04	whatshap_compare	chr17
covered_variants	10824	both	phased_verkko	T2T04	whatshap_compare	chr17
all_assessed_pairs	10823	both	phased_verkko	T2T04	whatshap_compare	chr17
all_switches	719	both	phased_verkko	T2T04	whatshap_compare	chr17
all_switch_rate	0.06643259724660446	both	phased_verkko	T2T04	whatshap_compare	chr17
all_switchflip_rate	0.05238843204287166	both	phased_verkko	T2T04	whatshap_compare	chr17
blockwise_hamming	5341	both	phased_verkko	T2T04	whatshap_compare	chr17
blockwise_hamming_rate	0.4934405025868441	both	phased_verkko	T2T04	whatshap_compare	chr17
blockwise_diff_genotypes	0	both	phased_verkko	T2T04	whatshap_compare	chr17
blockwise_diff_genotypes_rate	0	both	phased_verkko	T2T04	whatshap_compare	chr17
largestblock_assessed_pairs	10823	both	phased_verkko	T2T04	whatshap_compare	chr17
largestblock_switches	719	both	phased_verkko	T2T04	whatshap_compare	chr17
largestblock_switch_rate	0.06643259724660446	both	phased_verkko	T2T04	whatshap_compare	chr17
largestblock_switchflip_rate	0.05238843204287166	both	phased_verkko	T2T04	whatshap_compare	chr17
largestblock_hamming	5341	both	phased_verkko	T2T04	whatshap_compare	chr17
largestblock_hamming_rate	0.4934405025868441	both	phased_verkko	T2T04	whatshap_compare	chr17
largestblock_diff_genotypes	0	both	phased_verkko	T2T04	whatshap_compare	chr17
largestblock_diff_genotypes_rate	0	both	phased_verkko	T2T04	whatshap_compare	chr17
het_variants0	47851	both	phased_verkko	T2T04	whatshap_compare	chr17
only_snvs	0	both	phased_verkko	T2T04	whatshap_compare	chr17
intersection_blocks	1	both	phased_verkko	T2T04	whatshap_compare	chr18
covered_variants	11686	both	phased_verkko	T2T04	whatshap_compare	chr18
all_assessed_pairs	11685	both	phased_verkko	T2T04	whatshap_compare	chr18
all_switches	680	both	phased_verkko	T2T04	whatshap_compare	chr18
all_switch_rate	0.05819426615318784	both	phased_verkko	T2T04	whatshap_compare	chr18
all_switchflip_rate	0.04604193410355156	both	phased_verkko	T2T04	whatshap_compare	chr18
blockwise_hamming	5791	both	phased_verkko	T2T04	whatshap_compare	chr18
blockwise_hamming_rate	0.4955502310456957	both	phased_verkko	T2T04	whatshap_compare	chr18
blockwise_diff_genotypes	0	both	phased_verkko	T2T04	whatshap_compare	chr18
blockwise_diff_genotypes_rate	0	both	phased_verkko	T2T04	whatshap_compare	chr18
largestblock_assessed_pairs	11685	both	phased_verkko	T2T04	whatshap_compare	chr18
largestblock_switches	680	both	phased_verkko	T2T04	whatshap_compare	chr18
largestblock_switch_rate	0.05819426615318784	both	phased_verkko	T2T04	whatshap_compare	chr18
largestblock_switchflip_rate	0.04604193410355156	both	phased_verkko	T2T04	whatshap_compare	chr18
largestblock_hamming	5791	both	phased_verkko	T2T04	whatshap_compare	chr18
largestblock_hamming_rate	0.4955502310456957	both	phased_verkko	T2T04	whatshap_compare	chr18
largestblock_diff_genotypes	0	both	phased_verkko	T2T04	whatshap_compare	chr18
largestblock_diff_genotypes_rate	0	both	phased_verkko	T2T04	whatshap_compare	chr18
het_variants0	42472	both	phased_verkko	T2T04	whatshap_compare	chr18
only_snvs	0	both	phased_verkko	T2T04	whatshap_compare	chr18
intersection_blocks	1	both	phased_verkko	T2T04	whatshap_compare	chr19
covered_variants	8562	both	phased_verkko	T2T04	whatshap_compare	chr19
all_assessed_pairs	8561	both	phased_verkko	T2T04	whatshap_compare	chr19
all_switches	578	both	phased_verkko	T2T04	whatshap_compare	chr19
all_switch_rate	0.06751547716388272	both	phased_verkko	T2T04	whatshap_compare	chr19
all_switchflip_rate	0.05408246700151852	both	phased_verkko	T2T04	whatshap_compare	chr19
blockwise_hamming	3953	both	phased_verkko	T2T04	whatshap_compare	chr19
blockwise_hamming_rate	0.4616911936463443	both	phased_verkko	T2T04	whatshap_compare	chr19
blockwise_diff_genotypes	0	both	phased_verkko	T2T04	whatshap_compare	chr19
blockwise_diff_genotypes_rate	0	both	phased_verkko	T2T04	whatshap_compare	chr19
largestblock_assessed_pairs	8561	both	phased_verkko	T2T04	whatshap_compare	chr19
largestblock_switches	578	both	phased_verkko	T2T04	whatshap_compare	chr19
largestblock_switch_rate	0.06751547716388272	both	phased_verkko	T2T04	whatshap_compare	chr19
largestblock_switchflip_rate	0.05408246700151852	both	phased_verkko	T2T04	whatshap_compare	chr19
largestblock_hamming	3953	both	phased_verkko	T2T04	whatshap_compare	chr19
largestblock_hamming_rate	0.4616911936463443	both	phased_verkko	T2T04	whatshap_compare	chr19
largestblock_diff_genotypes	0	both	phased_verkko	T2T04	whatshap_compare	chr19
largestblock_diff_genotypes_rate	0	both	phased_verkko	T2T04	whatshap_compare	chr19
het_variants0	39185	both	phased_verkko	T2T04	whatshap_compare	chr19
only_snvs	0	both	phased_verkko	T2T04	whatshap_compare	chr19
intersection_blocks	1	both	phased_verkko	T2T04	whatshap_compare	chr2
covered_variants	32958	both	phased_verkko	T2T04	whatshap_compare	chr2
all_assessed_pairs	32957	both	phased_verkko	T2T04	whatshap_compare	chr2
all_switches	1687	both	phased_verkko	T2T04	whatshap_compare	chr2
all_switch_rate	0.05118791152107292	both	phased_verkko	T2T04	whatshap_compare	chr2
all_switchflip_rate	0.04081075340595321	both	phased_verkko	T2T04	whatshap_compare	chr2
blockwise_hamming	15902	both	phased_verkko	T2T04	whatshap_compare	chr2
blockwise_hamming_rate	0.482492869712968	both	phased_verkko	T2T04	whatshap_compare	chr2
blockwise_diff_genotypes	0	both	phased_verkko	T2T04	whatshap_compare	chr2
blockwise_diff_genotypes_rate	0	both	phased_verkko	T2T04	whatshap_compare	chr2
largestblock_assessed_pairs	32957	both	phased_verkko	T2T04	whatshap_compare	chr2
largestblock_switches	1687	both	phased_verkko	T2T04	whatshap_compare	chr2
largestblock_switch_rate	0.05118791152107292	both	phased_verkko	T2T04	whatshap_compare	chr2
largestblock_switchflip_rate	0.04081075340595321	both	phased_verkko	T2T04	whatshap_compare	chr2
largestblock_hamming	15902	both	phased_verkko	T2T04	whatshap_compare	chr2
largestblock_hamming_rate	0.482492869712968	both	phased_verkko	T2T04	whatshap_compare	chr2
largestblock_diff_genotypes	0	both	phased_verkko	T2T04	whatshap_compare	chr2
largestblock_diff_genotypes_rate	0	both	phased_verkko	T2T04	whatshap_compare	chr2
het_variants0	112539	both	phased_verkko	T2T04	whatshap_compare	chr2
only_snvs	0	both	phased_verkko	T2T04	whatshap_compare	chr2
intersection_blocks	1	both	phased_verkko	T2T04	whatshap_compare	chr20
covered_variants	9172	both	phased_verkko	T2T04	whatshap_compare	chr20
all_assessed_pairs	9171	both	phased_verkko	T2T04	whatshap_compare	chr20
all_switches	572	both	phased_verkko	T2T04	whatshap_compare	chr20
all_switch_rate	0.06237051575618798	both	phased_verkko	T2T04	whatshap_compare	chr20
all_switchflip_rate	0.04841347726529277	both	phased_verkko	T2T04	whatshap_compare	chr20
blockwise_hamming	4052	both	phased_verkko	T2T04	whatshap_compare	chr20
blockwise_hamming_rate	0.44177932839075446	both	phased_verkko	T2T04	whatshap_compare	chr20
blockwise_diff_genotypes	0	both	phased_verkko	T2T04	whatshap_compare	chr20
blockwise_diff_genotypes_rate	0	both	phased_verkko	T2T04	whatshap_compare	chr20
largestblock_assessed_pairs	9171	both	phased_verkko	T2T04	whatshap_compare	chr20
largestblock_switches	572	both	phased_verkko	T2T04	whatshap_compare	chr20
largestblock_switch_rate	0.06237051575618798	both	phased_verkko	T2T04	whatshap_compare	chr20
largestblock_switchflip_rate	0.04841347726529277	both	phased_verkko	T2T04	whatshap_compare	chr20
largestblock_hamming	4052	both	phased_verkko	T2T04	whatshap_compare	chr20
largestblock_hamming_rate	0.44177932839075446	both	phased_verkko	T2T04	whatshap_compare	chr20
largestblock_diff_genotypes	0	both	phased_verkko	T2T04	whatshap_compare	chr20
largestblock_diff_genotypes_rate	0	both	phased_verkko	T2T04	whatshap_compare	chr20
het_variants0	44504	both	phased_verkko	T2T04	whatshap_compare	chr20
only_snvs	0	both	phased_verkko	T2T04	whatshap_compare	chr20
intersection_blocks	1	both	phased_verkko	T2T04	whatshap_compare	chr21
covered_variants	6205	both	phased_verkko	T2T04	whatshap_compare	chr21
all_assessed_pairs	6204	both	phased_verkko	T2T04	whatshap_compare	chr21
all_switches	342	both	phased_verkko	T2T04	whatshap_compare	chr21
all_switch_rate	0.0551257253384913	both	phased_verkko	T2T04	whatshap_compare	chr21
all_switchflip_rate	0.0423920051579626	both	phased_verkko	T2T04	whatshap_compare	chr21
blockwise_hamming	2924	both	phased_verkko	T2T04	whatshap_compare	chr21
blockwise_hamming_rate	0.4712328767123288	both	phased_verkko	T2T04	whatshap_compare	chr21
blockwise_diff_genotypes	0	both	phased_verkko	T2T04	whatshap_compare	chr21
blockwise_diff_genotypes_rate	0	both	phased_verkko	T2T04	whatshap_compare	chr21
largestblock_assessed_pairs	6204	both	phased_verkko	T2T04	whatshap_compare	chr21
largestblock_switches	342	both	phased_verkko	T2T04	whatshap_compare	chr21
largestblock_switch_rate	0.0551257253384913	both	phased_verkko	T2T04	whatshap_compare	chr21
largestblock_switchflip_rate	0.0423920051579626	both	phased_verkko	T2T04	whatshap_compare	chr21
largestblock_hamming	2924	both	phased_verkko	T2T04	whatshap_compare	chr21
largestblock_hamming_rate	0.4712328767123288	both	phased_verkko	T2T04	whatshap_compare	chr21
largestblock_diff_genotypes	0	both	phased_verkko	T2T04	whatshap_compare	chr21
largestblock_diff_genotypes_rate	0	both	phased_verkko	T2T04	whatshap_compare	chr21
het_variants0	34677	both	phased_verkko	T2T04	whatshap_compare	chr21
only_snvs	0	both	phased_verkko	T2T04	whatshap_compare	chr21
intersection_blocks	1	both	phased_verkko	T2T04	whatshap_compare	chr22
covered_variants	6918	both	phased_verkko	T2T04	whatshap_compare	chr22
all_assessed_pairs	6917	both	phased_verkko	T2T04	whatshap_compare	chr22
all_switches	426	both	phased_verkko	T2T04	whatshap_compare	chr22
all_switch_rate	0.06158739337863235	both	phased_verkko	T2T04	whatshap_compare	chr22
all_switchflip_rate	0.04814225820442388	both	phased_verkko	T2T04	whatshap_compare	chr22
blockwise_hamming	3321	both	phased_verkko	T2T04	whatshap_compare	chr22
blockwise_hamming_rate	0.4800520381613183	both	phased_verkko	T2T04	whatshap_compare	chr22
blockwise_diff_genotypes	0	both	phased_verkko	T2T04	whatshap_compare	chr22
blockwise_diff_genotypes_rate	0	both	phased_verkko	T2T04	whatshap_compare	chr22
largestblock_assessed_pairs	6917	both	phased_verkko	T2T04	whatshap_compare	chr22
largestblock_switches	426	both	phased_verkko	T2T04	whatshap_compare	chr22
largestblock_switch_rate	0.06158739337863235	both	phased_verkko	T2T04	whatshap_compare	chr22
largestblock_switchflip_rate	0.04814225820442388	both	phased_verkko	T2T04	whatshap_compare	chr22
largestblock_hamming	3321	both	phased_verkko	T2T04	whatshap_compare	chr22
largestblock_hamming_rate	0.4800520381613183	both	phased_verkko	T2T04	whatshap_compare	chr22
largestblock_diff_genotypes	0	both	phased_verkko	T2T04	whatshap_compare	chr22
largestblock_diff_genotypes_rate	0	both	phased_verkko	T2T04	whatshap_compare	chr22
het_variants0	44028	both	phased_verkko	T2T04	whatshap_compare	chr22
only_snvs	0	both	phased_verkko	T2T04	whatshap_compare	chr22
intersection_blocks	1	both	phased_verkko	T2T04	whatshap_compare	chr3
covered_variants	29330	both	phased_verkko	T2T04	whatshap_compare	chr3
all_assessed_pairs	29329	both	phased_verkko	T2T04	whatshap_compare	chr3
all_switches	1419	both	phased_verkko	T2T04	whatshap_compare	chr3
all_switch_rate	0.04838214736267857	both	phased_verkko	T2T04	whatshap_compare	chr3
all_switchflip_rate	0.03781240410515189	both	phased_verkko	T2T04	whatshap_compare	chr3
blockwise_hamming	14550	both	phased_verkko	T2T04	whatshap_compare	chr3
blockwise_hamming_rate	0.4960790998977157	both	phased_verkko	T2T04	whatshap_compare	chr3
blockwise_diff_genotypes	0	both	phased_verkko	T2T04	whatshap_compare	chr3
blockwise_diff_genotypes_rate	0	both	phased_verkko	T2T04	whatshap_compare	chr3
largestblock_assessed_pairs	29329	both	phased_verkko	T2T04	whatshap_compare	chr3
largestblock_switches	1419	both	phased_verkko	T2T04	whatshap_compare	chr3
largestblock_switch_rate	0.04838214736267857	both	phased_verkko	T2T04	whatshap_compare	chr3
largestblock_switchflip_rate	0.03781240410515189	both	phased_verkko	T2T04	whatshap_compare	chr3
largestblock_hamming	14550	both	phased_verkko	T2T04	whatshap_compare	chr3
largestblock_hamming_rate	0.4960790998977157	both	phased_verkko	T2T04	whatshap_compare	chr3
largestblock_diff_genotypes	0	both	phased_verkko	T2T04	whatshap_compare	chr3
largestblock_diff_genotypes_rate	0	both	phased_verkko	T2T04	whatshap_compare	chr3
het_variants0	111833	both	phased_verkko	T2T04	whatshap_compare	chr3
only_snvs	0	both	phased_verkko	T2T04	whatshap_compare	chr3
intersection_blocks	1	both	phased_verkko	T2T04	whatshap_compare	chr4
covered_variants	28668	both	phased_verkko	T2T04	whatshap_compare	chr4
all_assessed_pairs	28667	both	phased_verkko	T2T04	whatshap_compare	chr4
all_switches	1387	both	phased_verkko	T2T04	whatshap_compare	chr4
all_switch_rate	0.04838315833536819	both	phased_verkko	T2T04	whatshap_compare	chr4
all_switchflip_rate	0.0380925803188335	both	phased_verkko	T2T04	whatshap_compare	chr4
blockwise_hamming	14091	both	phased_verkko	T2T04	whatshap_compare	chr4
blockwise_hamming_rate	0.49152365006278775	both	phased_verkko	T2T04	whatshap_compare	chr4
blockwise_diff_genotypes	0	both	phased_verkko	T2T04	whatshap_compare	chr4
blockwise_diff_genotypes_rate	0	both	phased_verkko	T2T04	whatshap_compare	chr4
largestblock_assessed_pairs	28667	both	phased_verkko	T2T04	whatshap_compare	chr4
largestblock_switches	1387	both	phased_verkko	T2T04	whatshap_compare	chr4
largestblock_switch_rate	0.04838315833536819	both	phased_verkko	T2T04	whatshap_compare	chr4
largestblock_switchflip_rate	0.0380925803188335	both	phased_verkko	T2T04	whatshap_compare	chr4
largestblock_hamming	14091	both	phased_verkko	T2T04	whatshap_compare	chr4
largestblock_hamming_rate	0.49152365006278775	both	phased_verkko	T2T04	whatshap_compare	chr4
largestblock_diff_genotypes	0	both	phased_verkko	T2T04	whatshap_compare	chr4
largestblock_diff_genotypes_rate	0	both	phased_verkko	T2T04	whatshap_compare	chr4
het_variants0	111974	both	phased_verkko	T2T04	whatshap_compare	chr4
only_snvs	0	both	phased_verkko	T2T04	whatshap_compare	chr4
intersection_blocks	1	both	phased_verkko	T2T04	whatshap_compare	chr5
covered_variants	26994	both	phased_verkko	T2T04	whatshap_compare	chr5
all_assessed_pairs	26993	both	phased_verkko	T2T04	whatshap_compare	chr5
all_switches	1307	both	phased_verkko	T2T04	whatshap_compare	chr5
all_switch_rate	0.04841996073055978	both	phased_verkko	T2T04	whatshap_compare	chr5
all_switchflip_rate	0.03834327418219539	both	phased_verkko	T2T04	whatshap_compare	chr5
blockwise_hamming	13429	both	phased_verkko	T2T04	whatshap_compare	chr5
blockwise_hamming_rate	0.49748092168630065	both	phased_verkko	T2T04	whatshap_compare	chr5
blockwise_diff_genotypes	0	both	phased_verkko	T2T04	whatshap_compare	chr5
blockwise_diff_genotypes_rate	0	both	phased_verkko	T2T04	whatshap_compare	chr5
largestblock_assessed_pairs	26993	both	phased_verkko	T2T04	whatshap_compare	chr5
largestblock_switches	1307	both	phased_verkko	T2T04	whatshap_compare	chr5
largestblock_switch_rate	0.04841996073055978	both	phased_verkko	T2T04	whatshap_compare	chr5
largestblock_switchflip_rate	0.03834327418219539	both	phased_verkko	T2T04	whatshap_compare	chr5
largestblock_hamming	13429	both	phased_verkko	T2T04	whatshap_compare	chr5
largestblock_hamming_rate	0.49748092168630065	both	phased_verkko	T2T04	whatshap_compare	chr5
largestblock_diff_genotypes	0	both	phased_verkko	T2T04	whatshap_compare	chr5
largestblock_diff_genotypes_rate	0	both	phased_verkko	T2T04	whatshap_compare	chr5
het_variants0	99285	both	phased_verkko	T2T04	whatshap_compare	chr5
only_snvs	0	both	phased_verkko	T2T04	whatshap_compare	chr5
intersection_blocks	1	both	phased_verkko	T2T04	whatshap_compare	chr6
covered_variants	24104	both	phased_verkko	T2T04	whatshap_compare	chr6
all_assessed_pairs	24103	both	phased_verkko	T2T04	whatshap_compare	chr6
all_switches	1195	both	phased_verkko	T2T04	whatshap_compare	chr6
all_switch_rate	0.0495788905945318	both	phased_verkko	T2T04	whatshap_compare	chr6
all_switchflip_rate	0.03970460108700162	both	phased_verkko	T2T04	whatshap_compare	chr6
blockwise_hamming	11878	both	phased_verkko	T2T04	whatshap_compare	chr6
blockwise_hamming_rate	0.4927812811151676	both	phased_verkko	T2T04	whatshap_compare	chr6
blockwise_diff_genotypes	0	both	phased_verkko	T2T04	whatshap_compare	chr6
blockwise_diff_genotypes_rate	0	both	phased_verkko	T2T04	whatshap_compare	chr6
largestblock_assessed_pairs	24103	both	phased_verkko	T2T04	whatshap_compare	chr6
largestblock_switches	1195	both	phased_verkko	T2T04	whatshap_compare	chr6
largestblock_switch_rate	0.0495788905945318	both	phased_verkko	T2T04	whatshap_compare	chr6
largestblock_switchflip_rate	0.03970460108700162	both	phased_verkko	T2T04	whatshap_compare	chr6
largestblock_hamming	11878	both	phased_verkko	T2T04	whatshap_compare	chr6
largestblock_hamming_rate	0.4927812811151676	both	phased_verkko	T2T04	whatshap_compare	chr6
largestblock_diff_genotypes	0	both	phased_verkko	T2T04	whatshap_compare	chr6
largestblock_diff_genotypes_rate	0	both	phased_verkko	T2T04	whatshap_compare	chr6
het_variants0	89088	both	phased_verkko	T2T04	whatshap_compare	chr6
only_snvs	0	both	phased_verkko	T2T04	whatshap_compare	chr6
intersection_blocks	1	both	phased_verkko	T2T04	whatshap_compare	chr7
covered_variants	25385	both	phased_verkko	T2T04	whatshap_compare	chr7
all_assessed_pairs	25384	both	phased_verkko	T2T04	whatshap_compare	chr7
all_switches	1229	both	phased_verkko	T2T04	whatshap_compare	chr7
all_switch_rate	0.04841632524424835	both	phased_verkko	T2T04	whatshap_compare	chr7
all_switchflip_rate	0.03864639142767098	both	phased_verkko	T2T04	whatshap_compare	chr7
blockwise_hamming	11335	both	phased_verkko	T2T04	whatshap_compare	chr7
blockwise_hamming_rate	0.44652353752215873	both	phased_verkko	T2T04	whatshap_compare	chr7
blockwise_diff_genotypes	0	both	phased_verkko	T2T04	whatshap_compare	chr7
blockwise_diff_genotypes_rate	0	both	phased_verkko	T2T04	whatshap_compare	chr7
largestblock_assessed_pairs	25384	both	phased_verkko	T2T04	whatshap_compare	chr7
largestblock_switches	1229	both	phased_verkko	T2T04	whatshap_compare	chr7
largestblock_switch_rate	0.04841632524424835	both	phased_verkko	T2T04	whatshap_compare	chr7
largestblock_switchflip_rate	0.03864639142767098	both	phased_verkko	T2T04	whatshap_compare	chr7
largestblock_hamming	11335	both	phased_verkko	T2T04	whatshap_compare	chr7
largestblock_hamming_rate	0.44652353752215873	both	phased_verkko	T2T04	whatshap_compare	chr7
largestblock_diff_genotypes	0	both	phased_verkko	T2T04	whatshap_compare	chr7
largestblock_diff_genotypes_rate	0	both	phased_verkko	T2T04	whatshap_compare	chr7
het_variants0	94111	both	phased_verkko	T2T04	whatshap_compare	chr7
only_snvs	0	both	phased_verkko	T2T04	whatshap_compare	chr7
intersection_blocks	1	both	phased_verkko	T2T04	whatshap_compare	chr8
covered_variants	23273	both	phased_verkko	T2T04	whatshap_compare	chr8
all_assessed_pairs	23272	both	phased_verkko	T2T04	whatshap_compare	chr8
all_switches	1130	both	phased_verkko	T2T04	whatshap_compare	chr8
all_switch_rate	0.04855620488140255	both	phased_verkko	T2T04	whatshap_compare	chr8
all_switchflip_rate	0.03777071158473702	both	phased_verkko	T2T04	whatshap_compare	chr8
blockwise_hamming	10159	both	phased_verkko	T2T04	whatshap_compare	chr8
blockwise_hamming_rate	0.4365144158466893	both	phased_verkko	T2T04	whatshap_compare	chr8
blockwise_diff_genotypes	0	both	phased_verkko	T2T04	whatshap_compare	chr8
blockwise_diff_genotypes_rate	0	both	phased_verkko	T2T04	whatshap_compare	chr8
largestblock_assessed_pairs	23272	both	phased_verkko	T2T04	whatshap_compare	chr8
largestblock_switches	1130	both	phased_verkko	T2T04	whatshap_compare	chr8
largestblock_switch_rate	0.04855620488140255	both	phased_verkko	T2T04	whatshap_compare	chr8
largestblock_switchflip_rate	0.03777071158473702	both	phased_verkko	T2T04	whatshap_compare	chr8
largestblock_hamming	10159	both	phased_verkko	T2T04	whatshap_compare	chr8
largestblock_hamming_rate	0.4365144158466893	both	phased_verkko	T2T04	whatshap_compare	chr8
largestblock_diff_genotypes	0	both	phased_verkko	T2T04	whatshap_compare	chr8
largestblock_diff_genotypes_rate	0	both	phased_verkko	T2T04	whatshap_compare	chr8
het_variants0	82238	both	phased_verkko	T2T04	whatshap_compare	chr8
only_snvs	0	both	phased_verkko	T2T04	whatshap_compare	chr8
intersection_blocks	1	both	phased_verkko	T2T04	whatshap_compare	chr9
covered_variants	18634	both	phased_verkko	T2T04	whatshap_compare	chr9
all_assessed_pairs	18633	both	phased_verkko	T2T04	whatshap_compare	chr9
all_switches	942	both	phased_verkko	T2T04	whatshap_compare	chr9
all_switch_rate	0.05055546610851715	both	phased_verkko	T2T04	whatshap_compare	chr9
all_switchflip_rate	0.04073418129125744	both	phased_verkko	T2T04	whatshap_compare	chr9
blockwise_hamming	9287	both	phased_verkko	T2T04	whatshap_compare	chr9
blockwise_hamming_rate	0.49839003971235374	both	phased_verkko	T2T04	whatshap_compare	chr9
blockwise_diff_genotypes	0	both	phased_verkko	T2T04	whatshap_compare	chr9
blockwise_diff_genotypes_rate	0	both	phased_verkko	T2T04	whatshap_compare	chr9
largestblock_assessed_pairs	18633	both	phased_verkko	T2T04	whatshap_compare	chr9
largestblock_switches	942	both	phased_verkko	T2T04	whatshap_compare	chr9
largestblock_switch_rate	0.05055546610851715	both	phased_verkko	T2T04	whatshap_compare	chr9
largestblock_switchflip_rate	0.04073418129125744	both	phased_verkko	T2T04	whatshap_compare	chr9
largestblock_hamming	9287	both	phased_verkko	T2T04	whatshap_compare	chr9
largestblock_hamming_rate	0.49839003971235374	both	phased_verkko	T2T04	whatshap_compare	chr9
largestblock_diff_genotypes	0	both	phased_verkko	T2T04	whatshap_compare	chr9
largestblock_diff_genotypes_rate	0	both	phased_verkko	T2T04	whatshap_compare	chr9
het_variants0	73361	both	phased_verkko	T2T04	whatshap_compare	chr9
only_snvs	0	both	phased_verkko	T2T04	whatshap_compare	chr9
intersection_blocks	1	both	phased_hifiasm	T2T00_hifiasm_trio	whatshap_compare	chr1
covered_variants	30886	both	phased_hifiasm	T2T00_hifiasm_trio	whatshap_compare	chr1
all_assessed_pairs	30885	both	phased_hifiasm	T2T00_hifiasm_trio	whatshap_compare	chr1
all_switches	1799	both	phased_hifiasm	T2T00_hifiasm_trio	whatshap_compare	chr1
all_switch_rate	0.05824834061842318	both	phased_hifiasm	T2T00_hifiasm_trio	whatshap_compare	chr1
all_switchflip_rate	0.04494090982677675	both	phased_hifiasm	T2T00_hifiasm_trio	whatshap_compare	chr1
blockwise_hamming	15438	both	phased_hifiasm	T2T00_hifiasm_trio	whatshap_compare	chr1
blockwise_hamming_rate	0.4998381143560189	both	phased_hifiasm	T2T00_hifiasm_trio	whatshap_compare	chr1
blockwise_diff_genotypes	0	both	phased_hifiasm	T2T00_hifiasm_trio	whatshap_compare	chr1
blockwise_diff_genotypes_rate	0	both	phased_hifiasm	T2T00_hifiasm_trio	whatshap_compare	chr1
largestblock_assessed_pairs	30885	both	phased_hifiasm	T2T00_hifiasm_trio	whatshap_compare	chr1
largestblock_switches	1799	both	phased_hifiasm	T2T00_hifiasm_trio	whatshap_compare	chr1
largestblock_switch_rate	0.05824834061842318	both	phased_hifiasm	T2T00_hifiasm_trio	whatshap_compare	chr1
largestblock_switchflip_rate	0.04494090982677675	both	phased_hifiasm	T2T00_hifiasm_trio	whatshap_compare	chr1
largestblock_hamming	15438	both	phased_hifiasm	T2T00_hifiasm_trio	whatshap_compare	chr1
largestblock_hamming_rate	0.4998381143560189	both	phased_hifiasm	T2T00_hifiasm_trio	whatshap_compare	chr1
largestblock_diff_genotypes	0	both	phased_hifiasm	T2T00_hifiasm_trio	whatshap_compare	chr1
largestblock_diff_genotypes_rate	0	both	phased_hifiasm	T2T00_hifiasm_trio	whatshap_compare	chr1
het_variants0	133925	both	phased_hifiasm	T2T00_hifiasm_trio	whatshap_compare	chr1
only_snvs	0	both	phased_hifiasm	T2T00_hifiasm_trio	whatshap_compare	chr1
intersection_blocks	1	both	phased_hifiasm	T2T00_hifiasm_trio	whatshap_compare	chr10
covered_variants	21537	both	phased_hifiasm	T2T00_hifiasm_trio	whatshap_compare	chr10
all_assessed_pairs	21536	both	phased_hifiasm	T2T00_hifiasm_trio	whatshap_compare	chr10
all_switches	1247	both	phased_hifiasm	T2T00_hifiasm_trio	whatshap_compare	chr10
all_switch_rate	0.05790304606240713	both	phased_hifiasm	T2T00_hifiasm_trio	whatshap_compare	chr10
all_switchflip_rate	0.04485512630014859	both	phased_hifiasm	T2T00_hifiasm_trio	whatshap_compare	chr10
blockwise_hamming	9906	both	phased_hifiasm	T2T00_hifiasm_trio	whatshap_compare	chr10
blockwise_hamming_rate	0.4599526396434044	both	phased_hifiasm	T2T00_hifiasm_trio	whatshap_compare	chr10
blockwise_diff_genotypes	0	both	phased_hifiasm	T2T00_hifiasm_trio	whatshap_compare	chr10
blockwise_diff_genotypes_rate	0	both	phased_hifiasm	T2T00_hifiasm_trio	whatshap_compare	chr10
largestblock_assessed_pairs	21536	both	phased_hifiasm	T2T00_hifiasm_trio	whatshap_compare	chr10
largestblock_switches	1247	both	phased_hifiasm	T2T00_hifiasm_trio	whatshap_compare	chr10
largestblock_switch_rate	0.05790304606240713	both	phased_hifiasm	T2T00_hifiasm_trio	whatshap_compare	chr10
largestblock_switchflip_rate	0.04485512630014859	both	phased_hifiasm	T2T00_hifiasm_trio	whatshap_compare	chr10
largestblock_hamming	9906	both	phased_hifiasm	T2T00_hifiasm_trio	whatshap_compare	chr10
largestblock_hamming_rate	0.4599526396434044	both	phased_hifiasm	T2T00_hifiasm_trio	whatshap_compare	chr10
largestblock_diff_genotypes	0	both	phased_hifiasm	T2T00_hifiasm_trio	whatshap_compare	chr10
largestblock_diff_genotypes_rate	0	both	phased_hifiasm	T2T00_hifiasm_trio	whatshap_compare	chr10
het_variants0	73783	both	phased_hifiasm	T2T00_hifiasm_trio	whatshap_compare	chr10
only_snvs	0	both	phased_hifiasm	T2T00_hifiasm_trio	whatshap_compare	chr10
intersection_blocks	1	both	phased_hifiasm	T2T00_hifiasm_trio	whatshap_compare	chr11
covered_variants	18567	both	phased_hifiasm	T2T00_hifiasm_trio	whatshap_compare	chr11
all_assessed_pairs	18566	both	phased_hifiasm	T2T00_hifiasm_trio	whatshap_compare	chr11
all_switches	1082	both	phased_hifiasm	T2T00_hifiasm_trio	whatshap_compare	chr11
all_switch_rate	0.05827857373693849	both	phased_hifiasm	T2T00_hifiasm_trio	whatshap_compare	chr11
all_switchflip_rate	0.04545944199073575	both	phased_hifiasm	T2T00_hifiasm_trio	whatshap_compare	chr11
blockwise_hamming	9022	both	phased_hifiasm	T2T00_hifiasm_trio	whatshap_compare	chr11
blockwise_hamming_rate	0.4859158722464588	both	phased_hifiasm	T2T00_hifiasm_trio	whatshap_compare	chr11
blockwise_diff_genotypes	0	both	phased_hifiasm	T2T00_hifiasm_trio	whatshap_compare	chr11
blockwise_diff_genotypes_rate	0	both	phased_hifiasm	T2T00_hifiasm_trio	whatshap_compare	chr11
largestblock_assessed_pairs	18566	both	phased_hifiasm	T2T00_hifiasm_trio	whatshap_compare	chr11
largestblock_switches	1082	both	phased_hifiasm	T2T00_hifiasm_trio	whatshap_compare	chr11
largestblock_switch_rate	0.05827857373693849	both	phased_hifiasm	T2T00_hifiasm_trio	whatshap_compare	chr11
largestblock_switchflip_rate	0.04545944199073575	both	phased_hifiasm	T2T00_hifiasm_trio	whatshap_compare	chr11
largestblock_hamming	9022	both	phased_hifiasm	T2T00_hifiasm_trio	whatshap_compare	chr11
largestblock_hamming_rate	0.4859158722464588	both	phased_hifiasm	T2T00_hifiasm_trio	whatshap_compare	chr11
largestblock_diff_genotypes	0	both	phased_hifiasm	T2T00_hifiasm_trio	whatshap_compare	chr11
largestblock_diff_genotypes_rate	0	both	phased_hifiasm	T2T00_hifiasm_trio	whatshap_compare	chr11
het_variants0	68902	both	phased_hifiasm	T2T00_hifiasm_trio	whatshap_compare	chr11
only_snvs	0	both	phased_hifiasm	T2T00_hifiasm_trio	whatshap_compare	chr11
intersection_blocks	1	both	phased_hifiasm	T2T00_hifiasm_trio	whatshap_compare	chr12
covered_variants	18196	both	phased_hifiasm	T2T00_hifiasm_trio	whatshap_compare	chr12
all_assessed_pairs	18195	both	phased_hifiasm	T2T00_hifiasm_trio	whatshap_compare	chr12
all_switches	1129	both	phased_hifiasm	T2T00_hifiasm_trio	whatshap_compare	chr12
all_switch_rate	0.06205001374003847	both	phased_hifiasm	T2T00_hifiasm_trio	whatshap_compare	chr12
all_switchflip_rate	0.04743061280571586	both	phased_hifiasm	T2T00_hifiasm_trio	whatshap_compare	chr12
blockwise_hamming	8444	both	phased_hifiasm	T2T00_hifiasm_trio	whatshap_compare	chr12
blockwise_hamming_rate	0.4640580347329083	both	phased_hifiasm	T2T00_hifiasm_trio	whatshap_compare	chr12
blockwise_diff_genotypes	0	both	phased_hifiasm	T2T00_hifiasm_trio	whatshap_compare	chr12
blockwise_diff_genotypes_rate	0	both	phased_hifiasm	T2T00_hifiasm_trio	whatshap_compare	chr12
largestblock_assessed_pairs	18195	both	phased_hifiasm	T2T00_hifiasm_trio	whatshap_compare	chr12
largestblock_switches	1129	both	phased_hifiasm	T2T00_hifiasm_trio	whatshap_compare	chr12
largestblock_switch_rate	0.06205001374003847	both	phased_hifiasm	T2T00_hifiasm_trio	whatshap_compare	chr12
largestblock_switchflip_rate	0.04743061280571586	both	phased_hifiasm	T2T00_hifiasm_trio	whatshap_compare	chr12
largestblock_hamming	8444	both	phased_hifiasm	T2T00_hifiasm_trio	whatshap_compare	chr12
largestblock_hamming_rate	0.4640580347329083	both	phased_hifiasm	T2T00_hifiasm_trio	whatshap_compare	chr12
largestblock_diff_genotypes	0	both	phased_hifiasm	T2T00_hifiasm_trio	whatshap_compare	chr12
largestblock_diff_genotypes_rate	0	both	phased_hifiasm	T2T00_hifiasm_trio	whatshap_compare	chr12
het_variants0	68088	both	phased_hifiasm	T2T00_hifiasm_trio	whatshap_compare	chr12
only_snvs	0	both	phased_hifiasm	T2T00_hifiasm_trio	whatshap_compare	chr12
intersection_blocks	1	both	phased_hifiasm	T2T00_hifiasm_trio	whatshap_compare	chr13
covered_variants	14848	both	phased_hifiasm	T2T00_hifiasm_trio	whatshap_compare	chr13
all_assessed_pairs	14847	both	phased_hifiasm	T2T00_hifiasm_trio	whatshap_compare	chr13
all_switches	779	both	phased_hifiasm	T2T00_hifiasm_trio	whatshap_compare	chr13
all_switch_rate	0.05246851215733818	both	phased_hifiasm	T2T00_hifiasm_trio	whatshap_compare	chr13
all_switchflip_rate	0.0404122044857547	both	phased_hifiasm	T2T00_hifiasm_trio	whatshap_compare	chr13
blockwise_hamming	6990	both	phased_hifiasm	T2T00_hifiasm_trio	whatshap_compare	chr13
blockwise_hamming_rate	0.47077047413793105	both	phased_hifiasm	T2T00_hifiasm_trio	whatshap_compare	chr13
blockwise_diff_genotypes	0	both	phased_hifiasm	T2T00_hifiasm_trio	whatshap_compare	chr13
blockwise_diff_genotypes_rate	0	both	phased_hifiasm	T2T00_hifiasm_trio	whatshap_compare	chr13
largestblock_assessed_pairs	14847	both	phased_hifiasm	T2T00_hifiasm_trio	whatshap_compare	chr13
largestblock_switches	779	both	phased_hifiasm	T2T00_hifiasm_trio	whatshap_compare	chr13
largestblock_switch_rate	0.05246851215733818	both	phased_hifiasm	T2T00_hifiasm_trio	whatshap_compare	chr13
largestblock_switchflip_rate	0.0404122044857547	both	phased_hifiasm	T2T00_hifiasm_trio	whatshap_compare	chr13
largestblock_hamming	6990	both	phased_hifiasm	T2T00_hifiasm_trio	whatshap_compare	chr13
largestblock_hamming_rate	0.47077047413793105	both	phased_hifiasm	T2T00_hifiasm_trio	whatshap_compare	chr13
largestblock_diff_genotypes	0	both	phased_hifiasm	T2T00_hifiasm_trio	whatshap_compare	chr13
largestblock_diff_genotypes_rate	0	both	phased_hifiasm	T2T00_hifiasm_trio	whatshap_compare	chr13
het_variants0	53410	both	phased_hifiasm	T2T00_hifiasm_trio	whatshap_compare	chr13
only_snvs	0	both	phased_hifiasm	T2T00_hifiasm_trio	whatshap_compare	chr13
intersection_blocks	1	both	phased_hifiasm	T2T00_hifiasm_trio	whatshap_compare	chr14
covered_variants	13291	both	phased_hifiasm	T2T00_hifiasm_trio	whatshap_compare	chr14
all_assessed_pairs	13290	both	phased_hifiasm	T2T00_hifiasm_trio	whatshap_compare	chr14
all_switches	769	both	phased_hifiasm	T2T00_hifiasm_trio	whatshap_compare	chr14
all_switch_rate	0.05786305492851768	both	phased_hifiasm	T2T00_hifiasm_trio	whatshap_compare	chr14
all_switchflip_rate	0.04507148231753197	both	phased_hifiasm	T2T00_hifiasm_trio	whatshap_compare	chr14
blockwise_hamming	6165	both	phased_hifiasm	T2T00_hifiasm_trio	whatshap_compare	chr14
blockwise_hamming_rate	0.4638477164998871	both	phased_hifiasm	T2T00_hifiasm_trio	whatshap_compare	chr14
blockwise_diff_genotypes	0	both	phased_hifiasm	T2T00_hifiasm_trio	whatshap_compare	chr14
blockwise_diff_genotypes_rate	0	both	phased_hifiasm	T2T00_hifiasm_trio	whatshap_compare	chr14
largestblock_assessed_pairs	13290	both	phased_hifiasm	T2T00_hifiasm_trio	whatshap_compare	chr14
largestblock_switches	769	both	phased_hifiasm	T2T00_hifiasm_trio	whatshap_compare	chr14
largestblock_switch_rate	0.05786305492851768	both	phased_hifiasm	T2T00_hifiasm_trio	whatshap_compare	chr14
largestblock_switchflip_rate	0.04507148231753197	both	phased_hifiasm	T2T00_hifiasm_trio	whatshap_compare	chr14
largestblock_hamming	6165	both	phased_hifiasm	T2T00_hifiasm_trio	whatshap_compare	chr14
largestblock_hamming_rate	0.4638477164998871	both	phased_hifiasm	T2T00_hifiasm_trio	whatshap_compare	chr14
largestblock_diff_genotypes	0	both	phased_hifiasm	T2T00_hifiasm_trio	whatshap_compare	chr14
largestblock_diff_genotypes_rate	0	both	phased_hifiasm	T2T00_hifiasm_trio	whatshap_compare	chr14
het_variants0	78864	both	phased_hifiasm	T2T00_hifiasm_trio	whatshap_compare	chr14
only_snvs	0	both	phased_hifiasm	T2T00_hifiasm_trio	whatshap_compare	chr14
intersection_blocks	1	both	phased_hifiasm	T2T00_hifiasm_trio	whatshap_compare	chr15
covered_variants	12065	both	phased_hifiasm	T2T00_hifiasm_trio	whatshap_compare	chr15
all_assessed_pairs	12064	both	phased_hifiasm	T2T00_hifiasm_trio	whatshap_compare	chr15
all_switches	748	both	phased_hifiasm	T2T00_hifiasm_trio	whatshap_compare	chr15
all_switch_rate	0.0620026525198939	both	phased_hifiasm	T2T00_hifiasm_trio	whatshap_compare	chr15
all_switchflip_rate	0.04617042440318302	both	phased_hifiasm	T2T00_hifiasm_trio	whatshap_compare	chr15
blockwise_hamming	5847	both	phased_hifiasm	T2T00_hifiasm_trio	whatshap_compare	chr15
blockwise_hamming_rate	0.4846249481972648	both	phased_hifiasm	T2T00_hifiasm_trio	whatshap_compare	chr15
blockwise_diff_genotypes	0	both	phased_hifiasm	T2T00_hifiasm_trio	whatshap_compare	chr15
blockwise_diff_genotypes_rate	0	both	phased_hifiasm	T2T00_hifiasm_trio	whatshap_compare	chr15
largestblock_assessed_pairs	12064	both	phased_hifiasm	T2T00_hifiasm_trio	whatshap_compare	chr15
largestblock_switches	748	both	phased_hifiasm	T2T00_hifiasm_trio	whatshap_compare	chr15
largestblock_switch_rate	0.0620026525198939	both	phased_hifiasm	T2T00_hifiasm_trio	whatshap_compare	chr15
largestblock_switchflip_rate	0.04617042440318302	both	phased_hifiasm	T2T00_hifiasm_trio	whatshap_compare	chr15
largestblock_hamming	5847	both	phased_hifiasm	T2T00_hifiasm_trio	whatshap_compare	chr15
largestblock_hamming_rate	0.4846249481972648	both	phased_hifiasm	T2T00_hifiasm_trio	whatshap_compare	chr15
largestblock_diff_genotypes	0	both	phased_hifiasm	T2T00_hifiasm_trio	whatshap_compare	chr15
largestblock_diff_genotypes_rate	0	both	phased_hifiasm	T2T00_hifiasm_trio	whatshap_compare	chr15
het_variants0	73986	both	phased_hifiasm	T2T00_hifiasm_trio	whatshap_compare	chr15
only_snvs	0	both	phased_hifiasm	T2T00_hifiasm_trio	whatshap_compare	chr15
intersection_blocks	1	both	phased_hifiasm	T2T00_hifiasm_trio	whatshap_compare	chr16
covered_variants	12855	both	phased_hifiasm	T2T00_hifiasm_trio	whatshap_compare	chr16
all_assessed_pairs	12854	both	phased_hifiasm	T2T00_hifiasm_trio	whatshap_compare	chr16
all_switches	857	both	phased_hifiasm	T2T00_hifiasm_trio	whatshap_compare	chr16
all_switch_rate	0.06667185311965147	both	phased_hifiasm	T2T00_hifiasm_trio	whatshap_compare	chr16
all_switchflip_rate	0.051968258907733	both	phased_hifiasm	T2T00_hifiasm_trio	whatshap_compare	chr16
blockwise_hamming	5924	both	phased_hifiasm	T2T00_hifiasm_trio	whatshap_compare	chr16
blockwise_hamming_rate	0.46083236094904706	both	phased_hifiasm	T2T00_hifiasm_trio	whatshap_compare	chr16
blockwise_diff_genotypes	0	both	phased_hifiasm	T2T00_hifiasm_trio	whatshap_compare	chr16
blockwise_diff_genotypes_rate	0	both	phased_hifiasm	T2T00_hifiasm_trio	whatshap_compare	chr16
largestblock_assessed_pairs	12854	both	phased_hifiasm	T2T00_hifiasm_trio	whatshap_compare	chr16
largestblock_switches	857	both	phased_hifiasm	T2T00_hifiasm_trio	whatshap_compare	chr16
largestblock_switch_rate	0.06667185311965147	both	phased_hifiasm	T2T00_hifiasm_trio	whatshap_compare	chr16
largestblock_switchflip_rate	0.051968258907733	both	phased_hifiasm	T2T00_hifiasm_trio	whatshap_compare	chr16
largestblock_hamming	5924	both	phased_hifiasm	T2T00_hifiasm_trio	whatshap_compare	chr16
largestblock_hamming_rate	0.46083236094904706	both	phased_hifiasm	T2T00_hifiasm_trio	whatshap_compare	chr16
largestblock_diff_genotypes	0	both	phased_hifiasm	T2T00_hifiasm_trio	whatshap_compare	chr16
largestblock_diff_genotypes_rate	0	both	phased_hifiasm	T2T00_hifiasm_trio	whatshap_compare	chr16
het_variants0	55373	both	phased_hifiasm	T2T00_hifiasm_trio	whatshap_compare	chr16
only_snvs	0	both	phased_hifiasm	T2T00_hifiasm_trio	whatshap_compare	chr16
intersection_blocks	1	both	phased_hifiasm	T2T00_hifiasm_trio	whatshap_compare	chr17
covered_variants	11678	both	phased_hifiasm	T2T00_hifiasm_trio	whatshap_compare	chr17
all_assessed_pairs	11677	both	phased_hifiasm	T2T00_hifiasm_trio	whatshap_compare	chr17
all_switches	743	both	phased_hifiasm	T2T00_hifiasm_trio	whatshap_compare	chr17
all_switch_rate	0.06362935685535669	both	phased_hifiasm	T2T00_hifiasm_trio	whatshap_compare	chr17
all_switchflip_rate	0.05001284576517941	both	phased_hifiasm	T2T00_hifiasm_trio	whatshap_compare	chr17
blockwise_hamming	5011	both	phased_hifiasm	T2T00_hifiasm_trio	whatshap_compare	chr17
blockwise_hamming_rate	0.42909744819318374	both	phased_hifiasm	T2T00_hifiasm_trio	whatshap_compare	chr17
blockwise_diff_genotypes	0	both	phased_hifiasm	T2T00_hifiasm_trio	whatshap_compare	chr17
blockwise_diff_genotypes_rate	0	both	phased_hifiasm	T2T00_hifiasm_trio	whatshap_compare	chr17
largestblock_assessed_pairs	11677	both	phased_hifiasm	T2T00_hifiasm_trio	whatshap_compare	chr17
largestblock_switches	743	both	phased_hifiasm	T2T00_hifiasm_trio	whatshap_compare	chr17
largestblock_switch_rate	0.06362935685535669	both	phased_hifiasm	T2T00_hifiasm_trio	whatshap_compare	chr17
largestblock_switchflip_rate	0.05001284576517941	both	phased_hifiasm	T2T00_hifiasm_trio	whatshap_compare	chr17
largestblock_hamming	5011	both	phased_hifiasm	T2T00_hifiasm_trio	whatshap_compare	chr17
largestblock_hamming_rate	0.42909744819318374	both	phased_hifiasm	T2T00_hifiasm_trio	whatshap_compare	chr17
largestblock_diff_genotypes	0	both	phased_hifiasm	T2T00_hifiasm_trio	whatshap_compare	chr17
largestblock_diff_genotypes_rate	0	both	phased_hifiasm	T2T00_hifiasm_trio	whatshap_compare	chr17
het_variants0	44063	both	phased_hifiasm	T2T00_hifiasm_trio	whatshap_compare	chr17
only_snvs	0	both	phased_hifiasm	T2T00_hifiasm_trio	whatshap_compare	chr17
intersection_blocks	1	both	phased_hifiasm	T2T00_hifiasm_trio	whatshap_compare	chr18
covered_variants	10632	both	phased_hifiasm	T2T00_hifiasm_trio	whatshap_compare	chr18
all_assessed_pairs	10631	both	phased_hifiasm	T2T00_hifiasm_trio	whatshap_compare	chr18
all_switches	724	both	phased_hifiasm	T2T00_hifiasm_trio	whatshap_compare	chr18
all_switch_rate	0.0681027184648669	both	phased_hifiasm	T2T00_hifiasm_trio	whatshap_compare	chr18
all_switchflip_rate	0.05342865205530994	both	phased_hifiasm	T2T00_hifiasm_trio	whatshap_compare	chr18
blockwise_hamming	4995	both	phased_hifiasm	T2T00_hifiasm_trio	whatshap_compare	chr18
blockwise_hamming_rate	0.4698081264108352	both	phased_hifiasm	T2T00_hifiasm_trio	whatshap_compare	chr18
blockwise_diff_genotypes	0	both	phased_hifiasm	T2T00_hifiasm_trio	whatshap_compare	chr18
blockwise_diff_genotypes_rate	0	both	phased_hifiasm	T2T00_hifiasm_trio	whatshap_compare	chr18
largestblock_assessed_pairs	10631	both	phased_hifiasm	T2T00_hifiasm_trio	whatshap_compare	chr18
largestblock_switches	724	both	phased_hifiasm	T2T00_hifiasm_trio	whatshap_compare	chr18
largestblock_switch_rate	0.0681027184648669	both	phased_hifiasm	T2T00_hifiasm_trio	whatshap_compare	chr18
largestblock_switchflip_rate	0.05342865205530994	both	phased_hifiasm	T2T00_hifiasm_trio	whatshap_compare	chr18
largestblock_hamming	4995	both	phased_hifiasm	T2T00_hifiasm_trio	whatshap_compare	chr18
largestblock_hamming_rate	0.4698081264108352	both	phased_hifiasm	T2T00_hifiasm_trio	whatshap_compare	chr18
largestblock_diff_genotypes	0	both	phased_hifiasm	T2T00_hifiasm_trio	whatshap_compare	chr18
largestblock_diff_genotypes_rate	0	both	phased_hifiasm	T2T00_hifiasm_trio	whatshap_compare	chr18
het_variants0	40388	both	phased_hifiasm	T2T00_hifiasm_trio	whatshap_compare	chr18
only_snvs	0	both	phased_hifiasm	T2T00_hifiasm_trio	whatshap_compare	chr18
intersection_blocks	1	both	phased_hifiasm	T2T00_hifiasm_trio	whatshap_compare	chr19
covered_variants	7034	both	phased_hifiasm	T2T00_hifiasm_trio	whatshap_compare	chr19
all_assessed_pairs	7033	both	phased_hifiasm	T2T00_hifiasm_trio	whatshap_compare	chr19
all_switches	638	both	phased_hifiasm	T2T00_hifiasm_trio	whatshap_compare	chr19
all_switch_rate	0.09071519977250106	both	phased_hifiasm	T2T00_hifiasm_trio	whatshap_compare	chr19
all_switchflip_rate	0.06853405374662307	both	phased_hifiasm	T2T00_hifiasm_trio	whatshap_compare	chr19
blockwise_hamming	3508	both	phased_hifiasm	T2T00_hifiasm_trio	whatshap_compare	chr19
blockwise_hamming_rate	0.49872050042649985	both	phased_hifiasm	T2T00_hifiasm_trio	whatshap_compare	chr19
blockwise_diff_genotypes	0	both	phased_hifiasm	T2T00_hifiasm_trio	whatshap_compare	chr19
blockwise_diff_genotypes_rate	0	both	phased_hifiasm	T2T00_hifiasm_trio	whatshap_compare	chr19
largestblock_assessed_pairs	7033	both	phased_hifiasm	T2T00_hifiasm_trio	whatshap_compare	chr19
largestblock_switches	638	both	phased_hifiasm	T2T00_hifiasm_trio	whatshap_compare	chr19
largestblock_switch_rate	0.09071519977250106	both	phased_hifiasm	T2T00_hifiasm_trio	whatshap_compare	chr19
largestblock_switchflip_rate	0.06853405374662307	both	phased_hifiasm	T2T00_hifiasm_trio	whatshap_compare	chr19
largestblock_hamming	3508	both	phased_hifiasm	T2T00_hifiasm_trio	whatshap_compare	chr19
largestblock_hamming_rate	0.49872050042649985	both	phased_hifiasm	T2T00_hifiasm_trio	whatshap_compare	chr19
largestblock_diff_genotypes	0	both	phased_hifiasm	T2T00_hifiasm_trio	whatshap_compare	chr19
largestblock_diff_genotypes_rate	0	both	phased_hifiasm	T2T00_hifiasm_trio	whatshap_compare	chr19
het_variants0	35525	both	phased_hifiasm	T2T00_hifiasm_trio	whatshap_compare	chr19
only_snvs	0	both	phased_hifiasm	T2T00_hifiasm_trio	whatshap_compare	chr19
intersection_blocks	1	both	phased_hifiasm	T2T00_hifiasm_trio	whatshap_compare	chr2
covered_variants	32673	both	phased_hifiasm	T2T00_hifiasm_trio	whatshap_compare	chr2
all_assessed_pairs	32672	both	phased_hifiasm	T2T00_hifiasm_trio	whatshap_compare	chr2
all_switches	1840	both	phased_hifiasm	T2T00_hifiasm_trio	whatshap_compare	chr2
all_switch_rate	0.05631733594515181	both	phased_hifiasm	T2T00_hifiasm_trio	whatshap_compare	chr2
all_switchflip_rate	0.04410504407443683	both	phased_hifiasm	T2T00_hifiasm_trio	whatshap_compare	chr2
blockwise_hamming	16278	both	phased_hifiasm	T2T00_hifiasm_trio	whatshap_compare	chr2
blockwise_hamming_rate	0.498209530805252	both	phased_hifiasm	T2T00_hifiasm_trio	whatshap_compare	chr2
blockwise_diff_genotypes	0	both	phased_hifiasm	T2T00_hifiasm_trio	whatshap_compare	chr2
blockwise_diff_genotypes_rate	0	both	phased_hifiasm	T2T00_hifiasm_trio	whatshap_compare	chr2
largestblock_assessed_pairs	32672	both	phased_hifiasm	T2T00_hifiasm_trio	whatshap_compare	chr2
largestblock_switches	1840	both	phased_hifiasm	T2T00_hifiasm_trio	whatshap_compare	chr2
largestblock_switch_rate	0.05631733594515181	both	phased_hifiasm	T2T00_hifiasm_trio	whatshap_compare	chr2
largestblock_switchflip_rate	0.04410504407443683	both	phased_hifiasm	T2T00_hifiasm_trio	whatshap_compare	chr2
largestblock_hamming	16278	both	phased_hifiasm	T2T00_hifiasm_trio	whatshap_compare	chr2
largestblock_hamming_rate	0.498209530805252	both	phased_hifiasm	T2T00_hifiasm_trio	whatshap_compare	chr2
largestblock_diff_genotypes	0	both	phased_hifiasm	T2T00_hifiasm_trio	whatshap_compare	chr2
largestblock_diff_genotypes_rate	0	both	phased_hifiasm	T2T00_hifiasm_trio	whatshap_compare	chr2
het_variants0	110376	both	phased_hifiasm	T2T00_hifiasm_trio	whatshap_compare	chr2
only_snvs	0	both	phased_hifiasm	T2T00_hifiasm_trio	whatshap_compare	chr2
intersection_blocks	1	both	phased_hifiasm	T2T00_hifiasm_trio	whatshap_compare	chr20
covered_variants	8730	both	phased_hifiasm	T2T00_hifiasm_trio	whatshap_compare	chr20
all_assessed_pairs	8729	both	phased_hifiasm	T2T00_hifiasm_trio	whatshap_compare	chr20
all_switches	618	both	phased_hifiasm	T2T00_hifiasm_trio	whatshap_compare	chr20
all_switch_rate	0.07079848779928972	both	phased_hifiasm	T2T00_hifiasm_trio	whatshap_compare	chr20
all_switchflip_rate	0.05567648069652881	both	phased_hifiasm	T2T00_hifiasm_trio	whatshap_compare	chr20
blockwise_hamming	4158	both	phased_hifiasm	T2T00_hifiasm_trio	whatshap_compare	chr20
blockwise_hamming_rate	0.4762886597938144	both	phased_hifiasm	T2T00_hifiasm_trio	whatshap_compare	chr20
blockwise_diff_genotypes	0	both	phased_hifiasm	T2T00_hifiasm_trio	whatshap_compare	chr20
blockwise_diff_genotypes_rate	0	both	phased_hifiasm	T2T00_hifiasm_trio	whatshap_compare	chr20
largestblock_assessed_pairs	8729	both	phased_hifiasm	T2T00_hifiasm_trio	whatshap_compare	chr20
largestblock_switches	618	both	phased_hifiasm	T2T00_hifiasm_trio	whatshap_compare	chr20
largestblock_switch_rate	0.07079848779928972	both	phased_hifiasm	T2T00_hifiasm_trio	whatshap_compare	chr20
largestblock_switchflip_rate	0.05567648069652881	both	phased_hifiasm	T2T00_hifiasm_trio	whatshap_compare	chr20
largestblock_hamming	4158	both	phased_hifiasm	T2T00_hifiasm_trio	whatshap_compare	chr20
largestblock_hamming_rate	0.4762886597938144	both	phased_hifiasm	T2T00_hifiasm_trio	whatshap_compare	chr20
largestblock_diff_genotypes	0	both	phased_hifiasm	T2T00_hifiasm_trio	whatshap_compare	chr20
largestblock_diff_genotypes_rate	0	both	phased_hifiasm	T2T00_hifiasm_trio	whatshap_compare	chr20
het_variants0	40042	both	phased_hifiasm	T2T00_hifiasm_trio	whatshap_compare	chr20
only_snvs	0	both	phased_hifiasm	T2T00_hifiasm_trio	whatshap_compare	chr20
intersection_blocks	1	both	phased_hifiasm	T2T00_hifiasm_trio	whatshap_compare	chr21
covered_variants	5991	both	phased_hifiasm	T2T00_hifiasm_trio	whatshap_compare	chr21
all_assessed_pairs	5990	both	phased_hifiasm	T2T00_hifiasm_trio	whatshap_compare	chr21
all_switches	358	both	phased_hifiasm	T2T00_hifiasm_trio	whatshap_compare	chr21
all_switch_rate	0.05976627712854758	both	phased_hifiasm	T2T00_hifiasm_trio	whatshap_compare	chr21
all_switchflip_rate	0.04574290484140234	both	phased_hifiasm	T2T00_hifiasm_trio	whatshap_compare	chr21
blockwise_hamming	2889	both	phased_hifiasm	T2T00_hifiasm_trio	whatshap_compare	chr21
blockwise_hamming_rate	0.48222333500250375	both	phased_hifiasm	T2T00_hifiasm_trio	whatshap_compare	chr21
blockwise_diff_genotypes	0	both	phased_hifiasm	T2T00_hifiasm_trio	whatshap_compare	chr21
blockwise_diff_genotypes_rate	0	both	phased_hifiasm	T2T00_hifiasm_trio	whatshap_compare	chr21
largestblock_assessed_pairs	5990	both	phased_hifiasm	T2T00_hifiasm_trio	whatshap_compare	chr21
largestblock_switches	358	both	phased_hifiasm	T2T00_hifiasm_trio	whatshap_compare	chr21
largestblock_switch_rate	0.05976627712854758	both	phased_hifiasm	T2T00_hifiasm_trio	whatshap_compare	chr21
largestblock_switchflip_rate	0.04574290484140234	both	phased_hifiasm	T2T00_hifiasm_trio	whatshap_compare	chr21
largestblock_hamming	2889	both	phased_hifiasm	T2T00_hifiasm_trio	whatshap_compare	chr21
largestblock_hamming_rate	0.48222333500250375	both	phased_hifiasm	T2T00_hifiasm_trio	whatshap_compare	chr21
largestblock_diff_genotypes	0	both	phased_hifiasm	T2T00_hifiasm_trio	whatshap_compare	chr21
largestblock_diff_genotypes_rate	0	both	phased_hifiasm	T2T00_hifiasm_trio	whatshap_compare	chr21
het_variants0	30950	both	phased_hifiasm	T2T00_hifiasm_trio	whatshap_compare	chr21
only_snvs	0	both	phased_hifiasm	T2T00_hifiasm_trio	whatshap_compare	chr21
intersection_blocks	1	both	phased_hifiasm	T2T00_hifiasm_trio	whatshap_compare	chr22
covered_variants	6686	both	phased_hifiasm	T2T00_hifiasm_trio	whatshap_compare	chr22
all_assessed_pairs	6685	both	phased_hifiasm	T2T00_hifiasm_trio	whatshap_compare	chr22
all_switches	446	both	phased_hifiasm	T2T00_hifiasm_trio	whatshap_compare	chr22
all_switch_rate	0.06671652954375468	both	phased_hifiasm	T2T00_hifiasm_trio	whatshap_compare	chr22
all_switchflip_rate	0.05130890052356021	both	phased_hifiasm	T2T00_hifiasm_trio	whatshap_compare	chr22
blockwise_hamming	3085	both	phased_hifiasm	T2T00_hifiasm_trio	whatshap_compare	chr22
blockwise_hamming_rate	0.46141190547412503	both	phased_hifiasm	T2T00_hifiasm_trio	whatshap_compare	chr22
blockwise_diff_genotypes	0	both	phased_hifiasm	T2T00_hifiasm_trio	whatshap_compare	chr22
blockwise_diff_genotypes_rate	0	both	phased_hifiasm	T2T00_hifiasm_trio	whatshap_compare	chr22
largestblock_assessed_pairs	6685	both	phased_hifiasm	T2T00_hifiasm_trio	whatshap_compare	chr22
largestblock_switches	446	both	phased_hifiasm	T2T00_hifiasm_trio	whatshap_compare	chr22
largestblock_switch_rate	0.06671652954375468	both	phased_hifiasm	T2T00_hifiasm_trio	whatshap_compare	chr22
largestblock_switchflip_rate	0.05130890052356021	both	phased_hifiasm	T2T00_hifiasm_trio	whatshap_compare	chr22
largestblock_hamming	3085	both	phased_hifiasm	T2T00_hifiasm_trio	whatshap_compare	chr22
largestblock_hamming_rate	0.46141190547412503	both	phased_hifiasm	T2T00_hifiasm_trio	whatshap_compare	chr22
largestblock_diff_genotypes	0	both	phased_hifiasm	T2T00_hifiasm_trio	whatshap_compare	chr22
largestblock_diff_genotypes_rate	0	both	phased_hifiasm	T2T00_hifiasm_trio	whatshap_compare	chr22
het_variants0	47773	both	phased_hifiasm	T2T00_hifiasm_trio	whatshap_compare	chr22
only_snvs	0	both	phased_hifiasm	T2T00_hifiasm_trio	whatshap_compare	chr22
intersection_blocks	1	both	phased_hifiasm	T2T00_hifiasm_trio	whatshap_compare	chr3
covered_variants	21182	both	phased_hifiasm	T2T00_hifiasm_trio	whatshap_compare	chr3
all_assessed_pairs	21181	both	phased_hifiasm	T2T00_hifiasm_trio	whatshap_compare	chr3
all_switches	1121	both	phased_hifiasm	T2T00_hifiasm_trio	whatshap_compare	chr3
all_switch_rate	0.05292479108635097	both	phased_hifiasm	T2T00_hifiasm_trio	whatshap_compare	chr3
all_switchflip_rate	0.04107454794391199	both	phased_hifiasm	T2T00_hifiasm_trio	whatshap_compare	chr3
blockwise_hamming	10258	both	phased_hifiasm	T2T00_hifiasm_trio	whatshap_compare	chr3
blockwise_hamming_rate	0.4842791049003871	both	phased_hifiasm	T2T00_hifiasm_trio	whatshap_compare	chr3
blockwise_diff_genotypes	0	both	phased_hifiasm	T2T00_hifiasm_trio	whatshap_compare	chr3
blockwise_diff_genotypes_rate	0	both	phased_hifiasm	T2T00_hifiasm_trio	whatshap_compare	chr3
largestblock_assessed_pairs	21181	both	phased_hifiasm	T2T00_hifiasm_trio	whatshap_compare	chr3
largestblock_switches	1121	both	phased_hifiasm	T2T00_hifiasm_trio	whatshap_compare	chr3
largestblock_switch_rate	0.05292479108635097	both	phased_hifiasm	T2T00_hifiasm_trio	whatshap_compare	chr3
largestblock_switchflip_rate	0.04107454794391199	both	phased_hifiasm	T2T00_hifiasm_trio	whatshap_compare	chr3
largestblock_hamming	10258	both	phased_hifiasm	T2T00_hifiasm_trio	whatshap_compare	chr3
largestblock_hamming_rate	0.4842791049003871	both	phased_hifiasm	T2T00_hifiasm_trio	whatshap_compare	chr3
largestblock_diff_genotypes	0	both	phased_hifiasm	T2T00_hifiasm_trio	whatshap_compare	chr3
largestblock_diff_genotypes_rate	0	both	phased_hifiasm	T2T00_hifiasm_trio	whatshap_compare	chr3
het_variants0	100223	both	phased_hifiasm	T2T00_hifiasm_trio	whatshap_compare	chr3
only_snvs	0	both	phased_hifiasm	T2T00_hifiasm_trio	whatshap_compare	chr3
intersection_blocks	1	both	phased_hifiasm	T2T00_hifiasm_trio	whatshap_compare	chr4
covered_variants	29805	both	phased_hifiasm	T2T00_hifiasm_trio	whatshap_compare	chr4
all_assessed_pairs	29804	both	phased_hifiasm	T2T00_hifiasm_trio	whatshap_compare	chr4
all_switches	1465	both	phased_hifiasm	T2T00_hifiasm_trio	whatshap_compare	chr4
all_switch_rate	0.04915447590927392	both	phased_hifiasm	T2T00_hifiasm_trio	whatshap_compare	chr4
all_switchflip_rate	0.03845121460206684	both	phased_hifiasm	T2T00_hifiasm_trio	whatshap_compare	chr4
blockwise_hamming	14563	both	phased_hifiasm	T2T00_hifiasm_trio	whatshap_compare	chr4
blockwise_hamming_rate	0.4886092937426606	both	phased_hifiasm	T2T00_hifiasm_trio	whatshap_compare	chr4
blockwise_diff_genotypes	0	both	phased_hifiasm	T2T00_hifiasm_trio	whatshap_compare	chr4
blockwise_diff_genotypes_rate	0	both	phased_hifiasm	T2T00_hifiasm_trio	whatshap_compare	chr4
largestblock_assessed_pairs	29804	both	phased_hifiasm	T2T00_hifiasm_trio	whatshap_compare	chr4
largestblock_switches	1465	both	phased_hifiasm	T2T00_hifiasm_trio	whatshap_compare	chr4
largestblock_switch_rate	0.04915447590927392	both	phased_hifiasm	T2T00_hifiasm_trio	whatshap_compare	chr4
largestblock_switchflip_rate	0.03845121460206684	both	phased_hifiasm	T2T00_hifiasm_trio	whatshap_compare	chr4
largestblock_hamming	14563	both	phased_hifiasm	T2T00_hifiasm_trio	whatshap_compare	chr4
largestblock_hamming_rate	0.4886092937426606	both	phased_hifiasm	T2T00_hifiasm_trio	whatshap_compare	chr4
largestblock_diff_genotypes	0	both	phased_hifiasm	T2T00_hifiasm_trio	whatshap_compare	chr4
largestblock_diff_genotypes_rate	0	both	phased_hifiasm	T2T00_hifiasm_trio	whatshap_compare	chr4
het_variants0	112973	both	phased_hifiasm	T2T00_hifiasm_trio	whatshap_compare	chr4
only_snvs	0	both	phased_hifiasm	T2T00_hifiasm_trio	whatshap_compare	chr4
intersection_blocks	1	both	phased_hifiasm	T2T00_hifiasm_trio	whatshap_compare	chr5
covered_variants	25939	both	phased_hifiasm	T2T00_hifiasm_trio	whatshap_compare	chr5
all_assessed_pairs	25938	both	phased_hifiasm	T2T00_hifiasm_trio	whatshap_compare	chr5
all_switches	1373	both	phased_hifiasm	T2T00_hifiasm_trio	whatshap_compare	chr5
all_switch_rate	0.05293391934613308	both	phased_hifiasm	T2T00_hifiasm_trio	whatshap_compare	chr5
all_switchflip_rate	0.041098002930064	both	phased_hifiasm	T2T00_hifiasm_trio	whatshap_compare	chr5
blockwise_hamming	12882	both	phased_hifiasm	T2T00_hifiasm_trio	whatshap_compare	chr5
blockwise_hamming_rate	0.496626701106442	both	phased_hifiasm	T2T00_hifiasm_trio	whatshap_compare	chr5
blockwise_diff_genotypes	0	both	phased_hifiasm	T2T00_hifiasm_trio	whatshap_compare	chr5
blockwise_diff_genotypes_rate	0	both	phased_hifiasm	T2T00_hifiasm_trio	whatshap_compare	chr5
largestblock_assessed_pairs	25938	both	phased_hifiasm	T2T00_hifiasm_trio	whatshap_compare	chr5
largestblock_switches	1373	both	phased_hifiasm	T2T00_hifiasm_trio	whatshap_compare	chr5
largestblock_switch_rate	0.05293391934613308	both	phased_hifiasm	T2T00_hifiasm_trio	whatshap_compare	chr5
largestblock_switchflip_rate	0.041098002930064	both	phased_hifiasm	T2T00_hifiasm_trio	whatshap_compare	chr5
largestblock_hamming	12882	both	phased_hifiasm	T2T00_hifiasm_trio	whatshap_compare	chr5
largestblock_hamming_rate	0.496626701106442	both	phased_hifiasm	T2T00_hifiasm_trio	whatshap_compare	chr5
largestblock_diff_genotypes	0	both	phased_hifiasm	T2T00_hifiasm_trio	whatshap_compare	chr5
largestblock_diff_genotypes_rate	0	both	phased_hifiasm	T2T00_hifiasm_trio	whatshap_compare	chr5
het_variants0	93167	both	phased_hifiasm	T2T00_hifiasm_trio	whatshap_compare	chr5
only_snvs	0	both	phased_hifiasm	T2T00_hifiasm_trio	whatshap_compare	chr5
intersection_blocks	1	both	phased_hifiasm	T2T00_hifiasm_trio	whatshap_compare	chr6
covered_variants	25021	both	phased_hifiasm	T2T00_hifiasm_trio	whatshap_compare	chr6
all_assessed_pairs	25020	both	phased_hifiasm	T2T00_hifiasm_trio	whatshap_compare	chr6
all_switches	1373	both	phased_hifiasm	T2T00_hifiasm_trio	whatshap_compare	chr6
all_switch_rate	0.05487609912070344	both	phased_hifiasm	T2T00_hifiasm_trio	whatshap_compare	chr6
all_switchflip_rate	0.04180655475619505	both	phased_hifiasm	T2T00_hifiasm_trio	whatshap_compare	chr6
blockwise_hamming	11395	both	phased_hifiasm	T2T00_hifiasm_trio	whatshap_compare	chr6
blockwise_hamming_rate	0.45541744934255224	both	phased_hifiasm	T2T00_hifiasm_trio	whatshap_compare	chr6
blockwise_diff_genotypes	0	both	phased_hifiasm	T2T00_hifiasm_trio	whatshap_compare	chr6
blockwise_diff_genotypes_rate	0	both	phased_hifiasm	T2T00_hifiasm_trio	whatshap_compare	chr6
largestblock_assessed_pairs	25020	both	phased_hifiasm	T2T00_hifiasm_trio	whatshap_compare	chr6
largestblock_switches	1373	both	phased_hifiasm	T2T00_hifiasm_trio	whatshap_compare	chr6
largestblock_switch_rate	0.05487609912070344	both	phased_hifiasm	T2T00_hifiasm_trio	whatshap_compare	chr6
largestblock_switchflip_rate	0.04180655475619505	both	phased_hifiasm	T2T00_hifiasm_trio	whatshap_compare	chr6
largestblock_hamming	11395	both	phased_hifiasm	T2T00_hifiasm_trio	whatshap_compare	chr6
largestblock_hamming_rate	0.45541744934255224	both	phased_hifiasm	T2T00_hifiasm_trio	whatshap_compare	chr6
largestblock_diff_genotypes	0	both	phased_hifiasm	T2T00_hifiasm_trio	whatshap_compare	chr6
largestblock_diff_genotypes_rate	0	both	phased_hifiasm	T2T00_hifiasm_trio	whatshap_compare	chr6
het_variants0	90718	both	phased_hifiasm	T2T00_hifiasm_trio	whatshap_compare	chr6
only_snvs	0	both	phased_hifiasm	T2T00_hifiasm_trio	whatshap_compare	chr6
intersection_blocks	1	both	phased_hifiasm	T2T00_hifiasm_trio	whatshap_compare	chr7
covered_variants	22713	both	phased_hifiasm	T2T00_hifiasm_trio	whatshap_compare	chr7
all_assessed_pairs	22712	both	phased_hifiasm	T2T00_hifiasm_trio	whatshap_compare	chr7
all_switches	1155	both	phased_hifiasm	T2T00_hifiasm_trio	whatshap_compare	chr7
all_switch_rate	0.05085417400493131	both	phased_hifiasm	T2T00_hifiasm_trio	whatshap_compare	chr7
all_switchflip_rate	0.0401109545614653	both	phased_hifiasm	T2T00_hifiasm_trio	whatshap_compare	chr7
blockwise_hamming	10109	both	phased_hifiasm	T2T00_hifiasm_trio	whatshap_compare	chr7
blockwise_hamming_rate	0.4450755074186589	both	phased_hifiasm	T2T00_hifiasm_trio	whatshap_compare	chr7
blockwise_diff_genotypes	0	both	phased_hifiasm	T2T00_hifiasm_trio	whatshap_compare	chr7
blockwise_diff_genotypes_rate	0	both	phased_hifiasm	T2T00_hifiasm_trio	whatshap_compare	chr7
largestblock_assessed_pairs	22712	both	phased_hifiasm	T2T00_hifiasm_trio	whatshap_compare	chr7
largestblock_switches	1155	both	phased_hifiasm	T2T00_hifiasm_trio	whatshap_compare	chr7
largestblock_switch_rate	0.05085417400493131	both	phased_hifiasm	T2T00_hifiasm_trio	whatshap_compare	chr7
largestblock_switchflip_rate	0.0401109545614653	both	phased_hifiasm	T2T00_hifiasm_trio	whatshap_compare	chr7
largestblock_hamming	10109	both	phased_hifiasm	T2T00_hifiasm_trio	whatshap_compare	chr7
largestblock_hamming_rate	0.4450755074186589	both	phased_hifiasm	T2T00_hifiasm_trio	whatshap_compare	chr7
largestblock_diff_genotypes	0	both	phased_hifiasm	T2T00_hifiasm_trio	whatshap_compare	chr7
largestblock_diff_genotypes_rate	0	both	phased_hifiasm	T2T00_hifiasm_trio	whatshap_compare	chr7
het_variants0	94903	both	phased_hifiasm	T2T00_hifiasm_trio	whatshap_compare	chr7
only_snvs	0	both	phased_hifiasm	T2T00_hifiasm_trio	whatshap_compare	chr7
intersection_blocks	1	both	phased_hifiasm	T2T00_hifiasm_trio	whatshap_compare	chr8
covered_variants	19405	both	phased_hifiasm	T2T00_hifiasm_trio	whatshap_compare	chr8
all_assessed_pairs	19404	both	phased_hifiasm	T2T00_hifiasm_trio	whatshap_compare	chr8
all_switches	1040	both	phased_hifiasm	T2T00_hifiasm_trio	whatshap_compare	chr8
all_switch_rate	0.05359719645433931	both	phased_hifiasm	T2T00_hifiasm_trio	whatshap_compare	chr8
all_switchflip_rate	0.04117707689136261	both	phased_hifiasm	T2T00_hifiasm_trio	whatshap_compare	chr8
blockwise_hamming	9447	both	phased_hifiasm	T2T00_hifiasm_trio	whatshap_compare	chr8
blockwise_hamming_rate	0.48683329038907497	both	phased_hifiasm	T2T00_hifiasm_trio	whatshap_compare	chr8
blockwise_diff_genotypes	0	both	phased_hifiasm	T2T00_hifiasm_trio	whatshap_compare	chr8
blockwise_diff_genotypes_rate	0	both	phased_hifiasm	T2T00_hifiasm_trio	whatshap_compare	chr8
largestblock_assessed_pairs	19404	both	phased_hifiasm	T2T00_hifiasm_trio	whatshap_compare	chr8
largestblock_switches	1040	both	phased_hifiasm	T2T00_hifiasm_trio	whatshap_compare	chr8
largestblock_switch_rate	0.05359719645433931	both	phased_hifiasm	T2T00_hifiasm_trio	whatshap_compare	chr8
largestblock_switchflip_rate	0.04117707689136261	both	phased_hifiasm	T2T00_hifiasm_trio	whatshap_compare	chr8
largestblock_hamming	9447	both	phased_hifiasm	T2T00_hifiasm_trio	whatshap_compare	chr8
largestblock_hamming_rate	0.48683329038907497	both	phased_hifiasm	T2T00_hifiasm_trio	whatshap_compare	chr8
largestblock_diff_genotypes	0	both	phased_hifiasm	T2T00_hifiasm_trio	whatshap_compare	chr8
largestblock_diff_genotypes_rate	0	both	phased_hifiasm	T2T00_hifiasm_trio	whatshap_compare	chr8
het_variants0	84072	both	phased_hifiasm	T2T00_hifiasm_trio	whatshap_compare	chr8
only_snvs	0	both	phased_hifiasm	T2T00_hifiasm_trio	whatshap_compare	chr8
intersection_blocks	1	both	phased_hifiasm	T2T00_hifiasm_trio	whatshap_compare	chr9
covered_variants	18500	both	phased_hifiasm	T2T00_hifiasm_trio	whatshap_compare	chr9
all_assessed_pairs	18499	both	phased_hifiasm	T2T00_hifiasm_trio	whatshap_compare	chr9
all_switches	1036	both	phased_hifiasm	T2T00_hifiasm_trio	whatshap_compare	chr9
all_switch_rate	0.05600302719065896	both	phased_hifiasm	T2T00_hifiasm_trio	whatshap_compare	chr9
all_switchflip_rate	0.04302935293799664	both	phased_hifiasm	T2T00_hifiasm_trio	whatshap_compare	chr9
blockwise_hamming	8989	both	phased_hifiasm	T2T00_hifiasm_trio	whatshap_compare	chr9
blockwise_hamming_rate	0.4858918918918919	both	phased_hifiasm	T2T00_hifiasm_trio	whatshap_compare	chr9
blockwise_diff_genotypes	0	both	phased_hifiasm	T2T00_hifiasm_trio	whatshap_compare	chr9
blockwise_diff_genotypes_rate	0	both	phased_hifiasm	T2T00_hifiasm_trio	whatshap_compare	chr9
largestblock_assessed_pairs	18499	both	phased_hifiasm	T2T00_hifiasm_trio	whatshap_compare	chr9
largestblock_switches	1036	both	phased_hifiasm	T2T00_hifiasm_trio	whatshap_compare	chr9
largestblock_switch_rate	0.05600302719065896	both	phased_hifiasm	T2T00_hifiasm_trio	whatshap_compare	chr9
largestblock_switchflip_rate	0.04302935293799664	both	phased_hifiasm	T2T00_hifiasm_trio	whatshap_compare	chr9
largestblock_hamming	8989	both	phased_hifiasm	T2T00_hifiasm_trio	whatshap_compare	chr9
largestblock_hamming_rate	0.4858918918918919	both	phased_hifiasm	T2T00_hifiasm_trio	whatshap_compare	chr9
largestblock_diff_genotypes	0	both	phased_hifiasm	T2T00_hifiasm_trio	whatshap_compare	chr9
largestblock_diff_genotypes_rate	0	both	phased_hifiasm	T2T00_hifiasm_trio	whatshap_compare	chr9
het_variants0	76075	both	phased_hifiasm	T2T00_hifiasm_trio	whatshap_compare	chr9
only_snvs	0	both	phased_hifiasm	T2T00_hifiasm_trio	whatshap_compare	chr9
intersection_blocks	1	both	phased_hifiasm	T2T04_hifiasm_trio	whatshap_compare	chr1
covered_variants	30680	both	phased_hifiasm	T2T04_hifiasm_trio	whatshap_compare	chr1
all_assessed_pairs	30679	both	phased_hifiasm	T2T04_hifiasm_trio	whatshap_compare	chr1
all_switches	1814	both	phased_hifiasm	T2T04_hifiasm_trio	whatshap_compare	chr1
all_switch_rate	0.05912839401545031	both	phased_hifiasm	T2T04_hifiasm_trio	whatshap_compare	chr1
all_switchflip_rate	0.04631832849832133	both	phased_hifiasm	T2T04_hifiasm_trio	whatshap_compare	chr1
blockwise_hamming	14982	both	phased_hifiasm	T2T04_hifiasm_trio	whatshap_compare	chr1
blockwise_hamming_rate	0.4883311603650587	both	phased_hifiasm	T2T04_hifiasm_trio	whatshap_compare	chr1
blockwise_diff_genotypes	0	both	phased_hifiasm	T2T04_hifiasm_trio	whatshap_compare	chr1
blockwise_diff_genotypes_rate	0	both	phased_hifiasm	T2T04_hifiasm_trio	whatshap_compare	chr1
largestblock_assessed_pairs	30679	both	phased_hifiasm	T2T04_hifiasm_trio	whatshap_compare	chr1
largestblock_switches	1814	both	phased_hifiasm	T2T04_hifiasm_trio	whatshap_compare	chr1
largestblock_switch_rate	0.05912839401545031	both	phased_hifiasm	T2T04_hifiasm_trio	whatshap_compare	chr1
largestblock_switchflip_rate	0.04631832849832133	both	phased_hifiasm	T2T04_hifiasm_trio	whatshap_compare	chr1
largestblock_hamming	14982	both	phased_hifiasm	T2T04_hifiasm_trio	whatshap_compare	chr1
largestblock_hamming_rate	0.4883311603650587	both	phased_hifiasm	T2T04_hifiasm_trio	whatshap_compare	chr1
largestblock_diff_genotypes	0	both	phased_hifiasm	T2T04_hifiasm_trio	whatshap_compare	chr1
largestblock_diff_genotypes_rate	0	both	phased_hifiasm	T2T04_hifiasm_trio	whatshap_compare	chr1
het_variants0	120158	both	phased_hifiasm	T2T04_hifiasm_trio	whatshap_compare	chr1
only_snvs	0	both	phased_hifiasm	T2T04_hifiasm_trio	whatshap_compare	chr1
intersection_blocks	1	both	phased_hifiasm	T2T04_hifiasm_trio	whatshap_compare	chr10
covered_variants	21216	both	phased_hifiasm	T2T04_hifiasm_trio	whatshap_compare	chr10
all_assessed_pairs	21215	both	phased_hifiasm	T2T04_hifiasm_trio	whatshap_compare	chr10
all_switches	1169	both	phased_hifiasm	T2T04_hifiasm_trio	whatshap_compare	chr10
all_switch_rate	0.05510252180061277	both	phased_hifiasm	T2T04_hifiasm_trio	whatshap_compare	chr10
all_switchflip_rate	0.04303558802733914	both	phased_hifiasm	T2T04_hifiasm_trio	whatshap_compare	chr10
blockwise_hamming	9619	both	phased_hifiasm	T2T04_hifiasm_trio	whatshap_compare	chr10
blockwise_hamming_rate	0.4533842383107089	both	phased_hifiasm	T2T04_hifiasm_trio	whatshap_compare	chr10
blockwise_diff_genotypes	0	both	phased_hifiasm	T2T04_hifiasm_trio	whatshap_compare	chr10
blockwise_diff_genotypes_rate	0	both	phased_hifiasm	T2T04_hifiasm_trio	whatshap_compare	chr10
largestblock_assessed_pairs	21215	both	phased_hifiasm	T2T04_hifiasm_trio	whatshap_compare	chr10
largestblock_switches	1169	both	phased_hifiasm	T2T04_hifiasm_trio	whatshap_compare	chr10
largestblock_switch_rate	0.05510252180061277	both	phased_hifiasm	T2T04_hifiasm_trio	whatshap_compare	chr10
largestblock_switchflip_rate	0.04303558802733914	both	phased_hifiasm	T2T04_hifiasm_trio	whatshap_compare	chr10
largestblock_hamming	9619	both	phased_hifiasm	T2T04_hifiasm_trio	whatshap_compare	chr10
largestblock_hamming_rate	0.4533842383107089	both	phased_hifiasm	T2T04_hifiasm_trio	whatshap_compare	chr10
largestblock_diff_genotypes	0	both	phased_hifiasm	T2T04_hifiasm_trio	whatshap_compare	chr10
largestblock_diff_genotypes_rate	0	both	phased_hifiasm	T2T04_hifiasm_trio	whatshap_compare	chr10
het_variants0	70614	both	phased_hifiasm	T2T04_hifiasm_trio	whatshap_compare	chr10
only_snvs	0	both	phased_hifiasm	T2T04_hifiasm_trio	whatshap_compare	chr10
intersection_blocks	1	both	phased_hifiasm	T2T04_hifiasm_trio	whatshap_compare	chr11
covered_variants	19425	both	phased_hifiasm	T2T04_hifiasm_trio	whatshap_compare	chr11
all_assessed_pairs	19424	both	phased_hifiasm	T2T04_hifiasm_trio	whatshap_compare	chr11
all_switches	1010	both	phased_hifiasm	T2T04_hifiasm_trio	whatshap_compare	chr11
all_switch_rate	0.05199752883031301	both	phased_hifiasm	T2T04_hifiasm_trio	whatshap_compare	chr11
all_switchflip_rate	0.0410831960461285	both	phased_hifiasm	T2T04_hifiasm_trio	whatshap_compare	chr11
blockwise_hamming	8910	both	phased_hifiasm	T2T04_hifiasm_trio	whatshap_compare	chr11
blockwise_hamming_rate	0.4586872586872587	both	phased_hifiasm	T2T04_hifiasm_trio	whatshap_compare	chr11
blockwise_diff_genotypes	0	both	phased_hifiasm	T2T04_hifiasm_trio	whatshap_compare	chr11
blockwise_diff_genotypes_rate	0	both	phased_hifiasm	T2T04_hifiasm_trio	whatshap_compare	chr11
largestblock_assessed_pairs	19424	both	phased_hifiasm	T2T04_hifiasm_trio	whatshap_compare	chr11
largestblock_switches	1010	both	phased_hifiasm	T2T04_hifiasm_trio	whatshap_compare	chr11
largestblock_switch_rate	0.05199752883031301	both	phased_hifiasm	T2T04_hifiasm_trio	whatshap_compare	chr11
largestblock_switchflip_rate	0.0410831960461285	both	phased_hifiasm	T2T04_hifiasm_trio	whatshap_compare	chr11
largestblock_hamming	8910	both	phased_hifiasm	T2T04_hifiasm_trio	whatshap_compare	chr11
largestblock_hamming_rate	0.4586872586872587	both	phased_hifiasm	T2T04_hifiasm_trio	whatshap_compare	chr11
largestblock_diff_genotypes	0	both	phased_hifiasm	T2T04_hifiasm_trio	whatshap_compare	chr11
largestblock_diff_genotypes_rate	0	both	phased_hifiasm	T2T04_hifiasm_trio	whatshap_compare	chr11
het_variants0	66413	both	phased_hifiasm	T2T04_hifiasm_trio	whatshap_compare	chr11
only_snvs	0	both	phased_hifiasm	T2T04_hifiasm_trio	whatshap_compare	chr11
intersection_blocks	1	both	phased_hifiasm	T2T04_hifiasm_trio	whatshap_compare	chr12
covered_variants	17881	both	phased_hifiasm	T2T04_hifiasm_trio	whatshap_compare	chr12
all_assessed_pairs	17880	both	phased_hifiasm	T2T04_hifiasm_trio	whatshap_compare	chr12
all_switches	1114	both	phased_hifiasm	T2T04_hifiasm_trio	whatshap_compare	chr12
all_switch_rate	0.06230425055928412	both	phased_hifiasm	T2T04_hifiasm_trio	whatshap_compare	chr12
all_switchflip_rate	0.04809843400447427	both	phased_hifiasm	T2T04_hifiasm_trio	whatshap_compare	chr12
blockwise_hamming	8409	both	phased_hifiasm	T2T04_hifiasm_trio	whatshap_compare	chr12
blockwise_hamming_rate	0.4702757116492366	both	phased_hifiasm	T2T04_hifiasm_trio	whatshap_compare	chr12
blockwise_diff_genotypes	0	both	phased_hifiasm	T2T04_hifiasm_trio	whatshap_compare	chr12
blockwise_diff_genotypes_rate	0	both	phased_hifiasm	T2T04_hifiasm_trio	whatshap_compare	chr12
largestblock_assessed_pairs	17880	both	phased_hifiasm	T2T04_hifiasm_trio	whatshap_compare	chr12
largestblock_switches	1114	both	phased_hifiasm	T2T04_hifiasm_trio	whatshap_compare	chr12
largestblock_switch_rate	0.06230425055928412	both	phased_hifiasm	T2T04_hifiasm_trio	whatshap_compare	chr12
largestblock_switchflip_rate	0.04809843400447427	both	phased_hifiasm	T2T04_hifiasm_trio	whatshap_compare	chr12
largestblock_hamming	8409	both	phased_hifiasm	T2T04_hifiasm_trio	whatshap_compare	chr12
largestblock_hamming_rate	0.4702757116492366	both	phased_hifiasm	T2T04_hifiasm_trio	whatshap_compare	chr12
largestblock_diff_genotypes	0	both	phased_hifiasm	T2T04_hifiasm_trio	whatshap_compare	chr12
largestblock_diff_genotypes_rate	0	both	phased_hifiasm	T2T04_hifiasm_trio	whatshap_compare	chr12
het_variants0	66392	both	phased_hifiasm	T2T04_hifiasm_trio	whatshap_compare	chr12
only_snvs	0	both	phased_hifiasm	T2T04_hifiasm_trio	whatshap_compare	chr12
intersection_blocks	1	both	phased_hifiasm	T2T04_hifiasm_trio	whatshap_compare	chr13
covered_variants	16247	both	phased_hifiasm	T2T04_hifiasm_trio	whatshap_compare	chr13
all_assessed_pairs	16246	both	phased_hifiasm	T2T04_hifiasm_trio	whatshap_compare	chr13
all_switches	794	both	phased_hifiasm	T2T04_hifiasm_trio	whatshap_compare	chr13
all_switch_rate	0.04887356887849316	both	phased_hifiasm	T2T04_hifiasm_trio	whatshap_compare	chr13
all_switchflip_rate	0.03773236488981903	both	phased_hifiasm	T2T04_hifiasm_trio	whatshap_compare	chr13
blockwise_hamming	7756	both	phased_hifiasm	T2T04_hifiasm_trio	whatshap_compare	chr13
blockwise_hamming_rate	0.47738043946574754	both	phased_hifiasm	T2T04_hifiasm_trio	whatshap_compare	chr13
blockwise_diff_genotypes	0	both	phased_hifiasm	T2T04_hifiasm_trio	whatshap_compare	chr13
blockwise_diff_genotypes_rate	0	both	phased_hifiasm	T2T04_hifiasm_trio	whatshap_compare	chr13
largestblock_assessed_pairs	16246	both	phased_hifiasm	T2T04_hifiasm_trio	whatshap_compare	chr13
largestblock_switches	794	both	phased_hifiasm	T2T04_hifiasm_trio	whatshap_compare	chr13
largestblock_switch_rate	0.04887356887849316	both	phased_hifiasm	T2T04_hifiasm_trio	whatshap_compare	chr13
largestblock_switchflip_rate	0.03773236488981903	both	phased_hifiasm	T2T04_hifiasm_trio	whatshap_compare	chr13
largestblock_hamming	7756	both	phased_hifiasm	T2T04_hifiasm_trio	whatshap_compare	chr13
largestblock_hamming_rate	0.47738043946574754	both	phased_hifiasm	T2T04_hifiasm_trio	whatshap_compare	chr13
largestblock_diff_genotypes	0	both	phased_hifiasm	T2T04_hifiasm_trio	whatshap_compare	chr13
largestblock_diff_genotypes_rate	0	both	phased_hifiasm	T2T04_hifiasm_trio	whatshap_compare	chr13
het_variants0	53901	both	phased_hifiasm	T2T04_hifiasm_trio	whatshap_compare	chr13
only_snvs	0	both	phased_hifiasm	T2T04_hifiasm_trio	whatshap_compare	chr13
intersection_blocks	1	both	phased_hifiasm	T2T04_hifiasm_trio	whatshap_compare	chr14
covered_variants	13278	both	phased_hifiasm	T2T04_hifiasm_trio	whatshap_compare	chr14
all_assessed_pairs	13277	both	phased_hifiasm	T2T04_hifiasm_trio	whatshap_compare	chr14
all_switches	751	both	phased_hifiasm	T2T04_hifiasm_trio	whatshap_compare	chr14
all_switch_rate	0.05656398282744596	both	phased_hifiasm	T2T04_hifiasm_trio	whatshap_compare	chr14
all_switchflip_rate	0.04443774949160202	both	phased_hifiasm	T2T04_hifiasm_trio	whatshap_compare	chr14
blockwise_hamming	6405	both	phased_hifiasm	T2T04_hifiasm_trio	whatshap_compare	chr14
blockwise_hamming_rate	0.48237686398554	both	phased_hifiasm	T2T04_hifiasm_trio	whatshap_compare	chr14
blockwise_diff_genotypes	0	both	phased_hifiasm	T2T04_hifiasm_trio	whatshap_compare	chr14
blockwise_diff_genotypes_rate	0	both	phased_hifiasm	T2T04_hifiasm_trio	whatshap_compare	chr14
largestblock_assessed_pairs	13277	both	phased_hifiasm	T2T04_hifiasm_trio	whatshap_compare	chr14
largestblock_switches	751	both	phased_hifiasm	T2T04_hifiasm_trio	whatshap_compare	chr14
largestblock_switch_rate	0.05656398282744596	both	phased_hifiasm	T2T04_hifiasm_trio	whatshap_compare	chr14
largestblock_switchflip_rate	0.04443774949160202	both	phased_hifiasm	T2T04_hifiasm_trio	whatshap_compare	chr14
largestblock_hamming	6405	both	phased_hifiasm	T2T04_hifiasm_trio	whatshap_compare	chr14
largestblock_hamming_rate	0.48237686398554	both	phased_hifiasm	T2T04_hifiasm_trio	whatshap_compare	chr14
largestblock_diff_genotypes	0	both	phased_hifiasm	T2T04_hifiasm_trio	whatshap_compare	chr14
largestblock_diff_genotypes_rate	0	both	phased_hifiasm	T2T04_hifiasm_trio	whatshap_compare	chr14
het_variants0	81704	both	phased_hifiasm	T2T04_hifiasm_trio	whatshap_compare	chr14
only_snvs	0	both	phased_hifiasm	T2T04_hifiasm_trio	whatshap_compare	chr14
intersection_blocks	1	both	phased_hifiasm	T2T04_hifiasm_trio	whatshap_compare	chr15
covered_variants	13784	both	phased_hifiasm	T2T04_hifiasm_trio	whatshap_compare	chr15
all_assessed_pairs	13783	both	phased_hifiasm	T2T04_hifiasm_trio	whatshap_compare	chr15
all_switches	780	both	phased_hifiasm	T2T04_hifiasm_trio	whatshap_compare	chr15
all_switch_rate	0.05659145323949793	both	phased_hifiasm	T2T04_hifiasm_trio	whatshap_compare	chr15
all_switchflip_rate	0.04309656823623304	both	phased_hifiasm	T2T04_hifiasm_trio	whatshap_compare	chr15
blockwise_hamming	6444	both	phased_hifiasm	T2T04_hifiasm_trio	whatshap_compare	chr15
blockwise_hamming_rate	0.467498549042368	both	phased_hifiasm	T2T04_hifiasm_trio	whatshap_compare	chr15
blockwise_diff_genotypes	0	both	phased_hifiasm	T2T04_hifiasm_trio	whatshap_compare	chr15
blockwise_diff_genotypes_rate	0	both	phased_hifiasm	T2T04_hifiasm_trio	whatshap_compare	chr15
largestblock_assessed_pairs	13783	both	phased_hifiasm	T2T04_hifiasm_trio	whatshap_compare	chr15
largestblock_switches	780	both	phased_hifiasm	T2T04_hifiasm_trio	whatshap_compare	chr15
largestblock_switch_rate	0.05659145323949793	both	phased_hifiasm	T2T04_hifiasm_trio	whatshap_compare	chr15
largestblock_switchflip_rate	0.04309656823623304	both	phased_hifiasm	T2T04_hifiasm_trio	whatshap_compare	chr15
largestblock_hamming	6444	both	phased_hifiasm	T2T04_hifiasm_trio	whatshap_compare	chr15
largestblock_hamming_rate	0.467498549042368	both	phased_hifiasm	T2T04_hifiasm_trio	whatshap_compare	chr15
largestblock_diff_genotypes	0	both	phased_hifiasm	T2T04_hifiasm_trio	whatshap_compare	chr15
largestblock_diff_genotypes_rate	0	both	phased_hifiasm	T2T04_hifiasm_trio	whatshap_compare	chr15
het_variants0	85074	both	phased_hifiasm	T2T04_hifiasm_trio	whatshap_compare	chr15
only_snvs	0	both	phased_hifiasm	T2T04_hifiasm_trio	whatshap_compare	chr15
intersection_blocks	1	both	phased_hifiasm	T2T04_hifiasm_trio	whatshap_compare	chr16
covered_variants	11509	both	phased_hifiasm	T2T04_hifiasm_trio	whatshap_compare	chr16
all_assessed_pairs	11508	both	phased_hifiasm	T2T04_hifiasm_trio	whatshap_compare	chr16
all_switches	906	both	phased_hifiasm	T2T04_hifiasm_trio	whatshap_compare	chr16
all_switch_rate	0.07872784150156413	both	phased_hifiasm	T2T04_hifiasm_trio	whatshap_compare	chr16
all_switchflip_rate	0.05813347236704901	both	phased_hifiasm	T2T04_hifiasm_trio	whatshap_compare	chr16
blockwise_hamming	5185	both	phased_hifiasm	T2T04_hifiasm_trio	whatshap_compare	chr16
blockwise_hamming_rate	0.4505169867060561	both	phased_hifiasm	T2T04_hifiasm_trio	whatshap_compare	chr16
blockwise_diff_genotypes	0	both	phased_hifiasm	T2T04_hifiasm_trio	whatshap_compare	chr16
blockwise_diff_genotypes_rate	0	both	phased_hifiasm	T2T04_hifiasm_trio	whatshap_compare	chr16
largestblock_assessed_pairs	11508	both	phased_hifiasm	T2T04_hifiasm_trio	whatshap_compare	chr16
largestblock_switches	906	both	phased_hifiasm	T2T04_hifiasm_trio	whatshap_compare	chr16
largestblock_switch_rate	0.07872784150156413	both	phased_hifiasm	T2T04_hifiasm_trio	whatshap_compare	chr16
largestblock_switchflip_rate	0.05813347236704901	both	phased_hifiasm	T2T04_hifiasm_trio	whatshap_compare	chr16
largestblock_hamming	5185	both	phased_hifiasm	T2T04_hifiasm_trio	whatshap_compare	chr16
largestblock_hamming_rate	0.4505169867060561	both	phased_hifiasm	T2T04_hifiasm_trio	whatshap_compare	chr16
largestblock_diff_genotypes	0	both	phased_hifiasm	T2T04_hifiasm_trio	whatshap_compare	chr16
largestblock_diff_genotypes_rate	0	both	phased_hifiasm	T2T04_hifiasm_trio	whatshap_compare	chr16
het_variants0	52099	both	phased_hifiasm	T2T04_hifiasm_trio	whatshap_compare	chr16
only_snvs	0	both	phased_hifiasm	T2T04_hifiasm_trio	whatshap_compare	chr16
intersection_blocks	1	both	phased_hifiasm	T2T04_hifiasm_trio	whatshap_compare	chr17
covered_variants	10781	both	phased_hifiasm	T2T04_hifiasm_trio	whatshap_compare	chr17
all_assessed_pairs	10780	both	phased_hifiasm	T2T04_hifiasm_trio	whatshap_compare	chr17
all_switches	761	both	phased_hifiasm	T2T04_hifiasm_trio	whatshap_compare	chr17
all_switch_rate	0.07059369202226345	both	phased_hifiasm	T2T04_hifiasm_trio	whatshap_compare	chr17
all_switchflip_rate	0.05408163265306123	both	phased_hifiasm	T2T04_hifiasm_trio	whatshap_compare	chr17
blockwise_hamming	5303	both	phased_hifiasm	T2T04_hifiasm_trio	whatshap_compare	chr17
blockwise_hamming_rate	0.4918838697708932	both	phased_hifiasm	T2T04_hifiasm_trio	whatshap_compare	chr17
blockwise_diff_genotypes	0	both	phased_hifiasm	T2T04_hifiasm_trio	whatshap_compare	chr17
blockwise_diff_genotypes_rate	0	both	phased_hifiasm	T2T04_hifiasm_trio	whatshap_compare	chr17
largestblock_assessed_pairs	10780	both	phased_hifiasm	T2T04_hifiasm_trio	whatshap_compare	chr17
largestblock_switches	761	both	phased_hifiasm	T2T04_hifiasm_trio	whatshap_compare	chr17
largestblock_switch_rate	0.07059369202226345	both	phased_hifiasm	T2T04_hifiasm_trio	whatshap_compare	chr17
largestblock_switchflip_rate	0.05408163265306123	both	phased_hifiasm	T2T04_hifiasm_trio	whatshap_compare	chr17
largestblock_hamming	5303	both	phased_hifiasm	T2T04_hifiasm_trio	whatshap_compare	chr17
largestblock_hamming_rate	0.4918838697708932	both	phased_hifiasm	T2T04_hifiasm_trio	whatshap_compare	chr17
largestblock_diff_genotypes	0	both	phased_hifiasm	T2T04_hifiasm_trio	whatshap_compare	chr17
largestblock_diff_genotypes_rate	0	both	phased_hifiasm	T2T04_hifiasm_trio	whatshap_compare	chr17
het_variants0	46890	both	phased_hifiasm	T2T04_hifiasm_trio	whatshap_compare	chr17
only_snvs	0	both	phased_hifiasm	T2T04_hifiasm_trio	whatshap_compare	chr17
intersection_blocks	1	both	phased_hifiasm	T2T04_hifiasm_trio	whatshap_compare	chr18
covered_variants	11767	both	phased_hifiasm	T2T04_hifiasm_trio	whatshap_compare	chr18
all_assessed_pairs	11766	both	phased_hifiasm	T2T04_hifiasm_trio	whatshap_compare	chr18
all_switches	742	both	phased_hifiasm	T2T04_hifiasm_trio	whatshap_compare	chr18
all_switch_rate	0.06306306306306306	both	phased_hifiasm	T2T04_hifiasm_trio	whatshap_compare	chr18
all_switchflip_rate	0.04912459629440761	both	phased_hifiasm	T2T04_hifiasm_trio	whatshap_compare	chr18
blockwise_hamming	5823	both	phased_hifiasm	T2T04_hifiasm_trio	whatshap_compare	chr18
blockwise_hamming_rate	0.49485850259199454	both	phased_hifiasm	T2T04_hifiasm_trio	whatshap_compare	chr18
blockwise_diff_genotypes	0	both	phased_hifiasm	T2T04_hifiasm_trio	whatshap_compare	chr18
blockwise_diff_genotypes_rate	0	both	phased_hifiasm	T2T04_hifiasm_trio	whatshap_compare	chr18
largestblock_assessed_pairs	11766	both	phased_hifiasm	T2T04_hifiasm_trio	whatshap_compare	chr18
largestblock_switches	742	both	phased_hifiasm	T2T04_hifiasm_trio	whatshap_compare	chr18
largestblock_switch_rate	0.06306306306306306	both	phased_hifiasm	T2T04_hifiasm_trio	whatshap_compare	chr18
largestblock_switchflip_rate	0.04912459629440761	both	phased_hifiasm	T2T04_hifiasm_trio	whatshap_compare	chr18
largestblock_hamming	5823	both	phased_hifiasm	T2T04_hifiasm_trio	whatshap_compare	chr18
largestblock_hamming_rate	0.49485850259199454	both	phased_hifiasm	T2T04_hifiasm_trio	whatshap_compare	chr18
largestblock_diff_genotypes	0	both	phased_hifiasm	T2T04_hifiasm_trio	whatshap_compare	chr18
largestblock_diff_genotypes_rate	0	both	phased_hifiasm	T2T04_hifiasm_trio	whatshap_compare	chr18
het_variants0	42113	both	phased_hifiasm	T2T04_hifiasm_trio	whatshap_compare	chr18
only_snvs	0	both	phased_hifiasm	T2T04_hifiasm_trio	whatshap_compare	chr18
intersection_blocks	1	both	phased_hifiasm	T2T04_hifiasm_trio	whatshap_compare	chr19
covered_variants	8618	both	phased_hifiasm	T2T04_hifiasm_trio	whatshap_compare	chr19
all_assessed_pairs	8617	both	phased_hifiasm	T2T04_hifiasm_trio	whatshap_compare	chr19
all_switches	606	both	phased_hifiasm	T2T04_hifiasm_trio	whatshap_compare	chr19
all_switch_rate	0.07032609957061622	both	phased_hifiasm	T2T04_hifiasm_trio	whatshap_compare	chr19
all_switchflip_rate	0.05640013925960311	both	phased_hifiasm	T2T04_hifiasm_trio	whatshap_compare	chr19
blockwise_hamming	3970	both	phased_hifiasm	T2T04_hifiasm_trio	whatshap_compare	chr19
blockwise_hamming_rate	0.46066372708284986	both	phased_hifiasm	T2T04_hifiasm_trio	whatshap_compare	chr19
blockwise_diff_genotypes	0	both	phased_hifiasm	T2T04_hifiasm_trio	whatshap_compare	chr19
blockwise_diff_genotypes_rate	0	both	phased_hifiasm	T2T04_hifiasm_trio	whatshap_compare	chr19
largestblock_assessed_pairs	8617	both	phased_hifiasm	T2T04_hifiasm_trio	whatshap_compare	chr19
largestblock_switches	606	both	phased_hifiasm	T2T04_hifiasm_trio	whatshap_compare	chr19
largestblock_switch_rate	0.07032609957061622	both	phased_hifiasm	T2T04_hifiasm_trio	whatshap_compare	chr19
largestblock_switchflip_rate	0.05640013925960311	both	phased_hifiasm	T2T04_hifiasm_trio	whatshap_compare	chr19
largestblock_hamming	3970	both	phased_hifiasm	T2T04_hifiasm_trio	whatshap_compare	chr19
largestblock_hamming_rate	0.46066372708284986	both	phased_hifiasm	T2T04_hifiasm_trio	whatshap_compare	chr19
largestblock_diff_genotypes	0	both	phased_hifiasm	T2T04_hifiasm_trio	whatshap_compare	chr19
largestblock_diff_genotypes_rate	0	both	phased_hifiasm	T2T04_hifiasm_trio	whatshap_compare	chr19
het_variants0	38767	both	phased_hifiasm	T2T04_hifiasm_trio	whatshap_compare	chr19
only_snvs	0	both	phased_hifiasm	T2T04_hifiasm_trio	whatshap_compare	chr19
intersection_blocks	1	both	phased_hifiasm	T2T04_hifiasm_trio	whatshap_compare	chr2
covered_variants	33169	both	phased_hifiasm	T2T04_hifiasm_trio	whatshap_compare	chr2
all_assessed_pairs	33168	both	phased_hifiasm	T2T04_hifiasm_trio	whatshap_compare	chr2
all_switches	1793	both	phased_hifiasm	T2T04_hifiasm_trio	whatshap_compare	chr2
all_switch_rate	0.05405812831644959	both	phased_hifiasm	T2T04_hifiasm_trio	whatshap_compare	chr2
all_switchflip_rate	0.04236010612638688	both	phased_hifiasm	T2T04_hifiasm_trio	whatshap_compare	chr2
blockwise_hamming	16007	both	phased_hifiasm	T2T04_hifiasm_trio	whatshap_compare	chr2
blockwise_hamming_rate	0.48258916458138623	both	phased_hifiasm	T2T04_hifiasm_trio	whatshap_compare	chr2
blockwise_diff_genotypes	0	both	phased_hifiasm	T2T04_hifiasm_trio	whatshap_compare	chr2
blockwise_diff_genotypes_rate	0	both	phased_hifiasm	T2T04_hifiasm_trio	whatshap_compare	chr2
largestblock_assessed_pairs	33168	both	phased_hifiasm	T2T04_hifiasm_trio	whatshap_compare	chr2
largestblock_switches	1793	both	phased_hifiasm	T2T04_hifiasm_trio	whatshap_compare	chr2
largestblock_switch_rate	0.05405812831644959	both	phased_hifiasm	T2T04_hifiasm_trio	whatshap_compare	chr2
largestblock_switchflip_rate	0.04236010612638688	both	phased_hifiasm	T2T04_hifiasm_trio	whatshap_compare	chr2
largestblock_hamming	16007	both	phased_hifiasm	T2T04_hifiasm_trio	whatshap_compare	chr2
largestblock_hamming_rate	0.48258916458138623	both	phased_hifiasm	T2T04_hifiasm_trio	whatshap_compare	chr2
largestblock_diff_genotypes	0	both	phased_hifiasm	T2T04_hifiasm_trio	whatshap_compare	chr2
largestblock_diff_genotypes_rate	0	both	phased_hifiasm	T2T04_hifiasm_trio	whatshap_compare	chr2
het_variants0	111672	both	phased_hifiasm	T2T04_hifiasm_trio	whatshap_compare	chr2
only_snvs	0	both	phased_hifiasm	T2T04_hifiasm_trio	whatshap_compare	chr2
intersection_blocks	1	both	phased_hifiasm	T2T04_hifiasm_trio	whatshap_compare	chr20
covered_variants	9216	both	phased_hifiasm	T2T04_hifiasm_trio	whatshap_compare	chr20
all_assessed_pairs	9215	both	phased_hifiasm	T2T04_hifiasm_trio	whatshap_compare	chr20
all_switches	584	both	phased_hifiasm	T2T04_hifiasm_trio	whatshap_compare	chr20
all_switch_rate	0.06337493217580033	both	phased_hifiasm	T2T04_hifiasm_trio	whatshap_compare	chr20
all_switchflip_rate	0.04905046120455778	both	phased_hifiasm	T2T04_hifiasm_trio	whatshap_compare	chr20
blockwise_hamming	4067	both	phased_hifiasm	T2T04_hifiasm_trio	whatshap_compare	chr20
blockwise_hamming_rate	0.4412977430555556	both	phased_hifiasm	T2T04_hifiasm_trio	whatshap_compare	chr20
blockwise_diff_genotypes	0	both	phased_hifiasm	T2T04_hifiasm_trio	whatshap_compare	chr20
blockwise_diff_genotypes_rate	0	both	phased_hifiasm	T2T04_hifiasm_trio	whatshap_compare	chr20
largestblock_assessed_pairs	9215	both	phased_hifiasm	T2T04_hifiasm_trio	whatshap_compare	chr20
largestblock_switches	584	both	phased_hifiasm	T2T04_hifiasm_trio	whatshap_compare	chr20
largestblock_switch_rate	0.06337493217580033	both	phased_hifiasm	T2T04_hifiasm_trio	whatshap_compare	chr20
largestblock_switchflip_rate	0.04905046120455778	both	phased_hifiasm	T2T04_hifiasm_trio	whatshap_compare	chr20
largestblock_hamming	4067	both	phased_hifiasm	T2T04_hifiasm_trio	whatshap_compare	chr20
largestblock_hamming_rate	0.4412977430555556	both	phased_hifiasm	T2T04_hifiasm_trio	whatshap_compare	chr20
largestblock_diff_genotypes	0	both	phased_hifiasm	T2T04_hifiasm_trio	whatshap_compare	chr20
largestblock_diff_genotypes_rate	0	both	phased_hifiasm	T2T04_hifiasm_trio	whatshap_compare	chr20
het_variants0	44254	both	phased_hifiasm	T2T04_hifiasm_trio	whatshap_compare	chr20
only_snvs	0	both	phased_hifiasm	T2T04_hifiasm_trio	whatshap_compare	chr20
intersection_blocks	1	both	phased_hifiasm	T2T04_hifiasm_trio	whatshap_compare	chr21
covered_variants	6217	both	phased_hifiasm	T2T04_hifiasm_trio	whatshap_compare	chr21
all_assessed_pairs	6216	both	phased_hifiasm	T2T04_hifiasm_trio	whatshap_compare	chr21
all_switches	346	both	phased_hifiasm	T2T04_hifiasm_trio	whatshap_compare	chr21
all_switch_rate	0.05566280566280566	both	phased_hifiasm	T2T04_hifiasm_trio	whatshap_compare	chr21
all_switchflip_rate	0.04295366795366795	both	phased_hifiasm	T2T04_hifiasm_trio	whatshap_compare	chr21
blockwise_hamming	2931	both	phased_hifiasm	T2T04_hifiasm_trio	whatshap_compare	chr21
blockwise_hamming_rate	0.4714492520508284	both	phased_hifiasm	T2T04_hifiasm_trio	whatshap_compare	chr21
blockwise_diff_genotypes	0	both	phased_hifiasm	T2T04_hifiasm_trio	whatshap_compare	chr21
blockwise_diff_genotypes_rate	0	both	phased_hifiasm	T2T04_hifiasm_trio	whatshap_compare	chr21
largestblock_assessed_pairs	6216	both	phased_hifiasm	T2T04_hifiasm_trio	whatshap_compare	chr21
largestblock_switches	346	both	phased_hifiasm	T2T04_hifiasm_trio	whatshap_compare	chr21
largestblock_switch_rate	0.05566280566280566	both	phased_hifiasm	T2T04_hifiasm_trio	whatshap_compare	chr21
largestblock_switchflip_rate	0.04295366795366795	both	phased_hifiasm	T2T04_hifiasm_trio	whatshap_compare	chr21
largestblock_hamming	2931	both	phased_hifiasm	T2T04_hifiasm_trio	whatshap_compare	chr21
largestblock_hamming_rate	0.4714492520508284	both	phased_hifiasm	T2T04_hifiasm_trio	whatshap_compare	chr21
largestblock_diff_genotypes	0	both	phased_hifiasm	T2T04_hifiasm_trio	whatshap_compare	chr21
largestblock_diff_genotypes_rate	0	both	phased_hifiasm	T2T04_hifiasm_trio	whatshap_compare	chr21
het_variants0	28460	both	phased_hifiasm	T2T04_hifiasm_trio	whatshap_compare	chr21
only_snvs	0	both	phased_hifiasm	T2T04_hifiasm_trio	whatshap_compare	chr21
intersection_blocks	1	both	phased_hifiasm	T2T04_hifiasm_trio	whatshap_compare	chr22
covered_variants	6870	both	phased_hifiasm	T2T04_hifiasm_trio	whatshap_compare	chr22
all_assessed_pairs	6869	both	phased_hifiasm	T2T04_hifiasm_trio	whatshap_compare	chr22
all_switches	443	both	phased_hifiasm	T2T04_hifiasm_trio	whatshap_compare	chr22
all_switch_rate	0.06449264812927646	both	phased_hifiasm	T2T04_hifiasm_trio	whatshap_compare	chr22
all_switchflip_rate	0.05066239627311108	both	phased_hifiasm	T2T04_hifiasm_trio	whatshap_compare	chr22
blockwise_hamming	3399	both	phased_hifiasm	T2T04_hifiasm_trio	whatshap_compare	chr22
blockwise_hamming_rate	0.4947598253275109	both	phased_hifiasm	T2T04_hifiasm_trio	whatshap_compare	chr22
blockwise_diff_genotypes	0	both	phased_hifiasm	T2T04_hifiasm_trio	whatshap_compare	chr22
blockwise_diff_genotypes_rate	0	both	phased_hifiasm	T2T04_hifiasm_trio	whatshap_compare	chr22
largestblock_assessed_pairs	6869	both	phased_hifiasm	T2T04_hifiasm_trio	whatshap_compare	chr22
largestblock_switches	443	both	phased_hifiasm	T2T04_hifiasm_trio	whatshap_compare	chr22
largestblock_switch_rate	0.06449264812927646	both	phased_hifiasm	T2T04_hifiasm_trio	whatshap_compare	chr22
largestblock_switchflip_rate	0.05066239627311108	both	phased_hifiasm	T2T04_hifiasm_trio	whatshap_compare	chr22
largestblock_hamming	3399	both	phased_hifiasm	T2T04_hifiasm_trio	whatshap_compare	chr22
largestblock_hamming_rate	0.4947598253275109	both	phased_hifiasm	T2T04_hifiasm_trio	whatshap_compare	chr22
largestblock_diff_genotypes	0	both	phased_hifiasm	T2T04_hifiasm_trio	whatshap_compare	chr22
largestblock_diff_genotypes_rate	0	both	phased_hifiasm	T2T04_hifiasm_trio	whatshap_compare	chr22
het_variants0	44777	both	phased_hifiasm	T2T04_hifiasm_trio	whatshap_compare	chr22
only_snvs	0	both	phased_hifiasm	T2T04_hifiasm_trio	whatshap_compare	chr22
intersection_blocks	1	both	phased_hifiasm	T2T04_hifiasm_trio	whatshap_compare	chr3
covered_variants	29531	both	phased_hifiasm	T2T04_hifiasm_trio	whatshap_compare	chr3
all_assessed_pairs	29530	both	phased_hifiasm	T2T04_hifiasm_trio	whatshap_compare	chr3
all_switches	1508	both	phased_hifiasm	T2T04_hifiasm_trio	whatshap_compare	chr3
all_switch_rate	0.05106671181848967	both	phased_hifiasm	T2T04_hifiasm_trio	whatshap_compare	chr3
all_switchflip_rate	0.03928208601422282	both	phased_hifiasm	T2T04_hifiasm_trio	whatshap_compare	chr3
blockwise_hamming	13993	both	phased_hifiasm	T2T04_hifiasm_trio	whatshap_compare	chr3
blockwise_hamming_rate	0.47384104838982766	both	phased_hifiasm	T2T04_hifiasm_trio	whatshap_compare	chr3
blockwise_diff_genotypes	0	both	phased_hifiasm	T2T04_hifiasm_trio	whatshap_compare	chr3
blockwise_diff_genotypes_rate	0	both	phased_hifiasm	T2T04_hifiasm_trio	whatshap_compare	chr3
largestblock_assessed_pairs	29530	both	phased_hifiasm	T2T04_hifiasm_trio	whatshap_compare	chr3
largestblock_switches	1508	both	phased_hifiasm	T2T04_hifiasm_trio	whatshap_compare	chr3
largestblock_switch_rate	0.05106671181848967	both	phased_hifiasm	T2T04_hifiasm_trio	whatshap_compare	chr3
largestblock_switchflip_rate	0.03928208601422282	both	phased_hifiasm	T2T04_hifiasm_trio	whatshap_compare	chr3
largestblock_hamming	13993	both	phased_hifiasm	T2T04_hifiasm_trio	whatshap_compare	chr3
largestblock_hamming_rate	0.47384104838982766	both	phased_hifiasm	T2T04_hifiasm_trio	whatshap_compare	chr3
largestblock_diff_genotypes	0	both	phased_hifiasm	T2T04_hifiasm_trio	whatshap_compare	chr3
largestblock_diff_genotypes_rate	0	both	phased_hifiasm	T2T04_hifiasm_trio	whatshap_compare	chr3
het_variants0	110185	both	phased_hifiasm	T2T04_hifiasm_trio	whatshap_compare	chr3
only_snvs	0	both	phased_hifiasm	T2T04_hifiasm_trio	whatshap_compare	chr3
intersection_blocks	1	both	phased_hifiasm	T2T04_hifiasm_trio	whatshap_compare	chr4
covered_variants	28849	both	phased_hifiasm	T2T04_hifiasm_trio	whatshap_compare	chr4
all_assessed_pairs	28848	both	phased_hifiasm	T2T04_hifiasm_trio	whatshap_compare	chr4
all_switches	1457	both	phased_hifiasm	T2T04_hifiasm_trio	whatshap_compare	chr4
all_switch_rate	0.05050610094287298	both	phased_hifiasm	T2T04_hifiasm_trio	whatshap_compare	chr4
all_switchflip_rate	0.03920549084858569	both	phased_hifiasm	T2T04_hifiasm_trio	whatshap_compare	chr4
blockwise_hamming	14182	both	phased_hifiasm	T2T04_hifiasm_trio	whatshap_compare	chr4
blockwise_hamming_rate	0.49159416270927936	both	phased_hifiasm	T2T04_hifiasm_trio	whatshap_compare	chr4
blockwise_diff_genotypes	0	both	phased_hifiasm	T2T04_hifiasm_trio	whatshap_compare	chr4
blockwise_diff_genotypes_rate	0	both	phased_hifiasm	T2T04_hifiasm_trio	whatshap_compare	chr4
largestblock_assessed_pairs	28848	both	phased_hifiasm	T2T04_hifiasm_trio	whatshap_compare	chr4
largestblock_switches	1457	both	phased_hifiasm	T2T04_hifiasm_trio	whatshap_compare	chr4
largestblock_switch_rate	0.05050610094287298	both	phased_hifiasm	T2T04_hifiasm_trio	whatshap_compare	chr4
largestblock_switchflip_rate	0.03920549084858569	both	phased_hifiasm	T2T04_hifiasm_trio	whatshap_compare	chr4
largestblock_hamming	14182	both	phased_hifiasm	T2T04_hifiasm_trio	whatshap_compare	chr4
largestblock_hamming_rate	0.49159416270927936	both	phased_hifiasm	T2T04_hifiasm_trio	whatshap_compare	chr4
largestblock_diff_genotypes	0	both	phased_hifiasm	T2T04_hifiasm_trio	whatshap_compare	chr4
largestblock_diff_genotypes_rate	0	both	phased_hifiasm	T2T04_hifiasm_trio	whatshap_compare	chr4
het_variants0	113521	both	phased_hifiasm	T2T04_hifiasm_trio	whatshap_compare	chr4
only_snvs	0	both	phased_hifiasm	T2T04_hifiasm_trio	whatshap_compare	chr4
intersection_blocks	1	both	phased_hifiasm	T2T04_hifiasm_trio	whatshap_compare	chr5
covered_variants	27181	both	phased_hifiasm	T2T04_hifiasm_trio	whatshap_compare	chr5
all_assessed_pairs	27180	both	phased_hifiasm	T2T04_hifiasm_trio	whatshap_compare	chr5
all_switches	1403	both	phased_hifiasm	T2T04_hifiasm_trio	whatshap_compare	chr5
all_switch_rate	0.05161883738042678	both	phased_hifiasm	T2T04_hifiasm_trio	whatshap_compare	chr5
all_switchflip_rate	0.0401766004415011	both	phased_hifiasm	T2T04_hifiasm_trio	whatshap_compare	chr5
blockwise_hamming	13521	both	phased_hifiasm	T2T04_hifiasm_trio	whatshap_compare	chr5
blockwise_hamming_rate	0.497443066848166	both	phased_hifiasm	T2T04_hifiasm_trio	whatshap_compare	chr5
blockwise_diff_genotypes	0	both	phased_hifiasm	T2T04_hifiasm_trio	whatshap_compare	chr5
blockwise_diff_genotypes_rate	0	both	phased_hifiasm	T2T04_hifiasm_trio	whatshap_compare	chr5
largestblock_assessed_pairs	27180	both	phased_hifiasm	T2T04_hifiasm_trio	whatshap_compare	chr5
largestblock_switches	1403	both	phased_hifiasm	T2T04_hifiasm_trio	whatshap_compare	chr5
largestblock_switch_rate	0.05161883738042678	both	phased_hifiasm	T2T04_hifiasm_trio	whatshap_compare	chr5
largestblock_switchflip_rate	0.0401766004415011	both	phased_hifiasm	T2T04_hifiasm_trio	whatshap_compare	chr5
largestblock_hamming	13521	both	phased_hifiasm	T2T04_hifiasm_trio	whatshap_compare	chr5
largestblock_hamming_rate	0.497443066848166	both	phased_hifiasm	T2T04_hifiasm_trio	whatshap_compare	chr5
largestblock_diff_genotypes	0	both	phased_hifiasm	T2T04_hifiasm_trio	whatshap_compare	chr5
largestblock_diff_genotypes_rate	0	both	phased_hifiasm	T2T04_hifiasm_trio	whatshap_compare	chr5
het_variants0	98675	both	phased_hifiasm	T2T04_hifiasm_trio	whatshap_compare	chr5
only_snvs	0	both	phased_hifiasm	T2T04_hifiasm_trio	whatshap_compare	chr5
intersection_blocks	1	both	phased_hifiasm	T2T04_hifiasm_trio	whatshap_compare	chr6
covered_variants	24067	both	phased_hifiasm	T2T04_hifiasm_trio	whatshap_compare	chr6
all_assessed_pairs	24066	both	phased_hifiasm	T2T04_hifiasm_trio	whatshap_compare	chr6
all_switches	1268	both	phased_hifiasm	T2T04_hifiasm_trio	whatshap_compare	chr6
all_switch_rate	0.05268844012299509	both	phased_hifiasm	T2T04_hifiasm_trio	whatshap_compare	chr6
all_switchflip_rate	0.04155239757333998	both	phased_hifiasm	T2T04_hifiasm_trio	whatshap_compare	chr6
blockwise_hamming	11906	both	phased_hifiasm	T2T04_hifiasm_trio	whatshap_compare	chr6
blockwise_hamming_rate	0.4947022894419745	both	phased_hifiasm	T2T04_hifiasm_trio	whatshap_compare	chr6
blockwise_diff_genotypes	0	both	phased_hifiasm	T2T04_hifiasm_trio	whatshap_compare	chr6
blockwise_diff_genotypes_rate	0	both	phased_hifiasm	T2T04_hifiasm_trio	whatshap_compare	chr6
largestblock_assessed_pairs	24066	both	phased_hifiasm	T2T04_hifiasm_trio	whatshap_compare	chr6
largestblock_switches	1268	both	phased_hifiasm	T2T04_hifiasm_trio	whatshap_compare	chr6
largestblock_switch_rate	0.05268844012299509	both	phased_hifiasm	T2T04_hifiasm_trio	whatshap_compare	chr6
largestblock_switchflip_rate	0.04155239757333998	both	phased_hifiasm	T2T04_hifiasm_trio	whatshap_compare	chr6
largestblock_hamming	11906	both	phased_hifiasm	T2T04_hifiasm_trio	whatshap_compare	chr6
largestblock_hamming_rate	0.4947022894419745	both	phased_hifiasm	T2T04_hifiasm_trio	whatshap_compare	chr6
largestblock_diff_genotypes	0	both	phased_hifiasm	T2T04_hifiasm_trio	whatshap_compare	chr6
largestblock_diff_genotypes_rate	0	both	phased_hifiasm	T2T04_hifiasm_trio	whatshap_compare	chr6
het_variants0	88527	both	phased_hifiasm	T2T04_hifiasm_trio	whatshap_compare	chr6
only_snvs	0	both	phased_hifiasm	T2T04_hifiasm_trio	whatshap_compare	chr6
intersection_blocks	1	both	phased_hifiasm	T2T04_hifiasm_trio	whatshap_compare	chr7
covered_variants	25569	both	phased_hifiasm	T2T04_hifiasm_trio	whatshap_compare	chr7
all_assessed_pairs	25568	both	phased_hifiasm	T2T04_hifiasm_trio	whatshap_compare	chr7
all_switches	1315	both	phased_hifiasm	T2T04_hifiasm_trio	whatshap_compare	chr7
all_switch_rate	0.05143147684605757	both	phased_hifiasm	T2T04_hifiasm_trio	whatshap_compare	chr7
all_switchflip_rate	0.04028473091364205	both	phased_hifiasm	T2T04_hifiasm_trio	whatshap_compare	chr7
blockwise_hamming	11400	both	phased_hifiasm	T2T04_hifiasm_trio	whatshap_compare	chr7
blockwise_hamming_rate	0.4458523993898862	both	phased_hifiasm	T2T04_hifiasm_trio	whatshap_compare	chr7
blockwise_diff_genotypes	0	both	phased_hifiasm	T2T04_hifiasm_trio	whatshap_compare	chr7
blockwise_diff_genotypes_rate	0	both	phased_hifiasm	T2T04_hifiasm_trio	whatshap_compare	chr7
largestblock_assessed_pairs	25568	both	phased_hifiasm	T2T04_hifiasm_trio	whatshap_compare	chr7
largestblock_switches	1315	both	phased_hifiasm	T2T04_hifiasm_trio	whatshap_compare	chr7
largestblock_switch_rate	0.05143147684605757	both	phased_hifiasm	T2T04_hifiasm_trio	whatshap_compare	chr7
largestblock_switchflip_rate	0.04028473091364205	both	phased_hifiasm	T2T04_hifiasm_trio	whatshap_compare	chr7
largestblock_hamming	11400	both	phased_hifiasm	T2T04_hifiasm_trio	whatshap_compare	chr7
largestblock_hamming_rate	0.4458523993898862	both	phased_hifiasm	T2T04_hifiasm_trio	whatshap_compare	chr7
largestblock_diff_genotypes	0	both	phased_hifiasm	T2T04_hifiasm_trio	whatshap_compare	chr7
largestblock_diff_genotypes_rate	0	both	phased_hifiasm	T2T04_hifiasm_trio	whatshap_compare	chr7
het_variants0	93275	both	phased_hifiasm	T2T04_hifiasm_trio	whatshap_compare	chr7
only_snvs	0	both	phased_hifiasm	T2T04_hifiasm_trio	whatshap_compare	chr7
intersection_blocks	1	both	phased_hifiasm	T2T04_hifiasm_trio	whatshap_compare	chr8
covered_variants	23407	both	phased_hifiasm	T2T04_hifiasm_trio	whatshap_compare	chr8
all_assessed_pairs	23406	both	phased_hifiasm	T2T04_hifiasm_trio	whatshap_compare	chr8
all_switches	1232	both	phased_hifiasm	T2T04_hifiasm_trio	whatshap_compare	chr8
all_switch_rate	0.05263607621977271	both	phased_hifiasm	T2T04_hifiasm_trio	whatshap_compare	chr8
all_switchflip_rate	0.04041698709732547	both	phased_hifiasm	T2T04_hifiasm_trio	whatshap_compare	chr8
blockwise_hamming	10223	both	phased_hifiasm	T2T04_hifiasm_trio	whatshap_compare	chr8
blockwise_hamming_rate	0.43674969026359634	both	phased_hifiasm	T2T04_hifiasm_trio	whatshap_compare	chr8
blockwise_diff_genotypes	0	both	phased_hifiasm	T2T04_hifiasm_trio	whatshap_compare	chr8
blockwise_diff_genotypes_rate	0	both	phased_hifiasm	T2T04_hifiasm_trio	whatshap_compare	chr8
largestblock_assessed_pairs	23406	both	phased_hifiasm	T2T04_hifiasm_trio	whatshap_compare	chr8
largestblock_switches	1232	both	phased_hifiasm	T2T04_hifiasm_trio	whatshap_compare	chr8
largestblock_switch_rate	0.05263607621977271	both	phased_hifiasm	T2T04_hifiasm_trio	whatshap_compare	chr8
largestblock_switchflip_rate	0.04041698709732547	both	phased_hifiasm	T2T04_hifiasm_trio	whatshap_compare	chr8
largestblock_hamming	10223	both	phased_hifiasm	T2T04_hifiasm_trio	whatshap_compare	chr8
largestblock_hamming_rate	0.43674969026359634	both	phased_hifiasm	T2T04_hifiasm_trio	whatshap_compare	chr8
largestblock_diff_genotypes	0	both	phased_hifiasm	T2T04_hifiasm_trio	whatshap_compare	chr8
largestblock_diff_genotypes_rate	0	both	phased_hifiasm	T2T04_hifiasm_trio	whatshap_compare	chr8
het_variants0	82037	both	phased_hifiasm	T2T04_hifiasm_trio	whatshap_compare	chr8
only_snvs	0	both	phased_hifiasm	T2T04_hifiasm_trio	whatshap_compare	chr8
intersection_blocks	1	both	phased_hifiasm	T2T04_hifiasm_trio	whatshap_compare	chr9
covered_variants	18661	both	phased_hifiasm	T2T04_hifiasm_trio	whatshap_compare	chr9
all_assessed_pairs	18660	both	phased_hifiasm	T2T04_hifiasm_trio	whatshap_compare	chr9
all_switches	995	both	phased_hifiasm	T2T04_hifiasm_trio	whatshap_compare	chr9
all_switch_rate	0.05332261521972133	both	phased_hifiasm	T2T04_hifiasm_trio	whatshap_compare	chr9
all_switchflip_rate	0.0420150053590568	both	phased_hifiasm	T2T04_hifiasm_trio	whatshap_compare	chr9
blockwise_hamming	9116	both	phased_hifiasm	T2T04_hifiasm_trio	whatshap_compare	chr9
blockwise_hamming_rate	0.4885054391511709	both	phased_hifiasm	T2T04_hifiasm_trio	whatshap_compare	chr9
blockwise_diff_genotypes	0	both	phased_hifiasm	T2T04_hifiasm_trio	whatshap_compare	chr9
blockwise_diff_genotypes_rate	0	both	phased_hifiasm	T2T04_hifiasm_trio	whatshap_compare	chr9
largestblock_assessed_pairs	18660	both	phased_hifiasm	T2T04_hifiasm_trio	whatshap_compare	chr9
largestblock_switches	995	both	phased_hifiasm	T2T04_hifiasm_trio	whatshap_compare	chr9
largestblock_switch_rate	0.05332261521972133	both	phased_hifiasm	T2T04_hifiasm_trio	whatshap_compare	chr9
largestblock_switchflip_rate	0.0420150053590568	both	phased_hifiasm	T2T04_hifiasm_trio	whatshap_compare	chr9
largestblock_hamming	9116	both	phased_hifiasm	T2T04_hifiasm_trio	whatshap_compare	chr9
largestblock_hamming_rate	0.4885054391511709	both	phased_hifiasm	T2T04_hifiasm_trio	whatshap_compare	chr9
largestblock_diff_genotypes	0	both	phased_hifiasm	T2T04_hifiasm_trio	whatshap_compare	chr9
largestblock_diff_genotypes_rate	0	both	phased_hifiasm	T2T04_hifiasm_trio	whatshap_compare	chr9
het_variants0	72767	both	phased_hifiasm	T2T04_hifiasm_trio	whatshap_compare	chr9
only_snvs	0	both	phased_hifiasm	T2T04_hifiasm_trio	whatshap_compare	chr9
intersection_blocks	1	both	phased_hifiasm	T2T00_hifiasm_porec	whatshap_compare	chr1
covered_variants	31507	both	phased_hifiasm	T2T00_hifiasm_porec	whatshap_compare	chr1
all_assessed_pairs	31506	both	phased_hifiasm	T2T00_hifiasm_porec	whatshap_compare	chr1
all_switches	1791	both	phased_hifiasm	T2T00_hifiasm_porec	whatshap_compare	chr1
all_switch_rate	0.0568463149876214	both	phased_hifiasm	T2T00_hifiasm_porec	whatshap_compare	chr1
all_switchflip_rate	0.04389640068558369	both	phased_hifiasm	T2T00_hifiasm_porec	whatshap_compare	chr1
blockwise_hamming	15514	both	phased_hifiasm	T2T00_hifiasm_porec	whatshap_compare	chr1
blockwise_hamming_rate	0.4923985146157997	both	phased_hifiasm	T2T00_hifiasm_porec	whatshap_compare	chr1
blockwise_diff_genotypes	0	both	phased_hifiasm	T2T00_hifiasm_porec	whatshap_compare	chr1
blockwise_diff_genotypes_rate	0	both	phased_hifiasm	T2T00_hifiasm_porec	whatshap_compare	chr1
largestblock_assessed_pairs	31506	both	phased_hifiasm	T2T00_hifiasm_porec	whatshap_compare	chr1
largestblock_switches	1791	both	phased_hifiasm	T2T00_hifiasm_porec	whatshap_compare	chr1
largestblock_switch_rate	0.0568463149876214	both	phased_hifiasm	T2T00_hifiasm_porec	whatshap_compare	chr1
largestblock_switchflip_rate	0.04389640068558369	both	phased_hifiasm	T2T00_hifiasm_porec	whatshap_compare	chr1
largestblock_hamming	15514	both	phased_hifiasm	T2T00_hifiasm_porec	whatshap_compare	chr1
largestblock_hamming_rate	0.4923985146157997	both	phased_hifiasm	T2T00_hifiasm_porec	whatshap_compare	chr1
largestblock_diff_genotypes	0	both	phased_hifiasm	T2T00_hifiasm_porec	whatshap_compare	chr1
largestblock_diff_genotypes_rate	0	both	phased_hifiasm	T2T00_hifiasm_porec	whatshap_compare	chr1
het_variants0	132544	both	phased_hifiasm	T2T00_hifiasm_porec	whatshap_compare	chr1
only_snvs	0	both	phased_hifiasm	T2T00_hifiasm_porec	whatshap_compare	chr1
intersection_blocks	1	both	phased_hifiasm	T2T00_hifiasm_porec	whatshap_compare	chr10
covered_variants	21471	both	phased_hifiasm	T2T00_hifiasm_porec	whatshap_compare	chr10
all_assessed_pairs	21470	both	phased_hifiasm	T2T00_hifiasm_porec	whatshap_compare	chr10
all_switches	1237	both	phased_hifiasm	T2T00_hifiasm_porec	whatshap_compare	chr10
all_switch_rate	0.0576152771308803	both	phased_hifiasm	T2T00_hifiasm_porec	whatshap_compare	chr10
all_switchflip_rate	0.04462040055891942	both	phased_hifiasm	T2T00_hifiasm_porec	whatshap_compare	chr10
blockwise_hamming	9879	both	phased_hifiasm	T2T00_hifiasm_porec	whatshap_compare	chr10
blockwise_hamming_rate	0.4601089842112618	both	phased_hifiasm	T2T00_hifiasm_porec	whatshap_compare	chr10
blockwise_diff_genotypes	0	both	phased_hifiasm	T2T00_hifiasm_porec	whatshap_compare	chr10
blockwise_diff_genotypes_rate	0	both	phased_hifiasm	T2T00_hifiasm_porec	whatshap_compare	chr10
largestblock_assessed_pairs	21470	both	phased_hifiasm	T2T00_hifiasm_porec	whatshap_compare	chr10
largestblock_switches	1237	both	phased_hifiasm	T2T00_hifiasm_porec	whatshap_compare	chr10
largestblock_switch_rate	0.0576152771308803	both	phased_hifiasm	T2T00_hifiasm_porec	whatshap_compare	chr10
largestblock_switchflip_rate	0.04462040055891942	both	phased_hifiasm	T2T00_hifiasm_porec	whatshap_compare	chr10
largestblock_hamming	9879	both	phased_hifiasm	T2T00_hifiasm_porec	whatshap_compare	chr10
largestblock_hamming_rate	0.4601089842112618	both	phased_hifiasm	T2T00_hifiasm_porec	whatshap_compare	chr10
largestblock_diff_genotypes	0	both	phased_hifiasm	T2T00_hifiasm_porec	whatshap_compare	chr10
largestblock_diff_genotypes_rate	0	both	phased_hifiasm	T2T00_hifiasm_porec	whatshap_compare	chr10
het_variants0	73634	both	phased_hifiasm	T2T00_hifiasm_porec	whatshap_compare	chr10
only_snvs	0	both	phased_hifiasm	T2T00_hifiasm_porec	whatshap_compare	chr10
intersection_blocks	1	both	phased_hifiasm	T2T00_hifiasm_porec	whatshap_compare	chr11
covered_variants	18820	both	phased_hifiasm	T2T00_hifiasm_porec	whatshap_compare	chr11
all_assessed_pairs	18819	both	phased_hifiasm	T2T00_hifiasm_porec	whatshap_compare	chr11
all_switches	1092	both	phased_hifiasm	T2T00_hifiasm_porec	whatshap_compare	chr11
all_switch_rate	0.05802646261756735	both	phased_hifiasm	T2T00_hifiasm_porec	whatshap_compare	chr11
all_switchflip_rate	0.04527339391040969	both	phased_hifiasm	T2T00_hifiasm_porec	whatshap_compare	chr11
blockwise_hamming	9155	both	phased_hifiasm	T2T00_hifiasm_porec	whatshap_compare	chr11
blockwise_hamming_rate	0.4864505844845909	both	phased_hifiasm	T2T00_hifiasm_porec	whatshap_compare	chr11
blockwise_diff_genotypes	0	both	phased_hifiasm	T2T00_hifiasm_porec	whatshap_compare	chr11
blockwise_diff_genotypes_rate	0	both	phased_hifiasm	T2T00_hifiasm_porec	whatshap_compare	chr11
largestblock_assessed_pairs	18819	both	phased_hifiasm	T2T00_hifiasm_porec	whatshap_compare	chr11
largestblock_switches	1092	both	phased_hifiasm	T2T00_hifiasm_porec	whatshap_compare	chr11
largestblock_switch_rate	0.05802646261756735	both	phased_hifiasm	T2T00_hifiasm_porec	whatshap_compare	chr11
largestblock_switchflip_rate	0.04527339391040969	both	phased_hifiasm	T2T00_hifiasm_porec	whatshap_compare	chr11
largestblock_hamming	9155	both	phased_hifiasm	T2T00_hifiasm_porec	whatshap_compare	chr11
largestblock_hamming_rate	0.4864505844845909	both	phased_hifiasm	T2T00_hifiasm_porec	whatshap_compare	chr11
largestblock_diff_genotypes	0	both	phased_hifiasm	T2T00_hifiasm_porec	whatshap_compare	chr11
largestblock_diff_genotypes_rate	0	both	phased_hifiasm	T2T00_hifiasm_porec	whatshap_compare	chr11
het_variants0	67923	both	phased_hifiasm	T2T00_hifiasm_porec	whatshap_compare	chr11
only_snvs	0	both	phased_hifiasm	T2T00_hifiasm_porec	whatshap_compare	chr11
intersection_blocks	1	both	phased_hifiasm	T2T00_hifiasm_porec	whatshap_compare	chr12
covered_variants	18285	both	phased_hifiasm	T2T00_hifiasm_porec	whatshap_compare	chr12
all_assessed_pairs	18284	both	phased_hifiasm	T2T00_hifiasm_porec	whatshap_compare	chr12
all_switches	1131	both	phased_hifiasm	T2T00_hifiasm_porec	whatshap_compare	chr12
all_switch_rate	0.06185736162765259	both	phased_hifiasm	T2T00_hifiasm_porec	whatshap_compare	chr12
all_switchflip_rate	0.04736381535768978	both	phased_hifiasm	T2T00_hifiasm_porec	whatshap_compare	chr12
blockwise_hamming	8456	both	phased_hifiasm	T2T00_hifiasm_porec	whatshap_compare	chr12
blockwise_hamming_rate	0.4624555646704949	both	phased_hifiasm	T2T00_hifiasm_porec	whatshap_compare	chr12
blockwise_diff_genotypes	0	both	phased_hifiasm	T2T00_hifiasm_porec	whatshap_compare	chr12
blockwise_diff_genotypes_rate	0	both	phased_hifiasm	T2T00_hifiasm_porec	whatshap_compare	chr12
largestblock_assessed_pairs	18284	both	phased_hifiasm	T2T00_hifiasm_porec	whatshap_compare	chr12
largestblock_switches	1131	both	phased_hifiasm	T2T00_hifiasm_porec	whatshap_compare	chr12
largestblock_switch_rate	0.06185736162765259	both	phased_hifiasm	T2T00_hifiasm_porec	whatshap_compare	chr12
largestblock_switchflip_rate	0.04736381535768978	both	phased_hifiasm	T2T00_hifiasm_porec	whatshap_compare	chr12
largestblock_hamming	8456	both	phased_hifiasm	T2T00_hifiasm_porec	whatshap_compare	chr12
largestblock_hamming_rate	0.4624555646704949	both	phased_hifiasm	T2T00_hifiasm_porec	whatshap_compare	chr12
largestblock_diff_genotypes	0	both	phased_hifiasm	T2T00_hifiasm_porec	whatshap_compare	chr12
largestblock_diff_genotypes_rate	0	both	phased_hifiasm	T2T00_hifiasm_porec	whatshap_compare	chr12
het_variants0	68096	both	phased_hifiasm	T2T00_hifiasm_porec	whatshap_compare	chr12
only_snvs	0	both	phased_hifiasm	T2T00_hifiasm_porec	whatshap_compare	chr12
intersection_blocks	1	both	phased_hifiasm	T2T00_hifiasm_porec	whatshap_compare	chr13
covered_variants	14847	both	phased_hifiasm	T2T00_hifiasm_porec	whatshap_compare	chr13
all_assessed_pairs	14846	both	phased_hifiasm	T2T00_hifiasm_porec	whatshap_compare	chr13
all_switches	781	both	phased_hifiasm	T2T00_hifiasm_porec	whatshap_compare	chr13
all_switch_rate	0.05260676276438098	both	phased_hifiasm	T2T00_hifiasm_porec	whatshap_compare	chr13
all_switchflip_rate	0.04048228479051596	both	phased_hifiasm	T2T00_hifiasm_porec	whatshap_compare	chr13
blockwise_hamming	6989	both	phased_hifiasm	T2T00_hifiasm_porec	whatshap_compare	chr13
blockwise_hamming_rate	0.4707348285848993	both	phased_hifiasm	T2T00_hifiasm_porec	whatshap_compare	chr13
blockwise_diff_genotypes	0	both	phased_hifiasm	T2T00_hifiasm_porec	whatshap_compare	chr13
blockwise_diff_genotypes_rate	0	both	phased_hifiasm	T2T00_hifiasm_porec	whatshap_compare	chr13
largestblock_assessed_pairs	14846	both	phased_hifiasm	T2T00_hifiasm_porec	whatshap_compare	chr13
largestblock_switches	781	both	phased_hifiasm	T2T00_hifiasm_porec	whatshap_compare	chr13
largestblock_switch_rate	0.05260676276438098	both	phased_hifiasm	T2T00_hifiasm_porec	whatshap_compare	chr13
largestblock_switchflip_rate	0.04048228479051596	both	phased_hifiasm	T2T00_hifiasm_porec	whatshap_compare	chr13
largestblock_hamming	6989	both	phased_hifiasm	T2T00_hifiasm_porec	whatshap_compare	chr13
largestblock_hamming_rate	0.4707348285848993	both	phased_hifiasm	T2T00_hifiasm_porec	whatshap_compare	chr13
largestblock_diff_genotypes	0	both	phased_hifiasm	T2T00_hifiasm_porec	whatshap_compare	chr13
largestblock_diff_genotypes_rate	0	both	phased_hifiasm	T2T00_hifiasm_porec	whatshap_compare	chr13
het_variants0	53292	both	phased_hifiasm	T2T00_hifiasm_porec	whatshap_compare	chr13
only_snvs	0	both	phased_hifiasm	T2T00_hifiasm_porec	whatshap_compare	chr13
intersection_blocks	1	both	phased_hifiasm	T2T00_hifiasm_porec	whatshap_compare	chr14
covered_variants	13292	both	phased_hifiasm	T2T00_hifiasm_porec	whatshap_compare	chr14
all_assessed_pairs	13291	both	phased_hifiasm	T2T00_hifiasm_porec	whatshap_compare	chr14
all_switches	769	both	phased_hifiasm	T2T00_hifiasm_porec	whatshap_compare	chr14
all_switch_rate	0.05785870137687157	both	phased_hifiasm	T2T00_hifiasm_porec	whatshap_compare	chr14
all_switchflip_rate	0.04506809118952674	both	phased_hifiasm	T2T00_hifiasm_porec	whatshap_compare	chr14
blockwise_hamming	6170	both	phased_hifiasm	T2T00_hifiasm_porec	whatshap_compare	chr14
blockwise_hamming_rate	0.4641889858561541	both	phased_hifiasm	T2T00_hifiasm_porec	whatshap_compare	chr14
blockwise_diff_genotypes	0	both	phased_hifiasm	T2T00_hifiasm_porec	whatshap_compare	chr14
blockwise_diff_genotypes_rate	0	both	phased_hifiasm	T2T00_hifiasm_porec	whatshap_compare	chr14
largestblock_assessed_pairs	13291	both	phased_hifiasm	T2T00_hifiasm_porec	whatshap_compare	chr14
largestblock_switches	769	both	phased_hifiasm	T2T00_hifiasm_porec	whatshap_compare	chr14
largestblock_switch_rate	0.05785870137687157	both	phased_hifiasm	T2T00_hifiasm_porec	whatshap_compare	chr14
largestblock_switchflip_rate	0.04506809118952674	both	phased_hifiasm	T2T00_hifiasm_porec	whatshap_compare	chr14
largestblock_hamming	6170	both	phased_hifiasm	T2T00_hifiasm_porec	whatshap_compare	chr14
largestblock_hamming_rate	0.4641889858561541	both	phased_hifiasm	T2T00_hifiasm_porec	whatshap_compare	chr14
largestblock_diff_genotypes	0	both	phased_hifiasm	T2T00_hifiasm_porec	whatshap_compare	chr14
largestblock_diff_genotypes_rate	0	both	phased_hifiasm	T2T00_hifiasm_porec	whatshap_compare	chr14
het_variants0	79921	both	phased_hifiasm	T2T00_hifiasm_porec	whatshap_compare	chr14
only_snvs	0	both	phased_hifiasm	T2T00_hifiasm_porec	whatshap_compare	chr14
intersection_blocks	1	both	phased_hifiasm	T2T00_hifiasm_porec	whatshap_compare	chr15
covered_variants	12225	both	phased_hifiasm	T2T00_hifiasm_porec	whatshap_compare	chr15
all_assessed_pairs	12224	both	phased_hifiasm	T2T00_hifiasm_porec	whatshap_compare	chr15
all_switches	751	both	phased_hifiasm	T2T00_hifiasm_porec	whatshap_compare	chr15
all_switch_rate	0.06143651832460733	both	phased_hifiasm	T2T00_hifiasm_porec	whatshap_compare	chr15
all_switchflip_rate	0.0456479057591623	both	phased_hifiasm	T2T00_hifiasm_porec	whatshap_compare	chr15
blockwise_hamming	6027	both	phased_hifiasm	T2T00_hifiasm_porec	whatshap_compare	chr15
blockwise_hamming_rate	0.4930061349693251	both	phased_hifiasm	T2T00_hifiasm_porec	whatshap_compare	chr15
blockwise_diff_genotypes	0	both	phased_hifiasm	T2T00_hifiasm_porec	whatshap_compare	chr15
blockwise_diff_genotypes_rate	0	both	phased_hifiasm	T2T00_hifiasm_porec	whatshap_compare	chr15
largestblock_assessed_pairs	12224	both	phased_hifiasm	T2T00_hifiasm_porec	whatshap_compare	chr15
largestblock_switches	751	both	phased_hifiasm	T2T00_hifiasm_porec	whatshap_compare	chr15
largestblock_switch_rate	0.06143651832460733	both	phased_hifiasm	T2T00_hifiasm_porec	whatshap_compare	chr15
largestblock_switchflip_rate	0.0456479057591623	both	phased_hifiasm	T2T00_hifiasm_porec	whatshap_compare	chr15
largestblock_hamming	6027	both	phased_hifiasm	T2T00_hifiasm_porec	whatshap_compare	chr15
largestblock_hamming_rate	0.4930061349693251	both	phased_hifiasm	T2T00_hifiasm_porec	whatshap_compare	chr15
largestblock_diff_genotypes	0	both	phased_hifiasm	T2T00_hifiasm_porec	whatshap_compare	chr15
largestblock_diff_genotypes_rate	0	both	phased_hifiasm	T2T00_hifiasm_porec	whatshap_compare	chr15
het_variants0	74124	both	phased_hifiasm	T2T00_hifiasm_porec	whatshap_compare	chr15
only_snvs	0	both	phased_hifiasm	T2T00_hifiasm_porec	whatshap_compare	chr15
intersection_blocks	1	both	phased_hifiasm	T2T00_hifiasm_porec	whatshap_compare	chr16
covered_variants	13025	both	phased_hifiasm	T2T00_hifiasm_porec	whatshap_compare	chr16
all_assessed_pairs	13024	both	phased_hifiasm	T2T00_hifiasm_porec	whatshap_compare	chr16
all_switches	869	both	phased_hifiasm	T2T00_hifiasm_porec	whatshap_compare	chr16
all_switch_rate	0.06672297297297297	both	phased_hifiasm	T2T00_hifiasm_porec	whatshap_compare	chr16
all_switchflip_rate	0.05198095823095823	both	phased_hifiasm	T2T00_hifiasm_porec	whatshap_compare	chr16
blockwise_hamming	6416	both	phased_hifiasm	T2T00_hifiasm_porec	whatshap_compare	chr16
blockwise_hamming_rate	0.4925911708253359	both	phased_hifiasm	T2T00_hifiasm_porec	whatshap_compare	chr16
blockwise_diff_genotypes	0	both	phased_hifiasm	T2T00_hifiasm_porec	whatshap_compare	chr16
blockwise_diff_genotypes_rate	0	both	phased_hifiasm	T2T00_hifiasm_porec	whatshap_compare	chr16
largestblock_assessed_pairs	13024	both	phased_hifiasm	T2T00_hifiasm_porec	whatshap_compare	chr16
largestblock_switches	869	both	phased_hifiasm	T2T00_hifiasm_porec	whatshap_compare	chr16
largestblock_switch_rate	0.06672297297297297	both	phased_hifiasm	T2T00_hifiasm_porec	whatshap_compare	chr16
largestblock_switchflip_rate	0.05198095823095823	both	phased_hifiasm	T2T00_hifiasm_porec	whatshap_compare	chr16
largestblock_hamming	6416	both	phased_hifiasm	T2T00_hifiasm_porec	whatshap_compare	chr16
largestblock_hamming_rate	0.4925911708253359	both	phased_hifiasm	T2T00_hifiasm_porec	whatshap_compare	chr16
largestblock_diff_genotypes	0	both	phased_hifiasm	T2T00_hifiasm_porec	whatshap_compare	chr16
largestblock_diff_genotypes_rate	0	both	phased_hifiasm	T2T00_hifiasm_porec	whatshap_compare	chr16
het_variants0	55370	both	phased_hifiasm	T2T00_hifiasm_porec	whatshap_compare	chr16
only_snvs	0	both	phased_hifiasm	T2T00_hifiasm_porec	whatshap_compare	chr16
intersection_blocks	1	both	phased_hifiasm	T2T00_hifiasm_porec	whatshap_compare	chr17
covered_variants	11746	both	phased_hifiasm	T2T00_hifiasm_porec	whatshap_compare	chr17
all_assessed_pairs	11745	both	phased_hifiasm	T2T00_hifiasm_porec	whatshap_compare	chr17
all_switches	747	both	phased_hifiasm	T2T00_hifiasm_porec	whatshap_compare	chr17
all_switch_rate	0.06360153256704981	both	phased_hifiasm	T2T00_hifiasm_porec	whatshap_compare	chr17
all_switchflip_rate	0.05014899957428693	both	phased_hifiasm	T2T00_hifiasm_porec	whatshap_compare	chr17
blockwise_hamming	5029	both	phased_hifiasm	T2T00_hifiasm_porec	whatshap_compare	chr17
blockwise_hamming_rate	0.42814575174527497	both	phased_hifiasm	T2T00_hifiasm_porec	whatshap_compare	chr17
blockwise_diff_genotypes	0	both	phased_hifiasm	T2T00_hifiasm_porec	whatshap_compare	chr17
blockwise_diff_genotypes_rate	0	both	phased_hifiasm	T2T00_hifiasm_porec	whatshap_compare	chr17
largestblock_assessed_pairs	11745	both	phased_hifiasm	T2T00_hifiasm_porec	whatshap_compare	chr17
largestblock_switches	747	both	phased_hifiasm	T2T00_hifiasm_porec	whatshap_compare	chr17
largestblock_switch_rate	0.06360153256704981	both	phased_hifiasm	T2T00_hifiasm_porec	whatshap_compare	chr17
largestblock_switchflip_rate	0.05014899957428693	both	phased_hifiasm	T2T00_hifiasm_porec	whatshap_compare	chr17
largestblock_hamming	5029	both	phased_hifiasm	T2T00_hifiasm_porec	whatshap_compare	chr17
largestblock_hamming_rate	0.42814575174527497	both	phased_hifiasm	T2T00_hifiasm_porec	whatshap_compare	chr17
largestblock_diff_genotypes	0	both	phased_hifiasm	T2T00_hifiasm_porec	whatshap_compare	chr17
largestblock_diff_genotypes_rate	0	both	phased_hifiasm	T2T00_hifiasm_porec	whatshap_compare	chr17
het_variants0	44331	both	phased_hifiasm	T2T00_hifiasm_porec	whatshap_compare	chr17
only_snvs	0	both	phased_hifiasm	T2T00_hifiasm_porec	whatshap_compare	chr17
intersection_blocks	1	both	phased_hifiasm	T2T00_hifiasm_porec	whatshap_compare	chr18
covered_variants	10712	both	phased_hifiasm	T2T00_hifiasm_porec	whatshap_compare	chr18
all_assessed_pairs	10711	both	phased_hifiasm	T2T00_hifiasm_porec	whatshap_compare	chr18
all_switches	728	both	phased_hifiasm	T2T00_hifiasm_porec	whatshap_compare	chr18
all_switch_rate	0.06796751003641116	both	phased_hifiasm	T2T00_hifiasm_porec	whatshap_compare	chr18
all_switchflip_rate	0.05330968163570161	both	phased_hifiasm	T2T00_hifiasm_porec	whatshap_compare	chr18
blockwise_hamming	5000	both	phased_hifiasm	T2T00_hifiasm_porec	whatshap_compare	chr18
blockwise_hamming_rate	0.46676624346527257	both	phased_hifiasm	T2T00_hifiasm_porec	whatshap_compare	chr18
blockwise_diff_genotypes	0	both	phased_hifiasm	T2T00_hifiasm_porec	whatshap_compare	chr18
blockwise_diff_genotypes_rate	0	both	phased_hifiasm	T2T00_hifiasm_porec	whatshap_compare	chr18
largestblock_assessed_pairs	10711	both	phased_hifiasm	T2T00_hifiasm_porec	whatshap_compare	chr18
largestblock_switches	728	both	phased_hifiasm	T2T00_hifiasm_porec	whatshap_compare	chr18
largestblock_switch_rate	0.06796751003641116	both	phased_hifiasm	T2T00_hifiasm_porec	whatshap_compare	chr18
largestblock_switchflip_rate	0.05330968163570161	both	phased_hifiasm	T2T00_hifiasm_porec	whatshap_compare	chr18
largestblock_hamming	5000	both	phased_hifiasm	T2T00_hifiasm_porec	whatshap_compare	chr18
largestblock_hamming_rate	0.46676624346527257	both	phased_hifiasm	T2T00_hifiasm_porec	whatshap_compare	chr18
largestblock_diff_genotypes	0	both	phased_hifiasm	T2T00_hifiasm_porec	whatshap_compare	chr18
largestblock_diff_genotypes_rate	0	both	phased_hifiasm	T2T00_hifiasm_porec	whatshap_compare	chr18
het_variants0	40782	both	phased_hifiasm	T2T00_hifiasm_porec	whatshap_compare	chr18
only_snvs	0	both	phased_hifiasm	T2T00_hifiasm_porec	whatshap_compare	chr18
intersection_blocks	1	both	phased_hifiasm	T2T00_hifiasm_porec	whatshap_compare	chr19
covered_variants	7253	both	phased_hifiasm	T2T00_hifiasm_porec	whatshap_compare	chr19
all_assessed_pairs	7252	both	phased_hifiasm	T2T00_hifiasm_porec	whatshap_compare	chr19
all_switches	666	both	phased_hifiasm	T2T00_hifiasm_porec	whatshap_compare	chr19
all_switch_rate	0.09183673469387756	both	phased_hifiasm	T2T00_hifiasm_porec	whatshap_compare	chr19
all_switchflip_rate	0.0694980694980695	both	phased_hifiasm	T2T00_hifiasm_porec	whatshap_compare	chr19
blockwise_hamming	3606	both	phased_hifiasm	T2T00_hifiasm_porec	whatshap_compare	chr19
blockwise_hamming_rate	0.4971735833448228	both	phased_hifiasm	T2T00_hifiasm_porec	whatshap_compare	chr19
blockwise_diff_genotypes	0	both	phased_hifiasm	T2T00_hifiasm_porec	whatshap_compare	chr19
blockwise_diff_genotypes_rate	0	both	phased_hifiasm	T2T00_hifiasm_porec	whatshap_compare	chr19
largestblock_assessed_pairs	7252	both	phased_hifiasm	T2T00_hifiasm_porec	whatshap_compare	chr19
largestblock_switches	666	both	phased_hifiasm	T2T00_hifiasm_porec	whatshap_compare	chr19
largestblock_switch_rate	0.09183673469387756	both	phased_hifiasm	T2T00_hifiasm_porec	whatshap_compare	chr19
largestblock_switchflip_rate	0.0694980694980695	both	phased_hifiasm	T2T00_hifiasm_porec	whatshap_compare	chr19
largestblock_hamming	3606	both	phased_hifiasm	T2T00_hifiasm_porec	whatshap_compare	chr19
largestblock_hamming_rate	0.4971735833448228	both	phased_hifiasm	T2T00_hifiasm_porec	whatshap_compare	chr19
largestblock_diff_genotypes	0	both	phased_hifiasm	T2T00_hifiasm_porec	whatshap_compare	chr19
largestblock_diff_genotypes_rate	0	both	phased_hifiasm	T2T00_hifiasm_porec	whatshap_compare	chr19
het_variants0	35433	both	phased_hifiasm	T2T00_hifiasm_porec	whatshap_compare	chr19
only_snvs	0	both	phased_hifiasm	T2T00_hifiasm_porec	whatshap_compare	chr19
intersection_blocks	1	both	phased_hifiasm	T2T00_hifiasm_porec	whatshap_compare	chr2
covered_variants	33566	both	phased_hifiasm	T2T00_hifiasm_porec	whatshap_compare	chr2
all_assessed_pairs	33565	both	phased_hifiasm	T2T00_hifiasm_porec	whatshap_compare	chr2
all_switches	1899	both	phased_hifiasm	T2T00_hifiasm_porec	whatshap_compare	chr2
all_switch_rate	0.05657679130046179	both	phased_hifiasm	T2T00_hifiasm_porec	whatshap_compare	chr2
all_switchflip_rate	0.04427230746313124	both	phased_hifiasm	T2T00_hifiasm_porec	whatshap_compare	chr2
blockwise_hamming	16751	both	phased_hifiasm	T2T00_hifiasm_porec	whatshap_compare	chr2
blockwise_hamming_rate	0.49904665435261875	both	phased_hifiasm	T2T00_hifiasm_porec	whatshap_compare	chr2
blockwise_diff_genotypes	0	both	phased_hifiasm	T2T00_hifiasm_porec	whatshap_compare	chr2
blockwise_diff_genotypes_rate	0	both	phased_hifiasm	T2T00_hifiasm_porec	whatshap_compare	chr2
largestblock_assessed_pairs	33565	both	phased_hifiasm	T2T00_hifiasm_porec	whatshap_compare	chr2
largestblock_switches	1899	both	phased_hifiasm	T2T00_hifiasm_porec	whatshap_compare	chr2
largestblock_switch_rate	0.05657679130046179	both	phased_hifiasm	T2T00_hifiasm_porec	whatshap_compare	chr2
largestblock_switchflip_rate	0.04427230746313124	both	phased_hifiasm	T2T00_hifiasm_porec	whatshap_compare	chr2
largestblock_hamming	16751	both	phased_hifiasm	T2T00_hifiasm_porec	whatshap_compare	chr2
largestblock_hamming_rate	0.49904665435261875	both	phased_hifiasm	T2T00_hifiasm_porec	whatshap_compare	chr2
largestblock_diff_genotypes	0	both	phased_hifiasm	T2T00_hifiasm_porec	whatshap_compare	chr2
largestblock_diff_genotypes_rate	0	both	phased_hifiasm	T2T00_hifiasm_porec	whatshap_compare	chr2
het_variants0	110375	both	phased_hifiasm	T2T00_hifiasm_porec	whatshap_compare	chr2
only_snvs	0	both	phased_hifiasm	T2T00_hifiasm_porec	whatshap_compare	chr2
intersection_blocks	1	both	phased_hifiasm	T2T00_hifiasm_porec	whatshap_compare	chr20
covered_variants	8721	both	phased_hifiasm	T2T00_hifiasm_porec	whatshap_compare	chr20
all_assessed_pairs	8720	both	phased_hifiasm	T2T00_hifiasm_porec	whatshap_compare	chr20
all_switches	619	both	phased_hifiasm	T2T00_hifiasm_porec	whatshap_compare	chr20
all_switch_rate	0.07098623853211009	both	phased_hifiasm	T2T00_hifiasm_porec	whatshap_compare	chr20
all_switchflip_rate	0.055733944954128443	both	phased_hifiasm	T2T00_hifiasm_porec	whatshap_compare	chr20
blockwise_hamming	4185	both	phased_hifiasm	T2T00_hifiasm_porec	whatshap_compare	chr20
blockwise_hamming_rate	0.47987616099071206	both	phased_hifiasm	T2T00_hifiasm_porec	whatshap_compare	chr20
blockwise_diff_genotypes	0	both	phased_hifiasm	T2T00_hifiasm_porec	whatshap_compare	chr20
blockwise_diff_genotypes_rate	0	both	phased_hifiasm	T2T00_hifiasm_porec	whatshap_compare	chr20
largestblock_assessed_pairs	8720	both	phased_hifiasm	T2T00_hifiasm_porec	whatshap_compare	chr20
largestblock_switches	619	both	phased_hifiasm	T2T00_hifiasm_porec	whatshap_compare	chr20
largestblock_switch_rate	0.07098623853211009	both	phased_hifiasm	T2T00_hifiasm_porec	whatshap_compare	chr20
largestblock_switchflip_rate	0.055733944954128443	both	phased_hifiasm	T2T00_hifiasm_porec	whatshap_compare	chr20
largestblock_hamming	4185	both	phased_hifiasm	T2T00_hifiasm_porec	whatshap_compare	chr20
largestblock_hamming_rate	0.47987616099071206	both	phased_hifiasm	T2T00_hifiasm_porec	whatshap_compare	chr20
largestblock_diff_genotypes	0	both	phased_hifiasm	T2T00_hifiasm_porec	whatshap_compare	chr20
largestblock_diff_genotypes_rate	0	both	phased_hifiasm	T2T00_hifiasm_porec	whatshap_compare	chr20
het_variants0	40004	both	phased_hifiasm	T2T00_hifiasm_porec	whatshap_compare	chr20
only_snvs	0	both	phased_hifiasm	T2T00_hifiasm_porec	whatshap_compare	chr20
intersection_blocks	1	both	phased_hifiasm	T2T00_hifiasm_porec	whatshap_compare	chr21
covered_variants	6147	both	phased_hifiasm	T2T00_hifiasm_porec	whatshap_compare	chr21
all_assessed_pairs	6146	both	phased_hifiasm	T2T00_hifiasm_porec	whatshap_compare	chr21
all_switches	368	both	phased_hifiasm	T2T00_hifiasm_porec	whatshap_compare	chr21
all_switch_rate	0.05987634233647901	both	phased_hifiasm	T2T00_hifiasm_porec	whatshap_compare	chr21
all_switchflip_rate	0.04588350146436706	both	phased_hifiasm	T2T00_hifiasm_porec	whatshap_compare	chr21
blockwise_hamming	2958	both	phased_hifiasm	T2T00_hifiasm_porec	whatshap_compare	chr21
blockwise_hamming_rate	0.48121034651049294	both	phased_hifiasm	T2T00_hifiasm_porec	whatshap_compare	chr21
blockwise_diff_genotypes	0	both	phased_hifiasm	T2T00_hifiasm_porec	whatshap_compare	chr21
blockwise_diff_genotypes_rate	0	both	phased_hifiasm	T2T00_hifiasm_porec	whatshap_compare	chr21
largestblock_assessed_pairs	6146	both	phased_hifiasm	T2T00_hifiasm_porec	whatshap_compare	chr21
largestblock_switches	368	both	phased_hifiasm	T2T00_hifiasm_porec	whatshap_compare	chr21
largestblock_switch_rate	0.05987634233647901	both	phased_hifiasm	T2T00_hifiasm_porec	whatshap_compare	chr21
largestblock_switchflip_rate	0.04588350146436706	both	phased_hifiasm	T2T00_hifiasm_porec	whatshap_compare	chr21
largestblock_hamming	2958	both	phased_hifiasm	T2T00_hifiasm_porec	whatshap_compare	chr21
largestblock_hamming_rate	0.48121034651049294	both	phased_hifiasm	T2T00_hifiasm_porec	whatshap_compare	chr21
largestblock_diff_genotypes	0	both	phased_hifiasm	T2T00_hifiasm_porec	whatshap_compare	chr21
largestblock_diff_genotypes_rate	0	both	phased_hifiasm	T2T00_hifiasm_porec	whatshap_compare	chr21
het_variants0	30298	both	phased_hifiasm	T2T00_hifiasm_porec	whatshap_compare	chr21
only_snvs	0	both	phased_hifiasm	T2T00_hifiasm_porec	whatshap_compare	chr21
intersection_blocks	1	both	phased_hifiasm	T2T00_hifiasm_porec	whatshap_compare	chr22
covered_variants	6646	both	phased_hifiasm	T2T00_hifiasm_porec	whatshap_compare	chr22
all_assessed_pairs	6645	both	phased_hifiasm	T2T00_hifiasm_porec	whatshap_compare	chr22
all_switches	446	both	phased_hifiasm	T2T00_hifiasm_porec	whatshap_compare	chr22
all_switch_rate	0.06711813393528969	both	phased_hifiasm	T2T00_hifiasm_porec	whatshap_compare	chr22
all_switchflip_rate	0.05161775771256584	both	phased_hifiasm	T2T00_hifiasm_porec	whatshap_compare	chr22
blockwise_hamming	3099	both	phased_hifiasm	T2T00_hifiasm_porec	whatshap_compare	chr22
blockwise_hamming_rate	0.4662955160999097	both	phased_hifiasm	T2T00_hifiasm_porec	whatshap_compare	chr22
blockwise_diff_genotypes	0	both	phased_hifiasm	T2T00_hifiasm_porec	whatshap_compare	chr22
blockwise_diff_genotypes_rate	0	both	phased_hifiasm	T2T00_hifiasm_porec	whatshap_compare	chr22
largestblock_assessed_pairs	6645	both	phased_hifiasm	T2T00_hifiasm_porec	whatshap_compare	chr22
largestblock_switches	446	both	phased_hifiasm	T2T00_hifiasm_porec	whatshap_compare	chr22
largestblock_switch_rate	0.06711813393528969	both	phased_hifiasm	T2T00_hifiasm_porec	whatshap_compare	chr22
largestblock_switchflip_rate	0.05161775771256584	both	phased_hifiasm	T2T00_hifiasm_porec	whatshap_compare	chr22
largestblock_hamming	3099	both	phased_hifiasm	T2T00_hifiasm_porec	whatshap_compare	chr22
largestblock_hamming_rate	0.4662955160999097	both	phased_hifiasm	T2T00_hifiasm_porec	whatshap_compare	chr22
largestblock_diff_genotypes	0	both	phased_hifiasm	T2T00_hifiasm_porec	whatshap_compare	chr22
largestblock_diff_genotypes_rate	0	both	phased_hifiasm	T2T00_hifiasm_porec	whatshap_compare	chr22
het_variants0	47863	both	phased_hifiasm	T2T00_hifiasm_porec	whatshap_compare	chr22
only_snvs	0	both	phased_hifiasm	T2T00_hifiasm_porec	whatshap_compare	chr22
intersection_blocks	1	both	phased_hifiasm	T2T00_hifiasm_porec	whatshap_compare	chr3
covered_variants	25743	both	phased_hifiasm	T2T00_hifiasm_porec	whatshap_compare	chr3
all_assessed_pairs	25742	both	phased_hifiasm	T2T00_hifiasm_porec	whatshap_compare	chr3
all_switches	1479	both	phased_hifiasm	T2T00_hifiasm_porec	whatshap_compare	chr3
all_switch_rate	0.05745474322119493	both	phased_hifiasm	T2T00_hifiasm_porec	whatshap_compare	chr3
all_switchflip_rate	0.04459637945769559	both	phased_hifiasm	T2T00_hifiasm_porec	whatshap_compare	chr3
blockwise_hamming	12474	both	phased_hifiasm	T2T00_hifiasm_porec	whatshap_compare	chr3
blockwise_hamming_rate	0.48455890921803985	both	phased_hifiasm	T2T00_hifiasm_porec	whatshap_compare	chr3
blockwise_diff_genotypes	0	both	phased_hifiasm	T2T00_hifiasm_porec	whatshap_compare	chr3
blockwise_diff_genotypes_rate	0	both	phased_hifiasm	T2T00_hifiasm_porec	whatshap_compare	chr3
largestblock_assessed_pairs	25742	both	phased_hifiasm	T2T00_hifiasm_porec	whatshap_compare	chr3
largestblock_switches	1479	both	phased_hifiasm	T2T00_hifiasm_porec	whatshap_compare	chr3
largestblock_switch_rate	0.05745474322119493	both	phased_hifiasm	T2T00_hifiasm_porec	whatshap_compare	chr3
largestblock_switchflip_rate	0.04459637945769559	both	phased_hifiasm	T2T00_hifiasm_porec	whatshap_compare	chr3
largestblock_hamming	12474	both	phased_hifiasm	T2T00_hifiasm_porec	whatshap_compare	chr3
largestblock_hamming_rate	0.48455890921803985	both	phased_hifiasm	T2T00_hifiasm_porec	whatshap_compare	chr3
largestblock_diff_genotypes	0	both	phased_hifiasm	T2T00_hifiasm_porec	whatshap_compare	chr3
largestblock_diff_genotypes_rate	0	both	phased_hifiasm	T2T00_hifiasm_porec	whatshap_compare	chr3
het_variants0	100168	both	phased_hifiasm	T2T00_hifiasm_porec	whatshap_compare	chr3
only_snvs	0	both	phased_hifiasm	T2T00_hifiasm_porec	whatshap_compare	chr3
intersection_blocks	1	both	phased_hifiasm	T2T00_hifiasm_porec	whatshap_compare	chr4
covered_variants	30043	both	phased_hifiasm	T2T00_hifiasm_porec	whatshap_compare	chr4
all_assessed_pairs	30042	both	phased_hifiasm	T2T00_hifiasm_porec	whatshap_compare	chr4
all_switches	1463	both	phased_hifiasm	T2T00_hifiasm_porec	whatshap_compare	chr4
all_switch_rate	0.04869848878237134	both	phased_hifiasm	T2T00_hifiasm_porec	whatshap_compare	chr4
all_switchflip_rate	0.0381798814992344	both	phased_hifiasm	T2T00_hifiasm_porec	whatshap_compare	chr4
blockwise_hamming	14555	both	phased_hifiasm	T2T00_hifiasm_porec	whatshap_compare	chr4
blockwise_hamming_rate	0.4844722564324469	both	phased_hifiasm	T2T00_hifiasm_porec	whatshap_compare	chr4
blockwise_diff_genotypes	0	both	phased_hifiasm	T2T00_hifiasm_porec	whatshap_compare	chr4
blockwise_diff_genotypes_rate	0	both	phased_hifiasm	T2T00_hifiasm_porec	whatshap_compare	chr4
largestblock_assessed_pairs	30042	both	phased_hifiasm	T2T00_hifiasm_porec	whatshap_compare	chr4
largestblock_switches	1463	both	phased_hifiasm	T2T00_hifiasm_porec	whatshap_compare	chr4
largestblock_switch_rate	0.04869848878237134	both	phased_hifiasm	T2T00_hifiasm_porec	whatshap_compare	chr4
largestblock_switchflip_rate	0.0381798814992344	both	phased_hifiasm	T2T00_hifiasm_porec	whatshap_compare	chr4
largestblock_hamming	14555	both	phased_hifiasm	T2T00_hifiasm_porec	whatshap_compare	chr4
largestblock_hamming_rate	0.4844722564324469	both	phased_hifiasm	T2T00_hifiasm_porec	whatshap_compare	chr4
largestblock_diff_genotypes	0	both	phased_hifiasm	T2T00_hifiasm_porec	whatshap_compare	chr4
largestblock_diff_genotypes_rate	0	both	phased_hifiasm	T2T00_hifiasm_porec	whatshap_compare	chr4
het_variants0	112989	both	phased_hifiasm	T2T00_hifiasm_porec	whatshap_compare	chr4
only_snvs	0	both	phased_hifiasm	T2T00_hifiasm_porec	whatshap_compare	chr4
intersection_blocks	1	both	phased_hifiasm	T2T00_hifiasm_porec	whatshap_compare	chr5
covered_variants	25997	both	phased_hifiasm	T2T00_hifiasm_porec	whatshap_compare	chr5
all_assessed_pairs	25996	both	phased_hifiasm	T2T00_hifiasm_porec	whatshap_compare	chr5
all_switches	1376	both	phased_hifiasm	T2T00_hifiasm_porec	whatshap_compare	chr5
all_switch_rate	0.05293122018772119	both	phased_hifiasm	T2T00_hifiasm_porec	whatshap_compare	chr5
all_switchflip_rate	0.04112171103246653	both	phased_hifiasm	T2T00_hifiasm_porec	whatshap_compare	chr5
blockwise_hamming	12830	both	phased_hifiasm	T2T00_hifiasm_porec	whatshap_compare	chr5
blockwise_hamming_rate	0.4935184829018733	both	phased_hifiasm	T2T00_hifiasm_porec	whatshap_compare	chr5
blockwise_diff_genotypes	0	both	phased_hifiasm	T2T00_hifiasm_porec	whatshap_compare	chr5
blockwise_diff_genotypes_rate	0	both	phased_hifiasm	T2T00_hifiasm_porec	whatshap_compare	chr5
largestblock_assessed_pairs	25996	both	phased_hifiasm	T2T00_hifiasm_porec	whatshap_compare	chr5
largestblock_switches	1376	both	phased_hifiasm	T2T00_hifiasm_porec	whatshap_compare	chr5
largestblock_switch_rate	0.05293122018772119	both	phased_hifiasm	T2T00_hifiasm_porec	whatshap_compare	chr5
largestblock_switchflip_rate	0.04112171103246653	both	phased_hifiasm	T2T00_hifiasm_porec	whatshap_compare	chr5
largestblock_hamming	12830	both	phased_hifiasm	T2T00_hifiasm_porec	whatshap_compare	chr5
largestblock_hamming_rate	0.4935184829018733	both	phased_hifiasm	T2T00_hifiasm_porec	whatshap_compare	chr5
largestblock_diff_genotypes	0	both	phased_hifiasm	T2T00_hifiasm_porec	whatshap_compare	chr5
largestblock_diff_genotypes_rate	0	both	phased_hifiasm	T2T00_hifiasm_porec	whatshap_compare	chr5
het_variants0	93084	both	phased_hifiasm	T2T00_hifiasm_porec	whatshap_compare	chr5
only_snvs	0	both	phased_hifiasm	T2T00_hifiasm_porec	whatshap_compare	chr5
intersection_blocks	1	both	phased_hifiasm	T2T00_hifiasm_porec	whatshap_compare	chr6
covered_variants	25021	both	phased_hifiasm	T2T00_hifiasm_porec	whatshap_compare	chr6
all_assessed_pairs	25020	both	phased_hifiasm	T2T00_hifiasm_porec	whatshap_compare	chr6
all_switches	1373	both	phased_hifiasm	T2T00_hifiasm_porec	whatshap_compare	chr6
all_switch_rate	0.05487609912070344	both	phased_hifiasm	T2T00_hifiasm_porec	whatshap_compare	chr6
all_switchflip_rate	0.04180655475619505	both	phased_hifiasm	T2T00_hifiasm_porec	whatshap_compare	chr6
blockwise_hamming	11395	both	phased_hifiasm	T2T00_hifiasm_porec	whatshap_compare	chr6
blockwise_hamming_rate	0.45541744934255224	both	phased_hifiasm	T2T00_hifiasm_porec	whatshap_compare	chr6
blockwise_diff_genotypes	0	both	phased_hifiasm	T2T00_hifiasm_porec	whatshap_compare	chr6
blockwise_diff_genotypes_rate	0	both	phased_hifiasm	T2T00_hifiasm_porec	whatshap_compare	chr6
largestblock_assessed_pairs	25020	both	phased_hifiasm	T2T00_hifiasm_porec	whatshap_compare	chr6
largestblock_switches	1373	both	phased_hifiasm	T2T00_hifiasm_porec	whatshap_compare	chr6
largestblock_switch_rate	0.05487609912070344	both	phased_hifiasm	T2T00_hifiasm_porec	whatshap_compare	chr6
largestblock_switchflip_rate	0.04180655475619505	both	phased_hifiasm	T2T00_hifiasm_porec	whatshap_compare	chr6
largestblock_hamming	11395	both	phased_hifiasm	T2T00_hifiasm_porec	whatshap_compare	chr6
largestblock_hamming_rate	0.45541744934255224	both	phased_hifiasm	T2T00_hifiasm_porec	whatshap_compare	chr6
largestblock_diff_genotypes	0	both	phased_hifiasm	T2T00_hifiasm_porec	whatshap_compare	chr6
largestblock_diff_genotypes_rate	0	both	phased_hifiasm	T2T00_hifiasm_porec	whatshap_compare	chr6
het_variants0	90719	both	phased_hifiasm	T2T00_hifiasm_porec	whatshap_compare	chr6
only_snvs	0	both	phased_hifiasm	T2T00_hifiasm_porec	whatshap_compare	chr6
intersection_blocks	1	both	phased_hifiasm	T2T00_hifiasm_porec	whatshap_compare	chr7
covered_variants	25003	both	phased_hifiasm	T2T00_hifiasm_porec	whatshap_compare	chr7
all_assessed_pairs	25002	both	phased_hifiasm	T2T00_hifiasm_porec	whatshap_compare	chr7
all_switches	1307	both	phased_hifiasm	T2T00_hifiasm_porec	whatshap_compare	chr7
all_switch_rate	0.05227581793456523	both	phased_hifiasm	T2T00_hifiasm_porec	whatshap_compare	chr7
all_switchflip_rate	0.04127669786417087	both	phased_hifiasm	T2T00_hifiasm_porec	whatshap_compare	chr7
blockwise_hamming	11883	both	phased_hifiasm	T2T00_hifiasm_porec	whatshap_compare	chr7
blockwise_hamming_rate	0.47526296844378674	both	phased_hifiasm	T2T00_hifiasm_porec	whatshap_compare	chr7
blockwise_diff_genotypes	0	both	phased_hifiasm	T2T00_hifiasm_porec	whatshap_compare	chr7
blockwise_diff_genotypes_rate	0	both	phased_hifiasm	T2T00_hifiasm_porec	whatshap_compare	chr7
largestblock_assessed_pairs	25002	both	phased_hifiasm	T2T00_hifiasm_porec	whatshap_compare	chr7
largestblock_switches	1307	both	phased_hifiasm	T2T00_hifiasm_porec	whatshap_compare	chr7
largestblock_switch_rate	0.05227581793456523	both	phased_hifiasm	T2T00_hifiasm_porec	whatshap_compare	chr7
largestblock_switchflip_rate	0.04127669786417087	both	phased_hifiasm	T2T00_hifiasm_porec	whatshap_compare	chr7
largestblock_hamming	11883	both	phased_hifiasm	T2T00_hifiasm_porec	whatshap_compare	chr7
largestblock_hamming_rate	0.47526296844378674	both	phased_hifiasm	T2T00_hifiasm_porec	whatshap_compare	chr7
largestblock_diff_genotypes	0	both	phased_hifiasm	T2T00_hifiasm_porec	whatshap_compare	chr7
largestblock_diff_genotypes_rate	0	both	phased_hifiasm	T2T00_hifiasm_porec	whatshap_compare	chr7
het_variants0	94881	both	phased_hifiasm	T2T00_hifiasm_porec	whatshap_compare	chr7
only_snvs	0	both	phased_hifiasm	T2T00_hifiasm_porec	whatshap_compare	chr7
intersection_blocks	1	both	phased_hifiasm	T2T00_hifiasm_porec	whatshap_compare	chr8
covered_variants	21600	both	phased_hifiasm	T2T00_hifiasm_porec	whatshap_compare	chr8
all_assessed_pairs	21599	both	phased_hifiasm	T2T00_hifiasm_porec	whatshap_compare	chr8
all_switches	1188	both	phased_hifiasm	T2T00_hifiasm_porec	whatshap_compare	chr8
all_switch_rate	0.05500254641418584	both	phased_hifiasm	T2T00_hifiasm_porec	whatshap_compare	chr8
all_switchflip_rate	0.04250196768368906	both	phased_hifiasm	T2T00_hifiasm_porec	whatshap_compare	chr8
blockwise_hamming	10563	both	phased_hifiasm	T2T00_hifiasm_porec	whatshap_compare	chr8
blockwise_hamming_rate	0.4890277777777778	both	phased_hifiasm	T2T00_hifiasm_porec	whatshap_compare	chr8
blockwise_diff_genotypes	0	both	phased_hifiasm	T2T00_hifiasm_porec	whatshap_compare	chr8
blockwise_diff_genotypes_rate	0	both	phased_hifiasm	T2T00_hifiasm_porec	whatshap_compare	chr8
largestblock_assessed_pairs	21599	both	phased_hifiasm	T2T00_hifiasm_porec	whatshap_compare	chr8
largestblock_switches	1188	both	phased_hifiasm	T2T00_hifiasm_porec	whatshap_compare	chr8
largestblock_switch_rate	0.05500254641418584	both	phased_hifiasm	T2T00_hifiasm_porec	whatshap_compare	chr8
largestblock_switchflip_rate	0.04250196768368906	both	phased_hifiasm	T2T00_hifiasm_porec	whatshap_compare	chr8
largestblock_hamming	10563	both	phased_hifiasm	T2T00_hifiasm_porec	whatshap_compare	chr8
largestblock_hamming_rate	0.4890277777777778	both	phased_hifiasm	T2T00_hifiasm_porec	whatshap_compare	chr8
largestblock_diff_genotypes	0	both	phased_hifiasm	T2T00_hifiasm_porec	whatshap_compare	chr8
largestblock_diff_genotypes_rate	0	both	phased_hifiasm	T2T00_hifiasm_porec	whatshap_compare	chr8
het_variants0	84100	both	phased_hifiasm	T2T00_hifiasm_porec	whatshap_compare	chr8
only_snvs	0	both	phased_hifiasm	T2T00_hifiasm_porec	whatshap_compare	chr8
intersection_blocks	1	both	phased_hifiasm	T2T00_hifiasm_porec	whatshap_compare	chr9
covered_variants	18523	both	phased_hifiasm	T2T00_hifiasm_porec	whatshap_compare	chr9
all_assessed_pairs	18522	both	phased_hifiasm	T2T00_hifiasm_porec	whatshap_compare	chr9
all_switches	1035	both	phased_hifiasm	T2T00_hifiasm_porec	whatshap_compare	chr9
all_switch_rate	0.05587949465500486	both	phased_hifiasm	T2T00_hifiasm_porec	whatshap_compare	chr9
all_switchflip_rate	0.04297592052694093	both	phased_hifiasm	T2T00_hifiasm_porec	whatshap_compare	chr9
blockwise_hamming	8911	both	phased_hifiasm	T2T00_hifiasm_porec	whatshap_compare	chr9
blockwise_hamming_rate	0.48107757922582733	both	phased_hifiasm	T2T00_hifiasm_porec	whatshap_compare	chr9
blockwise_diff_genotypes	0	both	phased_hifiasm	T2T00_hifiasm_porec	whatshap_compare	chr9
blockwise_diff_genotypes_rate	0	both	phased_hifiasm	T2T00_hifiasm_porec	whatshap_compare	chr9
largestblock_assessed_pairs	18522	both	phased_hifiasm	T2T00_hifiasm_porec	whatshap_compare	chr9
largestblock_switches	1035	both	phased_hifiasm	T2T00_hifiasm_porec	whatshap_compare	chr9
largestblock_switch_rate	0.05587949465500486	both	phased_hifiasm	T2T00_hifiasm_porec	whatshap_compare	chr9
largestblock_switchflip_rate	0.04297592052694093	both	phased_hifiasm	T2T00_hifiasm_porec	whatshap_compare	chr9
largestblock_hamming	8911	both	phased_hifiasm	T2T00_hifiasm_porec	whatshap_compare	chr9
largestblock_hamming_rate	0.48107757922582733	both	phased_hifiasm	T2T00_hifiasm_porec	whatshap_compare	chr9
largestblock_diff_genotypes	0	both	phased_hifiasm	T2T00_hifiasm_porec	whatshap_compare	chr9
largestblock_diff_genotypes_rate	0	both	phased_hifiasm	T2T00_hifiasm_porec	whatshap_compare	chr9
het_variants0	75965	both	phased_hifiasm	T2T00_hifiasm_porec	whatshap_compare	chr9
only_snvs	0	both	phased_hifiasm	T2T00_hifiasm_porec	whatshap_compare	chr9
intersection_blocks	1	both	phased_hifiasm	T2T04_hifiasm_porec	whatshap_compare	chr1
covered_variants	30680	both	phased_hifiasm	T2T04_hifiasm_porec	whatshap_compare	chr1
all_assessed_pairs	30679	both	phased_hifiasm	T2T04_hifiasm_porec	whatshap_compare	chr1
all_switches	1814	both	phased_hifiasm	T2T04_hifiasm_porec	whatshap_compare	chr1
all_switch_rate	0.05912839401545031	both	phased_hifiasm	T2T04_hifiasm_porec	whatshap_compare	chr1
all_switchflip_rate	0.04631832849832133	both	phased_hifiasm	T2T04_hifiasm_porec	whatshap_compare	chr1
blockwise_hamming	14886	both	phased_hifiasm	T2T04_hifiasm_porec	whatshap_compare	chr1
blockwise_hamming_rate	0.4852020860495437	both	phased_hifiasm	T2T04_hifiasm_porec	whatshap_compare	chr1
blockwise_diff_genotypes	0	both	phased_hifiasm	T2T04_hifiasm_porec	whatshap_compare	chr1
blockwise_diff_genotypes_rate	0	both	phased_hifiasm	T2T04_hifiasm_porec	whatshap_compare	chr1
largestblock_assessed_pairs	30679	both	phased_hifiasm	T2T04_hifiasm_porec	whatshap_compare	chr1
largestblock_switches	1814	both	phased_hifiasm	T2T04_hifiasm_porec	whatshap_compare	chr1
largestblock_switch_rate	0.05912839401545031	both	phased_hifiasm	T2T04_hifiasm_porec	whatshap_compare	chr1
largestblock_switchflip_rate	0.04631832849832133	both	phased_hifiasm	T2T04_hifiasm_porec	whatshap_compare	chr1
largestblock_hamming	14886	both	phased_hifiasm	T2T04_hifiasm_porec	whatshap_compare	chr1
largestblock_hamming_rate	0.4852020860495437	both	phased_hifiasm	T2T04_hifiasm_porec	whatshap_compare	chr1
largestblock_diff_genotypes	0	both	phased_hifiasm	T2T04_hifiasm_porec	whatshap_compare	chr1
largestblock_diff_genotypes_rate	0	both	phased_hifiasm	T2T04_hifiasm_porec	whatshap_compare	chr1
het_variants0	120157	both	phased_hifiasm	T2T04_hifiasm_porec	whatshap_compare	chr1
only_snvs	0	both	phased_hifiasm	T2T04_hifiasm_porec	whatshap_compare	chr1
intersection_blocks	1	both	phased_hifiasm	T2T04_hifiasm_porec	whatshap_compare	chr10
covered_variants	21217	both	phased_hifiasm	T2T04_hifiasm_porec	whatshap_compare	chr10
all_assessed_pairs	21216	both	phased_hifiasm	T2T04_hifiasm_porec	whatshap_compare	chr10
all_switches	1169	both	phased_hifiasm	T2T04_hifiasm_porec	whatshap_compare	chr10
all_switch_rate	0.0550999245852187	both	phased_hifiasm	T2T04_hifiasm_porec	whatshap_compare	chr10
all_switchflip_rate	0.04303355957767722	both	phased_hifiasm	T2T04_hifiasm_porec	whatshap_compare	chr10
blockwise_hamming	9620	both	phased_hifiasm	T2T04_hifiasm_porec	whatshap_compare	chr10
blockwise_hamming_rate	0.4534100014139605	both	phased_hifiasm	T2T04_hifiasm_porec	whatshap_compare	chr10
blockwise_diff_genotypes	0	both	phased_hifiasm	T2T04_hifiasm_porec	whatshap_compare	chr10
blockwise_diff_genotypes_rate	0	both	phased_hifiasm	T2T04_hifiasm_porec	whatshap_compare	chr10
largestblock_assessed_pairs	21216	both	phased_hifiasm	T2T04_hifiasm_porec	whatshap_compare	chr10
largestblock_switches	1169	both	phased_hifiasm	T2T04_hifiasm_porec	whatshap_compare	chr10
largestblock_switch_rate	0.0550999245852187	both	phased_hifiasm	T2T04_hifiasm_porec	whatshap_compare	chr10
largestblock_switchflip_rate	0.04303355957767722	both	phased_hifiasm	T2T04_hifiasm_porec	whatshap_compare	chr10
largestblock_hamming	9620	both	phased_hifiasm	T2T04_hifiasm_porec	whatshap_compare	chr10
largestblock_hamming_rate	0.4534100014139605	both	phased_hifiasm	T2T04_hifiasm_porec	whatshap_compare	chr10
largestblock_diff_genotypes	0	both	phased_hifiasm	T2T04_hifiasm_porec	whatshap_compare	chr10
largestblock_diff_genotypes_rate	0	both	phased_hifiasm	T2T04_hifiasm_porec	whatshap_compare	chr10
het_variants0	70615	both	phased_hifiasm	T2T04_hifiasm_porec	whatshap_compare	chr10
only_snvs	0	both	phased_hifiasm	T2T04_hifiasm_porec	whatshap_compare	chr10
intersection_blocks	1	both	phased_hifiasm	T2T04_hifiasm_porec	whatshap_compare	chr11
covered_variants	19565	both	phased_hifiasm	T2T04_hifiasm_porec	whatshap_compare	chr11
all_assessed_pairs	19564	both	phased_hifiasm	T2T04_hifiasm_porec	whatshap_compare	chr11
all_switches	1016	both	phased_hifiasm	T2T04_hifiasm_porec	whatshap_compare	chr11
all_switch_rate	0.05193212022081374	both	phased_hifiasm	T2T04_hifiasm_porec	whatshap_compare	chr11
all_switchflip_rate	0.04099366182784707	both	phased_hifiasm	T2T04_hifiasm_porec	whatshap_compare	chr11
blockwise_hamming	8932	both	phased_hifiasm	T2T04_hifiasm_porec	whatshap_compare	chr11
blockwise_hamming_rate	0.4565295169946333	both	phased_hifiasm	T2T04_hifiasm_porec	whatshap_compare	chr11
blockwise_diff_genotypes	0	both	phased_hifiasm	T2T04_hifiasm_porec	whatshap_compare	chr11
blockwise_diff_genotypes_rate	0	both	phased_hifiasm	T2T04_hifiasm_porec	whatshap_compare	chr11
largestblock_assessed_pairs	19564	both	phased_hifiasm	T2T04_hifiasm_porec	whatshap_compare	chr11
largestblock_switches	1016	both	phased_hifiasm	T2T04_hifiasm_porec	whatshap_compare	chr11
largestblock_switch_rate	0.05193212022081374	both	phased_hifiasm	T2T04_hifiasm_porec	whatshap_compare	chr11
largestblock_switchflip_rate	0.04099366182784707	both	phased_hifiasm	T2T04_hifiasm_porec	whatshap_compare	chr11
largestblock_hamming	8932	both	phased_hifiasm	T2T04_hifiasm_porec	whatshap_compare	chr11
largestblock_hamming_rate	0.4565295169946333	both	phased_hifiasm	T2T04_hifiasm_porec	whatshap_compare	chr11
largestblock_diff_genotypes	0	both	phased_hifiasm	T2T04_hifiasm_porec	whatshap_compare	chr11
largestblock_diff_genotypes_rate	0	both	phased_hifiasm	T2T04_hifiasm_porec	whatshap_compare	chr11
het_variants0	66413	both	phased_hifiasm	T2T04_hifiasm_porec	whatshap_compare	chr11
only_snvs	0	both	phased_hifiasm	T2T04_hifiasm_porec	whatshap_compare	chr11
intersection_blocks	1	both	phased_hifiasm	T2T04_hifiasm_porec	whatshap_compare	chr12
covered_variants	18075	both	phased_hifiasm	T2T04_hifiasm_porec	whatshap_compare	chr12
all_assessed_pairs	18074	both	phased_hifiasm	T2T04_hifiasm_porec	whatshap_compare	chr12
all_switches	1114	both	phased_hifiasm	T2T04_hifiasm_porec	whatshap_compare	chr12
all_switch_rate	0.06163549850614142	both	phased_hifiasm	T2T04_hifiasm_porec	whatshap_compare	chr12
all_switchflip_rate	0.04758216222197632	both	phased_hifiasm	T2T04_hifiasm_porec	whatshap_compare	chr12
blockwise_hamming	8424	both	phased_hifiasm	T2T04_hifiasm_porec	whatshap_compare	chr12
blockwise_hamming_rate	0.46605809128630704	both	phased_hifiasm	T2T04_hifiasm_porec	whatshap_compare	chr12
blockwise_diff_genotypes	0	both	phased_hifiasm	T2T04_hifiasm_porec	whatshap_compare	chr12
blockwise_diff_genotypes_rate	0	both	phased_hifiasm	T2T04_hifiasm_porec	whatshap_compare	chr12
largestblock_assessed_pairs	18074	both	phased_hifiasm	T2T04_hifiasm_porec	whatshap_compare	chr12
largestblock_switches	1114	both	phased_hifiasm	T2T04_hifiasm_porec	whatshap_compare	chr12
largestblock_switch_rate	0.06163549850614142	both	phased_hifiasm	T2T04_hifiasm_porec	whatshap_compare	chr12
largestblock_switchflip_rate	0.04758216222197632	both	phased_hifiasm	T2T04_hifiasm_porec	whatshap_compare	chr12
largestblock_hamming	8424	both	phased_hifiasm	T2T04_hifiasm_porec	whatshap_compare	chr12
largestblock_hamming_rate	0.46605809128630704	both	phased_hifiasm	T2T04_hifiasm_porec	whatshap_compare	chr12
largestblock_diff_genotypes	0	both	phased_hifiasm	T2T04_hifiasm_porec	whatshap_compare	chr12
largestblock_diff_genotypes_rate	0	both	phased_hifiasm	T2T04_hifiasm_porec	whatshap_compare	chr12
het_variants0	66353	both	phased_hifiasm	T2T04_hifiasm_porec	whatshap_compare	chr12
only_snvs	0	both	phased_hifiasm	T2T04_hifiasm_porec	whatshap_compare	chr12
intersection_blocks	1	both	phased_hifiasm	T2T04_hifiasm_porec	whatshap_compare	chr13
covered_variants	16247	both	phased_hifiasm	T2T04_hifiasm_porec	whatshap_compare	chr13
all_assessed_pairs	16246	both	phased_hifiasm	T2T04_hifiasm_porec	whatshap_compare	chr13
all_switches	794	both	phased_hifiasm	T2T04_hifiasm_porec	whatshap_compare	chr13
all_switch_rate	0.04887356887849316	both	phased_hifiasm	T2T04_hifiasm_porec	whatshap_compare	chr13
all_switchflip_rate	0.03773236488981903	both	phased_hifiasm	T2T04_hifiasm_porec	whatshap_compare	chr13
blockwise_hamming	7756	both	phased_hifiasm	T2T04_hifiasm_porec	whatshap_compare	chr13
blockwise_hamming_rate	0.47738043946574754	both	phased_hifiasm	T2T04_hifiasm_porec	whatshap_compare	chr13
blockwise_diff_genotypes	0	both	phased_hifiasm	T2T04_hifiasm_porec	whatshap_compare	chr13
blockwise_diff_genotypes_rate	0	both	phased_hifiasm	T2T04_hifiasm_porec	whatshap_compare	chr13
largestblock_assessed_pairs	16246	both	phased_hifiasm	T2T04_hifiasm_porec	whatshap_compare	chr13
largestblock_switches	794	both	phased_hifiasm	T2T04_hifiasm_porec	whatshap_compare	chr13
largestblock_switch_rate	0.04887356887849316	both	phased_hifiasm	T2T04_hifiasm_porec	whatshap_compare	chr13
largestblock_switchflip_rate	0.03773236488981903	both	phased_hifiasm	T2T04_hifiasm_porec	whatshap_compare	chr13
largestblock_hamming	7756	both	phased_hifiasm	T2T04_hifiasm_porec	whatshap_compare	chr13
largestblock_hamming_rate	0.47738043946574754	both	phased_hifiasm	T2T04_hifiasm_porec	whatshap_compare	chr13
largestblock_diff_genotypes	0	both	phased_hifiasm	T2T04_hifiasm_porec	whatshap_compare	chr13
largestblock_diff_genotypes_rate	0	both	phased_hifiasm	T2T04_hifiasm_porec	whatshap_compare	chr13
het_variants0	53902	both	phased_hifiasm	T2T04_hifiasm_porec	whatshap_compare	chr13
only_snvs	0	both	phased_hifiasm	T2T04_hifiasm_porec	whatshap_compare	chr13
intersection_blocks	1	both	phased_hifiasm	T2T04_hifiasm_porec	whatshap_compare	chr14
covered_variants	13277	both	phased_hifiasm	T2T04_hifiasm_porec	whatshap_compare	chr14
all_assessed_pairs	13276	both	phased_hifiasm	T2T04_hifiasm_porec	whatshap_compare	chr14
all_switches	748	both	phased_hifiasm	T2T04_hifiasm_porec	whatshap_compare	chr14
all_switch_rate	0.056342271768605	both	phased_hifiasm	T2T04_hifiasm_porec	whatshap_compare	chr14
all_switchflip_rate	0.04421512503766194	both	phased_hifiasm	T2T04_hifiasm_porec	whatshap_compare	chr14
blockwise_hamming	6401	both	phased_hifiasm	T2T04_hifiasm_porec	whatshap_compare	chr14
blockwise_hamming_rate	0.4821119228741432	both	phased_hifiasm	T2T04_hifiasm_porec	whatshap_compare	chr14
blockwise_diff_genotypes	0	both	phased_hifiasm	T2T04_hifiasm_porec	whatshap_compare	chr14
blockwise_diff_genotypes_rate	0	both	phased_hifiasm	T2T04_hifiasm_porec	whatshap_compare	chr14
largestblock_assessed_pairs	13276	both	phased_hifiasm	T2T04_hifiasm_porec	whatshap_compare	chr14
largestblock_switches	748	both	phased_hifiasm	T2T04_hifiasm_porec	whatshap_compare	chr14
largestblock_switch_rate	0.056342271768605	both	phased_hifiasm	T2T04_hifiasm_porec	whatshap_compare	chr14
largestblock_switchflip_rate	0.04421512503766194	both	phased_hifiasm	T2T04_hifiasm_porec	whatshap_compare	chr14
largestblock_hamming	6401	both	phased_hifiasm	T2T04_hifiasm_porec	whatshap_compare	chr14
largestblock_hamming_rate	0.4821119228741432	both	phased_hifiasm	T2T04_hifiasm_porec	whatshap_compare	chr14
largestblock_diff_genotypes	0	both	phased_hifiasm	T2T04_hifiasm_porec	whatshap_compare	chr14
largestblock_diff_genotypes_rate	0	both	phased_hifiasm	T2T04_hifiasm_porec	whatshap_compare	chr14
het_variants0	81164	both	phased_hifiasm	T2T04_hifiasm_porec	whatshap_compare	chr14
only_snvs	0	both	phased_hifiasm	T2T04_hifiasm_porec	whatshap_compare	chr14
intersection_blocks	1	both	phased_hifiasm	T2T04_hifiasm_porec	whatshap_compare	chr15
covered_variants	13866	both	phased_hifiasm	T2T04_hifiasm_porec	whatshap_compare	chr15
all_assessed_pairs	13865	both	phased_hifiasm	T2T04_hifiasm_porec	whatshap_compare	chr15
all_switches	782	both	phased_hifiasm	T2T04_hifiasm_porec	whatshap_compare	chr15
all_switch_rate	0.05640100973674721	both	phased_hifiasm	T2T04_hifiasm_porec	whatshap_compare	chr15
all_switchflip_rate	0.0429859358095925	both	phased_hifiasm	T2T04_hifiasm_porec	whatshap_compare	chr15
blockwise_hamming	6467	both	phased_hifiasm	T2T04_hifiasm_porec	whatshap_compare	chr15
blockwise_hamming_rate	0.46639261502956875	both	phased_hifiasm	T2T04_hifiasm_porec	whatshap_compare	chr15
blockwise_diff_genotypes	0	both	phased_hifiasm	T2T04_hifiasm_porec	whatshap_compare	chr15
blockwise_diff_genotypes_rate	0	both	phased_hifiasm	T2T04_hifiasm_porec	whatshap_compare	chr15
largestblock_assessed_pairs	13865	both	phased_hifiasm	T2T04_hifiasm_porec	whatshap_compare	chr15
largestblock_switches	782	both	phased_hifiasm	T2T04_hifiasm_porec	whatshap_compare	chr15
largestblock_switch_rate	0.05640100973674721	both	phased_hifiasm	T2T04_hifiasm_porec	whatshap_compare	chr15
largestblock_switchflip_rate	0.0429859358095925	both	phased_hifiasm	T2T04_hifiasm_porec	whatshap_compare	chr15
largestblock_hamming	6467	both	phased_hifiasm	T2T04_hifiasm_porec	whatshap_compare	chr15
largestblock_hamming_rate	0.46639261502956875	both	phased_hifiasm	T2T04_hifiasm_porec	whatshap_compare	chr15
largestblock_diff_genotypes	0	both	phased_hifiasm	T2T04_hifiasm_porec	whatshap_compare	chr15
largestblock_diff_genotypes_rate	0	both	phased_hifiasm	T2T04_hifiasm_porec	whatshap_compare	chr15
het_variants0	84870	both	phased_hifiasm	T2T04_hifiasm_porec	whatshap_compare	chr15
only_snvs	0	both	phased_hifiasm	T2T04_hifiasm_porec	whatshap_compare	chr15
intersection_blocks	1	both	phased_hifiasm	T2T04_hifiasm_porec	whatshap_compare	chr16
covered_variants	11509	both	phased_hifiasm	T2T04_hifiasm_porec	whatshap_compare	chr16
all_assessed_pairs	11508	both	phased_hifiasm	T2T04_hifiasm_porec	whatshap_compare	chr16
all_switches	906	both	phased_hifiasm	T2T04_hifiasm_porec	whatshap_compare	chr16
all_switch_rate	0.07872784150156413	both	phased_hifiasm	T2T04_hifiasm_porec	whatshap_compare	chr16
all_switchflip_rate	0.05813347236704901	both	phased_hifiasm	T2T04_hifiasm_porec	whatshap_compare	chr16
blockwise_hamming	5185	both	phased_hifiasm	T2T04_hifiasm_porec	whatshap_compare	chr16
blockwise_hamming_rate	0.4505169867060561	both	phased_hifiasm	T2T04_hifiasm_porec	whatshap_compare	chr16
blockwise_diff_genotypes	0	both	phased_hifiasm	T2T04_hifiasm_porec	whatshap_compare	chr16
blockwise_diff_genotypes_rate	0	both	phased_hifiasm	T2T04_hifiasm_porec	whatshap_compare	chr16
largestblock_assessed_pairs	11508	both	phased_hifiasm	T2T04_hifiasm_porec	whatshap_compare	chr16
largestblock_switches	906	both	phased_hifiasm	T2T04_hifiasm_porec	whatshap_compare	chr16
largestblock_switch_rate	0.07872784150156413	both	phased_hifiasm	T2T04_hifiasm_porec	whatshap_compare	chr16
largestblock_switchflip_rate	0.05813347236704901	both	phased_hifiasm	T2T04_hifiasm_porec	whatshap_compare	chr16
largestblock_hamming	5185	both	phased_hifiasm	T2T04_hifiasm_porec	whatshap_compare	chr16
largestblock_hamming_rate	0.4505169867060561	both	phased_hifiasm	T2T04_hifiasm_porec	whatshap_compare	chr16
largestblock_diff_genotypes	0	both	phased_hifiasm	T2T04_hifiasm_porec	whatshap_compare	chr16
largestblock_diff_genotypes_rate	0	both	phased_hifiasm	T2T04_hifiasm_porec	whatshap_compare	chr16
het_variants0	52100	both	phased_hifiasm	T2T04_hifiasm_porec	whatshap_compare	chr16
only_snvs	0	both	phased_hifiasm	T2T04_hifiasm_porec	whatshap_compare	chr16
intersection_blocks	1	both	phased_hifiasm	T2T04_hifiasm_porec	whatshap_compare	chr17
covered_variants	10887	both	phased_hifiasm	T2T04_hifiasm_porec	whatshap_compare	chr17
all_assessed_pairs	10886	both	phased_hifiasm	T2T04_hifiasm_porec	whatshap_compare	chr17
all_switches	763	both	phased_hifiasm	T2T04_hifiasm_porec	whatshap_compare	chr17
all_switch_rate	0.07009002388388756	both	phased_hifiasm	T2T04_hifiasm_porec	whatshap_compare	chr17
all_switchflip_rate	0.05373874701451405	both	phased_hifiasm	T2T04_hifiasm_porec	whatshap_compare	chr17
blockwise_hamming	5244	both	phased_hifiasm	T2T04_hifiasm_porec	whatshap_compare	chr17
blockwise_hamming_rate	0.4816753926701571	both	phased_hifiasm	T2T04_hifiasm_porec	whatshap_compare	chr17
blockwise_diff_genotypes	0	both	phased_hifiasm	T2T04_hifiasm_porec	whatshap_compare	chr17
blockwise_diff_genotypes_rate	0	both	phased_hifiasm	T2T04_hifiasm_porec	whatshap_compare	chr17
largestblock_assessed_pairs	10886	both	phased_hifiasm	T2T04_hifiasm_porec	whatshap_compare	chr17
largestblock_switches	763	both	phased_hifiasm	T2T04_hifiasm_porec	whatshap_compare	chr17
largestblock_switch_rate	0.07009002388388756	both	phased_hifiasm	T2T04_hifiasm_porec	whatshap_compare	chr17
largestblock_switchflip_rate	0.05373874701451405	both	phased_hifiasm	T2T04_hifiasm_porec	whatshap_compare	chr17
largestblock_hamming	5244	both	phased_hifiasm	T2T04_hifiasm_porec	whatshap_compare	chr17
largestblock_hamming_rate	0.4816753926701571	both	phased_hifiasm	T2T04_hifiasm_porec	whatshap_compare	chr17
largestblock_diff_genotypes	0	both	phased_hifiasm	T2T04_hifiasm_porec	whatshap_compare	chr17
largestblock_diff_genotypes_rate	0	both	phased_hifiasm	T2T04_hifiasm_porec	whatshap_compare	chr17
het_variants0	46891	both	phased_hifiasm	T2T04_hifiasm_porec	whatshap_compare	chr17
only_snvs	0	both	phased_hifiasm	T2T04_hifiasm_porec	whatshap_compare	chr17
intersection_blocks	1	both	phased_hifiasm	T2T04_hifiasm_porec	whatshap_compare	chr18
covered_variants	11768	both	phased_hifiasm	T2T04_hifiasm_porec	whatshap_compare	chr18
all_assessed_pairs	11767	both	phased_hifiasm	T2T04_hifiasm_porec	whatshap_compare	chr18
all_switches	741	both	phased_hifiasm	T2T04_hifiasm_porec	whatshap_compare	chr18
all_switch_rate	0.06297272031953768	both	phased_hifiasm	T2T04_hifiasm_porec	whatshap_compare	chr18
all_switchflip_rate	0.04912042151780402	both	phased_hifiasm	T2T04_hifiasm_porec	whatshap_compare	chr18
blockwise_hamming	5866	both	phased_hifiasm	T2T04_hifiasm_porec	whatshap_compare	chr18
blockwise_hamming_rate	0.4984704282800816	both	phased_hifiasm	T2T04_hifiasm_porec	whatshap_compare	chr18
blockwise_diff_genotypes	0	both	phased_hifiasm	T2T04_hifiasm_porec	whatshap_compare	chr18
blockwise_diff_genotypes_rate	0	both	phased_hifiasm	T2T04_hifiasm_porec	whatshap_compare	chr18
largestblock_assessed_pairs	11767	both	phased_hifiasm	T2T04_hifiasm_porec	whatshap_compare	chr18
largestblock_switches	741	both	phased_hifiasm	T2T04_hifiasm_porec	whatshap_compare	chr18
largestblock_switch_rate	0.06297272031953768	both	phased_hifiasm	T2T04_hifiasm_porec	whatshap_compare	chr18
largestblock_switchflip_rate	0.04912042151780402	both	phased_hifiasm	T2T04_hifiasm_porec	whatshap_compare	chr18
largestblock_hamming	5866	both	phased_hifiasm	T2T04_hifiasm_porec	whatshap_compare	chr18
largestblock_hamming_rate	0.4984704282800816	both	phased_hifiasm	T2T04_hifiasm_porec	whatshap_compare	chr18
largestblock_diff_genotypes	0	both	phased_hifiasm	T2T04_hifiasm_porec	whatshap_compare	chr18
largestblock_diff_genotypes_rate	0	both	phased_hifiasm	T2T04_hifiasm_porec	whatshap_compare	chr18
het_variants0	42112	both	phased_hifiasm	T2T04_hifiasm_porec	whatshap_compare	chr18
only_snvs	0	both	phased_hifiasm	T2T04_hifiasm_porec	whatshap_compare	chr18
intersection_blocks	1	both	phased_hifiasm	T2T04_hifiasm_porec	whatshap_compare	chr19
covered_variants	8516	both	phased_hifiasm	T2T04_hifiasm_porec	whatshap_compare	chr19
all_assessed_pairs	8515	both	phased_hifiasm	T2T04_hifiasm_porec	whatshap_compare	chr19
all_switches	602	both	phased_hifiasm	T2T04_hifiasm_porec	whatshap_compare	chr19
all_switch_rate	0.07069876688197299	both	phased_hifiasm	T2T04_hifiasm_porec	whatshap_compare	chr19
all_switchflip_rate	0.05660598943041691	both	phased_hifiasm	T2T04_hifiasm_porec	whatshap_compare	chr19
blockwise_hamming	3916	both	phased_hifiasm	T2T04_hifiasm_porec	whatshap_compare	chr19
blockwise_hamming_rate	0.4598403006106153	both	phased_hifiasm	T2T04_hifiasm_porec	whatshap_compare	chr19
blockwise_diff_genotypes	0	both	phased_hifiasm	T2T04_hifiasm_porec	whatshap_compare	chr19
blockwise_diff_genotypes_rate	0	both	phased_hifiasm	T2T04_hifiasm_porec	whatshap_compare	chr19
largestblock_assessed_pairs	8515	both	phased_hifiasm	T2T04_hifiasm_porec	whatshap_compare	chr19
largestblock_switches	602	both	phased_hifiasm	T2T04_hifiasm_porec	whatshap_compare	chr19
largestblock_switch_rate	0.07069876688197299	both	phased_hifiasm	T2T04_hifiasm_porec	whatshap_compare	chr19
largestblock_switchflip_rate	0.05660598943041691	both	phased_hifiasm	T2T04_hifiasm_porec	whatshap_compare	chr19
largestblock_hamming	3916	both	phased_hifiasm	T2T04_hifiasm_porec	whatshap_compare	chr19
largestblock_hamming_rate	0.4598403006106153	both	phased_hifiasm	T2T04_hifiasm_porec	whatshap_compare	chr19
largestblock_diff_genotypes	0	both	phased_hifiasm	T2T04_hifiasm_porec	whatshap_compare	chr19
largestblock_diff_genotypes_rate	0	both	phased_hifiasm	T2T04_hifiasm_porec	whatshap_compare	chr19
het_variants0	38754	both	phased_hifiasm	T2T04_hifiasm_porec	whatshap_compare	chr19
only_snvs	0	both	phased_hifiasm	T2T04_hifiasm_porec	whatshap_compare	chr19
intersection_blocks	1	both	phased_hifiasm	T2T04_hifiasm_porec	whatshap_compare	chr2
covered_variants	33169	both	phased_hifiasm	T2T04_hifiasm_porec	whatshap_compare	chr2
all_assessed_pairs	33168	both	phased_hifiasm	T2T04_hifiasm_porec	whatshap_compare	chr2
all_switches	1793	both	phased_hifiasm	T2T04_hifiasm_porec	whatshap_compare	chr2
all_switch_rate	0.05405812831644959	both	phased_hifiasm	T2T04_hifiasm_porec	whatshap_compare	chr2
all_switchflip_rate	0.04236010612638688	both	phased_hifiasm	T2T04_hifiasm_porec	whatshap_compare	chr2
blockwise_hamming	16007	both	phased_hifiasm	T2T04_hifiasm_porec	whatshap_compare	chr2
blockwise_hamming_rate	0.48258916458138623	both	phased_hifiasm	T2T04_hifiasm_porec	whatshap_compare	chr2
blockwise_diff_genotypes	0	both	phased_hifiasm	T2T04_hifiasm_porec	whatshap_compare	chr2
blockwise_diff_genotypes_rate	0	both	phased_hifiasm	T2T04_hifiasm_porec	whatshap_compare	chr2
largestblock_assessed_pairs	33168	both	phased_hifiasm	T2T04_hifiasm_porec	whatshap_compare	chr2
largestblock_switches	1793	both	phased_hifiasm	T2T04_hifiasm_porec	whatshap_compare	chr2
largestblock_switch_rate	0.05405812831644959	both	phased_hifiasm	T2T04_hifiasm_porec	whatshap_compare	chr2
largestblock_switchflip_rate	0.04236010612638688	both	phased_hifiasm	T2T04_hifiasm_porec	whatshap_compare	chr2
largestblock_hamming	16007	both	phased_hifiasm	T2T04_hifiasm_porec	whatshap_compare	chr2
largestblock_hamming_rate	0.48258916458138623	both	phased_hifiasm	T2T04_hifiasm_porec	whatshap_compare	chr2
largestblock_diff_genotypes	0	both	phased_hifiasm	T2T04_hifiasm_porec	whatshap_compare	chr2
largestblock_diff_genotypes_rate	0	both	phased_hifiasm	T2T04_hifiasm_porec	whatshap_compare	chr2
het_variants0	111670	both	phased_hifiasm	T2T04_hifiasm_porec	whatshap_compare	chr2
only_snvs	0	both	phased_hifiasm	T2T04_hifiasm_porec	whatshap_compare	chr2
intersection_blocks	1	both	phased_hifiasm	T2T04_hifiasm_porec	whatshap_compare	chr20
covered_variants	9216	both	phased_hifiasm	T2T04_hifiasm_porec	whatshap_compare	chr20
all_assessed_pairs	9215	both	phased_hifiasm	T2T04_hifiasm_porec	whatshap_compare	chr20
all_switches	584	both	phased_hifiasm	T2T04_hifiasm_porec	whatshap_compare	chr20
all_switch_rate	0.06337493217580033	both	phased_hifiasm	T2T04_hifiasm_porec	whatshap_compare	chr20
all_switchflip_rate	0.04905046120455778	both	phased_hifiasm	T2T04_hifiasm_porec	whatshap_compare	chr20
blockwise_hamming	4067	both	phased_hifiasm	T2T04_hifiasm_porec	whatshap_compare	chr20
blockwise_hamming_rate	0.4412977430555556	both	phased_hifiasm	T2T04_hifiasm_porec	whatshap_compare	chr20
blockwise_diff_genotypes	0	both	phased_hifiasm	T2T04_hifiasm_porec	whatshap_compare	chr20
blockwise_diff_genotypes_rate	0	both	phased_hifiasm	T2T04_hifiasm_porec	whatshap_compare	chr20
largestblock_assessed_pairs	9215	both	phased_hifiasm	T2T04_hifiasm_porec	whatshap_compare	chr20
largestblock_switches	584	both	phased_hifiasm	T2T04_hifiasm_porec	whatshap_compare	chr20
largestblock_switch_rate	0.06337493217580033	both	phased_hifiasm	T2T04_hifiasm_porec	whatshap_compare	chr20
largestblock_switchflip_rate	0.04905046120455778	both	phased_hifiasm	T2T04_hifiasm_porec	whatshap_compare	chr20
largestblock_hamming	4067	both	phased_hifiasm	T2T04_hifiasm_porec	whatshap_compare	chr20
largestblock_hamming_rate	0.4412977430555556	both	phased_hifiasm	T2T04_hifiasm_porec	whatshap_compare	chr20
largestblock_diff_genotypes	0	both	phased_hifiasm	T2T04_hifiasm_porec	whatshap_compare	chr20
largestblock_diff_genotypes_rate	0	both	phased_hifiasm	T2T04_hifiasm_porec	whatshap_compare	chr20
het_variants0	44228	both	phased_hifiasm	T2T04_hifiasm_porec	whatshap_compare	chr20
only_snvs	0	both	phased_hifiasm	T2T04_hifiasm_porec	whatshap_compare	chr20
intersection_blocks	1	both	phased_hifiasm	T2T04_hifiasm_porec	whatshap_compare	chr21
covered_variants	6217	both	phased_hifiasm	T2T04_hifiasm_porec	whatshap_compare	chr21
all_assessed_pairs	6216	both	phased_hifiasm	T2T04_hifiasm_porec	whatshap_compare	chr21
all_switches	346	both	phased_hifiasm	T2T04_hifiasm_porec	whatshap_compare	chr21
all_switch_rate	0.05566280566280566	both	phased_hifiasm	T2T04_hifiasm_porec	whatshap_compare	chr21
all_switchflip_rate	0.04295366795366795	both	phased_hifiasm	T2T04_hifiasm_porec	whatshap_compare	chr21
blockwise_hamming	2931	both	phased_hifiasm	T2T04_hifiasm_porec	whatshap_compare	chr21
blockwise_hamming_rate	0.4714492520508284	both	phased_hifiasm	T2T04_hifiasm_porec	whatshap_compare	chr21
blockwise_diff_genotypes	0	both	phased_hifiasm	T2T04_hifiasm_porec	whatshap_compare	chr21
blockwise_diff_genotypes_rate	0	both	phased_hifiasm	T2T04_hifiasm_porec	whatshap_compare	chr21
largestblock_assessed_pairs	6216	both	phased_hifiasm	T2T04_hifiasm_porec	whatshap_compare	chr21
largestblock_switches	346	both	phased_hifiasm	T2T04_hifiasm_porec	whatshap_compare	chr21
largestblock_switch_rate	0.05566280566280566	both	phased_hifiasm	T2T04_hifiasm_porec	whatshap_compare	chr21
largestblock_switchflip_rate	0.04295366795366795	both	phased_hifiasm	T2T04_hifiasm_porec	whatshap_compare	chr21
largestblock_hamming	2931	both	phased_hifiasm	T2T04_hifiasm_porec	whatshap_compare	chr21
largestblock_hamming_rate	0.4714492520508284	both	phased_hifiasm	T2T04_hifiasm_porec	whatshap_compare	chr21
largestblock_diff_genotypes	0	both	phased_hifiasm	T2T04_hifiasm_porec	whatshap_compare	chr21
largestblock_diff_genotypes_rate	0	both	phased_hifiasm	T2T04_hifiasm_porec	whatshap_compare	chr21
het_variants0	28931	both	phased_hifiasm	T2T04_hifiasm_porec	whatshap_compare	chr21
only_snvs	0	both	phased_hifiasm	T2T04_hifiasm_porec	whatshap_compare	chr21
intersection_blocks	1	both	phased_hifiasm	T2T04_hifiasm_porec	whatshap_compare	chr22
covered_variants	6774	both	phased_hifiasm	T2T04_hifiasm_porec	whatshap_compare	chr22
all_assessed_pairs	6773	both	phased_hifiasm	T2T04_hifiasm_porec	whatshap_compare	chr22
all_switches	436	both	phased_hifiasm	T2T04_hifiasm_porec	whatshap_compare	chr22
all_switch_rate	0.06437324671489739	both	phased_hifiasm	T2T04_hifiasm_porec	whatshap_compare	chr22
all_switchflip_rate	0.05064225601653625	both	phased_hifiasm	T2T04_hifiasm_porec	whatshap_compare	chr22
blockwise_hamming	3345	both	phased_hifiasm	T2T04_hifiasm_porec	whatshap_compare	chr22
blockwise_hamming_rate	0.49379982285208146	both	phased_hifiasm	T2T04_hifiasm_porec	whatshap_compare	chr22
blockwise_diff_genotypes	0	both	phased_hifiasm	T2T04_hifiasm_porec	whatshap_compare	chr22
blockwise_diff_genotypes_rate	0	both	phased_hifiasm	T2T04_hifiasm_porec	whatshap_compare	chr22
largestblock_assessed_pairs	6773	both	phased_hifiasm	T2T04_hifiasm_porec	whatshap_compare	chr22
largestblock_switches	436	both	phased_hifiasm	T2T04_hifiasm_porec	whatshap_compare	chr22
largestblock_switch_rate	0.06437324671489739	both	phased_hifiasm	T2T04_hifiasm_porec	whatshap_compare	chr22
largestblock_switchflip_rate	0.05064225601653625	both	phased_hifiasm	T2T04_hifiasm_porec	whatshap_compare	chr22
largestblock_hamming	3345	both	phased_hifiasm	T2T04_hifiasm_porec	whatshap_compare	chr22
largestblock_hamming_rate	0.49379982285208146	both	phased_hifiasm	T2T04_hifiasm_porec	whatshap_compare	chr22
largestblock_diff_genotypes	0	both	phased_hifiasm	T2T04_hifiasm_porec	whatshap_compare	chr22
largestblock_diff_genotypes_rate	0	both	phased_hifiasm	T2T04_hifiasm_porec	whatshap_compare	chr22
het_variants0	44720	both	phased_hifiasm	T2T04_hifiasm_porec	whatshap_compare	chr22
only_snvs	0	both	phased_hifiasm	T2T04_hifiasm_porec	whatshap_compare	chr22
intersection_blocks	1	both	phased_hifiasm	T2T04_hifiasm_porec	whatshap_compare	chr3
covered_variants	29531	both	phased_hifiasm	T2T04_hifiasm_porec	whatshap_compare	chr3
all_assessed_pairs	29530	both	phased_hifiasm	T2T04_hifiasm_porec	whatshap_compare	chr3
all_switches	1508	both	phased_hifiasm	T2T04_hifiasm_porec	whatshap_compare	chr3
all_switch_rate	0.05106671181848967	both	phased_hifiasm	T2T04_hifiasm_porec	whatshap_compare	chr3
all_switchflip_rate	0.03928208601422282	both	phased_hifiasm	T2T04_hifiasm_porec	whatshap_compare	chr3
blockwise_hamming	13993	both	phased_hifiasm	T2T04_hifiasm_porec	whatshap_compare	chr3
blockwise_hamming_rate	0.47384104838982766	both	phased_hifiasm	T2T04_hifiasm_porec	whatshap_compare	chr3
blockwise_diff_genotypes	0	both	phased_hifiasm	T2T04_hifiasm_porec	whatshap_compare	chr3
blockwise_diff_genotypes_rate	0	both	phased_hifiasm	T2T04_hifiasm_porec	whatshap_compare	chr3
largestblock_assessed_pairs	29530	both	phased_hifiasm	T2T04_hifiasm_porec	whatshap_compare	chr3
largestblock_switches	1508	both	phased_hifiasm	T2T04_hifiasm_porec	whatshap_compare	chr3
largestblock_switch_rate	0.05106671181848967	both	phased_hifiasm	T2T04_hifiasm_porec	whatshap_compare	chr3
largestblock_switchflip_rate	0.03928208601422282	both	phased_hifiasm	T2T04_hifiasm_porec	whatshap_compare	chr3
largestblock_hamming	13993	both	phased_hifiasm	T2T04_hifiasm_porec	whatshap_compare	chr3
largestblock_hamming_rate	0.47384104838982766	both	phased_hifiasm	T2T04_hifiasm_porec	whatshap_compare	chr3
largestblock_diff_genotypes	0	both	phased_hifiasm	T2T04_hifiasm_porec	whatshap_compare	chr3
largestblock_diff_genotypes_rate	0	both	phased_hifiasm	T2T04_hifiasm_porec	whatshap_compare	chr3
het_variants0	110188	both	phased_hifiasm	T2T04_hifiasm_porec	whatshap_compare	chr3
only_snvs	0	both	phased_hifiasm	T2T04_hifiasm_porec	whatshap_compare	chr3
intersection_blocks	1	both	phased_hifiasm	T2T04_hifiasm_porec	whatshap_compare	chr4
covered_variants	28854	both	phased_hifiasm	T2T04_hifiasm_porec	whatshap_compare	chr4
all_assessed_pairs	28853	both	phased_hifiasm	T2T04_hifiasm_porec	whatshap_compare	chr4
all_switches	1457	both	phased_hifiasm	T2T04_hifiasm_porec	whatshap_compare	chr4
all_switch_rate	0.05049734862925865	both	phased_hifiasm	T2T04_hifiasm_porec	whatshap_compare	chr4
all_switchflip_rate	0.03919869684261602	both	phased_hifiasm	T2T04_hifiasm_porec	whatshap_compare	chr4
blockwise_hamming	14185	both	phased_hifiasm	T2T04_hifiasm_porec	whatshap_compare	chr4
blockwise_hamming_rate	0.4916129479448257	both	phased_hifiasm	T2T04_hifiasm_porec	whatshap_compare	chr4
blockwise_diff_genotypes	0	both	phased_hifiasm	T2T04_hifiasm_porec	whatshap_compare	chr4
blockwise_diff_genotypes_rate	0	both	phased_hifiasm	T2T04_hifiasm_porec	whatshap_compare	chr4
largestblock_assessed_pairs	28853	both	phased_hifiasm	T2T04_hifiasm_porec	whatshap_compare	chr4
largestblock_switches	1457	both	phased_hifiasm	T2T04_hifiasm_porec	whatshap_compare	chr4
largestblock_switch_rate	0.05049734862925865	both	phased_hifiasm	T2T04_hifiasm_porec	whatshap_compare	chr4
largestblock_switchflip_rate	0.03919869684261602	both	phased_hifiasm	T2T04_hifiasm_porec	whatshap_compare	chr4
largestblock_hamming	14185	both	phased_hifiasm	T2T04_hifiasm_porec	whatshap_compare	chr4
largestblock_hamming_rate	0.4916129479448257	both	phased_hifiasm	T2T04_hifiasm_porec	whatshap_compare	chr4
largestblock_diff_genotypes	0	both	phased_hifiasm	T2T04_hifiasm_porec	whatshap_compare	chr4
largestblock_diff_genotypes_rate	0	both	phased_hifiasm	T2T04_hifiasm_porec	whatshap_compare	chr4
het_variants0	113678	both	phased_hifiasm	T2T04_hifiasm_porec	whatshap_compare	chr4
only_snvs	0	both	phased_hifiasm	T2T04_hifiasm_porec	whatshap_compare	chr4
intersection_blocks	1	both	phased_hifiasm	T2T04_hifiasm_porec	whatshap_compare	chr5
covered_variants	27180	both	phased_hifiasm	T2T04_hifiasm_porec	whatshap_compare	chr5
all_assessed_pairs	27179	both	phased_hifiasm	T2T04_hifiasm_porec	whatshap_compare	chr5
all_switches	1399	both	phased_hifiasm	T2T04_hifiasm_porec	whatshap_compare	chr5
all_switch_rate	0.05147356414879135	both	phased_hifiasm	T2T04_hifiasm_porec	whatshap_compare	chr5
all_switchflip_rate	0.04014128555134479	both	phased_hifiasm	T2T04_hifiasm_porec	whatshap_compare	chr5
blockwise_hamming	13520	both	phased_hifiasm	T2T04_hifiasm_porec	whatshap_compare	chr5
blockwise_hamming_rate	0.4974245768947756	both	phased_hifiasm	T2T04_hifiasm_porec	whatshap_compare	chr5
blockwise_diff_genotypes	0	both	phased_hifiasm	T2T04_hifiasm_porec	whatshap_compare	chr5
blockwise_diff_genotypes_rate	0	both	phased_hifiasm	T2T04_hifiasm_porec	whatshap_compare	chr5
largestblock_assessed_pairs	27179	both	phased_hifiasm	T2T04_hifiasm_porec	whatshap_compare	chr5
largestblock_switches	1399	both	phased_hifiasm	T2T04_hifiasm_porec	whatshap_compare	chr5
largestblock_switch_rate	0.05147356414879135	both	phased_hifiasm	T2T04_hifiasm_porec	whatshap_compare	chr5
largestblock_switchflip_rate	0.04014128555134479	both	phased_hifiasm	T2T04_hifiasm_porec	whatshap_compare	chr5
largestblock_hamming	13520	both	phased_hifiasm	T2T04_hifiasm_porec	whatshap_compare	chr5
largestblock_hamming_rate	0.4974245768947756	both	phased_hifiasm	T2T04_hifiasm_porec	whatshap_compare	chr5
largestblock_diff_genotypes	0	both	phased_hifiasm	T2T04_hifiasm_porec	whatshap_compare	chr5
largestblock_diff_genotypes_rate	0	both	phased_hifiasm	T2T04_hifiasm_porec	whatshap_compare	chr5
het_variants0	98678	both	phased_hifiasm	T2T04_hifiasm_porec	whatshap_compare	chr5
only_snvs	0	both	phased_hifiasm	T2T04_hifiasm_porec	whatshap_compare	chr5
intersection_blocks	1	both	phased_hifiasm	T2T04_hifiasm_porec	whatshap_compare	chr6
covered_variants	24166	both	phased_hifiasm	T2T04_hifiasm_porec	whatshap_compare	chr6
all_assessed_pairs	24165	both	phased_hifiasm	T2T04_hifiasm_porec	whatshap_compare	chr6
all_switches	1268	both	phased_hifiasm	T2T04_hifiasm_porec	whatshap_compare	chr6
all_switch_rate	0.05247258431615973	both	phased_hifiasm	T2T04_hifiasm_porec	whatshap_compare	chr6
all_switchflip_rate	0.04142354645147941	both	phased_hifiasm	T2T04_hifiasm_porec	whatshap_compare	chr6
blockwise_hamming	11981	both	phased_hifiasm	T2T04_hifiasm_porec	whatshap_compare	chr6
blockwise_hamming_rate	0.4957791939087975	both	phased_hifiasm	T2T04_hifiasm_porec	whatshap_compare	chr6
blockwise_diff_genotypes	0	both	phased_hifiasm	T2T04_hifiasm_porec	whatshap_compare	chr6
blockwise_diff_genotypes_rate	0	both	phased_hifiasm	T2T04_hifiasm_porec	whatshap_compare	chr6
largestblock_assessed_pairs	24165	both	phased_hifiasm	T2T04_hifiasm_porec	whatshap_compare	chr6
largestblock_switches	1268	both	phased_hifiasm	T2T04_hifiasm_porec	whatshap_compare	chr6
largestblock_switch_rate	0.05247258431615973	both	phased_hifiasm	T2T04_hifiasm_porec	whatshap_compare	chr6
largestblock_switchflip_rate	0.04142354645147941	both	phased_hifiasm	T2T04_hifiasm_porec	whatshap_compare	chr6
largestblock_hamming	11981	both	phased_hifiasm	T2T04_hifiasm_porec	whatshap_compare	chr6
largestblock_hamming_rate	0.4957791939087975	both	phased_hifiasm	T2T04_hifiasm_porec	whatshap_compare	chr6
largestblock_diff_genotypes	0	both	phased_hifiasm	T2T04_hifiasm_porec	whatshap_compare	chr6
largestblock_diff_genotypes_rate	0	both	phased_hifiasm	T2T04_hifiasm_porec	whatshap_compare	chr6
het_variants0	88523	both	phased_hifiasm	T2T04_hifiasm_porec	whatshap_compare	chr6
only_snvs	0	both	phased_hifiasm	T2T04_hifiasm_porec	whatshap_compare	chr6
intersection_blocks	1	both	phased_hifiasm	T2T04_hifiasm_porec	whatshap_compare	chr7
covered_variants	25434	both	phased_hifiasm	T2T04_hifiasm_porec	whatshap_compare	chr7
all_assessed_pairs	25433	both	phased_hifiasm	T2T04_hifiasm_porec	whatshap_compare	chr7
all_switches	1311	both	phased_hifiasm	T2T04_hifiasm_porec	whatshap_compare	chr7
all_switch_rate	0.05154720245350529	both	phased_hifiasm	T2T04_hifiasm_porec	whatshap_compare	chr7
all_switchflip_rate	0.04041992686666929	both	phased_hifiasm	T2T04_hifiasm_porec	whatshap_compare	chr7
blockwise_hamming	11290	both	phased_hifiasm	T2T04_hifiasm_porec	whatshap_compare	chr7
blockwise_hamming_rate	0.4438940001572698	both	phased_hifiasm	T2T04_hifiasm_porec	whatshap_compare	chr7
blockwise_diff_genotypes	0	both	phased_hifiasm	T2T04_hifiasm_porec	whatshap_compare	chr7
blockwise_diff_genotypes_rate	0	both	phased_hifiasm	T2T04_hifiasm_porec	whatshap_compare	chr7
largestblock_assessed_pairs	25433	both	phased_hifiasm	T2T04_hifiasm_porec	whatshap_compare	chr7
largestblock_switches	1311	both	phased_hifiasm	T2T04_hifiasm_porec	whatshap_compare	chr7
largestblock_switch_rate	0.05154720245350529	both	phased_hifiasm	T2T04_hifiasm_porec	whatshap_compare	chr7
largestblock_switchflip_rate	0.04041992686666929	both	phased_hifiasm	T2T04_hifiasm_porec	whatshap_compare	chr7
largestblock_hamming	11290	both	phased_hifiasm	T2T04_hifiasm_porec	whatshap_compare	chr7
largestblock_hamming_rate	0.4438940001572698	both	phased_hifiasm	T2T04_hifiasm_porec	whatshap_compare	chr7
largestblock_diff_genotypes	0	both	phased_hifiasm	T2T04_hifiasm_porec	whatshap_compare	chr7
largestblock_diff_genotypes_rate	0	both	phased_hifiasm	T2T04_hifiasm_porec	whatshap_compare	chr7
het_variants0	93301	both	phased_hifiasm	T2T04_hifiasm_porec	whatshap_compare	chr7
only_snvs	0	both	phased_hifiasm	T2T04_hifiasm_porec	whatshap_compare	chr7
intersection_blocks	1	both	phased_hifiasm	T2T04_hifiasm_porec	whatshap_compare	chr8
covered_variants	23404	both	phased_hifiasm	T2T04_hifiasm_porec	whatshap_compare	chr8
all_assessed_pairs	23403	both	phased_hifiasm	T2T04_hifiasm_porec	whatshap_compare	chr8
all_switches	1228	both	phased_hifiasm	T2T04_hifiasm_porec	whatshap_compare	chr8
all_switch_rate	0.05247190531128488	both	phased_hifiasm	T2T04_hifiasm_porec	whatshap_compare	chr8
all_switchflip_rate	0.0403367089689356	both	phased_hifiasm	T2T04_hifiasm_porec	whatshap_compare	chr8
blockwise_hamming	10221	both	phased_hifiasm	T2T04_hifiasm_porec	whatshap_compare	chr8
blockwise_hamming_rate	0.4367202187660229	both	phased_hifiasm	T2T04_hifiasm_porec	whatshap_compare	chr8
blockwise_diff_genotypes	0	both	phased_hifiasm	T2T04_hifiasm_porec	whatshap_compare	chr8
blockwise_diff_genotypes_rate	0	both	phased_hifiasm	T2T04_hifiasm_porec	whatshap_compare	chr8
largestblock_assessed_pairs	23403	both	phased_hifiasm	T2T04_hifiasm_porec	whatshap_compare	chr8
largestblock_switches	1228	both	phased_hifiasm	T2T04_hifiasm_porec	whatshap_compare	chr8
largestblock_switch_rate	0.05247190531128488	both	phased_hifiasm	T2T04_hifiasm_porec	whatshap_compare	chr8
largestblock_switchflip_rate	0.0403367089689356	both	phased_hifiasm	T2T04_hifiasm_porec	whatshap_compare	chr8
largestblock_hamming	10221	both	phased_hifiasm	T2T04_hifiasm_porec	whatshap_compare	chr8
largestblock_hamming_rate	0.4367202187660229	both	phased_hifiasm	T2T04_hifiasm_porec	whatshap_compare	chr8
largestblock_diff_genotypes	0	both	phased_hifiasm	T2T04_hifiasm_porec	whatshap_compare	chr8
largestblock_diff_genotypes_rate	0	both	phased_hifiasm	T2T04_hifiasm_porec	whatshap_compare	chr8
het_variants0	82037	both	phased_hifiasm	T2T04_hifiasm_porec	whatshap_compare	chr8
only_snvs	0	both	phased_hifiasm	T2T04_hifiasm_porec	whatshap_compare	chr8
intersection_blocks	1	both	phased_hifiasm	T2T04_hifiasm_porec	whatshap_compare	chr9
covered_variants	18729	both	phased_hifiasm	T2T04_hifiasm_porec	whatshap_compare	chr9
all_assessed_pairs	18728	both	phased_hifiasm	T2T04_hifiasm_porec	whatshap_compare	chr9
all_switches	996	both	phased_hifiasm	T2T04_hifiasm_porec	whatshap_compare	chr9
all_switch_rate	0.0531824006834686	both	phased_hifiasm	T2T04_hifiasm_porec	whatshap_compare	chr9
all_switchflip_rate	0.04186245194361384	both	phased_hifiasm	T2T04_hifiasm_porec	whatshap_compare	chr9
blockwise_hamming	9332	both	phased_hifiasm	T2T04_hifiasm_porec	whatshap_compare	chr9
blockwise_hamming_rate	0.4982647231566021	both	phased_hifiasm	T2T04_hifiasm_porec	whatshap_compare	chr9
blockwise_diff_genotypes	0	both	phased_hifiasm	T2T04_hifiasm_porec	whatshap_compare	chr9
blockwise_diff_genotypes_rate	0	both	phased_hifiasm	T2T04_hifiasm_porec	whatshap_compare	chr9
largestblock_assessed_pairs	18728	both	phased_hifiasm	T2T04_hifiasm_porec	whatshap_compare	chr9
largestblock_switches	996	both	phased_hifiasm	T2T04_hifiasm_porec	whatshap_compare	chr9
largestblock_switch_rate	0.0531824006834686	both	phased_hifiasm	T2T04_hifiasm_porec	whatshap_compare	chr9
largestblock_switchflip_rate	0.04186245194361384	both	phased_hifiasm	T2T04_hifiasm_porec	whatshap_compare	chr9
largestblock_hamming	9332	both	phased_hifiasm	T2T04_hifiasm_porec	whatshap_compare	chr9
largestblock_hamming_rate	0.4982647231566021	both	phased_hifiasm	T2T04_hifiasm_porec	whatshap_compare	chr9
largestblock_diff_genotypes	0	both	phased_hifiasm	T2T04_hifiasm_porec	whatshap_compare	chr9
largestblock_diff_genotypes_rate	0	both	phased_hifiasm	T2T04_hifiasm_porec	whatshap_compare	chr9
het_variants0	72873	both	phased_hifiasm	T2T04_hifiasm_porec	whatshap_compare	chr9
only_snvs	0	both	phased_hifiasm	T2T04_hifiasm_porec	whatshap_compare	chr9
total_n_count	204426	haplotype1	phased_verkko	T2T00_trio	gap_statistics	NA
total_gaps	24	haplotype1	phased_verkko	T2T00_trio	gap_statistics	NA
avg_gap_size	8517.75	haplotype1	phased_verkko	T2T00_trio	gap_statistics	NA
gap_n50	38802	haplotype1	phased_verkko	T2T00_trio	gap_statistics	NA
max_gap_size	72624	haplotype1	phased_verkko	T2T00_trio	gap_statistics	NA
min_gap_size	1500	haplotype1	phased_verkko	T2T00_trio	gap_statistics	NA
total_n_count	486878	haplotype2	phased_verkko	T2T00_trio	gap_statistics	NA
total_gaps	24	haplotype2	phased_verkko	T2T00_trio	gap_statistics	NA
avg_gap_size	20286.58	haplotype2	phased_verkko	T2T00_trio	gap_statistics	NA
gap_n50	100000	haplotype2	phased_verkko	T2T00_trio	gap_statistics	NA
max_gap_size	100000	haplotype2	phased_verkko	T2T00_trio	gap_statistics	NA
min_gap_size	1500	haplotype2	phased_verkko	T2T00_trio	gap_statistics	NA
total_n_count	455753	haplotype1	phased_verkko	T2T04_trio	gap_statistics	NA
total_gaps	12	haplotype1	phased_verkko	T2T04_trio	gap_statistics	NA
avg_gap_size	37979.42	haplotype1	phased_verkko	T2T04_trio	gap_statistics	NA
gap_n50	100000	haplotype1	phased_verkko	T2T04_trio	gap_statistics	NA
max_gap_size	100000	haplotype1	phased_verkko	T2T04_trio	gap_statistics	NA
min_gap_size	1500	haplotype1	phased_verkko	T2T04_trio	gap_statistics	NA
total_n_count	394718	haplotype2	phased_verkko	T2T04_trio	gap_statistics	NA
total_gaps	11	haplotype2	phased_verkko	T2T04_trio	gap_statistics	NA
avg_gap_size	35883.45	haplotype2	phased_verkko	T2T04_trio	gap_statistics	NA
gap_n50	100000	haplotype2	phased_verkko	T2T04_trio	gap_statistics	NA
max_gap_size	100000	haplotype2	phased_verkko	T2T04_trio	gap_statistics	NA
min_gap_size	1500	haplotype2	phased_verkko	T2T04_trio	gap_statistics	NA
total_n_count	694539	haplotype1	phased_verkko	T2T00	gap_statistics	NA
total_gaps	29	haplotype1	phased_verkko	T2T00	gap_statistics	NA
avg_gap_size	23949.62	haplotype1	phased_verkko	T2T00	gap_statistics	NA
gap_n50	100000	haplotype1	phased_verkko	T2T00	gap_statistics	NA
max_gap_size	100000	haplotype1	phased_verkko	T2T00	gap_statistics	NA
min_gap_size	1500	haplotype1	phased_verkko	T2T00	gap_statistics	NA
total_n_count	965836	haplotype2	phased_verkko	T2T00	gap_statistics	NA
total_gaps	43	haplotype2	phased_verkko	T2T00	gap_statistics	NA
avg_gap_size	22461.3	haplotype2	phased_verkko	T2T00	gap_statistics	NA
gap_n50	100000	haplotype2	phased_verkko	T2T00	gap_statistics	NA
max_gap_size	100000	haplotype2	phased_verkko	T2T00	gap_statistics	NA
min_gap_size	1500	haplotype2	phased_verkko	T2T00	gap_statistics	NA
total_n_count	1342716	haplotype1	phased_verkko	T2T04	gap_statistics	NA
total_gaps	24	haplotype1	phased_verkko	T2T04	gap_statistics	NA
avg_gap_size	55946.5	haplotype1	phased_verkko	T2T04	gap_statistics	NA
gap_n50	100000	haplotype1	phased_verkko	T2T04	gap_statistics	NA
max_gap_size	100000	haplotype1	phased_verkko	T2T04	gap_statistics	NA
min_gap_size	1500	haplotype1	phased_verkko	T2T04	gap_statistics	NA
total_n_count	613945	haplotype2	phased_verkko	T2T04	gap_statistics	NA
total_gaps	22	haplotype2	phased_verkko	T2T04	gap_statistics	NA
avg_gap_size	27906.59	haplotype2	phased_verkko	T2T04	gap_statistics	NA
gap_n50	100000	haplotype2	phased_verkko	T2T04	gap_statistics	NA
max_gap_size	100000	haplotype2	phased_verkko	T2T04	gap_statistics	NA
min_gap_size	1500	haplotype2	phased_verkko	T2T04	gap_statistics	NA
total_n_count	2827325	haplotype1	phased_hifiasm	T2T00_hifiasm_trio	gap_statistics	NA
total_gaps	38	haplotype1	phased_hifiasm	T2T00_hifiasm_trio	gap_statistics	NA
avg_gap_size	74403.29	haplotype1	phased_hifiasm	T2T00_hifiasm_trio	gap_statistics	NA
gap_n50	423356	haplotype1	phased_hifiasm	T2T00_hifiasm_trio	gap_statistics	NA
max_gap_size	706717	haplotype1	phased_hifiasm	T2T00_hifiasm_trio	gap_statistics	NA
min_gap_size	100	haplotype1	phased_hifiasm	T2T00_hifiasm_trio	gap_statistics	NA
total_n_count	2086712	haplotype2	phased_hifiasm	T2T00_hifiasm_trio	gap_statistics	NA
total_gaps	44	haplotype2	phased_hifiasm	T2T00_hifiasm_trio	gap_statistics	NA
avg_gap_size	47425.27	haplotype2	phased_hifiasm	T2T00_hifiasm_trio	gap_statistics	NA
gap_n50	255363	haplotype2	phased_hifiasm	T2T00_hifiasm_trio	gap_statistics	NA
max_gap_size	738516	haplotype2	phased_hifiasm	T2T00_hifiasm_trio	gap_statistics	NA
min_gap_size	100	haplotype2	phased_hifiasm	T2T00_hifiasm_trio	gap_statistics	NA
total_n_count	25470	haplotype1	phased_hifiasm	T2T04_hifiasm_trio	gap_statistics	NA
total_gaps	4	haplotype1	phased_hifiasm	T2T04_hifiasm_trio	gap_statistics	NA
avg_gap_size	6367.5	haplotype1	phased_hifiasm	T2T04_hifiasm_trio	gap_statistics	NA
gap_n50	25170	haplotype1	phased_hifiasm	T2T04_hifiasm_trio	gap_statistics	NA
max_gap_size	25170	haplotype1	phased_hifiasm	T2T04_hifiasm_trio	gap_statistics	NA
min_gap_size	100	haplotype1	phased_hifiasm	T2T04_hifiasm_trio	gap_statistics	NA
total_n_count	1222211	haplotype2	phased_hifiasm	T2T04_hifiasm_trio	gap_statistics	NA
total_gaps	7	haplotype2	phased_hifiasm	T2T04_hifiasm_trio	gap_statistics	NA
avg_gap_size	174601.57	haplotype2	phased_hifiasm	T2T04_hifiasm_trio	gap_statistics	NA
gap_n50	1203186	haplotype2	phased_hifiasm	T2T04_hifiasm_trio	gap_statistics	NA
max_gap_size	1203186	haplotype2	phased_hifiasm	T2T04_hifiasm_trio	gap_statistics	NA
min_gap_size	100	haplotype2	phased_hifiasm	T2T04_hifiasm_trio	gap_statistics	NA
total_n_count	2249069	haplotype1	phased_hifiasm	T2T00_hifiasm_porec	gap_statistics	NA
total_gaps	47	haplotype1	phased_hifiasm	T2T00_hifiasm_porec	gap_statistics	NA
avg_gap_size	47852.53	haplotype1	phased_hifiasm	T2T00_hifiasm_porec	gap_statistics	NA
gap_n50	633402	haplotype1	phased_hifiasm	T2T00_hifiasm_porec	gap_statistics	NA
max_gap_size	706761	haplotype1	phased_hifiasm	T2T00_hifiasm_porec	gap_statistics	NA
min_gap_size	100	haplotype1	phased_hifiasm	T2T00_hifiasm_porec	gap_statistics	NA
total_n_count	4357883	haplotype2	phased_hifiasm	T2T00_hifiasm_porec	gap_statistics	NA
total_gaps	50	haplotype2	phased_hifiasm	T2T00_hifiasm_porec	gap_statistics	NA
avg_gap_size	87157.66	haplotype2	phased_hifiasm	T2T00_hifiasm_porec	gap_statistics	NA
gap_n50	2580276	haplotype2	phased_hifiasm	T2T00_hifiasm_porec	gap_statistics	NA
max_gap_size	2580276	haplotype2	phased_hifiasm	T2T00_hifiasm_porec	gap_statistics	NA
min_gap_size	100	haplotype2	phased_hifiasm	T2T00_hifiasm_porec	gap_statistics	NA
total_n_count	25842	haplotype1	phased_hifiasm	T2T04_hifiasm_porec	gap_statistics	NA
total_gaps	8	haplotype1	phased_hifiasm	T2T04_hifiasm_porec	gap_statistics	NA
avg_gap_size	3230.25	haplotype1	phased_hifiasm	T2T04_hifiasm_porec	gap_statistics	NA
gap_n50	25142	haplotype1	phased_hifiasm	T2T04_hifiasm_porec	gap_statistics	NA
max_gap_size	25142	haplotype1	phased_hifiasm	T2T04_hifiasm_porec	gap_statistics	NA
min_gap_size	100	haplotype1	phased_hifiasm	T2T04_hifiasm_porec	gap_statistics	NA
total_n_count	1754665	haplotype2	phased_hifiasm	T2T04_hifiasm_porec	gap_statistics	NA
total_gaps	4	haplotype2	phased_hifiasm	T2T04_hifiasm_porec	gap_statistics	NA
avg_gap_size	438666.25	haplotype2	phased_hifiasm	T2T04_hifiasm_porec	gap_statistics	NA
gap_n50	1754365	haplotype2	phased_hifiasm	T2T04_hifiasm_porec	gap_statistics	NA
max_gap_size	1754365	haplotype2	phased_hifiasm	T2T04_hifiasm_porec	gap_statistics	NA
min_gap_size	100	haplotype2	phased_hifiasm	T2T04_hifiasm_porec	gap_statistics	NA
n_contigs	278	haplotype1	phased_verkko	T2T00_trio	contig_statistics	NA
n_contigs_over_10mb	25	haplotype1	phased_verkko	T2T00_trio	contig_statistics	NA
n_contigs	209	haplotype2	phased_verkko	T2T00_trio	contig_statistics	NA
n_contigs_over_10mb	25	haplotype2	phased_verkko	T2T00_trio	contig_statistics	NA
n_contigs	441	haplotype1	phased_verkko	T2T04_trio	contig_statistics	NA
n_contigs_over_10mb	27	haplotype1	phased_verkko	T2T04_trio	contig_statistics	NA
n_contigs	311	haplotype2	phased_verkko	T2T04_trio	contig_statistics	NA
n_contigs_over_10mb	24	haplotype2	phased_verkko	T2T04_trio	contig_statistics	NA
n_contigs	44	haplotype1	phased_verkko	T2T00	contig_statistics	NA
n_contigs_over_10mb	23	haplotype1	phased_verkko	T2T00	contig_statistics	NA
n_contigs	73	haplotype2	phased_verkko	T2T00	contig_statistics	NA
n_contigs_over_10mb	23	haplotype2	phased_verkko	T2T00	contig_statistics	NA
n_contigs	67	haplotype1	phased_verkko	T2T04	contig_statistics	NA
n_contigs_over_10mb	24	haplotype1	phased_verkko	T2T04	contig_statistics	NA
n_contigs	55	haplotype2	phased_verkko	T2T04	contig_statistics	NA
n_contigs_over_10mb	25	haplotype2	phased_verkko	T2T04	contig_statistics	NA
n_contigs	105	haplotype1	phased_hifiasm	T2T00_hifiasm_trio	contig_statistics	NA
n_contigs_over_10mb	55	haplotype1	phased_hifiasm	T2T00_hifiasm_trio	contig_statistics	NA
n_contigs	101	haplotype2	phased_hifiasm	T2T00_hifiasm_trio	contig_statistics	NA
n_contigs_over_10mb	56	haplotype2	phased_hifiasm	T2T00_hifiasm_trio	contig_statistics	NA
n_contigs	39	haplotype1	phased_hifiasm	T2T04_hifiasm_trio	contig_statistics	NA
n_contigs_over_10mb	23	haplotype1	phased_hifiasm	T2T04_hifiasm_trio	contig_statistics	NA
n_contigs	32	haplotype2	phased_hifiasm	T2T04_hifiasm_trio	contig_statistics	NA
n_contigs_over_10mb	23	haplotype2	phased_hifiasm	T2T04_hifiasm_trio	contig_statistics	NA
n_contigs	87	haplotype1	phased_hifiasm	T2T00_hifiasm_porec	contig_statistics	NA
n_contigs_over_10mb	44	haplotype1	phased_hifiasm	T2T00_hifiasm_porec	contig_statistics	NA
n_contigs	85	haplotype2	phased_hifiasm	T2T00_hifiasm_porec	contig_statistics	NA
n_contigs_over_10mb	44	haplotype2	phased_hifiasm	T2T00_hifiasm_porec	contig_statistics	NA
n_contigs	37	haplotype1	phased_hifiasm	T2T04_hifiasm_porec	contig_statistics	NA
n_contigs_over_10mb	24	haplotype1	phased_hifiasm	T2T04_hifiasm_porec	contig_statistics	NA
n_contigs	28	haplotype2	phased_hifiasm	T2T04_hifiasm_porec	contig_statistics	NA
n_contigs_over_10mb	22	haplotype2	phased_hifiasm	T2T04_hifiasm_porec	contig_statistics	NA
n_t2t_contig	11	haplotype1	phased_verkko	T2T00_trio	t2t_scaffold	NA
n_t2t_scaffold	5	haplotype1	phased_verkko	T2T00_trio	t2t_scaffold	NA
n_t2t_contig	9	haplotype2	phased_verkko	T2T00_trio	t2t_scaffold	NA
n_t2t_scaffold	7	haplotype2	phased_verkko	T2T00_trio	t2t_scaffold	NA
n_t2t_contig	8	haplotype1	phased_verkko	T2T04_trio	t2t_scaffold	NA
n_t2t_scaffold	5	haplotype1	phased_verkko	T2T04_trio	t2t_scaffold	NA
n_t2t_contig	8	haplotype2	phased_verkko	T2T04_trio	t2t_scaffold	NA
n_t2t_scaffold	7	haplotype2	phased_verkko	T2T04_trio	t2t_scaffold	NA
n_t2t_contig	9	haplotype1	phased_verkko	T2T00	t2t_scaffold	NA
n_t2t_scaffold	11	haplotype1	phased_verkko	T2T00	t2t_scaffold	NA
n_t2t_contig	8	haplotype2	phased_verkko	T2T00	t2t_scaffold	NA
n_t2t_scaffold	12	haplotype2	phased_verkko	T2T00	t2t_scaffold	NA
n_t2t_contig	8	haplotype1	phased_verkko	T2T04	t2t_scaffold	NA
n_t2t_scaffold	10	haplotype1	phased_verkko	T2T04	t2t_scaffold	NA
n_t2t_contig	7	haplotype2	phased_verkko	T2T04	t2t_scaffold	NA
n_t2t_scaffold	11	haplotype2	phased_verkko	T2T04	t2t_scaffold	NA
n_t2t_contig	0	haplotype1	phased_hifiasm	T2T00_hifiasm_trio	t2t_scaffold	NA
n_t2t_scaffold	2	haplotype1	phased_hifiasm	T2T00_hifiasm_trio	t2t_scaffold	NA
n_t2t_contig	0	haplotype2	phased_hifiasm	T2T00_hifiasm_trio	t2t_scaffold	NA
n_t2t_scaffold	1	haplotype2	phased_hifiasm	T2T00_hifiasm_trio	t2t_scaffold	NA
n_t2t_contig	15	haplotype1	phased_hifiasm	T2T04_hifiasm_trio	t2t_scaffold	NA
n_t2t_scaffold	3	haplotype1	phased_hifiasm	T2T04_hifiasm_trio	t2t_scaffold	NA
n_t2t_contig	16	haplotype2	phased_hifiasm	T2T04_hifiasm_trio	t2t_scaffold	NA
n_t2t_scaffold	5	haplotype2	phased_hifiasm	T2T04_hifiasm_trio	t2t_scaffold	NA
n_t2t_contig	0	haplotype1	phased_hifiasm	T2T00_hifiasm_porec	t2t_scaffold	NA
n_t2t_scaffold	2	haplotype1	phased_hifiasm	T2T00_hifiasm_porec	t2t_scaffold	NA
n_t2t_contig	0	haplotype2	phased_hifiasm	T2T00_hifiasm_porec	t2t_scaffold	NA
n_t2t_scaffold	2	haplotype2	phased_hifiasm	T2T00_hifiasm_porec	t2t_scaffold	NA
n_t2t_contig	14	haplotype1	phased_hifiasm	T2T04_hifiasm_porec	t2t_scaffold	NA
n_t2t_scaffold	7	haplotype1	phased_hifiasm	T2T04_hifiasm_porec	t2t_scaffold	NA
n_t2t_contig	14	haplotype2	phased_hifiasm	T2T04_hifiasm_porec	t2t_scaffold	NA
n_t2t_scaffold	3	haplotype2	phased_hifiasm	T2T04_hifiasm_porec	t2t_scaffold	NA
