contig	color
contig-0000001	#56B4E9	chr2
contig-0000002	#56B4E9	chr2
contig-0000003	#1A7FBA	chr12
contig-0000004	#737373	chr14
contig-0000005	#E6C47F	chr22
contig-0000006	#D57533	chr13
contig-0000008	#00B28C	chr17
contig-0000009	#808080	chr21
contig-0000010	#D57533	chr13
contig-0000011	#D57533	chr13
contig-0000012	#D57533	chr13
contig-0000014	#737373	chr14
contig-0000017	#D57533	chr13
contig-0000018	#D57533	chr13
contig-0000019	#D57533	chr13
contig-0000020	#808080	chr21
contig-0000021	#9467BD	chrX
contig-0000022	#737373	chr14
contig-0000023	#9467BD	chrX
contig-0000024	#9467BD	chrX
contig-0000025	#9467BD	chrX
contig-0000026	#D57533	chr13
contig-0000027	#9467BD	chrX
contig-0000028	#737373	chr14
contig-0000029	#9467BD	chrX
contig-0000030	#9467BD	chrX
contig-0000031	#9467BD	chrX
contig-0000032	#9467BD	chrX
contig-0000033	#9467BD	chrX
contig-0000034	#9467BD	chrX
contig-0000035	#9467BD	chrX
contig-0000036	#9467BD	chrX
contig-0000037	#737373	chr14
contig-0000038	#9467BD	chrX
contig-0000039	#9467BD	chrX
contig-0000040	#9467BD	chrX
contig-0000041	#9467BD	chrX
contig-0000042	#9467BD	chrX
contig-0000043	#D57533	chr13
contig-0000044	#808080	chr21
contig-0000045	#737373	chr14
contig-0000046	#808080	chr21
contig-0000047	#808080	chr21
contig-0000048	#808080	chr21
contig-0000049	#808080	chr21
contig-0000050	#E6C47F	chr22
contig-0000051	#808080	chr21
contig-0000052	#E6C47F	chr22
contig-0000053	#808080	chr21
contig-0000054	#808080	chr21
contig-0000055	#737373	chr14
contig-0000056	#737373	chr14
contig-0000057	#737373	chr14
contig-0000058	#666666	chr7
contig-0000059	#666666	chr7
contig-0000060	#666666	chr7
contig-0000061	#666666	chr7
contig-0000062	#666666	chr7
contig-0000063	#808080	chr21
contig-0000064	#5699E9	chr9
contig-0000065	#1A7FBA	chr12
contig-0000066	#5699E9	chr9
contig-0000067	#5699E9	chr9
contig-0000068	#5699E9	chr9
contig-0000069	#5699E9	chr9
contig-0000070	#5699E9	chr9
contig-0000071	#E6B847	chr15
contig-0000072	#D57533	chr13
contig-0000073	#808080	chr21
contig-0000074	#E6B847	chr15
contig-0000075	#0072B2	chr5
contig-0000076	#808080	chr21
contig-0000077	#00B28C	chr17
contig-0000079	#D57533	chr13
contig-0000080	#D57533	chr13
contig-0000081	#E6C47F	chr22
contig-0000083	#D57533	chr13
contig-0000085	#0072B2	chr5
contig-0000086	#E6C47F	chr22
contig-0000087	#D57533	chr13
contig-0000088	#D57533	chr13
contig-0000089	#E6C47F	chr22
contig-0000090	#E6C47F	chr22
contig-0000091	#E6C47F	chr22
contig-0000092	#E6C47F	chr22
contig-0000093	#E6C47F	chr22
contig-0000094	#E6C47F	chr22
contig-0000095	#808080	chr21
contig-0000096	#1A7FBA	chr12
contig-0000097	#0072B2	chr5
contig-0000100	#567DE9	chr16
contig-0000101	#E6C47F	chr22
contig-0000102	#D57533	chr13
contig-0000103	#0072B2	chr5
contig-0000104	#E6C47F	chr22
contig-0000105	#E6C47F	chr22
contig-0000106	#D57533	chr13
contig-0000107	#D57533	chr13
contig-0000108	#D57533	chr13
contig-0000109	#D57533	chr13
contig-0000110	#E6C47F	chr22
contig-0000111	#E6C47F	chr22
contig-0000112	#0072B2	chr5
contig-0000113	#D57533	chr13
contig-0000114	#E6C47F	chr22
contig-0000115	#808080	chr21
contig-0000116	#E6C47F	chr22
contig-0000117	#808080	chr21
contig-0000118	#00B28C	chr17
contig-0000119	#1A7FBA	chr12
contig-0000120	#D57533	chr13
contig-0000121	#D57533	chr13
contig-0000122	#E6C47F	chr22
contig-0000123	#D57533	chr13
contig-0000124	#808080	chr21
contig-0000125	#737373	chr14
contig-0000126	#D57533	chr13
contig-0000127	#E6C47F	chr22
contig-0000129	#00B28C	chr17
contig-0000130	#E69F00	chr1
contig-0000131	#E69F00	chr1
contig-0000132	#E69F00	chr1
contig-0000133	#E69F00	chr1
contig-0000134	#D57533	chr13
contig-0000135	#E6B847	chr15
contig-0000136	#1A7FBA	chr12
contig-0000137	#E6C47F	chr22
contig-0000138	#E6C47F	chr22
contig-0000139	#D57533	chr13
contig-0000140	#E6C47F	chr22
contig-0000141	#E6C47F	chr22
contig-0000142	#808080	chr21
contig-0000143	#56B4E9	chr2
contig-0000144	#E69F00	chr1
contig-0000145	#808080	chr21
contig-0000146	#1A7FBA	chr12
contig-0000147	#D57533	chr13
contig-0000148	#00B28C	chr17
contig-0000149	#00B28C	chr17
contig-0000150	#00B28C	chr17
contig-0000151	#00B28C	chr17
contig-0000152	#00B28C	chr17
contig-0000153	#808080	chr21
contig-0000154	#808080	chr21
contig-0000155	#1A7FBA	chr12
contig-0000156	#D55E00	chr6
contig-0000157	#D55E00	chr6
contig-0000158	#D55E00	chr6
contig-0000159	#E6B847	chr15
contig-0000160	#D57533	chr13
contig-0000161	#E6C47F	chr22
contig-0000162	#D57533	chr13
contig-0000163	#D57533	chr13
contig-0000164	#1A7FBA	chr12
contig-0000165	#E6C47F	chr22
contig-0000166	#E6C47F	chr22
contig-0000167	#D57533	chr13
contig-0000168	#808080	chr21
contig-0000169	#808080	chr21
contig-0000170	#E69F00	chr1
contig-0000172	#338CC2	chr19
contig-0000173	#CC8DB3	chr11
contig-0000174	#CC8DB3	chr11
contig-0000175	#CC8DB3	chr11
contig-0000176	#E6AB23	chr8
contig-0000177	#E6AB23	chr8
contig-0000178	#E6AB23	chr8
contig-0000179	#E6AB23	chr8
contig-0000180	#E6AB23	chr8
contig-0000181	#D55E00	chr6
contig-0000182	#D57533	chr13
contig-0000183	#1A7FBA	chr12
contig-0000186	#D57533	chr13
contig-0000187	#D57533	chr13
contig-0000188	#E69F00	chr1
contig-0000189	#D57533	chr13
contig-0000190	#D57533	chr13
contig-0000191	#D57533	chr13
contig-0000192	#00B28C	chr17
contig-0000193	#00B28C	chr17
contig-0000194	#00B28C	chr17
contig-0000195	#00B28C	chr17
contig-0000196	#00B28C	chr17
contig-0000197	#567DE9	chr16
contig-0000198	#567DE9	chr16
contig-0000199	#567DE9	chr16
contig-0000200	#567DE9	chr16
contig-0000201	#E69F00	chr1
contig-0000202	#E69F00	chr1
contig-0000203	#E69F00	chr1
contig-0000204	#E69F00	chr1
contig-0000206	#D57533	chr13
contig-0000207	#D57533	chr13
contig-0000209	#CCA0BF	chr18
contig-0000210	#00B28C	chr17
contig-0000211	#00B28C	chr17
contig-0000212	#00B28C	chr17
contig-0000213	#00B28C	chr17
contig-0000214	#00B28C	chr17
contig-0000219	#737373	chr14
contig-0000220	#E69F00	chr1
contig-0000221	#E6B847	chr15
contig-0000222	#E6B847	chr15
contig-0000223	#E6B847	chr15
contig-0000224	#737373	chr14
contig-0000225	#E6B847	chr15
contig-0000226	#808080	chr21
contig-0000227	#D57533	chr13
contig-0000228	#D57533	chr13
contig-0000229	#E69F00	chr1
contig-0000230	#D57533	chr13
contig-0000231	#D57533	chr13
contig-0000232	#D57533	chr13
contig-0000233	#808080	chr21
contig-0000234	#808080	chr21
contig-0000235	#808080	chr21
contig-0000236	#808080	chr21
contig-0000237	#808080	chr21
contig-0000238	#E69F00	chr1
contig-0000239	#56B4E9	chr2
contig-0000240	#56B4E9	chr2
contig-0000241	#56B4E9	chr2
contig-0000243	#D57533	chr13
contig-0000244	#D57533	chr13
contig-0000245	#E6C47F	chr22
contig-0000246	#D57533	chr13
contig-0000247	#D57533	chr13
contig-0000248	#D57533	chr13
contig-0000249	#CC8DB3	chr11
contig-0000250	#E6C47F	chr22
contig-0000251	#D57533	chr13
contig-0000252	#808080	chr21
contig-0000253	#808080	chr21
contig-0000254	#808080	chr21
contig-0000256	#56B4E9	chr2
contig-0000257	#56B4E9	chr2
contig-0000258	#56B4E9	chr2
contig-0000259	#CC8DB3	chr11
contig-0000261	#D57533	chr13
contig-0000262	#808080	chr21
contig-0000263	#808080	chr21
contig-0000264	#56B4E9	chr2
contig-0000265	#56B4E9	chr2
contig-0000266	#CC8DB3	chr11
contig-0000267	#E6B847	chr15
contig-0000268	#808080	chr21
contig-0000270	#D55E00	chr6
contig-0000271	#D55E00	chr6
contig-0000272	#D55E00	chr6
contig-0000273	#D55E00	chr6
contig-0000274	#CC79A7	chr4
contig-0000275	#CC8DB3	chr11
contig-0000276	#E6B847	chr15
contig-0000277	#E69F00	chr1
contig-0000278	#E69F00	chr1
contig-0000279	#CC8DB3	chr11
contig-0000280	#808080	chr21
contig-0000281	#808080	chr21
contig-0000282	#666666	chr7
contig-0000283	#666666	chr7
contig-0000284	#666666	chr7
contig-0000285	#666666	chr7
contig-0000286	#737373	chr14
contig-0000287	#737373	chr14
contig-0000288	#737373	chr14
contig-0000289	#D57533	chr13
contig-0000290	#9467BD	chrX
contig-0000291	#D57533	chr13
contig-0000292	#D57533	chr13
contig-0000293	#D57533	chr13
contig-0000294	#CC8DB3	chr11
contig-0000295	#CC8DB3	chr11
contig-0000296	#CC8DB3	chr11
contig-0000297	#CC8DB3	chr11
contig-0000298	#D57533	chr13
contig-0000299	#CC8DB3	chr11
contig-0000300	#808080	chr21
contig-0000301	#808080	chr21
contig-0000302	#808080	chr21
contig-0000303	#808080	chr21
contig-0000304	#808080	chr21
contig-0000305	#808080	chr21
contig-0000306	#808080	chr21
contig-0000307	#808080	chr21
contig-0000308	#E6B847	chr15
contig-0000309	#D57533	chr13
contig-0000310	#808080	chr21
contig-0000311	#808080	chr21
contig-0000312	#808080	chr21
contig-0000313	#808080	chr21
contig-0000314	#808080	chr21
contig-0000315	#808080	chr21
contig-0000316	#808080	chr21
contig-0000317	#808080	chr21
contig-0000318	#808080	chr21
contig-0000319	#D57533	chr13
contig-0000320	#808080	chr21
contig-0000321	#808080	chr21
contig-0000322	#D57533	chr13
contig-0000323	#D57533	chr13
contig-0000325	#567DE9	chr16
contig-0000326	#567DE9	chr16
contig-0000327	#56B4E9	chr2
contig-0000328	#56B4E9	chr2
contig-0000329	#56B4E9	chr2
contig-0000330	#56B4E9	chr2
contig-0000331	#D57533	chr13
contig-0000332	#56B4E9	chr2
contig-0000333	#808080	chr21
contig-0000334	#808080	chr21
contig-0000335	#808080	chr21
contig-0000336	#CC8DB3	chr11
contig-0000337	#CC8DB3	chr11
contig-0000338	#CC8DB3	chr11
contig-0000339	#CC8DB3	chr11
contig-0000340	#808080	chr21
contig-0000343	#CCA0BF	chr18
contig-0000344	#CCA0BF	chr18
contig-0000345	#CCA0BF	chr18
contig-0000346	#CCA0BF	chr18
contig-0000347	#CCA0BF	chr18
contig-0000348	#808080	chr21
contig-0000349	#808080	chr21
contig-0000350	#56B4E9	chr2
contig-0000351	#E6C47F	chr22
contig-0000352	#56B4E9	chr2
contig-0000353	#56B4E9	chr2
contig-0000354	#56B4E9	chr2
contig-0000355	#56B4E9	chr2
contig-0000356	#808080	chr21
contig-0000357	#808080	chr21
contig-0000358	#E6C47F	chr22
contig-0000359	#D57533	chr13
contig-0000360	#D57533	chr13
contig-0000361	#E6AB23	chr8
contig-0000362	#E6AB23	chr8
contig-0000365	#808080	chr21
contig-0000366	#D57533	chr13
contig-0000367	#D57533	chr13
contig-0000368	#CC79A7	chr4
contig-0000369	#D57533	chr13
contig-0000370	#E6C47F	chr22
contig-0000371	#D57533	chr13
contig-0000372	#D57533	chr13
contig-0000373	#1A7FBA	chr12
contig-0000374	#D57533	chr13
contig-0000375	#D57533	chr13
contig-0000376	#5699E9	chr9
contig-0000377	#808080	chr21
contig-0000378	#808080	chr21
contig-0000379	#808080	chr21
contig-0000380	#338CC2	chr19
contig-0000381	#338CC2	chr19
contig-0000382	#E6B847	chr15
contig-0000383	#5699E9	chr9
contig-0000384	#E6C47F	chr22
contig-0000385	#E6B847	chr15
contig-0000386	#808080	chr21
contig-0000388	#D57533	chr13
contig-0000389	#E6C47F	chr22
contig-0000390	#5699E9	chr9
contig-0000391	#E69F00	chr1
contig-0000392	#E69F00	chr1
contig-0000393	#E69F00	chr1
contig-0000394	#E69F00	chr1
contig-0000395	#E69F00	chr1
contig-0000402	#E6C47F	chr22
contig-0000403	#E6C47F	chr22
contig-0000404	#E6C47F	chr22
contig-0000405	#D57533	chr13
contig-0000406	#808080	chr21
contig-0000407	#9467BD	chrX
contig-0000408	#5699E9	chr9
contig-0000409	#9467BD	chrX
contig-0000410	#9467BD	chrX
contig-0000411	#9467BD	chrX
contig-0000414	#E6AB23	chr8
contig-0000416	#567DE9	chr16
contig-0000417	#567DE9	chr16
contig-0000418	#567DE9	chr16
contig-0000419	#D55E00	chr6
contig-0000420	#567DE9	chr16
contig-0000421	#567DE9	chr16
contig-0000422	#56B4E9	chr2
contig-0000423	#56B4E9	chr2
contig-0000424	#56B4E9	chr2
contig-0000425	#567DE9	chr16
contig-0000426	#567DE9	chr16
contig-0000427	#E6C47F	chr22
contig-0000428	#D57533	chr13
contig-0000429	#D55E00	chr6
contig-0000430	#808080	chr21
contig-0000431	#D57533	chr13
contig-0000432	#808080	chr21
contig-0000433	#D57533	chr13
contig-0000434	#D57533	chr13
contig-0000435	#D57533	chr13
contig-0000436	#D55E00	chr6
contig-0000437	#D57533	chr13
contig-0000438	#D57533	chr13
contig-0000440	#808080	chr21
contig-0000441	#D57533	chr13
contig-0000442	#D57533	chr13
contig-0000443	#D57533	chr13
contig-0000444	#D57533	chr13
contig-0000445	#D55E00	chr6
contig-0000446	#D57533	chr13
contig-0000447	#D57533	chr13
contig-0000448	#00B28C	chr17
contig-0000449	#00B28C	chr17
contig-0000450	#00B28C	chr17
contig-0000452	#D57533	chr13
contig-0000453	#D57533	chr13
contig-0000454	#D57533	chr13
contig-0000455	#CC79A7	chr4
contig-0000456	#D55E00	chr6
contig-0000457	#D57533	chr13
contig-0000458	#D57533	chr13
contig-0000461	#E69F00	chr1
contig-0000462	#737373	chr14
contig-0000463	#737373	chr14
contig-0000464	#737373	chr14
contig-0000465	#737373	chr14
contig-0000466	#808080	chr21
contig-0000467	#808080	chr21
contig-0000468	#808080	chr21
contig-0000469	#E6C47F	chr22
contig-0000470	#808080	chr21
contig-0000471	#737373	chr14
contig-0000472	#E6B847	chr15
contig-0000473	#737373	chr14
contig-0000474	#D57533	chr13
contig-0000475	#D57533	chr13
contig-0000476	#00B28C	chr17
contig-0000477	#00B28C	chr17
contig-0000478	#00B28C	chr17
contig-0000479	#00B28C	chr17
contig-0000480	#00B28C	chr17
contig-0000481	#00B28C	chr17
contig-0000482	#00B28C	chr17
contig-0000483	#737373	chr14
contig-0000484	#00B28C	chr17
contig-0000486	#E6C47F	chr22
contig-0000488	#E69F00	chr1
contig-0000489	#56B4E9	chr2
contig-0000490	#56B4E9	chr2
contig-0000491	#56B4E9	chr2
contig-0000493	#009E73	chr3
contig-0000494	#009E73	chr3
contig-0000495	#009E73	chr3
contig-0000496	#E6C47F	chr22
contig-0000499	#8C564B	chrY
contig-0000500	#8C564B	chrY
contig-0000501	#737373	chr14
contig-0000504	#338CC2	chr19
contig-0000505	#338CC2	chr19
contig-0000506	#338CC2	chr19
contig-0000507	#338CC2	chr19
contig-0000508	#338CC2	chr19
contig-0000510	#CC79A7	chr4
contig-0000511	#56B4E9	chr2
contig-0000512	#56B4E9	chr2
contig-0000513	#56B4E9	chr2
contig-0000514	#56B4E9	chr2
contig-0000515	#56B4E9	chr2
contig-0000516	#56B4E9	chr2
contig-0000517	#56B4E9	chr2
contig-0000518	#CC8DB3	chr11
contig-0000519	#CC79A7	chr4
contig-0000520	#D57533	chr13
contig-0000521	#E69F00	chr1
contig-0000522	#E69F00	chr1
contig-0000523	#E69F00	chr1
contig-0000524	#D55E00	chr6
contig-0000525	#D57533	chr13
contig-0000526	#808080	chr21
contig-0000527	#CC79A7	chr4
contig-0000528	#D57533	chr13
contig-0000529	#D57533	chr13
contig-0000530	#CCA0BF	chr18
contig-0000531	#CCA0BF	chr18
contig-0000532	#CCA0BF	chr18
contig-0000533	#CCA0BF	chr18
contig-0000534	#CCA0BF	chr18
contig-0000537	#009E73	chr3
contig-0000538	#CC79A7	chr4
contig-0000539	#009E73	chr3
contig-0000540	#009E73	chr3
contig-0000541	#009E73	chr3
contig-0000542	#009E73	chr3
contig-0000544	#E6C47F	chr22
contig-0000545	#E6C47F	chr22
contig-0000546	#CC79A7	chr4
contig-0000547	#CC79A7	chr4
contig-0000548	#666666	chr7
contig-0000549	#666666	chr7
contig-0000550	#666666	chr7
contig-0000551	#737373	chr14
contig-0000552	#737373	chr14
contig-0000553	#737373	chr14
contig-0000555	#338CC2	chr19
contig-0000556	#CC79A7	chr4
contig-0000557	#CC8DB3	chr11
contig-0000558	#CC8DB3	chr11
contig-0000559	#CC8DB3	chr11
contig-0000560	#567DE9	chr16
contig-0000561	#567DE9	chr16
contig-0000562	#567DE9	chr16
contig-0000563	#567DE9	chr16
contig-0000564	#567DE9	chr16
contig-0000565	#E6C47F	chr22
contig-0000566	#808080	chr21
contig-0000567	#666666	chr7
contig-0000568	#5699E9	chr9
contig-0000569	#5699E9	chr9
contig-0000570	#5699E9	chr9
contig-0000571	#5699E9	chr9
contig-0000572	#5699E9	chr9
contig-0000573	#E6C47F	chr22
contig-0000574	#D57533	chr13
contig-0000575	#666666	chr7
contig-0000576	#CC79A7	chr4
contig-0000577	#CC79A7	chr4
contig-0000578	#D57533	chr13
contig-0000579	#D57533	chr13
contig-0000580	#808080	chr21
contig-0000581	#808080	chr21
contig-0000583	#D57533	chr13
contig-0000584	#808080	chr21
contig-0000585	#666666	chr7
contig-0000586	#808080	chr21
contig-0000587	#D57533	chr13
contig-0000588	#D57533	chr13
contig-0000589	#E6AB23	chr8
contig-0000590	#E6AB23	chr8
contig-0000591	#E6C47F	chr22
contig-0000592	#666666	chr7
contig-0000595	#00B28C	chr17
contig-0000596	#00B28C	chr17
contig-0000597	#D57533	chr13
contig-0000598	#D57533	chr13
contig-0000599	#666666	chr7
contig-0000600	#D57533	chr13
contig-0000601	#D57533	chr13
contig-0000602	#5699E9	chr9
contig-0000603	#5699E9	chr9
contig-0000604	#5699E9	chr9
contig-0000605	#5699E9	chr9
contig-0000606	#5699E9	chr9
contig-0000607	#5699E9	chr9
contig-0000608	#5699E9	chr9
contig-0000609	#5699E9	chr9
contig-0000610	#0072B2	chr5
contig-0000611	#5699E9	chr9
contig-0000612	#D57533	chr13
contig-0000613	#808080	chr21
contig-0000614	#338CC2	chr19
contig-0000615	#567DE9	chr16
contig-0000616	#567DE9	chr16
contig-0000617	#567DE9	chr16
contig-0000618	#D57533	chr13
contig-0000620	#E6C47F	chr22
contig-0000621	#0072B2	chr5
contig-0000622	#808080	chr21
contig-0000624	#E6B847	chr15
contig-0000625	#E6B847	chr15
contig-0000627	#808080	chr21
contig-0000628	#D57533	chr13
contig-0000629	#D57533	chr13
contig-0000630	#CC79A7	chr4
contig-0000631	#0072B2	chr5
contig-0000632	#CC79A7	chr4
contig-0000633	#CC79A7	chr4
contig-0000634	#E6C47F	chr22
contig-0000635	#D57533	chr13
contig-0000636	#808080	chr21
contig-0000637	#D57533	chr13
contig-0000639	#CC79A7	chr4
contig-0000640	#CC79A7	chr4
contig-0000641	#CC79A7	chr4
contig-0000642	#1A7FBA	chr12
contig-0000643	#CC79A7	chr4
contig-0000644	#56B4E9	chr2
contig-0000645	#56B4E9	chr2
contig-0000646	#56B4E9	chr2
contig-0000647	#D57533	chr13
contig-0000648	#808080	chr21
contig-0000649	#D57533	chr13
contig-0000650	#808080	chr21
contig-0000651	#D57533	chr13
contig-0000652	#1A7FBA	chr12
contig-0000653	#E6B847	chr15
contig-0000654	#CC79A7	chr4
contig-0000655	#CC79A7	chr4
contig-0000656	#CC79A7	chr4
contig-0000657	#CC79A7	chr4
contig-0000658	#CC79A7	chr4
contig-0000659	#D57533	chr13
contig-0000660	#D57533	chr13
contig-0000661	#808080	chr21
contig-0000662	#00A880	chr10
contig-0000663	#00A880	chr10
contig-0000664	#00A880	chr10
contig-0000665	#00A880	chr10
contig-0000666	#00A880	chr10
contig-0000667	#00A880	chr10
contig-0000669	#E6C47F	chr22
contig-0000670	#1A7FBA	chr12
contig-0000671	#E6C47F	chr22
contig-0000672	#D57533	chr13
contig-0000673	#56B4E9	chr2
contig-0000674	#56B4E9	chr2
contig-0000675	#56B4E9	chr2
contig-0000676	#56B4E9	chr2
contig-0000677	#56B4E9	chr2
contig-0000678	#CC8DB3	chr11
contig-0000679	#CC8DB3	chr11
contig-0000680	#CC8DB3	chr11
contig-0000681	#1A7FBA	chr12
contig-0000682	#CC79A7	chr4
contig-0000683	#CC79A7	chr4
contig-0000684	#CC79A7	chr4
contig-0000685	#CC79A7	chr4
contig-0000686	#CC79A7	chr4
contig-0000687	#9467BD	chrX
contig-0000689	#1A7FBA	chr12
contig-0000692	#CCA0BF	chr18
contig-0000693	#CCA0BF	chr18
contig-0000694	#CCA0BF	chr18
contig-0000695	#00B28C	chr17
contig-0000696	#D57533	chr13
contig-0000697	#D57533	chr13
contig-0000698	#D57533	chr13
contig-0000699	#D57533	chr13
contig-0000700	#D57533	chr13
contig-0000701	#D57533	chr13
contig-0000702	#D57533	chr13
contig-0000704	#E69F00	chr1
contig-0000705	#E69F00	chr1
contig-0000706	#737373	chr14
contig-0000707	#E69F00	chr1
contig-0000708	#E69F00	chr1
contig-0000709	#E69F00	chr1
contig-0000710	#E6C47F	chr22
contig-0000711	#D57533	chr13
contig-0000712	#D57533	chr13
contig-0000714	#D57533	chr13
contig-0000715	#808080	chr21
contig-0000716	#737373	chr14
contig-0000717	#808080	chr21
contig-0000718	#808080	chr21
contig-0000719	#00B28C	chr17
contig-0000720	#00B28C	chr17
contig-0000721	#00B28C	chr17
contig-0000722	#D55E00	chr6
contig-0000723	#D55E00	chr6
contig-0000724	#D55E00	chr6
contig-0000726	#737373	chr14
contig-0000728	#E6B847	chr15
contig-0000729	#808080	chr21
contig-0000730	#E6B847	chr15
contig-0000731	#D57533	chr13
contig-0000732	#808080	chr21
contig-0000733	#D57533	chr13
contig-0000734	#D57533	chr13
contig-0000736	#56B4E9	chr2
contig-0000737	#56B4E9	chr2
contig-0000738	#56B4E9	chr2
contig-0000739	#D57533	chr13
contig-0000741	#567DE9	chr16
contig-0000743	#1A7FBA	chr12
contig-0000744	#1A7FBA	chr12
contig-0000745	#1A7FBA	chr12
contig-0000746	#1A7FBA	chr12
contig-0000747	#1A7FBA	chr12
contig-0000748	#00B28C	chr17
contig-0000749	#00B28C	chr17
contig-0000750	#567DE9	chr16
contig-0000753	#E69F00	chr1
contig-0000754	#D57533	chr13
contig-0000755	#D57533	chr13
contig-0000756	#E69F00	chr1
contig-0000757	#E69F00	chr1
contig-0000758	#E69F00	chr1
contig-0000759	#E69F00	chr1
contig-0000760	#567DE9	chr16
contig-0000761	#E69F00	chr1
contig-0000762	#D58C66	chr20
contig-0000763	#D58C66	chr20
contig-0000764	#D57533	chr13
contig-0000765	#E6C47F	chr22
contig-0000766	#E6C47F	chr22
contig-0000767	#00B28C	chr17
contig-0000768	#00B28C	chr17
contig-0000769	#5699E9	chr9
contig-0000770	#808080	chr21
contig-0000771	#D57533	chr13
contig-0000772	#808080	chr21
contig-0000773	#00B28C	chr17
contig-0000774	#00B28C	chr17
contig-0000777	#5699E9	chr9
contig-0000778	#5699E9	chr9
contig-0000779	#5699E9	chr9
contig-0000780	#5699E9	chr9
contig-0000781	#5699E9	chr9
contig-0000782	#5699E9	chr9
contig-0000783	#808080	chr21
contig-0000784	#808080	chr21
contig-0000785	#666666	chr7
contig-0000786	#666666	chr7
contig-0000787	#666666	chr7
contig-0000788	#666666	chr7
contig-0000789	#5699E9	chr9
contig-0000790	#00B28C	chr17
contig-0000791	#D57533	chr13
contig-0000792	#567DE9	chr16
contig-0000793	#567DE9	chr16
contig-0000794	#0072B2	chr5
contig-0000795	#0072B2	chr5
contig-0000796	#0072B2	chr5
contig-0000797	#0072B2	chr5
contig-0000798	#0072B2	chr5
contig-0000799	#5699E9	chr9
contig-0000802	#567DE9	chr16
contig-0000803	#567DE9	chr16
contig-0000804	#CC8DB3	chr11
contig-0000805	#CC8DB3	chr11
contig-0000807	#666666	chr7
contig-0000808	#666666	chr7
contig-0000809	#666666	chr7
contig-0000810	#5699E9	chr9
contig-0000811	#666666	chr7
contig-0000812	#666666	chr7
contig-0000813	#1A7FBA	chr12
contig-0000814	#1A7FBA	chr12
contig-0000815	#E6B847	chr15
contig-0000816	#808080	chr21
contig-0000817	#808080	chr21
contig-0000818	#D57533	chr13
contig-0000819	#E6B847	chr15
contig-0000820	#E6B847	chr15
contig-0000821	#E6AB23	chr8
contig-0000822	#E6AB23	chr8
contig-0000823	#E6AB23	chr8
contig-0000824	#E6AB23	chr8
contig-0000825	#E6AB23	chr8
contig-0000826	#E6AB23	chr8
contig-0000827	#808080	chr21
contig-0000828	#808080	chr21
contig-0000829	#D57533	chr13
contig-0000830	#808080	chr21
contig-0000831	#D57533	chr13
contig-0000832	#E6B847	chr15
contig-0000833	#808080	chr21
contig-0000834	#808080	chr21
contig-0000835	#666666	chr7
contig-0000836	#666666	chr7
contig-0000837	#666666	chr7
contig-0000838	#56B4E9	chr2
contig-0000839	#56B4E9	chr2
contig-0000840	#56B4E9	chr2
contig-0000841	#56B4E9	chr2
contig-0000842	#56B4E9	chr2
contig-0000843	#E6B847	chr15
contig-0000844	#737373	chr14
contig-0000845	#737373	chr14
contig-0000846	#009E73	chr3
contig-0000847	#009E73	chr3
contig-0000848	#009E73	chr3
contig-0000849	#D58C66	chr20
contig-0000850	#D58C66	chr20
contig-0000851	#D58C66	chr20
contig-0000852	#D58C66	chr20
contig-0000853	#E6B847	chr15
contig-0000854	#D58C66	chr20
contig-0000855	#009E73	chr3
contig-0000856	#666666	chr7
contig-0000857	#666666	chr7
contig-0000858	#666666	chr7
contig-0000859	#666666	chr7
contig-0000860	#CCA0BF	chr18
contig-0000863	#CCA0BF	chr18
contig-0000864	#E6B847	chr15
contig-0000865	#CC8DB3	chr11
contig-0000866	#CC8DB3	chr11
contig-0000867	#CC8DB3	chr11
contig-0000868	#CC8DB3	chr11
contig-0000869	#CC8DB3	chr11
contig-0000870	#D57533	chr13
contig-0000872	#D57533	chr13
contig-0000873	#E6AB23	chr8
contig-0000874	#E6AB23	chr8
contig-0000875	#0072B2	chr5
contig-0000876	#E6AB23	chr8
contig-0000877	#E6AB23	chr8
contig-0000878	#E6AB23	chr8
contig-0000880	#808080	chr21
contig-0000881	#808080	chr21
contig-0000882	#808080	chr21
contig-0000883	#808080	chr21
contig-0000884	#808080	chr21
contig-0000885	#808080	chr21
contig-0000886	#E6B847	chr15
contig-0000887	#D57533	chr13
contig-0000888	#808080	chr21
contig-0000889	#808080	chr21
contig-0000890	#808080	chr21
contig-0000891	#D55E00	chr6
contig-0000892	#009E73	chr3
contig-0000893	#009E73	chr3
contig-0000894	#009E73	chr3
contig-0000895	#E6B847	chr15
contig-0000896	#009E73	chr3
contig-0000897	#009E73	chr3
contig-0000898	#CCA0BF	chr18
contig-0000899	#CCA0BF	chr18
contig-0000900	#CCA0BF	chr18
contig-0000901	#E6AB23	chr8
contig-0000902	#D55E00	chr6
contig-0000904	#D55E00	chr6
contig-0000905	#D57533	chr13
contig-0000906	#00A880	chr10
contig-0000907	#00A880	chr10
contig-0000908	#00A880	chr10
contig-0000909	#00A880	chr10
contig-0000910	#00A880	chr10
contig-0000911	#808080	chr21
contig-0000913	#E69F00	chr1
contig-0000914	#E69F00	chr1
contig-0000915	#CC79A7	chr4
contig-0000916	#CC79A7	chr4
contig-0000917	#CC79A7	chr4
contig-0000918	#D55E00	chr6
contig-0000919	#D55E00	chr6
contig-0000920	#D55E00	chr6
contig-0000921	#D55E00	chr6
contig-0000922	#D55E00	chr6
contig-0000923	#1A7FBA	chr12
contig-0000924	#1A7FBA	chr12
contig-0000925	#E69F00	chr1
contig-0000926	#56B4E9	chr2
contig-0000927	#56B4E9	chr2
contig-0000928	#56B4E9	chr2
contig-0000929	#1A7FBA	chr12
contig-0000930	#1A7FBA	chr12
contig-0000931	#338CC2	chr19
contig-0000932	#338CC2	chr19
contig-0000934	#56B4E9	chr2
contig-0000935	#D57533	chr13
contig-0000936	#E69F00	chr1
contig-0000937	#00A880	chr10
contig-0000938	#00A880	chr10
contig-0000939	#00A880	chr10
contig-0000940	#E6AB23	chr8
contig-0000941	#D58C66	chr20
contig-0000942	#D58C66	chr20
contig-0000943	#D58C66	chr20
contig-0000944	#D58C66	chr20
contig-0000945	#E69F00	chr1
contig-0000946	#D58C66	chr20
contig-0000947	#CC79A7	chr4
contig-0000948	#CC79A7	chr4
contig-0000949	#CC79A7	chr4
contig-0000950	#CC79A7	chr4
contig-0000951	#009E73	chr3
contig-0000952	#009E73	chr3
contig-0000953	#009E73	chr3
contig-0000954	#E69F00	chr1
contig-0000955	#1A7FBA	chr12
contig-0000956	#1A7FBA	chr12
contig-0000957	#1A7FBA	chr12
contig-0000959	#56B4E9	chr2
contig-0000960	#56B4E9	chr2
contig-0000961	#808080	chr21
contig-0000962	#808080	chr21
contig-0000963	#808080	chr21
contig-0000964	#0072B2	chr5
contig-0000965	#009E73	chr3
contig-0000966	#009E73	chr3
contig-0000967	#009E73	chr3
contig-0000968	#808080	chr21
contig-0000969	#737373	chr14
contig-0000970	#737373	chr14
contig-0000971	#338CC2	chr19
contig-0000972	#338CC2	chr19
contig-0000973	#338CC2	chr19
contig-0000974	#0072B2	chr5
contig-0000975	#338CC2	chr19
contig-0000976	#E6B847	chr15
contig-0000977	#CCA0BF	chr18
contig-0000978	#CCA0BF	chr18
contig-0000979	#CCA0BF	chr18
contig-0000980	#CCA0BF	chr18
contig-0000981	#CCA0BF	chr18
contig-0000982	#338CC2	chr19
contig-0000983	#338CC2	chr19
contig-0000984	#338CC2	chr19
contig-0000985	#0072B2	chr5
contig-0000986	#338CC2	chr19
contig-0000987	#338CC2	chr19
contig-0000988	#338CC2	chr19
contig-0000989	#338CC2	chr19
contig-0000990	#338CC2	chr19
contig-0000991	#338CC2	chr19
contig-0000992	#5699E9	chr9
contig-0000993	#5699E9	chr9
contig-0000994	#0072B2	chr5
contig-0000995	#5699E9	chr9
contig-0000996	#5699E9	chr9
contig-0000997	#338CC2	chr19
contig-0000998	#338CC2	chr19
contig-0000999	#338CC2	chr19
contig-0001000	#338CC2	chr19
contig-0001001	#808080	chr21
contig-0001002	#808080	chr21
contig-0001003	#009E73	chr3
contig-0001004	#009E73	chr3
contig-0001005	#009E73	chr3
contig-0001006	#D57533	chr13
contig-0001007	#D57533	chr13
contig-0001008	#D57533	chr13
contig-0001009	#E69F00	chr1
contig-0001010	#E69F00	chr1
contig-0001011	#E69F00	chr1
contig-0001012	#E69F00	chr1
contig-0001013	#E69F00	chr1
contig-0001014	#9467BD	chrX
contig-0001015	#E6C47F	chr22
contig-0001016	#E6C47F	chr22
contig-0001017	#338CC2	chr19
contig-0001018	#338CC2	chr19
contig-0001019	#338CC2	chr19
contig-0001020	#338CC2	chr19
contig-0001021	#338CC2	chr19
contig-0001022	#338CC2	chr19
contig-0001023	#338CC2	chr19
contig-0001024	#808080	chr21
contig-0001025	#1A7FBA	chr12
contig-0001026	#1A7FBA	chr12
contig-0001027	#1A7FBA	chr12
contig-0001028	#D55E00	chr6
contig-0001029	#D55E00	chr6
contig-0001030	#D55E00	chr6
contig-0001031	#D55E00	chr6
contig-0001032	#1A7FBA	chr12
contig-0001033	#E6B847	chr15
contig-0001034	#E6B847	chr15
contig-0001035	#D57533	chr13
contig-0001036	#E6B847	chr15
contig-0001037	#E6B847	chr15
contig-0001038	#E6B847	chr15
contig-0001039	#E6B847	chr15
contig-0001040	#CC79A7	chr4
contig-0001041	#E69F00	chr1
contig-0001042	#E69F00	chr1
contig-0001043	#E69F00	chr1
contig-0001044	#0072B2	chr5
contig-0001045	#808080	chr21
contig-0001046	#0072B2	chr5
contig-0001047	#D55E00	chr6
contig-0001048	#D55E00	chr6
contig-0001049	#D55E00	chr6
contig-0001050	#0072B2	chr5
contig-0001051	#0072B2	chr5
contig-0001052	#0072B2	chr5
contig-0001053	#0072B2	chr5
contig-0001054	#0072B2	chr5
contig-0001055	#009E73	chr3
contig-0001056	#1A7FBA	chr12
contig-0001057	#009E73	chr3
contig-0001058	#009E73	chr3
contig-0001059	#009E73	chr3
contig-0001060	#009E73	chr3
contig-0001061	#00B28C	chr17
contig-0001062	#56B4E9	chr2
contig-0001063	#56B4E9	chr2
contig-0001064	#56B4E9	chr2
contig-0001065	#56B4E9	chr2
contig-0001066	#56B4E9	chr2
contig-0001067	#1A7FBA	chr12
contig-0001068	#56B4E9	chr2
contig-0001069	#E6B847	chr15
contig-0001070	#808080	chr21
contig-0001071	#D57533	chr13
contig-0001072	#E6AB23	chr8
contig-0001073	#E6AB23	chr8
contig-0001074	#E6AB23	chr8
contig-0001075	#E6AB23	chr8
contig-0001076	#E6AB23	chr8
contig-0001077	#CC8DB3	chr11
contig-0001078	#1A7FBA	chr12
contig-0001079	#CC79A7	chr4
contig-0001080	#CC79A7	chr4
contig-0001081	#CC79A7	chr4
contig-0001082	#CC79A7	chr4
contig-0001083	#CC79A7	chr4
contig-0001084	#CC79A7	chr4
contig-0001085	#5699E9	chr9
contig-0001086	#1A7FBA	chr12
contig-0001087	#1A7FBA	chr12
contig-0001088	#1A7FBA	chr12
contig-0001089	#1A7FBA	chr12
contig-0001090	#1A7FBA	chr12
contig-0001091	#1A7FBA	chr12
contig-0001092	#CC8DB3	chr11
contig-0001093	#CC8DB3	chr11
contig-0001094	#CC8DB3	chr11
contig-0001095	#CC8DB3	chr11
contig-0001096	#CC8DB3	chr11
contig-0001097	#56B4E9	chr2
contig-0001098	#56B4E9	chr2
contig-0001099	#56B4E9	chr2
contig-0001100	#1A7FBA	chr12
contig-0001101	#56B4E9	chr2
contig-0001102	#56B4E9	chr2
contig-0001103	#00B28C	chr17
contig-0001104	#00B28C	chr17
contig-0001105	#00B28C	chr17
contig-0001106	#CC79A7	chr4
contig-0001107	#CC79A7	chr4
contig-0001108	#CC79A7	chr4
contig-0001109	#56B4E9	chr2
contig-0001110	#56B4E9	chr2
contig-0001111	#1A7FBA	chr12
contig-0001112	#56B4E9	chr2
contig-0001113	#56B4E9	chr2
contig-0001114	#56B4E9	chr2
contig-0001115	#CCA0BF	chr18
contig-0001116	#CCA0BF	chr18
contig-0001117	#CCA0BF	chr18
contig-0001118	#CCA0BF	chr18
contig-0001119	#CCA0BF	chr18
contig-0001120	#E69F00	chr1
contig-0001121	#E69F00	chr1
contig-0001122	#1A7FBA	chr12
contig-0001123	#E69F00	chr1
contig-0001124	#5699E9	chr9
contig-0001125	#5699E9	chr9
contig-0001126	#5699E9	chr9
contig-0001127	#CC79A7	chr4
contig-0001128	#CC79A7	chr4
contig-0001129	#CC79A7	chr4
contig-0001130	#CC79A7	chr4
contig-0001131	#CC79A7	chr4
contig-0001132	#CC79A7	chr4
contig-0001133	#1A7FBA	chr12
contig-0001134	#CC79A7	chr4
contig-0001135	#CC79A7	chr4
contig-0001136	#CC79A7	chr4
contig-0001137	#CC79A7	chr4
contig-0001138	#CC79A7	chr4
contig-0001139	#CC79A7	chr4
contig-0001140	#CC79A7	chr4
contig-0001141	#CC79A7	chr4
contig-0001142	#CC79A7	chr4
contig-0001143	#CC79A7	chr4
contig-0001144	#E6C47F	chr22
contig-0001145	#CC79A7	chr4
contig-0001146	#009E73	chr3
contig-0001147	#009E73	chr3
contig-0001148	#009E73	chr3
contig-0001149	#56B4E9	chr2
contig-0001150	#D58C66	chr20
contig-0001151	#D57533	chr13
contig-0001152	#CC79A7	chr4
contig-0001153	#D57533	chr13
contig-0001154	#D57533	chr13
contig-0001155	#0072B2	chr5
contig-0001156	#0072B2	chr5
contig-0001157	#0072B2	chr5
contig-0001158	#CC79A7	chr4
contig-0001159	#CC79A7	chr4
contig-0001160	#CC79A7	chr4
contig-0001161	#D58C66	chr20
contig-0001162	#D58C66	chr20
contig-0001163	#CC79A7	chr4
contig-0001164	#D58C66	chr20
contig-0001165	#D58C66	chr20
contig-0001166	#D58C66	chr20
contig-0001167	#56B4E9	chr2
contig-0001168	#56B4E9	chr2
contig-0001169	#56B4E9	chr2
contig-0001170	#56B4E9	chr2
contig-0001171	#56B4E9	chr2
contig-0001172	#5699E9	chr9
contig-0001173	#5699E9	chr9
contig-0001174	#CC79A7	chr4
contig-0001175	#5699E9	chr9
contig-0001176	#56B4E9	chr2
contig-0001177	#56B4E9	chr2
contig-0001178	#56B4E9	chr2
contig-0001179	#D58C66	chr20
contig-0001180	#D58C66	chr20
contig-0001181	#D58C66	chr20
contig-0001182	#E6AB23	chr8
contig-0001183	#E6AB23	chr8
contig-0001184	#E6AB23	chr8
contig-0001185	#E69F00	chr1
contig-0001186	#E6AB23	chr8
contig-0001187	#E6AB23	chr8
contig-0001188	#0072B2	chr5
contig-0001189	#0072B2	chr5
contig-0001190	#0072B2	chr5
contig-0001191	#0072B2	chr5
contig-0001192	#1A7FBA	chr12
contig-0001193	#1A7FBA	chr12
contig-0001194	#1A7FBA	chr12
contig-0001195	#1A7FBA	chr12
contig-0001196	#E69F00	chr1
contig-0001197	#666666	chr7
contig-0001198	#666666	chr7
contig-0001199	#666666	chr7
contig-0001200	#666666	chr7
contig-0001201	#666666	chr7
contig-0001202	#5699E9	chr9
contig-0001203	#5699E9	chr9
contig-0001204	#5699E9	chr9
contig-0001205	#009E73	chr3
contig-0001206	#CC79A7	chr4
contig-0001207	#E69F00	chr1
contig-0001208	#CC79A7	chr4
contig-0001209	#CC79A7	chr4
contig-0001210	#CC79A7	chr4
contig-0001211	#CC79A7	chr4
contig-0001212	#1A7FBA	chr12
contig-0001213	#1A7FBA	chr12
contig-0001214	#D55E00	chr6
contig-0001215	#D55E00	chr6
contig-0001216	#D55E00	chr6
contig-0001217	#56B4E9	chr2
contig-0001218	#E69F00	chr1
contig-0001219	#56B4E9	chr2
contig-0001220	#56B4E9	chr2
contig-0001221	#E6AB23	chr8
contig-0001222	#E6AB23	chr8
contig-0001223	#E6AB23	chr8
contig-0001224	#E6AB23	chr8
contig-0001225	#E6AB23	chr8
contig-0001226	#D55E00	chr6
contig-0001227	#D55E00	chr6
contig-0001228	#D55E00	chr6
contig-0001229	#E69F00	chr1
contig-0001230	#D55E00	chr6
contig-0001231	#D55E00	chr6
contig-0001232	#5699E9	chr9
contig-0001233	#5699E9	chr9
contig-0001234	#5699E9	chr9
contig-0001235	#5699E9	chr9
contig-0001236	#567DE9	chr16
contig-0001237	#567DE9	chr16
contig-0001238	#567DE9	chr16
contig-0001239	#567DE9	chr16
contig-0001240	#CC79A7	chr4
contig-0001241	#567DE9	chr16
contig-0001242	#E6AB23	chr8
contig-0001243	#E6AB23	chr8
contig-0001244	#E6AB23	chr8
contig-0001245	#E6AB23	chr8
contig-0001246	#E6AB23	chr8
contig-0001247	#CC79A7	chr4
contig-0001248	#CC79A7	chr4
contig-0001249	#CC79A7	chr4
contig-0001250	#CC79A7	chr4
contig-0001251	#0072B2	chr5
contig-0001252	#D55E00	chr6
contig-0001253	#CC79A7	chr4
contig-0001254	#0072B2	chr5
contig-0001255	#0072B2	chr5
contig-0001256	#0072B2	chr5
contig-0001257	#0072B2	chr5
contig-0001258	#0072B2	chr5
contig-0001259	#00A880	chr10
contig-0001260	#00A880	chr10
contig-0001261	#00A880	chr10
contig-0001262	#00A880	chr10
contig-0001263	#D55E00	chr6
contig-0001264	#00A880	chr10
contig-0001265	#CC8DB3	chr11
contig-0001266	#CC8DB3	chr11
contig-0001267	#1A7FBA	chr12
contig-0001268	#1A7FBA	chr12
contig-0001269	#5699E9	chr9
contig-0001270	#5699E9	chr9
contig-0001271	#5699E9	chr9
contig-0001272	#5699E9	chr9
contig-0001273	#5699E9	chr9
contig-0001274	#D55E00	chr6
contig-0001275	#E6AB23	chr8
contig-0001276	#E6AB23	chr8
contig-0001277	#E6AB23	chr8
contig-0001278	#E6AB23	chr8
contig-0001279	#E6AB23	chr8
contig-0001280	#00B28C	chr17
contig-0001281	#00B28C	chr17
contig-0001282	#00B28C	chr17
contig-0001283	#E6AB23	chr8
contig-0001284	#E6AB23	chr8
contig-0001285	#D55E00	chr6
contig-0001286	#E6AB23	chr8
contig-0001287	#E6AB23	chr8
contig-0001288	#E6AB23	chr8
contig-0001290	#8C564B	chrY
contig-0001291	#8C564B	chrY
contig-0001292	#00A880	chr10
contig-0001293	#666666	chr7
contig-0001294	#D55E00	chr6
contig-0001295	#666666	chr7
contig-0001296	#666666	chr7
contig-0001297	#56B4E9	chr2
contig-0001298	#56B4E9	chr2
contig-0001299	#56B4E9	chr2
contig-0001300	#8C564B	chrY
contig-0001301	#CCA0BF	chr18
contig-0001302	#CCA0BF	chr18
contig-0001303	#CCA0BF	chr18
contig-0001304	#E6B847	chr15
contig-0001305	#D57533	chr13
contig-0001306	#E6B847	chr15
contig-0001307	#E6B847	chr15
contig-0001308	#E6B847	chr15
contig-0001309	#E6B847	chr15
contig-0001310	#567DE9	chr16
contig-0001311	#567DE9	chr16
contig-0001312	#567DE9	chr16
contig-0001313	#567DE9	chr16
contig-0001314	#567DE9	chr16
contig-0001315	#56B4E9	chr2
contig-0001316	#D57533	chr13
contig-0001317	#56B4E9	chr2
contig-0001318	#56B4E9	chr2
contig-0001319	#56B4E9	chr2
contig-0001320	#56B4E9	chr2
contig-0001321	#CC79A7	chr4
contig-0001322	#CC79A7	chr4
contig-0001323	#E6AB23	chr8
contig-0001324	#E6AB23	chr8
contig-0001325	#E6AB23	chr8
contig-0001326	#D57533	chr13
contig-0001327	#56B4E9	chr2
contig-0001328	#56B4E9	chr2
contig-0001329	#CC79A7	chr4
contig-0001330	#CC79A7	chr4
contig-0001331	#CC79A7	chr4
contig-0001332	#5699E9	chr9
contig-0001333	#5699E9	chr9
contig-0001334	#5699E9	chr9
contig-0001335	#E69F00	chr1
contig-0001336	#E69F00	chr1
contig-0001337	#E69F00	chr1
contig-0001338	#0072B2	chr5
contig-0001339	#0072B2	chr5
contig-0001340	#0072B2	chr5
contig-0001341	#0072B2	chr5
contig-0001342	#0072B2	chr5
contig-0001343	#E6AB23	chr8
contig-0001344	#E6AB23	chr8
contig-0001345	#E6AB23	chr8
contig-0001346	#737373	chr14
contig-0001347	#E6AB23	chr8
contig-0001348	#E6AB23	chr8
contig-0001349	#E69F00	chr1
contig-0001350	#E69F00	chr1
contig-0001351	#E69F00	chr1
contig-0001352	#E69F00	chr1
contig-0001353	#E69F00	chr1
contig-0001354	#5699E9	chr9
contig-0001355	#5699E9	chr9
contig-0001356	#5699E9	chr9
contig-0001357	#0072B2	chr5
contig-0001358	#737373	chr14
contig-0001359	#5699E9	chr9
contig-0001360	#5699E9	chr9
contig-0001361	#5699E9	chr9
contig-0001362	#5699E9	chr9
contig-0001363	#5699E9	chr9
contig-0001364	#567DE9	chr16
contig-0001365	#567DE9	chr16
contig-0001366	#0072B2	chr5
contig-0001367	#0072B2	chr5
contig-0001368	#0072B2	chr5
contig-0001369	#737373	chr14
contig-0001370	#0072B2	chr5
contig-0001371	#0072B2	chr5
contig-0001372	#666666	chr7
contig-0001373	#666666	chr7
contig-0001374	#666666	chr7
contig-0001375	#666666	chr7
contig-0001376	#666666	chr7
contig-0001377	#5699E9	chr9
contig-0001378	#5699E9	chr9
contig-0001379	#5699E9	chr9
contig-0001380	#CC8DB3	chr11
contig-0001381	#567DE9	chr16
contig-0001382	#567DE9	chr16
contig-0001383	#567DE9	chr16
contig-0001384	#E6AB23	chr8
contig-0001385	#E6AB23	chr8
contig-0001386	#E6AB23	chr8
contig-0001387	#CC79A7	chr4
contig-0001388	#CC79A7	chr4
contig-0001389	#CC79A7	chr4
contig-0001390	#CC79A7	chr4
contig-0001391	#CC8DB3	chr11
contig-0001392	#CC79A7	chr4
contig-0001393	#D55E00	chr6
contig-0001394	#D55E00	chr6
contig-0001395	#D55E00	chr6
contig-0001396	#D55E00	chr6
contig-0001397	#D55E00	chr6
contig-0001398	#1A7FBA	chr12
contig-0001399	#1A7FBA	chr12
contig-0001400	#1A7FBA	chr12
contig-0001401	#CC79A7	chr4
contig-0001402	#CC8DB3	chr11
contig-0001403	#CC79A7	chr4
contig-0001404	#CC79A7	chr4
contig-0001405	#CC79A7	chr4
contig-0001406	#D55E00	chr6
contig-0001407	#D55E00	chr6
contig-0001408	#D55E00	chr6
contig-0001409	#D55E00	chr6
contig-0001410	#D55E00	chr6
contig-0001411	#00B28C	chr17
contig-0001412	#CC8DB3	chr11
contig-0001413	#00B28C	chr17
contig-0001414	#00B28C	chr17
contig-0001415	#00B28C	chr17
contig-0001416	#00B28C	chr17
contig-0001417	#009E73	chr3
contig-0001418	#009E73	chr3
contig-0001419	#009E73	chr3
contig-0001420	#009E73	chr3
contig-0001421	#009E73	chr3
contig-0001422	#0072B2	chr5
contig-0001423	#CC8DB3	chr11
contig-0001424	#0072B2	chr5
contig-0001425	#1A7FBA	chr12
contig-0001426	#1A7FBA	chr12
contig-0001427	#D55E00	chr6
contig-0001428	#D55E00	chr6
contig-0001429	#D55E00	chr6
contig-0001430	#D55E00	chr6
contig-0001431	#D55E00	chr6
contig-0001432	#0072B2	chr5
contig-0001433	#0072B2	chr5
contig-0001434	#D57533	chr13
contig-0001435	#0072B2	chr5
contig-0001436	#0072B2	chr5
contig-0001437	#0072B2	chr5
contig-0001438	#5699E9	chr9
contig-0001439	#5699E9	chr9
contig-0001440	#5699E9	chr9
contig-0001441	#E6AB23	chr8
contig-0001442	#E6AB23	chr8
contig-0001443	#E6AB23	chr8
contig-0001444	#8C564B	chrY
contig-0001445	#666666	chr7
contig-0001446	#666666	chr7
contig-0001447	#666666	chr7
contig-0001448	#666666	chr7
contig-0001449	#666666	chr7
contig-0001451	#E6B847	chr15
contig-0001452	#E6B847	chr15
contig-0001453	#D57533	chr13
contig-0001454	#E6B847	chr15
contig-0001455	#E6B847	chr15
contig-0001456	#E6B847	chr15
contig-0001457	#00B28C	chr17
contig-0001458	#009E73	chr3
contig-0001459	#009E73	chr3
contig-0001460	#009E73	chr3
contig-0001461	#CC79A7	chr4
contig-0001462	#CC79A7	chr4
contig-0001463	#CC79A7	chr4
contig-0001464	#D57533	chr13
contig-0001465	#1A7FBA	chr12
contig-0001466	#1A7FBA	chr12
contig-0001467	#1A7FBA	chr12
contig-0001468	#1A7FBA	chr12
contig-0001469	#1A7FBA	chr12
contig-0001470	#E6AB23	chr8
contig-0001471	#E6AB23	chr8
contig-0001472	#E6AB23	chr8
contig-0001473	#E69F00	chr1
contig-0001474	#E69F00	chr1
contig-0001475	#D57533	chr13
contig-0001476	#E69F00	chr1
contig-0001477	#D57533	chr13
contig-0001478	#D57533	chr13
contig-0001479	#D57533	chr13
contig-0001480	#CCA0BF	chr18
contig-0001481	#CCA0BF	chr18
contig-0001482	#CCA0BF	chr18
contig-0001483	#CC8DB3	chr11
contig-0001484	#CC8DB3	chr11
contig-0001485	#CC8DB3	chr11
contig-0001486	#E69F00	chr1
contig-0001487	#CC8DB3	chr11
contig-0001488	#CC8DB3	chr11
contig-0001489	#E6AB23	chr8
contig-0001490	#E6AB23	chr8
contig-0001491	#E6AB23	chr8
contig-0001492	#E6AB23	chr8
contig-0001493	#E6AB23	chr8
contig-0001494	#E6AB23	chr8
contig-0001495	#CC8DB3	chr11
contig-0001496	#CC8DB3	chr11
contig-0001497	#E69F00	chr1
contig-0001498	#CC8DB3	chr11
contig-0001499	#CCA0BF	chr18
contig-0001500	#009E73	chr3
contig-0001501	#009E73	chr3
contig-0001502	#009E73	chr3
contig-0001503	#009E73	chr3
contig-0001504	#009E73	chr3
contig-0001505	#E6AB23	chr8
contig-0001506	#E6AB23	chr8
contig-0001507	#E6AB23	chr8
contig-0001508	#E69F00	chr1
contig-0001509	#0072B2	chr5
contig-0001510	#0072B2	chr5
contig-0001511	#0072B2	chr5
contig-0001512	#0072B2	chr5
contig-0001513	#0072B2	chr5
contig-0001514	#CC8DB3	chr11
contig-0001515	#CC8DB3	chr11
contig-0001516	#CC8DB3	chr11
contig-0001517	#0072B2	chr5
contig-0001518	#0072B2	chr5
contig-0001519	#5699E9	chr9
contig-0001520	#0072B2	chr5
contig-0001521	#1A7FBA	chr12
contig-0001522	#1A7FBA	chr12
contig-0001523	#666666	chr7
contig-0001524	#666666	chr7
contig-0001525	#666666	chr7
contig-0001526	#D55E00	chr6
contig-0001527	#5699E9	chr9
contig-0001528	#D55E00	chr6
contig-0001529	#D55E00	chr6
contig-0001530	#D55E00	chr6
contig-0001531	#D55E00	chr6
contig-0001532	#0072B2	chr5
contig-0001534	#5699E9	chr9
contig-0001535	#5699E9	chr9
contig-0001536	#5699E9	chr9
contig-0001537	#009E73	chr3
contig-0001538	#5699E9	chr9
contig-0001539	#009E73	chr3
contig-0001540	#009E73	chr3
contig-0001541	#009E73	chr3
contig-0001542	#009E73	chr3
contig-0001543	#009E73	chr3
contig-0001544	#009E73	chr3
contig-0001545	#009E73	chr3
contig-0001546	#009E73	chr3
contig-0001547	#D55E00	chr6
contig-0001548	#5699E9	chr9
contig-0001549	#D55E00	chr6
contig-0001550	#D55E00	chr6
contig-0001551	#0072B2	chr5
contig-0001552	#E69F00	chr1
contig-0001553	#00B28C	chr17
contig-0001554	#00B28C	chr17
contig-0001555	#00B28C	chr17
contig-0001556	#00B28C	chr17
contig-0001557	#00B28C	chr17
contig-0001558	#5699E9	chr9
contig-0001559	#00B28C	chr17
contig-0001560	#00B28C	chr17
contig-0001561	#00B28C	chr17
contig-0001562	#1A7FBA	chr12
contig-0001563	#1A7FBA	chr12
contig-0001564	#1A7FBA	chr12
contig-0001565	#00B28C	chr17
contig-0001566	#00B28C	chr17
contig-0001567	#00B28C	chr17
contig-0001568	#D55E00	chr6
contig-0001569	#56B4E9	chr2
contig-0001570	#0072B2	chr5
contig-0001571	#D55E00	chr6
contig-0001572	#D55E00	chr6
contig-0001573	#D55E00	chr6
contig-0001574	#D55E00	chr6
contig-0001575	#E6AB23	chr8
contig-0001576	#E6AB23	chr8
contig-0001577	#E6AB23	chr8
contig-0001578	#5699E9	chr9
contig-0001579	#5699E9	chr9
contig-0001580	#5699E9	chr9
contig-0001581	#0072B2	chr5
contig-0001582	#56B4E9	chr2
contig-0001583	#56B4E9	chr2
contig-0001584	#56B4E9	chr2
contig-0001585	#808080	chr21
contig-0001586	#D55E00	chr6
contig-0001587	#D55E00	chr6
contig-0001588	#D55E00	chr6
contig-0001589	#D55E00	chr6
contig-0001590	#D55E00	chr6
contig-0001591	#D58C66	chr20
contig-0001592	#0072B2	chr5
contig-0001593	#737373	chr14
contig-0001594	#737373	chr14
contig-0001595	#CC8DB3	chr11
contig-0001596	#737373	chr14
contig-0001597	#737373	chr14
contig-0001598	#737373	chr14
contig-0001599	#E6B847	chr15
contig-0001600	#E6B847	chr15
contig-0001601	#E6B847	chr15
contig-0001602	#E6B847	chr15
contig-0001603	#E6AB23	chr8
contig-0001604	#E6B847	chr15
contig-0001606	#D57533	chr13
contig-0001607	#00A880	chr10
contig-0001608	#00A880	chr10
contig-0001609	#00A880	chr10
contig-0001610	#00A880	chr10
contig-0001611	#D57533	chr13
contig-0001612	#D57533	chr13
contig-0001613	#D57533	chr13
contig-0001614	#E6AB23	chr8
contig-0001615	#D57533	chr13
contig-0001616	#D57533	chr13
contig-0001617	#009E73	chr3
contig-0001618	#009E73	chr3
contig-0001619	#009E73	chr3
contig-0001620	#009E73	chr3
contig-0001621	#009E73	chr3
contig-0001622	#5699E9	chr9
contig-0001623	#5699E9	chr9
contig-0001624	#5699E9	chr9
contig-0001625	#E6AB23	chr8
contig-0001626	#0072B2	chr5
contig-0001627	#0072B2	chr5
contig-0001628	#0072B2	chr5
contig-0001629	#0072B2	chr5
contig-0001630	#0072B2	chr5
contig-0001631	#D55E00	chr6
contig-0001632	#D55E00	chr6
contig-0001633	#D55E00	chr6
contig-0001634	#56B4E9	chr2
contig-0001635	#56B4E9	chr2
contig-0001636	#338CC2	chr19
contig-0001637	#56B4E9	chr2
contig-0001638	#56B4E9	chr2
contig-0001639	#56B4E9	chr2
contig-0001640	#D58C66	chr20
contig-0001641	#D58C66	chr20
contig-0001642	#D58C66	chr20
contig-0001643	#D58C66	chr20
contig-0001644	#5699E9	chr9
contig-0001645	#5699E9	chr9
contig-0001646	#5699E9	chr9
contig-0001647	#338CC2	chr19
contig-0001648	#1A7FBA	chr12
contig-0001649	#1A7FBA	chr12
contig-0001650	#1A7FBA	chr12
contig-0001651	#1A7FBA	chr12
contig-0001652	#00A880	chr10
contig-0001653	#00A880	chr10
contig-0001654	#00A880	chr10
contig-0001655	#1A7FBA	chr12
contig-0001656	#56B4E9	chr2
contig-0001657	#56B4E9	chr2
contig-0001658	#338CC2	chr19
contig-0001659	#56B4E9	chr2
contig-0001660	#009E73	chr3
contig-0001661	#009E73	chr3
contig-0001662	#009E73	chr3
contig-0001663	#009E73	chr3
contig-0001664	#00B28C	chr17
contig-0001665	#00B28C	chr17
contig-0001666	#00B28C	chr17
contig-0001667	#00B28C	chr17
contig-0001668	#00B28C	chr17
contig-0001669	#CC8DB3	chr11
contig-0001670	#E6AB23	chr8
contig-0001671	#E6AB23	chr8
contig-0001672	#E6AB23	chr8
contig-0001673	#E6AB23	chr8
contig-0001674	#00A880	chr10
contig-0001675	#00A880	chr10
contig-0001676	#00A880	chr10
contig-0001677	#00A880	chr10
contig-0001678	#00A880	chr10
contig-0001679	#E6C47F	chr22
contig-0001680	#CC8DB3	chr11
contig-0001681	#338CC2	chr19
contig-0001682	#009E73	chr3
contig-0001683	#009E73	chr3
contig-0001684	#009E73	chr3
contig-0001685	#009E73	chr3
contig-0001686	#009E73	chr3
contig-0001687	#E6AB23	chr8
contig-0001688	#E6AB23	chr8
contig-0001689	#D55E00	chr6
contig-0001690	#D55E00	chr6
contig-0001691	#CC8DB3	chr11
contig-0001692	#D55E00	chr6
contig-0001693	#D55E00	chr6
contig-0001694	#D55E00	chr6
contig-0001695	#D57533	chr13
contig-0001696	#D57533	chr13
contig-0001697	#D57533	chr13
contig-0001698	#E6AB23	chr8
contig-0001699	#E6AB23	chr8
contig-0001700	#E6AB23	chr8
contig-0001701	#1A7FBA	chr12
contig-0001702	#E69F00	chr1
contig-0001703	#1A7FBA	chr12
contig-0001704	#1A7FBA	chr12
contig-0001705	#1A7FBA	chr12
contig-0001706	#E6AB23	chr8
contig-0001707	#E6AB23	chr8
contig-0001708	#009E73	chr3
contig-0001709	#009E73	chr3
contig-0001710	#009E73	chr3
contig-0001711	#009E73	chr3
contig-0001712	#009E73	chr3
contig-0001713	#E69F00	chr1
contig-0001714	#009E73	chr3
contig-0001715	#009E73	chr3
contig-0001716	#009E73	chr3
contig-0001717	#009E73	chr3
contig-0001718	#1A7FBA	chr12
contig-0001719	#737373	chr14
contig-0001720	#737373	chr14
contig-0001721	#737373	chr14
contig-0001722	#737373	chr14
contig-0001723	#E69F00	chr1
contig-0001724	#D57533	chr13
contig-0001725	#D57533	chr13
contig-0001726	#D57533	chr13
contig-0001727	#D57533	chr13
contig-0001728	#D57533	chr13
contig-0001729	#009E73	chr3
contig-0001730	#009E73	chr3
contig-0001731	#009E73	chr3
contig-0001732	#009E73	chr3
contig-0001733	#009E73	chr3
contig-0001734	#E69F00	chr1
contig-0001735	#D55E00	chr6
contig-0001736	#D55E00	chr6
contig-0001737	#CC8DB3	chr11
contig-0001738	#CC8DB3	chr11
contig-0001739	#CC8DB3	chr11
contig-0001740	#009E73	chr3
contig-0001741	#009E73	chr3
contig-0001742	#009E73	chr3
contig-0001743	#009E73	chr3
contig-0001744	#009E73	chr3
contig-0001745	#E69F00	chr1
contig-0001746	#737373	chr14
contig-0001747	#D55E00	chr6
contig-0001748	#D55E00	chr6
contig-0001749	#D55E00	chr6
contig-0001750	#00B28C	chr17
contig-0001751	#00B28C	chr17
contig-0001752	#00B28C	chr17
contig-0001753	#CCA0BF	chr18
contig-0001754	#CCA0BF	chr18
contig-0001755	#CCA0BF	chr18
contig-0001756	#737373	chr14
contig-0001757	#00A880	chr10
contig-0001758	#00A880	chr10
contig-0001759	#00A880	chr10
contig-0001760	#00A880	chr10
contig-0001761	#00A880	chr10
contig-0001762	#E6AB23	chr8
contig-0001763	#E6AB23	chr8
contig-0001764	#E6AB23	chr8
contig-0001765	#E6AB23	chr8
contig-0001766	#E6AB23	chr8
contig-0001767	#E69F00	chr1
contig-0001768	#56B4E9	chr2
contig-0001769	#56B4E9	chr2
contig-0001770	#56B4E9	chr2
contig-0001771	#56B4E9	chr2
contig-0001772	#56B4E9	chr2
contig-0001773	#737373	chr14
contig-0001774	#00B28C	chr17
contig-0001775	#737373	chr14
contig-0001776	#00B28C	chr17
contig-0001777	#0072B2	chr5
contig-0001778	#0072B2	chr5
contig-0001779	#0072B2	chr5
contig-0001780	#CCA0BF	chr18
contig-0001781	#CCA0BF	chr18
contig-0001782	#CCA0BF	chr18
contig-0001783	#CCA0BF	chr18
contig-0001784	#E6C47F	chr22
contig-0001785	#666666	chr7
contig-0001786	#CCA0BF	chr18
contig-0001787	#56B4E9	chr2
contig-0001788	#56B4E9	chr2
contig-0001789	#56B4E9	chr2
contig-0001790	#CCA0BF	chr18
contig-0001791	#CCA0BF	chr18
contig-0001792	#009E73	chr3
contig-0001793	#009E73	chr3
contig-0001794	#009E73	chr3
contig-0001795	#338CC2	chr19
contig-0001796	#666666	chr7
contig-0001797	#338CC2	chr19
contig-0001798	#338CC2	chr19
contig-0001799	#CC8DB3	chr11
contig-0001800	#E6AB23	chr8
contig-0001801	#737373	chr14
contig-0001802	#737373	chr14
contig-0001803	#737373	chr14
contig-0001804	#737373	chr14
contig-0001805	#737373	chr14
contig-0001806	#666666	chr7
contig-0001807	#56B4E9	chr2
contig-0001808	#56B4E9	chr2
contig-0001809	#56B4E9	chr2
contig-0001810	#666666	chr7
contig-0001811	#666666	chr7
contig-0001812	#666666	chr7
contig-0001813	#D55E00	chr6
contig-0001814	#D55E00	chr6
contig-0001815	#D55E00	chr6
contig-0001816	#E69F00	chr1
contig-0001817	#D57533	chr13
contig-0001818	#E69F00	chr1
contig-0001819	#E69F00	chr1
contig-0001820	#56B4E9	chr2
contig-0001821	#56B4E9	chr2
contig-0001822	#56B4E9	chr2
contig-0001823	#56B4E9	chr2
contig-0001824	#56B4E9	chr2
contig-0001825	#E6AB23	chr8
contig-0001826	#E6AB23	chr8
contig-0001827	#E6AB23	chr8
contig-0001828	#567DE9	chr16
contig-0001829	#E6AB23	chr8
contig-0001830	#E6AB23	chr8
contig-0001831	#666666	chr7
contig-0001832	#666666	chr7
contig-0001833	#666666	chr7
contig-0001834	#666666	chr7
contig-0001835	#666666	chr7
contig-0001836	#808080	chr21
contig-0001837	#808080	chr21
contig-0001838	#808080	chr21
contig-0001839	#567DE9	chr16
contig-0001840	#808080	chr21
contig-0001841	#808080	chr21
contig-0001842	#E6C47F	chr22
contig-0001843	#808080	chr21
contig-0001844	#E6C47F	chr22
contig-0001845	#808080	chr21
contig-0001846	#808080	chr21
contig-0001847	#808080	chr21
contig-0001848	#808080	chr21
contig-0001849	#808080	chr21
contig-0001850	#567DE9	chr16
contig-0001851	#808080	chr21
contig-0001852	#E6C47F	chr22
contig-0001853	#737373	chr14
contig-0001854	#D57533	chr13
contig-0001855	#D55E00	chr6
contig-0001856	#D55E00	chr6
contig-0001857	#D55E00	chr6
contig-0001858	#808080	chr21
contig-0001859	#808080	chr21
contig-0001860	#567DE9	chr16
contig-0001861	#E6B847	chr15
contig-0001862	#E6B847	chr15
contig-0001863	#E6B847	chr15
contig-0001864	#E6B847	chr15
contig-0001865	#E6B847	chr15
contig-0001866	#E6B847	chr15
contig-0001867	#D55E00	chr6
contig-0001868	#D55E00	chr6
contig-0001869	#56B4E9	chr2
contig-0001870	#56B4E9	chr2
contig-0001871	#567DE9	chr16
contig-0001872	#56B4E9	chr2
contig-0001873	#D55E00	chr6
contig-0001874	#D55E00	chr6
contig-0001875	#D55E00	chr6
contig-0001876	#D55E00	chr6
contig-0001877	#D55E00	chr6
contig-0001878	#D55E00	chr6
contig-0001879	#E6AB23	chr8
contig-0001880	#E6AB23	chr8
contig-0001881	#E6AB23	chr8
contig-0001882	#E6AB23	chr8
contig-0001883	#737373	chr14
contig-0001884	#737373	chr14
contig-0001885	#737373	chr14
contig-0001886	#737373	chr14
contig-0001887	#737373	chr14
contig-0001888	#00B28C	chr17
contig-0001889	#00B28C	chr17
contig-0001890	#00B28C	chr17
contig-0001891	#00B28C	chr17
contig-0001892	#E6AB23	chr8
contig-0001893	#5699E9	chr9
contig-0001894	#E6AB23	chr8
contig-0001895	#E6AB23	chr8
contig-0001896	#338CC2	chr19
contig-0001897	#338CC2	chr19
contig-0001898	#00B28C	chr17
contig-0001899	#00B28C	chr17
contig-0001900	#00B28C	chr17
contig-0001901	#CC79A7	chr4
contig-0001902	#D55E00	chr6
contig-0001903	#5699E9	chr9
contig-0001904	#00A880	chr10
contig-0001905	#00A880	chr10
contig-0001906	#00A880	chr10
contig-0001907	#00A880	chr10
contig-0001908	#00A880	chr10
contig-0001909	#CC79A7	chr4
contig-0001910	#CC79A7	chr4
contig-0001911	#CC79A7	chr4
contig-0001912	#CC79A7	chr4
contig-0001913	#CC79A7	chr4
contig-0001914	#5699E9	chr9
contig-0001915	#1A7FBA	chr12
contig-0001916	#1A7FBA	chr12
contig-0001917	#1A7FBA	chr12
contig-0001918	#1A7FBA	chr12
contig-0001919	#1A7FBA	chr12
contig-0001920	#737373	chr14
contig-0001921	#737373	chr14
contig-0001922	#737373	chr14
contig-0001923	#737373	chr14
contig-0001924	#737373	chr14
contig-0001925	#5699E9	chr9
contig-0001926	#E6B847	chr15
contig-0001927	#E6B847	chr15
contig-0001928	#E6B847	chr15
contig-0001929	#E6B847	chr15
contig-0001930	#00A880	chr10
contig-0001931	#00A880	chr10
contig-0001932	#00A880	chr10
contig-0001933	#56B4E9	chr2
contig-0001934	#56B4E9	chr2
contig-0001935	#5699E9	chr9
contig-0001936	#56B4E9	chr2
contig-0001937	#56B4E9	chr2
contig-0001938	#56B4E9	chr2
contig-0001939	#56B4E9	chr2
contig-0001940	#56B4E9	chr2
contig-0001941	#56B4E9	chr2
contig-0001942	#E6B847	chr15
contig-0001943	#D55E00	chr6
contig-0001944	#D55E00	chr6
contig-0001945	#D55E00	chr6
contig-0001946	#009E73	chr3
contig-0001947	#009E73	chr3
contig-0001948	#009E73	chr3
contig-0001949	#009E73	chr3
contig-0001950	#56B4E9	chr2
contig-0001951	#D57533	chr13
contig-0001952	#D57533	chr13
contig-0001953	#E6B847	chr15
contig-0001954	#5699E9	chr9
contig-0001955	#5699E9	chr9
contig-0001956	#5699E9	chr9
contig-0001957	#5699E9	chr9
contig-0001958	#338CC2	chr19
contig-0001959	#338CC2	chr19
contig-0001960	#338CC2	chr19
contig-0001961	#338CC2	chr19
contig-0001962	#338CC2	chr19
contig-0001963	#338CC2	chr19
contig-0001964	#E69F00	chr1
contig-0001965	#E69F00	chr1
contig-0001966	#E69F00	chr1
contig-0001967	#E69F00	chr1
contig-0001968	#E69F00	chr1
contig-0001969	#CC8DB3	chr11
contig-0001970	#CC8DB3	chr11
contig-0001971	#CC8DB3	chr11
contig-0001972	#D55E00	chr6
contig-0001973	#D55E00	chr6
contig-0001974	#D55E00	chr6
contig-0001975	#D55E00	chr6
contig-0001976	#D55E00	chr6
contig-0001977	#D55E00	chr6
contig-0001978	#1A7FBA	chr12
contig-0001979	#56B4E9	chr2
contig-0001980	#0072B2	chr5
contig-0001981	#0072B2	chr5
contig-0001982	#0072B2	chr5
contig-0001983	#666666	chr7
contig-0001984	#666666	chr7
contig-0001985	#666666	chr7
contig-0001986	#D55E00	chr6
contig-0001987	#666666	chr7
contig-0001988	#666666	chr7
contig-0001989	#737373	chr14
contig-0001990	#737373	chr14
contig-0001991	#737373	chr14
contig-0001992	#737373	chr14
contig-0001993	#737373	chr14
contig-0001994	#CCA0BF	chr18
contig-0001995	#1A7FBA	chr12
contig-0001996	#1A7FBA	chr12
contig-0001997	#56B4E9	chr2
contig-0001998	#E69F00	chr1
contig-0001999	#D55E00	chr6
contig-0002000	#1A7FBA	chr12
contig-0002001	#0072B2	chr5
contig-0002002	#0072B2	chr5
contig-0002003	#0072B2	chr5
contig-0002004	#666666	chr7
contig-0002005	#CC79A7	chr4
contig-0002006	#CC79A7	chr4
contig-0002007	#CC79A7	chr4
contig-0002008	#D55E00	chr6
contig-0002009	#D55E00	chr6
contig-0002010	#1A7FBA	chr12
contig-0002011	#D55E00	chr6
contig-0002012	#D57533	chr13
contig-0002013	#D57533	chr13
contig-0002014	#D57533	chr13
contig-0002015	#56B4E9	chr2
contig-0002016	#56B4E9	chr2
contig-0002017	#56B4E9	chr2
contig-0002018	#56B4E9	chr2
contig-0002019	#56B4E9	chr2
contig-0002020	#00B28C	chr17
contig-0002021	#1A7FBA	chr12
contig-0002022	#00B28C	chr17
contig-0002023	#00B28C	chr17
contig-0002024	#0072B2	chr5
contig-0002025	#0072B2	chr5
contig-0002026	#0072B2	chr5
contig-0002027	#56B4E9	chr2
contig-0002028	#56B4E9	chr2
contig-0002029	#56B4E9	chr2
contig-0002030	#56B4E9	chr2
contig-0002031	#56B4E9	chr2
contig-0002032	#1A7FBA	chr12
contig-0002033	#009E73	chr3
contig-0002034	#009E73	chr3
contig-0002035	#009E73	chr3
contig-0002036	#1A7FBA	chr12
contig-0002037	#1A7FBA	chr12
contig-0002038	#00A880	chr10
contig-0002039	#00A880	chr10
contig-0002040	#00A880	chr10
contig-0002041	#00A880	chr10
contig-0002042	#00A880	chr10
contig-0002043	#0072B2	chr5
contig-0002044	#567DE9	chr16
contig-0002045	#567DE9	chr16
contig-0002046	#567DE9	chr16
contig-0002047	#567DE9	chr16
contig-0002048	#CC79A7	chr4
contig-0002049	#737373	chr14
contig-0002050	#338CC2	chr19
contig-0002051	#338CC2	chr19
contig-0002052	#338CC2	chr19
contig-0002053	#338CC2	chr19
contig-0002054	#0072B2	chr5
contig-0002055	#338CC2	chr19
contig-0002056	#00A880	chr10
contig-0002057	#00A880	chr10
contig-0002058	#00A880	chr10
contig-0002059	#E69F00	chr1
contig-0002060	#E69F00	chr1
contig-0002061	#E69F00	chr1
contig-0002062	#E69F00	chr1
contig-0002063	#E69F00	chr1
contig-0002064	#D55E00	chr6
contig-0002065	#0072B2	chr5
contig-0002066	#CC79A7	chr4
contig-0002067	#CC79A7	chr4
contig-0002068	#CC79A7	chr4
contig-0002069	#CC79A7	chr4
contig-0002070	#CC79A7	chr4
contig-0002071	#E6AB23	chr8
contig-0002072	#E6AB23	chr8
contig-0002073	#E6B847	chr15
contig-0002074	#E6B847	chr15
contig-0002075	#E6B847	chr15
contig-0002076	#00B28C	chr17
contig-0002077	#E6B847	chr15
contig-0002078	#737373	chr14
contig-0002079	#808080	chr21
contig-0002080	#808080	chr21
contig-0002081	#E6AB23	chr8
contig-0002082	#E6AB23	chr8
contig-0002083	#E6AB23	chr8
contig-0002084	#E6AB23	chr8
contig-0002085	#E6AB23	chr8
contig-0002086	#56B4E9	chr2
contig-0002087	#00B28C	chr17
contig-0002088	#56B4E9	chr2
contig-0002089	#56B4E9	chr2
contig-0002090	#D57533	chr13
contig-0002091	#D57533	chr13
contig-0002092	#D57533	chr13
contig-0002093	#D57533	chr13
contig-0002094	#D57533	chr13
contig-0002095	#808080	chr21
contig-0002096	#808080	chr21
contig-0002097	#808080	chr21
contig-0002098	#E6B847	chr15
contig-0002099	#808080	chr21
contig-0002100	#808080	chr21
contig-0002101	#D57533	chr13
contig-0002102	#737373	chr14
contig-0002103	#737373	chr14
contig-0002104	#737373	chr14
contig-0002105	#737373	chr14
contig-0002106	#737373	chr14
contig-0002107	#E69F00	chr1
contig-0002108	#E69F00	chr1
contig-0002109	#E6B847	chr15
contig-0002110	#E6B847	chr15
contig-0002111	#E6B847	chr15
contig-0002112	#E6B847	chr15
contig-0002113	#E6B847	chr15
contig-0002114	#E6AB23	chr8
contig-0002115	#56B4E9	chr2
contig-0002116	#009E73	chr3
contig-0002117	#009E73	chr3
contig-0002118	#009E73	chr3
contig-0002119	#E69F00	chr1
contig-0002120	#808080	chr21
contig-0002121	#808080	chr21
contig-0002122	#808080	chr21
contig-0002123	#808080	chr21
contig-0002124	#808080	chr21
contig-0002125	#56B4E9	chr2
contig-0002126	#0072B2	chr5
contig-0002127	#1A7FBA	chr12
contig-0002128	#1A7FBA	chr12
contig-0002129	#1A7FBA	chr12
contig-0002130	#E69F00	chr1
contig-0002131	#009E73	chr3
contig-0002132	#1A7FBA	chr12
contig-0002133	#1A7FBA	chr12
contig-0002134	#1A7FBA	chr12
contig-0002135	#56B4E9	chr2
contig-0002136	#5699E9	chr9
contig-0002137	#5699E9	chr9
contig-0002138	#0072B2	chr5
contig-0002139	#56B4E9	chr2
contig-0002140	#56B4E9	chr2
contig-0002141	#56B4E9	chr2
contig-0002142	#E69F00	chr1
contig-0002143	#009E73	chr3
contig-0002144	#009E73	chr3
contig-0002145	#009E73	chr3
contig-0002146	#0072B2	chr5
contig-0002147	#0072B2	chr5
contig-0002148	#0072B2	chr5
contig-0002149	#1A7FBA	chr12
contig-0002150	#0072B2	chr5
contig-0002151	#0072B2	chr5
contig-0002152	#E6AB23	chr8
contig-0002153	#E6AB23	chr8
contig-0002154	#E6AB23	chr8
contig-0002155	#5699E9	chr9
contig-0002156	#0072B2	chr5
contig-0002157	#0072B2	chr5
contig-0002158	#0072B2	chr5
contig-0002159	#D55E00	chr6
contig-0002160	#1A7FBA	chr12
contig-0002161	#D55E00	chr6
contig-0002162	#D55E00	chr6
contig-0002163	#D55E00	chr6
contig-0002164	#00A880	chr10
contig-0002165	#00A880	chr10
contig-0002166	#00A880	chr10
contig-0002167	#00A880	chr10
contig-0002168	#00A880	chr10
contig-0002169	#E69F00	chr1
contig-0002170	#E69F00	chr1
contig-0002171	#1A7FBA	chr12
contig-0002172	#E69F00	chr1
contig-0002173	#E69F00	chr1
contig-0002174	#E69F00	chr1
contig-0002175	#56B4E9	chr2
contig-0002176	#56B4E9	chr2
contig-0002177	#56B4E9	chr2
contig-0002178	#D57533	chr13
contig-0002179	#D57533	chr13
contig-0002180	#D57533	chr13
contig-0002181	#D57533	chr13
contig-0002182	#1A7FBA	chr12
contig-0002183	#D57533	chr13
contig-0002184	#E69F00	chr1
contig-0002185	#666666	chr7
contig-0002186	#666666	chr7
contig-0002187	#666666	chr7
contig-0002188	#666666	chr7
contig-0002189	#666666	chr7
contig-0002190	#737373	chr14
contig-0002191	#737373	chr14
contig-0002192	#1A7FBA	chr12
contig-0002193	#E6B847	chr15
contig-0002194	#E6B847	chr15
contig-0002195	#E6B847	chr15
contig-0002196	#CC79A7	chr4
contig-0002197	#CC79A7	chr4
contig-0002198	#CC79A7	chr4
contig-0002199	#CC79A7	chr4
contig-0002200	#CC79A7	chr4
contig-0002201	#E69F00	chr1
contig-0002202	#E69F00	chr1
contig-0002203	#56B4E9	chr2
contig-0002204	#E69F00	chr1
contig-0002206	#D55E00	chr6
contig-0002207	#D55E00	chr6
contig-0002208	#D55E00	chr6
contig-0002209	#D57533	chr13
contig-0002210	#00B28C	chr17
contig-0002211	#00B28C	chr17
contig-0002212	#00B28C	chr17
contig-0002213	#00B28C	chr17
contig-0002214	#E69F00	chr1
contig-0002215	#56B4E9	chr2
contig-0002216	#00B28C	chr17
contig-0002217	#1A7FBA	chr12
contig-0002218	#1A7FBA	chr12
contig-0002219	#1A7FBA	chr12
contig-0002220	#009E73	chr3
contig-0002221	#009E73	chr3
contig-0002222	#009E73	chr3
contig-0002223	#009E73	chr3
contig-0002224	#009E73	chr3
contig-0002225	#CC8DB3	chr11
contig-0002226	#56B4E9	chr2
contig-0002227	#CC8DB3	chr11
contig-0002228	#CC8DB3	chr11
contig-0002229	#CCA0BF	chr18
contig-0002230	#CCA0BF	chr18
contig-0002231	#CCA0BF	chr18
contig-0002232	#E6C47F	chr22
contig-0002233	#E6C47F	chr22
contig-0002234	#808080	chr21
contig-0002235	#808080	chr21
contig-0002236	#808080	chr21
contig-0002237	#56B4E9	chr2
contig-0002238	#808080	chr21
contig-0002239	#00A880	chr10
contig-0002240	#00A880	chr10
contig-0002241	#00A880	chr10
contig-0002242	#009E73	chr3
contig-0002243	#009E73	chr3
contig-0002244	#009E73	chr3
contig-0002245	#009E73	chr3
contig-0002246	#CC8DB3	chr11
contig-0002247	#CC8DB3	chr11
contig-0002248	#56B4E9	chr2
contig-0002249	#CC8DB3	chr11
contig-0002250	#CC8DB3	chr11
contig-0002251	#CC8DB3	chr11
contig-0002252	#666666	chr7
contig-0002253	#666666	chr7
contig-0002254	#808080	chr21
contig-0002255	#00A880	chr10
contig-0002256	#E6AB23	chr8
contig-0002257	#E6AB23	chr8
contig-0002258	#E6AB23	chr8
contig-0002259	#CC79A7	chr4
contig-0002260	#E6AB23	chr8
contig-0002261	#E6AB23	chr8
contig-0002262	#E6B847	chr15
contig-0002263	#E6B847	chr15
contig-0002264	#808080	chr21
contig-0002265	#808080	chr21
contig-0002266	#E6B847	chr15
contig-0002267	#E6B847	chr15
contig-0002268	#E6B847	chr15
contig-0002269	#E6B847	chr15
contig-0002270	#009E73	chr3
contig-0002271	#E6B847	chr15
contig-0002272	#009E73	chr3
contig-0002273	#009E73	chr3
contig-0002274	#009E73	chr3
contig-0002275	#338CC2	chr19
contig-0002276	#338CC2	chr19
contig-0002277	#338CC2	chr19
contig-0002278	#737373	chr14
contig-0002279	#E6AB23	chr8
contig-0002280	#00A880	chr10
contig-0002281	#009E73	chr3
contig-0002282	#D55E00	chr6
contig-0002283	#009E73	chr3
contig-0002284	#009E73	chr3
contig-0002285	#009E73	chr3
contig-0002286	#D55E00	chr6
contig-0002287	#D55E00	chr6
contig-0002288	#D55E00	chr6
contig-0002289	#666666	chr7
contig-0002290	#009E73	chr3
contig-0002291	#666666	chr7
contig-0002292	#666666	chr7
contig-0002293	#E6B847	chr15
contig-0002294	#E6B847	chr15
contig-0002295	#E6B847	chr15
contig-0002296	#E6B847	chr15
contig-0002297	#E6B847	chr15
contig-0002298	#1A7FBA	chr12
contig-0002299	#00A880	chr10
contig-0002300	#567DE9	chr16
contig-0002301	#009E73	chr3
contig-0002302	#567DE9	chr16
contig-0002303	#567DE9	chr16
contig-0002304	#567DE9	chr16
contig-0002305	#E69F00	chr1
contig-0002306	#E69F00	chr1
contig-0002307	#E69F00	chr1
contig-0002308	#E69F00	chr1
contig-0002309	#00B28C	chr17
contig-0002310	#567DE9	chr16
contig-0002311	#009E73	chr3
contig-0002312	#808080	chr21
contig-0002313	#808080	chr21
contig-0002314	#808080	chr21
contig-0002315	#D57533	chr13
contig-0002316	#808080	chr21
contig-0002317	#808080	chr21
contig-0002318	#CC8DB3	chr11
contig-0002319	#CC8DB3	chr11
contig-0002320	#CC8DB3	chr11
contig-0002321	#E69F00	chr1
contig-0002322	#00B28C	chr17
contig-0002323	#CC8DB3	chr11
contig-0002324	#CC8DB3	chr11
contig-0002325	#CC8DB3	chr11
contig-0002326	#CC8DB3	chr11
contig-0002327	#E69F00	chr1
contig-0002328	#E69F00	chr1
contig-0002329	#E69F00	chr1
contig-0002330	#567DE9	chr16
contig-0002331	#567DE9	chr16
contig-0002332	#567DE9	chr16
contig-0002333	#00B28C	chr17
contig-0002334	#567DE9	chr16
contig-0002335	#567DE9	chr16
contig-0002336	#666666	chr7
contig-0002337	#666666	chr7
contig-0002338	#666666	chr7
contig-0002339	#808080	chr21
contig-0002340	#808080	chr21
contig-0002341	#D55E00	chr6
contig-0002342	#D55E00	chr6
contig-0002343	#D55E00	chr6
contig-0002344	#00B28C	chr17
contig-0002345	#D55E00	chr6
contig-0002346	#D55E00	chr6
contig-0002347	#CC79A7	chr4
contig-0002348	#CC79A7	chr4
contig-0002349	#CC79A7	chr4
contig-0002350	#737373	chr14
contig-0002351	#56B4E9	chr2
contig-0002352	#CCA0BF	chr18
contig-0002353	#CCA0BF	chr18
contig-0002354	#CCA0BF	chr18
contig-0002355	#00B28C	chr17
contig-0002356	#D57533	chr13
contig-0002357	#D57533	chr13
contig-0002358	#009E73	chr3
contig-0002359	#009E73	chr3
contig-0002360	#009E73	chr3
contig-0002361	#00B28C	chr17
contig-0002362	#00B28C	chr17
contig-0002363	#00B28C	chr17
contig-0002364	#1A7FBA	chr12
contig-0002365	#1A7FBA	chr12
contig-0002366	#00B28C	chr17
contig-0002367	#1A7FBA	chr12
contig-0002368	#E6B847	chr15
contig-0002369	#E6B847	chr15
contig-0002370	#E6B847	chr15
contig-0002371	#E6B847	chr15
contig-0002372	#00B28C	chr17
contig-0002373	#CC79A7	chr4
contig-0002374	#CC79A7	chr4
contig-0002375	#CC79A7	chr4
contig-0002376	#E69F00	chr1
contig-0002377	#E6C47F	chr22
contig-0002378	#E69F00	chr1
contig-0002379	#E69F00	chr1
contig-0002380	#E69F00	chr1
contig-0002381	#E69F00	chr1
contig-0002382	#D55E00	chr6
contig-0002383	#CCA0BF	chr18
contig-0002384	#D57533	chr13
contig-0002385	#808080	chr21
contig-0002386	#E6C47F	chr22
contig-0002387	#D57533	chr13
contig-0002388	#009E73	chr3
contig-0002389	#D55E00	chr6
contig-0002390	#00A880	chr10
contig-0002391	#00A880	chr10
contig-0002392	#00A880	chr10
contig-0002393	#CC79A7	chr4
contig-0002394	#737373	chr14
contig-0002395	#567DE9	chr16
contig-0002396	#567DE9	chr16
contig-0002397	#567DE9	chr16
contig-0002398	#CC79A7	chr4
contig-0002400	#CC8DB3	chr11
contig-0002401	#CC8DB3	chr11
contig-0002402	#CC8DB3	chr11
contig-0002403	#1A7FBA	chr12
contig-0002404	#0072B2	chr5
contig-0002405	#0072B2	chr5
contig-0002406	#0072B2	chr5
contig-0002407	#666666	chr7
contig-0002408	#D57533	chr13
contig-0002409	#0072B2	chr5
contig-0002410	#338CC2	chr19
contig-0002411	#338CC2	chr19
contig-0002412	#338CC2	chr19
contig-0002413	#338CC2	chr19
contig-0002414	#CC79A7	chr4
contig-0002415	#CC79A7	chr4
contig-0002416	#CC79A7	chr4
contig-0002417	#5699E9	chr9
contig-0002418	#E6B847	chr15
contig-0002419	#E6B847	chr15
contig-0002420	#E6B847	chr15
contig-0002421	#D55E00	chr6
contig-0002422	#D55E00	chr6
contig-0002423	#D55E00	chr6
contig-0002424	#009E73	chr3
contig-0002425	#009E73	chr3
contig-0002426	#009E73	chr3
contig-0002427	#00B28C	chr17
contig-0002428	#E69F00	chr1
contig-0002429	#56B4E9	chr2
contig-0002430	#00B28C	chr17
contig-0002431	#00B28C	chr17
contig-0002432	#567DE9	chr16
contig-0002433	#567DE9	chr16
contig-0002434	#567DE9	chr16
contig-0002435	#666666	chr7
contig-0002436	#666666	chr7
contig-0002437	#666666	chr7
contig-0002438	#CC79A7	chr4
contig-0002439	#E69F00	chr1
contig-0002441	#E69F00	chr1
contig-0002442	#E69F00	chr1
contig-0002443	#737373	chr14
contig-0002444	#737373	chr14
contig-0002445	#1A7FBA	chr12
contig-0002446	#666666	chr7
contig-0002447	#009E73	chr3
contig-0002448	#009E73	chr3
contig-0002449	#009E73	chr3
contig-0002450	#009E73	chr3
contig-0002452	#E6C47F	chr22
contig-0002453	#E6C47F	chr22
contig-0002454	#D57533	chr13
contig-0002455	#009E73	chr3
contig-0002456	#009E73	chr3
contig-0002457	#009E73	chr3
contig-0002458	#009E73	chr3
contig-0002459	#00A880	chr10
contig-0002460	#009E73	chr3
contig-0002461	#009E73	chr3
contig-0002462	#E6AB23	chr8
contig-0002463	#009E73	chr3
contig-0002464	#737373	chr14
contig-0002465	#737373	chr14
contig-0002466	#737373	chr14
contig-0002467	#1A7FBA	chr12
contig-0002468	#1A7FBA	chr12
contig-0002469	#1A7FBA	chr12
contig-0002470	#808080	chr21
contig-0002471	#E6AB23	chr8
contig-0002472	#009E73	chr3
contig-0002473	#009E73	chr3
contig-0002474	#009E73	chr3
contig-0002475	#338CC2	chr19
contig-0002476	#338CC2	chr19
contig-0002477	#338CC2	chr19
contig-0002478	#E69F00	chr1
contig-0002479	#E69F00	chr1
contig-0002480	#E69F00	chr1
contig-0002481	#5699E9	chr9
contig-0002482	#E6AB23	chr8
contig-0002483	#5699E9	chr9
contig-0002484	#5699E9	chr9
contig-0002485	#666666	chr7
contig-0002486	#666666	chr7
contig-0002487	#E6AB23	chr8
contig-0002488	#E6AB23	chr8
contig-0002489	#E6AB23	chr8
contig-0002490	#E6AB23	chr8
contig-0002491	#E6AB23	chr8
contig-0002492	#E6AB23	chr8
contig-0002493	#567DE9	chr16
contig-0002494	#567DE9	chr16
contig-0002495	#567DE9	chr16
contig-0002496	#E6AB23	chr8
contig-0002497	#1A7FBA	chr12
contig-0002498	#D55E00	chr6
contig-0002499	#E69F00	chr1
contig-0002500	#E69F00	chr1
contig-0002501	#E69F00	chr1
contig-0002502	#0072B2	chr5
contig-0002503	#E6AB23	chr8
contig-0002504	#0072B2	chr5
contig-0002505	#0072B2	chr5
contig-0002506	#0072B2	chr5
contig-0002507	#0072B2	chr5
contig-0002508	#009E73	chr3
contig-0002509	#009E73	chr3
contig-0002510	#E6AB23	chr8
contig-0002511	#E6AB23	chr8
contig-0002512	#E6AB23	chr8
contig-0002513	#5699E9	chr9
contig-0002514	#CC79A7	chr4
contig-0002515	#5699E9	chr9
contig-0002516	#5699E9	chr9
contig-0002517	#CCA0BF	chr18
contig-0002518	#E6AB23	chr8
contig-0002519	#E6AB23	chr8
contig-0002520	#E6AB23	chr8
contig-0002521	#CC79A7	chr4
contig-0002522	#CC79A7	chr4
contig-0002523	#CC79A7	chr4
contig-0002524	#E6AB23	chr8
contig-0002525	#E6AB23	chr8
contig-0002526	#808080	chr21
contig-0002527	#D55E00	chr6
contig-0002528	#D55E00	chr6
contig-0002529	#D55E00	chr6
contig-0002530	#56B4E9	chr2
contig-0002531	#56B4E9	chr2
contig-0002532	#56B4E9	chr2
contig-0002533	#56B4E9	chr2
contig-0002534	#56B4E9	chr2
contig-0002535	#D57533	chr13
contig-0002536	#E6AB23	chr8
contig-0002537	#0072B2	chr5
contig-0002538	#E6AB23	chr8
contig-0002539	#D58C66	chr20
contig-0002540	#D58C66	chr20
contig-0002541	#E69F00	chr1
contig-0002542	#E69F00	chr1
contig-0002543	#E69F00	chr1
contig-0002545	#D57533	chr13
contig-0002546	#D57533	chr13
contig-0002547	#E6C47F	chr22
contig-0002548	#D57533	chr13
contig-0002549	#CCA0BF	chr18
contig-0002550	#CCA0BF	chr18
contig-0002551	#338CC2	chr19
contig-0002552	#338CC2	chr19
contig-0002553	#338CC2	chr19
contig-0002554	#D55E00	chr6
contig-0002555	#D55E00	chr6
contig-0002556	#5699E9	chr9
contig-0002557	#E69F00	chr1
contig-0002558	#666666	chr7
contig-0002559	#E69F00	chr1
contig-0002560	#E69F00	chr1
contig-0002561	#00B28C	chr17
contig-0002562	#00B28C	chr17
contig-0002563	#00B28C	chr17
contig-0002564	#5699E9	chr9
contig-0002565	#5699E9	chr9
contig-0002566	#5699E9	chr9
contig-0002567	#5699E9	chr9
contig-0002568	#E69F00	chr1
contig-0002569	#56B4E9	chr2
contig-0002570	#56B4E9	chr2
contig-0002571	#56B4E9	chr2
contig-0002572	#D55E00	chr6
contig-0002573	#56B4E9	chr2
contig-0002574	#56B4E9	chr2
contig-0002575	#56B4E9	chr2
contig-0002576	#1A7FBA	chr12
contig-0002577	#1A7FBA	chr12
contig-0002578	#1A7FBA	chr12
contig-0002579	#E69F00	chr1
contig-0002580	#1A7FBA	chr12
contig-0002581	#00B28C	chr17
contig-0002582	#CC8DB3	chr11
contig-0002583	#E6C47F	chr22
contig-0002584	#E6C47F	chr22
contig-0002585	#E6C47F	chr22
contig-0002586	#009E73	chr3
contig-0002587	#00B28C	chr17
contig-0002588	#338CC2	chr19
contig-0002589	#5699E9	chr9
contig-0002590	#E69F00	chr1
contig-0002591	#5699E9	chr9
contig-0002592	#5699E9	chr9
contig-0002593	#5699E9	chr9
contig-0002594	#5699E9	chr9
contig-0002595	#E6C47F	chr22
contig-0002596	#808080	chr21
contig-0002597	#808080	chr21
contig-0002598	#808080	chr21
contig-0002599	#808080	chr21
contig-0002600	#808080	chr21
contig-0002601	#E69F00	chr1
contig-0002602	#808080	chr21
contig-0002603	#E69F00	chr1
contig-0002604	#E69F00	chr1
contig-0002605	#E69F00	chr1
contig-0002606	#E69F00	chr1
contig-0002607	#E69F00	chr1
contig-0002608	#E69F00	chr1
contig-0002609	#E6AB23	chr8
contig-0002610	#E6AB23	chr8
contig-0002611	#E6AB23	chr8
contig-0002612	#E6AB23	chr8
contig-0002613	#E6AB23	chr8
contig-0002614	#E6AB23	chr8
contig-0002615	#E6AB23	chr8
contig-0002616	#E6AB23	chr8
contig-0002617	#E69F00	chr1
contig-0002618	#E69F00	chr1
contig-0002619	#E69F00	chr1
contig-0002620	#56B4E9	chr2
contig-0002621	#56B4E9	chr2
contig-0002622	#E69F00	chr1
contig-0002623	#56B4E9	chr2
contig-0002624	#CC8DB3	chr11
contig-0002625	#CC8DB3	chr11
contig-0002626	#CC8DB3	chr11
contig-0002627	#CCA0BF	chr18
contig-0002628	#0072B2	chr5
contig-0002629	#0072B2	chr5
contig-0002630	#0072B2	chr5
contig-0002631	#CC79A7	chr4
contig-0002632	#D58C66	chr20
contig-0002633	#E69F00	chr1
contig-0002634	#D58C66	chr20
contig-0002635	#D58C66	chr20
contig-0002636	#D58C66	chr20
contig-0002637	#D58C66	chr20
contig-0002638	#CC79A7	chr4
contig-0002639	#CC79A7	chr4
contig-0002640	#CC79A7	chr4
contig-0002641	#CC79A7	chr4
contig-0002642	#E69F00	chr1
contig-0002643	#E69F00	chr1
contig-0002644	#808080	chr21
contig-0002645	#E69F00	chr1
contig-0002646	#E69F00	chr1
contig-0002647	#E69F00	chr1
contig-0002648	#CC79A7	chr4
contig-0002649	#CC79A7	chr4
contig-0002650	#CC79A7	chr4
contig-0002651	#56B4E9	chr2
contig-0002652	#56B4E9	chr2
contig-0002653	#56B4E9	chr2
contig-0002654	#00B28C	chr17
contig-0002655	#D55E00	chr6
contig-0002656	#0072B2	chr5
contig-0002657	#D55E00	chr6
contig-0002658	#D55E00	chr6
contig-0002659	#D55E00	chr6
contig-0002660	#D55E00	chr6
contig-0002661	#CC79A7	chr4
contig-0002662	#CC79A7	chr4
contig-0002663	#CC79A7	chr4
contig-0002664	#00B28C	chr17
contig-0002665	#666666	chr7
contig-0002666	#56B4E9	chr2
contig-0002667	#D55E00	chr6
contig-0002668	#D55E00	chr6
contig-0002669	#D55E00	chr6
contig-0002670	#666666	chr7
contig-0002671	#666666	chr7
contig-0002672	#666666	chr7
contig-0002673	#666666	chr7
contig-0002674	#666666	chr7
contig-0002675	#567DE9	chr16
contig-0002676	#567DE9	chr16
contig-0002677	#E69F00	chr1
contig-0002678	#567DE9	chr16
contig-0002679	#666666	chr7
contig-0002680	#666666	chr7
contig-0002681	#666666	chr7
contig-0002682	#56B4E9	chr2
contig-0002683	#56B4E9	chr2
contig-0002684	#56B4E9	chr2
contig-0002685	#56B4E9	chr2
contig-0002686	#56B4E9	chr2
contig-0002687	#00A880	chr10
contig-0002688	#D57533	chr13
contig-0002689	#CC8DB3	chr11
contig-0002690	#CC8DB3	chr11
contig-0002691	#CC8DB3	chr11
contig-0002692	#E6C47F	chr22
contig-0002693	#E6C47F	chr22
contig-0002694	#56B4E9	chr2
contig-0002695	#E6AB23	chr8
contig-0002696	#CC8DB3	chr11
contig-0002697	#CC8DB3	chr11
contig-0002698	#CC8DB3	chr11
contig-0002699	#D57533	chr13
contig-0002700	#CC8DB3	chr11
contig-0002701	#666666	chr7
contig-0002702	#0072B2	chr5
contig-0002703	#56B4E9	chr2
contig-0002704	#0072B2	chr5
contig-0002705	#0072B2	chr5
contig-0002706	#0072B2	chr5
contig-0002707	#D57533	chr13
contig-0002708	#E6B847	chr15
contig-0002709	#808080	chr21
contig-0002710	#D57533	chr13
contig-0002711	#D57533	chr13
contig-0002712	#009E73	chr3
contig-0002713	#009E73	chr3
contig-0002714	#009E73	chr3
contig-0002715	#737373	chr14
contig-0002716	#737373	chr14
contig-0002717	#737373	chr14
contig-0002718	#737373	chr14
contig-0002719	#737373	chr14
contig-0002720	#D57533	chr13
contig-0002721	#0072B2	chr5
contig-0002722	#808080	chr21
contig-0002723	#CC8DB3	chr11
contig-0002724	#CC8DB3	chr11
contig-0002725	#CC8DB3	chr11
contig-0002726	#009E73	chr3
contig-0002727	#009E73	chr3
contig-0002728	#56B4E9	chr2
contig-0002729	#0072B2	chr5
contig-0002730	#D57533	chr13
contig-0002731	#D55E00	chr6
contig-0002732	#D55E00	chr6
contig-0002733	#D55E00	chr6
contig-0002734	#D57533	chr13
contig-0002735	#56B4E9	chr2
contig-0002736	#56B4E9	chr2
contig-0002737	#56B4E9	chr2
contig-0002738	#009E73	chr3
contig-0002739	#D58C66	chr20
contig-0002741	#E69F00	chr1
contig-0002742	#D55E00	chr6
contig-0002743	#D58C66	chr20
contig-0002744	#D58C66	chr20
contig-0002745	#D58C66	chr20
contig-0002746	#D58C66	chr20
contig-0002747	#D58C66	chr20
contig-0002748	#1A7FBA	chr12
contig-0002749	#1A7FBA	chr12
contig-0002750	#1A7FBA	chr12
contig-0002751	#0072B2	chr5
contig-0002752	#808080	chr21
contig-0002753	#E69F00	chr1
contig-0002754	#0072B2	chr5
contig-0002755	#0072B2	chr5
contig-0002756	#D57533	chr13
contig-0002757	#E69F00	chr1
contig-0002758	#00B28C	chr17
contig-0002759	#00B28C	chr17
contig-0002760	#00B28C	chr17
contig-0002761	#00B28C	chr17
contig-0002762	#00B28C	chr17
contig-0002763	#E69F00	chr1
contig-0002764	#737373	chr14
contig-0002765	#E69F00	chr1
contig-0002766	#E69F00	chr1
contig-0002767	#1A7FBA	chr12
contig-0002768	#E6AB23	chr8
contig-0002769	#CC79A7	chr4
contig-0002770	#CC79A7	chr4
contig-0002771	#CC79A7	chr4
contig-0002772	#CC79A7	chr4
contig-0002773	#CC79A7	chr4
contig-0002774	#E6B847	chr15
contig-0002775	#737373	chr14
contig-0002776	#1A7FBA	chr12
contig-0002777	#808080	chr21
contig-0002778	#808080	chr21
contig-0002779	#808080	chr21
contig-0002780	#808080	chr21
contig-0002781	#808080	chr21
contig-0002782	#D57533	chr13
contig-0002783	#737373	chr14
contig-0002784	#009E73	chr3
contig-0002785	#737373	chr14
contig-0002786	#009E73	chr3
contig-0002787	#009E73	chr3
contig-0002788	#009E73	chr3
contig-0002789	#009E73	chr3
contig-0002790	#666666	chr7
contig-0002791	#666666	chr7
contig-0002792	#D55E00	chr6
contig-0002793	#D55E00	chr6
contig-0002794	#E69F00	chr1
contig-0002795	#CC79A7	chr4
contig-0002796	#737373	chr14
contig-0002797	#CC79A7	chr4
contig-0002798	#CC79A7	chr4
contig-0002799	#E6AB23	chr8
contig-0002800	#338CC2	chr19
contig-0002801	#338CC2	chr19
contig-0002802	#338CC2	chr19
contig-0002803	#00B28C	chr17
contig-0002804	#00B28C	chr17
contig-0002805	#00B28C	chr17
contig-0002806	#D57533	chr13
contig-0002807	#737373	chr14
contig-0002808	#D57533	chr13
contig-0002809	#1A7FBA	chr12
contig-0002810	#1A7FBA	chr12
contig-0002811	#1A7FBA	chr12
contig-0002812	#737373	chr14
contig-0002813	#737373	chr14
contig-0002814	#00B28C	chr17
contig-0002815	#CC8DB3	chr11
contig-0002816	#D57533	chr13
contig-0002817	#CC8DB3	chr11
contig-0002818	#CC8DB3	chr11
contig-0002819	#00B28C	chr17
contig-0002820	#00B28C	chr17
contig-0002821	#00B28C	chr17
contig-0002822	#D55E00	chr6
contig-0002823	#00A880	chr10
contig-0002824	#00A880	chr10
contig-0002825	#00A880	chr10
contig-0002826	#00A880	chr10
contig-0002827	#E6C47F	chr22
contig-0002828	#00A880	chr10
contig-0002829	#00A880	chr10
contig-0002830	#5699E9	chr9
contig-0002831	#E6AB23	chr8
contig-0002832	#E6AB23	chr8
contig-0002833	#009E73	chr3
contig-0002834	#009E73	chr3
contig-0002835	#009E73	chr3
contig-0002836	#737373	chr14
contig-0002837	#737373	chr14
contig-0002838	#1A7FBA	chr12
contig-0002839	#E6B847	chr15
contig-0002840	#E6B847	chr15
contig-0002841	#E6B847	chr15
contig-0002842	#666666	chr7
contig-0002843	#666666	chr7
contig-0002844	#666666	chr7
contig-0002845	#E6AB23	chr8
contig-0002846	#D55E00	chr6
contig-0002848	#0072B2	chr5
contig-0002849	#1A7FBA	chr12
contig-0002850	#D57533	chr13
contig-0002851	#338CC2	chr19
contig-0002852	#737373	chr14
contig-0002853	#666666	chr7
contig-0002854	#666666	chr7
contig-0002855	#666666	chr7
contig-0002856	#00A880	chr10
contig-0002857	#567DE9	chr16
contig-0002858	#737373	chr14
contig-0002859	#737373	chr14
contig-0002860	#D57533	chr13
contig-0002861	#1A7FBA	chr12
contig-0002862	#737373	chr14
contig-0002863	#737373	chr14
contig-0002864	#D57533	chr13
contig-0002865	#56B4E9	chr2
contig-0002866	#56B4E9	chr2
contig-0002867	#56B4E9	chr2
contig-0002868	#56B4E9	chr2
contig-0002869	#56B4E9	chr2
contig-0002870	#56B4E9	chr2
contig-0002871	#338CC2	chr19
contig-0002872	#D57533	chr13
contig-0002873	#338CC2	chr19
contig-0002874	#338CC2	chr19
contig-0002875	#00B28C	chr17
contig-0002876	#00B28C	chr17
contig-0002877	#00B28C	chr17
contig-0002878	#E6AB23	chr8
contig-0002879	#56B4E9	chr2
contig-0002880	#56B4E9	chr2
contig-0002881	#0072B2	chr5
contig-0002882	#E69F00	chr1
contig-0002883	#E69F00	chr1
contig-0002884	#0072B2	chr5
contig-0002885	#CC8DB3	chr11
contig-0002886	#5699E9	chr9
contig-0002887	#338CC2	chr19
contig-0002888	#D57533	chr13
contig-0002889	#CC8DB3	chr11
contig-0002890	#808080	chr21
contig-0002891	#CC8DB3	chr11
contig-0002892	#CC8DB3	chr11
contig-0002893	#E6AB23	chr8
contig-0002894	#CC8DB3	chr11
contig-0002895	#666666	chr7
contig-0002896	#009E73	chr3
contig-0002897	#338CC2	chr19
contig-0002898	#338CC2	chr19
contig-0002899	#CC79A7	chr4
contig-0002900	#D57533	chr13
contig-0002901	#CC79A7	chr4
contig-0002902	#CC79A7	chr4
contig-0002903	#00B28C	chr17
contig-0002904	#9467BD	chrX
contig-0002905	#5699E9	chr9
contig-0002906	#0072B2	chr5
contig-0002907	#737373	chr14
contig-0002908	#009E73	chr3
contig-0002909	#D55E00	chr6
contig-0002910	#D55E00	chr6
contig-0002911	#E6B847	chr15
contig-0002912	#D55E00	chr6
contig-0002913	#D55E00	chr6
contig-0002914	#D55E00	chr6
contig-0002915	#0072B2	chr5
contig-0002916	#737373	chr14
contig-0002917	#737373	chr14
contig-0002918	#737373	chr14
contig-0002919	#CC79A7	chr4
contig-0002920	#CC79A7	chr4
contig-0002921	#CC79A7	chr4
contig-0002922	#E6AB23	chr8
contig-0002923	#CC79A7	chr4
contig-0002924	#CC79A7	chr4
contig-0002925	#CC79A7	chr4
contig-0002926	#808080	chr21
contig-0002927	#808080	chr21
contig-0002928	#D57533	chr13
contig-0002929	#1A7FBA	chr12
contig-0002930	#E69F00	chr1
contig-0002931	#E69F00	chr1
contig-0002932	#E69F00	chr1
contig-0002933	#E6AB23	chr8
contig-0002934	#0072B2	chr5
contig-0002935	#567DE9	chr16
contig-0002936	#CC79A7	chr4
contig-0002937	#CC79A7	chr4
contig-0002938	#CC79A7	chr4
contig-0002939	#CC79A7	chr4
contig-0002940	#CC79A7	chr4
contig-0002941	#56B4E9	chr2
contig-0002942	#56B4E9	chr2
contig-0002943	#56B4E9	chr2
contig-0002944	#E6AB23	chr8
contig-0002946	#D58C66	chr20
contig-0002947	#D58C66	chr20
contig-0002948	#D58C66	chr20
contig-0002949	#0072B2	chr5
contig-0002950	#0072B2	chr5
contig-0002951	#0072B2	chr5
contig-0002952	#0072B2	chr5
contig-0002953	#D58C66	chr20
contig-0002954	#D55E00	chr6
contig-0002955	#E6AB23	chr8
contig-0002956	#CC79A7	chr4
contig-0002957	#338CC2	chr19
contig-0002958	#00B28C	chr17
contig-0002959	#00B28C	chr17
contig-0002960	#00B28C	chr17
contig-0002961	#00B28C	chr17
contig-0002962	#00A880	chr10
contig-0002963	#666666	chr7
contig-0002964	#009E73	chr3
contig-0002965	#009E73	chr3
contig-0002966	#D57533	chr13
contig-0002967	#E6AB23	chr8
contig-0002968	#009E73	chr3
contig-0002969	#567DE9	chr16
contig-0002970	#CC79A7	chr4
contig-0002971	#CC79A7	chr4
contig-0002972	#CC79A7	chr4
contig-0002973	#56B4E9	chr2
contig-0002974	#56B4E9	chr2
contig-0002975	#56B4E9	chr2
contig-0002976	#CC79A7	chr4
contig-0002977	#D58C66	chr20
contig-0002978	#00A880	chr10
contig-0002979	#CC8DB3	chr11
contig-0002980	#CC8DB3	chr11
contig-0002981	#00B28C	chr17
contig-0002982	#00B28C	chr17
contig-0002983	#E69F00	chr1
contig-0002984	#0072B2	chr5
contig-0002985	#0072B2	chr5
contig-0002986	#0072B2	chr5
contig-0002987	#E6C47F	chr22
contig-0002988	#00A880	chr10
contig-0002989	#E6C47F	chr22
contig-0002990	#E6C47F	chr22
contig-0002991	#D57533	chr13
contig-0002992	#D57533	chr13
contig-0002993	#CC79A7	chr4
contig-0002995	#00A880	chr10
contig-0002996	#E6B847	chr15
contig-0002997	#E6B847	chr15
contig-0002998	#E6B847	chr15
contig-0002999	#CC8DB3	chr11
contig-0003000	#CC8DB3	chr11
contig-0003001	#CC8DB3	chr11
contig-0003002	#D57533	chr13
contig-0003003	#D57533	chr13
contig-0003004	#00A880	chr10
contig-0003005	#D57533	chr13
contig-0003006	#5699E9	chr9
contig-0003009	#CC8DB3	chr11
contig-0003010	#E6B847	chr15
contig-0003011	#CC8DB3	chr11
contig-0003012	#737373	chr14
contig-0003013	#737373	chr14
contig-0003014	#00A880	chr10
contig-0003015	#737373	chr14
contig-0003016	#808080	chr21
contig-0003017	#808080	chr21
contig-0003018	#808080	chr21
contig-0003019	#E69F00	chr1
contig-0003020	#E69F00	chr1
contig-0003021	#E69F00	chr1
contig-0003022	#E69F00	chr1
contig-0003023	#0072B2	chr5
contig-0003024	#808080	chr21
contig-0003025	#808080	chr21
contig-0003026	#E6B847	chr15
contig-0003027	#00A880	chr10
contig-0003028	#D57533	chr13
contig-0003029	#E6C47F	chr22
contig-0003030	#E6C47F	chr22
contig-0003031	#0072B2	chr5
contig-0003032	#E6B847	chr15
contig-0003033	#D55E00	chr6
contig-0003034	#D55E00	chr6
contig-0003035	#E6C47F	chr22
contig-0003036	#E69F00	chr1
contig-0003037	#808080	chr21
contig-0003038	#808080	chr21
contig-0003039	#D57533	chr13
contig-0003040	#D57533	chr13
contig-0003041	#0072B2	chr5
contig-0003042	#E6C47F	chr22
contig-0003043	#E6B847	chr15
contig-0003044	#808080	chr21
contig-0003045	#E6C47F	chr22
contig-0003046	#CC8DB3	chr11
contig-0003047	#D55E00	chr6
contig-0003048	#D55E00	chr6
contig-0003049	#D55E00	chr6
contig-0003050	#CC79A7	chr4
contig-0003051	#CC79A7	chr4
contig-0003052	#0072B2	chr5
contig-0003053	#CC79A7	chr4
contig-0003054	#808080	chr21
contig-0003055	#5699E9	chr9
contig-0003056	#00A880	chr10
contig-0003057	#00A880	chr10
contig-0003058	#00A880	chr10
contig-0003059	#00A880	chr10
contig-0003060	#00A880	chr10
contig-0003061	#0072B2	chr5
contig-0003062	#5699E9	chr9
contig-0003063	#00A880	chr10
contig-0003064	#D57533	chr13
contig-0003065	#0072B2	chr5
contig-0003066	#5699E9	chr9
contig-0003067	#E6B847	chr15
contig-0003068	#5699E9	chr9
contig-0003069	#E69F00	chr1
contig-0003070	#E69F00	chr1
contig-0003071	#737373	chr14
contig-0003072	#737373	chr14
contig-0003073	#737373	chr14
contig-0003074	#E6C47F	chr22
contig-0003075	#E6C47F	chr22
contig-0003076	#D55E00	chr6
contig-0003077	#737373	chr14
contig-0003078	#D57533	chr13
contig-0003079	#338CC2	chr19
contig-0003080	#E69F00	chr1
contig-0003081	#E6B847	chr15
contig-0003082	#737373	chr14
contig-0003083	#0072B2	chr5
contig-0003084	#0072B2	chr5
contig-0003085	#0072B2	chr5
contig-0003086	#0072B2	chr5
contig-0003087	#0072B2	chr5
contig-0003088	#0072B2	chr5
contig-0003089	#D57533	chr13
contig-0003090	#D57533	chr13
contig-0003092	#5699E9	chr9
contig-0003093	#5699E9	chr9
contig-0003094	#E6C47F	chr22
contig-0003096	#CC8DB3	chr11
contig-0003097	#CC8DB3	chr11
contig-0003098	#CC8DB3	chr11
contig-0003099	#E6AB23	chr8
contig-0003100	#D55E00	chr6
contig-0003101	#E6B847	chr15
contig-0003102	#E6B847	chr15
contig-0003103	#E6B847	chr15
contig-0003104	#D57533	chr13
contig-0003105	#737373	chr14
contig-0003106	#E6C47F	chr22
contig-0003107	#D57533	chr13
contig-0003109	#567DE9	chr16
contig-0003110	#E69F00	chr1
contig-0003111	#D57533	chr13
contig-0003112	#D57533	chr13
contig-0003113	#D57533	chr13
contig-0003114	#CC79A7	chr4
contig-0003115	#56B4E9	chr2
contig-0003116	#CC79A7	chr4
contig-0003117	#CC79A7	chr4
contig-0003119	#567DE9	chr16
contig-0003120	#567DE9	chr16
contig-0003121	#009E73	chr3
contig-0003122	#808080	chr21
contig-0003123	#808080	chr21
contig-0003124	#808080	chr21
contig-0003125	#56B4E9	chr2
contig-0003126	#D57533	chr13
contig-0003127	#808080	chr21
contig-0003128	#D57533	chr13
contig-0003129	#808080	chr21
contig-0003130	#D57533	chr13
contig-0003131	#D57533	chr13
contig-0003132	#56B4E9	chr2
contig-0003133	#CC8DB3	chr11
contig-0003134	#E6AB23	chr8
contig-0003135	#E6AB23	chr8
contig-0003136	#808080	chr21
contig-0003137	#E6AB23	chr8
contig-0003138	#5699E9	chr9
contig-0003139	#338CC2	chr19
contig-0003140	#56B4E9	chr2
contig-0003141	#CC79A7	chr4
contig-0003142	#E6AB23	chr8
contig-0003143	#E6AB23	chr8
contig-0003144	#E6AB23	chr8
contig-0003145	#56B4E9	chr2
contig-0003146	#1A7FBA	chr12
contig-0003147	#737373	chr14
contig-0003148	#17BECF	chrM
contig-0003149	#17BECF	chrM
contig-0003150	#17BECF	chrM
contig-0003151	#17BECF	chrM
contig-0003154	#56B4E9	chr2
contig-0003156	#00A880	chr10
contig-0003157	#D57533	chr13
contig-0003158	#737373	chr14
contig-0003159	#00A880	chr10
contig-0003160	#00A880	chr10
contig-0003161	#D55E00	chr6
contig-0003162	#567DE9	chr16
contig-0003163	#E69F00	chr1
contig-0003164	#E6AB23	chr8
contig-0003166	#737373	chr14
contig-0003167	#CC79A7	chr4
contig-0003168	#D57533	chr13
contig-0003169	#666666	chr7
contig-0003170	#0072B2	chr5
contig-0003171	#0072B2	chr5
contig-0003172	#0072B2	chr5
contig-0003173	#E69F00	chr1
contig-0003174	#E69F00	chr1
contig-0003175	#E69F00	chr1
contig-0003176	#737373	chr14
contig-0003177	#E69F00	chr1
contig-0003178	#808080	chr21
contig-0003179	#1A7FBA	chr12
contig-0003181	#009E73	chr3
contig-0003182	#009E73	chr3
contig-0003183	#009E73	chr3
contig-0003184	#009E73	chr3
contig-0003186	#737373	chr14
contig-0003187	#E6B847	chr15
contig-0003191	#009E73	chr3
contig-0003193	#737373	chr14
contig-0003194	#737373	chr14
contig-0003195	#737373	chr14
contig-0003196	#00B28C	chr17
contig-0003197	#CC79A7	chr4
contig-0003198	#1A7FBA	chr12
contig-0003199	#1A7FBA	chr12
contig-0003200	#1A7FBA	chr12
contig-0003202	#567DE9	chr16
contig-0003203	#009E73	chr3
contig-0003205	#56B4E9	chr2
contig-0003206	#666666	chr7
contig-0003207	#00B28C	chr17
contig-0003208	#CC8DB3	chr11
contig-0003209	#737373	chr14
contig-0003210	#D57533	chr13
contig-0003211	#D57533	chr13
contig-0003212	#D57533	chr13
contig-0003213	#D57533	chr13
contig-0003214	#D55E00	chr6
contig-0003215	#009E73	chr3
contig-0003216	#00B28C	chr17
contig-0003217	#666666	chr7
contig-0003218	#5699E9	chr9
contig-0003219	#5699E9	chr9
contig-0003220	#666666	chr7
contig-0003221	#666666	chr7
contig-0003222	#666666	chr7
contig-0003223	#E69F00	chr1
contig-0003224	#00B28C	chr17
contig-0003225	#56B4E9	chr2
contig-0003226	#00A880	chr10
contig-0003227	#00B28C	chr17
contig-0003228	#56B4E9	chr2
contig-0003229	#D57533	chr13
contig-0003230	#D57533	chr13
contig-0003231	#CC79A7	chr4
contig-0003232	#56B4E9	chr2
contig-0003233	#E6B847	chr15
contig-0003234	#567DE9	chr16
contig-0003235	#E6C47F	chr22
contig-0003236	#E69F00	chr1
contig-0003237	#00B28C	chr17
contig-0003238	#E69F00	chr1
contig-0003239	#E69F00	chr1
contig-0003240	#00B28C	chr17
contig-0003241	#00B28C	chr17
contig-0003242	#00B28C	chr17
contig-0003243	#00B28C	chr17
contig-0003244	#808080	chr21
contig-0003245	#D58C66	chr20
contig-0003246	#8C564B	chrY
contig-0003247	#8C564B	chrY
contig-0003248	#D55E00	chr6
contig-0003249	#8C564B	chrY
contig-0003250	#8C564B	chrY
contig-0003251	#E6C47F	chr22
contig-0003252	#E6C47F	chr22
contig-0003253	#D57533	chr13
contig-0003254	#009E73	chr3
contig-0003255	#E69F00	chr1
contig-0003256	#E69F00	chr1
contig-0003257	#E69F00	chr1
contig-0003258	#E69F00	chr1
contig-0003259	#D57533	chr13
contig-0003260	#D55E00	chr6
contig-0003261	#D57533	chr13
contig-0003262	#737373	chr14
contig-0003263	#737373	chr14
contig-0003264	#737373	chr14
contig-0003265	#737373	chr14
contig-0003266	#737373	chr14
contig-0003267	#D57533	chr13
contig-0003268	#D57533	chr13
contig-0003269	#D55E00	chr6
contig-0003270	#D57533	chr13
contig-0003271	#D57533	chr13
contig-0003272	#808080	chr21
contig-0003273	#808080	chr21
contig-0003274	#D57533	chr13
contig-0003275	#D57533	chr13
contig-0003276	#D57533	chr13
contig-0003277	#D57533	chr13
contig-0003278	#D57533	chr13
contig-0003279	#D57533	chr13
contig-0003280	#E69F00	chr1
contig-0003281	#D57533	chr13
contig-0003282	#D57533	chr13
contig-0003283	#D57533	chr13
contig-0003284	#D57533	chr13
contig-0003285	#D57533	chr13
contig-0003286	#D57533	chr13
contig-0003287	#D57533	chr13
contig-0003288	#E6C47F	chr22
contig-0003289	#1A7FBA	chr12
contig-0003290	#E69F00	chr1
contig-0003291	#D57533	chr13
contig-0003292	#E6B847	chr15
contig-0003293	#808080	chr21
contig-0003294	#D57533	chr13
contig-0003295	#D57533	chr13
contig-0003296	#D57533	chr13
contig-0003297	#1A7FBA	chr12
contig-0003298	#E69F00	chr1
contig-0003299	#808080	chr21
contig-0003300	#808080	chr21
contig-0003301	#D57533	chr13
contig-0003302	#D57533	chr13
contig-0003303	#D57533	chr13
contig-0003304	#D57533	chr13
contig-0003305	#D57533	chr13
contig-0003306	#D57533	chr13
contig-0003307	#009E73	chr3
contig-0003308	#808080	chr21
contig-0003309	#808080	chr21
contig-0003310	#56B4E9	chr2
contig-0003311	#56B4E9	chr2
contig-0003312	#56B4E9	chr2
contig-0003313	#56B4E9	chr2
contig-0003314	#8C564B	chrY
contig-0003315	#D57533	chr13
contig-0003316	#009E73	chr3
contig-0003317	#D57533	chr13
contig-0003318	#D57533	chr13
contig-0003319	#D57533	chr13
contig-0003320	#808080	chr21
contig-0003321	#1A7FBA	chr12
contig-0003322	#808080	chr21
contig-0003323	#00A880	chr10
contig-0003324	#00A880	chr10
contig-0003325	#00A880	chr10
contig-0003326	#0072B2	chr5
contig-0003327	#1A7FBA	chr12
contig-0003328	#D55E00	chr6
contig-0003329	#00B28C	chr17
contig-0003330	#00B28C	chr17
contig-0003331	#0072B2	chr5
contig-0003332	#CC79A7	chr4
contig-0003333	#808080	chr21
contig-0003334	#E69F00	chr1
contig-0003335	#D55E00	chr6
contig-0003336	#5699E9	chr9
contig-0003337	#808080	chr21
contig-0003338	#00A880	chr10
contig-0003339	#56B4E9	chr2
contig-0003340	#56B4E9	chr2
contig-0003341	#D57533	chr13
contig-0003342	#808080	chr21
contig-0003343	#CC79A7	chr4
contig-0003344	#5699E9	chr9
contig-0003345	#00B28C	chr17
contig-0003346	#5699E9	chr9
contig-0003347	#5699E9	chr9
contig-0003348	#E69F00	chr1
contig-0003349	#D57533	chr13
contig-0003350	#D57533	chr13
contig-0003351	#D57533	chr13
contig-0003352	#E6B847	chr15
contig-0003353	#0072B2	chr5
contig-0003354	#E6AB23	chr8
contig-0003355	#00B28C	chr17
contig-0003356	#0072B2	chr5
contig-0003357	#0072B2	chr5
contig-0003358	#0072B2	chr5
contig-0003359	#666666	chr7
contig-0003360	#666666	chr7
contig-0003361	#666666	chr7
contig-0003362	#E6C47F	chr22
contig-0003363	#808080	chr21
contig-0003364	#CC79A7	chr4
contig-0003365	#00B28C	chr17
contig-0003366	#D57533	chr13
contig-0003367	#D57533	chr13
contig-0003368	#D57533	chr13
contig-0003369	#D57533	chr13
contig-0003370	#D57533	chr13
contig-0003371	#D57533	chr13
contig-0003373	#E6C47F	chr22
contig-0003374	#808080	chr21
contig-0003375	#737373	chr14
contig-0003376	#0072B2	chr5
contig-0003377	#737373	chr14
contig-0003378	#00A880	chr10
contig-0003379	#D57533	chr13
contig-0003380	#E6C47F	chr22
contig-0003381	#808080	chr21
contig-0003382	#D57533	chr13
contig-0003383	#D58C66	chr20
contig-0003384	#D58C66	chr20
contig-0003385	#0072B2	chr5
contig-0003386	#E69F00	chr1
contig-0003387	#E69F00	chr1
contig-0003388	#009E73	chr3
contig-0003389	#009E73	chr3
contig-0003390	#CC8DB3	chr11
contig-0003392	#E6AB23	chr8
contig-0003393	#E6AB23	chr8
contig-0003394	#E6AB23	chr8
contig-0003395	#00B28C	chr17
contig-0003396	#737373	chr14
contig-0003397	#009E73	chr3
contig-0003399	#CC79A7	chr4
contig-0003400	#CC79A7	chr4
contig-0003401	#CC79A7	chr4
contig-0003402	#808080	chr21
contig-0003403	#E6AB23	chr8
contig-0003404	#0072B2	chr5
contig-0003405	#1A7FBA	chr12
contig-0003406	#0072B2	chr5
contig-0003407	#0072B2	chr5
contig-0003408	#0072B2	chr5
contig-0003409	#338CC2	chr19
contig-0003410	#338CC2	chr19
contig-0003411	#338CC2	chr19
contig-0003412	#338CC2	chr19
contig-0003413	#0072B2	chr5
contig-0003414	#1A7FBA	chr12
contig-0003415	#0072B2	chr5
contig-0003416	#0072B2	chr5
contig-0003417	#CC8DB3	chr11
contig-0003418	#D55E00	chr6
contig-0003419	#D55E00	chr6
contig-0003420	#D55E00	chr6
contig-0003421	#567DE9	chr16
contig-0003422	#E6B847	chr15
contig-0003424	#56B4E9	chr2
contig-0003425	#1A7FBA	chr12
contig-0003426	#E6B847	chr15
contig-0003427	#737373	chr14
contig-0003428	#009E73	chr3
contig-0003429	#808080	chr21
contig-0003430	#808080	chr21
contig-0003431	#808080	chr21
contig-0003432	#808080	chr21
contig-0003433	#009E73	chr3
contig-0003434	#009E73	chr3
contig-0003435	#1A7FBA	chr12
contig-0003436	#009E73	chr3
contig-0003437	#E6C47F	chr22
contig-0003438	#D57533	chr13
contig-0003439	#8C564B	chrY
contig-0003440	#8C564B	chrY
contig-0003441	#8C564B	chrY
contig-0003442	#8C564B	chrY
contig-0003443	#8C564B	chrY
contig-0003444	#8C564B	chrY
contig-0003445	#1A7FBA	chr12
contig-0003446	#5699E9	chr9
contig-0003447	#E6AB23	chr8
contig-0003448	#CC8DB3	chr11
contig-0003449	#009E73	chr3
contig-0003450	#CC79A7	chr4
contig-0003451	#009E73	chr3
contig-0003452	#1A7FBA	chr12
contig-0003453	#1A7FBA	chr12
contig-0003454	#1A7FBA	chr12
contig-0003455	#1A7FBA	chr12
contig-0003456	#E6AB23	chr8
contig-0003457	#0072B2	chr5
contig-0003458	#1A7FBA	chr12
contig-0003459	#D57533	chr13
contig-0003460	#737373	chr14
contig-0003461	#737373	chr14
contig-0003462	#E6AB23	chr8
contig-0003463	#56B4E9	chr2
contig-0003464	#009E73	chr3
contig-0003465	#009E73	chr3
contig-0003466	#E69F00	chr1
contig-0003467	#5699E9	chr9
contig-0003468	#5699E9	chr9
contig-0003469	#E6B847	chr15
contig-0003470	#56B4E9	chr2
contig-0003471	#56B4E9	chr2
contig-0003472	#56B4E9	chr2
contig-0003473	#009E73	chr3
contig-0003474	#00B28C	chr17
contig-0003475	#5699E9	chr9
contig-0003476	#CC8DB3	chr11
contig-0003477	#5699E9	chr9
contig-0003478	#5699E9	chr9
contig-0003479	#D57533	chr13
contig-0003480	#D57533	chr13
contig-0003481	#00B28C	chr17
contig-0003482	#E6AB23	chr8
contig-0003483	#E6AB23	chr8
contig-0003484	#D55E00	chr6
contig-0003485	#E6B847	chr15
contig-0003486	#CC8DB3	chr11
contig-0003487	#D57533	chr13
contig-0003488	#D58C66	chr20
contig-0003489	#E6AB23	chr8
contig-0003490	#E6B847	chr15
contig-0003491	#00B28C	chr17
contig-0003492	#00B28C	chr17
contig-0003493	#666666	chr7
contig-0003494	#56B4E9	chr2
contig-0003495	#CC79A7	chr4
contig-0003496	#D57533	chr13
contig-0003497	#009E73	chr3
contig-0003498	#CC79A7	chr4
contig-0003499	#808080	chr21
contig-0003500	#567DE9	chr16
contig-0003501	#8C564B	chrY
contig-0003502	#8C564B	chrY
contig-0003503	#8C564B	chrY
contig-0003504	#8C564B	chrY
contig-0003505	#666666	chr7
contig-0003506	#D57533	chr13
contig-0003507	#0072B2	chr5
contig-0003508	#0072B2	chr5
contig-0003509	#0072B2	chr5
contig-0003510	#0072B2	chr5
contig-0003511	#0072B2	chr5
contig-0003512	#0072B2	chr5
contig-0003513	#D55E00	chr6
contig-0003514	#808080	chr21
contig-0003515	#009E73	chr3
contig-0003516	#0072B2	chr5
contig-0003517	#D57533	chr13
contig-0003518	#0072B2	chr5
contig-0003519	#5699E9	chr9
contig-0003520	#E6B847	chr15
contig-0003521	#E6AB23	chr8
contig-0003522	#CC79A7	chr4
contig-0003523	#5699E9	chr9
contig-0003525	#1A7FBA	chr12
contig-0003526	#E69F00	chr1
contig-0003528	#E6AB23	chr8
contig-0003529	#56B4E9	chr2
contig-0003530	#CC8DB3	chr11
contig-0003531	#009E73	chr3
contig-0003532	#009E73	chr3
contig-0003533	#E6AB23	chr8
contig-0003534	#009E73	chr3
contig-0003535	#009E73	chr3
contig-0003536	#009E73	chr3
contig-0003537	#009E73	chr3
contig-0003538	#808080	chr21
contig-0003539	#808080	chr21
contig-0003540	#E6C47F	chr22
contig-0003541	#D57533	chr13
contig-0003542	#D55E00	chr6
contig-0003543	#D55E00	chr6
contig-0003544	#E6AB23	chr8
contig-0003545	#D55E00	chr6
contig-0003546	#D55E00	chr6
contig-0003547	#D55E00	chr6
contig-0003548	#D57533	chr13
contig-0003549	#D57533	chr13
contig-0003551	#0072B2	chr5
contig-0003552	#0072B2	chr5
contig-0003553	#0072B2	chr5
contig-0003554	#0072B2	chr5
contig-0003555	#E6AB23	chr8
contig-0003556	#0072B2	chr5
contig-0003557	#E6C47F	chr22
contig-0003558	#E6B847	chr15
contig-0003559	#E6B847	chr15
contig-0003560	#666666	chr7
contig-0003561	#666666	chr7
contig-0003562	#666666	chr7
contig-0003563	#E6B847	chr15
contig-0003564	#E6B847	chr15
contig-0003565	#E6B847	chr15
contig-0003566	#E6B847	chr15
contig-0003567	#E6B847	chr15
contig-0003568	#E6C47F	chr22
contig-0003569	#E6B847	chr15
contig-0003570	#666666	chr7
contig-0003571	#666666	chr7
contig-0003572	#666666	chr7
contig-0003573	#D57533	chr13
contig-0003574	#D57533	chr13
contig-0003575	#1A7FBA	chr12
contig-0003576	#D57533	chr13
contig-0003578	#CC79A7	chr4
contig-0003579	#CC79A7	chr4
contig-0003580	#CC79A7	chr4
contig-0003581	#CC79A7	chr4
contig-0003582	#CC79A7	chr4
contig-0003583	#D57533	chr13
contig-0003584	#D57533	chr13
contig-0003585	#CC8DB3	chr11
contig-0003586	#1A7FBA	chr12
contig-0003587	#D57533	chr13
contig-0003588	#D57533	chr13
contig-0003589	#D57533	chr13
contig-0003590	#1A7FBA	chr12
contig-0003591	#1A7FBA	chr12
contig-0003592	#1A7FBA	chr12
contig-0003593	#009E73	chr3
contig-0003594	#1A7FBA	chr12
contig-0003595	#009E73	chr3
contig-0003596	#009E73	chr3
contig-0003597	#009E73	chr3
contig-0003598	#009E73	chr3
contig-0003599	#009E73	chr3
contig-0003600	#009E73	chr3
contig-0003601	#009E73	chr3
contig-0003602	#009E73	chr3
contig-0003604	#1A7FBA	chr12
contig-0003605	#D58C66	chr20
contig-0003606	#D57533	chr13
contig-0003607	#E6C47F	chr22
contig-0003608	#D57533	chr13
contig-0003609	#737373	chr14
contig-0003610	#E6C47F	chr22
contig-0003611	#009E73	chr3
contig-0003612	#1A7FBA	chr12
contig-0003613	#009E73	chr3
contig-0003614	#009E73	chr3
contig-0003615	#009E73	chr3
contig-0003616	#009E73	chr3
contig-0003617	#D55E00	chr6
contig-0003618	#D55E00	chr6
contig-0003619	#D55E00	chr6
contig-0003620	#D55E00	chr6
contig-0003621	#D55E00	chr6
contig-0003623	#E69F00	chr1
contig-0003624	#E69F00	chr1
contig-0003625	#E69F00	chr1
contig-0003626	#E69F00	chr1
contig-0003627	#E69F00	chr1
contig-0003628	#E6B847	chr15
contig-0003630	#808080	chr21
contig-0003631	#E6C47F	chr22
contig-0003632	#737373	chr14
contig-0003633	#737373	chr14
contig-0003634	#737373	chr14
contig-0003635	#D57533	chr13
contig-0003636	#737373	chr14
contig-0003637	#737373	chr14
contig-0003639	#D57533	chr13
contig-0003640	#808080	chr21
contig-0003641	#808080	chr21
contig-0003642	#808080	chr21
contig-0003643	#808080	chr21
contig-0003644	#E6C47F	chr22
contig-0003647	#0072B2	chr5
contig-0003648	#009E73	chr3
contig-0003649	#009E73	chr3
contig-0003650	#009E73	chr3
contig-0003651	#009E73	chr3
contig-0003652	#009E73	chr3
contig-0003653	#D57533	chr13
contig-0003654	#D57533	chr13
contig-0003655	#D57533	chr13
contig-0003656	#D57533	chr13
contig-0003657	#D57533	chr13
contig-0003659	#E69F00	chr1
contig-0003660	#E69F00	chr1
contig-0003661	#E69F00	chr1
contig-0003662	#E69F00	chr1
contig-0003663	#D55E00	chr6
contig-0003664	#D55E00	chr6
contig-0003665	#D55E00	chr6
contig-0003666	#D55E00	chr6
contig-0003667	#D55E00	chr6
contig-0003668	#D55E00	chr6
contig-0003669	#D55E00	chr6
contig-0003670	#737373	chr14
contig-0003671	#CC8DB3	chr11
contig-0003672	#D57533	chr13
contig-0003673	#D57533	chr13
contig-0003674	#5699E9	chr9
contig-0003675	#5699E9	chr9
contig-0003676	#5699E9	chr9
contig-0003677	#5699E9	chr9
contig-0003678	#E6B847	chr15
contig-0003679	#808080	chr21
contig-0003680	#56B4E9	chr2
contig-0003681	#D57533	chr13
contig-0003682	#D57533	chr13
contig-0003683	#D57533	chr13
contig-0003686	#666666	chr7
contig-0003687	#737373	chr14
contig-0003688	#737373	chr14
contig-0003689	#56B4E9	chr2
contig-0003690	#737373	chr14
contig-0003691	#D57533	chr13
contig-0003692	#E6C47F	chr22
contig-0003693	#737373	chr14
contig-0003694	#737373	chr14
contig-0003697	#CC8DB3	chr11
contig-0003698	#56B4E9	chr2
contig-0003699	#808080	chr21
contig-0003700	#E6C47F	chr22
contig-0003701	#D57533	chr13
contig-0003703	#E6C47F	chr22
contig-0003704	#D57533	chr13
contig-0003705	#56B4E9	chr2
contig-0003706	#D57533	chr13
contig-0003707	#E6C47F	chr22
contig-0003708	#CC8DB3	chr11
contig-0003709	#737373	chr14
contig-0003710	#E6C47F	chr22
contig-0003711	#E6C47F	chr22
contig-0003712	#E6C47F	chr22
contig-0003713	#666666	chr7
contig-0003714	#56B4E9	chr2
contig-0003715	#666666	chr7
contig-0003716	#737373	chr14
contig-0003717	#737373	chr14
contig-0003719	#D57533	chr13
contig-0003720	#D57533	chr13
contig-0003721	#D57533	chr13
contig-0003722	#808080	chr21
contig-0003724	#338CC2	chr19
contig-0003725	#338CC2	chr19
contig-0003726	#338CC2	chr19
contig-0003727	#338CC2	chr19
contig-0003728	#338CC2	chr19
contig-0003729	#D57533	chr13
contig-0003730	#E6C47F	chr22
contig-0003731	#808080	chr21
contig-0003732	#737373	chr14
contig-0003733	#808080	chr21
contig-0003734	#808080	chr21
contig-0003736	#D57533	chr13
contig-0003737	#D57533	chr13
contig-0003738	#D57533	chr13
contig-0003739	#808080	chr21
contig-0003740	#D57533	chr13
contig-0003741	#D57533	chr13
contig-0003742	#D57533	chr13
contig-0003743	#E6C47F	chr22
contig-0003744	#E6C47F	chr22
contig-0003745	#E6C47F	chr22
contig-0003746	#808080	chr21
contig-0003747	#808080	chr21
contig-0003748	#567DE9	chr16
contig-0003749	#E69F00	chr1
contig-0003750	#E69F00	chr1
contig-0003751	#E69F00	chr1
contig-0003752	#D57533	chr13
contig-0003753	#CC8DB3	chr11
contig-0003754	#567DE9	chr16
contig-0003755	#D57533	chr13
contig-0003756	#D57533	chr13
contig-0003757	#D57533	chr13
contig-0003758	#D57533	chr13
contig-0003759	#E6C47F	chr22
contig-0003760	#D57533	chr13
contig-0003761	#D57533	chr13
contig-0003762	#D57533	chr13
contig-0003763	#567DE9	chr16
contig-0003764	#D57533	chr13
contig-0003765	#D57533	chr13
contig-0003766	#808080	chr21
contig-0003767	#737373	chr14
contig-0003768	#737373	chr14
contig-0003769	#D57533	chr13
contig-0003770	#D57533	chr13
contig-0003771	#808080	chr21
contig-0003772	#D57533	chr13
contig-0003773	#D57533	chr13
contig-0003774	#808080	chr21
contig-0003775	#00A880	chr10
contig-0003776	#00A880	chr10
contig-0003777	#00A880	chr10
contig-0003778	#00A880	chr10
contig-0003779	#00A880	chr10
contig-0003780	#00A880	chr10
contig-0003781	#808080	chr21
contig-0003782	#D57533	chr13
contig-0003783	#D57533	chr13
contig-0003784	#E6C47F	chr22
contig-0003785	#D57533	chr13
contig-0003786	#E6C47F	chr22
contig-0003788	#CCA0BF	chr18
contig-0003789	#D57533	chr13
contig-0003790	#CCA0BF	chr18
contig-0003791	#CCA0BF	chr18
contig-0003792	#CCA0BF	chr18
contig-0003793	#E6C47F	chr22
contig-0003794	#D57533	chr13
contig-0003795	#D57533	chr13
contig-0003796	#737373	chr14
contig-0003797	#737373	chr14
contig-0003798	#737373	chr14
contig-0003799	#808080	chr21
contig-0003800	#E6B847	chr15
contig-0003801	#00B28C	chr17
contig-0003802	#00B28C	chr17
contig-0003803	#00B28C	chr17
contig-0003804	#9467BD	chrX
contig-0003805	#D57533	chr13
contig-0003806	#9467BD	chrX
contig-0003807	#9467BD	chrX
contig-0003808	#E6AB23	chr8
contig-0003809	#9467BD	chrX
contig-0003810	#9467BD	chrX
contig-0003811	#D57533	chr13
contig-0003812	#9467BD	chrX
contig-0003813	#9467BD	chrX
contig-0003814	#9467BD	chrX
contig-0003815	#E6AB23	chr8
contig-0003816	#9467BD	chrX
contig-0003817	#D57533	chr13
contig-0003818	#9467BD	chrX
contig-0003819	#9467BD	chrX
contig-0003820	#9467BD	chrX
contig-0003821	#9467BD	chrX
contig-0003822	#1A7FBA	chr12
contig-0003823	#1A7FBA	chr12
contig-0003824	#9467BD	chrX
contig-0003825	#E6AB23	chr8
contig-0003826	#E6AB23	chr8
contig-0003827	#E6AB23	chr8
contig-0003828	#9467BD	chrX
contig-0003829	#1A7FBA	chr12
contig-0003830	#E6C47F	chr22
contig-0003831	#808080	chr21
contig-0003832	#808080	chr21
contig-0003833	#737373	chr14
contig-0003834	#D57533	chr13
contig-0003835	#E6C47F	chr22
contig-0003836	#808080	chr21
contig-0003837	#D57533	chr13
contig-0003838	#808080	chr21
contig-0003839	#E6B847	chr15
contig-0003840	#338CC2	chr19
contig-0003841	#E6B847	chr15
contig-0003842	#E6C47F	chr22
contig-0003843	#E69F00	chr1
contig-0003844	#E6B847	chr15
contig-0003845	#D55E00	chr6
contig-0003846	#E6B847	chr15
contig-0003847	#737373	chr14
contig-0003848	#737373	chr14
contig-0003849	#E6C47F	chr22
contig-0003850	#E6C47F	chr22
contig-0003851	#00B28C	chr17
contig-0003852	#E69F00	chr1
contig-0003853	#00B28C	chr17
contig-0003854	#00B28C	chr17
contig-0003855	#00B28C	chr17
contig-0003856	#808080	chr21
contig-0003857	#D55E00	chr6
contig-0003858	#1A7FBA	chr12
contig-0003859	#808080	chr21
contig-0003860	#D57533	chr13
contig-0003861	#E69F00	chr1
contig-0003862	#D57533	chr13
contig-0003863	#E6C47F	chr22
contig-0003864	#D57533	chr13
contig-0003865	#D57533	chr13
contig-0003867	#D57533	chr13
contig-0003868	#D57533	chr13
contig-0003869	#E69F00	chr1
contig-0003870	#CCA0BF	chr18
contig-0003871	#D57533	chr13
contig-0003872	#E6C47F	chr22
contig-0003873	#D57533	chr13
contig-0003875	#D57533	chr13
contig-0003876	#D57533	chr13
contig-0003877	#E69F00	chr1
contig-0003879	#808080	chr21
contig-0003880	#808080	chr21
contig-0003881	#808080	chr21
contig-0003882	#E6C47F	chr22
contig-0003883	#E6C47F	chr22
contig-0003884	#808080	chr21
contig-0003885	#E6C47F	chr22
contig-0003886	#E69F00	chr1
contig-0003887	#808080	chr21
contig-0003888	#D57533	chr13
contig-0003889	#D57533	chr13
contig-0003890	#E6C47F	chr22
contig-0003891	#D57533	chr13
contig-0003892	#D57533	chr13
contig-0003894	#E6C47F	chr22
contig-0003895	#E6B847	chr15
contig-0003896	#E69F00	chr1
contig-0003897	#D57533	chr13
contig-0003898	#E6B847	chr15
contig-0003899	#808080	chr21
contig-0003900	#E6C47F	chr22
contig-0003901	#E6B847	chr15
contig-0003902	#E6B847	chr15
contig-0003903	#E6B847	chr15
contig-0003904	#1A7FBA	chr12
contig-0003905	#1A7FBA	chr12
contig-0003906	#666666	chr7
contig-0003907	#9467BD	chrX
contig-0003908	#D57533	chr13
contig-0003909	#D57533	chr13
contig-0003910	#D57533	chr13
contig-0003911	#D57533	chr13
contig-0003912	#808080	chr21
contig-0003913	#1A7FBA	chr12
contig-0003914	#666666	chr7
contig-0003915	#808080	chr21
contig-0003917	#808080	chr21
contig-0003918	#808080	chr21
contig-0003919	#808080	chr21
contig-0003920	#808080	chr21
contig-0003921	#808080	chr21
contig-0003922	#808080	chr21
contig-0003923	#808080	chr21
contig-0003924	#808080	chr21
contig-0003925	#666666	chr7
contig-0003926	#808080	chr21
contig-0003927	#808080	chr21
contig-0003928	#808080	chr21
contig-0003929	#808080	chr21
contig-0003930	#808080	chr21
contig-0003931	#808080	chr21
contig-0003932	#808080	chr21
contig-0003933	#808080	chr21
contig-0003934	#808080	chr21
contig-0003935	#808080	chr21
contig-0003936	#666666	chr7
contig-0003937	#E69F00	chr1
contig-0003938	#E69F00	chr1
contig-0003939	#E69F00	chr1
contig-0003940	#E69F00	chr1
contig-0003942	#D58C66	chr20
contig-0003943	#D58C66	chr20
contig-0003944	#666666	chr7
contig-0003945	#D58C66	chr20
contig-0003946	#D58C66	chr20
contig-0003949	#808080	chr21
contig-0003950	#00A880	chr10
contig-0003951	#0072B2	chr5
contig-0003952	#0072B2	chr5
contig-0003953	#0072B2	chr5
contig-0003954	#17BECF	chrM
contig-0003955	#666666	chr7
contig-0003956	#17BECF	chrM
contig-0003957	#17BECF	chrM
contig-0003958	#17BECF	chrM
contig-0003959	#17BECF	chrM
contig-0003960	#CC79A7	chr4
contig-0003961	#CC79A7	chr4
contig-0003963	#D57533	chr13
contig-0003964	#D57533	chr13
contig-0003965	#666666	chr7
contig-0003966	#808080	chr21
contig-0003967	#808080	chr21
contig-0003968	#808080	chr21
contig-0003969	#D57533	chr13
contig-0003970	#808080	chr21
contig-0003971	#808080	chr21
contig-0003972	#808080	chr21
contig-0003973	#808080	chr21
contig-0003974	#808080	chr21
contig-0003975	#666666	chr7
contig-0003976	#808080	chr21
contig-0003977	#808080	chr21
contig-0003978	#808080	chr21
contig-0003979	#808080	chr21
contig-0003980	#E6C47F	chr22
contig-0003981	#737373	chr14
contig-0003982	#338CC2	chr19
contig-0003983	#666666	chr7
contig-0003984	#D57533	chr13
contig-0003985	#D57533	chr13
contig-0003986	#E6C47F	chr22
contig-0003987	#E6C47F	chr22
contig-0003988	#E6C47F	chr22
contig-0003989	#E6C47F	chr22
contig-0003990	#666666	chr7
contig-0003991	#D57533	chr13
contig-0003992	#808080	chr21
contig-0003993	#808080	chr21
contig-0003994	#808080	chr21
contig-0003995	#009E73	chr3
contig-0003996	#009E73	chr3
contig-0003997	#737373	chr14
contig-0003998	#D57533	chr13
contig-0003999	#00B28C	chr17
contig-0004000	#00B28C	chr17
contig-0004001	#00B28C	chr17
contig-0004002	#00B28C	chr17
contig-0004003	#00B28C	chr17
contig-0004004	#808080	chr21
contig-0004005	#808080	chr21
contig-0004006	#737373	chr14
contig-0004007	#E6C47F	chr22