Loading PAF alignments from assembly/qc/phased_verkko/T2T04_1/both.mapped_T2T.paf
PAF alignment filtering stats:
  Total alignments: 49664
  Filtered (low MAPQ < 5): 28261
  Filtered (short length < 50000): 17118
  Passed filters: 4285
Found alignments for 370 query sequences
Using search window: 10000bp for unmappable positions
Using alignment window: 10000bp for distant regions
Strategy: Select single best alignment per region

Processing BED entry 1: haplotype1-0000001:0-347 (MISJOIN)
    Best alignment: processing overlap 7758-8105 (windowed)
      BED region: 0-347
      Alignment: 7758-415653 -> 132895347-133314091
      Alignment length: 419632, MAPQ: 60
    Exact mapping: 7758 -> 132896258
    Exact mapping: 8104 -> 132895912
      SUCCESS: 7758-8105 -> 132895912-132896259

Processing BED entry 2: haplotype1-0000001:51344-70030 (HET)
    Best alignment: processing overlap 51344-70030
      BED region: 51344-70030
      Alignment: 7758-415653 -> 132895347-133314091
      Alignment length: 419632, MAPQ: 60
    Exact mapping: 51344 -> 132935409
    Exact mapping: 70029 -> 132955852
      SUCCESS: 51344-70030 -> 132935409-132955853

Processing BED entry 3: haplotype1-0000001:113740-136031 (HET)
    Best alignment: processing overlap 113740-136031
      BED region: 113740-136031
      Alignment: 7758-415653 -> 132895347-133314091
      Alignment length: 419632, MAPQ: 60
    Exact mapping: 113740 -> 133001429
    Exact mapping: 136030 -> 133047062
      SUCCESS: 113740-136031 -> 133001429-133047063

Processing BED entry 4: haplotype1-0000001:210886-226429 (HET)
    Best alignment: processing overlap 210886-226429
      BED region: 210886-226429
      Alignment: 7758-415653 -> 132895347-133314091
      Alignment length: 419632, MAPQ: 60
    Exact mapping: 210886 -> 133111774
    Exact mapping: 226428 -> 133113908
      SUCCESS: 210886-226429 -> 133111774-133113909

Processing BED entry 5: haplotype1-0000001:239155-290497 (HET)
    Best alignment: processing overlap 239155-290497
      BED region: 239155-290497
      Alignment: 7758-415653 -> 132895347-133314091
      Alignment length: 419632, MAPQ: 60
    Exact mapping: 239155 -> 133136494
    Exact mapping: 290496 -> 133189394
      SUCCESS: 239155-290497 -> 133136494-133189395

Processing BED entry 6: haplotype1-0000001:350277-363902 (HET)
    Best alignment: processing overlap 350277-363902
      BED region: 350277-363902
      Alignment: 7758-415653 -> 132895347-133314091
      Alignment length: 419632, MAPQ: 60
    Exact mapping: 350277 -> 133247333
    Exact mapping: 363901 -> 133254553
      SUCCESS: 350277-363902 -> 133247333-133254554

Processing BED entry 7: haplotype1-0000001:378616-388824 (HET)
    Best alignment: processing overlap 378616-388824
      BED region: 378616-388824
      Alignment: 7758-415653 -> 132895347-133314091
      Alignment length: 419632, MAPQ: 60
    Exact mapping: 378616 -> 133280686
    Exact mapping: 388823 -> 133284105
      SUCCESS: 378616-388824 -> 133280686-133284106

Processing BED entry 8: haplotype1-0000001:476958-485551 (HET)
    Best alignment: processing overlap 476958-485551
      BED region: 476958-485551
      Alignment: 415751-500836 -> 132809790-132895252
      Alignment length: 86065, MAPQ: 60
    Exact mapping: 476958 -> 132868874
    Exact mapping: 485550 -> 132891611
      SUCCESS: 476958-485551 -> 132868874-132891612

Processing BED entry 9: haplotype1-0000001:811883-827653 (HET)
    Best alignment: processing overlap 811883-827653
      BED region: 811883-827653
      Alignment: 792729-849589 -> 132463817-132520279
      Alignment length: 57077, MAPQ: 60
    Exact mapping: 811883 -> 132485318
    Exact mapping: 827652 -> 132495108
      SUCCESS: 811883-827653 -> 132485318-132495109

Processing BED entry 10: haplotype1-0000001:853082-860375 (HET)
    Best alignment: processing overlap 842296-849589 (windowed)
      BED region: 853082-860375
      Alignment: 792729-849589 -> 132463817-132520279
      Alignment length: 57077, MAPQ: 60
    Exact mapping: 842296 -> 132511729
    Exact mapping: 849588 -> 132519867
      SUCCESS: 842296-849589 -> 132511729-132519868

SUMMARY:
Successfully lifted 37285 regions
  - Direct overlaps: 37025
  - Using alignment window: 260
Failed to lift 4080 regions
Success rate: 90.1%

Failure reasons:
   221x: No alignments found for chromosome 'unassigned-0000718'
    99x: No alignments found for chromosome 'unassigned-0000870'
    70x: No alignments found for chromosome 'unassigned-0000313'
    59x: No alignments found for chromosome 'unassigned-0000768'
    59x: No alignments found for chromosome 'unassigned-0001014'
    51x: No alignments found for chromosome 'unassigned-0000280'
    45x: No alignments found for chromosome 'unassigned-0000481'
    45x: No alignments found for chromosome 'unassigned-0000701'
    40x: No alignments found for chromosome 'unassigned-0000716'
    38x: No alignments found for chromosome 'unassigned-0001183'
    37x: No alignments found for chromosome 'unassigned-0000373'
    33x: No alignments found for chromosome 'unassigned-0000477'
    33x: No alignments found for chromosome 'unassigned-0000939'
    30x: No alignments found for chromosome 'unassigned-0001137'
    29x: No alignments found for chromosome 'unassigned-0000686'
    27x: No alignments found for chromosome 'unassigned-0001017'
    25x: No alignments found for chromosome 'unassigned-0000431'
    23x: No alignments found for chromosome 'unassigned-0000482'
    22x: No alignments found for chromosome 'unassigned-0000564'
    22x: No alignments found for chromosome 'unassigned-0000861'
    22x: No alignments found for chromosome 'unassigned-0000896'
    22x: No alignments found for chromosome 'unassigned-0001078'
    21x: No alignments found for chromosome 'unassigned-0000523'
    21x: No alignments found for chromosome 'unassigned-0000703'
    20x: No alignments found for chromosome 'unassigned-0000614'
    20x: No alignments found for chromosome 'unassigned-0000880'
    19x: No alignments found for chromosome 'unassigned-0000633'
    19x: No alignments found for chromosome 'unassigned-0000748'
    19x: No alignments found for chromosome 'unassigned-0000794'
    19x: No alignments found for chromosome 'unassigned-0000988'
    18x: No alignments found for chromosome 'unassigned-0000541'
    18x: No alignments found for chromosome 'unassigned-0000570'
    18x: No alignments found for chromosome 'unassigned-0000628'
    18x: No alignments found for chromosome 'unassigned-0000747'
    18x: No alignments found for chromosome 'unassigned-0001033'
    17x: No alignments found for chromosome 'unassigned-0000687'
    17x: No alignments found for chromosome 'unassigned-0000776'
    16x: No alignments found for chromosome 'unassigned-0000311'
    16x: No alignments found for chromosome 'unassigned-0000584'
    16x: No alignments found for chromosome 'unassigned-0000802'
    16x: No alignments found for chromosome 'unassigned-0001035'
    16x: No alignments found for chromosome 'unassigned-0001169'
    15x: No alignments found for chromosome 'unassigned-0000483'
    15x: No alignments found for chromosome 'unassigned-0000512'
    15x: No alignments found for chromosome 'unassigned-0000636'
    15x: No alignments found for chromosome 'unassigned-0001052'
    15x: No alignments found for chromosome 'unassigned-0001067'
    14x: No alignments found for chromosome 'unassigned-0000341'
    14x: No alignments found for chromosome 'unassigned-0000553'
    14x: No alignments found for chromosome 'unassigned-0000632'
    14x: No alignments found for chromosome 'unassigned-0001170'
    13x: No alignments found for chromosome 'haplotype1-0000088'
    13x: No alignments found for chromosome 'unassigned-0000349'
    13x: No alignments found for chromosome 'unassigned-0000761'
    13x: No alignments found for chromosome 'unassigned-0001102'
    12x: No alignments found for chromosome 'unassigned-0000780'
    12x: No alignments found for chromosome 'unassigned-0000813'
    12x: No alignments found for chromosome 'unassigned-0001042'
    12x: No alignments found for chromosome 'unassigned-0001166'
    11x: No alignments found for chromosome 'haplotype2-0000158'
    11x: No alignments found for chromosome 'unassigned-0000336'
    11x: No alignments found for chromosome 'unassigned-0000419'
    11x: No alignments found for chromosome 'unassigned-0000574'
    11x: No alignments found for chromosome 'unassigned-0000617'
    11x: No alignments found for chromosome 'unassigned-0000630'
    11x: No alignments found for chromosome 'unassigned-0000693'
    10x: No alignments found for chromosome 'unassigned-0000533'
    10x: No alignments found for chromosome 'unassigned-0000576'
    10x: No alignments found for chromosome 'unassigned-0000663'
    10x: No alignments found for chromosome 'unassigned-0000691'
    10x: No alignments found for chromosome 'unassigned-0001064'
    10x: No alignments found for chromosome 'unassigned-0001135'
     9x: No alignments found for chromosome 'unassigned-0000491'
     9x: No alignments found for chromosome 'unassigned-0000572'
     9x: No alignments found for chromosome 'unassigned-0000573'
     9x: No alignments found for chromosome 'unassigned-0000593'
     9x: No alignments found for chromosome 'unassigned-0000709'
     9x: No alignments found for chromosome 'unassigned-0001038'
     9x: No alignments found for chromosome 'unassigned-0001041'
     9x: No alignments found for chromosome 'unassigned-0001179'
     8x: No alignments found for chromosome 'unassigned-0000376'
     8x: No alignments found for chromosome 'unassigned-0000635'
     8x: No alignments found for chromosome 'unassigned-0000672'
     8x: No alignments found for chromosome 'unassigned-0000821'
     8x: No alignments found for chromosome 'unassigned-0000936'
     8x: No alignments found for chromosome 'unassigned-0000944'
     8x: No alignments found for chromosome 'unassigned-0001058'
     8x: No alignments found for chromosome 'unassigned-0001115'
     7x: No alignments found for chromosome 'unassigned-0000230'
     7x: No alignments found for chromosome 'unassigned-0000300'
     7x: No alignments found for chromosome 'unassigned-0000319'
     7x: No alignments found for chromosome 'unassigned-0000498'
     7x: No alignments found for chromosome 'unassigned-0000540'
     7x: No alignments found for chromosome 'unassigned-0000547'
     7x: No alignments found for chromosome 'unassigned-0000585'
     7x: No alignments found for chromosome 'unassigned-0000653'
     7x: No alignments found for chromosome 'unassigned-0000732'
     7x: No alignments found for chromosome 'unassigned-0000740'
     7x: No alignments found for chromosome 'unassigned-0000806'
     7x: No alignments found for chromosome 'unassigned-0000833'
     7x: No alignments found for chromosome 'unassigned-0001068'
     7x: No alignments found for chromosome 'unassigned-0001069'
     7x: No alignments found for chromosome 'unassigned-0001128'
     7x: No alignments found for chromosome 'unassigned-0001130'
     7x: No alignments found for chromosome 'unassigned-0001181'
     6x: No alignments found for chromosome 'haplotype1-0000049'
     6x: No alignments found for chromosome 'unassigned-0000239'
     6x: No alignments found for chromosome 'unassigned-0000316'
     6x: No alignments found for chromosome 'unassigned-0000371'
     6x: No alignments found for chromosome 'unassigned-0000488'
     6x: No alignments found for chromosome 'unassigned-0000510'
     6x: No alignments found for chromosome 'unassigned-0000524'
     6x: No alignments found for chromosome 'unassigned-0000619'
     6x: No alignments found for chromosome 'unassigned-0000698'
     6x: No alignments found for chromosome 'unassigned-0000843'
     6x: No alignments found for chromosome 'unassigned-0000864'
     6x: No alignments found for chromosome 'unassigned-0000871'
     6x: No alignments found for chromosome 'unassigned-0001065'
     6x: No alignments found for chromosome 'unassigned-0001117'
     5x: No alignments found for chromosome 'haplotype2-0000145'
     5x: No alignments found for chromosome 'haplotype2-0000154'
     5x: No alignments found for chromosome 'haplotype2-0000183'
     5x: No alignments found for chromosome 'unassigned-0000238'
     5x: No alignments found for chromosome 'unassigned-0000254'
     5x: No alignments found for chromosome 'unassigned-0000378'
     5x: No alignments found for chromosome 'unassigned-0000395'
     5x: No alignments found for chromosome 'unassigned-0000457'
     5x: No alignments found for chromosome 'unassigned-0000478'
     5x: No alignments found for chromosome 'unassigned-0000527'
     5x: No alignments found for chromosome 'unassigned-0000569'
     5x: No alignments found for chromosome 'unassigned-0000586'
     5x: No alignments found for chromosome 'unassigned-0000587'
     5x: No alignments found for chromosome 'unassigned-0000681'
     5x: No alignments found for chromosome 'unassigned-0000690'
     5x: No alignments found for chromosome 'unassigned-0000805'
     5x: No alignments found for chromosome 'unassigned-0000818'
     5x: No alignments found for chromosome 'unassigned-0000822'
     5x: No alignments found for chromosome 'unassigned-0000855'
     5x: No alignments found for chromosome 'unassigned-0000938'
     5x: No alignments found for chromosome 'unassigned-0000940'
     5x: No alignments found for chromosome 'unassigned-0000942'
     5x: No alignments found for chromosome 'unassigned-0000960'
     5x: No alignments found for chromosome 'unassigned-0001028'
     5x: No alignments found for chromosome 'unassigned-0001032'
     5x: No alignments found for chromosome 'unassigned-0001036'
     5x: No alignments found for chromosome 'unassigned-0001040'
     5x: No alignments found for chromosome 'unassigned-0001060'
     5x: No alignments found for chromosome 'unassigned-0001071'
     5x: No alignments found for chromosome 'unassigned-0001103'
     4x: No alignments found for chromosome 'haplotype1-0000045'
     4x: No alignments found for chromosome 'haplotype1-0000069'
     4x: No alignments found for chromosome 'haplotype1-0000083'
     4x: No alignments found for chromosome 'haplotype2-0000134'
     4x: No alignments found for chromosome 'haplotype2-0000192'
     4x: No alignments found for chromosome 'unassigned-0000235'
     4x: No alignments found for chromosome 'unassigned-0000262'
     4x: No alignments found for chromosome 'unassigned-0000335'
     4x: No alignments found for chromosome 'unassigned-0000340'
     4x: No alignments found for chromosome 'unassigned-0000410'
     4x: No alignments found for chromosome 'unassigned-0000420'
     4x: No alignments found for chromosome 'unassigned-0000425'
     4x: No alignments found for chromosome 'unassigned-0000522'
     4x: No alignments found for chromosome 'unassigned-0000559'
     4x: No alignments found for chromosome 'unassigned-0000597'
     4x: No alignments found for chromosome 'unassigned-0000612'
     4x: No alignments found for chromosome 'unassigned-0000616'
     4x: No alignments found for chromosome 'unassigned-0000675'
     4x: No alignments found for chromosome 'unassigned-0000692'
     4x: No alignments found for chromosome 'unassigned-0000728'
     4x: No alignments found for chromosome 'unassigned-0000738'
     4x: No alignments found for chromosome 'unassigned-0000892'
     4x: No alignments found for chromosome 'unassigned-0000918'
     4x: No alignments found for chromosome 'unassigned-0000987'
     4x: No alignments found for chromosome 'unassigned-0001005'
     4x: No alignments found for chromosome 'unassigned-0001026'
     4x: No alignments found for chromosome 'unassigned-0001116'
     4x: No alignments found for chromosome 'unassigned-0001129'
     4x: No alignments found for chromosome 'unassigned-0001146'
     4x: No alignments found for chromosome 'unassigned-0001175'
     3x: No alignments found for chromosome 'haplotype1-0000041'
     3x: No alignments found for chromosome 'haplotype1-0000065'
     3x: No alignments found for chromosome 'haplotype1-0000068'
     3x: No alignments found for chromosome 'haplotype1-0000076'
     3x: No alignments found for chromosome 'haplotype1-0000078'
     3x: No alignments found for chromosome 'haplotype1-0000097'
     3x: No alignments found for chromosome 'haplotype2-0000144'
     3x: No alignments found for chromosome 'haplotype2-0000146'
     3x: No alignments found for chromosome 'haplotype2-0000164'
     3x: No alignments found for chromosome 'haplotype2-0000203'
     3x: No alignments found for chromosome 'haplotype2-0000218'
     3x: No alignments found for chromosome 'unassigned-0000271'
     3x: No alignments found for chromosome 'unassigned-0000293'
     3x: No alignments found for chromosome 'unassigned-0000301'
     3x: No alignments found for chromosome 'unassigned-0000331'
     3x: No alignments found for chromosome 'unassigned-0000354'
     3x: No alignments found for chromosome 'unassigned-0000374'
     3x: No alignments found for chromosome 'unassigned-0000402'
     3x: No alignments found for chromosome 'unassigned-0000404'
     3x: No alignments found for chromosome 'unassigned-0000503'
     3x: No alignments found for chromosome 'unassigned-0000518'
     3x: No alignments found for chromosome 'unassigned-0000537'
     3x: No alignments found for chromosome 'unassigned-0000539'
     3x: No alignments found for chromosome 'unassigned-0000542'
     3x: No alignments found for chromosome 'unassigned-0000610'
     3x: No alignments found for chromosome 'unassigned-0000658'
     3x: No alignments found for chromosome 'unassigned-0000670'
     3x: No alignments found for chromosome 'unassigned-0000719'
     3x: No alignments found for chromosome 'unassigned-0000775'
     3x: No alignments found for chromosome 'unassigned-0000830'
     3x: No alignments found for chromosome 'unassigned-0000900'
     3x: No alignments found for chromosome 'unassigned-0000907'
     3x: No alignments found for chromosome 'unassigned-0000948'
     3x: No alignments found for chromosome 'unassigned-0001030'
     3x: No alignments found for chromosome 'unassigned-0001031'
     3x: No alignments found for chromosome 'unassigned-0001037'
     3x: No alignments found for chromosome 'unassigned-0001104'
     3x: No alignments found for chromosome 'unassigned-0001127'
     3x: No alignments found for chromosome 'unassigned-0001131'
     3x: No alignments found for chromosome 'unassigned-0001134'
     3x: No alignments found for chromosome 'unassigned-0001149'
     3x: No alignments found for chromosome 'unassigned-0001167'
     2x: No alignments found for chromosome 'haplotype1-0000036'
     2x: No alignments found for chromosome 'haplotype1-0000046'
     2x: No alignments found for chromosome 'haplotype1-0000090'
     2x: No alignments found for chromosome 'haplotype1-0000091'
     2x: No alignments found for chromosome 'haplotype2-0000139'
     2x: No alignments found for chromosome 'haplotype2-0000150'
     2x: No alignments found for chromosome 'haplotype2-0000152'
     2x: No alignments found for chromosome 'haplotype2-0000163'
     2x: No alignments found for chromosome 'haplotype2-0000199'
     2x: No alignments found for chromosome 'haplotype2-0000204'
     2x: No alignments found for chromosome 'haplotype2-0000213'
     2x: No alignments found for chromosome 'unassigned-0000278'
     2x: No alignments found for chromosome 'unassigned-0000289'
     2x: No alignments found for chromosome 'unassigned-0000307'
     2x: No alignments found for chromosome 'unassigned-0000310'
     2x: No alignments found for chromosome 'unassigned-0000320'
     2x: No alignments found for chromosome 'unassigned-0000355'
     2x: No alignments found for chromosome 'unassigned-0000380'
     2x: No alignments found for chromosome 'unassigned-0000398'
     2x: No alignments found for chromosome 'unassigned-0000421'
     2x: No alignments found for chromosome 'unassigned-0000427'
     2x: No alignments found for chromosome 'unassigned-0000437'
     2x: No alignments found for chromosome 'unassigned-0000466'
     2x: No alignments found for chromosome 'unassigned-0000479'
     2x: No alignments found for chromosome 'unassigned-0000517'
     2x: No alignments found for chromosome 'unassigned-0000530'
     2x: No alignments found for chromosome 'unassigned-0000535'
     2x: No alignments found for chromosome 'unassigned-0000554'
     2x: No alignments found for chromosome 'unassigned-0000555'
     2x: No alignments found for chromosome 'unassigned-0000563'
     2x: No alignments found for chromosome 'unassigned-0000571'
     2x: No alignments found for chromosome 'unassigned-0000582'
     2x: No alignments found for chromosome 'unassigned-0000609'
     2x: No alignments found for chromosome 'unassigned-0000620'
     2x: No alignments found for chromosome 'unassigned-0000627'
     2x: No alignments found for chromosome 'unassigned-0000640'
     2x: No alignments found for chromosome 'unassigned-0000669'
     2x: No alignments found for chromosome 'unassigned-0000682'
     2x: No alignments found for chromosome 'unassigned-0000684'
     2x: No alignments found for chromosome 'unassigned-0000708'
     2x: No alignments found for chromosome 'unassigned-0000767'
     2x: No alignments found for chromosome 'unassigned-0000781'
     2x: No alignments found for chromosome 'unassigned-0000809'
     2x: No alignments found for chromosome 'unassigned-0000810'
     2x: No alignments found for chromosome 'unassigned-0000834'
     2x: No alignments found for chromosome 'unassigned-0000837'
     2x: No alignments found for chromosome 'unassigned-0000842'
     2x: No alignments found for chromosome 'unassigned-0000856'
     2x: No alignments found for chromosome 'unassigned-0000867'
     2x: No alignments found for chromosome 'unassigned-0000899'
     2x: No alignments found for chromosome 'unassigned-0000941'
     2x: No alignments found for chromosome 'unassigned-0000956'
     2x: No alignments found for chromosome 'unassigned-0000981'
     2x: No alignments found for chromosome 'unassigned-0000985'
     2x: No alignments found for chromosome 'unassigned-0001019'
     2x: No alignments found for chromosome 'unassigned-0001057'
     2x: No alignments found for chromosome 'unassigned-0001066'
     2x: No alignments found for chromosome 'unassigned-0001070'
     2x: No alignments found for chromosome 'unassigned-0001095'
     2x: No alignments found for chromosome 'unassigned-0001098'
     2x: No alignments found for chromosome 'unassigned-0001110'
     2x: No alignments found for chromosome 'unassigned-0001114'
     2x: No alignments found for chromosome 'unassigned-0001126'
     2x: No alignments found for chromosome 'unassigned-0001139'
     2x: No alignments found for chromosome 'unassigned-0001147'
     2x: No alignments found for chromosome 'unassigned-0001148'
     2x: No alignments found for chromosome 'unassigned-0001154'
     2x: No alignments found for chromosome 'unassigned-0001156'
     1x: No overlapping alignments found for region 96580611-96590676 even with 10000bp window
     1x: No overlapping alignments found for region 96658342-96673955 even with 10000bp window
     1x: No overlapping alignments found for region 96704660-96723400 even with 10000bp window
     1x: No overlapping alignments found for region 96735254-96805394 even with 10000bp window
     1x: No overlapping alignments found for region 96851875-96857635 even with 10000bp window
     1x: No overlapping alignments found for region 96902334-96954328 even with 10000bp window
     1x: No overlapping alignments found for region 97005786-97011893 even with 10000bp window
     1x: No overlapping alignments found for region 97203493-97208635 even with 10000bp window
     1x: No overlapping alignments found for region 97220479-97231848 even with 10000bp window
     1x: No overlapping alignments found for region 97282962-97309849 even with 10000bp window
     1x: No overlapping alignments found for region 97330814-97354611 even with 10000bp window
     1x: No overlapping alignments found for region 97570957-97587755 even with 10000bp window
     1x: No overlapping alignments found for region 97587755-97622148 even with 10000bp window
     1x: No overlapping alignments found for region 97622148-97633020 even with 10000bp window
     1x: No overlapping alignments found for region 97633020-97644359 even with 10000bp window
     1x: No overlapping alignments found for region 97644359-97707392 even with 10000bp window
     1x: No overlapping alignments found for region 97707392-97786209 even with 10000bp window
     1x: No overlapping alignments found for region 97786209-97852411 even with 10000bp window
     1x: No overlapping alignments found for region 97876608-97880089 even with 10000bp window
     1x: No overlapping alignments found for region 97880089-97891557 even with 10000bp window
     1x: No overlapping alignments found for region 97891557-97922458 even with 10000bp window
     1x: No overlapping alignments found for region 97993649-98008301 even with 10000bp window
     1x: No overlapping alignments found for region 98036217-98089321 even with 10000bp window
     1x: No overlapping alignments found for region 98089321-98105711 even with 10000bp window
     1x: No overlapping alignments found for region 98105711-98116333 even with 10000bp window
     1x: No overlapping alignments found for region 98152621-98159917 even with 10000bp window
     1x: No overlapping alignments found for region 98159917-98397114 even with 10000bp window
     1x: No overlapping alignments found for region 98461248-98525812 even with 10000bp window
     1x: No overlapping alignments found for region 98525812-98542696 even with 10000bp window
     1x: No overlapping alignments found for region 98542696-98570053 even with 10000bp window
     1x: No overlapping alignments found for region 98570053-98642262 even with 10000bp window
     1x: No overlapping alignments found for region 98642262-98666187 even with 10000bp window
     1x: No overlapping alignments found for region 98666187-98775402 even with 10000bp window
     1x: No overlapping alignments found for region 98775402-98795104 even with 10000bp window
     1x: No overlapping alignments found for region 99468325-99484633 even with 10000bp window
     1x: No overlapping alignments found for region 99596298-99606905 even with 10000bp window
     1x: No overlapping alignments found for region 99619399-99650073 even with 10000bp window
     1x: No overlapping alignments found for region 99724644-99768493 even with 10000bp window
     1x: No overlapping alignments found for region 23-28 even with 10000bp window
     1x: No overlapping alignments found for region 2895-7757 even with 10000bp window
     1x: No overlapping alignments found for region 18356-30240 even with 10000bp window
     1x: Could not map end position 36998586 even with 10000bp search window
     1x: No overlapping alignments found for region 46988564-47015557 even with 10000bp window
     1x: No overlapping alignments found for region 47016336-47021628 even with 10000bp window
     1x: No overlapping alignments found for region 57319685-57326439 even with 10000bp window
     1x: No overlapping alignments found for region 57326439-57340420 even with 10000bp window
     1x: No overlapping alignments found for region 57340420-57363415 even with 10000bp window
     1x: No overlapping alignments found for region 57363415-57367507 even with 10000bp window
     1x: No overlapping alignments found for region 57479958-57481501 even with 10000bp window
     1x: No overlapping alignments found for region 57495563-57529285 even with 10000bp window
     1x: No overlapping alignments found for region 57529285-57537466 even with 10000bp window
     1x: No overlapping alignments found for region 57537466-57562496 even with 10000bp window
     1x: No overlapping alignments found for region 57562496-57571317 even with 10000bp window
     1x: No overlapping alignments found for region 57571317-57585145 even with 10000bp window
     1x: No overlapping alignments found for region 57585145-57607118 even with 10000bp window
     1x: No overlapping alignments found for region 57607118-57615381 even with 10000bp window
     1x: No overlapping alignments found for region 57645935-57659217 even with 10000bp window
     1x: No overlapping alignments found for region 57702517-57770081 even with 10000bp window
     1x: No overlapping alignments found for region 57770081-57779390 even with 10000bp window
     1x: No overlapping alignments found for region 57779390-57780273 even with 10000bp window
     1x: No overlapping alignments found for region 57871244-57892215 even with 10000bp window
     1x: Could not map start position 59708538 even with 10000bp search window
     1x: Could not map start position 59734488 even with 10000bp search window
     1x: Could not map start position 59773837 even with 10000bp search window
     1x: No overlapping alignments found for region 132415369-132435847 even with 10000bp window
     1x: No overlapping alignments found for region 132657002-132662919 even with 10000bp window
     1x: No overlapping alignments found for region 132832989-132850783 even with 10000bp window
     1x: No overlapping alignments found for region 132944288-132984446 even with 10000bp window
     1x: No overlapping alignments found for region 133007607-133042523 even with 10000bp window
     1x: No overlapping alignments found for region 133042528-133049626 even with 10000bp window
     1x: No overlapping alignments found for region 133249964-133267687 even with 10000bp window
     1x: No overlapping alignments found for region 133307024-133340005 even with 10000bp window
     1x: No overlapping alignments found for region 133620842-133796386 even with 10000bp window
     1x: No overlapping alignments found for region 133798347-133844932 even with 10000bp window
     1x: No overlapping alignments found for region 133844932-133879405 even with 10000bp window
     1x: No overlapping alignments found for region 133879405-133887049 even with 10000bp window
     1x: No overlapping alignments found for region 133983725-134100145 even with 10000bp window
     1x: No overlapping alignments found for region 134140845-134151122 even with 10000bp window
     1x: No overlapping alignments found for region 134151122-134156622 even with 10000bp window
     1x: No overlapping alignments found for region 134156622-134199658 even with 10000bp window
     1x: No overlapping alignments found for region 134228176-134258035 even with 10000bp window
     1x: No overlapping alignments found for region 134709471-134732985 even with 10000bp window
     1x: No overlapping alignments found for region 134732985-134743357 even with 10000bp window
     1x: No overlapping alignments found for region 134743357-134767490 even with 10000bp window
     1x: No overlapping alignments found for region 134767490-134778346 even with 10000bp window
     1x: No overlapping alignments found for region 134778346-134788624 even with 10000bp window
     1x: No overlapping alignments found for region 135348013-135358110 even with 10000bp window
     1x: No overlapping alignments found for region 135379782-135397308 even with 10000bp window
     1x: No overlapping alignments found for region 135430757-135448648 even with 10000bp window
     1x: No overlapping alignments found for region 135448648-135455775 even with 10000bp window
     1x: No overlapping alignments found for region 135468669-135490731 even with 10000bp window
     1x: No overlapping alignments found for region 135583815-135607899 even with 10000bp window
     1x: No overlapping alignments found for region 135668685-135722844 even with 10000bp window
     1x: No overlapping alignments found for region 135862863-135869599 even with 10000bp window
     1x: No overlapping alignments found for region 135900655-135910233 even with 10000bp window
     1x: No overlapping alignments found for region 136132478-136142046 even with 10000bp window
     1x: No overlapping alignments found for region 136154516-136175375 even with 10000bp window
     1x: No overlapping alignments found for region 11385715-11393883 even with 10000bp window
     1x: No overlapping alignments found for region 11414225-11416889 even with 10000bp window
     1x: No overlapping alignments found for region 11526574-11560709 even with 10000bp window
     1x: No overlapping alignments found for region 13501704-13544766 even with 10000bp window
     1x: No overlapping alignments found for region 13883362-13909916 even with 10000bp window
     1x: No overlapping alignments found for region 20-31 even with 10000bp window
     1x: No overlapping alignments found for region 33387358-33400523 even with 10000bp window
     1x: No overlapping alignments found for region 33434247-33440946 even with 10000bp window
     1x: No overlapping alignments found for region 33500746-33512305 even with 10000bp window
     1x: No overlapping alignments found for region 33564366-33594806 even with 10000bp window
     1x: No overlapping alignments found for region 33609198-33739223 even with 10000bp window
     1x: No overlapping alignments found for region 33839202-33846911 even with 10000bp window
     1x: No overlapping alignments found for region 33880194-33902619 even with 10000bp window
     1x: No overlapping alignments found for region 34129244-34144420 even with 10000bp window
     1x: No overlapping alignments found for region 34212075-34218634 even with 10000bp window
     1x: No overlapping alignments found for region 36721093-36738059 even with 10000bp window
     1x: No overlapping alignments found for region 36738059-36779104 even with 10000bp window
     1x: No overlapping alignments found for region 36779104-36808003 even with 10000bp window
     1x: No overlapping alignments found for region 36849761-36887839 even with 10000bp window
     1x: No overlapping alignments found for region 36904676-36952422 even with 10000bp window
     1x: No overlapping alignments found for region 36952422-36977362 even with 10000bp window
     1x: No overlapping alignments found for region 36977362-36979518 even with 10000bp window
     1x: No overlapping alignments found for region 37597748-37654034 even with 10000bp window
     1x: No overlapping alignments found for region 37688267-37708847 even with 10000bp window
     1x: No overlapping alignments found for region 38148909-38167941 even with 10000bp window
     1x: No overlapping alignments found for region 38649068-38720919 even with 10000bp window
     1x: No overlapping alignments found for region 39000572-39010379 even with 10000bp window
     1x: No overlapping alignments found for region 39021566-39028277 even with 10000bp window
     1x: No overlapping alignments found for region 39028277-39046485 even with 10000bp window
     1x: No overlapping alignments found for region 39046485-39055794 even with 10000bp window
     1x: No overlapping alignments found for region 39066027-39097865 even with 10000bp window
     1x: No overlapping alignments found for region 40065510-40076736 even with 10000bp window
     1x: No overlapping alignments found for region 646254-664871 even with 10000bp window
     1x: Could not map start position 85213423 even with 10000bp search window
     1x: Could not map start position 92032100 even with 10000bp search window
     1x: No overlapping alignments found for region 92945781-92955920 even with 10000bp window
     1x: No overlapping alignments found for region 93439985-93466437 even with 10000bp window
     1x: No overlapping alignments found for region 93735561-93799939 even with 10000bp window
     1x: No overlapping alignments found for region 93933801-93972984 even with 10000bp window
     1x: No overlapping alignments found for region 93995198-94023261 even with 10000bp window
     1x: No overlapping alignments found for region 94202659-94219727 even with 10000bp window
     1x: No overlapping alignments found for region 94220070-94231291 even with 10000bp window
     1x: No overlapping alignments found for region 94312187-94355328 even with 10000bp window
     1x: No overlapping alignments found for region 94355328-94412152 even with 10000bp window
     1x: No overlapping alignments found for region 94412152-94467388 even with 10000bp window
     1x: No overlapping alignments found for region 94467388-94519250 even with 10000bp window
     1x: No overlapping alignments found for region 94537808-94563546 even with 10000bp window
     1x: No overlapping alignments found for region 94718429-94748202 even with 10000bp window
     1x: No overlapping alignments found for region 94818468-94846020 even with 10000bp window
     1x: No overlapping alignments found for region 94904087-94931215 even with 10000bp window
     1x: No overlapping alignments found for region 94955232-94966134 even with 10000bp window
     1x: No overlapping alignments found for region 94966134-94971901 even with 10000bp window
     1x: No overlapping alignments found for region 94971901-94999270 even with 10000bp window
     1x: No overlapping alignments found for region 95052897-95253181 even with 10000bp window
     1x: No overlapping alignments found for region 95279309-95307339 even with 10000bp window
     1x: No overlapping alignments found for region 43629183-43637156 even with 10000bp window
     1x: No overlapping alignments found for region 43637156-43657492 even with 10000bp window
     1x: No overlapping alignments found for region 43911805-43923825 even with 10000bp window
     1x: No overlapping alignments found for region 43937300-43959157 even with 10000bp window
     1x: No overlapping alignments found for region 43980254-44000647 even with 10000bp window
     1x: No overlapping alignments found for region 44215077-44244925 even with 10000bp window
     1x: No overlapping alignments found for region 44259190-44287865 even with 10000bp window
     1x: No overlapping alignments found for region 44403372-44427026 even with 10000bp window
     1x: No overlapping alignments found for region 44440144-44457516 even with 10000bp window
     1x: No overlapping alignments found for region 44474087-44501646 even with 10000bp window
     1x: No overlapping alignments found for region 44516792-44527337 even with 10000bp window
     1x: No overlapping alignments found for region 44542747-44580087 even with 10000bp window
     1x: No overlapping alignments found for region 44595470-44608538 even with 10000bp window
     1x: No overlapping alignments found for region 44620090-44678818 even with 10000bp window
     1x: No overlapping alignments found for region 44727799-44729045 even with 10000bp window
     1x: No overlapping alignments found for region 44729045-44739291 even with 10000bp window
     1x: No overlapping alignments found for region 44739291-44741840 even with 10000bp window
     1x: No overlapping alignments found for region 44829062-44850974 even with 10000bp window
     1x: No overlapping alignments found for region 44861169-44904058 even with 10000bp window
     1x: No overlapping alignments found for region 44914417-44939041 even with 10000bp window
     1x: No overlapping alignments found for region 45012788-45025783 even with 10000bp window
     1x: No overlapping alignments found for region 45088749-45200009 even with 10000bp window
     1x: Could not map start position 12862945 even with 10000bp search window
     1x: Could not map start position 12910500 even with 10000bp search window
     1x: No overlapping alignments found for region 16700619-16713336 even with 10000bp window
     1x: No overlapping alignments found for region 122215017-122240897 even with 10000bp window
     1x: No overlapping alignments found for region 123409001-123432558 even with 10000bp window
     1x: No overlapping alignments found for region 123446586-123459486 even with 10000bp window
     1x: No overlapping alignments found for region 123669968-123672703 even with 10000bp window
     1x: No overlapping alignments found for region 125793456-125821048 even with 10000bp window
     1x: No overlapping alignments found for region 125839684-125845110 even with 10000bp window
     1x: No overlapping alignments found for region 125845110-125866713 even with 10000bp window
     1x: No overlapping alignments found for region 125866713-125866714 even with 10000bp window
     1x: No overlapping alignments found for region 125879821-125897287 even with 10000bp window
     1x: No overlapping alignments found for region 125908117-125915608 even with 10000bp window
     1x: No overlapping alignments found for region 125955801-126001389 even with 10000bp window
     1x: No overlapping alignments found for region 126121089-126130817 even with 10000bp window
     1x: Could not map start position 126662708 even with 10000bp search window
     1x: No overlapping alignments found for region 127165878-127188147 even with 10000bp window
     1x: No overlapping alignments found for region 127781502-127793226 even with 10000bp window
     1x: No overlapping alignments found for region 127973666-128023756 even with 10000bp window
     1x: No overlapping alignments found for region 128374941-128392558 even with 10000bp window
     1x: No overlapping alignments found for region 128428832-128445007 even with 10000bp window
     1x: No overlapping alignments found for region 128516029-128530096 even with 10000bp window
     1x: No overlapping alignments found for region 130477762-130492290 even with 10000bp window
     1x: No overlapping alignments found for region 130678743-130694320 even with 10000bp window
     1x: No overlapping alignments found for region 130853479-130875536 even with 10000bp window
     1x: No overlapping alignments found for region 131928568-131991294 even with 10000bp window
     1x: No overlapping alignments found for region 132003633-132009376 even with 10000bp window
     1x: No overlapping alignments found for region 132121055-132151324 even with 10000bp window
     1x: No overlapping alignments found for region 132532340-132547560 even with 10000bp window
     1x: No overlapping alignments found for region 132570712-132589270 even with 10000bp window
     1x: No overlapping alignments found for region 132601848-132646288 even with 10000bp window
     1x: No overlapping alignments found for region 132728784-132734536 even with 10000bp window
     1x: No overlapping alignments found for region 132827688-132848103 even with 10000bp window
     1x: No overlapping alignments found for region 132893456-132919935 even with 10000bp window
     1x: No overlapping alignments found for region 132919935-132949307 even with 10000bp window
     1x: No overlapping alignments found for region 132949307-132977106 even with 10000bp window
     1x: No overlapping alignments found for region 133016106-133028837 even with 10000bp window
     1x: No overlapping alignments found for region 133488810-133493774 even with 10000bp window
     1x: No overlapping alignments found for region 133669216-133697945 even with 10000bp window
     1x: No overlapping alignments found for region 133708283-133739062 even with 10000bp window
     1x: No overlapping alignments found for region 134887487-134909069 even with 10000bp window
     1x: No overlapping alignments found for region 134920766-134930159 even with 10000bp window
     1x: No overlapping alignments found for region 134956294-134985896 even with 10000bp window
     1x: No overlapping alignments found for region 135412596-135440544 even with 10000bp window
     1x: No overlapping alignments found for region 136204486-136222899 even with 10000bp window
     1x: No overlapping alignments found for region 136880161-136890629 even with 10000bp window
     1x: No overlapping alignments found for region 137004957-137016693 even with 10000bp window
     1x: No overlapping alignments found for region 137134719-137143202 even with 10000bp window
     1x: No overlapping alignments found for region 137274620-137302032 even with 10000bp window
     1x: No overlapping alignments found for region 137556887-137564639 even with 10000bp window
     1x: No overlapping alignments found for region 137631137-137633287 even with 10000bp window
     1x: No overlapping alignments found for region 137747888-137771033 even with 10000bp window
     1x: No overlapping alignments found for region 138674374-138675956 even with 10000bp window
     1x: No overlapping alignments found for region 138748248-138807498 even with 10000bp window
     1x: No overlapping alignments found for region 138819063-138839243 even with 10000bp window
     1x: No overlapping alignments found for region 139478399-139500487 even with 10000bp window
     1x: No overlapping alignments found for region 139558129-139599519 even with 10000bp window
     1x: No overlapping alignments found for region 139611304-139650181 even with 10000bp window
     1x: No overlapping alignments found for region 139779131-139821267 even with 10000bp window
     1x: No overlapping alignments found for region 140935213-140951037 even with 10000bp window
     1x: No overlapping alignments found for region 141373519-141410221 even with 10000bp window
     1x: No overlapping alignments found for region 141806096-141834637 even with 10000bp window
     1x: No overlapping alignments found for region 141848560-141874848 even with 10000bp window
     1x: No overlapping alignments found for region 141896797-141929738 even with 10000bp window
     1x: No overlapping alignments found for region 142062798-142070274 even with 10000bp window
     1x: No overlapping alignments found for region 142097457-142106613 even with 10000bp window
     1x: No overlapping alignments found for region 142521612-142547485 even with 10000bp window
     1x: No overlapping alignments found for region 142884710-142900259 even with 10000bp window
     1x: No overlapping alignments found for region 143443318-143456812 even with 10000bp window
     1x: No overlapping alignments found for region 143468871-143475281 even with 10000bp window
     1x: No overlapping alignments found for region 143489895-143495026 even with 10000bp window
     1x: No overlapping alignments found for region 143667103-143678987 even with 10000bp window
     1x: No overlapping alignments found for region 143777641-143780144 even with 10000bp window
     1x: No overlapping alignments found for region 143889190-143902749 even with 10000bp window
     1x: No overlapping alignments found for region 146111332-146118185 even with 10000bp window
     1x: No overlapping alignments found for region 146118185-146131090 even with 10000bp window
     1x: Could not map start position 231141384 even with 10000bp search window
     1x: Could not map start position 231173005 even with 10000bp search window
     1x: No overlapping alignments found for region 5142590-5158829 even with 10000bp window
     1x: No overlapping alignments found for region 6234515-6253407 even with 10000bp window
     1x: No overlapping alignments found for region 6752339-6756157 even with 10000bp window
     1x: No overlapping alignments found for region 6932336-6988110 even with 10000bp window
     1x: No overlapping alignments found for region 6988110-7014965 even with 10000bp window
     1x: Could not map end position 8858603 even with 10000bp search window
     1x: No overlapping alignments found for region 9238794-9241435 even with 10000bp window
     1x: No overlapping alignments found for region 9241435-9249779 even with 10000bp window
     1x: No overlapping alignments found for region 9263045-9314404 even with 10000bp window
     1x: Could not map start position 16222859 even with 10000bp search window
     1x: No overlapping alignments found for region 27525162-27567233 even with 10000bp window
     1x: Could not map end position 28093559 even with 10000bp search window
     1x: No overlapping alignments found for region 87631-111535 even with 10000bp window
     1x: No overlapping alignments found for region 2327107-2344422 even with 10000bp window
     1x: No overlapping alignments found for region 25426872-25441974 even with 10000bp window
     1x: No overlapping alignments found for region 25739555-25741423 even with 10000bp window
     1x: No overlapping alignments found for region 27309402-27313292 even with 10000bp window
     1x: No overlapping alignments found for region 27337571-27343819 even with 10000bp window
     1x: No overlapping alignments found for region 27606463-27622045 even with 10000bp window
     1x: No overlapping alignments found for region 27674725-27685783 even with 10000bp window
     1x: No overlapping alignments found for region 28644231-28647659 even with 10000bp window
     1x: No overlapping alignments found for region 28897004-28914394 even with 10000bp window
     1x: No overlapping alignments found for region 28941095-28958828 even with 10000bp window
     1x: No overlapping alignments found for region 57455186-57469356 even with 10000bp window
     1x: No overlapping alignments found for region 35000000-35076580 even with 10000bp window
     1x: Could not map start position 16080785 even with 10000bp search window
     1x: No overlapping alignments found for region 16650891-16698381 even with 10000bp window
     1x: No overlapping alignments found for region 16766399-16773497 even with 10000bp window
     1x: No overlapping alignments found for region 16827630-16841740 even with 10000bp window
     1x: No overlapping alignments found for region 17449415-17456182 even with 10000bp window
     1x: No overlapping alignments found for region 18215486-18225980 even with 10000bp window
     1x: No overlapping alignments found for region 18237670-18248026 even with 10000bp window
     1x: No overlapping alignments found for region 18248026-18268215 even with 10000bp window
     1x: No overlapping alignments found for region 18268215-18279548 even with 10000bp window
     1x: No overlapping alignments found for region 18291503-18304357 even with 10000bp window
     1x: No overlapping alignments found for region 18333504-18378095 even with 10000bp window
     1x: No overlapping alignments found for region 18378095-18391845 even with 10000bp window
     1x: No overlapping alignments found for region 18405463-18422387 even with 10000bp window
     1x: No overlapping alignments found for region 18951380-18972971 even with 10000bp window
     1x: No overlapping alignments found for region 18994433-19019137 even with 10000bp window
     1x: No overlapping alignments found for region 19032466-19048914 even with 10000bp window
     1x: No overlapping alignments found for region 19114141-19136069 even with 10000bp window
     1x: Could not map start position 20576617 even with 10000bp search window
     1x: Could not map end position 9436370 even with 10000bp search window
     1x: Could not map start position 9436371 even with 10000bp search window
     1x: Could not map start position 9469905 even with 10000bp search window
     1x: No overlapping alignments found for region 50300078-50314696 even with 10000bp window
     1x: No overlapping alignments found for region 50314696-50326513 even with 10000bp window
     1x: No overlapping alignments found for region 50341629-50352936 even with 10000bp window
     1x: No overlapping alignments found for region 51789553-51800910 even with 10000bp window
     1x: No overlapping alignments found for region 51816793-51824707 even with 10000bp window
     1x: No overlapping alignments found for region 51836437-51883450 even with 10000bp window
     1x: No overlapping alignments found for region 51894607-51931291 even with 10000bp window
     1x: No overlapping alignments found for region 51945625-52018687 even with 10000bp window
     1x: No overlapping alignments found for region 52448318-52500063 even with 10000bp window
     1x: No overlapping alignments found for region 71005018-71016738 even with 10000bp window
     1x: No overlapping alignments found for region 71111903-71126164 even with 10000bp window
     1x: No overlapping alignments found for region 192000394-192000825 even with 10000bp window
     1x: No overlapping alignments found for region 45137159-45140655 even with 10000bp window
     1x: No overlapping alignments found for region 45814531-45840359 even with 10000bp window
     1x: No overlapping alignments found for region 46195339-46218487 even with 10000bp window
     1x: No overlapping alignments found for region 51177392-51192563 even with 10000bp window
     1x: No overlapping alignments found for region 52647413-52673677 even with 10000bp window
     1x: No overlapping alignments found for region 52687942-52692215 even with 10000bp window
     1x: No overlapping alignments found for region 52733303-52768753 even with 10000bp window
     1x: No overlapping alignments found for region 53532112-53554348 even with 10000bp window
     1x: No overlapping alignments found for region 53906143-53928085 even with 10000bp window
     1x: No overlapping alignments found for region 55902406-55932080 even with 10000bp window
     1x: No overlapping alignments found for region 61415798-61422731 even with 10000bp window
     1x: No overlapping alignments found for region 61788417-61810274 even with 10000bp window
     1x: No overlapping alignments found for region 63818441-63822491 even with 10000bp window
     1x: Could not map start position 64389512 even with 10000bp search window
     1x: Could not map start position 64415148 even with 10000bp search window
     1x: No overlapping alignments found for region 65073315-65091721 even with 10000bp window
     1x: No overlapping alignments found for region 65582908-65603555 even with 10000bp window
     1x: No overlapping alignments found for region 80654709-80661531 even with 10000bp window
     1x: No overlapping alignments found for region 80671769-80685549 even with 10000bp window
     1x: No overlapping alignments found for region 80762279-80783694 even with 10000bp window
     1x: No overlapping alignments found for region 80797306-80814939 even with 10000bp window
     1x: No overlapping alignments found for region 80859231-80879884 even with 10000bp window
     1x: No overlapping alignments found for region 80891374-80908458 even with 10000bp window
     1x: No overlapping alignments found for region 80928631-80963473 even with 10000bp window
     1x: No overlapping alignments found for region 80984839-81011288 even with 10000bp window
     1x: No overlapping alignments found for region 81037219-81050894 even with 10000bp window
     1x: No overlapping alignments found for region 81061710-81082316 even with 10000bp window
     1x: No overlapping alignments found for region 81532357-81744626 even with 10000bp window
     1x: No overlapping alignments found for region 81774315-81822606 even with 10000bp window
     1x: No overlapping alignments found for region 81833809-81841760 even with 10000bp window
     1x: No overlapping alignments found for region 81869421-81879502 even with 10000bp window
     1x: No overlapping alignments found for region 81910265-81961144 even with 10000bp window
     1x: No overlapping alignments found for region 81972121-81979406 even with 10000bp window
     1x: No overlapping alignments found for region 82052855-82057236 even with 10000bp window
     1x: No overlapping alignments found for region 82088037-82099014 even with 10000bp window
     1x: No overlapping alignments found for region 82099014-82109378 even with 10000bp window
     1x: No overlapping alignments found for region 82109378-82127750 even with 10000bp window
     1x: No overlapping alignments found for region 82393202-82440130 even with 10000bp window
     1x: No overlapping alignments found for region 82507522-82524095 even with 10000bp window
     1x: No overlapping alignments found for region 82642503-82649004 even with 10000bp window
     1x: No overlapping alignments found for region 82649004-82666695 even with 10000bp window
     1x: No overlapping alignments found for region 82666695-82755727 even with 10000bp window
     1x: No overlapping alignments found for region 82853558-82935399 even with 10000bp window
     1x: No overlapping alignments found for region 82935399-82969644 even with 10000bp window
     1x: No overlapping alignments found for region 82969644-82977048 even with 10000bp window
     1x: No overlapping alignments found for region 83016146-83028294 even with 10000bp window
     1x: No overlapping alignments found for region 83079614-83404900 even with 10000bp window
     1x: No overlapping alignments found for region 134292052-134292063 even with 10000bp window
     1x: No overlapping alignments found for region 44256546-44268628 even with 10000bp window
     1x: No overlapping alignments found for region 44655114-44699897 even with 10000bp window
     1x: No overlapping alignments found for region 45014144-45018976 even with 10000bp window
     1x: No overlapping alignments found for region 45041708-45043552 even with 10000bp window
     1x: No overlapping alignments found for region 45309636-45327443 even with 10000bp window
     1x: No overlapping alignments found for region 46775208-46787427 even with 10000bp window
     1x: No overlapping alignments found for region 47883425-47902008 even with 10000bp window
     1x: No overlapping alignments found for region 47917725-47920927 even with 10000bp window
     1x: No overlapping alignments found for region 48198204-48199757 even with 10000bp window
     1x: No overlapping alignments found for region 48233512-48251610 even with 10000bp window
     1x: No overlapping alignments found for region 48291642-48345418 even with 10000bp window
     1x: No overlapping alignments found for region 48493567-48500964 even with 10000bp window
     1x: No overlapping alignments found for region 48640119-48653379 even with 10000bp window
     1x: No overlapping alignments found for region 48664830-48676796 even with 10000bp window
     1x: No overlapping alignments found for region 49062723-49072468 even with 10000bp window
     1x: No overlapping alignments found for region 51972973-51989226 even with 10000bp window
     1x: No overlapping alignments found for region 1274465-1301444 even with 10000bp window
     1x: No overlapping alignments found for region 1324603-1331718 even with 10000bp window
     1x: No overlapping alignments found for region 1381450-1430688 even with 10000bp window
     1x: No overlapping alignments found for region 1443363-1495939 even with 10000bp window
     1x: No overlapping alignments found for region 4121395-4134350 even with 10000bp window
     1x: No overlapping alignments found for region 5328097-5332654 even with 10000bp window
     1x: No overlapping alignments found for region 6718619-6730888 even with 10000bp window
     1x: No overlapping alignments found for region 7216322-7224768 even with 10000bp window
     1x: No overlapping alignments found for region 7244502-7283732 even with 10000bp window
     1x: No overlapping alignments found for region 7340983-7387290 even with 10000bp window
     1x: No overlapping alignments found for region 7631437-7656029 even with 10000bp window
     1x: No overlapping alignments found for region 7673440-7682998 even with 10000bp window
     1x: No overlapping alignments found for region 7693565-7697122 even with 10000bp window
     1x: No overlapping alignments found for region 7755887-7785350 even with 10000bp window
     1x: No overlapping alignments found for region 7818490-7828664 even with 10000bp window
     1x: No overlapping alignments found for region 7903950-7958348 even with 10000bp window
     1x: No overlapping alignments found for region 8193097-8214443 even with 10000bp window
     1x: No overlapping alignments found for region 8305620-8307592 even with 10000bp window
     1x: No overlapping alignments found for region 8308630-8327799 even with 10000bp window
     1x: No overlapping alignments found for region 8327799-8340359 even with 10000bp window
     1x: No overlapping alignments found for region 8353493-8381525 even with 10000bp window
     1x: No overlapping alignments found for region 8391780-8478837 even with 10000bp window
     1x: No overlapping alignments found for region 8503953-8532325 even with 10000bp window
     1x: No overlapping alignments found for region 8571633-8598438 even with 10000bp window
     1x: No overlapping alignments found for region 8598438-8614266 even with 10000bp window
     1x: No overlapping alignments found for region 8614266-8619192 even with 10000bp window
     1x: No overlapping alignments found for region 8646540-8676650 even with 10000bp window
     1x: No overlapping alignments found for region 8693875-8713977 even with 10000bp window
     1x: No overlapping alignments found for region 8814730-8840188 even with 10000bp window
     1x: No overlapping alignments found for region 8865178-8905957 even with 10000bp window
     1x: No overlapping alignments found for region 8905957-8910429 even with 10000bp window
     1x: No overlapping alignments found for region 8910429-8941333 even with 10000bp window
     1x: No overlapping alignments found for region 8956848-8982982 even with 10000bp window
     1x: No overlapping alignments found for region 8985545-9025128 even with 10000bp window
     1x: No overlapping alignments found for region 9025128-9042134 even with 10000bp window
     1x: Could not map end position 10094969 even with 10000bp search window
     1x: Could not map start position 10104988 even with 10000bp search window
     1x: Could not map start position 14412762 even with 10000bp search window
     1x: Could not map start position 55223351 even with 10000bp search window
     1x: Could not map end position 55483306 even with 10000bp search window
     1x: Could not map start position 55509385 even with 10000bp search window
     1x: Could not map end position 55649528 even with 10000bp search window
     1x: No overlapping alignments found for region 35567487-35650890 even with 10000bp window
     1x: No overlapping alignments found for region 35743986-35773605 even with 10000bp window
     1x: No overlapping alignments found for region 36058020-36125757 even with 10000bp window
     1x: No overlapping alignments found for region 36373175-36398198 even with 10000bp window
     1x: No overlapping alignments found for region 36820653-36854450 even with 10000bp window
     1x: No overlapping alignments found for region 36890509-36899439 even with 10000bp window
     1x: No overlapping alignments found for region 36938523-36946809 even with 10000bp window
     1x: No overlapping alignments found for region 37014026-37078425 even with 10000bp window
     1x: No overlapping alignments found for region 37130004-37167736 even with 10000bp window
     1x: No overlapping alignments found for region 37180909-37212280 even with 10000bp window
     1x: No overlapping alignments found for region 37291550-37321752 even with 10000bp window
     1x: No overlapping alignments found for region 37336643-37376595 even with 10000bp window
     1x: No overlapping alignments found for region 37388943-37414083 even with 10000bp window
     1x: No overlapping alignments found for region 37414083-37443092 even with 10000bp window
     1x: Could not map end position 38533012 even with 10000bp search window
     1x: Could not map end position 38666884 even with 10000bp search window
     1x: Could not map start position 38744642 even with 10000bp search window
     1x: Could not map start position 38771798 even with 10000bp search window
     1x: No overlapping alignments found for region 40131938-40147940 even with 10000bp window
     1x: Could not map start position 41074756 even with 10000bp search window
     1x: No overlapping alignments found for region 42060408-42076753 even with 10000bp window
     1x: No overlapping alignments found for region 42537115-42556709 even with 10000bp window
     1x: No overlapping alignments found for region 42576769-42585571 even with 10000bp window
     1x: No overlapping alignments found for region 43009770-43036395 even with 10000bp window
     1x: No overlapping alignments found for region 43426182-43473509 even with 10000bp window
     1x: No overlapping alignments found for region 45416348-45420251 even with 10000bp window
     1x: No overlapping alignments found for region 46325174-46352049 even with 10000bp window
     1x: No overlapping alignments found for region 46461798-46474790 even with 10000bp window
     1x: No overlapping alignments found for region 148217194-148291494 even with 10000bp window
     1x: No overlapping alignments found for region 148318352-148330941 even with 10000bp window
     1x: No overlapping alignments found for region 148343232-148359205 even with 10000bp window
     1x: No overlapping alignments found for region 148406999-148419304 even with 10000bp window
     1x: No overlapping alignments found for region 148429705-148445963 even with 10000bp window
     1x: No overlapping alignments found for region 148961422-148996260 even with 10000bp window
     1x: No overlapping alignments found for region 149111660-149146383 even with 10000bp window
     1x: No overlapping alignments found for region 149159354-149211031 even with 10000bp window
     1x: No overlapping alignments found for region 149301886-149303965 even with 10000bp window
     1x: No overlapping alignments found for region 149389087-149422205 even with 10000bp window
     1x: No overlapping alignments found for region 149660907-149701286 even with 10000bp window
     1x: No overlapping alignments found for region 149833944-149837064 even with 10000bp window
     1x: No overlapping alignments found for region 149950085-149967611 even with 10000bp window
     1x: No overlapping alignments found for region 150763114-150768816 even with 10000bp window
     1x: No overlapping alignments found for region 150782426-150797408 even with 10000bp window
     1x: No overlapping alignments found for region 150837808-150855068 even with 10000bp window
     1x: No overlapping alignments found for region 150877911-150900042 even with 10000bp window
     1x: Could not map start position 150959876 even with 10000bp search window
     1x: Could not map end position 151011660 even with 10000bp search window
     1x: Could not map start position 151027476 even with 10000bp search window
     1x: No overlapping alignments found for region 151364386-151370002 even with 10000bp window
     1x: No overlapping alignments found for region 17587445-17603975 even with 10000bp window
     1x: No overlapping alignments found for region 110978341-110995492 even with 10000bp window
     1x: No overlapping alignments found for region 111123215-111140267 even with 10000bp window
     1x: Could not map end position 111480734 even with 10000bp search window
     1x: No overlapping alignments found for region 112633171-112642508 even with 10000bp window
     1x: No overlapping alignments found for region 140185680-140198511 even with 10000bp window
     1x: No overlapping alignments found for region 166621488-166637482 even with 10000bp window
     1x: No overlapping alignments found for region 3945846-3948448 even with 10000bp window
     1x: No overlapping alignments found for region 96165649-96178788 even with 10000bp window
     1x: No overlapping alignments found for region 98022064-98031803 even with 10000bp window
     1x: No overlapping alignments found for region 98244726-98269559 even with 10000bp window
     1x: No overlapping alignments found for region 98609460-98631549 even with 10000bp window
     1x: No overlapping alignments found for region 98665332-98694495 even with 10000bp window
     1x: No overlapping alignments found for region 98801580-98810091 even with 10000bp window
     1x: No overlapping alignments found for region 100180850-100217000 even with 10000bp window
     1x: No overlapping alignments found for region 104742070-104749142 even with 10000bp window
     1x: No overlapping alignments found for region 105916356-105925163 even with 10000bp window
     1x: No overlapping alignments found for region 105991688-105998913 even with 10000bp window
     1x: No overlapping alignments found for region 106012411-106031456 even with 10000bp window
     1x: No overlapping alignments found for region 110900717-110927643 even with 10000bp window
     1x: No overlapping alignments found for region 111678736-111707561 even with 10000bp window
     1x: No overlapping alignments found for region 112340925-112358930 even with 10000bp window
     1x: No overlapping alignments found for region 0-960 even with 10000bp window
     1x: No overlapping alignments found for region 1090-1091 even with 10000bp window
     1x: No overlapping alignments found for region 1096-1097 even with 10000bp window
     1x: No overlapping alignments found for region 4864-5913 even with 10000bp window
     1x: No overlapping alignments found for region 107822510-107842900 even with 10000bp window
     1x: No overlapping alignments found for region 108357871-108378153 even with 10000bp window
     1x: No overlapping alignments found for region 1106374-1122057 even with 10000bp window
     1x: No overlapping alignments found for region 89622936-89733865 even with 10000bp window
     1x: No overlapping alignments found for region 90009784-90037230 even with 10000bp window
     1x: No overlapping alignments found for region 90037230-90047830 even with 10000bp window
     1x: No overlapping alignments found for region 90047830-90111287 even with 10000bp window
     1x: No overlapping alignments found for region 90415441-90443851 even with 10000bp window
     1x: No overlapping alignments found for region 90443851-90462833 even with 10000bp window
     1x: No overlapping alignments found for region 90618617-90632003 even with 10000bp window
     1x: No overlapping alignments found for region 100579339-100588165 even with 10000bp window
     1x: No overlapping alignments found for region 100598276-100621043 even with 10000bp window
     1x: No overlapping alignments found for region 100881832-100903337 even with 10000bp window
     1x: No overlapping alignments found for region 150747-150748 even with 10000bp window
     1x: No overlapping alignments found for region 142222-142223 even with 10000bp window
     1x: No alignments found for chromosome 'haplotype1-0000034'
     1x: No alignments found for chromosome 'haplotype1-0000035'
     1x: No alignments found for chromosome 'haplotype1-0000044'
     1x: No alignments found for chromosome 'haplotype1-0000047'
     1x: No alignments found for chromosome 'haplotype1-0000051'
     1x: No overlapping alignments found for region 0-30 even with 10000bp window
     1x: No overlapping alignments found for region 25294-31981 even with 10000bp window
     1x: No alignments found for chromosome 'haplotype1-0000061'
     1x: No alignments found for chromosome 'haplotype1-0000062'
     1x: No alignments found for chromosome 'haplotype1-0000064'
     1x: No alignments found for chromosome 'haplotype1-0000072'
     1x: No alignments found for chromosome 'haplotype1-0000074'
     1x: No overlapping alignments found for region 0-71 even with 10000bp window
     1x: No overlapping alignments found for region 0-9390 even with 10000bp window
     1x: No overlapping alignments found for region 33187-38122 even with 10000bp window
     1x: No overlapping alignments found for region 39363-60217 even with 10000bp window
     1x: No overlapping alignments found for region 135619-169884 even with 10000bp window
     1x: No overlapping alignments found for region 181118-221779 even with 10000bp window
     1x: No overlapping alignments found for region 221779-265149 even with 10000bp window
     1x: No overlapping alignments found for region 265149-284825 even with 10000bp window
     1x: No overlapping alignments found for region 284825-418878 even with 10000bp window
     1x: No overlapping alignments found for region 418878-436771 even with 10000bp window
     1x: No overlapping alignments found for region 448056-459162 even with 10000bp window
     1x: No overlapping alignments found for region 473279-495152 even with 10000bp window
     1x: No overlapping alignments found for region 532526-566097 even with 10000bp window
     1x: No overlapping alignments found for region 566097-610609 even with 10000bp window
     1x: No overlapping alignments found for region 610609-621986 even with 10000bp window
     1x: No overlapping alignments found for region 88633-107193 even with 10000bp window
     1x: No overlapping alignments found for region 159090-238211 even with 10000bp window
     1x: No overlapping alignments found for region 268043-287868 even with 10000bp window
     1x: No overlapping alignments found for region 319283-336403 even with 10000bp window
     1x: No overlapping alignments found for region 336403-351797 even with 10000bp window
     1x: No overlapping alignments found for region 354028-405738 even with 10000bp window
     1x: No overlapping alignments found for region 405738-471257 even with 10000bp window
     1x: No overlapping alignments found for region 471257-508203 even with 10000bp window
     1x: No overlapping alignments found for region 508203-518679 even with 10000bp window
     1x: No overlapping alignments found for region 518679-524928 even with 10000bp window
     1x: No overlapping alignments found for region 536373-542473 even with 10000bp window
     1x: No overlapping alignments found for region 542473-587929 even with 10000bp window
     1x: No overlapping alignments found for region 599359-600307 even with 10000bp window
     1x: No overlapping alignments found for region 610923-652752 even with 10000bp window
     1x: No overlapping alignments found for region 164394-180404 even with 10000bp window
     1x: No overlapping alignments found for region 211544-228847 even with 10000bp window
     1x: No alignments found for chromosome 'haplotype1-0000089'
     1x: No alignments found for chromosome 'haplotype1-0000092'
     1x: No alignments found for chromosome 'haplotype1-0000093'
     1x: Could not map start position 1014316 even with 10000bp search window
     1x: Could not map start position 1062312 even with 10000bp search window
     1x: No overlapping alignments found for region 96208218-96274346 even with 10000bp window
     1x: No overlapping alignments found for region 96274346-96325454 even with 10000bp window
     1x: No overlapping alignments found for region 96325454-96433278 even with 10000bp window
     1x: No overlapping alignments found for region 96479754-96490575 even with 10000bp window
     1x: No overlapping alignments found for region 96499566-96506709 even with 10000bp window
     1x: No overlapping alignments found for region 96641100-96661193 even with 10000bp window
     1x: No overlapping alignments found for region 96752467-96795691 even with 10000bp window
     1x: No overlapping alignments found for region 96806473-96889953 even with 10000bp window
     1x: No overlapping alignments found for region 96904509-97034662 even with 10000bp window
     1x: No overlapping alignments found for region 97171850-97186102 even with 10000bp window
     1x: No overlapping alignments found for region 97224368-97268253 even with 10000bp window
     1x: No overlapping alignments found for region 97298813-97312499 even with 10000bp window
     1x: No overlapping alignments found for region 97422849-97436294 even with 10000bp window
     1x: No overlapping alignments found for region 97525471-97547405 even with 10000bp window
     1x: No overlapping alignments found for region 97658202-97685041 even with 10000bp window
     1x: No overlapping alignments found for region 98130515-98153152 even with 10000bp window
     1x: No overlapping alignments found for region 98232164-98263781 even with 10000bp window
     1x: No overlapping alignments found for region 98263781-98271648 even with 10000bp window
     1x: No overlapping alignments found for region 98271648-98363033 even with 10000bp window
     1x: No overlapping alignments found for region 98406245-98434775 even with 10000bp window
     1x: No overlapping alignments found for region 98445541-98476102 even with 10000bp window
     1x: No overlapping alignments found for region 98486969-98498058 even with 10000bp window
     1x: No overlapping alignments found for region 98517626-98534206 even with 10000bp window
     1x: No overlapping alignments found for region 98545078-98551434 even with 10000bp window
     1x: No overlapping alignments found for region 98562236-98578330 even with 10000bp window
     1x: No overlapping alignments found for region 98595802-98618713 even with 10000bp window
     1x: No overlapping alignments found for region 98840612-98884265 even with 10000bp window
     1x: No overlapping alignments found for region 99334075-99345247 even with 10000bp window
     1x: No overlapping alignments found for region 99357874-99373741 even with 10000bp window
     1x: No overlapping alignments found for region 99386254-99405482 even with 10000bp window
     1x: No overlapping alignments found for region 0-231 even with 10000bp window
     1x: No overlapping alignments found for region 5223-6033 even with 10000bp window
     1x: No overlapping alignments found for region 6033-12414 even with 10000bp window
     1x: No overlapping alignments found for region 24577-29823 even with 10000bp window
     1x: Could not map end position 44306905 even with 10000bp search window
     1x: No overlapping alignments found for region 45188020-45209677 even with 10000bp window
     1x: No overlapping alignments found for region 58113927-58165535 even with 10000bp window
     1x: No overlapping alignments found for region 58165535-58194855 even with 10000bp window
     1x: No overlapping alignments found for region 58348600-58372144 even with 10000bp window
     1x: Could not map start position 110920079 even with 10000bp search window
     1x: Could not map end position 132168591 even with 10000bp search window
     1x: No overlapping alignments found for region 132484149-132497499 even with 10000bp window
     1x: No overlapping alignments found for region 132666475-132675077 even with 10000bp window
     1x: No overlapping alignments found for region 133055176-133108268 even with 10000bp window
     1x: No overlapping alignments found for region 133121226-133129334 even with 10000bp window
     1x: No overlapping alignments found for region 133284512-133300437 even with 10000bp window
     1x: No overlapping alignments found for region 133331997-133341071 even with 10000bp window
     1x: No overlapping alignments found for region 133341071-133380883 even with 10000bp window
     1x: No overlapping alignments found for region 133740040-133761255 even with 10000bp window
     1x: No overlapping alignments found for region 133968731-133986763 even with 10000bp window
     1x: No overlapping alignments found for region 134259966-134284271 even with 10000bp window
     1x: No overlapping alignments found for region 134609054-134624548 even with 10000bp window
     1x: No overlapping alignments found for region 134927049-134944463 even with 10000bp window
     1x: No overlapping alignments found for region 134945129-134947197 even with 10000bp window
     1x: No overlapping alignments found for region 134969545-134981062 even with 10000bp window
     1x: No overlapping alignments found for region 134985278-134999437 even with 10000bp window
     1x: No overlapping alignments found for region 135000630-135076790 even with 10000bp window
     1x: No overlapping alignments found for region 135877886-135900303 even with 10000bp window
     1x: No overlapping alignments found for region 136119922-136173134 even with 10000bp window
     1x: Could not map start position 182028765 even with 10000bp search window
     1x: Could not map start position 182068514 even with 10000bp search window
     1x: No overlapping alignments found for region 1345619-1348692 even with 10000bp window
     1x: No overlapping alignments found for region 91038234-91046262 even with 10000bp window
     1x: No overlapping alignments found for region 91080378-91086817 even with 10000bp window
     1x: No overlapping alignments found for region 91097326-91173876 even with 10000bp window
     1x: Could not map end position 91278123 even with 10000bp search window
     1x: Could not map start position 91290442 even with 10000bp search window
     1x: No overlapping alignments found for region 91403258-91422346 even with 10000bp window
     1x: No overlapping alignments found for region 91447933-91469303 even with 10000bp window
     1x: No overlapping alignments found for region 91484299-91521400 even with 10000bp window
     1x: No overlapping alignments found for region 91645929-91682684 even with 10000bp window
     1x: No overlapping alignments found for region 92389148-92562252 even with 10000bp window
     1x: No overlapping alignments found for region 92583989-92626639 even with 10000bp window
     1x: No overlapping alignments found for region 92673286-92688439 even with 10000bp window
     1x: No overlapping alignments found for region 92701527-92724961 even with 10000bp window
     1x: No overlapping alignments found for region 92737876-92792738 even with 10000bp window
     1x: No overlapping alignments found for region 92867720-92895194 even with 10000bp window
     1x: No overlapping alignments found for region 93048919-93088014 even with 10000bp window
     1x: No overlapping alignments found for region 93200018-93240245 even with 10000bp window
     1x: No overlapping alignments found for region 93645764-93649008 even with 10000bp window
     1x: No overlapping alignments found for region 93661770-93663221 even with 10000bp window
     1x: No overlapping alignments found for region 93697758-93700522 even with 10000bp window
     1x: No overlapping alignments found for region 93975106-93990820 even with 10000bp window
     1x: No overlapping alignments found for region 94270580-94278773 even with 10000bp window
     1x: No overlapping alignments found for region 91865157-91917401 even with 10000bp window
     1x: No overlapping alignments found for region 91928613-91959102 even with 10000bp window
     1x: No overlapping alignments found for region 92044157-92065698 even with 10000bp window
     1x: No overlapping alignments found for region 92065698-92076230 even with 10000bp window
     1x: No overlapping alignments found for region 92076230-92174364 even with 10000bp window
     1x: No overlapping alignments found for region 92209673-92247521 even with 10000bp window
     1x: No overlapping alignments found for region 92304017-92306177 even with 10000bp window
     1x: No overlapping alignments found for region 92321569-92344976 even with 10000bp window
     1x: No overlapping alignments found for region 92478013-92520774 even with 10000bp window
     1x: No overlapping alignments found for region 92565825-92598021 even with 10000bp window
     1x: No overlapping alignments found for region 92610243-92801026 even with 10000bp window
     1x: No overlapping alignments found for region 92811371-92884059 even with 10000bp window
     1x: No overlapping alignments found for region 92929624-93059886 even with 10000bp window
     1x: No overlapping alignments found for region 93072415-93104852 even with 10000bp window
     1x: No overlapping alignments found for region 93118062-93170030 even with 10000bp window
     1x: No overlapping alignments found for region 93170030-93188357 even with 10000bp window
     1x: No overlapping alignments found for region 93188357-93203694 even with 10000bp window
     1x: No overlapping alignments found for region 93323375-93354277 even with 10000bp window
     1x: No overlapping alignments found for region 93367068-93380552 even with 10000bp window
     1x: No overlapping alignments found for region 93417714-93502428 even with 10000bp window
     1x: No overlapping alignments found for region 93502428-93563051 even with 10000bp window
     1x: No overlapping alignments found for region 93576487-93591569 even with 10000bp window
     1x: No overlapping alignments found for region 93604832-93614204 even with 10000bp window
     1x: No overlapping alignments found for region 93677376-93826068 even with 10000bp window
     1x: No overlapping alignments found for region 93842013-93912702 even with 10000bp window
     1x: No overlapping alignments found for region 100164557-100195959 even with 10000bp window
     1x: No overlapping alignments found for region 100231638-100269034 even with 10000bp window
     1x: No overlapping alignments found for region 100282641-100300149 even with 10000bp window
     1x: No overlapping alignments found for region 100311345-100327995 even with 10000bp window
     1x: No overlapping alignments found for region 100339708-100362976 even with 10000bp window
     1x: No overlapping alignments found for region 100374197-100425678 even with 10000bp window
     1x: No overlapping alignments found for region 100547838-100570676 even with 10000bp window
     1x: No overlapping alignments found for region 100590071-100598208 even with 10000bp window
     1x: No overlapping alignments found for region 101001840-101016744 even with 10000bp window
     1x: No overlapping alignments found for region 101043672-101053023 even with 10000bp window
     1x: No overlapping alignments found for region 101066298-101165424 even with 10000bp window
     1x: No overlapping alignments found for region 101324795-101334991 even with 10000bp window
     1x: No overlapping alignments found for region 101481564-101492954 even with 10000bp window
     1x: No overlapping alignments found for region 101508899-101528914 even with 10000bp window
     1x: No overlapping alignments found for region 101546215-101618609 even with 10000bp window
     1x: No overlapping alignments found for region 101631234-101637275 even with 10000bp window
     1x: Could not map start position 138123678 even with 10000bp search window
     1x: No overlapping alignments found for region 10063923-10072877 even with 10000bp window
     1x: No overlapping alignments found for region 33655329-33675077 even with 10000bp window
     1x: No overlapping alignments found for region 33750142-33919372 even with 10000bp window
     1x: No overlapping alignments found for region 33940893-33966639 even with 10000bp window
     1x: No overlapping alignments found for region 34013758-34043573 even with 10000bp window
     1x: No overlapping alignments found for region 34179724-34189149 even with 10000bp window
     1x: No overlapping alignments found for region 36624818-36648037 even with 10000bp window
     1x: No overlapping alignments found for region 36648037-36655969 even with 10000bp window
     1x: No overlapping alignments found for region 36845658-36892818 even with 10000bp window
     1x: No overlapping alignments found for region 36892818-36903118 even with 10000bp window
     1x: No overlapping alignments found for region 36915649-36925390 even with 10000bp window
     1x: No overlapping alignments found for region 36925390-36989852 even with 10000bp window
     1x: No overlapping alignments found for region 36999039-37031455 even with 10000bp window
     1x: No overlapping alignments found for region 37113748-37134739 even with 10000bp window
     1x: No overlapping alignments found for region 37156192-37202735 even with 10000bp window
     1x: No overlapping alignments found for region 37202735-37205787 even with 10000bp window
     1x: No overlapping alignments found for region 37205787-37216055 even with 10000bp window
     1x: No overlapping alignments found for region 37216055-37238899 even with 10000bp window
     1x: No overlapping alignments found for region 37238899-37271373 even with 10000bp window
     1x: No overlapping alignments found for region 37286422-37295505 even with 10000bp window
     1x: No overlapping alignments found for region 37309147-37312077 even with 10000bp window
     1x: No overlapping alignments found for region 37427401-37527260 even with 10000bp window
     1x: No overlapping alignments found for region 37554180-37557835 even with 10000bp window
     1x: No overlapping alignments found for region 37566453-37606926 even with 10000bp window
     1x: No overlapping alignments found for region 37606926-37624798 even with 10000bp window
     1x: No overlapping alignments found for region 37624798-37645340 even with 10000bp window
     1x: No overlapping alignments found for region 37654374-37656939 even with 10000bp window
     1x: No overlapping alignments found for region 37656939-37666872 even with 10000bp window
     1x: No overlapping alignments found for region 37666872-37677871 even with 10000bp window
     1x: No overlapping alignments found for region 37677871-37683456 even with 10000bp window
     1x: No overlapping alignments found for region 37683456-37709713 even with 10000bp window
     1x: No overlapping alignments found for region 37723341-37739591 even with 10000bp window
     1x: No overlapping alignments found for region 37739591-37763770 even with 10000bp window
     1x: No overlapping alignments found for region 37789805-37828259 even with 10000bp window
     1x: No overlapping alignments found for region 37894455-37900277 even with 10000bp window
     1x: No overlapping alignments found for region 38003725-38005358 even with 10000bp window
     1x: No overlapping alignments found for region 38005358-38019945 even with 10000bp window
     1x: No overlapping alignments found for region 38019945-38021265 even with 10000bp window
     1x: No overlapping alignments found for region 38077079-38106472 even with 10000bp window
     1x: No overlapping alignments found for region 38913101-38939210 even with 10000bp window
     1x: No overlapping alignments found for region 38939210-38951358 even with 10000bp window
     1x: No overlapping alignments found for region 38951358-38955062 even with 10000bp window
     1x: No overlapping alignments found for region 39668410-39675643 even with 10000bp window
     1x: No overlapping alignments found for region 39817717-39860236 even with 10000bp window
     1x: No overlapping alignments found for region 39871815-39896522 even with 10000bp window
     1x: No overlapping alignments found for region 39896522-39908644 even with 10000bp window
     1x: No overlapping alignments found for region 39908644-39998147 even with 10000bp window
     1x: Could not map end position 45588323 even with 10000bp search window
     1x: No overlapping alignments found for region 742502-745018 even with 10000bp window
     1x: No overlapping alignments found for region 757127-764565 even with 10000bp window
     1x: No overlapping alignments found for region 931370-937279 even with 10000bp window
     1x: No overlapping alignments found for region 1185653-1210918 even with 10000bp window
     1x: No overlapping alignments found for region 1561129-1567924 even with 10000bp window
     1x: No overlapping alignments found for region 2718736-2727979 even with 10000bp window
     1x: Could not map end position 96841 even with 10000bp search window
     1x: No overlapping alignments found for region 1434939-1457318 even with 10000bp window
     1x: No overlapping alignments found for region 1896045-1903659 even with 10000bp window
     1x: Could not map end position 33876060 even with 10000bp search window
     1x: No overlapping alignments found for region 37817309-37828248 even with 10000bp window
     1x: No overlapping alignments found for region 37892212-37960802 even with 10000bp window
     1x: No overlapping alignments found for region 37974694-37991426 even with 10000bp window
     1x: No overlapping alignments found for region 38012472-38028284 even with 10000bp window
     1x: No overlapping alignments found for region 38039570-38074317 even with 10000bp window
     1x: No overlapping alignments found for region 38159943-38182619 even with 10000bp window
     1x: No overlapping alignments found for region 38231974-38247352 even with 10000bp window
     1x: No overlapping alignments found for region 38247352-38272013 even with 10000bp window
     1x: No overlapping alignments found for region 38278069-38289293 even with 10000bp window
     1x: No overlapping alignments found for region 38292371-38312451 even with 10000bp window
     1x: No overlapping alignments found for region 38340021-38342846 even with 10000bp window
     1x: No overlapping alignments found for region 38342846-38354710 even with 10000bp window
     1x: No overlapping alignments found for region 38354710-38381716 even with 10000bp window
     1x: No overlapping alignments found for region 40507768-40532833 even with 10000bp window
     1x: No overlapping alignments found for region 40547027-40549844 even with 10000bp window
     1x: No overlapping alignments found for region 41056170-41094473 even with 10000bp window
     1x: No overlapping alignments found for region 41143905-41151450 even with 10000bp window
     1x: No overlapping alignments found for region 41191967-41197423 even with 10000bp window
     1x: No overlapping alignments found for region 41213890-41254410 even with 10000bp window
     1x: No overlapping alignments found for region 41418808-41426263 even with 10000bp window
     1x: No overlapping alignments found for region 41642900-41651231 even with 10000bp window
     1x: Could not map start position 41746617 even with 10000bp search window
     1x: No overlapping alignments found for region 42004470-42013638 even with 10000bp window
     1x: No overlapping alignments found for region 42677532-42699185 even with 10000bp window
     1x: No overlapping alignments found for region 42973018-42994054 even with 10000bp window
     1x: No overlapping alignments found for region 43167983-43179942 even with 10000bp window
     1x: No overlapping alignments found for region 43266721-43300643 even with 10000bp window
     1x: No overlapping alignments found for region 44367461-44421040 even with 10000bp window
     1x: No overlapping alignments found for region 44481043-44521731 even with 10000bp window
     1x: No overlapping alignments found for region 44555934-44574481 even with 10000bp window
     1x: No overlapping alignments found for region 45375925-45380737 even with 10000bp window
     1x: No overlapping alignments found for region 45404402-45406104 even with 10000bp window
     1x: No overlapping alignments found for region 45661909-45725117 even with 10000bp window
     1x: No overlapping alignments found for region 45744081-45746952 even with 10000bp window
     1x: No overlapping alignments found for region 45938602-45941468 even with 10000bp window
     1x: No overlapping alignments found for region 46239002-46248848 even with 10000bp window
     1x: No overlapping alignments found for region 46535454-46541957 even with 10000bp window
     1x: No overlapping alignments found for region 46623892-46637309 even with 10000bp window
     1x: No overlapping alignments found for region 46946919-46976157 even with 10000bp window
     1x: No overlapping alignments found for region 47078096-47088764 even with 10000bp window
     1x: No overlapping alignments found for region 47125553-47139682 even with 10000bp window
     1x: No overlapping alignments found for region 47320163-47327796 even with 10000bp window
     1x: No overlapping alignments found for region 47339852-47361827 even with 10000bp window
     1x: No overlapping alignments found for region 48322578-48330444 even with 10000bp window
     1x: No overlapping alignments found for region 48347810-48368210 even with 10000bp window
     1x: No overlapping alignments found for region 838568-862291 even with 10000bp window
     1x: No overlapping alignments found for region 878925-890663 even with 10000bp window
     1x: No overlapping alignments found for region 1946985-1957585 even with 10000bp window
     1x: Could not map end position 967167 even with 10000bp search window
     1x: Could not map start position 995450 even with 10000bp search window
     1x: No overlapping alignments found for region 14920113-14933628 even with 10000bp window
     1x: Could not map start position 92877598 even with 10000bp search window
     1x: No overlapping alignments found for region 94118123-94127449 even with 10000bp window
     1x: No overlapping alignments found for region 94320438-94348306 even with 10000bp window
     1x: No overlapping alignments found for region 94348306-94369601 even with 10000bp window
     1x: No overlapping alignments found for region 94369601-94382678 even with 10000bp window
     1x: No overlapping alignments found for region 94505266-94537753 even with 10000bp window
     1x: No overlapping alignments found for region 94537753-94546287 even with 10000bp window
     1x: No overlapping alignments found for region 94546287-94592250 even with 10000bp window
     1x: No overlapping alignments found for region 94592250-94630303 even with 10000bp window
     1x: No overlapping alignments found for region 95920349-95930823 even with 10000bp window
     1x: No overlapping alignments found for region 95930823-95960378 even with 10000bp window
     1x: No overlapping alignments found for region 95960378-95988175 even with 10000bp window
     1x: No overlapping alignments found for region 95988175-96000308 even with 10000bp window
     1x: No overlapping alignments found for region 96000308-96022581 even with 10000bp window
     1x: No overlapping alignments found for region 96022581-96038727 even with 10000bp window
     1x: No overlapping alignments found for region 96038727-96044272 even with 10000bp window
     1x: Could not map start position 151538884 even with 10000bp search window
     1x: No overlapping alignments found for region 153180823-153192467 even with 10000bp window
     1x: No overlapping alignments found for region 153782811-153795661 even with 10000bp window
     1x: No overlapping alignments found for region 155116944-155117378 even with 10000bp window
     1x: Could not map end position 15804616 even with 10000bp search window
     1x: No overlapping alignments found for region 15850980-15894157 even with 10000bp window
     1x: No overlapping alignments found for region 15894157-15908194 even with 10000bp window
     1x: No overlapping alignments found for region 15908194-15913672 even with 10000bp window
     1x: No overlapping alignments found for region 17035202-17044876 even with 10000bp window
     1x: No overlapping alignments found for region 17480012-17487391 even with 10000bp window
     1x: No overlapping alignments found for region 17603400-17621941 even with 10000bp window
     1x: No overlapping alignments found for region 18154978-18161535 even with 10000bp window
     1x: No overlapping alignments found for region 18281593-18309400 even with 10000bp window
     1x: No overlapping alignments found for region 18801433-18831137 even with 10000bp window
     1x: No overlapping alignments found for region 19028490-19053391 even with 10000bp window
     1x: No overlapping alignments found for region 91395466-91405435 even with 10000bp window
     1x: No overlapping alignments found for region 91406277-91430561 even with 10000bp window
     1x: Could not map end position 91648428 even with 10000bp search window
     1x: Could not map start position 91659484 even with 10000bp search window
     1x: No overlapping alignments found for region 99230256-99231753 even with 10000bp window
     1x: No overlapping alignments found for region 99231753-99252400 even with 10000bp window
     1x: No overlapping alignments found for region 99267310-99275412 even with 10000bp window
     1x: No overlapping alignments found for region 273609-275570 even with 10000bp window
     1x: No overlapping alignments found for region 97686005-97702522 even with 10000bp window
     1x: No overlapping alignments found for region 97736661-97772418 even with 10000bp window
     1x: No overlapping alignments found for region 97833380-97836749 even with 10000bp window
     1x: No overlapping alignments found for region 97887050-97937837 even with 10000bp window
     1x: No overlapping alignments found for region 98053904-98112257 even with 10000bp window
     1x: No overlapping alignments found for region 98184244-98245458 even with 10000bp window
     1x: Could not map start position 49572761 even with 10000bp search window
     1x: No overlapping alignments found for region 49833591-49841944 even with 10000bp window
     1x: No overlapping alignments found for region 49946978-49999999 even with 10000bp window
     1x: No overlapping alignments found for region 50000000-50046977 even with 10000bp window
     1x: No overlapping alignments found for region 50057583-50057697 even with 10000bp window
     1x: No overlapping alignments found for region 50076491-50080186 even with 10000bp window
     1x: No overlapping alignments found for region 51344475-51380838 even with 10000bp window
     1x: No overlapping alignments found for region 51927114-51945244 even with 10000bp window
     1x: No overlapping alignments found for region 52179176-52210096 even with 10000bp window
     1x: No overlapping alignments found for region 52235266-52236188 even with 10000bp window
     1x: No overlapping alignments found for region 69766404-69776610 even with 10000bp window
     1x: Could not map start position 49180613 even with 10000bp search window
     1x: Could not map start position 104910394 even with 10000bp search window
     1x: No overlapping alignments found for region 106338430-106370003 even with 10000bp window
     1x: No overlapping alignments found for region 108164910-108178414 even with 10000bp window
     1x: No overlapping alignments found for region 108543017-108585608 even with 10000bp window
     1x: No overlapping alignments found for region 110085783-110141871 even with 10000bp window
     1x: No overlapping alignments found for region 110223673-110237028 even with 10000bp window
     1x: No overlapping alignments found for region 110823584-110825806 even with 10000bp window
     1x: No overlapping alignments found for region 112043525-112050183 even with 10000bp window
     1x: No overlapping alignments found for region 112306871-112308611 even with 10000bp window
     1x: No overlapping alignments found for region 112411752-112417058 even with 10000bp window
     1x: No overlapping alignments found for region 112430488-112443421 even with 10000bp window
     1x: No overlapping alignments found for region 113019794-113058529 even with 10000bp window
     1x: No overlapping alignments found for region 113092152-113103961 even with 10000bp window
     1x: No overlapping alignments found for region 113584488-113604119 even with 10000bp window
     1x: No overlapping alignments found for region 113626171-113651429 even with 10000bp window
     1x: No overlapping alignments found for region 113665556-113679001 even with 10000bp window
     1x: No overlapping alignments found for region 113700561-113747905 even with 10000bp window
     1x: No overlapping alignments found for region 115578106-115604372 even with 10000bp window
     1x: No overlapping alignments found for region 115630126-115652493 even with 10000bp window
     1x: No overlapping alignments found for region 115652493-115681064 even with 10000bp window
     1x: No overlapping alignments found for region 115681064-115701378 even with 10000bp window
     1x: No overlapping alignments found for region 115717835-115721556 even with 10000bp window
     1x: No overlapping alignments found for region 115800829-115817322 even with 10000bp window
     1x: No overlapping alignments found for region 115887989-115897242 even with 10000bp window
     1x: No overlapping alignments found for region 115910720-115926284 even with 10000bp window
     1x: No overlapping alignments found for region 116046208-116057812 even with 10000bp window
     1x: No overlapping alignments found for region 116221687-116245098 even with 10000bp window
     1x: No overlapping alignments found for region 116336660-116348965 even with 10000bp window
     1x: No overlapping alignments found for region 116476107-116480204 even with 10000bp window
     1x: No overlapping alignments found for region 116783935-116812457 even with 10000bp window
     1x: No overlapping alignments found for region 116876588-116886958 even with 10000bp window
     1x: No overlapping alignments found for region 116886958-116897709 even with 10000bp window
     1x: No overlapping alignments found for region 116897709-116910727 even with 10000bp window
     1x: No overlapping alignments found for region 116913368-116929110 even with 10000bp window
     1x: No overlapping alignments found for region 116929110-116945208 even with 10000bp window
     1x: No overlapping alignments found for region 116945208-116998673 even with 10000bp window
     1x: No overlapping alignments found for region 117018411-117032520 even with 10000bp window
     1x: No overlapping alignments found for region 117059287-117088976 even with 10000bp window
     1x: No overlapping alignments found for region 117299702-117304899 even with 10000bp window
     1x: No overlapping alignments found for region 117320268-117337079 even with 10000bp window
     1x: No overlapping alignments found for region 117371803-117388652 even with 10000bp window
     1x: No overlapping alignments found for region 117446108-117456029 even with 10000bp window
     1x: No overlapping alignments found for region 117469789-117505949 even with 10000bp window
     1x: No overlapping alignments found for region 117524519-117542862 even with 10000bp window
     1x: No overlapping alignments found for region 117542862-117574684 even with 10000bp window
     1x: No overlapping alignments found for region 117676327-117690627 even with 10000bp window
     1x: No overlapping alignments found for region 117716266-117734774 even with 10000bp window
     1x: No overlapping alignments found for region 117788398-117819854 even with 10000bp window
     1x: No overlapping alignments found for region 117840497-117878090 even with 10000bp window
     1x: No overlapping alignments found for region 118005256-118055352 even with 10000bp window
     1x: No overlapping alignments found for region 118069882-118100313 even with 10000bp window
     1x: No overlapping alignments found for region 118290664-118292009 even with 10000bp window
     1x: No overlapping alignments found for region 118682866-118704354 even with 10000bp window
     1x: No overlapping alignments found for region 118768027-118783452 even with 10000bp window
     1x: No overlapping alignments found for region 118798934-118823360 even with 10000bp window
     1x: No overlapping alignments found for region 118841759-118848219 even with 10000bp window
     1x: No overlapping alignments found for region 118941521-118951302 even with 10000bp window
     1x: No overlapping alignments found for region 119023063-119053820 even with 10000bp window
     1x: No overlapping alignments found for region 119064966-119077782 even with 10000bp window
     1x: No overlapping alignments found for region 119137614-119145330 even with 10000bp window
     1x: No overlapping alignments found for region 119156362-119160723 even with 10000bp window
     1x: No overlapping alignments found for region 119194629-119214870 even with 10000bp window
     1x: No overlapping alignments found for region 119364253-119382952 even with 10000bp window
     1x: No overlapping alignments found for region 119401692-119425782 even with 10000bp window
     1x: No overlapping alignments found for region 120102136-120112098 even with 10000bp window
     1x: No overlapping alignments found for region 120250801-120268781 even with 10000bp window
     1x: No overlapping alignments found for region 120318970-120367838 even with 10000bp window
     1x: No overlapping alignments found for region 120513888-120556705 even with 10000bp window
     1x: No overlapping alignments found for region 120602713-120608273 even with 10000bp window
     1x: No overlapping alignments found for region 120725555-120734540 even with 10000bp window
     1x: No overlapping alignments found for region 121094555-121132253 even with 10000bp window
     1x: No overlapping alignments found for region 121237609-121266999 even with 10000bp window
     1x: No overlapping alignments found for region 121314874-121324135 even with 10000bp window
     1x: No overlapping alignments found for region 121387487-121389915 even with 10000bp window
     1x: No overlapping alignments found for region 122299646-122331058 even with 10000bp window
     1x: No overlapping alignments found for region 123289324-123299180 even with 10000bp window
     1x: No overlapping alignments found for region 123559178-123649683 even with 10000bp window
     1x: No overlapping alignments found for region 123691501-123735922 even with 10000bp window
     1x: No overlapping alignments found for region 123764427-123774146 even with 10000bp window
     1x: No overlapping alignments found for region 123815938-123872595 even with 10000bp window
     1x: No overlapping alignments found for region 123906888-123954569 even with 10000bp window
     1x: No overlapping alignments found for region 124034836-124062868 even with 10000bp window
     1x: No overlapping alignments found for region 124219260-124264754 even with 10000bp window
     1x: No overlapping alignments found for region 125018897-125022251 even with 10000bp window
     1x: No overlapping alignments found for region 125033237-125036258 even with 10000bp window
     1x: No overlapping alignments found for region 125189694-125226165 even with 10000bp window
     1x: No overlapping alignments found for region 125264230-125275803 even with 10000bp window
     1x: No overlapping alignments found for region 125430513-125449537 even with 10000bp window
     1x: No overlapping alignments found for region 125479867-125485330 even with 10000bp window
     1x: No overlapping alignments found for region 125753367-125799341 even with 10000bp window
     1x: No overlapping alignments found for region 126371580-126406885 even with 10000bp window
     1x: No overlapping alignments found for region 126421865-126446078 even with 10000bp window
     1x: No overlapping alignments found for region 126495257-126525433 even with 10000bp window
     1x: No overlapping alignments found for region 126547624-126854305 even with 10000bp window
     1x: No overlapping alignments found for region 127595380-127604973 even with 10000bp window
     1x: No overlapping alignments found for region 127918528-127927695 even with 10000bp window
     1x: No overlapping alignments found for region 128004789-128036271 even with 10000bp window
     1x: No overlapping alignments found for region 128302563-128312794 even with 10000bp window
     1x: No overlapping alignments found for region 128362309-128416335 even with 10000bp window
     1x: No overlapping alignments found for region 128416335-128462486 even with 10000bp window
     1x: No overlapping alignments found for region 128462486-128481836 even with 10000bp window
     1x: No overlapping alignments found for region 128481836-128485677 even with 10000bp window
     1x: No overlapping alignments found for region 128485677-128489047 even with 10000bp window
     1x: Could not map start position 234481213 even with 10000bp search window
     1x: No overlapping alignments found for region 0-1084 even with 10000bp window
     1x: No overlapping alignments found for region 83560411-83571354 even with 10000bp window
     1x: No overlapping alignments found for region 25926565-25964847 even with 10000bp window
     1x: No overlapping alignments found for region 28314898-28320926 even with 10000bp window
     1x: No overlapping alignments found for region 28489208-28506155 even with 10000bp window
     1x: No overlapping alignments found for region 28607621-28609496 even with 10000bp window
     1x: No overlapping alignments found for region 28609496-28610333 even with 10000bp window
     1x: No overlapping alignments found for region 28610333-28611489 even with 10000bp window
     1x: Could not map start position 14986214 even with 10000bp search window
     1x: Could not map start position 15000018 even with 10000bp search window
     1x: Could not map start position 15021930 even with 10000bp search window
     1x: Could not map start position 15154355 even with 10000bp search window
     1x: No overlapping alignments found for region 94001230-94025850 even with 10000bp window
     1x: No overlapping alignments found for region 97720257-97759634 even with 10000bp window
     1x: No overlapping alignments found for region 98711341-98728759 even with 10000bp window
     1x: No overlapping alignments found for region 98830796-98860316 even with 10000bp window
     1x: No overlapping alignments found for region 99043323-99143103 even with 10000bp window
     1x: No overlapping alignments found for region 99186564-99201894 even with 10000bp window
     1x: No overlapping alignments found for region 99201894-99236214 even with 10000bp window
     1x: No overlapping alignments found for region 99280906-99296290 even with 10000bp window
     1x: No overlapping alignments found for region 99296290-99302760 even with 10000bp window
     1x: No overlapping alignments found for region 99302760-99337584 even with 10000bp window
     1x: No overlapping alignments found for region 99518215-99521008 even with 10000bp window
     1x: No overlapping alignments found for region 7156614-7186434 even with 10000bp window
     1x: No overlapping alignments found for region 7249972-7260175 even with 10000bp window
     1x: No overlapping alignments found for region 7275509-7291048 even with 10000bp window
     1x: No overlapping alignments found for region 7347319-7360496 even with 10000bp window
     1x: No overlapping alignments found for region 8088481-8117656 even with 10000bp window
     1x: No overlapping alignments found for region 8281277-8312524 even with 10000bp window
     1x: No overlapping alignments found for region 8378239-8391791 even with 10000bp window
     1x: No overlapping alignments found for region 8428456-8459208 even with 10000bp window
     1x: No overlapping alignments found for region 8511296-8523063 even with 10000bp window
     1x: No overlapping alignments found for region 8566028-8611481 even with 10000bp window
     1x: No overlapping alignments found for region 8625117-8633307 even with 10000bp window
     1x: No overlapping alignments found for region 8633307-8675547 even with 10000bp window
     1x: No overlapping alignments found for region 8675547-8717431 even with 10000bp window
     1x: No overlapping alignments found for region 8826524-8839807 even with 10000bp window
     1x: No overlapping alignments found for region 8871165-8891794 even with 10000bp window
     1x: No overlapping alignments found for region 8992227-9010326 even with 10000bp window
     1x: No overlapping alignments found for region 75612170-75624916 even with 10000bp window
     1x: No overlapping alignments found for region 75638004-75673411 even with 10000bp window
     1x: No overlapping alignments found for region 76557381-76804264 even with 10000bp window
     1x: No overlapping alignments found for region 77055220-77056986 even with 10000bp window
     1x: No overlapping alignments found for region 77592112-77611121 even with 10000bp window
     1x: No overlapping alignments found for region 77787007-77814595 even with 10000bp window
     1x: No overlapping alignments found for region 78848718-78908227 even with 10000bp window
     1x: No overlapping alignments found for region 79560525-79566414 even with 10000bp window
     1x: No overlapping alignments found for region 79644458-79646865 even with 10000bp window
     1x: No overlapping alignments found for region 79910203-79912307 even with 10000bp window
     1x: No overlapping alignments found for region 79912307-79912671 even with 10000bp window
     1x: No overlapping alignments found for region 79912671-79916126 even with 10000bp window
     1x: No overlapping alignments found for region 80768554-80775009 even with 10000bp window
     1x: No overlapping alignments found for region 80895985-80917015 even with 10000bp window
     1x: No overlapping alignments found for region 83096981-83103233 even with 10000bp window
     1x: Could not map start position 85315439 even with 10000bp search window
     1x: Could not map end position 86047675 even with 10000bp search window
     1x: No overlapping alignments found for region 87693410-87702733 even with 10000bp window
     1x: No overlapping alignments found for region 88117619-88119378 even with 10000bp window
     1x: No overlapping alignments found for region 89474074-89487476 even with 10000bp window
     1x: No overlapping alignments found for region 91660617-91802946 even with 10000bp window
     1x: No overlapping alignments found for region 0-7604 even with 10000bp window
     1x: No overlapping alignments found for region 21294-21295 even with 10000bp window
     1x: Could not map start position 2264127 even with 10000bp search window
     1x: No overlapping alignments found for region 2294092-2303405 even with 10000bp window
     1x: No overlapping alignments found for region 2303405-2332454 even with 10000bp window
     1x: No overlapping alignments found for region 0-31 even with 10000bp window
     1x: Could not map start position 21863272 even with 10000bp search window
     1x: No overlapping alignments found for region 81160746-81177084 even with 10000bp window
     1x: No overlapping alignments found for region 81201760-81208457 even with 10000bp window
     1x: No overlapping alignments found for region 81684522-81687575 even with 10000bp window
     1x: No overlapping alignments found for region 84433908-84441637 even with 10000bp window
     1x: No overlapping alignments found for region 84452525-84487957 even with 10000bp window
     1x: Could not map start position 86864262 even with 10000bp search window
     1x: Could not map start position 87730878 even with 10000bp search window
     1x: Could not map end position 90853988 even with 10000bp search window
     1x: No overlapping alignments found for region 93477410-93525710 even with 10000bp window
     1x: No overlapping alignments found for region 4772-5000 even with 10000bp window
     1x: No overlapping alignments found for region 111177317-111209829 even with 10000bp window
     1x: No overlapping alignments found for region 114745448-114758756 even with 10000bp window
     1x: No overlapping alignments found for region 114790596-114805535 even with 10000bp window
     1x: No overlapping alignments found for region 115567197-115587184 even with 10000bp window
     1x: No overlapping alignments found for region 141540595-141554134 even with 10000bp window
     1x: No overlapping alignments found for region 104925902-104979814 even with 10000bp window
     1x: No overlapping alignments found for region 106778881-106778910 even with 10000bp window
     1x: No overlapping alignments found for region 33986903-34002587 even with 10000bp window
     1x: No overlapping alignments found for region 34386618-34395193 even with 10000bp window
     1x: No overlapping alignments found for region 35369111-35388113 even with 10000bp window
     1x: No overlapping alignments found for region 35735893-35777430 even with 10000bp window
     1x: No overlapping alignments found for region 35792160-35809645 even with 10000bp window
     1x: No overlapping alignments found for region 42680198-42767264 even with 10000bp window
     1x: No overlapping alignments found for region 42931347-43034513 even with 10000bp window
     1x: No overlapping alignments found for region 43046430-43083117 even with 10000bp window
     1x: No overlapping alignments found for region 43468288-43474881 even with 10000bp window
     1x: No overlapping alignments found for region 43839641-43849399 even with 10000bp window
     1x: No overlapping alignments found for region 43862037-43874582 even with 10000bp window
     1x: No overlapping alignments found for region 43954969-44001641 even with 10000bp window
     1x: Could not map end position 44555779 even with 10000bp search window
     1x: No alignments found for chromosome 'haplotype2-0000133'
     1x: No alignments found for chromosome 'haplotype2-0000135'
     1x: No alignments found for chromosome 'haplotype2-0000140'
     1x: No overlapping alignments found for region 141929-155346 even with 10000bp window
     1x: No alignments found for chromosome 'haplotype2-0000165'
     1x: No alignments found for chromosome 'haplotype2-0000166'
     1x: No alignments found for chromosome 'haplotype2-0000167'
     1x: No alignments found for chromosome 'haplotype2-0000169'
     1x: No alignments found for chromosome 'haplotype2-0000171'
     1x: No alignments found for chromosome 'haplotype2-0000179'
     1x: No alignments found for chromosome 'haplotype2-0000181'
     1x: No overlapping alignments found for region 7087-37782 even with 10000bp window
     1x: No overlapping alignments found for region 749304-749305 even with 10000bp window
     1x: No overlapping alignments found for region 749310-749311 even with 10000bp window
     1x: No overlapping alignments found for region 749326-749327 even with 10000bp window
     1x: No overlapping alignments found for region 749335-749336 even with 10000bp window
     1x: No overlapping alignments found for region 749337-749338 even with 10000bp window
     1x: No overlapping alignments found for region 749389-749390 even with 10000bp window
     1x: No overlapping alignments found for region 749397-749398 even with 10000bp window
     1x: No overlapping alignments found for region 749526-749527 even with 10000bp window
     1x: No overlapping alignments found for region 749668-749669 even with 10000bp window
     1x: No overlapping alignments found for region 749677-749681 even with 10000bp window
     1x: No overlapping alignments found for region 749689-749690 even with 10000bp window
     1x: No overlapping alignments found for region 749779-749781 even with 10000bp window
     1x: No overlapping alignments found for region 749794-749795 even with 10000bp window
     1x: No overlapping alignments found for region 749926-749930 even with 10000bp window
     1x: No alignments found for chromosome 'haplotype2-0000200'
     1x: No alignments found for chromosome 'haplotype2-0000202'
     1x: No overlapping alignments found for region 1965-1966 even with 10000bp window
     1x: No overlapping alignments found for region 2173-2174 even with 10000bp window
     1x: No overlapping alignments found for region 4769-4770 even with 10000bp window
     1x: No overlapping alignments found for region 184332-186662 even with 10000bp window
     1x: No alignments found for chromosome 'haplotype2-0000210'
     1x: No overlapping alignments found for region 0-2922 even with 10000bp window
     1x: No overlapping alignments found for region 7851-7852 even with 10000bp window
     1x: No alignments found for chromosome 'haplotype2-0000215'
     1x: No overlapping alignments found for region 5639-5640 even with 10000bp window
     1x: No alignments found for chromosome 'haplotype2-0000220'
     1x: No overlapping alignments found for region 269089-279324 even with 10000bp window
     1x: No alignments found for chromosome 'unassigned-0000233'
     1x: No alignments found for chromosome 'unassigned-0000234'
     1x: No alignments found for chromosome 'unassigned-0000237'
     1x: No alignments found for chromosome 'unassigned-0000240'
     1x: No alignments found for chromosome 'unassigned-0000242'
     1x: No alignments found for chromosome 'unassigned-0000243'
     1x: No alignments found for chromosome 'unassigned-0000248'
     1x: No alignments found for chromosome 'unassigned-0000251'
     1x: No alignments found for chromosome 'unassigned-0000253'
     1x: No alignments found for chromosome 'unassigned-0000255'
     1x: No alignments found for chromosome 'unassigned-0000257'
     1x: No alignments found for chromosome 'unassigned-0000259'
     1x: No alignments found for chromosome 'unassigned-0000261'
     1x: No alignments found for chromosome 'unassigned-0000270'
     1x: No alignments found for chromosome 'unassigned-0000272'
     1x: No alignments found for chromosome 'unassigned-0000273'
     1x: No alignments found for chromosome 'unassigned-0000274'
     1x: No alignments found for chromosome 'unassigned-0000281'
     1x: No alignments found for chromosome 'unassigned-0000284'
     1x: No alignments found for chromosome 'unassigned-0000285'
     1x: No alignments found for chromosome 'unassigned-0000286'
     1x: No alignments found for chromosome 'unassigned-0000287'
     1x: No alignments found for chromosome 'unassigned-0000291'
     1x: No alignments found for chromosome 'unassigned-0000302'
     1x: No alignments found for chromosome 'unassigned-0000317'
     1x: No alignments found for chromosome 'unassigned-0000328'
     1x: No alignments found for chromosome 'unassigned-0000330'
     1x: No alignments found for chromosome 'unassigned-0000332'
     1x: No alignments found for chromosome 'unassigned-0000333'
     1x: No alignments found for chromosome 'unassigned-0000338'
     1x: No alignments found for chromosome 'unassigned-0000339'
     1x: No alignments found for chromosome 'unassigned-0000343'
     1x: No alignments found for chromosome 'unassigned-0000345'
     1x: No alignments found for chromosome 'unassigned-0000347'
     1x: No alignments found for chromosome 'unassigned-0000351'
     1x: No alignments found for chromosome 'unassigned-0000353'
     1x: No alignments found for chromosome 'unassigned-0000360'
     1x: No alignments found for chromosome 'unassigned-0000365'
     1x: No alignments found for chromosome 'unassigned-0000367'
     1x: No alignments found for chromosome 'unassigned-0000368'
     1x: No alignments found for chromosome 'unassigned-0000369'
     1x: No alignments found for chromosome 'unassigned-0000370'
     1x: No alignments found for chromosome 'unassigned-0000372'
     1x: No alignments found for chromosome 'unassigned-0000383'
     1x: No alignments found for chromosome 'unassigned-0000387'
     1x: No alignments found for chromosome 'unassigned-0000389'
     1x: No alignments found for chromosome 'unassigned-0000391'
     1x: No alignments found for chromosome 'unassigned-0000393'
     1x: No alignments found for chromosome 'unassigned-0000397'
     1x: No alignments found for chromosome 'unassigned-0000413'
     1x: No alignments found for chromosome 'unassigned-0000415'
     1x: No alignments found for chromosome 'unassigned-0000418'
     1x: No alignments found for chromosome 'unassigned-0000423'
     1x: No alignments found for chromosome 'unassigned-0000429'
     1x: No alignments found for chromosome 'unassigned-0000432'
     1x: No alignments found for chromosome 'unassigned-0000435'
     1x: No alignments found for chromosome 'unassigned-0000438'
     1x: No alignments found for chromosome 'unassigned-0000441'
     1x: No alignments found for chromosome 'unassigned-0000443'
     1x: No alignments found for chromosome 'unassigned-0000447'
     1x: No alignments found for chromosome 'unassigned-0000451'
     1x: No alignments found for chromosome 'unassigned-0000453'
     1x: No alignments found for chromosome 'unassigned-0000460'
     1x: No alignments found for chromosome 'unassigned-0000463'
     1x: No alignments found for chromosome 'unassigned-0000468'
     1x: No alignments found for chromosome 'unassigned-0000470'
     1x: No alignments found for chromosome 'unassigned-0000473'
     1x: No alignments found for chromosome 'unassigned-0000474'
     1x: No alignments found for chromosome 'unassigned-0000476'
     1x: No alignments found for chromosome 'unassigned-0000484'
     1x: No alignments found for chromosome 'unassigned-0000485'
     1x: No alignments found for chromosome 'unassigned-0000486'
     1x: No alignments found for chromosome 'unassigned-0000487'
     1x: No alignments found for chromosome 'unassigned-0000489'
     1x: No alignments found for chromosome 'unassigned-0000490'
     1x: No alignments found for chromosome 'unassigned-0000492'
     1x: No alignments found for chromosome 'unassigned-0000493'
     1x: No alignments found for chromosome 'unassigned-0000495'
     1x: No alignments found for chromosome 'unassigned-0000496'
     1x: No alignments found for chromosome 'unassigned-0000497'
     1x: No alignments found for chromosome 'unassigned-0000504'
     1x: No alignments found for chromosome 'unassigned-0000507'
     1x: No alignments found for chromosome 'unassigned-0000515'
     1x: No alignments found for chromosome 'unassigned-0000516'
     1x: No alignments found for chromosome 'unassigned-0000519'
     1x: No alignments found for chromosome 'unassigned-0000520'
     1x: No alignments found for chromosome 'unassigned-0000525'
     1x: No alignments found for chromosome 'unassigned-0000526'
     1x: No overlapping alignments found for region 34852-52646 even with 10000bp window
     1x: No alignments found for chromosome 'unassigned-0000529'
     1x: No alignments found for chromosome 'unassigned-0000531'
     1x: No alignments found for chromosome 'unassigned-0000532'
     1x: No alignments found for chromosome 'unassigned-0000534'
     1x: No alignments found for chromosome 'unassigned-0000538'
     1x: No alignments found for chromosome 'unassigned-0000545'
     1x: No alignments found for chromosome 'unassigned-0000548'
     1x: No alignments found for chromosome 'unassigned-0000558'
     1x: No alignments found for chromosome 'unassigned-0000560'
     1x: No alignments found for chromosome 'unassigned-0000562'
     1x: No alignments found for chromosome 'unassigned-0000565'
     1x: No alignments found for chromosome 'unassigned-0000566'
     1x: No alignments found for chromosome 'unassigned-0000575'
     1x: No alignments found for chromosome 'unassigned-0000577'
     1x: No alignments found for chromosome 'unassigned-0000578'
     1x: No alignments found for chromosome 'unassigned-0000581'
     1x: No alignments found for chromosome 'unassigned-0000583'
     1x: No alignments found for chromosome 'unassigned-0000589'
     1x: No alignments found for chromosome 'unassigned-0000590'
     1x: No alignments found for chromosome 'unassigned-0000594'
     1x: No alignments found for chromosome 'unassigned-0000595'
     1x: No alignments found for chromosome 'unassigned-0000596'
     1x: No alignments found for chromosome 'unassigned-0000600'
     1x: No alignments found for chromosome 'unassigned-0000601'
     1x: No alignments found for chromosome 'unassigned-0000602'
     1x: No alignments found for chromosome 'unassigned-0000606'
     1x: No alignments found for chromosome 'unassigned-0000607'
     1x: No alignments found for chromosome 'unassigned-0000608'
     1x: No alignments found for chromosome 'unassigned-0000611'
     1x: No overlapping alignments found for region 0-820 even with 10000bp window
     1x: No alignments found for chromosome 'unassigned-0000615'
     1x: No alignments found for chromosome 'unassigned-0000621'
     1x: No alignments found for chromosome 'unassigned-0000622'
     1x: No alignments found for chromosome 'unassigned-0000623'
     1x: No alignments found for chromosome 'unassigned-0000625'
     1x: No alignments found for chromosome 'unassigned-0000629'
     1x: No alignments found for chromosome 'unassigned-0000631'
     1x: No alignments found for chromosome 'unassigned-0000638'
     1x: No alignments found for chromosome 'unassigned-0000639'
     1x: No alignments found for chromosome 'unassigned-0000642'
     1x: No alignments found for chromosome 'unassigned-0000648'
     1x: No alignments found for chromosome 'unassigned-0000651'
     1x: No alignments found for chromosome 'unassigned-0000654'
     1x: No alignments found for chromosome 'unassigned-0000656'
     1x: No alignments found for chromosome 'unassigned-0000657'
     1x: No alignments found for chromosome 'unassigned-0000662'
     1x: No overlapping alignments found for region 135058-135087 even with 10000bp window
     1x: No alignments found for chromosome 'unassigned-0000665'
     1x: No alignments found for chromosome 'unassigned-0000666'
     1x: No alignments found for chromosome 'unassigned-0000667'
     1x: No alignments found for chromosome 'unassigned-0000674'
     1x: No alignments found for chromosome 'unassigned-0000677'
     1x: No alignments found for chromosome 'unassigned-0000679'
     1x: No alignments found for chromosome 'unassigned-0000685'
     1x: No alignments found for chromosome 'unassigned-0000689'
     1x: No alignments found for chromosome 'unassigned-0000697'
     1x: No alignments found for chromosome 'unassigned-0000699'
     1x: No alignments found for chromosome 'unassigned-0000700'
     1x: No alignments found for chromosome 'unassigned-0000702'
     1x: No overlapping alignments found for region 835676-847798 even with 10000bp window
     1x: No overlapping alignments found for region 965875-970672 even with 10000bp window
     1x: No overlapping alignments found for region 1059103-1064304 even with 10000bp window
     1x: No overlapping alignments found for region 1492137-1526560 even with 10000bp window
     1x: No alignments found for chromosome 'unassigned-0000715'
     1x: No alignments found for chromosome 'unassigned-0000717'
     1x: No overlapping alignments found for region 139262-145474 even with 10000bp window
     1x: No alignments found for chromosome 'unassigned-0000730'
     1x: No alignments found for chromosome 'unassigned-0000733'
     1x: No alignments found for chromosome 'unassigned-0000737'
     1x: No alignments found for chromosome 'unassigned-0000742'
     1x: No alignments found for chromosome 'unassigned-0000749'
     1x: No alignments found for chromosome 'unassigned-0000753'
     1x: No alignments found for chromosome 'unassigned-0000754'
     1x: No alignments found for chromosome 'unassigned-0000758'
     1x: No overlapping alignments found for region 327898-327925 even with 10000bp window
     1x: No alignments found for chromosome 'unassigned-0000760'
     1x: No alignments found for chromosome 'unassigned-0000762'
     1x: No alignments found for chromosome 'unassigned-0000763'
     1x: No alignments found for chromosome 'unassigned-0000766'
     1x: No alignments found for chromosome 'unassigned-0000769'
     1x: No alignments found for chromosome 'unassigned-0000770'
     1x: No alignments found for chromosome 'unassigned-0000774'
     1x: No alignments found for chromosome 'unassigned-0000778'
     1x: No alignments found for chromosome 'unassigned-0000779'
     1x: No alignments found for chromosome 'unassigned-0000785'
     1x: No alignments found for chromosome 'unassigned-0000790'
     1x: No alignments found for chromosome 'unassigned-0000795'
     1x: No alignments found for chromosome 'unassigned-0000797'
     1x: No alignments found for chromosome 'unassigned-0000808'
     1x: No overlapping alignments found for region 0-10329 even with 10000bp window
     1x: No overlapping alignments found for region 14493-15155 even with 10000bp window
     1x: No overlapping alignments found for region 129356-147123 even with 10000bp window
     1x: No overlapping alignments found for region 599762-641174 even with 10000bp window
     1x: No overlapping alignments found for region 888955-899609 even with 10000bp window
     1x: No overlapping alignments found for region 1189485-1191343 even with 10000bp window
     1x: No overlapping alignments found for region 1985319-1989936 even with 10000bp window
     1x: No overlapping alignments found for region 1991696-2005008 even with 10000bp window
     1x: No overlapping alignments found for region 2015551-2028750 even with 10000bp window
     1x: No overlapping alignments found for region 2460839-2482832 even with 10000bp window
     1x: No overlapping alignments found for region 2571547-2586747 even with 10000bp window
     1x: No overlapping alignments found for region 2665853-2665878 even with 10000bp window
     1x: No alignments found for chromosome 'unassigned-0000812'
     1x: No alignments found for chromosome 'unassigned-0000820'
     1x: No alignments found for chromosome 'unassigned-0000826'
     1x: No alignments found for chromosome 'unassigned-0000827'
     1x: No alignments found for chromosome 'unassigned-0000829'
     1x: No alignments found for chromosome 'unassigned-0000835'
     1x: No alignments found for chromosome 'unassigned-0000836'
     1x: No alignments found for chromosome 'unassigned-0000838'
     1x: No alignments found for chromosome 'unassigned-0000839'
     1x: No alignments found for chromosome 'unassigned-0000847'
     1x: No alignments found for chromosome 'unassigned-0000865'
     1x: No alignments found for chromosome 'unassigned-0000868'
     1x: No alignments found for chromosome 'unassigned-0000872'
     1x: No alignments found for chromosome 'unassigned-0000895'
     1x: No alignments found for chromosome 'unassigned-0000897'
     1x: No alignments found for chromosome 'unassigned-0000898'
     1x: No alignments found for chromosome 'unassigned-0000901'
     1x: No alignments found for chromosome 'unassigned-0000903'
     1x: No alignments found for chromosome 'unassigned-0000921'
     1x: No alignments found for chromosome 'unassigned-0000922'
     1x: No alignments found for chromosome 'unassigned-0000923'
     1x: No alignments found for chromosome 'unassigned-0000935'
     1x: No overlapping alignments found for region 4789-4790 even with 10000bp window
     1x: No overlapping alignments found for region 5010-5011 even with 10000bp window
     1x: No overlapping alignments found for region 13670-15840 even with 10000bp window
     1x: No overlapping alignments found for region 45048-53025 even with 10000bp window
     1x: No overlapping alignments found for region 58107-60276 even with 10000bp window
     1x: No overlapping alignments found for region 95617-110080 even with 10000bp window
     1x: No overlapping alignments found for region 141905-149156 even with 10000bp window
     1x: No overlapping alignments found for region 200493-200494 even with 10000bp window
     1x: No overlapping alignments found for region 202218-202219 even with 10000bp window
     1x: No overlapping alignments found for region 202223-202224 even with 10000bp window
     1x: No overlapping alignments found for region 202294-202295 even with 10000bp window
     1x: No overlapping alignments found for region 209251-209252 even with 10000bp window
     1x: No overlapping alignments found for region 209765-209767 even with 10000bp window
     1x: No overlapping alignments found for region 209769-209770 even with 10000bp window
     1x: No overlapping alignments found for region 209772-209773 even with 10000bp window
     1x: No overlapping alignments found for region 209817-209818 even with 10000bp window
     1x: No overlapping alignments found for region 209997-209998 even with 10000bp window
     1x: No overlapping alignments found for region 210159-210162 even with 10000bp window
     1x: No overlapping alignments found for region 210266-210267 even with 10000bp window
     1x: No overlapping alignments found for region 210334-210335 even with 10000bp window
     1x: No overlapping alignments found for region 210456-210457 even with 10000bp window
     1x: No overlapping alignments found for region 210486-210487 even with 10000bp window
     1x: No alignments found for chromosome 'unassigned-0000943'
     1x: No alignments found for chromosome 'unassigned-0000958'
     1x: No alignments found for chromosome 'unassigned-0000978'
     1x: No alignments found for chromosome 'unassigned-0000980'
     1x: No alignments found for chromosome 'unassigned-0000986'
     1x: No alignments found for chromosome 'unassigned-0000993'
     1x: No alignments found for chromosome 'unassigned-0000997'
     1x: No alignments found for chromosome 'unassigned-0000999'
     1x: No alignments found for chromosome 'unassigned-0001003'
     1x: No alignments found for chromosome 'unassigned-0001004'
     1x: No alignments found for chromosome 'unassigned-0001008'
     1x: No alignments found for chromosome 'unassigned-0001009'
     1x: No alignments found for chromosome 'unassigned-0001010'
     1x: No alignments found for chromosome 'unassigned-0001013'
     1x: No alignments found for chromosome 'unassigned-0001015'
     1x: No alignments found for chromosome 'unassigned-0001016'
     1x: No alignments found for chromosome 'unassigned-0001021'
     1x: No alignments found for chromosome 'unassigned-0001024'
     1x: No alignments found for chromosome 'unassigned-0001025'
     1x: No alignments found for chromosome 'unassigned-0001039'
     1x: No alignments found for chromosome 'unassigned-0001043'
     1x: No alignments found for chromosome 'unassigned-0001047'
     1x: No alignments found for chromosome 'unassigned-0001054'
     1x: No alignments found for chromosome 'unassigned-0001055'
     1x: No alignments found for chromosome 'unassigned-0001059'
     1x: No alignments found for chromosome 'unassigned-0001062'
     1x: No alignments found for chromosome 'unassigned-0001063'
     1x: No alignments found for chromosome 'unassigned-0001076'
     1x: No alignments found for chromosome 'unassigned-0001080'
     1x: No alignments found for chromosome 'unassigned-0001081'
     1x: No alignments found for chromosome 'unassigned-0001083'
     1x: No alignments found for chromosome 'unassigned-0001085'
     1x: No alignments found for chromosome 'unassigned-0001093'
     1x: No alignments found for chromosome 'unassigned-0001105'
     1x: No alignments found for chromosome 'unassigned-0001107'
     1x: No alignments found for chromosome 'unassigned-0001113'
     1x: No alignments found for chromosome 'unassigned-0001120'
     1x: No alignments found for chromosome 'unassigned-0001132'
     1x: No overlapping alignments found for region 0-13 even with 10000bp window
     1x: No overlapping alignments found for region 59-60 even with 10000bp window
     1x: No overlapping alignments found for region 65-66 even with 10000bp window
     1x: No overlapping alignments found for region 1631-1632 even with 10000bp window
     1x: No overlapping alignments found for region 1877-1878 even with 10000bp window
     1x: No overlapping alignments found for region 2595-2596 even with 10000bp window
     1x: No overlapping alignments found for region 3660-3661 even with 10000bp window
     1x: No overlapping alignments found for region 3819-3820 even with 10000bp window
     1x: No overlapping alignments found for region 3826-3827 even with 10000bp window
     1x: No overlapping alignments found for region 4027-4030 even with 10000bp window
     1x: No overlapping alignments found for region 4722-4723 even with 10000bp window
     1x: No overlapping alignments found for region 4861-4862 even with 10000bp window
     1x: No overlapping alignments found for region 5142-5143 even with 10000bp window
     1x: No overlapping alignments found for region 6441-6447 even with 10000bp window
     1x: No overlapping alignments found for region 8008-8009 even with 10000bp window
     1x: No overlapping alignments found for region 9137-9138 even with 10000bp window
     1x: No overlapping alignments found for region 10240-10241 even with 10000bp window
     1x: No overlapping alignments found for region 10838-10839 even with 10000bp window
     1x: No overlapping alignments found for region 11225-11226 even with 10000bp window
     1x: No overlapping alignments found for region 11270-11271 even with 10000bp window
     1x: No overlapping alignments found for region 11714-11715 even with 10000bp window
     1x: No overlapping alignments found for region 12063-12064 even with 10000bp window
     1x: No overlapping alignments found for region 12606-12607 even with 10000bp window
     1x: No overlapping alignments found for region 14296-14297 even with 10000bp window
     1x: No overlapping alignments found for region 14625-14626 even with 10000bp window
     1x: No overlapping alignments found for region 14746-14747 even with 10000bp window
     1x: No overlapping alignments found for region 14990-14991 even with 10000bp window
     1x: No overlapping alignments found for region 15024-15025 even with 10000bp window
     1x: No overlapping alignments found for region 15232-15235 even with 10000bp window
     1x: No overlapping alignments found for region 15346-15347 even with 10000bp window
     1x: No overlapping alignments found for region 15354-15355 even with 10000bp window
     1x: No overlapping alignments found for region 16102-16103 even with 10000bp window
     1x: No overlapping alignments found for region 16576-16577 even with 10000bp window
     1x: No overlapping alignments found for region 17054-17055 even with 10000bp window
     1x: No overlapping alignments found for region 17100-17101 even with 10000bp window
     1x: No overlapping alignments found for region 18304-18305 even with 10000bp window
     1x: No overlapping alignments found for region 19112-19113 even with 10000bp window
     1x: No overlapping alignments found for region 19167-19168 even with 10000bp window
     1x: No overlapping alignments found for region 19320-19321 even with 10000bp window
     1x: No overlapping alignments found for region 21976-21977 even with 10000bp window
     1x: No overlapping alignments found for region 24494-24495 even with 10000bp window
     1x: No overlapping alignments found for region 25250-25253 even with 10000bp window
     1x: No overlapping alignments found for region 25494-25496 even with 10000bp window
     1x: No overlapping alignments found for region 25518-25519 even with 10000bp window
     1x: No overlapping alignments found for region 25555-25556 even with 10000bp window
     1x: No overlapping alignments found for region 25575-25576 even with 10000bp window
     1x: No overlapping alignments found for region 26169-26174 even with 10000bp window
     1x: No overlapping alignments found for region 26181-26182 even with 10000bp window
     1x: No overlapping alignments found for region 26788-26790 even with 10000bp window
     1x: No overlapping alignments found for region 27804-27805 even with 10000bp window
     1x: No overlapping alignments found for region 29944-29945 even with 10000bp window
     1x: No overlapping alignments found for region 29949-29950 even with 10000bp window
     1x: No overlapping alignments found for region 30450-30451 even with 10000bp window
     1x: No overlapping alignments found for region 34900-34901 even with 10000bp window
     1x: No overlapping alignments found for region 37304-37305 even with 10000bp window
     1x: No overlapping alignments found for region 48425-48428 even with 10000bp window
     1x: No overlapping alignments found for region 70627-70628 even with 10000bp window
     1x: No alignments found for chromosome 'unassigned-0001138'
     1x: No alignments found for chromosome 'unassigned-0001142'
     1x: No alignments found for chromosome 'unassigned-0001143'
     1x: No alignments found for chromosome 'unassigned-0001150'
     1x: No alignments found for chromosome 'unassigned-0001162'
     1x: No alignments found for chromosome 'unassigned-0001171'
     1x: No alignments found for chromosome 'unassigned-0001173'
     1x: No alignments found for chromosome 'unassigned-0001174'
     1x: No alignments found for chromosome 'unassigned-0001178'
     1x: No alignments found for chromosome 'unassigned-0001180'
     1x: No alignments found for chromosome 'unassigned-0001182'
     1x: No alignments found for chromosome 'unassigned-0001184'
Original regions: 41365
Lifted regions: 37285
Unmapped regions: 8160
Success rate: 82.00%
