id,window,forward_repeat_number,reverse_repeat_number,telomeric_repeat
haplotype2-0001203_Start,1000,0,0,TTAGGG
haplotype2-0001204_Start,1000,0,0,TTAGGG
haplotype2-0001205_Start,1000,0,0,TTAGGG
haplotype2-0001206_Start,1000,0,0,TTAGGG
haplotype2-0001207_Start,1000,0,0,TTAGGG
haplotype2-0001208_Start,1000,0,0,TTAGGG
haplotype2-0001209_Start,1000,0,1,TTAGGG
haplotype2-0001210_Start,1000,0,0,TTAGGG
haplotype2-0001211_Start,1000,0,0,TTAGGG
haplotype2-0001212_Start,1000,0,0,TTAGGG
haplotype2-0001213_Start,1000,0,0,TTAGGG
haplotype2-0001214_Start,1000,0,0,TTAGGG
haplotype2-0001215_Start,1000,0,0,TTAGGG
haplotype2-0001216_Start,1000,1,0,TTAGGG
haplotype2-0001217_Start,1000,0,0,TTAGGG
haplotype2-0001218_Start,1000,0,0,TTAGGG
haplotype2-0001219_Start,1000,0,0,TTAGGG
haplotype2-0001220_Start,1000,0,0,TTAGGG
haplotype2-0001221_Start,1000,0,0,TTAGGG
haplotype2-0001222_Start,1000,0,0,TTAGGG
haplotype2-0001223_Start,1000,1,1,TTAGGG
haplotype2-0001224_Start,1000,0,0,TTAGGG
haplotype2-0001225_Start,1000,0,1,TTAGGG
haplotype2-0001226_Start,1000,0,0,TTAGGG
haplotype2-0001227_Start,1000,0,0,TTAGGG
haplotype2-0001228_Start,1000,0,0,TTAGGG
haplotype2-0001229_Start,1000,1,0,TTAGGG
haplotype2-0001230_Start,1000,0,0,TTAGGG
haplotype2-0001231_Start,1000,2,0,TTAGGG
haplotype2-0001232_Start,1000,0,0,TTAGGG
haplotype2-0001233_Start,1000,0,0,TTAGGG
haplotype2-0001234_Start,1000,0,0,TTAGGG
haplotype2-0001235_Start,1000,0,0,TTAGGG
haplotype2-0001236_Start,1000,0,0,TTAGGG
haplotype2-0001237_Start,1000,0,1,TTAGGG
haplotype2-0001238_Start,1000,1,0,TTAGGG
haplotype2-0001239_Start,1000,0,1,TTAGGG
haplotype2-0001240_Start,1000,0,0,TTAGGG
haplotype2-0001241_Start,1000,0,0,TTAGGG
haplotype2-0001242_Start,1000,0,1,TTAGGG
haplotype2-0001243_Start,1000,0,0,TTAGGG
haplotype2-0001244_Start,1000,0,0,TTAGGG
haplotype2-0001245_Start,1000,0,0,TTAGGG
haplotype2-0001246_Start,1000,0,0,TTAGGG
haplotype2-0001247_Start,1000,0,0,TTAGGG
haplotype2-0001248_Start,1000,0,0,TTAGGG
haplotype2-0001249_Start,1000,1,0,TTAGGG
haplotype2-0001250_Start,1000,0,0,TTAGGG
haplotype2-0001251_Start,1000,0,0,TTAGGG
haplotype2-0001252_Start,1000,0,0,TTAGGG
haplotype2-0001253_Start,1000,0,0,TTAGGG
haplotype2-0001254_Start,1000,0,0,TTAGGG
haplotype2-0001255_Start,1000,0,0,TTAGGG
haplotype2-0001256_Start,1000,0,0,TTAGGG
haplotype2-0001257_Start,1000,2,0,TTAGGG
haplotype2-0001258_Start,1000,0,0,TTAGGG
haplotype2-0001259_Start,1000,1,2,TTAGGG
haplotype2-0001260_Start,1000,3,0,TTAGGG
haplotype2-0001261_Start,1000,1,1,TTAGGG
haplotype2-0001262_Start,1000,2,0,TTAGGG
haplotype2-0001263_Start,1000,0,0,TTAGGG
haplotype2-0001264_Start,1000,0,163,TTAGGG
haplotype2-0001265_Start,1000,0,0,TTAGGG
haplotype2-0001266_Start,1000,1,0,TTAGGG
haplotype2-0001267_Start,1000,0,0,TTAGGG
haplotype2-0001268_Start,1000,0,0,TTAGGG
haplotype2-0001269_Start,1000,0,0,TTAGGG
haplotype2-0001270_Start,1000,1,0,TTAGGG
haplotype2-0001271_Start,1000,0,0,TTAGGG
haplotype2-0001272_Start,1000,0,0,TTAGGG
haplotype2-0001273_Start,1000,0,0,TTAGGG
haplotype2-0001274_Start,1000,0,0,TTAGGG
haplotype2-0001275_Start,1000,0,0,TTAGGG
haplotype2-0001276_Start,1000,2,0,TTAGGG
haplotype2-0001277_Start,1000,0,0,TTAGGG
haplotype2-0001278_Start,1000,0,0,TTAGGG
haplotype2-0001279_Start,1000,0,0,TTAGGG
haplotype2-0001280_Start,1000,0,0,TTAGGG
haplotype2-0001281_Start,1000,0,0,TTAGGG
haplotype2-0001282_Start,1000,1,0,TTAGGG
haplotype2-0001283_Start,1000,0,0,TTAGGG
haplotype2-0001284_Start,1000,0,0,TTAGGG
haplotype2-0001285_Start,1000,0,0,TTAGGG
haplotype2-0001286_Start,1000,0,0,TTAGGG
haplotype2-0001287_Start,1000,1,0,TTAGGG
haplotype2-0001288_Start,1000,0,3,TTAGGG
haplotype2-0001289_Start,1000,0,0,TTAGGG
haplotype2-0001290_Start,1000,0,0,TTAGGG
haplotype2-0001291_Start,1000,0,0,TTAGGG
haplotype2-0001292_Start,1000,0,0,TTAGGG
haplotype2-0001293_Start,1000,0,0,TTAGGG
haplotype2-0001294_Start,1000,0,0,TTAGGG
haplotype2-0001295_Start,1000,0,0,TTAGGG
haplotype2-0001296_Start,1000,1,0,TTAGGG
haplotype2-0001297_Start,1000,0,0,TTAGGG
haplotype2-0001298_Start,1000,0,0,TTAGGG
haplotype2-0001299_Start,1000,0,1,TTAGGG
haplotype2-0001300_Start,1000,0,1,TTAGGG
haplotype2-0001301_Start,1000,0,0,TTAGGG
haplotype2-0001302_Start,1000,0,0,TTAGGG
haplotype2-0001303_Start,1000,0,0,TTAGGG
haplotype2-0001304_Start,1000,0,0,TTAGGG
haplotype2-0001305_Start,1000,1,0,TTAGGG
haplotype2-0001306_Start,1000,1,0,TTAGGG
haplotype2-0001307_Start,1000,0,0,TTAGGG
haplotype2-0001308_Start,1000,0,0,TTAGGG
haplotype2-0001309_Start,1000,0,0,TTAGGG
haplotype2-0001310_Start,1000,0,0,TTAGGG
haplotype2-0001311_Start,1000,0,0,TTAGGG
haplotype2-0001312_Start,1000,0,0,TTAGGG
haplotype2-0001313_Start,1000,0,0,TTAGGG
haplotype2-0001314_Start,1000,1,0,TTAGGG
haplotype2-0001315_Start,1000,0,165,TTAGGG
haplotype2-0001316_Start,1000,0,0,TTAGGG
haplotype2-0001317_Start,1000,0,0,TTAGGG
haplotype2-0001318_Start,1000,0,0,TTAGGG
haplotype2-0001319_Start,1000,0,0,TTAGGG
haplotype2-0001320_Start,1000,0,0,TTAGGG
haplotype2-0001321_Start,1000,0,1,TTAGGG
haplotype2-0001322_Start,1000,0,0,TTAGGG
haplotype2-0001323_Start,1000,0,1,TTAGGG
haplotype2-0001324_Start,1000,0,0,TTAGGG
haplotype2-0001325_Start,1000,1,0,TTAGGG
haplotype2-0001326_Start,1000,0,0,TTAGGG
haplotype2-0001327_Start,1000,0,0,TTAGGG
haplotype2-0001328_Start,1000,0,0,TTAGGG
haplotype2-0001329_Start,1000,0,0,TTAGGG
haplotype2-0001330_Start,1000,0,0,TTAGGG
haplotype2-0001331_Start,1000,0,0,TTAGGG
haplotype2-0001332_Start,1000,0,1,TTAGGG
haplotype2-0001333_Start,1000,0,0,TTAGGG
haplotype2-0001334_Start,1000,0,0,TTAGGG
haplotype2-0001335_Start,1000,0,0,TTAGGG
haplotype2-0001336_Start,1000,0,0,TTAGGG
haplotype2-0001337_Start,1000,0,0,TTAGGG
haplotype2-0001338_Start,1000,2,0,TTAGGG
haplotype2-0001339_Start,1000,0,0,TTAGGG
haplotype2-0001340_Start,1000,0,0,TTAGGG
haplotype2-0001341_Start,1000,0,0,TTAGGG
haplotype2-0001342_Start,1000,1,1,TTAGGG
haplotype2-0001343_Start,1000,0,1,TTAGGG
haplotype2-0001344_Start,1000,0,1,TTAGGG
haplotype2-0001345_Start,1000,0,0,TTAGGG
haplotype2-0001346_Start,1000,0,0,TTAGGG
haplotype2-0001347_Start,1000,0,0,TTAGGG
haplotype2-0001348_Start,1000,0,0,TTAGGG
haplotype2-0001349_Start,1000,1,0,TTAGGG
haplotype2-0001350_Start,1000,1,0,TTAGGG
haplotype2-0001351_Start,1000,0,0,TTAGGG
haplotype2-0001352_Start,1000,0,0,TTAGGG
haplotype2-0001353_Start,1000,1,0,TTAGGG
haplotype2-0001354_Start,1000,0,0,TTAGGG
haplotype2-0001355_Start,1000,0,1,TTAGGG
haplotype2-0001356_Start,1000,0,0,TTAGGG
haplotype2-0001357_Start,1000,0,0,TTAGGG
haplotype2-0001358_Start,1000,0,1,TTAGGG
haplotype2-0001359_Start,1000,0,1,TTAGGG
haplotype2-0001360_Start,1000,0,0,TTAGGG
haplotype2-0001361_Start,1000,0,0,TTAGGG
haplotype2-0001362_Start,1000,1,0,TTAGGG
haplotype2-0001363_Start,1000,0,0,TTAGGG
haplotype2-0001364_Start,1000,0,0,TTAGGG
haplotype2-0001365_Start,1000,2,0,TTAGGG
haplotype2-0001366_Start,1000,1,0,TTAGGG
haplotype2-0001367_Start,1000,0,0,TTAGGG
haplotype2-0001368_Start,1000,0,0,TTAGGG
haplotype2-0001369_Start,1000,0,0,TTAGGG
haplotype2-0001370_Start,1000,0,0,TTAGGG
haplotype2-0001371_Start,1000,0,0,TTAGGG
haplotype2-0001372_Start,1000,0,0,TTAGGG
haplotype2-0001373_Start,1000,0,2,TTAGGG
haplotype2-0001374_Start,1000,0,0,TTAGGG
haplotype2-0001375_Start,1000,0,1,TTAGGG
haplotype2-0001376_Start,1000,0,0,TTAGGG
haplotype2-0001377_Start,1000,0,1,TTAGGG
haplotype2-0001378_Start,1000,0,0,TTAGGG
haplotype2-0001379_Start,1000,0,0,TTAGGG
haplotype2-0001380_Start,1000,0,0,TTAGGG
haplotype2-0001381_Start,1000,0,0,TTAGGG
haplotype2-0001382_Start,1000,0,0,TTAGGG
haplotype2-0001383_Start,1000,1,0,TTAGGG
haplotype2-0001384_Start,1000,0,0,TTAGGG
haplotype2-0001385_Start,1000,0,0,TTAGGG
haplotype2-0001386_Start,1000,0,1,TTAGGG
haplotype2-0001387_Start,1000,0,0,TTAGGG
haplotype2-0001388_Start,1000,0,0,TTAGGG
haplotype2-0001389_Start,1000,0,0,TTAGGG
haplotype2-0001390_Start,1000,2,0,TTAGGG
haplotype2-0001391_Start,1000,0,0,TTAGGG
haplotype2-0001392_Start,1000,0,0,TTAGGG
haplotype2-0001393_Start,1000,0,1,TTAGGG
haplotype2-0001394_Start,1000,1,0,TTAGGG
haplotype2-0001395_Start,1000,0,0,TTAGGG
haplotype2-0001396_Start,1000,0,0,TTAGGG
haplotype2-0001397_Start,1000,0,0,TTAGGG
haplotype2-0001398_Start,1000,0,0,TTAGGG
haplotype2-0001399_Start,1000,0,0,TTAGGG
haplotype2-0001400_Start,1000,0,0,TTAGGG
haplotype2-0001401_Start,1000,0,0,TTAGGG
haplotype2-0001402_Start,1000,0,0,TTAGGG
haplotype2-0001403_Start,1000,1,1,TTAGGG
haplotype2-0001404_Start,1000,0,0,TTAGGG
haplotype2-0001405_Start,1000,0,0,TTAGGG
haplotype2-0001406_Start,1000,0,1,TTAGGG
haplotype2-0001407_Start,1000,0,0,TTAGGG
haplotype2-0001408_Start,1000,0,0,TTAGGG
haplotype2-0001409_Start,1000,1,1,TTAGGG
haplotype2-0001410_Start,1000,0,0,TTAGGG
haplotype2-0001411_Start,1000,0,0,TTAGGG
haplotype2-0001412_Start,1000,0,0,TTAGGG
haplotype2-0001413_Start,1000,0,0,TTAGGG
haplotype2-0001414_Start,1000,0,0,TTAGGG
haplotype2-0001415_Start,1000,0,0,TTAGGG
haplotype2-0001416_Start,1000,0,0,TTAGGG
haplotype2-0001417_Start,1000,0,0,TTAGGG
haplotype2-0001418_Start,1000,0,0,TTAGGG
haplotype2-0001419_Start,1000,0,0,TTAGGG
haplotype2-0001420_Start,1000,0,0,TTAGGG
haplotype2-0001421_Start,1000,0,0,TTAGGG
haplotype2-0001422_Start,1000,1,0,TTAGGG
haplotype2-0001423_Start,1000,0,0,TTAGGG
haplotype2-0001424_Start,1000,0,1,TTAGGG
haplotype2-0001425_Start,1000,2,1,TTAGGG
haplotype2-0001426_Start,1000,0,0,TTAGGG
haplotype2-0001427_Start,1000,1,0,TTAGGG
haplotype2-0001428_Start,1000,0,0,TTAGGG
haplotype2-0001429_Start,1000,0,0,TTAGGG
haplotype2-0001430_Start,1000,0,1,TTAGGG
haplotype2-0001431_Start,1000,0,0,TTAGGG
haplotype2-0001432_Start,1000,1,0,TTAGGG
haplotype2-0001433_Start,1000,0,0,TTAGGG
haplotype2-0001434_Start,1000,1,0,TTAGGG
haplotype2-0001435_Start,1000,1,0,TTAGGG
haplotype2-0001436_Start,1000,0,0,TTAGGG
haplotype2-0001437_Start,1000,0,0,TTAGGG
haplotype2-0001438_Start,1000,0,0,TTAGGG
haplotype2-0001439_Start,1000,0,0,TTAGGG
haplotype2-0001440_Start,1000,0,0,TTAGGG
haplotype2-0001441_Start,1000,0,0,TTAGGG
haplotype2-0001442_Start,1000,1,0,TTAGGG
haplotype2-0001443_Start,1000,0,0,TTAGGG
haplotype2-0001444_Start,1000,0,0,TTAGGG
haplotype2-0001445_Start,1000,0,0,TTAGGG
haplotype2-0001446_Start,1000,0,0,TTAGGG
haplotype2-0001447_Start,1000,1,0,TTAGGG
haplotype2-0001448_Start,1000,0,0,TTAGGG
haplotype2-0001449_Start,1000,0,0,TTAGGG
haplotype2-0001450_Start,1000,1,0,TTAGGG
haplotype2-0001451_Start,1000,0,0,TTAGGG
haplotype2-0001452_Start,1000,0,0,TTAGGG
haplotype2-0001453_Start,1000,0,0,TTAGGG
haplotype2-0001454_Start,1000,0,0,TTAGGG
haplotype2-0001455_Start,1000,0,0,TTAGGG
haplotype2-0001456_Start,1000,0,0,TTAGGG
haplotype2-0001457_Start,1000,0,0,TTAGGG
haplotype2-0001458_Start,1000,0,0,TTAGGG
haplotype2-0001459_Start,1000,0,1,TTAGGG
haplotype2-0001460_Start,1000,0,0,TTAGGG
haplotype2-0001461_Start,1000,0,0,TTAGGG
haplotype2-0001462_Start,1000,0,0,TTAGGG
haplotype2-0001463_Start,1000,0,0,TTAGGG
haplotype2-0001464_Start,1000,0,0,TTAGGG
haplotype2-0001465_Start,1000,0,0,TTAGGG
haplotype2-0001466_Start,1000,0,0,TTAGGG
haplotype2-0001467_Start,1000,0,0,TTAGGG
haplotype2-0001468_Start,1000,0,1,TTAGGG
haplotype2-0001469_Start,1000,0,0,TTAGGG
haplotype2-0001470_Start,1000,0,0,TTAGGG
haplotype2-0001471_Start,1000,0,0,TTAGGG
haplotype2-0001472_Start,1000,0,1,TTAGGG
haplotype2-0001473_Start,1000,0,1,TTAGGG
haplotype2-0001474_Start,1000,0,0,TTAGGG
haplotype2-0001475_Start,1000,0,0,TTAGGG
haplotype2-0001476_Start,1000,0,0,TTAGGG
haplotype2-0001477_Start,1000,0,0,TTAGGG
haplotype2-0001478_Start,1000,0,1,TTAGGG
haplotype2-0001479_Start,1000,1,0,TTAGGG
haplotype2-0001480_Start,1000,0,0,TTAGGG
haplotype2-0001481_Start,1000,0,0,TTAGGG
haplotype2-0001482_Start,1000,0,0,TTAGGG
haplotype2-0001483_Start,1000,0,0,TTAGGG
haplotype2-0001484_Start,1000,0,0,TTAGGG
haplotype2-0001485_Start,1000,0,1,TTAGGG
haplotype2-0001486_Start,1000,0,0,TTAGGG
haplotype2-0001487_Start,1000,1,0,TTAGGG
haplotype2-0001488_Start,1000,0,0,TTAGGG
haplotype2-0001489_Start,1000,1,0,TTAGGG
haplotype2-0001490_Start,1000,0,0,TTAGGG
haplotype2-0001491_Start,1000,0,0,TTAGGG
haplotype2-0001492_Start,1000,0,1,TTAGGG
haplotype2-0001493_Start,1000,1,0,TTAGGG
haplotype2-0001494_Start,1000,0,1,TTAGGG
haplotype2-0001495_Start,1000,1,0,TTAGGG
haplotype2-0001496_Start,1000,0,0,TTAGGG
haplotype2-0001497_Start,1000,0,2,TTAGGG
haplotype2-0001498_Start,1000,0,0,TTAGGG
haplotype2-0001499_Start,1000,0,0,TTAGGG
haplotype2-0001500_Start,1000,0,0,TTAGGG
haplotype2-0001501_Start,1000,0,0,TTAGGG
haplotype2-0001502_Start,1000,0,0,TTAGGG
haplotype2-0001503_Start,1000,0,0,TTAGGG
haplotype2-0001504_Start,1000,0,0,TTAGGG
haplotype2-0001505_Start,1000,0,0,TTAGGG
haplotype2-0001506_Start,1000,1,0,TTAGGG
haplotype2-0001507_Start,1000,0,1,TTAGGG
haplotype2-0001508_Start,1000,0,0,TTAGGG
haplotype2-0001509_Start,1000,0,0,TTAGGG
haplotype2-0001510_Start,1000,0,0,TTAGGG
haplotype2-0001511_Start,1000,1,1,TTAGGG
haplotype2-0001512_Start,1000,1,0,TTAGGG
haplotype2-0001513_Start,1000,0,0,TTAGGG
haplotype2-0001514_Start,1000,0,0,TTAGGG
haplotype2-0001515_Start,1000,0,0,TTAGGG
haplotype2-0001516_Start,1000,0,0,TTAGGG
haplotype2-0001517_Start,1000,0,0,TTAGGG
haplotype2-0001518_Start,1000,0,0,TTAGGG
haplotype2-0001519_Start,1000,0,0,TTAGGG
haplotype2-0001520_Start,1000,0,0,TTAGGG
haplotype2-0001521_Start,1000,0,0,TTAGGG
haplotype2-0001522_Start,1000,0,1,TTAGGG
haplotype2-0001523_Start,1000,0,1,TTAGGG
haplotype2-0001524_Start,1000,0,0,TTAGGG
haplotype2-0001525_Start,1000,1,1,TTAGGG
haplotype2-0001526_Start,1000,2,1,TTAGGG
haplotype2-0001527_Start,1000,0,0,TTAGGG
haplotype2-0001528_Start,1000,0,0,TTAGGG
haplotype2-0001529_Start,1000,0,0,TTAGGG
haplotype2-0001530_Start,1000,0,0,TTAGGG
haplotype2-0001531_Start,1000,1,0,TTAGGG
haplotype2-0001532_Start,1000,0,0,TTAGGG
haplotype2-0001533_Start,1000,0,0,TTAGGG
haplotype2-0001534_Start,1000,1,0,TTAGGG
haplotype2-0001535_Start,1000,1,0,TTAGGG
haplotype2-0001536_Start,1000,0,1,TTAGGG
haplotype2-0001537_Start,1000,1,0,TTAGGG
haplotype2-0001538_Start,1000,1,0,TTAGGG
haplotype2-0001539_Start,1000,0,0,TTAGGG
haplotype2-0001540_Start,1000,0,1,TTAGGG
haplotype2-0001541_Start,1000,1,0,TTAGGG
haplotype2-0001542_Start,1000,0,0,TTAGGG
haplotype2-0001543_Start,1000,1,0,TTAGGG
haplotype2-0001544_Start,1000,0,0,TTAGGG
haplotype2-0001545_Start,1000,0,1,TTAGGG
haplotype2-0001546_Start,1000,1,0,TTAGGG
haplotype2-0001547_Start,1000,1,0,TTAGGG
haplotype2-0001548_Start,1000,1,0,TTAGGG
haplotype2-0001549_Start,1000,1,0,TTAGGG
haplotype2-0001550_Start,1000,1,0,TTAGGG
haplotype2-0001551_Start,1000,0,0,TTAGGG
haplotype2-0001552_Start,1000,0,0,TTAGGG
haplotype2-0001553_Start,1000,0,0,TTAGGG
haplotype2-0001554_Start,1000,0,0,TTAGGG
haplotype2-0001555_Start,1000,0,1,TTAGGG
haplotype2-0001556_Start,1000,0,0,TTAGGG
haplotype2-0001557_Start,1000,1,1,TTAGGG
haplotype2-0001558_Start,1000,0,0,TTAGGG
haplotype2-0001559_Start,1000,0,0,TTAGGG
haplotype2-0001560_Start,1000,0,1,TTAGGG
haplotype2-0001561_Start,1000,0,0,TTAGGG
haplotype2-0001562_Start,1000,0,0,TTAGGG
haplotype2-0001563_Start,1000,0,0,TTAGGG
haplotype2-0001564_Start,1000,1,1,TTAGGG
haplotype2-0001565_Start,1000,0,1,TTAGGG
haplotype2-0001566_Start,1000,1,0,TTAGGG
haplotype2-0001567_Start,1000,0,1,TTAGGG
haplotype2-0001568_Start,1000,0,0,TTAGGG
haplotype2-0001569_Start,1000,0,1,TTAGGG
haplotype2-0001570_Start,1000,0,1,TTAGGG
haplotype2-0001571_Start,1000,1,0,TTAGGG
haplotype2-0001572_Start,1000,1,0,TTAGGG
haplotype2-0001573_Start,1000,0,0,TTAGGG
haplotype2-0001574_Start,1000,0,1,TTAGGG
haplotype2-0001575_Start,1000,1,0,TTAGGG
haplotype2-0001576_Start,1000,0,0,TTAGGG
haplotype2-0001577_Start,1000,0,0,TTAGGG
haplotype2-0001578_Start,1000,0,0,TTAGGG
haplotype2-0001579_Start,1000,0,0,TTAGGG
haplotype2-0001580_Start,1000,0,0,TTAGGG
haplotype2-0001581_Start,1000,0,1,TTAGGG
haplotype2-0001582_Start,1000,1,0,TTAGGG
haplotype2-0001583_Start,1000,0,1,TTAGGG
haplotype2-0001584_Start,1000,0,0,TTAGGG
haplotype2-0001585_Start,1000,0,0,TTAGGG
haplotype2-0001586_Start,1000,0,0,TTAGGG
haplotype2-0001587_Start,1000,0,0,TTAGGG
haplotype2-0001588_Start,1000,1,0,TTAGGG
haplotype2-0001589_Start,1000,0,0,TTAGGG
haplotype2-0001590_Start,1000,0,1,TTAGGG
haplotype2-0001591_Start,1000,0,0,TTAGGG
haplotype2-0001592_Start,1000,0,0,TTAGGG
haplotype2-0001593_Start,1000,0,0,TTAGGG
haplotype2-0001594_Start,1000,0,1,TTAGGG
haplotype2-0001595_Start,1000,0,0,TTAGGG
haplotype2-0001596_Start,1000,0,0,TTAGGG
haplotype2-0001597_Start,1000,0,0,TTAGGG
haplotype2-0001598_Start,1000,0,0,TTAGGG
haplotype2-0001599_Start,1000,0,1,TTAGGG
haplotype2-0001600_Start,1000,0,0,TTAGGG
haplotype2-0001601_Start,1000,0,0,TTAGGG
haplotype2-0001602_Start,1000,0,0,TTAGGG
haplotype2-0001603_Start,1000,0,0,TTAGGG
haplotype2-0001604_Start,1000,0,0,TTAGGG
haplotype2-0001605_Start,1000,0,0,TTAGGG
haplotype2-0001606_Start,1000,0,0,TTAGGG
haplotype2-0001607_Start,1000,0,0,TTAGGG
haplotype2-0001608_Start,1000,0,0,TTAGGG
haplotype2-0001609_Start,1000,0,0,TTAGGG
haplotype2-0001610_Start,1000,0,1,TTAGGG
haplotype2-0001611_Start,1000,0,0,TTAGGG
haplotype2-0001612_Start,1000,0,1,TTAGGG
haplotype2-0001613_Start,1000,0,0,TTAGGG
haplotype2-0001614_Start,1000,0,0,TTAGGG
haplotype2-0001615_Start,1000,0,0,TTAGGG
haplotype2-0001616_Start,1000,2,0,TTAGGG
haplotype2-0001617_Start,1000,4,0,TTAGGG
haplotype2-0001618_Start,1000,0,0,TTAGGG
haplotype2-0001619_Start,1000,0,0,TTAGGG
haplotype2-0001620_Start,1000,0,0,TTAGGG
haplotype2-0001621_Start,1000,0,0,TTAGGG
haplotype2-0001622_Start,1000,0,0,TTAGGG
haplotype2-0001623_Start,1000,1,0,TTAGGG
haplotype2-0001624_Start,1000,1,0,TTAGGG
haplotype2-0001625_Start,1000,0,0,TTAGGG
haplotype2-0001626_Start,1000,0,0,TTAGGG
haplotype2-0001627_Start,1000,0,0,TTAGGG
haplotype2-0001628_Start,1000,0,0,TTAGGG
haplotype2-0001629_Start,1000,0,0,TTAGGG
haplotype2-0001630_Start,1000,0,0,TTAGGG
haplotype2-0001631_Start,1000,1,0,TTAGGG
haplotype2-0001632_Start,1000,0,0,TTAGGG
haplotype2-0001633_Start,1000,0,0,TTAGGG
haplotype2-0001634_Start,1000,0,0,TTAGGG
haplotype2-0001635_Start,1000,0,0,TTAGGG
haplotype2-0001636_Start,1000,0,0,TTAGGG
haplotype2-0001637_Start,1000,0,0,TTAGGG
haplotype2-0001638_Start,1000,0,0,TTAGGG
haplotype2-0001639_Start,1000,1,0,TTAGGG
haplotype2-0001640_Start,1000,0,0,TTAGGG
haplotype2-0001641_Start,1000,0,0,TTAGGG
haplotype2-0001642_Start,1000,0,0,TTAGGG
haplotype2-0001643_Start,1000,0,0,TTAGGG
haplotype2-0001644_Start,1000,0,0,TTAGGG
haplotype2-0001645_Start,1000,0,0,TTAGGG
haplotype2-0001646_Start,1000,0,0,TTAGGG
haplotype2-0001647_Start,1000,0,0,TTAGGG
haplotype2-0001648_Start,1000,0,0,TTAGGG
haplotype2-0001649_Start,1000,0,0,TTAGGG
haplotype2-0001650_Start,1000,1,1,TTAGGG
haplotype2-0001651_Start,1000,1,0,TTAGGG
haplotype2-0001652_Start,1000,0,164,TTAGGG
haplotype2-0001653_Start,1000,0,1,TTAGGG
haplotype2-0001654_Start,1000,0,0,TTAGGG
haplotype2-0001655_Start,1000,0,1,TTAGGG
haplotype2-0001656_Start,1000,0,0,TTAGGG
haplotype2-0001657_Start,1000,0,0,TTAGGG
haplotype2-0001658_Start,1000,0,0,TTAGGG
haplotype2-0001659_Start,1000,0,0,TTAGGG
haplotype2-0001660_Start,1000,0,0,TTAGGG
haplotype2-0001661_Start,1000,0,0,TTAGGG
haplotype2-0001662_Start,1000,0,0,TTAGGG
haplotype2-0001663_Start,1000,0,0,TTAGGG
haplotype2-0001664_Start,1000,0,1,TTAGGG
haplotype2-0001665_Start,1000,0,0,TTAGGG
haplotype2-0001666_Start,1000,0,1,TTAGGG
haplotype2-0001667_Start,1000,0,1,TTAGGG
haplotype2-0001668_Start,1000,0,1,TTAGGG
haplotype2-0001669_Start,1000,0,0,TTAGGG
haplotype2-0001670_Start,1000,0,0,TTAGGG
haplotype2-0001671_Start,1000,0,0,TTAGGG
haplotype2-0001672_Start,1000,0,0,TTAGGG
haplotype2-0001673_Start,1000,0,0,TTAGGG
haplotype2-0001674_Start,1000,0,1,TTAGGG
haplotype2-0001675_Start,1000,0,0,TTAGGG
haplotype2-0001676_Start,1000,0,0,TTAGGG
haplotype2-0001677_Start,1000,0,0,TTAGGG
haplotype2-0001678_Start,1000,1,0,TTAGGG
haplotype2-0001679_Start,1000,0,0,TTAGGG
haplotype2-0001680_Start,1000,0,0,TTAGGG
haplotype2-0001681_Start,1000,0,2,TTAGGG
haplotype2-0001682_Start,1000,0,1,TTAGGG
haplotype2-0001683_Start,1000,1,1,TTAGGG
haplotype2-0001684_Start,1000,0,0,TTAGGG
haplotype2-0001685_Start,1000,0,0,TTAGGG
haplotype2-0001686_Start,1000,0,1,TTAGGG
haplotype2-0001687_Start,1000,0,0,TTAGGG
haplotype2-0001688_Start,1000,0,0,TTAGGG
haplotype2-0001689_Start,1000,0,0,TTAGGG
haplotype2-0001690_Start,1000,0,0,TTAGGG
haplotype2-0001691_Start,1000,0,1,TTAGGG
haplotype2-0001692_Start,1000,0,0,TTAGGG
haplotype2-0001693_Start,1000,0,0,TTAGGG
haplotype2-0001694_Start,1000,0,0,TTAGGG
haplotype2-0001695_Start,1000,0,2,TTAGGG
haplotype2-0001696_Start,1000,1,0,TTAGGG
haplotype2-0001697_Start,1000,0,0,TTAGGG
haplotype2-0001698_Start,1000,0,0,TTAGGG
haplotype2-0001699_Start,1000,0,0,TTAGGG
haplotype2-0001700_Start,1000,1,0,TTAGGG
haplotype2-0001701_Start,1000,1,0,TTAGGG
haplotype2-0001702_Start,1000,0,0,TTAGGG
haplotype2-0001703_Start,1000,0,0,TTAGGG
haplotype2-0001704_Start,1000,0,0,TTAGGG
haplotype2-0001705_Start,1000,0,0,TTAGGG
haplotype2-0001706_Start,1000,0,0,TTAGGG
haplotype2-0001707_Start,1000,0,1,TTAGGG
haplotype2-0001708_Start,1000,0,0,TTAGGG
haplotype2-0001709_Start,1000,0,0,TTAGGG
haplotype2-0001710_Start,1000,0,0,TTAGGG
haplotype2-0001711_Start,1000,0,0,TTAGGG
haplotype2-0001712_Start,1000,1,0,TTAGGG
haplotype2-0001713_Start,1000,0,0,TTAGGG
haplotype2-0001714_Start,1000,0,0,TTAGGG
haplotype2-0001715_Start,1000,1,0,TTAGGG
haplotype2-0001716_Start,1000,0,0,TTAGGG
haplotype2-0001717_Start,1000,0,0,TTAGGG
haplotype2-0001718_Start,1000,0,0,TTAGGG
haplotype2-0001719_Start,1000,1,0,TTAGGG
haplotype2-0001720_Start,1000,1,0,TTAGGG
haplotype2-0001721_Start,1000,0,0,TTAGGG
haplotype2-0001722_Start,1000,0,0,TTAGGG
haplotype2-0001723_Start,1000,0,0,TTAGGG
haplotype2-0001724_Start,1000,0,1,TTAGGG
haplotype2-0001725_Start,1000,0,0,TTAGGG
haplotype2-0001726_Start,1000,1,0,TTAGGG
haplotype2-0001727_Start,1000,0,0,TTAGGG
haplotype2-0001728_Start,1000,0,0,TTAGGG
haplotype2-0001729_Start,1000,0,0,TTAGGG
haplotype2-0001730_Start,1000,0,0,TTAGGG
haplotype2-0001731_Start,1000,0,1,TTAGGG
haplotype2-0001732_Start,1000,0,0,TTAGGG
haplotype2-0001733_Start,1000,0,0,TTAGGG
haplotype2-0001734_Start,1000,0,0,TTAGGG
haplotype2-0001735_Start,1000,0,0,TTAGGG
haplotype2-0001736_Start,1000,0,0,TTAGGG
haplotype2-0001737_Start,1000,0,0,TTAGGG
haplotype2-0001738_Start,1000,0,1,TTAGGG
haplotype2-0001739_Start,1000,0,0,TTAGGG
haplotype2-0001740_Start,1000,0,0,TTAGGG
haplotype2-0001741_Start,1000,0,0,TTAGGG
haplotype2-0001742_Start,1000,0,0,TTAGGG
haplotype2-0001743_Start,1000,0,0,TTAGGG
haplotype2-0001744_Start,1000,1,0,TTAGGG
haplotype2-0001745_Start,1000,0,0,TTAGGG
haplotype2-0001746_Start,1000,0,0,TTAGGG
haplotype2-0001747_Start,1000,1,0,TTAGGG
haplotype2-0001748_Start,1000,1,0,TTAGGG
haplotype2-0001749_Start,1000,0,0,TTAGGG
haplotype2-0001750_Start,1000,1,0,TTAGGG
haplotype2-0001751_Start,1000,0,0,TTAGGG
haplotype2-0001752_Start,1000,0,0,TTAGGG
haplotype2-0001753_Start,1000,0,0,TTAGGG
haplotype2-0001754_Start,1000,0,0,TTAGGG
haplotype2-0001755_Start,1000,0,0,TTAGGG
haplotype2-0001756_Start,1000,0,0,TTAGGG
haplotype2-0001757_Start,1000,0,0,TTAGGG
haplotype2-0001758_Start,1000,0,0,TTAGGG
haplotype2-0001759_Start,1000,0,1,TTAGGG
haplotype2-0001760_Start,1000,2,0,TTAGGG
haplotype2-0001761_Start,1000,0,0,TTAGGG
haplotype2-0001762_Start,1000,0,0,TTAGGG
haplotype2-0001763_Start,1000,0,0,TTAGGG
haplotype2-0001764_Start,1000,0,0,TTAGGG
haplotype2-0001765_Start,1000,0,0,TTAGGG
haplotype2-0001766_Start,1000,0,0,TTAGGG
haplotype2-0001767_Start,1000,0,0,TTAGGG
haplotype2-0001768_Start,1000,0,0,TTAGGG
haplotype2-0001769_Start,1000,0,0,TTAGGG
haplotype2-0001770_Start,1000,0,0,TTAGGG
haplotype2-0001771_Start,1000,0,0,TTAGGG
haplotype2-0001772_Start,1000,0,0,TTAGGG
haplotype2-0001773_Start,1000,0,0,TTAGGG
haplotype2-0001774_Start,1000,0,0,TTAGGG
haplotype2-0001775_Start,1000,0,0,TTAGGG
haplotype2-0001776_Start,1000,0,0,TTAGGG
haplotype2-0001777_Start,1000,1,0,TTAGGG
haplotype2-0001778_Start,1000,0,0,TTAGGG
haplotype2-0001779_Start,1000,0,0,TTAGGG
haplotype2-0001780_Start,1000,0,0,TTAGGG
haplotype2-0001781_Start,1000,1,2,TTAGGG
haplotype2-0001782_Start,1000,1,1,TTAGGG
haplotype2-0001783_Start,1000,1,0,TTAGGG
haplotype2-0001784_Start,1000,1,0,TTAGGG
haplotype2-0001785_Start,1000,0,0,TTAGGG
haplotype2-0001786_Start,1000,0,0,TTAGGG
haplotype2-0001787_Start,1000,0,0,TTAGGG
haplotype2-0001788_Start,1000,0,0,TTAGGG
haplotype2-0001789_Start,1000,0,0,TTAGGG
haplotype2-0001790_Start,1000,1,0,TTAGGG
haplotype2-0001791_Start,1000,0,0,TTAGGG
haplotype2-0001792_Start,1000,0,0,TTAGGG
haplotype2-0001793_Start,1000,0,0,TTAGGG
haplotype2-0001794_Start,1000,0,0,TTAGGG
haplotype2-0001795_Start,1000,1,0,TTAGGG
haplotype2-0001796_Start,1000,0,1,TTAGGG
haplotype2-0001797_Start,1000,2,0,TTAGGG
haplotype2-0001798_Start,1000,0,0,TTAGGG
haplotype2-0001799_Start,1000,0,0,TTAGGG
haplotype2-0001800_Start,1000,0,0,TTAGGG
haplotype2-0001801_Start,1000,0,0,TTAGGG
haplotype2-0001802_Start,1000,0,0,TTAGGG
haplotype2-0001803_Start,1000,0,0,TTAGGG
haplotype2-0001804_Start,1000,1,0,TTAGGG
haplotype2-0001805_Start,1000,1,0,TTAGGG
haplotype2-0001806_Start,1000,0,0,TTAGGG
haplotype2-0001807_Start,1000,1,0,TTAGGG
haplotype2-0001808_Start,1000,0,2,TTAGGG
haplotype2-0001809_Start,1000,0,0,TTAGGG
haplotype2-0001810_Start,1000,0,1,TTAGGG
haplotype2-0001811_Start,1000,1,1,TTAGGG
haplotype2-0001812_Start,1000,0,0,TTAGGG
haplotype2-0001813_Start,1000,0,0,TTAGGG
haplotype2-0001814_Start,1000,0,0,TTAGGG
haplotype2-0001815_Start,1000,0,0,TTAGGG
haplotype2-0001816_Start,1000,0,1,TTAGGG
haplotype2-0001817_Start,1000,1,0,TTAGGG
haplotype2-0001818_Start,1000,1,1,TTAGGG
haplotype2-0001819_Start,1000,1,0,TTAGGG
haplotype2-0001820_Start,1000,0,0,TTAGGG
haplotype2-0001821_Start,1000,0,0,TTAGGG
haplotype2-0001822_Start,1000,1,1,TTAGGG
haplotype2-0001823_Start,1000,1,2,TTAGGG
haplotype2-0001824_Start,1000,0,0,TTAGGG
haplotype2-0001825_Start,1000,0,0,TTAGGG
haplotype2-0001826_Start,1000,0,0,TTAGGG
haplotype2-0001827_Start,1000,0,0,TTAGGG
haplotype2-0001828_Start,1000,0,0,TTAGGG
haplotype2-0001829_Start,1000,0,0,TTAGGG
haplotype2-0001830_Start,1000,0,1,TTAGGG
haplotype2-0001831_Start,1000,0,0,TTAGGG
haplotype2-0001832_Start,1000,0,0,TTAGGG
haplotype2-0001833_Start,1000,0,0,TTAGGG
haplotype2-0001834_Start,1000,0,0,TTAGGG
haplotype2-0001835_Start,1000,0,0,TTAGGG
haplotype2-0001836_Start,1000,1,0,TTAGGG
haplotype2-0001837_Start,1000,0,0,TTAGGG
haplotype2-0001838_Start,1000,0,0,TTAGGG
haplotype2-0001839_Start,1000,0,0,TTAGGG
haplotype2-0001840_Start,1000,0,0,TTAGGG
haplotype2-0001841_Start,1000,0,0,TTAGGG
haplotype2-0001842_Start,1000,0,0,TTAGGG
haplotype2-0001843_Start,1000,0,1,TTAGGG
haplotype2-0001844_Start,1000,0,1,TTAGGG
haplotype2-0001845_Start,1000,0,1,TTAGGG
haplotype2-0001846_Start,1000,1,0,TTAGGG
haplotype2-0001847_Start,1000,0,1,TTAGGG
haplotype2-0001848_Start,1000,0,0,TTAGGG
haplotype2-0001849_Start,1000,0,0,TTAGGG
haplotype2-0001850_Start,1000,1,1,TTAGGG
haplotype2-0001851_Start,1000,0,0,TTAGGG
haplotype2-0001852_Start,1000,0,0,TTAGGG
haplotype2-0001853_Start,1000,0,0,TTAGGG
haplotype2-0001854_Start,1000,0,0,TTAGGG
haplotype2-0001855_Start,1000,0,1,TTAGGG
haplotype2-0001856_Start,1000,0,0,TTAGGG
haplotype2-0001857_Start,1000,0,2,TTAGGG
haplotype2-0001858_Start,1000,1,0,TTAGGG
haplotype2-0001859_Start,1000,0,0,TTAGGG
haplotype2-0001860_Start,1000,0,0,TTAGGG
haplotype2-0001861_Start,1000,1,1,TTAGGG
haplotype2-0001862_Start,1000,0,0,TTAGGG
haplotype2-0001863_Start,1000,0,0,TTAGGG
haplotype2-0001864_Start,1000,0,1,TTAGGG
haplotype2-0001865_Start,1000,0,0,TTAGGG
haplotype2-0001866_Start,1000,0,0,TTAGGG
haplotype2-0001867_Start,1000,0,0,TTAGGG
haplotype2-0001868_Start,1000,0,1,TTAGGG
haplotype2-0001869_Start,1000,0,0,TTAGGG
haplotype2-0001870_Start,1000,0,0,TTAGGG
haplotype2-0001871_Start,1000,0,0,TTAGGG
haplotype2-0001872_Start,1000,0,0,TTAGGG
haplotype2-0001873_Start,1000,0,0,TTAGGG
haplotype2-0001874_Start,1000,1,0,TTAGGG
haplotype2-0001875_Start,1000,0,0,TTAGGG
haplotype2-0001876_Start,1000,0,0,TTAGGG
haplotype2-0001877_Start,1000,0,0,TTAGGG
haplotype2-0001878_Start,1000,0,1,TTAGGG
haplotype2-0001879_Start,1000,0,0,TTAGGG
haplotype2-0001880_Start,1000,0,0,TTAGGG
haplotype2-0001881_Start,1000,0,0,TTAGGG
haplotype2-0001882_Start,1000,0,0,TTAGGG
haplotype2-0001883_Start,1000,0,0,TTAGGG
haplotype2-0001884_Start,1000,0,0,TTAGGG
haplotype2-0001885_Start,1000,1,1,TTAGGG
haplotype2-0001886_Start,1000,0,0,TTAGGG
haplotype2-0001887_Start,1000,0,0,TTAGGG
haplotype2-0001888_Start,1000,0,0,TTAGGG
haplotype2-0001889_Start,1000,2,0,TTAGGG
haplotype2-0001890_Start,1000,0,0,TTAGGG
haplotype2-0001891_Start,1000,0,0,TTAGGG
haplotype2-0001892_Start,1000,0,0,TTAGGG
haplotype2-0001893_Start,1000,0,0,TTAGGG
haplotype2-0001894_Start,1000,0,0,TTAGGG
haplotype2-0001895_Start,1000,0,0,TTAGGG
haplotype2-0001896_Start,1000,0,0,TTAGGG
haplotype2-0001897_Start,1000,0,1,TTAGGG
haplotype2-0001898_Start,1000,0,0,TTAGGG
haplotype2-0001899_Start,1000,0,0,TTAGGG
haplotype2-0001900_Start,1000,2,1,TTAGGG
haplotype2-0001901_Start,1000,0,1,TTAGGG
haplotype2-0001902_Start,1000,0,1,TTAGGG
haplotype2-0001903_Start,1000,2,0,TTAGGG
haplotype2-0001904_Start,1000,0,1,TTAGGG
haplotype2-0001905_Start,1000,0,0,TTAGGG
haplotype2-0001906_Start,1000,0,0,TTAGGG
haplotype2-0001907_Start,1000,0,1,TTAGGG
haplotype2-0001908_Start,1000,0,0,TTAGGG
haplotype2-0001909_Start,1000,0,0,TTAGGG
haplotype2-0001910_Start,1000,0,0,TTAGGG
haplotype2-0001911_Start,1000,0,0,TTAGGG
haplotype2-0001912_Start,1000,0,0,TTAGGG
haplotype2-0001913_Start,1000,0,0,TTAGGG
haplotype2-0001914_Start,1000,0,0,TTAGGG
haplotype2-0001915_Start,1000,1,0,TTAGGG
haplotype2-0001916_Start,1000,1,0,TTAGGG
haplotype2-0001917_Start,1000,0,0,TTAGGG
haplotype2-0001918_Start,1000,1,0,TTAGGG
haplotype2-0001919_Start,1000,0,0,TTAGGG
haplotype2-0001920_Start,1000,1,0,TTAGGG
haplotype2-0001921_Start,1000,0,0,TTAGGG
haplotype2-0001922_Start,1000,0,0,TTAGGG
haplotype2-0001923_Start,1000,0,0,TTAGGG
haplotype2-0001924_Start,1000,0,0,TTAGGG
haplotype2-0001925_Start,1000,0,0,TTAGGG
haplotype2-0001926_Start,1000,0,0,TTAGGG
haplotype2-0001927_Start,1000,1,0,TTAGGG
haplotype2-0001928_Start,1000,0,0,TTAGGG
haplotype2-0001929_Start,1000,0,0,TTAGGG
haplotype2-0001930_Start,1000,0,0,TTAGGG
haplotype2-0001931_Start,1000,0,0,TTAGGG
haplotype2-0001932_Start,1000,0,0,TTAGGG
haplotype2-0001933_Start,1000,0,0,TTAGGG
haplotype2-0001934_Start,1000,2,0,TTAGGG
haplotype2-0001935_Start,1000,0,0,TTAGGG
haplotype2-0001936_Start,1000,0,0,TTAGGG
haplotype2-0001937_Start,1000,0,0,TTAGGG
haplotype2-0001938_Start,1000,0,0,TTAGGG
haplotype2-0001939_Start,1000,0,0,TTAGGG
haplotype2-0001940_Start,1000,0,0,TTAGGG
haplotype2-0001941_Start,1000,0,1,TTAGGG
haplotype2-0001942_Start,1000,0,0,TTAGGG
haplotype2-0001943_Start,1000,0,0,TTAGGG
haplotype2-0001944_Start,1000,0,0,TTAGGG
haplotype2-0001945_Start,1000,0,0,TTAGGG
haplotype2-0001946_Start,1000,0,0,TTAGGG
haplotype2-0001947_Start,1000,0,0,TTAGGG
haplotype2-0001948_Start,1000,0,0,TTAGGG
haplotype2-0001949_Start,1000,1,1,TTAGGG
haplotype2-0001950_Start,1000,0,0,TTAGGG
haplotype2-0001951_Start,1000,2,0,TTAGGG
haplotype2-0001952_Start,1000,0,0,TTAGGG
haplotype2-0001953_Start,1000,0,0,TTAGGG
haplotype2-0001954_Start,1000,1,2,TTAGGG
haplotype2-0001955_Start,1000,0,0,TTAGGG
haplotype2-0001956_Start,1000,1,0,TTAGGG
haplotype2-0001957_Start,1000,2,0,TTAGGG
haplotype2-0001958_Start,1000,0,0,TTAGGG
haplotype2-0001959_Start,1000,0,1,TTAGGG
haplotype2-0001960_Start,1000,0,0,TTAGGG
haplotype2-0001961_Start,1000,0,0,TTAGGG
haplotype2-0001962_Start,1000,1,0,TTAGGG
haplotype2-0001963_Start,1000,0,0,TTAGGG
haplotype2-0001964_Start,1000,0,0,TTAGGG
haplotype2-0001965_Start,1000,1,0,TTAGGG
haplotype2-0001966_Start,1000,0,0,TTAGGG
haplotype2-0001967_Start,1000,0,0,TTAGGG
haplotype2-0001968_Start,1000,0,0,TTAGGG
haplotype2-0001969_Start,1000,0,0,TTAGGG
haplotype2-0001970_Start,1000,0,0,TTAGGG
haplotype2-0001971_Start,1000,0,0,TTAGGG
haplotype2-0001972_Start,1000,0,1,TTAGGG
haplotype2-0001973_Start,1000,0,1,TTAGGG
haplotype2-0001974_Start,1000,0,0,TTAGGG
haplotype2-0001975_Start,1000,0,0,TTAGGG
haplotype2-0001976_Start,1000,0,0,TTAGGG
haplotype2-0001977_Start,1000,1,0,TTAGGG
haplotype2-0001978_Start,1000,0,0,TTAGGG
haplotype2-0001979_Start,1000,0,0,TTAGGG
haplotype2-0001980_Start,1000,0,0,TTAGGG
haplotype2-0001981_Start,1000,0,0,TTAGGG
haplotype2-0001982_Start,1000,0,0,TTAGGG
haplotype2-0001983_Start,1000,0,0,TTAGGG
haplotype2-0001984_Start,1000,0,1,TTAGGG
haplotype2-0001985_Start,1000,1,0,TTAGGG
haplotype2-0001986_Start,1000,1,1,TTAGGG
haplotype2-0001987_Start,1000,0,1,TTAGGG
haplotype2-0001988_Start,1000,0,0,TTAGGG
haplotype2-0001989_Start,1000,0,1,TTAGGG
haplotype2-0001990_Start,1000,0,0,TTAGGG
haplotype2-0001991_Start,1000,2,0,TTAGGG
haplotype2-0001992_Start,1000,0,0,TTAGGG
haplotype2-0001993_Start,1000,0,0,TTAGGG
haplotype2-0001994_Start,1000,0,0,TTAGGG
haplotype2-0001995_Start,1000,0,0,TTAGGG
haplotype2-0001996_Start,1000,0,0,TTAGGG
haplotype2-0001997_Start,1000,0,0,TTAGGG
haplotype2-0001998_Start,1000,0,0,TTAGGG
haplotype2-0001999_Start,1000,0,0,TTAGGG
haplotype2-0002000_Start,1000,0,0,TTAGGG
haplotype2-0002001_Start,1000,0,0,TTAGGG
haplotype2-0002002_Start,1000,0,0,TTAGGG
haplotype2-0002003_Start,1000,0,0,TTAGGG
haplotype2-0002004_Start,1000,0,0,TTAGGG
haplotype2-0002005_Start,1000,0,0,TTAGGG
haplotype2-0002006_Start,1000,0,0,TTAGGG
haplotype2-0002007_Start,1000,0,0,TTAGGG
haplotype2-0002008_Start,1000,0,0,TTAGGG
haplotype2-0002009_Start,1000,0,0,TTAGGG
haplotype2-0002010_Start,1000,0,0,TTAGGG
haplotype2-0002011_Start,1000,0,0,TTAGGG
haplotype2-0002012_Start,1000,0,0,TTAGGG
haplotype2-0002013_Start,1000,3,0,TTAGGG
haplotype2-0002014_Start,1000,2,0,TTAGGG
haplotype2-0002015_Start,1000,0,0,TTAGGG
haplotype2-0002016_Start,1000,0,0,TTAGGG
haplotype2-0002017_Start,1000,0,1,TTAGGG
haplotype2-0002018_Start,1000,0,1,TTAGGG
haplotype2-0002019_Start,1000,0,0,TTAGGG
haplotype2-0002020_Start,1000,1,0,TTAGGG
haplotype2-0002021_Start,1000,0,0,TTAGGG
haplotype2-0002022_Start,1000,0,1,TTAGGG
haplotype2-0002023_Start,1000,0,0,TTAGGG
haplotype2-0002024_Start,1000,0,0,TTAGGG
haplotype2-0002025_Start,1000,0,0,TTAGGG
haplotype2-0002026_Start,1000,0,0,TTAGGG
haplotype2-0002027_Start,1000,0,0,TTAGGG
haplotype2-0002028_Start,1000,0,0,TTAGGG
haplotype2-0002029_Start,1000,0,0,TTAGGG
haplotype2-0002030_Start,1000,0,0,TTAGGG
haplotype2-0002031_Start,1000,0,0,TTAGGG
haplotype2-0002032_Start,1000,0,0,TTAGGG
haplotype2-0002033_Start,1000,0,0,TTAGGG
haplotype2-0002034_Start,1000,0,0,TTAGGG
haplotype2-0002035_Start,1000,0,0,TTAGGG
haplotype2-0002036_Start,1000,0,0,TTAGGG
haplotype2-0002037_Start,1000,0,0,TTAGGG
haplotype2-0002038_Start,1000,0,0,TTAGGG
haplotype2-0002039_Start,1000,0,2,TTAGGG
haplotype2-0002040_Start,1000,0,0,TTAGGG
haplotype2-0002041_Start,1000,1,0,TTAGGG
haplotype2-0002042_Start,1000,0,0,TTAGGG
haplotype2-0002043_Start,1000,0,0,TTAGGG
haplotype2-0002044_Start,1000,0,0,TTAGGG
haplotype2-0002045_Start,1000,0,0,TTAGGG
haplotype2-0002046_Start,1000,1,0,TTAGGG
haplotype2-0002047_Start,1000,0,0,TTAGGG
haplotype2-0002048_Start,1000,0,1,TTAGGG
haplotype2-0002049_Start,1000,0,1,TTAGGG
haplotype2-0002050_Start,1000,0,166,TTAGGG
haplotype2-0002051_Start,1000,0,0,TTAGGG
haplotype2-0002052_Start,1000,1,0,TTAGGG
haplotype2-0002053_Start,1000,0,0,TTAGGG
haplotype2-0002054_Start,1000,0,1,TTAGGG
haplotype2-0002055_Start,1000,0,0,TTAGGG
haplotype2-0002056_Start,1000,0,0,TTAGGG
haplotype2-0002057_Start,1000,0,0,TTAGGG
haplotype2-0002058_Start,1000,0,0,TTAGGG
haplotype2-0002059_Start,1000,0,0,TTAGGG
haplotype2-0002060_Start,1000,0,0,TTAGGG
haplotype2-0002061_Start,1000,0,0,TTAGGG
haplotype2-0002062_Start,1000,0,1,TTAGGG
haplotype2-0002063_Start,1000,0,1,TTAGGG
haplotype2-0002064_Start,1000,0,1,TTAGGG
haplotype2-0002065_Start,1000,1,0,TTAGGG
haplotype2-0002066_Start,1000,0,0,TTAGGG
haplotype2-0002067_Start,1000,0,1,TTAGGG
haplotype2-0002068_Start,1000,0,0,TTAGGG
haplotype2-0002069_Start,1000,0,0,TTAGGG
haplotype2-0002070_Start,1000,0,0,TTAGGG
haplotype2-0002071_Start,1000,0,0,TTAGGG
haplotype2-0002072_Start,1000,0,0,TTAGGG
haplotype2-0002073_Start,1000,1,1,TTAGGG
haplotype2-0002074_Start,1000,0,0,TTAGGG
haplotype2-0002075_Start,1000,0,0,TTAGGG
haplotype2-0002076_Start,1000,0,0,TTAGGG
haplotype2-0002077_Start,1000,0,0,TTAGGG
haplotype2-0002078_Start,1000,0,0,TTAGGG
haplotype2-0002079_Start,1000,0,1,TTAGGG
haplotype2-0002080_Start,1000,1,1,TTAGGG
haplotype2-0002081_Start,1000,1,0,TTAGGG
haplotype2-0002082_Start,1000,0,0,TTAGGG
haplotype2-0002083_Start,1000,0,0,TTAGGG
haplotype2-0002084_Start,1000,0,1,TTAGGG
haplotype2-0002085_Start,1000,0,0,TTAGGG
haplotype2-0002086_Start,1000,0,1,TTAGGG
haplotype2-0002087_Start,1000,0,1,TTAGGG
haplotype2-0002088_Start,1000,0,0,TTAGGG
haplotype2-0002089_Start,1000,0,0,TTAGGG
haplotype2-0002090_Start,1000,1,0,TTAGGG
haplotype2-0002091_Start,1000,0,1,TTAGGG
haplotype2-0002092_Start,1000,0,0,TTAGGG
haplotype2-0002093_Start,1000,0,2,TTAGGG
haplotype2-0002094_Start,1000,0,0,TTAGGG
haplotype2-0002095_Start,1000,0,0,TTAGGG
haplotype2-0002096_Start,1000,0,1,TTAGGG
haplotype2-0002097_Start,1000,0,0,TTAGGG
haplotype2-0002098_Start,1000,0,0,TTAGGG
haplotype2-0002099_Start,1000,0,0,TTAGGG
haplotype2-0002100_Start,1000,0,1,TTAGGG
haplotype2-0002101_Start,1000,0,1,TTAGGG
haplotype2-0002102_Start,1000,1,1,TTAGGG
haplotype2-0002103_Start,1000,0,1,TTAGGG
haplotype2-0002104_Start,1000,0,0,TTAGGG
haplotype2-0002105_Start,1000,0,0,TTAGGG
haplotype2-0002106_Start,1000,1,0,TTAGGG
haplotype2-0002107_Start,1000,0,0,TTAGGG
haplotype2-0002108_Start,1000,0,0,TTAGGG
haplotype2-0002109_Start,1000,0,0,TTAGGG
haplotype2-0002110_Start,1000,1,0,TTAGGG
haplotype2-0002111_Start,1000,0,0,TTAGGG
haplotype2-0002112_Start,1000,0,0,TTAGGG
haplotype2-0002113_Start,1000,0,0,TTAGGG
haplotype2-0002114_Start,1000,0,0,TTAGGG
haplotype2-0002115_Start,1000,0,0,TTAGGG
haplotype2-0002116_Start,1000,0,0,TTAGGG
haplotype2-0002117_Start,1000,0,163,TTAGGG
haplotype2-0002118_Start,1000,0,0,TTAGGG
haplotype2-0002119_Start,1000,0,0,TTAGGG
haplotype2-0002120_Start,1000,0,1,TTAGGG
haplotype2-0002121_Start,1000,0,0,TTAGGG
haplotype2-0002122_Start,1000,0,0,TTAGGG
haplotype2-0002123_Start,1000,0,0,TTAGGG
haplotype2-0002124_Start,1000,0,0,TTAGGG
haplotype2-0002125_Start,1000,0,0,TTAGGG
haplotype2-0002126_Start,1000,1,0,TTAGGG
haplotype2-0002127_Start,1000,1,0,TTAGGG
haplotype2-0002128_Start,1000,0,0,TTAGGG
haplotype2-0002129_Start,1000,1,0,TTAGGG
haplotype2-0002130_Start,1000,0,0,TTAGGG
haplotype2-0002131_Start,1000,0,0,TTAGGG
haplotype2-0002132_Start,1000,0,0,TTAGGG
haplotype2-0002133_Start,1000,0,0,TTAGGG
haplotype2-0002134_Start,1000,1,0,TTAGGG
haplotype2-0002135_Start,1000,1,0,TTAGGG
haplotype2-0002136_Start,1000,0,0,TTAGGG
haplotype2-0002137_Start,1000,0,0,TTAGGG
haplotype2-0002138_Start,1000,0,1,TTAGGG
haplotype2-0002139_Start,1000,0,0,TTAGGG
haplotype2-0002140_Start,1000,0,0,TTAGGG
haplotype2-0002141_Start,1000,1,0,TTAGGG
haplotype2-0002142_Start,1000,0,0,TTAGGG
haplotype2-0002143_Start,1000,0,0,TTAGGG
haplotype2-0002144_Start,1000,0,0,TTAGGG
haplotype2-0002145_Start,1000,0,1,TTAGGG
haplotype2-0002146_Start,1000,0,0,TTAGGG
haplotype2-0002147_Start,1000,0,0,TTAGGG
haplotype2-0002148_Start,1000,0,0,TTAGGG
haplotype2-0002149_Start,1000,0,0,TTAGGG
haplotype2-0002150_Start,1000,0,0,TTAGGG
haplotype2-0002151_Start,1000,0,0,TTAGGG
haplotype2-0002152_Start,1000,0,0,TTAGGG
haplotype2-0002153_Start,1000,0,0,TTAGGG
haplotype2-0002154_Start,1000,0,1,TTAGGG
haplotype2-0002155_Start,1000,0,1,TTAGGG
haplotype2-0002156_Start,1000,0,0,TTAGGG
haplotype2-0002157_Start,1000,1,0,TTAGGG
haplotype2-0002158_Start,1000,0,0,TTAGGG
haplotype2-0002159_Start,1000,0,0,TTAGGG
haplotype2-0002160_Start,1000,0,0,TTAGGG
haplotype2-0002161_Start,1000,0,0,TTAGGG
haplotype2-0002162_Start,1000,0,0,TTAGGG
haplotype2-0002163_Start,1000,0,0,TTAGGG
haplotype2-0002164_Start,1000,0,0,TTAGGG
haplotype2-0002165_Start,1000,0,0,TTAGGG
haplotype2-0002166_Start,1000,0,0,TTAGGG
haplotype2-0002167_Start,1000,0,0,TTAGGG
haplotype2-0002168_Start,1000,0,0,TTAGGG
haplotype2-0002169_Start,1000,0,0,TTAGGG
haplotype2-0002170_Start,1000,0,1,TTAGGG
haplotype2-0002171_Start,1000,2,0,TTAGGG
haplotype2-0002172_Start,1000,2,0,TTAGGG
haplotype2-0002173_Start,1000,0,0,TTAGGG
haplotype2-0002174_Start,1000,0,0,TTAGGG
haplotype2-0002175_Start,1000,0,0,TTAGGG
haplotype2-0002176_Start,1000,0,0,TTAGGG
haplotype2-0002177_Start,1000,1,1,TTAGGG
haplotype2-0002178_Start,1000,0,0,TTAGGG
haplotype2-0002179_Start,1000,0,0,TTAGGG
haplotype2-0002180_Start,1000,1,0,TTAGGG
haplotype2-0002181_Start,1000,1,0,TTAGGG
haplotype2-0002182_Start,1000,0,1,TTAGGG
haplotype2-0002183_Start,1000,1,0,TTAGGG
haplotype2-0002184_Start,1000,0,0,TTAGGG
haplotype2-0002185_Start,1000,0,0,TTAGGG
haplotype2-0002186_Start,1000,0,0,TTAGGG
haplotype2-0002187_Start,1000,0,0,TTAGGG
haplotype2-0002188_Start,1000,0,0,TTAGGG
haplotype2-0002189_Start,1000,0,0,TTAGGG
haplotype2-0002190_Start,1000,0,0,TTAGGG
haplotype2-0002191_Start,1000,0,0,TTAGGG
haplotype2-0002192_Start,1000,0,0,TTAGGG
haplotype2-0002193_Start,1000,0,0,TTAGGG
haplotype2-0002194_Start,1000,0,0,TTAGGG
haplotype2-0002195_Start,1000,0,0,TTAGGG
haplotype2-0002196_Start,1000,2,0,TTAGGG
haplotype2-0002197_Start,1000,0,0,TTAGGG
haplotype2-0002198_Start,1000,0,1,TTAGGG
haplotype2-0002199_Start,1000,0,1,TTAGGG
haplotype2-0002200_Start,1000,0,0,TTAGGG
haplotype2-0002201_Start,1000,0,0,TTAGGG
haplotype2-0002202_Start,1000,0,0,TTAGGG
haplotype2-0002203_Start,1000,0,0,TTAGGG
haplotype2-0002204_Start,1000,0,0,TTAGGG
haplotype2-0002205_Start,1000,0,1,TTAGGG
haplotype2-0002206_Start,1000,1,0,TTAGGG
haplotype2-0002207_Start,1000,0,0,TTAGGG
haplotype2-0002208_Start,1000,0,0,TTAGGG
haplotype2-0002209_Start,1000,0,0,TTAGGG
haplotype2-0002210_Start,1000,0,0,TTAGGG
haplotype2-0002211_Start,1000,1,0,TTAGGG
haplotype2-0002212_Start,1000,0,0,TTAGGG
haplotype2-0002213_Start,1000,0,0,TTAGGG
haplotype2-0002214_Start,1000,0,0,TTAGGG
haplotype2-0002215_Start,1000,0,0,TTAGGG
haplotype2-0002216_Start,1000,0,1,TTAGGG
haplotype2-0002217_Start,1000,0,0,TTAGGG
haplotype2-0002218_Start,1000,0,0,TTAGGG
haplotype2-0002219_Start,1000,0,0,TTAGGG
haplotype2-0002220_Start,1000,0,0,TTAGGG
haplotype2-0002221_Start,1000,0,0,TTAGGG
haplotype2-0002222_Start,1000,1,0,TTAGGG
haplotype2-0002223_Start,1000,0,0,TTAGGG
haplotype2-0002224_Start,1000,0,0,TTAGGG
haplotype2-0002225_Start,1000,0,1,TTAGGG
haplotype2-0002226_Start,1000,1,0,TTAGGG
haplotype2-0002227_Start,1000,0,0,TTAGGG
haplotype2-0002228_Start,1000,0,0,TTAGGG
haplotype2-0002229_Start,1000,0,0,TTAGGG
haplotype2-0002230_Start,1000,0,0,TTAGGG
haplotype2-0002231_Start,1000,2,0,TTAGGG
haplotype2-0002232_Start,1000,0,0,TTAGGG
haplotype2-0002233_Start,1000,0,1,TTAGGG
haplotype2-0002234_Start,1000,0,0,TTAGGG
haplotype2-0002235_Start,1000,0,0,TTAGGG
haplotype2-0002236_Start,1000,0,0,TTAGGG
haplotype2-0002237_Start,1000,0,0,TTAGGG
haplotype2-0002238_Start,1000,0,0,TTAGGG
haplotype2-0002239_Start,1000,0,0,TTAGGG
haplotype2-0002240_Start,1000,0,0,TTAGGG
haplotype2-0002241_Start,1000,0,0,TTAGGG
haplotype2-0002242_Start,1000,0,0,TTAGGG
haplotype2-0002243_Start,1000,0,0,TTAGGG
haplotype2-0002244_Start,1000,0,0,TTAGGG
haplotype2-0002245_Start,1000,0,1,TTAGGG
haplotype2-0002246_Start,1000,2,0,TTAGGG
haplotype2-0002247_Start,1000,0,0,TTAGGG
haplotype2-0002248_Start,1000,0,0,TTAGGG
haplotype2-0002249_Start,1000,0,0,TTAGGG
haplotype2-0002250_Start,1000,0,0,TTAGGG
haplotype2-0002251_Start,1000,0,0,TTAGGG
haplotype2-0002252_Start,1000,0,0,TTAGGG
haplotype2-0002253_Start,1000,0,0,TTAGGG
haplotype2-0002254_Start,1000,1,1,TTAGGG
haplotype2-0002255_Start,1000,0,0,TTAGGG
haplotype2-0002256_Start,1000,1,0,TTAGGG
haplotype2-0002257_Start,1000,0,0,TTAGGG
haplotype2-0002258_Start,1000,0,1,TTAGGG
haplotype2-0002259_Start,1000,0,0,TTAGGG
haplotype2-0002260_Start,1000,0,0,TTAGGG
haplotype2-0002261_Start,1000,0,0,TTAGGG
haplotype2-0002262_Start,1000,0,0,TTAGGG
haplotype2-0002263_Start,1000,0,0,TTAGGG
haplotype2-0002264_Start,1000,0,0,TTAGGG
haplotype2-0002265_Start,1000,0,0,TTAGGG
haplotype2-0002266_Start,1000,1,0,TTAGGG
haplotype2-0002267_Start,1000,0,0,TTAGGG
haplotype2-0002268_Start,1000,0,0,TTAGGG
haplotype2-0002269_Start,1000,0,0,TTAGGG
haplotype2-0002270_Start,1000,1,0,TTAGGG
haplotype2-0002271_Start,1000,0,0,TTAGGG
haplotype2-0002272_Start,1000,0,1,TTAGGG
haplotype2-0002273_Start,1000,0,0,TTAGGG
haplotype2-0002274_Start,1000,0,0,TTAGGG
haplotype2-0002275_Start,1000,0,0,TTAGGG
haplotype2-0002276_Start,1000,0,0,TTAGGG
haplotype2-0002277_Start,1000,0,0,TTAGGG
haplotype2-0002278_Start,1000,0,0,TTAGGG
haplotype2-0002279_Start,1000,0,0,TTAGGG
haplotype2-0002280_Start,1000,0,0,TTAGGG
haplotype2-0002281_Start,1000,0,0,TTAGGG
haplotype2-0002282_Start,1000,0,0,TTAGGG
haplotype2-0002283_Start,1000,0,0,TTAGGG
haplotype2-0002284_Start,1000,0,0,TTAGGG
haplotype2-0002285_Start,1000,1,0,TTAGGG
haplotype2-0002286_Start,1000,1,0,TTAGGG
haplotype2-0002287_Start,1000,0,0,TTAGGG
haplotype2-0002288_Start,1000,0,0,TTAGGG
haplotype2-0002289_Start,1000,0,0,TTAGGG
haplotype2-0002290_Start,1000,0,0,TTAGGG
haplotype2-0002291_Start,1000,0,0,TTAGGG
haplotype2-0002292_Start,1000,0,0,TTAGGG
haplotype2-0002293_Start,1000,0,0,TTAGGG
haplotype2-0002294_Start,1000,0,0,TTAGGG
haplotype2-0002295_Start,1000,0,1,TTAGGG
haplotype2-0002296_Start,1000,0,1,TTAGGG
haplotype2-0002297_Start,1000,0,0,TTAGGG
haplotype2-0002298_Start,1000,0,1,TTAGGG
haplotype2-0002299_Start,1000,0,1,TTAGGG
haplotype2-0002300_Start,1000,0,0,TTAGGG
haplotype2-0002301_Start,1000,0,1,TTAGGG
haplotype2-0002302_Start,1000,0,0,TTAGGG
haplotype2-0002303_Start,1000,0,0,TTAGGG
haplotype2-0002304_Start,1000,0,0,TTAGGG
haplotype2-0002305_Start,1000,0,0,TTAGGG
haplotype2-0002306_Start,1000,0,0,TTAGGG
haplotype2-0002307_Start,1000,1,0,TTAGGG
haplotype2-0002308_Start,1000,1,0,TTAGGG
haplotype2-0002309_Start,1000,0,0,TTAGGG
haplotype2-0002310_Start,1000,0,0,TTAGGG
haplotype2-0002311_Start,1000,0,0,TTAGGG
haplotype2-0002312_Start,1000,0,0,TTAGGG
haplotype2-0002313_Start,1000,0,1,TTAGGG
haplotype2-0002314_Start,1000,0,0,TTAGGG
haplotype2-0002315_Start,1000,0,0,TTAGGG
haplotype2-0002316_Start,1000,0,0,TTAGGG
haplotype2-0002317_Start,1000,0,0,TTAGGG
haplotype2-0002318_Start,1000,0,0,TTAGGG
haplotype2-0002319_Start,1000,1,0,TTAGGG
haplotype2-0002320_Start,1000,0,0,TTAGGG
haplotype2-0002321_Start,1000,0,0,TTAGGG
haplotype2-0002322_Start,1000,0,0,TTAGGG
haplotype2-0002323_Start,1000,0,1,TTAGGG
haplotype2-0002324_Start,1000,0,0,TTAGGG
haplotype2-0002325_Start,1000,0,0,TTAGGG
haplotype2-0002326_Start,1000,0,0,TTAGGG
haplotype2-0002327_Start,1000,0,0,TTAGGG
haplotype2-0002328_Start,1000,0,0,TTAGGG
haplotype2-0002329_Start,1000,0,0,TTAGGG
haplotype2-0002330_Start,1000,0,0,TTAGGG
haplotype2-0002331_Start,1000,1,0,TTAGGG
haplotype2-0002332_Start,1000,0,0,TTAGGG
haplotype2-0002333_Start,1000,0,0,TTAGGG
haplotype2-0002334_Start,1000,0,0,TTAGGG
haplotype2-0002335_Start,1000,0,0,TTAGGG
haplotype2-0002336_Start,1000,0,1,TTAGGG
haplotype2-0002337_Start,1000,0,0,TTAGGG
haplotype2-0002338_Start,1000,0,0,TTAGGG
haplotype2-0002339_Start,1000,0,0,TTAGGG
haplotype2-0002340_Start,1000,1,0,TTAGGG
haplotype2-0002341_Start,1000,0,0,TTAGGG
haplotype2-0002342_Start,1000,0,0,TTAGGG
haplotype2-0002343_Start,1000,0,1,TTAGGG
haplotype2-0002344_Start,1000,0,0,TTAGGG
haplotype2-0002345_Start,1000,0,0,TTAGGG
haplotype2-0002346_Start,1000,0,0,TTAGGG
haplotype2-0002347_Start,1000,0,0,TTAGGG
haplotype2-0002348_Start,1000,0,0,TTAGGG
haplotype2-0002349_Start,1000,0,0,TTAGGG
haplotype2-0002350_Start,1000,1,0,TTAGGG
haplotype2-0002351_Start,1000,1,0,TTAGGG
haplotype2-0002352_Start,1000,0,0,TTAGGG
haplotype2-0002353_Start,1000,0,1,TTAGGG
haplotype2-0002354_Start,1000,0,0,TTAGGG
haplotype2-0002355_Start,1000,0,0,TTAGGG
haplotype2-0002356_Start,1000,0,0,TTAGGG
haplotype2-0002357_Start,1000,0,0,TTAGGG
haplotype2-0002358_Start,1000,0,0,TTAGGG
haplotype2-0002359_Start,1000,0,1,TTAGGG
haplotype2-0002360_Start,1000,0,1,TTAGGG
haplotype2-0002361_Start,1000,1,0,TTAGGG
haplotype2-0002362_Start,1000,0,0,TTAGGG
haplotype2-0002363_Start,1000,0,0,TTAGGG
haplotype2-0002364_Start,1000,0,0,TTAGGG
haplotype2-0002365_Start,1000,0,0,TTAGGG
haplotype2-0002366_Start,1000,0,0,TTAGGG
haplotype2-0002367_Start,1000,0,0,TTAGGG
haplotype2-0002368_Start,1000,0,0,TTAGGG
haplotype2-0002369_Start,1000,0,0,TTAGGG
haplotype2-0002370_Start,1000,0,1,TTAGGG
haplotype2-0002371_Start,1000,0,0,TTAGGG
haplotype2-0002372_Start,1000,0,0,TTAGGG
haplotype2-0002373_Start,1000,0,0,TTAGGG
haplotype2-0002374_Start,1000,0,0,TTAGGG
haplotype2-0002375_Start,1000,1,0,TTAGGG
haplotype2-0002376_Start,1000,0,1,TTAGGG
haplotype2-0002377_Start,1000,0,0,TTAGGG
haplotype2-0002378_Start,1000,0,0,TTAGGG
haplotype2-0002379_Start,1000,0,1,TTAGGG
haplotype2-0002380_Start,1000,0,1,TTAGGG
haplotype2-0002381_Start,1000,0,0,TTAGGG
haplotype2-0002382_Start,1000,0,0,TTAGGG
haplotype2-0002383_Start,1000,0,0,TTAGGG
haplotype2-0002384_Start,1000,0,0,TTAGGG
haplotype2-0002385_Start,1000,0,0,TTAGGG
haplotype2-0002386_Start,1000,0,1,TTAGGG
haplotype2-0002387_Start,1000,0,0,TTAGGG
haplotype2-0002388_Start,1000,0,1,TTAGGG
haplotype2-0002389_Start,1000,0,0,TTAGGG
haplotype2-0002390_Start,1000,0,0,TTAGGG
haplotype2-0002391_Start,1000,0,0,TTAGGG
haplotype2-0002392_Start,1000,0,0,TTAGGG
haplotype2-0002393_Start,1000,0,0,TTAGGG
haplotype2-0002394_Start,1000,0,0,TTAGGG
haplotype2-0002395_Start,1000,0,0,TTAGGG
haplotype2-0002396_Start,1000,0,0,TTAGGG
haplotype2-0002397_Start,1000,2,0,TTAGGG
haplotype2-0002398_Start,1000,0,1,TTAGGG
haplotype2-0002399_Start,1000,0,1,TTAGGG
haplotype2-0002400_Start,1000,0,0,TTAGGG
haplotype2-0002401_Start,1000,1,0,TTAGGG
haplotype2-0002402_Start,1000,0,0,TTAGGG
haplotype2-0002403_Start,1000,0,0,TTAGGG
haplotype2-0002404_Start,1000,0,0,TTAGGG
haplotype2-0002405_Start,1000,0,0,TTAGGG
haplotype2-0002406_Start,1000,0,0,TTAGGG
haplotype2-0002407_Start,1000,0,0,TTAGGG
haplotype2-0002408_Start,1000,0,0,TTAGGG
haplotype2-0002409_Start,1000,0,0,TTAGGG
haplotype2-0002410_Start,1000,1,1,TTAGGG
haplotype2-0002411_Start,1000,0,0,TTAGGG
haplotype2-0002412_Start,1000,0,0,TTAGGG
haplotype2-0002413_Start,1000,0,1,TTAGGG
haplotype2-0002414_Start,1000,0,0,TTAGGG
haplotype2-0002415_Start,1000,0,0,TTAGGG
haplotype2-0002416_Start,1000,0,0,TTAGGG
haplotype2-0002417_Start,1000,0,0,TTAGGG
haplotype2-0002418_Start,1000,0,0,TTAGGG
haplotype2-0002419_Start,1000,0,2,TTAGGG
haplotype2-0002420_Start,1000,1,0,TTAGGG
haplotype2-0002421_Start,1000,0,1,TTAGGG
haplotype2-0002422_Start,1000,0,0,TTAGGG
haplotype2-0002423_Start,1000,0,0,TTAGGG
haplotype2-0002424_Start,1000,0,0,TTAGGG
haplotype2-0002425_Start,1000,0,0,TTAGGG
haplotype2-0002426_Start,1000,0,0,TTAGGG
haplotype2-0002427_Start,1000,0,0,TTAGGG
haplotype2-0002428_Start,1000,0,0,TTAGGG
haplotype2-0002429_Start,1000,0,0,TTAGGG
haplotype2-0002430_Start,1000,0,0,TTAGGG
haplotype2-0002431_Start,1000,0,0,TTAGGG
haplotype2-0002432_Start,1000,1,0,TTAGGG
haplotype2-0002433_Start,1000,0,0,TTAGGG
haplotype2-0002434_Start,1000,0,0,TTAGGG
haplotype2-0002435_Start,1000,0,0,TTAGGG
haplotype2-0002436_Start,1000,0,1,TTAGGG
haplotype2-0002437_Start,1000,0,0,TTAGGG
haplotype2-0002438_Start,1000,0,0,TTAGGG
haplotype2-0002439_Start,1000,0,0,TTAGGG
haplotype2-0002440_Start,1000,0,0,TTAGGG
haplotype2-0002441_Start,1000,0,0,TTAGGG
haplotype2-0002442_Start,1000,1,0,TTAGGG
haplotype2-0002443_Start,1000,2,0,TTAGGG
haplotype2-0002444_Start,1000,0,0,TTAGGG
haplotype2-0002445_Start,1000,0,0,TTAGGG
haplotype2-0002446_Start,1000,0,0,TTAGGG
haplotype2-0002447_Start,1000,0,0,TTAGGG
haplotype2-0002448_Start,1000,0,0,TTAGGG
haplotype2-0002449_Start,1000,0,0,TTAGGG
haplotype2-0002450_Start,1000,0,0,TTAGGG
haplotype2-0002451_Start,1000,0,1,TTAGGG
haplotype2-0002452_Start,1000,0,0,TTAGGG
haplotype2-0002453_Start,1000,0,0,TTAGGG
haplotype2-0002454_Start,1000,0,0,TTAGGG
haplotype2-0002455_Start,1000,0,0,TTAGGG
haplotype2-0002456_Start,1000,0,0,TTAGGG
haplotype2-0002457_Start,1000,0,0,TTAGGG
haplotype2-0002458_Start,1000,0,0,TTAGGG
haplotype2-0002459_Start,1000,0,0,TTAGGG
haplotype2-0002460_Start,1000,0,0,TTAGGG
haplotype2-0002461_Start,1000,2,0,TTAGGG
haplotype2-0002462_Start,1000,1,0,TTAGGG
haplotype2-0002463_Start,1000,0,0,TTAGGG
haplotype2-0002464_Start,1000,1,0,TTAGGG
haplotype2-0002465_Start,1000,0,0,TTAGGG
haplotype2-0002466_Start,1000,0,166,TTAGGG
haplotype2-0002467_Start,1000,0,0,TTAGGG
haplotype2-0002468_Start,1000,0,0,TTAGGG
haplotype2-0002469_Start,1000,0,1,TTAGGG
haplotype2-0002470_Start,1000,0,0,TTAGGG
haplotype2-0002471_Start,1000,0,0,TTAGGG
haplotype2-0002472_Start,1000,1,0,TTAGGG
haplotype2-0002473_Start,1000,0,0,TTAGGG
haplotype2-0002474_Start,1000,0,1,TTAGGG
haplotype2-0002475_Start,1000,0,0,TTAGGG
haplotype2-0002476_Start,1000,0,0,TTAGGG
haplotype2-0002477_Start,1000,0,0,TTAGGG
haplotype2-0002478_Start,1000,0,0,TTAGGG
haplotype2-0002479_Start,1000,0,0,TTAGGG
haplotype2-0002480_Start,1000,0,0,TTAGGG
haplotype2-0002481_Start,1000,0,0,TTAGGG
haplotype2-0002482_Start,1000,0,0,TTAGGG
haplotype2-0002483_Start,1000,0,0,TTAGGG
haplotype2-0002484_Start,1000,0,0,TTAGGG
haplotype2-0002485_Start,1000,0,0,TTAGGG
haplotype2-0002486_Start,1000,0,0,TTAGGG
haplotype2-0002487_Start,1000,0,0,TTAGGG
haplotype2-0002488_Start,1000,0,0,TTAGGG
haplotype2-0002489_Start,1000,0,0,TTAGGG
haplotype2-0002490_Start,1000,1,0,TTAGGG
haplotype2-0002491_Start,1000,0,0,TTAGGG
haplotype2-0002492_Start,1000,1,0,TTAGGG
haplotype2-0002493_Start,1000,0,0,TTAGGG
haplotype2-0002494_Start,1000,0,0,TTAGGG
haplotype2-0002495_Start,1000,0,0,TTAGGG
haplotype2-0002496_Start,1000,0,0,TTAGGG
haplotype2-0002497_Start,1000,0,1,TTAGGG
haplotype2-0002498_Start,1000,0,0,TTAGGG
haplotype2-0002499_Start,1000,0,0,TTAGGG
haplotype2-0002500_Start,1000,0,0,TTAGGG
haplotype2-0002501_Start,1000,0,0,TTAGGG
haplotype2-0002502_Start,1000,0,0,TTAGGG
haplotype2-0002503_Start,1000,0,1,TTAGGG
haplotype2-0002504_Start,1000,0,0,TTAGGG
haplotype2-0002505_Start,1000,0,1,TTAGGG
haplotype2-0002506_Start,1000,0,0,TTAGGG
haplotype2-0002507_Start,1000,0,0,TTAGGG
haplotype2-0002508_Start,1000,0,1,TTAGGG
haplotype2-0002509_Start,1000,0,0,TTAGGG
haplotype2-0002510_Start,1000,0,0,TTAGGG
haplotype2-0002511_Start,1000,0,0,TTAGGG
haplotype2-0002512_Start,1000,0,0,TTAGGG
haplotype2-0002513_Start,1000,0,0,TTAGGG
haplotype2-0002514_Start,1000,0,0,TTAGGG
haplotype2-0002515_Start,1000,0,1,TTAGGG
haplotype2-0002516_Start,1000,1,1,TTAGGG
haplotype2-0002517_Start,1000,0,0,TTAGGG
haplotype2-0002518_Start,1000,1,0,TTAGGG
haplotype2-0002519_Start,1000,0,0,TTAGGG
haplotype2-0002520_Start,1000,0,0,TTAGGG
haplotype2-0002521_Start,1000,0,0,TTAGGG
haplotype2-0002522_Start,1000,0,0,TTAGGG
haplotype2-0002523_Start,1000,0,1,TTAGGG
haplotype2-0002524_Start,1000,0,0,TTAGGG
haplotype2-0002525_Start,1000,0,0,TTAGGG
haplotype2-0002526_Start,1000,0,0,TTAGGG
haplotype2-0002527_Start,1000,0,0,TTAGGG
haplotype2-0002528_Start,1000,0,0,TTAGGG
haplotype2-0002529_Start,1000,0,0,TTAGGG
haplotype2-0002530_Start,1000,0,0,TTAGGG
haplotype2-0002531_Start,1000,0,0,TTAGGG
haplotype2-0002532_Start,1000,0,0,TTAGGG
haplotype2-0002533_Start,1000,0,0,TTAGGG
haplotype2-0002534_Start,1000,0,0,TTAGGG
haplotype2-0002535_Start,1000,1,0,TTAGGG
haplotype2-0002536_Start,1000,0,0,TTAGGG
haplotype2-0002537_Start,1000,0,0,TTAGGG
haplotype2-0002538_Start,1000,0,0,TTAGGG
haplotype2-0002539_Start,1000,0,0,TTAGGG
haplotype2-0002540_Start,1000,0,0,TTAGGG
haplotype2-0002541_Start,1000,0,0,TTAGGG
haplotype2-0002542_Start,1000,0,0,TTAGGG
haplotype2-0002543_Start,1000,0,0,TTAGGG
haplotype2-0002544_Start,1000,0,0,TTAGGG
haplotype2-0002545_Start,1000,0,0,TTAGGG
haplotype2-0002546_Start,1000,0,1,TTAGGG
haplotype2-0002547_Start,1000,0,0,TTAGGG
haplotype2-0002548_Start,1000,0,0,TTAGGG
haplotype2-0002549_Start,1000,0,0,TTAGGG
haplotype2-0002550_Start,1000,0,0,TTAGGG
haplotype2-0002551_Start,1000,0,1,TTAGGG
haplotype2-0002552_Start,1000,0,0,TTAGGG
haplotype2-0002553_Start,1000,0,0,TTAGGG
haplotype2-0002554_Start,1000,0,0,TTAGGG
haplotype2-0002555_Start,1000,0,0,TTAGGG
haplotype2-0002556_Start,1000,0,0,TTAGGG
haplotype2-0002557_Start,1000,0,0,TTAGGG
haplotype2-0002558_Start,1000,0,0,TTAGGG
haplotype2-0002559_Start,1000,0,1,TTAGGG
haplotype2-0002560_Start,1000,0,1,TTAGGG
haplotype2-0002561_Start,1000,0,0,TTAGGG
haplotype2-0002562_Start,1000,0,0,TTAGGG
haplotype2-0002563_Start,1000,0,0,TTAGGG
haplotype2-0002564_Start,1000,0,0,TTAGGG
haplotype2-0002565_Start,1000,0,0,TTAGGG
haplotype2-0002566_Start,1000,0,1,TTAGGG
haplotype2-0002567_Start,1000,0,0,TTAGGG
haplotype2-0002568_Start,1000,1,0,TTAGGG
haplotype2-0002569_Start,1000,0,0,TTAGGG
haplotype2-0002570_Start,1000,2,0,TTAGGG
haplotype2-0002571_Start,1000,1,0,TTAGGG
haplotype2-0002572_Start,1000,0,0,TTAGGG
haplotype2-0002573_Start,1000,0,0,TTAGGG
haplotype2-0002574_Start,1000,0,0,TTAGGG
haplotype2-0002575_Start,1000,0,0,TTAGGG
haplotype2-0002576_Start,1000,0,0,TTAGGG
haplotype2-0002577_Start,1000,0,0,TTAGGG
haplotype2-0002578_Start,1000,0,0,TTAGGG
haplotype2-0002579_Start,1000,0,0,TTAGGG
haplotype2-0002580_Start,1000,0,0,TTAGGG
haplotype2-0002581_Start,1000,0,0,TTAGGG
haplotype2-0002582_Start,1000,0,1,TTAGGG
haplotype2-0002583_Start,1000,0,0,TTAGGG
haplotype2-0002584_Start,1000,1,0,TTAGGG
haplotype2-0002585_Start,1000,0,0,TTAGGG
haplotype2-0002586_Start,1000,0,0,TTAGGG
haplotype2-0002587_Start,1000,0,0,TTAGGG
haplotype2-0002588_Start,1000,0,0,TTAGGG
haplotype2-0002589_Start,1000,0,0,TTAGGG
haplotype2-0002590_Start,1000,0,0,TTAGGG
haplotype2-0002591_Start,1000,0,0,TTAGGG
haplotype2-0002592_Start,1000,0,0,TTAGGG
haplotype2-0002593_Start,1000,0,0,TTAGGG
haplotype2-0002594_Start,1000,0,0,TTAGGG
haplotype2-0002595_Start,1000,1,1,TTAGGG
haplotype2-0002596_Start,1000,0,0,TTAGGG
haplotype2-0002597_Start,1000,0,0,TTAGGG
haplotype2-0002598_Start,1000,0,0,TTAGGG
haplotype2-0002599_Start,1000,0,0,TTAGGG
haplotype2-0002600_Start,1000,0,0,TTAGGG
haplotype2-0002601_Start,1000,0,0,TTAGGG
haplotype2-0002602_Start,1000,1,2,TTAGGG
haplotype2-0002603_Start,1000,0,0,TTAGGG
haplotype2-0002604_Start,1000,1,0,TTAGGG
haplotype2-0002605_Start,1000,0,0,TTAGGG
haplotype2-0002606_Start,1000,0,0,TTAGGG
haplotype2-0002607_Start,1000,1,0,TTAGGG
haplotype2-0002608_Start,1000,1,0,TTAGGG
haplotype2-0002609_Start,1000,0,0,TTAGGG
haplotype2-0002610_Start,1000,0,0,TTAGGG
haplotype2-0002611_Start,1000,0,0,TTAGGG
haplotype2-0002612_Start,1000,0,0,TTAGGG
haplotype2-0002613_Start,1000,0,0,TTAGGG
haplotype2-0002614_Start,1000,0,0,TTAGGG
haplotype2-0002615_Start,1000,0,0,TTAGGG
haplotype2-0002616_Start,1000,0,0,TTAGGG
haplotype2-0002617_Start,1000,2,0,TTAGGG
haplotype2-0002618_Start,1000,0,0,TTAGGG
haplotype2-0002619_Start,1000,0,0,TTAGGG
haplotype2-0002620_Start,1000,0,0,TTAGGG
haplotype2-0002621_Start,1000,0,0,TTAGGG
haplotype2-0002622_Start,1000,2,0,TTAGGG
haplotype2-0002623_Start,1000,0,0,TTAGGG
haplotype2-0002624_Start,1000,1,1,TTAGGG
haplotype2-0002625_Start,1000,0,0,TTAGGG
haplotype2-0002626_Start,1000,0,0,TTAGGG
haplotype2-0002627_Start,1000,0,0,TTAGGG
haplotype2-0002628_Start,1000,0,0,TTAGGG
haplotype2-0002629_Start,1000,0,0,TTAGGG
haplotype2-0002630_Start,1000,0,0,TTAGGG
haplotype2-0002631_Start,1000,0,0,TTAGGG
haplotype2-0002632_Start,1000,0,0,TTAGGG
haplotype2-0002633_Start,1000,1,0,TTAGGG
haplotype2-0002634_Start,1000,0,0,TTAGGG
haplotype2-0002635_Start,1000,0,0,TTAGGG
haplotype2-0002636_Start,1000,0,1,TTAGGG
haplotype2-0002637_Start,1000,0,0,TTAGGG
haplotype2-0002638_Start,1000,0,0,TTAGGG
haplotype2-0002639_Start,1000,1,0,TTAGGG
haplotype2-0002640_Start,1000,0,0,TTAGGG
haplotype2-0002641_Start,1000,0,0,TTAGGG
haplotype2-0002642_Start,1000,0,0,TTAGGG
haplotype2-0002643_Start,1000,0,1,TTAGGG
haplotype2-0002644_Start,1000,1,0,TTAGGG
haplotype2-0002645_Start,1000,0,0,TTAGGG
haplotype2-0002646_Start,1000,0,0,TTAGGG
haplotype2-0002647_Start,1000,0,0,TTAGGG
haplotype2-0002648_Start,1000,0,0,TTAGGG
haplotype2-0002649_Start,1000,0,0,TTAGGG
haplotype2-0002650_Start,1000,0,0,TTAGGG
haplotype2-0002651_Start,1000,1,0,TTAGGG
haplotype2-0002652_Start,1000,0,0,TTAGGG
haplotype2-0002653_Start,1000,0,1,TTAGGG
haplotype2-0002654_Start,1000,0,0,TTAGGG
haplotype2-0002655_Start,1000,0,0,TTAGGG
haplotype2-0002656_Start,1000,0,1,TTAGGG
haplotype2-0002657_Start,1000,0,0,TTAGGG
haplotype2-0002658_Start,1000,1,0,TTAGGG
haplotype2-0002659_Start,1000,0,0,TTAGGG
haplotype2-0002660_Start,1000,1,0,TTAGGG
haplotype2-0002661_Start,1000,0,0,TTAGGG
haplotype2-0002662_Start,1000,0,0,TTAGGG
haplotype2-0002663_Start,1000,1,0,TTAGGG
haplotype2-0002664_Start,1000,0,0,TTAGGG
haplotype2-0002665_Start,1000,0,0,TTAGGG
haplotype2-0002666_Start,1000,0,0,TTAGGG
haplotype2-0002667_Start,1000,0,0,TTAGGG
haplotype2-0002668_Start,1000,0,0,TTAGGG
haplotype2-0002669_Start,1000,0,0,TTAGGG
haplotype2-0002670_Start,1000,0,0,TTAGGG
haplotype2-0002671_Start,1000,0,0,TTAGGG
haplotype2-0002672_Start,1000,0,0,TTAGGG
haplotype2-0002673_Start,1000,0,0,TTAGGG
haplotype2-0002674_Start,1000,0,0,TTAGGG
haplotype2-0002675_Start,1000,0,0,TTAGGG
haplotype2-0002676_Start,1000,0,0,TTAGGG
haplotype2-0002677_Start,1000,0,0,TTAGGG
haplotype2-0002678_Start,1000,0,1,TTAGGG
haplotype2-0002679_Start,1000,0,0,TTAGGG
haplotype2-0002680_Start,1000,0,0,TTAGGG
haplotype2-0002681_Start,1000,0,0,TTAGGG
haplotype2-0002682_Start,1000,1,0,TTAGGG
haplotype2-0002683_Start,1000,0,0,TTAGGG
haplotype2-0002684_Start,1000,0,0,TTAGGG
haplotype2-0002685_Start,1000,0,0,TTAGGG
haplotype2-0002686_Start,1000,0,0,TTAGGG
haplotype2-0002687_Start,1000,1,0,TTAGGG
haplotype2-0002688_Start,1000,0,0,TTAGGG
haplotype2-0002689_Start,1000,0,0,TTAGGG
haplotype2-0002690_Start,1000,0,0,TTAGGG
haplotype2-0002691_Start,1000,0,0,TTAGGG
haplotype2-0002692_Start,1000,0,0,TTAGGG
haplotype2-0002693_Start,1000,0,0,TTAGGG
haplotype2-0002694_Start,1000,0,0,TTAGGG
haplotype2-0002695_Start,1000,0,0,TTAGGG
haplotype2-0002696_Start,1000,0,0,TTAGGG
haplotype2-0002697_Start,1000,0,0,TTAGGG
haplotype2-0002698_Start,1000,0,0,TTAGGG
haplotype2-0002699_Start,1000,0,0,TTAGGG
haplotype2-0002700_Start,1000,0,0,TTAGGG
haplotype2-0002701_Start,1000,0,0,TTAGGG
haplotype2-0002702_Start,1000,0,1,TTAGGG
haplotype2-0002703_Start,1000,2,0,TTAGGG
haplotype2-0002704_Start,1000,0,1,TTAGGG
haplotype2-0002705_Start,1000,0,0,TTAGGG
haplotype2-0002706_Start,1000,0,0,TTAGGG
haplotype2-0002707_Start,1000,1,1,TTAGGG
haplotype2-0002708_Start,1000,0,0,TTAGGG
haplotype2-0002709_Start,1000,0,0,TTAGGG
haplotype2-0002710_Start,1000,0,0,TTAGGG
haplotype2-0002711_Start,1000,1,1,TTAGGG
haplotype2-0002712_Start,1000,0,0,TTAGGG
haplotype2-0002713_Start,1000,0,0,TTAGGG
haplotype2-0002714_Start,1000,0,1,TTAGGG
haplotype2-0002715_Start,1000,0,0,TTAGGG
haplotype2-0002716_Start,1000,0,0,TTAGGG
haplotype2-0002717_Start,1000,0,0,TTAGGG
haplotype2-0002718_Start,1000,1,0,TTAGGG
haplotype2-0002719_Start,1000,0,0,TTAGGG
haplotype2-0002720_Start,1000,0,0,TTAGGG
haplotype2-0002721_Start,1000,0,0,TTAGGG
haplotype2-0002722_Start,1000,0,0,TTAGGG
haplotype2-0002723_Start,1000,0,0,TTAGGG
haplotype2-0002724_Start,1000,0,0,TTAGGG
haplotype2-0002725_Start,1000,0,0,TTAGGG
haplotype2-0002726_Start,1000,0,0,TTAGGG
haplotype2-0002727_Start,1000,0,0,TTAGGG
haplotype2-0002728_Start,1000,0,0,TTAGGG
haplotype2-0002729_Start,1000,0,0,TTAGGG
haplotype2-0002730_Start,1000,0,0,TTAGGG
haplotype2-0002731_Start,1000,0,0,TTAGGG
haplotype2-0002732_Start,1000,0,0,TTAGGG
haplotype2-0002733_Start,1000,0,0,TTAGGG
haplotype2-0002734_Start,1000,0,0,TTAGGG
haplotype2-0002735_Start,1000,0,0,TTAGGG
haplotype2-0002736_Start,1000,0,0,TTAGGG
haplotype2-0002737_Start,1000,0,0,TTAGGG
haplotype2-0002738_Start,1000,0,0,TTAGGG
haplotype2-0002739_Start,1000,0,0,TTAGGG
haplotype2-0002740_Start,1000,0,0,TTAGGG
haplotype2-0002741_Start,1000,0,0,TTAGGG
haplotype2-0002742_Start,1000,4,0,TTAGGG
haplotype2-0002743_Start,1000,0,0,TTAGGG
haplotype2-0002744_Start,1000,0,2,TTAGGG
haplotype2-0002745_Start,1000,0,0,TTAGGG
haplotype2-0002746_Start,1000,0,0,TTAGGG
haplotype2-0002747_Start,1000,1,0,TTAGGG
haplotype2-0002748_Start,1000,0,0,TTAGGG
haplotype2-0002749_Start,1000,0,0,TTAGGG
haplotype2-0002750_Start,1000,0,0,TTAGGG
haplotype2-0002751_Start,1000,0,1,TTAGGG
haplotype2-0002752_Start,1000,0,0,TTAGGG
haplotype2-0002753_Start,1000,1,0,TTAGGG
haplotype2-0002754_Start,1000,0,0,TTAGGG
haplotype2-0002755_Start,1000,0,0,TTAGGG
haplotype2-0002756_Start,1000,0,0,TTAGGG
haplotype2-0002757_Start,1000,0,0,TTAGGG
haplotype2-0002758_Start,1000,0,0,TTAGGG
haplotype2-0002759_Start,1000,0,0,TTAGGG
haplotype2-0002760_Start,1000,0,0,TTAGGG
haplotype2-0002761_Start,1000,1,0,TTAGGG
haplotype2-0002762_Start,1000,0,0,TTAGGG
haplotype2-0002763_Start,1000,0,0,TTAGGG
haplotype2-0002764_Start,1000,0,0,TTAGGG
haplotype2-0002765_Start,1000,0,0,TTAGGG
haplotype2-0002766_Start,1000,0,0,TTAGGG
haplotype2-0002767_Start,1000,0,0,TTAGGG
haplotype2-0002768_Start,1000,0,0,TTAGGG
haplotype2-0002769_Start,1000,0,0,TTAGGG
haplotype2-0002770_Start,1000,0,0,TTAGGG
haplotype2-0002771_Start,1000,0,0,TTAGGG
haplotype2-0002772_Start,1000,0,0,TTAGGG
haplotype2-0002773_Start,1000,1,0,TTAGGG
haplotype2-0002774_Start,1000,0,0,TTAGGG
haplotype2-0002775_Start,1000,0,2,TTAGGG
haplotype2-0002776_Start,1000,0,0,TTAGGG
haplotype2-0002777_Start,1000,0,1,TTAGGG
haplotype2-0002778_Start,1000,0,1,TTAGGG
haplotype2-0002779_Start,1000,0,0,TTAGGG
haplotype2-0002780_Start,1000,0,0,TTAGGG
haplotype2-0002781_Start,1000,0,0,TTAGGG
haplotype2-0002782_Start,1000,0,0,TTAGGG
haplotype2-0002783_Start,1000,0,0,TTAGGG
haplotype2-0002784_Start,1000,0,0,TTAGGG
haplotype2-0002785_Start,1000,0,0,TTAGGG
haplotype2-0002786_Start,1000,0,0,TTAGGG
haplotype2-0002787_Start,1000,0,0,TTAGGG
haplotype2-0002788_Start,1000,1,0,TTAGGG
haplotype2-0002789_Start,1000,0,0,TTAGGG
haplotype2-0002790_Start,1000,0,0,TTAGGG
haplotype2-0002791_Start,1000,0,0,TTAGGG
haplotype2-0002792_Start,1000,0,1,TTAGGG
haplotype2-0002793_Start,1000,0,0,TTAGGG
haplotype2-0002794_Start,1000,0,1,TTAGGG
haplotype2-0002795_Start,1000,0,0,TTAGGG
haplotype2-0002796_Start,1000,0,0,TTAGGG
haplotype2-0002797_Start,1000,0,0,TTAGGG
haplotype2-0002798_Start,1000,0,0,TTAGGG
haplotype2-0002799_Start,1000,0,0,TTAGGG
haplotype2-0002800_Start,1000,0,0,TTAGGG
haplotype2-0002801_Start,1000,0,0,TTAGGG
haplotype2-0002802_Start,1000,0,0,TTAGGG
haplotype2-0002803_Start,1000,0,0,TTAGGG
haplotype2-0002804_Start,1000,0,0,TTAGGG
haplotype2-0002805_Start,1000,0,0,TTAGGG
haplotype2-0002806_Start,1000,0,1,TTAGGG
haplotype2-0002807_Start,1000,0,0,TTAGGG
haplotype2-0002808_Start,1000,0,0,TTAGGG
haplotype2-0002809_Start,1000,0,1,TTAGGG
haplotype2-0002810_Start,1000,0,0,TTAGGG
haplotype2-0002811_Start,1000,0,0,TTAGGG
haplotype2-0002812_Start,1000,0,1,TTAGGG
haplotype2-0002813_Start,1000,1,0,TTAGGG
haplotype2-0002814_Start,1000,0,0,TTAGGG
haplotype2-0002815_Start,1000,0,0,TTAGGG
haplotype2-0002816_Start,1000,0,0,TTAGGG
haplotype2-0002817_Start,1000,0,0,TTAGGG
haplotype2-0002818_Start,1000,0,0,TTAGGG
haplotype2-0002819_Start,1000,0,0,TTAGGG
haplotype2-0002820_Start,1000,0,1,TTAGGG
haplotype2-0002821_Start,1000,0,0,TTAGGG
haplotype2-0002822_Start,1000,0,1,TTAGGG
haplotype2-0002823_Start,1000,0,0,TTAGGG
haplotype2-0002824_Start,1000,0,1,TTAGGG
haplotype2-0002825_Start,1000,2,0,TTAGGG
haplotype2-0002826_Start,1000,0,0,TTAGGG
haplotype2-0002827_Start,1000,0,0,TTAGGG
haplotype2-0002828_Start,1000,0,166,TTAGGG
haplotype2-0002829_Start,1000,0,1,TTAGGG
haplotype2-0002830_Start,1000,0,0,TTAGGG
haplotype2-0002831_Start,1000,0,0,TTAGGG
haplotype2-0002832_Start,1000,0,0,TTAGGG
haplotype2-0002833_Start,1000,0,0,TTAGGG
haplotype2-0002834_Start,1000,0,0,TTAGGG
haplotype2-0002835_Start,1000,1,0,TTAGGG
haplotype2-0002836_Start,1000,0,0,TTAGGG
haplotype2-0002837_Start,1000,1,0,TTAGGG
haplotype2-0002838_Start,1000,0,0,TTAGGG
haplotype2-0002839_Start,1000,1,0,TTAGGG
haplotype2-0002840_Start,1000,0,0,TTAGGG
haplotype2-0002841_Start,1000,0,0,TTAGGG
haplotype2-0002842_Start,1000,0,0,TTAGGG
haplotype2-0002843_Start,1000,0,0,TTAGGG
haplotype2-0002844_Start,1000,0,0,TTAGGG
haplotype2-0002845_Start,1000,0,0,TTAGGG
haplotype2-0002846_Start,1000,0,0,TTAGGG
haplotype2-0002847_Start,1000,0,1,TTAGGG
haplotype2-0002848_Start,1000,0,0,TTAGGG
haplotype2-0002849_Start,1000,0,0,TTAGGG
haplotype2-0002850_Start,1000,0,1,TTAGGG
haplotype2-0002851_Start,1000,0,0,TTAGGG
haplotype2-0002852_Start,1000,0,0,TTAGGG
haplotype2-0002853_Start,1000,0,0,TTAGGG
haplotype2-0002854_Start,1000,0,1,TTAGGG
haplotype2-0002855_Start,1000,0,0,TTAGGG
haplotype2-0002856_Start,1000,0,0,TTAGGG
haplotype2-0002857_Start,1000,0,0,TTAGGG
haplotype2-0002858_Start,1000,1,1,TTAGGG
haplotype2-0002859_Start,1000,0,0,TTAGGG
haplotype2-0002860_Start,1000,0,0,TTAGGG
haplotype2-0002861_Start,1000,0,1,TTAGGG
haplotype2-0002862_Start,1000,0,0,TTAGGG
haplotype2-0002863_Start,1000,1,0,TTAGGG
haplotype2-0002864_Start,1000,1,1,TTAGGG
haplotype2-0002865_Start,1000,0,0,TTAGGG
haplotype2-0002866_Start,1000,1,0,TTAGGG
haplotype2-0002867_Start,1000,0,0,TTAGGG
haplotype2-0002868_Start,1000,0,0,TTAGGG
haplotype2-0002869_Start,1000,1,0,TTAGGG
haplotype2-0002870_Start,1000,0,0,TTAGGG
haplotype2-0002871_Start,1000,0,0,TTAGGG
haplotype2-0002872_Start,1000,0,0,TTAGGG
haplotype2-0002873_Start,1000,0,0,TTAGGG
haplotype2-0002874_Start,1000,1,1,TTAGGG
haplotype2-0002875_Start,1000,0,1,TTAGGG
haplotype2-0002876_Start,1000,0,0,TTAGGG
haplotype2-0002877_Start,1000,0,0,TTAGGG
haplotype2-0002878_Start,1000,0,0,TTAGGG
haplotype2-0002879_Start,1000,0,0,TTAGGG
haplotype2-0002880_Start,1000,0,0,TTAGGG
haplotype2-0002881_Start,1000,1,0,TTAGGG
haplotype2-0002882_Start,1000,0,0,TTAGGG
haplotype2-0002883_Start,1000,0,0,TTAGGG
haplotype2-0002884_Start,1000,0,0,TTAGGG
haplotype2-0002885_Start,1000,0,0,TTAGGG
haplotype2-0002886_Start,1000,1,0,TTAGGG
haplotype2-0002887_Start,1000,1,0,TTAGGG
haplotype2-0002888_Start,1000,0,0,TTAGGG
haplotype2-0002889_Start,1000,0,0,TTAGGG
haplotype2-0002890_Start,1000,1,0,TTAGGG
haplotype2-0002891_Start,1000,0,0,TTAGGG
haplotype2-0002892_Start,1000,0,0,TTAGGG
haplotype2-0002893_Start,1000,0,0,TTAGGG
haplotype2-0002894_Start,1000,0,0,TTAGGG
haplotype2-0002895_Start,1000,0,0,TTAGGG
haplotype2-0002896_Start,1000,0,0,TTAGGG
haplotype2-0002897_Start,1000,0,0,TTAGGG
haplotype2-0002898_Start,1000,0,0,TTAGGG
haplotype2-0002899_Start,1000,1,0,TTAGGG
haplotype2-0002900_Start,1000,0,0,TTAGGG
haplotype2-0002901_Start,1000,1,0,TTAGGG
haplotype2-0002902_Start,1000,0,1,TTAGGG
haplotype2-0002903_Start,1000,1,0,TTAGGG
haplotype2-0002904_Start,1000,0,0,TTAGGG
haplotype2-0002905_Start,1000,0,0,TTAGGG
haplotype2-0002906_Start,1000,0,0,TTAGGG
haplotype2-0002907_Start,1000,0,0,TTAGGG
haplotype2-0002908_Start,1000,0,3,TTAGGG
haplotype2-0002909_Start,1000,0,0,TTAGGG
haplotype2-0002910_Start,1000,0,1,TTAGGG
haplotype2-0002911_Start,1000,0,0,TTAGGG
haplotype2-0002912_Start,1000,0,0,TTAGGG
haplotype2-0002913_Start,1000,0,0,TTAGGG
haplotype2-0002914_Start,1000,0,0,TTAGGG
haplotype2-0002915_Start,1000,0,1,TTAGGG
haplotype2-0002916_Start,1000,0,0,TTAGGG
haplotype2-0002917_Start,1000,0,0,TTAGGG
haplotype2-0002918_Start,1000,0,0,TTAGGG
haplotype2-0002919_Start,1000,0,0,TTAGGG
haplotype2-0002920_Start,1000,0,0,TTAGGG
haplotype2-0002921_Start,1000,0,0,TTAGGG
haplotype2-0002922_Start,1000,0,2,TTAGGG
haplotype2-0002923_Start,1000,0,0,TTAGGG
haplotype2-0002924_Start,1000,0,0,TTAGGG
haplotype2-0002925_Start,1000,1,0,TTAGGG
haplotype2-0002926_Start,1000,0,0,TTAGGG
haplotype2-0002927_Start,1000,0,0,TTAGGG
haplotype2-0002928_Start,1000,0,0,TTAGGG
haplotype2-0002929_Start,1000,0,0,TTAGGG
haplotype2-0002930_Start,1000,0,0,TTAGGG
haplotype2-0002931_Start,1000,0,0,TTAGGG
haplotype2-0002932_Start,1000,0,0,TTAGGG
haplotype2-0002933_Start,1000,0,0,TTAGGG
haplotype2-0002934_Start,1000,0,0,TTAGGG
haplotype2-0002935_Start,1000,0,0,TTAGGG
haplotype2-0002936_Start,1000,0,0,TTAGGG
haplotype2-0002937_Start,1000,0,0,TTAGGG
haplotype2-0002938_Start,1000,0,1,TTAGGG
haplotype2-0002939_Start,1000,0,0,TTAGGG
haplotype2-0002940_Start,1000,1,0,TTAGGG
haplotype2-0002941_Start,1000,0,0,TTAGGG
haplotype2-0002942_Start,1000,0,0,TTAGGG
haplotype2-0002943_Start,1000,0,0,TTAGGG
haplotype2-0002944_Start,1000,0,0,TTAGGG
haplotype2-0002945_Start,1000,0,0,TTAGGG
haplotype2-0002946_Start,1000,0,0,TTAGGG
haplotype2-0002947_Start,1000,0,0,TTAGGG
haplotype2-0002948_Start,1000,0,0,TTAGGG
haplotype2-0002949_Start,1000,0,0,TTAGGG
haplotype2-0002950_Start,1000,1,0,TTAGGG
haplotype2-0002951_Start,1000,1,0,TTAGGG
haplotype2-0002952_Start,1000,0,0,TTAGGG
haplotype2-0002953_Start,1000,0,0,TTAGGG
haplotype2-0002954_Start,1000,1,0,TTAGGG
haplotype2-0002955_Start,1000,1,1,TTAGGG
haplotype2-0002956_Start,1000,0,0,TTAGGG
haplotype2-0002957_Start,1000,0,0,TTAGGG
haplotype2-0002958_Start,1000,0,0,TTAGGG
haplotype2-0002959_Start,1000,0,0,TTAGGG
haplotype2-0002960_Start,1000,0,1,TTAGGG
haplotype2-0002961_Start,1000,0,0,TTAGGG
haplotype2-0002962_Start,1000,0,1,TTAGGG
haplotype2-0002963_Start,1000,0,0,TTAGGG
haplotype2-0002964_Start,1000,0,0,TTAGGG
haplotype2-0002965_Start,1000,0,0,TTAGGG
haplotype2-0002966_Start,1000,0,0,TTAGGG
haplotype2-0002967_Start,1000,0,0,TTAGGG
haplotype2-0002968_Start,1000,1,0,TTAGGG
haplotype2-0002969_Start,1000,0,0,TTAGGG
haplotype2-0002970_Start,1000,0,0,TTAGGG
haplotype2-0002971_Start,1000,0,0,TTAGGG
haplotype2-0002972_Start,1000,0,0,TTAGGG
haplotype2-0002973_Start,1000,0,0,TTAGGG
haplotype2-0002974_Start,1000,0,0,TTAGGG
haplotype2-0002975_Start,1000,0,0,TTAGGG
haplotype2-0002976_Start,1000,0,0,TTAGGG
haplotype2-0002977_Start,1000,0,0,TTAGGG
haplotype2-0002978_Start,1000,0,1,TTAGGG
haplotype2-0002979_Start,1000,0,0,TTAGGG
haplotype2-0002980_Start,1000,0,0,TTAGGG
haplotype2-0002981_Start,1000,0,0,TTAGGG
haplotype2-0002982_Start,1000,0,0,TTAGGG
haplotype2-0002983_Start,1000,0,1,TTAGGG
haplotype2-0002984_Start,1000,0,0,TTAGGG
haplotype2-0002985_Start,1000,0,0,TTAGGG
haplotype2-0002986_Start,1000,0,0,TTAGGG
haplotype2-0002987_Start,1000,0,0,TTAGGG
haplotype2-0002988_Start,1000,0,0,TTAGGG
haplotype2-0002989_Start,1000,0,0,TTAGGG
haplotype2-0002990_Start,1000,0,0,TTAGGG
haplotype2-0002991_Start,1000,0,0,TTAGGG
haplotype2-0002992_Start,1000,0,0,TTAGGG
haplotype2-0002993_Start,1000,0,0,TTAGGG
haplotype2-0002994_Start,1000,1,2,TTAGGG
haplotype2-0002995_Start,1000,0,0,TTAGGG
haplotype2-0002996_Start,1000,1,0,TTAGGG
haplotype2-0002997_Start,1000,0,0,TTAGGG
haplotype2-0002998_Start,1000,0,0,TTAGGG
haplotype2-0002999_Start,1000,0,0,TTAGGG
haplotype2-0003000_Start,1000,0,0,TTAGGG
haplotype2-0003001_Start,1000,0,0,TTAGGG
haplotype2-0003002_Start,1000,0,0,TTAGGG
haplotype2-0003003_Start,1000,0,0,TTAGGG
haplotype2-0003004_Start,1000,0,0,TTAGGG
haplotype2-0003005_Start,1000,0,0,TTAGGG
haplotype2-0003006_Start,1000,0,0,TTAGGG
haplotype2-0003007_Start,1000,0,0,TTAGGG
haplotype2-0003008_Start,1000,0,0,TTAGGG
haplotype2-0003009_Start,1000,0,0,TTAGGG
haplotype2-0003010_Start,1000,0,0,TTAGGG
haplotype2-0003011_Start,1000,0,0,TTAGGG
haplotype2-0003012_Start,1000,0,0,TTAGGG
haplotype2-0003013_Start,1000,0,0,TTAGGG
haplotype2-0003014_Start,1000,0,1,TTAGGG
haplotype2-0003015_Start,1000,0,1,TTAGGG
haplotype2-0003016_Start,1000,0,2,TTAGGG
haplotype2-0003017_Start,1000,0,0,TTAGGG
haplotype2-0003018_Start,1000,0,0,TTAGGG
haplotype2-0003019_Start,1000,0,0,TTAGGG
haplotype2-0003020_Start,1000,0,1,TTAGGG
haplotype2-0003021_Start,1000,0,0,TTAGGG
haplotype2-0003022_Start,1000,1,0,TTAGGG
haplotype2-0003023_Start,1000,0,0,TTAGGG
haplotype2-0003024_Start,1000,0,0,TTAGGG
haplotype2-0003025_Start,1000,0,0,TTAGGG
haplotype2-0003026_Start,1000,0,1,TTAGGG
haplotype2-0003027_Start,1000,1,0,TTAGGG
haplotype2-0003028_Start,1000,0,0,TTAGGG
haplotype2-0003029_Start,1000,0,0,TTAGGG
haplotype2-0003030_Start,1000,0,0,TTAGGG
haplotype2-0003031_Start,1000,0,0,TTAGGG
haplotype2-0003032_Start,1000,0,0,TTAGGG
haplotype2-0003033_Start,1000,0,1,TTAGGG
haplotype2-0003034_Start,1000,0,0,TTAGGG
haplotype2-0003035_Start,1000,0,1,TTAGGG
haplotype2-0003036_Start,1000,0,0,TTAGGG
haplotype2-0003037_Start,1000,0,0,TTAGGG
haplotype2-0003038_Start,1000,0,0,TTAGGG
haplotype2-0003039_Start,1000,0,0,TTAGGG
haplotype2-0003040_Start,1000,1,0,TTAGGG
haplotype2-0003041_Start,1000,1,0,TTAGGG
haplotype2-0003042_Start,1000,0,0,TTAGGG
haplotype2-0003043_Start,1000,0,0,TTAGGG
haplotype2-0003044_Start,1000,0,0,TTAGGG
haplotype2-0003045_Start,1000,0,0,TTAGGG
haplotype2-0003046_Start,1000,0,1,TTAGGG
haplotype2-0003047_Start,1000,0,1,TTAGGG
haplotype2-0003048_Start,1000,1,0,TTAGGG
haplotype2-0003049_Start,1000,1,1,TTAGGG
haplotype2-0003050_Start,1000,0,0,TTAGGG
haplotype2-0003051_Start,1000,0,0,TTAGGG
haplotype2-0003052_Start,1000,0,1,TTAGGG
haplotype2-0003053_Start,1000,0,0,TTAGGG
haplotype2-0003054_Start,1000,0,0,TTAGGG
haplotype2-0003055_Start,1000,0,0,TTAGGG
haplotype2-0003056_Start,1000,0,0,TTAGGG
haplotype2-0003057_Start,1000,0,0,TTAGGG
haplotype2-0003058_Start,1000,0,0,TTAGGG
haplotype2-0003059_Start,1000,0,0,TTAGGG
haplotype2-0003060_Start,1000,0,0,TTAGGG
haplotype2-0003061_Start,1000,0,0,TTAGGG
haplotype2-0003062_Start,1000,0,0,TTAGGG
haplotype2-0003063_Start,1000,0,0,TTAGGG
haplotype2-0003064_Start,1000,0,0,TTAGGG
haplotype2-0003065_Start,1000,0,0,TTAGGG
haplotype2-0003066_Start,1000,0,0,TTAGGG
haplotype2-0003067_Start,1000,0,1,TTAGGG
haplotype2-0003068_Start,1000,0,0,TTAGGG
haplotype2-0003069_Start,1000,0,0,TTAGGG
haplotype2-0003070_Start,1000,0,0,TTAGGG
haplotype2-0003071_Start,1000,0,0,TTAGGG
haplotype2-0003072_Start,1000,0,0,TTAGGG
haplotype2-0003073_Start,1000,0,0,TTAGGG
haplotype2-0003074_Start,1000,0,0,TTAGGG
haplotype2-0003075_Start,1000,0,0,TTAGGG
haplotype2-0003076_Start,1000,0,0,TTAGGG
haplotype2-0003077_Start,1000,1,0,TTAGGG
haplotype2-0003078_Start,1000,0,0,TTAGGG
haplotype2-0003079_Start,1000,1,0,TTAGGG
haplotype2-0003080_Start,1000,0,0,TTAGGG
haplotype2-0003081_Start,1000,0,0,TTAGGG
haplotype2-0003082_Start,1000,0,1,TTAGGG
haplotype2-0003083_Start,1000,0,0,TTAGGG
haplotype2-0003084_Start,1000,0,0,TTAGGG
haplotype2-0003085_Start,1000,0,0,TTAGGG
haplotype2-0003086_Start,1000,1,0,TTAGGG
haplotype2-0003087_Start,1000,0,0,TTAGGG
haplotype2-0003088_Start,1000,0,0,TTAGGG
haplotype2-0003089_Start,1000,0,0,TTAGGG
haplotype2-0003090_Start,1000,0,0,TTAGGG
haplotype2-0003091_Start,1000,0,1,TTAGGG
haplotype2-0003092_Start,1000,0,0,TTAGGG
haplotype2-0003093_Start,1000,1,2,TTAGGG
haplotype2-0003094_Start,1000,0,0,TTAGGG
haplotype2-0003095_Start,1000,0,1,TTAGGG
haplotype2-0003096_Start,1000,0,0,TTAGGG
haplotype2-0003097_Start,1000,0,0,TTAGGG
haplotype2-0003098_Start,1000,0,0,TTAGGG
haplotype2-0003099_Start,1000,0,0,TTAGGG
haplotype2-0003100_Start,1000,0,0,TTAGGG
haplotype2-0003101_Start,1000,0,0,TTAGGG
haplotype2-0003102_Start,1000,0,0,TTAGGG
haplotype2-0003103_Start,1000,0,0,TTAGGG
haplotype2-0003104_Start,1000,0,1,TTAGGG
haplotype2-0003105_Start,1000,0,1,TTAGGG
haplotype2-0003106_Start,1000,0,0,TTAGGG
haplotype2-0003107_Start,1000,0,0,TTAGGG
haplotype2-0003108_Start,1000,1,0,TTAGGG
haplotype2-0003109_Start,1000,0,0,TTAGGG
haplotype2-0003110_Start,1000,1,0,TTAGGG
haplotype2-0003111_Start,1000,1,0,TTAGGG
haplotype2-0003112_Start,1000,0,1,TTAGGG
haplotype2-0003113_Start,1000,0,0,TTAGGG
haplotype2-0003114_Start,1000,0,0,TTAGGG
haplotype2-0003115_Start,1000,0,0,TTAGGG
haplotype2-0003116_Start,1000,0,1,TTAGGG
haplotype2-0003117_Start,1000,0,0,TTAGGG
haplotype2-0003118_Start,1000,0,0,TTAGGG
haplotype2-0003119_Start,1000,0,1,TTAGGG
haplotype2-0003120_Start,1000,0,0,TTAGGG
haplotype2-0003121_Start,1000,0,0,TTAGGG
haplotype2-0003122_Start,1000,0,0,TTAGGG
haplotype2-0003123_Start,1000,0,0,TTAGGG
haplotype2-0003124_Start,1000,0,0,TTAGGG
haplotype2-0003125_Start,1000,1,1,TTAGGG
haplotype2-0003126_Start,1000,0,2,TTAGGG
haplotype2-0003127_Start,1000,0,1,TTAGGG
haplotype2-0003128_Start,1000,0,0,TTAGGG
haplotype2-0003129_Start,1000,0,0,TTAGGG
haplotype2-0003130_Start,1000,1,0,TTAGGG
haplotype2-0003131_Start,1000,0,0,TTAGGG
haplotype2-0003132_Start,1000,1,0,TTAGGG
haplotype2-0003133_Start,1000,0,1,TTAGGG
haplotype2-0003134_Start,1000,0,1,TTAGGG
haplotype2-0003135_Start,1000,0,0,TTAGGG
haplotype2-0003136_Start,1000,0,0,TTAGGG
haplotype2-0003137_Start,1000,1,0,TTAGGG
haplotype2-0003138_Start,1000,0,0,TTAGGG
haplotype2-0003139_Start,1000,0,0,TTAGGG
haplotype2-0003140_Start,1000,0,0,TTAGGG
haplotype2-0003141_Start,1000,0,0,TTAGGG
haplotype2-0003142_Start,1000,0,0,TTAGGG
haplotype2-0003143_Start,1000,0,0,TTAGGG
haplotype2-0003144_Start,1000,0,0,TTAGGG
haplotype2-0003145_Start,1000,0,0,TTAGGG
haplotype2-0003146_Start,1000,0,0,TTAGGG
haplotype2-0003147_Start,1000,1,1,TTAGGG
haplotype2-0003148_Start,1000,0,0,TTAGGG
haplotype2-0003149_Start,1000,0,0,TTAGGG
haplotype2-0003150_Start,1000,1,1,TTAGGG
haplotype2-0003151_Start,1000,0,0,TTAGGG
haplotype2-0003152_Start,1000,0,1,TTAGGG
haplotype2-0003153_Start,1000,0,1,TTAGGG
haplotype2-0003154_Start,1000,0,0,TTAGGG
haplotype2-0003155_Start,1000,0,1,TTAGGG
haplotype2-0003156_Start,1000,0,0,TTAGGG
haplotype2-0003157_Start,1000,0,0,TTAGGG
haplotype2-0003158_Start,1000,0,0,TTAGGG
haplotype2-0003159_Start,1000,0,0,TTAGGG
haplotype2-0003160_Start,1000,0,0,TTAGGG
haplotype2-0003161_Start,1000,0,0,TTAGGG
haplotype2-0003162_Start,1000,0,1,TTAGGG
haplotype2-0003163_Start,1000,0,0,TTAGGG
haplotype2-0003164_Start,1000,0,0,TTAGGG
haplotype2-0003165_Start,1000,0,1,TTAGGG
haplotype2-0003166_Start,1000,1,0,TTAGGG
haplotype2-0003167_Start,1000,0,0,TTAGGG
haplotype2-0003168_Start,1000,0,0,TTAGGG
haplotype2-0003169_Start,1000,1,0,TTAGGG
haplotype2-0003170_Start,1000,0,166,TTAGGG
haplotype2-0003171_Start,1000,0,0,TTAGGG
haplotype2-0003172_Start,1000,0,0,TTAGGG
haplotype2-0003173_Start,1000,1,0,TTAGGG
haplotype2-0003174_Start,1000,0,0,TTAGGG
haplotype2-0003175_Start,1000,0,0,TTAGGG
haplotype2-0003176_Start,1000,1,0,TTAGGG
haplotype2-0003177_Start,1000,1,0,TTAGGG
haplotype2-0003178_Start,1000,0,1,TTAGGG
haplotype2-0003179_Start,1000,0,0,TTAGGG
haplotype2-0003180_Start,1000,0,0,TTAGGG
haplotype2-0003181_Start,1000,0,0,TTAGGG
haplotype2-0003182_Start,1000,0,1,TTAGGG
haplotype2-0003183_Start,1000,0,0,TTAGGG
haplotype2-0003184_Start,1000,0,1,TTAGGG
haplotype2-0003185_Start,1000,0,0,TTAGGG
haplotype2-0003186_Start,1000,0,0,TTAGGG
haplotype2-0003187_Start,1000,0,0,TTAGGG
haplotype2-0003188_Start,1000,0,1,TTAGGG
haplotype2-0003189_Start,1000,0,0,TTAGGG
haplotype2-0003190_Start,1000,0,0,TTAGGG
haplotype2-0003191_Start,1000,0,0,TTAGGG
haplotype2-0003192_Start,1000,0,0,TTAGGG
haplotype2-0003193_Start,1000,0,0,TTAGGG
haplotype2-0003194_Start,1000,0,0,TTAGGG
haplotype2-0003195_Start,1000,0,0,TTAGGG
haplotype2-0003196_Start,1000,0,0,TTAGGG
haplotype2-0003197_Start,1000,0,0,TTAGGG
haplotype2-0003198_Start,1000,0,0,TTAGGG
haplotype2-0003199_Start,1000,0,0,TTAGGG
haplotype2-0003200_Start,1000,0,0,TTAGGG
haplotype2-0003201_Start,1000,1,0,TTAGGG
haplotype2-0003202_Start,1000,0,0,TTAGGG
haplotype2-0003203_Start,1000,0,0,TTAGGG
haplotype2-0003204_Start,1000,0,0,TTAGGG
haplotype2-0003205_Start,1000,0,0,TTAGGG
haplotype2-0003206_Start,1000,0,0,TTAGGG
haplotype2-0003207_Start,1000,1,0,TTAGGG
haplotype2-0003208_Start,1000,0,0,TTAGGG
haplotype2-0003209_Start,1000,0,0,TTAGGG
haplotype2-0003210_Start,1000,0,0,TTAGGG
haplotype2-0003211_Start,1000,1,0,TTAGGG
haplotype2-0003212_Start,1000,0,0,TTAGGG
haplotype2-0003213_Start,1000,0,0,TTAGGG
haplotype2-0003214_Start,1000,0,0,TTAGGG
haplotype2-0003215_Start,1000,1,0,TTAGGG
haplotype2-0003216_Start,1000,0,0,TTAGGG
haplotype2-0003217_Start,1000,0,0,TTAGGG
haplotype2-0003218_Start,1000,0,0,TTAGGG
haplotype2-0003219_Start,1000,0,0,TTAGGG
haplotype2-0003220_Start,1000,1,0,TTAGGG
haplotype2-0003221_Start,1000,1,0,TTAGGG
haplotype2-0003222_Start,1000,0,0,TTAGGG
haplotype2-0003223_Start,1000,0,0,TTAGGG
haplotype2-0003224_Start,1000,0,0,TTAGGG
haplotype2-0003225_Start,1000,0,1,TTAGGG
haplotype2-0003226_Start,1000,0,162,TTAGGG
haplotype2-0003227_Start,1000,0,1,TTAGGG
haplotype2-0003228_Start,1000,0,0,TTAGGG
haplotype2-0003229_Start,1000,0,0,TTAGGG
haplotype2-0003230_Start,1000,0,0,TTAGGG
haplotype2-0003231_Start,1000,0,0,TTAGGG
haplotype2-0003232_Start,1000,0,0,TTAGGG
haplotype2-0003233_Start,1000,0,0,TTAGGG
haplotype2-0003234_Start,1000,0,0,TTAGGG
haplotype2-0003235_Start,1000,0,0,TTAGGG
haplotype2-0003236_Start,1000,0,0,TTAGGG
haplotype2-0003237_Start,1000,0,0,TTAGGG
haplotype2-0003238_Start,1000,0,0,TTAGGG
haplotype2-0003239_Start,1000,0,0,TTAGGG
haplotype2-0003240_Start,1000,0,0,TTAGGG
haplotype2-0003241_Start,1000,0,0,TTAGGG
haplotype2-0003242_Start,1000,0,0,TTAGGG
haplotype2-0003243_Start,1000,0,0,TTAGGG
haplotype2-0003244_Start,1000,0,1,TTAGGG
haplotype2-0003245_Start,1000,0,0,TTAGGG
haplotype2-0003246_Start,1000,0,0,TTAGGG
haplotype2-0003247_Start,1000,0,1,TTAGGG
haplotype2-0003248_Start,1000,0,0,TTAGGG
haplotype2-0003249_Start,1000,0,0,TTAGGG
haplotype2-0003250_Start,1000,0,0,TTAGGG
haplotype2-0003251_Start,1000,0,0,TTAGGG
haplotype2-0003252_Start,1000,0,0,TTAGGG
haplotype2-0003253_Start,1000,1,0,TTAGGG
haplotype2-0003254_Start,1000,0,0,TTAGGG
haplotype2-0003255_Start,1000,1,0,TTAGGG
haplotype2-0003256_Start,1000,0,0,TTAGGG
haplotype2-0003257_Start,1000,0,0,TTAGGG
haplotype2-0003258_Start,1000,1,0,TTAGGG
haplotype2-0003259_Start,1000,0,0,TTAGGG
haplotype2-0003260_Start,1000,0,0,TTAGGG
haplotype2-0003261_Start,1000,0,0,TTAGGG
haplotype2-0003262_Start,1000,2,0,TTAGGG
haplotype2-0003263_Start,1000,0,0,TTAGGG
haplotype2-0003264_Start,1000,0,0,TTAGGG
haplotype2-0003265_Start,1000,0,0,TTAGGG
haplotype2-0003266_Start,1000,0,0,TTAGGG
haplotype2-0003267_Start,1000,0,1,TTAGGG
haplotype2-0003268_Start,1000,0,0,TTAGGG
haplotype2-0003269_Start,1000,0,0,TTAGGG
haplotype2-0003270_Start,1000,0,0,TTAGGG
haplotype2-0003271_Start,1000,1,0,TTAGGG
haplotype2-0003272_Start,1000,0,0,TTAGGG
haplotype2-0003273_Start,1000,0,1,TTAGGG
haplotype2-0003274_Start,1000,0,0,TTAGGG
haplotype2-0003275_Start,1000,0,1,TTAGGG
haplotype2-0003276_Start,1000,0,0,TTAGGG
haplotype2-0003277_Start,1000,1,0,TTAGGG
haplotype2-0003278_Start,1000,0,0,TTAGGG
haplotype2-0003279_Start,1000,0,0,TTAGGG
haplotype2-0003280_Start,1000,1,1,TTAGGG
haplotype2-0003281_Start,1000,0,0,TTAGGG
haplotype2-0003282_Start,1000,0,0,TTAGGG
haplotype2-0003283_Start,1000,0,0,TTAGGG
haplotype2-0003284_Start,1000,0,1,TTAGGG
haplotype2-0003285_Start,1000,0,1,TTAGGG
haplotype2-0003286_Start,1000,0,0,TTAGGG
haplotype2-0003287_Start,1000,0,0,TTAGGG
haplotype2-0003288_Start,1000,0,0,TTAGGG
haplotype2-0003289_Start,1000,0,0,TTAGGG
haplotype2-0003290_Start,1000,2,0,TTAGGG
haplotype2-0003291_Start,1000,0,0,TTAGGG
haplotype2-0003292_Start,1000,0,0,TTAGGG
haplotype2-0003293_Start,1000,0,0,TTAGGG
haplotype2-0003294_Start,1000,0,0,TTAGGG
haplotype2-0003295_Start,1000,0,1,TTAGGG
haplotype2-0003296_Start,1000,0,0,TTAGGG
haplotype2-0003297_Start,1000,0,0,TTAGGG
haplotype2-0003298_Start,1000,0,0,TTAGGG
haplotype2-0003299_Start,1000,0,0,TTAGGG
haplotype2-0003300_Start,1000,0,0,TTAGGG
haplotype2-0003301_Start,1000,0,1,TTAGGG
haplotype2-0003302_Start,1000,0,0,TTAGGG
haplotype2-0003303_Start,1000,0,1,TTAGGG
haplotype2-0003304_Start,1000,1,0,TTAGGG
haplotype2-0003305_Start,1000,0,0,TTAGGG
haplotype2-0003306_Start,1000,0,0,TTAGGG
haplotype2-0003307_Start,1000,0,0,TTAGGG
haplotype2-0003308_Start,1000,0,0,TTAGGG
haplotype2-0003309_Start,1000,0,0,TTAGGG
haplotype2-0003310_Start,1000,0,0,TTAGGG
haplotype2-0003311_Start,1000,0,0,TTAGGG
haplotype2-0003312_Start,1000,0,0,TTAGGG
haplotype2-0003313_Start,1000,0,1,TTAGGG
haplotype2-0003314_Start,1000,0,0,TTAGGG
haplotype2-0003315_Start,1000,1,0,TTAGGG
haplotype2-0003316_Start,1000,0,0,TTAGGG
haplotype2-0003317_Start,1000,0,0,TTAGGG
haplotype2-0003318_Start,1000,0,0,TTAGGG
haplotype2-0003319_Start,1000,0,0,TTAGGG
haplotype2-0003320_Start,1000,0,2,TTAGGG
haplotype2-0003321_Start,1000,0,163,TTAGGG
haplotype2-0003322_Start,1000,1,0,TTAGGG
haplotype2-0003323_Start,1000,0,0,TTAGGG
haplotype2-0003324_Start,1000,0,0,TTAGGG
haplotype2-0003325_Start,1000,0,0,TTAGGG
haplotype2-0003326_Start,1000,1,1,TTAGGG
haplotype2-0003327_Start,1000,0,0,TTAGGG
haplotype2-0003328_Start,1000,0,0,TTAGGG
haplotype2-0003329_Start,1000,0,0,TTAGGG
haplotype2-0003330_Start,1000,0,0,TTAGGG
haplotype2-0003331_Start,1000,0,0,TTAGGG
haplotype2-0003332_Start,1000,0,0,TTAGGG
haplotype2-0003333_Start,1000,0,0,TTAGGG
haplotype2-0003334_Start,1000,0,0,TTAGGG
haplotype2-0003335_Start,1000,0,0,TTAGGG
haplotype2-0003336_Start,1000,0,0,TTAGGG
haplotype2-0003337_Start,1000,0,0,TTAGGG
haplotype2-0003338_Start,1000,0,0,TTAGGG
haplotype2-0003339_Start,1000,0,0,TTAGGG
haplotype2-0003340_Start,1000,0,0,TTAGGG
haplotype2-0003341_Start,1000,0,0,TTAGGG
haplotype2-0003342_Start,1000,0,0,TTAGGG
haplotype2-0003343_Start,1000,0,0,TTAGGG
haplotype2-0003344_Start,1000,0,0,TTAGGG
haplotype2-0003345_Start,1000,0,0,TTAGGG
haplotype2-0003346_Start,1000,0,0,TTAGGG
haplotype2-0003347_Start,1000,0,0,TTAGGG
haplotype2-0003348_Start,1000,0,0,TTAGGG
haplotype2-0003349_Start,1000,0,0,TTAGGG
haplotype2-0003350_Start,1000,0,0,TTAGGG
haplotype2-0003351_Start,1000,0,0,TTAGGG
haplotype2-0003352_Start,1000,0,0,TTAGGG
haplotype2-0003353_Start,1000,0,1,TTAGGG
haplotype2-0003354_Start,1000,1,0,TTAGGG
haplotype2-0003355_Start,1000,0,0,TTAGGG
haplotype2-0003356_Start,1000,0,0,TTAGGG
haplotype2-0003357_Start,1000,0,1,TTAGGG
haplotype2-0003358_Start,1000,0,0,TTAGGG
haplotype2-0003359_Start,1000,0,0,TTAGGG
haplotype2-0003360_Start,1000,1,0,TTAGGG
haplotype2-0003361_Start,1000,0,1,TTAGGG
haplotype2-0003362_Start,1000,1,1,TTAGGG
haplotype2-0003363_Start,1000,0,1,TTAGGG
haplotype2-0003364_Start,1000,0,0,TTAGGG
haplotype2-0003365_Start,1000,2,0,TTAGGG
haplotype2-0003366_Start,1000,0,0,TTAGGG
haplotype2-0003367_Start,1000,0,1,TTAGGG
haplotype2-0003368_Start,1000,0,1,TTAGGG
haplotype2-0003369_Start,1000,0,0,TTAGGG
haplotype2-0003370_Start,1000,0,0,TTAGGG
haplotype2-0003371_Start,1000,0,1,TTAGGG
haplotype2-0003372_Start,1000,0,1,TTAGGG
haplotype2-0003373_Start,1000,0,0,TTAGGG
haplotype2-0003374_Start,1000,0,0,TTAGGG
haplotype2-0003375_Start,1000,0,0,TTAGGG
haplotype2-0003376_Start,1000,0,0,TTAGGG
haplotype2-0003377_Start,1000,0,0,TTAGGG
haplotype2-0003378_Start,1000,0,0,TTAGGG
haplotype2-0003379_Start,1000,0,1,TTAGGG
haplotype2-0003380_Start,1000,0,0,TTAGGG
haplotype2-0003381_Start,1000,0,0,TTAGGG
haplotype2-0003382_Start,1000,0,0,TTAGGG
haplotype2-0003383_Start,1000,0,1,TTAGGG
haplotype2-0003384_Start,1000,3,0,TTAGGG
haplotype2-0003385_Start,1000,0,0,TTAGGG
haplotype2-0003386_Start,1000,0,0,TTAGGG
haplotype2-0003387_Start,1000,0,0,TTAGGG
haplotype2-0003388_Start,1000,0,0,TTAGGG
haplotype2-0003389_Start,1000,0,0,TTAGGG
haplotype2-0003390_Start,1000,0,0,TTAGGG
haplotype2-0003391_Start,1000,0,0,TTAGGG
haplotype2-0003392_Start,1000,0,0,TTAGGG
haplotype2-0003393_Start,1000,0,0,TTAGGG
haplotype2-0003394_Start,1000,0,0,TTAGGG
haplotype2-0003395_Start,1000,1,0,TTAGGG
haplotype2-0003396_Start,1000,0,0,TTAGGG
haplotype2-0003397_Start,1000,0,0,TTAGGG
haplotype2-0003398_Start,1000,0,0,TTAGGG
haplotype2-0003399_Start,1000,0,0,TTAGGG
haplotype2-0003400_Start,1000,0,0,TTAGGG
haplotype2-0003401_Start,1000,0,0,TTAGGG
haplotype2-0003402_Start,1000,2,0,TTAGGG
haplotype2-0003403_Start,1000,0,0,TTAGGG
haplotype2-0003404_Start,1000,0,0,TTAGGG
haplotype2-0003405_Start,1000,0,0,TTAGGG
haplotype2-0003406_Start,1000,0,0,TTAGGG
haplotype2-0003407_Start,1000,1,0,TTAGGG
haplotype2-0003408_Start,1000,0,0,TTAGGG
haplotype2-0003409_Start,1000,1,0,TTAGGG
haplotype2-0003410_Start,1000,0,0,TTAGGG
haplotype2-0003411_Start,1000,1,0,TTAGGG
haplotype2-0003412_Start,1000,0,0,TTAGGG
haplotype2-0003413_Start,1000,0,0,TTAGGG
haplotype2-0003414_Start,1000,0,0,TTAGGG
haplotype2-0003415_Start,1000,0,0,TTAGGG
haplotype2-0003416_Start,1000,0,0,TTAGGG
haplotype2-0003417_Start,1000,0,0,TTAGGG
haplotype2-0003418_Start,1000,0,0,TTAGGG
haplotype2-0003419_Start,1000,0,0,TTAGGG
haplotype2-0003420_Start,1000,0,0,TTAGGG
haplotype2-0003421_Start,1000,0,0,TTAGGG
haplotype2-0003422_Start,1000,0,0,TTAGGG
haplotype2-0003423_Start,1000,0,0,TTAGGG
haplotype2-0003424_Start,1000,0,0,TTAGGG
haplotype2-0003425_Start,1000,0,0,TTAGGG
haplotype2-0003426_Start,1000,0,0,TTAGGG
haplotype2-0003427_Start,1000,0,1,TTAGGG
haplotype2-0003428_Start,1000,0,2,TTAGGG
haplotype2-0003429_Start,1000,0,0,TTAGGG
haplotype2-0003430_Start,1000,0,0,TTAGGG
haplotype2-0003431_Start,1000,0,0,TTAGGG
haplotype2-0003432_Start,1000,0,0,TTAGGG
haplotype2-0003433_Start,1000,1,0,TTAGGG
haplotype2-0003434_Start,1000,0,0,TTAGGG
haplotype2-0003435_Start,1000,0,0,TTAGGG
haplotype2-0003436_Start,1000,0,0,TTAGGG
haplotype2-0003437_Start,1000,0,1,TTAGGG
haplotype2-0003438_Start,1000,0,0,TTAGGG
haplotype2-0003439_Start,1000,1,0,TTAGGG
haplotype2-0003440_Start,1000,0,0,TTAGGG
haplotype2-0003441_Start,1000,0,0,TTAGGG
haplotype2-0003442_Start,1000,0,1,TTAGGG
haplotype2-0003443_Start,1000,0,0,TTAGGG
haplotype2-0003444_Start,1000,0,0,TTAGGG
haplotype2-0003445_Start,1000,0,0,TTAGGG
haplotype2-0003446_Start,1000,0,0,TTAGGG
haplotype2-0003447_Start,1000,0,0,TTAGGG
haplotype2-0003448_Start,1000,0,0,TTAGGG
haplotype2-0003449_Start,1000,0,0,TTAGGG
haplotype2-0003450_Start,1000,1,0,TTAGGG
haplotype2-0003451_Start,1000,1,0,TTAGGG
haplotype2-0003452_Start,1000,0,1,TTAGGG
haplotype2-0003453_Start,1000,0,0,TTAGGG
haplotype2-0003454_Start,1000,0,0,TTAGGG
haplotype2-0003455_Start,1000,0,1,TTAGGG
haplotype2-0003456_Start,1000,0,0,TTAGGG
haplotype2-0003457_Start,1000,0,0,TTAGGG
haplotype2-0003458_Start,1000,0,0,TTAGGG
haplotype2-0003459_Start,1000,0,0,TTAGGG
haplotype2-0003460_Start,1000,0,0,TTAGGG
haplotype2-0003461_Start,1000,0,0,TTAGGG
haplotype2-0003462_Start,1000,1,2,TTAGGG
haplotype2-0003463_Start,1000,0,0,TTAGGG
haplotype2-0003464_Start,1000,0,0,TTAGGG
haplotype2-0003465_Start,1000,0,0,TTAGGG
haplotype2-0003466_Start,1000,0,0,TTAGGG
haplotype2-0003467_Start,1000,0,0,TTAGGG
haplotype2-0003468_Start,1000,0,0,TTAGGG
haplotype2-0003469_Start,1000,0,0,TTAGGG
haplotype2-0003470_Start,1000,0,1,TTAGGG
haplotype2-0003471_Start,1000,0,0,TTAGGG
haplotype2-0003472_Start,1000,0,1,TTAGGG
haplotype2-0003473_Start,1000,2,0,TTAGGG
haplotype2-0003474_Start,1000,0,0,TTAGGG
haplotype2-0003475_Start,1000,0,0,TTAGGG
haplotype2-0003476_Start,1000,0,0,TTAGGG
haplotype2-0003477_Start,1000,0,0,TTAGGG
haplotype2-0003478_Start,1000,0,0,TTAGGG
haplotype2-0003479_Start,1000,0,2,TTAGGG
haplotype2-0003480_Start,1000,0,0,TTAGGG
haplotype2-0003481_Start,1000,0,0,TTAGGG
haplotype2-0003482_Start,1000,0,0,TTAGGG
haplotype2-0003483_Start,1000,0,0,TTAGGG
haplotype2-0003484_Start,1000,0,1,TTAGGG
haplotype2-0003485_Start,1000,0,1,TTAGGG
haplotype2-0003486_Start,1000,0,0,TTAGGG
haplotype2-0003487_Start,1000,2,0,TTAGGG
haplotype2-0003488_Start,1000,0,0,TTAGGG
haplotype2-0003489_Start,1000,0,0,TTAGGG
haplotype2-0003490_Start,1000,0,0,TTAGGG
haplotype2-0003491_Start,1000,0,1,TTAGGG
haplotype2-0003492_Start,1000,0,0,TTAGGG
haplotype2-0003493_Start,1000,0,0,TTAGGG
haplotype2-0003494_Start,1000,0,0,TTAGGG
haplotype2-0003495_Start,1000,0,0,TTAGGG
haplotype2-0003496_Start,1000,0,0,TTAGGG
haplotype2-0003497_Start,1000,0,0,TTAGGG
haplotype2-0003498_Start,1000,0,0,TTAGGG
haplotype2-0003499_Start,1000,0,0,TTAGGG
haplotype2-0003500_Start,1000,0,0,TTAGGG
haplotype2-0003501_Start,1000,0,2,TTAGGG
haplotype2-0003502_Start,1000,1,0,TTAGGG
haplotype2-0003503_Start,1000,0,0,TTAGGG
haplotype2-0003504_Start,1000,0,1,TTAGGG
haplotype2-0003505_Start,1000,0,0,TTAGGG
haplotype2-0003506_Start,1000,0,0,TTAGGG
haplotype2-0003507_Start,1000,0,0,TTAGGG
haplotype2-0003508_Start,1000,0,1,TTAGGG
haplotype2-0003509_Start,1000,0,2,TTAGGG
haplotype2-0003510_Start,1000,0,0,TTAGGG
haplotype2-0003511_Start,1000,1,0,TTAGGG
haplotype2-0003512_Start,1000,0,0,TTAGGG
haplotype2-0003513_Start,1000,0,0,TTAGGG
haplotype2-0003514_Start,1000,0,1,TTAGGG
haplotype2-0003515_Start,1000,1,0,TTAGGG
haplotype2-0003516_Start,1000,0,0,TTAGGG
haplotype2-0003517_Start,1000,0,0,TTAGGG
haplotype2-0003518_Start,1000,0,1,TTAGGG
haplotype2-0003519_Start,1000,0,0,TTAGGG
haplotype2-0003520_Start,1000,0,0,TTAGGG
haplotype2-0003521_Start,1000,0,0,TTAGGG
haplotype2-0003522_Start,1000,0,0,TTAGGG
haplotype2-0003523_Start,1000,0,0,TTAGGG
haplotype2-0003524_Start,1000,0,0,TTAGGG
haplotype2-0003525_Start,1000,0,0,TTAGGG
haplotype2-0003526_Start,1000,0,0,TTAGGG
haplotype2-0003527_Start,1000,0,0,TTAGGG
haplotype2-0003528_Start,1000,0,0,TTAGGG
haplotype2-0003529_Start,1000,0,1,TTAGGG
haplotype2-0003530_Start,1000,0,0,TTAGGG
haplotype2-0003531_Start,1000,0,0,TTAGGG
haplotype2-0003532_Start,1000,0,0,TTAGGG
haplotype2-0003533_Start,1000,0,0,TTAGGG
haplotype2-0003534_Start,1000,0,0,TTAGGG
haplotype2-0003535_Start,1000,1,0,TTAGGG
haplotype2-0003536_Start,1000,0,1,TTAGGG
haplotype2-0003537_Start,1000,1,0,TTAGGG
haplotype2-0003538_Start,1000,0,0,TTAGGG
haplotype2-0003539_Start,1000,0,0,TTAGGG
haplotype2-0003540_Start,1000,0,1,TTAGGG
haplotype2-0003541_Start,1000,2,0,TTAGGG
haplotype2-0003542_Start,1000,0,0,TTAGGG
haplotype2-0003543_Start,1000,0,0,TTAGGG
haplotype2-0003544_Start,1000,0,0,TTAGGG
haplotype2-0003545_Start,1000,0,0,TTAGGG
haplotype2-0003546_Start,1000,1,0,TTAGGG
haplotype2-0003547_Start,1000,0,0,TTAGGG
haplotype2-0003548_Start,1000,0,0,TTAGGG
haplotype2-0003549_Start,1000,0,0,TTAGGG
haplotype2-0003550_Start,1000,0,0,TTAGGG
haplotype2-0003551_Start,1000,0,0,TTAGGG
haplotype2-0003552_Start,1000,0,0,TTAGGG
haplotype2-0003553_Start,1000,0,0,TTAGGG
haplotype2-0003554_Start,1000,0,0,TTAGGG
haplotype2-0003555_Start,1000,0,0,TTAGGG
haplotype2-0003556_Start,1000,2,0,TTAGGG
haplotype2-0003557_Start,1000,0,1,TTAGGG
haplotype2-0003558_Start,1000,0,0,TTAGGG
haplotype2-0003559_Start,1000,0,0,TTAGGG
haplotype2-0003560_Start,1000,0,0,TTAGGG
haplotype2-0003561_Start,1000,0,0,TTAGGG
haplotype2-0003562_Start,1000,1,0,TTAGGG
haplotype2-0003563_Start,1000,0,1,TTAGGG
haplotype2-0003564_Start,1000,1,0,TTAGGG
haplotype2-0003565_Start,1000,0,0,TTAGGG
haplotype2-0003566_Start,1000,0,0,TTAGGG
haplotype2-0003567_Start,1000,0,0,TTAGGG
haplotype2-0003568_Start,1000,0,0,TTAGGG
haplotype2-0003569_Start,1000,0,1,TTAGGG
haplotype2-0003570_Start,1000,0,0,TTAGGG
haplotype2-0003571_Start,1000,0,1,TTAGGG
haplotype2-0003572_Start,1000,0,0,TTAGGG
haplotype2-0003573_Start,1000,0,0,TTAGGG
haplotype2-0003574_Start,1000,0,0,TTAGGG
haplotype2-0003575_Start,1000,1,1,TTAGGG
haplotype2-0003576_Start,1000,0,0,TTAGGG
haplotype2-0003577_Start,1000,0,0,TTAGGG
haplotype2-0003578_Start,1000,0,0,TTAGGG
haplotype2-0003579_Start,1000,0,0,TTAGGG
haplotype2-0003580_Start,1000,0,0,TTAGGG
haplotype2-0003581_Start,1000,0,0,TTAGGG
haplotype2-0003582_Start,1000,0,0,TTAGGG
haplotype2-0003583_Start,1000,0,0,TTAGGG
haplotype2-0003584_Start,1000,0,0,TTAGGG
haplotype2-0003585_Start,1000,0,0,TTAGGG
haplotype2-0003586_Start,1000,1,0,TTAGGG
haplotype2-0003587_Start,1000,2,0,TTAGGG
haplotype2-0003588_Start,1000,1,1,TTAGGG
haplotype2-0003589_Start,1000,0,0,TTAGGG
haplotype2-0003590_Start,1000,0,0,TTAGGG
haplotype2-0003591_Start,1000,0,0,TTAGGG
haplotype2-0003592_Start,1000,1,0,TTAGGG
haplotype2-0003593_Start,1000,0,1,TTAGGG
haplotype2-0003594_Start,1000,0,0,TTAGGG
haplotype2-0003595_Start,1000,0,0,TTAGGG
haplotype2-0003596_Start,1000,0,0,TTAGGG
haplotype2-0003597_Start,1000,0,1,TTAGGG
haplotype2-0003598_Start,1000,0,0,TTAGGG
haplotype2-0003599_Start,1000,0,1,TTAGGG
haplotype2-0003600_Start,1000,0,0,TTAGGG
haplotype2-0003601_Start,1000,0,0,TTAGGG
haplotype2-0003602_Start,1000,1,0,TTAGGG
haplotype2-0003603_Start,1000,0,0,TTAGGG
haplotype2-0003604_Start,1000,0,1,TTAGGG
haplotype2-0003605_Start,1000,0,0,TTAGGG
haplotype2-0003606_Start,1000,0,0,TTAGGG
haplotype2-0003607_Start,1000,1,1,TTAGGG
haplotype2-0003608_Start,1000,0,0,TTAGGG
haplotype2-0003609_Start,1000,0,0,TTAGGG
haplotype2-0003610_Start,1000,0,0,TTAGGG
haplotype2-0003611_Start,1000,0,0,TTAGGG
haplotype2-0003612_Start,1000,0,0,TTAGGG
haplotype2-0003613_Start,1000,0,0,TTAGGG
haplotype2-0003614_Start,1000,0,0,TTAGGG
haplotype2-0003615_Start,1000,0,1,TTAGGG
haplotype2-0003616_Start,1000,0,2,TTAGGG
haplotype2-0003617_Start,1000,1,0,TTAGGG
haplotype2-0003618_Start,1000,0,1,TTAGGG
haplotype2-0003619_Start,1000,0,0,TTAGGG
haplotype2-0003620_Start,1000,0,0,TTAGGG
haplotype2-0003621_Start,1000,0,0,TTAGGG
haplotype2-0003622_Start,1000,1,0,TTAGGG
haplotype2-0003623_Start,1000,0,0,TTAGGG
haplotype2-0003624_Start,1000,0,0,TTAGGG
haplotype2-0003625_Start,1000,0,0,TTAGGG
haplotype2-0003626_Start,1000,0,0,TTAGGG
haplotype2-0003627_Start,1000,0,0,TTAGGG
haplotype2-0003628_Start,1000,0,0,TTAGGG
haplotype2-0003629_Start,1000,0,0,TTAGGG
haplotype2-0003630_Start,1000,0,0,TTAGGG
haplotype2-0003631_Start,1000,1,0,TTAGGG
haplotype2-0003632_Start,1000,0,0,TTAGGG
haplotype2-0003633_Start,1000,0,1,TTAGGG
haplotype2-0003634_Start,1000,0,0,TTAGGG
haplotype2-0003635_Start,1000,0,1,TTAGGG
haplotype2-0003636_Start,1000,0,0,TTAGGG
haplotype2-0003637_Start,1000,0,0,TTAGGG
haplotype2-0003638_Start,1000,0,1,TTAGGG
haplotype2-0003639_Start,1000,0,0,TTAGGG
haplotype2-0003640_Start,1000,1,0,TTAGGG
haplotype2-0003641_Start,1000,0,0,TTAGGG
haplotype2-0003642_Start,1000,0,0,TTAGGG
haplotype2-0003643_Start,1000,0,1,TTAGGG
haplotype2-0003644_Start,1000,0,0,TTAGGG
haplotype2-0003645_Start,1000,0,0,TTAGGG
haplotype2-0003646_Start,1000,0,0,TTAGGG
haplotype2-0003647_Start,1000,0,1,TTAGGG
haplotype2-0003648_Start,1000,1,0,TTAGGG
haplotype2-0003649_Start,1000,0,0,TTAGGG
haplotype2-0003650_Start,1000,0,0,TTAGGG
haplotype2-0003651_Start,1000,0,0,TTAGGG
haplotype2-0003652_Start,1000,0,0,TTAGGG
haplotype2-0003653_Start,1000,0,0,TTAGGG
haplotype2-0003654_Start,1000,0,0,TTAGGG
haplotype2-0003655_Start,1000,0,0,TTAGGG
haplotype2-0003656_Start,1000,2,0,TTAGGG
haplotype2-0003657_Start,1000,0,0,TTAGGG
haplotype2-0003658_Start,1000,0,0,TTAGGG
haplotype2-0003659_Start,1000,0,0,TTAGGG
haplotype2-0003660_Start,1000,0,0,TTAGGG
haplotype2-0003661_Start,1000,0,0,TTAGGG
haplotype2-0003662_Start,1000,1,0,TTAGGG
haplotype2-0003663_Start,1000,0,0,TTAGGG
haplotype2-0003664_Start,1000,0,0,TTAGGG
haplotype2-0003665_Start,1000,0,0,TTAGGG
haplotype2-0003666_Start,1000,0,0,TTAGGG
haplotype2-0003667_Start,1000,0,0,TTAGGG
haplotype2-0003668_Start,1000,0,0,TTAGGG
haplotype2-0003669_Start,1000,0,0,TTAGGG
haplotype2-0003670_Start,1000,0,0,TTAGGG
haplotype2-0003671_Start,1000,0,0,TTAGGG
haplotype2-0003672_Start,1000,0,0,TTAGGG
haplotype2-0003673_Start,1000,0,0,TTAGGG
haplotype2-0003674_Start,1000,0,0,TTAGGG
haplotype2-0003675_Start,1000,0,1,TTAGGG
haplotype2-0003676_Start,1000,0,0,TTAGGG
haplotype2-0003677_Start,1000,0,0,TTAGGG
haplotype2-0003678_Start,1000,0,0,TTAGGG
haplotype2-0003679_Start,1000,0,0,TTAGGG
haplotype2-0003680_Start,1000,0,1,TTAGGG
haplotype2-0003681_Start,1000,0,0,TTAGGG
haplotype2-0003682_Start,1000,0,0,TTAGGG
haplotype2-0003683_Start,1000,0,0,TTAGGG
haplotype2-0003684_Start,1000,0,0,TTAGGG
haplotype2-0003685_Start,1000,0,0,TTAGGG
haplotype2-0003686_Start,1000,0,0,TTAGGG
haplotype2-0003687_Start,1000,1,0,TTAGGG
haplotype2-0003688_Start,1000,0,0,TTAGGG
haplotype2-0003689_Start,1000,0,0,TTAGGG
haplotype2-0003690_Start,1000,0,0,TTAGGG
haplotype2-0003691_Start,1000,0,0,TTAGGG
haplotype2-0003692_Start,1000,0,0,TTAGGG
haplotype2-0003693_Start,1000,1,0,TTAGGG
haplotype2-0003694_Start,1000,0,0,TTAGGG
haplotype2-0003695_Start,1000,0,0,TTAGGG
haplotype2-0003696_Start,1000,0,0,TTAGGG
haplotype2-0003697_Start,1000,0,0,TTAGGG
haplotype2-0003698_Start,1000,0,1,TTAGGG
haplotype2-0003699_Start,1000,0,0,TTAGGG
haplotype2-0003700_Start,1000,0,0,TTAGGG
haplotype2-0003701_Start,1000,0,0,TTAGGG
haplotype2-0003702_Start,1000,2,0,TTAGGG
haplotype2-0003703_Start,1000,0,0,TTAGGG
haplotype2-0003704_Start,1000,1,0,TTAGGG
haplotype2-0003705_Start,1000,0,0,TTAGGG
haplotype2-0003706_Start,1000,0,0,TTAGGG
haplotype2-0003707_Start,1000,0,0,TTAGGG
haplotype2-0003708_Start,1000,0,0,TTAGGG
haplotype2-0003709_Start,1000,0,0,TTAGGG
haplotype2-0003710_Start,1000,0,0,TTAGGG
haplotype2-0003711_Start,1000,0,0,TTAGGG
haplotype2-0003712_Start,1000,0,0,TTAGGG
haplotype2-0003713_Start,1000,0,0,TTAGGG
haplotype2-0003714_Start,1000,0,0,TTAGGG
haplotype2-0003715_Start,1000,0,0,TTAGGG
haplotype2-0003716_Start,1000,0,0,TTAGGG
haplotype2-0003717_Start,1000,0,0,TTAGGG
haplotype2-0003718_Start,1000,0,0,TTAGGG
haplotype2-0003719_Start,1000,0,0,TTAGGG
haplotype2-0003720_Start,1000,0,0,TTAGGG
haplotype2-0003721_Start,1000,0,0,TTAGGG
haplotype2-0003722_Start,1000,0,0,TTAGGG
haplotype2-0003723_Start,1000,0,0,TTAGGG
haplotype2-0003724_Start,1000,0,0,TTAGGG
haplotype2-0003725_Start,1000,0,0,TTAGGG
haplotype2-0003726_Start,1000,0,1,TTAGGG
haplotype2-0003727_Start,1000,0,0,TTAGGG
haplotype2-0003728_Start,1000,1,0,TTAGGG
haplotype2-0003729_Start,1000,0,0,TTAGGG
haplotype2-0003730_Start,1000,0,0,TTAGGG
haplotype2-0003731_Start,1000,0,0,TTAGGG
haplotype2-0003732_Start,1000,0,0,TTAGGG
haplotype2-0003733_Start,1000,0,0,TTAGGG
haplotype2-0003734_Start,1000,1,1,TTAGGG
haplotype2-0003735_Start,1000,0,0,TTAGGG
haplotype2-0003736_Start,1000,1,1,TTAGGG
haplotype2-0003737_Start,1000,0,0,TTAGGG
haplotype2-0003738_Start,1000,0,0,TTAGGG
haplotype2-0003739_Start,1000,0,0,TTAGGG
haplotype2-0003740_Start,1000,0,0,TTAGGG
haplotype2-0003741_Start,1000,0,0,TTAGGG
haplotype2-0003742_Start,1000,0,0,TTAGGG
haplotype2-0003743_Start,1000,0,0,TTAGGG
haplotype2-0003744_Start,1000,0,0,TTAGGG
haplotype2-0003745_Start,1000,0,0,TTAGGG
haplotype2-0003746_Start,1000,1,0,TTAGGG
haplotype2-0003747_Start,1000,0,0,TTAGGG
haplotype2-0003748_Start,1000,0,0,TTAGGG
haplotype2-0003749_Start,1000,0,0,TTAGGG
haplotype2-0003750_Start,1000,0,0,TTAGGG
haplotype2-0003751_Start,1000,2,0,TTAGGG
haplotype2-0003752_Start,1000,0,0,TTAGGG
haplotype2-0003753_Start,1000,1,0,TTAGGG
haplotype2-0003754_Start,1000,0,0,TTAGGG
haplotype2-0003755_Start,1000,0,0,TTAGGG
haplotype2-0003756_Start,1000,0,0,TTAGGG
haplotype2-0003757_Start,1000,0,0,TTAGGG
haplotype2-0003758_Start,1000,0,0,TTAGGG
haplotype2-0003759_Start,1000,0,1,TTAGGG
haplotype2-0003760_Start,1000,0,0,TTAGGG
haplotype2-0003761_Start,1000,0,0,TTAGGG
haplotype2-0003762_Start,1000,0,0,TTAGGG
haplotype2-0003763_Start,1000,3,0,TTAGGG
haplotype2-0003764_Start,1000,0,0,TTAGGG
haplotype2-0003765_Start,1000,0,0,TTAGGG
haplotype2-0003766_Start,1000,0,2,TTAGGG
haplotype2-0003767_Start,1000,0,0,TTAGGG
haplotype2-0003768_Start,1000,0,0,TTAGGG
haplotype2-0003769_Start,1000,0,0,TTAGGG
haplotype2-0003770_Start,1000,0,0,TTAGGG
haplotype2-0003771_Start,1000,0,1,TTAGGG
haplotype2-0003772_Start,1000,0,0,TTAGGG
haplotype2-0003773_Start,1000,0,0,TTAGGG
haplotype2-0003774_Start,1000,0,0,TTAGGG
haplotype2-0003775_Start,1000,0,0,TTAGGG
haplotype2-0003776_Start,1000,1,1,TTAGGG
haplotype2-0003777_Start,1000,0,0,TTAGGG
haplotype2-0003778_Start,1000,0,0,TTAGGG
haplotype2-0003779_Start,1000,0,0,TTAGGG
haplotype2-0003780_Start,1000,0,0,TTAGGG
haplotype2-0003781_Start,1000,0,0,TTAGGG
haplotype2-0003782_Start,1000,1,1,TTAGGG
haplotype2-0003783_Start,1000,0,1,TTAGGG
haplotype2-0003784_Start,1000,0,0,TTAGGG
haplotype2-0003785_Start,1000,1,0,TTAGGG
haplotype2-0003786_Start,1000,0,0,TTAGGG
haplotype2-0003787_Start,1000,0,0,TTAGGG
haplotype2-0003788_Start,1000,0,0,TTAGGG
haplotype2-0003789_Start,1000,1,1,TTAGGG
haplotype2-0003790_Start,1000,0,0,TTAGGG
haplotype2-0003791_Start,1000,0,0,TTAGGG
haplotype2-0003792_Start,1000,1,1,TTAGGG
haplotype2-0003793_Start,1000,1,0,TTAGGG
haplotype2-0003794_Start,1000,0,0,TTAGGG
haplotype2-0003795_Start,1000,0,0,TTAGGG
haplotype2-0003796_Start,1000,0,0,TTAGGG
haplotype2-0003797_Start,1000,0,0,TTAGGG
haplotype2-0003798_Start,1000,0,0,TTAGGG
haplotype2-0003799_Start,1000,0,1,TTAGGG
haplotype2-0003800_Start,1000,0,0,TTAGGG
haplotype2-0003801_Start,1000,0,1,TTAGGG
haplotype2-0003802_Start,1000,1,0,TTAGGG
haplotype2-0003803_Start,1000,0,0,TTAGGG
haplotype2-0003804_Start,1000,0,0,TTAGGG
haplotype2-0003805_Start,1000,0,0,TTAGGG
haplotype2-0003806_Start,1000,0,0,TTAGGG
haplotype2-0003807_Start,1000,1,0,TTAGGG
haplotype2-0003808_Start,1000,0,0,TTAGGG
haplotype2-0003809_Start,1000,0,0,TTAGGG
haplotype2-0003810_Start,1000,0,0,TTAGGG
haplotype2-0003811_Start,1000,0,0,TTAGGG
haplotype2-0003812_Start,1000,0,0,TTAGGG
haplotype2-0003813_Start,1000,0,0,TTAGGG
haplotype2-0003814_Start,1000,0,0,TTAGGG
haplotype2-0003815_Start,1000,0,1,TTAGGG
haplotype2-0003816_Start,1000,1,0,TTAGGG
haplotype2-0003817_Start,1000,0,0,TTAGGG
haplotype2-0003818_Start,1000,0,0,TTAGGG
haplotype2-0003819_Start,1000,0,0,TTAGGG
haplotype2-0003820_Start,1000,0,0,TTAGGG
haplotype2-0003821_Start,1000,0,0,TTAGGG
haplotype2-0003822_Start,1000,0,0,TTAGGG
haplotype2-0003823_Start,1000,0,1,TTAGGG
haplotype2-0003824_Start,1000,1,1,TTAGGG
haplotype2-0003825_Start,1000,0,0,TTAGGG
haplotype2-0003826_Start,1000,0,0,TTAGGG
haplotype2-0003827_Start,1000,1,0,TTAGGG
haplotype2-0003828_Start,1000,0,0,TTAGGG
haplotype2-0003829_Start,1000,0,0,TTAGGG
haplotype2-0003830_Start,1000,0,0,TTAGGG
haplotype2-0003831_Start,1000,1,1,TTAGGG
haplotype2-0003832_Start,1000,0,0,TTAGGG
haplotype2-0003833_Start,1000,0,0,TTAGGG
haplotype2-0003834_Start,1000,0,0,TTAGGG
haplotype2-0003835_Start,1000,0,0,TTAGGG
haplotype2-0003836_Start,1000,0,0,TTAGGG
haplotype2-0003837_Start,1000,1,0,TTAGGG
haplotype2-0003838_Start,1000,1,0,TTAGGG
haplotype2-0003839_Start,1000,0,0,TTAGGG
haplotype2-0003840_Start,1000,0,0,TTAGGG
haplotype2-0003841_Start,1000,0,1,TTAGGG
haplotype2-0003842_Start,1000,1,0,TTAGGG
haplotype2-0003843_Start,1000,0,0,TTAGGG
haplotype2-0003844_Start,1000,0,0,TTAGGG
haplotype2-0003845_Start,1000,0,0,TTAGGG
haplotype2-0003846_Start,1000,0,0,TTAGGG
haplotype2-0003847_Start,1000,1,0,TTAGGG
haplotype2-0003848_Start,1000,0,0,TTAGGG
haplotype2-0003849_Start,1000,1,1,TTAGGG
haplotype2-0003850_Start,1000,0,0,TTAGGG
haplotype2-0003851_Start,1000,0,0,TTAGGG
haplotype2-0003852_Start,1000,0,0,TTAGGG
haplotype2-0003853_Start,1000,0,0,TTAGGG
haplotype2-0003854_Start,1000,0,0,TTAGGG
haplotype2-0003855_Start,1000,0,0,TTAGGG
haplotype2-0003856_Start,1000,0,0,TTAGGG
haplotype2-0003857_Start,1000,0,0,TTAGGG
haplotype2-0003858_Start,1000,0,0,TTAGGG
haplotype2-0003859_Start,1000,1,1,TTAGGG
haplotype2-0003860_Start,1000,1,0,TTAGGG
haplotype2-0003861_Start,1000,1,0,TTAGGG
haplotype2-0003862_Start,1000,0,0,TTAGGG
haplotype2-0003863_Start,1000,2,0,TTAGGG
haplotype2-0003864_Start,1000,0,0,TTAGGG
haplotype2-0003865_Start,1000,0,2,TTAGGG
haplotype2-0003866_Start,1000,0,166,TTAGGG
haplotype2-0003867_Start,1000,0,0,TTAGGG
haplotype2-0003868_Start,1000,0,2,TTAGGG
haplotype2-0003869_Start,1000,0,0,TTAGGG
haplotype2-0003870_Start,1000,0,0,TTAGGG
haplotype2-0003871_Start,1000,0,1,TTAGGG
haplotype2-0003872_Start,1000,0,0,TTAGGG
haplotype2-0003873_Start,1000,0,0,TTAGGG
haplotype2-0003874_Start,1000,0,0,TTAGGG
haplotype2-0003875_Start,1000,0,0,TTAGGG
haplotype2-0003876_Start,1000,0,0,TTAGGG
haplotype2-0003877_Start,1000,0,1,TTAGGG
haplotype2-0003878_Start,1000,0,0,TTAGGG
haplotype2-0003879_Start,1000,1,0,TTAGGG
haplotype2-0003880_Start,1000,0,0,TTAGGG
haplotype2-0003881_Start,1000,0,0,TTAGGG
haplotype2-0003882_Start,1000,0,163,TTAGGG
haplotype2-0003883_Start,1000,0,0,TTAGGG
haplotype2-0003884_Start,1000,0,0,TTAGGG
haplotype2-0003885_Start,1000,1,0,TTAGGG
haplotype2-0003886_Start,1000,0,0,TTAGGG
haplotype2-0003887_Start,1000,0,0,TTAGGG
haplotype2-0003888_Start,1000,0,0,TTAGGG
haplotype2-0003889_Start,1000,0,0,TTAGGG
haplotype2-0003890_Start,1000,0,1,TTAGGG
haplotype2-0003891_Start,1000,0,0,TTAGGG
haplotype2-0003892_Start,1000,1,0,TTAGGG
haplotype2-0003893_Start,1000,0,0,TTAGGG
haplotype2-0003894_Start,1000,0,0,TTAGGG
haplotype2-0003895_Start,1000,0,0,TTAGGG
haplotype2-0003896_Start,1000,1,0,TTAGGG
haplotype2-0003897_Start,1000,0,0,TTAGGG
haplotype2-0003898_Start,1000,0,0,TTAGGG
haplotype2-0003899_Start,1000,0,0,TTAGGG
haplotype2-0003900_Start,1000,0,0,TTAGGG
haplotype2-0003901_Start,1000,1,0,TTAGGG
haplotype2-0003902_Start,1000,0,0,TTAGGG
haplotype2-0003903_Start,1000,0,0,TTAGGG
haplotype2-0003904_Start,1000,0,0,TTAGGG
haplotype2-0003905_Start,1000,0,0,TTAGGG
haplotype2-0003906_Start,1000,0,0,TTAGGG
haplotype2-0003907_Start,1000,0,0,TTAGGG
haplotype2-0003908_Start,1000,0,0,TTAGGG
haplotype2-0003909_Start,1000,1,0,TTAGGG
haplotype2-0003910_Start,1000,0,0,TTAGGG
haplotype2-0003911_Start,1000,0,0,TTAGGG
haplotype2-0003912_Start,1000,1,0,TTAGGG
haplotype2-0003913_Start,1000,0,0,TTAGGG
haplotype2-0003914_Start,1000,0,1,TTAGGG
haplotype2-0003915_Start,1000,0,0,TTAGGG
haplotype2-0003916_Start,1000,0,0,TTAGGG
haplotype2-0003917_Start,1000,1,0,TTAGGG
haplotype2-0003918_Start,1000,0,1,TTAGGG
haplotype2-0003919_Start,1000,0,0,TTAGGG
haplotype2-0003920_Start,1000,1,0,TTAGGG
haplotype2-0003921_Start,1000,0,0,TTAGGG
haplotype2-0003922_Start,1000,0,0,TTAGGG
haplotype2-0003923_Start,1000,0,0,TTAGGG
haplotype2-0003924_Start,1000,0,0,TTAGGG
haplotype2-0003925_Start,1000,0,1,TTAGGG
haplotype2-0003926_Start,1000,0,0,TTAGGG
haplotype2-0003927_Start,1000,0,0,TTAGGG
haplotype2-0003928_Start,1000,0,0,TTAGGG
haplotype2-0003929_Start,1000,0,0,TTAGGG
haplotype2-0003930_Start,1000,0,2,TTAGGG
haplotype2-0003931_Start,1000,0,0,TTAGGG
haplotype2-0003932_Start,1000,0,0,TTAGGG
haplotype2-0003933_Start,1000,0,0,TTAGGG
haplotype2-0003934_Start,1000,1,0,TTAGGG
haplotype2-0003935_Start,1000,0,0,TTAGGG
haplotype2-0003936_Start,1000,0,0,TTAGGG
haplotype2-0003937_Start,1000,0,1,TTAGGG
haplotype2-0003938_Start,1000,0,0,TTAGGG
haplotype2-0003939_Start,1000,0,0,TTAGGG
haplotype2-0003940_Start,1000,0,0,TTAGGG
haplotype2-0003941_Start,1000,0,0,TTAGGG
haplotype2-0003942_Start,1000,0,1,TTAGGG
haplotype2-0003943_Start,1000,0,0,TTAGGG
haplotype2-0003944_Start,1000,0,0,TTAGGG
haplotype2-0003945_Start,1000,0,0,TTAGGG
haplotype2-0003946_Start,1000,0,0,TTAGGG
haplotype2-0003947_Start,1000,0,0,TTAGGG
haplotype2-0003948_Start,1000,0,0,TTAGGG
haplotype2-0003949_Start,1000,0,0,TTAGGG
haplotype2-0003950_Start,1000,0,0,TTAGGG
haplotype2-0003951_Start,1000,0,0,TTAGGG
haplotype2-0003952_Start,1000,0,0,TTAGGG
haplotype2-0003953_Start,1000,0,1,TTAGGG
haplotype2-0003954_Start,1000,1,1,TTAGGG
haplotype2-0003955_Start,1000,0,0,TTAGGG
haplotype2-0003956_Start,1000,0,0,TTAGGG
haplotype2-0003957_Start,1000,0,1,TTAGGG
haplotype2-0003958_Start,1000,0,0,TTAGGG
haplotype2-0003959_Start,1000,0,0,TTAGGG
haplotype2-0003960_Start,1000,0,1,TTAGGG
haplotype2-0003961_Start,1000,2,0,TTAGGG
haplotype2-0003962_Start,1000,0,0,TTAGGG
haplotype2-0003963_Start,1000,2,1,TTAGGG
haplotype2-0003964_Start,1000,0,0,TTAGGG
haplotype2-0003965_Start,1000,0,0,TTAGGG
haplotype2-0003966_Start,1000,1,0,TTAGGG
haplotype2-0003967_Start,1000,0,0,TTAGGG
haplotype2-0003968_Start,1000,0,0,TTAGGG
haplotype2-0003969_Start,1000,0,0,TTAGGG
haplotype2-0003970_Start,1000,0,0,TTAGGG
haplotype2-0003971_Start,1000,0,0,TTAGGG
haplotype2-0003972_Start,1000,0,0,TTAGGG
haplotype2-0003973_Start,1000,0,0,TTAGGG
haplotype2-0003974_Start,1000,0,0,TTAGGG
haplotype2-0003975_Start,1000,0,0,TTAGGG
haplotype2-0003976_Start,1000,0,0,TTAGGG
haplotype2-0003977_Start,1000,1,0,TTAGGG
haplotype2-0003978_Start,1000,0,1,TTAGGG
haplotype2-0003979_Start,1000,0,0,TTAGGG
haplotype2-0003980_Start,1000,0,0,TTAGGG
haplotype2-0003981_Start,1000,0,0,TTAGGG
haplotype2-0003982_Start,1000,0,0,TTAGGG
haplotype2-0003983_Start,1000,0,0,TTAGGG
haplotype2-0003984_Start,1000,0,0,TTAGGG
haplotype2-0003985_Start,1000,0,0,TTAGGG
haplotype2-0003986_Start,1000,0,0,TTAGGG
haplotype2-0003987_Start,1000,0,0,TTAGGG
haplotype2-0003988_Start,1000,1,0,TTAGGG
haplotype2-0003989_Start,1000,0,0,TTAGGG
haplotype2-0003990_Start,1000,0,0,TTAGGG
haplotype2-0003991_Start,1000,1,0,TTAGGG
haplotype2-0003992_Start,1000,1,0,TTAGGG
haplotype2-0003993_Start,1000,0,0,TTAGGG
haplotype2-0003994_Start,1000,0,0,TTAGGG
haplotype2-0003995_Start,1000,0,0,TTAGGG
haplotype2-0003996_Start,1000,0,0,TTAGGG
haplotype2-0003997_Start,1000,0,0,TTAGGG
haplotype2-0003998_Start,1000,0,0,TTAGGG
haplotype2-0003999_Start,1000,0,0,TTAGGG
haplotype2-0004000_Start,1000,0,2,TTAGGG
haplotype2-0004001_Start,1000,0,0,TTAGGG
haplotype2-0004002_Start,1000,0,0,TTAGGG
haplotype2-0004003_Start,1000,0,0,TTAGGG
haplotype2-0004004_Start,1000,0,0,TTAGGG
haplotype2-0004005_Start,1000,0,0,TTAGGG
haplotype2-0004006_Start,1000,0,0,TTAGGG
haplotype2-0004007_Start,1000,0,0,TTAGGG
haplotype2-0004008_Start,1000,0,1,TTAGGG
haplotype2-0004009_Start,1000,0,0,TTAGGG
haplotype2-0004010_Start,1000,0,0,TTAGGG
haplotype2-0004011_Start,1000,1,0,TTAGGG
haplotype2-0004012_Start,1000,0,0,TTAGGG
haplotype2-0004013_Start,1000,0,1,TTAGGG
haplotype2-0004014_Start,1000,1,0,TTAGGG
haplotype2-0004015_Start,1000,1,0,TTAGGG
haplotype2-0004016_Start,1000,0,0,TTAGGG
haplotype2-0004017_Start,1000,0,0,TTAGGG
haplotype2-0004018_Start,1000,0,0,TTAGGG
haplotype2-0004019_Start,1000,0,0,TTAGGG
haplotype2-0004020_Start,1000,0,0,TTAGGG
haplotype2-0004021_Start,1000,0,0,TTAGGG
haplotype2-0004022_Start,1000,0,0,TTAGGG
haplotype2-0004023_Start,1000,0,0,TTAGGG
haplotype2-0004024_Start,1000,0,0,TTAGGG
haplotype2-0004025_Start,1000,1,0,TTAGGG
haplotype2-0004026_Start,1000,0,0,TTAGGG
haplotype2-0004027_Start,1000,0,0,TTAGGG
haplotype2-0004028_Start,1000,0,0,TTAGGG
haplotype2-0004029_Start,1000,0,0,TTAGGG
haplotype2-0004030_Start,1000,0,0,TTAGGG
haplotype2-0004031_Start,1000,0,0,TTAGGG
haplotype2-0004032_Start,1000,0,0,TTAGGG
haplotype2-0004033_Start,1000,0,0,TTAGGG
haplotype2-0004034_Start,1000,1,0,TTAGGG
haplotype2-0004035_Start,1000,0,0,TTAGGG
haplotype2-0004036_Start,1000,0,0,TTAGGG
haplotype2-0004037_Start,1000,0,0,TTAGGG
haplotype2-0004038_Start,1000,0,0,TTAGGG
haplotype2-0004039_Start,1000,0,0,TTAGGG
haplotype2-0004040_Start,1000,0,0,TTAGGG
haplotype2-0004041_Start,1000,0,0,TTAGGG
haplotype2-0004042_Start,1000,0,0,TTAGGG
haplotype2-0004043_Start,1000,0,0,TTAGGG
haplotype2-0004044_Start,1000,1,0,TTAGGG
haplotype2-0004045_Start,1000,2,0,TTAGGG
haplotype2-0004046_Start,1000,0,0,TTAGGG
haplotype2-0004047_Start,1000,1,0,TTAGGG
haplotype2-0004048_Start,1000,0,1,TTAGGG
haplotype2-0004049_Start,1000,0,0,TTAGGG
haplotype2-0004050_Start,1000,0,0,TTAGGG
haplotype2-0004051_Start,1000,0,0,TTAGGG
haplotype2-0004052_Start,1000,1,1,TTAGGG
haplotype2-0004053_Start,1000,1,0,TTAGGG
haplotype2-0004054_Start,1000,0,0,TTAGGG
haplotype2-0004055_Start,1000,0,0,TTAGGG
haplotype2-0004056_Start,1000,0,0,TTAGGG
haplotype2-0004057_Start,1000,0,0,TTAGGG
haplotype2-0004058_Start,1000,0,0,TTAGGG
haplotype2-0004059_Start,1000,0,0,TTAGGG
haplotype2-0004060_Start,1000,0,0,TTAGGG
haplotype2-0004061_Start,1000,0,1,TTAGGG
haplotype2-0004062_Start,1000,0,0,TTAGGG
haplotype2-0004063_Start,1000,0,0,TTAGGG
haplotype2-0004064_Start,1000,1,1,TTAGGG
haplotype2-0004065_Start,1000,1,0,TTAGGG
haplotype2-0004066_Start,1000,0,0,TTAGGG
haplotype2-0004067_Start,1000,1,0,TTAGGG
haplotype2-0004068_Start,1000,0,0,TTAGGG
haplotype2-0004069_Start,1000,0,1,TTAGGG
haplotype2-0004070_Start,1000,0,0,TTAGGG
haplotype2-0004071_Start,1000,1,1,TTAGGG
haplotype2-0004072_Start,1000,0,0,TTAGGG
haplotype2-0004073_Start,1000,0,0,TTAGGG
haplotype2-0004074_Start,1000,0,0,TTAGGG
haplotype2-0004075_Start,1000,0,0,TTAGGG
haplotype2-0004076_Start,1000,0,0,TTAGGG
haplotype2-0004077_Start,1000,0,0,TTAGGG
haplotype2-0004078_Start,1000,0,0,TTAGGG
haplotype2-0004079_Start,1000,0,0,TTAGGG
haplotype2-0004080_Start,1000,0,0,TTAGGG
haplotype2-0004081_Start,1000,0,0,TTAGGG
haplotype2-0004082_Start,1000,0,0,TTAGGG
haplotype2-0004083_Start,1000,0,0,TTAGGG
haplotype2-0004084_Start,1000,0,0,TTAGGG
haplotype2-0004085_Start,1000,0,0,TTAGGG
haplotype2-0004086_Start,1000,1,0,TTAGGG
haplotype2-0004087_Start,1000,0,0,TTAGGG
haplotype2-0004088_Start,1000,0,0,TTAGGG
haplotype2-0004089_Start,1000,0,0,TTAGGG
haplotype2-0004090_Start,1000,1,0,TTAGGG
haplotype2-0004091_Start,1000,0,0,TTAGGG
haplotype2-0004092_Start,1000,0,0,TTAGGG
haplotype2-0004093_Start,1000,0,0,TTAGGG
haplotype2-0004094_Start,1000,0,0,TTAGGG
haplotype2-0004095_Start,1000,0,0,TTAGGG
haplotype2-0004096_Start,1000,0,0,TTAGGG
haplotype2-0004097_Start,1000,0,0,TTAGGG
haplotype2-0004098_Start,1000,0,0,TTAGGG
haplotype2-0004099_Start,1000,0,0,TTAGGG
haplotype2-0004100_Start,1000,2,0,TTAGGG
haplotype2-0004101_Start,1000,0,0,TTAGGG
haplotype2-0004102_Start,1000,0,0,TTAGGG
haplotype2-0004103_Start,1000,0,0,TTAGGG
haplotype2-0004104_Start,1000,0,1,TTAGGG
haplotype2-0004105_Start,1000,0,0,TTAGGG
haplotype2-0004106_Start,1000,0,0,TTAGGG
haplotype2-0004107_Start,1000,0,0,TTAGGG
haplotype2-0004108_Start,1000,0,0,TTAGGG
haplotype2-0004109_Start,1000,0,0,TTAGGG
haplotype2-0004110_Start,1000,0,0,TTAGGG
haplotype2-0004111_Start,1000,1,0,TTAGGG
haplotype2-0004112_Start,1000,1,0,TTAGGG
haplotype2-0004113_Start,1000,0,1,TTAGGG
haplotype2-0004114_Start,1000,1,0,TTAGGG
haplotype2-0004115_Start,1000,0,0,TTAGGG
haplotype2-0004116_Start,1000,0,1,TTAGGG
haplotype2-0004117_Start,1000,0,1,TTAGGG
haplotype2-0004118_Start,1000,0,0,TTAGGG
haplotype2-0004119_Start,1000,0,0,TTAGGG
haplotype2-0004120_Start,1000,0,0,TTAGGG
haplotype2-0004121_Start,1000,0,0,TTAGGG
haplotype2-0004122_Start,1000,0,0,TTAGGG
haplotype2-0004123_Start,1000,0,0,TTAGGG
haplotype2-0004124_Start,1000,0,1,TTAGGG
haplotype2-0004125_Start,1000,0,0,TTAGGG
haplotype2-0004126_Start,1000,0,0,TTAGGG
haplotype2-0004127_Start,1000,0,0,TTAGGG
haplotype2-0004128_Start,1000,0,0,TTAGGG
haplotype2-0004129_Start,1000,0,1,TTAGGG
haplotype2-0004130_Start,1000,0,0,TTAGGG
haplotype2-0004131_Start,1000,0,0,TTAGGG
haplotype2-0004132_Start,1000,1,0,TTAGGG
haplotype2-0004133_Start,1000,0,0,TTAGGG
haplotype2-0004134_Start,1000,0,0,TTAGGG
haplotype2-0004135_Start,1000,0,2,TTAGGG
haplotype2-0004136_Start,1000,0,0,TTAGGG
haplotype2-0004137_Start,1000,0,0,TTAGGG
haplotype2-0004138_Start,1000,1,0,TTAGGG
haplotype2-0004139_Start,1000,0,0,TTAGGG
haplotype2-0004140_Start,1000,0,0,TTAGGG
haplotype2-0004141_Start,1000,1,0,TTAGGG
haplotype2-0004142_Start,1000,0,0,TTAGGG
haplotype2-0004143_Start,1000,0,0,TTAGGG
haplotype2-0004144_Start,1000,0,1,TTAGGG
haplotype2-0004145_Start,1000,0,0,TTAGGG
haplotype2-0004146_Start,1000,0,0,TTAGGG
haplotype2-0004147_Start,1000,0,0,TTAGGG
haplotype2-0004148_Start,1000,0,0,TTAGGG
haplotype2-0004149_Start,1000,0,1,TTAGGG
haplotype2-0004150_Start,1000,0,0,TTAGGG
haplotype2-0004151_Start,1000,0,0,TTAGGG
haplotype2-0004152_Start,1000,0,0,TTAGGG
haplotype2-0004153_Start,1000,0,0,TTAGGG
haplotype2-0004154_Start,1000,0,0,TTAGGG
haplotype2-0004155_Start,1000,1,0,TTAGGG
haplotype2-0004156_Start,1000,0,2,TTAGGG
haplotype2-0004157_Start,1000,0,0,TTAGGG
haplotype2-0004158_Start,1000,0,1,TTAGGG
haplotype2-0004159_Start,1000,0,0,TTAGGG
haplotype2-0004160_Start,1000,0,0,TTAGGG
haplotype2-0004161_Start,1000,0,1,TTAGGG
haplotype2-0004162_Start,1000,0,0,TTAGGG
haplotype2-0004163_Start,1000,0,0,TTAGGG
haplotype2-0004164_Start,1000,0,0,TTAGGG
haplotype2-0004165_Start,1000,0,0,TTAGGG
haplotype2-0004166_Start,1000,0,0,TTAGGG
haplotype2-0004167_Start,1000,0,0,TTAGGG
haplotype2-0004168_Start,1000,0,0,TTAGGG
haplotype2-0004169_Start,1000,1,0,TTAGGG
haplotype2-0004170_Start,1000,0,0,TTAGGG
haplotype2-0004171_Start,1000,0,0,TTAGGG
haplotype2-0004172_Start,1000,0,0,TTAGGG
haplotype2-0004173_Start,1000,0,1,TTAGGG
haplotype2-0004174_Start,1000,0,0,TTAGGG
haplotype2-0004175_Start,1000,0,0,TTAGGG
haplotype2-0004176_Start,1000,0,0,TTAGGG
haplotype2-0004177_Start,1000,0,0,TTAGGG
haplotype2-0004178_Start,1000,0,0,TTAGGG
haplotype2-0004179_Start,1000,0,0,TTAGGG
haplotype2-0004180_Start,1000,0,0,TTAGGG
haplotype2-0004181_Start,1000,1,0,TTAGGG
haplotype2-0004182_Start,1000,0,0,TTAGGG
haplotype2-0004183_Start,1000,1,1,TTAGGG
haplotype2-0004184_Start,1000,0,0,TTAGGG
haplotype2-0004185_Start,1000,1,0,TTAGGG
haplotype2-0004186_Start,1000,0,0,TTAGGG
haplotype2-0004187_Start,1000,0,0,TTAGGG
haplotype2-0004188_Start,1000,0,0,TTAGGG
haplotype2-0004189_Start,1000,0,1,TTAGGG
haplotype2-0004190_Start,1000,0,0,TTAGGG
haplotype2-0004191_Start,1000,0,0,TTAGGG
haplotype2-0004192_Start,1000,0,0,TTAGGG
haplotype2-0004193_Start,1000,0,0,TTAGGG
haplotype2-0004194_Start,1000,0,0,TTAGGG
haplotype2-0004195_Start,1000,0,0,TTAGGG
haplotype2-0004196_Start,1000,0,0,TTAGGG
haplotype2-0004197_Start,1000,0,0,TTAGGG
haplotype2-0004198_Start,1000,0,0,TTAGGG
haplotype2-0004199_Start,1000,0,0,TTAGGG
haplotype2-0004200_Start,1000,1,0,TTAGGG
haplotype2-0004201_Start,1000,0,0,TTAGGG
haplotype2-0004202_Start,1000,0,0,TTAGGG
haplotype2-0004203_Start,1000,0,0,TTAGGG
haplotype2-0004204_Start,1000,1,0,TTAGGG
haplotype2-0004205_Start,1000,0,1,TTAGGG
haplotype2-0004206_Start,1000,1,1,TTAGGG
haplotype2-0004207_Start,1000,0,0,TTAGGG
haplotype2-0004208_Start,1000,0,0,TTAGGG
haplotype2-0004209_Start,1000,0,0,TTAGGG
haplotype2-0004210_Start,1000,2,0,TTAGGG
haplotype2-0004211_Start,1000,0,1,TTAGGG
haplotype2-0004212_Start,1000,0,0,TTAGGG
haplotype2-0004213_Start,1000,0,0,TTAGGG
haplotype2-0004214_Start,1000,0,0,TTAGGG
haplotype2-0004215_Start,1000,0,0,TTAGGG
haplotype2-0004216_Start,1000,0,0,TTAGGG
haplotype2-0004217_Start,1000,0,0,TTAGGG
haplotype2-0004218_Start,1000,0,0,TTAGGG
haplotype2-0004219_Start,1000,0,1,TTAGGG
haplotype2-0004220_Start,1000,0,0,TTAGGG
haplotype2-0004221_Start,1000,0,0,TTAGGG
haplotype2-0004222_Start,1000,0,0,TTAGGG
haplotype2-0004223_Start,1000,0,1,TTAGGG
haplotype2-0004224_Start,1000,0,0,TTAGGG
haplotype2-0004225_Start,1000,0,0,TTAGGG
haplotype2-0004226_Start,1000,0,0,TTAGGG
haplotype2-0004227_Start,1000,0,0,TTAGGG
haplotype2-0004228_Start,1000,0,0,TTAGGG
haplotype2-0004229_Start,1000,0,0,TTAGGG
haplotype2-0004230_Start,1000,0,0,TTAGGG
haplotype2-0004231_Start,1000,0,1,TTAGGG
haplotype2-0004232_Start,1000,0,0,TTAGGG
haplotype2-0004233_Start,1000,0,0,TTAGGG
haplotype2-0004234_Start,1000,0,0,TTAGGG
haplotype2-0004235_Start,1000,0,0,TTAGGG
haplotype2-0004236_Start,1000,0,0,TTAGGG
haplotype2-0004237_Start,1000,0,0,TTAGGG
haplotype2-0004238_Start,1000,0,0,TTAGGG
haplotype2-0004239_Start,1000,0,0,TTAGGG
haplotype2-0004240_Start,1000,0,0,TTAGGG
haplotype2-0004241_Start,1000,0,0,TTAGGG
haplotype2-0004242_Start,1000,0,0,TTAGGG
haplotype2-0004243_Start,1000,0,0,TTAGGG
haplotype2-0004244_Start,1000,0,0,TTAGGG
haplotype2-0004245_Start,1000,0,0,TTAGGG
haplotype2-0004246_Start,1000,0,0,TTAGGG
haplotype2-0004247_Start,1000,0,0,TTAGGG
haplotype2-0004248_Start,1000,1,0,TTAGGG
haplotype2-0004249_Start,1000,0,0,TTAGGG
haplotype2-0004250_Start,1000,0,0,TTAGGG
haplotype2-0004251_Start,1000,0,0,TTAGGG
haplotype2-0004252_Start,1000,0,1,TTAGGG
haplotype2-0004253_Start,1000,0,0,TTAGGG
haplotype2-0004254_Start,1000,0,0,TTAGGG
haplotype2-0004255_Start,1000,0,0,TTAGGG
haplotype2-0004256_Start,1000,0,0,TTAGGG
haplotype2-0004257_Start,1000,0,0,TTAGGG
haplotype2-0004258_Start,1000,0,0,TTAGGG
haplotype2-0004259_Start,1000,0,0,TTAGGG
haplotype2-0004260_Start,1000,0,1,TTAGGG
haplotype2-0004261_Start,1000,0,0,TTAGGG
haplotype2-0004262_Start,1000,0,1,TTAGGG
haplotype2-0004263_Start,1000,0,2,TTAGGG
haplotype2-0004264_Start,1000,0,0,TTAGGG
haplotype2-0004265_Start,1000,0,0,TTAGGG
haplotype2-0004266_Start,1000,0,0,TTAGGG
haplotype2-0004267_Start,1000,0,0,TTAGGG
haplotype2-0004268_Start,1000,0,0,TTAGGG
haplotype2-0004269_Start,1000,0,1,TTAGGG
haplotype2-0004270_Start,1000,0,0,TTAGGG
haplotype2-0004271_Start,1000,1,0,TTAGGG
haplotype2-0004272_Start,1000,0,0,TTAGGG
haplotype2-0004273_Start,1000,0,0,TTAGGG
haplotype2-0004274_Start,1000,0,0,TTAGGG
haplotype2-0004275_Start,1000,1,0,TTAGGG
haplotype2-0004276_Start,1000,0,0,TTAGGG
haplotype2-0004277_Start,1000,0,1,TTAGGG
haplotype2-0001203_End,1000,0,0,TTAGGG
haplotype2-0001204_End,1000,0,0,TTAGGG
haplotype2-0001205_End,1000,0,0,TTAGGG
haplotype2-0001206_End,1000,0,0,TTAGGG
haplotype2-0001207_End,1000,0,0,TTAGGG
haplotype2-0001208_End,1000,0,1,TTAGGG
haplotype2-0001209_End,1000,1,0,TTAGGG
haplotype2-0001210_End,1000,0,0,TTAGGG
haplotype2-0001211_End,1000,0,0,TTAGGG
haplotype2-0001212_End,1000,0,0,TTAGGG
haplotype2-0001213_End,1000,0,1,TTAGGG
haplotype2-0001214_End,1000,0,0,TTAGGG
haplotype2-0001215_End,1000,0,0,TTAGGG
haplotype2-0001216_End,1000,1,0,TTAGGG
haplotype2-0001217_End,1000,0,0,TTAGGG
haplotype2-0001218_End,1000,0,0,TTAGGG
haplotype2-0001219_End,1000,1,0,TTAGGG
haplotype2-0001220_End,1000,0,0,TTAGGG
haplotype2-0001221_End,1000,0,0,TTAGGG
haplotype2-0001222_End,1000,0,0,TTAGGG
haplotype2-0001223_End,1000,0,0,TTAGGG
haplotype2-0001224_End,1000,0,0,TTAGGG
haplotype2-0001225_End,1000,0,0,TTAGGG
haplotype2-0001226_End,1000,0,0,TTAGGG
haplotype2-0001227_End,1000,0,0,TTAGGG
haplotype2-0001228_End,1000,1,0,TTAGGG
haplotype2-0001229_End,1000,0,0,TTAGGG
haplotype2-0001230_End,1000,0,0,TTAGGG
haplotype2-0001231_End,1000,0,0,TTAGGG
haplotype2-0001232_End,1000,0,0,TTAGGG
haplotype2-0001233_End,1000,0,0,TTAGGG
haplotype2-0001234_End,1000,0,0,TTAGGG
haplotype2-0001235_End,1000,0,0,TTAGGG
haplotype2-0001236_End,1000,0,0,TTAGGG
haplotype2-0001237_End,1000,0,0,TTAGGG
haplotype2-0001238_End,1000,0,0,TTAGGG
haplotype2-0001239_End,1000,0,0,TTAGGG
haplotype2-0001240_End,1000,0,0,TTAGGG
haplotype2-0001241_End,1000,0,1,TTAGGG
haplotype2-0001242_End,1000,0,0,TTAGGG
haplotype2-0001243_End,1000,0,0,TTAGGG
haplotype2-0001244_End,1000,0,1,TTAGGG
haplotype2-0001245_End,1000,0,0,TTAGGG
haplotype2-0001246_End,1000,0,0,TTAGGG
haplotype2-0001247_End,1000,2,0,TTAGGG
haplotype2-0001248_End,1000,0,0,TTAGGG
haplotype2-0001249_End,1000,0,0,TTAGGG
haplotype2-0001250_End,1000,0,1,TTAGGG
haplotype2-0001251_End,1000,0,0,TTAGGG
haplotype2-0001252_End,1000,0,0,TTAGGG
haplotype2-0001253_End,1000,0,1,TTAGGG
haplotype2-0001254_End,1000,0,0,TTAGGG
haplotype2-0001255_End,1000,0,1,TTAGGG
haplotype2-0001256_End,1000,0,0,TTAGGG
haplotype2-0001257_End,1000,1,0,TTAGGG
haplotype2-0001258_End,1000,0,0,TTAGGG
haplotype2-0001259_End,1000,0,0,TTAGGG
haplotype2-0001260_End,1000,0,0,TTAGGG
haplotype2-0001261_End,1000,1,0,TTAGGG
haplotype2-0001262_End,1000,0,0,TTAGGG
haplotype2-0001263_End,1000,0,0,TTAGGG
haplotype2-0001264_End,1000,0,0,TTAGGG
haplotype2-0001265_End,1000,0,0,TTAGGG
haplotype2-0001266_End,1000,0,0,TTAGGG
haplotype2-0001267_End,1000,0,1,TTAGGG
haplotype2-0001268_End,1000,0,0,TTAGGG
haplotype2-0001269_End,1000,0,0,TTAGGG
haplotype2-0001270_End,1000,0,0,TTAGGG
haplotype2-0001271_End,1000,0,0,TTAGGG
haplotype2-0001272_End,1000,0,0,TTAGGG
haplotype2-0001273_End,1000,0,0,TTAGGG
haplotype2-0001274_End,1000,0,0,TTAGGG
haplotype2-0001275_End,1000,0,0,TTAGGG
haplotype2-0001276_End,1000,0,1,TTAGGG
haplotype2-0001277_End,1000,0,0,TTAGGG
haplotype2-0001278_End,1000,1,0,TTAGGG
haplotype2-0001279_End,1000,1,0,TTAGGG
haplotype2-0001280_End,1000,0,0,TTAGGG
haplotype2-0001281_End,1000,0,0,TTAGGG
haplotype2-0001282_End,1000,0,0,TTAGGG
haplotype2-0001283_End,1000,0,2,TTAGGG
haplotype2-0001284_End,1000,0,0,TTAGGG
haplotype2-0001285_End,1000,0,1,TTAGGG
haplotype2-0001286_End,1000,2,0,TTAGGG
haplotype2-0001287_End,1000,0,0,TTAGGG
haplotype2-0001288_End,1000,1,0,TTAGGG
haplotype2-0001289_End,1000,1,0,TTAGGG
haplotype2-0001290_End,1000,0,1,TTAGGG
haplotype2-0001291_End,1000,0,0,TTAGGG
haplotype2-0001292_End,1000,0,0,TTAGGG
haplotype2-0001293_End,1000,0,0,TTAGGG
haplotype2-0001294_End,1000,0,0,TTAGGG
haplotype2-0001295_End,1000,1,0,TTAGGG
haplotype2-0001296_End,1000,0,0,TTAGGG
haplotype2-0001297_End,1000,0,0,TTAGGG
haplotype2-0001298_End,1000,0,0,TTAGGG
haplotype2-0001299_End,1000,0,0,TTAGGG
haplotype2-0001300_End,1000,0,1,TTAGGG
haplotype2-0001301_End,1000,0,0,TTAGGG
haplotype2-0001302_End,1000,0,0,TTAGGG
haplotype2-0001303_End,1000,0,0,TTAGGG
haplotype2-0001304_End,1000,0,1,TTAGGG
haplotype2-0001305_End,1000,0,0,TTAGGG
haplotype2-0001306_End,1000,0,0,TTAGGG
haplotype2-0001307_End,1000,0,0,TTAGGG
haplotype2-0001308_End,1000,0,0,TTAGGG
haplotype2-0001309_End,1000,0,0,TTAGGG
haplotype2-0001310_End,1000,0,0,TTAGGG
haplotype2-0001311_End,1000,0,0,TTAGGG
haplotype2-0001312_End,1000,0,0,TTAGGG
haplotype2-0001313_End,1000,0,0,TTAGGG
haplotype2-0001314_End,1000,0,0,TTAGGG
haplotype2-0001315_End,1000,1,0,TTAGGG
haplotype2-0001316_End,1000,0,0,TTAGGG
haplotype2-0001317_End,1000,0,1,TTAGGG
haplotype2-0001318_End,1000,0,0,TTAGGG
haplotype2-0001319_End,1000,0,0,TTAGGG
haplotype2-0001320_End,1000,0,0,TTAGGG
haplotype2-0001321_End,1000,0,0,TTAGGG
haplotype2-0001322_End,1000,0,0,TTAGGG
haplotype2-0001323_End,1000,0,0,TTAGGG
haplotype2-0001324_End,1000,0,0,TTAGGG
haplotype2-0001325_End,1000,0,0,TTAGGG
haplotype2-0001326_End,1000,0,0,TTAGGG
haplotype2-0001327_End,1000,0,0,TTAGGG
haplotype2-0001328_End,1000,0,0,TTAGGG
haplotype2-0001329_End,1000,0,0,TTAGGG
haplotype2-0001330_End,1000,0,0,TTAGGG
haplotype2-0001331_End,1000,0,0,TTAGGG
haplotype2-0001332_End,1000,0,0,TTAGGG
haplotype2-0001333_End,1000,0,0,TTAGGG
haplotype2-0001334_End,1000,0,2,TTAGGG
haplotype2-0001335_End,1000,0,0,TTAGGG
haplotype2-0001336_End,1000,1,0,TTAGGG
haplotype2-0001337_End,1000,0,0,TTAGGG
haplotype2-0001338_End,1000,0,0,TTAGGG
haplotype2-0001339_End,1000,1,0,TTAGGG
haplotype2-0001340_End,1000,0,0,TTAGGG
haplotype2-0001341_End,1000,0,0,TTAGGG
haplotype2-0001342_End,1000,0,0,TTAGGG
haplotype2-0001343_End,1000,0,0,TTAGGG
haplotype2-0001344_End,1000,0,0,TTAGGG
haplotype2-0001345_End,1000,0,0,TTAGGG
haplotype2-0001346_End,1000,0,1,TTAGGG
haplotype2-0001347_End,1000,0,0,TTAGGG
haplotype2-0001348_End,1000,0,0,TTAGGG
haplotype2-0001349_End,1000,1,1,TTAGGG
haplotype2-0001350_End,1000,0,1,TTAGGG
haplotype2-0001351_End,1000,0,0,TTAGGG
haplotype2-0001352_End,1000,1,0,TTAGGG
haplotype2-0001353_End,1000,0,0,TTAGGG
haplotype2-0001354_End,1000,0,0,TTAGGG
haplotype2-0001355_End,1000,0,0,TTAGGG
haplotype2-0001356_End,1000,0,0,TTAGGG
haplotype2-0001357_End,1000,1,0,TTAGGG
haplotype2-0001358_End,1000,0,1,TTAGGG
haplotype2-0001359_End,1000,0,0,TTAGGG
haplotype2-0001360_End,1000,0,1,TTAGGG
haplotype2-0001361_End,1000,1,1,TTAGGG
haplotype2-0001362_End,1000,0,0,TTAGGG
haplotype2-0001363_End,1000,0,0,TTAGGG
haplotype2-0001364_End,1000,0,0,TTAGGG
haplotype2-0001365_End,1000,0,0,TTAGGG
haplotype2-0001366_End,1000,0,1,TTAGGG
haplotype2-0001367_End,1000,0,0,TTAGGG
haplotype2-0001368_End,1000,0,0,TTAGGG
haplotype2-0001369_End,1000,0,1,TTAGGG
haplotype2-0001370_End,1000,0,0,TTAGGG
haplotype2-0001371_End,1000,0,0,TTAGGG
haplotype2-0001372_End,1000,0,0,TTAGGG
haplotype2-0001373_End,1000,0,0,TTAGGG
haplotype2-0001374_End,1000,1,0,TTAGGG
haplotype2-0001375_End,1000,0,0,TTAGGG
haplotype2-0001376_End,1000,0,1,TTAGGG
haplotype2-0001377_End,1000,0,0,TTAGGG
haplotype2-0001378_End,1000,0,1,TTAGGG
haplotype2-0001379_End,1000,1,0,TTAGGG
haplotype2-0001380_End,1000,0,1,TTAGGG
haplotype2-0001381_End,1000,0,0,TTAGGG
haplotype2-0001382_End,1000,0,0,TTAGGG
haplotype2-0001383_End,1000,0,0,TTAGGG
haplotype2-0001384_End,1000,0,0,TTAGGG
haplotype2-0001385_End,1000,0,0,TTAGGG
haplotype2-0001386_End,1000,0,0,TTAGGG
haplotype2-0001387_End,1000,0,1,TTAGGG
haplotype2-0001388_End,1000,0,0,TTAGGG
haplotype2-0001389_End,1000,0,0,TTAGGG
haplotype2-0001390_End,1000,0,0,TTAGGG
haplotype2-0001391_End,1000,0,1,TTAGGG
haplotype2-0001392_End,1000,0,1,TTAGGG
haplotype2-0001393_End,1000,0,0,TTAGGG
haplotype2-0001394_End,1000,0,0,TTAGGG
haplotype2-0001395_End,1000,0,0,TTAGGG
haplotype2-0001396_End,1000,0,0,TTAGGG
haplotype2-0001397_End,1000,0,0,TTAGGG
haplotype2-0001398_End,1000,0,0,TTAGGG
haplotype2-0001399_End,1000,0,0,TTAGGG
haplotype2-0001400_End,1000,0,0,TTAGGG
haplotype2-0001401_End,1000,0,0,TTAGGG
haplotype2-0001402_End,1000,0,0,TTAGGG
haplotype2-0001403_End,1000,0,0,TTAGGG
haplotype2-0001404_End,1000,0,1,TTAGGG
haplotype2-0001405_End,1000,1,0,TTAGGG
haplotype2-0001406_End,1000,0,0,TTAGGG
haplotype2-0001407_End,1000,0,0,TTAGGG
haplotype2-0001408_End,1000,1,0,TTAGGG
haplotype2-0001409_End,1000,0,0,TTAGGG
haplotype2-0001410_End,1000,0,0,TTAGGG
haplotype2-0001411_End,1000,0,0,TTAGGG
haplotype2-0001412_End,1000,0,0,TTAGGG
haplotype2-0001413_End,1000,0,0,TTAGGG
haplotype2-0001414_End,1000,1,0,TTAGGG
haplotype2-0001415_End,1000,1,2,TTAGGG
haplotype2-0001416_End,1000,0,0,TTAGGG
haplotype2-0001417_End,1000,0,0,TTAGGG
haplotype2-0001418_End,1000,0,0,TTAGGG
haplotype2-0001419_End,1000,0,1,TTAGGG
haplotype2-0001420_End,1000,0,0,TTAGGG
haplotype2-0001421_End,1000,1,0,TTAGGG
haplotype2-0001422_End,1000,1,0,TTAGGG
haplotype2-0001423_End,1000,0,2,TTAGGG
haplotype2-0001424_End,1000,0,0,TTAGGG
haplotype2-0001425_End,1000,0,0,TTAGGG
haplotype2-0001426_End,1000,1,0,TTAGGG
haplotype2-0001427_End,1000,0,1,TTAGGG
haplotype2-0001428_End,1000,1,0,TTAGGG
haplotype2-0001429_End,1000,0,0,TTAGGG
haplotype2-0001430_End,1000,0,0,TTAGGG
haplotype2-0001431_End,1000,0,1,TTAGGG
haplotype2-0001432_End,1000,164,0,TTAGGG
haplotype2-0001433_End,1000,1,0,TTAGGG
haplotype2-0001434_End,1000,0,0,TTAGGG
haplotype2-0001435_End,1000,1,0,TTAGGG
haplotype2-0001436_End,1000,0,0,TTAGGG
haplotype2-0001437_End,1000,0,0,TTAGGG
haplotype2-0001438_End,1000,0,0,TTAGGG
haplotype2-0001439_End,1000,0,0,TTAGGG
haplotype2-0001440_End,1000,0,0,TTAGGG
haplotype2-0001441_End,1000,0,1,TTAGGG
haplotype2-0001442_End,1000,0,0,TTAGGG
haplotype2-0001443_End,1000,0,0,TTAGGG
haplotype2-0001444_End,1000,0,0,TTAGGG
haplotype2-0001445_End,1000,0,1,TTAGGG
haplotype2-0001446_End,1000,0,0,TTAGGG
haplotype2-0001447_End,1000,0,0,TTAGGG
haplotype2-0001448_End,1000,0,0,TTAGGG
haplotype2-0001449_End,1000,0,0,TTAGGG
haplotype2-0001450_End,1000,0,0,TTAGGG
haplotype2-0001451_End,1000,0,0,TTAGGG
haplotype2-0001452_End,1000,0,0,TTAGGG
haplotype2-0001453_End,1000,0,0,TTAGGG
haplotype2-0001454_End,1000,1,0,TTAGGG
haplotype2-0001455_End,1000,0,0,TTAGGG
haplotype2-0001456_End,1000,1,0,TTAGGG
haplotype2-0001457_End,1000,0,0,TTAGGG
haplotype2-0001458_End,1000,0,0,TTAGGG
haplotype2-0001459_End,1000,0,0,TTAGGG
haplotype2-0001460_End,1000,1,1,TTAGGG
haplotype2-0001461_End,1000,0,0,TTAGGG
haplotype2-0001462_End,1000,0,0,TTAGGG
haplotype2-0001463_End,1000,1,0,TTAGGG
haplotype2-0001464_End,1000,0,0,TTAGGG
haplotype2-0001465_End,1000,0,0,TTAGGG
haplotype2-0001466_End,1000,1,0,TTAGGG
haplotype2-0001467_End,1000,0,1,TTAGGG
haplotype2-0001468_End,1000,0,0,TTAGGG
haplotype2-0001469_End,1000,0,1,TTAGGG
haplotype2-0001470_End,1000,1,0,TTAGGG
haplotype2-0001471_End,1000,0,0,TTAGGG
haplotype2-0001472_End,1000,0,1,TTAGGG
haplotype2-0001473_End,1000,0,0,TTAGGG
haplotype2-0001474_End,1000,0,2,TTAGGG
haplotype2-0001475_End,1000,0,0,TTAGGG
haplotype2-0001476_End,1000,0,0,TTAGGG
haplotype2-0001477_End,1000,0,0,TTAGGG
haplotype2-0001478_End,1000,0,0,TTAGGG
haplotype2-0001479_End,1000,0,0,TTAGGG
haplotype2-0001480_End,1000,0,0,TTAGGG
haplotype2-0001481_End,1000,0,0,TTAGGG
haplotype2-0001482_End,1000,0,0,TTAGGG
haplotype2-0001483_End,1000,0,0,TTAGGG
haplotype2-0001484_End,1000,1,0,TTAGGG
haplotype2-0001485_End,1000,0,0,TTAGGG
haplotype2-0001486_End,1000,1,0,TTAGGG
haplotype2-0001487_End,1000,0,0,TTAGGG
haplotype2-0001488_End,1000,0,1,TTAGGG
haplotype2-0001489_End,1000,1,0,TTAGGG
haplotype2-0001490_End,1000,0,0,TTAGGG
haplotype2-0001491_End,1000,1,0,TTAGGG
haplotype2-0001492_End,1000,1,0,TTAGGG
haplotype2-0001493_End,1000,0,0,TTAGGG
haplotype2-0001494_End,1000,1,0,TTAGGG
haplotype2-0001495_End,1000,0,0,TTAGGG
haplotype2-0001496_End,1000,0,0,TTAGGG
haplotype2-0001497_End,1000,0,1,TTAGGG
haplotype2-0001498_End,1000,0,1,TTAGGG
haplotype2-0001499_End,1000,2,2,TTAGGG
haplotype2-0001500_End,1000,1,0,TTAGGG
haplotype2-0001501_End,1000,0,0,TTAGGG
haplotype2-0001502_End,1000,0,0,TTAGGG
haplotype2-0001503_End,1000,0,0,TTAGGG
haplotype2-0001504_End,1000,0,0,TTAGGG
haplotype2-0001505_End,1000,0,0,TTAGGG
haplotype2-0001506_End,1000,0,0,TTAGGG
haplotype2-0001507_End,1000,0,1,TTAGGG
haplotype2-0001508_End,1000,0,0,TTAGGG
haplotype2-0001509_End,1000,0,0,TTAGGG
haplotype2-0001510_End,1000,1,0,TTAGGG
haplotype2-0001511_End,1000,0,0,TTAGGG
haplotype2-0001512_End,1000,0,0,TTAGGG
haplotype2-0001513_End,1000,1,0,TTAGGG
haplotype2-0001514_End,1000,0,0,TTAGGG
haplotype2-0001515_End,1000,0,0,TTAGGG
haplotype2-0001516_End,1000,0,0,TTAGGG
haplotype2-0001517_End,1000,0,0,TTAGGG
haplotype2-0001518_End,1000,0,0,TTAGGG
haplotype2-0001519_End,1000,0,0,TTAGGG
haplotype2-0001520_End,1000,0,0,TTAGGG
haplotype2-0001521_End,1000,0,0,TTAGGG
haplotype2-0001522_End,1000,0,0,TTAGGG
haplotype2-0001523_End,1000,0,0,TTAGGG
haplotype2-0001524_End,1000,0,1,TTAGGG
haplotype2-0001525_End,1000,0,0,TTAGGG
haplotype2-0001526_End,1000,1,1,TTAGGG
haplotype2-0001527_End,1000,0,0,TTAGGG
haplotype2-0001528_End,1000,0,1,TTAGGG
haplotype2-0001529_End,1000,0,1,TTAGGG
haplotype2-0001530_End,1000,0,1,TTAGGG
haplotype2-0001531_End,1000,0,0,TTAGGG
haplotype2-0001532_End,1000,0,0,TTAGGG
haplotype2-0001533_End,1000,0,0,TTAGGG
haplotype2-0001534_End,1000,0,0,TTAGGG
haplotype2-0001535_End,1000,0,0,TTAGGG
haplotype2-0001536_End,1000,0,0,TTAGGG
haplotype2-0001537_End,1000,0,0,TTAGGG
haplotype2-0001538_End,1000,0,1,TTAGGG
haplotype2-0001539_End,1000,0,0,TTAGGG
haplotype2-0001540_End,1000,0,1,TTAGGG
haplotype2-0001541_End,1000,0,1,TTAGGG
haplotype2-0001542_End,1000,0,1,TTAGGG
haplotype2-0001543_End,1000,1,0,TTAGGG
haplotype2-0001544_End,1000,0,0,TTAGGG
haplotype2-0001545_End,1000,1,0,TTAGGG
haplotype2-0001546_End,1000,0,0,TTAGGG
haplotype2-0001547_End,1000,0,0,TTAGGG
haplotype2-0001548_End,1000,0,0,TTAGGG
haplotype2-0001549_End,1000,0,1,TTAGGG
haplotype2-0001550_End,1000,0,0,TTAGGG
haplotype2-0001551_End,1000,0,0,TTAGGG
haplotype2-0001552_End,1000,0,0,TTAGGG
haplotype2-0001553_End,1000,0,0,TTAGGG
haplotype2-0001554_End,1000,1,0,TTAGGG
haplotype2-0001555_End,1000,0,0,TTAGGG
haplotype2-0001556_End,1000,1,1,TTAGGG
haplotype2-0001557_End,1000,0,0,TTAGGG
haplotype2-0001558_End,1000,0,0,TTAGGG
haplotype2-0001559_End,1000,0,0,TTAGGG
haplotype2-0001560_End,1000,0,0,TTAGGG
haplotype2-0001561_End,1000,0,0,TTAGGG
haplotype2-0001562_End,1000,0,0,TTAGGG
haplotype2-0001563_End,1000,0,0,TTAGGG
haplotype2-0001564_End,1000,0,0,TTAGGG
haplotype2-0001565_End,1000,0,0,TTAGGG
haplotype2-0001566_End,1000,1,0,TTAGGG
haplotype2-0001567_End,1000,0,1,TTAGGG
haplotype2-0001568_End,1000,0,1,TTAGGG
haplotype2-0001569_End,1000,3,0,TTAGGG
haplotype2-0001570_End,1000,0,1,TTAGGG
haplotype2-0001571_End,1000,0,0,TTAGGG
haplotype2-0001572_End,1000,0,0,TTAGGG
haplotype2-0001573_End,1000,0,0,TTAGGG
haplotype2-0001574_End,1000,0,0,TTAGGG
haplotype2-0001575_End,1000,0,0,TTAGGG
haplotype2-0001576_End,1000,0,0,TTAGGG
haplotype2-0001577_End,1000,1,0,TTAGGG
haplotype2-0001578_End,1000,0,0,TTAGGG
haplotype2-0001579_End,1000,0,1,TTAGGG
haplotype2-0001580_End,1000,0,0,TTAGGG
haplotype2-0001581_End,1000,0,0,TTAGGG
haplotype2-0001582_End,1000,1,0,TTAGGG
haplotype2-0001583_End,1000,0,0,TTAGGG
haplotype2-0001584_End,1000,0,0,TTAGGG
haplotype2-0001585_End,1000,0,0,TTAGGG
haplotype2-0001586_End,1000,0,0,TTAGGG
haplotype2-0001587_End,1000,0,0,TTAGGG
haplotype2-0001588_End,1000,1,0,TTAGGG
haplotype2-0001589_End,1000,1,0,TTAGGG
haplotype2-0001590_End,1000,0,0,TTAGGG
haplotype2-0001591_End,1000,166,0,TTAGGG
haplotype2-0001592_End,1000,0,1,TTAGGG
haplotype2-0001593_End,1000,0,0,TTAGGG
haplotype2-0001594_End,1000,0,1,TTAGGG
haplotype2-0001595_End,1000,0,0,TTAGGG
haplotype2-0001596_End,1000,0,0,TTAGGG
haplotype2-0001597_End,1000,0,0,TTAGGG
haplotype2-0001598_End,1000,0,0,TTAGGG
haplotype2-0001599_End,1000,1,0,TTAGGG
haplotype2-0001600_End,1000,1,0,TTAGGG
haplotype2-0001601_End,1000,0,0,TTAGGG
haplotype2-0001602_End,1000,0,0,TTAGGG
haplotype2-0001603_End,1000,1,0,TTAGGG
haplotype2-0001604_End,1000,0,0,TTAGGG
haplotype2-0001605_End,1000,0,0,TTAGGG
haplotype2-0001606_End,1000,0,0,TTAGGG
haplotype2-0001607_End,1000,0,0,TTAGGG
haplotype2-0001608_End,1000,0,0,TTAGGG
haplotype2-0001609_End,1000,0,0,TTAGGG
haplotype2-0001610_End,1000,0,0,TTAGGG
haplotype2-0001611_End,1000,0,0,TTAGGG
haplotype2-0001612_End,1000,0,0,TTAGGG
haplotype2-0001613_End,1000,0,0,TTAGGG
haplotype2-0001614_End,1000,0,0,TTAGGG
haplotype2-0001615_End,1000,0,1,TTAGGG
haplotype2-0001616_End,1000,0,0,TTAGGG
haplotype2-0001617_End,1000,0,0,TTAGGG
haplotype2-0001618_End,1000,0,1,TTAGGG
haplotype2-0001619_End,1000,0,0,TTAGGG
haplotype2-0001620_End,1000,0,0,TTAGGG
haplotype2-0001621_End,1000,0,0,TTAGGG
haplotype2-0001622_End,1000,0,0,TTAGGG
haplotype2-0001623_End,1000,1,0,TTAGGG
haplotype2-0001624_End,1000,0,0,TTAGGG
haplotype2-0001625_End,1000,0,1,TTAGGG
haplotype2-0001626_End,1000,0,0,TTAGGG
haplotype2-0001627_End,1000,1,0,TTAGGG
haplotype2-0001628_End,1000,0,1,TTAGGG
haplotype2-0001629_End,1000,0,0,TTAGGG
haplotype2-0001630_End,1000,0,0,TTAGGG
haplotype2-0001631_End,1000,0,0,TTAGGG
haplotype2-0001632_End,1000,1,0,TTAGGG
haplotype2-0001633_End,1000,0,1,TTAGGG
haplotype2-0001634_End,1000,1,0,TTAGGG
haplotype2-0001635_End,1000,0,0,TTAGGG
haplotype2-0001636_End,1000,0,0,TTAGGG
haplotype2-0001637_End,1000,0,0,TTAGGG
haplotype2-0001638_End,1000,0,0,TTAGGG
haplotype2-0001639_End,1000,1,0,TTAGGG
haplotype2-0001640_End,1000,0,0,TTAGGG
haplotype2-0001641_End,1000,0,0,TTAGGG
haplotype2-0001642_End,1000,0,0,TTAGGG
haplotype2-0001643_End,1000,0,0,TTAGGG
haplotype2-0001644_End,1000,0,0,TTAGGG
haplotype2-0001645_End,1000,0,0,TTAGGG
haplotype2-0001646_End,1000,0,0,TTAGGG
haplotype2-0001647_End,1000,0,0,TTAGGG
haplotype2-0001648_End,1000,0,0,TTAGGG
haplotype2-0001649_End,1000,0,0,TTAGGG
haplotype2-0001650_End,1000,0,0,TTAGGG
haplotype2-0001651_End,1000,1,0,TTAGGG
haplotype2-0001652_End,1000,0,0,TTAGGG
haplotype2-0001653_End,1000,0,0,TTAGGG
haplotype2-0001654_End,1000,0,0,TTAGGG
haplotype2-0001655_End,1000,0,0,TTAGGG
haplotype2-0001656_End,1000,0,0,TTAGGG
haplotype2-0001657_End,1000,0,0,TTAGGG
haplotype2-0001658_End,1000,0,0,TTAGGG
haplotype2-0001659_End,1000,2,0,TTAGGG
haplotype2-0001660_End,1000,0,0,TTAGGG
haplotype2-0001661_End,1000,0,0,TTAGGG
haplotype2-0001662_End,1000,0,0,TTAGGG
haplotype2-0001663_End,1000,0,0,TTAGGG
haplotype2-0001664_End,1000,0,0,TTAGGG
haplotype2-0001665_End,1000,0,0,TTAGGG
haplotype2-0001666_End,1000,0,0,TTAGGG
haplotype2-0001667_End,1000,0,0,TTAGGG
haplotype2-0001668_End,1000,1,0,TTAGGG
haplotype2-0001669_End,1000,0,0,TTAGGG
haplotype2-0001670_End,1000,0,1,TTAGGG
haplotype2-0001671_End,1000,0,0,TTAGGG
haplotype2-0001672_End,1000,0,1,TTAGGG
haplotype2-0001673_End,1000,0,0,TTAGGG
haplotype2-0001674_End,1000,1,0,TTAGGG
haplotype2-0001675_End,1000,0,0,TTAGGG
haplotype2-0001676_End,1000,0,0,TTAGGG
haplotype2-0001677_End,1000,0,1,TTAGGG
haplotype2-0001678_End,1000,0,0,TTAGGG
haplotype2-0001679_End,1000,0,0,TTAGGG
haplotype2-0001680_End,1000,0,1,TTAGGG
haplotype2-0001681_End,1000,0,1,TTAGGG
haplotype2-0001682_End,1000,0,0,TTAGGG
haplotype2-0001683_End,1000,0,0,TTAGGG
haplotype2-0001684_End,1000,0,0,TTAGGG
haplotype2-0001685_End,1000,0,0,TTAGGG
haplotype2-0001686_End,1000,0,0,TTAGGG
haplotype2-0001687_End,1000,0,0,TTAGGG
haplotype2-0001688_End,1000,0,0,TTAGGG
haplotype2-0001689_End,1000,0,0,TTAGGG
haplotype2-0001690_End,1000,1,0,TTAGGG
haplotype2-0001691_End,1000,0,0,TTAGGG
haplotype2-0001692_End,1000,0,0,TTAGGG
haplotype2-0001693_End,1000,0,0,TTAGGG
haplotype2-0001694_End,1000,0,0,TTAGGG
haplotype2-0001695_End,1000,0,2,TTAGGG
haplotype2-0001696_End,1000,0,0,TTAGGG
haplotype2-0001697_End,1000,0,0,TTAGGG
haplotype2-0001698_End,1000,0,0,TTAGGG
haplotype2-0001699_End,1000,0,0,TTAGGG
haplotype2-0001700_End,1000,0,0,TTAGGG
haplotype2-0001701_End,1000,0,0,TTAGGG
haplotype2-0001702_End,1000,0,1,TTAGGG
haplotype2-0001703_End,1000,1,0,TTAGGG
haplotype2-0001704_End,1000,0,0,TTAGGG
haplotype2-0001705_End,1000,0,0,TTAGGG
haplotype2-0001706_End,1000,0,0,TTAGGG
haplotype2-0001707_End,1000,1,0,TTAGGG
haplotype2-0001708_End,1000,0,0,TTAGGG
haplotype2-0001709_End,1000,0,0,TTAGGG
haplotype2-0001710_End,1000,0,0,TTAGGG
haplotype2-0001711_End,1000,1,0,TTAGGG
haplotype2-0001712_End,1000,0,0,TTAGGG
haplotype2-0001713_End,1000,1,0,TTAGGG
haplotype2-0001714_End,1000,0,0,TTAGGG
haplotype2-0001715_End,1000,2,0,TTAGGG
haplotype2-0001716_End,1000,0,0,TTAGGG
haplotype2-0001717_End,1000,0,0,TTAGGG
haplotype2-0001718_End,1000,1,1,TTAGGG
haplotype2-0001719_End,1000,0,0,TTAGGG
haplotype2-0001720_End,1000,0,0,TTAGGG
haplotype2-0001721_End,1000,0,1,TTAGGG
haplotype2-0001722_End,1000,0,0,TTAGGG
haplotype2-0001723_End,1000,0,0,TTAGGG
haplotype2-0001724_End,1000,1,0,TTAGGG
haplotype2-0001725_End,1000,0,0,TTAGGG
haplotype2-0001726_End,1000,0,1,TTAGGG
haplotype2-0001727_End,1000,0,0,TTAGGG
haplotype2-0001728_End,1000,0,0,TTAGGG
haplotype2-0001729_End,1000,0,0,TTAGGG
haplotype2-0001730_End,1000,0,0,TTAGGG
haplotype2-0001731_End,1000,0,0,TTAGGG
haplotype2-0001732_End,1000,0,1,TTAGGG
haplotype2-0001733_End,1000,0,0,TTAGGG
haplotype2-0001734_End,1000,0,0,TTAGGG
haplotype2-0001735_End,1000,0,0,TTAGGG
haplotype2-0001736_End,1000,0,0,TTAGGG
haplotype2-0001737_End,1000,0,0,TTAGGG
haplotype2-0001738_End,1000,0,0,TTAGGG
haplotype2-0001739_End,1000,0,1,TTAGGG
haplotype2-0001740_End,1000,0,0,TTAGGG
haplotype2-0001741_End,1000,1,0,TTAGGG
haplotype2-0001742_End,1000,0,0,TTAGGG
haplotype2-0001743_End,1000,0,0,TTAGGG
haplotype2-0001744_End,1000,1,0,TTAGGG
haplotype2-0001745_End,1000,0,0,TTAGGG
haplotype2-0001746_End,1000,0,0,TTAGGG
haplotype2-0001747_End,1000,0,0,TTAGGG
haplotype2-0001748_End,1000,0,0,TTAGGG
haplotype2-0001749_End,1000,0,1,TTAGGG
haplotype2-0001750_End,1000,0,0,TTAGGG
haplotype2-0001751_End,1000,0,0,TTAGGG
haplotype2-0001752_End,1000,0,0,TTAGGG
haplotype2-0001753_End,1000,1,0,TTAGGG
haplotype2-0001754_End,1000,0,0,TTAGGG
haplotype2-0001755_End,1000,0,0,TTAGGG
haplotype2-0001756_End,1000,0,0,TTAGGG
haplotype2-0001757_End,1000,0,0,TTAGGG
haplotype2-0001758_End,1000,0,0,TTAGGG
haplotype2-0001759_End,1000,0,0,TTAGGG
haplotype2-0001760_End,1000,0,1,TTAGGG
haplotype2-0001761_End,1000,0,0,TTAGGG
haplotype2-0001762_End,1000,0,0,TTAGGG
haplotype2-0001763_End,1000,0,0,TTAGGG
haplotype2-0001764_End,1000,0,0,TTAGGG
haplotype2-0001765_End,1000,1,0,TTAGGG
haplotype2-0001766_End,1000,0,0,TTAGGG
haplotype2-0001767_End,1000,0,0,TTAGGG
haplotype2-0001768_End,1000,0,0,TTAGGG
haplotype2-0001769_End,1000,0,0,TTAGGG
haplotype2-0001770_End,1000,1,1,TTAGGG
haplotype2-0001771_End,1000,1,0,TTAGGG
haplotype2-0001772_End,1000,0,0,TTAGGG
haplotype2-0001773_End,1000,0,0,TTAGGG
haplotype2-0001774_End,1000,1,1,TTAGGG
haplotype2-0001775_End,1000,0,0,TTAGGG
haplotype2-0001776_End,1000,0,0,TTAGGG
haplotype2-0001777_End,1000,0,0,TTAGGG
haplotype2-0001778_End,1000,0,0,TTAGGG
haplotype2-0001779_End,1000,0,0,TTAGGG
haplotype2-0001780_End,1000,0,1,TTAGGG
haplotype2-0001781_End,1000,2,1,TTAGGG
haplotype2-0001782_End,1000,1,0,TTAGGG
haplotype2-0001783_End,1000,0,0,TTAGGG
haplotype2-0001784_End,1000,0,0,TTAGGG
haplotype2-0001785_End,1000,0,0,TTAGGG
haplotype2-0001786_End,1000,1,0,TTAGGG
haplotype2-0001787_End,1000,0,0,TTAGGG
haplotype2-0001788_End,1000,0,0,TTAGGG
haplotype2-0001789_End,1000,0,0,TTAGGG
haplotype2-0001790_End,1000,0,0,TTAGGG
haplotype2-0001791_End,1000,0,1,TTAGGG
haplotype2-0001792_End,1000,0,0,TTAGGG
haplotype2-0001793_End,1000,0,0,TTAGGG
haplotype2-0001794_End,1000,0,0,TTAGGG
haplotype2-0001795_End,1000,0,1,TTAGGG
haplotype2-0001796_End,1000,0,0,TTAGGG
haplotype2-0001797_End,1000,0,0,TTAGGG
haplotype2-0001798_End,1000,0,0,TTAGGG
haplotype2-0001799_End,1000,0,1,TTAGGG
haplotype2-0001800_End,1000,0,0,TTAGGG
haplotype2-0001801_End,1000,2,0,TTAGGG
haplotype2-0001802_End,1000,0,0,TTAGGG
haplotype2-0001803_End,1000,0,0,TTAGGG
haplotype2-0001804_End,1000,0,0,TTAGGG
haplotype2-0001805_End,1000,1,0,TTAGGG
haplotype2-0001806_End,1000,0,0,TTAGGG
haplotype2-0001807_End,1000,0,0,TTAGGG
haplotype2-0001808_End,1000,0,0,TTAGGG
haplotype2-0001809_End,1000,0,1,TTAGGG
haplotype2-0001810_End,1000,1,0,TTAGGG
haplotype2-0001811_End,1000,0,0,TTAGGG
haplotype2-0001812_End,1000,1,0,TTAGGG
haplotype2-0001813_End,1000,0,0,TTAGGG
haplotype2-0001814_End,1000,0,0,TTAGGG
haplotype2-0001815_End,1000,0,1,TTAGGG
haplotype2-0001816_End,1000,0,0,TTAGGG
haplotype2-0001817_End,1000,1,0,TTAGGG
haplotype2-0001818_End,1000,0,1,TTAGGG
haplotype2-0001819_End,1000,1,0,TTAGGG
haplotype2-0001820_End,1000,0,1,TTAGGG
haplotype2-0001821_End,1000,0,0,TTAGGG
haplotype2-0001822_End,1000,0,0,TTAGGG
haplotype2-0001823_End,1000,0,1,TTAGGG
haplotype2-0001824_End,1000,0,0,TTAGGG
haplotype2-0001825_End,1000,0,0,TTAGGG
haplotype2-0001826_End,1000,0,0,TTAGGG
haplotype2-0001827_End,1000,0,0,TTAGGG
haplotype2-0001828_End,1000,0,0,TTAGGG
haplotype2-0001829_End,1000,0,0,TTAGGG
haplotype2-0001830_End,1000,0,1,TTAGGG
haplotype2-0001831_End,1000,0,0,TTAGGG
haplotype2-0001832_End,1000,0,0,TTAGGG
haplotype2-0001833_End,1000,0,1,TTAGGG
haplotype2-0001834_End,1000,0,1,TTAGGG
haplotype2-0001835_End,1000,0,0,TTAGGG
haplotype2-0001836_End,1000,0,0,TTAGGG
haplotype2-0001837_End,1000,0,0,TTAGGG
haplotype2-0001838_End,1000,0,0,TTAGGG
haplotype2-0001839_End,1000,0,1,TTAGGG
haplotype2-0001840_End,1000,0,0,TTAGGG
haplotype2-0001841_End,1000,0,0,TTAGGG
haplotype2-0001842_End,1000,0,0,TTAGGG
haplotype2-0001843_End,1000,0,0,TTAGGG
haplotype2-0001844_End,1000,0,0,TTAGGG
haplotype2-0001845_End,1000,1,0,TTAGGG
haplotype2-0001846_End,1000,1,0,TTAGGG
haplotype2-0001847_End,1000,0,0,TTAGGG
haplotype2-0001848_End,1000,0,0,TTAGGG
haplotype2-0001849_End,1000,0,0,TTAGGG
haplotype2-0001850_End,1000,0,0,TTAGGG
haplotype2-0001851_End,1000,0,0,TTAGGG
haplotype2-0001852_End,1000,0,0,TTAGGG
haplotype2-0001853_End,1000,0,0,TTAGGG
haplotype2-0001854_End,1000,0,0,TTAGGG
haplotype2-0001855_End,1000,0,0,TTAGGG
haplotype2-0001856_End,1000,0,0,TTAGGG
haplotype2-0001857_End,1000,0,0,TTAGGG
haplotype2-0001858_End,1000,0,0,TTAGGG
haplotype2-0001859_End,1000,0,0,TTAGGG
haplotype2-0001860_End,1000,0,0,TTAGGG
haplotype2-0001861_End,1000,0,0,TTAGGG
haplotype2-0001862_End,1000,0,0,TTAGGG
haplotype2-0001863_End,1000,0,0,TTAGGG
haplotype2-0001864_End,1000,0,1,TTAGGG
haplotype2-0001865_End,1000,1,0,TTAGGG
haplotype2-0001866_End,1000,0,1,TTAGGG
haplotype2-0001867_End,1000,1,0,TTAGGG
haplotype2-0001868_End,1000,0,1,TTAGGG
haplotype2-0001869_End,1000,0,0,TTAGGG
haplotype2-0001870_End,1000,0,0,TTAGGG
haplotype2-0001871_End,1000,0,0,TTAGGG
haplotype2-0001872_End,1000,0,0,TTAGGG
haplotype2-0001873_End,1000,1,0,TTAGGG
haplotype2-0001874_End,1000,1,0,TTAGGG
haplotype2-0001875_End,1000,0,0,TTAGGG
haplotype2-0001876_End,1000,0,2,TTAGGG
haplotype2-0001877_End,1000,0,0,TTAGGG
haplotype2-0001878_End,1000,0,0,TTAGGG
haplotype2-0001879_End,1000,0,0,TTAGGG
haplotype2-0001880_End,1000,1,0,TTAGGG
haplotype2-0001881_End,1000,0,0,TTAGGG
haplotype2-0001882_End,1000,0,0,TTAGGG
haplotype2-0001883_End,1000,0,1,TTAGGG
haplotype2-0001884_End,1000,0,0,TTAGGG
haplotype2-0001885_End,1000,0,0,TTAGGG
haplotype2-0001886_End,1000,0,0,TTAGGG
haplotype2-0001887_End,1000,0,1,TTAGGG
haplotype2-0001888_End,1000,0,0,TTAGGG
haplotype2-0001889_End,1000,163,0,TTAGGG
haplotype2-0001890_End,1000,154,0,TTAGGG
haplotype2-0001891_End,1000,0,0,TTAGGG
haplotype2-0001892_End,1000,0,0,TTAGGG
haplotype2-0001893_End,1000,0,0,TTAGGG
haplotype2-0001894_End,1000,0,1,TTAGGG
haplotype2-0001895_End,1000,0,0,TTAGGG
haplotype2-0001896_End,1000,0,0,TTAGGG
haplotype2-0001897_End,1000,0,0,TTAGGG
haplotype2-0001898_End,1000,0,0,TTAGGG
haplotype2-0001899_End,1000,0,0,TTAGGG
haplotype2-0001900_End,1000,2,0,TTAGGG
haplotype2-0001901_End,1000,1,0,TTAGGG
haplotype2-0001902_End,1000,1,0,TTAGGG
haplotype2-0001903_End,1000,0,0,TTAGGG
haplotype2-0001904_End,1000,1,0,TTAGGG
haplotype2-0001905_End,1000,0,0,TTAGGG
haplotype2-0001906_End,1000,0,0,TTAGGG
haplotype2-0001907_End,1000,0,0,TTAGGG
haplotype2-0001908_End,1000,0,0,TTAGGG
haplotype2-0001909_End,1000,0,0,TTAGGG
haplotype2-0001910_End,1000,0,0,TTAGGG
haplotype2-0001911_End,1000,0,0,TTAGGG
haplotype2-0001912_End,1000,0,0,TTAGGG
haplotype2-0001913_End,1000,0,0,TTAGGG
haplotype2-0001914_End,1000,0,0,TTAGGG
haplotype2-0001915_End,1000,0,0,TTAGGG
haplotype2-0001916_End,1000,0,0,TTAGGG
haplotype2-0001917_End,1000,0,0,TTAGGG
haplotype2-0001918_End,1000,1,1,TTAGGG
haplotype2-0001919_End,1000,0,0,TTAGGG
haplotype2-0001920_End,1000,0,0,TTAGGG
haplotype2-0001921_End,1000,0,0,TTAGGG
haplotype2-0001922_End,1000,0,0,TTAGGG
haplotype2-0001923_End,1000,0,1,TTAGGG
haplotype2-0001924_End,1000,0,0,TTAGGG
haplotype2-0001925_End,1000,0,0,TTAGGG
haplotype2-0001926_End,1000,0,0,TTAGGG
haplotype2-0001927_End,1000,0,0,TTAGGG
haplotype2-0001928_End,1000,0,0,TTAGGG
haplotype2-0001929_End,1000,1,0,TTAGGG
haplotype2-0001930_End,1000,0,0,TTAGGG
haplotype2-0001931_End,1000,1,0,TTAGGG
haplotype2-0001932_End,1000,0,0,TTAGGG
haplotype2-0001933_End,1000,0,0,TTAGGG
haplotype2-0001934_End,1000,0,0,TTAGGG
haplotype2-0001935_End,1000,0,0,TTAGGG
haplotype2-0001936_End,1000,1,0,TTAGGG
haplotype2-0001937_End,1000,0,0,TTAGGG
haplotype2-0001938_End,1000,0,0,TTAGGG
haplotype2-0001939_End,1000,0,0,TTAGGG
haplotype2-0001940_End,1000,0,0,TTAGGG
haplotype2-0001941_End,1000,0,0,TTAGGG
haplotype2-0001942_End,1000,0,0,TTAGGG
haplotype2-0001943_End,1000,1,0,TTAGGG
haplotype2-0001944_End,1000,0,0,TTAGGG
haplotype2-0001945_End,1000,0,0,TTAGGG
haplotype2-0001946_End,1000,0,0,TTAGGG
haplotype2-0001947_End,1000,0,0,TTAGGG
haplotype2-0001948_End,1000,0,0,TTAGGG
haplotype2-0001949_End,1000,0,0,TTAGGG
haplotype2-0001950_End,1000,0,1,TTAGGG
haplotype2-0001951_End,1000,0,0,TTAGGG
haplotype2-0001952_End,1000,0,1,TTAGGG
haplotype2-0001953_End,1000,0,1,TTAGGG
haplotype2-0001954_End,1000,0,1,TTAGGG
haplotype2-0001955_End,1000,0,0,TTAGGG
haplotype2-0001956_End,1000,0,0,TTAGGG
haplotype2-0001957_End,1000,0,0,TTAGGG
haplotype2-0001958_End,1000,0,0,TTAGGG
haplotype2-0001959_End,1000,1,0,TTAGGG
haplotype2-0001960_End,1000,0,0,TTAGGG
haplotype2-0001961_End,1000,2,0,TTAGGG
haplotype2-0001962_End,1000,0,0,TTAGGG
haplotype2-0001963_End,1000,0,0,TTAGGG
haplotype2-0001964_End,1000,1,2,TTAGGG
haplotype2-0001965_End,1000,0,0,TTAGGG
haplotype2-0001966_End,1000,1,0,TTAGGG
haplotype2-0001967_End,1000,0,0,TTAGGG
haplotype2-0001968_End,1000,0,0,TTAGGG
haplotype2-0001969_End,1000,0,0,TTAGGG
haplotype2-0001970_End,1000,0,0,TTAGGG
haplotype2-0001971_End,1000,0,0,TTAGGG
haplotype2-0001972_End,1000,0,0,TTAGGG
haplotype2-0001973_End,1000,0,0,TTAGGG
haplotype2-0001974_End,1000,0,0,TTAGGG
haplotype2-0001975_End,1000,0,1,TTAGGG
haplotype2-0001976_End,1000,0,0,TTAGGG
haplotype2-0001977_End,1000,0,0,TTAGGG
haplotype2-0001978_End,1000,0,0,TTAGGG
haplotype2-0001979_End,1000,1,0,TTAGGG
haplotype2-0001980_End,1000,0,0,TTAGGG
haplotype2-0001981_End,1000,0,0,TTAGGG
haplotype2-0001982_End,1000,0,0,TTAGGG
haplotype2-0001983_End,1000,0,0,TTAGGG
haplotype2-0001984_End,1000,1,0,TTAGGG
haplotype2-0001985_End,1000,0,0,TTAGGG
haplotype2-0001986_End,1000,0,1,TTAGGG
haplotype2-0001987_End,1000,0,0,TTAGGG
haplotype2-0001988_End,1000,0,0,TTAGGG
haplotype2-0001989_End,1000,0,0,TTAGGG
haplotype2-0001990_End,1000,0,0,TTAGGG
haplotype2-0001991_End,1000,0,0,TTAGGG
haplotype2-0001992_End,1000,0,0,TTAGGG
haplotype2-0001993_End,1000,1,0,TTAGGG
haplotype2-0001994_End,1000,2,0,TTAGGG
haplotype2-0001995_End,1000,0,0,TTAGGG
haplotype2-0001996_End,1000,0,0,TTAGGG
haplotype2-0001997_End,1000,0,0,TTAGGG
haplotype2-0001998_End,1000,0,1,TTAGGG
haplotype2-0001999_End,1000,0,0,TTAGGG
haplotype2-0002000_End,1000,1,0,TTAGGG
haplotype2-0002001_End,1000,0,0,TTAGGG
haplotype2-0002002_End,1000,0,0,TTAGGG
haplotype2-0002003_End,1000,1,0,TTAGGG
haplotype2-0002004_End,1000,0,0,TTAGGG
haplotype2-0002005_End,1000,0,0,TTAGGG
haplotype2-0002006_End,1000,0,0,TTAGGG
haplotype2-0002007_End,1000,0,1,TTAGGG
haplotype2-0002008_End,1000,0,1,TTAGGG
haplotype2-0002009_End,1000,0,0,TTAGGG
haplotype2-0002010_End,1000,0,0,TTAGGG
haplotype2-0002011_End,1000,0,0,TTAGGG
haplotype2-0002012_End,1000,0,0,TTAGGG
haplotype2-0002013_End,1000,0,1,TTAGGG
haplotype2-0002014_End,1000,0,4,TTAGGG
haplotype2-0002015_End,1000,0,0,TTAGGG
haplotype2-0002016_End,1000,0,0,TTAGGG
haplotype2-0002017_End,1000,0,1,TTAGGG
haplotype2-0002018_End,1000,0,0,TTAGGG
haplotype2-0002019_End,1000,0,0,TTAGGG
haplotype2-0002020_End,1000,0,0,TTAGGG
haplotype2-0002021_End,1000,0,0,TTAGGG
haplotype2-0002022_End,1000,0,0,TTAGGG
haplotype2-0002023_End,1000,0,0,TTAGGG
haplotype2-0002024_End,1000,0,0,TTAGGG
haplotype2-0002025_End,1000,0,0,TTAGGG
haplotype2-0002026_End,1000,0,0,TTAGGG
haplotype2-0002027_End,1000,0,0,TTAGGG
haplotype2-0002028_End,1000,0,0,TTAGGG
haplotype2-0002029_End,1000,0,0,TTAGGG
haplotype2-0002030_End,1000,0,0,TTAGGG
haplotype2-0002031_End,1000,0,0,TTAGGG
haplotype2-0002032_End,1000,0,0,TTAGGG
haplotype2-0002033_End,1000,0,0,TTAGGG
haplotype2-0002034_End,1000,2,0,TTAGGG
haplotype2-0002035_End,1000,0,0,TTAGGG
haplotype2-0002036_End,1000,0,1,TTAGGG
haplotype2-0002037_End,1000,0,0,TTAGGG
haplotype2-0002038_End,1000,0,1,TTAGGG
haplotype2-0002039_End,1000,0,1,TTAGGG
haplotype2-0002040_End,1000,0,0,TTAGGG
haplotype2-0002041_End,1000,0,0,TTAGGG
haplotype2-0002042_End,1000,1,0,TTAGGG
haplotype2-0002043_End,1000,0,0,TTAGGG
haplotype2-0002044_End,1000,0,0,TTAGGG
haplotype2-0002045_End,1000,1,0,TTAGGG
haplotype2-0002046_End,1000,1,0,TTAGGG
haplotype2-0002047_End,1000,0,0,TTAGGG
haplotype2-0002048_End,1000,0,0,TTAGGG
haplotype2-0002049_End,1000,0,0,TTAGGG
haplotype2-0002050_End,1000,0,0,TTAGGG
haplotype2-0002051_End,1000,0,0,TTAGGG
haplotype2-0002052_End,1000,0,0,TTAGGG
haplotype2-0002053_End,1000,0,0,TTAGGG
haplotype2-0002054_End,1000,0,0,TTAGGG
haplotype2-0002055_End,1000,1,0,TTAGGG
haplotype2-0002056_End,1000,0,0,TTAGGG
haplotype2-0002057_End,1000,0,0,TTAGGG
haplotype2-0002058_End,1000,0,0,TTAGGG
haplotype2-0002059_End,1000,0,1,TTAGGG
haplotype2-0002060_End,1000,0,0,TTAGGG
haplotype2-0002061_End,1000,0,0,TTAGGG
haplotype2-0002062_End,1000,0,0,TTAGGG
haplotype2-0002063_End,1000,0,0,TTAGGG
haplotype2-0002064_End,1000,0,0,TTAGGG
haplotype2-0002065_End,1000,0,0,TTAGGG
haplotype2-0002066_End,1000,1,1,TTAGGG
haplotype2-0002067_End,1000,0,0,TTAGGG
haplotype2-0002068_End,1000,0,0,TTAGGG
haplotype2-0002069_End,1000,0,0,TTAGGG
haplotype2-0002070_End,1000,0,0,TTAGGG
haplotype2-0002071_End,1000,0,0,TTAGGG
haplotype2-0002072_End,1000,0,1,TTAGGG
haplotype2-0002073_End,1000,0,0,TTAGGG
haplotype2-0002074_End,1000,1,0,TTAGGG
haplotype2-0002075_End,1000,1,0,TTAGGG
haplotype2-0002076_End,1000,0,0,TTAGGG
haplotype2-0002077_End,1000,0,0,TTAGGG
haplotype2-0002078_End,1000,0,0,TTAGGG
haplotype2-0002079_End,1000,0,1,TTAGGG
haplotype2-0002080_End,1000,1,0,TTAGGG
haplotype2-0002081_End,1000,0,0,TTAGGG
haplotype2-0002082_End,1000,0,0,TTAGGG
haplotype2-0002083_End,1000,0,0,TTAGGG
haplotype2-0002084_End,1000,1,1,TTAGGG
haplotype2-0002085_End,1000,1,0,TTAGGG
haplotype2-0002086_End,1000,0,0,TTAGGG
haplotype2-0002087_End,1000,0,0,TTAGGG
haplotype2-0002088_End,1000,0,2,TTAGGG
haplotype2-0002089_End,1000,0,0,TTAGGG
haplotype2-0002090_End,1000,0,0,TTAGGG
haplotype2-0002091_End,1000,1,1,TTAGGG
haplotype2-0002092_End,1000,0,0,TTAGGG
haplotype2-0002093_End,1000,1,0,TTAGGG
haplotype2-0002094_End,1000,0,0,TTAGGG
haplotype2-0002095_End,1000,0,0,TTAGGG
haplotype2-0002096_End,1000,0,1,TTAGGG
haplotype2-0002097_End,1000,0,0,TTAGGG
haplotype2-0002098_End,1000,0,0,TTAGGG
haplotype2-0002099_End,1000,0,0,TTAGGG
haplotype2-0002100_End,1000,1,0,TTAGGG
haplotype2-0002101_End,1000,0,0,TTAGGG
haplotype2-0002102_End,1000,0,0,TTAGGG
haplotype2-0002103_End,1000,0,0,TTAGGG
haplotype2-0002104_End,1000,0,0,TTAGGG
haplotype2-0002105_End,1000,0,1,TTAGGG
haplotype2-0002106_End,1000,0,0,TTAGGG
haplotype2-0002107_End,1000,0,0,TTAGGG
haplotype2-0002108_End,1000,0,0,TTAGGG
haplotype2-0002109_End,1000,0,0,TTAGGG
haplotype2-0002110_End,1000,0,0,TTAGGG
haplotype2-0002111_End,1000,0,0,TTAGGG
haplotype2-0002112_End,1000,1,0,TTAGGG
haplotype2-0002113_End,1000,0,0,TTAGGG
haplotype2-0002114_End,1000,0,0,TTAGGG
haplotype2-0002115_End,1000,0,1,TTAGGG
haplotype2-0002116_End,1000,0,0,TTAGGG
haplotype2-0002117_End,1000,1,0,TTAGGG
haplotype2-0002118_End,1000,0,0,TTAGGG
haplotype2-0002119_End,1000,0,1,TTAGGG
haplotype2-0002120_End,1000,0,0,TTAGGG
haplotype2-0002121_End,1000,0,0,TTAGGG
haplotype2-0002122_End,1000,0,0,TTAGGG
haplotype2-0002123_End,1000,0,0,TTAGGG
haplotype2-0002124_End,1000,0,0,TTAGGG
haplotype2-0002125_End,1000,0,0,TTAGGG
haplotype2-0002126_End,1000,0,0,TTAGGG
haplotype2-0002127_End,1000,1,0,TTAGGG
haplotype2-0002128_End,1000,0,0,TTAGGG
haplotype2-0002129_End,1000,0,0,TTAGGG
haplotype2-0002130_End,1000,0,0,TTAGGG
haplotype2-0002131_End,1000,0,0,TTAGGG
haplotype2-0002132_End,1000,0,0,TTAGGG
haplotype2-0002133_End,1000,0,0,TTAGGG
haplotype2-0002134_End,1000,0,0,TTAGGG
haplotype2-0002135_End,1000,0,0,TTAGGG
haplotype2-0002136_End,1000,0,0,TTAGGG
haplotype2-0002137_End,1000,0,0,TTAGGG
haplotype2-0002138_End,1000,0,0,TTAGGG
haplotype2-0002139_End,1000,0,0,TTAGGG
haplotype2-0002140_End,1000,0,1,TTAGGG
haplotype2-0002141_End,1000,0,1,TTAGGG
haplotype2-0002142_End,1000,0,0,TTAGGG
haplotype2-0002143_End,1000,0,0,TTAGGG
haplotype2-0002144_End,1000,0,0,TTAGGG
haplotype2-0002145_End,1000,0,1,TTAGGG
haplotype2-0002146_End,1000,0,0,TTAGGG
haplotype2-0002147_End,1000,0,0,TTAGGG
haplotype2-0002148_End,1000,0,0,TTAGGG
haplotype2-0002149_End,1000,0,0,TTAGGG
haplotype2-0002150_End,1000,0,0,TTAGGG
haplotype2-0002151_End,1000,0,0,TTAGGG
haplotype2-0002152_End,1000,0,0,TTAGGG
haplotype2-0002153_End,1000,0,0,TTAGGG
haplotype2-0002154_End,1000,0,0,TTAGGG
haplotype2-0002155_End,1000,0,0,TTAGGG
haplotype2-0002156_End,1000,0,0,TTAGGG
haplotype2-0002157_End,1000,0,1,TTAGGG
haplotype2-0002158_End,1000,1,0,TTAGGG
haplotype2-0002159_End,1000,0,0,TTAGGG
haplotype2-0002160_End,1000,0,0,TTAGGG
haplotype2-0002161_End,1000,0,0,TTAGGG
haplotype2-0002162_End,1000,0,0,TTAGGG
haplotype2-0002163_End,1000,1,0,TTAGGG
haplotype2-0002164_End,1000,0,0,TTAGGG
haplotype2-0002165_End,1000,0,0,TTAGGG
haplotype2-0002166_End,1000,0,1,TTAGGG
haplotype2-0002167_End,1000,0,0,TTAGGG
haplotype2-0002168_End,1000,0,0,TTAGGG
haplotype2-0002169_End,1000,1,0,TTAGGG
haplotype2-0002170_End,1000,0,1,TTAGGG
haplotype2-0002171_End,1000,0,0,TTAGGG
haplotype2-0002172_End,1000,0,0,TTAGGG
haplotype2-0002173_End,1000,0,0,TTAGGG
haplotype2-0002174_End,1000,0,0,TTAGGG
haplotype2-0002175_End,1000,0,1,TTAGGG
haplotype2-0002176_End,1000,0,0,TTAGGG
haplotype2-0002177_End,1000,0,0,TTAGGG
haplotype2-0002178_End,1000,0,0,TTAGGG
haplotype2-0002179_End,1000,0,0,TTAGGG
haplotype2-0002180_End,1000,0,1,TTAGGG
haplotype2-0002181_End,1000,0,1,TTAGGG
haplotype2-0002182_End,1000,0,0,TTAGGG
haplotype2-0002183_End,1000,0,0,TTAGGG
haplotype2-0002184_End,1000,2,0,TTAGGG
haplotype2-0002185_End,1000,0,0,TTAGGG
haplotype2-0002186_End,1000,1,0,TTAGGG
haplotype2-0002187_End,1000,0,0,TTAGGG
haplotype2-0002188_End,1000,0,0,TTAGGG
haplotype2-0002189_End,1000,0,0,TTAGGG
haplotype2-0002190_End,1000,0,1,TTAGGG
haplotype2-0002191_End,1000,1,0,TTAGGG
haplotype2-0002192_End,1000,0,1,TTAGGG
haplotype2-0002193_End,1000,1,0,TTAGGG
haplotype2-0002194_End,1000,0,0,TTAGGG
haplotype2-0002195_End,1000,0,0,TTAGGG
haplotype2-0002196_End,1000,0,0,TTAGGG
haplotype2-0002197_End,1000,0,0,TTAGGG
haplotype2-0002198_End,1000,0,0,TTAGGG
haplotype2-0002199_End,1000,0,1,TTAGGG
haplotype2-0002200_End,1000,0,1,TTAGGG
haplotype2-0002201_End,1000,0,0,TTAGGG
haplotype2-0002202_End,1000,0,0,TTAGGG
haplotype2-0002203_End,1000,0,0,TTAGGG
haplotype2-0002204_End,1000,1,0,TTAGGG
haplotype2-0002205_End,1000,0,0,TTAGGG
haplotype2-0002206_End,1000,1,0,TTAGGG
haplotype2-0002207_End,1000,0,0,TTAGGG
haplotype2-0002208_End,1000,0,0,TTAGGG
haplotype2-0002209_End,1000,1,0,TTAGGG
haplotype2-0002210_End,1000,0,1,TTAGGG
haplotype2-0002211_End,1000,0,0,TTAGGG
haplotype2-0002212_End,1000,0,0,TTAGGG
haplotype2-0002213_End,1000,1,0,TTAGGG
haplotype2-0002214_End,1000,0,1,TTAGGG
haplotype2-0002215_End,1000,0,0,TTAGGG
haplotype2-0002216_End,1000,0,0,TTAGGG
haplotype2-0002217_End,1000,0,0,TTAGGG
haplotype2-0002218_End,1000,0,0,TTAGGG
haplotype2-0002219_End,1000,0,0,TTAGGG
haplotype2-0002220_End,1000,0,0,TTAGGG
haplotype2-0002221_End,1000,1,0,TTAGGG
haplotype2-0002222_End,1000,0,0,TTAGGG
haplotype2-0002223_End,1000,0,0,TTAGGG
haplotype2-0002224_End,1000,0,0,TTAGGG
haplotype2-0002225_End,1000,0,1,TTAGGG
haplotype2-0002226_End,1000,0,0,TTAGGG
haplotype2-0002227_End,1000,0,0,TTAGGG
haplotype2-0002228_End,1000,0,0,TTAGGG
haplotype2-0002229_End,1000,0,0,TTAGGG
haplotype2-0002230_End,1000,2,0,TTAGGG
haplotype2-0002231_End,1000,0,0,TTAGGG
haplotype2-0002232_End,1000,0,0,TTAGGG
haplotype2-0002233_End,1000,0,0,TTAGGG
haplotype2-0002234_End,1000,0,0,TTAGGG
haplotype2-0002235_End,1000,0,0,TTAGGG
haplotype2-0002236_End,1000,1,0,TTAGGG
haplotype2-0002237_End,1000,0,1,TTAGGG
haplotype2-0002238_End,1000,0,0,TTAGGG
haplotype2-0002239_End,1000,0,0,TTAGGG
haplotype2-0002240_End,1000,0,0,TTAGGG
haplotype2-0002241_End,1000,0,0,TTAGGG
haplotype2-0002242_End,1000,0,0,TTAGGG
haplotype2-0002243_End,1000,0,0,TTAGGG
haplotype2-0002244_End,1000,0,0,TTAGGG
haplotype2-0002245_End,1000,0,0,TTAGGG
haplotype2-0002246_End,1000,0,0,TTAGGG
haplotype2-0002247_End,1000,0,0,TTAGGG
haplotype2-0002248_End,1000,0,0,TTAGGG
haplotype2-0002249_End,1000,0,0,TTAGGG
haplotype2-0002250_End,1000,0,0,TTAGGG
haplotype2-0002251_End,1000,0,0,TTAGGG
haplotype2-0002252_End,1000,0,0,TTAGGG
haplotype2-0002253_End,1000,0,0,TTAGGG
haplotype2-0002254_End,1000,0,0,TTAGGG
haplotype2-0002255_End,1000,0,0,TTAGGG
haplotype2-0002256_End,1000,0,0,TTAGGG
haplotype2-0002257_End,1000,0,0,TTAGGG
haplotype2-0002258_End,1000,0,0,TTAGGG
haplotype2-0002259_End,1000,0,2,TTAGGG
haplotype2-0002260_End,1000,0,0,TTAGGG
haplotype2-0002261_End,1000,0,1,TTAGGG
haplotype2-0002262_End,1000,2,0,TTAGGG
haplotype2-0002263_End,1000,0,0,TTAGGG
haplotype2-0002264_End,1000,0,1,TTAGGG
haplotype2-0002265_End,1000,0,0,TTAGGG
haplotype2-0002266_End,1000,1,0,TTAGGG
haplotype2-0002267_End,1000,0,0,TTAGGG
haplotype2-0002268_End,1000,0,0,TTAGGG
haplotype2-0002269_End,1000,1,0,TTAGGG
haplotype2-0002270_End,1000,0,2,TTAGGG
haplotype2-0002271_End,1000,0,0,TTAGGG
haplotype2-0002272_End,1000,0,0,TTAGGG
haplotype2-0002273_End,1000,0,0,TTAGGG
haplotype2-0002274_End,1000,1,0,TTAGGG
haplotype2-0002275_End,1000,0,0,TTAGGG
haplotype2-0002276_End,1000,0,0,TTAGGG
haplotype2-0002277_End,1000,0,0,TTAGGG
haplotype2-0002278_End,1000,0,1,TTAGGG
haplotype2-0002279_End,1000,0,1,TTAGGG
haplotype2-0002280_End,1000,1,0,TTAGGG
haplotype2-0002281_End,1000,0,0,TTAGGG
haplotype2-0002282_End,1000,0,0,TTAGGG
haplotype2-0002283_End,1000,0,0,TTAGGG
haplotype2-0002284_End,1000,0,0,TTAGGG
haplotype2-0002285_End,1000,1,0,TTAGGG
haplotype2-0002286_End,1000,0,0,TTAGGG
haplotype2-0002287_End,1000,0,0,TTAGGG
haplotype2-0002288_End,1000,0,0,TTAGGG
haplotype2-0002289_End,1000,0,1,TTAGGG
haplotype2-0002290_End,1000,0,0,TTAGGG
haplotype2-0002291_End,1000,0,0,TTAGGG
haplotype2-0002292_End,1000,1,0,TTAGGG
haplotype2-0002293_End,1000,166,0,TTAGGG
haplotype2-0002294_End,1000,0,0,TTAGGG
haplotype2-0002295_End,1000,0,0,TTAGGG
haplotype2-0002296_End,1000,1,0,TTAGGG
haplotype2-0002297_End,1000,2,2,TTAGGG
haplotype2-0002298_End,1000,0,0,TTAGGG
haplotype2-0002299_End,1000,0,1,TTAGGG
haplotype2-0002300_End,1000,0,0,TTAGGG
haplotype2-0002301_End,1000,0,0,TTAGGG
haplotype2-0002302_End,1000,0,0,TTAGGG
haplotype2-0002303_End,1000,0,0,TTAGGG
haplotype2-0002304_End,1000,0,0,TTAGGG
haplotype2-0002305_End,1000,0,0,TTAGGG
haplotype2-0002306_End,1000,0,0,TTAGGG
haplotype2-0002307_End,1000,0,0,TTAGGG
haplotype2-0002308_End,1000,0,1,TTAGGG
haplotype2-0002309_End,1000,1,0,TTAGGG
haplotype2-0002310_End,1000,0,0,TTAGGG
haplotype2-0002311_End,1000,0,0,TTAGGG
haplotype2-0002312_End,1000,0,1,TTAGGG
haplotype2-0002313_End,1000,0,0,TTAGGG
haplotype2-0002314_End,1000,0,0,TTAGGG
haplotype2-0002315_End,1000,0,0,TTAGGG
haplotype2-0002316_End,1000,0,0,TTAGGG
haplotype2-0002317_End,1000,0,0,TTAGGG
haplotype2-0002318_End,1000,0,0,TTAGGG
haplotype2-0002319_End,1000,1,0,TTAGGG
haplotype2-0002320_End,1000,1,0,TTAGGG
haplotype2-0002321_End,1000,0,0,TTAGGG
haplotype2-0002322_End,1000,0,0,TTAGGG
haplotype2-0002323_End,1000,0,0,TTAGGG
haplotype2-0002324_End,1000,0,0,TTAGGG
haplotype2-0002325_End,1000,0,0,TTAGGG
haplotype2-0002326_End,1000,0,1,TTAGGG
haplotype2-0002327_End,1000,0,0,TTAGGG
haplotype2-0002328_End,1000,0,0,TTAGGG
haplotype2-0002329_End,1000,0,0,TTAGGG
haplotype2-0002330_End,1000,0,0,TTAGGG
haplotype2-0002331_End,1000,0,0,TTAGGG
haplotype2-0002332_End,1000,0,2,TTAGGG
haplotype2-0002333_End,1000,0,1,TTAGGG
haplotype2-0002334_End,1000,0,1,TTAGGG
haplotype2-0002335_End,1000,0,0,TTAGGG
haplotype2-0002336_End,1000,0,0,TTAGGG
haplotype2-0002337_End,1000,0,0,TTAGGG
haplotype2-0002338_End,1000,0,0,TTAGGG
haplotype2-0002339_End,1000,0,2,TTAGGG
haplotype2-0002340_End,1000,0,0,TTAGGG
haplotype2-0002341_End,1000,0,1,TTAGGG
haplotype2-0002342_End,1000,0,0,TTAGGG
haplotype2-0002343_End,1000,0,0,TTAGGG
haplotype2-0002344_End,1000,0,0,TTAGGG
haplotype2-0002345_End,1000,0,0,TTAGGG
haplotype2-0002346_End,1000,1,0,TTAGGG
haplotype2-0002347_End,1000,0,0,TTAGGG
haplotype2-0002348_End,1000,0,0,TTAGGG
haplotype2-0002349_End,1000,0,0,TTAGGG
haplotype2-0002350_End,1000,0,0,TTAGGG
haplotype2-0002351_End,1000,0,1,TTAGGG
haplotype2-0002352_End,1000,0,0,TTAGGG
haplotype2-0002353_End,1000,0,0,TTAGGG
haplotype2-0002354_End,1000,0,1,TTAGGG
haplotype2-0002355_End,1000,0,0,TTAGGG
haplotype2-0002356_End,1000,0,1,TTAGGG
haplotype2-0002357_End,1000,0,0,TTAGGG
haplotype2-0002358_End,1000,0,0,TTAGGG
haplotype2-0002359_End,1000,1,1,TTAGGG
haplotype2-0002360_End,1000,0,0,TTAGGG
haplotype2-0002361_End,1000,0,0,TTAGGG
haplotype2-0002362_End,1000,0,0,TTAGGG
haplotype2-0002363_End,1000,0,0,TTAGGG
haplotype2-0002364_End,1000,0,0,TTAGGG
haplotype2-0002365_End,1000,0,0,TTAGGG
haplotype2-0002366_End,1000,0,0,TTAGGG
haplotype2-0002367_End,1000,1,0,TTAGGG
haplotype2-0002368_End,1000,0,0,TTAGGG
haplotype2-0002369_End,1000,0,0,TTAGGG
haplotype2-0002370_End,1000,0,0,TTAGGG
haplotype2-0002371_End,1000,0,0,TTAGGG
haplotype2-0002372_End,1000,2,0,TTAGGG
haplotype2-0002373_End,1000,0,1,TTAGGG
haplotype2-0002374_End,1000,0,1,TTAGGG
haplotype2-0002375_End,1000,0,0,TTAGGG
haplotype2-0002376_End,1000,0,0,TTAGGG
haplotype2-0002377_End,1000,0,2,TTAGGG
haplotype2-0002378_End,1000,0,0,TTAGGG
haplotype2-0002379_End,1000,0,0,TTAGGG
haplotype2-0002380_End,1000,0,0,TTAGGG
haplotype2-0002381_End,1000,0,0,TTAGGG
haplotype2-0002382_End,1000,0,0,TTAGGG
haplotype2-0002383_End,1000,0,0,TTAGGG
haplotype2-0002384_End,1000,0,1,TTAGGG
haplotype2-0002385_End,1000,0,0,TTAGGG
haplotype2-0002386_End,1000,0,1,TTAGGG
haplotype2-0002387_End,1000,0,0,TTAGGG
haplotype2-0002388_End,1000,0,0,TTAGGG
haplotype2-0002389_End,1000,1,0,TTAGGG
haplotype2-0002390_End,1000,0,1,TTAGGG
haplotype2-0002391_End,1000,0,0,TTAGGG
haplotype2-0002392_End,1000,0,0,TTAGGG
haplotype2-0002393_End,1000,1,0,TTAGGG
haplotype2-0002394_End,1000,1,0,TTAGGG
haplotype2-0002395_End,1000,0,0,TTAGGG
haplotype2-0002396_End,1000,0,1,TTAGGG
haplotype2-0002397_End,1000,0,0,TTAGGG
haplotype2-0002398_End,1000,1,0,TTAGGG
haplotype2-0002399_End,1000,0,0,TTAGGG
haplotype2-0002400_End,1000,0,0,TTAGGG
haplotype2-0002401_End,1000,0,0,TTAGGG
haplotype2-0002402_End,1000,0,0,TTAGGG
haplotype2-0002403_End,1000,0,0,TTAGGG
haplotype2-0002404_End,1000,0,0,TTAGGG
haplotype2-0002405_End,1000,1,0,TTAGGG
haplotype2-0002406_End,1000,0,0,TTAGGG
haplotype2-0002407_End,1000,0,0,TTAGGG
haplotype2-0002408_End,1000,0,0,TTAGGG
haplotype2-0002409_End,1000,0,0,TTAGGG
haplotype2-0002410_End,1000,0,1,TTAGGG
haplotype2-0002411_End,1000,0,0,TTAGGG
haplotype2-0002412_End,1000,0,0,TTAGGG
haplotype2-0002413_End,1000,0,0,TTAGGG
haplotype2-0002414_End,1000,0,0,TTAGGG
haplotype2-0002415_End,1000,0,3,TTAGGG
haplotype2-0002416_End,1000,0,0,TTAGGG
haplotype2-0002417_End,1000,0,0,TTAGGG
haplotype2-0002418_End,1000,0,0,TTAGGG
haplotype2-0002419_End,1000,0,0,TTAGGG
haplotype2-0002420_End,1000,0,0,TTAGGG
haplotype2-0002421_End,1000,0,0,TTAGGG
haplotype2-0002422_End,1000,0,0,TTAGGG
haplotype2-0002423_End,1000,0,0,TTAGGG
haplotype2-0002424_End,1000,0,0,TTAGGG
haplotype2-0002425_End,1000,0,0,TTAGGG
haplotype2-0002426_End,1000,0,0,TTAGGG
haplotype2-0002427_End,1000,0,0,TTAGGG
haplotype2-0002428_End,1000,0,0,TTAGGG
haplotype2-0002429_End,1000,0,0,TTAGGG
haplotype2-0002430_End,1000,0,0,TTAGGG
haplotype2-0002431_End,1000,0,0,TTAGGG
haplotype2-0002432_End,1000,0,0,TTAGGG
haplotype2-0002433_End,1000,0,0,TTAGGG
haplotype2-0002434_End,1000,0,0,TTAGGG
haplotype2-0002435_End,1000,1,0,TTAGGG
haplotype2-0002436_End,1000,0,0,TTAGGG
haplotype2-0002437_End,1000,0,1,TTAGGG
haplotype2-0002438_End,1000,1,0,TTAGGG
haplotype2-0002439_End,1000,0,0,TTAGGG
haplotype2-0002440_End,1000,1,0,TTAGGG
haplotype2-0002441_End,1000,0,0,TTAGGG
haplotype2-0002442_End,1000,1,0,TTAGGG
haplotype2-0002443_End,1000,0,0,TTAGGG
haplotype2-0002444_End,1000,0,0,TTAGGG
haplotype2-0002445_End,1000,0,0,TTAGGG
haplotype2-0002446_End,1000,0,0,TTAGGG
haplotype2-0002447_End,1000,0,0,TTAGGG
haplotype2-0002448_End,1000,0,0,TTAGGG
haplotype2-0002449_End,1000,0,0,TTAGGG
haplotype2-0002450_End,1000,0,0,TTAGGG
haplotype2-0002451_End,1000,1,0,TTAGGG
haplotype2-0002452_End,1000,0,0,TTAGGG
haplotype2-0002453_End,1000,0,1,TTAGGG
haplotype2-0002454_End,1000,0,0,TTAGGG
haplotype2-0002455_End,1000,0,0,TTAGGG
haplotype2-0002456_End,1000,1,0,TTAGGG
haplotype2-0002457_End,1000,0,0,TTAGGG
haplotype2-0002458_End,1000,0,0,TTAGGG
haplotype2-0002459_End,1000,0,0,TTAGGG
haplotype2-0002460_End,1000,1,0,TTAGGG
haplotype2-0002461_End,1000,0,0,TTAGGG
haplotype2-0002462_End,1000,0,0,TTAGGG
haplotype2-0002463_End,1000,0,0,TTAGGG
haplotype2-0002464_End,1000,1,1,TTAGGG
haplotype2-0002465_End,1000,0,0,TTAGGG
haplotype2-0002466_End,1000,0,0,TTAGGG
haplotype2-0002467_End,1000,0,0,TTAGGG
haplotype2-0002468_End,1000,0,0,TTAGGG
haplotype2-0002469_End,1000,0,0,TTAGGG
haplotype2-0002470_End,1000,1,0,TTAGGG
haplotype2-0002471_End,1000,0,0,TTAGGG
haplotype2-0002472_End,1000,0,0,TTAGGG
haplotype2-0002473_End,1000,0,0,TTAGGG
haplotype2-0002474_End,1000,0,1,TTAGGG
haplotype2-0002475_End,1000,0,0,TTAGGG
haplotype2-0002476_End,1000,0,1,TTAGGG
haplotype2-0002477_End,1000,0,0,TTAGGG
haplotype2-0002478_End,1000,0,0,TTAGGG
haplotype2-0002479_End,1000,0,0,TTAGGG
haplotype2-0002480_End,1000,0,0,TTAGGG
haplotype2-0002481_End,1000,0,0,TTAGGG
haplotype2-0002482_End,1000,0,0,TTAGGG
haplotype2-0002483_End,1000,0,0,TTAGGG
haplotype2-0002484_End,1000,0,0,TTAGGG
haplotype2-0002485_End,1000,0,0,TTAGGG
haplotype2-0002486_End,1000,0,0,TTAGGG
haplotype2-0002487_End,1000,0,0,TTAGGG
haplotype2-0002488_End,1000,0,0,TTAGGG
haplotype2-0002489_End,1000,0,0,TTAGGG
haplotype2-0002490_End,1000,0,0,TTAGGG
haplotype2-0002491_End,1000,0,1,TTAGGG
haplotype2-0002492_End,1000,0,0,TTAGGG
haplotype2-0002493_End,1000,0,0,TTAGGG
haplotype2-0002494_End,1000,0,0,TTAGGG
haplotype2-0002495_End,1000,1,0,TTAGGG
haplotype2-0002496_End,1000,0,1,TTAGGG
haplotype2-0002497_End,1000,0,0,TTAGGG
haplotype2-0002498_End,1000,0,1,TTAGGG
haplotype2-0002499_End,1000,1,0,TTAGGG
haplotype2-0002500_End,1000,0,0,TTAGGG
haplotype2-0002501_End,1000,0,0,TTAGGG
haplotype2-0002502_End,1000,0,0,TTAGGG
haplotype2-0002503_End,1000,0,0,TTAGGG
haplotype2-0002504_End,1000,1,0,TTAGGG
haplotype2-0002505_End,1000,0,1,TTAGGG
haplotype2-0002506_End,1000,1,0,TTAGGG
haplotype2-0002507_End,1000,2,0,TTAGGG
haplotype2-0002508_End,1000,0,0,TTAGGG
haplotype2-0002509_End,1000,0,0,TTAGGG
haplotype2-0002510_End,1000,1,0,TTAGGG
haplotype2-0002511_End,1000,0,1,TTAGGG
haplotype2-0002512_End,1000,0,0,TTAGGG
haplotype2-0002513_End,1000,0,0,TTAGGG
haplotype2-0002514_End,1000,0,0,TTAGGG
haplotype2-0002515_End,1000,0,0,TTAGGG
haplotype2-0002516_End,1000,0,0,TTAGGG
haplotype2-0002517_End,1000,0,1,TTAGGG
haplotype2-0002518_End,1000,0,0,TTAGGG
haplotype2-0002519_End,1000,0,0,TTAGGG
haplotype2-0002520_End,1000,0,0,TTAGGG
haplotype2-0002521_End,1000,0,0,TTAGGG
haplotype2-0002522_End,1000,0,0,TTAGGG
haplotype2-0002523_End,1000,1,0,TTAGGG
haplotype2-0002524_End,1000,0,0,TTAGGG
haplotype2-0002525_End,1000,0,0,TTAGGG
haplotype2-0002526_End,1000,0,0,TTAGGG
haplotype2-0002527_End,1000,0,2,TTAGGG
haplotype2-0002528_End,1000,0,1,TTAGGG
haplotype2-0002529_End,1000,0,0,TTAGGG
haplotype2-0002530_End,1000,0,0,TTAGGG
haplotype2-0002531_End,1000,0,2,TTAGGG
haplotype2-0002532_End,1000,0,0,TTAGGG
haplotype2-0002533_End,1000,0,0,TTAGGG
haplotype2-0002534_End,1000,0,1,TTAGGG
haplotype2-0002535_End,1000,0,0,TTAGGG
haplotype2-0002536_End,1000,1,0,TTAGGG
haplotype2-0002537_End,1000,0,0,TTAGGG
haplotype2-0002538_End,1000,0,0,TTAGGG
haplotype2-0002539_End,1000,0,0,TTAGGG
haplotype2-0002540_End,1000,0,1,TTAGGG
haplotype2-0002541_End,1000,2,0,TTAGGG
haplotype2-0002542_End,1000,0,0,TTAGGG
haplotype2-0002543_End,1000,0,1,TTAGGG
haplotype2-0002544_End,1000,0,1,TTAGGG
haplotype2-0002545_End,1000,0,0,TTAGGG
haplotype2-0002546_End,1000,0,0,TTAGGG
haplotype2-0002547_End,1000,1,0,TTAGGG
haplotype2-0002548_End,1000,0,0,TTAGGG
haplotype2-0002549_End,1000,0,0,TTAGGG
haplotype2-0002550_End,1000,0,0,TTAGGG
haplotype2-0002551_End,1000,0,0,TTAGGG
haplotype2-0002552_End,1000,0,0,TTAGGG
haplotype2-0002553_End,1000,0,0,TTAGGG
haplotype2-0002554_End,1000,0,0,TTAGGG
haplotype2-0002555_End,1000,0,0,TTAGGG
haplotype2-0002556_End,1000,0,0,TTAGGG
haplotype2-0002557_End,1000,1,0,TTAGGG
haplotype2-0002558_End,1000,1,0,TTAGGG
haplotype2-0002559_End,1000,0,1,TTAGGG
haplotype2-0002560_End,1000,0,0,TTAGGG
haplotype2-0002561_End,1000,0,0,TTAGGG
haplotype2-0002562_End,1000,0,0,TTAGGG
haplotype2-0002563_End,1000,0,0,TTAGGG
haplotype2-0002564_End,1000,0,0,TTAGGG
haplotype2-0002565_End,1000,0,0,TTAGGG
haplotype2-0002566_End,1000,0,0,TTAGGG
haplotype2-0002567_End,1000,0,0,TTAGGG
haplotype2-0002568_End,1000,0,0,TTAGGG
haplotype2-0002569_End,1000,0,0,TTAGGG
haplotype2-0002570_End,1000,0,0,TTAGGG
haplotype2-0002571_End,1000,1,0,TTAGGG
haplotype2-0002572_End,1000,0,0,TTAGGG
haplotype2-0002573_End,1000,0,0,TTAGGG
haplotype2-0002574_End,1000,0,0,TTAGGG
haplotype2-0002575_End,1000,0,0,TTAGGG
haplotype2-0002576_End,1000,0,0,TTAGGG
haplotype2-0002577_End,1000,0,1,TTAGGG
haplotype2-0002578_End,1000,0,0,TTAGGG
haplotype2-0002579_End,1000,0,0,TTAGGG
haplotype2-0002580_End,1000,0,0,TTAGGG
haplotype2-0002581_End,1000,1,1,TTAGGG
haplotype2-0002582_End,1000,1,0,TTAGGG
haplotype2-0002583_End,1000,0,0,TTAGGG
haplotype2-0002584_End,1000,0,0,TTAGGG
haplotype2-0002585_End,1000,0,0,TTAGGG
haplotype2-0002586_End,1000,0,0,TTAGGG
haplotype2-0002587_End,1000,0,0,TTAGGG
haplotype2-0002588_End,1000,0,0,TTAGGG
haplotype2-0002589_End,1000,1,0,TTAGGG
haplotype2-0002590_End,1000,0,0,TTAGGG
haplotype2-0002591_End,1000,0,0,TTAGGG
haplotype2-0002592_End,1000,0,0,TTAGGG
haplotype2-0002593_End,1000,0,0,TTAGGG
haplotype2-0002594_End,1000,1,1,TTAGGG
haplotype2-0002595_End,1000,0,0,TTAGGG
haplotype2-0002596_End,1000,0,0,TTAGGG
haplotype2-0002597_End,1000,1,0,TTAGGG
haplotype2-0002598_End,1000,1,0,TTAGGG
haplotype2-0002599_End,1000,0,1,TTAGGG
haplotype2-0002600_End,1000,0,0,TTAGGG
haplotype2-0002601_End,1000,1,0,TTAGGG
haplotype2-0002602_End,1000,0,0,TTAGGG
haplotype2-0002603_End,1000,0,0,TTAGGG
haplotype2-0002604_End,1000,0,0,TTAGGG
haplotype2-0002605_End,1000,0,0,TTAGGG
haplotype2-0002606_End,1000,0,2,TTAGGG
haplotype2-0002607_End,1000,0,0,TTAGGG
haplotype2-0002608_End,1000,0,0,TTAGGG
haplotype2-0002609_End,1000,0,1,TTAGGG
haplotype2-0002610_End,1000,0,0,TTAGGG
haplotype2-0002611_End,1000,1,0,TTAGGG
haplotype2-0002612_End,1000,0,0,TTAGGG
haplotype2-0002613_End,1000,1,1,TTAGGG
haplotype2-0002614_End,1000,0,0,TTAGGG
haplotype2-0002615_End,1000,0,0,TTAGGG
haplotype2-0002616_End,1000,0,0,TTAGGG
haplotype2-0002617_End,1000,0,0,TTAGGG
haplotype2-0002618_End,1000,0,0,TTAGGG
haplotype2-0002619_End,1000,0,0,TTAGGG
haplotype2-0002620_End,1000,0,0,TTAGGG
haplotype2-0002621_End,1000,0,0,TTAGGG
haplotype2-0002622_End,1000,0,0,TTAGGG
haplotype2-0002623_End,1000,0,0,TTAGGG
haplotype2-0002624_End,1000,0,1,TTAGGG
haplotype2-0002625_End,1000,0,0,TTAGGG
haplotype2-0002626_End,1000,0,0,TTAGGG
haplotype2-0002627_End,1000,0,0,TTAGGG
haplotype2-0002628_End,1000,0,1,TTAGGG
haplotype2-0002629_End,1000,0,0,TTAGGG
haplotype2-0002630_End,1000,0,0,TTAGGG
haplotype2-0002631_End,1000,0,0,TTAGGG
haplotype2-0002632_End,1000,0,0,TTAGGG
haplotype2-0002633_End,1000,0,0,TTAGGG
haplotype2-0002634_End,1000,0,0,TTAGGG
haplotype2-0002635_End,1000,0,0,TTAGGG
haplotype2-0002636_End,1000,0,0,TTAGGG
haplotype2-0002637_End,1000,0,0,TTAGGG
haplotype2-0002638_End,1000,0,0,TTAGGG
haplotype2-0002639_End,1000,1,0,TTAGGG
haplotype2-0002640_End,1000,0,0,TTAGGG
haplotype2-0002641_End,1000,0,0,TTAGGG
haplotype2-0002642_End,1000,0,0,TTAGGG
haplotype2-0002643_End,1000,0,0,TTAGGG
haplotype2-0002644_End,1000,0,1,TTAGGG
haplotype2-0002645_End,1000,0,2,TTAGGG
haplotype2-0002646_End,1000,0,1,TTAGGG
haplotype2-0002647_End,1000,0,0,TTAGGG
haplotype2-0002648_End,1000,0,0,TTAGGG
haplotype2-0002649_End,1000,0,0,TTAGGG
haplotype2-0002650_End,1000,0,1,TTAGGG
haplotype2-0002651_End,1000,0,0,TTAGGG
haplotype2-0002652_End,1000,0,0,TTAGGG
haplotype2-0002653_End,1000,0,0,TTAGGG
haplotype2-0002654_End,1000,1,0,TTAGGG
haplotype2-0002655_End,1000,0,0,TTAGGG
haplotype2-0002656_End,1000,0,0,TTAGGG
haplotype2-0002657_End,1000,0,0,TTAGGG
haplotype2-0002658_End,1000,1,0,TTAGGG
haplotype2-0002659_End,1000,0,0,TTAGGG
haplotype2-0002660_End,1000,0,0,TTAGGG
haplotype2-0002661_End,1000,0,0,TTAGGG
haplotype2-0002662_End,1000,0,0,TTAGGG
haplotype2-0002663_End,1000,0,0,TTAGGG
haplotype2-0002664_End,1000,0,1,TTAGGG
haplotype2-0002665_End,1000,0,0,TTAGGG
haplotype2-0002666_End,1000,1,1,TTAGGG
haplotype2-0002667_End,1000,0,0,TTAGGG
haplotype2-0002668_End,1000,0,1,TTAGGG
haplotype2-0002669_End,1000,0,0,TTAGGG
haplotype2-0002670_End,1000,0,0,TTAGGG
haplotype2-0002671_End,1000,0,0,TTAGGG
haplotype2-0002672_End,1000,1,1,TTAGGG
haplotype2-0002673_End,1000,0,0,TTAGGG
haplotype2-0002674_End,1000,0,0,TTAGGG
haplotype2-0002675_End,1000,1,0,TTAGGG
haplotype2-0002676_End,1000,0,0,TTAGGG
haplotype2-0002677_End,1000,0,0,TTAGGG
haplotype2-0002678_End,1000,0,0,TTAGGG
haplotype2-0002679_End,1000,1,0,TTAGGG
haplotype2-0002680_End,1000,1,0,TTAGGG
haplotype2-0002681_End,1000,0,0,TTAGGG
haplotype2-0002682_End,1000,1,0,TTAGGG
haplotype2-0002683_End,1000,0,0,TTAGGG
haplotype2-0002684_End,1000,0,0,TTAGGG
haplotype2-0002685_End,1000,0,0,TTAGGG
haplotype2-0002686_End,1000,0,0,TTAGGG
haplotype2-0002687_End,1000,0,0,TTAGGG
haplotype2-0002688_End,1000,0,0,TTAGGG
haplotype2-0002689_End,1000,0,0,TTAGGG
haplotype2-0002690_End,1000,0,0,TTAGGG
haplotype2-0002691_End,1000,0,0,TTAGGG
haplotype2-0002692_End,1000,0,1,TTAGGG
haplotype2-0002693_End,1000,0,0,TTAGGG
haplotype2-0002694_End,1000,0,0,TTAGGG
haplotype2-0002695_End,1000,0,0,TTAGGG
haplotype2-0002696_End,1000,0,0,TTAGGG
haplotype2-0002697_End,1000,0,1,TTAGGG
haplotype2-0002698_End,1000,0,0,TTAGGG
haplotype2-0002699_End,1000,0,0,TTAGGG
haplotype2-0002700_End,1000,0,0,TTAGGG
haplotype2-0002701_End,1000,0,0,TTAGGG
haplotype2-0002702_End,1000,0,0,TTAGGG
haplotype2-0002703_End,1000,0,0,TTAGGG
haplotype2-0002704_End,1000,1,1,TTAGGG
haplotype2-0002705_End,1000,1,0,TTAGGG
haplotype2-0002706_End,1000,0,0,TTAGGG
haplotype2-0002707_End,1000,0,0,TTAGGG
haplotype2-0002708_End,1000,0,0,TTAGGG
haplotype2-0002709_End,1000,0,0,TTAGGG
haplotype2-0002710_End,1000,1,0,TTAGGG
haplotype2-0002711_End,1000,0,0,TTAGGG
haplotype2-0002712_End,1000,0,1,TTAGGG
haplotype2-0002713_End,1000,4,0,TTAGGG
haplotype2-0002714_End,1000,0,0,TTAGGG
haplotype2-0002715_End,1000,0,1,TTAGGG
haplotype2-0002716_End,1000,0,0,TTAGGG
haplotype2-0002717_End,1000,0,0,TTAGGG
haplotype2-0002718_End,1000,0,0,TTAGGG
haplotype2-0002719_End,1000,0,0,TTAGGG
haplotype2-0002720_End,1000,0,0,TTAGGG
haplotype2-0002721_End,1000,0,0,TTAGGG
haplotype2-0002722_End,1000,2,0,TTAGGG
haplotype2-0002723_End,1000,0,0,TTAGGG
haplotype2-0002724_End,1000,0,0,TTAGGG
haplotype2-0002725_End,1000,0,0,TTAGGG
haplotype2-0002726_End,1000,0,0,TTAGGG
haplotype2-0002727_End,1000,0,0,TTAGGG
haplotype2-0002728_End,1000,0,0,TTAGGG
haplotype2-0002729_End,1000,0,0,TTAGGG
haplotype2-0002730_End,1000,2,0,TTAGGG
haplotype2-0002731_End,1000,0,1,TTAGGG
haplotype2-0002732_End,1000,0,0,TTAGGG
haplotype2-0002733_End,1000,0,0,TTAGGG
haplotype2-0002734_End,1000,2,0,TTAGGG
haplotype2-0002735_End,1000,0,0,TTAGGG
haplotype2-0002736_End,1000,1,0,TTAGGG
haplotype2-0002737_End,1000,0,0,TTAGGG
haplotype2-0002738_End,1000,0,0,TTAGGG
haplotype2-0002739_End,1000,1,0,TTAGGG
haplotype2-0002740_End,1000,0,0,TTAGGG
haplotype2-0002741_End,1000,0,0,TTAGGG
haplotype2-0002742_End,1000,0,0,TTAGGG
haplotype2-0002743_End,1000,1,0,TTAGGG
haplotype2-0002744_End,1000,1,0,TTAGGG
haplotype2-0002745_End,1000,1,0,TTAGGG
haplotype2-0002746_End,1000,0,0,TTAGGG
haplotype2-0002747_End,1000,0,0,TTAGGG
haplotype2-0002748_End,1000,1,0,TTAGGG
haplotype2-0002749_End,1000,0,0,TTAGGG
haplotype2-0002750_End,1000,1,0,TTAGGG
haplotype2-0002751_End,1000,0,0,TTAGGG
haplotype2-0002752_End,1000,0,0,TTAGGG
haplotype2-0002753_End,1000,0,0,TTAGGG
haplotype2-0002754_End,1000,0,0,TTAGGG
haplotype2-0002755_End,1000,0,0,TTAGGG
haplotype2-0002756_End,1000,0,0,TTAGGG
haplotype2-0002757_End,1000,0,0,TTAGGG
haplotype2-0002758_End,1000,0,0,TTAGGG
haplotype2-0002759_End,1000,1,0,TTAGGG
haplotype2-0002760_End,1000,0,0,TTAGGG
haplotype2-0002761_End,1000,0,1,TTAGGG
haplotype2-0002762_End,1000,0,0,TTAGGG
haplotype2-0002763_End,1000,0,0,TTAGGG
haplotype2-0002764_End,1000,1,0,TTAGGG
haplotype2-0002765_End,1000,0,0,TTAGGG
haplotype2-0002766_End,1000,0,0,TTAGGG
haplotype2-0002767_End,1000,0,0,TTAGGG
haplotype2-0002768_End,1000,0,1,TTAGGG
haplotype2-0002769_End,1000,0,0,TTAGGG
haplotype2-0002770_End,1000,0,1,TTAGGG
haplotype2-0002771_End,1000,0,0,TTAGGG
haplotype2-0002772_End,1000,0,0,TTAGGG
haplotype2-0002773_End,1000,0,1,TTAGGG
haplotype2-0002774_End,1000,0,0,TTAGGG
haplotype2-0002775_End,1000,1,0,TTAGGG
haplotype2-0002776_End,1000,0,0,TTAGGG
haplotype2-0002777_End,1000,1,0,TTAGGG
haplotype2-0002778_End,1000,0,1,TTAGGG
haplotype2-0002779_End,1000,0,0,TTAGGG
haplotype2-0002780_End,1000,0,0,TTAGGG
haplotype2-0002781_End,1000,0,0,TTAGGG
haplotype2-0002782_End,1000,0,0,TTAGGG
haplotype2-0002783_End,1000,0,0,TTAGGG
haplotype2-0002784_End,1000,0,0,TTAGGG
haplotype2-0002785_End,1000,0,0,TTAGGG
haplotype2-0002786_End,1000,0,0,TTAGGG
haplotype2-0002787_End,1000,0,0,TTAGGG
haplotype2-0002788_End,1000,0,0,TTAGGG
haplotype2-0002789_End,1000,0,0,TTAGGG
haplotype2-0002790_End,1000,0,0,TTAGGG
haplotype2-0002791_End,1000,0,0,TTAGGG
haplotype2-0002792_End,1000,0,0,TTAGGG
haplotype2-0002793_End,1000,0,0,TTAGGG
haplotype2-0002794_End,1000,0,0,TTAGGG
haplotype2-0002795_End,1000,1,0,TTAGGG
haplotype2-0002796_End,1000,1,1,TTAGGG
haplotype2-0002797_End,1000,0,0,TTAGGG
haplotype2-0002798_End,1000,0,0,TTAGGG
haplotype2-0002799_End,1000,0,0,TTAGGG
haplotype2-0002800_End,1000,0,0,TTAGGG
haplotype2-0002801_End,1000,0,0,TTAGGG
haplotype2-0002802_End,1000,0,0,TTAGGG
haplotype2-0002803_End,1000,0,0,TTAGGG
haplotype2-0002804_End,1000,0,0,TTAGGG
haplotype2-0002805_End,1000,0,1,TTAGGG
haplotype2-0002806_End,1000,0,0,TTAGGG
haplotype2-0002807_End,1000,0,0,TTAGGG
haplotype2-0002808_End,1000,0,1,TTAGGG
haplotype2-0002809_End,1000,1,0,TTAGGG
haplotype2-0002810_End,1000,0,0,TTAGGG
haplotype2-0002811_End,1000,0,0,TTAGGG
haplotype2-0002812_End,1000,0,0,TTAGGG
haplotype2-0002813_End,1000,1,1,TTAGGG
haplotype2-0002814_End,1000,0,0,TTAGGG
haplotype2-0002815_End,1000,0,0,TTAGGG
haplotype2-0002816_End,1000,0,0,TTAGGG
haplotype2-0002817_End,1000,0,0,TTAGGG
haplotype2-0002818_End,1000,0,0,TTAGGG
haplotype2-0002819_End,1000,0,0,TTAGGG
haplotype2-0002820_End,1000,0,0,TTAGGG
haplotype2-0002821_End,1000,0,0,TTAGGG
haplotype2-0002822_End,1000,0,0,TTAGGG
haplotype2-0002823_End,1000,0,0,TTAGGG
haplotype2-0002824_End,1000,0,0,TTAGGG
haplotype2-0002825_End,1000,0,0,TTAGGG
haplotype2-0002826_End,1000,0,0,TTAGGG
haplotype2-0002827_End,1000,0,1,TTAGGG
haplotype2-0002828_End,1000,0,0,TTAGGG
haplotype2-0002829_End,1000,0,0,TTAGGG
haplotype2-0002830_End,1000,0,0,TTAGGG
haplotype2-0002831_End,1000,0,0,TTAGGG
haplotype2-0002832_End,1000,0,0,TTAGGG
haplotype2-0002833_End,1000,0,0,TTAGGG
haplotype2-0002834_End,1000,0,0,TTAGGG
haplotype2-0002835_End,1000,0,0,TTAGGG
haplotype2-0002836_End,1000,0,0,TTAGGG
haplotype2-0002837_End,1000,0,0,TTAGGG
haplotype2-0002838_End,1000,0,0,TTAGGG
haplotype2-0002839_End,1000,0,0,TTAGGG
haplotype2-0002840_End,1000,0,0,TTAGGG
haplotype2-0002841_End,1000,1,0,TTAGGG
haplotype2-0002842_End,1000,1,1,TTAGGG
haplotype2-0002843_End,1000,0,0,TTAGGG
haplotype2-0002844_End,1000,0,0,TTAGGG
haplotype2-0002845_End,1000,0,0,TTAGGG
haplotype2-0002846_End,1000,0,0,TTAGGG
haplotype2-0002847_End,1000,0,0,TTAGGG
haplotype2-0002848_End,1000,0,0,TTAGGG
haplotype2-0002849_End,1000,0,0,TTAGGG
haplotype2-0002850_End,1000,0,0,TTAGGG
haplotype2-0002851_End,1000,0,0,TTAGGG
haplotype2-0002852_End,1000,0,0,TTAGGG
haplotype2-0002853_End,1000,0,0,TTAGGG
haplotype2-0002854_End,1000,0,0,TTAGGG
haplotype2-0002855_End,1000,0,0,TTAGGG
haplotype2-0002856_End,1000,1,0,TTAGGG
haplotype2-0002857_End,1000,1,0,TTAGGG
haplotype2-0002858_End,1000,0,0,TTAGGG
haplotype2-0002859_End,1000,0,0,TTAGGG
haplotype2-0002860_End,1000,0,0,TTAGGG
haplotype2-0002861_End,1000,0,0,TTAGGG
haplotype2-0002862_End,1000,0,0,TTAGGG
haplotype2-0002863_End,1000,0,0,TTAGGG
haplotype2-0002864_End,1000,0,0,TTAGGG
haplotype2-0002865_End,1000,1,0,TTAGGG
haplotype2-0002866_End,1000,0,0,TTAGGG
haplotype2-0002867_End,1000,0,1,TTAGGG
haplotype2-0002868_End,1000,0,0,TTAGGG
haplotype2-0002869_End,1000,2,1,TTAGGG
haplotype2-0002870_End,1000,0,0,TTAGGG
haplotype2-0002871_End,1000,1,0,TTAGGG
haplotype2-0002872_End,1000,0,0,TTAGGG
haplotype2-0002873_End,1000,0,1,TTAGGG
haplotype2-0002874_End,1000,0,0,TTAGGG
haplotype2-0002875_End,1000,0,0,TTAGGG
haplotype2-0002876_End,1000,0,0,TTAGGG
haplotype2-0002877_End,1000,0,0,TTAGGG
haplotype2-0002878_End,1000,0,1,TTAGGG
haplotype2-0002879_End,1000,0,0,TTAGGG
haplotype2-0002880_End,1000,0,0,TTAGGG
haplotype2-0002881_End,1000,1,0,TTAGGG
haplotype2-0002882_End,1000,1,0,TTAGGG
haplotype2-0002883_End,1000,0,0,TTAGGG
haplotype2-0002884_End,1000,0,0,TTAGGG
haplotype2-0002885_End,1000,1,0,TTAGGG
haplotype2-0002886_End,1000,1,0,TTAGGG
haplotype2-0002887_End,1000,0,0,TTAGGG
haplotype2-0002888_End,1000,0,0,TTAGGG
haplotype2-0002889_End,1000,0,0,TTAGGG
haplotype2-0002890_End,1000,0,0,TTAGGG
haplotype2-0002891_End,1000,0,0,TTAGGG
haplotype2-0002892_End,1000,0,1,TTAGGG
haplotype2-0002893_End,1000,0,0,TTAGGG
haplotype2-0002894_End,1000,0,0,TTAGGG
haplotype2-0002895_End,1000,0,0,TTAGGG
haplotype2-0002896_End,1000,0,0,TTAGGG
haplotype2-0002897_End,1000,0,0,TTAGGG
haplotype2-0002898_End,1000,0,0,TTAGGG
haplotype2-0002899_End,1000,0,1,TTAGGG
haplotype2-0002900_End,1000,0,0,TTAGGG
haplotype2-0002901_End,1000,2,0,TTAGGG
haplotype2-0002902_End,1000,0,0,TTAGGG
haplotype2-0002903_End,1000,1,0,TTAGGG
haplotype2-0002904_End,1000,1,0,TTAGGG
haplotype2-0002905_End,1000,0,0,TTAGGG
haplotype2-0002906_End,1000,0,0,TTAGGG
haplotype2-0002907_End,1000,1,0,TTAGGG
haplotype2-0002908_End,1000,0,1,TTAGGG
haplotype2-0002909_End,1000,0,0,TTAGGG
haplotype2-0002910_End,1000,0,0,TTAGGG
haplotype2-0002911_End,1000,0,0,TTAGGG
haplotype2-0002912_End,1000,0,0,TTAGGG
haplotype2-0002913_End,1000,0,0,TTAGGG
haplotype2-0002914_End,1000,0,0,TTAGGG
haplotype2-0002915_End,1000,0,0,TTAGGG
haplotype2-0002916_End,1000,1,0,TTAGGG
haplotype2-0002917_End,1000,0,1,TTAGGG
haplotype2-0002918_End,1000,1,0,TTAGGG
haplotype2-0002919_End,1000,0,0,TTAGGG
haplotype2-0002920_End,1000,0,0,TTAGGG
haplotype2-0002921_End,1000,0,1,TTAGGG
haplotype2-0002922_End,1000,1,0,TTAGGG
haplotype2-0002923_End,1000,1,0,TTAGGG
haplotype2-0002924_End,1000,0,0,TTAGGG
haplotype2-0002925_End,1000,1,0,TTAGGG
haplotype2-0002926_End,1000,0,0,TTAGGG
haplotype2-0002927_End,1000,1,2,TTAGGG
haplotype2-0002928_End,1000,0,0,TTAGGG
haplotype2-0002929_End,1000,0,0,TTAGGG
haplotype2-0002930_End,1000,0,0,TTAGGG
haplotype2-0002931_End,1000,0,0,TTAGGG
haplotype2-0002932_End,1000,0,0,TTAGGG
haplotype2-0002933_End,1000,0,0,TTAGGG
haplotype2-0002934_End,1000,0,0,TTAGGG
haplotype2-0002935_End,1000,0,0,TTAGGG
haplotype2-0002936_End,1000,0,0,TTAGGG
haplotype2-0002937_End,1000,0,0,TTAGGG
haplotype2-0002938_End,1000,0,0,TTAGGG
haplotype2-0002939_End,1000,1,1,TTAGGG
haplotype2-0002940_End,1000,0,0,TTAGGG
haplotype2-0002941_End,1000,0,0,TTAGGG
haplotype2-0002942_End,1000,1,0,TTAGGG
haplotype2-0002943_End,1000,0,0,TTAGGG
haplotype2-0002944_End,1000,0,0,TTAGGG
haplotype2-0002945_End,1000,0,0,TTAGGG
haplotype2-0002946_End,1000,0,0,TTAGGG
haplotype2-0002947_End,1000,0,0,TTAGGG
haplotype2-0002948_End,1000,0,0,TTAGGG
haplotype2-0002949_End,1000,0,0,TTAGGG
haplotype2-0002950_End,1000,0,0,TTAGGG
haplotype2-0002951_End,1000,0,0,TTAGGG
haplotype2-0002952_End,1000,0,0,TTAGGG
haplotype2-0002953_End,1000,1,0,TTAGGG
haplotype2-0002954_End,1000,0,1,TTAGGG
haplotype2-0002955_End,1000,0,0,TTAGGG
haplotype2-0002956_End,1000,1,0,TTAGGG
haplotype2-0002957_End,1000,0,0,TTAGGG
haplotype2-0002958_End,1000,0,0,TTAGGG
haplotype2-0002959_End,1000,0,0,TTAGGG
haplotype2-0002960_End,1000,0,0,TTAGGG
haplotype2-0002961_End,1000,1,0,TTAGGG
haplotype2-0002962_End,1000,0,0,TTAGGG
haplotype2-0002963_End,1000,1,0,TTAGGG
haplotype2-0002964_End,1000,0,1,TTAGGG
haplotype2-0002965_End,1000,0,0,TTAGGG
haplotype2-0002966_End,1000,1,1,TTAGGG
haplotype2-0002967_End,1000,0,0,TTAGGG
haplotype2-0002968_End,1000,0,0,TTAGGG
haplotype2-0002969_End,1000,0,0,TTAGGG
haplotype2-0002970_End,1000,0,0,TTAGGG
haplotype2-0002971_End,1000,0,0,TTAGGG
haplotype2-0002972_End,1000,0,0,TTAGGG
haplotype2-0002973_End,1000,0,1,TTAGGG
haplotype2-0002974_End,1000,0,0,TTAGGG
haplotype2-0002975_End,1000,0,1,TTAGGG
haplotype2-0002976_End,1000,0,0,TTAGGG
haplotype2-0002977_End,1000,0,0,TTAGGG
haplotype2-0002978_End,1000,0,0,TTAGGG
haplotype2-0002979_End,1000,0,0,TTAGGG
haplotype2-0002980_End,1000,0,0,TTAGGG
haplotype2-0002981_End,1000,0,0,TTAGGG
haplotype2-0002982_End,1000,0,0,TTAGGG
haplotype2-0002983_End,1000,0,0,TTAGGG
haplotype2-0002984_End,1000,0,1,TTAGGG
haplotype2-0002985_End,1000,0,0,TTAGGG
haplotype2-0002986_End,1000,1,0,TTAGGG
haplotype2-0002987_End,1000,0,0,TTAGGG
haplotype2-0002988_End,1000,0,0,TTAGGG
haplotype2-0002989_End,1000,0,0,TTAGGG
haplotype2-0002990_End,1000,0,0,TTAGGG
haplotype2-0002991_End,1000,0,0,TTAGGG
haplotype2-0002992_End,1000,0,0,TTAGGG
haplotype2-0002993_End,1000,0,0,TTAGGG
haplotype2-0002994_End,1000,1,0,TTAGGG
haplotype2-0002995_End,1000,0,0,TTAGGG
haplotype2-0002996_End,1000,0,0,TTAGGG
haplotype2-0002997_End,1000,0,0,TTAGGG
haplotype2-0002998_End,1000,1,0,TTAGGG
haplotype2-0002999_End,1000,0,0,TTAGGG
haplotype2-0003000_End,1000,0,0,TTAGGG
haplotype2-0003001_End,1000,0,0,TTAGGG
haplotype2-0003002_End,1000,0,0,TTAGGG
haplotype2-0003003_End,1000,0,0,TTAGGG
haplotype2-0003004_End,1000,0,0,TTAGGG
haplotype2-0003005_End,1000,0,0,TTAGGG
haplotype2-0003006_End,1000,0,0,TTAGGG
haplotype2-0003007_End,1000,0,0,TTAGGG
haplotype2-0003008_End,1000,0,0,TTAGGG
haplotype2-0003009_End,1000,1,0,TTAGGG
haplotype2-0003010_End,1000,1,0,TTAGGG
haplotype2-0003011_End,1000,2,1,TTAGGG
haplotype2-0003012_End,1000,0,0,TTAGGG
haplotype2-0003013_End,1000,0,0,TTAGGG
haplotype2-0003014_End,1000,0,1,TTAGGG
haplotype2-0003015_End,1000,0,0,TTAGGG
haplotype2-0003016_End,1000,0,0,TTAGGG
haplotype2-0003017_End,1000,2,0,TTAGGG
haplotype2-0003018_End,1000,0,0,TTAGGG
haplotype2-0003019_End,1000,0,0,TTAGGG
haplotype2-0003020_End,1000,0,0,TTAGGG
haplotype2-0003021_End,1000,0,0,TTAGGG
haplotype2-0003022_End,1000,1,0,TTAGGG
haplotype2-0003023_End,1000,0,0,TTAGGG
haplotype2-0003024_End,1000,0,0,TTAGGG
haplotype2-0003025_End,1000,0,0,TTAGGG
haplotype2-0003026_End,1000,0,0,TTAGGG
haplotype2-0003027_End,1000,0,0,TTAGGG
haplotype2-0003028_End,1000,0,2,TTAGGG
haplotype2-0003029_End,1000,0,1,TTAGGG
haplotype2-0003030_End,1000,0,0,TTAGGG
haplotype2-0003031_End,1000,0,0,TTAGGG
haplotype2-0003032_End,1000,0,0,TTAGGG
haplotype2-0003033_End,1000,0,0,TTAGGG
haplotype2-0003034_End,1000,0,0,TTAGGG
haplotype2-0003035_End,1000,0,1,TTAGGG
haplotype2-0003036_End,1000,0,1,TTAGGG
haplotype2-0003037_End,1000,0,0,TTAGGG
haplotype2-0003038_End,1000,1,0,TTAGGG
haplotype2-0003039_End,1000,0,0,TTAGGG
haplotype2-0003040_End,1000,0,0,TTAGGG
haplotype2-0003041_End,1000,1,0,TTAGGG
haplotype2-0003042_End,1000,0,0,TTAGGG
haplotype2-0003043_End,1000,0,0,TTAGGG
haplotype2-0003044_End,1000,0,1,TTAGGG
haplotype2-0003045_End,1000,0,0,TTAGGG
haplotype2-0003046_End,1000,0,1,TTAGGG
haplotype2-0003047_End,1000,0,0,TTAGGG
haplotype2-0003048_End,1000,2,0,TTAGGG
haplotype2-0003049_End,1000,0,0,TTAGGG
haplotype2-0003050_End,1000,0,0,TTAGGG
haplotype2-0003051_End,1000,0,0,TTAGGG
haplotype2-0003052_End,1000,0,0,TTAGGG
haplotype2-0003053_End,1000,1,0,TTAGGG
haplotype2-0003054_End,1000,0,0,TTAGGG
haplotype2-0003055_End,1000,0,0,TTAGGG
haplotype2-0003056_End,1000,0,1,TTAGGG
haplotype2-0003057_End,1000,0,0,TTAGGG
haplotype2-0003058_End,1000,0,0,TTAGGG
haplotype2-0003059_End,1000,0,0,TTAGGG
haplotype2-0003060_End,1000,0,0,TTAGGG
haplotype2-0003061_End,1000,0,0,TTAGGG
haplotype2-0003062_End,1000,0,1,TTAGGG
haplotype2-0003063_End,1000,0,0,TTAGGG
haplotype2-0003064_End,1000,0,0,TTAGGG
haplotype2-0003065_End,1000,0,0,TTAGGG
haplotype2-0003066_End,1000,1,0,TTAGGG
haplotype2-0003067_End,1000,0,0,TTAGGG
haplotype2-0003068_End,1000,0,0,TTAGGG
haplotype2-0003069_End,1000,0,0,TTAGGG
haplotype2-0003070_End,1000,1,0,TTAGGG
haplotype2-0003071_End,1000,0,0,TTAGGG
haplotype2-0003072_End,1000,0,1,TTAGGG
haplotype2-0003073_End,1000,0,0,TTAGGG
haplotype2-0003074_End,1000,0,0,TTAGGG
haplotype2-0003075_End,1000,0,0,TTAGGG
haplotype2-0003076_End,1000,0,0,TTAGGG
haplotype2-0003077_End,1000,0,0,TTAGGG
haplotype2-0003078_End,1000,0,0,TTAGGG
haplotype2-0003079_End,1000,0,0,TTAGGG
haplotype2-0003080_End,1000,0,1,TTAGGG
haplotype2-0003081_End,1000,0,0,TTAGGG
haplotype2-0003082_End,1000,1,1,TTAGGG
haplotype2-0003083_End,1000,0,2,TTAGGG
haplotype2-0003084_End,1000,2,1,TTAGGG
haplotype2-0003085_End,1000,0,0,TTAGGG
haplotype2-0003086_End,1000,0,0,TTAGGG
haplotype2-0003087_End,1000,0,0,TTAGGG
haplotype2-0003088_End,1000,0,0,TTAGGG
haplotype2-0003089_End,1000,0,0,TTAGGG
haplotype2-0003090_End,1000,0,0,TTAGGG
haplotype2-0003091_End,1000,0,0,TTAGGG
haplotype2-0003092_End,1000,0,0,TTAGGG
haplotype2-0003093_End,1000,0,0,TTAGGG
haplotype2-0003094_End,1000,0,0,TTAGGG
haplotype2-0003095_End,1000,0,0,TTAGGG
haplotype2-0003096_End,1000,0,0,TTAGGG
haplotype2-0003097_End,1000,0,0,TTAGGG
haplotype2-0003098_End,1000,0,0,TTAGGG
haplotype2-0003099_End,1000,0,0,TTAGGG
haplotype2-0003100_End,1000,0,0,TTAGGG
haplotype2-0003101_End,1000,0,0,TTAGGG
haplotype2-0003102_End,1000,0,0,TTAGGG
haplotype2-0003103_End,1000,0,0,TTAGGG
haplotype2-0003104_End,1000,0,0,TTAGGG
haplotype2-0003105_End,1000,0,0,TTAGGG
haplotype2-0003106_End,1000,1,0,TTAGGG
haplotype2-0003107_End,1000,0,0,TTAGGG
haplotype2-0003108_End,1000,0,0,TTAGGG
haplotype2-0003109_End,1000,1,0,TTAGGG
haplotype2-0003110_End,1000,1,0,TTAGGG
haplotype2-0003111_End,1000,0,0,TTAGGG
haplotype2-0003112_End,1000,1,0,TTAGGG
haplotype2-0003113_End,1000,0,0,TTAGGG
haplotype2-0003114_End,1000,0,1,TTAGGG
haplotype2-0003115_End,1000,0,0,TTAGGG
haplotype2-0003116_End,1000,0,0,TTAGGG
haplotype2-0003117_End,1000,0,0,TTAGGG
haplotype2-0003118_End,1000,1,0,TTAGGG
haplotype2-0003119_End,1000,0,0,TTAGGG
haplotype2-0003120_End,1000,1,0,TTAGGG
haplotype2-0003121_End,1000,0,0,TTAGGG
haplotype2-0003122_End,1000,0,1,TTAGGG
haplotype2-0003123_End,1000,0,0,TTAGGG
haplotype2-0003124_End,1000,0,0,TTAGGG
haplotype2-0003125_End,1000,0,2,TTAGGG
haplotype2-0003126_End,1000,0,0,TTAGGG
haplotype2-0003127_End,1000,0,1,TTAGGG
haplotype2-0003128_End,1000,0,0,TTAGGG
haplotype2-0003129_End,1000,0,0,TTAGGG
haplotype2-0003130_End,1000,0,0,TTAGGG
haplotype2-0003131_End,1000,0,0,TTAGGG
haplotype2-0003132_End,1000,0,0,TTAGGG
haplotype2-0003133_End,1000,0,0,TTAGGG
haplotype2-0003134_End,1000,0,1,TTAGGG
haplotype2-0003135_End,1000,0,0,TTAGGG
haplotype2-0003136_End,1000,0,0,TTAGGG
haplotype2-0003137_End,1000,0,0,TTAGGG
haplotype2-0003138_End,1000,0,0,TTAGGG
haplotype2-0003139_End,1000,0,1,TTAGGG
haplotype2-0003140_End,1000,1,0,TTAGGG
haplotype2-0003141_End,1000,0,0,TTAGGG
haplotype2-0003142_End,1000,0,0,TTAGGG
haplotype2-0003143_End,1000,0,0,TTAGGG
haplotype2-0003144_End,1000,1,0,TTAGGG
haplotype2-0003145_End,1000,0,0,TTAGGG
haplotype2-0003146_End,1000,0,0,TTAGGG
haplotype2-0003147_End,1000,1,0,TTAGGG
haplotype2-0003148_End,1000,0,0,TTAGGG
haplotype2-0003149_End,1000,0,0,TTAGGG
haplotype2-0003150_End,1000,0,0,TTAGGG
haplotype2-0003151_End,1000,0,0,TTAGGG
haplotype2-0003152_End,1000,1,0,TTAGGG
haplotype2-0003153_End,1000,0,0,TTAGGG
haplotype2-0003154_End,1000,0,0,TTAGGG
haplotype2-0003155_End,1000,0,0,TTAGGG
haplotype2-0003156_End,1000,1,0,TTAGGG
haplotype2-0003157_End,1000,0,1,TTAGGG
haplotype2-0003158_End,1000,0,1,TTAGGG
haplotype2-0003159_End,1000,0,0,TTAGGG
haplotype2-0003160_End,1000,1,0,TTAGGG
haplotype2-0003161_End,1000,0,0,TTAGGG
haplotype2-0003162_End,1000,0,0,TTAGGG
haplotype2-0003163_End,1000,0,0,TTAGGG
haplotype2-0003164_End,1000,0,0,TTAGGG
haplotype2-0003165_End,1000,0,1,TTAGGG
haplotype2-0003166_End,1000,0,0,TTAGGG
haplotype2-0003167_End,1000,0,0,TTAGGG
haplotype2-0003168_End,1000,0,0,TTAGGG
haplotype2-0003169_End,1000,0,0,TTAGGG
haplotype2-0003170_End,1000,0,0,TTAGGG
haplotype2-0003171_End,1000,1,0,TTAGGG
haplotype2-0003172_End,1000,0,0,TTAGGG
haplotype2-0003173_End,1000,0,0,TTAGGG
haplotype2-0003174_End,1000,1,0,TTAGGG
haplotype2-0003175_End,1000,1,0,TTAGGG
haplotype2-0003176_End,1000,1,0,TTAGGG
haplotype2-0003177_End,1000,0,1,TTAGGG
haplotype2-0003178_End,1000,0,0,TTAGGG
haplotype2-0003179_End,1000,0,1,TTAGGG
haplotype2-0003180_End,1000,0,1,TTAGGG
haplotype2-0003181_End,1000,0,0,TTAGGG
haplotype2-0003182_End,1000,0,0,TTAGGG
haplotype2-0003183_End,1000,0,0,TTAGGG
haplotype2-0003184_End,1000,0,0,TTAGGG
haplotype2-0003185_End,1000,0,0,TTAGGG
haplotype2-0003186_End,1000,0,0,TTAGGG
haplotype2-0003187_End,1000,0,1,TTAGGG
haplotype2-0003188_End,1000,1,1,TTAGGG
haplotype2-0003189_End,1000,0,0,TTAGGG
haplotype2-0003190_End,1000,0,0,TTAGGG
haplotype2-0003191_End,1000,0,0,TTAGGG
haplotype2-0003192_End,1000,1,0,TTAGGG
haplotype2-0003193_End,1000,0,0,TTAGGG
haplotype2-0003194_End,1000,0,1,TTAGGG
haplotype2-0003195_End,1000,0,0,TTAGGG
haplotype2-0003196_End,1000,0,0,TTAGGG
haplotype2-0003197_End,1000,0,0,TTAGGG
haplotype2-0003198_End,1000,0,0,TTAGGG
haplotype2-0003199_End,1000,0,0,TTAGGG
haplotype2-0003200_End,1000,0,0,TTAGGG
haplotype2-0003201_End,1000,1,1,TTAGGG
haplotype2-0003202_End,1000,0,0,TTAGGG
haplotype2-0003203_End,1000,1,0,TTAGGG
haplotype2-0003204_End,1000,0,0,TTAGGG
haplotype2-0003205_End,1000,0,0,TTAGGG
haplotype2-0003206_End,1000,1,0,TTAGGG
haplotype2-0003207_End,1000,0,0,TTAGGG
haplotype2-0003208_End,1000,163,0,TTAGGG
haplotype2-0003209_End,1000,0,0,TTAGGG
haplotype2-0003210_End,1000,0,0,TTAGGG
haplotype2-0003211_End,1000,0,0,TTAGGG
haplotype2-0003212_End,1000,0,0,TTAGGG
haplotype2-0003213_End,1000,0,0,TTAGGG
haplotype2-0003214_End,1000,0,1,TTAGGG
haplotype2-0003215_End,1000,0,0,TTAGGG
haplotype2-0003216_End,1000,0,1,TTAGGG
haplotype2-0003217_End,1000,0,0,TTAGGG
haplotype2-0003218_End,1000,0,0,TTAGGG
haplotype2-0003219_End,1000,0,0,TTAGGG
haplotype2-0003220_End,1000,0,0,TTAGGG
haplotype2-0003221_End,1000,0,0,TTAGGG
haplotype2-0003222_End,1000,0,0,TTAGGG
haplotype2-0003223_End,1000,0,0,TTAGGG
haplotype2-0003224_End,1000,0,0,TTAGGG
haplotype2-0003225_End,1000,0,0,TTAGGG
haplotype2-0003226_End,1000,0,0,TTAGGG
haplotype2-0003227_End,1000,0,0,TTAGGG
haplotype2-0003228_End,1000,0,0,TTAGGG
haplotype2-0003229_End,1000,0,0,TTAGGG
haplotype2-0003230_End,1000,0,0,TTAGGG
haplotype2-0003231_End,1000,0,0,TTAGGG
haplotype2-0003232_End,1000,0,0,TTAGGG
haplotype2-0003233_End,1000,0,0,TTAGGG
haplotype2-0003234_End,1000,0,0,TTAGGG
haplotype2-0003235_End,1000,0,0,TTAGGG
haplotype2-0003236_End,1000,0,1,TTAGGG
haplotype2-0003237_End,1000,0,1,TTAGGG
haplotype2-0003238_End,1000,0,0,TTAGGG
haplotype2-0003239_End,1000,0,0,TTAGGG
haplotype2-0003240_End,1000,0,0,TTAGGG
haplotype2-0003241_End,1000,0,0,TTAGGG
haplotype2-0003242_End,1000,0,0,TTAGGG
haplotype2-0003243_End,1000,0,0,TTAGGG
haplotype2-0003244_End,1000,0,0,TTAGGG
haplotype2-0003245_End,1000,0,0,TTAGGG
haplotype2-0003246_End,1000,0,0,TTAGGG
haplotype2-0003247_End,1000,0,0,TTAGGG
haplotype2-0003248_End,1000,0,0,TTAGGG
haplotype2-0003249_End,1000,0,1,TTAGGG
haplotype2-0003250_End,1000,1,1,TTAGGG
haplotype2-0003251_End,1000,0,0,TTAGGG
haplotype2-0003252_End,1000,0,0,TTAGGG
haplotype2-0003253_End,1000,0,0,TTAGGG
haplotype2-0003254_End,1000,1,0,TTAGGG
haplotype2-0003255_End,1000,0,0,TTAGGG
haplotype2-0003256_End,1000,0,0,TTAGGG
haplotype2-0003257_End,1000,0,1,TTAGGG
haplotype2-0003258_End,1000,0,0,TTAGGG
haplotype2-0003259_End,1000,1,0,TTAGGG
haplotype2-0003260_End,1000,0,0,TTAGGG
haplotype2-0003261_End,1000,0,0,TTAGGG
haplotype2-0003262_End,1000,0,0,TTAGGG
haplotype2-0003263_End,1000,0,0,TTAGGG
haplotype2-0003264_End,1000,0,0,TTAGGG
haplotype2-0003265_End,1000,0,0,TTAGGG
haplotype2-0003266_End,1000,0,0,TTAGGG
haplotype2-0003267_End,1000,0,0,TTAGGG
haplotype2-0003268_End,1000,0,0,TTAGGG
haplotype2-0003269_End,1000,0,0,TTAGGG
haplotype2-0003270_End,1000,0,1,TTAGGG
haplotype2-0003271_End,1000,0,0,TTAGGG
haplotype2-0003272_End,1000,0,0,TTAGGG
haplotype2-0003273_End,1000,0,0,TTAGGG
haplotype2-0003274_End,1000,1,1,TTAGGG
haplotype2-0003275_End,1000,0,0,TTAGGG
haplotype2-0003276_End,1000,0,0,TTAGGG
haplotype2-0003277_End,1000,0,0,TTAGGG
haplotype2-0003278_End,1000,1,0,TTAGGG
haplotype2-0003279_End,1000,0,0,TTAGGG
haplotype2-0003280_End,1000,0,0,TTAGGG
haplotype2-0003281_End,1000,1,0,TTAGGG
haplotype2-0003282_End,1000,1,0,TTAGGG
haplotype2-0003283_End,1000,0,0,TTAGGG
haplotype2-0003284_End,1000,0,2,TTAGGG
haplotype2-0003285_End,1000,0,0,TTAGGG
haplotype2-0003286_End,1000,1,0,TTAGGG
haplotype2-0003287_End,1000,0,0,TTAGGG
haplotype2-0003288_End,1000,1,0,TTAGGG
haplotype2-0003289_End,1000,0,0,TTAGGG
haplotype2-0003290_End,1000,0,0,TTAGGG
haplotype2-0003291_End,1000,0,0,TTAGGG
haplotype2-0003292_End,1000,0,0,TTAGGG
haplotype2-0003293_End,1000,0,0,TTAGGG
haplotype2-0003294_End,1000,0,0,TTAGGG
haplotype2-0003295_End,1000,0,0,TTAGGG
haplotype2-0003296_End,1000,0,0,TTAGGG
haplotype2-0003297_End,1000,0,0,TTAGGG
haplotype2-0003298_End,1000,0,1,TTAGGG
haplotype2-0003299_End,1000,0,0,TTAGGG
haplotype2-0003300_End,1000,0,0,TTAGGG
haplotype2-0003301_End,1000,0,0,TTAGGG
haplotype2-0003302_End,1000,0,0,TTAGGG
haplotype2-0003303_End,1000,0,0,TTAGGG
haplotype2-0003304_End,1000,1,0,TTAGGG
haplotype2-0003305_End,1000,0,0,TTAGGG
haplotype2-0003306_End,1000,0,0,TTAGGG
haplotype2-0003307_End,1000,0,0,TTAGGG
haplotype2-0003308_End,1000,0,0,TTAGGG
haplotype2-0003309_End,1000,0,0,TTAGGG
haplotype2-0003310_End,1000,0,0,TTAGGG
haplotype2-0003311_End,1000,1,0,TTAGGG
haplotype2-0003312_End,1000,0,0,TTAGGG
haplotype2-0003313_End,1000,2,1,TTAGGG
haplotype2-0003314_End,1000,0,1,TTAGGG
haplotype2-0003315_End,1000,0,0,TTAGGG
haplotype2-0003316_End,1000,0,0,TTAGGG
haplotype2-0003317_End,1000,0,0,TTAGGG
haplotype2-0003318_End,1000,1,0,TTAGGG
haplotype2-0003319_End,1000,0,0,TTAGGG
haplotype2-0003320_End,1000,0,0,TTAGGG
haplotype2-0003321_End,1000,0,0,TTAGGG
haplotype2-0003322_End,1000,0,0,TTAGGG
haplotype2-0003323_End,1000,1,0,TTAGGG
haplotype2-0003324_End,1000,0,1,TTAGGG
haplotype2-0003325_End,1000,1,1,TTAGGG
haplotype2-0003326_End,1000,0,0,TTAGGG
haplotype2-0003327_End,1000,1,0,TTAGGG
haplotype2-0003328_End,1000,0,0,TTAGGG
haplotype2-0003329_End,1000,0,0,TTAGGG
haplotype2-0003330_End,1000,0,0,TTAGGG
haplotype2-0003331_End,1000,0,0,TTAGGG
haplotype2-0003332_End,1000,3,1,TTAGGG
haplotype2-0003333_End,1000,0,0,TTAGGG
haplotype2-0003334_End,1000,1,0,TTAGGG
haplotype2-0003335_End,1000,0,0,TTAGGG
haplotype2-0003336_End,1000,0,0,TTAGGG
haplotype2-0003337_End,1000,0,0,TTAGGG
haplotype2-0003338_End,1000,1,0,TTAGGG
haplotype2-0003339_End,1000,0,0,TTAGGG
haplotype2-0003340_End,1000,1,0,TTAGGG
haplotype2-0003341_End,1000,0,0,TTAGGG
haplotype2-0003342_End,1000,1,0,TTAGGG
haplotype2-0003343_End,1000,0,1,TTAGGG
haplotype2-0003344_End,1000,0,0,TTAGGG
haplotype2-0003345_End,1000,0,0,TTAGGG
haplotype2-0003346_End,1000,0,0,TTAGGG
haplotype2-0003347_End,1000,0,0,TTAGGG
haplotype2-0003348_End,1000,0,0,TTAGGG
haplotype2-0003349_End,1000,0,0,TTAGGG
haplotype2-0003350_End,1000,0,0,TTAGGG
haplotype2-0003351_End,1000,0,0,TTAGGG
haplotype2-0003352_End,1000,0,0,TTAGGG
haplotype2-0003353_End,1000,0,0,TTAGGG
haplotype2-0003354_End,1000,0,0,TTAGGG
haplotype2-0003355_End,1000,0,0,TTAGGG
haplotype2-0003356_End,1000,0,1,TTAGGG
haplotype2-0003357_End,1000,0,0,TTAGGG
haplotype2-0003358_End,1000,0,0,TTAGGG
haplotype2-0003359_End,1000,0,0,TTAGGG
haplotype2-0003360_End,1000,0,0,TTAGGG
haplotype2-0003361_End,1000,0,1,TTAGGG
haplotype2-0003362_End,1000,0,0,TTAGGG
haplotype2-0003363_End,1000,0,1,TTAGGG
haplotype2-0003364_End,1000,0,1,TTAGGG
haplotype2-0003365_End,1000,1,0,TTAGGG
haplotype2-0003366_End,1000,0,1,TTAGGG
haplotype2-0003367_End,1000,0,0,TTAGGG
haplotype2-0003368_End,1000,0,0,TTAGGG
haplotype2-0003369_End,1000,0,0,TTAGGG
haplotype2-0003370_End,1000,0,0,TTAGGG
haplotype2-0003371_End,1000,0,1,TTAGGG
haplotype2-0003372_End,1000,0,0,TTAGGG
haplotype2-0003373_End,1000,0,0,TTAGGG
haplotype2-0003374_End,1000,0,0,TTAGGG
haplotype2-0003375_End,1000,0,0,TTAGGG
haplotype2-0003376_End,1000,0,0,TTAGGG
haplotype2-0003377_End,1000,0,0,TTAGGG
haplotype2-0003378_End,1000,0,0,TTAGGG
haplotype2-0003379_End,1000,0,0,TTAGGG
haplotype2-0003380_End,1000,1,0,TTAGGG
haplotype2-0003381_End,1000,0,0,TTAGGG
haplotype2-0003382_End,1000,0,0,TTAGGG
haplotype2-0003383_End,1000,0,0,TTAGGG
haplotype2-0003384_End,1000,3,0,TTAGGG
haplotype2-0003385_End,1000,0,1,TTAGGG
haplotype2-0003386_End,1000,0,0,TTAGGG
haplotype2-0003387_End,1000,0,0,TTAGGG
haplotype2-0003388_End,1000,0,0,TTAGGG
haplotype2-0003389_End,1000,0,0,TTAGGG
haplotype2-0003390_End,1000,0,0,TTAGGG
haplotype2-0003391_End,1000,0,0,TTAGGG
haplotype2-0003392_End,1000,0,0,TTAGGG
haplotype2-0003393_End,1000,0,0,TTAGGG
haplotype2-0003394_End,1000,0,0,TTAGGG
haplotype2-0003395_End,1000,0,0,TTAGGG
haplotype2-0003396_End,1000,1,0,TTAGGG
haplotype2-0003397_End,1000,0,0,TTAGGG
haplotype2-0003398_End,1000,1,0,TTAGGG
haplotype2-0003399_End,1000,0,0,TTAGGG
haplotype2-0003400_End,1000,0,0,TTAGGG
haplotype2-0003401_End,1000,0,1,TTAGGG
haplotype2-0003402_End,1000,0,1,TTAGGG
haplotype2-0003403_End,1000,0,0,TTAGGG
haplotype2-0003404_End,1000,0,0,TTAGGG
haplotype2-0003405_End,1000,0,0,TTAGGG
haplotype2-0003406_End,1000,0,0,TTAGGG
haplotype2-0003407_End,1000,0,0,TTAGGG
haplotype2-0003408_End,1000,0,1,TTAGGG
haplotype2-0003409_End,1000,1,0,TTAGGG
haplotype2-0003410_End,1000,0,1,TTAGGG
haplotype2-0003411_End,1000,0,0,TTAGGG
haplotype2-0003412_End,1000,0,1,TTAGGG
haplotype2-0003413_End,1000,0,1,TTAGGG
haplotype2-0003414_End,1000,0,0,TTAGGG
haplotype2-0003415_End,1000,0,0,TTAGGG
haplotype2-0003416_End,1000,0,0,TTAGGG
haplotype2-0003417_End,1000,1,1,TTAGGG
haplotype2-0003418_End,1000,0,0,TTAGGG
haplotype2-0003419_End,1000,0,1,TTAGGG
haplotype2-0003420_End,1000,0,0,TTAGGG
haplotype2-0003421_End,1000,0,0,TTAGGG
haplotype2-0003422_End,1000,0,0,TTAGGG
haplotype2-0003423_End,1000,0,0,TTAGGG
haplotype2-0003424_End,1000,0,0,TTAGGG
haplotype2-0003425_End,1000,1,1,TTAGGG
haplotype2-0003426_End,1000,0,0,TTAGGG
haplotype2-0003427_End,1000,0,0,TTAGGG
haplotype2-0003428_End,1000,0,0,TTAGGG
haplotype2-0003429_End,1000,0,0,TTAGGG
haplotype2-0003430_End,1000,0,0,TTAGGG
haplotype2-0003431_End,1000,0,0,TTAGGG
haplotype2-0003432_End,1000,0,0,TTAGGG
haplotype2-0003433_End,1000,0,0,TTAGGG
haplotype2-0003434_End,1000,0,0,TTAGGG
haplotype2-0003435_End,1000,0,0,TTAGGG
haplotype2-0003436_End,1000,0,0,TTAGGG
haplotype2-0003437_End,1000,0,2,TTAGGG
haplotype2-0003438_End,1000,1,0,TTAGGG
haplotype2-0003439_End,1000,0,0,TTAGGG
haplotype2-0003440_End,1000,0,0,TTAGGG
haplotype2-0003441_End,1000,0,0,TTAGGG
haplotype2-0003442_End,1000,0,0,TTAGGG
haplotype2-0003443_End,1000,0,0,TTAGGG
haplotype2-0003444_End,1000,0,0,TTAGGG
haplotype2-0003445_End,1000,0,0,TTAGGG
haplotype2-0003446_End,1000,0,0,TTAGGG
haplotype2-0003447_End,1000,0,0,TTAGGG
haplotype2-0003448_End,1000,0,0,TTAGGG
haplotype2-0003449_End,1000,0,0,TTAGGG
haplotype2-0003450_End,1000,0,0,TTAGGG
haplotype2-0003451_End,1000,0,0,TTAGGG
haplotype2-0003452_End,1000,0,0,TTAGGG
haplotype2-0003453_End,1000,0,0,TTAGGG
haplotype2-0003454_End,1000,0,0,TTAGGG
haplotype2-0003455_End,1000,3,0,TTAGGG
haplotype2-0003456_End,1000,0,0,TTAGGG
haplotype2-0003457_End,1000,0,0,TTAGGG
haplotype2-0003458_End,1000,0,0,TTAGGG
haplotype2-0003459_End,1000,0,0,TTAGGG
haplotype2-0003460_End,1000,1,0,TTAGGG
haplotype2-0003461_End,1000,0,0,TTAGGG
haplotype2-0003462_End,1000,0,0,TTAGGG
haplotype2-0003463_End,1000,0,0,TTAGGG
haplotype2-0003464_End,1000,2,0,TTAGGG
haplotype2-0003465_End,1000,0,0,TTAGGG
haplotype2-0003466_End,1000,0,1,TTAGGG
haplotype2-0003467_End,1000,0,0,TTAGGG
haplotype2-0003468_End,1000,0,0,TTAGGG
haplotype2-0003469_End,1000,0,0,TTAGGG
haplotype2-0003470_End,1000,0,0,TTAGGG
haplotype2-0003471_End,1000,0,0,TTAGGG
haplotype2-0003472_End,1000,0,1,TTAGGG
haplotype2-0003473_End,1000,1,0,TTAGGG
haplotype2-0003474_End,1000,1,0,TTAGGG
haplotype2-0003475_End,1000,2,0,TTAGGG
haplotype2-0003476_End,1000,0,0,TTAGGG
haplotype2-0003477_End,1000,0,0,TTAGGG
haplotype2-0003478_End,1000,0,0,TTAGGG
haplotype2-0003479_End,1000,0,0,TTAGGG
haplotype2-0003480_End,1000,0,0,TTAGGG
haplotype2-0003481_End,1000,0,0,TTAGGG
haplotype2-0003482_End,1000,1,0,TTAGGG
haplotype2-0003483_End,1000,0,0,TTAGGG
haplotype2-0003484_End,1000,0,0,TTAGGG
haplotype2-0003485_End,1000,0,0,TTAGGG
haplotype2-0003486_End,1000,0,0,TTAGGG
haplotype2-0003487_End,1000,0,0,TTAGGG
haplotype2-0003488_End,1000,1,0,TTAGGG
haplotype2-0003489_End,1000,0,0,TTAGGG
haplotype2-0003490_End,1000,1,0,TTAGGG
haplotype2-0003491_End,1000,0,0,TTAGGG
haplotype2-0003492_End,1000,0,0,TTAGGG
haplotype2-0003493_End,1000,2,0,TTAGGG
haplotype2-0003494_End,1000,0,0,TTAGGG
haplotype2-0003495_End,1000,0,0,TTAGGG
haplotype2-0003496_End,1000,0,0,TTAGGG
haplotype2-0003497_End,1000,1,0,TTAGGG
haplotype2-0003498_End,1000,0,2,TTAGGG
haplotype2-0003499_End,1000,0,0,TTAGGG
haplotype2-0003500_End,1000,0,0,TTAGGG
haplotype2-0003501_End,1000,0,0,TTAGGG
haplotype2-0003502_End,1000,0,0,TTAGGG
haplotype2-0003503_End,1000,1,0,TTAGGG
haplotype2-0003504_End,1000,0,0,TTAGGG
haplotype2-0003505_End,1000,0,0,TTAGGG
haplotype2-0003506_End,1000,0,0,TTAGGG
haplotype2-0003507_End,1000,0,0,TTAGGG
haplotype2-0003508_End,1000,0,0,TTAGGG
haplotype2-0003509_End,1000,0,0,TTAGGG
haplotype2-0003510_End,1000,1,0,TTAGGG
haplotype2-0003511_End,1000,2,1,TTAGGG
haplotype2-0003512_End,1000,1,0,TTAGGG
haplotype2-0003513_End,1000,0,0,TTAGGG
haplotype2-0003514_End,1000,1,0,TTAGGG
haplotype2-0003515_End,1000,0,0,TTAGGG
haplotype2-0003516_End,1000,0,1,TTAGGG
haplotype2-0003517_End,1000,1,1,TTAGGG
haplotype2-0003518_End,1000,0,0,TTAGGG
haplotype2-0003519_End,1000,0,0,TTAGGG
haplotype2-0003520_End,1000,0,0,TTAGGG
haplotype2-0003521_End,1000,0,0,TTAGGG
haplotype2-0003522_End,1000,0,0,TTAGGG
haplotype2-0003523_End,1000,166,0,TTAGGG
haplotype2-0003524_End,1000,0,0,TTAGGG
haplotype2-0003525_End,1000,0,1,TTAGGG
haplotype2-0003526_End,1000,0,0,TTAGGG
haplotype2-0003527_End,1000,0,0,TTAGGG
haplotype2-0003528_End,1000,0,0,TTAGGG
haplotype2-0003529_End,1000,0,1,TTAGGG
haplotype2-0003530_End,1000,0,0,TTAGGG
haplotype2-0003531_End,1000,0,0,TTAGGG
haplotype2-0003532_End,1000,0,0,TTAGGG
haplotype2-0003533_End,1000,0,0,TTAGGG
haplotype2-0003534_End,1000,0,0,TTAGGG
haplotype2-0003535_End,1000,0,0,TTAGGG
haplotype2-0003536_End,1000,0,0,TTAGGG
haplotype2-0003537_End,1000,0,0,TTAGGG
haplotype2-0003538_End,1000,0,0,TTAGGG
haplotype2-0003539_End,1000,0,0,TTAGGG
haplotype2-0003540_End,1000,0,0,TTAGGG
haplotype2-0003541_End,1000,0,0,TTAGGG
haplotype2-0003542_End,1000,0,0,TTAGGG
haplotype2-0003543_End,1000,0,0,TTAGGG
haplotype2-0003544_End,1000,0,0,TTAGGG
haplotype2-0003545_End,1000,0,0,TTAGGG
haplotype2-0003546_End,1000,0,1,TTAGGG
haplotype2-0003547_End,1000,0,0,TTAGGG
haplotype2-0003548_End,1000,1,0,TTAGGG
haplotype2-0003549_End,1000,0,0,TTAGGG
haplotype2-0003550_End,1000,0,0,TTAGGG
haplotype2-0003551_End,1000,0,0,TTAGGG
haplotype2-0003552_End,1000,0,0,TTAGGG
haplotype2-0003553_End,1000,0,0,TTAGGG
haplotype2-0003554_End,1000,1,0,TTAGGG
haplotype2-0003555_End,1000,0,0,TTAGGG
haplotype2-0003556_End,1000,0,0,TTAGGG
haplotype2-0003557_End,1000,0,0,TTAGGG
haplotype2-0003558_End,1000,0,0,TTAGGG
haplotype2-0003559_End,1000,0,0,TTAGGG
haplotype2-0003560_End,1000,0,0,TTAGGG
haplotype2-0003561_End,1000,0,0,TTAGGG
haplotype2-0003562_End,1000,0,0,TTAGGG
haplotype2-0003563_End,1000,0,0,TTAGGG
haplotype2-0003564_End,1000,0,0,TTAGGG
haplotype2-0003565_End,1000,0,0,TTAGGG
haplotype2-0003566_End,1000,1,0,TTAGGG
haplotype2-0003567_End,1000,0,0,TTAGGG
haplotype2-0003568_End,1000,0,0,TTAGGG
haplotype2-0003569_End,1000,0,0,TTAGGG
haplotype2-0003570_End,1000,0,0,TTAGGG
haplotype2-0003571_End,1000,1,0,TTAGGG
haplotype2-0003572_End,1000,0,0,TTAGGG
haplotype2-0003573_End,1000,0,1,TTAGGG
haplotype2-0003574_End,1000,0,0,TTAGGG
haplotype2-0003575_End,1000,0,0,TTAGGG
haplotype2-0003576_End,1000,0,0,TTAGGG
haplotype2-0003577_End,1000,0,0,TTAGGG
haplotype2-0003578_End,1000,0,0,TTAGGG
haplotype2-0003579_End,1000,0,0,TTAGGG
haplotype2-0003580_End,1000,0,0,TTAGGG
haplotype2-0003581_End,1000,0,0,TTAGGG
haplotype2-0003582_End,1000,1,0,TTAGGG
haplotype2-0003583_End,1000,0,1,TTAGGG
haplotype2-0003584_End,1000,0,0,TTAGGG
haplotype2-0003585_End,1000,1,0,TTAGGG
haplotype2-0003586_End,1000,0,0,TTAGGG
haplotype2-0003587_End,1000,0,0,TTAGGG
haplotype2-0003588_End,1000,2,0,TTAGGG
haplotype2-0003589_End,1000,0,0,TTAGGG
haplotype2-0003590_End,1000,0,0,TTAGGG
haplotype2-0003591_End,1000,0,0,TTAGGG
haplotype2-0003592_End,1000,0,0,TTAGGG
haplotype2-0003593_End,1000,0,2,TTAGGG
haplotype2-0003594_End,1000,0,1,TTAGGG
haplotype2-0003595_End,1000,0,1,TTAGGG
haplotype2-0003596_End,1000,1,0,TTAGGG
haplotype2-0003597_End,1000,0,0,TTAGGG
haplotype2-0003598_End,1000,0,0,TTAGGG
haplotype2-0003599_End,1000,164,0,TTAGGG
haplotype2-0003600_End,1000,1,0,TTAGGG
haplotype2-0003601_End,1000,0,0,TTAGGG
haplotype2-0003602_End,1000,0,0,TTAGGG
haplotype2-0003603_End,1000,0,0,TTAGGG
haplotype2-0003604_End,1000,0,0,TTAGGG
haplotype2-0003605_End,1000,0,0,TTAGGG
haplotype2-0003606_End,1000,0,2,TTAGGG
haplotype2-0003607_End,1000,1,0,TTAGGG
haplotype2-0003608_End,1000,1,0,TTAGGG
haplotype2-0003609_End,1000,0,0,TTAGGG
haplotype2-0003610_End,1000,1,0,TTAGGG
haplotype2-0003611_End,1000,0,1,TTAGGG
haplotype2-0003612_End,1000,5,0,TTAGGG
haplotype2-0003613_End,1000,0,1,TTAGGG
haplotype2-0003614_End,1000,0,0,TTAGGG
haplotype2-0003615_End,1000,0,0,TTAGGG
haplotype2-0003616_End,1000,0,0,TTAGGG
haplotype2-0003617_End,1000,1,0,TTAGGG
haplotype2-0003618_End,1000,1,0,TTAGGG
haplotype2-0003619_End,1000,0,2,TTAGGG
haplotype2-0003620_End,1000,0,0,TTAGGG
haplotype2-0003621_End,1000,0,0,TTAGGG
haplotype2-0003622_End,1000,0,0,TTAGGG
haplotype2-0003623_End,1000,0,0,TTAGGG
haplotype2-0003624_End,1000,0,0,TTAGGG
haplotype2-0003625_End,1000,0,0,TTAGGG
haplotype2-0003626_End,1000,0,0,TTAGGG
haplotype2-0003627_End,1000,1,0,TTAGGG
haplotype2-0003628_End,1000,0,1,TTAGGG
haplotype2-0003629_End,1000,0,0,TTAGGG
haplotype2-0003630_End,1000,0,0,TTAGGG
haplotype2-0003631_End,1000,0,0,TTAGGG
haplotype2-0003632_End,1000,1,0,TTAGGG
haplotype2-0003633_End,1000,0,0,TTAGGG
haplotype2-0003634_End,1000,0,0,TTAGGG
haplotype2-0003635_End,1000,0,0,TTAGGG
haplotype2-0003636_End,1000,0,0,TTAGGG
haplotype2-0003637_End,1000,0,0,TTAGGG
haplotype2-0003638_End,1000,0,0,TTAGGG
haplotype2-0003639_End,1000,0,1,TTAGGG
haplotype2-0003640_End,1000,0,0,TTAGGG
haplotype2-0003641_End,1000,0,0,TTAGGG
haplotype2-0003642_End,1000,0,0,TTAGGG
haplotype2-0003643_End,1000,0,0,TTAGGG
haplotype2-0003644_End,1000,0,0,TTAGGG
haplotype2-0003645_End,1000,0,0,TTAGGG
haplotype2-0003646_End,1000,0,0,TTAGGG
haplotype2-0003647_End,1000,0,0,TTAGGG
haplotype2-0003648_End,1000,0,0,TTAGGG
haplotype2-0003649_End,1000,1,0,TTAGGG
haplotype2-0003650_End,1000,0,0,TTAGGG
haplotype2-0003651_End,1000,0,1,TTAGGG
haplotype2-0003652_End,1000,0,0,TTAGGG
haplotype2-0003653_End,1000,0,0,TTAGGG
haplotype2-0003654_End,1000,0,0,TTAGGG
haplotype2-0003655_End,1000,0,0,TTAGGG
haplotype2-0003656_End,1000,0,1,TTAGGG
haplotype2-0003657_End,1000,0,0,TTAGGG
haplotype2-0003658_End,1000,0,0,TTAGGG
haplotype2-0003659_End,1000,0,0,TTAGGG
haplotype2-0003660_End,1000,0,0,TTAGGG
haplotype2-0003661_End,1000,0,0,TTAGGG
haplotype2-0003662_End,1000,0,1,TTAGGG
haplotype2-0003663_End,1000,0,0,TTAGGG
haplotype2-0003664_End,1000,0,0,TTAGGG
haplotype2-0003665_End,1000,0,1,TTAGGG
haplotype2-0003666_End,1000,0,0,TTAGGG
haplotype2-0003667_End,1000,0,0,TTAGGG
haplotype2-0003668_End,1000,0,0,TTAGGG
haplotype2-0003669_End,1000,0,0,TTAGGG
haplotype2-0003670_End,1000,0,0,TTAGGG
haplotype2-0003671_End,1000,1,0,TTAGGG
haplotype2-0003672_End,1000,0,1,TTAGGG
haplotype2-0003673_End,1000,0,0,TTAGGG
haplotype2-0003674_End,1000,0,0,TTAGGG
haplotype2-0003675_End,1000,0,0,TTAGGG
haplotype2-0003676_End,1000,0,0,TTAGGG
haplotype2-0003677_End,1000,0,0,TTAGGG
haplotype2-0003678_End,1000,0,0,TTAGGG
haplotype2-0003679_End,1000,0,0,TTAGGG
haplotype2-0003680_End,1000,1,0,TTAGGG
haplotype2-0003681_End,1000,0,0,TTAGGG
haplotype2-0003682_End,1000,0,1,TTAGGG
haplotype2-0003683_End,1000,0,0,TTAGGG
haplotype2-0003684_End,1000,0,0,TTAGGG
haplotype2-0003685_End,1000,0,1,TTAGGG
haplotype2-0003686_End,1000,0,0,TTAGGG
haplotype2-0003687_End,1000,0,0,TTAGGG
haplotype2-0003688_End,1000,0,0,TTAGGG
haplotype2-0003689_End,1000,0,0,TTAGGG
haplotype2-0003690_End,1000,0,0,TTAGGG
haplotype2-0003691_End,1000,0,0,TTAGGG
haplotype2-0003692_End,1000,0,0,TTAGGG
haplotype2-0003693_End,1000,0,0,TTAGGG
haplotype2-0003694_End,1000,0,0,TTAGGG
haplotype2-0003695_End,1000,0,0,TTAGGG
haplotype2-0003696_End,1000,0,0,TTAGGG
haplotype2-0003697_End,1000,0,0,TTAGGG
haplotype2-0003698_End,1000,0,0,TTAGGG
haplotype2-0003699_End,1000,0,0,TTAGGG
haplotype2-0003700_End,1000,0,0,TTAGGG
haplotype2-0003701_End,1000,0,0,TTAGGG
haplotype2-0003702_End,1000,0,0,TTAGGG
haplotype2-0003703_End,1000,0,0,TTAGGG
haplotype2-0003704_End,1000,0,0,TTAGGG
haplotype2-0003705_End,1000,0,0,TTAGGG
haplotype2-0003706_End,1000,0,0,TTAGGG
haplotype2-0003707_End,1000,1,1,TTAGGG
haplotype2-0003708_End,1000,0,1,TTAGGG
haplotype2-0003709_End,1000,0,0,TTAGGG
haplotype2-0003710_End,1000,2,1,TTAGGG
haplotype2-0003711_End,1000,0,1,TTAGGG
haplotype2-0003712_End,1000,2,0,TTAGGG
haplotype2-0003713_End,1000,0,0,TTAGGG
haplotype2-0003714_End,1000,1,0,TTAGGG
haplotype2-0003715_End,1000,1,1,TTAGGG
haplotype2-0003716_End,1000,0,0,TTAGGG
haplotype2-0003717_End,1000,0,0,TTAGGG
haplotype2-0003718_End,1000,0,0,TTAGGG
haplotype2-0003719_End,1000,0,1,TTAGGG
haplotype2-0003720_End,1000,0,1,TTAGGG
haplotype2-0003721_End,1000,0,0,TTAGGG
haplotype2-0003722_End,1000,0,0,TTAGGG
haplotype2-0003723_End,1000,0,0,TTAGGG
haplotype2-0003724_End,1000,0,0,TTAGGG
haplotype2-0003725_End,1000,0,0,TTAGGG
haplotype2-0003726_End,1000,0,0,TTAGGG
haplotype2-0003727_End,1000,2,1,TTAGGG
haplotype2-0003728_End,1000,0,0,TTAGGG
haplotype2-0003729_End,1000,1,0,TTAGGG
haplotype2-0003730_End,1000,0,0,TTAGGG
haplotype2-0003731_End,1000,0,1,TTAGGG
haplotype2-0003732_End,1000,0,0,TTAGGG
haplotype2-0003733_End,1000,0,1,TTAGGG
haplotype2-0003734_End,1000,163,0,TTAGGG
haplotype2-0003735_End,1000,165,0,TTAGGG
haplotype2-0003736_End,1000,0,0,TTAGGG
haplotype2-0003737_End,1000,0,1,TTAGGG
haplotype2-0003738_End,1000,0,1,TTAGGG
haplotype2-0003739_End,1000,0,0,TTAGGG
haplotype2-0003740_End,1000,0,0,TTAGGG
haplotype2-0003741_End,1000,0,1,TTAGGG
haplotype2-0003742_End,1000,0,0,TTAGGG
haplotype2-0003743_End,1000,0,0,TTAGGG
haplotype2-0003744_End,1000,0,0,TTAGGG
haplotype2-0003745_End,1000,0,0,TTAGGG
haplotype2-0003746_End,1000,0,1,TTAGGG
haplotype2-0003747_End,1000,0,0,TTAGGG
haplotype2-0003748_End,1000,1,0,TTAGGG
haplotype2-0003749_End,1000,1,0,TTAGGG
haplotype2-0003750_End,1000,0,0,TTAGGG
haplotype2-0003751_End,1000,0,0,TTAGGG
haplotype2-0003752_End,1000,0,0,TTAGGG
haplotype2-0003753_End,1000,0,0,TTAGGG
haplotype2-0003754_End,1000,0,0,TTAGGG
haplotype2-0003755_End,1000,1,0,TTAGGG
haplotype2-0003756_End,1000,0,0,TTAGGG
haplotype2-0003757_End,1000,0,0,TTAGGG
haplotype2-0003758_End,1000,0,0,TTAGGG
haplotype2-0003759_End,1000,0,0,TTAGGG
haplotype2-0003760_End,1000,0,0,TTAGGG
haplotype2-0003761_End,1000,1,0,TTAGGG
haplotype2-0003762_End,1000,0,1,TTAGGG
haplotype2-0003763_End,1000,0,0,TTAGGG
haplotype2-0003764_End,1000,0,0,TTAGGG
haplotype2-0003765_End,1000,0,0,TTAGGG
haplotype2-0003766_End,1000,2,0,TTAGGG
haplotype2-0003767_End,1000,1,1,TTAGGG
haplotype2-0003768_End,1000,0,0,TTAGGG
haplotype2-0003769_End,1000,0,1,TTAGGG
haplotype2-0003770_End,1000,0,0,TTAGGG
haplotype2-0003771_End,1000,1,0,TTAGGG
haplotype2-0003772_End,1000,0,0,TTAGGG
haplotype2-0003773_End,1000,0,0,TTAGGG
haplotype2-0003774_End,1000,0,0,TTAGGG
haplotype2-0003775_End,1000,0,0,TTAGGG
haplotype2-0003776_End,1000,0,0,TTAGGG
haplotype2-0003777_End,1000,0,0,TTAGGG
haplotype2-0003778_End,1000,0,0,TTAGGG
haplotype2-0003779_End,1000,0,1,TTAGGG
haplotype2-0003780_End,1000,0,0,TTAGGG
haplotype2-0003781_End,1000,0,0,TTAGGG
haplotype2-0003782_End,1000,0,0,TTAGGG
haplotype2-0003783_End,1000,0,1,TTAGGG
haplotype2-0003784_End,1000,0,0,TTAGGG
haplotype2-0003785_End,1000,0,0,TTAGGG
haplotype2-0003786_End,1000,0,0,TTAGGG
haplotype2-0003787_End,1000,0,0,TTAGGG
haplotype2-0003788_End,1000,0,0,TTAGGG
haplotype2-0003789_End,1000,0,0,TTAGGG
haplotype2-0003790_End,1000,0,0,TTAGGG
haplotype2-0003791_End,1000,0,0,TTAGGG
haplotype2-0003792_End,1000,0,0,TTAGGG
haplotype2-0003793_End,1000,0,0,TTAGGG
haplotype2-0003794_End,1000,1,0,TTAGGG
haplotype2-0003795_End,1000,0,1,TTAGGG
haplotype2-0003796_End,1000,0,0,TTAGGG
haplotype2-0003797_End,1000,0,0,TTAGGG
haplotype2-0003798_End,1000,0,1,TTAGGG
haplotype2-0003799_End,1000,0,0,TTAGGG
haplotype2-0003800_End,1000,1,1,TTAGGG
haplotype2-0003801_End,1000,0,0,TTAGGG
haplotype2-0003802_End,1000,0,0,TTAGGG
haplotype2-0003803_End,1000,0,0,TTAGGG
haplotype2-0003804_End,1000,0,0,TTAGGG
haplotype2-0003805_End,1000,0,0,TTAGGG
haplotype2-0003806_End,1000,0,0,TTAGGG
haplotype2-0003807_End,1000,0,1,TTAGGG
haplotype2-0003808_End,1000,0,0,TTAGGG
haplotype2-0003809_End,1000,0,0,TTAGGG
haplotype2-0003810_End,1000,0,0,TTAGGG
haplotype2-0003811_End,1000,0,0,TTAGGG
haplotype2-0003812_End,1000,0,0,TTAGGG
haplotype2-0003813_End,1000,0,0,TTAGGG
haplotype2-0003814_End,1000,0,0,TTAGGG
haplotype2-0003815_End,1000,1,3,TTAGGG
haplotype2-0003816_End,1000,0,0,TTAGGG
haplotype2-0003817_End,1000,0,0,TTAGGG
haplotype2-0003818_End,1000,0,1,TTAGGG
haplotype2-0003819_End,1000,0,0,TTAGGG
haplotype2-0003820_End,1000,0,0,TTAGGG
haplotype2-0003821_End,1000,1,0,TTAGGG
haplotype2-0003822_End,1000,0,0,TTAGGG
haplotype2-0003823_End,1000,0,0,TTAGGG
haplotype2-0003824_End,1000,0,0,TTAGGG
haplotype2-0003825_End,1000,0,0,TTAGGG
haplotype2-0003826_End,1000,0,0,TTAGGG
haplotype2-0003827_End,1000,0,0,TTAGGG
haplotype2-0003828_End,1000,0,1,TTAGGG
haplotype2-0003829_End,1000,0,0,TTAGGG
haplotype2-0003830_End,1000,0,0,TTAGGG
haplotype2-0003831_End,1000,0,0,TTAGGG
haplotype2-0003832_End,1000,1,0,TTAGGG
haplotype2-0003833_End,1000,1,0,TTAGGG
haplotype2-0003834_End,1000,1,0,TTAGGG
haplotype2-0003835_End,1000,0,0,TTAGGG
haplotype2-0003836_End,1000,0,0,TTAGGG
haplotype2-0003837_End,1000,0,0,TTAGGG
haplotype2-0003838_End,1000,0,0,TTAGGG
haplotype2-0003839_End,1000,1,0,TTAGGG
haplotype2-0003840_End,1000,0,0,TTAGGG
haplotype2-0003841_End,1000,0,0,TTAGGG
haplotype2-0003842_End,1000,0,0,TTAGGG
haplotype2-0003843_End,1000,0,0,TTAGGG
haplotype2-0003844_End,1000,0,0,TTAGGG
haplotype2-0003845_End,1000,1,0,TTAGGG
haplotype2-0003846_End,1000,0,1,TTAGGG
haplotype2-0003847_End,1000,0,1,TTAGGG
haplotype2-0003848_End,1000,0,0,TTAGGG
haplotype2-0003849_End,1000,0,0,TTAGGG
haplotype2-0003850_End,1000,0,0,TTAGGG
haplotype2-0003851_End,1000,0,0,TTAGGG
haplotype2-0003852_End,1000,0,0,TTAGGG
haplotype2-0003853_End,1000,0,1,TTAGGG
haplotype2-0003854_End,1000,164,0,TTAGGG
haplotype2-0003855_End,1000,1,1,TTAGGG
haplotype2-0003856_End,1000,0,0,TTAGGG
haplotype2-0003857_End,1000,0,0,TTAGGG
haplotype2-0003858_End,1000,1,0,TTAGGG
haplotype2-0003859_End,1000,0,0,TTAGGG
haplotype2-0003860_End,1000,0,0,TTAGGG
haplotype2-0003861_End,1000,0,0,TTAGGG
haplotype2-0003862_End,1000,1,0,TTAGGG
haplotype2-0003863_End,1000,0,0,TTAGGG
haplotype2-0003864_End,1000,0,0,TTAGGG
haplotype2-0003865_End,1000,0,0,TTAGGG
haplotype2-0003866_End,1000,0,0,TTAGGG
haplotype2-0003867_End,1000,0,1,TTAGGG
haplotype2-0003868_End,1000,0,0,TTAGGG
haplotype2-0003869_End,1000,1,0,TTAGGG
haplotype2-0003870_End,1000,1,0,TTAGGG
haplotype2-0003871_End,1000,0,1,TTAGGG
haplotype2-0003872_End,1000,0,0,TTAGGG
haplotype2-0003873_End,1000,0,0,TTAGGG
haplotype2-0003874_End,1000,0,0,TTAGGG
haplotype2-0003875_End,1000,0,0,TTAGGG
haplotype2-0003876_End,1000,0,0,TTAGGG
haplotype2-0003877_End,1000,0,0,TTAGGG
haplotype2-0003878_End,1000,0,0,TTAGGG
haplotype2-0003879_End,1000,0,0,TTAGGG
haplotype2-0003880_End,1000,0,0,TTAGGG
haplotype2-0003881_End,1000,1,0,TTAGGG
haplotype2-0003882_End,1000,0,0,TTAGGG
haplotype2-0003883_End,1000,1,0,TTAGGG
haplotype2-0003884_End,1000,0,0,TTAGGG
haplotype2-0003885_End,1000,0,0,TTAGGG
haplotype2-0003886_End,1000,0,0,TTAGGG
haplotype2-0003887_End,1000,1,0,TTAGGG
haplotype2-0003888_End,1000,0,1,TTAGGG
haplotype2-0003889_End,1000,1,2,TTAGGG
haplotype2-0003890_End,1000,0,0,TTAGGG
haplotype2-0003891_End,1000,0,0,TTAGGG
haplotype2-0003892_End,1000,0,0,TTAGGG
haplotype2-0003893_End,1000,0,0,TTAGGG
haplotype2-0003894_End,1000,0,0,TTAGGG
haplotype2-0003895_End,1000,0,0,TTAGGG
haplotype2-0003896_End,1000,0,0,TTAGGG
haplotype2-0003897_End,1000,0,0,TTAGGG
haplotype2-0003898_End,1000,0,0,TTAGGG
haplotype2-0003899_End,1000,0,0,TTAGGG
haplotype2-0003900_End,1000,0,0,TTAGGG
haplotype2-0003901_End,1000,1,1,TTAGGG
haplotype2-0003902_End,1000,0,1,TTAGGG
haplotype2-0003903_End,1000,0,0,TTAGGG
haplotype2-0003904_End,1000,1,0,TTAGGG
haplotype2-0003905_End,1000,0,0,TTAGGG
haplotype2-0003906_End,1000,0,1,TTAGGG
haplotype2-0003907_End,1000,1,0,TTAGGG
haplotype2-0003908_End,1000,0,0,TTAGGG
haplotype2-0003909_End,1000,0,0,TTAGGG
haplotype2-0003910_End,1000,0,0,TTAGGG
haplotype2-0003911_End,1000,0,1,TTAGGG
haplotype2-0003912_End,1000,0,0,TTAGGG
haplotype2-0003913_End,1000,0,0,TTAGGG
haplotype2-0003914_End,1000,0,0,TTAGGG
haplotype2-0003915_End,1000,0,0,TTAGGG
haplotype2-0003916_End,1000,0,0,TTAGGG
haplotype2-0003917_End,1000,0,0,TTAGGG
haplotype2-0003918_End,1000,0,0,TTAGGG
haplotype2-0003919_End,1000,0,0,TTAGGG
haplotype2-0003920_End,1000,0,0,TTAGGG
haplotype2-0003921_End,1000,0,0,TTAGGG
haplotype2-0003922_End,1000,0,0,TTAGGG
haplotype2-0003923_End,1000,1,0,TTAGGG
haplotype2-0003924_End,1000,1,0,TTAGGG
haplotype2-0003925_End,1000,0,0,TTAGGG
haplotype2-0003926_End,1000,0,0,TTAGGG
haplotype2-0003927_End,1000,0,0,TTAGGG
haplotype2-0003928_End,1000,0,0,TTAGGG
haplotype2-0003929_End,1000,0,0,TTAGGG
haplotype2-0003930_End,1000,0,0,TTAGGG
haplotype2-0003931_End,1000,0,0,TTAGGG
haplotype2-0003932_End,1000,1,0,TTAGGG
haplotype2-0003933_End,1000,0,0,TTAGGG
haplotype2-0003934_End,1000,0,0,TTAGGG
haplotype2-0003935_End,1000,0,1,TTAGGG
haplotype2-0003936_End,1000,0,0,TTAGGG
haplotype2-0003937_End,1000,0,1,TTAGGG
haplotype2-0003938_End,1000,0,0,TTAGGG
haplotype2-0003939_End,1000,0,0,TTAGGG
haplotype2-0003940_End,1000,0,0,TTAGGG
haplotype2-0003941_End,1000,1,1,TTAGGG
haplotype2-0003942_End,1000,0,0,TTAGGG
haplotype2-0003943_End,1000,1,0,TTAGGG
haplotype2-0003944_End,1000,1,0,TTAGGG
haplotype2-0003945_End,1000,0,0,TTAGGG
haplotype2-0003946_End,1000,0,0,TTAGGG
haplotype2-0003947_End,1000,1,0,TTAGGG
haplotype2-0003948_End,1000,0,0,TTAGGG
haplotype2-0003949_End,1000,0,0,TTAGGG
haplotype2-0003950_End,1000,0,2,TTAGGG
haplotype2-0003951_End,1000,0,0,TTAGGG
haplotype2-0003952_End,1000,1,0,TTAGGG
haplotype2-0003953_End,1000,0,0,TTAGGG
haplotype2-0003954_End,1000,0,1,TTAGGG
haplotype2-0003955_End,1000,1,1,TTAGGG
haplotype2-0003956_End,1000,2,0,TTAGGG
haplotype2-0003957_End,1000,0,0,TTAGGG
haplotype2-0003958_End,1000,1,0,TTAGGG
haplotype2-0003959_End,1000,0,1,TTAGGG
haplotype2-0003960_End,1000,0,1,TTAGGG
haplotype2-0003961_End,1000,1,0,TTAGGG
haplotype2-0003962_End,1000,0,0,TTAGGG
haplotype2-0003963_End,1000,0,2,TTAGGG
haplotype2-0003964_End,1000,0,0,TTAGGG
haplotype2-0003965_End,1000,0,0,TTAGGG
haplotype2-0003966_End,1000,0,0,TTAGGG
haplotype2-0003967_End,1000,0,0,TTAGGG
haplotype2-0003968_End,1000,0,0,TTAGGG
haplotype2-0003969_End,1000,0,0,TTAGGG
haplotype2-0003970_End,1000,0,0,TTAGGG
haplotype2-0003971_End,1000,0,0,TTAGGG
haplotype2-0003972_End,1000,0,0,TTAGGG
haplotype2-0003973_End,1000,0,0,TTAGGG
haplotype2-0003974_End,1000,0,0,TTAGGG
haplotype2-0003975_End,1000,0,1,TTAGGG
haplotype2-0003976_End,1000,0,0,TTAGGG
haplotype2-0003977_End,1000,0,0,TTAGGG
haplotype2-0003978_End,1000,0,0,TTAGGG
haplotype2-0003979_End,1000,0,0,TTAGGG
haplotype2-0003980_End,1000,0,0,TTAGGG
haplotype2-0003981_End,1000,0,0,TTAGGG
haplotype2-0003982_End,1000,0,0,TTAGGG
haplotype2-0003983_End,1000,0,0,TTAGGG
haplotype2-0003984_End,1000,0,0,TTAGGG
haplotype2-0003985_End,1000,0,0,TTAGGG
haplotype2-0003986_End,1000,0,1,TTAGGG
haplotype2-0003987_End,1000,0,0,TTAGGG
haplotype2-0003988_End,1000,0,0,TTAGGG
haplotype2-0003989_End,1000,0,0,TTAGGG
haplotype2-0003990_End,1000,0,0,TTAGGG
haplotype2-0003991_End,1000,0,0,TTAGGG
haplotype2-0003992_End,1000,0,0,TTAGGG
haplotype2-0003993_End,1000,0,0,TTAGGG
haplotype2-0003994_End,1000,0,0,TTAGGG
haplotype2-0003995_End,1000,0,0,TTAGGG
haplotype2-0003996_End,1000,0,1,TTAGGG
haplotype2-0003997_End,1000,0,0,TTAGGG
haplotype2-0003998_End,1000,0,0,TTAGGG
haplotype2-0003999_End,1000,0,0,TTAGGG
haplotype2-0004000_End,1000,0,1,TTAGGG
haplotype2-0004001_End,1000,0,0,TTAGGG
haplotype2-0004002_End,1000,0,0,TTAGGG
haplotype2-0004003_End,1000,0,0,TTAGGG
haplotype2-0004004_End,1000,0,0,TTAGGG
haplotype2-0004005_End,1000,0,0,TTAGGG
haplotype2-0004006_End,1000,0,0,TTAGGG
haplotype2-0004007_End,1000,0,0,TTAGGG
haplotype2-0004008_End,1000,1,0,TTAGGG
haplotype2-0004009_End,1000,0,0,TTAGGG
haplotype2-0004010_End,1000,0,1,TTAGGG
haplotype2-0004011_End,1000,0,0,TTAGGG
haplotype2-0004012_End,1000,0,0,TTAGGG
haplotype2-0004013_End,1000,1,0,TTAGGG
haplotype2-0004014_End,1000,0,0,TTAGGG
haplotype2-0004015_End,1000,0,0,TTAGGG
haplotype2-0004016_End,1000,0,1,TTAGGG
haplotype2-0004017_End,1000,0,0,TTAGGG
haplotype2-0004018_End,1000,1,0,TTAGGG
haplotype2-0004019_End,1000,1,0,TTAGGG
haplotype2-0004020_End,1000,0,0,TTAGGG
haplotype2-0004021_End,1000,0,0,TTAGGG
haplotype2-0004022_End,1000,0,0,TTAGGG
haplotype2-0004023_End,1000,1,1,TTAGGG
haplotype2-0004024_End,1000,0,1,TTAGGG
haplotype2-0004025_End,1000,1,0,TTAGGG
haplotype2-0004026_End,1000,0,0,TTAGGG
haplotype2-0004027_End,1000,0,0,TTAGGG
haplotype2-0004028_End,1000,0,0,TTAGGG
haplotype2-0004029_End,1000,0,0,TTAGGG
haplotype2-0004030_End,1000,0,1,TTAGGG
haplotype2-0004031_End,1000,0,1,TTAGGG
haplotype2-0004032_End,1000,0,0,TTAGGG
haplotype2-0004033_End,1000,0,0,TTAGGG
haplotype2-0004034_End,1000,0,0,TTAGGG
haplotype2-0004035_End,1000,0,0,TTAGGG
haplotype2-0004036_End,1000,0,0,TTAGGG
haplotype2-0004037_End,1000,1,0,TTAGGG
haplotype2-0004038_End,1000,0,0,TTAGGG
haplotype2-0004039_End,1000,0,0,TTAGGG
haplotype2-0004040_End,1000,1,0,TTAGGG
haplotype2-0004041_End,1000,0,1,TTAGGG
haplotype2-0004042_End,1000,0,0,TTAGGG
haplotype2-0004043_End,1000,0,0,TTAGGG
haplotype2-0004044_End,1000,0,0,TTAGGG
haplotype2-0004045_End,1000,0,0,TTAGGG
haplotype2-0004046_End,1000,0,1,TTAGGG
haplotype2-0004047_End,1000,0,0,TTAGGG
haplotype2-0004048_End,1000,0,0,TTAGGG
haplotype2-0004049_End,1000,0,0,TTAGGG
haplotype2-0004050_End,1000,0,0,TTAGGG
haplotype2-0004051_End,1000,0,0,TTAGGG
haplotype2-0004052_End,1000,0,0,TTAGGG
haplotype2-0004053_End,1000,0,1,TTAGGG
haplotype2-0004054_End,1000,0,0,TTAGGG
haplotype2-0004055_End,1000,0,0,TTAGGG
haplotype2-0004056_End,1000,0,0,TTAGGG
haplotype2-0004057_End,1000,0,0,TTAGGG
haplotype2-0004058_End,1000,0,0,TTAGGG
haplotype2-0004059_End,1000,0,1,TTAGGG
haplotype2-0004060_End,1000,0,0,TTAGGG
haplotype2-0004061_End,1000,0,1,TTAGGG
haplotype2-0004062_End,1000,0,0,TTAGGG
haplotype2-0004063_End,1000,0,2,TTAGGG
haplotype2-0004064_End,1000,0,0,TTAGGG
haplotype2-0004065_End,1000,0,0,TTAGGG
haplotype2-0004066_End,1000,1,0,TTAGGG
haplotype2-0004067_End,1000,1,0,TTAGGG
haplotype2-0004068_End,1000,1,1,TTAGGG
haplotype2-0004069_End,1000,1,1,TTAGGG
haplotype2-0004070_End,1000,0,1,TTAGGG
haplotype2-0004071_End,1000,0,0,TTAGGG
haplotype2-0004072_End,1000,0,0,TTAGGG
haplotype2-0004073_End,1000,0,0,TTAGGG
haplotype2-0004074_End,1000,0,0,TTAGGG
haplotype2-0004075_End,1000,0,1,TTAGGG
haplotype2-0004076_End,1000,0,0,TTAGGG
haplotype2-0004077_End,1000,0,0,TTAGGG
haplotype2-0004078_End,1000,0,0,TTAGGG
haplotype2-0004079_End,1000,0,0,TTAGGG
haplotype2-0004080_End,1000,0,0,TTAGGG
haplotype2-0004081_End,1000,0,0,TTAGGG
haplotype2-0004082_End,1000,0,0,TTAGGG
haplotype2-0004083_End,1000,0,0,TTAGGG
haplotype2-0004084_End,1000,1,0,TTAGGG
haplotype2-0004085_End,1000,0,0,TTAGGG
haplotype2-0004086_End,1000,0,0,TTAGGG
haplotype2-0004087_End,1000,0,0,TTAGGG
haplotype2-0004088_End,1000,0,0,TTAGGG
haplotype2-0004089_End,1000,1,0,TTAGGG
haplotype2-0004090_End,1000,0,0,TTAGGG
haplotype2-0004091_End,1000,0,0,TTAGGG
haplotype2-0004092_End,1000,0,0,TTAGGG
haplotype2-0004093_End,1000,0,1,TTAGGG
haplotype2-0004094_End,1000,0,0,TTAGGG
haplotype2-0004095_End,1000,0,0,TTAGGG
haplotype2-0004096_End,1000,0,0,TTAGGG
haplotype2-0004097_End,1000,1,0,TTAGGG
haplotype2-0004098_End,1000,0,0,TTAGGG
haplotype2-0004099_End,1000,0,0,TTAGGG
haplotype2-0004100_End,1000,0,0,TTAGGG
haplotype2-0004101_End,1000,1,1,TTAGGG
haplotype2-0004102_End,1000,0,0,TTAGGG
haplotype2-0004103_End,1000,0,0,TTAGGG
haplotype2-0004104_End,1000,0,0,TTAGGG
haplotype2-0004105_End,1000,0,0,TTAGGG
haplotype2-0004106_End,1000,1,0,TTAGGG
haplotype2-0004107_End,1000,0,0,TTAGGG
haplotype2-0004108_End,1000,0,0,TTAGGG
haplotype2-0004109_End,1000,0,0,TTAGGG
haplotype2-0004110_End,1000,0,0,TTAGGG
haplotype2-0004111_End,1000,1,1,TTAGGG
haplotype2-0004112_End,1000,1,1,TTAGGG
haplotype2-0004113_End,1000,0,0,TTAGGG
haplotype2-0004114_End,1000,0,0,TTAGGG
haplotype2-0004115_End,1000,0,0,TTAGGG
haplotype2-0004116_End,1000,0,0,TTAGGG
haplotype2-0004117_End,1000,0,0,TTAGGG
haplotype2-0004118_End,1000,0,0,TTAGGG
haplotype2-0004119_End,1000,0,0,TTAGGG
haplotype2-0004120_End,1000,0,0,TTAGGG
haplotype2-0004121_End,1000,0,0,TTAGGG
haplotype2-0004122_End,1000,1,0,TTAGGG
haplotype2-0004123_End,1000,0,0,TTAGGG
haplotype2-0004124_End,1000,0,0,TTAGGG
haplotype2-0004125_End,1000,0,0,TTAGGG
haplotype2-0004126_End,1000,1,0,TTAGGG
haplotype2-0004127_End,1000,0,0,TTAGGG
haplotype2-0004128_End,1000,1,0,TTAGGG
haplotype2-0004129_End,1000,0,0,TTAGGG
haplotype2-0004130_End,1000,0,0,TTAGGG
haplotype2-0004131_End,1000,0,1,TTAGGG
haplotype2-0004132_End,1000,0,0,TTAGGG
haplotype2-0004133_End,1000,0,0,TTAGGG
haplotype2-0004134_End,1000,0,0,TTAGGG
haplotype2-0004135_End,1000,0,0,TTAGGG
haplotype2-0004136_End,1000,0,0,TTAGGG
haplotype2-0004137_End,1000,1,0,TTAGGG
haplotype2-0004138_End,1000,0,0,TTAGGG
haplotype2-0004139_End,1000,0,0,TTAGGG
haplotype2-0004140_End,1000,0,0,TTAGGG
haplotype2-0004141_End,1000,0,1,TTAGGG
haplotype2-0004142_End,1000,0,0,TTAGGG
haplotype2-0004143_End,1000,0,1,TTAGGG
haplotype2-0004144_End,1000,0,0,TTAGGG
haplotype2-0004145_End,1000,0,0,TTAGGG
haplotype2-0004146_End,1000,0,0,TTAGGG
haplotype2-0004147_End,1000,1,0,TTAGGG
haplotype2-0004148_End,1000,0,0,TTAGGG
haplotype2-0004149_End,1000,1,0,TTAGGG
haplotype2-0004150_End,1000,0,0,TTAGGG
haplotype2-0004151_End,1000,0,0,TTAGGG
haplotype2-0004152_End,1000,2,0,TTAGGG
haplotype2-0004153_End,1000,0,0,TTAGGG
haplotype2-0004154_End,1000,0,0,TTAGGG
haplotype2-0004155_End,1000,0,2,TTAGGG
haplotype2-0004156_End,1000,0,0,TTAGGG
haplotype2-0004157_End,1000,0,0,TTAGGG
haplotype2-0004158_End,1000,0,0,TTAGGG
haplotype2-0004159_End,1000,0,0,TTAGGG
haplotype2-0004160_End,1000,1,0,TTAGGG
haplotype2-0004161_End,1000,166,0,TTAGGG
haplotype2-0004162_End,1000,0,0,TTAGGG
haplotype2-0004163_End,1000,1,0,TTAGGG
haplotype2-0004164_End,1000,0,0,TTAGGG
haplotype2-0004165_End,1000,0,0,TTAGGG
haplotype2-0004166_End,1000,0,0,TTAGGG
haplotype2-0004167_End,1000,0,0,TTAGGG
haplotype2-0004168_End,1000,0,0,TTAGGG
haplotype2-0004169_End,1000,0,0,TTAGGG
haplotype2-0004170_End,1000,1,1,TTAGGG
haplotype2-0004171_End,1000,1,1,TTAGGG
haplotype2-0004172_End,1000,1,0,TTAGGG
haplotype2-0004173_End,1000,1,0,TTAGGG
haplotype2-0004174_End,1000,0,1,TTAGGG
haplotype2-0004175_End,1000,0,0,TTAGGG
haplotype2-0004176_End,1000,0,0,TTAGGG
haplotype2-0004177_End,1000,2,0,TTAGGG
haplotype2-0004178_End,1000,0,0,TTAGGG
haplotype2-0004179_End,1000,0,0,TTAGGG
haplotype2-0004180_End,1000,0,0,TTAGGG
haplotype2-0004181_End,1000,0,0,TTAGGG
haplotype2-0004182_End,1000,0,1,TTAGGG
haplotype2-0004183_End,1000,0,0,TTAGGG
haplotype2-0004184_End,1000,0,0,TTAGGG
haplotype2-0004185_End,1000,0,0,TTAGGG
haplotype2-0004186_End,1000,0,2,TTAGGG
haplotype2-0004187_End,1000,0,0,TTAGGG
haplotype2-0004188_End,1000,0,0,TTAGGG
haplotype2-0004189_End,1000,0,0,TTAGGG
haplotype2-0004190_End,1000,1,0,TTAGGG
haplotype2-0004191_End,1000,0,1,TTAGGG
haplotype2-0004192_End,1000,0,0,TTAGGG
haplotype2-0004193_End,1000,0,0,TTAGGG
haplotype2-0004194_End,1000,1,0,TTAGGG
haplotype2-0004195_End,1000,0,0,TTAGGG
haplotype2-0004196_End,1000,0,2,TTAGGG
haplotype2-0004197_End,1000,0,0,TTAGGG
haplotype2-0004198_End,1000,0,1,TTAGGG
haplotype2-0004199_End,1000,0,0,TTAGGG
haplotype2-0004200_End,1000,0,0,TTAGGG
haplotype2-0004201_End,1000,0,1,TTAGGG
haplotype2-0004202_End,1000,0,0,TTAGGG
haplotype2-0004203_End,1000,0,0,TTAGGG
haplotype2-0004204_End,1000,0,1,TTAGGG
haplotype2-0004205_End,1000,1,2,TTAGGG
haplotype2-0004206_End,1000,0,0,TTAGGG
haplotype2-0004207_End,1000,0,0,TTAGGG
haplotype2-0004208_End,1000,1,0,TTAGGG
haplotype2-0004209_End,1000,0,0,TTAGGG
haplotype2-0004210_End,1000,0,0,TTAGGG
haplotype2-0004211_End,1000,0,0,TTAGGG
haplotype2-0004212_End,1000,0,0,TTAGGG
haplotype2-0004213_End,1000,0,1,TTAGGG
haplotype2-0004214_End,1000,0,0,TTAGGG
haplotype2-0004215_End,1000,0,0,TTAGGG
haplotype2-0004216_End,1000,0,0,TTAGGG
haplotype2-0004217_End,1000,0,0,TTAGGG
haplotype2-0004218_End,1000,0,0,TTAGGG
haplotype2-0004219_End,1000,0,0,TTAGGG
haplotype2-0004220_End,1000,0,0,TTAGGG
haplotype2-0004221_End,1000,0,0,TTAGGG
haplotype2-0004222_End,1000,0,0,TTAGGG
haplotype2-0004223_End,1000,0,1,TTAGGG
haplotype2-0004224_End,1000,0,0,TTAGGG
haplotype2-0004225_End,1000,0,0,TTAGGG
haplotype2-0004226_End,1000,0,1,TTAGGG
haplotype2-0004227_End,1000,1,1,TTAGGG
haplotype2-0004228_End,1000,0,0,TTAGGG
haplotype2-0004229_End,1000,0,0,TTAGGG
haplotype2-0004230_End,1000,0,1,TTAGGG
haplotype2-0004231_End,1000,0,0,TTAGGG
haplotype2-0004232_End,1000,0,0,TTAGGG
haplotype2-0004233_End,1000,0,0,TTAGGG
haplotype2-0004234_End,1000,0,0,TTAGGG
haplotype2-0004235_End,1000,0,1,TTAGGG
haplotype2-0004236_End,1000,0,0,TTAGGG
haplotype2-0004237_End,1000,0,0,TTAGGG
haplotype2-0004238_End,1000,1,0,TTAGGG
haplotype2-0004239_End,1000,0,0,TTAGGG
haplotype2-0004240_End,1000,0,0,TTAGGG
haplotype2-0004241_End,1000,1,0,TTAGGG
haplotype2-0004242_End,1000,0,0,TTAGGG
haplotype2-0004243_End,1000,0,0,TTAGGG
haplotype2-0004244_End,1000,0,0,TTAGGG
haplotype2-0004245_End,1000,0,0,TTAGGG
haplotype2-0004246_End,1000,0,0,TTAGGG
haplotype2-0004247_End,1000,1,0,TTAGGG
haplotype2-0004248_End,1000,1,0,TTAGGG
haplotype2-0004249_End,1000,0,0,TTAGGG
haplotype2-0004250_End,1000,0,1,TTAGGG
haplotype2-0004251_End,1000,0,0,TTAGGG
haplotype2-0004252_End,1000,0,0,TTAGGG
haplotype2-0004253_End,1000,0,1,TTAGGG
haplotype2-0004254_End,1000,0,0,TTAGGG
haplotype2-0004255_End,1000,0,0,TTAGGG
haplotype2-0004256_End,1000,0,0,TTAGGG
haplotype2-0004257_End,1000,0,2,TTAGGG
haplotype2-0004258_End,1000,0,0,TTAGGG
haplotype2-0004259_End,1000,0,2,TTAGGG
haplotype2-0004260_End,1000,0,0,TTAGGG
haplotype2-0004261_End,1000,0,0,TTAGGG
haplotype2-0004262_End,1000,0,0,TTAGGG
haplotype2-0004263_End,1000,1,0,TTAGGG
haplotype2-0004264_End,1000,1,0,TTAGGG
haplotype2-0004265_End,1000,0,1,TTAGGG
haplotype2-0004266_End,1000,0,0,TTAGGG
haplotype2-0004267_End,1000,0,0,TTAGGG
haplotype2-0004268_End,1000,0,0,TTAGGG
haplotype2-0004269_End,1000,0,0,TTAGGG
haplotype2-0004270_End,1000,0,0,TTAGGG
haplotype2-0004271_End,1000,1,0,TTAGGG
haplotype2-0004272_End,1000,0,0,TTAGGG
haplotype2-0004273_End,1000,0,0,TTAGGG
haplotype2-0004274_End,1000,0,0,TTAGGG
haplotype2-0004275_End,1000,0,0,TTAGGG
haplotype2-0004276_End,1000,0,3,TTAGGG
haplotype2-0004277_End,1000,0,1,TTAGGG
