n_UL	n_DX	sample	asm_name	metric	value	haplotype	asm_method	source	chromosome
1	0	TUE_02	TUE_02_01UL	length	2865320193	haplotype1	phased_verkko	asmstat	NA
1	0	TUE_02	TUE_02_01UL	ref_covered	0.8443999999999999	haplotype1	phased_verkko	asmstat	NA
1	0	TUE_02	TUE_02_01UL	asm_covered	0.97	haplotype1	phased_verkko	asmstat	NA
1	0	TUE_02	TUE_02_01UL	length	3070302812	haplotype2	phased_verkko	asmstat	NA
1	0	TUE_02	TUE_02_01UL	ref_covered	0.8764	haplotype2	phased_verkko	asmstat	NA
1	0	TUE_02	TUE_02_01UL	asm_covered	0.9667	haplotype2	phased_verkko	asmstat	NA
1	0	TUE_02	TUE_02_01UL	length	6072427120	both	phased_verkko	asmstat	NA
1	0	TUE_02	TUE_02_01UL	ref_covered	0.9601	both	phased_verkko	asmstat	NA
1	0	TUE_02	TUE_02_01UL	asm_covered	0.9668	both	phased_verkko	asmstat	NA
1	0	TUE_02	TUE_02_01UL	inter-chromosomal_misjoins	1	haplotype1	phased_verkko	misjoin	NA
1	0	TUE_02	TUE_02_01UL	intra-chromosomal_gaps	23	haplotype1	phased_verkko	misjoin	NA
1	0	TUE_02	TUE_02_01UL	candidate_inversions_in_the_middle	0	haplotype1	phased_verkko	misjoin	NA
1	0	TUE_02	TUE_02_01UL	candidate_inversions_at_contig_ends	2	haplotype1	phased_verkko	misjoin	NA
1	0	TUE_02	TUE_02_01UL	inter-chromosomal_misjoins	1	haplotype2	phased_verkko	misjoin	NA
1	0	TUE_02	TUE_02_01UL	intra-chromosomal_gaps	23	haplotype2	phased_verkko	misjoin	NA
1	0	TUE_02	TUE_02_01UL	candidate_inversions_in_the_middle	1	haplotype2	phased_verkko	misjoin	NA
1	0	TUE_02	TUE_02_01UL	candidate_inversions_at_contig_ends	1	haplotype2	phased_verkko	misjoin	NA
1	0	TUE_02	TUE_02_01UL	inter-chromosomal_misjoins	2	both	phased_verkko	misjoin	NA
1	0	TUE_02	TUE_02_01UL	intra-chromosomal_gaps	46	both	phased_verkko	misjoin	NA
1	0	TUE_02	TUE_02_01UL	candidate_inversions_in_the_middle	1	both	phased_verkko	misjoin	NA
1	0	TUE_02	TUE_02_01UL	candidate_inversions_at_contig_ends	3	both	phased_verkko	misjoin	NA
1	0	TUE_02	TUE_02_01UL	variants	371853	both	phased_verkko	whatshap_stats	chr1
1	0	TUE_02	TUE_02_01UL	blocks	1	both	phased_verkko	whatshap_stats	chr1
1	0	TUE_02	TUE_02_01UL	variants	361839	both	phased_verkko	whatshap_stats	chr2
1	0	TUE_02	TUE_02_01UL	blocks	1	both	phased_verkko	whatshap_stats	chr2
1	0	TUE_02	TUE_02_01UL	variants	304385	both	phased_verkko	whatshap_stats	chr3
1	0	TUE_02	TUE_02_01UL	blocks	1	both	phased_verkko	whatshap_stats	chr3
1	0	TUE_02	TUE_02_01UL	variants	321262	both	phased_verkko	whatshap_stats	chr4
1	0	TUE_02	TUE_02_01UL	blocks	1	both	phased_verkko	whatshap_stats	chr4
1	0	TUE_02	TUE_02_01UL	variants	270096	both	phased_verkko	whatshap_stats	chr5
1	0	TUE_02	TUE_02_01UL	blocks	1	both	phased_verkko	whatshap_stats	chr5
1	0	TUE_02	TUE_02_01UL	variants	284803	both	phased_verkko	whatshap_stats	chr6
1	0	TUE_02	TUE_02_01UL	blocks	1	both	phased_verkko	whatshap_stats	chr6
1	0	TUE_02	TUE_02_01UL	variants	278427	both	phased_verkko	whatshap_stats	chr7
1	0	TUE_02	TUE_02_01UL	blocks	1	both	phased_verkko	whatshap_stats	chr7
1	0	TUE_02	TUE_02_01UL	variants	115907	both	phased_verkko	whatshap_stats	chrX
1	0	TUE_02	TUE_02_01UL	blocks	1	both	phased_verkko	whatshap_stats	chrX
1	0	TUE_02	TUE_02_01UL	variants	234436	both	phased_verkko	whatshap_stats	chr9
1	0	TUE_02	TUE_02_01UL	blocks	1	both	phased_verkko	whatshap_stats	chr9
1	0	TUE_02	TUE_02_01UL	variants	239881	both	phased_verkko	whatshap_stats	chr8
1	0	TUE_02	TUE_02_01UL	blocks	1	both	phased_verkko	whatshap_stats	chr8
1	0	TUE_02	TUE_02_01UL	variants	267721	both	phased_verkko	whatshap_stats	chr11
1	0	TUE_02	TUE_02_01UL	blocks	1	both	phased_verkko	whatshap_stats	chr11
1	0	TUE_02	TUE_02_01UL	variants	219397	both	phased_verkko	whatshap_stats	chr10
1	0	TUE_02	TUE_02_01UL	blocks	1	both	phased_verkko	whatshap_stats	chr10
1	0	TUE_02	TUE_02_01UL	variants	207303	both	phased_verkko	whatshap_stats	chr12
1	0	TUE_02	TUE_02_01UL	blocks	1	both	phased_verkko	whatshap_stats	chr12
1	0	TUE_02	TUE_02_01UL	variants	164224	both	phased_verkko	whatshap_stats	chr13
1	0	TUE_02	TUE_02_01UL	blocks	1	both	phased_verkko	whatshap_stats	chr13
1	0	TUE_02	TUE_02_01UL	variants	205755	both	phased_verkko	whatshap_stats	chr14
1	0	TUE_02	TUE_02_01UL	blocks	1	both	phased_verkko	whatshap_stats	chr14
1	0	TUE_02	TUE_02_01UL	variants	192322	both	phased_verkko	whatshap_stats	chr15
1	0	TUE_02	TUE_02_01UL	blocks	1	both	phased_verkko	whatshap_stats	chr15
1	0	TUE_02	TUE_02_01UL	variants	182140	both	phased_verkko	whatshap_stats	chr16
1	0	TUE_02	TUE_02_01UL	blocks	1	both	phased_verkko	whatshap_stats	chr16
1	0	TUE_02	TUE_02_01UL	variants	142644	both	phased_verkko	whatshap_stats	chr17
1	0	TUE_02	TUE_02_01UL	blocks	1	both	phased_verkko	whatshap_stats	chr17
1	0	TUE_02	TUE_02_01UL	variants	132535	both	phased_verkko	whatshap_stats	chr18
1	0	TUE_02	TUE_02_01UL	blocks	1	both	phased_verkko	whatshap_stats	chr18
1	0	TUE_02	TUE_02_01UL	variants	122857	both	phased_verkko	whatshap_stats	chr20
1	0	TUE_02	TUE_02_01UL	blocks	1	both	phased_verkko	whatshap_stats	chr20
1	0	TUE_02	TUE_02_01UL	variants	123174	both	phased_verkko	whatshap_stats	chr19
1	0	TUE_02	TUE_02_01UL	blocks	1	both	phased_verkko	whatshap_stats	chr19
1	0	TUE_02	TUE_02_01UL	variants	140517	both	phased_verkko	whatshap_stats	chr22
1	0	TUE_02	TUE_02_01UL	blocks	1	both	phased_verkko	whatshap_stats	chr22
1	0	TUE_02	TUE_02_01UL	variants	105454	both	phased_verkko	whatshap_stats	chr21
1	0	TUE_02	TUE_02_01UL	blocks	1	both	phased_verkko	whatshap_stats	chr21
1	0	TUE_02	TUE_02_01UL	variants	4988932	both	phased_verkko	whatshap_stats	ALL
1	0	TUE_02	TUE_02_01UL	blocks	23	both	phased_verkko	whatshap_stats	ALL
1	0	TUE_02	TUE_02_01UL	qv	59.8357	haplotype1	phased_verkko	merqury	NA
1	0	TUE_02	TUE_02_01UL	qv	59.8031	haplotype2	phased_verkko	merqury	NA
1	0	TUE_02	TUE_02_01UL	qv	59.8188	both	phased_verkko	merqury	NA
1	0	TUE_02	TUE_02_01UL	n_T2T	2	haplotype1	phased_verkko	t2t_alignment	NA
1	0	TUE_02	TUE_02_01UL	n_T2T	2	haplotype2	phased_verkko	t2t_alignment	NA
1	0	TUE_02	TUE_02_01UL	n_T2T	4	both	phased_verkko	t2t_alignment	NA
1	0	TUE_02	TUE_02_01UL	n_T2T	1	haplotype1	phased_verkko	t2t_motif	NA
1	0	TUE_02	TUE_02_01UL	n_T2T	1	haplotype2	phased_verkko	t2t_motif	NA
1	0	TUE_02	TUE_02_01UL	n_T2T	3	both	phased_verkko	t2t_motif	NA
1	0	TUE_02	TUE_02_01UL	total_n_count	8332127	haplotype1	phased_verkko	gap_statistics	NA
1	0	TUE_02	TUE_02_01UL	total_gaps	255	haplotype1	phased_verkko	gap_statistics	NA
1	0	TUE_02	TUE_02_01UL	total_n_count	11324892	haplotype2	phased_verkko	gap_statistics	NA
1	0	TUE_02	TUE_02_01UL	total_gaps	297	haplotype2	phased_verkko	gap_statistics	NA
1	0	TUE_02	TUE_02_01UL	total_n_count	19822958	both	phased_verkko	gap_statistics	NA
1	0	TUE_02	TUE_02_01UL	total_gaps	558	both	phased_verkko	gap_statistics	NA
1	0	TUE_02	TUE_02_01UL	n_contigs	853	haplotype1	phased_verkko	contig_statistics	NA
1	0	TUE_02	TUE_02_01UL	n_contigs_over_10mb	40	haplotype1	phased_verkko	contig_statistics	NA
1	0	TUE_02	TUE_02_01UL	n_contigs	1196	haplotype2	phased_verkko	contig_statistics	NA
1	0	TUE_02	TUE_02_01UL	n_contigs_over_10mb	40	haplotype2	phased_verkko	contig_statistics	NA
1	0	TUE_02	TUE_02_01UL	n_contigs	3916	both	phased_verkko	contig_statistics	NA
1	0	TUE_02	TUE_02_01UL	n_contigs_over_10mb	80	both	phased_verkko	contig_statistics	NA
2	0	TUE_02	TUE_02_02UL	length	2931724888	haplotype1	phased_verkko	asmstat	NA
2	0	TUE_02	TUE_02_02UL	ref_covered	0.8966	haplotype1	phased_verkko	asmstat	NA
2	0	TUE_02	TUE_02_02UL	asm_covered	0.962	haplotype1	phased_verkko	asmstat	NA
2	0	TUE_02	TUE_02_02UL	length	3035823478	haplotype2	phased_verkko	asmstat	NA
2	0	TUE_02	TUE_02_02UL	ref_covered	0.94	haplotype2	phased_verkko	asmstat	NA
2	0	TUE_02	TUE_02_02UL	asm_covered	0.9761	haplotype2	phased_verkko	asmstat	NA
2	0	TUE_02	TUE_02_02UL	length	6031380562	both	phased_verkko	asmstat	NA
2	0	TUE_02	TUE_02_02UL	ref_covered	0.9616	both	phased_verkko	asmstat	NA
2	0	TUE_02	TUE_02_02UL	asm_covered	0.9678	both	phased_verkko	asmstat	NA
2	0	TUE_02	TUE_02_02UL	inter-chromosomal_misjoins	1	haplotype1	phased_verkko	misjoin	NA
2	0	TUE_02	TUE_02_02UL	intra-chromosomal_gaps	10	haplotype1	phased_verkko	misjoin	NA
2	0	TUE_02	TUE_02_02UL	candidate_inversions_in_the_middle	2	haplotype1	phased_verkko	misjoin	NA
2	0	TUE_02	TUE_02_02UL	candidate_inversions_at_contig_ends	2	haplotype1	phased_verkko	misjoin	NA
2	0	TUE_02	TUE_02_02UL	inter-chromosomal_misjoins	1	haplotype2	phased_verkko	misjoin	NA
2	0	TUE_02	TUE_02_02UL	intra-chromosomal_gaps	8	haplotype2	phased_verkko	misjoin	NA
2	0	TUE_02	TUE_02_02UL	candidate_inversions_in_the_middle	2	haplotype2	phased_verkko	misjoin	NA
2	0	TUE_02	TUE_02_02UL	candidate_inversions_at_contig_ends	1	haplotype2	phased_verkko	misjoin	NA
2	0	TUE_02	TUE_02_02UL	inter-chromosomal_misjoins	2	both	phased_verkko	misjoin	NA
2	0	TUE_02	TUE_02_02UL	intra-chromosomal_gaps	18	both	phased_verkko	misjoin	NA
2	0	TUE_02	TUE_02_02UL	candidate_inversions_in_the_middle	4	both	phased_verkko	misjoin	NA
2	0	TUE_02	TUE_02_02UL	candidate_inversions_at_contig_ends	3	both	phased_verkko	misjoin	NA
2	0	TUE_02	TUE_02_02UL	variants	377431	both	phased_verkko	whatshap_stats	chr1
2	0	TUE_02	TUE_02_02UL	blocks	1	both	phased_verkko	whatshap_stats	chr1
2	0	TUE_02	TUE_02_02UL	variants	355187	both	phased_verkko	whatshap_stats	chr2
2	0	TUE_02	TUE_02_02UL	blocks	1	both	phased_verkko	whatshap_stats	chr2
2	0	TUE_02	TUE_02_02UL	variants	304633	both	phased_verkko	whatshap_stats	chr3
2	0	TUE_02	TUE_02_02UL	blocks	1	both	phased_verkko	whatshap_stats	chr3
2	0	TUE_02	TUE_02_02UL	variants	331061	both	phased_verkko	whatshap_stats	chr4
2	0	TUE_02	TUE_02_02UL	blocks	1	both	phased_verkko	whatshap_stats	chr4
2	0	TUE_02	TUE_02_02UL	variants	275517	both	phased_verkko	whatshap_stats	chr5
2	0	TUE_02	TUE_02_02UL	blocks	1	both	phased_verkko	whatshap_stats	chr5
2	0	TUE_02	TUE_02_02UL	variants	307942	both	phased_verkko	whatshap_stats	chr6
2	0	TUE_02	TUE_02_02UL	blocks	1	both	phased_verkko	whatshap_stats	chr6
2	0	TUE_02	TUE_02_02UL	variants	281531	both	phased_verkko	whatshap_stats	chr7
2	0	TUE_02	TUE_02_02UL	blocks	1	both	phased_verkko	whatshap_stats	chr7
2	0	TUE_02	TUE_02_02UL	variants	129577	both	phased_verkko	whatshap_stats	chrX
2	0	TUE_02	TUE_02_02UL	blocks	1	both	phased_verkko	whatshap_stats	chrX
2	0	TUE_02	TUE_02_02UL	variants	233980	both	phased_verkko	whatshap_stats	chr9
2	0	TUE_02	TUE_02_02UL	blocks	1	both	phased_verkko	whatshap_stats	chr9
2	0	TUE_02	TUE_02_02UL	variants	238716	both	phased_verkko	whatshap_stats	chr8
2	0	TUE_02	TUE_02_02UL	blocks	1	both	phased_verkko	whatshap_stats	chr8
2	0	TUE_02	TUE_02_02UL	variants	280847	both	phased_verkko	whatshap_stats	chr11
2	0	TUE_02	TUE_02_02UL	blocks	1	both	phased_verkko	whatshap_stats	chr11
2	0	TUE_02	TUE_02_02UL	variants	220589	both	phased_verkko	whatshap_stats	chr10
2	0	TUE_02	TUE_02_02UL	blocks	1	both	phased_verkko	whatshap_stats	chr10
2	0	TUE_02	TUE_02_02UL	variants	205104	both	phased_verkko	whatshap_stats	chr12
2	0	TUE_02	TUE_02_02UL	blocks	1	both	phased_verkko	whatshap_stats	chr12
2	0	TUE_02	TUE_02_02UL	variants	165423	both	phased_verkko	whatshap_stats	chr13
2	0	TUE_02	TUE_02_02UL	blocks	1	both	phased_verkko	whatshap_stats	chr13
2	0	TUE_02	TUE_02_02UL	variants	215345	both	phased_verkko	whatshap_stats	chr14
2	0	TUE_02	TUE_02_02UL	blocks	1	both	phased_verkko	whatshap_stats	chr14
2	0	TUE_02	TUE_02_02UL	variants	221208	both	phased_verkko	whatshap_stats	chr15
2	0	TUE_02	TUE_02_02UL	blocks	1	both	phased_verkko	whatshap_stats	chr15
2	0	TUE_02	TUE_02_02UL	variants	183848	both	phased_verkko	whatshap_stats	chr16
2	0	TUE_02	TUE_02_02UL	blocks	1	both	phased_verkko	whatshap_stats	chr16
2	0	TUE_02	TUE_02_02UL	variants	152321	both	phased_verkko	whatshap_stats	chr17
2	0	TUE_02	TUE_02_02UL	blocks	1	both	phased_verkko	whatshap_stats	chr17
2	0	TUE_02	TUE_02_02UL	variants	134523	both	phased_verkko	whatshap_stats	chr18
2	0	TUE_02	TUE_02_02UL	blocks	1	both	phased_verkko	whatshap_stats	chr18
2	0	TUE_02	TUE_02_02UL	variants	124796	both	phased_verkko	whatshap_stats	chr20
2	0	TUE_02	TUE_02_02UL	blocks	1	both	phased_verkko	whatshap_stats	chr20
2	0	TUE_02	TUE_02_02UL	variants	121036	both	phased_verkko	whatshap_stats	chr19
2	0	TUE_02	TUE_02_02UL	blocks	1	both	phased_verkko	whatshap_stats	chr19
2	0	TUE_02	TUE_02_02UL	variants	147543	both	phased_verkko	whatshap_stats	chr22
2	0	TUE_02	TUE_02_02UL	blocks	1	both	phased_verkko	whatshap_stats	chr22
2	0	TUE_02	TUE_02_02UL	variants	111256	both	phased_verkko	whatshap_stats	chr21
2	0	TUE_02	TUE_02_02UL	blocks	1	both	phased_verkko	whatshap_stats	chr21
2	0	TUE_02	TUE_02_02UL	variants	5119414	both	phased_verkko	whatshap_stats	ALL
2	0	TUE_02	TUE_02_02UL	blocks	23	both	phased_verkko	whatshap_stats	ALL
2	0	TUE_02	TUE_02_02UL	qv	63.5495	haplotype1	phased_verkko	merqury	NA
2	0	TUE_02	TUE_02_02UL	qv	62.9266	haplotype2	phased_verkko	merqury	NA
2	0	TUE_02	TUE_02_02UL	qv	63.2215	both	phased_verkko	merqury	NA
2	0	TUE_02	TUE_02_02UL	n_T2T	18	haplotype1	phased_verkko	t2t_alignment	NA
2	0	TUE_02	TUE_02_02UL	n_T2T	18	haplotype2	phased_verkko	t2t_alignment	NA
2	0	TUE_02	TUE_02_02UL	n_T2T	36	both	phased_verkko	t2t_alignment	NA
2	0	TUE_02	TUE_02_02UL	n_T2T	17	haplotype1	phased_verkko	t2t_motif	NA
2	0	TUE_02	TUE_02_02UL	n_T2T	17	haplotype2	phased_verkko	t2t_motif	NA
2	0	TUE_02	TUE_02_02UL	n_T2T	35	both	phased_verkko	t2t_motif	NA
2	0	TUE_02	TUE_02_02UL	total_n_count	1397703	haplotype1	phased_verkko	gap_statistics	NA
2	0	TUE_02	TUE_02_02UL	total_gaps	39	haplotype1	phased_verkko	gap_statistics	NA
2	0	TUE_02	TUE_02_02UL	total_n_count	830147	haplotype2	phased_verkko	gap_statistics	NA
2	0	TUE_02	TUE_02_02UL	total_gaps	49	haplotype2	phased_verkko	gap_statistics	NA
2	0	TUE_02	TUE_02_02UL	total_n_count	2227850	both	phased_verkko	gap_statistics	NA
2	0	TUE_02	TUE_02_02UL	total_gaps	88	both	phased_verkko	gap_statistics	NA
2	0	TUE_02	TUE_02_02UL	n_contigs	138	haplotype1	phased_verkko	contig_statistics	NA
2	0	TUE_02	TUE_02_02UL	n_contigs_over_10mb	23	haplotype1	phased_verkko	contig_statistics	NA
2	0	TUE_02	TUE_02_02UL	n_contigs	114	haplotype2	phased_verkko	contig_statistics	NA
2	0	TUE_02	TUE_02_02UL	n_contigs_over_10mb	24	haplotype2	phased_verkko	contig_statistics	NA
2	0	TUE_02	TUE_02_02UL	n_contigs	1159	both	phased_verkko	contig_statistics	NA
2	0	TUE_02	TUE_02_02UL	n_contigs_over_10mb	47	both	phased_verkko	contig_statistics	NA
3	0	TUE_02	TUE_02_03UL	length	2926888795	haplotype1	phased_verkko	asmstat	NA
3	0	TUE_02	TUE_02_03UL	ref_covered	0.9031	haplotype1	phased_verkko	asmstat	NA
3	0	TUE_02	TUE_02_03UL	asm_covered	0.9698	haplotype1	phased_verkko	asmstat	NA
3	0	TUE_02	TUE_02_03UL	length	3038358603	haplotype2	phased_verkko	asmstat	NA
3	0	TUE_02	TUE_02_03UL	ref_covered	0.9339	haplotype2	phased_verkko	asmstat	NA
3	0	TUE_02	TUE_02_03UL	asm_covered	0.9682	haplotype2	phased_verkko	asmstat	NA
3	0	TUE_02	TUE_02_03UL	length	6012131472	both	phased_verkko	asmstat	NA
3	0	TUE_02	TUE_02_03UL	ref_covered	0.9612	both	phased_verkko	asmstat	NA
3	0	TUE_02	TUE_02_03UL	asm_covered	0.9691	both	phased_verkko	asmstat	NA
3	0	TUE_02	TUE_02_03UL	inter-chromosomal_misjoins	2	haplotype1	phased_verkko	misjoin	NA
3	0	TUE_02	TUE_02_03UL	intra-chromosomal_gaps	9	haplotype1	phased_verkko	misjoin	NA
3	0	TUE_02	TUE_02_03UL	candidate_inversions_in_the_middle	4	haplotype1	phased_verkko	misjoin	NA
3	0	TUE_02	TUE_02_03UL	candidate_inversions_at_contig_ends	0	haplotype1	phased_verkko	misjoin	NA
3	0	TUE_02	TUE_02_03UL	inter-chromosomal_misjoins	1	haplotype2	phased_verkko	misjoin	NA
3	0	TUE_02	TUE_02_03UL	intra-chromosomal_gaps	8	haplotype2	phased_verkko	misjoin	NA
3	0	TUE_02	TUE_02_03UL	candidate_inversions_in_the_middle	1	haplotype2	phased_verkko	misjoin	NA
3	0	TUE_02	TUE_02_03UL	candidate_inversions_at_contig_ends	2	haplotype2	phased_verkko	misjoin	NA
3	0	TUE_02	TUE_02_03UL	inter-chromosomal_misjoins	3	both	phased_verkko	misjoin	NA
3	0	TUE_02	TUE_02_03UL	intra-chromosomal_gaps	17	both	phased_verkko	misjoin	NA
3	0	TUE_02	TUE_02_03UL	candidate_inversions_in_the_middle	5	both	phased_verkko	misjoin	NA
3	0	TUE_02	TUE_02_03UL	candidate_inversions_at_contig_ends	2	both	phased_verkko	misjoin	NA
3	0	TUE_02	TUE_02_03UL	variants	376624	both	phased_verkko	whatshap_stats	chr1
3	0	TUE_02	TUE_02_03UL	blocks	1	both	phased_verkko	whatshap_stats	chr1
3	0	TUE_02	TUE_02_03UL	variants	353564	both	phased_verkko	whatshap_stats	chr2
3	0	TUE_02	TUE_02_03UL	blocks	1	both	phased_verkko	whatshap_stats	chr2
3	0	TUE_02	TUE_02_03UL	variants	304243	both	phased_verkko	whatshap_stats	chr3
3	0	TUE_02	TUE_02_03UL	blocks	1	both	phased_verkko	whatshap_stats	chr3
3	0	TUE_02	TUE_02_03UL	variants	331952	both	phased_verkko	whatshap_stats	chr4
3	0	TUE_02	TUE_02_03UL	blocks	1	both	phased_verkko	whatshap_stats	chr4
3	0	TUE_02	TUE_02_03UL	variants	273274	both	phased_verkko	whatshap_stats	chr5
3	0	TUE_02	TUE_02_03UL	blocks	1	both	phased_verkko	whatshap_stats	chr5
3	0	TUE_02	TUE_02_03UL	variants	300506	both	phased_verkko	whatshap_stats	chr6
3	0	TUE_02	TUE_02_03UL	blocks	1	both	phased_verkko	whatshap_stats	chr6
3	0	TUE_02	TUE_02_03UL	variants	281451	both	phased_verkko	whatshap_stats	chr7
3	0	TUE_02	TUE_02_03UL	blocks	1	both	phased_verkko	whatshap_stats	chr7
3	0	TUE_02	TUE_02_03UL	variants	129004	both	phased_verkko	whatshap_stats	chrX
3	0	TUE_02	TUE_02_03UL	blocks	1	both	phased_verkko	whatshap_stats	chrX
3	0	TUE_02	TUE_02_03UL	variants	234068	both	phased_verkko	whatshap_stats	chr9
3	0	TUE_02	TUE_02_03UL	blocks	1	both	phased_verkko	whatshap_stats	chr9
3	0	TUE_02	TUE_02_03UL	variants	238571	both	phased_verkko	whatshap_stats	chr8
3	0	TUE_02	TUE_02_03UL	blocks	1	both	phased_verkko	whatshap_stats	chr8
3	0	TUE_02	TUE_02_03UL	variants	274599	both	phased_verkko	whatshap_stats	chr11
3	0	TUE_02	TUE_02_03UL	blocks	1	both	phased_verkko	whatshap_stats	chr11
3	0	TUE_02	TUE_02_03UL	variants	220532	both	phased_verkko	whatshap_stats	chr10
3	0	TUE_02	TUE_02_03UL	blocks	1	both	phased_verkko	whatshap_stats	chr10
3	0	TUE_02	TUE_02_03UL	variants	205156	both	phased_verkko	whatshap_stats	chr12
3	0	TUE_02	TUE_02_03UL	blocks	1	both	phased_verkko	whatshap_stats	chr12
3	0	TUE_02	TUE_02_03UL	variants	165384	both	phased_verkko	whatshap_stats	chr13
3	0	TUE_02	TUE_02_03UL	blocks	1	both	phased_verkko	whatshap_stats	chr13
3	0	TUE_02	TUE_02_03UL	variants	220037	both	phased_verkko	whatshap_stats	chr14
3	0	TUE_02	TUE_02_03UL	blocks	1	both	phased_verkko	whatshap_stats	chr14
3	0	TUE_02	TUE_02_03UL	variants	220149	both	phased_verkko	whatshap_stats	chr15
3	0	TUE_02	TUE_02_03UL	blocks	1	both	phased_verkko	whatshap_stats	chr15
3	0	TUE_02	TUE_02_03UL	variants	183755	both	phased_verkko	whatshap_stats	chr16
3	0	TUE_02	TUE_02_03UL	blocks	1	both	phased_verkko	whatshap_stats	chr16
3	0	TUE_02	TUE_02_03UL	variants	148494	both	phased_verkko	whatshap_stats	chr17
3	0	TUE_02	TUE_02_03UL	blocks	1	both	phased_verkko	whatshap_stats	chr17
3	0	TUE_02	TUE_02_03UL	variants	133119	both	phased_verkko	whatshap_stats	chr18
3	0	TUE_02	TUE_02_03UL	blocks	1	both	phased_verkko	whatshap_stats	chr18
3	0	TUE_02	TUE_02_03UL	variants	122154	both	phased_verkko	whatshap_stats	chr20
3	0	TUE_02	TUE_02_03UL	blocks	1	both	phased_verkko	whatshap_stats	chr20
3	0	TUE_02	TUE_02_03UL	variants	120822	both	phased_verkko	whatshap_stats	chr19
3	0	TUE_02	TUE_02_03UL	blocks	1	both	phased_verkko	whatshap_stats	chr19
3	0	TUE_02	TUE_02_03UL	variants	149752	both	phased_verkko	whatshap_stats	chr22
3	0	TUE_02	TUE_02_03UL	blocks	1	both	phased_verkko	whatshap_stats	chr22
3	0	TUE_02	TUE_02_03UL	variants	107388	both	phased_verkko	whatshap_stats	chr21
3	0	TUE_02	TUE_02_03UL	blocks	1	both	phased_verkko	whatshap_stats	chr21
3	0	TUE_02	TUE_02_03UL	variants	5094598	both	phased_verkko	whatshap_stats	ALL
3	0	TUE_02	TUE_02_03UL	blocks	23	both	phased_verkko	whatshap_stats	ALL
3	0	TUE_02	TUE_02_03UL	qv	64.199	haplotype1	phased_verkko	merqury	NA
3	0	TUE_02	TUE_02_03UL	qv	63.5047	haplotype2	phased_verkko	merqury	NA
3	0	TUE_02	TUE_02_03UL	qv	63.8315	both	phased_verkko	merqury	NA
3	0	TUE_02	TUE_02_03UL	n_T2T	20	haplotype1	phased_verkko	t2t_alignment	NA
3	0	TUE_02	TUE_02_03UL	n_T2T	19	haplotype2	phased_verkko	t2t_alignment	NA
3	0	TUE_02	TUE_02_03UL	n_T2T	39	both	phased_verkko	t2t_alignment	NA
3	0	TUE_02	TUE_02_03UL	n_T2T	19	haplotype1	phased_verkko	t2t_motif	NA
3	0	TUE_02	TUE_02_03UL	n_T2T	18	haplotype2	phased_verkko	t2t_motif	NA
3	0	TUE_02	TUE_02_03UL	n_T2T	38	both	phased_verkko	t2t_motif	NA
3	0	TUE_02	TUE_02_03UL	total_n_count	694539	haplotype1	phased_verkko	gap_statistics	NA
3	0	TUE_02	TUE_02_03UL	total_gaps	29	haplotype1	phased_verkko	gap_statistics	NA
3	0	TUE_02	TUE_02_03UL	total_n_count	965836	haplotype2	phased_verkko	gap_statistics	NA
3	0	TUE_02	TUE_02_03UL	total_gaps	43	haplotype2	phased_verkko	gap_statistics	NA
3	0	TUE_02	TUE_02_03UL	total_n_count	1660375	both	phased_verkko	gap_statistics	NA
3	0	TUE_02	TUE_02_03UL	total_gaps	72	both	phased_verkko	gap_statistics	NA
3	0	TUE_02	TUE_02_03UL	n_contigs	44	haplotype1	phased_verkko	contig_statistics	NA
3	0	TUE_02	TUE_02_03UL	n_contigs_over_10mb	23	haplotype1	phased_verkko	contig_statistics	NA
3	0	TUE_02	TUE_02_03UL	n_contigs	73	haplotype2	phased_verkko	contig_statistics	NA
3	0	TUE_02	TUE_02_03UL	n_contigs_over_10mb	23	haplotype2	phased_verkko	contig_statistics	NA
3	0	TUE_02	TUE_02_03UL	n_contigs	690	both	phased_verkko	contig_statistics	NA
3	0	TUE_02	TUE_02_03UL	n_contigs_over_10mb	46	both	phased_verkko	contig_statistics	NA
4	0	TUE_02	TUE_02_04UL	length	2922615145	haplotype1	phased_verkko	asmstat	NA
4	0	TUE_02	TUE_02_04UL	ref_covered	0.9001	haplotype1	phased_verkko	asmstat	NA
4	0	TUE_02	TUE_02_04UL	asm_covered	0.9683	haplotype1	phased_verkko	asmstat	NA
4	0	TUE_02	TUE_02_04UL	length	3035691115	haplotype2	phased_verkko	asmstat	NA
4	0	TUE_02	TUE_02_04UL	ref_covered	0.9363	haplotype2	phased_verkko	asmstat	NA
4	0	TUE_02	TUE_02_04UL	asm_covered	0.9704	haplotype2	phased_verkko	asmstat	NA
4	0	TUE_02	TUE_02_04UL	length	6006777105	both	phased_verkko	asmstat	NA
4	0	TUE_02	TUE_02_04UL	ref_covered	0.9612	both	phased_verkko	asmstat	NA
4	0	TUE_02	TUE_02_04UL	asm_covered	0.9695	both	phased_verkko	asmstat	NA
4	0	TUE_02	TUE_02_04UL	inter-chromosomal_misjoins	1	haplotype1	phased_verkko	misjoin	NA
4	0	TUE_02	TUE_02_04UL	intra-chromosomal_gaps	8	haplotype1	phased_verkko	misjoin	NA
4	0	TUE_02	TUE_02_04UL	candidate_inversions_in_the_middle	4	haplotype1	phased_verkko	misjoin	NA
4	0	TUE_02	TUE_02_04UL	candidate_inversions_at_contig_ends	0	haplotype1	phased_verkko	misjoin	NA
4	0	TUE_02	TUE_02_04UL	inter-chromosomal_misjoins	1	haplotype2	phased_verkko	misjoin	NA
4	0	TUE_02	TUE_02_04UL	intra-chromosomal_gaps	8	haplotype2	phased_verkko	misjoin	NA
4	0	TUE_02	TUE_02_04UL	candidate_inversions_in_the_middle	1	haplotype2	phased_verkko	misjoin	NA
4	0	TUE_02	TUE_02_04UL	candidate_inversions_at_contig_ends	2	haplotype2	phased_verkko	misjoin	NA
4	0	TUE_02	TUE_02_04UL	inter-chromosomal_misjoins	2	both	phased_verkko	misjoin	NA
4	0	TUE_02	TUE_02_04UL	intra-chromosomal_gaps	16	both	phased_verkko	misjoin	NA
4	0	TUE_02	TUE_02_04UL	candidate_inversions_in_the_middle	5	both	phased_verkko	misjoin	NA
4	0	TUE_02	TUE_02_04UL	candidate_inversions_at_contig_ends	2	both	phased_verkko	misjoin	NA
4	0	TUE_02	TUE_02_04UL	variants	376356	both	phased_verkko	whatshap_stats	chr1
4	0	TUE_02	TUE_02_04UL	blocks	1	both	phased_verkko	whatshap_stats	chr1
4	0	TUE_02	TUE_02_04UL	variants	353028	both	phased_verkko	whatshap_stats	chr2
4	0	TUE_02	TUE_02_04UL	blocks	1	both	phased_verkko	whatshap_stats	chr2
4	0	TUE_02	TUE_02_04UL	variants	303771	both	phased_verkko	whatshap_stats	chr3
4	0	TUE_02	TUE_02_04UL	blocks	1	both	phased_verkko	whatshap_stats	chr3
4	0	TUE_02	TUE_02_04UL	variants	330330	both	phased_verkko	whatshap_stats	chr4
4	0	TUE_02	TUE_02_04UL	blocks	1	both	phased_verkko	whatshap_stats	chr4
4	0	TUE_02	TUE_02_04UL	variants	272912	both	phased_verkko	whatshap_stats	chr5
4	0	TUE_02	TUE_02_04UL	blocks	1	both	phased_verkko	whatshap_stats	chr5
4	0	TUE_02	TUE_02_04UL	variants	305728	both	phased_verkko	whatshap_stats	chr6
4	0	TUE_02	TUE_02_04UL	blocks	1	both	phased_verkko	whatshap_stats	chr6
4	0	TUE_02	TUE_02_04UL	variants	281416	both	phased_verkko	whatshap_stats	chr7
4	0	TUE_02	TUE_02_04UL	blocks	1	both	phased_verkko	whatshap_stats	chr7
4	0	TUE_02	TUE_02_04UL	variants	128395	both	phased_verkko	whatshap_stats	chrX
4	0	TUE_02	TUE_02_04UL	blocks	1	both	phased_verkko	whatshap_stats	chrX
4	0	TUE_02	TUE_02_04UL	variants	233610	both	phased_verkko	whatshap_stats	chr9
4	0	TUE_02	TUE_02_04UL	blocks	1	both	phased_verkko	whatshap_stats	chr9
4	0	TUE_02	TUE_02_04UL	variants	238200	both	phased_verkko	whatshap_stats	chr8
4	0	TUE_02	TUE_02_04UL	blocks	1	both	phased_verkko	whatshap_stats	chr8
4	0	TUE_02	TUE_02_04UL	variants	277221	both	phased_verkko	whatshap_stats	chr11
4	0	TUE_02	TUE_02_04UL	blocks	1	both	phased_verkko	whatshap_stats	chr11
4	0	TUE_02	TUE_02_04UL	variants	220087	both	phased_verkko	whatshap_stats	chr10
4	0	TUE_02	TUE_02_04UL	blocks	1	both	phased_verkko	whatshap_stats	chr10
4	0	TUE_02	TUE_02_04UL	variants	204877	both	phased_verkko	whatshap_stats	chr12
4	0	TUE_02	TUE_02_04UL	blocks	1	both	phased_verkko	whatshap_stats	chr12
4	0	TUE_02	TUE_02_04UL	variants	165775	both	phased_verkko	whatshap_stats	chr13
4	0	TUE_02	TUE_02_04UL	blocks	1	both	phased_verkko	whatshap_stats	chr13
4	0	TUE_02	TUE_02_04UL	variants	216650	both	phased_verkko	whatshap_stats	chr14
4	0	TUE_02	TUE_02_04UL	blocks	1	both	phased_verkko	whatshap_stats	chr14
4	0	TUE_02	TUE_02_04UL	variants	221246	both	phased_verkko	whatshap_stats	chr15
4	0	TUE_02	TUE_02_04UL	blocks	1	both	phased_verkko	whatshap_stats	chr15
4	0	TUE_02	TUE_02_04UL	variants	183358	both	phased_verkko	whatshap_stats	chr16
4	0	TUE_02	TUE_02_04UL	blocks	1	both	phased_verkko	whatshap_stats	chr16
4	0	TUE_02	TUE_02_04UL	variants	150061	both	phased_verkko	whatshap_stats	chr17
4	0	TUE_02	TUE_02_04UL	blocks	1	both	phased_verkko	whatshap_stats	chr17
4	0	TUE_02	TUE_02_04UL	variants	134354	both	phased_verkko	whatshap_stats	chr18
4	0	TUE_02	TUE_02_04UL	blocks	1	both	phased_verkko	whatshap_stats	chr18
4	0	TUE_02	TUE_02_04UL	variants	124704	both	phased_verkko	whatshap_stats	chr20
4	0	TUE_02	TUE_02_04UL	blocks	1	both	phased_verkko	whatshap_stats	chr20
4	0	TUE_02	TUE_02_04UL	variants	120496	both	phased_verkko	whatshap_stats	chr19
4	0	TUE_02	TUE_02_04UL	blocks	1	both	phased_verkko	whatshap_stats	chr19
4	0	TUE_02	TUE_02_04UL	variants	150487	both	phased_verkko	whatshap_stats	chr22
4	0	TUE_02	TUE_02_04UL	blocks	1	both	phased_verkko	whatshap_stats	chr22
4	0	TUE_02	TUE_02_04UL	variants	110037	both	phased_verkko	whatshap_stats	chr21
4	0	TUE_02	TUE_02_04UL	blocks	1	both	phased_verkko	whatshap_stats	chr21
4	0	TUE_02	TUE_02_04UL	variants	5103099	both	phased_verkko	whatshap_stats	ALL
4	0	TUE_02	TUE_02_04UL	blocks	23	both	phased_verkko	whatshap_stats	ALL
4	0	TUE_02	TUE_02_04UL	qv	61.8764	haplotype1	phased_verkko	merqury	NA
4	0	TUE_02	TUE_02_04UL	qv	64.0055	haplotype2	phased_verkko	merqury	NA
4	0	TUE_02	TUE_02_04UL	qv	62.8316	both	phased_verkko	merqury	NA
4	0	TUE_02	TUE_02_04UL	n_T2T	20	haplotype1	phased_verkko	t2t_alignment	NA
4	0	TUE_02	TUE_02_04UL	n_T2T	18	haplotype2	phased_verkko	t2t_alignment	NA
4	0	TUE_02	TUE_02_04UL	n_T2T	38	both	phased_verkko	t2t_alignment	NA
4	0	TUE_02	TUE_02_04UL	n_T2T	19	haplotype1	phased_verkko	t2t_motif	NA
4	0	TUE_02	TUE_02_04UL	n_T2T	17	haplotype2	phased_verkko	t2t_motif	NA
4	0	TUE_02	TUE_02_04UL	n_T2T	37	both	phased_verkko	t2t_motif	NA
4	0	TUE_02	TUE_02_04UL	total_n_count	472258	haplotype1	phased_verkko	gap_statistics	NA
4	0	TUE_02	TUE_02_04UL	total_gaps	12	haplotype1	phased_verkko	gap_statistics	NA
4	0	TUE_02	TUE_02_04UL	total_n_count	574741	haplotype2	phased_verkko	gap_statistics	NA
4	0	TUE_02	TUE_02_04UL	total_gaps	23	haplotype2	phased_verkko	gap_statistics	NA
4	0	TUE_02	TUE_02_04UL	total_n_count	1046999	both	phased_verkko	gap_statistics	NA
4	0	TUE_02	TUE_02_04UL	total_gaps	35	both	phased_verkko	gap_statistics	NA
4	0	TUE_02	TUE_02_04UL	n_contigs	34	haplotype1	phased_verkko	contig_statistics	NA
4	0	TUE_02	TUE_02_04UL	n_contigs_over_10mb	23	haplotype1	phased_verkko	contig_statistics	NA
4	0	TUE_02	TUE_02_04UL	n_contigs	38	haplotype2	phased_verkko	contig_statistics	NA
4	0	TUE_02	TUE_02_04UL	n_contigs_over_10mb	23	haplotype2	phased_verkko	contig_statistics	NA
4	0	TUE_02	TUE_02_04UL	n_contigs	554	both	phased_verkko	contig_statistics	NA
4	0	TUE_02	TUE_02_04UL	n_contigs_over_10mb	46	both	phased_verkko	contig_statistics	NA
5	0	TUE_02	TUE_02_05UL	length	2931558930	haplotype1	phased_verkko	asmstat	NA
5	0	TUE_02	TUE_02_05UL	ref_covered	0.9004000000000001	haplotype1	phased_verkko	asmstat	NA
5	0	TUE_02	TUE_02_05UL	asm_covered	0.9665	haplotype1	phased_verkko	asmstat	NA
5	0	TUE_02	TUE_02_05UL	length	3028627935	haplotype2	phased_verkko	asmstat	NA
5	0	TUE_02	TUE_02_05UL	ref_covered	0.9376	haplotype2	phased_verkko	asmstat	NA
5	0	TUE_02	TUE_02_05UL	asm_covered	0.9728	haplotype2	phased_verkko	asmstat	NA
5	0	TUE_02	TUE_02_05UL	length	6007383043	both	phased_verkko	asmstat	NA
5	0	TUE_02	TUE_02_05UL	ref_covered	0.9613	both	phased_verkko	asmstat	NA
5	0	TUE_02	TUE_02_05UL	asm_covered	0.9698	both	phased_verkko	asmstat	NA
5	0	TUE_02	TUE_02_05UL	inter-chromosomal_misjoins	1	haplotype1	phased_verkko	misjoin	NA
5	0	TUE_02	TUE_02_05UL	intra-chromosomal_gaps	8	haplotype1	phased_verkko	misjoin	NA
5	0	TUE_02	TUE_02_05UL	candidate_inversions_in_the_middle	3	haplotype1	phased_verkko	misjoin	NA
5	0	TUE_02	TUE_02_05UL	candidate_inversions_at_contig_ends	2	haplotype1	phased_verkko	misjoin	NA
5	0	TUE_02	TUE_02_05UL	inter-chromosomal_misjoins	1	haplotype2	phased_verkko	misjoin	NA
5	0	TUE_02	TUE_02_05UL	intra-chromosomal_gaps	8	haplotype2	phased_verkko	misjoin	NA
5	0	TUE_02	TUE_02_05UL	candidate_inversions_in_the_middle	2	haplotype2	phased_verkko	misjoin	NA
5	0	TUE_02	TUE_02_05UL	candidate_inversions_at_contig_ends	0	haplotype2	phased_verkko	misjoin	NA
5	0	TUE_02	TUE_02_05UL	inter-chromosomal_misjoins	2	both	phased_verkko	misjoin	NA
5	0	TUE_02	TUE_02_05UL	intra-chromosomal_gaps	16	both	phased_verkko	misjoin	NA
5	0	TUE_02	TUE_02_05UL	candidate_inversions_in_the_middle	5	both	phased_verkko	misjoin	NA
5	0	TUE_02	TUE_02_05UL	candidate_inversions_at_contig_ends	2	both	phased_verkko	misjoin	NA
5	0	TUE_02	TUE_02_05UL	variants	375974	both	phased_verkko	whatshap_stats	chr1
5	0	TUE_02	TUE_02_05UL	blocks	1	both	phased_verkko	whatshap_stats	chr1
5	0	TUE_02	TUE_02_05UL	variants	352846	both	phased_verkko	whatshap_stats	chr2
5	0	TUE_02	TUE_02_05UL	blocks	1	both	phased_verkko	whatshap_stats	chr2
5	0	TUE_02	TUE_02_05UL	variants	303584	both	phased_verkko	whatshap_stats	chr3
5	0	TUE_02	TUE_02_05UL	blocks	1	both	phased_verkko	whatshap_stats	chr3
5	0	TUE_02	TUE_02_05UL	variants	330655	both	phased_verkko	whatshap_stats	chr4
5	0	TUE_02	TUE_02_05UL	blocks	1	both	phased_verkko	whatshap_stats	chr4
5	0	TUE_02	TUE_02_05UL	variants	272956	both	phased_verkko	whatshap_stats	chr5
5	0	TUE_02	TUE_02_05UL	blocks	1	both	phased_verkko	whatshap_stats	chr5
5	0	TUE_02	TUE_02_05UL	variants	305638	both	phased_verkko	whatshap_stats	chr6
5	0	TUE_02	TUE_02_05UL	blocks	1	both	phased_verkko	whatshap_stats	chr6
5	0	TUE_02	TUE_02_05UL	variants	281211	both	phased_verkko	whatshap_stats	chr7
5	0	TUE_02	TUE_02_05UL	blocks	1	both	phased_verkko	whatshap_stats	chr7
5	0	TUE_02	TUE_02_05UL	variants	128172	both	phased_verkko	whatshap_stats	chrX
5	0	TUE_02	TUE_02_05UL	blocks	1	both	phased_verkko	whatshap_stats	chrX
5	0	TUE_02	TUE_02_05UL	variants	233662	both	phased_verkko	whatshap_stats	chr9
5	0	TUE_02	TUE_02_05UL	blocks	1	both	phased_verkko	whatshap_stats	chr9
5	0	TUE_02	TUE_02_05UL	variants	238079	both	phased_verkko	whatshap_stats	chr8
5	0	TUE_02	TUE_02_05UL	blocks	1	both	phased_verkko	whatshap_stats	chr8
5	0	TUE_02	TUE_02_05UL	variants	278838	both	phased_verkko	whatshap_stats	chr11
5	0	TUE_02	TUE_02_05UL	blocks	1	both	phased_verkko	whatshap_stats	chr11
5	0	TUE_02	TUE_02_05UL	variants	219943	both	phased_verkko	whatshap_stats	chr10
5	0	TUE_02	TUE_02_05UL	blocks	1	both	phased_verkko	whatshap_stats	chr10
5	0	TUE_02	TUE_02_05UL	variants	203998	both	phased_verkko	whatshap_stats	chr12
5	0	TUE_02	TUE_02_05UL	blocks	1	both	phased_verkko	whatshap_stats	chr12
5	0	TUE_02	TUE_02_05UL	variants	165350	both	phased_verkko	whatshap_stats	chr13
5	0	TUE_02	TUE_02_05UL	blocks	1	both	phased_verkko	whatshap_stats	chr13
5	0	TUE_02	TUE_02_05UL	variants	221246	both	phased_verkko	whatshap_stats	chr14
5	0	TUE_02	TUE_02_05UL	blocks	1	both	phased_verkko	whatshap_stats	chr14
5	0	TUE_02	TUE_02_05UL	variants	219824	both	phased_verkko	whatshap_stats	chr15
5	0	TUE_02	TUE_02_05UL	blocks	1	both	phased_verkko	whatshap_stats	chr15
5	0	TUE_02	TUE_02_05UL	variants	183329	both	phased_verkko	whatshap_stats	chr16
5	0	TUE_02	TUE_02_05UL	blocks	1	both	phased_verkko	whatshap_stats	chr16
5	0	TUE_02	TUE_02_05UL	variants	148145	both	phased_verkko	whatshap_stats	chr17
5	0	TUE_02	TUE_02_05UL	blocks	1	both	phased_verkko	whatshap_stats	chr17
5	0	TUE_02	TUE_02_05UL	variants	132652	both	phased_verkko	whatshap_stats	chr18
5	0	TUE_02	TUE_02_05UL	blocks	1	both	phased_verkko	whatshap_stats	chr18
5	0	TUE_02	TUE_02_05UL	variants	124734	both	phased_verkko	whatshap_stats	chr20
5	0	TUE_02	TUE_02_05UL	blocks	1	both	phased_verkko	whatshap_stats	chr20
5	0	TUE_02	TUE_02_05UL	variants	119979	both	phased_verkko	whatshap_stats	chr19
5	0	TUE_02	TUE_02_05UL	blocks	1	both	phased_verkko	whatshap_stats	chr19
5	0	TUE_02	TUE_02_05UL	variants	151203	both	phased_verkko	whatshap_stats	chr22
5	0	TUE_02	TUE_02_05UL	blocks	1	both	phased_verkko	whatshap_stats	chr22
5	0	TUE_02	TUE_02_05UL	variants	107363	both	phased_verkko	whatshap_stats	chr21
5	0	TUE_02	TUE_02_05UL	blocks	1	both	phased_verkko	whatshap_stats	chr21
5	0	TUE_02	TUE_02_05UL	variants	5099381	both	phased_verkko	whatshap_stats	ALL
5	0	TUE_02	TUE_02_05UL	blocks	23	both	phased_verkko	whatshap_stats	ALL
5	0	TUE_02	TUE_02_05UL	qv	64.7947	haplotype1	phased_verkko	merqury	NA
5	0	TUE_02	TUE_02_05UL	qv	64.113	haplotype2	phased_verkko	merqury	NA
5	0	TUE_02	TUE_02_05UL	qv	64.4349	both	phased_verkko	merqury	NA
5	0	TUE_02	TUE_02_05UL	n_T2T	19	haplotype1	phased_verkko	t2t_alignment	NA
5	0	TUE_02	TUE_02_05UL	n_T2T	19	haplotype2	phased_verkko	t2t_alignment	NA
5	0	TUE_02	TUE_02_05UL	n_T2T	38	both	phased_verkko	t2t_alignment	NA
5	0	TUE_02	TUE_02_05UL	n_T2T	18	haplotype1	phased_verkko	t2t_motif	NA
5	0	TUE_02	TUE_02_05UL	n_T2T	18	haplotype2	phased_verkko	t2t_motif	NA
5	0	TUE_02	TUE_02_05UL	n_T2T	37	both	phased_verkko	t2t_motif	NA
5	0	TUE_02	TUE_02_05UL	total_n_count	339740	haplotype1	phased_verkko	gap_statistics	NA
5	0	TUE_02	TUE_02_05UL	total_gaps	7	haplotype1	phased_verkko	gap_statistics	NA
5	0	TUE_02	TUE_02_05UL	total_n_count	465802	haplotype2	phased_verkko	gap_statistics	NA
5	0	TUE_02	TUE_02_05UL	total_gaps	15	haplotype2	phased_verkko	gap_statistics	NA
5	0	TUE_02	TUE_02_05UL	total_n_count	805542	both	phased_verkko	gap_statistics	NA
5	0	TUE_02	TUE_02_05UL	total_gaps	22	both	phased_verkko	gap_statistics	NA
5	0	TUE_02	TUE_02_05UL	n_contigs	44	haplotype1	phased_verkko	contig_statistics	NA
5	0	TUE_02	TUE_02_05UL	n_contigs_over_10mb	23	haplotype1	phased_verkko	contig_statistics	NA
5	0	TUE_02	TUE_02_05UL	n_contigs	47	haplotype2	phased_verkko	contig_statistics	NA
5	0	TUE_02	TUE_02_05UL	n_contigs_over_10mb	23	haplotype2	phased_verkko	contig_statistics	NA
5	0	TUE_02	TUE_02_05UL	n_contigs	449	both	phased_verkko	contig_statistics	NA
5	0	TUE_02	TUE_02_05UL	n_contigs_over_10mb	46	both	phased_verkko	contig_statistics	NA
6	0	TUE_02	TUE_02_06UL	length	2926714818	haplotype1	phased_verkko	asmstat	NA
6	0	TUE_02	TUE_02_06UL	ref_covered	0.8986	haplotype1	phased_verkko	asmstat	NA
6	0	TUE_02	TUE_02_06UL	asm_covered	0.9665	haplotype1	phased_verkko	asmstat	NA
6	0	TUE_02	TUE_02_06UL	length	3036773966	haplotype2	phased_verkko	asmstat	NA
6	0	TUE_02	TUE_02_06UL	ref_covered	0.9385	haplotype2	phased_verkko	asmstat	NA
6	0	TUE_02	TUE_02_06UL	asm_covered	0.9725	haplotype2	phased_verkko	asmstat	NA
6	0	TUE_02	TUE_02_06UL	length	6002939725	both	phased_verkko	asmstat	NA
6	0	TUE_02	TUE_02_06UL	ref_covered	0.9612	both	phased_verkko	asmstat	NA
6	0	TUE_02	TUE_02_06UL	asm_covered	0.9696	both	phased_verkko	asmstat	NA
6	0	TUE_02	TUE_02_06UL	inter-chromosomal_misjoins	1	haplotype1	phased_verkko	misjoin	NA
6	0	TUE_02	TUE_02_06UL	intra-chromosomal_gaps	8	haplotype1	phased_verkko	misjoin	NA
6	0	TUE_02	TUE_02_06UL	candidate_inversions_in_the_middle	2	haplotype1	phased_verkko	misjoin	NA
6	0	TUE_02	TUE_02_06UL	candidate_inversions_at_contig_ends	2	haplotype1	phased_verkko	misjoin	NA
6	0	TUE_02	TUE_02_06UL	inter-chromosomal_misjoins	1	haplotype2	phased_verkko	misjoin	NA
6	0	TUE_02	TUE_02_06UL	intra-chromosomal_gaps	8	haplotype2	phased_verkko	misjoin	NA
6	0	TUE_02	TUE_02_06UL	candidate_inversions_in_the_middle	3	haplotype2	phased_verkko	misjoin	NA
6	0	TUE_02	TUE_02_06UL	candidate_inversions_at_contig_ends	0	haplotype2	phased_verkko	misjoin	NA
6	0	TUE_02	TUE_02_06UL	inter-chromosomal_misjoins	2	both	phased_verkko	misjoin	NA
6	0	TUE_02	TUE_02_06UL	intra-chromosomal_gaps	16	both	phased_verkko	misjoin	NA
6	0	TUE_02	TUE_02_06UL	candidate_inversions_in_the_middle	5	both	phased_verkko	misjoin	NA
6	0	TUE_02	TUE_02_06UL	candidate_inversions_at_contig_ends	2	both	phased_verkko	misjoin	NA
6	0	TUE_02	TUE_02_06UL	variants	376384	both	phased_verkko	whatshap_stats	chr1
6	0	TUE_02	TUE_02_06UL	blocks	1	both	phased_verkko	whatshap_stats	chr1
6	0	TUE_02	TUE_02_06UL	variants	352674	both	phased_verkko	whatshap_stats	chr2
6	0	TUE_02	TUE_02_06UL	blocks	1	both	phased_verkko	whatshap_stats	chr2
6	0	TUE_02	TUE_02_06UL	variants	303454	both	phased_verkko	whatshap_stats	chr3
6	0	TUE_02	TUE_02_06UL	blocks	1	both	phased_verkko	whatshap_stats	chr3
6	0	TUE_02	TUE_02_06UL	variants	330343	both	phased_verkko	whatshap_stats	chr4
6	0	TUE_02	TUE_02_06UL	blocks	1	both	phased_verkko	whatshap_stats	chr4
6	0	TUE_02	TUE_02_06UL	variants	272820	both	phased_verkko	whatshap_stats	chr5
6	0	TUE_02	TUE_02_06UL	blocks	1	both	phased_verkko	whatshap_stats	chr5
6	0	TUE_02	TUE_02_06UL	variants	305599	both	phased_verkko	whatshap_stats	chr6
6	0	TUE_02	TUE_02_06UL	blocks	1	both	phased_verkko	whatshap_stats	chr6
6	0	TUE_02	TUE_02_06UL	variants	281146	both	phased_verkko	whatshap_stats	chr7
6	0	TUE_02	TUE_02_06UL	blocks	1	both	phased_verkko	whatshap_stats	chr7
6	0	TUE_02	TUE_02_06UL	variants	128021	both	phased_verkko	whatshap_stats	chrX
6	0	TUE_02	TUE_02_06UL	blocks	1	both	phased_verkko	whatshap_stats	chrX
6	0	TUE_02	TUE_02_06UL	variants	233343	both	phased_verkko	whatshap_stats	chr9
6	0	TUE_02	TUE_02_06UL	blocks	1	both	phased_verkko	whatshap_stats	chr9
6	0	TUE_02	TUE_02_06UL	variants	238097	both	phased_verkko	whatshap_stats	chr8
6	0	TUE_02	TUE_02_06UL	blocks	1	both	phased_verkko	whatshap_stats	chr8
6	0	TUE_02	TUE_02_06UL	variants	276948	both	phased_verkko	whatshap_stats	chr11
6	0	TUE_02	TUE_02_06UL	blocks	1	both	phased_verkko	whatshap_stats	chr11
6	0	TUE_02	TUE_02_06UL	variants	219852	both	phased_verkko	whatshap_stats	chr10
6	0	TUE_02	TUE_02_06UL	blocks	1	both	phased_verkko	whatshap_stats	chr10
6	0	TUE_02	TUE_02_06UL	variants	204494	both	phased_verkko	whatshap_stats	chr12
6	0	TUE_02	TUE_02_06UL	blocks	1	both	phased_verkko	whatshap_stats	chr12
6	0	TUE_02	TUE_02_06UL	variants	164062	both	phased_verkko	whatshap_stats	chr13
6	0	TUE_02	TUE_02_06UL	blocks	1	both	phased_verkko	whatshap_stats	chr13
6	0	TUE_02	TUE_02_06UL	variants	219451	both	phased_verkko	whatshap_stats	chr14
6	0	TUE_02	TUE_02_06UL	blocks	1	both	phased_verkko	whatshap_stats	chr14
6	0	TUE_02	TUE_02_06UL	variants	218803	both	phased_verkko	whatshap_stats	chr15
6	0	TUE_02	TUE_02_06UL	blocks	1	both	phased_verkko	whatshap_stats	chr15
6	0	TUE_02	TUE_02_06UL	variants	183247	both	phased_verkko	whatshap_stats	chr16
6	0	TUE_02	TUE_02_06UL	blocks	1	both	phased_verkko	whatshap_stats	chr16
6	0	TUE_02	TUE_02_06UL	variants	148129	both	phased_verkko	whatshap_stats	chr17
6	0	TUE_02	TUE_02_06UL	blocks	1	both	phased_verkko	whatshap_stats	chr17
6	0	TUE_02	TUE_02_06UL	variants	133927	both	phased_verkko	whatshap_stats	chr18
6	0	TUE_02	TUE_02_06UL	blocks	1	both	phased_verkko	whatshap_stats	chr18
6	0	TUE_02	TUE_02_06UL	variants	124739	both	phased_verkko	whatshap_stats	chr20
6	0	TUE_02	TUE_02_06UL	blocks	1	both	phased_verkko	whatshap_stats	chr20
6	0	TUE_02	TUE_02_06UL	variants	120331	both	phased_verkko	whatshap_stats	chr19
6	0	TUE_02	TUE_02_06UL	blocks	1	both	phased_verkko	whatshap_stats	chr19
6	0	TUE_02	TUE_02_06UL	variants	147942	both	phased_verkko	whatshap_stats	chr22
6	0	TUE_02	TUE_02_06UL	blocks	1	both	phased_verkko	whatshap_stats	chr22
6	0	TUE_02	TUE_02_06UL	variants	111786	both	phased_verkko	whatshap_stats	chr21
6	0	TUE_02	TUE_02_06UL	blocks	1	both	phased_verkko	whatshap_stats	chr21
6	0	TUE_02	TUE_02_06UL	variants	5095592	both	phased_verkko	whatshap_stats	ALL
6	0	TUE_02	TUE_02_06UL	blocks	23	both	phased_verkko	whatshap_stats	ALL
6	0	TUE_02	TUE_02_06UL	qv	65.235	haplotype1	phased_verkko	merqury	NA
6	0	TUE_02	TUE_02_06UL	qv	63.9082	haplotype2	phased_verkko	merqury	NA
6	0	TUE_02	TUE_02_06UL	qv	64.509	both	phased_verkko	merqury	NA
6	0	TUE_02	TUE_02_06UL	n_T2T	19	haplotype1	phased_verkko	t2t_alignment	NA
6	0	TUE_02	TUE_02_06UL	n_T2T	19	haplotype2	phased_verkko	t2t_alignment	NA
6	0	TUE_02	TUE_02_06UL	n_T2T	38	both	phased_verkko	t2t_alignment	NA
6	0	TUE_02	TUE_02_06UL	n_T2T	18	haplotype1	phased_verkko	t2t_motif	NA
6	0	TUE_02	TUE_02_06UL	n_T2T	18	haplotype2	phased_verkko	t2t_motif	NA
6	0	TUE_02	TUE_02_06UL	n_T2T	37	both	phased_verkko	t2t_motif	NA
6	0	TUE_02	TUE_02_06UL	total_n_count	437192	haplotype1	phased_verkko	gap_statistics	NA
6	0	TUE_02	TUE_02_06UL	total_gaps	8	haplotype1	phased_verkko	gap_statistics	NA
6	0	TUE_02	TUE_02_06UL	total_n_count	378448	haplotype2	phased_verkko	gap_statistics	NA
6	0	TUE_02	TUE_02_06UL	total_gaps	16	haplotype2	phased_verkko	gap_statistics	NA
6	0	TUE_02	TUE_02_06UL	total_n_count	815640	both	phased_verkko	gap_statistics	NA
6	0	TUE_02	TUE_02_06UL	total_gaps	24	both	phased_verkko	gap_statistics	NA
6	0	TUE_02	TUE_02_06UL	n_contigs	28	haplotype1	phased_verkko	contig_statistics	NA
6	0	TUE_02	TUE_02_06UL	n_contigs_over_10mb	23	haplotype1	phased_verkko	contig_statistics	NA
6	0	TUE_02	TUE_02_06UL	n_contigs	75	haplotype2	phased_verkko	contig_statistics	NA
6	0	TUE_02	TUE_02_06UL	n_contigs_over_10mb	23	haplotype2	phased_verkko	contig_statistics	NA
6	0	TUE_02	TUE_02_06UL	n_contigs	385	both	phased_verkko	contig_statistics	NA
6	0	TUE_02	TUE_02_06UL	n_contigs_over_10mb	46	both	phased_verkko	contig_statistics	NA
1	1	TUE_02	TUE_02_01UL_01DX	length	2953024532	haplotype1	phased_verkko	asmstat	NA
1	1	TUE_02	TUE_02_01UL_01DX	ref_covered	0.8979	haplotype1	phased_verkko	asmstat	NA
1	1	TUE_02	TUE_02_01UL_01DX	asm_covered	0.964	haplotype1	phased_verkko	asmstat	NA
1	1	TUE_02	TUE_02_01UL_01DX	length	3048173290	haplotype2	phased_verkko	asmstat	NA
1	1	TUE_02	TUE_02_01UL_01DX	ref_covered	0.9332	haplotype2	phased_verkko	asmstat	NA
1	1	TUE_02	TUE_02_01UL_01DX	asm_covered	0.9698	haplotype2	phased_verkko	asmstat	NA
1	1	TUE_02	TUE_02_01UL_01DX	length	6108287926	both	phased_verkko	asmstat	NA
1	1	TUE_02	TUE_02_01UL_01DX	ref_covered	0.9606	both	phased_verkko	asmstat	NA
1	1	TUE_02	TUE_02_01UL_01DX	asm_covered	0.9668	both	phased_verkko	asmstat	NA
1	1	TUE_02	TUE_02_01UL_01DX	inter-chromosomal_misjoins	1	haplotype1	phased_verkko	misjoin	NA
1	1	TUE_02	TUE_02_01UL_01DX	intra-chromosomal_gaps	19	haplotype1	phased_verkko	misjoin	NA
1	1	TUE_02	TUE_02_01UL_01DX	candidate_inversions_in_the_middle	1	haplotype1	phased_verkko	misjoin	NA
1	1	TUE_02	TUE_02_01UL_01DX	candidate_inversions_at_contig_ends	0	haplotype1	phased_verkko	misjoin	NA
1	1	TUE_02	TUE_02_01UL_01DX	inter-chromosomal_misjoins	0	haplotype2	phased_verkko	misjoin	NA
1	1	TUE_02	TUE_02_01UL_01DX	intra-chromosomal_gaps	18	haplotype2	phased_verkko	misjoin	NA
1	1	TUE_02	TUE_02_01UL_01DX	candidate_inversions_in_the_middle	1	haplotype2	phased_verkko	misjoin	NA
1	1	TUE_02	TUE_02_01UL_01DX	candidate_inversions_at_contig_ends	3	haplotype2	phased_verkko	misjoin	NA
1	1	TUE_02	TUE_02_01UL_01DX	inter-chromosomal_misjoins	1	both	phased_verkko	misjoin	NA
1	1	TUE_02	TUE_02_01UL_01DX	intra-chromosomal_gaps	37	both	phased_verkko	misjoin	NA
1	1	TUE_02	TUE_02_01UL_01DX	candidate_inversions_in_the_middle	2	both	phased_verkko	misjoin	NA
1	1	TUE_02	TUE_02_01UL_01DX	candidate_inversions_at_contig_ends	3	both	phased_verkko	misjoin	NA
1	1	TUE_02	TUE_02_01UL_01DX	variants	377978	both	phased_verkko	whatshap_stats	chr1
1	1	TUE_02	TUE_02_01UL_01DX	blocks	1	both	phased_verkko	whatshap_stats	chr1
1	1	TUE_02	TUE_02_01UL_01DX	variants	358399	both	phased_verkko	whatshap_stats	chr2
1	1	TUE_02	TUE_02_01UL_01DX	blocks	1	both	phased_verkko	whatshap_stats	chr2
1	1	TUE_02	TUE_02_01UL_01DX	variants	304943	both	phased_verkko	whatshap_stats	chr3
1	1	TUE_02	TUE_02_01UL_01DX	blocks	1	both	phased_verkko	whatshap_stats	chr3
1	1	TUE_02	TUE_02_01UL_01DX	variants	329081	both	phased_verkko	whatshap_stats	chr4
1	1	TUE_02	TUE_02_01UL_01DX	blocks	1	both	phased_verkko	whatshap_stats	chr4
1	1	TUE_02	TUE_02_01UL_01DX	variants	273934	both	phased_verkko	whatshap_stats	chr5
1	1	TUE_02	TUE_02_01UL_01DX	blocks	1	both	phased_verkko	whatshap_stats	chr5
1	1	TUE_02	TUE_02_01UL_01DX	variants	289250	both	phased_verkko	whatshap_stats	chr6
1	1	TUE_02	TUE_02_01UL_01DX	blocks	1	both	phased_verkko	whatshap_stats	chr6
1	1	TUE_02	TUE_02_01UL_01DX	variants	277299	both	phased_verkko	whatshap_stats	chr7
1	1	TUE_02	TUE_02_01UL_01DX	blocks	1	both	phased_verkko	whatshap_stats	chr7
1	1	TUE_02	TUE_02_01UL_01DX	variants	130923	both	phased_verkko	whatshap_stats	chrX
1	1	TUE_02	TUE_02_01UL_01DX	blocks	1	both	phased_verkko	whatshap_stats	chrX
1	1	TUE_02	TUE_02_01UL_01DX	variants	232511	both	phased_verkko	whatshap_stats	chr9
1	1	TUE_02	TUE_02_01UL_01DX	blocks	1	both	phased_verkko	whatshap_stats	chr9
1	1	TUE_02	TUE_02_01UL_01DX	variants	239902	both	phased_verkko	whatshap_stats	chr8
1	1	TUE_02	TUE_02_01UL_01DX	blocks	1	both	phased_verkko	whatshap_stats	chr8
1	1	TUE_02	TUE_02_01UL_01DX	variants	268242	both	phased_verkko	whatshap_stats	chr11
1	1	TUE_02	TUE_02_01UL_01DX	blocks	1	both	phased_verkko	whatshap_stats	chr11
1	1	TUE_02	TUE_02_01UL_01DX	variants	219240	both	phased_verkko	whatshap_stats	chr10
1	1	TUE_02	TUE_02_01UL_01DX	blocks	1	both	phased_verkko	whatshap_stats	chr10
1	1	TUE_02	TUE_02_01UL_01DX	variants	206977	both	phased_verkko	whatshap_stats	chr12
1	1	TUE_02	TUE_02_01UL_01DX	blocks	1	both	phased_verkko	whatshap_stats	chr12
1	1	TUE_02	TUE_02_01UL_01DX	variants	167203	both	phased_verkko	whatshap_stats	chr13
1	1	TUE_02	TUE_02_01UL_01DX	blocks	1	both	phased_verkko	whatshap_stats	chr13
1	1	TUE_02	TUE_02_01UL_01DX	variants	204552	both	phased_verkko	whatshap_stats	chr14
1	1	TUE_02	TUE_02_01UL_01DX	blocks	1	both	phased_verkko	whatshap_stats	chr14
1	1	TUE_02	TUE_02_01UL_01DX	variants	198394	both	phased_verkko	whatshap_stats	chr15
1	1	TUE_02	TUE_02_01UL_01DX	blocks	1	both	phased_verkko	whatshap_stats	chr15
1	1	TUE_02	TUE_02_01UL_01DX	variants	191940	both	phased_verkko	whatshap_stats	chr16
1	1	TUE_02	TUE_02_01UL_01DX	blocks	1	both	phased_verkko	whatshap_stats	chr16
1	1	TUE_02	TUE_02_01UL_01DX	variants	154104	both	phased_verkko	whatshap_stats	chr17
1	1	TUE_02	TUE_02_01UL_01DX	blocks	1	both	phased_verkko	whatshap_stats	chr17
1	1	TUE_02	TUE_02_01UL_01DX	variants	133232	both	phased_verkko	whatshap_stats	chr18
1	1	TUE_02	TUE_02_01UL_01DX	blocks	1	both	phased_verkko	whatshap_stats	chr18
1	1	TUE_02	TUE_02_01UL_01DX	variants	123101	both	phased_verkko	whatshap_stats	chr20
1	1	TUE_02	TUE_02_01UL_01DX	blocks	1	both	phased_verkko	whatshap_stats	chr20
1	1	TUE_02	TUE_02_01UL_01DX	variants	121434	both	phased_verkko	whatshap_stats	chr19
1	1	TUE_02	TUE_02_01UL_01DX	blocks	1	both	phased_verkko	whatshap_stats	chr19
1	1	TUE_02	TUE_02_01UL_01DX	variants	142804	both	phased_verkko	whatshap_stats	chr22
1	1	TUE_02	TUE_02_01UL_01DX	blocks	1	both	phased_verkko	whatshap_stats	chr22
1	1	TUE_02	TUE_02_01UL_01DX	variants	110806	both	phased_verkko	whatshap_stats	chr21
1	1	TUE_02	TUE_02_01UL_01DX	blocks	1	both	phased_verkko	whatshap_stats	chr21
1	1	TUE_02	TUE_02_01UL_01DX	variants	5056249	both	phased_verkko	whatshap_stats	ALL
1	1	TUE_02	TUE_02_01UL_01DX	blocks	23	both	phased_verkko	whatshap_stats	ALL
1	1	TUE_02	TUE_02_01UL_01DX	qv	59.4759	haplotype1	phased_verkko	merqury	NA
1	1	TUE_02	TUE_02_01UL_01DX	qv	58.3625	haplotype2	phased_verkko	merqury	NA
1	1	TUE_02	TUE_02_01UL_01DX	qv	58.8748	both	phased_verkko	merqury	NA
1	1	TUE_02	TUE_02_01UL_01DX	n_T2T	9	haplotype1	phased_verkko	t2t_alignment	NA
1	1	TUE_02	TUE_02_01UL_01DX	n_T2T	11	haplotype2	phased_verkko	t2t_alignment	NA
1	1	TUE_02	TUE_02_01UL_01DX	n_T2T	20	both	phased_verkko	t2t_alignment	NA
1	1	TUE_02	TUE_02_01UL_01DX	n_T2T	8	haplotype1	phased_verkko	t2t_motif	NA
1	1	TUE_02	TUE_02_01UL_01DX	n_T2T	10	haplotype2	phased_verkko	t2t_motif	NA
1	1	TUE_02	TUE_02_01UL_01DX	n_T2T	19	both	phased_verkko	t2t_motif	NA
1	1	TUE_02	TUE_02_01UL_01DX	total_n_count	6350578	haplotype1	phased_verkko	gap_statistics	NA
1	1	TUE_02	TUE_02_01UL_01DX	total_gaps	177	haplotype1	phased_verkko	gap_statistics	NA
1	1	TUE_02	TUE_02_01UL_01DX	total_n_count	6077528	haplotype2	phased_verkko	gap_statistics	NA
1	1	TUE_02	TUE_02_01UL_01DX	total_gaps	179	haplotype2	phased_verkko	gap_statistics	NA
1	1	TUE_02	TUE_02_01UL_01DX	total_n_count	12428106	both	phased_verkko	gap_statistics	NA
1	1	TUE_02	TUE_02_01UL_01DX	total_gaps	356	both	phased_verkko	gap_statistics	NA
1	1	TUE_02	TUE_02_01UL_01DX	n_contigs	544	haplotype1	phased_verkko	contig_statistics	NA
1	1	TUE_02	TUE_02_01UL_01DX	n_contigs_over_10mb	28	haplotype1	phased_verkko	contig_statistics	NA
1	1	TUE_02	TUE_02_01UL_01DX	n_contigs	621	haplotype2	phased_verkko	contig_statistics	NA
1	1	TUE_02	TUE_02_01UL_01DX	n_contigs_over_10mb	26	haplotype2	phased_verkko	contig_statistics	NA
1	1	TUE_02	TUE_02_01UL_01DX	n_contigs	2911	both	phased_verkko	contig_statistics	NA
1	1	TUE_02	TUE_02_01UL_01DX	n_contigs_over_10mb	54	both	phased_verkko	contig_statistics	NA
2	1	TUE_02	TUE_02_02UL_01DX	length	2945025042	haplotype1	phased_verkko	asmstat	NA
2	1	TUE_02	TUE_02_02UL_01DX	ref_covered	0.8987	haplotype1	phased_verkko	asmstat	NA
2	1	TUE_02	TUE_02_02UL_01DX	asm_covered	0.9615	haplotype1	phased_verkko	asmstat	NA
2	1	TUE_02	TUE_02_02UL_01DX	length	3036214240	haplotype2	phased_verkko	asmstat	NA
2	1	TUE_02	TUE_02_02UL_01DX	ref_covered	0.9387	haplotype2	phased_verkko	asmstat	NA
2	1	TUE_02	TUE_02_02UL_01DX	asm_covered	0.9737	haplotype2	phased_verkko	asmstat	NA
2	1	TUE_02	TUE_02_02UL_01DX	length	6064640787	both	phased_verkko	asmstat	NA
2	1	TUE_02	TUE_02_02UL_01DX	ref_covered	0.9617	both	phased_verkko	asmstat	NA
2	1	TUE_02	TUE_02_02UL_01DX	asm_covered	0.9673	both	phased_verkko	asmstat	NA
2	1	TUE_02	TUE_02_02UL_01DX	inter-chromosomal_misjoins	1	haplotype1	phased_verkko	misjoin	NA
2	1	TUE_02	TUE_02_02UL_01DX	intra-chromosomal_gaps	11	haplotype1	phased_verkko	misjoin	NA
2	1	TUE_02	TUE_02_02UL_01DX	candidate_inversions_in_the_middle	2	haplotype1	phased_verkko	misjoin	NA
2	1	TUE_02	TUE_02_02UL_01DX	candidate_inversions_at_contig_ends	2	haplotype1	phased_verkko	misjoin	NA
2	1	TUE_02	TUE_02_02UL_01DX	inter-chromosomal_misjoins	0	haplotype2	phased_verkko	misjoin	NA
2	1	TUE_02	TUE_02_02UL_01DX	intra-chromosomal_gaps	6	haplotype2	phased_verkko	misjoin	NA
2	1	TUE_02	TUE_02_02UL_01DX	candidate_inversions_in_the_middle	3	haplotype2	phased_verkko	misjoin	NA
2	1	TUE_02	TUE_02_02UL_01DX	candidate_inversions_at_contig_ends	0	haplotype2	phased_verkko	misjoin	NA
2	1	TUE_02	TUE_02_02UL_01DX	inter-chromosomal_misjoins	1	both	phased_verkko	misjoin	NA
2	1	TUE_02	TUE_02_02UL_01DX	intra-chromosomal_gaps	17	both	phased_verkko	misjoin	NA
2	1	TUE_02	TUE_02_02UL_01DX	candidate_inversions_in_the_middle	5	both	phased_verkko	misjoin	NA
2	1	TUE_02	TUE_02_02UL_01DX	candidate_inversions_at_contig_ends	2	both	phased_verkko	misjoin	NA
2	1	TUE_02	TUE_02_02UL_01DX	variants	376440	both	phased_verkko	whatshap_stats	chr1
2	1	TUE_02	TUE_02_02UL_01DX	blocks	1	both	phased_verkko	whatshap_stats	chr1
2	1	TUE_02	TUE_02_02UL_01DX	variants	353868	both	phased_verkko	whatshap_stats	chr2
2	1	TUE_02	TUE_02_02UL_01DX	blocks	1	both	phased_verkko	whatshap_stats	chr2
2	1	TUE_02	TUE_02_02UL_01DX	variants	304386	both	phased_verkko	whatshap_stats	chr3
2	1	TUE_02	TUE_02_02UL_01DX	blocks	1	both	phased_verkko	whatshap_stats	chr3
2	1	TUE_02	TUE_02_02UL_01DX	variants	330767	both	phased_verkko	whatshap_stats	chr4
2	1	TUE_02	TUE_02_02UL_01DX	blocks	1	both	phased_verkko	whatshap_stats	chr4
2	1	TUE_02	TUE_02_02UL_01DX	variants	273507	both	phased_verkko	whatshap_stats	chr5
2	1	TUE_02	TUE_02_02UL_01DX	blocks	1	both	phased_verkko	whatshap_stats	chr5
2	1	TUE_02	TUE_02_02UL_01DX	variants	307623	both	phased_verkko	whatshap_stats	chr6
2	1	TUE_02	TUE_02_02UL_01DX	blocks	1	both	phased_verkko	whatshap_stats	chr6
2	1	TUE_02	TUE_02_02UL_01DX	variants	281350	both	phased_verkko	whatshap_stats	chr7
2	1	TUE_02	TUE_02_02UL_01DX	blocks	1	both	phased_verkko	whatshap_stats	chr7
2	1	TUE_02	TUE_02_02UL_01DX	variants	129362	both	phased_verkko	whatshap_stats	chrX
2	1	TUE_02	TUE_02_02UL_01DX	blocks	1	both	phased_verkko	whatshap_stats	chrX
2	1	TUE_02	TUE_02_02UL_01DX	variants	231507	both	phased_verkko	whatshap_stats	chr9
2	1	TUE_02	TUE_02_02UL_01DX	blocks	1	both	phased_verkko	whatshap_stats	chr9
2	1	TUE_02	TUE_02_02UL_01DX	variants	238954	both	phased_verkko	whatshap_stats	chr8
2	1	TUE_02	TUE_02_02UL_01DX	blocks	1	both	phased_verkko	whatshap_stats	chr8
2	1	TUE_02	TUE_02_02UL_01DX	variants	266282	both	phased_verkko	whatshap_stats	chr11
2	1	TUE_02	TUE_02_02UL_01DX	blocks	1	both	phased_verkko	whatshap_stats	chr11
2	1	TUE_02	TUE_02_02UL_01DX	variants	220427	both	phased_verkko	whatshap_stats	chr10
2	1	TUE_02	TUE_02_02UL_01DX	blocks	1	both	phased_verkko	whatshap_stats	chr10
2	1	TUE_02	TUE_02_02UL_01DX	variants	205057	both	phased_verkko	whatshap_stats	chr12
2	1	TUE_02	TUE_02_02UL_01DX	blocks	1	both	phased_verkko	whatshap_stats	chr12
2	1	TUE_02	TUE_02_02UL_01DX	variants	165964	both	phased_verkko	whatshap_stats	chr13
2	1	TUE_02	TUE_02_02UL_01DX	blocks	1	both	phased_verkko	whatshap_stats	chr13
2	1	TUE_02	TUE_02_02UL_01DX	variants	221123	both	phased_verkko	whatshap_stats	chr14
2	1	TUE_02	TUE_02_02UL_01DX	blocks	1	both	phased_verkko	whatshap_stats	chr14
2	1	TUE_02	TUE_02_02UL_01DX	variants	215301	both	phased_verkko	whatshap_stats	chr15
2	1	TUE_02	TUE_02_02UL_01DX	blocks	1	both	phased_verkko	whatshap_stats	chr15
2	1	TUE_02	TUE_02_02UL_01DX	variants	182747	both	phased_verkko	whatshap_stats	chr16
2	1	TUE_02	TUE_02_02UL_01DX	blocks	1	both	phased_verkko	whatshap_stats	chr16
2	1	TUE_02	TUE_02_02UL_01DX	variants	147124	both	phased_verkko	whatshap_stats	chr17
2	1	TUE_02	TUE_02_02UL_01DX	blocks	1	both	phased_verkko	whatshap_stats	chr17
2	1	TUE_02	TUE_02_02UL_01DX	variants	134258	both	phased_verkko	whatshap_stats	chr18
2	1	TUE_02	TUE_02_02UL_01DX	blocks	1	both	phased_verkko	whatshap_stats	chr18
2	1	TUE_02	TUE_02_02UL_01DX	variants	123332	both	phased_verkko	whatshap_stats	chr20
2	1	TUE_02	TUE_02_02UL_01DX	blocks	1	both	phased_verkko	whatshap_stats	chr20
2	1	TUE_02	TUE_02_02UL_01DX	variants	120945	both	phased_verkko	whatshap_stats	chr19
2	1	TUE_02	TUE_02_02UL_01DX	blocks	1	both	phased_verkko	whatshap_stats	chr19
2	1	TUE_02	TUE_02_02UL_01DX	variants	148184	both	phased_verkko	whatshap_stats	chr22
2	1	TUE_02	TUE_02_02UL_01DX	blocks	1	both	phased_verkko	whatshap_stats	chr22
2	1	TUE_02	TUE_02_02UL_01DX	variants	111571	both	phased_verkko	whatshap_stats	chr21
2	1	TUE_02	TUE_02_02UL_01DX	blocks	1	both	phased_verkko	whatshap_stats	chr21
2	1	TUE_02	TUE_02_02UL_01DX	variants	5090079	both	phased_verkko	whatshap_stats	ALL
2	1	TUE_02	TUE_02_02UL_01DX	blocks	23	both	phased_verkko	whatshap_stats	ALL
2	1	TUE_02	TUE_02_02UL_01DX	qv	63.0206	haplotype1	phased_verkko	merqury	NA
2	1	TUE_02	TUE_02_02UL_01DX	qv	62.5334	haplotype2	phased_verkko	merqury	NA
2	1	TUE_02	TUE_02_02UL_01DX	qv	62.7664	both	phased_verkko	merqury	NA
2	1	TUE_02	TUE_02_02UL_01DX	n_T2T	17	haplotype1	phased_verkko	t2t_alignment	NA
2	1	TUE_02	TUE_02_02UL_01DX	n_T2T	18	haplotype2	phased_verkko	t2t_alignment	NA
2	1	TUE_02	TUE_02_02UL_01DX	n_T2T	35	both	phased_verkko	t2t_alignment	NA
2	1	TUE_02	TUE_02_02UL_01DX	n_T2T	16	haplotype1	phased_verkko	t2t_motif	NA
2	1	TUE_02	TUE_02_02UL_01DX	n_T2T	17	haplotype2	phased_verkko	t2t_motif	NA
2	1	TUE_02	TUE_02_02UL_01DX	n_T2T	34	both	phased_verkko	t2t_motif	NA
2	1	TUE_02	TUE_02_02UL_01DX	total_n_count	1367450	haplotype1	phased_verkko	gap_statistics	NA
2	1	TUE_02	TUE_02_02UL_01DX	total_gaps	43	haplotype1	phased_verkko	gap_statistics	NA
2	1	TUE_02	TUE_02_02UL_01DX	total_n_count	300454	haplotype2	phased_verkko	gap_statistics	NA
2	1	TUE_02	TUE_02_02UL_01DX	total_gaps	32	haplotype2	phased_verkko	gap_statistics	NA
2	1	TUE_02	TUE_02_02UL_01DX	total_n_count	1667904	both	phased_verkko	gap_statistics	NA
2	1	TUE_02	TUE_02_02UL_01DX	total_gaps	75	both	phased_verkko	gap_statistics	NA
2	1	TUE_02	TUE_02_02UL_01DX	n_contigs	103	haplotype1	phased_verkko	contig_statistics	NA
2	1	TUE_02	TUE_02_02UL_01DX	n_contigs_over_10mb	23	haplotype1	phased_verkko	contig_statistics	NA
2	1	TUE_02	TUE_02_02UL_01DX	n_contigs	151	haplotype2	phased_verkko	contig_statistics	NA
2	1	TUE_02	TUE_02_02UL_01DX	n_contigs_over_10mb	23	haplotype2	phased_verkko	contig_statistics	NA
2	1	TUE_02	TUE_02_02UL_01DX	n_contigs	1155	both	phased_verkko	contig_statistics	NA
2	1	TUE_02	TUE_02_02UL_01DX	n_contigs_over_10mb	46	both	phased_verkko	contig_statistics	NA
3	1	TUE_02	TUE_02_03UL_01DX	length	2930732422	haplotype1	phased_verkko	asmstat	NA
3	1	TUE_02	TUE_02_03UL_01DX	ref_covered	0.8998999999999999	haplotype1	phased_verkko	asmstat	NA
3	1	TUE_02	TUE_02_03UL_01DX	asm_covered	0.9676	haplotype1	phased_verkko	asmstat	NA
3	1	TUE_02	TUE_02_03UL_01DX	length	3032621955	haplotype2	phased_verkko	asmstat	NA
3	1	TUE_02	TUE_02_03UL_01DX	ref_covered	0.9373	haplotype2	phased_verkko	asmstat	NA
3	1	TUE_02	TUE_02_03UL_01DX	asm_covered	0.971	haplotype2	phased_verkko	asmstat	NA
3	1	TUE_02	TUE_02_03UL_01DX	length	6015578606	both	phased_verkko	asmstat	NA
3	1	TUE_02	TUE_02_03UL_01DX	ref_covered	0.9618	both	phased_verkko	asmstat	NA
3	1	TUE_02	TUE_02_03UL_01DX	asm_covered	0.9692	both	phased_verkko	asmstat	NA
3	1	TUE_02	TUE_02_03UL_01DX	inter-chromosomal_misjoins	1	haplotype1	phased_verkko	misjoin	NA
3	1	TUE_02	TUE_02_03UL_01DX	intra-chromosomal_gaps	8	haplotype1	phased_verkko	misjoin	NA
3	1	TUE_02	TUE_02_03UL_01DX	candidate_inversions_in_the_middle	5	haplotype1	phased_verkko	misjoin	NA
3	1	TUE_02	TUE_02_03UL_01DX	candidate_inversions_at_contig_ends	0	haplotype1	phased_verkko	misjoin	NA
3	1	TUE_02	TUE_02_03UL_01DX	inter-chromosomal_misjoins	1	haplotype2	phased_verkko	misjoin	NA
3	1	TUE_02	TUE_02_03UL_01DX	intra-chromosomal_gaps	7	haplotype2	phased_verkko	misjoin	NA
3	1	TUE_02	TUE_02_03UL_01DX	candidate_inversions_in_the_middle	0	haplotype2	phased_verkko	misjoin	NA
3	1	TUE_02	TUE_02_03UL_01DX	candidate_inversions_at_contig_ends	2	haplotype2	phased_verkko	misjoin	NA
3	1	TUE_02	TUE_02_03UL_01DX	inter-chromosomal_misjoins	2	both	phased_verkko	misjoin	NA
3	1	TUE_02	TUE_02_03UL_01DX	intra-chromosomal_gaps	15	both	phased_verkko	misjoin	NA
3	1	TUE_02	TUE_02_03UL_01DX	candidate_inversions_in_the_middle	5	both	phased_verkko	misjoin	NA
3	1	TUE_02	TUE_02_03UL_01DX	candidate_inversions_at_contig_ends	2	both	phased_verkko	misjoin	NA
3	1	TUE_02	TUE_02_03UL_01DX	variants	376700	both	phased_verkko	whatshap_stats	chr1
3	1	TUE_02	TUE_02_03UL_01DX	blocks	1	both	phased_verkko	whatshap_stats	chr1
3	1	TUE_02	TUE_02_03UL_01DX	variants	353959	both	phased_verkko	whatshap_stats	chr2
3	1	TUE_02	TUE_02_03UL_01DX	blocks	1	both	phased_verkko	whatshap_stats	chr2
3	1	TUE_02	TUE_02_03UL_01DX	variants	304557	both	phased_verkko	whatshap_stats	chr3
3	1	TUE_02	TUE_02_03UL_01DX	blocks	1	both	phased_verkko	whatshap_stats	chr3
3	1	TUE_02	TUE_02_03UL_01DX	variants	330816	both	phased_verkko	whatshap_stats	chr4
3	1	TUE_02	TUE_02_03UL_01DX	blocks	1	both	phased_verkko	whatshap_stats	chr4
3	1	TUE_02	TUE_02_03UL_01DX	variants	273736	both	phased_verkko	whatshap_stats	chr5
3	1	TUE_02	TUE_02_03UL_01DX	blocks	1	both	phased_verkko	whatshap_stats	chr5
3	1	TUE_02	TUE_02_03UL_01DX	variants	306482	both	phased_verkko	whatshap_stats	chr6
3	1	TUE_02	TUE_02_03UL_01DX	blocks	1	both	phased_verkko	whatshap_stats	chr6
3	1	TUE_02	TUE_02_03UL_01DX	variants	281869	both	phased_verkko	whatshap_stats	chr7
3	1	TUE_02	TUE_02_03UL_01DX	blocks	1	both	phased_verkko	whatshap_stats	chr7
3	1	TUE_02	TUE_02_03UL_01DX	variants	129274	both	phased_verkko	whatshap_stats	chrX
3	1	TUE_02	TUE_02_03UL_01DX	blocks	1	both	phased_verkko	whatshap_stats	chrX
3	1	TUE_02	TUE_02_03UL_01DX	variants	234339	both	phased_verkko	whatshap_stats	chr9
3	1	TUE_02	TUE_02_03UL_01DX	blocks	1	both	phased_verkko	whatshap_stats	chr9
3	1	TUE_02	TUE_02_03UL_01DX	variants	238839	both	phased_verkko	whatshap_stats	chr8
3	1	TUE_02	TUE_02_03UL_01DX	blocks	1	both	phased_verkko	whatshap_stats	chr8
3	1	TUE_02	TUE_02_03UL_01DX	variants	275799	both	phased_verkko	whatshap_stats	chr11
3	1	TUE_02	TUE_02_03UL_01DX	blocks	1	both	phased_verkko	whatshap_stats	chr11
3	1	TUE_02	TUE_02_03UL_01DX	variants	220866	both	phased_verkko	whatshap_stats	chr10
3	1	TUE_02	TUE_02_03UL_01DX	blocks	1	both	phased_verkko	whatshap_stats	chr10
3	1	TUE_02	TUE_02_03UL_01DX	variants	205473	both	phased_verkko	whatshap_stats	chr12
3	1	TUE_02	TUE_02_03UL_01DX	blocks	1	both	phased_verkko	whatshap_stats	chr12
3	1	TUE_02	TUE_02_03UL_01DX	variants	163623	both	phased_verkko	whatshap_stats	chr13
3	1	TUE_02	TUE_02_03UL_01DX	blocks	1	both	phased_verkko	whatshap_stats	chr13
3	1	TUE_02	TUE_02_03UL_01DX	variants	213454	both	phased_verkko	whatshap_stats	chr14
3	1	TUE_02	TUE_02_03UL_01DX	blocks	1	both	phased_verkko	whatshap_stats	chr14
3	1	TUE_02	TUE_02_03UL_01DX	variants	222337	both	phased_verkko	whatshap_stats	chr15
3	1	TUE_02	TUE_02_03UL_01DX	blocks	1	both	phased_verkko	whatshap_stats	chr15
3	1	TUE_02	TUE_02_03UL_01DX	variants	183829	both	phased_verkko	whatshap_stats	chr16
3	1	TUE_02	TUE_02_03UL_01DX	blocks	1	both	phased_verkko	whatshap_stats	chr16
3	1	TUE_02	TUE_02_03UL_01DX	variants	150589	both	phased_verkko	whatshap_stats	chr17
3	1	TUE_02	TUE_02_03UL_01DX	blocks	1	both	phased_verkko	whatshap_stats	chr17
3	1	TUE_02	TUE_02_03UL_01DX	variants	136735	both	phased_verkko	whatshap_stats	chr18
3	1	TUE_02	TUE_02_03UL_01DX	blocks	1	both	phased_verkko	whatshap_stats	chr18
3	1	TUE_02	TUE_02_03UL_01DX	variants	123499	both	phased_verkko	whatshap_stats	chr20
3	1	TUE_02	TUE_02_03UL_01DX	blocks	1	both	phased_verkko	whatshap_stats	chr20
3	1	TUE_02	TUE_02_03UL_01DX	variants	121132	both	phased_verkko	whatshap_stats	chr19
3	1	TUE_02	TUE_02_03UL_01DX	blocks	1	both	phased_verkko	whatshap_stats	chr19
3	1	TUE_02	TUE_02_03UL_01DX	variants	150058	both	phased_verkko	whatshap_stats	chr22
3	1	TUE_02	TUE_02_03UL_01DX	blocks	1	both	phased_verkko	whatshap_stats	chr22
3	1	TUE_02	TUE_02_03UL_01DX	variants	112268	both	phased_verkko	whatshap_stats	chr21
3	1	TUE_02	TUE_02_03UL_01DX	blocks	1	both	phased_verkko	whatshap_stats	chr21
3	1	TUE_02	TUE_02_03UL_01DX	variants	5110233	both	phased_verkko	whatshap_stats	ALL
3	1	TUE_02	TUE_02_03UL_01DX	blocks	23	both	phased_verkko	whatshap_stats	ALL
3	1	TUE_02	TUE_02_03UL_01DX	qv	63.9352	haplotype1	phased_verkko	merqury	NA
3	1	TUE_02	TUE_02_03UL_01DX	qv	63.0509	haplotype2	phased_verkko	merqury	NA
3	1	TUE_02	TUE_02_03UL_01DX	qv	63.4631	both	phased_verkko	merqury	NA
3	1	TUE_02	TUE_02_03UL_01DX	n_T2T	19	haplotype1	phased_verkko	t2t_alignment	NA
3	1	TUE_02	TUE_02_03UL_01DX	n_T2T	17	haplotype2	phased_verkko	t2t_alignment	NA
3	1	TUE_02	TUE_02_03UL_01DX	n_T2T	36	both	phased_verkko	t2t_alignment	NA
3	1	TUE_02	TUE_02_03UL_01DX	n_T2T	18	haplotype1	phased_verkko	t2t_motif	NA
3	1	TUE_02	TUE_02_03UL_01DX	n_T2T	16	haplotype2	phased_verkko	t2t_motif	NA
3	1	TUE_02	TUE_02_03UL_01DX	n_T2T	35	both	phased_verkko	t2t_motif	NA
3	1	TUE_02	TUE_02_03UL_01DX	total_n_count	578382	haplotype1	phased_verkko	gap_statistics	NA
3	1	TUE_02	TUE_02_03UL_01DX	total_gaps	33	haplotype1	phased_verkko	gap_statistics	NA
3	1	TUE_02	TUE_02_03UL_01DX	total_n_count	865626	haplotype2	phased_verkko	gap_statistics	NA
3	1	TUE_02	TUE_02_03UL_01DX	total_gaps	36	haplotype2	phased_verkko	gap_statistics	NA
3	1	TUE_02	TUE_02_03UL_01DX	total_n_count	1444008	both	phased_verkko	gap_statistics	NA
3	1	TUE_02	TUE_02_03UL_01DX	total_gaps	69	both	phased_verkko	gap_statistics	NA
3	1	TUE_02	TUE_02_03UL_01DX	n_contigs	35	haplotype1	phased_verkko	contig_statistics	NA
3	1	TUE_02	TUE_02_03UL_01DX	n_contigs_over_10mb	23	haplotype1	phased_verkko	contig_statistics	NA
3	1	TUE_02	TUE_02_03UL_01DX	n_contigs	69	haplotype2	phased_verkko	contig_statistics	NA
3	1	TUE_02	TUE_02_03UL_01DX	n_contigs_over_10mb	23	haplotype2	phased_verkko	contig_statistics	NA
3	1	TUE_02	TUE_02_03UL_01DX	n_contigs	539	both	phased_verkko	contig_statistics	NA
3	1	TUE_02	TUE_02_03UL_01DX	n_contigs_over_10mb	46	both	phased_verkko	contig_statistics	NA
4	1	TUE_02	TUE_02_04UL_01DX	length	2932735337	haplotype1	phased_verkko	asmstat	NA
4	1	TUE_02	TUE_02_04UL_01DX	ref_covered	0.8981	haplotype1	phased_verkko	asmstat	NA
4	1	TUE_02	TUE_02_04UL_01DX	asm_covered	0.963	haplotype1	phased_verkko	asmstat	NA
4	1	TUE_02	TUE_02_04UL_01DX	length	3020334021	haplotype2	phased_verkko	asmstat	NA
4	1	TUE_02	TUE_02_04UL_01DX	ref_covered	0.938	haplotype2	phased_verkko	asmstat	NA
4	1	TUE_02	TUE_02_04UL_01DX	asm_covered	0.976	haplotype2	phased_verkko	asmstat	NA
4	1	TUE_02	TUE_02_04UL_01DX	length	6025341428	both	phased_verkko	asmstat	NA
4	1	TUE_02	TUE_02_04UL_01DX	ref_covered	0.9615	both	phased_verkko	asmstat	NA
4	1	TUE_02	TUE_02_04UL_01DX	asm_covered	0.9694	both	phased_verkko	asmstat	NA
4	1	TUE_02	TUE_02_04UL_01DX	inter-chromosomal_misjoins	1	haplotype1	phased_verkko	misjoin	NA
4	1	TUE_02	TUE_02_04UL_01DX	intra-chromosomal_gaps	8	haplotype1	phased_verkko	misjoin	NA
4	1	TUE_02	TUE_02_04UL_01DX	candidate_inversions_in_the_middle	2	haplotype1	phased_verkko	misjoin	NA
4	1	TUE_02	TUE_02_04UL_01DX	candidate_inversions_at_contig_ends	2	haplotype1	phased_verkko	misjoin	NA
4	1	TUE_02	TUE_02_04UL_01DX	inter-chromosomal_misjoins	1	haplotype2	phased_verkko	misjoin	NA
4	1	TUE_02	TUE_02_04UL_01DX	intra-chromosomal_gaps	7	haplotype2	phased_verkko	misjoin	NA
4	1	TUE_02	TUE_02_04UL_01DX	candidate_inversions_in_the_middle	3	haplotype2	phased_verkko	misjoin	NA
4	1	TUE_02	TUE_02_04UL_01DX	candidate_inversions_at_contig_ends	0	haplotype2	phased_verkko	misjoin	NA
4	1	TUE_02	TUE_02_04UL_01DX	inter-chromosomal_misjoins	2	both	phased_verkko	misjoin	NA
4	1	TUE_02	TUE_02_04UL_01DX	intra-chromosomal_gaps	15	both	phased_verkko	misjoin	NA
4	1	TUE_02	TUE_02_04UL_01DX	candidate_inversions_in_the_middle	5	both	phased_verkko	misjoin	NA
4	1	TUE_02	TUE_02_04UL_01DX	candidate_inversions_at_contig_ends	2	both	phased_verkko	misjoin	NA
4	1	TUE_02	TUE_02_04UL_01DX	variants	375402	both	phased_verkko	whatshap_stats	chr1
4	1	TUE_02	TUE_02_04UL_01DX	blocks	1	both	phased_verkko	whatshap_stats	chr1
4	1	TUE_02	TUE_02_04UL_01DX	variants	353205	both	phased_verkko	whatshap_stats	chr2
4	1	TUE_02	TUE_02_04UL_01DX	blocks	1	both	phased_verkko	whatshap_stats	chr2
4	1	TUE_02	TUE_02_04UL_01DX	variants	303962	both	phased_verkko	whatshap_stats	chr3
4	1	TUE_02	TUE_02_04UL_01DX	blocks	1	both	phased_verkko	whatshap_stats	chr3
4	1	TUE_02	TUE_02_04UL_01DX	variants	330417	both	phased_verkko	whatshap_stats	chr4
4	1	TUE_02	TUE_02_04UL_01DX	blocks	1	both	phased_verkko	whatshap_stats	chr4
4	1	TUE_02	TUE_02_04UL_01DX	variants	273054	both	phased_verkko	whatshap_stats	chr5
4	1	TUE_02	TUE_02_04UL_01DX	blocks	1	both	phased_verkko	whatshap_stats	chr5
4	1	TUE_02	TUE_02_04UL_01DX	variants	296934	both	phased_verkko	whatshap_stats	chr6
4	1	TUE_02	TUE_02_04UL_01DX	blocks	1	both	phased_verkko	whatshap_stats	chr6
4	1	TUE_02	TUE_02_04UL_01DX	variants	281190	both	phased_verkko	whatshap_stats	chr7
4	1	TUE_02	TUE_02_04UL_01DX	blocks	1	both	phased_verkko	whatshap_stats	chr7
4	1	TUE_02	TUE_02_04UL_01DX	variants	128503	both	phased_verkko	whatshap_stats	chrX
4	1	TUE_02	TUE_02_04UL_01DX	blocks	1	both	phased_verkko	whatshap_stats	chrX
4	1	TUE_02	TUE_02_04UL_01DX	variants	233772	both	phased_verkko	whatshap_stats	chr9
4	1	TUE_02	TUE_02_04UL_01DX	blocks	1	both	phased_verkko	whatshap_stats	chr9
4	1	TUE_02	TUE_02_04UL_01DX	variants	238270	both	phased_verkko	whatshap_stats	chr8
4	1	TUE_02	TUE_02_04UL_01DX	blocks	1	both	phased_verkko	whatshap_stats	chr8
4	1	TUE_02	TUE_02_04UL_01DX	variants	272668	both	phased_verkko	whatshap_stats	chr11
4	1	TUE_02	TUE_02_04UL_01DX	blocks	1	both	phased_verkko	whatshap_stats	chr11
4	1	TUE_02	TUE_02_04UL_01DX	variants	220209	both	phased_verkko	whatshap_stats	chr10
4	1	TUE_02	TUE_02_04UL_01DX	blocks	1	both	phased_verkko	whatshap_stats	chr10
4	1	TUE_02	TUE_02_04UL_01DX	variants	204154	both	phased_verkko	whatshap_stats	chr12
4	1	TUE_02	TUE_02_04UL_01DX	blocks	1	both	phased_verkko	whatshap_stats	chr12
4	1	TUE_02	TUE_02_04UL_01DX	variants	165122	both	phased_verkko	whatshap_stats	chr13
4	1	TUE_02	TUE_02_04UL_01DX	blocks	1	both	phased_verkko	whatshap_stats	chr13
4	1	TUE_02	TUE_02_04UL_01DX	variants	217465	both	phased_verkko	whatshap_stats	chr14
4	1	TUE_02	TUE_02_04UL_01DX	blocks	1	both	phased_verkko	whatshap_stats	chr14
4	1	TUE_02	TUE_02_04UL_01DX	variants	220507	both	phased_verkko	whatshap_stats	chr15
4	1	TUE_02	TUE_02_04UL_01DX	blocks	1	both	phased_verkko	whatshap_stats	chr15
4	1	TUE_02	TUE_02_04UL_01DX	variants	183390	both	phased_verkko	whatshap_stats	chr16
4	1	TUE_02	TUE_02_04UL_01DX	blocks	1	both	phased_verkko	whatshap_stats	chr16
4	1	TUE_02	TUE_02_04UL_01DX	variants	148281	both	phased_verkko	whatshap_stats	chr17
4	1	TUE_02	TUE_02_04UL_01DX	blocks	1	both	phased_verkko	whatshap_stats	chr17
4	1	TUE_02	TUE_02_04UL_01DX	variants	135777	both	phased_verkko	whatshap_stats	chr18
4	1	TUE_02	TUE_02_04UL_01DX	blocks	1	both	phased_verkko	whatshap_stats	chr18
4	1	TUE_02	TUE_02_04UL_01DX	variants	124850	both	phased_verkko	whatshap_stats	chr20
4	1	TUE_02	TUE_02_04UL_01DX	blocks	1	both	phased_verkko	whatshap_stats	chr20
4	1	TUE_02	TUE_02_04UL_01DX	variants	120505	both	phased_verkko	whatshap_stats	chr19
4	1	TUE_02	TUE_02_04UL_01DX	blocks	1	both	phased_verkko	whatshap_stats	chr19
4	1	TUE_02	TUE_02_04UL_01DX	variants	147479	both	phased_verkko	whatshap_stats	chr22
4	1	TUE_02	TUE_02_04UL_01DX	blocks	1	both	phased_verkko	whatshap_stats	chr22
4	1	TUE_02	TUE_02_04UL_01DX	variants	106213	both	phased_verkko	whatshap_stats	chr21
4	1	TUE_02	TUE_02_04UL_01DX	blocks	1	both	phased_verkko	whatshap_stats	chr21
4	1	TUE_02	TUE_02_04UL_01DX	variants	5081329	both	phased_verkko	whatshap_stats	ALL
4	1	TUE_02	TUE_02_04UL_01DX	blocks	23	both	phased_verkko	whatshap_stats	ALL
4	1	TUE_02	TUE_02_04UL_01DX	qv	64.4331	haplotype1	phased_verkko	merqury	NA
4	1	TUE_02	TUE_02_04UL_01DX	qv	62.3435	haplotype2	phased_verkko	merqury	NA
4	1	TUE_02	TUE_02_04UL_01DX	qv	63.2487	both	phased_verkko	merqury	NA
4	1	TUE_02	TUE_02_04UL_01DX	n_T2T	18	haplotype1	phased_verkko	t2t_alignment	NA
4	1	TUE_02	TUE_02_04UL_01DX	n_T2T	17	haplotype2	phased_verkko	t2t_alignment	NA
4	1	TUE_02	TUE_02_04UL_01DX	n_T2T	35	both	phased_verkko	t2t_alignment	NA
4	1	TUE_02	TUE_02_04UL_01DX	n_T2T	17	haplotype1	phased_verkko	t2t_motif	NA
4	1	TUE_02	TUE_02_04UL_01DX	n_T2T	16	haplotype2	phased_verkko	t2t_motif	NA
4	1	TUE_02	TUE_02_04UL_01DX	n_T2T	34	both	phased_verkko	t2t_motif	NA
4	1	TUE_02	TUE_02_04UL_01DX	total_n_count	820038	haplotype1	phased_verkko	gap_statistics	NA
4	1	TUE_02	TUE_02_04UL_01DX	total_gaps	18	haplotype1	phased_verkko	gap_statistics	NA
4	1	TUE_02	TUE_02_04UL_01DX	total_n_count	534000	haplotype2	phased_verkko	gap_statistics	NA
4	1	TUE_02	TUE_02_04UL_01DX	total_gaps	17	haplotype2	phased_verkko	gap_statistics	NA
4	1	TUE_02	TUE_02_04UL_01DX	total_n_count	1354038	both	phased_verkko	gap_statistics	NA
4	1	TUE_02	TUE_02_04UL_01DX	total_gaps	35	both	phased_verkko	gap_statistics	NA
4	1	TUE_02	TUE_02_04UL_01DX	n_contigs	35	haplotype1	phased_verkko	contig_statistics	NA
4	1	TUE_02	TUE_02_04UL_01DX	n_contigs_over_10mb	23	haplotype1	phased_verkko	contig_statistics	NA
4	1	TUE_02	TUE_02_04UL_01DX	n_contigs	38	haplotype2	phased_verkko	contig_statistics	NA
4	1	TUE_02	TUE_02_04UL_01DX	n_contigs_over_10mb	23	haplotype2	phased_verkko	contig_statistics	NA
4	1	TUE_02	TUE_02_04UL_01DX	n_contigs	630	both	phased_verkko	contig_statistics	NA
4	1	TUE_02	TUE_02_04UL_01DX	n_contigs_over_10mb	46	both	phased_verkko	contig_statistics	NA
5	1	TUE_02	TUE_02_05UL_01DX	length	2927056626	haplotype1	phased_verkko	asmstat	NA
5	1	TUE_02	TUE_02_05UL_01DX	ref_covered	0.902	haplotype1	phased_verkko	asmstat	NA
5	1	TUE_02	TUE_02_05UL_01DX	asm_covered	0.9695	haplotype1	phased_verkko	asmstat	NA
5	1	TUE_02	TUE_02_05UL_01DX	length	3024263107	haplotype2	phased_verkko	asmstat	NA
5	1	TUE_02	TUE_02_05UL_01DX	ref_covered	0.9348	haplotype2	phased_verkko	asmstat	NA
5	1	TUE_02	TUE_02_05UL_01DX	asm_covered	0.9712	haplotype2	phased_verkko	asmstat	NA
5	1	TUE_02	TUE_02_05UL_01DX	length	5987404335	both	phased_verkko	asmstat	NA
5	1	TUE_02	TUE_02_05UL_01DX	ref_covered	0.9613	both	phased_verkko	asmstat	NA
5	1	TUE_02	TUE_02_05UL_01DX	asm_covered	0.9699	both	phased_verkko	asmstat	NA
5	1	TUE_02	TUE_02_05UL_01DX	inter-chromosomal_misjoins	1	haplotype1	phased_verkko	misjoin	NA
5	1	TUE_02	TUE_02_05UL_01DX	intra-chromosomal_gaps	7	haplotype1	phased_verkko	misjoin	NA
5	1	TUE_02	TUE_02_05UL_01DX	candidate_inversions_in_the_middle	4	haplotype1	phased_verkko	misjoin	NA
5	1	TUE_02	TUE_02_05UL_01DX	candidate_inversions_at_contig_ends	0	haplotype1	phased_verkko	misjoin	NA
5	1	TUE_02	TUE_02_05UL_01DX	inter-chromosomal_misjoins	1	haplotype2	phased_verkko	misjoin	NA
5	1	TUE_02	TUE_02_05UL_01DX	intra-chromosomal_gaps	9	haplotype2	phased_verkko	misjoin	NA
5	1	TUE_02	TUE_02_05UL_01DX	candidate_inversions_in_the_middle	1	haplotype2	phased_verkko	misjoin	NA
5	1	TUE_02	TUE_02_05UL_01DX	candidate_inversions_at_contig_ends	2	haplotype2	phased_verkko	misjoin	NA
5	1	TUE_02	TUE_02_05UL_01DX	inter-chromosomal_misjoins	2	both	phased_verkko	misjoin	NA
5	1	TUE_02	TUE_02_05UL_01DX	intra-chromosomal_gaps	16	both	phased_verkko	misjoin	NA
5	1	TUE_02	TUE_02_05UL_01DX	candidate_inversions_in_the_middle	5	both	phased_verkko	misjoin	NA
5	1	TUE_02	TUE_02_05UL_01DX	candidate_inversions_at_contig_ends	2	both	phased_verkko	misjoin	NA
5	1	TUE_02	TUE_02_05UL_01DX	variants	376320	both	phased_verkko	whatshap_stats	chr1
5	1	TUE_02	TUE_02_05UL_01DX	blocks	1	both	phased_verkko	whatshap_stats	chr1
5	1	TUE_02	TUE_02_05UL_01DX	variants	353274	both	phased_verkko	whatshap_stats	chr2
5	1	TUE_02	TUE_02_05UL_01DX	blocks	1	both	phased_verkko	whatshap_stats	chr2
5	1	TUE_02	TUE_02_05UL_01DX	variants	304005	both	phased_verkko	whatshap_stats	chr3
5	1	TUE_02	TUE_02_05UL_01DX	blocks	1	both	phased_verkko	whatshap_stats	chr3
5	1	TUE_02	TUE_02_05UL_01DX	variants	330480	both	phased_verkko	whatshap_stats	chr4
5	1	TUE_02	TUE_02_05UL_01DX	blocks	1	both	phased_verkko	whatshap_stats	chr4
5	1	TUE_02	TUE_02_05UL_01DX	variants	273190	both	phased_verkko	whatshap_stats	chr5
5	1	TUE_02	TUE_02_05UL_01DX	blocks	1	both	phased_verkko	whatshap_stats	chr5
5	1	TUE_02	TUE_02_05UL_01DX	variants	305931	both	phased_verkko	whatshap_stats	chr6
5	1	TUE_02	TUE_02_05UL_01DX	blocks	1	both	phased_verkko	whatshap_stats	chr6
5	1	TUE_02	TUE_02_05UL_01DX	variants	281483	both	phased_verkko	whatshap_stats	chr7
5	1	TUE_02	TUE_02_05UL_01DX	blocks	1	both	phased_verkko	whatshap_stats	chr7
5	1	TUE_02	TUE_02_05UL_01DX	variants	128454	both	phased_verkko	whatshap_stats	chrX
5	1	TUE_02	TUE_02_05UL_01DX	blocks	1	both	phased_verkko	whatshap_stats	chrX
5	1	TUE_02	TUE_02_05UL_01DX	variants	231368	both	phased_verkko	whatshap_stats	chr9
5	1	TUE_02	TUE_02_05UL_01DX	blocks	1	both	phased_verkko	whatshap_stats	chr9
5	1	TUE_02	TUE_02_05UL_01DX	variants	238334	both	phased_verkko	whatshap_stats	chr8
5	1	TUE_02	TUE_02_05UL_01DX	blocks	1	both	phased_verkko	whatshap_stats	chr8
5	1	TUE_02	TUE_02_05UL_01DX	variants	276944	both	phased_verkko	whatshap_stats	chr11
5	1	TUE_02	TUE_02_05UL_01DX	blocks	1	both	phased_verkko	whatshap_stats	chr11
5	1	TUE_02	TUE_02_05UL_01DX	variants	220238	both	phased_verkko	whatshap_stats	chr10
5	1	TUE_02	TUE_02_05UL_01DX	blocks	1	both	phased_verkko	whatshap_stats	chr10
5	1	TUE_02	TUE_02_05UL_01DX	variants	205025	both	phased_verkko	whatshap_stats	chr12
5	1	TUE_02	TUE_02_05UL_01DX	blocks	1	both	phased_verkko	whatshap_stats	chr12
5	1	TUE_02	TUE_02_05UL_01DX	variants	167078	both	phased_verkko	whatshap_stats	chr13
5	1	TUE_02	TUE_02_05UL_01DX	blocks	1	both	phased_verkko	whatshap_stats	chr13
5	1	TUE_02	TUE_02_05UL_01DX	variants	216540	both	phased_verkko	whatshap_stats	chr14
5	1	TUE_02	TUE_02_05UL_01DX	blocks	1	both	phased_verkko	whatshap_stats	chr14
5	1	TUE_02	TUE_02_05UL_01DX	variants	220053	both	phased_verkko	whatshap_stats	chr15
5	1	TUE_02	TUE_02_05UL_01DX	blocks	1	both	phased_verkko	whatshap_stats	chr15
5	1	TUE_02	TUE_02_05UL_01DX	variants	183570	both	phased_verkko	whatshap_stats	chr16
5	1	TUE_02	TUE_02_05UL_01DX	blocks	1	both	phased_verkko	whatshap_stats	chr16
5	1	TUE_02	TUE_02_05UL_01DX	variants	148479	both	phased_verkko	whatshap_stats	chr17
5	1	TUE_02	TUE_02_05UL_01DX	blocks	1	both	phased_verkko	whatshap_stats	chr17
5	1	TUE_02	TUE_02_05UL_01DX	variants	132804	both	phased_verkko	whatshap_stats	chr18
5	1	TUE_02	TUE_02_05UL_01DX	blocks	1	both	phased_verkko	whatshap_stats	chr18
5	1	TUE_02	TUE_02_05UL_01DX	variants	125037	both	phased_verkko	whatshap_stats	chr20
5	1	TUE_02	TUE_02_05UL_01DX	blocks	1	both	phased_verkko	whatshap_stats	chr20
5	1	TUE_02	TUE_02_05UL_01DX	variants	120203	both	phased_verkko	whatshap_stats	chr19
5	1	TUE_02	TUE_02_05UL_01DX	blocks	1	both	phased_verkko	whatshap_stats	chr19
5	1	TUE_02	TUE_02_05UL_01DX	variants	146328	both	phased_verkko	whatshap_stats	chr22
5	1	TUE_02	TUE_02_05UL_01DX	blocks	1	both	phased_verkko	whatshap_stats	chr22
5	1	TUE_02	TUE_02_05UL_01DX	variants	111729	both	phased_verkko	whatshap_stats	chr21
5	1	TUE_02	TUE_02_05UL_01DX	blocks	1	both	phased_verkko	whatshap_stats	chr21
5	1	TUE_02	TUE_02_05UL_01DX	variants	5096867	both	phased_verkko	whatshap_stats	ALL
5	1	TUE_02	TUE_02_05UL_01DX	blocks	23	both	phased_verkko	whatshap_stats	ALL
5	1	TUE_02	TUE_02_05UL_01DX	qv	63.9195	haplotype1	phased_verkko	merqury	NA
5	1	TUE_02	TUE_02_05UL_01DX	qv	63.8079	haplotype2	phased_verkko	merqury	NA
5	1	TUE_02	TUE_02_05UL_01DX	qv	63.8625	both	phased_verkko	merqury	NA
5	1	TUE_02	TUE_02_05UL_01DX	n_T2T	15	haplotype1	phased_verkko	t2t_alignment	NA
5	1	TUE_02	TUE_02_05UL_01DX	n_T2T	0	haplotype2	phased_verkko	t2t_alignment	NA
5	1	TUE_02	TUE_02_05UL_01DX	n_T2T	0	both	phased_verkko	t2t_alignment	NA
5	1	TUE_02	TUE_02_05UL_01DX	n_T2T	14	haplotype1	phased_verkko	t2t_motif	NA
5	1	TUE_02	TUE_02_05UL_01DX	n_T2T	0	haplotype2	phased_verkko	t2t_motif	NA
5	1	TUE_02	TUE_02_05UL_01DX	n_T2T	0	both	phased_verkko	t2t_motif	NA
5	1	TUE_02	TUE_02_05UL_01DX	total_n_count	398372	haplotype1	phased_verkko	gap_statistics	NA
5	1	TUE_02	TUE_02_05UL_01DX	total_gaps	13	haplotype1	phased_verkko	gap_statistics	NA
5	1	TUE_02	TUE_02_05UL_01DX	total_n_count	540500	haplotype2	phased_verkko	gap_statistics	NA
5	1	TUE_02	TUE_02_05UL_01DX	total_gaps	12	haplotype2	phased_verkko	gap_statistics	NA
5	1	TUE_02	TUE_02_05UL_01DX	total_n_count	938872	both	phased_verkko	gap_statistics	NA
5	1	TUE_02	TUE_02_05UL_01DX	total_gaps	25	both	phased_verkko	gap_statistics	NA
5	1	TUE_02	TUE_02_05UL_01DX	n_contigs	69	haplotype1	phased_verkko	contig_statistics	NA
5	1	TUE_02	TUE_02_05UL_01DX	n_contigs_over_10mb	23	haplotype1	phased_verkko	contig_statistics	NA
5	1	TUE_02	TUE_02_05UL_01DX	n_contigs	36	haplotype2	phased_verkko	contig_statistics	NA
5	1	TUE_02	TUE_02_05UL_01DX	n_contigs_over_10mb	23	haplotype2	phased_verkko	contig_statistics	NA
5	1	TUE_02	TUE_02_05UL_01DX	n_contigs	409	both	phased_verkko	contig_statistics	NA
5	1	TUE_02	TUE_02_05UL_01DX	n_contigs_over_10mb	46	both	phased_verkko	contig_statistics	NA
6	1	TUE_02	TUE_02_06UL_01DX	length	2926827494	haplotype1	phased_verkko	asmstat	NA
6	1	TUE_02	TUE_02_06UL_01DX	ref_covered	0.8992	haplotype1	phased_verkko	asmstat	NA
6	1	TUE_02	TUE_02_06UL_01DX	asm_covered	0.9672	haplotype1	phased_verkko	asmstat	NA
6	1	TUE_02	TUE_02_06UL_01DX	length	3031963848	haplotype2	phased_verkko	asmstat	NA
6	1	TUE_02	TUE_02_06UL_01DX	ref_covered	0.9383	haplotype2	phased_verkko	asmstat	NA
6	1	TUE_02	TUE_02_06UL_01DX	asm_covered	0.9728	haplotype2	phased_verkko	asmstat	NA
6	1	TUE_02	TUE_02_06UL_01DX	length	5995636424	both	phased_verkko	asmstat	NA
6	1	TUE_02	TUE_02_06UL_01DX	ref_covered	0.9614	both	phased_verkko	asmstat	NA
6	1	TUE_02	TUE_02_06UL_01DX	asm_covered	0.9698	both	phased_verkko	asmstat	NA
6	1	TUE_02	TUE_02_06UL_01DX	inter-chromosomal_misjoins	1	haplotype1	phased_verkko	misjoin	NA
6	1	TUE_02	TUE_02_06UL_01DX	intra-chromosomal_gaps	7	haplotype1	phased_verkko	misjoin	NA
6	1	TUE_02	TUE_02_06UL_01DX	candidate_inversions_in_the_middle	2	haplotype1	phased_verkko	misjoin	NA
6	1	TUE_02	TUE_02_06UL_01DX	candidate_inversions_at_contig_ends	2	haplotype1	phased_verkko	misjoin	NA
6	1	TUE_02	TUE_02_06UL_01DX	inter-chromosomal_misjoins	1	haplotype2	phased_verkko	misjoin	NA
6	1	TUE_02	TUE_02_06UL_01DX	intra-chromosomal_gaps	9	haplotype2	phased_verkko	misjoin	NA
6	1	TUE_02	TUE_02_06UL_01DX	candidate_inversions_in_the_middle	3	haplotype2	phased_verkko	misjoin	NA
6	1	TUE_02	TUE_02_06UL_01DX	candidate_inversions_at_contig_ends	0	haplotype2	phased_verkko	misjoin	NA
6	1	TUE_02	TUE_02_06UL_01DX	inter-chromosomal_misjoins	2	both	phased_verkko	misjoin	NA
6	1	TUE_02	TUE_02_06UL_01DX	intra-chromosomal_gaps	16	both	phased_verkko	misjoin	NA
6	1	TUE_02	TUE_02_06UL_01DX	candidate_inversions_in_the_middle	5	both	phased_verkko	misjoin	NA
6	1	TUE_02	TUE_02_06UL_01DX	candidate_inversions_at_contig_ends	2	both	phased_verkko	misjoin	NA
6	1	TUE_02	TUE_02_06UL_01DX	variants	376712	both	phased_verkko	whatshap_stats	chr1
6	1	TUE_02	TUE_02_06UL_01DX	blocks	1	both	phased_verkko	whatshap_stats	chr1
6	1	TUE_02	TUE_02_06UL_01DX	variants	352814	both	phased_verkko	whatshap_stats	chr2
6	1	TUE_02	TUE_02_06UL_01DX	blocks	1	both	phased_verkko	whatshap_stats	chr2
6	1	TUE_02	TUE_02_06UL_01DX	variants	303662	both	phased_verkko	whatshap_stats	chr3
6	1	TUE_02	TUE_02_06UL_01DX	blocks	1	both	phased_verkko	whatshap_stats	chr3
6	1	TUE_02	TUE_02_06UL_01DX	variants	330818	both	phased_verkko	whatshap_stats	chr4
6	1	TUE_02	TUE_02_06UL_01DX	blocks	1	both	phased_verkko	whatshap_stats	chr4
6	1	TUE_02	TUE_02_06UL_01DX	variants	272826	both	phased_verkko	whatshap_stats	chr5
6	1	TUE_02	TUE_02_06UL_01DX	blocks	1	both	phased_verkko	whatshap_stats	chr5
6	1	TUE_02	TUE_02_06UL_01DX	variants	305704	both	phased_verkko	whatshap_stats	chr6
6	1	TUE_02	TUE_02_06UL_01DX	blocks	1	both	phased_verkko	whatshap_stats	chr6
6	1	TUE_02	TUE_02_06UL_01DX	variants	281228	both	phased_verkko	whatshap_stats	chr7
6	1	TUE_02	TUE_02_06UL_01DX	blocks	1	both	phased_verkko	whatshap_stats	chr7
6	1	TUE_02	TUE_02_06UL_01DX	variants	128047	both	phased_verkko	whatshap_stats	chrX
6	1	TUE_02	TUE_02_06UL_01DX	blocks	1	both	phased_verkko	whatshap_stats	chrX
6	1	TUE_02	TUE_02_06UL_01DX	variants	233328	both	phased_verkko	whatshap_stats	chr9
6	1	TUE_02	TUE_02_06UL_01DX	blocks	1	both	phased_verkko	whatshap_stats	chr9
6	1	TUE_02	TUE_02_06UL_01DX	variants	238252	both	phased_verkko	whatshap_stats	chr8
6	1	TUE_02	TUE_02_06UL_01DX	blocks	1	both	phased_verkko	whatshap_stats	chr8
6	1	TUE_02	TUE_02_06UL_01DX	variants	274649	both	phased_verkko	whatshap_stats	chr11
6	1	TUE_02	TUE_02_06UL_01DX	blocks	1	both	phased_verkko	whatshap_stats	chr11
6	1	TUE_02	TUE_02_06UL_01DX	variants	219982	both	phased_verkko	whatshap_stats	chr10
6	1	TUE_02	TUE_02_06UL_01DX	blocks	1	both	phased_verkko	whatshap_stats	chr10
6	1	TUE_02	TUE_02_06UL_01DX	variants	204671	both	phased_verkko	whatshap_stats	chr12
6	1	TUE_02	TUE_02_06UL_01DX	blocks	1	both	phased_verkko	whatshap_stats	chr12
6	1	TUE_02	TUE_02_06UL_01DX	variants	166958	both	phased_verkko	whatshap_stats	chr13
6	1	TUE_02	TUE_02_06UL_01DX	blocks	1	both	phased_verkko	whatshap_stats	chr13
6	1	TUE_02	TUE_02_06UL_01DX	variants	214944	both	phased_verkko	whatshap_stats	chr14
6	1	TUE_02	TUE_02_06UL_01DX	blocks	1	both	phased_verkko	whatshap_stats	chr14
6	1	TUE_02	TUE_02_06UL_01DX	variants	220601	both	phased_verkko	whatshap_stats	chr15
6	1	TUE_02	TUE_02_06UL_01DX	blocks	1	both	phased_verkko	whatshap_stats	chr15
6	1	TUE_02	TUE_02_06UL_01DX	variants	183394	both	phased_verkko	whatshap_stats	chr16
6	1	TUE_02	TUE_02_06UL_01DX	blocks	1	both	phased_verkko	whatshap_stats	chr16
6	1	TUE_02	TUE_02_06UL_01DX	variants	148313	both	phased_verkko	whatshap_stats	chr17
6	1	TUE_02	TUE_02_06UL_01DX	blocks	1	both	phased_verkko	whatshap_stats	chr17
6	1	TUE_02	TUE_02_06UL_01DX	variants	133986	both	phased_verkko	whatshap_stats	chr18
6	1	TUE_02	TUE_02_06UL_01DX	blocks	1	both	phased_verkko	whatshap_stats	chr18
6	1	TUE_02	TUE_02_06UL_01DX	variants	124680	both	phased_verkko	whatshap_stats	chr20
6	1	TUE_02	TUE_02_06UL_01DX	blocks	1	both	phased_verkko	whatshap_stats	chr20
6	1	TUE_02	TUE_02_06UL_01DX	variants	120287	both	phased_verkko	whatshap_stats	chr19
6	1	TUE_02	TUE_02_06UL_01DX	blocks	1	both	phased_verkko	whatshap_stats	chr19
6	1	TUE_02	TUE_02_06UL_01DX	variants	144690	both	phased_verkko	whatshap_stats	chr22
6	1	TUE_02	TUE_02_06UL_01DX	blocks	1	both	phased_verkko	whatshap_stats	chr22
6	1	TUE_02	TUE_02_06UL_01DX	variants	112092	both	phased_verkko	whatshap_stats	chr21
6	1	TUE_02	TUE_02_06UL_01DX	blocks	1	both	phased_verkko	whatshap_stats	chr21
6	1	TUE_02	TUE_02_06UL_01DX	variants	5092638	both	phased_verkko	whatshap_stats	ALL
6	1	TUE_02	TUE_02_06UL_01DX	blocks	23	both	phased_verkko	whatshap_stats	ALL
6	1	TUE_02	TUE_02_06UL_01DX	qv	64.5602	haplotype1	phased_verkko	merqury	NA
6	1	TUE_02	TUE_02_06UL_01DX	qv	63.8197	haplotype2	phased_verkko	merqury	NA
6	1	TUE_02	TUE_02_06UL_01DX	qv	64.1677	both	phased_verkko	merqury	NA
6	1	TUE_02	TUE_02_06UL_01DX	n_T2T	18	haplotype1	phased_verkko	t2t_alignment	NA
6	1	TUE_02	TUE_02_06UL_01DX	n_T2T	0	haplotype2	phased_verkko	t2t_alignment	NA
6	1	TUE_02	TUE_02_06UL_01DX	n_T2T	0	both	phased_verkko	t2t_alignment	NA
6	1	TUE_02	TUE_02_06UL_01DX	n_T2T	17	haplotype1	phased_verkko	t2t_motif	NA
6	1	TUE_02	TUE_02_06UL_01DX	n_T2T	0	haplotype2	phased_verkko	t2t_motif	NA
6	1	TUE_02	TUE_02_06UL_01DX	n_T2T	0	both	phased_verkko	t2t_motif	NA
6	1	TUE_02	TUE_02_06UL_01DX	total_n_count	226247	haplotype1	phased_verkko	gap_statistics	NA
6	1	TUE_02	TUE_02_06UL_01DX	total_gaps	6	haplotype1	phased_verkko	gap_statistics	NA
6	1	TUE_02	TUE_02_06UL_01DX	total_n_count	621863	haplotype2	phased_verkko	gap_statistics	NA
6	1	TUE_02	TUE_02_06UL_01DX	total_gaps	14	haplotype2	phased_verkko	gap_statistics	NA
6	1	TUE_02	TUE_02_06UL_01DX	total_n_count	848110	both	phased_verkko	gap_statistics	NA
6	1	TUE_02	TUE_02_06UL_01DX	total_gaps	20	both	phased_verkko	gap_statistics	NA
6	1	TUE_02	TUE_02_06UL_01DX	n_contigs	91	haplotype1	phased_verkko	contig_statistics	NA
6	1	TUE_02	TUE_02_06UL_01DX	n_contigs_over_10mb	23	haplotype1	phased_verkko	contig_statistics	NA
6	1	TUE_02	TUE_02_06UL_01DX	n_contigs	65	haplotype2	phased_verkko	contig_statistics	NA
6	1	TUE_02	TUE_02_06UL_01DX	n_contigs_over_10mb	23	haplotype2	phased_verkko	contig_statistics	NA
6	1	TUE_02	TUE_02_06UL_01DX	n_contigs	460	both	phased_verkko	contig_statistics	NA
6	1	TUE_02	TUE_02_06UL_01DX	n_contigs_over_10mb	46	both	phased_verkko	contig_statistics	NA
1	2	TUE_02	TUE_02_01UL_02DX	length	2902876264	haplotype1	phased_verkko	asmstat	NA
1	2	TUE_02	TUE_02_01UL_02DX	ref_covered	0.8918	haplotype1	phased_verkko	asmstat	NA
1	2	TUE_02	TUE_02_01UL_02DX	asm_covered	0.9718	haplotype1	phased_verkko	asmstat	NA
1	2	TUE_02	TUE_02_01UL_02DX	length	3085205730	haplotype2	phased_verkko	asmstat	NA
1	2	TUE_02	TUE_02_01UL_02DX	ref_covered	0.9368	haplotype2	phased_verkko	asmstat	NA
1	2	TUE_02	TUE_02_01UL_02DX	asm_covered	0.9658	haplotype2	phased_verkko	asmstat	NA
1	2	TUE_02	TUE_02_01UL_02DX	length	6106088826	both	phased_verkko	asmstat	NA
1	2	TUE_02	TUE_02_01UL_02DX	ref_covered	0.9603	both	phased_verkko	asmstat	NA
1	2	TUE_02	TUE_02_01UL_02DX	asm_covered	0.967	both	phased_verkko	asmstat	NA
1	2	TUE_02	TUE_02_01UL_02DX	inter-chromosomal_misjoins	0	haplotype1	phased_verkko	misjoin	NA
1	2	TUE_02	TUE_02_01UL_02DX	intra-chromosomal_gaps	12	haplotype1	phased_verkko	misjoin	NA
1	2	TUE_02	TUE_02_01UL_02DX	candidate_inversions_in_the_middle	3	haplotype1	phased_verkko	misjoin	NA
1	2	TUE_02	TUE_02_01UL_02DX	candidate_inversions_at_contig_ends	0	haplotype1	phased_verkko	misjoin	NA
1	2	TUE_02	TUE_02_01UL_02DX	inter-chromosomal_misjoins	1	haplotype2	phased_verkko	misjoin	NA
1	2	TUE_02	TUE_02_01UL_02DX	intra-chromosomal_gaps	22	haplotype2	phased_verkko	misjoin	NA
1	2	TUE_02	TUE_02_01UL_02DX	candidate_inversions_in_the_middle	0	haplotype2	phased_verkko	misjoin	NA
1	2	TUE_02	TUE_02_01UL_02DX	candidate_inversions_at_contig_ends	2	haplotype2	phased_verkko	misjoin	NA
1	2	TUE_02	TUE_02_01UL_02DX	inter-chromosomal_misjoins	1	both	phased_verkko	misjoin	NA
1	2	TUE_02	TUE_02_01UL_02DX	intra-chromosomal_gaps	34	both	phased_verkko	misjoin	NA
1	2	TUE_02	TUE_02_01UL_02DX	candidate_inversions_in_the_middle	3	both	phased_verkko	misjoin	NA
1	2	TUE_02	TUE_02_01UL_02DX	candidate_inversions_at_contig_ends	2	both	phased_verkko	misjoin	NA
1	2	TUE_02	TUE_02_01UL_02DX	variants	378564	both	phased_verkko	whatshap_stats	chr1
1	2	TUE_02	TUE_02_01UL_02DX	blocks	1	both	phased_verkko	whatshap_stats	chr1
1	2	TUE_02	TUE_02_01UL_02DX	variants	358320	both	phased_verkko	whatshap_stats	chr2
1	2	TUE_02	TUE_02_01UL_02DX	blocks	1	both	phased_verkko	whatshap_stats	chr2
1	2	TUE_02	TUE_02_01UL_02DX	variants	305107	both	phased_verkko	whatshap_stats	chr3
1	2	TUE_02	TUE_02_01UL_02DX	blocks	1	both	phased_verkko	whatshap_stats	chr3
1	2	TUE_02	TUE_02_01UL_02DX	variants	325930	both	phased_verkko	whatshap_stats	chr4
1	2	TUE_02	TUE_02_01UL_02DX	blocks	1	both	phased_verkko	whatshap_stats	chr4
1	2	TUE_02	TUE_02_01UL_02DX	variants	270302	both	phased_verkko	whatshap_stats	chr5
1	2	TUE_02	TUE_02_01UL_02DX	blocks	1	both	phased_verkko	whatshap_stats	chr5
1	2	TUE_02	TUE_02_01UL_02DX	variants	288524	both	phased_verkko	whatshap_stats	chr6
1	2	TUE_02	TUE_02_01UL_02DX	blocks	1	both	phased_verkko	whatshap_stats	chr6
1	2	TUE_02	TUE_02_01UL_02DX	variants	276144	both	phased_verkko	whatshap_stats	chr7
1	2	TUE_02	TUE_02_01UL_02DX	blocks	1	both	phased_verkko	whatshap_stats	chr7
1	2	TUE_02	TUE_02_01UL_02DX	variants	132627	both	phased_verkko	whatshap_stats	chrX
1	2	TUE_02	TUE_02_01UL_02DX	blocks	1	both	phased_verkko	whatshap_stats	chrX
1	2	TUE_02	TUE_02_01UL_02DX	variants	231877	both	phased_verkko	whatshap_stats	chr9
1	2	TUE_02	TUE_02_01UL_02DX	blocks	1	both	phased_verkko	whatshap_stats	chr9
1	2	TUE_02	TUE_02_01UL_02DX	variants	239733	both	phased_verkko	whatshap_stats	chr8
1	2	TUE_02	TUE_02_01UL_02DX	blocks	1	both	phased_verkko	whatshap_stats	chr8
1	2	TUE_02	TUE_02_01UL_02DX	variants	265896	both	phased_verkko	whatshap_stats	chr11
1	2	TUE_02	TUE_02_01UL_02DX	blocks	1	both	phased_verkko	whatshap_stats	chr11
1	2	TUE_02	TUE_02_01UL_02DX	variants	219174	both	phased_verkko	whatshap_stats	chr10
1	2	TUE_02	TUE_02_01UL_02DX	blocks	1	both	phased_verkko	whatshap_stats	chr10
1	2	TUE_02	TUE_02_01UL_02DX	variants	207053	both	phased_verkko	whatshap_stats	chr12
1	2	TUE_02	TUE_02_01UL_02DX	blocks	1	both	phased_verkko	whatshap_stats	chr12
1	2	TUE_02	TUE_02_01UL_02DX	variants	166362	both	phased_verkko	whatshap_stats	chr13
1	2	TUE_02	TUE_02_01UL_02DX	blocks	1	both	phased_verkko	whatshap_stats	chr13
1	2	TUE_02	TUE_02_01UL_02DX	variants	200593	both	phased_verkko	whatshap_stats	chr14
1	2	TUE_02	TUE_02_01UL_02DX	blocks	1	both	phased_verkko	whatshap_stats	chr14
1	2	TUE_02	TUE_02_01UL_02DX	variants	196113	both	phased_verkko	whatshap_stats	chr15
1	2	TUE_02	TUE_02_01UL_02DX	blocks	1	both	phased_verkko	whatshap_stats	chr15
1	2	TUE_02	TUE_02_01UL_02DX	variants	191719	both	phased_verkko	whatshap_stats	chr16
1	2	TUE_02	TUE_02_01UL_02DX	blocks	1	both	phased_verkko	whatshap_stats	chr16
1	2	TUE_02	TUE_02_01UL_02DX	variants	142028	both	phased_verkko	whatshap_stats	chr17
1	2	TUE_02	TUE_02_01UL_02DX	blocks	1	both	phased_verkko	whatshap_stats	chr17
1	2	TUE_02	TUE_02_01UL_02DX	variants	132372	both	phased_verkko	whatshap_stats	chr18
1	2	TUE_02	TUE_02_01UL_02DX	blocks	1	both	phased_verkko	whatshap_stats	chr18
1	2	TUE_02	TUE_02_01UL_02DX	variants	129041	both	phased_verkko	whatshap_stats	chr20
1	2	TUE_02	TUE_02_01UL_02DX	blocks	1	both	phased_verkko	whatshap_stats	chr20
1	2	TUE_02	TUE_02_01UL_02DX	variants	121495	both	phased_verkko	whatshap_stats	chr19
1	2	TUE_02	TUE_02_01UL_02DX	blocks	1	both	phased_verkko	whatshap_stats	chr19
1	2	TUE_02	TUE_02_01UL_02DX	variants	141694	both	phased_verkko	whatshap_stats	chr22
1	2	TUE_02	TUE_02_01UL_02DX	blocks	1	both	phased_verkko	whatshap_stats	chr22
1	2	TUE_02	TUE_02_01UL_02DX	variants	106463	both	phased_verkko	whatshap_stats	chr21
1	2	TUE_02	TUE_02_01UL_02DX	blocks	1	both	phased_verkko	whatshap_stats	chr21
1	2	TUE_02	TUE_02_01UL_02DX	variants	5027131	both	phased_verkko	whatshap_stats	ALL
1	2	TUE_02	TUE_02_01UL_02DX	blocks	23	both	phased_verkko	whatshap_stats	ALL
1	2	TUE_02	TUE_02_01UL_02DX	qv	59.838	haplotype1	phased_verkko	merqury	NA
1	2	TUE_02	TUE_02_01UL_02DX	qv	58.8009	haplotype2	phased_verkko	merqury	NA
1	2	TUE_02	TUE_02_01UL_02DX	qv	59.2728	both	phased_verkko	merqury	NA
1	2	TUE_02	TUE_02_01UL_02DX	n_T2T	11	haplotype1	phased_verkko	t2t_alignment	NA
1	2	TUE_02	TUE_02_01UL_02DX	n_T2T	9	haplotype2	phased_verkko	t2t_alignment	NA
1	2	TUE_02	TUE_02_01UL_02DX	n_T2T	20	both	phased_verkko	t2t_alignment	NA
1	2	TUE_02	TUE_02_01UL_02DX	n_T2T	10	haplotype1	phased_verkko	t2t_motif	NA
1	2	TUE_02	TUE_02_01UL_02DX	n_T2T	8	haplotype2	phased_verkko	t2t_motif	NA
1	2	TUE_02	TUE_02_01UL_02DX	n_T2T	19	both	phased_verkko	t2t_motif	NA
1	2	TUE_02	TUE_02_01UL_02DX	total_n_count	6420646	haplotype1	phased_verkko	gap_statistics	NA
1	2	TUE_02	TUE_02_01UL_02DX	total_gaps	182	haplotype1	phased_verkko	gap_statistics	NA
1	2	TUE_02	TUE_02_01UL_02DX	total_n_count	6242358	haplotype2	phased_verkko	gap_statistics	NA
1	2	TUE_02	TUE_02_01UL_02DX	total_gaps	200	haplotype2	phased_verkko	gap_statistics	NA
1	2	TUE_02	TUE_02_01UL_02DX	total_n_count	12663004	both	phased_verkko	gap_statistics	NA
1	2	TUE_02	TUE_02_01UL_02DX	total_gaps	382	both	phased_verkko	gap_statistics	NA
1	2	TUE_02	TUE_02_01UL_02DX	n_contigs	383	haplotype1	phased_verkko	contig_statistics	NA
1	2	TUE_02	TUE_02_01UL_02DX	n_contigs_over_10mb	25	haplotype1	phased_verkko	contig_statistics	NA
1	2	TUE_02	TUE_02_01UL_02DX	n_contigs	623	haplotype2	phased_verkko	contig_statistics	NA
1	2	TUE_02	TUE_02_01UL_02DX	n_contigs_over_10mb	30	haplotype2	phased_verkko	contig_statistics	NA
1	2	TUE_02	TUE_02_01UL_02DX	n_contigs	2860	both	phased_verkko	contig_statistics	NA
1	2	TUE_02	TUE_02_01UL_02DX	n_contigs_over_10mb	55	both	phased_verkko	contig_statistics	NA
2	2	TUE_02	TUE_02_02UL_02DX	length	2930093541	haplotype1	phased_verkko	asmstat	NA
2	2	TUE_02	TUE_02_02UL_02DX	ref_covered	0.8987999999999999	haplotype1	phased_verkko	asmstat	NA
2	2	TUE_02	TUE_02_02UL_02DX	asm_covered	0.9659	haplotype1	phased_verkko	asmstat	NA
2	2	TUE_02	TUE_02_02UL_02DX	length	3057061137	haplotype2	phased_verkko	asmstat	NA
2	2	TUE_02	TUE_02_02UL_02DX	ref_covered	0.9382	haplotype2	phased_verkko	asmstat	NA
2	2	TUE_02	TUE_02_02UL_02DX	asm_covered	0.9686	haplotype2	phased_verkko	asmstat	NA
2	2	TUE_02	TUE_02_02UL_02DX	length	6065746088	both	phased_verkko	asmstat	NA
2	2	TUE_02	TUE_02_02UL_02DX	ref_covered	0.9617	both	phased_verkko	asmstat	NA
2	2	TUE_02	TUE_02_02UL_02DX	asm_covered	0.9673	both	phased_verkko	asmstat	NA
2	2	TUE_02	TUE_02_02UL_02DX	inter-chromosomal_misjoins	2	haplotype1	phased_verkko	misjoin	NA
2	2	TUE_02	TUE_02_02UL_02DX	intra-chromosomal_gaps	7	haplotype1	phased_verkko	misjoin	NA
2	2	TUE_02	TUE_02_02UL_02DX	candidate_inversions_in_the_middle	3	haplotype1	phased_verkko	misjoin	NA
2	2	TUE_02	TUE_02_02UL_02DX	candidate_inversions_at_contig_ends	2	haplotype1	phased_verkko	misjoin	NA
2	2	TUE_02	TUE_02_02UL_02DX	inter-chromosomal_misjoins	1	haplotype2	phased_verkko	misjoin	NA
2	2	TUE_02	TUE_02_02UL_02DX	intra-chromosomal_gaps	9	haplotype2	phased_verkko	misjoin	NA
2	2	TUE_02	TUE_02_02UL_02DX	candidate_inversions_in_the_middle	2	haplotype2	phased_verkko	misjoin	NA
2	2	TUE_02	TUE_02_02UL_02DX	candidate_inversions_at_contig_ends	0	haplotype2	phased_verkko	misjoin	NA
2	2	TUE_02	TUE_02_02UL_02DX	inter-chromosomal_misjoins	3	both	phased_verkko	misjoin	NA
2	2	TUE_02	TUE_02_02UL_02DX	intra-chromosomal_gaps	16	both	phased_verkko	misjoin	NA
2	2	TUE_02	TUE_02_02UL_02DX	candidate_inversions_in_the_middle	5	both	phased_verkko	misjoin	NA
2	2	TUE_02	TUE_02_02UL_02DX	candidate_inversions_at_contig_ends	2	both	phased_verkko	misjoin	NA
2	2	TUE_02	TUE_02_02UL_02DX	variants	377239	both	phased_verkko	whatshap_stats	chr1
2	2	TUE_02	TUE_02_02UL_02DX	blocks	1	both	phased_verkko	whatshap_stats	chr1
2	2	TUE_02	TUE_02_02UL_02DX	variants	353847	both	phased_verkko	whatshap_stats	chr2
2	2	TUE_02	TUE_02_02UL_02DX	blocks	1	both	phased_verkko	whatshap_stats	chr2
2	2	TUE_02	TUE_02_02UL_02DX	variants	304366	both	phased_verkko	whatshap_stats	chr3
2	2	TUE_02	TUE_02_02UL_02DX	blocks	1	both	phased_verkko	whatshap_stats	chr3
2	2	TUE_02	TUE_02_02UL_02DX	variants	330781	both	phased_verkko	whatshap_stats	chr4
2	2	TUE_02	TUE_02_02UL_02DX	blocks	1	both	phased_verkko	whatshap_stats	chr4
2	2	TUE_02	TUE_02_02UL_02DX	variants	273652	both	phased_verkko	whatshap_stats	chr5
2	2	TUE_02	TUE_02_02UL_02DX	blocks	1	both	phased_verkko	whatshap_stats	chr5
2	2	TUE_02	TUE_02_02UL_02DX	variants	308587	both	phased_verkko	whatshap_stats	chr6
2	2	TUE_02	TUE_02_02UL_02DX	blocks	1	both	phased_verkko	whatshap_stats	chr6
2	2	TUE_02	TUE_02_02UL_02DX	variants	281336	both	phased_verkko	whatshap_stats	chr7
2	2	TUE_02	TUE_02_02UL_02DX	blocks	1	both	phased_verkko	whatshap_stats	chr7
2	2	TUE_02	TUE_02_02UL_02DX	variants	129339	both	phased_verkko	whatshap_stats	chrX
2	2	TUE_02	TUE_02_02UL_02DX	blocks	1	both	phased_verkko	whatshap_stats	chrX
2	2	TUE_02	TUE_02_02UL_02DX	variants	231408	both	phased_verkko	whatshap_stats	chr9
2	2	TUE_02	TUE_02_02UL_02DX	blocks	1	both	phased_verkko	whatshap_stats	chr9
2	2	TUE_02	TUE_02_02UL_02DX	variants	239126	both	phased_verkko	whatshap_stats	chr8
2	2	TUE_02	TUE_02_02UL_02DX	blocks	1	both	phased_verkko	whatshap_stats	chr8
2	2	TUE_02	TUE_02_02UL_02DX	variants	266303	both	phased_verkko	whatshap_stats	chr11
2	2	TUE_02	TUE_02_02UL_02DX	blocks	1	both	phased_verkko	whatshap_stats	chr11
2	2	TUE_02	TUE_02_02UL_02DX	variants	220425	both	phased_verkko	whatshap_stats	chr10
2	2	TUE_02	TUE_02_02UL_02DX	blocks	1	both	phased_verkko	whatshap_stats	chr10
2	2	TUE_02	TUE_02_02UL_02DX	variants	205043	both	phased_verkko	whatshap_stats	chr12
2	2	TUE_02	TUE_02_02UL_02DX	blocks	1	both	phased_verkko	whatshap_stats	chr12
2	2	TUE_02	TUE_02_02UL_02DX	variants	166216	both	phased_verkko	whatshap_stats	chr13
2	2	TUE_02	TUE_02_02UL_02DX	blocks	1	both	phased_verkko	whatshap_stats	chr13
2	2	TUE_02	TUE_02_02UL_02DX	variants	219124	both	phased_verkko	whatshap_stats	chr14
2	2	TUE_02	TUE_02_02UL_02DX	blocks	1	both	phased_verkko	whatshap_stats	chr14
2	2	TUE_02	TUE_02_02UL_02DX	variants	218043	both	phased_verkko	whatshap_stats	chr15
2	2	TUE_02	TUE_02_02UL_02DX	blocks	1	both	phased_verkko	whatshap_stats	chr15
2	2	TUE_02	TUE_02_02UL_02DX	variants	183697	both	phased_verkko	whatshap_stats	chr16
2	2	TUE_02	TUE_02_02UL_02DX	blocks	1	both	phased_verkko	whatshap_stats	chr16
2	2	TUE_02	TUE_02_02UL_02DX	variants	147586	both	phased_verkko	whatshap_stats	chr17
2	2	TUE_02	TUE_02_02UL_02DX	blocks	1	both	phased_verkko	whatshap_stats	chr17
2	2	TUE_02	TUE_02_02UL_02DX	variants	134251	both	phased_verkko	whatshap_stats	chr18
2	2	TUE_02	TUE_02_02UL_02DX	blocks	1	both	phased_verkko	whatshap_stats	chr18
2	2	TUE_02	TUE_02_02UL_02DX	variants	125012	both	phased_verkko	whatshap_stats	chr20
2	2	TUE_02	TUE_02_02UL_02DX	blocks	1	both	phased_verkko	whatshap_stats	chr20
2	2	TUE_02	TUE_02_02UL_02DX	variants	120929	both	phased_verkko	whatshap_stats	chr19
2	2	TUE_02	TUE_02_02UL_02DX	blocks	1	both	phased_verkko	whatshap_stats	chr19
2	2	TUE_02	TUE_02_02UL_02DX	variants	147409	both	phased_verkko	whatshap_stats	chr22
2	2	TUE_02	TUE_02_02UL_02DX	blocks	1	both	phased_verkko	whatshap_stats	chr22
2	2	TUE_02	TUE_02_02UL_02DX	variants	113781	both	phased_verkko	whatshap_stats	chr21
2	2	TUE_02	TUE_02_02UL_02DX	blocks	1	both	phased_verkko	whatshap_stats	chr21
2	2	TUE_02	TUE_02_02UL_02DX	variants	5097500	both	phased_verkko	whatshap_stats	ALL
2	2	TUE_02	TUE_02_02UL_02DX	blocks	23	both	phased_verkko	whatshap_stats	ALL
2	2	TUE_02	TUE_02_02UL_02DX	qv	63.0583	haplotype1	phased_verkko	merqury	NA
2	2	TUE_02	TUE_02_02UL_02DX	qv	61.9813	haplotype2	phased_verkko	merqury	NA
2	2	TUE_02	TUE_02_02UL_02DX	qv	62.4751	both	phased_verkko	merqury	NA
2	2	TUE_02	TUE_02_02UL_02DX	n_T2T	18	haplotype1	phased_verkko	t2t_alignment	NA
2	2	TUE_02	TUE_02_02UL_02DX	n_T2T	19	haplotype2	phased_verkko	t2t_alignment	NA
2	2	TUE_02	TUE_02_02UL_02DX	n_T2T	37	both	phased_verkko	t2t_alignment	NA
2	2	TUE_02	TUE_02_02UL_02DX	n_T2T	17	haplotype1	phased_verkko	t2t_motif	NA
2	2	TUE_02	TUE_02_02UL_02DX	n_T2T	18	haplotype2	phased_verkko	t2t_motif	NA
2	2	TUE_02	TUE_02_02UL_02DX	n_T2T	36	both	phased_verkko	t2t_motif	NA
2	2	TUE_02	TUE_02_02UL_02DX	total_n_count	944850	haplotype1	phased_verkko	gap_statistics	NA
2	2	TUE_02	TUE_02_02UL_02DX	total_gaps	32	haplotype1	phased_verkko	gap_statistics	NA
2	2	TUE_02	TUE_02_02UL_02DX	total_n_count	912474	haplotype2	phased_verkko	gap_statistics	NA
2	2	TUE_02	TUE_02_02UL_02DX	total_gaps	41	haplotype2	phased_verkko	gap_statistics	NA
2	2	TUE_02	TUE_02_02UL_02DX	total_n_count	1857324	both	phased_verkko	gap_statistics	NA
2	2	TUE_02	TUE_02_02UL_02DX	total_gaps	73	both	phased_verkko	gap_statistics	NA
2	2	TUE_02	TUE_02_02UL_02DX	n_contigs	111	haplotype1	phased_verkko	contig_statistics	NA
2	2	TUE_02	TUE_02_02UL_02DX	n_contigs_over_10mb	23	haplotype1	phased_verkko	contig_statistics	NA
2	2	TUE_02	TUE_02_02UL_02DX	n_contigs	188	haplotype2	phased_verkko	contig_statistics	NA
2	2	TUE_02	TUE_02_02UL_02DX	n_contigs_over_10mb	23	haplotype2	phased_verkko	contig_statistics	NA
2	2	TUE_02	TUE_02_02UL_02DX	n_contigs	1168	both	phased_verkko	contig_statistics	NA
2	2	TUE_02	TUE_02_02UL_02DX	n_contigs_over_10mb	46	both	phased_verkko	contig_statistics	NA
3	2	TUE_02	TUE_02_03UL_02DX	length	2925767487	haplotype1	phased_verkko	asmstat	NA
3	2	TUE_02	TUE_02_03UL_02DX	ref_covered	0.8994	haplotype1	phased_verkko	asmstat	NA
3	2	TUE_02	TUE_02_03UL_02DX	asm_covered	0.9663	haplotype1	phased_verkko	asmstat	NA
3	2	TUE_02	TUE_02_03UL_02DX	length	3044091962	haplotype2	phased_verkko	asmstat	NA
3	2	TUE_02	TUE_02_03UL_02DX	ref_covered	0.937	haplotype2	phased_verkko	asmstat	NA
3	2	TUE_02	TUE_02_03UL_02DX	asm_covered	0.9712	haplotype2	phased_verkko	asmstat	NA
3	2	TUE_02	TUE_02_03UL_02DX	length	6079793131	both	phased_verkko	asmstat	NA
3	2	TUE_02	TUE_02_03UL_02DX	ref_covered	0.9618	both	phased_verkko	asmstat	NA
3	2	TUE_02	TUE_02_03UL_02DX	asm_covered	0.9672	both	phased_verkko	asmstat	NA
3	2	TUE_02	TUE_02_03UL_02DX	inter-chromosomal_misjoins	1	haplotype1	phased_verkko	misjoin	NA
3	2	TUE_02	TUE_02_03UL_02DX	intra-chromosomal_gaps	9	haplotype1	phased_verkko	misjoin	NA
3	2	TUE_02	TUE_02_03UL_02DX	candidate_inversions_in_the_middle	2	haplotype1	phased_verkko	misjoin	NA
3	2	TUE_02	TUE_02_03UL_02DX	candidate_inversions_at_contig_ends	2	haplotype1	phased_verkko	misjoin	NA
3	2	TUE_02	TUE_02_03UL_02DX	inter-chromosomal_misjoins	0	haplotype2	phased_verkko	misjoin	NA
3	2	TUE_02	TUE_02_03UL_02DX	intra-chromosomal_gaps	7	haplotype2	phased_verkko	misjoin	NA
3	2	TUE_02	TUE_02_03UL_02DX	candidate_inversions_in_the_middle	3	haplotype2	phased_verkko	misjoin	NA
3	2	TUE_02	TUE_02_03UL_02DX	candidate_inversions_at_contig_ends	0	haplotype2	phased_verkko	misjoin	NA
3	2	TUE_02	TUE_02_03UL_02DX	inter-chromosomal_misjoins	1	both	phased_verkko	misjoin	NA
3	2	TUE_02	TUE_02_03UL_02DX	intra-chromosomal_gaps	16	both	phased_verkko	misjoin	NA
3	2	TUE_02	TUE_02_03UL_02DX	candidate_inversions_in_the_middle	5	both	phased_verkko	misjoin	NA
3	2	TUE_02	TUE_02_03UL_02DX	candidate_inversions_at_contig_ends	2	both	phased_verkko	misjoin	NA
3	2	TUE_02	TUE_02_03UL_02DX	variants	376967	both	phased_verkko	whatshap_stats	chr1
3	2	TUE_02	TUE_02_03UL_02DX	blocks	1	both	phased_verkko	whatshap_stats	chr1
3	2	TUE_02	TUE_02_03UL_02DX	variants	353168	both	phased_verkko	whatshap_stats	chr2
3	2	TUE_02	TUE_02_03UL_02DX	blocks	1	both	phased_verkko	whatshap_stats	chr2
3	2	TUE_02	TUE_02_03UL_02DX	variants	304446	both	phased_verkko	whatshap_stats	chr3
3	2	TUE_02	TUE_02_03UL_02DX	blocks	1	both	phased_verkko	whatshap_stats	chr3
3	2	TUE_02	TUE_02_03UL_02DX	variants	330354	both	phased_verkko	whatshap_stats	chr4
3	2	TUE_02	TUE_02_03UL_02DX	blocks	1	both	phased_verkko	whatshap_stats	chr4
3	2	TUE_02	TUE_02_03UL_02DX	variants	273140	both	phased_verkko	whatshap_stats	chr5
3	2	TUE_02	TUE_02_03UL_02DX	blocks	1	both	phased_verkko	whatshap_stats	chr5
3	2	TUE_02	TUE_02_03UL_02DX	variants	305829	both	phased_verkko	whatshap_stats	chr6
3	2	TUE_02	TUE_02_03UL_02DX	blocks	1	both	phased_verkko	whatshap_stats	chr6
3	2	TUE_02	TUE_02_03UL_02DX	variants	280747	both	phased_verkko	whatshap_stats	chr7
3	2	TUE_02	TUE_02_03UL_02DX	blocks	1	both	phased_verkko	whatshap_stats	chr7
3	2	TUE_02	TUE_02_03UL_02DX	variants	128482	both	phased_verkko	whatshap_stats	chrX
3	2	TUE_02	TUE_02_03UL_02DX	blocks	1	both	phased_verkko	whatshap_stats	chrX
3	2	TUE_02	TUE_02_03UL_02DX	variants	233961	both	phased_verkko	whatshap_stats	chr9
3	2	TUE_02	TUE_02_03UL_02DX	blocks	1	both	phased_verkko	whatshap_stats	chr9
3	2	TUE_02	TUE_02_03UL_02DX	variants	238646	both	phased_verkko	whatshap_stats	chr8
3	2	TUE_02	TUE_02_03UL_02DX	blocks	1	both	phased_verkko	whatshap_stats	chr8
3	2	TUE_02	TUE_02_03UL_02DX	variants	274428	both	phased_verkko	whatshap_stats	chr11
3	2	TUE_02	TUE_02_03UL_02DX	blocks	1	both	phased_verkko	whatshap_stats	chr11
3	2	TUE_02	TUE_02_03UL_02DX	variants	220140	both	phased_verkko	whatshap_stats	chr10
3	2	TUE_02	TUE_02_03UL_02DX	blocks	1	both	phased_verkko	whatshap_stats	chr10
3	2	TUE_02	TUE_02_03UL_02DX	variants	204580	both	phased_verkko	whatshap_stats	chr12
3	2	TUE_02	TUE_02_03UL_02DX	blocks	1	both	phased_verkko	whatshap_stats	chr12
3	2	TUE_02	TUE_02_03UL_02DX	variants	165325	both	phased_verkko	whatshap_stats	chr13
3	2	TUE_02	TUE_02_03UL_02DX	blocks	1	both	phased_verkko	whatshap_stats	chr13
3	2	TUE_02	TUE_02_03UL_02DX	variants	214665	both	phased_verkko	whatshap_stats	chr14
3	2	TUE_02	TUE_02_03UL_02DX	blocks	1	both	phased_verkko	whatshap_stats	chr14
3	2	TUE_02	TUE_02_03UL_02DX	variants	220012	both	phased_verkko	whatshap_stats	chr15
3	2	TUE_02	TUE_02_03UL_02DX	blocks	1	both	phased_verkko	whatshap_stats	chr15
3	2	TUE_02	TUE_02_03UL_02DX	variants	183468	both	phased_verkko	whatshap_stats	chr16
3	2	TUE_02	TUE_02_03UL_02DX	blocks	1	both	phased_verkko	whatshap_stats	chr16
3	2	TUE_02	TUE_02_03UL_02DX	variants	151570	both	phased_verkko	whatshap_stats	chr17
3	2	TUE_02	TUE_02_03UL_02DX	blocks	1	both	phased_verkko	whatshap_stats	chr17
3	2	TUE_02	TUE_02_03UL_02DX	variants	134095	both	phased_verkko	whatshap_stats	chr18
3	2	TUE_02	TUE_02_03UL_02DX	blocks	1	both	phased_verkko	whatshap_stats	chr18
3	2	TUE_02	TUE_02_03UL_02DX	variants	124767	both	phased_verkko	whatshap_stats	chr20
3	2	TUE_02	TUE_02_03UL_02DX	blocks	1	both	phased_verkko	whatshap_stats	chr20
3	2	TUE_02	TUE_02_03UL_02DX	variants	120596	both	phased_verkko	whatshap_stats	chr19
3	2	TUE_02	TUE_02_03UL_02DX	blocks	1	both	phased_verkko	whatshap_stats	chr19
3	2	TUE_02	TUE_02_03UL_02DX	variants	147648	both	phased_verkko	whatshap_stats	chr22
3	2	TUE_02	TUE_02_03UL_02DX	blocks	1	both	phased_verkko	whatshap_stats	chr22
3	2	TUE_02	TUE_02_03UL_02DX	variants	104992	both	phased_verkko	whatshap_stats	chr21
3	2	TUE_02	TUE_02_03UL_02DX	blocks	1	both	phased_verkko	whatshap_stats	chr21
3	2	TUE_02	TUE_02_03UL_02DX	variants	5092026	both	phased_verkko	whatshap_stats	ALL
3	2	TUE_02	TUE_02_03UL_02DX	blocks	23	both	phased_verkko	whatshap_stats	ALL
3	2	TUE_02	TUE_02_03UL_02DX	qv	63.9007	haplotype1	phased_verkko	merqury	NA
3	2	TUE_02	TUE_02_03UL_02DX	qv	63.2065	haplotype2	phased_verkko	merqury	NA
3	2	TUE_02	TUE_02_03UL_02DX	qv	63.5329	both	phased_verkko	merqury	NA
3	2	TUE_02	TUE_02_03UL_02DX	n_T2T	14	haplotype1	phased_verkko	t2t_alignment	NA
3	2	TUE_02	TUE_02_03UL_02DX	n_T2T	19	haplotype2	phased_verkko	t2t_alignment	NA
3	2	TUE_02	TUE_02_03UL_02DX	n_T2T	33	both	phased_verkko	t2t_alignment	NA
3	2	TUE_02	TUE_02_03UL_02DX	n_T2T	13	haplotype1	phased_verkko	t2t_motif	NA
3	2	TUE_02	TUE_02_03UL_02DX	n_T2T	18	haplotype2	phased_verkko	t2t_motif	NA
3	2	TUE_02	TUE_02_03UL_02DX	n_T2T	32	both	phased_verkko	t2t_motif	NA
3	2	TUE_02	TUE_02_03UL_02DX	total_n_count	425955	haplotype1	phased_verkko	gap_statistics	NA
3	2	TUE_02	TUE_02_03UL_02DX	total_gaps	27	haplotype1	phased_verkko	gap_statistics	NA
3	2	TUE_02	TUE_02_03UL_02DX	total_n_count	572908	haplotype2	phased_verkko	gap_statistics	NA
3	2	TUE_02	TUE_02_03UL_02DX	total_gaps	21	haplotype2	phased_verkko	gap_statistics	NA
3	2	TUE_02	TUE_02_03UL_02DX	total_n_count	998863	both	phased_verkko	gap_statistics	NA
3	2	TUE_02	TUE_02_03UL_02DX	total_gaps	48	both	phased_verkko	gap_statistics	NA
3	2	TUE_02	TUE_02_03UL_02DX	n_contigs	69	haplotype1	phased_verkko	contig_statistics	NA
3	2	TUE_02	TUE_02_03UL_02DX	n_contigs_over_10mb	23	haplotype1	phased_verkko	contig_statistics	NA
3	2	TUE_02	TUE_02_03UL_02DX	n_contigs	128	haplotype2	phased_verkko	contig_statistics	NA
3	2	TUE_02	TUE_02_03UL_02DX	n_contigs_over_10mb	23	haplotype2	phased_verkko	contig_statistics	NA
3	2	TUE_02	TUE_02_03UL_02DX	n_contigs	1385	both	phased_verkko	contig_statistics	NA
3	2	TUE_02	TUE_02_03UL_02DX	n_contigs_over_10mb	46	both	phased_verkko	contig_statistics	NA
4	2	TUE_02	TUE_02_04UL_02DX	length	2932012288	haplotype1	phased_verkko	asmstat	NA
4	2	TUE_02	TUE_02_04UL_02DX	ref_covered	0.9015	haplotype1	phased_verkko	asmstat	NA
4	2	TUE_02	TUE_02_04UL_02DX	asm_covered	0.9678	haplotype1	phased_verkko	asmstat	NA
4	2	TUE_02	TUE_02_04UL_02DX	length	3044735610	haplotype2	phased_verkko	asmstat	NA
4	2	TUE_02	TUE_02_04UL_02DX	ref_covered	0.9353	haplotype2	phased_verkko	asmstat	NA
4	2	TUE_02	TUE_02_04UL_02DX	asm_covered	0.9693	haplotype2	phased_verkko	asmstat	NA
4	2	TUE_02	TUE_02_04UL_02DX	length	6113198078	both	phased_verkko	asmstat	NA
4	2	TUE_02	TUE_02_04UL_02DX	ref_covered	0.9619	both	phased_verkko	asmstat	NA
4	2	TUE_02	TUE_02_04UL_02DX	asm_covered	0.9682	both	phased_verkko	asmstat	NA
4	2	TUE_02	TUE_02_04UL_02DX	inter-chromosomal_misjoins	1	haplotype1	phased_verkko	misjoin	NA
4	2	TUE_02	TUE_02_04UL_02DX	intra-chromosomal_gaps	8	haplotype1	phased_verkko	misjoin	NA
4	2	TUE_02	TUE_02_04UL_02DX	candidate_inversions_in_the_middle	3	haplotype1	phased_verkko	misjoin	NA
4	2	TUE_02	TUE_02_04UL_02DX	candidate_inversions_at_contig_ends	2	haplotype1	phased_verkko	misjoin	NA
4	2	TUE_02	TUE_02_04UL_02DX	inter-chromosomal_misjoins	1	haplotype2	phased_verkko	misjoin	NA
4	2	TUE_02	TUE_02_04UL_02DX	intra-chromosomal_gaps	8	haplotype2	phased_verkko	misjoin	NA
4	2	TUE_02	TUE_02_04UL_02DX	candidate_inversions_in_the_middle	2	haplotype2	phased_verkko	misjoin	NA
4	2	TUE_02	TUE_02_04UL_02DX	candidate_inversions_at_contig_ends	0	haplotype2	phased_verkko	misjoin	NA
4	2	TUE_02	TUE_02_04UL_02DX	inter-chromosomal_misjoins	2	both	phased_verkko	misjoin	NA
4	2	TUE_02	TUE_02_04UL_02DX	intra-chromosomal_gaps	16	both	phased_verkko	misjoin	NA
4	2	TUE_02	TUE_02_04UL_02DX	candidate_inversions_in_the_middle	5	both	phased_verkko	misjoin	NA
4	2	TUE_02	TUE_02_04UL_02DX	candidate_inversions_at_contig_ends	2	both	phased_verkko	misjoin	NA
4	2	TUE_02	TUE_02_04UL_02DX	variants	375610	both	phased_verkko	whatshap_stats	chr1
4	2	TUE_02	TUE_02_04UL_02DX	blocks	1	both	phased_verkko	whatshap_stats	chr1
4	2	TUE_02	TUE_02_04UL_02DX	variants	352791	both	phased_verkko	whatshap_stats	chr2
4	2	TUE_02	TUE_02_04UL_02DX	blocks	1	both	phased_verkko	whatshap_stats	chr2
4	2	TUE_02	TUE_02_04UL_02DX	variants	304155	both	phased_verkko	whatshap_stats	chr3
4	2	TUE_02	TUE_02_04UL_02DX	blocks	1	both	phased_verkko	whatshap_stats	chr3
4	2	TUE_02	TUE_02_04UL_02DX	variants	330194	both	phased_verkko	whatshap_stats	chr4
4	2	TUE_02	TUE_02_04UL_02DX	blocks	1	both	phased_verkko	whatshap_stats	chr4
4	2	TUE_02	TUE_02_04UL_02DX	variants	272820	both	phased_verkko	whatshap_stats	chr5
4	2	TUE_02	TUE_02_04UL_02DX	blocks	1	both	phased_verkko	whatshap_stats	chr5
4	2	TUE_02	TUE_02_04UL_02DX	variants	305656	both	phased_verkko	whatshap_stats	chr6
4	2	TUE_02	TUE_02_04UL_02DX	blocks	1	both	phased_verkko	whatshap_stats	chr6
4	2	TUE_02	TUE_02_04UL_02DX	variants	280894	both	phased_verkko	whatshap_stats	chr7
4	2	TUE_02	TUE_02_04UL_02DX	blocks	1	both	phased_verkko	whatshap_stats	chr7
4	2	TUE_02	TUE_02_04UL_02DX	variants	128275	both	phased_verkko	whatshap_stats	chrX
4	2	TUE_02	TUE_02_04UL_02DX	blocks	1	both	phased_verkko	whatshap_stats	chrX
4	2	TUE_02	TUE_02_04UL_02DX	variants	233225	both	phased_verkko	whatshap_stats	chr9
4	2	TUE_02	TUE_02_04UL_02DX	blocks	1	both	phased_verkko	whatshap_stats	chr9
4	2	TUE_02	TUE_02_04UL_02DX	variants	238183	both	phased_verkko	whatshap_stats	chr8
4	2	TUE_02	TUE_02_04UL_02DX	blocks	1	both	phased_verkko	whatshap_stats	chr8
4	2	TUE_02	TUE_02_04UL_02DX	variants	266212	both	phased_verkko	whatshap_stats	chr11
4	2	TUE_02	TUE_02_04UL_02DX	blocks	1	both	phased_verkko	whatshap_stats	chr11
4	2	TUE_02	TUE_02_04UL_02DX	variants	219928	both	phased_verkko	whatshap_stats	chr10
4	2	TUE_02	TUE_02_04UL_02DX	blocks	1	both	phased_verkko	whatshap_stats	chr10
4	2	TUE_02	TUE_02_04UL_02DX	variants	204648	both	phased_verkko	whatshap_stats	chr12
4	2	TUE_02	TUE_02_04UL_02DX	blocks	1	both	phased_verkko	whatshap_stats	chr12
4	2	TUE_02	TUE_02_04UL_02DX	variants	158183	both	phased_verkko	whatshap_stats	chr13
4	2	TUE_02	TUE_02_04UL_02DX	blocks	1	both	phased_verkko	whatshap_stats	chr13
4	2	TUE_02	TUE_02_04UL_02DX	variants	216980	both	phased_verkko	whatshap_stats	chr14
4	2	TUE_02	TUE_02_04UL_02DX	blocks	1	both	phased_verkko	whatshap_stats	chr14
4	2	TUE_02	TUE_02_04UL_02DX	variants	220336	both	phased_verkko	whatshap_stats	chr15
4	2	TUE_02	TUE_02_04UL_02DX	blocks	1	both	phased_verkko	whatshap_stats	chr15
4	2	TUE_02	TUE_02_04UL_02DX	variants	183312	both	phased_verkko	whatshap_stats	chr16
4	2	TUE_02	TUE_02_04UL_02DX	blocks	1	both	phased_verkko	whatshap_stats	chr16
4	2	TUE_02	TUE_02_04UL_02DX	variants	149693	both	phased_verkko	whatshap_stats	chr17
4	2	TUE_02	TUE_02_04UL_02DX	blocks	1	both	phased_verkko	whatshap_stats	chr17
4	2	TUE_02	TUE_02_04UL_02DX	variants	134287	both	phased_verkko	whatshap_stats	chr18
4	2	TUE_02	TUE_02_04UL_02DX	blocks	1	both	phased_verkko	whatshap_stats	chr18
4	2	TUE_02	TUE_02_04UL_02DX	variants	124717	both	phased_verkko	whatshap_stats	chr20
4	2	TUE_02	TUE_02_04UL_02DX	blocks	1	both	phased_verkko	whatshap_stats	chr20
4	2	TUE_02	TUE_02_04UL_02DX	variants	120215	both	phased_verkko	whatshap_stats	chr19
4	2	TUE_02	TUE_02_04UL_02DX	blocks	1	both	phased_verkko	whatshap_stats	chr19
4	2	TUE_02	TUE_02_04UL_02DX	variants	153785	both	phased_verkko	whatshap_stats	chr22
4	2	TUE_02	TUE_02_04UL_02DX	blocks	1	both	phased_verkko	whatshap_stats	chr22
4	2	TUE_02	TUE_02_04UL_02DX	variants	108430	both	phased_verkko	whatshap_stats	chr21
4	2	TUE_02	TUE_02_04UL_02DX	blocks	1	both	phased_verkko	whatshap_stats	chr21
4	2	TUE_02	TUE_02_04UL_02DX	variants	5082529	both	phased_verkko	whatshap_stats	ALL
4	2	TUE_02	TUE_02_04UL_02DX	blocks	23	both	phased_verkko	whatshap_stats	ALL
4	2	TUE_02	TUE_02_04UL_02DX	qv	62.8695	haplotype1	phased_verkko	merqury	NA
4	2	TUE_02	TUE_02_04UL_02DX	qv	62.7733	haplotype2	phased_verkko	merqury	NA
4	2	TUE_02	TUE_02_04UL_02DX	qv	62.8202	both	phased_verkko	merqury	NA
4	2	TUE_02	TUE_02_04UL_02DX	n_T2T	19	haplotype1	phased_verkko	t2t_alignment	NA
4	2	TUE_02	TUE_02_04UL_02DX	n_T2T	17	haplotype2	phased_verkko	t2t_alignment	NA
4	2	TUE_02	TUE_02_04UL_02DX	n_T2T	36	both	phased_verkko	t2t_alignment	NA
4	2	TUE_02	TUE_02_04UL_02DX	n_T2T	18	haplotype1	phased_verkko	t2t_motif	NA
4	2	TUE_02	TUE_02_04UL_02DX	n_T2T	16	haplotype2	phased_verkko	t2t_motif	NA
4	2	TUE_02	TUE_02_04UL_02DX	n_T2T	35	both	phased_verkko	t2t_motif	NA
4	2	TUE_02	TUE_02_04UL_02DX	total_n_count	849805	haplotype1	phased_verkko	gap_statistics	NA
4	2	TUE_02	TUE_02_04UL_02DX	total_gaps	21	haplotype1	phased_verkko	gap_statistics	NA
4	2	TUE_02	TUE_02_04UL_02DX	total_n_count	600135	haplotype2	phased_verkko	gap_statistics	NA
4	2	TUE_02	TUE_02_04UL_02DX	total_gaps	31	haplotype2	phased_verkko	gap_statistics	NA
4	2	TUE_02	TUE_02_04UL_02DX	total_n_count	1449940	both	phased_verkko	gap_statistics	NA
4	2	TUE_02	TUE_02_04UL_02DX	total_gaps	52	both	phased_verkko	gap_statistics	NA
4	2	TUE_02	TUE_02_04UL_02DX	n_contigs	82	haplotype1	phased_verkko	contig_statistics	NA
4	2	TUE_02	TUE_02_04UL_02DX	n_contigs_over_10mb	23	haplotype1	phased_verkko	contig_statistics	NA
4	2	TUE_02	TUE_02_04UL_02DX	n_contigs	186	haplotype2	phased_verkko	contig_statistics	NA
4	2	TUE_02	TUE_02_04UL_02DX	n_contigs_over_10mb	23	haplotype2	phased_verkko	contig_statistics	NA
4	2	TUE_02	TUE_02_04UL_02DX	n_contigs	1746	both	phased_verkko	contig_statistics	NA
4	2	TUE_02	TUE_02_04UL_02DX	n_contigs_over_10mb	46	both	phased_verkko	contig_statistics	NA
6	2	TUE_02	TUE_02_06UL_02DX	length	2945882632	haplotype1	phased_verkko	asmstat	NA
6	2	TUE_02	TUE_02_06UL_02DX	ref_covered	0.902	haplotype1	phased_verkko	asmstat	NA
6	2	TUE_02	TUE_02_06UL_02DX	asm_covered	0.968	haplotype1	phased_verkko	asmstat	NA
6	2	TUE_02	TUE_02_06UL_02DX	length	3044443652	haplotype2	phased_verkko	asmstat	NA
6	2	TUE_02	TUE_02_06UL_02DX	ref_covered	0.9346	haplotype2	phased_verkko	asmstat	NA
6	2	TUE_02	TUE_02_06UL_02DX	asm_covered	0.969	haplotype2	phased_verkko	asmstat	NA
6	2	TUE_02	TUE_02_06UL_02DX	length	6207154424	both	phased_verkko	asmstat	NA
6	2	TUE_02	TUE_02_06UL_02DX	ref_covered	0.9623	both	phased_verkko	asmstat	NA
6	2	TUE_02	TUE_02_06UL_02DX	asm_covered	0.9676	both	phased_verkko	asmstat	NA
6	2	TUE_02	TUE_02_06UL_02DX	inter-chromosomal_misjoins	1	haplotype1	phased_verkko	misjoin	NA
6	2	TUE_02	TUE_02_06UL_02DX	intra-chromosomal_gaps	10	haplotype1	phased_verkko	misjoin	NA
6	2	TUE_02	TUE_02_06UL_02DX	candidate_inversions_in_the_middle	3	haplotype1	phased_verkko	misjoin	NA
6	2	TUE_02	TUE_02_06UL_02DX	candidate_inversions_at_contig_ends	0	haplotype1	phased_verkko	misjoin	NA
6	2	TUE_02	TUE_02_06UL_02DX	inter-chromosomal_misjoins	1	haplotype2	phased_verkko	misjoin	NA
6	2	TUE_02	TUE_02_06UL_02DX	intra-chromosomal_gaps	8	haplotype2	phased_verkko	misjoin	NA
6	2	TUE_02	TUE_02_06UL_02DX	candidate_inversions_in_the_middle	2	haplotype2	phased_verkko	misjoin	NA
6	2	TUE_02	TUE_02_06UL_02DX	candidate_inversions_at_contig_ends	2	haplotype2	phased_verkko	misjoin	NA
6	2	TUE_02	TUE_02_06UL_02DX	inter-chromosomal_misjoins	0	both	phased_verkko	misjoin	NA
6	2	TUE_02	TUE_02_06UL_02DX	intra-chromosomal_gaps	11	both	phased_verkko	misjoin	NA
6	2	TUE_02	TUE_02_06UL_02DX	candidate_inversions_in_the_middle	2	both	phased_verkko	misjoin	NA
6	2	TUE_02	TUE_02_06UL_02DX	candidate_inversions_at_contig_ends	4	both	phased_verkko	misjoin	NA
6	2	TUE_02	TUE_02_06UL_02DX	variants	376022	both	phased_verkko	whatshap_stats	chr1
6	2	TUE_02	TUE_02_06UL_02DX	blocks	1	both	phased_verkko	whatshap_stats	chr1
6	2	TUE_02	TUE_02_06UL_02DX	variants	352332	both	phased_verkko	whatshap_stats	chr2
6	2	TUE_02	TUE_02_06UL_02DX	blocks	1	both	phased_verkko	whatshap_stats	chr2
6	2	TUE_02	TUE_02_06UL_02DX	variants	304162	both	phased_verkko	whatshap_stats	chr3
6	2	TUE_02	TUE_02_06UL_02DX	blocks	1	both	phased_verkko	whatshap_stats	chr3
6	2	TUE_02	TUE_02_06UL_02DX	variants	330003	both	phased_verkko	whatshap_stats	chr4
6	2	TUE_02	TUE_02_06UL_02DX	blocks	1	both	phased_verkko	whatshap_stats	chr4
6	2	TUE_02	TUE_02_06UL_02DX	variants	272908	both	phased_verkko	whatshap_stats	chr5
6	2	TUE_02	TUE_02_06UL_02DX	blocks	1	both	phased_verkko	whatshap_stats	chr5
6	2	TUE_02	TUE_02_06UL_02DX	variants	305460	both	phased_verkko	whatshap_stats	chr6
6	2	TUE_02	TUE_02_06UL_02DX	blocks	1	both	phased_verkko	whatshap_stats	chr6
6	2	TUE_02	TUE_02_06UL_02DX	variants	280639	both	phased_verkko	whatshap_stats	chr7
6	2	TUE_02	TUE_02_06UL_02DX	blocks	1	both	phased_verkko	whatshap_stats	chr7
6	2	TUE_02	TUE_02_06UL_02DX	variants	127847	both	phased_verkko	whatshap_stats	chrX
6	2	TUE_02	TUE_02_06UL_02DX	blocks	1	both	phased_verkko	whatshap_stats	chrX
6	2	TUE_02	TUE_02_06UL_02DX	variants	233390	both	phased_verkko	whatshap_stats	chr9
6	2	TUE_02	TUE_02_06UL_02DX	blocks	1	both	phased_verkko	whatshap_stats	chr9
6	2	TUE_02	TUE_02_06UL_02DX	variants	237756	both	phased_verkko	whatshap_stats	chr8
6	2	TUE_02	TUE_02_06UL_02DX	blocks	1	both	phased_verkko	whatshap_stats	chr8
6	2	TUE_02	TUE_02_06UL_02DX	variants	276920	both	phased_verkko	whatshap_stats	chr11
6	2	TUE_02	TUE_02_06UL_02DX	blocks	1	both	phased_verkko	whatshap_stats	chr11
6	2	TUE_02	TUE_02_06UL_02DX	variants	219886	both	phased_verkko	whatshap_stats	chr10
6	2	TUE_02	TUE_02_06UL_02DX	blocks	1	both	phased_verkko	whatshap_stats	chr10
6	2	TUE_02	TUE_02_06UL_02DX	variants	204067	both	phased_verkko	whatshap_stats	chr12
6	2	TUE_02	TUE_02_06UL_02DX	blocks	1	both	phased_verkko	whatshap_stats	chr12
6	2	TUE_02	TUE_02_06UL_02DX	variants	166934	both	phased_verkko	whatshap_stats	chr13
6	2	TUE_02	TUE_02_06UL_02DX	blocks	1	both	phased_verkko	whatshap_stats	chr13
6	2	TUE_02	TUE_02_06UL_02DX	variants	213164	both	phased_verkko	whatshap_stats	chr14
6	2	TUE_02	TUE_02_06UL_02DX	blocks	1	both	phased_verkko	whatshap_stats	chr14
6	2	TUE_02	TUE_02_06UL_02DX	variants	217908	both	phased_verkko	whatshap_stats	chr15
6	2	TUE_02	TUE_02_06UL_02DX	blocks	1	both	phased_verkko	whatshap_stats	chr15
6	2	TUE_02	TUE_02_06UL_02DX	variants	182616	both	phased_verkko	whatshap_stats	chr16
6	2	TUE_02	TUE_02_06UL_02DX	blocks	1	both	phased_verkko	whatshap_stats	chr16
6	2	TUE_02	TUE_02_06UL_02DX	variants	151972	both	phased_verkko	whatshap_stats	chr17
6	2	TUE_02	TUE_02_06UL_02DX	blocks	1	both	phased_verkko	whatshap_stats	chr17
6	2	TUE_02	TUE_02_06UL_02DX	variants	132826	both	phased_verkko	whatshap_stats	chr18
6	2	TUE_02	TUE_02_06UL_02DX	blocks	1	both	phased_verkko	whatshap_stats	chr18
6	2	TUE_02	TUE_02_06UL_02DX	variants	124693	both	phased_verkko	whatshap_stats	chr20
6	2	TUE_02	TUE_02_06UL_02DX	blocks	1	both	phased_verkko	whatshap_stats	chr20
6	2	TUE_02	TUE_02_06UL_02DX	variants	119921	both	phased_verkko	whatshap_stats	chr19
6	2	TUE_02	TUE_02_06UL_02DX	blocks	1	both	phased_verkko	whatshap_stats	chr19
6	2	TUE_02	TUE_02_06UL_02DX	variants	147612	both	phased_verkko	whatshap_stats	chr22
6	2	TUE_02	TUE_02_06UL_02DX	blocks	1	both	phased_verkko	whatshap_stats	chr22
6	2	TUE_02	TUE_02_06UL_02DX	variants	112273	both	phased_verkko	whatshap_stats	chr21
6	2	TUE_02	TUE_02_06UL_02DX	blocks	1	both	phased_verkko	whatshap_stats	chr21
6	2	TUE_02	TUE_02_06UL_02DX	variants	5091311	both	phased_verkko	whatshap_stats	ALL
6	2	TUE_02	TUE_02_06UL_02DX	blocks	23	both	phased_verkko	whatshap_stats	ALL
6	2	TUE_02	TUE_02_06UL_02DX	qv	63.6907	haplotype1	phased_verkko	merqury	NA
6	2	TUE_02	TUE_02_06UL_02DX	qv	62.084	haplotype2	phased_verkko	merqury	NA
6	2	TUE_02	TUE_02_06UL_02DX	qv	62.8003	both	phased_verkko	merqury	NA
6	2	TUE_02	TUE_02_06UL_02DX	n_T2T	17	haplotype1	phased_verkko	t2t_alignment	NA
6	2	TUE_02	TUE_02_06UL_02DX	n_T2T	16	haplotype2	phased_verkko	t2t_alignment	NA
6	2	TUE_02	TUE_02_06UL_02DX	n_T2T	0	both	phased_verkko	t2t_alignment	NA
6	2	TUE_02	TUE_02_06UL_02DX	n_T2T	16	haplotype1	phased_verkko	t2t_motif	NA
6	2	TUE_02	TUE_02_06UL_02DX	n_T2T	15	haplotype2	phased_verkko	t2t_motif	NA
6	2	TUE_02	TUE_02_06UL_02DX	n_T2T	0	both	phased_verkko	t2t_motif	NA
6	2	TUE_02	TUE_02_06UL_02DX	total_n_count	1153802	haplotype1	phased_verkko	gap_statistics	NA
6	2	TUE_02	TUE_02_06UL_02DX	total_gaps	33	haplotype1	phased_verkko	gap_statistics	NA
6	2	TUE_02	TUE_02_06UL_02DX	total_n_count	378708	haplotype2	phased_verkko	gap_statistics	NA
6	2	TUE_02	TUE_02_06UL_02DX	total_gaps	21	haplotype2	phased_verkko	gap_statistics	NA
6	2	TUE_02	TUE_02_06UL_02DX	total_n_count	0	both	phased_verkko	gap_statistics	NA
6	2	TUE_02	TUE_02_06UL_02DX	total_gaps	0	both	phased_verkko	gap_statistics	NA
6	2	TUE_02	TUE_02_06UL_02DX	n_contigs	164	haplotype1	phased_verkko	contig_statistics	NA
6	2	TUE_02	TUE_02_06UL_02DX	n_contigs_over_10mb	23	haplotype1	phased_verkko	contig_statistics	NA
6	2	TUE_02	TUE_02_06UL_02DX	n_contigs	186	haplotype2	phased_verkko	contig_statistics	NA
6	2	TUE_02	TUE_02_06UL_02DX	n_contigs_over_10mb	23	haplotype2	phased_verkko	contig_statistics	NA
6	2	TUE_02	TUE_02_06UL_02DX	n_contigs	3416	both	phased_verkko	contig_statistics	NA
6	2	TUE_02	TUE_02_06UL_02DX	n_contigs_over_10mb	211	both	phased_verkko	contig_statistics	NA
1	0	TUE_02	TUE_02_01UL	genome_completeness	82.39105155324215	haplotype1	phased_verkko	asmgene	NA
1	0	TUE_02	TUE_02_01UL	genome_completeness	83.00293482474113	haplotype2	phased_verkko	asmgene	NA
1	1	TUE_02	TUE_02_01UL_01DX	genome_completeness	93.68182069882053	haplotype1	phased_verkko	asmgene	NA
1	1	TUE_02	TUE_02_01UL_01DX	genome_completeness	97.38357605626004	haplotype2	phased_verkko	asmgene	NA
1	2	TUE_02	TUE_02_01UL_02DX	genome_completeness	93.51569854366244	haplotype1	phased_verkko	asmgene	NA
1	2	TUE_02	TUE_02_01UL_02DX	genome_completeness	96.88797829337173	haplotype2	phased_verkko	asmgene	NA
2	0	TUE_02	TUE_02_02UL	genome_completeness	94.57611163408826	haplotype1	phased_verkko	asmgene	NA
2	0	TUE_02	TUE_02_02UL	genome_completeness	98.22803034498034	haplotype2	phased_verkko	asmgene	NA
2	1	TUE_02	TUE_02_02UL_01DX	genome_completeness	94.62041087546376	haplotype1	phased_verkko	asmgene	NA
2	1	TUE_02	TUE_02_02UL_01DX	genome_completeness	98.40522731048232	haplotype2	phased_verkko	asmgene	NA
2	2	TUE_02	TUE_02_02UL_02DX	genome_completeness	94.5373497978847	haplotype1	phased_verkko	asmgene	NA
2	2	TUE_02	TUE_02_02UL_02DX	genome_completeness	98.37200287945069	haplotype2	phased_verkko	asmgene	NA
3	0	TUE_02	TUE_02_03UL	genome_completeness	94.62317957804972	haplotype1	phased_verkko	asmgene	NA
3	0	TUE_02	TUE_02_03UL	genome_completeness	98.39138379755246	haplotype2	phased_verkko	asmgene	NA
3	1	TUE_02	TUE_02_03UL_01DX	genome_completeness	94.5373497978847	haplotype1	phased_verkko	asmgene	NA
3	1	TUE_02	TUE_02_03UL_01DX	genome_completeness	98.40522731048232	haplotype2	phased_verkko	asmgene	NA
3	2	TUE_02	TUE_02_03UL_02DX	genome_completeness	94.6508666039094	haplotype1	phased_verkko	asmgene	NA
3	2	TUE_02	TUE_02_03UL_02DX	genome_completeness	98.36923417686472	haplotype2	phased_verkko	asmgene	NA
4	0	TUE_02	TUE_02_04UL	genome_completeness	94.60933606511989	haplotype1	phased_verkko	asmgene	NA
4	0	TUE_02	TUE_02_04UL	genome_completeness	98.42460822858409	haplotype2	phased_verkko	asmgene	NA
4	1	TUE_02	TUE_02_04UL_01DX	genome_completeness	94.6342543883936	haplotype1	phased_verkko	asmgene	NA
4	1	TUE_02	TUE_02_04UL_01DX	genome_completeness	98.36646547427875	haplotype2	phased_verkko	asmgene	NA
4	2	TUE_02	TUE_02_04UL_02DX	genome_completeness	94.60656736253392	haplotype1	phased_verkko	asmgene	NA
4	2	TUE_02	TUE_02_04UL_02DX	genome_completeness	98.34708455617698	haplotype2	phased_verkko	asmgene	NA
5	0	TUE_02	TUE_02_05UL	genome_completeness	94.70900935821473	haplotype1	phased_verkko	asmgene	NA
5	0	TUE_02	TUE_02_05UL	genome_completeness	98.36369677169279	haplotype2	phased_verkko	asmgene	NA
5	1	TUE_02	TUE_02_05UL_01DX	genome_completeness	94.65917271166731	haplotype1	phased_verkko	asmgene	NA
5	1	TUE_02	TUE_02_05UL_01DX	genome_completeness	98.48828838806135	haplotype2	phased_verkko	asmgene	NA
6	0	TUE_02	TUE_02_06UL	genome_completeness	94.67024752201118	haplotype1	phased_verkko	asmgene	NA
6	0	TUE_02	TUE_02_06UL	genome_completeness	98.43014563375601	haplotype2	phased_verkko	asmgene	NA
6	1	TUE_02	TUE_02_06UL_01DX	genome_completeness	94.70900935821473	haplotype1	phased_verkko	asmgene	NA
6	1	TUE_02	TUE_02_06UL_01DX	genome_completeness	98.43014563375601	haplotype2	phased_verkko	asmgene	NA
6	2	TUE_02	TUE_02_06UL_02DX	genome_completeness	94.55949941857246	haplotype1	phased_verkko	asmgene	NA
6	2	TUE_02	TUE_02_06UL_02DX	genome_completeness	98.43568303892796	haplotype2	phased_verkko	asmgene	NA
1	0	TUE_02	TUE_02_01UL	MMC	0.30108991825613074	haplotype1	phased_verkko	asmgene	NA
1	0	TUE_02	TUE_02_01UL	MMC	0.25136239782016345	haplotype2	phased_verkko	asmgene	NA
1	1	TUE_02	TUE_02_01UL_01DX	MMC	0.23910081743869205	haplotype1	phased_verkko	asmgene	NA
1	1	TUE_02	TUE_02_01UL_01DX	MMC	0.1607629427792916	haplotype2	phased_verkko	asmgene	NA
1	2	TUE_02	TUE_02_01UL_02DX	MMC	0.23910081743869205	haplotype1	phased_verkko	asmgene	NA
1	2	TUE_02	TUE_02_01UL_02DX	MMC	0.16757493188010897	haplotype2	phased_verkko	asmgene	NA
2	0	TUE_02	TUE_02_02UL	MMC	0.19959128065395093	haplotype1	phased_verkko	asmgene	NA
2	0	TUE_02	TUE_02_02UL	MMC	0.2009536784741145	haplotype2	phased_verkko	asmgene	NA
2	1	TUE_02	TUE_02_02UL_01DX	MMC	0.19277929155313356	haplotype1	phased_verkko	asmgene	NA
2	1	TUE_02	TUE_02_02UL_01DX	MMC	0.19891008174386926	haplotype2	phased_verkko	asmgene	NA
2	2	TUE_02	TUE_02_02UL_02DX	MMC	0.17506811989100812	haplotype1	phased_verkko	asmgene	NA
2	2	TUE_02	TUE_02_02UL_02DX	MMC	0.2159400544959128	haplotype2	phased_verkko	asmgene	NA
3	0	TUE_02	TUE_02_03UL	MMC	0.1757493188010899	haplotype1	phased_verkko	asmgene	NA
3	0	TUE_02	TUE_02_03UL	MMC	0.22683923705722076	haplotype2	phased_verkko	asmgene	NA
3	1	TUE_02	TUE_02_03UL_01DX	MMC	0.17029972752043598	haplotype1	phased_verkko	asmgene	NA
3	1	TUE_02	TUE_02_03UL_01DX	MMC	0.2377384196185286	haplotype2	phased_verkko	asmgene	NA
3	2	TUE_02	TUE_02_03UL_02DX	MMC	0.1975476839237057	haplotype1	phased_verkko	asmgene	NA
3	2	TUE_02	TUE_02_03UL_02DX	MMC	0.21117166212534055	haplotype2	phased_verkko	asmgene	NA
4	0	TUE_02	TUE_02_04UL	MMC	0.17098092643051777	haplotype1	phased_verkko	asmgene	NA
4	0	TUE_02	TUE_02_04UL	MMC	0.23569482288828336	haplotype2	phased_verkko	asmgene	NA
4	1	TUE_02	TUE_02_04UL_01DX	MMC	0.19209809264305178	haplotype1	phased_verkko	asmgene	NA
4	1	TUE_02	TUE_02_04UL_01DX	MMC	0.21253405994550412	haplotype2	phased_verkko	asmgene	NA
4	2	TUE_02	TUE_02_04UL_02DX	MMC	0.17506811989100812	haplotype1	phased_verkko	asmgene	NA
4	2	TUE_02	TUE_02_04UL_02DX	MMC	0.2254768392370572	haplotype2	phased_verkko	asmgene	NA
5	0	TUE_02	TUE_02_05UL	MMC	0.19346049046321523	haplotype1	phased_verkko	asmgene	NA
5	0	TUE_02	TUE_02_05UL	MMC	0.21730245231607626	haplotype2	phased_verkko	asmgene	NA
5	1	TUE_02	TUE_02_05UL_01DX	MMC	0.17847411444141692	haplotype1	phased_verkko	asmgene	NA
5	1	TUE_02	TUE_02_05UL_01DX	MMC	0.2316076294277929	haplotype2	phased_verkko	asmgene	NA
6	0	TUE_02	TUE_02_06UL	MMC	0.2002724795640327	haplotype1	phased_verkko	asmgene	NA
6	0	TUE_02	TUE_02_06UL	MMC	0.21049046321525888	haplotype2	phased_verkko	asmgene	NA
6	1	TUE_02	TUE_02_06UL_01DX	MMC	0.20299727520435973	haplotype1	phased_verkko	asmgene	NA
6	1	TUE_02	TUE_02_06UL_01DX	MMC	0.20776566757493187	haplotype2	phased_verkko	asmgene	NA
6	2	TUE_02	TUE_02_06UL_02DX	MMC	0.19346049046321523	haplotype1	phased_verkko	asmgene	NA
6	2	TUE_02	TUE_02_06UL_02DX	MMC	0.21253405994550412	haplotype2	phased_verkko	asmgene	NA
1	0	TUE_02	TUE_02_01UL	MSC	0.1760894844675785	haplotype1	phased_verkko	asmgene	NA
1	0	TUE_02	TUE_02_01UL	MSC	0.16997065175258874	haplotype2	phased_verkko	asmgene	NA
1	1	TUE_02	TUE_02_01UL_01DX	MSC	0.06318179301179468	haplotype1	phased_verkko	asmgene	NA
1	1	TUE_02	TUE_02_01UL_01DX	MSC	0.026164239437399636	haplotype2	phased_verkko	asmgene	NA
1	2	TUE_02	TUE_02_01UL_02DX	MSC	0.0648430145633756	haplotype1	phased_verkko	asmgene	NA
1	2	TUE_02	TUE_02_01UL_02DX	MSC	0.03112021706628274	haplotype2	phased_verkko	asmgene	NA
2	0	TUE_02	TUE_02_02UL	MSC	0.05423888365911734	haplotype1	phased_verkko	asmgene	NA
2	0	TUE_02	TUE_02_02UL	MSC	0.01771969655019658	haplotype2	phased_verkko	asmgene	NA
2	1	TUE_02	TUE_02_02UL_01DX	MSC	0.05379589124536242	haplotype1	phased_verkko	asmgene	NA
2	1	TUE_02	TUE_02_02UL_01DX	MSC	0.01594772689517692	haplotype2	phased_verkko	asmgene	NA
2	2	TUE_02	TUE_02_02UL_02DX	MSC	0.054626502021152885	haplotype1	phased_verkko	asmgene	NA
2	2	TUE_02	TUE_02_02UL_02DX	MSC	0.016279971205493106	haplotype2	phased_verkko	asmgene	NA
3	0	TUE_02	TUE_02_03UL	MSC	0.05376820421950274	haplotype1	phased_verkko	asmgene	NA
3	0	TUE_02	TUE_02_03UL	MSC	0.016086162024475333	haplotype2	phased_verkko	asmgene	NA
3	1	TUE_02	TUE_02_03UL_01DX	MSC	0.054626502021152885	haplotype1	phased_verkko	asmgene	NA
3	1	TUE_02	TUE_02_03UL_01DX	MSC	0.01594772689517692	haplotype2	phased_verkko	asmgene	NA
3	2	TUE_02	TUE_02_03UL_02DX	MSC	0.05349133396090592	haplotype1	phased_verkko	asmgene	NA
3	2	TUE_02	TUE_02_03UL_02DX	MSC	0.016307658231352787	haplotype2	phased_verkko	asmgene	NA
4	0	TUE_02	TUE_02_04UL	MSC	0.053906639348801154	haplotype1	phased_verkko	asmgene	NA
4	0	TUE_02	TUE_02_04UL	MSC	0.015753917714159144	haplotype2	phased_verkko	asmgene	NA
4	1	TUE_02	TUE_02_04UL_01DX	MSC	0.05365745611606401	haplotype1	phased_verkko	asmgene	NA
4	1	TUE_02	TUE_02_04UL_01DX	MSC	0.01633534525721247	haplotype2	phased_verkko	asmgene	NA
4	2	TUE_02	TUE_02_04UL_02DX	MSC	0.053934326374660835	haplotype1	phased_verkko	asmgene	NA
4	2	TUE_02	TUE_02_04UL_02DX	MSC	0.016529154438230245	haplotype2	phased_verkko	asmgene	NA
5	0	TUE_02	TUE_02_05UL	MSC	0.05290990641785259	haplotype1	phased_verkko	asmgene	NA
5	0	TUE_02	TUE_02_05UL	MSC	0.016363032283072152	haplotype2	phased_verkko	asmgene	NA
5	1	TUE_02	TUE_02_05UL_01DX	MSC	0.05340827288332687	haplotype1	phased_verkko	asmgene	NA
5	1	TUE_02	TUE_02_05UL_01DX	MSC	0.015117116119386455	haplotype2	phased_verkko	asmgene	NA
6	0	TUE_02	TUE_02_06UL	MSC	0.053297524779888146	haplotype1	phased_verkko	asmgene	NA
6	0	TUE_02	TUE_02_06UL	MSC	0.015698543662439782	haplotype2	phased_verkko	asmgene	NA
6	1	TUE_02	TUE_02_06UL_01DX	MSC	0.05290990641785259	haplotype1	phased_verkko	asmgene	NA
6	1	TUE_02	TUE_02_06UL_01DX	MSC	0.015698543662439782	haplotype2	phased_verkko	asmgene	NA
6	2	TUE_02	TUE_02_06UL_02DX	MSC	0.05440500581427543	haplotype1	phased_verkko	asmgene	NA
6	2	TUE_02	TUE_02_06UL_02DX	MSC	0.015643169610720417	haplotype2	phased_verkko	asmgene	NA
1	0	TUE_02	TUE_02_01UL	overall_switch_rate	0.052715951876966004	both	phased_verkko	whatshap_compare_aggregated	ALL
1	1	TUE_02	TUE_02_01UL_01DX	overall_switch_rate	0.053433807984780174	both	phased_verkko	whatshap_compare_aggregated	ALL
1	2	TUE_02	TUE_02_01UL_02DX	overall_switch_rate	0.05344697662585454	both	phased_verkko	whatshap_compare_aggregated	ALL
2	0	TUE_02	TUE_02_02UL	overall_switch_rate	0.05342681323037975	both	phased_verkko	whatshap_compare_aggregated	ALL
2	1	TUE_02	TUE_02_02UL_01DX	overall_switch_rate	0.05320305467069155	both	phased_verkko	whatshap_compare_aggregated	ALL
2	2	TUE_02	TUE_02_02UL_02DX	overall_switch_rate	0.053342657722498174	both	phased_verkko	whatshap_compare_aggregated	ALL
3	0	TUE_02	TUE_02_03UL	overall_switch_rate	0.0534294895167198	both	phased_verkko	whatshap_compare_aggregated	ALL
3	1	TUE_02	TUE_02_03UL_01DX	overall_switch_rate	0.053939456555742005	both	phased_verkko	whatshap_compare_aggregated	ALL
3	2	TUE_02	TUE_02_03UL_02DX	overall_switch_rate	0.05294555551664977	both	phased_verkko	whatshap_compare_aggregated	ALL
4	0	TUE_02	TUE_02_04UL	overall_switch_rate	0.05341429312865982	both	phased_verkko	whatshap_compare_aggregated	ALL
4	1	TUE_02	TUE_02_04UL_01DX	overall_switch_rate	0.0535700944643012	both	phased_verkko	whatshap_compare_aggregated	ALL
4	2	TUE_02	TUE_02_04UL_02DX	overall_switch_rate	0.05306909313589197	both	phased_verkko	whatshap_compare_aggregated	ALL
5	0	TUE_02	TUE_02_05UL	overall_switch_rate	0.05322137391348559	both	phased_verkko	whatshap_compare_aggregated	ALL
5	1	TUE_02	TUE_02_05UL_01DX	overall_switch_rate	0.05381585875139958	both	phased_verkko	whatshap_compare_aggregated	ALL
6	0	TUE_02	TUE_02_06UL	overall_switch_rate	0.053303587167779054	both	phased_verkko	whatshap_compare_aggregated	ALL
6	1	TUE_02	TUE_02_06UL_01DX	overall_switch_rate	0.053474898073514264	both	phased_verkko	whatshap_compare_aggregated	ALL
6	2	TUE_02	TUE_02_06UL_02DX	overall_switch_rate	0.05292965725857486	both	phased_verkko	whatshap_compare_aggregated	ALL
