id,window,forward_repeat_number,reverse_repeat_number,telomeric_repeat
contig-0000001_Start,1000,2,0,TTAGGG
contig-0000002_Start,1000,0,0,TTAGGG
contig-0000003_Start,1000,1,0,TTAGGG
contig-0000004_Start,1000,0,0,TTAGGG
contig-0000005_Start,1000,0,0,TTAGGG
contig-0000006_Start,1000,0,0,TTAGGG
contig-0000008_Start,1000,0,0,TTAGGG
contig-0000009_Start,1000,0,1,TTAGGG
contig-0000010_Start,1000,0,0,TTAGGG
contig-0000011_Start,1000,1,0,TTAGGG
contig-0000012_Start,1000,0,0,TTAGGG
contig-0000014_Start,1000,0,1,TTAGGG
contig-0000015_Start,1000,0,0,TTAGGG
contig-0000016_Start,1000,0,0,TTAGGG
contig-0000017_Start,1000,0,0,TTAGGG
contig-0000018_Start,1000,0,0,TTAGGG
contig-0000019_Start,1000,0,0,TTAGGG
contig-0000020_Start,1000,1,0,TTAGGG
contig-0000021_Start,1000,0,0,TTAGGG
contig-0000022_Start,1000,0,0,TTAGGG
contig-0000023_Start,1000,0,0,TTAGGG
contig-0000024_Start,1000,2,0,TTAGGG
contig-0000026_Start,1000,0,0,TTAGGG
contig-0000027_Start,1000,0,163,TTAGGG
contig-0000028_Start,1000,0,0,TTAGGG
contig-0000029_Start,1000,0,0,TTAGGG
contig-0000030_Start,1000,0,0,TTAGGG
contig-0000031_Start,1000,0,0,TTAGGG
contig-0000032_Start,1000,1,0,TTAGGG
contig-0000033_Start,1000,1,0,TTAGGG
contig-0000034_Start,1000,0,1,TTAGGG
contig-0000035_Start,1000,1,0,TTAGGG
contig-0000036_Start,1000,0,0,TTAGGG
contig-0000037_Start,1000,0,0,TTAGGG
contig-0000038_Start,1000,0,0,TTAGGG
contig-0000039_Start,1000,1,0,TTAGGG
contig-0000040_Start,1000,0,0,TTAGGG
contig-0000041_Start,1000,0,0,TTAGGG
contig-0000042_Start,1000,0,0,TTAGGG
contig-0000043_Start,1000,0,0,TTAGGG
contig-0000044_Start,1000,0,0,TTAGGG
contig-0000045_Start,1000,0,0,TTAGGG
contig-0000046_Start,1000,0,0,TTAGGG
contig-0000047_Start,1000,0,0,TTAGGG
contig-0000048_Start,1000,0,0,TTAGGG
contig-0000049_Start,1000,0,0,TTAGGG
contig-0000050_Start,1000,0,0,TTAGGG
contig-0000051_Start,1000,0,0,TTAGGG
contig-0000052_Start,1000,0,0,TTAGGG
contig-0000053_Start,1000,0,0,TTAGGG
contig-0000054_Start,1000,0,0,TTAGGG
contig-0000055_Start,1000,0,0,TTAGGG
contig-0000056_Start,1000,0,0,TTAGGG
contig-0000057_Start,1000,0,0,TTAGGG
contig-0000058_Start,1000,1,0,TTAGGG
contig-0000059_Start,1000,0,0,TTAGGG
contig-0000060_Start,1000,0,0,TTAGGG
contig-0000061_Start,1000,0,0,TTAGGG
contig-0000062_Start,1000,0,0,TTAGGG
contig-0000063_Start,1000,0,0,TTAGGG
contig-0000064_Start,1000,0,0,TTAGGG
contig-0000065_Start,1000,0,0,TTAGGG
contig-0000066_Start,1000,0,0,TTAGGG
contig-0000067_Start,1000,0,0,TTAGGG
contig-0000068_Start,1000,0,1,TTAGGG
contig-0000069_Start,1000,0,0,TTAGGG
contig-0000070_Start,1000,0,0,TTAGGG
contig-0000071_Start,1000,0,0,TTAGGG
contig-0000072_Start,1000,0,0,TTAGGG
contig-0000073_Start,1000,0,0,TTAGGG
contig-0000074_Start,1000,0,0,TTAGGG
contig-0000075_Start,1000,0,0,TTAGGG
contig-0000077_Start,1000,0,0,TTAGGG
contig-0000078_Start,1000,0,1,TTAGGG
contig-0000080_Start,1000,0,165,TTAGGG
contig-0000081_Start,1000,0,0,TTAGGG
contig-0000082_Start,1000,0,0,TTAGGG
contig-0000083_Start,1000,0,0,TTAGGG
contig-0000084_Start,1000,0,0,TTAGGG
contig-0000085_Start,1000,0,0,TTAGGG
contig-0000086_Start,1000,0,0,TTAGGG
contig-0000087_Start,1000,1,0,TTAGGG
contig-0000088_Start,1000,0,0,TTAGGG
contig-0000089_Start,1000,0,0,TTAGGG
contig-0000090_Start,1000,0,0,TTAGGG
contig-0000091_Start,1000,0,1,TTAGGG
contig-0000092_Start,1000,0,0,TTAGGG
contig-0000093_Start,1000,0,0,TTAGGG
contig-0000094_Start,1000,0,0,TTAGGG
contig-0000095_Start,1000,0,0,TTAGGG
contig-0000096_Start,1000,0,0,TTAGGG
contig-0000097_Start,1000,1,0,TTAGGG
contig-0000098_Start,1000,0,0,TTAGGG
contig-0000099_Start,1000,0,0,TTAGGG
contig-0000100_Start,1000,0,0,TTAGGG
contig-0000101_Start,1000,0,1,TTAGGG
contig-0000103_Start,1000,0,0,TTAGGG
contig-0000104_Start,1000,1,0,TTAGGG
contig-0000105_Start,1000,0,0,TTAGGG
contig-0000106_Start,1000,0,0,TTAGGG
contig-0000107_Start,1000,0,0,TTAGGG
contig-0000108_Start,1000,0,0,TTAGGG
contig-0000109_Start,1000,0,1,TTAGGG
contig-0000110_Start,1000,0,0,TTAGGG
contig-0000111_Start,1000,0,2,TTAGGG
contig-0000112_Start,1000,1,0,TTAGGG
contig-0000113_Start,1000,0,0,TTAGGG
contig-0000114_Start,1000,0,0,TTAGGG
contig-0000115_Start,1000,0,1,TTAGGG
contig-0000116_Start,1000,0,0,TTAGGG
contig-0000117_Start,1000,0,0,TTAGGG
contig-0000119_Start,1000,0,0,TTAGGG
contig-0000120_Start,1000,0,0,TTAGGG
contig-0000121_Start,1000,0,0,TTAGGG
contig-0000122_Start,1000,0,0,TTAGGG
contig-0000123_Start,1000,0,0,TTAGGG
contig-0000126_Start,1000,1,0,TTAGGG
contig-0000127_Start,1000,0,0,TTAGGG
contig-0000128_Start,1000,0,0,TTAGGG
contig-0000131_Start,1000,0,0,TTAGGG
contig-0000132_Start,1000,0,0,TTAGGG
contig-0000133_Start,1000,0,0,TTAGGG
contig-0000134_Start,1000,0,0,TTAGGG
contig-0000135_Start,1000,0,0,TTAGGG
contig-0000136_Start,1000,0,0,TTAGGG
contig-0000137_Start,1000,1,0,TTAGGG
contig-0000138_Start,1000,0,0,TTAGGG
contig-0000139_Start,1000,0,0,TTAGGG
contig-0000140_Start,1000,0,0,TTAGGG
contig-0000141_Start,1000,0,0,TTAGGG
contig-0000142_Start,1000,0,0,TTAGGG
contig-0000143_Start,1000,0,0,TTAGGG
contig-0000144_Start,1000,0,0,TTAGGG
contig-0000145_Start,1000,1,0,TTAGGG
contig-0000146_Start,1000,1,0,TTAGGG
contig-0000147_Start,1000,0,0,TTAGGG
contig-0000148_Start,1000,0,0,TTAGGG
contig-0000149_Start,1000,0,0,TTAGGG
contig-0000150_Start,1000,0,0,TTAGGG
contig-0000151_Start,1000,0,0,TTAGGG
contig-0000152_Start,1000,0,0,TTAGGG
contig-0000153_Start,1000,0,0,TTAGGG
contig-0000154_Start,1000,0,0,TTAGGG
contig-0000155_Start,1000,0,0,TTAGGG
contig-0000157_Start,1000,0,164,TTAGGG
contig-0000158_Start,1000,0,0,TTAGGG
contig-0000159_Start,1000,0,0,TTAGGG
contig-0000160_Start,1000,0,0,TTAGGG
contig-0000161_Start,1000,0,0,TTAGGG
contig-0000164_Start,1000,0,0,TTAGGG
contig-0000165_Start,1000,0,0,TTAGGG
contig-0000166_Start,1000,0,0,TTAGGG
contig-0000167_Start,1000,0,0,TTAGGG
contig-0000168_Start,1000,0,0,TTAGGG
contig-0000169_Start,1000,0,1,TTAGGG
contig-0000170_Start,1000,0,0,TTAGGG
contig-0000171_Start,1000,0,0,TTAGGG
contig-0000174_Start,1000,0,1,TTAGGG
contig-0000175_Start,1000,0,0,TTAGGG
contig-0000176_Start,1000,0,0,TTAGGG
contig-0000177_Start,1000,0,0,TTAGGG
contig-0000178_Start,1000,0,0,TTAGGG
contig-0000179_Start,1000,0,0,TTAGGG
contig-0000181_Start,1000,0,0,TTAGGG
contig-0000182_Start,1000,0,0,TTAGGG
contig-0000183_Start,1000,0,0,TTAGGG
contig-0000184_Start,1000,0,0,TTAGGG
contig-0000185_Start,1000,0,0,TTAGGG
contig-0000186_Start,1000,0,0,TTAGGG
contig-0000187_Start,1000,0,0,TTAGGG
contig-0000188_Start,1000,0,0,TTAGGG
contig-0000190_Start,1000,0,1,TTAGGG
contig-0000191_Start,1000,0,0,TTAGGG
contig-0000192_Start,1000,0,0,TTAGGG
contig-0000193_Start,1000,0,0,TTAGGG
contig-0000194_Start,1000,0,2,TTAGGG
contig-0000195_Start,1000,1,0,TTAGGG
contig-0000196_Start,1000,0,0,TTAGGG
contig-0000197_Start,1000,0,0,TTAGGG
contig-0000198_Start,1000,0,0,TTAGGG
contig-0000199_Start,1000,0,1,TTAGGG
contig-0000200_Start,1000,0,0,TTAGGG
contig-0000201_Start,1000,0,0,TTAGGG
contig-0000202_Start,1000,0,0,TTAGGG
contig-0000203_Start,1000,0,0,TTAGGG
contig-0000204_Start,1000,0,0,TTAGGG
contig-0000205_Start,1000,1,2,TTAGGG
contig-0000206_Start,1000,0,0,TTAGGG
contig-0000207_Start,1000,0,1,TTAGGG
contig-0000208_Start,1000,0,0,TTAGGG
contig-0000209_Start,1000,0,0,TTAGGG
contig-0000210_Start,1000,0,1,TTAGGG
contig-0000211_Start,1000,0,0,TTAGGG
contig-0000212_Start,1000,0,0,TTAGGG
contig-0000213_Start,1000,0,0,TTAGGG
contig-0000214_Start,1000,0,0,TTAGGG
contig-0000215_Start,1000,0,0,TTAGGG
contig-0000216_Start,1000,0,1,TTAGGG
contig-0000217_Start,1000,1,0,TTAGGG
contig-0000221_Start,1000,0,0,TTAGGG
contig-0000222_Start,1000,0,0,TTAGGG
contig-0000223_Start,1000,0,163,TTAGGG
contig-0000224_Start,1000,0,0,TTAGGG
contig-0000225_Start,1000,1,1,TTAGGG
contig-0000226_Start,1000,0,0,TTAGGG
contig-0000227_Start,1000,0,0,TTAGGG
contig-0000228_Start,1000,0,0,TTAGGG
contig-0000229_Start,1000,0,0,TTAGGG
contig-0000230_Start,1000,0,0,TTAGGG
contig-0000231_Start,1000,0,0,TTAGGG
contig-0000232_Start,1000,0,0,TTAGGG
contig-0000233_Start,1000,0,0,TTAGGG
contig-0000234_Start,1000,0,1,TTAGGG
contig-0000235_Start,1000,0,0,TTAGGG
contig-0000236_Start,1000,0,163,TTAGGG
contig-0000237_Start,1000,0,1,TTAGGG
contig-0000238_Start,1000,0,0,TTAGGG
contig-0000239_Start,1000,0,0,TTAGGG
contig-0000240_Start,1000,1,0,TTAGGG
contig-0000241_Start,1000,0,0,TTAGGG
contig-0000243_Start,1000,0,0,TTAGGG
contig-0000245_Start,1000,0,0,TTAGGG
contig-0000248_Start,1000,2,0,TTAGGG
contig-0000250_Start,1000,0,0,TTAGGG
contig-0000251_Start,1000,0,0,TTAGGG
contig-0000252_Start,1000,0,0,TTAGGG
contig-0000253_Start,1000,0,0,TTAGGG
contig-0000254_Start,1000,0,0,TTAGGG
contig-0000255_Start,1000,0,0,TTAGGG
contig-0000256_Start,1000,0,0,TTAGGG
contig-0000257_Start,1000,0,0,TTAGGG
contig-0000258_Start,1000,0,0,TTAGGG
contig-0000259_Start,1000,0,1,TTAGGG
contig-0000260_Start,1000,0,0,TTAGGG
contig-0000261_Start,1000,0,1,TTAGGG
contig-0000262_Start,1000,0,0,TTAGGG
contig-0000263_Start,1000,0,0,TTAGGG
contig-0000264_Start,1000,0,0,TTAGGG
contig-0000265_Start,1000,0,0,TTAGGG
contig-0000266_Start,1000,0,0,TTAGGG
contig-0000267_Start,1000,0,1,TTAGGG
contig-0000268_Start,1000,0,1,TTAGGG
contig-0000269_Start,1000,0,0,TTAGGG
contig-0000270_Start,1000,0,0,TTAGGG
contig-0000271_Start,1000,0,0,TTAGGG
contig-0000272_Start,1000,0,0,TTAGGG
contig-0000273_Start,1000,0,0,TTAGGG
contig-0000274_Start,1000,0,0,TTAGGG
contig-0000275_Start,1000,0,0,TTAGGG
contig-0000276_Start,1000,0,0,TTAGGG
contig-0000277_Start,1000,0,0,TTAGGG
contig-0000278_Start,1000,0,0,TTAGGG
contig-0000279_Start,1000,0,0,TTAGGG
contig-0000280_Start,1000,0,0,TTAGGG
contig-0000281_Start,1000,0,0,TTAGGG
contig-0000282_Start,1000,0,0,TTAGGG
contig-0000283_Start,1000,1,0,TTAGGG
contig-0000285_Start,1000,0,0,TTAGGG
contig-0000286_Start,1000,0,0,TTAGGG
contig-0000287_Start,1000,2,0,TTAGGG
contig-0000288_Start,1000,0,0,TTAGGG
contig-0000289_Start,1000,0,0,TTAGGG
contig-0000290_Start,1000,0,0,TTAGGG
contig-0000291_Start,1000,0,0,TTAGGG
contig-0000292_Start,1000,0,0,TTAGGG
contig-0000293_Start,1000,0,0,TTAGGG
contig-0000294_Start,1000,0,1,TTAGGG
contig-0000295_Start,1000,0,0,TTAGGG
contig-0000296_Start,1000,0,0,TTAGGG
contig-0000297_Start,1000,0,0,TTAGGG
contig-0000298_Start,1000,0,0,TTAGGG
contig-0000299_Start,1000,0,0,TTAGGG
contig-0000300_Start,1000,0,0,TTAGGG
contig-0000301_Start,1000,0,0,TTAGGG
contig-0000302_Start,1000,0,1,TTAGGG
contig-0000303_Start,1000,0,0,TTAGGG
contig-0000304_Start,1000,0,1,TTAGGG
contig-0000305_Start,1000,0,0,TTAGGG
contig-0000306_Start,1000,0,0,TTAGGG
contig-0000307_Start,1000,0,0,TTAGGG
contig-0000308_Start,1000,1,0,TTAGGG
contig-0000309_Start,1000,0,0,TTAGGG
contig-0000310_Start,1000,2,0,TTAGGG
contig-0000311_Start,1000,0,0,TTAGGG
contig-0000312_Start,1000,0,0,TTAGGG
contig-0000313_Start,1000,0,0,TTAGGG
contig-0000314_Start,1000,0,2,TTAGGG
contig-0000316_Start,1000,0,0,TTAGGG
contig-0000317_Start,1000,0,1,TTAGGG
contig-0000318_Start,1000,1,0,TTAGGG
contig-0000319_Start,1000,0,0,TTAGGG
contig-0000320_Start,1000,0,0,TTAGGG
contig-0000321_Start,1000,0,0,TTAGGG
contig-0000322_Start,1000,0,0,TTAGGG
contig-0000323_Start,1000,0,0,TTAGGG
contig-0000324_Start,1000,0,0,TTAGGG
contig-0000325_Start,1000,0,0,TTAGGG
contig-0000326_Start,1000,0,0,TTAGGG
contig-0000328_Start,1000,1,0,TTAGGG
contig-0000329_Start,1000,0,0,TTAGGG
contig-0000330_Start,1000,0,0,TTAGGG
contig-0000331_Start,1000,0,0,TTAGGG
contig-0000333_Start,1000,0,0,TTAGGG
contig-0000334_Start,1000,0,0,TTAGGG
contig-0000335_Start,1000,0,0,TTAGGG
contig-0000336_Start,1000,0,0,TTAGGG
contig-0000337_Start,1000,0,0,TTAGGG
contig-0000338_Start,1000,0,1,TTAGGG
contig-0000339_Start,1000,0,0,TTAGGG
contig-0000340_Start,1000,0,0,TTAGGG
contig-0000341_Start,1000,0,1,TTAGGG
contig-0000342_Start,1000,0,0,TTAGGG
contig-0000343_Start,1000,0,0,TTAGGG
contig-0000344_Start,1000,0,0,TTAGGG
contig-0000345_Start,1000,0,0,TTAGGG
contig-0000346_Start,1000,0,0,TTAGGG
contig-0000347_Start,1000,0,0,TTAGGG
contig-0000348_Start,1000,0,0,TTAGGG
contig-0000349_Start,1000,0,0,TTAGGG
contig-0000350_Start,1000,0,0,TTAGGG
contig-0000351_Start,1000,1,0,TTAGGG
contig-0000352_Start,1000,0,0,TTAGGG
contig-0000353_Start,1000,0,0,TTAGGG
contig-0000354_Start,1000,2,0,TTAGGG
contig-0000355_Start,1000,0,0,TTAGGG
contig-0000356_Start,1000,2,0,TTAGGG
contig-0000357_Start,1000,0,0,TTAGGG
contig-0000358_Start,1000,0,0,TTAGGG
contig-0000359_Start,1000,0,0,TTAGGG
contig-0000360_Start,1000,0,0,TTAGGG
contig-0000361_Start,1000,0,0,TTAGGG
contig-0000362_Start,1000,0,0,TTAGGG
contig-0000363_Start,1000,0,0,TTAGGG
contig-0000365_Start,1000,2,0,TTAGGG
contig-0000366_Start,1000,0,0,TTAGGG
contig-0000367_Start,1000,0,0,TTAGGG
contig-0000369_Start,1000,0,0,TTAGGG
contig-0000370_Start,1000,0,0,TTAGGG
contig-0000371_Start,1000,0,0,TTAGGG
contig-0000372_Start,1000,0,0,TTAGGG
contig-0000373_Start,1000,0,0,TTAGGG
contig-0000375_Start,1000,0,0,TTAGGG
contig-0000376_Start,1000,0,0,TTAGGG
contig-0000377_Start,1000,0,0,TTAGGG
contig-0000378_Start,1000,1,0,TTAGGG
contig-0000379_Start,1000,1,0,TTAGGG
contig-0000380_Start,1000,0,0,TTAGGG
contig-0000381_Start,1000,1,0,TTAGGG
contig-0000382_Start,1000,1,0,TTAGGG
contig-0000383_Start,1000,0,0,TTAGGG
contig-0000384_Start,1000,0,0,TTAGGG
contig-0000385_Start,1000,0,0,TTAGGG
contig-0000386_Start,1000,0,164,TTAGGG
contig-0000387_Start,1000,0,0,TTAGGG
contig-0000388_Start,1000,0,0,TTAGGG
contig-0000389_Start,1000,0,0,TTAGGG
contig-0000390_Start,1000,0,0,TTAGGG
contig-0000391_Start,1000,1,0,TTAGGG
contig-0000392_Start,1000,0,0,TTAGGG
contig-0000393_Start,1000,0,0,TTAGGG
contig-0000394_Start,1000,0,1,TTAGGG
contig-0000395_Start,1000,0,0,TTAGGG
contig-0000396_Start,1000,0,1,TTAGGG
contig-0000398_Start,1000,0,1,TTAGGG
contig-0000399_Start,1000,0,0,TTAGGG
contig-0000400_Start,1000,0,0,TTAGGG
contig-0000401_Start,1000,0,0,TTAGGG
contig-0000403_Start,1000,0,0,TTAGGG
contig-0000404_Start,1000,1,0,TTAGGG
contig-0000405_Start,1000,0,0,TTAGGG
contig-0000406_Start,1000,0,0,TTAGGG
contig-0000407_Start,1000,1,0,TTAGGG
contig-0000408_Start,1000,2,0,TTAGGG
contig-0000409_Start,1000,0,163,TTAGGG
contig-0000410_Start,1000,0,0,TTAGGG
contig-0000411_Start,1000,0,0,TTAGGG
contig-0000412_Start,1000,0,0,TTAGGG
contig-0000413_Start,1000,1,2,TTAGGG
contig-0000414_Start,1000,0,0,TTAGGG
contig-0000415_Start,1000,0,0,TTAGGG
contig-0000416_Start,1000,0,0,TTAGGG
contig-0000417_Start,1000,0,0,TTAGGG
contig-0000418_Start,1000,1,0,TTAGGG
contig-0000419_Start,1000,0,0,TTAGGG
contig-0000420_Start,1000,1,0,TTAGGG
contig-0000421_Start,1000,0,0,TTAGGG
contig-0000422_Start,1000,0,0,TTAGGG
contig-0000423_Start,1000,0,0,TTAGGG
contig-0000424_Start,1000,0,0,TTAGGG
contig-0000425_Start,1000,0,0,TTAGGG
contig-0000426_Start,1000,0,0,TTAGGG
contig-0000427_Start,1000,0,0,TTAGGG
contig-0000428_Start,1000,0,0,TTAGGG
contig-0000429_Start,1000,0,0,TTAGGG
contig-0000430_Start,1000,0,0,TTAGGG
contig-0000431_Start,1000,0,0,TTAGGG
contig-0000432_Start,1000,0,0,TTAGGG
contig-0000433_Start,1000,0,0,TTAGGG
contig-0000434_Start,1000,0,0,TTAGGG
contig-0000435_Start,1000,0,0,TTAGGG
contig-0000436_Start,1000,0,0,TTAGGG
contig-0000437_Start,1000,0,0,TTAGGG
contig-0000438_Start,1000,0,0,TTAGGG
contig-0000439_Start,1000,0,0,TTAGGG
contig-0000440_Start,1000,0,0,TTAGGG
contig-0000441_Start,1000,1,0,TTAGGG
contig-0000442_Start,1000,0,0,TTAGGG
contig-0000443_Start,1000,0,0,TTAGGG
contig-0000444_Start,1000,0,0,TTAGGG
contig-0000447_Start,1000,0,0,TTAGGG
contig-0000448_Start,1000,1,0,TTAGGG
contig-0000449_Start,1000,0,0,TTAGGG
contig-0000450_Start,1000,0,0,TTAGGG
contig-0000451_Start,1000,0,1,TTAGGG
contig-0000452_Start,1000,0,0,TTAGGG
contig-0000453_Start,1000,0,0,TTAGGG
contig-0000454_Start,1000,0,0,TTAGGG
contig-0000456_Start,1000,0,0,TTAGGG
contig-0000457_Start,1000,0,0,TTAGGG
contig-0000458_Start,1000,0,0,TTAGGG
contig-0000459_Start,1000,0,0,TTAGGG
contig-0000460_Start,1000,0,0,TTAGGG
contig-0000461_Start,1000,0,0,TTAGGG
contig-0000462_Start,1000,0,0,TTAGGG
contig-0000463_Start,1000,0,0,TTAGGG
contig-0000464_Start,1000,0,0,TTAGGG
contig-0000465_Start,1000,0,0,TTAGGG
contig-0000466_Start,1000,1,0,TTAGGG
contig-0000468_Start,1000,0,0,TTAGGG
contig-0000469_Start,1000,0,0,TTAGGG
contig-0000470_Start,1000,0,0,TTAGGG
contig-0000472_Start,1000,0,0,TTAGGG
contig-0000473_Start,1000,0,0,TTAGGG
contig-0000474_Start,1000,0,0,TTAGGG
contig-0000475_Start,1000,0,0,TTAGGG
contig-0000476_Start,1000,0,0,TTAGGG
contig-0000477_Start,1000,0,0,TTAGGG
contig-0000478_Start,1000,0,0,TTAGGG
contig-0000479_Start,1000,0,0,TTAGGG
contig-0000480_Start,1000,0,0,TTAGGG
contig-0000481_Start,1000,0,0,TTAGGG
contig-0000482_Start,1000,0,0,TTAGGG
contig-0000483_Start,1000,0,2,TTAGGG
contig-0000484_Start,1000,0,0,TTAGGG
contig-0000485_Start,1000,0,0,TTAGGG
contig-0000486_Start,1000,0,1,TTAGGG
contig-0000487_Start,1000,0,0,TTAGGG
contig-0000488_Start,1000,0,0,TTAGGG
contig-0000489_Start,1000,0,0,TTAGGG
contig-0000490_Start,1000,0,2,TTAGGG
contig-0000491_Start,1000,0,0,TTAGGG
contig-0000492_Start,1000,0,0,TTAGGG
contig-0000493_Start,1000,0,0,TTAGGG
contig-0000494_Start,1000,0,0,TTAGGG
contig-0000495_Start,1000,0,0,TTAGGG
contig-0000496_Start,1000,0,0,TTAGGG
contig-0000497_Start,1000,0,0,TTAGGG
contig-0000498_Start,1000,0,1,TTAGGG
contig-0000499_Start,1000,0,0,TTAGGG
contig-0000500_Start,1000,0,0,TTAGGG
contig-0000501_Start,1000,1,0,TTAGGG
contig-0000502_Start,1000,0,2,TTAGGG
contig-0000503_Start,1000,0,0,TTAGGG
contig-0000504_Start,1000,0,0,TTAGGG
contig-0000505_Start,1000,0,0,TTAGGG
contig-0000506_Start,1000,0,0,TTAGGG
contig-0000507_Start,1000,0,0,TTAGGG
contig-0000508_Start,1000,0,2,TTAGGG
contig-0000509_Start,1000,0,0,TTAGGG
contig-0000510_Start,1000,0,0,TTAGGG
contig-0000511_Start,1000,0,0,TTAGGG
contig-0000512_Start,1000,0,0,TTAGGG
contig-0000513_Start,1000,0,0,TTAGGG
contig-0000514_Start,1000,0,0,TTAGGG
contig-0000515_Start,1000,0,0,TTAGGG
contig-0000516_Start,1000,0,0,TTAGGG
contig-0000517_Start,1000,0,0,TTAGGG
contig-0000518_Start,1000,0,0,TTAGGG
contig-0000519_Start,1000,0,0,TTAGGG
contig-0000520_Start,1000,0,0,TTAGGG
contig-0000521_Start,1000,0,0,TTAGGG
contig-0000522_Start,1000,0,0,TTAGGG
contig-0000523_Start,1000,0,0,TTAGGG
contig-0000524_Start,1000,1,0,TTAGGG
contig-0000525_Start,1000,0,0,TTAGGG
contig-0000526_Start,1000,0,1,TTAGGG
contig-0000527_Start,1000,0,0,TTAGGG
contig-0000528_Start,1000,0,0,TTAGGG
contig-0000529_Start,1000,0,0,TTAGGG
contig-0000530_Start,1000,0,0,TTAGGG
contig-0000531_Start,1000,0,0,TTAGGG
contig-0000532_Start,1000,0,0,TTAGGG
contig-0000533_Start,1000,0,0,TTAGGG
contig-0000534_Start,1000,1,0,TTAGGG
contig-0000535_Start,1000,0,0,TTAGGG
contig-0000536_Start,1000,0,0,TTAGGG
contig-0000537_Start,1000,0,0,TTAGGG
contig-0000538_Start,1000,0,0,TTAGGG
contig-0000539_Start,1000,0,0,TTAGGG
contig-0000540_Start,1000,0,0,TTAGGG
contig-0000541_Start,1000,0,0,TTAGGG
contig-0000543_Start,1000,0,0,TTAGGG
contig-0000544_Start,1000,0,0,TTAGGG
contig-0000545_Start,1000,0,0,TTAGGG
contig-0000546_Start,1000,0,0,TTAGGG
contig-0000547_Start,1000,0,0,TTAGGG
contig-0000548_Start,1000,0,3,TTAGGG
contig-0000549_Start,1000,0,1,TTAGGG
contig-0000550_Start,1000,0,0,TTAGGG
contig-0000551_Start,1000,0,0,TTAGGG
contig-0000553_Start,1000,0,0,TTAGGG
contig-0000554_Start,1000,0,0,TTAGGG
contig-0000555_Start,1000,0,0,TTAGGG
contig-0000556_Start,1000,0,0,TTAGGG
contig-0000557_Start,1000,0,0,TTAGGG
contig-0000558_Start,1000,0,0,TTAGGG
contig-0000559_Start,1000,0,0,TTAGGG
contig-0000560_Start,1000,0,0,TTAGGG
contig-0000561_Start,1000,0,0,TTAGGG
contig-0000562_Start,1000,0,0,TTAGGG
contig-0000564_Start,1000,0,0,TTAGGG
contig-0000565_Start,1000,0,2,TTAGGG
contig-0000566_Start,1000,0,1,TTAGGG
contig-0000567_Start,1000,0,0,TTAGGG
contig-0000568_Start,1000,0,0,TTAGGG
contig-0000569_Start,1000,0,0,TTAGGG
contig-0000570_Start,1000,0,0,TTAGGG
contig-0000571_Start,1000,0,0,TTAGGG
contig-0000572_Start,1000,0,0,TTAGGG
contig-0000573_Start,1000,0,0,TTAGGG
contig-0000574_Start,1000,0,0,TTAGGG
contig-0000575_Start,1000,0,0,TTAGGG
contig-0000576_Start,1000,0,0,TTAGGG
contig-0000577_Start,1000,0,0,TTAGGG
contig-0000578_Start,1000,1,0,TTAGGG
contig-0000579_Start,1000,0,0,TTAGGG
contig-0000580_Start,1000,0,0,TTAGGG
contig-0000581_Start,1000,0,0,TTAGGG
contig-0000582_Start,1000,0,0,TTAGGG
contig-0000583_Start,1000,2,0,TTAGGG
contig-0000584_Start,1000,0,2,TTAGGG
contig-0000585_Start,1000,0,0,TTAGGG
contig-0000588_Start,1000,0,0,TTAGGG
contig-0000589_Start,1000,0,0,TTAGGG
contig-0000590_Start,1000,0,0,TTAGGG
contig-0000591_Start,1000,0,0,TTAGGG
contig-0000592_Start,1000,0,0,TTAGGG
contig-0000593_Start,1000,0,0,TTAGGG
contig-0000594_Start,1000,0,0,TTAGGG
contig-0000595_Start,1000,0,0,TTAGGG
contig-0000596_Start,1000,0,0,TTAGGG
contig-0000597_Start,1000,0,0,TTAGGG
contig-0000598_Start,1000,0,0,TTAGGG
contig-0000599_Start,1000,0,0,TTAGGG
contig-0000600_Start,1000,0,0,TTAGGG
contig-0000601_Start,1000,0,0,TTAGGG
contig-0000602_Start,1000,0,2,TTAGGG
contig-0000603_Start,1000,0,0,TTAGGG
contig-0000604_Start,1000,0,0,TTAGGG
contig-0000605_Start,1000,0,0,TTAGGG
contig-0000606_Start,1000,0,0,TTAGGG
contig-0000607_Start,1000,0,0,TTAGGG
contig-0000608_Start,1000,0,0,TTAGGG
contig-0000609_Start,1000,0,1,TTAGGG
contig-0000610_Start,1000,0,0,TTAGGG
contig-0000611_Start,1000,0,0,TTAGGG
contig-0000612_Start,1000,0,0,TTAGGG
contig-0000613_Start,1000,0,0,TTAGGG
contig-0000614_Start,1000,0,2,TTAGGG
contig-0000615_Start,1000,0,1,TTAGGG
contig-0000616_Start,1000,0,0,TTAGGG
contig-0000617_Start,1000,0,0,TTAGGG
contig-0000618_Start,1000,0,0,TTAGGG
contig-0000619_Start,1000,0,0,TTAGGG
contig-0000621_Start,1000,0,163,TTAGGG
contig-0000622_Start,1000,0,0,TTAGGG
contig-0000623_Start,1000,0,0,TTAGGG
contig-0000624_Start,1000,0,0,TTAGGG
contig-0000625_Start,1000,1,0,TTAGGG
contig-0000626_Start,1000,0,0,TTAGGG
contig-0000627_Start,1000,0,0,TTAGGG
contig-0000629_Start,1000,0,164,TTAGGG
contig-0000631_Start,1000,0,0,TTAGGG
contig-0000632_Start,1000,0,0,TTAGGG
contig-0000633_Start,1000,0,0,TTAGGG
contig-0000634_Start,1000,0,0,TTAGGG
contig-0000636_Start,1000,0,0,TTAGGG
contig-0000638_Start,1000,0,0,TTAGGG
contig-0000640_Start,1000,0,0,TTAGGG
contig-0000641_Start,1000,0,0,TTAGGG
contig-0000644_Start,1000,0,1,TTAGGG
contig-0000645_Start,1000,0,0,TTAGGG
contig-0000646_Start,1000,0,0,TTAGGG
contig-0000647_Start,1000,0,0,TTAGGG
contig-0000648_Start,1000,0,0,TTAGGG
contig-0000650_Start,1000,0,0,TTAGGG
contig-0000651_Start,1000,1,0,TTAGGG
contig-0000652_Start,1000,1,0,TTAGGG
contig-0000653_Start,1000,0,0,TTAGGG
contig-0000654_Start,1000,0,0,TTAGGG
contig-0000655_Start,1000,0,0,TTAGGG
contig-0000656_Start,1000,0,0,TTAGGG
contig-0000657_Start,1000,0,0,TTAGGG
contig-0000658_Start,1000,0,1,TTAGGG
contig-0000659_Start,1000,0,0,TTAGGG
contig-0000660_Start,1000,0,0,TTAGGG
contig-0000661_Start,1000,1,0,TTAGGG
contig-0000662_Start,1000,0,1,TTAGGG
contig-0000663_Start,1000,0,0,TTAGGG
contig-0000664_Start,1000,0,0,TTAGGG
contig-0000665_Start,1000,0,0,TTAGGG
contig-0000666_Start,1000,0,0,TTAGGG
contig-0000667_Start,1000,0,1,TTAGGG
contig-0000668_Start,1000,0,0,TTAGGG
contig-0000669_Start,1000,0,0,TTAGGG
contig-0000670_Start,1000,0,0,TTAGGG
contig-0000672_Start,1000,1,0,TTAGGG
contig-0000673_Start,1000,0,0,TTAGGG
contig-0000674_Start,1000,0,0,TTAGGG
contig-0000675_Start,1000,0,0,TTAGGG
contig-0000677_Start,1000,0,1,TTAGGG
contig-0000678_Start,1000,0,1,TTAGGG
contig-0000679_Start,1000,0,1,TTAGGG
contig-0000680_Start,1000,0,0,TTAGGG
contig-0000681_Start,1000,0,0,TTAGGG
contig-0000682_Start,1000,0,0,TTAGGG
contig-0000683_Start,1000,0,0,TTAGGG
contig-0000684_Start,1000,0,0,TTAGGG
contig-0000685_Start,1000,0,0,TTAGGG
contig-0000686_Start,1000,0,0,TTAGGG
contig-0000687_Start,1000,0,1,TTAGGG
contig-0000688_Start,1000,0,0,TTAGGG
contig-0000689_Start,1000,0,1,TTAGGG
contig-0000690_Start,1000,1,0,TTAGGG
contig-0000691_Start,1000,0,1,TTAGGG
contig-0000692_Start,1000,0,0,TTAGGG
contig-0000693_Start,1000,1,0,TTAGGG
contig-0000694_Start,1000,0,1,TTAGGG
contig-0000695_Start,1000,0,1,TTAGGG
contig-0000696_Start,1000,0,0,TTAGGG
contig-0000697_Start,1000,0,1,TTAGGG
contig-0000698_Start,1000,0,0,TTAGGG
contig-0000699_Start,1000,0,0,TTAGGG
contig-0000700_Start,1000,0,0,TTAGGG
contig-0000701_Start,1000,1,0,TTAGGG
contig-0000702_Start,1000,1,0,TTAGGG
contig-0000703_Start,1000,0,0,TTAGGG
contig-0000704_Start,1000,0,0,TTAGGG
contig-0000705_Start,1000,0,0,TTAGGG
contig-0000706_Start,1000,0,0,TTAGGG
contig-0000707_Start,1000,0,1,TTAGGG
contig-0000708_Start,1000,1,0,TTAGGG
contig-0000709_Start,1000,0,0,TTAGGG
contig-0000710_Start,1000,0,0,TTAGGG
contig-0000711_Start,1000,0,0,TTAGGG
contig-0000713_Start,1000,0,0,TTAGGG
contig-0000714_Start,1000,0,0,TTAGGG
contig-0000715_Start,1000,0,0,TTAGGG
contig-0000717_Start,1000,0,0,TTAGGG
contig-0000718_Start,1000,0,0,TTAGGG
contig-0000719_Start,1000,0,0,TTAGGG
contig-0000720_Start,1000,0,0,TTAGGG
contig-0000721_Start,1000,0,1,TTAGGG
contig-0000722_Start,1000,0,0,TTAGGG
contig-0000724_Start,1000,0,0,TTAGGG
contig-0000725_Start,1000,1,0,TTAGGG
contig-0000726_Start,1000,0,0,TTAGGG
contig-0000727_Start,1000,0,0,TTAGGG
contig-0000728_Start,1000,0,0,TTAGGG
contig-0000729_Start,1000,0,0,TTAGGG
contig-0000730_Start,1000,0,0,TTAGGG
contig-0000731_Start,1000,0,0,TTAGGG
contig-0000736_Start,1000,0,0,TTAGGG
contig-0000737_Start,1000,0,0,TTAGGG
contig-0000739_Start,1000,0,0,TTAGGG
contig-0000740_Start,1000,0,0,TTAGGG
contig-0000741_Start,1000,0,0,TTAGGG
contig-0000742_Start,1000,1,0,TTAGGG
contig-0000743_Start,1000,0,1,TTAGGG
contig-0000744_Start,1000,0,0,TTAGGG
contig-0000745_Start,1000,0,0,TTAGGG
contig-0000746_Start,1000,0,0,TTAGGG
contig-0000747_Start,1000,0,0,TTAGGG
contig-0000748_Start,1000,0,0,TTAGGG
contig-0000749_Start,1000,0,0,TTAGGG
contig-0000750_Start,1000,0,0,TTAGGG
contig-0000751_Start,1000,0,0,TTAGGG
contig-0000752_Start,1000,0,0,TTAGGG
contig-0000753_Start,1000,0,0,TTAGGG
contig-0000754_Start,1000,1,1,TTAGGG
contig-0000755_Start,1000,0,0,TTAGGG
contig-0000756_Start,1000,0,0,TTAGGG
contig-0000757_Start,1000,0,0,TTAGGG
contig-0000758_Start,1000,0,0,TTAGGG
contig-0000759_Start,1000,0,0,TTAGGG
contig-0000760_Start,1000,0,0,TTAGGG
contig-0000761_Start,1000,0,0,TTAGGG
contig-0000762_Start,1000,0,0,TTAGGG
contig-0000763_Start,1000,0,0,TTAGGG
contig-0000764_Start,1000,0,0,TTAGGG
contig-0000765_Start,1000,0,0,TTAGGG
contig-0000766_Start,1000,0,0,TTAGGG
contig-0000767_Start,1000,0,0,TTAGGG
contig-0000768_Start,1000,0,0,TTAGGG
contig-0000769_Start,1000,0,0,TTAGGG
contig-0000770_Start,1000,0,0,TTAGGG
contig-0000771_Start,1000,0,0,TTAGGG
contig-0000772_Start,1000,0,0,TTAGGG
contig-0000773_Start,1000,0,0,TTAGGG
contig-0000774_Start,1000,0,0,TTAGGG
contig-0000775_Start,1000,0,0,TTAGGG
contig-0000776_Start,1000,0,0,TTAGGG
contig-0000777_Start,1000,0,0,TTAGGG
contig-0000778_Start,1000,0,0,TTAGGG
contig-0000779_Start,1000,0,0,TTAGGG
contig-0000780_Start,1000,0,0,TTAGGG
contig-0000781_Start,1000,0,0,TTAGGG
contig-0000782_Start,1000,0,0,TTAGGG
contig-0000783_Start,1000,0,0,TTAGGG
contig-0000784_Start,1000,0,0,TTAGGG
contig-0000787_Start,1000,0,0,TTAGGG
contig-0000788_Start,1000,0,0,TTAGGG
contig-0000789_Start,1000,0,0,TTAGGG
contig-0000790_Start,1000,0,1,TTAGGG
contig-0000791_Start,1000,0,0,TTAGGG
contig-0000792_Start,1000,0,0,TTAGGG
contig-0000793_Start,1000,0,0,TTAGGG
contig-0000794_Start,1000,0,0,TTAGGG
contig-0000795_Start,1000,0,0,TTAGGG
contig-0000796_Start,1000,0,0,TTAGGG
contig-0000797_Start,1000,1,1,TTAGGG
contig-0000798_Start,1000,1,0,TTAGGG
contig-0000799_Start,1000,0,0,TTAGGG
contig-0000800_Start,1000,1,0,TTAGGG
contig-0000801_Start,1000,0,1,TTAGGG
contig-0000802_Start,1000,0,0,TTAGGG
contig-0000803_Start,1000,0,0,TTAGGG
contig-0000804_Start,1000,0,0,TTAGGG
contig-0000805_Start,1000,0,0,TTAGGG
contig-0000806_Start,1000,0,1,TTAGGG
contig-0000807_Start,1000,0,0,TTAGGG
contig-0000808_Start,1000,0,0,TTAGGG
contig-0000809_Start,1000,0,0,TTAGGG
contig-0000810_Start,1000,0,0,TTAGGG
contig-0000814_Start,1000,0,0,TTAGGG
contig-0000815_Start,1000,0,0,TTAGGG
contig-0000816_Start,1000,0,0,TTAGGG
contig-0000817_Start,1000,0,1,TTAGGG
contig-0000818_Start,1000,0,0,TTAGGG
contig-0000820_Start,1000,0,0,TTAGGG
contig-0000821_Start,1000,0,0,TTAGGG
contig-0000822_Start,1000,0,0,TTAGGG
contig-0000823_Start,1000,0,0,TTAGGG
contig-0000824_Start,1000,0,0,TTAGGG
contig-0000825_Start,1000,0,0,TTAGGG
contig-0000826_Start,1000,1,0,TTAGGG
contig-0000827_Start,1000,0,0,TTAGGG
contig-0000828_Start,1000,0,0,TTAGGG
contig-0000829_Start,1000,1,0,TTAGGG
contig-0000830_Start,1000,0,0,TTAGGG
contig-0000831_Start,1000,0,0,TTAGGG
contig-0000832_Start,1000,0,0,TTAGGG
contig-0000833_Start,1000,0,0,TTAGGG
contig-0000834_Start,1000,0,0,TTAGGG
contig-0000835_Start,1000,0,0,TTAGGG
contig-0000836_Start,1000,0,0,TTAGGG
contig-0000837_Start,1000,0,0,TTAGGG
contig-0000838_Start,1000,0,0,TTAGGG
contig-0000839_Start,1000,0,0,TTAGGG
contig-0000840_Start,1000,0,0,TTAGGG
contig-0000841_Start,1000,0,0,TTAGGG
contig-0000843_Start,1000,0,0,TTAGGG
contig-0000844_Start,1000,0,0,TTAGGG
contig-0000845_Start,1000,0,0,TTAGGG
contig-0000846_Start,1000,0,0,TTAGGG
contig-0000847_Start,1000,0,0,TTAGGG
contig-0000848_Start,1000,0,0,TTAGGG
contig-0000849_Start,1000,0,0,TTAGGG
contig-0000850_Start,1000,0,2,TTAGGG
contig-0000851_Start,1000,0,0,TTAGGG
contig-0000852_Start,1000,0,0,TTAGGG
contig-0000853_Start,1000,0,0,TTAGGG
contig-0000854_Start,1000,0,0,TTAGGG
contig-0000855_Start,1000,0,0,TTAGGG
contig-0000856_Start,1000,0,0,TTAGGG
contig-0000857_Start,1000,0,1,TTAGGG
contig-0000858_Start,1000,0,0,TTAGGG
contig-0000859_Start,1000,0,0,TTAGGG
contig-0000860_Start,1000,0,0,TTAGGG
contig-0000861_Start,1000,0,0,TTAGGG
contig-0000862_Start,1000,0,0,TTAGGG
contig-0000863_Start,1000,0,0,TTAGGG
contig-0000864_Start,1000,0,0,TTAGGG
contig-0000865_Start,1000,0,0,TTAGGG
contig-0000866_Start,1000,0,0,TTAGGG
contig-0000867_Start,1000,0,0,TTAGGG
contig-0000868_Start,1000,0,1,TTAGGG
contig-0000869_Start,1000,0,0,TTAGGG
contig-0000870_Start,1000,0,0,TTAGGG
contig-0000871_Start,1000,0,0,TTAGGG
contig-0000872_Start,1000,0,0,TTAGGG
contig-0000873_Start,1000,0,0,TTAGGG
contig-0000874_Start,1000,0,0,TTAGGG
contig-0000875_Start,1000,0,0,TTAGGG
contig-0000876_Start,1000,0,0,TTAGGG
contig-0000877_Start,1000,0,0,TTAGGG
contig-0000878_Start,1000,0,0,TTAGGG
contig-0000879_Start,1000,0,0,TTAGGG
contig-0000880_Start,1000,0,0,TTAGGG
contig-0000881_Start,1000,0,0,TTAGGG
contig-0000882_Start,1000,0,0,TTAGGG
contig-0000883_Start,1000,0,0,TTAGGG
contig-0000884_Start,1000,0,0,TTAGGG
contig-0000885_Start,1000,0,0,TTAGGG
contig-0000888_Start,1000,0,0,TTAGGG
contig-0000890_Start,1000,0,0,TTAGGG
contig-0000891_Start,1000,2,0,TTAGGG
contig-0000892_Start,1000,0,1,TTAGGG
contig-0000893_Start,1000,0,0,TTAGGG
contig-0000894_Start,1000,0,0,TTAGGG
contig-0000895_Start,1000,0,0,TTAGGG
contig-0000896_Start,1000,0,0,TTAGGG
contig-0000897_Start,1000,0,1,TTAGGG
contig-0000898_Start,1000,1,0,TTAGGG
contig-0000899_Start,1000,0,0,TTAGGG
contig-0000900_Start,1000,0,0,TTAGGG
contig-0000901_Start,1000,0,0,TTAGGG
contig-0000906_Start,1000,0,0,TTAGGG
contig-0000907_Start,1000,0,0,TTAGGG
contig-0000908_Start,1000,0,0,TTAGGG
contig-0000909_Start,1000,0,0,TTAGGG
contig-0000910_Start,1000,1,0,TTAGGG
contig-0000912_Start,1000,0,0,TTAGGG
contig-0000913_Start,1000,0,0,TTAGGG
contig-0000914_Start,1000,0,0,TTAGGG
contig-0000915_Start,1000,0,0,TTAGGG
contig-0000916_Start,1000,0,0,TTAGGG
contig-0000917_Start,1000,0,1,TTAGGG
contig-0000918_Start,1000,0,0,TTAGGG
contig-0000919_Start,1000,0,0,TTAGGG
contig-0000921_Start,1000,0,0,TTAGGG
contig-0000922_Start,1000,0,0,TTAGGG
contig-0000923_Start,1000,2,0,TTAGGG
contig-0000924_Start,1000,0,0,TTAGGG
contig-0000925_Start,1000,0,0,TTAGGG
contig-0000926_Start,1000,0,0,TTAGGG
contig-0000929_Start,1000,0,0,TTAGGG
contig-0000930_Start,1000,0,0,TTAGGG
contig-0000931_Start,1000,1,0,TTAGGG
contig-0000932_Start,1000,0,0,TTAGGG
contig-0000933_Start,1000,0,0,TTAGGG
contig-0000934_Start,1000,0,0,TTAGGG
contig-0000935_Start,1000,0,0,TTAGGG
contig-0000936_Start,1000,1,0,TTAGGG
contig-0000938_Start,1000,0,0,TTAGGG
contig-0000939_Start,1000,0,0,TTAGGG
contig-0000940_Start,1000,0,0,TTAGGG
contig-0000941_Start,1000,0,0,TTAGGG
contig-0000942_Start,1000,0,2,TTAGGG
contig-0000943_Start,1000,0,0,TTAGGG
contig-0000944_Start,1000,0,0,TTAGGG
contig-0000945_Start,1000,0,0,TTAGGG
contig-0000946_Start,1000,0,0,TTAGGG
contig-0000947_Start,1000,0,0,TTAGGG
contig-0000948_Start,1000,0,1,TTAGGG
contig-0000949_Start,1000,0,0,TTAGGG
contig-0000950_Start,1000,0,0,TTAGGG
contig-0000951_Start,1000,0,0,TTAGGG
contig-0000952_Start,1000,0,0,TTAGGG
contig-0000953_Start,1000,0,0,TTAGGG
contig-0000954_Start,1000,0,0,TTAGGG
contig-0000955_Start,1000,0,0,TTAGGG
contig-0000956_Start,1000,0,0,TTAGGG
contig-0000957_Start,1000,0,0,TTAGGG
contig-0000958_Start,1000,0,0,TTAGGG
contig-0000959_Start,1000,0,0,TTAGGG
contig-0000962_Start,1000,0,0,TTAGGG
contig-0000963_Start,1000,1,2,TTAGGG
contig-0000964_Start,1000,0,0,TTAGGG
contig-0000965_Start,1000,0,164,TTAGGG
contig-0000966_Start,1000,0,0,TTAGGG
contig-0000967_Start,1000,0,0,TTAGGG
contig-0000968_Start,1000,0,0,TTAGGG
contig-0000970_Start,1000,0,0,TTAGGG
contig-0000972_Start,1000,0,0,TTAGGG
contig-0000974_Start,1000,0,0,TTAGGG
contig-0000975_Start,1000,0,0,TTAGGG
contig-0000976_Start,1000,0,0,TTAGGG
contig-0000977_Start,1000,0,0,TTAGGG
contig-0000978_Start,1000,0,0,TTAGGG
contig-0000979_Start,1000,0,0,TTAGGG
contig-0000980_Start,1000,0,0,TTAGGG
contig-0000981_Start,1000,0,0,TTAGGG
contig-0000982_Start,1000,0,0,TTAGGG
contig-0000983_Start,1000,1,0,TTAGGG
contig-0000984_Start,1000,0,0,TTAGGG
contig-0000985_Start,1000,0,0,TTAGGG
contig-0000986_Start,1000,0,2,TTAGGG
contig-0000987_Start,1000,0,0,TTAGGG
contig-0000988_Start,1000,0,0,TTAGGG
contig-0000989_Start,1000,0,0,TTAGGG
contig-0000990_Start,1000,0,0,TTAGGG
contig-0000991_Start,1000,0,0,TTAGGG
contig-0000993_Start,1000,0,0,TTAGGG
contig-0000994_Start,1000,0,0,TTAGGG
contig-0000995_Start,1000,0,0,TTAGGG
contig-0000996_Start,1000,0,0,TTAGGG
contig-0000997_Start,1000,0,0,TTAGGG
contig-0000998_Start,1000,0,0,TTAGGG
contig-0000999_Start,1000,0,0,TTAGGG
contig-0001000_Start,1000,0,0,TTAGGG
contig-0001001_Start,1000,0,1,TTAGGG
contig-0001002_Start,1000,0,0,TTAGGG
contig-0001003_Start,1000,0,0,TTAGGG
contig-0001004_Start,1000,0,0,TTAGGG
contig-0001005_Start,1000,0,0,TTAGGG
contig-0001006_Start,1000,0,0,TTAGGG
contig-0001007_Start,1000,0,1,TTAGGG
contig-0001008_Start,1000,0,0,TTAGGG
contig-0001009_Start,1000,0,0,TTAGGG
contig-0001010_Start,1000,0,1,TTAGGG
contig-0001011_Start,1000,0,0,TTAGGG
contig-0001012_Start,1000,0,0,TTAGGG
contig-0001013_Start,1000,0,0,TTAGGG
contig-0001014_Start,1000,0,0,TTAGGG
contig-0001015_Start,1000,0,0,TTAGGG
contig-0001016_Start,1000,0,1,TTAGGG
contig-0001017_Start,1000,0,0,TTAGGG
contig-0001018_Start,1000,0,0,TTAGGG
contig-0001019_Start,1000,0,0,TTAGGG
contig-0001020_Start,1000,1,0,TTAGGG
contig-0001021_Start,1000,0,0,TTAGGG
contig-0001022_Start,1000,0,0,TTAGGG
contig-0001024_Start,1000,0,0,TTAGGG
contig-0001025_Start,1000,0,1,TTAGGG
contig-0001026_Start,1000,0,0,TTAGGG
contig-0001027_Start,1000,0,0,TTAGGG
contig-0001028_Start,1000,0,0,TTAGGG
contig-0001029_Start,1000,0,0,TTAGGG
contig-0001031_Start,1000,0,0,TTAGGG
contig-0001032_Start,1000,0,0,TTAGGG
contig-0001033_Start,1000,0,0,TTAGGG
contig-0001034_Start,1000,1,0,TTAGGG
contig-0001035_Start,1000,0,0,TTAGGG
contig-0001036_Start,1000,0,0,TTAGGG
contig-0001039_Start,1000,0,0,TTAGGG
contig-0001040_Start,1000,0,0,TTAGGG
contig-0001041_Start,1000,0,0,TTAGGG
contig-0001042_Start,1000,0,1,TTAGGG
contig-0001043_Start,1000,1,1,TTAGGG
contig-0001045_Start,1000,0,0,TTAGGG
contig-0001046_Start,1000,0,0,TTAGGG
contig-0001047_Start,1000,1,0,TTAGGG
contig-0001048_Start,1000,0,0,TTAGGG
contig-0001049_Start,1000,0,0,TTAGGG
contig-0001050_Start,1000,0,0,TTAGGG
contig-0001052_Start,1000,0,1,TTAGGG
contig-0001053_Start,1000,0,0,TTAGGG
contig-0001054_Start,1000,0,0,TTAGGG
contig-0001055_Start,1000,0,0,TTAGGG
contig-0001056_Start,1000,0,0,TTAGGG
contig-0001057_Start,1000,0,164,TTAGGG
contig-0001058_Start,1000,0,1,TTAGGG
contig-0001059_Start,1000,1,0,TTAGGG
contig-0001060_Start,1000,0,1,TTAGGG
contig-0001061_Start,1000,0,0,TTAGGG
contig-0001062_Start,1000,0,0,TTAGGG
contig-0001063_Start,1000,0,0,TTAGGG
contig-0001064_Start,1000,0,0,TTAGGG
contig-0001065_Start,1000,0,0,TTAGGG
contig-0001066_Start,1000,0,0,TTAGGG
contig-0001067_Start,1000,0,0,TTAGGG
contig-0001068_Start,1000,0,0,TTAGGG
contig-0001069_Start,1000,0,0,TTAGGG
contig-0001070_Start,1000,0,0,TTAGGG
contig-0001071_Start,1000,0,1,TTAGGG
contig-0001072_Start,1000,0,0,TTAGGG
contig-0001073_Start,1000,0,0,TTAGGG
contig-0001074_Start,1000,0,0,TTAGGG
contig-0001075_Start,1000,0,0,TTAGGG
contig-0001076_Start,1000,0,2,TTAGGG
contig-0001077_Start,1000,0,0,TTAGGG
contig-0001078_Start,1000,0,0,TTAGGG
contig-0001079_Start,1000,0,0,TTAGGG
contig-0001080_Start,1000,0,0,TTAGGG
contig-0001081_Start,1000,0,2,TTAGGG
contig-0001082_Start,1000,0,0,TTAGGG
contig-0001083_Start,1000,0,0,TTAGGG
contig-0001085_Start,1000,0,0,TTAGGG
contig-0001086_Start,1000,0,0,TTAGGG
contig-0001087_Start,1000,0,0,TTAGGG
contig-0001088_Start,1000,0,0,TTAGGG
contig-0001089_Start,1000,0,0,TTAGGG
contig-0001090_Start,1000,0,0,TTAGGG
contig-0001092_Start,1000,0,1,TTAGGG
contig-0001093_Start,1000,0,0,TTAGGG
contig-0001094_Start,1000,0,0,TTAGGG
contig-0001095_Start,1000,1,0,TTAGGG
contig-0001096_Start,1000,0,0,TTAGGG
contig-0001097_Start,1000,0,0,TTAGGG
contig-0001098_Start,1000,1,1,TTAGGG
contig-0001099_Start,1000,1,1,TTAGGG
contig-0001100_Start,1000,0,0,TTAGGG
contig-0001101_Start,1000,0,0,TTAGGG
contig-0001102_Start,1000,0,0,TTAGGG
contig-0001103_Start,1000,0,0,TTAGGG
contig-0001104_Start,1000,0,0,TTAGGG
contig-0001105_Start,1000,0,2,TTAGGG
contig-0001106_Start,1000,0,0,TTAGGG
contig-0001107_Start,1000,0,0,TTAGGG
contig-0001108_Start,1000,0,0,TTAGGG
contig-0001109_Start,1000,0,0,TTAGGG
contig-0001110_Start,1000,0,0,TTAGGG
contig-0001111_Start,1000,0,0,TTAGGG
contig-0001112_Start,1000,0,1,TTAGGG
contig-0001113_Start,1000,0,0,TTAGGG
contig-0001116_Start,1000,0,0,TTAGGG
contig-0001117_Start,1000,0,0,TTAGGG
contig-0001118_Start,1000,0,0,TTAGGG
contig-0001119_Start,1000,1,0,TTAGGG
contig-0001120_Start,1000,0,0,TTAGGG
contig-0001121_Start,1000,0,0,TTAGGG
contig-0001124_Start,1000,0,0,TTAGGG
contig-0001125_Start,1000,0,0,TTAGGG
contig-0001126_Start,1000,0,0,TTAGGG
contig-0001128_Start,1000,0,1,TTAGGG
contig-0001129_Start,1000,1,0,TTAGGG
contig-0001130_Start,1000,0,0,TTAGGG
contig-0001131_Start,1000,0,0,TTAGGG
contig-0001132_Start,1000,0,0,TTAGGG
contig-0001134_Start,1000,0,0,TTAGGG
contig-0001135_Start,1000,0,0,TTAGGG
contig-0001136_Start,1000,0,0,TTAGGG
contig-0001137_Start,1000,0,0,TTAGGG
contig-0001138_Start,1000,0,0,TTAGGG
contig-0001139_Start,1000,0,2,TTAGGG
contig-0001140_Start,1000,0,0,TTAGGG
contig-0001141_Start,1000,0,0,TTAGGG
contig-0001142_Start,1000,0,0,TTAGGG
contig-0001143_Start,1000,0,0,TTAGGG
contig-0001144_Start,1000,0,0,TTAGGG
contig-0001145_Start,1000,0,0,TTAGGG
contig-0001146_Start,1000,0,0,TTAGGG
contig-0001148_Start,1000,0,0,TTAGGG
contig-0001149_Start,1000,0,0,TTAGGG
contig-0001150_Start,1000,0,0,TTAGGG
contig-0001152_Start,1000,0,0,TTAGGG
contig-0001153_Start,1000,0,0,TTAGGG
contig-0001154_Start,1000,0,0,TTAGGG
contig-0001156_Start,1000,0,0,TTAGGG
contig-0001157_Start,1000,0,0,TTAGGG
contig-0001158_Start,1000,0,0,TTAGGG
contig-0001159_Start,1000,0,0,TTAGGG
contig-0001161_Start,1000,0,0,TTAGGG
contig-0001162_Start,1000,2,0,TTAGGG
contig-0001163_Start,1000,0,0,TTAGGG
contig-0001164_Start,1000,0,0,TTAGGG
contig-0001165_Start,1000,0,0,TTAGGG
contig-0001166_Start,1000,0,0,TTAGGG
contig-0001167_Start,1000,0,0,TTAGGG
contig-0001168_Start,1000,0,0,TTAGGG
contig-0001169_Start,1000,0,0,TTAGGG
contig-0001170_Start,1000,0,0,TTAGGG
contig-0001171_Start,1000,0,0,TTAGGG
contig-0001173_Start,1000,0,0,TTAGGG
contig-0001174_Start,1000,0,1,TTAGGG
contig-0001175_Start,1000,1,0,TTAGGG
contig-0001176_Start,1000,3,0,TTAGGG
contig-0001177_Start,1000,1,0,TTAGGG
contig-0001178_Start,1000,0,0,TTAGGG
contig-0001179_Start,1000,1,0,TTAGGG
contig-0001180_Start,1000,0,1,TTAGGG
contig-0001181_Start,1000,0,0,TTAGGG
contig-0001182_Start,1000,0,0,TTAGGG
contig-0001183_Start,1000,0,0,TTAGGG
contig-0001184_Start,1000,0,1,TTAGGG
contig-0001185_Start,1000,0,2,TTAGGG
contig-0001186_Start,1000,0,1,TTAGGG
contig-0001187_Start,1000,0,0,TTAGGG
contig-0001188_Start,1000,0,0,TTAGGG
contig-0001191_Start,1000,0,0,TTAGGG
contig-0001192_Start,1000,0,0,TTAGGG
contig-0001193_Start,1000,0,0,TTAGGG
contig-0001194_Start,1000,0,1,TTAGGG
contig-0001195_Start,1000,0,0,TTAGGG
contig-0001196_Start,1000,0,0,TTAGGG
contig-0001199_Start,1000,0,0,TTAGGG
contig-0001200_Start,1000,0,0,TTAGGG
contig-0001201_Start,1000,0,0,TTAGGG
contig-0001203_Start,1000,0,1,TTAGGG
contig-0001204_Start,1000,0,0,TTAGGG
contig-0001207_Start,1000,0,0,TTAGGG
contig-0001208_Start,1000,0,0,TTAGGG
contig-0001209_Start,1000,0,0,TTAGGG
contig-0001213_Start,1000,0,0,TTAGGG
contig-0001215_Start,1000,0,0,TTAGGG
contig-0001216_Start,1000,0,0,TTAGGG
contig-0001217_Start,1000,0,0,TTAGGG
contig-0001218_Start,1000,1,0,TTAGGG
contig-0001219_Start,1000,1,1,TTAGGG
contig-0001220_Start,1000,0,0,TTAGGG
contig-0001221_Start,1000,0,0,TTAGGG
contig-0001222_Start,1000,0,0,TTAGGG
contig-0001223_Start,1000,0,0,TTAGGG
contig-0001224_Start,1000,0,164,TTAGGG
contig-0001225_Start,1000,0,0,TTAGGG
contig-0001226_Start,1000,0,0,TTAGGG
contig-0001227_Start,1000,0,0,TTAGGG
contig-0001228_Start,1000,0,0,TTAGGG
contig-0001229_Start,1000,0,0,TTAGGG
contig-0001230_Start,1000,0,0,TTAGGG
contig-0001231_Start,1000,0,0,TTAGGG
contig-0001232_Start,1000,0,0,TTAGGG
contig-0001234_Start,1000,0,0,TTAGGG
contig-0001235_Start,1000,0,0,TTAGGG
contig-0001236_Start,1000,0,0,TTAGGG
contig-0001237_Start,1000,0,0,TTAGGG
contig-0001238_Start,1000,0,0,TTAGGG
contig-0001239_Start,1000,0,0,TTAGGG
contig-0001240_Start,1000,0,0,TTAGGG
contig-0001241_Start,1000,0,0,TTAGGG
contig-0001242_Start,1000,0,0,TTAGGG
contig-0001243_Start,1000,0,0,TTAGGG
contig-0001245_Start,1000,0,0,TTAGGG
contig-0001246_Start,1000,0,0,TTAGGG
contig-0001247_Start,1000,0,0,TTAGGG
contig-0001248_Start,1000,0,0,TTAGGG
contig-0001249_Start,1000,1,0,TTAGGG
contig-0001252_Start,1000,0,0,TTAGGG
contig-0001253_Start,1000,0,2,TTAGGG
contig-0001254_Start,1000,0,0,TTAGGG
contig-0001255_Start,1000,1,0,TTAGGG
contig-0001256_Start,1000,0,0,TTAGGG
contig-0001257_Start,1000,0,0,TTAGGG
contig-0001258_Start,1000,0,0,TTAGGG
contig-0001259_Start,1000,0,0,TTAGGG
contig-0001261_Start,1000,0,0,TTAGGG
contig-0001262_Start,1000,2,0,TTAGGG
contig-0001263_Start,1000,1,0,TTAGGG
contig-0001264_Start,1000,0,0,TTAGGG
contig-0001266_Start,1000,0,0,TTAGGG
contig-0001267_Start,1000,0,0,TTAGGG
contig-0001268_Start,1000,0,0,TTAGGG
contig-0001269_Start,1000,0,0,TTAGGG
contig-0001270_Start,1000,0,0,TTAGGG
contig-0001271_Start,1000,0,0,TTAGGG
contig-0001272_Start,1000,0,0,TTAGGG
contig-0001273_Start,1000,0,0,TTAGGG
contig-0001274_Start,1000,0,0,TTAGGG
contig-0001275_Start,1000,0,0,TTAGGG
contig-0001276_Start,1000,0,0,TTAGGG
contig-0001277_Start,1000,0,0,TTAGGG
contig-0001278_Start,1000,0,0,TTAGGG
contig-0001280_Start,1000,0,0,TTAGGG
contig-0001281_Start,1000,0,2,TTAGGG
contig-0001282_Start,1000,0,0,TTAGGG
contig-0001283_Start,1000,0,0,TTAGGG
contig-0001284_Start,1000,0,0,TTAGGG
contig-0001287_Start,1000,0,0,TTAGGG
contig-0001288_Start,1000,0,0,TTAGGG
contig-0001289_Start,1000,0,0,TTAGGG
contig-0001290_Start,1000,0,0,TTAGGG
contig-0001293_Start,1000,0,0,TTAGGG
contig-0001294_Start,1000,0,0,TTAGGG
contig-0001296_Start,1000,0,0,TTAGGG
contig-0001297_Start,1000,0,0,TTAGGG
contig-0001298_Start,1000,0,0,TTAGGG
contig-0001299_Start,1000,1,1,TTAGGG
contig-0001300_Start,1000,0,0,TTAGGG
contig-0001301_Start,1000,1,0,TTAGGG
contig-0001302_Start,1000,0,161,TTAGGG
contig-0001303_Start,1000,0,0,TTAGGG
contig-0001304_Start,1000,0,0,TTAGGG
contig-0001305_Start,1000,0,0,TTAGGG
contig-0001306_Start,1000,0,0,TTAGGG
contig-0001307_Start,1000,0,0,TTAGGG
contig-0001308_Start,1000,0,0,TTAGGG
contig-0001309_Start,1000,0,0,TTAGGG
contig-0001310_Start,1000,0,0,TTAGGG
contig-0001311_Start,1000,0,0,TTAGGG
contig-0001312_Start,1000,2,0,TTAGGG
contig-0001313_Start,1000,0,163,TTAGGG
contig-0001314_Start,1000,0,0,TTAGGG
contig-0001315_Start,1000,0,0,TTAGGG
contig-0001316_Start,1000,0,0,TTAGGG
contig-0001317_Start,1000,0,0,TTAGGG
contig-0001319_Start,1000,0,163,TTAGGG
contig-0001320_Start,1000,0,0,TTAGGG
contig-0001321_Start,1000,0,0,TTAGGG
contig-0001322_Start,1000,0,0,TTAGGG
contig-0001323_Start,1000,0,0,TTAGGG
contig-0001324_Start,1000,1,0,TTAGGG
contig-0001325_Start,1000,0,0,TTAGGG
contig-0001326_Start,1000,0,0,TTAGGG
contig-0001327_Start,1000,0,0,TTAGGG
contig-0001328_Start,1000,1,0,TTAGGG
contig-0001329_Start,1000,1,0,TTAGGG
contig-0001330_Start,1000,0,1,TTAGGG
contig-0001331_Start,1000,0,1,TTAGGG
contig-0001332_Start,1000,0,0,TTAGGG
contig-0001333_Start,1000,0,0,TTAGGG
contig-0001334_Start,1000,0,0,TTAGGG
contig-0001335_Start,1000,0,0,TTAGGG
contig-0001336_Start,1000,0,0,TTAGGG
contig-0001339_Start,1000,0,0,TTAGGG
contig-0001340_Start,1000,0,0,TTAGGG
contig-0001341_Start,1000,0,0,TTAGGG
contig-0001342_Start,1000,0,0,TTAGGG
contig-0001343_Start,1000,0,0,TTAGGG
contig-0001344_Start,1000,0,0,TTAGGG
contig-0001345_Start,1000,0,0,TTAGGG
contig-0001346_Start,1000,0,0,TTAGGG
contig-0001347_Start,1000,0,0,TTAGGG
contig-0001348_Start,1000,0,0,TTAGGG
contig-0001349_Start,1000,2,0,TTAGGG
contig-0001350_Start,1000,0,0,TTAGGG
contig-0001351_Start,1000,0,0,TTAGGG
contig-0001352_Start,1000,0,0,TTAGGG
contig-0001353_Start,1000,0,0,TTAGGG
contig-0001356_Start,1000,0,0,TTAGGG
contig-0001357_Start,1000,0,0,TTAGGG
contig-0001358_Start,1000,0,0,TTAGGG
contig-0001359_Start,1000,0,0,TTAGGG
contig-0001360_Start,1000,0,0,TTAGGG
contig-0001361_Start,1000,1,0,TTAGGG
contig-0001362_Start,1000,0,1,TTAGGG
contig-0001363_Start,1000,0,0,TTAGGG
contig-0001364_Start,1000,0,0,TTAGGG
contig-0001365_Start,1000,0,0,TTAGGG
contig-0001366_Start,1000,0,1,TTAGGG
contig-0001367_Start,1000,0,0,TTAGGG
contig-0001368_Start,1000,0,0,TTAGGG
contig-0001370_Start,1000,1,0,TTAGGG
contig-0001371_Start,1000,0,0,TTAGGG
contig-0001372_Start,1000,0,1,TTAGGG
contig-0001373_Start,1000,0,0,TTAGGG
contig-0001374_Start,1000,0,164,TTAGGG
contig-0001375_Start,1000,0,0,TTAGGG
contig-0001376_Start,1000,0,0,TTAGGG
contig-0001378_Start,1000,0,0,TTAGGG
contig-0001380_Start,1000,0,0,TTAGGG
contig-0001382_Start,1000,0,1,TTAGGG
contig-0001383_Start,1000,0,0,TTAGGG
contig-0001385_Start,1000,0,0,TTAGGG
contig-0001386_Start,1000,0,0,TTAGGG
contig-0001387_Start,1000,0,0,TTAGGG
contig-0001388_Start,1000,0,0,TTAGGG
contig-0001389_Start,1000,0,0,TTAGGG
contig-0001390_Start,1000,0,0,TTAGGG
contig-0001391_Start,1000,0,0,TTAGGG
contig-0001392_Start,1000,0,0,TTAGGG
contig-0001393_Start,1000,0,0,TTAGGG
contig-0001394_Start,1000,0,0,TTAGGG
contig-0001395_Start,1000,0,0,TTAGGG
contig-0001396_Start,1000,0,0,TTAGGG
contig-0001397_Start,1000,0,0,TTAGGG
contig-0001401_Start,1000,0,0,TTAGGG
contig-0001402_Start,1000,1,0,TTAGGG
contig-0001403_Start,1000,0,0,TTAGGG
contig-0001404_Start,1000,0,0,TTAGGG
contig-0001405_Start,1000,0,0,TTAGGG
contig-0001408_Start,1000,0,0,TTAGGG
contig-0001409_Start,1000,0,0,TTAGGG
contig-0001410_Start,1000,0,0,TTAGGG
contig-0001411_Start,1000,0,0,TTAGGG
contig-0001412_Start,1000,0,0,TTAGGG
contig-0001413_Start,1000,0,0,TTAGGG
contig-0001414_Start,1000,0,0,TTAGGG
contig-0001416_Start,1000,0,0,TTAGGG
contig-0001417_Start,1000,0,0,TTAGGG
contig-0001418_Start,1000,0,0,TTAGGG
contig-0001419_Start,1000,0,0,TTAGGG
contig-0001420_Start,1000,0,1,TTAGGG
contig-0001421_Start,1000,0,1,TTAGGG
contig-0001422_Start,1000,0,0,TTAGGG
contig-0001424_Start,1000,0,164,TTAGGG
contig-0001425_Start,1000,0,0,TTAGGG
contig-0001431_Start,1000,0,0,TTAGGG
contig-0001434_Start,1000,0,0,TTAGGG
contig-0001435_Start,1000,1,0,TTAGGG
contig-0001436_Start,1000,0,0,TTAGGG
contig-0001437_Start,1000,0,0,TTAGGG
contig-0001438_Start,1000,0,0,TTAGGG
contig-0001439_Start,1000,0,0,TTAGGG
contig-0001440_Start,1000,0,0,TTAGGG
contig-0001441_Start,1000,0,0,TTAGGG
contig-0001442_Start,1000,0,0,TTAGGG
contig-0001443_Start,1000,0,0,TTAGGG
contig-0001444_Start,1000,0,0,TTAGGG
contig-0001445_Start,1000,1,0,TTAGGG
contig-0001446_Start,1000,0,0,TTAGGG
contig-0001447_Start,1000,0,0,TTAGGG
contig-0001448_Start,1000,1,0,TTAGGG
contig-0001450_Start,1000,0,0,TTAGGG
contig-0001451_Start,1000,0,0,TTAGGG
contig-0001452_Start,1000,0,0,TTAGGG
contig-0001453_Start,1000,0,0,TTAGGG
contig-0001454_Start,1000,0,0,TTAGGG
contig-0001456_Start,1000,0,0,TTAGGG
contig-0001457_Start,1000,0,0,TTAGGG
contig-0001459_Start,1000,0,0,TTAGGG
contig-0001460_Start,1000,0,0,TTAGGG
contig-0001461_Start,1000,0,2,TTAGGG
contig-0001462_Start,1000,0,0,TTAGGG
contig-0001463_Start,1000,0,0,TTAGGG
contig-0001464_Start,1000,0,0,TTAGGG
contig-0001465_Start,1000,0,0,TTAGGG
contig-0001467_Start,1000,0,0,TTAGGG
contig-0001468_Start,1000,0,0,TTAGGG
contig-0001469_Start,1000,1,1,TTAGGG
contig-0001470_Start,1000,0,0,TTAGGG
contig-0001471_Start,1000,0,0,TTAGGG
contig-0001472_Start,1000,0,0,TTAGGG
contig-0001474_Start,1000,0,0,TTAGGG
contig-0001475_Start,1000,0,0,TTAGGG
contig-0001476_Start,1000,0,0,TTAGGG
contig-0001477_Start,1000,0,0,TTAGGG
contig-0001478_Start,1000,0,2,TTAGGG
contig-0001479_Start,1000,0,0,TTAGGG
contig-0001480_Start,1000,0,0,TTAGGG
contig-0001481_Start,1000,0,1,TTAGGG
contig-0001482_Start,1000,0,0,TTAGGG
contig-0001483_Start,1000,0,0,TTAGGG
contig-0001484_Start,1000,0,0,TTAGGG
contig-0001485_Start,1000,0,0,TTAGGG
contig-0001486_Start,1000,0,0,TTAGGG
contig-0001487_Start,1000,0,0,TTAGGG
contig-0001488_Start,1000,0,0,TTAGGG
contig-0001489_Start,1000,0,0,TTAGGG
contig-0001490_Start,1000,0,0,TTAGGG
contig-0001491_Start,1000,0,0,TTAGGG
contig-0001492_Start,1000,0,0,TTAGGG
contig-0001493_Start,1000,0,0,TTAGGG
contig-0001494_Start,1000,0,0,TTAGGG
contig-0001495_Start,1000,0,0,TTAGGG
contig-0001496_Start,1000,0,0,TTAGGG
contig-0001497_Start,1000,0,0,TTAGGG
contig-0001498_Start,1000,0,0,TTAGGG
contig-0001499_Start,1000,0,0,TTAGGG
contig-0001500_Start,1000,0,0,TTAGGG
contig-0001501_Start,1000,0,0,TTAGGG
contig-0001502_Start,1000,1,1,TTAGGG
contig-0001503_Start,1000,0,0,TTAGGG
contig-0001504_Start,1000,0,0,TTAGGG
contig-0001506_Start,1000,0,0,TTAGGG
contig-0001507_Start,1000,0,0,TTAGGG
contig-0001508_Start,1000,0,0,TTAGGG
contig-0001509_Start,1000,0,0,TTAGGG
contig-0001510_Start,1000,0,0,TTAGGG
contig-0001511_Start,1000,0,0,TTAGGG
contig-0001512_Start,1000,0,0,TTAGGG
contig-0001513_Start,1000,0,0,TTAGGG
contig-0001514_Start,1000,0,0,TTAGGG
contig-0001515_Start,1000,0,0,TTAGGG
contig-0001516_Start,1000,0,0,TTAGGG
contig-0001517_Start,1000,0,0,TTAGGG
contig-0001519_Start,1000,0,0,TTAGGG
contig-0001520_Start,1000,0,0,TTAGGG
contig-0001521_Start,1000,0,0,TTAGGG
contig-0001522_Start,1000,0,0,TTAGGG
contig-0001523_Start,1000,0,0,TTAGGG
contig-0001524_Start,1000,0,1,TTAGGG
contig-0001525_Start,1000,0,0,TTAGGG
contig-0001526_Start,1000,0,0,TTAGGG
contig-0001527_Start,1000,0,0,TTAGGG
contig-0001528_Start,1000,0,0,TTAGGG
contig-0001529_Start,1000,0,0,TTAGGG
contig-0001531_Start,1000,0,0,TTAGGG
contig-0001532_Start,1000,0,0,TTAGGG
contig-0001533_Start,1000,0,0,TTAGGG
contig-0001534_Start,1000,0,0,TTAGGG
contig-0001535_Start,1000,0,1,TTAGGG
contig-0001536_Start,1000,0,0,TTAGGG
contig-0001537_Start,1000,0,0,TTAGGG
contig-0001538_Start,1000,0,0,TTAGGG
contig-0001539_Start,1000,0,0,TTAGGG
contig-0001540_Start,1000,0,0,TTAGGG
contig-0001541_Start,1000,0,0,TTAGGG
contig-0001542_Start,1000,0,0,TTAGGG
contig-0001543_Start,1000,0,0,TTAGGG
contig-0001544_Start,1000,0,0,TTAGGG
contig-0001545_Start,1000,0,0,TTAGGG
contig-0001546_Start,1000,0,0,TTAGGG
contig-0001547_Start,1000,0,0,TTAGGG
contig-0001549_Start,1000,0,0,TTAGGG
contig-0001550_Start,1000,0,1,TTAGGG
contig-0001551_Start,1000,0,0,TTAGGG
contig-0001552_Start,1000,0,0,TTAGGG
contig-0001553_Start,1000,0,0,TTAGGG
contig-0001554_Start,1000,0,0,TTAGGG
contig-0001556_Start,1000,0,0,TTAGGG
contig-0001557_Start,1000,0,0,TTAGGG
contig-0001558_Start,1000,0,0,TTAGGG
contig-0001559_Start,1000,0,0,TTAGGG
contig-0001560_Start,1000,0,0,TTAGGG
contig-0001561_Start,1000,0,0,TTAGGG
contig-0001562_Start,1000,0,2,TTAGGG
contig-0001565_Start,1000,0,0,TTAGGG
contig-0001566_Start,1000,0,0,TTAGGG
contig-0001567_Start,1000,0,0,TTAGGG
contig-0001570_Start,1000,1,0,TTAGGG
contig-0001571_Start,1000,0,0,TTAGGG
contig-0001572_Start,1000,0,0,TTAGGG
contig-0001573_Start,1000,0,0,TTAGGG
contig-0001574_Start,1000,0,0,TTAGGG
contig-0001575_Start,1000,0,0,TTAGGG
contig-0001577_Start,1000,0,0,TTAGGG
contig-0001578_Start,1000,1,0,TTAGGG
contig-0001579_Start,1000,0,0,TTAGGG
contig-0001580_Start,1000,0,0,TTAGGG
contig-0001584_Start,1000,0,0,TTAGGG
contig-0001585_Start,1000,0,0,TTAGGG
contig-0001586_Start,1000,0,0,TTAGGG
contig-0001587_Start,1000,0,0,TTAGGG
contig-0001588_Start,1000,0,0,TTAGGG
contig-0001589_Start,1000,1,0,TTAGGG
contig-0001590_Start,1000,0,0,TTAGGG
contig-0001591_Start,1000,0,0,TTAGGG
contig-0001592_Start,1000,0,0,TTAGGG
contig-0001593_Start,1000,0,0,TTAGGG
contig-0001594_Start,1000,0,0,TTAGGG
contig-0001595_Start,1000,0,0,TTAGGG
contig-0001596_Start,1000,0,1,TTAGGG
contig-0001597_Start,1000,0,0,TTAGGG
contig-0001598_Start,1000,0,162,TTAGGG
contig-0001599_Start,1000,0,0,TTAGGG
contig-0001600_Start,1000,0,1,TTAGGG
contig-0001601_Start,1000,0,1,TTAGGG
contig-0001602_Start,1000,0,0,TTAGGG
contig-0001603_Start,1000,0,0,TTAGGG
contig-0001604_Start,1000,0,0,TTAGGG
contig-0001605_Start,1000,1,0,TTAGGG
contig-0001606_Start,1000,0,0,TTAGGG
contig-0001607_Start,1000,0,0,TTAGGG
contig-0001608_Start,1000,0,0,TTAGGG
contig-0001610_Start,1000,0,0,TTAGGG
contig-0001611_Start,1000,0,0,TTAGGG
contig-0001612_Start,1000,0,0,TTAGGG
contig-0001613_Start,1000,0,0,TTAGGG
contig-0001614_Start,1000,1,1,TTAGGG
contig-0001615_Start,1000,0,0,TTAGGG
contig-0001616_Start,1000,0,0,TTAGGG
contig-0001617_Start,1000,0,0,TTAGGG
contig-0001618_Start,1000,0,0,TTAGGG
contig-0001619_Start,1000,0,1,TTAGGG
contig-0001620_Start,1000,0,0,TTAGGG
contig-0001621_Start,1000,0,0,TTAGGG
contig-0001622_Start,1000,0,0,TTAGGG
contig-0001623_Start,1000,1,0,TTAGGG
contig-0001624_Start,1000,0,0,TTAGGG
contig-0001625_Start,1000,0,161,TTAGGG
contig-0001626_Start,1000,0,0,TTAGGG
contig-0001627_Start,1000,0,0,TTAGGG
contig-0001628_Start,1000,0,0,TTAGGG
contig-0001629_Start,1000,0,0,TTAGGG
contig-0001630_Start,1000,0,163,TTAGGG
contig-0001631_Start,1000,0,0,TTAGGG
contig-0001632_Start,1000,0,0,TTAGGG
contig-0001633_Start,1000,0,0,TTAGGG
contig-0001634_Start,1000,0,0,TTAGGG
contig-0001635_Start,1000,0,0,TTAGGG
contig-0001636_Start,1000,0,0,TTAGGG
contig-0001637_Start,1000,0,0,TTAGGG
contig-0001638_Start,1000,0,0,TTAGGG
contig-0001639_Start,1000,0,0,TTAGGG
contig-0001640_Start,1000,0,0,TTAGGG
contig-0001641_Start,1000,0,0,TTAGGG
contig-0001642_Start,1000,1,0,TTAGGG
contig-0001644_Start,1000,0,0,TTAGGG
contig-0001645_Start,1000,0,0,TTAGGG
contig-0001646_Start,1000,1,0,TTAGGG
contig-0001647_Start,1000,0,0,TTAGGG
contig-0001648_Start,1000,0,1,TTAGGG
contig-0001649_Start,1000,0,0,TTAGGG
contig-0001650_Start,1000,0,0,TTAGGG
contig-0001651_Start,1000,0,0,TTAGGG
contig-0001652_Start,1000,0,0,TTAGGG
contig-0001654_Start,1000,0,163,TTAGGG
contig-0001655_Start,1000,1,0,TTAGGG
contig-0001657_Start,1000,0,0,TTAGGG
contig-0001659_Start,1000,0,0,TTAGGG
contig-0001660_Start,1000,0,0,TTAGGG
contig-0001661_Start,1000,0,1,TTAGGG
contig-0001662_Start,1000,0,0,TTAGGG
contig-0001663_Start,1000,1,2,TTAGGG
contig-0001664_Start,1000,0,0,TTAGGG
contig-0001665_Start,1000,0,0,TTAGGG
contig-0001669_Start,1000,1,0,TTAGGG
contig-0001670_Start,1000,0,0,TTAGGG
contig-0001671_Start,1000,0,0,TTAGGG
contig-0001672_Start,1000,0,0,TTAGGG
contig-0001673_Start,1000,1,0,TTAGGG
contig-0001674_Start,1000,0,0,TTAGGG
contig-0001675_Start,1000,1,0,TTAGGG
contig-0001676_Start,1000,0,0,TTAGGG
contig-0001677_Start,1000,0,0,TTAGGG
contig-0001682_Start,1000,0,0,TTAGGG
contig-0001683_Start,1000,0,0,TTAGGG
contig-0001684_Start,1000,0,1,TTAGGG
contig-0001685_Start,1000,0,0,TTAGGG
contig-0001686_Start,1000,0,0,TTAGGG
contig-0001687_Start,1000,0,0,TTAGGG
contig-0001688_Start,1000,1,0,TTAGGG
contig-0001689_Start,1000,0,0,TTAGGG
contig-0001690_Start,1000,0,0,TTAGGG
contig-0001691_Start,1000,0,0,TTAGGG
contig-0001692_Start,1000,0,0,TTAGGG
contig-0001693_Start,1000,0,0,TTAGGG
contig-0001694_Start,1000,0,0,TTAGGG
contig-0001695_Start,1000,0,0,TTAGGG
contig-0001696_Start,1000,0,0,TTAGGG
contig-0001697_Start,1000,0,0,TTAGGG
contig-0001698_Start,1000,0,0,TTAGGG
contig-0001699_Start,1000,0,0,TTAGGG
contig-0001700_Start,1000,0,0,TTAGGG
contig-0001701_Start,1000,1,0,TTAGGG
contig-0001702_Start,1000,0,0,TTAGGG
contig-0001703_Start,1000,0,0,TTAGGG
contig-0001704_Start,1000,0,0,TTAGGG
contig-0001705_Start,1000,0,0,TTAGGG
contig-0001706_Start,1000,1,1,TTAGGG
contig-0001707_Start,1000,0,0,TTAGGG
contig-0001708_Start,1000,0,1,TTAGGG
contig-0001709_Start,1000,1,0,TTAGGG
contig-0001710_Start,1000,0,0,TTAGGG
contig-0001711_Start,1000,0,1,TTAGGG
contig-0001712_Start,1000,0,0,TTAGGG
contig-0001715_Start,1000,0,0,TTAGGG
contig-0001716_Start,1000,0,0,TTAGGG
contig-0001719_Start,1000,0,0,TTAGGG
contig-0001720_Start,1000,0,0,TTAGGG
contig-0001721_Start,1000,0,1,TTAGGG
contig-0001722_Start,1000,0,0,TTAGGG
contig-0001723_Start,1000,0,0,TTAGGG
contig-0001724_Start,1000,0,0,TTAGGG
contig-0001725_Start,1000,1,0,TTAGGG
contig-0001726_Start,1000,0,0,TTAGGG
contig-0001727_Start,1000,1,0,TTAGGG
contig-0001728_Start,1000,0,0,TTAGGG
contig-0001729_Start,1000,0,0,TTAGGG
contig-0001730_Start,1000,0,0,TTAGGG
contig-0001731_Start,1000,0,163,TTAGGG
contig-0001732_Start,1000,0,0,TTAGGG
contig-0001733_Start,1000,0,0,TTAGGG
contig-0001734_Start,1000,0,0,TTAGGG
contig-0001735_Start,1000,1,0,TTAGGG
contig-0001736_Start,1000,0,0,TTAGGG
contig-0001737_Start,1000,0,0,TTAGGG
contig-0001738_Start,1000,0,1,TTAGGG
contig-0001739_Start,1000,0,1,TTAGGG
contig-0001740_Start,1000,0,0,TTAGGG
contig-0001741_Start,1000,0,0,TTAGGG
contig-0001742_Start,1000,0,0,TTAGGG
contig-0001743_Start,1000,1,0,TTAGGG
contig-0001744_Start,1000,0,0,TTAGGG
contig-0001745_Start,1000,0,0,TTAGGG
contig-0001746_Start,1000,0,0,TTAGGG
contig-0001747_Start,1000,0,0,TTAGGG
contig-0001748_Start,1000,0,0,TTAGGG
contig-0001749_Start,1000,0,0,TTAGGG
contig-0001750_Start,1000,0,1,TTAGGG
contig-0001751_Start,1000,0,0,TTAGGG
contig-0001752_Start,1000,1,1,TTAGGG
contig-0001753_Start,1000,0,0,TTAGGG
contig-0001754_Start,1000,1,1,TTAGGG
contig-0001755_Start,1000,1,0,TTAGGG
contig-0001756_Start,1000,1,0,TTAGGG
contig-0001757_Start,1000,1,0,TTAGGG
contig-0001758_Start,1000,0,0,TTAGGG
contig-0001759_Start,1000,0,0,TTAGGG
contig-0001760_Start,1000,0,0,TTAGGG
contig-0001761_Start,1000,0,1,TTAGGG
contig-0001762_Start,1000,0,0,TTAGGG
contig-0001763_Start,1000,0,0,TTAGGG
contig-0001764_Start,1000,0,0,TTAGGG
contig-0001765_Start,1000,0,0,TTAGGG
contig-0001766_Start,1000,1,0,TTAGGG
contig-0001767_Start,1000,0,1,TTAGGG
contig-0001768_Start,1000,0,0,TTAGGG
contig-0001769_Start,1000,0,0,TTAGGG
contig-0001770_Start,1000,0,0,TTAGGG
contig-0001771_Start,1000,0,1,TTAGGG
contig-0001772_Start,1000,0,1,TTAGGG
contig-0001773_Start,1000,0,1,TTAGGG
contig-0001774_Start,1000,0,0,TTAGGG
contig-0001775_Start,1000,0,0,TTAGGG
contig-0001776_Start,1000,0,0,TTAGGG
contig-0001777_Start,1000,0,0,TTAGGG
contig-0001778_Start,1000,0,0,TTAGGG
contig-0001779_Start,1000,0,0,TTAGGG
contig-0001780_Start,1000,0,0,TTAGGG
contig-0001781_Start,1000,0,0,TTAGGG
contig-0001782_Start,1000,0,0,TTAGGG
contig-0001783_Start,1000,0,1,TTAGGG
contig-0001784_Start,1000,0,0,TTAGGG
contig-0001785_Start,1000,1,0,TTAGGG
contig-0001786_Start,1000,0,0,TTAGGG
contig-0001787_Start,1000,0,1,TTAGGG
contig-0001788_Start,1000,0,0,TTAGGG
contig-0001789_Start,1000,0,0,TTAGGG
contig-0001790_Start,1000,0,0,TTAGGG
contig-0001791_Start,1000,0,0,TTAGGG
contig-0001792_Start,1000,0,0,TTAGGG
contig-0001793_Start,1000,0,0,TTAGGG
contig-0001794_Start,1000,2,0,TTAGGG
contig-0001795_Start,1000,0,0,TTAGGG
contig-0001796_Start,1000,2,0,TTAGGG
contig-0001797_Start,1000,0,0,TTAGGG
contig-0001798_Start,1000,0,0,TTAGGG
contig-0001799_Start,1000,0,1,TTAGGG
contig-0001800_Start,1000,0,0,TTAGGG
contig-0001801_Start,1000,0,0,TTAGGG
contig-0001802_Start,1000,0,0,TTAGGG
contig-0001803_Start,1000,0,0,TTAGGG
contig-0001804_Start,1000,1,1,TTAGGG
contig-0001805_Start,1000,0,0,TTAGGG
contig-0001806_Start,1000,1,0,TTAGGG
contig-0001807_Start,1000,0,0,TTAGGG
contig-0001808_Start,1000,0,1,TTAGGG
contig-0001809_Start,1000,1,0,TTAGGG
contig-0001810_Start,1000,0,0,TTAGGG
contig-0001811_Start,1000,0,0,TTAGGG
contig-0001812_Start,1000,0,0,TTAGGG
contig-0001813_Start,1000,0,0,TTAGGG
contig-0001814_Start,1000,0,0,TTAGGG
contig-0001815_Start,1000,0,1,TTAGGG
contig-0001816_Start,1000,0,0,TTAGGG
contig-0001817_Start,1000,1,0,TTAGGG
contig-0001818_Start,1000,0,0,TTAGGG
contig-0001819_Start,1000,0,1,TTAGGG
contig-0001820_Start,1000,0,0,TTAGGG
contig-0001821_Start,1000,0,0,TTAGGG
contig-0001822_Start,1000,0,0,TTAGGG
contig-0001823_Start,1000,0,1,TTAGGG
contig-0001824_Start,1000,1,0,TTAGGG
contig-0001825_Start,1000,0,0,TTAGGG
contig-0001826_Start,1000,0,0,TTAGGG
contig-0001827_Start,1000,2,0,TTAGGG
contig-0001828_Start,1000,0,0,TTAGGG
contig-0001829_Start,1000,0,0,TTAGGG
contig-0001830_Start,1000,0,0,TTAGGG
contig-0001831_Start,1000,0,0,TTAGGG
contig-0001832_Start,1000,0,0,TTAGGG
contig-0001833_Start,1000,0,1,TTAGGG
contig-0001834_Start,1000,0,0,TTAGGG
contig-0001835_Start,1000,0,0,TTAGGG
contig-0001836_Start,1000,0,0,TTAGGG
contig-0001837_Start,1000,0,0,TTAGGG
contig-0001838_Start,1000,0,1,TTAGGG
contig-0001839_Start,1000,1,1,TTAGGG
contig-0001840_Start,1000,1,1,TTAGGG
contig-0001841_Start,1000,1,0,TTAGGG
contig-0001842_Start,1000,0,0,TTAGGG
contig-0001843_Start,1000,0,0,TTAGGG
contig-0001844_Start,1000,1,0,TTAGGG
contig-0001845_Start,1000,0,0,TTAGGG
contig-0001846_Start,1000,1,0,TTAGGG
contig-0001847_Start,1000,1,0,TTAGGG
contig-0001848_Start,1000,0,0,TTAGGG
contig-0001849_Start,1000,0,0,TTAGGG
contig-0001850_Start,1000,0,0,TTAGGG
contig-0001851_Start,1000,1,0,TTAGGG
contig-0001852_Start,1000,1,0,TTAGGG
contig-0001853_Start,1000,0,0,TTAGGG
contig-0001854_Start,1000,0,1,TTAGGG
contig-0001855_Start,1000,0,0,TTAGGG
contig-0001856_Start,1000,0,0,TTAGGG
contig-0001857_Start,1000,0,0,TTAGGG
contig-0001858_Start,1000,0,0,TTAGGG
contig-0001859_Start,1000,0,0,TTAGGG
contig-0001860_Start,1000,0,0,TTAGGG
contig-0001861_Start,1000,0,0,TTAGGG
contig-0001862_Start,1000,1,0,TTAGGG
contig-0001863_Start,1000,0,0,TTAGGG
contig-0001864_Start,1000,0,0,TTAGGG
contig-0001865_Start,1000,0,0,TTAGGG
contig-0001866_Start,1000,1,1,TTAGGG
contig-0001867_Start,1000,0,0,TTAGGG
contig-0001868_Start,1000,0,0,TTAGGG
contig-0001869_Start,1000,0,0,TTAGGG
contig-0001870_Start,1000,0,0,TTAGGG
contig-0001871_Start,1000,0,2,TTAGGG
contig-0001872_Start,1000,0,0,TTAGGG
contig-0001873_Start,1000,0,0,TTAGGG
contig-0001874_Start,1000,0,0,TTAGGG
contig-0001875_Start,1000,0,0,TTAGGG
contig-0001876_Start,1000,0,0,TTAGGG
contig-0001877_Start,1000,0,0,TTAGGG
contig-0001878_Start,1000,0,0,TTAGGG
contig-0001879_Start,1000,0,0,TTAGGG
contig-0001880_Start,1000,0,0,TTAGGG
contig-0001881_Start,1000,0,0,TTAGGG
contig-0001882_Start,1000,0,0,TTAGGG
contig-0001883_Start,1000,0,0,TTAGGG
contig-0001884_Start,1000,0,0,TTAGGG
contig-0001885_Start,1000,0,0,TTAGGG
contig-0001886_Start,1000,0,1,TTAGGG
contig-0001887_Start,1000,0,0,TTAGGG
contig-0001888_Start,1000,0,0,TTAGGG
contig-0001889_Start,1000,0,0,TTAGGG
contig-0001890_Start,1000,0,1,TTAGGG
contig-0001891_Start,1000,0,0,TTAGGG
contig-0001892_Start,1000,1,0,TTAGGG
contig-0001894_Start,1000,0,0,TTAGGG
contig-0001895_Start,1000,0,0,TTAGGG
contig-0001896_Start,1000,0,0,TTAGGG
contig-0001897_Start,1000,1,0,TTAGGG
contig-0001898_Start,1000,0,1,TTAGGG
contig-0001899_Start,1000,0,0,TTAGGG
contig-0001900_Start,1000,1,1,TTAGGG
contig-0001901_Start,1000,0,0,TTAGGG
contig-0001902_Start,1000,1,0,TTAGGG
contig-0001903_Start,1000,1,0,TTAGGG
contig-0001904_Start,1000,1,1,TTAGGG
contig-0001905_Start,1000,0,0,TTAGGG
contig-0001906_Start,1000,0,0,TTAGGG
contig-0001907_Start,1000,0,0,TTAGGG
contig-0001908_Start,1000,1,0,TTAGGG
contig-0001909_Start,1000,0,1,TTAGGG
contig-0001910_Start,1000,0,1,TTAGGG
contig-0001911_Start,1000,0,0,TTAGGG
contig-0001912_Start,1000,0,0,TTAGGG
contig-0001913_Start,1000,0,0,TTAGGG
contig-0001914_Start,1000,2,0,TTAGGG
contig-0001915_Start,1000,0,0,TTAGGG
contig-0001916_Start,1000,1,0,TTAGGG
contig-0001917_Start,1000,0,0,TTAGGG
contig-0001918_Start,1000,1,1,TTAGGG
contig-0001919_Start,1000,0,0,TTAGGG
contig-0001920_Start,1000,1,0,TTAGGG
contig-0001921_Start,1000,0,0,TTAGGG
contig-0001922_Start,1000,0,0,TTAGGG
contig-0001923_Start,1000,0,0,TTAGGG
contig-0001924_Start,1000,0,0,TTAGGG
contig-0001925_Start,1000,1,1,TTAGGG
contig-0001926_Start,1000,1,0,TTAGGG
contig-0001927_Start,1000,0,0,TTAGGG
contig-0001928_Start,1000,0,0,TTAGGG
contig-0001929_Start,1000,0,0,TTAGGG
contig-0001930_Start,1000,0,0,TTAGGG
contig-0001931_Start,1000,0,0,TTAGGG
contig-0001932_Start,1000,0,0,TTAGGG
contig-0001933_Start,1000,0,1,TTAGGG
contig-0001934_Start,1000,0,0,TTAGGG
contig-0001935_Start,1000,0,0,TTAGGG
contig-0001936_Start,1000,0,0,TTAGGG
contig-0001937_Start,1000,0,1,TTAGGG
contig-0001938_Start,1000,0,0,TTAGGG
contig-0001939_Start,1000,0,0,TTAGGG
contig-0001940_Start,1000,0,0,TTAGGG
contig-0001941_Start,1000,1,0,TTAGGG
contig-0001942_Start,1000,0,1,TTAGGG
contig-0001943_Start,1000,0,1,TTAGGG
contig-0001944_Start,1000,0,1,TTAGGG
contig-0001945_Start,1000,0,0,TTAGGG
contig-0001946_Start,1000,0,0,TTAGGG
contig-0001947_Start,1000,1,0,TTAGGG
contig-0001948_Start,1000,0,0,TTAGGG
contig-0001949_Start,1000,0,1,TTAGGG
contig-0001950_Start,1000,0,0,TTAGGG
contig-0001951_Start,1000,0,0,TTAGGG
contig-0001952_Start,1000,1,0,TTAGGG
contig-0001953_Start,1000,0,0,TTAGGG
contig-0001954_Start,1000,0,0,TTAGGG
contig-0001955_Start,1000,0,0,TTAGGG
contig-0001956_Start,1000,0,0,TTAGGG
contig-0001957_Start,1000,0,0,TTAGGG
contig-0001958_Start,1000,1,0,TTAGGG
contig-0001959_Start,1000,0,2,TTAGGG
contig-0001960_Start,1000,0,0,TTAGGG
contig-0001961_Start,1000,0,0,TTAGGG
contig-0001962_Start,1000,1,0,TTAGGG
contig-0001963_Start,1000,0,0,TTAGGG
contig-0001964_Start,1000,0,0,TTAGGG
contig-0001965_Start,1000,0,0,TTAGGG
contig-0001966_Start,1000,0,0,TTAGGG
contig-0001967_Start,1000,0,0,TTAGGG
contig-0001968_Start,1000,0,0,TTAGGG
contig-0001969_Start,1000,0,1,TTAGGG
contig-0001970_Start,1000,0,1,TTAGGG
contig-0001971_Start,1000,0,0,TTAGGG
contig-0001972_Start,1000,0,0,TTAGGG
contig-0001973_Start,1000,0,0,TTAGGG
contig-0001974_Start,1000,1,0,TTAGGG
contig-0001975_Start,1000,0,0,TTAGGG
contig-0001976_Start,1000,0,0,TTAGGG
contig-0001977_Start,1000,0,0,TTAGGG
contig-0001978_Start,1000,0,0,TTAGGG
contig-0001979_Start,1000,0,0,TTAGGG
contig-0001980_Start,1000,0,1,TTAGGG
contig-0001981_Start,1000,1,1,TTAGGG
contig-0001982_Start,1000,0,0,TTAGGG
contig-0001983_Start,1000,0,1,TTAGGG
contig-0001984_Start,1000,0,0,TTAGGG
contig-0001985_Start,1000,0,1,TTAGGG
contig-0001986_Start,1000,0,1,TTAGGG
contig-0001987_Start,1000,1,0,TTAGGG
contig-0001988_Start,1000,0,0,TTAGGG
contig-0001989_Start,1000,0,0,TTAGGG
contig-0001990_Start,1000,0,0,TTAGGG
contig-0001991_Start,1000,0,0,TTAGGG
contig-0001992_Start,1000,0,0,TTAGGG
contig-0001993_Start,1000,0,0,TTAGGG
contig-0001994_Start,1000,0,0,TTAGGG
contig-0001995_Start,1000,1,0,TTAGGG
contig-0001996_Start,1000,0,0,TTAGGG
contig-0001997_Start,1000,0,1,TTAGGG
contig-0001998_Start,1000,0,1,TTAGGG
contig-0001999_Start,1000,0,1,TTAGGG
contig-0002000_Start,1000,0,0,TTAGGG
contig-0002001_Start,1000,0,0,TTAGGG
contig-0002002_Start,1000,0,0,TTAGGG
contig-0002003_Start,1000,0,0,TTAGGG
contig-0002004_Start,1000,0,0,TTAGGG
contig-0002005_Start,1000,0,0,TTAGGG
contig-0002006_Start,1000,0,0,TTAGGG
contig-0002007_Start,1000,0,0,TTAGGG
contig-0002008_Start,1000,0,0,TTAGGG
contig-0002009_Start,1000,0,0,TTAGGG
contig-0002010_Start,1000,0,1,TTAGGG
contig-0002011_Start,1000,0,1,TTAGGG
contig-0002012_Start,1000,0,0,TTAGGG
contig-0002013_Start,1000,0,0,TTAGGG
contig-0002014_Start,1000,0,0,TTAGGG
contig-0002015_Start,1000,0,0,TTAGGG
contig-0002016_Start,1000,0,0,TTAGGG
contig-0002017_Start,1000,0,0,TTAGGG
contig-0002018_Start,1000,0,0,TTAGGG
contig-0002019_Start,1000,0,0,TTAGGG
contig-0002020_Start,1000,1,0,TTAGGG
contig-0002021_Start,1000,1,0,TTAGGG
contig-0002022_Start,1000,0,0,TTAGGG
contig-0002023_Start,1000,0,0,TTAGGG
contig-0002024_Start,1000,0,0,TTAGGG
contig-0002025_Start,1000,0,0,TTAGGG
contig-0002026_Start,1000,0,1,TTAGGG
contig-0002027_Start,1000,0,0,TTAGGG
contig-0002028_Start,1000,0,0,TTAGGG
contig-0002029_Start,1000,0,0,TTAGGG
contig-0002030_Start,1000,0,0,TTAGGG
contig-0002031_Start,1000,0,0,TTAGGG
contig-0002032_Start,1000,0,0,TTAGGG
contig-0002033_Start,1000,0,0,TTAGGG
contig-0002034_Start,1000,0,0,TTAGGG
contig-0002036_Start,1000,0,0,TTAGGG
contig-0002037_Start,1000,0,0,TTAGGG
contig-0002038_Start,1000,0,0,TTAGGG
contig-0002039_Start,1000,0,0,TTAGGG
contig-0002040_Start,1000,0,2,TTAGGG
contig-0002041_Start,1000,1,0,TTAGGG
contig-0002042_Start,1000,0,0,TTAGGG
contig-0002043_Start,1000,0,0,TTAGGG
contig-0002044_Start,1000,0,0,TTAGGG
contig-0002045_Start,1000,0,0,TTAGGG
contig-0002046_Start,1000,2,0,TTAGGG
contig-0002047_Start,1000,0,0,TTAGGG
contig-0002048_Start,1000,0,0,TTAGGG
contig-0002049_Start,1000,0,0,TTAGGG
contig-0002050_Start,1000,0,0,TTAGGG
contig-0002051_Start,1000,0,2,TTAGGG
contig-0002052_Start,1000,0,0,TTAGGG
contig-0002053_Start,1000,2,1,TTAGGG
contig-0002054_Start,1000,1,0,TTAGGG
contig-0002055_Start,1000,0,0,TTAGGG
contig-0002056_Start,1000,0,0,TTAGGG
contig-0002057_Start,1000,0,0,TTAGGG
contig-0002058_Start,1000,0,0,TTAGGG
contig-0002059_Start,1000,0,1,TTAGGG
contig-0002060_Start,1000,0,0,TTAGGG
contig-0002061_Start,1000,0,1,TTAGGG
contig-0002062_Start,1000,1,0,TTAGGG
contig-0002063_Start,1000,0,0,TTAGGG
contig-0002064_Start,1000,0,0,TTAGGG
contig-0002065_Start,1000,0,0,TTAGGG
contig-0002066_Start,1000,0,1,TTAGGG
contig-0002067_Start,1000,0,0,TTAGGG
contig-0002068_Start,1000,0,1,TTAGGG
contig-0002069_Start,1000,0,0,TTAGGG
contig-0002070_Start,1000,0,1,TTAGGG
contig-0002071_Start,1000,0,1,TTAGGG
contig-0002072_Start,1000,0,0,TTAGGG
contig-0002073_Start,1000,0,0,TTAGGG
contig-0002074_Start,1000,0,0,TTAGGG
contig-0002075_Start,1000,0,0,TTAGGG
contig-0002076_Start,1000,0,0,TTAGGG
contig-0002077_Start,1000,1,0,TTAGGG
contig-0002078_Start,1000,0,0,TTAGGG
contig-0002079_Start,1000,1,0,TTAGGG
contig-0002080_Start,1000,0,0,TTAGGG
contig-0002081_Start,1000,0,0,TTAGGG
contig-0002082_Start,1000,1,0,TTAGGG
contig-0002083_Start,1000,0,0,TTAGGG
contig-0002084_Start,1000,1,0,TTAGGG
contig-0002085_Start,1000,1,0,TTAGGG
contig-0002086_Start,1000,0,0,TTAGGG
contig-0002087_Start,1000,0,0,TTAGGG
contig-0002088_Start,1000,0,0,TTAGGG
contig-0002089_Start,1000,0,0,TTAGGG
contig-0002090_Start,1000,0,0,TTAGGG
contig-0002091_Start,1000,0,0,TTAGGG
contig-0002092_Start,1000,0,0,TTAGGG
contig-0002093_Start,1000,0,0,TTAGGG
contig-0002094_Start,1000,0,0,TTAGGG
contig-0002095_Start,1000,0,0,TTAGGG
contig-0002096_Start,1000,0,0,TTAGGG
contig-0002097_Start,1000,2,1,TTAGGG
contig-0002098_Start,1000,0,0,TTAGGG
contig-0002099_Start,1000,0,0,TTAGGG
contig-0002100_Start,1000,0,0,TTAGGG
contig-0002101_Start,1000,0,0,TTAGGG
contig-0002102_Start,1000,0,0,TTAGGG
contig-0002103_Start,1000,0,0,TTAGGG
contig-0002104_Start,1000,0,1,TTAGGG
contig-0002105_Start,1000,0,0,TTAGGG
contig-0002106_Start,1000,0,0,TTAGGG
contig-0002107_Start,1000,0,0,TTAGGG
contig-0002108_Start,1000,1,0,TTAGGG
contig-0002109_Start,1000,0,0,TTAGGG
contig-0002110_Start,1000,0,0,TTAGGG
contig-0002111_Start,1000,0,0,TTAGGG
contig-0002112_Start,1000,0,0,TTAGGG
contig-0002113_Start,1000,0,0,TTAGGG
contig-0002114_Start,1000,0,1,TTAGGG
contig-0002115_Start,1000,0,0,TTAGGG
contig-0002116_Start,1000,0,0,TTAGGG
contig-0002117_Start,1000,1,0,TTAGGG
contig-0002118_Start,1000,0,0,TTAGGG
contig-0002119_Start,1000,0,0,TTAGGG
contig-0002120_Start,1000,0,0,TTAGGG
contig-0002121_Start,1000,1,1,TTAGGG
contig-0002122_Start,1000,0,0,TTAGGG
contig-0002123_Start,1000,0,0,TTAGGG
contig-0002124_Start,1000,0,0,TTAGGG
contig-0002125_Start,1000,0,0,TTAGGG
contig-0002126_Start,1000,0,0,TTAGGG
contig-0002127_Start,1000,1,1,TTAGGG
contig-0002128_Start,1000,0,0,TTAGGG
contig-0002129_Start,1000,0,0,TTAGGG
contig-0002130_Start,1000,0,0,TTAGGG
contig-0002131_Start,1000,0,0,TTAGGG
contig-0002132_Start,1000,1,0,TTAGGG
contig-0002133_Start,1000,0,0,TTAGGG
contig-0002134_Start,1000,1,0,TTAGGG
contig-0002135_Start,1000,0,0,TTAGGG
contig-0002136_Start,1000,0,0,TTAGGG
contig-0002137_Start,1000,0,0,TTAGGG
contig-0002138_Start,1000,1,1,TTAGGG
contig-0002139_Start,1000,1,0,TTAGGG
contig-0002140_Start,1000,0,1,TTAGGG
contig-0002141_Start,1000,0,0,TTAGGG
contig-0002142_Start,1000,0,0,TTAGGG
contig-0002143_Start,1000,0,1,TTAGGG
contig-0002144_Start,1000,0,0,TTAGGG
contig-0002145_Start,1000,0,1,TTAGGG
contig-0002146_Start,1000,0,0,TTAGGG
contig-0002147_Start,1000,0,0,TTAGGG
contig-0002148_Start,1000,0,0,TTAGGG
contig-0002149_Start,1000,0,1,TTAGGG
contig-0002150_Start,1000,0,0,TTAGGG
contig-0002151_Start,1000,0,1,TTAGGG
contig-0002152_Start,1000,0,0,TTAGGG
contig-0002153_Start,1000,0,163,TTAGGG
contig-0002154_Start,1000,0,0,TTAGGG
contig-0002155_Start,1000,0,0,TTAGGG
contig-0002156_Start,1000,1,0,TTAGGG
contig-0002157_Start,1000,0,1,TTAGGG
contig-0002158_Start,1000,0,0,TTAGGG
contig-0002159_Start,1000,0,0,TTAGGG
contig-0002160_Start,1000,0,0,TTAGGG
contig-0002161_Start,1000,0,0,TTAGGG
contig-0002162_Start,1000,1,0,TTAGGG
contig-0002163_Start,1000,1,0,TTAGGG
contig-0002164_Start,1000,0,0,TTAGGG
contig-0002165_Start,1000,0,0,TTAGGG
contig-0002166_Start,1000,0,0,TTAGGG
contig-0002167_Start,1000,0,0,TTAGGG
contig-0002168_Start,1000,0,0,TTAGGG
contig-0002169_Start,1000,0,0,TTAGGG
contig-0002170_Start,1000,0,0,TTAGGG
contig-0002171_Start,1000,0,0,TTAGGG
contig-0002172_Start,1000,1,0,TTAGGG
contig-0002173_Start,1000,0,0,TTAGGG
contig-0002174_Start,1000,0,0,TTAGGG
contig-0002175_Start,1000,0,0,TTAGGG
contig-0002176_Start,1000,0,0,TTAGGG
contig-0002177_Start,1000,0,0,TTAGGG
contig-0002178_Start,1000,0,0,TTAGGG
contig-0002179_Start,1000,0,0,TTAGGG
contig-0002180_Start,1000,0,0,TTAGGG
contig-0002181_Start,1000,0,0,TTAGGG
contig-0002182_Start,1000,0,0,TTAGGG
contig-0002183_Start,1000,1,0,TTAGGG
contig-0002184_Start,1000,0,0,TTAGGG
contig-0002185_Start,1000,0,1,TTAGGG
contig-0002186_Start,1000,0,0,TTAGGG
contig-0002187_Start,1000,0,0,TTAGGG
contig-0002188_Start,1000,0,0,TTAGGG
contig-0002189_Start,1000,0,1,TTAGGG
contig-0002190_Start,1000,0,0,TTAGGG
contig-0002191_Start,1000,0,0,TTAGGG
contig-0002192_Start,1000,0,0,TTAGGG
contig-0002193_Start,1000,0,0,TTAGGG
contig-0002195_Start,1000,0,0,TTAGGG
contig-0002196_Start,1000,0,0,TTAGGG
contig-0002197_Start,1000,0,0,TTAGGG
contig-0002198_Start,1000,0,0,TTAGGG
contig-0002199_Start,1000,0,0,TTAGGG
contig-0002200_Start,1000,0,0,TTAGGG
contig-0002201_Start,1000,0,0,TTAGGG
contig-0002202_Start,1000,0,0,TTAGGG
contig-0002203_Start,1000,0,0,TTAGGG
contig-0002204_Start,1000,0,0,TTAGGG
contig-0002208_Start,1000,0,1,TTAGGG
contig-0002209_Start,1000,0,1,TTAGGG
contig-0002210_Start,1000,0,1,TTAGGG
contig-0002211_Start,1000,0,1,TTAGGG
contig-0002212_Start,1000,0,0,TTAGGG
contig-0002213_Start,1000,0,0,TTAGGG
contig-0002215_Start,1000,0,0,TTAGGG
contig-0002216_Start,1000,0,0,TTAGGG
contig-0002219_Start,1000,1,0,TTAGGG
contig-0002220_Start,1000,1,0,TTAGGG
contig-0002221_Start,1000,0,0,TTAGGG
contig-0002222_Start,1000,0,0,TTAGGG
contig-0002223_Start,1000,0,0,TTAGGG
contig-0002224_Start,1000,0,0,TTAGGG
contig-0002225_Start,1000,0,0,TTAGGG
contig-0002226_Start,1000,0,0,TTAGGG
contig-0002227_Start,1000,0,0,TTAGGG
contig-0002228_Start,1000,0,2,TTAGGG
contig-0002229_Start,1000,0,0,TTAGGG
contig-0002230_Start,1000,0,0,TTAGGG
contig-0002231_Start,1000,0,0,TTAGGG
contig-0002232_Start,1000,0,0,TTAGGG
contig-0002234_Start,1000,0,0,TTAGGG
contig-0002235_Start,1000,0,0,TTAGGG
contig-0002236_Start,1000,0,0,TTAGGG
contig-0002237_Start,1000,1,0,TTAGGG
contig-0002238_Start,1000,0,0,TTAGGG
contig-0002239_Start,1000,0,0,TTAGGG
contig-0002240_Start,1000,0,0,TTAGGG
contig-0002242_Start,1000,0,1,TTAGGG
contig-0002243_Start,1000,0,0,TTAGGG
contig-0002244_Start,1000,0,0,TTAGGG
contig-0002245_Start,1000,0,0,TTAGGG
contig-0002247_Start,1000,0,0,TTAGGG
contig-0002248_Start,1000,1,0,TTAGGG
contig-0002249_Start,1000,0,0,TTAGGG
contig-0002251_Start,1000,0,0,TTAGGG
contig-0002252_Start,1000,0,0,TTAGGG
contig-0002253_Start,1000,0,0,TTAGGG
contig-0002254_Start,1000,0,1,TTAGGG
contig-0002255_Start,1000,0,0,TTAGGG
contig-0002256_Start,1000,0,0,TTAGGG
contig-0002257_Start,1000,2,1,TTAGGG
contig-0002258_Start,1000,0,0,TTAGGG
contig-0002259_Start,1000,0,0,TTAGGG
contig-0002260_Start,1000,0,0,TTAGGG
contig-0002261_Start,1000,0,0,TTAGGG
contig-0002262_Start,1000,0,0,TTAGGG
contig-0002263_Start,1000,1,0,TTAGGG
contig-0002264_Start,1000,1,0,TTAGGG
contig-0002265_Start,1000,0,0,TTAGGG
contig-0002266_Start,1000,0,0,TTAGGG
contig-0002267_Start,1000,0,0,TTAGGG
contig-0002268_Start,1000,0,0,TTAGGG
contig-0002269_Start,1000,0,0,TTAGGG
contig-0002270_Start,1000,0,0,TTAGGG
contig-0002271_Start,1000,0,0,TTAGGG
contig-0002272_Start,1000,0,0,TTAGGG
contig-0002273_Start,1000,0,0,TTAGGG
contig-0002274_Start,1000,0,0,TTAGGG
contig-0002275_Start,1000,0,0,TTAGGG
contig-0002276_Start,1000,0,0,TTAGGG
contig-0002277_Start,1000,0,0,TTAGGG
contig-0002278_Start,1000,0,0,TTAGGG
contig-0002279_Start,1000,0,0,TTAGGG
contig-0002280_Start,1000,0,0,TTAGGG
contig-0002281_Start,1000,0,0,TTAGGG
contig-0002282_Start,1000,0,0,TTAGGG
contig-0002283_Start,1000,0,0,TTAGGG
contig-0002284_Start,1000,0,0,TTAGGG
contig-0002285_Start,1000,0,0,TTAGGG
contig-0002286_Start,1000,0,0,TTAGGG
contig-0002287_Start,1000,0,0,TTAGGG
contig-0002288_Start,1000,0,0,TTAGGG
contig-0002289_Start,1000,0,0,TTAGGG
contig-0002290_Start,1000,0,1,TTAGGG
contig-0002291_Start,1000,0,0,TTAGGG
contig-0002292_Start,1000,0,0,TTAGGG
contig-0002293_Start,1000,1,0,TTAGGG
contig-0002294_Start,1000,0,0,TTAGGG
contig-0002295_Start,1000,0,0,TTAGGG
contig-0002296_Start,1000,0,0,TTAGGG
contig-0002297_Start,1000,0,0,TTAGGG
contig-0002298_Start,1000,0,0,TTAGGG
contig-0002299_Start,1000,0,0,TTAGGG
contig-0002300_Start,1000,0,0,TTAGGG
contig-0002301_Start,1000,0,0,TTAGGG
contig-0002302_Start,1000,0,0,TTAGGG
contig-0002303_Start,1000,0,0,TTAGGG
contig-0002304_Start,1000,0,0,TTAGGG
contig-0002305_Start,1000,0,0,TTAGGG
contig-0002306_Start,1000,0,0,TTAGGG
contig-0002307_Start,1000,0,0,TTAGGG
contig-0002308_Start,1000,0,0,TTAGGG
contig-0002309_Start,1000,0,0,TTAGGG
contig-0002310_Start,1000,0,0,TTAGGG
contig-0002311_Start,1000,1,0,TTAGGG
contig-0002312_Start,1000,0,0,TTAGGG
contig-0002313_Start,1000,0,0,TTAGGG
contig-0002314_Start,1000,0,0,TTAGGG
contig-0002315_Start,1000,0,0,TTAGGG
contig-0002316_Start,1000,0,0,TTAGGG
contig-0002317_Start,1000,0,0,TTAGGG
contig-0002318_Start,1000,1,0,TTAGGG
contig-0002319_Start,1000,0,162,TTAGGG
contig-0002320_Start,1000,0,0,TTAGGG
contig-0002321_Start,1000,0,162,TTAGGG
contig-0002322_Start,1000,0,0,TTAGGG
contig-0002323_Start,1000,0,0,TTAGGG
contig-0002324_Start,1000,0,0,TTAGGG
contig-0002325_Start,1000,0,0,TTAGGG
contig-0002326_Start,1000,0,0,TTAGGG
contig-0002327_Start,1000,0,0,TTAGGG
contig-0002328_Start,1000,0,0,TTAGGG
contig-0002329_Start,1000,0,0,TTAGGG
contig-0002330_Start,1000,1,0,TTAGGG
contig-0002331_Start,1000,1,0,TTAGGG
contig-0002332_Start,1000,0,0,TTAGGG
contig-0002333_Start,1000,0,0,TTAGGG
contig-0002334_Start,1000,0,0,TTAGGG
contig-0002335_Start,1000,0,0,TTAGGG
contig-0002336_Start,1000,2,0,TTAGGG
contig-0002337_Start,1000,1,1,TTAGGG
contig-0002338_Start,1000,0,0,TTAGGG
contig-0002339_Start,1000,0,0,TTAGGG
contig-0002340_Start,1000,0,1,TTAGGG
contig-0002341_Start,1000,0,0,TTAGGG
contig-0002342_Start,1000,0,0,TTAGGG
contig-0002343_Start,1000,0,0,TTAGGG
contig-0002344_Start,1000,1,1,TTAGGG
contig-0002345_Start,1000,0,0,TTAGGG
contig-0002346_Start,1000,0,0,TTAGGG
contig-0002347_Start,1000,0,1,TTAGGG
contig-0002348_Start,1000,0,0,TTAGGG
contig-0002349_Start,1000,0,0,TTAGGG
contig-0002350_Start,1000,0,0,TTAGGG
contig-0002351_Start,1000,0,0,TTAGGG
contig-0002352_Start,1000,0,0,TTAGGG
contig-0002353_Start,1000,0,0,TTAGGG
contig-0002354_Start,1000,0,0,TTAGGG
contig-0002355_Start,1000,0,165,TTAGGG
contig-0002356_Start,1000,0,0,TTAGGG
contig-0002357_Start,1000,0,0,TTAGGG
contig-0002358_Start,1000,0,0,TTAGGG
contig-0002359_Start,1000,0,0,TTAGGG
contig-0002360_Start,1000,0,0,TTAGGG
contig-0002361_Start,1000,0,0,TTAGGG
contig-0002362_Start,1000,0,0,TTAGGG
contig-0002363_Start,1000,0,0,TTAGGG
contig-0002364_Start,1000,1,0,TTAGGG
contig-0002365_Start,1000,0,0,TTAGGG
contig-0002366_Start,1000,0,0,TTAGGG
contig-0002367_Start,1000,0,0,TTAGGG
contig-0002368_Start,1000,0,0,TTAGGG
contig-0002369_Start,1000,0,0,TTAGGG
contig-0002370_Start,1000,0,0,TTAGGG
contig-0002371_Start,1000,0,0,TTAGGG
contig-0002373_Start,1000,0,0,TTAGGG
contig-0002374_Start,1000,0,0,TTAGGG
contig-0002375_Start,1000,0,0,TTAGGG
contig-0002376_Start,1000,0,0,TTAGGG
contig-0002377_Start,1000,0,0,TTAGGG
contig-0002378_Start,1000,0,0,TTAGGG
contig-0002379_Start,1000,0,1,TTAGGG
contig-0002380_Start,1000,0,0,TTAGGG
contig-0002381_Start,1000,0,0,TTAGGG
contig-0002382_Start,1000,0,0,TTAGGG
contig-0002383_Start,1000,0,0,TTAGGG
contig-0002384_Start,1000,0,0,TTAGGG
contig-0002385_Start,1000,0,0,TTAGGG
contig-0002386_Start,1000,0,0,TTAGGG
contig-0002387_Start,1000,0,0,TTAGGG
contig-0002388_Start,1000,0,0,TTAGGG
contig-0002389_Start,1000,0,0,TTAGGG
contig-0002390_Start,1000,0,0,TTAGGG
contig-0002391_Start,1000,0,0,TTAGGG
contig-0002392_Start,1000,0,0,TTAGGG
contig-0002393_Start,1000,0,2,TTAGGG
contig-0002394_Start,1000,0,0,TTAGGG
contig-0002395_Start,1000,0,0,TTAGGG
contig-0002396_Start,1000,0,0,TTAGGG
contig-0002397_Start,1000,0,0,TTAGGG
contig-0002398_Start,1000,0,0,TTAGGG
contig-0002399_Start,1000,0,0,TTAGGG
contig-0002400_Start,1000,0,0,TTAGGG
contig-0002401_Start,1000,0,0,TTAGGG
contig-0002402_Start,1000,0,0,TTAGGG
contig-0002403_Start,1000,0,0,TTAGGG
contig-0002404_Start,1000,0,0,TTAGGG
contig-0002405_Start,1000,0,0,TTAGGG
contig-0002406_Start,1000,0,0,TTAGGG
contig-0002407_Start,1000,0,2,TTAGGG
contig-0002408_Start,1000,0,0,TTAGGG
contig-0002409_Start,1000,0,162,TTAGGG
contig-0002410_Start,1000,0,0,TTAGGG
contig-0002411_Start,1000,1,1,TTAGGG
contig-0002412_Start,1000,0,0,TTAGGG
contig-0002413_Start,1000,0,0,TTAGGG
contig-0002414_Start,1000,0,0,TTAGGG
contig-0002415_Start,1000,0,0,TTAGGG
contig-0002416_Start,1000,0,0,TTAGGG
contig-0002417_Start,1000,0,0,TTAGGG
contig-0002418_Start,1000,0,0,TTAGGG
contig-0002419_Start,1000,0,0,TTAGGG
contig-0002420_Start,1000,0,0,TTAGGG
contig-0002421_Start,1000,0,0,TTAGGG
contig-0002422_Start,1000,0,0,TTAGGG
contig-0002423_Start,1000,0,0,TTAGGG
contig-0002424_Start,1000,0,0,TTAGGG
contig-0002425_Start,1000,0,0,TTAGGG
contig-0002426_Start,1000,0,2,TTAGGG
contig-0002427_Start,1000,0,0,TTAGGG
contig-0002428_Start,1000,0,0,TTAGGG
contig-0002429_Start,1000,0,0,TTAGGG
contig-0002430_Start,1000,0,0,TTAGGG
contig-0002431_Start,1000,0,0,TTAGGG
contig-0002432_Start,1000,0,0,TTAGGG
contig-0002433_Start,1000,0,0,TTAGGG
contig-0002434_Start,1000,0,0,TTAGGG
contig-0002435_Start,1000,2,0,TTAGGG
contig-0002436_Start,1000,2,0,TTAGGG
contig-0002437_Start,1000,0,1,TTAGGG
contig-0002438_Start,1000,0,0,TTAGGG
contig-0002439_Start,1000,0,0,TTAGGG
contig-0002440_Start,1000,0,0,TTAGGG
contig-0002441_Start,1000,0,0,TTAGGG
contig-0002442_Start,1000,0,0,TTAGGG
contig-0002443_Start,1000,0,1,TTAGGG
contig-0002444_Start,1000,0,0,TTAGGG
contig-0002445_Start,1000,0,0,TTAGGG
contig-0002446_Start,1000,0,0,TTAGGG
contig-0002447_Start,1000,0,1,TTAGGG
contig-0002448_Start,1000,0,0,TTAGGG
contig-0002449_Start,1000,0,0,TTAGGG
contig-0002451_Start,1000,0,0,TTAGGG
contig-0002452_Start,1000,0,0,TTAGGG
contig-0002453_Start,1000,0,0,TTAGGG
contig-0002454_Start,1000,0,0,TTAGGG
contig-0002455_Start,1000,0,0,TTAGGG
contig-0002457_Start,1000,0,0,TTAGGG
contig-0002458_Start,1000,0,0,TTAGGG
contig-0002459_Start,1000,0,0,TTAGGG
contig-0002460_Start,1000,0,0,TTAGGG
contig-0002461_Start,1000,0,0,TTAGGG
contig-0002462_Start,1000,0,0,TTAGGG
contig-0002463_Start,1000,0,0,TTAGGG
contig-0002464_Start,1000,0,0,TTAGGG
contig-0002465_Start,1000,0,0,TTAGGG
contig-0002466_Start,1000,0,0,TTAGGG
contig-0002467_Start,1000,0,0,TTAGGG
contig-0002468_Start,1000,1,1,TTAGGG
contig-0002469_Start,1000,0,0,TTAGGG
contig-0002470_Start,1000,0,0,TTAGGG
contig-0002471_Start,1000,0,0,TTAGGG
contig-0002472_Start,1000,0,0,TTAGGG
contig-0002473_Start,1000,0,0,TTAGGG
contig-0002475_Start,1000,0,0,TTAGGG
contig-0002476_Start,1000,0,0,TTAGGG
contig-0002477_Start,1000,1,0,TTAGGG
contig-0002478_Start,1000,0,0,TTAGGG
contig-0002479_Start,1000,0,0,TTAGGG
contig-0002480_Start,1000,0,1,TTAGGG
contig-0002481_Start,1000,0,0,TTAGGG
contig-0002482_Start,1000,0,0,TTAGGG
contig-0002484_Start,1000,0,0,TTAGGG
contig-0002485_Start,1000,0,0,TTAGGG
contig-0002486_Start,1000,0,0,TTAGGG
contig-0002487_Start,1000,0,0,TTAGGG
contig-0002488_Start,1000,0,0,TTAGGG
contig-0002489_Start,1000,0,0,TTAGGG
contig-0002490_Start,1000,1,1,TTAGGG
contig-0002493_Start,1000,0,0,TTAGGG
contig-0002496_Start,1000,0,0,TTAGGG
contig-0002497_Start,1000,0,0,TTAGGG
contig-0002498_Start,1000,0,0,TTAGGG
contig-0002499_Start,1000,0,0,TTAGGG
contig-0002500_Start,1000,0,0,TTAGGG
contig-0002501_Start,1000,0,0,TTAGGG
contig-0002504_Start,1000,0,0,TTAGGG
contig-0002506_Start,1000,0,0,TTAGGG
contig-0002507_Start,1000,0,0,TTAGGG
contig-0002510_Start,1000,1,0,TTAGGG
contig-0002512_Start,1000,0,0,TTAGGG
contig-0002513_Start,1000,0,0,TTAGGG
contig-0002514_Start,1000,0,0,TTAGGG
contig-0002515_Start,1000,0,0,TTAGGG
contig-0002516_Start,1000,0,2,TTAGGG
contig-0002517_Start,1000,0,0,TTAGGG
contig-0002518_Start,1000,0,0,TTAGGG
contig-0002519_Start,1000,0,0,TTAGGG
contig-0002520_Start,1000,0,0,TTAGGG
contig-0002521_Start,1000,0,0,TTAGGG
contig-0002522_Start,1000,0,0,TTAGGG
contig-0002523_Start,1000,0,0,TTAGGG
contig-0002524_Start,1000,1,0,TTAGGG
contig-0002525_Start,1000,0,0,TTAGGG
contig-0002526_Start,1000,0,0,TTAGGG
contig-0002527_Start,1000,0,0,TTAGGG
contig-0002528_Start,1000,1,0,TTAGGG
contig-0002532_Start,1000,0,0,TTAGGG
contig-0002534_Start,1000,0,0,TTAGGG
contig-0002535_Start,1000,0,0,TTAGGG
contig-0002536_Start,1000,0,0,TTAGGG
contig-0002537_Start,1000,0,0,TTAGGG
contig-0002538_Start,1000,0,0,TTAGGG
contig-0002539_Start,1000,0,0,TTAGGG
contig-0002540_Start,1000,0,0,TTAGGG
contig-0002541_Start,1000,0,0,TTAGGG
contig-0002542_Start,1000,0,0,TTAGGG
contig-0002543_Start,1000,0,0,TTAGGG
contig-0002544_Start,1000,0,0,TTAGGG
contig-0002545_Start,1000,0,0,TTAGGG
contig-0002546_Start,1000,0,0,TTAGGG
contig-0002547_Start,1000,0,0,TTAGGG
contig-0002548_Start,1000,0,0,TTAGGG
contig-0002549_Start,1000,0,0,TTAGGG
contig-0002551_Start,1000,0,0,TTAGGG
contig-0002552_Start,1000,0,0,TTAGGG
contig-0002553_Start,1000,0,0,TTAGGG
contig-0002554_Start,1000,0,0,TTAGGG
contig-0002555_Start,1000,0,1,TTAGGG
contig-0002558_Start,1000,0,0,TTAGGG
contig-0002559_Start,1000,0,0,TTAGGG
contig-0002560_Start,1000,0,0,TTAGGG
contig-0002561_Start,1000,0,0,TTAGGG
contig-0002562_Start,1000,1,0,TTAGGG
contig-0002563_Start,1000,0,0,TTAGGG
contig-0002564_Start,1000,0,0,TTAGGG
contig-0002567_Start,1000,1,0,TTAGGG
contig-0002568_Start,1000,0,0,TTAGGG
contig-0002569_Start,1000,0,0,TTAGGG
contig-0002570_Start,1000,0,0,TTAGGG
contig-0002571_Start,1000,0,0,TTAGGG
contig-0002572_Start,1000,0,0,TTAGGG
contig-0002573_Start,1000,0,0,TTAGGG
contig-0002574_Start,1000,0,0,TTAGGG
contig-0002575_Start,1000,0,0,TTAGGG
contig-0002576_Start,1000,0,0,TTAGGG
contig-0002577_Start,1000,0,0,TTAGGG
contig-0002578_Start,1000,0,0,TTAGGG
contig-0002579_Start,1000,0,0,TTAGGG
contig-0002580_Start,1000,0,0,TTAGGG
contig-0002581_Start,1000,0,0,TTAGGG
contig-0002582_Start,1000,0,0,TTAGGG
contig-0002583_Start,1000,0,0,TTAGGG
contig-0002584_Start,1000,0,0,TTAGGG
contig-0002585_Start,1000,0,0,TTAGGG
contig-0002586_Start,1000,0,0,TTAGGG
contig-0002587_Start,1000,0,0,TTAGGG
contig-0002588_Start,1000,0,0,TTAGGG
contig-0002589_Start,1000,0,0,TTAGGG
contig-0002590_Start,1000,0,0,TTAGGG
contig-0002591_Start,1000,0,0,TTAGGG
contig-0002592_Start,1000,0,0,TTAGGG
contig-0002593_Start,1000,0,0,TTAGGG
contig-0002594_Start,1000,0,0,TTAGGG
contig-0002595_Start,1000,0,0,TTAGGG
contig-0002596_Start,1000,0,1,TTAGGG
contig-0002597_Start,1000,0,1,TTAGGG
contig-0002598_Start,1000,0,0,TTAGGG
contig-0002599_Start,1000,0,0,TTAGGG
contig-0002600_Start,1000,0,1,TTAGGG
contig-0002601_Start,1000,0,0,TTAGGG
contig-0002602_Start,1000,0,0,TTAGGG
contig-0002603_Start,1000,0,0,TTAGGG
contig-0002604_Start,1000,0,0,TTAGGG
contig-0002605_Start,1000,0,0,TTAGGG
contig-0002606_Start,1000,0,0,TTAGGG
contig-0002607_Start,1000,0,0,TTAGGG
contig-0002608_Start,1000,0,0,TTAGGG
contig-0002609_Start,1000,0,0,TTAGGG
contig-0002610_Start,1000,0,0,TTAGGG
contig-0002611_Start,1000,0,0,TTAGGG
contig-0002612_Start,1000,0,0,TTAGGG
contig-0002613_Start,1000,1,0,TTAGGG
contig-0002615_Start,1000,1,0,TTAGGG
contig-0002616_Start,1000,0,1,TTAGGG
contig-0002617_Start,1000,0,1,TTAGGG
contig-0002618_Start,1000,1,1,TTAGGG
contig-0002619_Start,1000,1,0,TTAGGG
contig-0002620_Start,1000,0,0,TTAGGG
contig-0002621_Start,1000,0,0,TTAGGG
contig-0002622_Start,1000,0,0,TTAGGG
contig-0002623_Start,1000,0,0,TTAGGG
contig-0002624_Start,1000,0,1,TTAGGG
contig-0002625_Start,1000,0,0,TTAGGG
contig-0002626_Start,1000,0,0,TTAGGG
contig-0002627_Start,1000,0,0,TTAGGG
contig-0002630_Start,1000,1,0,TTAGGG
contig-0002631_Start,1000,0,0,TTAGGG
contig-0002632_Start,1000,1,0,TTAGGG
contig-0002633_Start,1000,1,0,TTAGGG
contig-0002634_Start,1000,0,0,TTAGGG
contig-0002635_Start,1000,0,0,TTAGGG
contig-0002636_Start,1000,0,0,TTAGGG
contig-0002637_Start,1000,0,0,TTAGGG
contig-0002638_Start,1000,0,0,TTAGGG
contig-0002639_Start,1000,0,1,TTAGGG
contig-0002640_Start,1000,0,0,TTAGGG
contig-0002641_Start,1000,2,0,TTAGGG
contig-0002642_Start,1000,1,0,TTAGGG
contig-0002643_Start,1000,0,0,TTAGGG
contig-0002644_Start,1000,0,0,TTAGGG
contig-0002645_Start,1000,0,0,TTAGGG
contig-0002646_Start,1000,0,0,TTAGGG
contig-0002647_Start,1000,0,0,TTAGGG
contig-0002649_Start,1000,0,0,TTAGGG
contig-0002650_Start,1000,0,0,TTAGGG
contig-0002651_Start,1000,0,0,TTAGGG
contig-0002652_Start,1000,0,2,TTAGGG
contig-0002653_Start,1000,0,0,TTAGGG
contig-0002654_Start,1000,0,0,TTAGGG
contig-0002655_Start,1000,0,0,TTAGGG
contig-0002656_Start,1000,0,0,TTAGGG
contig-0002657_Start,1000,0,0,TTAGGG
contig-0002658_Start,1000,0,0,TTAGGG
contig-0002659_Start,1000,0,0,TTAGGG
contig-0002660_Start,1000,0,0,TTAGGG
contig-0002661_Start,1000,1,1,TTAGGG
contig-0002662_Start,1000,0,0,TTAGGG
contig-0002663_Start,1000,0,2,TTAGGG
contig-0002664_Start,1000,0,0,TTAGGG
contig-0002665_Start,1000,0,0,TTAGGG
contig-0002666_Start,1000,0,0,TTAGGG
contig-0002667_Start,1000,0,0,TTAGGG
contig-0002668_Start,1000,0,0,TTAGGG
contig-0002669_Start,1000,0,0,TTAGGG
contig-0002670_Start,1000,0,0,TTAGGG
contig-0002671_Start,1000,0,0,TTAGGG
contig-0002672_Start,1000,0,0,TTAGGG
contig-0002673_Start,1000,0,0,TTAGGG
contig-0002674_Start,1000,2,2,TTAGGG
contig-0002675_Start,1000,0,0,TTAGGG
contig-0002676_Start,1000,0,0,TTAGGG
contig-0002677_Start,1000,0,0,TTAGGG
contig-0002678_Start,1000,0,0,TTAGGG
contig-0002679_Start,1000,0,0,TTAGGG
contig-0002680_Start,1000,1,0,TTAGGG
contig-0002681_Start,1000,0,0,TTAGGG
contig-0002682_Start,1000,0,0,TTAGGG
contig-0002683_Start,1000,0,0,TTAGGG
contig-0002684_Start,1000,0,0,TTAGGG
contig-0002685_Start,1000,0,0,TTAGGG
contig-0002686_Start,1000,0,0,TTAGGG
contig-0002688_Start,1000,0,0,TTAGGG
contig-0002689_Start,1000,0,0,TTAGGG
contig-0002690_Start,1000,0,0,TTAGGG
contig-0002691_Start,1000,0,0,TTAGGG
contig-0002692_Start,1000,0,0,TTAGGG
contig-0002693_Start,1000,0,0,TTAGGG
contig-0002694_Start,1000,0,0,TTAGGG
contig-0002695_Start,1000,0,0,TTAGGG
contig-0002696_Start,1000,0,0,TTAGGG
contig-0002697_Start,1000,0,0,TTAGGG
contig-0002698_Start,1000,0,0,TTAGGG
contig-0002699_Start,1000,0,0,TTAGGG
contig-0002700_Start,1000,0,0,TTAGGG
contig-0002701_Start,1000,0,0,TTAGGG
contig-0002702_Start,1000,0,1,TTAGGG
contig-0002703_Start,1000,0,0,TTAGGG
contig-0002704_Start,1000,0,0,TTAGGG
contig-0002705_Start,1000,0,0,TTAGGG
contig-0002706_Start,1000,0,0,TTAGGG
contig-0002707_Start,1000,0,0,TTAGGG
contig-0002708_Start,1000,1,0,TTAGGG
contig-0002709_Start,1000,0,0,TTAGGG
contig-0002710_Start,1000,0,0,TTAGGG
contig-0002711_Start,1000,0,0,TTAGGG
contig-0002712_Start,1000,0,0,TTAGGG
contig-0002713_Start,1000,0,0,TTAGGG
contig-0002714_Start,1000,0,0,TTAGGG
contig-0002715_Start,1000,0,0,TTAGGG
contig-0002716_Start,1000,0,163,TTAGGG
contig-0002717_Start,1000,0,0,TTAGGG
contig-0002718_Start,1000,0,1,TTAGGG
contig-0002719_Start,1000,0,0,TTAGGG
contig-0002720_Start,1000,0,0,TTAGGG
contig-0002721_Start,1000,0,1,TTAGGG
contig-0002722_Start,1000,0,1,TTAGGG
contig-0002723_Start,1000,0,0,TTAGGG
contig-0002724_Start,1000,0,0,TTAGGG
contig-0002725_Start,1000,0,0,TTAGGG
contig-0002726_Start,1000,0,165,TTAGGG
contig-0002727_Start,1000,0,0,TTAGGG
contig-0002728_Start,1000,0,1,TTAGGG
contig-0002729_Start,1000,1,0,TTAGGG
contig-0002730_Start,1000,0,0,TTAGGG
contig-0002731_Start,1000,0,0,TTAGGG
contig-0002732_Start,1000,0,0,TTAGGG
contig-0002733_Start,1000,0,0,TTAGGG
contig-0002734_Start,1000,0,0,TTAGGG
contig-0002735_Start,1000,0,0,TTAGGG
contig-0002736_Start,1000,0,0,TTAGGG
contig-0002737_Start,1000,1,0,TTAGGG
contig-0002738_Start,1000,0,0,TTAGGG
contig-0002739_Start,1000,0,0,TTAGGG
contig-0002740_Start,1000,0,0,TTAGGG
contig-0002741_Start,1000,0,0,TTAGGG
contig-0002742_Start,1000,0,0,TTAGGG
contig-0002743_Start,1000,0,0,TTAGGG
contig-0002744_Start,1000,0,0,TTAGGG
contig-0002745_Start,1000,0,0,TTAGGG
contig-0002746_Start,1000,0,0,TTAGGG
contig-0002747_Start,1000,0,0,TTAGGG
contig-0002748_Start,1000,0,0,TTAGGG
contig-0002749_Start,1000,0,0,TTAGGG
contig-0002750_Start,1000,0,0,TTAGGG
contig-0002751_Start,1000,0,164,TTAGGG
contig-0002753_Start,1000,0,1,TTAGGG
contig-0002754_Start,1000,0,0,TTAGGG
contig-0002755_Start,1000,1,0,TTAGGG
contig-0002756_Start,1000,1,0,TTAGGG
contig-0002757_Start,1000,0,0,TTAGGG
contig-0002758_Start,1000,0,0,TTAGGG
contig-0002759_Start,1000,0,2,TTAGGG
contig-0002760_Start,1000,0,0,TTAGGG
contig-0002761_Start,1000,1,0,TTAGGG
contig-0002762_Start,1000,0,0,TTAGGG
contig-0002763_Start,1000,0,0,TTAGGG
contig-0002764_Start,1000,0,0,TTAGGG
contig-0002765_Start,1000,0,0,TTAGGG
contig-0002766_Start,1000,0,0,TTAGGG
contig-0002767_Start,1000,0,0,TTAGGG
contig-0002768_Start,1000,0,0,TTAGGG
contig-0002769_Start,1000,0,0,TTAGGG
contig-0002770_Start,1000,0,0,TTAGGG
contig-0002771_Start,1000,0,1,TTAGGG
contig-0002773_Start,1000,0,0,TTAGGG
contig-0002774_Start,1000,0,0,TTAGGG
contig-0002775_Start,1000,0,0,TTAGGG
contig-0002776_Start,1000,0,0,TTAGGG
contig-0002777_Start,1000,0,0,TTAGGG
contig-0002778_Start,1000,0,0,TTAGGG
contig-0002779_Start,1000,0,1,TTAGGG
contig-0002780_Start,1000,0,0,TTAGGG
contig-0002781_Start,1000,1,0,TTAGGG
contig-0002782_Start,1000,0,1,TTAGGG
contig-0002783_Start,1000,0,0,TTAGGG
contig-0002784_Start,1000,0,0,TTAGGG
contig-0002785_Start,1000,1,0,TTAGGG
contig-0002786_Start,1000,1,0,TTAGGG
contig-0002787_Start,1000,0,1,TTAGGG
contig-0002788_Start,1000,0,0,TTAGGG
contig-0002789_Start,1000,0,0,TTAGGG
contig-0002790_Start,1000,0,0,TTAGGG
contig-0002791_Start,1000,0,0,TTAGGG
contig-0002792_Start,1000,0,1,TTAGGG
contig-0002793_Start,1000,0,0,TTAGGG
contig-0002794_Start,1000,0,0,TTAGGG
contig-0002795_Start,1000,0,0,TTAGGG
contig-0002796_Start,1000,0,1,TTAGGG
contig-0002797_Start,1000,1,1,TTAGGG
contig-0002798_Start,1000,0,0,TTAGGG
contig-0002799_Start,1000,0,0,TTAGGG
contig-0002800_Start,1000,0,0,TTAGGG
contig-0002801_Start,1000,0,1,TTAGGG
contig-0002802_Start,1000,0,0,TTAGGG
contig-0002804_Start,1000,0,0,TTAGGG
contig-0002805_Start,1000,1,0,TTAGGG
contig-0002806_Start,1000,1,0,TTAGGG
contig-0002807_Start,1000,0,0,TTAGGG
contig-0002808_Start,1000,0,1,TTAGGG
contig-0002809_Start,1000,0,0,TTAGGG
contig-0002810_Start,1000,0,0,TTAGGG
contig-0002811_Start,1000,0,0,TTAGGG
contig-0002812_Start,1000,0,0,TTAGGG
contig-0002813_Start,1000,0,0,TTAGGG
contig-0002814_Start,1000,0,0,TTAGGG
contig-0002815_Start,1000,2,0,TTAGGG
contig-0002816_Start,1000,0,0,TTAGGG
contig-0002817_Start,1000,0,0,TTAGGG
contig-0002818_Start,1000,0,0,TTAGGG
contig-0002819_Start,1000,0,0,TTAGGG
contig-0002820_Start,1000,1,0,TTAGGG
contig-0002821_Start,1000,1,1,TTAGGG
contig-0002822_Start,1000,0,0,TTAGGG
contig-0002823_Start,1000,0,0,TTAGGG
contig-0002825_Start,1000,0,0,TTAGGG
contig-0002826_Start,1000,0,0,TTAGGG
contig-0002827_Start,1000,0,0,TTAGGG
contig-0002829_Start,1000,0,0,TTAGGG
contig-0002830_Start,1000,0,0,TTAGGG
contig-0002831_Start,1000,0,0,TTAGGG
contig-0002832_Start,1000,0,2,TTAGGG
contig-0002833_Start,1000,0,165,TTAGGG
contig-0002834_Start,1000,0,0,TTAGGG
contig-0002835_Start,1000,0,0,TTAGGG
contig-0002836_Start,1000,0,0,TTAGGG
contig-0002837_Start,1000,0,0,TTAGGG
contig-0002838_Start,1000,0,0,TTAGGG
contig-0002839_Start,1000,0,0,TTAGGG
contig-0002840_Start,1000,0,0,TTAGGG
contig-0002841_Start,1000,0,0,TTAGGG
contig-0002842_Start,1000,1,0,TTAGGG
contig-0002843_Start,1000,1,0,TTAGGG
contig-0002845_Start,1000,0,0,TTAGGG
contig-0002846_Start,1000,0,0,TTAGGG
contig-0002847_Start,1000,0,0,TTAGGG
contig-0002848_Start,1000,2,0,TTAGGG
contig-0002849_Start,1000,0,0,TTAGGG
contig-0002850_Start,1000,1,0,TTAGGG
contig-0002851_Start,1000,0,0,TTAGGG
contig-0002852_Start,1000,0,0,TTAGGG
contig-0002853_Start,1000,0,0,TTAGGG
contig-0002854_Start,1000,1,0,TTAGGG
contig-0002855_Start,1000,0,0,TTAGGG
contig-0002856_Start,1000,0,0,TTAGGG
contig-0002857_Start,1000,0,0,TTAGGG
contig-0002858_Start,1000,0,0,TTAGGG
contig-0002859_Start,1000,0,0,TTAGGG
contig-0002860_Start,1000,0,0,TTAGGG
contig-0002861_Start,1000,0,0,TTAGGG
contig-0002862_Start,1000,1,0,TTAGGG
contig-0002863_Start,1000,0,0,TTAGGG
contig-0002864_Start,1000,0,0,TTAGGG
contig-0002865_Start,1000,0,0,TTAGGG
contig-0002866_Start,1000,0,0,TTAGGG
contig-0002867_Start,1000,1,0,TTAGGG
contig-0002868_Start,1000,0,0,TTAGGG
contig-0002869_Start,1000,0,0,TTAGGG
contig-0002870_Start,1000,1,0,TTAGGG
contig-0002871_Start,1000,0,0,TTAGGG
contig-0002872_Start,1000,0,0,TTAGGG
contig-0002873_Start,1000,0,0,TTAGGG
contig-0002874_Start,1000,0,0,TTAGGG
contig-0002875_Start,1000,0,0,TTAGGG
contig-0002876_Start,1000,0,0,TTAGGG
contig-0002877_Start,1000,0,0,TTAGGG
contig-0002878_Start,1000,0,165,TTAGGG
contig-0002879_Start,1000,0,1,TTAGGG
contig-0002880_Start,1000,0,0,TTAGGG
contig-0002881_Start,1000,0,1,TTAGGG
contig-0002882_Start,1000,0,0,TTAGGG
contig-0002883_Start,1000,0,0,TTAGGG
contig-0002885_Start,1000,0,1,TTAGGG
contig-0002886_Start,1000,0,0,TTAGGG
contig-0002887_Start,1000,0,0,TTAGGG
contig-0002888_Start,1000,0,0,TTAGGG
contig-0002889_Start,1000,0,0,TTAGGG
contig-0002890_Start,1000,1,0,TTAGGG
contig-0002891_Start,1000,1,0,TTAGGG
contig-0002892_Start,1000,0,0,TTAGGG
contig-0002893_Start,1000,0,0,TTAGGG
contig-0002894_Start,1000,0,0,TTAGGG
contig-0002895_Start,1000,0,0,TTAGGG
contig-0002896_Start,1000,1,0,TTAGGG
contig-0002897_Start,1000,0,0,TTAGGG
contig-0002898_Start,1000,0,0,TTAGGG
contig-0002899_Start,1000,1,0,TTAGGG
contig-0002900_Start,1000,0,0,TTAGGG
contig-0002901_Start,1000,0,0,TTAGGG
contig-0002902_Start,1000,0,0,TTAGGG
contig-0002903_Start,1000,0,0,TTAGGG
contig-0002904_Start,1000,0,0,TTAGGG
contig-0002905_Start,1000,0,1,TTAGGG
contig-0002907_Start,1000,0,0,TTAGGG
contig-0002908_Start,1000,0,0,TTAGGG
contig-0002909_Start,1000,0,1,TTAGGG
contig-0002910_Start,1000,0,0,TTAGGG
contig-0002911_Start,1000,0,0,TTAGGG
contig-0002912_Start,1000,1,0,TTAGGG
contig-0002913_Start,1000,0,0,TTAGGG
contig-0002915_Start,1000,0,0,TTAGGG
contig-0002916_Start,1000,0,0,TTAGGG
contig-0002917_Start,1000,0,0,TTAGGG
contig-0002918_Start,1000,0,0,TTAGGG
contig-0002919_Start,1000,0,0,TTAGGG
contig-0002920_Start,1000,0,0,TTAGGG
contig-0002921_Start,1000,0,0,TTAGGG
contig-0002922_Start,1000,0,0,TTAGGG
contig-0002923_Start,1000,0,0,TTAGGG
contig-0002924_Start,1000,0,0,TTAGGG
contig-0002925_Start,1000,0,0,TTAGGG
contig-0002926_Start,1000,0,0,TTAGGG
contig-0002927_Start,1000,0,0,TTAGGG
contig-0002928_Start,1000,0,1,TTAGGG
contig-0002929_Start,1000,0,0,TTAGGG
contig-0002930_Start,1000,1,0,TTAGGG
contig-0002931_Start,1000,0,0,TTAGGG
contig-0002932_Start,1000,0,1,TTAGGG
contig-0002933_Start,1000,0,0,TTAGGG
contig-0002934_Start,1000,0,0,TTAGGG
contig-0002935_Start,1000,0,0,TTAGGG
contig-0002936_Start,1000,0,0,TTAGGG
contig-0002937_Start,1000,0,0,TTAGGG
contig-0002938_Start,1000,0,0,TTAGGG
contig-0002939_Start,1000,0,0,TTAGGG
contig-0002940_Start,1000,0,0,TTAGGG
contig-0002941_Start,1000,0,0,TTAGGG
contig-0002942_Start,1000,0,0,TTAGGG
contig-0002943_Start,1000,0,0,TTAGGG
contig-0002944_Start,1000,1,0,TTAGGG
contig-0002945_Start,1000,0,0,TTAGGG
contig-0002946_Start,1000,1,0,TTAGGG
contig-0002947_Start,1000,1,1,TTAGGG
contig-0002948_Start,1000,0,0,TTAGGG
contig-0002949_Start,1000,0,0,TTAGGG
contig-0002950_Start,1000,0,0,TTAGGG
contig-0002951_Start,1000,0,0,TTAGGG
contig-0002952_Start,1000,0,0,TTAGGG
contig-0002953_Start,1000,0,0,TTAGGG
contig-0002954_Start,1000,0,0,TTAGGG
contig-0002955_Start,1000,0,0,TTAGGG
contig-0002956_Start,1000,0,0,TTAGGG
contig-0002957_Start,1000,0,0,TTAGGG
contig-0002958_Start,1000,0,1,TTAGGG
contig-0002959_Start,1000,0,1,TTAGGG
contig-0002960_Start,1000,0,1,TTAGGG
contig-0002961_Start,1000,0,0,TTAGGG
contig-0002962_Start,1000,1,0,TTAGGG
contig-0002963_Start,1000,0,1,TTAGGG
contig-0002964_Start,1000,0,0,TTAGGG
contig-0002965_Start,1000,0,0,TTAGGG
contig-0002966_Start,1000,0,0,TTAGGG
contig-0002967_Start,1000,0,0,TTAGGG
contig-0002968_Start,1000,1,1,TTAGGG
contig-0002969_Start,1000,0,1,TTAGGG
contig-0002970_Start,1000,0,0,TTAGGG
contig-0002971_Start,1000,0,0,TTAGGG
contig-0002972_Start,1000,0,0,TTAGGG
contig-0002973_Start,1000,0,0,TTAGGG
contig-0002974_Start,1000,0,0,TTAGGG
contig-0002975_Start,1000,0,0,TTAGGG
contig-0002976_Start,1000,0,0,TTAGGG
contig-0002977_Start,1000,0,0,TTAGGG
contig-0002978_Start,1000,0,0,TTAGGG
contig-0002979_Start,1000,0,0,TTAGGG
contig-0002980_Start,1000,0,0,TTAGGG
contig-0002981_Start,1000,0,0,TTAGGG
contig-0002982_Start,1000,0,0,TTAGGG
contig-0002983_Start,1000,0,0,TTAGGG
contig-0002984_Start,1000,2,0,TTAGGG
contig-0002985_Start,1000,0,0,TTAGGG
contig-0002986_Start,1000,0,0,TTAGGG
contig-0002987_Start,1000,0,0,TTAGGG
contig-0002988_Start,1000,0,0,TTAGGG
contig-0002989_Start,1000,0,0,TTAGGG
contig-0002990_Start,1000,0,0,TTAGGG
contig-0002991_Start,1000,0,0,TTAGGG
contig-0002992_Start,1000,0,0,TTAGGG
contig-0002993_Start,1000,0,0,TTAGGG
contig-0002994_Start,1000,0,0,TTAGGG
contig-0002995_Start,1000,0,0,TTAGGG
contig-0002996_Start,1000,0,1,TTAGGG
contig-0002997_Start,1000,0,1,TTAGGG
contig-0002998_Start,1000,0,0,TTAGGG
contig-0002999_Start,1000,1,0,TTAGGG
contig-0003000_Start,1000,0,0,TTAGGG
contig-0003001_Start,1000,0,0,TTAGGG
contig-0003002_Start,1000,0,0,TTAGGG
contig-0003003_Start,1000,0,0,TTAGGG
contig-0003004_Start,1000,0,131,TTAGGG
contig-0003005_Start,1000,0,0,TTAGGG
contig-0003006_Start,1000,0,0,TTAGGG
contig-0003008_Start,1000,0,0,TTAGGG
contig-0003009_Start,1000,0,162,TTAGGG
contig-0003010_Start,1000,0,0,TTAGGG
contig-0003011_Start,1000,0,0,TTAGGG
contig-0003012_Start,1000,0,0,TTAGGG
contig-0003013_Start,1000,1,0,TTAGGG
contig-0003014_Start,1000,0,0,TTAGGG
contig-0003015_Start,1000,0,1,TTAGGG
contig-0003016_Start,1000,0,0,TTAGGG
contig-0003017_Start,1000,0,0,TTAGGG
contig-0003018_Start,1000,0,0,TTAGGG
contig-0003019_Start,1000,0,1,TTAGGG
contig-0003021_Start,1000,1,0,TTAGGG
contig-0003022_Start,1000,0,1,TTAGGG
contig-0003023_Start,1000,1,0,TTAGGG
contig-0003024_Start,1000,0,0,TTAGGG
contig-0003025_Start,1000,0,0,TTAGGG
contig-0003026_Start,1000,0,0,TTAGGG
contig-0003027_Start,1000,3,0,TTAGGG
contig-0003028_Start,1000,0,0,TTAGGG
contig-0003029_Start,1000,0,0,TTAGGG
contig-0003030_Start,1000,0,0,TTAGGG
contig-0003031_Start,1000,1,0,TTAGGG
contig-0003032_Start,1000,0,0,TTAGGG
contig-0003033_Start,1000,0,0,TTAGGG
contig-0003035_Start,1000,0,0,TTAGGG
contig-0003036_Start,1000,0,0,TTAGGG
contig-0003037_Start,1000,0,0,TTAGGG
contig-0003038_Start,1000,0,163,TTAGGG
contig-0003039_Start,1000,0,0,TTAGGG
contig-0003040_Start,1000,0,0,TTAGGG
contig-0003041_Start,1000,0,1,TTAGGG
contig-0003042_Start,1000,0,0,TTAGGG
contig-0003043_Start,1000,0,0,TTAGGG
contig-0003044_Start,1000,1,0,TTAGGG
contig-0003046_Start,1000,0,0,TTAGGG
contig-0003047_Start,1000,0,1,TTAGGG
contig-0003048_Start,1000,0,1,TTAGGG
contig-0003049_Start,1000,0,0,TTAGGG
contig-0003050_Start,1000,0,0,TTAGGG
contig-0003051_Start,1000,0,0,TTAGGG
contig-0003052_Start,1000,0,0,TTAGGG
contig-0003053_Start,1000,0,1,TTAGGG
contig-0003054_Start,1000,0,0,TTAGGG
contig-0003055_Start,1000,0,0,TTAGGG
contig-0003056_Start,1000,0,0,TTAGGG
contig-0003058_Start,1000,0,0,TTAGGG
contig-0003059_Start,1000,0,0,TTAGGG
contig-0003060_Start,1000,0,0,TTAGGG
contig-0003061_Start,1000,0,0,TTAGGG
contig-0003062_Start,1000,0,0,TTAGGG
contig-0003063_Start,1000,0,0,TTAGGG
contig-0003064_Start,1000,0,0,TTAGGG
contig-0003065_Start,1000,0,0,TTAGGG
contig-0003066_Start,1000,0,0,TTAGGG
contig-0003068_Start,1000,0,0,TTAGGG
contig-0003069_Start,1000,0,0,TTAGGG
contig-0003070_Start,1000,0,0,TTAGGG
contig-0003071_Start,1000,0,0,TTAGGG
contig-0003072_Start,1000,0,0,TTAGGG
contig-0003073_Start,1000,0,1,TTAGGG
contig-0003074_Start,1000,0,0,TTAGGG
contig-0003075_Start,1000,0,0,TTAGGG
contig-0003076_Start,1000,0,0,TTAGGG
contig-0003078_Start,1000,0,1,TTAGGG
contig-0003079_Start,1000,0,0,TTAGGG
contig-0003080_Start,1000,0,0,TTAGGG
contig-0003081_Start,1000,0,0,TTAGGG
contig-0003082_Start,1000,0,0,TTAGGG
contig-0003083_Start,1000,1,1,TTAGGG
contig-0003084_Start,1000,0,0,TTAGGG
contig-0003085_Start,1000,0,0,TTAGGG
contig-0003086_Start,1000,0,0,TTAGGG
contig-0003087_Start,1000,0,0,TTAGGG
contig-0003088_Start,1000,1,0,TTAGGG
contig-0003090_Start,1000,0,0,TTAGGG
contig-0003091_Start,1000,0,161,TTAGGG
contig-0003092_Start,1000,2,0,TTAGGG
contig-0003093_Start,1000,0,0,TTAGGG
contig-0003094_Start,1000,0,0,TTAGGG
contig-0003095_Start,1000,0,1,TTAGGG
contig-0003096_Start,1000,0,0,TTAGGG
contig-0003097_Start,1000,1,0,TTAGGG
contig-0003098_Start,1000,0,0,TTAGGG
contig-0003099_Start,1000,0,0,TTAGGG
contig-0003101_Start,1000,0,0,TTAGGG
contig-0003102_Start,1000,0,0,TTAGGG
contig-0003103_Start,1000,0,0,TTAGGG
contig-0003104_Start,1000,0,0,TTAGGG
contig-0003105_Start,1000,0,0,TTAGGG
contig-0003107_Start,1000,0,1,TTAGGG
contig-0003109_Start,1000,0,0,TTAGGG
contig-0003110_Start,1000,0,0,TTAGGG
contig-0003111_Start,1000,0,0,TTAGGG
contig-0003112_Start,1000,0,0,TTAGGG
contig-0003114_Start,1000,0,0,TTAGGG
contig-0003115_Start,1000,0,0,TTAGGG
contig-0003116_Start,1000,2,0,TTAGGG
contig-0003117_Start,1000,0,0,TTAGGG
contig-0003118_Start,1000,0,0,TTAGGG
contig-0003119_Start,1000,0,0,TTAGGG
contig-0003120_Start,1000,0,0,TTAGGG
contig-0003121_Start,1000,0,0,TTAGGG
contig-0003122_Start,1000,0,0,TTAGGG
contig-0003123_Start,1000,0,0,TTAGGG
contig-0003124_Start,1000,0,0,TTAGGG
contig-0003125_Start,1000,0,0,TTAGGG
contig-0003126_Start,1000,0,0,TTAGGG
contig-0003127_Start,1000,0,0,TTAGGG
contig-0003128_Start,1000,0,0,TTAGGG
contig-0003129_Start,1000,0,0,TTAGGG
contig-0003130_Start,1000,0,0,TTAGGG
contig-0003131_Start,1000,0,1,TTAGGG
contig-0003132_Start,1000,0,1,TTAGGG
contig-0003133_Start,1000,0,1,TTAGGG
contig-0003134_Start,1000,0,0,TTAGGG
contig-0003136_Start,1000,0,0,TTAGGG
contig-0003138_Start,1000,0,0,TTAGGG
contig-0003140_Start,1000,0,2,TTAGGG
contig-0003141_Start,1000,0,0,TTAGGG
contig-0003142_Start,1000,0,1,TTAGGG
contig-0000001_End,1000,0,1,TTAGGG
contig-0000002_End,1000,0,0,TTAGGG
contig-0000003_End,1000,0,0,TTAGGG
contig-0000004_End,1000,0,0,TTAGGG
contig-0000005_End,1000,0,0,TTAGGG
contig-0000006_End,1000,0,0,TTAGGG
contig-0000008_End,1000,2,0,TTAGGG
contig-0000009_End,1000,0,3,TTAGGG
contig-0000010_End,1000,1,1,TTAGGG
contig-0000011_End,1000,0,0,TTAGGG
contig-0000012_End,1000,0,0,TTAGGG
contig-0000014_End,1000,0,0,TTAGGG
contig-0000015_End,1000,0,0,TTAGGG
contig-0000016_End,1000,0,0,TTAGGG
contig-0000017_End,1000,0,0,TTAGGG
contig-0000018_End,1000,0,0,TTAGGG
contig-0000019_End,1000,0,0,TTAGGG
contig-0000020_End,1000,0,0,TTAGGG
contig-0000021_End,1000,0,0,TTAGGG
contig-0000022_End,1000,1,0,TTAGGG
contig-0000023_End,1000,0,0,TTAGGG
contig-0000024_End,1000,0,0,TTAGGG
contig-0000026_End,1000,0,0,TTAGGG
contig-0000027_End,1000,0,0,TTAGGG
contig-0000028_End,1000,0,0,TTAGGG
contig-0000029_End,1000,0,0,TTAGGG
contig-0000030_End,1000,0,1,TTAGGG
contig-0000031_End,1000,0,0,TTAGGG
contig-0000032_End,1000,0,0,TTAGGG
contig-0000033_End,1000,1,0,TTAGGG
contig-0000034_End,1000,0,0,TTAGGG
contig-0000035_End,1000,0,1,TTAGGG
contig-0000036_End,1000,0,1,TTAGGG
contig-0000037_End,1000,0,0,TTAGGG
contig-0000038_End,1000,0,0,TTAGGG
contig-0000039_End,1000,0,0,TTAGGG
contig-0000040_End,1000,2,0,TTAGGG
contig-0000041_End,1000,0,0,TTAGGG
contig-0000042_End,1000,0,0,TTAGGG
contig-0000043_End,1000,0,0,TTAGGG
contig-0000044_End,1000,0,0,TTAGGG
contig-0000045_End,1000,0,0,TTAGGG
contig-0000046_End,1000,0,0,TTAGGG
contig-0000047_End,1000,0,0,TTAGGG
contig-0000048_End,1000,0,0,TTAGGG
contig-0000049_End,1000,0,0,TTAGGG
contig-0000050_End,1000,0,0,TTAGGG
contig-0000051_End,1000,0,0,TTAGGG
contig-0000052_End,1000,0,0,TTAGGG
contig-0000053_End,1000,0,0,TTAGGG
contig-0000054_End,1000,0,0,TTAGGG
contig-0000055_End,1000,0,0,TTAGGG
contig-0000056_End,1000,0,0,TTAGGG
contig-0000057_End,1000,0,0,TTAGGG
contig-0000058_End,1000,0,0,TTAGGG
contig-0000059_End,1000,0,0,TTAGGG
contig-0000060_End,1000,0,0,TTAGGG
contig-0000061_End,1000,0,0,TTAGGG
contig-0000062_End,1000,0,0,TTAGGG
contig-0000063_End,1000,0,0,TTAGGG
contig-0000064_End,1000,0,0,TTAGGG
contig-0000065_End,1000,0,0,TTAGGG
contig-0000066_End,1000,1,0,TTAGGG
contig-0000067_End,1000,0,0,TTAGGG
contig-0000068_End,1000,0,0,TTAGGG
contig-0000069_End,1000,0,0,TTAGGG
contig-0000070_End,1000,0,0,TTAGGG
contig-0000071_End,1000,0,0,TTAGGG
contig-0000072_End,1000,0,0,TTAGGG
contig-0000073_End,1000,0,0,TTAGGG
contig-0000074_End,1000,0,0,TTAGGG
contig-0000075_End,1000,0,0,TTAGGG
contig-0000077_End,1000,0,0,TTAGGG
contig-0000078_End,1000,0,0,TTAGGG
contig-0000080_End,1000,0,0,TTAGGG
contig-0000081_End,1000,0,0,TTAGGG
contig-0000082_End,1000,0,0,TTAGGG
contig-0000083_End,1000,0,0,TTAGGG
contig-0000084_End,1000,0,0,TTAGGG
contig-0000085_End,1000,1,0,TTAGGG
contig-0000086_End,1000,0,0,TTAGGG
contig-0000087_End,1000,0,0,TTAGGG
contig-0000088_End,1000,1,0,TTAGGG
contig-0000089_End,1000,163,0,TTAGGG
contig-0000090_End,1000,0,0,TTAGGG
contig-0000091_End,1000,0,0,TTAGGG
contig-0000092_End,1000,0,0,TTAGGG
contig-0000093_End,1000,0,0,TTAGGG
contig-0000094_End,1000,0,0,TTAGGG
contig-0000095_End,1000,0,0,TTAGGG
contig-0000096_End,1000,0,0,TTAGGG
contig-0000097_End,1000,164,0,TTAGGG
contig-0000098_End,1000,0,0,TTAGGG
contig-0000099_End,1000,0,0,TTAGGG
contig-0000100_End,1000,0,0,TTAGGG
contig-0000101_End,1000,0,0,TTAGGG
contig-0000103_End,1000,0,2,TTAGGG
contig-0000104_End,1000,163,0,TTAGGG
contig-0000105_End,1000,0,0,TTAGGG
contig-0000106_End,1000,0,0,TTAGGG
contig-0000107_End,1000,1,0,TTAGGG
contig-0000108_End,1000,0,0,TTAGGG
contig-0000109_End,1000,0,0,TTAGGG
contig-0000110_End,1000,0,0,TTAGGG
contig-0000111_End,1000,0,0,TTAGGG
contig-0000112_End,1000,0,0,TTAGGG
contig-0000113_End,1000,0,0,TTAGGG
contig-0000114_End,1000,0,0,TTAGGG
contig-0000115_End,1000,0,0,TTAGGG
contig-0000116_End,1000,0,0,TTAGGG
contig-0000117_End,1000,0,0,TTAGGG
contig-0000119_End,1000,0,0,TTAGGG
contig-0000120_End,1000,0,0,TTAGGG
contig-0000121_End,1000,0,0,TTAGGG
contig-0000122_End,1000,0,0,TTAGGG
contig-0000123_End,1000,0,0,TTAGGG
contig-0000126_End,1000,0,0,TTAGGG
contig-0000127_End,1000,0,0,TTAGGG
contig-0000128_End,1000,0,0,TTAGGG
contig-0000131_End,1000,1,0,TTAGGG
contig-0000132_End,1000,0,0,TTAGGG
contig-0000133_End,1000,0,0,TTAGGG
contig-0000134_End,1000,0,0,TTAGGG
contig-0000135_End,1000,0,0,TTAGGG
contig-0000136_End,1000,0,0,TTAGGG
contig-0000137_End,1000,0,0,TTAGGG
contig-0000138_End,1000,0,0,TTAGGG
contig-0000139_End,1000,0,0,TTAGGG
contig-0000140_End,1000,0,0,TTAGGG
contig-0000141_End,1000,0,0,TTAGGG
contig-0000142_End,1000,0,0,TTAGGG
contig-0000143_End,1000,0,0,TTAGGG
contig-0000144_End,1000,0,0,TTAGGG
contig-0000145_End,1000,0,0,TTAGGG
contig-0000146_End,1000,0,0,TTAGGG
contig-0000147_End,1000,3,0,TTAGGG
contig-0000148_End,1000,1,0,TTAGGG
contig-0000149_End,1000,0,0,TTAGGG
contig-0000150_End,1000,0,0,TTAGGG
contig-0000151_End,1000,0,0,TTAGGG
contig-0000152_End,1000,0,0,TTAGGG
contig-0000153_End,1000,0,0,TTAGGG
contig-0000154_End,1000,0,0,TTAGGG
contig-0000155_End,1000,0,0,TTAGGG
contig-0000157_End,1000,0,0,TTAGGG
contig-0000158_End,1000,0,0,TTAGGG
contig-0000159_End,1000,0,0,TTAGGG
contig-0000160_End,1000,0,0,TTAGGG
contig-0000161_End,1000,0,0,TTAGGG
contig-0000164_End,1000,0,0,TTAGGG
contig-0000165_End,1000,0,0,TTAGGG
contig-0000166_End,1000,0,0,TTAGGG
contig-0000167_End,1000,0,0,TTAGGG
contig-0000168_End,1000,1,1,TTAGGG
contig-0000169_End,1000,0,0,TTAGGG
contig-0000170_End,1000,0,0,TTAGGG
contig-0000171_End,1000,0,0,TTAGGG
contig-0000174_End,1000,0,0,TTAGGG
contig-0000175_End,1000,0,0,TTAGGG
contig-0000176_End,1000,0,1,TTAGGG
contig-0000177_End,1000,0,0,TTAGGG
contig-0000178_End,1000,0,0,TTAGGG
contig-0000179_End,1000,0,0,TTAGGG
contig-0000181_End,1000,0,0,TTAGGG
contig-0000182_End,1000,0,0,TTAGGG
contig-0000183_End,1000,0,0,TTAGGG
contig-0000184_End,1000,0,0,TTAGGG
contig-0000185_End,1000,0,0,TTAGGG
contig-0000186_End,1000,0,0,TTAGGG
contig-0000187_End,1000,0,0,TTAGGG
contig-0000188_End,1000,0,0,TTAGGG
contig-0000190_End,1000,0,0,TTAGGG
contig-0000191_End,1000,0,0,TTAGGG
contig-0000192_End,1000,0,0,TTAGGG
contig-0000193_End,1000,0,0,TTAGGG
contig-0000194_End,1000,0,0,TTAGGG
contig-0000195_End,1000,0,0,TTAGGG
contig-0000196_End,1000,0,0,TTAGGG
contig-0000197_End,1000,0,0,TTAGGG
contig-0000198_End,1000,0,0,TTAGGG
contig-0000199_End,1000,0,0,TTAGGG
contig-0000200_End,1000,0,0,TTAGGG
contig-0000201_End,1000,0,0,TTAGGG
contig-0000202_End,1000,0,0,TTAGGG
contig-0000203_End,1000,0,1,TTAGGG
contig-0000204_End,1000,0,0,TTAGGG
contig-0000205_End,1000,0,0,TTAGGG
contig-0000206_End,1000,0,0,TTAGGG
contig-0000207_End,1000,0,0,TTAGGG
contig-0000208_End,1000,0,0,TTAGGG
contig-0000209_End,1000,1,0,TTAGGG
contig-0000210_End,1000,0,0,TTAGGG
contig-0000211_End,1000,0,0,TTAGGG
contig-0000212_End,1000,0,0,TTAGGG
contig-0000213_End,1000,0,0,TTAGGG
contig-0000214_End,1000,0,0,TTAGGG
contig-0000215_End,1000,0,0,TTAGGG
contig-0000216_End,1000,0,0,TTAGGG
contig-0000217_End,1000,0,1,TTAGGG
contig-0000221_End,1000,0,0,TTAGGG
contig-0000222_End,1000,0,0,TTAGGG
contig-0000223_End,1000,0,0,TTAGGG
contig-0000224_End,1000,0,0,TTAGGG
contig-0000225_End,1000,0,0,TTAGGG
contig-0000226_End,1000,0,0,TTAGGG
contig-0000227_End,1000,0,0,TTAGGG
contig-0000228_End,1000,0,0,TTAGGG
contig-0000229_End,1000,0,0,TTAGGG
contig-0000230_End,1000,0,0,TTAGGG
contig-0000231_End,1000,0,0,TTAGGG
contig-0000232_End,1000,0,0,TTAGGG
contig-0000233_End,1000,0,0,TTAGGG
contig-0000234_End,1000,0,0,TTAGGG
contig-0000235_End,1000,0,1,TTAGGG
contig-0000236_End,1000,0,0,TTAGGG
contig-0000237_End,1000,0,0,TTAGGG
contig-0000238_End,1000,1,0,TTAGGG
contig-0000239_End,1000,1,0,TTAGGG
contig-0000240_End,1000,0,0,TTAGGG
contig-0000241_End,1000,0,0,TTAGGG
contig-0000243_End,1000,0,2,TTAGGG
contig-0000245_End,1000,0,0,TTAGGG
contig-0000248_End,1000,2,1,TTAGGG
contig-0000250_End,1000,0,0,TTAGGG
contig-0000251_End,1000,0,0,TTAGGG
contig-0000252_End,1000,0,0,TTAGGG
contig-0000253_End,1000,0,0,TTAGGG
contig-0000254_End,1000,0,0,TTAGGG
contig-0000255_End,1000,0,0,TTAGGG
contig-0000256_End,1000,0,0,TTAGGG
contig-0000257_End,1000,0,0,TTAGGG
contig-0000258_End,1000,0,0,TTAGGG
contig-0000259_End,1000,0,0,TTAGGG
contig-0000260_End,1000,0,0,TTAGGG
contig-0000261_End,1000,0,0,TTAGGG
contig-0000262_End,1000,0,0,TTAGGG
contig-0000263_End,1000,0,0,TTAGGG
contig-0000264_End,1000,0,0,TTAGGG
contig-0000265_End,1000,0,0,TTAGGG
contig-0000266_End,1000,0,0,TTAGGG
contig-0000267_End,1000,0,1,TTAGGG
contig-0000268_End,1000,0,0,TTAGGG
contig-0000269_End,1000,0,0,TTAGGG
contig-0000270_End,1000,0,1,TTAGGG
contig-0000271_End,1000,0,0,TTAGGG
contig-0000272_End,1000,0,0,TTAGGG
contig-0000273_End,1000,0,0,TTAGGG
contig-0000274_End,1000,0,0,TTAGGG
contig-0000275_End,1000,0,0,TTAGGG
contig-0000276_End,1000,0,0,TTAGGG
contig-0000277_End,1000,0,0,TTAGGG
contig-0000278_End,1000,0,0,TTAGGG
contig-0000279_End,1000,1,0,TTAGGG
contig-0000280_End,1000,0,0,TTAGGG
contig-0000281_End,1000,0,0,TTAGGG
contig-0000282_End,1000,2,0,TTAGGG
contig-0000283_End,1000,0,0,TTAGGG
contig-0000285_End,1000,0,0,TTAGGG
contig-0000286_End,1000,0,0,TTAGGG
contig-0000287_End,1000,0,0,TTAGGG
contig-0000288_End,1000,0,0,TTAGGG
contig-0000289_End,1000,0,0,TTAGGG
contig-0000290_End,1000,0,0,TTAGGG
contig-0000291_End,1000,2,0,TTAGGG
contig-0000292_End,1000,0,0,TTAGGG
contig-0000293_End,1000,0,0,TTAGGG
contig-0000294_End,1000,0,0,TTAGGG
contig-0000295_End,1000,0,0,TTAGGG
contig-0000296_End,1000,1,0,TTAGGG
contig-0000297_End,1000,0,0,TTAGGG
contig-0000298_End,1000,0,0,TTAGGG
contig-0000299_End,1000,0,0,TTAGGG
contig-0000300_End,1000,0,0,TTAGGG
contig-0000301_End,1000,0,0,TTAGGG
contig-0000302_End,1000,1,1,TTAGGG
contig-0000303_End,1000,0,0,TTAGGG
contig-0000304_End,1000,0,1,TTAGGG
contig-0000305_End,1000,0,0,TTAGGG
contig-0000306_End,1000,0,0,TTAGGG
contig-0000307_End,1000,0,0,TTAGGG
contig-0000308_End,1000,0,0,TTAGGG
contig-0000309_End,1000,0,0,TTAGGG
contig-0000310_End,1000,0,1,TTAGGG
contig-0000311_End,1000,0,0,TTAGGG
contig-0000312_End,1000,0,0,TTAGGG
contig-0000313_End,1000,0,0,TTAGGG
contig-0000314_End,1000,0,0,TTAGGG
contig-0000316_End,1000,0,0,TTAGGG
contig-0000317_End,1000,0,0,TTAGGG
contig-0000318_End,1000,0,0,TTAGGG
contig-0000319_End,1000,0,0,TTAGGG
contig-0000320_End,1000,0,0,TTAGGG
contig-0000321_End,1000,0,0,TTAGGG
contig-0000322_End,1000,0,0,TTAGGG
contig-0000323_End,1000,0,0,TTAGGG
contig-0000324_End,1000,0,0,TTAGGG
contig-0000325_End,1000,0,0,TTAGGG
contig-0000326_End,1000,0,0,TTAGGG
contig-0000328_End,1000,0,0,TTAGGG
contig-0000329_End,1000,0,0,TTAGGG
contig-0000330_End,1000,0,0,TTAGGG
contig-0000331_End,1000,0,0,TTAGGG
contig-0000333_End,1000,0,0,TTAGGG
contig-0000334_End,1000,0,0,TTAGGG
contig-0000335_End,1000,0,0,TTAGGG
contig-0000336_End,1000,0,0,TTAGGG
contig-0000337_End,1000,0,0,TTAGGG
contig-0000338_End,1000,0,0,TTAGGG
contig-0000339_End,1000,1,0,TTAGGG
contig-0000340_End,1000,163,0,TTAGGG
contig-0000341_End,1000,0,0,TTAGGG
contig-0000342_End,1000,0,0,TTAGGG
contig-0000343_End,1000,0,0,TTAGGG
contig-0000344_End,1000,0,0,TTAGGG
contig-0000345_End,1000,0,0,TTAGGG
contig-0000346_End,1000,0,0,TTAGGG
contig-0000347_End,1000,161,0,TTAGGG
contig-0000348_End,1000,1,0,TTAGGG
contig-0000349_End,1000,0,0,TTAGGG
contig-0000350_End,1000,0,0,TTAGGG
contig-0000351_End,1000,0,1,TTAGGG
contig-0000352_End,1000,0,0,TTAGGG
contig-0000353_End,1000,0,0,TTAGGG
contig-0000354_End,1000,0,0,TTAGGG
contig-0000355_End,1000,0,0,TTAGGG
contig-0000356_End,1000,1,0,TTAGGG
contig-0000357_End,1000,0,0,TTAGGG
contig-0000358_End,1000,0,0,TTAGGG
contig-0000359_End,1000,0,0,TTAGGG
contig-0000360_End,1000,0,0,TTAGGG
contig-0000361_End,1000,0,0,TTAGGG
contig-0000362_End,1000,0,1,TTAGGG
contig-0000363_End,1000,0,0,TTAGGG
contig-0000365_End,1000,0,0,TTAGGG
contig-0000366_End,1000,0,0,TTAGGG
contig-0000367_End,1000,0,0,TTAGGG
contig-0000369_End,1000,0,0,TTAGGG
contig-0000370_End,1000,0,0,TTAGGG
contig-0000371_End,1000,0,0,TTAGGG
contig-0000372_End,1000,0,0,TTAGGG
contig-0000373_End,1000,0,0,TTAGGG
contig-0000375_End,1000,0,1,TTAGGG
contig-0000376_End,1000,0,0,TTAGGG
contig-0000377_End,1000,0,0,TTAGGG
contig-0000378_End,1000,1,0,TTAGGG
contig-0000379_End,1000,1,0,TTAGGG
contig-0000380_End,1000,0,0,TTAGGG
contig-0000381_End,1000,0,0,TTAGGG
contig-0000382_End,1000,0,0,TTAGGG
contig-0000383_End,1000,0,0,TTAGGG
contig-0000384_End,1000,0,0,TTAGGG
contig-0000385_End,1000,0,1,TTAGGG
contig-0000386_End,1000,1,0,TTAGGG
contig-0000387_End,1000,0,0,TTAGGG
contig-0000388_End,1000,0,0,TTAGGG
contig-0000389_End,1000,0,0,TTAGGG
contig-0000390_End,1000,0,0,TTAGGG
contig-0000391_End,1000,0,0,TTAGGG
contig-0000392_End,1000,0,0,TTAGGG
contig-0000393_End,1000,0,0,TTAGGG
contig-0000394_End,1000,0,0,TTAGGG
contig-0000395_End,1000,0,0,TTAGGG
contig-0000396_End,1000,0,0,TTAGGG
contig-0000398_End,1000,0,1,TTAGGG
contig-0000399_End,1000,0,0,TTAGGG
contig-0000400_End,1000,0,0,TTAGGG
contig-0000401_End,1000,0,0,TTAGGG
contig-0000403_End,1000,0,0,TTAGGG
contig-0000404_End,1000,0,0,TTAGGG
contig-0000405_End,1000,1,1,TTAGGG
contig-0000406_End,1000,0,0,TTAGGG
contig-0000407_End,1000,0,0,TTAGGG
contig-0000408_End,1000,0,0,TTAGGG
contig-0000409_End,1000,1,0,TTAGGG
contig-0000410_End,1000,0,0,TTAGGG
contig-0000411_End,1000,0,1,TTAGGG
contig-0000412_End,1000,2,0,TTAGGG
contig-0000413_End,1000,0,5,TTAGGG
contig-0000414_End,1000,0,0,TTAGGG
contig-0000415_End,1000,0,0,TTAGGG
contig-0000416_End,1000,0,0,TTAGGG
contig-0000417_End,1000,0,0,TTAGGG
contig-0000418_End,1000,1,0,TTAGGG
contig-0000419_End,1000,0,1,TTAGGG
contig-0000420_End,1000,0,0,TTAGGG
contig-0000421_End,1000,0,0,TTAGGG
contig-0000422_End,1000,0,0,TTAGGG
contig-0000423_End,1000,0,0,TTAGGG
contig-0000424_End,1000,0,0,TTAGGG
contig-0000425_End,1000,0,0,TTAGGG
contig-0000426_End,1000,0,0,TTAGGG
contig-0000427_End,1000,0,0,TTAGGG
contig-0000428_End,1000,0,0,TTAGGG
contig-0000429_End,1000,0,0,TTAGGG
contig-0000430_End,1000,0,0,TTAGGG
contig-0000431_End,1000,0,0,TTAGGG
contig-0000432_End,1000,0,0,TTAGGG
contig-0000433_End,1000,0,0,TTAGGG
contig-0000434_End,1000,0,0,TTAGGG
contig-0000435_End,1000,0,0,TTAGGG
contig-0000436_End,1000,0,2,TTAGGG
contig-0000437_End,1000,0,0,TTAGGG
contig-0000438_End,1000,0,0,TTAGGG
contig-0000439_End,1000,0,0,TTAGGG
contig-0000440_End,1000,0,0,TTAGGG
contig-0000441_End,1000,1,0,TTAGGG
contig-0000442_End,1000,0,0,TTAGGG
contig-0000443_End,1000,0,0,TTAGGG
contig-0000444_End,1000,0,0,TTAGGG
contig-0000447_End,1000,0,0,TTAGGG
contig-0000448_End,1000,0,0,TTAGGG
contig-0000449_End,1000,0,0,TTAGGG
contig-0000450_End,1000,0,0,TTAGGG
contig-0000451_End,1000,0,0,TTAGGG
contig-0000452_End,1000,2,0,TTAGGG
contig-0000453_End,1000,0,0,TTAGGG
contig-0000454_End,1000,0,0,TTAGGG
contig-0000456_End,1000,0,0,TTAGGG
contig-0000457_End,1000,0,0,TTAGGG
contig-0000458_End,1000,0,0,TTAGGG
contig-0000459_End,1000,0,0,TTAGGG
contig-0000460_End,1000,0,0,TTAGGG
contig-0000461_End,1000,0,0,TTAGGG
contig-0000462_End,1000,0,0,TTAGGG
contig-0000463_End,1000,0,1,TTAGGG
contig-0000464_End,1000,0,0,TTAGGG
contig-0000465_End,1000,0,0,TTAGGG
contig-0000466_End,1000,0,0,TTAGGG
contig-0000468_End,1000,0,0,TTAGGG
contig-0000469_End,1000,0,1,TTAGGG
contig-0000470_End,1000,0,1,TTAGGG
contig-0000472_End,1000,0,0,TTAGGG
contig-0000473_End,1000,1,0,TTAGGG
contig-0000474_End,1000,0,0,TTAGGG
contig-0000475_End,1000,0,0,TTAGGG
contig-0000476_End,1000,0,0,TTAGGG
contig-0000477_End,1000,0,0,TTAGGG
contig-0000478_End,1000,125,0,TTAGGG
contig-0000479_End,1000,0,1,TTAGGG
contig-0000480_End,1000,0,0,TTAGGG
contig-0000481_End,1000,0,0,TTAGGG
contig-0000482_End,1000,0,0,TTAGGG
contig-0000483_End,1000,0,0,TTAGGG
contig-0000484_End,1000,0,0,TTAGGG
contig-0000485_End,1000,0,0,TTAGGG
contig-0000486_End,1000,0,0,TTAGGG
contig-0000487_End,1000,0,0,TTAGGG
contig-0000488_End,1000,0,0,TTAGGG
contig-0000489_End,1000,0,0,TTAGGG
contig-0000490_End,1000,0,0,TTAGGG
contig-0000491_End,1000,0,0,TTAGGG
contig-0000492_End,1000,1,0,TTAGGG
contig-0000493_End,1000,0,0,TTAGGG
contig-0000494_End,1000,0,0,TTAGGG
contig-0000495_End,1000,0,0,TTAGGG
contig-0000496_End,1000,0,0,TTAGGG
contig-0000497_End,1000,0,0,TTAGGG
contig-0000498_End,1000,0,1,TTAGGG
contig-0000499_End,1000,0,0,TTAGGG
contig-0000500_End,1000,0,0,TTAGGG
contig-0000501_End,1000,2,0,TTAGGG
contig-0000502_End,1000,0,0,TTAGGG
contig-0000503_End,1000,0,0,TTAGGG
contig-0000504_End,1000,0,0,TTAGGG
contig-0000505_End,1000,0,0,TTAGGG
contig-0000506_End,1000,0,0,TTAGGG
contig-0000507_End,1000,0,0,TTAGGG
contig-0000508_End,1000,0,0,TTAGGG
contig-0000509_End,1000,0,0,TTAGGG
contig-0000510_End,1000,0,0,TTAGGG
contig-0000511_End,1000,0,0,TTAGGG
contig-0000512_End,1000,0,0,TTAGGG
contig-0000513_End,1000,0,0,TTAGGG
contig-0000514_End,1000,0,0,TTAGGG
contig-0000515_End,1000,0,0,TTAGGG
contig-0000516_End,1000,0,0,TTAGGG
contig-0000517_End,1000,0,0,TTAGGG
contig-0000518_End,1000,0,0,TTAGGG
contig-0000519_End,1000,0,0,TTAGGG
contig-0000520_End,1000,0,0,TTAGGG
contig-0000521_End,1000,0,0,TTAGGG
contig-0000522_End,1000,0,1,TTAGGG
contig-0000523_End,1000,0,0,TTAGGG
contig-0000524_End,1000,0,0,TTAGGG
contig-0000525_End,1000,0,2,TTAGGG
contig-0000526_End,1000,0,0,TTAGGG
contig-0000527_End,1000,0,0,TTAGGG
contig-0000528_End,1000,0,0,TTAGGG
contig-0000529_End,1000,0,0,TTAGGG
contig-0000530_End,1000,0,0,TTAGGG
contig-0000531_End,1000,0,0,TTAGGG
contig-0000532_End,1000,0,0,TTAGGG
contig-0000533_End,1000,0,0,TTAGGG
contig-0000534_End,1000,0,0,TTAGGG
contig-0000535_End,1000,0,0,TTAGGG
contig-0000536_End,1000,0,0,TTAGGG
contig-0000537_End,1000,2,0,TTAGGG
contig-0000538_End,1000,0,0,TTAGGG
contig-0000539_End,1000,0,0,TTAGGG
contig-0000540_End,1000,0,0,TTAGGG
contig-0000541_End,1000,0,0,TTAGGG
contig-0000543_End,1000,0,0,TTAGGG
contig-0000544_End,1000,0,0,TTAGGG
contig-0000545_End,1000,0,0,TTAGGG
contig-0000546_End,1000,0,0,TTAGGG
contig-0000547_End,1000,0,0,TTAGGG
contig-0000548_End,1000,0,1,TTAGGG
contig-0000549_End,1000,0,0,TTAGGG
contig-0000550_End,1000,0,0,TTAGGG
contig-0000551_End,1000,0,0,TTAGGG
contig-0000553_End,1000,0,0,TTAGGG
contig-0000554_End,1000,0,0,TTAGGG
contig-0000555_End,1000,0,0,TTAGGG
contig-0000556_End,1000,0,0,TTAGGG
contig-0000557_End,1000,0,0,TTAGGG
contig-0000558_End,1000,0,0,TTAGGG
contig-0000559_End,1000,0,0,TTAGGG
contig-0000560_End,1000,0,0,TTAGGG
contig-0000561_End,1000,1,0,TTAGGG
contig-0000562_End,1000,0,0,TTAGGG
contig-0000564_End,1000,1,0,TTAGGG
contig-0000565_End,1000,0,0,TTAGGG
contig-0000566_End,1000,0,0,TTAGGG
contig-0000567_End,1000,0,0,TTAGGG
contig-0000568_End,1000,0,0,TTAGGG
contig-0000569_End,1000,0,0,TTAGGG
contig-0000570_End,1000,0,0,TTAGGG
contig-0000571_End,1000,0,0,TTAGGG
contig-0000572_End,1000,0,0,TTAGGG
contig-0000573_End,1000,0,2,TTAGGG
contig-0000574_End,1000,0,0,TTAGGG
contig-0000575_End,1000,1,0,TTAGGG
contig-0000576_End,1000,0,0,TTAGGG
contig-0000577_End,1000,0,0,TTAGGG
contig-0000578_End,1000,0,0,TTAGGG
contig-0000579_End,1000,0,0,TTAGGG
contig-0000580_End,1000,0,0,TTAGGG
contig-0000581_End,1000,0,0,TTAGGG
contig-0000582_End,1000,0,0,TTAGGG
contig-0000583_End,1000,2,0,TTAGGG
contig-0000584_End,1000,0,0,TTAGGG
contig-0000585_End,1000,0,0,TTAGGG
contig-0000588_End,1000,0,0,TTAGGG
contig-0000589_End,1000,0,0,TTAGGG
contig-0000590_End,1000,0,0,TTAGGG
contig-0000591_End,1000,0,0,TTAGGG
contig-0000592_End,1000,0,0,TTAGGG
contig-0000593_End,1000,0,0,TTAGGG
contig-0000594_End,1000,0,0,TTAGGG
contig-0000595_End,1000,0,0,TTAGGG
contig-0000596_End,1000,0,0,TTAGGG
contig-0000597_End,1000,0,0,TTAGGG
contig-0000598_End,1000,0,0,TTAGGG
contig-0000599_End,1000,0,0,TTAGGG
contig-0000600_End,1000,0,0,TTAGGG
contig-0000601_End,1000,0,0,TTAGGG
contig-0000602_End,1000,0,0,TTAGGG
contig-0000603_End,1000,0,0,TTAGGG
contig-0000604_End,1000,0,0,TTAGGG
contig-0000605_End,1000,0,0,TTAGGG
contig-0000606_End,1000,0,0,TTAGGG
contig-0000607_End,1000,1,0,TTAGGG
contig-0000608_End,1000,0,0,TTAGGG
contig-0000609_End,1000,0,0,TTAGGG
contig-0000610_End,1000,0,0,TTAGGG
contig-0000611_End,1000,0,0,TTAGGG
contig-0000612_End,1000,0,0,TTAGGG
contig-0000613_End,1000,0,0,TTAGGG
contig-0000614_End,1000,0,0,TTAGGG
contig-0000615_End,1000,0,0,TTAGGG
contig-0000616_End,1000,0,0,TTAGGG
contig-0000617_End,1000,0,1,TTAGGG
contig-0000618_End,1000,0,0,TTAGGG
contig-0000619_End,1000,0,0,TTAGGG
contig-0000621_End,1000,1,0,TTAGGG
contig-0000622_End,1000,0,0,TTAGGG
contig-0000623_End,1000,0,0,TTAGGG
contig-0000624_End,1000,0,0,TTAGGG
contig-0000625_End,1000,0,0,TTAGGG
contig-0000626_End,1000,0,0,TTAGGG
contig-0000627_End,1000,0,0,TTAGGG
contig-0000629_End,1000,0,1,TTAGGG
contig-0000631_End,1000,0,0,TTAGGG
contig-0000632_End,1000,0,0,TTAGGG
contig-0000633_End,1000,0,0,TTAGGG
contig-0000634_End,1000,0,0,TTAGGG
contig-0000636_End,1000,0,0,TTAGGG
contig-0000638_End,1000,0,0,TTAGGG
contig-0000640_End,1000,0,0,TTAGGG
contig-0000641_End,1000,0,0,TTAGGG
contig-0000644_End,1000,0,0,TTAGGG
contig-0000645_End,1000,152,0,TTAGGG
contig-0000646_End,1000,0,0,TTAGGG
contig-0000647_End,1000,0,0,TTAGGG
contig-0000648_End,1000,0,0,TTAGGG
contig-0000650_End,1000,0,1,TTAGGG
contig-0000651_End,1000,0,0,TTAGGG
contig-0000652_End,1000,0,0,TTAGGG
contig-0000653_End,1000,0,0,TTAGGG
contig-0000654_End,1000,0,0,TTAGGG
contig-0000655_End,1000,0,0,TTAGGG
contig-0000656_End,1000,0,0,TTAGGG
contig-0000657_End,1000,0,0,TTAGGG
contig-0000658_End,1000,0,0,TTAGGG
contig-0000659_End,1000,0,0,TTAGGG
contig-0000660_End,1000,1,0,TTAGGG
contig-0000661_End,1000,1,0,TTAGGG
contig-0000662_End,1000,0,0,TTAGGG
contig-0000663_End,1000,0,0,TTAGGG
contig-0000664_End,1000,0,0,TTAGGG
contig-0000665_End,1000,0,0,TTAGGG
contig-0000666_End,1000,0,0,TTAGGG
contig-0000667_End,1000,1,1,TTAGGG
contig-0000668_End,1000,0,0,TTAGGG
contig-0000669_End,1000,0,0,TTAGGG
contig-0000670_End,1000,0,0,TTAGGG
contig-0000672_End,1000,0,0,TTAGGG
contig-0000673_End,1000,0,0,TTAGGG
contig-0000674_End,1000,0,0,TTAGGG
contig-0000675_End,1000,0,0,TTAGGG
contig-0000677_End,1000,0,0,TTAGGG
contig-0000678_End,1000,0,0,TTAGGG
contig-0000679_End,1000,0,0,TTAGGG
contig-0000680_End,1000,164,0,TTAGGG
contig-0000681_End,1000,0,0,TTAGGG
contig-0000682_End,1000,0,0,TTAGGG
contig-0000683_End,1000,0,1,TTAGGG
contig-0000684_End,1000,0,0,TTAGGG
contig-0000685_End,1000,0,0,TTAGGG
contig-0000686_End,1000,0,1,TTAGGG
contig-0000687_End,1000,0,0,TTAGGG
contig-0000688_End,1000,0,0,TTAGGG
contig-0000689_End,1000,0,0,TTAGGG
contig-0000690_End,1000,0,0,TTAGGG
contig-0000691_End,1000,0,1,TTAGGG
contig-0000692_End,1000,0,0,TTAGGG
contig-0000693_End,1000,0,0,TTAGGG
contig-0000694_End,1000,0,1,TTAGGG
contig-0000695_End,1000,0,0,TTAGGG
contig-0000696_End,1000,0,0,TTAGGG
contig-0000697_End,1000,0,0,TTAGGG
contig-0000698_End,1000,0,0,TTAGGG
contig-0000699_End,1000,0,0,TTAGGG
contig-0000700_End,1000,1,0,TTAGGG
contig-0000701_End,1000,0,0,TTAGGG
contig-0000702_End,1000,163,0,TTAGGG
contig-0000703_End,1000,0,1,TTAGGG
contig-0000704_End,1000,0,0,TTAGGG
contig-0000705_End,1000,0,0,TTAGGG
contig-0000706_End,1000,0,0,TTAGGG
contig-0000707_End,1000,0,0,TTAGGG
contig-0000708_End,1000,164,0,TTAGGG
contig-0000709_End,1000,0,0,TTAGGG
contig-0000710_End,1000,1,0,TTAGGG
contig-0000711_End,1000,0,0,TTAGGG
contig-0000713_End,1000,0,0,TTAGGG
contig-0000714_End,1000,0,0,TTAGGG
contig-0000715_End,1000,0,0,TTAGGG
contig-0000717_End,1000,0,0,TTAGGG
contig-0000718_End,1000,0,0,TTAGGG
contig-0000719_End,1000,0,1,TTAGGG
contig-0000720_End,1000,0,1,TTAGGG
contig-0000721_End,1000,0,0,TTAGGG
contig-0000722_End,1000,0,0,TTAGGG
contig-0000724_End,1000,0,0,TTAGGG
contig-0000725_End,1000,1,0,TTAGGG
contig-0000726_End,1000,0,0,TTAGGG
contig-0000727_End,1000,0,0,TTAGGG
contig-0000728_End,1000,0,0,TTAGGG
contig-0000729_End,1000,0,1,TTAGGG
contig-0000730_End,1000,0,0,TTAGGG
contig-0000731_End,1000,0,0,TTAGGG
contig-0000736_End,1000,0,0,TTAGGG
contig-0000737_End,1000,0,0,TTAGGG
contig-0000739_End,1000,1,1,TTAGGG
contig-0000740_End,1000,2,0,TTAGGG
contig-0000741_End,1000,0,1,TTAGGG
contig-0000742_End,1000,0,0,TTAGGG
contig-0000743_End,1000,0,0,TTAGGG
contig-0000744_End,1000,0,0,TTAGGG
contig-0000745_End,1000,0,0,TTAGGG
contig-0000746_End,1000,0,0,TTAGGG
contig-0000747_End,1000,1,0,TTAGGG
contig-0000748_End,1000,0,1,TTAGGG
contig-0000749_End,1000,0,0,TTAGGG
contig-0000750_End,1000,0,0,TTAGGG
contig-0000751_End,1000,0,0,TTAGGG
contig-0000752_End,1000,0,0,TTAGGG
contig-0000753_End,1000,0,0,TTAGGG
contig-0000754_End,1000,0,0,TTAGGG
contig-0000755_End,1000,0,0,TTAGGG
contig-0000756_End,1000,0,0,TTAGGG
contig-0000757_End,1000,0,0,TTAGGG
contig-0000758_End,1000,0,0,TTAGGG
contig-0000759_End,1000,0,0,TTAGGG
contig-0000760_End,1000,0,0,TTAGGG
contig-0000761_End,1000,0,0,TTAGGG
contig-0000762_End,1000,0,0,TTAGGG
contig-0000763_End,1000,1,0,TTAGGG
contig-0000764_End,1000,0,0,TTAGGG
contig-0000765_End,1000,0,0,TTAGGG
contig-0000766_End,1000,0,0,TTAGGG
contig-0000767_End,1000,0,0,TTAGGG
contig-0000768_End,1000,0,0,TTAGGG
contig-0000769_End,1000,0,0,TTAGGG
contig-0000770_End,1000,0,0,TTAGGG
contig-0000771_End,1000,0,0,TTAGGG
contig-0000772_End,1000,0,0,TTAGGG
contig-0000773_End,1000,0,0,TTAGGG
contig-0000774_End,1000,0,0,TTAGGG
contig-0000775_End,1000,0,0,TTAGGG
contig-0000776_End,1000,1,0,TTAGGG
contig-0000777_End,1000,0,0,TTAGGG
contig-0000778_End,1000,0,0,TTAGGG
contig-0000779_End,1000,0,0,TTAGGG
contig-0000780_End,1000,0,0,TTAGGG
contig-0000781_End,1000,0,0,TTAGGG
contig-0000782_End,1000,0,0,TTAGGG
contig-0000783_End,1000,0,0,TTAGGG
contig-0000784_End,1000,0,0,TTAGGG
contig-0000787_End,1000,0,0,TTAGGG
contig-0000788_End,1000,0,0,TTAGGG
contig-0000789_End,1000,0,0,TTAGGG
contig-0000790_End,1000,0,0,TTAGGG
contig-0000791_End,1000,0,0,TTAGGG
contig-0000792_End,1000,0,0,TTAGGG
contig-0000793_End,1000,1,0,TTAGGG
contig-0000794_End,1000,0,0,TTAGGG
contig-0000795_End,1000,0,0,TTAGGG
contig-0000796_End,1000,0,0,TTAGGG
contig-0000797_End,1000,0,0,TTAGGG
contig-0000798_End,1000,0,0,TTAGGG
contig-0000799_End,1000,0,0,TTAGGG
contig-0000800_End,1000,0,0,TTAGGG
contig-0000801_End,1000,0,1,TTAGGG
contig-0000802_End,1000,0,0,TTAGGG
contig-0000803_End,1000,0,0,TTAGGG
contig-0000804_End,1000,0,0,TTAGGG
contig-0000805_End,1000,0,0,TTAGGG
contig-0000806_End,1000,0,1,TTAGGG
contig-0000807_End,1000,0,0,TTAGGG
contig-0000808_End,1000,0,0,TTAGGG
contig-0000809_End,1000,0,1,TTAGGG
contig-0000810_End,1000,0,0,TTAGGG
contig-0000814_End,1000,0,0,TTAGGG
contig-0000815_End,1000,0,0,TTAGGG
contig-0000816_End,1000,0,0,TTAGGG
contig-0000817_End,1000,0,0,TTAGGG
contig-0000818_End,1000,0,0,TTAGGG
contig-0000820_End,1000,1,0,TTAGGG
contig-0000821_End,1000,0,0,TTAGGG
contig-0000822_End,1000,0,0,TTAGGG
contig-0000823_End,1000,0,0,TTAGGG
contig-0000824_End,1000,0,0,TTAGGG
contig-0000825_End,1000,0,0,TTAGGG
contig-0000826_End,1000,1,0,TTAGGG
contig-0000827_End,1000,0,0,TTAGGG
contig-0000828_End,1000,0,0,TTAGGG
contig-0000829_End,1000,0,0,TTAGGG
contig-0000830_End,1000,0,0,TTAGGG
contig-0000831_End,1000,0,0,TTAGGG
contig-0000832_End,1000,0,1,TTAGGG
contig-0000833_End,1000,1,0,TTAGGG
contig-0000834_End,1000,0,0,TTAGGG
contig-0000835_End,1000,0,0,TTAGGG
contig-0000836_End,1000,0,0,TTAGGG
contig-0000837_End,1000,0,0,TTAGGG
contig-0000838_End,1000,0,0,TTAGGG
contig-0000839_End,1000,0,0,TTAGGG
contig-0000840_End,1000,0,0,TTAGGG
contig-0000841_End,1000,0,0,TTAGGG
contig-0000843_End,1000,0,0,TTAGGG
contig-0000844_End,1000,0,0,TTAGGG
contig-0000845_End,1000,0,0,TTAGGG
contig-0000846_End,1000,0,0,TTAGGG
contig-0000847_End,1000,0,0,TTAGGG
contig-0000848_End,1000,0,0,TTAGGG
contig-0000849_End,1000,0,0,TTAGGG
contig-0000850_End,1000,0,0,TTAGGG
contig-0000851_End,1000,0,0,TTAGGG
contig-0000852_End,1000,0,0,TTAGGG
contig-0000853_End,1000,0,0,TTAGGG
contig-0000854_End,1000,0,0,TTAGGG
contig-0000855_End,1000,2,0,TTAGGG
contig-0000856_End,1000,0,0,TTAGGG
contig-0000857_End,1000,1,1,TTAGGG
contig-0000858_End,1000,0,0,TTAGGG
contig-0000859_End,1000,0,0,TTAGGG
contig-0000860_End,1000,1,0,TTAGGG
contig-0000861_End,1000,0,0,TTAGGG
contig-0000862_End,1000,0,0,TTAGGG
contig-0000863_End,1000,0,0,TTAGGG
contig-0000864_End,1000,1,0,TTAGGG
contig-0000865_End,1000,0,0,TTAGGG
contig-0000866_End,1000,0,0,TTAGGG
contig-0000867_End,1000,0,0,TTAGGG
contig-0000868_End,1000,1,0,TTAGGG
contig-0000869_End,1000,0,0,TTAGGG
contig-0000870_End,1000,1,0,TTAGGG
contig-0000871_End,1000,0,0,TTAGGG
contig-0000872_End,1000,0,0,TTAGGG
contig-0000873_End,1000,0,0,TTAGGG
contig-0000874_End,1000,0,0,TTAGGG
contig-0000875_End,1000,0,0,TTAGGG
contig-0000876_End,1000,0,0,TTAGGG
contig-0000877_End,1000,0,0,TTAGGG
contig-0000878_End,1000,0,0,TTAGGG
contig-0000879_End,1000,0,0,TTAGGG
contig-0000880_End,1000,0,0,TTAGGG
contig-0000881_End,1000,0,0,TTAGGG
contig-0000882_End,1000,0,0,TTAGGG
contig-0000883_End,1000,0,1,TTAGGG
contig-0000884_End,1000,0,0,TTAGGG
contig-0000885_End,1000,0,0,TTAGGG
contig-0000888_End,1000,0,0,TTAGGG
contig-0000890_End,1000,0,0,TTAGGG
contig-0000891_End,1000,0,0,TTAGGG
contig-0000892_End,1000,0,0,TTAGGG
contig-0000893_End,1000,1,0,TTAGGG
contig-0000894_End,1000,0,0,TTAGGG
contig-0000895_End,1000,0,0,TTAGGG
contig-0000896_End,1000,0,0,TTAGGG
contig-0000897_End,1000,0,0,TTAGGG
contig-0000898_End,1000,1,0,TTAGGG
contig-0000899_End,1000,0,0,TTAGGG
contig-0000900_End,1000,0,0,TTAGGG
contig-0000901_End,1000,1,0,TTAGGG
contig-0000906_End,1000,2,0,TTAGGG
contig-0000907_End,1000,0,0,TTAGGG
contig-0000908_End,1000,0,0,TTAGGG
contig-0000909_End,1000,0,0,TTAGGG
contig-0000910_End,1000,0,0,TTAGGG
contig-0000912_End,1000,0,0,TTAGGG
contig-0000913_End,1000,0,0,TTAGGG
contig-0000914_End,1000,0,0,TTAGGG
contig-0000915_End,1000,0,0,TTAGGG
contig-0000916_End,1000,0,0,TTAGGG
contig-0000917_End,1000,0,0,TTAGGG
contig-0000918_End,1000,0,0,TTAGGG
contig-0000919_End,1000,0,0,TTAGGG
contig-0000921_End,1000,0,0,TTAGGG
contig-0000922_End,1000,0,0,TTAGGG
contig-0000923_End,1000,0,0,TTAGGG
contig-0000924_End,1000,0,0,TTAGGG
contig-0000925_End,1000,0,0,TTAGGG
contig-0000926_End,1000,0,0,TTAGGG
contig-0000929_End,1000,0,0,TTAGGG
contig-0000930_End,1000,0,0,TTAGGG
contig-0000931_End,1000,0,0,TTAGGG
contig-0000932_End,1000,0,0,TTAGGG
contig-0000933_End,1000,0,0,TTAGGG
contig-0000934_End,1000,0,0,TTAGGG
contig-0000935_End,1000,0,0,TTAGGG
contig-0000936_End,1000,0,0,TTAGGG
contig-0000938_End,1000,0,0,TTAGGG
contig-0000939_End,1000,0,0,TTAGGG
contig-0000940_End,1000,0,0,TTAGGG
contig-0000941_End,1000,0,0,TTAGGG
contig-0000942_End,1000,0,0,TTAGGG
contig-0000943_End,1000,0,0,TTAGGG
contig-0000944_End,1000,0,0,TTAGGG
contig-0000945_End,1000,0,0,TTAGGG
contig-0000946_End,1000,0,0,TTAGGG
contig-0000947_End,1000,0,0,TTAGGG
contig-0000948_End,1000,0,0,TTAGGG
contig-0000949_End,1000,0,0,TTAGGG
contig-0000950_End,1000,0,0,TTAGGG
contig-0000951_End,1000,0,0,TTAGGG
contig-0000952_End,1000,0,0,TTAGGG
contig-0000953_End,1000,0,0,TTAGGG
contig-0000954_End,1000,0,0,TTAGGG
contig-0000955_End,1000,0,0,TTAGGG
contig-0000956_End,1000,0,0,TTAGGG
contig-0000957_End,1000,2,0,TTAGGG
contig-0000958_End,1000,1,0,TTAGGG
contig-0000959_End,1000,0,0,TTAGGG
contig-0000962_End,1000,0,0,TTAGGG
contig-0000963_End,1000,0,0,TTAGGG
contig-0000964_End,1000,0,0,TTAGGG
contig-0000965_End,1000,1,0,TTAGGG
contig-0000966_End,1000,0,0,TTAGGG
contig-0000967_End,1000,0,0,TTAGGG
contig-0000968_End,1000,0,0,TTAGGG
contig-0000970_End,1000,0,0,TTAGGG
contig-0000972_End,1000,1,0,TTAGGG
contig-0000974_End,1000,0,0,TTAGGG
contig-0000975_End,1000,0,2,TTAGGG
contig-0000976_End,1000,0,0,TTAGGG
contig-0000977_End,1000,0,0,TTAGGG
contig-0000978_End,1000,0,0,TTAGGG
contig-0000979_End,1000,0,0,TTAGGG
contig-0000980_End,1000,0,0,TTAGGG
contig-0000981_End,1000,0,0,TTAGGG
contig-0000982_End,1000,0,0,TTAGGG
contig-0000983_End,1000,0,0,TTAGGG
contig-0000984_End,1000,0,0,TTAGGG
contig-0000985_End,1000,0,0,TTAGGG
contig-0000986_End,1000,0,0,TTAGGG
contig-0000987_End,1000,0,0,TTAGGG
contig-0000988_End,1000,0,0,TTAGGG
contig-0000989_End,1000,0,0,TTAGGG
contig-0000990_End,1000,0,0,TTAGGG
contig-0000991_End,1000,0,0,TTAGGG
contig-0000993_End,1000,0,0,TTAGGG
contig-0000994_End,1000,0,0,TTAGGG
contig-0000995_End,1000,0,0,TTAGGG
contig-0000996_End,1000,0,0,TTAGGG
contig-0000997_End,1000,0,0,TTAGGG
contig-0000998_End,1000,0,1,TTAGGG
contig-0000999_End,1000,0,0,TTAGGG
contig-0001000_End,1000,0,0,TTAGGG
contig-0001001_End,1000,1,0,TTAGGG
contig-0001002_End,1000,0,0,TTAGGG
contig-0001003_End,1000,0,0,TTAGGG
contig-0001004_End,1000,0,0,TTAGGG
contig-0001005_End,1000,0,0,TTAGGG
contig-0001006_End,1000,0,0,TTAGGG
contig-0001007_End,1000,0,0,TTAGGG
contig-0001008_End,1000,163,0,TTAGGG
contig-0001009_End,1000,0,0,TTAGGG
contig-0001010_End,1000,0,0,TTAGGG
contig-0001011_End,1000,0,0,TTAGGG
contig-0001012_End,1000,0,0,TTAGGG
contig-0001013_End,1000,0,0,TTAGGG
contig-0001014_End,1000,0,1,TTAGGG
contig-0001015_End,1000,0,1,TTAGGG
contig-0001016_End,1000,0,0,TTAGGG
contig-0001017_End,1000,0,0,TTAGGG
contig-0001018_End,1000,0,0,TTAGGG
contig-0001019_End,1000,0,0,TTAGGG
contig-0001020_End,1000,1,0,TTAGGG
contig-0001021_End,1000,0,0,TTAGGG
contig-0001022_End,1000,0,0,TTAGGG
contig-0001024_End,1000,0,0,TTAGGG
contig-0001025_End,1000,0,0,TTAGGG
contig-0001026_End,1000,0,0,TTAGGG
contig-0001027_End,1000,0,1,TTAGGG
contig-0001028_End,1000,0,0,TTAGGG
contig-0001029_End,1000,0,0,TTAGGG
contig-0001031_End,1000,0,0,TTAGGG
contig-0001032_End,1000,0,0,TTAGGG
contig-0001033_End,1000,0,0,TTAGGG
contig-0001034_End,1000,0,0,TTAGGG
contig-0001035_End,1000,0,0,TTAGGG
contig-0001036_End,1000,0,0,TTAGGG
contig-0001039_End,1000,0,0,TTAGGG
contig-0001040_End,1000,0,0,TTAGGG
contig-0001041_End,1000,0,1,TTAGGG
contig-0001042_End,1000,0,0,TTAGGG
contig-0001043_End,1000,1,0,TTAGGG
contig-0001045_End,1000,0,0,TTAGGG
contig-0001046_End,1000,0,0,TTAGGG
contig-0001047_End,1000,0,0,TTAGGG
contig-0001048_End,1000,0,0,TTAGGG
contig-0001049_End,1000,0,0,TTAGGG
contig-0001050_End,1000,0,0,TTAGGG
contig-0001052_End,1000,0,0,TTAGGG
contig-0001053_End,1000,0,0,TTAGGG
contig-0001054_End,1000,0,0,TTAGGG
contig-0001055_End,1000,0,0,TTAGGG
contig-0001056_End,1000,0,0,TTAGGG
contig-0001057_End,1000,0,0,TTAGGG
contig-0001058_End,1000,0,0,TTAGGG
contig-0001059_End,1000,0,0,TTAGGG
contig-0001060_End,1000,0,0,TTAGGG
contig-0001061_End,1000,0,0,TTAGGG
contig-0001062_End,1000,0,0,TTAGGG
contig-0001063_End,1000,0,0,TTAGGG
contig-0001064_End,1000,0,0,TTAGGG
contig-0001065_End,1000,0,0,TTAGGG
contig-0001066_End,1000,0,0,TTAGGG
contig-0001067_End,1000,0,0,TTAGGG
contig-0001068_End,1000,1,0,TTAGGG
contig-0001069_End,1000,0,0,TTAGGG
contig-0001070_End,1000,0,1,TTAGGG
contig-0001071_End,1000,0,1,TTAGGG
contig-0001072_End,1000,0,4,TTAGGG
contig-0001073_End,1000,0,0,TTAGGG
contig-0001074_End,1000,0,0,TTAGGG
contig-0001075_End,1000,0,0,TTAGGG
contig-0001076_End,1000,0,2,TTAGGG
contig-0001077_End,1000,0,0,TTAGGG
contig-0001078_End,1000,0,1,TTAGGG
contig-0001079_End,1000,0,0,TTAGGG
contig-0001080_End,1000,0,0,TTAGGG
contig-0001081_End,1000,0,0,TTAGGG
contig-0001082_End,1000,0,0,TTAGGG
contig-0001083_End,1000,0,0,TTAGGG
contig-0001085_End,1000,0,0,TTAGGG
contig-0001086_End,1000,0,0,TTAGGG
contig-0001087_End,1000,0,0,TTAGGG
contig-0001088_End,1000,0,0,TTAGGG
contig-0001089_End,1000,1,0,TTAGGG
contig-0001090_End,1000,0,0,TTAGGG
contig-0001092_End,1000,0,0,TTAGGG
contig-0001093_End,1000,0,0,TTAGGG
contig-0001094_End,1000,2,0,TTAGGG
contig-0001095_End,1000,0,0,TTAGGG
contig-0001096_End,1000,0,0,TTAGGG
contig-0001097_End,1000,0,0,TTAGGG
contig-0001098_End,1000,0,0,TTAGGG
contig-0001099_End,1000,0,0,TTAGGG
contig-0001100_End,1000,0,0,TTAGGG
contig-0001101_End,1000,0,0,TTAGGG
contig-0001102_End,1000,1,0,TTAGGG
contig-0001103_End,1000,0,0,TTAGGG
contig-0001104_End,1000,0,0,TTAGGG
contig-0001105_End,1000,1,0,TTAGGG
contig-0001106_End,1000,0,0,TTAGGG
contig-0001107_End,1000,0,0,TTAGGG
contig-0001108_End,1000,0,0,TTAGGG
contig-0001109_End,1000,0,0,TTAGGG
contig-0001110_End,1000,0,0,TTAGGG
contig-0001111_End,1000,0,0,TTAGGG
contig-0001112_End,1000,0,0,TTAGGG
contig-0001113_End,1000,0,0,TTAGGG
contig-0001116_End,1000,1,0,TTAGGG
contig-0001117_End,1000,0,0,TTAGGG
contig-0001118_End,1000,0,2,TTAGGG
contig-0001119_End,1000,0,0,TTAGGG
contig-0001120_End,1000,0,0,TTAGGG
contig-0001121_End,1000,0,0,TTAGGG
contig-0001124_End,1000,0,0,TTAGGG
contig-0001125_End,1000,0,1,TTAGGG
contig-0001126_End,1000,0,0,TTAGGG
contig-0001128_End,1000,0,0,TTAGGG
contig-0001129_End,1000,0,0,TTAGGG
contig-0001130_End,1000,0,0,TTAGGG
contig-0001131_End,1000,0,0,TTAGGG
contig-0001132_End,1000,0,0,TTAGGG
contig-0001134_End,1000,0,0,TTAGGG
contig-0001135_End,1000,0,0,TTAGGG
contig-0001136_End,1000,0,0,TTAGGG
contig-0001137_End,1000,0,0,TTAGGG
contig-0001138_End,1000,1,0,TTAGGG
contig-0001139_End,1000,0,0,TTAGGG
contig-0001140_End,1000,0,0,TTAGGG
contig-0001141_End,1000,0,0,TTAGGG
contig-0001142_End,1000,0,0,TTAGGG
contig-0001143_End,1000,0,0,TTAGGG
contig-0001144_End,1000,0,0,TTAGGG
contig-0001145_End,1000,0,0,TTAGGG
contig-0001146_End,1000,0,0,TTAGGG
contig-0001148_End,1000,0,1,TTAGGG
contig-0001149_End,1000,0,0,TTAGGG
contig-0001150_End,1000,0,0,TTAGGG
contig-0001152_End,1000,0,0,TTAGGG
contig-0001153_End,1000,0,0,TTAGGG
contig-0001154_End,1000,0,0,TTAGGG
contig-0001156_End,1000,0,0,TTAGGG
contig-0001157_End,1000,0,0,TTAGGG
contig-0001158_End,1000,0,0,TTAGGG
contig-0001159_End,1000,0,0,TTAGGG
contig-0001161_End,1000,0,2,TTAGGG
contig-0001162_End,1000,0,0,TTAGGG
contig-0001163_End,1000,0,0,TTAGGG
contig-0001164_End,1000,0,0,TTAGGG
contig-0001165_End,1000,1,0,TTAGGG
contig-0001166_End,1000,0,0,TTAGGG
contig-0001167_End,1000,0,1,TTAGGG
contig-0001168_End,1000,0,0,TTAGGG
contig-0001169_End,1000,0,0,TTAGGG
contig-0001170_End,1000,0,0,TTAGGG
contig-0001171_End,1000,0,0,TTAGGG
contig-0001173_End,1000,0,0,TTAGGG
contig-0001174_End,1000,0,0,TTAGGG
contig-0001175_End,1000,0,0,TTAGGG
contig-0001176_End,1000,0,0,TTAGGG
contig-0001177_End,1000,1,0,TTAGGG
contig-0001178_End,1000,2,0,TTAGGG
contig-0001179_End,1000,1,0,TTAGGG
contig-0001180_End,1000,2,0,TTAGGG
contig-0001181_End,1000,0,0,TTAGGG
contig-0001182_End,1000,0,0,TTAGGG
contig-0001183_End,1000,0,0,TTAGGG
contig-0001184_End,1000,1,0,TTAGGG
contig-0001185_End,1000,0,0,TTAGGG
contig-0001186_End,1000,0,0,TTAGGG
contig-0001187_End,1000,1,0,TTAGGG
contig-0001188_End,1000,0,0,TTAGGG
contig-0001191_End,1000,0,0,TTAGGG
contig-0001192_End,1000,0,0,TTAGGG
contig-0001193_End,1000,0,1,TTAGGG
contig-0001194_End,1000,0,0,TTAGGG
contig-0001195_End,1000,0,0,TTAGGG
contig-0001196_End,1000,0,0,TTAGGG
contig-0001199_End,1000,0,0,TTAGGG
contig-0001200_End,1000,0,0,TTAGGG
contig-0001201_End,1000,0,0,TTAGGG
contig-0001203_End,1000,0,0,TTAGGG
contig-0001204_End,1000,0,0,TTAGGG
contig-0001207_End,1000,1,0,TTAGGG
contig-0001208_End,1000,0,0,TTAGGG
contig-0001209_End,1000,0,0,TTAGGG
contig-0001213_End,1000,0,0,TTAGGG
contig-0001215_End,1000,0,0,TTAGGG
contig-0001216_End,1000,0,0,TTAGGG
contig-0001217_End,1000,0,0,TTAGGG
contig-0001218_End,1000,0,0,TTAGGG
contig-0001219_End,1000,0,1,TTAGGG
contig-0001220_End,1000,0,0,TTAGGG
contig-0001221_End,1000,0,0,TTAGGG
contig-0001222_End,1000,0,0,TTAGGG
contig-0001223_End,1000,0,0,TTAGGG
contig-0001224_End,1000,0,0,TTAGGG
contig-0001225_End,1000,0,0,TTAGGG
contig-0001226_End,1000,0,0,TTAGGG
contig-0001227_End,1000,0,0,TTAGGG
contig-0001228_End,1000,0,0,TTAGGG
contig-0001229_End,1000,0,1,TTAGGG
contig-0001230_End,1000,0,0,TTAGGG
contig-0001231_End,1000,1,0,TTAGGG
contig-0001232_End,1000,163,0,TTAGGG
contig-0001234_End,1000,0,0,TTAGGG
contig-0001235_End,1000,0,0,TTAGGG
contig-0001236_End,1000,0,0,TTAGGG
contig-0001237_End,1000,0,0,TTAGGG
contig-0001238_End,1000,0,0,TTAGGG
contig-0001239_End,1000,0,0,TTAGGG
contig-0001240_End,1000,0,0,TTAGGG
contig-0001241_End,1000,0,0,TTAGGG
contig-0001242_End,1000,0,0,TTAGGG
contig-0001243_End,1000,0,0,TTAGGG
contig-0001245_End,1000,0,0,TTAGGG
contig-0001246_End,1000,0,0,TTAGGG
contig-0001247_End,1000,0,0,TTAGGG
contig-0001248_End,1000,0,0,TTAGGG
contig-0001249_End,1000,0,0,TTAGGG
contig-0001252_End,1000,0,0,TTAGGG
contig-0001253_End,1000,0,0,TTAGGG
contig-0001254_End,1000,0,0,TTAGGG
contig-0001255_End,1000,0,0,TTAGGG
contig-0001256_End,1000,0,0,TTAGGG
contig-0001257_End,1000,0,0,TTAGGG
contig-0001258_End,1000,0,0,TTAGGG
contig-0001259_End,1000,0,1,TTAGGG
contig-0001261_End,1000,0,0,TTAGGG
contig-0001262_End,1000,163,0,TTAGGG
contig-0001263_End,1000,163,0,TTAGGG
contig-0001264_End,1000,0,0,TTAGGG
contig-0001266_End,1000,0,0,TTAGGG
contig-0001267_End,1000,0,0,TTAGGG
contig-0001268_End,1000,0,0,TTAGGG
contig-0001269_End,1000,0,0,TTAGGG
contig-0001270_End,1000,0,0,TTAGGG
contig-0001271_End,1000,0,0,TTAGGG
contig-0001272_End,1000,0,0,TTAGGG
contig-0001273_End,1000,1,0,TTAGGG
contig-0001274_End,1000,0,0,TTAGGG
contig-0001275_End,1000,2,0,TTAGGG
contig-0001276_End,1000,0,0,TTAGGG
contig-0001277_End,1000,0,0,TTAGGG
contig-0001278_End,1000,0,0,TTAGGG
contig-0001280_End,1000,0,0,TTAGGG
contig-0001281_End,1000,0,0,TTAGGG
contig-0001282_End,1000,0,0,TTAGGG
contig-0001283_End,1000,0,0,TTAGGG
contig-0001284_End,1000,0,0,TTAGGG
contig-0001287_End,1000,0,0,TTAGGG
contig-0001288_End,1000,0,0,TTAGGG
contig-0001289_End,1000,0,2,TTAGGG
contig-0001290_End,1000,0,0,TTAGGG
contig-0001293_End,1000,0,0,TTAGGG
contig-0001294_End,1000,0,0,TTAGGG
contig-0001296_End,1000,0,0,TTAGGG
contig-0001297_End,1000,0,0,TTAGGG
contig-0001298_End,1000,0,0,TTAGGG
contig-0001299_End,1000,0,0,TTAGGG
contig-0001300_End,1000,1,0,TTAGGG
contig-0001301_End,1000,159,0,TTAGGG
contig-0001302_End,1000,0,1,TTAGGG
contig-0001303_End,1000,0,0,TTAGGG
contig-0001304_End,1000,0,0,TTAGGG
contig-0001305_End,1000,0,0,TTAGGG
contig-0001306_End,1000,0,0,TTAGGG
contig-0001307_End,1000,0,0,TTAGGG
contig-0001308_End,1000,0,0,TTAGGG
contig-0001309_End,1000,0,0,TTAGGG
contig-0001310_End,1000,0,0,TTAGGG
contig-0001311_End,1000,0,0,TTAGGG
contig-0001312_End,1000,0,0,TTAGGG
contig-0001313_End,1000,0,0,TTAGGG
contig-0001314_End,1000,0,0,TTAGGG
contig-0001315_End,1000,0,0,TTAGGG
contig-0001316_End,1000,0,0,TTAGGG
contig-0001317_End,1000,0,0,TTAGGG
contig-0001319_End,1000,0,0,TTAGGG
contig-0001320_End,1000,0,0,TTAGGG
contig-0001321_End,1000,0,1,TTAGGG
contig-0001322_End,1000,0,0,TTAGGG
contig-0001323_End,1000,0,0,TTAGGG
contig-0001324_End,1000,0,1,TTAGGG
contig-0001325_End,1000,0,0,TTAGGG
contig-0001326_End,1000,1,0,TTAGGG
contig-0001327_End,1000,0,0,TTAGGG
contig-0001328_End,1000,0,0,TTAGGG
contig-0001329_End,1000,2,0,TTAGGG
contig-0001330_End,1000,1,0,TTAGGG
contig-0001331_End,1000,0,0,TTAGGG
contig-0001332_End,1000,0,0,TTAGGG
contig-0001333_End,1000,0,0,TTAGGG
contig-0001334_End,1000,0,0,TTAGGG
contig-0001335_End,1000,1,0,TTAGGG
contig-0001336_End,1000,0,0,TTAGGG
contig-0001339_End,1000,0,0,TTAGGG
contig-0001340_End,1000,0,0,TTAGGG
contig-0001341_End,1000,0,0,TTAGGG
contig-0001342_End,1000,0,0,TTAGGG
contig-0001343_End,1000,0,0,TTAGGG
contig-0001344_End,1000,0,0,TTAGGG
contig-0001345_End,1000,0,0,TTAGGG
contig-0001346_End,1000,0,0,TTAGGG
contig-0001347_End,1000,1,0,TTAGGG
contig-0001348_End,1000,0,0,TTAGGG
contig-0001349_End,1000,1,0,TTAGGG
contig-0001350_End,1000,0,0,TTAGGG
contig-0001351_End,1000,1,0,TTAGGG
contig-0001352_End,1000,1,0,TTAGGG
contig-0001353_End,1000,0,0,TTAGGG
contig-0001356_End,1000,1,0,TTAGGG
contig-0001357_End,1000,0,0,TTAGGG
contig-0001358_End,1000,1,0,TTAGGG
contig-0001359_End,1000,0,0,TTAGGG
contig-0001360_End,1000,0,0,TTAGGG
contig-0001361_End,1000,1,0,TTAGGG
contig-0001362_End,1000,0,0,TTAGGG
contig-0001363_End,1000,0,0,TTAGGG
contig-0001364_End,1000,1,0,TTAGGG
contig-0001365_End,1000,1,0,TTAGGG
contig-0001366_End,1000,0,0,TTAGGG
contig-0001367_End,1000,0,0,TTAGGG
contig-0001368_End,1000,0,0,TTAGGG
contig-0001370_End,1000,1,0,TTAGGG
contig-0001371_End,1000,0,0,TTAGGG
contig-0001372_End,1000,0,0,TTAGGG
contig-0001373_End,1000,0,1,TTAGGG
contig-0001374_End,1000,0,0,TTAGGG
contig-0001375_End,1000,0,1,TTAGGG
contig-0001376_End,1000,0,0,TTAGGG
contig-0001378_End,1000,0,0,TTAGGG
contig-0001380_End,1000,0,0,TTAGGG
contig-0001382_End,1000,0,0,TTAGGG
contig-0001383_End,1000,0,0,TTAGGG
contig-0001385_End,1000,0,0,TTAGGG
contig-0001386_End,1000,0,0,TTAGGG
contig-0001387_End,1000,0,0,TTAGGG
contig-0001388_End,1000,0,0,TTAGGG
contig-0001389_End,1000,0,0,TTAGGG
contig-0001390_End,1000,0,0,TTAGGG
contig-0001391_End,1000,0,0,TTAGGG
contig-0001392_End,1000,0,0,TTAGGG
contig-0001393_End,1000,0,0,TTAGGG
contig-0001394_End,1000,0,0,TTAGGG
contig-0001395_End,1000,0,0,TTAGGG
contig-0001396_End,1000,0,0,TTAGGG
contig-0001397_End,1000,0,0,TTAGGG
contig-0001401_End,1000,0,0,TTAGGG
contig-0001402_End,1000,0,0,TTAGGG
contig-0001403_End,1000,0,0,TTAGGG
contig-0001404_End,1000,0,0,TTAGGG
contig-0001405_End,1000,0,0,TTAGGG
contig-0001408_End,1000,0,0,TTAGGG
contig-0001409_End,1000,0,0,TTAGGG
contig-0001410_End,1000,0,0,TTAGGG
contig-0001411_End,1000,0,0,TTAGGG
contig-0001412_End,1000,0,0,TTAGGG
contig-0001413_End,1000,0,0,TTAGGG
contig-0001414_End,1000,1,0,TTAGGG
contig-0001416_End,1000,0,0,TTAGGG
contig-0001417_End,1000,0,0,TTAGGG
contig-0001418_End,1000,0,0,TTAGGG
contig-0001419_End,1000,1,0,TTAGGG
contig-0001420_End,1000,0,1,TTAGGG
contig-0001421_End,1000,0,0,TTAGGG
contig-0001422_End,1000,1,0,TTAGGG
contig-0001424_End,1000,0,0,TTAGGG
contig-0001425_End,1000,0,0,TTAGGG
contig-0001431_End,1000,0,0,TTAGGG
contig-0001434_End,1000,0,0,TTAGGG
contig-0001435_End,1000,0,1,TTAGGG
contig-0001436_End,1000,0,0,TTAGGG
contig-0001437_End,1000,0,0,TTAGGG
contig-0001438_End,1000,0,0,TTAGGG
contig-0001439_End,1000,0,0,TTAGGG
contig-0001440_End,1000,0,1,TTAGGG
contig-0001441_End,1000,0,0,TTAGGG
contig-0001442_End,1000,0,0,TTAGGG
contig-0001443_End,1000,0,0,TTAGGG
contig-0001444_End,1000,1,0,TTAGGG
contig-0001445_End,1000,0,0,TTAGGG
contig-0001446_End,1000,1,1,TTAGGG
contig-0001447_End,1000,1,0,TTAGGG
contig-0001448_End,1000,1,0,TTAGGG
contig-0001450_End,1000,0,0,TTAGGG
contig-0001451_End,1000,0,0,TTAGGG
contig-0001452_End,1000,0,0,TTAGGG
contig-0001453_End,1000,0,0,TTAGGG
contig-0001454_End,1000,0,0,TTAGGG
contig-0001456_End,1000,0,1,TTAGGG
contig-0001457_End,1000,0,0,TTAGGG
contig-0001459_End,1000,0,0,TTAGGG
contig-0001460_End,1000,0,1,TTAGGG
contig-0001461_End,1000,0,0,TTAGGG
contig-0001462_End,1000,0,0,TTAGGG
contig-0001463_End,1000,0,0,TTAGGG
contig-0001464_End,1000,0,0,TTAGGG
contig-0001465_End,1000,0,0,TTAGGG
contig-0001467_End,1000,0,0,TTAGGG
contig-0001468_End,1000,0,2,TTAGGG
contig-0001469_End,1000,0,0,TTAGGG
contig-0001470_End,1000,0,0,TTAGGG
contig-0001471_End,1000,0,0,TTAGGG
contig-0001472_End,1000,0,0,TTAGGG
contig-0001474_End,1000,0,0,TTAGGG
contig-0001475_End,1000,0,0,TTAGGG
contig-0001476_End,1000,1,0,TTAGGG
contig-0001477_End,1000,0,0,TTAGGG
contig-0001478_End,1000,0,0,TTAGGG
contig-0001479_End,1000,0,0,TTAGGG
contig-0001480_End,1000,0,1,TTAGGG
contig-0001481_End,1000,0,0,TTAGGG
contig-0001482_End,1000,0,0,TTAGGG
contig-0001483_End,1000,0,0,TTAGGG
contig-0001484_End,1000,0,0,TTAGGG
contig-0001485_End,1000,0,0,TTAGGG
contig-0001486_End,1000,0,0,TTAGGG
contig-0001487_End,1000,0,0,TTAGGG
contig-0001488_End,1000,0,0,TTAGGG
contig-0001489_End,1000,0,0,TTAGGG
contig-0001490_End,1000,0,0,TTAGGG
contig-0001491_End,1000,0,0,TTAGGG
contig-0001492_End,1000,0,0,TTAGGG
contig-0001493_End,1000,1,0,TTAGGG
contig-0001494_End,1000,1,0,TTAGGG
contig-0001495_End,1000,0,0,TTAGGG
contig-0001496_End,1000,0,0,TTAGGG
contig-0001497_End,1000,0,0,TTAGGG
contig-0001498_End,1000,0,0,TTAGGG
contig-0001499_End,1000,0,0,TTAGGG
contig-0001500_End,1000,0,0,TTAGGG
contig-0001501_End,1000,0,0,TTAGGG
contig-0001502_End,1000,0,0,TTAGGG
contig-0001503_End,1000,0,0,TTAGGG
contig-0001504_End,1000,0,0,TTAGGG
contig-0001506_End,1000,0,0,TTAGGG
contig-0001507_End,1000,1,0,TTAGGG
contig-0001508_End,1000,0,0,TTAGGG
contig-0001509_End,1000,0,0,TTAGGG
contig-0001510_End,1000,0,0,TTAGGG
contig-0001511_End,1000,0,0,TTAGGG
contig-0001512_End,1000,1,0,TTAGGG
contig-0001513_End,1000,0,0,TTAGGG
contig-0001514_End,1000,0,0,TTAGGG
contig-0001515_End,1000,0,1,TTAGGG
contig-0001516_End,1000,0,1,TTAGGG
contig-0001517_End,1000,0,0,TTAGGG
contig-0001519_End,1000,0,0,TTAGGG
contig-0001520_End,1000,0,0,TTAGGG
contig-0001521_End,1000,0,0,TTAGGG
contig-0001522_End,1000,0,0,TTAGGG
contig-0001523_End,1000,0,0,TTAGGG
contig-0001524_End,1000,0,0,TTAGGG
contig-0001525_End,1000,0,0,TTAGGG
contig-0001526_End,1000,0,0,TTAGGG
contig-0001527_End,1000,0,0,TTAGGG
contig-0001528_End,1000,0,0,TTAGGG
contig-0001529_End,1000,0,0,TTAGGG
contig-0001531_End,1000,0,0,TTAGGG
contig-0001532_End,1000,0,0,TTAGGG
contig-0001533_End,1000,0,0,TTAGGG
contig-0001534_End,1000,0,0,TTAGGG
contig-0001535_End,1000,0,0,TTAGGG
contig-0001536_End,1000,0,0,TTAGGG
contig-0001537_End,1000,0,0,TTAGGG
contig-0001538_End,1000,0,0,TTAGGG
contig-0001539_End,1000,0,0,TTAGGG
contig-0001540_End,1000,0,0,TTAGGG
contig-0001541_End,1000,0,0,TTAGGG
contig-0001542_End,1000,0,0,TTAGGG
contig-0001543_End,1000,0,0,TTAGGG
contig-0001544_End,1000,0,0,TTAGGG
contig-0001545_End,1000,0,0,TTAGGG
contig-0001546_End,1000,0,0,TTAGGG
contig-0001547_End,1000,0,0,TTAGGG
contig-0001549_End,1000,0,0,TTAGGG
contig-0001550_End,1000,0,0,TTAGGG
contig-0001551_End,1000,0,0,TTAGGG
contig-0001552_End,1000,0,0,TTAGGG
contig-0001553_End,1000,0,0,TTAGGG
contig-0001554_End,1000,0,0,TTAGGG
contig-0001556_End,1000,0,0,TTAGGG
contig-0001557_End,1000,0,0,TTAGGG
contig-0001558_End,1000,0,0,TTAGGG
contig-0001559_End,1000,0,0,TTAGGG
contig-0001560_End,1000,1,1,TTAGGG
contig-0001561_End,1000,0,0,TTAGGG
contig-0001562_End,1000,0,0,TTAGGG
contig-0001565_End,1000,0,0,TTAGGG
contig-0001566_End,1000,0,0,TTAGGG
contig-0001567_End,1000,0,0,TTAGGG
contig-0001570_End,1000,0,0,TTAGGG
contig-0001571_End,1000,0,0,TTAGGG
contig-0001572_End,1000,0,0,TTAGGG
contig-0001573_End,1000,1,0,TTAGGG
contig-0001574_End,1000,0,0,TTAGGG
contig-0001575_End,1000,0,0,TTAGGG
contig-0001577_End,1000,0,0,TTAGGG
contig-0001578_End,1000,0,0,TTAGGG
contig-0001579_End,1000,0,0,TTAGGG
contig-0001580_End,1000,0,0,TTAGGG
contig-0001584_End,1000,0,0,TTAGGG
contig-0001585_End,1000,0,0,TTAGGG
contig-0001586_End,1000,0,0,TTAGGG
contig-0001587_End,1000,0,0,TTAGGG
contig-0001588_End,1000,1,0,TTAGGG
contig-0001589_End,1000,1,0,TTAGGG
contig-0001590_End,1000,0,0,TTAGGG
contig-0001591_End,1000,0,0,TTAGGG
contig-0001592_End,1000,0,0,TTAGGG
contig-0001593_End,1000,0,0,TTAGGG
contig-0001594_End,1000,1,0,TTAGGG
contig-0001595_End,1000,2,0,TTAGGG
contig-0001596_End,1000,0,0,TTAGGG
contig-0001597_End,1000,0,0,TTAGGG
contig-0001598_End,1000,0,0,TTAGGG
contig-0001599_End,1000,0,0,TTAGGG
contig-0001600_End,1000,0,0,TTAGGG
contig-0001601_End,1000,0,0,TTAGGG
contig-0001602_End,1000,0,0,TTAGGG
contig-0001603_End,1000,0,0,TTAGGG
contig-0001604_End,1000,0,0,TTAGGG
contig-0001605_End,1000,0,0,TTAGGG
contig-0001606_End,1000,0,0,TTAGGG
contig-0001607_End,1000,0,0,TTAGGG
contig-0001608_End,1000,0,1,TTAGGG
contig-0001610_End,1000,0,0,TTAGGG
contig-0001611_End,1000,0,1,TTAGGG
contig-0001612_End,1000,1,0,TTAGGG
contig-0001613_End,1000,0,0,TTAGGG
contig-0001614_End,1000,1,0,TTAGGG
contig-0001615_End,1000,0,0,TTAGGG
contig-0001616_End,1000,0,0,TTAGGG
contig-0001617_End,1000,0,0,TTAGGG
contig-0001618_End,1000,0,0,TTAGGG
contig-0001619_End,1000,0,0,TTAGGG
contig-0001620_End,1000,0,0,TTAGGG
contig-0001621_End,1000,0,0,TTAGGG
contig-0001622_End,1000,1,0,TTAGGG
contig-0001623_End,1000,0,1,TTAGGG
contig-0001624_End,1000,0,0,TTAGGG
contig-0001625_End,1000,0,0,TTAGGG
contig-0001626_End,1000,0,0,TTAGGG
contig-0001627_End,1000,0,0,TTAGGG
contig-0001628_End,1000,0,0,TTAGGG
contig-0001629_End,1000,0,0,TTAGGG
contig-0001630_End,1000,0,0,TTAGGG
contig-0001631_End,1000,0,0,TTAGGG
contig-0001632_End,1000,0,0,TTAGGG
contig-0001633_End,1000,0,0,TTAGGG
contig-0001634_End,1000,0,0,TTAGGG
contig-0001635_End,1000,0,0,TTAGGG
contig-0001636_End,1000,1,0,TTAGGG
contig-0001637_End,1000,0,1,TTAGGG
contig-0001638_End,1000,0,0,TTAGGG
contig-0001639_End,1000,0,0,TTAGGG
contig-0001640_End,1000,1,0,TTAGGG
contig-0001641_End,1000,0,0,TTAGGG
contig-0001642_End,1000,0,0,TTAGGG
contig-0001644_End,1000,0,0,TTAGGG
contig-0001645_End,1000,0,0,TTAGGG
contig-0001646_End,1000,0,0,TTAGGG
contig-0001647_End,1000,0,0,TTAGGG
contig-0001648_End,1000,0,0,TTAGGG
contig-0001649_End,1000,162,0,TTAGGG
contig-0001650_End,1000,0,0,TTAGGG
contig-0001651_End,1000,1,0,TTAGGG
contig-0001652_End,1000,2,0,TTAGGG
contig-0001654_End,1000,0,1,TTAGGG
contig-0001655_End,1000,1,0,TTAGGG
contig-0001657_End,1000,0,0,TTAGGG
contig-0001659_End,1000,0,0,TTAGGG
contig-0001660_End,1000,0,0,TTAGGG
contig-0001661_End,1000,0,0,TTAGGG
contig-0001662_End,1000,0,0,TTAGGG
contig-0001663_End,1000,0,1,TTAGGG
contig-0001664_End,1000,0,2,TTAGGG
contig-0001665_End,1000,0,0,TTAGGG
contig-0001669_End,1000,0,0,TTAGGG
contig-0001670_End,1000,0,0,TTAGGG
contig-0001671_End,1000,0,0,TTAGGG
contig-0001672_End,1000,0,0,TTAGGG
contig-0001673_End,1000,163,0,TTAGGG
contig-0001674_End,1000,0,0,TTAGGG
contig-0001675_End,1000,0,0,TTAGGG
contig-0001676_End,1000,0,0,TTAGGG
contig-0001677_End,1000,0,0,TTAGGG
contig-0001682_End,1000,0,1,TTAGGG
contig-0001683_End,1000,0,0,TTAGGG
contig-0001684_End,1000,0,0,TTAGGG
contig-0001685_End,1000,160,0,TTAGGG
contig-0001686_End,1000,162,0,TTAGGG
contig-0001687_End,1000,0,0,TTAGGG
contig-0001688_End,1000,0,0,TTAGGG
contig-0001689_End,1000,0,0,TTAGGG
contig-0001690_End,1000,0,0,TTAGGG
contig-0001691_End,1000,0,0,TTAGGG
contig-0001692_End,1000,0,0,TTAGGG
contig-0001693_End,1000,0,0,TTAGGG
contig-0001694_End,1000,0,0,TTAGGG
contig-0001695_End,1000,0,0,TTAGGG
contig-0001696_End,1000,0,1,TTAGGG
contig-0001697_End,1000,0,1,TTAGGG
contig-0001698_End,1000,0,0,TTAGGG
contig-0001699_End,1000,0,2,TTAGGG
contig-0001700_End,1000,0,0,TTAGGG
contig-0001701_End,1000,0,0,TTAGGG
contig-0001702_End,1000,0,0,TTAGGG
contig-0001703_End,1000,0,0,TTAGGG
contig-0001704_End,1000,1,0,TTAGGG
contig-0001705_End,1000,1,0,TTAGGG
contig-0001706_End,1000,0,0,TTAGGG
contig-0001707_End,1000,0,1,TTAGGG
contig-0001708_End,1000,0,0,TTAGGG
contig-0001709_End,1000,0,0,TTAGGG
contig-0001710_End,1000,0,0,TTAGGG
contig-0001711_End,1000,0,0,TTAGGG
contig-0001712_End,1000,0,0,TTAGGG
contig-0001715_End,1000,0,1,TTAGGG
contig-0001716_End,1000,0,0,TTAGGG
contig-0001719_End,1000,0,0,TTAGGG
contig-0001720_End,1000,0,0,TTAGGG
contig-0001721_End,1000,0,0,TTAGGG
contig-0001722_End,1000,0,0,TTAGGG
contig-0001723_End,1000,0,0,TTAGGG
contig-0001724_End,1000,1,0,TTAGGG
contig-0001725_End,1000,0,0,TTAGGG
contig-0001726_End,1000,0,0,TTAGGG
contig-0001727_End,1000,1,0,TTAGGG
contig-0001728_End,1000,0,0,TTAGGG
contig-0001729_End,1000,0,0,TTAGGG
contig-0001730_End,1000,0,0,TTAGGG
contig-0001731_End,1000,0,0,TTAGGG
contig-0001732_End,1000,0,0,TTAGGG
contig-0001733_End,1000,0,0,TTAGGG
contig-0001734_End,1000,0,0,TTAGGG
contig-0001735_End,1000,0,0,TTAGGG
contig-0001736_End,1000,1,0,TTAGGG
contig-0001737_End,1000,0,0,TTAGGG
contig-0001738_End,1000,0,0,TTAGGG
contig-0001739_End,1000,0,0,TTAGGG
contig-0001740_End,1000,1,0,TTAGGG
contig-0001741_End,1000,0,0,TTAGGG
contig-0001742_End,1000,0,0,TTAGGG
contig-0001743_End,1000,1,0,TTAGGG
contig-0001744_End,1000,0,0,TTAGGG
contig-0001745_End,1000,0,0,TTAGGG
contig-0001746_End,1000,0,0,TTAGGG
contig-0001747_End,1000,0,1,TTAGGG
contig-0001748_End,1000,1,0,TTAGGG
contig-0001749_End,1000,0,0,TTAGGG
contig-0001750_End,1000,0,0,TTAGGG
contig-0001751_End,1000,0,0,TTAGGG
contig-0001752_End,1000,0,1,TTAGGG
contig-0001753_End,1000,0,0,TTAGGG
contig-0001754_End,1000,0,1,TTAGGG
contig-0001755_End,1000,0,0,TTAGGG
contig-0001756_End,1000,0,1,TTAGGG
contig-0001757_End,1000,0,0,TTAGGG
contig-0001758_End,1000,0,0,TTAGGG
contig-0001759_End,1000,0,0,TTAGGG
contig-0001760_End,1000,0,0,TTAGGG
contig-0001761_End,1000,0,0,TTAGGG
contig-0001762_End,1000,0,0,TTAGGG
contig-0001763_End,1000,0,0,TTAGGG
contig-0001764_End,1000,0,0,TTAGGG
contig-0001765_End,1000,0,1,TTAGGG
contig-0001766_End,1000,0,0,TTAGGG
contig-0001767_End,1000,0,0,TTAGGG
contig-0001768_End,1000,0,0,TTAGGG
contig-0001769_End,1000,1,0,TTAGGG
contig-0001770_End,1000,0,0,TTAGGG
contig-0001771_End,1000,0,0,TTAGGG
contig-0001772_End,1000,0,1,TTAGGG
contig-0001773_End,1000,0,0,TTAGGG
contig-0001774_End,1000,0,0,TTAGGG
contig-0001775_End,1000,0,0,TTAGGG
contig-0001776_End,1000,0,0,TTAGGG
contig-0001777_End,1000,0,0,TTAGGG
contig-0001778_End,1000,0,0,TTAGGG
contig-0001779_End,1000,0,0,TTAGGG
contig-0001780_End,1000,164,0,TTAGGG
contig-0001781_End,1000,163,0,TTAGGG
contig-0001782_End,1000,0,0,TTAGGG
contig-0001783_End,1000,0,0,TTAGGG
contig-0001784_End,1000,0,0,TTAGGG
contig-0001785_End,1000,0,0,TTAGGG
contig-0001786_End,1000,0,0,TTAGGG
contig-0001787_End,1000,0,0,TTAGGG
contig-0001788_End,1000,0,0,TTAGGG
contig-0001789_End,1000,0,0,TTAGGG
contig-0001790_End,1000,0,0,TTAGGG
contig-0001791_End,1000,0,0,TTAGGG
contig-0001792_End,1000,0,0,TTAGGG
contig-0001793_End,1000,0,0,TTAGGG
contig-0001794_End,1000,0,1,TTAGGG
contig-0001795_End,1000,0,0,TTAGGG
contig-0001796_End,1000,0,0,TTAGGG
contig-0001797_End,1000,0,0,TTAGGG
contig-0001798_End,1000,0,0,TTAGGG
contig-0001799_End,1000,0,1,TTAGGG
contig-0001800_End,1000,0,0,TTAGGG
contig-0001801_End,1000,1,0,TTAGGG
contig-0001802_End,1000,1,0,TTAGGG
contig-0001803_End,1000,1,1,TTAGGG
contig-0001804_End,1000,1,1,TTAGGG
contig-0001805_End,1000,0,0,TTAGGG
contig-0001806_End,1000,0,0,TTAGGG
contig-0001807_End,1000,0,0,TTAGGG
contig-0001808_End,1000,0,0,TTAGGG
contig-0001809_End,1000,1,0,TTAGGG
contig-0001810_End,1000,0,0,TTAGGG
contig-0001811_End,1000,0,0,TTAGGG
contig-0001812_End,1000,0,0,TTAGGG
contig-0001813_End,1000,0,0,TTAGGG
contig-0001814_End,1000,0,0,TTAGGG
contig-0001815_End,1000,0,0,TTAGGG
contig-0001816_End,1000,0,0,TTAGGG
contig-0001817_End,1000,1,0,TTAGGG
contig-0001818_End,1000,0,0,TTAGGG
contig-0001819_End,1000,0,0,TTAGGG
contig-0001820_End,1000,0,0,TTAGGG
contig-0001821_End,1000,0,0,TTAGGG
contig-0001822_End,1000,0,1,TTAGGG
contig-0001823_End,1000,0,0,TTAGGG
contig-0001824_End,1000,0,0,TTAGGG
contig-0001825_End,1000,2,0,TTAGGG
contig-0001826_End,1000,0,0,TTAGGG
contig-0001827_End,1000,0,0,TTAGGG
contig-0001828_End,1000,0,0,TTAGGG
contig-0001829_End,1000,0,0,TTAGGG
contig-0001830_End,1000,0,1,TTAGGG
contig-0001831_End,1000,0,0,TTAGGG
contig-0001832_End,1000,0,0,TTAGGG
contig-0001833_End,1000,1,1,TTAGGG
contig-0001834_End,1000,0,0,TTAGGG
contig-0001835_End,1000,0,0,TTAGGG
contig-0001836_End,1000,0,1,TTAGGG
contig-0001837_End,1000,0,0,TTAGGG
contig-0001838_End,1000,0,0,TTAGGG
contig-0001839_End,1000,0,0,TTAGGG
contig-0001840_End,1000,0,1,TTAGGG
contig-0001841_End,1000,0,0,TTAGGG
contig-0001842_End,1000,0,0,TTAGGG
contig-0001843_End,1000,0,0,TTAGGG
contig-0001844_End,1000,0,0,TTAGGG
contig-0001845_End,1000,0,0,TTAGGG
contig-0001846_End,1000,0,0,TTAGGG
contig-0001847_End,1000,1,0,TTAGGG
contig-0001848_End,1000,0,0,TTAGGG
contig-0001849_End,1000,0,0,TTAGGG
contig-0001850_End,1000,0,0,TTAGGG
contig-0001851_End,1000,0,0,TTAGGG
contig-0001852_End,1000,0,0,TTAGGG
contig-0001853_End,1000,0,0,TTAGGG
contig-0001854_End,1000,0,0,TTAGGG
contig-0001855_End,1000,0,0,TTAGGG
contig-0001856_End,1000,0,0,TTAGGG
contig-0001857_End,1000,165,0,TTAGGG
contig-0001858_End,1000,164,0,TTAGGG
contig-0001859_End,1000,0,0,TTAGGG
contig-0001860_End,1000,1,0,TTAGGG
contig-0001861_End,1000,0,0,TTAGGG
contig-0001862_End,1000,0,0,TTAGGG
contig-0001863_End,1000,0,1,TTAGGG
contig-0001864_End,1000,0,0,TTAGGG
contig-0001865_End,1000,0,1,TTAGGG
contig-0001866_End,1000,0,0,TTAGGG
contig-0001867_End,1000,1,0,TTAGGG
contig-0001868_End,1000,0,0,TTAGGG
contig-0001869_End,1000,0,1,TTAGGG
contig-0001870_End,1000,0,0,TTAGGG
contig-0001871_End,1000,0,0,TTAGGG
contig-0001872_End,1000,0,0,TTAGGG
contig-0001873_End,1000,0,0,TTAGGG
contig-0001874_End,1000,0,0,TTAGGG
contig-0001875_End,1000,0,0,TTAGGG
contig-0001876_End,1000,0,0,TTAGGG
contig-0001877_End,1000,0,0,TTAGGG
contig-0001878_End,1000,162,0,TTAGGG
contig-0001879_End,1000,0,0,TTAGGG
contig-0001880_End,1000,1,0,TTAGGG
contig-0001881_End,1000,1,0,TTAGGG
contig-0001882_End,1000,0,0,TTAGGG
contig-0001883_End,1000,0,0,TTAGGG
contig-0001884_End,1000,1,0,TTAGGG
contig-0001885_End,1000,0,0,TTAGGG
contig-0001886_End,1000,0,0,TTAGGG
contig-0001887_End,1000,0,0,TTAGGG
contig-0001888_End,1000,0,0,TTAGGG
contig-0001889_End,1000,0,0,TTAGGG
contig-0001890_End,1000,0,0,TTAGGG
contig-0001891_End,1000,0,0,TTAGGG
contig-0001892_End,1000,1,0,TTAGGG
contig-0001894_End,1000,0,0,TTAGGG
contig-0001895_End,1000,0,0,TTAGGG
contig-0001896_End,1000,0,0,TTAGGG
contig-0001897_End,1000,2,2,TTAGGG
contig-0001898_End,1000,0,1,TTAGGG
contig-0001899_End,1000,0,0,TTAGGG
contig-0001900_End,1000,0,0,TTAGGG
contig-0001901_End,1000,0,1,TTAGGG
contig-0001902_End,1000,0,0,TTAGGG
contig-0001903_End,1000,0,0,TTAGGG
contig-0001904_End,1000,1,0,TTAGGG
contig-0001905_End,1000,1,0,TTAGGG
contig-0001906_End,1000,0,0,TTAGGG
contig-0001907_End,1000,0,0,TTAGGG
contig-0001908_End,1000,1,0,TTAGGG
contig-0001909_End,1000,0,0,TTAGGG
contig-0001910_End,1000,0,0,TTAGGG
contig-0001911_End,1000,1,0,TTAGGG
contig-0001912_End,1000,0,0,TTAGGG
contig-0001913_End,1000,0,0,TTAGGG
contig-0001914_End,1000,1,0,TTAGGG
contig-0001915_End,1000,1,0,TTAGGG
contig-0001916_End,1000,0,0,TTAGGG
contig-0001917_End,1000,0,0,TTAGGG
contig-0001918_End,1000,0,0,TTAGGG
contig-0001919_End,1000,2,0,TTAGGG
contig-0001920_End,1000,1,0,TTAGGG
contig-0001921_End,1000,0,0,TTAGGG
contig-0001922_End,1000,0,0,TTAGGG
contig-0001923_End,1000,0,0,TTAGGG
contig-0001924_End,1000,1,1,TTAGGG
contig-0001925_End,1000,0,0,TTAGGG
contig-0001926_End,1000,0,0,TTAGGG
contig-0001927_End,1000,0,0,TTAGGG
contig-0001928_End,1000,0,0,TTAGGG
contig-0001929_End,1000,0,0,TTAGGG
contig-0001930_End,1000,0,0,TTAGGG
contig-0001931_End,1000,0,0,TTAGGG
contig-0001932_End,1000,0,0,TTAGGG
contig-0001933_End,1000,0,0,TTAGGG
contig-0001934_End,1000,0,0,TTAGGG
contig-0001935_End,1000,0,0,TTAGGG
contig-0001936_End,1000,0,1,TTAGGG
contig-0001937_End,1000,0,0,TTAGGG
contig-0001938_End,1000,0,0,TTAGGG
contig-0001939_End,1000,0,0,TTAGGG
contig-0001940_End,1000,0,0,TTAGGG
contig-0001941_End,1000,0,0,TTAGGG
contig-0001942_End,1000,1,0,TTAGGG
contig-0001943_End,1000,0,0,TTAGGG
contig-0001944_End,1000,0,0,TTAGGG
contig-0001945_End,1000,0,1,TTAGGG
contig-0001946_End,1000,0,0,TTAGGG
contig-0001947_End,1000,0,1,TTAGGG
contig-0001948_End,1000,0,1,TTAGGG
contig-0001949_End,1000,0,0,TTAGGG
contig-0001950_End,1000,0,0,TTAGGG
contig-0001951_End,1000,0,0,TTAGGG
contig-0001952_End,1000,1,0,TTAGGG
contig-0001953_End,1000,0,0,TTAGGG
contig-0001954_End,1000,1,0,TTAGGG
contig-0001955_End,1000,0,0,TTAGGG
contig-0001956_End,1000,0,1,TTAGGG
contig-0001957_End,1000,0,0,TTAGGG
contig-0001958_End,1000,0,0,TTAGGG
contig-0001959_End,1000,1,0,TTAGGG
contig-0001960_End,1000,0,0,TTAGGG
contig-0001961_End,1000,0,0,TTAGGG
contig-0001962_End,1000,0,1,TTAGGG
contig-0001963_End,1000,0,0,TTAGGG
contig-0001964_End,1000,0,0,TTAGGG
contig-0001965_End,1000,0,0,TTAGGG
contig-0001966_End,1000,0,0,TTAGGG
contig-0001967_End,1000,2,0,TTAGGG
contig-0001968_End,1000,0,0,TTAGGG
contig-0001969_End,1000,0,0,TTAGGG
contig-0001970_End,1000,0,1,TTAGGG
contig-0001971_End,1000,1,0,TTAGGG
contig-0001972_End,1000,162,0,TTAGGG
contig-0001973_End,1000,0,0,TTAGGG
contig-0001974_End,1000,0,0,TTAGGG
contig-0001975_End,1000,0,0,TTAGGG
contig-0001976_End,1000,0,0,TTAGGG
contig-0001977_End,1000,0,0,TTAGGG
contig-0001978_End,1000,0,0,TTAGGG
contig-0001979_End,1000,0,0,TTAGGG
contig-0001980_End,1000,0,0,TTAGGG
contig-0001981_End,1000,0,0,TTAGGG
contig-0001982_End,1000,0,0,TTAGGG
contig-0001983_End,1000,0,0,TTAGGG
contig-0001984_End,1000,0,0,TTAGGG
contig-0001985_End,1000,0,0,TTAGGG
contig-0001986_End,1000,0,0,TTAGGG
contig-0001987_End,1000,0,0,TTAGGG
contig-0001988_End,1000,0,0,TTAGGG
contig-0001989_End,1000,1,1,TTAGGG
contig-0001990_End,1000,1,0,TTAGGG
contig-0001991_End,1000,0,0,TTAGGG
contig-0001992_End,1000,0,0,TTAGGG
contig-0001993_End,1000,0,0,TTAGGG
contig-0001994_End,1000,0,0,TTAGGG
contig-0001995_End,1000,0,0,TTAGGG
contig-0001996_End,1000,0,1,TTAGGG
contig-0001997_End,1000,0,0,TTAGGG
contig-0001998_End,1000,0,0,TTAGGG
contig-0001999_End,1000,0,0,TTAGGG
contig-0002000_End,1000,0,0,TTAGGG
contig-0002001_End,1000,0,1,TTAGGG
contig-0002002_End,1000,0,0,TTAGGG
contig-0002003_End,1000,0,0,TTAGGG
contig-0002004_End,1000,0,1,TTAGGG
contig-0002005_End,1000,0,0,TTAGGG
contig-0002006_End,1000,0,0,TTAGGG
contig-0002007_End,1000,0,0,TTAGGG
contig-0002008_End,1000,0,0,TTAGGG
contig-0002009_End,1000,0,0,TTAGGG
contig-0002010_End,1000,0,0,TTAGGG
contig-0002011_End,1000,0,0,TTAGGG
contig-0002012_End,1000,0,0,TTAGGG
contig-0002013_End,1000,0,0,TTAGGG
contig-0002014_End,1000,0,0,TTAGGG
contig-0002015_End,1000,0,1,TTAGGG
contig-0002016_End,1000,1,0,TTAGGG
contig-0002017_End,1000,0,0,TTAGGG
contig-0002018_End,1000,1,0,TTAGGG
contig-0002019_End,1000,0,0,TTAGGG
contig-0002020_End,1000,0,0,TTAGGG
contig-0002021_End,1000,0,0,TTAGGG
contig-0002022_End,1000,0,0,TTAGGG
contig-0002023_End,1000,0,0,TTAGGG
contig-0002024_End,1000,0,0,TTAGGG
contig-0002025_End,1000,0,0,TTAGGG
contig-0002026_End,1000,0,0,TTAGGG
contig-0002027_End,1000,0,0,TTAGGG
contig-0002028_End,1000,0,0,TTAGGG
contig-0002029_End,1000,0,1,TTAGGG
contig-0002030_End,1000,0,0,TTAGGG
contig-0002031_End,1000,0,0,TTAGGG
contig-0002032_End,1000,0,0,TTAGGG
contig-0002033_End,1000,0,0,TTAGGG
contig-0002034_End,1000,0,0,TTAGGG
contig-0002036_End,1000,0,0,TTAGGG
contig-0002037_End,1000,0,0,TTAGGG
contig-0002038_End,1000,0,0,TTAGGG
contig-0002039_End,1000,0,1,TTAGGG
contig-0002040_End,1000,1,0,TTAGGG
contig-0002041_End,1000,0,1,TTAGGG
contig-0002042_End,1000,0,1,TTAGGG
contig-0002043_End,1000,1,0,TTAGGG
contig-0002044_End,1000,0,0,TTAGGG
contig-0002045_End,1000,0,0,TTAGGG
contig-0002046_End,1000,0,1,TTAGGG
contig-0002047_End,1000,0,0,TTAGGG
contig-0002048_End,1000,0,0,TTAGGG
contig-0002049_End,1000,1,0,TTAGGG
contig-0002050_End,1000,0,0,TTAGGG
contig-0002051_End,1000,1,0,TTAGGG
contig-0002052_End,1000,1,0,TTAGGG
contig-0002053_End,1000,1,0,TTAGGG
contig-0002054_End,1000,0,0,TTAGGG
contig-0002055_End,1000,0,0,TTAGGG
contig-0002056_End,1000,0,0,TTAGGG
contig-0002057_End,1000,0,0,TTAGGG
contig-0002058_End,1000,0,0,TTAGGG
contig-0002059_End,1000,0,1,TTAGGG
contig-0002060_End,1000,0,0,TTAGGG
contig-0002061_End,1000,1,1,TTAGGG
contig-0002062_End,1000,164,0,TTAGGG
contig-0002063_End,1000,0,0,TTAGGG
contig-0002064_End,1000,0,0,TTAGGG
contig-0002065_End,1000,0,0,TTAGGG
contig-0002066_End,1000,0,0,TTAGGG
contig-0002067_End,1000,0,0,TTAGGG
contig-0002068_End,1000,1,1,TTAGGG
contig-0002069_End,1000,0,0,TTAGGG
contig-0002070_End,1000,0,0,TTAGGG
contig-0002071_End,1000,0,0,TTAGGG
contig-0002072_End,1000,0,0,TTAGGG
contig-0002073_End,1000,0,0,TTAGGG
contig-0002074_End,1000,0,1,TTAGGG
contig-0002075_End,1000,2,0,TTAGGG
contig-0002076_End,1000,0,0,TTAGGG
contig-0002077_End,1000,1,0,TTAGGG
contig-0002078_End,1000,0,0,TTAGGG
contig-0002079_End,1000,0,1,TTAGGG
contig-0002080_End,1000,1,0,TTAGGG
contig-0002081_End,1000,164,0,TTAGGG
contig-0002082_End,1000,1,0,TTAGGG
contig-0002083_End,1000,0,0,TTAGGG
contig-0002084_End,1000,0,0,TTAGGG
contig-0002085_End,1000,0,2,TTAGGG
contig-0002086_End,1000,1,0,TTAGGG
contig-0002087_End,1000,0,0,TTAGGG
contig-0002088_End,1000,0,0,TTAGGG
contig-0002089_End,1000,1,0,TTAGGG
contig-0002090_End,1000,0,0,TTAGGG
contig-0002091_End,1000,0,0,TTAGGG
contig-0002092_End,1000,0,0,TTAGGG
contig-0002093_End,1000,0,0,TTAGGG
contig-0002094_End,1000,0,0,TTAGGG
contig-0002095_End,1000,0,0,TTAGGG
contig-0002096_End,1000,0,0,TTAGGG
contig-0002097_End,1000,1,0,TTAGGG
contig-0002098_End,1000,0,0,TTAGGG
contig-0002099_End,1000,0,0,TTAGGG
contig-0002100_End,1000,0,0,TTAGGG
contig-0002101_End,1000,0,0,TTAGGG
contig-0002102_End,1000,1,0,TTAGGG
contig-0002103_End,1000,0,0,TTAGGG
contig-0002104_End,1000,0,0,TTAGGG
contig-0002105_End,1000,0,0,TTAGGG
contig-0002106_End,1000,0,0,TTAGGG
contig-0002107_End,1000,0,0,TTAGGG
contig-0002108_End,1000,0,0,TTAGGG
contig-0002109_End,1000,0,0,TTAGGG
contig-0002110_End,1000,0,1,TTAGGG
contig-0002111_End,1000,0,0,TTAGGG
contig-0002112_End,1000,0,1,TTAGGG
contig-0002113_End,1000,0,1,TTAGGG
contig-0002114_End,1000,0,0,TTAGGG
contig-0002115_End,1000,0,0,TTAGGG
contig-0002116_End,1000,0,0,TTAGGG
contig-0002117_End,1000,0,0,TTAGGG
contig-0002118_End,1000,0,0,TTAGGG
contig-0002119_End,1000,0,0,TTAGGG
contig-0002120_End,1000,0,0,TTAGGG
contig-0002121_End,1000,0,1,TTAGGG
contig-0002122_End,1000,0,0,TTAGGG
contig-0002123_End,1000,0,0,TTAGGG
contig-0002124_End,1000,0,0,TTAGGG
contig-0002125_End,1000,1,1,TTAGGG
contig-0002126_End,1000,1,0,TTAGGG
contig-0002127_End,1000,0,0,TTAGGG
contig-0002128_End,1000,0,1,TTAGGG
contig-0002129_End,1000,0,0,TTAGGG
contig-0002130_End,1000,0,0,TTAGGG
contig-0002131_End,1000,0,0,TTAGGG
contig-0002132_End,1000,1,0,TTAGGG
contig-0002133_End,1000,0,0,TTAGGG
contig-0002134_End,1000,0,0,TTAGGG
contig-0002135_End,1000,1,1,TTAGGG
contig-0002136_End,1000,0,0,TTAGGG
contig-0002137_End,1000,2,0,TTAGGG
contig-0002138_End,1000,0,0,TTAGGG
contig-0002139_End,1000,0,0,TTAGGG
contig-0002140_End,1000,0,1,TTAGGG
contig-0002141_End,1000,144,0,TTAGGG
contig-0002142_End,1000,0,0,TTAGGG
contig-0002143_End,1000,0,0,TTAGGG
contig-0002144_End,1000,1,0,TTAGGG
contig-0002145_End,1000,0,1,TTAGGG
contig-0002146_End,1000,0,0,TTAGGG
contig-0002147_End,1000,0,0,TTAGGG
contig-0002148_End,1000,0,0,TTAGGG
contig-0002149_End,1000,1,0,TTAGGG
contig-0002150_End,1000,0,0,TTAGGG
contig-0002151_End,1000,1,0,TTAGGG
contig-0002152_End,1000,0,1,TTAGGG
contig-0002153_End,1000,0,0,TTAGGG
contig-0002154_End,1000,0,1,TTAGGG
contig-0002155_End,1000,0,0,TTAGGG
contig-0002156_End,1000,0,0,TTAGGG
contig-0002157_End,1000,0,0,TTAGGG
contig-0002158_End,1000,165,0,TTAGGG
contig-0002159_End,1000,0,0,TTAGGG
contig-0002160_End,1000,0,0,TTAGGG
contig-0002161_End,1000,0,0,TTAGGG
contig-0002162_End,1000,1,0,TTAGGG
contig-0002163_End,1000,0,0,TTAGGG
contig-0002164_End,1000,1,1,TTAGGG
contig-0002165_End,1000,0,0,TTAGGG
contig-0002166_End,1000,0,0,TTAGGG
contig-0002167_End,1000,0,0,TTAGGG
contig-0002168_End,1000,0,0,TTAGGG
contig-0002169_End,1000,1,0,TTAGGG
contig-0002170_End,1000,0,0,TTAGGG
contig-0002171_End,1000,1,0,TTAGGG
contig-0002172_End,1000,0,0,TTAGGG
contig-0002173_End,1000,0,0,TTAGGG
contig-0002174_End,1000,0,1,TTAGGG
contig-0002175_End,1000,0,0,TTAGGG
contig-0002176_End,1000,0,0,TTAGGG
contig-0002177_End,1000,1,0,TTAGGG
contig-0002178_End,1000,0,0,TTAGGG
contig-0002179_End,1000,0,0,TTAGGG
contig-0002180_End,1000,0,0,TTAGGG
contig-0002181_End,1000,0,0,TTAGGG
contig-0002182_End,1000,0,0,TTAGGG
contig-0002183_End,1000,0,0,TTAGGG
contig-0002184_End,1000,0,0,TTAGGG
contig-0002185_End,1000,0,0,TTAGGG
contig-0002186_End,1000,0,0,TTAGGG
contig-0002187_End,1000,0,0,TTAGGG
contig-0002188_End,1000,0,0,TTAGGG
contig-0002189_End,1000,0,2,TTAGGG
contig-0002190_End,1000,1,0,TTAGGG
contig-0002191_End,1000,0,0,TTAGGG
contig-0002192_End,1000,0,0,TTAGGG
contig-0002193_End,1000,0,0,TTAGGG
contig-0002195_End,1000,0,0,TTAGGG
contig-0002196_End,1000,2,0,TTAGGG
contig-0002197_End,1000,0,0,TTAGGG
contig-0002198_End,1000,0,0,TTAGGG
contig-0002199_End,1000,0,0,TTAGGG
contig-0002200_End,1000,0,0,TTAGGG
contig-0002201_End,1000,0,1,TTAGGG
contig-0002202_End,1000,0,0,TTAGGG
contig-0002203_End,1000,0,0,TTAGGG
contig-0002204_End,1000,0,0,TTAGGG
contig-0002208_End,1000,0,0,TTAGGG
contig-0002209_End,1000,0,0,TTAGGG
contig-0002210_End,1000,0,0,TTAGGG
contig-0002211_End,1000,0,0,TTAGGG
contig-0002212_End,1000,1,0,TTAGGG
contig-0002213_End,1000,0,1,TTAGGG
contig-0002215_End,1000,0,0,TTAGGG
contig-0002216_End,1000,0,0,TTAGGG
contig-0002219_End,1000,0,0,TTAGGG
contig-0002220_End,1000,1,0,TTAGGG
contig-0002221_End,1000,0,0,TTAGGG
contig-0002222_End,1000,0,0,TTAGGG
contig-0002223_End,1000,0,0,TTAGGG
contig-0002224_End,1000,0,0,TTAGGG
contig-0002225_End,1000,0,0,TTAGGG
contig-0002226_End,1000,0,0,TTAGGG
contig-0002227_End,1000,0,0,TTAGGG
contig-0002228_End,1000,0,0,TTAGGG
contig-0002229_End,1000,0,1,TTAGGG
contig-0002230_End,1000,0,0,TTAGGG
contig-0002231_End,1000,0,0,TTAGGG
contig-0002232_End,1000,0,0,TTAGGG
contig-0002234_End,1000,0,0,TTAGGG
contig-0002235_End,1000,0,0,TTAGGG
contig-0002236_End,1000,0,0,TTAGGG
contig-0002237_End,1000,161,0,TTAGGG
contig-0002238_End,1000,0,0,TTAGGG
contig-0002239_End,1000,0,0,TTAGGG
contig-0002240_End,1000,0,0,TTAGGG
contig-0002242_End,1000,1,0,TTAGGG
contig-0002243_End,1000,0,0,TTAGGG
contig-0002244_End,1000,0,0,TTAGGG
contig-0002245_End,1000,0,0,TTAGGG
contig-0002247_End,1000,0,0,TTAGGG
contig-0002248_End,1000,0,0,TTAGGG
contig-0002249_End,1000,0,0,TTAGGG
contig-0002251_End,1000,0,0,TTAGGG
contig-0002252_End,1000,0,0,TTAGGG
contig-0002253_End,1000,0,0,TTAGGG
contig-0002254_End,1000,2,0,TTAGGG
contig-0002255_End,1000,0,0,TTAGGG
contig-0002256_End,1000,0,1,TTAGGG
contig-0002257_End,1000,0,1,TTAGGG
contig-0002258_End,1000,0,0,TTAGGG
contig-0002259_End,1000,0,0,TTAGGG
contig-0002260_End,1000,0,0,TTAGGG
contig-0002261_End,1000,1,1,TTAGGG
contig-0002262_End,1000,0,0,TTAGGG
contig-0002263_End,1000,0,0,TTAGGG
contig-0002264_End,1000,0,0,TTAGGG
contig-0002265_End,1000,0,0,TTAGGG
contig-0002266_End,1000,0,0,TTAGGG
contig-0002267_End,1000,0,0,TTAGGG
contig-0002268_End,1000,0,0,TTAGGG
contig-0002269_End,1000,0,0,TTAGGG
contig-0002270_End,1000,0,0,TTAGGG
contig-0002271_End,1000,0,0,TTAGGG
contig-0002272_End,1000,0,0,TTAGGG
contig-0002273_End,1000,0,0,TTAGGG
contig-0002274_End,1000,0,1,TTAGGG
contig-0002275_End,1000,0,0,TTAGGG
contig-0002276_End,1000,0,0,TTAGGG
contig-0002277_End,1000,0,0,TTAGGG
contig-0002278_End,1000,1,0,TTAGGG
contig-0002279_End,1000,0,0,TTAGGG
contig-0002280_End,1000,0,0,TTAGGG
contig-0002281_End,1000,0,0,TTAGGG
contig-0002282_End,1000,0,0,TTAGGG
contig-0002283_End,1000,0,0,TTAGGG
contig-0002284_End,1000,0,0,TTAGGG
contig-0002285_End,1000,0,0,TTAGGG
contig-0002286_End,1000,0,0,TTAGGG
contig-0002287_End,1000,0,0,TTAGGG
contig-0002288_End,1000,0,0,TTAGGG
contig-0002289_End,1000,0,0,TTAGGG
contig-0002290_End,1000,1,0,TTAGGG
contig-0002291_End,1000,0,1,TTAGGG
contig-0002292_End,1000,0,0,TTAGGG
contig-0002293_End,1000,0,0,TTAGGG
contig-0002294_End,1000,0,0,TTAGGG
contig-0002295_End,1000,1,0,TTAGGG
contig-0002296_End,1000,0,0,TTAGGG
contig-0002297_End,1000,0,0,TTAGGG
contig-0002298_End,1000,0,0,TTAGGG
contig-0002299_End,1000,0,0,TTAGGG
contig-0002300_End,1000,0,0,TTAGGG
contig-0002301_End,1000,0,0,TTAGGG
contig-0002302_End,1000,0,0,TTAGGG
contig-0002303_End,1000,0,0,TTAGGG
contig-0002304_End,1000,0,0,TTAGGG
contig-0002305_End,1000,0,0,TTAGGG
contig-0002306_End,1000,0,0,TTAGGG
contig-0002307_End,1000,0,0,TTAGGG
contig-0002308_End,1000,0,0,TTAGGG
contig-0002309_End,1000,1,0,TTAGGG
contig-0002310_End,1000,1,1,TTAGGG
contig-0002311_End,1000,1,0,TTAGGG
contig-0002312_End,1000,0,0,TTAGGG
contig-0002313_End,1000,0,0,TTAGGG
contig-0002314_End,1000,0,0,TTAGGG
contig-0002315_End,1000,164,0,TTAGGG
contig-0002316_End,1000,0,0,TTAGGG
contig-0002317_End,1000,0,0,TTAGGG
contig-0002318_End,1000,0,0,TTAGGG
contig-0002319_End,1000,0,0,TTAGGG
contig-0002320_End,1000,1,1,TTAGGG
contig-0002321_End,1000,0,0,TTAGGG
contig-0002322_End,1000,0,0,TTAGGG
contig-0002323_End,1000,0,0,TTAGGG
contig-0002324_End,1000,0,0,TTAGGG
contig-0002325_End,1000,0,0,TTAGGG
contig-0002326_End,1000,0,0,TTAGGG
contig-0002327_End,1000,0,0,TTAGGG
contig-0002328_End,1000,0,0,TTAGGG
contig-0002329_End,1000,0,0,TTAGGG
contig-0002330_End,1000,0,0,TTAGGG
contig-0002331_End,1000,1,0,TTAGGG
contig-0002332_End,1000,0,2,TTAGGG
contig-0002333_End,1000,0,0,TTAGGG
contig-0002334_End,1000,0,0,TTAGGG
contig-0002335_End,1000,0,0,TTAGGG
contig-0002336_End,1000,2,0,TTAGGG
contig-0002337_End,1000,0,0,TTAGGG
contig-0002338_End,1000,0,0,TTAGGG
contig-0002339_End,1000,0,0,TTAGGG
contig-0002340_End,1000,0,0,TTAGGG
contig-0002341_End,1000,0,2,TTAGGG
contig-0002342_End,1000,0,1,TTAGGG
contig-0002343_End,1000,1,0,TTAGGG
contig-0002344_End,1000,0,0,TTAGGG
contig-0002345_End,1000,0,0,TTAGGG
contig-0002346_End,1000,165,0,TTAGGG
contig-0002347_End,1000,0,0,TTAGGG
contig-0002348_End,1000,0,0,TTAGGG
contig-0002349_End,1000,0,0,TTAGGG
contig-0002350_End,1000,0,1,TTAGGG
contig-0002351_End,1000,0,0,TTAGGG
contig-0002352_End,1000,0,0,TTAGGG
contig-0002353_End,1000,163,0,TTAGGG
contig-0002354_End,1000,164,0,TTAGGG
contig-0002355_End,1000,0,1,TTAGGG
contig-0002356_End,1000,0,0,TTAGGG
contig-0002357_End,1000,0,0,TTAGGG
contig-0002358_End,1000,141,0,TTAGGG
contig-0002359_End,1000,0,0,TTAGGG
contig-0002360_End,1000,0,0,TTAGGG
contig-0002361_End,1000,0,0,TTAGGG
contig-0002362_End,1000,0,0,TTAGGG
contig-0002363_End,1000,0,0,TTAGGG
contig-0002364_End,1000,0,2,TTAGGG
contig-0002365_End,1000,0,0,TTAGGG
contig-0002366_End,1000,1,0,TTAGGG
contig-0002367_End,1000,0,0,TTAGGG
contig-0002368_End,1000,0,0,TTAGGG
contig-0002369_End,1000,0,0,TTAGGG
contig-0002370_End,1000,0,0,TTAGGG
contig-0002371_End,1000,0,0,TTAGGG
contig-0002373_End,1000,0,0,TTAGGG
contig-0002374_End,1000,0,0,TTAGGG
contig-0002375_End,1000,0,0,TTAGGG
contig-0002376_End,1000,0,0,TTAGGG
contig-0002377_End,1000,0,0,TTAGGG
contig-0002378_End,1000,0,0,TTAGGG
contig-0002379_End,1000,0,0,TTAGGG
contig-0002380_End,1000,0,0,TTAGGG
contig-0002381_End,1000,0,0,TTAGGG
contig-0002382_End,1000,0,0,TTAGGG
contig-0002383_End,1000,0,0,TTAGGG
contig-0002384_End,1000,0,0,TTAGGG
contig-0002385_End,1000,0,0,TTAGGG
contig-0002386_End,1000,0,0,TTAGGG
contig-0002387_End,1000,0,0,TTAGGG
contig-0002388_End,1000,0,0,TTAGGG
contig-0002389_End,1000,0,0,TTAGGG
contig-0002390_End,1000,0,0,TTAGGG
contig-0002391_End,1000,0,0,TTAGGG
contig-0002392_End,1000,0,0,TTAGGG
contig-0002393_End,1000,0,0,TTAGGG
contig-0002394_End,1000,0,0,TTAGGG
contig-0002395_End,1000,0,0,TTAGGG
contig-0002396_End,1000,0,0,TTAGGG
contig-0002397_End,1000,0,0,TTAGGG
contig-0002398_End,1000,0,0,TTAGGG
contig-0002399_End,1000,0,0,TTAGGG
contig-0002400_End,1000,0,0,TTAGGG
contig-0002401_End,1000,0,0,TTAGGG
contig-0002402_End,1000,0,0,TTAGGG
contig-0002403_End,1000,0,0,TTAGGG
contig-0002404_End,1000,0,0,TTAGGG
contig-0002405_End,1000,0,0,TTAGGG
contig-0002406_End,1000,0,0,TTAGGG
contig-0002407_End,1000,0,0,TTAGGG
contig-0002408_End,1000,162,0,TTAGGG
contig-0002409_End,1000,0,0,TTAGGG
contig-0002410_End,1000,0,0,TTAGGG
contig-0002411_End,1000,1,1,TTAGGG
contig-0002412_End,1000,0,0,TTAGGG
contig-0002413_End,1000,0,0,TTAGGG
contig-0002414_End,1000,0,0,TTAGGG
contig-0002415_End,1000,0,0,TTAGGG
contig-0002416_End,1000,0,0,TTAGGG
contig-0002417_End,1000,0,0,TTAGGG
contig-0002418_End,1000,0,0,TTAGGG
contig-0002419_End,1000,0,0,TTAGGG
contig-0002420_End,1000,0,0,TTAGGG
contig-0002421_End,1000,0,0,TTAGGG
contig-0002422_End,1000,0,0,TTAGGG
contig-0002423_End,1000,0,0,TTAGGG
contig-0002424_End,1000,0,1,TTAGGG
contig-0002425_End,1000,0,0,TTAGGG
contig-0002426_End,1000,0,0,TTAGGG
contig-0002427_End,1000,0,0,TTAGGG
contig-0002428_End,1000,0,0,TTAGGG
contig-0002429_End,1000,0,0,TTAGGG
contig-0002430_End,1000,0,0,TTAGGG
contig-0002431_End,1000,0,0,TTAGGG
contig-0002432_End,1000,0,0,TTAGGG
contig-0002433_End,1000,0,0,TTAGGG
contig-0002434_End,1000,0,1,TTAGGG
contig-0002435_End,1000,0,0,TTAGGG
contig-0002436_End,1000,0,0,TTAGGG
contig-0002437_End,1000,0,0,TTAGGG
contig-0002438_End,1000,0,0,TTAGGG
contig-0002439_End,1000,0,0,TTAGGG
contig-0002440_End,1000,0,0,TTAGGG
contig-0002441_End,1000,165,0,TTAGGG
contig-0002442_End,1000,0,0,TTAGGG
contig-0002443_End,1000,0,0,TTAGGG
contig-0002444_End,1000,0,0,TTAGGG
contig-0002445_End,1000,0,0,TTAGGG
contig-0002446_End,1000,0,0,TTAGGG
contig-0002447_End,1000,0,0,TTAGGG
contig-0002448_End,1000,0,0,TTAGGG
contig-0002449_End,1000,0,1,TTAGGG
contig-0002451_End,1000,0,0,TTAGGG
contig-0002452_End,1000,0,0,TTAGGG
contig-0002453_End,1000,0,0,TTAGGG
contig-0002454_End,1000,0,0,TTAGGG
contig-0002455_End,1000,0,0,TTAGGG
contig-0002457_End,1000,0,0,TTAGGG
contig-0002458_End,1000,0,0,TTAGGG
contig-0002459_End,1000,1,0,TTAGGG
contig-0002460_End,1000,0,0,TTAGGG
contig-0002461_End,1000,0,0,TTAGGG
contig-0002462_End,1000,164,0,TTAGGG
contig-0002463_End,1000,0,0,TTAGGG
contig-0002464_End,1000,0,0,TTAGGG
contig-0002465_End,1000,0,0,TTAGGG
contig-0002466_End,1000,0,0,TTAGGG
contig-0002467_End,1000,0,1,TTAGGG
contig-0002468_End,1000,0,0,TTAGGG
contig-0002469_End,1000,0,0,TTAGGG
contig-0002470_End,1000,0,0,TTAGGG
contig-0002471_End,1000,0,0,TTAGGG
contig-0002472_End,1000,0,0,TTAGGG
contig-0002473_End,1000,0,0,TTAGGG
contig-0002475_End,1000,0,0,TTAGGG
contig-0002476_End,1000,0,0,TTAGGG
contig-0002477_End,1000,1,0,TTAGGG
contig-0002478_End,1000,0,0,TTAGGG
contig-0002479_End,1000,0,0,TTAGGG
contig-0002480_End,1000,1,0,TTAGGG
contig-0002481_End,1000,0,1,TTAGGG
contig-0002482_End,1000,0,0,TTAGGG
contig-0002484_End,1000,0,0,TTAGGG
contig-0002485_End,1000,0,0,TTAGGG
contig-0002486_End,1000,2,0,TTAGGG
contig-0002487_End,1000,0,0,TTAGGG
contig-0002488_End,1000,0,0,TTAGGG
contig-0002489_End,1000,163,0,TTAGGG
contig-0002490_End,1000,164,0,TTAGGG
contig-0002493_End,1000,0,0,TTAGGG
contig-0002496_End,1000,0,0,TTAGGG
contig-0002497_End,1000,0,0,TTAGGG
contig-0002498_End,1000,0,0,TTAGGG
contig-0002499_End,1000,0,1,TTAGGG
contig-0002500_End,1000,0,0,TTAGGG
contig-0002501_End,1000,0,0,TTAGGG
contig-0002504_End,1000,0,0,TTAGGG
contig-0002506_End,1000,1,0,TTAGGG
contig-0002507_End,1000,0,0,TTAGGG
contig-0002510_End,1000,161,0,TTAGGG
contig-0002512_End,1000,0,0,TTAGGG
contig-0002513_End,1000,0,0,TTAGGG
contig-0002514_End,1000,0,0,TTAGGG
contig-0002515_End,1000,0,0,TTAGGG
contig-0002516_End,1000,0,0,TTAGGG
contig-0002517_End,1000,0,0,TTAGGG
contig-0002518_End,1000,0,0,TTAGGG
contig-0002519_End,1000,0,0,TTAGGG
contig-0002520_End,1000,0,0,TTAGGG
contig-0002521_End,1000,0,0,TTAGGG
contig-0002522_End,1000,0,0,TTAGGG
contig-0002523_End,1000,0,0,TTAGGG
contig-0002524_End,1000,0,0,TTAGGG
contig-0002525_End,1000,0,0,TTAGGG
contig-0002526_End,1000,0,0,TTAGGG
contig-0002527_End,1000,164,0,TTAGGG
contig-0002528_End,1000,0,1,TTAGGG
contig-0002532_End,1000,0,0,TTAGGG
contig-0002534_End,1000,0,0,TTAGGG
contig-0002535_End,1000,0,0,TTAGGG
contig-0002536_End,1000,0,0,TTAGGG
contig-0002537_End,1000,1,0,TTAGGG
contig-0002538_End,1000,0,0,TTAGGG
contig-0002539_End,1000,1,0,TTAGGG
contig-0002540_End,1000,0,1,TTAGGG
contig-0002541_End,1000,0,0,TTAGGG
contig-0002542_End,1000,0,0,TTAGGG
contig-0002543_End,1000,0,0,TTAGGG
contig-0002544_End,1000,0,2,TTAGGG
contig-0002545_End,1000,0,0,TTAGGG
contig-0002546_End,1000,0,0,TTAGGG
contig-0002547_End,1000,0,0,TTAGGG
contig-0002548_End,1000,0,0,TTAGGG
contig-0002549_End,1000,0,0,TTAGGG
contig-0002551_End,1000,0,0,TTAGGG
contig-0002552_End,1000,0,0,TTAGGG
contig-0002553_End,1000,0,0,TTAGGG
contig-0002554_End,1000,0,0,TTAGGG
contig-0002555_End,1000,0,0,TTAGGG
contig-0002558_End,1000,0,0,TTAGGG
contig-0002559_End,1000,0,0,TTAGGG
contig-0002560_End,1000,0,0,TTAGGG
contig-0002561_End,1000,0,0,TTAGGG
contig-0002562_End,1000,1,0,TTAGGG
contig-0002563_End,1000,0,0,TTAGGG
contig-0002564_End,1000,0,0,TTAGGG
contig-0002567_End,1000,0,0,TTAGGG
contig-0002568_End,1000,0,0,TTAGGG
contig-0002569_End,1000,0,0,TTAGGG
contig-0002570_End,1000,0,0,TTAGGG
contig-0002571_End,1000,0,0,TTAGGG
contig-0002572_End,1000,0,2,TTAGGG
contig-0002573_End,1000,0,2,TTAGGG
contig-0002574_End,1000,0,2,TTAGGG
contig-0002575_End,1000,0,0,TTAGGG
contig-0002576_End,1000,0,0,TTAGGG
contig-0002577_End,1000,0,0,TTAGGG
contig-0002578_End,1000,2,0,TTAGGG
contig-0002579_End,1000,0,0,TTAGGG
contig-0002580_End,1000,0,0,TTAGGG
contig-0002581_End,1000,0,0,TTAGGG
contig-0002582_End,1000,2,0,TTAGGG
contig-0002583_End,1000,2,0,TTAGGG
contig-0002584_End,1000,0,0,TTAGGG
contig-0002585_End,1000,0,0,TTAGGG
contig-0002586_End,1000,0,0,TTAGGG
contig-0002587_End,1000,0,0,TTAGGG
contig-0002588_End,1000,0,0,TTAGGG
contig-0002589_End,1000,0,0,TTAGGG
contig-0002590_End,1000,0,0,TTAGGG
contig-0002591_End,1000,0,0,TTAGGG
contig-0002592_End,1000,0,0,TTAGGG
contig-0002593_End,1000,0,0,TTAGGG
contig-0002594_End,1000,0,0,TTAGGG
contig-0002595_End,1000,0,0,TTAGGG
contig-0002596_End,1000,0,0,TTAGGG
contig-0002597_End,1000,0,0,TTAGGG
contig-0002598_End,1000,0,0,TTAGGG
contig-0002599_End,1000,1,0,TTAGGG
contig-0002600_End,1000,1,0,TTAGGG
contig-0002601_End,1000,1,0,TTAGGG
contig-0002602_End,1000,0,0,TTAGGG
contig-0002603_End,1000,0,1,TTAGGG
contig-0002604_End,1000,0,0,TTAGGG
contig-0002605_End,1000,0,0,TTAGGG
contig-0002606_End,1000,0,0,TTAGGG
contig-0002607_End,1000,0,0,TTAGGG
contig-0002608_End,1000,0,0,TTAGGG
contig-0002609_End,1000,0,0,TTAGGG
contig-0002610_End,1000,0,0,TTAGGG
contig-0002611_End,1000,0,0,TTAGGG
contig-0002612_End,1000,0,2,TTAGGG
contig-0002613_End,1000,0,1,TTAGGG
contig-0002615_End,1000,0,1,TTAGGG
contig-0002616_End,1000,0,0,TTAGGG
contig-0002617_End,1000,1,0,TTAGGG
contig-0002618_End,1000,0,0,TTAGGG
contig-0002619_End,1000,0,0,TTAGGG
contig-0002620_End,1000,0,0,TTAGGG
contig-0002621_End,1000,1,0,TTAGGG
contig-0002622_End,1000,0,0,TTAGGG
contig-0002623_End,1000,1,0,TTAGGG
contig-0002624_End,1000,0,0,TTAGGG
contig-0002625_End,1000,0,0,TTAGGG
contig-0002626_End,1000,0,0,TTAGGG
contig-0002627_End,1000,0,0,TTAGGG
contig-0002630_End,1000,0,0,TTAGGG
contig-0002631_End,1000,0,0,TTAGGG
contig-0002632_End,1000,0,0,TTAGGG
contig-0002633_End,1000,0,0,TTAGGG
contig-0002634_End,1000,0,0,TTAGGG
contig-0002635_End,1000,1,0,TTAGGG
contig-0002636_End,1000,0,0,TTAGGG
contig-0002637_End,1000,0,0,TTAGGG
contig-0002638_End,1000,0,0,TTAGGG
contig-0002639_End,1000,1,1,TTAGGG
contig-0002640_End,1000,0,0,TTAGGG
contig-0002641_End,1000,0,0,TTAGGG
contig-0002642_End,1000,0,0,TTAGGG
contig-0002643_End,1000,0,0,TTAGGG
contig-0002644_End,1000,0,0,TTAGGG
contig-0002645_End,1000,0,0,TTAGGG
contig-0002646_End,1000,0,0,TTAGGG
contig-0002647_End,1000,1,0,TTAGGG
contig-0002649_End,1000,0,0,TTAGGG
contig-0002650_End,1000,0,0,TTAGGG
contig-0002651_End,1000,0,0,TTAGGG
contig-0002652_End,1000,0,0,TTAGGG
contig-0002653_End,1000,0,0,TTAGGG
contig-0002654_End,1000,0,0,TTAGGG
contig-0002655_End,1000,0,0,TTAGGG
contig-0002656_End,1000,0,0,TTAGGG
contig-0002657_End,1000,0,0,TTAGGG
contig-0002658_End,1000,0,0,TTAGGG
contig-0002659_End,1000,0,0,TTAGGG
contig-0002660_End,1000,0,0,TTAGGG
contig-0002661_End,1000,1,1,TTAGGG
contig-0002662_End,1000,0,0,TTAGGG
contig-0002663_End,1000,1,0,TTAGGG
contig-0002664_End,1000,0,0,TTAGGG
contig-0002665_End,1000,0,1,TTAGGG
contig-0002666_End,1000,1,0,TTAGGG
contig-0002667_End,1000,0,0,TTAGGG
contig-0002668_End,1000,0,0,TTAGGG
contig-0002669_End,1000,0,0,TTAGGG
contig-0002670_End,1000,0,1,TTAGGG
contig-0002671_End,1000,0,0,TTAGGG
contig-0002672_End,1000,0,0,TTAGGG
contig-0002673_End,1000,0,0,TTAGGG
contig-0002674_End,1000,0,1,TTAGGG
contig-0002675_End,1000,0,0,TTAGGG
contig-0002676_End,1000,0,0,TTAGGG
contig-0002677_End,1000,0,0,TTAGGG
contig-0002678_End,1000,1,0,TTAGGG
contig-0002679_End,1000,0,1,TTAGGG
contig-0002680_End,1000,0,0,TTAGGG
contig-0002681_End,1000,0,0,TTAGGG
contig-0002682_End,1000,0,0,TTAGGG
contig-0002683_End,1000,0,0,TTAGGG
contig-0002684_End,1000,0,0,TTAGGG
contig-0002685_End,1000,0,0,TTAGGG
contig-0002686_End,1000,0,0,TTAGGG
contig-0002688_End,1000,0,1,TTAGGG
contig-0002689_End,1000,0,0,TTAGGG
contig-0002690_End,1000,0,0,TTAGGG
contig-0002691_End,1000,0,0,TTAGGG
contig-0002692_End,1000,0,0,TTAGGG
contig-0002693_End,1000,0,0,TTAGGG
contig-0002694_End,1000,0,0,TTAGGG
contig-0002695_End,1000,0,0,TTAGGG
contig-0002696_End,1000,0,0,TTAGGG
contig-0002697_End,1000,0,0,TTAGGG
contig-0002698_End,1000,0,0,TTAGGG
contig-0002699_End,1000,0,0,TTAGGG
contig-0002700_End,1000,0,0,TTAGGG
contig-0002701_End,1000,1,0,TTAGGG
contig-0002702_End,1000,0,0,TTAGGG
contig-0002703_End,1000,0,0,TTAGGG
contig-0002704_End,1000,1,1,TTAGGG
contig-0002705_End,1000,0,1,TTAGGG
contig-0002706_End,1000,1,0,TTAGGG
contig-0002707_End,1000,0,0,TTAGGG
contig-0002708_End,1000,0,0,TTAGGG
contig-0002709_End,1000,0,0,TTAGGG
contig-0002710_End,1000,0,0,TTAGGG
contig-0002711_End,1000,0,0,TTAGGG
contig-0002712_End,1000,0,0,TTAGGG
contig-0002713_End,1000,0,0,TTAGGG
contig-0002714_End,1000,0,0,TTAGGG
contig-0002715_End,1000,0,0,TTAGGG
contig-0002716_End,1000,0,0,TTAGGG
contig-0002717_End,1000,0,0,TTAGGG
contig-0002718_End,1000,0,0,TTAGGG
contig-0002719_End,1000,0,0,TTAGGG
contig-0002720_End,1000,0,0,TTAGGG
contig-0002721_End,1000,0,0,TTAGGG
contig-0002722_End,1000,0,0,TTAGGG
contig-0002723_End,1000,0,0,TTAGGG
contig-0002724_End,1000,0,0,TTAGGG
contig-0002725_End,1000,0,0,TTAGGG
contig-0002726_End,1000,1,0,TTAGGG
contig-0002727_End,1000,0,0,TTAGGG
contig-0002728_End,1000,0,0,TTAGGG
contig-0002729_End,1000,0,1,TTAGGG
contig-0002730_End,1000,0,0,TTAGGG
contig-0002731_End,1000,0,0,TTAGGG
contig-0002732_End,1000,0,0,TTAGGG
contig-0002733_End,1000,0,0,TTAGGG
contig-0002734_End,1000,0,0,TTAGGG
contig-0002735_End,1000,0,0,TTAGGG
contig-0002736_End,1000,0,1,TTAGGG
contig-0002737_End,1000,0,0,TTAGGG
contig-0002738_End,1000,0,0,TTAGGG
contig-0002739_End,1000,0,0,TTAGGG
contig-0002740_End,1000,0,0,TTAGGG
contig-0002741_End,1000,0,0,TTAGGG
contig-0002742_End,1000,0,0,TTAGGG
contig-0002743_End,1000,0,0,TTAGGG
contig-0002744_End,1000,0,0,TTAGGG
contig-0002745_End,1000,0,0,TTAGGG
contig-0002746_End,1000,0,0,TTAGGG
contig-0002747_End,1000,0,1,TTAGGG
contig-0002748_End,1000,0,0,TTAGGG
contig-0002749_End,1000,0,0,TTAGGG
contig-0002750_End,1000,0,0,TTAGGG
contig-0002751_End,1000,0,0,TTAGGG
contig-0002753_End,1000,0,0,TTAGGG
contig-0002754_End,1000,0,0,TTAGGG
contig-0002755_End,1000,0,1,TTAGGG
contig-0002756_End,1000,0,0,TTAGGG
contig-0002757_End,1000,0,0,TTAGGG
contig-0002758_End,1000,0,1,TTAGGG
contig-0002759_End,1000,0,0,TTAGGG
contig-0002760_End,1000,0,0,TTAGGG
contig-0002761_End,1000,0,0,TTAGGG
contig-0002762_End,1000,0,0,TTAGGG
contig-0002763_End,1000,0,0,TTAGGG
contig-0002764_End,1000,0,0,TTAGGG
contig-0002765_End,1000,0,0,TTAGGG
contig-0002766_End,1000,0,1,TTAGGG
contig-0002767_End,1000,0,0,TTAGGG
contig-0002768_End,1000,1,1,TTAGGG
contig-0002769_End,1000,0,2,TTAGGG
contig-0002770_End,1000,0,0,TTAGGG
contig-0002771_End,1000,0,0,TTAGGG
contig-0002773_End,1000,0,0,TTAGGG
contig-0002774_End,1000,163,0,TTAGGG
contig-0002775_End,1000,0,0,TTAGGG
contig-0002776_End,1000,0,0,TTAGGG
contig-0002777_End,1000,0,0,TTAGGG
contig-0002778_End,1000,0,1,TTAGGG
contig-0002779_End,1000,0,0,TTAGGG
contig-0002780_End,1000,0,0,TTAGGG
contig-0002781_End,1000,0,0,TTAGGG
contig-0002782_End,1000,0,0,TTAGGG
contig-0002783_End,1000,0,0,TTAGGG
contig-0002784_End,1000,0,0,TTAGGG
contig-0002785_End,1000,165,0,TTAGGG
contig-0002786_End,1000,1,0,TTAGGG
contig-0002787_End,1000,0,0,TTAGGG
contig-0002788_End,1000,0,0,TTAGGG
contig-0002789_End,1000,0,0,TTAGGG
contig-0002790_End,1000,0,0,TTAGGG
contig-0002791_End,1000,0,1,TTAGGG
contig-0002792_End,1000,0,0,TTAGGG
contig-0002793_End,1000,0,0,TTAGGG
contig-0002794_End,1000,0,0,TTAGGG
contig-0002795_End,1000,0,0,TTAGGG
contig-0002796_End,1000,0,0,TTAGGG
contig-0002797_End,1000,0,1,TTAGGG
contig-0002798_End,1000,0,1,TTAGGG
contig-0002799_End,1000,1,0,TTAGGG
contig-0002800_End,1000,0,1,TTAGGG
contig-0002801_End,1000,0,0,TTAGGG
contig-0002802_End,1000,0,0,TTAGGG
contig-0002804_End,1000,163,0,TTAGGG
contig-0002805_End,1000,162,0,TTAGGG
contig-0002806_End,1000,0,0,TTAGGG
contig-0002807_End,1000,0,0,TTAGGG
contig-0002808_End,1000,0,1,TTAGGG
contig-0002809_End,1000,164,0,TTAGGG
contig-0002810_End,1000,161,0,TTAGGG
contig-0002811_End,1000,1,0,TTAGGG
contig-0002812_End,1000,0,1,TTAGGG
contig-0002813_End,1000,1,0,TTAGGG
contig-0002814_End,1000,0,0,TTAGGG
contig-0002815_End,1000,0,0,TTAGGG
contig-0002816_End,1000,2,0,TTAGGG
contig-0002817_End,1000,0,0,TTAGGG
contig-0002818_End,1000,0,0,TTAGGG
contig-0002819_End,1000,0,0,TTAGGG
contig-0002820_End,1000,0,0,TTAGGG
contig-0002821_End,1000,0,1,TTAGGG
contig-0002822_End,1000,0,1,TTAGGG
contig-0002823_End,1000,0,1,TTAGGG
contig-0002825_End,1000,0,0,TTAGGG
contig-0002826_End,1000,0,0,TTAGGG
contig-0002827_End,1000,0,0,TTAGGG
contig-0002829_End,1000,0,1,TTAGGG
contig-0002830_End,1000,0,0,TTAGGG
contig-0002831_End,1000,0,0,TTAGGG
contig-0002832_End,1000,0,1,TTAGGG
contig-0002833_End,1000,0,0,TTAGGG
contig-0002834_End,1000,0,0,TTAGGG
contig-0002835_End,1000,0,0,TTAGGG
contig-0002836_End,1000,0,1,TTAGGG
contig-0002837_End,1000,0,1,TTAGGG
contig-0002838_End,1000,163,0,TTAGGG
contig-0002839_End,1000,2,0,TTAGGG
contig-0002840_End,1000,0,0,TTAGGG
contig-0002841_End,1000,0,0,TTAGGG
contig-0002842_End,1000,0,2,TTAGGG
contig-0002843_End,1000,2,0,TTAGGG
contig-0002845_End,1000,0,0,TTAGGG
contig-0002846_End,1000,0,0,TTAGGG
contig-0002847_End,1000,0,0,TTAGGG
contig-0002848_End,1000,0,1,TTAGGG
contig-0002849_End,1000,0,0,TTAGGG
contig-0002850_End,1000,0,0,TTAGGG
contig-0002851_End,1000,0,0,TTAGGG
contig-0002852_End,1000,0,0,TTAGGG
contig-0002853_End,1000,0,0,TTAGGG
contig-0002854_End,1000,1,0,TTAGGG
contig-0002855_End,1000,0,0,TTAGGG
contig-0002856_End,1000,0,0,TTAGGG
contig-0002857_End,1000,0,0,TTAGGG
contig-0002858_End,1000,0,0,TTAGGG
contig-0002859_End,1000,0,0,TTAGGG
contig-0002860_End,1000,0,0,TTAGGG
contig-0002861_End,1000,0,0,TTAGGG
contig-0002862_End,1000,0,0,TTAGGG
contig-0002863_End,1000,164,0,TTAGGG
contig-0002864_End,1000,0,2,TTAGGG
contig-0002865_End,1000,162,0,TTAGGG
contig-0002866_End,1000,0,0,TTAGGG
contig-0002867_End,1000,1,0,TTAGGG
contig-0002868_End,1000,0,0,TTAGGG
contig-0002869_End,1000,0,0,TTAGGG
contig-0002870_End,1000,0,0,TTAGGG
contig-0002871_End,1000,0,0,TTAGGG
contig-0002872_End,1000,1,0,TTAGGG
contig-0002873_End,1000,0,0,TTAGGG
contig-0002874_End,1000,0,1,TTAGGG
contig-0002875_End,1000,0,1,TTAGGG
contig-0002876_End,1000,0,1,TTAGGG
contig-0002877_End,1000,0,0,TTAGGG
contig-0002878_End,1000,0,0,TTAGGG
contig-0002879_End,1000,163,0,TTAGGG
contig-0002880_End,1000,0,0,TTAGGG
contig-0002881_End,1000,0,0,TTAGGG
contig-0002882_End,1000,0,0,TTAGGG
contig-0002883_End,1000,0,0,TTAGGG
contig-0002885_End,1000,0,0,TTAGGG
contig-0002886_End,1000,1,0,TTAGGG
contig-0002887_End,1000,1,0,TTAGGG
contig-0002888_End,1000,0,0,TTAGGG
contig-0002889_End,1000,0,0,TTAGGG
contig-0002890_End,1000,0,1,TTAGGG
contig-0002891_End,1000,0,0,TTAGGG
contig-0002892_End,1000,0,0,TTAGGG
contig-0002893_End,1000,0,0,TTAGGG
contig-0002894_End,1000,2,0,TTAGGG
contig-0002895_End,1000,0,0,TTAGGG
contig-0002896_End,1000,0,0,TTAGGG
contig-0002897_End,1000,0,1,TTAGGG
contig-0002898_End,1000,0,0,TTAGGG
contig-0002899_End,1000,0,0,TTAGGG
contig-0002900_End,1000,0,0,TTAGGG
contig-0002901_End,1000,1,0,TTAGGG
contig-0002902_End,1000,0,0,TTAGGG
contig-0002903_End,1000,0,1,TTAGGG
contig-0002904_End,1000,0,0,TTAGGG
contig-0002905_End,1000,0,0,TTAGGG
contig-0002907_End,1000,0,0,TTAGGG
contig-0002908_End,1000,0,1,TTAGGG
contig-0002909_End,1000,0,1,TTAGGG
contig-0002910_End,1000,1,0,TTAGGG
contig-0002911_End,1000,0,1,TTAGGG
contig-0002912_End,1000,0,0,TTAGGG
contig-0002913_End,1000,1,0,TTAGGG
contig-0002915_End,1000,0,0,TTAGGG
contig-0002916_End,1000,0,0,TTAGGG
contig-0002917_End,1000,0,1,TTAGGG
contig-0002918_End,1000,0,0,TTAGGG
contig-0002919_End,1000,1,0,TTAGGG
contig-0002920_End,1000,0,0,TTAGGG
contig-0002921_End,1000,0,0,TTAGGG
contig-0002922_End,1000,0,0,TTAGGG
contig-0002923_End,1000,1,1,TTAGGG
contig-0002924_End,1000,0,0,TTAGGG
contig-0002925_End,1000,0,2,TTAGGG
contig-0002926_End,1000,0,0,TTAGGG
contig-0002927_End,1000,0,0,TTAGGG
contig-0002928_End,1000,0,0,TTAGGG
contig-0002929_End,1000,0,0,TTAGGG
contig-0002930_End,1000,0,0,TTAGGG
contig-0002931_End,1000,0,0,TTAGGG
contig-0002932_End,1000,0,1,TTAGGG
contig-0002933_End,1000,0,0,TTAGGG
contig-0002934_End,1000,161,0,TTAGGG
contig-0002935_End,1000,0,0,TTAGGG
contig-0002936_End,1000,0,0,TTAGGG
contig-0002937_End,1000,0,0,TTAGGG
contig-0002938_End,1000,0,0,TTAGGG
contig-0002939_End,1000,0,0,TTAGGG
contig-0002940_End,1000,0,0,TTAGGG
contig-0002941_End,1000,0,0,TTAGGG
contig-0002942_End,1000,1,0,TTAGGG
contig-0002943_End,1000,0,0,TTAGGG
contig-0002944_End,1000,163,0,TTAGGG
contig-0002945_End,1000,0,0,TTAGGG
contig-0002946_End,1000,1,0,TTAGGG
contig-0002947_End,1000,0,1,TTAGGG
contig-0002948_End,1000,0,0,TTAGGG
contig-0002949_End,1000,0,0,TTAGGG
contig-0002950_End,1000,0,0,TTAGGG
contig-0002951_End,1000,0,0,TTAGGG
contig-0002952_End,1000,0,0,TTAGGG
contig-0002953_End,1000,0,0,TTAGGG
contig-0002954_End,1000,0,1,TTAGGG
contig-0002955_End,1000,0,0,TTAGGG
contig-0002956_End,1000,0,0,TTAGGG
contig-0002957_End,1000,0,0,TTAGGG
contig-0002958_End,1000,0,1,TTAGGG
contig-0002959_End,1000,0,0,TTAGGG
contig-0002960_End,1000,0,0,TTAGGG
contig-0002961_End,1000,0,0,TTAGGG
contig-0002962_End,1000,1,0,TTAGGG
contig-0002963_End,1000,0,0,TTAGGG
contig-0002964_End,1000,0,0,TTAGGG
contig-0002965_End,1000,0,0,TTAGGG
contig-0002966_End,1000,0,1,TTAGGG
contig-0002967_End,1000,0,0,TTAGGG
contig-0002968_End,1000,1,0,TTAGGG
contig-0002969_End,1000,0,0,TTAGGG
contig-0002970_End,1000,0,0,TTAGGG
contig-0002971_End,1000,1,0,TTAGGG
contig-0002972_End,1000,0,0,TTAGGG
contig-0002973_End,1000,0,0,TTAGGG
contig-0002974_End,1000,0,0,TTAGGG
contig-0002975_End,1000,0,3,TTAGGG
contig-0002976_End,1000,0,0,TTAGGG
contig-0002977_End,1000,0,1,TTAGGG
contig-0002978_End,1000,0,0,TTAGGG
contig-0002979_End,1000,0,0,TTAGGG
contig-0002980_End,1000,1,0,TTAGGG
contig-0002981_End,1000,0,0,TTAGGG
contig-0002982_End,1000,0,0,TTAGGG
contig-0002983_End,1000,0,0,TTAGGG
contig-0002984_End,1000,0,0,TTAGGG
contig-0002985_End,1000,0,0,TTAGGG
contig-0002986_End,1000,0,0,TTAGGG
contig-0002987_End,1000,0,0,TTAGGG
contig-0002988_End,1000,0,0,TTAGGG
contig-0002989_End,1000,1,0,TTAGGG
contig-0002990_End,1000,0,0,TTAGGG
contig-0002991_End,1000,0,1,TTAGGG
contig-0002992_End,1000,0,0,TTAGGG
contig-0002993_End,1000,0,0,TTAGGG
contig-0002994_End,1000,0,0,TTAGGG
contig-0002995_End,1000,0,0,TTAGGG
contig-0002996_End,1000,0,0,TTAGGG
contig-0002997_End,1000,0,2,TTAGGG
contig-0002998_End,1000,0,0,TTAGGG
contig-0002999_End,1000,0,0,TTAGGG
contig-0003000_End,1000,0,0,TTAGGG
contig-0003001_End,1000,0,1,TTAGGG
contig-0003002_End,1000,1,0,TTAGGG
contig-0003003_End,1000,0,0,TTAGGG
contig-0003004_End,1000,0,0,TTAGGG
contig-0003005_End,1000,0,0,TTAGGG
contig-0003006_End,1000,0,0,TTAGGG
contig-0003008_End,1000,161,0,TTAGGG
contig-0003009_End,1000,2,0,TTAGGG
contig-0003010_End,1000,0,0,TTAGGG
contig-0003011_End,1000,0,0,TTAGGG
contig-0003012_End,1000,0,0,TTAGGG
contig-0003013_End,1000,0,0,TTAGGG
contig-0003014_End,1000,0,0,TTAGGG
contig-0003015_End,1000,0,0,TTAGGG
contig-0003016_End,1000,0,0,TTAGGG
contig-0003017_End,1000,0,0,TTAGGG
contig-0003018_End,1000,0,0,TTAGGG
contig-0003019_End,1000,0,0,TTAGGG
contig-0003021_End,1000,0,0,TTAGGG
contig-0003022_End,1000,0,0,TTAGGG
contig-0003023_End,1000,0,0,TTAGGG
contig-0003024_End,1000,0,0,TTAGGG
contig-0003025_End,1000,0,1,TTAGGG
contig-0003026_End,1000,0,0,TTAGGG
contig-0003027_End,1000,0,0,TTAGGG
contig-0003028_End,1000,0,0,TTAGGG
contig-0003029_End,1000,1,0,TTAGGG
contig-0003030_End,1000,0,0,TTAGGG
contig-0003031_End,1000,0,0,TTAGGG
contig-0003032_End,1000,0,1,TTAGGG
contig-0003033_End,1000,0,1,TTAGGG
contig-0003035_End,1000,0,0,TTAGGG
contig-0003036_End,1000,0,0,TTAGGG
contig-0003037_End,1000,0,0,TTAGGG
contig-0003038_End,1000,0,0,TTAGGG
contig-0003039_End,1000,0,0,TTAGGG
contig-0003040_End,1000,0,0,TTAGGG
contig-0003041_End,1000,0,0,TTAGGG
contig-0003042_End,1000,1,0,TTAGGG
contig-0003043_End,1000,0,0,TTAGGG
contig-0003044_End,1000,0,0,TTAGGG
contig-0003046_End,1000,0,0,TTAGGG
contig-0003047_End,1000,0,0,TTAGGG
contig-0003048_End,1000,0,0,TTAGGG
contig-0003049_End,1000,1,1,TTAGGG
contig-0003050_End,1000,0,0,TTAGGG
contig-0003051_End,1000,0,0,TTAGGG
contig-0003052_End,1000,0,1,TTAGGG
contig-0003053_End,1000,1,1,TTAGGG
contig-0003054_End,1000,0,0,TTAGGG
contig-0003055_End,1000,0,1,TTAGGG
contig-0003056_End,1000,0,0,TTAGGG
contig-0003058_End,1000,0,0,TTAGGG
contig-0003059_End,1000,0,0,TTAGGG
contig-0003060_End,1000,0,0,TTAGGG
contig-0003061_End,1000,0,0,TTAGGG
contig-0003062_End,1000,0,0,TTAGGG
contig-0003063_End,1000,0,0,TTAGGG
contig-0003064_End,1000,0,0,TTAGGG
contig-0003065_End,1000,0,0,TTAGGG
contig-0003066_End,1000,0,0,TTAGGG
contig-0003068_End,1000,0,0,TTAGGG
contig-0003069_End,1000,0,0,TTAGGG
contig-0003070_End,1000,0,1,TTAGGG
contig-0003071_End,1000,0,1,TTAGGG
contig-0003072_End,1000,0,0,TTAGGG
contig-0003073_End,1000,0,0,TTAGGG
contig-0003074_End,1000,0,2,TTAGGG
contig-0003075_End,1000,0,0,TTAGGG
contig-0003076_End,1000,1,0,TTAGGG
contig-0003078_End,1000,0,0,TTAGGG
contig-0003079_End,1000,0,0,TTAGGG
contig-0003080_End,1000,1,0,TTAGGG
contig-0003081_End,1000,0,1,TTAGGG
contig-0003082_End,1000,0,0,TTAGGG
contig-0003083_End,1000,0,0,TTAGGG
contig-0003084_End,1000,0,0,TTAGGG
contig-0003085_End,1000,0,0,TTAGGG
contig-0003086_End,1000,0,0,TTAGGG
contig-0003087_End,1000,0,0,TTAGGG
contig-0003088_End,1000,0,0,TTAGGG
contig-0003090_End,1000,0,0,TTAGGG
contig-0003091_End,1000,0,0,TTAGGG
contig-0003092_End,1000,0,0,TTAGGG
contig-0003093_End,1000,0,1,TTAGGG
contig-0003094_End,1000,0,0,TTAGGG
contig-0003095_End,1000,0,1,TTAGGG
contig-0003096_End,1000,0,0,TTAGGG
contig-0003097_End,1000,164,0,TTAGGG
contig-0003098_End,1000,164,0,TTAGGG
contig-0003099_End,1000,0,0,TTAGGG
contig-0003101_End,1000,0,0,TTAGGG
contig-0003102_End,1000,0,0,TTAGGG
contig-0003103_End,1000,0,1,TTAGGG
contig-0003104_End,1000,0,0,TTAGGG
contig-0003105_End,1000,0,0,TTAGGG
contig-0003107_End,1000,0,0,TTAGGG
contig-0003109_End,1000,0,0,TTAGGG
contig-0003110_End,1000,0,0,TTAGGG
contig-0003111_End,1000,0,1,TTAGGG
contig-0003112_End,1000,163,0,TTAGGG
contig-0003114_End,1000,162,0,TTAGGG
contig-0003115_End,1000,0,0,TTAGGG
contig-0003116_End,1000,0,0,TTAGGG
contig-0003117_End,1000,0,0,TTAGGG
contig-0003118_End,1000,0,0,TTAGGG
contig-0003119_End,1000,0,0,TTAGGG
contig-0003120_End,1000,0,0,TTAGGG
contig-0003121_End,1000,0,0,TTAGGG
contig-0003122_End,1000,0,1,TTAGGG
contig-0003123_End,1000,0,0,TTAGGG
contig-0003124_End,1000,0,0,TTAGGG
contig-0003125_End,1000,0,0,TTAGGG
contig-0003126_End,1000,0,0,TTAGGG
contig-0003127_End,1000,0,0,TTAGGG
contig-0003128_End,1000,1,2,TTAGGG
contig-0003129_End,1000,0,0,TTAGGG
contig-0003130_End,1000,0,0,TTAGGG
contig-0003131_End,1000,0,0,TTAGGG
contig-0003132_End,1000,0,0,TTAGGG
contig-0003133_End,1000,0,0,TTAGGG
contig-0003134_End,1000,0,0,TTAGGG
contig-0003136_End,1000,0,0,TTAGGG
contig-0003138_End,1000,0,0,TTAGGG
contig-0003140_End,1000,0,0,TTAGGG
contig-0003141_End,1000,0,0,TTAGGG
contig-0003142_End,1000,1,0,TTAGGG
