id,window,forward_repeat_number,reverse_repeat_number,telomeric_repeat
utg000001l_Start,1000,0,0,TTAGGG
utg000002l_Start,1000,0,0,TTAGGG
utg000003l_Start,1000,0,0,TTAGGG
utg000004l_Start,1000,0,0,TTAGGG
utg000005l_Start,1000,0,1,TTAGGG
utg000006l_Start,1000,0,166,TTAGGG
utg000007l_Start,1000,0,166,TTAGGG
utg000008l_Start,1000,0,0,TTAGGG
utg000009l_Start,1000,1,0,TTAGGG
utg000010l_Start,1000,0,0,TTAGGG
utg000011l_Start,1000,0,1,TTAGGG
utg000012l_Start,1000,0,1,TTAGGG
utg000013l_Start,1000,0,0,TTAGGG
utg000014l_Start,1000,0,1,TTAGGG
utg000015l_Start,1000,0,0,TTAGGG
utg000016l_Start,1000,0,0,TTAGGG
utg000017l_Start,1000,0,0,TTAGGG
utg000018l_Start,1000,0,0,TTAGGG
utg000019l_Start,1000,2,0,TTAGGG
utg000020l_Start,1000,0,0,TTAGGG
utg000021l_Start,1000,1,0,TTAGGG
utg000022l_Start,1000,0,0,TTAGGG
utg000023l_Start,1000,0,0,TTAGGG
utg000024l_Start,1000,0,1,TTAGGG
utg000025l_Start,1000,0,0,TTAGGG
utg000026l_Start,1000,0,0,TTAGGG
utg000027l_Start,1000,0,0,TTAGGG
utg000028l_Start,1000,1,0,TTAGGG
utg000029l_Start,1000,0,0,TTAGGG
utg000030l_Start,1000,1,0,TTAGGG
utg000031l_Start,1000,0,0,TTAGGG
utg000032l_Start,1000,0,0,TTAGGG
utg000033l_Start,1000,0,0,TTAGGG
utg000034l_Start,1000,0,0,TTAGGG
utg000035l_Start,1000,1,0,TTAGGG
utg000036l_Start,1000,0,0,TTAGGG
utg000037l_Start,1000,0,0,TTAGGG
utg000038l_Start,1000,0,1,TTAGGG
utg000039l_Start,1000,0,0,TTAGGG
utg000040l_Start,1000,0,0,TTAGGG
utg000041l_Start,1000,0,0,TTAGGG
utg000042l_Start,1000,0,0,TTAGGG
utg000043l_Start,1000,0,0,TTAGGG
utg000044l_Start,1000,0,0,TTAGGG
utg000045l_Start,1000,0,1,TTAGGG
utg000046l_Start,1000,0,0,TTAGGG
utg000047l_Start,1000,0,0,TTAGGG
utg000048l_Start,1000,0,0,TTAGGG
utg000049l_Start,1000,0,0,TTAGGG
utg000050l_Start,1000,0,0,TTAGGG
utg000051l_Start,1000,0,0,TTAGGG
utg000052l_Start,1000,0,0,TTAGGG
utg000053l_Start,1000,0,0,TTAGGG
utg000054l_Start,1000,0,0,TTAGGG
utg000055l_Start,1000,0,0,TTAGGG
utg000056l_Start,1000,1,0,TTAGGG
utg000057l_Start,1000,1,0,TTAGGG
utg000058l_Start,1000,1,0,TTAGGG
utg000059l_Start,1000,0,0,TTAGGG
utg000060l_Start,1000,0,0,TTAGGG
utg000061l_Start,1000,0,0,TTAGGG
utg000062l_Start,1000,0,0,TTAGGG
utg000063l_Start,1000,2,0,TTAGGG
utg000064l_Start,1000,0,166,TTAGGG
utg000065l_Start,1000,0,0,TTAGGG
utg000066l_Start,1000,0,0,TTAGGG
utg000067l_Start,1000,0,0,TTAGGG
utg000068l_Start,1000,2,0,TTAGGG
utg000069l_Start,1000,0,1,TTAGGG
utg000070l_Start,1000,0,0,TTAGGG
utg000071l_Start,1000,0,0,TTAGGG
utg000072l_Start,1000,0,0,TTAGGG
utg000073l_Start,1000,0,0,TTAGGG
utg000074l_Start,1000,0,0,TTAGGG
utg000075l_Start,1000,0,0,TTAGGG
utg000076l_Start,1000,0,166,TTAGGG
utg000077l_Start,1000,0,0,TTAGGG
utg000078l_Start,1000,0,0,TTAGGG
utg000079l_Start,1000,0,0,TTAGGG
utg000080l_Start,1000,0,0,TTAGGG
utg000081l_Start,1000,0,1,TTAGGG
utg000082l_Start,1000,0,0,TTAGGG
utg000083l_Start,1000,0,2,TTAGGG
utg000084l_Start,1000,0,0,TTAGGG
utg000085l_Start,1000,0,0,TTAGGG
utg000086l_Start,1000,0,0,TTAGGG
utg000087l_Start,1000,1,0,TTAGGG
utg000088l_Start,1000,0,0,TTAGGG
utg000089l_Start,1000,0,0,TTAGGG
utg000090l_Start,1000,0,0,TTAGGG
utg000091l_Start,1000,0,0,TTAGGG
utg000092l_Start,1000,0,0,TTAGGG
utg000093l_Start,1000,0,1,TTAGGG
utg000094l_Start,1000,0,0,TTAGGG
utg000095l_Start,1000,0,1,TTAGGG
utg000096l_Start,1000,1,1,TTAGGG
utg000097l_Start,1000,0,0,TTAGGG
utg000098l_Start,1000,0,0,TTAGGG
utg000099l_Start,1000,0,1,TTAGGG
utg000100l_Start,1000,0,0,TTAGGG
utg000101l_Start,1000,0,0,TTAGGG
utg000102l_Start,1000,1,0,TTAGGG
utg000103l_Start,1000,0,0,TTAGGG
utg000104l_Start,1000,1,1,TTAGGG
utg000105l_Start,1000,0,1,TTAGGG
utg000106l_Start,1000,0,166,TTAGGG
utg000107l_Start,1000,1,0,TTAGGG
utg000108l_Start,1000,0,0,TTAGGG
utg000109l_Start,1000,0,0,TTAGGG
utg000110l_Start,1000,0,0,TTAGGG
utg000111l_Start,1000,0,0,TTAGGG
utg000112l_Start,1000,0,1,TTAGGG
utg000113l_Start,1000,0,0,TTAGGG
utg000114l_Start,1000,0,166,TTAGGG
utg000115l_Start,1000,0,1,TTAGGG
utg000116l_Start,1000,0,0,TTAGGG
utg000117l_Start,1000,0,0,TTAGGG
utg000118l_Start,1000,0,0,TTAGGG
utg000119l_Start,1000,1,0,TTAGGG
utg000120l_Start,1000,1,0,TTAGGG
utg000121l_Start,1000,0,1,TTAGGG
utg000122l_Start,1000,0,0,TTAGGG
utg000123l_Start,1000,1,0,TTAGGG
utg000124l_Start,1000,1,0,TTAGGG
utg000125l_Start,1000,1,0,TTAGGG
utg000126l_Start,1000,0,0,TTAGGG
utg000127l_Start,1000,0,0,TTAGGG
utg000128l_Start,1000,0,0,TTAGGG
utg000129l_Start,1000,0,0,TTAGGG
utg000130l_Start,1000,0,0,TTAGGG
utg000131l_Start,1000,0,1,TTAGGG
utg000132l_Start,1000,0,0,TTAGGG
utg000133l_Start,1000,0,0,TTAGGG
utg000134l_Start,1000,0,0,TTAGGG
utg000135l_Start,1000,0,0,TTAGGG
utg000136l_Start,1000,0,0,TTAGGG
utg000137l_Start,1000,0,2,TTAGGG
utg000138l_Start,1000,0,0,TTAGGG
utg000139l_Start,1000,1,0,TTAGGG
utg000140l_Start,1000,0,1,TTAGGG
utg000141l_Start,1000,0,0,TTAGGG
utg000142l_Start,1000,0,1,TTAGGG
utg000143l_Start,1000,0,0,TTAGGG
utg000144l_Start,1000,0,1,TTAGGG
utg000145l_Start,1000,0,0,TTAGGG
utg000146l_Start,1000,0,0,TTAGGG
utg000147l_Start,1000,0,0,TTAGGG
utg000148l_Start,1000,0,1,TTAGGG
utg000149l_Start,1000,1,0,TTAGGG
utg000150l_Start,1000,1,0,TTAGGG
utg000151l_Start,1000,0,0,TTAGGG
utg000152l_Start,1000,0,0,TTAGGG
utg000153l_Start,1000,0,0,TTAGGG
utg000154l_Start,1000,0,0,TTAGGG
utg000155l_Start,1000,0,0,TTAGGG
utg000156l_Start,1000,0,1,TTAGGG
utg000157l_Start,1000,0,0,TTAGGG
utg000158l_Start,1000,0,0,TTAGGG
utg000159l_Start,1000,0,0,TTAGGG
utg000160l_Start,1000,1,1,TTAGGG
utg000161l_Start,1000,0,0,TTAGGG
utg000162l_Start,1000,0,0,TTAGGG
utg000163l_Start,1000,1,1,TTAGGG
utg000164l_Start,1000,0,0,TTAGGG
utg000165l_Start,1000,0,0,TTAGGG
utg000166l_Start,1000,1,0,TTAGGG
utg000167l_Start,1000,0,0,TTAGGG
utg000168l_Start,1000,1,0,TTAGGG
utg000169l_Start,1000,0,0,TTAGGG
utg000170l_Start,1000,0,0,TTAGGG
utg000171l_Start,1000,0,1,TTAGGG
utg000172l_Start,1000,0,0,TTAGGG
utg000173l_Start,1000,0,166,TTAGGG
utg000174l_Start,1000,0,0,TTAGGG
utg000175l_Start,1000,0,0,TTAGGG
utg000176l_Start,1000,0,1,TTAGGG
utg000177l_Start,1000,0,0,TTAGGG
utg000178l_Start,1000,0,0,TTAGGG
utg000179l_Start,1000,0,0,TTAGGG
utg000180l_Start,1000,0,0,TTAGGG
utg000181l_Start,1000,0,0,TTAGGG
utg000182l_Start,1000,0,0,TTAGGG
utg000183l_Start,1000,0,1,TTAGGG
utg000184l_Start,1000,0,166,TTAGGG
utg000185l_Start,1000,0,0,TTAGGG
utg000186l_Start,1000,0,0,TTAGGG
utg000187l_Start,1000,0,0,TTAGGG
utg000188l_Start,1000,0,0,TTAGGG
utg000189l_Start,1000,0,0,TTAGGG
utg000190l_Start,1000,1,0,TTAGGG
utg000191l_Start,1000,0,1,TTAGGG
utg000192l_Start,1000,0,165,TTAGGG
utg000193l_Start,1000,1,1,TTAGGG
utg000194l_Start,1000,0,0,TTAGGG
utg000195l_Start,1000,0,0,TTAGGG
utg000196l_Start,1000,0,0,TTAGGG
utg000197l_Start,1000,0,0,TTAGGG
utg000198l_Start,1000,0,0,TTAGGG
utg000199l_Start,1000,0,0,TTAGGG
utg000200l_Start,1000,0,0,TTAGGG
utg000201l_Start,1000,0,1,TTAGGG
utg000202l_Start,1000,0,0,TTAGGG
utg000203l_Start,1000,0,0,TTAGGG
utg000204l_Start,1000,0,0,TTAGGG
utg000205l_Start,1000,0,0,TTAGGG
utg000206l_Start,1000,1,0,TTAGGG
utg000207l_Start,1000,0,0,TTAGGG
utg000208l_Start,1000,0,0,TTAGGG
utg000209l_Start,1000,2,0,TTAGGG
utg000210l_Start,1000,0,0,TTAGGG
utg000211l_Start,1000,0,0,TTAGGG
utg000212l_Start,1000,0,0,TTAGGG
utg000213l_Start,1000,0,0,TTAGGG
utg000214l_Start,1000,0,0,TTAGGG
utg000215l_Start,1000,0,0,TTAGGG
utg000216l_Start,1000,0,1,TTAGGG
utg000217l_Start,1000,1,0,TTAGGG
utg000218l_Start,1000,0,0,TTAGGG
utg000219l_Start,1000,0,0,TTAGGG
utg000220l_Start,1000,0,0,TTAGGG
utg000221l_Start,1000,1,0,TTAGGG
utg000222l_Start,1000,0,0,TTAGGG
utg000223l_Start,1000,0,0,TTAGGG
utg000224l_Start,1000,0,0,TTAGGG
utg000225l_Start,1000,0,0,TTAGGG
utg000226l_Start,1000,0,0,TTAGGG
utg000227l_Start,1000,0,0,TTAGGG
utg000228l_Start,1000,0,0,TTAGGG
utg000229l_Start,1000,0,0,TTAGGG
utg000230l_Start,1000,0,0,TTAGGG
utg000231l_Start,1000,0,1,TTAGGG
utg000232l_Start,1000,0,0,TTAGGG
utg000233l_Start,1000,0,0,TTAGGG
utg000234l_Start,1000,0,0,TTAGGG
utg000235l_Start,1000,0,0,TTAGGG
utg000236l_Start,1000,0,1,TTAGGG
utg000237l_Start,1000,0,1,TTAGGG
utg000238l_Start,1000,0,1,TTAGGG
utg000239l_Start,1000,0,0,TTAGGG
utg000240l_Start,1000,0,0,TTAGGG
utg000241l_Start,1000,0,0,TTAGGG
utg000242l_Start,1000,0,1,TTAGGG
utg000243l_Start,1000,0,1,TTAGGG
utg000244l_Start,1000,0,0,TTAGGG
utg000245l_Start,1000,0,0,TTAGGG
utg000246l_Start,1000,0,1,TTAGGG
utg000247l_Start,1000,0,0,TTAGGG
utg000248l_Start,1000,0,1,TTAGGG
utg000249l_Start,1000,0,0,TTAGGG
utg000250l_Start,1000,0,0,TTAGGG
utg000251l_Start,1000,0,0,TTAGGG
utg000252l_Start,1000,0,0,TTAGGG
utg000253l_Start,1000,0,0,TTAGGG
utg000254l_Start,1000,0,0,TTAGGG
utg000255l_Start,1000,1,0,TTAGGG
utg000256l_Start,1000,1,0,TTAGGG
utg000257l_Start,1000,1,0,TTAGGG
utg000258l_Start,1000,0,0,TTAGGG
utg000259l_Start,1000,1,0,TTAGGG
utg000260l_Start,1000,0,0,TTAGGG
utg000261l_Start,1000,1,0,TTAGGG
utg000262l_Start,1000,0,166,TTAGGG
utg000263l_Start,1000,0,0,TTAGGG
utg000264l_Start,1000,0,0,TTAGGG
utg000265l_Start,1000,0,1,TTAGGG
utg000266l_Start,1000,0,0,TTAGGG
utg000267l_Start,1000,0,0,TTAGGG
utg000268l_Start,1000,0,0,TTAGGG
utg000269l_Start,1000,1,0,TTAGGG
utg000270l_Start,1000,0,0,TTAGGG
utg000271l_Start,1000,0,0,TTAGGG
utg000272l_Start,1000,0,0,TTAGGG
utg000273l_Start,1000,0,1,TTAGGG
utg000274l_Start,1000,0,0,TTAGGG
utg000275l_Start,1000,1,0,TTAGGG
utg000276l_Start,1000,0,0,TTAGGG
utg000277l_Start,1000,0,0,TTAGGG
utg000278l_Start,1000,1,0,TTAGGG
utg000279l_Start,1000,0,1,TTAGGG
utg000280l_Start,1000,0,0,TTAGGG
utg000281l_Start,1000,0,0,TTAGGG
utg000282l_Start,1000,0,0,TTAGGG
utg000283l_Start,1000,0,158,TTAGGG
utg000284l_Start,1000,0,0,TTAGGG
utg000285l_Start,1000,1,0,TTAGGG
utg000286l_Start,1000,0,0,TTAGGG
utg000287l_Start,1000,0,0,TTAGGG
utg000288l_Start,1000,0,0,TTAGGG
utg000289l_Start,1000,0,0,TTAGGG
utg000290l_Start,1000,0,0,TTAGGG
utg000291l_Start,1000,0,0,TTAGGG
utg000292l_Start,1000,1,0,TTAGGG
utg000293l_Start,1000,1,0,TTAGGG
utg000294l_Start,1000,0,0,TTAGGG
utg000295l_Start,1000,0,1,TTAGGG
utg000296l_Start,1000,0,0,TTAGGG
utg000297l_Start,1000,0,2,TTAGGG
utg000298l_Start,1000,0,1,TTAGGG
utg000299l_Start,1000,0,0,TTAGGG
utg000300l_Start,1000,0,0,TTAGGG
utg000301l_Start,1000,0,0,TTAGGG
utg000302l_Start,1000,0,0,TTAGGG
utg000303l_Start,1000,1,0,TTAGGG
utg000304l_Start,1000,0,0,TTAGGG
utg000305l_Start,1000,0,0,TTAGGG
utg000306l_Start,1000,1,0,TTAGGG
utg000307l_Start,1000,0,0,TTAGGG
utg000308l_Start,1000,0,1,TTAGGG
utg000309l_Start,1000,0,0,TTAGGG
utg000310l_Start,1000,0,0,TTAGGG
utg000311l_Start,1000,0,0,TTAGGG
utg000312l_Start,1000,0,0,TTAGGG
utg000313l_Start,1000,0,0,TTAGGG
utg000314l_Start,1000,2,0,TTAGGG
utg000315l_Start,1000,0,1,TTAGGG
utg000316l_Start,1000,0,0,TTAGGG
utg000317l_Start,1000,0,165,TTAGGG
utg000318l_Start,1000,0,0,TTAGGG
utg000319l_Start,1000,1,0,TTAGGG
utg000320l_Start,1000,0,0,TTAGGG
utg000321l_Start,1000,0,0,TTAGGG
utg000322l_Start,1000,0,1,TTAGGG
utg000323l_Start,1000,0,0,TTAGGG
utg000324l_Start,1000,0,0,TTAGGG
utg000325l_Start,1000,0,0,TTAGGG
utg000326l_Start,1000,0,0,TTAGGG
utg000327l_Start,1000,0,0,TTAGGG
utg000328l_Start,1000,0,0,TTAGGG
utg000329l_Start,1000,0,1,TTAGGG
utg000330l_Start,1000,1,1,TTAGGG
utg000331l_Start,1000,0,0,TTAGGG
utg000332l_Start,1000,0,1,TTAGGG
utg000333l_Start,1000,1,0,TTAGGG
utg000334l_Start,1000,0,0,TTAGGG
utg000335l_Start,1000,0,0,TTAGGG
utg000336l_Start,1000,0,0,TTAGGG
utg000337l_Start,1000,0,0,TTAGGG
utg000338l_Start,1000,0,0,TTAGGG
utg000339l_Start,1000,0,0,TTAGGG
utg000340l_Start,1000,1,0,TTAGGG
utg000341l_Start,1000,0,0,TTAGGG
utg000342l_Start,1000,0,0,TTAGGG
utg000343l_Start,1000,0,0,TTAGGG
utg000344l_Start,1000,0,0,TTAGGG
utg000345l_Start,1000,0,1,TTAGGG
utg000346l_Start,1000,0,0,TTAGGG
utg000347l_Start,1000,0,0,TTAGGG
utg000348l_Start,1000,0,0,TTAGGG
utg000349l_Start,1000,1,0,TTAGGG
utg000350l_Start,1000,0,0,TTAGGG
utg000351l_Start,1000,0,0,TTAGGG
utg000352l_Start,1000,0,166,TTAGGG
utg000353l_Start,1000,0,0,TTAGGG
utg000354l_Start,1000,2,0,TTAGGG
utg000355l_Start,1000,0,0,TTAGGG
utg000356l_Start,1000,0,0,TTAGGG
utg000357l_Start,1000,0,0,TTAGGG
utg000358l_Start,1000,0,0,TTAGGG
utg000359l_Start,1000,0,0,TTAGGG
utg000360l_Start,1000,0,0,TTAGGG
utg000361l_Start,1000,0,1,TTAGGG
utg000362l_Start,1000,0,1,TTAGGG
utg000363l_Start,1000,1,0,TTAGGG
utg000364l_Start,1000,0,0,TTAGGG
utg000365l_Start,1000,0,0,TTAGGG
utg000366l_Start,1000,1,0,TTAGGG
utg000367l_Start,1000,0,0,TTAGGG
utg000368l_Start,1000,0,0,TTAGGG
utg000369l_Start,1000,0,0,TTAGGG
utg000370l_Start,1000,0,0,TTAGGG
utg000371l_Start,1000,0,1,TTAGGG
utg000372l_Start,1000,0,0,TTAGGG
utg000373l_Start,1000,0,0,TTAGGG
utg000374l_Start,1000,0,0,TTAGGG
utg000375l_Start,1000,1,0,TTAGGG
utg000376l_Start,1000,0,0,TTAGGG
utg000377l_Start,1000,0,0,TTAGGG
utg000378l_Start,1000,0,0,TTAGGG
utg000379l_Start,1000,0,0,TTAGGG
utg000380l_Start,1000,0,0,TTAGGG
utg000381l_Start,1000,0,0,TTAGGG
utg000382l_Start,1000,1,0,TTAGGG
utg000383l_Start,1000,0,0,TTAGGG
utg000384l_Start,1000,0,0,TTAGGG
utg000385l_Start,1000,0,1,TTAGGG
utg000386l_Start,1000,0,0,TTAGGG
utg000387l_Start,1000,0,0,TTAGGG
utg000388l_Start,1000,1,0,TTAGGG
utg000389l_Start,1000,0,0,TTAGGG
utg000390l_Start,1000,0,165,TTAGGG
utg000391l_Start,1000,0,0,TTAGGG
utg000392l_Start,1000,0,0,TTAGGG
utg000393l_Start,1000,0,0,TTAGGG
utg000394l_Start,1000,0,0,TTAGGG
utg000395l_Start,1000,0,0,TTAGGG
utg000396l_Start,1000,0,0,TTAGGG
utg000397l_Start,1000,0,0,TTAGGG
utg000398l_Start,1000,1,0,TTAGGG
utg000399l_Start,1000,1,0,TTAGGG
utg000400l_Start,1000,0,0,TTAGGG
utg000401l_Start,1000,0,1,TTAGGG
utg000402l_Start,1000,0,0,TTAGGG
utg000403l_Start,1000,0,0,TTAGGG
utg000404l_Start,1000,0,0,TTAGGG
utg000405l_Start,1000,0,0,TTAGGG
utg000406l_Start,1000,0,0,TTAGGG
utg000407l_Start,1000,0,0,TTAGGG
utg000408l_Start,1000,0,0,TTAGGG
utg000409l_Start,1000,0,0,TTAGGG
utg000410l_Start,1000,0,1,TTAGGG
utg000411l_Start,1000,0,0,TTAGGG
utg000412l_Start,1000,0,0,TTAGGG
utg000413l_Start,1000,2,1,TTAGGG
utg000414l_Start,1000,1,0,TTAGGG
utg000415l_Start,1000,0,0,TTAGGG
utg000416l_Start,1000,0,0,TTAGGG
utg000417l_Start,1000,0,0,TTAGGG
utg000418l_Start,1000,0,1,TTAGGG
utg000419l_Start,1000,0,1,TTAGGG
utg000420l_Start,1000,1,0,TTAGGG
utg000421l_Start,1000,0,0,TTAGGG
utg000422l_Start,1000,0,0,TTAGGG
utg000423l_Start,1000,0,1,TTAGGG
utg000424l_Start,1000,1,0,TTAGGG
utg000425l_Start,1000,0,0,TTAGGG
utg000426l_Start,1000,0,0,TTAGGG
utg000427l_Start,1000,0,0,TTAGGG
utg000428l_Start,1000,0,0,TTAGGG
utg000429l_Start,1000,0,0,TTAGGG
utg000430l_Start,1000,0,0,TTAGGG
utg000431l_Start,1000,0,0,TTAGGG
utg000432l_Start,1000,0,165,TTAGGG
utg000433l_Start,1000,0,1,TTAGGG
utg000434l_Start,1000,0,0,TTAGGG
utg000435l_Start,1000,1,0,TTAGGG
utg000436l_Start,1000,0,0,TTAGGG
utg000437l_Start,1000,0,0,TTAGGG
utg000438l_Start,1000,0,165,TTAGGG
utg000439l_Start,1000,0,0,TTAGGG
utg000440l_Start,1000,0,0,TTAGGG
utg000441l_Start,1000,0,0,TTAGGG
utg000442l_Start,1000,0,0,TTAGGG
utg000443l_Start,1000,0,0,TTAGGG
utg000444l_Start,1000,0,2,TTAGGG
utg000445l_Start,1000,0,0,TTAGGG
utg000446l_Start,1000,0,0,TTAGGG
utg000447l_Start,1000,1,0,TTAGGG
utg000448l_Start,1000,1,0,TTAGGG
utg000449l_Start,1000,0,0,TTAGGG
utg000450l_Start,1000,1,1,TTAGGG
utg000451l_Start,1000,0,0,TTAGGG
utg000452l_Start,1000,0,0,TTAGGG
utg000453l_Start,1000,0,0,TTAGGG
utg000454l_Start,1000,0,0,TTAGGG
utg000455l_Start,1000,0,0,TTAGGG
utg000456l_Start,1000,0,0,TTAGGG
utg000457l_Start,1000,0,0,TTAGGG
utg000458l_Start,1000,1,0,TTAGGG
utg000459l_Start,1000,0,0,TTAGGG
utg000460l_Start,1000,0,0,TTAGGG
utg000461l_Start,1000,0,0,TTAGGG
utg000462l_Start,1000,1,0,TTAGGG
utg000463l_Start,1000,0,0,TTAGGG
utg000464l_Start,1000,1,1,TTAGGG
utg000465l_Start,1000,0,0,TTAGGG
utg000466l_Start,1000,0,1,TTAGGG
utg000467l_Start,1000,0,0,TTAGGG
utg000468l_Start,1000,0,0,TTAGGG
utg000469l_Start,1000,0,0,TTAGGG
utg000470l_Start,1000,1,0,TTAGGG
utg000471l_Start,1000,1,0,TTAGGG
utg000472l_Start,1000,0,0,TTAGGG
utg000473l_Start,1000,0,0,TTAGGG
utg000474l_Start,1000,0,1,TTAGGG
utg000475l_Start,1000,0,0,TTAGGG
utg000476l_Start,1000,1,1,TTAGGG
utg000477l_Start,1000,1,0,TTAGGG
utg000478l_Start,1000,0,0,TTAGGG
utg000479l_Start,1000,0,0,TTAGGG
utg000480l_Start,1000,0,0,TTAGGG
utg000481l_Start,1000,0,1,TTAGGG
utg000482l_Start,1000,0,0,TTAGGG
utg000483l_Start,1000,0,0,TTAGGG
utg000484l_Start,1000,0,0,TTAGGG
utg000485l_Start,1000,0,0,TTAGGG
utg000486l_Start,1000,0,0,TTAGGG
utg000487l_Start,1000,0,0,TTAGGG
utg000488l_Start,1000,0,0,TTAGGG
utg000489l_Start,1000,1,0,TTAGGG
utg000490l_Start,1000,0,0,TTAGGG
utg000491l_Start,1000,0,1,TTAGGG
utg000492l_Start,1000,2,1,TTAGGG
utg000493l_Start,1000,0,0,TTAGGG
utg000494l_Start,1000,0,0,TTAGGG
utg000495l_Start,1000,0,0,TTAGGG
utg000496l_Start,1000,0,0,TTAGGG
utg000497l_Start,1000,0,1,TTAGGG
utg000498l_Start,1000,0,0,TTAGGG
utg000499l_Start,1000,0,0,TTAGGG
utg000500l_Start,1000,0,0,TTAGGG
utg000501l_Start,1000,0,0,TTAGGG
utg000502l_Start,1000,0,1,TTAGGG
utg000503l_Start,1000,0,0,TTAGGG
utg000504l_Start,1000,0,1,TTAGGG
utg000505l_Start,1000,0,0,TTAGGG
utg000506l_Start,1000,0,1,TTAGGG
utg000507l_Start,1000,0,0,TTAGGG
utg000508l_Start,1000,0,0,TTAGGG
utg000509l_Start,1000,1,0,TTAGGG
utg000510l_Start,1000,0,0,TTAGGG
utg000511l_Start,1000,0,0,TTAGGG
utg000512l_Start,1000,0,0,TTAGGG
utg000513l_Start,1000,0,0,TTAGGG
utg000514l_Start,1000,0,0,TTAGGG
utg000515l_Start,1000,0,0,TTAGGG
utg000516l_Start,1000,0,0,TTAGGG
utg000517l_Start,1000,0,0,TTAGGG
utg000518l_Start,1000,0,0,TTAGGG
utg000519l_Start,1000,0,0,TTAGGG
utg000520l_Start,1000,0,0,TTAGGG
utg000521l_Start,1000,0,0,TTAGGG
utg000522l_Start,1000,0,0,TTAGGG
utg000523l_Start,1000,0,0,TTAGGG
utg000524l_Start,1000,0,0,TTAGGG
utg000525l_Start,1000,0,2,TTAGGG
utg000526l_Start,1000,0,0,TTAGGG
utg000527l_Start,1000,0,166,TTAGGG
utg000528l_Start,1000,0,0,TTAGGG
utg000529l_Start,1000,0,1,TTAGGG
utg000530l_Start,1000,0,1,TTAGGG
utg000531l_Start,1000,0,0,TTAGGG
utg000532l_Start,1000,0,0,TTAGGG
utg000533l_Start,1000,0,0,TTAGGG
utg000534l_Start,1000,1,0,TTAGGG
utg000535l_Start,1000,1,0,TTAGGG
utg000536l_Start,1000,2,1,TTAGGG
utg000537l_Start,1000,0,0,TTAGGG
utg000538l_Start,1000,0,0,TTAGGG
utg000539l_Start,1000,0,0,TTAGGG
utg000540l_Start,1000,0,0,TTAGGG
utg000541l_Start,1000,0,0,TTAGGG
utg000542l_Start,1000,0,0,TTAGGG
utg000543l_Start,1000,0,0,TTAGGG
utg000544l_Start,1000,0,0,TTAGGG
utg000545l_Start,1000,0,0,TTAGGG
utg000546l_Start,1000,0,0,TTAGGG
utg000547l_Start,1000,0,1,TTAGGG
utg000548l_Start,1000,0,0,TTAGGG
utg000549l_Start,1000,1,0,TTAGGG
utg000550l_Start,1000,1,1,TTAGGG
utg000551l_Start,1000,2,0,TTAGGG
utg000552l_Start,1000,0,1,TTAGGG
utg000553l_Start,1000,0,0,TTAGGG
utg000554l_Start,1000,0,1,TTAGGG
utg000555l_Start,1000,0,0,TTAGGG
utg000556l_Start,1000,1,0,TTAGGG
utg000557l_Start,1000,0,0,TTAGGG
utg000558l_Start,1000,0,166,TTAGGG
utg000559l_Start,1000,0,0,TTAGGG
utg000560l_Start,1000,0,0,TTAGGG
utg000561l_Start,1000,0,0,TTAGGG
utg000562l_Start,1000,0,0,TTAGGG
utg000563l_Start,1000,0,0,TTAGGG
utg000564l_Start,1000,0,0,TTAGGG
utg000565l_Start,1000,0,0,TTAGGG
utg000566l_Start,1000,0,0,TTAGGG
utg000567l_Start,1000,0,0,TTAGGG
utg000568l_Start,1000,0,0,TTAGGG
utg000569l_Start,1000,0,0,TTAGGG
utg000570l_Start,1000,0,0,TTAGGG
utg000571l_Start,1000,0,0,TTAGGG
utg000572l_Start,1000,0,0,TTAGGG
utg000573l_Start,1000,0,0,TTAGGG
utg000574l_Start,1000,0,0,TTAGGG
utg000575l_Start,1000,0,0,TTAGGG
utg000576l_Start,1000,0,0,TTAGGG
utg000577l_Start,1000,0,1,TTAGGG
utg000578l_Start,1000,0,1,TTAGGG
utg000579l_Start,1000,0,0,TTAGGG
utg000580l_Start,1000,0,1,TTAGGG
utg000581l_Start,1000,1,1,TTAGGG
utg000582l_Start,1000,0,0,TTAGGG
utg000583l_Start,1000,2,0,TTAGGG
utg000584l_Start,1000,0,0,TTAGGG
utg000585l_Start,1000,0,0,TTAGGG
utg000586l_Start,1000,0,0,TTAGGG
utg000587l_Start,1000,0,0,TTAGGG
utg000588l_Start,1000,0,0,TTAGGG
utg000589l_Start,1000,1,0,TTAGGG
utg000590l_Start,1000,0,0,TTAGGG
utg000591l_Start,1000,0,0,TTAGGG
utg000592l_Start,1000,0,0,TTAGGG
utg000593l_Start,1000,0,0,TTAGGG
utg000594l_Start,1000,0,0,TTAGGG
utg000595l_Start,1000,0,0,TTAGGG
utg000596l_Start,1000,0,0,TTAGGG
utg000597l_Start,1000,0,0,TTAGGG
utg000598l_Start,1000,0,0,TTAGGG
utg000599l_Start,1000,0,1,TTAGGG
utg000600l_Start,1000,0,0,TTAGGG
utg000601l_Start,1000,1,0,TTAGGG
utg000602l_Start,1000,0,0,TTAGGG
utg000603l_Start,1000,0,0,TTAGGG
utg000604l_Start,1000,0,0,TTAGGG
utg000605l_Start,1000,0,1,TTAGGG
utg000606l_Start,1000,0,0,TTAGGG
utg000607l_Start,1000,0,166,TTAGGG
utg000608l_Start,1000,0,1,TTAGGG
utg000609l_Start,1000,0,0,TTAGGG
utg000610l_Start,1000,0,0,TTAGGG
utg000611l_Start,1000,0,0,TTAGGG
utg000612l_Start,1000,0,0,TTAGGG
utg000613l_Start,1000,0,1,TTAGGG
utg000614l_Start,1000,0,0,TTAGGG
utg000615l_Start,1000,0,0,TTAGGG
utg000616l_Start,1000,0,0,TTAGGG
utg000617l_Start,1000,0,0,TTAGGG
utg000618l_Start,1000,0,0,TTAGGG
utg000619l_Start,1000,0,0,TTAGGG
utg000620l_Start,1000,0,0,TTAGGG
utg000621l_Start,1000,1,0,TTAGGG
utg000622l_Start,1000,0,0,TTAGGG
utg000623l_Start,1000,0,0,TTAGGG
utg000624l_Start,1000,0,0,TTAGGG
utg000625l_Start,1000,0,0,TTAGGG
utg000626l_Start,1000,0,0,TTAGGG
utg000627l_Start,1000,0,0,TTAGGG
utg000628l_Start,1000,0,0,TTAGGG
utg000629l_Start,1000,0,1,TTAGGG
utg000630l_Start,1000,0,0,TTAGGG
utg000631l_Start,1000,1,0,TTAGGG
utg000632l_Start,1000,1,1,TTAGGG
utg000633l_Start,1000,0,0,TTAGGG
utg000634l_Start,1000,0,0,TTAGGG
utg000635l_Start,1000,1,0,TTAGGG
utg000636l_Start,1000,0,0,TTAGGG
utg000637l_Start,1000,1,1,TTAGGG
utg000638l_Start,1000,0,0,TTAGGG
utg000639l_Start,1000,0,0,TTAGGG
utg000640l_Start,1000,1,0,TTAGGG
utg000641l_Start,1000,0,0,TTAGGG
utg000642l_Start,1000,0,0,TTAGGG
utg000643l_Start,1000,0,1,TTAGGG
utg000644l_Start,1000,0,0,TTAGGG
utg000645l_Start,1000,0,0,TTAGGG
utg000646l_Start,1000,0,0,TTAGGG
utg000647l_Start,1000,0,0,TTAGGG
utg000648l_Start,1000,1,0,TTAGGG
utg000649l_Start,1000,0,0,TTAGGG
utg000650l_Start,1000,0,0,TTAGGG
utg000651l_Start,1000,0,0,TTAGGG
utg000652l_Start,1000,0,0,TTAGGG
utg000653l_Start,1000,0,0,TTAGGG
utg000654l_Start,1000,0,0,TTAGGG
utg000655l_Start,1000,0,0,TTAGGG
utg000656l_Start,1000,0,166,TTAGGG
utg000657l_Start,1000,0,0,TTAGGG
utg000658l_Start,1000,0,1,TTAGGG
utg000659l_Start,1000,0,0,TTAGGG
utg000660l_Start,1000,0,0,TTAGGG
utg000661l_Start,1000,0,0,TTAGGG
utg000662l_Start,1000,0,0,TTAGGG
utg000663l_Start,1000,0,0,TTAGGG
utg000664l_Start,1000,0,0,TTAGGG
utg000665l_Start,1000,0,0,TTAGGG
utg000666l_Start,1000,0,0,TTAGGG
utg000667l_Start,1000,0,0,TTAGGG
utg000668l_Start,1000,0,166,TTAGGG
utg000669l_Start,1000,0,0,TTAGGG
utg000670l_Start,1000,0,0,TTAGGG
utg000671l_Start,1000,0,0,TTAGGG
utg000672l_Start,1000,0,0,TTAGGG
utg000673l_Start,1000,0,0,TTAGGG
utg000674l_Start,1000,1,0,TTAGGG
utg000675l_Start,1000,0,0,TTAGGG
utg000676l_Start,1000,1,0,TTAGGG
utg000677l_Start,1000,0,0,TTAGGG
utg000678l_Start,1000,0,0,TTAGGG
utg000679l_Start,1000,0,0,TTAGGG
utg000680l_Start,1000,1,0,TTAGGG
utg000681l_Start,1000,0,0,TTAGGG
utg000682l_Start,1000,0,0,TTAGGG
utg000683l_Start,1000,0,0,TTAGGG
utg000684l_Start,1000,0,0,TTAGGG
utg000685l_Start,1000,0,0,TTAGGG
utg000686l_Start,1000,0,1,TTAGGG
utg000687l_Start,1000,0,1,TTAGGG
utg000688l_Start,1000,0,0,TTAGGG
utg000689l_Start,1000,0,1,TTAGGG
utg000690l_Start,1000,1,0,TTAGGG
utg000691l_Start,1000,0,1,TTAGGG
utg000692l_Start,1000,1,0,TTAGGG
utg000693l_Start,1000,0,0,TTAGGG
utg000694l_Start,1000,1,0,TTAGGG
utg000695l_Start,1000,0,0,TTAGGG
utg000696l_Start,1000,0,0,TTAGGG
utg000697l_Start,1000,0,0,TTAGGG
utg000698l_Start,1000,0,0,TTAGGG
utg000699l_Start,1000,0,0,TTAGGG
utg000700l_Start,1000,0,0,TTAGGG
utg000701l_Start,1000,0,0,TTAGGG
utg000702l_Start,1000,0,0,TTAGGG
utg000703l_Start,1000,1,0,TTAGGG
utg000704l_Start,1000,0,0,TTAGGG
utg000705l_Start,1000,0,0,TTAGGG
utg000706l_Start,1000,0,0,TTAGGG
utg000707l_Start,1000,0,0,TTAGGG
utg000708l_Start,1000,0,0,TTAGGG
utg000709l_Start,1000,0,0,TTAGGG
utg000710l_Start,1000,0,0,TTAGGG
utg000711l_Start,1000,0,0,TTAGGG
utg000712l_Start,1000,0,1,TTAGGG
utg000713l_Start,1000,1,0,TTAGGG
utg000714l_Start,1000,0,0,TTAGGG
utg000715l_Start,1000,0,0,TTAGGG
utg000716l_Start,1000,1,0,TTAGGG
utg000717l_Start,1000,0,1,TTAGGG
utg000718l_Start,1000,0,0,TTAGGG
utg000719l_Start,1000,0,0,TTAGGG
utg000720l_Start,1000,0,0,TTAGGG
utg000721l_Start,1000,0,0,TTAGGG
utg000722l_Start,1000,0,0,TTAGGG
utg000723l_Start,1000,0,1,TTAGGG
utg000724l_Start,1000,0,0,TTAGGG
utg000725l_Start,1000,0,0,TTAGGG
utg000726l_Start,1000,0,0,TTAGGG
utg000727l_Start,1000,0,0,TTAGGG
utg000728l_Start,1000,1,0,TTAGGG
utg000729l_Start,1000,1,0,TTAGGG
utg000730l_Start,1000,1,0,TTAGGG
utg000731l_Start,1000,1,0,TTAGGG
utg000732l_Start,1000,0,0,TTAGGG
utg000733l_Start,1000,0,0,TTAGGG
utg000734l_Start,1000,0,1,TTAGGG
utg000735l_Start,1000,0,0,TTAGGG
utg000736l_Start,1000,0,0,TTAGGG
utg000737l_Start,1000,0,0,TTAGGG
utg000738l_Start,1000,0,0,TTAGGG
utg000739l_Start,1000,0,0,TTAGGG
utg000740l_Start,1000,0,0,TTAGGG
utg000741l_Start,1000,0,0,TTAGGG
utg000742l_Start,1000,0,1,TTAGGG
utg000743l_Start,1000,1,0,TTAGGG
utg000744l_Start,1000,1,0,TTAGGG
utg000745l_Start,1000,0,2,TTAGGG
utg000746l_Start,1000,0,1,TTAGGG
utg000747l_Start,1000,0,0,TTAGGG
utg000748l_Start,1000,0,0,TTAGGG
utg000749l_Start,1000,0,0,TTAGGG
utg000750l_Start,1000,1,0,TTAGGG
utg000751l_Start,1000,0,1,TTAGGG
utg000752l_Start,1000,0,0,TTAGGG
utg000753l_Start,1000,0,0,TTAGGG
utg000754l_Start,1000,0,0,TTAGGG
utg000755l_Start,1000,0,0,TTAGGG
utg000756l_Start,1000,0,0,TTAGGG
utg000757l_Start,1000,0,0,TTAGGG
utg000758l_Start,1000,0,166,TTAGGG
utg000759l_Start,1000,0,151,TTAGGG
utg000760l_Start,1000,0,0,TTAGGG
utg000761l_Start,1000,0,1,TTAGGG
utg000762l_Start,1000,0,1,TTAGGG
utg000763l_Start,1000,0,0,TTAGGG
utg000764l_Start,1000,0,1,TTAGGG
utg000765l_Start,1000,0,0,TTAGGG
utg000766l_Start,1000,0,0,TTAGGG
utg000767l_Start,1000,0,0,TTAGGG
utg000768l_Start,1000,0,0,TTAGGG
utg000769l_Start,1000,0,0,TTAGGG
utg000770l_Start,1000,0,0,TTAGGG
utg000771l_Start,1000,0,1,TTAGGG
utg000772l_Start,1000,0,1,TTAGGG
utg000773l_Start,1000,0,166,TTAGGG
utg000774l_Start,1000,0,0,TTAGGG
utg000775l_Start,1000,0,0,TTAGGG
utg000776l_Start,1000,0,0,TTAGGG
utg000777l_Start,1000,0,0,TTAGGG
utg000778l_Start,1000,0,0,TTAGGG
utg000779l_Start,1000,0,0,TTAGGG
utg000780l_Start,1000,1,0,TTAGGG
utg000781l_Start,1000,0,1,TTAGGG
utg000782l_Start,1000,0,0,TTAGGG
utg000783l_Start,1000,0,0,TTAGGG
utg000784l_Start,1000,0,0,TTAGGG
utg000785l_Start,1000,0,0,TTAGGG
utg000786l_Start,1000,0,0,TTAGGG
utg000787l_Start,1000,0,0,TTAGGG
utg000788l_Start,1000,0,0,TTAGGG
utg000789l_Start,1000,0,0,TTAGGG
utg000790l_Start,1000,0,0,TTAGGG
utg000791l_Start,1000,0,1,TTAGGG
utg000792l_Start,1000,0,0,TTAGGG
utg000793l_Start,1000,0,0,TTAGGG
utg000794l_Start,1000,0,0,TTAGGG
utg000795l_Start,1000,0,0,TTAGGG
utg000796l_Start,1000,0,0,TTAGGG
utg000797l_Start,1000,0,0,TTAGGG
utg000798l_Start,1000,1,0,TTAGGG
utg000799l_Start,1000,0,0,TTAGGG
utg000800l_Start,1000,0,0,TTAGGG
utg000801l_Start,1000,1,0,TTAGGG
utg000802l_Start,1000,0,0,TTAGGG
utg000803l_Start,1000,2,0,TTAGGG
utg000804l_Start,1000,0,0,TTAGGG
utg000805l_Start,1000,1,0,TTAGGG
utg000806l_Start,1000,0,0,TTAGGG
utg000807l_Start,1000,0,0,TTAGGG
utg000808l_Start,1000,0,0,TTAGGG
utg000809l_Start,1000,0,0,TTAGGG
utg000810l_Start,1000,1,0,TTAGGG
utg000811l_Start,1000,0,0,TTAGGG
utg000812l_Start,1000,0,1,TTAGGG
utg000813l_Start,1000,1,0,TTAGGG
utg000814l_Start,1000,0,0,TTAGGG
utg000815l_Start,1000,1,0,TTAGGG
utg000816l_Start,1000,0,1,TTAGGG
utg000817l_Start,1000,1,1,TTAGGG
utg000818l_Start,1000,0,0,TTAGGG
utg000819l_Start,1000,0,1,TTAGGG
utg000820l_Start,1000,0,0,TTAGGG
utg000821l_Start,1000,0,166,TTAGGG
utg000822l_Start,1000,0,0,TTAGGG
utg000823l_Start,1000,0,0,TTAGGG
utg000824l_Start,1000,0,0,TTAGGG
utg000825l_Start,1000,0,166,TTAGGG
utg000826l_Start,1000,1,0,TTAGGG
utg000827l_Start,1000,1,0,TTAGGG
utg000828l_Start,1000,0,0,TTAGGG
utg000829l_Start,1000,0,0,TTAGGG
utg000830l_Start,1000,0,1,TTAGGG
utg000831l_Start,1000,0,0,TTAGGG
utg000832l_Start,1000,0,0,TTAGGG
utg000833l_Start,1000,0,0,TTAGGG
utg000834l_Start,1000,0,0,TTAGGG
utg000835l_Start,1000,0,0,TTAGGG
utg000836l_Start,1000,1,1,TTAGGG
utg000837l_Start,1000,0,0,TTAGGG
utg000838l_Start,1000,0,0,TTAGGG
utg000839l_Start,1000,0,0,TTAGGG
utg000840l_Start,1000,0,0,TTAGGG
utg000841l_Start,1000,1,0,TTAGGG
utg000842l_Start,1000,0,0,TTAGGG
utg000843l_Start,1000,0,0,TTAGGG
utg000844l_Start,1000,0,0,TTAGGG
utg000845l_Start,1000,0,0,TTAGGG
utg000846l_Start,1000,0,0,TTAGGG
utg000847l_Start,1000,0,0,TTAGGG
utg000848l_Start,1000,1,1,TTAGGG
utg000849l_Start,1000,0,0,TTAGGG
utg000850l_Start,1000,0,0,TTAGGG
utg000851l_Start,1000,1,0,TTAGGG
utg000852l_Start,1000,0,0,TTAGGG
utg000853l_Start,1000,1,0,TTAGGG
utg000854l_Start,1000,0,0,TTAGGG
utg000855l_Start,1000,0,0,TTAGGG
utg000856l_Start,1000,0,0,TTAGGG
utg000857l_Start,1000,0,2,TTAGGG
utg000858l_Start,1000,2,0,TTAGGG
utg000859l_Start,1000,2,0,TTAGGG
utg000860l_Start,1000,0,0,TTAGGG
utg000861l_Start,1000,0,0,TTAGGG
utg000862l_Start,1000,1,0,TTAGGG
utg000863l_Start,1000,0,0,TTAGGG
utg000864l_Start,1000,0,0,TTAGGG
utg000865l_Start,1000,0,0,TTAGGG
utg000866l_Start,1000,0,0,TTAGGG
utg000867l_Start,1000,1,0,TTAGGG
utg000868l_Start,1000,0,0,TTAGGG
utg000869l_Start,1000,0,0,TTAGGG
utg000870l_Start,1000,0,0,TTAGGG
utg000871l_Start,1000,1,0,TTAGGG
utg000872l_Start,1000,0,0,TTAGGG
utg000873l_Start,1000,0,1,TTAGGG
utg000874l_Start,1000,1,0,TTAGGG
utg000875l_Start,1000,1,0,TTAGGG
utg000876l_Start,1000,0,0,TTAGGG
utg000877l_Start,1000,0,2,TTAGGG
utg000878l_Start,1000,0,0,TTAGGG
utg000879l_Start,1000,0,0,TTAGGG
utg000880l_Start,1000,0,0,TTAGGG
utg000881l_Start,1000,0,0,TTAGGG
utg000882l_Start,1000,1,1,TTAGGG
utg000883l_Start,1000,0,0,TTAGGG
utg000884l_Start,1000,0,0,TTAGGG
utg000885l_Start,1000,0,0,TTAGGG
utg000886l_Start,1000,0,0,TTAGGG
utg000887l_Start,1000,0,0,TTAGGG
utg000888l_Start,1000,0,166,TTAGGG
utg000889l_Start,1000,0,0,TTAGGG
utg000890l_Start,1000,0,0,TTAGGG
utg000891l_Start,1000,0,0,TTAGGG
utg000892l_Start,1000,0,1,TTAGGG
utg000893l_Start,1000,1,0,TTAGGG
utg000894l_Start,1000,0,0,TTAGGG
utg000895l_Start,1000,0,0,TTAGGG
utg000896l_Start,1000,0,0,TTAGGG
utg000897l_Start,1000,0,0,TTAGGG
utg000898l_Start,1000,0,0,TTAGGG
utg000899l_Start,1000,1,0,TTAGGG
utg000900l_Start,1000,0,0,TTAGGG
utg000901l_Start,1000,0,0,TTAGGG
utg000902l_Start,1000,0,0,TTAGGG
utg000903l_Start,1000,1,0,TTAGGG
utg000904l_Start,1000,0,0,TTAGGG
utg000905l_Start,1000,0,0,TTAGGG
utg000906l_Start,1000,0,0,TTAGGG
utg000907l_Start,1000,0,0,TTAGGG
utg000908l_Start,1000,0,0,TTAGGG
utg000909l_Start,1000,0,0,TTAGGG
utg000910l_Start,1000,0,0,TTAGGG
utg000911l_Start,1000,0,1,TTAGGG
utg000912l_Start,1000,0,0,TTAGGG
utg000913l_Start,1000,0,0,TTAGGG
utg000914l_Start,1000,0,0,TTAGGG
utg000915l_Start,1000,0,0,TTAGGG
utg000916l_Start,1000,0,0,TTAGGG
utg000917l_Start,1000,0,0,TTAGGG
utg000918l_Start,1000,0,0,TTAGGG
utg000919l_Start,1000,0,0,TTAGGG
utg000920l_Start,1000,0,1,TTAGGG
utg000921l_Start,1000,0,166,TTAGGG
utg000922l_Start,1000,1,0,TTAGGG
utg000923l_Start,1000,0,1,TTAGGG
utg000924l_Start,1000,0,0,TTAGGG
utg000925l_Start,1000,0,1,TTAGGG
utg000926l_Start,1000,0,0,TTAGGG
utg000927l_Start,1000,2,0,TTAGGG
utg000928l_Start,1000,0,0,TTAGGG
utg000929l_Start,1000,0,0,TTAGGG
utg000930l_Start,1000,0,0,TTAGGG
utg000931l_Start,1000,0,0,TTAGGG
utg000932l_Start,1000,0,0,TTAGGG
utg000933l_Start,1000,0,1,TTAGGG
utg000934l_Start,1000,0,0,TTAGGG
utg000935l_Start,1000,0,0,TTAGGG
utg000936l_Start,1000,0,0,TTAGGG
utg000937l_Start,1000,0,0,TTAGGG
utg000938l_Start,1000,1,2,TTAGGG
utg000939l_Start,1000,1,0,TTAGGG
utg000940l_Start,1000,0,166,TTAGGG
utg000941l_Start,1000,0,0,TTAGGG
utg000942l_Start,1000,0,0,TTAGGG
utg000943l_Start,1000,0,0,TTAGGG
utg000944l_Start,1000,0,0,TTAGGG
utg000945l_Start,1000,0,0,TTAGGG
utg000946l_Start,1000,0,0,TTAGGG
utg000947l_Start,1000,0,0,TTAGGG
utg000948l_Start,1000,1,0,TTAGGG
utg000949l_Start,1000,1,0,TTAGGG
utg000950l_Start,1000,0,0,TTAGGG
utg000951l_Start,1000,0,0,TTAGGG
utg000952l_Start,1000,0,1,TTAGGG
utg000953l_Start,1000,1,0,TTAGGG
utg000954l_Start,1000,0,2,TTAGGG
utg000955l_Start,1000,0,166,TTAGGG
utg000956l_Start,1000,0,0,TTAGGG
utg000957l_Start,1000,0,1,TTAGGG
utg000958l_Start,1000,0,0,TTAGGG
utg000959l_Start,1000,0,1,TTAGGG
utg000960l_Start,1000,0,0,TTAGGG
utg000961l_Start,1000,0,1,TTAGGG
utg000962l_Start,1000,0,0,TTAGGG
utg000963l_Start,1000,0,0,TTAGGG
utg000964l_Start,1000,0,0,TTAGGG
utg000965l_Start,1000,0,0,TTAGGG
utg000966l_Start,1000,1,1,TTAGGG
utg000967l_Start,1000,0,0,TTAGGG
utg000968l_Start,1000,0,0,TTAGGG
utg000969l_Start,1000,0,0,TTAGGG
utg000970l_Start,1000,0,0,TTAGGG
utg000971l_Start,1000,1,0,TTAGGG
utg000972l_Start,1000,0,1,TTAGGG
utg000973l_Start,1000,0,0,TTAGGG
utg000974l_Start,1000,0,0,TTAGGG
utg000975l_Start,1000,1,0,TTAGGG
utg000976l_Start,1000,1,0,TTAGGG
utg000977l_Start,1000,1,0,TTAGGG
utg000978l_Start,1000,0,0,TTAGGG
utg000979l_Start,1000,0,0,TTAGGG
utg000980l_Start,1000,0,0,TTAGGG
utg000981l_Start,1000,0,1,TTAGGG
utg000982l_Start,1000,0,0,TTAGGG
utg000983l_Start,1000,1,0,TTAGGG
utg000984l_Start,1000,0,0,TTAGGG
utg000985l_Start,1000,0,0,TTAGGG
utg000986l_Start,1000,0,0,TTAGGG
utg000987l_Start,1000,0,0,TTAGGG
utg000988l_Start,1000,0,0,TTAGGG
utg000989l_Start,1000,0,0,TTAGGG
utg000990l_Start,1000,0,0,TTAGGG
utg000991l_Start,1000,1,0,TTAGGG
utg000992l_Start,1000,0,0,TTAGGG
utg000993l_Start,1000,0,0,TTAGGG
utg000994l_Start,1000,0,0,TTAGGG
utg000995l_Start,1000,0,0,TTAGGG
utg000996l_Start,1000,0,0,TTAGGG
utg000997l_Start,1000,0,0,TTAGGG
utg000998l_Start,1000,0,1,TTAGGG
utg000999l_Start,1000,0,0,TTAGGG
utg001000l_Start,1000,0,0,TTAGGG
utg001001l_Start,1000,0,0,TTAGGG
utg001002l_Start,1000,0,0,TTAGGG
utg001003l_Start,1000,1,1,TTAGGG
utg001004l_Start,1000,1,0,TTAGGG
utg001005l_Start,1000,0,0,TTAGGG
utg001006l_Start,1000,0,0,TTAGGG
utg001007l_Start,1000,0,0,TTAGGG
utg001008l_Start,1000,0,0,TTAGGG
utg001009l_Start,1000,0,0,TTAGGG
utg001010l_Start,1000,0,0,TTAGGG
utg001011l_Start,1000,0,0,TTAGGG
utg001012l_Start,1000,0,0,TTAGGG
utg001013l_Start,1000,0,0,TTAGGG
utg001014l_Start,1000,0,0,TTAGGG
utg001015l_Start,1000,0,0,TTAGGG
utg001016l_Start,1000,1,0,TTAGGG
utg001017l_Start,1000,0,0,TTAGGG
utg001018l_Start,1000,0,0,TTAGGG
utg001019l_Start,1000,0,0,TTAGGG
utg001020l_Start,1000,0,0,TTAGGG
utg001021l_Start,1000,0,1,TTAGGG
utg001022l_Start,1000,0,0,TTAGGG
utg001023l_Start,1000,0,0,TTAGGG
utg001024l_Start,1000,0,1,TTAGGG
utg001025l_Start,1000,0,0,TTAGGG
utg001026l_Start,1000,0,1,TTAGGG
utg001027l_Start,1000,1,2,TTAGGG
utg001028l_Start,1000,0,1,TTAGGG
utg001029l_Start,1000,0,1,TTAGGG
utg001030l_Start,1000,1,1,TTAGGG
utg001031l_Start,1000,0,0,TTAGGG
utg001032l_Start,1000,1,0,TTAGGG
utg001033l_Start,1000,0,0,TTAGGG
utg001034l_Start,1000,0,0,TTAGGG
utg001035l_Start,1000,0,0,TTAGGG
utg001036l_Start,1000,0,0,TTAGGG
utg001037l_Start,1000,0,0,TTAGGG
utg001038l_Start,1000,1,0,TTAGGG
utg001039l_Start,1000,0,0,TTAGGG
utg001040l_Start,1000,0,0,TTAGGG
utg001041l_Start,1000,0,0,TTAGGG
utg001042l_Start,1000,0,0,TTAGGG
utg001043l_Start,1000,1,1,TTAGGG
utg001044l_Start,1000,0,0,TTAGGG
utg001045l_Start,1000,0,0,TTAGGG
utg001046l_Start,1000,0,0,TTAGGG
utg001047l_Start,1000,0,0,TTAGGG
utg001048l_Start,1000,0,0,TTAGGG
utg001049l_Start,1000,0,0,TTAGGG
utg001050l_Start,1000,0,0,TTAGGG
utg001051l_Start,1000,0,0,TTAGGG
utg001052l_Start,1000,0,1,TTAGGG
utg001053l_Start,1000,0,0,TTAGGG
utg001054l_Start,1000,0,0,TTAGGG
utg001055l_Start,1000,0,0,TTAGGG
utg001056l_Start,1000,0,0,TTAGGG
utg001057l_Start,1000,0,0,TTAGGG
utg001058l_Start,1000,2,1,TTAGGG
utg001059l_Start,1000,0,0,TTAGGG
utg001060l_Start,1000,1,0,TTAGGG
utg001061l_Start,1000,0,0,TTAGGG
utg001062l_Start,1000,0,0,TTAGGG
utg001063l_Start,1000,1,0,TTAGGG
utg001064l_Start,1000,0,0,TTAGGG
utg001065l_Start,1000,0,0,TTAGGG
utg001066l_Start,1000,0,0,TTAGGG
utg001067l_Start,1000,0,0,TTAGGG
utg001068l_Start,1000,0,0,TTAGGG
utg001069l_Start,1000,0,0,TTAGGG
utg001070l_Start,1000,0,0,TTAGGG
utg001071l_Start,1000,0,0,TTAGGG
utg001072l_Start,1000,0,0,TTAGGG
utg001073l_Start,1000,1,1,TTAGGG
utg001074l_Start,1000,0,0,TTAGGG
utg001075l_Start,1000,0,0,TTAGGG
utg001076l_Start,1000,0,2,TTAGGG
utg001077l_Start,1000,0,0,TTAGGG
utg001078l_Start,1000,0,0,TTAGGG
utg001079l_Start,1000,0,0,TTAGGG
utg001080l_Start,1000,0,0,TTAGGG
utg001081l_Start,1000,0,0,TTAGGG
utg001082l_Start,1000,0,1,TTAGGG
utg001083l_Start,1000,0,0,TTAGGG
utg001084l_Start,1000,0,0,TTAGGG
utg001085l_Start,1000,0,1,TTAGGG
utg001086l_Start,1000,0,0,TTAGGG
utg001087l_Start,1000,0,0,TTAGGG
utg001088l_Start,1000,0,0,TTAGGG
utg001089l_Start,1000,0,0,TTAGGG
utg001090l_Start,1000,0,0,TTAGGG
utg001091l_Start,1000,0,0,TTAGGG
utg001092l_Start,1000,1,1,TTAGGG
utg001093l_Start,1000,0,0,TTAGGG
utg001094l_Start,1000,0,0,TTAGGG
utg001095l_Start,1000,2,0,TTAGGG
utg001096l_Start,1000,0,0,TTAGGG
utg001097l_Start,1000,0,1,TTAGGG
utg001098l_Start,1000,1,0,TTAGGG
utg001099l_Start,1000,0,1,TTAGGG
utg001100l_Start,1000,0,0,TTAGGG
utg001101l_Start,1000,0,0,TTAGGG
utg001102l_Start,1000,0,0,TTAGGG
utg001103l_Start,1000,0,0,TTAGGG
utg001104l_Start,1000,0,0,TTAGGG
utg001105l_Start,1000,0,1,TTAGGG
utg001106l_Start,1000,0,0,TTAGGG
utg001107l_Start,1000,0,1,TTAGGG
utg001108l_Start,1000,0,0,TTAGGG
utg001109l_Start,1000,0,1,TTAGGG
utg001110l_Start,1000,0,0,TTAGGG
utg001111l_Start,1000,0,0,TTAGGG
utg001112l_Start,1000,0,0,TTAGGG
utg001113l_Start,1000,0,1,TTAGGG
utg001114l_Start,1000,0,0,TTAGGG
utg001115l_Start,1000,0,0,TTAGGG
utg001116l_Start,1000,0,0,TTAGGG
utg001117l_Start,1000,0,0,TTAGGG
utg001118l_Start,1000,0,0,TTAGGG
utg001119l_Start,1000,0,0,TTAGGG
utg001120l_Start,1000,0,0,TTAGGG
utg001121l_Start,1000,0,166,TTAGGG
utg001122l_Start,1000,2,1,TTAGGG
utg001123l_Start,1000,0,0,TTAGGG
utg001124l_Start,1000,0,0,TTAGGG
utg001125l_Start,1000,0,0,TTAGGG
utg001126l_Start,1000,0,0,TTAGGG
utg001127l_Start,1000,0,0,TTAGGG
utg001128l_Start,1000,0,0,TTAGGG
utg001129l_Start,1000,0,0,TTAGGG
utg001130l_Start,1000,0,0,TTAGGG
utg001131l_Start,1000,0,152,TTAGGG
utg001132l_Start,1000,0,0,TTAGGG
utg001133l_Start,1000,0,0,TTAGGG
utg001134l_Start,1000,0,0,TTAGGG
utg001135l_Start,1000,0,0,TTAGGG
utg001136l_Start,1000,0,1,TTAGGG
utg001137l_Start,1000,0,0,TTAGGG
utg001138l_Start,1000,0,0,TTAGGG
utg001139l_Start,1000,0,1,TTAGGG
utg001140l_Start,1000,0,0,TTAGGG
utg001141l_Start,1000,0,0,TTAGGG
utg001142l_Start,1000,1,0,TTAGGG
utg001143l_Start,1000,1,0,TTAGGG
utg001144l_Start,1000,0,0,TTAGGG
utg001145l_Start,1000,1,0,TTAGGG
utg001146l_Start,1000,1,0,TTAGGG
utg001147l_Start,1000,0,0,TTAGGG
utg001148l_Start,1000,0,0,TTAGGG
utg001149l_Start,1000,0,0,TTAGGG
utg001150l_Start,1000,0,166,TTAGGG
utg001151l_Start,1000,0,0,TTAGGG
utg001152l_Start,1000,0,0,TTAGGG
utg001153l_Start,1000,0,0,TTAGGG
utg001154l_Start,1000,2,0,TTAGGG
utg001155l_Start,1000,0,0,TTAGGG
utg001156l_Start,1000,0,0,TTAGGG
utg001157l_Start,1000,0,0,TTAGGG
utg001158l_Start,1000,0,0,TTAGGG
utg001159l_Start,1000,0,0,TTAGGG
utg001160l_Start,1000,0,0,TTAGGG
utg001161l_Start,1000,0,0,TTAGGG
utg001162l_Start,1000,1,0,TTAGGG
utg001163l_Start,1000,0,0,TTAGGG
utg001164l_Start,1000,0,0,TTAGGG
utg001165l_Start,1000,0,0,TTAGGG
utg001166l_Start,1000,0,0,TTAGGG
utg001167l_Start,1000,0,0,TTAGGG
utg001168l_Start,1000,0,0,TTAGGG
utg001169l_Start,1000,0,0,TTAGGG
utg001170l_Start,1000,0,1,TTAGGG
utg001171l_Start,1000,0,0,TTAGGG
utg001172l_Start,1000,0,0,TTAGGG
utg001173l_Start,1000,0,1,TTAGGG
utg001174l_Start,1000,0,0,TTAGGG
utg001175l_Start,1000,0,1,TTAGGG
utg001176l_Start,1000,0,0,TTAGGG
utg001177l_Start,1000,0,1,TTAGGG
utg001178l_Start,1000,0,0,TTAGGG
utg001179l_Start,1000,0,1,TTAGGG
utg001180l_Start,1000,0,0,TTAGGG
utg001181l_Start,1000,0,1,TTAGGG
utg001182l_Start,1000,0,0,TTAGGG
utg001183l_Start,1000,0,0,TTAGGG
utg001184l_Start,1000,0,0,TTAGGG
utg001185l_Start,1000,0,0,TTAGGG
utg001186l_Start,1000,0,0,TTAGGG
utg001187l_Start,1000,0,0,TTAGGG
utg001188l_Start,1000,0,0,TTAGGG
utg001189l_Start,1000,0,1,TTAGGG
utg001190l_Start,1000,0,0,TTAGGG
utg001191l_Start,1000,0,0,TTAGGG
utg001192l_Start,1000,0,0,TTAGGG
utg001193l_Start,1000,0,0,TTAGGG
utg001194l_Start,1000,0,0,TTAGGG
utg001195l_Start,1000,0,0,TTAGGG
utg001196l_Start,1000,0,0,TTAGGG
utg001197l_Start,1000,0,0,TTAGGG
utg001198l_Start,1000,0,0,TTAGGG
utg001199l_Start,1000,1,0,TTAGGG
utg001200l_Start,1000,0,0,TTAGGG
utg001201l_Start,1000,0,0,TTAGGG
utg001202l_Start,1000,0,0,TTAGGG
utg001203l_Start,1000,0,0,TTAGGG
utg001204l_Start,1000,0,1,TTAGGG
utg001205l_Start,1000,0,0,TTAGGG
utg001206l_Start,1000,0,0,TTAGGG
utg001207l_Start,1000,0,1,TTAGGG
utg001208l_Start,1000,0,0,TTAGGG
utg001209l_Start,1000,0,0,TTAGGG
utg001210l_Start,1000,1,1,TTAGGG
utg001211l_Start,1000,0,0,TTAGGG
utg001212l_Start,1000,0,0,TTAGGG
utg001213l_Start,1000,0,0,TTAGGG
utg001214l_Start,1000,1,0,TTAGGG
utg001215l_Start,1000,1,0,TTAGGG
utg001216l_Start,1000,1,1,TTAGGG
utg001217l_Start,1000,0,0,TTAGGG
utg001218l_Start,1000,2,0,TTAGGG
utg001219l_Start,1000,1,0,TTAGGG
utg001220l_Start,1000,0,0,TTAGGG
utg001221l_Start,1000,0,0,TTAGGG
utg001222l_Start,1000,1,0,TTAGGG
utg001223l_Start,1000,0,0,TTAGGG
utg001224l_Start,1000,1,1,TTAGGG
utg001225l_Start,1000,0,0,TTAGGG
utg001226l_Start,1000,0,0,TTAGGG
utg001227l_Start,1000,0,0,TTAGGG
utg001228l_Start,1000,1,0,TTAGGG
utg001229l_Start,1000,0,0,TTAGGG
utg001230l_Start,1000,1,0,TTAGGG
utg001231l_Start,1000,0,0,TTAGGG
utg001232l_Start,1000,0,1,TTAGGG
utg001233l_Start,1000,0,0,TTAGGG
utg001234l_Start,1000,0,0,TTAGGG
utg001235l_Start,1000,2,0,TTAGGG
utg001236l_Start,1000,0,0,TTAGGG
utg001237l_Start,1000,0,0,TTAGGG
utg001238l_Start,1000,0,0,TTAGGG
utg001239l_Start,1000,0,0,TTAGGG
utg001240l_Start,1000,0,0,TTAGGG
utg001241l_Start,1000,1,0,TTAGGG
utg001242l_Start,1000,0,1,TTAGGG
utg001243l_Start,1000,0,0,TTAGGG
utg001244l_Start,1000,0,1,TTAGGG
utg001245l_Start,1000,0,0,TTAGGG
utg001246l_Start,1000,0,0,TTAGGG
utg001247l_Start,1000,0,0,TTAGGG
utg001248l_Start,1000,1,2,TTAGGG
utg001249l_Start,1000,0,1,TTAGGG
utg001250l_Start,1000,0,0,TTAGGG
utg001251l_Start,1000,0,0,TTAGGG
utg001252l_Start,1000,1,0,TTAGGG
utg001253l_Start,1000,0,0,TTAGGG
utg001254l_Start,1000,0,0,TTAGGG
utg001255l_Start,1000,0,0,TTAGGG
utg001256l_Start,1000,0,0,TTAGGG
utg001257l_Start,1000,0,0,TTAGGG
utg001258l_Start,1000,0,0,TTAGGG
utg001259l_Start,1000,1,0,TTAGGG
utg001260l_Start,1000,0,1,TTAGGG
utg001261l_Start,1000,0,0,TTAGGG
utg001262l_Start,1000,1,0,TTAGGG
utg001263l_Start,1000,0,0,TTAGGG
utg001264l_Start,1000,0,0,TTAGGG
utg001265l_Start,1000,0,166,TTAGGG
utg001266l_Start,1000,0,0,TTAGGG
utg001267l_Start,1000,0,1,TTAGGG
utg001268l_Start,1000,1,0,TTAGGG
utg001269l_Start,1000,0,0,TTAGGG
utg001270l_Start,1000,0,0,TTAGGG
utg001271l_Start,1000,0,0,TTAGGG
utg001272l_Start,1000,0,0,TTAGGG
utg001273l_Start,1000,0,0,TTAGGG
utg001274l_Start,1000,0,0,TTAGGG
utg001275l_Start,1000,0,0,TTAGGG
utg001276l_Start,1000,0,0,TTAGGG
utg001277l_Start,1000,0,0,TTAGGG
utg001278l_Start,1000,0,0,TTAGGG
utg001279l_Start,1000,0,0,TTAGGG
utg001280l_Start,1000,0,0,TTAGGG
utg001281l_Start,1000,0,0,TTAGGG
utg001282l_Start,1000,0,0,TTAGGG
utg001283l_Start,1000,0,0,TTAGGG
utg001284l_Start,1000,0,0,TTAGGG
utg001285l_Start,1000,0,0,TTAGGG
utg001286l_Start,1000,0,2,TTAGGG
utg001287l_Start,1000,0,0,TTAGGG
utg001288l_Start,1000,1,0,TTAGGG
utg001289l_Start,1000,0,2,TTAGGG
utg001290l_Start,1000,0,0,TTAGGG
utg001291l_Start,1000,2,0,TTAGGG
utg001292l_Start,1000,0,0,TTAGGG
utg001293l_Start,1000,0,1,TTAGGG
utg001294l_Start,1000,0,0,TTAGGG
utg001295l_Start,1000,0,0,TTAGGG
utg001296l_Start,1000,0,0,TTAGGG
utg001297l_Start,1000,0,0,TTAGGG
utg001298l_Start,1000,0,0,TTAGGG
utg001299l_Start,1000,0,0,TTAGGG
utg001300l_Start,1000,0,2,TTAGGG
utg001301l_Start,1000,0,0,TTAGGG
utg001302l_Start,1000,0,1,TTAGGG
utg001303l_Start,1000,7,0,TTAGGG
utg001304l_Start,1000,0,0,TTAGGG
utg001305l_Start,1000,0,0,TTAGGG
utg001306l_Start,1000,0,1,TTAGGG
utg001307l_Start,1000,0,0,TTAGGG
utg001308l_Start,1000,0,0,TTAGGG
utg001309l_Start,1000,0,0,TTAGGG
utg001310l_Start,1000,0,0,TTAGGG
utg001311l_Start,1000,1,0,TTAGGG
utg001312l_Start,1000,0,0,TTAGGG
utg001313l_Start,1000,0,0,TTAGGG
utg001314l_Start,1000,0,0,TTAGGG
utg001315l_Start,1000,0,0,TTAGGG
utg001316l_Start,1000,0,0,TTAGGG
utg001317l_Start,1000,0,0,TTAGGG
utg001318l_Start,1000,0,0,TTAGGG
utg001319l_Start,1000,0,0,TTAGGG
utg001320l_Start,1000,0,0,TTAGGG
utg001321l_Start,1000,0,0,TTAGGG
utg001322l_Start,1000,1,0,TTAGGG
utg001323l_Start,1000,0,0,TTAGGG
utg001324l_Start,1000,0,0,TTAGGG
utg001325l_Start,1000,0,0,TTAGGG
utg001326l_Start,1000,0,0,TTAGGG
utg001327l_Start,1000,0,0,TTAGGG
utg001328l_Start,1000,0,1,TTAGGG
utg001329l_Start,1000,0,0,TTAGGG
utg001330l_Start,1000,0,0,TTAGGG
utg001331l_Start,1000,1,0,TTAGGG
utg001332l_Start,1000,0,0,TTAGGG
utg001333l_Start,1000,1,0,TTAGGG
utg001334l_Start,1000,0,0,TTAGGG
utg001335l_Start,1000,0,0,TTAGGG
utg001336l_Start,1000,1,0,TTAGGG
utg001337l_Start,1000,0,0,TTAGGG
utg001338l_Start,1000,0,0,TTAGGG
utg001339l_Start,1000,0,0,TTAGGG
utg001340l_Start,1000,0,0,TTAGGG
utg001341l_Start,1000,0,0,TTAGGG
utg001342l_Start,1000,0,0,TTAGGG
utg001343l_Start,1000,0,0,TTAGGG
utg001344l_Start,1000,0,0,TTAGGG
utg001345l_Start,1000,0,1,TTAGGG
utg001346l_Start,1000,0,0,TTAGGG
utg001347l_Start,1000,0,2,TTAGGG
utg001348l_Start,1000,0,0,TTAGGG
utg001349l_Start,1000,0,0,TTAGGG
utg001350l_Start,1000,0,0,TTAGGG
utg001351l_Start,1000,0,1,TTAGGG
utg001352l_Start,1000,0,0,TTAGGG
utg001353l_Start,1000,0,1,TTAGGG
utg001354l_Start,1000,0,0,TTAGGG
utg001355l_Start,1000,0,0,TTAGGG
utg001356l_Start,1000,2,1,TTAGGG
utg001357l_Start,1000,0,0,TTAGGG
utg001358l_Start,1000,0,0,TTAGGG
utg001359l_Start,1000,1,2,TTAGGG
utg001360l_Start,1000,0,0,TTAGGG
utg001361l_Start,1000,0,1,TTAGGG
utg001362l_Start,1000,0,0,TTAGGG
utg001363l_Start,1000,0,0,TTAGGG
utg001364l_Start,1000,0,0,TTAGGG
utg001365l_Start,1000,0,0,TTAGGG
utg001366l_Start,1000,0,0,TTAGGG
utg001367l_Start,1000,0,0,TTAGGG
utg001368l_Start,1000,1,0,TTAGGG
utg001369l_Start,1000,0,0,TTAGGG
utg001370l_Start,1000,0,1,TTAGGG
utg001371l_Start,1000,1,0,TTAGGG
utg001372l_Start,1000,0,0,TTAGGG
utg001373l_Start,1000,0,0,TTAGGG
utg001374l_Start,1000,0,1,TTAGGG
utg001375l_Start,1000,0,1,TTAGGG
utg001376l_Start,1000,0,1,TTAGGG
utg001377l_Start,1000,1,0,TTAGGG
utg001378l_Start,1000,1,0,TTAGGG
utg001379l_Start,1000,1,0,TTAGGG
utg001380l_Start,1000,0,0,TTAGGG
utg001381l_Start,1000,0,0,TTAGGG
utg001382l_Start,1000,1,1,TTAGGG
utg001383l_Start,1000,0,0,TTAGGG
utg001384l_Start,1000,0,0,TTAGGG
utg001385l_Start,1000,0,0,TTAGGG
utg001386l_Start,1000,0,0,TTAGGG
utg001387l_Start,1000,0,0,TTAGGG
utg001388l_Start,1000,0,0,TTAGGG
utg001389l_Start,1000,0,0,TTAGGG
utg001390l_Start,1000,1,1,TTAGGG
utg001391l_Start,1000,1,0,TTAGGG
utg001392l_Start,1000,0,1,TTAGGG
utg001393l_Start,1000,0,0,TTAGGG
utg001394l_Start,1000,0,0,TTAGGG
utg001395l_Start,1000,0,0,TTAGGG
utg001396l_Start,1000,0,0,TTAGGG
utg001397l_Start,1000,0,0,TTAGGG
utg001398l_Start,1000,1,0,TTAGGG
utg001399l_Start,1000,0,0,TTAGGG
utg001400l_Start,1000,0,0,TTAGGG
utg001401l_Start,1000,0,0,TTAGGG
utg001402l_Start,1000,0,0,TTAGGG
utg001403l_Start,1000,0,1,TTAGGG
utg001404l_Start,1000,0,0,TTAGGG
utg001405l_Start,1000,0,0,TTAGGG
utg001406l_Start,1000,0,0,TTAGGG
utg001407l_Start,1000,0,1,TTAGGG
utg001408l_Start,1000,0,0,TTAGGG
utg001409l_Start,1000,0,0,TTAGGG
utg001410l_Start,1000,0,0,TTAGGG
utg001411l_Start,1000,0,1,TTAGGG
utg001412l_Start,1000,0,0,TTAGGG
utg001413l_Start,1000,0,0,TTAGGG
utg001414l_Start,1000,2,0,TTAGGG
utg001415l_Start,1000,0,0,TTAGGG
utg001416l_Start,1000,0,0,TTAGGG
utg001417l_Start,1000,0,0,TTAGGG
utg001418l_Start,1000,0,0,TTAGGG
utg001419l_Start,1000,1,0,TTAGGG
utg001420l_Start,1000,0,0,TTAGGG
utg001421l_Start,1000,0,0,TTAGGG
utg001422l_Start,1000,0,0,TTAGGG
utg001423l_Start,1000,0,0,TTAGGG
utg001424l_Start,1000,0,1,TTAGGG
utg001425l_Start,1000,1,0,TTAGGG
utg001426l_Start,1000,0,0,TTAGGG
utg001427l_Start,1000,1,0,TTAGGG
utg001428l_Start,1000,0,0,TTAGGG
utg001429l_Start,1000,1,0,TTAGGG
utg001430l_Start,1000,0,0,TTAGGG
utg001431l_Start,1000,1,0,TTAGGG
utg001432l_Start,1000,0,0,TTAGGG
utg001433l_Start,1000,1,0,TTAGGG
utg001434l_Start,1000,0,0,TTAGGG
utg001435l_Start,1000,0,0,TTAGGG
utg001436l_Start,1000,0,0,TTAGGG
utg001437l_Start,1000,0,0,TTAGGG
utg001438l_Start,1000,0,0,TTAGGG
utg001439l_Start,1000,0,0,TTAGGG
utg001440l_Start,1000,0,0,TTAGGG
utg001441l_Start,1000,0,0,TTAGGG
utg001442l_Start,1000,0,0,TTAGGG
utg001443l_Start,1000,0,0,TTAGGG
utg001444l_Start,1000,1,0,TTAGGG
utg001445l_Start,1000,0,0,TTAGGG
utg001446l_Start,1000,0,0,TTAGGG
utg001447l_Start,1000,0,0,TTAGGG
utg001448l_Start,1000,0,0,TTAGGG
utg001449l_Start,1000,0,1,TTAGGG
utg001450l_Start,1000,0,0,TTAGGG
utg001451l_Start,1000,0,0,TTAGGG
utg001452l_Start,1000,0,0,TTAGGG
utg001453l_Start,1000,0,0,TTAGGG
utg001454l_Start,1000,0,0,TTAGGG
utg001455l_Start,1000,1,0,TTAGGG
utg001456l_Start,1000,0,0,TTAGGG
utg001457l_Start,1000,0,0,TTAGGG
utg001458l_Start,1000,1,0,TTAGGG
utg001459l_Start,1000,0,0,TTAGGG
utg001460l_Start,1000,0,0,TTAGGG
utg001461l_Start,1000,0,0,TTAGGG
utg001462l_Start,1000,0,0,TTAGGG
utg001463l_Start,1000,1,0,TTAGGG
utg001464l_Start,1000,0,0,TTAGGG
utg001465l_Start,1000,0,0,TTAGGG
utg001466l_Start,1000,0,0,TTAGGG
utg001467l_Start,1000,0,0,TTAGGG
utg001468l_Start,1000,2,0,TTAGGG
utg001469l_Start,1000,0,0,TTAGGG
utg001470l_Start,1000,0,1,TTAGGG
utg001471l_Start,1000,0,0,TTAGGG
utg001472l_Start,1000,2,0,TTAGGG
utg001473l_Start,1000,0,0,TTAGGG
utg001474l_Start,1000,0,0,TTAGGG
utg001475l_Start,1000,0,0,TTAGGG
utg001476l_Start,1000,0,1,TTAGGG
utg001477l_Start,1000,0,0,TTAGGG
utg001478l_Start,1000,0,0,TTAGGG
utg001479l_Start,1000,0,0,TTAGGG
utg001480l_Start,1000,0,0,TTAGGG
utg001481l_Start,1000,0,0,TTAGGG
utg001482l_Start,1000,0,1,TTAGGG
utg001483l_Start,1000,1,1,TTAGGG
utg001484l_Start,1000,0,1,TTAGGG
utg001485l_Start,1000,0,0,TTAGGG
utg001486l_Start,1000,0,1,TTAGGG
utg001487l_Start,1000,0,1,TTAGGG
utg001488l_Start,1000,0,0,TTAGGG
utg001489l_Start,1000,0,0,TTAGGG
utg001490l_Start,1000,0,0,TTAGGG
utg001491l_Start,1000,0,0,TTAGGG
utg001492l_Start,1000,0,0,TTAGGG
utg001493l_Start,1000,0,1,TTAGGG
utg001494l_Start,1000,0,1,TTAGGG
utg001495l_Start,1000,0,0,TTAGGG
utg001496l_Start,1000,1,0,TTAGGG
utg001497l_Start,1000,0,0,TTAGGG
utg001498l_Start,1000,0,0,TTAGGG
utg001499l_Start,1000,0,0,TTAGGG
utg001500l_Start,1000,0,0,TTAGGG
utg001501l_Start,1000,0,0,TTAGGG
utg001502l_Start,1000,0,0,TTAGGG
utg001503l_Start,1000,1,0,TTAGGG
utg001504l_Start,1000,1,0,TTAGGG
utg001505l_Start,1000,0,0,TTAGGG
utg001506l_Start,1000,0,0,TTAGGG
utg001507l_Start,1000,0,0,TTAGGG
utg001508l_Start,1000,1,0,TTAGGG
utg001509l_Start,1000,0,0,TTAGGG
utg001510l_Start,1000,0,0,TTAGGG
utg001511l_Start,1000,0,0,TTAGGG
utg001512l_Start,1000,0,1,TTAGGG
utg001513l_Start,1000,0,0,TTAGGG
utg001514l_Start,1000,0,0,TTAGGG
utg001515l_Start,1000,0,0,TTAGGG
utg001516l_Start,1000,0,1,TTAGGG
utg001517l_Start,1000,0,0,TTAGGG
utg001518l_Start,1000,0,0,TTAGGG
utg001519l_Start,1000,0,0,TTAGGG
utg001520l_Start,1000,0,0,TTAGGG
utg001521l_Start,1000,0,0,TTAGGG
utg001522l_Start,1000,0,0,TTAGGG
utg001523l_Start,1000,0,0,TTAGGG
utg001524l_Start,1000,0,0,TTAGGG
utg001525l_Start,1000,0,0,TTAGGG
utg001526l_Start,1000,1,0,TTAGGG
utg001527l_Start,1000,1,0,TTAGGG
utg001528l_Start,1000,0,1,TTAGGG
utg001529l_Start,1000,1,0,TTAGGG
utg001530l_Start,1000,0,0,TTAGGG
utg001531l_Start,1000,0,0,TTAGGG
utg001532l_Start,1000,0,0,TTAGGG
utg001533l_Start,1000,1,0,TTAGGG
utg001534l_Start,1000,0,0,TTAGGG
utg001535l_Start,1000,1,0,TTAGGG
utg001536l_Start,1000,0,0,TTAGGG
utg001537l_Start,1000,1,2,TTAGGG
utg001538l_Start,1000,0,0,TTAGGG
utg001539l_Start,1000,0,0,TTAGGG
utg001540l_Start,1000,1,0,TTAGGG
utg001541l_Start,1000,0,0,TTAGGG
utg001542l_Start,1000,0,0,TTAGGG
utg001543l_Start,1000,0,0,TTAGGG
utg001544l_Start,1000,0,0,TTAGGG
utg001545l_Start,1000,0,0,TTAGGG
utg001546l_Start,1000,1,0,TTAGGG
utg001547l_Start,1000,0,0,TTAGGG
utg001548l_Start,1000,0,0,TTAGGG
utg001549l_Start,1000,0,0,TTAGGG
utg001550l_Start,1000,0,0,TTAGGG
utg001551l_Start,1000,0,1,TTAGGG
utg001552l_Start,1000,0,0,TTAGGG
utg001553l_Start,1000,0,0,TTAGGG
utg001554l_Start,1000,0,0,TTAGGG
utg001555l_Start,1000,1,0,TTAGGG
utg001556l_Start,1000,0,1,TTAGGG
utg001557l_Start,1000,0,1,TTAGGG
utg001558l_Start,1000,1,0,TTAGGG
utg001559l_Start,1000,0,0,TTAGGG
utg001560l_Start,1000,0,0,TTAGGG
utg001561l_Start,1000,1,0,TTAGGG
utg001562l_Start,1000,0,0,TTAGGG
utg001563l_Start,1000,0,0,TTAGGG
utg001564l_Start,1000,0,0,TTAGGG
utg001565l_Start,1000,1,0,TTAGGG
utg001566l_Start,1000,0,0,TTAGGG
utg001567l_Start,1000,0,0,TTAGGG
utg001568l_Start,1000,0,0,TTAGGG
utg001569l_Start,1000,0,0,TTAGGG
utg001570l_Start,1000,0,0,TTAGGG
utg001571l_Start,1000,0,0,TTAGGG
utg001572l_Start,1000,1,1,TTAGGG
utg001573l_Start,1000,0,0,TTAGGG
utg001574l_Start,1000,0,0,TTAGGG
utg001575l_Start,1000,0,0,TTAGGG
utg001576l_Start,1000,0,1,TTAGGG
utg001577l_Start,1000,0,1,TTAGGG
utg001578l_Start,1000,0,0,TTAGGG
utg001579l_Start,1000,0,1,TTAGGG
utg001580l_Start,1000,0,0,TTAGGG
utg001581l_Start,1000,0,1,TTAGGG
utg001582l_Start,1000,0,0,TTAGGG
utg001583l_Start,1000,0,0,TTAGGG
utg001584l_Start,1000,0,0,TTAGGG
utg001585l_Start,1000,0,1,TTAGGG
utg001586l_Start,1000,1,1,TTAGGG
utg001587l_Start,1000,0,0,TTAGGG
utg001588l_Start,1000,0,1,TTAGGG
utg001589l_Start,1000,0,0,TTAGGG
utg001590l_Start,1000,0,0,TTAGGG
utg001591l_Start,1000,0,0,TTAGGG
utg001592l_Start,1000,0,0,TTAGGG
utg001593l_Start,1000,0,0,TTAGGG
utg001594l_Start,1000,0,1,TTAGGG
utg001595l_Start,1000,0,0,TTAGGG
utg001596l_Start,1000,0,1,TTAGGG
utg001597l_Start,1000,0,1,TTAGGG
utg001598l_Start,1000,0,0,TTAGGG
utg001599l_Start,1000,0,0,TTAGGG
utg001600l_Start,1000,0,1,TTAGGG
utg001601l_Start,1000,0,0,TTAGGG
utg001602l_Start,1000,0,0,TTAGGG
utg001603l_Start,1000,0,0,TTAGGG
utg001604l_Start,1000,1,0,TTAGGG
utg001605l_Start,1000,0,0,TTAGGG
utg001606l_Start,1000,0,1,TTAGGG
utg001607l_Start,1000,0,0,TTAGGG
utg001608l_Start,1000,0,0,TTAGGG
utg001609l_Start,1000,0,0,TTAGGG
utg001610l_Start,1000,0,0,TTAGGG
utg001611l_Start,1000,0,0,TTAGGG
utg001612l_Start,1000,1,0,TTAGGG
utg001613l_Start,1000,0,0,TTAGGG
utg001614l_Start,1000,0,0,TTAGGG
utg001615l_Start,1000,0,0,TTAGGG
utg001616l_Start,1000,0,1,TTAGGG
utg001617l_Start,1000,0,0,TTAGGG
utg001618l_Start,1000,0,0,TTAGGG
utg001619l_Start,1000,1,0,TTAGGG
utg001620l_Start,1000,0,0,TTAGGG
utg001621l_Start,1000,1,0,TTAGGG
utg001622l_Start,1000,1,0,TTAGGG
utg001623l_Start,1000,0,0,TTAGGG
utg001624l_Start,1000,0,0,TTAGGG
utg001625l_Start,1000,0,0,TTAGGG
utg001626l_Start,1000,0,0,TTAGGG
utg001627l_Start,1000,0,0,TTAGGG
utg001628l_Start,1000,1,0,TTAGGG
utg001629l_Start,1000,0,0,TTAGGG
utg001630l_Start,1000,0,0,TTAGGG
utg001631l_Start,1000,0,0,TTAGGG
utg001632l_Start,1000,2,0,TTAGGG
utg001633l_Start,1000,0,0,TTAGGG
utg001634l_Start,1000,1,0,TTAGGG
utg001635l_Start,1000,0,0,TTAGGG
utg001636l_Start,1000,0,0,TTAGGG
utg001637l_Start,1000,0,0,TTAGGG
utg001638l_Start,1000,0,0,TTAGGG
utg001639l_Start,1000,0,0,TTAGGG
utg001640l_Start,1000,0,1,TTAGGG
utg001641l_Start,1000,1,0,TTAGGG
utg001642l_Start,1000,0,1,TTAGGG
utg001643l_Start,1000,0,1,TTAGGG
utg001644l_Start,1000,0,0,TTAGGG
utg001645l_Start,1000,1,0,TTAGGG
utg001646l_Start,1000,0,0,TTAGGG
utg001647l_Start,1000,0,1,TTAGGG
utg001648l_Start,1000,1,0,TTAGGG
utg001649l_Start,1000,0,1,TTAGGG
utg001650l_Start,1000,0,0,TTAGGG
utg001651l_Start,1000,0,0,TTAGGG
utg001652l_Start,1000,0,0,TTAGGG
utg001653l_Start,1000,0,1,TTAGGG
utg001654l_Start,1000,0,1,TTAGGG
utg001655l_Start,1000,0,0,TTAGGG
utg001656l_Start,1000,0,0,TTAGGG
utg001657l_Start,1000,0,0,TTAGGG
utg001658l_Start,1000,0,0,TTAGGG
utg001659l_Start,1000,0,0,TTAGGG
utg001660l_Start,1000,0,0,TTAGGG
utg001661l_Start,1000,0,0,TTAGGG
utg001662l_Start,1000,1,0,TTAGGG
utg001663l_Start,1000,0,0,TTAGGG
utg001664l_Start,1000,0,0,TTAGGG
utg001665l_Start,1000,0,0,TTAGGG
utg001666l_Start,1000,0,0,TTAGGG
utg001667l_Start,1000,0,0,TTAGGG
utg001668l_Start,1000,0,0,TTAGGG
utg001669l_Start,1000,0,0,TTAGGG
utg001670l_Start,1000,0,0,TTAGGG
utg001671l_Start,1000,0,0,TTAGGG
utg001672l_Start,1000,0,0,TTAGGG
utg001673l_Start,1000,0,1,TTAGGG
utg001674l_Start,1000,1,0,TTAGGG
utg001675l_Start,1000,0,0,TTAGGG
utg001676l_Start,1000,0,0,TTAGGG
utg001677l_Start,1000,0,0,TTAGGG
utg001678l_Start,1000,0,0,TTAGGG
utg001679l_Start,1000,0,0,TTAGGG
utg001680l_Start,1000,0,0,TTAGGG
utg001681l_Start,1000,0,0,TTAGGG
utg001682l_Start,1000,0,1,TTAGGG
utg001683l_Start,1000,0,0,TTAGGG
utg001684l_Start,1000,0,1,TTAGGG
utg001685l_Start,1000,1,0,TTAGGG
utg001686l_Start,1000,0,0,TTAGGG
utg001687l_Start,1000,0,0,TTAGGG
utg001688l_Start,1000,0,0,TTAGGG
utg001689l_Start,1000,0,0,TTAGGG
utg001690l_Start,1000,0,1,TTAGGG
utg001691l_Start,1000,0,0,TTAGGG
utg001692l_Start,1000,0,0,TTAGGG
utg001693l_Start,1000,0,1,TTAGGG
utg001694l_Start,1000,0,0,TTAGGG
utg001695l_Start,1000,1,0,TTAGGG
utg001696l_Start,1000,0,0,TTAGGG
utg001697l_Start,1000,0,0,TTAGGG
utg001698l_Start,1000,0,0,TTAGGG
utg001699l_Start,1000,1,1,TTAGGG
utg001700l_Start,1000,0,0,TTAGGG
utg001701l_Start,1000,0,0,TTAGGG
utg001702l_Start,1000,1,0,TTAGGG
utg001703l_Start,1000,0,0,TTAGGG
utg001704l_Start,1000,0,165,TTAGGG
utg001705l_Start,1000,0,1,TTAGGG
utg001706l_Start,1000,0,0,TTAGGG
utg001707l_Start,1000,0,0,TTAGGG
utg001708l_Start,1000,0,0,TTAGGG
utg001709l_Start,1000,0,0,TTAGGG
utg001710l_Start,1000,0,0,TTAGGG
utg001711l_Start,1000,0,0,TTAGGG
utg001712l_Start,1000,0,1,TTAGGG
utg001713l_Start,1000,0,0,TTAGGG
utg001714l_Start,1000,0,0,TTAGGG
utg001715l_Start,1000,0,0,TTAGGG
utg001716l_Start,1000,0,0,TTAGGG
utg001717l_Start,1000,0,0,TTAGGG
utg001718l_Start,1000,0,0,TTAGGG
utg001719l_Start,1000,0,0,TTAGGG
utg001720l_Start,1000,0,1,TTAGGG
utg001721l_Start,1000,0,0,TTAGGG
utg001722l_Start,1000,1,0,TTAGGG
utg001723l_Start,1000,0,0,TTAGGG
utg001724l_Start,1000,4,0,TTAGGG
utg001725l_Start,1000,0,0,TTAGGG
utg001726l_Start,1000,0,0,TTAGGG
utg001727l_Start,1000,0,0,TTAGGG
utg001728l_Start,1000,0,2,TTAGGG
utg001729l_Start,1000,2,0,TTAGGG
utg001730l_Start,1000,0,0,TTAGGG
utg001731l_Start,1000,0,0,TTAGGG
utg001732l_Start,1000,0,0,TTAGGG
utg001733l_Start,1000,0,0,TTAGGG
utg001734l_Start,1000,0,0,TTAGGG
utg001735l_Start,1000,0,0,TTAGGG
utg001736l_Start,1000,0,0,TTAGGG
utg001737l_Start,1000,0,0,TTAGGG
utg001738l_Start,1000,0,0,TTAGGG
utg001739l_Start,1000,0,0,TTAGGG
utg001740l_Start,1000,0,0,TTAGGG
utg001741l_Start,1000,0,0,TTAGGG
utg001742l_Start,1000,0,0,TTAGGG
utg001743l_Start,1000,0,0,TTAGGG
utg001744l_Start,1000,1,1,TTAGGG
utg001745l_Start,1000,1,0,TTAGGG
utg001746l_Start,1000,0,1,TTAGGG
utg001747l_Start,1000,0,0,TTAGGG
utg001748l_Start,1000,0,0,TTAGGG
utg001749l_Start,1000,0,0,TTAGGG
utg001750l_Start,1000,0,0,TTAGGG
utg001751l_Start,1000,0,1,TTAGGG
utg001752l_Start,1000,0,0,TTAGGG
utg001753l_Start,1000,0,1,TTAGGG
utg001754l_Start,1000,0,0,TTAGGG
utg001755l_Start,1000,0,0,TTAGGG
utg001756l_Start,1000,1,0,TTAGGG
utg001757l_Start,1000,0,0,TTAGGG
utg001758l_Start,1000,0,1,TTAGGG
utg001759l_Start,1000,0,0,TTAGGG
utg001760l_Start,1000,0,0,TTAGGG
utg001761l_Start,1000,0,0,TTAGGG
utg001762l_Start,1000,0,0,TTAGGG
utg001763l_Start,1000,0,0,TTAGGG
utg001764l_Start,1000,0,0,TTAGGG
utg001765l_Start,1000,0,0,TTAGGG
utg001766l_Start,1000,0,1,TTAGGG
utg001767l_Start,1000,0,0,TTAGGG
utg001768l_Start,1000,0,0,TTAGGG
utg001769l_Start,1000,0,0,TTAGGG
utg001770l_Start,1000,0,0,TTAGGG
utg001771l_Start,1000,0,0,TTAGGG
utg001772l_Start,1000,0,1,TTAGGG
utg001773l_Start,1000,0,0,TTAGGG
utg001774l_Start,1000,0,1,TTAGGG
utg001775l_Start,1000,0,0,TTAGGG
utg001776l_Start,1000,0,0,TTAGGG
utg001777l_Start,1000,0,0,TTAGGG
utg001778l_Start,1000,0,0,TTAGGG
utg001779l_Start,1000,0,0,TTAGGG
utg001780l_Start,1000,0,0,TTAGGG
utg001781l_Start,1000,0,1,TTAGGG
utg001782l_Start,1000,0,0,TTAGGG
utg001783l_Start,1000,0,0,TTAGGG
utg001784l_Start,1000,0,0,TTAGGG
utg001785l_Start,1000,0,0,TTAGGG
utg001786l_Start,1000,0,0,TTAGGG
utg001787l_Start,1000,0,0,TTAGGG
utg001788l_Start,1000,0,0,TTAGGG
utg001789l_Start,1000,0,0,TTAGGG
utg001790l_Start,1000,0,1,TTAGGG
utg001791l_Start,1000,0,0,TTAGGG
utg001792l_Start,1000,0,0,TTAGGG
utg001793l_Start,1000,0,0,TTAGGG
utg001794l_Start,1000,0,2,TTAGGG
utg001795l_Start,1000,0,0,TTAGGG
utg001796l_Start,1000,0,0,TTAGGG
utg001797l_Start,1000,0,0,TTAGGG
utg001798l_Start,1000,0,0,TTAGGG
utg001799l_Start,1000,0,0,TTAGGG
utg001800l_Start,1000,0,1,TTAGGG
utg001801l_Start,1000,0,0,TTAGGG
utg001802l_Start,1000,0,0,TTAGGG
utg001803l_Start,1000,0,1,TTAGGG
utg001804l_Start,1000,0,0,TTAGGG
utg001805l_Start,1000,0,0,TTAGGG
utg001806l_Start,1000,0,1,TTAGGG
utg001807l_Start,1000,0,0,TTAGGG
utg001808l_Start,1000,0,0,TTAGGG
utg001809l_Start,1000,1,0,TTAGGG
utg001810l_Start,1000,1,0,TTAGGG
utg001811l_Start,1000,0,0,TTAGGG
utg001812l_Start,1000,0,0,TTAGGG
utg001813l_Start,1000,0,0,TTAGGG
utg001814l_Start,1000,0,0,TTAGGG
utg001815l_Start,1000,0,2,TTAGGG
utg001816l_Start,1000,0,0,TTAGGG
utg001817l_Start,1000,0,0,TTAGGG
utg001818l_Start,1000,0,1,TTAGGG
utg001819l_Start,1000,0,1,TTAGGG
utg001820l_Start,1000,0,0,TTAGGG
utg001821l_Start,1000,0,0,TTAGGG
utg001822l_Start,1000,0,0,TTAGGG
utg001823l_Start,1000,0,155,TTAGGG
utg001824l_Start,1000,0,0,TTAGGG
utg001825l_Start,1000,0,0,TTAGGG
utg001826l_Start,1000,0,0,TTAGGG
utg001827l_Start,1000,1,0,TTAGGG
utg001828l_Start,1000,0,0,TTAGGG
utg001829l_Start,1000,0,0,TTAGGG
utg001830l_Start,1000,0,0,TTAGGG
utg001831l_Start,1000,0,0,TTAGGG
utg001832l_Start,1000,0,1,TTAGGG
utg001833l_Start,1000,0,2,TTAGGG
utg001834l_Start,1000,0,0,TTAGGG
utg001835l_Start,1000,0,0,TTAGGG
utg001836l_Start,1000,0,0,TTAGGG
utg001837l_Start,1000,0,0,TTAGGG
utg001838l_Start,1000,1,2,TTAGGG
utg001839l_Start,1000,0,0,TTAGGG
utg001840l_Start,1000,0,0,TTAGGG
utg001841l_Start,1000,0,1,TTAGGG
utg001842l_Start,1000,1,0,TTAGGG
utg001843l_Start,1000,0,0,TTAGGG
utg001844l_Start,1000,0,0,TTAGGG
utg001845l_Start,1000,0,0,TTAGGG
utg001846l_Start,1000,0,0,TTAGGG
utg001847l_Start,1000,0,0,TTAGGG
utg001848l_Start,1000,0,1,TTAGGG
utg001849l_Start,1000,1,0,TTAGGG
utg001850l_Start,1000,0,0,TTAGGG
utg001851l_Start,1000,1,1,TTAGGG
utg001852l_Start,1000,1,0,TTAGGG
utg001853l_Start,1000,0,0,TTAGGG
utg001854l_Start,1000,0,0,TTAGGG
utg001855l_Start,1000,0,0,TTAGGG
utg001856l_Start,1000,0,2,TTAGGG
utg001857l_Start,1000,0,0,TTAGGG
utg001858l_Start,1000,0,0,TTAGGG
utg001859l_Start,1000,0,0,TTAGGG
utg001860l_Start,1000,0,0,TTAGGG
utg001861l_Start,1000,0,0,TTAGGG
utg001862l_Start,1000,0,0,TTAGGG
utg001863l_Start,1000,0,0,TTAGGG
utg001864l_Start,1000,0,0,TTAGGG
utg001865l_Start,1000,1,0,TTAGGG
utg001866l_Start,1000,0,0,TTAGGG
utg001867l_Start,1000,0,1,TTAGGG
utg001868l_Start,1000,0,1,TTAGGG
utg001869l_Start,1000,0,1,TTAGGG
utg001870l_Start,1000,0,0,TTAGGG
utg001871l_Start,1000,0,0,TTAGGG
utg001872l_Start,1000,1,1,TTAGGG
utg001873l_Start,1000,0,1,TTAGGG
utg001874l_Start,1000,0,0,TTAGGG
utg001875l_Start,1000,1,0,TTAGGG
utg001876l_Start,1000,0,0,TTAGGG
utg001877l_Start,1000,0,0,TTAGGG
utg001878l_Start,1000,0,0,TTAGGG
utg001879l_Start,1000,1,0,TTAGGG
utg001880l_Start,1000,1,0,TTAGGG
utg001881l_Start,1000,1,0,TTAGGG
utg001882l_Start,1000,0,0,TTAGGG
utg001883l_Start,1000,0,0,TTAGGG
utg001884l_Start,1000,0,0,TTAGGG
utg001885l_Start,1000,0,0,TTAGGG
utg001886l_Start,1000,0,0,TTAGGG
utg001887l_Start,1000,1,0,TTAGGG
utg001888l_Start,1000,0,0,TTAGGG
utg001889l_Start,1000,0,0,TTAGGG
utg001890l_Start,1000,0,0,TTAGGG
utg001891l_Start,1000,0,0,TTAGGG
utg001892l_Start,1000,0,0,TTAGGG
utg001893l_Start,1000,1,0,TTAGGG
utg001894l_Start,1000,1,0,TTAGGG
utg001895l_Start,1000,0,0,TTAGGG
utg001896l_Start,1000,0,0,TTAGGG
utg001897l_Start,1000,0,0,TTAGGG
utg001898l_Start,1000,0,1,TTAGGG
utg001899l_Start,1000,0,0,TTAGGG
utg001900l_Start,1000,0,0,TTAGGG
utg001901l_Start,1000,0,0,TTAGGG
utg001902l_Start,1000,0,0,TTAGGG
utg001903l_Start,1000,0,0,TTAGGG
utg001904l_Start,1000,0,0,TTAGGG
utg001905l_Start,1000,0,0,TTAGGG
utg001906l_Start,1000,0,0,TTAGGG
utg001907l_Start,1000,1,0,TTAGGG
utg001908l_Start,1000,1,0,TTAGGG
utg001909l_Start,1000,0,1,TTAGGG
utg001910l_Start,1000,0,1,TTAGGG
utg001911l_Start,1000,0,0,TTAGGG
utg001912l_Start,1000,0,1,TTAGGG
utg001913l_Start,1000,0,0,TTAGGG
utg001914l_Start,1000,0,0,TTAGGG
utg001915l_Start,1000,1,0,TTAGGG
utg001916l_Start,1000,0,1,TTAGGG
utg001917l_Start,1000,0,0,TTAGGG
utg001918l_Start,1000,0,0,TTAGGG
utg001919l_Start,1000,0,0,TTAGGG
utg001920l_Start,1000,0,0,TTAGGG
utg001921l_Start,1000,1,0,TTAGGG
utg001922l_Start,1000,0,0,TTAGGG
utg001923l_Start,1000,0,0,TTAGGG
utg001924l_Start,1000,2,1,TTAGGG
utg001925l_Start,1000,0,0,TTAGGG
utg001926l_Start,1000,0,1,TTAGGG
utg001927l_Start,1000,0,0,TTAGGG
utg001928l_Start,1000,0,0,TTAGGG
utg001929l_Start,1000,0,0,TTAGGG
utg001930l_Start,1000,0,0,TTAGGG
utg001931l_Start,1000,1,0,TTAGGG
utg001932l_Start,1000,0,1,TTAGGG
utg001933l_Start,1000,0,0,TTAGGG
utg001934l_Start,1000,1,0,TTAGGG
utg001935l_Start,1000,0,0,TTAGGG
utg001936l_Start,1000,0,0,TTAGGG
utg001937l_Start,1000,0,0,TTAGGG
utg001938l_Start,1000,0,0,TTAGGG
utg001939l_Start,1000,0,0,TTAGGG
utg001940l_Start,1000,0,0,TTAGGG
utg001941l_Start,1000,0,0,TTAGGG
utg001942l_Start,1000,0,0,TTAGGG
utg001943l_Start,1000,1,0,TTAGGG
utg001944l_Start,1000,0,0,TTAGGG
utg001945l_Start,1000,1,0,TTAGGG
utg001946l_Start,1000,0,0,TTAGGG
utg001947l_Start,1000,1,0,TTAGGG
utg001948l_Start,1000,0,0,TTAGGG
utg001949l_Start,1000,0,1,TTAGGG
utg001950l_Start,1000,1,0,TTAGGG
utg001951l_Start,1000,1,0,TTAGGG
utg001952l_Start,1000,0,0,TTAGGG
utg001953l_Start,1000,0,0,TTAGGG
utg001954l_Start,1000,0,1,TTAGGG
utg001955l_Start,1000,0,0,TTAGGG
utg001956l_Start,1000,0,0,TTAGGG
utg001957l_Start,1000,0,0,TTAGGG
utg001958l_Start,1000,0,0,TTAGGG
utg001959l_Start,1000,0,1,TTAGGG
utg001960l_Start,1000,0,0,TTAGGG
utg001961l_Start,1000,0,0,TTAGGG
utg001962l_Start,1000,0,0,TTAGGG
utg001963l_Start,1000,0,0,TTAGGG
utg001964l_Start,1000,1,0,TTAGGG
utg001965l_Start,1000,0,0,TTAGGG
utg001966l_Start,1000,0,0,TTAGGG
utg001967l_Start,1000,0,0,TTAGGG
utg001968l_Start,1000,1,0,TTAGGG
utg001969l_Start,1000,0,0,TTAGGG
utg001970l_Start,1000,0,0,TTAGGG
utg001971l_Start,1000,0,0,TTAGGG
utg001972l_Start,1000,1,0,TTAGGG
utg001973l_Start,1000,0,0,TTAGGG
utg001974l_Start,1000,1,0,TTAGGG
utg001975l_Start,1000,0,1,TTAGGG
utg001976l_Start,1000,0,0,TTAGGG
utg001977l_Start,1000,0,0,TTAGGG
utg001978l_Start,1000,0,0,TTAGGG
utg001979l_Start,1000,0,0,TTAGGG
utg001980l_Start,1000,0,0,TTAGGG
utg001981l_Start,1000,0,0,TTAGGG
utg001982l_Start,1000,0,0,TTAGGG
utg001983l_Start,1000,0,0,TTAGGG
utg001984l_Start,1000,1,2,TTAGGG
utg001985l_Start,1000,0,1,TTAGGG
utg001986l_Start,1000,1,0,TTAGGG
utg001987l_Start,1000,0,0,TTAGGG
utg001988l_Start,1000,0,0,TTAGGG
utg001989l_Start,1000,0,0,TTAGGG
utg001990l_Start,1000,1,0,TTAGGG
utg001991l_Start,1000,0,0,TTAGGG
utg001992l_Start,1000,0,0,TTAGGG
utg001993l_Start,1000,0,0,TTAGGG
utg001994l_Start,1000,0,0,TTAGGG
utg001995l_Start,1000,0,0,TTAGGG
utg001996l_Start,1000,0,0,TTAGGG
utg001997l_Start,1000,0,0,TTAGGG
utg001998l_Start,1000,0,0,TTAGGG
utg001999l_Start,1000,0,0,TTAGGG
utg002000l_Start,1000,0,0,TTAGGG
utg002001l_Start,1000,0,0,TTAGGG
utg002002l_Start,1000,0,0,TTAGGG
utg002003l_Start,1000,0,0,TTAGGG
utg002004l_Start,1000,0,0,TTAGGG
utg002005l_Start,1000,0,1,TTAGGG
utg002006l_Start,1000,0,0,TTAGGG
utg002007l_Start,1000,0,0,TTAGGG
utg002008l_Start,1000,0,0,TTAGGG
utg002009l_Start,1000,0,0,TTAGGG
utg002010l_Start,1000,0,0,TTAGGG
utg002011l_Start,1000,0,1,TTAGGG
utg002012l_Start,1000,0,0,TTAGGG
utg002013l_Start,1000,0,0,TTAGGG
utg002014l_Start,1000,2,0,TTAGGG
utg002015l_Start,1000,0,0,TTAGGG
utg002016l_Start,1000,0,2,TTAGGG
utg002017l_Start,1000,0,0,TTAGGG
utg002018l_Start,1000,0,0,TTAGGG
utg002019l_Start,1000,1,0,TTAGGG
utg002020l_Start,1000,0,0,TTAGGG
utg002021l_Start,1000,0,0,TTAGGG
utg002022l_Start,1000,0,0,TTAGGG
utg002023l_Start,1000,0,0,TTAGGG
utg002024l_Start,1000,0,1,TTAGGG
utg002025l_Start,1000,0,0,TTAGGG
utg002026l_Start,1000,0,0,TTAGGG
utg002027l_Start,1000,0,0,TTAGGG
utg002028l_Start,1000,0,0,TTAGGG
utg002029l_Start,1000,0,0,TTAGGG
utg002030l_Start,1000,0,0,TTAGGG
utg002031l_Start,1000,0,1,TTAGGG
utg002032l_Start,1000,0,0,TTAGGG
utg002033l_Start,1000,0,1,TTAGGG
utg002034l_Start,1000,0,1,TTAGGG
utg002035l_Start,1000,0,1,TTAGGG
utg002036l_Start,1000,1,0,TTAGGG
utg002037l_Start,1000,0,0,TTAGGG
utg002038l_Start,1000,1,1,TTAGGG
utg002039l_Start,1000,0,0,TTAGGG
utg002040l_Start,1000,0,0,TTAGGG
utg002041l_Start,1000,0,0,TTAGGG
utg002042l_Start,1000,0,1,TTAGGG
utg002043l_Start,1000,0,0,TTAGGG
utg002044l_Start,1000,0,0,TTAGGG
utg002045l_Start,1000,1,0,TTAGGG
utg002046l_Start,1000,0,0,TTAGGG
utg002047l_Start,1000,0,0,TTAGGG
utg002048l_Start,1000,0,0,TTAGGG
utg002049l_Start,1000,0,0,TTAGGG
utg002050l_Start,1000,1,0,TTAGGG
utg002051l_Start,1000,0,0,TTAGGG
utg002052l_Start,1000,0,0,TTAGGG
utg002053l_Start,1000,0,0,TTAGGG
utg002054l_Start,1000,0,0,TTAGGG
utg002055l_Start,1000,0,0,TTAGGG
utg002056l_Start,1000,0,0,TTAGGG
utg002057l_Start,1000,0,0,TTAGGG
utg002058l_Start,1000,0,0,TTAGGG
utg002059l_Start,1000,0,0,TTAGGG
utg002060l_Start,1000,0,0,TTAGGG
utg002061l_Start,1000,1,0,TTAGGG
utg002062l_Start,1000,0,0,TTAGGG
utg002063l_Start,1000,1,0,TTAGGG
utg002064l_Start,1000,0,0,TTAGGG
utg002065l_Start,1000,1,0,TTAGGG
utg002066l_Start,1000,0,0,TTAGGG
utg002067l_Start,1000,0,0,TTAGGG
utg002068l_Start,1000,1,0,TTAGGG
utg002069l_Start,1000,1,1,TTAGGG
utg002070l_Start,1000,0,0,TTAGGG
utg002071l_Start,1000,0,0,TTAGGG
utg002072l_Start,1000,0,0,TTAGGG
utg002073l_Start,1000,0,0,TTAGGG
utg002074l_Start,1000,0,0,TTAGGG
utg002075l_Start,1000,1,1,TTAGGG
utg002076l_Start,1000,0,0,TTAGGG
utg002077l_Start,1000,0,0,TTAGGG
utg002078l_Start,1000,0,2,TTAGGG
utg002079l_Start,1000,0,0,TTAGGG
utg002080l_Start,1000,0,0,TTAGGG
utg002081l_Start,1000,1,0,TTAGGG
utg002082l_Start,1000,0,0,TTAGGG
utg002083l_Start,1000,0,0,TTAGGG
utg002084l_Start,1000,0,0,TTAGGG
utg002085l_Start,1000,0,0,TTAGGG
utg002086l_Start,1000,0,0,TTAGGG
utg002087l_Start,1000,0,0,TTAGGG
utg002088l_Start,1000,0,0,TTAGGG
utg002089l_Start,1000,1,0,TTAGGG
utg002090l_Start,1000,1,0,TTAGGG
utg002091l_Start,1000,0,0,TTAGGG
utg002092l_Start,1000,0,0,TTAGGG
utg002093l_Start,1000,0,0,TTAGGG
utg002094l_Start,1000,0,1,TTAGGG
utg002095l_Start,1000,0,0,TTAGGG
utg002096l_Start,1000,0,0,TTAGGG
utg002097l_Start,1000,0,0,TTAGGG
utg002098l_Start,1000,0,0,TTAGGG
utg002099l_Start,1000,0,1,TTAGGG
utg002100l_Start,1000,0,0,TTAGGG
utg002101l_Start,1000,0,0,TTAGGG
utg002102l_Start,1000,0,0,TTAGGG
utg002103l_Start,1000,0,0,TTAGGG
utg002104l_Start,1000,0,1,TTAGGG
utg002105l_Start,1000,1,0,TTAGGG
utg002106l_Start,1000,0,0,TTAGGG
utg002107l_Start,1000,0,0,TTAGGG
utg002108l_Start,1000,0,0,TTAGGG
utg002109l_Start,1000,0,0,TTAGGG
utg002110l_Start,1000,0,0,TTAGGG
utg002111l_Start,1000,0,0,TTAGGG
utg002112l_Start,1000,0,0,TTAGGG
utg002113l_Start,1000,0,0,TTAGGG
utg002114l_Start,1000,0,0,TTAGGG
utg002115l_Start,1000,0,0,TTAGGG
utg002116l_Start,1000,0,0,TTAGGG
utg002117l_Start,1000,0,0,TTAGGG
utg002118l_Start,1000,0,0,TTAGGG
utg002119l_Start,1000,0,0,TTAGGG
utg002120l_Start,1000,0,0,TTAGGG
utg002121l_Start,1000,0,0,TTAGGG
utg002122l_Start,1000,1,1,TTAGGG
utg002123l_Start,1000,0,0,TTAGGG
utg002124l_Start,1000,0,0,TTAGGG
utg002125l_Start,1000,0,0,TTAGGG
utg002126l_Start,1000,1,0,TTAGGG
utg002127l_Start,1000,0,0,TTAGGG
utg002128l_Start,1000,0,0,TTAGGG
utg002129l_Start,1000,0,0,TTAGGG
utg002130l_Start,1000,0,0,TTAGGG
utg002131l_Start,1000,0,0,TTAGGG
utg002132l_Start,1000,0,0,TTAGGG
utg002133l_Start,1000,0,0,TTAGGG
utg002134l_Start,1000,1,0,TTAGGG
utg002135l_Start,1000,1,1,TTAGGG
utg002136l_Start,1000,1,0,TTAGGG
utg002137l_Start,1000,1,0,TTAGGG
utg002138l_Start,1000,0,0,TTAGGG
utg002139l_Start,1000,0,0,TTAGGG
utg002140l_Start,1000,0,0,TTAGGG
utg002141l_Start,1000,0,1,TTAGGG
utg002142l_Start,1000,0,0,TTAGGG
utg002143l_Start,1000,0,0,TTAGGG
utg002144l_Start,1000,0,0,TTAGGG
utg002145l_Start,1000,0,0,TTAGGG
utg002146l_Start,1000,0,0,TTAGGG
utg002147l_Start,1000,0,0,TTAGGG
utg002148l_Start,1000,0,0,TTAGGG
utg002149l_Start,1000,0,1,TTAGGG
utg002150l_Start,1000,0,0,TTAGGG
utg002151l_Start,1000,0,0,TTAGGG
utg002152l_Start,1000,0,0,TTAGGG
utg002153l_Start,1000,0,1,TTAGGG
utg002154l_Start,1000,0,1,TTAGGG
utg002155l_Start,1000,0,0,TTAGGG
utg002156l_Start,1000,1,0,TTAGGG
utg002157l_Start,1000,0,0,TTAGGG
utg002158l_Start,1000,0,0,TTAGGG
utg002159l_Start,1000,0,0,TTAGGG
utg002160l_Start,1000,0,1,TTAGGG
utg002161l_Start,1000,0,0,TTAGGG
utg002162l_Start,1000,2,1,TTAGGG
utg002163l_Start,1000,0,0,TTAGGG
utg002164l_Start,1000,1,0,TTAGGG
utg002165l_Start,1000,0,0,TTAGGG
utg002166l_Start,1000,0,0,TTAGGG
utg002167l_Start,1000,0,0,TTAGGG
utg002168l_Start,1000,0,0,TTAGGG
utg002169l_Start,1000,0,0,TTAGGG
utg002170l_Start,1000,0,0,TTAGGG
utg002171l_Start,1000,0,0,TTAGGG
utg002172l_Start,1000,1,0,TTAGGG
utg002173l_Start,1000,0,0,TTAGGG
utg002174l_Start,1000,0,0,TTAGGG
utg002175l_Start,1000,0,1,TTAGGG
utg002176l_Start,1000,0,0,TTAGGG
utg002177l_Start,1000,0,1,TTAGGG
utg002178l_Start,1000,0,0,TTAGGG
utg002179l_Start,1000,0,0,TTAGGG
utg002180l_Start,1000,0,0,TTAGGG
utg002181l_Start,1000,0,0,TTAGGG
utg002182l_Start,1000,0,0,TTAGGG
utg002183l_Start,1000,0,0,TTAGGG
utg002184l_Start,1000,0,0,TTAGGG
utg002185l_Start,1000,0,0,TTAGGG
utg002186l_Start,1000,0,0,TTAGGG
utg002187l_Start,1000,0,0,TTAGGG
utg002188l_Start,1000,0,0,TTAGGG
utg002189l_Start,1000,0,0,TTAGGG
utg002190l_Start,1000,0,0,TTAGGG
utg002191l_Start,1000,0,1,TTAGGG
utg002192l_Start,1000,0,0,TTAGGG
utg002193l_Start,1000,0,0,TTAGGG
utg002194l_Start,1000,0,0,TTAGGG
utg002195l_Start,1000,0,1,TTAGGG
utg002196l_Start,1000,0,0,TTAGGG
utg002197l_Start,1000,0,0,TTAGGG
utg002198l_Start,1000,0,1,TTAGGG
utg002199l_Start,1000,0,0,TTAGGG
utg002200l_Start,1000,0,3,TTAGGG
utg002201l_Start,1000,1,0,TTAGGG
utg002202l_Start,1000,0,0,TTAGGG
utg002203l_Start,1000,0,0,TTAGGG
utg002204l_Start,1000,0,0,TTAGGG
utg002205l_Start,1000,0,0,TTAGGG
utg002206l_Start,1000,0,0,TTAGGG
utg002207l_Start,1000,0,0,TTAGGG
utg002208l_Start,1000,0,0,TTAGGG
utg002209l_Start,1000,1,0,TTAGGG
utg002210l_Start,1000,0,0,TTAGGG
utg002211l_Start,1000,0,0,TTAGGG
utg002212l_Start,1000,0,0,TTAGGG
utg002213l_Start,1000,0,0,TTAGGG
utg002214l_Start,1000,1,2,TTAGGG
utg002215l_Start,1000,0,0,TTAGGG
utg002216l_Start,1000,0,0,TTAGGG
utg002217l_Start,1000,0,1,TTAGGG
utg002218l_Start,1000,1,0,TTAGGG
utg002219l_Start,1000,0,0,TTAGGG
utg002220l_Start,1000,1,0,TTAGGG
utg002221l_Start,1000,0,0,TTAGGG
utg002222l_Start,1000,0,0,TTAGGG
utg002223l_Start,1000,0,0,TTAGGG
utg002224l_Start,1000,0,0,TTAGGG
utg002225l_Start,1000,0,0,TTAGGG
utg002226l_Start,1000,0,0,TTAGGG
utg002227l_Start,1000,0,0,TTAGGG
utg002228l_Start,1000,0,0,TTAGGG
utg002229l_Start,1000,0,0,TTAGGG
utg002230l_Start,1000,0,0,TTAGGG
utg002231l_Start,1000,0,0,TTAGGG
utg002232l_Start,1000,1,1,TTAGGG
utg002233l_Start,1000,0,0,TTAGGG
utg002234l_Start,1000,0,0,TTAGGG
utg002235l_Start,1000,0,0,TTAGGG
utg002236l_Start,1000,0,1,TTAGGG
utg002237l_Start,1000,0,0,TTAGGG
utg002238l_Start,1000,0,0,TTAGGG
utg002239l_Start,1000,0,0,TTAGGG
utg002240l_Start,1000,0,0,TTAGGG
utg002241l_Start,1000,0,0,TTAGGG
utg002242l_Start,1000,1,0,TTAGGG
utg002243l_Start,1000,0,0,TTAGGG
utg002244l_Start,1000,0,0,TTAGGG
utg002245l_Start,1000,0,0,TTAGGG
utg002246l_Start,1000,1,1,TTAGGG
utg002247l_Start,1000,0,0,TTAGGG
utg002248l_Start,1000,0,0,TTAGGG
utg002249l_Start,1000,0,0,TTAGGG
utg002250l_Start,1000,0,0,TTAGGG
utg002251l_Start,1000,0,0,TTAGGG
utg002252l_Start,1000,0,0,TTAGGG
utg002253l_Start,1000,0,0,TTAGGG
utg002254l_Start,1000,0,0,TTAGGG
utg002255l_Start,1000,0,0,TTAGGG
utg002256l_Start,1000,1,1,TTAGGG
utg002257l_Start,1000,0,0,TTAGGG
utg002258l_Start,1000,0,0,TTAGGG
utg002259l_Start,1000,0,0,TTAGGG
utg002260l_Start,1000,0,0,TTAGGG
utg002261l_Start,1000,0,0,TTAGGG
utg002262l_Start,1000,0,0,TTAGGG
utg002263l_Start,1000,0,0,TTAGGG
utg002264l_Start,1000,0,0,TTAGGG
utg002265l_Start,1000,0,0,TTAGGG
utg002266l_Start,1000,0,0,TTAGGG
utg002267l_Start,1000,0,1,TTAGGG
utg002268l_Start,1000,0,0,TTAGGG
utg002269l_Start,1000,0,0,TTAGGG
utg002270l_Start,1000,1,0,TTAGGG
utg002271l_Start,1000,0,0,TTAGGG
utg002272l_Start,1000,0,2,TTAGGG
utg002273l_Start,1000,0,0,TTAGGG
utg002274l_Start,1000,0,0,TTAGGG
utg002275l_Start,1000,0,0,TTAGGG
utg002276l_Start,1000,1,1,TTAGGG
utg002277l_Start,1000,0,0,TTAGGG
utg002278l_Start,1000,0,0,TTAGGG
utg002279l_Start,1000,2,0,TTAGGG
utg002280l_Start,1000,1,0,TTAGGG
utg002281l_Start,1000,0,0,TTAGGG
utg002282l_Start,1000,0,0,TTAGGG
utg002283l_Start,1000,0,0,TTAGGG
utg002284l_Start,1000,0,0,TTAGGG
utg002285l_Start,1000,0,1,TTAGGG
utg002286l_Start,1000,0,0,TTAGGG
utg002287l_Start,1000,0,0,TTAGGG
utg002288l_Start,1000,0,1,TTAGGG
utg002289l_Start,1000,0,0,TTAGGG
utg002290l_Start,1000,0,0,TTAGGG
utg002291l_Start,1000,1,0,TTAGGG
utg002292l_Start,1000,2,0,TTAGGG
utg002293l_Start,1000,0,1,TTAGGG
utg002294l_Start,1000,0,1,TTAGGG
utg002295l_Start,1000,0,0,TTAGGG
utg002296l_Start,1000,0,0,TTAGGG
utg002297l_Start,1000,0,1,TTAGGG
utg002298l_Start,1000,0,0,TTAGGG
utg002299l_Start,1000,0,0,TTAGGG
utg002300l_Start,1000,0,0,TTAGGG
utg002301l_Start,1000,0,0,TTAGGG
utg002302l_Start,1000,0,0,TTAGGG
utg002303l_Start,1000,0,0,TTAGGG
utg002304l_Start,1000,0,0,TTAGGG
utg002305l_Start,1000,0,0,TTAGGG
utg002306l_Start,1000,0,0,TTAGGG
utg002307l_Start,1000,1,0,TTAGGG
utg002308l_Start,1000,0,0,TTAGGG
utg002309l_Start,1000,0,0,TTAGGG
utg002310l_Start,1000,0,1,TTAGGG
utg002311l_Start,1000,0,0,TTAGGG
utg002312l_Start,1000,0,0,TTAGGG
utg002313l_Start,1000,2,0,TTAGGG
utg002314l_Start,1000,0,0,TTAGGG
utg002315l_Start,1000,0,1,TTAGGG
utg002316l_Start,1000,1,1,TTAGGG
utg002317l_Start,1000,0,0,TTAGGG
utg002318l_Start,1000,0,0,TTAGGG
utg002319l_Start,1000,0,0,TTAGGG
utg002320l_Start,1000,0,0,TTAGGG
utg002321l_Start,1000,0,0,TTAGGG
utg002322l_Start,1000,0,0,TTAGGG
utg002323l_Start,1000,0,0,TTAGGG
utg002324l_Start,1000,1,1,TTAGGG
utg002325l_Start,1000,0,0,TTAGGG
utg002326l_Start,1000,0,0,TTAGGG
utg002327l_Start,1000,1,0,TTAGGG
utg002328l_Start,1000,0,1,TTAGGG
utg002329l_Start,1000,0,0,TTAGGG
utg002330l_Start,1000,0,0,TTAGGG
utg002331l_Start,1000,0,0,TTAGGG
utg002332l_Start,1000,0,0,TTAGGG
utg002333l_Start,1000,0,0,TTAGGG
utg002334l_Start,1000,0,0,TTAGGG
utg002335l_Start,1000,0,0,TTAGGG
utg002336l_Start,1000,0,0,TTAGGG
utg002337l_Start,1000,0,0,TTAGGG
utg002338l_Start,1000,0,0,TTAGGG
utg002339l_Start,1000,0,0,TTAGGG
utg002340l_Start,1000,0,0,TTAGGG
utg002341l_Start,1000,0,0,TTAGGG
utg002342l_Start,1000,0,0,TTAGGG
utg002343l_Start,1000,0,0,TTAGGG
utg002344l_Start,1000,0,0,TTAGGG
utg002345l_Start,1000,0,0,TTAGGG
utg002346l_Start,1000,0,0,TTAGGG
utg002347l_Start,1000,0,0,TTAGGG
utg002348l_Start,1000,0,0,TTAGGG
utg002349l_Start,1000,0,0,TTAGGG
utg002350l_Start,1000,0,0,TTAGGG
utg002351l_Start,1000,0,0,TTAGGG
utg002352l_Start,1000,0,0,TTAGGG
utg002353l_Start,1000,1,0,TTAGGG
utg002354l_Start,1000,0,0,TTAGGG
utg002355l_Start,1000,1,0,TTAGGG
utg002356l_Start,1000,1,0,TTAGGG
utg002357l_Start,1000,0,0,TTAGGG
utg002358l_Start,1000,0,1,TTAGGG
utg002359l_Start,1000,0,0,TTAGGG
utg002360l_Start,1000,0,0,TTAGGG
utg002361l_Start,1000,0,0,TTAGGG
utg002362l_Start,1000,1,0,TTAGGG
utg002363l_Start,1000,0,0,TTAGGG
utg002364l_Start,1000,0,2,TTAGGG
utg002365l_Start,1000,0,0,TTAGGG
utg002366l_Start,1000,0,0,TTAGGG
utg002367l_Start,1000,0,0,TTAGGG
utg002368l_Start,1000,0,0,TTAGGG
utg002369l_Start,1000,0,0,TTAGGG
utg002370l_Start,1000,0,0,TTAGGG
utg002371l_Start,1000,0,1,TTAGGG
utg002372l_Start,1000,0,0,TTAGGG
utg002373l_Start,1000,0,0,TTAGGG
utg002374l_Start,1000,0,0,TTAGGG
utg002375l_Start,1000,0,0,TTAGGG
utg002376l_Start,1000,0,0,TTAGGG
utg002377l_Start,1000,0,0,TTAGGG
utg002378l_Start,1000,0,0,TTAGGG
utg002379l_Start,1000,0,0,TTAGGG
utg002380l_Start,1000,0,1,TTAGGG
utg002381l_Start,1000,0,0,TTAGGG
utg002382l_Start,1000,0,0,TTAGGG
utg002383l_Start,1000,0,0,TTAGGG
utg002384l_Start,1000,0,0,TTAGGG
utg002385l_Start,1000,0,0,TTAGGG
utg002386l_Start,1000,0,0,TTAGGG
utg002387l_Start,1000,0,0,TTAGGG
utg002388l_Start,1000,0,0,TTAGGG
utg002389l_Start,1000,0,0,TTAGGG
utg002390l_Start,1000,0,0,TTAGGG
utg002391l_Start,1000,0,0,TTAGGG
utg002392l_Start,1000,0,0,TTAGGG
utg002393l_Start,1000,1,0,TTAGGG
utg002394l_Start,1000,0,0,TTAGGG
utg002395l_Start,1000,0,0,TTAGGG
utg002396l_Start,1000,0,0,TTAGGG
utg002397l_Start,1000,0,0,TTAGGG
utg002398l_Start,1000,0,0,TTAGGG
utg002399l_Start,1000,0,1,TTAGGG
utg002400l_Start,1000,0,0,TTAGGG
utg002401l_Start,1000,0,0,TTAGGG
utg002402l_Start,1000,0,0,TTAGGG
utg002403l_Start,1000,0,0,TTAGGG
utg002404l_Start,1000,0,0,TTAGGG
utg002405l_Start,1000,0,0,TTAGGG
utg002406l_Start,1000,0,0,TTAGGG
utg002407l_Start,1000,0,0,TTAGGG
utg002408l_Start,1000,0,0,TTAGGG
utg002409l_Start,1000,0,0,TTAGGG
utg002410l_Start,1000,0,0,TTAGGG
utg002411l_Start,1000,0,0,TTAGGG
utg002412l_Start,1000,0,0,TTAGGG
utg002413l_Start,1000,0,0,TTAGGG
utg002414l_Start,1000,0,1,TTAGGG
utg002415l_Start,1000,0,1,TTAGGG
utg002416l_Start,1000,1,0,TTAGGG
utg002417l_Start,1000,0,0,TTAGGG
utg002418l_Start,1000,1,0,TTAGGG
utg002419l_Start,1000,0,0,TTAGGG
utg002420l_Start,1000,1,0,TTAGGG
utg002421l_Start,1000,0,0,TTAGGG
utg002422l_Start,1000,0,0,TTAGGG
utg002423l_Start,1000,0,0,TTAGGG
utg002424l_Start,1000,0,0,TTAGGG
utg002425l_Start,1000,0,0,TTAGGG
utg002426l_Start,1000,0,1,TTAGGG
utg002427l_Start,1000,0,0,TTAGGG
utg002428l_Start,1000,0,0,TTAGGG
utg002429l_Start,1000,1,0,TTAGGG
utg002430l_Start,1000,2,1,TTAGGG
utg002431l_Start,1000,0,0,TTAGGG
utg002432l_Start,1000,0,0,TTAGGG
utg002433l_Start,1000,0,1,TTAGGG
utg002434l_Start,1000,1,0,TTAGGG
utg002435l_Start,1000,0,2,TTAGGG
utg002436l_Start,1000,0,0,TTAGGG
utg002437l_Start,1000,0,2,TTAGGG
utg002438l_Start,1000,0,0,TTAGGG
utg002439l_Start,1000,0,0,TTAGGG
utg002440l_Start,1000,0,0,TTAGGG
utg002441l_Start,1000,0,0,TTAGGG
utg002442l_Start,1000,0,0,TTAGGG
utg002443l_Start,1000,0,0,TTAGGG
utg002444l_Start,1000,0,0,TTAGGG
utg002445l_Start,1000,0,0,TTAGGG
utg002446l_Start,1000,0,2,TTAGGG
utg002447l_Start,1000,0,0,TTAGGG
utg002448l_Start,1000,0,0,TTAGGG
utg002449l_Start,1000,0,0,TTAGGG
utg002450l_Start,1000,2,0,TTAGGG
utg002451l_Start,1000,0,0,TTAGGG
utg002452l_Start,1000,0,1,TTAGGG
utg002453l_Start,1000,0,0,TTAGGG
utg002454l_Start,1000,0,0,TTAGGG
utg002455l_Start,1000,1,2,TTAGGG
utg002456l_Start,1000,0,0,TTAGGG
utg002457l_Start,1000,0,0,TTAGGG
utg002458l_Start,1000,1,0,TTAGGG
utg002459l_Start,1000,0,0,TTAGGG
utg002460l_Start,1000,0,0,TTAGGG
utg002461l_Start,1000,0,0,TTAGGG
utg002462l_Start,1000,1,0,TTAGGG
utg002463l_Start,1000,0,0,TTAGGG
utg002464l_Start,1000,0,0,TTAGGG
utg002465l_Start,1000,0,1,TTAGGG
utg002466l_Start,1000,0,0,TTAGGG
utg002467l_Start,1000,0,0,TTAGGG
utg002468l_Start,1000,0,0,TTAGGG
utg002469l_Start,1000,0,0,TTAGGG
utg002470l_Start,1000,0,0,TTAGGG
utg002471l_Start,1000,0,0,TTAGGG
utg002472l_Start,1000,0,0,TTAGGG
utg002473l_Start,1000,0,0,TTAGGG
utg002474l_Start,1000,0,0,TTAGGG
utg002475l_Start,1000,0,0,TTAGGG
utg002476l_Start,1000,0,0,TTAGGG
utg002477l_Start,1000,0,0,TTAGGG
utg002478l_Start,1000,0,0,TTAGGG
utg002479l_Start,1000,0,0,TTAGGG
utg002480l_Start,1000,0,0,TTAGGG
utg002481l_Start,1000,0,0,TTAGGG
utg002482l_Start,1000,0,0,TTAGGG
utg002483l_Start,1000,0,0,TTAGGG
utg002484l_Start,1000,0,0,TTAGGG
utg002485l_Start,1000,0,0,TTAGGG
utg002486l_Start,1000,0,0,TTAGGG
utg002487l_Start,1000,0,0,TTAGGG
utg002488l_Start,1000,0,0,TTAGGG
utg002489l_Start,1000,0,0,TTAGGG
utg002490l_Start,1000,1,1,TTAGGG
utg002491l_Start,1000,0,0,TTAGGG
utg002492l_Start,1000,0,0,TTAGGG
utg002493l_Start,1000,0,0,TTAGGG
utg002494l_Start,1000,0,1,TTAGGG
utg002495l_Start,1000,0,2,TTAGGG
utg002496l_Start,1000,0,0,TTAGGG
utg002497l_Start,1000,0,0,TTAGGG
utg002498l_Start,1000,0,0,TTAGGG
utg002499l_Start,1000,0,0,TTAGGG
utg002500l_Start,1000,0,0,TTAGGG
utg002501l_Start,1000,0,0,TTAGGG
utg002502l_Start,1000,0,0,TTAGGG
utg002503l_Start,1000,0,0,TTAGGG
utg002504l_Start,1000,0,0,TTAGGG
utg002505l_Start,1000,0,0,TTAGGG
utg002506l_Start,1000,1,0,TTAGGG
utg002507l_Start,1000,0,0,TTAGGG
utg002508l_Start,1000,0,0,TTAGGG
utg002509l_Start,1000,0,0,TTAGGG
utg002510l_Start,1000,1,0,TTAGGG
utg002511l_Start,1000,0,0,TTAGGG
utg002512l_Start,1000,0,0,TTAGGG
utg002513l_Start,1000,0,0,TTAGGG
utg002514l_Start,1000,0,0,TTAGGG
utg002515l_Start,1000,0,0,TTAGGG
utg002516l_Start,1000,1,0,TTAGGG
utg002517l_Start,1000,0,1,TTAGGG
utg002518l_Start,1000,0,0,TTAGGG
utg002519l_Start,1000,0,0,TTAGGG
utg002520l_Start,1000,0,0,TTAGGG
utg002521l_Start,1000,0,0,TTAGGG
utg002522l_Start,1000,0,0,TTAGGG
utg002523l_Start,1000,0,0,TTAGGG
utg002524l_Start,1000,0,0,TTAGGG
utg002525l_Start,1000,1,1,TTAGGG
utg002526l_Start,1000,0,0,TTAGGG
utg002527l_Start,1000,0,1,TTAGGG
utg002528l_Start,1000,1,0,TTAGGG
utg002529l_Start,1000,0,0,TTAGGG
utg002530l_Start,1000,0,0,TTAGGG
utg002531l_Start,1000,0,0,TTAGGG
utg002532l_Start,1000,0,1,TTAGGG
utg002533l_Start,1000,1,0,TTAGGG
utg002534l_Start,1000,0,1,TTAGGG
utg002535l_Start,1000,0,0,TTAGGG
utg002536l_Start,1000,0,0,TTAGGG
utg002537l_Start,1000,0,0,TTAGGG
utg002538l_Start,1000,0,0,TTAGGG
utg002539l_Start,1000,0,0,TTAGGG
utg002540l_Start,1000,0,0,TTAGGG
utg002541l_Start,1000,1,0,TTAGGG
utg002542l_Start,1000,0,0,TTAGGG
utg002543l_Start,1000,0,0,TTAGGG
utg002544l_Start,1000,0,0,TTAGGG
utg002545l_Start,1000,0,0,TTAGGG
utg002546l_Start,1000,0,0,TTAGGG
utg002547l_Start,1000,0,0,TTAGGG
utg002548l_Start,1000,1,0,TTAGGG
utg002549l_Start,1000,0,0,TTAGGG
utg002550l_Start,1000,0,0,TTAGGG
utg002551l_Start,1000,0,0,TTAGGG
utg002552l_Start,1000,2,0,TTAGGG
utg002553l_Start,1000,0,0,TTAGGG
utg002554l_Start,1000,1,0,TTAGGG
utg002555l_Start,1000,1,0,TTAGGG
utg002556l_Start,1000,0,0,TTAGGG
utg002557l_Start,1000,0,0,TTAGGG
utg002558l_Start,1000,0,0,TTAGGG
utg002559l_Start,1000,0,0,TTAGGG
utg002560l_Start,1000,0,0,TTAGGG
utg002561l_Start,1000,0,0,TTAGGG
utg002562l_Start,1000,0,0,TTAGGG
utg002563l_Start,1000,0,0,TTAGGG
utg002564l_Start,1000,0,1,TTAGGG
utg002565l_Start,1000,0,0,TTAGGG
utg002566l_Start,1000,0,0,TTAGGG
utg002567l_Start,1000,0,0,TTAGGG
utg002568l_Start,1000,0,1,TTAGGG
utg002569l_Start,1000,2,0,TTAGGG
utg002570l_Start,1000,1,0,TTAGGG
utg002571l_Start,1000,0,0,TTAGGG
utg002572l_Start,1000,0,0,TTAGGG
utg002573l_Start,1000,0,0,TTAGGG
utg002574l_Start,1000,0,0,TTAGGG
utg002575l_Start,1000,0,0,TTAGGG
utg002576l_Start,1000,0,0,TTAGGG
utg002577l_Start,1000,0,0,TTAGGG
utg002578l_Start,1000,0,0,TTAGGG
utg002579l_Start,1000,0,0,TTAGGG
utg002580l_Start,1000,1,0,TTAGGG
utg002581l_Start,1000,0,0,TTAGGG
utg002582l_Start,1000,0,0,TTAGGG
utg002583l_Start,1000,0,0,TTAGGG
utg002584l_Start,1000,1,0,TTAGGG
utg002585l_Start,1000,0,0,TTAGGG
utg002586l_Start,1000,0,0,TTAGGG
utg002587l_Start,1000,0,0,TTAGGG
utg002588l_Start,1000,0,0,TTAGGG
utg002589l_Start,1000,0,0,TTAGGG
utg002590l_Start,1000,0,0,TTAGGG
utg002591l_Start,1000,1,0,TTAGGG
utg002592l_Start,1000,0,0,TTAGGG
utg002593l_Start,1000,0,0,TTAGGG
utg002594l_Start,1000,0,2,TTAGGG
utg002595l_Start,1000,0,0,TTAGGG
utg002596l_Start,1000,0,166,TTAGGG
utg002597l_Start,1000,1,0,TTAGGG
utg002598l_Start,1000,0,0,TTAGGG
utg002599l_Start,1000,1,0,TTAGGG
utg002600l_Start,1000,0,0,TTAGGG
utg002601l_Start,1000,0,0,TTAGGG
utg002602l_Start,1000,0,0,TTAGGG
utg002603l_Start,1000,1,0,TTAGGG
utg002604l_Start,1000,0,1,TTAGGG
utg002605l_Start,1000,0,0,TTAGGG
utg002606l_Start,1000,0,1,TTAGGG
utg002607l_Start,1000,0,0,TTAGGG
utg002608l_Start,1000,0,0,TTAGGG
utg002609l_Start,1000,0,0,TTAGGG
utg002610l_Start,1000,0,0,TTAGGG
utg002611l_Start,1000,0,0,TTAGGG
utg002612l_Start,1000,1,0,TTAGGG
utg002613l_Start,1000,0,0,TTAGGG
utg002614l_Start,1000,0,0,TTAGGG
utg002615l_Start,1000,0,0,TTAGGG
utg002616l_Start,1000,0,1,TTAGGG
utg002617l_Start,1000,1,0,TTAGGG
utg002618l_Start,1000,0,0,TTAGGG
utg002619l_Start,1000,0,0,TTAGGG
utg002620l_Start,1000,1,0,TTAGGG
utg002621l_Start,1000,0,0,TTAGGG
utg002622l_Start,1000,0,0,TTAGGG
utg002623l_Start,1000,0,0,TTAGGG
utg002624l_Start,1000,0,0,TTAGGG
utg002625l_Start,1000,0,0,TTAGGG
utg002626l_Start,1000,0,0,TTAGGG
utg002627l_Start,1000,0,0,TTAGGG
utg002628l_Start,1000,0,0,TTAGGG
utg002629l_Start,1000,1,1,TTAGGG
utg002630l_Start,1000,0,1,TTAGGG
utg002631l_Start,1000,0,0,TTAGGG
utg002632l_Start,1000,0,0,TTAGGG
utg002633l_Start,1000,0,0,TTAGGG
utg002634l_Start,1000,1,0,TTAGGG
utg002635l_Start,1000,0,0,TTAGGG
utg002636l_Start,1000,0,0,TTAGGG
utg002637l_Start,1000,1,0,TTAGGG
utg002638l_Start,1000,0,1,TTAGGG
utg002639l_Start,1000,0,0,TTAGGG
utg002640l_Start,1000,0,1,TTAGGG
utg002641l_Start,1000,0,0,TTAGGG
utg002642l_Start,1000,0,0,TTAGGG
utg002643l_Start,1000,0,0,TTAGGG
utg002644l_Start,1000,0,0,TTAGGG
utg002645l_Start,1000,0,0,TTAGGG
utg002646l_Start,1000,0,0,TTAGGG
utg002647l_Start,1000,0,0,TTAGGG
utg002648l_Start,1000,0,0,TTAGGG
utg002649l_Start,1000,1,0,TTAGGG
utg002650l_Start,1000,0,0,TTAGGG
utg002651l_Start,1000,0,0,TTAGGG
utg002652l_Start,1000,0,0,TTAGGG
utg002653l_Start,1000,0,0,TTAGGG
utg002654l_Start,1000,0,0,TTAGGG
utg002655l_Start,1000,0,1,TTAGGG
utg002656l_Start,1000,0,0,TTAGGG
utg002657l_Start,1000,0,0,TTAGGG
utg002658l_Start,1000,0,0,TTAGGG
utg002659l_Start,1000,1,0,TTAGGG
utg002660l_Start,1000,0,0,TTAGGG
utg002661l_Start,1000,0,0,TTAGGG
utg002662l_Start,1000,0,0,TTAGGG
utg002663l_Start,1000,0,0,TTAGGG
utg002664l_Start,1000,1,0,TTAGGG
utg002665l_Start,1000,0,1,TTAGGG
utg002666l_Start,1000,0,0,TTAGGG
utg002667l_Start,1000,0,1,TTAGGG
utg002668l_Start,1000,0,0,TTAGGG
utg002669l_Start,1000,0,0,TTAGGG
utg002670l_Start,1000,0,0,TTAGGG
utg002671l_Start,1000,0,0,TTAGGG
utg002672l_Start,1000,0,0,TTAGGG
utg002673l_Start,1000,0,0,TTAGGG
utg002674l_Start,1000,0,0,TTAGGG
utg002675l_Start,1000,0,0,TTAGGG
utg002676l_Start,1000,0,0,TTAGGG
utg002677l_Start,1000,0,0,TTAGGG
utg002678l_Start,1000,0,0,TTAGGG
utg002679l_Start,1000,0,0,TTAGGG
utg002680l_Start,1000,0,0,TTAGGG
utg002681l_Start,1000,0,0,TTAGGG
utg002682l_Start,1000,1,0,TTAGGG
utg002683l_Start,1000,0,0,TTAGGG
utg002684l_Start,1000,0,1,TTAGGG
utg002685l_Start,1000,0,0,TTAGGG
utg002686l_Start,1000,0,0,TTAGGG
utg002687l_Start,1000,0,1,TTAGGG
utg002688l_Start,1000,0,0,TTAGGG
utg002689l_Start,1000,0,0,TTAGGG
utg002690l_Start,1000,1,0,TTAGGG
utg002691l_Start,1000,0,0,TTAGGG
utg002692l_Start,1000,1,0,TTAGGG
utg002693l_Start,1000,0,0,TTAGGG
utg002694l_Start,1000,0,0,TTAGGG
utg002695l_Start,1000,0,0,TTAGGG
utg002696l_Start,1000,1,0,TTAGGG
utg002697l_Start,1000,1,0,TTAGGG
utg002698l_Start,1000,0,0,TTAGGG
utg002699l_Start,1000,0,0,TTAGGG
utg002700l_Start,1000,0,0,TTAGGG
utg002701l_Start,1000,0,0,TTAGGG
utg002702l_Start,1000,0,0,TTAGGG
utg002703l_Start,1000,0,0,TTAGGG
utg002704l_Start,1000,0,0,TTAGGG
utg002705l_Start,1000,0,0,TTAGGG
utg002706l_Start,1000,0,0,TTAGGG
utg002707l_Start,1000,0,0,TTAGGG
utg002708l_Start,1000,3,0,TTAGGG
utg002709l_Start,1000,0,0,TTAGGG
utg002710l_Start,1000,1,0,TTAGGG
utg002711l_Start,1000,0,1,TTAGGG
utg002712l_Start,1000,0,0,TTAGGG
utg002713l_Start,1000,0,0,TTAGGG
utg002714l_Start,1000,0,1,TTAGGG
utg002715l_Start,1000,1,0,TTAGGG
utg002716l_Start,1000,0,0,TTAGGG
utg002717l_Start,1000,1,0,TTAGGG
utg002718l_Start,1000,0,0,TTAGGG
utg002719l_Start,1000,0,0,TTAGGG
utg002720l_Start,1000,0,0,TTAGGG
utg002721l_Start,1000,0,1,TTAGGG
utg002722l_Start,1000,0,0,TTAGGG
utg002723l_Start,1000,0,0,TTAGGG
utg002724l_Start,1000,0,0,TTAGGG
utg002725l_Start,1000,1,0,TTAGGG
utg002726l_Start,1000,0,0,TTAGGG
utg002727l_Start,1000,0,0,TTAGGG
utg002728l_Start,1000,0,0,TTAGGG
utg002729l_Start,1000,0,0,TTAGGG
utg002730l_Start,1000,0,0,TTAGGG
utg002731l_Start,1000,0,0,TTAGGG
utg002732l_Start,1000,1,0,TTAGGG
utg002733l_Start,1000,1,0,TTAGGG
utg002734l_Start,1000,0,0,TTAGGG
utg002735l_Start,1000,0,0,TTAGGG
utg002736l_Start,1000,2,0,TTAGGG
utg002737l_Start,1000,0,0,TTAGGG
utg002738l_Start,1000,0,0,TTAGGG
utg002739l_Start,1000,1,0,TTAGGG
utg002740l_Start,1000,1,0,TTAGGG
utg002741l_Start,1000,0,0,TTAGGG
utg002742l_Start,1000,0,1,TTAGGG
utg002743l_Start,1000,1,0,TTAGGG
utg002744l_Start,1000,0,0,TTAGGG
utg002745l_Start,1000,0,0,TTAGGG
utg002746l_Start,1000,0,0,TTAGGG
utg002747l_Start,1000,0,0,TTAGGG
utg002748l_Start,1000,0,1,TTAGGG
utg002749l_Start,1000,1,0,TTAGGG
utg002750l_Start,1000,0,1,TTAGGG
utg002751l_Start,1000,0,0,TTAGGG
utg002752l_Start,1000,0,0,TTAGGG
utg002753l_Start,1000,0,0,TTAGGG
utg002754l_Start,1000,1,0,TTAGGG
utg002755l_Start,1000,0,0,TTAGGG
utg002756l_Start,1000,0,0,TTAGGG
utg002757l_Start,1000,0,1,TTAGGG
utg002758l_Start,1000,0,0,TTAGGG
utg002759l_Start,1000,0,0,TTAGGG
utg002760l_Start,1000,1,1,TTAGGG
utg002761l_Start,1000,0,1,TTAGGG
utg002762l_Start,1000,0,0,TTAGGG
utg002763l_Start,1000,0,0,TTAGGG
utg002764l_Start,1000,0,0,TTAGGG
utg002765l_Start,1000,0,1,TTAGGG
utg002766l_Start,1000,0,0,TTAGGG
utg002767l_Start,1000,0,1,TTAGGG
utg002768l_Start,1000,0,0,TTAGGG
utg002769l_Start,1000,1,1,TTAGGG
utg002770l_Start,1000,0,1,TTAGGG
utg002771l_Start,1000,0,0,TTAGGG
utg002772l_Start,1000,0,0,TTAGGG
utg002773l_Start,1000,0,0,TTAGGG
utg002774l_Start,1000,0,1,TTAGGG
utg002775l_Start,1000,0,0,TTAGGG
utg002776l_Start,1000,0,0,TTAGGG
utg002777l_Start,1000,0,0,TTAGGG
utg002778l_Start,1000,0,0,TTAGGG
utg002779l_Start,1000,0,0,TTAGGG
utg002780l_Start,1000,1,0,TTAGGG
utg002781l_Start,1000,0,1,TTAGGG
utg002782l_Start,1000,0,0,TTAGGG
utg002783l_Start,1000,0,0,TTAGGG
utg002784l_Start,1000,0,0,TTAGGG
utg002785l_Start,1000,0,0,TTAGGG
utg002786l_Start,1000,1,0,TTAGGG
utg002787l_Start,1000,1,0,TTAGGG
utg002788l_Start,1000,0,0,TTAGGG
utg002789l_Start,1000,1,0,TTAGGG
utg002790l_Start,1000,0,0,TTAGGG
utg002791l_Start,1000,0,0,TTAGGG
utg002792l_Start,1000,0,0,TTAGGG
utg002793l_Start,1000,0,1,TTAGGG
utg002794l_Start,1000,0,0,TTAGGG
utg002795l_Start,1000,0,0,TTAGGG
utg002796l_Start,1000,0,0,TTAGGG
utg002797l_Start,1000,0,1,TTAGGG
utg002798l_Start,1000,0,1,TTAGGG
utg002799l_Start,1000,0,0,TTAGGG
utg002800l_Start,1000,0,0,TTAGGG
utg002801l_Start,1000,0,0,TTAGGG
utg002802l_Start,1000,0,0,TTAGGG
utg002803l_Start,1000,0,0,TTAGGG
utg002804l_Start,1000,0,0,TTAGGG
utg002805l_Start,1000,0,1,TTAGGG
utg002806l_Start,1000,0,0,TTAGGG
utg002807l_Start,1000,0,0,TTAGGG
utg002808l_Start,1000,0,0,TTAGGG
utg002809l_Start,1000,0,1,TTAGGG
utg002810l_Start,1000,0,0,TTAGGG
utg002811l_Start,1000,1,0,TTAGGG
utg002812l_Start,1000,0,0,TTAGGG
utg002813l_Start,1000,1,0,TTAGGG
utg002814l_Start,1000,0,0,TTAGGG
utg002815l_Start,1000,0,0,TTAGGG
utg002816l_Start,1000,0,0,TTAGGG
utg002817l_Start,1000,0,0,TTAGGG
utg002818l_Start,1000,0,1,TTAGGG
utg002819l_Start,1000,0,0,TTAGGG
utg002820l_Start,1000,0,0,TTAGGG
utg002821l_Start,1000,0,0,TTAGGG
utg002822l_Start,1000,0,1,TTAGGG
utg002823l_Start,1000,0,1,TTAGGG
utg002824l_Start,1000,0,0,TTAGGG
utg002825l_Start,1000,0,0,TTAGGG
utg002826l_Start,1000,1,0,TTAGGG
utg002827l_Start,1000,0,0,TTAGGG
utg002828l_Start,1000,0,0,TTAGGG
utg002829l_Start,1000,0,0,TTAGGG
utg002830l_Start,1000,0,0,TTAGGG
utg002831l_Start,1000,0,0,TTAGGG
utg002832l_Start,1000,0,0,TTAGGG
utg002833l_Start,1000,0,0,TTAGGG
utg002834l_Start,1000,0,0,TTAGGG
utg002835l_Start,1000,0,0,TTAGGG
utg002836l_Start,1000,0,0,TTAGGG
utg002837l_Start,1000,0,0,TTAGGG
utg002838l_Start,1000,0,0,TTAGGG
utg002839l_Start,1000,0,0,TTAGGG
utg002840l_Start,1000,0,0,TTAGGG
utg002841l_Start,1000,0,0,TTAGGG
utg002842l_Start,1000,1,0,TTAGGG
utg002843l_Start,1000,1,0,TTAGGG
utg002844l_Start,1000,0,0,TTAGGG
utg002845l_Start,1000,0,0,TTAGGG
utg002846l_Start,1000,0,1,TTAGGG
utg002847l_Start,1000,0,0,TTAGGG
utg002848l_Start,1000,0,0,TTAGGG
utg002849l_Start,1000,0,0,TTAGGG
utg002850l_Start,1000,0,0,TTAGGG
utg002851l_Start,1000,1,0,TTAGGG
utg002852l_Start,1000,0,0,TTAGGG
utg002853l_Start,1000,0,0,TTAGGG
utg002854l_Start,1000,0,0,TTAGGG
utg002855l_Start,1000,0,0,TTAGGG
utg002856l_Start,1000,0,1,TTAGGG
utg002857l_Start,1000,0,0,TTAGGG
utg002858l_Start,1000,0,0,TTAGGG
utg002859l_Start,1000,0,1,TTAGGG
utg002860l_Start,1000,0,0,TTAGGG
utg002861l_Start,1000,0,0,TTAGGG
utg002862l_Start,1000,0,0,TTAGGG
utg002863l_Start,1000,0,0,TTAGGG
utg002864l_Start,1000,0,0,TTAGGG
utg002865l_Start,1000,0,0,TTAGGG
utg002866l_Start,1000,0,1,TTAGGG
utg002867l_Start,1000,0,0,TTAGGG
utg002868l_Start,1000,1,1,TTAGGG
utg002869l_Start,1000,0,0,TTAGGG
utg002870l_Start,1000,0,0,TTAGGG
utg002871l_Start,1000,0,0,TTAGGG
utg002872l_Start,1000,0,0,TTAGGG
utg002873l_Start,1000,1,0,TTAGGG
utg002874l_Start,1000,0,0,TTAGGG
utg002875l_Start,1000,0,0,TTAGGG
utg002876l_Start,1000,0,0,TTAGGG
utg002877l_Start,1000,0,0,TTAGGG
utg002878l_Start,1000,0,0,TTAGGG
utg002879l_Start,1000,0,0,TTAGGG
utg002880l_Start,1000,0,0,TTAGGG
utg002881l_Start,1000,1,0,TTAGGG
utg002882l_Start,1000,0,0,TTAGGG
utg002883l_Start,1000,0,0,TTAGGG
utg002884l_Start,1000,0,0,TTAGGG
utg002885l_Start,1000,0,0,TTAGGG
utg002886l_Start,1000,0,0,TTAGGG
utg002887l_Start,1000,0,1,TTAGGG
utg002888l_Start,1000,1,0,TTAGGG
utg002889l_Start,1000,0,0,TTAGGG
utg002890l_Start,1000,0,0,TTAGGG
utg002891l_Start,1000,0,0,TTAGGG
utg002892l_Start,1000,0,0,TTAGGG
utg002893l_Start,1000,0,0,TTAGGG
utg002894l_Start,1000,0,0,TTAGGG
utg002895l_Start,1000,0,1,TTAGGG
utg002896l_Start,1000,0,0,TTAGGG
utg002897l_Start,1000,0,0,TTAGGG
utg002898l_Start,1000,1,0,TTAGGG
utg002899l_Start,1000,0,0,TTAGGG
utg002900l_Start,1000,1,1,TTAGGG
utg002901l_Start,1000,0,0,TTAGGG
utg002902l_Start,1000,0,0,TTAGGG
utg002903l_Start,1000,1,0,TTAGGG
utg002904l_Start,1000,0,0,TTAGGG
utg002905l_Start,1000,0,1,TTAGGG
utg002906l_Start,1000,1,0,TTAGGG
utg002907l_Start,1000,0,0,TTAGGG
utg002908l_Start,1000,0,1,TTAGGG
utg002909l_Start,1000,0,0,TTAGGG
utg002910l_Start,1000,0,0,TTAGGG
utg002911l_Start,1000,0,0,TTAGGG
utg002912l_Start,1000,0,0,TTAGGG
utg002913l_Start,1000,0,1,TTAGGG
utg002914l_Start,1000,0,0,TTAGGG
utg002915l_Start,1000,0,0,TTAGGG
utg002916l_Start,1000,0,0,TTAGGG
utg002917l_Start,1000,1,0,TTAGGG
utg002918l_Start,1000,1,0,TTAGGG
utg002919l_Start,1000,0,0,TTAGGG
utg002920l_Start,1000,0,1,TTAGGG
utg002921l_Start,1000,0,0,TTAGGG
utg002922l_Start,1000,0,0,TTAGGG
utg002923l_Start,1000,0,0,TTAGGG
utg002924l_Start,1000,0,0,TTAGGG
utg002925l_Start,1000,0,0,TTAGGG
utg002926l_Start,1000,0,0,TTAGGG
utg002927l_Start,1000,0,0,TTAGGG
utg002928l_Start,1000,0,0,TTAGGG
utg002929l_Start,1000,0,0,TTAGGG
utg002930l_Start,1000,1,0,TTAGGG
utg002931l_Start,1000,0,0,TTAGGG
utg002932l_Start,1000,0,0,TTAGGG
utg002933l_Start,1000,0,0,TTAGGG
utg002934l_Start,1000,0,0,TTAGGG
utg002935l_Start,1000,0,0,TTAGGG
utg002936l_Start,1000,0,0,TTAGGG
utg002937l_Start,1000,0,0,TTAGGG
utg002938l_Start,1000,0,0,TTAGGG
utg002939l_Start,1000,0,0,TTAGGG
utg002940l_Start,1000,0,0,TTAGGG
utg002941l_Start,1000,0,0,TTAGGG
utg002942l_Start,1000,0,0,TTAGGG
utg002943l_Start,1000,0,0,TTAGGG
utg002944l_Start,1000,0,0,TTAGGG
utg002945l_Start,1000,0,0,TTAGGG
utg002946l_Start,1000,0,0,TTAGGG
utg002947l_Start,1000,0,0,TTAGGG
utg002948l_Start,1000,0,0,TTAGGG
utg002949l_Start,1000,0,0,TTAGGG
utg002950l_Start,1000,1,0,TTAGGG
utg002951l_Start,1000,0,0,TTAGGG
utg002952l_Start,1000,0,0,TTAGGG
utg002953l_Start,1000,0,0,TTAGGG
utg002954l_Start,1000,0,0,TTAGGG
utg002955l_Start,1000,0,1,TTAGGG
utg002956l_Start,1000,0,1,TTAGGG
utg002957l_Start,1000,0,0,TTAGGG
utg002958l_Start,1000,0,0,TTAGGG
utg002959l_Start,1000,0,0,TTAGGG
utg002960l_Start,1000,0,0,TTAGGG
utg002961l_Start,1000,0,0,TTAGGG
utg002962l_Start,1000,0,0,TTAGGG
utg002963l_Start,1000,0,0,TTAGGG
utg002964l_Start,1000,1,0,TTAGGG
utg002965l_Start,1000,0,0,TTAGGG
utg002966l_Start,1000,0,0,TTAGGG
utg002967l_Start,1000,0,0,TTAGGG
utg002968l_Start,1000,0,0,TTAGGG
utg002969l_Start,1000,0,0,TTAGGG
utg002970l_Start,1000,0,0,TTAGGG
utg002971l_Start,1000,0,0,TTAGGG
utg002972l_Start,1000,0,0,TTAGGG
utg002973l_Start,1000,0,0,TTAGGG
utg002974l_Start,1000,0,0,TTAGGG
utg002975l_Start,1000,0,0,TTAGGG
utg002976l_Start,1000,0,0,TTAGGG
utg002977l_Start,1000,0,0,TTAGGG
utg002978l_Start,1000,0,0,TTAGGG
utg002979l_Start,1000,0,0,TTAGGG
utg002980l_Start,1000,0,0,TTAGGG
utg002981l_Start,1000,0,0,TTAGGG
utg002982l_Start,1000,0,0,TTAGGG
utg002983l_Start,1000,0,0,TTAGGG
utg002984l_Start,1000,0,0,TTAGGG
utg002985l_Start,1000,0,0,TTAGGG
utg002986l_Start,1000,0,0,TTAGGG
utg002987l_Start,1000,0,0,TTAGGG
utg002988l_Start,1000,0,0,TTAGGG
utg002989l_Start,1000,0,0,TTAGGG
utg002990l_Start,1000,0,0,TTAGGG
utg002991l_Start,1000,0,0,TTAGGG
utg002992l_Start,1000,0,0,TTAGGG
utg002993l_Start,1000,0,0,TTAGGG
utg002994l_Start,1000,0,0,TTAGGG
utg002995l_Start,1000,0,0,TTAGGG
utg002996l_Start,1000,0,0,TTAGGG
utg002997l_Start,1000,1,0,TTAGGG
utg002998l_Start,1000,0,0,TTAGGG
utg002999l_Start,1000,1,0,TTAGGG
utg003000l_Start,1000,0,0,TTAGGG
utg003001l_Start,1000,0,0,TTAGGG
utg003002l_Start,1000,1,0,TTAGGG
utg003003l_Start,1000,0,0,TTAGGG
utg003004l_Start,1000,0,0,TTAGGG
utg003005l_Start,1000,0,0,TTAGGG
utg003006l_Start,1000,0,0,TTAGGG
utg003007l_Start,1000,0,0,TTAGGG
utg003008l_Start,1000,0,0,TTAGGG
utg003009l_Start,1000,0,0,TTAGGG
utg003010l_Start,1000,0,0,TTAGGG
utg003011l_Start,1000,0,0,TTAGGG
utg003012l_Start,1000,1,0,TTAGGG
utg003013l_Start,1000,0,0,TTAGGG
utg003014l_Start,1000,0,1,TTAGGG
utg003015l_Start,1000,0,0,TTAGGG
utg003016l_Start,1000,0,0,TTAGGG
utg003017l_Start,1000,0,0,TTAGGG
utg003018l_Start,1000,0,0,TTAGGG
utg003019l_Start,1000,0,0,TTAGGG
utg003020l_Start,1000,0,0,TTAGGG
utg003021l_Start,1000,1,0,TTAGGG
utg003022l_Start,1000,0,0,TTAGGG
utg003023l_Start,1000,0,0,TTAGGG
utg003024l_Start,1000,1,0,TTAGGG
utg003025l_Start,1000,0,0,TTAGGG
utg003026l_Start,1000,0,0,TTAGGG
utg003027l_Start,1000,0,0,TTAGGG
utg003028l_Start,1000,0,1,TTAGGG
utg003029l_Start,1000,0,0,TTAGGG
utg003030l_Start,1000,0,0,TTAGGG
utg003031l_Start,1000,1,0,TTAGGG
utg003032l_Start,1000,0,0,TTAGGG
utg003033l_Start,1000,2,0,TTAGGG
utg003034l_Start,1000,0,1,TTAGGG
utg003035l_Start,1000,0,0,TTAGGG
utg003036l_Start,1000,0,0,TTAGGG
utg003037l_Start,1000,0,0,TTAGGG
utg003038l_Start,1000,0,0,TTAGGG
utg003039l_Start,1000,0,0,TTAGGG
utg003040l_Start,1000,0,0,TTAGGG
utg003041l_Start,1000,0,0,TTAGGG
utg003042l_Start,1000,0,0,TTAGGG
utg003043l_Start,1000,0,0,TTAGGG
utg003044l_Start,1000,0,0,TTAGGG
utg003045l_Start,1000,0,1,TTAGGG
utg003046l_Start,1000,0,0,TTAGGG
utg003047l_Start,1000,0,2,TTAGGG
utg003048l_Start,1000,0,0,TTAGGG
utg003049l_Start,1000,1,0,TTAGGG
utg003050l_Start,1000,0,0,TTAGGG
utg003051l_Start,1000,0,0,TTAGGG
utg003052l_Start,1000,0,1,TTAGGG
utg003053l_Start,1000,0,0,TTAGGG
utg003054l_Start,1000,0,0,TTAGGG
utg003055l_Start,1000,0,0,TTAGGG
utg003056l_Start,1000,0,0,TTAGGG
utg003057l_Start,1000,0,0,TTAGGG
utg003058l_Start,1000,0,0,TTAGGG
utg003059l_Start,1000,0,2,TTAGGG
utg003060l_Start,1000,1,0,TTAGGG
utg003061l_Start,1000,0,0,TTAGGG
utg003062l_Start,1000,0,0,TTAGGG
utg003063l_Start,1000,0,0,TTAGGG
utg003064l_Start,1000,0,0,TTAGGG
utg003065l_Start,1000,0,0,TTAGGG
utg003066l_Start,1000,0,1,TTAGGG
utg003067l_Start,1000,0,0,TTAGGG
utg003068l_Start,1000,0,0,TTAGGG
utg003069l_Start,1000,0,0,TTAGGG
utg003070l_Start,1000,0,0,TTAGGG
utg003071l_Start,1000,0,0,TTAGGG
utg003072l_Start,1000,0,0,TTAGGG
utg003073l_Start,1000,0,0,TTAGGG
utg003074l_Start,1000,1,0,TTAGGG
utg003075l_Start,1000,1,0,TTAGGG
utg003076l_Start,1000,0,0,TTAGGG
utg003077l_Start,1000,0,0,TTAGGG
utg003078l_Start,1000,0,0,TTAGGG
utg003079l_Start,1000,0,0,TTAGGG
utg003080l_Start,1000,1,0,TTAGGG
utg003081l_Start,1000,1,1,TTAGGG
utg003082l_Start,1000,0,0,TTAGGG
utg003083l_Start,1000,0,0,TTAGGG
utg003084l_Start,1000,1,0,TTAGGG
utg003085l_Start,1000,1,0,TTAGGG
utg003086l_Start,1000,0,0,TTAGGG
utg003087l_Start,1000,0,0,TTAGGG
utg003088l_Start,1000,0,0,TTAGGG
utg003089l_Start,1000,0,0,TTAGGG
utg003090l_Start,1000,1,0,TTAGGG
utg003091l_Start,1000,0,0,TTAGGG
utg003092l_Start,1000,0,0,TTAGGG
utg003093l_Start,1000,0,0,TTAGGG
utg003094l_Start,1000,1,0,TTAGGG
utg003095l_Start,1000,0,0,TTAGGG
utg003096l_Start,1000,0,0,TTAGGG
utg003097l_Start,1000,1,0,TTAGGG
utg003098l_Start,1000,1,0,TTAGGG
utg003099l_Start,1000,0,0,TTAGGG
utg003100l_Start,1000,0,0,TTAGGG
utg003101l_Start,1000,0,0,TTAGGG
utg003102l_Start,1000,0,0,TTAGGG
utg003103l_Start,1000,0,0,TTAGGG
utg003104l_Start,1000,0,0,TTAGGG
utg003105l_Start,1000,0,0,TTAGGG
utg003106l_Start,1000,0,0,TTAGGG
utg003107l_Start,1000,0,0,TTAGGG
utg003108l_Start,1000,0,0,TTAGGG
utg003109l_Start,1000,0,0,TTAGGG
utg003110l_Start,1000,0,0,TTAGGG
utg003111l_Start,1000,0,0,TTAGGG
utg003112l_Start,1000,0,0,TTAGGG
utg003113l_Start,1000,1,0,TTAGGG
utg003114l_Start,1000,0,0,TTAGGG
utg003115l_Start,1000,0,0,TTAGGG
utg003116l_Start,1000,0,0,TTAGGG
utg003117l_Start,1000,0,0,TTAGGG
utg003118l_Start,1000,1,0,TTAGGG
utg003119l_Start,1000,0,0,TTAGGG
utg003120l_Start,1000,1,0,TTAGGG
utg003121l_Start,1000,0,0,TTAGGG
utg003122l_Start,1000,0,0,TTAGGG
utg003123l_Start,1000,0,0,TTAGGG
utg003124l_Start,1000,0,0,TTAGGG
utg003125l_Start,1000,2,0,TTAGGG
utg003126l_Start,1000,1,0,TTAGGG
utg003127l_Start,1000,0,1,TTAGGG
utg003128l_Start,1000,0,0,TTAGGG
utg003129l_Start,1000,0,0,TTAGGG
utg003130l_Start,1000,0,0,TTAGGG
utg003131l_Start,1000,0,0,TTAGGG
utg003132l_Start,1000,0,1,TTAGGG
utg003133l_Start,1000,0,1,TTAGGG
utg003134l_Start,1000,0,0,TTAGGG
utg003135l_Start,1000,1,1,TTAGGG
utg003136l_Start,1000,0,0,TTAGGG
utg003137l_Start,1000,0,0,TTAGGG
utg003138l_Start,1000,0,0,TTAGGG
utg003139l_Start,1000,1,0,TTAGGG
utg003140l_Start,1000,0,1,TTAGGG
utg003141l_Start,1000,0,0,TTAGGG
utg003142l_Start,1000,0,0,TTAGGG
utg003143l_Start,1000,0,0,TTAGGG
utg003144l_Start,1000,0,0,TTAGGG
utg003145l_Start,1000,1,0,TTAGGG
utg003146l_Start,1000,1,0,TTAGGG
utg003147l_Start,1000,1,0,TTAGGG
utg003148l_Start,1000,0,0,TTAGGG
utg003149l_Start,1000,0,0,TTAGGG
utg003150l_Start,1000,0,0,TTAGGG
utg003151l_Start,1000,0,0,TTAGGG
utg003152l_Start,1000,0,0,TTAGGG
utg003153l_Start,1000,0,0,TTAGGG
utg003154l_Start,1000,0,1,TTAGGG
utg003155l_Start,1000,0,0,TTAGGG
utg003156l_Start,1000,0,1,TTAGGG
utg003157l_Start,1000,0,0,TTAGGG
utg003158l_Start,1000,0,0,TTAGGG
utg003159l_Start,1000,0,0,TTAGGG
utg003160l_Start,1000,0,0,TTAGGG
utg003161l_Start,1000,0,0,TTAGGG
utg003162l_Start,1000,0,0,TTAGGG
utg003163l_Start,1000,0,0,TTAGGG
utg003164l_Start,1000,0,0,TTAGGG
utg003165l_Start,1000,0,0,TTAGGG
utg003166l_Start,1000,0,0,TTAGGG
utg003167l_Start,1000,0,0,TTAGGG
utg003168l_Start,1000,1,0,TTAGGG
utg003169l_Start,1000,0,2,TTAGGG
utg003170l_Start,1000,0,0,TTAGGG
utg003171l_Start,1000,1,0,TTAGGG
utg003172l_Start,1000,0,0,TTAGGG
utg003173l_Start,1000,0,0,TTAGGG
utg003174l_Start,1000,0,0,TTAGGG
utg003175l_Start,1000,0,0,TTAGGG
utg003176l_Start,1000,1,0,TTAGGG
utg003177l_Start,1000,0,0,TTAGGG
utg003178l_Start,1000,0,0,TTAGGG
utg003179l_Start,1000,0,0,TTAGGG
utg003180l_Start,1000,0,0,TTAGGG
utg003181l_Start,1000,0,1,TTAGGG
utg003182l_Start,1000,0,0,TTAGGG
utg003183l_Start,1000,0,0,TTAGGG
utg003184l_Start,1000,0,0,TTAGGG
utg003185l_Start,1000,0,0,TTAGGG
utg003186l_Start,1000,0,0,TTAGGG
utg003187l_Start,1000,0,0,TTAGGG
utg003188l_Start,1000,0,0,TTAGGG
utg003189l_Start,1000,0,1,TTAGGG
utg003190l_Start,1000,0,0,TTAGGG
utg003191l_Start,1000,0,0,TTAGGG
utg003192l_Start,1000,0,0,TTAGGG
utg003193l_Start,1000,0,0,TTAGGG
utg003194l_Start,1000,0,0,TTAGGG
utg003195l_Start,1000,0,1,TTAGGG
utg003196l_Start,1000,0,1,TTAGGG
utg003197l_Start,1000,0,0,TTAGGG
utg003198l_Start,1000,0,0,TTAGGG
utg003199l_Start,1000,0,0,TTAGGG
utg003200l_Start,1000,0,0,TTAGGG
utg003201l_Start,1000,0,0,TTAGGG
utg003202l_Start,1000,0,0,TTAGGG
utg003203l_Start,1000,1,0,TTAGGG
utg003204l_Start,1000,0,0,TTAGGG
utg003205l_Start,1000,0,0,TTAGGG
utg003206l_Start,1000,0,0,TTAGGG
utg003207l_Start,1000,0,0,TTAGGG
utg003208l_Start,1000,0,0,TTAGGG
utg003209l_Start,1000,0,0,TTAGGG
utg003210l_Start,1000,1,1,TTAGGG
utg003211l_Start,1000,1,0,TTAGGG
utg003212l_Start,1000,0,1,TTAGGG
utg003213l_Start,1000,1,0,TTAGGG
utg003214l_Start,1000,0,0,TTAGGG
utg003215l_Start,1000,0,0,TTAGGG
utg003216l_Start,1000,0,0,TTAGGG
utg003217l_Start,1000,0,0,TTAGGG
utg003218l_Start,1000,0,0,TTAGGG
utg003219l_Start,1000,0,0,TTAGGG
utg003220l_Start,1000,0,0,TTAGGG
utg003221l_Start,1000,0,0,TTAGGG
utg003222l_Start,1000,0,1,TTAGGG
utg003223l_Start,1000,1,0,TTAGGG
utg003224l_Start,1000,0,0,TTAGGG
utg003225l_Start,1000,0,1,TTAGGG
utg003226l_Start,1000,0,0,TTAGGG
utg003227l_Start,1000,1,0,TTAGGG
utg003228l_Start,1000,0,0,TTAGGG
utg003229l_Start,1000,0,0,TTAGGG
utg003230l_Start,1000,0,0,TTAGGG
utg003231l_Start,1000,0,0,TTAGGG
utg003232l_Start,1000,0,0,TTAGGG
utg003233l_Start,1000,0,0,TTAGGG
utg003234l_Start,1000,0,0,TTAGGG
utg003235l_Start,1000,0,0,TTAGGG
utg000001l_End,1000,0,0,TTAGGG
utg000002l_End,1000,0,0,TTAGGG
utg000003l_End,1000,0,0,TTAGGG
utg000004l_End,1000,0,0,TTAGGG
utg000005l_End,1000,0,0,TTAGGG
utg000006l_End,1000,0,0,TTAGGG
utg000007l_End,1000,0,1,TTAGGG
utg000008l_End,1000,0,0,TTAGGG
utg000009l_End,1000,0,0,TTAGGG
utg000010l_End,1000,0,0,TTAGGG
utg000011l_End,1000,0,0,TTAGGG
utg000012l_End,1000,0,0,TTAGGG
utg000013l_End,1000,166,0,TTAGGG
utg000014l_End,1000,0,0,TTAGGG
utg000015l_End,1000,0,0,TTAGGG
utg000016l_End,1000,0,1,TTAGGG
utg000017l_End,1000,0,0,TTAGGG
utg000018l_End,1000,0,0,TTAGGG
utg000019l_End,1000,0,0,TTAGGG
utg000020l_End,1000,0,0,TTAGGG
utg000021l_End,1000,0,0,TTAGGG
utg000022l_End,1000,0,0,TTAGGG
utg000023l_End,1000,0,0,TTAGGG
utg000024l_End,1000,0,0,TTAGGG
utg000025l_End,1000,0,0,TTAGGG
utg000026l_End,1000,0,0,TTAGGG
utg000027l_End,1000,0,0,TTAGGG
utg000028l_End,1000,0,1,TTAGGG
utg000029l_End,1000,0,0,TTAGGG
utg000030l_End,1000,0,0,TTAGGG
utg000031l_End,1000,0,0,TTAGGG
utg000032l_End,1000,0,0,TTAGGG
utg000033l_End,1000,1,0,TTAGGG
utg000034l_End,1000,1,0,TTAGGG
utg000035l_End,1000,1,0,TTAGGG
utg000036l_End,1000,0,1,TTAGGG
utg000037l_End,1000,0,0,TTAGGG
utg000038l_End,1000,1,0,TTAGGG
utg000039l_End,1000,0,0,TTAGGG
utg000040l_End,1000,0,1,TTAGGG
utg000041l_End,1000,166,0,TTAGGG
utg000042l_End,1000,0,0,TTAGGG
utg000043l_End,1000,0,1,TTAGGG
utg000044l_End,1000,0,0,TTAGGG
utg000045l_End,1000,0,0,TTAGGG
utg000046l_End,1000,0,0,TTAGGG
utg000047l_End,1000,1,0,TTAGGG
utg000048l_End,1000,0,0,TTAGGG
utg000049l_End,1000,1,0,TTAGGG
utg000050l_End,1000,0,0,TTAGGG
utg000051l_End,1000,0,0,TTAGGG
utg000052l_End,1000,0,0,TTAGGG
utg000053l_End,1000,0,0,TTAGGG
utg000054l_End,1000,0,0,TTAGGG
utg000055l_End,1000,0,0,TTAGGG
utg000056l_End,1000,0,0,TTAGGG
utg000057l_End,1000,0,0,TTAGGG
utg000058l_End,1000,0,0,TTAGGG
utg000059l_End,1000,0,0,TTAGGG
utg000060l_End,1000,0,0,TTAGGG
utg000061l_End,1000,0,0,TTAGGG
utg000062l_End,1000,1,0,TTAGGG
utg000063l_End,1000,0,0,TTAGGG
utg000064l_End,1000,1,1,TTAGGG
utg000065l_End,1000,0,0,TTAGGG
utg000066l_End,1000,0,0,TTAGGG
utg000067l_End,1000,1,1,TTAGGG
utg000068l_End,1000,0,0,TTAGGG
utg000069l_End,1000,0,0,TTAGGG
utg000070l_End,1000,0,0,TTAGGG
utg000071l_End,1000,0,0,TTAGGG
utg000072l_End,1000,0,0,TTAGGG
utg000073l_End,1000,0,0,TTAGGG
utg000074l_End,1000,1,0,TTAGGG
utg000075l_End,1000,0,0,TTAGGG
utg000076l_End,1000,0,0,TTAGGG
utg000077l_End,1000,0,0,TTAGGG
utg000078l_End,1000,0,0,TTAGGG
utg000079l_End,1000,0,0,TTAGGG
utg000080l_End,1000,0,0,TTAGGG
utg000081l_End,1000,0,0,TTAGGG
utg000082l_End,1000,0,0,TTAGGG
utg000083l_End,1000,165,0,TTAGGG
utg000084l_End,1000,0,0,TTAGGG
utg000085l_End,1000,1,0,TTAGGG
utg000086l_End,1000,0,0,TTAGGG
utg000087l_End,1000,0,0,TTAGGG
utg000088l_End,1000,0,0,TTAGGG
utg000089l_End,1000,0,0,TTAGGG
utg000090l_End,1000,1,0,TTAGGG
utg000091l_End,1000,0,0,TTAGGG
utg000092l_End,1000,0,1,TTAGGG
utg000093l_End,1000,1,1,TTAGGG
utg000094l_End,1000,0,0,TTAGGG
utg000095l_End,1000,1,0,TTAGGG
utg000096l_End,1000,0,0,TTAGGG
utg000097l_End,1000,0,0,TTAGGG
utg000098l_End,1000,3,0,TTAGGG
utg000099l_End,1000,1,1,TTAGGG
utg000100l_End,1000,0,0,TTAGGG
utg000101l_End,1000,0,0,TTAGGG
utg000102l_End,1000,0,0,TTAGGG
utg000103l_End,1000,166,0,TTAGGG
utg000104l_End,1000,1,0,TTAGGG
utg000105l_End,1000,166,0,TTAGGG
utg000106l_End,1000,0,0,TTAGGG
utg000107l_End,1000,0,0,TTAGGG
utg000108l_End,1000,0,0,TTAGGG
utg000109l_End,1000,0,0,TTAGGG
utg000110l_End,1000,0,0,TTAGGG
utg000111l_End,1000,0,0,TTAGGG
utg000112l_End,1000,0,1,TTAGGG
utg000113l_End,1000,166,0,TTAGGG
utg000114l_End,1000,0,0,TTAGGG
utg000115l_End,1000,0,1,TTAGGG
utg000116l_End,1000,1,0,TTAGGG
utg000117l_End,1000,1,0,TTAGGG
utg000118l_End,1000,1,0,TTAGGG
utg000119l_End,1000,0,0,TTAGGG
utg000120l_End,1000,166,0,TTAGGG
utg000121l_End,1000,1,0,TTAGGG
utg000122l_End,1000,1,0,TTAGGG
utg000123l_End,1000,0,0,TTAGGG
utg000124l_End,1000,0,1,TTAGGG
utg000125l_End,1000,0,0,TTAGGG
utg000126l_End,1000,0,1,TTAGGG
utg000127l_End,1000,0,0,TTAGGG
utg000128l_End,1000,0,0,TTAGGG
utg000129l_End,1000,0,0,TTAGGG
utg000130l_End,1000,0,0,TTAGGG
utg000131l_End,1000,0,0,TTAGGG
utg000132l_End,1000,156,0,TTAGGG
utg000133l_End,1000,0,0,TTAGGG
utg000134l_End,1000,0,0,TTAGGG
utg000135l_End,1000,0,0,TTAGGG
utg000136l_End,1000,1,0,TTAGGG
utg000137l_End,1000,0,0,TTAGGG
utg000138l_End,1000,1,0,TTAGGG
utg000139l_End,1000,0,0,TTAGGG
utg000140l_End,1000,0,0,TTAGGG
utg000141l_End,1000,0,0,TTAGGG
utg000142l_End,1000,0,0,TTAGGG
utg000143l_End,1000,0,0,TTAGGG
utg000144l_End,1000,0,0,TTAGGG
utg000145l_End,1000,166,0,TTAGGG
utg000146l_End,1000,0,0,TTAGGG
utg000147l_End,1000,0,0,TTAGGG
utg000148l_End,1000,1,0,TTAGGG
utg000149l_End,1000,0,0,TTAGGG
utg000150l_End,1000,0,1,TTAGGG
utg000151l_End,1000,0,0,TTAGGG
utg000152l_End,1000,1,0,TTAGGG
utg000153l_End,1000,0,1,TTAGGG
utg000154l_End,1000,0,0,TTAGGG
utg000155l_End,1000,0,0,TTAGGG
utg000156l_End,1000,0,1,TTAGGG
utg000157l_End,1000,0,0,TTAGGG
utg000158l_End,1000,0,0,TTAGGG
utg000159l_End,1000,0,0,TTAGGG
utg000160l_End,1000,0,0,TTAGGG
utg000161l_End,1000,0,0,TTAGGG
utg000162l_End,1000,0,0,TTAGGG
utg000163l_End,1000,1,0,TTAGGG
utg000164l_End,1000,0,0,TTAGGG
utg000165l_End,1000,0,1,TTAGGG
utg000166l_End,1000,0,0,TTAGGG
utg000167l_End,1000,0,0,TTAGGG
utg000168l_End,1000,0,0,TTAGGG
utg000169l_End,1000,1,0,TTAGGG
utg000170l_End,1000,0,0,TTAGGG
utg000171l_End,1000,0,0,TTAGGG
utg000172l_End,1000,0,0,TTAGGG
utg000173l_End,1000,1,0,TTAGGG
utg000174l_End,1000,1,0,TTAGGG
utg000175l_End,1000,0,0,TTAGGG
utg000176l_End,1000,0,0,TTAGGG
utg000177l_End,1000,0,0,TTAGGG
utg000178l_End,1000,0,0,TTAGGG
utg000179l_End,1000,0,0,TTAGGG
utg000180l_End,1000,0,0,TTAGGG
utg000181l_End,1000,0,1,TTAGGG
utg000182l_End,1000,0,0,TTAGGG
utg000183l_End,1000,0,0,TTAGGG
utg000184l_End,1000,0,1,TTAGGG
utg000185l_End,1000,0,0,TTAGGG
utg000186l_End,1000,1,0,TTAGGG
utg000187l_End,1000,0,0,TTAGGG
utg000188l_End,1000,0,0,TTAGGG
utg000189l_End,1000,0,0,TTAGGG
utg000190l_End,1000,0,2,TTAGGG
utg000191l_End,1000,0,0,TTAGGG
utg000192l_End,1000,0,1,TTAGGG
utg000193l_End,1000,0,0,TTAGGG
utg000194l_End,1000,1,0,TTAGGG
utg000195l_End,1000,0,2,TTAGGG
utg000196l_End,1000,1,0,TTAGGG
utg000197l_End,1000,0,0,TTAGGG
utg000198l_End,1000,1,0,TTAGGG
utg000199l_End,1000,3,0,TTAGGG
utg000200l_End,1000,0,0,TTAGGG
utg000201l_End,1000,166,0,TTAGGG
utg000202l_End,1000,1,0,TTAGGG
utg000203l_End,1000,1,0,TTAGGG
utg000204l_End,1000,0,0,TTAGGG
utg000205l_End,1000,2,0,TTAGGG
utg000206l_End,1000,0,0,TTAGGG
utg000207l_End,1000,0,0,TTAGGG
utg000208l_End,1000,0,0,TTAGGG
utg000209l_End,1000,0,1,TTAGGG
utg000210l_End,1000,0,0,TTAGGG
utg000211l_End,1000,0,0,TTAGGG
utg000212l_End,1000,1,0,TTAGGG
utg000213l_End,1000,0,0,TTAGGG
utg000214l_End,1000,0,0,TTAGGG
utg000215l_End,1000,0,0,TTAGGG
utg000216l_End,1000,0,2,TTAGGG
utg000217l_End,1000,0,1,TTAGGG
utg000218l_End,1000,0,1,TTAGGG
utg000219l_End,1000,2,0,TTAGGG
utg000220l_End,1000,0,0,TTAGGG
utg000221l_End,1000,0,0,TTAGGG
utg000222l_End,1000,0,0,TTAGGG
utg000223l_End,1000,0,0,TTAGGG
utg000224l_End,1000,1,0,TTAGGG
utg000225l_End,1000,0,1,TTAGGG
utg000226l_End,1000,1,0,TTAGGG
utg000227l_End,1000,0,0,TTAGGG
utg000228l_End,1000,0,0,TTAGGG
utg000229l_End,1000,0,1,TTAGGG
utg000230l_End,1000,0,0,TTAGGG
utg000231l_End,1000,0,0,TTAGGG
utg000232l_End,1000,0,0,TTAGGG
utg000233l_End,1000,0,1,TTAGGG
utg000234l_End,1000,0,0,TTAGGG
utg000235l_End,1000,0,0,TTAGGG
utg000236l_End,1000,0,0,TTAGGG
utg000237l_End,1000,0,0,TTAGGG
utg000238l_End,1000,0,0,TTAGGG
utg000239l_End,1000,0,0,TTAGGG
utg000240l_End,1000,0,0,TTAGGG
utg000241l_End,1000,0,1,TTAGGG
utg000242l_End,1000,0,0,TTAGGG
utg000243l_End,1000,0,0,TTAGGG
utg000244l_End,1000,165,0,TTAGGG
utg000245l_End,1000,0,0,TTAGGG
utg000246l_End,1000,0,0,TTAGGG
utg000247l_End,1000,0,1,TTAGGG
utg000248l_End,1000,0,0,TTAGGG
utg000249l_End,1000,1,0,TTAGGG
utg000250l_End,1000,0,0,TTAGGG
utg000251l_End,1000,0,1,TTAGGG
utg000252l_End,1000,0,0,TTAGGG
utg000253l_End,1000,1,0,TTAGGG
utg000254l_End,1000,0,0,TTAGGG
utg000255l_End,1000,0,0,TTAGGG
utg000256l_End,1000,0,1,TTAGGG
utg000257l_End,1000,0,0,TTAGGG
utg000258l_End,1000,0,1,TTAGGG
utg000259l_End,1000,0,1,TTAGGG
utg000260l_End,1000,0,0,TTAGGG
utg000261l_End,1000,0,0,TTAGGG
utg000262l_End,1000,1,0,TTAGGG
utg000263l_End,1000,0,0,TTAGGG
utg000264l_End,1000,0,0,TTAGGG
utg000265l_End,1000,0,0,TTAGGG
utg000266l_End,1000,0,1,TTAGGG
utg000267l_End,1000,0,0,TTAGGG
utg000268l_End,1000,1,0,TTAGGG
utg000269l_End,1000,0,1,TTAGGG
utg000270l_End,1000,0,1,TTAGGG
utg000271l_End,1000,1,0,TTAGGG
utg000272l_End,1000,0,0,TTAGGG
utg000273l_End,1000,0,0,TTAGGG
utg000274l_End,1000,0,0,TTAGGG
utg000275l_End,1000,0,0,TTAGGG
utg000276l_End,1000,0,0,TTAGGG
utg000277l_End,1000,165,0,TTAGGG
utg000278l_End,1000,0,1,TTAGGG
utg000279l_End,1000,0,0,TTAGGG
utg000280l_End,1000,0,1,TTAGGG
utg000281l_End,1000,0,0,TTAGGG
utg000282l_End,1000,1,0,TTAGGG
utg000283l_End,1000,0,0,TTAGGG
utg000284l_End,1000,0,0,TTAGGG
utg000285l_End,1000,0,0,TTAGGG
utg000286l_End,1000,0,1,TTAGGG
utg000287l_End,1000,0,0,TTAGGG
utg000288l_End,1000,0,0,TTAGGG
utg000289l_End,1000,0,1,TTAGGG
utg000290l_End,1000,0,1,TTAGGG
utg000291l_End,1000,0,0,TTAGGG
utg000292l_End,1000,0,0,TTAGGG
utg000293l_End,1000,1,0,TTAGGG
utg000294l_End,1000,0,0,TTAGGG
utg000295l_End,1000,0,1,TTAGGG
utg000296l_End,1000,0,0,TTAGGG
utg000297l_End,1000,0,0,TTAGGG
utg000298l_End,1000,0,1,TTAGGG
utg000299l_End,1000,157,0,TTAGGG
utg000300l_End,1000,0,0,TTAGGG
utg000301l_End,1000,1,0,TTAGGG
utg000302l_End,1000,143,0,TTAGGG
utg000303l_End,1000,1,0,TTAGGG
utg000304l_End,1000,0,0,TTAGGG
utg000305l_End,1000,0,0,TTAGGG
utg000306l_End,1000,0,1,TTAGGG
utg000307l_End,1000,0,0,TTAGGG
utg000308l_End,1000,166,0,TTAGGG
utg000309l_End,1000,0,1,TTAGGG
utg000310l_End,1000,1,0,TTAGGG
utg000311l_End,1000,0,1,TTAGGG
utg000312l_End,1000,0,0,TTAGGG
utg000313l_End,1000,0,0,TTAGGG
utg000314l_End,1000,0,0,TTAGGG
utg000315l_End,1000,1,1,TTAGGG
utg000316l_End,1000,0,0,TTAGGG
utg000317l_End,1000,1,1,TTAGGG
utg000318l_End,1000,1,0,TTAGGG
utg000319l_End,1000,0,0,TTAGGG
utg000320l_End,1000,0,0,TTAGGG
utg000321l_End,1000,166,0,TTAGGG
utg000322l_End,1000,0,0,TTAGGG
utg000323l_End,1000,1,0,TTAGGG
utg000324l_End,1000,1,0,TTAGGG
utg000325l_End,1000,0,0,TTAGGG
utg000326l_End,1000,0,0,TTAGGG
utg000327l_End,1000,0,0,TTAGGG
utg000328l_End,1000,1,0,TTAGGG
utg000329l_End,1000,0,0,TTAGGG
utg000330l_End,1000,0,0,TTAGGG
utg000331l_End,1000,0,0,TTAGGG
utg000332l_End,1000,0,0,TTAGGG
utg000333l_End,1000,0,0,TTAGGG
utg000334l_End,1000,0,0,TTAGGG
utg000335l_End,1000,0,1,TTAGGG
utg000336l_End,1000,0,0,TTAGGG
utg000337l_End,1000,0,0,TTAGGG
utg000338l_End,1000,0,0,TTAGGG
utg000339l_End,1000,0,0,TTAGGG
utg000340l_End,1000,0,0,TTAGGG
utg000341l_End,1000,0,0,TTAGGG
utg000342l_End,1000,0,0,TTAGGG
utg000343l_End,1000,0,0,TTAGGG
utg000344l_End,1000,2,0,TTAGGG
utg000345l_End,1000,0,0,TTAGGG
utg000346l_End,1000,0,0,TTAGGG
utg000347l_End,1000,0,0,TTAGGG
utg000348l_End,1000,0,0,TTAGGG
utg000349l_End,1000,0,0,TTAGGG
utg000350l_End,1000,0,0,TTAGGG
utg000351l_End,1000,0,0,TTAGGG
utg000352l_End,1000,0,0,TTAGGG
utg000353l_End,1000,1,0,TTAGGG
utg000354l_End,1000,0,0,TTAGGG
utg000355l_End,1000,0,0,TTAGGG
utg000356l_End,1000,0,1,TTAGGG
utg000357l_End,1000,0,0,TTAGGG
utg000358l_End,1000,0,0,TTAGGG
utg000359l_End,1000,0,0,TTAGGG
utg000360l_End,1000,0,0,TTAGGG
utg000361l_End,1000,0,0,TTAGGG
utg000362l_End,1000,0,0,TTAGGG
utg000363l_End,1000,0,0,TTAGGG
utg000364l_End,1000,0,0,TTAGGG
utg000365l_End,1000,2,0,TTAGGG
utg000366l_End,1000,0,0,TTAGGG
utg000367l_End,1000,0,0,TTAGGG
utg000368l_End,1000,0,0,TTAGGG
utg000369l_End,1000,0,0,TTAGGG
utg000370l_End,1000,0,0,TTAGGG
utg000371l_End,1000,0,0,TTAGGG
utg000372l_End,1000,0,1,TTAGGG
utg000373l_End,1000,0,0,TTAGGG
utg000374l_End,1000,0,0,TTAGGG
utg000375l_End,1000,0,0,TTAGGG
utg000376l_End,1000,0,0,TTAGGG
utg000377l_End,1000,0,1,TTAGGG
utg000378l_End,1000,1,0,TTAGGG
utg000379l_End,1000,0,0,TTAGGG
utg000380l_End,1000,0,0,TTAGGG
utg000381l_End,1000,0,0,TTAGGG
utg000382l_End,1000,0,0,TTAGGG
utg000383l_End,1000,0,0,TTAGGG
utg000384l_End,1000,0,1,TTAGGG
utg000385l_End,1000,0,0,TTAGGG
utg000386l_End,1000,0,0,TTAGGG
utg000387l_End,1000,0,0,TTAGGG
utg000388l_End,1000,0,0,TTAGGG
utg000389l_End,1000,0,0,TTAGGG
utg000390l_End,1000,1,0,TTAGGG
utg000391l_End,1000,0,1,TTAGGG
utg000392l_End,1000,0,0,TTAGGG
utg000393l_End,1000,0,0,TTAGGG
utg000394l_End,1000,0,1,TTAGGG
utg000395l_End,1000,0,0,TTAGGG
utg000396l_End,1000,0,0,TTAGGG
utg000397l_End,1000,1,0,TTAGGG
utg000398l_End,1000,0,0,TTAGGG
utg000399l_End,1000,0,0,TTAGGG
utg000400l_End,1000,0,0,TTAGGG
utg000401l_End,1000,0,0,TTAGGG
utg000402l_End,1000,0,0,TTAGGG
utg000403l_End,1000,0,1,TTAGGG
utg000404l_End,1000,0,0,TTAGGG
utg000405l_End,1000,0,0,TTAGGG
utg000406l_End,1000,0,0,TTAGGG
utg000407l_End,1000,0,0,TTAGGG
utg000408l_End,1000,1,0,TTAGGG
utg000409l_End,1000,0,0,TTAGGG
utg000410l_End,1000,0,0,TTAGGG
utg000411l_End,1000,1,0,TTAGGG
utg000412l_End,1000,0,1,TTAGGG
utg000413l_End,1000,0,0,TTAGGG
utg000414l_End,1000,0,0,TTAGGG
utg000415l_End,1000,1,0,TTAGGG
utg000416l_End,1000,0,0,TTAGGG
utg000417l_End,1000,0,0,TTAGGG
utg000418l_End,1000,0,1,TTAGGG
utg000419l_End,1000,0,1,TTAGGG
utg000420l_End,1000,166,0,TTAGGG
utg000421l_End,1000,0,0,TTAGGG
utg000422l_End,1000,0,0,TTAGGG
utg000423l_End,1000,1,1,TTAGGG
utg000424l_End,1000,131,0,TTAGGG
utg000425l_End,1000,0,0,TTAGGG
utg000426l_End,1000,0,0,TTAGGG
utg000427l_End,1000,0,1,TTAGGG
utg000428l_End,1000,0,0,TTAGGG
utg000429l_End,1000,0,0,TTAGGG
utg000430l_End,1000,0,0,TTAGGG
utg000431l_End,1000,0,0,TTAGGG
utg000432l_End,1000,0,0,TTAGGG
utg000433l_End,1000,0,0,TTAGGG
utg000434l_End,1000,0,1,TTAGGG
utg000435l_End,1000,0,0,TTAGGG
utg000436l_End,1000,0,0,TTAGGG
utg000437l_End,1000,0,0,TTAGGG
utg000438l_End,1000,0,0,TTAGGG
utg000439l_End,1000,0,0,TTAGGG
utg000440l_End,1000,1,0,TTAGGG
utg000441l_End,1000,0,0,TTAGGG
utg000442l_End,1000,0,0,TTAGGG
utg000443l_End,1000,0,0,TTAGGG
utg000444l_End,1000,1,0,TTAGGG
utg000445l_End,1000,0,0,TTAGGG
utg000446l_End,1000,0,0,TTAGGG
utg000447l_End,1000,0,0,TTAGGG
utg000448l_End,1000,0,0,TTAGGG
utg000449l_End,1000,166,0,TTAGGG
utg000450l_End,1000,1,1,TTAGGG
utg000451l_End,1000,0,0,TTAGGG
utg000452l_End,1000,0,0,TTAGGG
utg000453l_End,1000,0,0,TTAGGG
utg000454l_End,1000,0,0,TTAGGG
utg000455l_End,1000,0,0,TTAGGG
utg000456l_End,1000,0,0,TTAGGG
utg000457l_End,1000,0,0,TTAGGG
utg000458l_End,1000,0,0,TTAGGG
utg000459l_End,1000,0,0,TTAGGG
utg000460l_End,1000,166,0,TTAGGG
utg000461l_End,1000,0,0,TTAGGG
utg000462l_End,1000,1,0,TTAGGG
utg000463l_End,1000,1,0,TTAGGG
utg000464l_End,1000,0,0,TTAGGG
utg000465l_End,1000,0,0,TTAGGG
utg000466l_End,1000,0,1,TTAGGG
utg000467l_End,1000,0,0,TTAGGG
utg000468l_End,1000,0,0,TTAGGG
utg000469l_End,1000,0,1,TTAGGG
utg000470l_End,1000,0,0,TTAGGG
utg000471l_End,1000,0,0,TTAGGG
utg000472l_End,1000,0,0,TTAGGG
utg000473l_End,1000,1,0,TTAGGG
utg000474l_End,1000,0,0,TTAGGG
utg000475l_End,1000,0,0,TTAGGG
utg000476l_End,1000,0,0,TTAGGG
utg000477l_End,1000,0,0,TTAGGG
utg000478l_End,1000,166,0,TTAGGG
utg000479l_End,1000,0,0,TTAGGG
utg000480l_End,1000,0,0,TTAGGG
utg000481l_End,1000,0,0,TTAGGG
utg000482l_End,1000,0,0,TTAGGG
utg000483l_End,1000,0,0,TTAGGG
utg000484l_End,1000,0,0,TTAGGG
utg000485l_End,1000,0,0,TTAGGG
utg000486l_End,1000,0,0,TTAGGG
utg000487l_End,1000,0,0,TTAGGG
utg000488l_End,1000,1,0,TTAGGG
utg000489l_End,1000,0,0,TTAGGG
utg000490l_End,1000,0,0,TTAGGG
utg000491l_End,1000,0,0,TTAGGG
utg000492l_End,1000,0,0,TTAGGG
utg000493l_End,1000,0,0,TTAGGG
utg000494l_End,1000,0,0,TTAGGG
utg000495l_End,1000,0,0,TTAGGG
utg000496l_End,1000,0,0,TTAGGG
utg000497l_End,1000,0,0,TTAGGG
utg000498l_End,1000,0,0,TTAGGG
utg000499l_End,1000,1,0,TTAGGG
utg000500l_End,1000,0,1,TTAGGG
utg000501l_End,1000,0,1,TTAGGG
utg000502l_End,1000,0,0,TTAGGG
utg000503l_End,1000,0,1,TTAGGG
utg000504l_End,1000,0,0,TTAGGG
utg000505l_End,1000,0,0,TTAGGG
utg000506l_End,1000,1,0,TTAGGG
utg000507l_End,1000,1,0,TTAGGG
utg000508l_End,1000,1,0,TTAGGG
utg000509l_End,1000,0,0,TTAGGG
utg000510l_End,1000,0,0,TTAGGG
utg000511l_End,1000,0,0,TTAGGG
utg000512l_End,1000,1,0,TTAGGG
utg000513l_End,1000,0,0,TTAGGG
utg000514l_End,1000,0,0,TTAGGG
utg000515l_End,1000,166,0,TTAGGG
utg000516l_End,1000,0,0,TTAGGG
utg000517l_End,1000,0,0,TTAGGG
utg000518l_End,1000,0,0,TTAGGG
utg000519l_End,1000,0,0,TTAGGG
utg000520l_End,1000,0,0,TTAGGG
utg000521l_End,1000,0,0,TTAGGG
utg000522l_End,1000,0,0,TTAGGG
utg000523l_End,1000,0,0,TTAGGG
utg000524l_End,1000,1,0,TTAGGG
utg000525l_End,1000,0,0,TTAGGG
utg000526l_End,1000,0,0,TTAGGG
utg000527l_End,1000,0,0,TTAGGG
utg000528l_End,1000,0,0,TTAGGG
utg000529l_End,1000,0,0,TTAGGG
utg000530l_End,1000,0,0,TTAGGG
utg000531l_End,1000,0,0,TTAGGG
utg000532l_End,1000,0,0,TTAGGG
utg000533l_End,1000,0,0,TTAGGG
utg000534l_End,1000,0,0,TTAGGG
utg000535l_End,1000,0,0,TTAGGG
utg000536l_End,1000,0,0,TTAGGG
utg000537l_End,1000,0,0,TTAGGG
utg000538l_End,1000,0,0,TTAGGG
utg000539l_End,1000,0,1,TTAGGG
utg000540l_End,1000,0,0,TTAGGG
utg000541l_End,1000,0,0,TTAGGG
utg000542l_End,1000,0,0,TTAGGG
utg000543l_End,1000,0,0,TTAGGG
utg000544l_End,1000,0,1,TTAGGG
utg000545l_End,1000,0,1,TTAGGG
utg000546l_End,1000,1,1,TTAGGG
utg000547l_End,1000,0,0,TTAGGG
utg000548l_End,1000,0,1,TTAGGG
utg000549l_End,1000,2,0,TTAGGG
utg000550l_End,1000,0,0,TTAGGG
utg000551l_End,1000,0,0,TTAGGG
utg000552l_End,1000,0,1,TTAGGG
utg000553l_End,1000,0,0,TTAGGG
utg000554l_End,1000,0,0,TTAGGG
utg000555l_End,1000,0,0,TTAGGG
utg000556l_End,1000,1,0,TTAGGG
utg000557l_End,1000,0,1,TTAGGG
utg000558l_End,1000,0,0,TTAGGG
utg000559l_End,1000,0,0,TTAGGG
utg000560l_End,1000,0,0,TTAGGG
utg000561l_End,1000,1,0,TTAGGG
utg000562l_End,1000,1,0,TTAGGG
utg000563l_End,1000,0,0,TTAGGG
utg000564l_End,1000,0,0,TTAGGG
utg000565l_End,1000,0,0,TTAGGG
utg000566l_End,1000,1,1,TTAGGG
utg000567l_End,1000,1,0,TTAGGG
utg000568l_End,1000,0,0,TTAGGG
utg000569l_End,1000,1,0,TTAGGG
utg000570l_End,1000,0,0,TTAGGG
utg000571l_End,1000,166,0,TTAGGG
utg000572l_End,1000,0,0,TTAGGG
utg000573l_End,1000,0,0,TTAGGG
utg000574l_End,1000,0,0,TTAGGG
utg000575l_End,1000,1,0,TTAGGG
utg000576l_End,1000,1,0,TTAGGG
utg000577l_End,1000,0,0,TTAGGG
utg000578l_End,1000,0,0,TTAGGG
utg000579l_End,1000,0,0,TTAGGG
utg000580l_End,1000,0,0,TTAGGG
utg000581l_End,1000,0,1,TTAGGG
utg000582l_End,1000,1,0,TTAGGG
utg000583l_End,1000,0,0,TTAGGG
utg000584l_End,1000,0,0,TTAGGG
utg000585l_End,1000,0,0,TTAGGG
utg000586l_End,1000,0,0,TTAGGG
utg000587l_End,1000,1,0,TTAGGG
utg000588l_End,1000,0,0,TTAGGG
utg000589l_End,1000,0,1,TTAGGG
utg000590l_End,1000,0,0,TTAGGG
utg000591l_End,1000,0,0,TTAGGG
utg000592l_End,1000,0,0,TTAGGG
utg000593l_End,1000,0,0,TTAGGG
utg000594l_End,1000,0,1,TTAGGG
utg000595l_End,1000,0,0,TTAGGG
utg000596l_End,1000,0,1,TTAGGG
utg000597l_End,1000,1,0,TTAGGG
utg000598l_End,1000,0,0,TTAGGG
utg000599l_End,1000,1,0,TTAGGG
utg000600l_End,1000,0,0,TTAGGG
utg000601l_End,1000,1,0,TTAGGG
utg000602l_End,1000,1,0,TTAGGG
utg000603l_End,1000,0,0,TTAGGG
utg000604l_End,1000,0,0,TTAGGG
utg000605l_End,1000,0,1,TTAGGG
utg000606l_End,1000,0,0,TTAGGG
utg000607l_End,1000,0,0,TTAGGG
utg000608l_End,1000,0,0,TTAGGG
utg000609l_End,1000,0,1,TTAGGG
utg000610l_End,1000,1,1,TTAGGG
utg000611l_End,1000,0,1,TTAGGG
utg000612l_End,1000,0,0,TTAGGG
utg000613l_End,1000,0,0,TTAGGG
utg000614l_End,1000,0,1,TTAGGG
utg000615l_End,1000,0,0,TTAGGG
utg000616l_End,1000,0,0,TTAGGG
utg000617l_End,1000,0,1,TTAGGG
utg000618l_End,1000,0,0,TTAGGG
utg000619l_End,1000,0,0,TTAGGG
utg000620l_End,1000,0,0,TTAGGG
utg000621l_End,1000,0,0,TTAGGG
utg000622l_End,1000,0,0,TTAGGG
utg000623l_End,1000,0,0,TTAGGG
utg000624l_End,1000,0,1,TTAGGG
utg000625l_End,1000,0,0,TTAGGG
utg000626l_End,1000,0,0,TTAGGG
utg000627l_End,1000,1,0,TTAGGG
utg000628l_End,1000,0,0,TTAGGG
utg000629l_End,1000,0,0,TTAGGG
utg000630l_End,1000,1,0,TTAGGG
utg000631l_End,1000,0,0,TTAGGG
utg000632l_End,1000,0,0,TTAGGG
utg000633l_End,1000,0,1,TTAGGG
utg000634l_End,1000,0,0,TTAGGG
utg000635l_End,1000,0,0,TTAGGG
utg000636l_End,1000,0,0,TTAGGG
utg000637l_End,1000,0,0,TTAGGG
utg000638l_End,1000,0,0,TTAGGG
utg000639l_End,1000,0,1,TTAGGG
utg000640l_End,1000,0,0,TTAGGG
utg000641l_End,1000,1,1,TTAGGG
utg000642l_End,1000,1,0,TTAGGG
utg000643l_End,1000,1,0,TTAGGG
utg000644l_End,1000,0,0,TTAGGG
utg000645l_End,1000,0,0,TTAGGG
utg000646l_End,1000,0,0,TTAGGG
utg000647l_End,1000,1,1,TTAGGG
utg000648l_End,1000,0,0,TTAGGG
utg000649l_End,1000,0,0,TTAGGG
utg000650l_End,1000,0,1,TTAGGG
utg000651l_End,1000,0,0,TTAGGG
utg000652l_End,1000,0,0,TTAGGG
utg000653l_End,1000,0,0,TTAGGG
utg000654l_End,1000,0,0,TTAGGG
utg000655l_End,1000,0,1,TTAGGG
utg000656l_End,1000,2,0,TTAGGG
utg000657l_End,1000,0,1,TTAGGG
utg000658l_End,1000,1,0,TTAGGG
utg000659l_End,1000,0,0,TTAGGG
utg000660l_End,1000,0,0,TTAGGG
utg000661l_End,1000,1,0,TTAGGG
utg000662l_End,1000,0,0,TTAGGG
utg000663l_End,1000,0,0,TTAGGG
utg000664l_End,1000,0,0,TTAGGG
utg000665l_End,1000,0,0,TTAGGG
utg000666l_End,1000,0,0,TTAGGG
utg000667l_End,1000,0,0,TTAGGG
utg000668l_End,1000,0,0,TTAGGG
utg000669l_End,1000,0,0,TTAGGG
utg000670l_End,1000,0,0,TTAGGG
utg000671l_End,1000,0,1,TTAGGG
utg000672l_End,1000,0,0,TTAGGG
utg000673l_End,1000,0,0,TTAGGG
utg000674l_End,1000,0,0,TTAGGG
utg000675l_End,1000,0,0,TTAGGG
utg000676l_End,1000,0,0,TTAGGG
utg000677l_End,1000,0,0,TTAGGG
utg000678l_End,1000,0,0,TTAGGG
utg000679l_End,1000,0,0,TTAGGG
utg000680l_End,1000,0,0,TTAGGG
utg000681l_End,1000,1,0,TTAGGG
utg000682l_End,1000,0,0,TTAGGG
utg000683l_End,1000,0,1,TTAGGG
utg000684l_End,1000,0,0,TTAGGG
utg000685l_End,1000,0,1,TTAGGG
utg000686l_End,1000,0,0,TTAGGG
utg000687l_End,1000,0,0,TTAGGG
utg000688l_End,1000,0,0,TTAGGG
utg000689l_End,1000,0,0,TTAGGG
utg000690l_End,1000,0,0,TTAGGG
utg000691l_End,1000,2,0,TTAGGG
utg000692l_End,1000,0,0,TTAGGG
utg000693l_End,1000,137,0,TTAGGG
utg000694l_End,1000,1,0,TTAGGG
utg000695l_End,1000,0,0,TTAGGG
utg000696l_End,1000,0,1,TTAGGG
utg000697l_End,1000,0,0,TTAGGG
utg000698l_End,1000,0,0,TTAGGG
utg000699l_End,1000,0,0,TTAGGG
utg000700l_End,1000,0,0,TTAGGG
utg000701l_End,1000,0,0,TTAGGG
utg000702l_End,1000,0,0,TTAGGG
utg000703l_End,1000,0,0,TTAGGG
utg000704l_End,1000,0,0,TTAGGG
utg000705l_End,1000,0,0,TTAGGG
utg000706l_End,1000,2,0,TTAGGG
utg000707l_End,1000,0,0,TTAGGG
utg000708l_End,1000,0,0,TTAGGG
utg000709l_End,1000,0,0,TTAGGG
utg000710l_End,1000,0,0,TTAGGG
utg000711l_End,1000,0,0,TTAGGG
utg000712l_End,1000,0,0,TTAGGG
utg000713l_End,1000,0,0,TTAGGG
utg000714l_End,1000,0,0,TTAGGG
utg000715l_End,1000,0,0,TTAGGG
utg000716l_End,1000,1,0,TTAGGG
utg000717l_End,1000,0,0,TTAGGG
utg000718l_End,1000,0,1,TTAGGG
utg000719l_End,1000,0,0,TTAGGG
utg000720l_End,1000,0,0,TTAGGG
utg000721l_End,1000,0,0,TTAGGG
utg000722l_End,1000,0,0,TTAGGG
utg000723l_End,1000,0,0,TTAGGG
utg000724l_End,1000,0,0,TTAGGG
utg000725l_End,1000,0,0,TTAGGG
utg000726l_End,1000,1,0,TTAGGG
utg000727l_End,1000,0,0,TTAGGG
utg000728l_End,1000,0,0,TTAGGG
utg000729l_End,1000,0,0,TTAGGG
utg000730l_End,1000,0,0,TTAGGG
utg000731l_End,1000,2,0,TTAGGG
utg000732l_End,1000,0,0,TTAGGG
utg000733l_End,1000,0,0,TTAGGG
utg000734l_End,1000,0,0,TTAGGG
utg000735l_End,1000,0,0,TTAGGG
utg000736l_End,1000,0,0,TTAGGG
utg000737l_End,1000,0,0,TTAGGG
utg000738l_End,1000,0,0,TTAGGG
utg000739l_End,1000,0,0,TTAGGG
utg000740l_End,1000,0,0,TTAGGG
utg000741l_End,1000,1,0,TTAGGG
utg000742l_End,1000,0,0,TTAGGG
utg000743l_End,1000,0,0,TTAGGG
utg000744l_End,1000,0,1,TTAGGG
utg000745l_End,1000,0,0,TTAGGG
utg000746l_End,1000,0,0,TTAGGG
utg000747l_End,1000,0,0,TTAGGG
utg000748l_End,1000,0,0,TTAGGG
utg000749l_End,1000,0,0,TTAGGG
utg000750l_End,1000,0,0,TTAGGG
utg000751l_End,1000,0,1,TTAGGG
utg000752l_End,1000,0,0,TTAGGG
utg000753l_End,1000,0,1,TTAGGG
utg000754l_End,1000,0,0,TTAGGG
utg000755l_End,1000,0,0,TTAGGG
utg000756l_End,1000,0,0,TTAGGG
utg000757l_End,1000,0,1,TTAGGG
utg000758l_End,1000,0,0,TTAGGG
utg000759l_End,1000,0,0,TTAGGG
utg000760l_End,1000,1,0,TTAGGG
utg000761l_End,1000,0,0,TTAGGG
utg000762l_End,1000,1,1,TTAGGG
utg000763l_End,1000,0,0,TTAGGG
utg000764l_End,1000,1,0,TTAGGG
utg000765l_End,1000,0,0,TTAGGG
utg000766l_End,1000,1,1,TTAGGG
utg000767l_End,1000,2,0,TTAGGG
utg000768l_End,1000,0,0,TTAGGG
utg000769l_End,1000,0,0,TTAGGG
utg000770l_End,1000,0,0,TTAGGG
utg000771l_End,1000,0,0,TTAGGG
utg000772l_End,1000,1,0,TTAGGG
utg000773l_End,1000,2,1,TTAGGG
utg000774l_End,1000,0,0,TTAGGG
utg000775l_End,1000,0,0,TTAGGG
utg000776l_End,1000,0,0,TTAGGG
utg000777l_End,1000,0,0,TTAGGG
utg000778l_End,1000,0,0,TTAGGG
utg000779l_End,1000,0,0,TTAGGG
utg000780l_End,1000,0,1,TTAGGG
utg000781l_End,1000,1,0,TTAGGG
utg000782l_End,1000,0,0,TTAGGG
utg000783l_End,1000,0,0,TTAGGG
utg000784l_End,1000,0,0,TTAGGG
utg000785l_End,1000,1,0,TTAGGG
utg000786l_End,1000,1,0,TTAGGG
utg000787l_End,1000,0,0,TTAGGG
utg000788l_End,1000,0,1,TTAGGG
utg000789l_End,1000,0,0,TTAGGG
utg000790l_End,1000,0,0,TTAGGG
utg000791l_End,1000,0,0,TTAGGG
utg000792l_End,1000,0,2,TTAGGG
utg000793l_End,1000,0,0,TTAGGG
utg000794l_End,1000,0,0,TTAGGG
utg000795l_End,1000,0,0,TTAGGG
utg000796l_End,1000,1,0,TTAGGG
utg000797l_End,1000,0,1,TTAGGG
utg000798l_End,1000,0,0,TTAGGG
utg000799l_End,1000,0,0,TTAGGG
utg000800l_End,1000,0,0,TTAGGG
utg000801l_End,1000,0,0,TTAGGG
utg000802l_End,1000,0,0,TTAGGG
utg000803l_End,1000,0,1,TTAGGG
utg000804l_End,1000,0,0,TTAGGG
utg000805l_End,1000,1,0,TTAGGG
utg000806l_End,1000,0,0,TTAGGG
utg000807l_End,1000,0,0,TTAGGG
utg000808l_End,1000,0,0,TTAGGG
utg000809l_End,1000,0,0,TTAGGG
utg000810l_End,1000,1,0,TTAGGG
utg000811l_End,1000,0,1,TTAGGG
utg000812l_End,1000,0,0,TTAGGG
utg000813l_End,1000,0,0,TTAGGG
utg000814l_End,1000,0,0,TTAGGG
utg000815l_End,1000,0,0,TTAGGG
utg000816l_End,1000,166,0,TTAGGG
utg000817l_End,1000,0,0,TTAGGG
utg000818l_End,1000,0,0,TTAGGG
utg000819l_End,1000,0,0,TTAGGG
utg000820l_End,1000,0,1,TTAGGG
utg000821l_End,1000,0,0,TTAGGG
utg000822l_End,1000,1,1,TTAGGG
utg000823l_End,1000,1,0,TTAGGG
utg000824l_End,1000,1,0,TTAGGG
utg000825l_End,1000,1,0,TTAGGG
utg000826l_End,1000,0,0,TTAGGG
utg000827l_End,1000,0,0,TTAGGG
utg000828l_End,1000,0,0,TTAGGG
utg000829l_End,1000,1,0,TTAGGG
utg000830l_End,1000,0,0,TTAGGG
utg000831l_End,1000,0,0,TTAGGG
utg000832l_End,1000,0,0,TTAGGG
utg000833l_End,1000,0,0,TTAGGG
utg000834l_End,1000,0,0,TTAGGG
utg000835l_End,1000,0,1,TTAGGG
utg000836l_End,1000,0,0,TTAGGG
utg000837l_End,1000,0,0,TTAGGG
utg000838l_End,1000,0,0,TTAGGG
utg000839l_End,1000,0,0,TTAGGG
utg000840l_End,1000,0,0,TTAGGG
utg000841l_End,1000,0,0,TTAGGG
utg000842l_End,1000,0,0,TTAGGG
utg000843l_End,1000,0,0,TTAGGG
utg000844l_End,1000,0,0,TTAGGG
utg000845l_End,1000,0,0,TTAGGG
utg000846l_End,1000,2,0,TTAGGG
utg000847l_End,1000,0,1,TTAGGG
utg000848l_End,1000,1,0,TTAGGG
utg000849l_End,1000,0,0,TTAGGG
utg000850l_End,1000,0,0,TTAGGG
utg000851l_End,1000,0,1,TTAGGG
utg000852l_End,1000,0,0,TTAGGG
utg000853l_End,1000,0,0,TTAGGG
utg000854l_End,1000,0,0,TTAGGG
utg000855l_End,1000,0,0,TTAGGG
utg000856l_End,1000,0,0,TTAGGG
utg000857l_End,1000,0,0,TTAGGG
utg000858l_End,1000,0,0,TTAGGG
utg000859l_End,1000,0,0,TTAGGG
utg000860l_End,1000,0,0,TTAGGG
utg000861l_End,1000,0,0,TTAGGG
utg000862l_End,1000,2,0,TTAGGG
utg000863l_End,1000,1,1,TTAGGG
utg000864l_End,1000,0,0,TTAGGG
utg000865l_End,1000,0,0,TTAGGG
utg000866l_End,1000,0,0,TTAGGG
utg000867l_End,1000,0,0,TTAGGG
utg000868l_End,1000,0,0,TTAGGG
utg000869l_End,1000,0,0,TTAGGG
utg000870l_End,1000,0,0,TTAGGG
utg000871l_End,1000,0,0,TTAGGG
utg000872l_End,1000,0,0,TTAGGG
utg000873l_End,1000,0,1,TTAGGG
utg000874l_End,1000,0,0,TTAGGG
utg000875l_End,1000,0,0,TTAGGG
utg000876l_End,1000,0,0,TTAGGG
utg000877l_End,1000,0,0,TTAGGG
utg000878l_End,1000,1,0,TTAGGG
utg000879l_End,1000,1,0,TTAGGG
utg000880l_End,1000,0,0,TTAGGG
utg000881l_End,1000,0,1,TTAGGG
utg000882l_End,1000,1,0,TTAGGG
utg000883l_End,1000,2,1,TTAGGG
utg000884l_End,1000,1,0,TTAGGG
utg000885l_End,1000,0,0,TTAGGG
utg000886l_End,1000,0,0,TTAGGG
utg000887l_End,1000,0,0,TTAGGG
utg000888l_End,1000,0,0,TTAGGG
utg000889l_End,1000,0,0,TTAGGG
utg000890l_End,1000,1,0,TTAGGG
utg000891l_End,1000,0,0,TTAGGG
utg000892l_End,1000,0,0,TTAGGG
utg000893l_End,1000,0,0,TTAGGG
utg000894l_End,1000,0,0,TTAGGG
utg000895l_End,1000,0,0,TTAGGG
utg000896l_End,1000,0,0,TTAGGG
utg000897l_End,1000,1,1,TTAGGG
utg000898l_End,1000,1,0,TTAGGG
utg000899l_End,1000,0,2,TTAGGG
utg000900l_End,1000,0,0,TTAGGG
utg000901l_End,1000,0,0,TTAGGG
utg000902l_End,1000,1,0,TTAGGG
utg000903l_End,1000,0,0,TTAGGG
utg000904l_End,1000,0,0,TTAGGG
utg000905l_End,1000,0,0,TTAGGG
utg000906l_End,1000,0,0,TTAGGG
utg000907l_End,1000,0,1,TTAGGG
utg000908l_End,1000,0,0,TTAGGG
utg000909l_End,1000,0,0,TTAGGG
utg000910l_End,1000,0,0,TTAGGG
utg000911l_End,1000,0,0,TTAGGG
utg000912l_End,1000,0,0,TTAGGG
utg000913l_End,1000,0,0,TTAGGG
utg000914l_End,1000,1,1,TTAGGG
utg000915l_End,1000,0,1,TTAGGG
utg000916l_End,1000,0,0,TTAGGG
utg000917l_End,1000,1,0,TTAGGG
utg000918l_End,1000,1,0,TTAGGG
utg000919l_End,1000,1,0,TTAGGG
utg000920l_End,1000,2,0,TTAGGG
utg000921l_End,1000,1,0,TTAGGG
utg000922l_End,1000,0,0,TTAGGG
utg000923l_End,1000,0,0,TTAGGG
utg000924l_End,1000,0,0,TTAGGG
utg000925l_End,1000,0,0,TTAGGG
utg000926l_End,1000,0,0,TTAGGG
utg000927l_End,1000,0,0,TTAGGG
utg000928l_End,1000,166,0,TTAGGG
utg000929l_End,1000,0,0,TTAGGG
utg000930l_End,1000,0,0,TTAGGG
utg000931l_End,1000,0,0,TTAGGG
utg000932l_End,1000,0,0,TTAGGG
utg000933l_End,1000,0,0,TTAGGG
utg000934l_End,1000,0,0,TTAGGG
utg000935l_End,1000,0,0,TTAGGG
utg000936l_End,1000,3,0,TTAGGG
utg000937l_End,1000,0,0,TTAGGG
utg000938l_End,1000,0,0,TTAGGG
utg000939l_End,1000,0,0,TTAGGG
utg000940l_End,1000,0,0,TTAGGG
utg000941l_End,1000,0,0,TTAGGG
utg000942l_End,1000,0,0,TTAGGG
utg000943l_End,1000,0,0,TTAGGG
utg000944l_End,1000,0,0,TTAGGG
utg000945l_End,1000,0,0,TTAGGG
utg000946l_End,1000,0,0,TTAGGG
utg000947l_End,1000,0,2,TTAGGG
utg000948l_End,1000,0,0,TTAGGG
utg000949l_End,1000,147,0,TTAGGG
utg000950l_End,1000,0,0,TTAGGG
utg000951l_End,1000,0,0,TTAGGG
utg000952l_End,1000,0,0,TTAGGG
utg000953l_End,1000,0,0,TTAGGG
utg000954l_End,1000,166,0,TTAGGG
utg000955l_End,1000,0,0,TTAGGG
utg000956l_End,1000,0,0,TTAGGG
utg000957l_End,1000,0,0,TTAGGG
utg000958l_End,1000,0,0,TTAGGG
utg000959l_End,1000,0,0,TTAGGG
utg000960l_End,1000,0,0,TTAGGG
utg000961l_End,1000,0,0,TTAGGG
utg000962l_End,1000,0,0,TTAGGG
utg000963l_End,1000,0,0,TTAGGG
utg000964l_End,1000,0,1,TTAGGG
utg000965l_End,1000,0,0,TTAGGG
utg000966l_End,1000,0,0,TTAGGG
utg000967l_End,1000,0,0,TTAGGG
utg000968l_End,1000,1,0,TTAGGG
utg000969l_End,1000,0,0,TTAGGG
utg000970l_End,1000,0,0,TTAGGG
utg000971l_End,1000,0,0,TTAGGG
utg000972l_End,1000,0,0,TTAGGG
utg000973l_End,1000,0,0,TTAGGG
utg000974l_End,1000,0,0,TTAGGG
utg000975l_End,1000,0,0,TTAGGG
utg000976l_End,1000,0,0,TTAGGG
utg000977l_End,1000,0,0,TTAGGG
utg000978l_End,1000,0,0,TTAGGG
utg000979l_End,1000,1,0,TTAGGG
utg000980l_End,1000,0,0,TTAGGG
utg000981l_End,1000,0,0,TTAGGG
utg000982l_End,1000,0,1,TTAGGG
utg000983l_End,1000,1,0,TTAGGG
utg000984l_End,1000,0,0,TTAGGG
utg000985l_End,1000,0,0,TTAGGG
utg000986l_End,1000,1,0,TTAGGG
utg000987l_End,1000,0,2,TTAGGG
utg000988l_End,1000,0,0,TTAGGG
utg000989l_End,1000,0,0,TTAGGG
utg000990l_End,1000,166,0,TTAGGG
utg000991l_End,1000,0,1,TTAGGG
utg000992l_End,1000,0,0,TTAGGG
utg000993l_End,1000,0,0,TTAGGG
utg000994l_End,1000,1,0,TTAGGG
utg000995l_End,1000,0,0,TTAGGG
utg000996l_End,1000,0,0,TTAGGG
utg000997l_End,1000,0,0,TTAGGG
utg000998l_End,1000,1,0,TTAGGG
utg000999l_End,1000,0,0,TTAGGG
utg001000l_End,1000,0,1,TTAGGG
utg001001l_End,1000,0,0,TTAGGG
utg001002l_End,1000,0,0,TTAGGG
utg001003l_End,1000,0,1,TTAGGG
utg001004l_End,1000,1,0,TTAGGG
utg001005l_End,1000,2,0,TTAGGG
utg001006l_End,1000,0,0,TTAGGG
utg001007l_End,1000,0,1,TTAGGG
utg001008l_End,1000,0,1,TTAGGG
utg001009l_End,1000,2,0,TTAGGG
utg001010l_End,1000,0,0,TTAGGG
utg001011l_End,1000,0,0,TTAGGG
utg001012l_End,1000,0,0,TTAGGG
utg001013l_End,1000,0,0,TTAGGG
utg001014l_End,1000,0,1,TTAGGG
utg001015l_End,1000,0,0,TTAGGG
utg001016l_End,1000,0,1,TTAGGG
utg001017l_End,1000,0,0,TTAGGG
utg001018l_End,1000,0,0,TTAGGG
utg001019l_End,1000,0,0,TTAGGG
utg001020l_End,1000,0,0,TTAGGG
utg001021l_End,1000,0,0,TTAGGG
utg001022l_End,1000,0,0,TTAGGG
utg001023l_End,1000,0,0,TTAGGG
utg001024l_End,1000,0,0,TTAGGG
utg001025l_End,1000,0,0,TTAGGG
utg001026l_End,1000,0,0,TTAGGG
utg001027l_End,1000,0,0,TTAGGG
utg001028l_End,1000,0,0,TTAGGG
utg001029l_End,1000,0,0,TTAGGG
utg001030l_End,1000,0,0,TTAGGG
utg001031l_End,1000,1,0,TTAGGG
utg001032l_End,1000,0,0,TTAGGG
utg001033l_End,1000,0,0,TTAGGG
utg001034l_End,1000,0,0,TTAGGG
utg001035l_End,1000,0,0,TTAGGG
utg001036l_End,1000,0,0,TTAGGG
utg001037l_End,1000,166,0,TTAGGG
utg001038l_End,1000,0,0,TTAGGG
utg001039l_End,1000,0,0,TTAGGG
utg001040l_End,1000,0,0,TTAGGG
utg001041l_End,1000,0,0,TTAGGG
utg001042l_End,1000,0,0,TTAGGG
utg001043l_End,1000,0,0,TTAGGG
utg001044l_End,1000,0,1,TTAGGG
utg001045l_End,1000,0,0,TTAGGG
utg001046l_End,1000,1,0,TTAGGG
utg001047l_End,1000,0,0,TTAGGG
utg001048l_End,1000,0,1,TTAGGG
utg001049l_End,1000,0,0,TTAGGG
utg001050l_End,1000,0,0,TTAGGG
utg001051l_End,1000,0,0,TTAGGG
utg001052l_End,1000,0,0,TTAGGG
utg001053l_End,1000,0,1,TTAGGG
utg001054l_End,1000,0,0,TTAGGG
utg001055l_End,1000,1,0,TTAGGG
utg001056l_End,1000,0,0,TTAGGG
utg001057l_End,1000,0,0,TTAGGG
utg001058l_End,1000,0,0,TTAGGG
utg001059l_End,1000,0,1,TTAGGG
utg001060l_End,1000,0,0,TTAGGG
utg001061l_End,1000,0,0,TTAGGG
utg001062l_End,1000,0,0,TTAGGG
utg001063l_End,1000,0,0,TTAGGG
utg001064l_End,1000,0,0,TTAGGG
utg001065l_End,1000,0,0,TTAGGG
utg001066l_End,1000,0,0,TTAGGG
utg001067l_End,1000,0,0,TTAGGG
utg001068l_End,1000,0,1,TTAGGG
utg001069l_End,1000,0,0,TTAGGG
utg001070l_End,1000,1,0,TTAGGG
utg001071l_End,1000,166,0,TTAGGG
utg001072l_End,1000,0,0,TTAGGG
utg001073l_End,1000,1,0,TTAGGG
utg001074l_End,1000,0,0,TTAGGG
utg001075l_End,1000,166,0,TTAGGG
utg001076l_End,1000,0,0,TTAGGG
utg001077l_End,1000,0,0,TTAGGG
utg001078l_End,1000,0,1,TTAGGG
utg001079l_End,1000,0,0,TTAGGG
utg001080l_End,1000,1,1,TTAGGG
utg001081l_End,1000,0,0,TTAGGG
utg001082l_End,1000,0,0,TTAGGG
utg001083l_End,1000,0,0,TTAGGG
utg001084l_End,1000,166,0,TTAGGG
utg001085l_End,1000,0,0,TTAGGG
utg001086l_End,1000,1,0,TTAGGG
utg001087l_End,1000,0,0,TTAGGG
utg001088l_End,1000,0,0,TTAGGG
utg001089l_End,1000,0,0,TTAGGG
utg001090l_End,1000,0,0,TTAGGG
utg001091l_End,1000,0,0,TTAGGG
utg001092l_End,1000,0,0,TTAGGG
utg001093l_End,1000,0,0,TTAGGG
utg001094l_End,1000,0,0,TTAGGG
utg001095l_End,1000,0,0,TTAGGG
utg001096l_End,1000,0,0,TTAGGG
utg001097l_End,1000,0,0,TTAGGG
utg001098l_End,1000,0,1,TTAGGG
utg001099l_End,1000,0,0,TTAGGG
utg001100l_End,1000,0,0,TTAGGG
utg001101l_End,1000,0,0,TTAGGG
utg001102l_End,1000,0,0,TTAGGG
utg001103l_End,1000,0,0,TTAGGG
utg001104l_End,1000,0,0,TTAGGG
utg001105l_End,1000,0,1,TTAGGG
utg001106l_End,1000,0,0,TTAGGG
utg001107l_End,1000,0,0,TTAGGG
utg001108l_End,1000,0,0,TTAGGG
utg001109l_End,1000,0,0,TTAGGG
utg001110l_End,1000,0,0,TTAGGG
utg001111l_End,1000,0,0,TTAGGG
utg001112l_End,1000,0,0,TTAGGG
utg001113l_End,1000,0,0,TTAGGG
utg001114l_End,1000,0,1,TTAGGG
utg001115l_End,1000,0,0,TTAGGG
utg001116l_End,1000,0,0,TTAGGG
utg001117l_End,1000,0,0,TTAGGG
utg001118l_End,1000,0,0,TTAGGG
utg001119l_End,1000,0,0,TTAGGG
utg001120l_End,1000,0,0,TTAGGG
utg001121l_End,1000,1,0,TTAGGG
utg001122l_End,1000,0,0,TTAGGG
utg001123l_End,1000,0,1,TTAGGG
utg001124l_End,1000,0,0,TTAGGG
utg001125l_End,1000,1,1,TTAGGG
utg001126l_End,1000,0,0,TTAGGG
utg001127l_End,1000,0,0,TTAGGG
utg001128l_End,1000,0,0,TTAGGG
utg001129l_End,1000,0,0,TTAGGG
utg001130l_End,1000,0,0,TTAGGG
utg001131l_End,1000,0,0,TTAGGG
utg001132l_End,1000,1,0,TTAGGG
utg001133l_End,1000,0,0,TTAGGG
utg001134l_End,1000,1,0,TTAGGG
utg001135l_End,1000,0,0,TTAGGG
utg001136l_End,1000,0,0,TTAGGG
utg001137l_End,1000,0,0,TTAGGG
utg001138l_End,1000,0,0,TTAGGG
utg001139l_End,1000,0,0,TTAGGG
utg001140l_End,1000,0,0,TTAGGG
utg001141l_End,1000,0,0,TTAGGG
utg001142l_End,1000,0,1,TTAGGG
utg001143l_End,1000,1,0,TTAGGG
utg001144l_End,1000,1,0,TTAGGG
utg001145l_End,1000,0,0,TTAGGG
utg001146l_End,1000,0,0,TTAGGG
utg001147l_End,1000,0,0,TTAGGG
utg001148l_End,1000,0,0,TTAGGG
utg001149l_End,1000,0,0,TTAGGG
utg001150l_End,1000,0,0,TTAGGG
utg001151l_End,1000,0,0,TTAGGG
utg001152l_End,1000,0,0,TTAGGG
utg001153l_End,1000,0,0,TTAGGG
utg001154l_End,1000,2,1,TTAGGG
utg001155l_End,1000,0,0,TTAGGG
utg001156l_End,1000,0,0,TTAGGG
utg001157l_End,1000,0,1,TTAGGG
utg001158l_End,1000,0,1,TTAGGG
utg001159l_End,1000,0,0,TTAGGG
utg001160l_End,1000,0,0,TTAGGG
utg001161l_End,1000,0,0,TTAGGG
utg001162l_End,1000,0,0,TTAGGG
utg001163l_End,1000,0,0,TTAGGG
utg001164l_End,1000,1,0,TTAGGG
utg001165l_End,1000,0,0,TTAGGG
utg001166l_End,1000,0,0,TTAGGG
utg001167l_End,1000,1,0,TTAGGG
utg001168l_End,1000,3,0,TTAGGG
utg001169l_End,1000,0,1,TTAGGG
utg001170l_End,1000,0,0,TTAGGG
utg001171l_End,1000,0,0,TTAGGG
utg001172l_End,1000,0,0,TTAGGG
utg001173l_End,1000,0,0,TTAGGG
utg001174l_End,1000,0,1,TTAGGG
utg001175l_End,1000,0,0,TTAGGG
utg001176l_End,1000,0,0,TTAGGG
utg001177l_End,1000,0,0,TTAGGG
utg001178l_End,1000,0,0,TTAGGG
utg001179l_End,1000,0,1,TTAGGG
utg001180l_End,1000,0,0,TTAGGG
utg001181l_End,1000,1,0,TTAGGG
utg001182l_End,1000,0,0,TTAGGG
utg001183l_End,1000,1,0,TTAGGG
utg001184l_End,1000,0,0,TTAGGG
utg001185l_End,1000,0,0,TTAGGG
utg001186l_End,1000,0,0,TTAGGG
utg001187l_End,1000,0,0,TTAGGG
utg001188l_End,1000,0,0,TTAGGG
utg001189l_End,1000,0,0,TTAGGG
utg001190l_End,1000,0,0,TTAGGG
utg001191l_End,1000,0,0,TTAGGG
utg001192l_End,1000,0,0,TTAGGG
utg001193l_End,1000,0,0,TTAGGG
utg001194l_End,1000,0,0,TTAGGG
utg001195l_End,1000,0,0,TTAGGG
utg001196l_End,1000,1,0,TTAGGG
utg001197l_End,1000,0,0,TTAGGG
utg001198l_End,1000,0,0,TTAGGG
utg001199l_End,1000,0,0,TTAGGG
utg001200l_End,1000,0,0,TTAGGG
utg001201l_End,1000,0,0,TTAGGG
utg001202l_End,1000,0,0,TTAGGG
utg001203l_End,1000,0,0,TTAGGG
utg001204l_End,1000,0,0,TTAGGG
utg001205l_End,1000,0,0,TTAGGG
utg001206l_End,1000,0,0,TTAGGG
utg001207l_End,1000,0,0,TTAGGG
utg001208l_End,1000,0,0,TTAGGG
utg001209l_End,1000,0,1,TTAGGG
utg001210l_End,1000,0,0,TTAGGG
utg001211l_End,1000,0,0,TTAGGG
utg001212l_End,1000,0,0,TTAGGG
utg001213l_End,1000,0,0,TTAGGG
utg001214l_End,1000,0,0,TTAGGG
utg001215l_End,1000,0,0,TTAGGG
utg001216l_End,1000,1,0,TTAGGG
utg001217l_End,1000,0,0,TTAGGG
utg001218l_End,1000,0,0,TTAGGG
utg001219l_End,1000,0,1,TTAGGG
utg001220l_End,1000,0,0,TTAGGG
utg001221l_End,1000,0,0,TTAGGG
utg001222l_End,1000,0,0,TTAGGG
utg001223l_End,1000,0,0,TTAGGG
utg001224l_End,1000,0,2,TTAGGG
utg001225l_End,1000,0,0,TTAGGG
utg001226l_End,1000,0,0,TTAGGG
utg001227l_End,1000,1,0,TTAGGG
utg001228l_End,1000,0,0,TTAGGG
utg001229l_End,1000,0,0,TTAGGG
utg001230l_End,1000,0,1,TTAGGG
utg001231l_End,1000,0,0,TTAGGG
utg001232l_End,1000,0,0,TTAGGG
utg001233l_End,1000,0,0,TTAGGG
utg001234l_End,1000,0,0,TTAGGG
utg001235l_End,1000,0,0,TTAGGG
utg001236l_End,1000,0,0,TTAGGG
utg001237l_End,1000,0,0,TTAGGG
utg001238l_End,1000,0,0,TTAGGG
utg001239l_End,1000,0,0,TTAGGG
utg001240l_End,1000,0,0,TTAGGG
utg001241l_End,1000,0,0,TTAGGG
utg001242l_End,1000,0,0,TTAGGG
utg001243l_End,1000,1,0,TTAGGG
utg001244l_End,1000,0,0,TTAGGG
utg001245l_End,1000,1,0,TTAGGG
utg001246l_End,1000,0,0,TTAGGG
utg001247l_End,1000,0,0,TTAGGG
utg001248l_End,1000,0,1,TTAGGG
utg001249l_End,1000,0,0,TTAGGG
utg001250l_End,1000,0,0,TTAGGG
utg001251l_End,1000,1,0,TTAGGG
utg001252l_End,1000,0,0,TTAGGG
utg001253l_End,1000,166,0,TTAGGG
utg001254l_End,1000,0,0,TTAGGG
utg001255l_End,1000,1,0,TTAGGG
utg001256l_End,1000,0,0,TTAGGG
utg001257l_End,1000,0,0,TTAGGG
utg001258l_End,1000,0,0,TTAGGG
utg001259l_End,1000,0,0,TTAGGG
utg001260l_End,1000,0,0,TTAGGG
utg001261l_End,1000,0,0,TTAGGG
utg001262l_End,1000,0,0,TTAGGG
utg001263l_End,1000,0,1,TTAGGG
utg001264l_End,1000,0,0,TTAGGG
utg001265l_End,1000,0,0,TTAGGG
utg001266l_End,1000,0,0,TTAGGG
utg001267l_End,1000,0,0,TTAGGG
utg001268l_End,1000,0,0,TTAGGG
utg001269l_End,1000,0,0,TTAGGG
utg001270l_End,1000,0,0,TTAGGG
utg001271l_End,1000,1,1,TTAGGG
utg001272l_End,1000,0,0,TTAGGG
utg001273l_End,1000,0,0,TTAGGG
utg001274l_End,1000,0,0,TTAGGG
utg001275l_End,1000,0,1,TTAGGG
utg001276l_End,1000,0,0,TTAGGG
utg001277l_End,1000,0,0,TTAGGG
utg001278l_End,1000,1,0,TTAGGG
utg001279l_End,1000,0,0,TTAGGG
utg001280l_End,1000,0,1,TTAGGG
utg001281l_End,1000,0,0,TTAGGG
utg001282l_End,1000,0,1,TTAGGG
utg001283l_End,1000,0,0,TTAGGG
utg001284l_End,1000,1,0,TTAGGG
utg001285l_End,1000,0,0,TTAGGG
utg001286l_End,1000,0,0,TTAGGG
utg001287l_End,1000,0,0,TTAGGG
utg001288l_End,1000,0,0,TTAGGG
utg001289l_End,1000,0,0,TTAGGG
utg001290l_End,1000,0,0,TTAGGG
utg001291l_End,1000,0,0,TTAGGG
utg001292l_End,1000,1,0,TTAGGG
utg001293l_End,1000,1,1,TTAGGG
utg001294l_End,1000,0,0,TTAGGG
utg001295l_End,1000,0,0,TTAGGG
utg001296l_End,1000,0,0,TTAGGG
utg001297l_End,1000,0,0,TTAGGG
utg001298l_End,1000,1,0,TTAGGG
utg001299l_End,1000,0,1,TTAGGG
utg001300l_End,1000,0,0,TTAGGG
utg001301l_End,1000,0,0,TTAGGG
utg001302l_End,1000,0,0,TTAGGG
utg001303l_End,1000,0,0,TTAGGG
utg001304l_End,1000,0,0,TTAGGG
utg001305l_End,1000,1,0,TTAGGG
utg001306l_End,1000,0,1,TTAGGG
utg001307l_End,1000,1,0,TTAGGG
utg001308l_End,1000,0,0,TTAGGG
utg001309l_End,1000,0,0,TTAGGG
utg001310l_End,1000,0,0,TTAGGG
utg001311l_End,1000,0,0,TTAGGG
utg001312l_End,1000,0,0,TTAGGG
utg001313l_End,1000,0,0,TTAGGG
utg001314l_End,1000,0,0,TTAGGG
utg001315l_End,1000,0,0,TTAGGG
utg001316l_End,1000,1,1,TTAGGG
utg001317l_End,1000,0,0,TTAGGG
utg001318l_End,1000,0,0,TTAGGG
utg001319l_End,1000,0,0,TTAGGG
utg001320l_End,1000,0,0,TTAGGG
utg001321l_End,1000,1,1,TTAGGG
utg001322l_End,1000,1,0,TTAGGG
utg001323l_End,1000,0,0,TTAGGG
utg001324l_End,1000,0,0,TTAGGG
utg001325l_End,1000,1,1,TTAGGG
utg001326l_End,1000,1,0,TTAGGG
utg001327l_End,1000,0,0,TTAGGG
utg001328l_End,1000,0,0,TTAGGG
utg001329l_End,1000,0,1,TTAGGG
utg001330l_End,1000,0,0,TTAGGG
utg001331l_End,1000,0,2,TTAGGG
utg001332l_End,1000,0,0,TTAGGG
utg001333l_End,1000,0,1,TTAGGG
utg001334l_End,1000,0,0,TTAGGG
utg001335l_End,1000,0,0,TTAGGG
utg001336l_End,1000,166,0,TTAGGG
utg001337l_End,1000,1,0,TTAGGG
utg001338l_End,1000,0,1,TTAGGG
utg001339l_End,1000,0,0,TTAGGG
utg001340l_End,1000,1,1,TTAGGG
utg001341l_End,1000,0,0,TTAGGG
utg001342l_End,1000,0,0,TTAGGG
utg001343l_End,1000,0,1,TTAGGG
utg001344l_End,1000,0,0,TTAGGG
utg001345l_End,1000,0,0,TTAGGG
utg001346l_End,1000,0,0,TTAGGG
utg001347l_End,1000,0,0,TTAGGG
utg001348l_End,1000,2,0,TTAGGG
utg001349l_End,1000,0,0,TTAGGG
utg001350l_End,1000,0,0,TTAGGG
utg001351l_End,1000,0,0,TTAGGG
utg001352l_End,1000,0,0,TTAGGG
utg001353l_End,1000,0,0,TTAGGG
utg001354l_End,1000,0,0,TTAGGG
utg001355l_End,1000,0,0,TTAGGG
utg001356l_End,1000,0,0,TTAGGG
utg001357l_End,1000,1,0,TTAGGG
utg001358l_End,1000,0,1,TTAGGG
utg001359l_End,1000,0,1,TTAGGG
utg001360l_End,1000,0,0,TTAGGG
utg001361l_End,1000,0,1,TTAGGG
utg001362l_End,1000,0,0,TTAGGG
utg001363l_End,1000,0,0,TTAGGG
utg001364l_End,1000,0,1,TTAGGG
utg001365l_End,1000,166,0,TTAGGG
utg001366l_End,1000,0,1,TTAGGG
utg001367l_End,1000,0,0,TTAGGG
utg001368l_End,1000,0,2,TTAGGG
utg001369l_End,1000,1,0,TTAGGG
utg001370l_End,1000,0,0,TTAGGG
utg001371l_End,1000,0,0,TTAGGG
utg001372l_End,1000,0,0,TTAGGG
utg001373l_End,1000,0,0,TTAGGG
utg001374l_End,1000,2,0,TTAGGG
utg001375l_End,1000,0,0,TTAGGG
utg001376l_End,1000,1,0,TTAGGG
utg001377l_End,1000,0,1,TTAGGG
utg001378l_End,1000,0,0,TTAGGG
utg001379l_End,1000,0,0,TTAGGG
utg001380l_End,1000,0,0,TTAGGG
utg001381l_End,1000,0,0,TTAGGG
utg001382l_End,1000,1,1,TTAGGG
utg001383l_End,1000,0,0,TTAGGG
utg001384l_End,1000,1,1,TTAGGG
utg001385l_End,1000,0,0,TTAGGG
utg001386l_End,1000,1,1,TTAGGG
utg001387l_End,1000,0,0,TTAGGG
utg001388l_End,1000,0,0,TTAGGG
utg001389l_End,1000,166,0,TTAGGG
utg001390l_End,1000,0,1,TTAGGG
utg001391l_End,1000,0,0,TTAGGG
utg001392l_End,1000,0,0,TTAGGG
utg001393l_End,1000,0,0,TTAGGG
utg001394l_End,1000,0,0,TTAGGG
utg001395l_End,1000,2,0,TTAGGG
utg001396l_End,1000,0,0,TTAGGG
utg001397l_End,1000,0,1,TTAGGG
utg001398l_End,1000,0,0,TTAGGG
utg001399l_End,1000,1,0,TTAGGG
utg001400l_End,1000,0,0,TTAGGG
utg001401l_End,1000,0,0,TTAGGG
utg001402l_End,1000,0,0,TTAGGG
utg001403l_End,1000,0,1,TTAGGG
utg001404l_End,1000,0,0,TTAGGG
utg001405l_End,1000,0,2,TTAGGG
utg001406l_End,1000,0,0,TTAGGG
utg001407l_End,1000,0,1,TTAGGG
utg001408l_End,1000,0,0,TTAGGG
utg001409l_End,1000,1,0,TTAGGG
utg001410l_End,1000,0,0,TTAGGG
utg001411l_End,1000,0,0,TTAGGG
utg001412l_End,1000,0,0,TTAGGG
utg001413l_End,1000,0,0,TTAGGG
utg001414l_End,1000,0,0,TTAGGG
utg001415l_End,1000,0,0,TTAGGG
utg001416l_End,1000,0,0,TTAGGG
utg001417l_End,1000,0,0,TTAGGG
utg001418l_End,1000,0,1,TTAGGG
utg001419l_End,1000,0,0,TTAGGG
utg001420l_End,1000,0,0,TTAGGG
utg001421l_End,1000,1,0,TTAGGG
utg001422l_End,1000,0,0,TTAGGG
utg001423l_End,1000,0,0,TTAGGG
utg001424l_End,1000,0,0,TTAGGG
utg001425l_End,1000,1,0,TTAGGG
utg001426l_End,1000,0,0,TTAGGG
utg001427l_End,1000,0,0,TTAGGG
utg001428l_End,1000,0,0,TTAGGG
utg001429l_End,1000,0,1,TTAGGG
utg001430l_End,1000,0,0,TTAGGG
utg001431l_End,1000,0,0,TTAGGG
utg001432l_End,1000,0,0,TTAGGG
utg001433l_End,1000,0,0,TTAGGG
utg001434l_End,1000,0,0,TTAGGG
utg001435l_End,1000,0,0,TTAGGG
utg001436l_End,1000,0,0,TTAGGG
utg001437l_End,1000,0,0,TTAGGG
utg001438l_End,1000,0,2,TTAGGG
utg001439l_End,1000,0,0,TTAGGG
utg001440l_End,1000,0,0,TTAGGG
utg001441l_End,1000,0,0,TTAGGG
utg001442l_End,1000,0,1,TTAGGG
utg001443l_End,1000,0,0,TTAGGG
utg001444l_End,1000,1,1,TTAGGG
utg001445l_End,1000,0,0,TTAGGG
utg001446l_End,1000,0,0,TTAGGG
utg001447l_End,1000,0,0,TTAGGG
utg001448l_End,1000,1,0,TTAGGG
utg001449l_End,1000,1,0,TTAGGG
utg001450l_End,1000,0,0,TTAGGG
utg001451l_End,1000,0,0,TTAGGG
utg001452l_End,1000,1,0,TTAGGG
utg001453l_End,1000,0,0,TTAGGG
utg001454l_End,1000,0,0,TTAGGG
utg001455l_End,1000,0,1,TTAGGG
utg001456l_End,1000,0,0,TTAGGG
utg001457l_End,1000,0,0,TTAGGG
utg001458l_End,1000,0,1,TTAGGG
utg001459l_End,1000,165,0,TTAGGG
utg001460l_End,1000,0,0,TTAGGG
utg001461l_End,1000,0,0,TTAGGG
utg001462l_End,1000,0,0,TTAGGG
utg001463l_End,1000,0,0,TTAGGG
utg001464l_End,1000,0,0,TTAGGG
utg001465l_End,1000,1,0,TTAGGG
utg001466l_End,1000,0,0,TTAGGG
utg001467l_End,1000,0,1,TTAGGG
utg001468l_End,1000,0,0,TTAGGG
utg001469l_End,1000,165,0,TTAGGG
utg001470l_End,1000,1,0,TTAGGG
utg001471l_End,1000,0,0,TTAGGG
utg001472l_End,1000,0,0,TTAGGG
utg001473l_End,1000,0,0,TTAGGG
utg001474l_End,1000,0,0,TTAGGG
utg001475l_End,1000,0,0,TTAGGG
utg001476l_End,1000,1,0,TTAGGG
utg001477l_End,1000,0,0,TTAGGG
utg001478l_End,1000,0,0,TTAGGG
utg001479l_End,1000,0,0,TTAGGG
utg001480l_End,1000,0,1,TTAGGG
utg001481l_End,1000,0,1,TTAGGG
utg001482l_End,1000,0,0,TTAGGG
utg001483l_End,1000,0,0,TTAGGG
utg001484l_End,1000,0,0,TTAGGG
utg001485l_End,1000,1,0,TTAGGG
utg001486l_End,1000,2,0,TTAGGG
utg001487l_End,1000,0,0,TTAGGG
utg001488l_End,1000,0,0,TTAGGG
utg001489l_End,1000,0,0,TTAGGG
utg001490l_End,1000,0,0,TTAGGG
utg001491l_End,1000,1,0,TTAGGG
utg001492l_End,1000,0,0,TTAGGG
utg001493l_End,1000,0,0,TTAGGG
utg001494l_End,1000,0,0,TTAGGG
utg001495l_End,1000,0,0,TTAGGG
utg001496l_End,1000,0,0,TTAGGG
utg001497l_End,1000,0,0,TTAGGG
utg001498l_End,1000,0,0,TTAGGG
utg001499l_End,1000,0,0,TTAGGG
utg001500l_End,1000,1,0,TTAGGG
utg001501l_End,1000,0,0,TTAGGG
utg001502l_End,1000,0,0,TTAGGG
utg001503l_End,1000,0,1,TTAGGG
utg001504l_End,1000,1,0,TTAGGG
utg001505l_End,1000,0,0,TTAGGG
utg001506l_End,1000,0,0,TTAGGG
utg001507l_End,1000,1,0,TTAGGG
utg001508l_End,1000,0,0,TTAGGG
utg001509l_End,1000,1,0,TTAGGG
utg001510l_End,1000,0,0,TTAGGG
utg001511l_End,1000,0,0,TTAGGG
utg001512l_End,1000,0,1,TTAGGG
utg001513l_End,1000,0,0,TTAGGG
utg001514l_End,1000,0,0,TTAGGG
utg001515l_End,1000,0,0,TTAGGG
utg001516l_End,1000,0,0,TTAGGG
utg001517l_End,1000,0,0,TTAGGG
utg001518l_End,1000,0,0,TTAGGG
utg001519l_End,1000,0,1,TTAGGG
utg001520l_End,1000,0,0,TTAGGG
utg001521l_End,1000,0,0,TTAGGG
utg001522l_End,1000,0,0,TTAGGG
utg001523l_End,1000,0,0,TTAGGG
utg001524l_End,1000,0,1,TTAGGG
utg001525l_End,1000,0,0,TTAGGG
utg001526l_End,1000,0,0,TTAGGG
utg001527l_End,1000,2,0,TTAGGG
utg001528l_End,1000,0,0,TTAGGG
utg001529l_End,1000,0,0,TTAGGG
utg001530l_End,1000,1,0,TTAGGG
utg001531l_End,1000,0,0,TTAGGG
utg001532l_End,1000,0,0,TTAGGG
utg001533l_End,1000,0,0,TTAGGG
utg001534l_End,1000,0,0,TTAGGG
utg001535l_End,1000,0,0,TTAGGG
utg001536l_End,1000,0,0,TTAGGG
utg001537l_End,1000,0,0,TTAGGG
utg001538l_End,1000,0,0,TTAGGG
utg001539l_End,1000,0,0,TTAGGG
utg001540l_End,1000,0,0,TTAGGG
utg001541l_End,1000,0,0,TTAGGG
utg001542l_End,1000,0,0,TTAGGG
utg001543l_End,1000,0,0,TTAGGG
utg001544l_End,1000,1,0,TTAGGG
utg001545l_End,1000,0,0,TTAGGG
utg001546l_End,1000,0,0,TTAGGG
utg001547l_End,1000,0,0,TTAGGG
utg001548l_End,1000,0,0,TTAGGG
utg001549l_End,1000,0,0,TTAGGG
utg001550l_End,1000,0,0,TTAGGG
utg001551l_End,1000,0,0,TTAGGG
utg001552l_End,1000,0,1,TTAGGG
utg001553l_End,1000,0,0,TTAGGG
utg001554l_End,1000,0,0,TTAGGG
utg001555l_End,1000,1,0,TTAGGG
utg001556l_End,1000,0,1,TTAGGG
utg001557l_End,1000,0,1,TTAGGG
utg001558l_End,1000,0,1,TTAGGG
utg001559l_End,1000,0,0,TTAGGG
utg001560l_End,1000,0,0,TTAGGG
utg001561l_End,1000,0,1,TTAGGG
utg001562l_End,1000,0,0,TTAGGG
utg001563l_End,1000,1,1,TTAGGG
utg001564l_End,1000,1,0,TTAGGG
utg001565l_End,1000,0,0,TTAGGG
utg001566l_End,1000,0,0,TTAGGG
utg001567l_End,1000,0,0,TTAGGG
utg001568l_End,1000,0,0,TTAGGG
utg001569l_End,1000,0,0,TTAGGG
utg001570l_End,1000,1,0,TTAGGG
utg001571l_End,1000,0,1,TTAGGG
utg001572l_End,1000,0,0,TTAGGG
utg001573l_End,1000,1,0,TTAGGG
utg001574l_End,1000,0,1,TTAGGG
utg001575l_End,1000,0,1,TTAGGG
utg001576l_End,1000,0,0,TTAGGG
utg001577l_End,1000,0,0,TTAGGG
utg001578l_End,1000,0,0,TTAGGG
utg001579l_End,1000,0,0,TTAGGG
utg001580l_End,1000,0,0,TTAGGG
utg001581l_End,1000,0,0,TTAGGG
utg001582l_End,1000,1,0,TTAGGG
utg001583l_End,1000,0,1,TTAGGG
utg001584l_End,1000,0,0,TTAGGG
utg001585l_End,1000,0,0,TTAGGG
utg001586l_End,1000,1,0,TTAGGG
utg001587l_End,1000,0,0,TTAGGG
utg001588l_End,1000,0,0,TTAGGG
utg001589l_End,1000,0,0,TTAGGG
utg001590l_End,1000,0,1,TTAGGG
utg001591l_End,1000,0,0,TTAGGG
utg001592l_End,1000,0,0,TTAGGG
utg001593l_End,1000,0,1,TTAGGG
utg001594l_End,1000,1,2,TTAGGG
utg001595l_End,1000,0,0,TTAGGG
utg001596l_End,1000,0,0,TTAGGG
utg001597l_End,1000,0,0,TTAGGG
utg001598l_End,1000,0,0,TTAGGG
utg001599l_End,1000,0,0,TTAGGG
utg001600l_End,1000,0,0,TTAGGG
utg001601l_End,1000,1,0,TTAGGG
utg001602l_End,1000,0,1,TTAGGG
utg001603l_End,1000,0,0,TTAGGG
utg001604l_End,1000,0,0,TTAGGG
utg001605l_End,1000,0,0,TTAGGG
utg001606l_End,1000,0,0,TTAGGG
utg001607l_End,1000,0,0,TTAGGG
utg001608l_End,1000,0,0,TTAGGG
utg001609l_End,1000,0,1,TTAGGG
utg001610l_End,1000,0,0,TTAGGG
utg001611l_End,1000,0,0,TTAGGG
utg001612l_End,1000,0,0,TTAGGG
utg001613l_End,1000,0,0,TTAGGG
utg001614l_End,1000,0,1,TTAGGG
utg001615l_End,1000,2,0,TTAGGG
utg001616l_End,1000,1,0,TTAGGG
utg001617l_End,1000,0,0,TTAGGG
utg001618l_End,1000,0,0,TTAGGG
utg001619l_End,1000,0,0,TTAGGG
utg001620l_End,1000,0,0,TTAGGG
utg001621l_End,1000,1,0,TTAGGG
utg001622l_End,1000,0,2,TTAGGG
utg001623l_End,1000,0,0,TTAGGG
utg001624l_End,1000,0,0,TTAGGG
utg001625l_End,1000,0,0,TTAGGG
utg001626l_End,1000,0,1,TTAGGG
utg001627l_End,1000,0,0,TTAGGG
utg001628l_End,1000,0,0,TTAGGG
utg001629l_End,1000,0,0,TTAGGG
utg001630l_End,1000,0,0,TTAGGG
utg001631l_End,1000,0,0,TTAGGG
utg001632l_End,1000,0,0,TTAGGG
utg001633l_End,1000,0,0,TTAGGG
utg001634l_End,1000,0,0,TTAGGG
utg001635l_End,1000,0,0,TTAGGG
utg001636l_End,1000,0,0,TTAGGG
utg001637l_End,1000,0,0,TTAGGG
utg001638l_End,1000,1,0,TTAGGG
utg001639l_End,1000,0,0,TTAGGG
utg001640l_End,1000,0,1,TTAGGG
utg001641l_End,1000,0,0,TTAGGG
utg001642l_End,1000,0,0,TTAGGG
utg001643l_End,1000,1,1,TTAGGG
utg001644l_End,1000,2,1,TTAGGG
utg001645l_End,1000,1,0,TTAGGG
utg001646l_End,1000,0,0,TTAGGG
utg001647l_End,1000,0,0,TTAGGG
utg001648l_End,1000,0,0,TTAGGG
utg001649l_End,1000,0,0,TTAGGG
utg001650l_End,1000,0,0,TTAGGG
utg001651l_End,1000,0,0,TTAGGG
utg001652l_End,1000,0,0,TTAGGG
utg001653l_End,1000,0,1,TTAGGG
utg001654l_End,1000,0,0,TTAGGG
utg001655l_End,1000,1,0,TTAGGG
utg001656l_End,1000,0,1,TTAGGG
utg001657l_End,1000,0,0,TTAGGG
utg001658l_End,1000,0,0,TTAGGG
utg001659l_End,1000,0,0,TTAGGG
utg001660l_End,1000,0,0,TTAGGG
utg001661l_End,1000,0,0,TTAGGG
utg001662l_End,1000,0,1,TTAGGG
utg001663l_End,1000,0,1,TTAGGG
utg001664l_End,1000,0,1,TTAGGG
utg001665l_End,1000,0,0,TTAGGG
utg001666l_End,1000,0,0,TTAGGG
utg001667l_End,1000,0,0,TTAGGG
utg001668l_End,1000,0,0,TTAGGG
utg001669l_End,1000,0,0,TTAGGG
utg001670l_End,1000,0,0,TTAGGG
utg001671l_End,1000,0,0,TTAGGG
utg001672l_End,1000,0,0,TTAGGG
utg001673l_End,1000,0,0,TTAGGG
utg001674l_End,1000,166,0,TTAGGG
utg001675l_End,1000,0,0,TTAGGG
utg001676l_End,1000,0,0,TTAGGG
utg001677l_End,1000,0,0,TTAGGG
utg001678l_End,1000,0,0,TTAGGG
utg001679l_End,1000,0,0,TTAGGG
utg001680l_End,1000,1,1,TTAGGG
utg001681l_End,1000,0,0,TTAGGG
utg001682l_End,1000,0,0,TTAGGG
utg001683l_End,1000,0,0,TTAGGG
utg001684l_End,1000,0,0,TTAGGG
utg001685l_End,1000,0,0,TTAGGG
utg001686l_End,1000,0,0,TTAGGG
utg001687l_End,1000,0,0,TTAGGG
utg001688l_End,1000,0,0,TTAGGG
utg001689l_End,1000,1,0,TTAGGG
utg001690l_End,1000,0,0,TTAGGG
utg001691l_End,1000,0,0,TTAGGG
utg001692l_End,1000,0,0,TTAGGG
utg001693l_End,1000,0,0,TTAGGG
utg001694l_End,1000,0,0,TTAGGG
utg001695l_End,1000,0,0,TTAGGG
utg001696l_End,1000,0,0,TTAGGG
utg001697l_End,1000,0,0,TTAGGG
utg001698l_End,1000,0,0,TTAGGG
utg001699l_End,1000,0,0,TTAGGG
utg001700l_End,1000,0,0,TTAGGG
utg001701l_End,1000,0,1,TTAGGG
utg001702l_End,1000,0,1,TTAGGG
utg001703l_End,1000,0,0,TTAGGG
utg001704l_End,1000,0,0,TTAGGG
utg001705l_End,1000,0,0,TTAGGG
utg001706l_End,1000,0,0,TTAGGG
utg001707l_End,1000,0,0,TTAGGG
utg001708l_End,1000,0,0,TTAGGG
utg001709l_End,1000,0,0,TTAGGG
utg001710l_End,1000,1,0,TTAGGG
utg001711l_End,1000,0,1,TTAGGG
utg001712l_End,1000,0,0,TTAGGG
utg001713l_End,1000,0,2,TTAGGG
utg001714l_End,1000,0,0,TTAGGG
utg001715l_End,1000,0,0,TTAGGG
utg001716l_End,1000,0,0,TTAGGG
utg001717l_End,1000,0,0,TTAGGG
utg001718l_End,1000,0,1,TTAGGG
utg001719l_End,1000,0,0,TTAGGG
utg001720l_End,1000,1,0,TTAGGG
utg001721l_End,1000,0,0,TTAGGG
utg001722l_End,1000,0,0,TTAGGG
utg001723l_End,1000,0,0,TTAGGG
utg001724l_End,1000,0,0,TTAGGG
utg001725l_End,1000,0,0,TTAGGG
utg001726l_End,1000,0,0,TTAGGG
utg001727l_End,1000,0,0,TTAGGG
utg001728l_End,1000,0,1,TTAGGG
utg001729l_End,1000,1,0,TTAGGG
utg001730l_End,1000,0,1,TTAGGG
utg001731l_End,1000,0,0,TTAGGG
utg001732l_End,1000,0,0,TTAGGG
utg001733l_End,1000,1,0,TTAGGG
utg001734l_End,1000,0,0,TTAGGG
utg001735l_End,1000,0,1,TTAGGG
utg001736l_End,1000,0,0,TTAGGG
utg001737l_End,1000,0,0,TTAGGG
utg001738l_End,1000,0,1,TTAGGG
utg001739l_End,1000,0,0,TTAGGG
utg001740l_End,1000,0,0,TTAGGG
utg001741l_End,1000,0,0,TTAGGG
utg001742l_End,1000,0,0,TTAGGG
utg001743l_End,1000,0,3,TTAGGG
utg001744l_End,1000,1,0,TTAGGG
utg001745l_End,1000,0,1,TTAGGG
utg001746l_End,1000,0,0,TTAGGG
utg001747l_End,1000,0,0,TTAGGG
utg001748l_End,1000,0,0,TTAGGG
utg001749l_End,1000,0,1,TTAGGG
utg001750l_End,1000,0,0,TTAGGG
utg001751l_End,1000,0,0,TTAGGG
utg001752l_End,1000,0,1,TTAGGG
utg001753l_End,1000,0,1,TTAGGG
utg001754l_End,1000,0,0,TTAGGG
utg001755l_End,1000,0,0,TTAGGG
utg001756l_End,1000,0,0,TTAGGG
utg001757l_End,1000,1,0,TTAGGG
utg001758l_End,1000,0,0,TTAGGG
utg001759l_End,1000,0,0,TTAGGG
utg001760l_End,1000,0,0,TTAGGG
utg001761l_End,1000,1,0,TTAGGG
utg001762l_End,1000,0,0,TTAGGG
utg001763l_End,1000,0,0,TTAGGG
utg001764l_End,1000,0,0,TTAGGG
utg001765l_End,1000,1,0,TTAGGG
utg001766l_End,1000,1,0,TTAGGG
utg001767l_End,1000,0,0,TTAGGG
utg001768l_End,1000,0,0,TTAGGG
utg001769l_End,1000,0,0,TTAGGG
utg001770l_End,1000,0,0,TTAGGG
utg001771l_End,1000,0,0,TTAGGG
utg001772l_End,1000,0,0,TTAGGG
utg001773l_End,1000,1,1,TTAGGG
utg001774l_End,1000,0,0,TTAGGG
utg001775l_End,1000,0,0,TTAGGG
utg001776l_End,1000,0,0,TTAGGG
utg001777l_End,1000,0,0,TTAGGG
utg001778l_End,1000,0,0,TTAGGG
utg001779l_End,1000,0,0,TTAGGG
utg001780l_End,1000,0,0,TTAGGG
utg001781l_End,1000,0,0,TTAGGG
utg001782l_End,1000,0,0,TTAGGG
utg001783l_End,1000,0,0,TTAGGG
utg001784l_End,1000,0,0,TTAGGG
utg001785l_End,1000,0,0,TTAGGG
utg001786l_End,1000,0,0,TTAGGG
utg001787l_End,1000,1,0,TTAGGG
utg001788l_End,1000,1,0,TTAGGG
utg001789l_End,1000,0,1,TTAGGG
utg001790l_End,1000,0,0,TTAGGG
utg001791l_End,1000,0,0,TTAGGG
utg001792l_End,1000,0,0,TTAGGG
utg001793l_End,1000,0,0,TTAGGG
utg001794l_End,1000,1,1,TTAGGG
utg001795l_End,1000,0,0,TTAGGG
utg001796l_End,1000,0,0,TTAGGG
utg001797l_End,1000,0,0,TTAGGG
utg001798l_End,1000,0,0,TTAGGG
utg001799l_End,1000,0,0,TTAGGG
utg001800l_End,1000,0,0,TTAGGG
utg001801l_End,1000,0,0,TTAGGG
utg001802l_End,1000,0,0,TTAGGG
utg001803l_End,1000,0,0,TTAGGG
utg001804l_End,1000,0,0,TTAGGG
utg001805l_End,1000,0,0,TTAGGG
utg001806l_End,1000,0,0,TTAGGG
utg001807l_End,1000,0,0,TTAGGG
utg001808l_End,1000,0,0,TTAGGG
utg001809l_End,1000,0,0,TTAGGG
utg001810l_End,1000,0,0,TTAGGG
utg001811l_End,1000,0,0,TTAGGG
utg001812l_End,1000,0,1,TTAGGG
utg001813l_End,1000,0,0,TTAGGG
utg001814l_End,1000,0,0,TTAGGG
utg001815l_End,1000,1,0,TTAGGG
utg001816l_End,1000,0,0,TTAGGG
utg001817l_End,1000,0,0,TTAGGG
utg001818l_End,1000,0,1,TTAGGG
utg001819l_End,1000,1,1,TTAGGG
utg001820l_End,1000,0,0,TTAGGG
utg001821l_End,1000,0,0,TTAGGG
utg001822l_End,1000,0,0,TTAGGG
utg001823l_End,1000,0,0,TTAGGG
utg001824l_End,1000,0,0,TTAGGG
utg001825l_End,1000,0,0,TTAGGG
utg001826l_End,1000,0,0,TTAGGG
utg001827l_End,1000,1,0,TTAGGG
utg001828l_End,1000,0,0,TTAGGG
utg001829l_End,1000,0,0,TTAGGG
utg001830l_End,1000,0,0,TTAGGG
utg001831l_End,1000,0,1,TTAGGG
utg001832l_End,1000,0,0,TTAGGG
utg001833l_End,1000,0,0,TTAGGG
utg001834l_End,1000,0,0,TTAGGG
utg001835l_End,1000,1,0,TTAGGG
utg001836l_End,1000,0,1,TTAGGG
utg001837l_End,1000,0,0,TTAGGG
utg001838l_End,1000,0,0,TTAGGG
utg001839l_End,1000,0,0,TTAGGG
utg001840l_End,1000,0,0,TTAGGG
utg001841l_End,1000,0,0,TTAGGG
utg001842l_End,1000,0,0,TTAGGG
utg001843l_End,1000,0,1,TTAGGG
utg001844l_End,1000,0,0,TTAGGG
utg001845l_End,1000,0,1,TTAGGG
utg001846l_End,1000,0,0,TTAGGG
utg001847l_End,1000,0,1,TTAGGG
utg001848l_End,1000,0,1,TTAGGG
utg001849l_End,1000,0,0,TTAGGG
utg001850l_End,1000,0,0,TTAGGG
utg001851l_End,1000,0,0,TTAGGG
utg001852l_End,1000,0,0,TTAGGG
utg001853l_End,1000,0,2,TTAGGG
utg001854l_End,1000,0,0,TTAGGG
utg001855l_End,1000,0,0,TTAGGG
utg001856l_End,1000,0,0,TTAGGG
utg001857l_End,1000,0,2,TTAGGG
utg001858l_End,1000,0,1,TTAGGG
utg001859l_End,1000,0,1,TTAGGG
utg001860l_End,1000,0,0,TTAGGG
utg001861l_End,1000,0,0,TTAGGG
utg001862l_End,1000,0,0,TTAGGG
utg001863l_End,1000,0,0,TTAGGG
utg001864l_End,1000,0,0,TTAGGG
utg001865l_End,1000,0,1,TTAGGG
utg001866l_End,1000,0,0,TTAGGG
utg001867l_End,1000,0,0,TTAGGG
utg001868l_End,1000,0,0,TTAGGG
utg001869l_End,1000,0,0,TTAGGG
utg001870l_End,1000,1,0,TTAGGG
utg001871l_End,1000,0,0,TTAGGG
utg001872l_End,1000,0,0,TTAGGG
utg001873l_End,1000,0,0,TTAGGG
utg001874l_End,1000,0,0,TTAGGG
utg001875l_End,1000,0,0,TTAGGG
utg001876l_End,1000,0,0,TTAGGG
utg001877l_End,1000,2,0,TTAGGG
utg001878l_End,1000,0,0,TTAGGG
utg001879l_End,1000,0,0,TTAGGG
utg001880l_End,1000,0,0,TTAGGG
utg001881l_End,1000,0,1,TTAGGG
utg001882l_End,1000,0,1,TTAGGG
utg001883l_End,1000,0,0,TTAGGG
utg001884l_End,1000,0,1,TTAGGG
utg001885l_End,1000,0,0,TTAGGG
utg001886l_End,1000,0,0,TTAGGG
utg001887l_End,1000,0,1,TTAGGG
utg001888l_End,1000,0,0,TTAGGG
utg001889l_End,1000,0,0,TTAGGG
utg001890l_End,1000,1,0,TTAGGG
utg001891l_End,1000,0,0,TTAGGG
utg001892l_End,1000,1,0,TTAGGG
utg001893l_End,1000,0,0,TTAGGG
utg001894l_End,1000,0,0,TTAGGG
utg001895l_End,1000,166,0,TTAGGG
utg001896l_End,1000,1,0,TTAGGG
utg001897l_End,1000,0,0,TTAGGG
utg001898l_End,1000,0,0,TTAGGG
utg001899l_End,1000,0,0,TTAGGG
utg001900l_End,1000,0,0,TTAGGG
utg001901l_End,1000,0,0,TTAGGG
utg001902l_End,1000,0,0,TTAGGG
utg001903l_End,1000,0,0,TTAGGG
utg001904l_End,1000,0,0,TTAGGG
utg001905l_End,1000,0,0,TTAGGG
utg001906l_End,1000,0,0,TTAGGG
utg001907l_End,1000,0,0,TTAGGG
utg001908l_End,1000,0,0,TTAGGG
utg001909l_End,1000,0,0,TTAGGG
utg001910l_End,1000,0,0,TTAGGG
utg001911l_End,1000,0,0,TTAGGG
utg001912l_End,1000,0,0,TTAGGG
utg001913l_End,1000,1,0,TTAGGG
utg001914l_End,1000,0,1,TTAGGG
utg001915l_End,1000,0,0,TTAGGG
utg001916l_End,1000,0,1,TTAGGG
utg001917l_End,1000,0,0,TTAGGG
utg001918l_End,1000,0,0,TTAGGG
utg001919l_End,1000,1,0,TTAGGG
utg001920l_End,1000,0,0,TTAGGG
utg001921l_End,1000,0,0,TTAGGG
utg001922l_End,1000,1,1,TTAGGG
utg001923l_End,1000,0,0,TTAGGG
utg001924l_End,1000,0,0,TTAGGG
utg001925l_End,1000,1,1,TTAGGG
utg001926l_End,1000,1,0,TTAGGG
utg001927l_End,1000,0,1,TTAGGG
utg001928l_End,1000,0,0,TTAGGG
utg001929l_End,1000,0,0,TTAGGG
utg001930l_End,1000,0,0,TTAGGG
utg001931l_End,1000,0,0,TTAGGG
utg001932l_End,1000,0,0,TTAGGG
utg001933l_End,1000,0,0,TTAGGG
utg001934l_End,1000,1,0,TTAGGG
utg001935l_End,1000,1,0,TTAGGG
utg001936l_End,1000,0,0,TTAGGG
utg001937l_End,1000,0,1,TTAGGG
utg001938l_End,1000,0,1,TTAGGG
utg001939l_End,1000,0,0,TTAGGG
utg001940l_End,1000,0,0,TTAGGG
utg001941l_End,1000,0,0,TTAGGG
utg001942l_End,1000,0,1,TTAGGG
utg001943l_End,1000,0,1,TTAGGG
utg001944l_End,1000,0,0,TTAGGG
utg001945l_End,1000,0,0,TTAGGG
utg001946l_End,1000,0,0,TTAGGG
utg001947l_End,1000,0,0,TTAGGG
utg001948l_End,1000,0,1,TTAGGG
utg001949l_End,1000,0,1,TTAGGG
utg001950l_End,1000,0,0,TTAGGG
utg001951l_End,1000,0,0,TTAGGG
utg001952l_End,1000,0,0,TTAGGG
utg001953l_End,1000,0,0,TTAGGG
utg001954l_End,1000,0,0,TTAGGG
utg001955l_End,1000,0,0,TTAGGG
utg001956l_End,1000,0,0,TTAGGG
utg001957l_End,1000,0,0,TTAGGG
utg001958l_End,1000,0,0,TTAGGG
utg001959l_End,1000,1,0,TTAGGG
utg001960l_End,1000,166,0,TTAGGG
utg001961l_End,1000,0,0,TTAGGG
utg001962l_End,1000,0,1,TTAGGG
utg001963l_End,1000,0,0,TTAGGG
utg001964l_End,1000,1,0,TTAGGG
utg001965l_End,1000,1,0,TTAGGG
utg001966l_End,1000,0,0,TTAGGG
utg001967l_End,1000,0,0,TTAGGG
utg001968l_End,1000,0,1,TTAGGG
utg001969l_End,1000,0,0,TTAGGG
utg001970l_End,1000,0,0,TTAGGG
utg001971l_End,1000,1,0,TTAGGG
utg001972l_End,1000,1,0,TTAGGG
utg001973l_End,1000,0,0,TTAGGG
utg001974l_End,1000,0,0,TTAGGG
utg001975l_End,1000,1,0,TTAGGG
utg001976l_End,1000,0,0,TTAGGG
utg001977l_End,1000,0,0,TTAGGG
utg001978l_End,1000,0,0,TTAGGG
utg001979l_End,1000,0,0,TTAGGG
utg001980l_End,1000,1,1,TTAGGG
utg001981l_End,1000,0,0,TTAGGG
utg001982l_End,1000,0,0,TTAGGG
utg001983l_End,1000,0,1,TTAGGG
utg001984l_End,1000,1,0,TTAGGG
utg001985l_End,1000,0,0,TTAGGG
utg001986l_End,1000,0,0,TTAGGG
utg001987l_End,1000,0,0,TTAGGG
utg001988l_End,1000,0,1,TTAGGG
utg001989l_End,1000,0,1,TTAGGG
utg001990l_End,1000,0,0,TTAGGG
utg001991l_End,1000,0,0,TTAGGG
utg001992l_End,1000,0,0,TTAGGG
utg001993l_End,1000,0,0,TTAGGG
utg001994l_End,1000,0,1,TTAGGG
utg001995l_End,1000,1,0,TTAGGG
utg001996l_End,1000,0,0,TTAGGG
utg001997l_End,1000,0,0,TTAGGG
utg001998l_End,1000,0,1,TTAGGG
utg001999l_End,1000,0,0,TTAGGG
utg002000l_End,1000,2,0,TTAGGG
utg002001l_End,1000,0,0,TTAGGG
utg002002l_End,1000,1,0,TTAGGG
utg002003l_End,1000,0,2,TTAGGG
utg002004l_End,1000,0,0,TTAGGG
utg002005l_End,1000,1,0,TTAGGG
utg002006l_End,1000,0,0,TTAGGG
utg002007l_End,1000,1,0,TTAGGG
utg002008l_End,1000,0,1,TTAGGG
utg002009l_End,1000,0,0,TTAGGG
utg002010l_End,1000,0,2,TTAGGG
utg002011l_End,1000,0,0,TTAGGG
utg002012l_End,1000,0,0,TTAGGG
utg002013l_End,1000,0,0,TTAGGG
utg002014l_End,1000,0,1,TTAGGG
utg002015l_End,1000,1,0,TTAGGG
utg002016l_End,1000,0,0,TTAGGG
utg002017l_End,1000,1,0,TTAGGG
utg002018l_End,1000,0,0,TTAGGG
utg002019l_End,1000,0,0,TTAGGG
utg002020l_End,1000,1,0,TTAGGG
utg002021l_End,1000,1,0,TTAGGG
utg002022l_End,1000,0,0,TTAGGG
utg002023l_End,1000,0,0,TTAGGG
utg002024l_End,1000,0,0,TTAGGG
utg002025l_End,1000,0,0,TTAGGG
utg002026l_End,1000,0,1,TTAGGG
utg002027l_End,1000,0,0,TTAGGG
utg002028l_End,1000,0,0,TTAGGG
utg002029l_End,1000,0,0,TTAGGG
utg002030l_End,1000,1,0,TTAGGG
utg002031l_End,1000,0,0,TTAGGG
utg002032l_End,1000,0,0,TTAGGG
utg002033l_End,1000,0,0,TTAGGG
utg002034l_End,1000,0,1,TTAGGG
utg002035l_End,1000,0,0,TTAGGG
utg002036l_End,1000,0,0,TTAGGG
utg002037l_End,1000,1,0,TTAGGG
utg002038l_End,1000,0,1,TTAGGG
utg002039l_End,1000,0,0,TTAGGG
utg002040l_End,1000,0,1,TTAGGG
utg002041l_End,1000,0,0,TTAGGG
utg002042l_End,1000,0,1,TTAGGG
utg002043l_End,1000,1,0,TTAGGG
utg002044l_End,1000,0,0,TTAGGG
utg002045l_End,1000,0,0,TTAGGG
utg002046l_End,1000,0,1,TTAGGG
utg002047l_End,1000,0,1,TTAGGG
utg002048l_End,1000,0,1,TTAGGG
utg002049l_End,1000,0,0,TTAGGG
utg002050l_End,1000,0,0,TTAGGG
utg002051l_End,1000,0,0,TTAGGG
utg002052l_End,1000,1,0,TTAGGG
utg002053l_End,1000,0,0,TTAGGG
utg002054l_End,1000,0,0,TTAGGG
utg002055l_End,1000,0,0,TTAGGG
utg002056l_End,1000,0,0,TTAGGG
utg002057l_End,1000,0,0,TTAGGG
utg002058l_End,1000,0,0,TTAGGG
utg002059l_End,1000,0,0,TTAGGG
utg002060l_End,1000,0,0,TTAGGG
utg002061l_End,1000,1,0,TTAGGG
utg002062l_End,1000,0,0,TTAGGG
utg002063l_End,1000,0,0,TTAGGG
utg002064l_End,1000,0,1,TTAGGG
utg002065l_End,1000,0,0,TTAGGG
utg002066l_End,1000,0,1,TTAGGG
utg002067l_End,1000,0,0,TTAGGG
utg002068l_End,1000,0,0,TTAGGG
utg002069l_End,1000,0,0,TTAGGG
utg002070l_End,1000,0,0,TTAGGG
utg002071l_End,1000,1,0,TTAGGG
utg002072l_End,1000,0,0,TTAGGG
utg002073l_End,1000,1,0,TTAGGG
utg002074l_End,1000,0,0,TTAGGG
utg002075l_End,1000,0,0,TTAGGG
utg002076l_End,1000,0,0,TTAGGG
utg002077l_End,1000,0,0,TTAGGG
utg002078l_End,1000,0,0,TTAGGG
utg002079l_End,1000,0,0,TTAGGG
utg002080l_End,1000,0,0,TTAGGG
utg002081l_End,1000,0,0,TTAGGG
utg002082l_End,1000,0,0,TTAGGG
utg002083l_End,1000,0,0,TTAGGG
utg002084l_End,1000,0,0,TTAGGG
utg002085l_End,1000,0,1,TTAGGG
utg002086l_End,1000,0,0,TTAGGG
utg002087l_End,1000,0,0,TTAGGG
utg002088l_End,1000,0,0,TTAGGG
utg002089l_End,1000,0,0,TTAGGG
utg002090l_End,1000,0,0,TTAGGG
utg002091l_End,1000,0,0,TTAGGG
utg002092l_End,1000,0,0,TTAGGG
utg002093l_End,1000,1,0,TTAGGG
utg002094l_End,1000,0,0,TTAGGG
utg002095l_End,1000,0,0,TTAGGG
utg002096l_End,1000,0,0,TTAGGG
utg002097l_End,1000,0,0,TTAGGG
utg002098l_End,1000,2,0,TTAGGG
utg002099l_End,1000,0,0,TTAGGG
utg002100l_End,1000,0,0,TTAGGG
utg002101l_End,1000,0,0,TTAGGG
utg002102l_End,1000,0,0,TTAGGG
utg002103l_End,1000,0,0,TTAGGG
utg002104l_End,1000,1,0,TTAGGG
utg002105l_End,1000,0,1,TTAGGG
utg002106l_End,1000,0,0,TTAGGG
utg002107l_End,1000,0,0,TTAGGG
utg002108l_End,1000,0,0,TTAGGG
utg002109l_End,1000,0,0,TTAGGG
utg002110l_End,1000,0,0,TTAGGG
utg002111l_End,1000,0,0,TTAGGG
utg002112l_End,1000,0,0,TTAGGG
utg002113l_End,1000,0,0,TTAGGG
utg002114l_End,1000,0,1,TTAGGG
utg002115l_End,1000,0,0,TTAGGG
utg002116l_End,1000,0,0,TTAGGG
utg002117l_End,1000,0,0,TTAGGG
utg002118l_End,1000,0,0,TTAGGG
utg002119l_End,1000,0,0,TTAGGG
utg002120l_End,1000,1,1,TTAGGG
utg002121l_End,1000,1,0,TTAGGG
utg002122l_End,1000,0,1,TTAGGG
utg002123l_End,1000,0,0,TTAGGG
utg002124l_End,1000,0,0,TTAGGG
utg002125l_End,1000,0,0,TTAGGG
utg002126l_End,1000,0,0,TTAGGG
utg002127l_End,1000,0,1,TTAGGG
utg002128l_End,1000,0,0,TTAGGG
utg002129l_End,1000,0,0,TTAGGG
utg002130l_End,1000,0,0,TTAGGG
utg002131l_End,1000,0,0,TTAGGG
utg002132l_End,1000,0,0,TTAGGG
utg002133l_End,1000,0,0,TTAGGG
utg002134l_End,1000,0,0,TTAGGG
utg002135l_End,1000,0,0,TTAGGG
utg002136l_End,1000,0,0,TTAGGG
utg002137l_End,1000,0,0,TTAGGG
utg002138l_End,1000,0,0,TTAGGG
utg002139l_End,1000,0,1,TTAGGG
utg002140l_End,1000,1,0,TTAGGG
utg002141l_End,1000,0,1,TTAGGG
utg002142l_End,1000,0,0,TTAGGG
utg002143l_End,1000,0,0,TTAGGG
utg002144l_End,1000,0,0,TTAGGG
utg002145l_End,1000,0,1,TTAGGG
utg002146l_End,1000,0,0,TTAGGG
utg002147l_End,1000,0,0,TTAGGG
utg002148l_End,1000,0,0,TTAGGG
utg002149l_End,1000,0,0,TTAGGG
utg002150l_End,1000,0,0,TTAGGG
utg002151l_End,1000,0,0,TTAGGG
utg002152l_End,1000,1,0,TTAGGG
utg002153l_End,1000,1,1,TTAGGG
utg002154l_End,1000,0,0,TTAGGG
utg002155l_End,1000,0,0,TTAGGG
utg002156l_End,1000,1,0,TTAGGG
utg002157l_End,1000,0,0,TTAGGG
utg002158l_End,1000,1,0,TTAGGG
utg002159l_End,1000,0,0,TTAGGG
utg002160l_End,1000,0,0,TTAGGG
utg002161l_End,1000,0,0,TTAGGG
utg002162l_End,1000,0,0,TTAGGG
utg002163l_End,1000,0,3,TTAGGG
utg002164l_End,1000,0,0,TTAGGG
utg002165l_End,1000,1,0,TTAGGG
utg002166l_End,1000,0,0,TTAGGG
utg002167l_End,1000,0,0,TTAGGG
utg002168l_End,1000,0,0,TTAGGG
utg002169l_End,1000,0,1,TTAGGG
utg002170l_End,1000,0,0,TTAGGG
utg002171l_End,1000,0,0,TTAGGG
utg002172l_End,1000,0,0,TTAGGG
utg002173l_End,1000,0,0,TTAGGG
utg002174l_End,1000,0,0,TTAGGG
utg002175l_End,1000,0,1,TTAGGG
utg002176l_End,1000,0,0,TTAGGG
utg002177l_End,1000,0,1,TTAGGG
utg002178l_End,1000,0,0,TTAGGG
utg002179l_End,1000,0,0,TTAGGG
utg002180l_End,1000,0,0,TTAGGG
utg002181l_End,1000,1,0,TTAGGG
utg002182l_End,1000,0,0,TTAGGG
utg002183l_End,1000,0,1,TTAGGG
utg002184l_End,1000,0,0,TTAGGG
utg002185l_End,1000,1,1,TTAGGG
utg002186l_End,1000,1,2,TTAGGG
utg002187l_End,1000,0,1,TTAGGG
utg002188l_End,1000,0,1,TTAGGG
utg002189l_End,1000,0,0,TTAGGG
utg002190l_End,1000,0,0,TTAGGG
utg002191l_End,1000,0,0,TTAGGG
utg002192l_End,1000,0,0,TTAGGG
utg002193l_End,1000,1,1,TTAGGG
utg002194l_End,1000,0,0,TTAGGG
utg002195l_End,1000,1,0,TTAGGG
utg002196l_End,1000,0,0,TTAGGG
utg002197l_End,1000,0,1,TTAGGG
utg002198l_End,1000,0,0,TTAGGG
utg002199l_End,1000,0,0,TTAGGG
utg002200l_End,1000,2,0,TTAGGG
utg002201l_End,1000,0,0,TTAGGG
utg002202l_End,1000,0,0,TTAGGG
utg002203l_End,1000,0,0,TTAGGG
utg002204l_End,1000,0,1,TTAGGG
utg002205l_End,1000,1,1,TTAGGG
utg002206l_End,1000,0,0,TTAGGG
utg002207l_End,1000,0,0,TTAGGG
utg002208l_End,1000,0,0,TTAGGG
utg002209l_End,1000,0,1,TTAGGG
utg002210l_End,1000,0,0,TTAGGG
utg002211l_End,1000,0,1,TTAGGG
utg002212l_End,1000,0,1,TTAGGG
utg002213l_End,1000,0,0,TTAGGG
utg002214l_End,1000,0,1,TTAGGG
utg002215l_End,1000,0,0,TTAGGG
utg002216l_End,1000,0,1,TTAGGG
utg002217l_End,1000,0,0,TTAGGG
utg002218l_End,1000,0,0,TTAGGG
utg002219l_End,1000,0,0,TTAGGG
utg002220l_End,1000,0,0,TTAGGG
utg002221l_End,1000,0,1,TTAGGG
utg002222l_End,1000,1,0,TTAGGG
utg002223l_End,1000,0,0,TTAGGG
utg002224l_End,1000,0,0,TTAGGG
utg002225l_End,1000,2,0,TTAGGG
utg002226l_End,1000,0,1,TTAGGG
utg002227l_End,1000,0,0,TTAGGG
utg002228l_End,1000,0,0,TTAGGG
utg002229l_End,1000,0,0,TTAGGG
utg002230l_End,1000,0,0,TTAGGG
utg002231l_End,1000,0,0,TTAGGG
utg002232l_End,1000,0,2,TTAGGG
utg002233l_End,1000,0,0,TTAGGG
utg002234l_End,1000,0,0,TTAGGG
utg002235l_End,1000,0,0,TTAGGG
utg002236l_End,1000,1,0,TTAGGG
utg002237l_End,1000,0,0,TTAGGG
utg002238l_End,1000,0,0,TTAGGG
utg002239l_End,1000,0,0,TTAGGG
utg002240l_End,1000,0,0,TTAGGG
utg002241l_End,1000,0,0,TTAGGG
utg002242l_End,1000,0,0,TTAGGG
utg002243l_End,1000,0,0,TTAGGG
utg002244l_End,1000,0,1,TTAGGG
utg002245l_End,1000,0,0,TTAGGG
utg002246l_End,1000,0,0,TTAGGG
utg002247l_End,1000,0,0,TTAGGG
utg002248l_End,1000,1,0,TTAGGG
utg002249l_End,1000,1,0,TTAGGG
utg002250l_End,1000,0,0,TTAGGG
utg002251l_End,1000,0,1,TTAGGG
utg002252l_End,1000,0,0,TTAGGG
utg002253l_End,1000,0,0,TTAGGG
utg002254l_End,1000,0,0,TTAGGG
utg002255l_End,1000,0,0,TTAGGG
utg002256l_End,1000,0,1,TTAGGG
utg002257l_End,1000,0,0,TTAGGG
utg002258l_End,1000,0,0,TTAGGG
utg002259l_End,1000,0,0,TTAGGG
utg002260l_End,1000,0,0,TTAGGG
utg002261l_End,1000,0,0,TTAGGG
utg002262l_End,1000,1,0,TTAGGG
utg002263l_End,1000,1,1,TTAGGG
utg002264l_End,1000,0,0,TTAGGG
utg002265l_End,1000,0,0,TTAGGG
utg002266l_End,1000,0,0,TTAGGG
utg002267l_End,1000,0,0,TTAGGG
utg002268l_End,1000,0,1,TTAGGG
utg002269l_End,1000,0,0,TTAGGG
utg002270l_End,1000,0,0,TTAGGG
utg002271l_End,1000,0,0,TTAGGG
utg002272l_End,1000,0,0,TTAGGG
utg002273l_End,1000,0,0,TTAGGG
utg002274l_End,1000,1,1,TTAGGG
utg002275l_End,1000,0,0,TTAGGG
utg002276l_End,1000,0,0,TTAGGG
utg002277l_End,1000,0,0,TTAGGG
utg002278l_End,1000,0,1,TTAGGG
utg002279l_End,1000,0,0,TTAGGG
utg002280l_End,1000,0,0,TTAGGG
utg002281l_End,1000,0,0,TTAGGG
utg002282l_End,1000,0,0,TTAGGG
utg002283l_End,1000,0,0,TTAGGG
utg002284l_End,1000,0,0,TTAGGG
utg002285l_End,1000,0,0,TTAGGG
utg002286l_End,1000,0,0,TTAGGG
utg002287l_End,1000,0,0,TTAGGG
utg002288l_End,1000,0,1,TTAGGG
utg002289l_End,1000,0,0,TTAGGG
utg002290l_End,1000,0,0,TTAGGG
utg002291l_End,1000,0,0,TTAGGG
utg002292l_End,1000,0,0,TTAGGG
utg002293l_End,1000,0,0,TTAGGG
utg002294l_End,1000,0,0,TTAGGG
utg002295l_End,1000,0,0,TTAGGG
utg002296l_End,1000,0,0,TTAGGG
utg002297l_End,1000,0,0,TTAGGG
utg002298l_End,1000,0,0,TTAGGG
utg002299l_End,1000,2,0,TTAGGG
utg002300l_End,1000,0,0,TTAGGG
utg002301l_End,1000,0,0,TTAGGG
utg002302l_End,1000,0,1,TTAGGG
utg002303l_End,1000,0,0,TTAGGG
utg002304l_End,1000,1,0,TTAGGG
utg002305l_End,1000,0,1,TTAGGG
utg002306l_End,1000,0,0,TTAGGG
utg002307l_End,1000,0,0,TTAGGG
utg002308l_End,1000,0,0,TTAGGG
utg002309l_End,1000,0,0,TTAGGG
utg002310l_End,1000,0,0,TTAGGG
utg002311l_End,1000,0,0,TTAGGG
utg002312l_End,1000,0,0,TTAGGG
utg002313l_End,1000,0,0,TTAGGG
utg002314l_End,1000,0,0,TTAGGG
utg002315l_End,1000,0,0,TTAGGG
utg002316l_End,1000,0,0,TTAGGG
utg002317l_End,1000,0,1,TTAGGG
utg002318l_End,1000,0,0,TTAGGG
utg002319l_End,1000,0,0,TTAGGG
utg002320l_End,1000,0,0,TTAGGG
utg002321l_End,1000,0,0,TTAGGG
utg002322l_End,1000,0,0,TTAGGG
utg002323l_End,1000,1,0,TTAGGG
utg002324l_End,1000,0,0,TTAGGG
utg002325l_End,1000,1,0,TTAGGG
utg002326l_End,1000,0,0,TTAGGG
utg002327l_End,1000,0,0,TTAGGG
utg002328l_End,1000,1,0,TTAGGG
utg002329l_End,1000,0,0,TTAGGG
utg002330l_End,1000,0,0,TTAGGG
utg002331l_End,1000,0,0,TTAGGG
utg002332l_End,1000,0,0,TTAGGG
utg002333l_End,1000,0,0,TTAGGG
utg002334l_End,1000,1,0,TTAGGG
utg002335l_End,1000,1,0,TTAGGG
utg002336l_End,1000,0,1,TTAGGG
utg002337l_End,1000,0,0,TTAGGG
utg002338l_End,1000,0,0,TTAGGG
utg002339l_End,1000,0,0,TTAGGG
utg002340l_End,1000,0,0,TTAGGG
utg002341l_End,1000,0,0,TTAGGG
utg002342l_End,1000,0,0,TTAGGG
utg002343l_End,1000,0,0,TTAGGG
utg002344l_End,1000,0,0,TTAGGG
utg002345l_End,1000,0,0,TTAGGG
utg002346l_End,1000,0,0,TTAGGG
utg002347l_End,1000,0,0,TTAGGG
utg002348l_End,1000,0,0,TTAGGG
utg002349l_End,1000,0,0,TTAGGG
utg002350l_End,1000,1,0,TTAGGG
utg002351l_End,1000,0,0,TTAGGG
utg002352l_End,1000,1,0,TTAGGG
utg002353l_End,1000,0,0,TTAGGG
utg002354l_End,1000,0,0,TTAGGG
utg002355l_End,1000,0,0,TTAGGG
utg002356l_End,1000,0,0,TTAGGG
utg002357l_End,1000,0,1,TTAGGG
utg002358l_End,1000,0,0,TTAGGG
utg002359l_End,1000,0,0,TTAGGG
utg002360l_End,1000,0,1,TTAGGG
utg002361l_End,1000,1,0,TTAGGG
utg002362l_End,1000,0,0,TTAGGG
utg002363l_End,1000,0,0,TTAGGG
utg002364l_End,1000,0,0,TTAGGG
utg002365l_End,1000,0,0,TTAGGG
utg002366l_End,1000,0,0,TTAGGG
utg002367l_End,1000,0,0,TTAGGG
utg002368l_End,1000,0,0,TTAGGG
utg002369l_End,1000,0,0,TTAGGG
utg002370l_End,1000,0,0,TTAGGG
utg002371l_End,1000,0,0,TTAGGG
utg002372l_End,1000,0,0,TTAGGG
utg002373l_End,1000,0,0,TTAGGG
utg002374l_End,1000,0,0,TTAGGG
utg002375l_End,1000,0,0,TTAGGG
utg002376l_End,1000,0,1,TTAGGG
utg002377l_End,1000,1,0,TTAGGG
utg002378l_End,1000,0,1,TTAGGG
utg002379l_End,1000,0,0,TTAGGG
utg002380l_End,1000,0,1,TTAGGG
utg002381l_End,1000,0,0,TTAGGG
utg002382l_End,1000,0,1,TTAGGG
utg002383l_End,1000,0,0,TTAGGG
utg002384l_End,1000,0,0,TTAGGG
utg002385l_End,1000,0,0,TTAGGG
utg002386l_End,1000,0,0,TTAGGG
utg002387l_End,1000,0,0,TTAGGG
utg002388l_End,1000,0,1,TTAGGG
utg002389l_End,1000,0,0,TTAGGG
utg002390l_End,1000,1,0,TTAGGG
utg002391l_End,1000,0,0,TTAGGG
utg002392l_End,1000,0,0,TTAGGG
utg002393l_End,1000,0,0,TTAGGG
utg002394l_End,1000,0,0,TTAGGG
utg002395l_End,1000,2,0,TTAGGG
utg002396l_End,1000,0,0,TTAGGG
utg002397l_End,1000,0,0,TTAGGG
utg002398l_End,1000,0,0,TTAGGG
utg002399l_End,1000,0,0,TTAGGG
utg002400l_End,1000,0,0,TTAGGG
utg002401l_End,1000,0,0,TTAGGG
utg002402l_End,1000,1,0,TTAGGG
utg002403l_End,1000,0,0,TTAGGG
utg002404l_End,1000,0,1,TTAGGG
utg002405l_End,1000,0,0,TTAGGG
utg002406l_End,1000,0,2,TTAGGG
utg002407l_End,1000,0,0,TTAGGG
utg002408l_End,1000,0,0,TTAGGG
utg002409l_End,1000,1,0,TTAGGG
utg002410l_End,1000,0,0,TTAGGG
utg002411l_End,1000,1,0,TTAGGG
utg002412l_End,1000,0,2,TTAGGG
utg002413l_End,1000,0,0,TTAGGG
utg002414l_End,1000,1,0,TTAGGG
utg002415l_End,1000,0,0,TTAGGG
utg002416l_End,1000,0,0,TTAGGG
utg002417l_End,1000,1,0,TTAGGG
utg002418l_End,1000,1,0,TTAGGG
utg002419l_End,1000,0,0,TTAGGG
utg002420l_End,1000,0,0,TTAGGG
utg002421l_End,1000,0,1,TTAGGG
utg002422l_End,1000,0,0,TTAGGG
utg002423l_End,1000,0,0,TTAGGG
utg002424l_End,1000,0,0,TTAGGG
utg002425l_End,1000,0,1,TTAGGG
utg002426l_End,1000,0,0,TTAGGG
utg002427l_End,1000,0,0,TTAGGG
utg002428l_End,1000,0,0,TTAGGG
utg002429l_End,1000,0,1,TTAGGG
utg002430l_End,1000,0,1,TTAGGG
utg002431l_End,1000,0,0,TTAGGG
utg002432l_End,1000,0,0,TTAGGG
utg002433l_End,1000,0,1,TTAGGG
utg002434l_End,1000,1,0,TTAGGG
utg002435l_End,1000,0,0,TTAGGG
utg002436l_End,1000,0,0,TTAGGG
utg002437l_End,1000,0,0,TTAGGG
utg002438l_End,1000,0,0,TTAGGG
utg002439l_End,1000,0,0,TTAGGG
utg002440l_End,1000,0,1,TTAGGG
utg002441l_End,1000,0,0,TTAGGG
utg002442l_End,1000,0,0,TTAGGG
utg002443l_End,1000,0,0,TTAGGG
utg002444l_End,1000,0,0,TTAGGG
utg002445l_End,1000,0,0,TTAGGG
utg002446l_End,1000,0,0,TTAGGG
utg002447l_End,1000,0,0,TTAGGG
utg002448l_End,1000,0,0,TTAGGG
utg002449l_End,1000,0,0,TTAGGG
utg002450l_End,1000,0,0,TTAGGG
utg002451l_End,1000,0,0,TTAGGG
utg002452l_End,1000,2,0,TTAGGG
utg002453l_End,1000,1,0,TTAGGG
utg002454l_End,1000,0,0,TTAGGG
utg002455l_End,1000,1,0,TTAGGG
utg002456l_End,1000,0,0,TTAGGG
utg002457l_End,1000,0,0,TTAGGG
utg002458l_End,1000,1,0,TTAGGG
utg002459l_End,1000,0,0,TTAGGG
utg002460l_End,1000,0,0,TTAGGG
utg002461l_End,1000,0,0,TTAGGG
utg002462l_End,1000,0,0,TTAGGG
utg002463l_End,1000,0,0,TTAGGG
utg002464l_End,1000,0,0,TTAGGG
utg002465l_End,1000,0,0,TTAGGG
utg002466l_End,1000,1,0,TTAGGG
utg002467l_End,1000,0,0,TTAGGG
utg002468l_End,1000,0,1,TTAGGG
utg002469l_End,1000,0,0,TTAGGG
utg002470l_End,1000,0,0,TTAGGG
utg002471l_End,1000,0,0,TTAGGG
utg002472l_End,1000,0,0,TTAGGG
utg002473l_End,1000,0,0,TTAGGG
utg002474l_End,1000,0,0,TTAGGG
utg002475l_End,1000,0,1,TTAGGG
utg002476l_End,1000,0,0,TTAGGG
utg002477l_End,1000,0,0,TTAGGG
utg002478l_End,1000,0,0,TTAGGG
utg002479l_End,1000,0,0,TTAGGG
utg002480l_End,1000,0,0,TTAGGG
utg002481l_End,1000,0,0,TTAGGG
utg002482l_End,1000,1,1,TTAGGG
utg002483l_End,1000,0,0,TTAGGG
utg002484l_End,1000,0,0,TTAGGG
utg002485l_End,1000,0,0,TTAGGG
utg002486l_End,1000,0,0,TTAGGG
utg002487l_End,1000,2,0,TTAGGG
utg002488l_End,1000,0,0,TTAGGG
utg002489l_End,1000,0,0,TTAGGG
utg002490l_End,1000,2,0,TTAGGG
utg002491l_End,1000,0,0,TTAGGG
utg002492l_End,1000,0,1,TTAGGG
utg002493l_End,1000,0,0,TTAGGG
utg002494l_End,1000,0,0,TTAGGG
utg002495l_End,1000,0,0,TTAGGG
utg002496l_End,1000,0,0,TTAGGG
utg002497l_End,1000,0,0,TTAGGG
utg002498l_End,1000,0,0,TTAGGG
utg002499l_End,1000,0,0,TTAGGG
utg002500l_End,1000,0,0,TTAGGG
utg002501l_End,1000,0,0,TTAGGG
utg002502l_End,1000,0,0,TTAGGG
utg002503l_End,1000,1,0,TTAGGG
utg002504l_End,1000,0,0,TTAGGG
utg002505l_End,1000,0,0,TTAGGG
utg002506l_End,1000,0,0,TTAGGG
utg002507l_End,1000,0,0,TTAGGG
utg002508l_End,1000,0,0,TTAGGG
utg002509l_End,1000,0,0,TTAGGG
utg002510l_End,1000,0,0,TTAGGG
utg002511l_End,1000,0,0,TTAGGG
utg002512l_End,1000,0,0,TTAGGG
utg002513l_End,1000,2,0,TTAGGG
utg002514l_End,1000,0,0,TTAGGG
utg002515l_End,1000,0,0,TTAGGG
utg002516l_End,1000,1,0,TTAGGG
utg002517l_End,1000,0,0,TTAGGG
utg002518l_End,1000,0,0,TTAGGG
utg002519l_End,1000,0,1,TTAGGG
utg002520l_End,1000,1,0,TTAGGG
utg002521l_End,1000,0,0,TTAGGG
utg002522l_End,1000,0,0,TTAGGG
utg002523l_End,1000,0,0,TTAGGG
utg002524l_End,1000,0,0,TTAGGG
utg002525l_End,1000,0,0,TTAGGG
utg002526l_End,1000,0,0,TTAGGG
utg002527l_End,1000,0,0,TTAGGG
utg002528l_End,1000,0,1,TTAGGG
utg002529l_End,1000,0,1,TTAGGG
utg002530l_End,1000,0,0,TTAGGG
utg002531l_End,1000,0,2,TTAGGG
utg002532l_End,1000,0,0,TTAGGG
utg002533l_End,1000,0,0,TTAGGG
utg002534l_End,1000,0,0,TTAGGG
utg002535l_End,1000,0,0,TTAGGG
utg002536l_End,1000,0,0,TTAGGG
utg002537l_End,1000,0,0,TTAGGG
utg002538l_End,1000,0,0,TTAGGG
utg002539l_End,1000,0,0,TTAGGG
utg002540l_End,1000,0,0,TTAGGG
utg002541l_End,1000,0,1,TTAGGG
utg002542l_End,1000,0,1,TTAGGG
utg002543l_End,1000,0,0,TTAGGG
utg002544l_End,1000,1,0,TTAGGG
utg002545l_End,1000,0,0,TTAGGG
utg002546l_End,1000,0,0,TTAGGG
utg002547l_End,1000,0,1,TTAGGG
utg002548l_End,1000,0,0,TTAGGG
utg002549l_End,1000,0,0,TTAGGG
utg002550l_End,1000,0,0,TTAGGG
utg002551l_End,1000,0,0,TTAGGG
utg002552l_End,1000,0,1,TTAGGG
utg002553l_End,1000,0,0,TTAGGG
utg002554l_End,1000,0,0,TTAGGG
utg002555l_End,1000,0,0,TTAGGG
utg002556l_End,1000,0,0,TTAGGG
utg002557l_End,1000,1,0,TTAGGG
utg002558l_End,1000,0,0,TTAGGG
utg002559l_End,1000,1,0,TTAGGG
utg002560l_End,1000,0,0,TTAGGG
utg002561l_End,1000,0,0,TTAGGG
utg002562l_End,1000,1,0,TTAGGG
utg002563l_End,1000,1,0,TTAGGG
utg002564l_End,1000,0,0,TTAGGG
utg002565l_End,1000,0,0,TTAGGG
utg002566l_End,1000,0,0,TTAGGG
utg002567l_End,1000,0,1,TTAGGG
utg002568l_End,1000,0,0,TTAGGG
utg002569l_End,1000,1,0,TTAGGG
utg002570l_End,1000,0,1,TTAGGG
utg002571l_End,1000,1,0,TTAGGG
utg002572l_End,1000,0,0,TTAGGG
utg002573l_End,1000,0,0,TTAGGG
utg002574l_End,1000,0,0,TTAGGG
utg002575l_End,1000,0,0,TTAGGG
utg002576l_End,1000,0,0,TTAGGG
utg002577l_End,1000,1,0,TTAGGG
utg002578l_End,1000,0,1,TTAGGG
utg002579l_End,1000,0,0,TTAGGG
utg002580l_End,1000,0,0,TTAGGG
utg002581l_End,1000,0,0,TTAGGG
utg002582l_End,1000,0,0,TTAGGG
utg002583l_End,1000,0,0,TTAGGG
utg002584l_End,1000,0,0,TTAGGG
utg002585l_End,1000,0,1,TTAGGG
utg002586l_End,1000,0,0,TTAGGG
utg002587l_End,1000,0,14,TTAGGG
utg002588l_End,1000,2,0,TTAGGG
utg002589l_End,1000,0,0,TTAGGG
utg002590l_End,1000,0,0,TTAGGG
utg002591l_End,1000,0,0,TTAGGG
utg002592l_End,1000,1,0,TTAGGG
utg002593l_End,1000,0,0,TTAGGG
utg002594l_End,1000,0,1,TTAGGG
utg002595l_End,1000,0,0,TTAGGG
utg002596l_End,1000,0,0,TTAGGG
utg002597l_End,1000,0,2,TTAGGG
utg002598l_End,1000,0,0,TTAGGG
utg002599l_End,1000,0,0,TTAGGG
utg002600l_End,1000,0,0,TTAGGG
utg002601l_End,1000,0,0,TTAGGG
utg002602l_End,1000,0,0,TTAGGG
utg002603l_End,1000,1,0,TTAGGG
utg002604l_End,1000,0,0,TTAGGG
utg002605l_End,1000,0,0,TTAGGG
utg002606l_End,1000,2,0,TTAGGG
utg002607l_End,1000,0,0,TTAGGG
utg002608l_End,1000,0,0,TTAGGG
utg002609l_End,1000,0,0,TTAGGG
utg002610l_End,1000,0,1,TTAGGG
utg002611l_End,1000,0,0,TTAGGG
utg002612l_End,1000,0,1,TTAGGG
utg002613l_End,1000,0,0,TTAGGG
utg002614l_End,1000,0,0,TTAGGG
utg002615l_End,1000,0,0,TTAGGG
utg002616l_End,1000,0,0,TTAGGG
utg002617l_End,1000,0,1,TTAGGG
utg002618l_End,1000,0,0,TTAGGG
utg002619l_End,1000,0,0,TTAGGG
utg002620l_End,1000,0,0,TTAGGG
utg002621l_End,1000,1,0,TTAGGG
utg002622l_End,1000,1,1,TTAGGG
utg002623l_End,1000,0,0,TTAGGG
utg002624l_End,1000,0,1,TTAGGG
utg002625l_End,1000,1,0,TTAGGG
utg002626l_End,1000,0,0,TTAGGG
utg002627l_End,1000,0,0,TTAGGG
utg002628l_End,1000,0,0,TTAGGG
utg002629l_End,1000,0,0,TTAGGG
utg002630l_End,1000,0,0,TTAGGG
utg002631l_End,1000,1,0,TTAGGG
utg002632l_End,1000,0,0,TTAGGG
utg002633l_End,1000,0,1,TTAGGG
utg002634l_End,1000,0,0,TTAGGG
utg002635l_End,1000,1,0,TTAGGG
utg002636l_End,1000,0,0,TTAGGG
utg002637l_End,1000,0,0,TTAGGG
utg002638l_End,1000,0,0,TTAGGG
utg002639l_End,1000,0,0,TTAGGG
utg002640l_End,1000,0,1,TTAGGG
utg002641l_End,1000,0,0,TTAGGG
utg002642l_End,1000,0,0,TTAGGG
utg002643l_End,1000,0,0,TTAGGG
utg002644l_End,1000,0,0,TTAGGG
utg002645l_End,1000,0,0,TTAGGG
utg002646l_End,1000,0,0,TTAGGG
utg002647l_End,1000,0,0,TTAGGG
utg002648l_End,1000,1,0,TTAGGG
utg002649l_End,1000,0,0,TTAGGG
utg002650l_End,1000,0,0,TTAGGG
utg002651l_End,1000,0,0,TTAGGG
utg002652l_End,1000,0,0,TTAGGG
utg002653l_End,1000,0,0,TTAGGG
utg002654l_End,1000,0,0,TTAGGG
utg002655l_End,1000,1,0,TTAGGG
utg002656l_End,1000,1,0,TTAGGG
utg002657l_End,1000,1,0,TTAGGG
utg002658l_End,1000,0,0,TTAGGG
utg002659l_End,1000,1,0,TTAGGG
utg002660l_End,1000,1,0,TTAGGG
utg002661l_End,1000,0,0,TTAGGG
utg002662l_End,1000,0,0,TTAGGG
utg002663l_End,1000,0,0,TTAGGG
utg002664l_End,1000,0,0,TTAGGG
utg002665l_End,1000,0,0,TTAGGG
utg002666l_End,1000,0,0,TTAGGG
utg002667l_End,1000,0,0,TTAGGG
utg002668l_End,1000,0,0,TTAGGG
utg002669l_End,1000,0,0,TTAGGG
utg002670l_End,1000,0,0,TTAGGG
utg002671l_End,1000,166,0,TTAGGG
utg002672l_End,1000,0,0,TTAGGG
utg002673l_End,1000,0,0,TTAGGG
utg002674l_End,1000,0,0,TTAGGG
utg002675l_End,1000,0,0,TTAGGG
utg002676l_End,1000,0,0,TTAGGG
utg002677l_End,1000,0,0,TTAGGG
utg002678l_End,1000,0,0,TTAGGG
utg002679l_End,1000,0,0,TTAGGG
utg002680l_End,1000,0,1,TTAGGG
utg002681l_End,1000,0,0,TTAGGG
utg002682l_End,1000,0,0,TTAGGG
utg002683l_End,1000,1,0,TTAGGG
utg002684l_End,1000,0,0,TTAGGG
utg002685l_End,1000,0,0,TTAGGG
utg002686l_End,1000,0,0,TTAGGG
utg002687l_End,1000,0,0,TTAGGG
utg002688l_End,1000,1,0,TTAGGG
utg002689l_End,1000,0,0,TTAGGG
utg002690l_End,1000,0,0,TTAGGG
utg002691l_End,1000,0,0,TTAGGG
utg002692l_End,1000,0,1,TTAGGG
utg002693l_End,1000,0,0,TTAGGG
utg002694l_End,1000,0,0,TTAGGG
utg002695l_End,1000,0,1,TTAGGG
utg002696l_End,1000,0,0,TTAGGG
utg002697l_End,1000,0,0,TTAGGG
utg002698l_End,1000,0,0,TTAGGG
utg002699l_End,1000,1,0,TTAGGG
utg002700l_End,1000,0,0,TTAGGG
utg002701l_End,1000,0,0,TTAGGG
utg002702l_End,1000,0,0,TTAGGG
utg002703l_End,1000,1,0,TTAGGG
utg002704l_End,1000,1,1,TTAGGG
utg002705l_End,1000,0,0,TTAGGG
utg002706l_End,1000,1,0,TTAGGG
utg002707l_End,1000,0,0,TTAGGG
utg002708l_End,1000,0,0,TTAGGG
utg002709l_End,1000,0,0,TTAGGG
utg002710l_End,1000,0,0,TTAGGG
utg002711l_End,1000,0,0,TTAGGG
utg002712l_End,1000,0,0,TTAGGG
utg002713l_End,1000,0,0,TTAGGG
utg002714l_End,1000,0,0,TTAGGG
utg002715l_End,1000,0,0,TTAGGG
utg002716l_End,1000,0,0,TTAGGG
utg002717l_End,1000,0,0,TTAGGG
utg002718l_End,1000,0,0,TTAGGG
utg002719l_End,1000,0,0,TTAGGG
utg002720l_End,1000,0,0,TTAGGG
utg002721l_End,1000,0,0,TTAGGG
utg002722l_End,1000,0,1,TTAGGG
utg002723l_End,1000,0,0,TTAGGG
utg002724l_End,1000,1,0,TTAGGG
utg002725l_End,1000,0,0,TTAGGG
utg002726l_End,1000,1,0,TTAGGG
utg002727l_End,1000,1,0,TTAGGG
utg002728l_End,1000,0,0,TTAGGG
utg002729l_End,1000,0,0,TTAGGG
utg002730l_End,1000,0,0,TTAGGG
utg002731l_End,1000,0,0,TTAGGG
utg002732l_End,1000,0,0,TTAGGG
utg002733l_End,1000,0,0,TTAGGG
utg002734l_End,1000,0,0,TTAGGG
utg002735l_End,1000,0,1,TTAGGG
utg002736l_End,1000,0,0,TTAGGG
utg002737l_End,1000,0,0,TTAGGG
utg002738l_End,1000,0,0,TTAGGG
utg002739l_End,1000,0,0,TTAGGG
utg002740l_End,1000,0,0,TTAGGG
utg002741l_End,1000,0,0,TTAGGG
utg002742l_End,1000,0,0,TTAGGG
utg002743l_End,1000,0,0,TTAGGG
utg002744l_End,1000,0,1,TTAGGG
utg002745l_End,1000,0,0,TTAGGG
utg002746l_End,1000,0,0,TTAGGG
utg002747l_End,1000,1,1,TTAGGG
utg002748l_End,1000,0,0,TTAGGG
utg002749l_End,1000,0,0,TTAGGG
utg002750l_End,1000,0,0,TTAGGG
utg002751l_End,1000,0,0,TTAGGG
utg002752l_End,1000,0,1,TTAGGG
utg002753l_End,1000,0,0,TTAGGG
utg002754l_End,1000,0,0,TTAGGG
utg002755l_End,1000,0,0,TTAGGG
utg002756l_End,1000,0,0,TTAGGG
utg002757l_End,1000,0,0,TTAGGG
utg002758l_End,1000,1,0,TTAGGG
utg002759l_End,1000,0,0,TTAGGG
utg002760l_End,1000,1,0,TTAGGG
utg002761l_End,1000,0,0,TTAGGG
utg002762l_End,1000,0,0,TTAGGG
utg002763l_End,1000,0,0,TTAGGG
utg002764l_End,1000,0,0,TTAGGG
utg002765l_End,1000,1,0,TTAGGG
utg002766l_End,1000,0,1,TTAGGG
utg002767l_End,1000,1,0,TTAGGG
utg002768l_End,1000,0,1,TTAGGG
utg002769l_End,1000,0,0,TTAGGG
utg002770l_End,1000,0,0,TTAGGG
utg002771l_End,1000,0,0,TTAGGG
utg002772l_End,1000,1,0,TTAGGG
utg002773l_End,1000,0,0,TTAGGG
utg002774l_End,1000,0,1,TTAGGG
utg002775l_End,1000,0,0,TTAGGG
utg002776l_End,1000,0,0,TTAGGG
utg002777l_End,1000,0,0,TTAGGG
utg002778l_End,1000,0,0,TTAGGG
utg002779l_End,1000,0,0,TTAGGG
utg002780l_End,1000,0,0,TTAGGG
utg002781l_End,1000,0,0,TTAGGG
utg002782l_End,1000,0,0,TTAGGG
utg002783l_End,1000,0,0,TTAGGG
utg002784l_End,1000,0,0,TTAGGG
utg002785l_End,1000,1,1,TTAGGG
utg002786l_End,1000,0,0,TTAGGG
utg002787l_End,1000,0,0,TTAGGG
utg002788l_End,1000,0,0,TTAGGG
utg002789l_End,1000,0,0,TTAGGG
utg002790l_End,1000,1,0,TTAGGG
utg002791l_End,1000,0,0,TTAGGG
utg002792l_End,1000,0,0,TTAGGG
utg002793l_End,1000,0,0,TTAGGG
utg002794l_End,1000,1,0,TTAGGG
utg002795l_End,1000,1,0,TTAGGG
utg002796l_End,1000,0,0,TTAGGG
utg002797l_End,1000,0,0,TTAGGG
utg002798l_End,1000,0,1,TTAGGG
utg002799l_End,1000,0,0,TTAGGG
utg002800l_End,1000,0,0,TTAGGG
utg002801l_End,1000,1,1,TTAGGG
utg002802l_End,1000,0,0,TTAGGG
utg002803l_End,1000,0,0,TTAGGG
utg002804l_End,1000,0,0,TTAGGG
utg002805l_End,1000,0,0,TTAGGG
utg002806l_End,1000,0,0,TTAGGG
utg002807l_End,1000,1,0,TTAGGG
utg002808l_End,1000,0,0,TTAGGG
utg002809l_End,1000,0,0,TTAGGG
utg002810l_End,1000,0,0,TTAGGG
utg002811l_End,1000,1,0,TTAGGG
utg002812l_End,1000,0,0,TTAGGG
utg002813l_End,1000,1,0,TTAGGG
utg002814l_End,1000,0,0,TTAGGG
utg002815l_End,1000,0,0,TTAGGG
utg002816l_End,1000,0,0,TTAGGG
utg002817l_End,1000,0,0,TTAGGG
utg002818l_End,1000,0,0,TTAGGG
utg002819l_End,1000,0,0,TTAGGG
utg002820l_End,1000,0,0,TTAGGG
utg002821l_End,1000,0,0,TTAGGG
utg002822l_End,1000,0,0,TTAGGG
utg002823l_End,1000,2,1,TTAGGG
utg002824l_End,1000,0,0,TTAGGG
utg002825l_End,1000,0,0,TTAGGG
utg002826l_End,1000,0,0,TTAGGG
utg002827l_End,1000,0,0,TTAGGG
utg002828l_End,1000,0,0,TTAGGG
utg002829l_End,1000,0,1,TTAGGG
utg002830l_End,1000,0,0,TTAGGG
utg002831l_End,1000,0,0,TTAGGG
utg002832l_End,1000,0,0,TTAGGG
utg002833l_End,1000,0,1,TTAGGG
utg002834l_End,1000,0,1,TTAGGG
utg002835l_End,1000,0,0,TTAGGG
utg002836l_End,1000,0,1,TTAGGG
utg002837l_End,1000,0,0,TTAGGG
utg002838l_End,1000,0,0,TTAGGG
utg002839l_End,1000,0,0,TTAGGG
utg002840l_End,1000,0,0,TTAGGG
utg002841l_End,1000,0,0,TTAGGG
utg002842l_End,1000,1,0,TTAGGG
utg002843l_End,1000,1,0,TTAGGG
utg002844l_End,1000,0,0,TTAGGG
utg002845l_End,1000,0,0,TTAGGG
utg002846l_End,1000,0,0,TTAGGG
utg002847l_End,1000,0,0,TTAGGG
utg002848l_End,1000,0,0,TTAGGG
utg002849l_End,1000,2,1,TTAGGG
utg002850l_End,1000,0,0,TTAGGG
utg002851l_End,1000,0,0,TTAGGG
utg002852l_End,1000,0,0,TTAGGG
utg002853l_End,1000,0,0,TTAGGG
utg002854l_End,1000,0,0,TTAGGG
utg002855l_End,1000,2,0,TTAGGG
utg002856l_End,1000,0,0,TTAGGG
utg002857l_End,1000,0,0,TTAGGG
utg002858l_End,1000,0,1,TTAGGG
utg002859l_End,1000,0,0,TTAGGG
utg002860l_End,1000,0,0,TTAGGG
utg002861l_End,1000,0,0,TTAGGG
utg002862l_End,1000,0,1,TTAGGG
utg002863l_End,1000,0,0,TTAGGG
utg002864l_End,1000,0,0,TTAGGG
utg002865l_End,1000,0,0,TTAGGG
utg002866l_End,1000,0,0,TTAGGG
utg002867l_End,1000,0,0,TTAGGG
utg002868l_End,1000,0,0,TTAGGG
utg002869l_End,1000,0,0,TTAGGG
utg002870l_End,1000,0,1,TTAGGG
utg002871l_End,1000,0,0,TTAGGG
utg002872l_End,1000,1,0,TTAGGG
utg002873l_End,1000,1,0,TTAGGG
utg002874l_End,1000,0,0,TTAGGG
utg002875l_End,1000,1,0,TTAGGG
utg002876l_End,1000,0,0,TTAGGG
utg002877l_End,1000,0,1,TTAGGG
utg002878l_End,1000,0,1,TTAGGG
utg002879l_End,1000,0,0,TTAGGG
utg002880l_End,1000,0,0,TTAGGG
utg002881l_End,1000,0,0,TTAGGG
utg002882l_End,1000,0,0,TTAGGG
utg002883l_End,1000,0,0,TTAGGG
utg002884l_End,1000,0,0,TTAGGG
utg002885l_End,1000,0,0,TTAGGG
utg002886l_End,1000,0,0,TTAGGG
utg002887l_End,1000,0,0,TTAGGG
utg002888l_End,1000,0,0,TTAGGG
utg002889l_End,1000,1,0,TTAGGG
utg002890l_End,1000,0,0,TTAGGG
utg002891l_End,1000,0,0,TTAGGG
utg002892l_End,1000,0,0,TTAGGG
utg002893l_End,1000,0,0,TTAGGG
utg002894l_End,1000,0,0,TTAGGG
utg002895l_End,1000,0,0,TTAGGG
utg002896l_End,1000,0,0,TTAGGG
utg002897l_End,1000,1,1,TTAGGG
utg002898l_End,1000,0,0,TTAGGG
utg002899l_End,1000,0,0,TTAGGG
utg002900l_End,1000,1,0,TTAGGG
utg002901l_End,1000,1,1,TTAGGG
utg002902l_End,1000,0,0,TTAGGG
utg002903l_End,1000,0,0,TTAGGG
utg002904l_End,1000,0,0,TTAGGG
utg002905l_End,1000,0,1,TTAGGG
utg002906l_End,1000,0,1,TTAGGG
utg002907l_End,1000,0,0,TTAGGG
utg002908l_End,1000,0,0,TTAGGG
utg002909l_End,1000,0,0,TTAGGG
utg002910l_End,1000,0,0,TTAGGG
utg002911l_End,1000,0,1,TTAGGG
utg002912l_End,1000,0,0,TTAGGG
utg002913l_End,1000,1,0,TTAGGG
utg002914l_End,1000,0,0,TTAGGG
utg002915l_End,1000,0,0,TTAGGG
utg002916l_End,1000,0,0,TTAGGG
utg002917l_End,1000,0,1,TTAGGG
utg002918l_End,1000,0,0,TTAGGG
utg002919l_End,1000,0,0,TTAGGG
utg002920l_End,1000,0,0,TTAGGG
utg002921l_End,1000,0,0,TTAGGG
utg002922l_End,1000,0,0,TTAGGG
utg002923l_End,1000,0,0,TTAGGG
utg002924l_End,1000,0,0,TTAGGG
utg002925l_End,1000,0,0,TTAGGG
utg002926l_End,1000,0,0,TTAGGG
utg002927l_End,1000,0,0,TTAGGG
utg002928l_End,1000,0,0,TTAGGG
utg002929l_End,1000,0,0,TTAGGG
utg002930l_End,1000,0,0,TTAGGG
utg002931l_End,1000,0,0,TTAGGG
utg002932l_End,1000,0,0,TTAGGG
utg002933l_End,1000,0,0,TTAGGG
utg002934l_End,1000,0,0,TTAGGG
utg002935l_End,1000,0,0,TTAGGG
utg002936l_End,1000,0,0,TTAGGG
utg002937l_End,1000,0,0,TTAGGG
utg002938l_End,1000,0,0,TTAGGG
utg002939l_End,1000,0,0,TTAGGG
utg002940l_End,1000,0,0,TTAGGG
utg002941l_End,1000,1,0,TTAGGG
utg002942l_End,1000,0,0,TTAGGG
utg002943l_End,1000,0,0,TTAGGG
utg002944l_End,1000,0,0,TTAGGG
utg002945l_End,1000,0,0,TTAGGG
utg002946l_End,1000,0,0,TTAGGG
utg002947l_End,1000,0,0,TTAGGG
utg002948l_End,1000,0,0,TTAGGG
utg002949l_End,1000,0,0,TTAGGG
utg002950l_End,1000,0,0,TTAGGG
utg002951l_End,1000,0,0,TTAGGG
utg002952l_End,1000,0,0,TTAGGG
utg002953l_End,1000,0,1,TTAGGG
utg002954l_End,1000,0,1,TTAGGG
utg002955l_End,1000,0,1,TTAGGG
utg002956l_End,1000,0,1,TTAGGG
utg002957l_End,1000,0,0,TTAGGG
utg002958l_End,1000,0,0,TTAGGG
utg002959l_End,1000,1,0,TTAGGG
utg002960l_End,1000,0,0,TTAGGG
utg002961l_End,1000,0,0,TTAGGG
utg002962l_End,1000,0,0,TTAGGG
utg002963l_End,1000,0,0,TTAGGG
utg002964l_End,1000,1,0,TTAGGG
utg002965l_End,1000,0,0,TTAGGG
utg002966l_End,1000,0,0,TTAGGG
utg002967l_End,1000,0,0,TTAGGG
utg002968l_End,1000,1,0,TTAGGG
utg002969l_End,1000,0,0,TTAGGG
utg002970l_End,1000,0,0,TTAGGG
utg002971l_End,1000,1,0,TTAGGG
utg002972l_End,1000,0,0,TTAGGG
utg002973l_End,1000,0,0,TTAGGG
utg002974l_End,1000,0,0,TTAGGG
utg002975l_End,1000,0,0,TTAGGG
utg002976l_End,1000,0,0,TTAGGG
utg002977l_End,1000,1,0,TTAGGG
utg002978l_End,1000,0,0,TTAGGG
utg002979l_End,1000,1,0,TTAGGG
utg002980l_End,1000,0,0,TTAGGG
utg002981l_End,1000,0,0,TTAGGG
utg002982l_End,1000,0,0,TTAGGG
utg002983l_End,1000,0,0,TTAGGG
utg002984l_End,1000,0,0,TTAGGG
utg002985l_End,1000,0,0,TTAGGG
utg002986l_End,1000,0,0,TTAGGG
utg002987l_End,1000,0,0,TTAGGG
utg002988l_End,1000,0,0,TTAGGG
utg002989l_End,1000,0,0,TTAGGG
utg002990l_End,1000,0,0,TTAGGG
utg002991l_End,1000,0,0,TTAGGG
utg002992l_End,1000,1,0,TTAGGG
utg002993l_End,1000,0,0,TTAGGG
utg002994l_End,1000,0,0,TTAGGG
utg002995l_End,1000,0,0,TTAGGG
utg002996l_End,1000,0,0,TTAGGG
utg002997l_End,1000,0,0,TTAGGG
utg002998l_End,1000,0,0,TTAGGG
utg002999l_End,1000,1,0,TTAGGG
utg003000l_End,1000,0,2,TTAGGG
utg003001l_End,1000,0,1,TTAGGG
utg003002l_End,1000,0,0,TTAGGG
utg003003l_End,1000,0,0,TTAGGG
utg003004l_End,1000,0,0,TTAGGG
utg003005l_End,1000,1,0,TTAGGG
utg003006l_End,1000,0,0,TTAGGG
utg003007l_End,1000,0,0,TTAGGG
utg003008l_End,1000,0,0,TTAGGG
utg003009l_End,1000,0,0,TTAGGG
utg003010l_End,1000,0,1,TTAGGG
utg003011l_End,1000,0,0,TTAGGG
utg003012l_End,1000,0,0,TTAGGG
utg003013l_End,1000,0,0,TTAGGG
utg003014l_End,1000,0,0,TTAGGG
utg003015l_End,1000,1,0,TTAGGG
utg003016l_End,1000,0,0,TTAGGG
utg003017l_End,1000,0,0,TTAGGG
utg003018l_End,1000,1,0,TTAGGG
utg003019l_End,1000,0,0,TTAGGG
utg003020l_End,1000,0,0,TTAGGG
utg003021l_End,1000,0,0,TTAGGG
utg003022l_End,1000,1,0,TTAGGG
utg003023l_End,1000,0,0,TTAGGG
utg003024l_End,1000,0,0,TTAGGG
utg003025l_End,1000,0,0,TTAGGG
utg003026l_End,1000,1,0,TTAGGG
utg003027l_End,1000,0,0,TTAGGG
utg003028l_End,1000,0,0,TTAGGG
utg003029l_End,1000,0,0,TTAGGG
utg003030l_End,1000,0,0,TTAGGG
utg003031l_End,1000,1,0,TTAGGG
utg003032l_End,1000,0,0,TTAGGG
utg003033l_End,1000,0,0,TTAGGG
utg003034l_End,1000,0,1,TTAGGG
utg003035l_End,1000,0,0,TTAGGG
utg003036l_End,1000,0,0,TTAGGG
utg003037l_End,1000,0,0,TTAGGG
utg003038l_End,1000,0,0,TTAGGG
utg003039l_End,1000,0,1,TTAGGG
utg003040l_End,1000,0,0,TTAGGG
utg003041l_End,1000,2,0,TTAGGG
utg003042l_End,1000,0,0,TTAGGG
utg003043l_End,1000,0,0,TTAGGG
utg003044l_End,1000,0,0,TTAGGG
utg003045l_End,1000,0,0,TTAGGG
utg003046l_End,1000,0,0,TTAGGG
utg003047l_End,1000,2,0,TTAGGG
utg003048l_End,1000,0,0,TTAGGG
utg003049l_End,1000,0,0,TTAGGG
utg003050l_End,1000,2,0,TTAGGG
utg003051l_End,1000,0,0,TTAGGG
utg003052l_End,1000,0,0,TTAGGG
utg003053l_End,1000,0,1,TTAGGG
utg003054l_End,1000,0,0,TTAGGG
utg003055l_End,1000,0,0,TTAGGG
utg003056l_End,1000,0,0,TTAGGG
utg003057l_End,1000,0,0,TTAGGG
utg003058l_End,1000,0,0,TTAGGG
utg003059l_End,1000,0,1,TTAGGG
utg003060l_End,1000,0,0,TTAGGG
utg003061l_End,1000,0,1,TTAGGG
utg003062l_End,1000,0,0,TTAGGG
utg003063l_End,1000,0,0,TTAGGG
utg003064l_End,1000,0,0,TTAGGG
utg003065l_End,1000,0,0,TTAGGG
utg003066l_End,1000,0,0,TTAGGG
utg003067l_End,1000,1,0,TTAGGG
utg003068l_End,1000,0,0,TTAGGG
utg003069l_End,1000,0,0,TTAGGG
utg003070l_End,1000,0,0,TTAGGG
utg003071l_End,1000,1,0,TTAGGG
utg003072l_End,1000,0,0,TTAGGG
utg003073l_End,1000,0,0,TTAGGG
utg003074l_End,1000,0,1,TTAGGG
utg003075l_End,1000,0,0,TTAGGG
utg003076l_End,1000,0,0,TTAGGG
utg003077l_End,1000,0,0,TTAGGG
utg003078l_End,1000,0,0,TTAGGG
utg003079l_End,1000,0,0,TTAGGG
utg003080l_End,1000,0,0,TTAGGG
utg003081l_End,1000,0,0,TTAGGG
utg003082l_End,1000,0,0,TTAGGG
utg003083l_End,1000,0,0,TTAGGG
utg003084l_End,1000,0,0,TTAGGG
utg003085l_End,1000,0,0,TTAGGG
utg003086l_End,1000,0,0,TTAGGG
utg003087l_End,1000,0,0,TTAGGG
utg003088l_End,1000,0,1,TTAGGG
utg003089l_End,1000,0,0,TTAGGG
utg003090l_End,1000,0,0,TTAGGG
utg003091l_End,1000,1,0,TTAGGG
utg003092l_End,1000,0,0,TTAGGG
utg003093l_End,1000,1,0,TTAGGG
utg003094l_End,1000,0,0,TTAGGG
utg003095l_End,1000,0,1,TTAGGG
utg003096l_End,1000,0,0,TTAGGG
utg003097l_End,1000,0,0,TTAGGG
utg003098l_End,1000,0,0,TTAGGG
utg003099l_End,1000,0,1,TTAGGG
utg003100l_End,1000,0,0,TTAGGG
utg003101l_End,1000,0,0,TTAGGG
utg003102l_End,1000,0,0,TTAGGG
utg003103l_End,1000,0,0,TTAGGG
utg003104l_End,1000,0,0,TTAGGG
utg003105l_End,1000,0,0,TTAGGG
utg003106l_End,1000,0,1,TTAGGG
utg003107l_End,1000,1,0,TTAGGG
utg003108l_End,1000,0,0,TTAGGG
utg003109l_End,1000,0,0,TTAGGG
utg003110l_End,1000,0,0,TTAGGG
utg003111l_End,1000,0,0,TTAGGG
utg003112l_End,1000,0,1,TTAGGG
utg003113l_End,1000,0,0,TTAGGG
utg003114l_End,1000,1,0,TTAGGG
utg003115l_End,1000,0,0,TTAGGG
utg003116l_End,1000,0,0,TTAGGG
utg003117l_End,1000,0,0,TTAGGG
utg003118l_End,1000,1,0,TTAGGG
utg003119l_End,1000,0,0,TTAGGG
utg003120l_End,1000,0,1,TTAGGG
utg003121l_End,1000,0,0,TTAGGG
utg003122l_End,1000,0,0,TTAGGG
utg003123l_End,1000,0,1,TTAGGG
utg003124l_End,1000,0,0,TTAGGG
utg003125l_End,1000,0,0,TTAGGG
utg003126l_End,1000,0,0,TTAGGG
utg003127l_End,1000,0,0,TTAGGG
utg003128l_End,1000,0,0,TTAGGG
utg003129l_End,1000,0,0,TTAGGG
utg003130l_End,1000,0,1,TTAGGG
utg003131l_End,1000,0,0,TTAGGG
utg003132l_End,1000,0,0,TTAGGG
utg003133l_End,1000,0,0,TTAGGG
utg003134l_End,1000,0,0,TTAGGG
utg003135l_End,1000,0,0,TTAGGG
utg003136l_End,1000,0,0,TTAGGG
utg003137l_End,1000,0,0,TTAGGG
utg003138l_End,1000,1,0,TTAGGG
utg003139l_End,1000,0,0,TTAGGG
utg003140l_End,1000,0,1,TTAGGG
utg003141l_End,1000,1,0,TTAGGG
utg003142l_End,1000,0,2,TTAGGG
utg003143l_End,1000,0,0,TTAGGG
utg003144l_End,1000,0,0,TTAGGG
utg003145l_End,1000,0,0,TTAGGG
utg003146l_End,1000,0,0,TTAGGG
utg003147l_End,1000,0,0,TTAGGG
utg003148l_End,1000,0,0,TTAGGG
utg003149l_End,1000,0,0,TTAGGG
utg003150l_End,1000,0,0,TTAGGG
utg003151l_End,1000,0,0,TTAGGG
utg003152l_End,1000,1,0,TTAGGG
utg003153l_End,1000,0,0,TTAGGG
utg003154l_End,1000,0,0,TTAGGG
utg003155l_End,1000,0,0,TTAGGG
utg003156l_End,1000,0,0,TTAGGG
utg003157l_End,1000,0,0,TTAGGG
utg003158l_End,1000,0,0,TTAGGG
utg003159l_End,1000,0,0,TTAGGG
utg003160l_End,1000,0,0,TTAGGG
utg003161l_End,1000,0,0,TTAGGG
utg003162l_End,1000,0,0,TTAGGG
utg003163l_End,1000,0,0,TTAGGG
utg003164l_End,1000,0,0,TTAGGG
utg003165l_End,1000,0,1,TTAGGG
utg003166l_End,1000,0,0,TTAGGG
utg003167l_End,1000,0,0,TTAGGG
utg003168l_End,1000,0,1,TTAGGG
utg003169l_End,1000,0,1,TTAGGG
utg003170l_End,1000,1,1,TTAGGG
utg003171l_End,1000,1,0,TTAGGG
utg003172l_End,1000,0,0,TTAGGG
utg003173l_End,1000,0,1,TTAGGG
utg003174l_End,1000,0,0,TTAGGG
utg003175l_End,1000,0,0,TTAGGG
utg003176l_End,1000,0,1,TTAGGG
utg003177l_End,1000,0,1,TTAGGG
utg003178l_End,1000,0,0,TTAGGG
utg003179l_End,1000,0,0,TTAGGG
utg003180l_End,1000,0,0,TTAGGG
utg003181l_End,1000,0,1,TTAGGG
utg003182l_End,1000,1,0,TTAGGG
utg003183l_End,1000,0,0,TTAGGG
utg003184l_End,1000,0,0,TTAGGG
utg003185l_End,1000,0,2,TTAGGG
utg003186l_End,1000,0,1,TTAGGG
utg003187l_End,1000,0,0,TTAGGG
utg003188l_End,1000,0,0,TTAGGG
utg003189l_End,1000,0,0,TTAGGG
utg003190l_End,1000,0,0,TTAGGG
utg003191l_End,1000,0,1,TTAGGG
utg003192l_End,1000,0,0,TTAGGG
utg003193l_End,1000,0,0,TTAGGG
utg003194l_End,1000,1,0,TTAGGG
utg003195l_End,1000,0,0,TTAGGG
utg003196l_End,1000,0,0,TTAGGG
utg003197l_End,1000,0,0,TTAGGG
utg003198l_End,1000,0,0,TTAGGG
utg003199l_End,1000,0,1,TTAGGG
utg003200l_End,1000,1,0,TTAGGG
utg003201l_End,1000,0,0,TTAGGG
utg003202l_End,1000,0,0,TTAGGG
utg003203l_End,1000,0,0,TTAGGG
utg003204l_End,1000,0,0,TTAGGG
utg003205l_End,1000,0,0,TTAGGG
utg003206l_End,1000,0,0,TTAGGG
utg003207l_End,1000,1,0,TTAGGG
utg003208l_End,1000,0,0,TTAGGG
utg003209l_End,1000,1,0,TTAGGG
utg003210l_End,1000,0,0,TTAGGG
utg003211l_End,1000,0,0,TTAGGG
utg003212l_End,1000,1,1,TTAGGG
utg003213l_End,1000,0,0,TTAGGG
utg003214l_End,1000,0,1,TTAGGG
utg003215l_End,1000,0,0,TTAGGG
utg003216l_End,1000,0,0,TTAGGG
utg003217l_End,1000,0,0,TTAGGG
utg003218l_End,1000,0,0,TTAGGG
utg003219l_End,1000,0,0,TTAGGG
utg003220l_End,1000,0,1,TTAGGG
utg003221l_End,1000,1,0,TTAGGG
utg003222l_End,1000,0,0,TTAGGG
utg003223l_End,1000,0,0,TTAGGG
utg003224l_End,1000,0,0,TTAGGG
utg003225l_End,1000,0,0,TTAGGG
utg003226l_End,1000,0,0,TTAGGG
utg003227l_End,1000,0,1,TTAGGG
utg003228l_End,1000,0,0,TTAGGG
utg003229l_End,1000,0,0,TTAGGG
utg003230l_End,1000,0,0,TTAGGG
utg003231l_End,1000,0,0,TTAGGG
utg003232l_End,1000,0,0,TTAGGG
utg003233l_End,1000,0,0,TTAGGG
utg003234l_End,1000,0,0,TTAGGG
