
Found 1 command tree.

Counting 79 (estimated) billion canonical 30-mers from 1 input file:
    sequence-file: assembly/input/T2T00/T2T00.HQ_paternal.fastq.gz


SIMPLE MODE
-----------

  Not possible.


COMPLEX MODE
------------

prefix     # of   struct   kmers/    segs/      min     data    total
  bits   prefix   memory   prefix   prefix   memory   memory   memory
------  -------  -------  -------  -------  -------  -------  -------
     1     2  P   587 MB    19 GM    36 MS  8192  B   293 GB   294 GB
     2     4  P   578 MB     9 GM    18 MS    16 kB   289 GB   289 GB
     3     8  P   568 MB  5097 MM  9093 kS    32 kB   284 GB   284 GB
     4    16  P   557 MB  2548 MM  4461 kS    64 kB   278 GB   279 GB
     5    32  P   548 MB  1274 MM  2193 kS   128 kB   274 GB   274 GB
     6    64  P   538 MB   637 MM  1076 kS   256 kB   269 GB   269 GB
     7   128  P   528 MB   318 MM   527 kS   512 kB   263 GB   264 GB
     8   256  P   518 MB   159 MM   258 kS  1024 kB   258 GB   259 GB
     9   512  P   509 MB    79 MM   127 kS  2048 kB   254 GB   254 GB
    10  1024  P   501 MB    39 MM    62 kS  4096 kB   249 GB   249 GB
    11  2048  P   494 MB    19 MM    30 kS  8192 kB   244 GB   244 GB
    12  4096  P   491 MB     9 MM    14 kS    16 MB   239 GB   239 GB
    13  8192  P   493 MB  5097 kM  7489  S    32 MB   234 GB   234 GB
    14    16 kP   508 MB  2548 kM  3666  S    64 MB   229 GB   229 GB
    15    32 kP   549 MB  1274 kM  1793  S   128 MB   224 GB   224 GB
    16    64 kP   640 MB   637 kM   877  S   256 MB   219 GB   219 GB
    17   128 kP   833 MB   318 kM   429  S   512 MB   214 GB   215 GB
    18   256 kP  1228 MB   159 kM   210  S  1024 MB   210 GB   211 GB
    19   512 kP  2028 MB    79 kM   103  S  2048 MB   206 GB   207 GB
    20  1024 kP  3632 MB    39 kM    50  S  4096 MB   200 GB   203 GB
    21  2048 kP  6864 MB    19 kM    25  S  8192 MB   200 GB   206 GB
    22  4096 kP    13 GB     9 kM    12  S    16 GB   192 GB   205 GB  Best Value!
    23  8192 kP    25 GB  5098  M     6  S    32 GB   192 GB   217 GB
    24    16 MP    50 GB  2549  M     3  S    64 GB   192 GB   242 GB
    25    32 MP   101 GB  1275  M     2  S   128 GB   256 GB   357 GB
    26    64 MP   202 GB   638  M     1  S   256 GB   256 GB   458 GB
    27   128 MP   405 GB   319  M     1  S   512 GB   512 GB   917 GB
    28   256 MP   810 GB   160  M     1  S  1024 GB  1024 GB  1834 GB
    29   512 MP  1620 GB    80  M     1  S  2048 GB  2048 GB  3668 GB
    30  1024 MP  3240 GB    40  M     1  S  4096 GB  4096 GB  7336 GB


FINAL CONFIGURATION
-------------------

Estimated to require 397 GB memory out of 1511 GB allowed.
Estimated to require 2 batches.

Configured complex mode for 397.375 GB memory per batch, and up to 2 batches.

Start counting with THREADED method.
Used 41.599 GB / 1511.166 GB to store      2089654 kmers; need 0.046 GB to sort       102747 kmers
Used 41.706 GB / 1511.166 GB to store     25057527 kmers; need 0.066 GB to sort       147943 kmers
Used 41.829 GB / 1511.166 GB to store     70996302 kmers; need 0.075 GB to sort       167409 kmers
Used 41.936 GB / 1511.166 GB to store    100235732 kmers; need 0.099 GB to sort       222441 kmers
Used 42.041 GB / 1511.166 GB to store    127389876 kmers; need 0.121 GB to sort       270587 kmers
Used 42.156 GB / 1511.166 GB to store    156634612 kmers; need 0.146 GB to sort       327687 kmers
Used 42.281 GB / 1511.166 GB to store    187970757 kmers; need 0.146 GB to sort       327687 kmers
Used 42.382 GB / 1511.166 GB to store    213040344 kmers; need 0.172 GB to sort       385800 kmers
Used 42.502 GB / 1511.166 GB to store    242290556 kmers; need 0.185 GB to sort       413156 kmers
Used 42.604 GB / 1511.166 GB to store    267361884 kmers; need 0.217 GB to sort       485694 kmers
Used 42.726 GB / 1511.166 GB to store    296614719 kmers; need 0.228 GB to sort       510264 kmers
Used 42.847 GB / 1511.166 GB to store    325867555 kmers; need 0.239 GB to sort       534624 kmers
Used 42.954 GB / 1511.166 GB to store    350939811 kmers; need 0.258 GB to sort       577959 kmers
Used 43.059 GB / 1511.166 GB to store    376015162 kmers; need 0.281 GB to sort       629488 kmers
Used 43.175 GB / 1511.166 GB to store    403179901 kmers; need 0.296 GB to sort       662079 kmers
Used 43.300 GB / 1511.166 GB to store    432436028 kmers; need 0.327 GB to sort       731507 kmers
Used 43.426 GB / 1511.166 GB to store    461690280 kmers; need 0.327 GB to sort       731507 kmers
Used 43.525 GB / 1511.166 GB to store    484675399 kmers; need 0.367 GB to sort       821207 kmers
Used 43.651 GB / 1511.166 GB to store    513930885 kmers; need 0.367 GB to sort       821207 kmers
Used 43.769 GB / 1511.166 GB to store    541095964 kmers; need 0.381 GB to sort       852762 kmers
Used 43.888 GB / 1511.166 GB to store    568261168 kmers; need 0.394 GB to sort       880517 kmers
Used 44.006 GB / 1511.166 GB to store    595427228 kmers; need 0.404 GB to sort       904407 kmers
Used 44.116 GB / 1511.166 GB to store    620503953 kmers; need 0.422 GB to sort       943727 kmers
Used 44.235 GB / 1511.166 GB to store    647670406 kmers; need 0.436 GB to sort       975287 kmers
Used 44.354 GB / 1511.166 GB to store    674837501 kmers; need 0.448 GB to sort      1001203 kmers
Used 44.473 GB / 1511.166 GB to store    702001712 kmers; need 0.467 GB to sort      1045071 kmers
Used 44.565 GB / 1511.166 GB to store    722898596 kmers; need 0.501 GB to sort      1121330 kmers
Used 44.692 GB / 1511.166 GB to store    752155623 kmers; need 0.501 GB to sort      1121330 kmers
Used 44.813 GB / 1511.166 GB to store    779323643 kmers; need 0.506 GB to sort      1131310 kmers
Used 44.915 GB / 1511.166 GB to store    802311406 kmers; need 0.533 GB to sort      1193341 kmers
Used 45.026 GB / 1511.166 GB to store    827389843 kmers; need 0.551 GB to sort      1232706 kmers
Used 45.155 GB / 1511.166 GB to store    856647221 kmers; need 0.556 GB to sort      1242694 kmers
Used 45.248 GB / 1511.166 GB to store    877544669 kmers; need 0.592 GB to sort      1323858 kmers
Used 45.378 GB / 1511.166 GB to store    906805321 kmers; need 0.592 GB to sort      1324583 kmers
Used 45.499 GB / 1511.166 GB to store    933977318 kmers; need 0.604 GB to sort      1350260 kmers
Used 45.610 GB / 1511.166 GB to store    959060101 kmers; need 0.621 GB to sort      1389402 kmers
Used 45.729 GB / 1511.166 GB to store    986230910 kmers; need 0.632 GB to sort      1413573 kmers
Used 45.851 GB / 1511.166 GB to store   1013403277 kmers; need 0.645 GB to sort      1441958 kmers
Used 45.953 GB / 1511.166 GB to store   1036395222 kmers; need 0.674 GB to sort      1508681 kmers
Used 46.065 GB / 1511.166 GB to store   1061477406 kmers; need 0.692 GB to sort      1548954 kmers
Used 46.186 GB / 1511.166 GB to store   1088649766 kmers; need 0.711 GB to sort      1589485 kmers
Used 46.316 GB / 1511.166 GB to store   1117912355 kmers; need 0.722 GB to sort      1614863 kmers
Used 46.438 GB / 1511.166 GB to store   1145084555 kmers; need 0.732 GB to sort      1638087 kmers
Used 46.559 GB / 1511.166 GB to store   1172256562 kmers; need 0.742 GB to sort      1659468 kmers
Used 46.662 GB / 1511.166 GB to store   1195248778 kmers; need 0.765 GB to sort      1711317 kmers
Used 46.783 GB / 1511.166 GB to store   1222420136 kmers; need 0.769 GB to sort      1720449 kmers
Used 46.886 GB / 1511.166 GB to store   1245412077 kmers; need 0.799 GB to sort      1786494 kmers
Used 47.007 GB / 1511.166 GB to store   1272584610 kmers; need 0.808 GB to sort      1807512 kmers
Used 47.127 GB / 1511.166 GB to store   1299756738 kmers; need 0.821 GB to sort      1836160 kmers
Used 47.249 GB / 1511.166 GB to store   1326928884 kmers; need 0.831 GB to sort      1859228 kmers
Used 47.351 GB / 1511.166 GB to store   1349919967 kmers; need 0.860 GB to sort      1924591 kmers
Used 47.473 GB / 1511.166 GB to store   1377092219 kmers; need 0.867 GB to sort      1939794 kmers
Used 47.586 GB / 1511.166 GB to store   1402174348 kmers; need 0.911 GB to sort      2036869 kmers
Used 47.715 GB / 1511.166 GB to store   1431436694 kmers; need 0.911 GB to sort      2036869 kmers
Used 47.847 GB / 1511.166 GB to store   1460699132 kmers; need 0.913 GB to sort      2041647 kmers
Used 47.967 GB / 1511.166 GB to store   1487872808 kmers; need 0.925 GB to sort      2069647 kmers
Used 48.090 GB / 1511.166 GB to store   1515045207 kmers; need 0.937 GB to sort      2095943 kmers
Used 48.182 GB / 1511.166 GB to store   1535948412 kmers; need 0.980 GB to sort      2191566 kmers
Used 48.304 GB / 1511.166 GB to store   1563121010 kmers; need 0.984 GB to sort      2200316 kmers
Used 48.435 GB / 1511.166 GB to store   1592382669 kmers; need 1.006 GB to sort      2250353 kmers
Used 48.566 GB / 1511.166 GB to store   1621644915 kmers; need 1.006 GB to sort      2250353 kmers
Used 48.669 GB / 1511.166 GB to store   1644636540 kmers; need 1.031 GB to sort      2307012 kmers
Used 48.800 GB / 1511.166 GB to store   1673899170 kmers; need 1.034 GB to sort      2313294 kmers
Used 48.911 GB / 1511.166 GB to store   1698980631 kmers; need 1.049 GB to sort      2346339 kmers
Used 49.033 GB / 1511.166 GB to store   1726154155 kmers; need 1.058 GB to sort      2366831 kmers
Used 49.145 GB / 1511.166 GB to store   1751237241 kmers; need 1.079 GB to sort      2413667 kmers
Used 49.267 GB / 1511.166 GB to store   1778409229 kmers; need 1.090 GB to sort      2439203 kmers
Used 49.389 GB / 1511.166 GB to store   1805581631 kmers; need 1.119 GB to sort      2502589 kmers
Used 49.519 GB / 1511.166 GB to store   1834845427 kmers; need 1.120 GB to sort      2505316 kmers
Used 49.631 GB / 1511.166 GB to store   1859927797 kmers; need 1.141 GB to sort      2552985 kmers
Used 49.744 GB / 1511.166 GB to store   1885010030 kmers; need 1.158 GB to sort      2589675 kmers
Used 49.865 GB / 1511.166 GB to store   1912183097 kmers; need 1.165 GB to sort      2606019 kmers
Used 49.968 GB / 1511.166 GB to store   1935175700 kmers; need 1.192 GB to sort      2666070 kmers
Used 50.089 GB / 1511.166 GB to store   1962348596 kmers; need 1.199 GB to sort      2681105 kmers
Used 50.201 GB / 1511.166 GB to store   1987431807 kmers; need 1.213 GB to sort      2713853 kmers
Used 50.313 GB / 1511.166 GB to store   2012514113 kmers; need 1.233 GB to sort      2757923 kmers
Used 50.426 GB / 1511.166 GB to store   2037597570 kmers; need 1.254 GB to sort      2804554 kmers
Used 50.548 GB / 1511.166 GB to store   2064770918 kmers; need 1.267 GB to sort      2835071 kmers
Used 50.661 GB / 1511.166 GB to store   2089852326 kmers; need 1.282 GB to sort      2866800 kmers
Used 50.783 GB / 1511.166 GB to store   2117024728 kmers; need 1.301 GB to sort      2911406 kmers
Used 50.904 GB / 1511.166 GB to store   2144196887 kmers; need 1.319 GB to sort      2951010 kmers
Used 51.026 GB / 1511.166 GB to store   2171369505 kmers; need 1.324 GB to sort      2961465 kmers
Used 51.139 GB / 1511.166 GB to store   2196451440 kmers; need 1.345 GB to sort      3008592 kmers
Used 51.251 GB / 1511.166 GB to store   2221534076 kmers; need 1.359 GB to sort      3040365 kmers
Used 51.364 GB / 1511.166 GB to store   2246616843 kmers; need 1.374 GB to sort      3073813 kmers
Used 51.476 GB / 1511.166 GB to store   2271698654 kmers; need 1.392 GB to sort      3113549 kmers
Used 51.588 GB / 1511.166 GB to store   2296780209 kmers; need 1.406 GB to sort      3144671 kmers
Used 51.701 GB / 1511.166 GB to store   2321862098 kmers; need 1.419 GB to sort      3174348 kmers
Used 51.814 GB / 1511.166 GB to store   2346943865 kmers; need 1.432 GB to sort      3203216 kmers
Used 51.936 GB / 1511.166 GB to store   2374115397 kmers; need 1.444 GB to sort      3229205 kmers
Used 52.047 GB / 1511.166 GB to store   2399197709 kmers; need 1.464 GB to sort      3274770 kmers
Used 52.160 GB / 1511.166 GB to store   2424280740 kmers; need 1.479 GB to sort      3308047 kmers
Used 52.273 GB / 1511.166 GB to store   2449362212 kmers; need 1.500 GB to sort      3355090 kmers
Used 52.404 GB / 1511.166 GB to store   2478623984 kmers; need 1.515 GB to sort      3388993 kmers
Used 52.517 GB / 1511.166 GB to store   2503707434 kmers; need 1.530 GB to sort      3422785 kmers
Used 52.647 GB / 1511.166 GB to store   2532970418 kmers; need 1.541 GB to sort      3447263 kmers
Used 52.759 GB / 1511.166 GB to store   2558053173 kmers; need 1.554 GB to sort      3476023 kmers
Used 52.881 GB / 1511.166 GB to store   2585225831 kmers; need 1.568 GB to sort      3507186 kmers
Used 53.002 GB / 1511.166 GB to store   2612397546 kmers; need 1.586 GB to sort      3546768 kmers
Used 53.115 GB / 1511.166 GB to store   2637480301 kmers; need 1.600 GB to sort      3580191 kmers
Used 53.238 GB / 1511.166 GB to store   2664651818 kmers; need 1.612 GB to sort      3606007 kmers
Used 53.342 GB / 1511.166 GB to store   2687643021 kmers; need 1.639 GB to sort      3667035 kmers
Used 53.463 GB / 1511.166 GB to store   2714814802 kmers; need 1.648 GB to sort      3687589 kmers
Used 53.584 GB / 1511.166 GB to store   2741987180 kmers; need 1.656 GB to sort      3704981 kmers
Used 53.697 GB / 1511.166 GB to store   2767072295 kmers; need 1.677 GB to sort      3752392 kmers
Used 53.800 GB / 1511.166 GB to store   2790065626 kmers; need 1.703 GB to sort      3810444 kmers
Used 53.933 GB / 1511.166 GB to store   2819329517 kmers; need 1.704 GB to sort      3811015 kmers
Used 54.045 GB / 1511.166 GB to store   2844412870 kmers; need 1.723 GB to sort      3854216 kmers
Used 54.157 GB / 1511.166 GB to store   2869496166 kmers; need 1.739 GB to sort      3889500 kmers
Used 54.269 GB / 1511.166 GB to store   2894578746 kmers; need 1.760 GB to sort      3936137 kmers
Used 54.392 GB / 1511.166 GB to store   2921750589 kmers; need 1.773 GB to sort      3965191 kmers
Used 54.504 GB / 1511.166 GB to store   2946833264 kmers; need 1.789 GB to sort      4001249 kmers
Used 54.617 GB / 1511.166 GB to store   2971915840 kmers; need 1.802 GB to sort      4030645 kmers
Used 54.740 GB / 1511.166 GB to store   2999088972 kmers; need 1.819 GB to sort      4069460 kmers
Used 54.861 GB / 1511.166 GB to store   3026262306 kmers; need 1.831 GB to sort      4095595 kmers
Used 54.963 GB / 1511.166 GB to store   3049254712 kmers; need 1.855 GB to sort      4150681 kmers
Used 55.076 GB / 1511.166 GB to store   3074336541 kmers; need 1.868 GB to sort      4178847 kmers
Used 55.198 GB / 1511.166 GB to store   3101509643 kmers; need 1.880 GB to sort      4204699 kmers
Used 55.312 GB / 1511.166 GB to store   3126592461 kmers; need 1.903 GB to sort      4258048 kmers
Used 55.425 GB / 1511.166 GB to store   3151675390 kmers; need 1.916 GB to sort      4285022 kmers
Used 55.536 GB / 1511.166 GB to store   3176758145 kmers; need 1.932 GB to sort      4321482 kmers
Used 55.659 GB / 1511.166 GB to store   3203929724 kmers; need 1.935 GB to sort      4328717 kmers
Used 55.772 GB / 1511.166 GB to store   3229011470 kmers; need 1.961 GB to sort      4387774 kmers
Used 55.893 GB / 1511.166 GB to store   3256185948 kmers; need 1.968 GB to sort      4403364 kmers
Used 56.006 GB / 1511.166 GB to store   3281268065 kmers; need 1.988 GB to sort      4447223 kmers
Used 56.118 GB / 1511.166 GB to store   3306350445 kmers; need 2.003 GB to sort      4479858 kmers
Used 56.221 GB / 1511.166 GB to store   3329342953 kmers; need 2.028 GB to sort      4535772 kmers
Used 56.353 GB / 1511.166 GB to store   3358605991 kmers; need 2.030 GB to sort      4540285 kmers
Used 56.466 GB / 1511.166 GB to store   3383688436 kmers; need 2.046 GB to sort      4575848 kmers
Used 56.579 GB / 1511.166 GB to store   3408771034 kmers; need 2.060 GB to sort      4608656 kmers
Used 56.691 GB / 1511.166 GB to store   3433851865 kmers; need 2.079 GB to sort      4649819 kmers
Used 56.804 GB / 1511.166 GB to store   3458934106 kmers; need 2.098 GB to sort      4693705 kmers
Used 56.926 GB / 1511.166 GB to store   3486106434 kmers; need 2.107 GB to sort      4713457 kmers
Used 57.039 GB / 1511.166 GB to store   3511188042 kmers; need 2.126 GB to sort      4755229 kmers
Used 57.142 GB / 1511.166 GB to store   3534179676 kmers; need 2.148 GB to sort      4805770 kmers
Used 57.272 GB / 1511.166 GB to store   3563441439 kmers; need 2.150 GB to sort      4808829 kmers
Used 57.386 GB / 1511.166 GB to store   3588523066 kmers; need 2.168 GB to sort      4850533 kmers
Used 57.499 GB / 1511.166 GB to store   3613603889 kmers; need 2.186 GB to sort      4889929 kmers
Used 57.620 GB / 1511.166 GB to store   3640776350 kmers; need 2.195 GB to sort      4910093 kmers
Used 57.724 GB / 1511.166 GB to store   3663768076 kmers; need 2.221 GB to sort      4967922 kmers
Used 57.847 GB / 1511.166 GB to store   3690939520 kmers; need 2.233 GB to sort      4994611 kmers
Used 57.968 GB / 1511.166 GB to store   3718110395 kmers; need 2.245 GB to sort      5022785 kmers
Used 58.062 GB / 1511.166 GB to store   3739012952 kmers; need 2.291 GB to sort      5124990 kmers
Used 58.184 GB / 1511.166 GB to store   3766185026 kmers; need 2.306 GB to sort      5157880 kmers
Used 58.316 GB / 1511.166 GB to store   3795446706 kmers; need 2.306 GB to sort      5157880 kmers
Used 58.448 GB / 1511.166 GB to store   3824707907 kmers; need 2.312 GB to sort      5171481 kmers
Used 58.560 GB / 1511.166 GB to store   3849789685 kmers; need 2.327 GB to sort      5206157 kmers
Used 58.683 GB / 1511.166 GB to store   3876962591 kmers; need 2.346 GB to sort      5247907 kmers
Used 58.805 GB / 1511.166 GB to store   3904133917 kmers; need 2.356 GB to sort      5269322 kmers
Used 58.927 GB / 1511.166 GB to store   3931305314 kmers; need 2.376 GB to sort      5314678 kmers
Used 59.049 GB / 1511.166 GB to store   3958475760 kmers; need 2.381 GB to sort      5326160 kmers
Used 59.152 GB / 1511.166 GB to store   3981467713 kmers; need 2.408 GB to sort      5387286 kmers
Used 59.274 GB / 1511.166 GB to store   4008639047 kmers; need 2.414 GB to sort      5399758 kmers
Used 59.387 GB / 1511.166 GB to store   4033720500 kmers; need 2.429 GB to sort      5434247 kmers
Used 59.500 GB / 1511.166 GB to store   4058801816 kmers; need 2.450 GB to sort      5479853 kmers
Used 59.621 GB / 1511.166 GB to store   4085973772 kmers; need 2.456 GB to sort      5494495 kmers
Used 59.725 GB / 1511.166 GB to store   4108964542 kmers; need 2.480 GB to sort      5546673 kmers
Used 59.837 GB / 1511.166 GB to store   4134046156 kmers; need 2.493 GB to sort      5576261 kmers
Used 59.961 GB / 1511.166 GB to store   4161217151 kmers; need 2.499 GB to sort      5590206 kmers
Used 60.073 GB / 1511.166 GB to store   4186298660 kmers; need 2.527 GB to sort      5653173 kmers
Used 60.166 GB / 1511.166 GB to store   4207199534 kmers; need 2.559 GB to sort      5724345 kmers
Used 60.298 GB / 1511.166 GB to store   4236461712 kmers; need 2.559 GB to sort      5724345 kmers
Used 60.431 GB / 1511.166 GB to store   4265723307 kmers; need 2.559 GB to sort      5724460 kmers
Used 60.535 GB / 1511.166 GB to store   4288715122 kmers; need 2.580 GB to sort      5772323 kmers
Used 60.647 GB / 1511.166 GB to store   4313797063 kmers; need 2.597 GB to sort      5809462 kmers
Used 60.769 GB / 1511.166 GB to store   4340969897 kmers; need 2.610 GB to sort      5838668 kmers
Used 60.882 GB / 1511.166 GB to store   4366050410 kmers; need 2.625 GB to sort      5871143 kmers
Used 60.995 GB / 1511.166 GB to store   4391131856 kmers; need 2.638 GB to sort      5901525 kmers
Used 61.107 GB / 1511.166 GB to store   4416212481 kmers; need 2.657 GB to sort      5943113 kmers
Used 61.220 GB / 1511.166 GB to store   4441292920 kmers; need 2.669 GB to sort      5970167 kmers
Used 61.342 GB / 1511.166 GB to store   4468465056 kmers; need 2.678 GB to sort      5991406 kmers
Used 61.455 GB / 1511.166 GB to store   4493545890 kmers; need 2.696 GB to sort      6031846 kmers
Used 61.569 GB / 1511.166 GB to store   4518627903 kmers; need 2.713 GB to sort      6068289 kmers
Used 61.681 GB / 1511.166 GB to store   4543709120 kmers; need 2.732 GB to sort      6110761 kmers
Used 61.803 GB / 1511.166 GB to store   4570879763 kmers; need 2.749 GB to sort      6149698 kmers
Used 61.926 GB / 1511.166 GB to store   4598051195 kmers; need 2.760 GB to sort      6175081 kmers
Used 62.039 GB / 1511.166 GB to store   4623132256 kmers; need 2.778 GB to sort      6214724 kmers
Used 62.161 GB / 1511.166 GB to store   4650303167 kmers; need 2.785 GB to sort      6229151 kmers
Used 62.255 GB / 1511.166 GB to store   4671203195 kmers; need 2.821 GB to sort      6311513 kmers
Used 62.376 GB / 1511.166 GB to store   4698375054 kmers; need 2.826 GB to sort      6321257 kmers
Used 62.509 GB / 1511.166 GB to store   4727634098 kmers; need 2.828 GB to sort      6325562 kmers
Used 62.612 GB / 1511.166 GB to store   4750624542 kmers; need 2.852 GB to sort      6379963 kmers
Used 62.725 GB / 1511.166 GB to store   4775704510 kmers; need 2.867 GB to sort      6412438 kmers
Used 62.847 GB / 1511.166 GB to store   4802873714 kmers; need 2.873 GB to sort      6427864 kmers
Used 62.960 GB / 1511.166 GB to store   4827954396 kmers; need 2.892 GB to sort      6468244 kmers
Used 63.073 GB / 1511.166 GB to store   4853033984 kmers; need 2.906 GB to sort      6500968 kmers
Used 63.157 GB / 1511.166 GB to store   4871843842 kmers; need 2.949 GB to sort      6596841 kmers
Used 63.288 GB / 1511.166 GB to store   4901104068 kmers; need 2.949 GB to sort      6596841 kmers
Used 63.410 GB / 1511.166 GB to store   4928273900 kmers; need 2.956 GB to sort      6612733 kmers
Used 63.534 GB / 1511.166 GB to store   4955443972 kmers; need 2.967 GB to sort      6637215 kmers
Used 63.637 GB / 1511.166 GB to store   4978433129 kmers; need 2.990 GB to sort      6688649 kmers
Used 63.731 GB / 1511.166 GB to store   4999333821 kmers; need 3.029 GB to sort      6775198 kmers
Used 63.861 GB / 1511.166 GB to store   5028574170 kmers; need 3.031 GB to sort      6779898 kmers
Used 63.965 GB / 1511.166 GB to store   5051544711 kmers; need 3.056 GB to sort      6837165 kmers
Used 64.097 GB / 1511.166 GB to store   5080783342 kmers; need 3.056 GB to sort      6837165 kmers
Used 64.182 GB / 1511.166 GB to store   5099580737 kmers; need 3.100 GB to sort      6933621 kmers
Used 64.314 GB / 1511.166 GB to store   5128822985 kmers; need 3.100 GB to sort      6933621 kmers
Used 64.435 GB / 1511.166 GB to store   5155978815 kmers; need 3.106 GB to sort      6948913 kmers
Used 64.548 GB / 1511.166 GB to store   5181047665 kmers; need 3.123 GB to sort      6985169 kmers
Used 64.660 GB / 1511.166 GB to store   5206116804 kmers; need 3.140 GB to sort      7025018 kmers
Used 64.754 GB / 1511.166 GB to store   5227008113 kmers; need 3.176 GB to sort      7104240 kmers
Used 64.886 GB / 1511.166 GB to store   5256257506 kmers; need 3.176 GB to sort      7104240 kmers
Used 65.008 GB / 1511.166 GB to store   5283419750 kmers; need 3.180 GB to sort      7113370 kmers
Used 65.093 GB / 1511.166 GB to store   5302224887 kmers; need 3.231 GB to sort      7227823 kmers
Used 65.224 GB / 1511.166 GB to store   5331476573 kmers; need 3.231 GB to sort      7227823 kmers
Used 65.326 GB / 1511.166 GB to store   5354461436 kmers; need 3.257 GB to sort      7284764 kmers
Used 65.459 GB / 1511.166 GB to store   5383714960 kmers; need 3.257 GB to sort      7284764 kmers
Used 65.592 GB / 1511.166 GB to store   5412967821 kmers; need 3.265 GB to sort      7303389 kmers
Used 65.703 GB / 1511.166 GB to store   5438043848 kmers; need 3.281 GB to sort      7338891 kmers
Used 65.807 GB / 1511.166 GB to store   5461029515 kmers; need 3.306 GB to sort      7395374 kmers
Used 65.921 GB / 1511.166 GB to store   5486104419 kmers; need 3.318 GB to sort      7421596 kmers
Used 66.033 GB / 1511.166 GB to store   5511181404 kmers; need 3.350 GB to sort      7492890 kmers
Used 66.156 GB / 1511.166 GB to store   5538346176 kmers; need 3.352 GB to sort      7498826 kmers
Used 66.279 GB / 1511.166 GB to store   5565509988 kmers; need 3.356 GB to sort      7508220 kmers
Used 66.392 GB / 1511.166 GB to store   5590586112 kmers; need 3.370 GB to sort      7538667 kmers
Used 66.504 GB / 1511.166 GB to store   5615663038 kmers; need 3.393 GB to sort      7590152 kmers
Used 66.625 GB / 1511.166 GB to store   5642830214 kmers; need 3.404 GB to sort      7615061 kmers
Used 66.738 GB / 1511.166 GB to store   5667908147 kmers; need 3.419 GB to sort      7648333 kmers
Used 66.851 GB / 1511.166 GB to store   5692986587 kmers; need 3.435 GB to sort      7684030 kmers
Used 66.964 GB / 1511.166 GB to store   5718065508 kmers; need 3.448 GB to sort      7712278 kmers
Used 67.078 GB / 1511.166 GB to store   5743142204 kmers; need 3.461 GB to sort      7741106 kmers
Used 67.191 GB / 1511.166 GB to store   5768219746 kmers; need 3.477 GB to sort      7778118 kmers
Used 67.285 GB / 1511.166 GB to store   5789118091 kmers; need 3.512 GB to sort      7856726 kmers
Used 67.416 GB / 1511.166 GB to store   5818377374 kmers; need 3.512 GB to sort      7856726 kmers
Used 67.539 GB / 1511.166 GB to store   5845546283 kmers; need 3.520 GB to sort      7874106 kmers
Used 67.651 GB / 1511.166 GB to store   5870625339 kmers; need 3.537 GB to sort      7912970 kmers
Used 67.764 GB / 1511.166 GB to store   5895706651 kmers; need 3.552 GB to sort      7944775 kmers
Used 67.858 GB / 1511.166 GB to store   5916608729 kmers; need 3.586 GB to sort      8022226 kmers
Used 67.990 GB / 1511.166 GB to store   5945870630 kmers; need 3.588 GB to sort      8025430 kmers
Used 68.112 GB / 1511.166 GB to store   5973043388 kmers; need 3.592 GB to sort      8034624 kmers
Used 68.224 GB / 1511.166 GB to store   5998125668 kmers; need 3.609 GB to sort      8073425 kmers
Used 68.318 GB / 1511.166 GB to store   6019027593 kmers; need 3.643 GB to sort      8149437 kmers
Used 68.441 GB / 1511.166 GB to store   6046201812 kmers; need 3.652 GB to sort      8168399 kmers
Used 68.564 GB / 1511.166 GB to store   6073375470 kmers; need 3.656 GB to sort      8177864 kmers
Used 68.677 GB / 1511.166 GB to store   6098458335 kmers; need 3.675 GB to sort      8221794 kmers
Used 68.789 GB / 1511.166 GB to store   6123541175 kmers; need 3.693 GB to sort      8261921 kmers
Used 68.911 GB / 1511.166 GB to store   6150714516 kmers; need 3.698 GB to sort      8271594 kmers
Used 69.015 GB / 1511.166 GB to store   6173708157 kmers; need 3.723 GB to sort      8327531 kmers
Used 69.137 GB / 1511.166 GB to store   6200880397 kmers; need 3.729 GB to sort      8342131 kmers
Used 69.249 GB / 1511.166 GB to store   6225963620 kmers; need 3.745 GB to sort      8376640 kmers
Used 69.343 GB / 1511.166 GB to store   6246865392 kmers; need 3.782 GB to sort      8459205 kmers
Used 69.465 GB / 1511.166 GB to store   6274038859 kmers; need 3.791 GB to sort      8479601 kmers
Used 69.589 GB / 1511.166 GB to store   6301211539 kmers; need 3.793 GB to sort      8484829 kmers
Used 69.701 GB / 1511.166 GB to store   6326295077 kmers; need 3.814 GB to sort      8532086 kmers
Used 69.805 GB / 1511.166 GB to store   6349287029 kmers; need 3.842 GB to sort      8593582 kmers
Used 69.927 GB / 1511.166 GB to store   6376460448 kmers; need 3.852 GB to sort      8616004 kmers
Used 70.048 GB / 1511.166 GB to store   6403634221 kmers; need 3.856 GB to sort      8626161 kmers
Used 70.170 GB / 1511.166 GB to store   6430807176 kmers; need 3.867 GB to sort      8650907 kmers
Used 70.273 GB / 1511.166 GB to store   6453800298 kmers; need 3.892 GB to sort      8707273 kmers
Used 70.388 GB / 1511.166 GB to store   6478883359 kmers; need 3.905 GB to sort      8734459 kmers
Used 70.510 GB / 1511.166 GB to store   6506056179 kmers; need 3.911 GB to sort      8748573 kmers
Used 70.623 GB / 1511.166 GB to store   6531139405 kmers; need 3.931 GB to sort      8794416 kmers
Used 70.736 GB / 1511.166 GB to store   6556221505 kmers; need 3.944 GB to sort      8823340 kmers
Used 70.849 GB / 1511.166 GB to store   6581303614 kmers; need 3.961 GB to sort      8861298 kmers
Used 70.971 GB / 1511.166 GB to store   6608477852 kmers; need 3.972 GB to sort      8885326 kmers
Used 71.075 GB / 1511.166 GB to store   6631470558 kmers; need 3.999 GB to sort      8945684 kmers
Used 71.196 GB / 1511.166 GB to store   6658643591 kmers; need 4.010 GB to sort      8971046 kmers
Used 71.320 GB / 1511.166 GB to store   6685817958 kmers; need 4.029 GB to sort      9013398 kmers
Used 71.442 GB / 1511.166 GB to store   6712990732 kmers; need 4.033 GB to sort      9022383 kmers
Used 71.555 GB / 1511.166 GB to store   6738074120 kmers; need 4.057 GB to sort      9074892 kmers
Used 71.677 GB / 1511.166 GB to store   6765248663 kmers; need 4.063 GB to sort      9087683 kmers
Used 71.771 GB / 1511.166 GB to store   6786151191 kmers; need 4.097 GB to sort      9165101 kmers
Used 71.903 GB / 1511.166 GB to store   6815416256 kmers; need 4.097 GB to sort      9165101 kmers
Used 72.026 GB / 1511.166 GB to store   6842590936 kmers; need 4.108 GB to sort      9190257 kmers
Used 72.140 GB / 1511.166 GB to store   6867674436 kmers; need 4.120 GB to sort      9217361 kmers
Used 72.243 GB / 1511.166 GB to store   6890667825 kmers; need 4.159 GB to sort      9302885 kmers
Used 72.374 GB / 1511.166 GB to store   6919932055 kmers; need 4.159 GB to sort      9302885 kmers
Used 72.487 GB / 1511.166 GB to store   6945014042 kmers; need 4.177 GB to sort      9343419 kmers
Used 72.601 GB / 1511.166 GB to store   6970096888 kmers; need 4.193 GB to sort      9379095 kmers
Used 72.704 GB / 1511.166 GB to store   6993089773 kmers; need 4.221 GB to sort      9442148 kmers
Used 72.826 GB / 1511.166 GB to store   7020264034 kmers; need 4.232 GB to sort      9467784 kmers
Used 72.948 GB / 1511.166 GB to store   7047437603 kmers; need 4.241 GB to sort      9487446 kmers
Used 73.071 GB / 1511.166 GB to store   7074610727 kmers; need 4.248 GB to sort      9501507 kmers
Used 73.184 GB / 1511.166 GB to store   7099694452 kmers; need 4.267 GB to sort      9546227 kmers
Used 73.297 GB / 1511.166 GB to store   7124778477 kmers; need 4.286 GB to sort      9588071 kmers
Used 73.420 GB / 1511.166 GB to store   7151952062 kmers; need 4.292 GB to sort      9601238 kmers
Used 73.533 GB / 1511.166 GB to store   7177036322 kmers; need 4.308 GB to sort      9637021 kmers
Used 73.636 GB / 1511.166 GB to store   7200028680 kmers; need 4.337 GB to sort      9700745 kmers
Used 73.758 GB / 1511.166 GB to store   7227202285 kmers; need 4.341 GB to sort      9710354 kmers
Used 73.881 GB / 1511.166 GB to store   7254376409 kmers; need 4.353 GB to sort      9736736 kmers
Used 73.985 GB / 1511.166 GB to store   7277370262 kmers; need 4.374 GB to sort      9783870 kmers
Used 74.097 GB / 1511.166 GB to store   7302453028 kmers; need 4.389 GB to sort      9817901 kmers
Used 74.210 GB / 1511.166 GB to store   7327536140 kmers; need 4.403 GB to sort      9848771 kmers
Used 74.332 GB / 1511.166 GB to store   7354709787 kmers; need 4.412 GB to sort      9870483 kmers
Used 74.435 GB / 1511.166 GB to store   7377703277 kmers; need 4.443 GB to sort      9937921 kmers
Used 74.557 GB / 1511.166 GB to store   7404876456 kmers; need 4.451 GB to sort      9956390 kmers
Used 74.680 GB / 1511.166 GB to store   7432051110 kmers; need 4.466 GB to sort      9989185 kmers
Used 74.792 GB / 1511.166 GB to store   7457134778 kmers; need 4.488 GB to sort     10039096 kmers
Used 74.914 GB / 1511.166 GB to store   7484308213 kmers; need 4.494 GB to sort     10052339 kmers
Used 75.028 GB / 1511.166 GB to store   7509392912 kmers; need 4.514 GB to sort     10097495 kmers
Used 75.132 GB / 1511.166 GB to store   7532385628 kmers; need 4.546 GB to sort     10168247 kmers
Used 75.264 GB / 1511.166 GB to store   7561651141 kmers; need 4.546 GB to sort     10170233 kmers
Used 75.376 GB / 1511.166 GB to store   7586734164 kmers; need 4.563 GB to sort     10207097 kmers
Used 75.488 GB / 1511.166 GB to store   7611817715 kmers; need 4.581 GB to sort     10247047 kmers
Used 75.611 GB / 1511.166 GB to store   7638991095 kmers; need 4.588 GB to sort     10264189 kmers
Used 75.724 GB / 1511.166 GB to store   7664073903 kmers; need 4.609 GB to sort     10310302 kmers
Used 75.837 GB / 1511.166 GB to store   7689157404 kmers; need 4.625 GB to sort     10345561 kmers
Used 75.960 GB / 1511.166 GB to store   7716332401 kmers; need 4.634 GB to sort     10366337 kmers
Used 76.063 GB / 1511.166 GB to store   7739324910 kmers; need 4.658 GB to sort     10418981 kmers
Used 76.167 GB / 1511.166 GB to store   7762319158 kmers; need 4.685 GB to sort     10479938 kmers
Used 76.298 GB / 1511.166 GB to store   7791583040 kmers; need 4.685 GB to sort     10479938 kmers
Used 76.412 GB / 1511.166 GB to store   7816667497 kmers; need 4.719 GB to sort     10556432 kmers
Used 76.516 GB / 1511.166 GB to store   7839661610 kmers; need 4.742 GB to sort     10606995 kmers
Used 76.638 GB / 1511.166 GB to store   7866834467 kmers; need 4.747 GB to sort     10619367 kmers
Used 76.750 GB / 1511.166 GB to store   7891918655 kmers; need 4.761 GB to sort     10650799 kmers
Used 76.874 GB / 1511.166 GB to store   7919093321 kmers; need 4.765 GB to sort     10659531 kmers
Used 76.996 GB / 1511.166 GB to store   7946267036 kmers; need 4.771 GB to sort     10673321 kmers
Used 77.088 GB / 1511.166 GB to store   7967168135 kmers; need 4.806 GB to sort     10751504 kmers
Used 77.210 GB / 1511.166 GB to store   7994341069 kmers; need 4.811 GB to sort     10762484 kmers
Used 77.334 GB / 1511.166 GB to store   8021515565 kmers; need 4.820 GB to sort     10781715 kmers
Used 77.447 GB / 1511.166 GB to store   8046599526 kmers; need 4.836 GB to sort     10817803 kmers
Used 77.550 GB / 1511.166 GB to store   8069593117 kmers; need 4.861 GB to sort     10873023 kmers
Used 77.653 GB / 1511.166 GB to store   8092585343 kmers; need 4.887 GB to sort     10932219 kmers
Used 77.767 GB / 1511.166 GB to store   8117666951 kmers; need 4.903 GB to sort     10966788 kmers
Used 77.889 GB / 1511.166 GB to store   8144840083 kmers; need 4.908 GB to sort     10979081 kmers
Used 78.002 GB / 1511.166 GB to store   8169924176 kmers; need 4.922 GB to sort     11011306 kmers
Used 78.134 GB / 1511.166 GB to store   8199188775 kmers; need 4.922 GB to sort     11011306 kmers
Used 78.228 GB / 1511.166 GB to store   8220091320 kmers; need 4.961 GB to sort     11096997 kmers
Used 78.351 GB / 1511.166 GB to store   8247265073 kmers; need 4.964 GB to sort     11104922 kmers
Used 78.464 GB / 1511.166 GB to store   8272347859 kmers; need 4.976 GB to sort     11131148 kmers
Used 78.587 GB / 1511.166 GB to store   8299519454 kmers; need 4.979 GB to sort     11138567 kmers
Used 78.699 GB / 1511.166 GB to store   8324603811 kmers; need 5.011 GB to sort     11208905 kmers
Used 78.831 GB / 1511.166 GB to store   8353868215 kmers; need 5.016 GB to sort     11220681 kmers
Used 78.934 GB / 1511.166 GB to store   8376861679 kmers; need 5.039 GB to sort     11271570 kmers
Used 79.048 GB / 1511.166 GB to store   8401945093 kmers; need 5.052 GB to sort     11302149 kmers
Used 79.160 GB / 1511.166 GB to store   8427027333 kmers; need 5.066 GB to sort     11333420 kmers
Used 79.282 GB / 1511.166 GB to store   8454200928 kmers; need 5.080 GB to sort     11362689 kmers
Used 79.385 GB / 1511.166 GB to store   8477192838 kmers; need 5.102 GB to sort     11412265 kmers
Used 79.509 GB / 1511.166 GB to store   8504366457 kmers; need 5.110 GB to sort     11430520 kmers
Used 79.611 GB / 1511.166 GB to store   8527358343 kmers; need 5.139 GB to sort     11495316 kmers
Used 79.734 GB / 1511.166 GB to store   8554530828 kmers; need 5.147 GB to sort     11513529 kmers
Used 79.848 GB / 1511.166 GB to store   8579613032 kmers; need 5.164 GB to sort     11551436 kmers
Used 79.970 GB / 1511.166 GB to store   8606784815 kmers; need 5.173 GB to sort     11571440 kmers
Used 80.063 GB / 1511.166 GB to store   8627686366 kmers; need 5.205 GB to sort     11643128 kmers
Used 80.177 GB / 1511.166 GB to store   8652768456 kmers; need 5.220 GB to sort     11676088 kmers
Used 80.290 GB / 1511.166 GB to store   8677850667 kmers; need 5.239 GB to sort     11718697 kmers
Used 80.403 GB / 1511.166 GB to store   8702933376 kmers; need 5.254 GB to sort     11753579 kmers
Used 80.534 GB / 1511.166 GB to store   8732196864 kmers; need 5.254 GB to sort     11753579 kmers
Used 80.629 GB / 1511.166 GB to store   8753098924 kmers; need 5.287 GB to sort     11825808 kmers
Used 80.752 GB / 1511.166 GB to store   8780270938 kmers; need 5.291 GB to sort     11835178 kmers
Used 80.865 GB / 1511.166 GB to store   8805352651 kmers; need 5.304 GB to sort     11865061 kmers
Used 80.987 GB / 1511.166 GB to store   8832524283 kmers; need 5.309 GB to sort     11876322 kmers
Used 81.099 GB / 1511.166 GB to store   8857605456 kmers; need 5.330 GB to sort     11922826 kmers
Used 81.212 GB / 1511.166 GB to store   8882688698 kmers; need 5.343 GB to sort     11951816 kmers
Used 81.325 GB / 1511.166 GB to store   8907771355 kmers; need 5.355 GB to sort     11978781 kmers
Used 81.458 GB / 1511.166 GB to store   8937034156 kmers; need 5.367 GB to sort     12006772 kmers
Used 81.570 GB / 1511.166 GB to store   8962116231 kmers; need 5.386 GB to sort     12047639 kmers
Used 81.683 GB / 1511.166 GB to store   8987199116 kmers; need 5.405 GB to sort     12091140 kmers
Used 81.815 GB / 1511.166 GB to store   9016461081 kmers; need 5.411 GB to sort     12103106 kmers
Used 81.928 GB / 1511.166 GB to store   9041545244 kmers; need 5.428 GB to sort     12142902 kmers
Used 82.041 GB / 1511.166 GB to store   9066628390 kmers; need 5.445 GB to sort     12180800 kmers
Used 82.154 GB / 1511.166 GB to store   9091710305 kmers; need 5.459 GB to sort     12211491 kmers
Used 82.257 GB / 1511.166 GB to store   9114703797 kmers; need 5.483 GB to sort     12265147 kmers
Used 82.389 GB / 1511.166 GB to store   9143965937 kmers; need 5.483 GB to sort     12265147 kmers
Used 82.484 GB / 1511.166 GB to store   9164868056 kmers; need 5.522 GB to sort     12352783 kmers
Used 82.615 GB / 1511.166 GB to store   9194131407 kmers; need 5.522 GB to sort     12352783 kmers
Used 82.728 GB / 1511.166 GB to store   9219213723 kmers; need 5.543 GB to sort     12398400 kmers
Used 82.850 GB / 1511.166 GB to store   9246385939 kmers; need 5.548 GB to sort     12411370 kmers
Used 82.972 GB / 1511.166 GB to store   9273558104 kmers; need 5.560 GB to sort     12437290 kmers
Used 83.076 GB / 1511.166 GB to store   9296550233 kmers; need 5.583 GB to sort     12489435 kmers
Used 83.189 GB / 1511.166 GB to store   9321630988 kmers; need 5.596 GB to sort     12519150 kmers
Used 83.302 GB / 1511.166 GB to store   9346712659 kmers; need 5.609 GB to sort     12547316 kmers
Used 83.425 GB / 1511.166 GB to store   9373885209 kmers; need 5.621 GB to sort     12574481 kmers
Used 83.537 GB / 1511.166 GB to store   9398965978 kmers; need 5.635 GB to sort     12605900 kmers
Used 83.651 GB / 1511.166 GB to store   9424047980 kmers; need 5.672 GB to sort     12687008 kmers
Used 83.782 GB / 1511.166 GB to store   9453309686 kmers; need 5.672 GB to sort     12687008 kmers
Used 83.876 GB / 1511.166 GB to store   9474210650 kmers; need 5.705 GB to sort     12761766 kmers
Used 84.008 GB / 1511.166 GB to store   9503473073 kmers; need 5.705 GB to sort     12761766 kmers
Used 84.111 GB / 1511.166 GB to store   9526465024 kmers; need 5.728 GB to sort     12813946 kmers
Used 84.233 GB / 1511.166 GB to store   9553637174 kmers; need 5.732 GB to sort     12822881 kmers
Used 84.336 GB / 1511.166 GB to store   9576627776 kmers; need 5.763 GB to sort     12891250 kmers
Used 84.469 GB / 1511.166 GB to store   9605889172 kmers; need 5.763 GB to sort     12891250 kmers
Used 84.590 GB / 1511.166 GB to store   9633060208 kmers; need 5.769 GB to sort     12904519 kmers
Used 84.704 GB / 1511.166 GB to store   9658141162 kmers; need 5.787 GB to sort     12944774 kmers
Used 84.817 GB / 1511.166 GB to store   9683222827 kmers; need 5.809 GB to sort     12994679 kmers
Used 84.931 GB / 1511.166 GB to store   9708303630 kmers; need 5.826 GB to sort     13033244 kmers
Used 85.053 GB / 1511.166 GB to store   9735475314 kmers; need 5.831 GB to sort     13042733 kmers
Used 85.165 GB / 1511.166 GB to store   9760555705 kmers; need 5.849 GB to sort     13083018 kmers
Used 85.287 GB / 1511.166 GB to store   9787727021 kmers; need 5.861 GB to sort     13110545 kmers
Used 85.391 GB / 1511.166 GB to store   9810718224 kmers; need 5.886 GB to sort     13166989 kmers
Used 85.504 GB / 1511.166 GB to store   9835798099 kmers; need 5.898 GB to sort     13194533 kmers
Used 85.627 GB / 1511.166 GB to store   9862970118 kmers; need 5.901 GB to sort     13199328 kmers
Used 85.739 GB / 1511.166 GB to store   9888051152 kmers; need 5.919 GB to sort     13241077 kmers
Used 85.852 GB / 1511.166 GB to store   9913132249 kmers; need 5.937 GB to sort     13281582 kmers
Used 85.956 GB / 1511.166 GB to store   9936123166 kmers; need 5.961 GB to sort     13335147 kmers
Used 86.087 GB / 1511.166 GB to store   9965385048 kmers; need 5.965 GB to sort     13343012 kmers
Used 86.191 GB / 1511.166 GB to store   9988376323 kmers; need 5.994 GB to sort     13409024 kmers
Used 86.304 GB / 1511.166 GB to store  10013455888 kmers; need 6.009 GB to sort     13441428 kmers
Used 86.408 GB / 1511.166 GB to store  10036446112 kmers; need 6.033 GB to sort     13495755 kmers
Used 86.531 GB / 1511.166 GB to store  10063596254 kmers; need 6.040 GB to sort     13511874 kmers
Used 86.643 GB / 1511.166 GB to store  10088656190 kmers; need 6.057 GB to sort     13549666 kmers
Used 86.756 GB / 1511.166 GB to store  10113718585 kmers; need 6.073 GB to sort     13585621 kmers
Used 86.869 GB / 1511.166 GB to store  10138784195 kmers; need 6.090 GB to sort     13622996 kmers
Used 86.982 GB / 1511.166 GB to store  10163851229 kmers; need 6.107 GB to sort     13661927 kmers
Used 87.095 GB / 1511.166 GB to store  10188919754 kmers; need 6.124 GB to sort     13699906 kmers
Used 87.207 GB / 1511.166 GB to store  10213989383 kmers; need 6.145 GB to sort     13746930 kmers
Used 87.303 GB / 1511.166 GB to store  10234880829 kmers; need 6.179 GB to sort     13821573 kmers
Used 87.423 GB / 1511.166 GB to store  10262041208 kmers; need 6.190 GB to sort     13847206 kmers
Used 87.555 GB / 1511.166 GB to store  10291291191 kmers; need 6.200 GB to sort     13869597 kmers
Used 87.688 GB / 1511.166 GB to store  10320541462 kmers; need 6.200 GB to sort     13869614 kmers
Used 87.791 GB / 1511.166 GB to store  10343524195 kmers; need 6.228 GB to sort     13932336 kmers
Used 87.904 GB / 1511.166 GB to store  10368597478 kmers; need 6.244 GB to sort     13967732 kmers
Used 88.017 GB / 1511.166 GB to store  10393671481 kmers; need 6.257 GB to sort     13996535 kmers
Used 88.149 GB / 1511.166 GB to store  10422924471 kmers; need 6.257 GB to sort     13996535 kmers
Used 88.252 GB / 1511.166 GB to store  10445909672 kmers; need 6.301 GB to sort     14094545 kmers
Used 88.375 GB / 1511.166 GB to store  10473073245 kmers; need 6.309 GB to sort     14112858 kmers
Used 88.498 GB / 1511.166 GB to store  10500238469 kmers; need 6.317 GB to sort     14129914 kmers
Used 88.612 GB / 1511.166 GB to store  10525315169 kmers; need 6.334 GB to sort     14168775 kmers
Used 88.724 GB / 1511.166 GB to store  10550393865 kmers; need 6.352 GB to sort     14208427 kmers
Used 88.827 GB / 1511.166 GB to store  10573381736 kmers; need 6.374 GB to sort     14258989 kmers
Used 88.940 GB / 1511.166 GB to store  10598459141 kmers; need 6.387 GB to sort     14286846 kmers
Used 89.053 GB / 1511.166 GB to store  10623536082 kmers; need 6.401 GB to sort     14318374 kmers
Used 89.175 GB / 1511.166 GB to store  10650703482 kmers; need 6.412 GB to sort     14343480 kmers
Used 89.270 GB / 1511.166 GB to store  10671601388 kmers; need 6.450 GB to sort     14428314 kmers
Used 89.393 GB / 1511.166 GB to store  10698767582 kmers; need 6.453 GB to sort     14435720 kmers
Used 89.514 GB / 1511.166 GB to store  10725935542 kmers; need 6.459 GB to sort     14448662 kmers
Used 89.627 GB / 1511.166 GB to store  10751014268 kmers; need 6.473 GB to sort     14478856 kmers
Used 89.749 GB / 1511.166 GB to store  10778183458 kmers; need 6.482 GB to sort     14500641 kmers
Used 89.844 GB / 1511.166 GB to store  10799082175 kmers; need 6.515 GB to sort     14573214 kmers
Used 89.976 GB / 1511.166 GB to store  10828341129 kmers; need 6.516 GB to sort     14576078 kmers
Used 90.089 GB / 1511.166 GB to store  10853418857 kmers; need 6.536 GB to sort     14619906 kmers
Used 90.210 GB / 1511.166 GB to store  10880586455 kmers; need 6.545 GB to sort     14641461 kmers
Used 90.323 GB / 1511.166 GB to store  10905665005 kmers; need 6.564 GB to sort     14683832 kmers
Used 90.436 GB / 1511.166 GB to store  10930746565 kmers; need 6.581 GB to sort     14721621 kmers
Used 90.559 GB / 1511.166 GB to store  10957918301 kmers; need 6.587 GB to sort     14735016 kmers
Used 90.663 GB / 1511.166 GB to store  10980910934 kmers; need 6.615 GB to sort     14798211 kmers
Used 90.776 GB / 1511.166 GB to store  11005994480 kmers; need 6.632 GB to sort     14836181 kmers
Used 90.898 GB / 1511.166 GB to store  11033167037 kmers; need 6.643 GB to sort     14859601 kmers
Used 91.021 GB / 1511.166 GB to store  11060340564 kmers; need 6.651 GB to sort     14877129 kmers
Used 91.125 GB / 1511.166 GB to store  11083333385 kmers; need 6.673 GB to sort     14926725 kmers
Used 91.238 GB / 1511.166 GB to store  11108415923 kmers; need 6.690 GB to sort     14964773 kmers
Used 91.351 GB / 1511.166 GB to store  11133498012 kmers; need 6.701 GB to sort     14990090 kmers
Used 91.445 GB / 1511.166 GB to store  11154400392 kmers; need 6.733 GB to sort     15062476 kmers
Used 91.576 GB / 1511.166 GB to store  11183663115 kmers; need 6.733 GB to sort     15062476 kmers
Used 91.689 GB / 1511.166 GB to store  11208745672 kmers; need 6.747 GB to sort     15093776 kmers
Used 91.812 GB / 1511.166 GB to store  11235918923 kmers; need 6.756 GB to sort     15112707 kmers
Used 91.924 GB / 1511.166 GB to store  11261001951 kmers; need 6.770 GB to sort     15143482 kmers
Used 92.028 GB / 1511.166 GB to store  11283995458 kmers; need 6.803 GB to sort     15218254 kmers
Used 92.160 GB / 1511.166 GB to store  11313259391 kmers; need 6.803 GB to sort     15218254 kmers
Used 92.282 GB / 1511.166 GB to store  11340432836 kmers; need 6.819 GB to sort     15253031 kmers
Used 92.375 GB / 1511.166 GB to store  11361335461 kmers; need 6.851 GB to sort     15326075 kmers
Used 92.508 GB / 1511.166 GB to store  11390599200 kmers; need 6.851 GB to sort     15326075 kmers
Used 92.611 GB / 1511.166 GB to store  11413592320 kmers; need 6.874 GB to sort     15377089 kmers
Used 92.705 GB / 1511.166 GB to store  11434494159 kmers; need 6.907 GB to sort     15450667 kmers
Used 92.838 GB / 1511.166 GB to store  11463757731 kmers; need 6.907 GB to sort     15450667 kmers
Used 92.969 GB / 1511.166 GB to store  11493022285 kmers; need 6.914 GB to sort     15466628 kmers
Used 93.083 GB / 1511.166 GB to store  11518104808 kmers; need 6.929 GB to sort     15499668 kmers
Used 93.195 GB / 1511.166 GB to store  11543188634 kmers; need 6.948 GB to sort     15542425 kmers
Used 93.307 GB / 1511.166 GB to store  11568270974 kmers; need 6.985 GB to sort     15625676 kmers
Used 93.439 GB / 1511.166 GB to store  11597534316 kmers; need 6.985 GB to sort     15625676 kmers
Used 93.553 GB / 1511.166 GB to store  11622619058 kmers; need 6.998 GB to sort     15653196 kmers
Used 93.675 GB / 1511.166 GB to store  11649792484 kmers; need 7.009 GB to sort     15678052 kmers
Used 93.779 GB / 1511.166 GB to store  11672785810 kmers; need 7.031 GB to sort     15727476 kmers
Used 93.892 GB / 1511.166 GB to store  11697868044 kmers; need 7.049 GB to sort     15769155 kmers
Used 94.025 GB / 1511.166 GB to store  11727133460 kmers; need 7.049 GB to sort     15769155 kmers
Used 94.138 GB / 1511.166 GB to store  11752217492 kmers; need 7.068 GB to sort     15811447 kmers
Used 94.251 GB / 1511.166 GB to store  11777300450 kmers; need 7.084 GB to sort     15845926 kmers
Used 94.363 GB / 1511.166 GB to store  11802384479 kmers; need 7.097 GB to sort     15875734 kmers
Used 94.476 GB / 1511.166 GB to store  11827467068 kmers; need 7.117 GB to sort     15921121 kmers
Used 94.589 GB / 1511.166 GB to store  11852550083 kmers; need 7.131 GB to sort     15951957 kmers
Used 94.702 GB / 1511.166 GB to store  11877634133 kmers; need 7.144 GB to sort     15980957 kmers
Used 94.815 GB / 1511.166 GB to store  11902717937 kmers; need 7.160 GB to sort     16015639 kmers
Used 94.937 GB / 1511.166 GB to store  11929891293 kmers; need 7.171 GB to sort     16041118 kmers
Used 95.032 GB / 1511.166 GB to store  11950794290 kmers; need 7.203 GB to sort     16113874 kmers
Used 95.163 GB / 1511.166 GB to store  11980057250 kmers; need 7.207 GB to sort     16121531 kmers
Used 95.276 GB / 1511.166 GB to store  12005140780 kmers; need 7.228 GB to sort     16168768 kmers
Used 95.397 GB / 1511.166 GB to store  12032315419 kmers; need 7.235 GB to sort     16183917 kmers
Used 95.511 GB / 1511.166 GB to store  12057399316 kmers; need 7.247 GB to sort     16211141 kmers
Used 95.624 GB / 1511.166 GB to store  12082481564 kmers; need 7.266 GB to sort     16253623 kmers
Used 95.737 GB / 1511.166 GB to store  12107564971 kmers; need 7.285 GB to sort     16297091 kmers
Used 95.841 GB / 1511.166 GB to store  12130557731 kmers; need 7.312 GB to sort     16356818 kmers
Used 95.964 GB / 1511.166 GB to store  12157730887 kmers; need 7.322 GB to sort     16378919 kmers
Used 96.077 GB / 1511.166 GB to store  12182814378 kmers; need 7.339 GB to sort     16417629 kmers
Used 96.208 GB / 1511.166 GB to store  12212078991 kmers; need 7.340 GB to sort     16418356 kmers
Used 96.321 GB / 1511.166 GB to store  12237163058 kmers; need 7.361 GB to sort     16465716 kmers
Used 96.425 GB / 1511.166 GB to store  12260155733 kmers; need 7.388 GB to sort     16527165 kmers
Used 96.538 GB / 1511.166 GB to store  12285239289 kmers; need 7.401 GB to sort     16556539 kmers
Used 96.652 GB / 1511.166 GB to store  12310323782 kmers; need 7.416 GB to sort     16589656 kmers
Used 96.773 GB / 1511.166 GB to store  12337498201 kmers; need 7.426 GB to sort     16611834 kmers
Used 96.886 GB / 1511.166 GB to store  12362581809 kmers; need 7.444 GB to sort     16651682 kmers
Used 96.999 GB / 1511.166 GB to store  12387666465 kmers; need 7.457 GB to sort     16680670 kmers
Used 97.103 GB / 1511.166 GB to store  12410661570 kmers; need 7.479 GB to sort     16729842 kmers
Used 97.225 GB / 1511.166 GB to store  12437835491 kmers; need 7.483 GB to sort     16738948 kmers
Used 97.329 GB / 1511.166 GB to store  12460828711 kmers; need 7.506 GB to sort     16790881 kmers
Used 97.441 GB / 1511.166 GB to store  12485913265 kmers; need 7.522 GB to sort     16826063 kmers
Used 97.555 GB / 1511.166 GB to store  12510997388 kmers; need 7.534 GB to sort     16853976 kmers
Used 97.678 GB / 1511.166 GB to store  12538171119 kmers; need 7.540 GB to sort     16866385 kmers
Used 97.781 GB / 1511.166 GB to store  12561163866 kmers; need 7.564 GB to sort     16920000 kmers
Used 97.885 GB / 1511.166 GB to store  12584157153 kmers; need 7.591 GB to sort     16979960 kmers
Used 98.006 GB / 1511.166 GB to store  12611331309 kmers; need 7.596 GB to sort     16992363 kmers
Used 98.120 GB / 1511.166 GB to store  12636415581 kmers; need 7.610 GB to sort     17024154 kmers
Used 98.242 GB / 1511.166 GB to store  12663589566 kmers; need 7.615 GB to sort     17035406 kmers
Used 98.337 GB / 1511.166 GB to store  12684491229 kmers; need 7.651 GB to sort     17114710 kmers
Used 98.468 GB / 1511.166 GB to store  12713756432 kmers; need 7.651 GB to sort     17114710 kmers
Used 98.572 GB / 1511.166 GB to store  12736750382 kmers; need 7.677 GB to sort     17172102 kmers
Used 98.703 GB / 1511.166 GB to store  12766015098 kmers; need 7.683 GB to sort     17187280 kmers
Used 98.806 GB / 1511.166 GB to store  12789007744 kmers; need 7.725 GB to sort     17280992 kmers
Used 98.938 GB / 1511.166 GB to store  12818273150 kmers; need 7.725 GB to sort     17280992 kmers
Used 99.052 GB / 1511.166 GB to store  12843357952 kmers; need 7.741 GB to sort     17315929 kmers
Used 99.184 GB / 1511.166 GB to store  12872622598 kmers; need 7.744 GB to sort     17323106 kmers
Used 99.306 GB / 1511.166 GB to store  12899797011 kmers; need 7.754 GB to sort     17345063 kmers
Used 99.400 GB / 1511.166 GB to store  12920699515 kmers; need 7.788 GB to sort     17422355 kmers
Used 99.522 GB / 1511.166 GB to store  12947874447 kmers; need 7.798 GB to sort     17442880 kmers
Used 99.636 GB / 1511.166 GB to store  12972957335 kmers; need 7.811 GB to sort     17473678 kmers
Used 99.731 GB / 1511.166 GB to store  12993860140 kmers; need 7.848 GB to sort     17556069 kmers
Used 99.862 GB / 1511.166 GB to store  13023124588 kmers; need 7.848 GB to sort     17556069 kmers
Used 99.984 GB / 1511.166 GB to store  13050298675 kmers; need 7.863 GB to sort     17588386 kmers
Used 100.097 GB / 1511.166 GB to store  13075382770 kmers; need 7.880 GB to sort     17626827 kmers
Used 100.220 GB / 1511.166 GB to store  13102557104 kmers; need 7.898 GB to sort     17667070 kmers
Used 100.334 GB / 1511.166 GB to store  13127640792 kmers; need 7.915 GB to sort     17704772 kmers
Used 100.456 GB / 1511.166 GB to store  13154815001 kmers; need 7.922 GB to sort     17722129 kmers
Used 100.577 GB / 1511.166 GB to store  13181988954 kmers; need 7.942 GB to sort     17766854 kmers
Used 100.680 GB / 1511.166 GB to store  13204983084 kmers; need 7.969 GB to sort     17825370 kmers
Used 100.812 GB / 1511.166 GB to store  13234246285 kmers; need 7.970 GB to sort     17829427 kmers
Used 100.935 GB / 1511.166 GB to store  13261419664 kmers; need 7.975 GB to sort     17838847 kmers
Used 101.029 GB / 1511.166 GB to store  13282321813 kmers; need 8.011 GB to sort     17921272 kmers
Used 101.141 GB / 1511.166 GB to store  13307406124 kmers; need 8.028 GB to sort     17958072 kmers
Used 101.265 GB / 1511.166 GB to store  13334579238 kmers; need 8.032 GB to sort     17967834 kmers
Used 101.387 GB / 1511.166 GB to store  13361753973 kmers; need 8.042 GB to sort     17988778 kmers
Used 101.481 GB / 1511.166 GB to store  13382656713 kmers; need 8.079 GB to sort     18072271 kmers
Used 101.613 GB / 1511.166 GB to store  13411920887 kmers; need 8.088 GB to sort     18093665 kmers
Used 101.735 GB / 1511.166 GB to store  13439093837 kmers; need 8.092 GB to sort     18102455 kmers
Used 101.857 GB / 1511.166 GB to store  13466266403 kmers; need 8.104 GB to sort     18127417 kmers
Used 101.980 GB / 1511.166 GB to store  13493439678 kmers; need 8.115 GB to sort     18152932 kmers
Used 102.093 GB / 1511.166 GB to store  13518523398 kmers; need 8.132 GB to sort     18190709 kmers
Used 102.197 GB / 1511.166 GB to store  13541516086 kmers; need 8.156 GB to sort     18245135 kmers
Used 102.319 GB / 1511.166 GB to store  13568688920 kmers; need 8.163 GB to sort     18259937 kmers
Used 102.432 GB / 1511.166 GB to store  13593771437 kmers; need 8.194 GB to sort     18330218 kmers
Used 102.554 GB / 1511.166 GB to store  13620943885 kmers; need 8.204 GB to sort     18352661 kmers
Used 102.667 GB / 1511.166 GB to store  13646026832 kmers; need 8.223 GB to sort     18394801 kmers
Used 102.799 GB / 1511.166 GB to store  13675289796 kmers; need 8.230 GB to sort     18409633 kmers
Used 102.922 GB / 1511.166 GB to store  13702463310 kmers; need 8.239 GB to sort     18431436 kmers
Used 103.026 GB / 1511.166 GB to store  13725456475 kmers; need 8.262 GB to sort     18481154 kmers
Used 103.147 GB / 1511.166 GB to store  13752629365 kmers; need 8.275 GB to sort     18510915 kmers
Used 103.271 GB / 1511.166 GB to store  13779801408 kmers; need 8.284 GB to sort     18531026 kmers
Used 103.364 GB / 1511.166 GB to store  13800703549 kmers; need 8.316 GB to sort     18603349 kmers
Used 103.487 GB / 1511.166 GB to store  13827875688 kmers; need 8.322 GB to sort     18616308 kmers
Used 103.609 GB / 1511.166 GB to store  13855049044 kmers; need 8.325 GB to sort     18623411 kmers
Used 103.685 GB / 1511.166 GB to store  13871771066 kmers; need 8.383 GB to sort     18752748 kmers
Used 103.817 GB / 1511.166 GB to store  13901034467 kmers; need 8.384 GB to sort     18753929 kmers
Used 103.949 GB / 1511.166 GB to store  13930297512 kmers; need 8.384 GB to sort     18753929 kmers
Used 104.080 GB / 1511.166 GB to store  13959560020 kmers; need 8.384 GB to sort     18753929 kmers
Used 104.165 GB / 1511.166 GB to store  13978372468 kmers; need 8.434 GB to sort     18867027 kmers
Used 104.269 GB / 1511.166 GB to store  14001365679 kmers; need 8.465 GB to sort     18934943 kmers
Used 104.400 GB / 1511.166 GB to store  14030627487 kmers; need 8.465 GB to sort     18935799 kmers
Used 104.533 GB / 1511.166 GB to store  14059889160 kmers; need 8.465 GB to sort     18935799 kmers
Used 104.655 GB / 1511.166 GB to store  14087061981 kmers; need 8.471 GB to sort     18949524 kmers
Used 104.777 GB / 1511.166 GB to store  14114234504 kmers; need 8.483 GB to sort     18976239 kmers
Used 104.879 GB / 1511.166 GB to store  14137225429 kmers; need 8.512 GB to sort     19040386 kmers
Used 104.974 GB / 1511.166 GB to store  14158125985 kmers; need 8.544 GB to sort     19113496 kmers
Used 105.106 GB / 1511.166 GB to store  14187389377 kmers; need 8.544 GB to sort     19113496 kmers
Used 105.228 GB / 1511.166 GB to store  14214561105 kmers; need 8.555 GB to sort     19137241 kmers
Used 105.351 GB / 1511.166 GB to store  14241734232 kmers; need 8.565 GB to sort     19159125 kmers
Used 105.445 GB / 1511.166 GB to store  14262635986 kmers; need 8.599 GB to sort     19236730 kmers
Used 105.577 GB / 1511.166 GB to store  14291896979 kmers; need 8.600 GB to sort     19237192 kmers
Used 105.691 GB / 1511.166 GB to store  14316979495 kmers; need 8.618 GB to sort     19279233 kmers
Used 105.822 GB / 1511.166 GB to store  14346241100 kmers; need 8.621 GB to sort     19284437 kmers
Used 105.916 GB / 1511.166 GB to store  14367143067 kmers; need 8.652 GB to sort     19354507 kmers
Used 106.029 GB / 1511.166 GB to store  14392224839 kmers; need 8.666 GB to sort     19386564 kmers
Used 106.151 GB / 1511.166 GB to store  14419395949 kmers; need 8.670 GB to sort     19394876 kmers
Used 106.264 GB / 1511.166 GB to store  14444477399 kmers; need 8.690 GB to sort     19438998 kmers
Used 106.387 GB / 1511.166 GB to store  14471650026 kmers; need 8.698 GB to sort     19456550 kmers
Used 106.490 GB / 1511.166 GB to store  14494640856 kmers; need 8.728 GB to sort     19524633 kmers
Used 106.622 GB / 1511.166 GB to store  14523903865 kmers; need 8.733 GB to sort     19534496 kmers
Used 106.736 GB / 1511.166 GB to store  14548985534 kmers; need 8.751 GB to sort     19574568 kmers
Used 106.849 GB / 1511.166 GB to store  14574067780 kmers; need 8.765 GB to sort     19605902 kmers
Used 106.933 GB / 1511.166 GB to store  14592879502 kmers; need 8.809 GB to sort     19704599 kmers
Used 107.064 GB / 1511.166 GB to store  14622140655 kmers; need 8.809 GB to sort     19704599 kmers
Used 107.196 GB / 1511.166 GB to store  14651403946 kmers; need 8.810 GB to sort     19707817 kmers
Used 107.318 GB / 1511.166 GB to store  14678577100 kmers; need 8.820 GB to sort     19729839 kmers
Used 107.422 GB / 1511.166 GB to store  14701568315 kmers; need 8.842 GB to sort     19780233 kmers
Used 107.535 GB / 1511.166 GB to store  14726650443 kmers; need 8.862 GB to sort     19824716 kmers
Used 107.658 GB / 1511.166 GB to store  14753821972 kmers; need 8.868 GB to sort     19836757 kmers
Used 107.743 GB / 1511.166 GB to store  14772631826 kmers; need 8.912 GB to sort     19936118 kmers
Used 107.875 GB / 1511.166 GB to store  14801892374 kmers; need 8.912 GB to sort     19936118 kmers
Used 107.986 GB / 1511.166 GB to store  14826973640 kmers; need 8.930 GB to sort     19975978 kmers
Used 108.120 GB / 1511.166 GB to store  14856233555 kmers; need 8.930 GB to sort     19975978 kmers
Used 108.232 GB / 1511.166 GB to store  14881314070 kmers; need 8.950 GB to sort     20021145 kmers
Used 108.326 GB / 1511.166 GB to store  14902213899 kmers; need 8.984 GB to sort     20096766 kmers
Used 108.448 GB / 1511.166 GB to store  14929385916 kmers; need 8.995 GB to sort     20121102 kmers
Used 108.579 GB / 1511.166 GB to store  14958646860 kmers; need 8.995 GB to sort     20121102 kmers
Used 108.674 GB / 1511.166 GB to store  14979546971 kmers; need 9.030 GB to sort     20199350 kmers
Used 108.778 GB / 1511.166 GB to store  15002537856 kmers; need 9.058 GB to sort     20262045 kmers
Used 108.910 GB / 1511.166 GB to store  15031796874 kmers; need 9.059 GB to sort     20265022 kmers
Used 109.033 GB / 1511.166 GB to store  15058961901 kmers; need 9.062 GB to sort     20272033 kmers
Used 109.145 GB / 1511.166 GB to store  15084017708 kmers; need 9.083 GB to sort     20317674 kmers
Used 109.258 GB / 1511.166 GB to store  15109078449 kmers; need 9.101 GB to sort     20358636 kmers
Used 109.371 GB / 1511.166 GB to store  15134141596 kmers; need 9.119 GB to sort     20398163 kmers
Used 109.484 GB / 1511.166 GB to store  15159205628 kmers; need 9.132 GB to sort     20427730 kmers
Used 109.597 GB / 1511.166 GB to store  15184272878 kmers; need 9.173 GB to sort     20519272 kmers
Used 109.729 GB / 1511.166 GB to store  15213519862 kmers; need 9.173 GB to sort     20519272 kmers
Used 109.852 GB / 1511.166 GB to store  15240678522 kmers; need 9.185 GB to sort     20547024 kmers
Used 109.964 GB / 1511.166 GB to store  15265749060 kmers; need 9.203 GB to sort     20586800 kmers
Used 110.067 GB / 1511.166 GB to store  15288732048 kmers; need 9.227 GB to sort     20639574 kmers
Used 110.200 GB / 1511.166 GB to store  15317982912 kmers; need 9.237 GB to sort     20662806 kmers
Used 110.313 GB / 1511.166 GB to store  15343055501 kmers; need 9.250 GB to sort     20691338 kmers
Used 110.426 GB / 1511.166 GB to store  15368128617 kmers; need 9.263 GB to sort     20721994 kmers
Used 110.538 GB / 1511.166 GB to store  15393202002 kmers; need 9.277 GB to sort     20751459 kmers
Used 110.660 GB / 1511.166 GB to store  15420364209 kmers; need 9.284 GB to sort     20767296 kmers
Used 110.764 GB / 1511.166 GB to store  15443350290 kmers; need 9.306 GB to sort     20817625 kmers
Used 110.877 GB / 1511.166 GB to store  15468427421 kmers; need 9.323 GB to sort     20856083 kmers
Used 110.990 GB / 1511.166 GB to store  15493502171 kmers; need 9.336 GB to sort     20884499 kmers
Used 111.093 GB / 1511.166 GB to store  15516488651 kmers; need 9.360 GB to sort     20938279 kmers
Used 111.206 GB / 1511.166 GB to store  15541564755 kmers; need 9.373 GB to sort     20966616 kmers
Used 111.320 GB / 1511.166 GB to store  15566642677 kmers; need 9.392 GB to sort     21010071 kmers
Used 111.442 GB / 1511.166 GB to store  15593808171 kmers; need 9.398 GB to sort     21023772 kmers
Used 111.546 GB / 1511.166 GB to store  15616795162 kmers; need 9.424 GB to sort     21080804 kmers
Used 111.668 GB / 1511.166 GB to store  15643961322 kmers; need 9.435 GB to sort     21105676 kmers
Used 111.790 GB / 1511.166 GB to store  15671127508 kmers; need 9.439 GB to sort     21114244 kmers
Used 111.903 GB / 1511.166 GB to store  15696206367 kmers; need 9.456 GB to sort     21153675 kmers
Used 112.016 GB / 1511.166 GB to store  15721283548 kmers; need 9.472 GB to sort     21189154 kmers
Used 112.138 GB / 1511.166 GB to store  15748452940 kmers; need 9.478 GB to sort     21202934 kmers
Used 112.241 GB / 1511.166 GB to store  15771440331 kmers; need 9.505 GB to sort     21262172 kmers
Used 112.364 GB / 1511.166 GB to store  15798607493 kmers; need 9.513 GB to sort     21279498 kmers
Used 112.468 GB / 1511.166 GB to store  15821596461 kmers; need 9.538 GB to sort     21336184 kmers
Used 112.581 GB / 1511.166 GB to store  15846676150 kmers; need 9.552 GB to sort     21368064 kmers
Used 112.704 GB / 1511.166 GB to store  15873846569 kmers; need 9.560 GB to sort     21385888 kmers
Used 112.816 GB / 1511.166 GB to store  15898924597 kmers; need 9.576 GB to sort     21422210 kmers
Used 112.930 GB / 1511.166 GB to store  15924003216 kmers; need 9.596 GB to sort     21466624 kmers
Used 113.053 GB / 1511.166 GB to store  15951175779 kmers; need 9.607 GB to sort     21491051 kmers
Used 113.166 GB / 1511.166 GB to store  15976257824 kmers; need 9.627 GB to sort     21535991 kmers
Used 113.278 GB / 1511.166 GB to store  16001341556 kmers; need 9.644 GB to sort     21572921 kmers
Used 113.400 GB / 1511.166 GB to store  16028513403 kmers; need 9.654 GB to sort     21596692 kmers
Used 113.513 GB / 1511.166 GB to store  16053595767 kmers; need 9.673 GB to sort     21639094 kmers
Used 113.618 GB / 1511.166 GB to store  16076587193 kmers; need 9.694 GB to sort     21684873 kmers
Used 113.740 GB / 1511.166 GB to store  16103759370 kmers; need 9.703 GB to sort     21705028 kmers
Used 113.853 GB / 1511.166 GB to store  16128842629 kmers; need 9.722 GB to sort     21746646 kmers
Used 113.974 GB / 1511.166 GB to store  16156015562 kmers; need 9.726 GB to sort     21757218 kmers
Used 114.079 GB / 1511.166 GB to store  16179007511 kmers; need 9.749 GB to sort     21808643 kmers
Used 114.201 GB / 1511.166 GB to store  16206180827 kmers; need 9.759 GB to sort     21831575 kmers
Used 114.323 GB / 1511.166 GB to store  16233354886 kmers; need 9.767 GB to sort     21847413 kmers
Used 114.418 GB / 1511.166 GB to store  16254257827 kmers; need 9.805 GB to sort     21933228 kmers
Used 114.540 GB / 1511.166 GB to store  16281430703 kmers; need 9.809 GB to sort     21941285 kmers
Used 114.662 GB / 1511.166 GB to store  16308603319 kmers; need 9.820 GB to sort     21966240 kmers
Used 114.766 GB / 1511.166 GB to store  16331595064 kmers; need 9.847 GB to sort     22028315 kmers
Used 114.889 GB / 1511.166 GB to store  16358768519 kmers; need 9.853 GB to sort     22041125 kmers
Used 115.011 GB / 1511.166 GB to store  16385941159 kmers; need 9.865 GB to sort     22066893 kmers
Used 115.134 GB / 1511.166 GB to store  16413113056 kmers; need 9.875 GB to sort     22089638 kmers
Used 115.236 GB / 1511.166 GB to store  16436105291 kmers; need 9.902 GB to sort     22149738 kmers
Used 115.340 GB / 1511.166 GB to store  16459098662 kmers; need 9.926 GB to sort     22203465 kmers
Used 115.474 GB / 1511.166 GB to store  16488362171 kmers; need 9.926 GB to sort     22203465 kmers
Used 115.595 GB / 1511.166 GB to store  16515534273 kmers; need 9.935 GB to sort     22223908 kmers
Used 115.708 GB / 1511.166 GB to store  16540618324 kmers; need 9.955 GB to sort     22268985 kmers
Used 115.811 GB / 1511.166 GB to store  16563610946 kmers; need 9.982 GB to sort     22329781 kmers
Used 115.933 GB / 1511.166 GB to store  16590784395 kmers; need 9.994 GB to sort     22355902 kmers
Used 116.046 GB / 1511.166 GB to store  16615869137 kmers; need 10.007 GB to sort     22384393 kmers
Used 116.168 GB / 1511.166 GB to store  16643042882 kmers; need 10.017 GB to sort     22408066 kmers
Used 116.282 GB / 1511.166 GB to store  16668126459 kmers; need 10.033 GB to sort     22442996 kmers
Used 116.395 GB / 1511.166 GB to store  16693208872 kmers; need 10.051 GB to sort     22484652 kmers
Used 116.508 GB / 1511.166 GB to store  16718292296 kmers; need 10.067 GB to sort     22520454 kmers
Used 116.612 GB / 1511.166 GB to store  16741284723 kmers; need 10.092 GB to sort     22576133 kmers
Used 116.734 GB / 1511.166 GB to store  16768458327 kmers; need 10.098 GB to sort     22588457 kmers
Used 116.847 GB / 1511.166 GB to store  16793541924 kmers; need 10.112 GB to sort     22621047 kmers
Used 116.979 GB / 1511.166 GB to store  16822804716 kmers; need 10.114 GB to sort     22625301 kmers
Used 117.082 GB / 1511.166 GB to store  16845797780 kmers; need 10.138 GB to sort     22679201 kmers
Used 117.195 GB / 1511.166 GB to store  16870881767 kmers; need 10.152 GB to sort     22709546 kmers
Used 117.309 GB / 1511.166 GB to store  16895966458 kmers; need 10.169 GB to sort     22747173 kmers
Used 117.422 GB / 1511.166 GB to store  16921048876 kmers; need 10.185 GB to sort     22782448 kmers
Used 117.545 GB / 1511.166 GB to store  16948222327 kmers; need 10.195 GB to sort     22805666 kmers
Used 117.648 GB / 1511.166 GB to store  16971214360 kmers; need 10.217 GB to sort     22854803 kmers
Used 117.752 GB / 1511.166 GB to store  16994206883 kmers; need 10.239 GB to sort     22904630 kmers
Used 117.884 GB / 1511.166 GB to store  17023471702 kmers; need 10.242 GB to sort     22909923 kmers
Used 117.997 GB / 1511.166 GB to store  17048555883 kmers; need 10.262 GB to sort     22955658 kmers
Used 118.109 GB / 1511.166 GB to store  17073640040 kmers; need 10.275 GB to sort     22984649 kmers
Used 118.222 GB / 1511.166 GB to store  17098722717 kmers; need 10.291 GB to sort     23020847 kmers
Used 118.334 GB / 1511.166 GB to store  17123806035 kmers; need 10.306 GB to sort     23053076 kmers
Used 118.439 GB / 1511.166 GB to store  17146798721 kmers; need 10.327 GB to sort     23100908 kmers
Used 118.553 GB / 1511.166 GB to store  17171881424 kmers; need 10.342 GB to sort     23135319 kmers
Used 118.665 GB / 1511.166 GB to store  17196965665 kmers; need 10.358 GB to sort     23171481 kmers
Used 118.787 GB / 1511.166 GB to store  17224140277 kmers; need 10.365 GB to sort     23185626 kmers
Used 118.900 GB / 1511.166 GB to store  17249223609 kmers; need 10.384 GB to sort     23227801 kmers
Used 119.014 GB / 1511.166 GB to store  17274307197 kmers; need 10.395 GB to sort     23254060 kmers
Used 119.127 GB / 1511.166 GB to store  17299390429 kmers; need 10.414 GB to sort     23296722 kmers
Used 119.249 GB / 1511.166 GB to store  17326565371 kmers; need 10.426 GB to sort     23321606 kmers
Used 119.362 GB / 1511.166 GB to store  17351649661 kmers; need 10.441 GB to sort     23357228 kmers
Used 119.484 GB / 1511.166 GB to store  17378823165 kmers; need 10.460 GB to sort     23398449 kmers
Used 119.607 GB / 1511.166 GB to store  17405996622 kmers; need 10.470 GB to sort     23421632 kmers
Used 119.711 GB / 1511.166 GB to store  17428989572 kmers; need 10.493 GB to sort     23472224 kmers
Used 119.834 GB / 1511.166 GB to store  17456163241 kmers; need 10.502 GB to sort     23493334 kmers
Used 119.946 GB / 1511.166 GB to store  17481246422 kmers; need 10.515 GB to sort     23522442 kmers
Used 120.049 GB / 1511.166 GB to store  17504239398 kmers; need 10.539 GB to sort     23576014 kmers
Used 120.172 GB / 1511.166 GB to store  17531414878 kmers; need 10.542 GB to sort     23583015 kmers
Used 120.276 GB / 1511.166 GB to store  17554407806 kmers; need 10.566 GB to sort     23635482 kmers
Used 120.397 GB / 1511.166 GB to store  17581580707 kmers; need 10.572 GB to sort     23649037 kmers
Used 120.512 GB / 1511.166 GB to store  17606664469 kmers; need 10.589 GB to sort     23686632 kmers
Used 120.625 GB / 1511.166 GB to store  17631747488 kmers; need 10.608 GB to sort     23730397 kmers
Used 120.746 GB / 1511.166 GB to store  17658921158 kmers; need 10.622 GB to sort     23761417 kmers
Used 120.870 GB / 1511.166 GB to store  17686096616 kmers; need 10.631 GB to sort     23781556 kmers
Used 120.982 GB / 1511.166 GB to store  17711181350 kmers; need 10.651 GB to sort     23825646 kmers
Used 121.094 GB / 1511.166 GB to store  17736263939 kmers; need 10.667 GB to sort     23860936 kmers
Used 121.207 GB / 1511.166 GB to store  17761347672 kmers; need 10.680 GB to sort     23891703 kmers
Used 121.320 GB / 1511.166 GB to store  17786431056 kmers; need 10.696 GB to sort     23926535 kmers
Used 121.433 GB / 1511.166 GB to store  17811515377 kmers; need 10.715 GB to sort     23969450 kmers
Used 121.546 GB / 1511.166 GB to store  17836600125 kmers; need 10.732 GB to sort     24006517 kmers
Used 121.669 GB / 1511.166 GB to store  17863772714 kmers; need 10.747 GB to sort     24041350 kmers
Used 121.791 GB / 1511.166 GB to store  17890947166 kmers; need 10.760 GB to sort     24070298 kmers
Used 121.905 GB / 1511.166 GB to store  17916030983 kmers; need 10.776 GB to sort     24104559 kmers
Used 122.019 GB / 1511.166 GB to store  17941114094 kmers; need 10.791 GB to sort     24139425 kmers
Used 122.131 GB / 1511.166 GB to store  17966197863 kmers; need 10.808 GB to sort     24176066 kmers
Used 122.255 GB / 1511.166 GB to store  17993372296 kmers; need 10.818 GB to sort     24199118 kmers
Used 122.358 GB / 1511.166 GB to store  18016365484 kmers; need 10.841 GB to sort     24251901 kmers
Used 122.471 GB / 1511.166 GB to store  18041448955 kmers; need 10.855 GB to sort     24282933 kmers
Used 122.593 GB / 1511.166 GB to store  18068622487 kmers; need 10.879 GB to sort     24335585 kmers
Used 122.706 GB / 1511.166 GB to store  18093706064 kmers; need 10.900 GB to sort     24382748 kmers
Used 122.828 GB / 1511.166 GB to store  18120880253 kmers; need 10.903 GB to sort     24389758 kmers
Used 122.950 GB / 1511.166 GB to store  18148053967 kmers; need 10.920 GB to sort     24428379 kmers
Used 123.073 GB / 1511.166 GB to store  18175226874 kmers; need 10.931 GB to sort     24452716 kmers
Used 123.186 GB / 1511.166 GB to store  18200309732 kmers; need 10.952 GB to sort     24498910 kmers
Used 123.299 GB / 1511.166 GB to store  18225392897 kmers; need 10.967 GB to sort     24532527 kmers
Used 123.412 GB / 1511.166 GB to store  18250476673 kmers; need 10.987 GB to sort     24577024 kmers
Used 123.534 GB / 1511.166 GB to store  18277650597 kmers; need 10.998 GB to sort     24602527 kmers
Used 123.647 GB / 1511.166 GB to store  18302734283 kmers; need 11.019 GB to sort     24649189 kmers
Used 123.750 GB / 1511.166 GB to store  18325726101 kmers; need 11.044 GB to sort     24704656 kmers
Used 123.882 GB / 1511.166 GB to store  18354989648 kmers; need 11.047 GB to sort     24711586 kmers
Used 124.004 GB / 1511.166 GB to store  18382162433 kmers; need 11.052 GB to sort     24722056 kmers
Used 124.118 GB / 1511.166 GB to store  18407246497 kmers; need 11.071 GB to sort     24765920 kmers
Used 124.241 GB / 1511.166 GB to store  18434419195 kmers; need 11.078 GB to sort     24780377 kmers
Used 124.344 GB / 1511.166 GB to store  18457410241 kmers; need 11.099 GB to sort     24828613 kmers
Used 124.447 GB / 1511.166 GB to store  18480402873 kmers; need 11.126 GB to sort     24888484 kmers
Used 124.579 GB / 1511.166 GB to store  18509666372 kmers; need 11.128 GB to sort     24892018 kmers
Used 124.664 GB / 1511.166 GB to store  18528477727 kmers; need 11.169 GB to sort     24984784 kmers
Used 124.796 GB / 1511.166 GB to store  18557740973 kmers; need 11.169 GB to sort     24984784 kmers
Used 124.918 GB / 1511.166 GB to store  18584913528 kmers; need 11.175 GB to sort     24997543 kmers
Used 125.041 GB / 1511.166 GB to store  18612085685 kmers; need 11.198 GB to sort     25049733 kmers
Used 125.153 GB / 1511.166 GB to store  18637168138 kmers; need 11.217 GB to sort     25091844 kmers
Used 125.276 GB / 1511.166 GB to store  18664340872 kmers; need 11.227 GB to sort     25115163 kmers
Used 125.399 GB / 1511.166 GB to store  18691514020 kmers; need 11.236 GB to sort     25134504 kmers
Used 125.503 GB / 1511.166 GB to store  18714506919 kmers; need 11.262 GB to sort     25193475 kmers
Used 125.606 GB / 1511.166 GB to store  18737499512 kmers; need 11.285 GB to sort     25243955 kmers
Used 125.719 GB / 1511.166 GB to store  18762580820 kmers; need 11.302 GB to sort     25282143 kmers
Used 125.850 GB / 1511.166 GB to store  18791844772 kmers; need 11.324 GB to sort     25330587 kmers
Used 125.983 GB / 1511.166 GB to store  18821107550 kmers; need 11.324 GB to sort     25330587 kmers
Used 126.085 GB / 1511.166 GB to store  18844100049 kmers; need 11.353 GB to sort     25395905 kmers
Used 126.217 GB / 1511.166 GB to store  18873364612 kmers; need 11.353 GB to sort     25395905 kmers
Used 126.349 GB / 1511.166 GB to store  18902626958 kmers; need 11.355 GB to sort     25399725 kmers
Used 126.453 GB / 1511.166 GB to store  18925619913 kmers; need 11.398 GB to sort     25496355 kmers
Used 126.565 GB / 1511.166 GB to store  18950702464 kmers; need 11.412 GB to sort     25528795 kmers
Used 126.688 GB / 1511.166 GB to store  18977874039 kmers; need 11.416 GB to sort     25536118 kmers
Used 126.811 GB / 1511.166 GB to store  19005046964 kmers; need 11.422 GB to sort     25551676 kmers
Used 126.923 GB / 1511.166 GB to store  19030128805 kmers; need 11.441 GB to sort     25594011 kmers
Used 127.036 GB / 1511.166 GB to store  19055211103 kmers; need 11.461 GB to sort     25636734 kmers
Used 127.150 GB / 1511.166 GB to store  19080294829 kmers; need 11.480 GB to sort     25680209 kmers
Used 127.272 GB / 1511.166 GB to store  19107466589 kmers; need 11.496 GB to sort     25715477 kmers
Used 127.394 GB / 1511.166 GB to store  19134639297 kmers; need 11.524 GB to sort     25777937 kmers
Used 127.526 GB / 1511.166 GB to store  19163901510 kmers; need 11.524 GB to sort     25777953 kmers
Used 127.657 GB / 1511.166 GB to store  19193164287 kmers; need 11.527 GB to sort     25784901 kmers
Used 127.780 GB / 1511.166 GB to store  19220336995 kmers; need 11.545 GB to sort     25824953 kmers
Used 127.865 GB / 1511.166 GB to store  19239148258 kmers; need 11.585 GB to sort     25914504 kmers
Used 127.987 GB / 1511.166 GB to store  19266320679 kmers; need 11.592 GB to sort     25931138 kmers
Used 128.119 GB / 1511.166 GB to store  19295582689 kmers; need 11.592 GB to sort     25931138 kmers
Used 128.232 GB / 1511.166 GB to store  19320665104 kmers; need 11.604 GB to sort     25958534 kmers
Used 128.346 GB / 1511.166 GB to store  19345747389 kmers; need 11.638 GB to sort     26034479 kmers
Used 128.460 GB / 1511.166 GB to store  19370828485 kmers; need 11.653 GB to sort     26066924 kmers
Used 128.591 GB / 1511.166 GB to store  19400092135 kmers; need 11.653 GB to sort     26066924 kmers
Used 128.713 GB / 1511.166 GB to store  19427263436 kmers; need 11.661 GB to sort     26084613 kmers
Used 128.807 GB / 1511.166 GB to store  19448163894 kmers; need 11.693 GB to sort     26157484 kmers
Used 128.920 GB / 1511.166 GB to store  19473246706 kmers; need 11.714 GB to sort     26204262 kmers
Used 129.052 GB / 1511.166 GB to store  19502507232 kmers; need 11.714 GB to sort     26204262 kmers
Used 129.164 GB / 1511.166 GB to store  19527587989 kmers; need 11.735 GB to sort     26250678 kmers
Used 129.278 GB / 1511.166 GB to store  19552669879 kmers; need 11.750 GB to sort     26284913 kmers
Used 129.400 GB / 1511.166 GB to store  19579840841 kmers; need 11.762 GB to sort     26311319 kmers
Used 129.513 GB / 1511.166 GB to store  19604923332 kmers; need 11.776 GB to sort     26341512 kmers
Used 129.637 GB / 1511.166 GB to store  19632096119 kmers; need 11.785 GB to sort     26362958 kmers
Used 129.749 GB / 1511.166 GB to store  19657176337 kmers; need 11.801 GB to sort     26397342 kmers
Used 129.862 GB / 1511.166 GB to store  19682257462 kmers; need 11.819 GB to sort     26438507 kmers
Used 129.966 GB / 1511.166 GB to store  19705248439 kmers; need 11.848 GB to sort     26502725 kmers
Used 130.097 GB / 1511.166 GB to store  19734510311 kmers; need 11.848 GB to sort     26502725 kmers
Used 130.219 GB / 1511.166 GB to store  19761679998 kmers; need 11.854 GB to sort     26516374 kmers
Used 130.333 GB / 1511.166 GB to store  19786761087 kmers; need 11.873 GB to sort     26560238 kmers
Used 130.455 GB / 1511.166 GB to store  19813931770 kmers; need 11.886 GB to sort     26587747 kmers
Used 130.568 GB / 1511.166 GB to store  19839014302 kmers; need 11.901 GB to sort     26621775 kmers
Used 130.680 GB / 1511.166 GB to store  19864094461 kmers; need 11.918 GB to sort     26660969 kmers
Used 130.775 GB / 1511.166 GB to store  19884994227 kmers; need 11.949 GB to sort     26729442 kmers
Used 130.888 GB / 1511.166 GB to store  19910074619 kmers; need 11.967 GB to sort     26768974 kmers
Used 131.020 GB / 1511.166 GB to store  19939335067 kmers; need 11.967 GB to sort     26768974 kmers
Used 131.143 GB / 1511.166 GB to store  19966506703 kmers; need 11.981 GB to sort     26800626 kmers
Used 131.257 GB / 1511.166 GB to store  19991587043 kmers; need 11.999 GB to sort     26841846 kmers
Used 131.370 GB / 1511.166 GB to store  20016667027 kmers; need 12.021 GB to sort     26890780 kmers
Used 131.483 GB / 1511.166 GB to store  20041747566 kmers; need 12.040 GB to sort     26932453 kmers
Used 131.594 GB / 1511.166 GB to store  20066829242 kmers; need 12.061 GB to sort     26980792 kmers
Used 131.716 GB / 1511.166 GB to store  20093985869 kmers; need 12.065 GB to sort     26987950 kmers
Used 131.830 GB / 1511.166 GB to store  20119041089 kmers; need 12.081 GB to sort     27025544 kmers
Used 131.933 GB / 1511.166 GB to store  20142011059 kmers; need 12.110 GB to sort     27088582 kmers
Used 132.065 GB / 1511.166 GB to store  20171251193 kmers; need 12.110 GB to sort     27088582 kmers
Used 132.177 GB / 1511.166 GB to store  20196317575 kmers; need 12.134 GB to sort     27143971 kmers
Used 132.290 GB / 1511.166 GB to store  20221382945 kmers; need 12.152 GB to sort     27183295 kmers
Used 132.422 GB / 1511.166 GB to store  20250628680 kmers; need 12.153 GB to sort     27184821 kmers
Used 132.516 GB / 1511.166 GB to store  20271519716 kmers; need 12.187 GB to sort     27261048 kmers
Used 132.638 GB / 1511.166 GB to store  20298678903 kmers; need 12.192 GB to sort     27274052 kmers
Used 132.761 GB / 1511.166 GB to store  20325839385 kmers; need 12.202 GB to sort     27295921 kmers
Used 132.864 GB / 1511.166 GB to store  20348820525 kmers; need 12.232 GB to sort     27361496 kmers
Used 132.978 GB / 1511.166 GB to store  20373892346 kmers; need 12.248 GB to sort     27398428 kmers
Used 133.101 GB / 1511.166 GB to store  20401055251 kmers; need 12.254 GB to sort     27412674 kmers
Used 133.204 GB / 1511.166 GB to store  20424040105 kmers; need 12.279 GB to sort     27466666 kmers
Used 133.336 GB / 1511.166 GB to store  20453293602 kmers; need 12.280 GB to sort     27469713 kmers
Used 133.440 GB / 1511.166 GB to store  20476277382 kmers; need 12.302 GB to sort     27518639 kmers
Used 133.561 GB / 1511.166 GB to store  20503439399 kmers; need 12.315 GB to sort     27549012 kmers
Used 133.674 GB / 1511.166 GB to store  20528513887 kmers; need 12.328 GB to sort     27576977 kmers
Used 133.778 GB / 1511.166 GB to store  20551500678 kmers; need 12.350 GB to sort     27626573 kmers
Used 133.891 GB / 1511.166 GB to store  20576576734 kmers; need 12.364 GB to sort     27657315 kmers
Used 134.004 GB / 1511.166 GB to store  20601653890 kmers; need 12.379 GB to sort     27691475 kmers
Used 134.127 GB / 1511.166 GB to store  20628818596 kmers; need 12.390 GB to sort     27714868 kmers
Used 134.221 GB / 1511.166 GB to store  20649716333 kmers; need 12.429 GB to sort     27803227 kmers
Used 134.324 GB / 1511.166 GB to store  20672703570 kmers; need 12.463 GB to sort     27879427 kmers
Used 134.456 GB / 1511.166 GB to store  20701960630 kmers; need 12.463 GB to sort     27879427 kmers
Used 134.587 GB / 1511.166 GB to store  20731216453 kmers; need 12.463 GB to sort     27879427 kmers
Used 134.700 GB / 1511.166 GB to store  20756294763 kmers; need 12.481 GB to sort     27920436 kmers
Used 134.813 GB / 1511.166 GB to store  20781372590 kmers; need 12.496 GB to sort     27952655 kmers
Used 134.908 GB / 1511.166 GB to store  20802270615 kmers; need 12.532 GB to sort     28032594 kmers
Used 135.040 GB / 1511.166 GB to store  20831529304 kmers; need 12.532 GB to sort     28032594 kmers
Used 135.172 GB / 1511.166 GB to store  20860786215 kmers; need 12.532 GB to sort     28032610 kmers
Used 135.285 GB / 1511.166 GB to store  20885865342 kmers; need 12.554 GB to sort     28083667 kmers
Used 135.398 GB / 1511.166 GB to store  20910943187 kmers; need 12.570 GB to sort     28117796 kmers
Used 135.502 GB / 1511.166 GB to store  20933931376 kmers; need 12.596 GB to sort     28177856 kmers
Used 135.633 GB / 1511.166 GB to store  20963192115 kmers; need 12.596 GB to sort     28177856 kmers
Used 135.736 GB / 1511.166 GB to store  20986185175 kmers; need 12.624 GB to sort     28239253 kmers
Used 135.850 GB / 1511.166 GB to store  21011267585 kmers; need 12.641 GB to sort     28277060 kmers
Used 135.981 GB / 1511.166 GB to store  21040530470 kmers; need 12.641 GB to sort     28277060 kmers
Used 136.095 GB / 1511.166 GB to store  21065612906 kmers; need 12.653 GB to sort     28303936 kmers
Used 136.198 GB / 1511.166 GB to store  21088604328 kmers; need 12.676 GB to sort     28355701 kmers
Used 136.320 GB / 1511.166 GB to store  21115777668 kmers; need 12.686 GB to sort     28378821 kmers
Used 136.424 GB / 1511.166 GB to store  21138769642 kmers; need 12.717 GB to sort     28446978 kmers
Used 136.556 GB / 1511.166 GB to store  21168031752 kmers; need 12.717 GB to sort     28446978 kmers
Used 136.678 GB / 1511.166 GB to store  21195204018 kmers; need 12.733 GB to sort     28482179 kmers
Used 136.771 GB / 1511.166 GB to store  21216107036 kmers; need 12.795 GB to sort     28621339 kmers
Used 136.903 GB / 1511.166 GB to store  21245371007 kmers; need 12.795 GB to sort     28621339 kmers
Used 137.036 GB / 1511.166 GB to store  21274634526 kmers; need 12.795 GB to sort     28621339 kmers
Used 137.168 GB / 1511.166 GB to store  21303897885 kmers; need 12.806 GB to sort     28647431 kmers
Used 137.300 GB / 1511.166 GB to store  21333162006 kmers; need 12.806 GB to sort     28647431 kmers
Used 137.394 GB / 1511.166 GB to store  21354064766 kmers; need 12.846 GB to sort     28737044 kmers
Used 137.516 GB / 1511.166 GB to store  21381238058 kmers; need 12.855 GB to sort     28756997 kmers
Used 137.620 GB / 1511.166 GB to store  21404230893 kmers; need 12.886 GB to sort     28825677 kmers
Used 137.751 GB / 1511.166 GB to store  21433493960 kmers; need 12.886 GB to sort     28825677 kmers
Used 137.875 GB / 1511.166 GB to store  21460665652 kmers; need 12.896 GB to sort     28846937 kmers
Used 137.987 GB / 1511.166 GB to store  21485747618 kmers; need 12.910 GB to sort     28880013 kmers
Used 138.109 GB / 1511.166 GB to store  21512921878 kmers; need 12.929 GB to sort     28920776 kmers
Used 138.213 GB / 1511.166 GB to store  21535914014 kmers; need 12.954 GB to sort     28977166 kmers
Used 138.345 GB / 1511.166 GB to store  21565177029 kmers; need 12.954 GB to sort     28977166 kmers
Used 138.459 GB / 1511.166 GB to store  21590260633 kmers; need 12.966 GB to sort     29003992 kmers
Used 138.572 GB / 1511.166 GB to store  21615342643 kmers; need 12.992 GB to sort     29061555 kmers
Used 138.666 GB / 1511.166 GB to store  21636245883 kmers; need 13.024 GB to sort     29133403 kmers
Used 138.797 GB / 1511.166 GB to store  21665508638 kmers; need 13.024 GB to sort     29133403 kmers
Used 138.919 GB / 1511.166 GB to store  21692681439 kmers; need 13.033 GB to sort     29154741 kmers
Used 139.042 GB / 1511.166 GB to store  21719853971 kmers; need 13.043 GB to sort     29176649 kmers
Used 139.146 GB / 1511.166 GB to store  21742846812 kmers; need 13.065 GB to sort     29225600 kmers
Used 139.259 GB / 1511.166 GB to store  21767929944 kmers; need 13.079 GB to sort     29258138 kmers
Used 139.372 GB / 1511.166 GB to store  21793013003 kmers; need 13.095 GB to sort     29293508 kmers
Used 139.484 GB / 1511.166 GB to store  21818096020 kmers; need 13.115 GB to sort     29337593 kmers
Used 139.597 GB / 1511.166 GB to store  21843179566 kmers; need 13.129 GB to sort     29369054 kmers
Used 139.702 GB / 1511.166 GB to store  21866171985 kmers; need 13.152 GB to sort     29421050 kmers
Used 139.833 GB / 1511.166 GB to store  21895436244 kmers; need 13.155 GB to sort     29428259 kmers
Used 139.946 GB / 1511.166 GB to store  21920519372 kmers; need 13.175 GB to sort     29471695 kmers
Used 140.067 GB / 1511.166 GB to store  21947691978 kmers; need 13.186 GB to sort     29497360 kmers
Used 140.181 GB / 1511.166 GB to store  21972775609 kmers; need 13.206 GB to sort     29541604 kmers
Used 140.294 GB / 1511.166 GB to store  21997859416 kmers; need 13.217 GB to sort     29566492 kmers
Used 140.416 GB / 1511.166 GB to store  22025033224 kmers; need 13.229 GB to sort     29593775 kmers
Used 140.530 GB / 1511.166 GB to store  22050117612 kmers; need 13.249 GB to sort     29636553 kmers
Used 140.642 GB / 1511.166 GB to store  22075200438 kmers; need 13.261 GB to sort     29663925 kmers
Used 140.756 GB / 1511.166 GB to store  22100284603 kmers; need 13.278 GB to sort     29701815 kmers
Used 140.868 GB / 1511.166 GB to store  22125366940 kmers; need 13.305 GB to sort     29763496 kmers
Used 141.002 GB / 1511.166 GB to store  22154630528 kmers; need 13.306 GB to sort     29765328 kmers
Used 141.115 GB / 1511.166 GB to store  22179712963 kmers; need 13.322 GB to sort     29800719 kmers
Used 141.236 GB / 1511.166 GB to store  22206886005 kmers; need 13.329 GB to sort     29816387 kmers
Used 141.339 GB / 1511.166 GB to store  22229879502 kmers; need 13.355 GB to sort     29875375 kmers
Used 141.462 GB / 1511.166 GB to store  22257054140 kmers; need 13.366 GB to sort     29898556 kmers
Used 141.565 GB / 1511.166 GB to store  22280048800 kmers; need 13.392 GB to sort     29956762 kmers
Used 141.687 GB / 1511.166 GB to store  22307222404 kmers; need 13.402 GB to sort     29979386 kmers
Used 141.801 GB / 1511.166 GB to store  22332304610 kmers; need 13.417 GB to sort     30013725 kmers
Used 141.923 GB / 1511.166 GB to store  22359478147 kmers; need 13.437 GB to sort     30059063 kmers
Used 142.037 GB / 1511.166 GB to store  22384562060 kmers; need 13.454 GB to sort     30095060 kmers
Used 142.159 GB / 1511.166 GB to store  22411735993 kmers; need 13.464 GB to sort     30119366 kmers
Used 142.272 GB / 1511.166 GB to store  22436819840 kmers; need 13.478 GB to sort     30150403 kmers
Used 142.385 GB / 1511.166 GB to store  22461902404 kmers; need 13.494 GB to sort     30186293 kmers
Used 142.507 GB / 1511.166 GB to store  22489075711 kmers; need 13.503 GB to sort     30206038 kmers
Used 142.611 GB / 1511.166 GB to store  22512068979 kmers; need 13.525 GB to sort     30254782 kmers
Used 142.714 GB / 1511.166 GB to store  22535062724 kmers; need 13.552 GB to sort     30315413 kmers
Used 142.837 GB / 1511.166 GB to store  22562236674 kmers; need 13.557 GB to sort     30325400 kmers
Used 142.950 GB / 1511.166 GB to store  22587321169 kmers; need 13.570 GB to sort     30355935 kmers
Used 143.064 GB / 1511.166 GB to store  22612404544 kmers; need 13.584 GB to sort     30386154 kmers
Used 143.166 GB / 1511.166 GB to store  22635398408 kmers; need 13.611 GB to sort     30447276 kmers
Used 143.288 GB / 1511.166 GB to store  22662572259 kmers; need 13.617 GB to sort     30459705 kmers
Used 143.402 GB / 1511.166 GB to store  22687656353 kmers; need 13.634 GB to sort     30499082 kmers
Used 143.524 GB / 1511.166 GB to store  22714828290 kmers; need 13.642 GB to sort     30516816 kmers
Used 143.628 GB / 1511.166 GB to store  22737821016 kmers; need 13.670 GB to sort     30578469 kmers
Used 143.760 GB / 1511.166 GB to store  22767085224 kmers; need 13.673 GB to sort     30586635 kmers
Used 143.882 GB / 1511.166 GB to store  22794258884 kmers; need 13.692 GB to sort     30628173 kmers
Used 143.995 GB / 1511.166 GB to store  22819342797 kmers; need 13.706 GB to sort     30660248 kmers
Used 144.108 GB / 1511.166 GB to store  22844427026 kmers; need 13.721 GB to sort     30692581 kmers
Used 144.230 GB / 1511.166 GB to store  22871601452 kmers; need 13.757 GB to sort     30774902 kmers
Used 144.354 GB / 1511.166 GB to store  22898775456 kmers; need 13.760 GB to sort     30780125 kmers
Used 144.467 GB / 1511.166 GB to store  22923859516 kmers; need 13.773 GB to sort     30809935 kmers
Used 144.589 GB / 1511.166 GB to store  22951032769 kmers; need 13.783 GB to sort     30833083 kmers
Used 144.702 GB / 1511.166 GB to store  22976116151 kmers; need 13.800 GB to sort     30870682 kmers
Used 144.814 GB / 1511.166 GB to store  23001199258 kmers; need 13.814 GB to sort     30900642 kmers
Used 144.927 GB / 1511.166 GB to store  23026283359 kmers; need 13.834 GB to sort     30945280 kmers
Used 145.041 GB / 1511.166 GB to store  23051367536 kmers; need 13.845 GB to sort     30970986 kmers
Used 145.154 GB / 1511.166 GB to store  23076451046 kmers; need 13.860 GB to sort     31003962 kmers
Used 145.267 GB / 1511.166 GB to store  23101535460 kmers; need 13.875 GB to sort     31038163 kmers
Used 145.371 GB / 1511.166 GB to store  23124527639 kmers; need 13.899 GB to sort     31092120 kmers
Used 145.492 GB / 1511.166 GB to store  23151701803 kmers; need 13.907 GB to sort     31109161 kmers
Used 145.607 GB / 1511.166 GB to store  23176783579 kmers; need 13.924 GB to sort     31148265 kmers
Used 145.719 GB / 1511.166 GB to store  23201865989 kmers; need 13.955 GB to sort     31216152 kmers
Used 145.851 GB / 1511.166 GB to store  23231129615 kmers; need 13.955 GB to sort     31216152 kmers
Used 145.964 GB / 1511.166 GB to store  23256212259 kmers; need 13.967 GB to sort     31243942 kmers
Used 146.077 GB / 1511.166 GB to store  23281295763 kmers; need 13.993 GB to sort     31301105 kmers
Used 146.190 GB / 1511.166 GB to store  23306379275 kmers; need 14.007 GB to sort     31333643 kmers
Used 146.313 GB / 1511.166 GB to store  23333552300 kmers; need 14.020 GB to sort     31362656 kmers
Used 146.436 GB / 1511.166 GB to store  23360726084 kmers; need 14.031 GB to sort     31387808 kmers
Used 146.549 GB / 1511.166 GB to store  23385809419 kmers; need 14.048 GB to sort     31424295 kmers
Used 146.662 GB / 1511.166 GB to store  23410891976 kmers; need 14.063 GB to sort     31457730 kmers
Used 146.784 GB / 1511.166 GB to store  23438065084 kmers; need 14.071 GB to sort     31477403 kmers
Used 146.897 GB / 1511.166 GB to store  23463148315 kmers; need 14.093 GB to sort     31524634 kmers
Used 147.011 GB / 1511.166 GB to store  23488230767 kmers; need 14.110 GB to sort     31563650 kmers
Used 147.114 GB / 1511.166 GB to store  23511222706 kmers; need 14.138 GB to sort     31625970 kmers
Used 147.246 GB / 1511.166 GB to store  23540485251 kmers; need 14.138 GB to sort     31625970 kmers
Used 147.359 GB / 1511.166 GB to store  23565568286 kmers; need 14.159 GB to sort     31672049 kmers
Used 147.481 GB / 1511.166 GB to store  23592741952 kmers; need 14.167 GB to sort     31690978 kmers
Used 147.583 GB / 1511.166 GB to store  23615732931 kmers; need 14.190 GB to sort     31742601 kmers
Used 147.707 GB / 1511.166 GB to store  23642905739 kmers; need 14.197 GB to sort     31757647 kmers
Used 147.829 GB / 1511.166 GB to store  23670078549 kmers; need 14.205 GB to sort     31775483 kmers
Used 147.924 GB / 1511.166 GB to store  23690980784 kmers; need 14.237 GB to sort     31848323 kmers
Used 148.056 GB / 1511.166 GB to store  23720243416 kmers; need 14.240 GB to sort     31854585 kmers
Used 148.168 GB / 1511.166 GB to store  23745325600 kmers; need 14.257 GB to sort     31892703 kmers
Used 148.281 GB / 1511.166 GB to store  23770407507 kmers; need 14.272 GB to sort     31925570 kmers
Used 148.384 GB / 1511.166 GB to store  23793400321 kmers; need 14.293 GB to sort     31973553 kmers
Used 148.507 GB / 1511.166 GB to store  23820571594 kmers; need 14.299 GB to sort     31985559 kmers
Used 148.620 GB / 1511.166 GB to store  23845653527 kmers; need 14.319 GB to sort     32030620 kmers
Used 148.742 GB / 1511.166 GB to store  23872826808 kmers; need 14.332 GB to sort     32059509 kmers
Used 148.854 GB / 1511.166 GB to store  23897907817 kmers; need 14.347 GB to sort     32093435 kmers
Used 148.958 GB / 1511.166 GB to store  23920899351 kmers; need 14.369 GB to sort     32144010 kmers
Used 149.081 GB / 1511.166 GB to store  23948071617 kmers; need 14.377 GB to sort     32160161 kmers
Used 149.185 GB / 1511.166 GB to store  23971063755 kmers; need 14.403 GB to sort     32218916 kmers
Used 149.299 GB / 1511.166 GB to store  23996145935 kmers; need 14.414 GB to sort     32243721 kmers
Used 149.420 GB / 1511.166 GB to store  24023318573 kmers; need 14.421 GB to sort     32258194 kmers
Used 149.543 GB / 1511.166 GB to store  24050491993 kmers; need 14.436 GB to sort     32291669 kmers
Used 149.656 GB / 1511.166 GB to store  24075573672 kmers; need 14.454 GB to sort     32333397 kmers
Used 149.759 GB / 1511.166 GB to store  24098565285 kmers; need 14.477 GB to sort     32384584 kmers
Used 149.891 GB / 1511.166 GB to store  24127826815 kmers; need 14.477 GB to sort     32384584 kmers
Used 149.995 GB / 1511.166 GB to store  24150819878 kmers; need 14.503 GB to sort     32441876 kmers
Used 150.118 GB / 1511.166 GB to store  24177992943 kmers; need 14.508 GB to sort     32452837 kmers
Used 150.231 GB / 1511.166 GB to store  24203074146 kmers; need 14.529 GB to sort     32499777 kmers
Used 150.353 GB / 1511.166 GB to store  24230245948 kmers; need 14.540 GB to sort     32524349 kmers
Used 150.465 GB / 1511.166 GB to store  24255328007 kmers; need 14.555 GB to sort     32558037 kmers
Used 150.588 GB / 1511.166 GB to store  24282499170 kmers; need 14.568 GB to sort     32587950 kmers
Used 150.702 GB / 1511.166 GB to store  24307581965 kmers; need 14.583 GB to sort     32621145 kmers
Used 150.814 GB / 1511.166 GB to store  24332664066 kmers; need 14.597 GB to sort     32652763 kmers
Used 150.917 GB / 1511.166 GB to store  24355655944 kmers; need 14.620 GB to sort     32704028 kmers
Used 151.031 GB / 1511.166 GB to store  24380738317 kmers; need 14.632 GB to sort     32731194 kmers
Used 151.153 GB / 1511.166 GB to store  24407911319 kmers; need 14.639 GB to sort     32747483 kmers
Used 151.267 GB / 1511.166 GB to store  24432993039 kmers; need 14.659 GB to sort     32791836 kmers
Used 151.379 GB / 1511.166 GB to store  24458074431 kmers; need 14.675 GB to sort     32828028 kmers
Used 151.502 GB / 1511.166 GB to store  24485246902 kmers; need 14.687 GB to sort     32853983 kmers
Used 151.616 GB / 1511.166 GB to store  24510329291 kmers; need 14.705 GB to sort     32894602 kmers
Used 151.728 GB / 1511.166 GB to store  24535411002 kmers; need 14.724 GB to sort     32937824 kmers
Used 151.840 GB / 1511.166 GB to store  24560493208 kmers; need 14.742 GB to sort     32976651 kmers
Used 151.954 GB / 1511.166 GB to store  24585573949 kmers; need 14.759 GB to sort     33015041 kmers
Used 152.086 GB / 1511.166 GB to store  24614836795 kmers; need 14.759 GB to sort     33016415 kmers
Used 152.180 GB / 1511.166 GB to store  24635737206 kmers; need 14.795 GB to sort     33094843 kmers
Used 152.302 GB / 1511.166 GB to store  24662908379 kmers; need 14.802 GB to sort     33112487 kmers
Used 152.425 GB / 1511.166 GB to store  24690080591 kmers; need 14.813 GB to sort     33136378 kmers
Used 152.529 GB / 1511.166 GB to store  24713071081 kmers; need 14.836 GB to sort     33188343 kmers
Used 152.651 GB / 1511.166 GB to store  24740241888 kmers; need 14.844 GB to sort     33205296 kmers
Used 152.764 GB / 1511.166 GB to store  24765323127 kmers; need 14.862 GB to sort     33245888 kmers
Used 152.887 GB / 1511.166 GB to store  24792494152 kmers; need 14.871 GB to sort     33266568 kmers
Used 153.000 GB / 1511.166 GB to store  24817574958 kmers; need 14.886 GB to sort     33298648 kmers
Used 153.122 GB / 1511.166 GB to store  24844746791 kmers; need 14.898 GB to sort     33326330 kmers
Used 153.235 GB / 1511.166 GB to store  24869826484 kmers; need 14.915 GB to sort     33364259 kmers
Used 153.348 GB / 1511.166 GB to store  24894907208 kmers; need 14.933 GB to sort     33404970 kmers
Used 153.461 GB / 1511.166 GB to store  24919987849 kmers; need 14.948 GB to sort     33438598 kmers
Used 153.575 GB / 1511.166 GB to store  24945068561 kmers; need 14.961 GB to sort     33467687 kmers
Used 153.686 GB / 1511.166 GB to store  24970148620 kmers; need 14.978 GB to sort     33505367 kmers
Used 153.799 GB / 1511.166 GB to store  24995229137 kmers; need 14.995 GB to sort     33543543 kmers
Used 153.922 GB / 1511.166 GB to store  25022398935 kmers; need 14.999 GB to sort     33551108 kmers
Used 154.035 GB / 1511.166 GB to store  25047479906 kmers; need 15.016 GB to sort     33589807 kmers
Used 154.139 GB / 1511.166 GB to store  25070470046 kmers; need 15.041 GB to sort     33647056 kmers
Used 154.243 GB / 1511.166 GB to store  25093460473 kmers; need 15.066 GB to sort     33702279 kmers
Used 154.364 GB / 1511.166 GB to store  25120618181 kmers; need 15.073 GB to sort     33717180 kmers
Used 154.477 GB / 1511.166 GB to store  25145675123 kmers; need 15.093 GB to sort     33762451 kmers
Used 154.589 GB / 1511.166 GB to store  25170734700 kmers; need 15.113 GB to sort     33807088 kmers
Used 154.711 GB / 1511.166 GB to store  25197888879 kmers; need 15.122 GB to sort     33828031 kmers
Used 154.816 GB / 1511.166 GB to store  25220867156 kmers; need 15.148 GB to sort     33885587 kmers
Used 154.929 GB / 1511.166 GB to store  25245934492 kmers; need 15.166 GB to sort     33925483 kmers
Used 155.051 GB / 1511.166 GB to store  25273091436 kmers; need 15.177 GB to sort     33949912 kmers
Used 155.164 GB / 1511.166 GB to store  25298161358 kmers; need 15.193 GB to sort     33987257 kmers
Used 155.276 GB / 1511.166 GB to store  25323232782 kmers; need 15.214 GB to sort     34033295 kmers
Used 155.390 GB / 1511.166 GB to store  25348305141 kmers; need 15.232 GB to sort     34073473 kmers
Used 155.502 GB / 1511.166 GB to store  25373378592 kmers; need 15.254 GB to sort     34122759 kmers
Used 155.624 GB / 1511.166 GB to store  25400541282 kmers; need 15.261 GB to sort     34138255 kmers
Used 155.738 GB / 1511.166 GB to store  25425613745 kmers; need 15.281 GB to sort     34182907 kmers
Used 155.861 GB / 1511.166 GB to store  25452777584 kmers; need 15.288 GB to sort     34198035 kmers
Used 155.965 GB / 1511.166 GB to store  25475762828 kmers; need 15.310 GB to sort     34248266 kmers
Used 156.087 GB / 1511.166 GB to store  25502928246 kmers; need 15.316 GB to sort     34262121 kmers
Used 156.190 GB / 1511.166 GB to store  25525915344 kmers; need 15.344 GB to sort     34324629 kmers
Used 156.303 GB / 1511.166 GB to store  25550990177 kmers; need 15.364 GB to sort     34368667 kmers
Used 156.426 GB / 1511.166 GB to store  25578154335 kmers; need 15.372 GB to sort     34385625 kmers
Used 156.549 GB / 1511.166 GB to store  25605322016 kmers; need 15.382 GB to sort     34409126 kmers
Used 156.652 GB / 1511.166 GB to store  25628310295 kmers; need 15.412 GB to sort     34475561 kmers
Used 156.764 GB / 1511.166 GB to store  25653388118 kmers; need 15.426 GB to sort     34507024 kmers
Used 156.888 GB / 1511.166 GB to store  25680554919 kmers; need 15.429 GB to sort     34514890 kmers
Used 157.000 GB / 1511.166 GB to store  25705631539 kmers; need 15.447 GB to sort     34553789 kmers
Used 157.114 GB / 1511.166 GB to store  25730709403 kmers; need 15.462 GB to sort     34587785 kmers
Used 157.217 GB / 1511.166 GB to store  25753696430 kmers; need 15.492 GB to sort     34656023 kmers
Used 157.339 GB / 1511.166 GB to store  25780863470 kmers; need 15.504 GB to sort     34682039 kmers
Used 157.442 GB / 1511.166 GB to store  25803851543 kmers; need 15.529 GB to sort     34738392 kmers
Used 157.574 GB / 1511.166 GB to store  25833109479 kmers; need 15.538 GB to sort     34758877 kmers
Used 157.687 GB / 1511.166 GB to store  25858187797 kmers; need 15.554 GB to sort     34793039 kmers
Used 157.809 GB / 1511.166 GB to store  25885356101 kmers; need 15.565 GB to sort     34818927 kmers
Used 157.942 GB / 1511.166 GB to store  25914614393 kmers; need 15.565 GB to sort     34818927 kmers
Used 158.035 GB / 1511.166 GB to store  25935512613 kmers; need 15.598 GB to sort     34893053 kmers
Used 158.147 GB / 1511.166 GB to store  25960591417 kmers; need 15.618 GB to sort     34935955 kmers
Used 158.271 GB / 1511.166 GB to store  25987762826 kmers; need 15.624 GB to sort     34950235 kmers
Used 158.403 GB / 1511.166 GB to store  26017025989 kmers; need 15.635 GB to sort     34973859 kmers
Used 158.507 GB / 1511.166 GB to store  26040018332 kmers; need 15.660 GB to sort     35030328 kmers
Used 158.629 GB / 1511.166 GB to store  26067191832 kmers; need 15.669 GB to sort     35051245 kmers
Used 158.742 GB / 1511.166 GB to store  26092275957 kmers; need 15.690 GB to sort     35097215 kmers
Used 158.854 GB / 1511.166 GB to store  26117359514 kmers; need 15.705 GB to sort     35131219 kmers
Used 158.968 GB / 1511.166 GB to store  26142442075 kmers; need 15.721 GB to sort     35167885 kmers
Used 159.090 GB / 1511.166 GB to store  26169615370 kmers; need 15.731 GB to sort     35189495 kmers
Used 159.203 GB / 1511.166 GB to store  26194697668 kmers; need 15.750 GB to sort     35231177 kmers
Used 159.326 GB / 1511.166 GB to store  26221871280 kmers; need 15.754 GB to sort     35242187 kmers
Used 159.440 GB / 1511.166 GB to store  26246955466 kmers; need 15.783 GB to sort     35305213 kmers
Used 159.571 GB / 1511.166 GB to store  26276219280 kmers; need 15.790 GB to sort     35320611 kmers
Used 159.685 GB / 1511.166 GB to store  26301301215 kmers; need 15.805 GB to sort     35355523 kmers
Used 159.798 GB / 1511.166 GB to store  26326384100 kmers; need 15.824 GB to sort     35397634 kmers
Used 159.901 GB / 1511.166 GB to store  26349376678 kmers; need 15.847 GB to sort     35449257 kmers
Used 160.023 GB / 1511.166 GB to store  26376551034 kmers; need 15.861 GB to sort     35480591 kmers
Used 160.145 GB / 1511.166 GB to store  26403724932 kmers; need 15.873 GB to sort     35507643 kmers
Used 160.259 GB / 1511.166 GB to store  26428807891 kmers; need 15.885 GB to sort     35534911 kmers
Used 160.372 GB / 1511.166 GB to store  26453890822 kmers; need 15.905 GB to sort     35578276 kmers
Used 160.484 GB / 1511.166 GB to store  26478974327 kmers; need 15.918 GB to sort     35607616 kmers
Used 160.607 GB / 1511.166 GB to store  26506149529 kmers; need 15.927 GB to sort     35628820 kmers
Used 160.720 GB / 1511.166 GB to store  26531233370 kmers; need 15.942 GB to sort     35661082 kmers
Used 160.833 GB / 1511.166 GB to store  26556316792 kmers; need 15.963 GB to sort     35707818 kmers
Used 160.946 GB / 1511.166 GB to store  26581399171 kmers; need 15.980 GB to sort     35746223 kmers
Used 161.068 GB / 1511.166 GB to store  26608571431 kmers; need 15.989 GB to sort     35767032 kmers
Used 161.181 GB / 1511.166 GB to store  26633655471 kmers; need 16.004 GB to sort     35800335 kmers
Used 161.295 GB / 1511.166 GB to store  26658739332 kmers; need 16.025 GB to sort     35847488 kmers
Used 161.408 GB / 1511.166 GB to store  26683822992 kmers; need 16.041 GB to sort     35882538 kmers
Used 161.530 GB / 1511.166 GB to store  26710997940 kmers; need 16.046 GB to sort     35893335 kmers
Used 161.634 GB / 1511.166 GB to store  26733991850 kmers; need 16.075 GB to sort     35958905 kmers
Used 161.765 GB / 1511.166 GB to store  26763255144 kmers; need 16.076 GB to sort     35961823 kmers
Used 161.868 GB / 1511.166 GB to store  26786247726 kmers; need 16.103 GB to sort     36022800 kmers
Used 162.001 GB / 1511.166 GB to store  26815511648 kmers; need 16.106 GB to sort     36027520 kmers
Used 162.104 GB / 1511.166 GB to store  26838505928 kmers; need 16.133 GB to sort     36089367 kmers
Used 162.227 GB / 1511.166 GB to store  26865680104 kmers; need 16.144 GB to sort     36113669 kmers
Used 162.339 GB / 1511.166 GB to store  26890764819 kmers; need 16.161 GB to sort     36152507 kmers
Used 162.472 GB / 1511.166 GB to store  26920029643 kmers; need 16.161 GB to sort     36152507 kmers
Used 162.575 GB / 1511.166 GB to store  26943022939 kmers; need 16.188 GB to sort     36211012 kmers
Used 162.687 GB / 1511.166 GB to store  26968106701 kmers; need 16.201 GB to sort     36240631 kmers
Used 162.802 GB / 1511.166 GB to store  26993190030 kmers; need 16.217 GB to sort     36276698 kmers
Used 162.906 GB / 1511.166 GB to store  27016182286 kmers; need 16.240 GB to sort     36329130 kmers
Used 163.038 GB / 1511.166 GB to store  27045446698 kmers; need 16.240 GB to sort     36329130 kmers
Used 163.140 GB / 1511.166 GB to store  27068441389 kmers; need 16.264 GB to sort     36381081 kmers
Used 163.253 GB / 1511.166 GB to store  27093525003 kmers; need 16.278 GB to sort     36412568 kmers
Used 163.367 GB / 1511.166 GB to store  27118608053 kmers; need 16.289 GB to sort     36438391 kmers
Used 163.480 GB / 1511.166 GB to store  27143693219 kmers; need 16.310 GB to sort     36484943 kmers
Used 163.602 GB / 1511.166 GB to store  27170866638 kmers; need 16.316 GB to sort     36497988 kmers
Used 163.716 GB / 1511.166 GB to store  27195951092 kmers; need 16.344 GB to sort     36559863 kmers
Used 163.837 GB / 1511.166 GB to store  27223125398 kmers; need 16.353 GB to sort     36579985 kmers
Used 163.950 GB / 1511.166 GB to store  27248208215 kmers; need 16.368 GB to sort     36614120 kmers
Used 164.064 GB / 1511.166 GB to store  27273293660 kmers; need 16.383 GB to sort     36648048 kmers
Used 164.176 GB / 1511.166 GB to store  27298377003 kmers; need 16.404 GB to sort     36695773 kmers
Used 164.299 GB / 1511.166 GB to store  27325552341 kmers; need 16.416 GB to sort     36721364 kmers
Used 164.412 GB / 1511.166 GB to store  27350636368 kmers; need 16.431 GB to sort     36755854 kmers
Used 164.525 GB / 1511.166 GB to store  27375719844 kmers; need 16.449 GB to sort     36795776 kmers
Used 164.619 GB / 1511.166 GB to store  27396623503 kmers; need 16.480 GB to sort     36864570 kmers
Used 164.751 GB / 1511.166 GB to store  27425888648 kmers; need 16.482 GB to sort     36868823 kmers
Used 164.864 GB / 1511.166 GB to store  27450972170 kmers; need 16.498 GB to sort     36904954 kmers
Used 164.978 GB / 1511.166 GB to store  27476055196 kmers; need 16.510 GB to sort     36932960 kmers
Used 165.081 GB / 1511.166 GB to store  27499047854 kmers; need 16.538 GB to sort     36995300 kmers
Used 165.212 GB / 1511.166 GB to store  27528312331 kmers; need 16.539 GB to sort     36997682 kmers
Used 165.325 GB / 1511.166 GB to store  27553396371 kmers; need 16.557 GB to sort     37036853 kmers
Used 165.439 GB / 1511.166 GB to store  27578480598 kmers; need 16.570 GB to sort     37066469 kmers
Used 165.552 GB / 1511.166 GB to store  27603563500 kmers; need 16.592 GB to sort     37116747 kmers
Used 165.683 GB / 1511.166 GB to store  27632827589 kmers; need 16.606 GB to sort     37146808 kmers
Used 165.786 GB / 1511.166 GB to store  27655821570 kmers; need 16.628 GB to sort     37196093 kmers
Used 165.910 GB / 1511.166 GB to store  27682995129 kmers; need 16.639 GB to sort     37220163 kmers
Used 166.032 GB / 1511.166 GB to store  27710170884 kmers; need 16.648 GB to sort     37241674 kmers
Used 166.144 GB / 1511.166 GB to store  27735254708 kmers; need 16.663 GB to sort     37273806 kmers
Used 166.267 GB / 1511.166 GB to store  27762428590 kmers; need 16.680 GB to sort     37312789 kmers
Used 166.371 GB / 1511.166 GB to store  27785420808 kmers; need 16.710 GB to sort     37380382 kmers
Used 166.493 GB / 1511.166 GB to store  27812595592 kmers; need 16.722 GB to sort     37405939 kmers
Used 166.615 GB / 1511.166 GB to store  27839769905 kmers; need 16.727 GB to sort     37417178 kmers
Used 166.728 GB / 1511.166 GB to store  27864854591 kmers; need 16.744 GB to sort     37455410 kmers
Used 166.842 GB / 1511.166 GB to store  27889939178 kmers; need 16.762 GB to sort     37494871 kmers
Used 166.964 GB / 1511.166 GB to store  27917113707 kmers; need 16.769 GB to sort     37511215 kmers
Used 167.068 GB / 1511.166 GB to store  27940105885 kmers; need 16.793 GB to sort     37566276 kmers
Used 167.191 GB / 1511.166 GB to store  27967279629 kmers; need 16.801 GB to sort     37583137 kmers
Used 167.303 GB / 1511.166 GB to store  27992362822 kmers; need 16.819 GB to sort     37623414 kmers
Used 167.417 GB / 1511.166 GB to store  28017447063 kmers; need 16.837 GB to sort     37663316 kmers
Used 167.520 GB / 1511.166 GB to store  28040439849 kmers; need 16.860 GB to sort     37715602 kmers
Used 167.642 GB / 1511.166 GB to store  28067613527 kmers; need 16.871 GB to sort     37739393 kmers
Used 167.756 GB / 1511.166 GB to store  28092695752 kmers; need 16.888 GB to sort     37777925 kmers
Used 167.879 GB / 1511.166 GB to store  28119869693 kmers; need 16.898 GB to sort     37801121 kmers
Used 168.001 GB / 1511.166 GB to store  28147043109 kmers; need 16.906 GB to sort     37817386 kmers
Used 168.105 GB / 1511.166 GB to store  28170035322 kmers; need 16.928 GB to sort     37867789 kmers
Used 168.227 GB / 1511.166 GB to store  28197208573 kmers; need 16.940 GB to sort     37894551 kmers
Used 168.331 GB / 1511.166 GB to store  28220202435 kmers; need 16.966 GB to sort     37953020 kmers
Used 168.453 GB / 1511.166 GB to store  28247376542 kmers; need 16.975 GB to sort     37973333 kmers
Used 168.566 GB / 1511.166 GB to store  28272460585 kmers; need 16.994 GB to sort     38015228 kmers
Used 168.688 GB / 1511.166 GB to store  28299634988 kmers; need 17.002 GB to sort     38033455 kmers
Used 168.791 GB / 1511.166 GB to store  28322628413 kmers; need 17.026 GB to sort     38085957 kmers
Used 168.914 GB / 1511.166 GB to store  28349802360 kmers; need 17.029 GB to sort     38093699 kmers
Used 169.017 GB / 1511.166 GB to store  28372796141 kmers; need 17.055 GB to sort     38150920 kmers
Used 169.150 GB / 1511.166 GB to store  28402059817 kmers; need 17.077 GB to sort     38200454 kmers
Used 169.262 GB / 1511.166 GB to store  28427143909 kmers; need 17.091 GB to sort     38232907 kmers
Used 169.394 GB / 1511.166 GB to store  28456407573 kmers; need 17.091 GB to sort     38232907 kmers
Used 169.498 GB / 1511.166 GB to store  28479400940 kmers; need 17.117 GB to sort     38291146 kmers
Used 169.610 GB / 1511.166 GB to store  28504484972 kmers; need 17.136 GB to sort     38333285 kmers
Used 169.733 GB / 1511.166 GB to store  28531658552 kmers; need 17.139 GB to sort     38339824 kmers
Used 169.856 GB / 1511.166 GB to store  28558832074 kmers; need 17.156 GB to sort     38378089 kmers
Used 169.978 GB / 1511.166 GB to store  28586006386 kmers; need 17.169 GB to sort     38406188 kmers
Used 170.081 GB / 1511.166 GB to store  28608999709 kmers; need 17.195 GB to sort     38464166 kmers
Used 170.203 GB / 1511.166 GB to store  28636172825 kmers; need 17.227 GB to sort     38535244 kmers
Used 170.335 GB / 1511.166 GB to store  28665436895 kmers; need 17.227 GB to sort     38535244 kmers
Used 170.449 GB / 1511.166 GB to store  28690521313 kmers; need 17.246 GB to sort     38577832 kmers
Used 170.571 GB / 1511.166 GB to store  28717693711 kmers; need 17.252 GB to sort     38591505 kmers
Used 170.684 GB / 1511.166 GB to store  28742777858 kmers; need 17.269 GB to sort     38629172 kmers
Used 170.806 GB / 1511.166 GB to store  28769950148 kmers; need 17.273 GB to sort     38638440 kmers
Used 170.919 GB / 1511.166 GB to store  28795033489 kmers; need 17.293 GB to sort     38683615 kmers
Used 171.043 GB / 1511.166 GB to store  28822206298 kmers; need 17.302 GB to sort     38704945 kmers
Used 171.156 GB / 1511.166 GB to store  28847288201 kmers; need 17.318 GB to sort     38739365 kmers
Used 171.278 GB / 1511.166 GB to store  28874461144 kmers; need 17.330 GB to sort     38766239 kmers
Used 171.381 GB / 1511.166 GB to store  28897453224 kmers; need 17.358 GB to sort     38828474 kmers
Used 171.504 GB / 1511.166 GB to store  28924626426 kmers; need 17.395 GB to sort     38912951 kmers
Used 171.636 GB / 1511.166 GB to store  28953889160 kmers; need 17.395 GB to sort     38912951 kmers
Used 171.768 GB / 1511.166 GB to store  28983152453 kmers; need 17.395 GB to sort     38912951 kmers
Used 171.881 GB / 1511.166 GB to store  29008235766 kmers; need 17.413 GB to sort     38951945 kmers
Used 172.003 GB / 1511.166 GB to store  29035408283 kmers; need 17.422 GB to sort     38973161 kmers
Used 172.116 GB / 1511.166 GB to store  29060491895 kmers; need 17.436 GB to sort     39002797 kmers
Used 172.219 GB / 1511.166 GB to store  29083484424 kmers; need 17.464 GB to sort     39065457 kmers
Used 172.341 GB / 1511.166 GB to store  29110656545 kmers; need 17.475 GB to sort     39089863 kmers
Used 172.455 GB / 1511.166 GB to store  29135738949 kmers; need 17.485 GB to sort     39114356 kmers
Used 172.568 GB / 1511.166 GB to store  29160820744 kmers; need 17.500 GB to sort     39145768 kmers
Used 172.681 GB / 1511.166 GB to store  29185902080 kmers; need 17.514 GB to sort     39178151 kmers
Used 172.785 GB / 1511.166 GB to store  29208893450 kmers; need 17.535 GB to sort     39225685 kmers
Used 172.898 GB / 1511.166 GB to store  29233976417 kmers; need 17.555 GB to sort     39269349 kmers
Used 173.021 GB / 1511.166 GB to store  29261149449 kmers; need 17.563 GB to sort     39288042 kmers
Used 173.133 GB / 1511.166 GB to store  29286231618 kmers; need 17.582 GB to sort     39330105 kmers
Used 173.255 GB / 1511.166 GB to store  29313404465 kmers; need 17.594 GB to sort     39357779 kmers
Used 173.360 GB / 1511.166 GB to store  29336396857 kmers; need 17.621 GB to sort     39418060 kmers
Used 173.491 GB / 1511.166 GB to store  29365658789 kmers; need 17.621 GB to sort     39418060 kmers
Used 173.604 GB / 1511.166 GB to store  29390741747 kmers; need 17.636 GB to sort     39451235 kmers
Used 173.717 GB / 1511.166 GB to store  29415823789 kmers; need 17.656 GB to sort     39495656 kmers
Used 173.821 GB / 1511.166 GB to store  29438815639 kmers; need 17.683 GB to sort     39555787 kmers
Used 173.953 GB / 1511.166 GB to store  29468078112 kmers; need 17.683 GB to sort     39555787 kmers
Used 174.075 GB / 1511.166 GB to store  29495251575 kmers; need 17.694 GB to sort     39581542 kmers
Used 174.189 GB / 1511.166 GB to store  29520332468 kmers; need 17.714 GB to sort     39624998 kmers
Used 174.302 GB / 1511.166 GB to store  29545414603 kmers; need 17.727 GB to sort     39655137 kmers
Used 174.414 GB / 1511.166 GB to store  29570496226 kmers; need 17.743 GB to sort     39690443 kmers
Used 174.518 GB / 1511.166 GB to store  29593487346 kmers; need 17.766 GB to sort     39742002 kmers
Used 174.640 GB / 1511.166 GB to store  29620660763 kmers; need 17.773 GB to sort     39757546 kmers
Used 174.754 GB / 1511.166 GB to store  29645742320 kmers; need 17.792 GB to sort     39799637 kmers
Used 174.866 GB / 1511.166 GB to store  29670823784 kmers; need 17.809 GB to sort     39837071 kmers
Used 174.979 GB / 1511.166 GB to store  29695905131 kmers; need 17.825 GB to sort     39873490 kmers
Used 175.092 GB / 1511.166 GB to store  29720986171 kmers; need 17.837 GB to sort     39900107 kmers
Used 175.214 GB / 1511.166 GB to store  29748157865 kmers; need 17.846 GB to sort     39921729 kmers
Used 175.327 GB / 1511.166 GB to store  29773240088 kmers; need 17.871 GB to sort     39975876 kmers
Used 175.440 GB / 1511.166 GB to store  29798322461 kmers; need 17.883 GB to sort     40003645 kmers
Used 175.562 GB / 1511.166 GB to store  29825494976 kmers; need 17.889 GB to sort     40016782 kmers
Used 175.675 GB / 1511.166 GB to store  29850576515 kmers; need 17.907 GB to sort     40057620 kmers
Used 175.798 GB / 1511.166 GB to store  29877748370 kmers; need 17.919 GB to sort     40083926 kmers
Used 175.910 GB / 1511.166 GB to store  29902831841 kmers; need 17.938 GB to sort     40126615 kmers
Used 176.023 GB / 1511.166 GB to store  29927912709 kmers; need 17.955 GB to sort     40165469 kmers
Used 176.137 GB / 1511.166 GB to store  29952995036 kmers; need 17.970 GB to sort     40198350 kmers
Used 176.250 GB / 1511.166 GB to store  29978075697 kmers; need 17.989 GB to sort     40241556 kmers
Used 176.362 GB / 1511.166 GB to store  30003157470 kmers; need 18.012 GB to sort     40292352 kmers
Used 176.486 GB / 1511.166 GB to store  30030328884 kmers; need 18.019 GB to sort     40307776 kmers
Used 176.617 GB / 1511.166 GB to store  30059589855 kmers; need 18.057 GB to sort     40393550 kmers
Used 176.749 GB / 1511.166 GB to store  30088851184 kmers; need 18.057 GB to sort     40393550 kmers
Used 176.843 GB / 1511.166 GB to store  30109752015 kmers; need 18.092 GB to sort     40471555 kmers
Used 176.976 GB / 1511.166 GB to store  30139007257 kmers; need 18.092 GB to sort     40471555 kmers
Used 177.099 GB / 1511.166 GB to store  30166155330 kmers; need 18.101 GB to sort     40490574 kmers
Used 177.193 GB / 1511.166 GB to store  30187039780 kmers; need 18.140 GB to sort     40579562 kmers
Used 177.306 GB / 1511.166 GB to store  30212102276 kmers; need 18.155 GB to sort     40613004 kmers
Used 177.419 GB / 1511.166 GB to store  30237167609 kmers; need 18.171 GB to sort     40648953 kmers
Used 177.550 GB / 1511.166 GB to store  30266413743 kmers; need 18.171 GB to sort     40648953 kmers
Used 177.653 GB / 1511.166 GB to store  30289393106 kmers; need 18.195 GB to sort     40701808 kmers
Used 177.767 GB / 1511.166 GB to store  30314462089 kmers; need 18.208 GB to sort     40730177 kmers
Used 177.861 GB / 1511.166 GB to store  30335353492 kmers; need 18.244 GB to sort     40810086 kmers
Used 177.993 GB / 1511.166 GB to store  30364604810 kmers; need 18.244 GB to sort     40810086 kmers
Used 178.114 GB / 1511.166 GB to store  30391765853 kmers; need 18.252 GB to sort     40829426 kmers
Used 178.227 GB / 1511.166 GB to store  30416840223 kmers; need 18.272 GB to sort     40873957 kmers
Used 178.350 GB / 1511.166 GB to store  30444003108 kmers; need 18.283 GB to sort     40898879 kmers
Used 178.463 GB / 1511.166 GB to store  30469078038 kmers; need 18.298 GB to sort     40931117 kmers
Used 178.575 GB / 1511.166 GB to store  30494152238 kmers; need 18.317 GB to sort     40974889 kmers
Used 178.689 GB / 1511.166 GB to store  30519226765 kmers; need 18.333 GB to sort     41010682 kmers
Used 178.792 GB / 1511.166 GB to store  30542213459 kmers; need 18.356 GB to sort     41062092 kmers
Used 178.914 GB / 1511.166 GB to store  30569378438 kmers; need 18.363 GB to sort     41078344 kmers
Used 179.017 GB / 1511.166 GB to store  30592363776 kmers; need 18.387 GB to sort     41131447 kmers
Used 179.130 GB / 1511.166 GB to store  30617439920 kmers; need 18.406 GB to sort     41173336 kmers
Used 179.252 GB / 1511.166 GB to store  30644606717 kmers; need 18.420 GB to sort     41204613 kmers
Used 179.375 GB / 1511.166 GB to store  30671771546 kmers; need 18.426 GB to sort     41218892 kmers
Used 179.480 GB / 1511.166 GB to store  30694759020 kmers; need 18.447 GB to sort     41265407 kmers
Used 179.583 GB / 1511.166 GB to store  30717746252 kmers; need 18.475 GB to sort     41327461 kmers
Used 179.715 GB / 1511.166 GB to store  30747003623 kmers; need 18.475 GB to sort     41327461 kmers
Used 179.819 GB / 1511.166 GB to store  30769991485 kmers; need 18.504 GB to sort     41393376 kmers
Used 179.931 GB / 1511.166 GB to store  30795069735 kmers; need 18.518 GB to sort     41423956 kmers
Used 180.044 GB / 1511.166 GB to store  30820148435 kmers; need 18.536 GB to sort     41465427 kmers
Used 180.177 GB / 1511.166 GB to store  30849406768 kmers; need 18.538 GB to sort     41468718 kmers
Used 180.290 GB / 1511.166 GB to store  30874484421 kmers; need 18.558 GB to sort     41512685 kmers
Used 180.393 GB / 1511.166 GB to store  30897472894 kmers; need 18.582 GB to sort     41567900 kmers
Used 180.526 GB / 1511.166 GB to store  30926731682 kmers; need 18.587 GB to sort     41577349 kmers
Used 180.638 GB / 1511.166 GB to store  30951810361 kmers; need 18.601 GB to sort     41608633 kmers
Used 180.760 GB / 1511.166 GB to store  30978979120 kmers; need 18.610 GB to sort     41629297 kmers
Used 180.864 GB / 1511.166 GB to store  31001969792 kmers; need 18.635 GB to sort     41684894 kmers
Used 180.986 GB / 1511.166 GB to store  31029141988 kmers; need 18.644 GB to sort     41706296 kmers
Used 181.090 GB / 1511.166 GB to store  31052134092 kmers; need 18.669 GB to sort     41761938 kmers
Used 181.203 GB / 1511.166 GB to store  31077217464 kmers; need 18.683 GB to sort     41794077 kmers
Used 181.334 GB / 1511.166 GB to store  31106481990 kmers; need 18.686 GB to sort     41800053 kmers
Used 181.438 GB / 1511.166 GB to store  31129474202 kmers; need 18.711 GB to sort     41854810 kmers
Used 181.551 GB / 1511.166 GB to store  31154556611 kmers; need 18.723 GB to sort     41881812 kmers
Used 181.674 GB / 1511.166 GB to store  31181730965 kmers; need 18.731 GB to sort     41900083 kmers
Used 181.778 GB / 1511.166 GB to store  31204723800 kmers; need 18.762 GB to sort     41969496 kmers
Used 181.900 GB / 1511.166 GB to store  31231896221 kmers; need 18.770 GB to sort     41988807 kmers
Used 182.014 GB / 1511.166 GB to store  31256979696 kmers; need 18.788 GB to sort     42026956 kmers
Used 182.144 GB / 1511.166 GB to store  31286242567 kmers; need 18.809 GB to sort     42075213 kmers
Used 182.267 GB / 1511.166 GB to store  31313415820 kmers; need 18.819 GB to sort     42096436 kmers
Used 182.381 GB / 1511.166 GB to store  31338499785 kmers; need 18.834 GB to sort     42130345 kmers
Used 182.504 GB / 1511.166 GB to store  31365672772 kmers; need 18.849 GB to sort     42164861 kmers
Used 182.617 GB / 1511.166 GB to store  31390756268 kmers; need 18.869 GB to sort     42209800 kmers
Used 182.738 GB / 1511.166 GB to store  31417929938 kmers; need 18.880 GB to sort     42233082 kmers
Used 182.860 GB / 1511.166 GB to store  31445102267 kmers; need 18.893 GB to sort     42263274 kmers
Used 182.973 GB / 1511.166 GB to store  31470185908 kmers; need 18.907 GB to sort     42294272 kmers
Used 183.086 GB / 1511.166 GB to store  31495269918 kmers; need 18.922 GB to sort     42328618 kmers
Used 183.208 GB / 1511.166 GB to store  31522444529 kmers; need 18.933 GB to sort     42352152 kmers
Used 183.311 GB / 1511.166 GB to store  31545438669 kmers; need 18.957 GB to sort     42405198 kmers
Used 183.435 GB / 1511.166 GB to store  31572612257 kmers; need 18.966 GB to sort     42425668 kmers
Used 183.548 GB / 1511.166 GB to store  31597695950 kmers; need 18.982 GB to sort     42462100 kmers
Used 183.653 GB / 1511.166 GB to store  31620689202 kmers; need 19.003 GB to sort     42509637 kmers
Used 183.774 GB / 1511.166 GB to store  31647862873 kmers; need 19.013 GB to sort     42530644 kmers
Used 183.887 GB / 1511.166 GB to store  31672944943 kmers; need 19.025 GB to sort     42557439 kmers
Used 184.001 GB / 1511.166 GB to store  31698028339 kmers; need 19.037 GB to sort     42586115 kmers
Used 184.105 GB / 1511.166 GB to store  31721021970 kmers; need 19.060 GB to sort     42635916 kmers
Used 184.227 GB / 1511.166 GB to store  31748194930 kmers; need 19.066 GB to sort     42650046 kmers
Used 184.340 GB / 1511.166 GB to store  31773277824 kmers; need 19.078 GB to sort     42677576 kmers
Used 184.453 GB / 1511.166 GB to store  31798360252 kmers; need 19.099 GB to sort     42723401 kmers
Used 184.565 GB / 1511.166 GB to store  31823444045 kmers; need 19.119 GB to sort     42767892 kmers
Used 184.688 GB / 1511.166 GB to store  31850618284 kmers; need 19.136 GB to sort     42805545 kmers
Used 184.812 GB / 1511.166 GB to store  31877792671 kmers; need 19.142 GB to sort     42819657 kmers
Used 184.924 GB / 1511.166 GB to store  31902876790 kmers; need 19.160 GB to sort     42859377 kmers
Used 185.036 GB / 1511.166 GB to store  31927960385 kmers; need 19.174 GB to sort     42891995 kmers
Used 185.150 GB / 1511.166 GB to store  31953044007 kmers; need 19.192 GB to sort     42931158 kmers
Used 185.271 GB / 1511.166 GB to store  31980217993 kmers; need 19.202 GB to sort     42953624 kmers
Used 185.375 GB / 1511.166 GB to store  32003211416 kmers; need 19.223 GB to sort     43002087 kmers
Used 185.497 GB / 1511.166 GB to store  32030386082 kmers; need 19.238 GB to sort     43035329 kmers
Used 185.611 GB / 1511.166 GB to store  32055470180 kmers; need 19.253 GB to sort     43067991 kmers
Used 185.725 GB / 1511.166 GB to store  32080554844 kmers; need 19.269 GB to sort     43104476 kmers
Used 185.846 GB / 1511.166 GB to store  32107729431 kmers; need 19.280 GB to sort     43129293 kmers
Used 185.959 GB / 1511.166 GB to store  32132812728 kmers; need 19.298 GB to sort     43169830 kmers
Used 186.073 GB / 1511.166 GB to store  32157895366 kmers; need 19.319 GB to sort     43214866 kmers
Used 186.193 GB / 1511.166 GB to store  32185068305 kmers; need 19.329 GB to sort     43238051 kmers
Used 186.307 GB / 1511.166 GB to store  32210151980 kmers; need 19.343 GB to sort     43270151 kmers
Used 186.421 GB / 1511.166 GB to store  32235235935 kmers; need 19.361 GB to sort     43310241 kmers
Used 186.534 GB / 1511.166 GB to store  32260319262 kmers; need 19.373 GB to sort     43337742 kmers
Used 186.647 GB / 1511.166 GB to store  32285402737 kmers; need 19.388 GB to sort     43370418 kmers
Used 186.750 GB / 1511.166 GB to store  32308395796 kmers; need 19.412 GB to sort     43423084 kmers
Used 186.873 GB / 1511.166 GB to store  32335568788 kmers; need 19.421 GB to sort     43442978 kmers
Used 186.996 GB / 1511.166 GB to store  32362742917 kmers; need 19.444 GB to sort     43496328 kmers
Used 187.109 GB / 1511.166 GB to store  32387826627 kmers; need 19.457 GB to sort     43525405 kmers
Used 187.231 GB / 1511.166 GB to store  32415000364 kmers; need 19.474 GB to sort     43563179 kmers
Used 187.353 GB / 1511.166 GB to store  32442173501 kmers; need 19.479 GB to sort     43573194 kmers
Used 187.457 GB / 1511.166 GB to store  32465167206 kmers; need 19.504 GB to sort     43630468 kmers
Used 187.579 GB / 1511.166 GB to store  32492341874 kmers; need 19.519 GB to sort     43662668 kmers
Used 187.693 GB / 1511.166 GB to store  32517426711 kmers; need 19.539 GB to sort     43708405 kmers
Used 187.806 GB / 1511.166 GB to store  32542511745 kmers; need 19.552 GB to sort     43737133 kmers
Used 187.919 GB / 1511.166 GB to store  32567595485 kmers; need 19.565 GB to sort     43767058 kmers
Used 188.032 GB / 1511.166 GB to store  32592679957 kmers; need 19.580 GB to sort     43799753 kmers
Used 188.145 GB / 1511.166 GB to store  32617763063 kmers; need 19.595 GB to sort     43834205 kmers
Used 188.258 GB / 1511.166 GB to store  32642846718 kmers; need 19.615 GB to sort     43878095 kmers
Used 188.372 GB / 1511.166 GB to store  32667929993 kmers; need 19.629 GB to sort     43909496 kmers
Used 188.484 GB / 1511.166 GB to store  32693014303 kmers; need 19.649 GB to sort     43954099 kmers
Used 188.597 GB / 1511.166 GB to store  32718098540 kmers; need 19.663 GB to sort     43985293 kmers
Used 188.710 GB / 1511.166 GB to store  32743184105 kmers; need 19.677 GB to sort     44017078 kmers
Used 188.833 GB / 1511.166 GB to store  32770358286 kmers; need 19.708 GB to sort     44085744 kmers
Used 188.963 GB / 1511.166 GB to store  32799623466 kmers; need 19.711 GB to sort     44093096 kmers
Used 189.077 GB / 1511.166 GB to store  32824707502 kmers; need 19.724 GB to sort     44122595 kmers
Used 189.190 GB / 1511.166 GB to store  32849791611 kmers; need 19.740 GB to sort     44158750 kmers
Used 189.295 GB / 1511.166 GB to store  32872784004 kmers; need 19.768 GB to sort     44220110 kmers
Used 189.417 GB / 1511.166 GB to store  32899959039 kmers; need 19.777 GB to sort     44240281 kmers
Used 189.538 GB / 1511.166 GB to store  32927133477 kmers; need 19.781 GB to sort     44248407 kmers
Used 189.652 GB / 1511.166 GB to store  32952218687 kmers; need 19.800 GB to sort     44291549 kmers
Used 189.774 GB / 1511.166 GB to store  32979394469 kmers; need 19.835 GB to sort     44369849 kmers
Used 189.887 GB / 1511.166 GB to store  33004477433 kmers; need 19.851 GB to sort     44405604 kmers
Used 190.019 GB / 1511.166 GB to store  33033741229 kmers; need 19.851 GB to sort     44405604 kmers
Used 190.142 GB / 1511.166 GB to store  33060914416 kmers; need 19.866 GB to sort     44440345 kmers
Used 190.254 GB / 1511.166 GB to store  33085998859 kmers; need 19.885 GB to sort     44481886 kmers
Used 190.376 GB / 1511.166 GB to store  33113172838 kmers; need 19.906 GB to sort     44528321 kmers
Used 190.499 GB / 1511.166 GB to store  33140345912 kmers; need 19.916 GB to sort     44551810 kmers
Used 190.613 GB / 1511.166 GB to store  33165430373 kmers; need 19.928 GB to sort     44578041 kmers
Used 190.726 GB / 1511.166 GB to store  33190514790 kmers; need 19.949 GB to sort     44624763 kmers
Used 190.848 GB / 1511.166 GB to store  33217689449 kmers; need 19.956 GB to sort     44640187 kmers
Used 190.962 GB / 1511.166 GB to store  33242772927 kmers; need 19.997 GB to sort     44733375 kmers
Used 191.093 GB / 1511.166 GB to store  33272037329 kmers; need 19.997 GB to sort     44733375 kmers
Used 191.215 GB / 1511.166 GB to store  33299211843 kmers; need 20.009 GB to sort     44759316 kmers
Used 191.328 GB / 1511.166 GB to store  33324293890 kmers; need 20.025 GB to sort     44794511 kmers
Used 191.451 GB / 1511.166 GB to store  33351468160 kmers; need 20.042 GB to sort     44833198 kmers
Used 191.573 GB / 1511.166 GB to store  33378640916 kmers; need 20.053 GB to sort     44858730 kmers
Used 191.696 GB / 1511.166 GB to store  33405814048 kmers; need 20.086 GB to sort     44932456 kmers
Used 191.809 GB / 1511.166 GB to store  33430897899 kmers; need 20.100 GB to sort     44963408 kmers
Used 191.913 GB / 1511.166 GB to store  33453891540 kmers; need 20.122 GB to sort     45013221 kmers
Used 192.044 GB / 1511.166 GB to store  33483154294 kmers; need 20.122 GB to sort     45013221 kmers
Used 192.138 GB / 1511.166 GB to store  33504057652 kmers; need 20.159 GB to sort     45094872 kmers
Used 192.271 GB / 1511.166 GB to store  33533321530 kmers; need 20.159 GB to sort     45094872 kmers
Used 192.393 GB / 1511.166 GB to store  33560493748 kmers; need 20.163 GB to sort     45103465 kmers
Used 192.506 GB / 1511.166 GB to store  33585578020 kmers; need 20.182 GB to sort     45145749 kmers
Used 192.619 GB / 1511.166 GB to store  33610661031 kmers; need 20.197 GB to sort     45179948 kmers
Used 192.732 GB / 1511.166 GB to store  33635744001 kmers; need 20.210 GB to sort     45208829 kmers
Used 192.864 GB / 1511.166 GB to store  33665007942 kmers; need 20.211 GB to sort     45210738 kmers
Used 192.959 GB / 1511.166 GB to store  33685909733 kmers; need 20.249 GB to sort     45295322 kmers
Used 193.092 GB / 1511.166 GB to store  33715172203 kmers; need 20.259 GB to sort     45318899 kmers
Used 193.213 GB / 1511.166 GB to store  33742344123 kmers; need 20.263 GB to sort     45327130 kmers
Used 193.335 GB / 1511.166 GB to store  33769516238 kmers; need 20.274 GB to sort     45352267 kmers
Used 193.448 GB / 1511.166 GB to store  33794598278 kmers; need 20.294 GB to sort     45397631 kmers
Used 193.552 GB / 1511.166 GB to store  33817591363 kmers; need 20.325 GB to sort     45465482 kmers
Used 193.683 GB / 1511.166 GB to store  33846854256 kmers; need 20.327 GB to sort     45471089 kmers
Used 193.797 GB / 1511.166 GB to store  33871936904 kmers; need 20.341 GB to sort     45501123 kmers
Used 193.919 GB / 1511.166 GB to store  33899108255 kmers; need 20.359 GB to sort     45541963 kmers
Used 194.023 GB / 1511.166 GB to store  33922101407 kmers; need 20.384 GB to sort     45597430 kmers
Used 194.145 GB / 1511.166 GB to store  33949274227 kmers; need 20.389 GB to sort     45609711 kmers
Used 194.267 GB / 1511.166 GB to store  33976447227 kmers; need 20.395 GB to sort     45622292 kmers
Used 194.371 GB / 1511.166 GB to store  33999440378 kmers; need 20.416 GB to sort     45670918 kmers
Used 194.485 GB / 1511.166 GB to store  34024523469 kmers; need 20.437 GB to sort     45716773 kmers
Used 194.597 GB / 1511.166 GB to store  34049606790 kmers; need 20.450 GB to sort     45745864 kmers
Used 194.710 GB / 1511.166 GB to store  34074688510 kmers; need 20.464 GB to sort     45777716 kmers
Used 194.832 GB / 1511.166 GB to store  34101861138 kmers; need 20.469 GB to sort     45787953 kmers
Used 194.936 GB / 1511.166 GB to store  34124852517 kmers; need 20.491 GB to sort     45836854 kmers
Used 195.040 GB / 1511.166 GB to store  34147845112 kmers; need 20.519 GB to sort     45899120 kmers
Used 195.163 GB / 1511.166 GB to store  34175017405 kmers; need 20.521 GB to sort     45905763 kmers
Used 195.276 GB / 1511.166 GB to store  34200099507 kmers; need 20.541 GB to sort     45950083 kmers
Used 195.380 GB / 1511.166 GB to store  34223092036 kmers; need 20.567 GB to sort     46007476 kmers
Used 195.502 GB / 1511.166 GB to store  34250266284 kmers; need 20.589 GB to sort     46056558 kmers
Used 195.614 GB / 1511.166 GB to store  34275349556 kmers; need 20.604 GB to sort     46089546 kmers
Used 195.746 GB / 1511.166 GB to store  34304610797 kmers; need 20.604 GB to sort     46089546 kmers
Used 195.849 GB / 1511.166 GB to store  34327603738 kmers; need 20.634 GB to sort     46158478 kmers
Used 195.981 GB / 1511.166 GB to store  34356866165 kmers; need 20.634 GB to sort     46158478 kmers
Used 196.104 GB / 1511.166 GB to store  34384038538 kmers; need 20.639 GB to sort     46168497 kmers
Used 196.217 GB / 1511.166 GB to store  34409120347 kmers; need 20.651 GB to sort     46196318 kmers
Used 196.311 GB / 1511.166 GB to store  34430021618 kmers; need 20.684 GB to sort     46270217 kmers
Used 196.415 GB / 1511.166 GB to store  34453013480 kmers; need 20.707 GB to sort     46320555 kmers
Used 196.546 GB / 1511.166 GB to store  34482275676 kmers; need 20.707 GB to sort     46320555 kmers
Used 196.669 GB / 1511.166 GB to store  34509447926 kmers; need 20.710 GB to sort     46328019 kmers
Used 196.774 GB / 1511.166 GB to store  34532440082 kmers; need 20.734 GB to sort     46381214 kmers
Used 196.896 GB / 1511.166 GB to store  34559613088 kmers; need 20.743 GB to sort     46402028 kmers
Used 197.008 GB / 1511.166 GB to store  34584695280 kmers; need 20.764 GB to sort     46448227 kmers
Used 197.130 GB / 1511.166 GB to store  34611867200 kmers; need 20.772 GB to sort     46465381 kmers
Used 197.234 GB / 1511.166 GB to store  34634859440 kmers; need 20.799 GB to sort     46525894 kmers
Used 197.328 GB / 1511.166 GB to store  34655760015 kmers; need 20.833 GB to sort     46602070 kmers
Used 197.460 GB / 1511.166 GB to store  34685021844 kmers; need 20.833 GB to sort     46602070 kmers
Used 197.592 GB / 1511.166 GB to store  34714283811 kmers; need 20.833 GB to sort     46602070 kmers
Used 197.705 GB / 1511.166 GB to store  34739365702 kmers; need 20.851 GB to sort     46643324 kmers
Used 197.818 GB / 1511.166 GB to store  34764448659 kmers; need 20.865 GB to sort     46674958 kmers
Used 197.921 GB / 1511.166 GB to store  34787439435 kmers; need 20.892 GB to sort     46734931 kmers
Used 198.044 GB / 1511.166 GB to store  34814611384 kmers; need 20.898 GB to sort     46746949 kmers
Used 198.157 GB / 1511.166 GB to store  34839692878 kmers; need 20.924 GB to sort     46806818 kmers
Used 198.289 GB / 1511.166 GB to store  34868954853 kmers; need 20.924 GB to sort     46806818 kmers
Used 198.403 GB / 1511.166 GB to store  34894035629 kmers; need 20.943 GB to sort     46849419 kmers
Used 198.516 GB / 1511.166 GB to store  34919116841 kmers; need 20.959 GB to sort     46883849 kmers
Used 198.629 GB / 1511.166 GB to store  34944197520 kmers; need 20.976 GB to sort     46922869 kmers
Used 198.760 GB / 1511.166 GB to store  34973459672 kmers; need 20.977 GB to sort     46925167 kmers
Used 198.863 GB / 1511.166 GB to store  34996449761 kmers; need 21.001 GB to sort     46977396 kmers
Used 198.976 GB / 1511.166 GB to store  35021530670 kmers; need 21.020 GB to sort     47022022 kmers
Used 199.089 GB / 1511.166 GB to store  35046611786 kmers; need 21.034 GB to sort     47051683 kmers
Used 199.193 GB / 1511.166 GB to store  35069602879 kmers; need 21.062 GB to sort     47114161 kmers
Used 199.324 GB / 1511.166 GB to store  35098862728 kmers; need 21.064 GB to sort     47119064 kmers
Used 199.408 GB / 1511.166 GB to store  35117673039 kmers; need 21.112 GB to sort     47226800 kmers
Used 199.540 GB / 1511.166 GB to store  35146933742 kmers; need 21.112 GB to sort     47226800 kmers
Used 199.663 GB / 1511.166 GB to store  35174086519 kmers; need 21.118 GB to sort     47239365 kmers
Used 199.758 GB / 1511.166 GB to store  35194968783 kmers; need 21.149 GB to sort     47309162 kmers
Used 199.879 GB / 1511.166 GB to store  35222118369 kmers; need 21.155 GB to sort     47322542 kmers
Used 199.983 GB / 1511.166 GB to store  35245093603 kmers; need 21.183 GB to sort     47384466 kmers
Used 200.105 GB / 1511.166 GB to store  35272248421 kmers; need 21.188 GB to sort     47396310 kmers
Used 200.219 GB / 1511.166 GB to store  35297316630 kmers; need 21.208 GB to sort     47440974 kmers
Used 200.341 GB / 1511.166 GB to store  35324475249 kmers; need 21.224 GB to sort     47476709 kmers
Used 200.463 GB / 1511.166 GB to store  35351634192 kmers; need 21.234 GB to sort     47499055 kmers
Used 200.577 GB / 1511.166 GB to store  35376705527 kmers; need 21.260 GB to sort     47556997 kmers
Used 200.700 GB / 1511.166 GB to store  35403867163 kmers; need 21.271 GB to sort     47582559 kmers
Used 200.812 GB / 1511.166 GB to store  35428938589 kmers; need 21.290 GB to sort     47624419 kmers
Used 200.926 GB / 1511.166 GB to store  35454010791 kmers; need 21.305 GB to sort     47657401 kmers
Used 201.048 GB / 1511.166 GB to store  35481173807 kmers; need 21.310 GB to sort     47670226 kmers
Used 201.160 GB / 1511.166 GB to store  35506246616 kmers; need 21.328 GB to sort     47708897 kmers
Used 201.273 GB / 1511.166 GB to store  35531321037 kmers; need 21.345 GB to sort     47747336 kmers
Used 201.395 GB / 1511.166 GB to store  35558485136 kmers; need 21.360 GB to sort     47782546 kmers
Used 201.510 GB / 1511.166 GB to store  35583560707 kmers; need 21.377 GB to sort     47819684 kmers
Used 201.623 GB / 1511.166 GB to store  35608636662 kmers; need 21.397 GB to sort     47864833 kmers
Used 201.744 GB / 1511.166 GB to store  35635802090 kmers; need 21.405 GB to sort     47882557 kmers
Used 201.857 GB / 1511.166 GB to store  35660880553 kmers; need 21.423 GB to sort     47922388 kmers
Used 201.961 GB / 1511.166 GB to store  35683868018 kmers; need 21.460 GB to sort     48006093 kmers
Used 202.073 GB / 1511.166 GB to store  35708945265 kmers; need 21.475 GB to sort     48039214 kmers
Used 202.206 GB / 1511.166 GB to store  35738202131 kmers; need 21.475 GB to sort     48039214 kmers
Used 202.328 GB / 1511.166 GB to store  35765368160 kmers; need 21.485 GB to sort     48061769 kmers
Used 202.432 GB / 1511.166 GB to store  35788356597 kmers; need 21.517 GB to sort     48132000 kmers
Used 202.544 GB / 1511.166 GB to store  35813434277 kmers; need 21.553 GB to sort     48212624 kmers
Used 202.678 GB / 1511.166 GB to store  35842693127 kmers; need 21.553 GB to sort     48212624 kmers
Used 202.800 GB / 1511.166 GB to store  35869861772 kmers; need 21.559 GB to sort     48226096 kmers
Used 202.913 GB / 1511.166 GB to store  35894939874 kmers; need 21.573 GB to sort     48257466 kmers
Used 203.025 GB / 1511.166 GB to store  35920018281 kmers; need 21.590 GB to sort     48295816 kmers
Used 203.138 GB / 1511.166 GB to store  35945095625 kmers; need 21.607 GB to sort     48333577 kmers
Used 203.261 GB / 1511.166 GB to store  35972264359 kmers; need 21.612 GB to sort     48345633 kmers
Used 203.374 GB / 1511.166 GB to store  35997342036 kmers; need 21.631 GB to sort     48388126 kmers
Used 203.497 GB / 1511.166 GB to store  36024513606 kmers; need 21.642 GB to sort     48412798 kmers
Used 203.609 GB / 1511.166 GB to store  36049595019 kmers; need 21.660 GB to sort     48453298 kmers
Used 203.733 GB / 1511.166 GB to store  36076768217 kmers; need 21.670 GB to sort     48475068 kmers
Used 203.836 GB / 1511.166 GB to store  36099760558 kmers; need 21.699 GB to sort     48539640 kmers
Used 203.958 GB / 1511.166 GB to store  36126933811 kmers; need 21.711 GB to sort     48566370 kmers
Used 204.081 GB / 1511.166 GB to store  36154106869 kmers; need 21.724 GB to sort     48594757 kmers
Used 204.203 GB / 1511.166 GB to store  36181280194 kmers; need 21.735 GB to sort     48621434 kmers
Used 204.316 GB / 1511.166 GB to store  36206362810 kmers; need 21.761 GB to sort     48677979 kmers
Used 204.438 GB / 1511.166 GB to store  36233535388 kmers; need 21.772 GB to sort     48703911 kmers
Used 204.550 GB / 1511.166 GB to store  36258618607 kmers; need 21.790 GB to sort     48743385 kmers
Used 204.682 GB / 1511.166 GB to store  36287882202 kmers; need 21.790 GB to sort     48743385 kmers
Used 204.777 GB / 1511.166 GB to store  36308784964 kmers; need 21.821 GB to sort     48813479 kmers
Used 204.910 GB / 1511.166 GB to store  36338050116 kmers; need 21.821 GB to sort     48813479 kmers
Used 205.013 GB / 1511.166 GB to store  36361043217 kmers; need 21.844 GB to sort     48865314 kmers
Used 205.127 GB / 1511.166 GB to store  36386127099 kmers; need 21.861 GB to sort     48902058 kmers
Used 205.240 GB / 1511.166 GB to store  36411210742 kmers; need 21.873 GB to sort     48929533 kmers
Used 205.352 GB / 1511.166 GB to store  36436293565 kmers; need 21.888 GB to sort     48962914 kmers
Used 205.465 GB / 1511.166 GB to store  36461376009 kmers; need 21.904 GB to sort     48998930 kmers
Used 205.578 GB / 1511.166 GB to store  36486460032 kmers; need 21.919 GB to sort     49032730 kmers
Used 205.701 GB / 1511.166 GB to store  36513633462 kmers; need 21.929 GB to sort     49053831 kmers
Used 205.815 GB / 1511.166 GB to store  36538716382 kmers; need 21.945 GB to sort     49089763 kmers
Used 205.928 GB / 1511.166 GB to store  36563798676 kmers; need 21.957 GB to sort     49117432 kmers
Used 206.031 GB / 1511.166 GB to store  36586791250 kmers; need 21.990 GB to sort     49191308 kmers
Used 206.153 GB / 1511.166 GB to store  36613963577 kmers; need 21.997 GB to sort     49206192 kmers
Used 206.275 GB / 1511.166 GB to store  36641135325 kmers; need 22.008 GB to sort     49230146 kmers
Used 206.379 GB / 1511.166 GB to store  36664128462 kmers; need 22.037 GB to sort     49295546 kmers
Used 206.510 GB / 1511.166 GB to store  36693391723 kmers; need 22.037 GB to sort     49295546 kmers
Used 206.623 GB / 1511.166 GB to store  36718475302 kmers; need 22.051 GB to sort     49326240 kmers
Used 206.736 GB / 1511.166 GB to store  36743557869 kmers; need 22.065 GB to sort     49359367 kmers
Used 206.829 GB / 1511.166 GB to store  36764460752 kmers; need 22.099 GB to sort     49433531 kmers
Used 206.961 GB / 1511.166 GB to store  36793725420 kmers; need 22.099 GB to sort     49433531 kmers
Used 207.065 GB / 1511.166 GB to store  36816719320 kmers; need 22.121 GB to sort     49484097 kmers
Used 207.187 GB / 1511.166 GB to store  36843893450 kmers; need 22.126 GB to sort     49494081 kmers
Used 207.291 GB / 1511.166 GB to store  36866886569 kmers; need 22.151 GB to sort     49551108 kmers
Used 207.413 GB / 1511.166 GB to store  36894060613 kmers; need 22.161 GB to sort     49572488 kmers
Used 207.526 GB / 1511.166 GB to store  36919144078 kmers; need 22.175 GB to sort     49603562 kmers
Used 207.630 GB / 1511.166 GB to store  36942137790 kmers; need 22.198 GB to sort     49656447 kmers
Used 207.752 GB / 1511.166 GB to store  36969311036 kmers; need 22.206 GB to sort     49674726 kmers
Used 207.875 GB / 1511.166 GB to store  36996485527 kmers; need 22.215 GB to sort     49693857 kmers
Used 207.988 GB / 1511.166 GB to store  37021568910 kmers; need 22.235 GB to sort     49738685 kmers
Used 208.111 GB / 1511.166 GB to store  37048744067 kmers; need 22.242 GB to sort     49755621 kmers
Used 208.224 GB / 1511.166 GB to store  37073827530 kmers; need 22.259 GB to sort     49791609 kmers
Used 208.337 GB / 1511.166 GB to store  37098910504 kmers; need 22.285 GB to sort     49850300 kmers
Used 208.459 GB / 1511.166 GB to store  37126084125 kmers; need 22.294 GB to sort     49871412 kmers
Used 208.572 GB / 1511.166 GB to store  37151166994 kmers; need 22.313 GB to sort     49914164 kmers
Used 208.685 GB / 1511.166 GB to store  37176250845 kmers; need 22.329 GB to sort     49948708 kmers
Used 208.808 GB / 1511.166 GB to store  37203425678 kmers; need 22.340 GB to sort     49973043 kmers
Used 208.923 GB / 1511.166 GB to store  37228508867 kmers; need 22.357 GB to sort     50011769 kmers
Used 209.035 GB / 1511.166 GB to store  37253593197 kmers; need 22.374 GB to sort     50049901 kmers
Used 209.147 GB / 1511.166 GB to store  37278676379 kmers; need 22.389 GB to sort     50082428 kmers
Used 209.269 GB / 1511.166 GB to store  37305850950 kmers; need 22.397 GB to sort     50100737 kmers
Used 209.354 GB / 1511.166 GB to store  37324664314 kmers; need 22.441 GB to sort     50198759 kmers
Used 209.486 GB / 1511.166 GB to store  37353928296 kmers; need 22.441 GB to sort     50198759 kmers
Used 209.599 GB / 1511.166 GB to store  37379012068 kmers; need 22.458 GB to sort     50237520 kmers
Used 209.732 GB / 1511.166 GB to store  37408277108 kmers; need 22.458 GB to sort     50237520 kmers
Used 209.835 GB / 1511.166 GB to store  37431271283 kmers; need 22.493 GB to sort     50315319 kmers
Used 209.967 GB / 1511.166 GB to store  37460536229 kmers; need 22.511 GB to sort     50355655 kmers
Used 210.099 GB / 1511.166 GB to store  37489800550 kmers; need 22.511 GB to sort     50355655 kmers
Used 210.212 GB / 1511.166 GB to store  37514885717 kmers; need 22.532 GB to sort     50402320 kmers
Used 210.333 GB / 1511.166 GB to store  37542059979 kmers; need 22.541 GB to sort     50422318 kmers
Used 210.437 GB / 1511.166 GB to store  37565053136 kmers; need 22.565 GB to sort     50476333 kmers
Used 210.559 GB / 1511.166 GB to store  37592226035 kmers; need 22.572 GB to sort     50493577 kmers
Used 210.672 GB / 1511.166 GB to store  37617309317 kmers; need 22.586 GB to sort     50523512 kmers
Used 210.775 GB / 1511.166 GB to store  37640301772 kmers; need 22.611 GB to sort     50578909 kmers
Used 210.899 GB / 1511.166 GB to store  37667476096 kmers; need 22.618 GB to sort     50596106 kmers
Used 211.013 GB / 1511.166 GB to store  37692559022 kmers; need 22.637 GB to sort     50637540 kmers
Used 211.125 GB / 1511.166 GB to store  37717642606 kmers; need 22.651 GB to sort     50668374 kmers
Used 211.247 GB / 1511.166 GB to store  37744817766 kmers; need 22.662 GB to sort     50693864 kmers
Used 211.361 GB / 1511.166 GB to store  37769901704 kmers; need 22.678 GB to sort     50730394 kmers
Used 211.473 GB / 1511.166 GB to store  37794985285 kmers; need 22.694 GB to sort     50765291 kmers
Used 211.578 GB / 1511.166 GB to store  37817978648 kmers; need 22.722 GB to sort     50827483 kmers
Used 211.708 GB / 1511.166 GB to store  37847242493 kmers; need 22.724 GB to sort     50833095 kmers
Used 211.821 GB / 1511.166 GB to store  37872327273 kmers; need 22.743 GB to sort     50874401 kmers
Used 211.934 GB / 1511.166 GB to store  37897411929 kmers; need 22.760 GB to sort     50912458 kmers
Used 212.047 GB / 1511.166 GB to store  37922497053 kmers; need 22.778 GB to sort     50952495 kmers
Used 212.160 GB / 1511.166 GB to store  37947581143 kmers; need 22.794 GB to sort     50989592 kmers
Used 212.283 GB / 1511.166 GB to store  37974755161 kmers; need 22.803 GB to sort     51009956 kmers
Used 212.406 GB / 1511.166 GB to store  38001930078 kmers; need 22.815 GB to sort     51035761 kmers
Used 212.519 GB / 1511.166 GB to store  38027014484 kmers; need 22.829 GB to sort     51067038 kmers
Used 212.632 GB / 1511.166 GB to store  38052098974 kmers; need 22.848 GB to sort     51109226 kmers
Used 212.745 GB / 1511.166 GB to store  38077182843 kmers; need 22.876 GB to sort     51172110 kmers
Used 212.867 GB / 1511.166 GB to store  38104356989 kmers; need 22.891 GB to sort     51207042 kmers
Used 212.989 GB / 1511.166 GB to store  38131530339 kmers; need 22.895 GB to sort     51216099 kmers
Used 213.112 GB / 1511.166 GB to store  38158704834 kmers; need 22.910 GB to sort     51249119 kmers
Used 213.225 GB / 1511.166 GB to store  38183789011 kmers; need 22.931 GB to sort     51295358 kmers
Used 213.338 GB / 1511.166 GB to store  38208872533 kmers; need 22.943 GB to sort     51323460 kmers
Used 213.460 GB / 1511.166 GB to store  38236046693 kmers; need 22.949 GB to sort     51335242 kmers
Used 213.564 GB / 1511.166 GB to store  38259039858 kmers; need 22.982 GB to sort     51409603 kmers
Used 213.696 GB / 1511.166 GB to store  38288303703 kmers; need 22.982 GB to sort     51409603 kmers
Used 213.790 GB / 1511.166 GB to store  38309206764 kmers; need 23.015 GB to sort     51484521 kmers
Used 213.913 GB / 1511.166 GB to store  38336379833 kmers; need 23.027 GB to sort     51510187 kmers
Used 214.035 GB / 1511.166 GB to store  38363553463 kmers; need 23.045 GB to sort     51549719 kmers
Used 214.168 GB / 1511.166 GB to store  38392816774 kmers; need 23.045 GB to sort     51549719 kmers
Used 214.262 GB / 1511.166 GB to store  38413719254 kmers; need 23.083 GB to sort     51635866 kmers
Used 214.393 GB / 1511.166 GB to store  38442983326 kmers; need 23.083 GB to sort     51635866 kmers
Used 214.516 GB / 1511.166 GB to store  38470156580 kmers; need 23.093 GB to sort     51657750 kmers
Used 214.629 GB / 1511.166 GB to store  38495238907 kmers; need 23.116 GB to sort     51708978 kmers
Used 214.723 GB / 1511.166 GB to store  38516143155 kmers; need 23.153 GB to sort     51791739 kmers
Used 214.856 GB / 1511.166 GB to store  38545407081 kmers; need 23.153 GB to sort     51791739 kmers
Used 214.978 GB / 1511.166 GB to store  38572580593 kmers; need 23.166 GB to sort     51822533 kmers
Used 215.110 GB / 1511.166 GB to store  38601845244 kmers; need 23.169 GB to sort     51827244 kmers
Used 215.204 GB / 1511.166 GB to store  38622747400 kmers; need 23.200 GB to sort     51897894 kmers
Used 215.326 GB / 1511.166 GB to store  38649920205 kmers; need 23.211 GB to sort     51923189 kmers
Used 215.449 GB / 1511.166 GB to store  38677093490 kmers; need 23.220 GB to sort     51941859 kmers
Used 215.572 GB / 1511.166 GB to store  38704266601 kmers; need 23.231 GB to sort     51965959 kmers
Used 215.675 GB / 1511.166 GB to store  38727257646 kmers; need 23.255 GB to sort     52019999 kmers
Used 215.788 GB / 1511.166 GB to store  38752339450 kmers; need 23.271 GB to sort     52057087 kmers
Used 215.911 GB / 1511.166 GB to store  38779514087 kmers; need 23.278 GB to sort     52070963 kmers
Used 216.024 GB / 1511.166 GB to store  38804595992 kmers; need 23.295 GB to sort     52110327 kmers
Used 216.146 GB / 1511.166 GB to store  38831768761 kmers; need 23.307 GB to sort     52135980 kmers
Used 216.260 GB / 1511.166 GB to store  38856852031 kmers; need 23.326 GB to sort     52179286 kmers
Used 216.372 GB / 1511.166 GB to store  38881935022 kmers; need 23.345 GB to sort     52221267 kmers
Used 216.486 GB / 1511.166 GB to store  38907018039 kmers; need 23.359 GB to sort     52252156 kmers
Used 216.598 GB / 1511.166 GB to store  38932101088 kmers; need 23.375 GB to sort     52289325 kmers
Used 216.720 GB / 1511.166 GB to store  38959274111 kmers; need 23.384 GB to sort     52308939 kmers
Used 216.843 GB / 1511.166 GB to store  38986446412 kmers; need 23.393 GB to sort     52329038 kmers
Used 216.966 GB / 1511.166 GB to store  39013619497 kmers; need 23.409 GB to sort     52366093 kmers
Used 217.079 GB / 1511.166 GB to store  39038701929 kmers; need 23.427 GB to sort     52405412 kmers
Used 217.192 GB / 1511.166 GB to store  39063783208 kmers; need 23.448 GB to sort     52452918 kmers
Used 217.314 GB / 1511.166 GB to store  39090955794 kmers; need 23.458 GB to sort     52475179 kmers
Used 217.436 GB / 1511.166 GB to store  39118129177 kmers; need 23.473 GB to sort     52508045 kmers
Used 217.549 GB / 1511.166 GB to store  39143212102 kmers; need 23.491 GB to sort     52548622 kmers
Used 217.671 GB / 1511.166 GB to store  39170384397 kmers; need 23.514 GB to sort     52600991 kmers
Used 217.795 GB / 1511.166 GB to store  39197557392 kmers; need 23.521 GB to sort     52614507 kmers
Used 217.907 GB / 1511.166 GB to store  39222639133 kmers; need 23.537 GB to sort     52650523 kmers
Used 218.029 GB / 1511.166 GB to store  39249811821 kmers; need 23.549 GB to sort     52678220 kmers
Used 218.143 GB / 1511.166 GB to store  39274894304 kmers; need 23.567 GB to sort     52718175 kmers
Used 218.256 GB / 1511.166 GB to store  39299978269 kmers; need 23.584 GB to sort     52756664 kmers
Used 218.369 GB / 1511.166 GB to store  39325061052 kmers; need 23.599 GB to sort     52790516 kmers
Used 218.482 GB / 1511.166 GB to store  39350144261 kmers; need 23.613 GB to sort     52822171 kmers
Used 218.595 GB / 1511.166 GB to store  39375225875 kmers; need 23.628 GB to sort     52855183 kmers
Used 218.698 GB / 1511.166 GB to store  39398217650 kmers; need 23.650 GB to sort     52903589 kmers
Used 218.820 GB / 1511.166 GB to store  39425389112 kmers; need 23.658 GB to sort     52921039 kmers
Used 218.943 GB / 1511.166 GB to store  39452560754 kmers; need 23.667 GB to sort     52941837 kmers
Used 219.056 GB / 1511.166 GB to store  39477641911 kmers; need 23.689 GB to sort     52991191 kmers
Used 219.169 GB / 1511.166 GB to store  39502724360 kmers; need 23.716 GB to sort     53051800 kmers
Used 219.291 GB / 1511.166 GB to store  39529896790 kmers; need 23.721 GB to sort     53062296 kmers
Used 219.404 GB / 1511.166 GB to store  39554978889 kmers; need 23.739 GB to sort     53103853 kmers
Used 219.527 GB / 1511.166 GB to store  39582151494 kmers; need 23.750 GB to sort     53127723 kmers
Used 219.649 GB / 1511.166 GB to store  39609323834 kmers; need 23.765 GB to sort     53161396 kmers
Used 219.762 GB / 1511.166 GB to store  39634407166 kmers; need 23.778 GB to sort     53190522 kmers
Used 219.875 GB / 1511.166 GB to store  39659489564 kmers; need 23.796 GB to sort     53231073 kmers
Used 219.987 GB / 1511.166 GB to store  39684570679 kmers; need 23.814 GB to sort     53270349 kmers
Used 220.101 GB / 1511.166 GB to store  39709653710 kmers; need 23.828 GB to sort     53302475 kmers
Used 220.213 GB / 1511.166 GB to store  39734736079 kmers; need 23.843 GB to sort     53336345 kmers
Used 220.336 GB / 1511.166 GB to store  39761908213 kmers; need 23.847 GB to sort     53344950 kmers
Used 220.450 GB / 1511.166 GB to store  39786990436 kmers; need 23.865 GB to sort     53386177 kmers
Used 220.563 GB / 1511.166 GB to store  39812071947 kmers; need 23.880 GB to sort     53417704 kmers
Used 220.676 GB / 1511.166 GB to store  39837153241 kmers; need 23.894 GB to sort     53449001 kmers
Used 220.788 GB / 1511.166 GB to store  39862235167 kmers; need 23.913 GB to sort     53491860 kmers
Used 220.910 GB / 1511.166 GB to store  39889406585 kmers; need 23.924 GB to sort     53518160 kmers
Used 221.023 GB / 1511.166 GB to store  39914488467 kmers; need 23.940 GB to sort     53553939 kmers
Used 221.136 GB / 1511.166 GB to store  39939570003 kmers; need 23.957 GB to sort     53590126 kmers
Used 221.259 GB / 1511.166 GB to store  39966742268 kmers; need 23.967 GB to sort     53612497 kmers
Used 221.372 GB / 1511.166 GB to store  39991823064 kmers; need 23.984 GB to sort     53650712 kmers
Used 221.476 GB / 1511.166 GB to store  40014814781 kmers; need 24.006 GB to sort     53701172 kmers
Used 221.598 GB / 1511.166 GB to store  40041985959 kmers; need 24.013 GB to sort     53717023 kmers
Used 221.713 GB / 1511.166 GB to store  40067066604 kmers; need 24.031 GB to sort     53757151 kmers
Used 221.816 GB / 1511.166 GB to store  40090057261 kmers; need 24.053 GB to sort     53805408 kmers
Used 221.930 GB / 1511.166 GB to store  40115139102 kmers; need 24.073 GB to sort     53850988 kmers
Used 222.033 GB / 1511.166 GB to store  40138130457 kmers; need 24.117 GB to sort     53947710 kmers
Used 222.165 GB / 1511.166 GB to store  40167383985 kmers; need 24.117 GB to sort     53947710 kmers
Used 222.268 GB / 1511.166 GB to store  40190351209 kmers; need 24.141 GB to sort     54002517 kmers
Used 222.400 GB / 1511.166 GB to store  40219584911 kmers; need 24.141 GB to sort     54003434 kmers
Used 222.522 GB / 1511.166 GB to store  40246734692 kmers; need 24.150 GB to sort     54021768 kmers
Used 222.616 GB / 1511.166 GB to store  40267620195 kmers; need 24.188 GB to sort     54106680 kmers
Used 222.737 GB / 1511.166 GB to store  40294774064 kmers; need 24.193 GB to sort     54118930 kmers
Used 222.851 GB / 1511.166 GB to store  40319840985 kmers; need 24.214 GB to sort     54165810 kmers
Used 222.972 GB / 1511.166 GB to store  40346999035 kmers; need 24.220 GB to sort     54179506 kmers
Used 223.077 GB / 1511.166 GB to store  40369978735 kmers; need 24.255 GB to sort     54257845 kmers
Used 223.199 GB / 1511.166 GB to store  40397138328 kmers; need 24.261 GB to sort     54271954 kmers
Used 223.321 GB / 1511.166 GB to store  40424299208 kmers; need 24.280 GB to sort     54313193 kmers
Used 223.443 GB / 1511.166 GB to store  40451460736 kmers; need 24.290 GB to sort     54336243 kmers
Used 223.547 GB / 1511.166 GB to store  40474442747 kmers; need 24.315 GB to sort     54390697 kmers
Used 223.679 GB / 1511.166 GB to store  40503694333 kmers; need 24.319 GB to sort     54400375 kmers
Used 223.792 GB / 1511.166 GB to store  40528767429 kmers; need 24.333 GB to sort     54431830 kmers
Used 223.905 GB / 1511.166 GB to store  40553841636 kmers; need 24.353 GB to sort     54476279 kmers
Used 224.009 GB / 1511.166 GB to store  40576826113 kmers; need 24.374 GB to sort     54523052 kmers
Used 224.121 GB / 1511.166 GB to store  40601900511 kmers; need 24.389 GB to sort     54556929 kmers
Used 224.253 GB / 1511.166 GB to store  40631154685 kmers; need 24.402 GB to sort     54586695 kmers
Used 224.375 GB / 1511.166 GB to store  40658321395 kmers; need 24.415 GB to sort     54614394 kmers
Used 224.488 GB / 1511.166 GB to store  40683396417 kmers; need 24.431 GB to sort     54650718 kmers
Used 224.601 GB / 1511.166 GB to store  40708469338 kmers; need 24.444 GB to sort     54680157 kmers
Used 224.705 GB / 1511.166 GB to store  40731455370 kmers; need 24.475 GB to sort     54749745 kmers
Used 224.837 GB / 1511.166 GB to store  40760711124 kmers; need 24.475 GB to sort     54749745 kmers
Used 224.951 GB / 1511.166 GB to store  40785787134 kmers; need 24.490 GB to sort     54784134 kmers
Used 225.055 GB / 1511.166 GB to store  40808773671 kmers; need 24.518 GB to sort     54845754 kmers
Used 225.168 GB / 1511.166 GB to store  40833850087 kmers; need 24.536 GB to sort     54886343 kmers
Used 225.290 GB / 1511.166 GB to store  40861017651 kmers; need 24.543 GB to sort     54902546 kmers
Used 225.403 GB / 1511.166 GB to store  40886100598 kmers; need 24.564 GB to sort     54949258 kmers
Used 225.526 GB / 1511.166 GB to store  40913272406 kmers; need 24.568 GB to sort     54958761 kmers
Used 225.638 GB / 1511.166 GB to store  40938354989 kmers; need 24.582 GB to sort     54989967 kmers
Used 225.723 GB / 1511.166 GB to store  40957166181 kmers; need 24.626 GB to sort     55087083 kmers
Used 225.854 GB / 1511.166 GB to store  40986426977 kmers; need 24.626 GB to sort     55087083 kmers
Used 225.985 GB / 1511.166 GB to store  41015689302 kmers; need 24.626 GB to sort     55087083 kmers
Used 226.099 GB / 1511.166 GB to store  41040772958 kmers; need 24.655 GB to sort     55152357 kmers
Used 226.222 GB / 1511.166 GB to store  41067946156 kmers; need 24.665 GB to sort     55174976 kmers
Used 226.316 GB / 1511.166 GB to store  41088848536 kmers; need 24.712 GB to sort     55278884 kmers
Used 226.448 GB / 1511.166 GB to store  41118110428 kmers; need 24.712 GB to sort     55278884 kmers
Used 226.561 GB / 1511.166 GB to store  41143192488 kmers; need 24.732 GB to sort     55324112 kmers
Used 226.694 GB / 1511.166 GB to store  41172455676 kmers; need 24.732 GB to sort     55324112 kmers
Used 226.826 GB / 1511.166 GB to store  41201717459 kmers; need 24.732 GB to sort     55324112 kmers
Used 226.920 GB / 1511.166 GB to store  41222620253 kmers; need 24.766 GB to sort     55401611 kmers
Used 227.051 GB / 1511.166 GB to store  41251883158 kmers; need 24.767 GB to sort     55403477 kmers
Used 227.174 GB / 1511.166 GB to store  41279055398 kmers; need 24.785 GB to sort     55444144 kmers
Used 227.286 GB / 1511.166 GB to store  41304137913 kmers; need 24.809 GB to sort     55495955 kmers
Used 227.409 GB / 1511.166 GB to store  41331310478 kmers; need 24.821 GB to sort     55522890 kmers
Used 227.531 GB / 1511.166 GB to store  41358484348 kmers; need 24.830 GB to sort     55542793 kmers
Used 227.644 GB / 1511.166 GB to store  41383566616 kmers; need 24.851 GB to sort     55589883 kmers
Used 227.758 GB / 1511.166 GB to store  41408649371 kmers; need 24.862 GB to sort     55616128 kmers
Used 227.860 GB / 1511.166 GB to store  41431642258 kmers; need 24.886 GB to sort     55669343 kmers
Used 227.974 GB / 1511.166 GB to store  41456724256 kmers; need 24.901 GB to sort     55701859 kmers
Used 228.097 GB / 1511.166 GB to store  41483896749 kmers; need 24.906 GB to sort     55713674 kmers
Used 228.211 GB / 1511.166 GB to store  41508979910 kmers; need 24.924 GB to sort     55752960 kmers
Used 228.333 GB / 1511.166 GB to store  41536151990 kmers; need 24.936 GB to sort     55781345 kmers
Used 228.455 GB / 1511.166 GB to store  41563325063 kmers; need 24.948 GB to sort     55808723 kmers
Used 228.568 GB / 1511.166 GB to store  41588407554 kmers; need 24.964 GB to sort     55844454 kmers
Used 228.682 GB / 1511.166 GB to store  41613490144 kmers; need 24.979 GB to sort     55877630 kmers
Used 228.794 GB / 1511.166 GB to store  41638573055 kmers; need 24.993 GB to sort     55908450 kmers
Used 228.888 GB / 1511.166 GB to store  41659476007 kmers; need 25.025 GB to sort     55980990 kmers
Used 229.019 GB / 1511.166 GB to store  41688739130 kmers; need 25.027 GB to sort     55985013 kmers
Used 229.123 GB / 1511.166 GB to store  41711731969 kmers; need 25.049 GB to sort     56033538 kmers
Used 229.245 GB / 1511.166 GB to store  41738904557 kmers; need 25.054 GB to sort     56043986 kmers
Used 229.359 GB / 1511.166 GB to store  41763987199 kmers; need 25.067 GB to sort     56075045 kmers
Used 229.471 GB / 1511.166 GB to store  41789069793 kmers; need 25.087 GB to sort     56117719 kmers
Used 229.575 GB / 1511.166 GB to store  41812062370 kmers; need 25.108 GB to sort     56166161 kmers
Used 229.688 GB / 1511.166 GB to store  41837146816 kmers; need 25.124 GB to sort     56200868 kmers
Used 229.810 GB / 1511.166 GB to store  41864320740 kmers; need 25.132 GB to sort     56218459 kmers
Used 229.924 GB / 1511.166 GB to store  41889403213 kmers; need 25.149 GB to sort     56257278 kmers
Used 230.046 GB / 1511.166 GB to store  41916578917 kmers; need 25.153 GB to sort     56266541 kmers
Used 230.159 GB / 1511.166 GB to store  41941662009 kmers; need 25.171 GB to sort     56307629 kmers
Used 230.272 GB / 1511.166 GB to store  41966745556 kmers; need 25.191 GB to sort     56350548 kmers
Used 230.394 GB / 1511.166 GB to store  41993920307 kmers; need 25.200 GB to sort     56371547 kmers
Used 230.508 GB / 1511.166 GB to store  42019003611 kmers; need 25.227 GB to sort     56431287 kmers
Used 230.621 GB / 1511.166 GB to store  42044084925 kmers; need 25.242 GB to sort     56466107 kmers
Used 230.743 GB / 1511.166 GB to store  42071257588 kmers; need 25.251 GB to sort     56485750 kmers
Used 230.847 GB / 1511.166 GB to store  42094251031 kmers; need 25.282 GB to sort     56555580 kmers
Used 230.979 GB / 1511.166 GB to store  42123514192 kmers; need 25.283 GB to sort     56557081 kmers
Used 231.101 GB / 1511.166 GB to store  42150685432 kmers; need 25.291 GB to sort     56574525 kmers
Used 231.196 GB / 1511.166 GB to store  42171588520 kmers; need 25.326 GB to sort     56652677 kmers
Used 231.308 GB / 1511.166 GB to store  42196671831 kmers; need 25.339 GB to sort     56682688 kmers
Used 231.440 GB / 1511.166 GB to store  42225936248 kmers; need 25.339 GB to sort     56682688 kmers
Used 231.544 GB / 1511.166 GB to store  42248929041 kmers; need 25.364 GB to sort     56739092 kmers
Used 231.657 GB / 1511.166 GB to store  42274012840 kmers; need 25.384 GB to sort     56783332 kmers
Used 231.789 GB / 1511.166 GB to store  42303277304 kmers; need 25.385 GB to sort     56786138 kmers
Used 231.912 GB / 1511.166 GB to store  42330450886 kmers; need 25.400 GB to sort     56818862 kmers
Used 232.024 GB / 1511.166 GB to store  42355534763 kmers; need 25.417 GB to sort     56856026 kmers
Used 232.127 GB / 1511.166 GB to store  42378527502 kmers; need 25.440 GB to sort     56908358 kmers
Used 232.241 GB / 1511.166 GB to store  42403610583 kmers; need 25.453 GB to sort     56937012 kmers
Used 232.362 GB / 1511.166 GB to store  42430784997 kmers; need 25.460 GB to sort     56952616 kmers
Used 232.476 GB / 1511.166 GB to store  42455869446 kmers; need 25.475 GB to sort     56986369 kmers
Used 232.580 GB / 1511.166 GB to store  42478863045 kmers; need 25.501 GB to sort     57044750 kmers
Used 232.702 GB / 1511.166 GB to store  42506035961 kmers; need 25.508 GB to sort     57061287 kmers
Used 232.816 GB / 1511.166 GB to store  42531118633 kmers; need 25.521 GB to sort     57088541 kmers
Used 232.928 GB / 1511.166 GB to store  42556201912 kmers; need 25.534 GB to sort     57117788 kmers
Used 233.041 GB / 1511.166 GB to store  42581284600 kmers; need 25.550 GB to sort     57154243 kmers
Used 233.165 GB / 1511.166 GB to store  42608457721 kmers; need 25.558 GB to sort     57171705 kmers
Used 233.277 GB / 1511.166 GB to store  42633540813 kmers; need 25.583 GB to sort     57227830 kmers
Used 233.400 GB / 1511.166 GB to store  42660713349 kmers; need 25.612 GB to sort     57293597 kmers
Used 233.531 GB / 1511.166 GB to store  42689976867 kmers; need 25.615 GB to sort     57299202 kmers
Used 233.644 GB / 1511.166 GB to store  42715060385 kmers; need 25.631 GB to sort     57335325 kmers
Used 233.766 GB / 1511.166 GB to store  42742233864 kmers; need 25.638 GB to sort     57350922 kmers
Used 233.870 GB / 1511.166 GB to store  42765227603 kmers; need 25.662 GB to sort     57405652 kmers
Used 233.993 GB / 1511.166 GB to store  42792400787 kmers; need 25.672 GB to sort     57428270 kmers
Used 234.097 GB / 1511.166 GB to store  42815393179 kmers; need 25.698 GB to sort     57484359 kmers
Used 234.219 GB / 1511.166 GB to store  42842566349 kmers; need 25.704 GB to sort     57497802 kmers
Used 234.332 GB / 1511.166 GB to store  42867650356 kmers; need 25.722 GB to sort     57538124 kmers
Used 234.445 GB / 1511.166 GB to store  42892733124 kmers; need 25.738 GB to sort     57575769 kmers
Used 234.558 GB / 1511.166 GB to store  42917815441 kmers; need 25.751 GB to sort     57604417 kmers
Used 234.661 GB / 1511.166 GB to store  42940806766 kmers; need 25.777 GB to sort     57663123 kmers
Used 234.793 GB / 1511.166 GB to store  42970070341 kmers; need 25.777 GB to sort     57663123 kmers
Used 234.906 GB / 1511.166 GB to store  42995153068 kmers; need 25.804 GB to sort     57723393 kmers
Used 235.028 GB / 1511.166 GB to store  43022325861 kmers; need 25.809 GB to sort     57733026 kmers
Used 235.141 GB / 1511.166 GB to store  43047408225 kmers; need 25.829 GB to sort     57777451 kmers
Used 235.263 GB / 1511.166 GB to store  43074581854 kmers; need 25.832 GB to sort     57785213 kmers
Used 235.367 GB / 1511.166 GB to store  43097574402 kmers; need 25.855 GB to sort     57837364 kmers
Used 235.472 GB / 1511.166 GB to store  43120565993 kmers; need 25.879 GB to sort     57890795 kmers
Used 235.594 GB / 1511.166 GB to store  43147739642 kmers; need 25.885 GB to sort     57904027 kmers
Used 235.708 GB / 1511.166 GB to store  43172823747 kmers; need 25.903 GB to sort     57943898 kmers
Used 235.829 GB / 1511.166 GB to store  43199997011 kmers; need 25.916 GB to sort     57972967 kmers
Used 235.943 GB / 1511.166 GB to store  43225079887 kmers; need 25.928 GB to sort     57999319 kmers
Used 236.046 GB / 1511.166 GB to store  43248072249 kmers; need 25.962 GB to sort     58075244 kmers
Used 236.178 GB / 1511.166 GB to store  43277336016 kmers; need 25.962 GB to sort     58075244 kmers
Used 236.300 GB / 1511.166 GB to store  43304510674 kmers; need 25.972 GB to sort     58097971 kmers
Used 236.405 GB / 1511.166 GB to store  43327502357 kmers; need 25.997 GB to sort     58154371 kmers
Used 236.527 GB / 1511.166 GB to store  43354674029 kmers; need 26.007 GB to sort     58177620 kmers
Used 236.649 GB / 1511.166 GB to store  43381845323 kmers; need 26.016 GB to sort     58196761 kmers
Used 236.761 GB / 1511.166 GB to store  43406926699 kmers; need 26.047 GB to sort     58267230 kmers
Used 236.884 GB / 1511.166 GB to store  43434098149 kmers; need 26.057 GB to sort     58287639 kmers
Used 237.006 GB / 1511.166 GB to store  43461270060 kmers; need 26.064 GB to sort     58303680 kmers
Used 237.120 GB / 1511.166 GB to store  43486351865 kmers; need 26.081 GB to sort     58341177 kmers
Used 237.233 GB / 1511.166 GB to store  43511435084 kmers; need 26.094 GB to sort     58371060 kmers
Used 237.346 GB / 1511.166 GB to store  43536518317 kmers; need 26.119 GB to sort     58427849 kmers
Used 237.469 GB / 1511.166 GB to store  43563690403 kmers; need 26.127 GB to sort     58445214 kmers
Used 237.591 GB / 1511.166 GB to store  43590862866 kmers; need 26.139 GB to sort     58472413 kmers
Used 237.704 GB / 1511.166 GB to store  43615944229 kmers; need 26.157 GB to sort     58511137 kmers
Used 237.817 GB / 1511.166 GB to store  43641026632 kmers; need 26.169 GB to sort     58539668 kmers
Used 237.930 GB / 1511.166 GB to store  43666108123 kmers; need 26.186 GB to sort     58577064 kmers
Used 238.043 GB / 1511.166 GB to store  43691191032 kmers; need 26.199 GB to sort     58607217 kmers
Used 238.155 GB / 1511.166 GB to store  43716272933 kmers; need 26.227 GB to sort     58668191 kmers
Used 238.278 GB / 1511.166 GB to store  43743444815 kmers; need 26.234 GB to sort     58685468 kmers
Used 238.390 GB / 1511.166 GB to store  43768527767 kmers; need 26.247 GB to sort     58713727 kmers
Used 238.503 GB / 1511.166 GB to store  43793609442 kmers; need 26.262 GB to sort     58746077 kmers
Used 238.617 GB / 1511.166 GB to store  43818692248 kmers; need 26.277 GB to sort     58781118 kmers
Used 238.729 GB / 1511.166 GB to store  43843774079 kmers; need 26.299 GB to sort     58829049 kmers
Used 238.852 GB / 1511.166 GB to store  43870945716 kmers; need 26.308 GB to sort     58848942 kmers
Used 238.965 GB / 1511.166 GB to store  43896027219 kmers; need 26.322 GB to sort     58881933 kmers
Used 239.078 GB / 1511.166 GB to store  43921109081 kmers; need 26.337 GB to sort     58915608 kmers
Used 239.191 GB / 1511.166 GB to store  43946190318 kmers; need 26.351 GB to sort     58945477 kmers
Used 239.303 GB / 1511.166 GB to store  43971271227 kmers; need 26.366 GB to sort     58980698 kmers
Used 239.417 GB / 1511.166 GB to store  43996353240 kmers; need 26.384 GB to sort     59020368 kmers
Used 239.521 GB / 1511.166 GB to store  44019344011 kmers; need 26.407 GB to sort     59071706 kmers
Used 239.643 GB / 1511.166 GB to store  44046517463 kmers; need 26.412 GB to sort     59082497 kmers
Used 239.747 GB / 1511.166 GB to store  44069509351 kmers; need 26.441 GB to sort     59146516 kmers
Used 239.869 GB / 1511.166 GB to store  44096682079 kmers; need 26.447 GB to sort     59159997 kmers
Used 239.983 GB / 1511.166 GB to store  44121763242 kmers; need 26.465 GB to sort     59200780 kmers
Used 240.104 GB / 1511.166 GB to store  44148935524 kmers; need 26.477 GB to sort     59227160 kmers
Used 240.227 GB / 1511.166 GB to store  44176106519 kmers; need 26.487 GB to sort     59250615 kmers
Used 240.341 GB / 1511.166 GB to store  44201186875 kmers; need 26.506 GB to sort     59292860 kmers
Used 240.445 GB / 1511.166 GB to store  44224178526 kmers; need 26.529 GB to sort     59344837 kmers
Used 240.567 GB / 1511.166 GB to store  44251350941 kmers; need 26.538 GB to sort     59364381 kmers
Used 240.680 GB / 1511.166 GB to store  44276431594 kmers; need 26.554 GB to sort     59400942 kmers
Used 240.793 GB / 1511.166 GB to store  44301511391 kmers; need 26.567 GB to sort     59429914 kmers
Used 240.925 GB / 1511.166 GB to store  44330772127 kmers; need 26.567 GB to sort     59429914 kmers
Used 241.028 GB / 1511.166 GB to store  44353763298 kmers; need 26.595 GB to sort     59490905 kmers
Used 241.132 GB / 1511.166 GB to store  44376755258 kmers; need 26.619 GB to sort     59546523 kmers
Used 241.263 GB / 1511.166 GB to store  44406016617 kmers; need 26.621 GB to sort     59551233 kmers
Used 241.386 GB / 1511.166 GB to store  44433188128 kmers; need 26.632 GB to sort     59575510 kmers
Used 241.499 GB / 1511.166 GB to store  44458269196 kmers; need 26.660 GB to sort     59637505 kmers
Used 241.622 GB / 1511.166 GB to store  44485439051 kmers; need 26.667 GB to sort     59653254 kmers
Used 241.744 GB / 1511.166 GB to store  44512610833 kmers; need 26.688 GB to sort     59699083 kmers
Used 241.857 GB / 1511.166 GB to store  44537691373 kmers; need 26.706 GB to sort     59739898 kmers
Used 241.970 GB / 1511.166 GB to store  44562771918 kmers; need 26.725 GB to sort     59782458 kmers
Used 242.092 GB / 1511.166 GB to store  44589941743 kmers; need 26.730 GB to sort     59794269 kmers
Used 242.205 GB / 1511.166 GB to store  44615023289 kmers; need 26.750 GB to sort     59837659 kmers
Used 242.327 GB / 1511.166 GB to store  44642193674 kmers; need 26.765 GB to sort     59871740 kmers
Used 242.441 GB / 1511.166 GB to store  44667274112 kmers; need 26.778 GB to sort     59900813 kmers
Used 242.562 GB / 1511.166 GB to store  44694443685 kmers; need 26.802 GB to sort     59954505 kmers
Used 242.676 GB / 1511.166 GB to store  44719523952 kmers; need 26.816 GB to sort     59985933 kmers
Used 242.788 GB / 1511.166 GB to store  44744602338 kmers; need 26.835 GB to sort     60027993 kmers
Used 242.912 GB / 1511.166 GB to store  44771771702 kmers; need 26.840 GB to sort     60039358 kmers
Used 243.024 GB / 1511.166 GB to store  44796851836 kmers; need 26.858 GB to sort     60079862 kmers
Used 243.136 GB / 1511.166 GB to store  44821931012 kmers; need 26.874 GB to sort     60115514 kmers
Used 243.249 GB / 1511.166 GB to store  44847010501 kmers; need 26.892 GB to sort     60155836 kmers
Used 243.343 GB / 1511.166 GB to store  44867910422 kmers; need 26.925 GB to sort     60229764 kmers
Used 243.467 GB / 1511.166 GB to store  44895080679 kmers; need 26.928 GB to sort     60237935 kmers
Used 243.580 GB / 1511.166 GB to store  44920160093 kmers; need 26.941 GB to sort     60265876 kmers
Used 243.683 GB / 1511.166 GB to store  44943148510 kmers; need 26.969 GB to sort     60327880 kmers
Used 243.815 GB / 1511.166 GB to store  44972391462 kmers; need 26.969 GB to sort     60327880 kmers
Used 243.919 GB / 1511.166 GB to store  44995357690 kmers; need 26.992 GB to sort     60380971 kmers
Used 244.022 GB / 1511.166 GB to store  45018329098 kmers; need 27.017 GB to sort     60436103 kmers
Used 244.145 GB / 1511.166 GB to store  45045480815 kmers; need 27.025 GB to sort     60453084 kmers
Used 244.248 GB / 1511.166 GB to store  45068456314 kmers; need 27.047 GB to sort     60502749 kmers
Used 244.371 GB / 1511.166 GB to store  45095612090 kmers; need 27.054 GB to sort     60518473 kmers
Used 244.483 GB / 1511.166 GB to store  45120679077 kmers; need 27.068 GB to sort     60550220 kmers
Used 244.587 GB / 1511.166 GB to store  45143657577 kmers; need 27.094 GB to sort     60607578 kmers
Used 244.709 GB / 1511.166 GB to store  45170815572 kmers; need 27.097 GB to sort     60614464 kmers
Used 244.813 GB / 1511.166 GB to store  45193795970 kmers; need 27.119 GB to sort     60663190 kmers
Used 244.936 GB / 1511.166 GB to store  45220954928 kmers; need 27.132 GB to sort     60693532 kmers
Used 245.048 GB / 1511.166 GB to store  45246027113 kmers; need 27.146 GB to sort     60723854 kmers
Used 245.162 GB / 1511.166 GB to store  45271098802 kmers; need 27.160 GB to sort     60755706 kmers
Used 245.274 GB / 1511.166 GB to store  45296172731 kmers; need 27.177 GB to sort     60794065 kmers
Used 245.387 GB / 1511.166 GB to store  45321244748 kmers; need 27.192 GB to sort     60826936 kmers
Used 245.509 GB / 1511.166 GB to store  45348408381 kmers; need 27.202 GB to sort     60848854 kmers
Used 245.623 GB / 1511.166 GB to store  45373482535 kmers; need 27.218 GB to sort     60885904 kmers
Used 245.736 GB / 1511.166 GB to store  45398557108 kmers; need 27.233 GB to sort     60918894 kmers
Used 245.849 GB / 1511.166 GB to store  45423632201 kmers; need 27.247 GB to sort     60949480 kmers
Used 245.952 GB / 1511.166 GB to store  45446618304 kmers; need 27.272 GB to sort     61005433 kmers
Used 246.075 GB / 1511.166 GB to store  45473782578 kmers; need 27.282 GB to sort     61028410 kmers
Used 246.187 GB / 1511.166 GB to store  45498858976 kmers; need 27.298 GB to sort     61064416 kmers
Used 246.300 GB / 1511.166 GB to store  45523934562 kmers; need 27.311 GB to sort     61094467 kmers
Used 246.404 GB / 1511.166 GB to store  45546920324 kmers; need 27.336 GB to sort     61148654 kmers
Used 246.527 GB / 1511.166 GB to store  45574085110 kmers; need 27.344 GB to sort     61168450 kmers
Used 246.649 GB / 1511.166 GB to store  45601251305 kmers; need 27.357 GB to sort     61196855 kmers
Used 246.762 GB / 1511.166 GB to store  45626328032 kmers; need 27.376 GB to sort     61239577 kmers
Used 246.865 GB / 1511.166 GB to store  45649314897 kmers; need 27.400 GB to sort     61292622 kmers
Used 246.997 GB / 1511.166 GB to store  45678571731 kmers; need 27.402 GB to sort     61298315 kmers
Used 247.111 GB / 1511.166 GB to store  45703648462 kmers; need 27.419 GB to sort     61334356 kmers
Used 247.224 GB / 1511.166 GB to store  45728725072 kmers; need 27.434 GB to sort     61367727 kmers
Used 247.337 GB / 1511.166 GB to store  45753802932 kmers; need 27.451 GB to sort     61407965 kmers
Used 247.450 GB / 1511.166 GB to store  45778881099 kmers; need 27.471 GB to sort     61451787 kmers
Used 247.572 GB / 1511.166 GB to store  45806049835 kmers; need 27.482 GB to sort     61476054 kmers
Used 247.685 GB / 1511.166 GB to store  45831132225 kmers; need 27.502 GB to sort     61521521 kmers
Used 247.798 GB / 1511.166 GB to store  45856214937 kmers; need 27.519 GB to sort     61558663 kmers
Used 247.921 GB / 1511.166 GB to store  45883386240 kmers; need 27.524 GB to sort     61570743 kmers
Used 248.033 GB / 1511.166 GB to store  45908467275 kmers; need 27.540 GB to sort     61606863 kmers
Used 248.146 GB / 1511.166 GB to store  45933549870 kmers; need 27.559 GB to sort     61647629 kmers
Used 248.268 GB / 1511.166 GB to store  45960720893 kmers; need 27.571 GB to sort     61675254 kmers
Used 248.373 GB / 1511.166 GB to store  45983712043 kmers; need 27.592 GB to sort     61721407 kmers
Used 248.495 GB / 1511.166 GB to store  46010883693 kmers; need 27.604 GB to sort     61749246 kmers
Used 248.608 GB / 1511.166 GB to store  46035965305 kmers; need 27.622 GB to sort     61788612 kmers
Used 248.721 GB / 1511.166 GB to store  46061047236 kmers; need 27.640 GB to sort     61830556 kmers
Used 248.834 GB / 1511.166 GB to store  46086129503 kmers; need 27.655 GB to sort     61862677 kmers
Used 248.956 GB / 1511.166 GB to store  46113301256 kmers; need 27.669 GB to sort     61893576 kmers
Used 249.070 GB / 1511.166 GB to store  46138382935 kmers; need 27.682 GB to sort     61923990 kmers
Used 249.183 GB / 1511.166 GB to store  46163465181 kmers; need 27.695 GB to sort     61953409 kmers
Used 249.296 GB / 1511.166 GB to store  46188547353 kmers; need 27.712 GB to sort     61989800 kmers
Used 249.418 GB / 1511.166 GB to store  46215718671 kmers; need 27.723 GB to sort     62015755 kmers
Used 249.523 GB / 1511.166 GB to store  46238710980 kmers; need 27.753 GB to sort     62082072 kmers
Used 249.654 GB / 1511.166 GB to store  46267973960 kmers; need 27.754 GB to sort     62084703 kmers
Used 249.767 GB / 1511.166 GB to store  46293056210 kmers; need 27.780 GB to sort     62141695 kmers
Used 249.890 GB / 1511.166 GB to store  46320229672 kmers; need 27.783 GB to sort     62150175 kmers
Used 249.993 GB / 1511.166 GB to store  46343221031 kmers; need 27.810 GB to sort     62210767 kmers
Used 250.116 GB / 1511.166 GB to store  46370392326 kmers; need 27.821 GB to sort     62234469 kmers
Used 250.229 GB / 1511.166 GB to store  46395475455 kmers; need 27.835 GB to sort     62265722 kmers
Used 250.351 GB / 1511.166 GB to store  46422649427 kmers; need 27.847 GB to sort     62292373 kmers
Used 250.465 GB / 1511.166 GB to store  46447731217 kmers; need 27.867 GB to sort     62336431 kmers
Used 250.586 GB / 1511.166 GB to store  46474902194 kmers; need 27.879 GB to sort     62363397 kmers
Used 250.699 GB / 1511.166 GB to store  46499985110 kmers; need 27.894 GB to sort     62397326 kmers
Used 250.812 GB / 1511.166 GB to store  46525067220 kmers; need 27.907 GB to sort     62426251 kmers
Used 250.925 GB / 1511.166 GB to store  46550149664 kmers; need 27.920 GB to sort     62456333 kmers
Used 251.038 GB / 1511.166 GB to store  46575232514 kmers; need 27.937 GB to sort     62494965 kmers
Used 251.152 GB / 1511.166 GB to store  46600314641 kmers; need 27.952 GB to sort     62527592 kmers
Used 251.264 GB / 1511.166 GB to store  46625398760 kmers; need 27.969 GB to sort     62564521 kmers
Used 251.376 GB / 1511.166 GB to store  46650481901 kmers; need 27.983 GB to sort     62597458 kmers
Used 251.500 GB / 1511.166 GB to store  46677653641 kmers; need 28.001 GB to sort     62636135 kmers
Used 251.622 GB / 1511.166 GB to store  46704827185 kmers; need 28.012 GB to sort     62661458 kmers
Used 251.735 GB / 1511.166 GB to store  46729910262 kmers; need 28.027 GB to sort     62694708 kmers
Used 251.839 GB / 1511.166 GB to store  46752902704 kmers; need 28.050 GB to sort     62747877 kmers
Used 251.952 GB / 1511.166 GB to store  46777986137 kmers; need 28.063 GB to sort     62775834 kmers
Used 252.065 GB / 1511.166 GB to store  46803068117 kmers; need 28.080 GB to sort     62813559 kmers
Used 252.187 GB / 1511.166 GB to store  46830240982 kmers; need 28.092 GB to sort     62839843 kmers
Used 252.300 GB / 1511.166 GB to store  46855324605 kmers; need 28.110 GB to sort     62881319 kmers
Used 252.414 GB / 1511.166 GB to store  46880406592 kmers; need 28.123 GB to sort     62909075 kmers
Used 252.527 GB / 1511.166 GB to store  46905489466 kmers; need 28.143 GB to sort     62955116 kmers
Used 252.649 GB / 1511.166 GB to store  46932661267 kmers; need 28.151 GB to sort     62972250 kmers
Used 252.762 GB / 1511.166 GB to store  46957744339 kmers; need 28.170 GB to sort     63015355 kmers
Used 252.874 GB / 1511.166 GB to store  46982827517 kmers; need 28.187 GB to sort     63053415 kmers
Used 252.997 GB / 1511.166 GB to store  47010001276 kmers; need 28.201 GB to sort     63083863 kmers
Used 253.119 GB / 1511.166 GB to store  47037175089 kmers; need 28.211 GB to sort     63105833 kmers
Used 253.233 GB / 1511.166 GB to store  47062256714 kmers; need 28.230 GB to sort     63150127 kmers
Used 253.346 GB / 1511.166 GB to store  47087339324 kmers; need 28.252 GB to sort     63198358 kmers
Used 253.468 GB / 1511.166 GB to store  47114512963 kmers; need 28.278 GB to sort     63257679 kmers
Used 253.600 GB / 1511.166 GB to store  47143778416 kmers; need 28.279 GB to sort     63260095 kmers
Used 253.713 GB / 1511.166 GB to store  47168862069 kmers; need 28.293 GB to sort     63289862 kmers
Used 253.827 GB / 1511.166 GB to store  47193945556 kmers; need 28.314 GB to sort     63337763 kmers
Used 253.940 GB / 1511.166 GB to store  47219029522 kmers; need 28.332 GB to sort     63377186 kmers
Used 254.052 GB / 1511.166 GB to store  47244111824 kmers; need 28.346 GB to sort     63409369 kmers
Used 254.165 GB / 1511.166 GB to store  47269195274 kmers; need 28.359 GB to sort     63437871 kmers
Used 254.288 GB / 1511.166 GB to store  47296368586 kmers; need 28.369 GB to sort     63459416 kmers
Used 254.392 GB / 1511.166 GB to store  47319362053 kmers; need 28.394 GB to sort     63515924 kmers
Used 254.515 GB / 1511.166 GB to store  47346535586 kmers; need 28.403 GB to sort     63536466 kmers
Used 254.627 GB / 1511.166 GB to store  47371618082 kmers; need 28.428 GB to sort     63593026 kmers
Used 254.749 GB / 1511.166 GB to store  47398791830 kmers; need 28.438 GB to sort     63614713 kmers
Used 254.872 GB / 1511.166 GB to store  47425964778 kmers; need 28.447 GB to sort     63634212 kmers
Used 254.985 GB / 1511.166 GB to store  47451048102 kmers; need 28.466 GB to sort     63676874 kmers
Used 255.098 GB / 1511.166 GB to store  47476130680 kmers; need 28.478 GB to sort     63703122 kmers
Used 255.202 GB / 1511.166 GB to store  47499123888 kmers; need 28.506 GB to sort     63766409 kmers
Used 255.334 GB / 1511.166 GB to store  47528386187 kmers; need 28.507 GB to sort     63768389 kmers
Used 255.457 GB / 1511.166 GB to store  47555558769 kmers; need 28.521 GB to sort     63799679 kmers
Used 255.570 GB / 1511.166 GB to store  47580642282 kmers; need 28.540 GB to sort     63842899 kmers
Used 255.683 GB / 1511.166 GB to store  47605725959 kmers; need 28.558 GB to sort     63882154 kmers
Used 255.806 GB / 1511.166 GB to store  47632899379 kmers; need 28.570 GB to sort     63908898 kmers
Used 255.909 GB / 1511.166 GB to store  47655892377 kmers; need 28.596 GB to sort     63968410 kmers
Used 256.030 GB / 1511.166 GB to store  47683066805 kmers; need 28.602 GB to sort     63980605 kmers
Used 256.144 GB / 1511.166 GB to store  47708150349 kmers; need 28.616 GB to sort     64013093 kmers
Used 256.258 GB / 1511.166 GB to store  47733234232 kmers; need 28.632 GB to sort     64047826 kmers
Used 256.371 GB / 1511.166 GB to store  47758317979 kmers; need 28.645 GB to sort     64077044 kmers
Used 256.493 GB / 1511.166 GB to store  47785489974 kmers; need 28.654 GB to sort     64096848 kmers
Used 256.606 GB / 1511.166 GB to store  47810572541 kmers; need 28.698 GB to sort     64195636 kmers
Used 256.737 GB / 1511.166 GB to store  47839835824 kmers; need 28.698 GB to sort     64195636 kmers
Used 256.850 GB / 1511.166 GB to store  47864918914 kmers; need 28.716 GB to sort     64235859 kmers
Used 256.963 GB / 1511.166 GB to store  47890001521 kmers; need 28.741 GB to sort     64292874 kmers
Used 257.095 GB / 1511.166 GB to store  47919264556 kmers; need 28.741 GB to sort     64292961 kmers
Used 257.199 GB / 1511.166 GB to store  47942257256 kmers; need 28.766 GB to sort     64349233 kmers
Used 257.322 GB / 1511.166 GB to store  47969430005 kmers; need 28.775 GB to sort     64368045 kmers
Used 257.424 GB / 1511.166 GB to store  47992423357 kmers; need 28.802 GB to sort     64428261 kmers
Used 257.556 GB / 1511.166 GB to store  48021685825 kmers; need 28.802 GB to sort     64428261 kmers
Used 257.660 GB / 1511.166 GB to store  48044678991 kmers; need 28.826 GB to sort     64482190 kmers
Used 257.783 GB / 1511.166 GB to store  48071850320 kmers; need 28.851 GB to sort     64539341 kmers
Used 257.905 GB / 1511.166 GB to store  48099021999 kmers; need 28.859 GB to sort     64555899 kmers
Used 258.018 GB / 1511.166 GB to store  48124104324 kmers; need 28.875 GB to sort     64592329 kmers
Used 258.149 GB / 1511.166 GB to store  48153367668 kmers; need 28.877 GB to sort     64596830 kmers
Used 258.244 GB / 1511.166 GB to store  48174269768 kmers; need 28.911 GB to sort     64672127 kmers
Used 258.368 GB / 1511.166 GB to store  48201442817 kmers; need 28.917 GB to sort     64686601 kmers
Used 258.471 GB / 1511.166 GB to store  48224434938 kmers; need 28.941 GB to sort     64738999 kmers
Used 258.602 GB / 1511.166 GB to store  48253699406 kmers; need 28.941 GB to sort     64738999 kmers
Used 258.715 GB / 1511.166 GB to store  48278781135 kmers; need 28.955 GB to sort     64771636 kmers
Used 258.838 GB / 1511.166 GB to store  48305953596 kmers; need 28.964 GB to sort     64791255 kmers
Used 258.932 GB / 1511.166 GB to store  48326854907 kmers; need 28.999 GB to sort     64870712 kmers
Used 259.054 GB / 1511.166 GB to store  48354027596 kmers; need 29.003 GB to sort     64878778 kmers
Used 259.186 GB / 1511.166 GB to store  48383290768 kmers; need 29.005 GB to sort     64883085 kmers
Used 259.290 GB / 1511.166 GB to store  48406282407 kmers; need 29.031 GB to sort     64940165 kmers
Used 259.412 GB / 1511.166 GB to store  48433454754 kmers; need 29.040 GB to sort     64962147 kmers
Used 259.534 GB / 1511.166 GB to store  48460627662 kmers; need 29.054 GB to sort     64993780 kmers
Used 259.648 GB / 1511.166 GB to store  48485709927 kmers; need 29.079 GB to sort     65048780 kmers
Used 259.780 GB / 1511.166 GB to store  48514972322 kmers; need 29.079 GB to sort     65048780 kmers
Used 259.884 GB / 1511.166 GB to store  48537963063 kmers; need 29.108 GB to sort     65112581 kmers
Used 259.996 GB / 1511.166 GB to store  48563045252 kmers; need 29.121 GB to sort     65141594 kmers
Used 260.110 GB / 1511.166 GB to store  48588127687 kmers; need 29.134 GB to sort     65170957 kmers
Used 260.231 GB / 1511.166 GB to store  48615300291 kmers; need 29.147 GB to sort     65200676 kmers
Used 260.335 GB / 1511.166 GB to store  48638291403 kmers; need 29.169 GB to sort     65249276 kmers
Used 260.457 GB / 1511.166 GB to store  48665463921 kmers; need 29.179 GB to sort     65271734 kmers
Used 260.580 GB / 1511.166 GB to store  48692636109 kmers; need 29.189 GB to sort     65295280 kmers
Used 260.693 GB / 1511.166 GB to store  48717718580 kmers; need 29.216 GB to sort     65354241 kmers
Used 260.815 GB / 1511.166 GB to store  48744888865 kmers; need 29.228 GB to sort     65381670 kmers
Used 260.919 GB / 1511.166 GB to store  48767880838 kmers; need 29.249 GB to sort     65428727 kmers
Used 261.042 GB / 1511.166 GB to store  48795051991 kmers; need 29.253 GB to sort     65437632 kmers
Used 261.154 GB / 1511.166 GB to store  48820133394 kmers; need 29.273 GB to sort     65481782 kmers
Used 261.268 GB / 1511.166 GB to store  48845215253 kmers; need 29.289 GB to sort     65517947 kmers
Used 261.380 GB / 1511.166 GB to store  48870297431 kmers; need 29.310 GB to sort     65565667 kmers
Used 261.512 GB / 1511.166 GB to store  48899560838 kmers; need 29.321 GB to sort     65588959 kmers
Used 261.635 GB / 1511.166 GB to store  48926733443 kmers; need 29.336 GB to sort     65624351 kmers
Used 261.748 GB / 1511.166 GB to store  48951813571 kmers; need 29.352 GB to sort     65658400 kmers
Used 261.861 GB / 1511.166 GB to store  48976895680 kmers; need 29.364 GB to sort     65686421 kmers
Used 261.974 GB / 1511.166 GB to store  49001976328 kmers; need 29.378 GB to sort     65717283 kmers
Used 262.087 GB / 1511.166 GB to store  49027055883 kmers; need 29.396 GB to sort     65757262 kmers
Used 262.210 GB / 1511.166 GB to store  49054227391 kmers; need 29.407 GB to sort     65781926 kmers
Used 262.332 GB / 1511.166 GB to store  49081398777 kmers; need 29.417 GB to sort     65804687 kmers
Used 262.436 GB / 1511.166 GB to store  49104389532 kmers; need 29.441 GB to sort     65858549 kmers
Used 262.558 GB / 1511.166 GB to store  49131561604 kmers; need 29.452 GB to sort     65881984 kmers
Used 262.672 GB / 1511.166 GB to store  49156642563 kmers; need 29.469 GB to sort     65921250 kmers
Used 262.775 GB / 1511.166 GB to store  49179632750 kmers; need 29.497 GB to sort     65982831 kmers
Used 262.887 GB / 1511.166 GB to store  49204713850 kmers; need 29.512 GB to sort     66017806 kmers
Used 263.010 GB / 1511.166 GB to store  49231886058 kmers; need 29.521 GB to sort     66038106 kmers
Used 263.123 GB / 1511.166 GB to store  49256967528 kmers; need 29.561 GB to sort     66127900 kmers
Used 263.256 GB / 1511.166 GB to store  49286228057 kmers; need 29.561 GB to sort     66127900 kmers
Used 263.378 GB / 1511.166 GB to store  49313398806 kmers; need 29.568 GB to sort     66143543 kmers
Used 263.482 GB / 1511.166 GB to store  49336389629 kmers; need 29.594 GB to sort     66199748 kmers
Used 263.603 GB / 1511.166 GB to store  49363561371 kmers; need 29.600 GB to sort     66214006 kmers
Used 263.726 GB / 1511.166 GB to store  49390733115 kmers; need 29.608 GB to sort     66232696 kmers
Used 263.839 GB / 1511.166 GB to store  49415813756 kmers; need 29.624 GB to sort     66268607 kmers
Used 263.952 GB / 1511.166 GB to store  49440894382 kmers; need 29.637 GB to sort     66296502 kmers
Used 264.065 GB / 1511.166 GB to store  49465974864 kmers; need 29.656 GB to sort     66340351 kmers
Used 264.178 GB / 1511.166 GB to store  49491055391 kmers; need 29.669 GB to sort     66368915 kmers
Used 264.292 GB / 1511.166 GB to store  49516135496 kmers; need 29.691 GB to sort     66416812 kmers
Used 264.414 GB / 1511.166 GB to store  49543306334 kmers; need 29.701 GB to sort     66439189 kmers
Used 264.527 GB / 1511.166 GB to store  49568387063 kmers; need 29.715 GB to sort     66471619 kmers
Used 264.649 GB / 1511.166 GB to store  49595558184 kmers; need 29.729 GB to sort     66503242 kmers
Used 264.772 GB / 1511.166 GB to store  49622727534 kmers; need 29.740 GB to sort     66526738 kmers
Used 264.885 GB / 1511.166 GB to store  49647807706 kmers; need 29.758 GB to sort     66568456 kmers
Used 264.999 GB / 1511.166 GB to store  49672887889 kmers; need 29.773 GB to sort     66602109 kmers
Used 265.111 GB / 1511.166 GB to store  49697968453 kmers; need 29.792 GB to sort     66644430 kmers
Used 265.233 GB / 1511.166 GB to store  49725138720 kmers; need 29.799 GB to sort     66658234 kmers
Used 265.327 GB / 1511.166 GB to store  49746039505 kmers; need 29.833 GB to sort     66734625 kmers
Used 265.459 GB / 1511.166 GB to store  49775300551 kmers; need 29.833 GB to sort     66734625 kmers
Used 265.573 GB / 1511.166 GB to store  49800379649 kmers; need 29.848 GB to sort     66767806 kmers
Used 265.685 GB / 1511.166 GB to store  49825459694 kmers; need 29.869 GB to sort     66815783 kmers
Used 265.798 GB / 1511.166 GB to store  49850538697 kmers; need 29.883 GB to sort     66847227 kmers
Used 265.911 GB / 1511.166 GB to store  49875618612 kmers; need 29.900 GB to sort     66885043 kmers
Used 266.014 GB / 1511.166 GB to store  49898607554 kmers; need 29.922 GB to sort     66935169 kmers
Used 266.118 GB / 1511.166 GB to store  49921596697 kmers; need 29.944 GB to sort     66983418 kmers
Used 266.230 GB / 1511.166 GB to store  49946664870 kmers; need 29.960 GB to sort     67019721 kmers
Used 266.353 GB / 1511.166 GB to store  49973808850 kmers; need 29.977 GB to sort     67056400 kmers
Used 266.465 GB / 1511.166 GB to store  49998868253 kmers; need 29.993 GB to sort     67092855 kmers
Used 266.578 GB / 1511.166 GB to store  50023930181 kmers; need 30.007 GB to sort     67123889 kmers
Used 266.691 GB / 1511.166 GB to store  50048994987 kmers; need 30.026 GB to sort     67166688 kmers
Used 266.796 GB / 1511.166 GB to store  50071972740 kmers; need 30.051 GB to sort     67222407 kmers
Used 266.917 GB / 1511.166 GB to store  50099127130 kmers; need 30.069 GB to sort     67263428 kmers
Used 267.040 GB / 1511.166 GB to store  50126284232 kmers; need 30.077 GB to sort     67280933 kmers
Used 267.154 GB / 1511.166 GB to store  50151353695 kmers; need 30.095 GB to sort     67321888 kmers
Used 267.267 GB / 1511.166 GB to store  50176424485 kmers; need 30.108 GB to sort     67350309 kmers
Used 267.380 GB / 1511.166 GB to store  50201495923 kmers; need 30.128 GB to sort     67394222 kmers
Used 267.493 GB / 1511.166 GB to store  50226569338 kmers; need 30.142 GB to sort     67427437 kmers
Used 267.606 GB / 1511.166 GB to store  50251642215 kmers; need 30.155 GB to sort     67455388 kmers
Used 267.710 GB / 1511.166 GB to store  50274624570 kmers; need 30.183 GB to sort     67519074 kmers
Used 267.832 GB / 1511.166 GB to store  50301786500 kmers; need 30.187 GB to sort     67527112 kmers
Used 267.936 GB / 1511.166 GB to store  50324771013 kmers; need 30.214 GB to sort     67587246 kmers
Used 268.049 GB / 1511.166 GB to store  50349844782 kmers; need 30.227 GB to sort     67616629 kmers
Used 268.171 GB / 1511.166 GB to store  50377007153 kmers; need 30.231 GB to sort     67624976 kmers
Used 268.284 GB / 1511.166 GB to store  50402082516 kmers; need 30.251 GB to sort     67670461 kmers
Used 268.387 GB / 1511.166 GB to store  50425069645 kmers; need 30.278 GB to sort     67730025 kmers
Used 268.500 GB / 1511.166 GB to store  50450145318 kmers; need 30.290 GB to sort     67758392 kmers
Used 268.613 GB / 1511.166 GB to store  50475222189 kmers; need 30.306 GB to sort     67793554 kmers
Used 268.736 GB / 1511.166 GB to store  50502387863 kmers; need 30.318 GB to sort     67821269 kmers
Used 268.858 GB / 1511.166 GB to store  50529552297 kmers; need 30.344 GB to sort     67877905 kmers
Used 268.990 GB / 1511.166 GB to store  50558807375 kmers; need 30.352 GB to sort     67895662 kmers
Used 269.103 GB / 1511.166 GB to store  50583884409 kmers; need 30.369 GB to sort     67934195 kmers
Used 269.225 GB / 1511.166 GB to store  50611050268 kmers; need 30.378 GB to sort     67953738 kmers
Used 269.330 GB / 1511.166 GB to store  50634037444 kmers; need 30.405 GB to sort     68015208 kmers
Used 269.461 GB / 1511.166 GB to store  50663294076 kmers; need 30.405 GB to sort     68015208 kmers
Used 269.564 GB / 1511.166 GB to store  50686281752 kmers; need 30.427 GB to sort     68063848 kmers
Used 269.677 GB / 1511.166 GB to store  50711359442 kmers; need 30.439 GB to sort     68091771 kmers
Used 269.800 GB / 1511.166 GB to store  50738526653 kmers; need 30.448 GB to sort     68110361 kmers
Used 269.903 GB / 1511.166 GB to store  50761514371 kmers; need 30.474 GB to sort     68168440 kmers
Used 270.017 GB / 1511.166 GB to store  50786591036 kmers; need 30.494 GB to sort     68214088 kmers
Used 270.138 GB / 1511.166 GB to store  50813762737 kmers; need 30.505 GB to sort     68238002 kmers
Used 270.251 GB / 1511.166 GB to store  50838845531 kmers; need 30.521 GB to sort     68274848 kmers
Used 270.374 GB / 1511.166 GB to store  50866017596 kmers; need 30.525 GB to sort     68283156 kmers
Used 270.478 GB / 1511.166 GB to store  50889009590 kmers; need 30.553 GB to sort     68346047 kmers
Used 270.600 GB / 1511.166 GB to store  50916182557 kmers; need 30.563 GB to sort     68369337 kmers
Used 270.723 GB / 1511.166 GB to store  50943354453 kmers; need 30.570 GB to sort     68383782 kmers
Used 270.826 GB / 1511.166 GB to store  50966345140 kmers; need 30.597 GB to sort     68445440 kmers
Used 270.949 GB / 1511.166 GB to store  50993516647 kmers; need 30.604 GB to sort     68459382 kmers
Used 271.062 GB / 1511.166 GB to store  51018599290 kmers; need 30.621 GB to sort     68498990 kmers
Used 271.184 GB / 1511.166 GB to store  51045771625 kmers; need 30.638 GB to sort     68536010 kmers
Used 271.296 GB / 1511.166 GB to store  51070852743 kmers; need 30.654 GB to sort     68572636 kmers
Used 271.410 GB / 1511.166 GB to store  51095935762 kmers; need 30.668 GB to sort     68602604 kmers
Used 271.533 GB / 1511.166 GB to store  51123108430 kmers; need 30.677 GB to sort     68624102 kmers
Used 271.637 GB / 1511.166 GB to store  51146101518 kmers; need 30.705 GB to sort     68686789 kmers
Used 271.758 GB / 1511.166 GB to store  51173272959 kmers; need 30.715 GB to sort     68709127 kmers
Used 271.871 GB / 1511.166 GB to store  51198354151 kmers; need 30.729 GB to sort     68739592 kmers
Used 271.985 GB / 1511.166 GB to store  51223436628 kmers; need 30.741 GB to sort     68766179 kmers
Used 272.098 GB / 1511.166 GB to store  51248518873 kmers; need 30.759 GB to sort     68806451 kmers
Used 272.219 GB / 1511.166 GB to store  51275691608 kmers; need 30.768 GB to sort     68827606 kmers
Used 272.333 GB / 1511.166 GB to store  51300773649 kmers; need 30.788 GB to sort     68872311 kmers
Used 272.447 GB / 1511.166 GB to store  51325856898 kmers; need 30.802 GB to sort     68903702 kmers
Used 272.560 GB / 1511.166 GB to store  51350937795 kmers; need 30.815 GB to sort     68932271 kmers
Used 272.663 GB / 1511.166 GB to store  51373928996 kmers; need 30.842 GB to sort     68992120 kmers
Used 272.777 GB / 1511.166 GB to store  51399010251 kmers; need 30.854 GB to sort     69019966 kmers
Used 272.898 GB / 1511.166 GB to store  51426182212 kmers; need 30.861 GB to sort     69034871 kmers
Used 273.011 GB / 1511.166 GB to store  51451263612 kmers; need 30.879 GB to sort     69075427 kmers
Used 273.115 GB / 1511.166 GB to store  51474257246 kmers; need 30.902 GB to sort     69126114 kmers
Used 273.238 GB / 1511.166 GB to store  51501429364 kmers; need 30.912 GB to sort     69148255 kmers
Used 273.351 GB / 1511.166 GB to store  51526511567 kmers; need 30.931 GB to sort     69190610 kmers
Used 273.472 GB / 1511.166 GB to store  51553683549 kmers; need 30.938 GB to sort     69206475 kmers
Used 273.585 GB / 1511.166 GB to store  51578765778 kmers; need 30.961 GB to sort     69257565 kmers
Used 273.708 GB / 1511.166 GB to store  51605938181 kmers; need 30.970 GB to sort     69277919 kmers
Used 273.812 GB / 1511.166 GB to store  51628931272 kmers; need 30.992 GB to sort     69328808 kmers
Used 273.934 GB / 1511.166 GB to store  51656103291 kmers; need 31.003 GB to sort     69352509 kmers
Used 274.047 GB / 1511.166 GB to store  51681186266 kmers; need 31.017 GB to sort     69383148 kmers
Used 274.160 GB / 1511.166 GB to store  51706268614 kmers; need 31.031 GB to sort     69415075 kmers
Used 274.274 GB / 1511.166 GB to store  51731351446 kmers; need 31.048 GB to sort     69454020 kmers
Used 274.386 GB / 1511.166 GB to store  51756433230 kmers; need 31.069 GB to sort     69499238 kmers
Used 274.508 GB / 1511.166 GB to store  51783607060 kmers; need 31.072 GB to sort     69507064 kmers
Used 274.622 GB / 1511.166 GB to store  51808689307 kmers; need 31.093 GB to sort     69553801 kmers
Used 274.734 GB / 1511.166 GB to store  51833772869 kmers; need 31.107 GB to sort     69586171 kmers
Used 274.847 GB / 1511.166 GB to store  51858854795 kmers; need 31.120 GB to sort     69614843 kmers
Used 274.960 GB / 1511.166 GB to store  51883938246 kmers; need 31.136 GB to sort     69649305 kmers
Used 275.064 GB / 1511.166 GB to store  51906929914 kmers; need 31.162 GB to sort     69707941 kmers
Used 275.177 GB / 1511.166 GB to store  51932012540 kmers; need 31.177 GB to sort     69742056 kmers
Used 275.300 GB / 1511.166 GB to store  51959186029 kmers; need 31.187 GB to sort     69764329 kmers
Used 275.394 GB / 1511.166 GB to store  51980089387 kmers; need 31.218 GB to sort     69834375 kmers
Used 275.527 GB / 1511.166 GB to store  52009352290 kmers; need 31.218 GB to sort     69834375 kmers
Used 275.657 GB / 1511.166 GB to store  52038614598 kmers; need 31.218 GB to sort     69834375 kmers
Used 275.760 GB / 1511.166 GB to store  52061606371 kmers; need 31.243 GB to sort     69888318 kmers
Used 275.884 GB / 1511.166 GB to store  52088779504 kmers; need 31.247 GB to sort     69897872 kmers
Used 275.969 GB / 1511.166 GB to store  52107591757 kmers; need 31.291 GB to sort     69997199 kmers
Used 276.100 GB / 1511.166 GB to store  52136855598 kmers; need 31.291 GB to sort     69997199 kmers
Used 276.214 GB / 1511.166 GB to store  52161938963 kmers; need 31.306 GB to sort     70030682 kmers
Used 276.337 GB / 1511.166 GB to store  52189113177 kmers; need 31.317 GB to sort     70055275 kmers
Used 276.450 GB / 1511.166 GB to store  52214195243 kmers; need 31.339 GB to sort     70103833 kmers
Used 276.564 GB / 1511.166 GB to store  52239278020 kmers; need 31.350 GB to sort     70128870 kmers
Used 276.686 GB / 1511.166 GB to store  52266450447 kmers; need 31.361 GB to sort     70152512 kmers
Used 276.798 GB / 1511.166 GB to store  52291533154 kmers; need 31.378 GB to sort     70192502 kmers
Used 276.911 GB / 1511.166 GB to store  52316614416 kmers; need 31.396 GB to sort     70232487 kmers
Used 277.033 GB / 1511.166 GB to store  52343787518 kmers; need 31.408 GB to sort     70258832 kmers
Used 277.137 GB / 1511.166 GB to store  52366780971 kmers; need 31.431 GB to sort     70309083 kmers
Used 277.259 GB / 1511.166 GB to store  52393953923 kmers; need 31.438 GB to sort     70326236 kmers
Used 277.372 GB / 1511.166 GB to store  52419036636 kmers; need 31.458 GB to sort     70370524 kmers
Used 277.486 GB / 1511.166 GB to store  52444119440 kmers; need 31.475 GB to sort     70407273 kmers
Used 277.609 GB / 1511.166 GB to store  52471293085 kmers; need 31.485 GB to sort     70429745 kmers
Used 277.721 GB / 1511.166 GB to store  52496376190 kmers; need 31.503 GB to sort     70471833 kmers
Used 277.843 GB / 1511.166 GB to store  52523548089 kmers; need 31.511 GB to sort     70487964 kmers
Used 277.947 GB / 1511.166 GB to store  52546540469 kmers; need 31.533 GB to sort     70538110 kmers
Used 278.070 GB / 1511.166 GB to store  52573713748 kmers; need 31.543 GB to sort     70560004 kmers
Used 278.183 GB / 1511.166 GB to store  52598797255 kmers; need 31.563 GB to sort     70605054 kmers
Used 278.305 GB / 1511.166 GB to store  52625971064 kmers; need 31.572 GB to sort     70624386 kmers
Used 278.400 GB / 1511.166 GB to store  52646873891 kmers; need 31.604 GB to sort     70697242 kmers
Used 278.522 GB / 1511.166 GB to store  52674046975 kmers; need 31.610 GB to sort     70710617 kmers
Used 278.644 GB / 1511.166 GB to store  52701221544 kmers; need 31.615 GB to sort     70722575 kmers
Used 278.748 GB / 1511.166 GB to store  52724214103 kmers; need 31.639 GB to sort     70775496 kmers
Used 278.861 GB / 1511.166 GB to store  52749296638 kmers; need 31.655 GB to sort     70810456 kmers
Used 278.992 GB / 1511.166 GB to store  52778560007 kmers; need 31.657 GB to sort     70815970 kmers
Used 279.105 GB / 1511.166 GB to store  52803641441 kmers; need 31.684 GB to sort     70875827 kmers
Used 279.227 GB / 1511.166 GB to store  52830814926 kmers; need 31.692 GB to sort     70894286 kmers
Used 279.349 GB / 1511.166 GB to store  52857988641 kmers; need 31.709 GB to sort     70932181 kmers
Used 279.463 GB / 1511.166 GB to store  52883071339 kmers; need 31.727 GB to sort     70971236 kmers
Used 279.575 GB / 1511.166 GB to store  52908153697 kmers; need 31.747 GB to sort     71016705 kmers
Used 279.689 GB / 1511.166 GB to store  52933234830 kmers; need 31.763 GB to sort     71052715 kmers
Used 279.812 GB / 1511.166 GB to store  52960407804 kmers; need 31.772 GB to sort     71072060 kmers
Used 279.925 GB / 1511.166 GB to store  52985490391 kmers; need 31.785 GB to sort     71101340 kmers
Used 280.038 GB / 1511.166 GB to store  53010573626 kmers; need 31.800 GB to sort     71135491 kmers
Used 280.150 GB / 1511.166 GB to store  53035654347 kmers; need 31.813 GB to sort     71163756 kmers
Used 280.264 GB / 1511.166 GB to store  53060736687 kmers; need 31.833 GB to sort     71209014 kmers
Used 280.377 GB / 1511.166 GB to store  53085818579 kmers; need 31.847 GB to sort     71241221 kmers
Used 280.491 GB / 1511.166 GB to store  53110901799 kmers; need 31.862 GB to sort     71275196 kmers
Used 280.612 GB / 1511.166 GB to store  53138074023 kmers; need 31.871 GB to sort     71293875 kmers
Used 280.725 GB / 1511.166 GB to store  53163156798 kmers; need 31.888 GB to sort     71332208 kmers
Used 280.837 GB / 1511.166 GB to store  53188238958 kmers; need 31.908 GB to sort     71376829 kmers
Used 280.959 GB / 1511.166 GB to store  53215412066 kmers; need 31.924 GB to sort     71412737 kmers
Used 281.073 GB / 1511.166 GB to store  53240494237 kmers; need 31.939 GB to sort     71445218 kmers
Used 281.195 GB / 1511.166 GB to store  53267665776 kmers; need 31.953 GB to sort     71477276 kmers
Used 281.308 GB / 1511.166 GB to store  53292748563 kmers; need 31.968 GB to sort     71510426 kmers
Used 281.420 GB / 1511.166 GB to store  53317830215 kmers; need 31.982 GB to sort     71542649 kmers
Used 281.534 GB / 1511.166 GB to store  53342911743 kmers; need 31.997 GB to sort     71576821 kmers
Used 281.657 GB / 1511.166 GB to store  53370083190 kmers; need 32.012 GB to sort     71609009 kmers
Used 281.770 GB / 1511.166 GB to store  53395164858 kmers; need 32.026 GB to sort     71640387 kmers
Used 281.883 GB / 1511.166 GB to store  53420246298 kmers; need 32.040 GB to sort     71673010 kmers
Used 281.997 GB / 1511.166 GB to store  53445327320 kmers; need 32.056 GB to sort     71707302 kmers
Used 282.109 GB / 1511.166 GB to store  53470408181 kmers; need 32.076 GB to sort     71753313 kmers
Used 282.222 GB / 1511.166 GB to store  53495490831 kmers; need 32.089 GB to sort     71781822 kmers
Used 282.335 GB / 1511.166 GB to store  53520572689 kmers; need 32.104 GB to sort     71814660 kmers
Used 282.458 GB / 1511.166 GB to store  53547745266 kmers; need 32.113 GB to sort     71834519 kmers
Used 282.562 GB / 1511.166 GB to store  53570737807 kmers; need 32.135 GB to sort     71885489 kmers
Used 282.665 GB / 1511.166 GB to store  53593728587 kmers; need 32.160 GB to sort     71939618 kmers
Used 282.788 GB / 1511.166 GB to store  53620899759 kmers; need 32.164 GB to sort     71950320 kmers
Used 282.910 GB / 1511.166 GB to store  53648072681 kmers; need 32.174 GB to sort     71972610 kmers
Used 283.005 GB / 1511.166 GB to store  53668973778 kmers; need 32.208 GB to sort     72049105 kmers
Used 283.136 GB / 1511.166 GB to store  53698234234 kmers; need 32.209 GB to sort     72050402 kmers
Used 283.249 GB / 1511.166 GB to store  53723315975 kmers; need 32.225 GB to sort     72086373 kmers
Used 283.362 GB / 1511.166 GB to store  53748396667 kmers; need 32.240 GB to sort     72119821 kmers
Used 283.475 GB / 1511.166 GB to store  53773477580 kmers; need 32.255 GB to sort     72152889 kmers
Used 283.588 GB / 1511.166 GB to store  53798558881 kmers; need 32.273 GB to sort     72193900 kmers
Used 283.711 GB / 1511.166 GB to store  53825731191 kmers; need 32.278 GB to sort     72203929 kmers
Used 283.815 GB / 1511.166 GB to store  53848723655 kmers; need 32.304 GB to sort     72262595 kmers
Used 283.937 GB / 1511.166 GB to store  53875895748 kmers; need 32.308 GB to sort     72271647 kmers
Used 284.059 GB / 1511.166 GB to store  53903067040 kmers; need 32.327 GB to sort     72315307 kmers
Used 284.163 GB / 1511.166 GB to store  53926057850 kmers; need 32.356 GB to sort     72379901 kmers
Used 284.294 GB / 1511.166 GB to store  53955318845 kmers; need 32.356 GB to sort     72379901 kmers
Used 284.417 GB / 1511.166 GB to store  53982490380 kmers; need 32.371 GB to sort     72413385 kmers
Used 284.530 GB / 1511.166 GB to store  54007573137 kmers; need 32.390 GB to sort     72454613 kmers
Used 284.651 GB / 1511.166 GB to store  54034744330 kmers; need 32.416 GB to sort     72512391 kmers
Used 284.783 GB / 1511.166 GB to store  54064006178 kmers; need 32.421 GB to sort     72524214 kmers
Used 284.897 GB / 1511.166 GB to store  54089087322 kmers; need 32.437 GB to sort     72559372 kmers
Used 285.011 GB / 1511.166 GB to store  54114167897 kmers; need 32.457 GB to sort     72604594 kmers
Used 285.133 GB / 1511.166 GB to store  54141338820 kmers; need 32.466 GB to sort     72625126 kmers
Used 285.255 GB / 1511.166 GB to store  54168510007 kmers; need 32.477 GB to sort     72648902 kmers
Used 285.359 GB / 1511.166 GB to store  54191500479 kmers; need 32.504 GB to sort     72709842 kmers
Used 285.482 GB / 1511.166 GB to store  54218670004 kmers; need 32.506 GB to sort     72713938 kmers
Used 285.595 GB / 1511.166 GB to store  54243751704 kmers; need 32.522 GB to sort     72750265 kmers
Used 285.707 GB / 1511.166 GB to store  54268832036 kmers; need 32.541 GB to sort     72793679 kmers
Used 285.830 GB / 1511.166 GB to store  54296002480 kmers; need 32.555 GB to sort     72823818 kmers
Used 285.952 GB / 1511.166 GB to store  54323173210 kmers; need 32.567 GB to sort     72851100 kmers
Used 286.065 GB / 1511.166 GB to store  54348252992 kmers; need 32.587 GB to sort     72896764 kmers
Used 286.188 GB / 1511.166 GB to store  54375423197 kmers; need 32.593 GB to sort     72909589 kmers
Used 286.301 GB / 1511.166 GB to store  54400504117 kmers; need 32.620 GB to sort     72969771 kmers
Used 286.414 GB / 1511.166 GB to store  54425585372 kmers; need 32.633 GB to sort     72999460 kmers
Used 286.518 GB / 1511.166 GB to store  54448576477 kmers; need 32.658 GB to sort     73054843 kmers
Used 286.640 GB / 1511.166 GB to store  54475747057 kmers; need 32.668 GB to sort     73076860 kmers
Used 286.762 GB / 1511.166 GB to store  54502917438 kmers; need 32.677 GB to sort     73096362 kmers
Used 286.866 GB / 1511.166 GB to store  54525907358 kmers; need 32.699 GB to sort     73146627 kmers
Used 286.989 GB / 1511.166 GB to store  54553078561 kmers; need 32.721 GB to sort     73195062 kmers
Used 287.120 GB / 1511.166 GB to store  54582339375 kmers; need 32.726 GB to sort     73207212 kmers
Used 287.224 GB / 1511.166 GB to store  54605329386 kmers; need 32.750 GB to sort     73259843 kmers
Used 287.347 GB / 1511.166 GB to store  54632499470 kmers; need 32.759 GB to sort     73281081 kmers
Used 287.460 GB / 1511.166 GB to store  54657579606 kmers; need 32.777 GB to sort     73320817 kmers
Used 287.582 GB / 1511.166 GB to store  54684749776 kmers; need 32.789 GB to sort     73346821 kmers
Used 287.695 GB / 1511.166 GB to store  54709828768 kmers; need 32.809 GB to sort     73392572 kmers
Used 287.808 GB / 1511.166 GB to store  54734908615 kmers; need 32.823 GB to sort     73422826 kmers
Used 287.930 GB / 1511.166 GB to store  54762077071 kmers; need 32.833 GB to sort     73446246 kmers
Used 288.043 GB / 1511.166 GB to store  54787157085 kmers; need 32.853 GB to sort     73491452 kmers
Used 288.147 GB / 1511.166 GB to store  54810147217 kmers; need 32.882 GB to sort     73556200 kmers
Used 288.269 GB / 1511.166 GB to store  54837316603 kmers; need 32.890 GB to sort     73573339 kmers
Used 288.383 GB / 1511.166 GB to store  54862395707 kmers; need 32.919 GB to sort     73639213 kmers
Used 288.505 GB / 1511.166 GB to store  54889564102 kmers; need 32.931 GB to sort     73664754 kmers
Used 288.609 GB / 1511.166 GB to store  54912534559 kmers; need 32.952 GB to sort     73712782 kmers
Used 288.730 GB / 1511.166 GB to store  54939679273 kmers; need 32.962 GB to sort     73734393 kmers
Used 288.843 GB / 1511.166 GB to store  54964739283 kmers; need 32.977 GB to sort     73768050 kmers
Used 288.957 GB / 1511.166 GB to store  54989803331 kmers; need 32.995 GB to sort     73808018 kmers
Used 289.079 GB / 1511.166 GB to store  55016958077 kmers; need 33.011 GB to sort     73843964 kmers
Used 289.192 GB / 1511.166 GB to store  55042024192 kmers; need 33.025 GB to sort     73876059 kmers
Used 289.304 GB / 1511.166 GB to store  55067093163 kmers; need 33.038 GB to sort     73905819 kmers
Used 289.399 GB / 1511.166 GB to store  55087983098 kmers; need 33.070 GB to sort     73975225 kmers
Used 289.531 GB / 1511.166 GB to store  55117232412 kmers; need 33.070 GB to sort     73975225 kmers
Used 289.643 GB / 1511.166 GB to store  55142302921 kmers; need 33.082 GB to sort     74003993 kmers
Used 289.756 GB / 1511.166 GB to store  55167374456 kmers; need 33.100 GB to sort     74043034 kmers
Used 289.859 GB / 1511.166 GB to store  55190356999 kmers; need 33.125 GB to sort     74098646 kmers
Used 289.973 GB / 1511.166 GB to store  55215427999 kmers; need 33.143 GB to sort     74140662 kmers
Used 290.095 GB / 1511.166 GB to store  55242588777 kmers; need 33.152 GB to sort     74159424 kmers
Used 290.199 GB / 1511.166 GB to store  55265573803 kmers; need 33.177 GB to sort     74216049 kmers
Used 290.321 GB / 1511.166 GB to store  55292737435 kmers; need 33.188 GB to sort     74239508 kmers
Used 290.425 GB / 1511.166 GB to store  55315723461 kmers; need 33.211 GB to sort     74292521 kmers
Used 290.548 GB / 1511.166 GB to store  55342888005 kmers; need 33.215 GB to sort     74301366 kmers
Used 290.661 GB / 1511.166 GB to store  55367963659 kmers; need 33.234 GB to sort     74342621 kmers
Used 290.774 GB / 1511.166 GB to store  55393040064 kmers; need 33.252 GB to sort     74383598 kmers
Used 290.887 GB / 1511.166 GB to store  55418116135 kmers; need 33.272 GB to sort     74429089 kmers
Used 291.019 GB / 1511.166 GB to store  55447373526 kmers; need 33.272 GB to sort     74429089 kmers
Used 291.123 GB / 1511.166 GB to store  55470361502 kmers; need 33.297 GB to sort     74483689 kmers
Used 291.245 GB / 1511.166 GB to store  55497526854 kmers; need 33.308 GB to sort     74508220 kmers
Used 291.358 GB / 1511.166 GB to store  55522602943 kmers; need 33.322 GB to sort     74539616 kmers
Used 291.472 GB / 1511.166 GB to store  55547683196 kmers; need 33.336 GB to sort     74571131 kmers
Used 291.585 GB / 1511.166 GB to store  55572763150 kmers; need 33.352 GB to sort     74608257 kmers
Used 291.707 GB / 1511.166 GB to store  55599934375 kmers; need 33.365 GB to sort     74635441 kmers
Used 291.819 GB / 1511.166 GB to store  55625016561 kmers; need 33.383 GB to sort     74676200 kmers
Used 291.942 GB / 1511.166 GB to store  55652187870 kmers; need 33.398 GB to sort     74710017 kmers
Used 292.054 GB / 1511.166 GB to store  55677269343 kmers; need 33.415 GB to sort     74747680 kmers
Used 292.168 GB / 1511.166 GB to store  55702351941 kmers; need 33.434 GB to sort     74790109 kmers
Used 292.290 GB / 1511.166 GB to store  55729523303 kmers; need 33.446 GB to sort     74817554 kmers
Used 292.404 GB / 1511.166 GB to store  55754604916 kmers; need 33.462 GB to sort     74853694 kmers
Used 292.516 GB / 1511.166 GB to store  55779686334 kmers; need 33.477 GB to sort     74886834 kmers
Used 292.629 GB / 1511.166 GB to store  55804768239 kmers; need 33.498 GB to sort     74933309 kmers
Used 292.742 GB / 1511.166 GB to store  55829849147 kmers; need 33.511 GB to sort     74963027 kmers
Used 292.864 GB / 1511.166 GB to store  55857020958 kmers; need 33.521 GB to sort     74984689 kmers
Used 292.968 GB / 1511.166 GB to store  55880012387 kmers; need 33.544 GB to sort     75036115 kmers
Used 293.090 GB / 1511.166 GB to store  55907184439 kmers; need 33.558 GB to sort     75067817 kmers
Used 293.213 GB / 1511.166 GB to store  55934356396 kmers; need 33.565 GB to sort     75084344 kmers
Used 293.317 GB / 1511.166 GB to store  55957347419 kmers; need 33.592 GB to sort     75143658 kmers
Used 293.448 GB / 1511.166 GB to store  55986608708 kmers; need 33.599 GB to sort     75159369 kmers
Used 293.561 GB / 1511.166 GB to store  56011691228 kmers; need 33.618 GB to sort     75202876 kmers
Used 293.674 GB / 1511.166 GB to store  56036774013 kmers; need 33.631 GB to sort     75231088 kmers
Used 293.777 GB / 1511.166 GB to store  56059764856 kmers; need 33.653 GB to sort     75280449 kmers
Used 293.900 GB / 1511.166 GB to store  56086936699 kmers; need 33.663 GB to sort     75302207 kmers
Used 294.013 GB / 1511.166 GB to store  56112016977 kmers; need 33.676 GB to sort     75332123 kmers
Used 294.127 GB / 1511.166 GB to store  56137097878 kmers; need 33.692 GB to sort     75366777 kmers
Used 294.240 GB / 1511.166 GB to store  56162180325 kmers; need 33.709 GB to sort     75405317 kmers
Used 294.362 GB / 1511.166 GB to store  56189351760 kmers; need 33.717 GB to sort     75424541 kmers
Used 294.475 GB / 1511.166 GB to store  56214432697 kmers; need 33.741 GB to sort     75476422 kmers
Used 294.589 GB / 1511.166 GB to store  56239515372 kmers; need 33.753 GB to sort     75505249 kmers
Used 294.711 GB / 1511.166 GB to store  56266686825 kmers; need 33.760 GB to sort     75520277 kmers
Used 294.824 GB / 1511.166 GB to store  56291767880 kmers; need 33.795 GB to sort     75597736 kmers
Used 294.947 GB / 1511.166 GB to store  56318938587 kmers; need 33.800 GB to sort     75609192 kmers
Used 295.058 GB / 1511.166 GB to store  56344020156 kmers; need 33.816 GB to sort     75646115 kmers
Used 295.172 GB / 1511.166 GB to store  56369102366 kmers; need 33.832 GB to sort     75679895 kmers
Used 295.285 GB / 1511.166 GB to store  56394185146 kmers; need 33.844 GB to sort     75707711 kmers
Used 295.399 GB / 1511.166 GB to store  56419266282 kmers; need 33.862 GB to sort     75747551 kmers
Used 295.511 GB / 1511.166 GB to store  56444348946 kmers; need 33.882 GB to sort     75792328 kmers
Used 295.634 GB / 1511.166 GB to store  56471519195 kmers; need 33.895 GB to sort     75821332 kmers
Used 295.747 GB / 1511.166 GB to store  56496599694 kmers; need 33.909 GB to sort     75853317 kmers
Used 295.860 GB / 1511.166 GB to store  56521681385 kmers; need 33.924 GB to sort     75886842 kmers
Used 295.983 GB / 1511.166 GB to store  56548851865 kmers; need 33.943 GB to sort     75930324 kmers
Used 296.095 GB / 1511.166 GB to store  56573931946 kmers; need 33.960 GB to sort     75966335 kmers
Used 296.208 GB / 1511.166 GB to store  56599013314 kmers; need 33.978 GB to sort     76007744 kmers
Used 296.331 GB / 1511.166 GB to store  56626183879 kmers; need 33.983 GB to sort     76019148 kmers
Used 296.435 GB / 1511.166 GB to store  56649176281 kmers; need 34.004 GB to sort     76065224 kmers
Used 296.557 GB / 1511.166 GB to store  56676347151 kmers; need 34.010 GB to sort     76078255 kmers
Used 296.670 GB / 1511.166 GB to store  56701427117 kmers; need 34.032 GB to sort     76128680 kmers
Used 296.792 GB / 1511.166 GB to store  56728599246 kmers; need 34.042 GB to sort     76151065 kmers
Used 296.896 GB / 1511.166 GB to store  56751590809 kmers; need 34.070 GB to sort     76213399 kmers
Used 297.019 GB / 1511.166 GB to store  56778760912 kmers; need 34.077 GB to sort     76229556 kmers
Used 297.132 GB / 1511.166 GB to store  56803843140 kmers; need 34.094 GB to sort     76267432 kmers
Used 297.254 GB / 1511.166 GB to store  56831012015 kmers; need 34.102 GB to sort     76284166 kmers
Used 297.349 GB / 1511.166 GB to store  56851910717 kmers; need 34.133 GB to sort     76353675 kmers
Used 297.480 GB / 1511.166 GB to store  56881170604 kmers; need 34.133 GB to sort     76353675 kmers
Used 297.593 GB / 1511.166 GB to store  56906252017 kmers; need 34.153 GB to sort     76399025 kmers
Used 297.696 GB / 1511.166 GB to store  56929242148 kmers; need 34.181 GB to sort     76460914 kmers
Used 297.810 GB / 1511.166 GB to store  56954322252 kmers; need 34.196 GB to sort     76494144 kmers
Used 297.932 GB / 1511.166 GB to store  56981493513 kmers; need 34.206 GB to sort     76517284 kmers
Used 298.054 GB / 1511.166 GB to store  57008665031 kmers; need 34.215 GB to sort     76538757 kmers
Used 298.167 GB / 1511.166 GB to store  57033745291 kmers; need 34.230 GB to sort     76570872 kmers
Used 298.271 GB / 1511.166 GB to store  57056736361 kmers; need 34.253 GB to sort     76622329 kmers
Used 298.394 GB / 1511.166 GB to store  57083906712 kmers; need 34.261 GB to sort     76639765 kmers
Used 298.516 GB / 1511.166 GB to store  57111078440 kmers; need 34.268 GB to sort     76655795 kmers
Used 298.619 GB / 1511.166 GB to store  57134068295 kmers; need 34.305 GB to sort     76738498 kmers
Used 298.742 GB / 1511.166 GB to store  57161239996 kmers; need 34.313 GB to sort     76756726 kmers
Used 298.865 GB / 1511.166 GB to store  57188411632 kmers; need 34.319 GB to sort     76770015 kmers
Used 298.969 GB / 1511.166 GB to store  57211402842 kmers; need 34.342 GB to sort     76821459 kmers
Used 299.082 GB / 1511.166 GB to store  57236483584 kmers; need 34.360 GB to sort     76861969 kmers
Used 299.204 GB / 1511.166 GB to store  57263654360 kmers; need 34.368 GB to sort     76880608 kmers
Used 299.317 GB / 1511.166 GB to store  57288735422 kmers; need 34.388 GB to sort     76923675 kmers
Used 299.448 GB / 1511.166 GB to store  57317998118 kmers; need 34.399 GB to sort     76949465 kmers
Used 299.561 GB / 1511.166 GB to store  57343078633 kmers; need 34.416 GB to sort     76988225 kmers
Used 299.675 GB / 1511.166 GB to store  57368159908 kmers; need 34.430 GB to sort     77018292 kmers
Used 299.788 GB / 1511.166 GB to store  57393241106 kmers; need 34.450 GB to sort     77064018 kmers
Used 299.910 GB / 1511.166 GB to store  57420411491 kmers; need 34.455 GB to sort     77074912 kmers
Used 300.023 GB / 1511.166 GB to store  57445492198 kmers; need 34.474 GB to sort     77117722 kmers
Used 300.137 GB / 1511.166 GB to store  57470573665 kmers; need 34.494 GB to sort     77160956 kmers
Used 300.259 GB / 1511.166 GB to store  57497744724 kmers; need 34.503 GB to sort     77182754 kmers
Used 300.381 GB / 1511.166 GB to store  57524916161 kmers; need 34.513 GB to sort     77205125 kmers
Used 300.485 GB / 1511.166 GB to store  57547908335 kmers; need 34.535 GB to sort     77252637 kmers
Used 300.606 GB / 1511.166 GB to store  57575081801 kmers; need 34.548 GB to sort     77281492 kmers
Used 300.719 GB / 1511.166 GB to store  57600162324 kmers; need 34.571 GB to sort     77333352 kmers
Used 300.833 GB / 1511.166 GB to store  57625244296 kmers; need 34.592 GB to sort     77382105 kmers
Used 300.965 GB / 1511.166 GB to store  57654507070 kmers; need 34.594 GB to sort     77386097 kmers
Used 301.077 GB / 1511.166 GB to store  57679588488 kmers; need 34.610 GB to sort     77422328 kmers
Used 301.190 GB / 1511.166 GB to store  57704669051 kmers; need 34.631 GB to sort     77468339 kmers
Used 301.303 GB / 1511.166 GB to store  57729751245 kmers; need 34.646 GB to sort     77502222 kmers
Used 301.427 GB / 1511.166 GB to store  57756921190 kmers; need 34.655 GB to sort     77521256 kmers
Used 301.539 GB / 1511.166 GB to store  57782002758 kmers; need 34.670 GB to sort     77555456 kmers
Used 301.652 GB / 1511.166 GB to store  57807085723 kmers; need 34.688 GB to sort     77596644 kmers
Used 301.765 GB / 1511.166 GB to store  57832166127 kmers; need 34.702 GB to sort     77626491 kmers
Used 301.878 GB / 1511.166 GB to store  57857248491 kmers; need 34.717 GB to sort     77661393 kmers
Used 301.991 GB / 1511.166 GB to store  57882330772 kmers; need 34.735 GB to sort     77701137 kmers
Used 302.114 GB / 1511.166 GB to store  57909503196 kmers; need 34.743 GB to sort     77718989 kmers
Used 302.227 GB / 1511.166 GB to store  57934584325 kmers; need 34.761 GB to sort     77758095 kmers
Used 302.340 GB / 1511.166 GB to store  57959665974 kmers; need 34.778 GB to sort     77797027 kmers
Used 302.461 GB / 1511.166 GB to store  57986836949 kmers; need 34.787 GB to sort     77817380 kmers
Used 302.575 GB / 1511.166 GB to store  58011917690 kmers; need 34.806 GB to sort     77859054 kmers
Used 302.670 GB / 1511.166 GB to store  58032819501 kmers; need 34.842 GB to sort     77940388 kmers
Used 302.802 GB / 1511.166 GB to store  58062080706 kmers; need 34.842 GB to sort     77940388 kmers
Used 302.923 GB / 1511.166 GB to store  58089254251 kmers; need 34.849 GB to sort     77955129 kmers
Used 303.017 GB / 1511.166 GB to store  58110155328 kmers; need 34.882 GB to sort     78030204 kmers
Used 303.139 GB / 1511.166 GB to store  58137325839 kmers; need 34.889 GB to sort     78044325 kmers
Used 303.262 GB / 1511.166 GB to store  58164497012 kmers; need 34.895 GB to sort     78058711 kmers
Used 303.375 GB / 1511.166 GB to store  58189578693 kmers; need 34.916 GB to sort     78104675 kmers
Used 303.499 GB / 1511.166 GB to store  58216750312 kmers; need 34.928 GB to sort     78133509 kmers
Used 303.611 GB / 1511.166 GB to store  58241832289 kmers; need 34.946 GB to sort     78172166 kmers
Used 303.724 GB / 1511.166 GB to store  58266914002 kmers; need 34.967 GB to sort     78219099 kmers
Used 303.837 GB / 1511.166 GB to store  58291995146 kmers; need 34.987 GB to sort     78264467 kmers
Used 303.968 GB / 1511.166 GB to store  58321257556 kmers; need 34.987 GB to sort     78264467 kmers
Used 304.082 GB / 1511.166 GB to store  58346339232 kmers; need 35.006 GB to sort     78307802 kmers
Used 304.204 GB / 1511.166 GB to store  58373510341 kmers; need 35.027 GB to sort     78354346 kmers
Used 304.327 GB / 1511.166 GB to store  58400681486 kmers; need 35.032 GB to sort     78365356 kmers
Used 304.439 GB / 1511.166 GB to store  58425763141 kmers; need 35.053 GB to sort     78411595 kmers
Used 304.561 GB / 1511.166 GB to store  58452934719 kmers; need 35.058 GB to sort     78424174 kmers
Used 304.676 GB / 1511.166 GB to store  58478015973 kmers; need 35.074 GB to sort     78459482 kmers
Used 304.779 GB / 1511.166 GB to store  58501007997 kmers; need 35.096 GB to sort     78508251 kmers
Used 304.902 GB / 1511.166 GB to store  58528179716 kmers; need 35.109 GB to sort     78537344 kmers
Used 305.005 GB / 1511.166 GB to store  58551171671 kmers; need 35.132 GB to sort     78588098 kmers
Used 305.118 GB / 1511.166 GB to store  58576252847 kmers; need 35.149 GB to sort     78627636 kmers
Used 305.240 GB / 1511.166 GB to store  58603422479 kmers; need 35.155 GB to sort     78639359 kmers
Used 305.353 GB / 1511.166 GB to store  58628503342 kmers; need 35.173 GB to sort     78679896 kmers
Used 305.476 GB / 1511.166 GB to store  58655674400 kmers; need 35.178 GB to sort     78690959 kmers
Used 305.590 GB / 1511.166 GB to store  58680755496 kmers; need 35.196 GB to sort     78732123 kmers
Used 305.701 GB / 1511.166 GB to store  58705836569 kmers; need 35.218 GB to sort     78780575 kmers
Used 305.815 GB / 1511.166 GB to store  58730917704 kmers; need 35.232 GB to sort     78812677 kmers
Used 305.937 GB / 1511.166 GB to store  58758087713 kmers; need 35.250 GB to sort     78851806 kmers
Used 306.060 GB / 1511.166 GB to store  58785257692 kmers; need 35.266 GB to sort     78888037 kmers
Used 306.172 GB / 1511.166 GB to store  58810338929 kmers; need 35.278 GB to sort     78916400 kmers
Used 306.285 GB / 1511.166 GB to store  58835419146 kmers; need 35.295 GB to sort     78952603 kmers
Used 306.407 GB / 1511.166 GB to store  58862590516 kmers; need 35.298 GB to sort     78961018 kmers
Used 306.502 GB / 1511.166 GB to store  58883491403 kmers; need 35.330 GB to sort     79032926 kmers
Used 306.633 GB / 1511.166 GB to store  58912752671 kmers; need 35.351 GB to sort     79079603 kmers
Used 306.766 GB / 1511.166 GB to store  58942013895 kmers; need 35.351 GB to sort     79079603 kmers
Used 306.878 GB / 1511.166 GB to store  58967094906 kmers; need 35.370 GB to sort     79121987 kmers
Used 306.973 GB / 1511.166 GB to store  58987997450 kmers; need 35.402 GB to sort     79191854 kmers
Used 307.106 GB / 1511.166 GB to store  59017258717 kmers; need 35.402 GB to sort     79191854 kmers
Used 307.218 GB / 1511.166 GB to store  59042339864 kmers; need 35.415 GB to sort     79221860 kmers
Used 307.331 GB / 1511.166 GB to store  59067421190 kmers; need 35.432 GB to sort     79260804 kmers
Used 307.444 GB / 1511.166 GB to store  59092501529 kmers; need 35.447 GB to sort     79294459 kmers
Used 307.567 GB / 1511.166 GB to store  59119672328 kmers; need 35.451 GB to sort     79303498 kmers
Used 307.679 GB / 1511.166 GB to store  59144753972 kmers; need 35.468 GB to sort     79340315 kmers
Used 307.793 GB / 1511.166 GB to store  59169834267 kmers; need 35.480 GB to sort     79367760 kmers
Used 307.906 GB / 1511.166 GB to store  59194914409 kmers; need 35.496 GB to sort     79403200 kmers
Used 308.019 GB / 1511.166 GB to store  59219993975 kmers; need 35.510 GB to sort     79435619 kmers
Used 308.131 GB / 1511.166 GB to store  59245075333 kmers; need 35.528 GB to sort     79473885 kmers
Used 308.234 GB / 1511.166 GB to store  59268065329 kmers; need 35.554 GB to sort     79533167 kmers
Used 308.358 GB / 1511.166 GB to store  59295235201 kmers; need 35.559 GB to sort     79543783 kmers
Used 308.470 GB / 1511.166 GB to store  59320315773 kmers; need 35.580 GB to sort     79590919 kmers
Used 308.584 GB / 1511.166 GB to store  59345395936 kmers; need 35.594 GB to sort     79623168 kmers
Used 308.705 GB / 1511.166 GB to store  59372566183 kmers; need 35.607 GB to sort     79650951 kmers
Used 308.828 GB / 1511.166 GB to store  59399734911 kmers; need 35.622 GB to sort     79685348 kmers
Used 308.941 GB / 1511.166 GB to store  59424814153 kmers; need 35.639 GB to sort     79723522 kmers
Used 309.064 GB / 1511.166 GB to store  59451982720 kmers; need 35.645 GB to sort     79736967 kmers
Used 309.168 GB / 1511.166 GB to store  59474973050 kmers; need 35.678 GB to sort     79809955 kmers
Used 309.300 GB / 1511.166 GB to store  59504232565 kmers; need 35.688 GB to sort     79833323 kmers
Used 309.422 GB / 1511.166 GB to store  59531400961 kmers; need 35.693 GB to sort     79843812 kmers
Used 309.516 GB / 1511.166 GB to store  59552300519 kmers; need 35.725 GB to sort     79916048 kmers
Used 309.638 GB / 1511.166 GB to store  59579469320 kmers; need 35.732 GB to sort     79930619 kmers
Used 309.761 GB / 1511.166 GB to store  59606638540 kmers; need 35.742 GB to sort     79954139 kmers
Used 309.874 GB / 1511.166 GB to store  59631719343 kmers; need 35.756 GB to sort     79984115 kmers
Used 309.968 GB / 1511.166 GB to store  59652618361 kmers; need 35.788 GB to sort     80056093 kmers
Used 310.090 GB / 1511.166 GB to store  59679782434 kmers; need 35.799 GB to sort     80080351 kmers
Used 310.203 GB / 1511.166 GB to store  59704839874 kmers; need 35.811 GB to sort     80108769 kmers
Used 310.306 GB / 1511.166 GB to store  59727809687 kmers; need 35.839 GB to sort     80169564 kmers
Used 310.419 GB / 1511.166 GB to store  59752871011 kmers; need 35.852 GB to sort     80199279 kmers
Used 310.542 GB / 1511.166 GB to store  59780025169 kmers; need 35.860 GB to sort     80218236 kmers
Used 310.646 GB / 1511.166 GB to store  59803002894 kmers; need 35.881 GB to sort     80265553 kmers
Used 310.768 GB / 1511.166 GB to store  59830160613 kmers; need 35.896 GB to sort     80298685 kmers
Used 310.890 GB / 1511.166 GB to store  59857319441 kmers; need 35.910 GB to sort     80330070 kmers
Used 311.003 GB / 1511.166 GB to store  59882389284 kmers; need 35.927 GB to sort     80367477 kmers
Used 311.126 GB / 1511.166 GB to store  59909550139 kmers; need 35.937 GB to sort     80389671 kmers
Used 311.229 GB / 1511.166 GB to store  59932532309 kmers; need 35.962 GB to sort     80444947 kmers
Used 311.343 GB / 1511.166 GB to store  59957605774 kmers; need 35.981 GB to sort     80488770 kmers
Used 311.447 GB / 1511.166 GB to store  59980590540 kmers; need 36.002 GB to sort     80536108 kmers
Used 311.570 GB / 1511.166 GB to store  60007752738 kmers; need 36.012 GB to sort     80556401 kmers
Used 311.682 GB / 1511.166 GB to store  60032826402 kmers; need 36.029 GB to sort     80595944 kmers
Used 311.805 GB / 1511.166 GB to store  60059990576 kmers; need 36.037 GB to sort     80613467 kmers
Used 311.918 GB / 1511.166 GB to store  60085065893 kmers; need 36.056 GB to sort     80656203 kmers
Used 312.031 GB / 1511.166 GB to store  60110140599 kmers; need 36.085 GB to sort     80721676 kmers
Used 312.162 GB / 1511.166 GB to store  60139396149 kmers; need 36.086 GB to sort     80723736 kmers
Used 312.275 GB / 1511.166 GB to store  60164471689 kmers; need 36.099 GB to sort     80752374 kmers
Used 312.389 GB / 1511.166 GB to store  60189549481 kmers; need 36.119 GB to sort     80797658 kmers
Used 312.502 GB / 1511.166 GB to store  60214624204 kmers; need 36.138 GB to sort     80839613 kmers
Used 312.615 GB / 1511.166 GB to store  60239701283 kmers; need 36.156 GB to sort     80879870 kmers
Used 312.737 GB / 1511.166 GB to store  60266867524 kmers; need 36.167 GB to sort     80903741 kmers
Used 312.860 GB / 1511.166 GB to store  60294034320 kmers; need 36.177 GB to sort     80927338 kmers
Used 312.962 GB / 1511.166 GB to store  60317022548 kmers; need 36.209 GB to sort     80997224 kmers
Used 313.094 GB / 1511.166 GB to store  60346279594 kmers; need 36.209 GB to sort     80997224 kmers
Used 313.207 GB / 1511.166 GB to store  60371358277 kmers; need 36.222 GB to sort     81027104 kmers
Used 313.311 GB / 1511.166 GB to store  60394346227 kmers; need 36.245 GB to sort     81078564 kmers
Used 313.423 GB / 1511.166 GB to store  60419424703 kmers; need 36.259 GB to sort     81109464 kmers
Used 313.537 GB / 1511.166 GB to store  60444503419 kmers; need 36.272 GB to sort     81138605 kmers
Used 313.649 GB / 1511.166 GB to store  60469581319 kmers; need 36.287 GB to sort     81173023 kmers
Used 313.762 GB / 1511.166 GB to store  60494659726 kmers; need 36.301 GB to sort     81203422 kmers
Used 313.885 GB / 1511.166 GB to store  60521831549 kmers; need 36.309 GB to sort     81222188 kmers
Used 313.997 GB / 1511.166 GB to store  60546913666 kmers; need 36.324 GB to sort     81254896 kmers
Used 314.110 GB / 1511.166 GB to store  60571997096 kmers; need 36.344 GB to sort     81299885 kmers
Used 314.224 GB / 1511.166 GB to store  60597079606 kmers; need 36.365 GB to sort     81346714 kmers
Used 314.337 GB / 1511.166 GB to store  60622160885 kmers; need 36.378 GB to sort     81377010 kmers
Used 314.459 GB / 1511.166 GB to store  60649334021 kmers; need 36.390 GB to sort     81402566 kmers
Used 314.572 GB / 1511.166 GB to store  60674416905 kmers; need 36.402 GB to sort     81430309 kmers
Used 314.686 GB / 1511.166 GB to store  60699499668 kmers; need 36.423 GB to sort     81475794 kmers
Used 314.808 GB / 1511.166 GB to store  60726673227 kmers; need 36.426 GB to sort     81484656 kmers
Used 314.921 GB / 1511.166 GB to store  60751755763 kmers; need 36.441 GB to sort     81517122 kmers
Used 315.025 GB / 1511.166 GB to store  60774748486 kmers; need 36.464 GB to sort     81569652 kmers
Used 315.147 GB / 1511.166 GB to store  60801921227 kmers; need 36.476 GB to sort     81595730 kmers
Used 315.269 GB / 1511.166 GB to store  60829095665 kmers; need 36.483 GB to sort     81612078 kmers
Used 315.382 GB / 1511.166 GB to store  60854179180 kmers; need 36.502 GB to sort     81654419 kmers
Used 315.496 GB / 1511.166 GB to store  60879261622 kmers; need 36.521 GB to sort     81695954 kmers
Used 315.609 GB / 1511.166 GB to store  60904345091 kmers; need 36.537 GB to sort     81731097 kmers
Used 315.731 GB / 1511.166 GB to store  60931517252 kmers; need 36.546 GB to sort     81753000 kmers
Used 315.845 GB / 1511.166 GB to store  60956599793 kmers; need 36.560 GB to sort     81783651 kmers
Used 315.958 GB / 1511.166 GB to store  60981683309 kmers; need 36.576 GB to sort     81819668 kmers
Used 316.070 GB / 1511.166 GB to store  61006767262 kmers; need 36.589 GB to sort     81848930 kmers
Used 316.183 GB / 1511.166 GB to store  61031849019 kmers; need 36.605 GB to sort     81883356 kmers
Used 316.296 GB / 1511.166 GB to store  61056930875 kmers; need 36.624 GB to sort     81927202 kmers
Used 316.409 GB / 1511.166 GB to store  61082013499 kmers; need 36.643 GB to sort     81968987 kmers
Used 316.532 GB / 1511.166 GB to store  61109186882 kmers; need 36.652 GB to sort     81989759 kmers
Used 316.654 GB / 1511.166 GB to store  61136361525 kmers; need 36.662 GB to sort     82012553 kmers
Used 316.757 GB / 1511.166 GB to store  61159354215 kmers; need 36.688 GB to sort     82069587 kmers
Used 316.870 GB / 1511.166 GB to store  61184436770 kmers; need 36.701 GB to sort     82099116 kmers
Used 316.974 GB / 1511.166 GB to store  61207429314 kmers; need 36.728 GB to sort     82158228 kmers
Used 317.107 GB / 1511.166 GB to store  61236692750 kmers; need 36.730 GB to sort     82162731 kmers
Used 317.220 GB / 1511.166 GB to store  61261776858 kmers; need 36.745 GB to sort     82197654 kmers
Used 317.333 GB / 1511.166 GB to store  61286860241 kmers; need 36.765 GB to sort     82241161 kmers
Used 317.455 GB / 1511.166 GB to store  61314034025 kmers; need 36.776 GB to sort     82266492 kmers
Used 317.567 GB / 1511.166 GB to store  61339117662 kmers; need 36.793 GB to sort     82304122 kmers
Used 317.690 GB / 1511.166 GB to store  61366292128 kmers; need 36.804 GB to sort     82328784 kmers
Used 317.804 GB / 1511.166 GB to store  61391375002 kmers; need 36.824 GB to sort     82374362 kmers
Used 317.916 GB / 1511.166 GB to store  61416458614 kmers; need 36.841 GB to sort     82410994 kmers
Used 318.038 GB / 1511.166 GB to store  61443632141 kmers; need 36.849 GB to sort     82429834 kmers
Used 318.161 GB / 1511.166 GB to store  61470805190 kmers; need 36.860 GB to sort     82455330 kmers
Used 318.264 GB / 1511.166 GB to store  61493798480 kmers; need 36.900 GB to sort     82542853 kmers
Used 318.388 GB / 1511.166 GB to store  61520972829 kmers; need 36.907 GB to sort     82559819 kmers
Used 318.510 GB / 1511.166 GB to store  61548148397 kmers; need 36.911 GB to sort     82568540 kmers
Used 318.613 GB / 1511.166 GB to store  61571141585 kmers; need 36.934 GB to sort     82620993 kmers
Used 318.736 GB / 1511.166 GB to store  61598315660 kmers; need 36.942 GB to sort     82638969 kmers
Used 318.858 GB / 1511.166 GB to store  61625489657 kmers; need 36.954 GB to sort     82664990 kmers
Used 318.962 GB / 1511.166 GB to store  61648482234 kmers; need 36.982 GB to sort     82727037 kmers
Used 319.084 GB / 1511.166 GB to store  61675657051 kmers; need 36.987 GB to sort     82737600 kmers
Used 319.188 GB / 1511.166 GB to store  61698649437 kmers; need 37.010 GB to sort     82789197 kmers
Used 319.301 GB / 1511.166 GB to store  61723732595 kmers; need 37.022 GB to sort     82817543 kmers
Used 319.424 GB / 1511.166 GB to store  61750906226 kmers; need 37.033 GB to sort     82840835 kmers
Used 319.528 GB / 1511.166 GB to store  61773899748 kmers; need 37.056 GB to sort     82893017 kmers
Used 319.649 GB / 1511.166 GB to store  61801074229 kmers; need 37.066 GB to sort     82914996 kmers
Used 319.773 GB / 1511.166 GB to store  61828247900 kmers; need 37.073 GB to sort     82931322 kmers
Used 319.885 GB / 1511.166 GB to store  61853330704 kmers; need 37.095 GB to sort     82979663 kmers
Used 319.997 GB / 1511.166 GB to store  61878414971 kmers; need 37.115 GB to sort     83025554 kmers
Used 320.120 GB / 1511.166 GB to store  61905589934 kmers; need 37.120 GB to sort     83036159 kmers
Used 320.224 GB / 1511.166 GB to store  61928583793 kmers; need 37.146 GB to sort     83093163 kmers
Used 320.347 GB / 1511.166 GB to store  61955757278 kmers; need 37.156 GB to sort     83116967 kmers
Used 320.469 GB / 1511.166 GB to store  61982930510 kmers; need 37.169 GB to sort     83145551 kmers
Used 320.582 GB / 1511.166 GB to store  62008013868 kmers; need 37.184 GB to sort     83178327 kmers
Used 320.695 GB / 1511.166 GB to store  62033097199 kmers; need 37.201 GB to sort     83218183 kmers
Used 320.808 GB / 1511.166 GB to store  62058180501 kmers; need 37.222 GB to sort     83263243 kmers
Used 320.930 GB / 1511.166 GB to store  62085355843 kmers; need 37.226 GB to sort     83273408 kmers
Used 321.042 GB / 1511.166 GB to store  62110439655 kmers; need 37.243 GB to sort     83311612 kmers
Used 321.156 GB / 1511.166 GB to store  62135522557 kmers; need 37.256 GB to sort     83339781 kmers
Used 321.279 GB / 1511.166 GB to store  62162696743 kmers; need 37.265 GB to sort     83360407 kmers
Used 321.382 GB / 1511.166 GB to store  62185690259 kmers; need 37.293 GB to sort     83421948 kmers
Used 321.504 GB / 1511.166 GB to store  62212864991 kmers; need 37.301 GB to sort     83441072 kmers
Used 321.618 GB / 1511.166 GB to store  62237949375 kmers; need 37.316 GB to sort     83475562 kmers
Used 321.721 GB / 1511.166 GB to store  62260942868 kmers; need 37.346 GB to sort     83540502 kmers
Used 321.853 GB / 1511.166 GB to store  62290206018 kmers; need 37.346 GB to sort     83540502 kmers
Used 321.967 GB / 1511.166 GB to store  62315289279 kmers; need 37.365 GB to sort     83584453 kmers
Used 322.089 GB / 1511.166 GB to store  62342462513 kmers; need 37.374 GB to sort     83604414 kmers
Used 322.194 GB / 1511.166 GB to store  62365455571 kmers; need 37.399 GB to sort     83660733 kmers
Used 322.316 GB / 1511.166 GB to store  62392629593 kmers; need 37.411 GB to sort     83687668 kmers
Used 322.429 GB / 1511.166 GB to store  62417714408 kmers; need 37.429 GB to sort     83726734 kmers
Used 322.551 GB / 1511.166 GB to store  62444889793 kmers; need 37.439 GB to sort     83750071 kmers
Used 322.663 GB / 1511.166 GB to store  62469973296 kmers; need 37.454 GB to sort     83783335 kmers
Used 322.768 GB / 1511.166 GB to store  62492965002 kmers; need 37.475 GB to sort     83829981 kmers
Used 322.889 GB / 1511.166 GB to store  62520139085 kmers; need 37.485 GB to sort     83851702 kmers
Used 323.003 GB / 1511.166 GB to store  62545221232 kmers; need 37.504 GB to sort     83894913 kmers
Used 323.117 GB / 1511.166 GB to store  62570303845 kmers; need 37.524 GB to sort     83939434 kmers
Used 323.240 GB / 1511.166 GB to store  62597476958 kmers; need 37.529 GB to sort     83949838 kmers
Used 323.343 GB / 1511.166 GB to store  62620469131 kmers; need 37.554 GB to sort     84006973 kmers
Used 323.465 GB / 1511.166 GB to store  62647643503 kmers; need 37.560 GB to sort     84020403 kmers
Used 323.587 GB / 1511.166 GB to store  62674818127 kmers; need 37.571 GB to sort     84044608 kmers
Used 323.692 GB / 1511.166 GB to store  62697811670 kmers; need 37.599 GB to sort     84107623 kmers
Used 323.813 GB / 1511.166 GB to store  62724985278 kmers; need 37.606 GB to sort     84123860 kmers
Used 323.926 GB / 1511.166 GB to store  62750068755 kmers; need 37.621 GB to sort     84155679 kmers
Used 324.040 GB / 1511.166 GB to store  62775151870 kmers; need 37.632 GB to sort     84182160 kmers
Used 324.162 GB / 1511.166 GB to store  62802326582 kmers; need 37.646 GB to sort     84212628 kmers
Used 324.285 GB / 1511.166 GB to store  62829499791 kmers; need 37.657 GB to sort     84236653 kmers
Used 324.398 GB / 1511.166 GB to store  62854582651 kmers; need 37.672 GB to sort     84271438 kmers
Used 324.510 GB / 1511.166 GB to store  62879666761 kmers; need 37.688 GB to sort     84307478 kmers
Used 324.624 GB / 1511.166 GB to store  62904750689 kmers; need 37.703 GB to sort     84339920 kmers
Used 324.727 GB / 1511.166 GB to store  62927744520 kmers; need 37.725 GB to sort     84389697 kmers
Used 324.841 GB / 1511.166 GB to store  62952827163 kmers; need 37.739 GB to sort     84419603 kmers
Used 324.963 GB / 1511.166 GB to store  62980000845 kmers; need 37.746 GB to sort     84437064 kmers
Used 325.067 GB / 1511.166 GB to store  63002993532 kmers; need 37.770 GB to sort     84490885 kmers
Used 325.178 GB / 1511.166 GB to store  63028075510 kmers; need 37.785 GB to sort     84523500 kmers
Used 325.282 GB / 1511.166 GB to store  63051068486 kmers; need 37.812 GB to sort     84583996 kmers
Used 325.405 GB / 1511.166 GB to store  63078241446 kmers; need 37.815 GB to sort     84590023 kmers
Used 325.528 GB / 1511.166 GB to store  63105413846 kmers; need 37.826 GB to sort     84615663 kmers
Used 325.631 GB / 1511.166 GB to store  63128405888 kmers; need 37.850 GB to sort     84669183 kmers
Used 325.754 GB / 1511.166 GB to store  63155578274 kmers; need 37.860 GB to sort     84692445 kmers
Used 325.867 GB / 1511.166 GB to store  63180661803 kmers; need 37.885 GB to sort     84747869 kmers
Used 325.989 GB / 1511.166 GB to store  63207835773 kmers; need 37.891 GB to sort     84760323 kmers
Used 326.102 GB / 1511.166 GB to store  63232918941 kmers; need 37.911 GB to sort     84806052 kmers
Used 326.216 GB / 1511.166 GB to store  63258000987 kmers; need 37.929 GB to sort     84844896 kmers
Used 326.329 GB / 1511.166 GB to store  63283083623 kmers; need 37.947 GB to sort     84885657 kmers
Used 326.452 GB / 1511.166 GB to store  63310256990 kmers; need 37.951 GB to sort     84895475 kmers
Used 326.565 GB / 1511.166 GB to store  63335340740 kmers; need 37.966 GB to sort     84928695 kmers
Used 326.687 GB / 1511.166 GB to store  63362513438 kmers; need 37.978 GB to sort     84954595 kmers
Used 326.800 GB / 1511.166 GB to store  63387596080 kmers; need 37.998 GB to sort     84999697 kmers
Used 326.913 GB / 1511.166 GB to store  63412679160 kmers; need 38.011 GB to sort     85028494 kmers
Used 327.026 GB / 1511.166 GB to store  63437762440 kmers; need 38.025 GB to sort     85061336 kmers
Used 327.139 GB / 1511.166 GB to store  63462845646 kmers; need 38.042 GB to sort     85099321 kmers
Used 327.252 GB / 1511.166 GB to store  63487928952 kmers; need 38.062 GB to sort     85143835 kmers
Used 327.365 GB / 1511.166 GB to store  63513010646 kmers; need 38.084 GB to sort     85191773 kmers
Used 327.497 GB / 1511.166 GB to store  63542274286 kmers; need 38.086 GB to sort     85196381 kmers
Used 327.609 GB / 1511.166 GB to store  63567356145 kmers; need 38.101 GB to sort     85230602 kmers
Used 327.722 GB / 1511.166 GB to store  63592438820 kmers; need 38.115 GB to sort     85262084 kmers
Used 327.836 GB / 1511.166 GB to store  63617520550 kmers; need 38.133 GB to sort     85302359 kmers
Used 327.948 GB / 1511.166 GB to store  63642603387 kmers; need 38.149 GB to sort     85338644 kmers
Used 328.071 GB / 1511.166 GB to store  63669774341 kmers; need 38.153 GB to sort     85347597 kmers
Used 328.184 GB / 1511.166 GB to store  63694856681 kmers; need 38.174 GB to sort     85394065 kmers
Used 328.288 GB / 1511.166 GB to store  63717848624 kmers; need 38.201 GB to sort     85453633 kmers
Used 328.411 GB / 1511.166 GB to store  63745020804 kmers; need 38.207 GB to sort     85468210 kmers
Used 328.523 GB / 1511.166 GB to store  63770102467 kmers; need 38.229 GB to sort     85515721 kmers
Used 328.646 GB / 1511.166 GB to store  63797273910 kmers; need 38.240 GB to sort     85541617 kmers
Used 328.758 GB / 1511.166 GB to store  63822356765 kmers; need 38.259 GB to sort     85583399 kmers
Used 328.871 GB / 1511.166 GB to store  63847439050 kmers; need 38.276 GB to sort     85621356 kmers
Used 328.985 GB / 1511.166 GB to store  63872521581 kmers; need 38.292 GB to sort     85657621 kmers
Used 329.097 GB / 1511.166 GB to store  63897602552 kmers; need 38.308 GB to sort     85694077 kmers
Used 329.219 GB / 1511.166 GB to store  63924774296 kmers; need 38.312 GB to sort     85702018 kmers
Used 329.333 GB / 1511.166 GB to store  63949855466 kmers; need 38.327 GB to sort     85736273 kmers
Used 329.445 GB / 1511.166 GB to store  63974937353 kmers; need 38.349 GB to sort     85785610 kmers
Used 329.568 GB / 1511.166 GB to store  64002110068 kmers; need 38.359 GB to sort     85807572 kmers
Used 329.681 GB / 1511.166 GB to store  64027191006 kmers; need 38.375 GB to sort     85843401 kmers
Used 329.803 GB / 1511.166 GB to store  64054362768 kmers; need 38.388 GB to sort     85871613 kmers
Used 329.917 GB / 1511.166 GB to store  64079443952 kmers; need 38.415 GB to sort     85931914 kmers
Used 330.040 GB / 1511.166 GB to store  64106615648 kmers; need 38.424 GB to sort     85952973 kmers
Used 330.153 GB / 1511.166 GB to store  64131697042 kmers; need 38.441 GB to sort     85990428 kmers
Used 330.266 GB / 1511.166 GB to store  64156779736 kmers; need 38.458 GB to sort     86028834 kmers
Used 330.387 GB / 1511.166 GB to store  64183951701 kmers; need 38.471 GB to sort     86059212 kmers
Used 330.511 GB / 1511.166 GB to store  64211123891 kmers; need 38.476 GB to sort     86068744 kmers
Used 330.613 GB / 1511.166 GB to store  64234115858 kmers; need 38.503 GB to sort     86129176 kmers
Used 330.745 GB / 1511.166 GB to store  64263376829 kmers; need 38.510 GB to sort     86144487 kmers
Used 330.858 GB / 1511.166 GB to store  64288457338 kmers; need 38.541 GB to sort     86215115 kmers
Used 330.981 GB / 1511.166 GB to store  64315629521 kmers; need 38.549 GB to sort     86232205 kmers
Used 331.093 GB / 1511.166 GB to store  64340709515 kmers; need 38.565 GB to sort     86267338 kmers
Used 331.217 GB / 1511.166 GB to store  64367881293 kmers; need 38.581 GB to sort     86304395 kmers
Used 331.339 GB / 1511.166 GB to store  64395052661 kmers; need 38.591 GB to sort     86326885 kmers
Used 331.443 GB / 1511.166 GB to store  64418043254 kmers; need 38.616 GB to sort     86383273 kmers
Used 331.566 GB / 1511.166 GB to store  64445214370 kmers; need 38.630 GB to sort     86414178 kmers
Used 331.688 GB / 1511.166 GB to store  64472385742 kmers; need 38.641 GB to sort     86438067 kmers
Used 331.800 GB / 1511.166 GB to store  64497467800 kmers; need 38.655 GB to sort     86470519 kmers
Used 331.923 GB / 1511.166 GB to store  64524638323 kmers; need 38.672 GB to sort     86507185 kmers
Used 332.036 GB / 1511.166 GB to store  64549718456 kmers; need 38.684 GB to sort     86534009 kmers
Used 332.149 GB / 1511.166 GB to store  64574798245 kmers; need 38.701 GB to sort     86573658 kmers
Used 332.263 GB / 1511.166 GB to store  64599879069 kmers; need 38.732 GB to sort     86642273 kmers
Used 332.395 GB / 1511.166 GB to store  64629134627 kmers; need 38.734 GB to sort     86645380 kmers
Used 332.508 GB / 1511.166 GB to store  64654193791 kmers; need 38.749 GB to sort     86679641 kmers
Used 332.621 GB / 1511.166 GB to store  64679259349 kmers; need 38.769 GB to sort     86724230 kmers
Used 332.733 GB / 1511.166 GB to store  64704327452 kmers; need 38.788 GB to sort     86767098 kmers
Used 332.856 GB / 1511.166 GB to store  64731488226 kmers; need 38.805 GB to sort     86805964 kmers
Used 332.969 GB / 1511.166 GB to store  64756560592 kmers; need 38.824 GB to sort     86848726 kmers
Used 333.090 GB / 1511.166 GB to store  64783724077 kmers; need 38.834 GB to sort     86870464 kmers
Used 333.213 GB / 1511.166 GB to store  64810889613 kmers; need 38.844 GB to sort     86892197 kmers
Used 333.316 GB / 1511.166 GB to store  64833880322 kmers; need 38.872 GB to sort     86955812 kmers
Used 333.440 GB / 1511.166 GB to store  64861053467 kmers; need 38.874 GB to sort     86959612 kmers
Used 333.553 GB / 1511.166 GB to store  64886136850 kmers; need 38.889 GB to sort     86992298 kmers
Used 333.666 GB / 1511.166 GB to store  64911220083 kmers; need 38.915 GB to sort     87051635 kmers
Used 333.788 GB / 1511.166 GB to store  64938392015 kmers; need 38.923 GB to sort     87068176 kmers
Used 333.902 GB / 1511.166 GB to store  64963474738 kmers; need 38.943 GB to sort     87114401 kmers
Used 334.023 GB / 1511.166 GB to store  64990649476 kmers; need 38.954 GB to sort     87139031 kmers
Used 334.146 GB / 1511.166 GB to store  65017821872 kmers; need 38.967 GB to sort     87166892 kmers
Used 334.268 GB / 1511.166 GB to store  65044995848 kmers; need 38.976 GB to sort     87188148 kmers
Used 334.381 GB / 1511.166 GB to store  65070078520 kmers; need 38.997 GB to sort     87235520 kmers
Used 334.494 GB / 1511.166 GB to store  65095161932 kmers; need 39.010 GB to sort     87263576 kmers
Used 334.598 GB / 1511.166 GB to store  65118155109 kmers; need 39.039 GB to sort     87328296 kmers
Used 334.720 GB / 1511.166 GB to store  65145327880 kmers; need 39.046 GB to sort     87344010 kmers
Used 334.833 GB / 1511.166 GB to store  65170411842 kmers; need 39.061 GB to sort     87379004 kmers
Used 334.947 GB / 1511.166 GB to store  65195495395 kmers; need 39.073 GB to sort     87405854 kmers
Used 335.060 GB / 1511.166 GB to store  65220579846 kmers; need 39.091 GB to sort     87444990 kmers
Used 335.173 GB / 1511.166 GB to store  65245663779 kmers; need 39.108 GB to sort     87483356 kmers
Used 335.295 GB / 1511.166 GB to store  65272838262 kmers; need 39.119 GB to sort     87507682 kmers
Used 335.408 GB / 1511.166 GB to store  65297922277 kmers; need 39.141 GB to sort     87555935 kmers
Used 335.521 GB / 1511.166 GB to store  65323005174 kmers; need 39.162 GB to sort     87603827 kmers
Used 335.654 GB / 1511.166 GB to store  65352267727 kmers; need 39.162 GB to sort     87603827 kmers
Used 335.766 GB / 1511.166 GB to store  65377351199 kmers; need 39.176 GB to sort     87634259 kmers
Used 335.850 GB / 1511.166 GB to store  65396164306 kmers; need 39.222 GB to sort     87739145 kmers
Used 335.982 GB / 1511.166 GB to store  65425428076 kmers; need 39.222 GB to sort     87739145 kmers
Used 336.096 GB / 1511.166 GB to store  65450510953 kmers; need 39.238 GB to sort     87773017 kmers
Used 336.210 GB / 1511.166 GB to store  65475595577 kmers; need 39.249 GB to sort     87799557 kmers
Used 336.332 GB / 1511.166 GB to store  65502769268 kmers; need 39.264 GB to sort     87831854 kmers
Used 336.444 GB / 1511.166 GB to store  65527853386 kmers; need 39.280 GB to sort     87867263 kmers
Used 336.557 GB / 1511.166 GB to store  65552937554 kmers; need 39.293 GB to sort     87897600 kmers
Used 336.680 GB / 1511.166 GB to store  65580110566 kmers; need 39.297 GB to sort     87905538 kmers
Used 336.792 GB / 1511.166 GB to store  65605194417 kmers; need 39.315 GB to sort     87945605 kmers
Used 336.906 GB / 1511.166 GB to store  65630277757 kmers; need 39.333 GB to sort     87986104 kmers
Used 337.019 GB / 1511.166 GB to store  65655361431 kmers; need 39.351 GB to sort     88026642 kmers
Used 337.133 GB / 1511.166 GB to store  65680443690 kmers; need 39.368 GB to sort     88065611 kmers
Used 337.255 GB / 1511.166 GB to store  65707617354 kmers; need 39.381 GB to sort     88093358 kmers
Used 337.368 GB / 1511.166 GB to store  65732700105 kmers; need 39.395 GB to sort     88125747 kmers
Used 337.481 GB / 1511.166 GB to store  65757783150 kmers; need 39.409 GB to sort     88156321 kmers
Used 337.585 GB / 1511.166 GB to store  65780776457 kmers; need 39.432 GB to sort     88206949 kmers
Used 337.707 GB / 1511.166 GB to store  65807950043 kmers; need 39.435 GB to sort     88214648 kmers
Used 337.820 GB / 1511.166 GB to store  65833032633 kmers; need 39.454 GB to sort     88256941 kmers
Used 337.923 GB / 1511.166 GB to store  65856026098 kmers; need 39.479 GB to sort     88312555 kmers
Used 338.036 GB / 1511.166 GB to store  65881109653 kmers; need 39.498 GB to sort     88354500 kmers
Used 338.159 GB / 1511.166 GB to store  65908283475 kmers; need 39.500 GB to sort     88360503 kmers
Used 338.281 GB / 1511.166 GB to store  65935456674 kmers; need 39.512 GB to sort     88386724 kmers
Used 338.395 GB / 1511.166 GB to store  65960539327 kmers; need 39.532 GB to sort     88431912 kmers
Used 338.507 GB / 1511.166 GB to store  65985623253 kmers; need 39.548 GB to sort     88468347 kmers
Used 338.630 GB / 1511.166 GB to store  66012796280 kmers; need 39.557 GB to sort     88486835 kmers
Used 338.733 GB / 1511.166 GB to store  66035789369 kmers; need 39.579 GB to sort     88536719 kmers
Used 338.856 GB / 1511.166 GB to store  66062963005 kmers; need 39.589 GB to sort     88558787 kmers
Used 338.968 GB / 1511.166 GB to store  66088044941 kmers; need 39.605 GB to sort     88594081 kmers
Used 339.090 GB / 1511.166 GB to store  66115216017 kmers; need 39.616 GB to sort     88620092 kmers
Used 339.213 GB / 1511.166 GB to store  66142388036 kmers; need 39.626 GB to sort     88641082 kmers
Used 339.318 GB / 1511.166 GB to store  66165378989 kmers; need 39.651 GB to sort     88697359 kmers
Used 339.430 GB / 1511.166 GB to store  66190461669 kmers; need 39.667 GB to sort     88732933 kmers
Used 339.553 GB / 1511.166 GB to store  66217633307 kmers; need 39.678 GB to sort     88758319 kmers
Used 339.665 GB / 1511.166 GB to store  66242716105 kmers; need 39.700 GB to sort     88808231 kmers
Used 339.779 GB / 1511.166 GB to store  66267797864 kmers; need 39.719 GB to sort     88849083 kmers
Used 339.901 GB / 1511.166 GB to store  66294969402 kmers; need 39.726 GB to sort     88865419 kmers
Used 340.005 GB / 1511.166 GB to store  66317961571 kmers; need 39.749 GB to sort     88917194 kmers
Used 340.128 GB / 1511.166 GB to store  66345133469 kmers; need 39.758 GB to sort     88937048 kmers
Used 340.250 GB / 1511.166 GB to store  66372305200 kmers; need 39.769 GB to sort     88960737 kmers
Used 340.354 GB / 1511.166 GB to store  66395295723 kmers; need 39.790 GB to sort     89008442 kmers
Used 340.467 GB / 1511.166 GB to store  66420377793 kmers; need 39.806 GB to sort     89043676 kmers
Used 340.590 GB / 1511.166 GB to store  66447550742 kmers; need 39.813 GB to sort     89060904 kmers
Used 340.703 GB / 1511.166 GB to store  66472632085 kmers; need 39.831 GB to sort     89100840 kmers
Used 340.816 GB / 1511.166 GB to store  66497712692 kmers; need 39.845 GB to sort     89132520 kmers
Used 340.928 GB / 1511.166 GB to store  66522792898 kmers; need 39.868 GB to sort     89182764 kmers
Used 341.032 GB / 1511.166 GB to store  66545783162 kmers; need 39.893 GB to sort     89238855 kmers
Used 341.155 GB / 1511.166 GB to store  66572953809 kmers; need 39.894 GB to sort     89241283 kmers
Used 341.268 GB / 1511.166 GB to store  66598033595 kmers; need 39.920 GB to sort     89300075 kmers
Used 341.391 GB / 1511.166 GB to store  66625203719 kmers; need 39.926 GB to sort     89312415 kmers
Used 341.513 GB / 1511.166 GB to store  66652373328 kmers; need 39.936 GB to sort     89334997 kmers
Used 341.636 GB / 1511.166 GB to store  66679543130 kmers; need 39.942 GB to sort     89348723 kmers

Input complete.  Writing results to 'assembly/input/T2T00/meryl/paternal_compress.k30.meryl', using 30 threads.
finishIteration()--

Finished counting.

Cleaning up.

Bye.
