
Found 1 command tree.

Counting 124 (estimated) billion canonical 30-mers from 1 input file:
    sequence-file: assembly/input/T2T04/T2T04.HQ_herro.50x.fastq.gz


SIMPLE MODE
-----------

  Not possible.


COMPLEX MODE
------------

prefix     # of   struct   kmers/    segs/      min     data    total
  bits   prefix   memory   prefix   prefix   memory   memory   memory
------  -------  -------  -------  -------  -------  -------  -------
     1     2  P   921 MB    31 GM    57 MS  8192  B   460 GB   461 GB
     2     4  P   907 MB    15 GM    28 MS    16 kB   453 GB   454 GB
     3     8  P   891 MB  7994 MM    13 MS    32 kB   445 GB   446 GB
     4    16  P   874 MB  3997 MM  6996 kS    64 kB   437 GB   438 GB
     5    32  P   859 MB  1998 MM  3439 kS   128 kB   429 GB   430 GB
     6    64  P   844 MB   999 MM  1688 kS   256 kB   422 GB   422 GB
     7   128  P   828 MB   499 MM   827 kS   512 kB   413 GB   414 GB
     8   256  P   812 MB   249 MM   406 kS  1024 kB   406 GB   406 GB
     9   512  P   798 MB   124 MM   199 kS  2048 kB   398 GB   399 GB
    10  1024  P   784 MB    62 MM    97 kS  4096 kB   390 GB   391 GB
    11  2048  P   772 MB    31 MM    47 kS  8192 kB   382 GB   383 GB
    12  4096  P   762 MB    15 MM    23 kS    16 MB   375 GB   375 GB
    13  8192  P   759 MB  7994 kM    11 kS    32 MB   367 GB   367 GB
    14    16 kP   769 MB  3997 kM  5749  S    64 MB   359 GB   360 GB
    15    32 kP   804 MB  1998 kM  2812  S   128 MB   351 GB   352 GB
    16    64 kP   890 MB   999 kM  1376  S   256 MB   344 GB   344 GB
    17   128 kP  1076 MB   499 kM   672  S   512 MB   336 GB   337 GB
    18   256 kP  1464 MB   249 kM   328  S  1024 MB   328 GB   329 GB
    19   512 kP  2260 MB   124 kM   161  S  2048 MB   322 GB   324 GB
    20  1024 kP  3864 MB    62 kM    79  S  4096 MB   316 GB   319 GB
    21  2048 kP  7088 MB    31 kM    39  S  8192 MB   312 GB   318 GB
    22  4096 kP    13 GB    15 kM    19  S    16 GB   304 GB   317 GB  Best Value!
    23  8192 kP    25 GB  7995  M    10  S    32 GB   320 GB   345 GB
    24    16 MP    51 GB  3998  M     5  S    64 GB   320 GB   371 GB
    25    32 MP   101 GB  1999  M     3  S   128 GB   384 GB   485 GB
    26    64 MP   203 GB  1000  M     2  S   256 GB   512 GB   715 GB
    27   128 MP   405 GB   500  M     1  S   512 GB   512 GB   917 GB
    28   256 MP   810 GB   250  M     1  S  1024 GB  1024 GB  1834 GB
    29   512 MP  1620 GB   125  M     1  S  2048 GB  2048 GB  3668 GB
    30  1024 MP  3240 GB    63  M     1  S  4096 GB  4096 GB  7336 GB
    31  2048 MP  6480 GB    32  M     1  S  8192 GB  8192 GB    14 TB


FINAL CONFIGURATION
-------------------

Estimated to require 621 GB memory out of 1511 GB allowed.
Estimated to require 2 batches.

Configured complex mode for 621.812 GB memory per batch, and up to 2 batches.

Start counting with THREADED method.
Used 41.613 GB / 1511.166 GB to store      2095940 kmers; need 0.037 GB to sort        83506 kmers
Used 41.727 GB / 1511.166 GB to store     29340937 kmers; need 0.049 GB to sort       110124 kmers
Used 41.845 GB / 1511.166 GB to store     73355192 kmers; need 0.062 GB to sort       138886 kmers
Used 41.955 GB / 1511.166 GB to store    102701991 kmers; need 0.084 GB to sort       187990 kmers
Used 42.071 GB / 1511.166 GB to store    132047867 kmers; need 0.094 GB to sort       211105 kmers
Used 42.178 GB / 1511.166 GB to store    159297863 kmers; need 0.119 GB to sort       265923 kmers
Used 42.296 GB / 1511.166 GB to store    188644359 kmers; need 0.129 GB to sort       289296 kmers
Used 42.398 GB / 1511.166 GB to store    213797780 kmers; need 0.156 GB to sort       348236 kmers
Used 42.518 GB / 1511.166 GB to store    243143910 kmers; need 0.168 GB to sort       376106 kmers
Used 42.630 GB / 1511.166 GB to store    270394864 kmers; need 0.186 GB to sort       416100 kmers
Used 42.734 GB / 1511.166 GB to store    295549266 kmers; need 0.207 GB to sort       463722 kmers
Used 42.848 GB / 1511.166 GB to store    322799330 kmers; need 0.225 GB to sort       502349 kmers
Used 42.971 GB / 1511.166 GB to store    352144921 kmers; need 0.230 GB to sort       514192 kmers
Used 43.068 GB / 1511.166 GB to store    375203623 kmers; need 0.261 GB to sort       583640 kmers
Used 43.166 GB / 1511.166 GB to store    398261632 kmers; need 0.288 GB to sort       644352 kmers
Used 43.292 GB / 1511.166 GB to store    427607992 kmers; need 0.295 GB to sort       658915 kmers
Used 43.400 GB / 1511.166 GB to store    452761571 kmers; need 0.321 GB to sort       717508 kmers
Used 43.499 GB / 1511.166 GB to store    475819695 kmers; need 0.352 GB to sort       786762 kmers
Used 43.600 GB / 1511.166 GB to store    498878207 kmers; need 0.403 GB to sort       901109 kmers
Used 43.726 GB / 1511.166 GB to store    528224939 kmers; need 0.409 GB to sort       914534 kmers
Used 43.845 GB / 1511.166 GB to store    555475426 kmers; need 0.417 GB to sort       933280 kmers
Used 43.965 GB / 1511.166 GB to store    582725680 kmers; need 0.427 GB to sort       956040 kmers
Used 44.065 GB / 1511.166 GB to store    605784330 kmers; need 0.459 GB to sort      1026842 kmers
Used 44.175 GB / 1511.166 GB to store    630938042 kmers; need 0.475 GB to sort      1063070 kmers
Used 44.295 GB / 1511.166 GB to store    658188734 kmers; need 0.487 GB to sort      1089904 kmers
Used 44.387 GB / 1511.166 GB to store    679150723 kmers; need 0.521 GB to sort      1166059 kmers
Used 44.516 GB / 1511.166 GB to store    708496600 kmers; need 0.521 GB to sort      1166059 kmers
Used 44.627 GB / 1511.166 GB to store    733650614 kmers; need 0.541 GB to sort      1210312 kmers
Used 44.738 GB / 1511.166 GB to store    758804633 kmers; need 0.558 GB to sort      1247231 kmers
Used 44.848 GB / 1511.166 GB to store    783958994 kmers; need 0.576 GB to sort      1287882 kmers
Used 44.968 GB / 1511.166 GB to store    811209520 kmers; need 0.589 GB to sort      1318242 kmers
Used 45.079 GB / 1511.166 GB to store    836363714 kmers; need 0.613 GB to sort      1370471 kmers
Used 45.199 GB / 1511.166 GB to store    863614280 kmers; need 0.626 GB to sort      1399553 kmers
Used 45.311 GB / 1511.166 GB to store    888768548 kmers; need 0.645 GB to sort      1442680 kmers
Used 45.422 GB / 1511.166 GB to store    913922789 kmers; need 0.662 GB to sort      1480009 kmers
Used 45.544 GB / 1511.166 GB to store    941173976 kmers; need 0.674 GB to sort      1507169 kmers
Used 45.665 GB / 1511.166 GB to store    968424612 kmers; need 0.692 GB to sort      1547465 kmers
Used 45.776 GB / 1511.166 GB to store    993579778 kmers; need 0.715 GB to sort      1598853 kmers
Used 45.888 GB / 1511.166 GB to store   1018733791 kmers; need 0.734 GB to sort      1641672 kmers
Used 46.009 GB / 1511.166 GB to store   1045984514 kmers; need 0.741 GB to sort      1658658 kmers
Used 46.112 GB / 1511.166 GB to store   1069042460 kmers; need 0.764 GB to sort      1709089 kmers
Used 46.224 GB / 1511.166 GB to store   1094197092 kmers; need 0.784 GB to sort      1754231 kmers
Used 46.346 GB / 1511.166 GB to store   1121447357 kmers; need 0.790 GB to sort      1767096 kmers
Used 46.467 GB / 1511.166 GB to store   1148698384 kmers; need 0.805 GB to sort      1800020 kmers
Used 46.561 GB / 1511.166 GB to store   1169660451 kmers; need 0.838 GB to sort      1875270 kmers
Used 46.692 GB / 1511.166 GB to store   1199006749 kmers; need 0.838 GB to sort      1875270 kmers
Used 46.804 GB / 1511.166 GB to store   1224160506 kmers; need 0.856 GB to sort      1914354 kmers
Used 46.916 GB / 1511.166 GB to store   1249315045 kmers; need 0.871 GB to sort      1947407 kmers
Used 47.028 GB / 1511.166 GB to store   1274469524 kmers; need 0.887 GB to sort      1984390 kmers
Used 47.131 GB / 1511.166 GB to store   1297527413 kmers; need 0.913 GB to sort      2041911 kmers
Used 47.254 GB / 1511.166 GB to store   1324778380 kmers; need 0.923 GB to sort      2064969 kmers
Used 47.365 GB / 1511.166 GB to store   1349933684 kmers; need 0.942 GB to sort      2106544 kmers
Used 47.468 GB / 1511.166 GB to store   1372991407 kmers; need 0.964 GB to sort      2155657 kmers
Used 47.572 GB / 1511.166 GB to store   1396050451 kmers; need 0.990 GB to sort      2213746 kmers
Used 47.694 GB / 1511.166 GB to store   1423300925 kmers; need 0.996 GB to sort      2227760 kmers
Used 47.797 GB / 1511.166 GB to store   1446359282 kmers; need 1.020 GB to sort      2281103 kmers
Used 47.928 GB / 1511.166 GB to store   1475706083 kmers; need 1.022 GB to sort      2287201 kmers
Used 48.031 GB / 1511.166 GB to store   1498764474 kmers; need 1.048 GB to sort      2345009 kmers
Used 48.143 GB / 1511.166 GB to store   1523918865 kmers; need 1.070 GB to sort      2392733 kmers
Used 48.265 GB / 1511.166 GB to store   1551170066 kmers; need 1.079 GB to sort      2413474 kmers
Used 48.376 GB / 1511.166 GB to store   1576324394 kmers; need 1.097 GB to sort      2453717 kmers
Used 48.489 GB / 1511.166 GB to store   1601479386 kmers; need 1.120 GB to sort      2505033 kmers
Used 48.611 GB / 1511.166 GB to store   1628730388 kmers; need 1.130 GB to sort      2526907 kmers
Used 48.714 GB / 1511.166 GB to store   1651788937 kmers; need 1.153 GB to sort      2580177 kmers
Used 48.827 GB / 1511.166 GB to store   1676942991 kmers; need 1.175 GB to sort      2627567 kmers
Used 48.930 GB / 1511.166 GB to store   1700001884 kmers; need 1.197 GB to sort      2677778 kmers
Used 49.051 GB / 1511.166 GB to store   1727253555 kmers; need 1.204 GB to sort      2693960 kmers
Used 49.173 GB / 1511.166 GB to store   1754503928 kmers; need 1.214 GB to sort      2715406 kmers
Used 49.267 GB / 1511.166 GB to store   1775466077 kmers; need 1.245 GB to sort      2785148 kmers
Used 49.381 GB / 1511.166 GB to store   1800620368 kmers; need 1.263 GB to sort      2826353 kmers
Used 49.493 GB / 1511.166 GB to store   1825775174 kmers; need 1.276 GB to sort      2853755 kmers
Used 49.605 GB / 1511.166 GB to store   1850930584 kmers; need 1.291 GB to sort      2887777 kmers
Used 49.718 GB / 1511.166 GB to store   1876085573 kmers; need 1.303 GB to sort      2914425 kmers
Used 49.831 GB / 1511.166 GB to store   1901240073 kmers; need 1.321 GB to sort      2954437 kmers
Used 49.943 GB / 1511.166 GB to store   1926394916 kmers; need 1.338 GB to sort      2993956 kmers
Used 50.054 GB / 1511.166 GB to store   1951548913 kmers; need 1.354 GB to sort      3029677 kmers
Used 50.167 GB / 1511.166 GB to store   1976702613 kmers; need 1.371 GB to sort      3066462 kmers
Used 50.281 GB / 1511.166 GB to store   2001857163 kmers; need 1.391 GB to sort      3111930 kmers
Used 50.393 GB / 1511.166 GB to store   2027011729 kmers; need 1.413 GB to sort      3160874 kmers
Used 50.505 GB / 1511.166 GB to store   2052166101 kmers; need 1.433 GB to sort      3204858 kmers
Used 50.619 GB / 1511.166 GB to store   2077321041 kmers; need 1.456 GB to sort      3256227 kmers
Used 50.742 GB / 1511.166 GB to store   2104571611 kmers; need 1.468 GB to sort      3283644 kmers
Used 50.853 GB / 1511.166 GB to store   2129725465 kmers; need 1.493 GB to sort      3340779 kmers
Used 50.975 GB / 1511.166 GB to store   2156976990 kmers; need 1.501 GB to sort      3356699 kmers
Used 51.087 GB / 1511.166 GB to store   2182131679 kmers; need 1.517 GB to sort      3392548 kmers
Used 51.200 GB / 1511.166 GB to store   2207285655 kmers; need 1.534 GB to sort      3431116 kmers
Used 51.304 GB / 1511.166 GB to store   2230343610 kmers; need 1.560 GB to sort      3488683 kmers
Used 51.416 GB / 1511.166 GB to store   2255497983 kmers; need 1.574 GB to sort      3521603 kmers
Used 51.521 GB / 1511.166 GB to store   2278555781 kmers; need 1.600 GB to sort      3579836 kmers
Used 51.633 GB / 1511.166 GB to store   2303710374 kmers; need 1.618 GB to sort      3619335 kmers
Used 51.756 GB / 1511.166 GB to store   2330960908 kmers; need 1.632 GB to sort      3650798 kmers
Used 51.868 GB / 1511.166 GB to store   2356116173 kmers; need 1.652 GB to sort      3696178 kmers
Used 51.991 GB / 1511.166 GB to store   2383366702 kmers; need 1.660 GB to sort      3713054 kmers
Used 52.103 GB / 1511.166 GB to store   2408520949 kmers; need 1.674 GB to sort      3744623 kmers
Used 52.225 GB / 1511.166 GB to store   2435770456 kmers; need 1.690 GB to sort      3781341 kmers
Used 52.338 GB / 1511.166 GB to store   2460925153 kmers; need 1.704 GB to sort      3811349 kmers
Used 52.452 GB / 1511.166 GB to store   2486079172 kmers; need 1.724 GB to sort      3857552 kmers
Used 52.564 GB / 1511.166 GB to store   2511233670 kmers; need 1.744 GB to sort      3900345 kmers
Used 52.676 GB / 1511.166 GB to store   2536387546 kmers; need 1.756 GB to sort      3928900 kmers
Used 52.789 GB / 1511.166 GB to store   2561542871 kmers; need 1.778 GB to sort      3976696 kmers
Used 52.901 GB / 1511.166 GB to store   2586696795 kmers; need 1.800 GB to sort      4025591 kmers
Used 53.014 GB / 1511.166 GB to store   2611850574 kmers; need 1.817 GB to sort      4065071 kmers
Used 53.117 GB / 1511.166 GB to store   2634908112 kmers; need 1.841 GB to sort      4119062 kmers
Used 53.239 GB / 1511.166 GB to store   2662158947 kmers; need 1.853 GB to sort      4145676 kmers
Used 53.343 GB / 1511.166 GB to store   2685217590 kmers; need 1.881 GB to sort      4207876 kmers
Used 53.467 GB / 1511.166 GB to store   2712467995 kmers; need 1.886 GB to sort      4218031 kmers
Used 53.570 GB / 1511.166 GB to store   2735526053 kmers; need 1.908 GB to sort      4268979 kmers
Used 53.683 GB / 1511.166 GB to store   2760680230 kmers; need 1.925 GB to sort      4305130 kmers
Used 53.796 GB / 1511.166 GB to store   2785835117 kmers; need 1.952 GB to sort      4366361 kmers
Used 53.918 GB / 1511.166 GB to store   2813085516 kmers; need 1.959 GB to sort      4381854 kmers
Used 54.031 GB / 1511.166 GB to store   2838239369 kmers; need 1.978 GB to sort      4425201 kmers
Used 54.144 GB / 1511.166 GB to store   2863393457 kmers; need 2.003 GB to sort      4479857 kmers
Used 54.267 GB / 1511.166 GB to store   2890643191 kmers; need 2.011 GB to sort      4499618 kmers
Used 54.379 GB / 1511.166 GB to store   2915797062 kmers; need 2.025 GB to sort      4528743 kmers
Used 54.491 GB / 1511.166 GB to store   2940951035 kmers; need 2.057 GB to sort      4601092 kmers
Used 54.614 GB / 1511.166 GB to store   2968200558 kmers; need 2.062 GB to sort      4612070 kmers
Used 54.718 GB / 1511.166 GB to store   2991258726 kmers; need 2.092 GB to sort      4679145 kmers
Used 54.850 GB / 1511.166 GB to store   3020603645 kmers; need 2.092 GB to sort      4679145 kmers
Used 54.963 GB / 1511.166 GB to store   3045757516 kmers; need 2.109 GB to sort      4717263 kmers
Used 55.075 GB / 1511.166 GB to store   3070911402 kmers; need 2.122 GB to sort      4746876 kmers
Used 55.169 GB / 1511.166 GB to store   3091873227 kmers; need 2.154 GB to sort      4818644 kmers
Used 55.282 GB / 1511.166 GB to store   3117026692 kmers; need 2.177 GB to sort      4870022 kmers
Used 55.405 GB / 1511.166 GB to store   3144276011 kmers; need 2.184 GB to sort      4884927 kmers
Used 55.527 GB / 1511.166 GB to store   3171525528 kmers; need 2.192 GB to sort      4904068 kmers
Used 55.640 GB / 1511.166 GB to store   3196679122 kmers; need 2.210 GB to sort      4944374 kmers
Used 55.754 GB / 1511.166 GB to store   3221832862 kmers; need 2.225 GB to sort      4977811 kmers
Used 55.866 GB / 1511.166 GB to store   3246986292 kmers; need 2.241 GB to sort      5012386 kmers
Used 55.979 GB / 1511.166 GB to store   3272140568 kmers; need 2.256 GB to sort      5047280 kmers
Used 56.092 GB / 1511.166 GB to store   3297293614 kmers; need 2.275 GB to sort      5088014 kmers
Used 56.205 GB / 1511.166 GB to store   3322446820 kmers; need 2.302 GB to sort      5148460 kmers
Used 56.327 GB / 1511.166 GB to store   3349696432 kmers; need 2.313 GB to sort      5173104 kmers
Used 56.440 GB / 1511.166 GB to store   3374849772 kmers; need 2.330 GB to sort      5212307 kmers
Used 56.553 GB / 1511.166 GB to store   3400002551 kmers; need 2.342 GB to sort      5239742 kmers
Used 56.657 GB / 1511.166 GB to store   3423059702 kmers; need 2.367 GB to sort      5294799 kmers
Used 56.779 GB / 1511.166 GB to store   3450308759 kmers; need 2.376 GB to sort      5316135 kmers
Used 56.902 GB / 1511.166 GB to store   3477557665 kmers; need 2.396 GB to sort      5359564 kmers
Used 57.014 GB / 1511.166 GB to store   3502710147 kmers; need 2.416 GB to sort      5404034 kmers
Used 57.146 GB / 1511.166 GB to store   3532055938 kmers; need 2.416 GB to sort      5404099 kmers
Used 57.260 GB / 1511.166 GB to store   3557209523 kmers; need 2.437 GB to sort      5452369 kmers
Used 57.372 GB / 1511.166 GB to store   3582362266 kmers; need 2.458 GB to sort      5497753 kmers
Used 57.476 GB / 1511.166 GB to store   3605418904 kmers; need 2.481 GB to sort      5549753 kmers
Used 57.589 GB / 1511.166 GB to store   3630572511 kmers; need 2.497 GB to sort      5586348 kmers
Used 57.702 GB / 1511.166 GB to store   3655725804 kmers; need 2.518 GB to sort      5632876 kmers
Used 57.833 GB / 1511.166 GB to store   3685072330 kmers; need 2.518 GB to sort      5632876 kmers
Used 57.937 GB / 1511.166 GB to store   3708129792 kmers; need 2.541 GB to sort      5683595 kmers
Used 58.050 GB / 1511.166 GB to store   3733282398 kmers; need 2.555 GB to sort      5715927 kmers
Used 58.163 GB / 1511.166 GB to store   3758435894 kmers; need 2.572 GB to sort      5753120 kmers
Used 58.267 GB / 1511.166 GB to store   3781492802 kmers; need 2.594 GB to sort      5802207 kmers
Used 58.370 GB / 1511.166 GB to store   3804550147 kmers; need 2.617 GB to sort      5854038 kmers
Used 58.502 GB / 1511.166 GB to store   3833895443 kmers; need 2.617 GB to sort      5854038 kmers
Used 58.597 GB / 1511.166 GB to store   3854855764 kmers; need 2.649 GB to sort      5925382 kmers
Used 58.719 GB / 1511.166 GB to store   3882105405 kmers; need 2.665 GB to sort      5960476 kmers
Used 58.832 GB / 1511.166 GB to store   3907258440 kmers; need 2.677 GB to sort      5989367 kmers
Used 58.954 GB / 1511.166 GB to store   3934507274 kmers; need 2.684 GB to sort      6004934 kmers
Used 59.067 GB / 1511.166 GB to store   3959659892 kmers; need 2.704 GB to sort      6048752 kmers
Used 59.171 GB / 1511.166 GB to store   3982716934 kmers; need 2.754 GB to sort      6160541 kmers
Used 59.304 GB / 1511.166 GB to store   4012061533 kmers; need 2.754 GB to sort      6160541 kmers
Used 59.426 GB / 1511.166 GB to store   4039310472 kmers; need 2.794 GB to sort      6251090 kmers
Used 59.558 GB / 1511.166 GB to store   4068655208 kmers; need 2.794 GB to sort      6251090 kmers
Used 59.662 GB / 1511.166 GB to store   4091709889 kmers; need 2.816 GB to sort      6299452 kmers
Used 59.784 GB / 1511.166 GB to store   4118958592 kmers; need 2.827 GB to sort      6323041 kmers
Used 59.906 GB / 1511.166 GB to store   4146208581 kmers; need 2.831 GB to sort      6332442 kmers
Used 60.010 GB / 1511.166 GB to store   4169266737 kmers; need 2.858 GB to sort      6394090 kmers
Used 60.132 GB / 1511.166 GB to store   4196516972 kmers; need 2.870 GB to sort      6420493 kmers
Used 60.245 GB / 1511.166 GB to store   4221670184 kmers; need 2.885 GB to sort      6452760 kmers
Used 60.358 GB / 1511.166 GB to store   4246824492 kmers; need 2.905 GB to sort      6497651 kmers
Used 60.462 GB / 1511.166 GB to store   4269882253 kmers; need 2.927 GB to sort      6547698 kmers
Used 60.594 GB / 1511.166 GB to store   4299228082 kmers; need 2.929 GB to sort      6552236 kmers
Used 60.698 GB / 1511.166 GB to store   4322286262 kmers; need 2.961 GB to sort      6623322 kmers
Used 60.821 GB / 1511.166 GB to store   4349536235 kmers; need 2.984 GB to sort      6674474 kmers
Used 60.935 GB / 1511.166 GB to store   4374689595 kmers; need 2.997 GB to sort      6703399 kmers
Used 61.048 GB / 1511.166 GB to store   4399843415 kmers; need 3.009 GB to sort      6731185 kmers
Used 61.161 GB / 1511.166 GB to store   4424996373 kmers; need 3.027 GB to sort      6772187 kmers
Used 61.264 GB / 1511.166 GB to store   4448054311 kmers; need 3.054 GB to sort      6831209 kmers
Used 61.386 GB / 1511.166 GB to store   4475304579 kmers; need 3.061 GB to sort      6846538 kmers
Used 61.499 GB / 1511.166 GB to store   4500457484 kmers; need 3.074 GB to sort      6876048 kmers
Used 61.613 GB / 1511.166 GB to store   4525611737 kmers; need 3.094 GB to sort      6921503 kmers
Used 61.726 GB / 1511.166 GB to store   4550765680 kmers; need 3.110 GB to sort      6957810 kmers
Used 61.838 GB / 1511.166 GB to store   4575919629 kmers; need 3.127 GB to sort      6995075 kmers
Used 61.933 GB / 1511.166 GB to store   4596880496 kmers; need 3.159 GB to sort      7065568 kmers
Used 62.047 GB / 1511.166 GB to store   4622034417 kmers; need 3.172 GB to sort      7095401 kmers
Used 62.160 GB / 1511.166 GB to store   4647188509 kmers; need 3.186 GB to sort      7127826 kmers
Used 62.255 GB / 1511.166 GB to store   4668150129 kmers; need 3.217 GB to sort      7196187 kmers
Used 62.368 GB / 1511.166 GB to store   4693304195 kmers; need 3.237 GB to sort      7241218 kmers
Used 62.489 GB / 1511.166 GB to store   4720554358 kmers; need 3.246 GB to sort      7260922 kmers
Used 62.593 GB / 1511.166 GB to store   4743612193 kmers; need 3.267 GB to sort      7309047 kmers
Used 62.714 GB / 1511.166 GB to store   4770862497 kmers; need 3.279 GB to sort      7335041 kmers
Used 62.837 GB / 1511.166 GB to store   4798112584 kmers; need 3.288 GB to sort      7354934 kmers
Used 62.942 GB / 1511.166 GB to store   4821170616 kmers; need 3.308 GB to sort      7400330 kmers
Used 63.056 GB / 1511.166 GB to store   4846324450 kmers; need 3.323 GB to sort      7432487 kmers
Used 63.168 GB / 1511.166 GB to store   4871477657 kmers; need 3.337 GB to sort      7464939 kmers
Used 63.272 GB / 1511.166 GB to store   4894535657 kmers; need 3.364 GB to sort      7524875 kmers
Used 63.386 GB / 1511.166 GB to store   4919689286 kmers; need 3.379 GB to sort      7558424 kmers
Used 63.499 GB / 1511.166 GB to store   4944843610 kmers; need 3.400 GB to sort      7606782 kmers
Used 63.613 GB / 1511.166 GB to store   4969996697 kmers; need 3.412 GB to sort      7633048 kmers
Used 63.725 GB / 1511.166 GB to store   4995151223 kmers; need 3.434 GB to sort      7680645 kmers
Used 63.838 GB / 1511.166 GB to store   5020304916 kmers; need 3.452 GB to sort      7721420 kmers
Used 63.960 GB / 1511.166 GB to store   5047555338 kmers; need 3.459 GB to sort      7738002 kmers
Used 64.054 GB / 1511.166 GB to store   5068517008 kmers; need 3.493 GB to sort      7814351 kmers
Used 64.177 GB / 1511.166 GB to store   5095767060 kmers; need 3.502 GB to sort      7834459 kmers
Used 64.299 GB / 1511.166 GB to store   5123018042 kmers; need 3.511 GB to sort      7853039 kmers
Used 64.403 GB / 1511.166 GB to store   5146076808 kmers; need 3.538 GB to sort      7914228 kmers
Used 64.517 GB / 1511.166 GB to store   5171231101 kmers; need 3.551 GB to sort      7942896 kmers
Used 64.630 GB / 1511.166 GB to store   5196384636 kmers; need 3.566 GB to sort      7978105 kmers
Used 64.734 GB / 1511.166 GB to store   5219442174 kmers; need 3.589 GB to sort      8028757 kmers
Used 64.847 GB / 1511.166 GB to store   5244595209 kmers; need 3.608 GB to sort      8071288 kmers
Used 64.970 GB / 1511.166 GB to store   5271845465 kmers; need 3.618 GB to sort      8093968 kmers
Used 65.083 GB / 1511.166 GB to store   5297000283 kmers; need 3.635 GB to sort      8132007 kmers
Used 65.196 GB / 1511.166 GB to store   5322153826 kmers; need 3.656 GB to sort      8177787 kmers
Used 65.309 GB / 1511.166 GB to store   5347308722 kmers; need 3.677 GB to sort      8225580 kmers
Used 65.413 GB / 1511.166 GB to store   5370366840 kmers; need 3.700 GB to sort      8276439 kmers
Used 65.526 GB / 1511.166 GB to store   5395521940 kmers; need 3.716 GB to sort      8312266 kmers
Used 65.639 GB / 1511.166 GB to store   5420676273 kmers; need 3.732 GB to sort      8347328 kmers
Used 65.752 GB / 1511.166 GB to store   5445829740 kmers; need 3.750 GB to sort      8388395 kmers
Used 65.865 GB / 1511.166 GB to store   5470984992 kmers; need 3.770 GB to sort      8433727 kmers
Used 65.960 GB / 1511.166 GB to store   5491947711 kmers; need 3.802 GB to sort      8504387 kmers
Used 66.074 GB / 1511.166 GB to store   5517102164 kmers; need 3.813 GB to sort      8529455 kmers
Used 66.197 GB / 1511.166 GB to store   5544353291 kmers; need 3.834 GB to sort      8575761 kmers
Used 66.320 GB / 1511.166 GB to store   5571603725 kmers; need 3.840 GB to sort      8589941 kmers
Used 66.433 GB / 1511.166 GB to store   5596758287 kmers; need 3.857 GB to sort      8628500 kmers
Used 66.555 GB / 1511.166 GB to store   5624008392 kmers; need 3.880 GB to sort      8679392 kmers
Used 66.668 GB / 1511.166 GB to store   5649163659 kmers; need 3.895 GB to sort      8713837 kmers
Used 66.781 GB / 1511.166 GB to store   5674318070 kmers; need 3.912 GB to sort      8750334 kmers
Used 66.895 GB / 1511.166 GB to store   5699472237 kmers; need 3.927 GB to sort      8784820 kmers
Used 67.008 GB / 1511.166 GB to store   5724626832 kmers; need 3.946 GB to sort      8826742 kmers
Used 67.111 GB / 1511.166 GB to store   5747685230 kmers; need 3.974 GB to sort      8888670 kmers
Used 67.243 GB / 1511.166 GB to store   5777031854 kmers; need 3.974 GB to sort      8888670 kmers
Used 67.347 GB / 1511.166 GB to store   5800090026 kmers; need 3.996 GB to sort      8939391 kmers
Used 67.469 GB / 1511.166 GB to store   5827340115 kmers; need 4.000 GB to sort      8947359 kmers
Used 67.554 GB / 1511.166 GB to store   5846206075 kmers; need 4.041 GB to sort      9038658 kmers
Used 67.669 GB / 1511.166 GB to store   5871361037 kmers; need 4.063 GB to sort      9089503 kmers
Used 67.771 GB / 1511.166 GB to store   5894419281 kmers; need 4.088 GB to sort      9145416 kmers
Used 67.884 GB / 1511.166 GB to store   5919573815 kmers; need 4.105 GB to sort      9183761 kmers
Used 68.007 GB / 1511.166 GB to store   5946824581 kmers; need 4.120 GB to sort      9215397 kmers
Used 68.121 GB / 1511.166 GB to store   5971978371 kmers; need 4.132 GB to sort      9242638 kmers
Used 68.224 GB / 1511.166 GB to store   5995036782 kmers; need 4.161 GB to sort      9308774 kmers
Used 68.356 GB / 1511.166 GB to store   6024383302 kmers; need 4.164 GB to sort      9313796 kmers
Used 68.460 GB / 1511.166 GB to store   6047441500 kmers; need 4.187 GB to sort      9366458 kmers
Used 68.583 GB / 1511.166 GB to store   6074691755 kmers; need 4.195 GB to sort      9383091 kmers
Used 68.658 GB / 1511.166 GB to store   6091461480 kmers; need 4.245 GB to sort      9495992 kmers
Used 68.790 GB / 1511.166 GB to store   6120807920 kmers; need 4.245 GB to sort      9495992 kmers
Used 68.913 GB / 1511.166 GB to store   6148059099 kmers; need 4.255 GB to sort      9518367 kmers
Used 69.036 GB / 1511.166 GB to store   6175309324 kmers; need 4.267 GB to sort      9545842 kmers
Used 69.130 GB / 1511.166 GB to store   6196271191 kmers; need 4.300 GB to sort      9619130 kmers
Used 69.252 GB / 1511.166 GB to store   6223521370 kmers; need 4.312 GB to sort      9644921 kmers
Used 69.365 GB / 1511.166 GB to store   6248674778 kmers; need 4.329 GB to sort      9683714 kmers
Used 69.469 GB / 1511.166 GB to store   6271732134 kmers; need 4.352 GB to sort      9735254 kmers
Used 69.592 GB / 1511.166 GB to store   6298982327 kmers; need 4.389 GB to sort      9818709 kmers
Used 69.724 GB / 1511.166 GB to store   6328327934 kmers; need 4.389 GB to sort      9818709 kmers
Used 69.846 GB / 1511.166 GB to store   6355578276 kmers; need 4.401 GB to sort      9845554 kmers
Used 69.960 GB / 1511.166 GB to store   6380733473 kmers; need 4.418 GB to sort      9882746 kmers
Used 70.063 GB / 1511.166 GB to store   6403791593 kmers; need 4.446 GB to sort      9946493 kmers
Used 70.186 GB / 1511.166 GB to store   6431041491 kmers; need 4.454 GB to sort      9962586 kmers
Used 70.290 GB / 1511.166 GB to store   6454099501 kmers; need 4.482 GB to sort     10026084 kmers
Used 70.412 GB / 1511.166 GB to store   6481349348 kmers; need 4.488 GB to sort     10038440 kmers
Used 70.517 GB / 1511.166 GB to store   6504405759 kmers; need 4.517 GB to sort     10104302 kmers
Used 70.640 GB / 1511.166 GB to store   6531655185 kmers; need 4.527 GB to sort     10125876 kmers
Used 70.734 GB / 1511.166 GB to store   6552616411 kmers; need 4.559 GB to sort     10199333 kmers
Used 70.856 GB / 1511.166 GB to store   6579867140 kmers; need 4.586 GB to sort     10259646 kmers
Used 70.988 GB / 1511.166 GB to store   6609213488 kmers; need 4.588 GB to sort     10263532 kmers
Used 71.102 GB / 1511.166 GB to store   6634366928 kmers; need 4.601 GB to sort     10292210 kmers
Used 71.215 GB / 1511.166 GB to store   6659521127 kmers; need 4.622 GB to sort     10338724 kmers
Used 71.327 GB / 1511.166 GB to store   6684674826 kmers; need 4.643 GB to sort     10386559 kmers
Used 71.451 GB / 1511.166 GB to store   6711925338 kmers; need 4.659 GB to sort     10420911 kmers
Used 71.545 GB / 1511.166 GB to store   6732886840 kmers; need 4.694 GB to sort     10499302 kmers
Used 71.677 GB / 1511.166 GB to store   6762232892 kmers; need 4.694 GB to sort     10499302 kmers
Used 71.800 GB / 1511.166 GB to store   6789483561 kmers; need 4.699 GB to sort     10512330 kmers
Used 71.913 GB / 1511.166 GB to store   6814637203 kmers; need 4.734 GB to sort     10589183 kmers
Used 72.036 GB / 1511.166 GB to store   6841887830 kmers; need 4.742 GB to sort     10608749 kmers
Used 72.149 GB / 1511.166 GB to store   6867040984 kmers; need 4.756 GB to sort     10639139 kmers
Used 72.263 GB / 1511.166 GB to store   6892194601 kmers; need 4.776 GB to sort     10683643 kmers
Used 72.366 GB / 1511.166 GB to store   6915251570 kmers; need 4.801 GB to sort     10740586 kmers
Used 72.490 GB / 1511.166 GB to store   6942500384 kmers; need 4.812 GB to sort     10764958 kmers
Used 72.602 GB / 1511.166 GB to store   6967653702 kmers; need 4.831 GB to sort     10807621 kmers
Used 72.716 GB / 1511.166 GB to store   6992807175 kmers; need 4.854 GB to sort     10857936 kmers
Used 72.839 GB / 1511.166 GB to store   7020057217 kmers; need 4.862 GB to sort     10876829 kmers
Used 72.951 GB / 1511.166 GB to store   7045210577 kmers; need 4.879 GB to sort     10914034 kmers
Used 73.045 GB / 1511.166 GB to store   7066172187 kmers; need 4.917 GB to sort     10999396 kmers
Used 73.177 GB / 1511.166 GB to store   7095517787 kmers; need 4.917 GB to sort     10999396 kmers
Used 73.291 GB / 1511.166 GB to store   7120671133 kmers; need 4.935 GB to sort     11039024 kmers
Used 73.395 GB / 1511.166 GB to store   7143728256 kmers; need 4.957 GB to sort     11088602 kmers
Used 73.518 GB / 1511.166 GB to store   7170977570 kmers; need 4.962 GB to sort     11099485 kmers
Used 73.632 GB / 1511.166 GB to store   7196130281 kmers; need 4.980 GB to sort     11140362 kmers
Used 73.743 GB / 1511.166 GB to store   7221282760 kmers; need 5.007 GB to sort     11200126 kmers
Used 73.847 GB / 1511.166 GB to store   7244339621 kmers; need 5.035 GB to sort     11264195 kmers
Used 73.952 GB / 1511.166 GB to store   7267396398 kmers; need 5.064 GB to sort     11328784 kmers
Used 74.074 GB / 1511.166 GB to store   7294645558 kmers; need 5.068 GB to sort     11337471 kmers
Used 74.188 GB / 1511.166 GB to store   7319799590 kmers; need 5.082 GB to sort     11368373 kmers
Used 74.301 GB / 1511.166 GB to store   7344952025 kmers; need 5.108 GB to sort     11425987 kmers
Used 74.414 GB / 1511.166 GB to store   7370105672 kmers; need 5.126 GB to sort     11465941 kmers
Used 74.536 GB / 1511.166 GB to store   7397354907 kmers; need 5.133 GB to sort     11481786 kmers
Used 74.631 GB / 1511.166 GB to store   7418315901 kmers; need 5.166 GB to sort     11555188 kmers
Used 74.744 GB / 1511.166 GB to store   7443468987 kmers; need 5.184 GB to sort     11597494 kmers
Used 74.877 GB / 1511.166 GB to store   7472814138 kmers; need 5.184 GB to sort     11597494 kmers
Used 74.980 GB / 1511.166 GB to store   7495871456 kmers; need 5.214 GB to sort     11662483 kmers
Used 75.102 GB / 1511.166 GB to store   7523120582 kmers; need 5.223 GB to sort     11683343 kmers
Used 75.225 GB / 1511.166 GB to store   7550370059 kmers; need 5.237 GB to sort     11714928 kmers
Used 75.329 GB / 1511.166 GB to store   7573426657 kmers; need 5.265 GB to sort     11777888 kmers
Used 75.452 GB / 1511.166 GB to store   7600676043 kmers; need 5.275 GB to sort     11800142 kmers
Used 75.564 GB / 1511.166 GB to store   7625828562 kmers; need 5.297 GB to sort     11848596 kmers
Used 75.678 GB / 1511.166 GB to store   7650981864 kmers; need 5.309 GB to sort     11876129 kmers
Used 75.792 GB / 1511.166 GB to store   7676134455 kmers; need 5.323 GB to sort     11908298 kmers
Used 75.896 GB / 1511.166 GB to store   7699190920 kmers; need 5.345 GB to sort     11955647 kmers
Used 76.009 GB / 1511.166 GB to store   7724343409 kmers; need 5.357 GB to sort     11983418 kmers
Used 76.113 GB / 1511.166 GB to store   7747400597 kmers; need 5.385 GB to sort     12045845 kmers
Used 76.227 GB / 1511.166 GB to store   7772553686 kmers; need 5.398 GB to sort     12075527 kmers
Used 76.329 GB / 1511.166 GB to store   7795610043 kmers; need 5.422 GB to sort     12129155 kmers
Used 76.453 GB / 1511.166 GB to store   7822858401 kmers; need 5.430 GB to sort     12147452 kmers
Used 76.567 GB / 1511.166 GB to store   7848011158 kmers; need 5.445 GB to sort     12180232 kmers
Used 76.670 GB / 1511.166 GB to store   7871067688 kmers; need 5.469 GB to sort     12233956 kmers
Used 76.784 GB / 1511.166 GB to store   7896219914 kmers; need 5.487 GB to sort     12274279 kmers
Used 76.906 GB / 1511.166 GB to store   7923469248 kmers; need 5.501 GB to sort     12306101 kmers
Used 77.019 GB / 1511.166 GB to store   7948621951 kmers; need 5.523 GB to sort     12355558 kmers
Used 77.142 GB / 1511.166 GB to store   7975870675 kmers; need 5.534 GB to sort     12380452 kmers
Used 77.264 GB / 1511.166 GB to store   8003119577 kmers; need 5.545 GB to sort     12403815 kmers
Used 77.369 GB / 1511.166 GB to store   8026175901 kmers; need 5.573 GB to sort     12466172 kmers
Used 77.479 GB / 1511.166 GB to store   8051327643 kmers; need 5.589 GB to sort     12501296 kmers
Used 77.594 GB / 1511.166 GB to store   8076480590 kmers; need 5.612 GB to sort     12553841 kmers
Used 77.698 GB / 1511.166 GB to store   8099536952 kmers; need 5.639 GB to sort     12613327 kmers
Used 77.813 GB / 1511.166 GB to store   8124689975 kmers; need 5.658 GB to sort     12656983 kmers
Used 77.934 GB / 1511.166 GB to store   8151938103 kmers; need 5.689 GB to sort     12725392 kmers
Used 78.057 GB / 1511.166 GB to store   8179185688 kmers; need 5.699 GB to sort     12747821 kmers
Used 78.171 GB / 1511.166 GB to store   8204337931 kmers; need 5.712 GB to sort     12777628 kmers
Used 78.283 GB / 1511.166 GB to store   8229491705 kmers; need 5.732 GB to sort     12821658 kmers
Used 78.387 GB / 1511.166 GB to store   8252549685 kmers; need 5.765 GB to sort     12896800 kmers
Used 78.510 GB / 1511.166 GB to store   8279800008 kmers; need 5.775 GB to sort     12917531 kmers
Used 78.622 GB / 1511.166 GB to store   8304953351 kmers; need 5.788 GB to sort     12947360 kmers
Used 78.736 GB / 1511.166 GB to store   8330108514 kmers; need 5.803 GB to sort     12981205 kmers
Used 78.859 GB / 1511.166 GB to store   8357359266 kmers; need 5.813 GB to sort     13003880 kmers
Used 78.972 GB / 1511.166 GB to store   8382512482 kmers; need 5.842 GB to sort     13068945 kmers
Used 79.095 GB / 1511.166 GB to store   8409762691 kmers; need 5.852 GB to sort     13090054 kmers
Used 79.218 GB / 1511.166 GB to store   8437011974 kmers; need 5.860 GB to sort     13108237 kmers
Used 79.321 GB / 1511.166 GB to store   8460069464 kmers; need 5.885 GB to sort     13164595 kmers
Used 79.416 GB / 1511.166 GB to store   8481031281 kmers; need 5.932 GB to sort     13269604 kmers
Used 79.538 GB / 1511.166 GB to store   8508281341 kmers; need 5.943 GB to sort     13294730 kmers
Used 79.662 GB / 1511.166 GB to store   8535531736 kmers; need 5.948 GB to sort     13304494 kmers
Used 79.775 GB / 1511.166 GB to store   8560685233 kmers; need 5.960 GB to sort     13332838 kmers
Used 79.869 GB / 1511.166 GB to store   8581646447 kmers; need 5.996 GB to sort     13413597 kmers
Used 79.983 GB / 1511.166 GB to store   8606801098 kmers; need 6.017 GB to sort     13460527 kmers
Used 80.116 GB / 1511.166 GB to store   8636147016 kmers; need 6.017 GB to sort     13460527 kmers
Used 80.238 GB / 1511.166 GB to store   8663396971 kmers; need 6.027 GB to sort     13483070 kmers
Used 80.342 GB / 1511.166 GB to store   8686454236 kmers; need 6.057 GB to sort     13549708 kmers
Used 80.455 GB / 1511.166 GB to store   8711607236 kmers; need 6.081 GB to sort     13602262 kmers
Used 80.588 GB / 1511.166 GB to store   8740953629 kmers; need 6.081 GB to sort     13602262 kmers
Used 80.682 GB / 1511.166 GB to store   8761914904 kmers; need 6.118 GB to sort     13686316 kmers
Used 80.814 GB / 1511.166 GB to store   8791261443 kmers; need 6.118 GB to sort     13686316 kmers
Used 80.908 GB / 1511.166 GB to store   8812223287 kmers; need 6.156 GB to sort     13770836 kmers
Used 81.021 GB / 1511.166 GB to store   8837377270 kmers; need 6.174 GB to sort     13811088 kmers
Used 81.135 GB / 1511.166 GB to store   8862530857 kmers; need 6.191 GB to sort     13848462 kmers
Used 81.247 GB / 1511.166 GB to store   8887684934 kmers; need 6.208 GB to sort     13886927 kmers
Used 81.361 GB / 1511.166 GB to store   8912838868 kmers; need 6.226 GB to sort     13928178 kmers
Used 81.474 GB / 1511.166 GB to store   8937993086 kmers; need 6.243 GB to sort     13966179 kmers
Used 81.588 GB / 1511.166 GB to store   8963147885 kmers; need 6.267 GB to sort     14019576 kmers
Used 81.721 GB / 1511.166 GB to store   8992493757 kmers; need 6.269 GB to sort     14023745 kmers
Used 81.832 GB / 1511.166 GB to store   9017647030 kmers; need 6.310 GB to sort     14115708 kmers
Used 81.965 GB / 1511.166 GB to store   9046993617 kmers; need 6.310 GB to sort     14115708 kmers
Used 82.078 GB / 1511.166 GB to store   9072148187 kmers; need 6.324 GB to sort     14145753 kmers
Used 82.183 GB / 1511.166 GB to store   9095206387 kmers; need 6.347 GB to sort     14197085 kmers
Used 82.296 GB / 1511.166 GB to store   9120360992 kmers; need 6.370 GB to sort     14250170 kmers
Used 82.430 GB / 1511.166 GB to store   9149707507 kmers; need 6.370 GB to sort     14250170 kmers
Used 82.541 GB / 1511.166 GB to store   9174862009 kmers; need 6.385 GB to sort     14283670 kmers
Used 82.645 GB / 1511.166 GB to store   9197920411 kmers; need 6.415 GB to sort     14349212 kmers
Used 82.767 GB / 1511.166 GB to store   9225171514 kmers; need 6.419 GB to sort     14358088 kmers
Used 82.871 GB / 1511.166 GB to store   9248229156 kmers; need 6.446 GB to sort     14418940 kmers
Used 82.994 GB / 1511.166 GB to store   9275480664 kmers; need 6.450 GB to sort     14427880 kmers
Used 83.108 GB / 1511.166 GB to store   9300635023 kmers; need 6.466 GB to sort     14463297 kmers
Used 83.212 GB / 1511.166 GB to store   9323693302 kmers; need 6.490 GB to sort     14517381 kmers
Used 83.315 GB / 1511.166 GB to store   9346751460 kmers; need 6.515 GB to sort     14574370 kmers
Used 83.448 GB / 1511.166 GB to store   9376098165 kmers; need 6.527 GB to sort     14601138 kmers
Used 83.551 GB / 1511.166 GB to store   9399156629 kmers; need 6.556 GB to sort     14665634 kmers
Used 83.665 GB / 1511.166 GB to store   9424311601 kmers; need 6.572 GB to sort     14701796 kmers
Used 83.797 GB / 1511.166 GB to store   9453658153 kmers; need 6.572 GB to sort     14701796 kmers
Used 83.891 GB / 1511.166 GB to store   9474620391 kmers; need 6.617 GB to sort     14802689 kmers
Used 84.014 GB / 1511.166 GB to store   9501871294 kmers; need 6.628 GB to sort     14826391 kmers
Used 84.136 GB / 1511.166 GB to store   9529122079 kmers; need 6.631 GB to sort     14833275 kmers
Used 84.230 GB / 1511.166 GB to store   9550083548 kmers; need 6.664 GB to sort     14908015 kmers
Used 84.344 GB / 1511.166 GB to store   9575238190 kmers; need 6.677 GB to sort     14936390 kmers
Used 84.457 GB / 1511.166 GB to store   9600392800 kmers; need 6.693 GB to sort     14971798 kmers
Used 84.570 GB / 1511.166 GB to store   9625547803 kmers; need 6.710 GB to sort     15010866 kmers
Used 84.683 GB / 1511.166 GB to store   9650701966 kmers; need 6.726 GB to sort     15046122 kmers
Used 84.778 GB / 1511.166 GB to store   9671665003 kmers; need 6.758 GB to sort     15118379 kmers
Used 84.910 GB / 1511.166 GB to store   9701012297 kmers; need 6.758 GB to sort     15118379 kmers
Used 85.014 GB / 1511.166 GB to store   9724070518 kmers; need 6.780 GB to sort     15166313 kmers
Used 85.118 GB / 1511.166 GB to store   9747128720 kmers; need 6.801 GB to sort     15212606 kmers
Used 85.242 GB / 1511.166 GB to store   9774379986 kmers; need 6.811 GB to sort     15235118 kmers
Used 85.354 GB / 1511.166 GB to store   9799534409 kmers; need 6.850 GB to sort     15324156 kmers
Used 85.487 GB / 1511.166 GB to store   9828881613 kmers; need 6.850 GB to sort     15324156 kmers
Used 85.609 GB / 1511.166 GB to store   9856132688 kmers; need 6.860 GB to sort     15346267 kmers
Used 85.723 GB / 1511.166 GB to store   9881286298 kmers; need 6.873 GB to sort     15374010 kmers
Used 85.826 GB / 1511.166 GB to store   9904344314 kmers; need 6.904 GB to sort     15444007 kmers
Used 85.949 GB / 1511.166 GB to store   9931594684 kmers; need 6.913 GB to sort     15465003 kmers
Used 86.063 GB / 1511.166 GB to store   9956749871 kmers; need 6.941 GB to sort     15526428 kmers
Used 86.185 GB / 1511.166 GB to store   9984000626 kmers; need 6.953 GB to sort     15553435 kmers
Used 86.307 GB / 1511.166 GB to store  10011250995 kmers; need 6.965 GB to sort     15580491 kmers
Used 86.412 GB / 1511.166 GB to store  10034309696 kmers; need 6.987 GB to sort     15630089 kmers
Used 86.535 GB / 1511.166 GB to store  10061560173 kmers; need 6.998 GB to sort     15654626 kmers
Used 86.647 GB / 1511.166 GB to store  10086714464 kmers; need 7.017 GB to sort     15696186 kmers
Used 86.761 GB / 1511.166 GB to store  10111868870 kmers; need 7.041 GB to sort     15751309 kmers
Used 86.894 GB / 1511.166 GB to store  10141215413 kmers; need 7.054 GB to sort     15779236 kmers
Used 87.007 GB / 1511.166 GB to store  10166370155 kmers; need 7.079 GB to sort     15835460 kmers
Used 87.129 GB / 1511.166 GB to store  10193621130 kmers; need 7.090 GB to sort     15859385 kmers
Used 87.243 GB / 1511.166 GB to store  10218775826 kmers; need 7.110 GB to sort     15904844 kmers
Used 87.366 GB / 1511.166 GB to store  10246026938 kmers; need 7.118 GB to sort     15921700 kmers
Used 87.479 GB / 1511.166 GB to store  10271181910 kmers; need 7.136 GB to sort     15962593 kmers
Used 87.593 GB / 1511.166 GB to store  10296336463 kmers; need 7.153 GB to sort     16001549 kmers
Used 87.706 GB / 1511.166 GB to store  10321491014 kmers; need 7.197 GB to sort     16100372 kmers
Used 87.837 GB / 1511.166 GB to store  10350837494 kmers; need 7.197 GB to sort     16100372 kmers
Used 87.942 GB / 1511.166 GB to store  10373895301 kmers; need 7.221 GB to sort     16152206 kmers
Used 88.074 GB / 1511.166 GB to store  10403242564 kmers; need 7.224 GB to sort     16159282 kmers
Used 88.178 GB / 1511.166 GB to store  10426300924 kmers; need 7.284 GB to sort     16293276 kmers
Used 88.310 GB / 1511.166 GB to store  10455646967 kmers; need 7.284 GB to sort     16293276 kmers
Used 88.441 GB / 1511.166 GB to store  10484994200 kmers; need 7.284 GB to sort     16293276 kmers
Used 88.555 GB / 1511.166 GB to store  10510148196 kmers; need 7.301 GB to sort     16332385 kmers
Used 88.668 GB / 1511.166 GB to store  10535302627 kmers; need 7.317 GB to sort     16368333 kmers
Used 88.762 GB / 1511.166 GB to store  10556264371 kmers; need 7.394 GB to sort     16540602 kmers
Used 88.895 GB / 1511.166 GB to store  10585611106 kmers; need 7.394 GB to sort     16540602 kmers
Used 89.028 GB / 1511.166 GB to store  10614957777 kmers; need 7.394 GB to sort     16540602 kmers
Used 89.149 GB / 1511.166 GB to store  10642208148 kmers; need 7.398 GB to sort     16548116 kmers
Used 89.254 GB / 1511.166 GB to store  10665266843 kmers; need 7.423 GB to sort     16605292 kmers
Used 89.358 GB / 1511.166 GB to store  10688324656 kmers; need 7.445 GB to sort     16654079 kmers
Used 89.481 GB / 1511.166 GB to store  10715575508 kmers; need 7.455 GB to sort     16676425 kmers
Used 89.584 GB / 1511.166 GB to store  10738633316 kmers; need 7.486 GB to sort     16745282 kmers
Used 89.707 GB / 1511.166 GB to store  10765884373 kmers; need 7.490 GB to sort     16753780 kmers
Used 89.820 GB / 1511.166 GB to store  10791038501 kmers; need 7.509 GB to sort     16796579 kmers
Used 89.943 GB / 1511.166 GB to store  10818287707 kmers; need 7.521 GB to sort     16824316 kmers
Used 90.056 GB / 1511.166 GB to store  10843441932 kmers; need 7.543 GB to sort     16874252 kmers
Used 90.160 GB / 1511.166 GB to store  10866500599 kmers; need 7.564 GB to sort     16920239 kmers
Used 90.282 GB / 1511.166 GB to store  10893751509 kmers; need 7.568 GB to sort     16928829 kmers
Used 90.395 GB / 1511.166 GB to store  10918905832 kmers; need 7.580 GB to sort     16955374 kmers
Used 90.490 GB / 1511.166 GB to store  10939867845 kmers; need 7.611 GB to sort     17026252 kmers
Used 90.604 GB / 1511.166 GB to store  10965022409 kmers; need 7.623 GB to sort     17051551 kmers
Used 90.727 GB / 1511.166 GB to store  10992271504 kmers; need 7.634 GB to sort     17077420 kmers
Used 90.821 GB / 1511.166 GB to store  11013233247 kmers; need 7.669 GB to sort     17154629 kmers
Used 90.952 GB / 1511.166 GB to store  11042578229 kmers; need 7.669 GB to sort     17154629 kmers
Used 91.067 GB / 1511.166 GB to store  11067731723 kmers; need 7.683 GB to sort     17186914 kmers
Used 91.171 GB / 1511.166 GB to store  11090789249 kmers; need 7.712 GB to sort     17251801 kmers
Used 91.293 GB / 1511.166 GB to store  11118039484 kmers; need 7.723 GB to sort     17276512 kmers
Used 91.397 GB / 1511.166 GB to store  11141097563 kmers; need 7.745 GB to sort     17324703 kmers
Used 91.501 GB / 1511.166 GB to store  11164154730 kmers; need 7.772 GB to sort     17385545 kmers
Used 91.613 GB / 1511.166 GB to store  11189308874 kmers; need 7.792 GB to sort     17430462 kmers
Used 91.718 GB / 1511.166 GB to store  11212365862 kmers; need 7.819 GB to sort     17490666 kmers
Used 91.840 GB / 1511.166 GB to store  11239616271 kmers; need 7.829 GB to sort     17513169 kmers
Used 91.955 GB / 1511.166 GB to store  11264769209 kmers; need 7.842 GB to sort     17543143 kmers
Used 92.048 GB / 1511.166 GB to store  11285730276 kmers; need 7.876 GB to sort     17618853 kmers
Used 92.171 GB / 1511.166 GB to store  11312979423 kmers; need 7.882 GB to sort     17631264 kmers
Used 92.285 GB / 1511.166 GB to store  11338132926 kmers; need 7.898 GB to sort     17668073 kmers
Used 92.407 GB / 1511.166 GB to store  11365382760 kmers; need 7.903 GB to sort     17679508 kmers
Used 92.483 GB / 1511.166 GB to store  11382151861 kmers; need 7.953 GB to sort     17791539 kmers
Used 92.606 GB / 1511.166 GB to store  11409401821 kmers; need 7.960 GB to sort     17805712 kmers
Used 92.729 GB / 1511.166 GB to store  11436650936 kmers; need 7.962 GB to sort     17811300 kmers
Used 92.832 GB / 1511.166 GB to store  11459707347 kmers; need 7.987 GB to sort     17866799 kmers
Used 92.917 GB / 1511.166 GB to store  11478572413 kmers; need 8.031 GB to sort     17964224 kmers
Used 93.039 GB / 1511.166 GB to store  11505821707 kmers; need 8.041 GB to sort     17987174 kmers
Used 93.153 GB / 1511.166 GB to store  11530974974 kmers; need 8.059 GB to sort     18027227 kmers
Used 93.276 GB / 1511.166 GB to store  11558224372 kmers; need 8.070 GB to sort     18052641 kmers
Used 93.379 GB / 1511.166 GB to store  11581282331 kmers; need 8.106 GB to sort     18132761 kmers
Used 93.493 GB / 1511.166 GB to store  11606435432 kmers; need 8.123 GB to sort     18169959 kmers
Used 93.626 GB / 1511.166 GB to store  11635781017 kmers; need 8.123 GB to sort     18169959 kmers
Used 93.739 GB / 1511.166 GB to store  11660934699 kmers; need 8.154 GB to sort     18240602 kmers
Used 93.862 GB / 1511.166 GB to store  11688183419 kmers; need 8.163 GB to sort     18259730 kmers
Used 93.974 GB / 1511.166 GB to store  11713336372 kmers; need 8.175 GB to sort     18287418 kmers
Used 94.087 GB / 1511.166 GB to store  11738490489 kmers; need 8.190 GB to sort     18321320 kmers
Used 94.220 GB / 1511.166 GB to store  11767835354 kmers; need 8.207 GB to sort     18358398 kmers
Used 94.333 GB / 1511.166 GB to store  11792988377 kmers; need 8.222 GB to sort     18391507 kmers
Used 94.466 GB / 1511.166 GB to store  11822333177 kmers; need 8.230 GB to sort     18411316 kmers
Used 94.560 GB / 1511.166 GB to store  11843294053 kmers; need 8.263 GB to sort     18483003 kmers
Used 94.693 GB / 1511.166 GB to store  11872639331 kmers; need 8.263 GB to sort     18483003 kmers
Used 94.807 GB / 1511.166 GB to store  11897792841 kmers; need 8.282 GB to sort     18526951 kmers
Used 94.930 GB / 1511.166 GB to store  11925041709 kmers; need 8.291 GB to sort     18547623 kmers
Used 95.032 GB / 1511.166 GB to store  11948098834 kmers; need 8.338 GB to sort     18650796 kmers
Used 95.155 GB / 1511.166 GB to store  11975347350 kmers; need 8.350 GB to sort     18677955 kmers
Used 95.288 GB / 1511.166 GB to store  12004692325 kmers; need 8.351 GB to sort     18680105 kmers
Used 95.401 GB / 1511.166 GB to store  12029845542 kmers; need 8.368 GB to sort     18717823 kmers
Used 95.504 GB / 1511.166 GB to store  12052902056 kmers; need 8.397 GB to sort     18783149 kmers
Used 95.608 GB / 1511.166 GB to store  12075958636 kmers; need 8.425 GB to sort     18845741 kmers
Used 95.721 GB / 1511.166 GB to store  12101111833 kmers; need 8.442 GB to sort     18885077 kmers
Used 95.844 GB / 1511.166 GB to store  12128360064 kmers; need 8.446 GB to sort     18892644 kmers
Used 95.948 GB / 1511.166 GB to store  12151416057 kmers; need 8.471 GB to sort     18950093 kmers
Used 96.052 GB / 1511.166 GB to store  12174472348 kmers; need 8.497 GB to sort     19006843 kmers
Used 96.155 GB / 1511.166 GB to store  12197528252 kmers; need 8.523 GB to sort     19066208 kmers
Used 96.278 GB / 1511.166 GB to store  12224777155 kmers; need 8.531 GB to sort     19082913 kmers
Used 96.392 GB / 1511.166 GB to store  12249929000 kmers; need 8.545 GB to sort     19115052 kmers
Used 96.496 GB / 1511.166 GB to store  12272983558 kmers; need 8.582 GB to sort     19197229 kmers
Used 96.627 GB / 1511.166 GB to store  12302326443 kmers; need 8.582 GB to sort     19197229 kmers
Used 96.750 GB / 1511.166 GB to store  12329572803 kmers; need 8.592 GB to sort     19220331 kmers
Used 96.864 GB / 1511.166 GB to store  12354724056 kmers; need 8.618 GB to sort     19277870 kmers
Used 96.977 GB / 1511.166 GB to store  12379875771 kmers; need 8.633 GB to sort     19311363 kmers
Used 97.089 GB / 1511.166 GB to store  12405028467 kmers; need 8.662 GB to sort     19375730 kmers
Used 97.222 GB / 1511.166 GB to store  12434375018 kmers; need 8.662 GB to sort     19377161 kmers
Used 97.317 GB / 1511.166 GB to store  12455336522 kmers; need 8.695 GB to sort     19450610 kmers
Used 97.440 GB / 1511.166 GB to store  12482587376 kmers; need 8.705 GB to sort     19472897 kmers
Used 97.552 GB / 1511.166 GB to store  12507741440 kmers; need 8.719 GB to sort     19504877 kmers
Used 97.666 GB / 1511.166 GB to store  12532894907 kmers; need 8.737 GB to sort     19543808 kmers
Used 97.760 GB / 1511.166 GB to store  12553855719 kmers; need 8.769 GB to sort     19616876 kmers
Used 97.884 GB / 1511.166 GB to store  12581105467 kmers; need 8.774 GB to sort     19628165 kmers
Used 98.006 GB / 1511.166 GB to store  12608355636 kmers; need 8.784 GB to sort     19649485 kmers
Used 98.119 GB / 1511.166 GB to store  12633509625 kmers; need 8.807 GB to sort     19700405 kmers
Used 98.223 GB / 1511.166 GB to store  12656566925 kmers; need 8.834 GB to sort     19761678 kmers
Used 98.355 GB / 1511.166 GB to store  12685914040 kmers; need 8.834 GB to sort     19761678 kmers
Used 98.460 GB / 1511.166 GB to store  12708972038 kmers; need 8.856 GB to sort     19810894 kmers
Used 98.563 GB / 1511.166 GB to store  12732029672 kmers; need 8.878 GB to sort     19860558 kmers
Used 98.686 GB / 1511.166 GB to store  12759280157 kmers; need 8.884 GB to sort     19873735 kmers
Used 98.799 GB / 1511.166 GB to store  12784434466 kmers; need 8.901 GB to sort     19912197 kmers
Used 98.903 GB / 1511.166 GB to store  12807491917 kmers; need 8.927 GB to sort     19969235 kmers
Used 99.025 GB / 1511.166 GB to store  12834741634 kmers; need 8.935 GB to sort     19988035 kmers
Used 99.139 GB / 1511.166 GB to store  12859895871 kmers; need 8.959 GB to sort     20041301 kmers
Used 99.253 GB / 1511.166 GB to store  12885049975 kmers; need 8.974 GB to sort     20074168 kmers
Used 99.366 GB / 1511.166 GB to store  12910204715 kmers; need 8.988 GB to sort     20105672 kmers
Used 99.479 GB / 1511.166 GB to store  12935359413 kmers; need 9.006 GB to sort     20146457 kmers
Used 99.593 GB / 1511.166 GB to store  12960513613 kmers; need 9.035 GB to sort     20211177 kmers
Used 99.706 GB / 1511.166 GB to store  12985667503 kmers; need 9.051 GB to sort     20246253 kmers
Used 99.828 GB / 1511.166 GB to store  13012916944 kmers; need 9.053 GB to sort     20252206 kmers
Used 99.923 GB / 1511.166 GB to store  13033878383 kmers; need 9.091 GB to sort     20336230 kmers
Used 100.055 GB / 1511.166 GB to store  13063225302 kmers; need 9.092 GB to sort     20338063 kmers
Used 100.159 GB / 1511.166 GB to store  13086283284 kmers; need 9.114 GB to sort     20386876 kmers
Used 100.271 GB / 1511.166 GB to store  13111438145 kmers; need 9.128 GB to sort     20418339 kmers
Used 100.366 GB / 1511.166 GB to store  13132399949 kmers; need 9.159 GB to sort     20488028 kmers
Used 100.489 GB / 1511.166 GB to store  13159650414 kmers; need 9.161 GB to sort     20491937 kmers
Used 100.612 GB / 1511.166 GB to store  13186901074 kmers; need 9.167 GB to sort     20507095 kmers
Used 100.726 GB / 1511.166 GB to store  13212055913 kmers; need 9.185 GB to sort     20547543 kmers
Used 100.838 GB / 1511.166 GB to store  13237210849 kmers; need 9.201 GB to sort     20583256 kmers
Used 100.952 GB / 1511.166 GB to store  13262364724 kmers; need 9.229 GB to sort     20644650 kmers
Used 101.066 GB / 1511.166 GB to store  13287519098 kmers; need 9.248 GB to sort     20688085 kmers
Used 101.170 GB / 1511.166 GB to store  13310577583 kmers; need 9.271 GB to sort     20738414 kmers
Used 101.282 GB / 1511.166 GB to store  13335732102 kmers; need 9.287 GB to sort     20774849 kmers
Used 101.406 GB / 1511.166 GB to store  13362981952 kmers; need 9.304 GB to sort     20813094 kmers
Used 101.529 GB / 1511.166 GB to store  13390232088 kmers; need 9.316 GB to sort     20840384 kmers
Used 101.650 GB / 1511.166 GB to store  13417482756 kmers; need 9.322 GB to sort     20853186 kmers
Used 101.736 GB / 1511.166 GB to store  13436348100 kmers; need 9.369 GB to sort     20957018 kmers
Used 101.859 GB / 1511.166 GB to store  13463599777 kmers; need 9.377 GB to sort     20976812 kmers
Used 101.981 GB / 1511.166 GB to store  13490850495 kmers; need 9.387 GB to sort     20997657 kmers
Used 102.095 GB / 1511.166 GB to store  13516005084 kmers; need 9.402 GB to sort     21031010 kmers
Used 102.208 GB / 1511.166 GB to store  13541159290 kmers; need 9.429 GB to sort     21091533 kmers
Used 102.332 GB / 1511.166 GB to store  13568410305 kmers; need 9.440 GB to sort     21116061 kmers
Used 102.436 GB / 1511.166 GB to store  13591468031 kmers; need 9.465 GB to sort     21173619 kmers
Used 102.548 GB / 1511.166 GB to store  13616622652 kmers; need 9.479 GB to sort     21203133 kmers
Used 102.663 GB / 1511.166 GB to store  13641777531 kmers; need 9.494 GB to sort     21237116 kmers
Used 102.775 GB / 1511.166 GB to store  13666932154 kmers; need 9.510 GB to sort     21274589 kmers
Used 102.888 GB / 1511.166 GB to store  13692084812 kmers; need 9.525 GB to sort     21306388 kmers
Used 103.002 GB / 1511.166 GB to store  13717238945 kmers; need 9.544 GB to sort     21348876 kmers
Used 103.105 GB / 1511.166 GB to store  13740296207 kmers; need 9.569 GB to sort     21405283 kmers
Used 103.228 GB / 1511.166 GB to store  13767547299 kmers; need 9.581 GB to sort     21431715 kmers
Used 103.342 GB / 1511.166 GB to store  13792701949 kmers; need 9.604 GB to sort     21483065 kmers
Used 103.465 GB / 1511.166 GB to store  13819951984 kmers; need 9.611 GB to sort     21498649 kmers
Used 103.578 GB / 1511.166 GB to store  13845106359 kmers; need 9.626 GB to sort     21534069 kmers
Used 103.681 GB / 1511.166 GB to store  13868164465 kmers; need 9.656 GB to sort     21600412 kmers
Used 103.795 GB / 1511.166 GB to store  13893318090 kmers; need 9.678 GB to sort     21649058 kmers
Used 103.917 GB / 1511.166 GB to store  13920568459 kmers; need 9.682 GB to sort     21658664 kmers
Used 104.012 GB / 1511.166 GB to store  13941530023 kmers; need 9.714 GB to sort     21730738 kmers
Used 104.126 GB / 1511.166 GB to store  13966684732 kmers; need 9.726 GB to sort     21757716 kmers
Used 104.239 GB / 1511.166 GB to store  13991838700 kmers; need 9.739 GB to sort     21786073 kmers
Used 104.351 GB / 1511.166 GB to store  14016992021 kmers; need 9.759 GB to sort     21830933 kmers
Used 104.456 GB / 1511.166 GB to store  14040049686 kmers; need 9.782 GB to sort     21881611 kmers
Used 104.569 GB / 1511.166 GB to store  14065203545 kmers; need 9.800 GB to sort     21923109 kmers
Used 104.663 GB / 1511.166 GB to store  14086164958 kmers; need 9.832 GB to sort     21994904 kmers
Used 104.777 GB / 1511.166 GB to store  14111317827 kmers; need 9.850 GB to sort     22034305 kmers
Used 104.899 GB / 1511.166 GB to store  14138567361 kmers; need 9.862 GB to sort     22061292 kmers
Used 105.014 GB / 1511.166 GB to store  14163720926 kmers; need 9.886 GB to sort     22114090 kmers
Used 105.136 GB / 1511.166 GB to store  14190969845 kmers; need 9.897 GB to sort     22139756 kmers
Used 105.240 GB / 1511.166 GB to store  14214027689 kmers; need 9.920 GB to sort     22190480 kmers
Used 105.372 GB / 1511.166 GB to store  14243373617 kmers; need 9.938 GB to sort     22231989 kmers
Used 105.484 GB / 1511.166 GB to store  14268527234 kmers; need 9.952 GB to sort     22261382 kmers
Used 105.607 GB / 1511.166 GB to store  14295776864 kmers; need 9.961 GB to sort     22282225 kmers
Used 105.721 GB / 1511.166 GB to store  14320930831 kmers; need 9.983 GB to sort     22331299 kmers
Used 105.834 GB / 1511.166 GB to store  14346084270 kmers; need 10.003 GB to sort     22376509 kmers
Used 105.957 GB / 1511.166 GB to store  14373333220 kmers; need 10.011 GB to sort     22395163 kmers
Used 106.061 GB / 1511.166 GB to store  14396391150 kmers; need 10.039 GB to sort     22456309 kmers
Used 106.184 GB / 1511.166 GB to store  14423640863 kmers; need 10.048 GB to sort     22475939 kmers
Used 106.297 GB / 1511.166 GB to store  14448794143 kmers; need 10.065 GB to sort     22515015 kmers
Used 106.401 GB / 1511.166 GB to store  14471850924 kmers; need 10.092 GB to sort     22575543 kmers
Used 106.514 GB / 1511.166 GB to store  14497003641 kmers; need 10.106 GB to sort     22607456 kmers
Used 106.627 GB / 1511.166 GB to store  14522157142 kmers; need 10.123 GB to sort     22643924 kmers
Used 106.739 GB / 1511.166 GB to store  14547310354 kmers; need 10.136 GB to sort     22674199 kmers
Used 106.853 GB / 1511.166 GB to store  14572462924 kmers; need 10.157 GB to sort     22720867 kmers
Used 106.976 GB / 1511.166 GB to store  14599711928 kmers; need 10.163 GB to sort     22734570 kmers
Used 107.080 GB / 1511.166 GB to store  14622769250 kmers; need 10.186 GB to sort     22786034 kmers
Used 107.194 GB / 1511.166 GB to store  14647922923 kmers; need 10.199 GB to sort     22815228 kmers
Used 107.307 GB / 1511.166 GB to store  14673075541 kmers; need 10.217 GB to sort     22855798 kmers
Used 107.411 GB / 1511.166 GB to store  14696132563 kmers; need 10.247 GB to sort     22922476 kmers
Used 107.534 GB / 1511.166 GB to store  14723381972 kmers; need 10.252 GB to sort     22934357 kmers
Used 107.647 GB / 1511.166 GB to store  14748535550 kmers; need 10.274 GB to sort     22982689 kmers
Used 107.760 GB / 1511.166 GB to store  14773684510 kmers; need 10.297 GB to sort     23034178 kmers
Used 107.882 GB / 1511.166 GB to store  14800930867 kmers; need 10.304 GB to sort     23048582 kmers
Used 107.986 GB / 1511.166 GB to store  14823985965 kmers; need 10.326 GB to sort     23099969 kmers
Used 108.099 GB / 1511.166 GB to store  14849137368 kmers; need 10.345 GB to sort     23140947 kmers
Used 108.213 GB / 1511.166 GB to store  14874288178 kmers; need 10.359 GB to sort     23173121 kmers
Used 108.326 GB / 1511.166 GB to store  14899439386 kmers; need 10.375 GB to sort     23207932 kmers
Used 108.440 GB / 1511.166 GB to store  14924590462 kmers; need 10.393 GB to sort     23248630 kmers
Used 108.553 GB / 1511.166 GB to store  14949742464 kmers; need 10.407 GB to sort     23279165 kmers
Used 108.667 GB / 1511.166 GB to store  14974894211 kmers; need 10.418 GB to sort     23304167 kmers
Used 108.771 GB / 1511.166 GB to store  14997950533 kmers; need 10.443 GB to sort     23360730 kmers
Used 108.894 GB / 1511.166 GB to store  15025198232 kmers; need 10.453 GB to sort     23383333 kmers
Used 109.007 GB / 1511.166 GB to store  15050351692 kmers; need 10.469 GB to sort     23419140 kmers
Used 109.110 GB / 1511.166 GB to store  15073409078 kmers; need 10.499 GB to sort     23485951 kmers
Used 109.233 GB / 1511.166 GB to store  15100658846 kmers; need 10.506 GB to sort     23501902 kmers
Used 109.356 GB / 1511.166 GB to store  15127909178 kmers; need 10.518 GB to sort     23528396 kmers
Used 109.450 GB / 1511.166 GB to store  15148870366 kmers; need 10.550 GB to sort     23599402 kmers
Used 109.573 GB / 1511.166 GB to store  15176120168 kmers; need 10.568 GB to sort     23641302 kmers
Used 109.696 GB / 1511.166 GB to store  15203369872 kmers; need 10.572 GB to sort     23649647 kmers
Used 109.800 GB / 1511.166 GB to store  15226427584 kmers; need 10.594 GB to sort     23699402 kmers
Used 109.913 GB / 1511.166 GB to store  15251581190 kmers; need 10.613 GB to sort     23739774 kmers
Used 110.026 GB / 1511.166 GB to store  15276735227 kmers; need 10.624 GB to sort     23766593 kmers
Used 110.130 GB / 1511.166 GB to store  15299793669 kmers; need 10.654 GB to sort     23832341 kmers
Used 110.253 GB / 1511.166 GB to store  15327043499 kmers; need 10.676 GB to sort     23881380 kmers
Used 110.366 GB / 1511.166 GB to store  15352198586 kmers; need 10.694 GB to sort     23921341 kmers
Used 110.479 GB / 1511.166 GB to store  15377352876 kmers; need 10.710 GB to sort     23956760 kmers
Used 110.612 GB / 1511.166 GB to store  15406698738 kmers; need 10.711 GB to sort     23959928 kmers
Used 110.706 GB / 1511.166 GB to store  15427660507 kmers; need 10.744 GB to sort     24034504 kmers
Used 110.830 GB / 1511.166 GB to store  15454910837 kmers; need 10.753 GB to sort     24054960 kmers
Used 110.953 GB / 1511.166 GB to store  15482160624 kmers; need 10.763 GB to sort     24075405 kmers
Used 111.048 GB / 1511.166 GB to store  15503121062 kmers; need 10.797 GB to sort     24152911 kmers
Used 111.160 GB / 1511.166 GB to store  15528275277 kmers; need 10.811 GB to sort     24183146 kmers
Used 111.264 GB / 1511.166 GB to store  15551332852 kmers; need 10.835 GB to sort     24236691 kmers
Used 111.395 GB / 1511.166 GB to store  15580679512 kmers; need 10.835 GB to sort     24238019 kmers
Used 111.500 GB / 1511.166 GB to store  15603737660 kmers; need 10.864 GB to sort     24301318 kmers
Used 111.613 GB / 1511.166 GB to store  15628892323 kmers; need 10.877 GB to sort     24330600 kmers
Used 111.727 GB / 1511.166 GB to store  15654045205 kmers; need 10.900 GB to sort     24382251 kmers
Used 111.840 GB / 1511.166 GB to store  15679199341 kmers; need 10.919 GB to sort     24425037 kmers
Used 111.962 GB / 1511.166 GB to store  15706450321 kmers; need 10.931 GB to sort     24451858 kmers
Used 112.076 GB / 1511.166 GB to store  15731603480 kmers; need 10.949 GB to sort     24492454 kmers
Used 112.189 GB / 1511.166 GB to store  15756758314 kmers; need 10.963 GB to sort     24523552 kmers
Used 112.302 GB / 1511.166 GB to store  15781912674 kmers; need 10.984 GB to sort     24570024 kmers
Used 112.416 GB / 1511.166 GB to store  15807066032 kmers; need 11.003 GB to sort     24612332 kmers
Used 112.538 GB / 1511.166 GB to store  15834315801 kmers; need 11.021 GB to sort     24653825 kmers
Used 112.651 GB / 1511.166 GB to store  15859470268 kmers; need 11.034 GB to sort     24682742 kmers
Used 112.756 GB / 1511.166 GB to store  15882528729 kmers; need 11.059 GB to sort     24738755 kmers
Used 112.869 GB / 1511.166 GB to store  15907683179 kmers; need 11.072 GB to sort     24768687 kmers
Used 112.973 GB / 1511.166 GB to store  15930741020 kmers; need 11.096 GB to sort     24820419 kmers
Used 113.077 GB / 1511.166 GB to store  15953799371 kmers; need 11.121 GB to sort     24877426 kmers
Used 113.181 GB / 1511.166 GB to store  15976857597 kmers; need 11.145 GB to sort     24931302 kmers
Used 113.304 GB / 1511.166 GB to store  16004108462 kmers; need 11.154 GB to sort     24952037 kmers
Used 113.416 GB / 1511.166 GB to store  16029263021 kmers; need 11.183 GB to sort     25016763 kmers
Used 113.539 GB / 1511.166 GB to store  16056514047 kmers; need 11.190 GB to sort     25032184 kmers
Used 113.634 GB / 1511.166 GB to store  16077475594 kmers; need 11.224 GB to sort     25108513 kmers
Used 113.766 GB / 1511.166 GB to store  16106821776 kmers; need 11.226 GB to sort     25113177 kmers
Used 113.861 GB / 1511.166 GB to store  16127784102 kmers; need 11.258 GB to sort     25184780 kmers
Used 113.984 GB / 1511.166 GB to store  16155034902 kmers; need 11.261 GB to sort     25190078 kmers
Used 114.087 GB / 1511.166 GB to store  16178094039 kmers; need 11.283 GB to sort     25238959 kmers
Used 114.211 GB / 1511.166 GB to store  16205344212 kmers; need 11.288 GB to sort     25251096 kmers
Used 114.304 GB / 1511.166 GB to store  16226306463 kmers; need 11.326 GB to sort     25334915 kmers
Used 114.428 GB / 1511.166 GB to store  16253556453 kmers; need 11.334 GB to sort     25354704 kmers
Used 114.550 GB / 1511.166 GB to store  16280806531 kmers; need 11.337 GB to sort     25361211 kmers
Used 114.653 GB / 1511.166 GB to store  16303865192 kmers; need 11.364 GB to sort     25421220 kmers
Used 114.758 GB / 1511.166 GB to store  16326923435 kmers; need 11.388 GB to sort     25473512 kmers
Used 114.881 GB / 1511.166 GB to store  16354174018 kmers; need 11.395 GB to sort     25489997 kmers
Used 114.994 GB / 1511.166 GB to store  16379329302 kmers; need 11.408 GB to sort     25518161 kmers
Used 115.117 GB / 1511.166 GB to store  16406579228 kmers; need 11.414 GB to sort     25533661 kmers
Used 115.211 GB / 1511.166 GB to store  16427541278 kmers; need 11.450 GB to sort     25613479 kmers
Used 115.335 GB / 1511.166 GB to store  16454792016 kmers; need 11.457 GB to sort     25629308 kmers
Used 115.447 GB / 1511.166 GB to store  16479946288 kmers; need 11.470 GB to sort     25657350 kmers
Used 115.551 GB / 1511.166 GB to store  16503004922 kmers; need 11.497 GB to sort     25717335 kmers
Used 115.665 GB / 1511.166 GB to store  16528159764 kmers; need 11.515 GB to sort     25759528 kmers
Used 115.797 GB / 1511.166 GB to store  16557506680 kmers; need 11.515 GB to sort     25759528 kmers
Used 115.901 GB / 1511.166 GB to store  16580565104 kmers; need 11.542 GB to sort     25818856 kmers
Used 116.005 GB / 1511.166 GB to store  16603623546 kmers; need 11.564 GB to sort     25867586 kmers
Used 116.128 GB / 1511.166 GB to store  16630874012 kmers; need 11.573 GB to sort     25889407 kmers
Used 116.241 GB / 1511.166 GB to store  16656028356 kmers; need 11.595 GB to sort     25936971 kmers
Used 116.354 GB / 1511.166 GB to store  16681183391 kmers; need 11.611 GB to sort     25973152 kmers
Used 116.467 GB / 1511.166 GB to store  16706337407 kmers; need 11.628 GB to sort     26011281 kmers
Used 116.590 GB / 1511.166 GB to store  16733588088 kmers; need 11.655 GB to sort     26071255 kmers
Used 116.713 GB / 1511.166 GB to store  16760839106 kmers; need 11.664 GB to sort     26091848 kmers
Used 116.816 GB / 1511.166 GB to store  16783896741 kmers; need 11.689 GB to sort     26147647 kmers
Used 116.939 GB / 1511.166 GB to store  16811147838 kmers; need 11.696 GB to sort     26163067 kmers
Used 117.042 GB / 1511.166 GB to store  16834206101 kmers; need 11.726 GB to sort     26230703 kmers
Used 117.156 GB / 1511.166 GB to store  16859360029 kmers; need 11.743 GB to sort     26267727 kmers
Used 117.279 GB / 1511.166 GB to store  16886610602 kmers; need 11.745 GB to sort     26272589 kmers
Used 117.393 GB / 1511.166 GB to store  16911765180 kmers; need 11.761 GB to sort     26309472 kmers
Used 117.498 GB / 1511.166 GB to store  16934823656 kmers; need 11.785 GB to sort     26361880 kmers
Used 117.620 GB / 1511.166 GB to store  16962074427 kmers; need 11.803 GB to sort     26402351 kmers
Used 117.733 GB / 1511.166 GB to store  16987228895 kmers; need 11.816 GB to sort     26431725 kmers
Used 117.846 GB / 1511.166 GB to store  17012383647 kmers; need 11.849 GB to sort     26504917 kmers
Used 117.979 GB / 1511.166 GB to store  17041731217 kmers; need 11.849 GB to sort     26504917 kmers
Used 118.082 GB / 1511.166 GB to store  17064789549 kmers; need 11.873 GB to sort     26558950 kmers
Used 118.205 GB / 1511.166 GB to store  17092040874 kmers; need 11.882 GB to sort     26578716 kmers
Used 118.300 GB / 1511.166 GB to store  17113002737 kmers; need 11.916 GB to sort     26656741 kmers
Used 118.432 GB / 1511.166 GB to store  17142348812 kmers; need 11.916 GB to sort     26656741 kmers
Used 118.545 GB / 1511.166 GB to store  17167502993 kmers; need 11.929 GB to sort     26683938 kmers
Used 118.659 GB / 1511.166 GB to store  17192657398 kmers; need 11.945 GB to sort     26721202 kmers
Used 118.735 GB / 1511.166 GB to store  17209426863 kmers; need 11.997 GB to sort     26837384 kmers
Used 118.866 GB / 1511.166 GB to store  17238773421 kmers; need 11.997 GB to sort     26837384 kmers
Used 118.989 GB / 1511.166 GB to store  17266023177 kmers; need 12.000 GB to sort     26842542 kmers
Used 119.104 GB / 1511.166 GB to store  17291177141 kmers; need 12.024 GB to sort     26897214 kmers
Used 119.216 GB / 1511.166 GB to store  17316331261 kmers; need 12.039 GB to sort     26929894 kmers
Used 119.320 GB / 1511.166 GB to store  17339389462 kmers; need 12.069 GB to sort     26997359 kmers
Used 119.453 GB / 1511.166 GB to store  17368735732 kmers; need 12.070 GB to sort     26999798 kmers
Used 119.566 GB / 1511.166 GB to store  17393889384 kmers; need 12.086 GB to sort     27036441 kmers
Used 119.679 GB / 1511.166 GB to store  17419043249 kmers; need 12.104 GB to sort     27076953 kmers
Used 119.773 GB / 1511.166 GB to store  17440005154 kmers; need 12.143 GB to sort     27164122 kmers
Used 119.905 GB / 1511.166 GB to store  17469350602 kmers; need 12.145 GB to sort     27168053 kmers
Used 120.019 GB / 1511.166 GB to store  17494505148 kmers; need 12.170 GB to sort     27224060 kmers
Used 120.131 GB / 1511.166 GB to store  17519658778 kmers; need 12.205 GB to sort     27301017 kmers
Used 120.245 GB / 1511.166 GB to store  17544812168 kmers; need 12.221 GB to sort     27337122 kmers
Used 120.377 GB / 1511.166 GB to store  17574158677 kmers; need 12.221 GB to sort     27337122 kmers
Used 120.491 GB / 1511.166 GB to store  17599311661 kmers; need 12.237 GB to sort     27374336 kmers
Used 120.586 GB / 1511.166 GB to store  17620273079 kmers; need 12.275 GB to sort     27459257 kmers
Used 120.698 GB / 1511.166 GB to store  17645426987 kmers; need 12.296 GB to sort     27505125 kmers
Used 120.830 GB / 1511.166 GB to store  17674772909 kmers; need 12.297 GB to sort     27506877 kmers
Used 120.953 GB / 1511.166 GB to store  17702022985 kmers; need 12.307 GB to sort     27529255 kmers
Used 121.057 GB / 1511.166 GB to store  17725081142 kmers; need 12.349 GB to sort     27623405 kmers
Used 121.189 GB / 1511.166 GB to store  17754426650 kmers; need 12.349 GB to sort     27624885 kmers
Used 121.302 GB / 1511.166 GB to store  17779580771 kmers; need 12.368 GB to sort     27667290 kmers
Used 121.416 GB / 1511.166 GB to store  17804733970 kmers; need 12.387 GB to sort     27708892 kmers
Used 121.529 GB / 1511.166 GB to store  17829887196 kmers; need 12.422 GB to sort     27788229 kmers
Used 121.661 GB / 1511.166 GB to store  17859231943 kmers; need 12.422 GB to sort     27788229 kmers
Used 121.774 GB / 1511.166 GB to store  17884385105 kmers; need 12.444 GB to sort     27835652 kmers
Used 121.889 GB / 1511.166 GB to store  17909538333 kmers; need 12.454 GB to sort     27859393 kmers
Used 122.002 GB / 1511.166 GB to store  17934692294 kmers; need 12.469 GB to sort     27892640 kmers
Used 122.124 GB / 1511.166 GB to store  17961941536 kmers; need 12.482 GB to sort     27921311 kmers
Used 122.238 GB / 1511.166 GB to store  17987095704 kmers; need 12.498 GB to sort     27957950 kmers
Used 122.351 GB / 1511.166 GB to store  18012248852 kmers; need 12.514 GB to sort     27993431 kmers
Used 122.454 GB / 1511.166 GB to store  18035306000 kmers; need 12.544 GB to sort     28059775 kmers
Used 122.577 GB / 1511.166 GB to store  18062555490 kmers; need 12.550 GB to sort     28074046 kmers
Used 122.681 GB / 1511.166 GB to store  18085612282 kmers; need 12.579 GB to sort     28139137 kmers
Used 122.794 GB / 1511.166 GB to store  18110765897 kmers; need 12.597 GB to sort     28178641 kmers
Used 122.918 GB / 1511.166 GB to store  18138015898 kmers; need 12.600 GB to sort     28185519 kmers
Used 123.003 GB / 1511.166 GB to store  18156880600 kmers; need 12.643 GB to sort     28282094 kmers
Used 123.135 GB / 1511.166 GB to store  18186224906 kmers; need 12.643 GB to sort     28282094 kmers
Used 123.259 GB / 1511.166 GB to store  18213475325 kmers; need 12.655 GB to sort     28308262 kmers
Used 123.363 GB / 1511.166 GB to store  18236533364 kmers; need 12.683 GB to sort     28371411 kmers
Used 123.466 GB / 1511.166 GB to store  18259590295 kmers; need 12.711 GB to sort     28434048 kmers
Used 123.598 GB / 1511.166 GB to store  18288936411 kmers; need 12.711 GB to sort     28434048 kmers
Used 123.720 GB / 1511.166 GB to store  18316185657 kmers; need 12.724 GB to sort     28463361 kmers
Used 123.834 GB / 1511.166 GB to store  18341339167 kmers; need 12.738 GB to sort     28495326 kmers
Used 123.928 GB / 1511.166 GB to store  18362300078 kmers; need 12.771 GB to sort     28568223 kmers
Used 124.052 GB / 1511.166 GB to store  18389549239 kmers; need 12.773 GB to sort     28572253 kmers
Used 124.174 GB / 1511.166 GB to store  18416798290 kmers; need 12.783 GB to sort     28596045 kmers
Used 124.287 GB / 1511.166 GB to store  18441950935 kmers; need 12.801 GB to sort     28635887 kmers
Used 124.381 GB / 1511.166 GB to store  18462911779 kmers; need 12.839 GB to sort     28719956 kmers
Used 124.513 GB / 1511.166 GB to store  18492257489 kmers; need 12.839 GB to sort     28719956 kmers
Used 124.636 GB / 1511.166 GB to store  18519506826 kmers; need 12.850 GB to sort     28745259 kmers
Used 124.750 GB / 1511.166 GB to store  18544660059 kmers; need 12.866 GB to sort     28780908 kmers
Used 124.853 GB / 1511.166 GB to store  18567716824 kmers; need 12.891 GB to sort     28836646 kmers
Used 124.976 GB / 1511.166 GB to store  18594966483 kmers; need 12.900 GB to sort     28855720 kmers
Used 125.081 GB / 1511.166 GB to store  18618023484 kmers; need 12.921 GB to sort     28904404 kmers
Used 125.193 GB / 1511.166 GB to store  18643177190 kmers; need 12.937 GB to sort     28939872 kmers
Used 125.317 GB / 1511.166 GB to store  18670426028 kmers; need 12.944 GB to sort     28956018 kmers
Used 125.420 GB / 1511.166 GB to store  18693482362 kmers; need 12.968 GB to sort     29009546 kmers
Used 125.542 GB / 1511.166 GB to store  18720731812 kmers; need 12.980 GB to sort     29035808 kmers
Used 125.656 GB / 1511.166 GB to store  18745882823 kmers; need 12.998 GB to sort     29076506 kmers
Used 125.780 GB / 1511.166 GB to store  18773131829 kmers; need 13.002 GB to sort     29085911 kmers
Used 125.882 GB / 1511.166 GB to store  18796190231 kmers; need 13.025 GB to sort     29137461 kmers
Used 125.997 GB / 1511.166 GB to store  18821343880 kmers; need 13.043 GB to sort     29176056 kmers
Used 126.120 GB / 1511.166 GB to store  18848594524 kmers; need 13.053 GB to sort     29198474 kmers
Used 126.223 GB / 1511.166 GB to store  18871652186 kmers; need 13.080 GB to sort     29258694 kmers
Used 126.336 GB / 1511.166 GB to store  18896806064 kmers; need 13.097 GB to sort     29297985 kmers
Used 126.468 GB / 1511.166 GB to store  18926152227 kmers; need 13.101 GB to sort     29306877 kmers
Used 126.572 GB / 1511.166 GB to store  18949210363 kmers; need 13.129 GB to sort     29369254 kmers
Used 126.695 GB / 1511.166 GB to store  18976461045 kmers; need 13.141 GB to sort     29395612 kmers
Used 126.809 GB / 1511.166 GB to store  19001615925 kmers; need 13.161 GB to sort     29441310 kmers
Used 126.922 GB / 1511.166 GB to store  19026769963 kmers; need 13.176 GB to sort     29474435 kmers
Used 127.035 GB / 1511.166 GB to store  19051923877 kmers; need 13.199 GB to sort     29526220 kmers
Used 127.157 GB / 1511.166 GB to store  19079173567 kmers; need 13.216 GB to sort     29563250 kmers
Used 127.270 GB / 1511.166 GB to store  19104327752 kmers; need 13.235 GB to sort     29605371 kmers
Used 127.383 GB / 1511.166 GB to store  19129480694 kmers; need 13.253 GB to sort     29645348 kmers
Used 127.498 GB / 1511.166 GB to store  19154634510 kmers; need 13.263 GB to sort     29669545 kmers
Used 127.620 GB / 1511.166 GB to store  19181885277 kmers; need 13.279 GB to sort     29703542 kmers
Used 127.733 GB / 1511.166 GB to store  19207039798 kmers; need 13.297 GB to sort     29744079 kmers
Used 127.847 GB / 1511.166 GB to store  19232193862 kmers; need 13.314 GB to sort     29781808 kmers
Used 127.951 GB / 1511.166 GB to store  19255251762 kmers; need 13.339 GB to sort     29839183 kmers
Used 128.073 GB / 1511.166 GB to store  19282502318 kmers; need 13.349 GB to sort     29860167 kmers
Used 128.177 GB / 1511.166 GB to store  19305560000 kmers; need 13.371 GB to sort     29911479 kmers
Used 128.292 GB / 1511.166 GB to store  19330713454 kmers; need 13.382 GB to sort     29934845 kmers
Used 128.414 GB / 1511.166 GB to store  19357964714 kmers; need 13.394 GB to sort     29961390 kmers
Used 128.527 GB / 1511.166 GB to store  19383118941 kmers; need 13.414 GB to sort     30005557 kmers
Used 128.640 GB / 1511.166 GB to store  19408273495 kmers; need 13.432 GB to sort     30046242 kmers
Used 128.754 GB / 1511.166 GB to store  19433428134 kmers; need 13.445 GB to sort     30075349 kmers
Used 128.877 GB / 1511.166 GB to store  19460678907 kmers; need 13.455 GB to sort     30097306 kmers
Used 128.972 GB / 1511.166 GB to store  19481640675 kmers; need 13.486 GB to sort     30166555 kmers
Used 129.085 GB / 1511.166 GB to store  19506795095 kmers; need 13.505 GB to sort     30209695 kmers
Used 129.217 GB / 1511.166 GB to store  19536141804 kmers; need 13.505 GB to sort     30209695 kmers
Used 129.329 GB / 1511.166 GB to store  19561295997 kmers; need 13.519 GB to sort     30242319 kmers
Used 129.443 GB / 1511.166 GB to store  19586450063 kmers; need 13.535 GB to sort     30276958 kmers
Used 129.547 GB / 1511.166 GB to store  19609507406 kmers; need 13.564 GB to sort     30343057 kmers
Used 129.670 GB / 1511.166 GB to store  19636757231 kmers; need 13.578 GB to sort     30373002 kmers
Used 129.783 GB / 1511.166 GB to store  19661911000 kmers; need 13.592 GB to sort     30403765 kmers
Used 129.887 GB / 1511.166 GB to store  19684968915 kmers; need 13.622 GB to sort     30471346 kmers
Used 129.992 GB / 1511.166 GB to store  19708027486 kmers; need 13.645 GB to sort     30523564 kmers
Used 130.124 GB / 1511.166 GB to store  19737373899 kmers; need 13.645 GB to sort     30523564 kmers
Used 130.255 GB / 1511.166 GB to store  19766721167 kmers; need 13.653 GB to sort     30540134 kmers
Used 130.350 GB / 1511.166 GB to store  19787683346 kmers; need 13.690 GB to sort     30623908 kmers
Used 130.482 GB / 1511.166 GB to store  19817030390 kmers; need 13.690 GB to sort     30623908 kmers
Used 130.577 GB / 1511.166 GB to store  19837992794 kmers; need 13.726 GB to sort     30705650 kmers
Used 130.710 GB / 1511.166 GB to store  19867339638 kmers; need 13.726 GB to sort     30705650 kmers
Used 130.813 GB / 1511.166 GB to store  19890397106 kmers; need 13.756 GB to sort     30771397 kmers
Used 130.946 GB / 1511.166 GB to store  19919744040 kmers; need 13.756 GB to sort     30771397 kmers
Used 131.041 GB / 1511.166 GB to store  19940705820 kmers; need 13.787 GB to sort     30840299 kmers
Used 131.154 GB / 1511.166 GB to store  19965860284 kmers; need 13.801 GB to sort     30872411 kmers
Used 131.267 GB / 1511.166 GB to store  19991014549 kmers; need 13.817 GB to sort     30908508 kmers
Used 131.380 GB / 1511.166 GB to store  20016168735 kmers; need 13.832 GB to sort     30942487 kmers
Used 131.495 GB / 1511.166 GB to store  20041322771 kmers; need 13.846 GB to sort     30973700 kmers
Used 131.599 GB / 1511.166 GB to store  20064381600 kmers; need 13.870 GB to sort     31025932 kmers
Used 131.712 GB / 1511.166 GB to store  20089536102 kmers; need 13.904 GB to sort     31102355 kmers
Used 131.815 GB / 1511.166 GB to store  20112594282 kmers; need 13.926 GB to sort     31152777 kmers
Used 131.919 GB / 1511.166 GB to store  20135652520 kmers; need 13.951 GB to sort     31207349 kmers
Used 132.052 GB / 1511.166 GB to store  20164999750 kmers; need 13.951 GB to sort     31207349 kmers
Used 132.173 GB / 1511.166 GB to store  20192250719 kmers; need 13.961 GB to sort     31229375 kmers
Used 132.267 GB / 1511.166 GB to store  20213212360 kmers; need 13.994 GB to sort     31304141 kmers
Used 132.362 GB / 1511.166 GB to store  20234174219 kmers; need 14.035 GB to sort     31394819 kmers
Used 132.495 GB / 1511.166 GB to store  20263521538 kmers; need 14.035 GB to sort     31394819 kmers
Used 132.617 GB / 1511.166 GB to store  20290771817 kmers; need 14.042 GB to sort     31410723 kmers
Used 132.730 GB / 1511.166 GB to store  20315926986 kmers; need 14.054 GB to sort     31439220 kmers
Used 132.844 GB / 1511.166 GB to store  20341082153 kmers; need 14.071 GB to sort     31475604 kmers
Used 132.938 GB / 1511.166 GB to store  20362044015 kmers; need 14.106 GB to sort     31555396 kmers
Used 133.071 GB / 1511.166 GB to store  20391391801 kmers; need 14.112 GB to sort     31569034 kmers
Used 133.184 GB / 1511.166 GB to store  20416546006 kmers; need 14.126 GB to sort     31600183 kmers
Used 133.297 GB / 1511.166 GB to store  20441700144 kmers; need 14.148 GB to sort     31648615 kmers
Used 133.402 GB / 1511.166 GB to store  20464758415 kmers; need 14.171 GB to sort     31699729 kmers
Used 133.524 GB / 1511.166 GB to store  20492009801 kmers; need 14.178 GB to sort     31716672 kmers
Used 133.637 GB / 1511.166 GB to store  20517164355 kmers; need 14.195 GB to sort     31753862 kmers
Used 133.750 GB / 1511.166 GB to store  20542318982 kmers; need 14.212 GB to sort     31791868 kmers
Used 133.864 GB / 1511.166 GB to store  20567473618 kmers; need 14.225 GB to sort     31820837 kmers
Used 133.977 GB / 1511.166 GB to store  20592628017 kmers; need 14.238 GB to sort     31849174 kmers
Used 134.090 GB / 1511.166 GB to store  20617782953 kmers; need 14.261 GB to sort     31900386 kmers
Used 134.193 GB / 1511.166 GB to store  20640841463 kmers; need 14.289 GB to sort     31964506 kmers
Used 134.326 GB / 1511.166 GB to store  20670188200 kmers; need 14.313 GB to sort     32016741 kmers
Used 134.449 GB / 1511.166 GB to store  20697439356 kmers; need 14.316 GB to sort     32024569 kmers
Used 134.562 GB / 1511.166 GB to store  20722593664 kmers; need 14.335 GB to sort     32066234 kmers
Used 134.675 GB / 1511.166 GB to store  20747747491 kmers; need 14.355 GB to sort     32111026 kmers
Used 134.798 GB / 1511.166 GB to store  20774998258 kmers; need 14.368 GB to sort     32140887 kmers
Used 134.911 GB / 1511.166 GB to store  20800152702 kmers; need 14.380 GB to sort     32168617 kmers
Used 135.005 GB / 1511.166 GB to store  20821114980 kmers; need 14.418 GB to sort     32251420 kmers
Used 135.137 GB / 1511.166 GB to store  20850461965 kmers; need 14.418 GB to sort     32251420 kmers
Used 135.260 GB / 1511.166 GB to store  20877712325 kmers; need 14.428 GB to sort     32274281 kmers
Used 135.364 GB / 1511.166 GB to store  20900771022 kmers; need 14.449 GB to sort     32321940 kmers
Used 135.467 GB / 1511.166 GB to store  20923828960 kmers; need 14.478 GB to sort     32385776 kmers
Used 135.591 GB / 1511.166 GB to store  20951080204 kmers; need 14.483 GB to sort     32397422 kmers
Used 135.713 GB / 1511.166 GB to store  20978331366 kmers; need 14.492 GB to sort     32418556 kmers
Used 135.827 GB / 1511.166 GB to store  21003486092 kmers; need 14.513 GB to sort     32463924 kmers
Used 135.931 GB / 1511.166 GB to store  21026544183 kmers; need 14.537 GB to sort     32519387 kmers
Used 136.053 GB / 1511.166 GB to store  21053795206 kmers; need 14.542 GB to sort     32530214 kmers
Used 136.176 GB / 1511.166 GB to store  21081046092 kmers; need 14.555 GB to sort     32560073 kmers
Used 136.281 GB / 1511.166 GB to store  21104104334 kmers; need 14.596 GB to sort     32650909 kmers
Used 136.385 GB / 1511.166 GB to store  21127163016 kmers; need 14.620 GB to sort     32704032 kmers
Used 136.517 GB / 1511.166 GB to store  21156509712 kmers; need 14.623 GB to sort     32711673 kmers
Used 136.630 GB / 1511.166 GB to store  21181664566 kmers; need 14.639 GB to sort     32745912 kmers
Used 136.744 GB / 1511.166 GB to store  21206818301 kmers; need 14.656 GB to sort     32785642 kmers
Used 136.848 GB / 1511.166 GB to store  21229876607 kmers; need 14.685 GB to sort     32849083 kmers
Used 136.970 GB / 1511.166 GB to store  21257127446 kmers; need 14.693 GB to sort     32867654 kmers
Used 137.074 GB / 1511.166 GB to store  21280185483 kmers; need 14.716 GB to sort     32918637 kmers
Used 137.187 GB / 1511.166 GB to store  21305341026 kmers; need 14.736 GB to sort     32962901 kmers
Used 137.310 GB / 1511.166 GB to store  21332591958 kmers; need 14.740 GB to sort     32973422 kmers
Used 137.423 GB / 1511.166 GB to store  21357746423 kmers; need 14.759 GB to sort     33014327 kmers
Used 137.536 GB / 1511.166 GB to store  21382900629 kmers; need 14.788 GB to sort     33080676 kmers
Used 137.669 GB / 1511.166 GB to store  21412247157 kmers; need 14.788 GB to sort     33080676 kmers
Used 137.783 GB / 1511.166 GB to store  21437401082 kmers; need 14.822 GB to sort     33155541 kmers
Used 137.915 GB / 1511.166 GB to store  21466747637 kmers; need 14.822 GB to sort     33155541 kmers
Used 138.019 GB / 1511.166 GB to store  21489806269 kmers; need 14.845 GB to sort     33207816 kmers
Used 138.141 GB / 1511.166 GB to store  21517056504 kmers; need 14.854 GB to sort     33227897 kmers
Used 138.245 GB / 1511.166 GB to store  21540114704 kmers; need 14.876 GB to sort     33277316 kmers
Used 138.348 GB / 1511.166 GB to store  21563173372 kmers; need 14.907 GB to sort     33345978 kmers
Used 138.472 GB / 1511.166 GB to store  21590423933 kmers; need 14.914 GB to sort     33362196 kmers
Used 138.585 GB / 1511.166 GB to store  21615578281 kmers; need 14.927 GB to sort     33390695 kmers
Used 138.698 GB / 1511.166 GB to store  21640732088 kmers; need 14.943 GB to sort     33427289 kmers
Used 138.803 GB / 1511.166 GB to store  21663790292 kmers; need 14.967 GB to sort     33481174 kmers
Used 138.926 GB / 1511.166 GB to store  21691041374 kmers; need 14.975 GB to sort     33499280 kmers
Used 139.038 GB / 1511.166 GB to store  21716195845 kmers; need 14.990 GB to sort     33532920 kmers
Used 139.143 GB / 1511.166 GB to store  21739253524 kmers; need 15.027 GB to sort     33615772 kmers
Used 139.265 GB / 1511.166 GB to store  21766504473 kmers; need 15.036 GB to sort     33634760 kmers
Used 139.387 GB / 1511.166 GB to store  21793755185 kmers; need 15.044 GB to sort     33652944 kmers
Used 139.491 GB / 1511.166 GB to store  21816812050 kmers; need 15.072 GB to sort     33716603 kmers
Used 139.614 GB / 1511.166 GB to store  21844062368 kmers; need 15.083 GB to sort     33740334 kmers
Used 139.737 GB / 1511.166 GB to store  21871312528 kmers; need 15.088 GB to sort     33751482 kmers
Used 139.812 GB / 1511.166 GB to store  21888081490 kmers; need 15.160 GB to sort     33912448 kmers
Used 139.926 GB / 1511.166 GB to store  21913235002 kmers; need 15.175 GB to sort     33946606 kmers
Used 140.058 GB / 1511.166 GB to store  21942581689 kmers; need 15.175 GB to sort     33946606 kmers
Used 140.190 GB / 1511.166 GB to store  21971927723 kmers; need 15.175 GB to sort     33946606 kmers
Used 140.314 GB / 1511.166 GB to store  21999177421 kmers; need 15.184 GB to sort     33966151 kmers
Used 140.417 GB / 1511.166 GB to store  22022234706 kmers; need 15.212 GB to sort     34028369 kmers
Used 140.539 GB / 1511.166 GB to store  22049483884 kmers; need 15.222 GB to sort     34049962 kmers
Used 140.643 GB / 1511.166 GB to store  22072541492 kmers; need 15.245 GB to sort     34101841 kmers
Used 140.766 GB / 1511.166 GB to store  22099791613 kmers; need 15.250 GB to sort     34113586 kmers
Used 140.879 GB / 1511.166 GB to store  22124945046 kmers; need 15.275 GB to sort     34169147 kmers
Used 140.992 GB / 1511.166 GB to store  22150098619 kmers; need 15.289 GB to sort     34201949 kmers
Used 141.116 GB / 1511.166 GB to store  22177348471 kmers; need 15.296 GB to sort     34216916 kmers
Used 141.209 GB / 1511.166 GB to store  22198309724 kmers; need 15.334 GB to sort     34302193 kmers
Used 141.333 GB / 1511.166 GB to store  22225559572 kmers; need 15.349 GB to sort     34334586 kmers
Used 141.435 GB / 1511.166 GB to store  22248616707 kmers; need 15.376 GB to sort     34395407 kmers
Used 141.559 GB / 1511.166 GB to store  22275866251 kmers; need 15.388 GB to sort     34422105 kmers
Used 141.673 GB / 1511.166 GB to store  22301019547 kmers; need 15.404 GB to sort     34457082 kmers
Used 141.785 GB / 1511.166 GB to store  22326173706 kmers; need 15.427 GB to sort     34509554 kmers
Used 141.889 GB / 1511.166 GB to store  22349231028 kmers; need 15.456 GB to sort     34574156 kmers
Used 142.012 GB / 1511.166 GB to store  22376480466 kmers; need 15.463 GB to sort     34589824 kmers
Used 142.117 GB / 1511.166 GB to store  22399537788 kmers; need 15.484 GB to sort     34636860 kmers
Used 142.212 GB / 1511.166 GB to store  22420498598 kmers; need 15.525 GB to sort     34729189 kmers
Used 142.344 GB / 1511.166 GB to store  22449844375 kmers; need 15.525 GB to sort     34729189 kmers
Used 142.457 GB / 1511.166 GB to store  22474997885 kmers; need 15.539 GB to sort     34761265 kmers
Used 142.581 GB / 1511.166 GB to store  22502248659 kmers; need 15.549 GB to sort     34781611 kmers
Used 142.684 GB / 1511.166 GB to store  22525305247 kmers; need 15.587 GB to sort     34866768 kmers
Used 142.817 GB / 1511.166 GB to store  22554650882 kmers; need 15.587 GB to sort     34866768 kmers
Used 142.930 GB / 1511.166 GB to store  22579804566 kmers; need 15.599 GB to sort     34893652 kmers
Used 143.043 GB / 1511.166 GB to store  22604958370 kmers; need 15.611 GB to sort     34922232 kmers
Used 143.156 GB / 1511.166 GB to store  22630111182 kmers; need 15.628 GB to sort     34959768 kmers
Used 143.270 GB / 1511.166 GB to store  22655264061 kmers; need 15.645 GB to sort     34996532 kmers
Used 143.383 GB / 1511.166 GB to store  22680417814 kmers; need 15.664 GB to sort     35038775 kmers
Used 143.496 GB / 1511.166 GB to store  22705570250 kmers; need 15.675 GB to sort     35064487 kmers
Used 143.609 GB / 1511.166 GB to store  22730723930 kmers; need 15.694 GB to sort     35107885 kmers
Used 143.713 GB / 1511.166 GB to store  22753781082 kmers; need 15.718 GB to sort     35160831 kmers
Used 143.836 GB / 1511.166 GB to store  22781029890 kmers; need 15.728 GB to sort     35183072 kmers
Used 143.949 GB / 1511.166 GB to store  22806183112 kmers; need 15.755 GB to sort     35243801 kmers
Used 144.044 GB / 1511.166 GB to store  22827144410 kmers; need 15.791 GB to sort     35323096 kmers
Used 144.166 GB / 1511.166 GB to store  22854394090 kmers; need 15.794 GB to sort     35330820 kmers
Used 144.271 GB / 1511.166 GB to store  22877450539 kmers; need 15.815 GB to sort     35378151 kmers
Used 144.394 GB / 1511.166 GB to store  22904699388 kmers; need 15.818 GB to sort     35385373 kmers
Used 144.507 GB / 1511.166 GB to store  22929851449 kmers; need 15.834 GB to sort     35420474 kmers
Used 144.619 GB / 1511.166 GB to store  22955003922 kmers; need 15.852 GB to sort     35460865 kmers
Used 144.732 GB / 1511.166 GB to store  22980156737 kmers; need 15.873 GB to sort     35508395 kmers
Used 144.846 GB / 1511.166 GB to store  23005310023 kmers; need 15.890 GB to sort     35544211 kmers
Used 144.960 GB / 1511.166 GB to store  23030462652 kmers; need 15.902 GB to sort     35571552 kmers
Used 145.074 GB / 1511.166 GB to store  23055615166 kmers; need 15.919 GB to sort     35610505 kmers
Used 145.187 GB / 1511.166 GB to store  23080767799 kmers; need 15.935 GB to sort     35645650 kmers
Used 145.300 GB / 1511.166 GB to store  23105920669 kmers; need 15.954 GB to sort     35689520 kmers
Used 145.404 GB / 1511.166 GB to store  23128976720 kmers; need 15.976 GB to sort     35736921 kmers
Used 145.526 GB / 1511.166 GB to store  23156225018 kmers; need 15.984 GB to sort     35754525 kmers
Used 145.631 GB / 1511.166 GB to store  23179281518 kmers; need 16.009 GB to sort     35810848 kmers
Used 145.753 GB / 1511.166 GB to store  23206529016 kmers; need 16.017 GB to sort     35829064 kmers
Used 145.856 GB / 1511.166 GB to store  23229582972 kmers; need 16.041 GB to sort     35882874 kmers
Used 145.971 GB / 1511.166 GB to store  23254735605 kmers; need 16.059 GB to sort     35924318 kmers
Used 146.094 GB / 1511.166 GB to store  23281986018 kmers; need 16.068 GB to sort     35943073 kmers
Used 146.197 GB / 1511.166 GB to store  23305044028 kmers; need 16.093 GB to sort     35998708 kmers
Used 146.310 GB / 1511.166 GB to store  23330197624 kmers; need 16.114 GB to sort     36045966 kmers
Used 146.433 GB / 1511.166 GB to store  23357447986 kmers; need 16.123 GB to sort     36067538 kmers
Used 146.536 GB / 1511.166 GB to store  23380505214 kmers; need 16.148 GB to sort     36122393 kmers
Used 146.651 GB / 1511.166 GB to store  23405659424 kmers; need 16.166 GB to sort     36162641 kmers
Used 146.754 GB / 1511.166 GB to store  23428717326 kmers; need 16.192 GB to sort     36221142 kmers
Used 146.877 GB / 1511.166 GB to store  23455966878 kmers; need 16.197 GB to sort     36231417 kmers
Used 146.991 GB / 1511.166 GB to store  23481120999 kmers; need 16.223 GB to sort     36291327 kmers
Used 147.113 GB / 1511.166 GB to store  23508371237 kmers; need 16.242 GB to sort     36332307 kmers
Used 147.226 GB / 1511.166 GB to store  23533526341 kmers; need 16.277 GB to sort     36411292 kmers
Used 147.349 GB / 1511.166 GB to store  23560776622 kmers; need 16.284 GB to sort     36426358 kmers
Used 147.452 GB / 1511.166 GB to store  23583834453 kmers; need 16.307 GB to sort     36478825 kmers
Used 147.585 GB / 1511.166 GB to store  23613181339 kmers; need 16.307 GB to sort     36478825 kmers
Used 147.688 GB / 1511.166 GB to store  23636239109 kmers; need 16.333 GB to sort     36536560 kmers
Used 147.810 GB / 1511.166 GB to store  23663489107 kmers; need 16.341 GB to sort     36555106 kmers
Used 147.924 GB / 1511.166 GB to store  23688643874 kmers; need 16.358 GB to sort     36592979 kmers
Used 148.037 GB / 1511.166 GB to store  23713798266 kmers; need 16.375 GB to sort     36630842 kmers
Used 148.150 GB / 1511.166 GB to store  23738953768 kmers; need 16.400 GB to sort     36686556 kmers
Used 148.273 GB / 1511.166 GB to store  23766203906 kmers; need 16.408 GB to sort     36704094 kmers
Used 148.387 GB / 1511.166 GB to store  23791357795 kmers; need 16.425 GB to sort     36741231 kmers
Used 148.492 GB / 1511.166 GB to store  23814415549 kmers; need 16.448 GB to sort     36793496 kmers
Used 148.604 GB / 1511.166 GB to store  23839570066 kmers; need 16.468 GB to sort     36838753 kmers
Used 148.708 GB / 1511.166 GB to store  23862628716 kmers; need 16.492 GB to sort     36891163 kmers
Used 148.822 GB / 1511.166 GB to store  23887782790 kmers; need 16.506 GB to sort     36923972 kmers
Used 148.944 GB / 1511.166 GB to store  23915032398 kmers; need 16.519 GB to sort     36952970 kmers
Used 149.048 GB / 1511.166 GB to store  23938090496 kmers; need 16.544 GB to sort     37007450 kmers
Used 149.171 GB / 1511.166 GB to store  23965341192 kmers; need 16.551 GB to sort     37023565 kmers
Used 149.275 GB / 1511.166 GB to store  23988398797 kmers; need 16.575 GB to sort     37076782 kmers
Used 149.388 GB / 1511.166 GB to store  24013553242 kmers; need 16.600 GB to sort     37134143 kmers
Used 149.511 GB / 1511.166 GB to store  24040803902 kmers; need 16.607 GB to sort     37150134 kmers
Used 149.615 GB / 1511.166 GB to store  24063861537 kmers; need 16.631 GB to sort     37202956 kmers
Used 149.729 GB / 1511.166 GB to store  24089015378 kmers; need 16.650 GB to sort     37245781 kmers
Used 149.842 GB / 1511.166 GB to store  24114169857 kmers; need 16.665 GB to sort     37279682 kmers
Used 149.954 GB / 1511.166 GB to store  24139324367 kmers; need 16.682 GB to sort     37316577 kmers
Used 150.068 GB / 1511.166 GB to store  24164479721 kmers; need 16.709 GB to sort     37376815 kmers
Used 150.191 GB / 1511.166 GB to store  24191730188 kmers; need 16.711 GB to sort     37382197 kmers
Used 150.286 GB / 1511.166 GB to store  24212693894 kmers; need 16.742 GB to sort     37451133 kmers
Used 150.409 GB / 1511.166 GB to store  24239945265 kmers; need 16.745 GB to sort     37457698 kmers
Used 150.522 GB / 1511.166 GB to store  24265099779 kmers; need 16.769 GB to sort     37511003 kmers
Used 150.635 GB / 1511.166 GB to store  24290253829 kmers; need 16.782 GB to sort     37541294 kmers
Used 150.748 GB / 1511.166 GB to store  24315408610 kmers; need 16.808 GB to sort     37599140 kmers
Used 150.861 GB / 1511.166 GB to store  24340563494 kmers; need 16.824 GB to sort     37635411 kmers
Used 150.975 GB / 1511.166 GB to store  24365718114 kmers; need 16.839 GB to sort     37669006 kmers
Used 151.079 GB / 1511.166 GB to store  24388775543 kmers; need 16.865 GB to sort     37726053 kmers
Used 151.182 GB / 1511.166 GB to store  24411834559 kmers; need 16.886 GB to sort     37774113 kmers
Used 151.315 GB / 1511.166 GB to store  24441182316 kmers; need 16.886 GB to sort     37774113 kmers
Used 151.419 GB / 1511.166 GB to store  24464241019 kmers; need 16.917 GB to sort     37843364 kmers
Used 151.541 GB / 1511.166 GB to store  24491492651 kmers; need 16.928 GB to sort     37867016 kmers
Used 151.645 GB / 1511.166 GB to store  24514551194 kmers; need 16.951 GB to sort     37918698 kmers
Used 151.778 GB / 1511.166 GB to store  24543898574 kmers; need 16.951 GB to sort     37918698 kmers
Used 151.882 GB / 1511.166 GB to store  24566957284 kmers; need 16.980 GB to sort     37982720 kmers
Used 152.005 GB / 1511.166 GB to store  24594208214 kmers; need 17.001 GB to sort     38030966 kmers
Used 152.109 GB / 1511.166 GB to store  24617266762 kmers; need 17.031 GB to sort     38097566 kmers
Used 152.232 GB / 1511.166 GB to store  24644517508 kmers; need 17.044 GB to sort     38126538 kmers
Used 152.364 GB / 1511.166 GB to store  24673864606 kmers; need 17.044 GB to sort     38126538 kmers
Used 152.477 GB / 1511.166 GB to store  24699019163 kmers; need 17.058 GB to sort     38158001 kmers
Used 152.572 GB / 1511.166 GB to store  24719981968 kmers; need 17.092 GB to sort     38233243 kmers
Used 152.704 GB / 1511.166 GB to store  24749328710 kmers; need 17.092 GB to sort     38233243 kmers
Used 152.799 GB / 1511.166 GB to store  24770290922 kmers; need 17.131 GB to sort     38320706 kmers
Used 152.921 GB / 1511.166 GB to store  24797542240 kmers; need 17.136 GB to sort     38331789 kmers
Used 153.024 GB / 1511.166 GB to store  24820601170 kmers; need 17.164 GB to sort     38394221 kmers
Used 153.137 GB / 1511.166 GB to store  24845755550 kmers; need 17.184 GB to sort     38440316 kmers
Used 153.271 GB / 1511.166 GB to store  24875101330 kmers; need 17.185 GB to sort     38442820 kmers
Used 153.365 GB / 1511.166 GB to store  24896063503 kmers; need 17.223 GB to sort     38527794 kmers
Used 153.488 GB / 1511.166 GB to store  24923314159 kmers; need 17.226 GB to sort     38534645 kmers
Used 153.610 GB / 1511.166 GB to store  24950565388 kmers; need 17.239 GB to sort     38562044 kmers
Used 153.724 GB / 1511.166 GB to store  24975720560 kmers; need 17.262 GB to sort     38614362 kmers
Used 153.828 GB / 1511.166 GB to store  24998778472 kmers; need 17.283 GB to sort     38662327 kmers
Used 153.950 GB / 1511.166 GB to store  25026028990 kmers; need 17.293 GB to sort     38683223 kmers
Used 154.064 GB / 1511.166 GB to store  25051183282 kmers; need 17.305 GB to sort     38709838 kmers
Used 154.159 GB / 1511.166 GB to store  25072145101 kmers; need 17.339 GB to sort     38787080 kmers
Used 154.282 GB / 1511.166 GB to store  25099395623 kmers; need 17.343 GB to sort     38795499 kmers
Used 154.404 GB / 1511.166 GB to store  25126646342 kmers; need 17.355 GB to sort     38821387 kmers
Used 154.517 GB / 1511.166 GB to store  25151800066 kmers; need 17.370 GB to sort     38856579 kmers
Used 154.612 GB / 1511.166 GB to store  25172761784 kmers; need 17.402 GB to sort     38928369 kmers
Used 154.735 GB / 1511.166 GB to store  25200012715 kmers; need 17.407 GB to sort     38939511 kmers
Used 154.857 GB / 1511.166 GB to store  25227263058 kmers; need 17.419 GB to sort     38965337 kmers
Used 154.952 GB / 1511.166 GB to store  25248224416 kmers; need 17.455 GB to sort     39045284 kmers
Used 155.085 GB / 1511.166 GB to store  25277571749 kmers; need 17.455 GB to sort     39045284 kmers
Used 155.198 GB / 1511.166 GB to store  25302725917 kmers; need 17.468 GB to sort     39074864 kmers
Used 155.300 GB / 1511.166 GB to store  25325783623 kmers; need 17.493 GB to sort     39131953 kmers
Used 155.404 GB / 1511.166 GB to store  25348842572 kmers; need 17.517 GB to sort     39183893 kmers
Used 155.527 GB / 1511.166 GB to store  25376093155 kmers; need 17.520 GB to sort     39190823 kmers
Used 155.633 GB / 1511.166 GB to store  25399151973 kmers; need 17.540 GB to sort     39235301 kmers
Used 155.745 GB / 1511.166 GB to store  25424306495 kmers; need 17.553 GB to sort     39264464 kmers
Used 155.848 GB / 1511.166 GB to store  25447364040 kmers; need 17.576 GB to sort     39315972 kmers
Used 155.971 GB / 1511.166 GB to store  25474614850 kmers; need 17.585 GB to sort     39337583 kmers
Used 156.084 GB / 1511.166 GB to store  25499769608 kmers; need 17.608 GB to sort     39388129 kmers
Used 156.187 GB / 1511.166 GB to store  25522827645 kmers; need 17.630 GB to sort     39437783 kmers
Used 156.310 GB / 1511.166 GB to store  25550079133 kmers; need 17.645 GB to sort     39470831 kmers
Used 156.424 GB / 1511.166 GB to store  25575233982 kmers; need 17.662 GB to sort     39509772 kmers
Used 156.528 GB / 1511.166 GB to store  25598292809 kmers; need 17.698 GB to sort     39589502 kmers
Used 156.651 GB / 1511.166 GB to store  25625544602 kmers; need 17.705 GB to sort     39605056 kmers
Used 156.765 GB / 1511.166 GB to store  25650698716 kmers; need 17.723 GB to sort     39645856 kmers
Used 156.860 GB / 1511.166 GB to store  25671660438 kmers; need 17.755 GB to sort     39717117 kmers
Used 156.992 GB / 1511.166 GB to store  25701007967 kmers; need 17.762 GB to sort     39732140 kmers
Used 157.116 GB / 1511.166 GB to store  25728258811 kmers; need 17.773 GB to sort     39757681 kmers
Used 157.220 GB / 1511.166 GB to store  25751316292 kmers; need 17.795 GB to sort     39807038 kmers
Used 157.333 GB / 1511.166 GB to store  25776471034 kmers; need 17.811 GB to sort     39842674 kmers
Used 157.445 GB / 1511.166 GB to store  25801625753 kmers; need 17.826 GB to sort     39875283 kmers
Used 157.558 GB / 1511.166 GB to store  25826780578 kmers; need 17.841 GB to sort     39909087 kmers
Used 157.662 GB / 1511.166 GB to store  25849838119 kmers; need 17.869 GB to sort     39972721 kmers
Used 157.776 GB / 1511.166 GB to store  25874992534 kmers; need 17.884 GB to sort     40006729 kmers
Used 157.898 GB / 1511.166 GB to store  25902242861 kmers; need 17.891 GB to sort     40021431 kmers
Used 158.002 GB / 1511.166 GB to store  25925301810 kmers; need 17.918 GB to sort     40081081 kmers
Used 158.125 GB / 1511.166 GB to store  25952552272 kmers; need 17.921 GB to sort     40088586 kmers
Used 158.229 GB / 1511.166 GB to store  25975610442 kmers; need 17.950 GB to sort     40153073 kmers
Used 158.343 GB / 1511.166 GB to store  26000764979 kmers; need 17.975 GB to sort     40210221 kmers
Used 158.475 GB / 1511.166 GB to store  26030111257 kmers; need 17.981 GB to sort     40223124 kmers
Used 158.579 GB / 1511.166 GB to store  26053169305 kmers; need 18.003 GB to sort     40271295 kmers
Used 158.702 GB / 1511.166 GB to store  26080420162 kmers; need 18.014 GB to sort     40295577 kmers
Used 158.806 GB / 1511.166 GB to store  26103477907 kmers; need 18.036 GB to sort     40346233 kmers
Used 158.919 GB / 1511.166 GB to store  26128632693 kmers; need 18.056 GB to sort     40391565 kmers
Used 159.032 GB / 1511.166 GB to store  26153787002 kmers; need 18.071 GB to sort     40425049 kmers
Used 159.144 GB / 1511.166 GB to store  26178940626 kmers; need 18.091 GB to sort     40468165 kmers
Used 159.268 GB / 1511.166 GB to store  26206191818 kmers; need 18.100 GB to sort     40488262 kmers
Used 159.381 GB / 1511.166 GB to store  26231345167 kmers; need 18.113 GB to sort     40517916 kmers
Used 159.476 GB / 1511.166 GB to store  26252306793 kmers; need 18.148 GB to sort     40596143 kmers
Used 159.608 GB / 1511.166 GB to store  26281652426 kmers; need 18.151 GB to sort     40602478 kmers
Used 159.721 GB / 1511.166 GB to store  26306806676 kmers; need 18.170 GB to sort     40645372 kmers
Used 159.834 GB / 1511.166 GB to store  26331959800 kmers; need 18.183 GB to sort     40673914 kmers
Used 159.938 GB / 1511.166 GB to store  26355017786 kmers; need 18.205 GB to sort     40724277 kmers
Used 160.061 GB / 1511.166 GB to store  26382266780 kmers; need 18.214 GB to sort     40744728 kmers
Used 160.174 GB / 1511.166 GB to store  26407421273 kmers; need 18.229 GB to sort     40777621 kmers
Used 160.287 GB / 1511.166 GB to store  26432574466 kmers; need 18.248 GB to sort     40820376 kmers
Used 160.401 GB / 1511.166 GB to store  26457728665 kmers; need 18.261 GB to sort     40848595 kmers
Used 160.505 GB / 1511.166 GB to store  26480785596 kmers; need 18.298 GB to sort     40931763 kmers
Used 160.628 GB / 1511.166 GB to store  26508036248 kmers; need 18.306 GB to sort     40949034 kmers
Used 160.732 GB / 1511.166 GB to store  26531094394 kmers; need 18.328 GB to sort     40998712 kmers
Used 160.846 GB / 1511.166 GB to store  26556247690 kmers; need 18.345 GB to sort     41037927 kmers
Used 160.959 GB / 1511.166 GB to store  26581401477 kmers; need 18.358 GB to sort     41065663 kmers
Used 161.072 GB / 1511.166 GB to store  26606555491 kmers; need 18.372 GB to sort     41097665 kmers
Used 161.176 GB / 1511.166 GB to store  26629612811 kmers; need 18.396 GB to sort     41150105 kmers
Used 161.280 GB / 1511.166 GB to store  26652670372 kmers; need 18.417 GB to sort     41197600 kmers
Used 161.393 GB / 1511.166 GB to store  26677823865 kmers; need 18.437 GB to sort     41243198 kmers
Used 161.507 GB / 1511.166 GB to store  26702978112 kmers; need 18.451 GB to sort     41273979 kmers
Used 161.611 GB / 1511.166 GB to store  26726034874 kmers; need 18.473 GB to sort     41323350 kmers
Used 161.723 GB / 1511.166 GB to store  26751188843 kmers; need 18.486 GB to sort     41352478 kmers
Used 161.827 GB / 1511.166 GB to store  26774246520 kmers; need 18.511 GB to sort     41408491 kmers
Used 161.941 GB / 1511.166 GB to store  26799400959 kmers; need 18.524 GB to sort     41438576 kmers
Used 162.052 GB / 1511.166 GB to store  26824554870 kmers; need 18.543 GB to sort     41479024 kmers
Used 162.167 GB / 1511.166 GB to store  26849708909 kmers; need 18.556 GB to sort     41508205 kmers
Used 162.281 GB / 1511.166 GB to store  26874862719 kmers; need 18.575 GB to sort     41552145 kmers
Used 162.395 GB / 1511.166 GB to store  26900016462 kmers; need 18.593 GB to sort     41590937 kmers
Used 162.517 GB / 1511.166 GB to store  26927265889 kmers; need 18.598 GB to sort     41602982 kmers
Used 162.620 GB / 1511.166 GB to store  26950322951 kmers; need 18.627 GB to sort     41668452 kmers
Used 162.715 GB / 1511.166 GB to store  26971283471 kmers; need 18.658 GB to sort     41737047 kmers
Used 162.838 GB / 1511.166 GB to store  26998531832 kmers; need 18.669 GB to sort     41762049 kmers
Used 162.941 GB / 1511.166 GB to store  27021588825 kmers; need 18.691 GB to sort     41811630 kmers
Used 163.073 GB / 1511.166 GB to store  27050934622 kmers; need 18.692 GB to sort     41814351 kmers
Used 163.168 GB / 1511.166 GB to store  27071896509 kmers; need 18.727 GB to sort     41890908 kmers
Used 163.300 GB / 1511.166 GB to store  27101242241 kmers; need 18.730 GB to sort     41897404 kmers
Used 163.413 GB / 1511.166 GB to store  27126395306 kmers; need 18.748 GB to sort     41938218 kmers
Used 163.538 GB / 1511.166 GB to store  27153643956 kmers; need 18.755 GB to sort     41953600 kmers
Used 163.632 GB / 1511.166 GB to store  27174604000 kmers; need 18.791 GB to sort     42034628 kmers
Used 163.744 GB / 1511.166 GB to store  27199757450 kmers; need 18.806 GB to sort     42068535 kmers
Used 163.868 GB / 1511.166 GB to store  27227007333 kmers; need 18.814 GB to sort     42087294 kmers
Used 163.971 GB / 1511.166 GB to store  27250065205 kmers; need 18.836 GB to sort     42135912 kmers
Used 164.094 GB / 1511.166 GB to store  27277314722 kmers; need 18.848 GB to sort     42161427 kmers
Used 164.207 GB / 1511.166 GB to store  27302468783 kmers; need 18.865 GB to sort     42200605 kmers
Used 164.321 GB / 1511.166 GB to store  27327622216 kmers; need 18.882 GB to sort     42239187 kmers
Used 164.434 GB / 1511.166 GB to store  27352775175 kmers; need 18.901 GB to sort     42281108 kmers
Used 164.557 GB / 1511.166 GB to store  27380024273 kmers; need 18.912 GB to sort     42305003 kmers
Used 164.661 GB / 1511.166 GB to store  27403081840 kmers; need 18.935 GB to sort     42357281 kmers
Used 164.793 GB / 1511.166 GB to store  27432426629 kmers; need 18.940 GB to sort     42367030 kmers
Used 164.895 GB / 1511.166 GB to store  27455482983 kmers; need 18.963 GB to sort     42420168 kmers
Used 165.019 GB / 1511.166 GB to store  27482732174 kmers; need 18.975 GB to sort     42445794 kmers
Used 165.123 GB / 1511.166 GB to store  27505788748 kmers; need 18.997 GB to sort     42496562 kmers
Used 165.228 GB / 1511.166 GB to store  27528845866 kmers; need 19.022 GB to sort     42551761 kmers
Used 165.360 GB / 1511.166 GB to store  27558191069 kmers; need 19.023 GB to sort     42554098 kmers
Used 165.473 GB / 1511.166 GB to store  27583343902 kmers; need 19.040 GB to sort     42592833 kmers
Used 165.567 GB / 1511.166 GB to store  27604303360 kmers; need 19.078 GB to sort     42676386 kmers
Used 165.691 GB / 1511.166 GB to store  27631550877 kmers; need 19.084 GB to sort     42690435 kmers
Used 165.813 GB / 1511.166 GB to store  27658801007 kmers; need 19.092 GB to sort     42707804 kmers
Used 165.916 GB / 1511.166 GB to store  27681859309 kmers; need 19.119 GB to sort     42768200 kmers
Used 166.029 GB / 1511.166 GB to store  27707013554 kmers; need 19.131 GB to sort     42795738 kmers
Used 166.152 GB / 1511.166 GB to store  27734263211 kmers; need 19.134 GB to sort     42802334 kmers
Used 166.248 GB / 1511.166 GB to store  27755225050 kmers; need 19.173 GB to sort     42889685 kmers
Used 166.370 GB / 1511.166 GB to store  27782474997 kmers; need 19.178 GB to sort     42899925 kmers
Used 166.494 GB / 1511.166 GB to store  27809724689 kmers; need 19.182 GB to sort     42910501 kmers
Used 166.616 GB / 1511.166 GB to store  27836975586 kmers; need 19.195 GB to sort     42937618 kmers
Used 166.719 GB / 1511.166 GB to store  27860033313 kmers; need 19.233 GB to sort     43024325 kmers
Used 166.832 GB / 1511.166 GB to store  27885187678 kmers; need 19.248 GB to sort     43057626 kmers
Used 166.965 GB / 1511.166 GB to store  27914533448 kmers; need 19.251 GB to sort     43063240 kmers
Used 167.068 GB / 1511.166 GB to store  27937590929 kmers; need 19.277 GB to sort     43122040 kmers
Used 167.192 GB / 1511.166 GB to store  27964841225 kmers; need 19.281 GB to sort     43130583 kmers
Used 167.295 GB / 1511.166 GB to store  27987899023 kmers; need 19.308 GB to sort     43192004 kmers
Used 167.408 GB / 1511.166 GB to store  28013052899 kmers; need 19.333 GB to sort     43246392 kmers
Used 167.532 GB / 1511.166 GB to store  28040303415 kmers; need 19.339 GB to sort     43260686 kmers
Used 167.636 GB / 1511.166 GB to store  28063362341 kmers; need 19.381 GB to sort     43354828 kmers
Used 167.768 GB / 1511.166 GB to store  28092709112 kmers; need 19.381 GB to sort     43354828 kmers
Used 167.889 GB / 1511.166 GB to store  28119960008 kmers; need 19.388 GB to sort     43371174 kmers
Used 167.994 GB / 1511.166 GB to store  28143018473 kmers; need 19.410 GB to sort     43418874 kmers
Used 168.099 GB / 1511.166 GB to store  28166076103 kmers; need 19.438 GB to sort     43481379 kmers
Used 168.193 GB / 1511.166 GB to store  28187038463 kmers; need 19.472 GB to sort     43559127 kmers
Used 168.326 GB / 1511.166 GB to store  28216385771 kmers; need 19.472 GB to sort     43559127 kmers
Used 168.430 GB / 1511.166 GB to store  28239443317 kmers; need 19.493 GB to sort     43605786 kmers
Used 168.552 GB / 1511.166 GB to store  28266694471 kmers; need 19.503 GB to sort     43626466 kmers
Used 168.656 GB / 1511.166 GB to store  28289752085 kmers; need 19.548 GB to sort     43727633 kmers
Used 168.789 GB / 1511.166 GB to store  28319099411 kmers; need 19.548 GB to sort     43727633 kmers
Used 168.921 GB / 1511.166 GB to store  28348445439 kmers; need 19.568 GB to sort     43773321 kmers
Used 169.035 GB / 1511.166 GB to store  28373599715 kmers; need 19.582 GB to sort     43803617 kmers
Used 169.157 GB / 1511.166 GB to store  28400850270 kmers; need 19.588 GB to sort     43818051 kmers
Used 169.271 GB / 1511.166 GB to store  28426003913 kmers; need 19.606 GB to sort     43858187 kmers
Used 169.375 GB / 1511.166 GB to store  28449061883 kmers; need 19.630 GB to sort     43912567 kmers
Used 169.487 GB / 1511.166 GB to store  28474216048 kmers; need 19.649 GB to sort     43953461 kmers
Used 169.600 GB / 1511.166 GB to store  28499370520 kmers; need 19.668 GB to sort     43996077 kmers
Used 169.723 GB / 1511.166 GB to store  28526621713 kmers; need 19.696 GB to sort     44059824 kmers
Used 169.837 GB / 1511.166 GB to store  28551776376 kmers; need 19.713 GB to sort     44097376 kmers
Used 169.960 GB / 1511.166 GB to store  28579027084 kmers; need 19.722 GB to sort     44118046 kmers
Used 170.083 GB / 1511.166 GB to store  28606277841 kmers; need 19.729 GB to sort     44133243 kmers
Used 170.186 GB / 1511.166 GB to store  28629336804 kmers; need 19.759 GB to sort     44199816 kmers
Used 170.290 GB / 1511.166 GB to store  28652394990 kmers; need 19.783 GB to sort     44253089 kmers
Used 170.412 GB / 1511.166 GB to store  28679646166 kmers; need 19.787 GB to sort     44263489 kmers
Used 170.516 GB / 1511.166 GB to store  28702704609 kmers; need 19.809 GB to sort     44312612 kmers
Used 170.630 GB / 1511.166 GB to store  28727859475 kmers; need 19.831 GB to sort     44361002 kmers
Used 170.743 GB / 1511.166 GB to store  28753013888 kmers; need 19.846 GB to sort     44395830 kmers
Used 170.857 GB / 1511.166 GB to store  28778169478 kmers; need 19.864 GB to sort     44435915 kmers
Used 170.970 GB / 1511.166 GB to store  28803323307 kmers; need 19.885 GB to sort     44482493 kmers
Used 171.073 GB / 1511.166 GB to store  28826381800 kmers; need 19.907 GB to sort     44531037 kmers
Used 171.196 GB / 1511.166 GB to store  28853632467 kmers; need 19.910 GB to sort     44537296 kmers
Used 171.310 GB / 1511.166 GB to store  28878786470 kmers; need 19.930 GB to sort     44582131 kmers
Used 171.423 GB / 1511.166 GB to store  28903941097 kmers; need 19.950 GB to sort     44627537 kmers
Used 171.545 GB / 1511.166 GB to store  28931192205 kmers; need 19.965 GB to sort     44660548 kmers
Used 171.659 GB / 1511.166 GB to store  28956347328 kmers; need 19.982 GB to sort     44699649 kmers
Used 171.773 GB / 1511.166 GB to store  28981501671 kmers; need 19.995 GB to sort     44728265 kmers
Used 171.895 GB / 1511.166 GB to store  29008753575 kmers; need 20.010 GB to sort     44762023 kmers
Used 171.999 GB / 1511.166 GB to store  29031811825 kmers; need 20.037 GB to sort     44821457 kmers
Used 172.112 GB / 1511.166 GB to store  29056966650 kmers; need 20.053 GB to sort     44857247 kmers
Used 172.188 GB / 1511.166 GB to store  29073736131 kmers; need 20.104 GB to sort     44972275 kmers
Used 172.321 GB / 1511.166 GB to store  29103082893 kmers; need 20.104 GB to sort     44972275 kmers
Used 172.453 GB / 1511.166 GB to store  29132430596 kmers; need 20.104 GB to sort     44972275 kmers
Used 172.575 GB / 1511.166 GB to store  29159682183 kmers; need 20.110 GB to sort     44985163 kmers
Used 172.680 GB / 1511.166 GB to store  29182740860 kmers; need 20.132 GB to sort     45035334 kmers
Used 172.764 GB / 1511.166 GB to store  29201607451 kmers; need 20.199 GB to sort     45185112 kmers
Used 172.897 GB / 1511.166 GB to store  29230954967 kmers; need 20.199 GB to sort     45185112 kmers
Used 173.028 GB / 1511.166 GB to store  29260302481 kmers; need 20.199 GB to sort     45185112 kmers
Used 173.152 GB / 1511.166 GB to store  29287553954 kmers; need 20.213 GB to sort     45215633 kmers
Used 173.265 GB / 1511.166 GB to store  29312708723 kmers; need 20.227 GB to sort     45246428 kmers
Used 173.377 GB / 1511.166 GB to store  29337863471 kmers; need 20.257 GB to sort     45314892 kmers
Used 173.501 GB / 1511.166 GB to store  29365114823 kmers; need 20.269 GB to sort     45341109 kmers
Used 173.623 GB / 1511.166 GB to store  29392365169 kmers; need 20.278 GB to sort     45361272 kmers
Used 173.728 GB / 1511.166 GB to store  29415422796 kmers; need 20.300 GB to sort     45410687 kmers
Used 173.841 GB / 1511.166 GB to store  29440577336 kmers; need 20.316 GB to sort     45445466 kmers
Used 173.964 GB / 1511.166 GB to store  29467828416 kmers; need 20.326 GB to sort     45468352 kmers
Used 174.068 GB / 1511.166 GB to store  29490886291 kmers; need 20.353 GB to sort     45529378 kmers
Used 174.190 GB / 1511.166 GB to store  29518136810 kmers; need 20.359 GB to sort     45542748 kmers
Used 174.303 GB / 1511.166 GB to store  29543292546 kmers; need 20.377 GB to sort     45583398 kmers
Used 174.398 GB / 1511.166 GB to store  29564255280 kmers; need 20.412 GB to sort     45661848 kmers
Used 174.530 GB / 1511.166 GB to store  29593602860 kmers; need 20.412 GB to sort     45661848 kmers
Used 174.634 GB / 1511.166 GB to store  29616660959 kmers; need 20.442 GB to sort     45728781 kmers
Used 174.747 GB / 1511.166 GB to store  29641815939 kmers; need 20.456 GB to sort     45759418 kmers
Used 174.862 GB / 1511.166 GB to store  29666970151 kmers; need 20.471 GB to sort     45792282 kmers
Used 174.975 GB / 1511.166 GB to store  29692125114 kmers; need 20.490 GB to sort     45835939 kmers
Used 175.098 GB / 1511.166 GB to store  29719375816 kmers; need 20.502 GB to sort     45862176 kmers
Used 175.192 GB / 1511.166 GB to store  29740338204 kmers; need 20.534 GB to sort     45934574 kmers
Used 175.314 GB / 1511.166 GB to store  29767590180 kmers; need 20.544 GB to sort     45956901 kmers
Used 175.437 GB / 1511.166 GB to store  29794841573 kmers; need 20.556 GB to sort     45982016 kmers
Used 175.532 GB / 1511.166 GB to store  29815804553 kmers; need 20.589 GB to sort     46056856 kmers
Used 175.664 GB / 1511.166 GB to store  29845150891 kmers; need 20.590 GB to sort     46059205 kmers
Used 175.778 GB / 1511.166 GB to store  29870305389 kmers; need 20.607 GB to sort     46096503 kmers
Used 175.881 GB / 1511.166 GB to store  29893363684 kmers; need 20.628 GB to sort     46144748 kmers
Used 176.004 GB / 1511.166 GB to store  29920614795 kmers; need 20.676 GB to sort     46251516 kmers
Used 176.137 GB / 1511.166 GB to store  29949961471 kmers; need 20.677 GB to sort     46253146 kmers
Used 176.260 GB / 1511.166 GB to store  29977211924 kmers; need 20.681 GB to sort     46263469 kmers
Used 176.373 GB / 1511.166 GB to store  30002366898 kmers; need 20.702 GB to sort     46308901 kmers
Used 176.459 GB / 1511.166 GB to store  30021233178 kmers; need 20.742 GB to sort     46398928 kmers
Used 176.590 GB / 1511.166 GB to store  30050580295 kmers; need 20.742 GB to sort     46398928 kmers
Used 176.713 GB / 1511.166 GB to store  30077830721 kmers; need 20.753 GB to sort     46423779 kmers
Used 176.827 GB / 1511.166 GB to store  30102984813 kmers; need 20.768 GB to sort     46456580 kmers
Used 176.931 GB / 1511.166 GB to store  30126043098 kmers; need 20.794 GB to sort     46515209 kmers
Used 177.063 GB / 1511.166 GB to store  30155389967 kmers; need 20.802 GB to sort     46534077 kmers
Used 177.158 GB / 1511.166 GB to store  30176351652 kmers; need 20.834 GB to sort     46605264 kmers
Used 177.289 GB / 1511.166 GB to store  30205698317 kmers; need 20.834 GB to sort     46605264 kmers
Used 177.394 GB / 1511.166 GB to store  30228756717 kmers; need 20.861 GB to sort     46665021 kmers
Used 177.515 GB / 1511.166 GB to store  30256007111 kmers; need 20.868 GB to sort     46681007 kmers
Used 177.619 GB / 1511.166 GB to store  30279065053 kmers; need 20.890 GB to sort     46730411 kmers
Used 177.733 GB / 1511.166 GB to store  30304218806 kmers; need 20.935 GB to sort     46831891 kmers
Used 177.856 GB / 1511.166 GB to store  30331469574 kmers; need 20.940 GB to sort     46843059 kmers
Used 177.988 GB / 1511.166 GB to store  30360815692 kmers; need 20.941 GB to sort     46843622 kmers
Used 178.091 GB / 1511.166 GB to store  30383874478 kmers; need 20.967 GB to sort     46901555 kmers
Used 178.205 GB / 1511.166 GB to store  30409029446 kmers; need 20.986 GB to sort     46945909 kmers
Used 178.318 GB / 1511.166 GB to store  30434184192 kmers; need 21.006 GB to sort     46990034 kmers
Used 178.450 GB / 1511.166 GB to store  30463530680 kmers; need 21.012 GB to sort     47002525 kmers
Used 178.554 GB / 1511.166 GB to store  30486588342 kmers; need 21.036 GB to sort     47056535 kmers
Used 178.677 GB / 1511.166 GB to store  30513838132 kmers; need 21.045 GB to sort     47076893 kmers
Used 178.771 GB / 1511.166 GB to store  30534799836 kmers; need 21.079 GB to sort     47153019 kmers
Used 178.904 GB / 1511.166 GB to store  30564146607 kmers; need 21.079 GB to sort     47153019 kmers
Used 179.028 GB / 1511.166 GB to store  30591397139 kmers; need 21.094 GB to sort     47187116 kmers
Used 179.141 GB / 1511.166 GB to store  30616551753 kmers; need 21.109 GB to sort     47219474 kmers
Used 179.245 GB / 1511.166 GB to store  30639609583 kmers; need 21.136 GB to sort     47281212 kmers
Used 179.367 GB / 1511.166 GB to store  30666859313 kmers; need 21.140 GB to sort     47288810 kmers
Used 179.480 GB / 1511.166 GB to store  30692013178 kmers; need 21.162 GB to sort     47338066 kmers
Used 179.575 GB / 1511.166 GB to store  30712974662 kmers; need 21.195 GB to sort     47411313 kmers
Used 179.697 GB / 1511.166 GB to store  30740224446 kmers; need 21.200 GB to sort     47422525 kmers
Used 179.811 GB / 1511.166 GB to store  30765378566 kmers; need 21.218 GB to sort     47463922 kmers
Used 179.915 GB / 1511.166 GB to store  30788436766 kmers; need 21.253 GB to sort     47541062 kmers
Used 180.048 GB / 1511.166 GB to store  30817783073 kmers; need 21.253 GB to sort     47542213 kmers
Used 180.151 GB / 1511.166 GB to store  30840840679 kmers; need 21.276 GB to sort     47593239 kmers
Used 180.264 GB / 1511.166 GB to store  30865994441 kmers; need 21.288 GB to sort     47621321 kmers
Used 180.369 GB / 1511.166 GB to store  30889051401 kmers; need 21.309 GB to sort     47668416 kmers
Used 180.491 GB / 1511.166 GB to store  30916301205 kmers; need 21.322 GB to sort     47697043 kmers
Used 180.604 GB / 1511.166 GB to store  30941455020 kmers; need 21.344 GB to sort     47745239 kmers
Used 180.726 GB / 1511.166 GB to store  30968704882 kmers; need 21.355 GB to sort     47769974 kmers
Used 180.841 GB / 1511.166 GB to store  30993858107 kmers; need 21.373 GB to sort     47809864 kmers
Used 180.953 GB / 1511.166 GB to store  31019011964 kmers; need 21.389 GB to sort     47846927 kmers
Used 181.076 GB / 1511.166 GB to store  31046262557 kmers; need 21.399 GB to sort     47867761 kmers
Used 181.171 GB / 1511.166 GB to store  31067224131 kmers; need 21.434 GB to sort     47946067 kmers
Used 181.293 GB / 1511.166 GB to store  31094474134 kmers; need 21.437 GB to sort     47954121 kmers
Used 181.397 GB / 1511.166 GB to store  31117532023 kmers; need 21.463 GB to sort     48013024 kmers
Used 181.482 GB / 1511.166 GB to store  31136397386 kmers; need 21.506 GB to sort     48108697 kmers
Used 181.616 GB / 1511.166 GB to store  31165743075 kmers; need 21.506 GB to sort     48108697 kmers
Used 181.747 GB / 1511.166 GB to store  31195089233 kmers; need 21.506 GB to sort     48108697 kmers
Used 181.870 GB / 1511.166 GB to store  31222338021 kmers; need 21.518 GB to sort     48135853 kmers
Used 181.965 GB / 1511.166 GB to store  31243298422 kmers; need 21.553 GB to sort     48212635 kmers
Used 182.069 GB / 1511.166 GB to store  31266355948 kmers; need 21.575 GB to sort     48262337 kmers
Used 182.182 GB / 1511.166 GB to store  31291509508 kmers; need 21.594 GB to sort     48305945 kmers
Used 182.314 GB / 1511.166 GB to store  31320855443 kmers; need 21.594 GB to sort     48305945 kmers
Used 182.426 GB / 1511.166 GB to store  31346008509 kmers; need 21.614 GB to sort     48349398 kmers
Used 182.540 GB / 1511.166 GB to store  31371162518 kmers; need 21.632 GB to sort     48390163 kmers
Used 182.644 GB / 1511.166 GB to store  31394219581 kmers; need 21.658 GB to sort     48448217 kmers
Used 182.766 GB / 1511.166 GB to store  31421468980 kmers; need 21.663 GB to sort     48459090 kmers
Used 182.880 GB / 1511.166 GB to store  31446622347 kmers; need 21.678 GB to sort     48492126 kmers
Used 183.003 GB / 1511.166 GB to store  31473871494 kmers; need 21.686 GB to sort     48509932 kmers
Used 183.107 GB / 1511.166 GB to store  31496928347 kmers; need 21.711 GB to sort     48567316 kmers
Used 183.210 GB / 1511.166 GB to store  31519985221 kmers; need 21.747 GB to sort     48647474 kmers
Used 183.343 GB / 1511.166 GB to store  31549331457 kmers; need 21.747 GB to sort     48647474 kmers
Used 183.457 GB / 1511.166 GB to store  31574483840 kmers; need 21.792 GB to sort     48747624 kmers
Used 183.588 GB / 1511.166 GB to store  31603829117 kmers; need 21.792 GB to sort     48747624 kmers
Used 183.701 GB / 1511.166 GB to store  31628982461 kmers; need 21.811 GB to sort     48791359 kmers
Used 183.825 GB / 1511.166 GB to store  31656230993 kmers; need 21.813 GB to sort     48794479 kmers
Used 183.938 GB / 1511.166 GB to store  31681383913 kmers; need 21.829 GB to sort     48831312 kmers
Used 184.042 GB / 1511.166 GB to store  31704441792 kmers; need 21.851 GB to sort     48879101 kmers
Used 184.155 GB / 1511.166 GB to store  31729595302 kmers; need 21.871 GB to sort     48925218 kmers
Used 184.269 GB / 1511.166 GB to store  31754748698 kmers; need 21.889 GB to sort     48964812 kmers
Used 184.382 GB / 1511.166 GB to store  31779900817 kmers; need 21.904 GB to sort     48998068 kmers
Used 184.505 GB / 1511.166 GB to store  31807150441 kmers; need 21.919 GB to sort     49031965 kmers
Used 184.617 GB / 1511.166 GB to store  31832303293 kmers; need 21.934 GB to sort     49065472 kmers
Used 184.722 GB / 1511.166 GB to store  31855360478 kmers; need 21.958 GB to sort     49120079 kmers
Used 184.845 GB / 1511.166 GB to store  31882610034 kmers; need 21.967 GB to sort     49139703 kmers
Used 184.968 GB / 1511.166 GB to store  31909859635 kmers; need 21.978 GB to sort     49163644 kmers
Used 185.071 GB / 1511.166 GB to store  31932916274 kmers; need 22.000 GB to sort     49213688 kmers
Used 185.194 GB / 1511.166 GB to store  31960165559 kmers; need 22.011 GB to sort     49237498 kmers
Used 185.297 GB / 1511.166 GB to store  31983221596 kmers; need 22.037 GB to sort     49296417 kmers
Used 185.411 GB / 1511.166 GB to store  32008374296 kmers; need 22.057 GB to sort     49340081 kmers
Used 185.535 GB / 1511.166 GB to store  32035620318 kmers; need 22.066 GB to sort     49361728 kmers
Used 185.648 GB / 1511.166 GB to store  32060770339 kmers; need 22.080 GB to sort     49391777 kmers
Used 185.761 GB / 1511.166 GB to store  32085920627 kmers; need 22.108 GB to sort     49455702 kmers
Used 185.874 GB / 1511.166 GB to store  32111071483 kmers; need 22.128 GB to sort     49498567 kmers
Used 185.998 GB / 1511.166 GB to store  32138319010 kmers; need 22.133 GB to sort     49510797 kmers
Used 186.102 GB / 1511.166 GB to store  32161374153 kmers; need 22.158 GB to sort     49567073 kmers
Used 186.215 GB / 1511.166 GB to store  32186525843 kmers; need 22.177 GB to sort     49610217 kmers
Used 186.327 GB / 1511.166 GB to store  32211677969 kmers; need 22.196 GB to sort     49651970 kmers
Used 186.450 GB / 1511.166 GB to store  32238925951 kmers; need 22.209 GB to sort     49680767 kmers
Used 186.563 GB / 1511.166 GB to store  32264077646 kmers; need 22.225 GB to sort     49717335 kmers
Used 186.677 GB / 1511.166 GB to store  32289229306 kmers; need 22.237 GB to sort     49744136 kmers
Used 186.781 GB / 1511.166 GB to store  32312285782 kmers; need 22.258 GB to sort     49791271 kmers
Used 186.895 GB / 1511.166 GB to store  32337437626 kmers; need 22.276 GB to sort     49831287 kmers
Used 187.008 GB / 1511.166 GB to store  32362588915 kmers; need 22.296 GB to sort     49874283 kmers
Used 187.121 GB / 1511.166 GB to store  32387739811 kmers; need 22.311 GB to sort     49909497 kmers
Used 187.235 GB / 1511.166 GB to store  32412891201 kmers; need 22.327 GB to sort     49944063 kmers
Used 187.339 GB / 1511.166 GB to store  32435946561 kmers; need 22.351 GB to sort     49998762 kmers
Used 187.461 GB / 1511.166 GB to store  32463193834 kmers; need 22.363 GB to sort     50026090 kmers
Used 187.574 GB / 1511.166 GB to store  32488344868 kmers; need 22.382 GB to sort     50068548 kmers
Used 187.687 GB / 1511.166 GB to store  32513495314 kmers; need 22.400 GB to sort     50106839 kmers
Used 187.801 GB / 1511.166 GB to store  32538647452 kmers; need 22.411 GB to sort     50133565 kmers
Used 187.905 GB / 1511.166 GB to store  32561704386 kmers; need 22.433 GB to sort     50182607 kmers
Used 188.028 GB / 1511.166 GB to store  32588953349 kmers; need 22.439 GB to sort     50194185 kmers
Used 188.122 GB / 1511.166 GB to store  32609914624 kmers; need 22.473 GB to sort     50272242 kmers
Used 188.235 GB / 1511.166 GB to store  32635068436 kmers; need 22.486 GB to sort     50301418 kmers
Used 188.358 GB / 1511.166 GB to store  32662318269 kmers; need 22.495 GB to sort     50319991 kmers
Used 188.472 GB / 1511.166 GB to store  32687470880 kmers; need 22.508 GB to sort     50350535 kmers
Used 188.566 GB / 1511.166 GB to store  32708432176 kmers; need 22.543 GB to sort     50427382 kmers
Used 188.689 GB / 1511.166 GB to store  32735680593 kmers; need 22.549 GB to sort     50441586 kmers
Used 188.802 GB / 1511.166 GB to store  32760833980 kmers; need 22.565 GB to sort     50477218 kmers
Used 188.906 GB / 1511.166 GB to store  32783889957 kmers; need 22.588 GB to sort     50528300 kmers
Used 189.011 GB / 1511.166 GB to store  32806947400 kmers; need 22.612 GB to sort     50583093 kmers
Used 189.133 GB / 1511.166 GB to store  32834196279 kmers; need 22.618 GB to sort     50596594 kmers
Used 189.246 GB / 1511.166 GB to store  32859349632 kmers; need 22.632 GB to sort     50628005 kmers
Used 189.359 GB / 1511.166 GB to store  32884502791 kmers; need 22.650 GB to sort     50666324 kmers
Used 189.472 GB / 1511.166 GB to store  32909655499 kmers; need 22.665 GB to sort     50699908 kmers
Used 189.586 GB / 1511.166 GB to store  32934807913 kmers; need 22.689 GB to sort     50755548 kmers
Used 189.690 GB / 1511.166 GB to store  32957864097 kmers; need 22.712 GB to sort     50805090 kmers
Used 189.812 GB / 1511.166 GB to store  32985112880 kmers; need 22.717 GB to sort     50816882 kmers
Used 189.926 GB / 1511.166 GB to store  33010266003 kmers; need 22.733 GB to sort     50852096 kmers
Used 190.030 GB / 1511.166 GB to store  33033322620 kmers; need 22.762 GB to sort     50917698 kmers
Used 190.143 GB / 1511.166 GB to store  33058475142 kmers; need 22.780 GB to sort     50958989 kmers
Used 190.257 GB / 1511.166 GB to store  33083627369 kmers; need 22.794 GB to sort     50989531 kmers
Used 190.370 GB / 1511.166 GB to store  33108779931 kmers; need 22.813 GB to sort     51032753 kmers
Used 190.475 GB / 1511.166 GB to store  33131836952 kmers; need 22.834 GB to sort     51077952 kmers
Used 190.597 GB / 1511.166 GB to store  33159085952 kmers; need 22.842 GB to sort     51096502 kmers
Used 190.692 GB / 1511.166 GB to store  33180046665 kmers; need 22.876 GB to sort     51172490 kmers
Used 190.805 GB / 1511.166 GB to store  33205199349 kmers; need 22.890 GB to sort     51203042 kmers
Used 190.918 GB / 1511.166 GB to store  33230352444 kmers; need 22.904 GB to sort     51236281 kmers
Used 191.031 GB / 1511.166 GB to store  33255506587 kmers; need 22.922 GB to sort     51275112 kmers
Used 191.143 GB / 1511.166 GB to store  33280659738 kmers; need 22.940 GB to sort     51316090 kmers
Used 191.248 GB / 1511.166 GB to store  33303716580 kmers; need 22.964 GB to sort     51368948 kmers
Used 191.371 GB / 1511.166 GB to store  33330966196 kmers; need 22.974 GB to sort     51391494 kmers
Used 191.484 GB / 1511.166 GB to store  33356119801 kmers; need 22.997 GB to sort     51444323 kmers
Used 191.599 GB / 1511.166 GB to store  33381273388 kmers; need 23.019 GB to sort     51493318 kmers
Used 191.711 GB / 1511.166 GB to store  33406427042 kmers; need 23.034 GB to sort     51525611 kmers
Used 191.825 GB / 1511.166 GB to store  33431580145 kmers; need 23.051 GB to sort     51565130 kmers
Used 191.938 GB / 1511.166 GB to store  33456733988 kmers; need 23.077 GB to sort     51621846 kmers
Used 192.061 GB / 1511.166 GB to store  33483983422 kmers; need 23.084 GB to sort     51639022 kmers
Used 192.165 GB / 1511.166 GB to store  33507040793 kmers; need 23.122 GB to sort     51722918 kmers
Used 192.287 GB / 1511.166 GB to store  33534290428 kmers; need 23.132 GB to sort     51745705 kmers
Used 192.411 GB / 1511.166 GB to store  33561540510 kmers; need 23.141 GB to sort     51764774 kmers
Used 192.505 GB / 1511.166 GB to store  33582502379 kmers; need 23.172 GB to sort     51833854 kmers
Used 192.628 GB / 1511.166 GB to store  33609750970 kmers; need 23.179 GB to sort     51849979 kmers
Used 192.741 GB / 1511.166 GB to store  33634904327 kmers; need 23.200 GB to sort     51898060 kmers
Used 192.845 GB / 1511.166 GB to store  33657961746 kmers; need 23.241 GB to sort     51989909 kmers
Used 192.977 GB / 1511.166 GB to store  33687308081 kmers; need 23.241 GB to sort     51989909 kmers
Used 193.100 GB / 1511.166 GB to store  33714557276 kmers; need 23.250 GB to sort     52008503 kmers
Used 193.203 GB / 1511.166 GB to store  33737614946 kmers; need 23.274 GB to sort     52064092 kmers
Used 193.326 GB / 1511.166 GB to store  33764865223 kmers; need 23.286 GB to sort     52089095 kmers
Used 193.431 GB / 1511.166 GB to store  33787922393 kmers; need 23.308 GB to sort     52138306 kmers
Used 193.544 GB / 1511.166 GB to store  33813075875 kmers; need 23.335 GB to sort     52199483 kmers
Used 193.667 GB / 1511.166 GB to store  33840325881 kmers; need 23.350 GB to sort     52232011 kmers
Used 193.780 GB / 1511.166 GB to store  33865479112 kmers; need 23.366 GB to sort     52269903 kmers
Used 193.893 GB / 1511.166 GB to store  33890632296 kmers; need 23.383 GB to sort     52306368 kmers
Used 193.997 GB / 1511.166 GB to store  33913689877 kmers; need 23.407 GB to sort     52360922 kmers
Used 194.111 GB / 1511.166 GB to store  33938843199 kmers; need 23.426 GB to sort     52403834 kmers
Used 194.233 GB / 1511.166 GB to store  33966093055 kmers; need 23.430 GB to sort     52411252 kmers
Used 194.346 GB / 1511.166 GB to store  33991245949 kmers; need 23.452 GB to sort     52461979 kmers
Used 194.460 GB / 1511.166 GB to store  34016399250 kmers; need 23.467 GB to sort     52493813 kmers
Used 194.565 GB / 1511.166 GB to store  34039456051 kmers; need 23.492 GB to sort     52550447 kmers
Used 194.697 GB / 1511.166 GB to store  34068801659 kmers; need 23.496 GB to sort     52559072 kmers
Used 194.792 GB / 1511.166 GB to store  34089762271 kmers; need 23.531 GB to sort     52638856 kmers
Used 194.904 GB / 1511.166 GB to store  34114916164 kmers; need 23.544 GB to sort     52667349 kmers
Used 195.018 GB / 1511.166 GB to store  34140069822 kmers; need 23.562 GB to sort     52706851 kmers
Used 195.132 GB / 1511.166 GB to store  34165223902 kmers; need 23.589 GB to sort     52766970 kmers
Used 195.254 GB / 1511.166 GB to store  34192473857 kmers; need 23.600 GB to sort     52791338 kmers
Used 195.357 GB / 1511.166 GB to store  34215532052 kmers; need 23.623 GB to sort     52843349 kmers
Used 195.480 GB / 1511.166 GB to store  34242781228 kmers; need 23.637 GB to sort     52874106 kmers
Used 195.594 GB / 1511.166 GB to store  34267934885 kmers; need 23.655 GB to sort     52916114 kmers
Used 195.706 GB / 1511.166 GB to store  34293088213 kmers; need 23.670 GB to sort     52948260 kmers
Used 195.819 GB / 1511.166 GB to store  34318241957 kmers; need 23.691 GB to sort     52995607 kmers
Used 195.933 GB / 1511.166 GB to store  34343395318 kmers; need 23.711 GB to sort     53040660 kmers
Used 196.046 GB / 1511.166 GB to store  34368548978 kmers; need 23.724 GB to sort     53069318 kmers
Used 196.159 GB / 1511.166 GB to store  34393702611 kmers; need 23.746 GB to sort     53119672 kmers
Used 196.282 GB / 1511.166 GB to store  34420952091 kmers; need 23.762 GB to sort     53153874 kmers
Used 196.386 GB / 1511.166 GB to store  34444009191 kmers; need 23.787 GB to sort     53210864 kmers
Used 196.499 GB / 1511.166 GB to store  34469162248 kmers; need 23.804 GB to sort     53247788 kmers
Used 196.613 GB / 1511.166 GB to store  34494316666 kmers; need 23.819 GB to sort     53282465 kmers
Used 196.718 GB / 1511.166 GB to store  34517373759 kmers; need 23.842 GB to sort     53332559 kmers
Used 196.831 GB / 1511.166 GB to store  34542526881 kmers; need 23.861 GB to sort     53376548 kmers
Used 196.944 GB / 1511.166 GB to store  34567680216 kmers; need 23.880 GB to sort     53419309 kmers
Used 197.057 GB / 1511.166 GB to store  34592833575 kmers; need 23.895 GB to sort     53452141 kmers
Used 197.161 GB / 1511.166 GB to store  34615890491 kmers; need 23.916 GB to sort     53499553 kmers
Used 197.266 GB / 1511.166 GB to store  34638947388 kmers; need 23.940 GB to sort     53551921 kmers
Used 197.399 GB / 1511.166 GB to store  34668293324 kmers; need 23.940 GB to sort     53553616 kmers
Used 197.502 GB / 1511.166 GB to store  34691351393 kmers; need 23.966 GB to sort     53612055 kmers
Used 197.615 GB / 1511.166 GB to store  34716504272 kmers; need 23.986 GB to sort     53655085 kmers
Used 197.728 GB / 1511.166 GB to store  34741657824 kmers; need 24.003 GB to sort     53694666 kmers
Used 197.842 GB / 1511.166 GB to store  34766811369 kmers; need 24.019 GB to sort     53729280 kmers
Used 197.955 GB / 1511.166 GB to store  34791964444 kmers; need 24.039 GB to sort     53774573 kmers
Used 198.069 GB / 1511.166 GB to store  34817117483 kmers; need 24.055 GB to sort     53810120 kmers
Used 198.191 GB / 1511.166 GB to store  34844366876 kmers; need 24.060 GB to sort     53822280 kmers
Used 198.295 GB / 1511.166 GB to store  34867424347 kmers; need 24.088 GB to sort     53884026 kmers
Used 198.419 GB / 1511.166 GB to store  34894673589 kmers; need 24.097 GB to sort     53904190 kmers
Used 198.523 GB / 1511.166 GB to store  34917730825 kmers; need 24.121 GB to sort     53956954 kmers
Used 198.635 GB / 1511.166 GB to store  34942883519 kmers; need 24.137 GB to sort     53993983 kmers
Used 198.758 GB / 1511.166 GB to store  34970132057 kmers; need 24.144 GB to sort     54010309 kmers
Used 198.862 GB / 1511.166 GB to store  34993188715 kmers; need 24.181 GB to sort     54091628 kmers
Used 198.976 GB / 1511.166 GB to store  35018340766 kmers; need 24.194 GB to sort     54120947 kmers
Used 199.088 GB / 1511.166 GB to store  35043492473 kmers; need 24.213 GB to sort     54163823 kmers
Used 199.211 GB / 1511.166 GB to store  35070741071 kmers; need 24.225 GB to sort     54190614 kmers
Used 199.324 GB / 1511.166 GB to store  35095893997 kmers; need 24.245 GB to sort     54235680 kmers
Used 199.438 GB / 1511.166 GB to store  35121045782 kmers; need 24.264 GB to sort     54278597 kmers
Used 199.542 GB / 1511.166 GB to store  35144101475 kmers; need 24.288 GB to sort     54330397 kmers
Used 199.665 GB / 1511.166 GB to store  35171349992 kmers; need 24.297 GB to sort     54351423 kmers
Used 199.779 GB / 1511.166 GB to store  35196502309 kmers; need 24.310 GB to sort     54379974 kmers
Used 199.882 GB / 1511.166 GB to store  35219558774 kmers; need 24.335 GB to sort     54436007 kmers
Used 200.004 GB / 1511.166 GB to store  35246807956 kmers; need 24.345 GB to sort     54457978 kmers
Used 200.117 GB / 1511.166 GB to store  35271960403 kmers; need 24.368 GB to sort     54510385 kmers
Used 200.232 GB / 1511.166 GB to store  35297112896 kmers; need 24.391 GB to sort     54561396 kmers
Used 200.344 GB / 1511.166 GB to store  35322265135 kmers; need 24.404 GB to sort     54590719 kmers
Used 200.449 GB / 1511.166 GB to store  35345321566 kmers; need 24.431 GB to sort     54650993 kmers
Used 200.562 GB / 1511.166 GB to store  35370473577 kmers; need 24.448 GB to sort     54689562 kmers
Used 200.675 GB / 1511.166 GB to store  35395625870 kmers; need 24.466 GB to sort     54729349 kmers
Used 200.789 GB / 1511.166 GB to store  35420778548 kmers; need 24.485 GB to sort     54771877 kmers
Used 200.902 GB / 1511.166 GB to store  35445930746 kmers; need 24.503 GB to sort     54811859 kmers
Used 201.024 GB / 1511.166 GB to store  35473179505 kmers; need 24.515 GB to sort     54839778 kmers
Used 201.137 GB / 1511.166 GB to store  35498332006 kmers; need 24.534 GB to sort     54882747 kmers
Used 201.240 GB / 1511.166 GB to store  35521388535 kmers; need 24.559 GB to sort     54938164 kmers
Used 201.354 GB / 1511.166 GB to store  35546540510 kmers; need 24.575 GB to sort     54974234 kmers
Used 201.458 GB / 1511.166 GB to store  35569595960 kmers; need 24.598 GB to sort     55024570 kmers
Used 201.582 GB / 1511.166 GB to store  35596843990 kmers; need 24.604 GB to sort     55038528 kmers
Used 201.686 GB / 1511.166 GB to store  35619901020 kmers; need 24.628 GB to sort     55091698 kmers
Used 201.799 GB / 1511.166 GB to store  35645053293 kmers; need 24.648 GB to sort     55137079 kmers
Used 201.922 GB / 1511.166 GB to store  35672302141 kmers; need 24.656 GB to sort     55153510 kmers
Used 202.035 GB / 1511.166 GB to store  35697453653 kmers; need 24.673 GB to sort     55193212 kmers
Used 202.148 GB / 1511.166 GB to store  35722606371 kmers; need 24.692 GB to sort     55235152 kmers
Used 202.262 GB / 1511.166 GB to store  35747758015 kmers; need 24.714 GB to sort     55283444 kmers
Used 202.375 GB / 1511.166 GB to store  35772910194 kmers; need 24.731 GB to sort     55321880 kmers
Used 202.479 GB / 1511.166 GB to store  35795965695 kmers; need 24.753 GB to sort     55372396 kmers
Used 202.593 GB / 1511.166 GB to store  35821117057 kmers; need 24.766 GB to sort     55399957 kmers
Used 202.697 GB / 1511.166 GB to store  35844173101 kmers; need 24.788 GB to sort     55448840 kmers
Used 202.820 GB / 1511.166 GB to store  35871419848 kmers; need 24.806 GB to sort     55489364 kmers
Used 202.934 GB / 1511.166 GB to store  35896572281 kmers; need 24.825 GB to sort     55533107 kmers
Used 203.055 GB / 1511.166 GB to store  35923818878 kmers; need 24.837 GB to sort     55558903 kmers
Used 203.160 GB / 1511.166 GB to store  35946872689 kmers; need 24.858 GB to sort     55606761 kmers
Used 203.273 GB / 1511.166 GB to store  35972023158 kmers; need 24.875 GB to sort     55644324 kmers
Used 203.387 GB / 1511.166 GB to store  35997174102 kmers; need 24.897 GB to sort     55693931 kmers
Used 203.500 GB / 1511.166 GB to store  36022324817 kmers; need 24.913 GB to sort     55729680 kmers
Used 203.614 GB / 1511.166 GB to store  36047474960 kmers; need 24.929 GB to sort     55764690 kmers
Used 203.727 GB / 1511.166 GB to store  36072625925 kmers; need 24.949 GB to sort     55809625 kmers
Used 203.840 GB / 1511.166 GB to store  36097777084 kmers; need 24.962 GB to sort     55839084 kmers
Used 203.944 GB / 1511.166 GB to store  36120833029 kmers; need 24.990 GB to sort     55902635 kmers
Used 204.057 GB / 1511.166 GB to store  36145984614 kmers; need 25.004 GB to sort     55932580 kmers
Used 204.170 GB / 1511.166 GB to store  36171136855 kmers; need 25.024 GB to sort     55977493 kmers
Used 204.283 GB / 1511.166 GB to store  36196289087 kmers; need 25.038 GB to sort     56007970 kmers
Used 204.396 GB / 1511.166 GB to store  36221441351 kmers; need 25.057 GB to sort     56051580 kmers
Used 204.509 GB / 1511.166 GB to store  36246593171 kmers; need 25.077 GB to sort     56095428 kmers
Used 204.623 GB / 1511.166 GB to store  36271744381 kmers; need 25.093 GB to sort     56131769 kmers
Used 204.737 GB / 1511.166 GB to store  36296896011 kmers; need 25.114 GB to sort     56178300 kmers
Used 204.859 GB / 1511.166 GB to store  36324144628 kmers; need 25.125 GB to sort     56203087 kmers
Used 204.973 GB / 1511.166 GB to store  36349296726 kmers; need 25.147 GB to sort     56252563 kmers
Used 205.087 GB / 1511.166 GB to store  36374448387 kmers; need 25.159 GB to sort     56278739 kmers
Used 205.181 GB / 1511.166 GB to store  36395408413 kmers; need 25.192 GB to sort     56353485 kmers
Used 205.285 GB / 1511.166 GB to store  36418464320 kmers; need 25.219 GB to sort     56414163 kmers
Used 205.407 GB / 1511.166 GB to store  36445712616 kmers; need 25.226 GB to sort     56430316 kmers
Used 205.512 GB / 1511.166 GB to store  36468769011 kmers; need 25.248 GB to sort     56479570 kmers
Used 205.625 GB / 1511.166 GB to store  36493920930 kmers; need 25.269 GB to sort     56526585 kmers
Used 205.748 GB / 1511.166 GB to store  36521169166 kmers; need 25.281 GB to sort     56552720 kmers
Used 205.861 GB / 1511.166 GB to store  36546321099 kmers; need 25.302 GB to sort     56600446 kmers
Used 205.975 GB / 1511.166 GB to store  36571473295 kmers; need 25.317 GB to sort     56633781 kmers
Used 206.078 GB / 1511.166 GB to store  36594530477 kmers; need 25.339 GB to sort     56682760 kmers
Used 206.192 GB / 1511.166 GB to store  36619684556 kmers; need 25.360 GB to sort     56730016 kmers
Used 206.315 GB / 1511.166 GB to store  36646934029 kmers; need 25.371 GB to sort     56752858 kmers
Used 206.419 GB / 1511.166 GB to store  36669992249 kmers; need 25.392 GB to sort     56802045 kmers
Used 206.522 GB / 1511.166 GB to store  36693049845 kmers; need 25.418 GB to sort     56858438 kmers
Used 206.644 GB / 1511.166 GB to store  36720299965 kmers; need 25.428 GB to sort     56881212 kmers
Used 206.759 GB / 1511.166 GB to store  36745453653 kmers; need 25.446 GB to sort     56921597 kmers
Used 206.872 GB / 1511.166 GB to store  36770607379 kmers; need 25.464 GB to sort     56961453 kmers
Used 206.985 GB / 1511.166 GB to store  36795761089 kmers; need 25.480 GB to sort     56998117 kmers
Used 207.099 GB / 1511.166 GB to store  36820914144 kmers; need 25.496 GB to sort     57034489 kmers
Used 207.213 GB / 1511.166 GB to store  36846068058 kmers; need 25.525 GB to sort     57097593 kmers
Used 207.326 GB / 1511.166 GB to store  36871221615 kmers; need 25.540 GB to sort     57131395 kmers
Used 207.429 GB / 1511.166 GB to store  36894279289 kmers; need 25.568 GB to sort     57194386 kmers
Used 207.543 GB / 1511.166 GB to store  36919432739 kmers; need 25.579 GB to sort     57219565 kmers
Used 207.646 GB / 1511.166 GB to store  36942490198 kmers; need 25.603 GB to sort     57273005 kmers
Used 207.750 GB / 1511.166 GB to store  36965546844 kmers; need 25.638 GB to sort     57352317 kmers
Used 207.873 GB / 1511.166 GB to store  36992797212 kmers; need 25.646 GB to sort     57369095 kmers
Used 207.985 GB / 1511.166 GB to store  37017951111 kmers; need 25.673 GB to sort     57428954 kmers
Used 208.099 GB / 1511.166 GB to store  37043104574 kmers; need 25.684 GB to sort     57454950 kmers
Used 208.212 GB / 1511.166 GB to store  37068258600 kmers; need 25.700 GB to sort     57490128 kmers
Used 208.316 GB / 1511.166 GB to store  37091316912 kmers; need 25.725 GB to sort     57546627 kmers
Used 208.429 GB / 1511.166 GB to store  37116470426 kmers; need 25.746 GB to sort     57592364 kmers
Used 208.543 GB / 1511.166 GB to store  37141623766 kmers; need 25.770 GB to sort     57646040 kmers
Used 208.656 GB / 1511.166 GB to store  37166777823 kmers; need 25.789 GB to sort     57688810 kmers
Used 208.761 GB / 1511.166 GB to store  37189835792 kmers; need 25.816 GB to sort     57748359 kmers
Used 208.874 GB / 1511.166 GB to store  37214990172 kmers; need 25.831 GB to sort     57783194 kmers
Used 208.987 GB / 1511.166 GB to store  37240143765 kmers; need 25.851 GB to sort     57828603 kmers
Used 209.100 GB / 1511.166 GB to store  37265297259 kmers; need 25.872 GB to sort     57875221 kmers
Used 209.214 GB / 1511.166 GB to store  37290450594 kmers; need 25.889 GB to sort     57913382 kmers
Used 209.328 GB / 1511.166 GB to store  37315604383 kmers; need 25.909 GB to sort     57957215 kmers
Used 209.440 GB / 1511.166 GB to store  37340758433 kmers; need 25.930 GB to sort     58004639 kmers
Used 209.554 GB / 1511.166 GB to store  37365911858 kmers; need 25.945 GB to sort     58037094 kmers
Used 209.657 GB / 1511.166 GB to store  37388970261 kmers; need 25.968 GB to sort     58088428 kmers
Used 209.772 GB / 1511.166 GB to store  37414124133 kmers; need 25.983 GB to sort     58122035 kmers
Used 209.885 GB / 1511.166 GB to store  37439277439 kmers; need 25.999 GB to sort     58158402 kmers
Used 209.998 GB / 1511.166 GB to store  37464430811 kmers; need 26.018 GB to sort     58201440 kmers
Used 210.092 GB / 1511.166 GB to store  37485392275 kmers; need 26.049 GB to sort     58270994 kmers
Used 210.215 GB / 1511.166 GB to store  37512641234 kmers; need 26.069 GB to sort     58314276 kmers
Used 210.328 GB / 1511.166 GB to store  37537795569 kmers; need 26.082 GB to sort     58344372 kmers
Used 210.423 GB / 1511.166 GB to store  37558756798 kmers; need 26.114 GB to sort     58415608 kmers
Used 210.546 GB / 1511.166 GB to store  37586006823 kmers; need 26.118 GB to sort     58424685 kmers
Used 210.651 GB / 1511.166 GB to store  37609064404 kmers; need 26.148 GB to sort     58491051 kmers
Used 210.764 GB / 1511.166 GB to store  37634217313 kmers; need 26.168 GB to sort     58536456 kmers
Used 210.876 GB / 1511.166 GB to store  37659371651 kmers; need 26.186 GB to sort     58577578 kmers
Used 210.989 GB / 1511.166 GB to store  37684525392 kmers; need 26.200 GB to sort     58609397 kmers
Used 211.093 GB / 1511.166 GB to store  37707582456 kmers; need 26.231 GB to sort     58678594 kmers
Used 211.215 GB / 1511.166 GB to store  37734831568 kmers; need 26.237 GB to sort     58691542 kmers
Used 211.320 GB / 1511.166 GB to store  37757889217 kmers; need 26.264 GB to sort     58751342 kmers
Used 211.424 GB / 1511.166 GB to store  37780946423 kmers; need 26.288 GB to sort     58805378 kmers
Used 211.536 GB / 1511.166 GB to store  37806100699 kmers; need 26.303 GB to sort     58837942 kmers
Used 211.650 GB / 1511.166 GB to store  37831253473 kmers; need 26.315 GB to sort     58866427 kmers
Used 211.763 GB / 1511.166 GB to store  37856407497 kmers; need 26.333 GB to sort     58906058 kmers
Used 211.876 GB / 1511.166 GB to store  37881561122 kmers; need 26.350 GB to sort     58944236 kmers
Used 211.980 GB / 1511.166 GB to store  37904619156 kmers; need 26.377 GB to sort     59005200 kmers
Used 212.094 GB / 1511.166 GB to store  37929773443 kmers; need 26.394 GB to sort     59041364 kmers
Used 212.217 GB / 1511.166 GB to store  37957023187 kmers; need 26.403 GB to sort     59062578 kmers
Used 212.311 GB / 1511.166 GB to store  37977983768 kmers; need 26.438 GB to sort     59140854 kmers
Used 212.434 GB / 1511.166 GB to store  38005234414 kmers; need 26.448 GB to sort     59163534 kmers
Used 212.548 GB / 1511.166 GB to store  38030388115 kmers; need 26.463 GB to sort     59195861 kmers
Used 212.661 GB / 1511.166 GB to store  38055541889 kmers; need 26.474 GB to sort     59222261 kmers
Used 212.755 GB / 1511.166 GB to store  38076503657 kmers; need 26.513 GB to sort     59309394 kmers
Used 212.887 GB / 1511.166 GB to store  38105848634 kmers; need 26.513 GB to sort     59309394 kmers
Used 213.010 GB / 1511.166 GB to store  38133098807 kmers; need 26.524 GB to sort     59334048 kmers
Used 213.124 GB / 1511.166 GB to store  38158252508 kmers; need 26.553 GB to sort     59398621 kmers
Used 213.228 GB / 1511.166 GB to store  38181309305 kmers; need 26.576 GB to sort     59450199 kmers
Used 213.350 GB / 1511.166 GB to store  38208559548 kmers; need 26.586 GB to sort     59472595 kmers
Used 213.464 GB / 1511.166 GB to store  38233712657 kmers; need 26.604 GB to sort     59511602 kmers
Used 213.577 GB / 1511.166 GB to store  38258866367 kmers; need 26.620 GB to sort     59547545 kmers
Used 213.691 GB / 1511.166 GB to store  38284020547 kmers; need 26.642 GB to sort     59597798 kmers
Used 213.804 GB / 1511.166 GB to store  38309174258 kmers; need 26.660 GB to sort     59637114 kmers
Used 213.918 GB / 1511.166 GB to store  38334327542 kmers; need 26.675 GB to sort     59671919 kmers
Used 214.022 GB / 1511.166 GB to store  38357385326 kmers; need 26.701 GB to sort     59728278 kmers
Used 214.135 GB / 1511.166 GB to store  38382538809 kmers; need 26.714 GB to sort     59758353 kmers
Used 214.247 GB / 1511.166 GB to store  38407692052 kmers; need 26.732 GB to sort     59797599 kmers
Used 214.361 GB / 1511.166 GB to store  38432845414 kmers; need 26.752 GB to sort     59843700 kmers
Used 214.474 GB / 1511.166 GB to store  38457998879 kmers; need 26.769 GB to sort     59881405 kmers
Used 214.587 GB / 1511.166 GB to store  38483152416 kmers; need 26.788 GB to sort     59923792 kmers
Used 214.700 GB / 1511.166 GB to store  38508305444 kmers; need 26.802 GB to sort     59954965 kmers
Used 214.814 GB / 1511.166 GB to store  38533459392 kmers; need 26.821 GB to sort     59998180 kmers
Used 214.928 GB / 1511.166 GB to store  38558612801 kmers; need 26.838 GB to sort     60036403 kmers
Used 215.032 GB / 1511.166 GB to store  38581669875 kmers; need 26.879 GB to sort     60127431 kmers
Used 215.155 GB / 1511.166 GB to store  38608920067 kmers; need 26.890 GB to sort     60151239 kmers
Used 215.259 GB / 1511.166 GB to store  38631977470 kmers; need 26.916 GB to sort     60210007 kmers
Used 215.381 GB / 1511.166 GB to store  38659226832 kmers; need 26.926 GB to sort     60231344 kmers
Used 215.486 GB / 1511.166 GB to store  38682283254 kmers; need 26.947 GB to sort     60280466 kmers
Used 215.608 GB / 1511.166 GB to store  38709532762 kmers; need 26.958 GB to sort     60305017 kmers
Used 215.721 GB / 1511.166 GB to store  38734686180 kmers; need 26.977 GB to sort     60346857 kmers
Used 215.835 GB / 1511.166 GB to store  38759839351 kmers; need 27.009 GB to sort     60419081 kmers
Used 215.967 GB / 1511.166 GB to store  38789184859 kmers; need 27.009 GB to sort     60419081 kmers
Used 216.081 GB / 1511.166 GB to store  38814338047 kmers; need 27.022 GB to sort     60446851 kmers
Used 216.194 GB / 1511.166 GB to store  38839491904 kmers; need 27.042 GB to sort     60492257 kmers
Used 216.298 GB / 1511.166 GB to store  38862549654 kmers; need 27.069 GB to sort     60552286 kmers
Used 216.420 GB / 1511.166 GB to store  38889798802 kmers; need 27.081 GB to sort     60578059 kmers
Used 216.515 GB / 1511.166 GB to store  38910759499 kmers; need 27.112 GB to sort     60647858 kmers
Used 216.619 GB / 1511.166 GB to store  38933816112 kmers; need 27.140 GB to sort     60710213 kmers
Used 216.742 GB / 1511.166 GB to store  38961065853 kmers; need 27.147 GB to sort     60725831 kmers
Used 216.864 GB / 1511.166 GB to store  38988315807 kmers; need 27.176 GB to sort     60791392 kmers
Used 216.996 GB / 1511.166 GB to store  39017660805 kmers; need 27.197 GB to sort     60838689 kmers
Used 217.128 GB / 1511.166 GB to store  39047006466 kmers; need 27.197 GB to sort     60838689 kmers
Used 217.223 GB / 1511.166 GB to store  39067967051 kmers; need 27.233 GB to sort     60918568 kmers
Used 217.336 GB / 1511.166 GB to store  39093120082 kmers; need 27.244 GB to sort     60944288 kmers
Used 217.451 GB / 1511.166 GB to store  39118273690 kmers; need 27.258 GB to sort     60974307 kmers
Used 217.564 GB / 1511.166 GB to store  39143427076 kmers; need 27.271 GB to sort     61004522 kmers
Used 217.677 GB / 1511.166 GB to store  39168580743 kmers; need 27.295 GB to sort     61057967 kmers
Used 217.790 GB / 1511.166 GB to store  39193732791 kmers; need 27.307 GB to sort     61085840 kmers
Used 217.904 GB / 1511.166 GB to store  39218885307 kmers; need 27.322 GB to sort     61117252 kmers
Used 218.007 GB / 1511.166 GB to store  39241942938 kmers; need 27.345 GB to sort     61169567 kmers
Used 218.121 GB / 1511.166 GB to store  39267096288 kmers; need 27.359 GB to sort     61200020 kmers
Used 218.243 GB / 1511.166 GB to store  39294345923 kmers; need 27.373 GB to sort     61232313 kmers
Used 218.356 GB / 1511.166 GB to store  39319498741 kmers; need 27.392 GB to sort     61275070 kmers
Used 218.479 GB / 1511.166 GB to store  39346748254 kmers; need 27.404 GB to sort     61301546 kmers
Used 218.593 GB / 1511.166 GB to store  39371900581 kmers; need 27.425 GB to sort     61348967 kmers
Used 218.707 GB / 1511.166 GB to store  39397053885 kmers; need 27.448 GB to sort     61399478 kmers
Used 218.820 GB / 1511.166 GB to store  39422206376 kmers; need 27.464 GB to sort     61435361 kmers
Used 218.942 GB / 1511.166 GB to store  39449455769 kmers; need 27.476 GB to sort     61462456 kmers
Used 219.046 GB / 1511.166 GB to store  39472512430 kmers; need 27.505 GB to sort     61527022 kmers
Used 219.168 GB / 1511.166 GB to store  39499761087 kmers; need 27.511 GB to sort     61540433 kmers
Used 219.273 GB / 1511.166 GB to store  39522819012 kmers; need 27.538 GB to sort     61601548 kmers
Used 219.395 GB / 1511.166 GB to store  39550068546 kmers; need 27.552 GB to sort     61632215 kmers
Used 219.508 GB / 1511.166 GB to store  39575221271 kmers; need 27.579 GB to sort     61692503 kmers
Used 219.622 GB / 1511.166 GB to store  39600374253 kmers; need 27.592 GB to sort     61721375 kmers
Used 219.745 GB / 1511.166 GB to store  39627624171 kmers; need 27.603 GB to sort     61746653 kmers
Used 219.849 GB / 1511.166 GB to store  39650681649 kmers; need 27.625 GB to sort     61795400 kmers
Used 219.972 GB / 1511.166 GB to store  39677931266 kmers; need 27.635 GB to sort     61819286 kmers
Used 220.085 GB / 1511.166 GB to store  39703085078 kmers; need 27.658 GB to sort     61869738 kmers
Used 220.207 GB / 1511.166 GB to store  39730334254 kmers; need 27.670 GB to sort     61895659 kmers
Used 220.321 GB / 1511.166 GB to store  39755487452 kmers; need 27.694 GB to sort     61950207 kmers
Used 220.443 GB / 1511.166 GB to store  39782736977 kmers; need 27.706 GB to sort     61976274 kmers
Used 220.557 GB / 1511.166 GB to store  39807890286 kmers; need 27.724 GB to sort     62016656 kmers
Used 220.670 GB / 1511.166 GB to store  39833043160 kmers; need 27.749 GB to sort     62073832 kmers
Used 220.783 GB / 1511.166 GB to store  39858196124 kmers; need 27.767 GB to sort     62113415 kmers
Used 220.897 GB / 1511.166 GB to store  39883346653 kmers; need 27.780 GB to sort     62141962 kmers
Used 221.010 GB / 1511.166 GB to store  39908497536 kmers; need 27.791 GB to sort     62168312 kmers
Used 221.124 GB / 1511.166 GB to store  39933648158 kmers; need 27.819 GB to sort     62229843 kmers
Used 221.246 GB / 1511.166 GB to store  39960898090 kmers; need 27.829 GB to sort     62253463 kmers
Used 221.360 GB / 1511.166 GB to store  39986050828 kmers; need 27.846 GB to sort     62291367 kmers
Used 221.474 GB / 1511.166 GB to store  40011203500 kmers; need 27.862 GB to sort     62327224 kmers
Used 221.587 GB / 1511.166 GB to store  40036356156 kmers; need 27.882 GB to sort     62370819 kmers
Used 221.700 GB / 1511.166 GB to store  40061509501 kmers; need 27.899 GB to sort     62409325 kmers
Used 221.813 GB / 1511.166 GB to store  40086662121 kmers; need 27.917 GB to sort     62448308 kmers
Used 221.927 GB / 1511.166 GB to store  40111815845 kmers; need 27.933 GB to sort     62484401 kmers
Used 222.031 GB / 1511.166 GB to store  40134873131 kmers; need 27.959 GB to sort     62543415 kmers
Used 222.144 GB / 1511.166 GB to store  40160026663 kmers; need 27.976 GB to sort     62580925 kmers
Used 222.258 GB / 1511.166 GB to store  40185179803 kmers; need 27.992 GB to sort     62617218 kmers
Used 222.371 GB / 1511.166 GB to store  40210333006 kmers; need 28.014 GB to sort     62665494 kmers
Used 222.483 GB / 1511.166 GB to store  40235485008 kmers; need 28.031 GB to sort     62704264 kmers
Used 222.588 GB / 1511.166 GB to store  40258541967 kmers; need 28.054 GB to sort     62756710 kmers
Used 222.701 GB / 1511.166 GB to store  40283695405 kmers; need 28.069 GB to sort     62788284 kmers
Used 222.814 GB / 1511.166 GB to store  40308848302 kmers; need 28.091 GB to sort     62837767 kmers
Used 222.928 GB / 1511.166 GB to store  40334001287 kmers; need 28.103 GB to sort     62865176 kmers
Used 223.042 GB / 1511.166 GB to store  40359154634 kmers; need 28.119 GB to sort     62901778 kmers
Used 223.144 GB / 1511.166 GB to store  40382212399 kmers; need 28.148 GB to sort     62967020 kmers
Used 223.258 GB / 1511.166 GB to store  40407365269 kmers; need 28.162 GB to sort     62996819 kmers
Used 223.371 GB / 1511.166 GB to store  40432518834 kmers; need 28.182 GB to sort     63042338 kmers
Used 223.475 GB / 1511.166 GB to store  40455576348 kmers; need 28.205 GB to sort     63092547 kmers
Used 223.598 GB / 1511.166 GB to store  40482825440 kmers; need 28.220 GB to sort     63127128 kmers
Used 223.720 GB / 1511.166 GB to store  40510074237 kmers; need 28.236 GB to sort     63161956 kmers
Used 223.834 GB / 1511.166 GB to store  40535228124 kmers; need 28.255 GB to sort     63205077 kmers
Used 223.947 GB / 1511.166 GB to store  40560381682 kmers; need 28.267 GB to sort     63232204 kmers
Used 224.060 GB / 1511.166 GB to store  40585535542 kmers; need 28.292 GB to sort     63287861 kmers
Used 224.175 GB / 1511.166 GB to store  40610688778 kmers; need 28.308 GB to sort     63323499 kmers
Used 224.287 GB / 1511.166 GB to store  40635842180 kmers; need 28.326 GB to sort     63363119 kmers
Used 224.401 GB / 1511.166 GB to store  40660995938 kmers; need 28.348 GB to sort     63412305 kmers
Used 224.524 GB / 1511.166 GB to store  40688246379 kmers; need 28.359 GB to sort     63439038 kmers
Used 224.628 GB / 1511.166 GB to store  40711304839 kmers; need 28.384 GB to sort     63494786 kmers
Used 224.750 GB / 1511.166 GB to store  40738554812 kmers; need 28.401 GB to sort     63531129 kmers
Used 224.864 GB / 1511.166 GB to store  40763708934 kmers; need 28.422 GB to sort     63579155 kmers
Used 224.976 GB / 1511.166 GB to store  40788862702 kmers; need 28.438 GB to sort     63614166 kmers
Used 225.090 GB / 1511.166 GB to store  40814017209 kmers; need 28.458 GB to sort     63660316 kmers
Used 225.204 GB / 1511.166 GB to store  40839171347 kmers; need 28.474 GB to sort     63694634 kmers
Used 225.317 GB / 1511.166 GB to store  40864325298 kmers; need 28.490 GB to sort     63730926 kmers
Used 225.420 GB / 1511.166 GB to store  40887382833 kmers; need 28.513 GB to sort     63781993 kmers
Used 225.533 GB / 1511.166 GB to store  40912536496 kmers; need 28.529 GB to sort     63818451 kmers
Used 225.638 GB / 1511.166 GB to store  40935593959 kmers; need 28.556 GB to sort     63877886 kmers
Used 225.751 GB / 1511.166 GB to store  40960747471 kmers; need 28.576 GB to sort     63923100 kmers
Used 225.856 GB / 1511.166 GB to store  40983805294 kmers; need 28.596 GB to sort     63968951 kmers
Used 225.968 GB / 1511.166 GB to store  41008959205 kmers; need 28.611 GB to sort     64001680 kmers
Used 226.082 GB / 1511.166 GB to store  41034112640 kmers; need 28.626 GB to sort     64035012 kmers
Used 226.186 GB / 1511.166 GB to store  41057169648 kmers; need 28.651 GB to sort     64091242 kmers
Used 226.308 GB / 1511.166 GB to store  41084419872 kmers; need 28.661 GB to sort     64114564 kmers
Used 226.412 GB / 1511.166 GB to store  41107477104 kmers; need 28.683 GB to sort     64162883 kmers
Used 226.516 GB / 1511.166 GB to store  41130534305 kmers; need 28.709 GB to sort     64220626 kmers
Used 226.631 GB / 1511.166 GB to store  41155687634 kmers; need 28.727 GB to sort     64260408 kmers
Used 226.744 GB / 1511.166 GB to store  41180841765 kmers; need 28.746 GB to sort     64304144 kmers
Used 226.866 GB / 1511.166 GB to store  41208091243 kmers; need 28.757 GB to sort     64327262 kmers
Used 226.970 GB / 1511.166 GB to store  41231147940 kmers; need 28.784 GB to sort     64387914 kmers
Used 227.093 GB / 1511.166 GB to store  41258397490 kmers; need 28.793 GB to sort     64408666 kmers
Used 227.197 GB / 1511.166 GB to store  41281454156 kmers; need 28.816 GB to sort     64460007 kmers
Used 227.320 GB / 1511.166 GB to store  41308703904 kmers; need 28.829 GB to sort     64489456 kmers
Used 227.424 GB / 1511.166 GB to store  41331760802 kmers; need 28.852 GB to sort     64540183 kmers
Used 227.527 GB / 1511.166 GB to store  41354818054 kmers; need 28.877 GB to sort     64596567 kmers
Used 227.650 GB / 1511.166 GB to store  41382067985 kmers; need 28.900 GB to sort     64649242 kmers
Used 227.774 GB / 1511.166 GB to store  41409317803 kmers; need 28.917 GB to sort     64685585 kmers
Used 227.896 GB / 1511.166 GB to store  41436567629 kmers; need 28.931 GB to sort     64718031 kmers
Used 228.000 GB / 1511.166 GB to store  41459624798 kmers; need 28.955 GB to sort     64771296 kmers
Used 228.122 GB / 1511.166 GB to store  41486874526 kmers; need 28.967 GB to sort     64797974 kmers
Used 228.226 GB / 1511.166 GB to store  41509930824 kmers; need 28.990 GB to sort     64848883 kmers
Used 228.338 GB / 1511.166 GB to store  41535084314 kmers; need 29.008 GB to sort     64889174 kmers
Used 228.452 GB / 1511.166 GB to store  41560238273 kmers; need 29.030 GB to sort     64938274 kmers
Used 228.566 GB / 1511.166 GB to store  41585391576 kmers; need 29.047 GB to sort     64976008 kmers
Used 228.679 GB / 1511.166 GB to store  41610545150 kmers; need 29.064 GB to sort     65016152 kmers
Used 228.793 GB / 1511.166 GB to store  41635698973 kmers; need 29.083 GB to sort     65056642 kmers
Used 228.896 GB / 1511.166 GB to store  41658757042 kmers; need 29.109 GB to sort     65115062 kmers
Used 229.010 GB / 1511.166 GB to store  41683911582 kmers; need 29.126 GB to sort     65153567 kmers
Used 229.123 GB / 1511.166 GB to store  41709064458 kmers; need 29.140 GB to sort     65186063 kmers
Used 229.236 GB / 1511.166 GB to store  41734217797 kmers; need 29.152 GB to sort     65212953 kmers
Used 229.339 GB / 1511.166 GB to store  41757275403 kmers; need 29.180 GB to sort     65274617 kmers
Used 229.453 GB / 1511.166 GB to store  41782429402 kmers; need 29.199 GB to sort     65316462 kmers
Used 229.567 GB / 1511.166 GB to store  41807583466 kmers; need 29.219 GB to sort     65362203 kmers
Used 229.680 GB / 1511.166 GB to store  41832737671 kmers; need 29.237 GB to sort     65402314 kmers
Used 229.784 GB / 1511.166 GB to store  41855795660 kmers; need 29.260 GB to sort     65454314 kmers
Used 229.898 GB / 1511.166 GB to store  41880949854 kmers; need 29.278 GB to sort     65493117 kmers
Used 230.020 GB / 1511.166 GB to store  41908200024 kmers; need 29.290 GB to sort     65519961 kmers
Used 230.134 GB / 1511.166 GB to store  41933353316 kmers; need 29.308 GB to sort     65561972 kmers
Used 230.247 GB / 1511.166 GB to store  41958507148 kmers; need 29.332 GB to sort     65614079 kmers
Used 230.360 GB / 1511.166 GB to store  41983660320 kmers; need 29.349 GB to sort     65653674 kmers
Used 230.474 GB / 1511.166 GB to store  42008813896 kmers; need 29.374 GB to sort     65708419 kmers
Used 230.587 GB / 1511.166 GB to store  42033967296 kmers; need 29.390 GB to sort     65743649 kmers
Used 230.691 GB / 1511.166 GB to store  42057025265 kmers; need 29.423 GB to sort     65818095 kmers
Used 230.814 GB / 1511.166 GB to store  42084275287 kmers; need 29.429 GB to sort     65830938 kmers
Used 230.917 GB / 1511.166 GB to store  42107332608 kmers; need 29.453 GB to sort     65885647 kmers
Used 231.040 GB / 1511.166 GB to store  42134582385 kmers; need 29.463 GB to sort     65908103 kmers
Used 231.154 GB / 1511.166 GB to store  42159735763 kmers; need 29.493 GB to sort     65975059 kmers
Used 231.277 GB / 1511.166 GB to store  42186985527 kmers; need 29.504 GB to sort     65999350 kmers
Used 231.390 GB / 1511.166 GB to store  42212138974 kmers; need 29.524 GB to sort     66044940 kmers
Used 231.504 GB / 1511.166 GB to store  42237292753 kmers; need 29.541 GB to sort     66081847 kmers
Used 231.617 GB / 1511.166 GB to store  42262446544 kmers; need 29.562 GB to sort     66128331 kmers
Used 231.720 GB / 1511.166 GB to store  42285503857 kmers; need 29.591 GB to sort     66193259 kmers
Used 231.843 GB / 1511.166 GB to store  42312752976 kmers; need 29.595 GB to sort     66202631 kmers
Used 231.956 GB / 1511.166 GB to store  42337906092 kmers; need 29.611 GB to sort     66237568 kmers
Used 232.070 GB / 1511.166 GB to store  42363059584 kmers; need 29.635 GB to sort     66292229 kmers
Used 232.193 GB / 1511.166 GB to store  42390308882 kmers; need 29.642 GB to sort     66309006 kmers
Used 232.305 GB / 1511.166 GB to store  42415462280 kmers; need 29.659 GB to sort     66346721 kmers
Used 232.419 GB / 1511.166 GB to store  42440614184 kmers; need 29.672 GB to sort     66376190 kmers
Used 232.523 GB / 1511.166 GB to store  42463671283 kmers; need 29.696 GB to sort     66429258 kmers
Used 232.637 GB / 1511.166 GB to store  42488824940 kmers; need 29.718 GB to sort     66477185 kmers
Used 232.750 GB / 1511.166 GB to store  42513977460 kmers; need 29.730 GB to sort     66505981 kmers
Used 232.864 GB / 1511.166 GB to store  42539130899 kmers; need 29.748 GB to sort     66544623 kmers
Used 232.976 GB / 1511.166 GB to store  42564283906 kmers; need 29.764 GB to sort     66581543 kmers
Used 233.080 GB / 1511.166 GB to store  42587340877 kmers; need 29.793 GB to sort     66646486 kmers
Used 233.194 GB / 1511.166 GB to store  42612494048 kmers; need 29.807 GB to sort     66677062 kmers
Used 233.308 GB / 1511.166 GB to store  42637646984 kmers; need 29.829 GB to sort     66727226 kmers
Used 233.421 GB / 1511.166 GB to store  42662800397 kmers; need 29.842 GB to sort     66754679 kmers
Used 233.534 GB / 1511.166 GB to store  42687953852 kmers; need 29.856 GB to sort     66786159 kmers
Used 233.610 GB / 1511.166 GB to store  42704722527 kmers; need 29.907 GB to sort     66901133 kmers
Used 233.742 GB / 1511.166 GB to store  42734068052 kmers; need 29.907 GB to sort     66901133 kmers
Used 233.856 GB / 1511.166 GB to store  42759220703 kmers; need 29.918 GB to sort     66925696 kmers
Used 233.969 GB / 1511.166 GB to store  42784373355 kmers; need 29.932 GB to sort     66955771 kmers
Used 234.083 GB / 1511.166 GB to store  42809526624 kmers; need 29.953 GB to sort     67004028 kmers
Used 234.206 GB / 1511.166 GB to store  42836774325 kmers; need 29.968 GB to sort     67037262 kmers
Used 234.310 GB / 1511.166 GB to store  42859830851 kmers; need 29.990 GB to sort     67086308 kmers
Used 234.432 GB / 1511.166 GB to store  42887079034 kmers; need 30.001 GB to sort     67110181 kmers
Used 234.537 GB / 1511.166 GB to store  42910134545 kmers; need 30.023 GB to sort     67159487 kmers
Used 234.649 GB / 1511.166 GB to store  42935286836 kmers; need 30.037 GB to sort     67191545 kmers
Used 234.763 GB / 1511.166 GB to store  42960439480 kmers; need 30.053 GB to sort     67227611 kmers
Used 234.876 GB / 1511.166 GB to store  42985591606 kmers; need 30.067 GB to sort     67258749 kmers
Used 234.999 GB / 1511.166 GB to store  43012839866 kmers; need 30.077 GB to sort     67281132 kmers
Used 235.112 GB / 1511.166 GB to store  43037991735 kmers; need 30.097 GB to sort     67326025 kmers
Used 235.225 GB / 1511.166 GB to store  43063144663 kmers; need 30.119 GB to sort     67375572 kmers
Used 235.338 GB / 1511.166 GB to store  43088296620 kmers; need 30.139 GB to sort     67419059 kmers
Used 235.451 GB / 1511.166 GB to store  43113449589 kmers; need 30.152 GB to sort     67448605 kmers
Used 235.566 GB / 1511.166 GB to store  43138602310 kmers; need 30.172 GB to sort     67493596 kmers
Used 235.679 GB / 1511.166 GB to store  43163754168 kmers; need 30.188 GB to sort     67529274 kmers
Used 235.801 GB / 1511.166 GB to store  43191002668 kmers; need 30.201 GB to sort     67559447 kmers
Used 235.904 GB / 1511.166 GB to store  43214058730 kmers; need 30.225 GB to sort     67612104 kmers
Used 236.019 GB / 1511.166 GB to store  43239210676 kmers; need 30.246 GB to sort     67659685 kmers
Used 236.133 GB / 1511.166 GB to store  43264362849 kmers; need 30.261 GB to sort     67693316 kmers
Used 236.246 GB / 1511.166 GB to store  43289515457 kmers; need 30.276 GB to sort     67726337 kmers
Used 236.349 GB / 1511.166 GB to store  43312571025 kmers; need 30.304 GB to sort     67789556 kmers
Used 236.463 GB / 1511.166 GB to store  43337722115 kmers; need 30.317 GB to sort     67816876 kmers
Used 236.576 GB / 1511.166 GB to store  43362872473 kmers; need 30.333 GB to sort     67854787 kmers
Used 236.679 GB / 1511.166 GB to store  43385927659 kmers; need 30.356 GB to sort     67904911 kmers
Used 236.794 GB / 1511.166 GB to store  43411078799 kmers; need 30.368 GB to sort     67931290 kmers
Used 236.907 GB / 1511.166 GB to store  43436231056 kmers; need 30.385 GB to sort     67970837 kmers
Used 237.020 GB / 1511.166 GB to store  43461383818 kmers; need 30.411 GB to sort     68028765 kmers
Used 237.144 GB / 1511.166 GB to store  43488631915 kmers; need 30.423 GB to sort     68054182 kmers
Used 237.266 GB / 1511.166 GB to store  43515880501 kmers; need 30.432 GB to sort     68074334 kmers
Used 237.369 GB / 1511.166 GB to store  43538937428 kmers; need 30.459 GB to sort     68136011 kmers
Used 237.483 GB / 1511.166 GB to store  43564090837 kmers; need 30.480 GB to sort     68182445 kmers
Used 237.596 GB / 1511.166 GB to store  43589243483 kmers; need 30.497 GB to sort     68219721 kmers
Used 237.700 GB / 1511.166 GB to store  43612301012 kmers; need 30.540 GB to sort     68316905 kmers
Used 237.823 GB / 1511.166 GB to store  43639549961 kmers; need 30.548 GB to sort     68335233 kmers
Used 237.945 GB / 1511.166 GB to store  43666798778 kmers; need 30.559 GB to sort     68359214 kmers
Used 238.041 GB / 1511.166 GB to store  43687759612 kmers; need 30.589 GB to sort     68426648 kmers
Used 238.153 GB / 1511.166 GB to store  43712912795 kmers; need 30.609 GB to sort     68470688 kmers
Used 238.275 GB / 1511.166 GB to store  43740161650 kmers; need 30.620 GB to sort     68496361 kmers
Used 238.389 GB / 1511.166 GB to store  43765314873 kmers; need 30.638 GB to sort     68535438 kmers
Used 238.484 GB / 1511.166 GB to store  43786276175 kmers; need 30.671 GB to sort     68609896 kmers
Used 238.606 GB / 1511.166 GB to store  43813525833 kmers; need 30.674 GB to sort     68616994 kmers
Used 238.720 GB / 1511.166 GB to store  43838678628 kmers; need 30.695 GB to sort     68662883 kmers
Used 238.824 GB / 1511.166 GB to store  43861735471 kmers; need 30.717 GB to sort     68712476 kmers
Used 238.936 GB / 1511.166 GB to store  43886888264 kmers; need 30.733 GB to sort     68748497 kmers
Used 239.051 GB / 1511.166 GB to store  43912040690 kmers; need 30.752 GB to sort     68791500 kmers
Used 239.164 GB / 1511.166 GB to store  43937193420 kmers; need 30.767 GB to sort     68824755 kmers
Used 239.268 GB / 1511.166 GB to store  43960249881 kmers; need 30.793 GB to sort     68883505 kmers
Used 239.391 GB / 1511.166 GB to store  43987497330 kmers; need 30.813 GB to sort     68926863 kmers
Used 239.513 GB / 1511.166 GB to store  44014745842 kmers; need 30.823 GB to sort     68950630 kmers
Used 239.617 GB / 1511.166 GB to store  44037802363 kmers; need 30.852 GB to sort     69015190 kmers
Used 239.750 GB / 1511.166 GB to store  44067146968 kmers; need 30.852 GB to sort     69015190 kmers
Used 239.844 GB / 1511.166 GB to store  44088107606 kmers; need 30.884 GB to sort     69085712 kmers
Used 239.966 GB / 1511.166 GB to store  44115355545 kmers; need 30.891 GB to sort     69102563 kmers
Used 240.070 GB / 1511.166 GB to store  44138411978 kmers; need 30.922 GB to sort     69170824 kmers
Used 240.183 GB / 1511.166 GB to store  44163564444 kmers; need 30.943 GB to sort     69218122 kmers
Used 240.297 GB / 1511.166 GB to store  44188715081 kmers; need 30.956 GB to sort     69248246 kmers
Used 240.420 GB / 1511.166 GB to store  44215959303 kmers; need 30.970 GB to sort     69279786 kmers
Used 240.532 GB / 1511.166 GB to store  44241109660 kmers; need 30.988 GB to sort     69318715 kmers
Used 240.627 GB / 1511.166 GB to store  44262068384 kmers; need 31.026 GB to sort     69404537 kmers
Used 240.760 GB / 1511.166 GB to store  44291411160 kmers; need 31.026 GB to sort     69404537 kmers
Used 240.873 GB / 1511.166 GB to store  44316562255 kmers; need 31.047 GB to sort     69451792 kmers
Used 240.977 GB / 1511.166 GB to store  44339616561 kmers; need 31.076 GB to sort     69516612 kmers
Used 241.100 GB / 1511.166 GB to store  44366862616 kmers; need 31.085 GB to sort     69536949 kmers
Used 241.223 GB / 1511.166 GB to store  44394109026 kmers; need 31.097 GB to sort     69563849 kmers
Used 241.337 GB / 1511.166 GB to store  44419260441 kmers; need 31.116 GB to sort     69604656 kmers
Used 241.440 GB / 1511.166 GB to store  44442315254 kmers; need 31.145 GB to sort     69671175 kmers
Used 241.562 GB / 1511.166 GB to store  44469561985 kmers; need 31.151 GB to sort     69682511 kmers
Used 241.676 GB / 1511.166 GB to store  44494713262 kmers; need 31.172 GB to sort     69730119 kmers
Used 241.789 GB / 1511.166 GB to store  44519863486 kmers; need 31.191 GB to sort     69772427 kmers
Used 241.913 GB / 1511.166 GB to store  44547110275 kmers; need 31.199 GB to sort     69791978 kmers
Used 242.017 GB / 1511.166 GB to store  44570165124 kmers; need 31.224 GB to sort     69846681 kmers
Used 242.121 GB / 1511.166 GB to store  44593220335 kmers; need 31.248 GB to sort     69901484 kmers
Used 242.244 GB / 1511.166 GB to store  44620466933 kmers; need 31.256 GB to sort     69919531 kmers
Used 242.357 GB / 1511.166 GB to store  44645618271 kmers; need 31.270 GB to sort     69950416 kmers
Used 242.469 GB / 1511.166 GB to store  44670769041 kmers; need 31.298 GB to sort     70012843 kmers
Used 242.602 GB / 1511.166 GB to store  44700111510 kmers; need 31.299 GB to sort     70015763 kmers
Used 242.706 GB / 1511.166 GB to store  44723166571 kmers; need 31.323 GB to sort     70067770 kmers
Used 242.819 GB / 1511.166 GB to store  44748317521 kmers; need 31.339 GB to sort     70104806 kmers
Used 242.942 GB / 1511.166 GB to store  44775564957 kmers; need 31.349 GB to sort     70126206 kmers
Used 243.037 GB / 1511.166 GB to store  44796524153 kmers; need 31.384 GB to sort     70204349 kmers
Used 243.169 GB / 1511.166 GB to store  44825866037 kmers; need 31.385 GB to sort     70207791 kmers
Used 243.282 GB / 1511.166 GB to store  44851016932 kmers; need 31.403 GB to sort     70247094 kmers
Used 243.396 GB / 1511.166 GB to store  44876167628 kmers; need 31.420 GB to sort     70286202 kmers
Used 243.509 GB / 1511.166 GB to store  44901318183 kmers; need 31.439 GB to sort     70326974 kmers
Used 243.622 GB / 1511.166 GB to store  44926468650 kmers; need 31.455 GB to sort     70364037 kmers
Used 243.736 GB / 1511.166 GB to store  44951618902 kmers; need 31.470 GB to sort     70396769 kmers
Used 243.840 GB / 1511.166 GB to store  44974672695 kmers; need 31.492 GB to sort     70446519 kmers
Used 243.953 GB / 1511.166 GB to store  44999823105 kmers; need 31.508 GB to sort     70482449 kmers
Used 244.076 GB / 1511.166 GB to store  45027068300 kmers; need 31.518 GB to sort     70505563 kmers
Used 244.179 GB / 1511.166 GB to store  45050122398 kmers; need 31.540 GB to sort     70552947 kmers
Used 244.292 GB / 1511.166 GB to store  45075271908 kmers; need 31.558 GB to sort     70593869 kmers
Used 244.416 GB / 1511.166 GB to store  45102516211 kmers; need 31.563 GB to sort     70604318 kmers
Used 244.519 GB / 1511.166 GB to store  45125568489 kmers; need 31.584 GB to sort     70652802 kmers
Used 244.633 GB / 1511.166 GB to store  45150717832 kmers; need 31.596 GB to sort     70678015 kmers
Used 244.737 GB / 1511.166 GB to store  45173769509 kmers; need 31.619 GB to sort     70730697 kmers
Used 244.850 GB / 1511.166 GB to store  45198918391 kmers; need 31.632 GB to sort     70759097 kmers
Used 244.954 GB / 1511.166 GB to store  45221971660 kmers; need 31.657 GB to sort     70815123 kmers
Used 245.068 GB / 1511.166 GB to store  45247120986 kmers; need 31.676 GB to sort     70858951 kmers
Used 245.190 GB / 1511.166 GB to store  45274366106 kmers; need 31.686 GB to sort     70881183 kmers
Used 245.303 GB / 1511.166 GB to store  45299515258 kmers; need 31.704 GB to sort     70919645 kmers
Used 245.416 GB / 1511.166 GB to store  45324664232 kmers; need 31.722 GB to sort     70960596 kmers
Used 245.530 GB / 1511.166 GB to store  45349814047 kmers; need 31.738 GB to sort     70996520 kmers
Used 245.642 GB / 1511.166 GB to store  45374963625 kmers; need 31.752 GB to sort     71028075 kmers
Used 245.745 GB / 1511.166 GB to store  45398017535 kmers; need 31.776 GB to sort     71080878 kmers
Used 245.859 GB / 1511.166 GB to store  45423167335 kmers; need 31.796 GB to sort     71125374 kmers
Used 245.964 GB / 1511.166 GB to store  45446221295 kmers; need 31.827 GB to sort     71195665 kmers
Used 246.077 GB / 1511.166 GB to store  45471371010 kmers; need 31.850 GB to sort     71248273 kmers
Used 246.190 GB / 1511.166 GB to store  45496521204 kmers; need 31.870 GB to sort     71290878 kmers
Used 246.313 GB / 1511.166 GB to store  45523767875 kmers; need 31.876 GB to sort     71305564 kmers
Used 246.417 GB / 1511.166 GB to store  45546822737 kmers; need 31.898 GB to sort     71355009 kmers
Used 246.531 GB / 1511.166 GB to store  45571973122 kmers; need 31.916 GB to sort     71395409 kmers
Used 246.634 GB / 1511.166 GB to store  45595028247 kmers; need 31.940 GB to sort     71449580 kmers
Used 246.747 GB / 1511.166 GB to store  45620179969 kmers; need 31.954 GB to sort     71480387 kmers
Used 246.862 GB / 1511.166 GB to store  45645330986 kmers; need 31.973 GB to sort     71522167 kmers
Used 246.974 GB / 1511.166 GB to store  45670481805 kmers; need 31.988 GB to sort     71555307 kmers
Used 247.088 GB / 1511.166 GB to store  45695633076 kmers; need 32.000 GB to sort     71581935 kmers
Used 247.192 GB / 1511.166 GB to store  45718688088 kmers; need 32.023 GB to sort     71634313 kmers
Used 247.314 GB / 1511.166 GB to store  45745935173 kmers; need 32.029 GB to sort     71648146 kmers
Used 247.419 GB / 1511.166 GB to store  45768990532 kmers; need 32.057 GB to sort     71710425 kmers
Used 247.531 GB / 1511.166 GB to store  45794141254 kmers; need 32.076 GB to sort     71752925 kmers
Used 247.654 GB / 1511.166 GB to store  45821388514 kmers; need 32.082 GB to sort     71765487 kmers
Used 247.758 GB / 1511.166 GB to store  45844443623 kmers; need 32.109 GB to sort     71825612 kmers
Used 247.862 GB / 1511.166 GB to store  45867498782 kmers; need 32.132 GB to sort     71878185 kmers
Used 247.984 GB / 1511.166 GB to store  45894745978 kmers; need 32.138 GB to sort     71891426 kmers
Used 248.079 GB / 1511.166 GB to store  45915704952 kmers; need 32.182 GB to sort     71989222 kmers
Used 248.211 GB / 1511.166 GB to store  45945048046 kmers; need 32.182 GB to sort     71989222 kmers
Used 248.325 GB / 1511.166 GB to store  45970199823 kmers; need 32.198 GB to sort     72026799 kmers
Used 248.448 GB / 1511.166 GB to store  45997446700 kmers; need 32.205 GB to sort     72041642 kmers
Used 248.561 GB / 1511.166 GB to store  46022598296 kmers; need 32.224 GB to sort     72084472 kmers
Used 248.665 GB / 1511.166 GB to store  46045654226 kmers; need 32.246 GB to sort     72132803 kmers
Used 248.779 GB / 1511.166 GB to store  46070805511 kmers; need 32.262 GB to sort     72169412 kmers
Used 248.891 GB / 1511.166 GB to store  46095956623 kmers; need 32.277 GB to sort     72202663 kmers
Used 249.023 GB / 1511.166 GB to store  46125299384 kmers; need 32.300 GB to sort     72254795 kmers
Used 249.137 GB / 1511.166 GB to store  46150450488 kmers; need 32.319 GB to sort     72297076 kmers
Used 249.240 GB / 1511.166 GB to store  46173504766 kmers; need 32.345 GB to sort     72355002 kmers
Used 249.364 GB / 1511.166 GB to store  46200751894 kmers; need 32.360 GB to sort     72388400 kmers
Used 249.477 GB / 1511.166 GB to store  46225902714 kmers; need 32.377 GB to sort     72426528 kmers
Used 249.591 GB / 1511.166 GB to store  46251053719 kmers; need 32.397 GB to sort     72470118 kmers
Used 249.723 GB / 1511.166 GB to store  46280396282 kmers; need 32.397 GB to sort     72470118 kmers
Used 249.817 GB / 1511.166 GB to store  46301355061 kmers; need 32.430 GB to sort     72544132 kmers
Used 249.949 GB / 1511.166 GB to store  46330697490 kmers; need 32.434 GB to sort     72553360 kmers
Used 250.063 GB / 1511.166 GB to store  46355849004 kmers; need 32.447 GB to sort     72583706 kmers
Used 250.167 GB / 1511.166 GB to store  46378904498 kmers; need 32.472 GB to sort     72638517 kmers
Used 250.280 GB / 1511.166 GB to store  46404055863 kmers; need 32.484 GB to sort     72665464 kmers
Used 250.402 GB / 1511.166 GB to store  46431303818 kmers; need 32.505 GB to sort     72712937 kmers
Used 250.507 GB / 1511.166 GB to store  46454359102 kmers; need 32.527 GB to sort     72762199 kmers
Used 250.629 GB / 1511.166 GB to store  46481606080 kmers; need 32.537 GB to sort     72784555 kmers
Used 250.743 GB / 1511.166 GB to store  46506757152 kmers; need 32.554 GB to sort     72822762 kmers
Used 250.847 GB / 1511.166 GB to store  46529812549 kmers; need 32.583 GB to sort     72886719 kmers
Used 250.970 GB / 1511.166 GB to store  46557060329 kmers; need 32.586 GB to sort     72893325 kmers
Used 251.082 GB / 1511.166 GB to store  46582211621 kmers; need 32.607 GB to sort     72939929 kmers
Used 251.177 GB / 1511.166 GB to store  46603170877 kmers; need 32.640 GB to sort     73014985 kmers
Used 251.300 GB / 1511.166 GB to store  46630418120 kmers; need 32.645 GB to sort     73026435 kmers
Used 251.413 GB / 1511.166 GB to store  46655568432 kmers; need 32.661 GB to sort     73060821 kmers
Used 251.536 GB / 1511.166 GB to store  46682815828 kmers; need 32.666 GB to sort     73072207 kmers
Used 251.630 GB / 1511.166 GB to store  46703775531 kmers; need 32.699 GB to sort     73146328 kmers
Used 251.754 GB / 1511.166 GB to store  46731022637 kmers; need 32.705 GB to sort     73160238 kmers
Used 251.877 GB / 1511.166 GB to store  46758269074 kmers; need 32.721 GB to sort     73195222 kmers
Used 251.980 GB / 1511.166 GB to store  46781324634 kmers; need 32.746 GB to sort     73251984 kmers
Used 252.094 GB / 1511.166 GB to store  46806475439 kmers; need 32.761 GB to sort     73285543 kmers
Used 252.216 GB / 1511.166 GB to store  46833722605 kmers; need 32.768 GB to sort     73300709 kmers
Used 252.300 GB / 1511.166 GB to store  46852585912 kmers; need 32.814 GB to sort     73403578 kmers
Used 252.433 GB / 1511.166 GB to store  46881928588 kmers; need 32.814 GB to sort     73403578 kmers
Used 252.547 GB / 1511.166 GB to store  46907079066 kmers; need 32.830 GB to sort     73438982 kmers
Used 252.669 GB / 1511.166 GB to store  46934326230 kmers; need 32.833 GB to sort     73445351 kmers
Used 252.783 GB / 1511.166 GB to store  46959477682 kmers; need 32.849 GB to sort     73481882 kmers
Used 252.868 GB / 1511.166 GB to store  46978340797 kmers; need 32.896 GB to sort     73586699 kmers
Used 252.999 GB / 1511.166 GB to store  47007683695 kmers; need 32.896 GB to sort     73586699 kmers
Used 253.132 GB / 1511.166 GB to store  47037026107 kmers; need 32.899 GB to sort     73592792 kmers
Used 253.245 GB / 1511.166 GB to store  47062176619 kmers; need 32.911 GB to sort     73621217 kmers
Used 253.358 GB / 1511.166 GB to store  47087327351 kmers; need 32.957 GB to sort     73723873 kmers
Used 253.491 GB / 1511.166 GB to store  47116669585 kmers; need 32.957 GB to sort     73723873 kmers
Used 253.604 GB / 1511.166 GB to store  47141821179 kmers; need 32.973 GB to sort     73758519 kmers
Used 253.717 GB / 1511.166 GB to store  47166971152 kmers; need 32.987 GB to sort     73789554 kmers
Used 253.839 GB / 1511.166 GB to store  47194218140 kmers; need 33.004 GB to sort     73829481 kmers
Used 253.953 GB / 1511.166 GB to store  47219369982 kmers; need 33.024 GB to sort     73873985 kmers
Used 254.076 GB / 1511.166 GB to store  47246617026 kmers; need 33.045 GB to sort     73921306 kmers
Used 254.199 GB / 1511.166 GB to store  47273863717 kmers; need 33.051 GB to sort     73932981 kmers
Used 254.303 GB / 1511.166 GB to store  47296919047 kmers; need 33.074 GB to sort     73985858 kmers
Used 254.406 GB / 1511.166 GB to store  47319974005 kmers; need 33.110 GB to sort     74065144 kmers
Used 254.540 GB / 1511.166 GB to store  47349317129 kmers; need 33.110 GB to sort     74065144 kmers
Used 254.633 GB / 1511.166 GB to store  47370275986 kmers; need 33.146 GB to sort     74145951 kmers
Used 254.766 GB / 1511.166 GB to store  47399617903 kmers; need 33.146 GB to sort     74146482 kmers
Used 254.860 GB / 1511.166 GB to store  47420576920 kmers; need 33.184 GB to sort     74230693 kmers
Used 254.992 GB / 1511.166 GB to store  47449918991 kmers; need 33.184 GB to sort     74230693 kmers
Used 255.106 GB / 1511.166 GB to store  47475070173 kmers; need 33.201 GB to sort     74268452 kmers
Used 255.219 GB / 1511.166 GB to store  47500220831 kmers; need 33.217 GB to sort     74304220 kmers
Used 255.332 GB / 1511.166 GB to store  47525371132 kmers; need 33.233 GB to sort     74341609 kmers
Used 255.436 GB / 1511.166 GB to store  47548425430 kmers; need 33.255 GB to sort     74389704 kmers
Used 255.559 GB / 1511.166 GB to store  47575671856 kmers; need 33.265 GB to sort     74411991 kmers
Used 255.663 GB / 1511.166 GB to store  47598727172 kmers; need 33.288 GB to sort     74463077 kmers
Used 255.767 GB / 1511.166 GB to store  47621782782 kmers; need 33.310 GB to sort     74512514 kmers
Used 255.881 GB / 1511.166 GB to store  47646933033 kmers; need 33.326 GB to sort     74549756 kmers
Used 255.994 GB / 1511.166 GB to store  47672084549 kmers; need 33.344 GB to sort     74589837 kmers
Used 256.088 GB / 1511.166 GB to store  47693043307 kmers; need 33.377 GB to sort     74663383 kmers
Used 256.221 GB / 1511.166 GB to store  47722385766 kmers; need 33.378 GB to sort     74665165 kmers
Used 256.334 GB / 1511.166 GB to store  47747537047 kmers; need 33.398 GB to sort     74710804 kmers
Used 256.457 GB / 1511.166 GB to store  47774782946 kmers; need 33.413 GB to sort     74742895 kmers
Used 256.560 GB / 1511.166 GB to store  47797838085 kmers; need 33.437 GB to sort     74796715 kmers
Used 256.682 GB / 1511.166 GB to store  47825084730 kmers; need 33.442 GB to sort     74807776 kmers
Used 256.786 GB / 1511.166 GB to store  47848139661 kmers; need 33.465 GB to sort     74860659 kmers
Used 256.899 GB / 1511.166 GB to store  47873290251 kmers; need 33.482 GB to sort     74897450 kmers
Used 257.022 GB / 1511.166 GB to store  47900535939 kmers; need 33.492 GB to sort     74921433 kmers
Used 257.127 GB / 1511.166 GB to store  47923590502 kmers; need 33.513 GB to sort     74967330 kmers
Used 257.239 GB / 1511.166 GB to store  47948740866 kmers; need 33.534 GB to sort     75015227 kmers
Used 257.362 GB / 1511.166 GB to store  47975986669 kmers; need 33.546 GB to sort     75040414 kmers
Used 257.475 GB / 1511.166 GB to store  48001137311 kmers; need 33.563 GB to sort     75079427 kmers
Used 257.589 GB / 1511.166 GB to store  48026287633 kmers; need 33.580 GB to sort     75117664 kmers
Used 257.702 GB / 1511.166 GB to store  48051438416 kmers; need 33.604 GB to sort     75171900 kmers
Used 257.806 GB / 1511.166 GB to store  48074493585 kmers; need 33.632 GB to sort     75233322 kmers
Used 257.929 GB / 1511.166 GB to store  48101739824 kmers; need 33.640 GB to sort     75250330 kmers
Used 258.042 GB / 1511.166 GB to store  48126889830 kmers; need 33.653 GB to sort     75281233 kmers
Used 258.155 GB / 1511.166 GB to store  48152040499 kmers; need 33.680 GB to sort     75341446 kmers
Used 258.278 GB / 1511.166 GB to store  48179286296 kmers; need 33.686 GB to sort     75354593 kmers
Used 258.392 GB / 1511.166 GB to store  48204437268 kmers; need 33.701 GB to sort     75386943 kmers
Used 258.496 GB / 1511.166 GB to store  48227491420 kmers; need 33.728 GB to sort     75447646 kmers
Used 258.627 GB / 1511.166 GB to store  48256833170 kmers; need 33.736 GB to sort     75466090 kmers
Used 258.732 GB / 1511.166 GB to store  48279888196 kmers; need 33.757 GB to sort     75513016 kmers
Used 258.855 GB / 1511.166 GB to store  48307134714 kmers; need 33.771 GB to sort     75544882 kmers
Used 258.968 GB / 1511.166 GB to store  48332284087 kmers; need 33.784 GB to sort     75572587 kmers
Used 259.072 GB / 1511.166 GB to store  48355337317 kmers; need 33.806 GB to sort     75621851 kmers
Used 259.176 GB / 1511.166 GB to store  48378390719 kmers; need 33.828 GB to sort     75671454 kmers
Used 259.299 GB / 1511.166 GB to store  48405633773 kmers; need 33.837 GB to sort     75692514 kmers
Used 259.412 GB / 1511.166 GB to store  48430782510 kmers; need 33.855 GB to sort     75732095 kmers
Used 259.526 GB / 1511.166 GB to store  48455932048 kmers; need 33.877 GB to sort     75780572 kmers
Used 259.638 GB / 1511.166 GB to store  48481080527 kmers; need 33.895 GB to sort     75820760 kmers
Used 259.752 GB / 1511.166 GB to store  48506229187 kmers; need 33.914 GB to sort     75865239 kmers
Used 259.846 GB / 1511.166 GB to store  48527186447 kmers; need 33.946 GB to sort     75934891 kmers
Used 259.969 GB / 1511.166 GB to store  48554430549 kmers; need 33.959 GB to sort     75964679 kmers
Used 260.090 GB / 1511.166 GB to store  48581674927 kmers; need 33.967 GB to sort     75982778 kmers
Used 260.205 GB / 1511.166 GB to store  48606825904 kmers; need 33.998 GB to sort     76051899 kmers
Used 260.328 GB / 1511.166 GB to store  48634072560 kmers; need 34.007 GB to sort     76071770 kmers
Used 260.450 GB / 1511.166 GB to store  48661319855 kmers; need 34.018 GB to sort     76098042 kmers
Used 260.553 GB / 1511.166 GB to store  48684374843 kmers; need 34.043 GB to sort     76152595 kmers
Used 260.667 GB / 1511.166 GB to store  48709525015 kmers; need 34.055 GB to sort     76179205 kmers
Used 260.772 GB / 1511.166 GB to store  48732579982 kmers; need 34.083 GB to sort     76243171 kmers
Used 260.894 GB / 1511.166 GB to store  48759826656 kmers; need 34.088 GB to sort     76253056 kmers
Used 260.998 GB / 1511.166 GB to store  48782881399 kmers; need 34.113 GB to sort     76308467 kmers
Used 261.102 GB / 1511.166 GB to store  48805936828 kmers; need 34.140 GB to sort     76370255 kmers
Used 261.235 GB / 1511.166 GB to store  48835279903 kmers; need 34.144 GB to sort     76379450 kmers
Used 261.348 GB / 1511.166 GB to store  48860431740 kmers; need 34.161 GB to sort     76417030 kmers
Used 261.461 GB / 1511.166 GB to store  48885582319 kmers; need 34.182 GB to sort     76464703 kmers
Used 261.574 GB / 1511.166 GB to store  48910734010 kmers; need 34.214 GB to sort     76534336 kmers
Used 261.698 GB / 1511.166 GB to store  48937980770 kmers; need 34.218 GB to sort     76544767 kmers
Used 261.820 GB / 1511.166 GB to store  48965227592 kmers; need 34.237 GB to sort     76586280 kmers
Used 261.933 GB / 1511.166 GB to store  48990378526 kmers; need 34.256 GB to sort     76630409 kmers
Used 262.055 GB / 1511.166 GB to store  49017625576 kmers; need 34.267 GB to sort     76653035 kmers
Used 262.169 GB / 1511.166 GB to store  49042776933 kmers; need 34.286 GB to sort     76696553 kmers
Used 262.292 GB / 1511.166 GB to store  49070024006 kmers; need 34.296 GB to sort     76718577 kmers
Used 262.395 GB / 1511.166 GB to store  49093078165 kmers; need 34.320 GB to sort     76772373 kmers
Used 262.509 GB / 1511.166 GB to store  49118229470 kmers; need 34.350 GB to sort     76840614 kmers
Used 262.642 GB / 1511.166 GB to store  49147572834 kmers; need 34.350 GB to sort     76840614 kmers
Used 262.746 GB / 1511.166 GB to store  49170629038 kmers; need 34.375 GB to sort     76896037 kmers
Used 262.868 GB / 1511.166 GB to store  49197876784 kmers; need 34.387 GB to sort     76922486 kmers
Used 262.973 GB / 1511.166 GB to store  49220932760 kmers; need 34.409 GB to sort     76970925 kmers
Used 263.076 GB / 1511.166 GB to store  49243987955 kmers; need 34.434 GB to sort     77028668 kmers
Used 263.199 GB / 1511.166 GB to store  49271234188 kmers; need 34.439 GB to sort     77038837 kmers
Used 263.313 GB / 1511.166 GB to store  49296385464 kmers; need 34.461 GB to sort     77088135 kmers
Used 263.426 GB / 1511.166 GB to store  49321537437 kmers; need 34.485 GB to sort     77140852 kmers
Used 263.539 GB / 1511.166 GB to store  49346688442 kmers; need 34.509 GB to sort     77195744 kmers
Used 263.663 GB / 1511.166 GB to store  49373936423 kmers; need 34.519 GB to sort     77216755 kmers
Used 263.785 GB / 1511.166 GB to store  49401183036 kmers; need 34.529 GB to sort     77240738 kmers
Used 263.889 GB / 1511.166 GB to store  49424238264 kmers; need 34.555 GB to sort     77298249 kmers
Used 264.003 GB / 1511.166 GB to store  49449388972 kmers; need 34.568 GB to sort     77326860 kmers
Used 264.116 GB / 1511.166 GB to store  49474539932 kmers; need 34.583 GB to sort     77360580 kmers
Used 264.220 GB / 1511.166 GB to store  49497595325 kmers; need 34.610 GB to sort     77421427 kmers
Used 264.342 GB / 1511.166 GB to store  49524842570 kmers; need 34.620 GB to sort     77443003 kmers
Used 264.465 GB / 1511.166 GB to store  49552089568 kmers; need 34.634 GB to sort     77474925 kmers
Used 264.578 GB / 1511.166 GB to store  49577240332 kmers; need 34.653 GB to sort     77517766 kmers
Used 264.672 GB / 1511.166 GB to store  49598199535 kmers; need 34.685 GB to sort     77588791 kmers
Used 264.795 GB / 1511.166 GB to store  49625446419 kmers; need 34.689 GB to sort     77597984 kmers
Used 264.909 GB / 1511.166 GB to store  49650597204 kmers; need 34.711 GB to sort     77646296 kmers
Used 265.014 GB / 1511.166 GB to store  49673652569 kmers; need 34.741 GB to sort     77714365 kmers
Used 265.136 GB / 1511.166 GB to store  49700899857 kmers; need 34.746 GB to sort     77724532 kmers
Used 265.249 GB / 1511.166 GB to store  49726050915 kmers; need 34.761 GB to sort     77760136 kmers
Used 265.362 GB / 1511.166 GB to store  49751202442 kmers; need 34.781 GB to sort     77802757 kmers
Used 265.466 GB / 1511.166 GB to store  49774258198 kmers; need 34.805 GB to sort     77857504 kmers
Used 265.588 GB / 1511.166 GB to store  49801506028 kmers; need 34.814 GB to sort     77877131 kmers
Used 265.702 GB / 1511.166 GB to store  49826657627 kmers; need 34.834 GB to sort     77922975 kmers
Used 265.815 GB / 1511.166 GB to store  49851809123 kmers; need 34.848 GB to sort     77953862 kmers
Used 265.928 GB / 1511.166 GB to store  49876959827 kmers; need 34.868 GB to sort     77999379 kmers
Used 266.042 GB / 1511.166 GB to store  49902111893 kmers; need 34.887 GB to sort     78041537 kmers
Used 266.155 GB / 1511.166 GB to store  49927262775 kmers; need 34.903 GB to sort     78077268 kmers
Used 266.269 GB / 1511.166 GB to store  49952414187 kmers; need 34.921 GB to sort     78117869 kmers
Used 266.382 GB / 1511.166 GB to store  49977565351 kmers; need 34.934 GB to sort     78146783 kmers
Used 266.496 GB / 1511.166 GB to store  50002716923 kmers; need 34.957 GB to sort     78196561 kmers
Used 266.610 GB / 1511.166 GB to store  50027868659 kmers; need 34.973 GB to sort     78234124 kmers
Used 266.723 GB / 1511.166 GB to store  50053019302 kmers; need 34.991 GB to sort     78274014 kmers
Used 266.827 GB / 1511.166 GB to store  50076074366 kmers; need 35.040 GB to sort     78383116 kmers
Used 266.949 GB / 1511.166 GB to store  50103321427 kmers; need 35.049 GB to sort     78402526 kmers
Used 267.080 GB / 1511.166 GB to store  50132664760 kmers; need 35.049 GB to sort     78402526 kmers
Used 267.194 GB / 1511.166 GB to store  50157816015 kmers; need 35.069 GB to sort     78447605 kmers
Used 267.309 GB / 1511.166 GB to store  50182967950 kmers; need 35.107 GB to sort     78532866 kmers
Used 267.422 GB / 1511.166 GB to store  50208119469 kmers; need 35.124 GB to sort     78570998 kmers
Used 267.554 GB / 1511.166 GB to store  50237462282 kmers; need 35.125 GB to sort     78573933 kmers
Used 267.668 GB / 1511.166 GB to store  50262614619 kmers; need 35.156 GB to sort     78642986 kmers
Used 267.790 GB / 1511.166 GB to store  50289861068 kmers; need 35.163 GB to sort     78659037 kmers
Used 267.913 GB / 1511.166 GB to store  50317107460 kmers; need 35.172 GB to sort     78677692 kmers
Used 268.027 GB / 1511.166 GB to store  50342258410 kmers; need 35.185 GB to sort     78706841 kmers
Used 268.130 GB / 1511.166 GB to store  50365313842 kmers; need 35.207 GB to sort     78756333 kmers
Used 268.253 GB / 1511.166 GB to store  50392561219 kmers; need 35.228 GB to sort     78804027 kmers
Used 268.366 GB / 1511.166 GB to store  50417712397 kmers; need 35.242 GB to sort     78835998 kmers
Used 268.479 GB / 1511.166 GB to store  50442863160 kmers; need 35.258 GB to sort     78871708 kmers
Used 268.603 GB / 1511.166 GB to store  50470110355 kmers; need 35.270 GB to sort     78896899 kmers
Used 268.706 GB / 1511.166 GB to store  50493165428 kmers; need 35.292 GB to sort     78947432 kmers
Used 268.819 GB / 1511.166 GB to store  50518316944 kmers; need 35.310 GB to sort     78986541 kmers
Used 268.932 GB / 1511.166 GB to store  50543468450 kmers; need 35.322 GB to sort     79013858 kmers
Used 269.036 GB / 1511.166 GB to store  50566523572 kmers; need 35.350 GB to sort     79076405 kmers
Used 269.130 GB / 1511.166 GB to store  50587482958 kmers; need 35.382 GB to sort     79147590 kmers
Used 269.263 GB / 1511.166 GB to store  50616826368 kmers; need 35.382 GB to sort     79147590 kmers
Used 269.378 GB / 1511.166 GB to store  50641977834 kmers; need 35.400 GB to sort     79188463 kmers
Used 269.500 GB / 1511.166 GB to store  50669225000 kmers; need 35.411 GB to sort     79213113 kmers
Used 269.621 GB / 1511.166 GB to store  50696472562 kmers; need 35.436 GB to sort     79269517 kmers
Used 269.735 GB / 1511.166 GB to store  50721624296 kmers; need 35.454 GB to sort     79308853 kmers
Used 269.857 GB / 1511.166 GB to store  50748871836 kmers; need 35.458 GB to sort     79318280 kmers
Used 269.961 GB / 1511.166 GB to store  50771926947 kmers; need 35.485 GB to sort     79377564 kmers
Used 270.083 GB / 1511.166 GB to store  50799173668 kmers; need 35.491 GB to sort     79392051 kmers
Used 270.197 GB / 1511.166 GB to store  50824324933 kmers; need 35.507 GB to sort     79428651 kmers
Used 270.301 GB / 1511.166 GB to store  50847380371 kmers; need 35.533 GB to sort     79486746 kmers
Used 270.424 GB / 1511.166 GB to store  50874627772 kmers; need 35.541 GB to sort     79504246 kmers
Used 270.538 GB / 1511.166 GB to store  50899777974 kmers; need 35.554 GB to sort     79533133 kmers
Used 270.642 GB / 1511.166 GB to store  50922833726 kmers; need 35.578 GB to sort     79586053 kmers
Used 270.755 GB / 1511.166 GB to store  50947984600 kmers; need 35.599 GB to sort     79633553 kmers
Used 270.869 GB / 1511.166 GB to store  50973135470 kmers; need 35.612 GB to sort     79662896 kmers
Used 270.962 GB / 1511.166 GB to store  50994094488 kmers; need 35.645 GB to sort     79736754 kmers
Used 271.086 GB / 1511.166 GB to store  51021341898 kmers; need 35.655 GB to sort     79758335 kmers
Used 271.209 GB / 1511.166 GB to store  51048588246 kmers; need 35.663 GB to sort     79777622 kmers
Used 271.313 GB / 1511.166 GB to store  51071643085 kmers; need 35.689 GB to sort     79834235 kmers
Used 271.426 GB / 1511.166 GB to store  51096793925 kmers; need 35.704 GB to sort     79867567 kmers
Used 271.539 GB / 1511.166 GB to store  51121944966 kmers; need 35.717 GB to sort     79896869 kmers
Used 271.662 GB / 1511.166 GB to store  51149191577 kmers; need 35.727 GB to sort     79920460 kmers
Used 271.776 GB / 1511.166 GB to store  51174342410 kmers; need 35.757 GB to sort     79985976 kmers
Used 271.890 GB / 1511.166 GB to store  51199492843 kmers; need 35.784 GB to sort     80047374 kmers
Used 271.994 GB / 1511.166 GB to store  51222547140 kmers; need 35.809 GB to sort     80102940 kmers
Used 272.125 GB / 1511.166 GB to store  51251889494 kmers; need 35.810 GB to sort     80105425 kmers
Used 272.238 GB / 1511.166 GB to store  51277040132 kmers; need 35.827 GB to sort     80143118 kmers
Used 272.333 GB / 1511.166 GB to store  51297999492 kmers; need 35.857 GB to sort     80210668 kmers
Used 272.456 GB / 1511.166 GB to store  51325246410 kmers; need 35.863 GB to sort     80225009 kmers
Used 272.578 GB / 1511.166 GB to store  51352492932 kmers; need 35.875 GB to sort     80250087 kmers
Used 272.673 GB / 1511.166 GB to store  51373452474 kmers; need 35.909 GB to sort     80327258 kmers
Used 272.786 GB / 1511.166 GB to store  51398603789 kmers; need 35.924 GB to sort     80361352 kmers
Used 272.919 GB / 1511.166 GB to store  51427947073 kmers; need 35.925 GB to sort     80362980 kmers
Used 273.032 GB / 1511.166 GB to store  51453097078 kmers; need 35.942 GB to sort     80401895 kmers
Used 273.136 GB / 1511.166 GB to store  51476151806 kmers; need 35.970 GB to sort     80463558 kmers
Used 273.249 GB / 1511.166 GB to store  51501302031 kmers; need 35.989 GB to sort     80506679 kmers
Used 273.372 GB / 1511.166 GB to store  51528549088 kmers; need 35.995 GB to sort     80519465 kmers
Used 273.476 GB / 1511.166 GB to store  51551603387 kmers; need 36.018 GB to sort     80571848 kmers
Used 273.598 GB / 1511.166 GB to store  51578849334 kmers; need 36.032 GB to sort     80601523 kmers
Used 273.702 GB / 1511.166 GB to store  51601904681 kmers; need 36.060 GB to sort     80665551 kmers
Used 273.825 GB / 1511.166 GB to store  51629152630 kmers; need 36.064 GB to sort     80673798 kmers
Used 273.948 GB / 1511.166 GB to store  51656399839 kmers; need 36.070 GB to sort     80687944 kmers
Used 274.041 GB / 1511.166 GB to store  51677358180 kmers; need 36.107 GB to sort     80770846 kmers
Used 274.165 GB / 1511.166 GB to store  51704604699 kmers; need 36.115 GB to sort     80786868 kmers
Used 274.288 GB / 1511.166 GB to store  51731850878 kmers; need 36.123 GB to sort     80805196 kmers
Used 274.401 GB / 1511.166 GB to store  51757001975 kmers; need 36.138 GB to sort     80840319 kmers
Used 274.504 GB / 1511.166 GB to store  51780056752 kmers; need 36.169 GB to sort     80907611 kmers
Used 274.638 GB / 1511.166 GB to store  51809399549 kmers; need 36.169 GB to sort     80908439 kmers
Used 274.750 GB / 1511.166 GB to store  51834549525 kmers; need 36.190 GB to sort     80955504 kmers
Used 274.854 GB / 1511.166 GB to store  51857604403 kmers; need 36.217 GB to sort     81017110 kmers
Used 274.977 GB / 1511.166 GB to store  51884850804 kmers; need 36.226 GB to sort     81036230 kmers
Used 275.100 GB / 1511.166 GB to store  51912097852 kmers; need 36.236 GB to sort     81057602 kmers
Used 275.204 GB / 1511.166 GB to store  51935152471 kmers; need 36.259 GB to sort     81109264 kmers
Used 275.308 GB / 1511.166 GB to store  51958206359 kmers; need 36.282 GB to sort     81161705 kmers
Used 275.431 GB / 1511.166 GB to store  51985451631 kmers; need 36.293 GB to sort     81186437 kmers
Used 275.545 GB / 1511.166 GB to store  52010602510 kmers; need 36.306 GB to sort     81214109 kmers
Used 275.638 GB / 1511.166 GB to store  52031561035 kmers; need 36.341 GB to sort     81292939 kmers
Used 275.761 GB / 1511.166 GB to store  52058807297 kmers; need 36.350 GB to sort     81313160 kmers
Used 275.874 GB / 1511.166 GB to store  52083958099 kmers; need 36.365 GB to sort     81347928 kmers
Used 275.978 GB / 1511.166 GB to store  52107012359 kmers; need 36.396 GB to sort     81415498 kmers
Used 276.102 GB / 1511.166 GB to store  52134259156 kmers; need 36.399 GB to sort     81422705 kmers
Used 276.214 GB / 1511.166 GB to store  52159408930 kmers; need 36.421 GB to sort     81471801 kmers
Used 276.328 GB / 1511.166 GB to store  52184559712 kmers; need 36.469 GB to sort     81580702 kmers
Used 276.460 GB / 1511.166 GB to store  52213902125 kmers; need 36.469 GB to sort     81580702 kmers
Used 276.574 GB / 1511.166 GB to store  52239052201 kmers; need 36.482 GB to sort     81608864 kmers
Used 276.687 GB / 1511.166 GB to store  52264202434 kmers; need 36.500 GB to sort     81648760 kmers
Used 276.791 GB / 1511.166 GB to store  52287256640 kmers; need 36.526 GB to sort     81707433 kmers
Used 276.913 GB / 1511.166 GB to store  52314502691 kmers; need 36.537 GB to sort     81732661 kmers
Used 277.026 GB / 1511.166 GB to store  52339652135 kmers; need 36.555 GB to sort     81772984 kmers
Used 277.138 GB / 1511.166 GB to store  52364801390 kmers; need 36.578 GB to sort     81822542 kmers
Used 277.253 GB / 1511.166 GB to store  52389949753 kmers; need 36.591 GB to sort     81852838 kmers
Used 277.366 GB / 1511.166 GB to store  52415098585 kmers; need 36.610 GB to sort     81894982 kmers
Used 277.480 GB / 1511.166 GB to store  52440247237 kmers; need 36.626 GB to sort     81929997 kmers
Used 277.583 GB / 1511.166 GB to store  52463300021 kmers; need 36.652 GB to sort     81989840 kmers
Used 277.697 GB / 1511.166 GB to store  52488448708 kmers; need 36.677 GB to sort     82045943 kmers
Used 277.819 GB / 1511.166 GB to store  52515693346 kmers; need 36.691 GB to sort     82076691 kmers
Used 277.914 GB / 1511.166 GB to store  52536651435 kmers; need 36.723 GB to sort     82148120 kmers
Used 278.037 GB / 1511.166 GB to store  52563896906 kmers; need 36.730 GB to sort     82163332 kmers
Used 278.150 GB / 1511.166 GB to store  52589046982 kmers; need 36.748 GB to sort     82204001 kmers
Used 278.263 GB / 1511.166 GB to store  52614196115 kmers; need 36.765 GB to sort     82241272 kmers
Used 278.357 GB / 1511.166 GB to store  52635154597 kmers; need 36.802 GB to sort     82325687 kmers
Used 278.490 GB / 1511.166 GB to store  52664496832 kmers; need 36.802 GB to sort     82325687 kmers
Used 278.612 GB / 1511.166 GB to store  52691743424 kmers; need 36.810 GB to sort     82343384 kmers
Used 278.716 GB / 1511.166 GB to store  52714798616 kmers; need 36.840 GB to sort     82408843 kmers
Used 278.820 GB / 1511.166 GB to store  52737853781 kmers; need 36.864 GB to sort     82462816 kmers
Used 278.934 GB / 1511.166 GB to store  52763005184 kmers; need 36.876 GB to sort     82490894 kmers
Used 279.048 GB / 1511.166 GB to store  52788156672 kmers; need 36.895 GB to sort     82531996 kmers
Used 279.159 GB / 1511.166 GB to store  52813307577 kmers; need 36.911 GB to sort     82569312 kmers
Used 279.263 GB / 1511.166 GB to store  52836362081 kmers; need 36.938 GB to sort     82628828 kmers
Used 279.377 GB / 1511.166 GB to store  52861513635 kmers; need 36.950 GB to sort     82655425 kmers
Used 279.491 GB / 1511.166 GB to store  52886664818 kmers; need 36.966 GB to sort     82691574 kmers
Used 279.604 GB / 1511.166 GB to store  52911815572 kmers; need 36.981 GB to sort     82726157 kmers
Used 279.717 GB / 1511.166 GB to store  52936967721 kmers; need 36.997 GB to sort     82761312 kmers
Used 279.821 GB / 1511.166 GB to store  52960023620 kmers; need 37.020 GB to sort     82811355 kmers
Used 279.944 GB / 1511.166 GB to store  52987271247 kmers; need 37.041 GB to sort     82858641 kmers
Used 280.067 GB / 1511.166 GB to store  53014518823 kmers; need 37.049 GB to sort     82876381 kmers
Used 280.172 GB / 1511.166 GB to store  53037574930 kmers; need 37.071 GB to sort     82925970 kmers
Used 280.284 GB / 1511.166 GB to store  53062726179 kmers; need 37.085 GB to sort     82957887 kmers
Used 280.407 GB / 1511.166 GB to store  53089972967 kmers; need 37.099 GB to sort     82988952 kmers
Used 280.510 GB / 1511.166 GB to store  53113028063 kmers; need 37.123 GB to sort     83041984 kmers
Used 280.633 GB / 1511.166 GB to store  53140275347 kmers; need 37.131 GB to sort     83061201 kmers
Used 280.738 GB / 1511.166 GB to store  53163330442 kmers; need 37.159 GB to sort     83122999 kmers
Used 280.851 GB / 1511.166 GB to store  53188481776 kmers; need 37.177 GB to sort     83163032 kmers
Used 280.955 GB / 1511.166 GB to store  53211537270 kmers; need 37.201 GB to sort     83216721 kmers
Used 281.077 GB / 1511.166 GB to store  53238785263 kmers; need 37.216 GB to sort     83250915 kmers
Used 281.191 GB / 1511.166 GB to store  53263937391 kmers; need 37.232 GB to sort     83287075 kmers
Used 281.304 GB / 1511.166 GB to store  53289089147 kmers; need 37.251 GB to sort     83328047 kmers
Used 281.408 GB / 1511.166 GB to store  53312144620 kmers; need 37.273 GB to sort     83377763 kmers
Used 281.531 GB / 1511.166 GB to store  53339392027 kmers; need 37.300 GB to sort     83437615 kmers
Used 281.655 GB / 1511.166 GB to store  53366639699 kmers; need 37.311 GB to sort     83462394 kmers
Used 281.768 GB / 1511.166 GB to store  53391790911 kmers; need 37.327 GB to sort     83500161 kmers
Used 281.872 GB / 1511.166 GB to store  53414846824 kmers; need 37.350 GB to sort     83550772 kmers
Used 281.994 GB / 1511.166 GB to store  53442094242 kmers; need 37.367 GB to sort     83588975 kmers
Used 282.116 GB / 1511.166 GB to store  53469341340 kmers; need 37.387 GB to sort     83632893 kmers
Used 282.240 GB / 1511.166 GB to store  53496588858 kmers; need 37.396 GB to sort     83654250 kmers
Used 282.353 GB / 1511.166 GB to store  53521740175 kmers; need 37.427 GB to sort     83722975 kmers
Used 282.476 GB / 1511.166 GB to store  53548987817 kmers; need 37.433 GB to sort     83736998 kmers
Used 282.579 GB / 1511.166 GB to store  53572043901 kmers; need 37.459 GB to sort     83794905 kmers
Used 282.703 GB / 1511.166 GB to store  53599291036 kmers; need 37.466 GB to sort     83810581 kmers
Used 282.796 GB / 1511.166 GB to store  53620250753 kmers; need 37.503 GB to sort     83893705 kmers
Used 282.920 GB / 1511.166 GB to store  53647498005 kmers; need 37.510 GB to sort     83908259 kmers
Used 283.032 GB / 1511.166 GB to store  53672649108 kmers; need 37.532 GB to sort     83957802 kmers
Used 283.156 GB / 1511.166 GB to store  53699897370 kmers; need 37.539 GB to sort     83972912 kmers
Used 283.269 GB / 1511.166 GB to store  53725048989 kmers; need 37.554 GB to sort     84007384 kmers
Used 283.391 GB / 1511.166 GB to store  53752296572 kmers; need 37.566 GB to sort     84033433 kmers
Used 283.505 GB / 1511.166 GB to store  53777448591 kmers; need 37.595 GB to sort     84098846 kmers
Used 283.627 GB / 1511.166 GB to store  53804695716 kmers; need 37.598 GB to sort     84105701 kmers
Used 283.741 GB / 1511.166 GB to store  53829847007 kmers; need 37.618 GB to sort     84149365 kmers
Used 283.845 GB / 1511.166 GB to store  53852902513 kmers; need 37.640 GB to sort     84198144 kmers
Used 283.958 GB / 1511.166 GB to store  53878053667 kmers; need 37.653 GB to sort     84227729 kmers
Used 284.072 GB / 1511.166 GB to store  53903204497 kmers; need 37.675 GB to sort     84277930 kmers
Used 284.184 GB / 1511.166 GB to store  53928355348 kmers; need 37.693 GB to sort     84317076 kmers
Used 284.298 GB / 1511.166 GB to store  53953506238 kmers; need 37.710 GB to sort     84356145 kmers
Used 284.410 GB / 1511.166 GB to store  53978658003 kmers; need 37.728 GB to sort     84397127 kmers
Used 284.534 GB / 1511.166 GB to store  54005905354 kmers; need 37.735 GB to sort     84412540 kmers
Used 284.628 GB / 1511.166 GB to store  54026865041 kmers; need 37.775 GB to sort     84501145 kmers
Used 284.751 GB / 1511.166 GB to store  54054112222 kmers; need 37.780 GB to sort     84512347 kmers
Used 284.874 GB / 1511.166 GB to store  54081360325 kmers; need 37.787 GB to sort     84528476 kmers
Used 284.988 GB / 1511.166 GB to store  54106512450 kmers; need 37.803 GB to sort     84563245 kmers
Used 285.082 GB / 1511.166 GB to store  54127472532 kmers; need 37.834 GB to sort     84634112 kmers
Used 285.206 GB / 1511.166 GB to store  54154720170 kmers; need 37.839 GB to sort     84644271 kmers
Used 285.301 GB / 1511.166 GB to store  54175679807 kmers; need 37.869 GB to sort     84712502 kmers
Used 285.432 GB / 1511.166 GB to store  54205023870 kmers; need 37.875 GB to sort     84725910 kmers
Used 285.555 GB / 1511.166 GB to store  54232271348 kmers; need 37.890 GB to sort     84759480 kmers
Used 285.659 GB / 1511.166 GB to store  54255326454 kmers; need 37.912 GB to sort     84807050 kmers
Used 285.781 GB / 1511.166 GB to store  54282573692 kmers; need 37.918 GB to sort     84820981 kmers
Used 285.857 GB / 1511.166 GB to store  54299340951 kmers; need 37.968 GB to sort     84931893 kmers
Used 285.988 GB / 1511.166 GB to store  54328683752 kmers; need 37.968 GB to sort     84931893 kmers
Used 286.112 GB / 1511.166 GB to store  54355930793 kmers; need 37.974 GB to sort     84947115 kmers
Used 286.226 GB / 1511.166 GB to store  54381081925 kmers; need 37.992 GB to sort     84987229 kmers
Used 286.348 GB / 1511.166 GB to store  54408329307 kmers; need 38.048 GB to sort     85112651 kmers
Used 286.480 GB / 1511.166 GB to store  54437672360 kmers; need 38.048 GB to sort     85112651 kmers
Used 286.603 GB / 1511.166 GB to store  54464919491 kmers; need 38.055 GB to sort     85126534 kmers
Used 286.726 GB / 1511.166 GB to store  54492166982 kmers; need 38.059 GB to sort     85137216 kmers
Used 286.830 GB / 1511.166 GB to store  54515221798 kmers; need 38.082 GB to sort     85186973 kmers
Used 286.952 GB / 1511.166 GB to store  54542468637 kmers; need 38.091 GB to sort     85209203 kmers
Used 287.066 GB / 1511.166 GB to store  54567620700 kmers; need 38.106 GB to sort     85242736 kmers
Used 287.160 GB / 1511.166 GB to store  54588579181 kmers; need 38.138 GB to sort     85314118 kmers
Used 287.283 GB / 1511.166 GB to store  54615826165 kmers; need 38.141 GB to sort     85319930 kmers
Used 287.396 GB / 1511.166 GB to store  54640977458 kmers; need 38.157 GB to sort     85356832 kmers
Used 287.508 GB / 1511.166 GB to store  54666129000 kmers; need 38.174 GB to sort     85393662 kmers
Used 287.613 GB / 1511.166 GB to store  54689184501 kmers; need 38.197 GB to sort     85444254 kmers
Used 287.735 GB / 1511.166 GB to store  54716431865 kmers; need 38.205 GB to sort     85462890 kmers
Used 287.848 GB / 1511.166 GB to store  54741583950 kmers; need 38.225 GB to sort     85508473 kmers
Used 287.943 GB / 1511.166 GB to store  54762543151 kmers; need 38.256 GB to sort     85576926 kmers
Used 288.067 GB / 1511.166 GB to store  54789790025 kmers; need 38.261 GB to sort     85588809 kmers
Used 288.179 GB / 1511.166 GB to store  54814941144 kmers; need 38.282 GB to sort     85635440 kmers
Used 288.293 GB / 1511.166 GB to store  54840092682 kmers; need 38.294 GB to sort     85662142 kmers
Used 288.387 GB / 1511.166 GB to store  54861051454 kmers; need 38.329 GB to sort     85740929 kmers
Used 288.520 GB / 1511.166 GB to store  54890393741 kmers; need 38.333 GB to sort     85748395 kmers
Used 288.625 GB / 1511.166 GB to store  54913448788 kmers; need 38.355 GB to sort     85798285 kmers
Used 288.738 GB / 1511.166 GB to store  54938599892 kmers; need 38.367 GB to sort     85824652 kmers
Used 288.833 GB / 1511.166 GB to store  54959559936 kmers; need 38.399 GB to sort     85896646 kmers
Used 288.965 GB / 1511.166 GB to store  54988902491 kmers; need 38.402 GB to sort     85903452 kmers
Used 289.077 GB / 1511.166 GB to store  55014053519 kmers; need 38.418 GB to sort     85939898 kmers
Used 289.182 GB / 1511.166 GB to store  55037108568 kmers; need 38.446 GB to sort     86001588 kmers
Used 289.276 GB / 1511.166 GB to store  55058068014 kmers; need 38.479 GB to sort     86076081 kmers
Used 289.398 GB / 1511.166 GB to store  55085314290 kmers; need 38.483 GB to sort     86085735 kmers
Used 289.492 GB / 1511.166 GB to store  55106273158 kmers; need 38.515 GB to sort     86157195 kmers
Used 289.625 GB / 1511.166 GB to store  55135616345 kmers; need 38.515 GB to sort     86157195 kmers
Used 289.729 GB / 1511.166 GB to store  55158671202 kmers; need 38.537 GB to sort     86206510 kmers
Used 289.842 GB / 1511.166 GB to store  55183822288 kmers; need 38.558 GB to sort     86252632 kmers
Used 289.965 GB / 1511.166 GB to store  55211069366 kmers; need 38.568 GB to sort     86274065 kmers
Used 290.078 GB / 1511.166 GB to store  55236219864 kmers; need 38.588 GB to sort     86319134 kmers
Used 290.201 GB / 1511.166 GB to store  55263466766 kmers; need 38.599 GB to sort     86343391 kmers
Used 290.306 GB / 1511.166 GB to store  55286522078 kmers; need 38.627 GB to sort     86407212 kmers
Used 290.410 GB / 1511.166 GB to store  55309577359 kmers; need 38.651 GB to sort     86461783 kmers
Used 290.532 GB / 1511.166 GB to store  55336823969 kmers; need 38.662 GB to sort     86484789 kmers
Used 290.646 GB / 1511.166 GB to store  55361975312 kmers; need 38.679 GB to sort     86523598 kmers
Used 290.759 GB / 1511.166 GB to store  55387125896 kmers; need 38.692 GB to sort     86552079 kmers
Used 290.855 GB / 1511.166 GB to store  55408085265 kmers; need 38.722 GB to sort     86620009 kmers
Used 290.986 GB / 1511.166 GB to store  55437428274 kmers; need 38.722 GB to sort     86620009 kmers
Used 291.099 GB / 1511.166 GB to store  55462579319 kmers; need 38.741 GB to sort     86661266 kmers
Used 291.194 GB / 1511.166 GB to store  55483538249 kmers; need 38.778 GB to sort     86744556 kmers
Used 291.326 GB / 1511.166 GB to store  55512880033 kmers; need 38.778 GB to sort     86744781 kmers
Used 291.440 GB / 1511.166 GB to store  55538031484 kmers; need 38.793 GB to sort     86778006 kmers
Used 291.553 GB / 1511.166 GB to store  55563182574 kmers; need 38.814 GB to sort     86824964 kmers
Used 291.666 GB / 1511.166 GB to store  55588333437 kmers; need 38.826 GB to sort     86853202 kmers
Used 291.779 GB / 1511.166 GB to store  55613484778 kmers; need 38.844 GB to sort     86892120 kmers
Used 291.892 GB / 1511.166 GB to store  55638635671 kmers; need 38.862 GB to sort     86932070 kmers
Used 292.006 GB / 1511.166 GB to store  55663786551 kmers; need 38.883 GB to sort     86979958 kmers
Used 292.120 GB / 1511.166 GB to store  55688936859 kmers; need 38.903 GB to sort     87023659 kmers
Used 292.224 GB / 1511.166 GB to store  55711991611 kmers; need 38.927 GB to sort     87077595 kmers
Used 292.337 GB / 1511.166 GB to store  55737141305 kmers; need 38.946 GB to sort     87119749 kmers
Used 292.450 GB / 1511.166 GB to store  55762291757 kmers; need 38.960 GB to sort     87151429 kmers
Used 292.535 GB / 1511.166 GB to store  55781154845 kmers; need 39.005 GB to sort     87252231 kmers
Used 292.667 GB / 1511.166 GB to store  55810496891 kmers; need 39.005 GB to sort     87252231 kmers
Used 292.780 GB / 1511.166 GB to store  55835647930 kmers; need 39.021 GB to sort     87288084 kmers
Used 292.894 GB / 1511.166 GB to store  55860798834 kmers; need 39.039 GB to sort     87327967 kmers
Used 293.007 GB / 1511.166 GB to store  55885949205 kmers; need 39.054 GB to sort     87361289 kmers
Used 293.121 GB / 1511.166 GB to store  55911099440 kmers; need 39.070 GB to sort     87398952 kmers
Used 293.215 GB / 1511.166 GB to store  55932057924 kmers; need 39.103 GB to sort     87471743 kmers
Used 293.328 GB / 1511.166 GB to store  55957208755 kmers; need 39.120 GB to sort     87509341 kmers
Used 293.461 GB / 1511.166 GB to store  55986550765 kmers; need 39.136 GB to sort     87544977 kmers
Used 293.574 GB / 1511.166 GB to store  56011701651 kmers; need 39.153 GB to sort     87584821 kmers
Used 293.678 GB / 1511.166 GB to store  56034754886 kmers; need 39.181 GB to sort     87646290 kmers
Used 293.801 GB / 1511.166 GB to store  56061999145 kmers; need 39.186 GB to sort     87657376 kmers
Used 293.914 GB / 1511.166 GB to store  56087149082 kmers; need 39.202 GB to sort     87693796 kmers
Used 294.019 GB / 1511.166 GB to store  56110203750 kmers; need 39.224 GB to sort     87741886 kmers
Used 294.131 GB / 1511.166 GB to store  56135354577 kmers; need 39.238 GB to sort     87773148 kmers
Used 294.235 GB / 1511.166 GB to store  56158410136 kmers; need 39.266 GB to sort     87835607 kmers
Used 294.340 GB / 1511.166 GB to store  56181465157 kmers; need 39.288 GB to sort     87886341 kmers
Used 294.453 GB / 1511.166 GB to store  56206616645 kmers; need 39.305 GB to sort     87924713 kmers
Used 294.577 GB / 1511.166 GB to store  56233864218 kmers; need 39.331 GB to sort     87980949 kmers
Used 294.699 GB / 1511.166 GB to store  56261111618 kmers; need 39.339 GB to sort     87998769 kmers
Used 294.821 GB / 1511.166 GB to store  56288358425 kmers; need 39.353 GB to sort     88030080 kmers
Used 294.935 GB / 1511.166 GB to store  56313509641 kmers; need 39.367 GB to sort     88063524 kmers
Used 295.039 GB / 1511.166 GB to store  56336565185 kmers; need 39.391 GB to sort     88115263 kmers
Used 295.143 GB / 1511.166 GB to store  56359620325 kmers; need 39.412 GB to sort     88163276 kmers
Used 295.256 GB / 1511.166 GB to store  56384772278 kmers; need 39.430 GB to sort     88203956 kmers
Used 295.378 GB / 1511.166 GB to store  56412019363 kmers; need 39.441 GB to sort     88227951 kmers
Used 295.492 GB / 1511.166 GB to store  56437171068 kmers; need 39.458 GB to sort     88266344 kmers
Used 295.605 GB / 1511.166 GB to store  56462322710 kmers; need 39.471 GB to sort     88294498 kmers
Used 295.700 GB / 1511.166 GB to store  56483281932 kmers; need 39.503 GB to sort     88365934 kmers
Used 295.822 GB / 1511.166 GB to store  56510528638 kmers; need 39.506 GB to sort     88373278 kmers
Used 295.926 GB / 1511.166 GB to store  56533584371 kmers; need 39.533 GB to sort     88434861 kmers
Used 296.040 GB / 1511.166 GB to store  56558735767 kmers; need 39.550 GB to sort     88471356 kmers
Used 296.153 GB / 1511.166 GB to store  56583886808 kmers; need 39.562 GB to sort     88498869 kmers
Used 296.267 GB / 1511.166 GB to store  56609038587 kmers; need 39.593 GB to sort     88567708 kmers
Used 296.398 GB / 1511.166 GB to store  56638381699 kmers; need 39.593 GB to sort     88568848 kmers
Used 296.502 GB / 1511.166 GB to store  56661436599 kmers; need 39.619 GB to sort     88625385 kmers
Used 296.616 GB / 1511.166 GB to store  56686587945 kmers; need 39.630 GB to sort     88651550 kmers
Used 296.720 GB / 1511.166 GB to store  56709643479 kmers; need 39.652 GB to sort     88700772 kmers
Used 296.833 GB / 1511.166 GB to store  56734794770 kmers; need 39.666 GB to sort     88730415 kmers
Used 296.955 GB / 1511.166 GB to store  56762041935 kmers; need 39.676 GB to sort     88754111 kmers
Used 297.051 GB / 1511.166 GB to store  56783001651 kmers; need 39.713 GB to sort     88835777 kmers
Used 297.182 GB / 1511.166 GB to store  56812345252 kmers; need 39.713 GB to sort     88835777 kmers
Used 297.286 GB / 1511.166 GB to store  56835401026 kmers; need 39.739 GB to sort     88895307 kmers
Used 297.399 GB / 1511.166 GB to store  56860552478 kmers; need 39.751 GB to sort     88921951 kmers
Used 297.513 GB / 1511.166 GB to store  56885703175 kmers; need 39.772 GB to sort     88967959 kmers
Used 297.626 GB / 1511.166 GB to store  56910854462 kmers; need 39.793 GB to sort     89015406 kmers
Used 297.740 GB / 1511.166 GB to store  56936006036 kmers; need 39.808 GB to sort     89049655 kmers
Used 297.844 GB / 1511.166 GB to store  56959061512 kmers; need 39.833 GB to sort     89105526 kmers
Used 297.976 GB / 1511.166 GB to store  56988404693 kmers; need 39.833 GB to sort     89105526 kmers
Used 298.079 GB / 1511.166 GB to store  57011460534 kmers; need 39.867 GB to sort     89180745 kmers
Used 298.202 GB / 1511.166 GB to store  57038708269 kmers; need 39.876 GB to sort     89200981 kmers
Used 298.325 GB / 1511.166 GB to store  57065955727 kmers; need 39.884 GB to sort     89217894 kmers
Used 298.428 GB / 1511.166 GB to store  57089011358 kmers; need 39.908 GB to sort     89272716 kmers
Used 298.542 GB / 1511.166 GB to store  57114162533 kmers; need 39.919 GB to sort     89297790 kmers
Used 298.656 GB / 1511.166 GB to store  57139314253 kmers; need 39.940 GB to sort     89345036 kmers
Used 298.759 GB / 1511.166 GB to store  57162370312 kmers; need 39.966 GB to sort     89401730 kmers
Used 298.873 GB / 1511.166 GB to store  57187522295 kmers; need 39.984 GB to sort     89443110 kmers
Used 298.996 GB / 1511.166 GB to store  57214769728 kmers; need 40.014 GB to sort     89509023 kmers
Used 299.127 GB / 1511.166 GB to store  57244113780 kmers; need 40.014 GB to sort     89509023 kmers
Used 299.232 GB / 1511.166 GB to store  57267168886 kmers; need 40.052 GB to sort     89595903 kmers
Used 299.355 GB / 1511.166 GB to store  57294416422 kmers; need 40.057 GB to sort     89606908 kmers
Used 299.469 GB / 1511.166 GB to store  57319568478 kmers; need 40.071 GB to sort     89637456 kmers
Used 299.591 GB / 1511.166 GB to store  57346815623 kmers; need 40.094 GB to sort     89688642 kmers
Used 299.705 GB / 1511.166 GB to store  57371966689 kmers; need 40.108 GB to sort     89719381 kmers
Used 299.818 GB / 1511.166 GB to store  57397117185 kmers; need 40.131 GB to sort     89770609 kmers
Used 299.940 GB / 1511.166 GB to store  57424364066 kmers; need 40.139 GB to sort     89789293 kmers
Used 300.035 GB / 1511.166 GB to store  57445322797 kmers; need 40.171 GB to sort     89861637 kmers
Used 300.158 GB / 1511.166 GB to store  57472568892 kmers; need 40.177 GB to sort     89874632 kmers
Used 300.262 GB / 1511.166 GB to store  57495623627 kmers; need 40.203 GB to sort     89932608 kmers
Used 300.374 GB / 1511.166 GB to store  57520774041 kmers; need 40.225 GB to sort     89981477 kmers
Used 300.496 GB / 1511.166 GB to store  57548020420 kmers; need 40.234 GB to sort     90002067 kmers
Used 300.610 GB / 1511.166 GB to store  57573170586 kmers; need 40.258 GB to sort     90054835 kmers
Used 300.724 GB / 1511.166 GB to store  57598321706 kmers; need 40.270 GB to sort     90083490 kmers
Used 300.828 GB / 1511.166 GB to store  57621375624 kmers; need 40.296 GB to sort     90140405 kmers
Used 300.950 GB / 1511.166 GB to store  57648622009 kmers; need 40.302 GB to sort     90153640 kmers
Used 301.055 GB / 1511.166 GB to store  57671676342 kmers; need 40.323 GB to sort     90200058 kmers
Used 301.149 GB / 1511.166 GB to store  57692635096 kmers; need 40.359 GB to sort     90281376 kmers
Used 301.281 GB / 1511.166 GB to store  57721977516 kmers; need 40.359 GB to sort     90281376 kmers
Used 301.395 GB / 1511.166 GB to store  57747127331 kmers; need 40.371 GB to sort     90307797 kmers
Used 301.499 GB / 1511.166 GB to store  57770181994 kmers; need 40.398 GB to sort     90369507 kmers
Used 301.613 GB / 1511.166 GB to store  57795332431 kmers; need 40.425 GB to sort     90429258 kmers
Used 301.735 GB / 1511.166 GB to store  57822578975 kmers; need 40.433 GB to sort     90447712 kmers
Used 301.848 GB / 1511.166 GB to store  57847729602 kmers; need 40.453 GB to sort     90492555 kmers
Used 301.953 GB / 1511.166 GB to store  57870783978 kmers; need 40.517 GB to sort     90634639 kmers
Used 302.085 GB / 1511.166 GB to store  57900126873 kmers; need 40.517 GB to sort     90634639 kmers
Used 302.216 GB / 1511.166 GB to store  57929468887 kmers; need 40.517 GB to sort     90634639 kmers
Used 302.339 GB / 1511.166 GB to store  57956715075 kmers; need 40.528 GB to sort     90658803 kmers
Used 302.443 GB / 1511.166 GB to store  57979770222 kmers; need 40.553 GB to sort     90714977 kmers
Used 302.556 GB / 1511.166 GB to store  58004920761 kmers; need 40.565 GB to sort     90742692 kmers
Used 302.670 GB / 1511.166 GB to store  58030071600 kmers; need 40.591 GB to sort     90801144 kmers
Used 302.754 GB / 1511.166 GB to store  58048934779 kmers; need 40.641 GB to sort     90912423 kmers
Used 302.887 GB / 1511.166 GB to store  58078278328 kmers; need 40.641 GB to sort     90912423 kmers
Used 303.020 GB / 1511.166 GB to store  58107621362 kmers; need 40.641 GB to sort     90912423 kmers
Used 303.133 GB / 1511.166 GB to store  58132771703 kmers; need 40.676 GB to sort     90989944 kmers
Used 303.256 GB / 1511.166 GB to store  58160018851 kmers; need 40.695 GB to sort     91032350 kmers
Used 303.359 GB / 1511.166 GB to store  58183074218 kmers; need 40.723 GB to sort     91095842 kmers
Used 303.492 GB / 1511.166 GB to store  58212416040 kmers; need 40.723 GB to sort     91095842 kmers
Used 303.606 GB / 1511.166 GB to store  58237566702 kmers; need 40.754 GB to sort     91165771 kmers
Used 303.738 GB / 1511.166 GB to store  58266909166 kmers; need 40.755 GB to sort     91166910 kmers
Used 303.841 GB / 1511.166 GB to store  58289964187 kmers; need 40.780 GB to sort     91223507 kmers
Used 303.954 GB / 1511.166 GB to store  58315115979 kmers; need 40.798 GB to sort     91262731 kmers
Used 304.059 GB / 1511.166 GB to store  58338170942 kmers; need 40.819 GB to sort     91311012 kmers
Used 304.181 GB / 1511.166 GB to store  58365418306 kmers; need 40.832 GB to sort     91339081 kmers
Used 304.285 GB / 1511.166 GB to store  58388472988 kmers; need 40.856 GB to sort     91393859 kmers
Used 304.408 GB / 1511.166 GB to store  58415720682 kmers; need 40.868 GB to sort     91419717 kmers
Used 304.521 GB / 1511.166 GB to store  58440872281 kmers; need 40.886 GB to sort     91460660 kmers
Used 304.634 GB / 1511.166 GB to store  58466022975 kmers; need 40.907 GB to sort     91508153 kmers
Used 304.748 GB / 1511.166 GB to store  58491173506 kmers; need 40.925 GB to sort     91546771 kmers
Used 304.861 GB / 1511.166 GB to store  58516324492 kmers; need 40.940 GB to sort     91580552 kmers
Used 304.974 GB / 1511.166 GB to store  58541476143 kmers; need 40.953 GB to sort     91611345 kmers
Used 305.088 GB / 1511.166 GB to store  58566627303 kmers; need 40.969 GB to sort     91646026 kmers
Used 305.192 GB / 1511.166 GB to store  58589682442 kmers; need 40.998 GB to sort     91710209 kmers
Used 305.315 GB / 1511.166 GB to store  58616929646 kmers; need 41.009 GB to sort     91735846 kmers
Used 305.428 GB / 1511.166 GB to store  58642079793 kmers; need 41.027 GB to sort     91775268 kmers
Used 305.541 GB / 1511.166 GB to store  58667230176 kmers; need 41.047 GB to sort     91819817 kmers
Used 305.663 GB / 1511.166 GB to store  58694476548 kmers; need 41.051 GB to sort     91828893 kmers
Used 305.767 GB / 1511.166 GB to store  58717530709 kmers; need 41.073 GB to sort     91879140 kmers
Used 305.890 GB / 1511.166 GB to store  58744775931 kmers; need 41.103 GB to sort     91946811 kmers
Used 306.021 GB / 1511.166 GB to store  58774116473 kmers; need 41.105 GB to sort     91949984 kmers
Used 306.135 GB / 1511.166 GB to store  58799266599 kmers; need 41.121 GB to sort     91987133 kmers
Used 306.249 GB / 1511.166 GB to store  58824416846 kmers; need 41.140 GB to sort     92028759 kmers
Used 306.362 GB / 1511.166 GB to store  58849567351 kmers; need 41.157 GB to sort     92066273 kmers
Used 306.485 GB / 1511.166 GB to store  58876812493 kmers; need 41.168 GB to sort     92091372 kmers
Used 306.598 GB / 1511.166 GB to store  58901961292 kmers; need 41.184 GB to sort     92127104 kmers
Used 306.712 GB / 1511.166 GB to store  58927111394 kmers; need 41.205 GB to sort     92172957 kmers
Used 306.816 GB / 1511.166 GB to store  58950166396 kmers; need 41.226 GB to sort     92220381 kmers
Used 306.929 GB / 1511.166 GB to store  58975317368 kmers; need 41.241 GB to sort     92253932 kmers
Used 307.044 GB / 1511.166 GB to store  59000468312 kmers; need 41.257 GB to sort     92291034 kmers
Used 307.156 GB / 1511.166 GB to store  59025619051 kmers; need 41.279 GB to sort     92338517 kmers
Used 307.269 GB / 1511.166 GB to store  59050770451 kmers; need 41.294 GB to sort     92373913 kmers
Used 307.373 GB / 1511.166 GB to store  59073826426 kmers; need 41.319 GB to sort     92428632 kmers
Used 307.496 GB / 1511.166 GB to store  59101073064 kmers; need 41.331 GB to sort     92456032 kmers
Used 307.600 GB / 1511.166 GB to store  59124127811 kmers; need 41.358 GB to sort     92516839 kmers
Used 307.725 GB / 1511.166 GB to store  59151375401 kmers; need 41.367 GB to sort     92536623 kmers
Used 307.837 GB / 1511.166 GB to store  59176525967 kmers; need 41.388 GB to sort     92584347 kmers
Used 307.941 GB / 1511.166 GB to store  59199581298 kmers; need 41.410 GB to sort     92631942 kmers
Used 308.064 GB / 1511.166 GB to store  59226829299 kmers; need 41.421 GB to sort     92656921 kmers
Used 308.177 GB / 1511.166 GB to store  59251980143 kmers; need 41.435 GB to sort     92687636 kmers
Used 308.298 GB / 1511.166 GB to store  59279226969 kmers; need 41.448 GB to sort     92717309 kmers
Used 308.412 GB / 1511.166 GB to store  59304378206 kmers; need 41.466 GB to sort     92757870 kmers
Used 308.526 GB / 1511.166 GB to store  59329529471 kmers; need 41.483 GB to sort     92795750 kmers
Used 308.639 GB / 1511.166 GB to store  59354680706 kmers; need 41.500 GB to sort     92833432 kmers
Used 308.743 GB / 1511.166 GB to store  59377735941 kmers; need 41.523 GB to sort     92885428 kmers
Used 308.866 GB / 1511.166 GB to store  59404982045 kmers; need 41.527 GB to sort     92894247 kmers
Used 308.960 GB / 1511.166 GB to store  59425940725 kmers; need 41.564 GB to sort     92976523 kmers
Used 309.084 GB / 1511.166 GB to store  59453187250 kmers; need 41.572 GB to sort     92995500 kmers
Used 309.187 GB / 1511.166 GB to store  59476242748 kmers; need 41.597 GB to sort     93050151 kmers
Used 309.301 GB / 1511.166 GB to store  59501392919 kmers; need 41.615 GB to sort     93090629 kmers
Used 309.414 GB / 1511.166 GB to store  59526543625 kmers; need 41.628 GB to sort     93120119 kmers
Used 309.517 GB / 1511.166 GB to store  59549597728 kmers; need 41.655 GB to sort     93180617 kmers
Used 309.640 GB / 1511.166 GB to store  59576844335 kmers; need 41.676 GB to sort     93227249 kmers
Used 309.762 GB / 1511.166 GB to store  59604091066 kmers; need 41.687 GB to sort     93251908 kmers
Used 309.885 GB / 1511.166 GB to store  59631337859 kmers; need 41.690 GB to sort     93258983 kmers
Used 309.988 GB / 1511.166 GB to store  59654393070 kmers; need 41.717 GB to sort     93318322 kmers
Used 310.102 GB / 1511.166 GB to store  59679543289 kmers; need 41.739 GB to sort     93368093 kmers
Used 310.225 GB / 1511.166 GB to store  59706786612 kmers; need 41.750 GB to sort     93392984 kmers
Used 310.348 GB / 1511.166 GB to store  59734031117 kmers; need 41.764 GB to sort     93424793 kmers
Used 310.452 GB / 1511.166 GB to store  59757086017 kmers; need 41.789 GB to sort     93480729 kmers
Used 310.566 GB / 1511.166 GB to store  59782236578 kmers; need 41.806 GB to sort     93518922 kmers
Used 310.680 GB / 1511.166 GB to store  59807386521 kmers; need 41.825 GB to sort     93559878 kmers
Used 310.802 GB / 1511.166 GB to store  59834633417 kmers; need 41.835 GB to sort     93583998 kmers
Used 310.906 GB / 1511.166 GB to store  59857688088 kmers; need 41.862 GB to sort     93644284 kmers
Used 311.019 GB / 1511.166 GB to store  59882838809 kmers; need 41.875 GB to sort     93672107 kmers
Used 311.142 GB / 1511.166 GB to store  59910085444 kmers; need 41.883 GB to sort     93691078 kmers
Used 311.246 GB / 1511.166 GB to store  59933140069 kmers; need 41.905 GB to sort     93739481 kmers
Used 311.360 GB / 1511.166 GB to store  59958290414 kmers; need 41.921 GB to sort     93776662 kmers
Used 311.473 GB / 1511.166 GB to store  59983442204 kmers; need 41.936 GB to sort     93808360 kmers
Used 311.586 GB / 1511.166 GB to store  60008592972 kmers; need 41.955 GB to sort     93851422 kmers
Used 311.689 GB / 1511.166 GB to store  60031647969 kmers; need 41.980 GB to sort     93908470 kmers
Used 311.813 GB / 1511.166 GB to store  60058894829 kmers; need 41.986 GB to sort     93921645 kmers
Used 311.936 GB / 1511.166 GB to store  60086141677 kmers; need 41.995 GB to sort     93941420 kmers
Used 312.040 GB / 1511.166 GB to store  60109195928 kmers; need 42.025 GB to sort     94009001 kmers
Used 312.162 GB / 1511.166 GB to store  60136443098 kmers; need 42.035 GB to sort     94031550 kmers
Used 312.275 GB / 1511.166 GB to store  60161594581 kmers; need 42.056 GB to sort     94078687 kmers
Used 312.398 GB / 1511.166 GB to store  60188841423 kmers; need 42.065 GB to sort     94097702 kmers
Used 312.502 GB / 1511.166 GB to store  60211896116 kmers; need 42.088 GB to sort     94149930 kmers
Used 312.605 GB / 1511.166 GB to store  60234950977 kmers; need 42.115 GB to sort     94208649 kmers
Used 312.728 GB / 1511.166 GB to store  60262198190 kmers; need 42.124 GB to sort     94229409 kmers
Used 312.833 GB / 1511.166 GB to store  60285252679 kmers; need 42.154 GB to sort     94296169 kmers
Used 312.955 GB / 1511.166 GB to store  60312499066 kmers; need 42.162 GB to sort     94315446 kmers
Used 313.059 GB / 1511.166 GB to store  60335553386 kmers; need 42.187 GB to sort     94370465 kmers
Used 313.182 GB / 1511.166 GB to store  60362799911 kmers; need 42.193 GB to sort     94384877 kmers
Used 313.295 GB / 1511.166 GB to store  60387951169 kmers; need 42.210 GB to sort     94422671 kmers
Used 313.408 GB / 1511.166 GB to store  60413101953 kmers; need 42.223 GB to sort     94450902 kmers
Used 313.522 GB / 1511.166 GB to store  60438252707 kmers; need 42.242 GB to sort     94493506 kmers
Used 313.627 GB / 1511.166 GB to store  60461307137 kmers; need 42.264 GB to sort     94542562 kmers
Used 313.749 GB / 1511.166 GB to store  60488553370 kmers; need 42.272 GB to sort     94560950 kmers
Used 313.853 GB / 1511.166 GB to store  60511608350 kmers; need 42.295 GB to sort     94613157 kmers
Used 313.966 GB / 1511.166 GB to store  60536757645 kmers; need 42.308 GB to sort     94641311 kmers
Used 314.070 GB / 1511.166 GB to store  60559812233 kmers; need 42.335 GB to sort     94701472 kmers
Used 314.193 GB / 1511.166 GB to store  60587057906 kmers; need 42.339 GB to sort     94710138 kmers
Used 314.315 GB / 1511.166 GB to store  60614303848 kmers; need 42.348 GB to sort     94731728 kmers
Used 314.419 GB / 1511.166 GB to store  60637358728 kmers; need 42.373 GB to sort     94786192 kmers
Used 314.533 GB / 1511.166 GB to store  60662508792 kmers; need 42.396 GB to sort     94838971 kmers
Used 314.627 GB / 1511.166 GB to store  60683467310 kmers; need 42.435 GB to sort     94926587 kmers
Used 314.759 GB / 1511.166 GB to store  60712807771 kmers; need 42.435 GB to sort     94926587 kmers
Used 314.871 GB / 1511.166 GB to store  60737956676 kmers; need 42.450 GB to sort     94958146 kmers
Used 314.985 GB / 1511.166 GB to store  60763105837 kmers; need 42.466 GB to sort     94995237 kmers
Used 315.090 GB / 1511.166 GB to store  60786160667 kmers; need 42.488 GB to sort     95043588 kmers
Used 315.213 GB / 1511.166 GB to store  60813406986 kmers; need 42.496 GB to sort     95061119 kmers
Used 315.326 GB / 1511.166 GB to store  60838557563 kmers; need 42.509 GB to sort     95091644 kmers
Used 315.429 GB / 1511.166 GB to store  60861611791 kmers; need 42.531 GB to sort     95140062 kmers
Used 315.553 GB / 1511.166 GB to store  60888858196 kmers; need 42.544 GB to sort     95168561 kmers
Used 315.647 GB / 1511.166 GB to store  60909815797 kmers; need 42.581 GB to sort     95252232 kmers
Used 315.769 GB / 1511.166 GB to store  60937061259 kmers; need 42.588 GB to sort     95266845 kmers
Used 315.882 GB / 1511.166 GB to store  60962212054 kmers; need 42.606 GB to sort     95307046 kmers
Used 315.995 GB / 1511.166 GB to store  60987362136 kmers; need 42.626 GB to sort     95352462 kmers
Used 316.109 GB / 1511.166 GB to store  61012512436 kmers; need 42.641 GB to sort     95386913 kmers
Used 316.222 GB / 1511.166 GB to store  61037662956 kmers; need 42.665 GB to sort     95439995 kmers
Used 316.335 GB / 1511.166 GB to store  61062814250 kmers; need 42.678 GB to sort     95468397 kmers
Used 316.449 GB / 1511.166 GB to store  61087964695 kmers; need 42.699 GB to sort     95516077 kmers
Used 316.572 GB / 1511.166 GB to store  61115211464 kmers; need 42.711 GB to sort     95542443 kmers
Used 316.686 GB / 1511.166 GB to store  61140362191 kmers; need 42.726 GB to sort     95575649 kmers
Used 316.789 GB / 1511.166 GB to store  61163416976 kmers; need 42.748 GB to sort     95626699 kmers
Used 316.904 GB / 1511.166 GB to store  61188568539 kmers; need 42.768 GB to sort     95671081 kmers
Used 317.007 GB / 1511.166 GB to store  61211623344 kmers; need 42.793 GB to sort     95725897 kmers
Used 317.130 GB / 1511.166 GB to store  61238870749 kmers; need 42.795 GB to sort     95730276 kmers
Used 317.244 GB / 1511.166 GB to store  61264021898 kmers; need 42.812 GB to sort     95769648 kmers
Used 317.348 GB / 1511.166 GB to store  61287076817 kmers; need 42.836 GB to sort     95822655 kmers
Used 317.470 GB / 1511.166 GB to store  61314322837 kmers; need 42.843 GB to sort     95838996 kmers
Used 317.574 GB / 1511.166 GB to store  61337378785 kmers; need 42.865 GB to sort     95887545 kmers
Used 317.686 GB / 1511.166 GB to store  61362529827 kmers; need 42.878 GB to sort     95916700 kmers
Used 317.790 GB / 1511.166 GB to store  61385584576 kmers; need 42.904 GB to sort     95974440 kmers
Used 317.904 GB / 1511.166 GB to store  61410735807 kmers; need 42.916 GB to sort     96002473 kmers
Used 318.017 GB / 1511.166 GB to store  61435886050 kmers; need 42.934 GB to sort     96042817 kmers
Used 318.130 GB / 1511.166 GB to store  61461036688 kmers; need 42.948 GB to sort     96071950 kmers
Used 318.244 GB / 1511.166 GB to store  61486187705 kmers; need 42.966 GB to sort     96114079 kmers
Used 318.357 GB / 1511.166 GB to store  61511338412 kmers; need 42.985 GB to sort     96156675 kmers
Used 318.470 GB / 1511.166 GB to store  61536488774 kmers; need 42.998 GB to sort     96183987 kmers
Used 318.575 GB / 1511.166 GB to store  61559543732 kmers; need 43.024 GB to sort     96244151 kmers
Used 318.688 GB / 1511.166 GB to store  61584695539 kmers; need 43.040 GB to sort     96279353 kmers
Used 318.801 GB / 1511.166 GB to store  61609847189 kmers; need 43.061 GB to sort     96325476 kmers
Used 318.924 GB / 1511.166 GB to store  61637093814 kmers; need 43.071 GB to sort     96349170 kmers
Used 319.037 GB / 1511.166 GB to store  61662245274 kmers; need 43.089 GB to sort     96389060 kmers
Used 319.151 GB / 1511.166 GB to store  61687396495 kmers; need 43.103 GB to sort     96419515 kmers
Used 319.255 GB / 1511.166 GB to store  61710452192 kmers; need 43.124 GB to sort     96466952 kmers
Used 319.368 GB / 1511.166 GB to store  61735603123 kmers; need 43.136 GB to sort     96494160 kmers
Used 319.472 GB / 1511.166 GB to store  61758658958 kmers; need 43.162 GB to sort     96551121 kmers
Used 319.595 GB / 1511.166 GB to store  61785905771 kmers; need 43.179 GB to sort     96590590 kmers
Used 319.708 GB / 1511.166 GB to store  61811056751 kmers; need 43.191 GB to sort     96617144 kmers
Used 319.822 GB / 1511.166 GB to store  61836206856 kmers; need 43.206 GB to sort     96650168 kmers
Used 319.934 GB / 1511.166 GB to store  61861357903 kmers; need 43.227 GB to sort     96698221 kmers
Used 320.048 GB / 1511.166 GB to store  61886509393 kmers; need 43.243 GB to sort     96732455 kmers
Used 320.161 GB / 1511.166 GB to store  61911660064 kmers; need 43.262 GB to sort     96774825 kmers
Used 320.275 GB / 1511.166 GB to store  61936810894 kmers; need 43.277 GB to sort     96809688 kmers
Used 320.388 GB / 1511.166 GB to store  61961961372 kmers; need 43.297 GB to sort     96854062 kmers
Used 320.501 GB / 1511.166 GB to store  61987112594 kmers; need 43.310 GB to sort     96882309 kmers
Used 320.615 GB / 1511.166 GB to store  62012263009 kmers; need 43.329 GB to sort     96926437 kmers
Used 320.728 GB / 1511.166 GB to store  62037413576 kmers; need 43.347 GB to sort     96966478 kmers
Used 320.842 GB / 1511.166 GB to store  62062564643 kmers; need 43.360 GB to sort     96993919 kmers
Used 320.954 GB / 1511.166 GB to store  62087714154 kmers; need 43.381 GB to sort     97041575 kmers
Used 321.069 GB / 1511.166 GB to store  62112864504 kmers; need 43.400 GB to sort     97083766 kmers
Used 321.191 GB / 1511.166 GB to store  62140111070 kmers; need 43.412 GB to sort     97110585 kmers
Used 321.304 GB / 1511.166 GB to store  62165261195 kmers; need 43.430 GB to sort     97150637 kmers
Used 321.418 GB / 1511.166 GB to store  62190412214 kmers; need 43.449 GB to sort     97192943 kmers
Used 321.529 GB / 1511.166 GB to store  62215562666 kmers; need 43.465 GB to sort     97229293 kmers
Used 321.653 GB / 1511.166 GB to store  62242808577 kmers; need 43.480 GB to sort     97263456 kmers
Used 321.767 GB / 1511.166 GB to store  62267958344 kmers; need 43.495 GB to sort     97296886 kmers
Used 321.881 GB / 1511.166 GB to store  62293108474 kmers; need 43.514 GB to sort     97338439 kmers
Used 321.994 GB / 1511.166 GB to store  62318258834 kmers; need 43.531 GB to sort     97377474 kmers
Used 322.107 GB / 1511.166 GB to store  62343408722 kmers; need 43.548 GB to sort     97416264 kmers
Used 322.220 GB / 1511.166 GB to store  62368557940 kmers; need 43.565 GB to sort     97453050 kmers
Used 322.333 GB / 1511.166 GB to store  62393708277 kmers; need 43.583 GB to sort     97493305 kmers
Used 322.446 GB / 1511.166 GB to store  62418858326 kmers; need 43.602 GB to sort     97535531 kmers
Used 322.569 GB / 1511.166 GB to store  62446104772 kmers; need 43.615 GB to sort     97565873 kmers
Used 322.672 GB / 1511.166 GB to store  62469158387 kmers; need 43.641 GB to sort     97622283 kmers
Used 322.795 GB / 1511.166 GB to store  62496404430 kmers; need 43.655 GB to sort     97654152 kmers
Used 322.889 GB / 1511.166 GB to store  62517362273 kmers; need 43.687 GB to sort     97725759 kmers
Used 323.013 GB / 1511.166 GB to store  62544606235 kmers; need 43.689 GB to sort     97729852 kmers
Used 323.126 GB / 1511.166 GB to store  62569755325 kmers; need 43.709 GB to sort     97774507 kmers
Used 323.230 GB / 1511.166 GB to store  62592810563 kmers; need 43.732 GB to sort     97826452 kmers
Used 323.344 GB / 1511.166 GB to store  62617961628 kmers; need 43.747 GB to sort     97859896 kmers
Used 323.457 GB / 1511.166 GB to store  62643112605 kmers; need 43.766 GB to sort     97903024 kmers
Used 323.570 GB / 1511.166 GB to store  62668263842 kmers; need 43.782 GB to sort     97939559 kmers
Used 323.684 GB / 1511.166 GB to store  62693414226 kmers; need 43.800 GB to sort     97977891 kmers
Used 323.807 GB / 1511.166 GB to store  62720661358 kmers; need 43.811 GB to sort     98003862 kmers
Used 323.911 GB / 1511.166 GB to store  62743716249 kmers; need 43.837 GB to sort     98062650 kmers
Used 324.024 GB / 1511.166 GB to store  62768866520 kmers; need 43.851 GB to sort     98092064 kmers
Used 324.137 GB / 1511.166 GB to store  62794017466 kmers; need 43.874 GB to sort     98144384 kmers
Used 324.250 GB / 1511.166 GB to store  62819168504 kmers; need 43.888 GB to sort     98174974 kmers
Used 324.364 GB / 1511.166 GB to store  62844319483 kmers; need 43.900 GB to sort     98201588 kmers
Used 324.468 GB / 1511.166 GB to store  62867374051 kmers; need 43.927 GB to sort     98261993 kmers
Used 324.591 GB / 1511.166 GB to store  62894621404 kmers; need 43.938 GB to sort     98288093 kmers
Used 324.693 GB / 1511.166 GB to store  62917677161 kmers; need 43.963 GB to sort     98343034 kmers
Used 324.799 GB / 1511.166 GB to store  62940732234 kmers; need 43.983 GB to sort     98389404 kmers
Used 324.921 GB / 1511.166 GB to store  62967980013 kmers; need 43.990 GB to sort     98404366 kmers
Used 325.025 GB / 1511.166 GB to store  62991034740 kmers; need 44.012 GB to sort     98452668 kmers
Used 325.139 GB / 1511.166 GB to store  63016186287 kmers; need 44.026 GB to sort     98485335 kmers
Used 325.251 GB / 1511.166 GB to store  63041337397 kmers; need 44.043 GB to sort     98521493 kmers
Used 325.355 GB / 1511.166 GB to store  63064393370 kmers; need 44.067 GB to sort     98575287 kmers
Used 325.458 GB / 1511.166 GB to store  63087449345 kmers; need 44.089 GB to sort     98624969 kmers
Used 325.581 GB / 1511.166 GB to store  63114695811 kmers; need 44.096 GB to sort     98642056 kmers
Used 325.695 GB / 1511.166 GB to store  63139847434 kmers; need 44.111 GB to sort     98675484 kmers
Used 325.808 GB / 1511.166 GB to store  63164997947 kmers; need 44.124 GB to sort     98703461 kmers
Used 325.913 GB / 1511.166 GB to store  63188053499 kmers; need 44.152 GB to sort     98766677 kmers
Used 326.026 GB / 1511.166 GB to store  63213204541 kmers; need 44.170 GB to sort     98807658 kmers
Used 326.148 GB / 1511.166 GB to store  63240451002 kmers; need 44.179 GB to sort     98826604 kmers
Used 326.261 GB / 1511.166 GB to store  63265601927 kmers; need 44.198 GB to sort     98870229 kmers
Used 326.365 GB / 1511.166 GB to store  63288657138 kmers; need 44.224 GB to sort     98928296 kmers
Used 326.478 GB / 1511.166 GB to store  63313808641 kmers; need 44.243 GB to sort     98968816 kmers
Used 326.601 GB / 1511.166 GB to store  63341055196 kmers; need 44.246 GB to sort     98977521 kmers
Used 326.714 GB / 1511.166 GB to store  63366206594 kmers; need 44.267 GB to sort     99024646 kmers
Used 326.836 GB / 1511.166 GB to store  63393454155 kmers; need 44.274 GB to sort     99039301 kmers
Used 326.940 GB / 1511.166 GB to store  63416509291 kmers; need 44.308 GB to sort     99115120 kmers
Used 327.064 GB / 1511.166 GB to store  63443756547 kmers; need 44.318 GB to sort     99137508 kmers
Used 327.178 GB / 1511.166 GB to store  63468908551 kmers; need 44.336 GB to sort     99178381 kmers
Used 327.291 GB / 1511.166 GB to store  63494059931 kmers; need 44.352 GB to sort     99212868 kmers
Used 327.404 GB / 1511.166 GB to store  63519211384 kmers; need 44.368 GB to sort     99249942 kmers
Used 327.518 GB / 1511.166 GB to store  63544362274 kmers; need 44.385 GB to sort     99287980 kmers
Used 327.631 GB / 1511.166 GB to store  63569512848 kmers; need 44.414 GB to sort     99353121 kmers
Used 327.745 GB / 1511.166 GB to store  63594663944 kmers; need 44.435 GB to sort     99399440 kmers
Used 327.868 GB / 1511.166 GB to store  63621910668 kmers; need 44.439 GB to sort     99408257 kmers
Used 327.973 GB / 1511.166 GB to store  63644965176 kmers; need 44.465 GB to sort     99467235 kmers
Used 328.095 GB / 1511.166 GB to store  63672210896 kmers; need 44.474 GB to sort     99487611 kmers
Used 328.208 GB / 1511.166 GB to store  63697361462 kmers; need 44.489 GB to sort     99520049 kmers
Used 328.322 GB / 1511.166 GB to store  63722511419 kmers; need 44.507 GB to sort     99560061 kmers
Used 328.435 GB / 1511.166 GB to store  63747662730 kmers; need 44.522 GB to sort     99594354 kmers
Used 328.548 GB / 1511.166 GB to store  63772813381 kmers; need 44.545 GB to sort     99644415 kmers
Used 328.671 GB / 1511.166 GB to store  63800060693 kmers; need 44.561 GB to sort     99681251 kmers
Used 328.784 GB / 1511.166 GB to store  63825210356 kmers; need 44.575 GB to sort     99711771 kmers
Used 328.888 GB / 1511.166 GB to store  63848265036 kmers; need 44.596 GB to sort     99759740 kmers
Used 329.001 GB / 1511.166 GB to store  63873414651 kmers; need 44.614 GB to sort     99799400 kmers
Used 329.114 GB / 1511.166 GB to store  63898564405 kmers; need 44.629 GB to sort     99832601 kmers
Used 329.228 GB / 1511.166 GB to store  63923714369 kmers; need 44.649 GB to sort     99878656 kmers
Used 329.332 GB / 1511.166 GB to store  63946768481 kmers; need 44.674 GB to sort     99933621 kmers
Used 329.454 GB / 1511.166 GB to store  63974015254 kmers; need 44.683 GB to sort     99954406 kmers
Used 329.568 GB / 1511.166 GB to store  63999165654 kmers; need 44.701 GB to sort     99993554 kmers
Used 329.681 GB / 1511.166 GB to store  64024316213 kmers; need 44.717 GB to sort    100029511 kmers
Used 329.794 GB / 1511.166 GB to store  64049466860 kmers; need 44.745 GB to sort    100093210 kmers
Used 329.918 GB / 1511.166 GB to store  64076712027 kmers; need 44.750 GB to sort    100103212 kmers
Used 329.994 GB / 1511.166 GB to store  64093477879 kmers; need 44.810 GB to sort    100237495 kmers
Used 330.125 GB / 1511.166 GB to store  64122818631 kmers; need 44.810 GB to sort    100237495 kmers
Used 330.230 GB / 1511.166 GB to store  64145872072 kmers; need 44.831 GB to sort    100284896 kmers
Used 330.361 GB / 1511.166 GB to store  64175212601 kmers; need 44.833 GB to sort    100290738 kmers
Used 330.456 GB / 1511.166 GB to store  64196169939 kmers; need 44.875 GB to sort    100383048 kmers
Used 330.588 GB / 1511.166 GB to store  64225510828 kmers; need 44.875 GB to sort    100383048 kmers
Used 330.710 GB / 1511.166 GB to store  64252756276 kmers; need 44.900 GB to sort    100438650 kmers
Used 330.832 GB / 1511.166 GB to store  64280001540 kmers; need 44.906 GB to sort    100453869 kmers
Used 330.936 GB / 1511.166 GB to store  64303054719 kmers; need 44.939 GB to sort    100525735 kmers
Used 331.069 GB / 1511.166 GB to store  64332395687 kmers; need 44.940 GB to sort    100528310 kmers
Used 331.182 GB / 1511.166 GB to store  64357544955 kmers; need 44.959 GB to sort    100572414 kmers
Used 331.295 GB / 1511.166 GB to store  64382695201 kmers; need 44.977 GB to sort    100612461 kmers
Used 331.409 GB / 1511.166 GB to store  64407844688 kmers; need 44.996 GB to sort    100654827 kmers
Used 331.523 GB / 1511.166 GB to store  64432994996 kmers; need 45.016 GB to sort    100698119 kmers
Used 331.646 GB / 1511.166 GB to store  64460241212 kmers; need 45.026 GB to sort    100721868 kmers
Used 331.750 GB / 1511.166 GB to store  64483296167 kmers; need 45.051 GB to sort    100776476 kmers
Used 331.863 GB / 1511.166 GB to store  64508446370 kmers; need 45.070 GB to sort    100820326 kmers
Used 331.976 GB / 1511.166 GB to store  64533597285 kmers; need 45.085 GB to sort    100854335 kmers
Used 332.090 GB / 1511.166 GB to store  64558748020 kmers; need 45.106 GB to sort    100899588 kmers
Used 332.194 GB / 1511.166 GB to store  64581802922 kmers; need 45.127 GB to sort    100946562 kmers
Used 332.316 GB / 1511.166 GB to store  64609050337 kmers; need 45.142 GB to sort    100981876 kmers
Used 332.411 GB / 1511.166 GB to store  64630009295 kmers; need 45.175 GB to sort    101055849 kmers
Used 332.544 GB / 1511.166 GB to store  64659352147 kmers; need 45.175 GB to sort    101055849 kmers
Used 332.656 GB / 1511.166 GB to store  64684503589 kmers; need 45.190 GB to sort    101087616 kmers
Used 332.770 GB / 1511.166 GB to store  64709654938 kmers; need 45.205 GB to sort    101122167 kmers
Used 332.874 GB / 1511.166 GB to store  64732710160 kmers; need 45.236 GB to sort    101190425 kmers
Used 332.988 GB / 1511.166 GB to store  64757861865 kmers; need 45.250 GB to sort    101221726 kmers
Used 333.110 GB / 1511.166 GB to store  64785109035 kmers; need 45.261 GB to sort    101247885 kmers
Used 333.214 GB / 1511.166 GB to store  64808163945 kmers; need 45.290 GB to sort    101311130 kmers
Used 333.336 GB / 1511.166 GB to store  64835410449 kmers; need 45.296 GB to sort    101326465 kmers
Used 333.449 GB / 1511.166 GB to store  64860562008 kmers; need 45.317 GB to sort    101372440 kmers
Used 333.565 GB / 1511.166 GB to store  64885713198 kmers; need 45.339 GB to sort    101421700 kmers
Used 333.687 GB / 1511.166 GB to store  64912960459 kmers; need 45.346 GB to sort    101438169 kmers
Used 333.801 GB / 1511.166 GB to store  64938111880 kmers; need 45.366 GB to sort    101482333 kmers
Used 333.914 GB / 1511.166 GB to store  64963263315 kmers; need 45.385 GB to sort    101525083 kmers
Used 334.027 GB / 1511.166 GB to store  64988414422 kmers; need 45.411 GB to sort    101582153 kmers
Used 334.159 GB / 1511.166 GB to store  65017756939 kmers; need 45.413 GB to sort    101588114 kmers
Used 334.253 GB / 1511.166 GB to store  65038716191 kmers; need 45.452 GB to sort    101673334 kmers
Used 334.386 GB / 1511.166 GB to store  65068059643 kmers; need 45.452 GB to sort    101675513 kmers
Used 334.499 GB / 1511.166 GB to store  65093210970 kmers; need 45.469 GB to sort    101711513 kmers
Used 334.613 GB / 1511.166 GB to store  65118362491 kmers; need 45.483 GB to sort    101744141 kmers
Used 334.717 GB / 1511.166 GB to store  65141417279 kmers; need 45.505 GB to sort    101792400 kmers
Used 334.830 GB / 1511.166 GB to store  65166569220 kmers; need 45.523 GB to sort    101833245 kmers
Used 334.942 GB / 1511.166 GB to store  65191720420 kmers; need 45.544 GB to sort    101879971 kmers
Used 335.056 GB / 1511.166 GB to store  65216871681 kmers; need 45.559 GB to sort    101914337 kmers
Used 335.169 GB / 1511.166 GB to store  65242023329 kmers; need 45.573 GB to sort    101945458 kmers
Used 335.273 GB / 1511.166 GB to store  65265078490 kmers; need 45.594 GB to sort    101992908 kmers
Used 335.396 GB / 1511.166 GB to store  65292326003 kmers; need 45.605 GB to sort    102016615 kmers
Used 335.501 GB / 1511.166 GB to store  65315381809 kmers; need 45.638 GB to sort    102089551 kmers
Used 335.623 GB / 1511.166 GB to store  65342629091 kmers; need 45.645 GB to sort    102106656 kmers
Used 335.736 GB / 1511.166 GB to store  65367781045 kmers; need 45.662 GB to sort    102144259 kmers
Used 335.858 GB / 1511.166 GB to store  65395028896 kmers; need 45.676 GB to sort    102174418 kmers
Used 335.973 GB / 1511.166 GB to store  65420179901 kmers; need 45.696 GB to sort    102219911 kmers
Used 336.095 GB / 1511.166 GB to store  65447426840 kmers; need 45.705 GB to sort    102240768 kmers
Used 336.198 GB / 1511.166 GB to store  65470481930 kmers; need 45.727 GB to sort    102289648 kmers
Used 336.303 GB / 1511.166 GB to store  65493537047 kmers; need 45.748 GB to sort    102335503 kmers
Used 336.416 GB / 1511.166 GB to store  65518688756 kmers; need 45.762 GB to sort    102366778 kmers
Used 336.520 GB / 1511.166 GB to store  65541744003 kmers; need 45.784 GB to sort    102416453 kmers
Used 336.633 GB / 1511.166 GB to store  65566895344 kmers; need 45.802 GB to sort    102457715 kmers
Used 336.747 GB / 1511.166 GB to store  65592046166 kmers; need 45.817 GB to sort    102490440 kmers
Used 336.860 GB / 1511.166 GB to store  65617198607 kmers; need 45.833 GB to sort    102527522 kmers
Used 336.974 GB / 1511.166 GB to store  65642350239 kmers; need 45.849 GB to sort    102563558 kmers
Used 337.087 GB / 1511.166 GB to store  65667501601 kmers; need 45.868 GB to sort    102605736 kmers
Used 337.190 GB / 1511.166 GB to store  65690557058 kmers; need 45.892 GB to sort    102657556 kmers
Used 337.303 GB / 1511.166 GB to store  65715708429 kmers; need 45.912 GB to sort    102702874 kmers
Used 337.416 GB / 1511.166 GB to store  65740859425 kmers; need 45.929 GB to sort    102740858 kmers
Used 337.530 GB / 1511.166 GB to store  65766010316 kmers; need 45.941 GB to sort    102767656 kmers
Used 337.643 GB / 1511.166 GB to store  65791161240 kmers; need 45.962 GB to sort    102815801 kmers
Used 337.748 GB / 1511.166 GB to store  65814216756 kmers; need 45.986 GB to sort    102867984 kmers
Used 337.861 GB / 1511.166 GB to store  65839367982 kmers; need 46.005 GB to sort    102910648 kmers
Used 337.983 GB / 1511.166 GB to store  65866615277 kmers; need 46.011 GB to sort    102925959 kmers
Used 338.087 GB / 1511.166 GB to store  65889670998 kmers; need 46.039 GB to sort    102987626 kmers
Used 338.192 GB / 1511.166 GB to store  65912725817 kmers; need 46.059 GB to sort    103032512 kmers
Used 338.314 GB / 1511.166 GB to store  65939973475 kmers; need 46.066 GB to sort    103047553 kmers
Used 338.427 GB / 1511.166 GB to store  65965124524 kmers; need 46.087 GB to sort    103094097 kmers
Used 338.521 GB / 1511.166 GB to store  65986084798 kmers; need 46.118 GB to sort    103164951 kmers
Used 338.644 GB / 1511.166 GB to store  66013332180 kmers; need 46.126 GB to sort    103182923 kmers
Used 338.758 GB / 1511.166 GB to store  66038482909 kmers; need 46.141 GB to sort    103216601 kmers
Used 338.871 GB / 1511.166 GB to store  66063635332 kmers; need 46.156 GB to sort    103250108 kmers
Used 338.975 GB / 1511.166 GB to store  66086690438 kmers; need 46.181 GB to sort    103306177 kmers
Used 339.098 GB / 1511.166 GB to store  66113936991 kmers; need 46.184 GB to sort    103312072 kmers
Used 339.201 GB / 1511.166 GB to store  66136992029 kmers; need 46.209 GB to sort    103368163 kmers
Used 339.324 GB / 1511.166 GB to store  66164239254 kmers; need 46.214 GB to sort    103378297 kmers
Used 339.437 GB / 1511.166 GB to store  66189390508 kmers; need 46.234 GB to sort    103424075 kmers
Used 339.532 GB / 1511.166 GB to store  66210349774 kmers; need 46.264 GB to sort    103491850 kmers
Used 339.645 GB / 1511.166 GB to store  66235501124 kmers; need 46.281 GB to sort    103529507 kmers
Used 339.768 GB / 1511.166 GB to store  66262748233 kmers; need 46.285 GB to sort    103538542 kmers
Used 339.881 GB / 1511.166 GB to store  66287898974 kmers; need 46.299 GB to sort    103568732 kmers
Used 339.986 GB / 1511.166 GB to store  66310953616 kmers; need 46.324 GB to sort    103624915 kmers
Used 340.109 GB / 1511.166 GB to store  66338201360 kmers; need 46.333 GB to sort    103645298 kmers
Used 340.222 GB / 1511.166 GB to store  66363352942 kmers; need 46.346 GB to sort    103675274 kmers
Used 340.326 GB / 1511.166 GB to store  66386407904 kmers; need 46.376 GB to sort    103741971 kmers
Used 340.448 GB / 1511.166 GB to store  66413654408 kmers; need 46.392 GB to sort    103778037 kmers
Used 340.562 GB / 1511.166 GB to store  66438805737 kmers; need 46.405 GB to sort    103806821 kmers
Used 340.676 GB / 1511.166 GB to store  66463955999 kmers; need 46.428 GB to sort    103858082 kmers
Used 340.789 GB / 1511.166 GB to store  66489105805 kmers; need 46.445 GB to sort    103895005 kmers
Used 340.894 GB / 1511.166 GB to store  66512161257 kmers; need 46.466 GB to sort    103942458 kmers
Used 341.008 GB / 1511.166 GB to store  66537311024 kmers; need 46.478 GB to sort    103969469 kmers
Used 341.111 GB / 1511.166 GB to store  66560365949 kmers; need 46.499 GB to sort    104017481 kmers
Used 341.215 GB / 1511.166 GB to store  66583421332 kmers; need 46.523 GB to sort    104069282 kmers
Used 341.329 GB / 1511.166 GB to store  66608572360 kmers; need 46.537 GB to sort    104101119 kmers
Used 341.442 GB / 1511.166 GB to store  66633722933 kmers; need 46.553 GB to sort    104137421 kmers
Used 341.555 GB / 1511.166 GB to store  66658874048 kmers; need 46.568 GB to sort    104171512 kmers
Used 341.659 GB / 1511.166 GB to store  66681928892 kmers; need 46.593 GB to sort    104226924 kmers
Used 341.773 GB / 1511.166 GB to store  66707078868 kmers; need 46.606 GB to sort    104256179 kmers
Used 341.885 GB / 1511.166 GB to store  66732228964 kmers; need 46.621 GB to sort    104290053 kmers
Used 341.989 GB / 1511.166 GB to store  66755283912 kmers; need 46.646 GB to sort    104344702 kmers
Used 342.112 GB / 1511.166 GB to store  66782530787 kmers; need 46.649 GB to sort    104352936 kmers
Used 342.216 GB / 1511.166 GB to store  66805585500 kmers; need 46.675 GB to sort    104409475 kmers
Used 342.320 GB / 1511.166 GB to store  66828640155 kmers; need 46.704 GB to sort    104474288 kmers
Used 342.443 GB / 1511.166 GB to store  66855886317 kmers; need 46.707 GB to sort    104482635 kmers
Used 342.547 GB / 1511.166 GB to store  66878941445 kmers; need 46.738 GB to sort    104550789 kmers
Used 342.660 GB / 1511.166 GB to store  66904092257 kmers; need 46.759 GB to sort    104598835 kmers
Used 342.773 GB / 1511.166 GB to store  66929242977 kmers; need 46.772 GB to sort    104626095 kmers
Used 342.886 GB / 1511.166 GB to store  66954393150 kmers; need 46.792 GB to sort    104671783 kmers
Used 343.009 GB / 1511.166 GB to store  66981639464 kmers; need 46.803 GB to sort    104696731 kmers
Used 343.122 GB / 1511.166 GB to store  67006790654 kmers; need 46.824 GB to sort    104743978 kmers
Used 343.235 GB / 1511.166 GB to store  67031941681 kmers; need 46.843 GB to sort    104786052 kmers
Used 343.358 GB / 1511.166 GB to store  67059188517 kmers; need 46.854 GB to sort    104810232 kmers
Used 343.462 GB / 1511.166 GB to store  67082243489 kmers; need 46.880 GB to sort    104869893 kmers
Used 343.576 GB / 1511.166 GB to store  67107393283 kmers; need 46.896 GB to sort    104905313 kmers
Used 343.689 GB / 1511.166 GB to store  67132543995 kmers; need 46.912 GB to sort    104939670 kmers
Used 343.803 GB / 1511.166 GB to store  67157694462 kmers; need 46.930 GB to sort    104980203 kmers
Used 343.917 GB / 1511.166 GB to store  67182844727 kmers; need 46.955 GB to sort    105035981 kmers
Used 344.030 GB / 1511.166 GB to store  67207995664 kmers; need 46.988 GB to sort    105111045 kmers
Used 344.153 GB / 1511.166 GB to store  67235242132 kmers; need 46.995 GB to sort    105126618 kmers
Used 344.257 GB / 1511.166 GB to store  67258296781 kmers; need 47.019 GB to sort    105179903 kmers
Used 344.379 GB / 1511.166 GB to store  67285542519 kmers; need 47.024 GB to sort    105191243 kmers
Used 344.492 GB / 1511.166 GB to store  67310693557 kmers; need 47.044 GB to sort    105234736 kmers
Used 344.596 GB / 1511.166 GB to store  67333747886 kmers; need 47.071 GB to sort    105295771 kmers
Used 344.719 GB / 1511.166 GB to store  67360994077 kmers; need 47.076 GB to sort    105308190 kmers
Used 344.833 GB / 1511.166 GB to store  67386144160 kmers; need 47.095 GB to sort    105349553 kmers
Used 344.927 GB / 1511.166 GB to store  67407101320 kmers; need 47.128 GB to sort    105424169 kmers
Used 345.059 GB / 1511.166 GB to store  67436442548 kmers; need 47.129 GB to sort    105426007 kmers
Used 345.172 GB / 1511.166 GB to store  67461593104 kmers; need 47.146 GB to sort    105463389 kmers
Used 345.286 GB / 1511.166 GB to store  67486744037 kmers; need 47.175 GB to sort    105528670 kmers
Used 345.408 GB / 1511.166 GB to store  67513990543 kmers; need 47.181 GB to sort    105541057 kmers
Used 345.502 GB / 1511.166 GB to store  67534949117 kmers; need 47.215 GB to sort    105618898 kmers
Used 345.634 GB / 1511.166 GB to store  67564291403 kmers; need 47.219 GB to sort    105626875 kmers
Used 345.748 GB / 1511.166 GB to store  67589442290 kmers; need 47.241 GB to sort    105675214 kmers
Used 345.862 GB / 1511.166 GB to store  67614593943 kmers; need 47.254 GB to sort    105704727 kmers
Used 345.975 GB / 1511.166 GB to store  67639744434 kmers; need 47.265 GB to sort    105730413 kmers
Used 346.069 GB / 1511.166 GB to store  67660703361 kmers; need 47.306 GB to sort    105821544 kmers
Used 346.192 GB / 1511.166 GB to store  67687950611 kmers; need 47.309 GB to sort    105828725 kmers
Used 346.305 GB / 1511.166 GB to store  67713101267 kmers; need 47.330 GB to sort    105876091 kmers
Used 346.419 GB / 1511.166 GB to store  67738252416 kmers; need 47.342 GB to sort    105902033 kmers
Used 346.522 GB / 1511.166 GB to store  67761306758 kmers; need 47.366 GB to sort    105956129 kmers
Used 346.644 GB / 1511.166 GB to store  67788553592 kmers; need 47.380 GB to sort    105987018 kmers
Used 346.758 GB / 1511.166 GB to store  67813704435 kmers; need 47.400 GB to sort    106031965 kmers
Used 346.872 GB / 1511.166 GB to store  67838854717 kmers; need 47.421 GB to sort    106078303 kmers
Used 346.995 GB / 1511.166 GB to store  67866101693 kmers; need 47.427 GB to sort    106091556 kmers
Used 347.079 GB / 1511.166 GB to store  67884964603 kmers; need 47.473 GB to sort    106194973 kmers
Used 347.194 GB / 1511.166 GB to store  67910115736 kmers; need 47.488 GB to sort    106227789 kmers
Used 347.316 GB / 1511.166 GB to store  67937363137 kmers; need 47.497 GB to sort    106250106 kmers
Used 347.439 GB / 1511.166 GB to store  67964610019 kmers; need 47.512 GB to sort    106283538 kmers
Used 347.543 GB / 1511.166 GB to store  67987665700 kmers; need 47.544 GB to sort    106354748 kmers
Used 347.666 GB / 1511.166 GB to store  68014912949 kmers; need 47.554 GB to sort    106377591 kmers
Used 347.789 GB / 1511.166 GB to store  68042160017 kmers; need 47.562 GB to sort    106395029 kmers
Used 347.892 GB / 1511.166 GB to store  68065216449 kmers; need 47.590 GB to sort    106457027 kmers
Used 348.006 GB / 1511.166 GB to store  68090367706 kmers; need 47.604 GB to sort    106488533 kmers
Used 348.129 GB / 1511.166 GB to store  68117614316 kmers; need 47.613 GB to sort    106509153 kmers
Used 348.242 GB / 1511.166 GB to store  68142765059 kmers; need 47.627 GB to sort    106540053 kmers
Used 348.346 GB / 1511.166 GB to store  68165820554 kmers; need 47.649 GB to sort    106589308 kmers
Used 348.459 GB / 1511.166 GB to store  68190971687 kmers; need 47.663 GB to sort    106619590 kmers
Used 348.582 GB / 1511.166 GB to store  68218219633 kmers; need 47.666 GB to sort    106625954 kmers
Used 348.676 GB / 1511.166 GB to store  68239178914 kmers; need 47.704 GB to sort    106712608 kmers
Used 348.809 GB / 1511.166 GB to store  68268522232 kmers; need 47.708 GB to sort    106719905 kmers
Used 348.922 GB / 1511.166 GB to store  68293673338 kmers; need 47.724 GB to sort    106757516 kmers
Used 349.035 GB / 1511.166 GB to store  68318824628 kmers; need 47.739 GB to sort    106791289 kmers
Used 349.148 GB / 1511.166 GB to store  68343976502 kmers; need 47.759 GB to sort    106834831 kmers
Used 349.253 GB / 1511.166 GB to store  68367032517 kmers; need 47.779 GB to sort    106880857 kmers
Used 349.366 GB / 1511.166 GB to store  68392184304 kmers; need 47.798 GB to sort    106923426 kmers
Used 349.479 GB / 1511.166 GB to store  68417335788 kmers; need 47.819 GB to sort    106969157 kmers
Used 349.583 GB / 1511.166 GB to store  68440390149 kmers; need 47.842 GB to sort    107021173 kmers
Used 349.696 GB / 1511.166 GB to store  68465541665 kmers; need 47.860 GB to sort    107060719 kmers
Used 349.819 GB / 1511.166 GB to store  68492789408 kmers; need 47.874 GB to sort    107092289 kmers
Used 349.932 GB / 1511.166 GB to store  68517940630 kmers; need 47.899 GB to sort    107147435 kmers
Used 350.064 GB / 1511.166 GB to store  68547283625 kmers; need 47.904 GB to sort    107160183 kmers
Used 350.159 GB / 1511.166 GB to store  68568242667 kmers; need 47.939 GB to sort    107237628 kmers
Used 350.281 GB / 1511.166 GB to store  68595490237 kmers; need 47.946 GB to sort    107252660 kmers
Used 350.395 GB / 1511.166 GB to store  68620641919 kmers; need 47.958 GB to sort    107279491 kmers
Used 350.509 GB / 1511.166 GB to store  68645793524 kmers; need 47.976 GB to sort    107320593 kmers
Used 350.612 GB / 1511.166 GB to store  68668848308 kmers; need 47.998 GB to sort    107369423 kmers
Used 350.735 GB / 1511.166 GB to store  68696095093 kmers; need 48.006 GB to sort    107387568 kmers
Used 350.848 GB / 1511.166 GB to store  68721246467 kmers; need 48.020 GB to sort    107418970 kmers
Used 350.943 GB / 1511.166 GB to store  68742206086 kmers; need 48.056 GB to sort    107499106 kmers
Used 351.065 GB / 1511.166 GB to store  68769453655 kmers; need 48.060 GB to sort    107507595 kmers
Used 351.179 GB / 1511.166 GB to store  68794604609 kmers; need 48.074 GB to sort    107540030 kmers
Used 351.283 GB / 1511.166 GB to store  68817659945 kmers; need 48.095 GB to sort    107587655 kmers
Used 351.396 GB / 1511.166 GB to store  68842812016 kmers; need 48.117 GB to sort    107635205 kmers
Used 351.519 GB / 1511.166 GB to store  68870059624 kmers; need 48.123 GB to sort    107650388 kmers
Used 351.623 GB / 1511.166 GB to store  68893114435 kmers; need 48.150 GB to sort    107710750 kmers
Used 351.737 GB / 1511.166 GB to store  68918265902 kmers; need 48.174 GB to sort    107763272 kmers
Used 351.869 GB / 1511.166 GB to store  68947608722 kmers; need 48.174 GB to sort    107763676 kmers
Used 351.982 GB / 1511.166 GB to store  68972760236 kmers; need 48.193 GB to sort    107805217 kmers
Used 352.076 GB / 1511.166 GB to store  68993719812 kmers; need 48.225 GB to sort    107876881 kmers
Used 352.189 GB / 1511.166 GB to store  69018870294 kmers; need 48.239 GB to sort    107909553 kmers
Used 352.302 GB / 1511.166 GB to store  69044021373 kmers; need 48.260 GB to sort    107955796 kmers
Used 352.425 GB / 1511.166 GB to store  69071267373 kmers; need 48.265 GB to sort    107967401 kmers
Used 352.539 GB / 1511.166 GB to store  69096417649 kmers; need 48.289 GB to sort    108020979 kmers
Used 352.662 GB / 1511.166 GB to store  69123663749 kmers; need 48.295 GB to sort    108034911 kmers
Used 352.775 GB / 1511.166 GB to store  69148813756 kmers; need 48.315 GB to sort    108079695 kmers
Used 352.879 GB / 1511.166 GB to store  69171868257 kmers; need 48.343 GB to sort    108141472 kmers
Used 352.992 GB / 1511.166 GB to store  69197019447 kmers; need 48.355 GB to sort    108168833 kmers
Used 353.105 GB / 1511.166 GB to store  69222169623 kmers; need 48.370 GB to sort    108201799 kmers
Used 353.209 GB / 1511.166 GB to store  69245224031 kmers; need 48.393 GB to sort    108253828 kmers
Used 353.332 GB / 1511.166 GB to store  69272470232 kmers; need 48.401 GB to sort    108270781 kmers
Used 353.445 GB / 1511.166 GB to store  69297620668 kmers; need 48.415 GB to sort    108303407 kmers
Used 353.548 GB / 1511.166 GB to store  69320675864 kmers; need 48.447 GB to sort    108374763 kmers
Used 353.671 GB / 1511.166 GB to store  69347922316 kmers; need 48.459 GB to sort    108399899 kmers
Used 353.794 GB / 1511.166 GB to store  69375168897 kmers; need 48.467 GB to sort    108419607 kmers
Used 353.888 GB / 1511.166 GB to store  69396126336 kmers; need 48.501 GB to sort    108495921 kmers
Used 354.011 GB / 1511.166 GB to store  69423372744 kmers; need 48.506 GB to sort    108505512 kmers
Used 354.125 GB / 1511.166 GB to store  69448523003 kmers; need 48.529 GB to sort    108557769 kmers
Used 354.238 GB / 1511.166 GB to store  69473673064 kmers; need 48.551 GB to sort    108605881 kmers
Used 354.361 GB / 1511.166 GB to store  69500919081 kmers; need 48.565 GB to sort    108637747 kmers
Used 354.484 GB / 1511.166 GB to store  69528165302 kmers; need 48.575 GB to sort    108661097 kmers
Used 354.597 GB / 1511.166 GB to store  69553315333 kmers; need 48.595 GB to sort    108704844 kmers
Used 354.702 GB / 1511.166 GB to store  69576369368 kmers; need 48.617 GB to sort    108753945 kmers
Used 354.815 GB / 1511.166 GB to store  69601520077 kmers; need 48.633 GB to sort    108789391 kmers
Used 354.919 GB / 1511.166 GB to store  69624574364 kmers; need 48.654 GB to sort    108838081 kmers
Used 355.032 GB / 1511.166 GB to store  69649724018 kmers; need 48.673 GB to sort    108879643 kmers
Used 355.146 GB / 1511.166 GB to store  69674872812 kmers; need 48.687 GB to sort    108911786 kmers
Used 355.240 GB / 1511.166 GB to store  69695830018 kmers; need 48.723 GB to sort    108991095 kmers
Used 355.372 GB / 1511.166 GB to store  69725170391 kmers; need 48.731 GB to sort    109008721 kmers
Used 355.496 GB / 1511.166 GB to store  69752414198 kmers; need 48.739 GB to sort    109027964 kmers
Used 355.609 GB / 1511.166 GB to store  69777562090 kmers; need 48.755 GB to sort    109062736 kmers
Used 355.721 GB / 1511.166 GB to store  69802711107 kmers; need 48.780 GB to sort    109119123 kmers
Used 355.835 GB / 1511.166 GB to store  69827859375 kmers; need 48.796 GB to sort    109155703 kmers
Used 355.957 GB / 1511.166 GB to store  69855103977 kmers; need 48.806 GB to sort    109176341 kmers
Used 356.062 GB / 1511.166 GB to store  69878157253 kmers; need 48.829 GB to sort    109229222 kmers
Used 356.194 GB / 1511.166 GB to store  69907497989 kmers; need 48.830 GB to sort    109230232 kmers
Used 356.298 GB / 1511.166 GB to store  69930551371 kmers; need 48.869 GB to sort    109318942 kmers
Used 356.421 GB / 1511.166 GB to store  69957796371 kmers; need 48.876 GB to sort    109332999 kmers
Used 356.543 GB / 1511.166 GB to store  69985040305 kmers; need 48.884 GB to sort    109352045 kmers
Used 356.666 GB / 1511.166 GB to store  70012285635 kmers; need 48.892 GB to sort    109368652 kmers
Used 356.770 GB / 1511.166 GB to store  70035340105 kmers; need 48.914 GB to sort    109417809 kmers
Used 356.893 GB / 1511.166 GB to store  70062586998 kmers; need 48.923 GB to sort    109437835 kmers
Used 356.997 GB / 1511.166 GB to store  70085641239 kmers; need 48.946 GB to sort    109490730 kmers
Used 357.110 GB / 1511.166 GB to store  70110790840 kmers; need 48.962 GB to sort    109527183 kmers
Used 357.233 GB / 1511.166 GB to store  70138037206 kmers; need 48.971 GB to sort    109547140 kmers
Used 357.337 GB / 1511.166 GB to store  70161092349 kmers; need 49.002 GB to sort    109614968 kmers
Used 357.461 GB / 1511.166 GB to store  70188339479 kmers; need 49.018 GB to sort    109651762 kmers
Used 357.574 GB / 1511.166 GB to store  70213490614 kmers; need 49.036 GB to sort    109690621 kmers
Used 357.686 GB / 1511.166 GB to store  70238640495 kmers; need 49.054 GB to sort    109731006 kmers
Used 357.809 GB / 1511.166 GB to store  70265887239 kmers; need 49.062 GB to sort    109749331 kmers
Used 357.923 GB / 1511.166 GB to store  70291038209 kmers; need 49.076 GB to sort    109781694 kmers
Used 358.027 GB / 1511.166 GB to store  70314093197 kmers; need 49.099 GB to sort    109832650 kmers
Used 358.140 GB / 1511.166 GB to store  70339243861 kmers; need 49.115 GB to sort    109869177 kmers
Used 358.263 GB / 1511.166 GB to store  70366490055 kmers; need 49.126 GB to sort    109892053 kmers
Used 358.376 GB / 1511.166 GB to store  70391640819 kmers; need 49.141 GB to sort    109926545 kmers
Used 358.489 GB / 1511.166 GB to store  70416791475 kmers; need 49.156 GB to sort    109960316 kmers
Used 358.602 GB / 1511.166 GB to store  70441941342 kmers; need 49.174 GB to sort    109999456 kmers
Used 358.725 GB / 1511.166 GB to store  70469188573 kmers; need 49.190 GB to sort    110035468 kmers
Used 358.839 GB / 1511.166 GB to store  70494338831 kmers; need 49.215 GB to sort    110092448 kmers
Used 358.953 GB / 1511.166 GB to store  70519489422 kmers; need 49.229 GB to sort    110124178 kmers
Used 359.056 GB / 1511.166 GB to store  70542544483 kmers; need 49.258 GB to sort    110188582 kmers
Used 359.170 GB / 1511.166 GB to store  70567695271 kmers; need 49.275 GB to sort    110226013 kmers
Used 359.273 GB / 1511.166 GB to store  70590750209 kmers; need 49.301 GB to sort    110284474 kmers
Used 359.397 GB / 1511.166 GB to store  70617996723 kmers; need 49.323 GB to sort    110332590 kmers
Used 359.528 GB / 1511.166 GB to store  70647338595 kmers; need 49.323 GB to sort    110332590 kmers
Used 359.652 GB / 1511.166 GB to store  70674584871 kmers; need 49.330 GB to sort    110348627 kmers
Used 359.746 GB / 1511.166 GB to store  70695544650 kmers; need 49.364 GB to sort    110424985 kmers
Used 359.868 GB / 1511.166 GB to store  70722792032 kmers; need 49.371 GB to sort    110442160 kmers
Used 359.991 GB / 1511.166 GB to store  70750038085 kmers; need 49.378 GB to sort    110456169 kmers
Used 360.095 GB / 1511.166 GB to store  70773093377 kmers; need 49.402 GB to sort    110510453 kmers
Used 360.208 GB / 1511.166 GB to store  70798244903 kmers; need 49.417 GB to sort    110543984 kmers
Used 360.322 GB / 1511.166 GB to store  70823395438 kmers; need 49.433 GB to sort    110580686 kmers
Used 360.435 GB / 1511.166 GB to store  70848546039 kmers; need 49.453 GB to sort    110625148 kmers
Used 360.547 GB / 1511.166 GB to store  70873696906 kmers; need 49.470 GB to sort    110662920 kmers
Used 360.651 GB / 1511.166 GB to store  70896751270 kmers; need 49.494 GB to sort    110715704 kmers
Used 360.764 GB / 1511.166 GB to store  70921902022 kmers; need 49.511 GB to sort    110753461 kmers
Used 360.869 GB / 1511.166 GB to store  70944956487 kmers; need 49.537 GB to sort    110811687 kmers
Used 360.982 GB / 1511.166 GB to store  70970107324 kmers; need 49.559 GB to sort    110861205 kmers
Used 361.096 GB / 1511.166 GB to store  70995259153 kmers; need 49.574 GB to sort    110894186 kmers
Used 361.219 GB / 1511.166 GB to store  71022506518 kmers; need 49.578 GB to sort    110904208 kmers
Used 361.333 GB / 1511.166 GB to store  71047657676 kmers; need 49.596 GB to sort    110945420 kmers
Used 361.446 GB / 1511.166 GB to store  71072808092 kmers; need 49.617 GB to sort    110991415 kmers
Used 361.549 GB / 1511.166 GB to store  71095863574 kmers; need 49.644 GB to sort    111051620 kmers
Used 361.673 GB / 1511.166 GB to store  71123109834 kmers; need 49.646 GB to sort    111056990 kmers
Used 361.786 GB / 1511.166 GB to store  71148260268 kmers; need 49.662 GB to sort    111092602 kmers
Used 361.890 GB / 1511.166 GB to store  71171314722 kmers; need 49.687 GB to sort    111147788 kmers
Used 362.013 GB / 1511.166 GB to store  71198561225 kmers; need 49.699 GB to sort    111174037 kmers
Used 362.117 GB / 1511.166 GB to store  71221615778 kmers; need 49.725 GB to sort    111233884 kmers
Used 362.240 GB / 1511.166 GB to store  71248862391 kmers; need 49.733 GB to sort    111249762 kmers
Used 362.352 GB / 1511.166 GB to store  71274013117 kmers; need 49.752 GB to sort    111292962 kmers
Used 362.467 GB / 1511.166 GB to store  71299163644 kmers; need 49.766 GB to sort    111325360 kmers
Used 362.590 GB / 1511.166 GB to store  71326410635 kmers; need 49.776 GB to sort    111347884 kmers
Used 362.694 GB / 1511.166 GB to store  71349465119 kmers; need 49.801 GB to sort    111403695 kmers
Used 362.817 GB / 1511.166 GB to store  71376711494 kmers; need 49.814 GB to sort    111431438 kmers
Used 362.920 GB / 1511.166 GB to store  71399766315 kmers; need 49.853 GB to sort    111518635 kmers
Used 363.053 GB / 1511.166 GB to store  71429109091 kmers; need 49.853 GB to sort    111519410 kmers
Used 363.166 GB / 1511.166 GB to store  71454258942 kmers; need 49.868 GB to sort    111553413 kmers
Used 363.279 GB / 1511.166 GB to store  71479410267 kmers; need 49.887 GB to sort    111596160 kmers
Used 363.383 GB / 1511.166 GB to store  71502465203 kmers; need 49.914 GB to sort    111655846 kmers
Used 363.506 GB / 1511.166 GB to store  71529711628 kmers; need 49.918 GB to sort    111664391 kmers
Used 363.619 GB / 1511.166 GB to store  71554862578 kmers; need 49.934 GB to sort    111699877 kmers
Used 363.715 GB / 1511.166 GB to store  71575821381 kmers; need 49.963 GB to sort    111766143 kmers
Used 363.838 GB / 1511.166 GB to store  71603067675 kmers; need 49.969 GB to sort    111778933 kmers
Used 363.952 GB / 1511.166 GB to store  71628218739 kmers; need 49.984 GB to sort    111812448 kmers
Used 364.064 GB / 1511.166 GB to store  71653369870 kmers; need 50.003 GB to sort    111855008 kmers
Used 364.177 GB / 1511.166 GB to store  71678520646 kmers; need 50.025 GB to sort    111903632 kmers
Used 364.281 GB / 1511.166 GB to store  71701575808 kmers; need 50.047 GB to sort    111953374 kmers
Used 364.394 GB / 1511.166 GB to store  71726727059 kmers; need 50.069 GB to sort    112003284 kmers
Used 364.509 GB / 1511.166 GB to store  71751878284 kmers; need 50.086 GB to sort    112040877 kmers
Used 364.622 GB / 1511.166 GB to store  71777028165 kmers; need 50.100 GB to sort    112070904 kmers
Used 364.736 GB / 1511.166 GB to store  71802178772 kmers; need 50.112 GB to sort    112097861 kmers
Used 364.848 GB / 1511.166 GB to store  71827330012 kmers; need 50.128 GB to sort    112135074 kmers
Used 364.961 GB / 1511.166 GB to store  71852480836 kmers; need 50.143 GB to sort    112166950 kmers
Used 365.056 GB / 1511.166 GB to store  71873439998 kmers; need 50.180 GB to sort    112250749 kmers
Used 365.188 GB / 1511.166 GB to store  71902782150 kmers; need 50.180 GB to sort    112250749 kmers
Used 365.302 GB / 1511.166 GB to store  71927932699 kmers; need 50.194 GB to sort    112282631 kmers
Used 365.415 GB / 1511.166 GB to store  71953083666 kmers; need 50.210 GB to sort    112317510 kmers
Used 365.510 GB / 1511.166 GB to store  71974042511 kmers; need 50.243 GB to sort    112390910 kmers
Used 365.632 GB / 1511.166 GB to store  72001289263 kmers; need 50.250 GB to sort    112408029 kmers
Used 365.755 GB / 1511.166 GB to store  72028535660 kmers; need 50.260 GB to sort    112429500 kmers
Used 365.868 GB / 1511.166 GB to store  72053686467 kmers; need 50.276 GB to sort    112464755 kmers
Used 365.982 GB / 1511.166 GB to store  72078838172 kmers; need 50.294 GB to sort    112505655 kmers
Used 366.087 GB / 1511.166 GB to store  72101891937 kmers; need 50.316 GB to sort    112555370 kmers
Used 366.190 GB / 1511.166 GB to store  72124945938 kmers; need 50.339 GB to sort    112606028 kmers
Used 366.312 GB / 1511.166 GB to store  72152191980 kmers; need 50.360 GB to sort    112654055 kmers
Used 366.426 GB / 1511.166 GB to store  72177341979 kmers; need 50.374 GB to sort    112684431 kmers
Used 366.548 GB / 1511.166 GB to store  72204587798 kmers; need 50.384 GB to sort    112706617 kmers
Used 366.662 GB / 1511.166 GB to store  72229738524 kmers; need 50.403 GB to sort    112748775 kmers
Used 366.765 GB / 1511.166 GB to store  72252792480 kmers; need 50.425 GB to sort    112799841 kmers
Used 366.878 GB / 1511.166 GB to store  72277942713 kmers; need 50.443 GB to sort    112840174 kmers
Used 366.983 GB / 1511.166 GB to store  72300997685 kmers; need 50.468 GB to sort    112895696 kmers
Used 367.078 GB / 1511.166 GB to store  72321956673 kmers; need 50.508 GB to sort    112983460 kmers
Used 367.201 GB / 1511.166 GB to store  72349203305 kmers; need 50.516 GB to sort    113002194 kmers
Used 367.334 GB / 1511.166 GB to store  72378545454 kmers; need 50.516 GB to sort    113002194 kmers
Used 367.447 GB / 1511.166 GB to store  72403695128 kmers; need 50.535 GB to sort    113043876 kmers
Used 367.559 GB / 1511.166 GB to store  72428844919 kmers; need 50.582 GB to sort    113150402 kmers
Used 367.683 GB / 1511.166 GB to store  72456090947 kmers; need 50.587 GB to sort    113160659 kmers
Used 367.815 GB / 1511.166 GB to store  72485433292 kmers; need 50.587 GB to sort    113160659 kmers
Used 367.919 GB / 1511.166 GB to store  72508487653 kmers; need 50.613 GB to sort    113220131 kmers
Used 368.042 GB / 1511.166 GB to store  72535734484 kmers; need 50.622 GB to sort    113240540 kmers
Used 368.154 GB / 1511.166 GB to store  72560884560 kmers; need 50.642 GB to sort    113283149 kmers
Used 368.268 GB / 1511.166 GB to store  72586035393 kmers; need 50.661 GB to sort    113327187 kmers
Used 368.390 GB / 1511.166 GB to store  72613281483 kmers; need 50.677 GB to sort    113362163 kmers
Used 368.504 GB / 1511.166 GB to store  72638431365 kmers; need 50.696 GB to sort    113404919 kmers
Used 368.617 GB / 1511.166 GB to store  72663581699 kmers; need 50.713 GB to sort    113443400 kmers
Used 368.730 GB / 1511.166 GB to store  72688732281 kmers; need 50.729 GB to sort    113479662 kmers
Used 368.833 GB / 1511.166 GB to store  72711786237 kmers; need 50.754 GB to sort    113535340 kmers
Used 368.957 GB / 1511.166 GB to store  72739031985 kmers; need 50.765 GB to sort    113558283 kmers
Used 369.062 GB / 1511.166 GB to store  72762086528 kmers; need 50.791 GB to sort    113618005 kmers
Used 369.175 GB / 1511.166 GB to store  72787237226 kmers; need 50.806 GB to sort    113650365 kmers
Used 369.278 GB / 1511.166 GB to store  72810291665 kmers; need 50.836 GB to sort    113717474 kmers
Used 369.410 GB / 1511.166 GB to store  72839633657 kmers; need 50.842 GB to sort    113730703 kmers
Used 369.524 GB / 1511.166 GB to store  72864784054 kmers; need 50.855 GB to sort    113760063 kmers
Used 369.638 GB / 1511.166 GB to store  72889934473 kmers; need 50.877 GB to sort    113808864 kmers
Used 369.732 GB / 1511.166 GB to store  72910892450 kmers; need 50.911 GB to sort    113885399 kmers
Used 369.864 GB / 1511.166 GB to store  72940234201 kmers; need 50.911 GB to sort    113885399 kmers
Used 369.977 GB / 1511.166 GB to store  72965384508 kmers; need 50.925 GB to sort    113917872 kmers
Used 370.070 GB / 1511.166 GB to store  72986342406 kmers; need 50.966 GB to sort    114009384 kmers
Used 370.203 GB / 1511.166 GB to store  73015683754 kmers; need 50.966 GB to sort    114009384 kmers
Used 370.317 GB / 1511.166 GB to store  73040833440 kmers; need 50.978 GB to sort    114035460 kmers
Used 370.430 GB / 1511.166 GB to store  73065983225 kmers; need 50.993 GB to sort    114069609 kmers
Used 370.544 GB / 1511.166 GB to store  73091133246 kmers; need 51.030 GB to sort    114151264 kmers
Used 370.676 GB / 1511.166 GB to store  73120474586 kmers; need 51.030 GB to sort    114152044 kmers
Used 370.789 GB / 1511.166 GB to store  73145624256 kmers; need 51.050 GB to sort    114196870 kmers
Used 370.884 GB / 1511.166 GB to store  73166583054 kmers; need 51.086 GB to sort    114278220 kmers
Used 371.016 GB / 1511.166 GB to store  73195924276 kmers; need 51.087 GB to sort    114279568 kmers
Used 371.130 GB / 1511.166 GB to store  73221074307 kmers; need 51.106 GB to sort    114322491 kmers
Used 371.234 GB / 1511.166 GB to store  73244128339 kmers; need 51.132 GB to sort    114379813 kmers
Used 371.356 GB / 1511.166 GB to store  73271372669 kmers; need 51.141 GB to sort    114401459 kmers
Used 371.460 GB / 1511.166 GB to store  73294425730 kmers; need 51.167 GB to sort    114459110 kmers
Used 371.593 GB / 1511.166 GB to store  73323765654 kmers; need 51.168 GB to sort    114461263 kmers
Used 371.696 GB / 1511.166 GB to store  73346818461 kmers; need 51.203 GB to sort    114539011 kmers
Used 371.819 GB / 1511.166 GB to store  73374064138 kmers; need 51.209 GB to sort    114552689 kmers
Used 371.923 GB / 1511.166 GB to store  73397118618 kmers; need 51.233 GB to sort    114605770 kmers
Used 372.036 GB / 1511.166 GB to store  73422269453 kmers; need 51.253 GB to sort    114651231 kmers
Used 372.149 GB / 1511.166 GB to store  73447419771 kmers; need 51.269 GB to sort    114686927 kmers
Used 372.262 GB / 1511.166 GB to store  73472570485 kmers; need 51.288 GB to sort    114730424 kmers
Used 372.376 GB / 1511.166 GB to store  73497721559 kmers; need 51.305 GB to sort    114767281 kmers
Used 372.490 GB / 1511.166 GB to store  73522873572 kmers; need 51.322 GB to sort    114805294 kmers
Used 372.584 GB / 1511.166 GB to store  73543832423 kmers; need 51.353 GB to sort    114875259 kmers
Used 372.716 GB / 1511.166 GB to store  73573175432 kmers; need 51.353 GB to sort    114875259 kmers
Used 372.839 GB / 1511.166 GB to store  73600422815 kmers; need 51.368 GB to sort    114908760 kmers
Used 372.952 GB / 1511.166 GB to store  73625573586 kmers; need 51.389 GB to sort    114954382 kmers
Used 373.046 GB / 1511.166 GB to store  73646532244 kmers; need 51.429 GB to sort    115043614 kmers
Used 373.178 GB / 1511.166 GB to store  73675875694 kmers; need 51.429 GB to sort    115043614 kmers
Used 373.300 GB / 1511.166 GB to store  73703122324 kmers; need 51.437 GB to sort    115062128 kmers
Used 373.405 GB / 1511.166 GB to store  73726177254 kmers; need 51.469 GB to sort    115133305 kmers
Used 373.518 GB / 1511.166 GB to store  73751328563 kmers; need 51.488 GB to sort    115176064 kmers
Used 373.641 GB / 1511.166 GB to store  73778574743 kmers; need 51.491 GB to sort    115184366 kmers
Used 373.755 GB / 1511.166 GB to store  73803725964 kmers; need 51.511 GB to sort    115227911 kmers
Used 373.868 GB / 1511.166 GB to store  73828877029 kmers; need 51.531 GB to sort    115272127 kmers
Used 373.991 GB / 1511.166 GB to store  73856124027 kmers; need 51.541 GB to sort    115295422 kmers
Used 374.104 GB / 1511.166 GB to store  73881274773 kmers; need 51.562 GB to sort    115342315 kmers
Used 374.217 GB / 1511.166 GB to store  73906425630 kmers; need 51.578 GB to sort    115378921 kmers
Used 374.339 GB / 1511.166 GB to store  73933672400 kmers; need 51.590 GB to sort    115404947 kmers
Used 374.443 GB / 1511.166 GB to store  73956727626 kmers; need 51.611 GB to sort    115452837 kmers
Used 374.557 GB / 1511.166 GB to store  73981878829 kmers; need 51.624 GB to sort    115481402 kmers
Used 374.642 GB / 1511.166 GB to store  74000741879 kmers; need 51.665 GB to sort    115573105 kmers
Used 374.765 GB / 1511.166 GB to store  74027988790 kmers; need 51.673 GB to sort    115590768 kmers
Used 374.887 GB / 1511.166 GB to store  74055235485 kmers; need 51.683 GB to sort    115613493 kmers
Used 374.991 GB / 1511.166 GB to store  74078290987 kmers; need 51.718 GB to sort    115691404 kmers
Used 375.114 GB / 1511.166 GB to store  74105537743 kmers; need 51.725 GB to sort    115705810 kmers
Used 375.237 GB / 1511.166 GB to store  74132785202 kmers; need 51.731 GB to sort    115721292 kmers
Used 375.350 GB / 1511.166 GB to store  74157935981 kmers; need 51.750 GB to sort    115762041 kmers
Used 375.455 GB / 1511.166 GB to store  74180990820 kmers; need 51.776 GB to sort    115820534 kmers
Used 375.577 GB / 1511.166 GB to store  74208237616 kmers; need 51.786 GB to sort    115844313 kmers
Used 375.690 GB / 1511.166 GB to store  74233388827 kmers; need 51.807 GB to sort    115890425 kmers
Used 375.813 GB / 1511.166 GB to store  74260635939 kmers; need 51.815 GB to sort    115908427 kmers
Used 375.917 GB / 1511.166 GB to store  74283691556 kmers; need 51.836 GB to sort    115955679 kmers
Used 376.030 GB / 1511.166 GB to store  74308842534 kmers; need 51.857 GB to sort    116001210 kmers
Used 376.154 GB / 1511.166 GB to store  74336089299 kmers; need 51.876 GB to sort    116044068 kmers
Used 376.267 GB / 1511.166 GB to store  74361240882 kmers; need 51.890 GB to sort    116077069 kmers
Used 376.380 GB / 1511.166 GB to store  74386392479 kmers; need 51.909 GB to sort    116117662 kmers
Used 376.493 GB / 1511.166 GB to store  74411544100 kmers; need 51.928 GB to sort    116160845 kmers
Used 376.597 GB / 1511.166 GB to store  74434599593 kmers; need 51.951 GB to sort    116212719 kmers
Used 376.710 GB / 1511.166 GB to store  74459749755 kmers; need 51.980 GB to sort    116277825 kmers
Used 376.833 GB / 1511.166 GB to store  74486996598 kmers; need 51.988 GB to sort    116296110 kmers
Used 376.947 GB / 1511.166 GB to store  74512148224 kmers; need 52.009 GB to sort    116341049 kmers
Used 377.070 GB / 1511.166 GB to store  74539395911 kmers; need 52.019 GB to sort    116363859 kmers
Used 377.182 GB / 1511.166 GB to store  74564547304 kmers; need 52.032 GB to sort    116393807 kmers
Used 377.296 GB / 1511.166 GB to store  74589698125 kmers; need 52.049 GB to sort    116431481 kmers
Used 377.410 GB / 1511.166 GB to store  74614849036 kmers; need 52.064 GB to sort    116464890 kmers
Used 377.523 GB / 1511.166 GB to store  74640000442 kmers; need 52.085 GB to sort    116512766 kmers
Used 377.636 GB / 1511.166 GB to store  74665150871 kmers; need 52.100 GB to sort    116545132 kmers
Used 377.749 GB / 1511.166 GB to store  74690302406 kmers; need 52.127 GB to sort    116605396 kmers
Used 377.863 GB / 1511.166 GB to store  74715453901 kmers; need 52.142 GB to sort    116639388 kmers
Used 377.976 GB / 1511.166 GB to store  74740604708 kmers; need 52.156 GB to sort    116671289 kmers
Used 378.090 GB / 1511.166 GB to store  74765755491 kmers; need 52.179 GB to sort    116722377 kmers
Used 378.203 GB / 1511.166 GB to store  74790906412 kmers; need 52.208 GB to sort    116788393 kmers
Used 378.316 GB / 1511.166 GB to store  74816057473 kmers; need 52.226 GB to sort    116826544 kmers
Used 378.448 GB / 1511.166 GB to store  74845400655 kmers; need 52.226 GB to sort    116826544 kmers
Used 378.561 GB / 1511.166 GB to store  74870552461 kmers; need 52.243 GB to sort    116865832 kmers
Used 378.656 GB / 1511.166 GB to store  74891512004 kmers; need 52.282 GB to sort    116952405 kmers
Used 378.770 GB / 1511.166 GB to store  74916663223 kmers; need 52.301 GB to sort    116994801 kmers
Used 378.902 GB / 1511.166 GB to store  74946005272 kmers; need 52.301 GB to sort    116994801 kmers
Used 379.015 GB / 1511.166 GB to store  74971156131 kmers; need 52.321 GB to sort    117039575 kmers
Used 379.119 GB / 1511.166 GB to store  74994211827 kmers; need 52.350 GB to sort    117104090 kmers
Used 379.242 GB / 1511.166 GB to store  75021459365 kmers; need 52.355 GB to sort    117116469 kmers
Used 379.356 GB / 1511.166 GB to store  75046610514 kmers; need 52.369 GB to sort    117147550 kmers
Used 379.478 GB / 1511.166 GB to store  75073858106 kmers; need 52.380 GB to sort    117171594 kmers
Used 379.592 GB / 1511.166 GB to store  75099008641 kmers; need 52.399 GB to sort    117215538 kmers
Used 379.705 GB / 1511.166 GB to store  75124160057 kmers; need 52.416 GB to sort    117252971 kmers
Used 379.809 GB / 1511.166 GB to store  75147215620 kmers; need 52.441 GB to sort    117308239 kmers
Used 379.922 GB / 1511.166 GB to store  75172367202 kmers; need 52.459 GB to sort    117347992 kmers
Used 380.045 GB / 1511.166 GB to store  75199614642 kmers; need 52.475 GB to sort    117385038 kmers
Used 380.158 GB / 1511.166 GB to store  75224766000 kmers; need 52.492 GB to sort    117422173 kmers
Used 380.271 GB / 1511.166 GB to store  75249917626 kmers; need 52.510 GB to sort    117461773 kmers
Used 380.376 GB / 1511.166 GB to store  75272972987 kmers; need 52.535 GB to sort    117519524 kmers
Used 380.507 GB / 1511.166 GB to store  75302314930 kmers; need 52.539 GB to sort    117527829 kmers
Used 380.621 GB / 1511.166 GB to store  75327465625 kmers; need 52.560 GB to sort    117574140 kmers
Used 380.744 GB / 1511.166 GB to store  75354712650 kmers; need 52.572 GB to sort    117601030 kmers
Used 380.838 GB / 1511.166 GB to store  75375671494 kmers; need 52.603 GB to sort    117670449 kmers
Used 380.960 GB / 1511.166 GB to store  75402918592 kmers; need 52.606 GB to sort    117678696 kmers
Used 381.074 GB / 1511.166 GB to store  75428069808 kmers; need 52.627 GB to sort    117725282 kmers
Used 381.196 GB / 1511.166 GB to store  75455316847 kmers; need 52.640 GB to sort    117753031 kmers
Used 381.309 GB / 1511.166 GB to store  75480468010 kmers; need 52.663 GB to sort    117804022 kmers
Used 381.432 GB / 1511.166 GB to store  75507714430 kmers; need 52.673 GB to sort    117826722 kmers
Used 381.537 GB / 1511.166 GB to store  75530769714 kmers; need 52.699 GB to sort    117885309 kmers
Used 381.650 GB / 1511.166 GB to store  75555920498 kmers; need 52.711 GB to sort    117913388 kmers
Used 381.772 GB / 1511.166 GB to store  75583167623 kmers; need 52.728 GB to sort    117949768 kmers
Used 381.877 GB / 1511.166 GB to store  75606223096 kmers; need 52.748 GB to sort    117994884 kmers
Used 382.000 GB / 1511.166 GB to store  75633470439 kmers; need 52.756 GB to sort    118013170 kmers
Used 382.112 GB / 1511.166 GB to store  75658622023 kmers; need 52.775 GB to sort    118055765 kmers
Used 382.226 GB / 1511.166 GB to store  75683772838 kmers; need 52.791 GB to sort    118091921 kmers
Used 382.330 GB / 1511.166 GB to store  75706828453 kmers; need 52.813 GB to sort    118140648 kmers
Used 382.435 GB / 1511.166 GB to store  75729884222 kmers; need 52.835 GB to sort    118189204 kmers
Used 382.556 GB / 1511.166 GB to store  75757130940 kmers; need 52.841 GB to sort    118202799 kmers
Used 382.670 GB / 1511.166 GB to store  75782282762 kmers; need 52.858 GB to sort    118240574 kmers
Used 382.784 GB / 1511.166 GB to store  75807433464 kmers; need 52.878 GB to sort    118286212 kmers
Used 382.897 GB / 1511.166 GB to store  75832583736 kmers; need 52.896 GB to sort    118325332 kmers
Used 383.020 GB / 1511.166 GB to store  75859830775 kmers; need 52.907 GB to sort    118351219 kmers
Used 383.134 GB / 1511.166 GB to store  75884981722 kmers; need 52.924 GB to sort    118389005 kmers
Used 383.255 GB / 1511.166 GB to store  75912228886 kmers; need 52.939 GB to sort    118423611 kmers
Used 383.359 GB / 1511.166 GB to store  75935284247 kmers; need 52.969 GB to sort    118489524 kmers
Used 383.483 GB / 1511.166 GB to store  75962531235 kmers; need 52.979 GB to sort    118511531 kmers
Used 383.596 GB / 1511.166 GB to store  75987682273 kmers; need 53.005 GB to sort    118569287 kmers
Used 383.710 GB / 1511.166 GB to store  76012833105 kmers; need 53.024 GB to sort    118613008 kmers
Used 383.822 GB / 1511.166 GB to store  76037983956 kmers; need 53.042 GB to sort    118652487 kmers
Used 383.926 GB / 1511.166 GB to store  76061039178 kmers; need 53.063 GB to sort    118698844 kmers
Used 384.050 GB / 1511.166 GB to store  76088285925 kmers; need 53.074 GB to sort    118725354 kmers
Used 384.163 GB / 1511.166 GB to store  76113435980 kmers; need 53.087 GB to sort    118753673 kmers
Used 384.266 GB / 1511.166 GB to store  76136490859 kmers; need 53.112 GB to sort    118808488 kmers
Used 384.380 GB / 1511.166 GB to store  76161641359 kmers; need 53.127 GB to sort    118843663 kmers
Used 384.503 GB / 1511.166 GB to store  76188888450 kmers; need 53.138 GB to sort    118867930 kmers
Used 384.616 GB / 1511.166 GB to store  76214039565 kmers; need 53.165 GB to sort    118927756 kmers
Used 384.739 GB / 1511.166 GB to store  76241285839 kmers; need 53.174 GB to sort    118947828 kmers
Used 384.852 GB / 1511.166 GB to store  76266436423 kmers; need 53.193 GB to sort    118990951 kmers
Used 384.965 GB / 1511.166 GB to store  76291586858 kmers; need 53.212 GB to sort    119033447 kmers
Used 385.089 GB / 1511.166 GB to store  76318834242 kmers; need 53.221 GB to sort    119052448 kmers
Used 385.203 GB / 1511.166 GB to store  76343984715 kmers; need 53.241 GB to sort    119097249 kmers
Used 385.316 GB / 1511.166 GB to store  76369135910 kmers; need 53.262 GB to sort    119144375 kmers
Used 385.429 GB / 1511.166 GB to store  76394286574 kmers; need 53.284 GB to sort    119193272 kmers
Used 385.542 GB / 1511.166 GB to store  76419437495 kmers; need 53.298 GB to sort    119225354 kmers
Used 385.655 GB / 1511.166 GB to store  76444588234 kmers; need 53.313 GB to sort    119258693 kmers
Used 385.768 GB / 1511.166 GB to store  76469738778 kmers; need 53.331 GB to sort    119299982 kmers
Used 385.872 GB / 1511.166 GB to store  76492793435 kmers; need 53.355 GB to sort    119353250 kmers
Used 385.976 GB / 1511.166 GB to store  76515847617 kmers; need 53.378 GB to sort    119404372 kmers
Used 386.089 GB / 1511.166 GB to store  76540998299 kmers; need 53.410 GB to sort    119475363 kmers
Used 386.222 GB / 1511.166 GB to store  76570340239 kmers; need 53.411 GB to sort    119479475 kmers
Used 386.324 GB / 1511.166 GB to store  76593395071 kmers; need 53.434 GB to sort    119530690 kmers
Used 386.448 GB / 1511.166 GB to store  76620641617 kmers; need 53.443 GB to sort    119550081 kmers
Used 386.562 GB / 1511.166 GB to store  76645792122 kmers; need 53.461 GB to sort    119590224 kmers
Used 386.675 GB / 1511.166 GB to store  76670943356 kmers; need 53.475 GB to sort    119622199 kmers
Used 386.787 GB / 1511.166 GB to store  76696093056 kmers; need 53.496 GB to sort    119668405 kmers
Used 386.901 GB / 1511.166 GB to store  76721243292 kmers; need 53.517 GB to sort    119715014 kmers
Used 387.024 GB / 1511.166 GB to store  76748490119 kmers; need 53.528 GB to sort    119739312 kmers
Used 387.137 GB / 1511.166 GB to store  76773640409 kmers; need 53.546 GB to sort    119780073 kmers
Used 387.251 GB / 1511.166 GB to store  76798790609 kmers; need 53.560 GB to sort    119811973 kmers
Used 387.364 GB / 1511.166 GB to store  76823941276 kmers; need 53.578 GB to sort    119851119 kmers
Used 387.477 GB / 1511.166 GB to store  76849091931 kmers; need 53.600 GB to sort    119901095 kmers
Used 387.591 GB / 1511.166 GB to store  76874242335 kmers; need 53.615 GB to sort    119935652 kmers
Used 387.694 GB / 1511.166 GB to store  76897296461 kmers; need 53.638 GB to sort    119986263 kmers
Used 387.807 GB / 1511.166 GB to store  76922446741 kmers; need 53.657 GB to sort    120028789 kmers
Used 387.921 GB / 1511.166 GB to store  76947596513 kmers; need 53.676 GB to sort    120071789 kmers
Used 388.035 GB / 1511.166 GB to store  76972746069 kmers; need 53.691 GB to sort    120104452 kmers
Used 388.158 GB / 1511.166 GB to store  76999992261 kmers; need 53.698 GB to sort    120119368 kmers
Used 388.253 GB / 1511.166 GB to store  77020950875 kmers; need 53.728 GB to sort    120187673 kmers
Used 388.367 GB / 1511.166 GB to store  77046101713 kmers; need 53.742 GB to sort    120219213 kmers
Used 388.489 GB / 1511.166 GB to store  77073348355 kmers; need 53.750 GB to sort    120236471 kmers
Used 388.593 GB / 1511.166 GB to store  77096402416 kmers; need 53.771 GB to sort    120283709 kmers
Used 388.697 GB / 1511.166 GB to store  77119457022 kmers; need 53.796 GB to sort    120339890 kmers
Used 388.819 GB / 1511.166 GB to store  77146703536 kmers; need 53.807 GB to sort    120363841 kmers
Used 388.942 GB / 1511.166 GB to store  77173949512 kmers; need 53.815 GB to sort    120381285 kmers
Used 389.066 GB / 1511.166 GB to store  77201195006 kmers; need 53.825 GB to sort    120405457 kmers
Used 389.179 GB / 1511.166 GB to store  77226345536 kmers; need 53.846 GB to sort    120451200 kmers
Used 389.292 GB / 1511.166 GB to store  77251495594 kmers; need 53.863 GB to sort    120490601 kmers
Used 389.404 GB / 1511.166 GB to store  77276646043 kmers; need 53.888 GB to sort    120544427 kmers
Used 389.536 GB / 1511.166 GB to store  77305987917 kmers; need 53.889 GB to sort    120547940 kmers
Used 389.650 GB / 1511.166 GB to store  77331137931 kmers; need 53.909 GB to sort    120593186 kmers
Used 389.764 GB / 1511.166 GB to store  77356287600 kmers; need 53.938 GB to sort    120657114 kmers
Used 389.877 GB / 1511.166 GB to store  77381437351 kmers; need 53.952 GB to sort    120687797 kmers
Used 390.000 GB / 1511.166 GB to store  77408682343 kmers; need 53.963 GB to sort    120712379 kmers
Used 390.104 GB / 1511.166 GB to store  77431736798 kmers; need 53.987 GB to sort    120767243 kmers
Used 390.208 GB / 1511.166 GB to store  77454790644 kmers; need 54.013 GB to sort    120825389 kmers
Used 390.321 GB / 1511.166 GB to store  77479940912 kmers; need 54.030 GB to sort    120863872 kmers
Used 390.434 GB / 1511.166 GB to store  77505090288 kmers; need 54.043 GB to sort    120892252 kmers
Used 390.548 GB / 1511.166 GB to store  77530239826 kmers; need 54.058 GB to sort    120925772 kmers
Used 390.661 GB / 1511.166 GB to store  77555389469 kmers; need 54.081 GB to sort    120976820 kmers
Used 390.773 GB / 1511.166 GB to store  77580539130 kmers; need 54.097 GB to sort    121012593 kmers
Used 390.887 GB / 1511.166 GB to store  77605688028 kmers; need 54.108 GB to sort    121036789 kmers
Used 390.993 GB / 1511.166 GB to store  77628742566 kmers; need 54.132 GB to sort    121092121 kmers
Used 391.114 GB / 1511.166 GB to store  77655987572 kmers; need 54.142 GB to sort    121114004 kmers
Used 391.227 GB / 1511.166 GB to store  77681136646 kmers; need 54.162 GB to sort    121159041 kmers
Used 391.351 GB / 1511.166 GB to store  77708381063 kmers; need 54.167 GB to sort    121170454 kmers
Used 391.445 GB / 1511.166 GB to store  77729337950 kmers; need 54.205 GB to sort    121255352 kmers
Used 391.558 GB / 1511.166 GB to store  77754486297 kmers; need 54.218 GB to sort    121282853 kmers
Used 391.671 GB / 1511.166 GB to store  77779636506 kmers; need 54.233 GB to sort    121317435 kmers
Used 391.784 GB / 1511.166 GB to store  77804787476 kmers; need 54.252 GB to sort    121359942 kmers
Used 391.898 GB / 1511.166 GB to store  77829938874 kmers; need 54.269 GB to sort    121396903 kmers
Used 392.011 GB / 1511.166 GB to store  77855089510 kmers; need 54.282 GB to sort    121426885 kmers
Used 392.115 GB / 1511.166 GB to store  77878144139 kmers; need 54.305 GB to sort    121478310 kmers
Used 392.228 GB / 1511.166 GB to store  77903295156 kmers; need 54.326 GB to sort    121524751 kmers
Used 392.351 GB / 1511.166 GB to store  77930541516 kmers; need 54.332 GB to sort    121537928 kmers
Used 392.455 GB / 1511.166 GB to store  77953596196 kmers; need 54.359 GB to sort    121598871 kmers
Used 392.559 GB / 1511.166 GB to store  77976651090 kmers; need 54.382 GB to sort    121650423 kmers
Used 392.681 GB / 1511.166 GB to store  78003896917 kmers; need 54.393 GB to sort    121675653 kmers
Used 392.785 GB / 1511.166 GB to store  78026951468 kmers; need 54.419 GB to sort    121734296 kmers
Used 392.898 GB / 1511.166 GB to store  78052102215 kmers; need 54.437 GB to sort    121772425 kmers
Used 393.021 GB / 1511.166 GB to store  78079349157 kmers; need 54.440 GB to sort    121781116 kmers
Used 393.125 GB / 1511.166 GB to store  78102403932 kmers; need 54.468 GB to sort    121843954 kmers
Used 393.239 GB / 1511.166 GB to store  78127554626 kmers; need 54.484 GB to sort    121879676 kmers
Used 393.361 GB / 1511.166 GB to store  78154802095 kmers; need 54.489 GB to sort    121890197 kmers
Used 393.475 GB / 1511.166 GB to store  78179953360 kmers; need 54.509 GB to sort    121935366 kmers
Used 393.579 GB / 1511.166 GB to store  78203008792 kmers; need 54.531 GB to sort    121983365 kmers
Used 393.692 GB / 1511.166 GB to store  78228159379 kmers; need 54.548 GB to sort    122021551 kmers
Used 393.815 GB / 1511.166 GB to store  78255406669 kmers; need 54.565 GB to sort    122058984 kmers
Used 393.919 GB / 1511.166 GB to store  78278461186 kmers; need 54.586 GB to sort    122106507 kmers
Used 394.042 GB / 1511.166 GB to store  78305708329 kmers; need 54.597 GB to sort    122132141 kmers
Used 394.164 GB / 1511.166 GB to store  78332954880 kmers; need 54.607 GB to sort    122153757 kmers
Used 394.277 GB / 1511.166 GB to store  78358105943 kmers; need 54.642 GB to sort    122233110 kmers
Used 394.401 GB / 1511.166 GB to store  78385352660 kmers; need 54.652 GB to sort    122254021 kmers
Used 394.523 GB / 1511.166 GB to store  78412600316 kmers; need 54.658 GB to sort    122267160 kmers
Used 394.627 GB / 1511.166 GB to store  78435655922 kmers; need 54.682 GB to sort    122321092 kmers
Used 394.731 GB / 1511.166 GB to store  78458710544 kmers; need 54.705 GB to sort    122373111 kmers
Used 394.863 GB / 1511.166 GB to store  78488054182 kmers; need 54.707 GB to sort    122376848 kmers
Used 394.976 GB / 1511.166 GB to store  78513204634 kmers; need 54.727 GB to sort    122422048 kmers
Used 395.080 GB / 1511.166 GB to store  78536259643 kmers; need 54.749 GB to sort    122471929 kmers
Used 395.203 GB / 1511.166 GB to store  78563507094 kmers; need 54.760 GB to sort    122495027 kmers
Used 395.317 GB / 1511.166 GB to store  78588658025 kmers; need 54.784 GB to sort    122550803 kmers
Used 395.421 GB / 1511.166 GB to store  78611713216 kmers; need 54.809 GB to sort    122606512 kmers
Used 395.543 GB / 1511.166 GB to store  78638960154 kmers; need 54.819 GB to sort    122628180 kmers
Used 395.657 GB / 1511.166 GB to store  78664111392 kmers; need 54.833 GB to sort    122660084 kmers
Used 395.770 GB / 1511.166 GB to store  78689261988 kmers; need 54.853 GB to sort    122703229 kmers
Used 395.884 GB / 1511.166 GB to store  78714413234 kmers; need 54.870 GB to sort    122741679 kmers
Used 396.006 GB / 1511.166 GB to store  78741660362 kmers; need 54.881 GB to sort    122766601 kmers
Used 396.120 GB / 1511.166 GB to store  78766811493 kmers; need 54.905 GB to sort    122820921 kmers
Used 396.233 GB / 1511.166 GB to store  78791962517 kmers; need 54.922 GB to sort    122857466 kmers
Used 396.357 GB / 1511.166 GB to store  78819209948 kmers; need 54.928 GB to sort    122871863 kmers
Used 396.470 GB / 1511.166 GB to store  78844360888 kmers; need 54.943 GB to sort    122904924 kmers
Used 396.584 GB / 1511.166 GB to store  78869511942 kmers; need 54.972 GB to sort    122971103 kmers
Used 396.706 GB / 1511.166 GB to store  78896758543 kmers; need 54.982 GB to sort    122993695 kmers
Used 396.829 GB / 1511.166 GB to store  78924005422 kmers; need 54.991 GB to sort    123012263 kmers
Used 396.924 GB / 1511.166 GB to store  78944964371 kmers; need 55.022 GB to sort    123082811 kmers
Used 397.046 GB / 1511.166 GB to store  78972211231 kmers; need 55.026 GB to sort    123091408 kmers
Used 397.159 GB / 1511.166 GB to store  78997362658 kmers; need 55.040 GB to sort    123122362 kmers
Used 397.272 GB / 1511.166 GB to store  79022513689 kmers; need 55.060 GB to sort    123168239 kmers
Used 397.385 GB / 1511.166 GB to store  79047665026 kmers; need 55.077 GB to sort    123204351 kmers
Used 397.499 GB / 1511.166 GB to store  79072815621 kmers; need 55.091 GB to sort    123236416 kmers
Used 397.612 GB / 1511.166 GB to store  79097967031 kmers; need 55.105 GB to sort    123267314 kmers
Used 397.706 GB / 1511.166 GB to store  79118926818 kmers; need 55.145 GB to sort    123356309 kmers
Used 397.829 GB / 1511.166 GB to store  79146173622 kmers; need 55.148 GB to sort    123364033 kmers
Used 397.952 GB / 1511.166 GB to store  79173420272 kmers; need 55.158 GB to sort    123386772 kmers
Used 398.056 GB / 1511.166 GB to store  79196475745 kmers; need 55.188 GB to sort    123454140 kmers
Used 398.160 GB / 1511.166 GB to store  79219530197 kmers; need 55.212 GB to sort    123507078 kmers
Used 398.292 GB / 1511.166 GB to store  79248873459 kmers; need 55.214 GB to sort    123510886 kmers
Used 398.405 GB / 1511.166 GB to store  79274024911 kmers; need 55.239 GB to sort    123568607 kmers
Used 398.528 GB / 1511.166 GB to store  79301271692 kmers; need 55.247 GB to sort    123585287 kmers
Used 398.641 GB / 1511.166 GB to store  79326422857 kmers; need 55.259 GB to sort    123613121 kmers
Used 398.755 GB / 1511.166 GB to store  79351573774 kmers; need 55.280 GB to sort    123658256 kmers
Used 398.849 GB / 1511.166 GB to store  79372532531 kmers; need 55.319 GB to sort    123746357 kmers
Used 398.981 GB / 1511.166 GB to store  79401875421 kmers; need 55.320 GB to sort    123748223 kmers
Used 399.086 GB / 1511.166 GB to store  79424930880 kmers; need 55.351 GB to sort    123819060 kmers
Used 399.200 GB / 1511.166 GB to store  79450081934 kmers; need 55.370 GB to sort    123861311 kmers
Used 399.321 GB / 1511.166 GB to store  79477329335 kmers; need 55.382 GB to sort    123887842 kmers
Used 399.425 GB / 1511.166 GB to store  79500384463 kmers; need 55.409 GB to sort    123948013 kmers
Used 399.548 GB / 1511.166 GB to store  79527631734 kmers; need 55.412 GB to sort    123955078 kmers
Used 399.652 GB / 1511.166 GB to store  79550687254 kmers; need 55.441 GB to sort    124020483 kmers
Used 399.775 GB / 1511.166 GB to store  79577933778 kmers; need 55.444 GB to sort    124026823 kmers
Used 399.869 GB / 1511.166 GB to store  79598893129 kmers; need 55.479 GB to sort    124103601 kmers
Used 400.001 GB / 1511.166 GB to store  79628236085 kmers; need 55.480 GB to sort    124106972 kmers
Used 400.106 GB / 1511.166 GB to store  79651291306 kmers; need 55.509 GB to sort    124172330 kmers
Used 400.228 GB / 1511.166 GB to store  79678538228 kmers; need 55.518 GB to sort    124190882 kmers
Used 400.332 GB / 1511.166 GB to store  79701593673 kmers; need 55.542 GB to sort    124244723 kmers
Used 400.455 GB / 1511.166 GB to store  79728840944 kmers; need 55.551 GB to sort    124266170 kmers
Used 400.569 GB / 1511.166 GB to store  79753992614 kmers; need 55.565 GB to sort    124296163 kmers
Used 400.663 GB / 1511.166 GB to store  79774951436 kmers; need 55.596 GB to sort    124365832 kmers
Used 400.795 GB / 1511.166 GB to store  79804294205 kmers; need 55.598 GB to sort    124370319 kmers
Used 400.908 GB / 1511.166 GB to store  79829445051 kmers; need 55.634 GB to sort    124451849 kmers
Used 401.032 GB / 1511.166 GB to store  79856691461 kmers; need 55.643 GB to sort    124471893 kmers
Used 401.154 GB / 1511.166 GB to store  79883938540 kmers; need 55.656 GB to sort    124499377 kmers
Used 401.257 GB / 1511.166 GB to store  79906993637 kmers; need 55.680 GB to sort    124554888 kmers
Used 401.380 GB / 1511.166 GB to store  79934240614 kmers; need 55.695 GB to sort    124587661 kmers
Used 401.484 GB / 1511.166 GB to store  79957296069 kmers; need 55.719 GB to sort    124642270 kmers
Used 401.607 GB / 1511.166 GB to store  79984543784 kmers; need 55.729 GB to sort    124664309 kmers
Used 401.711 GB / 1511.166 GB to store  80007598468 kmers; need 55.759 GB to sort    124730219 kmers
Used 401.825 GB / 1511.166 GB to store  80032748879 kmers; need 55.774 GB to sort    124764174 kmers
Used 401.947 GB / 1511.166 GB to store  80059995001 kmers; need 55.781 GB to sort    124779924 kmers
Used 402.061 GB / 1511.166 GB to store  80085145976 kmers; need 55.797 GB to sort    124815544 kmers
Used 402.164 GB / 1511.166 GB to store  80108201715 kmers; need 55.825 GB to sort    124878576 kmers
Used 402.287 GB / 1511.166 GB to store  80135448175 kmers; need 55.835 GB to sort    124900936 kmers
Used 402.400 GB / 1511.166 GB to store  80160599434 kmers; need 55.855 GB to sort    124944559 kmers
Used 402.494 GB / 1511.166 GB to store  80181558483 kmers; need 55.887 GB to sort    125017487 kmers
Used 402.617 GB / 1511.166 GB to store  80208805371 kmers; need 55.891 GB to sort    125026772 kmers
Used 402.731 GB / 1511.166 GB to store  80233956376 kmers; need 55.908 GB to sort    125064402 kmers
Used 402.845 GB / 1511.166 GB to store  80259107356 kmers; need 55.929 GB to sort    125110739 kmers
Used 402.958 GB / 1511.166 GB to store  80284258078 kmers; need 55.948 GB to sort    125153716 kmers
Used 403.071 GB / 1511.166 GB to store  80309409315 kmers; need 55.968 GB to sort    125198790 kmers
Used 403.194 GB / 1511.166 GB to store  80336655819 kmers; need 55.971 GB to sort    125205683 kmers
Used 403.307 GB / 1511.166 GB to store  80361806980 kmers; need 55.990 GB to sort    125247333 kmers
Used 403.420 GB / 1511.166 GB to store  80386958133 kmers; need 56.006 GB to sort    125283704 kmers
Used 403.524 GB / 1511.166 GB to store  80410013354 kmers; need 56.028 GB to sort    125332592 kmers
Used 403.647 GB / 1511.166 GB to store  80437259994 kmers; need 56.037 GB to sort    125352114 kmers
Used 403.761 GB / 1511.166 GB to store  80462410421 kmers; need 56.052 GB to sort    125385816 kmers
Used 403.864 GB / 1511.166 GB to store  80485464406 kmers; need 56.075 GB to sort    125438389 kmers
Used 403.977 GB / 1511.166 GB to store  80510615339 kmers; need 56.092 GB to sort    125475874 kmers
Used 404.091 GB / 1511.166 GB to store  80535765621 kmers; need 56.107 GB to sort    125509081 kmers
Used 404.205 GB / 1511.166 GB to store  80560916320 kmers; need 56.127 GB to sort    125554310 kmers
Used 404.327 GB / 1511.166 GB to store  80588162694 kmers; need 56.137 GB to sort    125577363 kmers
Used 404.431 GB / 1511.166 GB to store  80611217297 kmers; need 56.162 GB to sort    125631206 kmers
Used 404.553 GB / 1511.166 GB to store  80638463436 kmers; need 56.173 GB to sort    125657589 kmers
Used 404.667 GB / 1511.166 GB to store  80663614251 kmers; need 56.194 GB to sort    125703498 kmers
Used 404.781 GB / 1511.166 GB to store  80688764130 kmers; need 56.216 GB to sort    125752078 kmers
Used 404.893 GB / 1511.166 GB to store  80713914762 kmers; need 56.233 GB to sort    125790071 kmers
Used 405.007 GB / 1511.166 GB to store  80739064596 kmers; need 56.248 GB to sort    125823831 kmers
Used 405.092 GB / 1511.166 GB to store  80757927771 kmers; need 56.291 GB to sort    125920601 kmers
Used 405.224 GB / 1511.166 GB to store  80787270400 kmers; need 56.291 GB to sort    125920601 kmers
Used 405.337 GB / 1511.166 GB to store  80812421346 kmers; need 56.311 GB to sort    125964639 kmers
Used 405.451 GB / 1511.166 GB to store  80837572141 kmers; need 56.331 GB to sort    126009692 kmers
Used 405.546 GB / 1511.166 GB to store  80858531265 kmers; need 56.362 GB to sort    126080500 kmers
Used 405.678 GB / 1511.166 GB to store  80887872998 kmers; need 56.362 GB to sort    126080500 kmers
Used 405.791 GB / 1511.166 GB to store  80913024013 kmers; need 56.378 GB to sort    126114400 kmers
Used 405.905 GB / 1511.166 GB to store  80938175412 kmers; need 56.408 GB to sort    126182840 kmers
Used 406.018 GB / 1511.166 GB to store  80963326013 kmers; need 56.421 GB to sort    126212652 kmers
Used 406.131 GB / 1511.166 GB to store  80988476563 kmers; need 56.442 GB to sort    126257500 kmers
Used 406.254 GB / 1511.166 GB to store  81015722971 kmers; need 56.454 GB to sort    126284502 kmers
Used 406.358 GB / 1511.166 GB to store  81038777680 kmers; need 56.474 GB to sort    126329779 kmers
Used 406.471 GB / 1511.166 GB to store  81063928351 kmers; need 56.487 GB to sort    126359427 kmers
Used 406.585 GB / 1511.166 GB to store  81089078658 kmers; need 56.505 GB to sort    126399062 kmers
Used 406.698 GB / 1511.166 GB to store  81114229768 kmers; need 56.523 GB to sort    126439469 kmers
Used 406.811 GB / 1511.166 GB to store  81139380460 kmers; need 56.536 GB to sort    126468717 kmers
Used 406.915 GB / 1511.166 GB to store  81162434499 kmers; need 56.557 GB to sort    126514798 kmers
Used 407.038 GB / 1511.166 GB to store  81189681098 kmers; need 56.566 GB to sort    126535681 kmers
Used 407.141 GB / 1511.166 GB to store  81212735472 kmers; need 56.589 GB to sort    126587497 kmers
Used 407.256 GB / 1511.166 GB to store  81237886667 kmers; need 56.603 GB to sort    126618903 kmers
Used 407.370 GB / 1511.166 GB to store  81263037780 kmers; need 56.618 GB to sort    126653005 kmers
Used 407.482 GB / 1511.166 GB to store  81288188701 kmers; need 56.637 GB to sort    126694520 kmers
Used 407.595 GB / 1511.166 GB to store  81313338629 kmers; need 56.657 GB to sort    126738897 kmers
Used 407.718 GB / 1511.166 GB to store  81340585019 kmers; need 56.672 GB to sort    126773682 kmers
Used 407.832 GB / 1511.166 GB to store  81365735255 kmers; need 56.685 GB to sort    126801621 kmers
Used 407.945 GB / 1511.166 GB to store  81390885976 kmers; need 56.700 GB to sort    126834777 kmers
Used 408.058 GB / 1511.166 GB to store  81416036270 kmers; need 56.713 GB to sort    126865391 kmers
Used 408.162 GB / 1511.166 GB to store  81439089740 kmers; need 56.735 GB to sort    126913127 kmers
Used 408.285 GB / 1511.166 GB to store  81466335727 kmers; need 56.745 GB to sort    126935491 kmers
Used 408.398 GB / 1511.166 GB to store  81491485713 kmers; need 56.764 GB to sort    126978601 kmers
Used 408.502 GB / 1511.166 GB to store  81514539804 kmers; need 56.788 GB to sort    127033519 kmers
Used 408.625 GB / 1511.166 GB to store  81541786027 kmers; need 56.800 GB to sort    127059202 kmers
Used 408.719 GB / 1511.166 GB to store  81562743965 kmers; need 56.832 GB to sort    127131604 kmers
Used 408.842 GB / 1511.166 GB to store  81589990311 kmers; need 56.842 GB to sort    127152881 kmers
Used 408.956 GB / 1511.166 GB to store  81615139454 kmers; need 56.860 GB to sort    127194306 kmers
Used 409.069 GB / 1511.166 GB to store  81640289265 kmers; need 56.874 GB to sort    127225375 kmers
Used 409.182 GB / 1511.166 GB to store  81665439511 kmers; need 56.905 GB to sort    127294229 kmers
Used 409.305 GB / 1511.166 GB to store  81692685534 kmers; need 56.911 GB to sort    127308099 kmers
Used 409.419 GB / 1511.166 GB to store  81717835436 kmers; need 56.929 GB to sort    127348554 kmers
Used 409.531 GB / 1511.166 GB to store  81742985771 kmers; need 56.947 GB to sort    127388434 kmers
Used 409.645 GB / 1511.166 GB to store  81768135634 kmers; need 56.961 GB to sort    127419586 kmers
Used 409.758 GB / 1511.166 GB to store  81793285907 kmers; need 56.982 GB to sort    127466816 kmers
Used 409.870 GB / 1511.166 GB to store  81818436165 kmers; need 56.998 GB to sort    127502817 kmers
Used 409.984 GB / 1511.166 GB to store  81843585838 kmers; need 57.017 GB to sort    127544783 kmers
Used 410.088 GB / 1511.166 GB to store  81866639703 kmers; need 57.042 GB to sort    127601320 kmers
Used 410.201 GB / 1511.166 GB to store  81891789924 kmers; need 57.059 GB to sort    127638415 kmers
Used 410.314 GB / 1511.166 GB to store  81916940252 kmers; need 57.071 GB to sort    127665137 kmers
Used 410.419 GB / 1511.166 GB to store  81939994347 kmers; need 57.091 GB to sort    127711406 kmers
Used 410.533 GB / 1511.166 GB to store  81965142763 kmers; need 57.106 GB to sort    127745012 kmers
Used 410.645 GB / 1511.166 GB to store  81990292593 kmers; need 57.122 GB to sort    127778733 kmers
Used 410.758 GB / 1511.166 GB to store  82015442845 kmers; need 57.140 GB to sort    127820919 kmers
Used 410.872 GB / 1511.166 GB to store  82040591904 kmers; need 57.160 GB to sort    127864080 kmers
Used 410.976 GB / 1511.166 GB to store  82063644815 kmers; need 57.182 GB to sort    127914807 kmers
Used 411.089 GB / 1511.166 GB to store  82088794093 kmers; need 57.199 GB to sort    127951394 kmers
Used 411.203 GB / 1511.166 GB to store  82113943083 kmers; need 57.227 GB to sort    128014106 kmers
Used 411.316 GB / 1511.166 GB to store  82139092371 kmers; need 57.240 GB to sort    128042693 kmers
Used 411.429 GB / 1511.166 GB to store  82164243385 kmers; need 57.261 GB to sort    128089974 kmers
Used 411.542 GB / 1511.166 GB to store  82189394519 kmers; need 57.274 GB to sort    128119037 kmers
Used 411.646 GB / 1511.166 GB to store  82212450294 kmers; need 57.308 GB to sort    128194804 kmers
Used 411.768 GB / 1511.166 GB to store  82239696997 kmers; need 57.311 GB to sort    128202108 kmers
Used 411.882 GB / 1511.166 GB to store  82264847615 kmers; need 57.333 GB to sort    128251082 kmers
Used 411.995 GB / 1511.166 GB to store  82289998893 kmers; need 57.358 GB to sort    128307719 kmers
Used 412.118 GB / 1511.166 GB to store  82317246228 kmers; need 57.367 GB to sort    128328557 kmers
Used 412.231 GB / 1511.166 GB to store  82342396767 kmers; need 57.386 GB to sort    128371347 kmers
Used 412.344 GB / 1511.166 GB to store  82367547687 kmers; need 57.407 GB to sort    128416754 kmers
Used 412.457 GB / 1511.166 GB to store  82392699317 kmers; need 57.419 GB to sort    128444452 kmers
Used 412.572 GB / 1511.166 GB to store  82417850525 kmers; need 57.438 GB to sort    128486307 kmers
Used 412.676 GB / 1511.166 GB to store  82440906048 kmers; need 57.463 GB to sort    128542066 kmers
Used 412.789 GB / 1511.166 GB to store  82466056555 kmers; need 57.480 GB to sort    128581419 kmers
Used 412.902 GB / 1511.166 GB to store  82491207951 kmers; need 57.508 GB to sort    128643516 kmers
Used 413.024 GB / 1511.166 GB to store  82518454769 kmers; need 57.513 GB to sort    128655147 kmers
Used 413.147 GB / 1511.166 GB to store  82545701735 kmers; need 57.529 GB to sort    128689753 kmers
Used 413.261 GB / 1511.166 GB to store  82570852949 kmers; need 57.547 GB to sort    128731230 kmers
Used 413.364 GB / 1511.166 GB to store  82593907588 kmers; need 57.574 GB to sort    128790786 kmers
Used 413.487 GB / 1511.166 GB to store  82621154648 kmers; need 57.583 GB to sort    128810756 kmers
Used 413.601 GB / 1511.166 GB to store  82646305890 kmers; need 57.594 GB to sort    128836656 kmers
Used 413.704 GB / 1511.166 GB to store  82669361217 kmers; need 57.629 GB to sort    128914656 kmers
Used 413.837 GB / 1511.166 GB to store  82698704034 kmers; need 57.629 GB to sort    128914656 kmers
Used 413.951 GB / 1511.166 GB to store  82723855635 kmers; need 57.660 GB to sort    128983598 kmers
Used 414.073 GB / 1511.166 GB to store  82751102331 kmers; need 57.665 GB to sort    128993967 kmers
Used 414.187 GB / 1511.166 GB to store  82776253883 kmers; need 57.678 GB to sort    129023046 kmers
Used 414.291 GB / 1511.166 GB to store  82799309210 kmers; need 57.701 GB to sort    129074120 kmers
Used 414.404 GB / 1511.166 GB to store  82824459379 kmers; need 57.717 GB to sort    129110513 kmers
Used 414.517 GB / 1511.166 GB to store  82849610292 kmers; need 57.736 GB to sort    129153023 kmers
Used 414.631 GB / 1511.166 GB to store  82874761206 kmers; need 57.755 GB to sort    129195123 kmers
Used 414.746 GB / 1511.166 GB to store  82899912695 kmers; need 57.771 GB to sort    129232284 kmers
Used 414.859 GB / 1511.166 GB to store  82925063710 kmers; need 57.787 GB to sort    129267529 kmers
Used 414.972 GB / 1511.166 GB to store  82950215021 kmers; need 57.808 GB to sort    129314203 kmers
Used 415.094 GB / 1511.166 GB to store  82977462300 kmers; need 57.818 GB to sort    129337756 kmers
Used 415.198 GB / 1511.166 GB to store  83000517746 kmers; need 57.843 GB to sort    129391497 kmers
Used 415.321 GB / 1511.166 GB to store  83027764563 kmers; need 57.852 GB to sort    129412781 kmers
Used 415.425 GB / 1511.166 GB to store  83050820012 kmers; need 57.874 GB to sort    129461591 kmers
Used 415.537 GB / 1511.166 GB to store  83075971154 kmers; need 57.886 GB to sort    129489899 kmers
Used 415.650 GB / 1511.166 GB to store  83101123411 kmers; need 57.907 GB to sort    129534663 kmers
Used 415.764 GB / 1511.166 GB to store  83126274539 kmers; need 57.925 GB to sort    129575951 kmers
Used 415.878 GB / 1511.166 GB to store  83151425616 kmers; need 57.936 GB to sort    129601031 kmers
Used 415.982 GB / 1511.166 GB to store  83174480519 kmers; need 57.958 GB to sort    129650235 kmers
Used 416.105 GB / 1511.166 GB to store  83201727615 kmers; need 57.970 GB to sort    129676659 kmers
Used 416.217 GB / 1511.166 GB to store  83226879184 kmers; need 57.988 GB to sort    129717719 kmers
Used 416.330 GB / 1511.166 GB to store  83252030271 kmers; need 58.004 GB to sort    129752717 kmers
Used 416.444 GB / 1511.166 GB to store  83277182407 kmers; need 58.019 GB to sort    129786388 kmers
Used 416.557 GB / 1511.166 GB to store  83302334014 kmers; need 58.039 GB to sort    129830366 kmers
Used 416.670 GB / 1511.166 GB to store  83327485628 kmers; need 58.061 GB to sort    129880786 kmers
Used 416.785 GB / 1511.166 GB to store  83352637058 kmers; need 58.078 GB to sort    129918723 kmers
Used 416.907 GB / 1511.166 GB to store  83379884464 kmers; need 58.090 GB to sort    129944292 kmers
Used 417.011 GB / 1511.166 GB to store  83402939810 kmers; need 58.112 GB to sort    129994407 kmers
Used 417.124 GB / 1511.166 GB to store  83428091776 kmers; need 58.125 GB to sort    130023524 kmers
Used 417.228 GB / 1511.166 GB to store  83451147424 kmers; need 58.146 GB to sort    130071239 kmers
Used 417.342 GB / 1511.166 GB to store  83476298547 kmers; need 58.160 GB to sort    130102092 kmers
Used 417.465 GB / 1511.166 GB to store  83503545813 kmers; need 58.179 GB to sort    130144182 kmers
Used 417.570 GB / 1511.166 GB to store  83526601118 kmers; need 58.201 GB to sort    130192934 kmers
Used 417.692 GB / 1511.166 GB to store  83553847803 kmers; need 58.213 GB to sort    130219286 kmers
Used 417.805 GB / 1511.166 GB to store  83578998663 kmers; need 58.235 GB to sort    130268853 kmers
Used 417.918 GB / 1511.166 GB to store  83604149950 kmers; need 58.251 GB to sort    130304339 kmers
Used 418.022 GB / 1511.166 GB to store  83627205479 kmers; need 58.272 GB to sort    130352895 kmers
Used 418.137 GB / 1511.166 GB to store  83652356919 kmers; need 58.288 GB to sort    130388208 kmers
Used 418.249 GB / 1511.166 GB to store  83677508059 kmers; need 58.302 GB to sort    130419968 kmers
Used 418.363 GB / 1511.166 GB to store  83702660075 kmers; need 58.326 GB to sort    130473437 kmers
Used 418.476 GB / 1511.166 GB to store  83727811153 kmers; need 58.339 GB to sort    130502241 kmers
Used 418.580 GB / 1511.166 GB to store  83750866424 kmers; need 58.364 GB to sort    130557408 kmers
Used 418.702 GB / 1511.166 GB to store  83778113904 kmers; need 58.373 GB to sort    130577535 kmers
Used 418.816 GB / 1511.166 GB to store  83803265492 kmers; need 58.394 GB to sort    130624149 kmers
Used 418.929 GB / 1511.166 GB to store  83828415740 kmers; need 58.411 GB to sort    130662616 kmers
Used 419.042 GB / 1511.166 GB to store  83853567285 kmers; need 58.424 GB to sort    130691281 kmers
Used 419.156 GB / 1511.166 GB to store  83878718042 kmers; need 58.444 GB to sort    130737773 kmers
Used 419.279 GB / 1511.166 GB to store  83905965079 kmers; need 58.455 GB to sort    130761546 kmers
Used 419.382 GB / 1511.166 GB to store  83929020966 kmers; need 58.479 GB to sort    130815317 kmers
Used 419.485 GB / 1511.166 GB to store  83952075712 kmers; need 58.502 GB to sort    130865895 kmers
Used 419.608 GB / 1511.166 GB to store  83979322646 kmers; need 58.506 GB to sort    130876391 kmers
Used 419.694 GB / 1511.166 GB to store  83998186157 kmers; need 58.549 GB to sort    130972811 kmers
Used 419.816 GB / 1511.166 GB to store  84025433249 kmers; need 58.559 GB to sort    130994201 kmers
Used 419.948 GB / 1511.166 GB to store  84054776679 kmers; need 58.559 GB to sort    130994201 kmers
Used 420.062 GB / 1511.166 GB to store  84079927417 kmers; need 58.577 GB to sort    131033746 kmers
Used 420.147 GB / 1511.166 GB to store  84098790830 kmers; need 58.619 GB to sort    131127530 kmers
Used 420.260 GB / 1511.166 GB to store  84123942134 kmers; need 58.636 GB to sort    131167356 kmers
Used 420.393 GB / 1511.166 GB to store  84153285816 kmers; need 58.636 GB to sort    131167356 kmers
Used 420.515 GB / 1511.166 GB to store  84180532910 kmers; need 58.648 GB to sort    131192774 kmers
Used 420.599 GB / 1511.166 GB to store  84199396038 kmers; need 58.692 GB to sort    131291620 kmers
Used 420.713 GB / 1511.166 GB to store  84224546767 kmers; need 58.707 GB to sort    131324636 kmers
Used 420.846 GB / 1511.166 GB to store  84253889904 kmers; need 58.707 GB to sort    131324636 kmers
Used 420.959 GB / 1511.166 GB to store  84279041693 kmers; need 58.720 GB to sort    131354510 kmers
Used 421.072 GB / 1511.166 GB to store  84304193019 kmers; need 58.736 GB to sort    131390821 kmers
Used 421.185 GB / 1511.166 GB to store  84329344076 kmers; need 58.780 GB to sort    131488286 kmers
Used 421.316 GB / 1511.166 GB to store  84358686224 kmers; need 58.780 GB to sort    131488286 kmers
Used 421.440 GB / 1511.166 GB to store  84385932875 kmers; need 58.790 GB to sort    131510750 kmers
Used 421.554 GB / 1511.166 GB to store  84411084170 kmers; need 58.808 GB to sort    131551039 kmers
Used 421.659 GB / 1511.166 GB to store  84434139990 kmers; need 58.832 GB to sort    131603961 kmers
Used 421.790 GB / 1511.166 GB to store  84463483137 kmers; need 58.835 GB to sort    131612528 kmers
Used 421.904 GB / 1511.166 GB to store  84488634572 kmers; need 58.858 GB to sort    131663138 kmers
Used 422.008 GB / 1511.166 GB to store  84511690435 kmers; need 58.883 GB to sort    131720027 kmers
Used 422.130 GB / 1511.166 GB to store  84538936802 kmers; need 58.890 GB to sort    131735546 kmers
Used 422.244 GB / 1511.166 GB to store  84564087719 kmers; need 58.904 GB to sort    131765830 kmers
Used 422.357 GB / 1511.166 GB to store  84589239031 kmers; need 58.938 GB to sort    131841050 kmers
Used 422.490 GB / 1511.166 GB to store  84618581546 kmers; need 58.939 GB to sort    131843632 kmers
Used 422.612 GB / 1511.166 GB to store  84645828505 kmers; need 58.950 GB to sort    131869696 kmers
Used 422.726 GB / 1511.166 GB to store  84670979460 kmers; need 58.967 GB to sort    131907361 kmers
Used 422.839 GB / 1511.166 GB to store  84696130296 kmers; need 58.984 GB to sort    131945508 kmers
Used 422.952 GB / 1511.166 GB to store  84721281529 kmers; need 59.000 GB to sort    131980920 kmers
Used 423.056 GB / 1511.166 GB to store  84744336602 kmers; need 59.023 GB to sort    132032517 kmers
Used 423.160 GB / 1511.166 GB to store  84767391170 kmers; need 59.046 GB to sort    132082740 kmers
Used 423.273 GB / 1511.166 GB to store  84792541742 kmers; need 59.062 GB to sort    132118933 kmers
Used 423.387 GB / 1511.166 GB to store  84817692904 kmers; need 59.082 GB to sort    132163298 kmers
Used 423.501 GB / 1511.166 GB to store  84842843519 kmers; need 59.100 GB to sort    132205074 kmers
Used 423.623 GB / 1511.166 GB to store  84870089735 kmers; need 59.108 GB to sort    132222297 kmers
Used 423.727 GB / 1511.166 GB to store  84893144186 kmers; need 59.130 GB to sort    132272190 kmers
Used 423.840 GB / 1511.166 GB to store  84918295553 kmers; need 59.148 GB to sort    132312853 kmers
Used 423.954 GB / 1511.166 GB to store  84943445877 kmers; need 59.163 GB to sort    132345502 kmers
Used 424.067 GB / 1511.166 GB to store  84968596864 kmers; need 59.184 GB to sort    132391802 kmers
Used 424.180 GB / 1511.166 GB to store  84993747925 kmers; need 59.200 GB to sort    132429252 kmers
Used 424.294 GB / 1511.166 GB to store  85018898105 kmers; need 59.214 GB to sort    132460272 kmers
Used 424.408 GB / 1511.166 GB to store  85044049310 kmers; need 59.232 GB to sort    132498813 kmers
Used 424.511 GB / 1511.166 GB to store  85067104588 kmers; need 59.255 GB to sort    132552106 kmers
Used 424.625 GB / 1511.166 GB to store  85092254990 kmers; need 59.267 GB to sort    132578766 kmers
Used 424.738 GB / 1511.166 GB to store  85117405746 kmers; need 59.284 GB to sort    132616542 kmers
Used 424.841 GB / 1511.166 GB to store  85140460403 kmers; need 59.307 GB to sort    132666939 kmers
Used 424.964 GB / 1511.166 GB to store  85167707684 kmers; need 59.326 GB to sort    132709882 kmers
Used 425.077 GB / 1511.166 GB to store  85192858814 kmers; need 59.346 GB to sort    132755399 kmers
Used 425.191 GB / 1511.166 GB to store  85218009273 kmers; need 59.361 GB to sort    132789389 kmers
Used 425.314 GB / 1511.166 GB to store  85245255864 kmers; need 59.372 GB to sort    132813454 kmers
Used 425.417 GB / 1511.166 GB to store  85268310388 kmers; need 59.395 GB to sort    132864711 kmers
Used 425.541 GB / 1511.166 GB to store  85295556893 kmers; need 59.406 GB to sort    132888829 kmers
Used 425.645 GB / 1511.166 GB to store  85318611615 kmers; need 59.431 GB to sort    132945950 kmers
Used 425.767 GB / 1511.166 GB to store  85345857925 kmers; need 59.441 GB to sort    132966174 kmers
Used 425.852 GB / 1511.166 GB to store  85364721563 kmers; need 59.486 GB to sort    133068614 kmers
Used 425.983 GB / 1511.166 GB to store  85394064255 kmers; need 59.486 GB to sort    133068614 kmers
Used 426.107 GB / 1511.166 GB to store  85421310401 kmers; need 59.493 GB to sort    133082836 kmers
Used 426.220 GB / 1511.166 GB to store  85446461399 kmers; need 59.509 GB to sort    133120275 kmers
Used 426.334 GB / 1511.166 GB to store  85471612032 kmers; need 59.527 GB to sort    133159484 kmers
Used 426.447 GB / 1511.166 GB to store  85496762986 kmers; need 59.543 GB to sort    133195979 kmers
Used 426.560 GB / 1511.166 GB to store  85521913166 kmers; need 59.564 GB to sort    133242165 kmers
Used 426.672 GB / 1511.166 GB to store  85547063278 kmers; need 59.580 GB to sort    133279293 kmers
Used 426.787 GB / 1511.166 GB to store  85572213500 kmers; need 59.594 GB to sort    133309883 kmers
Used 426.900 GB / 1511.166 GB to store  85597363286 kmers; need 59.619 GB to sort    133365725 kmers
Used 427.014 GB / 1511.166 GB to store  85622514109 kmers; need 59.637 GB to sort    133406161 kmers
Used 427.127 GB / 1511.166 GB to store  85647664997 kmers; need 59.657 GB to sort    133449622 kmers
Used 427.241 GB / 1511.166 GB to store  85672816295 kmers; need 59.676 GB to sort    133492586 kmers
Used 427.364 GB / 1511.166 GB to store  85700062668 kmers; need 59.688 GB to sort    133520613 kmers
Used 427.477 GB / 1511.166 GB to store  85725213634 kmers; need 59.709 GB to sort    133566796 kmers
Used 427.598 GB / 1511.166 GB to store  85752460423 kmers; need 59.718 GB to sort    133586516 kmers
Used 427.712 GB / 1511.166 GB to store  85777610826 kmers; need 59.737 GB to sort    133630009 kmers
Used 427.826 GB / 1511.166 GB to store  85802761941 kmers; need 59.756 GB to sort    133672016 kmers
Used 427.939 GB / 1511.166 GB to store  85827912482 kmers; need 59.771 GB to sort    133706042 kmers
Used 428.054 GB / 1511.166 GB to store  85853062903 kmers; need 59.783 GB to sort    133732120 kmers
Used 428.166 GB / 1511.166 GB to store  85878213160 kmers; need 59.801 GB to sort    133773523 kmers
Used 428.270 GB / 1511.166 GB to store  85901267318 kmers; need 59.827 GB to sort    133831060 kmers
Used 428.374 GB / 1511.166 GB to store  85924321158 kmers; need 59.850 GB to sort    133882475 kmers
Used 428.506 GB / 1511.166 GB to store  85953662971 kmers; need 59.850 GB to sort    133882593 kmers
Used 428.619 GB / 1511.166 GB to store  85978812855 kmers; need 59.868 GB to sort    133923286 kmers
Used 428.732 GB / 1511.166 GB to store  86003962976 kmers; need 59.883 GB to sort    133955572 kmers
Used 428.836 GB / 1511.166 GB to store  86027016652 kmers; need 59.916 GB to sort    134030468 kmers
Used 428.959 GB / 1511.166 GB to store  86054262576 kmers; need 59.927 GB to sort    134054403 kmers
Used 429.072 GB / 1511.166 GB to store  86079412355 kmers; need 59.948 GB to sort    134101821 kmers
Used 429.186 GB / 1511.166 GB to store  86104563022 kmers; need 59.963 GB to sort    134134423 kmers
Used 429.309 GB / 1511.166 GB to store  86131808972 kmers; need 59.976 GB to sort    134165003 kmers
Used 429.422 GB / 1511.166 GB to store  86156958891 kmers; need 59.997 GB to sort    134211330 kmers
Used 429.535 GB / 1511.166 GB to store  86182109515 kmers; need 60.011 GB to sort    134243069 kmers
Used 429.649 GB / 1511.166 GB to store  86207259056 kmers; need 60.029 GB to sort    134282800 kmers
Used 429.762 GB / 1511.166 GB to store  86232409160 kmers; need 60.045 GB to sort    134318122 kmers
Used 429.885 GB / 1511.166 GB to store  86259655188 kmers; need 60.058 GB to sort    134347378 kmers
Used 429.989 GB / 1511.166 GB to store  86282709047 kmers; need 60.082 GB to sort    134400873 kmers
Used 430.103 GB / 1511.166 GB to store  86307858957 kmers; need 60.095 GB to sort    134430486 kmers
Used 430.216 GB / 1511.166 GB to store  86333009112 kmers; need 60.114 GB to sort    134472449 kmers
Used 430.330 GB / 1511.166 GB to store  86358158597 kmers; need 60.127 GB to sort    134501165 kmers
Used 430.442 GB / 1511.166 GB to store  86383308084 kmers; need 60.140 GB to sort    134531706 kmers
Used 430.556 GB / 1511.166 GB to store  86408457246 kmers; need 60.163 GB to sort    134582957 kmers
Used 430.669 GB / 1511.166 GB to store  86433607912 kmers; need 60.182 GB to sort    134624650 kmers
Used 430.782 GB / 1511.166 GB to store  86458758554 kmers; need 60.205 GB to sort    134675438 kmers
Used 430.894 GB / 1511.166 GB to store  86483909538 kmers; need 60.219 GB to sort    134708173 kmers
Used 431.009 GB / 1511.166 GB to store  86509058747 kmers; need 60.242 GB to sort    134758574 kmers
Used 431.113 GB / 1511.166 GB to store  86532111439 kmers; need 60.267 GB to sort    134815176 kmers
Used 431.235 GB / 1511.166 GB to store  86559356589 kmers; need 60.276 GB to sort    134835405 kmers
Used 431.349 GB / 1511.166 GB to store  86584507372 kmers; need 60.295 GB to sort    134877486 kmers
Used 431.461 GB / 1511.166 GB to store  86609658009 kmers; need 60.312 GB to sort    134916328 kmers
Used 431.584 GB / 1511.166 GB to store  86636904307 kmers; need 60.323 GB to sort    134940576 kmers
Used 431.698 GB / 1511.166 GB to store  86662054887 kmers; need 60.347 GB to sort    134993256 kmers
Used 431.811 GB / 1511.166 GB to store  86687205078 kmers; need 60.362 GB to sort    135027719 kmers
Used 431.934 GB / 1511.166 GB to store  86714451179 kmers; need 60.376 GB to sort    135059909 kmers
Used 432.047 GB / 1511.166 GB to store  86739601650 kmers; need 60.392 GB to sort    135095618 kmers
Used 432.161 GB / 1511.166 GB to store  86764752204 kmers; need 60.410 GB to sort    135134693 kmers
Used 432.274 GB / 1511.166 GB to store  86789903630 kmers; need 60.422 GB to sort    135162106 kmers
Used 432.388 GB / 1511.166 GB to store  86815054389 kmers; need 60.436 GB to sort    135192438 kmers
Used 432.491 GB / 1511.166 GB to store  86838109405 kmers; need 60.462 GB to sort    135251729 kmers
Used 432.614 GB / 1511.166 GB to store  86865356504 kmers; need 60.470 GB to sort    135268472 kmers
Used 432.719 GB / 1511.166 GB to store  86888410945 kmers; need 60.495 GB to sort    135326116 kmers
Used 432.842 GB / 1511.166 GB to store  86915657229 kmers; need 60.505 GB to sort    135347298 kmers
Used 432.955 GB / 1511.166 GB to store  86940807923 kmers; need 60.519 GB to sort    135379532 kmers
Used 433.059 GB / 1511.166 GB to store  86963862673 kmers; need 60.543 GB to sort    135432924 kmers
Used 433.172 GB / 1511.166 GB to store  86989013486 kmers; need 60.555 GB to sort    135459249 kmers
Used 433.276 GB / 1511.166 GB to store  87012069081 kmers; need 60.580 GB to sort    135516220 kmers
Used 433.390 GB / 1511.166 GB to store  87037219686 kmers; need 60.593 GB to sort    135543968 kmers
Used 433.502 GB / 1511.166 GB to store  87062370815 kmers; need 60.606 GB to sort    135572849 kmers
Used 433.617 GB / 1511.166 GB to store  87087522321 kmers; need 60.628 GB to sort    135621882 kmers
Used 433.730 GB / 1511.166 GB to store  87112673976 kmers; need 60.642 GB to sort    135652978 kmers
Used 433.834 GB / 1511.166 GB to store  87135729116 kmers; need 60.662 GB to sort    135699551 kmers
Used 433.956 GB / 1511.166 GB to store  87162976200 kmers; need 60.672 GB to sort    135722049 kmers
Used 434.069 GB / 1511.166 GB to store  87188128005 kmers; need 60.702 GB to sort    135788385 kmers
Used 434.183 GB / 1511.166 GB to store  87213278889 kmers; need 60.718 GB to sort    135824472 kmers
Used 434.297 GB / 1511.166 GB to store  87238430297 kmers; need 60.734 GB to sort    135859766 kmers
Used 434.412 GB / 1511.166 GB to store  87263581272 kmers; need 60.753 GB to sort    135901881 kmers
Used 434.533 GB / 1511.166 GB to store  87290827980 kmers; need 60.760 GB to sort    135918461 kmers
Used 434.628 GB / 1511.166 GB to store  87311787454 kmers; need 60.792 GB to sort    135989885 kmers
Used 434.750 GB / 1511.166 GB to store  87339034648 kmers; need 60.802 GB to sort    136011060 kmers
Used 434.863 GB / 1511.166 GB to store  87364185578 kmers; need 60.824 GB to sort    136060220 kmers
Used 434.986 GB / 1511.166 GB to store  87391432236 kmers; need 60.845 GB to sort    136108920 kmers
Used 435.109 GB / 1511.166 GB to store  87418678841 kmers; need 60.857 GB to sort    136134404 kmers
Used 435.223 GB / 1511.166 GB to store  87443830489 kmers; need 60.868 GB to sort    136159181 kmers
Used 435.336 GB / 1511.166 GB to store  87468982487 kmers; need 60.889 GB to sort    136207160 kmers
Used 435.448 GB / 1511.166 GB to store  87494133343 kmers; need 60.909 GB to sort    136250043 kmers
Used 435.572 GB / 1511.166 GB to store  87521381118 kmers; need 60.919 GB to sort    136274275 kmers
Used 435.675 GB / 1511.166 GB to store  87544435967 kmers; need 60.942 GB to sort    136324402 kmers
Used 435.789 GB / 1511.166 GB to store  87569586877 kmers; need 60.956 GB to sort    136357373 kmers
Used 435.902 GB / 1511.166 GB to store  87594737172 kmers; need 60.971 GB to sort    136390936 kmers
Used 436.016 GB / 1511.166 GB to store  87619888431 kmers; need 60.991 GB to sort    136434555 kmers
Used 436.140 GB / 1511.166 GB to store  87647135732 kmers; need 61.003 GB to sort    136462448 kmers
Used 436.252 GB / 1511.166 GB to store  87672286478 kmers; need 61.018 GB to sort    136495552 kmers
Used 436.355 GB / 1511.166 GB to store  87695341922 kmers; need 61.044 GB to sort    136553007 kmers
Used 436.477 GB / 1511.166 GB to store  87722588997 kmers; need 61.054 GB to sort    136576055 kmers
Used 436.592 GB / 1511.166 GB to store  87747739952 kmers; need 61.068 GB to sort    136607214 kmers
Used 436.695 GB / 1511.166 GB to store  87770795227 kmers; need 61.092 GB to sort    136660509 kmers
Used 436.818 GB / 1511.166 GB to store  87798042249 kmers; need 61.103 GB to sort    136685451 kmers
Used 436.922 GB / 1511.166 GB to store  87821097623 kmers; need 61.131 GB to sort    136748497 kmers
Used 437.044 GB / 1511.166 GB to store  87848345306 kmers; need 61.137 GB to sort    136761667 kmers
Used 437.149 GB / 1511.166 GB to store  87871400938 kmers; need 61.160 GB to sort    136812176 kmers
Used 437.271 GB / 1511.166 GB to store  87898647421 kmers; need 61.169 GB to sort    136832226 kmers
Used 437.385 GB / 1511.166 GB to store  87923798300 kmers; need 61.183 GB to sort    136864631 kmers
Used 437.489 GB / 1511.166 GB to store  87946853356 kmers; need 61.204 GB to sort    136911960 kmers
Used 437.603 GB / 1511.166 GB to store  87972004636 kmers; need 61.216 GB to sort    136938434 kmers
Used 437.707 GB / 1511.166 GB to store  87995059813 kmers; need 61.245 GB to sort    137003072 kmers
Used 437.829 GB / 1511.166 GB to store  88022306762 kmers; need 61.256 GB to sort    137028076 kmers
Used 437.942 GB / 1511.166 GB to store  88047457761 kmers; need 61.281 GB to sort    137082381 kmers
Used 438.064 GB / 1511.166 GB to store  88074704434 kmers; need 61.288 GB to sort    137098769 kmers
Used 438.169 GB / 1511.166 GB to store  88097759492 kmers; need 61.311 GB to sort    137149986 kmers
Used 438.293 GB / 1511.166 GB to store  88125006762 kmers; need 61.317 GB to sort    137163168 kmers
Used 438.405 GB / 1511.166 GB to store  88150158306 kmers; need 61.334 GB to sort    137202766 kmers
Used 438.518 GB / 1511.166 GB to store  88175309991 kmers; need 61.355 GB to sort    137248747 kmers
Used 438.623 GB / 1511.166 GB to store  88198364710 kmers; need 61.379 GB to sort    137301471 kmers
Used 438.755 GB / 1511.166 GB to store  88227707268 kmers; need 61.379 GB to sort    137301471 kmers
Used 438.850 GB / 1511.166 GB to store  88248666281 kmers; need 61.410 GB to sort    137372636 kmers
Used 438.964 GB / 1511.166 GB to store  88273816414 kmers; need 61.422 GB to sort    137399114 kmers
Used 439.087 GB / 1511.166 GB to store  88301062516 kmers; need 61.434 GB to sort    137424837 kmers
Used 439.199 GB / 1511.166 GB to store  88326213202 kmers; need 61.463 GB to sort    137490505 kmers
Used 439.331 GB / 1511.166 GB to store  88355555564 kmers; need 61.464 GB to sort    137492849 kmers
Used 439.435 GB / 1511.166 GB to store  88378609807 kmers; need 61.490 GB to sort    137550814 kmers
Used 439.520 GB / 1511.166 GB to store  88397471513 kmers; need 61.532 GB to sort    137645808 kmers
Used 439.653 GB / 1511.166 GB to store  88426813283 kmers; need 61.532 GB to sort    137645808 kmers
Used 439.766 GB / 1511.166 GB to store  88451963575 kmers; need 61.555 GB to sort    137697217 kmers
Used 439.888 GB / 1511.166 GB to store  88479209991 kmers; need 61.567 GB to sort    137723425 kmers
Used 440.002 GB / 1511.166 GB to store  88504359453 kmers; need 61.588 GB to sort    137768996 kmers
Used 440.115 GB / 1511.166 GB to store  88529508999 kmers; need 61.608 GB to sort    137813700 kmers
Used 440.228 GB / 1511.166 GB to store  88554658989 kmers; need 61.629 GB to sort    137861857 kmers
Used 440.341 GB / 1511.166 GB to store  88579809033 kmers; need 61.650 GB to sort    137908209 kmers
Used 440.456 GB / 1511.166 GB to store  88604958809 kmers; need 61.664 GB to sort    137940204 kmers
Used 440.568 GB / 1511.166 GB to store  88630108368 kmers; need 61.677 GB to sort    137968749 kmers
Used 440.682 GB / 1511.166 GB to store  88655258749 kmers; need 61.693 GB to sort    138004068 kmers
Used 440.795 GB / 1511.166 GB to store  88680408275 kmers; need 61.711 GB to sort    138044494 kmers
Used 440.909 GB / 1511.166 GB to store  88705558320 kmers; need 61.733 GB to sort    138094691 kmers
Used 441.032 GB / 1511.166 GB to store  88732804683 kmers; need 61.744 GB to sort    138119312 kmers
Used 441.135 GB / 1511.166 GB to store  88755858853 kmers; need 61.766 GB to sort    138167711 kmers
Used 441.249 GB / 1511.166 GB to store  88781008857 kmers; need 61.784 GB to sort    138208562 kmers
Used 441.362 GB / 1511.166 GB to store  88806158112 kmers; need 61.814 GB to sort    138276254 kmers
Used 441.475 GB / 1511.166 GB to store  88831307863 kmers; need 61.828 GB to sort    138306642 kmers
Used 441.588 GB / 1511.166 GB to store  88856458833 kmers; need 61.845 GB to sort    138345869 kmers
Used 441.693 GB / 1511.166 GB to store  88879512869 kmers; need 61.874 GB to sort    138409295 kmers
Used 441.806 GB / 1511.166 GB to store  88904662720 kmers; need 61.888 GB to sort    138441207 kmers
Used 441.910 GB / 1511.166 GB to store  88927715242 kmers; need 61.913 GB to sort    138496997 kmers
Used 442.015 GB / 1511.166 GB to store  88950768380 kmers; need 61.934 GB to sort    138545087 kmers
Used 442.108 GB / 1511.166 GB to store  88971727339 kmers; need 61.974 GB to sort    138633061 kmers
Used 442.241 GB / 1511.166 GB to store  89001070046 kmers; need 61.976 GB to sort    138637379 kmers
Used 442.354 GB / 1511.166 GB to store  89026220196 kmers; need 61.994 GB to sort    138679138 kmers
Used 442.467 GB / 1511.166 GB to store  89051370843 kmers; need 62.007 GB to sort    138707304 kmers
Used 442.571 GB / 1511.166 GB to store  89074426058 kmers; need 62.032 GB to sort    138763257 kmers
Used 442.685 GB / 1511.166 GB to store  89099576646 kmers; need 62.043 GB to sort    138788362 kmers
Used 442.789 GB / 1511.166 GB to store  89122632141 kmers; need 62.066 GB to sort    138839116 kmers
Used 442.901 GB / 1511.166 GB to store  89147783050 kmers; need 62.113 GB to sort    138945272 kmers
Used 443.024 GB / 1511.166 GB to store  89175030725 kmers; need 62.125 GB to sort    138970501 kmers
Used 443.137 GB / 1511.166 GB to store  89200180937 kmers; need 62.137 GB to sort    138998211 kmers
Used 443.261 GB / 1511.166 GB to store  89227427008 kmers; need 62.142 GB to sort    139010155 kmers
Used 443.373 GB / 1511.166 GB to store  89252577584 kmers; need 62.168 GB to sort    139067337 kmers
Used 443.478 GB / 1511.166 GB to store  89275632724 kmers; need 62.190 GB to sort    139116546 kmers
Used 443.601 GB / 1511.166 GB to store  89302878425 kmers; need 62.198 GB to sort    139135277 kmers
Used 443.723 GB / 1511.166 GB to store  89330124421 kmers; need 62.208 GB to sort    139158030 kmers
Used 443.836 GB / 1511.166 GB to store  89355275061 kmers; need 62.227 GB to sort    139199389 kmers
Used 443.940 GB / 1511.166 GB to store  89378328636 kmers; need 62.255 GB to sort    139262474 kmers
Used 444.053 GB / 1511.166 GB to store  89403479145 kmers; need 62.273 GB to sort    139301891 kmers
Used 444.158 GB / 1511.166 GB to store  89426534224 kmers; need 62.300 GB to sort    139361706 kmers
Used 444.271 GB / 1511.166 GB to store  89451683748 kmers; need 62.312 GB to sort    139389922 kmers
Used 444.384 GB / 1511.166 GB to store  89476832719 kmers; need 62.334 GB to sort    139439085 kmers
Used 444.497 GB / 1511.166 GB to store  89501981751 kmers; need 62.352 GB to sort    139478210 kmers
Used 444.610 GB / 1511.166 GB to store  89527131162 kmers; need 62.366 GB to sort    139511037 kmers
Used 444.714 GB / 1511.166 GB to store  89550185821 kmers; need 62.389 GB to sort    139560853 kmers
Used 444.837 GB / 1511.166 GB to store  89577433199 kmers; need 62.399 GB to sort    139584780 kmers
Used 444.960 GB / 1511.166 GB to store  89604680039 kmers; need 62.412 GB to sort    139613017 kmers
Used 445.055 GB / 1511.166 GB to store  89625639099 kmers; need 62.449 GB to sort    139696669 kmers
Used 445.186 GB / 1511.166 GB to store  89654981028 kmers; need 62.450 GB to sort    139699022 kmers
Used 445.290 GB / 1511.166 GB to store  89678036392 kmers; need 62.473 GB to sort    139750649 kmers
Used 445.404 GB / 1511.166 GB to store  89703187352 kmers; need 62.493 GB to sort    139794272 kmers
Used 445.517 GB / 1511.166 GB to store  89728338173 kmers; need 62.507 GB to sort    139825658 kmers
Used 445.621 GB / 1511.166 GB to store  89751392175 kmers; need 62.531 GB to sort    139878951 kmers
Used 445.744 GB / 1511.166 GB to store  89778638358 kmers; need 62.543 GB to sort    139905307 kmers
Used 445.857 GB / 1511.166 GB to store  89803789343 kmers; need 62.560 GB to sort    139944488 kmers
Used 445.971 GB / 1511.166 GB to store  89828940352 kmers; need 62.577 GB to sort    139981391 kmers
Used 446.084 GB / 1511.166 GB to store  89854091576 kmers; need 62.599 GB to sort    140031854 kmers
Used 446.188 GB / 1511.166 GB to store  89877146860 kmers; need 62.622 GB to sort    140083590 kmers
Used 446.320 GB / 1511.166 GB to store  89906489836 kmers; need 62.632 GB to sort    140105421 kmers
Used 446.433 GB / 1511.166 GB to store  89931640435 kmers; need 62.647 GB to sort    140139636 kmers
Used 446.547 GB / 1511.166 GB to store  89956791123 kmers; need 62.663 GB to sort    140175153 kmers
Used 446.661 GB / 1511.166 GB to store  89981942519 kmers; need 62.677 GB to sort    140206901 kmers
Used 446.773 GB / 1511.166 GB to store  90007093708 kmers; need 62.692 GB to sort    140240550 kmers
Used 446.877 GB / 1511.166 GB to store  90030148876 kmers; need 62.714 GB to sort    140288199 kmers
Used 446.981 GB / 1511.166 GB to store  90053204869 kmers; need 62.736 GB to sort    140338078 kmers
Used 447.095 GB / 1511.166 GB to store  90078356534 kmers; need 62.753 GB to sort    140376802 kmers
Used 447.218 GB / 1511.166 GB to store  90105603749 kmers; need 62.757 GB to sort    140385297 kmers
Used 447.331 GB / 1511.166 GB to store  90130754727 kmers; need 62.779 GB to sort    140433317 kmers
Used 447.444 GB / 1511.166 GB to store  90155906636 kmers; need 62.799 GB to sort    140478266 kmers
Used 447.567 GB / 1511.166 GB to store  90183153667 kmers; need 62.816 GB to sort    140517346 kmers
Used 447.689 GB / 1511.166 GB to store  90210400978 kmers; need 62.824 GB to sort    140534158 kmers
Used 447.802 GB / 1511.166 GB to store  90235551695 kmers; need 62.845 GB to sort    140581005 kmers
Used 447.925 GB / 1511.166 GB to store  90262799435 kmers; need 62.863 GB to sort    140622661 kmers
Used 448.039 GB / 1511.166 GB to store  90287950397 kmers; need 62.881 GB to sort    140662389 kmers
Used 448.152 GB / 1511.166 GB to store  90313102237 kmers; need 62.894 GB to sort    140691415 kmers
Used 448.265 GB / 1511.166 GB to store  90338253432 kmers; need 62.910 GB to sort    140727388 kmers
Used 448.369 GB / 1511.166 GB to store  90361308220 kmers; need 62.934 GB to sort    140781177 kmers
Used 448.492 GB / 1511.166 GB to store  90388555519 kmers; need 62.940 GB to sort    140795037 kmers
Used 448.605 GB / 1511.166 GB to store  90413706848 kmers; need 62.961 GB to sort    140841911 kmers
Used 448.718 GB / 1511.166 GB to store  90438858752 kmers; need 62.974 GB to sort    140871492 kmers
Used 448.831 GB / 1511.166 GB to store  90464008501 kmers; need 62.992 GB to sort    140910782 kmers
Used 448.936 GB / 1511.166 GB to store  90487063844 kmers; need 63.013 GB to sort    140958002 kmers
Used 449.049 GB / 1511.166 GB to store  90512215005 kmers; need 63.026 GB to sort    140986408 kmers
Used 449.162 GB / 1511.166 GB to store  90537367372 kmers; need 63.046 GB to sort    141031481 kmers
Used 449.285 GB / 1511.166 GB to store  90564615318 kmers; need 63.053 GB to sort    141047831 kmers
Used 449.390 GB / 1511.166 GB to store  90587670417 kmers; need 63.079 GB to sort    141105163 kmers
Used 449.511 GB / 1511.166 GB to store  90614917985 kmers; need 63.083 GB to sort    141113739 kmers
Used 449.605 GB / 1511.166 GB to store  90635876430 kmers; need 63.117 GB to sort    141190414 kmers
Used 449.719 GB / 1511.166 GB to store  90661028596 kmers; need 63.134 GB to sort    141229461 kmers
Used 449.851 GB / 1511.166 GB to store  90690371648 kmers; need 63.136 GB to sort    141232953 kmers
Used 449.964 GB / 1511.166 GB to store  90715521971 kmers; need 63.151 GB to sort    141267102 kmers
Used 450.069 GB / 1511.166 GB to store  90738576454 kmers; need 63.184 GB to sort    141340082 kmers
Used 450.192 GB / 1511.166 GB to store  90765823456 kmers; need 63.189 GB to sort    141351132 kmers
Used 450.314 GB / 1511.166 GB to store  90793069341 kmers; need 63.193 GB to sort    141360877 kmers
Used 450.417 GB / 1511.166 GB to store  90816124228 kmers; need 63.227 GB to sort    141435462 kmers
Used 450.521 GB / 1511.166 GB to store  90839179287 kmers; need 63.249 GB to sort    141486199 kmers
Used 450.654 GB / 1511.166 GB to store  90868521718 kmers; need 63.254 GB to sort    141496596 kmers
Used 450.767 GB / 1511.166 GB to store  90893672984 kmers; need 63.272 GB to sort    141537289 kmers
Used 450.890 GB / 1511.166 GB to store  90920919521 kmers; need 63.283 GB to sort    141561174 kmers
Used 450.995 GB / 1511.166 GB to store  90943973492 kmers; need 63.304 GB to sort    141607801 kmers
Used 451.108 GB / 1511.166 GB to store  90969124279 kmers; need 63.321 GB to sort    141647669 kmers
Used 451.221 GB / 1511.166 GB to store  90994274549 kmers; need 63.335 GB to sort    141678637 kmers
Used 451.335 GB / 1511.166 GB to store  91019423748 kmers; need 63.351 GB to sort    141714391 kmers
Used 451.439 GB / 1511.166 GB to store  91042477305 kmers; need 63.375 GB to sort    141767941 kmers
Used 451.562 GB / 1511.166 GB to store  91069722930 kmers; need 63.389 GB to sort    141799801 kmers
Used 451.684 GB / 1511.166 GB to store  91096969409 kmers; need 63.410 GB to sort    141845783 kmers
Used 451.798 GB / 1511.166 GB to store  91122118487 kmers; need 63.430 GB to sort    141889424 kmers
Used 451.912 GB / 1511.166 GB to store  91147268548 kmers; need 63.450 GB to sort    141935259 kmers
Used 452.026 GB / 1511.166 GB to store  91172418437 kmers; need 63.462 GB to sort    141961813 kmers
Used 452.128 GB / 1511.166 GB to store  91195472455 kmers; need 63.485 GB to sort    142013469 kmers
Used 452.250 GB / 1511.166 GB to store  91222714112 kmers; need 63.496 GB to sort    142037479 kmers
Used 452.363 GB / 1511.166 GB to store  91247861096 kmers; need 63.517 GB to sort    142084771 kmers
Used 452.477 GB / 1511.166 GB to store  91273009546 kmers; need 63.530 GB to sort    142114787 kmers
Used 452.590 GB / 1511.166 GB to store  91298158653 kmers; need 63.548 GB to sort    142155327 kmers
Used 452.695 GB / 1511.166 GB to store  91321212242 kmers; need 63.569 GB to sort    142201847 kmers
Used 452.808 GB / 1511.166 GB to store  91346361140 kmers; need 63.589 GB to sort    142247134 kmers
Used 452.941 GB / 1511.166 GB to store  91375701377 kmers; need 63.590 GB to sort    142248677 kmers
Used 453.045 GB / 1511.166 GB to store  91398755016 kmers; need 63.612 GB to sort    142296828 kmers
Used 453.149 GB / 1511.166 GB to store  91421808081 kmers; need 63.634 GB to sort    142346020 kmers
Used 453.263 GB / 1511.166 GB to store  91446957273 kmers; need 63.647 GB to sort    142376881 kmers
Used 453.366 GB / 1511.166 GB to store  91470011241 kmers; need 63.671 GB to sort    142429417 kmers
Used 453.488 GB / 1511.166 GB to store  91497256238 kmers; need 63.681 GB to sort    142452938 kmers
Used 453.602 GB / 1511.166 GB to store  91522405715 kmers; need 63.700 GB to sort    142495234 kmers
Used 453.715 GB / 1511.166 GB to store  91547555167 kmers; need 63.716 GB to sort    142530049 kmers
Used 453.837 GB / 1511.166 GB to store  91574799620 kmers; need 63.728 GB to sort    142556375 kmers
Used 453.950 GB / 1511.166 GB to store  91599949206 kmers; need 63.744 GB to sort    142592013 kmers
Used 454.065 GB / 1511.166 GB to store  91625098569 kmers; need 63.762 GB to sort    142632535 kmers
Used 454.178 GB / 1511.166 GB to store  91650247717 kmers; need 63.775 GB to sort    142662006 kmers
Used 454.291 GB / 1511.166 GB to store  91675397277 kmers; need 63.794 GB to sort    142705639 kmers
Used 454.405 GB / 1511.166 GB to store  91700546190 kmers; need 63.808 GB to sort    142735023 kmers
Used 454.519 GB / 1511.166 GB to store  91725695288 kmers; need 63.824 GB to sort    142771692 kmers
Used 454.632 GB / 1511.166 GB to store  91750844262 kmers; need 63.844 GB to sort    142817098 kmers
Used 454.745 GB / 1511.166 GB to store  91775993362 kmers; need 63.861 GB to sort    142854721 kmers
Used 454.858 GB / 1511.166 GB to store  91801142955 kmers; need 63.878 GB to sort    142893536 kmers
Used 454.962 GB / 1511.166 GB to store  91824196910 kmers; need 63.906 GB to sort    142955891 kmers
Used 455.084 GB / 1511.166 GB to store  91851441266 kmers; need 63.922 GB to sort    142990128 kmers
Used 455.206 GB / 1511.166 GB to store  91878686787 kmers; need 63.932 GB to sort    143013175 kmers
Used 455.301 GB / 1511.166 GB to store  91899644413 kmers; need 63.964 GB to sort    143084999 kmers
Used 455.424 GB / 1511.166 GB to store  91926889259 kmers; need 63.970 GB to sort    143098807 kmers
Used 455.538 GB / 1511.166 GB to store  91952038202 kmers; need 63.989 GB to sort    143141194 kmers
Used 455.650 GB / 1511.166 GB to store  91977187496 kmers; need 64.017 GB to sort    143204117 kmers
Used 455.783 GB / 1511.166 GB to store  92006527312 kmers; need 64.020 GB to sort    143210115 kmers
Used 455.896 GB / 1511.166 GB to store  92031676783 kmers; need 64.039 GB to sort    143253720 kmers
Used 456.009 GB / 1511.166 GB to store  92056825727 kmers; need 64.055 GB to sort    143289225 kmers
Used 456.124 GB / 1511.166 GB to store  92081974353 kmers; need 64.071 GB to sort    143325220 kmers
Used 456.228 GB / 1511.166 GB to store  92105026497 kmers; need 64.094 GB to sort    143376756 kmers
Used 456.331 GB / 1511.166 GB to store  92128079099 kmers; need 64.118 GB to sort    143428751 kmers
Used 456.454 GB / 1511.166 GB to store  92155324804 kmers; need 64.126 GB to sort    143447272 kmers
Used 456.567 GB / 1511.166 GB to store  92180474733 kmers; need 64.140 GB to sort    143479152 kmers
Used 456.681 GB / 1511.166 GB to store  92205624626 kmers; need 64.156 GB to sort    143515120 kmers
Used 456.803 GB / 1511.166 GB to store  92232869544 kmers; need 64.168 GB to sort    143542030 kmers
Used 456.898 GB / 1511.166 GB to store  92253827452 kmers; need 64.202 GB to sort    143617665 kmers
Used 457.012 GB / 1511.166 GB to store  92278977443 kmers; need 64.215 GB to sort    143646038 kmers
Used 457.125 GB / 1511.166 GB to store  92304126958 kmers; need 64.233 GB to sort    143686032 kmers
Used 457.238 GB / 1511.166 GB to store  92329276095 kmers; need 64.247 GB to sort    143719017 kmers
Used 457.351 GB / 1511.166 GB to store  92354426157 kmers; need 64.265 GB to sort    143758980 kmers
Used 457.455 GB / 1511.166 GB to store  92377480373 kmers; need 64.288 GB to sort    143809855 kmers
Used 457.578 GB / 1511.166 GB to store  92404727164 kmers; need 64.317 GB to sort    143873669 kmers
Used 457.710 GB / 1511.166 GB to store  92434068575 kmers; need 64.317 GB to sort    143873845 kmers
Used 457.822 GB / 1511.166 GB to store  92459218670 kmers; need 64.335 GB to sort    143914516 kmers
Used 457.936 GB / 1511.166 GB to store  92484369036 kmers; need 64.356 GB to sort    143961016 kmers
Used 458.049 GB / 1511.166 GB to store  92509518807 kmers; need 64.371 GB to sort    143995982 kmers
Used 458.163 GB / 1511.166 GB to store  92534669214 kmers; need 64.392 GB to sort    144042139 kmers
Used 458.286 GB / 1511.166 GB to store  92561914895 kmers; need 64.402 GB to sort    144064196 kmers
Used 458.390 GB / 1511.166 GB to store  92584968705 kmers; need 64.429 GB to sort    144126143 kmers
Used 458.503 GB / 1511.166 GB to store  92610119000 kmers; need 64.451 GB to sort    144175064 kmers
Used 458.616 GB / 1511.166 GB to store  92635268561 kmers; need 64.472 GB to sort    144221237 kmers
Used 458.729 GB / 1511.166 GB to store  92660418338 kmers; need 64.487 GB to sort    144254072 kmers
Used 458.843 GB / 1511.166 GB to store  92685568230 kmers; need 64.507 GB to sort    144299608 kmers
Used 458.957 GB / 1511.166 GB to store  92710718495 kmers; need 64.527 GB to sort    144343583 kmers
Used 459.079 GB / 1511.166 GB to store  92737964436 kmers; need 64.541 GB to sort    144376223 kmers
Used 459.183 GB / 1511.166 GB to store  92761018894 kmers; need 64.568 GB to sort    144435666 kmers
Used 459.306 GB / 1511.166 GB to store  92788264771 kmers; need 64.579 GB to sort    144460361 kmers
Used 459.420 GB / 1511.166 GB to store  92813415122 kmers; need 64.593 GB to sort    144491729 kmers
Used 459.533 GB / 1511.166 GB to store  92838565753 kmers; need 64.608 GB to sort    144526755 kmers
Used 459.637 GB / 1511.166 GB to store  92861620097 kmers; need 64.631 GB to sort    144576439 kmers
Used 459.751 GB / 1511.166 GB to store  92886770312 kmers; need 64.648 GB to sort    144614650 kmers
Used 459.873 GB / 1511.166 GB to store  92914016775 kmers; need 64.675 GB to sort    144675318 kmers
Used 460.005 GB / 1511.166 GB to store  92943359614 kmers; need 64.695 GB to sort    144719964 kmers
Used 460.127 GB / 1511.166 GB to store  92970605330 kmers; need 64.702 GB to sort    144735383 kmers
Used 460.241 GB / 1511.166 GB to store  92995756854 kmers; need 64.715 GB to sort    144764775 kmers
Used 460.354 GB / 1511.166 GB to store  93020907977 kmers; need 64.730 GB to sort    144798764 kmers
Used 460.468 GB / 1511.166 GB to store  93046058327 kmers; need 64.749 GB to sort    144840168 kmers
Used 460.581 GB / 1511.166 GB to store  93071208841 kmers; need 64.770 GB to sort    144889044 kmers
Used 460.695 GB / 1511.166 GB to store  93096359579 kmers; need 64.787 GB to sort    144926879 kmers
Used 460.808 GB / 1511.166 GB to store  93121509973 kmers; need 64.801 GB to sort    144957035 kmers
Used 460.921 GB / 1511.166 GB to store  93146661104 kmers; need 64.822 GB to sort    145003821 kmers
Used 461.044 GB / 1511.166 GB to store  93173907883 kmers; need 64.833 GB to sort    145028648 kmers
Used 461.157 GB / 1511.166 GB to store  93199058798 kmers; need 64.853 GB to sort    145074777 kmers
Used 461.271 GB / 1511.166 GB to store  93224209466 kmers; need 64.872 GB to sort    145116473 kmers
Used 461.375 GB / 1511.166 GB to store  93247264501 kmers; need 64.899 GB to sort    145176498 kmers
Used 461.497 GB / 1511.166 GB to store  93274511326 kmers; need 64.909 GB to sort    145199068 kmers
Used 461.609 GB / 1511.166 GB to store  93299662026 kmers; need 64.939 GB to sort    145265919 kmers
Used 461.733 GB / 1511.166 GB to store  93326908668 kmers; need 64.941 GB to sort    145269758 kmers
Used 461.837 GB / 1511.166 GB to store  93349963107 kmers; need 64.963 GB to sort    145319896 kmers
Used 461.950 GB / 1511.166 GB to store  93375113558 kmers; need 64.975 GB to sort    145345765 kmers
Used 462.053 GB / 1511.166 GB to store  93398168769 kmers; need 65.000 GB to sort    145403510 kmers
Used 462.177 GB / 1511.166 GB to store  93425414903 kmers; need 65.008 GB to sort    145421070 kmers
Used 462.290 GB / 1511.166 GB to store  93450564588 kmers; need 65.023 GB to sort    145453143 kmers
Used 462.394 GB / 1511.166 GB to store  93473619236 kmers; need 65.045 GB to sort    145502837 kmers
Used 462.516 GB / 1511.166 GB to store  93500865167 kmers; need 65.052 GB to sort    145519837 kmers
Used 462.620 GB / 1511.166 GB to store  93523920146 kmers; need 65.075 GB to sort    145569576 kmers
Used 462.723 GB / 1511.166 GB to store  93546974609 kmers; need 65.104 GB to sort    145634244 kmers
Used 462.838 GB / 1511.166 GB to store  93572125442 kmers; need 65.119 GB to sort    145669394 kmers
Used 462.961 GB / 1511.166 GB to store  93599372851 kmers; need 65.144 GB to sort    145724469 kmers
Used 463.093 GB / 1511.166 GB to store  93628715075 kmers; need 65.144 GB to sort    145724705 kmers
Used 463.206 GB / 1511.166 GB to store  93653865259 kmers; need 65.163 GB to sort    145766254 kmers
Used 463.328 GB / 1511.166 GB to store  93681111365 kmers; need 65.174 GB to sort    145791893 kmers
Used 463.432 GB / 1511.166 GB to store  93704165882 kmers; need 65.211 GB to sort    145875267 kmers
Used 463.564 GB / 1511.166 GB to store  93733507906 kmers; need 65.211 GB to sort    145875267 kmers
Used 463.678 GB / 1511.166 GB to store  93758657654 kmers; need 65.222 GB to sort    145899561 kmers
Used 463.773 GB / 1511.166 GB to store  93779616281 kmers; need 65.253 GB to sort    145968110 kmers
Used 463.886 GB / 1511.166 GB to store  93804767046 kmers; need 65.266 GB to sort    145998074 kmers
Used 464.008 GB / 1511.166 GB to store  93832013408 kmers; need 65.275 GB to sort    146017077 kmers
Used 464.112 GB / 1511.166 GB to store  93855067404 kmers; need 65.298 GB to sort    146070045 kmers
Used 464.235 GB / 1511.166 GB to store  93882314127 kmers; need 65.303 GB to sort    146079236 kmers
Used 464.348 GB / 1511.166 GB to store  93907465013 kmers; need 65.315 GB to sort    146107390 kmers
Used 464.462 GB / 1511.166 GB to store  93932614675 kmers; need 65.336 GB to sort    146154550 kmers
Used 464.585 GB / 1511.166 GB to store  93959860750 kmers; need 65.349 GB to sort    146182633 kmers
Used 464.689 GB / 1511.166 GB to store  93982914469 kmers; need 65.374 GB to sort    146238595 kmers
Used 464.802 GB / 1511.166 GB to store  94008064674 kmers; need 65.386 GB to sort    146265316 kmers
Used 464.915 GB / 1511.166 GB to store  94033215153 kmers; need 65.402 GB to sort    146300840 kmers
Used 465.028 GB / 1511.166 GB to store  94058365182 kmers; need 65.414 GB to sort    146328482 kmers
Used 465.142 GB / 1511.166 GB to store  94083515765 kmers; need 65.440 GB to sort    146387787 kmers
Used 465.245 GB / 1511.166 GB to store  94106570213 kmers; need 65.465 GB to sort    146442910 kmers
Used 465.368 GB / 1511.166 GB to store  94133816600 kmers; need 65.474 GB to sort    146461997 kmers
Used 465.473 GB / 1511.166 GB to store  94156870908 kmers; need 65.503 GB to sort    146527040 kmers
Used 465.586 GB / 1511.166 GB to store  94182021252 kmers; need 65.521 GB to sort    146568285 kmers
Used 465.709 GB / 1511.166 GB to store  94209267296 kmers; need 65.532 GB to sort    146592356 kmers
Used 465.813 GB / 1511.166 GB to store  94232321292 kmers; need 65.554 GB to sort    146641847 kmers
Used 465.927 GB / 1511.166 GB to store  94257470317 kmers; need 65.568 GB to sort    146673720 kmers
Used 466.040 GB / 1511.166 GB to store  94282619939 kmers; need 65.581 GB to sort    146701535 kmers
Used 466.152 GB / 1511.166 GB to store  94307769735 kmers; need 65.597 GB to sort    146737674 kmers
Used 466.265 GB / 1511.166 GB to store  94332919526 kmers; need 65.618 GB to sort    146786065 kmers
Used 466.378 GB / 1511.166 GB to store  94358069431 kmers; need 65.631 GB to sort    146813508 kmers
Used 466.482 GB / 1511.166 GB to store  94381124167 kmers; need 65.659 GB to sort    146875639 kmers
Used 466.588 GB / 1511.166 GB to store  94404178364 kmers; need 65.680 GB to sort    146923924 kmers
Used 466.710 GB / 1511.166 GB to store  94431423647 kmers; need 65.687 GB to sort    146939625 kmers
Used 466.815 GB / 1511.166 GB to store  94454477047 kmers; need 65.720 GB to sort    147014144 kmers
Used 466.936 GB / 1511.166 GB to store  94481721837 kmers; need 65.730 GB to sort    147035866 kmers
Used 467.049 GB / 1511.166 GB to store  94506871033 kmers; need 65.745 GB to sort    147068827 kmers
Used 467.162 GB / 1511.166 GB to store  94532020165 kmers; need 65.757 GB to sort    147096079 kmers
Used 467.266 GB / 1511.166 GB to store  94555074170 kmers; need 65.779 GB to sort    147144685 kmers
Used 467.389 GB / 1511.166 GB to store  94582319963 kmers; need 65.785 GB to sort    147158439 kmers
Used 467.493 GB / 1511.166 GB to store  94605373086 kmers; need 65.811 GB to sort    147216763 kmers
Used 467.605 GB / 1511.166 GB to store  94630522021 kmers; need 65.829 GB to sort    147257722 kmers
Used 467.729 GB / 1511.166 GB to store  94657767353 kmers; need 65.848 GB to sort    147299483 kmers
Used 467.833 GB / 1511.166 GB to store  94680820089 kmers; need 65.869 GB to sort    147347431 kmers
Used 467.946 GB / 1511.166 GB to store  94705969438 kmers; need 65.887 GB to sort    147387223 kmers
Used 468.059 GB / 1511.166 GB to store  94731119294 kmers; need 65.900 GB to sort    147415863 kmers
Used 468.182 GB / 1511.166 GB to store  94758363894 kmers; need 65.912 GB to sort    147442383 kmers
Used 468.267 GB / 1511.166 GB to store  94777226294 kmers; need 65.957 GB to sort    147542307 kmers
Used 468.400 GB / 1511.166 GB to store  94806567354 kmers; need 65.957 GB to sort    147542307 kmers
Used 468.522 GB / 1511.166 GB to store  94833812025 kmers; need 65.968 GB to sort    147568361 kmers
Used 468.635 GB / 1511.166 GB to store  94858961627 kmers; need 65.990 GB to sort    147617641 kmers
Used 468.730 GB / 1511.166 GB to store  94879919469 kmers; need 66.023 GB to sort    147691706 kmers
Used 468.862 GB / 1511.166 GB to store  94909260405 kmers; need 66.028 GB to sort    147702020 kmers
Used 468.975 GB / 1511.166 GB to store  94934409384 kmers; need 66.050 GB to sort    147751536 kmers
Used 469.080 GB / 1511.166 GB to store  94957463214 kmers; need 66.071 GB to sort    147798716 kmers
Used 469.193 GB / 1511.166 GB to store  94982613627 kmers; need 66.087 GB to sort    147835059 kmers
Used 469.307 GB / 1511.166 GB to store  95007762938 kmers; need 66.101 GB to sort    147866036 kmers
Used 469.410 GB / 1511.166 GB to store  95030815691 kmers; need 66.125 GB to sort    147919339 kmers
Used 469.524 GB / 1511.166 GB to store  95055964557 kmers; need 66.137 GB to sort    147944869 kmers
Used 469.637 GB / 1511.166 GB to store  95081112816 kmers; need 66.159 GB to sort    147995563 kmers
Used 469.770 GB / 1511.166 GB to store  95110452761 kmers; need 66.178 GB to sort    148038512 kmers
Used 469.875 GB / 1511.166 GB to store  95133506187 kmers; need 66.205 GB to sort    148098706 kmers
Used 469.987 GB / 1511.166 GB to store  95158654688 kmers; need 66.229 GB to sort    148152711 kmers
Used 470.118 GB / 1511.166 GB to store  95187993791 kmers; need 66.229 GB to sort    148152711 kmers
Used 470.222 GB / 1511.166 GB to store  95211046859 kmers; need 66.253 GB to sort    148205675 kmers
Used 470.335 GB / 1511.166 GB to store  95236195566 kmers; need 66.274 GB to sort    148251831 kmers
Used 470.449 GB / 1511.166 GB to store  95261344708 kmers; need 66.291 GB to sort    148290446 kmers
Used 470.572 GB / 1511.166 GB to store  95288590886 kmers; need 66.302 GB to sort    148314822 kmers
Used 470.686 GB / 1511.166 GB to store  95313740801 kmers; need 66.316 GB to sort    148345643 kmers
Used 470.780 GB / 1511.166 GB to store  95334699291 kmers; need 66.353 GB to sort    148429629 kmers
Used 470.913 GB / 1511.166 GB to store  95364041144 kmers; need 66.353 GB to sort    148429629 kmers
Used 471.026 GB / 1511.166 GB to store  95389191762 kmers; need 66.369 GB to sort    148464006 kmers
Used 471.140 GB / 1511.166 GB to store  95414342631 kmers; need 66.389 GB to sort    148509948 kmers
Used 471.262 GB / 1511.166 GB to store  95441587949 kmers; need 66.393 GB to sort    148518644 kmers
Used 471.365 GB / 1511.166 GB to store  95464642452 kmers; need 66.420 GB to sort    148579268 kmers
Used 471.468 GB / 1511.166 GB to store  95487697215 kmers; need 66.446 GB to sort    148637341 kmers
Used 471.591 GB / 1511.166 GB to store  95514943536 kmers; need 66.454 GB to sort    148654285 kmers
Used 471.695 GB / 1511.166 GB to store  95537998666 kmers; need 66.477 GB to sort    148705835 kmers
Used 471.818 GB / 1511.166 GB to store  95565244801 kmers; need 66.487 GB to sort    148729671 kmers
Used 471.923 GB / 1511.166 GB to store  95588298853 kmers; need 66.516 GB to sort    148793084 kmers
Used 472.044 GB / 1511.166 GB to store  95615545067 kmers; need 66.533 GB to sort    148831911 kmers
Used 472.159 GB / 1511.166 GB to store  95640694704 kmers; need 66.544 GB to sort    148857238 kmers
Used 472.273 GB / 1511.166 GB to store  95665845467 kmers; need 66.562 GB to sort    148897587 kmers
Used 472.386 GB / 1511.166 GB to store  95690995763 kmers; need 66.575 GB to sort    148926865 kmers
Used 472.491 GB / 1511.166 GB to store  95714050672 kmers; need 66.605 GB to sort    148993564 kmers
Used 472.603 GB / 1511.166 GB to store  95739201051 kmers; need 66.627 GB to sort    149043029 kmers
Used 472.717 GB / 1511.166 GB to store  95764351302 kmers; need 66.647 GB to sort    149086826 kmers
Used 472.839 GB / 1511.166 GB to store  95791596903 kmers; need 66.653 GB to sort    149099774 kmers
Used 472.953 GB / 1511.166 GB to store  95816748572 kmers; need 66.672 GB to sort    149142436 kmers
Used 473.076 GB / 1511.166 GB to store  95843994922 kmers; need 66.675 GB to sort    149148462 kmers
Used 473.178 GB / 1511.166 GB to store  95867048994 kmers; need 66.704 GB to sort    149215298 kmers
Used 473.302 GB / 1511.166 GB to store  95894295628 kmers; need 66.713 GB to sort    149235528 kmers
Used 473.415 GB / 1511.166 GB to store  95919446859 kmers; need 66.733 GB to sort    149279010 kmers
Used 473.519 GB / 1511.166 GB to store  95942500821 kmers; need 66.757 GB to sort    149332062 kmers
Used 473.641 GB / 1511.166 GB to store  95969746547 kmers; need 66.770 GB to sort    149362637 kmers
Used 473.755 GB / 1511.166 GB to store  95994896838 kmers; need 66.783 GB to sort    149390328 kmers
Used 473.860 GB / 1511.166 GB to store  96017951650 kmers; need 66.814 GB to sort    149461188 kmers
Used 473.983 GB / 1511.166 GB to store  96045198168 kmers; need 66.816 GB to sort    149465625 kmers
Used 474.077 GB / 1511.166 GB to store  96066156773 kmers; need 66.862 GB to sort    149567247 kmers
Used 474.209 GB / 1511.166 GB to store  96095499534 kmers; need 66.862 GB to sort    149567247 kmers
Used 474.322 GB / 1511.166 GB to store  96120649516 kmers; need 66.875 GB to sort    149597127 kmers
Used 474.435 GB / 1511.166 GB to store  96145800046 kmers; need 66.893 GB to sort    149637721 kmers
Used 474.539 GB / 1511.166 GB to store  96168854677 kmers; need 66.916 GB to sort    149689173 kmers
Used 474.652 GB / 1511.166 GB to store  96194005494 kmers; need 66.934 GB to sort    149729724 kmers
Used 474.766 GB / 1511.166 GB to store  96219156225 kmers; need 66.946 GB to sort    149755352 kmers
Used 474.870 GB / 1511.166 GB to store  96242210653 kmers; need 66.987 GB to sort    149846955 kmers
Used 474.993 GB / 1511.166 GB to store  96269456640 kmers; need 66.998 GB to sort    149870883 kmers
Used 475.116 GB / 1511.166 GB to store  96296702618 kmers; need 67.007 GB to sort    149891401 kmers
Used 475.220 GB / 1511.166 GB to store  96319757085 kmers; need 67.029 GB to sort    149942312 kmers
Used 475.342 GB / 1511.166 GB to store  96347003747 kmers; need 67.043 GB to sort    149972310 kmers
Used 475.455 GB / 1511.166 GB to store  96372154499 kmers; need 67.061 GB to sort    150013908 kmers
Used 475.568 GB / 1511.166 GB to store  96397305034 kmers; need 67.087 GB to sort    150070436 kmers
Used 475.682 GB / 1511.166 GB to store  96422455314 kmers; need 67.107 GB to sort    150115385 kmers
Used 475.805 GB / 1511.166 GB to store  96449701410 kmers; need 67.114 GB to sort    150131563 kmers
Used 475.910 GB / 1511.166 GB to store  96472755921 kmers; need 67.140 GB to sort    150190204 kmers
Used 476.032 GB / 1511.166 GB to store  96500002938 kmers; need 67.150 GB to sort    150211837 kmers
Used 476.145 GB / 1511.166 GB to store  96525154146 kmers; need 67.169 GB to sort    150254120 kmers
Used 476.258 GB / 1511.166 GB to store  96550305562 kmers; need 67.185 GB to sort    150289481 kmers
Used 476.381 GB / 1511.166 GB to store  96577552424 kmers; need 67.198 GB to sort    150318772 kmers
Used 476.503 GB / 1511.166 GB to store  96604799156 kmers; need 67.211 GB to sort    150348377 kmers
Used 476.608 GB / 1511.166 GB to store  96627854314 kmers; need 67.236 GB to sort    150403378 kmers
Used 476.730 GB / 1511.166 GB to store  96655100895 kmers; need 67.247 GB to sort    150429777 kmers
Used 476.844 GB / 1511.166 GB to store  96680251254 kmers; need 67.266 GB to sort    150470673 kmers
Used 476.948 GB / 1511.166 GB to store  96703306019 kmers; need 67.295 GB to sort    150536359 kmers
Used 477.062 GB / 1511.166 GB to store  96728456228 kmers; need 67.308 GB to sort    150566208 kmers
Used 477.183 GB / 1511.166 GB to store  96755702641 kmers; need 67.320 GB to sort    150591576 kmers
Used 477.298 GB / 1511.166 GB to store  96780853152 kmers; need 67.333 GB to sort    150622066 kmers
Used 477.401 GB / 1511.166 GB to store  96803908122 kmers; need 67.360 GB to sort    150681279 kmers
Used 477.524 GB / 1511.166 GB to store  96831153988 kmers; need 67.378 GB to sort    150720971 kmers
Used 477.638 GB / 1511.166 GB to store  96856304818 kmers; need 67.394 GB to sort    150757813 kmers
Used 477.760 GB / 1511.166 GB to store  96883551104 kmers; need 67.403 GB to sort    150779045 kmers
Used 477.863 GB / 1511.166 GB to store  96906605507 kmers; need 67.428 GB to sort    150834152 kmers
Used 477.986 GB / 1511.166 GB to store  96933851763 kmers; need 67.439 GB to sort    150859035 kmers
Used 478.099 GB / 1511.166 GB to store  96959002801 kmers; need 67.454 GB to sort    150892053 kmers
Used 478.214 GB / 1511.166 GB to store  96984152772 kmers; need 67.474 GB to sort    150936460 kmers
Used 478.326 GB / 1511.166 GB to store  97009303765 kmers; need 67.489 GB to sort    150971015 kmers
Used 478.439 GB / 1511.166 GB to store  97034454368 kmers; need 67.503 GB to sort    151001929 kmers
Used 478.553 GB / 1511.166 GB to store  97059605296 kmers; need 67.518 GB to sort    151036051 kmers
Used 478.666 GB / 1511.166 GB to store  97084755731 kmers; need 67.539 GB to sort    151081787 kmers
Used 478.779 GB / 1511.166 GB to store  97109906868 kmers; need 67.567 GB to sort    151145449 kmers
Used 478.911 GB / 1511.166 GB to store  97139249699 kmers; need 67.569 GB to sort    151150169 kmers
Used 479.025 GB / 1511.166 GB to store  97164399747 kmers; need 67.589 GB to sort    151193527 kmers
Used 479.137 GB / 1511.166 GB to store  97189549855 kmers; need 67.602 GB to sort    151223445 kmers
Used 479.250 GB / 1511.166 GB to store  97214699921 kmers; need 67.617 GB to sort    151257649 kmers
Used 479.364 GB / 1511.166 GB to store  97239850499 kmers; need 67.637 GB to sort    151301911 kmers
Used 479.478 GB / 1511.166 GB to store  97265001027 kmers; need 67.655 GB to sort    151342419 kmers
Used 479.591 GB / 1511.166 GB to store  97290152058 kmers; need 67.673 GB to sort    151382331 kmers
Used 479.704 GB / 1511.166 GB to store  97315303606 kmers; need 67.689 GB to sort    151418030 kmers
Used 479.809 GB / 1511.166 GB to store  97338358188 kmers; need 67.714 GB to sort    151474065 kmers
Used 479.922 GB / 1511.166 GB to store  97363508169 kmers; need 67.733 GB to sort    151516278 kmers
Used 480.036 GB / 1511.166 GB to store  97388659418 kmers; need 67.748 GB to sort    151549307 kmers
Used 480.150 GB / 1511.166 GB to store  97413809591 kmers; need 67.762 GB to sort    151580946 kmers
Used 480.244 GB / 1511.166 GB to store  97434768218 kmers; need 67.794 GB to sort    151652391 kmers
Used 480.366 GB / 1511.166 GB to store  97462014970 kmers; need 67.801 GB to sort    151667293 kmers
Used 480.480 GB / 1511.166 GB to store  97487165637 kmers; need 67.814 GB to sort    151697813 kmers
Used 480.593 GB / 1511.166 GB to store  97512316165 kmers; need 67.830 GB to sort    151732699 kmers
Used 480.706 GB / 1511.166 GB to store  97537466831 kmers; need 67.844 GB to sort    151764732 kmers
Used 480.819 GB / 1511.166 GB to store  97562616880 kmers; need 67.865 GB to sort    151810572 kmers
Used 480.943 GB / 1511.166 GB to store  97589863243 kmers; need 67.876 GB to sort    151835674 kmers
Used 481.047 GB / 1511.166 GB to store  97612918686 kmers; need 67.901 GB to sort    151891103 kmers
Used 481.170 GB / 1511.166 GB to store  97640164692 kmers; need 67.905 GB to sort    151900611 kmers
Used 481.274 GB / 1511.166 GB to store  97663218932 kmers; need 67.927 GB to sort    151950769 kmers
Used 481.387 GB / 1511.166 GB to store  97688369271 kmers; need 67.942 GB to sort    151982891 kmers
Used 481.501 GB / 1511.166 GB to store  97713519693 kmers; need 67.957 GB to sort    152016810 kmers
Used 481.614 GB / 1511.166 GB to store  97738670541 kmers; need 67.977 GB to sort    152061636 kmers
Used 481.727 GB / 1511.166 GB to store  97763820856 kmers; need 67.996 GB to sort    152104564 kmers
Used 481.849 GB / 1511.166 GB to store  97791066799 kmers; need 68.010 GB to sort    152136759 kmers
Used 481.953 GB / 1511.166 GB to store  97814121817 kmers; need 68.033 GB to sort    152188072 kmers
Used 482.076 GB / 1511.166 GB to store  97841368025 kmers; need 68.041 GB to sort    152204389 kmers
Used 482.180 GB / 1511.166 GB to store  97864422709 kmers; need 68.065 GB to sort    152258392 kmers
Used 482.302 GB / 1511.166 GB to store  97891668391 kmers; need 68.081 GB to sort    152295372 kmers
Used 482.416 GB / 1511.166 GB to store  97916818361 kmers; need 68.098 GB to sort    152332126 kmers
Used 482.530 GB / 1511.166 GB to store  97941967960 kmers; need 68.117 GB to sort    152374817 kmers
Used 482.652 GB / 1511.166 GB to store  97969213702 kmers; need 68.129 GB to sort    152403106 kmers
Used 482.757 GB / 1511.166 GB to store  97992268206 kmers; need 68.155 GB to sort    152460329 kmers
Used 482.869 GB / 1511.166 GB to store  98017418979 kmers; need 68.169 GB to sort    152490722 kmers
Used 482.974 GB / 1511.166 GB to store  98040473114 kmers; need 68.193 GB to sort    152544419 kmers
Used 483.077 GB / 1511.166 GB to store  98063527393 kmers; need 68.226 GB to sort    152619836 kmers
Used 483.209 GB / 1511.166 GB to store  98092869245 kmers; need 68.226 GB to sort    152620094 kmers
Used 483.314 GB / 1511.166 GB to store  98115923637 kmers; need 68.250 GB to sort    152671975 kmers
Used 483.427 GB / 1511.166 GB to store  98141073359 kmers; need 68.266 GB to sort    152708980 kmers
Used 483.531 GB / 1511.166 GB to store  98164127126 kmers; need 68.292 GB to sort    152766692 kmers
Used 483.655 GB / 1511.166 GB to store  98191372297 kmers; need 68.296 GB to sort    152775228 kmers
Used 483.769 GB / 1511.166 GB to store  98216521963 kmers; need 68.315 GB to sort    152817090 kmers
Used 483.890 GB / 1511.166 GB to store  98243767788 kmers; need 68.339 GB to sort    152871642 kmers
Used 484.013 GB / 1511.166 GB to store  98271013797 kmers; need 68.352 GB to sort    152900805 kmers
Used 484.127 GB / 1511.166 GB to store  98296163712 kmers; need 68.364 GB to sort    152926616 kmers
Used 484.239 GB / 1511.166 GB to store  98321313738 kmers; need 68.383 GB to sort    152970574 kmers
Used 484.354 GB / 1511.166 GB to store  98346463480 kmers; need 68.405 GB to sort    153020349 kmers
Used 484.467 GB / 1511.166 GB to store  98371613957 kmers; need 68.429 GB to sort    153072904 kmers
Used 484.570 GB / 1511.166 GB to store  98394668686 kmers; need 68.451 GB to sort    153122212 kmers
Used 484.684 GB / 1511.166 GB to store  98419818358 kmers; need 68.464 GB to sort    153150465 kmers
Used 484.815 GB / 1511.166 GB to store  98449160055 kmers; need 68.474 GB to sort    153173013 kmers
Used 484.928 GB / 1511.166 GB to store  98474309703 kmers; need 68.488 GB to sort    153204072 kmers
Used 485.042 GB / 1511.166 GB to store  98499460080 kmers; need 68.504 GB to sort    153240722 kmers
Used 485.165 GB / 1511.166 GB to store  98526705977 kmers; need 68.514 GB to sort    153264226 kmers
Used 485.269 GB / 1511.166 GB to store  98549759580 kmers; need 68.544 GB to sort    153329865 kmers
Used 485.401 GB / 1511.166 GB to store  98579101570 kmers; need 68.544 GB to sort    153331131 kmers
Used 485.513 GB / 1511.166 GB to store  98604251677 kmers; need 68.564 GB to sort    153375349 kmers
Used 485.626 GB / 1511.166 GB to store  98629401942 kmers; need 68.578 GB to sort    153407376 kmers
Used 485.730 GB / 1511.166 GB to store  98652455625 kmers; need 68.610 GB to sort    153477164 kmers
Used 485.853 GB / 1511.166 GB to store  98679701088 kmers; need 68.618 GB to sort    153494756 kmers
Used 485.957 GB / 1511.166 GB to store  98702755205 kmers; need 68.641 GB to sort    153546869 kmers
Used 486.060 GB / 1511.166 GB to store  98725809410 kmers; need 68.663 GB to sort    153596559 kmers
Used 486.165 GB / 1511.166 GB to store  98748863290 kmers; need 68.692 GB to sort    153662372 kmers
Used 486.270 GB / 1511.166 GB to store  98771917343 kmers; need 68.714 GB to sort    153710835 kmers
Used 486.402 GB / 1511.166 GB to store  98801258500 kmers; need 68.731 GB to sort    153749669 kmers
Used 486.534 GB / 1511.166 GB to store  98830599312 kmers; need 68.739 GB to sort    153767178 kmers
Used 486.648 GB / 1511.166 GB to store  98855749330 kmers; need 68.758 GB to sort    153809488 kmers
Used 486.761 GB / 1511.166 GB to store  98880899185 kmers; need 68.779 GB to sort    153855013 kmers
Used 486.875 GB / 1511.166 GB to store  98906049234 kmers; need 68.792 GB to sort    153885170 kmers
Used 486.978 GB / 1511.166 GB to store  98929102661 kmers; need 68.820 GB to sort    153948596 kmers
Used 487.082 GB / 1511.166 GB to store  98952156062 kmers; need 68.850 GB to sort    154014517 kmers
Used 487.213 GB / 1511.166 GB to store  98981497886 kmers; need 68.850 GB to sort    154014517 kmers
Used 487.327 GB / 1511.166 GB to store  99006647401 kmers; need 68.868 GB to sort    154055658 kmers
Used 487.440 GB / 1511.166 GB to store  99031797331 kmers; need 68.887 GB to sort    154097337 kmers
Used 487.553 GB / 1511.166 GB to store  99056947228 kmers; need 68.904 GB to sort    154134792 kmers
Used 487.667 GB / 1511.166 GB to store  99082097431 kmers; need 68.918 GB to sort    154166131 kmers
Used 487.780 GB / 1511.166 GB to store  99107247341 kmers; need 68.938 GB to sort    154210691 kmers
Used 487.893 GB / 1511.166 GB to store  99132396768 kmers; need 68.951 GB to sort    154240197 kmers
Used 487.997 GB / 1511.166 GB to store  99155451233 kmers; need 68.977 GB to sort    154298852 kmers
Used 488.110 GB / 1511.166 GB to store  99180600678 kmers; need 68.994 GB to sort    154336385 kmers
Used 488.216 GB / 1511.166 GB to store  99203654217 kmers; need 69.019 GB to sort    154391808 kmers
Used 488.329 GB / 1511.166 GB to store  99228802915 kmers; need 69.034 GB to sort    154427112 kmers
Used 488.451 GB / 1511.166 GB to store  99256048265 kmers; need 69.060 GB to sort    154485492 kmers
Used 488.555 GB / 1511.166 GB to store  99279101249 kmers; need 69.081 GB to sort    154532475 kmers
Used 488.678 GB / 1511.166 GB to store  99306347207 kmers; need 69.085 GB to sort    154539817 kmers
Used 488.792 GB / 1511.166 GB to store  99331496324 kmers; need 69.102 GB to sort    154579365 kmers
Used 488.905 GB / 1511.166 GB to store  99356645337 kmers; need 69.123 GB to sort    154624629 kmers
Used 489.037 GB / 1511.166 GB to store  99385985574 kmers; need 69.123 GB to sort    154625252 kmers
Used 489.150 GB / 1511.166 GB to store  99411133746 kmers; need 69.136 GB to sort    154655027 kmers
Used 489.264 GB / 1511.166 GB to store  99436281659 kmers; need 69.149 GB to sort    154684019 kmers
Used 489.368 GB / 1511.166 GB to store  99459333555 kmers; need 69.177 GB to sort    154746544 kmers
Used 489.491 GB / 1511.166 GB to store  99486576866 kmers; need 69.183 GB to sort    154760598 kmers
Used 489.604 GB / 1511.166 GB to store  99511725713 kmers; need 69.198 GB to sort    154793555 kmers
Used 489.707 GB / 1511.166 GB to store  99534778233 kmers; need 69.225 GB to sort    154853960 kmers
Used 489.830 GB / 1511.166 GB to store  99562021893 kmers; need 69.233 GB to sort    154872559 kmers
Used 489.944 GB / 1511.166 GB to store  99587171019 kmers; need 69.252 GB to sort    154915195 kmers
Used 490.057 GB / 1511.166 GB to store  99612319993 kmers; need 69.269 GB to sort    154951742 kmers
Used 490.160 GB / 1511.166 GB to store  99635372564 kmers; need 69.291 GB to sort    155001757 kmers
Used 490.274 GB / 1511.166 GB to store  99660521396 kmers; need 69.305 GB to sort    155032283 kmers
Used 490.377 GB / 1511.166 GB to store  99683574152 kmers; need 69.331 GB to sort    155090122 kmers
Used 490.491 GB / 1511.166 GB to store  99708723754 kmers; need 69.346 GB to sort    155125413 kmers
Used 490.604 GB / 1511.166 GB to store  99733873533 kmers; need 69.365 GB to sort    155167572 kmers
Used 490.719 GB / 1511.166 GB to store  99759023492 kmers; need 69.378 GB to sort    155197037 kmers
Used 490.842 GB / 1511.166 GB to store  99786269528 kmers; need 69.392 GB to sort    155226477 kmers
Used 490.955 GB / 1511.166 GB to store  99811419550 kmers; need 69.410 GB to sort    155267654 kmers
Used 491.058 GB / 1511.166 GB to store  99834473577 kmers; need 69.435 GB to sort    155323550 kmers
Used 491.181 GB / 1511.166 GB to store  99861719176 kmers; need 69.444 GB to sort    155342841 kmers
Used 491.295 GB / 1511.166 GB to store  99886869124 kmers; need 69.459 GB to sort    155377580 kmers
Used 491.389 GB / 1511.166 GB to store  99907827020 kmers; need 69.496 GB to sort    155458932 kmers
Used 491.502 GB / 1511.166 GB to store  99932976452 kmers; need 69.509 GB to sort    155489017 kmers
Used 491.615 GB / 1511.166 GB to store  99958126621 kmers; need 69.538 GB to sort    155553957 kmers
Used 491.739 GB / 1511.166 GB to store  99985371321 kmers; need 69.547 GB to sort    155575115 kmers
Used 491.853 GB / 1511.166 GB to store 100010521079 kmers; need 69.572 GB to sort    155630066 kmers
Used 491.985 GB / 1511.166 GB to store 100039863203 kmers; need 69.572 GB to sort    155630066 kmers
Used 492.079 GB / 1511.166 GB to store 100060821779 kmers; need 69.610 GB to sort    155714886 kmers
Used 492.202 GB / 1511.166 GB to store 100088067881 kmers; need 69.617 GB to sort    155730101 kmers
Used 492.315 GB / 1511.166 GB to store 100113218467 kmers; need 69.642 GB to sort    155787344 kmers
Used 492.438 GB / 1511.166 GB to store 100140464198 kmers; need 69.647 GB to sort    155797978 kmers
Used 492.560 GB / 1511.166 GB to store 100167710522 kmers; need 69.659 GB to sort    155825357 kmers
Used 492.674 GB / 1511.166 GB to store 100192860785 kmers; need 69.677 GB to sort    155864076 kmers
Used 492.777 GB / 1511.166 GB to store 100215915288 kmers; need 69.707 GB to sort    155931435 kmers
Used 492.892 GB / 1511.166 GB to store 100241065093 kmers; need 69.722 GB to sort    155964967 kmers
Used 493.004 GB / 1511.166 GB to store 100266215035 kmers; need 69.734 GB to sort    155993077 kmers
Used 493.118 GB / 1511.166 GB to store 100291365313 kmers; need 69.751 GB to sort    156031145 kmers
Used 493.222 GB / 1511.166 GB to store 100314418911 kmers; need 69.780 GB to sort    156095814 kmers
Used 493.345 GB / 1511.166 GB to store 100341664190 kmers; need 69.791 GB to sort    156120610 kmers
Used 493.458 GB / 1511.166 GB to store 100366815010 kmers; need 69.804 GB to sort    156148436 kmers
Used 493.562 GB / 1511.166 GB to store 100389869182 kmers; need 69.831 GB to sort    156209392 kmers
Used 493.685 GB / 1511.166 GB to store 100417114153 kmers; need 69.834 GB to sort    156217085 kmers
Used 493.798 GB / 1511.166 GB to store 100442263853 kmers; need 69.850 GB to sort    156252767 kmers
Used 493.901 GB / 1511.166 GB to store 100465318474 kmers; need 69.875 GB to sort    156308229 kmers
Used 494.024 GB / 1511.166 GB to store 100492564920 kmers; need 69.881 GB to sort    156321389 kmers
Used 494.128 GB / 1511.166 GB to store 100515618979 kmers; need 69.915 GB to sort    156397378 kmers
Used 494.261 GB / 1511.166 GB to store 100544960676 kmers; need 69.925 GB to sort    156420108 kmers
Used 494.384 GB / 1511.166 GB to store 100572206940 kmers; need 69.930 GB to sort    156431636 kmers
Used 494.497 GB / 1511.166 GB to store 100597357245 kmers; need 69.943 GB to sort    156460406 kmers
Used 494.601 GB / 1511.166 GB to store 100620410967 kmers; need 69.967 GB to sort    156512625 kmers
Used 494.723 GB / 1511.166 GB to store 100647657064 kmers; need 69.977 GB to sort    156536259 kmers
Used 494.828 GB / 1511.166 GB to store 100670711036 kmers; need 70.000 GB to sort    156587481 kmers
Used 494.940 GB / 1511.166 GB to store 100695860923 kmers; need 70.020 GB to sort    156631337 kmers
Used 495.063 GB / 1511.166 GB to store 100723107184 kmers; need 70.031 GB to sort    156657535 kmers
Used 495.175 GB / 1511.166 GB to store 100748257887 kmers; need 70.052 GB to sort    156704476 kmers
Used 495.289 GB / 1511.166 GB to store 100773408398 kmers; need 70.065 GB to sort    156732394 kmers
Used 495.383 GB / 1511.166 GB to store 100794366206 kmers; need 70.099 GB to sort    156808710 kmers
Used 495.488 GB / 1511.166 GB to store 100817420241 kmers; need 70.121 GB to sort    156858565 kmers
Used 495.611 GB / 1511.166 GB to store 100844666543 kmers; need 70.128 GB to sort    156873530 kmers
Used 495.733 GB / 1511.166 GB to store 100871913293 kmers; need 70.144 GB to sort    156909771 kmers
Used 495.856 GB / 1511.166 GB to store 100899159398 kmers; need 70.153 GB to sort    156930275 kmers
Used 495.952 GB / 1511.166 GB to store 100920118093 kmers; need 70.187 GB to sort    157004708 kmers
Used 496.084 GB / 1511.166 GB to store 100949459914 kmers; need 70.187 GB to sort    157004708 kmers
Used 496.187 GB / 1511.166 GB to store 100972514732 kmers; need 70.211 GB to sort    157058466 kmers
Used 496.310 GB / 1511.166 GB to store 100999760878 kmers; need 70.217 GB to sort    157072888 kmers
Used 496.415 GB / 1511.166 GB to store 101022815662 kmers; need 70.245 GB to sort    157136170 kmers
Used 496.537 GB / 1511.166 GB to store 101050061105 kmers; need 70.255 GB to sort    157157961 kmers
Used 496.641 GB / 1511.166 GB to store 101073115623 kmers; need 70.295 GB to sort    157246489 kmers
Used 496.763 GB / 1511.166 GB to store 101100361316 kmers; need 70.302 GB to sort    157261958 kmers
Used 496.886 GB / 1511.166 GB to store 101127607834 kmers; need 70.307 GB to sort    157274772 kmers
Used 497.000 GB / 1511.166 GB to store 101152757893 kmers; need 70.324 GB to sort    157311067 kmers
Used 497.095 GB / 1511.166 GB to store 101173715933 kmers; need 70.355 GB to sort    157380393 kmers
Used 497.217 GB / 1511.166 GB to store 101200961790 kmers; need 70.362 GB to sort    157396369 kmers
Used 497.331 GB / 1511.166 GB to store 101226112256 kmers; need 70.378 GB to sort    157431894 kmers
Used 497.453 GB / 1511.166 GB to store 101253357535 kmers; need 70.396 GB to sort    157474237 kmers
Used 497.567 GB / 1511.166 GB to store 101278507756 kmers; need 70.412 GB to sort    157509775 kmers
Used 497.680 GB / 1511.166 GB to store 101303658095 kmers; need 70.440 GB to sort    157570506 kmers
Used 497.812 GB / 1511.166 GB to store 101332999692 kmers; need 70.440 GB to sort    157570506 kmers
Used 497.925 GB / 1511.166 GB to store 101358150273 kmers; need 70.460 GB to sort    157615408 kmers
Used 498.049 GB / 1511.166 GB to store 101385396377 kmers; need 70.469 GB to sort    157635982 kmers
Used 498.152 GB / 1511.166 GB to store 101408450829 kmers; need 70.490 GB to sort    157683835 kmers
Used 498.265 GB / 1511.166 GB to store 101433600932 kmers; need 70.510 GB to sort    157728888 kmers
Used 498.388 GB / 1511.166 GB to store 101460846259 kmers; need 70.519 GB to sort    157748596 kmers
Used 498.501 GB / 1511.166 GB to store 101485995961 kmers; need 70.539 GB to sort    157792400 kmers
Used 498.624 GB / 1511.166 GB to store 101513241086 kmers; need 70.558 GB to sort    157834915 kmers
Used 498.728 GB / 1511.166 GB to store 101536295129 kmers; need 70.581 GB to sort    157886085 kmers
Used 498.841 GB / 1511.166 GB to store 101561445148 kmers; need 70.593 GB to sort    157913149 kmers
Used 498.965 GB / 1511.166 GB to store 101588692177 kmers; need 70.612 GB to sort    157956583 kmers
Used 499.078 GB / 1511.166 GB to store 101613841910 kmers; need 70.646 GB to sort    158032134 kmers
Used 499.210 GB / 1511.166 GB to store 101643183879 kmers; need 70.646 GB to sort    158032134 kmers
Used 499.324 GB / 1511.166 GB to store 101668333401 kmers; need 70.663 GB to sort    158070465 kmers
Used 499.436 GB / 1511.166 GB to store 101693483173 kmers; need 70.677 GB to sort    158102759 kmers
Used 499.550 GB / 1511.166 GB to store 101718633043 kmers; need 70.695 GB to sort    158140987 kmers
Used 499.663 GB / 1511.166 GB to store 101743783367 kmers; need 70.709 GB to sort    158173813 kmers
Used 499.776 GB / 1511.166 GB to store 101768933489 kmers; need 70.730 GB to sort    158220072 kmers
Used 499.889 GB / 1511.166 GB to store 101794083749 kmers; need 70.749 GB to sort    158263092 kmers
Used 500.003 GB / 1511.166 GB to store 101819233866 kmers; need 70.764 GB to sort    158296791 kmers
Used 500.117 GB / 1511.166 GB to store 101844383764 kmers; need 70.778 GB to sort    158327609 kmers
Used 500.230 GB / 1511.166 GB to store 101869533690 kmers; need 70.797 GB to sort    158369572 kmers
Used 500.343 GB / 1511.166 GB to store 101894683196 kmers; need 70.811 GB to sort    158401354 kmers
Used 500.457 GB / 1511.166 GB to store 101919833057 kmers; need 70.825 GB to sort    158433761 kmers
Used 500.570 GB / 1511.166 GB to store 101944983440 kmers; need 70.838 GB to sort    158461851 kmers
Used 500.674 GB / 1511.166 GB to store 101968037673 kmers; need 70.859 GB to sort    158509053 kmers
Used 500.788 GB / 1511.166 GB to store 101993187355 kmers; need 70.871 GB to sort    158535408 kmers
Used 500.901 GB / 1511.166 GB to store 102018337085 kmers; need 70.889 GB to sort    158576199 kmers
Used 501.004 GB / 1511.166 GB to store 102041391718 kmers; need 70.917 GB to sort    158639397 kmers
Used 501.119 GB / 1511.166 GB to store 102066541287 kmers; need 70.930 GB to sort    158666941 kmers
Used 501.232 GB / 1511.166 GB to store 102091691131 kmers; need 70.955 GB to sort    158722532 kmers
Used 501.355 GB / 1511.166 GB to store 102118936635 kmers; need 70.964 GB to sort    158744503 kmers
Used 501.468 GB / 1511.166 GB to store 102144086492 kmers; need 70.983 GB to sort    158786616 kmers
Used 501.582 GB / 1511.166 GB to store 102169235712 kmers; need 71.006 GB to sort    158836629 kmers
Used 501.704 GB / 1511.166 GB to store 102196480883 kmers; need 71.015 GB to sort    158858457 kmers
Used 501.807 GB / 1511.166 GB to store 102219535569 kmers; need 71.037 GB to sort    158908005 kmers
Used 501.930 GB / 1511.166 GB to store 102246781072 kmers; need 71.047 GB to sort    158929228 kmers
Used 502.034 GB / 1511.166 GB to store 102269834756 kmers; need 71.069 GB to sort    158978776 kmers
Used 502.138 GB / 1511.166 GB to store 102292889231 kmers; need 71.092 GB to sort    159029076 kmers
Used 502.261 GB / 1511.166 GB to store 102320135046 kmers; need 71.103 GB to sort    159053962 kmers
Used 502.374 GB / 1511.166 GB to store 102345284171 kmers; need 71.115 GB to sort    159081621 kmers
Used 502.487 GB / 1511.166 GB to store 102370433794 kmers; need 71.135 GB to sort    159126480 kmers
Used 502.600 GB / 1511.166 GB to store 102395583857 kmers; need 71.149 GB to sort    159157274 kmers
Used 502.704 GB / 1511.166 GB to store 102418638987 kmers; need 71.169 GB to sort    159202995 kmers
Used 502.818 GB / 1511.166 GB to store 102443789275 kmers; need 71.187 GB to sort    159241942 kmers
Used 502.931 GB / 1511.166 GB to store 102468939179 kmers; need 71.205 GB to sort    159283141 kmers
Used 503.045 GB / 1511.166 GB to store 102494089255 kmers; need 71.219 GB to sort    159314371 kmers
Used 503.158 GB / 1511.166 GB to store 102519239375 kmers; need 71.235 GB to sort    159349747 kmers
Used 503.262 GB / 1511.166 GB to store 102542293265 kmers; need 71.257 GB to sort    159399210 kmers
Used 503.375 GB / 1511.166 GB to store 102567442642 kmers; need 71.269 GB to sort    159426210 kmers
Used 503.488 GB / 1511.166 GB to store 102592591227 kmers; need 71.286 GB to sort    159463216 kmers
Used 503.602 GB / 1511.166 GB to store 102617742024 kmers; need 71.297 GB to sort    159489350 kmers
Used 503.705 GB / 1511.166 GB to store 102640796013 kmers; need 71.319 GB to sort    159538253 kmers
Used 503.820 GB / 1511.166 GB to store 102665945728 kmers; need 71.336 GB to sort    159576845 kmers
Used 503.941 GB / 1511.166 GB to store 102693191311 kmers; need 71.349 GB to sort    159605368 kmers
Used 504.054 GB / 1511.166 GB to store 102718340815 kmers; need 71.368 GB to sort    159646469 kmers
Used 504.178 GB / 1511.166 GB to store 102745585905 kmers; need 71.377 GB to sort    159667008 kmers
Used 504.281 GB / 1511.166 GB to store 102768639250 kmers; need 71.407 GB to sort    159733883 kmers
Used 504.386 GB / 1511.166 GB to store 102791692487 kmers; need 71.430 GB to sort    159786366 kmers
Used 504.517 GB / 1511.166 GB to store 102821033494 kmers; need 71.439 GB to sort    159805903 kmers
Used 504.630 GB / 1511.166 GB to store 102846183453 kmers; need 71.460 GB to sort    159852353 kmers
Used 504.744 GB / 1511.166 GB to store 102871332917 kmers; need 71.472 GB to sort    159879642 kmers
Used 504.858 GB / 1511.166 GB to store 102896482326 kmers; need 71.490 GB to sort    159920058 kmers
Used 504.971 GB / 1511.166 GB to store 102921631392 kmers; need 71.510 GB to sort    159965245 kmers
Used 505.084 GB / 1511.166 GB to store 102946780587 kmers; need 71.523 GB to sort    159993367 kmers
Used 505.188 GB / 1511.166 GB to store 102969834398 kmers; need 71.546 GB to sort    160044871 kmers
Used 505.312 GB / 1511.166 GB to store 102997079924 kmers; need 71.555 GB to sort    160065002 kmers
Used 505.424 GB / 1511.166 GB to store 103022230326 kmers; need 71.569 GB to sort    160096381 kmers
Used 505.528 GB / 1511.166 GB to store 103045284055 kmers; need 71.594 GB to sort    160152763 kmers
Used 505.650 GB / 1511.166 GB to store 103072529681 kmers; need 71.603 GB to sort    160172701 kmers
Used 505.763 GB / 1511.166 GB to store 103097678605 kmers; need 71.630 GB to sort    160232485 kmers
Used 505.878 GB / 1511.166 GB to store 103122827590 kmers; need 71.645 GB to sort    160267026 kmers
Used 506.001 GB / 1511.166 GB to store 103150072761 kmers; need 71.654 GB to sort    160287199 kmers
Used 506.104 GB / 1511.166 GB to store 103173125670 kmers; need 71.677 GB to sort    160338375 kmers
Used 506.208 GB / 1511.166 GB to store 103196179407 kmers; need 71.700 GB to sort    160390427 kmers
Used 506.321 GB / 1511.166 GB to store 103221329586 kmers; need 71.717 GB to sort    160428576 kmers
Used 506.435 GB / 1511.166 GB to store 103246479452 kmers; need 71.732 GB to sort    160460870 kmers
Used 506.548 GB / 1511.166 GB to store 103271628914 kmers; need 71.747 GB to sort    160496186 kmers
Used 506.652 GB / 1511.166 GB to store 103294682113 kmers; need 71.771 GB to sort    160548976 kmers
Used 506.774 GB / 1511.166 GB to store 103321926529 kmers; need 71.777 GB to sort    160561680 kmers
Used 506.888 GB / 1511.166 GB to store 103347075781 kmers; need 71.796 GB to sort    160605007 kmers
Used 507.000 GB / 1511.166 GB to store 103372225037 kmers; need 71.816 GB to sort    160649920 kmers
Used 507.114 GB / 1511.166 GB to store 103397374039 kmers; need 71.831 GB to sort    160683219 kmers
Used 507.227 GB / 1511.166 GB to store 103422523298 kmers; need 71.849 GB to sort    160723892 kmers
Used 507.342 GB / 1511.166 GB to store 103447672909 kmers; need 71.864 GB to sort    160756508 kmers
Used 507.464 GB / 1511.166 GB to store 103474918258 kmers; need 71.869 GB to sort    160768182 kmers
Used 507.567 GB / 1511.166 GB to store 103497971391 kmers; need 71.906 GB to sort    160850745 kmers
Used 507.690 GB / 1511.166 GB to store 103525216708 kmers; need 71.914 GB to sort    160869339 kmers
Used 507.803 GB / 1511.166 GB to store 103550365553 kmers; need 71.931 GB to sort    160906186 kmers
Used 507.926 GB / 1511.166 GB to store 103577610531 kmers; need 71.948 GB to sort    160943850 kmers
Used 508.039 GB / 1511.166 GB to store 103602759819 kmers; need 71.960 GB to sort    160970735 kmers
Used 508.154 GB / 1511.166 GB to store 103627908353 kmers; need 71.990 GB to sort    161038152 kmers
Used 508.276 GB / 1511.166 GB to store 103655152134 kmers; need 72.005 GB to sort    161071491 kmers
Used 508.390 GB / 1511.166 GB to store 103680300216 kmers; need 72.028 GB to sort    161124251 kmers
Used 508.504 GB / 1511.166 GB to store 103705448795 kmers; need 72.047 GB to sort    161167477 kmers
Used 508.617 GB / 1511.166 GB to store 103730597668 kmers; need 72.067 GB to sort    161210928 kmers
Used 508.739 GB / 1511.166 GB to store 103757841519 kmers; need 72.074 GB to sort    161226925 kmers
Used 508.852 GB / 1511.166 GB to store 103782989609 kmers; need 72.095 GB to sort    161274233 kmers
Used 508.967 GB / 1511.166 GB to store 103808138865 kmers; need 72.115 GB to sort    161318077 kmers
Used 509.090 GB / 1511.166 GB to store 103835384861 kmers; need 72.125 GB to sort    161340331 kmers
Used 509.202 GB / 1511.166 GB to store 103860535078 kmers; need 72.141 GB to sort    161376736 kmers
Used 509.297 GB / 1511.166 GB to store 103881493472 kmers; need 72.174 GB to sort    161449766 kmers
Used 509.410 GB / 1511.166 GB to store 103906644249 kmers; need 72.185 GB to sort    161475636 kmers
Used 509.523 GB / 1511.166 GB to store 103931795066 kmers; need 72.198 GB to sort    161504691 kmers
Used 509.647 GB / 1511.166 GB to store 103959041451 kmers; need 72.211 GB to sort    161532722 kmers
Used 509.750 GB / 1511.166 GB to store 103982096069 kmers; need 72.237 GB to sort    161592373 kmers
Used 509.874 GB / 1511.166 GB to store 104009342424 kmers; need 72.242 GB to sort    161601944 kmers
Used 509.987 GB / 1511.166 GB to store 104034492729 kmers; need 72.258 GB to sort    161639500 kmers
Used 510.098 GB / 1511.166 GB to store 104059643682 kmers; need 72.281 GB to sort    161690018 kmers
Used 510.203 GB / 1511.166 GB to store 104082698549 kmers; need 72.308 GB to sort    161749818 kmers
Used 510.326 GB / 1511.166 GB to store 104109945377 kmers; need 72.316 GB to sort    161767383 kmers
Used 510.429 GB / 1511.166 GB to store 104132999759 kmers; need 72.343 GB to sort    161829277 kmers
Used 510.542 GB / 1511.166 GB to store 104158150513 kmers; need 72.357 GB to sort    161860566 kmers
Used 510.656 GB / 1511.166 GB to store 104183302043 kmers; need 72.369 GB to sort    161886418 kmers
Used 510.760 GB / 1511.166 GB to store 104206356337 kmers; need 72.390 GB to sort    161934551 kmers
Used 510.855 GB / 1511.166 GB to store 104227315232 kmers; need 72.437 GB to sort    162038873 kmers
Used 510.977 GB / 1511.166 GB to store 104254561821 kmers; need 72.445 GB to sort    162056022 kmers
Used 511.081 GB / 1511.166 GB to store 104277616681 kmers; need 72.468 GB to sort    162108361 kmers
Used 511.204 GB / 1511.166 GB to store 104304863591 kmers; need 72.472 GB to sort    162117213 kmers
Used 511.318 GB / 1511.166 GB to store 104330014039 kmers; need 72.489 GB to sort    162154210 kmers
Used 511.431 GB / 1511.166 GB to store 104355165331 kmers; need 72.503 GB to sort    162186629 kmers
Used 511.544 GB / 1511.166 GB to store 104380315914 kmers; need 72.516 GB to sort    162216425 kmers
Used 511.639 GB / 1511.166 GB to store 104401275170 kmers; need 72.547 GB to sort    162285255 kmers
Used 511.762 GB / 1511.166 GB to store 104428521814 kmers; need 72.549 GB to sort    162290475 kmers
Used 511.874 GB / 1511.166 GB to store 104453672059 kmers; need 72.566 GB to sort    162328106 kmers
Used 511.989 GB / 1511.166 GB to store 104478822668 kmers; need 72.587 GB to sort    162373298 kmers
Used 512.093 GB / 1511.166 GB to store 104501876683 kmers; need 72.612 GB to sort    162430538 kmers
Used 512.206 GB / 1511.166 GB to store 104527027411 kmers; need 72.626 GB to sort    162462076 kmers
Used 512.328 GB / 1511.166 GB to store 104554274573 kmers; need 72.643 GB to sort    162499679 kmers
Used 512.423 GB / 1511.166 GB to store 104575233475 kmers; need 72.679 GB to sort    162579346 kmers
Used 512.545 GB / 1511.166 GB to store 104602480283 kmers; need 72.686 GB to sort    162594973 kmers
Used 512.660 GB / 1511.166 GB to store 104627630979 kmers; need 72.700 GB to sort    162627801 kmers
Used 512.763 GB / 1511.166 GB to store 104650685562 kmers; need 72.723 GB to sort    162678563 kmers
Used 512.886 GB / 1511.166 GB to store 104677932861 kmers; need 72.733 GB to sort    162701814 kmers
Used 512.999 GB / 1511.166 GB to store 104703083451 kmers; need 72.755 GB to sort    162750175 kmers
Used 513.112 GB / 1511.166 GB to store 104728234530 kmers; need 72.773 GB to sort    162791052 kmers
Used 513.217 GB / 1511.166 GB to store 104751289196 kmers; need 72.796 GB to sort    162842434 kmers
Used 513.331 GB / 1511.166 GB to store 104776440886 kmers; need 72.810 GB to sort    162873522 kmers
Used 513.443 GB / 1511.166 GB to store 104801592613 kmers; need 72.827 GB to sort    162911382 kmers
Used 513.566 GB / 1511.166 GB to store 104828839913 kmers; need 72.835 GB to sort    162930251 kmers
Used 513.670 GB / 1511.166 GB to store 104851894690 kmers; need 72.859 GB to sort    162982467 kmers
Used 513.784 GB / 1511.166 GB to store 104877045597 kmers; need 72.871 GB to sort    163010421 kmers
Used 513.906 GB / 1511.166 GB to store 104904292595 kmers; need 72.882 GB to sort    163035018 kmers
Used 514.010 GB / 1511.166 GB to store 104927347805 kmers; need 72.910 GB to sort    163095956 kmers
Used 514.124 GB / 1511.166 GB to store 104952498165 kmers; need 72.923 GB to sort    163126265 kmers
Used 514.237 GB / 1511.166 GB to store 104977648912 kmers; need 72.953 GB to sort    163192597 kmers
Used 514.360 GB / 1511.166 GB to store 105004895975 kmers; need 72.964 GB to sort    163218765 kmers
Used 514.474 GB / 1511.166 GB to store 105030046513 kmers; need 72.984 GB to sort    163261514 kmers
Used 514.587 GB / 1511.166 GB to store 105055197569 kmers; need 73.001 GB to sort    163299464 kmers
Used 514.700 GB / 1511.166 GB to store 105080348340 kmers; need 73.016 GB to sort    163334287 kmers
Used 514.804 GB / 1511.166 GB to store 105103403395 kmers; need 73.039 GB to sort    163385502 kmers
Used 514.925 GB / 1511.166 GB to store 105130650775 kmers; need 73.050 GB to sort    163411178 kmers
Used 515.040 GB / 1511.166 GB to store 105155801373 kmers; need 73.064 GB to sort    163441610 kmers
Used 515.153 GB / 1511.166 GB to store 105180952134 kmers; need 73.079 GB to sort    163475641 kmers
Used 515.267 GB / 1511.166 GB to store 105206103443 kmers; need 73.098 GB to sort    163518544 kmers
Used 515.380 GB / 1511.166 GB to store 105231254356 kmers; need 73.116 GB to sort    163556612 kmers
Used 515.502 GB / 1511.166 GB to store 105258501159 kmers; need 73.127 GB to sort    163582949 kmers
Used 515.606 GB / 1511.166 GB to store 105281556039 kmers; need 73.151 GB to sort    163636976 kmers
Used 515.730 GB / 1511.166 GB to store 105308803187 kmers; need 73.160 GB to sort    163656437 kmers
Used 515.843 GB / 1511.166 GB to store 105333954642 kmers; need 73.180 GB to sort    163701201 kmers
Used 515.955 GB / 1511.166 GB to store 105359106040 kmers; need 73.194 GB to sort    163731547 kmers
Used 516.069 GB / 1511.166 GB to store 105384257349 kmers; need 73.207 GB to sort    163762257 kmers
Used 516.182 GB / 1511.166 GB to store 105409408414 kmers; need 73.236 GB to sort    163825059 kmers
Used 516.295 GB / 1511.166 GB to store 105434559026 kmers; need 73.253 GB to sort    163864767 kmers
Used 516.419 GB / 1511.166 GB to store 105461805972 kmers; need 73.258 GB to sort    163875062 kmers
Used 516.523 GB / 1511.166 GB to store 105484861118 kmers; need 73.287 GB to sort    163940988 kmers
Used 516.647 GB / 1511.166 GB to store 105512107665 kmers; need 73.296 GB to sort    163961142 kmers
Used 516.759 GB / 1511.166 GB to store 105537258317 kmers; need 73.333 GB to sort    164043572 kmers
Used 516.881 GB / 1511.166 GB to store 105564505367 kmers; need 73.346 GB to sort    164072252 kmers
Used 517.004 GB / 1511.166 GB to store 105591751606 kmers; need 73.355 GB to sort    164091778 kmers
Used 517.108 GB / 1511.166 GB to store 105614806082 kmers; need 73.382 GB to sort    164152631 kmers
Used 517.230 GB / 1511.166 GB to store 105642052841 kmers; need 73.389 GB to sort    164168335 kmers
Used 517.325 GB / 1511.166 GB to store 105663011577 kmers; need 73.421 GB to sort    164239057 kmers
Used 517.448 GB / 1511.166 GB to store 105690257173 kmers; need 73.427 GB to sort    164254365 kmers
Used 517.552 GB / 1511.166 GB to store 105713311714 kmers; need 73.455 GB to sort    164315419 kmers
Used 517.674 GB / 1511.166 GB to store 105740557548 kmers; need 73.464 GB to sort    164337128 kmers
Used 517.788 GB / 1511.166 GB to store 105765708523 kmers; need 73.482 GB to sort    164376030 kmers
Used 517.901 GB / 1511.166 GB to store 105790858780 kmers; need 73.498 GB to sort    164411247 kmers
Used 518.015 GB / 1511.166 GB to store 105816009021 kmers; need 73.512 GB to sort    164444516 kmers
Used 518.128 GB / 1511.166 GB to store 105841160320 kmers; need 73.531 GB to sort    164486752 kmers
Used 518.242 GB / 1511.166 GB to store 105866310803 kmers; need 73.546 GB to sort    164519102 kmers
Used 518.355 GB / 1511.166 GB to store 105891461341 kmers; need 73.566 GB to sort    164563619 kmers
Used 518.469 GB / 1511.166 GB to store 105916612272 kmers; need 73.579 GB to sort    164593899 kmers
Used 518.572 GB / 1511.166 GB to store 105939667058 kmers; need 73.601 GB to sort    164642922 kmers
Used 518.686 GB / 1511.166 GB to store 105964818034 kmers; need 73.618 GB to sort    164680762 kmers
Used 518.799 GB / 1511.166 GB to store 105989969183 kmers; need 73.636 GB to sort    164721668 kmers
Used 518.913 GB / 1511.166 GB to store 106015120053 kmers; need 73.651 GB to sort    164753499 kmers
Used 519.035 GB / 1511.166 GB to store 106042365803 kmers; need 73.661 GB to sort    164776590 kmers
Used 519.121 GB / 1511.166 GB to store 106061229178 kmers; need 73.702 GB to sort    164867935 kmers
Used 519.233 GB / 1511.166 GB to store 106086379498 kmers; need 73.717 GB to sort    164901118 kmers
Used 519.357 GB / 1511.166 GB to store 106113626521 kmers; need 73.722 GB to sort    164913477 kmers
Used 519.471 GB / 1511.166 GB to store 106138776760 kmers; need 73.740 GB to sort    164954646 kmers
Used 519.592 GB / 1511.166 GB to store 106166023946 kmers; need 73.757 GB to sort    164991847 kmers
Used 519.706 GB / 1511.166 GB to store 106191174913 kmers; need 73.776 GB to sort    165033419 kmers
Used 519.829 GB / 1511.166 GB to store 106218422038 kmers; need 73.789 GB to sort    165063426 kmers
Used 519.932 GB / 1511.166 GB to store 106241476807 kmers; need 73.811 GB to sort    165113380 kmers
Used 520.046 GB / 1511.166 GB to store 106266627479 kmers; need 73.825 GB to sort    165143743 kmers
Used 520.159 GB / 1511.166 GB to store 106291778364 kmers; need 73.838 GB to sort    165171693 kmers
Used 520.263 GB / 1511.166 GB to store 106314833504 kmers; need 73.860 GB to sort    165221076 kmers
Used 520.376 GB / 1511.166 GB to store 106339983971 kmers; need 73.872 GB to sort    165249935 kmers
Used 520.490 GB / 1511.166 GB to store 106365135409 kmers; need 73.885 GB to sort    165278064 kmers
Used 520.595 GB / 1511.166 GB to store 106388191315 kmers; need 73.912 GB to sort    165338331 kmers
Used 520.716 GB / 1511.166 GB to store 106415437478 kmers; need 73.923 GB to sort    165362639 kmers
Used 520.830 GB / 1511.166 GB to store 106440587621 kmers; need 73.944 GB to sort    165409075 kmers
Used 520.943 GB / 1511.166 GB to store 106465738511 kmers; need 73.959 GB to sort    165442457 kmers
Used 521.065 GB / 1511.166 GB to store 106492984465 kmers; need 73.970 GB to sort    165468612 kmers
Used 521.179 GB / 1511.166 GB to store 106518134453 kmers; need 73.986 GB to sort    165503359 kmers
Used 521.292 GB / 1511.166 GB to store 106543284595 kmers; need 74.005 GB to sort    165545881 kmers
Used 521.396 GB / 1511.166 GB to store 106566339928 kmers; need 74.028 GB to sort    165598825 kmers
Used 521.519 GB / 1511.166 GB to store 106593586401 kmers; need 74.040 GB to sort    165625609 kmers
Used 521.633 GB / 1511.166 GB to store 106618736990 kmers; need 74.054 GB to sort    165655670 kmers
Used 521.746 GB / 1511.166 GB to store 106643887890 kmers; need 74.072 GB to sort    165696792 kmers
Used 521.850 GB / 1511.166 GB to store 106666943007 kmers; need 74.099 GB to sort    165757163 kmers
Used 521.963 GB / 1511.166 GB to store 106692092993 kmers; need 74.116 GB to sort    165795414 kmers
Used 522.086 GB / 1511.166 GB to store 106719339272 kmers; need 74.122 GB to sort    165808279 kmers
Used 522.199 GB / 1511.166 GB to store 106744489800 kmers; need 74.143 GB to sort    165855450 kmers
Used 522.322 GB / 1511.166 GB to store 106771737468 kmers; need 74.169 GB to sort    165914198 kmers
Used 522.436 GB / 1511.166 GB to store 106796887732 kmers; need 74.184 GB to sort    165947498 kmers
Used 522.558 GB / 1511.166 GB to store 106824133761 kmers; need 74.197 GB to sort    165975011 kmers
Used 522.670 GB / 1511.166 GB to store 106849284765 kmers; need 74.210 GB to sort    166005568 kmers
Used 522.776 GB / 1511.166 GB to store 106872339281 kmers; need 74.231 GB to sort    166050957 kmers
Used 522.899 GB / 1511.166 GB to store 106899585350 kmers; need 74.240 GB to sort    166072324 kmers
Used 523.001 GB / 1511.166 GB to store 106922640162 kmers; need 74.263 GB to sort    166124556 kmers
Used 523.105 GB / 1511.166 GB to store 106945694912 kmers; need 74.286 GB to sort    166174133 kmers
Used 523.219 GB / 1511.166 GB to store 106970844426 kmers; need 74.297 GB to sort    166199726 kmers
Used 523.332 GB / 1511.166 GB to store 106995994374 kmers; need 74.311 GB to sort    166230980 kmers
Used 523.445 GB / 1511.166 GB to store 107021144149 kmers; need 74.329 GB to sort    166271504 kmers
Used 523.568 GB / 1511.166 GB to store 107048390285 kmers; need 74.338 GB to sort    166291739 kmers
Used 523.682 GB / 1511.166 GB to store 107073540633 kmers; need 74.351 GB to sort    166319443 kmers
Used 523.795 GB / 1511.166 GB to store 107098691015 kmers; need 74.370 GB to sort    166362242 kmers
Used 523.908 GB / 1511.166 GB to store 107123841194 kmers; need 74.387 GB to sort    166399820 kmers
Used 524.013 GB / 1511.166 GB to store 107146895446 kmers; need 74.410 GB to sort    166452817 kmers
Used 524.136 GB / 1511.166 GB to store 107174141091 kmers; need 74.421 GB to sort    166476929 kmers
Used 524.249 GB / 1511.166 GB to store 107199291378 kmers; need 74.451 GB to sort    166543498 kmers
Used 524.372 GB / 1511.166 GB to store 107226536912 kmers; need 74.463 GB to sort    166571595 kmers
Used 524.494 GB / 1511.166 GB to store 107253781874 kmers; need 74.468 GB to sort    166581142 kmers
Used 524.598 GB / 1511.166 GB to store 107276836688 kmers; need 74.498 GB to sort    166648390 kmers
Used 524.711 GB / 1511.166 GB to store 107301986592 kmers; need 74.513 GB to sort    166683864 kmers
Used 524.825 GB / 1511.166 GB to store 107327136772 kmers; need 74.545 GB to sort    166753755 kmers
Used 524.938 GB / 1511.166 GB to store 107352287191 kmers; need 74.565 GB to sort    166799292 kmers
Used 525.051 GB / 1511.166 GB to store 107377436455 kmers; need 74.580 GB to sort    166833175 kmers
Used 525.164 GB / 1511.166 GB to store 107402585522 kmers; need 74.598 GB to sort    166873470 kmers
Used 525.286 GB / 1511.166 GB to store 107429831827 kmers; need 74.604 GB to sort    166886160 kmers
Used 525.382 GB / 1511.166 GB to store 107450790295 kmers; need 74.635 GB to sort    166955794 kmers
Used 525.495 GB / 1511.166 GB to store 107475939870 kmers; need 74.650 GB to sort    166988609 kmers
Used 525.599 GB / 1511.166 GB to store 107498994205 kmers; need 74.674 GB to sort    167041940 kmers
Used 525.722 GB / 1511.166 GB to store 107526240953 kmers; need 74.681 GB to sort    167057553 kmers
Used 525.826 GB / 1511.166 GB to store 107549295757 kmers; need 74.704 GB to sort    167110232 kmers
Used 525.939 GB / 1511.166 GB to store 107574445678 kmers; need 74.724 GB to sort    167154791 kmers
Used 526.071 GB / 1511.166 GB to store 107603787774 kmers; need 74.730 GB to sort    167168457 kmers
Used 526.165 GB / 1511.166 GB to store 107624745957 kmers; need 74.765 GB to sort    167245557 kmers
Used 526.288 GB / 1511.166 GB to store 107651991501 kmers; need 74.777 GB to sort    167274055 kmers
Used 526.401 GB / 1511.166 GB to store 107677141628 kmers; need 74.809 GB to sort    167345579 kmers
Used 526.533 GB / 1511.166 GB to store 107706483467 kmers; need 74.809 GB to sort    167345579 kmers
Used 526.647 GB / 1511.166 GB to store 107731633645 kmers; need 74.828 GB to sort    167387480 kmers
Used 526.752 GB / 1511.166 GB to store 107754686932 kmers; need 74.860 GB to sort    167458419 kmers
Used 526.883 GB / 1511.166 GB to store 107784028041 kmers; need 74.861 GB to sort    167460651 kmers
Used 526.996 GB / 1511.166 GB to store 107809178287 kmers; need 74.882 GB to sort    167507323 kmers
Used 527.099 GB / 1511.166 GB to store 107832231962 kmers; need 74.907 GB to sort    167563202 kmers
Used 527.224 GB / 1511.166 GB to store 107859477289 kmers; need 74.916 GB to sort    167585139 kmers
Used 527.317 GB / 1511.166 GB to store 107880435693 kmers; need 74.953 GB to sort    167666993 kmers
Used 527.450 GB / 1511.166 GB to store 107909776741 kmers; need 74.953 GB to sort    167666993 kmers
Used 527.553 GB / 1511.166 GB to store 107932831018 kmers; need 74.986 GB to sort    167740218 kmers
Used 527.666 GB / 1511.166 GB to store 107957980423 kmers; need 74.999 GB to sort    167770641 kmers
Used 527.780 GB / 1511.166 GB to store 107983129372 kmers; need 75.029 GB to sort    167837638 kmers
Used 527.893 GB / 1511.166 GB to store 108008279655 kmers; need 75.042 GB to sort    167866451 kmers
Used 528.006 GB / 1511.166 GB to store 108033427947 kmers; need 75.055 GB to sort    167896254 kmers
Used 528.120 GB / 1511.166 GB to store 108058577075 kmers; need 75.075 GB to sort    167940557 kmers
Used 528.233 GB / 1511.166 GB to store 108083726737 kmers; need 75.096 GB to sort    167986925 kmers
Used 528.355 GB / 1511.166 GB to store 108110971185 kmers; need 75.108 GB to sort    168014556 kmers
Used 528.460 GB / 1511.166 GB to store 108134024704 kmers; need 75.130 GB to sort    168063833 kmers
Used 528.563 GB / 1511.166 GB to store 108157078317 kmers; need 75.161 GB to sort    168131668 kmers
Used 528.686 GB / 1511.166 GB to store 108184323652 kmers; need 75.172 GB to sort    168157520 kmers
Used 528.808 GB / 1511.166 GB to store 108211568563 kmers; need 75.183 GB to sort    168182185 kmers
Used 528.913 GB / 1511.166 GB to store 108234622078 kmers; need 75.204 GB to sort    168228570 kmers
Used 529.025 GB / 1511.166 GB to store 108259770966 kmers; need 75.218 GB to sort    168260903 kmers
Used 529.139 GB / 1511.166 GB to store 108284920476 kmers; need 75.236 GB to sort    168300505 kmers
Used 529.262 GB / 1511.166 GB to store 108312165555 kmers; need 75.248 GB to sort    168326425 kmers
Used 529.366 GB / 1511.166 GB to store 108335219461 kmers; need 75.278 GB to sort    168393420 kmers
Used 529.480 GB / 1511.166 GB to store 108360369083 kmers; need 75.290 GB to sort    168421583 kmers
Used 529.603 GB / 1511.166 GB to store 108387614800 kmers; need 75.295 GB to sort    168431092 kmers
Used 529.706 GB / 1511.166 GB to store 108410669432 kmers; need 75.319 GB to sort    168485513 kmers
Used 529.820 GB / 1511.166 GB to store 108435819488 kmers; need 75.330 GB to sort    168511366 kmers
Used 529.924 GB / 1511.166 GB to store 108458873865 kmers; need 75.356 GB to sort    168568619 kmers
Used 530.046 GB / 1511.166 GB to store 108486119290 kmers; need 75.368 GB to sort    168594679 kmers
Used 530.160 GB / 1511.166 GB to store 108511268786 kmers; need 75.388 GB to sort    168639046 kmers
Used 530.263 GB / 1511.166 GB to store 108534322079 kmers; need 75.416 GB to sort    168701674 kmers
Used 530.386 GB / 1511.166 GB to store 108561568239 kmers; need 75.423 GB to sort    168717711 kmers
Used 530.491 GB / 1511.166 GB to store 108584621972 kmers; need 75.443 GB to sort    168764195 kmers
Used 530.605 GB / 1511.166 GB to store 108609772347 kmers; need 75.457 GB to sort    168795002 kmers
Used 530.718 GB / 1511.166 GB to store 108634923158 kmers; need 75.469 GB to sort    168821783 kmers
Used 530.830 GB / 1511.166 GB to store 108660073634 kmers; need 75.483 GB to sort    168853190 kmers
Used 530.944 GB / 1511.166 GB to store 108685224374 kmers; need 75.500 GB to sort    168890208 kmers
Used 531.047 GB / 1511.166 GB to store 108708279837 kmers; need 75.524 GB to sort    168943764 kmers
Used 531.161 GB / 1511.166 GB to store 108733430394 kmers; need 75.537 GB to sort    168974273 kmers
Used 531.275 GB / 1511.166 GB to store 108758580074 kmers; need 75.555 GB to sort    169013169 kmers
Used 531.377 GB / 1511.166 GB to store 108781634024 kmers; need 75.582 GB to sort    169073147 kmers
Used 531.491 GB / 1511.166 GB to store 108806784108 kmers; need 75.598 GB to sort    169110171 kmers
Used 531.614 GB / 1511.166 GB to store 108834030831 kmers; need 75.607 GB to sort    169128920 kmers
Used 531.727 GB / 1511.166 GB to store 108859180407 kmers; need 75.623 GB to sort    169165013 kmers
Used 531.841 GB / 1511.166 GB to store 108884330616 kmers; need 75.637 GB to sort    169197720 kmers
Used 531.954 GB / 1511.166 GB to store 108909481564 kmers; need 75.667 GB to sort    169264217 kmers
Used 532.067 GB / 1511.166 GB to store 108934632774 kmers; need 75.684 GB to sort    169302233 kmers
Used 532.190 GB / 1511.166 GB to store 108961879005 kmers; need 75.694 GB to sort    169325166 kmers
Used 532.314 GB / 1511.166 GB to store 108989125455 kmers; need 75.705 GB to sort    169348698 kmers
Used 532.409 GB / 1511.166 GB to store 109010084411 kmers; need 75.738 GB to sort    169422953 kmers
Used 532.521 GB / 1511.166 GB to store 109035236540 kmers; need 75.755 GB to sort    169460074 kmers
Used 532.634 GB / 1511.166 GB to store 109060387590 kmers; need 75.771 GB to sort    169497722 kmers
Used 532.739 GB / 1511.166 GB to store 109083443231 kmers; need 75.797 GB to sort    169554133 kmers
Used 532.861 GB / 1511.166 GB to store 109110690567 kmers; need 75.804 GB to sort    169570997 kmers
Used 532.966 GB / 1511.166 GB to store 109133746332 kmers; need 75.832 GB to sort    169632885 kmers
Used 533.088 GB / 1511.166 GB to store 109160993369 kmers; need 75.847 GB to sort    169667432 kmers
Used 533.201 GB / 1511.166 GB to store 109186145385 kmers; need 75.862 GB to sort    169699643 kmers
Used 533.324 GB / 1511.166 GB to store 109213392960 kmers; need 75.866 GB to sort    169710081 kmers
Used 533.419 GB / 1511.166 GB to store 109234352893 kmers; need 75.904 GB to sort    169793472 kmers
Used 533.550 GB / 1511.166 GB to store 109263696920 kmers; need 75.904 GB to sort    169794104 kmers
Used 533.655 GB / 1511.166 GB to store 109286752157 kmers; need 75.925 GB to sort    169840764 kmers
Used 533.777 GB / 1511.166 GB to store 109313999491 kmers; need 75.934 GB to sort    169862268 kmers
Used 533.882 GB / 1511.166 GB to store 109337055082 kmers; need 75.962 GB to sort    169923950 kmers
Used 533.995 GB / 1511.166 GB to store 109362206061 kmers; need 75.979 GB to sort    169962483 kmers
Used 534.107 GB / 1511.166 GB to store 109387357551 kmers; need 75.995 GB to sort    169996935 kmers
Used 534.230 GB / 1511.166 GB to store 109414604749 kmers; need 76.006 GB to sort    170021437 kmers
Used 534.335 GB / 1511.166 GB to store 109437660503 kmers; need 76.030 GB to sort    170075441 kmers
Used 534.458 GB / 1511.166 GB to store 109464907811 kmers; need 76.042 GB to sort    170103500 kmers
Used 534.571 GB / 1511.166 GB to store 109490058804 kmers; need 76.058 GB to sort    170139472 kmers
Used 534.686 GB / 1511.166 GB to store 109515211246 kmers; need 76.074 GB to sort    170174307 kmers
Used 534.799 GB / 1511.166 GB to store 109540362403 kmers; need 76.092 GB to sort    170214384 kmers
Used 534.892 GB / 1511.166 GB to store 109561321922 kmers; need 76.125 GB to sort    170289349 kmers
Used 535.006 GB / 1511.166 GB to store 109586473845 kmers; need 76.137 GB to sort    170315868 kmers
Used 535.129 GB / 1511.166 GB to store 109613720565 kmers; need 76.144 GB to sort    170330608 kmers
Used 535.243 GB / 1511.166 GB to store 109638872230 kmers; need 76.165 GB to sort    170378399 kmers
Used 535.346 GB / 1511.166 GB to store 109661927696 kmers; need 76.195 GB to sort    170445967 kmers
Used 535.469 GB / 1511.166 GB to store 109689174447 kmers; need 76.203 GB to sort    170462580 kmers
Used 535.581 GB / 1511.166 GB to store 109714326059 kmers; need 76.220 GB to sort    170501137 kmers
Used 535.695 GB / 1511.166 GB to store 109739476495 kmers; need 76.244 GB to sort    170554535 kmers
Used 535.818 GB / 1511.166 GB to store 109766723357 kmers; need 76.252 GB to sort    170572864 kmers
Used 535.931 GB / 1511.166 GB to store 109791874678 kmers; need 76.264 GB to sort    170600206 kmers
Used 536.035 GB / 1511.166 GB to store 109814929428 kmers; need 76.289 GB to sort    170655752 kmers
Used 536.148 GB / 1511.166 GB to store 109840080595 kmers; need 76.301 GB to sort    170683244 kmers
Used 536.253 GB / 1511.166 GB to store 109863136696 kmers; need 76.324 GB to sort    170734473 kmers
Used 536.375 GB / 1511.166 GB to store 109890385016 kmers; need 76.334 GB to sort    170756879 kmers
Used 536.489 GB / 1511.166 GB to store 109915536757 kmers; need 76.353 GB to sort    170799301 kmers
Used 536.602 GB / 1511.166 GB to store 109940687771 kmers; need 76.372 GB to sort    170841656 kmers
Used 536.716 GB / 1511.166 GB to store 109965839634 kmers; need 76.391 GB to sort    170884892 kmers
Used 536.830 GB / 1511.166 GB to store 109990991296 kmers; need 76.407 GB to sort    170919757 kmers
Used 536.943 GB / 1511.166 GB to store 110016142369 kmers; need 76.424 GB to sort    170956983 kmers
Used 537.056 GB / 1511.166 GB to store 110041293670 kmers; need 76.440 GB to sort    170993060 kmers
Used 537.178 GB / 1511.166 GB to store 110068541564 kmers; need 76.464 GB to sort    171047827 kmers
Used 537.301 GB / 1511.166 GB to store 110095788497 kmers; need 76.472 GB to sort    171065113 kmers
Used 537.415 GB / 1511.166 GB to store 110120939696 kmers; need 76.484 GB to sort    171092476 kmers
Used 537.519 GB / 1511.166 GB to store 110143995481 kmers; need 76.506 GB to sort    171142137 kmers
Used 537.633 GB / 1511.166 GB to store 110169147243 kmers; need 76.526 GB to sort    171185285 kmers
Used 537.755 GB / 1511.166 GB to store 110196393660 kmers; need 76.536 GB to sort    171208362 kmers
Used 537.850 GB / 1511.166 GB to store 110217353117 kmers; need 76.572 GB to sort    171288870 kmers
Used 537.982 GB / 1511.166 GB to store 110246695795 kmers; need 76.573 GB to sort    171291987 kmers
Used 538.095 GB / 1511.166 GB to store 110271848045 kmers; need 76.592 GB to sort    171334432 kmers
Used 538.208 GB / 1511.166 GB to store 110296999741 kmers; need 76.610 GB to sort    171372889 kmers
Used 538.332 GB / 1511.166 GB to store 110324247397 kmers; need 76.630 GB to sort    171418693 kmers
Used 538.435 GB / 1511.166 GB to store 110347303668 kmers; need 76.660 GB to sort    171486471 kmers
Used 538.557 GB / 1511.166 GB to store 110374551454 kmers; need 76.672 GB to sort    171511448 kmers
Used 538.671 GB / 1511.166 GB to store 110399703401 kmers; need 76.685 GB to sort    171542344 kmers
Used 538.756 GB / 1511.166 GB to store 110418567219 kmers; need 76.732 GB to sort    171646244 kmers
Used 538.888 GB / 1511.166 GB to store 110447910404 kmers; need 76.732 GB to sort    171646244 kmers
Used 539.011 GB / 1511.166 GB to store 110475158439 kmers; need 76.739 GB to sort    171662271 kmers
Used 539.124 GB / 1511.166 GB to store 110500309778 kmers; need 76.757 GB to sort    171702224 kmers
Used 539.237 GB / 1511.166 GB to store 110525461761 kmers; need 76.771 GB to sort    171734803 kmers
Used 539.351 GB / 1511.166 GB to store 110550613381 kmers; need 76.786 GB to sort    171768022 kmers
Used 539.455 GB / 1511.166 GB to store 110573669575 kmers; need 76.808 GB to sort    171816394 kmers
Used 539.579 GB / 1511.166 GB to store 110600916932 kmers; need 76.818 GB to sort    171840054 kmers
Used 539.692 GB / 1511.166 GB to store 110626068089 kmers; need 76.835 GB to sort    171877184 kmers
Used 539.805 GB / 1511.166 GB to store 110651219536 kmers; need 76.848 GB to sort    171906321 kmers
Used 539.918 GB / 1511.166 GB to store 110676370943 kmers; need 76.869 GB to sort    171953350 kmers
Used 540.032 GB / 1511.166 GB to store 110701522478 kmers; need 76.882 GB to sort    171981858 kmers
Used 540.145 GB / 1511.166 GB to store 110726673275 kmers; need 76.900 GB to sort    172022298 kmers
Used 540.258 GB / 1511.166 GB to store 110751825120 kmers; need 76.913 GB to sort    172052114 kmers
Used 540.372 GB / 1511.166 GB to store 110776976004 kmers; need 76.929 GB to sort    172086589 kmers
Used 540.466 GB / 1511.166 GB to store 110797935410 kmers; need 76.960 GB to sort    172155932 kmers
Used 540.580 GB / 1511.166 GB to store 110823085848 kmers; need 76.972 GB to sort    172182664 kmers
Used 540.694 GB / 1511.166 GB to store 110848237300 kmers; need 76.991 GB to sort    172225423 kmers
Used 540.798 GB / 1511.166 GB to store 110871292632 kmers; need 77.015 GB to sort    172279337 kmers
Used 540.920 GB / 1511.166 GB to store 110898540318 kmers; need 77.020 GB to sort    172291237 kmers
Used 541.024 GB / 1511.166 GB to store 110921595345 kmers; need 77.042 GB to sort    172339746 kmers
Used 541.137 GB / 1511.166 GB to store 110946746787 kmers; need 77.065 GB to sort    172390459 kmers
Used 541.250 GB / 1511.166 GB to store 110971898246 kmers; need 77.079 GB to sort    172421865 kmers
Used 541.363 GB / 1511.166 GB to store 110997050388 kmers; need 77.096 GB to sort    172461694 kmers
Used 541.477 GB / 1511.166 GB to store 111022201831 kmers; need 77.110 GB to sort    172491051 kmers
Used 541.590 GB / 1511.166 GB to store 111047353512 kmers; need 77.130 GB to sort    172536278 kmers
Used 541.712 GB / 1511.166 GB to store 111074600607 kmers; need 77.142 GB to sort    172564647 kmers
Used 541.827 GB / 1511.166 GB to store 111099751967 kmers; need 77.161 GB to sort    172606468 kmers
Used 541.940 GB / 1511.166 GB to store 111124902624 kmers; need 77.182 GB to sort    172653033 kmers
Used 542.053 GB / 1511.166 GB to store 111150053570 kmers; need 77.199 GB to sort    172691826 kmers
Used 542.175 GB / 1511.166 GB to store 111177300653 kmers; need 77.208 GB to sort    172712461 kmers
Used 542.289 GB / 1511.166 GB to store 111202452159 kmers; need 77.226 GB to sort    172751649 kmers
Used 542.384 GB / 1511.166 GB to store 111223410837 kmers; need 77.258 GB to sort    172823162 kmers
Used 542.516 GB / 1511.166 GB to store 111252753780 kmers; need 77.258 GB to sort    172823162 kmers
Used 542.619 GB / 1511.166 GB to store 111275809264 kmers; need 77.282 GB to sort    172877029 kmers
Used 542.713 GB / 1511.166 GB to store 111296768433 kmers; need 77.314 GB to sort    172947982 kmers
Used 542.837 GB / 1511.166 GB to store 111324015123 kmers; need 77.322 GB to sort    172966164 kmers
Used 542.951 GB / 1511.166 GB to store 111349166090 kmers; need 77.342 GB to sort    173011287 kmers
Used 543.063 GB / 1511.166 GB to store 111374317458 kmers; need 77.362 GB to sort    173055078 kmers
Used 543.187 GB / 1511.166 GB to store 111401564731 kmers; need 77.370 GB to sort    173073435 kmers
Used 543.300 GB / 1511.166 GB to store 111426715904 kmers; need 77.391 GB to sort    173120010 kmers
Used 543.414 GB / 1511.166 GB to store 111451866454 kmers; need 77.407 GB to sort    173156943 kmers
Used 543.528 GB / 1511.166 GB to store 111477017614 kmers; need 77.421 GB to sort    173187410 kmers
Used 543.632 GB / 1511.166 GB to store 111500072360 kmers; need 77.445 GB to sort    173240540 kmers
Used 543.744 GB / 1511.166 GB to store 111525223755 kmers; need 77.465 GB to sort    173285522 kmers
Used 543.858 GB / 1511.166 GB to store 111550374727 kmers; need 77.482 GB to sort    173324345 kmers
Used 543.970 GB / 1511.166 GB to store 111575525628 kmers; need 77.509 GB to sort    173384480 kmers
Used 544.094 GB / 1511.166 GB to store 111602772441 kmers; need 77.517 GB to sort    173403005 kmers
Used 544.207 GB / 1511.166 GB to store 111627923344 kmers; need 77.539 GB to sort    173450920 kmers
Used 544.321 GB / 1511.166 GB to store 111653074566 kmers; need 77.555 GB to sort    173486627 kmers
Used 544.443 GB / 1511.166 GB to store 111680321167 kmers; need 77.564 GB to sort    173507606 kmers
Used 544.547 GB / 1511.166 GB to store 111703376140 kmers; need 77.587 GB to sort    173559364 kmers
Used 544.670 GB / 1511.166 GB to store 111730623041 kmers; need 77.598 GB to sort    173584868 kmers
Used 544.775 GB / 1511.166 GB to store 111753677957 kmers; need 77.621 GB to sort    173636355 kmers
Used 544.896 GB / 1511.166 GB to store 111780924879 kmers; need 77.634 GB to sort    173664141 kmers
Used 545.009 GB / 1511.166 GB to store 111806076506 kmers; need 77.648 GB to sort    173694766 kmers
Used 545.123 GB / 1511.166 GB to store 111831227139 kmers; need 77.667 GB to sort    173738159 kmers
Used 545.237 GB / 1511.166 GB to store 111856377776 kmers; need 77.680 GB to sort    173768243 kmers
Used 545.341 GB / 1511.166 GB to store 111879433017 kmers; need 77.702 GB to sort    173815832 kmers
Used 545.463 GB / 1511.166 GB to store 111906679501 kmers; need 77.714 GB to sort    173842419 kmers
Used 545.576 GB / 1511.166 GB to store 111931830921 kmers; need 77.728 GB to sort    173875481 kmers
Used 545.680 GB / 1511.166 GB to store 111954886576 kmers; need 77.753 GB to sort    173931547 kmers
Used 545.804 GB / 1511.166 GB to store 111982133689 kmers; need 77.760 GB to sort    173945651 kmers
Used 545.908 GB / 1511.166 GB to store 112005188206 kmers; need 77.786 GB to sort    174005421 kmers
Used 546.030 GB / 1511.166 GB to store 112032434577 kmers; need 77.798 GB to sort    174031697 kmers
Used 546.152 GB / 1511.166 GB to store 112059681079 kmers; need 77.806 GB to sort    174048523 kmers

Input complete.  Writing results to 'assembly/input/T2T04/meryl/child_compress.k30.meryl', using 30 threads.
finishIteration()--

Finished counting.

Cleaning up.

Bye.
