Building DAG of jobs...
Using shell: /usr/bin/bash
Provided cores: 30
Rules claiming more threads will be scaled down.
Provided resources: mem_gb=64
Job stats:
job                            count
---------------------------  -------
buildGraph                         1
buildPackages                      1
buildStore                         1
combineConsensus                   1
combineONT                         1
combineOverlaps                    1
combineOverlapsConfigure           1
combineTipsONT                     1
configureFindErrors                1
correctHiFi                        1
emptyfile                          1
extractONT                         1
fixErrors                          1
generateLayoutContigsInputs        1
layoutContigs                      1
prepareOverlaps                    1
processGraph                       1
processONT                         1
splitONT                           1
splitTipsONT                       1
untip                              1
verkko                             1
total                             22

Select jobs to execute...

[Thu Mar 13 17:23:48 2025]
localrule emptyfile:
    output: emptyfile
    jobid: 16
    reason: Missing output files: emptyfile
    resources: tmpdir=/tmp


[Thu Mar 13 17:23:48 2025]
checkpoint splitONT:
    input: /mnt/storage3b/projects/no_ngsd/ahthapp1_T2T_ONT/assembly/input/TUE_02_01UL/TUE_02_01UL.UL.fastq.gz
    output: 3-align/splitONT.finished, 3-align/splitONT.ids
    log: 3-align/splitONT.err
    jobid: 13
    reason: Missing output files: 3-align/splitONT.finished
    resources: tmpdir=/tmp, job_id=1, n_cpus=1, mem_gb=8, time_h=96
DAG of jobs will be updated after completion.


[Thu Mar 13 17:23:48 2025]
rule buildStore:
    input: /mnt/storage3b/projects/no_ngsd/ahthapp1_T2T_ONT/assembly/input/TUE_02_01UL/TUE_02_01UL.HQ_combined.10x_maxx.fastq.gz
    output: 0-correction/hifi.seqStore
    log: 0-correction/buildStore.err
    jobid: 7
    reason: Missing output files: 0-correction/hifi.seqStore
    resources: tmpdir=/tmp, job_id=1, n_cpus=1, mem_gb=4, time_h=4

[Thu Mar 13 17:23:48 2025]
Finished job 16.
1 of 22 steps (5%) done
[Thu Mar 13 17:50:57 2025]
Finished job 7.
2 of 22 steps (9%) done
Select jobs to execute...

[Thu Mar 13 17:50:57 2025]
checkpoint prepareOverlaps:
    input: /mnt/storage3b/projects/no_ngsd/ahthapp1_T2T_ONT/assembly/input/TUE_02_01UL/TUE_02_01UL.HQ_combined.10x_maxx.fastq.gz, 0-correction/hifi.seqStore
    output: 0-correction/matchchains.metadata, 0-correction/matchchains.positions
    log: 0-correction/matchchains-index.err
    jobid: 10
    reason: Missing output files: 0-correction/matchchains.metadata, 0-correction/matchchains.positions; Input files updated by another job: 0-correction/hifi.seqStore
    threads: 8
    resources: tmpdir=/tmp, job_id=1, n_cpus=8, mem_gb=16, time_h=24
DAG of jobs will be updated after completion.

[Thu Mar 13 18:27:18 2025]
Finished job 13.
3 of 22 steps (14%) done
[Thu Mar 13 22:27:06 2025]
Finished job 10.
4 of 79 steps (5%) done
Select jobs to execute...

[Thu Mar 13 22:27:07 2025]
rule computeOverlaps:
    input: 0-correction/matchchains.metadata, 0-correction/matchchains.positions, 0-correction/overlap-jobs/027.id, 0-correction/hifi.seqStore
    output: 0-correction/overlap-jobs/027.ovb
    log: 0-correction/overlap-jobs/027.err
    jobid: 110
    reason: Missing output files: 0-correction/overlap-jobs/027.ovb
    wildcards: nnnn=027
    resources: tmpdir=/tmp, job_id=1, n_cpus=1, mem_gb=16, time_h=24


[Thu Mar 13 22:27:07 2025]
rule computeOverlaps:
    input: 0-correction/matchchains.metadata, 0-correction/matchchains.positions, 0-correction/overlap-jobs/030.id, 0-correction/hifi.seqStore
    output: 0-correction/overlap-jobs/030.ovb
    log: 0-correction/overlap-jobs/030.err
    jobid: 113
    reason: Missing output files: 0-correction/overlap-jobs/030.ovb
    wildcards: nnnn=030
    resources: tmpdir=/tmp, job_id=1, n_cpus=1, mem_gb=16, time_h=24


[Thu Mar 13 22:27:07 2025]
rule computeOverlaps:
    input: 0-correction/matchchains.metadata, 0-correction/matchchains.positions, 0-correction/overlap-jobs/002.id, 0-correction/hifi.seqStore
    output: 0-correction/overlap-jobs/002.ovb
    log: 0-correction/overlap-jobs/002.err
    jobid: 85
    reason: Missing output files: 0-correction/overlap-jobs/002.ovb
    wildcards: nnnn=002
    resources: tmpdir=/tmp, job_id=1, n_cpus=1, mem_gb=16, time_h=24


[Thu Mar 13 22:27:07 2025]
rule computeOverlaps:
    input: 0-correction/matchchains.metadata, 0-correction/matchchains.positions, 0-correction/overlap-jobs/024.id, 0-correction/hifi.seqStore
    output: 0-correction/overlap-jobs/024.ovb
    log: 0-correction/overlap-jobs/024.err
    jobid: 107
    reason: Missing output files: 0-correction/overlap-jobs/024.ovb
    wildcards: nnnn=024
    resources: tmpdir=/tmp, job_id=1, n_cpus=1, mem_gb=16, time_h=24

[Thu Mar 13 23:10:22 2025]
Finished job 85.
5 of 111 steps (5%) done
Select jobs to execute...

[Thu Mar 13 23:10:22 2025]
rule computeOverlaps:
    input: 0-correction/matchchains.metadata, 0-correction/matchchains.positions, 0-correction/overlap-jobs/029.id, 0-correction/hifi.seqStore
    output: 0-correction/overlap-jobs/029.ovb
    log: 0-correction/overlap-jobs/029.err
    jobid: 112
    reason: Missing output files: 0-correction/overlap-jobs/029.ovb
    wildcards: nnnn=029
    resources: tmpdir=/tmp, job_id=1, n_cpus=1, mem_gb=16, time_h=24

[Thu Mar 13 23:14:20 2025]
Finished job 107.
6 of 111 steps (5%) done
Select jobs to execute...

[Thu Mar 13 23:14:20 2025]
rule computeOverlaps:
    input: 0-correction/matchchains.metadata, 0-correction/matchchains.positions, 0-correction/overlap-jobs/015.id, 0-correction/hifi.seqStore
    output: 0-correction/overlap-jobs/015.ovb
    log: 0-correction/overlap-jobs/015.err
    jobid: 98
    reason: Missing output files: 0-correction/overlap-jobs/015.ovb
    wildcards: nnnn=015
    resources: tmpdir=/tmp, job_id=1, n_cpus=1, mem_gb=16, time_h=24

[Thu Mar 13 23:17:20 2025]
Finished job 113.
7 of 111 steps (6%) done
Select jobs to execute...

[Thu Mar 13 23:17:20 2025]
rule computeOverlaps:
    input: 0-correction/matchchains.metadata, 0-correction/matchchains.positions, 0-correction/overlap-jobs/008.id, 0-correction/hifi.seqStore
    output: 0-correction/overlap-jobs/008.ovb
    log: 0-correction/overlap-jobs/008.err
    jobid: 91
    reason: Missing output files: 0-correction/overlap-jobs/008.ovb
    wildcards: nnnn=008
    resources: tmpdir=/tmp, job_id=1, n_cpus=1, mem_gb=16, time_h=24

[Thu Mar 13 23:19:14 2025]
Finished job 110.
8 of 111 steps (7%) done
Select jobs to execute...

[Thu Mar 13 23:19:14 2025]
rule computeOverlaps:
    input: 0-correction/matchchains.metadata, 0-correction/matchchains.positions, 0-correction/overlap-jobs/009.id, 0-correction/hifi.seqStore
    output: 0-correction/overlap-jobs/009.ovb
    log: 0-correction/overlap-jobs/009.err
    jobid: 92
    reason: Missing output files: 0-correction/overlap-jobs/009.ovb
    wildcards: nnnn=009
    resources: tmpdir=/tmp, job_id=1, n_cpus=1, mem_gb=16, time_h=24

[Thu Mar 13 23:49:26 2025]
Finished job 98.
9 of 111 steps (8%) done
Select jobs to execute...

[Thu Mar 13 23:49:26 2025]
rule computeOverlaps:
    input: 0-correction/matchchains.metadata, 0-correction/matchchains.positions, 0-correction/overlap-jobs/023.id, 0-correction/hifi.seqStore
    output: 0-correction/overlap-jobs/023.ovb
    log: 0-correction/overlap-jobs/023.err
    jobid: 106
    reason: Missing output files: 0-correction/overlap-jobs/023.ovb
    wildcards: nnnn=023
    resources: tmpdir=/tmp, job_id=1, n_cpus=1, mem_gb=16, time_h=24

[Thu Mar 13 23:53:03 2025]
Finished job 92.
10 of 111 steps (9%) done
Select jobs to execute...

[Thu Mar 13 23:53:03 2025]
rule computeOverlaps:
    input: 0-correction/matchchains.metadata, 0-correction/matchchains.positions, 0-correction/overlap-jobs/016.id, 0-correction/hifi.seqStore
    output: 0-correction/overlap-jobs/016.ovb
    log: 0-correction/overlap-jobs/016.err
    jobid: 99
    reason: Missing output files: 0-correction/overlap-jobs/016.ovb
    wildcards: nnnn=016
    resources: tmpdir=/tmp, job_id=1, n_cpus=1, mem_gb=16, time_h=24

[Thu Mar 13 23:54:55 2025]
Finished job 91.
11 of 111 steps (10%) done
Select jobs to execute...

[Thu Mar 13 23:54:55 2025]
rule computeOverlaps:
    input: 0-correction/matchchains.metadata, 0-correction/matchchains.positions, 0-correction/overlap-jobs/010.id, 0-correction/hifi.seqStore
    output: 0-correction/overlap-jobs/010.ovb
    log: 0-correction/overlap-jobs/010.err
    jobid: 93
    reason: Missing output files: 0-correction/overlap-jobs/010.ovb
    wildcards: nnnn=010
    resources: tmpdir=/tmp, job_id=1, n_cpus=1, mem_gb=16, time_h=24

[Thu Mar 13 23:55:51 2025]
Finished job 112.
12 of 111 steps (11%) done
Select jobs to execute...

[Thu Mar 13 23:55:51 2025]
rule computeOverlaps:
    input: 0-correction/matchchains.metadata, 0-correction/matchchains.positions, 0-correction/overlap-jobs/017.id, 0-correction/hifi.seqStore
    output: 0-correction/overlap-jobs/017.ovb
    log: 0-correction/overlap-jobs/017.err
    jobid: 100
    reason: Missing output files: 0-correction/overlap-jobs/017.ovb
    wildcards: nnnn=017
    resources: tmpdir=/tmp, job_id=1, n_cpus=1, mem_gb=16, time_h=24

[Fri Mar 14 00:29:59 2025]
Finished job 93.
13 of 111 steps (12%) done
Select jobs to execute...

[Fri Mar 14 00:30:00 2025]
rule computeOverlaps:
    input: 0-correction/matchchains.metadata, 0-correction/matchchains.positions, 0-correction/overlap-jobs/031.id, 0-correction/hifi.seqStore
    output: 0-correction/overlap-jobs/031.ovb
    log: 0-correction/overlap-jobs/031.err
    jobid: 114
    reason: Missing output files: 0-correction/overlap-jobs/031.ovb
    wildcards: nnnn=031
    resources: tmpdir=/tmp, job_id=1, n_cpus=1, mem_gb=16, time_h=24

[Fri Mar 14 00:31:07 2025]
Finished job 99.
14 of 111 steps (13%) done
Select jobs to execute...

[Fri Mar 14 00:31:07 2025]
rule computeOverlaps:
    input: 0-correction/matchchains.metadata, 0-correction/matchchains.positions, 0-correction/overlap-jobs/003.id, 0-correction/hifi.seqStore
    output: 0-correction/overlap-jobs/003.ovb
    log: 0-correction/overlap-jobs/003.err
    jobid: 86
    reason: Missing output files: 0-correction/overlap-jobs/003.ovb
    wildcards: nnnn=003
    resources: tmpdir=/tmp, job_id=1, n_cpus=1, mem_gb=16, time_h=24

[Fri Mar 14 00:32:29 2025]
Finished job 106.
15 of 111 steps (14%) done
Select jobs to execute...

[Fri Mar 14 00:32:29 2025]
rule computeOverlaps:
    input: 0-correction/matchchains.metadata, 0-correction/matchchains.positions, 0-correction/overlap-jobs/000.id, 0-correction/hifi.seqStore
    output: 0-correction/overlap-jobs/000.ovb
    log: 0-correction/overlap-jobs/000.err
    jobid: 83
    reason: Missing output files: 0-correction/overlap-jobs/000.ovb
    wildcards: nnnn=000
    resources: tmpdir=/tmp, job_id=1, n_cpus=1, mem_gb=16, time_h=24

[Fri Mar 14 00:33:41 2025]
Finished job 100.
16 of 111 steps (14%) done
Select jobs to execute...

[Fri Mar 14 00:33:41 2025]
rule computeOverlaps:
    input: 0-correction/matchchains.metadata, 0-correction/matchchains.positions, 0-correction/overlap-jobs/014.id, 0-correction/hifi.seqStore
    output: 0-correction/overlap-jobs/014.ovb
    log: 0-correction/overlap-jobs/014.err
    jobid: 97
    reason: Missing output files: 0-correction/overlap-jobs/014.ovb
    wildcards: nnnn=014
    resources: tmpdir=/tmp, job_id=1, n_cpus=1, mem_gb=16, time_h=24

[Fri Mar 14 01:03:45 2025]
Finished job 86.
17 of 111 steps (15%) done
Select jobs to execute...

[Fri Mar 14 01:03:45 2025]
rule computeOverlaps:
    input: 0-correction/matchchains.metadata, 0-correction/matchchains.positions, 0-correction/overlap-jobs/011.id, 0-correction/hifi.seqStore
    output: 0-correction/overlap-jobs/011.ovb
    log: 0-correction/overlap-jobs/011.err
    jobid: 94
    reason: Missing output files: 0-correction/overlap-jobs/011.ovb
    wildcards: nnnn=011
    resources: tmpdir=/tmp, job_id=1, n_cpus=1, mem_gb=16, time_h=24

[Fri Mar 14 01:05:37 2025]
Finished job 83.
18 of 111 steps (16%) done
Select jobs to execute...

[Fri Mar 14 01:05:37 2025]
rule computeOverlaps:
    input: 0-correction/matchchains.metadata, 0-correction/matchchains.positions, 0-correction/overlap-jobs/013.id, 0-correction/hifi.seqStore
    output: 0-correction/overlap-jobs/013.ovb
    log: 0-correction/overlap-jobs/013.err
    jobid: 96
    reason: Missing output files: 0-correction/overlap-jobs/013.ovb
    wildcards: nnnn=013
    resources: tmpdir=/tmp, job_id=1, n_cpus=1, mem_gb=16, time_h=24

[Fri Mar 14 01:12:42 2025]
Finished job 97.
19 of 111 steps (17%) done
Select jobs to execute...

[Fri Mar 14 01:12:43 2025]
rule computeOverlaps:
    input: 0-correction/matchchains.metadata, 0-correction/matchchains.positions, 0-correction/overlap-jobs/026.id, 0-correction/hifi.seqStore
    output: 0-correction/overlap-jobs/026.ovb
    log: 0-correction/overlap-jobs/026.err
    jobid: 109
    reason: Missing output files: 0-correction/overlap-jobs/026.ovb
    wildcards: nnnn=026
    resources: tmpdir=/tmp, job_id=1, n_cpus=1, mem_gb=16, time_h=24

[Fri Mar 14 01:14:59 2025]
Finished job 114.
20 of 111 steps (18%) done
Select jobs to execute...

[Fri Mar 14 01:14:59 2025]
rule computeOverlaps:
    input: 0-correction/matchchains.metadata, 0-correction/matchchains.positions, 0-correction/overlap-jobs/004.id, 0-correction/hifi.seqStore
    output: 0-correction/overlap-jobs/004.ovb
    log: 0-correction/overlap-jobs/004.err
    jobid: 87
    reason: Missing output files: 0-correction/overlap-jobs/004.ovb
    wildcards: nnnn=004
    resources: tmpdir=/tmp, job_id=1, n_cpus=1, mem_gb=16, time_h=24

[Fri Mar 14 01:40:49 2025]
Finished job 94.
21 of 111 steps (19%) done
Select jobs to execute...

[Fri Mar 14 01:40:49 2025]
rule computeOverlaps:
    input: 0-correction/matchchains.metadata, 0-correction/matchchains.positions, 0-correction/overlap-jobs/020.id, 0-correction/hifi.seqStore
    output: 0-correction/overlap-jobs/020.ovb
    log: 0-correction/overlap-jobs/020.err
    jobid: 103
    reason: Missing output files: 0-correction/overlap-jobs/020.ovb
    wildcards: nnnn=020
    resources: tmpdir=/tmp, job_id=1, n_cpus=1, mem_gb=16, time_h=24

[Fri Mar 14 01:44:22 2025]
Finished job 96.
22 of 111 steps (20%) done
Select jobs to execute...

[Fri Mar 14 01:44:22 2025]
rule computeOverlaps:
    input: 0-correction/matchchains.metadata, 0-correction/matchchains.positions, 0-correction/overlap-jobs/022.id, 0-correction/hifi.seqStore
    output: 0-correction/overlap-jobs/022.ovb
    log: 0-correction/overlap-jobs/022.err
    jobid: 105
    reason: Missing output files: 0-correction/overlap-jobs/022.ovb
    wildcards: nnnn=022
    resources: tmpdir=/tmp, job_id=1, n_cpus=1, mem_gb=16, time_h=24

[Fri Mar 14 01:48:35 2025]
Finished job 87.
23 of 111 steps (21%) done
Select jobs to execute...

[Fri Mar 14 01:48:35 2025]
rule computeOverlaps:
    input: 0-correction/matchchains.metadata, 0-correction/matchchains.positions, 0-correction/overlap-jobs/012.id, 0-correction/hifi.seqStore
    output: 0-correction/overlap-jobs/012.ovb
    log: 0-correction/overlap-jobs/012.err
    jobid: 95
    reason: Missing output files: 0-correction/overlap-jobs/012.ovb
    wildcards: nnnn=012
    resources: tmpdir=/tmp, job_id=1, n_cpus=1, mem_gb=16, time_h=24

[Fri Mar 14 01:52:28 2025]
Finished job 109.
24 of 111 steps (22%) done
Select jobs to execute...

[Fri Mar 14 01:52:29 2025]
rule computeOverlaps:
    input: 0-correction/matchchains.metadata, 0-correction/matchchains.positions, 0-correction/overlap-jobs/006.id, 0-correction/hifi.seqStore
    output: 0-correction/overlap-jobs/006.ovb
    log: 0-correction/overlap-jobs/006.err
    jobid: 89
    reason: Missing output files: 0-correction/overlap-jobs/006.ovb
    wildcards: nnnn=006
    resources: tmpdir=/tmp, job_id=1, n_cpus=1, mem_gb=16, time_h=24

[Fri Mar 14 02:19:22 2025]
Finished job 103.
25 of 111 steps (23%) done
Select jobs to execute...

[Fri Mar 14 02:19:22 2025]
rule computeOverlaps:
    input: 0-correction/matchchains.metadata, 0-correction/matchchains.positions, 0-correction/overlap-jobs/018.id, 0-correction/hifi.seqStore
    output: 0-correction/overlap-jobs/018.ovb
    log: 0-correction/overlap-jobs/018.err
    jobid: 101
    reason: Missing output files: 0-correction/overlap-jobs/018.ovb
    wildcards: nnnn=018
    resources: tmpdir=/tmp, job_id=1, n_cpus=1, mem_gb=16, time_h=24

[Fri Mar 14 02:21:33 2025]
Finished job 95.
26 of 111 steps (23%) done
Select jobs to execute...

[Fri Mar 14 02:21:33 2025]
rule computeOverlaps:
    input: 0-correction/matchchains.metadata, 0-correction/matchchains.positions, 0-correction/overlap-jobs/025.id, 0-correction/hifi.seqStore
    output: 0-correction/overlap-jobs/025.ovb
    log: 0-correction/overlap-jobs/025.err
    jobid: 108
    reason: Missing output files: 0-correction/overlap-jobs/025.ovb
    wildcards: nnnn=025
    resources: tmpdir=/tmp, job_id=1, n_cpus=1, mem_gb=16, time_h=24

[Fri Mar 14 02:21:33 2025]
Finished job 105.
27 of 111 steps (24%) done
Select jobs to execute...

[Fri Mar 14 02:21:33 2025]
rule computeOverlaps:
    input: 0-correction/matchchains.metadata, 0-correction/matchchains.positions, 0-correction/overlap-jobs/021.id, 0-correction/hifi.seqStore
    output: 0-correction/overlap-jobs/021.ovb
    log: 0-correction/overlap-jobs/021.err
    jobid: 104
    reason: Missing output files: 0-correction/overlap-jobs/021.ovb
    wildcards: nnnn=021
    resources: tmpdir=/tmp, job_id=1, n_cpus=1, mem_gb=16, time_h=24

[Fri Mar 14 02:25:04 2025]
Finished job 89.
28 of 111 steps (25%) done
Select jobs to execute...

[Fri Mar 14 02:25:04 2025]
rule computeOverlaps:
    input: 0-correction/matchchains.metadata, 0-correction/matchchains.positions, 0-correction/overlap-jobs/007.id, 0-correction/hifi.seqStore
    output: 0-correction/overlap-jobs/007.ovb
    log: 0-correction/overlap-jobs/007.err
    jobid: 90
    reason: Missing output files: 0-correction/overlap-jobs/007.ovb
    wildcards: nnnn=007
    resources: tmpdir=/tmp, job_id=1, n_cpus=1, mem_gb=16, time_h=24

[Fri Mar 14 02:58:03 2025]
Finished job 101.
29 of 111 steps (26%) done
Select jobs to execute...

[Fri Mar 14 02:58:03 2025]
rule computeOverlaps:
    input: 0-correction/matchchains.metadata, 0-correction/matchchains.positions, 0-correction/overlap-jobs/001.id, 0-correction/hifi.seqStore
    output: 0-correction/overlap-jobs/001.ovb
    log: 0-correction/overlap-jobs/001.err
    jobid: 84
    reason: Missing output files: 0-correction/overlap-jobs/001.ovb
    wildcards: nnnn=001
    resources: tmpdir=/tmp, job_id=1, n_cpus=1, mem_gb=16, time_h=24

[Fri Mar 14 03:01:59 2025]
Finished job 90.
30 of 111 steps (27%) done
Select jobs to execute...

[Fri Mar 14 03:01:59 2025]
rule computeOverlaps:
    input: 0-correction/matchchains.metadata, 0-correction/matchchains.positions, 0-correction/overlap-jobs/019.id, 0-correction/hifi.seqStore
    output: 0-correction/overlap-jobs/019.ovb
    log: 0-correction/overlap-jobs/019.err
    jobid: 102
    reason: Missing output files: 0-correction/overlap-jobs/019.ovb
    wildcards: nnnn=019
    resources: tmpdir=/tmp, job_id=1, n_cpus=1, mem_gb=16, time_h=24

[Fri Mar 14 03:05:46 2025]
Finished job 108.
31 of 111 steps (28%) done
Select jobs to execute...

[Fri Mar 14 03:05:46 2025]
rule computeOverlaps:
    input: 0-correction/matchchains.metadata, 0-correction/matchchains.positions, 0-correction/overlap-jobs/005.id, 0-correction/hifi.seqStore
    output: 0-correction/overlap-jobs/005.ovb
    log: 0-correction/overlap-jobs/005.err
    jobid: 88
    reason: Missing output files: 0-correction/overlap-jobs/005.ovb
    wildcards: nnnn=005
    resources: tmpdir=/tmp, job_id=1, n_cpus=1, mem_gb=16, time_h=24

[Fri Mar 14 03:07:44 2025]
Finished job 104.
32 of 111 steps (29%) done
Select jobs to execute...

[Fri Mar 14 03:07:44 2025]
rule computeOverlaps:
    input: 0-correction/matchchains.metadata, 0-correction/matchchains.positions, 0-correction/overlap-jobs/028.id, 0-correction/hifi.seqStore
    output: 0-correction/overlap-jobs/028.ovb
    log: 0-correction/overlap-jobs/028.err
    jobid: 111
    reason: Missing output files: 0-correction/overlap-jobs/028.ovb
    wildcards: nnnn=028
    resources: tmpdir=/tmp, job_id=1, n_cpus=1, mem_gb=16, time_h=24

[Fri Mar 14 03:32:21 2025]
Finished job 84.
33 of 111 steps (30%) done
[Fri Mar 14 03:40:54 2025]
Finished job 88.
34 of 111 steps (31%) done
[Fri Mar 14 03:47:28 2025]
Finished job 102.
35 of 111 steps (32%) done
[Fri Mar 14 03:51:40 2025]
Finished job 111.
36 of 111 steps (32%) done
Select jobs to execute...

[Fri Mar 14 03:51:40 2025]
rule combineOverlapsConfigure:
    input: 0-correction/matchchains.metadata, 0-correction/matchchains.positions, 0-correction/hifi.seqStore, 0-correction/overlap-jobs/000.ovb, 0-correction/overlap-jobs/001.ovb, 0-correction/overlap-jobs/002.ovb, 0-correction/overlap-jobs/003.ovb, 0-correction/overlap-jobs/004.ovb, 0-correction/overlap-jobs/005.ovb, 0-correction/overlap-jobs/006.ovb, 0-correction/overlap-jobs/007.ovb, 0-correction/overlap-jobs/008.ovb, 0-correction/overlap-jobs/009.ovb, 0-correction/overlap-jobs/010.ovb, 0-correction/overlap-jobs/011.ovb, 0-correction/overlap-jobs/012.ovb, 0-correction/overlap-jobs/013.ovb, 0-correction/overlap-jobs/014.ovb, 0-correction/overlap-jobs/015.ovb, 0-correction/overlap-jobs/016.ovb, 0-correction/overlap-jobs/017.ovb, 0-correction/overlap-jobs/018.ovb, 0-correction/overlap-jobs/019.ovb, 0-correction/overlap-jobs/020.ovb, 0-correction/overlap-jobs/021.ovb, 0-correction/overlap-jobs/022.ovb, 0-correction/overlap-jobs/023.ovb, 0-correction/overlap-jobs/024.ovb, 0-correction/overlap-jobs/025.ovb, 0-correction/overlap-jobs/026.ovb, 0-correction/overlap-jobs/027.ovb, 0-correction/overlap-jobs/028.ovb, 0-correction/overlap-jobs/029.ovb, 0-correction/overlap-jobs/030.ovb, 0-correction/overlap-jobs/031.ovb
    output: 0-correction/hifi.ovlStore.config, 0-correction/hifi.ovlStore.config.memory-request
    log: 0-correction/combineOverlapsConfigure.err
    jobid: 9
    reason: Missing output files: 0-correction/hifi.ovlStore.config, 0-correction/hifi.ovlStore.config.memory-request; Input files updated by another job: 0-correction/overlap-jobs/022.ovb, 0-correction/overlap-jobs/005.ovb, 0-correction/overlap-jobs/002.ovb, 0-correction/overlap-jobs/019.ovb, 0-correction/overlap-jobs/021.ovb, 0-correction/overlap-jobs/014.ovb, 0-correction/overlap-jobs/027.ovb, 0-correction/overlap-jobs/015.ovb, 0-correction/overlap-jobs/000.ovb, 0-correction/overlap-jobs/010.ovb, 0-correction/overlap-jobs/007.ovb, 0-correction/overlap-jobs/001.ovb, 0-correction/overlap-jobs/018.ovb, 0-correction/overlap-jobs/024.ovb, 0-correction/overlap-jobs/025.ovb, 0-correction/overlap-jobs/031.ovb, 0-correction/overlap-jobs/013.ovb, 0-correction/overlap-jobs/026.ovb, 0-correction/overlap-jobs/012.ovb, 0-correction/overlap-jobs/017.ovb, 0-correction/overlap-jobs/028.ovb, 0-correction/overlap-jobs/023.ovb, 0-correction/overlap-jobs/029.ovb, 0-correction/overlap-jobs/030.ovb, 0-correction/overlap-jobs/003.ovb, 0-correction/overlap-jobs/011.ovb, 0-correction/overlap-jobs/020.ovb, 0-correction/overlap-jobs/004.ovb, 0-correction/overlap-jobs/016.ovb, 0-correction/overlap-jobs/009.ovb, 0-correction/overlap-jobs/008.ovb, 0-correction/overlap-jobs/006.ovb
    resources: tmpdir=/tmp, job_id=1, n_cpus=1, mem_gb=64, time_h=12

[Fri Mar 14 03:51:49 2025]
Finished job 9.
37 of 111 steps (33%) done
Select jobs to execute...

[Fri Mar 14 03:51:49 2025]
rule combineOverlaps:
    input: 0-correction/hifi.seqStore, 0-correction/hifi.ovlStore.config, 0-correction/hifi.ovlStore.config.memory-request
    output: 0-correction/hifi.ovlStore
    log: 0-correction/combineOverlaps.err
    jobid: 8
    reason: Missing output files: 0-correction/hifi.ovlStore; Input files updated by another job: 0-correction/hifi.ovlStore.config, 0-correction/hifi.ovlStore.config.memory-request, 0-correction/hifi.seqStore
    resources: tmpdir=/tmp, job_id=1, n_cpus=1, mem_gb=15, time_h=12

[Fri Mar 14 03:55:20 2025]
Finished job 8.
38 of 111 steps (34%) done
Select jobs to execute...

[Fri Mar 14 03:55:20 2025]
localcheckpoint configureFindErrors:
    input: 0-correction/hifi.seqStore, 0-correction/hifi.ovlStore
    output: 0-correction/configureFindErrors.finished
    log: 0-correction/configureFindErrors.err
    jobid: 11
    reason: Missing output files: 0-correction/configureFindErrors.finished; Input files updated by another job: 0-correction/hifi.ovlStore, 0-correction/hifi.seqStore
    resources: tmpdir=/tmp, job_id=1, n_cpus=1, mem_gb=1, time_h=1
DAG of jobs will be updated after completion.

[Fri Mar 14 03:55:25 2025]
Finished job 11.
39 of 111 steps (35%) done
Select jobs to execute...

[Fri Mar 14 03:55:26 2025]
rule computeErrors:
    input: 0-correction/hifi.seqStore, 0-correction/hifi.ovlStore, 0-correction/find-errors-jobs/0149.range, 0-correction/configureFindErrors.finished
    output: 0-correction/find-errors-jobs/0149.red
    log: 0-correction/find-errors-jobs/0149.err
    jobid: 264
    reason: Missing output files: 0-correction/find-errors-jobs/0149.red
    wildcards: nnnn=0149
    threads: 4
    resources: tmpdir=/tmp, job_id=1, n_cpus=4, mem_gb=32, time_h=4


[Fri Mar 14 03:55:26 2025]
rule computeErrors:
    input: 0-correction/hifi.seqStore, 0-correction/hifi.ovlStore, 0-correction/find-errors-jobs/0027.range, 0-correction/configureFindErrors.finished
    output: 0-correction/find-errors-jobs/0027.red
    log: 0-correction/find-errors-jobs/0027.err
    jobid: 142
    reason: Missing output files: 0-correction/find-errors-jobs/0027.red
    wildcards: nnnn=0027
    threads: 4
    resources: tmpdir=/tmp, job_id=1, n_cpus=4, mem_gb=32, time_h=4

[Fri Mar 14 04:00:42 2025]
Finished job 142.
40 of 360 steps (11%) done
Select jobs to execute...

[Fri Mar 14 04:00:43 2025]
rule computeErrors:
    input: 0-correction/hifi.seqStore, 0-correction/hifi.ovlStore, 0-correction/find-errors-jobs/0113.range, 0-correction/configureFindErrors.finished
    output: 0-correction/find-errors-jobs/0113.red
    log: 0-correction/find-errors-jobs/0113.err
    jobid: 228
    reason: Missing output files: 0-correction/find-errors-jobs/0113.red
    wildcards: nnnn=0113
    threads: 4
    resources: tmpdir=/tmp, job_id=1, n_cpus=4, mem_gb=32, time_h=4

[Fri Mar 14 04:00:48 2025]
Finished job 264.
41 of 360 steps (11%) done
Select jobs to execute...

[Fri Mar 14 04:00:48 2025]
rule computeErrors:
    input: 0-correction/hifi.seqStore, 0-correction/hifi.ovlStore, 0-correction/find-errors-jobs/0168.range, 0-correction/configureFindErrors.finished
    output: 0-correction/find-errors-jobs/0168.red
    log: 0-correction/find-errors-jobs/0168.err
    jobid: 283
    reason: Missing output files: 0-correction/find-errors-jobs/0168.red
    wildcards: nnnn=0168
    threads: 4
    resources: tmpdir=/tmp, job_id=1, n_cpus=4, mem_gb=32, time_h=4

[Fri Mar 14 04:05:28 2025]
Finished job 283.
42 of 360 steps (12%) done
Select jobs to execute...

[Fri Mar 14 04:05:28 2025]
rule computeErrors:
    input: 0-correction/hifi.seqStore, 0-correction/hifi.ovlStore, 0-correction/find-errors-jobs/0026.range, 0-correction/configureFindErrors.finished
    output: 0-correction/find-errors-jobs/0026.red
    log: 0-correction/find-errors-jobs/0026.err
    jobid: 141
    reason: Missing output files: 0-correction/find-errors-jobs/0026.red
    wildcards: nnnn=0026
    threads: 4
    resources: tmpdir=/tmp, job_id=1, n_cpus=4, mem_gb=32, time_h=4

[Fri Mar 14 04:06:36 2025]
Finished job 228.
43 of 360 steps (12%) done
Select jobs to execute...

[Fri Mar 14 04:06:36 2025]
rule computeErrors:
    input: 0-correction/hifi.seqStore, 0-correction/hifi.ovlStore, 0-correction/find-errors-jobs/0179.range, 0-correction/configureFindErrors.finished
    output: 0-correction/find-errors-jobs/0179.red
    log: 0-correction/find-errors-jobs/0179.err
    jobid: 294
    reason: Missing output files: 0-correction/find-errors-jobs/0179.red
    wildcards: nnnn=0179
    threads: 4
    resources: tmpdir=/tmp, job_id=1, n_cpus=4, mem_gb=32, time_h=4

[Fri Mar 14 04:09:40 2025]
Finished job 141.
44 of 360 steps (12%) done
Select jobs to execute...

[Fri Mar 14 04:09:40 2025]
rule computeErrors:
    input: 0-correction/hifi.seqStore, 0-correction/hifi.ovlStore, 0-correction/find-errors-jobs/0021.range, 0-correction/configureFindErrors.finished
    output: 0-correction/find-errors-jobs/0021.red
    log: 0-correction/find-errors-jobs/0021.err
    jobid: 136
    reason: Missing output files: 0-correction/find-errors-jobs/0021.red
    wildcards: nnnn=0021
    threads: 4
    resources: tmpdir=/tmp, job_id=1, n_cpus=4, mem_gb=32, time_h=4

[Fri Mar 14 04:11:28 2025]
Finished job 294.
45 of 360 steps (12%) done
Select jobs to execute...

[Fri Mar 14 04:11:28 2025]
rule computeErrors:
    input: 0-correction/hifi.seqStore, 0-correction/hifi.ovlStore, 0-correction/find-errors-jobs/0235.range, 0-correction/configureFindErrors.finished
    output: 0-correction/find-errors-jobs/0235.red
    log: 0-correction/find-errors-jobs/0235.err
    jobid: 350
    reason: Missing output files: 0-correction/find-errors-jobs/0235.red
    wildcards: nnnn=0235
    threads: 4
    resources: tmpdir=/tmp, job_id=1, n_cpus=4, mem_gb=32, time_h=4

[Fri Mar 14 04:14:26 2025]
Finished job 136.
46 of 360 steps (13%) done
Select jobs to execute...

[Fri Mar 14 04:14:26 2025]
rule computeErrors:
    input: 0-correction/hifi.seqStore, 0-correction/hifi.ovlStore, 0-correction/find-errors-jobs/0210.range, 0-correction/configureFindErrors.finished
    output: 0-correction/find-errors-jobs/0210.red
    log: 0-correction/find-errors-jobs/0210.err
    jobid: 325
    reason: Missing output files: 0-correction/find-errors-jobs/0210.red
    wildcards: nnnn=0210
    threads: 4
    resources: tmpdir=/tmp, job_id=1, n_cpus=4, mem_gb=32, time_h=4

[Fri Mar 14 04:16:46 2025]
Finished job 350.
47 of 360 steps (13%) done
Select jobs to execute...

[Fri Mar 14 04:16:46 2025]
rule computeErrors:
    input: 0-correction/hifi.seqStore, 0-correction/hifi.ovlStore, 0-correction/find-errors-jobs/0114.range, 0-correction/configureFindErrors.finished
    output: 0-correction/find-errors-jobs/0114.red
    log: 0-correction/find-errors-jobs/0114.err
    jobid: 229
    reason: Missing output files: 0-correction/find-errors-jobs/0114.red
    wildcards: nnnn=0114
    threads: 4
    resources: tmpdir=/tmp, job_id=1, n_cpus=4, mem_gb=32, time_h=4

[Fri Mar 14 04:20:32 2025]
Finished job 325.
48 of 360 steps (13%) done
Select jobs to execute...

[Fri Mar 14 04:20:33 2025]
rule computeErrors:
    input: 0-correction/hifi.seqStore, 0-correction/hifi.ovlStore, 0-correction/find-errors-jobs/0141.range, 0-correction/configureFindErrors.finished
    output: 0-correction/find-errors-jobs/0141.red
    log: 0-correction/find-errors-jobs/0141.err
    jobid: 256
    reason: Missing output files: 0-correction/find-errors-jobs/0141.red
    wildcards: nnnn=0141
    threads: 4
    resources: tmpdir=/tmp, job_id=1, n_cpus=4, mem_gb=32, time_h=4

[Fri Mar 14 04:21:57 2025]
Finished job 229.
49 of 360 steps (14%) done
Select jobs to execute...

[Fri Mar 14 04:21:57 2025]
rule computeErrors:
    input: 0-correction/hifi.seqStore, 0-correction/hifi.ovlStore, 0-correction/find-errors-jobs/0169.range, 0-correction/configureFindErrors.finished
    output: 0-correction/find-errors-jobs/0169.red
    log: 0-correction/find-errors-jobs/0169.err
    jobid: 284
    reason: Missing output files: 0-correction/find-errors-jobs/0169.red
    wildcards: nnnn=0169
    threads: 4
    resources: tmpdir=/tmp, job_id=1, n_cpus=4, mem_gb=32, time_h=4

[Fri Mar 14 04:24:45 2025]
Finished job 256.
50 of 360 steps (14%) done
Select jobs to execute...

[Fri Mar 14 04:24:45 2025]
rule computeErrors:
    input: 0-correction/hifi.seqStore, 0-correction/hifi.ovlStore, 0-correction/find-errors-jobs/0099.range, 0-correction/configureFindErrors.finished
    output: 0-correction/find-errors-jobs/0099.red
    log: 0-correction/find-errors-jobs/0099.err
    jobid: 214
    reason: Missing output files: 0-correction/find-errors-jobs/0099.red
    wildcards: nnnn=0099
    threads: 4
    resources: tmpdir=/tmp, job_id=1, n_cpus=4, mem_gb=32, time_h=4

[Fri Mar 14 04:26:16 2025]
Finished job 284.
51 of 360 steps (14%) done
Select jobs to execute...

[Fri Mar 14 04:26:16 2025]
rule computeErrors:
    input: 0-correction/hifi.seqStore, 0-correction/hifi.ovlStore, 0-correction/find-errors-jobs/0225.range, 0-correction/configureFindErrors.finished
    output: 0-correction/find-errors-jobs/0225.red
    log: 0-correction/find-errors-jobs/0225.err
    jobid: 340
    reason: Missing output files: 0-correction/find-errors-jobs/0225.red
    wildcards: nnnn=0225
    threads: 4
    resources: tmpdir=/tmp, job_id=1, n_cpus=4, mem_gb=32, time_h=4

[Fri Mar 14 04:30:11 2025]
Finished job 214.
52 of 360 steps (14%) done
Select jobs to execute...

[Fri Mar 14 04:30:11 2025]
rule computeErrors:
    input: 0-correction/hifi.seqStore, 0-correction/hifi.ovlStore, 0-correction/find-errors-jobs/0100.range, 0-correction/configureFindErrors.finished
    output: 0-correction/find-errors-jobs/0100.red
    log: 0-correction/find-errors-jobs/0100.err
    jobid: 215
    reason: Missing output files: 0-correction/find-errors-jobs/0100.red
    wildcards: nnnn=0100
    threads: 4
    resources: tmpdir=/tmp, job_id=1, n_cpus=4, mem_gb=32, time_h=4

[Fri Mar 14 04:31:17 2025]
Finished job 340.
53 of 360 steps (15%) done
Select jobs to execute...

[Fri Mar 14 04:31:17 2025]
rule computeErrors:
    input: 0-correction/hifi.seqStore, 0-correction/hifi.ovlStore, 0-correction/find-errors-jobs/0142.range, 0-correction/configureFindErrors.finished
    output: 0-correction/find-errors-jobs/0142.red
    log: 0-correction/find-errors-jobs/0142.err
    jobid: 257
    reason: Missing output files: 0-correction/find-errors-jobs/0142.red
    wildcards: nnnn=0142
    threads: 4
    resources: tmpdir=/tmp, job_id=1, n_cpus=4, mem_gb=32, time_h=4

[Fri Mar 14 04:34:54 2025]
Finished job 215.
54 of 360 steps (15%) done
Select jobs to execute...

[Fri Mar 14 04:34:54 2025]
rule computeErrors:
    input: 0-correction/hifi.seqStore, 0-correction/hifi.ovlStore, 0-correction/find-errors-jobs/0224.range, 0-correction/configureFindErrors.finished
    output: 0-correction/find-errors-jobs/0224.red
    log: 0-correction/find-errors-jobs/0224.err
    jobid: 339
    reason: Missing output files: 0-correction/find-errors-jobs/0224.red
    wildcards: nnnn=0224
    threads: 4
    resources: tmpdir=/tmp, job_id=1, n_cpus=4, mem_gb=32, time_h=4

[Fri Mar 14 04:35:23 2025]
Finished job 257.
55 of 360 steps (15%) done
Select jobs to execute...

[Fri Mar 14 04:35:23 2025]
rule computeErrors:
    input: 0-correction/hifi.seqStore, 0-correction/hifi.ovlStore, 0-correction/find-errors-jobs/0211.range, 0-correction/configureFindErrors.finished
    output: 0-correction/find-errors-jobs/0211.red
    log: 0-correction/find-errors-jobs/0211.err
    jobid: 326
    reason: Missing output files: 0-correction/find-errors-jobs/0211.red
    wildcards: nnnn=0211
    threads: 4
    resources: tmpdir=/tmp, job_id=1, n_cpus=4, mem_gb=32, time_h=4

[Fri Mar 14 04:39:52 2025]
Finished job 339.
56 of 360 steps (16%) done
Select jobs to execute...

[Fri Mar 14 04:39:52 2025]
rule computeErrors:
    input: 0-correction/hifi.seqStore, 0-correction/hifi.ovlStore, 0-correction/find-errors-jobs/0190.range, 0-correction/configureFindErrors.finished
    output: 0-correction/find-errors-jobs/0190.red
    log: 0-correction/find-errors-jobs/0190.err
    jobid: 305
    reason: Missing output files: 0-correction/find-errors-jobs/0190.red
    wildcards: nnnn=0190
    threads: 4
    resources: tmpdir=/tmp, job_id=1, n_cpus=4, mem_gb=32, time_h=4

[Fri Mar 14 04:40:52 2025]
Finished job 326.
57 of 360 steps (16%) done
Select jobs to execute...

[Fri Mar 14 04:40:52 2025]
rule computeErrors:
    input: 0-correction/hifi.seqStore, 0-correction/hifi.ovlStore, 0-correction/find-errors-jobs/0115.range, 0-correction/configureFindErrors.finished
    output: 0-correction/find-errors-jobs/0115.red
    log: 0-correction/find-errors-jobs/0115.err
    jobid: 230
    reason: Missing output files: 0-correction/find-errors-jobs/0115.red
    wildcards: nnnn=0115
    threads: 4
    resources: tmpdir=/tmp, job_id=1, n_cpus=4, mem_gb=32, time_h=4

[Fri Mar 14 04:44:44 2025]
Finished job 305.
58 of 360 steps (16%) done
Select jobs to execute...

[Fri Mar 14 04:44:44 2025]
rule computeErrors:
    input: 0-correction/hifi.seqStore, 0-correction/hifi.ovlStore, 0-correction/find-errors-jobs/0184.range, 0-correction/configureFindErrors.finished
    output: 0-correction/find-errors-jobs/0184.red
    log: 0-correction/find-errors-jobs/0184.err
    jobid: 299
    reason: Missing output files: 0-correction/find-errors-jobs/0184.red
    wildcards: nnnn=0184
    threads: 4
    resources: tmpdir=/tmp, job_id=1, n_cpus=4, mem_gb=32, time_h=4

[Fri Mar 14 04:45:39 2025]
Finished job 230.
59 of 360 steps (16%) done
Select jobs to execute...

[Fri Mar 14 04:45:39 2025]
rule computeErrors:
    input: 0-correction/hifi.seqStore, 0-correction/hifi.ovlStore, 0-correction/find-errors-jobs/0170.range, 0-correction/configureFindErrors.finished
    output: 0-correction/find-errors-jobs/0170.red
    log: 0-correction/find-errors-jobs/0170.err
    jobid: 285
    reason: Missing output files: 0-correction/find-errors-jobs/0170.red
    wildcards: nnnn=0170
    threads: 4
    resources: tmpdir=/tmp, job_id=1, n_cpus=4, mem_gb=32, time_h=4

[Fri Mar 14 04:48:56 2025]
Finished job 299.
60 of 360 steps (17%) done
Select jobs to execute...

[Fri Mar 14 04:48:56 2025]
rule computeErrors:
    input: 0-correction/hifi.seqStore, 0-correction/hifi.ovlStore, 0-correction/find-errors-jobs/0226.range, 0-correction/configureFindErrors.finished
    output: 0-correction/find-errors-jobs/0226.red
    log: 0-correction/find-errors-jobs/0226.err
    jobid: 341
    reason: Missing output files: 0-correction/find-errors-jobs/0226.red
    wildcards: nnnn=0226
    threads: 4
    resources: tmpdir=/tmp, job_id=1, n_cpus=4, mem_gb=32, time_h=4

[Fri Mar 14 04:49:40 2025]
Finished job 285.
61 of 360 steps (17%) done
Select jobs to execute...

[Fri Mar 14 04:49:40 2025]
rule computeErrors:
    input: 0-correction/hifi.seqStore, 0-correction/hifi.ovlStore, 0-correction/find-errors-jobs/0101.range, 0-correction/configureFindErrors.finished
    output: 0-correction/find-errors-jobs/0101.red
    log: 0-correction/find-errors-jobs/0101.err
    jobid: 216
    reason: Missing output files: 0-correction/find-errors-jobs/0101.red
    wildcards: nnnn=0101
    threads: 4
    resources: tmpdir=/tmp, job_id=1, n_cpus=4, mem_gb=32, time_h=4

[Fri Mar 14 04:54:15 2025]
Finished job 341.
62 of 360 steps (17%) done
Select jobs to execute...

[Fri Mar 14 04:54:15 2025]
rule computeErrors:
    input: 0-correction/hifi.seqStore, 0-correction/hifi.ovlStore, 0-correction/find-errors-jobs/0209.range, 0-correction/configureFindErrors.finished
    output: 0-correction/find-errors-jobs/0209.red
    log: 0-correction/find-errors-jobs/0209.err
    jobid: 324
    reason: Missing output files: 0-correction/find-errors-jobs/0209.red
    wildcards: nnnn=0209
    threads: 4
    resources: tmpdir=/tmp, job_id=1, n_cpus=4, mem_gb=32, time_h=4

[Fri Mar 14 04:54:47 2025]
Finished job 216.
63 of 360 steps (18%) done
Select jobs to execute...

[Fri Mar 14 04:54:47 2025]
rule computeErrors:
    input: 0-correction/hifi.seqStore, 0-correction/hifi.ovlStore, 0-correction/find-errors-jobs/0143.range, 0-correction/configureFindErrors.finished
    output: 0-correction/find-errors-jobs/0143.red
    log: 0-correction/find-errors-jobs/0143.err
    jobid: 258
    reason: Missing output files: 0-correction/find-errors-jobs/0143.red
    wildcards: nnnn=0143
    threads: 4
    resources: tmpdir=/tmp, job_id=1, n_cpus=4, mem_gb=32, time_h=4

[Fri Mar 14 04:59:39 2025]
Finished job 258.
64 of 360 steps (18%) done
Select jobs to execute...

[Fri Mar 14 04:59:39 2025]
rule computeErrors:
    input: 0-correction/hifi.seqStore, 0-correction/hifi.ovlStore, 0-correction/find-errors-jobs/0140.range, 0-correction/configureFindErrors.finished
    output: 0-correction/find-errors-jobs/0140.red
    log: 0-correction/find-errors-jobs/0140.err
    jobid: 255
    reason: Missing output files: 0-correction/find-errors-jobs/0140.red
    wildcards: nnnn=0140
    threads: 4
    resources: tmpdir=/tmp, job_id=1, n_cpus=4, mem_gb=32, time_h=4

[Fri Mar 14 04:59:42 2025]
Finished job 324.
65 of 360 steps (18%) done
Select jobs to execute...

[Fri Mar 14 04:59:42 2025]
rule computeErrors:
    input: 0-correction/hifi.seqStore, 0-correction/hifi.ovlStore, 0-correction/find-errors-jobs/0212.range, 0-correction/configureFindErrors.finished
    output: 0-correction/find-errors-jobs/0212.red
    log: 0-correction/find-errors-jobs/0212.err
    jobid: 327
    reason: Missing output files: 0-correction/find-errors-jobs/0212.red
    wildcards: nnnn=0212
    threads: 4
    resources: tmpdir=/tmp, job_id=1, n_cpus=4, mem_gb=32, time_h=4

[Fri Mar 14 05:04:12 2025]
Finished job 255.
66 of 360 steps (18%) done
Select jobs to execute...

[Fri Mar 14 05:04:12 2025]
rule computeErrors:
    input: 0-correction/hifi.seqStore, 0-correction/hifi.ovlStore, 0-correction/find-errors-jobs/0098.range, 0-correction/configureFindErrors.finished
    output: 0-correction/find-errors-jobs/0098.red
    log: 0-correction/find-errors-jobs/0098.err
    jobid: 213
    reason: Missing output files: 0-correction/find-errors-jobs/0098.red
    wildcards: nnnn=0098
    threads: 4
    resources: tmpdir=/tmp, job_id=1, n_cpus=4, mem_gb=32, time_h=4

[Fri Mar 14 05:05:52 2025]
Finished job 327.
67 of 360 steps (19%) done
Select jobs to execute...

[Fri Mar 14 05:05:52 2025]
rule computeErrors:
    input: 0-correction/hifi.seqStore, 0-correction/hifi.ovlStore, 0-correction/find-errors-jobs/0242.range, 0-correction/configureFindErrors.finished
    output: 0-correction/find-errors-jobs/0242.red
    log: 0-correction/find-errors-jobs/0242.err
    jobid: 357
    reason: Missing output files: 0-correction/find-errors-jobs/0242.red
    wildcards: nnnn=0242
    threads: 4
    resources: tmpdir=/tmp, job_id=1, n_cpus=4, mem_gb=32, time_h=4

[Fri Mar 14 05:10:39 2025]
Finished job 357.
68 of 360 steps (19%) done
Select jobs to execute...

[Fri Mar 14 05:10:39 2025]
rule computeErrors:
    input: 0-correction/hifi.seqStore, 0-correction/hifi.ovlStore, 0-correction/find-errors-jobs/0116.range, 0-correction/configureFindErrors.finished
    output: 0-correction/find-errors-jobs/0116.red
    log: 0-correction/find-errors-jobs/0116.err
    jobid: 231
    reason: Missing output files: 0-correction/find-errors-jobs/0116.red
    wildcards: nnnn=0116
    threads: 4
    resources: tmpdir=/tmp, job_id=1, n_cpus=4, mem_gb=32, time_h=4

[Fri Mar 14 05:11:48 2025]
Finished job 213.
69 of 360 steps (19%) done
Select jobs to execute...

[Fri Mar 14 05:11:48 2025]
rule computeErrors:
    input: 0-correction/hifi.seqStore, 0-correction/hifi.ovlStore, 0-correction/find-errors-jobs/0171.range, 0-correction/configureFindErrors.finished
    output: 0-correction/find-errors-jobs/0171.red
    log: 0-correction/find-errors-jobs/0171.err
    jobid: 286
    reason: Missing output files: 0-correction/find-errors-jobs/0171.red
    wildcards: nnnn=0171
    threads: 4
    resources: tmpdir=/tmp, job_id=1, n_cpus=4, mem_gb=32, time_h=4

[Fri Mar 14 05:15:12 2025]
Finished job 231.
70 of 360 steps (19%) done
Select jobs to execute...

[Fri Mar 14 05:15:12 2025]
rule computeErrors:
    input: 0-correction/hifi.seqStore, 0-correction/hifi.ovlStore, 0-correction/find-errors-jobs/0223.range, 0-correction/configureFindErrors.finished
    output: 0-correction/find-errors-jobs/0223.red
    log: 0-correction/find-errors-jobs/0223.err
    jobid: 338
    reason: Missing output files: 0-correction/find-errors-jobs/0223.red
    wildcards: nnnn=0223
    threads: 4
    resources: tmpdir=/tmp, job_id=1, n_cpus=4, mem_gb=32, time_h=4

[Fri Mar 14 05:16:24 2025]
Finished job 286.
71 of 360 steps (20%) done
Select jobs to execute...

[Fri Mar 14 05:16:24 2025]
rule computeErrors:
    input: 0-correction/hifi.seqStore, 0-correction/hifi.ovlStore, 0-correction/find-errors-jobs/0227.range, 0-correction/configureFindErrors.finished
    output: 0-correction/find-errors-jobs/0227.red
    log: 0-correction/find-errors-jobs/0227.err
    jobid: 342
    reason: Missing output files: 0-correction/find-errors-jobs/0227.red
    wildcards: nnnn=0227
    threads: 4
    resources: tmpdir=/tmp, job_id=1, n_cpus=4, mem_gb=32, time_h=4

[Fri Mar 14 05:20:21 2025]
Finished job 338.
72 of 360 steps (20%) done
Select jobs to execute...

[Fri Mar 14 05:20:21 2025]
rule computeErrors:
    input: 0-correction/hifi.seqStore, 0-correction/hifi.ovlStore, 0-correction/find-errors-jobs/0012.range, 0-correction/configureFindErrors.finished
    output: 0-correction/find-errors-jobs/0012.red
    log: 0-correction/find-errors-jobs/0012.err
    jobid: 127
    reason: Missing output files: 0-correction/find-errors-jobs/0012.red
    wildcards: nnnn=0012
    threads: 4
    resources: tmpdir=/tmp, job_id=1, n_cpus=4, mem_gb=32, time_h=4

[Fri Mar 14 05:22:03 2025]
Finished job 342.
73 of 360 steps (20%) done
Select jobs to execute...

[Fri Mar 14 05:22:03 2025]
rule computeErrors:
    input: 0-correction/hifi.seqStore, 0-correction/hifi.ovlStore, 0-correction/find-errors-jobs/0125.range, 0-correction/configureFindErrors.finished
    output: 0-correction/find-errors-jobs/0125.red
    log: 0-correction/find-errors-jobs/0125.err
    jobid: 240
    reason: Missing output files: 0-correction/find-errors-jobs/0125.red
    wildcards: nnnn=0125
    threads: 4
    resources: tmpdir=/tmp, job_id=1, n_cpus=4, mem_gb=32, time_h=4

[Fri Mar 14 05:24:48 2025]
Finished job 127.
74 of 360 steps (21%) done
Select jobs to execute...

[Fri Mar 14 05:24:48 2025]
rule computeErrors:
    input: 0-correction/hifi.seqStore, 0-correction/hifi.ovlStore, 0-correction/find-errors-jobs/0144.range, 0-correction/configureFindErrors.finished
    output: 0-correction/find-errors-jobs/0144.red
    log: 0-correction/find-errors-jobs/0144.err
    jobid: 259
    reason: Missing output files: 0-correction/find-errors-jobs/0144.red
    wildcards: nnnn=0144
    threads: 4
    resources: tmpdir=/tmp, job_id=1, n_cpus=4, mem_gb=32, time_h=4

[Fri Mar 14 05:26:40 2025]
Finished job 240.
75 of 360 steps (21%) done
Select jobs to execute...

[Fri Mar 14 05:26:41 2025]
rule computeErrors:
    input: 0-correction/hifi.seqStore, 0-correction/hifi.ovlStore, 0-correction/find-errors-jobs/0213.range, 0-correction/configureFindErrors.finished
    output: 0-correction/find-errors-jobs/0213.red
    log: 0-correction/find-errors-jobs/0213.err
    jobid: 328
    reason: Missing output files: 0-correction/find-errors-jobs/0213.red
    wildcards: nnnn=0213
    threads: 4
    resources: tmpdir=/tmp, job_id=1, n_cpus=4, mem_gb=32, time_h=4

[Fri Mar 14 05:31:11 2025]
Finished job 328.
76 of 360 steps (21%) done
Select jobs to execute...

[Fri Mar 14 05:31:11 2025]
rule computeErrors:
    input: 0-correction/hifi.seqStore, 0-correction/hifi.ovlStore, 0-correction/find-errors-jobs/0034.range, 0-correction/configureFindErrors.finished
    output: 0-correction/find-errors-jobs/0034.red
    log: 0-correction/find-errors-jobs/0034.err
    jobid: 149
    reason: Missing output files: 0-correction/find-errors-jobs/0034.red
    wildcards: nnnn=0034
    threads: 4
    resources: tmpdir=/tmp, job_id=1, n_cpus=4, mem_gb=32, time_h=4

[Fri Mar 14 05:32:13 2025]
Finished job 259.
77 of 360 steps (21%) done
Select jobs to execute...

[Fri Mar 14 05:32:13 2025]
rule computeErrors:
    input: 0-correction/hifi.seqStore, 0-correction/hifi.ovlStore, 0-correction/find-errors-jobs/0117.range, 0-correction/configureFindErrors.finished
    output: 0-correction/find-errors-jobs/0117.red
    log: 0-correction/find-errors-jobs/0117.err
    jobid: 232
    reason: Missing output files: 0-correction/find-errors-jobs/0117.red
    wildcards: nnnn=0117
    threads: 4
    resources: tmpdir=/tmp, job_id=1, n_cpus=4, mem_gb=32, time_h=4

[Fri Mar 14 05:35:38 2025]
Finished job 149.
78 of 360 steps (22%) done
Select jobs to execute...

[Fri Mar 14 05:35:38 2025]
rule computeErrors:
    input: 0-correction/hifi.seqStore, 0-correction/hifi.ovlStore, 0-correction/find-errors-jobs/0102.range, 0-correction/configureFindErrors.finished
    output: 0-correction/find-errors-jobs/0102.red
    log: 0-correction/find-errors-jobs/0102.err
    jobid: 217
    reason: Missing output files: 0-correction/find-errors-jobs/0102.red
    wildcards: nnnn=0102
    threads: 4
    resources: tmpdir=/tmp, job_id=1, n_cpus=4, mem_gb=32, time_h=4

[Fri Mar 14 05:37:25 2025]
Finished job 232.
79 of 360 steps (22%) done
Select jobs to execute...

[Fri Mar 14 05:37:25 2025]
rule computeErrors:
    input: 0-correction/hifi.seqStore, 0-correction/hifi.ovlStore, 0-correction/find-errors-jobs/0172.range, 0-correction/configureFindErrors.finished
    output: 0-correction/find-errors-jobs/0172.red
    log: 0-correction/find-errors-jobs/0172.err
    jobid: 287
    reason: Missing output files: 0-correction/find-errors-jobs/0172.red
    wildcards: nnnn=0172
    threads: 4
    resources: tmpdir=/tmp, job_id=1, n_cpus=4, mem_gb=32, time_h=4

[Fri Mar 14 05:40:54 2025]
Finished job 217.
80 of 360 steps (22%) done
Select jobs to execute...

[Fri Mar 14 05:40:54 2025]
rule computeErrors:
    input: 0-correction/hifi.seqStore, 0-correction/hifi.ovlStore, 0-correction/find-errors-jobs/0167.range, 0-correction/configureFindErrors.finished
    output: 0-correction/find-errors-jobs/0167.red
    log: 0-correction/find-errors-jobs/0167.err
    jobid: 282
    reason: Missing output files: 0-correction/find-errors-jobs/0167.red
    wildcards: nnnn=0167
    threads: 4
    resources: tmpdir=/tmp, job_id=1, n_cpus=4, mem_gb=32, time_h=4

[Fri Mar 14 05:42:18 2025]
Finished job 287.
81 of 360 steps (22%) done
Select jobs to execute...

[Fri Mar 14 05:42:18 2025]
rule computeErrors:
    input: 0-correction/hifi.seqStore, 0-correction/hifi.ovlStore, 0-correction/find-errors-jobs/0228.range, 0-correction/configureFindErrors.finished
    output: 0-correction/find-errors-jobs/0228.red
    log: 0-correction/find-errors-jobs/0228.err
    jobid: 343
    reason: Missing output files: 0-correction/find-errors-jobs/0228.red
    wildcards: nnnn=0228
    threads: 4
    resources: tmpdir=/tmp, job_id=1, n_cpus=4, mem_gb=32, time_h=4

[Fri Mar 14 05:46:11 2025]
Finished job 282.
82 of 360 steps (23%) done
Select jobs to execute...

[Fri Mar 14 05:46:11 2025]
rule computeErrors:
    input: 0-correction/hifi.seqStore, 0-correction/hifi.ovlStore, 0-correction/find-errors-jobs/0112.range, 0-correction/configureFindErrors.finished
    output: 0-correction/find-errors-jobs/0112.red
    log: 0-correction/find-errors-jobs/0112.err
    jobid: 227
    reason: Missing output files: 0-correction/find-errors-jobs/0112.red
    wildcards: nnnn=0112
    threads: 4
    resources: tmpdir=/tmp, job_id=1, n_cpus=4, mem_gb=32, time_h=4

[Fri Mar 14 05:47:34 2025]
Finished job 343.
83 of 360 steps (23%) done
Select jobs to execute...

[Fri Mar 14 05:47:34 2025]
rule computeErrors:
    input: 0-correction/hifi.seqStore, 0-correction/hifi.ovlStore, 0-correction/find-errors-jobs/0103.range, 0-correction/configureFindErrors.finished
    output: 0-correction/find-errors-jobs/0103.red
    log: 0-correction/find-errors-jobs/0103.err
    jobid: 218
    reason: Missing output files: 0-correction/find-errors-jobs/0103.red
    wildcards: nnnn=0103
    threads: 4
    resources: tmpdir=/tmp, job_id=1, n_cpus=4, mem_gb=32, time_h=4

[Fri Mar 14 05:50:59 2025]
Finished job 227.
84 of 360 steps (23%) done
Select jobs to execute...

[Fri Mar 14 05:50:59 2025]
rule computeErrors:
    input: 0-correction/hifi.seqStore, 0-correction/hifi.ovlStore, 0-correction/find-errors-jobs/0145.range, 0-correction/configureFindErrors.finished
    output: 0-correction/find-errors-jobs/0145.red
    log: 0-correction/find-errors-jobs/0145.err
    jobid: 260
    reason: Missing output files: 0-correction/find-errors-jobs/0145.red
    wildcards: nnnn=0145
    threads: 4
    resources: tmpdir=/tmp, job_id=1, n_cpus=4, mem_gb=32, time_h=4

[Fri Mar 14 05:52:52 2025]
Finished job 218.
85 of 360 steps (24%) done
Select jobs to execute...

[Fri Mar 14 05:52:52 2025]
rule computeErrors:
    input: 0-correction/hifi.seqStore, 0-correction/hifi.ovlStore, 0-correction/find-errors-jobs/0214.range, 0-correction/configureFindErrors.finished
    output: 0-correction/find-errors-jobs/0214.red
    log: 0-correction/find-errors-jobs/0214.err
    jobid: 329
    reason: Missing output files: 0-correction/find-errors-jobs/0214.red
    wildcards: nnnn=0214
    threads: 4
    resources: tmpdir=/tmp, job_id=1, n_cpus=4, mem_gb=32, time_h=4

[Fri Mar 14 05:56:54 2025]
Finished job 260.
86 of 360 steps (24%) done
Select jobs to execute...

[Fri Mar 14 05:56:55 2025]
rule computeErrors:
    input: 0-correction/hifi.seqStore, 0-correction/hifi.ovlStore, 0-correction/find-errors-jobs/0208.range, 0-correction/configureFindErrors.finished
    output: 0-correction/find-errors-jobs/0208.red
    log: 0-correction/find-errors-jobs/0208.err
    jobid: 323
    reason: Missing output files: 0-correction/find-errors-jobs/0208.red
    wildcards: nnnn=0208
    threads: 4
    resources: tmpdir=/tmp, job_id=1, n_cpus=4, mem_gb=32, time_h=4

[Fri Mar 14 05:57:50 2025]
Finished job 329.
87 of 360 steps (24%) done
Select jobs to execute...

[Fri Mar 14 05:57:50 2025]
rule computeErrors:
    input: 0-correction/hifi.seqStore, 0-correction/hifi.ovlStore, 0-correction/find-errors-jobs/0185.range, 0-correction/configureFindErrors.finished
    output: 0-correction/find-errors-jobs/0185.red
    log: 0-correction/find-errors-jobs/0185.err
    jobid: 300
    reason: Missing output files: 0-correction/find-errors-jobs/0185.red
    wildcards: nnnn=0185
    threads: 4
    resources: tmpdir=/tmp, job_id=1, n_cpus=4, mem_gb=32, time_h=4

[Fri Mar 14 06:02:13 2025]
Finished job 323.
88 of 360 steps (24%) done
Select jobs to execute...

[Fri Mar 14 06:02:13 2025]
rule computeErrors:
    input: 0-correction/hifi.seqStore, 0-correction/hifi.ovlStore, 0-correction/find-errors-jobs/0139.range, 0-correction/configureFindErrors.finished
    output: 0-correction/find-errors-jobs/0139.red
    log: 0-correction/find-errors-jobs/0139.err
    jobid: 254
    reason: Missing output files: 0-correction/find-errors-jobs/0139.red
    wildcards: nnnn=0139
    threads: 4
    resources: tmpdir=/tmp, job_id=1, n_cpus=4, mem_gb=32, time_h=4

[Fri Mar 14 06:02:38 2025]
Finished job 300.
89 of 360 steps (25%) done
Select jobs to execute...

[Fri Mar 14 06:02:38 2025]
rule computeErrors:
    input: 0-correction/hifi.seqStore, 0-correction/hifi.ovlStore, 0-correction/find-errors-jobs/0118.range, 0-correction/configureFindErrors.finished
    output: 0-correction/find-errors-jobs/0118.red
    log: 0-correction/find-errors-jobs/0118.err
    jobid: 233
    reason: Missing output files: 0-correction/find-errors-jobs/0118.red
    wildcards: nnnn=0118
    threads: 4
    resources: tmpdir=/tmp, job_id=1, n_cpus=4, mem_gb=32, time_h=4

[Fri Mar 14 06:07:27 2025]
Finished job 254.
90 of 360 steps (25%) done
Select jobs to execute...

[Fri Mar 14 06:07:27 2025]
rule computeErrors:
    input: 0-correction/hifi.seqStore, 0-correction/hifi.ovlStore, 0-correction/find-errors-jobs/0097.range, 0-correction/configureFindErrors.finished
    output: 0-correction/find-errors-jobs/0097.red
    log: 0-correction/find-errors-jobs/0097.err
    jobid: 212
    reason: Missing output files: 0-correction/find-errors-jobs/0097.red
    wildcards: nnnn=0097
    threads: 4
    resources: tmpdir=/tmp, job_id=1, n_cpus=4, mem_gb=32, time_h=4

[Fri Mar 14 06:07:40 2025]
Finished job 233.
91 of 360 steps (25%) done
Select jobs to execute...

[Fri Mar 14 06:07:40 2025]
rule computeErrors:
    input: 0-correction/hifi.seqStore, 0-correction/hifi.ovlStore, 0-correction/find-errors-jobs/0173.range, 0-correction/configureFindErrors.finished
    output: 0-correction/find-errors-jobs/0173.red
    log: 0-correction/find-errors-jobs/0173.err
    jobid: 288
    reason: Missing output files: 0-correction/find-errors-jobs/0173.red
    wildcards: nnnn=0173
    threads: 4
    resources: tmpdir=/tmp, job_id=1, n_cpus=4, mem_gb=32, time_h=4

[Fri Mar 14 06:12:27 2025]
Finished job 288.
92 of 360 steps (26%) done
Select jobs to execute...

[Fri Mar 14 06:12:27 2025]
rule computeErrors:
    input: 0-correction/hifi.seqStore, 0-correction/hifi.ovlStore, 0-correction/find-errors-jobs/0229.range, 0-correction/configureFindErrors.finished
    output: 0-correction/find-errors-jobs/0229.red
    log: 0-correction/find-errors-jobs/0229.err
    jobid: 344
    reason: Missing output files: 0-correction/find-errors-jobs/0229.red
    wildcards: nnnn=0229
    threads: 4
    resources: tmpdir=/tmp, job_id=1, n_cpus=4, mem_gb=32, time_h=4

[Fri Mar 14 06:12:58 2025]
Finished job 212.
93 of 360 steps (26%) done
Select jobs to execute...

[Fri Mar 14 06:12:58 2025]
rule computeErrors:
    input: 0-correction/hifi.seqStore, 0-correction/hifi.ovlStore, 0-correction/find-errors-jobs/0104.range, 0-correction/configureFindErrors.finished
    output: 0-correction/find-errors-jobs/0104.red
    log: 0-correction/find-errors-jobs/0104.err
    jobid: 219
    reason: Missing output files: 0-correction/find-errors-jobs/0104.red
    wildcards: nnnn=0104
    threads: 4
    resources: tmpdir=/tmp, job_id=1, n_cpus=4, mem_gb=32, time_h=4

[Fri Mar 14 06:16:54 2025]
Finished job 344.
94 of 360 steps (26%) done
Select jobs to execute...

[Fri Mar 14 06:16:54 2025]
rule computeErrors:
    input: 0-correction/hifi.seqStore, 0-correction/hifi.ovlStore, 0-correction/find-errors-jobs/0222.range, 0-correction/configureFindErrors.finished
    output: 0-correction/find-errors-jobs/0222.red
    log: 0-correction/find-errors-jobs/0222.err
    jobid: 337
    reason: Missing output files: 0-correction/find-errors-jobs/0222.red
    wildcards: nnnn=0222
    threads: 4
    resources: tmpdir=/tmp, job_id=1, n_cpus=4, mem_gb=32, time_h=4

[Fri Mar 14 06:18:42 2025]
Finished job 219.
95 of 360 steps (26%) done
Select jobs to execute...

[Fri Mar 14 06:18:42 2025]
rule computeErrors:
    input: 0-correction/hifi.seqStore, 0-correction/hifi.ovlStore, 0-correction/find-errors-jobs/0146.range, 0-correction/configureFindErrors.finished
    output: 0-correction/find-errors-jobs/0146.red
    log: 0-correction/find-errors-jobs/0146.err
    jobid: 261
    reason: Missing output files: 0-correction/find-errors-jobs/0146.red
    wildcards: nnnn=0146
    threads: 4
    resources: tmpdir=/tmp, job_id=1, n_cpus=4, mem_gb=32, time_h=4

[Fri Mar 14 06:21:47 2025]
Finished job 337.
96 of 360 steps (27%) done
Select jobs to execute...

[Fri Mar 14 06:21:47 2025]
rule computeErrors:
    input: 0-correction/hifi.seqStore, 0-correction/hifi.ovlStore, 0-correction/find-errors-jobs/0166.range, 0-correction/configureFindErrors.finished
    output: 0-correction/find-errors-jobs/0166.red
    log: 0-correction/find-errors-jobs/0166.err
    jobid: 281
    reason: Missing output files: 0-correction/find-errors-jobs/0166.red
    wildcards: nnnn=0166
    threads: 4
    resources: tmpdir=/tmp, job_id=1, n_cpus=4, mem_gb=32, time_h=4

[Fri Mar 14 06:23:19 2025]
Finished job 261.
97 of 360 steps (27%) done
Select jobs to execute...

[Fri Mar 14 06:23:19 2025]
rule computeErrors:
    input: 0-correction/hifi.seqStore, 0-correction/hifi.ovlStore, 0-correction/find-errors-jobs/0191.range, 0-correction/configureFindErrors.finished
    output: 0-correction/find-errors-jobs/0191.red
    log: 0-correction/find-errors-jobs/0191.err
    jobid: 306
    reason: Missing output files: 0-correction/find-errors-jobs/0191.red
    wildcards: nnnn=0191
    threads: 4
    resources: tmpdir=/tmp, job_id=1, n_cpus=4, mem_gb=32, time_h=4

[Fri Mar 14 06:26:59 2025]
Finished job 281.
98 of 360 steps (27%) done
Select jobs to execute...

[Fri Mar 14 06:26:59 2025]
rule computeErrors:
    input: 0-correction/hifi.seqStore, 0-correction/hifi.ovlStore, 0-correction/find-errors-jobs/0111.range, 0-correction/configureFindErrors.finished
    output: 0-correction/find-errors-jobs/0111.red
    log: 0-correction/find-errors-jobs/0111.err
    jobid: 226
    reason: Missing output files: 0-correction/find-errors-jobs/0111.red
    wildcards: nnnn=0111
    threads: 4
    resources: tmpdir=/tmp, job_id=1, n_cpus=4, mem_gb=32, time_h=4

[Fri Mar 14 06:28:07 2025]
Finished job 306.
99 of 360 steps (28%) done
Select jobs to execute...

[Fri Mar 14 06:28:07 2025]
rule computeErrors:
    input: 0-correction/hifi.seqStore, 0-correction/hifi.ovlStore, 0-correction/find-errors-jobs/0215.range, 0-correction/configureFindErrors.finished
    output: 0-correction/find-errors-jobs/0215.red
    log: 0-correction/find-errors-jobs/0215.err
    jobid: 330
    reason: Missing output files: 0-correction/find-errors-jobs/0215.red
    wildcards: nnnn=0215
    threads: 4
    resources: tmpdir=/tmp, job_id=1, n_cpus=4, mem_gb=32, time_h=4

[Fri Mar 14 06:31:41 2025]
Finished job 226.
100 of 360 steps (28%) done
Select jobs to execute...

[Fri Mar 14 06:31:41 2025]
rule computeErrors:
    input: 0-correction/hifi.seqStore, 0-correction/hifi.ovlStore, 0-correction/find-errors-jobs/0119.range, 0-correction/configureFindErrors.finished
    output: 0-correction/find-errors-jobs/0119.red
    log: 0-correction/find-errors-jobs/0119.err
    jobid: 234
    reason: Missing output files: 0-correction/find-errors-jobs/0119.red
    wildcards: nnnn=0119
    threads: 4
    resources: tmpdir=/tmp, job_id=1, n_cpus=4, mem_gb=32, time_h=4

[Fri Mar 14 06:32:28 2025]
Finished job 330.
101 of 360 steps (28%) done
Select jobs to execute...

[Fri Mar 14 06:32:28 2025]
rule computeErrors:
    input: 0-correction/hifi.seqStore, 0-correction/hifi.ovlStore, 0-correction/find-errors-jobs/0174.range, 0-correction/configureFindErrors.finished
    output: 0-correction/find-errors-jobs/0174.red
    log: 0-correction/find-errors-jobs/0174.err
    jobid: 289
    reason: Missing output files: 0-correction/find-errors-jobs/0174.red
    wildcards: nnnn=0174
    threads: 4
    resources: tmpdir=/tmp, job_id=1, n_cpus=4, mem_gb=32, time_h=4

[Fri Mar 14 06:36:35 2025]
Finished job 234.
102 of 360 steps (28%) done
Select jobs to execute...

[Fri Mar 14 06:36:35 2025]
rule computeErrors:
    input: 0-correction/hifi.seqStore, 0-correction/hifi.ovlStore, 0-correction/find-errors-jobs/0151.range, 0-correction/configureFindErrors.finished
    output: 0-correction/find-errors-jobs/0151.red
    log: 0-correction/find-errors-jobs/0151.err
    jobid: 266
    reason: Missing output files: 0-correction/find-errors-jobs/0151.red
    wildcards: nnnn=0151
    threads: 4
    resources: tmpdir=/tmp, job_id=1, n_cpus=4, mem_gb=32, time_h=4

[Fri Mar 14 06:39:39 2025]
Finished job 289.
103 of 360 steps (29%) done
Select jobs to execute...

[Fri Mar 14 06:39:39 2025]
rule computeErrors:
    input: 0-correction/hifi.seqStore, 0-correction/hifi.ovlStore, 0-correction/find-errors-jobs/0055.range, 0-correction/configureFindErrors.finished
    output: 0-correction/find-errors-jobs/0055.red
    log: 0-correction/find-errors-jobs/0055.err
    jobid: 170
    reason: Missing output files: 0-correction/find-errors-jobs/0055.red
    wildcards: nnnn=0055
    threads: 4
    resources: tmpdir=/tmp, job_id=1, n_cpus=4, mem_gb=32, time_h=4

[Fri Mar 14 06:41:08 2025]
Finished job 266.
104 of 360 steps (29%) done
Select jobs to execute...

[Fri Mar 14 06:41:08 2025]
rule computeErrors:
    input: 0-correction/hifi.seqStore, 0-correction/hifi.ovlStore, 0-correction/find-errors-jobs/0105.range, 0-correction/configureFindErrors.finished
    output: 0-correction/find-errors-jobs/0105.red
    log: 0-correction/find-errors-jobs/0105.err
    jobid: 220
    reason: Missing output files: 0-correction/find-errors-jobs/0105.red
    wildcards: nnnn=0105
    threads: 4
    resources: tmpdir=/tmp, job_id=1, n_cpus=4, mem_gb=32, time_h=4

[Fri Mar 14 06:44:23 2025]
Finished job 170.
105 of 360 steps (29%) done
Select jobs to execute...

[Fri Mar 14 06:44:23 2025]
rule computeErrors:
    input: 0-correction/hifi.seqStore, 0-correction/hifi.ovlStore, 0-correction/find-errors-jobs/0147.range, 0-correction/configureFindErrors.finished
    output: 0-correction/find-errors-jobs/0147.red
    log: 0-correction/find-errors-jobs/0147.err
    jobid: 262
    reason: Missing output files: 0-correction/find-errors-jobs/0147.red
    wildcards: nnnn=0147
    threads: 4
    resources: tmpdir=/tmp, job_id=1, n_cpus=4, mem_gb=32, time_h=4

[Fri Mar 14 06:46:33 2025]
Finished job 220.
106 of 360 steps (29%) done
Select jobs to execute...

[Fri Mar 14 06:46:33 2025]
rule computeErrors:
    input: 0-correction/hifi.seqStore, 0-correction/hifi.ovlStore, 0-correction/find-errors-jobs/0230.range, 0-correction/configureFindErrors.finished
    output: 0-correction/find-errors-jobs/0230.red
    log: 0-correction/find-errors-jobs/0230.err
    jobid: 345
    reason: Missing output files: 0-correction/find-errors-jobs/0230.red
    wildcards: nnnn=0230
    threads: 4
    resources: tmpdir=/tmp, job_id=1, n_cpus=4, mem_gb=32, time_h=4

[Fri Mar 14 06:48:51 2025]
Finished job 262.
107 of 360 steps (30%) done
Select jobs to execute...

[Fri Mar 14 06:48:51 2025]
rule computeErrors:
    input: 0-correction/hifi.seqStore, 0-correction/hifi.ovlStore, 0-correction/find-errors-jobs/0216.range, 0-correction/configureFindErrors.finished
    output: 0-correction/find-errors-jobs/0216.red
    log: 0-correction/find-errors-jobs/0216.err
    jobid: 331
    reason: Missing output files: 0-correction/find-errors-jobs/0216.red
    wildcards: nnnn=0216
    threads: 4
    resources: tmpdir=/tmp, job_id=1, n_cpus=4, mem_gb=32, time_h=4

[Fri Mar 14 06:50:26 2025]
Finished job 345.
108 of 360 steps (30%) done
Select jobs to execute...

[Fri Mar 14 06:50:27 2025]
rule computeErrors:
    input: 0-correction/hifi.seqStore, 0-correction/hifi.ovlStore, 0-correction/find-errors-jobs/0120.range, 0-correction/configureFindErrors.finished
    output: 0-correction/find-errors-jobs/0120.red
    log: 0-correction/find-errors-jobs/0120.err
    jobid: 235
    reason: Missing output files: 0-correction/find-errors-jobs/0120.red
    wildcards: nnnn=0120
    threads: 4
    resources: tmpdir=/tmp, job_id=1, n_cpus=4, mem_gb=32, time_h=4

[Fri Mar 14 06:53:48 2025]
Finished job 331.
109 of 360 steps (30%) done
Select jobs to execute...

[Fri Mar 14 06:53:48 2025]
rule computeErrors:
    input: 0-correction/hifi.seqStore, 0-correction/hifi.ovlStore, 0-correction/find-errors-jobs/0175.range, 0-correction/configureFindErrors.finished
    output: 0-correction/find-errors-jobs/0175.red
    log: 0-correction/find-errors-jobs/0175.err
    jobid: 290
    reason: Missing output files: 0-correction/find-errors-jobs/0175.red
    wildcards: nnnn=0175
    threads: 4
    resources: tmpdir=/tmp, job_id=1, n_cpus=4, mem_gb=32, time_h=4

[Fri Mar 14 06:55:50 2025]
Finished job 235.
110 of 360 steps (31%) done
Select jobs to execute...

[Fri Mar 14 06:55:50 2025]
rule computeErrors:
    input: 0-correction/hifi.seqStore, 0-correction/hifi.ovlStore, 0-correction/find-errors-jobs/0161.range, 0-correction/configureFindErrors.finished
    output: 0-correction/find-errors-jobs/0161.red
    log: 0-correction/find-errors-jobs/0161.err
    jobid: 276
    reason: Missing output files: 0-correction/find-errors-jobs/0161.red
    wildcards: nnnn=0161
    threads: 4
    resources: tmpdir=/tmp, job_id=1, n_cpus=4, mem_gb=32, time_h=4

[Fri Mar 14 06:59:01 2025]
Finished job 290.
111 of 360 steps (31%) done
Select jobs to execute...

[Fri Mar 14 06:59:01 2025]
rule computeErrors:
    input: 0-correction/hifi.seqStore, 0-correction/hifi.ovlStore, 0-correction/find-errors-jobs/0231.range, 0-correction/configureFindErrors.finished
    output: 0-correction/find-errors-jobs/0231.red
    log: 0-correction/find-errors-jobs/0231.err
    jobid: 346
    reason: Missing output files: 0-correction/find-errors-jobs/0231.red
    wildcards: nnnn=0231
    threads: 4
    resources: tmpdir=/tmp, job_id=1, n_cpus=4, mem_gb=32, time_h=4

[Fri Mar 14 06:59:54 2025]
Finished job 276.
112 of 360 steps (31%) done
Select jobs to execute...

[Fri Mar 14 06:59:54 2025]
rule computeErrors:
    input: 0-correction/hifi.seqStore, 0-correction/hifi.ovlStore, 0-correction/find-errors-jobs/0247.range, 0-correction/configureFindErrors.finished
    output: 0-correction/find-errors-jobs/0247.red
    log: 0-correction/find-errors-jobs/0247.err
    jobid: 362
    reason: Missing output files: 0-correction/find-errors-jobs/0247.red
    wildcards: nnnn=0247
    threads: 4
    resources: tmpdir=/tmp, job_id=1, n_cpus=4, mem_gb=32, time_h=4

[Fri Mar 14 07:02:42 2025]
Finished job 346.
113 of 360 steps (31%) done
Select jobs to execute...

[Fri Mar 14 07:02:42 2025]
rule computeErrors:
    input: 0-correction/hifi.seqStore, 0-correction/hifi.ovlStore, 0-correction/find-errors-jobs/0106.range, 0-correction/configureFindErrors.finished
    output: 0-correction/find-errors-jobs/0106.red
    log: 0-correction/find-errors-jobs/0106.err
    jobid: 221
    reason: Missing output files: 0-correction/find-errors-jobs/0106.red
    wildcards: nnnn=0106
    threads: 4
    resources: tmpdir=/tmp, job_id=1, n_cpus=4, mem_gb=32, time_h=4

[Fri Mar 14 07:03:27 2025]
Finished job 362.
114 of 360 steps (32%) done
Select jobs to execute...

[Fri Mar 14 07:03:27 2025]
rule computeErrors:
    input: 0-correction/hifi.seqStore, 0-correction/hifi.ovlStore, 0-correction/find-errors-jobs/0207.range, 0-correction/configureFindErrors.finished
    output: 0-correction/find-errors-jobs/0207.red
    log: 0-correction/find-errors-jobs/0207.err
    jobid: 322
    reason: Missing output files: 0-correction/find-errors-jobs/0207.red
    wildcards: nnnn=0207
    threads: 4
    resources: tmpdir=/tmp, job_id=1, n_cpus=4, mem_gb=32, time_h=4

[Fri Mar 14 07:07:21 2025]
Finished job 221.
115 of 360 steps (32%) done
Select jobs to execute...

[Fri Mar 14 07:07:23 2025]
rule computeErrors:
    input: 0-correction/hifi.seqStore, 0-correction/hifi.ovlStore, 0-correction/find-errors-jobs/0148.range, 0-correction/configureFindErrors.finished
    output: 0-correction/find-errors-jobs/0148.red
    log: 0-correction/find-errors-jobs/0148.err
    jobid: 263
    reason: Missing output files: 0-correction/find-errors-jobs/0148.red
    wildcards: nnnn=0148
    threads: 4
    resources: tmpdir=/tmp, job_id=1, n_cpus=4, mem_gb=32, time_h=4

[Fri Mar 14 07:07:55 2025]
Finished job 322.
116 of 360 steps (32%) done
Select jobs to execute...

[Fri Mar 14 07:07:55 2025]
rule computeErrors:
    input: 0-correction/hifi.seqStore, 0-correction/hifi.ovlStore, 0-correction/find-errors-jobs/0217.range, 0-correction/configureFindErrors.finished
    output: 0-correction/find-errors-jobs/0217.red
    log: 0-correction/find-errors-jobs/0217.err
    jobid: 332
    reason: Missing output files: 0-correction/find-errors-jobs/0217.red
    wildcards: nnnn=0217
    threads: 4
    resources: tmpdir=/tmp, job_id=1, n_cpus=4, mem_gb=32, time_h=4

[Fri Mar 14 07:11:49 2025]
Finished job 263.
117 of 360 steps (32%) done
Select jobs to execute...

[Fri Mar 14 07:11:49 2025]
rule computeErrors:
    input: 0-correction/hifi.seqStore, 0-correction/hifi.ovlStore, 0-correction/find-errors-jobs/0237.range, 0-correction/configureFindErrors.finished
    output: 0-correction/find-errors-jobs/0237.red
    log: 0-correction/find-errors-jobs/0237.err
    jobid: 352
    reason: Missing output files: 0-correction/find-errors-jobs/0237.red
    wildcards: nnnn=0237
    threads: 4
    resources: tmpdir=/tmp, job_id=1, n_cpus=4, mem_gb=32, time_h=4

[Fri Mar 14 07:11:53 2025]
Finished job 332.
118 of 360 steps (33%) done
Select jobs to execute...

[Fri Mar 14 07:11:53 2025]
rule computeErrors:
    input: 0-correction/hifi.seqStore, 0-correction/hifi.ovlStore, 0-correction/find-errors-jobs/0241.range, 0-correction/configureFindErrors.finished
    output: 0-correction/find-errors-jobs/0241.red
    log: 0-correction/find-errors-jobs/0241.err
    jobid: 356
    reason: Missing output files: 0-correction/find-errors-jobs/0241.red
    wildcards: nnnn=0241
    threads: 4
    resources: tmpdir=/tmp, job_id=1, n_cpus=4, mem_gb=32, time_h=4

[Fri Mar 14 07:15:50 2025]
Finished job 352.
119 of 360 steps (33%) done
Select jobs to execute...

[Fri Mar 14 07:15:50 2025]
rule computeErrors:
    input: 0-correction/hifi.seqStore, 0-correction/hifi.ovlStore, 0-correction/find-errors-jobs/0243.range, 0-correction/configureFindErrors.finished
    output: 0-correction/find-errors-jobs/0243.red
    log: 0-correction/find-errors-jobs/0243.err
    jobid: 358
    reason: Missing output files: 0-correction/find-errors-jobs/0243.red
    wildcards: nnnn=0243
    threads: 4
    resources: tmpdir=/tmp, job_id=1, n_cpus=4, mem_gb=32, time_h=4

[Fri Mar 14 07:16:19 2025]
Finished job 356.
120 of 360 steps (33%) done
Select jobs to execute...

[Fri Mar 14 07:16:19 2025]
rule computeErrors:
    input: 0-correction/hifi.seqStore, 0-correction/hifi.ovlStore, 0-correction/find-errors-jobs/0249.range, 0-correction/configureFindErrors.finished
    output: 0-correction/find-errors-jobs/0249.red
    log: 0-correction/find-errors-jobs/0249.err
    jobid: 364
    reason: Missing output files: 0-correction/find-errors-jobs/0249.red
    wildcards: nnnn=0249
    threads: 4
    resources: tmpdir=/tmp, job_id=1, n_cpus=4, mem_gb=32, time_h=4

[Fri Mar 14 07:20:35 2025]
Finished job 358.
121 of 360 steps (34%) done
Select jobs to execute...

[Fri Mar 14 07:20:35 2025]
rule computeErrors:
    input: 0-correction/hifi.seqStore, 0-correction/hifi.ovlStore, 0-correction/find-errors-jobs/0121.range, 0-correction/configureFindErrors.finished
    output: 0-correction/find-errors-jobs/0121.red
    log: 0-correction/find-errors-jobs/0121.err
    jobid: 236
    reason: Missing output files: 0-correction/find-errors-jobs/0121.red
    wildcards: nnnn=0121
    threads: 4
    resources: tmpdir=/tmp, job_id=1, n_cpus=4, mem_gb=32, time_h=4

[Fri Mar 14 07:21:40 2025]
Finished job 364.
122 of 360 steps (34%) done
Select jobs to execute...

[Fri Mar 14 07:21:40 2025]
rule computeErrors:
    input: 0-correction/hifi.seqStore, 0-correction/hifi.ovlStore, 0-correction/find-errors-jobs/0138.range, 0-correction/configureFindErrors.finished
    output: 0-correction/find-errors-jobs/0138.red
    log: 0-correction/find-errors-jobs/0138.err
    jobid: 253
    reason: Missing output files: 0-correction/find-errors-jobs/0138.red
    wildcards: nnnn=0138
    threads: 4
    resources: tmpdir=/tmp, job_id=1, n_cpus=4, mem_gb=32, time_h=4

[Fri Mar 14 07:26:10 2025]
Finished job 253.
123 of 360 steps (34%) done
Select jobs to execute...

[Fri Mar 14 07:26:11 2025]
rule computeErrors:
    input: 0-correction/hifi.seqStore, 0-correction/hifi.ovlStore, 0-correction/find-errors-jobs/0176.range, 0-correction/configureFindErrors.finished
    output: 0-correction/find-errors-jobs/0176.red
    log: 0-correction/find-errors-jobs/0176.err
    jobid: 291
    reason: Missing output files: 0-correction/find-errors-jobs/0176.red
    wildcards: nnnn=0176
    threads: 4
    resources: tmpdir=/tmp, job_id=1, n_cpus=4, mem_gb=32, time_h=4

[Fri Mar 14 07:26:20 2025]
Finished job 236.
124 of 360 steps (34%) done
Select jobs to execute...

[Fri Mar 14 07:26:20 2025]
rule computeErrors:
    input: 0-correction/hifi.seqStore, 0-correction/hifi.ovlStore, 0-correction/find-errors-jobs/0232.range, 0-correction/configureFindErrors.finished
    output: 0-correction/find-errors-jobs/0232.red
    log: 0-correction/find-errors-jobs/0232.err
    jobid: 347
    reason: Missing output files: 0-correction/find-errors-jobs/0232.red
    wildcards: nnnn=0232
    threads: 4
    resources: tmpdir=/tmp, job_id=1, n_cpus=4, mem_gb=32, time_h=4

[Fri Mar 14 07:30:23 2025]
Finished job 291.
125 of 360 steps (35%) done
Select jobs to execute...

[Fri Mar 14 07:30:23 2025]
rule computeErrors:
    input: 0-correction/hifi.seqStore, 0-correction/hifi.ovlStore, 0-correction/find-errors-jobs/0107.range, 0-correction/configureFindErrors.finished
    output: 0-correction/find-errors-jobs/0107.red
    log: 0-correction/find-errors-jobs/0107.err
    jobid: 222
    reason: Missing output files: 0-correction/find-errors-jobs/0107.red
    wildcards: nnnn=0107
    threads: 4
    resources: tmpdir=/tmp, job_id=1, n_cpus=4, mem_gb=32, time_h=4

[Fri Mar 14 07:30:30 2025]
Finished job 347.
126 of 360 steps (35%) done
Select jobs to execute...

[Fri Mar 14 07:30:30 2025]
rule computeErrors:
    input: 0-correction/hifi.seqStore, 0-correction/hifi.ovlStore, 0-correction/find-errors-jobs/0096.range, 0-correction/configureFindErrors.finished
    output: 0-correction/find-errors-jobs/0096.red
    log: 0-correction/find-errors-jobs/0096.err
    jobid: 211
    reason: Missing output files: 0-correction/find-errors-jobs/0096.red
    wildcards: nnnn=0096
    threads: 4
    resources: tmpdir=/tmp, job_id=1, n_cpus=4, mem_gb=32, time_h=4

[Fri Mar 14 07:35:25 2025]
Finished job 222.
127 of 360 steps (35%) done
Select jobs to execute...

[Fri Mar 14 07:35:25 2025]
rule computeErrors:
    input: 0-correction/hifi.seqStore, 0-correction/hifi.ovlStore, 0-correction/find-errors-jobs/0218.range, 0-correction/configureFindErrors.finished
    output: 0-correction/find-errors-jobs/0218.red
    log: 0-correction/find-errors-jobs/0218.err
    jobid: 333
    reason: Missing output files: 0-correction/find-errors-jobs/0218.red
    wildcards: nnnn=0218
    threads: 4
    resources: tmpdir=/tmp, job_id=1, n_cpus=4, mem_gb=32, time_h=4

[Fri Mar 14 07:35:29 2025]
Finished job 211.
128 of 360 steps (36%) done
Select jobs to execute...

[Fri Mar 14 07:35:29 2025]
rule computeErrors:
    input: 0-correction/hifi.seqStore, 0-correction/hifi.ovlStore, 0-correction/find-errors-jobs/0221.range, 0-correction/configureFindErrors.finished
    output: 0-correction/find-errors-jobs/0221.red
    log: 0-correction/find-errors-jobs/0221.err
    jobid: 336
    reason: Missing output files: 0-correction/find-errors-jobs/0221.red
    wildcards: nnnn=0221
    threads: 4
    resources: tmpdir=/tmp, job_id=1, n_cpus=4, mem_gb=32, time_h=4

[Fri Mar 14 07:39:33 2025]
Finished job 333.
129 of 360 steps (36%) done
Select jobs to execute...

[Fri Mar 14 07:39:33 2025]
rule computeErrors:
    input: 0-correction/hifi.seqStore, 0-correction/hifi.ovlStore, 0-correction/find-errors-jobs/0029.range, 0-correction/configureFindErrors.finished
    output: 0-correction/find-errors-jobs/0029.red
    log: 0-correction/find-errors-jobs/0029.err
    jobid: 144
    reason: Missing output files: 0-correction/find-errors-jobs/0029.red
    wildcards: nnnn=0029
    threads: 4
    resources: tmpdir=/tmp, job_id=1, n_cpus=4, mem_gb=32, time_h=4

[Fri Mar 14 07:40:06 2025]
Finished job 336.
130 of 360 steps (36%) done
Select jobs to execute...

[Fri Mar 14 07:40:06 2025]
rule computeErrors:
    input: 0-correction/hifi.seqStore, 0-correction/hifi.ovlStore, 0-correction/find-errors-jobs/0068.range, 0-correction/configureFindErrors.finished
    output: 0-correction/find-errors-jobs/0068.red
    log: 0-correction/find-errors-jobs/0068.err
    jobid: 183
    reason: Missing output files: 0-correction/find-errors-jobs/0068.red
    wildcards: nnnn=0068
    threads: 4
    resources: tmpdir=/tmp, job_id=1, n_cpus=4, mem_gb=32, time_h=4

[Fri Mar 14 07:43:28 2025]
Finished job 144.
131 of 360 steps (36%) done
Select jobs to execute...

[Fri Mar 14 07:43:28 2025]
rule computeErrors:
    input: 0-correction/hifi.seqStore, 0-correction/hifi.ovlStore, 0-correction/find-errors-jobs/0041.range, 0-correction/configureFindErrors.finished
    output: 0-correction/find-errors-jobs/0041.red
    log: 0-correction/find-errors-jobs/0041.err
    jobid: 156
    reason: Missing output files: 0-correction/find-errors-jobs/0041.red
    wildcards: nnnn=0041
    threads: 4
    resources: tmpdir=/tmp, job_id=1, n_cpus=4, mem_gb=32, time_h=4

[Fri Mar 14 07:46:40 2025]
Finished job 183.
132 of 360 steps (37%) done
Select jobs to execute...

[Fri Mar 14 07:46:40 2025]
rule computeErrors:
    input: 0-correction/hifi.seqStore, 0-correction/hifi.ovlStore, 0-correction/find-errors-jobs/0069.range, 0-correction/configureFindErrors.finished
    output: 0-correction/find-errors-jobs/0069.red
    log: 0-correction/find-errors-jobs/0069.err
    jobid: 184
    reason: Missing output files: 0-correction/find-errors-jobs/0069.red
    wildcards: nnnn=0069
    threads: 4
    resources: tmpdir=/tmp, job_id=1, n_cpus=4, mem_gb=32, time_h=4

[Fri Mar 14 07:48:17 2025]
Finished job 156.
133 of 360 steps (37%) done
Select jobs to execute...

[Fri Mar 14 07:48:17 2025]
rule computeErrors:
    input: 0-correction/hifi.seqStore, 0-correction/hifi.ovlStore, 0-correction/find-errors-jobs/0152.range, 0-correction/configureFindErrors.finished
    output: 0-correction/find-errors-jobs/0152.red
    log: 0-correction/find-errors-jobs/0152.err
    jobid: 267
    reason: Missing output files: 0-correction/find-errors-jobs/0152.red
    wildcards: nnnn=0152
    threads: 4
    resources: tmpdir=/tmp, job_id=1, n_cpus=4, mem_gb=32, time_h=4

[Fri Mar 14 07:52:18 2025]
Finished job 184.
134 of 360 steps (37%) done
Select jobs to execute...

[Fri Mar 14 07:52:18 2025]
rule computeErrors:
    input: 0-correction/hifi.seqStore, 0-correction/hifi.ovlStore, 0-correction/find-errors-jobs/0233.range, 0-correction/configureFindErrors.finished
    output: 0-correction/find-errors-jobs/0233.red
    log: 0-correction/find-errors-jobs/0233.err
    jobid: 348
    reason: Missing output files: 0-correction/find-errors-jobs/0233.red
    wildcards: nnnn=0233
    threads: 4
    resources: tmpdir=/tmp, job_id=1, n_cpus=4, mem_gb=32, time_h=4

[Fri Mar 14 07:53:52 2025]
Finished job 267.
135 of 360 steps (38%) done
Select jobs to execute...

[Fri Mar 14 07:53:52 2025]
rule computeErrors:
    input: 0-correction/hifi.seqStore, 0-correction/hifi.ovlStore, 0-correction/find-errors-jobs/0108.range, 0-correction/configureFindErrors.finished
    output: 0-correction/find-errors-jobs/0108.red
    log: 0-correction/find-errors-jobs/0108.err
    jobid: 223
    reason: Missing output files: 0-correction/find-errors-jobs/0108.red
    wildcards: nnnn=0108
    threads: 4
    resources: tmpdir=/tmp, job_id=1, n_cpus=4, mem_gb=32, time_h=4

[Fri Mar 14 07:57:21 2025]
Finished job 348.
136 of 360 steps (38%) done
Select jobs to execute...

[Fri Mar 14 07:57:21 2025]
rule computeErrors:
    input: 0-correction/hifi.seqStore, 0-correction/hifi.ovlStore, 0-correction/find-errors-jobs/0177.range, 0-correction/configureFindErrors.finished
    output: 0-correction/find-errors-jobs/0177.red
    log: 0-correction/find-errors-jobs/0177.err
    jobid: 292
    reason: Missing output files: 0-correction/find-errors-jobs/0177.red
    wildcards: nnnn=0177
    threads: 4
    resources: tmpdir=/tmp, job_id=1, n_cpus=4, mem_gb=32, time_h=4

[Fri Mar 14 07:59:03 2025]
Finished job 223.
137 of 360 steps (38%) done
Select jobs to execute...

[Fri Mar 14 07:59:03 2025]
rule computeErrors:
    input: 0-correction/hifi.seqStore, 0-correction/hifi.ovlStore, 0-correction/find-errors-jobs/0219.range, 0-correction/configureFindErrors.finished
    output: 0-correction/find-errors-jobs/0219.red
    log: 0-correction/find-errors-jobs/0219.err
    jobid: 334
    reason: Missing output files: 0-correction/find-errors-jobs/0219.red
    wildcards: nnnn=0219
    threads: 4
    resources: tmpdir=/tmp, job_id=1, n_cpus=4, mem_gb=32, time_h=4

[Fri Mar 14 08:02:10 2025]
Finished job 292.
138 of 360 steps (38%) done
Select jobs to execute...

[Fri Mar 14 08:02:10 2025]
rule computeErrors:
    input: 0-correction/hifi.seqStore, 0-correction/hifi.ovlStore, 0-correction/find-errors-jobs/0122.range, 0-correction/configureFindErrors.finished
    output: 0-correction/find-errors-jobs/0122.red
    log: 0-correction/find-errors-jobs/0122.err
    jobid: 237
    reason: Missing output files: 0-correction/find-errors-jobs/0122.red
    wildcards: nnnn=0122
    threads: 4
    resources: tmpdir=/tmp, job_id=1, n_cpus=4, mem_gb=32, time_h=4

[Fri Mar 14 08:05:33 2025]
Finished job 334.
139 of 360 steps (39%) done
Select jobs to execute...

[Fri Mar 14 08:05:33 2025]
rule computeErrors:
    input: 0-correction/hifi.seqStore, 0-correction/hifi.ovlStore, 0-correction/find-errors-jobs/0186.range, 0-correction/configureFindErrors.finished
    output: 0-correction/find-errors-jobs/0186.red
    log: 0-correction/find-errors-jobs/0186.err
    jobid: 301
    reason: Missing output files: 0-correction/find-errors-jobs/0186.red
    wildcards: nnnn=0186
    threads: 4
    resources: tmpdir=/tmp, job_id=1, n_cpus=4, mem_gb=32, time_h=4

[Fri Mar 14 08:07:58 2025]
Finished job 237.
140 of 360 steps (39%) done
Select jobs to execute...

[Fri Mar 14 08:07:58 2025]
rule computeErrors:
    input: 0-correction/hifi.seqStore, 0-correction/hifi.ovlStore, 0-correction/find-errors-jobs/0083.range, 0-correction/configureFindErrors.finished
    output: 0-correction/find-errors-jobs/0083.red
    log: 0-correction/find-errors-jobs/0083.err
    jobid: 198
    reason: Missing output files: 0-correction/find-errors-jobs/0083.red
    wildcards: nnnn=0083
    threads: 4
    resources: tmpdir=/tmp, job_id=1, n_cpus=4, mem_gb=32, time_h=4

[Fri Mar 14 08:11:11 2025]
Finished job 301.
141 of 360 steps (39%) done
Select jobs to execute...

[Fri Mar 14 08:11:11 2025]
rule computeErrors:
    input: 0-correction/hifi.seqStore, 0-correction/hifi.ovlStore, 0-correction/find-errors-jobs/0013.range, 0-correction/configureFindErrors.finished
    output: 0-correction/find-errors-jobs/0013.red
    log: 0-correction/find-errors-jobs/0013.err
    jobid: 128
    reason: Missing output files: 0-correction/find-errors-jobs/0013.red
    wildcards: nnnn=0013
    threads: 4
    resources: tmpdir=/tmp, job_id=1, n_cpus=4, mem_gb=32, time_h=4

[Fri Mar 14 08:14:48 2025]
Finished job 198.
142 of 360 steps (39%) done
Select jobs to execute...

[Fri Mar 14 08:14:48 2025]
rule computeErrors:
    input: 0-correction/hifi.seqStore, 0-correction/hifi.ovlStore, 0-correction/find-errors-jobs/0180.range, 0-correction/configureFindErrors.finished
    output: 0-correction/find-errors-jobs/0180.red
    log: 0-correction/find-errors-jobs/0180.err
    jobid: 295
    reason: Missing output files: 0-correction/find-errors-jobs/0180.red
    wildcards: nnnn=0180
    threads: 4
    resources: tmpdir=/tmp, job_id=1, n_cpus=4, mem_gb=32, time_h=4

[Fri Mar 14 08:15:44 2025]
Finished job 128.
143 of 360 steps (40%) done
Select jobs to execute...

[Fri Mar 14 08:15:44 2025]
rule computeErrors:
    input: 0-correction/hifi.seqStore, 0-correction/hifi.ovlStore, 0-correction/find-errors-jobs/0195.range, 0-correction/configureFindErrors.finished
    output: 0-correction/find-errors-jobs/0195.red
    log: 0-correction/find-errors-jobs/0195.err
    jobid: 310
    reason: Missing output files: 0-correction/find-errors-jobs/0195.red
    wildcards: nnnn=0195
    threads: 4
    resources: tmpdir=/tmp, job_id=1, n_cpus=4, mem_gb=32, time_h=4

[Fri Mar 14 08:20:28 2025]
Finished job 295.
144 of 360 steps (40%) done
Select jobs to execute...

[Fri Mar 14 08:20:28 2025]
rule computeErrors:
    input: 0-correction/hifi.seqStore, 0-correction/hifi.ovlStore, 0-correction/find-errors-jobs/0126.range, 0-correction/configureFindErrors.finished
    output: 0-correction/find-errors-jobs/0126.red
    log: 0-correction/find-errors-jobs/0126.err
    jobid: 241
    reason: Missing output files: 0-correction/find-errors-jobs/0126.red
    wildcards: nnnn=0126
    threads: 4
    resources: tmpdir=/tmp, job_id=1, n_cpus=4, mem_gb=32, time_h=4

[Fri Mar 14 08:21:01 2025]
Finished job 310.
145 of 360 steps (40%) done
Select jobs to execute...

[Fri Mar 14 08:21:01 2025]
rule computeErrors:
    input: 0-correction/hifi.seqStore, 0-correction/hifi.ovlStore, 0-correction/find-errors-jobs/0056.range, 0-correction/configureFindErrors.finished
    output: 0-correction/find-errors-jobs/0056.red
    log: 0-correction/find-errors-jobs/0056.err
    jobid: 171
    reason: Missing output files: 0-correction/find-errors-jobs/0056.red
    wildcards: nnnn=0056
    threads: 4
    resources: tmpdir=/tmp, job_id=1, n_cpus=4, mem_gb=32, time_h=4

[Fri Mar 14 08:25:50 2025]
Finished job 171.
146 of 360 steps (41%) done
Select jobs to execute...

[Fri Mar 14 08:25:50 2025]
rule computeErrors:
    input: 0-correction/hifi.seqStore, 0-correction/hifi.ovlStore, 0-correction/find-errors-jobs/0042.range, 0-correction/configureFindErrors.finished
    output: 0-correction/find-errors-jobs/0042.red
    log: 0-correction/find-errors-jobs/0042.err
    jobid: 157
    reason: Missing output files: 0-correction/find-errors-jobs/0042.red
    wildcards: nnnn=0042
    threads: 4
    resources: tmpdir=/tmp, job_id=1, n_cpus=4, mem_gb=32, time_h=4

[Fri Mar 14 08:26:11 2025]
Finished job 241.
147 of 360 steps (41%) done
Select jobs to execute...

[Fri Mar 14 08:26:11 2025]
rule computeErrors:
    input: 0-correction/hifi.seqStore, 0-correction/hifi.ovlStore, 0-correction/find-errors-jobs/0153.range, 0-correction/configureFindErrors.finished
    output: 0-correction/find-errors-jobs/0153.red
    log: 0-correction/find-errors-jobs/0153.err
    jobid: 268
    reason: Missing output files: 0-correction/find-errors-jobs/0153.red
    wildcards: nnnn=0153
    threads: 4
    resources: tmpdir=/tmp, job_id=1, n_cpus=4, mem_gb=32, time_h=4

[Fri Mar 14 08:30:52 2025]
Finished job 268.
148 of 360 steps (41%) done
Select jobs to execute...

[Fri Mar 14 08:30:52 2025]
rule computeErrors:
    input: 0-correction/hifi.seqStore, 0-correction/hifi.ovlStore, 0-correction/find-errors-jobs/0123.range, 0-correction/configureFindErrors.finished
    output: 0-correction/find-errors-jobs/0123.red
    log: 0-correction/find-errors-jobs/0123.err
    jobid: 238
    reason: Missing output files: 0-correction/find-errors-jobs/0123.red
    wildcards: nnnn=0123
    threads: 4
    resources: tmpdir=/tmp, job_id=1, n_cpus=4, mem_gb=32, time_h=4

[Fri Mar 14 08:31:09 2025]
Finished job 157.
149 of 360 steps (41%) done
Select jobs to execute...

[Fri Mar 14 08:31:09 2025]
rule computeErrors:
    input: 0-correction/hifi.seqStore, 0-correction/hifi.ovlStore, 0-correction/find-errors-jobs/0070.range, 0-correction/configureFindErrors.finished
    output: 0-correction/find-errors-jobs/0070.red
    log: 0-correction/find-errors-jobs/0070.err
    jobid: 185
    reason: Missing output files: 0-correction/find-errors-jobs/0070.red
    wildcards: nnnn=0070
    threads: 4
    resources: tmpdir=/tmp, job_id=1, n_cpus=4, mem_gb=32, time_h=4

[Fri Mar 14 08:35:35 2025]
Finished job 185.
150 of 360 steps (42%) done
Select jobs to execute...

[Fri Mar 14 08:35:35 2025]
rule computeErrors:
    input: 0-correction/hifi.seqStore, 0-correction/hifi.ovlStore, 0-correction/find-errors-jobs/0028.range, 0-correction/configureFindErrors.finished
    output: 0-correction/find-errors-jobs/0028.red
    log: 0-correction/find-errors-jobs/0028.err
    jobid: 143
    reason: Missing output files: 0-correction/find-errors-jobs/0028.red
    wildcards: nnnn=0028
    threads: 4
    resources: tmpdir=/tmp, job_id=1, n_cpus=4, mem_gb=32, time_h=4

[Fri Mar 14 08:35:38 2025]
Finished job 238.
151 of 360 steps (42%) done
Select jobs to execute...

[Fri Mar 14 08:35:38 2025]
rule computeErrors:
    input: 0-correction/hifi.seqStore, 0-correction/hifi.ovlStore, 0-correction/find-errors-jobs/0182.range, 0-correction/configureFindErrors.finished
    output: 0-correction/find-errors-jobs/0182.red
    log: 0-correction/find-errors-jobs/0182.err
    jobid: 297
    reason: Missing output files: 0-correction/find-errors-jobs/0182.red
    wildcards: nnnn=0182
    threads: 4
    resources: tmpdir=/tmp, job_id=1, n_cpus=4, mem_gb=32, time_h=4

[Fri Mar 14 08:40:00 2025]
Finished job 143.
152 of 360 steps (42%) done
Select jobs to execute...

[Fri Mar 14 08:40:00 2025]
rule computeErrors:
    input: 0-correction/hifi.seqStore, 0-correction/hifi.ovlStore, 0-correction/find-errors-jobs/0193.range, 0-correction/configureFindErrors.finished
    output: 0-correction/find-errors-jobs/0193.red
    log: 0-correction/find-errors-jobs/0193.err
    jobid: 308
    reason: Missing output files: 0-correction/find-errors-jobs/0193.red
    wildcards: nnnn=0193
    threads: 4
    resources: tmpdir=/tmp, job_id=1, n_cpus=4, mem_gb=32, time_h=4

[Fri Mar 14 08:41:15 2025]
Finished job 297.
153 of 360 steps (42%) done
Select jobs to execute...

[Fri Mar 14 08:41:15 2025]
rule computeErrors:
    input: 0-correction/hifi.seqStore, 0-correction/hifi.ovlStore, 0-correction/find-errors-jobs/0040.range, 0-correction/configureFindErrors.finished
    output: 0-correction/find-errors-jobs/0040.red
    log: 0-correction/find-errors-jobs/0040.err
    jobid: 155
    reason: Missing output files: 0-correction/find-errors-jobs/0040.red
    wildcards: nnnn=0040
    threads: 4
    resources: tmpdir=/tmp, job_id=1, n_cpus=4, mem_gb=32, time_h=4

[Fri Mar 14 08:45:11 2025]
Finished job 308.
154 of 360 steps (43%) done
Select jobs to execute...

[Fri Mar 14 08:45:11 2025]
rule computeErrors:
    input: 0-correction/hifi.seqStore, 0-correction/hifi.ovlStore, 0-correction/find-errors-jobs/0110.range, 0-correction/configureFindErrors.finished
    output: 0-correction/find-errors-jobs/0110.red
    log: 0-correction/find-errors-jobs/0110.err
    jobid: 225
    reason: Missing output files: 0-correction/find-errors-jobs/0110.red
    wildcards: nnnn=0110
    threads: 4
    resources: tmpdir=/tmp, job_id=1, n_cpus=4, mem_gb=32, time_h=4

[Fri Mar 14 08:45:39 2025]
Finished job 155.
155 of 360 steps (43%) done
Select jobs to execute...

[Fri Mar 14 08:45:39 2025]
rule computeErrors:
    input: 0-correction/hifi.seqStore, 0-correction/hifi.ovlStore, 0-correction/find-errors-jobs/0165.range, 0-correction/configureFindErrors.finished
    output: 0-correction/find-errors-jobs/0165.red
    log: 0-correction/find-errors-jobs/0165.err
    jobid: 280
    reason: Missing output files: 0-correction/find-errors-jobs/0165.red
    wildcards: nnnn=0165
    threads: 4
    resources: tmpdir=/tmp, job_id=1, n_cpus=4, mem_gb=32, time_h=4

[Fri Mar 14 08:49:54 2025]
Finished job 225.
156 of 360 steps (43%) done
Select jobs to execute...

[Fri Mar 14 08:49:54 2025]
rule computeErrors:
    input: 0-correction/hifi.seqStore, 0-correction/hifi.ovlStore, 0-correction/find-errors-jobs/0035.range, 0-correction/configureFindErrors.finished
    output: 0-correction/find-errors-jobs/0035.red
    log: 0-correction/find-errors-jobs/0035.err
    jobid: 150
    reason: Missing output files: 0-correction/find-errors-jobs/0035.red
    wildcards: nnnn=0035
    threads: 4
    resources: tmpdir=/tmp, job_id=1, n_cpus=4, mem_gb=32, time_h=4

[Fri Mar 14 08:50:30 2025]
Finished job 280.
157 of 360 steps (44%) done
Select jobs to execute...

[Fri Mar 14 08:50:30 2025]
rule computeErrors:
    input: 0-correction/hifi.seqStore, 0-correction/hifi.ovlStore, 0-correction/find-errors-jobs/0078.range, 0-correction/configureFindErrors.finished
    output: 0-correction/find-errors-jobs/0078.red
    log: 0-correction/find-errors-jobs/0078.err
    jobid: 193
    reason: Missing output files: 0-correction/find-errors-jobs/0078.red
    wildcards: nnnn=0078
    threads: 4
    resources: tmpdir=/tmp, job_id=1, n_cpus=4, mem_gb=32, time_h=4

[Fri Mar 14 08:53:59 2025]
Finished job 150.
158 of 360 steps (44%) done
Select jobs to execute...

[Fri Mar 14 08:53:59 2025]
rule computeErrors:
    input: 0-correction/hifi.seqStore, 0-correction/hifi.ovlStore, 0-correction/find-errors-jobs/0206.range, 0-correction/configureFindErrors.finished
    output: 0-correction/find-errors-jobs/0206.red
    log: 0-correction/find-errors-jobs/0206.err
    jobid: 321
    reason: Missing output files: 0-correction/find-errors-jobs/0206.red
    wildcards: nnnn=0206
    threads: 4
    resources: tmpdir=/tmp, job_id=1, n_cpus=4, mem_gb=32, time_h=4

[Fri Mar 14 08:55:40 2025]
Finished job 193.
159 of 360 steps (44%) done
Select jobs to execute...

[Fri Mar 14 08:55:40 2025]
rule computeErrors:
    input: 0-correction/hifi.seqStore, 0-correction/hifi.ovlStore, 0-correction/find-errors-jobs/0194.range, 0-correction/configureFindErrors.finished
    output: 0-correction/find-errors-jobs/0194.red
    log: 0-correction/find-errors-jobs/0194.err
    jobid: 309
    reason: Missing output files: 0-correction/find-errors-jobs/0194.red
    wildcards: nnnn=0194
    threads: 4
    resources: tmpdir=/tmp, job_id=1, n_cpus=4, mem_gb=32, time_h=4

[Fri Mar 14 08:58:20 2025]
Finished job 321.
160 of 360 steps (44%) done
Select jobs to execute...

[Fri Mar 14 08:58:20 2025]
rule computeErrors:
    input: 0-correction/hifi.seqStore, 0-correction/hifi.ovlStore, 0-correction/find-errors-jobs/0181.range, 0-correction/configureFindErrors.finished
    output: 0-correction/find-errors-jobs/0181.red
    log: 0-correction/find-errors-jobs/0181.err
    jobid: 296
    reason: Missing output files: 0-correction/find-errors-jobs/0181.red
    wildcards: nnnn=0181
    threads: 4
    resources: tmpdir=/tmp, job_id=1, n_cpus=4, mem_gb=32, time_h=4

[Fri Mar 14 09:01:16 2025]
Finished job 309.
161 of 360 steps (45%) done
Select jobs to execute...

[Fri Mar 14 09:01:16 2025]
rule computeErrors:
    input: 0-correction/hifi.seqStore, 0-correction/hifi.ovlStore, 0-correction/find-errors-jobs/0014.range, 0-correction/configureFindErrors.finished
    output: 0-correction/find-errors-jobs/0014.red
    log: 0-correction/find-errors-jobs/0014.err
    jobid: 129
    reason: Missing output files: 0-correction/find-errors-jobs/0014.red
    wildcards: nnnn=0014
    threads: 4
    resources: tmpdir=/tmp, job_id=1, n_cpus=4, mem_gb=32, time_h=4

[Fri Mar 14 09:03:12 2025]
Finished job 296.
162 of 360 steps (45%) done
Select jobs to execute...

[Fri Mar 14 09:03:12 2025]
rule computeErrors:
    input: 0-correction/hifi.seqStore, 0-correction/hifi.ovlStore, 0-correction/find-errors-jobs/0127.range, 0-correction/configureFindErrors.finished
    output: 0-correction/find-errors-jobs/0127.red
    log: 0-correction/find-errors-jobs/0127.err
    jobid: 242
    reason: Missing output files: 0-correction/find-errors-jobs/0127.red
    wildcards: nnnn=0127
    threads: 4
    resources: tmpdir=/tmp, job_id=1, n_cpus=4, mem_gb=32, time_h=4

[Fri Mar 14 09:05:28 2025]
Finished job 129.
163 of 360 steps (45%) done
Select jobs to execute...

[Fri Mar 14 09:05:28 2025]
rule computeErrors:
    input: 0-correction/hifi.seqStore, 0-correction/hifi.ovlStore, 0-correction/find-errors-jobs/0057.range, 0-correction/configureFindErrors.finished
    output: 0-correction/find-errors-jobs/0057.red
    log: 0-correction/find-errors-jobs/0057.err
    jobid: 172
    reason: Missing output files: 0-correction/find-errors-jobs/0057.red
    wildcards: nnnn=0057
    threads: 4
    resources: tmpdir=/tmp, job_id=1, n_cpus=4, mem_gb=32, time_h=4

[Fri Mar 14 09:07:22 2025]
Finished job 242.
164 of 360 steps (46%) done
Select jobs to execute...

[Fri Mar 14 09:07:23 2025]
rule computeErrors:
    input: 0-correction/hifi.seqStore, 0-correction/hifi.ovlStore, 0-correction/find-errors-jobs/0001.range, 0-correction/configureFindErrors.finished
    output: 0-correction/find-errors-jobs/0001.red
    log: 0-correction/find-errors-jobs/0001.err
    jobid: 116
    reason: Missing output files: 0-correction/find-errors-jobs/0001.red
    wildcards: nnnn=0001
    threads: 4
    resources: tmpdir=/tmp, job_id=1, n_cpus=4, mem_gb=32, time_h=4

[Fri Mar 14 09:09:49 2025]
Finished job 172.
165 of 360 steps (46%) done
Select jobs to execute...

[Fri Mar 14 09:09:50 2025]
rule computeErrors:
    input: 0-correction/hifi.seqStore, 0-correction/hifi.ovlStore, 0-correction/find-errors-jobs/0071.range, 0-correction/configureFindErrors.finished
    output: 0-correction/find-errors-jobs/0071.red
    log: 0-correction/find-errors-jobs/0071.err
    jobid: 186
    reason: Missing output files: 0-correction/find-errors-jobs/0071.red
    wildcards: nnnn=0071
    threads: 4
    resources: tmpdir=/tmp, job_id=1, n_cpus=4, mem_gb=32, time_h=4

[Fri Mar 14 09:11:35 2025]
Finished job 116.
166 of 360 steps (46%) done
Select jobs to execute...

[Fri Mar 14 09:11:35 2025]
rule computeErrors:
    input: 0-correction/hifi.seqStore, 0-correction/hifi.ovlStore, 0-correction/find-errors-jobs/0154.range, 0-correction/configureFindErrors.finished
    output: 0-correction/find-errors-jobs/0154.red
    log: 0-correction/find-errors-jobs/0154.err
    jobid: 269
    reason: Missing output files: 0-correction/find-errors-jobs/0154.red
    wildcards: nnnn=0154
    threads: 4
    resources: tmpdir=/tmp, job_id=1, n_cpus=4, mem_gb=32, time_h=4

[Fri Mar 14 09:14:50 2025]
Finished job 186.
167 of 360 steps (46%) done
Select jobs to execute...

[Fri Mar 14 09:14:50 2025]
rule computeErrors:
    input: 0-correction/hifi.seqStore, 0-correction/hifi.ovlStore, 0-correction/find-errors-jobs/0015.range, 0-correction/configureFindErrors.finished
    output: 0-correction/find-errors-jobs/0015.red
    log: 0-correction/find-errors-jobs/0015.err
    jobid: 130
    reason: Missing output files: 0-correction/find-errors-jobs/0015.red
    wildcards: nnnn=0015
    threads: 4
    resources: tmpdir=/tmp, job_id=1, n_cpus=4, mem_gb=32, time_h=4

[Fri Mar 14 09:16:02 2025]
Finished job 269.
168 of 360 steps (47%) done
Select jobs to execute...

[Fri Mar 14 09:16:02 2025]
rule computeErrors:
    input: 0-correction/hifi.seqStore, 0-correction/hifi.ovlStore, 0-correction/find-errors-jobs/0053.range, 0-correction/configureFindErrors.finished
    output: 0-correction/find-errors-jobs/0053.red
    log: 0-correction/find-errors-jobs/0053.err
    jobid: 168
    reason: Missing output files: 0-correction/find-errors-jobs/0053.red
    wildcards: nnnn=0053
    threads: 4
    resources: tmpdir=/tmp, job_id=1, n_cpus=4, mem_gb=32, time_h=4

[Fri Mar 14 09:18:47 2025]
Finished job 130.
169 of 360 steps (47%) done
Select jobs to execute...

[Fri Mar 14 09:18:48 2025]
rule computeErrors:
    input: 0-correction/hifi.seqStore, 0-correction/hifi.ovlStore, 0-correction/find-errors-jobs/0086.range, 0-correction/configureFindErrors.finished
    output: 0-correction/find-errors-jobs/0086.red
    log: 0-correction/find-errors-jobs/0086.err
    jobid: 201
    reason: Missing output files: 0-correction/find-errors-jobs/0086.red
    wildcards: nnnn=0086
    threads: 4
    resources: tmpdir=/tmp, job_id=1, n_cpus=4, mem_gb=32, time_h=4

[Fri Mar 14 09:22:19 2025]
Finished job 201.
170 of 360 steps (47%) done
Select jobs to execute...

[Fri Mar 14 09:22:19 2025]
rule computeErrors:
    input: 0-correction/hifi.seqStore, 0-correction/hifi.ovlStore, 0-correction/find-errors-jobs/0197.range, 0-correction/configureFindErrors.finished
    output: 0-correction/find-errors-jobs/0197.red
    log: 0-correction/find-errors-jobs/0197.err
    jobid: 312
    reason: Missing output files: 0-correction/find-errors-jobs/0197.red
    wildcards: nnnn=0197
    threads: 4
    resources: tmpdir=/tmp, job_id=1, n_cpus=4, mem_gb=32, time_h=4

[Fri Mar 14 09:22:45 2025]
Finished job 168.
171 of 360 steps (48%) done
Select jobs to execute...

[Fri Mar 14 09:22:45 2025]
rule computeErrors:
    input: 0-correction/hifi.seqStore, 0-correction/hifi.ovlStore, 0-correction/find-errors-jobs/0044.range, 0-correction/configureFindErrors.finished
    output: 0-correction/find-errors-jobs/0044.red
    log: 0-correction/find-errors-jobs/0044.err
    jobid: 159
    reason: Missing output files: 0-correction/find-errors-jobs/0044.red
    wildcards: nnnn=0044
    threads: 4
    resources: tmpdir=/tmp, job_id=1, n_cpus=4, mem_gb=32, time_h=4

[Fri Mar 14 09:26:53 2025]
Finished job 312.
172 of 360 steps (48%) done
Select jobs to execute...

[Fri Mar 14 09:26:53 2025]
rule computeErrors:
    input: 0-correction/hifi.seqStore, 0-correction/hifi.ovlStore, 0-correction/find-errors-jobs/0155.range, 0-correction/configureFindErrors.finished
    output: 0-correction/find-errors-jobs/0155.red
    log: 0-correction/find-errors-jobs/0155.err
    jobid: 270
    reason: Missing output files: 0-correction/find-errors-jobs/0155.red
    wildcards: nnnn=0155
    threads: 4
    resources: tmpdir=/tmp, job_id=1, n_cpus=4, mem_gb=32, time_h=4

[Fri Mar 14 09:27:26 2025]
Finished job 159.
173 of 360 steps (48%) done
Select jobs to execute...

[Fri Mar 14 09:27:26 2025]
rule computeErrors:
    input: 0-correction/hifi.seqStore, 0-correction/hifi.ovlStore, 0-correction/find-errors-jobs/0030.range, 0-correction/configureFindErrors.finished
    output: 0-correction/find-errors-jobs/0030.red
    log: 0-correction/find-errors-jobs/0030.err
    jobid: 145
    reason: Missing output files: 0-correction/find-errors-jobs/0030.red
    wildcards: nnnn=0030
    threads: 4
    resources: tmpdir=/tmp, job_id=1, n_cpus=4, mem_gb=32, time_h=4

[Fri Mar 14 09:31:06 2025]
Finished job 270.
174 of 360 steps (48%) done
Select jobs to execute...

[Fri Mar 14 09:31:06 2025]
rule computeErrors:
    input: 0-correction/hifi.seqStore, 0-correction/hifi.ovlStore, 0-correction/find-errors-jobs/0239.range, 0-correction/configureFindErrors.finished
    output: 0-correction/find-errors-jobs/0239.red
    log: 0-correction/find-errors-jobs/0239.err
    jobid: 354
    reason: Missing output files: 0-correction/find-errors-jobs/0239.red
    wildcards: nnnn=0239
    threads: 4
    resources: tmpdir=/tmp, job_id=1, n_cpus=4, mem_gb=32, time_h=4

[Fri Mar 14 09:31:29 2025]
Finished job 145.
175 of 360 steps (49%) done
Select jobs to execute...

[Fri Mar 14 09:31:29 2025]
rule computeErrors:
    input: 0-correction/hifi.seqStore, 0-correction/hifi.ovlStore, 0-correction/find-errors-jobs/0129.range, 0-correction/configureFindErrors.finished
    output: 0-correction/find-errors-jobs/0129.red
    log: 0-correction/find-errors-jobs/0129.err
    jobid: 244
    reason: Missing output files: 0-correction/find-errors-jobs/0129.red
    wildcards: nnnn=0129
    threads: 4
    resources: tmpdir=/tmp, job_id=1, n_cpus=4, mem_gb=32, time_h=4

[Fri Mar 14 09:36:15 2025]
Finished job 354.
176 of 360 steps (49%) done
Select jobs to execute...

[Fri Mar 14 09:36:15 2025]
rule computeErrors:
    input: 0-correction/hifi.seqStore, 0-correction/hifi.ovlStore, 0-correction/find-errors-jobs/0087.range, 0-correction/configureFindErrors.finished
    output: 0-correction/find-errors-jobs/0087.red
    log: 0-correction/find-errors-jobs/0087.err
    jobid: 202
    reason: Missing output files: 0-correction/find-errors-jobs/0087.red
    wildcards: nnnn=0087
    threads: 4
    resources: tmpdir=/tmp, job_id=1, n_cpus=4, mem_gb=32, time_h=4

[Fri Mar 14 09:38:22 2025]
Finished job 244.
177 of 360 steps (49%) done
Select jobs to execute...

[Fri Mar 14 09:38:22 2025]
rule computeErrors:
    input: 0-correction/hifi.seqStore, 0-correction/hifi.ovlStore, 0-correction/find-errors-jobs/0003.range, 0-correction/configureFindErrors.finished
    output: 0-correction/find-errors-jobs/0003.red
    log: 0-correction/find-errors-jobs/0003.err
    jobid: 118
    reason: Missing output files: 0-correction/find-errors-jobs/0003.red
    wildcards: nnnn=0003
    threads: 4
    resources: tmpdir=/tmp, job_id=1, n_cpus=4, mem_gb=32, time_h=4

[Fri Mar 14 09:41:12 2025]
Finished job 202.
178 of 360 steps (49%) done
Select jobs to execute...

[Fri Mar 14 09:41:12 2025]
rule computeErrors:
    input: 0-correction/hifi.seqStore, 0-correction/hifi.ovlStore, 0-correction/find-errors-jobs/0045.range, 0-correction/configureFindErrors.finished
    output: 0-correction/find-errors-jobs/0045.red
    log: 0-correction/find-errors-jobs/0045.err
    jobid: 160
    reason: Missing output files: 0-correction/find-errors-jobs/0045.red
    wildcards: nnnn=0045
    threads: 4
    resources: tmpdir=/tmp, job_id=1, n_cpus=4, mem_gb=32, time_h=4

[Fri Mar 14 09:42:34 2025]
Finished job 118.
179 of 360 steps (50%) done
Select jobs to execute...

[Fri Mar 14 09:42:34 2025]
rule computeErrors:
    input: 0-correction/hifi.seqStore, 0-correction/hifi.ovlStore, 0-correction/find-errors-jobs/0156.range, 0-correction/configureFindErrors.finished
    output: 0-correction/find-errors-jobs/0156.red
    log: 0-correction/find-errors-jobs/0156.err
    jobid: 271
    reason: Missing output files: 0-correction/find-errors-jobs/0156.red
    wildcards: nnnn=0156
    threads: 4
    resources: tmpdir=/tmp, job_id=1, n_cpus=4, mem_gb=32, time_h=4

[Fri Mar 14 09:46:01 2025]
Finished job 160.
180 of 360 steps (50%) done
Select jobs to execute...

[Fri Mar 14 09:46:01 2025]
rule computeErrors:
    input: 0-correction/hifi.seqStore, 0-correction/hifi.ovlStore, 0-correction/find-errors-jobs/0031.range, 0-correction/configureFindErrors.finished
    output: 0-correction/find-errors-jobs/0031.red
    log: 0-correction/find-errors-jobs/0031.err
    jobid: 146
    reason: Missing output files: 0-correction/find-errors-jobs/0031.red
    wildcards: nnnn=0031
    threads: 4
    resources: tmpdir=/tmp, job_id=1, n_cpus=4, mem_gb=32, time_h=4

[Fri Mar 14 09:47:25 2025]
Finished job 271.
181 of 360 steps (50%) done
Select jobs to execute...

[Fri Mar 14 09:47:25 2025]
rule computeErrors:
    input: 0-correction/hifi.seqStore, 0-correction/hifi.ovlStore, 0-correction/find-errors-jobs/0074.range, 0-correction/configureFindErrors.finished
    output: 0-correction/find-errors-jobs/0074.red
    log: 0-correction/find-errors-jobs/0074.err
    jobid: 189
    reason: Missing output files: 0-correction/find-errors-jobs/0074.red
    wildcards: nnnn=0074
    threads: 4
    resources: tmpdir=/tmp, job_id=1, n_cpus=4, mem_gb=32, time_h=4

[Fri Mar 14 09:50:47 2025]
Finished job 146.
182 of 360 steps (51%) done
Select jobs to execute...

[Fri Mar 14 09:50:47 2025]
rule computeErrors:
    input: 0-correction/hifi.seqStore, 0-correction/hifi.ovlStore, 0-correction/find-errors-jobs/0018.range, 0-correction/configureFindErrors.finished
    output: 0-correction/find-errors-jobs/0018.red
    log: 0-correction/find-errors-jobs/0018.err
    jobid: 133
    reason: Missing output files: 0-correction/find-errors-jobs/0018.red
    wildcards: nnnn=0018
    threads: 4
    resources: tmpdir=/tmp, job_id=1, n_cpus=4, mem_gb=32, time_h=4

[Fri Mar 14 09:52:42 2025]
Finished job 189.
183 of 360 steps (51%) done
Select jobs to execute...

[Fri Mar 14 09:52:42 2025]
rule computeErrors:
    input: 0-correction/hifi.seqStore, 0-correction/hifi.ovlStore, 0-correction/find-errors-jobs/0192.range, 0-correction/configureFindErrors.finished
    output: 0-correction/find-errors-jobs/0192.red
    log: 0-correction/find-errors-jobs/0192.err
    jobid: 307
    reason: Missing output files: 0-correction/find-errors-jobs/0192.red
    wildcards: nnnn=0192
    threads: 4
    resources: tmpdir=/tmp, job_id=1, n_cpus=4, mem_gb=32, time_h=4

[Fri Mar 14 09:55:04 2025]
Finished job 133.
184 of 360 steps (51%) done
Select jobs to execute...

[Fri Mar 14 09:55:04 2025]
rule computeErrors:
    input: 0-correction/hifi.seqStore, 0-correction/hifi.ovlStore, 0-correction/find-errors-jobs/0199.range, 0-correction/configureFindErrors.finished
    output: 0-correction/find-errors-jobs/0199.red
    log: 0-correction/find-errors-jobs/0199.err
    jobid: 314
    reason: Missing output files: 0-correction/find-errors-jobs/0199.red
    wildcards: nnnn=0199
    threads: 4
    resources: tmpdir=/tmp, job_id=1, n_cpus=4, mem_gb=32, time_h=4

[Fri Mar 14 09:57:38 2025]
Finished job 307.
185 of 360 steps (51%) done
Select jobs to execute...

[Fri Mar 14 09:57:38 2025]
rule computeErrors:
    input: 0-correction/hifi.seqStore, 0-correction/hifi.ovlStore, 0-correction/find-errors-jobs/0004.range, 0-correction/configureFindErrors.finished
    output: 0-correction/find-errors-jobs/0004.red
    log: 0-correction/find-errors-jobs/0004.err
    jobid: 119
    reason: Missing output files: 0-correction/find-errors-jobs/0004.red
    wildcards: nnnn=0004
    threads: 4
    resources: tmpdir=/tmp, job_id=1, n_cpus=4, mem_gb=32, time_h=4

[Fri Mar 14 09:59:35 2025]
Finished job 314.
186 of 360 steps (52%) done
Select jobs to execute...

[Fri Mar 14 09:59:35 2025]
rule computeErrors:
    input: 0-correction/hifi.seqStore, 0-correction/hifi.ovlStore, 0-correction/find-errors-jobs/0157.range, 0-correction/configureFindErrors.finished
    output: 0-correction/find-errors-jobs/0157.red
    log: 0-correction/find-errors-jobs/0157.err
    jobid: 272
    reason: Missing output files: 0-correction/find-errors-jobs/0157.red
    wildcards: nnnn=0157
    threads: 4
    resources: tmpdir=/tmp, job_id=1, n_cpus=4, mem_gb=32, time_h=4

[Fri Mar 14 10:02:21 2025]
Finished job 119.
187 of 360 steps (52%) done
Select jobs to execute...

[Fri Mar 14 10:02:21 2025]
rule computeErrors:
    input: 0-correction/hifi.seqStore, 0-correction/hifi.ovlStore, 0-correction/find-errors-jobs/0088.range, 0-correction/configureFindErrors.finished
    output: 0-correction/find-errors-jobs/0088.red
    log: 0-correction/find-errors-jobs/0088.err
    jobid: 203
    reason: Missing output files: 0-correction/find-errors-jobs/0088.red
    wildcards: nnnn=0088
    threads: 4
    resources: tmpdir=/tmp, job_id=1, n_cpus=4, mem_gb=32, time_h=4

[Fri Mar 14 10:04:56 2025]
Finished job 272.
188 of 360 steps (52%) done
Select jobs to execute...

[Fri Mar 14 10:04:56 2025]
rule computeErrors:
    input: 0-correction/hifi.seqStore, 0-correction/hifi.ovlStore, 0-correction/find-errors-jobs/0131.range, 0-correction/configureFindErrors.finished
    output: 0-correction/find-errors-jobs/0131.red
    log: 0-correction/find-errors-jobs/0131.err
    jobid: 246
    reason: Missing output files: 0-correction/find-errors-jobs/0131.red
    wildcards: nnnn=0131
    threads: 4
    resources: tmpdir=/tmp, job_id=1, n_cpus=4, mem_gb=32, time_h=4

[Fri Mar 14 10:07:05 2025]
Finished job 203.
189 of 360 steps (52%) done
Select jobs to execute...

[Fri Mar 14 10:07:05 2025]
rule computeErrors:
    input: 0-correction/hifi.seqStore, 0-correction/hifi.ovlStore, 0-correction/find-errors-jobs/0061.range, 0-correction/configureFindErrors.finished
    output: 0-correction/find-errors-jobs/0061.red
    log: 0-correction/find-errors-jobs/0061.err
    jobid: 176
    reason: Missing output files: 0-correction/find-errors-jobs/0061.red
    wildcards: nnnn=0061
    threads: 4
    resources: tmpdir=/tmp, job_id=1, n_cpus=4, mem_gb=32, time_h=4

[Fri Mar 14 10:09:14 2025]
Finished job 246.
190 of 360 steps (53%) done
Select jobs to execute...

[Fri Mar 14 10:09:14 2025]
rule computeErrors:
    input: 0-correction/hifi.seqStore, 0-correction/hifi.ovlStore, 0-correction/find-errors-jobs/0060.range, 0-correction/configureFindErrors.finished
    output: 0-correction/find-errors-jobs/0060.red
    log: 0-correction/find-errors-jobs/0060.err
    jobid: 175
    reason: Missing output files: 0-correction/find-errors-jobs/0060.red
    wildcards: nnnn=0060
    threads: 4
    resources: tmpdir=/tmp, job_id=1, n_cpus=4, mem_gb=32, time_h=4

[Fri Mar 14 10:12:21 2025]
Finished job 176.
191 of 360 steps (53%) done
Select jobs to execute...

[Fri Mar 14 10:12:21 2025]
rule computeErrors:
    input: 0-correction/hifi.seqStore, 0-correction/hifi.ovlStore, 0-correction/find-errors-jobs/0089.range, 0-correction/configureFindErrors.finished
    output: 0-correction/find-errors-jobs/0089.red
    log: 0-correction/find-errors-jobs/0089.err
    jobid: 204
    reason: Missing output files: 0-correction/find-errors-jobs/0089.red
    wildcards: nnnn=0089
    threads: 4
    resources: tmpdir=/tmp, job_id=1, n_cpus=4, mem_gb=32, time_h=4

[Fri Mar 14 10:14:08 2025]
Finished job 175.
192 of 360 steps (53%) done
Select jobs to execute...

[Fri Mar 14 10:14:08 2025]
rule computeErrors:
    input: 0-correction/hifi.seqStore, 0-correction/hifi.ovlStore, 0-correction/find-errors-jobs/0200.range, 0-correction/configureFindErrors.finished
    output: 0-correction/find-errors-jobs/0200.red
    log: 0-correction/find-errors-jobs/0200.err
    jobid: 315
    reason: Missing output files: 0-correction/find-errors-jobs/0200.red
    wildcards: nnnn=0200
    threads: 4
    resources: tmpdir=/tmp, job_id=1, n_cpus=4, mem_gb=32, time_h=4

[Fri Mar 14 10:17:00 2025]
Finished job 204.
193 of 360 steps (54%) done
Select jobs to execute...

[Fri Mar 14 10:17:00 2025]
rule computeErrors:
    input: 0-correction/hifi.seqStore, 0-correction/hifi.ovlStore, 0-correction/find-errors-jobs/0005.range, 0-correction/configureFindErrors.finished
    output: 0-correction/find-errors-jobs/0005.red
    log: 0-correction/find-errors-jobs/0005.err
    jobid: 120
    reason: Missing output files: 0-correction/find-errors-jobs/0005.red
    wildcards: nnnn=0005
    threads: 4
    resources: tmpdir=/tmp, job_id=1, n_cpus=4, mem_gb=32, time_h=4

[Fri Mar 14 10:18:18 2025]
Finished job 315.
194 of 360 steps (54%) done
Select jobs to execute...

[Fri Mar 14 10:18:18 2025]
rule computeErrors:
    input: 0-correction/hifi.seqStore, 0-correction/hifi.ovlStore, 0-correction/find-errors-jobs/0130.range, 0-correction/configureFindErrors.finished
    output: 0-correction/find-errors-jobs/0130.red
    log: 0-correction/find-errors-jobs/0130.err
    jobid: 245
    reason: Missing output files: 0-correction/find-errors-jobs/0130.red
    wildcards: nnnn=0130
    threads: 4
    resources: tmpdir=/tmp, job_id=1, n_cpus=4, mem_gb=32, time_h=4

[Fri Mar 14 10:20:36 2025]
Finished job 120.
195 of 360 steps (54%) done
Select jobs to execute...

[Fri Mar 14 10:20:36 2025]
rule computeErrors:
    input: 0-correction/hifi.seqStore, 0-correction/hifi.ovlStore, 0-correction/find-errors-jobs/0047.range, 0-correction/configureFindErrors.finished
    output: 0-correction/find-errors-jobs/0047.red
    log: 0-correction/find-errors-jobs/0047.err
    jobid: 162
    reason: Missing output files: 0-correction/find-errors-jobs/0047.red
    wildcards: nnnn=0047
    threads: 4
    resources: tmpdir=/tmp, job_id=1, n_cpus=4, mem_gb=32, time_h=4

[Fri Mar 14 10:22:41 2025]
Finished job 245.
196 of 360 steps (54%) done
Select jobs to execute...

[Fri Mar 14 10:22:41 2025]
rule computeErrors:
    input: 0-correction/hifi.seqStore, 0-correction/hifi.ovlStore, 0-correction/find-errors-jobs/0075.range, 0-correction/configureFindErrors.finished
    output: 0-correction/find-errors-jobs/0075.red
    log: 0-correction/find-errors-jobs/0075.err
    jobid: 190
    reason: Missing output files: 0-correction/find-errors-jobs/0075.red
    wildcards: nnnn=0075
    threads: 4
    resources: tmpdir=/tmp, job_id=1, n_cpus=4, mem_gb=32, time_h=4

[Fri Mar 14 10:25:57 2025]
Finished job 162.
197 of 360 steps (55%) done
Select jobs to execute...

[Fri Mar 14 10:25:57 2025]
rule computeErrors:
    input: 0-correction/hifi.seqStore, 0-correction/hifi.ovlStore, 0-correction/find-errors-jobs/0158.range, 0-correction/configureFindErrors.finished
    output: 0-correction/find-errors-jobs/0158.red
    log: 0-correction/find-errors-jobs/0158.err
    jobid: 273
    reason: Missing output files: 0-correction/find-errors-jobs/0158.red
    wildcards: nnnn=0158
    threads: 4
    resources: tmpdir=/tmp, job_id=1, n_cpus=4, mem_gb=32, time_h=4

[Fri Mar 14 10:27:41 2025]
Finished job 190.
198 of 360 steps (55%) done
Select jobs to execute...

[Fri Mar 14 10:27:41 2025]
rule computeErrors:
    input: 0-correction/hifi.seqStore, 0-correction/hifi.ovlStore, 0-correction/find-errors-jobs/0039.range, 0-correction/configureFindErrors.finished
    output: 0-correction/find-errors-jobs/0039.red
    log: 0-correction/find-errors-jobs/0039.err
    jobid: 154
    reason: Missing output files: 0-correction/find-errors-jobs/0039.red
    wildcards: nnnn=0039
    threads: 4
    resources: tmpdir=/tmp, job_id=1, n_cpus=4, mem_gb=32, time_h=4

[Fri Mar 14 10:30:36 2025]
Finished job 273.
199 of 360 steps (55%) done
Select jobs to execute...

[Fri Mar 14 10:30:36 2025]
rule computeErrors:
    input: 0-correction/hifi.seqStore, 0-correction/hifi.ovlStore, 0-correction/find-errors-jobs/0025.range, 0-correction/configureFindErrors.finished
    output: 0-correction/find-errors-jobs/0025.red
    log: 0-correction/find-errors-jobs/0025.err
    jobid: 140
    reason: Missing output files: 0-correction/find-errors-jobs/0025.red
    wildcards: nnnn=0025
    threads: 4
    resources: tmpdir=/tmp, job_id=1, n_cpus=4, mem_gb=32, time_h=4

[Fri Mar 14 10:32:14 2025]
Finished job 154.
200 of 360 steps (56%) done
Select jobs to execute...

[Fri Mar 14 10:32:14 2025]
rule computeErrors:
    input: 0-correction/hifi.seqStore, 0-correction/hifi.ovlStore, 0-correction/find-errors-jobs/0067.range, 0-correction/configureFindErrors.finished
    output: 0-correction/find-errors-jobs/0067.red
    log: 0-correction/find-errors-jobs/0067.err
    jobid: 182
    reason: Missing output files: 0-correction/find-errors-jobs/0067.red
    wildcards: nnnn=0067
    threads: 4
    resources: tmpdir=/tmp, job_id=1, n_cpus=4, mem_gb=32, time_h=4

[Fri Mar 14 10:34:57 2025]
Finished job 140.
201 of 360 steps (56%) done
Select jobs to execute...

[Fri Mar 14 10:34:57 2025]
rule computeErrors:
    input: 0-correction/hifi.seqStore, 0-correction/hifi.ovlStore, 0-correction/find-errors-jobs/0150.range, 0-correction/configureFindErrors.finished
    output: 0-correction/find-errors-jobs/0150.red
    log: 0-correction/find-errors-jobs/0150.err
    jobid: 265
    reason: Missing output files: 0-correction/find-errors-jobs/0150.red
    wildcards: nnnn=0150
    threads: 4
    resources: tmpdir=/tmp, job_id=1, n_cpus=4, mem_gb=32, time_h=4

[Fri Mar 14 10:36:52 2025]
Finished job 182.
202 of 360 steps (56%) done
Select jobs to execute...

[Fri Mar 14 10:36:52 2025]
rule computeErrors:
    input: 0-correction/hifi.seqStore, 0-correction/hifi.ovlStore, 0-correction/find-errors-jobs/0132.range, 0-correction/configureFindErrors.finished
    output: 0-correction/find-errors-jobs/0132.red
    log: 0-correction/find-errors-jobs/0132.err
    jobid: 247
    reason: Missing output files: 0-correction/find-errors-jobs/0132.red
    wildcards: nnnn=0132
    threads: 4
    resources: tmpdir=/tmp, job_id=1, n_cpus=4, mem_gb=32, time_h=4

[Fri Mar 14 10:39:26 2025]
Finished job 265.
203 of 360 steps (56%) done
Select jobs to execute...

[Fri Mar 14 10:39:26 2025]
rule computeErrors:
    input: 0-correction/hifi.seqStore, 0-correction/hifi.ovlStore, 0-correction/find-errors-jobs/0201.range, 0-correction/configureFindErrors.finished
    output: 0-correction/find-errors-jobs/0201.red
    log: 0-correction/find-errors-jobs/0201.err
    jobid: 316
    reason: Missing output files: 0-correction/find-errors-jobs/0201.red
    wildcards: nnnn=0201
    threads: 4
    resources: tmpdir=/tmp, job_id=1, n_cpus=4, mem_gb=32, time_h=4

[Fri Mar 14 10:41:03 2025]
Finished job 247.
204 of 360 steps (57%) done
Select jobs to execute...

[Fri Mar 14 10:41:03 2025]
rule computeErrors:
    input: 0-correction/hifi.seqStore, 0-correction/hifi.ovlStore, 0-correction/find-errors-jobs/0062.range, 0-correction/configureFindErrors.finished
    output: 0-correction/find-errors-jobs/0062.red
    log: 0-correction/find-errors-jobs/0062.err
    jobid: 177
    reason: Missing output files: 0-correction/find-errors-jobs/0062.red
    wildcards: nnnn=0062
    threads: 4
    resources: tmpdir=/tmp, job_id=1, n_cpus=4, mem_gb=32, time_h=4

[Fri Mar 14 10:43:27 2025]
Finished job 316.
205 of 360 steps (57%) done
Select jobs to execute...

[Fri Mar 14 10:43:27 2025]
rule computeErrors:
    input: 0-correction/hifi.seqStore, 0-correction/hifi.ovlStore, 0-correction/find-errors-jobs/0090.range, 0-correction/configureFindErrors.finished
    output: 0-correction/find-errors-jobs/0090.red
    log: 0-correction/find-errors-jobs/0090.err
    jobid: 205
    reason: Missing output files: 0-correction/find-errors-jobs/0090.red
    wildcards: nnnn=0090
    threads: 4
    resources: tmpdir=/tmp, job_id=1, n_cpus=4, mem_gb=32, time_h=4

[Fri Mar 14 10:46:07 2025]
Finished job 177.
206 of 360 steps (57%) done
Select jobs to execute...

[Fri Mar 14 10:46:07 2025]
rule computeErrors:
    input: 0-correction/hifi.seqStore, 0-correction/hifi.ovlStore, 0-correction/find-errors-jobs/0187.range, 0-correction/configureFindErrors.finished
    output: 0-correction/find-errors-jobs/0187.red
    log: 0-correction/find-errors-jobs/0187.err
    jobid: 302
    reason: Missing output files: 0-correction/find-errors-jobs/0187.red
    wildcards: nnnn=0187
    threads: 4
    resources: tmpdir=/tmp, job_id=1, n_cpus=4, mem_gb=32, time_h=4

[Fri Mar 14 10:48:34 2025]
Finished job 205.
207 of 360 steps (57%) done
Select jobs to execute...

[Fri Mar 14 10:48:34 2025]
rule computeErrors:
    input: 0-correction/hifi.seqStore, 0-correction/hifi.ovlStore, 0-correction/find-errors-jobs/0006.range, 0-correction/configureFindErrors.finished
    output: 0-correction/find-errors-jobs/0006.red
    log: 0-correction/find-errors-jobs/0006.err
    jobid: 121
    reason: Missing output files: 0-correction/find-errors-jobs/0006.red
    wildcards: nnnn=0006
    threads: 4
    resources: tmpdir=/tmp, job_id=1, n_cpus=4, mem_gb=32, time_h=4

[Fri Mar 14 10:51:03 2025]
Finished job 302.
208 of 360 steps (58%) done
Select jobs to execute...

[Fri Mar 14 10:51:04 2025]
rule computeErrors:
    input: 0-correction/hifi.seqStore, 0-correction/hifi.ovlStore, 0-correction/find-errors-jobs/0048.range, 0-correction/configureFindErrors.finished
    output: 0-correction/find-errors-jobs/0048.red
    log: 0-correction/find-errors-jobs/0048.err
    jobid: 163
    reason: Missing output files: 0-correction/find-errors-jobs/0048.red
    wildcards: nnnn=0048
    threads: 4
    resources: tmpdir=/tmp, job_id=1, n_cpus=4, mem_gb=32, time_h=4

[Fri Mar 14 10:52:47 2025]
Finished job 121.
209 of 360 steps (58%) done
Select jobs to execute...

[Fri Mar 14 10:52:47 2025]
rule computeErrors:
    input: 0-correction/hifi.seqStore, 0-correction/hifi.ovlStore, 0-correction/find-errors-jobs/0076.range, 0-correction/configureFindErrors.finished
    output: 0-correction/find-errors-jobs/0076.red
    log: 0-correction/find-errors-jobs/0076.err
    jobid: 191
    reason: Missing output files: 0-correction/find-errors-jobs/0076.red
    wildcards: nnnn=0076
    threads: 4
    resources: tmpdir=/tmp, job_id=1, n_cpus=4, mem_gb=32, time_h=4

[Fri Mar 14 10:54:56 2025]
Finished job 163.
210 of 360 steps (58%) done
Select jobs to execute...

[Fri Mar 14 10:54:56 2025]
rule computeErrors:
    input: 0-correction/hifi.seqStore, 0-correction/hifi.ovlStore, 0-correction/find-errors-jobs/0033.range, 0-correction/configureFindErrors.finished
    output: 0-correction/find-errors-jobs/0033.red
    log: 0-correction/find-errors-jobs/0033.err
    jobid: 148
    reason: Missing output files: 0-correction/find-errors-jobs/0033.red
    wildcards: nnnn=0033
    threads: 4
    resources: tmpdir=/tmp, job_id=1, n_cpus=4, mem_gb=32, time_h=4

[Fri Mar 14 10:56:50 2025]
Finished job 191.
211 of 360 steps (59%) done
Select jobs to execute...

[Fri Mar 14 10:56:50 2025]
rule computeErrors:
    input: 0-correction/hifi.seqStore, 0-correction/hifi.ovlStore, 0-correction/find-errors-jobs/0248.range, 0-correction/configureFindErrors.finished
    output: 0-correction/find-errors-jobs/0248.red
    log: 0-correction/find-errors-jobs/0248.err
    jobid: 363
    reason: Missing output files: 0-correction/find-errors-jobs/0248.red
    wildcards: nnnn=0248
    threads: 4
    resources: tmpdir=/tmp, job_id=1, n_cpus=4, mem_gb=32, time_h=4

[Fri Mar 14 10:58:24 2025]
Finished job 148.
212 of 360 steps (59%) done
Select jobs to execute...

[Fri Mar 14 10:58:24 2025]
rule computeErrors:
    input: 0-correction/hifi.seqStore, 0-correction/hifi.ovlStore, 0-correction/find-errors-jobs/0036.range, 0-correction/configureFindErrors.finished
    output: 0-correction/find-errors-jobs/0036.red
    log: 0-correction/find-errors-jobs/0036.err
    jobid: 151
    reason: Missing output files: 0-correction/find-errors-jobs/0036.red
    wildcards: nnnn=0036
    threads: 4
    resources: tmpdir=/tmp, job_id=1, n_cpus=4, mem_gb=32, time_h=4

[Fri Mar 14 11:00:18 2025]
Finished job 363.
213 of 360 steps (59%) done
Select jobs to execute...

[Fri Mar 14 11:00:18 2025]
rule computeErrors:
    input: 0-correction/hifi.seqStore, 0-correction/hifi.ovlStore, 0-correction/find-errors-jobs/0245.range, 0-correction/configureFindErrors.finished
    output: 0-correction/find-errors-jobs/0245.red
    log: 0-correction/find-errors-jobs/0245.err
    jobid: 360
    reason: Missing output files: 0-correction/find-errors-jobs/0245.red
    wildcards: nnnn=0245
    threads: 4
    resources: tmpdir=/tmp, job_id=1, n_cpus=4, mem_gb=32, time_h=4

[Fri Mar 14 11:02:08 2025]
Finished job 151.
214 of 360 steps (59%) done
Select jobs to execute...

[Fri Mar 14 11:02:08 2025]
rule computeErrors:
    input: 0-correction/hifi.seqStore, 0-correction/hifi.ovlStore, 0-correction/find-errors-jobs/0084.range, 0-correction/configureFindErrors.finished
    output: 0-correction/find-errors-jobs/0084.red
    log: 0-correction/find-errors-jobs/0084.err
    jobid: 199
    reason: Missing output files: 0-correction/find-errors-jobs/0084.red
    wildcards: nnnn=0084
    threads: 4
    resources: tmpdir=/tmp, job_id=1, n_cpus=4, mem_gb=32, time_h=4

[Fri Mar 14 11:03:57 2025]
Finished job 360.
215 of 360 steps (60%) done
Select jobs to execute...

[Fri Mar 14 11:03:57 2025]
rule computeErrors:
    input: 0-correction/hifi.seqStore, 0-correction/hifi.ovlStore, 0-correction/find-errors-jobs/0022.range, 0-correction/configureFindErrors.finished
    output: 0-correction/find-errors-jobs/0022.red
    log: 0-correction/find-errors-jobs/0022.err
    jobid: 137
    reason: Missing output files: 0-correction/find-errors-jobs/0022.red
    wildcards: nnnn=0022
    threads: 4
    resources: tmpdir=/tmp, job_id=1, n_cpus=4, mem_gb=32, time_h=4

[Fri Mar 14 11:07:02 2025]
Finished job 199.
216 of 360 steps (60%) done
Select jobs to execute...

[Fri Mar 14 11:07:02 2025]
rule computeErrors:
    input: 0-correction/hifi.seqStore, 0-correction/hifi.ovlStore, 0-correction/find-errors-jobs/0134.range, 0-correction/configureFindErrors.finished
    output: 0-correction/find-errors-jobs/0134.red
    log: 0-correction/find-errors-jobs/0134.err
    jobid: 249
    reason: Missing output files: 0-correction/find-errors-jobs/0134.red
    wildcards: nnnn=0134
    threads: 4
    resources: tmpdir=/tmp, job_id=1, n_cpus=4, mem_gb=32, time_h=4

[Fri Mar 14 11:07:46 2025]
Finished job 137.
217 of 360 steps (60%) done
Select jobs to execute...

[Fri Mar 14 11:07:46 2025]
rule computeErrors:
    input: 0-correction/hifi.seqStore, 0-correction/hifi.ovlStore, 0-correction/find-errors-jobs/0064.range, 0-correction/configureFindErrors.finished
    output: 0-correction/find-errors-jobs/0064.red
    log: 0-correction/find-errors-jobs/0064.err
    jobid: 179
    reason: Missing output files: 0-correction/find-errors-jobs/0064.red
    wildcards: nnnn=0064
    threads: 4
    resources: tmpdir=/tmp, job_id=1, n_cpus=4, mem_gb=32, time_h=4

[Fri Mar 14 11:11:05 2025]
Finished job 249.
218 of 360 steps (61%) done
Select jobs to execute...

[Fri Mar 14 11:11:05 2025]
rule computeErrors:
    input: 0-correction/hifi.seqStore, 0-correction/hifi.ovlStore, 0-correction/find-errors-jobs/0244.range, 0-correction/configureFindErrors.finished
    output: 0-correction/find-errors-jobs/0244.red
    log: 0-correction/find-errors-jobs/0244.err
    jobid: 359
    reason: Missing output files: 0-correction/find-errors-jobs/0244.red
    wildcards: nnnn=0244
    threads: 4
    resources: tmpdir=/tmp, job_id=1, n_cpus=4, mem_gb=32, time_h=4

[Fri Mar 14 11:11:40 2025]
Finished job 179.
219 of 360 steps (61%) done
Select jobs to execute...

[Fri Mar 14 11:11:40 2025]
rule computeErrors:
    input: 0-correction/hifi.seqStore, 0-correction/hifi.ovlStore, 0-correction/find-errors-jobs/0092.range, 0-correction/configureFindErrors.finished
    output: 0-correction/find-errors-jobs/0092.red
    log: 0-correction/find-errors-jobs/0092.err
    jobid: 207
    reason: Missing output files: 0-correction/find-errors-jobs/0092.red
    wildcards: nnnn=0092
    threads: 4
    resources: tmpdir=/tmp, job_id=1, n_cpus=4, mem_gb=32, time_h=4

[Fri Mar 14 11:14:45 2025]
Finished job 359.
220 of 360 steps (61%) done
Select jobs to execute...

[Fri Mar 14 11:14:45 2025]
rule computeErrors:
    input: 0-correction/hifi.seqStore, 0-correction/hifi.ovlStore, 0-correction/find-errors-jobs/0093.range, 0-correction/configureFindErrors.finished
    output: 0-correction/find-errors-jobs/0093.red
    log: 0-correction/find-errors-jobs/0093.err
    jobid: 208
    reason: Missing output files: 0-correction/find-errors-jobs/0093.red
    wildcards: nnnn=0093
    threads: 4
    resources: tmpdir=/tmp, job_id=1, n_cpus=4, mem_gb=32, time_h=4

[Fri Mar 14 11:15:48 2025]
Finished job 207.
221 of 360 steps (61%) done
Select jobs to execute...

[Fri Mar 14 11:15:48 2025]
rule computeErrors:
    input: 0-correction/hifi.seqStore, 0-correction/hifi.ovlStore, 0-correction/find-errors-jobs/0204.range, 0-correction/configureFindErrors.finished
    output: 0-correction/find-errors-jobs/0204.red
    log: 0-correction/find-errors-jobs/0204.err
    jobid: 319
    reason: Missing output files: 0-correction/find-errors-jobs/0204.red
    wildcards: nnnn=0204
    threads: 4
    resources: tmpdir=/tmp, job_id=1, n_cpus=4, mem_gb=32, time_h=4

[Fri Mar 14 11:19:28 2025]
Finished job 208.
222 of 360 steps (62%) done
Select jobs to execute...

[Fri Mar 14 11:19:28 2025]
rule computeErrors:
    input: 0-correction/hifi.seqStore, 0-correction/hifi.ovlStore, 0-correction/find-errors-jobs/0009.range, 0-correction/configureFindErrors.finished
    output: 0-correction/find-errors-jobs/0009.red
    log: 0-correction/find-errors-jobs/0009.err
    jobid: 124
    reason: Missing output files: 0-correction/find-errors-jobs/0009.red
    wildcards: nnnn=0009
    threads: 4
    resources: tmpdir=/tmp, job_id=1, n_cpus=4, mem_gb=32, time_h=4

[Fri Mar 14 11:21:59 2025]
Finished job 319.
223 of 360 steps (62%) done
Select jobs to execute...

[Fri Mar 14 11:21:59 2025]
rule computeErrors:
    input: 0-correction/hifi.seqStore, 0-correction/hifi.ovlStore, 0-correction/find-errors-jobs/0051.range, 0-correction/configureFindErrors.finished
    output: 0-correction/find-errors-jobs/0051.red
    log: 0-correction/find-errors-jobs/0051.err
    jobid: 166
    reason: Missing output files: 0-correction/find-errors-jobs/0051.red
    wildcards: nnnn=0051
    threads: 4
    resources: tmpdir=/tmp, job_id=1, n_cpus=4, mem_gb=32, time_h=4

[Fri Mar 14 11:23:37 2025]
Finished job 124.
224 of 360 steps (62%) done
Select jobs to execute...

[Fri Mar 14 11:23:37 2025]
rule computeErrors:
    input: 0-correction/hifi.seqStore, 0-correction/hifi.ovlStore, 0-correction/find-errors-jobs/0065.range, 0-correction/configureFindErrors.finished
    output: 0-correction/find-errors-jobs/0065.red
    log: 0-correction/find-errors-jobs/0065.err
    jobid: 180
    reason: Missing output files: 0-correction/find-errors-jobs/0065.red
    wildcards: nnnn=0065
    threads: 4
    resources: tmpdir=/tmp, job_id=1, n_cpus=4, mem_gb=32, time_h=4

[Fri Mar 14 11:26:07 2025]
Finished job 166.
225 of 360 steps (62%) done
Select jobs to execute...

[Fri Mar 14 11:26:07 2025]
rule computeErrors:
    input: 0-correction/hifi.seqStore, 0-correction/hifi.ovlStore, 0-correction/find-errors-jobs/0079.range, 0-correction/configureFindErrors.finished
    output: 0-correction/find-errors-jobs/0079.red
    log: 0-correction/find-errors-jobs/0079.err
    jobid: 194
    reason: Missing output files: 0-correction/find-errors-jobs/0079.red
    wildcards: nnnn=0079
    threads: 4
    resources: tmpdir=/tmp, job_id=1, n_cpus=4, mem_gb=32, time_h=4

[Fri Mar 14 11:27:22 2025]
Finished job 180.
226 of 360 steps (63%) done
Select jobs to execute...

[Fri Mar 14 11:27:22 2025]
rule computeErrors:
    input: 0-correction/hifi.seqStore, 0-correction/hifi.ovlStore, 0-correction/find-errors-jobs/0135.range, 0-correction/configureFindErrors.finished
    output: 0-correction/find-errors-jobs/0135.red
    log: 0-correction/find-errors-jobs/0135.err
    jobid: 250
    reason: Missing output files: 0-correction/find-errors-jobs/0135.red
    wildcards: nnnn=0135
    threads: 4
    resources: tmpdir=/tmp, job_id=1, n_cpus=4, mem_gb=32, time_h=4

[Fri Mar 14 11:29:59 2025]
Finished job 194.
227 of 360 steps (63%) done
Select jobs to execute...

[Fri Mar 14 11:30:00 2025]
rule computeErrors:
    input: 0-correction/hifi.seqStore, 0-correction/hifi.ovlStore, 0-correction/find-errors-jobs/0162.range, 0-correction/configureFindErrors.finished
    output: 0-correction/find-errors-jobs/0162.red
    log: 0-correction/find-errors-jobs/0162.err
    jobid: 277
    reason: Missing output files: 0-correction/find-errors-jobs/0162.red
    wildcards: nnnn=0162
    threads: 4
    resources: tmpdir=/tmp, job_id=1, n_cpus=4, mem_gb=32, time_h=4

[Fri Mar 14 11:31:42 2025]
Finished job 250.
228 of 360 steps (63%) done
Select jobs to execute...

[Fri Mar 14 11:31:42 2025]
rule computeErrors:
    input: 0-correction/hifi.seqStore, 0-correction/hifi.ovlStore, 0-correction/find-errors-jobs/0037.range, 0-correction/configureFindErrors.finished
    output: 0-correction/find-errors-jobs/0037.red
    log: 0-correction/find-errors-jobs/0037.err
    jobid: 152
    reason: Missing output files: 0-correction/find-errors-jobs/0037.red
    wildcards: nnnn=0037
    threads: 4
    resources: tmpdir=/tmp, job_id=1, n_cpus=4, mem_gb=32, time_h=4

[Fri Mar 14 11:34:05 2025]
Finished job 277.
229 of 360 steps (64%) done
Select jobs to execute...

[Fri Mar 14 11:34:05 2025]
rule computeErrors:
    input: 0-correction/hifi.seqStore, 0-correction/hifi.ovlStore, 0-correction/find-errors-jobs/0246.range, 0-correction/configureFindErrors.finished
    output: 0-correction/find-errors-jobs/0246.red
    log: 0-correction/find-errors-jobs/0246.err
    jobid: 361
    reason: Missing output files: 0-correction/find-errors-jobs/0246.red
    wildcards: nnnn=0246
    threads: 4
    resources: tmpdir=/tmp, job_id=1, n_cpus=4, mem_gb=32, time_h=4

[Fri Mar 14 11:35:37 2025]
Finished job 152.
230 of 360 steps (64%) done
Select jobs to execute...

[Fri Mar 14 11:35:37 2025]
rule computeErrors:
    input: 0-correction/hifi.seqStore, 0-correction/hifi.ovlStore, 0-correction/find-errors-jobs/0023.range, 0-correction/configureFindErrors.finished
    output: 0-correction/find-errors-jobs/0023.red
    log: 0-correction/find-errors-jobs/0023.err
    jobid: 138
    reason: Missing output files: 0-correction/find-errors-jobs/0023.red
    wildcards: nnnn=0023
    threads: 4
    resources: tmpdir=/tmp, job_id=1, n_cpus=4, mem_gb=32, time_h=4

[Fri Mar 14 11:38:34 2025]
Finished job 361.
231 of 360 steps (64%) done
Select jobs to execute...

[Fri Mar 14 11:38:34 2025]
rule computeErrors:
    input: 0-correction/hifi.seqStore, 0-correction/hifi.ovlStore, 0-correction/find-errors-jobs/0002.range, 0-correction/configureFindErrors.finished
    output: 0-correction/find-errors-jobs/0002.red
    log: 0-correction/find-errors-jobs/0002.err
    jobid: 117
    reason: Missing output files: 0-correction/find-errors-jobs/0002.red
    wildcards: nnnn=0002
    threads: 4
    resources: tmpdir=/tmp, job_id=1, n_cpus=4, mem_gb=32, time_h=4

[Fri Mar 14 11:39:26 2025]
Finished job 138.
232 of 360 steps (64%) done
Select jobs to execute...

[Fri Mar 14 11:39:26 2025]
rule computeErrors:
    input: 0-correction/hifi.seqStore, 0-correction/hifi.ovlStore, 0-correction/find-errors-jobs/0238.range, 0-correction/configureFindErrors.finished
    output: 0-correction/find-errors-jobs/0238.red
    log: 0-correction/find-errors-jobs/0238.err
    jobid: 353
    reason: Missing output files: 0-correction/find-errors-jobs/0238.red
    wildcards: nnnn=0238
    threads: 4
    resources: tmpdir=/tmp, job_id=1, n_cpus=4, mem_gb=32, time_h=4

[Fri Mar 14 11:42:15 2025]
Finished job 117.
233 of 360 steps (65%) done
Select jobs to execute...

[Fri Mar 14 11:42:15 2025]
rule computeErrors:
    input: 0-correction/hifi.seqStore, 0-correction/hifi.ovlStore, 0-correction/find-errors-jobs/0072.range, 0-correction/configureFindErrors.finished
    output: 0-correction/find-errors-jobs/0072.red
    log: 0-correction/find-errors-jobs/0072.err
    jobid: 187
    reason: Missing output files: 0-correction/find-errors-jobs/0072.red
    wildcards: nnnn=0072
    threads: 4
    resources: tmpdir=/tmp, job_id=1, n_cpus=4, mem_gb=32, time_h=4

[Fri Mar 14 11:43:40 2025]
Finished job 353.
234 of 360 steps (65%) done
Select jobs to execute...

[Fri Mar 14 11:43:40 2025]
rule computeErrors:
    input: 0-correction/hifi.seqStore, 0-correction/hifi.ovlStore, 0-correction/find-errors-jobs/0043.range, 0-correction/configureFindErrors.finished
    output: 0-correction/find-errors-jobs/0043.red
    log: 0-correction/find-errors-jobs/0043.err
    jobid: 158
    reason: Missing output files: 0-correction/find-errors-jobs/0043.red
    wildcards: nnnn=0043
    threads: 4
    resources: tmpdir=/tmp, job_id=1, n_cpus=4, mem_gb=32, time_h=4

[Fri Mar 14 11:46:13 2025]
Finished job 187.
235 of 360 steps (65%) done
Select jobs to execute...

[Fri Mar 14 11:46:13 2025]
rule computeErrors:
    input: 0-correction/hifi.seqStore, 0-correction/hifi.ovlStore, 0-correction/find-errors-jobs/0046.range, 0-correction/configureFindErrors.finished
    output: 0-correction/find-errors-jobs/0046.red
    log: 0-correction/find-errors-jobs/0046.err
    jobid: 161
    reason: Missing output files: 0-correction/find-errors-jobs/0046.red
    wildcards: nnnn=0046
    threads: 4
    resources: tmpdir=/tmp, job_id=1, n_cpus=4, mem_gb=32, time_h=4

[Fri Mar 14 11:47:32 2025]
Finished job 158.
236 of 360 steps (66%) done
Select jobs to execute...

[Fri Mar 14 11:47:32 2025]
rule computeErrors:
    input: 0-correction/hifi.seqStore, 0-correction/hifi.ovlStore, 0-correction/find-errors-jobs/0085.range, 0-correction/configureFindErrors.finished
    output: 0-correction/find-errors-jobs/0085.red
    log: 0-correction/find-errors-jobs/0085.err
    jobid: 200
    reason: Missing output files: 0-correction/find-errors-jobs/0085.red
    wildcards: nnnn=0085
    threads: 4
    resources: tmpdir=/tmp, job_id=1, n_cpus=4, mem_gb=32, time_h=4

[Fri Mar 14 11:50:55 2025]
Finished job 161.
237 of 360 steps (66%) done
Select jobs to execute...

[Fri Mar 14 11:50:55 2025]
rule computeErrors:
    input: 0-correction/hifi.seqStore, 0-correction/hifi.ovlStore, 0-correction/find-errors-jobs/0058.range, 0-correction/configureFindErrors.finished
    output: 0-correction/find-errors-jobs/0058.red
    log: 0-correction/find-errors-jobs/0058.err
    jobid: 173
    reason: Missing output files: 0-correction/find-errors-jobs/0058.red
    wildcards: nnnn=0058
    threads: 4
    resources: tmpdir=/tmp, job_id=1, n_cpus=4, mem_gb=32, time_h=4

[Fri Mar 14 11:51:32 2025]
Finished job 200.
238 of 360 steps (66%) done
Select jobs to execute...

[Fri Mar 14 11:51:32 2025]
rule computeErrors:
    input: 0-correction/hifi.seqStore, 0-correction/hifi.ovlStore, 0-correction/find-errors-jobs/0234.range, 0-correction/configureFindErrors.finished
    output: 0-correction/find-errors-jobs/0234.red
    log: 0-correction/find-errors-jobs/0234.err
    jobid: 349
    reason: Missing output files: 0-correction/find-errors-jobs/0234.red
    wildcards: nnnn=0234
    threads: 4
    resources: tmpdir=/tmp, job_id=1, n_cpus=4, mem_gb=32, time_h=4

[Fri Mar 14 11:54:49 2025]
Finished job 173.
239 of 360 steps (66%) done
Select jobs to execute...

[Fri Mar 14 11:54:49 2025]
rule computeErrors:
    input: 0-correction/hifi.seqStore, 0-correction/hifi.ovlStore, 0-correction/find-errors-jobs/0109.range, 0-correction/configureFindErrors.finished
    output: 0-correction/find-errors-jobs/0109.red
    log: 0-correction/find-errors-jobs/0109.err
    jobid: 224
    reason: Missing output files: 0-correction/find-errors-jobs/0109.red
    wildcards: nnnn=0109
    threads: 4
    resources: tmpdir=/tmp, job_id=1, n_cpus=4, mem_gb=32, time_h=4

[Fri Mar 14 11:57:42 2025]
Finished job 349.
240 of 360 steps (67%) done
Select jobs to execute...

[Fri Mar 14 11:57:42 2025]
rule computeErrors:
    input: 0-correction/hifi.seqStore, 0-correction/hifi.ovlStore, 0-correction/find-errors-jobs/0128.range, 0-correction/configureFindErrors.finished
    output: 0-correction/find-errors-jobs/0128.red
    log: 0-correction/find-errors-jobs/0128.err
    jobid: 243
    reason: Missing output files: 0-correction/find-errors-jobs/0128.red
    wildcards: nnnn=0128
    threads: 4
    resources: tmpdir=/tmp, job_id=1, n_cpus=4, mem_gb=32, time_h=4

[Fri Mar 14 11:59:43 2025]
Finished job 224.
241 of 360 steps (67%) done
Select jobs to execute...

[Fri Mar 14 11:59:43 2025]
rule computeErrors:
    input: 0-correction/hifi.seqStore, 0-correction/hifi.ovlStore, 0-correction/find-errors-jobs/0183.range, 0-correction/configureFindErrors.finished
    output: 0-correction/find-errors-jobs/0183.red
    log: 0-correction/find-errors-jobs/0183.err
    jobid: 298
    reason: Missing output files: 0-correction/find-errors-jobs/0183.red
    wildcards: nnnn=0183
    threads: 4
    resources: tmpdir=/tmp, job_id=1, n_cpus=4, mem_gb=32, time_h=4

[Fri Mar 14 12:02:39 2025]
Finished job 243.
242 of 360 steps (67%) done
Select jobs to execute...

[Fri Mar 14 12:02:39 2025]
rule computeErrors:
    input: 0-correction/hifi.seqStore, 0-correction/hifi.ovlStore, 0-correction/find-errors-jobs/0016.range, 0-correction/configureFindErrors.finished
    output: 0-correction/find-errors-jobs/0016.red
    log: 0-correction/find-errors-jobs/0016.err
    jobid: 131
    reason: Missing output files: 0-correction/find-errors-jobs/0016.red
    wildcards: nnnn=0016
    threads: 4
    resources: tmpdir=/tmp, job_id=1, n_cpus=4, mem_gb=32, time_h=4

[Fri Mar 14 12:03:58 2025]
Finished job 298.
243 of 360 steps (68%) done
Select jobs to execute...

[Fri Mar 14 12:03:58 2025]
rule computeErrors:
    input: 0-correction/hifi.seqStore, 0-correction/hifi.ovlStore, 0-correction/find-errors-jobs/0038.range, 0-correction/configureFindErrors.finished
    output: 0-correction/find-errors-jobs/0038.red
    log: 0-correction/find-errors-jobs/0038.err
    jobid: 153
    reason: Missing output files: 0-correction/find-errors-jobs/0038.red
    wildcards: nnnn=0038
    threads: 4
    resources: tmpdir=/tmp, job_id=1, n_cpus=4, mem_gb=32, time_h=4

[Fri Mar 14 12:06:31 2025]
Finished job 131.
244 of 360 steps (68%) done
Select jobs to execute...

[Fri Mar 14 12:06:31 2025]
rule computeErrors:
    input: 0-correction/hifi.seqStore, 0-correction/hifi.ovlStore, 0-correction/find-errors-jobs/0196.range, 0-correction/configureFindErrors.finished
    output: 0-correction/find-errors-jobs/0196.red
    log: 0-correction/find-errors-jobs/0196.err
    jobid: 311
    reason: Missing output files: 0-correction/find-errors-jobs/0196.red
    wildcards: nnnn=0196
    threads: 4
    resources: tmpdir=/tmp, job_id=1, n_cpus=4, mem_gb=32, time_h=4

[Fri Mar 14 12:09:32 2025]
Finished job 153.
245 of 360 steps (68%) done
Select jobs to execute...

[Fri Mar 14 12:09:32 2025]
rule computeErrors:
    input: 0-correction/hifi.seqStore, 0-correction/hifi.ovlStore, 0-correction/find-errors-jobs/0136.range, 0-correction/configureFindErrors.finished
    output: 0-correction/find-errors-jobs/0136.red
    log: 0-correction/find-errors-jobs/0136.err
    jobid: 251
    reason: Missing output files: 0-correction/find-errors-jobs/0136.red
    wildcards: nnnn=0136
    threads: 4
    resources: tmpdir=/tmp, job_id=1, n_cpus=4, mem_gb=32, time_h=4

[Fri Mar 14 12:11:16 2025]
Finished job 311.
246 of 360 steps (68%) done
Select jobs to execute...

[Fri Mar 14 12:11:16 2025]
rule computeErrors:
    input: 0-correction/hifi.seqStore, 0-correction/hifi.ovlStore, 0-correction/find-errors-jobs/0189.range, 0-correction/configureFindErrors.finished
    output: 0-correction/find-errors-jobs/0189.red
    log: 0-correction/find-errors-jobs/0189.err
    jobid: 304
    reason: Missing output files: 0-correction/find-errors-jobs/0189.red
    wildcards: nnnn=0189
    threads: 4
    resources: tmpdir=/tmp, job_id=1, n_cpus=4, mem_gb=32, time_h=4

[Fri Mar 14 12:14:20 2025]
Finished job 251.
247 of 360 steps (69%) done
Select jobs to execute...

[Fri Mar 14 12:14:20 2025]
rule computeErrors:
    input: 0-correction/hifi.seqStore, 0-correction/hifi.ovlStore, 0-correction/find-errors-jobs/0066.range, 0-correction/configureFindErrors.finished
    output: 0-correction/find-errors-jobs/0066.red
    log: 0-correction/find-errors-jobs/0066.err
    jobid: 181
    reason: Missing output files: 0-correction/find-errors-jobs/0066.red
    wildcards: nnnn=0066
    threads: 4
    resources: tmpdir=/tmp, job_id=1, n_cpus=4, mem_gb=32, time_h=4

[Fri Mar 14 12:16:58 2025]
Finished job 304.
248 of 360 steps (69%) done
Select jobs to execute...

[Fri Mar 14 12:16:58 2025]
rule computeErrors:
    input: 0-correction/hifi.seqStore, 0-correction/hifi.ovlStore, 0-correction/find-errors-jobs/0050.range, 0-correction/configureFindErrors.finished
    output: 0-correction/find-errors-jobs/0050.red
    log: 0-correction/find-errors-jobs/0050.err
    jobid: 165
    reason: Missing output files: 0-correction/find-errors-jobs/0050.red
    wildcards: nnnn=0050
    threads: 4
    resources: tmpdir=/tmp, job_id=1, n_cpus=4, mem_gb=32, time_h=4

[Fri Mar 14 12:18:25 2025]
Finished job 181.
249 of 360 steps (69%) done
Select jobs to execute...

[Fri Mar 14 12:18:25 2025]
rule computeErrors:
    input: 0-correction/hifi.seqStore, 0-correction/hifi.ovlStore, 0-correction/find-errors-jobs/0094.range, 0-correction/configureFindErrors.finished
    output: 0-correction/find-errors-jobs/0094.red
    log: 0-correction/find-errors-jobs/0094.err
    jobid: 209
    reason: Missing output files: 0-correction/find-errors-jobs/0094.red
    wildcards: nnnn=0094
    threads: 4
    resources: tmpdir=/tmp, job_id=1, n_cpus=4, mem_gb=32, time_h=4

[Fri Mar 14 12:20:45 2025]
Finished job 165.
250 of 360 steps (69%) done
Select jobs to execute...

[Fri Mar 14 12:20:45 2025]
rule computeErrors:
    input: 0-correction/hifi.seqStore, 0-correction/hifi.ovlStore, 0-correction/find-errors-jobs/0008.range, 0-correction/configureFindErrors.finished
    output: 0-correction/find-errors-jobs/0008.red
    log: 0-correction/find-errors-jobs/0008.err
    jobid: 123
    reason: Missing output files: 0-correction/find-errors-jobs/0008.red
    wildcards: nnnn=0008
    threads: 4
    resources: tmpdir=/tmp, job_id=1, n_cpus=4, mem_gb=32, time_h=4

[Fri Mar 14 12:23:05 2025]
Finished job 209.
251 of 360 steps (70%) done
Select jobs to execute...

[Fri Mar 14 12:23:05 2025]
rule computeErrors:
    input: 0-correction/hifi.seqStore, 0-correction/hifi.ovlStore, 0-correction/find-errors-jobs/0205.range, 0-correction/configureFindErrors.finished
    output: 0-correction/find-errors-jobs/0205.red
    log: 0-correction/find-errors-jobs/0205.err
    jobid: 320
    reason: Missing output files: 0-correction/find-errors-jobs/0205.red
    wildcards: nnnn=0205
    threads: 4
    resources: tmpdir=/tmp, job_id=1, n_cpus=4, mem_gb=32, time_h=4

[Fri Mar 14 12:25:03 2025]
Finished job 123.
252 of 360 steps (70%) done
Select jobs to execute...

[Fri Mar 14 12:25:03 2025]
rule computeErrors:
    input: 0-correction/hifi.seqStore, 0-correction/hifi.ovlStore, 0-correction/find-errors-jobs/0203.range, 0-correction/configureFindErrors.finished
    output: 0-correction/find-errors-jobs/0203.red
    log: 0-correction/find-errors-jobs/0203.err
    jobid: 318
    reason: Missing output files: 0-correction/find-errors-jobs/0203.red
    wildcards: nnnn=0203
    threads: 4
    resources: tmpdir=/tmp, job_id=1, n_cpus=4, mem_gb=32, time_h=4

[Fri Mar 14 12:27:39 2025]
Finished job 320.
253 of 360 steps (70%) done
Select jobs to execute...

[Fri Mar 14 12:27:39 2025]
rule computeErrors:
    input: 0-correction/hifi.seqStore, 0-correction/hifi.ovlStore, 0-correction/find-errors-jobs/0010.range, 0-correction/configureFindErrors.finished
    output: 0-correction/find-errors-jobs/0010.red
    log: 0-correction/find-errors-jobs/0010.err
    jobid: 125
    reason: Missing output files: 0-correction/find-errors-jobs/0010.red
    wildcards: nnnn=0010
    threads: 4
    resources: tmpdir=/tmp, job_id=1, n_cpus=4, mem_gb=32, time_h=4

[Fri Mar 14 12:29:26 2025]
Finished job 318.
254 of 360 steps (71%) done
Select jobs to execute...

[Fri Mar 14 12:29:26 2025]
rule computeErrors:
    input: 0-correction/hifi.seqStore, 0-correction/hifi.ovlStore, 0-correction/find-errors-jobs/0081.range, 0-correction/configureFindErrors.finished
    output: 0-correction/find-errors-jobs/0081.red
    log: 0-correction/find-errors-jobs/0081.err
    jobid: 196
    reason: Missing output files: 0-correction/find-errors-jobs/0081.red
    wildcards: nnnn=0081
    threads: 4
    resources: tmpdir=/tmp, job_id=1, n_cpus=4, mem_gb=32, time_h=4

[Fri Mar 14 12:31:54 2025]
Finished job 125.
255 of 360 steps (71%) done
Select jobs to execute...

[Fri Mar 14 12:31:54 2025]
rule computeErrors:
    input: 0-correction/hifi.seqStore, 0-correction/hifi.ovlStore, 0-correction/find-errors-jobs/0178.range, 0-correction/configureFindErrors.finished
    output: 0-correction/find-errors-jobs/0178.red
    log: 0-correction/find-errors-jobs/0178.err
    jobid: 293
    reason: Missing output files: 0-correction/find-errors-jobs/0178.red
    wildcards: nnnn=0178
    threads: 4
    resources: tmpdir=/tmp, job_id=1, n_cpus=4, mem_gb=32, time_h=4

[Fri Mar 14 12:34:08 2025]
Finished job 196.
256 of 360 steps (71%) done
Select jobs to execute...

[Fri Mar 14 12:34:09 2025]
rule computeErrors:
    input: 0-correction/hifi.seqStore, 0-correction/hifi.ovlStore, 0-correction/find-errors-jobs/0164.range, 0-correction/configureFindErrors.finished
    output: 0-correction/find-errors-jobs/0164.red
    log: 0-correction/find-errors-jobs/0164.err
    jobid: 279
    reason: Missing output files: 0-correction/find-errors-jobs/0164.red
    wildcards: nnnn=0164
    threads: 4
    resources: tmpdir=/tmp, job_id=1, n_cpus=4, mem_gb=32, time_h=4

[Fri Mar 14 12:37:02 2025]
Finished job 293.
257 of 360 steps (71%) done
Select jobs to execute...

[Fri Mar 14 12:37:02 2025]
rule computeErrors:
    input: 0-correction/hifi.seqStore, 0-correction/hifi.ovlStore, 0-correction/find-errors-jobs/0220.range, 0-correction/configureFindErrors.finished
    output: 0-correction/find-errors-jobs/0220.red
    log: 0-correction/find-errors-jobs/0220.err
    jobid: 335
    reason: Missing output files: 0-correction/find-errors-jobs/0220.red
    wildcards: nnnn=0220
    threads: 4
    resources: tmpdir=/tmp, job_id=1, n_cpus=4, mem_gb=32, time_h=4

[Fri Mar 14 12:38:38 2025]
Finished job 279.
258 of 360 steps (72%) done
Select jobs to execute...

[Fri Mar 14 12:38:38 2025]
rule computeErrors:
    input: 0-correction/hifi.seqStore, 0-correction/hifi.ovlStore, 0-correction/find-errors-jobs/0095.range, 0-correction/configureFindErrors.finished
    output: 0-correction/find-errors-jobs/0095.red
    log: 0-correction/find-errors-jobs/0095.err
    jobid: 210
    reason: Missing output files: 0-correction/find-errors-jobs/0095.red
    wildcards: nnnn=0095
    threads: 4
    resources: tmpdir=/tmp, job_id=1, n_cpus=4, mem_gb=32, time_h=4

[Fri Mar 14 12:42:04 2025]
Finished job 335.
259 of 360 steps (72%) done
Select jobs to execute...

[Fri Mar 14 12:42:04 2025]
rule computeErrors:
    input: 0-correction/hifi.seqStore, 0-correction/hifi.ovlStore, 0-correction/find-errors-jobs/0137.range, 0-correction/configureFindErrors.finished
    output: 0-correction/find-errors-jobs/0137.red
    log: 0-correction/find-errors-jobs/0137.err
    jobid: 252
    reason: Missing output files: 0-correction/find-errors-jobs/0137.red
    wildcards: nnnn=0137
    threads: 4
    resources: tmpdir=/tmp, job_id=1, n_cpus=4, mem_gb=32, time_h=4

[Fri Mar 14 12:42:43 2025]
Finished job 210.
260 of 360 steps (72%) done
Select jobs to execute...

[Fri Mar 14 12:42:43 2025]
rule computeErrors:
    input: 0-correction/hifi.seqStore, 0-correction/hifi.ovlStore, 0-correction/find-errors-jobs/0019.range, 0-correction/configureFindErrors.finished
    output: 0-correction/find-errors-jobs/0019.red
    log: 0-correction/find-errors-jobs/0019.err
    jobid: 134
    reason: Missing output files: 0-correction/find-errors-jobs/0019.red
    wildcards: nnnn=0019
    threads: 4
    resources: tmpdir=/tmp, job_id=1, n_cpus=4, mem_gb=32, time_h=4

[Fri Mar 14 12:46:45 2025]
Finished job 134.
261 of 360 steps (72%) done
Select jobs to execute...

[Fri Mar 14 12:46:45 2025]
rule computeErrors:
    input: 0-correction/hifi.seqStore, 0-correction/hifi.ovlStore, 0-correction/find-errors-jobs/0054.range, 0-correction/configureFindErrors.finished
    output: 0-correction/find-errors-jobs/0054.red
    log: 0-correction/find-errors-jobs/0054.err
    jobid: 169
    reason: Missing output files: 0-correction/find-errors-jobs/0054.red
    wildcards: nnnn=0054
    threads: 4
    resources: tmpdir=/tmp, job_id=1, n_cpus=4, mem_gb=32, time_h=4

[Fri Mar 14 12:47:01 2025]
Finished job 252.
262 of 360 steps (73%) done
Select jobs to execute...

[Fri Mar 14 12:47:01 2025]
rule computeErrors:
    input: 0-correction/hifi.seqStore, 0-correction/hifi.ovlStore, 0-correction/find-errors-jobs/0082.range, 0-correction/configureFindErrors.finished
    output: 0-correction/find-errors-jobs/0082.red
    log: 0-correction/find-errors-jobs/0082.err
    jobid: 197
    reason: Missing output files: 0-correction/find-errors-jobs/0082.red
    wildcards: nnnn=0082
    threads: 4
    resources: tmpdir=/tmp, job_id=1, n_cpus=4, mem_gb=32, time_h=4

[Fri Mar 14 12:51:17 2025]
Finished job 197.
263 of 360 steps (73%) done
Select jobs to execute...

[Fri Mar 14 12:51:17 2025]
rule computeErrors:
    input: 0-correction/hifi.seqStore, 0-correction/hifi.ovlStore, 0-correction/find-errors-jobs/0124.range, 0-correction/configureFindErrors.finished
    output: 0-correction/find-errors-jobs/0124.red
    log: 0-correction/find-errors-jobs/0124.err
    jobid: 239
    reason: Missing output files: 0-correction/find-errors-jobs/0124.red
    wildcards: nnnn=0124
    threads: 4
    resources: tmpdir=/tmp, job_id=1, n_cpus=4, mem_gb=32, time_h=4

[Fri Mar 14 12:51:28 2025]
Finished job 169.
264 of 360 steps (73%) done
Select jobs to execute...

[Fri Mar 14 12:51:28 2025]
rule computeErrors:
    input: 0-correction/hifi.seqStore, 0-correction/hifi.ovlStore, 0-correction/find-errors-jobs/0020.range, 0-correction/configureFindErrors.finished
    output: 0-correction/find-errors-jobs/0020.red
    log: 0-correction/find-errors-jobs/0020.err
    jobid: 135
    reason: Missing output files: 0-correction/find-errors-jobs/0020.red
    wildcards: nnnn=0020
    threads: 4
    resources: tmpdir=/tmp, job_id=1, n_cpus=4, mem_gb=32, time_h=4

[Fri Mar 14 12:55:48 2025]
Finished job 239.
265 of 360 steps (74%) done
Select jobs to execute...

[Fri Mar 14 12:55:48 2025]
rule computeErrors:
    input: 0-correction/hifi.seqStore, 0-correction/hifi.ovlStore, 0-correction/find-errors-jobs/0159.range, 0-correction/configureFindErrors.finished
    output: 0-correction/find-errors-jobs/0159.red
    log: 0-correction/find-errors-jobs/0159.err
    jobid: 274
    reason: Missing output files: 0-correction/find-errors-jobs/0159.red
    wildcards: nnnn=0159
    threads: 4
    resources: tmpdir=/tmp, job_id=1, n_cpus=4, mem_gb=32, time_h=4

[Fri Mar 14 12:55:48 2025]
Finished job 135.
266 of 360 steps (74%) done
Select jobs to execute...

[Fri Mar 14 12:55:48 2025]
rule computeErrors:
    input: 0-correction/hifi.seqStore, 0-correction/hifi.ovlStore, 0-correction/find-errors-jobs/0236.range, 0-correction/configureFindErrors.finished
    output: 0-correction/find-errors-jobs/0236.red
    log: 0-correction/find-errors-jobs/0236.err
    jobid: 351
    reason: Missing output files: 0-correction/find-errors-jobs/0236.red
    wildcards: nnnn=0236
    threads: 4
    resources: tmpdir=/tmp, job_id=1, n_cpus=4, mem_gb=32, time_h=4

[Fri Mar 14 13:00:20 2025]
Finished job 351.
267 of 360 steps (74%) done
Select jobs to execute...

[Fri Mar 14 13:00:20 2025]
rule computeErrors:
    input: 0-correction/hifi.seqStore, 0-correction/hifi.ovlStore, 0-correction/find-errors-jobs/0188.range, 0-correction/configureFindErrors.finished
    output: 0-correction/find-errors-jobs/0188.red
    log: 0-correction/find-errors-jobs/0188.err
    jobid: 303
    reason: Missing output files: 0-correction/find-errors-jobs/0188.red
    wildcards: nnnn=0188
    threads: 4
    resources: tmpdir=/tmp, job_id=1, n_cpus=4, mem_gb=32, time_h=4

[Fri Mar 14 13:02:25 2025]
Finished job 274.
268 of 360 steps (74%) done
Select jobs to execute...

[Fri Mar 14 13:02:25 2025]
rule computeErrors:
    input: 0-correction/hifi.seqStore, 0-correction/hifi.ovlStore, 0-correction/find-errors-jobs/0133.range, 0-correction/configureFindErrors.finished
    output: 0-correction/find-errors-jobs/0133.red
    log: 0-correction/find-errors-jobs/0133.err
    jobid: 248
    reason: Missing output files: 0-correction/find-errors-jobs/0133.red
    wildcards: nnnn=0133
    threads: 4
    resources: tmpdir=/tmp, job_id=1, n_cpus=4, mem_gb=32, time_h=4

[Fri Mar 14 13:04:41 2025]
Finished job 303.
269 of 360 steps (75%) done
Select jobs to execute...

[Fri Mar 14 13:04:41 2025]
rule computeErrors:
    input: 0-correction/hifi.seqStore, 0-correction/hifi.ovlStore, 0-correction/find-errors-jobs/0080.range, 0-correction/configureFindErrors.finished
    output: 0-correction/find-errors-jobs/0080.red
    log: 0-correction/find-errors-jobs/0080.err
    jobid: 195
    reason: Missing output files: 0-correction/find-errors-jobs/0080.red
    wildcards: nnnn=0080
    threads: 4
    resources: tmpdir=/tmp, job_id=1, n_cpus=4, mem_gb=32, time_h=4

[Fri Mar 14 13:07:00 2025]
Finished job 248.
270 of 360 steps (75%) done
Select jobs to execute...

[Fri Mar 14 13:07:00 2025]
rule computeErrors:
    input: 0-correction/hifi.seqStore, 0-correction/hifi.ovlStore, 0-correction/find-errors-jobs/0163.range, 0-correction/configureFindErrors.finished
    output: 0-correction/find-errors-jobs/0163.red
    log: 0-correction/find-errors-jobs/0163.err
    jobid: 278
    reason: Missing output files: 0-correction/find-errors-jobs/0163.red
    wildcards: nnnn=0163
    threads: 4
    resources: tmpdir=/tmp, job_id=1, n_cpus=4, mem_gb=32, time_h=4

[Fri Mar 14 13:08:40 2025]
Finished job 195.
271 of 360 steps (75%) done
Select jobs to execute...

[Fri Mar 14 13:08:40 2025]
rule computeErrors:
    input: 0-correction/hifi.seqStore, 0-correction/hifi.ovlStore, 0-correction/find-errors-jobs/0063.range, 0-correction/configureFindErrors.finished
    output: 0-correction/find-errors-jobs/0063.red
    log: 0-correction/find-errors-jobs/0063.err
    jobid: 178
    reason: Missing output files: 0-correction/find-errors-jobs/0063.red
    wildcards: nnnn=0063
    threads: 4
    resources: tmpdir=/tmp, job_id=1, n_cpus=4, mem_gb=32, time_h=4

[Fri Mar 14 13:11:34 2025]
Finished job 278.
272 of 360 steps (76%) done
Select jobs to execute...

[Fri Mar 14 13:11:34 2025]
rule computeErrors:
    input: 0-correction/hifi.seqStore, 0-correction/hifi.ovlStore, 0-correction/find-errors-jobs/0091.range, 0-correction/configureFindErrors.finished
    output: 0-correction/find-errors-jobs/0091.red
    log: 0-correction/find-errors-jobs/0091.err
    jobid: 206
    reason: Missing output files: 0-correction/find-errors-jobs/0091.red
    wildcards: nnnn=0091
    threads: 4
    resources: tmpdir=/tmp, job_id=1, n_cpus=4, mem_gb=32, time_h=4

[Fri Mar 14 13:13:30 2025]
Finished job 178.
273 of 360 steps (76%) done
Select jobs to execute...

[Fri Mar 14 13:13:30 2025]
rule computeErrors:
    input: 0-correction/hifi.seqStore, 0-correction/hifi.ovlStore, 0-correction/find-errors-jobs/0049.range, 0-correction/configureFindErrors.finished
    output: 0-correction/find-errors-jobs/0049.red
    log: 0-correction/find-errors-jobs/0049.err
    jobid: 164
    reason: Missing output files: 0-correction/find-errors-jobs/0049.red
    wildcards: nnnn=0049
    threads: 4
    resources: tmpdir=/tmp, job_id=1, n_cpus=4, mem_gb=32, time_h=4

[Fri Mar 14 13:15:47 2025]
Finished job 206.
274 of 360 steps (76%) done
Select jobs to execute...

[Fri Mar 14 13:15:47 2025]
rule computeErrors:
    input: 0-correction/hifi.seqStore, 0-correction/hifi.ovlStore, 0-correction/find-errors-jobs/0077.range, 0-correction/configureFindErrors.finished
    output: 0-correction/find-errors-jobs/0077.red
    log: 0-correction/find-errors-jobs/0077.err
    jobid: 192
    reason: Missing output files: 0-correction/find-errors-jobs/0077.red
    wildcards: nnnn=0077
    threads: 4
    resources: tmpdir=/tmp, job_id=1, n_cpus=4, mem_gb=32, time_h=4

[Fri Mar 14 13:17:52 2025]
Finished job 164.
275 of 360 steps (76%) done
Select jobs to execute...

[Fri Mar 14 13:17:52 2025]
rule computeErrors:
    input: 0-correction/hifi.seqStore, 0-correction/hifi.ovlStore, 0-correction/find-errors-jobs/0160.range, 0-correction/configureFindErrors.finished
    output: 0-correction/find-errors-jobs/0160.red
    log: 0-correction/find-errors-jobs/0160.err
    jobid: 275
    reason: Missing output files: 0-correction/find-errors-jobs/0160.red
    wildcards: nnnn=0160
    threads: 4
    resources: tmpdir=/tmp, job_id=1, n_cpus=4, mem_gb=32, time_h=4

[Fri Mar 14 13:19:33 2025]
Finished job 192.
276 of 360 steps (77%) done
Select jobs to execute...

[Fri Mar 14 13:19:33 2025]
rule computeErrors:
    input: 0-correction/hifi.seqStore, 0-correction/hifi.ovlStore, 0-correction/find-errors-jobs/0240.range, 0-correction/configureFindErrors.finished
    output: 0-correction/find-errors-jobs/0240.red
    log: 0-correction/find-errors-jobs/0240.err
    jobid: 355
    reason: Missing output files: 0-correction/find-errors-jobs/0240.red
    wildcards: nnnn=0240
    threads: 4
    resources: tmpdir=/tmp, job_id=1, n_cpus=4, mem_gb=32, time_h=4

[Fri Mar 14 13:21:28 2025]
Finished job 275.
277 of 360 steps (77%) done
Select jobs to execute...

[Fri Mar 14 13:21:28 2025]
rule computeErrors:
    input: 0-correction/hifi.seqStore, 0-correction/hifi.ovlStore, 0-correction/find-errors-jobs/0032.range, 0-correction/configureFindErrors.finished
    output: 0-correction/find-errors-jobs/0032.red
    log: 0-correction/find-errors-jobs/0032.err
    jobid: 147
    reason: Missing output files: 0-correction/find-errors-jobs/0032.red
    wildcards: nnnn=0032
    threads: 4
    resources: tmpdir=/tmp, job_id=1, n_cpus=4, mem_gb=32, time_h=4

[Fri Mar 14 13:23:05 2025]
Finished job 355.
278 of 360 steps (77%) done
Select jobs to execute...

[Fri Mar 14 13:23:05 2025]
rule computeErrors:
    input: 0-correction/hifi.seqStore, 0-correction/hifi.ovlStore, 0-correction/find-errors-jobs/0007.range, 0-correction/configureFindErrors.finished
    output: 0-correction/find-errors-jobs/0007.red
    log: 0-correction/find-errors-jobs/0007.err
    jobid: 122
    reason: Missing output files: 0-correction/find-errors-jobs/0007.red
    wildcards: nnnn=0007
    threads: 4
    resources: tmpdir=/tmp, job_id=1, n_cpus=4, mem_gb=32, time_h=4

[Fri Mar 14 13:24:29 2025]
Finished job 147.
279 of 360 steps (78%) done
Select jobs to execute...

[Fri Mar 14 13:24:29 2025]
rule computeErrors:
    input: 0-correction/hifi.seqStore, 0-correction/hifi.ovlStore, 0-correction/find-errors-jobs/0202.range, 0-correction/configureFindErrors.finished
    output: 0-correction/find-errors-jobs/0202.red
    log: 0-correction/find-errors-jobs/0202.err
    jobid: 317
    reason: Missing output files: 0-correction/find-errors-jobs/0202.red
    wildcards: nnnn=0202
    threads: 4
    resources: tmpdir=/tmp, job_id=1, n_cpus=4, mem_gb=32, time_h=4

[Fri Mar 14 13:26:31 2025]
Finished job 122.
280 of 360 steps (78%) done
Select jobs to execute...

[Fri Mar 14 13:26:31 2025]
rule computeErrors:
    input: 0-correction/hifi.seqStore, 0-correction/hifi.ovlStore, 0-correction/find-errors-jobs/0198.range, 0-correction/configureFindErrors.finished
    output: 0-correction/find-errors-jobs/0198.red
    log: 0-correction/find-errors-jobs/0198.err
    jobid: 313
    reason: Missing output files: 0-correction/find-errors-jobs/0198.red
    wildcards: nnnn=0198
    threads: 4
    resources: tmpdir=/tmp, job_id=1, n_cpus=4, mem_gb=32, time_h=4

[Fri Mar 14 13:28:33 2025]
Finished job 317.
281 of 360 steps (78%) done
Select jobs to execute...

[Fri Mar 14 13:28:33 2025]
rule computeErrors:
    input: 0-correction/hifi.seqStore, 0-correction/hifi.ovlStore, 0-correction/find-errors-jobs/0073.range, 0-correction/configureFindErrors.finished
    output: 0-correction/find-errors-jobs/0073.red
    log: 0-correction/find-errors-jobs/0073.err
    jobid: 188
    reason: Missing output files: 0-correction/find-errors-jobs/0073.red
    wildcards: nnnn=0073
    threads: 4
    resources: tmpdir=/tmp, job_id=1, n_cpus=4, mem_gb=32, time_h=4

[Fri Mar 14 13:30:12 2025]
Finished job 313.
282 of 360 steps (78%) done
Select jobs to execute...

[Fri Mar 14 13:30:12 2025]
rule computeErrors:
    input: 0-correction/hifi.seqStore, 0-correction/hifi.ovlStore, 0-correction/find-errors-jobs/0017.range, 0-correction/configureFindErrors.finished
    output: 0-correction/find-errors-jobs/0017.red
    log: 0-correction/find-errors-jobs/0017.err
    jobid: 132
    reason: Missing output files: 0-correction/find-errors-jobs/0017.red
    wildcards: nnnn=0017
    threads: 4
    resources: tmpdir=/tmp, job_id=1, n_cpus=4, mem_gb=32, time_h=4

[Fri Mar 14 13:37:07 2025]
Finished job 188.
283 of 360 steps (79%) done
Select jobs to execute...

[Fri Mar 14 13:37:07 2025]
rule computeErrors:
    input: 0-correction/hifi.seqStore, 0-correction/hifi.ovlStore, 0-correction/find-errors-jobs/0024.range, 0-correction/configureFindErrors.finished
    output: 0-correction/find-errors-jobs/0024.red
    log: 0-correction/find-errors-jobs/0024.err
    jobid: 139
    reason: Missing output files: 0-correction/find-errors-jobs/0024.red
    wildcards: nnnn=0024
    threads: 4
    resources: tmpdir=/tmp, job_id=1, n_cpus=4, mem_gb=32, time_h=4

[Fri Mar 14 13:38:37 2025]
Finished job 132.
284 of 360 steps (79%) done
Select jobs to execute...

[Fri Mar 14 13:38:37 2025]
rule computeErrors:
    input: 0-correction/hifi.seqStore, 0-correction/hifi.ovlStore, 0-correction/find-errors-jobs/0011.range, 0-correction/configureFindErrors.finished
    output: 0-correction/find-errors-jobs/0011.red
    log: 0-correction/find-errors-jobs/0011.err
    jobid: 126
    reason: Missing output files: 0-correction/find-errors-jobs/0011.red
    wildcards: nnnn=0011
    threads: 4
    resources: tmpdir=/tmp, job_id=1, n_cpus=4, mem_gb=32, time_h=4

[Fri Mar 14 13:40:59 2025]
Finished job 139.
285 of 360 steps (79%) done
Select jobs to execute...

[Fri Mar 14 13:40:59 2025]
rule computeErrors:
    input: 0-correction/hifi.seqStore, 0-correction/hifi.ovlStore, 0-correction/find-errors-jobs/0052.range, 0-correction/configureFindErrors.finished
    output: 0-correction/find-errors-jobs/0052.red
    log: 0-correction/find-errors-jobs/0052.err
    jobid: 167
    reason: Missing output files: 0-correction/find-errors-jobs/0052.red
    wildcards: nnnn=0052
    threads: 4
    resources: tmpdir=/tmp, job_id=1, n_cpus=4, mem_gb=32, time_h=4

[Fri Mar 14 13:41:48 2025]
Finished job 126.
286 of 360 steps (79%) done
Select jobs to execute...

[Fri Mar 14 13:41:48 2025]
rule computeErrors:
    input: 0-correction/hifi.seqStore, 0-correction/hifi.ovlStore, 0-correction/find-errors-jobs/0059.range, 0-correction/configureFindErrors.finished
    output: 0-correction/find-errors-jobs/0059.red
    log: 0-correction/find-errors-jobs/0059.err
    jobid: 174
    reason: Missing output files: 0-correction/find-errors-jobs/0059.red
    wildcards: nnnn=0059
    threads: 4
    resources: tmpdir=/tmp, job_id=1, n_cpus=4, mem_gb=32, time_h=4

[Fri Mar 14 13:44:24 2025]
Finished job 167.
287 of 360 steps (80%) done
[Fri Mar 14 13:45:23 2025]
Finished job 174.
288 of 360 steps (80%) done
Select jobs to execute...

[Fri Mar 14 13:45:25 2025]
rule fixErrors:
    input: 0-correction/hifi.seqStore, 0-correction/hifi.ovlStore, 0-correction/find-errors-jobs/0001.red, 0-correction/find-errors-jobs/0002.red, 0-correction/find-errors-jobs/0003.red, 0-correction/find-errors-jobs/0004.red, 0-correction/find-errors-jobs/0005.red, 0-correction/find-errors-jobs/0006.red, 0-correction/find-errors-jobs/0007.red, 0-correction/find-errors-jobs/0008.red, 0-correction/find-errors-jobs/0009.red, 0-correction/find-errors-jobs/0010.red, 0-correction/find-errors-jobs/0011.red, 0-correction/find-errors-jobs/0012.red, 0-correction/find-errors-jobs/0013.red, 0-correction/find-errors-jobs/0014.red, 0-correction/find-errors-jobs/0015.red, 0-correction/find-errors-jobs/0016.red, 0-correction/find-errors-jobs/0017.red, 0-correction/find-errors-jobs/0018.red, 0-correction/find-errors-jobs/0019.red, 0-correction/find-errors-jobs/0020.red, 0-correction/find-errors-jobs/0021.red, 0-correction/find-errors-jobs/0022.red, 0-correction/find-errors-jobs/0023.red, 0-correction/find-errors-jobs/0024.red, 0-correction/find-errors-jobs/0025.red, 0-correction/find-errors-jobs/0026.red, 0-correction/find-errors-jobs/0027.red, 0-correction/find-errors-jobs/0028.red, 0-correction/find-errors-jobs/0029.red, 0-correction/find-errors-jobs/0030.red, 0-correction/find-errors-jobs/0031.red, 0-correction/find-errors-jobs/0032.red, 0-correction/find-errors-jobs/0033.red, 0-correction/find-errors-jobs/0034.red, 0-correction/find-errors-jobs/0035.red, 0-correction/find-errors-jobs/0036.red, 0-correction/find-errors-jobs/0037.red, 0-correction/find-errors-jobs/0038.red, 0-correction/find-errors-jobs/0039.red, 0-correction/find-errors-jobs/0040.red, 0-correction/find-errors-jobs/0041.red, 0-correction/find-errors-jobs/0042.red, 0-correction/find-errors-jobs/0043.red, 0-correction/find-errors-jobs/0044.red, 0-correction/find-errors-jobs/0045.red, 0-correction/find-errors-jobs/0046.red, 0-correction/find-errors-jobs/0047.red, 0-correction/find-errors-jobs/0048.red, 0-correction/find-errors-jobs/0049.red, 0-correction/find-errors-jobs/0050.red, 0-correction/find-errors-jobs/0051.red, 0-correction/find-errors-jobs/0052.red, 0-correction/find-errors-jobs/0053.red, 0-correction/find-errors-jobs/0054.red, 0-correction/find-errors-jobs/0055.red, 0-correction/find-errors-jobs/0056.red, 0-correction/find-errors-jobs/0057.red, 0-correction/find-errors-jobs/0058.red, 0-correction/find-errors-jobs/0059.red, 0-correction/find-errors-jobs/0060.red, 0-correction/find-errors-jobs/0061.red, 0-correction/find-errors-jobs/0062.red, 0-correction/find-errors-jobs/0063.red, 0-correction/find-errors-jobs/0064.red, 0-correction/find-errors-jobs/0065.red, 0-correction/find-errors-jobs/0066.red, 0-correction/find-errors-jobs/0067.red, 0-correction/find-errors-jobs/0068.red, 0-correction/find-errors-jobs/0069.red, 0-correction/find-errors-jobs/0070.red, 0-correction/find-errors-jobs/0071.red, 0-correction/find-errors-jobs/0072.red, 0-correction/find-errors-jobs/0073.red, 0-correction/find-errors-jobs/0074.red, 0-correction/find-errors-jobs/0075.red, 0-correction/find-errors-jobs/0076.red, 0-correction/find-errors-jobs/0077.red, 0-correction/find-errors-jobs/0078.red, 0-correction/find-errors-jobs/0079.red, 0-correction/find-errors-jobs/0080.red, 0-correction/find-errors-jobs/0081.red, 0-correction/find-errors-jobs/0082.red, 0-correction/find-errors-jobs/0083.red, 0-correction/find-errors-jobs/0084.red, 0-correction/find-errors-jobs/0085.red, 0-correction/find-errors-jobs/0086.red, 0-correction/find-errors-jobs/0087.red, 0-correction/find-errors-jobs/0088.red, 0-correction/find-errors-jobs/0089.red, 0-correction/find-errors-jobs/0090.red, 0-correction/find-errors-jobs/0091.red, 0-correction/find-errors-jobs/0092.red, 0-correction/find-errors-jobs/0093.red, 0-correction/find-errors-jobs/0094.red, 0-correction/find-errors-jobs/0095.red, 0-correction/find-errors-jobs/0096.red, 0-correction/find-errors-jobs/0097.red, 0-correction/find-errors-jobs/0098.red, 0-correction/find-errors-jobs/0099.red, 0-correction/find-errors-jobs/0100.red, 0-correction/find-errors-jobs/0101.red, 0-correction/find-errors-jobs/0102.red, 0-correction/find-errors-jobs/0103.red, 0-correction/find-errors-jobs/0104.red, 0-correction/find-errors-jobs/0105.red, 0-correction/find-errors-jobs/0106.red, 0-correction/find-errors-jobs/0107.red, 0-correction/find-errors-jobs/0108.red, 0-correction/find-errors-jobs/0109.red, 0-correction/find-errors-jobs/0110.red, 0-correction/find-errors-jobs/0111.red, 0-correction/find-errors-jobs/0112.red, 0-correction/find-errors-jobs/0113.red, 0-correction/find-errors-jobs/0114.red, 0-correction/find-errors-jobs/0115.red, 0-correction/find-errors-jobs/0116.red, 0-correction/find-errors-jobs/0117.red, 0-correction/find-errors-jobs/0118.red, 0-correction/find-errors-jobs/0119.red, 0-correction/find-errors-jobs/0120.red, 0-correction/find-errors-jobs/0121.red, 0-correction/find-errors-jobs/0122.red, 0-correction/find-errors-jobs/0123.red, 0-correction/find-errors-jobs/0124.red, 0-correction/find-errors-jobs/0125.red, 0-correction/find-errors-jobs/0126.red, 0-correction/find-errors-jobs/0127.red, 0-correction/find-errors-jobs/0128.red, 0-correction/find-errors-jobs/0129.red, 0-correction/find-errors-jobs/0130.red, 0-correction/find-errors-jobs/0131.red, 0-correction/find-errors-jobs/0132.red, 0-correction/find-errors-jobs/0133.red, 0-correction/find-errors-jobs/0134.red, 0-correction/find-errors-jobs/0135.red, 0-correction/find-errors-jobs/0136.red, 0-correction/find-errors-jobs/0137.red, 0-correction/find-errors-jobs/0138.red, 0-correction/find-errors-jobs/0139.red, 0-correction/find-errors-jobs/0140.red, 0-correction/find-errors-jobs/0141.red, 0-correction/find-errors-jobs/0142.red, 0-correction/find-errors-jobs/0143.red, 0-correction/find-errors-jobs/0144.red, 0-correction/find-errors-jobs/0145.red, 0-correction/find-errors-jobs/0146.red, 0-correction/find-errors-jobs/0147.red, 0-correction/find-errors-jobs/0148.red, 0-correction/find-errors-jobs/0149.red, 0-correction/find-errors-jobs/0150.red, 0-correction/find-errors-jobs/0151.red, 0-correction/find-errors-jobs/0152.red, 0-correction/find-errors-jobs/0153.red, 0-correction/find-errors-jobs/0154.red, 0-correction/find-errors-jobs/0155.red, 0-correction/find-errors-jobs/0156.red, 0-correction/find-errors-jobs/0157.red, 0-correction/find-errors-jobs/0158.red, 0-correction/find-errors-jobs/0159.red, 0-correction/find-errors-jobs/0160.red, 0-correction/find-errors-jobs/0161.red, 0-correction/find-errors-jobs/0162.red, 0-correction/find-errors-jobs/0163.red, 0-correction/find-errors-jobs/0164.red, 0-correction/find-errors-jobs/0165.red, 0-correction/find-errors-jobs/0166.red, 0-correction/find-errors-jobs/0167.red, 0-correction/find-errors-jobs/0168.red, 0-correction/find-errors-jobs/0169.red, 0-correction/find-errors-jobs/0170.red, 0-correction/find-errors-jobs/0171.red, 0-correction/find-errors-jobs/0172.red, 0-correction/find-errors-jobs/0173.red, 0-correction/find-errors-jobs/0174.red, 0-correction/find-errors-jobs/0175.red, 0-correction/find-errors-jobs/0176.red, 0-correction/find-errors-jobs/0177.red, 0-correction/find-errors-jobs/0178.red, 0-correction/find-errors-jobs/0179.red, 0-correction/find-errors-jobs/0180.red, 0-correction/find-errors-jobs/0181.red, 0-correction/find-errors-jobs/0182.red, 0-correction/find-errors-jobs/0183.red, 0-correction/find-errors-jobs/0184.red, 0-correction/find-errors-jobs/0185.red, 0-correction/find-errors-jobs/0186.red, 0-correction/find-errors-jobs/0187.red, 0-correction/find-errors-jobs/0188.red, 0-correction/find-errors-jobs/0189.red, 0-correction/find-errors-jobs/0190.red, 0-correction/find-errors-jobs/0191.red, 0-correction/find-errors-jobs/0192.red, 0-correction/find-errors-jobs/0193.red, 0-correction/find-errors-jobs/0194.red, 0-correction/find-errors-jobs/0195.red, 0-correction/find-errors-jobs/0196.red, 0-correction/find-errors-jobs/0197.red, 0-correction/find-errors-jobs/0198.red, 0-correction/find-errors-jobs/0199.red, 0-correction/find-errors-jobs/0200.red, 0-correction/find-errors-jobs/0201.red, 0-correction/find-errors-jobs/0202.red, 0-correction/find-errors-jobs/0203.red, 0-correction/find-errors-jobs/0204.red, 0-correction/find-errors-jobs/0205.red, 0-correction/find-errors-jobs/0206.red, 0-correction/find-errors-jobs/0207.red, 0-correction/find-errors-jobs/0208.red, 0-correction/find-errors-jobs/0209.red, 0-correction/find-errors-jobs/0210.red, 0-correction/find-errors-jobs/0211.red, 0-correction/find-errors-jobs/0212.red, 0-correction/find-errors-jobs/0213.red, 0-correction/find-errors-jobs/0214.red, 0-correction/find-errors-jobs/0215.red, 0-correction/find-errors-jobs/0216.red, 0-correction/find-errors-jobs/0217.red, 0-correction/find-errors-jobs/0218.red, 0-correction/find-errors-jobs/0219.red, 0-correction/find-errors-jobs/0220.red, 0-correction/find-errors-jobs/0221.red, 0-correction/find-errors-jobs/0222.red, 0-correction/find-errors-jobs/0223.red, 0-correction/find-errors-jobs/0224.red, 0-correction/find-errors-jobs/0225.red, 0-correction/find-errors-jobs/0226.red, 0-correction/find-errors-jobs/0227.red, 0-correction/find-errors-jobs/0228.red, 0-correction/find-errors-jobs/0229.red, 0-correction/find-errors-jobs/0230.red, 0-correction/find-errors-jobs/0231.red, 0-correction/find-errors-jobs/0232.red, 0-correction/find-errors-jobs/0233.red, 0-correction/find-errors-jobs/0234.red, 0-correction/find-errors-jobs/0235.red, 0-correction/find-errors-jobs/0236.red, 0-correction/find-errors-jobs/0237.red, 0-correction/find-errors-jobs/0238.red, 0-correction/find-errors-jobs/0239.red, 0-correction/find-errors-jobs/0240.red, 0-correction/find-errors-jobs/0241.red, 0-correction/find-errors-jobs/0242.red, 0-correction/find-errors-jobs/0243.red, 0-correction/find-errors-jobs/0244.red, 0-correction/find-errors-jobs/0245.red, 0-correction/find-errors-jobs/0246.red, 0-correction/find-errors-jobs/0247.red, 0-correction/find-errors-jobs/0248.red, 0-correction/find-errors-jobs/0249.red, 0-correction/configureFindErrors.finished
    output: 0-correction/red.red, 0-correction/hifi-corrected.fasta.gz
    log: 0-correction/fixErrors.err
    jobid: 6
    reason: Missing output files: 0-correction/hifi-corrected.fasta.gz; Input files updated by another job: 0-correction/find-errors-jobs/0115.red, 0-correction/find-errors-jobs/0183.red, 0-correction/find-errors-jobs/0077.red, 0-correction/find-errors-jobs/0099.red, 0-correction/find-errors-jobs/0168.red, 0-correction/find-errors-jobs/0166.red, 0-correction/find-errors-jobs/0205.red, 0-correction/find-errors-jobs/0189.red, 0-correction/find-errors-jobs/0173.red, 0-correction/find-errors-jobs/0175.red, 0-correction/find-errors-jobs/0113.red, 0-correction/find-errors-jobs/0051.red, 0-correction/find-errors-jobs/0029.red, 0-correction/find-errors-jobs/0063.red, 0-correction/find-errors-jobs/0098.red, 0-correction/find-errors-jobs/0236.red, 0-correction/find-errors-jobs/0244.red, 0-correction/find-errors-jobs/0065.red, 0-correction/find-errors-jobs/0075.red, 0-correction/find-errors-jobs/0039.red, 0-correction/find-errors-jobs/0170.red, 0-correction/find-errors-jobs/0229.red, 0-correction/find-errors-jobs/0015.red, 0-correction/find-errors-jobs/0218.red, 0-correction/find-errors-jobs/0230.red, 0-correction/find-errors-jobs/0207.red, 0-correction/find-errors-jobs/0246.red, 0-correction/find-errors-jobs/0062.red, 0-correction/find-errors-jobs/0050.red, 0-correction/find-errors-jobs/0193.red, 0-correction/find-errors-jobs/0117.red, 0-correction/find-errors-jobs/0081.red, 0-correction/find-errors-jobs/0210.red, 0-correction/find-errors-jobs/0031.red, 0-correction/find-errors-jobs/0185.red, 0-correction/find-errors-jobs/0238.red, 0-correction/find-errors-jobs/0204.red, 0-correction/find-errors-jobs/0006.red, 0-correction/find-errors-jobs/0196.red, 0-correction/find-errors-jobs/0198.red, 0-correction/find-errors-jobs/0225.red, 0-correction/find-errors-jobs/0060.red, 0-correction/find-errors-jobs/0082.red, 0-correction/find-errors-jobs/0096.red, 0-correction/find-errors-jobs/0149.red, 0-correction/find-errors-jobs/0040.red, 0-correction/find-errors-jobs/0215.red, 0-correction/find-errors-jobs/0002.red, 0-correction/find-errors-jobs/0014.red, 0-correction/find-errors-jobs/0018.red, 0-correction/find-errors-jobs/0114.red, 0-correction/find-errors-jobs/0104.red, 0-correction/find-errors-jobs/0107.red, 0-correction/find-errors-jobs/0044.red, 0-correction/find-errors-jobs/0068.red, 0-correction/find-errors-jobs/0109.red, 0-correction/find-errors-jobs/0083.red, 0-correction/find-errors-jobs/0122.red, 0-correction/find-errors-jobs/0134.red, 0-correction/find-errors-jobs/0234.red, 0-correction/find-errors-jobs/0057.red, 0-correction/find-errors-jobs/0240.red, 0-correction/find-errors-jobs/0023.red, 0-correction/find-errors-jobs/0112.red, 0-correction/find-errors-jobs/0206.red, 0-correction/find-errors-jobs/0156.red, 0-correction/find-errors-jobs/0124.red, 0-correction/find-errors-jobs/0195.red, 0-correction/find-errors-jobs/0167.red, 0-correction/find-errors-jobs/0161.red, 0-correction/find-errors-jobs/0221.red, 0-correction/find-errors-jobs/0181.red, 0-correction/find-errors-jobs/0045.red, 0-correction/find-errors-jobs/0061.red, 0-correction/find-errors-jobs/0010.red, 0-correction/find-errors-jobs/0059.red, 0-correction/find-errors-jobs/0102.red, 0-correction/find-errors-jobs/0131.red, 0-correction/find-errors-jobs/0012.red, 0-correction/find-errors-jobs/0148.red, 0-correction/find-errors-jobs/0103.red, 0-correction/find-errors-jobs/0048.red, 0-correction/find-errors-jobs/0080.red, 0-correction/find-errors-jobs/0094.red, 0-correction/find-errors-jobs/0158.red, 0-correction/find-errors-jobs/0041.red, 0-correction/find-errors-jobs/0133.red, 0-correction/find-errors-jobs/0084.red, 0-correction/find-errors-jobs/0216.red, 0-correction/find-errors-jobs/0245.red, 0-correction/find-errors-jobs/0248.red, 0-correction/find-errors-jobs/0108.red, 0-correction/find-errors-jobs/0226.red, 0-correction/find-errors-jobs/0233.red, 0-correction/find-errors-jobs/0242.red, 0-correction/find-errors-jobs/0146.red, 0-correction/find-errors-jobs/0100.red, 0-correction/find-errors-jobs/0076.red, 0-correction/find-errors-jobs/0091.red, 0-correction/find-errors-jobs/0155.red, 0-correction/find-errors-jobs/0162.red, 0-correction/find-errors-jobs/0120.red, 0-correction/find-errors-jobs/0033.red, 0-correction/find-errors-jobs/0219.red, 0-correction/find-errors-jobs/0232.red, 0-correction/find-errors-jobs/0188.red, 0-correction/find-errors-jobs/0135.red, 0-correction/find-errors-jobs/0071.red, 0-correction/find-errors-jobs/0090.red, 0-correction/find-errors-jobs/0105.red, 0-correction/find-errors-jobs/0174.red, 0-correction/find-errors-jobs/0217.red, 0-correction/find-errors-jobs/0235.red, 0-correction/find-errors-jobs/0016.red, 0-correction/find-errors-jobs/0163.red, 0-correction/find-errors-jobs/0089.red, 0-correction/find-errors-jobs/0007.red, 0-correction/find-errors-jobs/0025.red, 0-correction/find-errors-jobs/0093.red, 0-correction/find-errors-jobs/0187.red, 0-correction/find-errors-jobs/0008.red, 0-correction/find-errors-jobs/0239.red, 0-correction/find-errors-jobs/0026.red, 0-correction/find-errors-jobs/0231.red, 0-correction/find-errors-jobs/0164.red, 0-correction/find-errors-jobs/0227.red, 0-correction/find-errors-jobs/0201.red, 0-correction/find-errors-jobs/0224.red, 0-correction/find-errors-jobs/0111.red, 0-correction/find-errors-jobs/0086.red, 0-correction/find-errors-jobs/0005.red, 0-correction/find-errors-jobs/0123.red, 0-correction/find-errors-jobs/0176.red, 0-correction/find-errors-jobs/0243.red, 0-correction/find-errors-jobs/0223.red, 0-correction/find-errors-jobs/0159.red, 0-correction/find-errors-jobs/0172.red, 0-correction/find-errors-jobs/0199.red, 0-correction/find-errors-jobs/0037.red, 0-correction/find-errors-jobs/0079.red, 0-correction/find-errors-jobs/0247.red, 0-correction/find-errors-jobs/0212.red, 0-correction/find-errors-jobs/0074.red, 0-correction/find-errors-jobs/0034.red, 0-correction/find-errors-jobs/0011.red, 0-correction/find-errors-jobs/0150.red, 0-correction/find-errors-jobs/0027.red, 0-correction/find-errors-jobs/0152.red, 0-correction/find-errors-jobs/0053.red, 0-correction/find-errors-jobs/0160.red, 0-correction/find-errors-jobs/0001.red, 0-correction/find-errors-jobs/0110.red, 0-correction/find-errors-jobs/0078.red, 0-correction/find-errors-jobs/0208.red, 0-correction/find-errors-jobs/0143.red, 0-correction/find-errors-jobs/0154.red, 0-correction/find-errors-jobs/0132.red, 0-correction/find-errors-jobs/0066.red, 0-correction/find-errors-jobs/0128.red, 0-correction/find-errors-jobs/0092.red, 0-correction/find-errors-jobs/0101.red, 0-correction/find-errors-jobs/0043.red, 0-correction/find-errors-jobs/0036.red, 0-correction/find-errors-jobs/0054.red, 0-correction/find-errors-jobs/0222.red, 0-correction/find-errors-jobs/0241.red, 0-correction/find-errors-jobs/0147.red, 0-correction/find-errors-jobs/0032.red, 0-correction/find-errors-jobs/0197.red, 0-correction/find-errors-jobs/0129.red, 0-correction/find-errors-jobs/0019.red, 0-correction/find-errors-jobs/0213.red, 0-correction/find-errors-jobs/0214.red, 0-correction/find-errors-jobs/0003.red, 0-correction/find-errors-jobs/0140.red, 0-correction/find-errors-jobs/0046.red, 0-correction/find-errors-jobs/0249.red, 0-correction/find-errors-jobs/0009.red, 0-correction/find-errors-jobs/0052.red, 0-correction/find-errors-jobs/0047.red, 0-correction/find-errors-jobs/0153.red, 0-correction/find-errors-jobs/0030.red, 0-correction/find-errors-jobs/0209.red, 0-correction/find-errors-jobs/0171.red, 0-correction/find-errors-jobs/0069.red, 0-correction/find-errors-jobs/0192.red, 0-correction/find-errors-jobs/0017.red, 0-correction/find-errors-jobs/0035.red, 0-correction/find-errors-jobs/0097.red, 0-correction/find-errors-jobs/0087.red, 0-correction/find-errors-jobs/0004.red, 0-correction/find-errors-jobs/0106.red, 0-correction/find-errors-jobs/0021.red, 0-correction/find-errors-jobs/0020.red, 0-correction/find-errors-jobs/0121.red, 0-correction/find-errors-jobs/0024.red, 0-correction/find-errors-jobs/0151.red, 0-correction/find-errors-jobs/0190.red, 0-correction/find-errors-jobs/0220.red, 0-correction/find-errors-jobs/0141.red, 0-correction/find-errors-jobs/0056.red, 0-correction/find-errors-jobs/0127.red, 0-correction/find-errors-jobs/0157.red, 0-correction/find-errors-jobs/0203.red, 0-correction/find-errors-jobs/0070.red, 0-correction/find-errors-jobs/0169.red, 0-correction/find-errors-jobs/0200.red, 0-correction/find-errors-jobs/0237.red, 0-correction/find-errors-jobs/0118.red, 0-correction/find-errors-jobs/0144.red, 0-correction/find-errors-jobs/0178.red, 0-correction/find-errors-jobs/0013.red, 0-correction/find-errors-jobs/0137.red, 0-correction/find-errors-jobs/0139.red, 0-correction/find-errors-jobs/0191.red, 0-correction/find-errors-jobs/0028.red, 0-correction/find-errors-jobs/0184.red, 0-correction/find-errors-jobs/0085.red, 0-correction/find-errors-jobs/0228.red, 0-correction/find-errors-jobs/0138.red, 0-correction/find-errors-jobs/0116.red, 0-correction/find-errors-jobs/0022.red, 0-correction/find-errors-jobs/0142.red, 0-correction/find-errors-jobs/0211.red, 0-correction/find-errors-jobs/0165.red, 0-correction/find-errors-jobs/0038.red, 0-correction/find-errors-jobs/0095.red, 0-correction/find-errors-jobs/0182.red, 0-correction/find-errors-jobs/0125.red, 0-correction/find-errors-jobs/0194.red, 0-correction/find-errors-jobs/0202.red, 0-correction/find-errors-jobs/0067.red, 0-correction/find-errors-jobs/0126.red, 0-correction/find-errors-jobs/0064.red, 0-correction/find-errors-jobs/0072.red, 0-correction/find-errors-jobs/0130.red, 0-correction/find-errors-jobs/0180.red, 0-correction/find-errors-jobs/0088.red, 0-correction/find-errors-jobs/0145.red, 0-correction/find-errors-jobs/0042.red, 0-correction/find-errors-jobs/0073.red, 0-correction/find-errors-jobs/0119.red, 0-correction/find-errors-jobs/0179.red, 0-correction/find-errors-jobs/0186.red, 0-correction/find-errors-jobs/0049.red, 0-correction/find-errors-jobs/0136.red, 0-correction/find-errors-jobs/0058.red, 0-correction/find-errors-jobs/0055.red, 0-correction/find-errors-jobs/0177.red
    resources: tmpdir=/tmp, job_id=1, n_cpus=1, mem_gb=16, time_h=4

[Fri Mar 14 13:58:17 2025]
Finished job 6.
289 of 360 steps (80%) done
Select jobs to execute...

[Fri Mar 14 13:58:17 2025]
localrule correctHiFi:
    input: 0-correction/hifi-corrected.fasta.gz
    output: hifi-corrected.fasta.gz
    jobid: 5
    reason: Missing output files: hifi-corrected.fasta.gz; Input files updated by another job: 0-correction/hifi-corrected.fasta.gz
    resources: tmpdir=/tmp, n_cpus=1, mem_gb=1, time_h=1

[Fri Mar 14 13:58:17 2025]
Finished job 5.
290 of 360 steps (81%) done
Select jobs to execute...

[Fri Mar 14 13:58:17 2025]
rule buildGraph:
    input: hifi-corrected.fasta.gz
    output: 1-buildGraph/hifi-resolved.gfa, 1-buildGraph/hifi_nodecov.csv, 1-buildGraph/paths.gaf
    log: 1-buildGraph/buildGraph.err
    jobid: 4
    reason: Missing output files: 1-buildGraph/hifi-resolved.gfa, 1-buildGraph/hifi_nodecov.csv, 1-buildGraph/paths.gaf; Input files updated by another job: hifi-corrected.fasta.gz
    threads: 4
    resources: tmpdir=/tmp, job_id=1, n_cpus=4, mem_gb=53, time_h=72

[Fri Mar 14 17:37:17 2025]
Finished job 4.
291 of 360 steps (81%) done
Select jobs to execute...

[Fri Mar 14 17:37:17 2025]
rule processGraph:
    input: 1-buildGraph/hifi-resolved.gfa, 1-buildGraph/paths.gaf, 1-buildGraph/hifi_nodecov.csv
    output: 2-processGraph/unitig-unrolled-hifi-resolved.gfa, 2-processGraph/unitig-mapping-1.txt
    log: 2-processGraph/process.err
    jobid: 3
    reason: Missing output files: 2-processGraph/unitig-unrolled-hifi-resolved.gfa; Input files updated by another job: 1-buildGraph/hifi-resolved.gfa, 1-buildGraph/hifi_nodecov.csv, 1-buildGraph/paths.gaf
    resources: tmpdir=/tmp, job_id=1, n_cpus=1, mem_gb=64, time_h=24

[Fri Mar 14 17:44:46 2025]
Finished job 3.
292 of 360 steps (81%) done
Select jobs to execute...

[Fri Mar 14 17:44:46 2025]
rule indexGraph:
    input: 2-processGraph/unitig-unrolled-hifi-resolved.gfa
    output: 3-align/graph.index, 3-align/diploid.index
    log: 3-align/index.err
    jobid: 26
    reason: Missing output files: 3-align/diploid.index, 3-align/graph.index; Input files updated by another job: 2-processGraph/unitig-unrolled-hifi-resolved.gfa
    resources: tmpdir=/tmp, job_id=1, n_cpus=1, mem_gb=58, time_h=24

[Fri Mar 14 19:11:00 2025]
Finished job 26.
293 of 360 steps (81%) done
Select jobs to execute...

[Fri Mar 14 19:11:00 2025]
rule alignONT:
    input: 3-align/split/ont030.fasta.gz, 3-align/graph.index, 3-align/diploid.index, 2-processGraph/unitig-unrolled-hifi-resolved.gfa
    output: 3-align/aligned030.gaf
    log: 3-align/aligned030.err
    jobid: 55
    reason: Missing output files: 3-align/aligned030.gaf; Input files updated by another job: 3-align/diploid.index, 2-processGraph/unitig-unrolled-hifi-resolved.gfa, 3-align/graph.index
    wildcards: nnnn=030
    threads: 24
    resources: tmpdir=/tmp, job_id=30, n_cpus=24, mem_gb=23, time_h=24

[Fri Mar 14 19:33:02 2025]
Finished job 55.
294 of 360 steps (82%) done
Select jobs to execute...

[Fri Mar 14 19:33:02 2025]
rule alignONT:
    input: 3-align/split/ont044.fasta.gz, 3-align/graph.index, 3-align/diploid.index, 2-processGraph/unitig-unrolled-hifi-resolved.gfa
    output: 3-align/aligned044.gaf
    log: 3-align/aligned044.err
    jobid: 69
    reason: Missing output files: 3-align/aligned044.gaf; Input files updated by another job: 3-align/diploid.index, 2-processGraph/unitig-unrolled-hifi-resolved.gfa, 3-align/graph.index
    wildcards: nnnn=044
    threads: 24
    resources: tmpdir=/tmp, job_id=44, n_cpus=24, mem_gb=23, time_h=24

[Fri Mar 14 19:53:27 2025]
Finished job 69.
295 of 360 steps (82%) done
Select jobs to execute...

[Fri Mar 14 19:53:27 2025]
rule alignONT:
    input: 3-align/split/ont023.fasta.gz, 3-align/graph.index, 3-align/diploid.index, 2-processGraph/unitig-unrolled-hifi-resolved.gfa
    output: 3-align/aligned023.gaf
    log: 3-align/aligned023.err
    jobid: 48
    reason: Missing output files: 3-align/aligned023.gaf; Input files updated by another job: 3-align/diploid.index, 2-processGraph/unitig-unrolled-hifi-resolved.gfa, 3-align/graph.index
    wildcards: nnnn=023
    threads: 24
    resources: tmpdir=/tmp, job_id=23, n_cpus=24, mem_gb=23, time_h=24

[Fri Mar 14 20:15:57 2025]
Finished job 48.
296 of 360 steps (82%) done
Select jobs to execute...

[Fri Mar 14 20:15:57 2025]
rule alignONT:
    input: 3-align/split/ont016.fasta.gz, 3-align/graph.index, 3-align/diploid.index, 2-processGraph/unitig-unrolled-hifi-resolved.gfa
    output: 3-align/aligned016.gaf
    log: 3-align/aligned016.err
    jobid: 41
    reason: Missing output files: 3-align/aligned016.gaf; Input files updated by another job: 3-align/diploid.index, 2-processGraph/unitig-unrolled-hifi-resolved.gfa, 3-align/graph.index
    wildcards: nnnn=016
    threads: 24
    resources: tmpdir=/tmp, job_id=16, n_cpus=24, mem_gb=23, time_h=24

[Fri Mar 14 20:42:52 2025]
Finished job 41.
297 of 360 steps (82%) done
Select jobs to execute...

[Fri Mar 14 20:42:52 2025]
rule alignONT:
    input: 3-align/split/ont051.fasta.gz, 3-align/graph.index, 3-align/diploid.index, 2-processGraph/unitig-unrolled-hifi-resolved.gfa
    output: 3-align/aligned051.gaf
    log: 3-align/aligned051.err
    jobid: 76
    reason: Missing output files: 3-align/aligned051.gaf; Input files updated by another job: 3-align/diploid.index, 2-processGraph/unitig-unrolled-hifi-resolved.gfa, 3-align/graph.index
    wildcards: nnnn=051
    threads: 24
    resources: tmpdir=/tmp, job_id=51, n_cpus=24, mem_gb=23, time_h=24

[Fri Mar 14 21:08:58 2025]
Finished job 76.
298 of 360 steps (83%) done
Select jobs to execute...

[Fri Mar 14 21:08:58 2025]
rule alignONT:
    input: 3-align/split/ont002.fasta.gz, 3-align/graph.index, 3-align/diploid.index, 2-processGraph/unitig-unrolled-hifi-resolved.gfa
    output: 3-align/aligned002.gaf
    log: 3-align/aligned002.err
    jobid: 27
    reason: Missing output files: 3-align/aligned002.gaf; Input files updated by another job: 3-align/diploid.index, 2-processGraph/unitig-unrolled-hifi-resolved.gfa, 3-align/graph.index
    wildcards: nnnn=002
    threads: 24
    resources: tmpdir=/tmp, job_id=2, n_cpus=24, mem_gb=23, time_h=24

[Fri Mar 14 21:35:41 2025]
Finished job 27.
299 of 360 steps (83%) done
Select jobs to execute...

[Fri Mar 14 21:35:41 2025]
rule alignONT:
    input: 3-align/split/ont009.fasta.gz, 3-align/graph.index, 3-align/diploid.index, 2-processGraph/unitig-unrolled-hifi-resolved.gfa
    output: 3-align/aligned009.gaf
    log: 3-align/aligned009.err
    jobid: 34
    reason: Missing output files: 3-align/aligned009.gaf; Input files updated by another job: 3-align/diploid.index, 2-processGraph/unitig-unrolled-hifi-resolved.gfa, 3-align/graph.index
    wildcards: nnnn=009
    threads: 24
    resources: tmpdir=/tmp, job_id=9, n_cpus=24, mem_gb=23, time_h=24

[Fri Mar 14 21:59:10 2025]
Finished job 34.
300 of 360 steps (83%) done
Select jobs to execute...

[Fri Mar 14 21:59:10 2025]
rule alignONT:
    input: 3-align/split/ont047.fasta.gz, 3-align/graph.index, 3-align/diploid.index, 2-processGraph/unitig-unrolled-hifi-resolved.gfa
    output: 3-align/aligned047.gaf
    log: 3-align/aligned047.err
    jobid: 72
    reason: Missing output files: 3-align/aligned047.gaf; Input files updated by another job: 3-align/diploid.index, 2-processGraph/unitig-unrolled-hifi-resolved.gfa, 3-align/graph.index
    wildcards: nnnn=047
    threads: 24
    resources: tmpdir=/tmp, job_id=47, n_cpus=24, mem_gb=23, time_h=24

[Fri Mar 14 22:22:39 2025]
Finished job 72.
301 of 360 steps (84%) done
Select jobs to execute...

[Fri Mar 14 22:22:39 2025]
rule alignONT:
    input: 3-align/split/ont055.fasta.gz, 3-align/graph.index, 3-align/diploid.index, 2-processGraph/unitig-unrolled-hifi-resolved.gfa
    output: 3-align/aligned055.gaf
    log: 3-align/aligned055.err
    jobid: 80
    reason: Missing output files: 3-align/aligned055.gaf; Input files updated by another job: 3-align/diploid.index, 2-processGraph/unitig-unrolled-hifi-resolved.gfa, 3-align/graph.index
    wildcards: nnnn=055
    threads: 24
    resources: tmpdir=/tmp, job_id=55, n_cpus=24, mem_gb=23, time_h=24

[Fri Mar 14 22:45:18 2025]
Finished job 80.
302 of 360 steps (84%) done
Select jobs to execute...

[Fri Mar 14 22:45:18 2025]
rule alignONT:
    input: 3-align/split/ont031.fasta.gz, 3-align/graph.index, 3-align/diploid.index, 2-processGraph/unitig-unrolled-hifi-resolved.gfa
    output: 3-align/aligned031.gaf
    log: 3-align/aligned031.err
    jobid: 56
    reason: Missing output files: 3-align/aligned031.gaf; Input files updated by another job: 3-align/diploid.index, 2-processGraph/unitig-unrolled-hifi-resolved.gfa, 3-align/graph.index
    wildcards: nnnn=031
    threads: 24
    resources: tmpdir=/tmp, job_id=31, n_cpus=24, mem_gb=23, time_h=24

[Fri Mar 14 23:05:13 2025]
Finished job 56.
303 of 360 steps (84%) done
Select jobs to execute...

[Fri Mar 14 23:05:13 2025]
rule alignONT:
    input: 3-align/split/ont003.fasta.gz, 3-align/graph.index, 3-align/diploid.index, 2-processGraph/unitig-unrolled-hifi-resolved.gfa
    output: 3-align/aligned003.gaf
    log: 3-align/aligned003.err
    jobid: 28
    reason: Missing output files: 3-align/aligned003.gaf; Input files updated by another job: 3-align/diploid.index, 2-processGraph/unitig-unrolled-hifi-resolved.gfa, 3-align/graph.index
    wildcards: nnnn=003
    threads: 24
    resources: tmpdir=/tmp, job_id=3, n_cpus=24, mem_gb=23, time_h=24

[Fri Mar 14 23:26:58 2025]
Finished job 28.
304 of 360 steps (84%) done
Select jobs to execute...

[Fri Mar 14 23:26:58 2025]
rule alignONT:
    input: 3-align/split/ont037.fasta.gz, 3-align/graph.index, 3-align/diploid.index, 2-processGraph/unitig-unrolled-hifi-resolved.gfa
    output: 3-align/aligned037.gaf
    log: 3-align/aligned037.err
    jobid: 62
    reason: Missing output files: 3-align/aligned037.gaf; Input files updated by another job: 3-align/diploid.index, 2-processGraph/unitig-unrolled-hifi-resolved.gfa, 3-align/graph.index
    wildcards: nnnn=037
    threads: 24
    resources: tmpdir=/tmp, job_id=37, n_cpus=24, mem_gb=23, time_h=24

[Fri Mar 14 23:46:09 2025]
Finished job 62.
305 of 360 steps (85%) done
Select jobs to execute...

[Fri Mar 14 23:46:09 2025]
rule alignONT:
    input: 3-align/split/ont017.fasta.gz, 3-align/graph.index, 3-align/diploid.index, 2-processGraph/unitig-unrolled-hifi-resolved.gfa
    output: 3-align/aligned017.gaf
    log: 3-align/aligned017.err
    jobid: 42
    reason: Missing output files: 3-align/aligned017.gaf; Input files updated by another job: 3-align/diploid.index, 2-processGraph/unitig-unrolled-hifi-resolved.gfa, 3-align/graph.index
    wildcards: nnnn=017
    threads: 24
    resources: tmpdir=/tmp, job_id=17, n_cpus=24, mem_gb=23, time_h=24

[Sat Mar 15 00:06:13 2025]
Finished job 42.
306 of 360 steps (85%) done
Select jobs to execute...

[Sat Mar 15 00:06:13 2025]
rule alignONT:
    input: 3-align/split/ont036.fasta.gz, 3-align/graph.index, 3-align/diploid.index, 2-processGraph/unitig-unrolled-hifi-resolved.gfa
    output: 3-align/aligned036.gaf
    log: 3-align/aligned036.err
    jobid: 61
    reason: Missing output files: 3-align/aligned036.gaf; Input files updated by another job: 3-align/diploid.index, 2-processGraph/unitig-unrolled-hifi-resolved.gfa, 3-align/graph.index
    wildcards: nnnn=036
    threads: 24
    resources: tmpdir=/tmp, job_id=36, n_cpus=24, mem_gb=23, time_h=24

[Sat Mar 15 00:25:34 2025]
Finished job 61.
307 of 360 steps (85%) done
Select jobs to execute...

[Sat Mar 15 00:25:34 2025]
rule alignONT:
    input: 3-align/split/ont045.fasta.gz, 3-align/graph.index, 3-align/diploid.index, 2-processGraph/unitig-unrolled-hifi-resolved.gfa
    output: 3-align/aligned045.gaf
    log: 3-align/aligned045.err
    jobid: 70
    reason: Missing output files: 3-align/aligned045.gaf; Input files updated by another job: 3-align/diploid.index, 2-processGraph/unitig-unrolled-hifi-resolved.gfa, 3-align/graph.index
    wildcards: nnnn=045
    threads: 24
    resources: tmpdir=/tmp, job_id=45, n_cpus=24, mem_gb=23, time_h=24

[Sat Mar 15 00:44:35 2025]
Finished job 70.
308 of 360 steps (86%) done
Select jobs to execute...

[Sat Mar 15 00:44:36 2025]
rule alignONT:
    input: 3-align/split/ont008.fasta.gz, 3-align/graph.index, 3-align/diploid.index, 2-processGraph/unitig-unrolled-hifi-resolved.gfa
    output: 3-align/aligned008.gaf
    log: 3-align/aligned008.err
    jobid: 33
    reason: Missing output files: 3-align/aligned008.gaf; Input files updated by another job: 3-align/diploid.index, 2-processGraph/unitig-unrolled-hifi-resolved.gfa, 3-align/graph.index
    wildcards: nnnn=008
    threads: 24
    resources: tmpdir=/tmp, job_id=8, n_cpus=24, mem_gb=23, time_h=24

[Sat Mar 15 01:05:21 2025]
Finished job 33.
309 of 360 steps (86%) done
Select jobs to execute...

[Sat Mar 15 01:05:21 2025]
rule alignONT:
    input: 3-align/split/ont038.fasta.gz, 3-align/graph.index, 3-align/diploid.index, 2-processGraph/unitig-unrolled-hifi-resolved.gfa
    output: 3-align/aligned038.gaf
    log: 3-align/aligned038.err
    jobid: 63
    reason: Missing output files: 3-align/aligned038.gaf; Input files updated by another job: 3-align/diploid.index, 2-processGraph/unitig-unrolled-hifi-resolved.gfa, 3-align/graph.index
    wildcards: nnnn=038
    threads: 24
    resources: tmpdir=/tmp, job_id=38, n_cpus=24, mem_gb=23, time_h=24

[Sat Mar 15 01:28:59 2025]
Finished job 63.
310 of 360 steps (86%) done
Select jobs to execute...

[Sat Mar 15 01:28:59 2025]
rule alignONT:
    input: 3-align/split/ont050.fasta.gz, 3-align/graph.index, 3-align/diploid.index, 2-processGraph/unitig-unrolled-hifi-resolved.gfa
    output: 3-align/aligned050.gaf
    log: 3-align/aligned050.err
    jobid: 75
    reason: Missing output files: 3-align/aligned050.gaf; Input files updated by another job: 3-align/diploid.index, 2-processGraph/unitig-unrolled-hifi-resolved.gfa, 3-align/graph.index
    wildcards: nnnn=050
    threads: 24
    resources: tmpdir=/tmp, job_id=50, n_cpus=24, mem_gb=23, time_h=24

[Sat Mar 15 01:50:41 2025]
Finished job 75.
311 of 360 steps (86%) done
Select jobs to execute...

[Sat Mar 15 01:50:41 2025]
rule alignONT:
    input: 3-align/split/ont024.fasta.gz, 3-align/graph.index, 3-align/diploid.index, 2-processGraph/unitig-unrolled-hifi-resolved.gfa
    output: 3-align/aligned024.gaf
    log: 3-align/aligned024.err
    jobid: 49
    reason: Missing output files: 3-align/aligned024.gaf; Input files updated by another job: 3-align/diploid.index, 2-processGraph/unitig-unrolled-hifi-resolved.gfa, 3-align/graph.index
    wildcards: nnnn=024
    threads: 24
    resources: tmpdir=/tmp, job_id=24, n_cpus=24, mem_gb=23, time_h=24

[Sat Mar 15 02:13:16 2025]
Finished job 49.
312 of 360 steps (87%) done
Select jobs to execute...

[Sat Mar 15 02:13:16 2025]
rule alignONT:
    input: 3-align/split/ont022.fasta.gz, 3-align/graph.index, 3-align/diploid.index, 2-processGraph/unitig-unrolled-hifi-resolved.gfa
    output: 3-align/aligned022.gaf
    log: 3-align/aligned022.err
    jobid: 47
    reason: Missing output files: 3-align/aligned022.gaf; Input files updated by another job: 3-align/diploid.index, 2-processGraph/unitig-unrolled-hifi-resolved.gfa, 3-align/graph.index
    wildcards: nnnn=022
    threads: 24
    resources: tmpdir=/tmp, job_id=22, n_cpus=24, mem_gb=23, time_h=24

[Sat Mar 15 02:35:57 2025]
Finished job 47.
313 of 360 steps (87%) done
Select jobs to execute...

[Sat Mar 15 02:35:57 2025]
rule alignONT:
    input: 3-align/split/ont010.fasta.gz, 3-align/graph.index, 3-align/diploid.index, 2-processGraph/unitig-unrolled-hifi-resolved.gfa
    output: 3-align/aligned010.gaf
    log: 3-align/aligned010.err
    jobid: 35
    reason: Missing output files: 3-align/aligned010.gaf; Input files updated by another job: 3-align/diploid.index, 2-processGraph/unitig-unrolled-hifi-resolved.gfa, 3-align/graph.index
    wildcards: nnnn=010
    threads: 24
    resources: tmpdir=/tmp, job_id=10, n_cpus=24, mem_gb=23, time_h=24

[Sat Mar 15 03:00:30 2025]
Finished job 35.
314 of 360 steps (87%) done
Select jobs to execute...

[Sat Mar 15 03:00:30 2025]
rule alignONT:
    input: 3-align/split/ont052.fasta.gz, 3-align/graph.index, 3-align/diploid.index, 2-processGraph/unitig-unrolled-hifi-resolved.gfa
    output: 3-align/aligned052.gaf
    log: 3-align/aligned052.err
    jobid: 77
    reason: Missing output files: 3-align/aligned052.gaf; Input files updated by another job: 3-align/diploid.index, 2-processGraph/unitig-unrolled-hifi-resolved.gfa, 3-align/graph.index
    wildcards: nnnn=052
    threads: 24
    resources: tmpdir=/tmp, job_id=52, n_cpus=24, mem_gb=23, time_h=24

[Sat Mar 15 03:23:09 2025]
Finished job 77.
315 of 360 steps (88%) done
Select jobs to execute...

[Sat Mar 15 03:23:09 2025]
rule alignONT:
    input: 3-align/split/ont032.fasta.gz, 3-align/graph.index, 3-align/diploid.index, 2-processGraph/unitig-unrolled-hifi-resolved.gfa
    output: 3-align/aligned032.gaf
    log: 3-align/aligned032.err
    jobid: 57
    reason: Missing output files: 3-align/aligned032.gaf; Input files updated by another job: 3-align/diploid.index, 2-processGraph/unitig-unrolled-hifi-resolved.gfa, 3-align/graph.index
    wildcards: nnnn=032
    threads: 24
    resources: tmpdir=/tmp, job_id=32, n_cpus=24, mem_gb=23, time_h=24

[Sat Mar 15 03:45:55 2025]
Finished job 57.
316 of 360 steps (88%) done
Select jobs to execute...

[Sat Mar 15 03:45:55 2025]
rule alignONT:
    input: 3-align/split/ont019.fasta.gz, 3-align/graph.index, 3-align/diploid.index, 2-processGraph/unitig-unrolled-hifi-resolved.gfa
    output: 3-align/aligned019.gaf
    log: 3-align/aligned019.err
    jobid: 44
    reason: Missing output files: 3-align/aligned019.gaf; Input files updated by another job: 3-align/diploid.index, 2-processGraph/unitig-unrolled-hifi-resolved.gfa, 3-align/graph.index
    wildcards: nnnn=019
    threads: 24
    resources: tmpdir=/tmp, job_id=19, n_cpus=24, mem_gb=23, time_h=24

[Sat Mar 15 04:10:44 2025]
Finished job 44.
317 of 360 steps (88%) done
Select jobs to execute...

[Sat Mar 15 04:10:44 2025]
rule alignONT:
    input: 3-align/split/ont033.fasta.gz, 3-align/graph.index, 3-align/diploid.index, 2-processGraph/unitig-unrolled-hifi-resolved.gfa
    output: 3-align/aligned033.gaf
    log: 3-align/aligned033.err
    jobid: 58
    reason: Missing output files: 3-align/aligned033.gaf; Input files updated by another job: 3-align/diploid.index, 2-processGraph/unitig-unrolled-hifi-resolved.gfa, 3-align/graph.index
    wildcards: nnnn=033
    threads: 24
    resources: tmpdir=/tmp, job_id=33, n_cpus=24, mem_gb=23, time_h=24

[Sat Mar 15 04:33:44 2025]
Finished job 58.
318 of 360 steps (88%) done
Select jobs to execute...

[Sat Mar 15 04:33:44 2025]
rule alignONT:
    input: 3-align/split/ont027.fasta.gz, 3-align/graph.index, 3-align/diploid.index, 2-processGraph/unitig-unrolled-hifi-resolved.gfa
    output: 3-align/aligned027.gaf
    log: 3-align/aligned027.err
    jobid: 52
    reason: Missing output files: 3-align/aligned027.gaf; Input files updated by another job: 3-align/diploid.index, 2-processGraph/unitig-unrolled-hifi-resolved.gfa, 3-align/graph.index
    wildcards: nnnn=027
    threads: 24
    resources: tmpdir=/tmp, job_id=27, n_cpus=24, mem_gb=23, time_h=24

[Sat Mar 15 04:56:11 2025]
Finished job 52.
319 of 360 steps (89%) done
Select jobs to execute...

[Sat Mar 15 04:56:11 2025]
rule alignONT:
    input: 3-align/split/ont013.fasta.gz, 3-align/graph.index, 3-align/diploid.index, 2-processGraph/unitig-unrolled-hifi-resolved.gfa
    output: 3-align/aligned013.gaf
    log: 3-align/aligned013.err
    jobid: 38
    reason: Missing output files: 3-align/aligned013.gaf; Input files updated by another job: 3-align/diploid.index, 2-processGraph/unitig-unrolled-hifi-resolved.gfa, 3-align/graph.index
    wildcards: nnnn=013
    threads: 24
    resources: tmpdir=/tmp, job_id=13, n_cpus=24, mem_gb=23, time_h=24

[Sat Mar 15 05:14:26 2025]
Finished job 38.
320 of 360 steps (89%) done
Select jobs to execute...

[Sat Mar 15 05:14:26 2025]
rule alignONT:
    input: 3-align/split/ont041.fasta.gz, 3-align/graph.index, 3-align/diploid.index, 2-processGraph/unitig-unrolled-hifi-resolved.gfa
    output: 3-align/aligned041.gaf
    log: 3-align/aligned041.err
    jobid: 66
    reason: Missing output files: 3-align/aligned041.gaf; Input files updated by another job: 3-align/diploid.index, 2-processGraph/unitig-unrolled-hifi-resolved.gfa, 3-align/graph.index
    wildcards: nnnn=041
    threads: 24
    resources: tmpdir=/tmp, job_id=41, n_cpus=24, mem_gb=23, time_h=24

[Sat Mar 15 05:34:52 2025]
Finished job 66.
321 of 360 steps (89%) done
Select jobs to execute...

[Sat Mar 15 05:34:52 2025]
rule alignONT:
    input: 3-align/split/ont040.fasta.gz, 3-align/graph.index, 3-align/diploid.index, 2-processGraph/unitig-unrolled-hifi-resolved.gfa
    output: 3-align/aligned040.gaf
    log: 3-align/aligned040.err
    jobid: 65
    reason: Missing output files: 3-align/aligned040.gaf; Input files updated by another job: 3-align/diploid.index, 2-processGraph/unitig-unrolled-hifi-resolved.gfa, 3-align/graph.index
    wildcards: nnnn=040
    threads: 24
    resources: tmpdir=/tmp, job_id=40, n_cpus=24, mem_gb=23, time_h=24

[Sat Mar 15 05:54:11 2025]
Finished job 65.
322 of 360 steps (89%) done
Select jobs to execute...

[Sat Mar 15 05:54:11 2025]
rule alignONT:
    input: 3-align/split/ont006.fasta.gz, 3-align/graph.index, 3-align/diploid.index, 2-processGraph/unitig-unrolled-hifi-resolved.gfa
    output: 3-align/aligned006.gaf
    log: 3-align/aligned006.err
    jobid: 31
    reason: Missing output files: 3-align/aligned006.gaf; Input files updated by another job: 3-align/diploid.index, 2-processGraph/unitig-unrolled-hifi-resolved.gfa, 3-align/graph.index
    wildcards: nnnn=006
    threads: 24
    resources: tmpdir=/tmp, job_id=6, n_cpus=24, mem_gb=23, time_h=24

[Sat Mar 15 06:17:14 2025]
Finished job 31.
323 of 360 steps (90%) done
Select jobs to execute...

[Sat Mar 15 06:17:14 2025]
rule alignONT:
    input: 3-align/split/ont034.fasta.gz, 3-align/graph.index, 3-align/diploid.index, 2-processGraph/unitig-unrolled-hifi-resolved.gfa
    output: 3-align/aligned034.gaf
    log: 3-align/aligned034.err
    jobid: 59
    reason: Missing output files: 3-align/aligned034.gaf; Input files updated by another job: 3-align/diploid.index, 2-processGraph/unitig-unrolled-hifi-resolved.gfa, 3-align/graph.index
    wildcards: nnnn=034
    threads: 24
    resources: tmpdir=/tmp, job_id=34, n_cpus=24, mem_gb=23, time_h=24

[Sat Mar 15 06:38:47 2025]
Finished job 59.
324 of 360 steps (90%) done
Select jobs to execute...

[Sat Mar 15 06:38:47 2025]
rule alignONT:
    input: 3-align/split/ont048.fasta.gz, 3-align/graph.index, 3-align/diploid.index, 2-processGraph/unitig-unrolled-hifi-resolved.gfa
    output: 3-align/aligned048.gaf
    log: 3-align/aligned048.err
    jobid: 73
    reason: Missing output files: 3-align/aligned048.gaf; Input files updated by another job: 3-align/diploid.index, 2-processGraph/unitig-unrolled-hifi-resolved.gfa, 3-align/graph.index
    wildcards: nnnn=048
    threads: 24
    resources: tmpdir=/tmp, job_id=48, n_cpus=24, mem_gb=23, time_h=24

[Sat Mar 15 06:57:41 2025]
Finished job 73.
325 of 360 steps (90%) done
Select jobs to execute...

[Sat Mar 15 06:57:41 2025]
rule alignONT:
    input: 3-align/split/ont020.fasta.gz, 3-align/graph.index, 3-align/diploid.index, 2-processGraph/unitig-unrolled-hifi-resolved.gfa
    output: 3-align/aligned020.gaf
    log: 3-align/aligned020.err
    jobid: 45
    reason: Missing output files: 3-align/aligned020.gaf; Input files updated by another job: 3-align/diploid.index, 2-processGraph/unitig-unrolled-hifi-resolved.gfa, 3-align/graph.index
    wildcards: nnnn=020
    threads: 24
    resources: tmpdir=/tmp, job_id=20, n_cpus=24, mem_gb=23, time_h=24

[Sat Mar 15 07:18:51 2025]
Finished job 45.
326 of 360 steps (91%) done
Select jobs to execute...

[Sat Mar 15 07:18:51 2025]
rule alignONT:
    input: 3-align/split/ont028.fasta.gz, 3-align/graph.index, 3-align/diploid.index, 2-processGraph/unitig-unrolled-hifi-resolved.gfa
    output: 3-align/aligned028.gaf
    log: 3-align/aligned028.err
    jobid: 53
    reason: Missing output files: 3-align/aligned028.gaf; Input files updated by another job: 3-align/diploid.index, 2-processGraph/unitig-unrolled-hifi-resolved.gfa, 3-align/graph.index
    wildcards: nnnn=028
    threads: 24
    resources: tmpdir=/tmp, job_id=28, n_cpus=24, mem_gb=23, time_h=24

[Sat Mar 15 07:37:41 2025]
Finished job 53.
327 of 360 steps (91%) done
Select jobs to execute...

[Sat Mar 15 07:37:41 2025]
rule alignONT:
    input: 3-align/split/ont014.fasta.gz, 3-align/graph.index, 3-align/diploid.index, 2-processGraph/unitig-unrolled-hifi-resolved.gfa
    output: 3-align/aligned014.gaf
    log: 3-align/aligned014.err
    jobid: 39
    reason: Missing output files: 3-align/aligned014.gaf; Input files updated by another job: 3-align/diploid.index, 2-processGraph/unitig-unrolled-hifi-resolved.gfa, 3-align/graph.index
    wildcards: nnnn=014
    threads: 24
    resources: tmpdir=/tmp, job_id=14, n_cpus=24, mem_gb=23, time_h=24

[Sat Mar 15 07:55:46 2025]
Finished job 39.
328 of 360 steps (91%) done
Select jobs to execute...

[Sat Mar 15 07:55:46 2025]
rule alignONT:
    input: 3-align/split/ont056.fasta.gz, 3-align/graph.index, 3-align/diploid.index, 2-processGraph/unitig-unrolled-hifi-resolved.gfa
    output: 3-align/aligned056.gaf
    log: 3-align/aligned056.err
    jobid: 81
    reason: Missing output files: 3-align/aligned056.gaf; Input files updated by another job: 3-align/diploid.index, 2-processGraph/unitig-unrolled-hifi-resolved.gfa, 3-align/graph.index
    wildcards: nnnn=056
    threads: 24
    resources: tmpdir=/tmp, job_id=56, n_cpus=24, mem_gb=23, time_h=24

[Sat Mar 15 08:10:15 2025]
Finished job 81.
329 of 360 steps (91%) done
Select jobs to execute...

[Sat Mar 15 08:10:15 2025]
rule alignONT:
    input: 3-align/split/ont042.fasta.gz, 3-align/graph.index, 3-align/diploid.index, 2-processGraph/unitig-unrolled-hifi-resolved.gfa
    output: 3-align/aligned042.gaf
    log: 3-align/aligned042.err
    jobid: 67
    reason: Missing output files: 3-align/aligned042.gaf; Input files updated by another job: 3-align/diploid.index, 2-processGraph/unitig-unrolled-hifi-resolved.gfa, 3-align/graph.index
    wildcards: nnnn=042
    threads: 24
    resources: tmpdir=/tmp, job_id=42, n_cpus=24, mem_gb=23, time_h=24

[Sat Mar 15 08:32:01 2025]
Finished job 67.
330 of 360 steps (92%) done
Select jobs to execute...

[Sat Mar 15 08:32:02 2025]
rule alignONT:
    input: 3-align/split/ont049.fasta.gz, 3-align/graph.index, 3-align/diploid.index, 2-processGraph/unitig-unrolled-hifi-resolved.gfa
    output: 3-align/aligned049.gaf
    log: 3-align/aligned049.err
    jobid: 74
    reason: Missing output files: 3-align/aligned049.gaf; Input files updated by another job: 3-align/diploid.index, 2-processGraph/unitig-unrolled-hifi-resolved.gfa, 3-align/graph.index
    wildcards: nnnn=049
    threads: 24
    resources: tmpdir=/tmp, job_id=49, n_cpus=24, mem_gb=23, time_h=24

[Sat Mar 15 08:51:04 2025]
Finished job 74.
331 of 360 steps (92%) done
Select jobs to execute...

[Sat Mar 15 08:51:04 2025]
rule alignONT:
    input: 3-align/split/ont018.fasta.gz, 3-align/graph.index, 3-align/diploid.index, 2-processGraph/unitig-unrolled-hifi-resolved.gfa
    output: 3-align/aligned018.gaf
    log: 3-align/aligned018.err
    jobid: 43
    reason: Missing output files: 3-align/aligned018.gaf; Input files updated by another job: 3-align/diploid.index, 2-processGraph/unitig-unrolled-hifi-resolved.gfa, 3-align/graph.index
    wildcards: nnnn=018
    threads: 24
    resources: tmpdir=/tmp, job_id=18, n_cpus=24, mem_gb=23, time_h=24

[Sat Mar 15 09:13:00 2025]
Finished job 43.
332 of 360 steps (92%) done
Select jobs to execute...

[Sat Mar 15 09:13:00 2025]
rule alignONT:
    input: 3-align/split/ont046.fasta.gz, 3-align/graph.index, 3-align/diploid.index, 2-processGraph/unitig-unrolled-hifi-resolved.gfa
    output: 3-align/aligned046.gaf
    log: 3-align/aligned046.err
    jobid: 71
    reason: Missing output files: 3-align/aligned046.gaf; Input files updated by another job: 3-align/diploid.index, 2-processGraph/unitig-unrolled-hifi-resolved.gfa, 3-align/graph.index
    wildcards: nnnn=046
    threads: 24
    resources: tmpdir=/tmp, job_id=46, n_cpus=24, mem_gb=23, time_h=24

[Sat Mar 15 09:32:46 2025]
Finished job 71.
333 of 360 steps (92%) done
Select jobs to execute...

[Sat Mar 15 09:32:46 2025]
rule alignONT:
    input: 3-align/split/ont039.fasta.gz, 3-align/graph.index, 3-align/diploid.index, 2-processGraph/unitig-unrolled-hifi-resolved.gfa
    output: 3-align/aligned039.gaf
    log: 3-align/aligned039.err
    jobid: 64
    reason: Missing output files: 3-align/aligned039.gaf; Input files updated by another job: 3-align/diploid.index, 2-processGraph/unitig-unrolled-hifi-resolved.gfa, 3-align/graph.index
    wildcards: nnnn=039
    threads: 24
    resources: tmpdir=/tmp, job_id=39, n_cpus=24, mem_gb=23, time_h=24

[Sat Mar 15 09:51:05 2025]
Finished job 64.
334 of 360 steps (93%) done
Select jobs to execute...

[Sat Mar 15 09:51:05 2025]
rule alignONT:
    input: 3-align/split/ont053.fasta.gz, 3-align/graph.index, 3-align/diploid.index, 2-processGraph/unitig-unrolled-hifi-resolved.gfa
    output: 3-align/aligned053.gaf
    log: 3-align/aligned053.err
    jobid: 78
    reason: Missing output files: 3-align/aligned053.gaf; Input files updated by another job: 3-align/diploid.index, 2-processGraph/unitig-unrolled-hifi-resolved.gfa, 3-align/graph.index
    wildcards: nnnn=053
    threads: 24
    resources: tmpdir=/tmp, job_id=53, n_cpus=24, mem_gb=23, time_h=24

[Sat Mar 15 10:10:18 2025]
Finished job 78.
335 of 360 steps (93%) done
Select jobs to execute...

[Sat Mar 15 10:10:18 2025]
rule alignONT:
    input: 3-align/split/ont001.fasta.gz, 3-align/graph.index, 3-align/diploid.index, 2-processGraph/unitig-unrolled-hifi-resolved.gfa
    output: 3-align/aligned001.gaf
    log: 3-align/aligned001.err
    jobid: 25
    reason: Missing output files: 3-align/aligned001.gaf; Input files updated by another job: 3-align/diploid.index, 2-processGraph/unitig-unrolled-hifi-resolved.gfa, 3-align/graph.index
    wildcards: nnnn=001
    threads: 24
    resources: tmpdir=/tmp, job_id=1, n_cpus=24, mem_gb=23, time_h=24

[Sat Mar 15 10:29:26 2025]
Finished job 25.
336 of 360 steps (93%) done
Select jobs to execute...

[Sat Mar 15 10:29:27 2025]
rule alignONT:
    input: 3-align/split/ont029.fasta.gz, 3-align/graph.index, 3-align/diploid.index, 2-processGraph/unitig-unrolled-hifi-resolved.gfa
    output: 3-align/aligned029.gaf
    log: 3-align/aligned029.err
    jobid: 54
    reason: Missing output files: 3-align/aligned029.gaf; Input files updated by another job: 3-align/diploid.index, 2-processGraph/unitig-unrolled-hifi-resolved.gfa, 3-align/graph.index
    wildcards: nnnn=029
    threads: 24
    resources: tmpdir=/tmp, job_id=29, n_cpus=24, mem_gb=23, time_h=24

[Sat Mar 15 10:47:01 2025]
Finished job 54.
337 of 360 steps (94%) done
Select jobs to execute...

[Sat Mar 15 10:47:01 2025]
rule alignONT:
    input: 3-align/split/ont015.fasta.gz, 3-align/graph.index, 3-align/diploid.index, 2-processGraph/unitig-unrolled-hifi-resolved.gfa
    output: 3-align/aligned015.gaf
    log: 3-align/aligned015.err
    jobid: 40
    reason: Missing output files: 3-align/aligned015.gaf; Input files updated by another job: 3-align/diploid.index, 2-processGraph/unitig-unrolled-hifi-resolved.gfa, 3-align/graph.index
    wildcards: nnnn=015
    threads: 24
    resources: tmpdir=/tmp, job_id=15, n_cpus=24, mem_gb=23, time_h=24

[Sat Mar 15 11:04:51 2025]
Finished job 40.
338 of 360 steps (94%) done
Select jobs to execute...

[Sat Mar 15 11:04:53 2025]
rule alignONT:
    input: 3-align/split/ont043.fasta.gz, 3-align/graph.index, 3-align/diploid.index, 2-processGraph/unitig-unrolled-hifi-resolved.gfa
    output: 3-align/aligned043.gaf
    log: 3-align/aligned043.err
    jobid: 68
    reason: Missing output files: 3-align/aligned043.gaf; Input files updated by another job: 3-align/diploid.index, 2-processGraph/unitig-unrolled-hifi-resolved.gfa, 3-align/graph.index
    wildcards: nnnn=043
    threads: 24
    resources: tmpdir=/tmp, job_id=43, n_cpus=24, mem_gb=23, time_h=24

[Sat Mar 15 11:23:21 2025]
Finished job 68.
339 of 360 steps (94%) done
Select jobs to execute...

[Sat Mar 15 11:23:21 2025]
rule alignONT:
    input: 3-align/split/ont026.fasta.gz, 3-align/graph.index, 3-align/diploid.index, 2-processGraph/unitig-unrolled-hifi-resolved.gfa
    output: 3-align/aligned026.gaf
    log: 3-align/aligned026.err
    jobid: 51
    reason: Missing output files: 3-align/aligned026.gaf; Input files updated by another job: 3-align/diploid.index, 2-processGraph/unitig-unrolled-hifi-resolved.gfa, 3-align/graph.index
    wildcards: nnnn=026
    threads: 24
    resources: tmpdir=/tmp, job_id=26, n_cpus=24, mem_gb=23, time_h=24

[Sat Mar 15 11:41:38 2025]
Finished job 51.
340 of 360 steps (94%) done
Select jobs to execute...

[Sat Mar 15 11:41:38 2025]
rule alignONT:
    input: 3-align/split/ont012.fasta.gz, 3-align/graph.index, 3-align/diploid.index, 2-processGraph/unitig-unrolled-hifi-resolved.gfa
    output: 3-align/aligned012.gaf
    log: 3-align/aligned012.err
    jobid: 37
    reason: Missing output files: 3-align/aligned012.gaf; Input files updated by another job: 3-align/diploid.index, 2-processGraph/unitig-unrolled-hifi-resolved.gfa, 3-align/graph.index
    wildcards: nnnn=012
    threads: 24
    resources: tmpdir=/tmp, job_id=12, n_cpus=24, mem_gb=23, time_h=24

[Sat Mar 15 12:30:04 2025]
Finished job 37.
341 of 360 steps (95%) done
Select jobs to execute...
Failed to solve scheduling problem with ILP solver in time (10s). Falling back to greedy solver.

[Sat Mar 15 12:30:46 2025]
rule alignONT:
    input: 3-align/split/ont025.fasta.gz, 3-align/graph.index, 3-align/diploid.index, 2-processGraph/unitig-unrolled-hifi-resolved.gfa
    output: 3-align/aligned025.gaf
    log: 3-align/aligned025.err
    jobid: 50
    reason: Missing output files: 3-align/aligned025.gaf; Input files updated by another job: 3-align/diploid.index, 2-processGraph/unitig-unrolled-hifi-resolved.gfa, 3-align/graph.index
    wildcards: nnnn=025
    threads: 24
    resources: tmpdir=/tmp, job_id=25, n_cpus=24, mem_gb=23, time_h=24

[Sat Mar 15 12:50:15 2025]
Finished job 50.
342 of 360 steps (95%) done
Select jobs to execute...

[Sat Mar 15 12:50:15 2025]
rule alignONT:
    input: 3-align/split/ont054.fasta.gz, 3-align/graph.index, 3-align/diploid.index, 2-processGraph/unitig-unrolled-hifi-resolved.gfa
    output: 3-align/aligned054.gaf
    log: 3-align/aligned054.err
    jobid: 79
    reason: Missing output files: 3-align/aligned054.gaf; Input files updated by another job: 3-align/diploid.index, 2-processGraph/unitig-unrolled-hifi-resolved.gfa, 3-align/graph.index
    wildcards: nnnn=054
    threads: 24
    resources: tmpdir=/tmp, job_id=54, n_cpus=24, mem_gb=23, time_h=24

[Sat Mar 15 13:08:06 2025]
Finished job 79.
343 of 360 steps (95%) done
Select jobs to execute...

[Sat Mar 15 13:08:06 2025]
rule alignONT:
    input: 3-align/split/ont011.fasta.gz, 3-align/graph.index, 3-align/diploid.index, 2-processGraph/unitig-unrolled-hifi-resolved.gfa
    output: 3-align/aligned011.gaf
    log: 3-align/aligned011.err
    jobid: 36
    reason: Missing output files: 3-align/aligned011.gaf; Input files updated by another job: 3-align/diploid.index, 2-processGraph/unitig-unrolled-hifi-resolved.gfa, 3-align/graph.index
    wildcards: nnnn=011
    threads: 24
    resources: tmpdir=/tmp, job_id=11, n_cpus=24, mem_gb=23, time_h=24

[Sat Mar 15 13:27:26 2025]
Finished job 36.
344 of 360 steps (96%) done
Select jobs to execute...

[Sat Mar 15 13:27:26 2025]
rule alignONT:
    input: 3-align/split/ont021.fasta.gz, 3-align/graph.index, 3-align/diploid.index, 2-processGraph/unitig-unrolled-hifi-resolved.gfa
    output: 3-align/aligned021.gaf
    log: 3-align/aligned021.err
    jobid: 46
    reason: Missing output files: 3-align/aligned021.gaf; Input files updated by another job: 3-align/diploid.index, 2-processGraph/unitig-unrolled-hifi-resolved.gfa, 3-align/graph.index
    wildcards: nnnn=021
    threads: 24
    resources: tmpdir=/tmp, job_id=21, n_cpus=24, mem_gb=23, time_h=24

[Sat Mar 15 13:45:49 2025]
Finished job 46.
345 of 360 steps (96%) done
Select jobs to execute...

[Sat Mar 15 13:45:49 2025]
rule alignONT:
    input: 3-align/split/ont007.fasta.gz, 3-align/graph.index, 3-align/diploid.index, 2-processGraph/unitig-unrolled-hifi-resolved.gfa
    output: 3-align/aligned007.gaf
    log: 3-align/aligned007.err
    jobid: 32
    reason: Missing output files: 3-align/aligned007.gaf; Input files updated by another job: 3-align/diploid.index, 2-processGraph/unitig-unrolled-hifi-resolved.gfa, 3-align/graph.index
    wildcards: nnnn=007
    threads: 24
    resources: tmpdir=/tmp, job_id=7, n_cpus=24, mem_gb=23, time_h=24

[Sat Mar 15 14:04:19 2025]
Finished job 32.
346 of 360 steps (96%) done
Select jobs to execute...

[Sat Mar 15 14:04:19 2025]
rule alignONT:
    input: 3-align/split/ont035.fasta.gz, 3-align/graph.index, 3-align/diploid.index, 2-processGraph/unitig-unrolled-hifi-resolved.gfa
    output: 3-align/aligned035.gaf
    log: 3-align/aligned035.err
    jobid: 60
    reason: Missing output files: 3-align/aligned035.gaf; Input files updated by another job: 3-align/diploid.index, 2-processGraph/unitig-unrolled-hifi-resolved.gfa, 3-align/graph.index
    wildcards: nnnn=035
    threads: 24
    resources: tmpdir=/tmp, job_id=35, n_cpus=24, mem_gb=23, time_h=24

[Sat Mar 15 14:22:16 2025]
Finished job 60.
347 of 360 steps (96%) done
Select jobs to execute...

[Sat Mar 15 14:22:16 2025]
rule alignONT:
    input: 3-align/split/ont004.fasta.gz, 3-align/graph.index, 3-align/diploid.index, 2-processGraph/unitig-unrolled-hifi-resolved.gfa
    output: 3-align/aligned004.gaf
    log: 3-align/aligned004.err
    jobid: 29
    reason: Missing output files: 3-align/aligned004.gaf; Input files updated by another job: 3-align/diploid.index, 2-processGraph/unitig-unrolled-hifi-resolved.gfa, 3-align/graph.index
    wildcards: nnnn=004
    threads: 24
    resources: tmpdir=/tmp, job_id=4, n_cpus=24, mem_gb=23, time_h=24

[Sat Mar 15 14:40:28 2025]
Finished job 29.
348 of 360 steps (97%) done
Select jobs to execute...

[Sat Mar 15 14:40:28 2025]
rule alignONT:
    input: 3-align/split/ont005.fasta.gz, 3-align/graph.index, 3-align/diploid.index, 2-processGraph/unitig-unrolled-hifi-resolved.gfa
    output: 3-align/aligned005.gaf
    log: 3-align/aligned005.err
    jobid: 30
    reason: Missing output files: 3-align/aligned005.gaf; Input files updated by another job: 3-align/diploid.index, 2-processGraph/unitig-unrolled-hifi-resolved.gfa, 3-align/graph.index
    wildcards: nnnn=005
    threads: 24
    resources: tmpdir=/tmp, job_id=5, n_cpus=24, mem_gb=23, time_h=24

[Sat Mar 15 14:58:27 2025]
Finished job 30.
349 of 360 steps (97%) done
Select jobs to execute...

[Sat Mar 15 14:58:27 2025]
rule combineONT:
    input: 3-align/splitONT.finished, 3-align/aligned001.gaf, 3-align/aligned002.gaf, 3-align/aligned003.gaf, 3-align/aligned004.gaf, 3-align/aligned005.gaf, 3-align/aligned006.gaf, 3-align/aligned007.gaf, 3-align/aligned008.gaf, 3-align/aligned009.gaf, 3-align/aligned010.gaf, 3-align/aligned011.gaf, 3-align/aligned012.gaf, 3-align/aligned013.gaf, 3-align/aligned014.gaf, 3-align/aligned015.gaf, 3-align/aligned016.gaf, 3-align/aligned017.gaf, 3-align/aligned018.gaf, 3-align/aligned019.gaf, 3-align/aligned020.gaf, 3-align/aligned021.gaf, 3-align/aligned022.gaf, 3-align/aligned023.gaf, 3-align/aligned024.gaf, 3-align/aligned025.gaf, 3-align/aligned026.gaf, 3-align/aligned027.gaf, 3-align/aligned028.gaf, 3-align/aligned029.gaf, 3-align/aligned030.gaf, 3-align/aligned031.gaf, 3-align/aligned032.gaf, 3-align/aligned033.gaf, 3-align/aligned034.gaf, 3-align/aligned035.gaf, 3-align/aligned036.gaf, 3-align/aligned037.gaf, 3-align/aligned038.gaf, 3-align/aligned039.gaf, 3-align/aligned040.gaf, 3-align/aligned041.gaf, 3-align/aligned042.gaf, 3-align/aligned043.gaf, 3-align/aligned044.gaf, 3-align/aligned045.gaf, 3-align/aligned046.gaf, 3-align/aligned047.gaf, 3-align/aligned048.gaf, 3-align/aligned049.gaf, 3-align/aligned050.gaf, 3-align/aligned051.gaf, 3-align/aligned052.gaf, 3-align/aligned053.gaf, 3-align/aligned054.gaf, 3-align/aligned055.gaf, 3-align/aligned056.gaf
    output: 3-align/alns-ont.gaf
    log: 3-align/combineONT.err
    jobid: 12
    reason: Missing output files: 3-align/alns-ont.gaf; Input files updated by another job: 3-align/aligned023.gaf, 3-align/aligned049.gaf, 3-align/aligned003.gaf, 3-align/aligned013.gaf, 3-align/aligned024.gaf, 3-align/aligned019.gaf, 3-align/aligned005.gaf, 3-align/aligned041.gaf, 3-align/aligned052.gaf, 3-align/aligned025.gaf, 3-align/aligned053.gaf, 3-align/aligned021.gaf, 3-align/aligned042.gaf, 3-align/aligned034.gaf, 3-align/aligned015.gaf, 3-align/aligned054.gaf, 3-align/aligned056.gaf, 3-align/aligned007.gaf, 3-align/aligned006.gaf, 3-align/aligned001.gaf, 3-align/aligned010.gaf, 3-align/aligned035.gaf, 3-align/aligned037.gaf, 3-align/aligned030.gaf, 3-align/aligned032.gaf, 3-align/aligned033.gaf, 3-align/aligned022.gaf, 3-align/aligned029.gaf, 3-align/aligned020.gaf, 3-align/aligned014.gaf, 3-align/aligned044.gaf, 3-align/aligned002.gaf, 3-align/aligned031.gaf, 3-align/aligned036.gaf, 3-align/aligned017.gaf, 3-align/aligned027.gaf, 3-align/aligned039.gaf, 3-align/aligned040.gaf, 3-align/aligned028.gaf, 3-align/aligned011.gaf, 3-align/aligned043.gaf, 3-align/aligned004.gaf, 3-align/aligned050.gaf, 3-align/aligned046.gaf, 3-align/aligned047.gaf, 3-align/aligned018.gaf, 3-align/aligned055.gaf, 3-align/aligned048.gaf, 3-align/aligned038.gaf, 3-align/aligned026.gaf, 3-align/aligned012.gaf, 3-align/aligned045.gaf, 3-align/aligned009.gaf, 3-align/aligned016.gaf, 3-align/aligned008.gaf, 3-align/aligned051.gaf
    resources: tmpdir=/tmp, job_id=1, n_cpus=1, mem_gb=4, time_h=2

[Sat Mar 15 14:58:59 2025]
Finished job 12.
350 of 360 steps (97%) done
Select jobs to execute...

[Sat Mar 15 14:58:59 2025]
checkpoint splitTipsONT:
    input: /mnt/storage3b/projects/no_ngsd/ahthapp1_T2T_ONT/assembly/input/TUE_02_01UL/TUE_02_01UL.UL.fastq.gz, 2-processGraph/unitig-unrolled-hifi-resolved.gfa, 3-align/alns-ont.gaf, 3-align/splitONT.finished
    output: 3-alignTips/splitONT.finished
    log: 3-alignTips/splitONT.err
    jobid: 15
    reason: Missing output files: 3-alignTips/splitONT.finished; Input files updated by another job: 2-processGraph/unitig-unrolled-hifi-resolved.gfa, 3-align/alns-ont.gaf
    resources: tmpdir=/tmp, job_id=1, n_cpus=1, mem_gb=8, time_h=96
DAG of jobs will be updated after completion.

[Sat Mar 15 15:11:10 2025]
Finished job 15.
351 of 360 steps (98%) done
Select jobs to execute...

[Sat Mar 15 15:11:12 2025]
rule alignTipsONT:
    input: 3-alignTips/split/ont001.fasta.gz
    output: 3-alignTips/aligned001.gaf
    log: 3-alignTips/aligned001.err
    jobid: 366
    reason: Missing output files: 3-alignTips/aligned001.gaf
    wildcards: nnnn=001
    threads: 24
    resources: tmpdir=/tmp, job_id=1, n_cpus=24, mem_gb=64, time_h=24

[Sat Mar 15 15:23:35 2025]
Finished job 366.
352 of 361 steps (98%) done
Select jobs to execute...

[Sat Mar 15 15:23:35 2025]
rule combineTipsONT:
    input: 3-alignTips/splitONT.finished, 3-alignTips/aligned001.gaf
    output: 3-alignTips/alns-ont.gaf
    log: 3-alignTips/combineONT.err
    jobid: 14
    reason: Missing output files: 3-alignTips/alns-ont.gaf; Input files updated by another job: 3-alignTips/aligned001.gaf
    resources: tmpdir=/tmp, job_id=1, n_cpus=1, mem_gb=4, time_h=2

[Sat Mar 15 15:23:35 2025]
Finished job 14.
353 of 361 steps (98%) done
Select jobs to execute...

[Sat Mar 15 15:23:35 2025]
rule processONT:
    input: 2-processGraph/unitig-unrolled-hifi-resolved.gfa, 1-buildGraph/hifi_nodecov.csv, 3-align/alns-ont.gaf, 3-alignTips/alns-ont.gaf
    output: 4-processONT/unitig-unrolled-ont-resolved.gfa, 4-processONT/alns-ont-mapqfilter.gaf, 4-processONT/gaps-ont.gaf, 4-processONT/nodecovs-ont.csv
    log: 4-processONT/processONT.err
    jobid: 2
    reason: Missing output files: 4-processONT/gaps-ont.gaf, 4-processONT/nodecovs-ont.csv, 4-processONT/alns-ont-mapqfilter.gaf, 4-processONT/unitig-unrolled-ont-resolved.gfa; Input files updated by another job: 1-buildGraph/hifi_nodecov.csv, 2-processGraph/unitig-unrolled-hifi-resolved.gfa, 3-alignTips/alns-ont.gaf, 3-align/alns-ont.gaf
    threads: 16
    resources: tmpdir=/tmp, job_id=1, n_cpus=16, mem_gb=64, time_h=48

[Sat Mar 15 15:37:47 2025]
Finished job 2.
354 of 361 steps (98%) done
Select jobs to execute...

[Sat Mar 15 15:37:47 2025]
rule extractONT:
    input: 4-processONT/gaps-ont.gaf, 3-align/splitONT.finished
    output: 7-consensus/ont_subset.id, 7-consensus/ont_subset.extract, 7-consensus/ont_subset.fasta.gz
    log: 7-consensus/extractONT.err
    jobid: 21
    reason: Missing output files: 7-consensus/ont_subset.fasta.gz, 7-consensus/ont_subset.id; Input files updated by another job: 4-processONT/gaps-ont.gaf
    threads: 8
    resources: tmpdir=/tmp, job_id=1, n_cpus=8, mem_gb=16, time_h=24

[Sat Mar 15 15:39:03 2025]
Finished job 21.
355 of 361 steps (98%) done
Select jobs to execute...

[Sat Mar 15 15:39:03 2025]
rule untip:
    input: 4-processONT/unitig-unrolled-ont-resolved.gfa, 1-buildGraph/hifi_nodecov.csv, 4-processONT/nodecovs-ont.csv
    output: 5-untip/unitig-unrolled-unitig-unrolled-popped-unitig-normal-connected-tip.gfa, 5-untip/unitig-unrolled-unitig-unrolled-popped-unitig-normal-connected-tip.hifi-coverage.csv, 5-untip/unitig-unrolled-unitig-unrolled-popped-unitig-normal-connected-tip.ont-coverage.csv
    log: 5-untip/untip.err
    jobid: 1
    reason: Missing output files: 5-untip/unitig-unrolled-unitig-unrolled-popped-unitig-normal-connected-tip.ont-coverage.csv, 5-untip/unitig-unrolled-unitig-unrolled-popped-unitig-normal-connected-tip.hifi-coverage.csv, 5-untip/unitig-unrolled-unitig-unrolled-popped-unitig-normal-connected-tip.gfa; Input files updated by another job: 1-buildGraph/hifi_nodecov.csv, 4-processONT/unitig-unrolled-ont-resolved.gfa, 4-processONT/nodecovs-ont.csv
    resources: tmpdir=/tmp, job_id=1, n_cpus=1, mem_gb=64, time_h=24

[Sat Mar 15 15:55:25 2025]
Finished job 1.
356 of 361 steps (99%) done
Select jobs to execute...

[Sat Mar 15 15:55:25 2025]
rule generateLayoutContigsInputs:
    input: 5-untip/unitig-unrolled-unitig-unrolled-popped-unitig-normal-connected-tip.gfa, 1-buildGraph/paths.gaf, 4-processONT/alns-ont-mapqfilter.gaf, 4-processONT/gaps-ont.gaf
    output: 6-layoutContigs/combined-nodemap.txt, 6-layoutContigs/combined-edges.gfa, 6-layoutContigs/hifi.alignments.gaf, 6-layoutContigs/ont.alignments.gaf, 6-layoutContigs/consensus_paths.txt, 6-layoutContigs/nodelens.txt
    log: 6-layoutContigs/createLayoutInputs.err
    jobid: 18
    reason: Missing output files: 6-layoutContigs/hifi.alignments.gaf, 6-layoutContigs/combined-edges.gfa, 6-layoutContigs/ont.alignments.gaf, 6-layoutContigs/consensus_paths.txt, 6-layoutContigs/combined-nodemap.txt, 6-layoutContigs/nodelens.txt; Input files updated by another job: 4-processONT/gaps-ont.gaf, 4-processONT/alns-ont-mapqfilter.gaf, 1-buildGraph/paths.gaf, 5-untip/unitig-unrolled-unitig-unrolled-popped-unitig-normal-connected-tip.gfa
    resources: tmpdir=/tmp, job_id=1, n_cpus=1, mem_gb=32, time_h=24

[Sat Mar 15 15:59:51 2025]
Finished job 18.
357 of 361 steps (99%) done
Select jobs to execute...

[Sat Mar 15 15:59:51 2025]
rule layoutContigs:
    input: 6-layoutContigs/combined-nodemap.txt, 6-layoutContigs/combined-edges.gfa, 6-layoutContigs/hifi.alignments.gaf, 6-layoutContigs/ont.alignments.gaf, 6-layoutContigs/consensus_paths.txt, 6-layoutContigs/nodelens.txt
    output: 6-layoutContigs/unitig-popped.layout, 6-layoutContigs/unitig-popped.layout.scfmap, 6-layoutContigs/gaps.txt
    log: 6-layoutContigs/createLayout.err
    jobid: 17
    reason: Missing output files: 6-layoutContigs/unitig-popped.layout, 6-layoutContigs/unitig-popped.layout.scfmap; Input files updated by another job: 6-layoutContigs/combined-edges.gfa, 6-layoutContigs/consensus_paths.txt, 6-layoutContigs/ont.alignments.gaf, 6-layoutContigs/hifi.alignments.gaf, 6-layoutContigs/combined-nodemap.txt, 6-layoutContigs/nodelens.txt
    resources: tmpdir=/tmp, job_id=1, n_cpus=1, mem_gb=32, time_h=24

[Sat Mar 15 16:02:37 2025]
Finished job 17.
358 of 361 steps (99%) done
Select jobs to execute...

[Sat Mar 15 16:02:38 2025]
checkpoint buildPackages:
    input: /mnt/storage3b/projects/no_ngsd/ahthapp1_T2T_ONT/assembly/input/TUE_02_01UL/TUE_02_01UL.HQ_combined.10x_maxx.fastq.gz, 6-layoutContigs/unitig-popped.layout, 7-consensus/ont_subset.fasta.gz, 7-consensus/ont_subset.id
    output: 7-consensus/packages.tigName_to_ID.map, 7-consensus/packages.finished, 7-consensus/packages.report
    log: 7-consensus/buildPackages.err
    jobid: 20
    reason: Missing output files: 7-consensus/packages.tigName_to_ID.map, 7-consensus/packages.finished; Input files updated by another job: 6-layoutContigs/unitig-popped.layout, 7-consensus/ont_subset.fasta.gz, 7-consensus/ont_subset.id
    threads: 8
    resources: tmpdir=/tmp, job_id=1, n_cpus=8, mem_gb=21, time_h=24
DAG of jobs will be updated after completion.

[Sat Mar 15 16:32:27 2025]
Finished job 20.
359 of 361 steps (99%) done
Select jobs to execute...

[Sat Mar 15 16:32:30 2025]
rule generateConsensus:
    input: 7-consensus/packages/part009.cnspack, 7-consensus/packages.tigName_to_ID.map, 7-consensus/packages.report, 7-consensus/ont_subset.id
    output: 7-consensus/packages/part009.fasta
    log: 7-consensus/packages/part009.err
    jobid: 373
    reason: Missing output files: 7-consensus/packages/part009.fasta
    wildcards: nnnn=009
    threads: 8
    resources: tmpdir=/tmp, job_id=9, n_cpus=8, mem_gb=7, time_h=24


[Sat Mar 15 16:32:30 2025]
rule generateConsensus:
    input: 7-consensus/packages/part011.cnspack, 7-consensus/packages.tigName_to_ID.map, 7-consensus/packages.report, 7-consensus/ont_subset.id
    output: 7-consensus/packages/part011.fasta
    log: 7-consensus/packages/part011.err
    jobid: 382
    reason: Missing output files: 7-consensus/packages/part011.fasta
    wildcards: nnnn=011
    threads: 8
    resources: tmpdir=/tmp, job_id=11, n_cpus=8, mem_gb=7, time_h=24


[Sat Mar 15 16:32:30 2025]
rule generateConsensus:
    input: 7-consensus/packages/part004.cnspack, 7-consensus/packages.tigName_to_ID.map, 7-consensus/packages.report, 7-consensus/ont_subset.id
    output: 7-consensus/packages/part004.fasta
    log: 7-consensus/packages/part004.err
    jobid: 384
    reason: Missing output files: 7-consensus/packages/part004.fasta
    wildcards: nnnn=004
    threads: 8
    resources: tmpdir=/tmp, job_id=4, n_cpus=8, mem_gb=9, time_h=24

[Sat Mar 15 17:29:00 2025]
Finished job 382.
360 of 387 steps (93%) done
Select jobs to execute...

[Sat Mar 15 17:29:00 2025]
rule generateConsensus:
    input: 7-consensus/packages/part002.cnspack, 7-consensus/packages.tigName_to_ID.map, 7-consensus/packages.report, 7-consensus/ont_subset.id
    output: 7-consensus/packages/part002.fasta
    log: 7-consensus/packages/part002.err
    jobid: 392
    reason: Missing output files: 7-consensus/packages/part002.fasta
    wildcards: nnnn=002
    threads: 8
    resources: tmpdir=/tmp, job_id=2, n_cpus=8, mem_gb=36, time_h=24

[Sat Mar 15 17:29:19 2025]
Finished job 373.
361 of 387 steps (93%) done
Select jobs to execute...

[Sat Mar 15 17:29:19 2025]
rule generateConsensus:
    input: 7-consensus/packages/part015.cnspack, 7-consensus/packages.tigName_to_ID.map, 7-consensus/packages.report, 7-consensus/ont_subset.id
    output: 7-consensus/packages/part015.fasta
    log: 7-consensus/packages/part015.err
    jobid: 388
    reason: Missing output files: 7-consensus/packages/part015.fasta
    wildcards: nnnn=015
    threads: 8
    resources: tmpdir=/tmp, job_id=15, n_cpus=8, mem_gb=6, time_h=24

[Sat Mar 15 17:30:17 2025]
Finished job 384.
362 of 387 steps (94%) done
Select jobs to execute...

[Sat Mar 15 17:30:17 2025]
rule generateConsensus:
    input: 7-consensus/packages/part010.cnspack, 7-consensus/packages.tigName_to_ID.map, 7-consensus/packages.report, 7-consensus/ont_subset.id
    output: 7-consensus/packages/part010.fasta
    log: 7-consensus/packages/part010.err
    jobid: 374
    reason: Missing output files: 7-consensus/packages/part010.fasta
    wildcards: nnnn=010
    threads: 8
    resources: tmpdir=/tmp, job_id=10, n_cpus=8, mem_gb=7, time_h=24

[Sat Mar 15 18:25:36 2025]
Finished job 374.
363 of 387 steps (94%) done
Select jobs to execute...

[Sat Mar 15 18:25:37 2025]
rule generateConsensus:
    input: 7-consensus/packages/part006.cnspack, 7-consensus/packages.tigName_to_ID.map, 7-consensus/packages.report, 7-consensus/ont_subset.id
    output: 7-consensus/packages/part006.fasta
    log: 7-consensus/packages/part006.err
    jobid: 389
    reason: Missing output files: 7-consensus/packages/part006.fasta
    wildcards: nnnn=006
    threads: 8
    resources: tmpdir=/tmp, job_id=6, n_cpus=8, mem_gb=8, time_h=24

[Sat Mar 15 18:26:21 2025]
Finished job 388.
364 of 387 steps (94%) done
Select jobs to execute...

[Sat Mar 15 18:26:21 2025]
rule generateConsensus:
    input: 7-consensus/packages/part019.cnspack, 7-consensus/packages.tigName_to_ID.map, 7-consensus/packages.report, 7-consensus/ont_subset.id
    output: 7-consensus/packages/part019.fasta
    log: 7-consensus/packages/part019.err
    jobid: 381
    reason: Missing output files: 7-consensus/packages/part019.fasta
    wildcards: nnnn=019
    threads: 8
    resources: tmpdir=/tmp, job_id=19, n_cpus=8, mem_gb=6, time_h=24

[Sat Mar 15 18:37:39 2025]
Finished job 392.
365 of 387 steps (94%) done
Select jobs to execute...

[Sat Mar 15 18:37:39 2025]
rule generateConsensus:
    input: 7-consensus/packages/part005.cnspack, 7-consensus/packages.tigName_to_ID.map, 7-consensus/packages.report, 7-consensus/ont_subset.id
    output: 7-consensus/packages/part005.fasta
    log: 7-consensus/packages/part005.err
    jobid: 385
    reason: Missing output files: 7-consensus/packages/part005.fasta
    wildcards: nnnn=005
    threads: 8
    resources: tmpdir=/tmp, job_id=5, n_cpus=8, mem_gb=8, time_h=24

[Sat Mar 15 19:22:19 2025]
Finished job 389.
366 of 387 steps (95%) done
Select jobs to execute...

[Sat Mar 15 19:22:19 2025]
rule generateConsensus:
    input: 7-consensus/packages/part007.cnspack, 7-consensus/packages.tigName_to_ID.map, 7-consensus/packages.report, 7-consensus/ont_subset.id
    output: 7-consensus/packages/part007.fasta
    log: 7-consensus/packages/part007.err
    jobid: 378
    reason: Missing output files: 7-consensus/packages/part007.fasta
    wildcards: nnnn=007
    threads: 8
    resources: tmpdir=/tmp, job_id=7, n_cpus=8, mem_gb=8, time_h=24

[Sat Mar 15 19:23:21 2025]
Finished job 381.
367 of 387 steps (95%) done
Select jobs to execute...

[Sat Mar 15 19:23:21 2025]
rule generateConsensus:
    input: 7-consensus/packages/part013.cnspack, 7-consensus/packages.tigName_to_ID.map, 7-consensus/packages.report, 7-consensus/ont_subset.id
    output: 7-consensus/packages/part013.fasta
    log: 7-consensus/packages/part013.err
    jobid: 383
    reason: Missing output files: 7-consensus/packages/part013.fasta
    wildcards: nnnn=013
    threads: 8
    resources: tmpdir=/tmp, job_id=13, n_cpus=8, mem_gb=7, time_h=24

[Sat Mar 15 19:35:58 2025]
Finished job 385.
368 of 387 steps (95%) done
Select jobs to execute...

[Sat Mar 15 19:35:58 2025]
rule generateConsensus:
    input: 7-consensus/packages/part016.cnspack, 7-consensus/packages.tigName_to_ID.map, 7-consensus/packages.report, 7-consensus/ont_subset.id
    output: 7-consensus/packages/part016.fasta
    log: 7-consensus/packages/part016.err
    jobid: 377
    reason: Missing output files: 7-consensus/packages/part016.fasta
    wildcards: nnnn=016
    threads: 8
    resources: tmpdir=/tmp, job_id=16, n_cpus=8, mem_gb=6, time_h=24

[Sat Mar 15 20:19:59 2025]
Finished job 383.
369 of 387 steps (95%) done
Select jobs to execute...

[Sat Mar 15 20:19:59 2025]
rule generateConsensus:
    input: 7-consensus/packages/part003.cnspack, 7-consensus/packages.tigName_to_ID.map, 7-consensus/packages.report, 7-consensus/ont_subset.id
    output: 7-consensus/packages/part003.fasta
    log: 7-consensus/packages/part003.err
    jobid: 391
    reason: Missing output files: 7-consensus/packages/part003.fasta
    wildcards: nnnn=003
    threads: 8
    resources: tmpdir=/tmp, job_id=3, n_cpus=8, mem_gb=10, time_h=24

[Sat Mar 15 20:20:24 2025]
Finished job 378.
370 of 387 steps (96%) done
Select jobs to execute...

[Sat Mar 15 20:20:25 2025]
rule generateConsensus:
    input: 7-consensus/packages/part012.cnspack, 7-consensus/packages.tigName_to_ID.map, 7-consensus/packages.report, 7-consensus/ont_subset.id
    output: 7-consensus/packages/part012.fasta
    log: 7-consensus/packages/part012.err
    jobid: 371
    reason: Missing output files: 7-consensus/packages/part012.fasta
    wildcards: nnnn=012
    threads: 8
    resources: tmpdir=/tmp, job_id=12, n_cpus=8, mem_gb=7, time_h=24

[Sat Mar 15 20:35:00 2025]
Finished job 377.
371 of 387 steps (96%) done
Select jobs to execute...

[Sat Mar 15 20:35:00 2025]
rule generateConsensus:
    input: 7-consensus/packages/part008.cnspack, 7-consensus/packages.tigName_to_ID.map, 7-consensus/packages.report, 7-consensus/ont_subset.id
    output: 7-consensus/packages/part008.fasta
    log: 7-consensus/packages/part008.err
    jobid: 390
    reason: Missing output files: 7-consensus/packages/part008.fasta
    wildcards: nnnn=008
    threads: 8
    resources: tmpdir=/tmp, job_id=8, n_cpus=8, mem_gb=7, time_h=24

[Sat Mar 15 21:18:51 2025]
Finished job 371.
372 of 387 steps (96%) done
Select jobs to execute...

[Sat Mar 15 21:18:51 2025]
rule generateConsensus:
    input: 7-consensus/packages/part022.cnspack, 7-consensus/packages.tigName_to_ID.map, 7-consensus/packages.report, 7-consensus/ont_subset.id
    output: 7-consensus/packages/part022.fasta
    log: 7-consensus/packages/part022.err
    jobid: 368
    reason: Missing output files: 7-consensus/packages/part022.fasta
    wildcards: nnnn=022
    threads: 8
    resources: tmpdir=/tmp, job_id=22, n_cpus=8, mem_gb=6, time_h=24

[Sat Mar 15 21:22:02 2025]
Finished job 391.
373 of 387 steps (96%) done
Select jobs to execute...

[Sat Mar 15 21:22:02 2025]
rule generateConsensus:
    input: 7-consensus/packages/part021.cnspack, 7-consensus/packages.tigName_to_ID.map, 7-consensus/packages.report, 7-consensus/ont_subset.id
    output: 7-consensus/packages/part021.fasta
    log: 7-consensus/packages/part021.err
    jobid: 369
    reason: Missing output files: 7-consensus/packages/part021.fasta
    wildcards: nnnn=021
    threads: 8
    resources: tmpdir=/tmp, job_id=21, n_cpus=8, mem_gb=6, time_h=24

[Sat Mar 15 21:33:26 2025]
Finished job 390.
374 of 387 steps (97%) done
Select jobs to execute...

[Sat Mar 15 21:33:27 2025]
rule generateConsensus:
    input: 7-consensus/packages/part020.cnspack, 7-consensus/packages.tigName_to_ID.map, 7-consensus/packages.report, 7-consensus/ont_subset.id
    output: 7-consensus/packages/part020.fasta
    log: 7-consensus/packages/part020.err
    jobid: 379
    reason: Missing output files: 7-consensus/packages/part020.fasta
    wildcards: nnnn=020
    threads: 8
    resources: tmpdir=/tmp, job_id=20, n_cpus=8, mem_gb=6, time_h=24

[Sat Mar 15 22:21:41 2025]
Finished job 369.
375 of 387 steps (97%) done
Select jobs to execute...

[Sat Mar 15 22:21:41 2025]
rule generateConsensus:
    input: 7-consensus/packages/part023.cnspack, 7-consensus/packages.tigName_to_ID.map, 7-consensus/packages.report, 7-consensus/ont_subset.id
    output: 7-consensus/packages/part023.fasta
    log: 7-consensus/packages/part023.err
    jobid: 375
    reason: Missing output files: 7-consensus/packages/part023.fasta
    wildcards: nnnn=023
    threads: 8
    resources: tmpdir=/tmp, job_id=23, n_cpus=8, mem_gb=6, time_h=24

[Sat Mar 15 22:22:12 2025]
Finished job 368.
376 of 387 steps (97%) done
Select jobs to execute...

[Sat Mar 15 22:22:12 2025]
rule generateConsensus:
    input: 7-consensus/packages/part014.cnspack, 7-consensus/packages.tigName_to_ID.map, 7-consensus/packages.report, 7-consensus/ont_subset.id
    output: 7-consensus/packages/part014.fasta
    log: 7-consensus/packages/part014.err
    jobid: 386
    reason: Missing output files: 7-consensus/packages/part014.fasta
    wildcards: nnnn=014
    threads: 8
    resources: tmpdir=/tmp, job_id=14, n_cpus=8, mem_gb=6, time_h=24

[Sat Mar 15 22:31:31 2025]
Finished job 379.
377 of 387 steps (97%) done
Select jobs to execute...

[Sat Mar 15 22:31:31 2025]
rule generateConsensus:
    input: 7-consensus/packages/part025.cnspack, 7-consensus/packages.tigName_to_ID.map, 7-consensus/packages.report, 7-consensus/ont_subset.id
    output: 7-consensus/packages/part025.fasta
    log: 7-consensus/packages/part025.err
    jobid: 372
    reason: Missing output files: 7-consensus/packages/part025.fasta
    wildcards: nnnn=025
    threads: 8
    resources: tmpdir=/tmp, job_id=25, n_cpus=8, mem_gb=6, time_h=24

[Sat Mar 15 23:19:06 2025]
Finished job 386.
378 of 387 steps (98%) done
Select jobs to execute...

[Sat Mar 15 23:19:06 2025]
rule generateConsensus:
    input: 7-consensus/packages/part017.cnspack, 7-consensus/packages.tigName_to_ID.map, 7-consensus/packages.report, 7-consensus/ont_subset.id
    output: 7-consensus/packages/part017.fasta
    log: 7-consensus/packages/part017.err
    jobid: 370
    reason: Missing output files: 7-consensus/packages/part017.fasta
    wildcards: nnnn=017
    threads: 8
    resources: tmpdir=/tmp, job_id=17, n_cpus=8, mem_gb=6, time_h=24

[Sat Mar 15 23:26:55 2025]
Finished job 375.
379 of 387 steps (98%) done
Select jobs to execute...

[Sat Mar 15 23:26:55 2025]
rule generateConsensus:
    input: 7-consensus/packages/part026.cnspack, 7-consensus/packages.tigName_to_ID.map, 7-consensus/packages.report, 7-consensus/ont_subset.id
    output: 7-consensus/packages/part026.fasta
    log: 7-consensus/packages/part026.err
    jobid: 376
    reason: Missing output files: 7-consensus/packages/part026.fasta
    wildcards: nnnn=026
    threads: 8
    resources: tmpdir=/tmp, job_id=26, n_cpus=8, mem_gb=6, time_h=24

[Sat Mar 15 23:40:11 2025]
Finished job 372.
380 of 387 steps (98%) done
Select jobs to execute...

[Sat Mar 15 23:40:11 2025]
rule generateConsensus:
    input: 7-consensus/packages/part024.cnspack, 7-consensus/packages.tigName_to_ID.map, 7-consensus/packages.report, 7-consensus/ont_subset.id
    output: 7-consensus/packages/part024.fasta
    log: 7-consensus/packages/part024.err
    jobid: 380
    reason: Missing output files: 7-consensus/packages/part024.fasta
    wildcards: nnnn=024
    threads: 8
    resources: tmpdir=/tmp, job_id=24, n_cpus=8, mem_gb=6, time_h=24

[Sun Mar 16 00:17:27 2025]
Finished job 370.
381 of 387 steps (98%) done
Select jobs to execute...

[Sun Mar 16 00:17:27 2025]
rule generateConsensus:
    input: 7-consensus/packages/part018.cnspack, 7-consensus/packages.tigName_to_ID.map, 7-consensus/packages.report, 7-consensus/ont_subset.id
    output: 7-consensus/packages/part018.fasta
    log: 7-consensus/packages/part018.err
    jobid: 387
    reason: Missing output files: 7-consensus/packages/part018.fasta
    wildcards: nnnn=018
    threads: 8
    resources: tmpdir=/tmp, job_id=18, n_cpus=8, mem_gb=6, time_h=24

[Sun Mar 16 00:23:33 2025]
Finished job 376.
382 of 387 steps (99%) done
Select jobs to execute...
[Sun Mar 16 00:50:54 2025]
Finished job 380.
383 of 387 steps (99%) done
[Sun Mar 16 01:13:43 2025]
Finished job 387.
384 of 387 steps (99%) done

[Sun Mar 16 01:13:43 2025]
rule generateConsensus:
    input: 7-consensus/packages/part001.cnspack, 7-consensus/packages.tigName_to_ID.map, 7-consensus/packages.report, 7-consensus/ont_subset.id
    output: 7-consensus/packages/part001.fasta
    log: 7-consensus/packages/part001.err
    jobid: 393
    reason: Missing output files: 7-consensus/packages/part001.fasta
    wildcards: nnnn=001
    threads: 8
    resources: tmpdir=/tmp, job_id=1, n_cpus=8, mem_gb=64, time_h=24

[Sun Mar 16 01:44:59 2025]
Finished job 393.
385 of 387 steps (99%) done
Select jobs to execute...

[Sun Mar 16 01:44:59 2025]
rule combineConsensus:
    input: 7-consensus/packages/part022.fasta, 7-consensus/packages/part021.fasta, 7-consensus/packages/part017.fasta, 7-consensus/packages/part012.fasta, 7-consensus/packages/part025.fasta, 7-consensus/packages/part009.fasta, 7-consensus/packages/part010.fasta, 7-consensus/packages/part023.fasta, 7-consensus/packages/part026.fasta, 7-consensus/packages/part016.fasta, 7-consensus/packages/part007.fasta, 7-consensus/packages/part020.fasta, 7-consensus/packages/part024.fasta, 7-consensus/packages/part019.fasta, 7-consensus/packages/part011.fasta, 7-consensus/packages/part013.fasta, 7-consensus/packages/part004.fasta, 7-consensus/packages/part005.fasta, 7-consensus/packages/part014.fasta, 7-consensus/packages/part018.fasta, 7-consensus/packages/part015.fasta, 7-consensus/packages/part006.fasta, 7-consensus/packages/part008.fasta, 7-consensus/packages/part003.fasta, 7-consensus/packages/part002.fasta, 7-consensus/packages/part001.fasta, 7-consensus/packages.tigName_to_ID.map, 6-layoutContigs/unitig-popped.layout.scfmap, 5-untip/unitig-unrolled-unitig-unrolled-popped-unitig-normal-connected-tip.hifi-coverage.csv, 7-consensus/packages.finished, emptyfile, 5-untip/unitig-unrolled-unitig-unrolled-popped-unitig-normal-connected-tip.gfa
    output: 7-consensus/unitig-popped.bam, 7-consensus/unitig-popped.fasta, 7-consensus/unitig-popped.haplotype1.fasta, 7-consensus/unitig-popped.haplotype2.fasta, 7-consensus/unitig-popped.unassigned.fasta, 7-consensus/combined.fasta
    log: 7-consensus/combineConsensus.out, 7-consensus/combineConsensus.err
    jobid: 19
    reason: Missing output files: 7-consensus/unitig-popped.unassigned.fasta, 7-consensus/unitig-popped.haplotype1.fasta, 7-consensus/unitig-popped.fasta, 7-consensus/unitig-popped.bam, 7-consensus/unitig-popped.haplotype2.fasta; Input files updated by another job: 7-consensus/packages/part019.fasta, 7-consensus/packages/part007.fasta, 7-consensus/packages/part006.fasta, 7-consensus/packages/part022.fasta, 7-consensus/packages/part017.fasta, 7-consensus/packages/part014.fasta, 7-consensus/packages/part011.fasta, 7-consensus/packages/part026.fasta, 7-consensus/packages/part002.fasta, 7-consensus/packages/part003.fasta, 7-consensus/packages/part010.fasta, 7-consensus/packages/part023.fasta, 7-consensus/packages/part020.fasta, 7-consensus/packages/part021.fasta, 7-consensus/packages/part005.fasta, 7-consensus/packages/part018.fasta, 7-consensus/packages/part004.fasta, 7-consensus/packages/part009.fasta, 7-consensus/packages/part013.fasta, 7-consensus/packages/part012.fasta, 7-consensus/packages/part008.fasta, 7-consensus/packages/part025.fasta, 7-consensus/packages/part016.fasta, 7-consensus/packages/part015.fasta, 7-consensus/packages/part024.fasta, 7-consensus/packages/part001.fasta
    threads: 8
    resources: tmpdir=/tmp, job_id=1, n_cpus=8, mem_gb=13, time_h=4

[Sun Mar 16 01:47:28 2025]
Finished job 19.
386 of 387 steps (99.7%) done
Select jobs to execute...

[Sun Mar 16 01:47:28 2025]
localrule verkko:
    input: 5-untip/unitig-unrolled-unitig-unrolled-popped-unitig-normal-connected-tip.gfa, emptyfile, 6-layoutContigs/unitig-popped.layout, 6-layoutContigs/unitig-popped.layout.scfmap, 7-consensus/unitig-popped.bam, 7-consensus/unitig-popped.fasta, 7-consensus/unitig-popped.haplotype1.fasta, 7-consensus/unitig-popped.haplotype2.fasta, 7-consensus/unitig-popped.unassigned.fasta, emptyfile, emptyfile, 5-untip/unitig-unrolled-unitig-unrolled-popped-unitig-normal-connected-tip.hifi-coverage.csv, 5-untip/unitig-unrolled-unitig-unrolled-popped-unitig-normal-connected-tip.ont-coverage.csv
    output: assembly.homopolymer-compressed.gfa, assembly.homopolymer-compressed.noseq.gfa, assembly.homopolymer-compressed.layout, assembly.hifi-coverage.csv, assembly.ont-coverage.csv, assembly.fasta, assembly.scfmap
    jobid: 0
    reason: Missing output files: assembly.homopolymer-compressed.noseq.gfa, assembly.homopolymer-compressed.layout, assembly.ont-coverage.csv, assembly.hifi-coverage.csv, assembly.homopolymer-compressed.gfa, assembly.fasta, assembly.scfmap; Input files updated by another job: 5-untip/unitig-unrolled-unitig-unrolled-popped-unitig-normal-connected-tip.ont-coverage.csv, 7-consensus/unitig-popped.unassigned.fasta, emptyfile, 7-consensus/unitig-popped.haplotype1.fasta, 7-consensus/unitig-popped.fasta, 6-layoutContigs/unitig-popped.layout, 7-consensus/unitig-popped.bam, 7-consensus/unitig-popped.haplotype2.fasta, 5-untip/unitig-unrolled-unitig-unrolled-popped-unitig-normal-connected-tip.hifi-coverage.csv, 5-untip/unitig-unrolled-unitig-unrolled-popped-unitig-normal-connected-tip.gfa, 6-layoutContigs/unitig-popped.layout.scfmap
    resources: tmpdir=/tmp

Reading graph from stdin
[Sun Mar 16 01:47:39 2025]
Finished job 0.
387 of 387 steps (100%) done
Complete log: .snakemake/log/2025-03-13T172339.855745.snakemake.log
