contig	color
contig-0000001	#E6AB23	chr8
contig-0000002	#E6AB23	chr8
contig-0000003	#CCA0BF	chr18
contig-0000004	#E6AB23	chr8
contig-0000005	#E6B847	chr15
contig-0000006	#009E73	chr3
contig-0000007	#009E73	chr3
contig-0000008	#E6AB23	chr8
contig-0000009	#E6AB23	chr8
contig-0000010	#CC79A7	chr4
contig-0000011	#E6B847	chr15
contig-0000012	#E6B847	chr15
contig-0000013	#E6B847	chr15
contig-0000014	#E6B847	chr15
contig-0000015	#0072B2	chr5
contig-0000016	#0072B2	chr5
contig-0000017	#0072B2	chr5
contig-0000018	#56B4E9	chr2
contig-0000019	#56B4E9	chr2
contig-0000020	#56B4E9	chr2
contig-0000021	#5699E9	chr9
contig-0000022	#5699E9	chr9
contig-0000023	#5699E9	chr9
contig-0000024	#5699E9	chr9
contig-0000025	#5699E9	chr9
contig-0000026	#737373	chr14
contig-0000027	#737373	chr14
contig-0000028	#737373	chr14
contig-0000029	#737373	chr14
contig-0000030	#737373	chr14
contig-0000031	#D55E00	chr6
contig-0000032	#D55E00	chr6
contig-0000033	#D57533	chr13
contig-0000034	#D55E00	chr6
contig-0000035	#D55E00	chr6
contig-0000036	#D55E00	chr6
contig-0000037	#D55E00	chr6
contig-0000038	#D55E00	chr6
contig-0000039	#0072B2	chr5
contig-0000040	#0072B2	chr5
contig-0000041	#0072B2	chr5
contig-0000042	#E6AB23	chr8
contig-0000043	#E6AB23	chr8
contig-0000044	#E6C47F	chr22
contig-0000045	#E6AB23	chr8
contig-0000046	#E6AB23	chr8
contig-0000047	#E6AB23	chr8
contig-0000048	#CC79A7	chr4
contig-0000049	#CC79A7	chr4
contig-0000050	#CC79A7	chr4
contig-0000051	#56B4E9	chr2
contig-0000052	#737373	chr14
contig-0000053	#567DE9	chr16
contig-0000054	#E6C47F	chr22
contig-0000055	#567DE9	chr16
contig-0000056	#567DE9	chr16
contig-0000057	#567DE9	chr16
contig-0000058	#CC8DB3	chr11
contig-0000059	#CC8DB3	chr11
contig-0000060	#CCA0BF	chr18
contig-0000061	#CCA0BF	chr18
contig-0000062	#E6B847	chr15
contig-0000063	#CCA0BF	chr18
contig-0000064	#D55E00	chr6
contig-0000065	#D55E00	chr6
contig-0000066	#D55E00	chr6
contig-0000067	#D55E00	chr6
contig-0000068	#D55E00	chr6
contig-0000069	#CC8DB3	chr11
contig-0000070	#CC8DB3	chr11
contig-0000071	#CC8DB3	chr11
contig-0000072	#CC8DB3	chr11
contig-0000073	#D57533	chr13
contig-0000074	#CC8DB3	chr11
contig-0000075	#CC8DB3	chr11
contig-0000076	#CC8DB3	chr11
contig-0000077	#CC8DB3	chr11
contig-0000078	#666666	chr7
contig-0000079	#666666	chr7
contig-0000080	#666666	chr7
contig-0000081	#737373	chr14
contig-0000082	#CC79A7	chr4
contig-0000083	#CC79A7	chr4
contig-0000084	#E6C47F	chr22
contig-0000085	#CC79A7	chr4
contig-0000086	#CC79A7	chr4
contig-0000087	#CC79A7	chr4
contig-0000088	#56B4E9	chr2
contig-0000089	#567DE9	chr16
contig-0000090	#567DE9	chr16
contig-0000091	#567DE9	chr16
contig-0000092	#1A7FBA	chr12
contig-0000093	#1A7FBA	chr12
contig-0000094	#1A7FBA	chr12
contig-0000095	#D57533	chr13
contig-0000096	#1A7FBA	chr12
contig-0000097	#666666	chr7
contig-0000098	#666666	chr7
contig-0000099	#567DE9	chr16
contig-0000100	#567DE9	chr16
contig-0000101	#567DE9	chr16
contig-0000102	#567DE9	chr16
contig-0000103	#567DE9	chr16
contig-0000104	#E6C47F	chr22
contig-0000105	#E69F00	chr1
contig-0000106	#E6B847	chr15
contig-0000107	#E6C47F	chr22
contig-0000108	#E6C47F	chr22
contig-0000109	#E6C47F	chr22
contig-0000110	#E6C47F	chr22
contig-0000111	#56B4E9	chr2
contig-0000112	#56B4E9	chr2
contig-0000113	#56B4E9	chr2
contig-0000114	#CC8DB3	chr11
contig-0000115	#E6C47F	chr22
contig-0000116	#5699E9	chr9
contig-0000117	#5699E9	chr9
contig-0000118	#5699E9	chr9
contig-0000119	#5699E9	chr9
contig-0000120	#567DE9	chr16
contig-0000121	#567DE9	chr16
contig-0000122	#567DE9	chr16
contig-0000123	#567DE9	chr16
contig-0000124	#567DE9	chr16
contig-0000125	#E6B847	chr15
contig-0000126	#E6B847	chr15
contig-0000127	#E6B847	chr15
contig-0000128	#1A7FBA	chr12
contig-0000129	#1A7FBA	chr12
contig-0000130	#1A7FBA	chr12
contig-0000131	#1A7FBA	chr12
contig-0000132	#1A7FBA	chr12
contig-0000133	#E6AB23	chr8
contig-0000134	#E6AB23	chr8
contig-0000135	#E6C47F	chr22
contig-0000136	#E6AB23	chr8
contig-0000137	#E6AB23	chr8
contig-0000138	#E6AB23	chr8
contig-0000139	#E6AB23	chr8
contig-0000140	#E6AB23	chr8
contig-0000141	#E6AB23	chr8
contig-0000142	#E6AB23	chr8
contig-0000143	#E6AB23	chr8
contig-0000144	#E6AB23	chr8
contig-0000145	#E6AB23	chr8
contig-0000146	#E6C47F	chr22
contig-0000147	#0072B2	chr5
contig-0000148	#0072B2	chr5
contig-0000149	#0072B2	chr5
contig-0000150	#0072B2	chr5
contig-0000151	#0072B2	chr5
contig-0000152	#E6AB23	chr8
contig-0000153	#E6AB23	chr8
contig-0000154	#E6AB23	chr8
contig-0000155	#56B4E9	chr2
contig-0000156	#56B4E9	chr2
contig-0000157	#E6C47F	chr22
contig-0000158	#56B4E9	chr2
contig-0000159	#E6AB23	chr8
contig-0000160	#E6AB23	chr8
contig-0000161	#E6AB23	chr8
contig-0000162	#CC8DB3	chr11
contig-0000163	#CC8DB3	chr11
contig-0000164	#56B4E9	chr2
contig-0000165	#56B4E9	chr2
contig-0000166	#56B4E9	chr2
contig-0000167	#666666	chr7
contig-0000168	#CC79A7	chr4
contig-0000169	#CC79A7	chr4
contig-0000170	#CC79A7	chr4
contig-0000171	#CC79A7	chr4
contig-0000172	#CC79A7	chr4
contig-0000173	#E6B847	chr15
contig-0000174	#E6B847	chr15
contig-0000175	#E6B847	chr15
contig-0000176	#E6B847	chr15
contig-0000177	#E6B847	chr15
contig-0000178	#D57533	chr13
contig-0000179	#D55E00	chr6
contig-0000180	#D55E00	chr6
contig-0000181	#D55E00	chr6
contig-0000182	#D55E00	chr6
contig-0000183	#D55E00	chr6
contig-0000184	#808080	chr21
contig-0000185	#808080	chr21
contig-0000186	#808080	chr21
contig-0000187	#808080	chr21
contig-0000188	#808080	chr21
contig-0000189	#D57533	chr13
contig-0000190	#808080	chr21
contig-0000191	#56B4E9	chr2
contig-0000192	#56B4E9	chr2
contig-0000193	#56B4E9	chr2
contig-0000194	#E69F00	chr1
contig-0000195	#E69F00	chr1
contig-0000196	#E69F00	chr1
contig-0000197	#E69F00	chr1
contig-0000198	#567DE9	chr16
contig-0000199	#567DE9	chr16
contig-0000200	#E6B847	chr15
contig-0000201	#567DE9	chr16
contig-0000202	#567DE9	chr16
contig-0000203	#567DE9	chr16
contig-0000204	#666666	chr7
contig-0000205	#666666	chr7
contig-0000206	#666666	chr7
contig-0000207	#00B28C	chr17
contig-0000208	#00B28C	chr17
contig-0000209	#E69F00	chr1
contig-0000210	#D57533	chr13
contig-0000211	#56B4E9	chr2
contig-0000212	#56B4E9	chr2
contig-0000213	#56B4E9	chr2
contig-0000214	#D58C66	chr20
contig-0000215	#666666	chr7
contig-0000216	#666666	chr7
contig-0000217	#666666	chr7
contig-0000218	#0072B2	chr5
contig-0000219	#0072B2	chr5
contig-0000220	#0072B2	chr5
contig-0000221	#0072B2	chr5
contig-0000222	#0072B2	chr5
contig-0000223	#1A7FBA	chr12
contig-0000224	#1A7FBA	chr12
contig-0000225	#1A7FBA	chr12
contig-0000226	#0072B2	chr5
contig-0000227	#0072B2	chr5
contig-0000228	#0072B2	chr5
contig-0000229	#0072B2	chr5
contig-0000230	#666666	chr7
contig-0000231	#D57533	chr13
contig-0000232	#666666	chr7
contig-0000233	#1A7FBA	chr12
contig-0000234	#1A7FBA	chr12
contig-0000235	#1A7FBA	chr12
contig-0000236	#56B4E9	chr2
contig-0000237	#56B4E9	chr2
contig-0000238	#56B4E9	chr2
contig-0000239	#E6B847	chr15
contig-0000240	#E6B847	chr15
contig-0000241	#E6B847	chr15
contig-0000242	#D57533	chr13
contig-0000243	#E6B847	chr15
contig-0000244	#E6B847	chr15
contig-0000245	#737373	chr14
contig-0000246	#737373	chr14
contig-0000247	#737373	chr14
contig-0000248	#737373	chr14
contig-0000249	#737373	chr14
contig-0000250	#00B28C	chr17
contig-0000251	#E6AB23	chr8
contig-0000252	#D57533	chr13
contig-0000253	#009E73	chr3
contig-0000254	#00A880	chr10
contig-0000255	#00A880	chr10
contig-0000256	#00A880	chr10
contig-0000257	#1A7FBA	chr12
contig-0000258	#567DE9	chr16
contig-0000259	#E6B847	chr15
contig-0000260	#E6B847	chr15
contig-0000261	#E6C47F	chr22
contig-0000262	#E6B847	chr15
contig-0000263	#E69F00	chr1
contig-0000264	#E69F00	chr1
contig-0000265	#E69F00	chr1
contig-0000266	#E69F00	chr1
contig-0000267	#E69F00	chr1
contig-0000268	#00A880	chr10
contig-0000269	#00A880	chr10
contig-0000270	#00A880	chr10
contig-0000271	#D57533	chr13
contig-0000272	#00B28C	chr17
contig-0000273	#E69F00	chr1
contig-0000274	#E69F00	chr1
contig-0000275	#E6AB23	chr8
contig-0000276	#E6AB23	chr8
contig-0000277	#E6AB23	chr8
contig-0000278	#CCA0BF	chr18
contig-0000279	#CCA0BF	chr18
contig-0000280	#CCA0BF	chr18
contig-0000281	#CCA0BF	chr18
contig-0000282	#0072B2	chr5
contig-0000283	#CCA0BF	chr18
contig-0000284	#00A880	chr10
contig-0000285	#00A880	chr10
contig-0000286	#00A880	chr10
contig-0000287	#E6AB23	chr8
contig-0000288	#E6AB23	chr8
contig-0000289	#E6AB23	chr8
contig-0000290	#E6AB23	chr8
contig-0000291	#E6AB23	chr8
contig-0000292	#E6AB23	chr8
contig-0000293	#0072B2	chr5
contig-0000294	#E6AB23	chr8
contig-0000295	#E6AB23	chr8
contig-0000296	#E69F00	chr1
contig-0000297	#E69F00	chr1
contig-0000298	#E69F00	chr1
contig-0000299	#E69F00	chr1
contig-0000300	#E69F00	chr1
contig-0000301	#E69F00	chr1
contig-0000302	#00A880	chr10
contig-0000303	#0072B2	chr5
contig-0000304	#00A880	chr10
contig-0000305	#00A880	chr10
contig-0000306	#0072B2	chr5
contig-0000307	#0072B2	chr5
contig-0000308	#0072B2	chr5
contig-0000309	#009E73	chr3
contig-0000310	#567DE9	chr16
contig-0000311	#567DE9	chr16
contig-0000312	#567DE9	chr16
contig-0000313	#E69F00	chr1
contig-0000314	#0072B2	chr5
contig-0000315	#567DE9	chr16
contig-0000316	#338CC2	chr19
contig-0000317	#338CC2	chr19
contig-0000318	#338CC2	chr19
contig-0000319	#567DE9	chr16
contig-0000320	#567DE9	chr16
contig-0000321	#567DE9	chr16
contig-0000322	#567DE9	chr16
contig-0000323	#567DE9	chr16
contig-0000324	#567DE9	chr16
contig-0000325	#0072B2	chr5
contig-0000326	#E6AB23	chr8
contig-0000327	#E6AB23	chr8
contig-0000328	#00B28C	chr17
contig-0000329	#00B28C	chr17
contig-0000330	#00B28C	chr17
contig-0000331	#1A7FBA	chr12
contig-0000332	#1A7FBA	chr12
contig-0000333	#1A7FBA	chr12
contig-0000334	#567DE9	chr16
contig-0000335	#1A7FBA	chr12
contig-0000336	#567DE9	chr16
contig-0000337	#00A880	chr10
contig-0000338	#00A880	chr10
contig-0000339	#00A880	chr10
contig-0000340	#00A880	chr10
contig-0000341	#00A880	chr10
contig-0000342	#5699E9	chr9
contig-0000343	#CCA0BF	chr18
contig-0000344	#CCA0BF	chr18
contig-0000345	#CCA0BF	chr18
contig-0000346	#CCA0BF	chr18
contig-0000347	#CCA0BF	chr18
contig-0000348	#737373	chr14
contig-0000349	#737373	chr14
contig-0000350	#737373	chr14
contig-0000351	#737373	chr14
contig-0000352	#737373	chr14
contig-0000353	#808080	chr21
contig-0000354	#56B4E9	chr2
contig-0000355	#567DE9	chr16
contig-0000356	#009E73	chr3
contig-0000357	#009E73	chr3
contig-0000358	#009E73	chr3
contig-0000359	#009E73	chr3
contig-0000360	#009E73	chr3
contig-0000361	#5699E9	chr9
contig-0000362	#5699E9	chr9
contig-0000363	#5699E9	chr9
contig-0000364	#5699E9	chr9
contig-0000365	#5699E9	chr9
contig-0000366	#D57533	chr13
contig-0000367	#5699E9	chr9
contig-0000368	#5699E9	chr9
contig-0000369	#D57533	chr13
contig-0000370	#D57533	chr13
contig-0000371	#D57533	chr13
contig-0000372	#D55E00	chr6
contig-0000373	#D55E00	chr6
contig-0000374	#D55E00	chr6
contig-0000375	#D58C66	chr20
contig-0000376	#D55E00	chr6
contig-0000377	#D55E00	chr6
contig-0000378	#CC79A7	chr4
contig-0000379	#CC79A7	chr4
contig-0000380	#CC79A7	chr4
contig-0000381	#00B28C	chr17
contig-0000382	#338CC2	chr19
contig-0000383	#00B28C	chr17
contig-0000384	#00B28C	chr17
contig-0000385	#009E73	chr3
contig-0000386	#009E73	chr3
contig-0000387	#D58C66	chr20
contig-0000388	#D58C66	chr20
contig-0000389	#D58C66	chr20
contig-0000390	#009E73	chr3
contig-0000391	#009E73	chr3
contig-0000392	#009E73	chr3
contig-0000393	#D58C66	chr20
contig-0000394	#009E73	chr3
contig-0000395	#009E73	chr3
contig-0000396	#CC8DB3	chr11
contig-0000397	#CC8DB3	chr11
contig-0000398	#CC8DB3	chr11
contig-0000399	#CC8DB3	chr11
contig-0000400	#CC8DB3	chr11
contig-0000401	#5699E9	chr9
contig-0000402	#5699E9	chr9
contig-0000403	#5699E9	chr9
contig-0000404	#D58C66	chr20
contig-0000405	#5699E9	chr9
contig-0000406	#5699E9	chr9
contig-0000407	#CC8DB3	chr11
contig-0000408	#CC8DB3	chr11
contig-0000409	#CC79A7	chr4
contig-0000410	#CC79A7	chr4
contig-0000411	#CC79A7	chr4
contig-0000412	#CC79A7	chr4
contig-0000413	#CC79A7	chr4
contig-0000414	#CC79A7	chr4
contig-0000415	#5699E9	chr9
contig-0000416	#D58C66	chr20
contig-0000417	#CC79A7	chr4
contig-0000418	#CC79A7	chr4
contig-0000419	#CC79A7	chr4
contig-0000420	#CC79A7	chr4
contig-0000421	#CC79A7	chr4
contig-0000422	#00A880	chr10
contig-0000423	#00A880	chr10
contig-0000424	#00A880	chr10
contig-0000425	#00A880	chr10
contig-0000426	#00A880	chr10
contig-0000427	#D58C66	chr20
contig-0000428	#00A880	chr10
contig-0000429	#00A880	chr10
contig-0000430	#00A880	chr10
contig-0000431	#00A880	chr10
contig-0000432	#737373	chr14
contig-0000433	#E69F00	chr1
contig-0000434	#E69F00	chr1
contig-0000435	#E69F00	chr1
contig-0000436	#D58C66	chr20
contig-0000437	#CC79A7	chr4
contig-0000438	#CC79A7	chr4
contig-0000439	#E6AB23	chr8
contig-0000440	#E6AB23	chr8
contig-0000441	#E6AB23	chr8
contig-0000442	#E69F00	chr1
contig-0000443	#E69F00	chr1
contig-0000444	#E69F00	chr1
contig-0000445	#009E73	chr3
contig-0000446	#009E73	chr3
contig-0000447	#D58C66	chr20
contig-0000448	#009E73	chr3
contig-0000449	#D57533	chr13
contig-0000450	#D57533	chr13
contig-0000451	#D57533	chr13
contig-0000452	#D57533	chr13
contig-0000453	#D57533	chr13
contig-0000454	#D55E00	chr6
contig-0000455	#D55E00	chr6
contig-0000456	#D55E00	chr6
contig-0000457	#338CC2	chr19
contig-0000458	#009E73	chr3
contig-0000459	#338CC2	chr19
contig-0000460	#338CC2	chr19
contig-0000461	#338CC2	chr19
contig-0000462	#338CC2	chr19
contig-0000463	#00A880	chr10
contig-0000464	#00A880	chr10
contig-0000465	#00A880	chr10
contig-0000466	#E69F00	chr1
contig-0000467	#E69F00	chr1
contig-0000468	#E69F00	chr1
contig-0000469	#CC79A7	chr4
contig-0000470	#E69F00	chr1
contig-0000471	#E69F00	chr1
contig-0000472	#E69F00	chr1
contig-0000473	#E69F00	chr1
contig-0000474	#D55E00	chr6
contig-0000475	#D55E00	chr6
contig-0000476	#D55E00	chr6
contig-0000477	#567DE9	chr16
contig-0000478	#567DE9	chr16
contig-0000479	#567DE9	chr16
contig-0000480	#CC79A7	chr4
contig-0000481	#567DE9	chr16
contig-0000482	#567DE9	chr16
contig-0000483	#CC8DB3	chr11
contig-0000484	#CC8DB3	chr11
contig-0000485	#CC8DB3	chr11
contig-0000486	#CC8DB3	chr11
contig-0000487	#CC8DB3	chr11
contig-0000488	#CC8DB3	chr11
contig-0000489	#56B4E9	chr2
contig-0000490	#CC79A7	chr4
contig-0000491	#56B4E9	chr2
contig-0000492	#56B4E9	chr2
contig-0000493	#56B4E9	chr2
contig-0000494	#56B4E9	chr2
contig-0000495	#00B28C	chr17
contig-0000496	#00B28C	chr17
contig-0000497	#00B28C	chr17
contig-0000498	#D58C66	chr20
contig-0000499	#D58C66	chr20
contig-0000500	#D58C66	chr20
contig-0000501	#D58C66	chr20
contig-0000502	#D58C66	chr20
contig-0000503	#009E73	chr3
contig-0000504	#E6B847	chr15
contig-0000505	#E6B847	chr15
contig-0000506	#E6B847	chr15
contig-0000507	#E6B847	chr15
contig-0000508	#E6B847	chr15
contig-0000509	#E69F00	chr1
contig-0000510	#338CC2	chr19
contig-0000511	#338CC2	chr19
contig-0000512	#338CC2	chr19
contig-0000513	#338CC2	chr19
contig-0000514	#338CC2	chr19
contig-0000515	#1A7FBA	chr12
contig-0000516	#1A7FBA	chr12
contig-0000517	#1A7FBA	chr12
contig-0000518	#1A7FBA	chr12
contig-0000519	#1A7FBA	chr12
contig-0000520	#009E73	chr3
contig-0000521	#5699E9	chr9
contig-0000522	#567DE9	chr16
contig-0000523	#009E73	chr3
contig-0000524	#009E73	chr3
contig-0000525	#D57533	chr13
contig-0000526	#D57533	chr13
contig-0000527	#D57533	chr13
contig-0000528	#E6B847	chr15
contig-0000529	#E6B847	chr15
contig-0000530	#E6B847	chr15
contig-0000531	#00B28C	chr17
contig-0000532	#00B28C	chr17
contig-0000533	#567DE9	chr16
contig-0000534	#00B28C	chr17
contig-0000535	#CC8DB3	chr11
contig-0000536	#CC8DB3	chr11
contig-0000537	#E69F00	chr1
contig-0000538	#E69F00	chr1
contig-0000539	#E69F00	chr1
contig-0000540	#56B4E9	chr2
contig-0000541	#56B4E9	chr2
contig-0000542	#567DE9	chr16
contig-0000543	#56B4E9	chr2
contig-0000544	#56B4E9	chr2
contig-0000545	#567DE9	chr16
contig-0000546	#567DE9	chr16
contig-0000547	#567DE9	chr16
contig-0000548	#E6AB23	chr8
contig-0000549	#E6AB23	chr8
contig-0000550	#E6AB23	chr8
contig-0000551	#567DE9	chr16
contig-0000552	#E6AB23	chr8
contig-0000553	#E6AB23	chr8
contig-0000554	#0072B2	chr5
contig-0000555	#0072B2	chr5
contig-0000556	#0072B2	chr5
contig-0000557	#E6B847	chr15
contig-0000558	#E6B847	chr15
contig-0000559	#E6B847	chr15
contig-0000560	#E6B847	chr15
contig-0000561	#E6B847	chr15
contig-0000562	#E69F00	chr1
contig-0000563	#E69F00	chr1
contig-0000564	#E69F00	chr1
contig-0000565	#E69F00	chr1
contig-0000566	#E69F00	chr1
contig-0000567	#E69F00	chr1
contig-0000568	#E69F00	chr1
contig-0000569	#E69F00	chr1
contig-0000570	#E69F00	chr1
contig-0000571	#D55E00	chr6
contig-0000572	#D55E00	chr6
contig-0000573	#E69F00	chr1
contig-0000574	#D55E00	chr6
contig-0000575	#D57533	chr13
contig-0000576	#D57533	chr13
contig-0000577	#56B4E9	chr2
contig-0000578	#56B4E9	chr2
contig-0000579	#56B4E9	chr2
contig-0000580	#56B4E9	chr2
contig-0000581	#D55E00	chr6
contig-0000582	#D55E00	chr6
contig-0000583	#E69F00	chr1
contig-0000584	#D55E00	chr6
contig-0000585	#D55E00	chr6
contig-0000586	#D55E00	chr6
contig-0000587	#E69F00	chr1
contig-0000588	#E69F00	chr1
contig-0000589	#00A880	chr10
contig-0000590	#D57533	chr13
contig-0000591	#E6C47F	chr22
contig-0000592	#E6C47F	chr22
contig-0000593	#E6C47F	chr22
contig-0000594	#E69F00	chr1
contig-0000595	#5699E9	chr9
contig-0000596	#5699E9	chr9
contig-0000597	#5699E9	chr9
contig-0000598	#5699E9	chr9
contig-0000599	#E6B847	chr15
contig-0000600	#E6B847	chr15
contig-0000601	#E6B847	chr15
contig-0000602	#5699E9	chr9
contig-0000603	#5699E9	chr9
contig-0000604	#E69F00	chr1
contig-0000605	#5699E9	chr9
contig-0000606	#5699E9	chr9
contig-0000607	#5699E9	chr9
contig-0000608	#00A880	chr10
contig-0000609	#56B4E9	chr2
contig-0000610	#56B4E9	chr2
contig-0000611	#56B4E9	chr2
contig-0000612	#00B28C	chr17
contig-0000613	#CC8DB3	chr11
contig-0000614	#00B28C	chr17
contig-0000615	#666666	chr7
contig-0000616	#666666	chr7
contig-0000617	#666666	chr7
contig-0000618	#666666	chr7
contig-0000619	#666666	chr7
contig-0000620	#CC79A7	chr4
contig-0000621	#CC79A7	chr4
contig-0000622	#CC79A7	chr4
contig-0000623	#D55E00	chr6
contig-0000624	#CC79A7	chr4
contig-0000625	#D55E00	chr6
contig-0000626	#D55E00	chr6
contig-0000627	#D55E00	chr6
contig-0000628	#9467BD	chrX
contig-0000629	#8C564B	chrY
contig-0000630	#8C564B	chrY
contig-0000631	#D57533	chr13
contig-0000632	#D57533	chr13
contig-0000633	#D57533	chr13
contig-0000634	#D57533	chr13
contig-0000635	#D57533	chr13
contig-0000636	#D58C66	chr20
contig-0000637	#D58C66	chr20
contig-0000638	#D58C66	chr20
contig-0000639	#D55E00	chr6
contig-0000640	#D55E00	chr6
contig-0000641	#D55E00	chr6
contig-0000642	#D55E00	chr6
contig-0000643	#D55E00	chr6
contig-0000644	#D55E00	chr6
contig-0000645	#D55E00	chr6
contig-0000646	#56B4E9	chr2
contig-0000647	#56B4E9	chr2
contig-0000648	#56B4E9	chr2
contig-0000649	#E69F00	chr1
contig-0000650	#E69F00	chr1
contig-0000651	#E69F00	chr1
contig-0000652	#E69F00	chr1
contig-0000653	#1A7FBA	chr12
contig-0000654	#00B28C	chr17
contig-0000655	#1A7FBA	chr12
contig-0000656	#1A7FBA	chr12
contig-0000657	#D57533	chr13
contig-0000658	#666666	chr7
contig-0000659	#666666	chr7
contig-0000660	#666666	chr7
contig-0000661	#666666	chr7
contig-0000662	#666666	chr7
contig-0000663	#009E73	chr3
contig-0000664	#009E73	chr3
contig-0000665	#009E73	chr3
contig-0000666	#009E73	chr3
contig-0000667	#009E73	chr3
contig-0000668	#666666	chr7
contig-0000669	#666666	chr7
contig-0000670	#666666	chr7
contig-0000671	#666666	chr7
contig-0000672	#666666	chr7
contig-0000673	#00B28C	chr17
contig-0000674	#CC8DB3	chr11
contig-0000675	#CC8DB3	chr11
contig-0000676	#CC8DB3	chr11
contig-0000677	#0072B2	chr5
contig-0000678	#0072B2	chr5
contig-0000679	#0072B2	chr5
contig-0000680	#0072B2	chr5
contig-0000681	#E69F00	chr1
contig-0000682	#E69F00	chr1
contig-0000683	#E69F00	chr1
contig-0000684	#E69F00	chr1
contig-0000685	#338CC2	chr19
contig-0000686	#D57533	chr13
contig-0000687	#CC79A7	chr4
contig-0000688	#E69F00	chr1
contig-0000689	#E69F00	chr1
contig-0000690	#E69F00	chr1
contig-0000691	#E69F00	chr1
contig-0000692	#00B28C	chr17
contig-0000693	#E69F00	chr1
contig-0000694	#56B4E9	chr2
contig-0000695	#56B4E9	chr2
contig-0000696	#56B4E9	chr2
contig-0000697	#56B4E9	chr2
contig-0000698	#56B4E9	chr2
contig-0000699	#D55E00	chr6
contig-0000700	#D55E00	chr6
contig-0000701	#D55E00	chr6
contig-0000702	#D55E00	chr6
contig-0000703	#808080	chr21
contig-0000704	#D55E00	chr6
contig-0000705	#D55E00	chr6
contig-0000706	#D55E00	chr6
contig-0000707	#D55E00	chr6
contig-0000708	#CC8DB3	chr11
contig-0000709	#CC8DB3	chr11
contig-0000710	#CC8DB3	chr11
contig-0000711	#808080	chr21
contig-0000712	#808080	chr21
contig-0000713	#808080	chr21
contig-0000714	#808080	chr21
contig-0000715	#00B28C	chr17
contig-0000716	#00B28C	chr17
contig-0000717	#00B28C	chr17
contig-0000718	#CC79A7	chr4
contig-0000719	#CC79A7	chr4
contig-0000720	#CC79A7	chr4
contig-0000721	#E6AB23	chr8
contig-0000722	#E6AB23	chr8
contig-0000723	#E6AB23	chr8
contig-0000724	#E6AB23	chr8
contig-0000725	#D55E00	chr6
contig-0000726	#D57533	chr13
contig-0000727	#E6AB23	chr8
contig-0000728	#D55E00	chr6
contig-0000729	#D55E00	chr6
contig-0000730	#56B4E9	chr2
contig-0000731	#56B4E9	chr2
contig-0000732	#56B4E9	chr2
contig-0000733	#56B4E9	chr2
contig-0000734	#56B4E9	chr2
contig-0000735	#CC79A7	chr4
contig-0000736	#808080	chr21
contig-0000737	#CC79A7	chr4
contig-0000738	#CC79A7	chr4
contig-0000739	#009E73	chr3
contig-0000740	#009E73	chr3
contig-0000741	#009E73	chr3
contig-0000742	#D58C66	chr20
contig-0000743	#D58C66	chr20
contig-0000744	#D58C66	chr20
contig-0000745	#00A880	chr10
contig-0000746	#00A880	chr10
contig-0000747	#00A880	chr10
contig-0000748	#00A880	chr10
contig-0000749	#00A880	chr10
contig-0000750	#E6AB23	chr8
contig-0000751	#E6AB23	chr8
contig-0000752	#E6AB23	chr8
contig-0000753	#E6AB23	chr8
contig-0000754	#E6AB23	chr8
contig-0000755	#E69F00	chr1
contig-0000756	#E69F00	chr1
contig-0000757	#808080	chr21
contig-0000758	#E69F00	chr1
contig-0000759	#E69F00	chr1
contig-0000760	#E69F00	chr1
contig-0000761	#E6AB23	chr8
contig-0000762	#E6AB23	chr8
contig-0000763	#666666	chr7
contig-0000764	#00B28C	chr17
contig-0000765	#00B28C	chr17
contig-0000766	#00B28C	chr17
contig-0000767	#00B28C	chr17
contig-0000768	#CC79A7	chr4
contig-0000769	#00B28C	chr17
contig-0000770	#00B28C	chr17
contig-0000771	#00B28C	chr17
contig-0000772	#00B28C	chr17
contig-0000773	#00B28C	chr17
contig-0000774	#00B28C	chr17
contig-0000775	#56B4E9	chr2
contig-0000776	#56B4E9	chr2
contig-0000777	#56B4E9	chr2
contig-0000778	#56B4E9	chr2
contig-0000779	#CC79A7	chr4
contig-0000780	#56B4E9	chr2
contig-0000781	#56B4E9	chr2
contig-0000782	#56B4E9	chr2
contig-0000783	#56B4E9	chr2
contig-0000784	#338CC2	chr19
contig-0000785	#338CC2	chr19
contig-0000786	#338CC2	chr19
contig-0000787	#338CC2	chr19
contig-0000788	#338CC2	chr19
contig-0000789	#1A7FBA	chr12
contig-0000790	#1A7FBA	chr12
contig-0000791	#1A7FBA	chr12
contig-0000792	#1A7FBA	chr12
contig-0000793	#1A7FBA	chr12
contig-0000794	#D57533	chr13
contig-0000795	#D57533	chr13
contig-0000796	#D57533	chr13
contig-0000797	#D57533	chr13
contig-0000798	#E6B847	chr15
contig-0000799	#D57533	chr13
contig-0000800	#56B4E9	chr2
contig-0000801	#56B4E9	chr2
contig-0000802	#56B4E9	chr2
contig-0000803	#E69F00	chr1
contig-0000804	#E6B847	chr15
contig-0000805	#E6B847	chr15
contig-0000806	#E6B847	chr15
contig-0000807	#737373	chr14
contig-0000808	#5699E9	chr9
contig-0000809	#737373	chr14
contig-0000810	#737373	chr14
contig-0000811	#E6AB23	chr8
contig-0000812	#E6AB23	chr8
contig-0000813	#E6AB23	chr8
contig-0000814	#808080	chr21
contig-0000815	#D57533	chr13
contig-0000816	#808080	chr21
contig-0000817	#808080	chr21
contig-0000818	#009E73	chr3
contig-0000819	#009E73	chr3
contig-0000820	#009E73	chr3
contig-0000821	#009E73	chr3
contig-0000822	#009E73	chr3
contig-0000823	#009E73	chr3
contig-0000824	#D55E00	chr6
contig-0000825	#737373	chr14
contig-0000826	#D55E00	chr6
contig-0000827	#D55E00	chr6
contig-0000828	#D55E00	chr6
contig-0000829	#D55E00	chr6
contig-0000830	#D55E00	chr6
contig-0000831	#D55E00	chr6
contig-0000832	#D55E00	chr6
contig-0000833	#56B4E9	chr2
contig-0000834	#56B4E9	chr2
contig-0000835	#56B4E9	chr2
contig-0000836	#737373	chr14
contig-0000837	#D58C66	chr20
contig-0000838	#D58C66	chr20
contig-0000839	#D58C66	chr20
contig-0000840	#D58C66	chr20
contig-0000841	#CC79A7	chr4
contig-0000842	#CC79A7	chr4
contig-0000843	#E6B847	chr15
contig-0000844	#CC79A7	chr4
contig-0000845	#CC79A7	chr4
contig-0000846	#CC79A7	chr4
contig-0000847	#56B4E9	chr2
contig-0000848	#56B4E9	chr2
contig-0000849	#56B4E9	chr2
contig-0000850	#E69F00	chr1
contig-0000851	#E69F00	chr1
contig-0000852	#E69F00	chr1
contig-0000853	#CC79A7	chr4
contig-0000854	#00A880	chr10
contig-0000855	#CC79A7	chr4
contig-0000856	#CC79A7	chr4
contig-0000857	#567DE9	chr16
contig-0000858	#567DE9	chr16
contig-0000859	#567DE9	chr16
contig-0000860	#567DE9	chr16
contig-0000861	#CC8DB3	chr11
contig-0000862	#CC8DB3	chr11
contig-0000863	#CC8DB3	chr11
contig-0000864	#CC8DB3	chr11
contig-0000865	#00A880	chr10
contig-0000866	#CC8DB3	chr11
contig-0000867	#567DE9	chr16
contig-0000868	#567DE9	chr16
contig-0000869	#567DE9	chr16
contig-0000870	#567DE9	chr16
contig-0000871	#567DE9	chr16
contig-0000872	#567DE9	chr16
contig-0000873	#567DE9	chr16
contig-0000874	#E6AB23	chr8
contig-0000875	#E6AB23	chr8
contig-0000876	#00A880	chr10
contig-0000877	#E6AB23	chr8
contig-0000878	#5699E9	chr9
contig-0000879	#56B4E9	chr2
contig-0000880	#56B4E9	chr2
contig-0000881	#56B4E9	chr2
contig-0000882	#56B4E9	chr2
contig-0000883	#56B4E9	chr2
contig-0000884	#56B4E9	chr2
contig-0000885	#56B4E9	chr2
contig-0000886	#56B4E9	chr2
contig-0000887	#00A880	chr10
contig-0000888	#E6C47F	chr22
contig-0000889	#E6C47F	chr22
contig-0000890	#E6C47F	chr22
contig-0000891	#E6C47F	chr22
contig-0000892	#E6C47F	chr22
contig-0000893	#CC79A7	chr4
contig-0000894	#CC79A7	chr4
contig-0000895	#CC79A7	chr4
contig-0000896	#0072B2	chr5
contig-0000897	#0072B2	chr5
contig-0000898	#00A880	chr10
contig-0000899	#0072B2	chr5
contig-0000900	#56B4E9	chr2
contig-0000901	#56B4E9	chr2
contig-0000902	#56B4E9	chr2
contig-0000903	#0072B2	chr5
contig-0000904	#0072B2	chr5
contig-0000905	#0072B2	chr5
contig-0000906	#0072B2	chr5
contig-0000907	#CCA0BF	chr18
contig-0000908	#338CC2	chr19
contig-0000909	#E6C47F	chr22
contig-0000910	#E6C47F	chr22
contig-0000911	#E6C47F	chr22
contig-0000912	#E6C47F	chr22
contig-0000913	#E6C47F	chr22
contig-0000914	#737373	chr14
contig-0000915	#737373	chr14
contig-0000916	#737373	chr14
contig-0000917	#338CC2	chr19
contig-0000918	#009E73	chr3
contig-0000919	#009E73	chr3
contig-0000920	#009E73	chr3
contig-0000921	#567DE9	chr16
contig-0000922	#567DE9	chr16
contig-0000923	#567DE9	chr16
contig-0000924	#5699E9	chr9
contig-0000925	#5699E9	chr9
contig-0000926	#5699E9	chr9
contig-0000927	#56B4E9	chr2
contig-0000928	#E6AB23	chr8
contig-0000929	#338CC2	chr19
contig-0000930	#56B4E9	chr2
contig-0000931	#56B4E9	chr2
contig-0000932	#56B4E9	chr2
contig-0000933	#1A7FBA	chr12
contig-0000934	#1A7FBA	chr12
contig-0000935	#1A7FBA	chr12
contig-0000936	#666666	chr7
contig-0000937	#666666	chr7
contig-0000938	#666666	chr7
contig-0000939	#666666	chr7
contig-0000940	#338CC2	chr19
contig-0000941	#666666	chr7
contig-0000942	#56B4E9	chr2
contig-0000943	#56B4E9	chr2
contig-0000944	#56B4E9	chr2
contig-0000945	#009E73	chr3
contig-0000946	#009E73	chr3
contig-0000947	#009E73	chr3
contig-0000948	#009E73	chr3
contig-0000949	#009E73	chr3
contig-0000950	#D58C66	chr20
contig-0000951	#338CC2	chr19
contig-0000952	#D58C66	chr20
contig-0000953	#D58C66	chr20
contig-0000954	#666666	chr7
contig-0000955	#666666	chr7
contig-0000956	#666666	chr7
contig-0000957	#D58C66	chr20
contig-0000958	#D58C66	chr20
contig-0000959	#D58C66	chr20
contig-0000960	#D58C66	chr20
contig-0000961	#D58C66	chr20
contig-0000962	#338CC2	chr19
contig-0000963	#00A880	chr10
contig-0000964	#00A880	chr10
contig-0000965	#00A880	chr10
contig-0000966	#00A880	chr10
contig-0000967	#00A880	chr10
contig-0000968	#00A880	chr10
contig-0000969	#1A7FBA	chr12
contig-0000970	#1A7FBA	chr12
contig-0000971	#1A7FBA	chr12
contig-0000972	#1A7FBA	chr12
contig-0000973	#1A7FBA	chr12
contig-0000974	#1A7FBA	chr12
contig-0000975	#009E73	chr3
contig-0000976	#009E73	chr3
contig-0000977	#009E73	chr3
contig-0000978	#009E73	chr3
contig-0000979	#338CC2	chr19
contig-0000980	#666666	chr7
contig-0000981	#666666	chr7
contig-0000982	#666666	chr7
contig-0000983	#666666	chr7
contig-0000984	#666666	chr7
contig-0000985	#00A880	chr10
contig-0000986	#00A880	chr10
contig-0000987	#00A880	chr10
contig-0000988	#567DE9	chr16
contig-0000989	#567DE9	chr16
contig-0000990	#338CC2	chr19
contig-0000991	#567DE9	chr16
contig-0000992	#567DE9	chr16
contig-0000993	#CC8DB3	chr11
contig-0000994	#D55E00	chr6
contig-0000995	#D55E00	chr6
contig-0000996	#D55E00	chr6
contig-0000997	#0072B2	chr5
contig-0000998	#338CC2	chr19
contig-0000999	#0072B2	chr5
contig-0001000	#0072B2	chr5
contig-0001001	#0072B2	chr5
contig-0001002	#0072B2	chr5
contig-0001003	#00B28C	chr17
contig-0001004	#00B28C	chr17
contig-0001005	#00B28C	chr17
contig-0001006	#00B28C	chr17
contig-0001007	#00B28C	chr17
contig-0001008	#CC79A7	chr4
contig-0001009	#338CC2	chr19
contig-0001010	#CC79A7	chr4
contig-0001011	#E6AB23	chr8
contig-0001012	#E6AB23	chr8
contig-0001013	#E6AB23	chr8
contig-0001014	#E6AB23	chr8
contig-0001015	#E6AB23	chr8
contig-0001016	#D57533	chr13
contig-0001017	#737373	chr14
contig-0001018	#737373	chr14
contig-0001019	#00B28C	chr17
contig-0001020	#737373	chr14
contig-0001021	#737373	chr14
contig-0001022	#737373	chr14
contig-0001023	#CC8DB3	chr11
contig-0001024	#CC8DB3	chr11
contig-0001025	#CC8DB3	chr11
contig-0001026	#CC8DB3	chr11
contig-0001027	#D55E00	chr6
contig-0001028	#D55E00	chr6
contig-0001029	#D55E00	chr6
contig-0001030	#E6AB23	chr8
contig-0001031	#00B28C	chr17
contig-0001032	#5699E9	chr9
contig-0001033	#5699E9	chr9
contig-0001034	#5699E9	chr9
contig-0001035	#E69F00	chr1
contig-0001036	#E69F00	chr1
contig-0001037	#E69F00	chr1
contig-0001038	#E69F00	chr1
contig-0001039	#CC8DB3	chr11
contig-0001040	#00B28C	chr17
contig-0001041	#CC8DB3	chr11
contig-0001042	#CC8DB3	chr11
contig-0001043	#CC8DB3	chr11
contig-0001044	#CC8DB3	chr11
contig-0001045	#CC8DB3	chr11
contig-0001046	#CC8DB3	chr11
contig-0001047	#CC8DB3	chr11
contig-0001048	#CC8DB3	chr11
contig-0001049	#CC8DB3	chr11
contig-0001050	#009E73	chr3
contig-0001051	#00B28C	chr17
contig-0001052	#009E73	chr3
contig-0001053	#009E73	chr3
contig-0001054	#E6AB23	chr8
contig-0001055	#E6AB23	chr8
contig-0001056	#E6AB23	chr8
contig-0001057	#E6AB23	chr8
contig-0001058	#E6AB23	chr8
contig-0001059	#1A7FBA	chr12
contig-0001060	#1A7FBA	chr12
contig-0001061	#1A7FBA	chr12
contig-0001062	#00B28C	chr17
contig-0001063	#1A7FBA	chr12
contig-0001064	#CC79A7	chr4
contig-0001065	#CC79A7	chr4
contig-0001066	#CC79A7	chr4
contig-0001067	#CC8DB3	chr11
contig-0001068	#CC8DB3	chr11
contig-0001069	#CC8DB3	chr11
contig-0001070	#CC8DB3	chr11
contig-0001071	#CC8DB3	chr11
contig-0001072	#00B28C	chr17
contig-0001073	#00B28C	chr17
contig-0001074	#00B28C	chr17
contig-0001075	#00B28C	chr17
contig-0001076	#009E73	chr3
contig-0001077	#009E73	chr3
contig-0001078	#009E73	chr3
contig-0001079	#009E73	chr3
contig-0001080	#E6B847	chr15
contig-0001081	#00B28C	chr17
contig-0001082	#E6B847	chr15
contig-0001083	#E6B847	chr15
contig-0001084	#E6B847	chr15
contig-0001085	#E6B847	chr15
contig-0001086	#E6B847	chr15
contig-0001087	#56B4E9	chr2
contig-0001088	#56B4E9	chr2
contig-0001089	#56B4E9	chr2
contig-0001090	#0072B2	chr5
contig-0001091	#00B28C	chr17
contig-0001092	#0072B2	chr5
contig-0001093	#0072B2	chr5
contig-0001094	#0072B2	chr5
contig-0001095	#0072B2	chr5
contig-0001096	#E69F00	chr1
contig-0001097	#E69F00	chr1
contig-0001098	#E69F00	chr1
contig-0001099	#E69F00	chr1
contig-0001100	#E69F00	chr1
contig-0001101	#E69F00	chr1
contig-0001102	#00B28C	chr17
contig-0001103	#E69F00	chr1
contig-0001104	#E69F00	chr1
contig-0001105	#E69F00	chr1
contig-0001106	#E69F00	chr1
contig-0001107	#338CC2	chr19
contig-0001108	#338CC2	chr19
contig-0001109	#338CC2	chr19
contig-0001110	#338CC2	chr19
contig-0001111	#338CC2	chr19
contig-0001112	#00B28C	chr17
contig-0001113	#CC8DB3	chr11
contig-0001114	#00B28C	chr17
contig-0001115	#00B28C	chr17
contig-0001116	#00B28C	chr17
contig-0001117	#00B28C	chr17
contig-0001118	#CC79A7	chr4
contig-0001119	#CC79A7	chr4
contig-0001120	#CC79A7	chr4
contig-0001121	#338CC2	chr19
contig-0001122	#CC8DB3	chr11
contig-0001123	#338CC2	chr19
contig-0001124	#338CC2	chr19
contig-0001125	#338CC2	chr19
contig-0001126	#CC79A7	chr4
contig-0001127	#CC79A7	chr4
contig-0001128	#5699E9	chr9
contig-0001129	#5699E9	chr9
contig-0001130	#5699E9	chr9
contig-0001131	#808080	chr21
contig-0001132	#E6AB23	chr8
contig-0001133	#CC8DB3	chr11
contig-0001134	#808080	chr21
contig-0001135	#808080	chr21
contig-0001136	#009E73	chr3
contig-0001137	#D55E00	chr6
contig-0001138	#E69F00	chr1
contig-0001139	#E69F00	chr1
contig-0001140	#E69F00	chr1
contig-0001141	#E69F00	chr1
contig-0001142	#E69F00	chr1
contig-0001143	#E69F00	chr1
contig-0001144	#CC8DB3	chr11
contig-0001145	#009E73	chr3
contig-0001146	#009E73	chr3
contig-0001147	#009E73	chr3
contig-0001148	#E6AB23	chr8
contig-0001149	#E6AB23	chr8
contig-0001150	#E6AB23	chr8
contig-0001151	#00B28C	chr17
contig-0001152	#CC8DB3	chr11
contig-0001153	#CC8DB3	chr11
contig-0001154	#CC8DB3	chr11
contig-0001155	#CC8DB3	chr11
contig-0001156	#567DE9	chr16
contig-0001157	#666666	chr7
contig-0001158	#666666	chr7
contig-0001159	#666666	chr7
contig-0001160	#1A7FBA	chr12
contig-0001161	#1A7FBA	chr12
contig-0001162	#D57533	chr13
contig-0001163	#D57533	chr13
contig-0001164	#00B28C	chr17
contig-0001165	#D57533	chr13
contig-0001166	#D57533	chr13
contig-0001167	#CC8DB3	chr11
contig-0001168	#CC8DB3	chr11
contig-0001169	#CC8DB3	chr11
contig-0001170	#737373	chr14
contig-0001171	#56B4E9	chr2
contig-0001172	#56B4E9	chr2
contig-0001173	#56B4E9	chr2
contig-0001174	#56B4E9	chr2
contig-0001175	#56B4E9	chr2
contig-0001176	#56B4E9	chr2
contig-0001177	#56B4E9	chr2
contig-0001178	#56B4E9	chr2
contig-0001179	#567DE9	chr16
contig-0001180	#567DE9	chr16
contig-0001181	#567DE9	chr16
contig-0001182	#567DE9	chr16
contig-0001183	#CC8DB3	chr11
contig-0001184	#CCA0BF	chr18
contig-0001185	#CCA0BF	chr18
contig-0001186	#CCA0BF	chr18
contig-0001187	#CCA0BF	chr18
contig-0001188	#CCA0BF	chr18
contig-0001189	#CCA0BF	chr18
contig-0001190	#5699E9	chr9
contig-0001191	#338CC2	chr19
contig-0001192	#5699E9	chr9
contig-0001193	#5699E9	chr9
contig-0001194	#00A880	chr10
contig-0001195	#00A880	chr10
contig-0001196	#00A880	chr10
contig-0001197	#D57533	chr13
contig-0001198	#D57533	chr13
contig-0001199	#D57533	chr13
contig-0001200	#D57533	chr13
contig-0001201	#D57533	chr13
contig-0001202	#CCA0BF	chr18
contig-0001203	#CCA0BF	chr18
contig-0001204	#CCA0BF	chr18
contig-0001205	#CCA0BF	chr18
contig-0001206	#CCA0BF	chr18
contig-0001207	#E6AB23	chr8
contig-0001208	#E6AB23	chr8
contig-0001209	#E6AB23	chr8
contig-0001210	#E6AB23	chr8
contig-0001211	#E6AB23	chr8
contig-0001212	#00B28C	chr17
contig-0001213	#E6B847	chr15
contig-0001214	#E6B847	chr15
contig-0001215	#E6B847	chr15
contig-0001216	#E6B847	chr15
contig-0001217	#E6B847	chr15
contig-0001218	#338CC2	chr19
contig-0001219	#338CC2	chr19
contig-0001220	#0072B2	chr5
contig-0001221	#CC8DB3	chr11
contig-0001222	#CC8DB3	chr11
contig-0001223	#CC8DB3	chr11
contig-0001224	#CC8DB3	chr11
contig-0001225	#CC8DB3	chr11
contig-0001226	#CC8DB3	chr11
contig-0001227	#CC8DB3	chr11
contig-0001228	#CC8DB3	chr11
contig-0001229	#E69F00	chr1
contig-0001230	#E69F00	chr1
contig-0001231	#E69F00	chr1
contig-0001232	#E69F00	chr1
contig-0001233	#666666	chr7
contig-0001234	#666666	chr7
contig-0001235	#666666	chr7
contig-0001236	#666666	chr7
contig-0001237	#666666	chr7
contig-0001238	#00B28C	chr17
contig-0001239	#00B28C	chr17
contig-0001240	#00B28C	chr17
contig-0001241	#00B28C	chr17
contig-0001242	#00B28C	chr17
contig-0001243	#E69F00	chr1
contig-0001244	#E69F00	chr1
contig-0001245	#E69F00	chr1
contig-0001246	#009E73	chr3
contig-0001247	#009E73	chr3
contig-0001248	#009E73	chr3
contig-0001249	#009E73	chr3
contig-0001250	#00B28C	chr17
contig-0001251	#009E73	chr3
contig-0001252	#009E73	chr3
contig-0001253	#808080	chr21
contig-0001254	#808080	chr21
contig-0001255	#808080	chr21
contig-0001256	#1A7FBA	chr12
contig-0001257	#1A7FBA	chr12
contig-0001258	#1A7FBA	chr12
contig-0001259	#1A7FBA	chr12
contig-0001260	#1A7FBA	chr12
contig-0001261	#00B28C	chr17
contig-0001262	#666666	chr7
contig-0001263	#666666	chr7
contig-0001264	#00B28C	chr17
contig-0001265	#00B28C	chr17
contig-0001266	#00B28C	chr17
contig-0001267	#00B28C	chr17
contig-0001268	#0072B2	chr5
contig-0001269	#0072B2	chr5
contig-0001270	#0072B2	chr5
contig-0001271	#00B28C	chr17
contig-0001272	#0072B2	chr5
contig-0001273	#0072B2	chr5
contig-0001274	#0072B2	chr5
contig-0001275	#E6B847	chr15
contig-0001276	#E6B847	chr15
contig-0001277	#E6B847	chr15
contig-0001278	#00A880	chr10
contig-0001279	#00A880	chr10
contig-0001280	#00A880	chr10
contig-0001281	#E69F00	chr1
contig-0001282	#00B28C	chr17
contig-0001283	#E69F00	chr1
contig-0001284	#E69F00	chr1
contig-0001285	#E69F00	chr1
contig-0001286	#E69F00	chr1
contig-0001287	#D55E00	chr6
contig-0001288	#D55E00	chr6
contig-0001289	#D55E00	chr6
contig-0001290	#D55E00	chr6
contig-0001291	#D55E00	chr6
contig-0001292	#CCA0BF	chr18
contig-0001293	#00B28C	chr17
contig-0001294	#CCA0BF	chr18
contig-0001295	#CCA0BF	chr18
contig-0001296	#00B28C	chr17
contig-0001297	#00B28C	chr17
contig-0001298	#00B28C	chr17
contig-0001299	#567DE9	chr16
contig-0001300	#567DE9	chr16
contig-0001301	#567DE9	chr16
contig-0001302	#567DE9	chr16
contig-0001303	#CC79A7	chr4
contig-0001304	#00B28C	chr17
contig-0001305	#CC79A7	chr4
contig-0001306	#CC79A7	chr4
contig-0001307	#CC79A7	chr4
contig-0001308	#CC79A7	chr4
contig-0001309	#00A880	chr10
contig-0001310	#5699E9	chr9
contig-0001311	#5699E9	chr9
contig-0001312	#5699E9	chr9
contig-0001313	#5699E9	chr9
contig-0001314	#5699E9	chr9
contig-0001315	#737373	chr14
contig-0001316	#E69F00	chr1
contig-0001317	#00B28C	chr17
contig-0001318	#00B28C	chr17
contig-0001319	#00B28C	chr17
contig-0001320	#E6AB23	chr8
contig-0001321	#E6AB23	chr8
contig-0001322	#E6AB23	chr8
contig-0001323	#E6AB23	chr8
contig-0001324	#737373	chr14
contig-0001325	#E6AB23	chr8
contig-0001326	#E6AB23	chr8
contig-0001327	#E6AB23	chr8
contig-0001328	#E6AB23	chr8
contig-0001329	#E6AB23	chr8
contig-0001330	#E6AB23	chr8
contig-0001331	#CC79A7	chr4
contig-0001332	#CC79A7	chr4
contig-0001333	#CC79A7	chr4
contig-0001334	#737373	chr14
contig-0001335	#E69F00	chr1
contig-0001336	#E69F00	chr1
contig-0001337	#E69F00	chr1
contig-0001338	#666666	chr7
contig-0001339	#666666	chr7
contig-0001340	#666666	chr7
contig-0001341	#666666	chr7
contig-0001342	#666666	chr7
contig-0001343	#808080	chr21
contig-0001344	#808080	chr21
contig-0001345	#808080	chr21
contig-0001346	#808080	chr21
contig-0001347	#666666	chr7
contig-0001348	#666666	chr7
contig-0001349	#666666	chr7
contig-0001350	#666666	chr7
contig-0001351	#E69F00	chr1
contig-0001352	#E69F00	chr1
contig-0001353	#E69F00	chr1
contig-0001354	#E69F00	chr1
contig-0001355	#E69F00	chr1
contig-0001356	#338CC2	chr19
contig-0001357	#338CC2	chr19
contig-0001358	#338CC2	chr19
contig-0001359	#5699E9	chr9
contig-0001360	#5699E9	chr9
contig-0001361	#5699E9	chr9
contig-0001362	#E69F00	chr1
contig-0001363	#E69F00	chr1
contig-0001364	#E6C47F	chr22
contig-0001365	#E69F00	chr1
contig-0001366	#0072B2	chr5
contig-0001367	#0072B2	chr5
contig-0001368	#0072B2	chr5
contig-0001369	#0072B2	chr5
contig-0001370	#CC79A7	chr4
contig-0001371	#CC79A7	chr4
contig-0001372	#CC79A7	chr4
contig-0001373	#CC79A7	chr4
contig-0001374	#CC79A7	chr4
contig-0001375	#808080	chr21
contig-0001376	#00B28C	chr17
contig-0001377	#5699E9	chr9
contig-0001378	#5699E9	chr9
contig-0001379	#5699E9	chr9
contig-0001380	#5699E9	chr9
contig-0001381	#5699E9	chr9
contig-0001382	#567DE9	chr16
contig-0001383	#567DE9	chr16
contig-0001384	#567DE9	chr16
contig-0001385	#567DE9	chr16
contig-0001386	#808080	chr21
contig-0001387	#E6AB23	chr8
contig-0001388	#00B28C	chr17
contig-0001389	#00B28C	chr17
contig-0001390	#00B28C	chr17
contig-0001391	#009E73	chr3
contig-0001392	#009E73	chr3
contig-0001393	#E69F00	chr1
contig-0001394	#E69F00	chr1
contig-0001395	#E69F00	chr1
contig-0001396	#D55E00	chr6
contig-0001397	#808080	chr21
contig-0001398	#D55E00	chr6
contig-0001399	#D55E00	chr6
contig-0001400	#D55E00	chr6
contig-0001401	#00A880	chr10
contig-0001402	#737373	chr14
contig-0001403	#737373	chr14
contig-0001404	#737373	chr14
contig-0001405	#E6C47F	chr22
contig-0001406	#00B28C	chr17
contig-0001407	#00B28C	chr17
contig-0001408	#00B28C	chr17
contig-0001409	#00B28C	chr17
contig-0001410	#00B28C	chr17
contig-0001411	#00B28C	chr17
contig-0001412	#00B28C	chr17
contig-0001413	#CC79A7	chr4
contig-0001414	#CC79A7	chr4
contig-0001415	#CC79A7	chr4
contig-0001416	#E6C47F	chr22
contig-0001417	#009E73	chr3
contig-0001418	#009E73	chr3
contig-0001419	#009E73	chr3
contig-0001420	#5699E9	chr9
contig-0001421	#5699E9	chr9
contig-0001422	#5699E9	chr9
contig-0001423	#737373	chr14
contig-0001424	#737373	chr14
contig-0001425	#737373	chr14
contig-0001426	#808080	chr21
contig-0001427	#737373	chr14
contig-0001428	#D58C66	chr20
contig-0001429	#D58C66	chr20
contig-0001430	#D58C66	chr20
contig-0001431	#E6AB23	chr8
contig-0001432	#E6AB23	chr8
contig-0001433	#E6AB23	chr8
contig-0001434	#E6AB23	chr8
contig-0001435	#E6AB23	chr8
contig-0001436	#0072B2	chr5
contig-0001437	#D55E00	chr6
contig-0001438	#808080	chr21
contig-0001439	#0072B2	chr5
contig-0001440	#0072B2	chr5
contig-0001441	#0072B2	chr5
contig-0001442	#0072B2	chr5
contig-0001443	#CC79A7	chr4
contig-0001444	#CC79A7	chr4
contig-0001445	#CC79A7	chr4
contig-0001446	#CC79A7	chr4
contig-0001447	#CC79A7	chr4
contig-0001448	#1A7FBA	chr12
contig-0001449	#1A7FBA	chr12
contig-0001450	#1A7FBA	chr12
contig-0001451	#1A7FBA	chr12
contig-0001452	#1A7FBA	chr12
contig-0001453	#E69F00	chr1
contig-0001454	#E69F00	chr1
contig-0001455	#E69F00	chr1
contig-0001456	#0072B2	chr5
contig-0001457	#0072B2	chr5
contig-0001458	#0072B2	chr5
contig-0001459	#808080	chr21
contig-0001460	#0072B2	chr5
contig-0001461	#E69F00	chr1
contig-0001462	#CC8DB3	chr11
contig-0001463	#CC8DB3	chr11
contig-0001464	#CC8DB3	chr11
contig-0001465	#CC8DB3	chr11
contig-0001466	#D57533	chr13
contig-0001467	#D57533	chr13
contig-0001468	#E6C47F	chr22
contig-0001469	#D57533	chr13
contig-0001470	#E6AB23	chr8
contig-0001471	#E6AB23	chr8
contig-0001472	#E6AB23	chr8
contig-0001473	#E6AB23	chr8
contig-0001474	#E6AB23	chr8
contig-0001475	#E6AB23	chr8
contig-0001476	#E6AB23	chr8
contig-0001477	#00A880	chr10
contig-0001478	#808080	chr21
contig-0001479	#00A880	chr10
contig-0001480	#00A880	chr10
contig-0001481	#00A880	chr10
contig-0001482	#00A880	chr10
contig-0001483	#CCA0BF	chr18
contig-0001484	#CCA0BF	chr18
contig-0001485	#CCA0BF	chr18
contig-0001486	#D58C66	chr20
contig-0001487	#E6C47F	chr22
contig-0001488	#D58C66	chr20
contig-0001489	#D58C66	chr20
contig-0001490	#D58C66	chr20
contig-0001491	#D58C66	chr20
contig-0001492	#737373	chr14
contig-0001493	#737373	chr14
contig-0001494	#737373	chr14
contig-0001495	#737373	chr14
contig-0001496	#737373	chr14
contig-0001497	#737373	chr14
contig-0001498	#808080	chr21
contig-0001499	#00A880	chr10
contig-0001500	#00A880	chr10
contig-0001501	#00A880	chr10
contig-0001502	#00A880	chr10
contig-0001503	#00A880	chr10
contig-0001504	#0072B2	chr5
contig-0001505	#0072B2	chr5
contig-0001506	#0072B2	chr5
contig-0001507	#E6B847	chr15
contig-0001508	#808080	chr21
contig-0001509	#0072B2	chr5
contig-0001510	#0072B2	chr5
contig-0001511	#0072B2	chr5
contig-0001512	#0072B2	chr5
contig-0001513	#0072B2	chr5
contig-0001514	#D57533	chr13
contig-0001515	#D57533	chr13
contig-0001516	#D57533	chr13
contig-0001517	#D57533	chr13
contig-0001518	#808080	chr21
contig-0001519	#D57533	chr13
contig-0001520	#0072B2	chr5
contig-0001521	#0072B2	chr5
contig-0001522	#CC8DB3	chr11
contig-0001523	#CC8DB3	chr11
contig-0001524	#D57533	chr13
contig-0001525	#D57533	chr13
contig-0001526	#D57533	chr13
contig-0001527	#808080	chr21
contig-0001528	#E6C47F	chr22
contig-0001529	#808080	chr21
contig-0001530	#808080	chr21
contig-0001531	#808080	chr21
contig-0001532	#808080	chr21
contig-0001533	#737373	chr14
contig-0001534	#737373	chr14
contig-0001535	#737373	chr14
contig-0001536	#009E73	chr3
contig-0001537	#009E73	chr3
contig-0001538	#009E73	chr3
contig-0001539	#D55E00	chr6
contig-0001540	#E6C47F	chr22
contig-0001541	#0072B2	chr5
contig-0001542	#0072B2	chr5
contig-0001543	#0072B2	chr5
contig-0001544	#0072B2	chr5
contig-0001545	#0072B2	chr5
contig-0001546	#56B4E9	chr2
contig-0001547	#56B4E9	chr2
contig-0001548	#56B4E9	chr2
contig-0001549	#D57533	chr13
contig-0001550	#808080	chr21
contig-0001551	#D57533	chr13
contig-0001552	#D57533	chr13
contig-0001553	#D57533	chr13
contig-0001554	#D57533	chr13
contig-0001555	#56B4E9	chr2
contig-0001556	#56B4E9	chr2
contig-0001557	#56B4E9	chr2
contig-0001558	#56B4E9	chr2
contig-0001559	#56B4E9	chr2
contig-0001560	#00B28C	chr17
contig-0001561	#E6C47F	chr22
contig-0001562	#00B28C	chr17
contig-0001563	#00B28C	chr17
contig-0001564	#00B28C	chr17
contig-0001565	#00B28C	chr17
contig-0001566	#00B28C	chr17
contig-0001567	#00B28C	chr17
contig-0001568	#00B28C	chr17
contig-0001569	#00B28C	chr17
contig-0001570	#00B28C	chr17
contig-0001571	#CC8DB3	chr11
contig-0001572	#E6C47F	chr22
contig-0001573	#CC8DB3	chr11
contig-0001574	#CC8DB3	chr11
contig-0001575	#E69F00	chr1
contig-0001576	#E69F00	chr1
contig-0001577	#E69F00	chr1
contig-0001578	#E69F00	chr1
contig-0001579	#56B4E9	chr2
contig-0001580	#56B4E9	chr2
contig-0001581	#808080	chr21
contig-0001582	#56B4E9	chr2
contig-0001583	#56B4E9	chr2
contig-0001584	#56B4E9	chr2
contig-0001585	#D58C66	chr20
contig-0001586	#D58C66	chr20
contig-0001587	#D58C66	chr20
contig-0001588	#D58C66	chr20
contig-0001589	#D58C66	chr20
contig-0001590	#737373	chr14
contig-0001591	#737373	chr14
contig-0001592	#00B28C	chr17
contig-0001593	#737373	chr14
contig-0001594	#737373	chr14
contig-0001595	#737373	chr14
contig-0001596	#1A7FBA	chr12
contig-0001597	#1A7FBA	chr12
contig-0001598	#1A7FBA	chr12
contig-0001599	#1A7FBA	chr12
contig-0001600	#1A7FBA	chr12
contig-0001601	#E69F00	chr1
contig-0001602	#5699E9	chr9
contig-0001603	#5699E9	chr9
contig-0001604	#5699E9	chr9
contig-0001605	#CCA0BF	chr18
contig-0001606	#CCA0BF	chr18
contig-0001607	#CCA0BF	chr18
contig-0001608	#CCA0BF	chr18
contig-0001609	#CCA0BF	chr18
contig-0001610	#00B28C	chr17
contig-0001611	#00B28C	chr17
contig-0001612	#00B28C	chr17
contig-0001613	#00B28C	chr17
contig-0001614	#E6C47F	chr22
contig-0001615	#E6C47F	chr22
contig-0001616	#E6C47F	chr22
contig-0001617	#E6C47F	chr22
contig-0001618	#E6C47F	chr22
contig-0001619	#E6AB23	chr8
contig-0001620	#E6AB23	chr8
contig-0001621	#E6AB23	chr8
contig-0001622	#E6AB23	chr8
contig-0001623	#E6AB23	chr8
contig-0001624	#CC8DB3	chr11
contig-0001625	#CC8DB3	chr11
contig-0001626	#CC8DB3	chr11
contig-0001627	#CC8DB3	chr11
contig-0001628	#CC8DB3	chr11
contig-0001629	#CC8DB3	chr11
contig-0001630	#E69F00	chr1
contig-0001631	#E69F00	chr1
contig-0001632	#E69F00	chr1
contig-0001633	#00B28C	chr17
contig-0001634	#CC8DB3	chr11
contig-0001635	#1A7FBA	chr12
contig-0001636	#1A7FBA	chr12
contig-0001637	#1A7FBA	chr12
contig-0001638	#1A7FBA	chr12
contig-0001639	#1A7FBA	chr12
contig-0001640	#E69F00	chr1
contig-0001641	#E69F00	chr1
contig-0001642	#E69F00	chr1
contig-0001643	#E69F00	chr1
contig-0001644	#D55E00	chr6
contig-0001645	#E69F00	chr1
contig-0001646	#567DE9	chr16
contig-0001647	#567DE9	chr16
contig-0001648	#567DE9	chr16
contig-0001649	#567DE9	chr16
contig-0001650	#567DE9	chr16
contig-0001651	#567DE9	chr16
contig-0001652	#567DE9	chr16
contig-0001653	#D55E00	chr6
contig-0001654	#D55E00	chr6
contig-0001655	#D55E00	chr6
contig-0001656	#666666	chr7
contig-0001657	#666666	chr7
contig-0001658	#666666	chr7
contig-0001659	#00A880	chr10
contig-0001660	#00A880	chr10
contig-0001661	#00A880	chr10
contig-0001662	#00A880	chr10
contig-0001663	#00A880	chr10
contig-0001664	#00B28C	chr17
contig-0001665	#00B28C	chr17
contig-0001666	#00B28C	chr17
contig-0001667	#00B28C	chr17
contig-0001668	#00B28C	chr17
contig-0001669	#D55E00	chr6
contig-0001670	#D55E00	chr6
contig-0001671	#D55E00	chr6
contig-0001672	#E69F00	chr1
contig-0001673	#CC8DB3	chr11
contig-0001674	#CC8DB3	chr11
contig-0001675	#CC8DB3	chr11
contig-0001676	#567DE9	chr16
contig-0001677	#567DE9	chr16
contig-0001678	#567DE9	chr16
contig-0001679	#567DE9	chr16
contig-0001680	#567DE9	chr16
contig-0001681	#CCA0BF	chr18
contig-0001682	#CCA0BF	chr18
contig-0001683	#CCA0BF	chr18
contig-0001684	#CCA0BF	chr18
contig-0001685	#CCA0BF	chr18
contig-0001686	#E6AB23	chr8
contig-0001687	#E6AB23	chr8
contig-0001688	#E6AB23	chr8
contig-0001689	#00B28C	chr17
contig-0001690	#00B28C	chr17
contig-0001691	#00B28C	chr17
contig-0001692	#1A7FBA	chr12
contig-0001693	#E6C47F	chr22
contig-0001694	#1A7FBA	chr12
contig-0001695	#00B28C	chr17
contig-0001696	#56B4E9	chr2
contig-0001697	#1A7FBA	chr12
contig-0001698	#D55E00	chr6
contig-0001699	#D55E00	chr6
contig-0001700	#D55E00	chr6
contig-0001701	#0072B2	chr5
contig-0001702	#E6C47F	chr22
contig-0001703	#0072B2	chr5
contig-0001704	#0072B2	chr5
contig-0001705	#0072B2	chr5
contig-0001706	#0072B2	chr5
contig-0001707	#0072B2	chr5
contig-0001708	#0072B2	chr5
contig-0001709	#0072B2	chr5
contig-0001710	#E6B847	chr15
contig-0001711	#E6B847	chr15
contig-0001712	#E6B847	chr15
contig-0001713	#E6C47F	chr22
contig-0001714	#E6B847	chr15
contig-0001715	#E6B847	chr15
contig-0001716	#CC79A7	chr4
contig-0001717	#CC79A7	chr4
contig-0001718	#CC79A7	chr4
contig-0001719	#338CC2	chr19
contig-0001720	#338CC2	chr19
contig-0001721	#338CC2	chr19
contig-0001722	#338CC2	chr19
contig-0001723	#009E73	chr3
contig-0001724	#009E73	chr3
contig-0001725	#009E73	chr3
contig-0001726	#009E73	chr3
contig-0001727	#009E73	chr3
contig-0001728	#009E73	chr3
contig-0001729	#009E73	chr3
contig-0001730	#009E73	chr3
contig-0001731	#D57533	chr13
contig-0001732	#009E73	chr3
contig-0001733	#009E73	chr3
contig-0001734	#009E73	chr3
contig-0001735	#009E73	chr3
contig-0001736	#D55E00	chr6
contig-0001737	#D55E00	chr6
contig-0001738	#D55E00	chr6
contig-0001739	#E6AB23	chr8
contig-0001740	#E6AB23	chr8
contig-0001741	#E6AB23	chr8
contig-0001742	#D55E00	chr6
contig-0001743	#E6C47F	chr22
contig-0001744	#666666	chr7
contig-0001745	#666666	chr7
contig-0001746	#666666	chr7
contig-0001747	#CC8DB3	chr11
contig-0001748	#CC8DB3	chr11
contig-0001749	#CC8DB3	chr11
contig-0001750	#CC8DB3	chr11
contig-0001751	#CC8DB3	chr11
contig-0001752	#D57533	chr13
contig-0001753	#CC8DB3	chr11
contig-0001754	#CC8DB3	chr11
contig-0001755	#CC8DB3	chr11
contig-0001756	#D55E00	chr6
contig-0001757	#D55E00	chr6
contig-0001758	#D55E00	chr6
contig-0001759	#00B28C	chr17
contig-0001760	#00B28C	chr17
contig-0001761	#00B28C	chr17
contig-0001762	#CC8DB3	chr11
contig-0001763	#E6C47F	chr22
contig-0001764	#CC8DB3	chr11
contig-0001765	#CC8DB3	chr11
contig-0001766	#CC8DB3	chr11
contig-0001767	#CC79A7	chr4
contig-0001768	#666666	chr7
contig-0001769	#666666	chr7
contig-0001770	#666666	chr7
contig-0001771	#CC79A7	chr4
contig-0001772	#D55E00	chr6
contig-0001773	#D55E00	chr6
contig-0001774	#D55E00	chr6
contig-0001775	#CC79A7	chr4
contig-0001776	#CC79A7	chr4
contig-0001777	#CC79A7	chr4
contig-0001778	#E69F00	chr1
contig-0001779	#E69F00	chr1
contig-0001780	#E69F00	chr1
contig-0001781	#D55E00	chr6
contig-0001782	#CC79A7	chr4
contig-0001783	#D55E00	chr6
contig-0001784	#D55E00	chr6
contig-0001785	#D55E00	chr6
contig-0001786	#D55E00	chr6
contig-0001787	#56B4E9	chr2
contig-0001788	#56B4E9	chr2
contig-0001789	#56B4E9	chr2
contig-0001790	#56B4E9	chr2
contig-0001791	#56B4E9	chr2
contig-0001792	#009E73	chr3
contig-0001793	#CC79A7	chr4
contig-0001794	#009E73	chr3
contig-0001795	#009E73	chr3
contig-0001796	#666666	chr7
contig-0001797	#666666	chr7
contig-0001798	#56B4E9	chr2
contig-0001799	#56B4E9	chr2
contig-0001800	#666666	chr7
contig-0001801	#666666	chr7
contig-0001802	#00A880	chr10
contig-0001803	#CC79A7	chr4
contig-0001804	#00A880	chr10
contig-0001805	#00A880	chr10
contig-0001806	#00A880	chr10
contig-0001807	#1A7FBA	chr12
contig-0001808	#1A7FBA	chr12
contig-0001809	#1A7FBA	chr12
contig-0001810	#1A7FBA	chr12
contig-0001811	#1A7FBA	chr12
contig-0001812	#5699E9	chr9
contig-0001813	#808080	chr21
contig-0001814	#5699E9	chr9
contig-0001815	#5699E9	chr9
contig-0001816	#5699E9	chr9
contig-0001817	#5699E9	chr9
contig-0001818	#5699E9	chr9
contig-0001819	#5699E9	chr9
contig-0001820	#338CC2	chr19
contig-0001821	#338CC2	chr19
contig-0001822	#338CC2	chr19
contig-0001823	#338CC2	chr19
contig-0001824	#56B4E9	chr2
contig-0001825	#56B4E9	chr2
contig-0001826	#56B4E9	chr2
contig-0001827	#CCA0BF	chr18
contig-0001828	#CCA0BF	chr18
contig-0001829	#CCA0BF	chr18
contig-0001830	#00B28C	chr17
contig-0001831	#737373	chr14
contig-0001832	#00B28C	chr17
contig-0001833	#00B28C	chr17
contig-0001834	#CC79A7	chr4
contig-0001835	#CC79A7	chr4
contig-0001836	#CC79A7	chr4
contig-0001837	#009E73	chr3
contig-0001838	#009E73	chr3
contig-0001839	#009E73	chr3
contig-0001840	#D55E00	chr6
contig-0001841	#808080	chr21
contig-0001842	#5699E9	chr9
contig-0001843	#5699E9	chr9
contig-0001844	#5699E9	chr9
contig-0001845	#00B28C	chr17
contig-0001846	#00B28C	chr17
contig-0001847	#00B28C	chr17
contig-0001848	#00B28C	chr17
contig-0001849	#E6C47F	chr22
contig-0001850	#00B28C	chr17
contig-0001851	#00B28C	chr17
contig-0001852	#CC79A7	chr4
contig-0001853	#CC79A7	chr4
contig-0001854	#CC79A7	chr4
contig-0001855	#CC79A7	chr4
contig-0001856	#CC79A7	chr4
contig-0001857	#5699E9	chr9
contig-0001858	#5699E9	chr9
contig-0001859	#5699E9	chr9
contig-0001860	#D55E00	chr6
contig-0001861	#00A880	chr10
contig-0001862	#D57533	chr13
contig-0001863	#D57533	chr13
contig-0001864	#D57533	chr13
contig-0001865	#D57533	chr13
contig-0001866	#D57533	chr13
contig-0001867	#56B4E9	chr2
contig-0001868	#56B4E9	chr2
contig-0001869	#D55E00	chr6
contig-0001870	#56B4E9	chr2
contig-0001871	#D57533	chr13
contig-0001872	#D57533	chr13
contig-0001873	#D57533	chr13
contig-0001874	#D57533	chr13
contig-0001875	#D57533	chr13
contig-0001876	#D57533	chr13
contig-0001877	#56B4E9	chr2
contig-0001878	#56B4E9	chr2
contig-0001879	#56B4E9	chr2
contig-0001880	#E69F00	chr1
contig-0001881	#D58C66	chr20
contig-0001882	#D58C66	chr20
contig-0001883	#D58C66	chr20
contig-0001884	#D58C66	chr20
contig-0001885	#D58C66	chr20
contig-0001886	#E6C47F	chr22
contig-0001887	#E6C47F	chr22
contig-0001888	#E6C47F	chr22
contig-0001889	#009E73	chr3
contig-0001890	#00B28C	chr17
contig-0001891	#009E73	chr3
contig-0001892	#009E73	chr3
contig-0001893	#56B4E9	chr2
contig-0001894	#56B4E9	chr2
contig-0001895	#56B4E9	chr2
contig-0001896	#009E73	chr3
contig-0001897	#009E73	chr3
contig-0001898	#CC79A7	chr4
contig-0001899	#00B28C	chr17
contig-0001900	#CC79A7	chr4
contig-0001901	#56B4E9	chr2
contig-0001902	#56B4E9	chr2
contig-0001903	#56B4E9	chr2
contig-0001904	#56B4E9	chr2
contig-0001905	#56B4E9	chr2
contig-0001906	#666666	chr7
contig-0001907	#666666	chr7
contig-0001908	#666666	chr7
contig-0001909	#00B28C	chr17
contig-0001910	#666666	chr7
contig-0001911	#666666	chr7
contig-0001912	#666666	chr7
contig-0001913	#666666	chr7
contig-0001914	#D57533	chr13
contig-0001915	#737373	chr14
contig-0001916	#D58C66	chr20
contig-0001917	#D58C66	chr20
contig-0001918	#00B28C	chr17
contig-0001919	#D58C66	chr20
contig-0001920	#56B4E9	chr2
contig-0001921	#56B4E9	chr2
contig-0001922	#56B4E9	chr2
contig-0001923	#56B4E9	chr2
contig-0001924	#56B4E9	chr2
contig-0001925	#CC8DB3	chr11
contig-0001926	#CC8DB3	chr11
contig-0001927	#CC8DB3	chr11
contig-0001928	#CC8DB3	chr11
contig-0001929	#00B28C	chr17
contig-0001930	#CC8DB3	chr11
contig-0001931	#CC8DB3	chr11
contig-0001932	#CC8DB3	chr11
contig-0001933	#E69F00	chr1
contig-0001934	#E69F00	chr1
contig-0001935	#E69F00	chr1
contig-0001936	#E69F00	chr1
contig-0001937	#56B4E9	chr2
contig-0001938	#56B4E9	chr2
contig-0001939	#56B4E9	chr2
contig-0001940	#D55E00	chr6
contig-0001941	#56B4E9	chr2
contig-0001942	#D55E00	chr6
contig-0001943	#D55E00	chr6
contig-0001944	#D55E00	chr6
contig-0001945	#1A7FBA	chr12
contig-0001946	#1A7FBA	chr12
contig-0001947	#1A7FBA	chr12
contig-0001948	#1A7FBA	chr12
contig-0001949	#1A7FBA	chr12
contig-0001950	#5699E9	chr9
contig-0001951	#00B28C	chr17
contig-0001952	#5699E9	chr9
contig-0001953	#5699E9	chr9
contig-0001954	#56B4E9	chr2
contig-0001955	#56B4E9	chr2
contig-0001956	#56B4E9	chr2
contig-0001957	#56B4E9	chr2
contig-0001958	#56B4E9	chr2
contig-0001959	#CCA0BF	chr18
contig-0001960	#CCA0BF	chr18
contig-0001961	#009E73	chr3
contig-0001962	#56B4E9	chr2
contig-0001963	#56B4E9	chr2
contig-0001964	#56B4E9	chr2
contig-0001965	#E6B847	chr15
contig-0001966	#E6B847	chr15
contig-0001967	#E6B847	chr15
contig-0001968	#E6B847	chr15
contig-0001969	#E6B847	chr15
contig-0001970	#D55E00	chr6
contig-0001971	#D55E00	chr6
contig-0001972	#009E73	chr3
contig-0001973	#D55E00	chr6
contig-0001974	#D55E00	chr6
contig-0001975	#D55E00	chr6
contig-0001976	#D55E00	chr6
contig-0001977	#D55E00	chr6
contig-0001978	#D55E00	chr6
contig-0001979	#E69F00	chr1
contig-0001980	#E69F00	chr1
contig-0001981	#E69F00	chr1
contig-0001982	#009E73	chr3
contig-0001983	#E69F00	chr1
contig-0001984	#00B28C	chr17
contig-0001985	#00B28C	chr17
contig-0001986	#00B28C	chr17
contig-0001987	#009E73	chr3
contig-0001988	#009E73	chr3
contig-0001989	#009E73	chr3
contig-0001990	#5699E9	chr9
contig-0001991	#009E73	chr3
contig-0001992	#D55E00	chr6
contig-0001993	#D55E00	chr6
contig-0001994	#D55E00	chr6
contig-0001995	#0072B2	chr5
contig-0001996	#0072B2	chr5
contig-0001997	#0072B2	chr5
contig-0001998	#0072B2	chr5
contig-0001999	#0072B2	chr5
contig-0002000	#E69F00	chr1
contig-0002001	#E69F00	chr1
contig-0002002	#E69F00	chr1
contig-0002003	#666666	chr7
contig-0002004	#666666	chr7
contig-0002005	#666666	chr7
contig-0002006	#666666	chr7
contig-0002007	#CC79A7	chr4
contig-0002008	#CC79A7	chr4
contig-0002009	#CC79A7	chr4
contig-0002010	#56B4E9	chr2
contig-0002011	#009E73	chr3
contig-0002012	#56B4E9	chr2
contig-0002013	#56B4E9	chr2
contig-0002014	#737373	chr14
contig-0002015	#737373	chr14
contig-0002016	#737373	chr14
contig-0002017	#CC79A7	chr4
contig-0002018	#CC79A7	chr4
contig-0002019	#CC79A7	chr4
contig-0002020	#E6B847	chr15
contig-0002021	#CC79A7	chr4
contig-0002022	#CC79A7	chr4
contig-0002023	#009E73	chr3
contig-0002024	#009E73	chr3
contig-0002025	#009E73	chr3
contig-0002026	#009E73	chr3
contig-0002027	#5699E9	chr9
contig-0002028	#E6C47F	chr22
contig-0002029	#5699E9	chr9
contig-0002030	#5699E9	chr9
contig-0002031	#CC79A7	chr4
contig-0002032	#CC79A7	chr4
contig-0002033	#CC79A7	chr4
contig-0002034	#CC79A7	chr4
contig-0002035	#CC79A7	chr4
contig-0002036	#737373	chr14
contig-0002037	#737373	chr14
contig-0002038	#737373	chr14
contig-0002039	#D55E00	chr6
contig-0002040	#E6C47F	chr22
contig-0002041	#737373	chr14
contig-0002042	#737373	chr14
contig-0002043	#D58C66	chr20
contig-0002044	#009E73	chr3
contig-0002045	#009E73	chr3
contig-0002046	#009E73	chr3
contig-0002047	#009E73	chr3
contig-0002048	#009E73	chr3
contig-0002049	#E6C47F	chr22
contig-0002050	#009E73	chr3
contig-0002051	#009E73	chr3
contig-0002052	#E69F00	chr1
contig-0002053	#E69F00	chr1
contig-0002054	#E69F00	chr1
contig-0002055	#E69F00	chr1
contig-0002056	#E69F00	chr1
contig-0002057	#E69F00	chr1
contig-0002058	#E69F00	chr1
contig-0002059	#E69F00	chr1
contig-0002060	#E69F00	chr1
contig-0002061	#0072B2	chr5
contig-0002062	#0072B2	chr5
contig-0002063	#0072B2	chr5
contig-0002064	#0072B2	chr5
contig-0002065	#0072B2	chr5
contig-0002066	#E69F00	chr1
contig-0002067	#D57533	chr13
contig-0002068	#666666	chr7
contig-0002069	#666666	chr7
contig-0002070	#666666	chr7
contig-0002071	#D55E00	chr6
contig-0002072	#D55E00	chr6
contig-0002073	#D55E00	chr6
contig-0002074	#CC8DB3	chr11
contig-0002075	#CC8DB3	chr11
contig-0002076	#CC8DB3	chr11
contig-0002077	#CC8DB3	chr11
contig-0002078	#E6B847	chr15
contig-0002079	#E6B847	chr15
contig-0002080	#E6B847	chr15
contig-0002081	#E6B847	chr15
contig-0002082	#E6B847	chr15
contig-0002083	#E6AB23	chr8
contig-0002084	#E6AB23	chr8
contig-0002085	#E6AB23	chr8
contig-0002086	#D55E00	chr6
contig-0002087	#E6AB23	chr8
contig-0002088	#E6C47F	chr22
contig-0002089	#E6AB23	chr8
contig-0002090	#E6AB23	chr8
contig-0002091	#009E73	chr3
contig-0002092	#567DE9	chr16
contig-0002093	#567DE9	chr16
contig-0002094	#0072B2	chr5
contig-0002095	#0072B2	chr5
contig-0002096	#0072B2	chr5
contig-0002097	#0072B2	chr5
contig-0002098	#E6B847	chr15
contig-0002099	#E6B847	chr15
contig-0002100	#E6B847	chr15
contig-0002101	#E6B847	chr15
contig-0002102	#E6B847	chr15
contig-0002103	#D55E00	chr6
contig-0002104	#D55E00	chr6
contig-0002105	#D55E00	chr6
contig-0002106	#E6C47F	chr22
contig-0002107	#56B4E9	chr2
contig-0002108	#56B4E9	chr2
contig-0002109	#56B4E9	chr2
contig-0002110	#737373	chr14
contig-0002111	#737373	chr14
contig-0002112	#737373	chr14
contig-0002113	#737373	chr14
contig-0002114	#737373	chr14
contig-0002115	#737373	chr14
contig-0002116	#737373	chr14
contig-0002117	#D57533	chr13
contig-0002118	#0072B2	chr5
contig-0002119	#567DE9	chr16
contig-0002120	#567DE9	chr16
contig-0002121	#567DE9	chr16
contig-0002122	#567DE9	chr16
contig-0002123	#567DE9	chr16
contig-0002124	#D55E00	chr6
contig-0002125	#CCA0BF	chr18
contig-0002126	#CCA0BF	chr18
contig-0002127	#E6C47F	chr22
contig-0002128	#CCA0BF	chr18
contig-0002129	#0072B2	chr5
contig-0002130	#0072B2	chr5
contig-0002131	#56B4E9	chr2
contig-0002132	#56B4E9	chr2
contig-0002133	#56B4E9	chr2
contig-0002134	#56B4E9	chr2
contig-0002135	#56B4E9	chr2
contig-0002136	#56B4E9	chr2
contig-0002137	#D55E00	chr6
contig-0002138	#E6C47F	chr22
contig-0002139	#56B4E9	chr2
contig-0002140	#56B4E9	chr2
contig-0002141	#009E73	chr3
contig-0002142	#009E73	chr3
contig-0002143	#009E73	chr3
contig-0002144	#0072B2	chr5
contig-0002145	#0072B2	chr5
contig-0002146	#0072B2	chr5
contig-0002147	#567DE9	chr16
contig-0002148	#E6C47F	chr22
contig-0002149	#567DE9	chr16
contig-0002150	#567DE9	chr16
contig-0002151	#567DE9	chr16
contig-0002152	#567DE9	chr16
contig-0002153	#00B28C	chr17
contig-0002154	#00B28C	chr17
contig-0002155	#00B28C	chr17
contig-0002156	#00B28C	chr17
contig-0002157	#666666	chr7
contig-0002158	#666666	chr7
contig-0002159	#E6C47F	chr22
contig-0002160	#666666	chr7
contig-0002161	#0072B2	chr5
contig-0002162	#0072B2	chr5
contig-0002163	#0072B2	chr5
contig-0002164	#0072B2	chr5
contig-0002165	#0072B2	chr5
contig-0002166	#56B4E9	chr2
contig-0002167	#56B4E9	chr2
contig-0002168	#56B4E9	chr2
contig-0002169	#56B4E9	chr2
contig-0002170	#56B4E9	chr2
contig-0002171	#1A7FBA	chr12
contig-0002172	#1A7FBA	chr12
contig-0002173	#1A7FBA	chr12
contig-0002174	#1A7FBA	chr12
contig-0002175	#1A7FBA	chr12
contig-0002176	#00A880	chr10
contig-0002177	#00A880	chr10
contig-0002178	#E6C47F	chr22
contig-0002179	#00A880	chr10
contig-0002180	#0072B2	chr5
contig-0002181	#CC79A7	chr4
contig-0002182	#CC79A7	chr4
contig-0002183	#CC79A7	chr4
contig-0002184	#CC79A7	chr4
contig-0002185	#CC8DB3	chr11
contig-0002186	#CC8DB3	chr11
contig-0002187	#CC8DB3	chr11
contig-0002188	#CC8DB3	chr11
contig-0002189	#D57533	chr13
contig-0002190	#E6B847	chr15
contig-0002191	#E6B847	chr15
contig-0002192	#E6B847	chr15
contig-0002193	#D57533	chr13
contig-0002194	#009E73	chr3
contig-0002195	#009E73	chr3
contig-0002196	#009E73	chr3
contig-0002197	#009E73	chr3
contig-0002198	#D55E00	chr6
contig-0002199	#009E73	chr3
contig-0002200	#00B28C	chr17
contig-0002201	#00B28C	chr17
contig-0002202	#00B28C	chr17
contig-0002203	#D58C66	chr20
contig-0002204	#D58C66	chr20
contig-0002205	#D58C66	chr20
contig-0002206	#D58C66	chr20
contig-0002207	#D58C66	chr20
contig-0002208	#D58C66	chr20
contig-0002209	#D55E00	chr6
contig-0002210	#D58C66	chr20
contig-0002211	#56B4E9	chr2
contig-0002212	#56B4E9	chr2
contig-0002213	#56B4E9	chr2
contig-0002214	#56B4E9	chr2
contig-0002215	#5699E9	chr9
contig-0002216	#5699E9	chr9
contig-0002217	#5699E9	chr9
contig-0002218	#0072B2	chr5
contig-0002219	#0072B2	chr5
contig-0002220	#0072B2	chr5
contig-0002221	#0072B2	chr5
contig-0002222	#0072B2	chr5
contig-0002223	#56B4E9	chr2
contig-0002224	#56B4E9	chr2
contig-0002225	#56B4E9	chr2
contig-0002226	#CCA0BF	chr18
contig-0002227	#CCA0BF	chr18
contig-0002228	#CCA0BF	chr18
contig-0002229	#CCA0BF	chr18
contig-0002230	#E69F00	chr1
contig-0002231	#CCA0BF	chr18
contig-0002232	#56B4E9	chr2
contig-0002233	#666666	chr7
contig-0002234	#666666	chr7
contig-0002235	#666666	chr7
contig-0002236	#CCA0BF	chr18
contig-0002237	#CCA0BF	chr18
contig-0002238	#CCA0BF	chr18
contig-0002239	#5699E9	chr9
contig-0002240	#56B4E9	chr2
contig-0002241	#D55E00	chr6
contig-0002242	#E69F00	chr1
contig-0002243	#56B4E9	chr2
contig-0002244	#56B4E9	chr2
contig-0002245	#00A880	chr10
contig-0002246	#00A880	chr10
contig-0002247	#00A880	chr10
contig-0002248	#56B4E9	chr2
contig-0002249	#56B4E9	chr2
contig-0002250	#56B4E9	chr2
contig-0002251	#56B4E9	chr2
contig-0002252	#E69F00	chr1
contig-0002253	#737373	chr14
contig-0002254	#737373	chr14
contig-0002255	#737373	chr14
contig-0002256	#737373	chr14
contig-0002257	#737373	chr14
contig-0002258	#5699E9	chr9
contig-0002259	#5699E9	chr9
contig-0002260	#5699E9	chr9
contig-0002261	#5699E9	chr9
contig-0002262	#5699E9	chr9
contig-0002263	#E69F00	chr1
contig-0002264	#5699E9	chr9
contig-0002265	#CC79A7	chr4
contig-0002266	#CC79A7	chr4
contig-0002267	#CC79A7	chr4
contig-0002268	#CC79A7	chr4
contig-0002269	#CC79A7	chr4
contig-0002270	#56B4E9	chr2
contig-0002271	#56B4E9	chr2
contig-0002272	#56B4E9	chr2
contig-0002273	#E69F00	chr1
contig-0002274	#56B4E9	chr2
contig-0002275	#00B28C	chr17
contig-0002276	#00B28C	chr17
contig-0002277	#00B28C	chr17
contig-0002278	#737373	chr14
contig-0002279	#737373	chr14
contig-0002280	#737373	chr14
contig-0002281	#737373	chr14
contig-0002282	#737373	chr14
contig-0002283	#5699E9	chr9
contig-0002284	#E69F00	chr1
contig-0002285	#5699E9	chr9
contig-0002286	#5699E9	chr9
contig-0002287	#5699E9	chr9
contig-0002288	#5699E9	chr9
contig-0002289	#5699E9	chr9
contig-0002290	#5699E9	chr9
contig-0002291	#CC8DB3	chr11
contig-0002292	#CC8DB3	chr11
contig-0002293	#CC8DB3	chr11
contig-0002294	#737373	chr14
contig-0002295	#E69F00	chr1
contig-0002296	#737373	chr14
contig-0002297	#737373	chr14
contig-0002298	#737373	chr14
contig-0002299	#737373	chr14
contig-0002300	#737373	chr14
contig-0002301	#CCA0BF	chr18
contig-0002302	#0072B2	chr5
contig-0002303	#0072B2	chr5
contig-0002304	#0072B2	chr5
contig-0002305	#E69F00	chr1
contig-0002306	#737373	chr14
contig-0002307	#567DE9	chr16
contig-0002308	#567DE9	chr16
contig-0002309	#567DE9	chr16
contig-0002310	#D58C66	chr20
contig-0002311	#D58C66	chr20
contig-0002312	#D58C66	chr20
contig-0002313	#D58C66	chr20
contig-0002314	#D58C66	chr20
contig-0002315	#0072B2	chr5
contig-0002316	#D55E00	chr6
contig-0002317	#666666	chr7
contig-0002318	#666666	chr7
contig-0002319	#666666	chr7
contig-0002320	#666666	chr7
contig-0002321	#666666	chr7
contig-0002322	#666666	chr7
contig-0002323	#E69F00	chr1
contig-0002324	#E69F00	chr1
contig-0002325	#E69F00	chr1
contig-0002326	#E6C47F	chr22
contig-0002327	#CC8DB3	chr11
contig-0002328	#CC8DB3	chr11
contig-0002329	#CC8DB3	chr11
contig-0002330	#E6AB23	chr8
contig-0002331	#E6AB23	chr8
contig-0002332	#E6AB23	chr8
contig-0002333	#737373	chr14
contig-0002334	#E6B847	chr15
contig-0002335	#E6B847	chr15
contig-0002336	#E6C47F	chr22
contig-0002337	#E6B847	chr15
contig-0002338	#E69F00	chr1
contig-0002339	#E69F00	chr1
contig-0002340	#E69F00	chr1
contig-0002341	#E69F00	chr1
contig-0002342	#E69F00	chr1
contig-0002343	#E69F00	chr1
contig-0002344	#E69F00	chr1
contig-0002345	#E69F00	chr1
contig-0002346	#E69F00	chr1
contig-0002347	#D55E00	chr6
contig-0002348	#666666	chr7
contig-0002349	#666666	chr7
contig-0002350	#666666	chr7
contig-0002351	#666666	chr7
contig-0002352	#666666	chr7
contig-0002353	#009E73	chr3
contig-0002354	#009E73	chr3
contig-0002355	#009E73	chr3
contig-0002356	#009E73	chr3
contig-0002357	#009E73	chr3
contig-0002358	#567DE9	chr16
contig-0002359	#567DE9	chr16
contig-0002360	#567DE9	chr16
contig-0002361	#1A7FBA	chr12
contig-0002362	#1A7FBA	chr12
contig-0002363	#1A7FBA	chr12
contig-0002364	#CC79A7	chr4
contig-0002365	#E6B847	chr15
contig-0002366	#E6B847	chr15
contig-0002367	#E6B847	chr15
contig-0002368	#E6B847	chr15
contig-0002369	#E6B847	chr15
contig-0002370	#009E73	chr3
contig-0002371	#009E73	chr3
contig-0002372	#009E73	chr3
contig-0002373	#009E73	chr3
contig-0002374	#009E73	chr3
contig-0002375	#0072B2	chr5
contig-0002376	#E6C47F	chr22
contig-0002377	#0072B2	chr5
contig-0002378	#0072B2	chr5
contig-0002379	#0072B2	chr5
contig-0002380	#1A7FBA	chr12
contig-0002381	#E6B847	chr15
contig-0002382	#E6B847	chr15
contig-0002383	#E6B847	chr15
contig-0002384	#E6B847	chr15
contig-0002385	#E6B847	chr15
contig-0002386	#E6B847	chr15
contig-0002387	#D57533	chr13
contig-0002388	#CC8DB3	chr11
contig-0002389	#0072B2	chr5
contig-0002390	#0072B2	chr5
contig-0002391	#0072B2	chr5
contig-0002392	#0072B2	chr5
contig-0002393	#0072B2	chr5
contig-0002394	#0072B2	chr5
contig-0002395	#56B4E9	chr2
contig-0002396	#56B4E9	chr2
contig-0002397	#E6C47F	chr22
contig-0002398	#56B4E9	chr2
contig-0002399	#56B4E9	chr2
contig-0002400	#56B4E9	chr2
contig-0002401	#D58C66	chr20
contig-0002402	#D58C66	chr20
contig-0002403	#D58C66	chr20
contig-0002404	#338CC2	chr19
contig-0002405	#338CC2	chr19
contig-0002406	#338CC2	chr19
contig-0002407	#D55E00	chr6
contig-0002408	#D55E00	chr6
contig-0002409	#D55E00	chr6
contig-0002410	#D55E00	chr6
contig-0002411	#D55E00	chr6
contig-0002412	#D55E00	chr6
contig-0002413	#D55E00	chr6
contig-0002414	#D55E00	chr6
contig-0002415	#D55E00	chr6
contig-0002416	#338CC2	chr19
contig-0002417	#009E73	chr3
contig-0002418	#D57533	chr13
contig-0002419	#009E73	chr3
contig-0002420	#009E73	chr3
contig-0002421	#009E73	chr3
contig-0002422	#009E73	chr3
contig-0002423	#CCA0BF	chr18
contig-0002424	#CCA0BF	chr18
contig-0002425	#CCA0BF	chr18
contig-0002426	#CCA0BF	chr18
contig-0002427	#CCA0BF	chr18
contig-0002428	#0072B2	chr5
contig-0002429	#808080	chr21
contig-0002430	#0072B2	chr5
contig-0002431	#00A880	chr10
contig-0002432	#00A880	chr10
contig-0002433	#0072B2	chr5
contig-0002434	#56B4E9	chr2
contig-0002435	#56B4E9	chr2
contig-0002436	#56B4E9	chr2
contig-0002437	#00A880	chr10
contig-0002438	#E6C47F	chr22
contig-0002439	#00A880	chr10
contig-0002440	#00A880	chr10
contig-0002441	#567DE9	chr16
contig-0002442	#56B4E9	chr2
contig-0002443	#56B4E9	chr2
contig-0002444	#56B4E9	chr2
contig-0002445	#CC79A7	chr4
contig-0002446	#CC79A7	chr4
contig-0002447	#CC79A7	chr4
contig-0002448	#CC79A7	chr4
contig-0002449	#CC8DB3	chr11
contig-0002450	#808080	chr21
contig-0002451	#CC79A7	chr4
contig-0002452	#56B4E9	chr2
contig-0002453	#56B4E9	chr2
contig-0002454	#56B4E9	chr2
contig-0002455	#56B4E9	chr2
contig-0002456	#56B4E9	chr2
contig-0002457	#56B4E9	chr2
contig-0002458	#56B4E9	chr2
contig-0002459	#CC79A7	chr4
contig-0002460	#CC79A7	chr4
contig-0002461	#D57533	chr13
contig-0002462	#CC79A7	chr4
contig-0002463	#808080	chr21
contig-0002464	#808080	chr21
contig-0002465	#808080	chr21
contig-0002466	#808080	chr21
contig-0002467	#808080	chr21
contig-0002468	#808080	chr21
contig-0002469	#808080	chr21
contig-0002470	#CC79A7	chr4
contig-0002471	#CC79A7	chr4
contig-0002472	#D57533	chr13
contig-0002473	#CC79A7	chr4
contig-0002474	#009E73	chr3
contig-0002475	#009E73	chr3
contig-0002476	#009E73	chr3
contig-0002477	#CC8DB3	chr11
contig-0002478	#CC8DB3	chr11
contig-0002479	#CC8DB3	chr11
contig-0002480	#CC8DB3	chr11
contig-0002481	#009E73	chr3
contig-0002482	#5699E9	chr9
contig-0002483	#D57533	chr13
contig-0002484	#CC79A7	chr4
contig-0002485	#CC79A7	chr4
contig-0002486	#CC79A7	chr4
contig-0002487	#338CC2	chr19
contig-0002488	#338CC2	chr19
contig-0002489	#338CC2	chr19
contig-0002490	#338CC2	chr19
contig-0002491	#338CC2	chr19
contig-0002492	#CC79A7	chr4
contig-0002493	#CC79A7	chr4
contig-0002494	#E6C47F	chr22
contig-0002495	#CC79A7	chr4
contig-0002496	#338CC2	chr19
contig-0002497	#338CC2	chr19
contig-0002498	#338CC2	chr19
contig-0002499	#1A7FBA	chr12
contig-0002500	#E6B847	chr15
contig-0002501	#E6B847	chr15
contig-0002502	#E6B847	chr15
contig-0002503	#E6B847	chr15
contig-0002504	#E6B847	chr15
contig-0002505	#D57533	chr13
contig-0002506	#009E73	chr3
contig-0002507	#CC8DB3	chr11
contig-0002508	#CC8DB3	chr11
contig-0002509	#CC8DB3	chr11
contig-0002510	#338CC2	chr19
contig-0002511	#CC79A7	chr4
contig-0002512	#CC79A7	chr4
contig-0002513	#00A880	chr10
contig-0002514	#D57533	chr13
contig-0002515	#00A880	chr10
contig-0002516	#00A880	chr10
contig-0002517	#5699E9	chr9
contig-0002518	#5699E9	chr9
contig-0002519	#5699E9	chr9
contig-0002520	#1A7FBA	chr12
contig-0002521	#1A7FBA	chr12
contig-0002522	#1A7FBA	chr12
contig-0002523	#009E73	chr3
contig-0002524	#D57533	chr13
contig-0002525	#D57533	chr13
contig-0002526	#D57533	chr13
contig-0002527	#1A7FBA	chr12
contig-0002528	#1A7FBA	chr12
contig-0002529	#1A7FBA	chr12
contig-0002530	#E6AB23	chr8
contig-0002531	#E6AB23	chr8
contig-0002532	#E6AB23	chr8
contig-0002533	#009E73	chr3
contig-0002534	#E6AB23	chr8
contig-0002535	#9467BD	chrX
contig-0002536	#9467BD	chrX
contig-0002537	#0072B2	chr5
contig-0002538	#D55E00	chr6
contig-0002539	#D55E00	chr6
contig-0002540	#D55E00	chr6
contig-0002541	#56B4E9	chr2
contig-0002542	#56B4E9	chr2
contig-0002543	#56B4E9	chr2
contig-0002544	#009E73	chr3
contig-0002545	#D57533	chr13
contig-0002546	#D57533	chr13
contig-0002547	#D57533	chr13
contig-0002548	#737373	chr14
contig-0002549	#737373	chr14
contig-0002550	#737373	chr14
contig-0002551	#737373	chr14
contig-0002552	#737373	chr14
contig-0002553	#5699E9	chr9
contig-0002554	#5699E9	chr9
contig-0002555	#CC8DB3	chr11
contig-0002556	#009E73	chr3
contig-0002557	#5699E9	chr9
contig-0002558	#CCA0BF	chr18
contig-0002559	#CCA0BF	chr18
contig-0002560	#CCA0BF	chr18
contig-0002561	#D55E00	chr6
contig-0002562	#D55E00	chr6
contig-0002563	#D55E00	chr6
contig-0002564	#D55E00	chr6
contig-0002565	#D55E00	chr6
contig-0002566	#666666	chr7
contig-0002567	#009E73	chr3
contig-0002568	#666666	chr7
contig-0002569	#666666	chr7
contig-0002570	#567DE9	chr16
contig-0002571	#1A7FBA	chr12
contig-0002572	#1A7FBA	chr12
contig-0002573	#1A7FBA	chr12
contig-0002574	#338CC2	chr19
contig-0002575	#338CC2	chr19
contig-0002576	#338CC2	chr19
contig-0002577	#666666	chr7
contig-0002578	#D57533	chr13
contig-0002579	#666666	chr7
contig-0002580	#666666	chr7
contig-0002581	#5699E9	chr9
contig-0002582	#5699E9	chr9
contig-0002583	#5699E9	chr9
contig-0002584	#0072B2	chr5
contig-0002585	#0072B2	chr5
contig-0002586	#0072B2	chr5
contig-0002587	#0072B2	chr5
contig-0002588	#D57533	chr13
contig-0002589	#0072B2	chr5
contig-0002590	#0072B2	chr5
contig-0002591	#0072B2	chr5
contig-0002592	#0072B2	chr5
contig-0002593	#0072B2	chr5
contig-0002594	#CC79A7	chr4
contig-0002595	#567DE9	chr16
contig-0002596	#CC79A7	chr4
contig-0002597	#CC79A7	chr4
contig-0002598	#E69F00	chr1
contig-0002599	#E69F00	chr1
contig-0002600	#E69F00	chr1
contig-0002601	#E69F00	chr1
contig-0002602	#E69F00	chr1
contig-0002603	#E69F00	chr1
contig-0002604	#56B4E9	chr2
contig-0002605	#567DE9	chr16
contig-0002606	#D55E00	chr6
contig-0002607	#D55E00	chr6
contig-0002608	#D55E00	chr6
contig-0002609	#666666	chr7
contig-0002610	#666666	chr7
contig-0002611	#666666	chr7
contig-0002612	#00A880	chr10
contig-0002613	#00A880	chr10
contig-0002614	#00A880	chr10
contig-0002615	#5699E9	chr9
contig-0002616	#567DE9	chr16
contig-0002617	#5699E9	chr9
contig-0002618	#5699E9	chr9
contig-0002619	#0072B2	chr5
contig-0002620	#0072B2	chr5
contig-0002621	#0072B2	chr5
contig-0002622	#56B4E9	chr2
contig-0002623	#E6AB23	chr8
contig-0002624	#E6AB23	chr8
contig-0002625	#E6AB23	chr8
contig-0002626	#567DE9	chr16
contig-0002627	#E6AB23	chr8
contig-0002628	#E6AB23	chr8
contig-0002629	#CC79A7	chr4
contig-0002630	#CC79A7	chr4
contig-0002631	#CC79A7	chr4
contig-0002632	#CC79A7	chr4
contig-0002633	#CC79A7	chr4
contig-0002634	#666666	chr7
contig-0002635	#666666	chr7
contig-0002636	#666666	chr7
contig-0002637	#D57533	chr13
contig-0002638	#E69F00	chr1
contig-0002639	#00A880	chr10
contig-0002640	#CC79A7	chr4
contig-0002641	#CC79A7	chr4
contig-0002642	#CC79A7	chr4
contig-0002643	#00A880	chr10
contig-0002644	#D57533	chr13
contig-0002645	#1A7FBA	chr12
contig-0002646	#1A7FBA	chr12
contig-0002647	#1A7FBA	chr12
contig-0002648	#1A7FBA	chr12
contig-0002649	#E6AB23	chr8
contig-0002650	#E6AB23	chr8
contig-0002651	#E6AB23	chr8
contig-0002652	#E6AB23	chr8
contig-0002653	#E6AB23	chr8
contig-0002654	#CC8DB3	chr11
contig-0002655	#56B4E9	chr2
contig-0002656	#56B4E9	chr2
contig-0002657	#56B4E9	chr2
contig-0002658	#E6AB23	chr8
contig-0002659	#E6AB23	chr8
contig-0002660	#E6AB23	chr8
contig-0002661	#00A880	chr10
contig-0002662	#00A880	chr10
contig-0002663	#00A880	chr10
contig-0002664	#CC8DB3	chr11
contig-0002665	#D57533	chr13
contig-0002666	#CC8DB3	chr11
contig-0002667	#E6AB23	chr8
contig-0002668	#E6AB23	chr8
contig-0002669	#E6AB23	chr8
contig-0002670	#0072B2	chr5
contig-0002671	#0072B2	chr5
contig-0002672	#0072B2	chr5
contig-0002673	#0072B2	chr5
contig-0002674	#0072B2	chr5
contig-0002675	#56B4E9	chr2
contig-0002676	#0072B2	chr5
contig-0002677	#0072B2	chr5
contig-0002678	#0072B2	chr5
contig-0002679	#0072B2	chr5
contig-0002680	#338CC2	chr19
contig-0002681	#338CC2	chr19
contig-0002682	#338CC2	chr19
contig-0002683	#338CC2	chr19
contig-0002684	#338CC2	chr19
contig-0002685	#56B4E9	chr2
contig-0002686	#E69F00	chr1
contig-0002687	#E69F00	chr1
contig-0002688	#E69F00	chr1
contig-0002689	#009E73	chr3
contig-0002690	#009E73	chr3
contig-0002691	#009E73	chr3
contig-0002692	#009E73	chr3
contig-0002693	#338CC2	chr19
contig-0002694	#338CC2	chr19
contig-0002695	#56B4E9	chr2
contig-0002696	#338CC2	chr19
contig-0002697	#338CC2	chr19
contig-0002698	#338CC2	chr19
contig-0002699	#567DE9	chr16
contig-0002700	#567DE9	chr16
contig-0002701	#567DE9	chr16
contig-0002702	#0072B2	chr5
contig-0002703	#D57533	chr13
contig-0002704	#56B4E9	chr2
contig-0002705	#D57533	chr13
contig-0002706	#D57533	chr13
contig-0002707	#D57533	chr13
contig-0002708	#D57533	chr13
contig-0002709	#737373	chr14
contig-0002710	#737373	chr14
contig-0002711	#737373	chr14
contig-0002712	#737373	chr14
contig-0002713	#737373	chr14
contig-0002714	#56B4E9	chr2
contig-0002715	#1A7FBA	chr12
contig-0002716	#1A7FBA	chr12
contig-0002717	#1A7FBA	chr12
contig-0002718	#737373	chr14
contig-0002719	#737373	chr14
contig-0002720	#737373	chr14
contig-0002721	#666666	chr7
contig-0002722	#666666	chr7
contig-0002723	#666666	chr7
contig-0002724	#56B4E9	chr2
contig-0002725	#E69F00	chr1
contig-0002726	#E69F00	chr1
contig-0002727	#E69F00	chr1
contig-0002728	#E69F00	chr1
contig-0002729	#E69F00	chr1
contig-0002730	#E69F00	chr1
contig-0002731	#1A7FBA	chr12
contig-0002732	#1A7FBA	chr12
contig-0002733	#1A7FBA	chr12
contig-0002734	#666666	chr7
contig-0002735	#56B4E9	chr2
contig-0002736	#666666	chr7
contig-0002737	#666666	chr7
contig-0002738	#CC79A7	chr4
contig-0002739	#009E73	chr3
contig-0002740	#009E73	chr3
contig-0002741	#009E73	chr3
contig-0002742	#009E73	chr3
contig-0002743	#009E73	chr3
contig-0002744	#009E73	chr3
contig-0002745	#009E73	chr3
contig-0002746	#56B4E9	chr2
contig-0002747	#009E73	chr3
contig-0002748	#5699E9	chr9
contig-0002749	#00B28C	chr17
contig-0002750	#00B28C	chr17
contig-0002751	#E6B847	chr15
contig-0002752	#E6B847	chr15
contig-0002753	#E6B847	chr15
contig-0002754	#E6B847	chr15
contig-0002755	#56B4E9	chr2
contig-0002756	#E6B847	chr15
contig-0002757	#E6B847	chr15
contig-0002758	#E6B847	chr15
contig-0002759	#567DE9	chr16
contig-0002760	#567DE9	chr16
contig-0002761	#567DE9	chr16
contig-0002762	#E6B847	chr15
contig-0002763	#E6B847	chr15
contig-0002764	#009E73	chr3
contig-0002765	#009E73	chr3
contig-0002766	#56B4E9	chr2
contig-0002767	#009E73	chr3
contig-0002768	#567DE9	chr16
contig-0002769	#CC79A7	chr4
contig-0002770	#CC79A7	chr4
contig-0002771	#CC79A7	chr4
contig-0002772	#CC79A7	chr4
contig-0002773	#CC79A7	chr4
contig-0002774	#D55E00	chr6
contig-0002775	#CC8DB3	chr11
contig-0002776	#CC8DB3	chr11
contig-0002777	#CC8DB3	chr11
contig-0002778	#CC8DB3	chr11
contig-0002779	#CC8DB3	chr11
contig-0002780	#737373	chr14
contig-0002781	#737373	chr14
contig-0002782	#737373	chr14
contig-0002783	#737373	chr14
contig-0002784	#CC8DB3	chr11
contig-0002785	#CC8DB3	chr11
contig-0002786	#CC79A7	chr4
contig-0002787	#CC8DB3	chr11
contig-0002788	#CC8DB3	chr11
contig-0002789	#E69F00	chr1
contig-0002790	#E69F00	chr1
contig-0002791	#E69F00	chr1
contig-0002792	#E69F00	chr1
contig-0002793	#E69F00	chr1
contig-0002794	#E69F00	chr1
contig-0002795	#E69F00	chr1
contig-0002796	#666666	chr7
contig-0002797	#CC79A7	chr4
contig-0002798	#666666	chr7
contig-0002799	#666666	chr7
contig-0002800	#666666	chr7
contig-0002801	#666666	chr7
contig-0002802	#E6B847	chr15
contig-0002803	#CC79A7	chr4
contig-0002804	#1A7FBA	chr12
contig-0002805	#1A7FBA	chr12
contig-0002806	#1A7FBA	chr12
contig-0002807	#E6AB23	chr8
contig-0002808	#CC79A7	chr4
contig-0002809	#E6AB23	chr8
contig-0002810	#E6AB23	chr8
contig-0002811	#E6AB23	chr8
contig-0002812	#E6AB23	chr8
contig-0002813	#00A880	chr10
contig-0002814	#56B4E9	chr2
contig-0002815	#56B4E9	chr2
contig-0002816	#56B4E9	chr2
contig-0002817	#56B4E9	chr2
contig-0002818	#56B4E9	chr2
contig-0002819	#00B28C	chr17
contig-0002820	#00B28C	chr17
contig-0002821	#00B28C	chr17
contig-0002822	#00B28C	chr17
contig-0002823	#00B28C	chr17
contig-0002824	#56B4E9	chr2
contig-0002825	#56B4E9	chr2
contig-0002826	#56B4E9	chr2
contig-0002827	#E69F00	chr1
contig-0002828	#E69F00	chr1
contig-0002829	#CC79A7	chr4
contig-0002830	#E69F00	chr1
contig-0002831	#737373	chr14
contig-0002832	#737373	chr14
contig-0002833	#666666	chr7
contig-0002834	#666666	chr7
contig-0002835	#666666	chr7
contig-0002836	#E69F00	chr1
contig-0002837	#E69F00	chr1
contig-0002838	#E69F00	chr1
contig-0002839	#E69F00	chr1
contig-0002840	#E69F00	chr1
contig-0002841	#E69F00	chr1
contig-0002842	#E6B847	chr15
contig-0002843	#E6B847	chr15
contig-0002844	#E6B847	chr15
contig-0002845	#737373	chr14
contig-0002846	#737373	chr14
contig-0002847	#737373	chr14
contig-0002848	#737373	chr14
contig-0002849	#737373	chr14
contig-0002850	#E69F00	chr1
contig-0002851	#737373	chr14
contig-0002852	#737373	chr14
contig-0002853	#737373	chr14
contig-0002854	#737373	chr14
contig-0002855	#737373	chr14
contig-0002856	#0072B2	chr5
contig-0002857	#5699E9	chr9
contig-0002858	#5699E9	chr9
contig-0002859	#5699E9	chr9
contig-0002860	#5699E9	chr9
contig-0002861	#E69F00	chr1
contig-0002862	#5699E9	chr9
contig-0002863	#5699E9	chr9
contig-0002864	#5699E9	chr9
contig-0002865	#0072B2	chr5
contig-0002866	#0072B2	chr5
contig-0002867	#0072B2	chr5
contig-0002868	#0072B2	chr5
contig-0002869	#0072B2	chr5
contig-0002870	#56B4E9	chr2
contig-0002871	#56B4E9	chr2
contig-0002872	#E69F00	chr1
contig-0002873	#56B4E9	chr2
contig-0002874	#1A7FBA	chr12
contig-0002875	#1A7FBA	chr12
contig-0002876	#1A7FBA	chr12
contig-0002877	#1A7FBA	chr12
contig-0002878	#567DE9	chr16
contig-0002879	#567DE9	chr16
contig-0002880	#567DE9	chr16
contig-0002881	#567DE9	chr16
contig-0002882	#E69F00	chr1
contig-0002883	#567DE9	chr16
contig-0002884	#E69F00	chr1
contig-0002885	#E69F00	chr1
contig-0002886	#E69F00	chr1
contig-0002887	#E69F00	chr1
contig-0002888	#E69F00	chr1
contig-0002889	#00B28C	chr17
contig-0002890	#00B28C	chr17
contig-0002891	#00B28C	chr17
contig-0002892	#00B28C	chr17
contig-0002893	#00B28C	chr17
contig-0002894	#567DE9	chr16
contig-0002895	#1A7FBA	chr12
contig-0002896	#1A7FBA	chr12
contig-0002897	#1A7FBA	chr12
contig-0002898	#1A7FBA	chr12
contig-0002899	#E69F00	chr1
contig-0002900	#1A7FBA	chr12
contig-0002901	#1A7FBA	chr12
contig-0002902	#1A7FBA	chr12
contig-0002903	#56B4E9	chr2
contig-0002904	#56B4E9	chr2
contig-0002905	#56B4E9	chr2
contig-0002906	#666666	chr7
contig-0002907	#666666	chr7
contig-0002908	#666666	chr7
contig-0002909	#666666	chr7
contig-0002910	#CC79A7	chr4
contig-0002911	#CC8DB3	chr11
contig-0002912	#CC8DB3	chr11
contig-0002913	#CC8DB3	chr11
contig-0002914	#CC8DB3	chr11
contig-0002915	#CC8DB3	chr11
contig-0002916	#CC8DB3	chr11
contig-0002917	#CC8DB3	chr11
contig-0002918	#00A880	chr10
contig-0002919	#00A880	chr10
contig-0002920	#00A880	chr10
contig-0002921	#D55E00	chr6
contig-0002922	#D55E00	chr6
contig-0002923	#D55E00	chr6
contig-0002924	#E6AB23	chr8
contig-0002925	#E6AB23	chr8
contig-0002926	#E6AB23	chr8
contig-0002927	#E6C47F	chr22
contig-0002928	#E6C47F	chr22
contig-0002929	#737373	chr14
contig-0002930	#E6C47F	chr22
contig-0002931	#567DE9	chr16
contig-0002932	#E6C47F	chr22
contig-0002933	#E6B847	chr15
contig-0002934	#E6B847	chr15
contig-0002935	#E6B847	chr15
contig-0002936	#00B28C	chr17
contig-0002937	#00B28C	chr17
contig-0002938	#00B28C	chr17
contig-0002939	#00B28C	chr17
contig-0002940	#00B28C	chr17
contig-0002941	#567DE9	chr16
contig-0002942	#009E73	chr3
contig-0002943	#009E73	chr3
contig-0002944	#009E73	chr3
contig-0002945	#009E73	chr3
contig-0002946	#009E73	chr3
contig-0002947	#00B28C	chr17
contig-0002948	#00B28C	chr17
contig-0002949	#00B28C	chr17
contig-0002950	#00B28C	chr17
contig-0002951	#00B28C	chr17
contig-0002952	#567DE9	chr16
contig-0002953	#338CC2	chr19
contig-0002954	#00A880	chr10
contig-0002955	#00B28C	chr17
contig-0002956	#E6AB23	chr8
contig-0002957	#E6AB23	chr8
contig-0002958	#E6AB23	chr8
contig-0002959	#009E73	chr3
contig-0002960	#009E73	chr3
contig-0002961	#009E73	chr3
contig-0002962	#009E73	chr3
contig-0002963	#737373	chr14
contig-0002964	#567DE9	chr16
contig-0002965	#009E73	chr3
contig-0002966	#CC8DB3	chr11
contig-0002967	#CC8DB3	chr11
contig-0002968	#CC8DB3	chr11
contig-0002969	#0072B2	chr5
contig-0002970	#338CC2	chr19
contig-0002971	#338CC2	chr19
contig-0002972	#338CC2	chr19
contig-0002973	#808080	chr21
contig-0002974	#808080	chr21
contig-0002975	#567DE9	chr16
contig-0002976	#808080	chr21
contig-0002977	#808080	chr21
contig-0002978	#808080	chr21
contig-0002979	#808080	chr21
contig-0002980	#666666	chr7
contig-0002981	#666666	chr7
contig-0002982	#00B28C	chr17
contig-0002983	#00B28C	chr17
contig-0002984	#00B28C	chr17
contig-0002985	#567DE9	chr16
contig-0002986	#00B28C	chr17
contig-0002987	#00B28C	chr17
contig-0002988	#0072B2	chr5
contig-0002989	#567DE9	chr16
contig-0002990	#567DE9	chr16
contig-0002991	#567DE9	chr16
contig-0002992	#567DE9	chr16
contig-0002993	#567DE9	chr16
contig-0002994	#567DE9	chr16
contig-0002995	#567DE9	chr16
contig-0002996	#D57533	chr13
contig-0002997	#D57533	chr13
contig-0002998	#D57533	chr13
contig-0002999	#D57533	chr13
contig-0003000	#D57533	chr13
contig-0003001	#00B28C	chr17
contig-0003002	#00B28C	chr17
contig-0003003	#D58C66	chr20
contig-0003004	#D58C66	chr20
contig-0003005	#D58C66	chr20
contig-0003006	#D58C66	chr20
contig-0003007	#E6AB23	chr8
contig-0003008	#E6AB23	chr8
contig-0003009	#E6AB23	chr8
contig-0003010	#737373	chr14
contig-0003011	#737373	chr14
contig-0003012	#737373	chr14
contig-0003013	#CC8DB3	chr11
contig-0003014	#D58C66	chr20
contig-0003015	#00A880	chr10
contig-0003016	#00A880	chr10
contig-0003017	#00A880	chr10
contig-0003018	#737373	chr14
contig-0003019	#737373	chr14
contig-0003020	#737373	chr14
contig-0003021	#737373	chr14
contig-0003022	#737373	chr14
contig-0003023	#5699E9	chr9
contig-0003024	#5699E9	chr9
contig-0003025	#5699E9	chr9
contig-0003026	#5699E9	chr9
contig-0003027	#5699E9	chr9
contig-0003028	#E6AB23	chr8
contig-0003029	#E6AB23	chr8
contig-0003030	#E6AB23	chr8
contig-0003031	#E6AB23	chr8
contig-0003032	#E69F00	chr1
contig-0003033	#5699E9	chr9
contig-0003034	#E69F00	chr1
contig-0003035	#E69F00	chr1
contig-0003036	#E69F00	chr1
contig-0003037	#E69F00	chr1
contig-0003038	#E69F00	chr1
contig-0003039	#E69F00	chr1
contig-0003040	#E6B847	chr15
contig-0003041	#009E73	chr3
contig-0003042	#009E73	chr3
contig-0003043	#009E73	chr3
contig-0003044	#56B4E9	chr2
contig-0003045	#56B4E9	chr2
contig-0003046	#56B4E9	chr2
contig-0003047	#737373	chr14
contig-0003048	#D55E00	chr6
contig-0003049	#0072B2	chr5
contig-0003050	#0072B2	chr5
contig-0003051	#0072B2	chr5
contig-0003052	#0072B2	chr5
contig-0003053	#0072B2	chr5
contig-0003054	#5699E9	chr9
contig-0003055	#009E73	chr3
contig-0003056	#009E73	chr3
contig-0003057	#009E73	chr3
contig-0003058	#009E73	chr3
contig-0003059	#0072B2	chr5
contig-0003060	#0072B2	chr5
contig-0003061	#E6AB23	chr8
contig-0003062	#E6AB23	chr8
contig-0003063	#E6AB23	chr8
contig-0003064	#D57533	chr13
contig-0003065	#D57533	chr13
contig-0003066	#E6AB23	chr8
contig-0003067	#E6AB23	chr8
contig-0003068	#E69F00	chr1
contig-0003069	#E69F00	chr1
contig-0003070	#E69F00	chr1
contig-0003071	#0072B2	chr5
contig-0003072	#0072B2	chr5
contig-0003073	#0072B2	chr5
contig-0003074	#0072B2	chr5
contig-0003075	#0072B2	chr5
contig-0003076	#D57533	chr13
contig-0003077	#D58C66	chr20
contig-0003078	#D58C66	chr20
contig-0003079	#D58C66	chr20
contig-0003080	#D58C66	chr20
contig-0003081	#666666	chr7
contig-0003082	#666666	chr7
contig-0003083	#E69F00	chr1
contig-0003084	#E69F00	chr1
contig-0003085	#E69F00	chr1
contig-0003086	#D57533	chr13
contig-0003087	#E69F00	chr1
contig-0003088	#E69F00	chr1
contig-0003089	#E69F00	chr1
contig-0003090	#E69F00	chr1
contig-0003091	#E69F00	chr1
contig-0003092	#E69F00	chr1
contig-0003093	#E69F00	chr1
contig-0003094	#00A880	chr10
contig-0003095	#00A880	chr10
contig-0003096	#D57533	chr13
contig-0003097	#00A880	chr10
contig-0003098	#00A880	chr10
contig-0003099	#00A880	chr10
contig-0003100	#E69F00	chr1
contig-0003101	#E69F00	chr1
contig-0003102	#E69F00	chr1
contig-0003103	#56B4E9	chr2
contig-0003104	#56B4E9	chr2
contig-0003105	#56B4E9	chr2
contig-0003106	#E6C47F	chr22
contig-0003107	#D57533	chr13
contig-0003108	#E6C47F	chr22
contig-0003109	#E6C47F	chr22
contig-0003110	#E6C47F	chr22
contig-0003111	#E6C47F	chr22
contig-0003112	#E6C47F	chr22
contig-0003113	#E6C47F	chr22
contig-0003114	#E6C47F	chr22
contig-0003115	#E6C47F	chr22
contig-0003116	#0072B2	chr5
contig-0003117	#0072B2	chr5
contig-0003118	#808080	chr21
contig-0003119	#0072B2	chr5
contig-0003120	#E6AB23	chr8
contig-0003121	#E6AB23	chr8
contig-0003122	#E6AB23	chr8
contig-0003123	#E6AB23	chr8
contig-0003124	#E6AB23	chr8
contig-0003125	#666666	chr7
contig-0003126	#666666	chr7
contig-0003127	#666666	chr7
contig-0003128	#666666	chr7
contig-0003129	#808080	chr21
contig-0003130	#666666	chr7
contig-0003131	#CC79A7	chr4
contig-0003132	#CC79A7	chr4
contig-0003133	#0072B2	chr5
contig-0003134	#CC79A7	chr4
contig-0003135	#CC79A7	chr4
contig-0003136	#CC79A7	chr4
contig-0003137	#E69F00	chr1
contig-0003138	#808080	chr21
contig-0003139	#E69F00	chr1
contig-0003140	#E69F00	chr1
contig-0003141	#56B4E9	chr2
contig-0003142	#56B4E9	chr2
contig-0003143	#D55E00	chr6
contig-0003144	#D55E00	chr6
contig-0003145	#D55E00	chr6
contig-0003146	#D55E00	chr6
contig-0003147	#56B4E9	chr2
contig-0003148	#D55E00	chr6
contig-0003149	#00B28C	chr17
contig-0003150	#00B28C	chr17
contig-0003151	#00B28C	chr17
contig-0003152	#00B28C	chr17
contig-0003153	#00B28C	chr17
contig-0003154	#00B28C	chr17
contig-0003155	#E69F00	chr1
contig-0003156	#56B4E9	chr2
contig-0003157	#E69F00	chr1
contig-0003158	#E6AB23	chr8
contig-0003159	#E6AB23	chr8
contig-0003160	#E6AB23	chr8
contig-0003161	#666666	chr7
contig-0003162	#666666	chr7
contig-0003163	#666666	chr7
contig-0003164	#56B4E9	chr2
contig-0003165	#56B4E9	chr2
contig-0003166	#808080	chr21
contig-0003167	#56B4E9	chr2
contig-0003168	#56B4E9	chr2
contig-0003169	#E69F00	chr1
contig-0003170	#E69F00	chr1
contig-0003171	#E69F00	chr1
contig-0003172	#D55E00	chr6
contig-0003173	#D55E00	chr6
contig-0003174	#D55E00	chr6
contig-0003175	#737373	chr14
contig-0003176	#56B4E9	chr2
contig-0003177	#E6AB23	chr8
contig-0003178	#E6AB23	chr8
contig-0003179	#E6AB23	chr8
contig-0003180	#E6AB23	chr8
contig-0003181	#E6AB23	chr8
contig-0003182	#E69F00	chr1
contig-0003183	#0072B2	chr5
contig-0003184	#0072B2	chr5
contig-0003185	#0072B2	chr5
contig-0003186	#0072B2	chr5
contig-0003187	#56B4E9	chr2
contig-0003188	#0072B2	chr5
contig-0003189	#56B4E9	chr2
contig-0003190	#56B4E9	chr2
contig-0003191	#D58C66	chr20
contig-0003192	#D58C66	chr20
contig-0003193	#D58C66	chr20
contig-0003194	#0072B2	chr5
contig-0003195	#0072B2	chr5
contig-0003196	#0072B2	chr5
contig-0003197	#D57533	chr13
contig-0003198	#CCA0BF	chr18
contig-0003199	#CCA0BF	chr18
contig-0003200	#CCA0BF	chr18
contig-0003201	#CCA0BF	chr18
contig-0003202	#CCA0BF	chr18
contig-0003203	#D55E00	chr6
contig-0003204	#D55E00	chr6
contig-0003205	#D55E00	chr6
contig-0003206	#D55E00	chr6
contig-0003207	#D55E00	chr6
contig-0003208	#D57533	chr13
contig-0003209	#1A7FBA	chr12
contig-0003210	#1A7FBA	chr12
contig-0003211	#1A7FBA	chr12
contig-0003212	#1A7FBA	chr12
contig-0003213	#1A7FBA	chr12
contig-0003214	#338CC2	chr19
contig-0003215	#338CC2	chr19
contig-0003216	#338CC2	chr19
contig-0003217	#338CC2	chr19
contig-0003218	#338CC2	chr19
contig-0003219	#D57533	chr13
contig-0003220	#E69F00	chr1
contig-0003221	#E69F00	chr1
contig-0003222	#E69F00	chr1
contig-0003223	#E69F00	chr1
contig-0003224	#E69F00	chr1
contig-0003225	#E6AB23	chr8
contig-0003226	#E6AB23	chr8
contig-0003227	#E6AB23	chr8
contig-0003228	#E6B847	chr15
contig-0003229	#E6B847	chr15
contig-0003230	#567DE9	chr16
contig-0003231	#666666	chr7
contig-0003232	#666666	chr7
contig-0003233	#666666	chr7
contig-0003234	#00A880	chr10
contig-0003235	#00A880	chr10
contig-0003236	#00A880	chr10
contig-0003237	#1A7FBA	chr12
contig-0003238	#1A7FBA	chr12
contig-0003239	#1A7FBA	chr12
contig-0003240	#1A7FBA	chr12
contig-0003241	#1A7FBA	chr12
contig-0003242	#666666	chr7
contig-0003243	#666666	chr7
contig-0003244	#666666	chr7
contig-0003245	#666666	chr7
contig-0003246	#666666	chr7
contig-0003247	#666666	chr7
contig-0003248	#666666	chr7
contig-0003249	#D57533	chr13
contig-0003250	#567DE9	chr16
contig-0003251	#D57533	chr13
contig-0003252	#D57533	chr13
contig-0003253	#0072B2	chr5
contig-0003254	#0072B2	chr5
contig-0003255	#0072B2	chr5
contig-0003256	#0072B2	chr5
contig-0003257	#E6B847	chr15
contig-0003258	#808080	chr21
contig-0003259	#0072B2	chr5
contig-0003260	#0072B2	chr5
contig-0003261	#0072B2	chr5
contig-0003262	#56B4E9	chr2
contig-0003263	#56B4E9	chr2
contig-0003264	#56B4E9	chr2
contig-0003265	#56B4E9	chr2
contig-0003266	#56B4E9	chr2
contig-0003267	#E69F00	chr1
contig-0003268	#E69F00	chr1
contig-0003269	#808080	chr21
contig-0003270	#808080	chr21
contig-0003271	#E69F00	chr1
contig-0003272	#E69F00	chr1
contig-0003273	#E69F00	chr1
contig-0003274	#0072B2	chr5
contig-0003275	#0072B2	chr5
contig-0003276	#0072B2	chr5
contig-0003277	#0072B2	chr5
contig-0003278	#0072B2	chr5
contig-0003279	#0072B2	chr5
contig-0003280	#808080	chr21
contig-0003281	#009E73	chr3
contig-0003282	#009E73	chr3
contig-0003283	#009E73	chr3
contig-0003284	#00A880	chr10
contig-0003285	#00A880	chr10
contig-0003286	#00A880	chr10
contig-0003287	#E6B847	chr15
contig-0003288	#E6B847	chr15
contig-0003289	#808080	chr21
contig-0003290	#E6B847	chr15
contig-0003291	#E6B847	chr15
contig-0003292	#E69F00	chr1
contig-0003293	#E69F00	chr1
contig-0003294	#E69F00	chr1
contig-0003295	#E69F00	chr1
contig-0003296	#E69F00	chr1
contig-0003297	#E6AB23	chr8
contig-0003298	#E6AB23	chr8
contig-0003299	#E6AB23	chr8
contig-0003300	#808080	chr21
contig-0003301	#5699E9	chr9
contig-0003302	#5699E9	chr9
contig-0003303	#5699E9	chr9
contig-0003304	#5699E9	chr9
contig-0003305	#5699E9	chr9
contig-0003306	#5699E9	chr9
contig-0003307	#5699E9	chr9
contig-0003308	#00B28C	chr17
contig-0003309	#CC79A7	chr4
contig-0003310	#808080	chr21
contig-0003311	#CC79A7	chr4
contig-0003312	#CC79A7	chr4
contig-0003313	#E69F00	chr1
contig-0003314	#E69F00	chr1
contig-0003315	#E69F00	chr1
contig-0003316	#E69F00	chr1
contig-0003317	#0072B2	chr5
contig-0003318	#0072B2	chr5
contig-0003319	#808080	chr21
contig-0003320	#0072B2	chr5
contig-0003321	#56B4E9	chr2
contig-0003322	#56B4E9	chr2
contig-0003323	#56B4E9	chr2
contig-0003324	#E69F00	chr1
contig-0003325	#E69F00	chr1
contig-0003326	#E69F00	chr1
contig-0003327	#E69F00	chr1
contig-0003328	#E69F00	chr1
contig-0003329	#009E73	chr3
contig-0003330	#808080	chr21
contig-0003331	#009E73	chr3
contig-0003332	#0072B2	chr5
contig-0003333	#0072B2	chr5
contig-0003334	#0072B2	chr5
contig-0003335	#56B4E9	chr2
contig-0003336	#56B4E9	chr2
contig-0003337	#56B4E9	chr2
contig-0003338	#5699E9	chr9
contig-0003339	#5699E9	chr9
contig-0003340	#808080	chr21
contig-0003341	#5699E9	chr9
contig-0003342	#5699E9	chr9
contig-0003343	#5699E9	chr9
contig-0003344	#0072B2	chr5
contig-0003345	#737373	chr14
contig-0003346	#737373	chr14
contig-0003347	#737373	chr14
contig-0003348	#737373	chr14
contig-0003349	#737373	chr14
contig-0003350	#D57533	chr13
contig-0003351	#808080	chr21
contig-0003352	#D57533	chr13
contig-0003353	#D57533	chr13
contig-0003354	#666666	chr7
contig-0003355	#666666	chr7
contig-0003356	#666666	chr7
contig-0003357	#D55E00	chr6
contig-0003358	#D55E00	chr6
contig-0003359	#D55E00	chr6
contig-0003360	#D55E00	chr6
contig-0003361	#808080	chr21
contig-0003362	#D55E00	chr6
contig-0003363	#E69F00	chr1
contig-0003364	#E69F00	chr1
contig-0003365	#E69F00	chr1
contig-0003366	#CC79A7	chr4
contig-0003367	#1A7FBA	chr12
contig-0003368	#1A7FBA	chr12
contig-0003369	#1A7FBA	chr12
contig-0003370	#1A7FBA	chr12
contig-0003371	#808080	chr21
contig-0003372	#1A7FBA	chr12
contig-0003373	#E6C47F	chr22
contig-0003374	#E6C47F	chr22
contig-0003375	#E6C47F	chr22
contig-0003376	#E6AB23	chr8
contig-0003377	#E6AB23	chr8
contig-0003378	#E6AB23	chr8
contig-0003379	#E6AB23	chr8
contig-0003380	#E6AB23	chr8
contig-0003381	#E6AB23	chr8
contig-0003382	#56B4E9	chr2
contig-0003383	#CC79A7	chr4
contig-0003384	#CC79A7	chr4
contig-0003385	#CC79A7	chr4
contig-0003386	#CC79A7	chr4
contig-0003387	#CC79A7	chr4
contig-0003388	#E69F00	chr1
contig-0003389	#E69F00	chr1
contig-0003390	#E69F00	chr1
contig-0003391	#CC79A7	chr4
contig-0003392	#56B4E9	chr2
contig-0003393	#CC79A7	chr4
contig-0003394	#56B4E9	chr2
contig-0003395	#56B4E9	chr2
contig-0003396	#56B4E9	chr2
contig-0003397	#56B4E9	chr2
contig-0003398	#56B4E9	chr2
contig-0003399	#00B28C	chr17
contig-0003400	#0072B2	chr5
contig-0003401	#CC79A7	chr4
contig-0003402	#CC79A7	chr4
contig-0003403	#CC79A7	chr4
contig-0003404	#0072B2	chr5
contig-0003405	#0072B2	chr5
contig-0003406	#0072B2	chr5
contig-0003407	#D57533	chr13
contig-0003408	#D57533	chr13
contig-0003409	#D57533	chr13
contig-0003410	#D57533	chr13
contig-0003411	#CC8DB3	chr11
contig-0003412	#CCA0BF	chr18
contig-0003413	#CCA0BF	chr18
contig-0003414	#CCA0BF	chr18
contig-0003415	#CCA0BF	chr18
contig-0003416	#CCA0BF	chr18
contig-0003417	#CCA0BF	chr18
contig-0003418	#1A7FBA	chr12
contig-0003419	#1A7FBA	chr12
contig-0003420	#1A7FBA	chr12
contig-0003421	#808080	chr21
contig-0003422	#1A7FBA	chr12
contig-0003423	#1A7FBA	chr12
contig-0003424	#CC8DB3	chr11
contig-0003425	#CC8DB3	chr11
contig-0003426	#CC8DB3	chr11
contig-0003427	#CC8DB3	chr11
contig-0003428	#CC8DB3	chr11
contig-0003429	#CC8DB3	chr11
contig-0003430	#666666	chr7
contig-0003431	#666666	chr7
contig-0003432	#E6C47F	chr22
contig-0003433	#666666	chr7
contig-0003434	#E6B847	chr15
contig-0003435	#E6B847	chr15
contig-0003436	#E6B847	chr15
contig-0003437	#CC8DB3	chr11
contig-0003438	#CC8DB3	chr11
contig-0003439	#CC8DB3	chr11
contig-0003440	#737373	chr14
contig-0003441	#737373	chr14
contig-0003442	#737373	chr14
contig-0003443	#808080	chr21
contig-0003444	#737373	chr14
contig-0003445	#D55E00	chr6
contig-0003446	#1A7FBA	chr12
contig-0003447	#1A7FBA	chr12
contig-0003448	#0072B2	chr5
contig-0003449	#0072B2	chr5
contig-0003450	#0072B2	chr5
contig-0003451	#0072B2	chr5
contig-0003452	#0072B2	chr5
contig-0003453	#0072B2	chr5
contig-0003454	#808080	chr21
contig-0003455	#56B4E9	chr2
contig-0003456	#56B4E9	chr2
contig-0003457	#56B4E9	chr2
contig-0003458	#567DE9	chr16
contig-0003459	#567DE9	chr16
contig-0003460	#567DE9	chr16
contig-0003461	#567DE9	chr16
contig-0003462	#567DE9	chr16
contig-0003463	#CC79A7	chr4
contig-0003464	#CC79A7	chr4
contig-0003465	#808080	chr21
contig-0003466	#CC79A7	chr4
contig-0003467	#666666	chr7
contig-0003468	#666666	chr7
contig-0003469	#666666	chr7
contig-0003470	#666666	chr7
contig-0003471	#666666	chr7
contig-0003472	#666666	chr7
contig-0003473	#666666	chr7
contig-0003474	#56B4E9	chr2
contig-0003475	#1A7FBA	chr12
contig-0003476	#737373	chr14
contig-0003477	#808080	chr21
contig-0003478	#1A7FBA	chr12
contig-0003479	#1A7FBA	chr12
contig-0003480	#1A7FBA	chr12
contig-0003481	#1A7FBA	chr12
contig-0003482	#009E73	chr3
contig-0003483	#009E73	chr3
contig-0003484	#009E73	chr3
contig-0003485	#009E73	chr3
contig-0003486	#737373	chr14
contig-0003487	#808080	chr21
contig-0003488	#0072B2	chr5
contig-0003489	#CC8DB3	chr11
contig-0003490	#CC8DB3	chr11
contig-0003491	#CC8DB3	chr11
contig-0003492	#D55E00	chr6
contig-0003493	#D55E00	chr6
contig-0003494	#D57533	chr13
contig-0003495	#D55E00	chr6
contig-0003496	#E69F00	chr1
contig-0003497	#E69F00	chr1
contig-0003498	#E69F00	chr1
contig-0003499	#E69F00	chr1
contig-0003500	#E69F00	chr1
contig-0003501	#E69F00	chr1
contig-0003502	#E69F00	chr1
contig-0003503	#E69F00	chr1
contig-0003504	#567DE9	chr16
contig-0003505	#808080	chr21
contig-0003506	#E69F00	chr1
contig-0003507	#CC8DB3	chr11
contig-0003508	#00B28C	chr17
contig-0003509	#00B28C	chr17
contig-0003510	#00B28C	chr17
contig-0003511	#E6AB23	chr8
contig-0003512	#E6AB23	chr8
contig-0003513	#E6C47F	chr22
contig-0003514	#E6AB23	chr8
contig-0003515	#E6AB23	chr8
contig-0003516	#E6AB23	chr8
contig-0003517	#CCA0BF	chr18
contig-0003518	#CCA0BF	chr18
contig-0003519	#E69F00	chr1
contig-0003520	#E69F00	chr1
contig-0003521	#E69F00	chr1
contig-0003522	#D57533	chr13
contig-0003523	#808080	chr21
contig-0003524	#E69F00	chr1
contig-0003525	#E69F00	chr1
contig-0003526	#E69F00	chr1
contig-0003527	#E69F00	chr1
contig-0003528	#E69F00	chr1
contig-0003529	#CC8DB3	chr11
contig-0003530	#CC8DB3	chr11
contig-0003531	#CC8DB3	chr11
contig-0003532	#CC8DB3	chr11
contig-0003533	#CC8DB3	chr11
contig-0003534	#808080	chr21
contig-0003535	#808080	chr21
contig-0003536	#808080	chr21
contig-0003537	#808080	chr21
contig-0003538	#56B4E9	chr2
contig-0003539	#56B4E9	chr2
contig-0003540	#56B4E9	chr2
contig-0003541	#56B4E9	chr2
contig-0003542	#E69F00	chr1
contig-0003543	#E6AB23	chr8
contig-0003544	#56B4E9	chr2
contig-0003545	#E6AB23	chr8
contig-0003546	#E6AB23	chr8
contig-0003547	#D55E00	chr6
contig-0003548	#D55E00	chr6
contig-0003549	#D55E00	chr6
contig-0003550	#00A880	chr10
contig-0003551	#0072B2	chr5
contig-0003552	#0072B2	chr5
contig-0003553	#56B4E9	chr2
contig-0003554	#0072B2	chr5
contig-0003555	#1A7FBA	chr12
contig-0003556	#1A7FBA	chr12
contig-0003557	#1A7FBA	chr12
contig-0003558	#CC79A7	chr4
contig-0003559	#CC79A7	chr4
contig-0003560	#CC79A7	chr4
contig-0003561	#CC79A7	chr4
contig-0003562	#E6B847	chr15
contig-0003563	#00B28C	chr17
contig-0003564	#E6B847	chr15
contig-0003565	#E6B847	chr15
contig-0003566	#5699E9	chr9
contig-0003567	#5699E9	chr9
contig-0003568	#5699E9	chr9
contig-0003569	#5699E9	chr9
contig-0003570	#5699E9	chr9
contig-0003571	#5699E9	chr9
contig-0003572	#5699E9	chr9
contig-0003573	#D58C66	chr20
contig-0003574	#737373	chr14
contig-0003575	#00B28C	chr17
contig-0003576	#D58C66	chr20
contig-0003577	#D58C66	chr20
contig-0003578	#D58C66	chr20
contig-0003579	#D58C66	chr20
contig-0003580	#1A7FBA	chr12
contig-0003581	#D57533	chr13
contig-0003582	#5699E9	chr9
contig-0003583	#5699E9	chr9
contig-0003584	#5699E9	chr9
contig-0003585	#E69F00	chr1
contig-0003586	#00B28C	chr17
contig-0003587	#D57533	chr13
contig-0003588	#D57533	chr13
contig-0003589	#D57533	chr13
contig-0003590	#D57533	chr13
contig-0003591	#CC79A7	chr4
contig-0003592	#009E73	chr3
contig-0003593	#009E73	chr3
contig-0003594	#009E73	chr3
contig-0003595	#00B28C	chr17
contig-0003596	#009E73	chr3
contig-0003597	#CC79A7	chr4
contig-0003598	#CC79A7	chr4
contig-0003599	#CC79A7	chr4
contig-0003600	#CC79A7	chr4
contig-0003601	#737373	chr14
contig-0003602	#737373	chr14
contig-0003603	#737373	chr14
contig-0003604	#00B28C	chr17
contig-0003605	#1A7FBA	chr12
contig-0003606	#1A7FBA	chr12
contig-0003607	#1A7FBA	chr12
contig-0003608	#E6AB23	chr8
contig-0003609	#E6AB23	chr8
contig-0003610	#E6AB23	chr8
contig-0003611	#E6AB23	chr8
contig-0003612	#567DE9	chr16
contig-0003613	#D57533	chr13
contig-0003614	#567DE9	chr16
contig-0003615	#567DE9	chr16
contig-0003616	#1A7FBA	chr12
contig-0003617	#1A7FBA	chr12
contig-0003618	#1A7FBA	chr12
contig-0003619	#56B4E9	chr2
contig-0003620	#56B4E9	chr2
contig-0003621	#56B4E9	chr2
contig-0003622	#0072B2	chr5
contig-0003623	#0072B2	chr5
contig-0003624	#E6C47F	chr22
contig-0003625	#0072B2	chr5
contig-0003626	#0072B2	chr5
contig-0003627	#338CC2	chr19
contig-0003628	#338CC2	chr19
contig-0003629	#338CC2	chr19
contig-0003630	#338CC2	chr19
contig-0003631	#338CC2	chr19
contig-0003632	#CCA0BF	chr18
contig-0003633	#CCA0BF	chr18
contig-0003634	#CCA0BF	chr18
contig-0003635	#737373	chr14
contig-0003636	#CCA0BF	chr18
contig-0003637	#CCA0BF	chr18
contig-0003638	#D57533	chr13
contig-0003639	#E6B847	chr15
contig-0003640	#E6B847	chr15
contig-0003641	#E6B847	chr15
contig-0003642	#D55E00	chr6
contig-0003643	#D55E00	chr6
contig-0003644	#D55E00	chr6
contig-0003645	#D55E00	chr6
contig-0003646	#D55E00	chr6
contig-0003647	#E6AB23	chr8
contig-0003648	#E6AB23	chr8
contig-0003649	#E6AB23	chr8
contig-0003650	#E6AB23	chr8
contig-0003651	#E6AB23	chr8
contig-0003652	#5699E9	chr9
contig-0003653	#5699E9	chr9
contig-0003654	#5699E9	chr9
contig-0003655	#5699E9	chr9
contig-0003656	#737373	chr14
contig-0003657	#8C564B	chrY
contig-0003658	#8C564B	chrY
contig-0003659	#009E73	chr3
contig-0003660	#009E73	chr3
contig-0003661	#009E73	chr3
contig-0003662	#666666	chr7
contig-0003663	#666666	chr7
contig-0003664	#666666	chr7
contig-0003665	#666666	chr7
contig-0003666	#666666	chr7
contig-0003667	#E6B847	chr15
contig-0003668	#666666	chr7
contig-0003669	#666666	chr7
contig-0003670	#1A7FBA	chr12
contig-0003671	#1A7FBA	chr12
contig-0003672	#1A7FBA	chr12
contig-0003673	#737373	chr14
contig-0003674	#737373	chr14
contig-0003675	#737373	chr14
contig-0003676	#737373	chr14
contig-0003677	#808080	chr21
contig-0003678	#E6C47F	chr22
contig-0003679	#56B4E9	chr2
contig-0003680	#56B4E9	chr2
contig-0003681	#56B4E9	chr2
contig-0003682	#56B4E9	chr2
contig-0003683	#56B4E9	chr2
contig-0003684	#E69F00	chr1
contig-0003685	#E69F00	chr1
contig-0003686	#E69F00	chr1
contig-0003687	#E69F00	chr1
contig-0003688	#E69F00	chr1
contig-0003689	#E6C47F	chr22
contig-0003690	#E6B847	chr15
contig-0003691	#E6B847	chr15
contig-0003692	#E6B847	chr15
contig-0003693	#E6B847	chr15
contig-0003694	#E6AB23	chr8
contig-0003695	#E6AB23	chr8
contig-0003696	#E6AB23	chr8
contig-0003697	#009E73	chr3
contig-0003698	#009E73	chr3
contig-0003699	#737373	chr14
contig-0003700	#009E73	chr3
contig-0003701	#737373	chr14
contig-0003702	#737373	chr14
contig-0003703	#737373	chr14
contig-0003704	#737373	chr14
contig-0003705	#737373	chr14
contig-0003706	#737373	chr14
contig-0003707	#E69F00	chr1
contig-0003708	#E69F00	chr1
contig-0003709	#D57533	chr13
contig-0003710	#E69F00	chr1
contig-0003711	#E69F00	chr1
contig-0003712	#D55E00	chr6
contig-0003713	#E69F00	chr1
contig-0003714	#E69F00	chr1
contig-0003715	#E69F00	chr1
contig-0003716	#E69F00	chr1
contig-0003717	#E69F00	chr1
contig-0003718	#D58C66	chr20
contig-0003719	#D58C66	chr20
contig-0003720	#D57533	chr13
contig-0003721	#D58C66	chr20
contig-0003722	#D58C66	chr20
contig-0003723	#D58C66	chr20
contig-0003724	#D58C66	chr20
contig-0003725	#D58C66	chr20
contig-0003726	#D58C66	chr20
contig-0003727	#D58C66	chr20
contig-0003728	#D58C66	chr20
contig-0003729	#E6AB23	chr8
contig-0003730	#E6AB23	chr8
contig-0003731	#E6AB23	chr8
contig-0003732	#E6AB23	chr8
contig-0003733	#00B28C	chr17
contig-0003734	#00B28C	chr17
contig-0003735	#00B28C	chr17
contig-0003736	#00B28C	chr17
contig-0003737	#CC8DB3	chr11
contig-0003738	#CC8DB3	chr11
contig-0003739	#CC8DB3	chr11
contig-0003740	#D57533	chr13
contig-0003741	#CC8DB3	chr11
contig-0003742	#CC8DB3	chr11
contig-0003743	#666666	chr7
contig-0003744	#E69F00	chr1
contig-0003745	#E69F00	chr1
contig-0003746	#E69F00	chr1
contig-0003747	#E69F00	chr1
contig-0003748	#E69F00	chr1
contig-0003749	#1A7FBA	chr12
contig-0003750	#1A7FBA	chr12
contig-0003751	#D57533	chr13
contig-0003752	#1A7FBA	chr12
contig-0003753	#E6AB23	chr8
contig-0003754	#D57533	chr13
contig-0003755	#338CC2	chr19
contig-0003756	#338CC2	chr19
contig-0003757	#338CC2	chr19
contig-0003758	#56B4E9	chr2
contig-0003759	#56B4E9	chr2
contig-0003760	#56B4E9	chr2
contig-0003761	#E69F00	chr1
contig-0003762	#D57533	chr13
contig-0003763	#E69F00	chr1
contig-0003764	#E69F00	chr1
contig-0003765	#E69F00	chr1
contig-0003766	#5699E9	chr9
contig-0003767	#5699E9	chr9
contig-0003768	#666666	chr7
contig-0003769	#5699E9	chr9
contig-0003770	#D57533	chr13
contig-0003771	#5699E9	chr9
contig-0003772	#5699E9	chr9
contig-0003773	#D55E00	chr6
contig-0003774	#666666	chr7
contig-0003775	#666666	chr7
contig-0003776	#666666	chr7
contig-0003777	#666666	chr7
contig-0003778	#666666	chr7
contig-0003779	#737373	chr14
contig-0003780	#D57533	chr13
contig-0003781	#D55E00	chr6
contig-0003782	#D55E00	chr6
contig-0003783	#D55E00	chr6
contig-0003784	#D55E00	chr6
contig-0003785	#0072B2	chr5
contig-0003786	#0072B2	chr5
contig-0003787	#0072B2	chr5
contig-0003788	#0072B2	chr5
contig-0003789	#0072B2	chr5
contig-0003790	#D57533	chr13
contig-0003791	#0072B2	chr5
contig-0003792	#E6AB23	chr8
contig-0003793	#E6AB23	chr8
contig-0003794	#E6AB23	chr8
contig-0003795	#00B28C	chr17
contig-0003796	#00B28C	chr17
contig-0003797	#00B28C	chr17
contig-0003798	#00B28C	chr17
contig-0003799	#00B28C	chr17
contig-0003800	#E6B847	chr15
contig-0003801	#E6B847	chr15
contig-0003802	#E6B847	chr15
contig-0003803	#E6B847	chr15
contig-0003804	#E6B847	chr15
contig-0003805	#00A880	chr10
contig-0003806	#00A880	chr10
contig-0003807	#00A880	chr10
contig-0003808	#009E73	chr3
contig-0003809	#009E73	chr3
contig-0003810	#D57533	chr13
contig-0003811	#009E73	chr3
contig-0003812	#CC79A7	chr4
contig-0003813	#CC79A7	chr4
contig-0003814	#CC79A7	chr4
contig-0003815	#567DE9	chr16
contig-0003816	#D58C66	chr20
contig-0003817	#D58C66	chr20
contig-0003818	#D58C66	chr20
contig-0003819	#D57533	chr13
contig-0003820	#E6C47F	chr22
contig-0003821	#E6C47F	chr22
contig-0003822	#E6C47F	chr22
contig-0003823	#E6B847	chr15
contig-0003824	#E6B847	chr15
contig-0003825	#E6B847	chr15
contig-0003826	#1A7FBA	chr12
contig-0003827	#1A7FBA	chr12
contig-0003828	#1A7FBA	chr12
contig-0003829	#808080	chr21
contig-0003830	#1A7FBA	chr12
contig-0003831	#1A7FBA	chr12
contig-0003832	#00A880	chr10
contig-0003833	#D55E00	chr6
contig-0003834	#D55E00	chr6
contig-0003835	#D55E00	chr6
contig-0003836	#D55E00	chr6
contig-0003837	#D55E00	chr6
contig-0003838	#D55E00	chr6
contig-0003839	#D57533	chr13
contig-0003840	#D55E00	chr6
contig-0003841	#D55E00	chr6
contig-0003842	#1A7FBA	chr12
contig-0003843	#1A7FBA	chr12
contig-0003844	#1A7FBA	chr12
contig-0003845	#1A7FBA	chr12
contig-0003846	#1A7FBA	chr12
contig-0003847	#567DE9	chr16
contig-0003848	#338CC2	chr19
contig-0003849	#808080	chr21
contig-0003850	#338CC2	chr19
contig-0003851	#338CC2	chr19
contig-0003852	#00B28C	chr17
contig-0003853	#00B28C	chr17
contig-0003854	#00B28C	chr17
contig-0003855	#00B28C	chr17
contig-0003856	#5699E9	chr9
contig-0003857	#5699E9	chr9
contig-0003858	#808080	chr21
contig-0003859	#5699E9	chr9
contig-0003860	#CC8DB3	chr11
contig-0003861	#CC8DB3	chr11
contig-0003862	#CC8DB3	chr11
contig-0003863	#009E73	chr3
contig-0003864	#E69F00	chr1
contig-0003865	#CC79A7	chr4
contig-0003866	#CC79A7	chr4
contig-0003867	#CC79A7	chr4
contig-0003868	#CC79A7	chr4
contig-0003869	#808080	chr21
contig-0003870	#CC79A7	chr4
contig-0003871	#1A7FBA	chr12
contig-0003872	#1A7FBA	chr12
contig-0003873	#1A7FBA	chr12
contig-0003874	#56B4E9	chr2
contig-0003875	#56B4E9	chr2
contig-0003876	#56B4E9	chr2
contig-0003877	#56B4E9	chr2
contig-0003878	#56B4E9	chr2
contig-0003879	#666666	chr7
contig-0003880	#E69F00	chr1
contig-0003881	#666666	chr7
contig-0003882	#666666	chr7
contig-0003883	#56B4E9	chr2
contig-0003884	#56B4E9	chr2
contig-0003885	#56B4E9	chr2
contig-0003886	#56B4E9	chr2
contig-0003887	#56B4E9	chr2
contig-0003888	#56B4E9	chr2
contig-0003889	#56B4E9	chr2
contig-0003890	#338CC2	chr19
contig-0003891	#808080	chr21
contig-0003892	#338CC2	chr19
contig-0003893	#338CC2	chr19
contig-0003894	#338CC2	chr19
contig-0003895	#D55E00	chr6
contig-0003896	#E6AB23	chr8
contig-0003897	#E6AB23	chr8
contig-0003898	#E6AB23	chr8
contig-0003899	#E6AB23	chr8
contig-0003900	#CC79A7	chr4
contig-0003901	#808080	chr21
contig-0003902	#CC8DB3	chr11
contig-0003903	#CC8DB3	chr11
contig-0003904	#CC8DB3	chr11
contig-0003905	#CC8DB3	chr11
contig-0003906	#CC8DB3	chr11
contig-0003907	#D55E00	chr6
contig-0003908	#D55E00	chr6
contig-0003909	#D55E00	chr6
contig-0003910	#00B28C	chr17
contig-0003911	#CCA0BF	chr18
contig-0003912	#808080	chr21
contig-0003913	#CCA0BF	chr18
contig-0003914	#CCA0BF	chr18
contig-0003915	#CCA0BF	chr18
contig-0003916	#CCA0BF	chr18
contig-0003917	#D55E00	chr6
contig-0003918	#E69F00	chr1
contig-0003919	#D55E00	chr6
contig-0003920	#56B4E9	chr2
contig-0003921	#56B4E9	chr2
contig-0003922	#E6C47F	chr22
contig-0003923	#56B4E9	chr2
contig-0003924	#56B4E9	chr2
contig-0003925	#0072B2	chr5
contig-0003926	#0072B2	chr5
contig-0003927	#0072B2	chr5
contig-0003928	#0072B2	chr5
contig-0003929	#0072B2	chr5
contig-0003930	#56B4E9	chr2
contig-0003931	#56B4E9	chr2
contig-0003932	#5699E9	chr9
contig-0003933	#808080	chr21
contig-0003934	#0072B2	chr5
contig-0003935	#0072B2	chr5
contig-0003936	#0072B2	chr5
contig-0003937	#0072B2	chr5
contig-0003938	#0072B2	chr5
contig-0003939	#567DE9	chr16
contig-0003940	#567DE9	chr16
contig-0003941	#567DE9	chr16
contig-0003942	#0072B2	chr5
contig-0003943	#5699E9	chr9
contig-0003944	#56B4E9	chr2
contig-0003945	#56B4E9	chr2
contig-0003946	#56B4E9	chr2
contig-0003947	#8C564B	chrY
contig-0003948	#E6B847	chr15
contig-0003949	#E6B847	chr15
contig-0003950	#E6B847	chr15
contig-0003951	#5699E9	chr9
contig-0003952	#00A880	chr10
contig-0003953	#5699E9	chr9
contig-0003954	#5699E9	chr9
contig-0003955	#5699E9	chr9
contig-0003956	#5699E9	chr9
contig-0003957	#56B4E9	chr2
contig-0003958	#009E73	chr3
contig-0003959	#56B4E9	chr2
contig-0003960	#56B4E9	chr2
contig-0003961	#56B4E9	chr2
contig-0003962	#00A880	chr10
contig-0003963	#56B4E9	chr2
contig-0003964	#009E73	chr3
contig-0003965	#CC8DB3	chr11
contig-0003966	#CC8DB3	chr11
contig-0003967	#CC8DB3	chr11
contig-0003968	#009E73	chr3
contig-0003969	#009E73	chr3
contig-0003970	#009E73	chr3
contig-0003971	#009E73	chr3
contig-0003972	#00A880	chr10
contig-0003973	#009E73	chr3
contig-0003974	#009E73	chr3
contig-0003975	#009E73	chr3
contig-0003976	#E69F00	chr1
contig-0003977	#E69F00	chr1
contig-0003978	#E69F00	chr1
contig-0003979	#808080	chr21
contig-0003980	#808080	chr21
contig-0003981	#808080	chr21
contig-0003982	#808080	chr21
contig-0003983	#E69F00	chr1
contig-0003984	#00A880	chr10
contig-0003985	#808080	chr21
contig-0003986	#D58C66	chr20
contig-0003987	#D58C66	chr20
contig-0003988	#D58C66	chr20
contig-0003989	#CC8DB3	chr11
contig-0003990	#E69F00	chr1
contig-0003991	#0072B2	chr5
contig-0003992	#0072B2	chr5
contig-0003993	#0072B2	chr5
contig-0003994	#00B28C	chr17
contig-0003995	#00A880	chr10
contig-0003996	#00B28C	chr17
contig-0003997	#00B28C	chr17
contig-0003998	#00B28C	chr17
contig-0003999	#00B28C	chr17
contig-0004000	#567DE9	chr16
contig-0004001	#567DE9	chr16
contig-0004002	#567DE9	chr16
contig-0004003	#567DE9	chr16
contig-0004004	#5699E9	chr9
contig-0004005	#E6C47F	chr22
contig-0004006	#5699E9	chr9
contig-0004007	#567DE9	chr16
contig-0004008	#56B4E9	chr2
contig-0004009	#56B4E9	chr2
contig-0004010	#56B4E9	chr2
contig-0004011	#D58C66	chr20
contig-0004012	#D58C66	chr20
contig-0004013	#D58C66	chr20
contig-0004014	#808080	chr21
contig-0004015	#D58C66	chr20
contig-0004016	#CC79A7	chr4
contig-0004017	#CC79A7	chr4
contig-0004018	#CC79A7	chr4
contig-0004019	#5699E9	chr9
contig-0004020	#5699E9	chr9
contig-0004021	#5699E9	chr9
contig-0004022	#5699E9	chr9
contig-0004023	#567DE9	chr16
contig-0004024	#808080	chr21
contig-0004025	#009E73	chr3
contig-0004026	#009E73	chr3
contig-0004027	#009E73	chr3
contig-0004028	#009E73	chr3
contig-0004029	#56B4E9	chr2
contig-0004030	#56B4E9	chr2
contig-0004031	#56B4E9	chr2
contig-0004032	#E6B847	chr15
contig-0004033	#E6B847	chr15
contig-0004034	#808080	chr21
contig-0004035	#E6B847	chr15
contig-0004036	#567DE9	chr16
contig-0004037	#D57533	chr13
contig-0004038	#D57533	chr13
contig-0004039	#D57533	chr13
contig-0004040	#666666	chr7
contig-0004041	#666666	chr7
contig-0004042	#666666	chr7
contig-0004043	#666666	chr7
contig-0004044	#666666	chr7
contig-0004045	#808080	chr21
contig-0004046	#E6B847	chr15
contig-0004047	#E6B847	chr15
contig-0004048	#E6B847	chr15
contig-0004049	#E6B847	chr15
contig-0004050	#E6B847	chr15
contig-0004051	#00B28C	chr17
contig-0004052	#00B28C	chr17
contig-0004053	#00B28C	chr17
contig-0004054	#009E73	chr3
contig-0004055	#808080	chr21
contig-0004056	#009E73	chr3
contig-0004057	#009E73	chr3
contig-0004058	#009E73	chr3
contig-0004059	#009E73	chr3
contig-0004060	#567DE9	chr16
contig-0004061	#567DE9	chr16
contig-0004062	#567DE9	chr16
contig-0004063	#567DE9	chr16
contig-0004064	#5699E9	chr9
contig-0004065	#E69F00	chr1
contig-0004066	#E6C47F	chr22
contig-0004067	#00B28C	chr17
contig-0004068	#00B28C	chr17
contig-0004069	#00B28C	chr17
contig-0004070	#009E73	chr3
contig-0004071	#CC79A7	chr4
contig-0004072	#CC79A7	chr4
contig-0004073	#CC79A7	chr4
contig-0004074	#0072B2	chr5
contig-0004075	#0072B2	chr5
contig-0004076	#0072B2	chr5
contig-0004077	#E6C47F	chr22
contig-0004078	#E6B847	chr15
contig-0004079	#E6B847	chr15
contig-0004080	#E6B847	chr15
contig-0004081	#E6B847	chr15
contig-0004082	#E6B847	chr15
contig-0004083	#56B4E9	chr2
contig-0004084	#56B4E9	chr2
contig-0004085	#56B4E9	chr2
contig-0004086	#E6B847	chr15
contig-0004087	#E69F00	chr1
contig-0004088	#E6B847	chr15
contig-0004089	#D57533	chr13
contig-0004090	#D57533	chr13
contig-0004091	#D57533	chr13
contig-0004092	#D57533	chr13
contig-0004093	#D57533	chr13
contig-0004094	#567DE9	chr16
contig-0004095	#567DE9	chr16
contig-0004096	#567DE9	chr16
contig-0004097	#E6C47F	chr22
contig-0004098	#666666	chr7
contig-0004099	#666666	chr7
contig-0004100	#666666	chr7
contig-0004101	#666666	chr7
contig-0004102	#666666	chr7
contig-0004103	#E6C47F	chr22
contig-0004104	#E6C47F	chr22
contig-0004105	#E6C47F	chr22
contig-0004106	#E6C47F	chr22
contig-0004107	#D58C66	chr20
contig-0004108	#D58C66	chr20
contig-0004109	#D58C66	chr20
contig-0004110	#56B4E9	chr2
contig-0004111	#56B4E9	chr2
contig-0004112	#56B4E9	chr2
contig-0004113	#56B4E9	chr2
contig-0004114	#56B4E9	chr2
contig-0004115	#E6C47F	chr22
contig-0004116	#CC79A7	chr4
contig-0004117	#CC79A7	chr4
contig-0004118	#CC79A7	chr4
contig-0004119	#CC79A7	chr4
contig-0004120	#CC79A7	chr4
contig-0004121	#D55E00	chr6
contig-0004122	#D55E00	chr6
contig-0004123	#D55E00	chr6
contig-0004124	#E69F00	chr1
contig-0004125	#E69F00	chr1
contig-0004126	#CC79A7	chr4
contig-0004127	#E69F00	chr1
contig-0004128	#E69F00	chr1
contig-0004129	#009E73	chr3
contig-0004130	#009E73	chr3
contig-0004131	#009E73	chr3
contig-0004132	#009E73	chr3
contig-0004133	#009E73	chr3
contig-0004134	#D58C66	chr20
contig-0004135	#D58C66	chr20
contig-0004136	#D55E00	chr6
contig-0004137	#E69F00	chr1
contig-0004138	#E69F00	chr1
contig-0004139	#E69F00	chr1
contig-0004140	#E69F00	chr1
contig-0004141	#E69F00	chr1
contig-0004142	#CCA0BF	chr18
contig-0004143	#E6AB23	chr8
contig-0004144	#E6AB23	chr8
contig-0004145	#CC79A7	chr4
contig-0004146	#E6AB23	chr8
contig-0004147	#E6AB23	chr8
contig-0004148	#0072B2	chr5
contig-0004149	#0072B2	chr5
contig-0004150	#0072B2	chr5
contig-0004151	#0072B2	chr5
contig-0004152	#0072B2	chr5
contig-0004153	#00A880	chr10
contig-0004154	#00A880	chr10
contig-0004155	#338CC2	chr19
contig-0004156	#009E73	chr3
contig-0004157	#009E73	chr3
contig-0004158	#009E73	chr3
contig-0004159	#00A880	chr10
contig-0004160	#00A880	chr10
contig-0004161	#00A880	chr10
contig-0004162	#00A880	chr10
contig-0004163	#00A880	chr10
contig-0004164	#00A880	chr10
contig-0004165	#338CC2	chr19
contig-0004166	#0072B2	chr5
contig-0004167	#0072B2	chr5
contig-0004168	#0072B2	chr5
contig-0004169	#009E73	chr3
contig-0004170	#009E73	chr3
contig-0004171	#009E73	chr3
contig-0004172	#737373	chr14
contig-0004173	#737373	chr14
contig-0004174	#737373	chr14
contig-0004175	#338CC2	chr19
contig-0004176	#E69F00	chr1
contig-0004177	#E69F00	chr1
contig-0004178	#E69F00	chr1
contig-0004179	#56B4E9	chr2
contig-0004180	#56B4E9	chr2
contig-0004181	#56B4E9	chr2
contig-0004182	#56B4E9	chr2
contig-0004183	#56B4E9	chr2
contig-0004184	#D55E00	chr6
contig-0004185	#D55E00	chr6
contig-0004186	#E69F00	chr1
contig-0004187	#338CC2	chr19
contig-0004188	#D55E00	chr6
contig-0004189	#00A880	chr10
contig-0004190	#00A880	chr10
contig-0004191	#00A880	chr10
contig-0004192	#00A880	chr10
contig-0004193	#00A880	chr10
contig-0004194	#00B28C	chr17
contig-0004195	#00B28C	chr17
contig-0004196	#00B28C	chr17
contig-0004197	#CC79A7	chr4
contig-0004198	#338CC2	chr19
contig-0004199	#CC79A7	chr4
contig-0004200	#CC79A7	chr4
contig-0004201	#5699E9	chr9
contig-0004202	#5699E9	chr9
contig-0004203	#5699E9	chr9
contig-0004204	#5699E9	chr9
contig-0004205	#5699E9	chr9
contig-0004206	#1A7FBA	chr12
contig-0004207	#1A7FBA	chr12
contig-0004208	#1A7FBA	chr12
contig-0004209	#666666	chr7
contig-0004210	#1A7FBA	chr12
contig-0004211	#E6AB23	chr8
contig-0004212	#E6AB23	chr8
contig-0004213	#E6AB23	chr8
contig-0004214	#567DE9	chr16
contig-0004215	#567DE9	chr16
contig-0004216	#567DE9	chr16
contig-0004217	#567DE9	chr16
contig-0004218	#666666	chr7
contig-0004219	#808080	chr21
contig-0004220	#808080	chr21
contig-0004221	#808080	chr21
contig-0004222	#808080	chr21
contig-0004223	#808080	chr21
contig-0004224	#CC79A7	chr4
contig-0004225	#CC79A7	chr4
contig-0004226	#CC79A7	chr4
contig-0004227	#0072B2	chr5
contig-0004228	#0072B2	chr5
contig-0004229	#666666	chr7
contig-0004230	#0072B2	chr5
contig-0004231	#0072B2	chr5
contig-0004232	#0072B2	chr5
contig-0004233	#E6AB23	chr8
contig-0004234	#E6AB23	chr8
contig-0004235	#E6AB23	chr8
contig-0004236	#E6B847	chr15
contig-0004237	#D55E00	chr6
contig-0004238	#D55E00	chr6
contig-0004239	#D55E00	chr6
contig-0004240	#666666	chr7
contig-0004241	#D55E00	chr6
contig-0004242	#00A880	chr10
contig-0004243	#00A880	chr10
contig-0004244	#00A880	chr10
contig-0004245	#00A880	chr10
contig-0004246	#56B4E9	chr2
contig-0004247	#56B4E9	chr2
contig-0004248	#56B4E9	chr2
contig-0004249	#D55E00	chr6
contig-0004250	#666666	chr7
contig-0004251	#D55E00	chr6
contig-0004252	#D55E00	chr6
contig-0004253	#D55E00	chr6
contig-0004254	#E69F00	chr1
contig-0004255	#737373	chr14
contig-0004256	#00A880	chr10
contig-0004257	#E69F00	chr1
contig-0004258	#808080	chr21
contig-0004259	#808080	chr21
contig-0004260	#567DE9	chr16
contig-0004261	#567DE9	chr16
contig-0004262	#567DE9	chr16
contig-0004263	#567DE9	chr16
contig-0004264	#567DE9	chr16
contig-0004265	#1A7FBA	chr12
contig-0004266	#1A7FBA	chr12
contig-0004267	#1A7FBA	chr12
contig-0004268	#1A7FBA	chr12
contig-0004269	#808080	chr21
contig-0004270	#1A7FBA	chr12
contig-0004271	#56B4E9	chr2
contig-0004272	#56B4E9	chr2
contig-0004273	#E6AB23	chr8
contig-0004274	#E6AB23	chr8
contig-0004275	#E6AB23	chr8
contig-0004276	#E6AB23	chr8
contig-0004277	#E6AB23	chr8
contig-0004278	#E69F00	chr1
contig-0004279	#808080	chr21
contig-0004280	#E69F00	chr1
contig-0004281	#E69F00	chr1
contig-0004282	#E69F00	chr1
contig-0004283	#E69F00	chr1
contig-0004284	#56B4E9	chr2
contig-0004285	#0072B2	chr5
contig-0004286	#0072B2	chr5
contig-0004287	#0072B2	chr5
contig-0004288	#E69F00	chr1
contig-0004289	#E69F00	chr1
contig-0004290	#808080	chr21
contig-0004291	#CC8DB3	chr11
contig-0004292	#CC8DB3	chr11
contig-0004293	#CC8DB3	chr11
contig-0004294	#CC8DB3	chr11
contig-0004295	#CC8DB3	chr11
contig-0004296	#E6AB23	chr8
contig-0004297	#E6AB23	chr8
contig-0004298	#E6AB23	chr8
contig-0004299	#0072B2	chr5
contig-0004300	#0072B2	chr5
contig-0004301	#808080	chr21
contig-0004302	#0072B2	chr5
contig-0004303	#D55E00	chr6
contig-0004304	#D55E00	chr6
contig-0004305	#D55E00	chr6
contig-0004306	#D55E00	chr6
contig-0004307	#D55E00	chr6
contig-0004308	#666666	chr7
contig-0004309	#666666	chr7
contig-0004310	#666666	chr7
contig-0004311	#666666	chr7
contig-0004312	#CC8DB3	chr11
contig-0004313	#666666	chr7
contig-0004314	#666666	chr7
contig-0004315	#CC8DB3	chr11
contig-0004316	#D55E00	chr6
contig-0004317	#D55E00	chr6
contig-0004318	#D55E00	chr6
contig-0004319	#D55E00	chr6
contig-0004320	#D55E00	chr6
contig-0004321	#D55E00	chr6
contig-0004322	#D55E00	chr6
contig-0004323	#D55E00	chr6
contig-0004324	#009E73	chr3
contig-0004325	#E69F00	chr1
contig-0004326	#E69F00	chr1
contig-0004327	#E69F00	chr1
contig-0004328	#CC79A7	chr4
contig-0004329	#CC79A7	chr4
contig-0004330	#CC79A7	chr4
contig-0004331	#CC8DB3	chr11
contig-0004332	#CC79A7	chr4
contig-0004333	#CC79A7	chr4
contig-0004334	#CC79A7	chr4
contig-0004335	#CC79A7	chr4
contig-0004336	#E6AB23	chr8
contig-0004337	#5699E9	chr9
contig-0004338	#5699E9	chr9
contig-0004339	#5699E9	chr9
contig-0004340	#5699E9	chr9
contig-0004341	#00B28C	chr17
contig-0004342	#5699E9	chr9
contig-0004343	#5699E9	chr9
contig-0004344	#0072B2	chr5
contig-0004345	#E69F00	chr1
contig-0004346	#E69F00	chr1
contig-0004347	#E69F00	chr1
contig-0004348	#CC79A7	chr4
contig-0004349	#CC79A7	chr4
contig-0004350	#808080	chr21
contig-0004351	#00B28C	chr17
contig-0004352	#808080	chr21
contig-0004353	#808080	chr21
contig-0004354	#00B28C	chr17
contig-0004355	#00A880	chr10
contig-0004356	#00A880	chr10
contig-0004357	#1A7FBA	chr12
contig-0004358	#1A7FBA	chr12
contig-0004359	#1A7FBA	chr12
contig-0004360	#009E73	chr3
contig-0004361	#009E73	chr3
contig-0004362	#009E73	chr3
contig-0004363	#CC79A7	chr4
contig-0004364	#CC79A7	chr4
contig-0004365	#CC79A7	chr4
contig-0004366	#D57533	chr13
contig-0004367	#009E73	chr3
contig-0004368	#009E73	chr3
contig-0004369	#009E73	chr3
contig-0004370	#E69F00	chr1
contig-0004371	#E69F00	chr1
contig-0004372	#00B28C	chr17
contig-0004373	#E69F00	chr1
contig-0004374	#00A880	chr10
contig-0004375	#00A880	chr10
contig-0004376	#00A880	chr10
contig-0004377	#5699E9	chr9
contig-0004378	#5699E9	chr9
contig-0004379	#5699E9	chr9
contig-0004380	#D55E00	chr6
contig-0004381	#0072B2	chr5
contig-0004382	#1A7FBA	chr12
contig-0004383	#00B28C	chr17
contig-0004384	#666666	chr7
contig-0004385	#666666	chr7
contig-0004386	#666666	chr7
contig-0004387	#00A880	chr10
contig-0004388	#00A880	chr10
contig-0004389	#00A880	chr10
contig-0004390	#D55E00	chr6
contig-0004391	#D55E00	chr6
contig-0004392	#E69F00	chr1
contig-0004393	#567DE9	chr16
contig-0004394	#D55E00	chr6
contig-0004395	#CC79A7	chr4
contig-0004396	#CC79A7	chr4
contig-0004397	#CC79A7	chr4
contig-0004398	#009E73	chr3
contig-0004399	#009E73	chr3
contig-0004400	#009E73	chr3
contig-0004401	#009E73	chr3
contig-0004402	#666666	chr7
contig-0004403	#567DE9	chr16
contig-0004404	#666666	chr7
contig-0004405	#666666	chr7
contig-0004406	#808080	chr21
contig-0004407	#808080	chr21
contig-0004408	#808080	chr21
contig-0004409	#666666	chr7
contig-0004410	#666666	chr7
contig-0004411	#666666	chr7
contig-0004412	#D55E00	chr6
contig-0004413	#567DE9	chr16
contig-0004414	#D55E00	chr6
contig-0004415	#56B4E9	chr2
contig-0004416	#56B4E9	chr2
contig-0004417	#56B4E9	chr2
contig-0004418	#1A7FBA	chr12
contig-0004419	#1A7FBA	chr12
contig-0004420	#1A7FBA	chr12
contig-0004421	#D57533	chr13
contig-0004422	#D57533	chr13
contig-0004423	#D57533	chr13
contig-0004424	#338CC2	chr19
contig-0004425	#56B4E9	chr2
contig-0004426	#666666	chr7
contig-0004427	#666666	chr7
contig-0004428	#666666	chr7
contig-0004429	#808080	chr21
contig-0004430	#808080	chr21
contig-0004431	#808080	chr21
contig-0004432	#D55E00	chr6
contig-0004433	#D55E00	chr6
contig-0004434	#D55E00	chr6
contig-0004435	#E6AB23	chr8
contig-0004436	#D55E00	chr6
contig-0004437	#E69F00	chr1
contig-0004438	#E69F00	chr1
contig-0004439	#E69F00	chr1
contig-0004440	#E69F00	chr1
contig-0004441	#E69F00	chr1
contig-0004442	#CC79A7	chr4
contig-0004443	#CC79A7	chr4
contig-0004444	#CC79A7	chr4
contig-0004445	#CC79A7	chr4
contig-0004446	#CC79A7	chr4
contig-0004447	#666666	chr7
contig-0004448	#666666	chr7
contig-0004449	#666666	chr7
contig-0004450	#666666	chr7
contig-0004451	#666666	chr7
contig-0004452	#567DE9	chr16
contig-0004453	#1A7FBA	chr12
contig-0004454	#1A7FBA	chr12
contig-0004455	#1A7FBA	chr12
contig-0004456	#338CC2	chr19
contig-0004457	#338CC2	chr19
contig-0004458	#338CC2	chr19
contig-0004459	#CCA0BF	chr18
contig-0004460	#CCA0BF	chr18
contig-0004461	#CCA0BF	chr18
contig-0004462	#E6AB23	chr8
contig-0004463	#567DE9	chr16
contig-0004464	#E6AB23	chr8
contig-0004465	#E6AB23	chr8
contig-0004466	#5699E9	chr9
contig-0004467	#00B28C	chr17
contig-0004468	#00B28C	chr17
contig-0004469	#00B28C	chr17
contig-0004470	#56B4E9	chr2
contig-0004471	#E6AB23	chr8
contig-0004472	#CC79A7	chr4
contig-0004473	#E6AB23	chr8
contig-0004474	#E6AB23	chr8
contig-0004475	#1A7FBA	chr12
contig-0004476	#1A7FBA	chr12
contig-0004477	#1A7FBA	chr12
contig-0004478	#1A7FBA	chr12
contig-0004479	#00A880	chr10
contig-0004480	#0072B2	chr5
contig-0004481	#0072B2	chr5
contig-0004482	#56B4E9	chr2
contig-0004483	#1A7FBA	chr12
contig-0004484	#1A7FBA	chr12
contig-0004485	#1A7FBA	chr12
contig-0004486	#666666	chr7
contig-0004487	#666666	chr7
contig-0004488	#D58C66	chr20
contig-0004489	#D58C66	chr20
contig-0004490	#D58C66	chr20
contig-0004491	#00B28C	chr17
contig-0004492	#666666	chr7
contig-0004493	#666666	chr7
contig-0004494	#D55E00	chr6
contig-0004495	#1A7FBA	chr12
contig-0004496	#1A7FBA	chr12
contig-0004497	#1A7FBA	chr12
contig-0004498	#1A7FBA	chr12
contig-0004499	#1A7FBA	chr12
contig-0004500	#00B28C	chr17
contig-0004501	#56B4E9	chr2
contig-0004502	#56B4E9	chr2
contig-0004503	#56B4E9	chr2
contig-0004504	#666666	chr7
contig-0004505	#666666	chr7
contig-0004506	#666666	chr7
contig-0004507	#666666	chr7
contig-0004508	#666666	chr7
contig-0004509	#567DE9	chr16
contig-0004510	#00B28C	chr17
contig-0004511	#00B28C	chr17
contig-0004512	#00B28C	chr17
contig-0004513	#00B28C	chr17
contig-0004514	#0072B2	chr5
contig-0004515	#808080	chr21
contig-0004516	#808080	chr21
contig-0004517	#808080	chr21
contig-0004518	#0072B2	chr5
contig-0004519	#0072B2	chr5
contig-0004520	#0072B2	chr5
contig-0004521	#0072B2	chr5
contig-0004522	#5699E9	chr9
contig-0004523	#0072B2	chr5
contig-0004524	#0072B2	chr5
contig-0004525	#0072B2	chr5
contig-0004526	#0072B2	chr5
contig-0004527	#567DE9	chr16
contig-0004528	#567DE9	chr16
contig-0004529	#567DE9	chr16
contig-0004530	#567DE9	chr16
contig-0004531	#567DE9	chr16
contig-0004532	#5699E9	chr9
contig-0004533	#1A7FBA	chr12
contig-0004534	#338CC2	chr19
contig-0004535	#0072B2	chr5
contig-0004536	#0072B2	chr5
contig-0004537	#0072B2	chr5
contig-0004538	#567DE9	chr16
contig-0004539	#567DE9	chr16
contig-0004540	#CC8DB3	chr11
contig-0004541	#CC8DB3	chr11
contig-0004542	#5699E9	chr9
contig-0004543	#CC8DB3	chr11
contig-0004544	#CC8DB3	chr11
contig-0004545	#D57533	chr13
contig-0004546	#D57533	chr13
contig-0004547	#D57533	chr13
contig-0004548	#D57533	chr13
contig-0004549	#D57533	chr13
contig-0004550	#737373	chr14
contig-0004551	#737373	chr14
contig-0004552	#737373	chr14
contig-0004553	#5699E9	chr9
contig-0004554	#737373	chr14
contig-0004555	#737373	chr14
contig-0004556	#CC8DB3	chr11
contig-0004557	#5699E9	chr9
contig-0004558	#CCA0BF	chr18
contig-0004559	#CCA0BF	chr18
contig-0004560	#CCA0BF	chr18
contig-0004561	#E6AB23	chr8
contig-0004562	#5699E9	chr9
contig-0004563	#E6AB23	chr8
contig-0004564	#E6AB23	chr8
contig-0004565	#E6B847	chr15
contig-0004566	#E6B847	chr15
contig-0004567	#E6B847	chr15
contig-0004568	#009E73	chr3
contig-0004569	#009E73	chr3
contig-0004570	#009E73	chr3
contig-0004571	#009E73	chr3
contig-0004572	#009E73	chr3
contig-0004573	#D58C66	chr20
contig-0004574	#56B4E9	chr2
contig-0004575	#56B4E9	chr2
contig-0004576	#56B4E9	chr2
contig-0004577	#56B4E9	chr2
contig-0004578	#56B4E9	chr2
contig-0004579	#00A880	chr10
contig-0004580	#00A880	chr10
contig-0004581	#00A880	chr10
contig-0004582	#00A880	chr10
contig-0004583	#5699E9	chr9
contig-0004584	#D58C66	chr20
contig-0004585	#E6AB23	chr8
contig-0004586	#E6AB23	chr8
contig-0004587	#E6AB23	chr8
contig-0004588	#E6AB23	chr8
contig-0004589	#E6AB23	chr8
contig-0004590	#D57533	chr13
contig-0004591	#D57533	chr13
contig-0004592	#D57533	chr13
contig-0004593	#009E73	chr3
contig-0004594	#009E73	chr3
contig-0004595	#009E73	chr3
contig-0004596	#0072B2	chr5
contig-0004597	#009E73	chr3
contig-0004598	#009E73	chr3
contig-0004599	#009E73	chr3
contig-0004600	#1A7FBA	chr12
contig-0004601	#1A7FBA	chr12
contig-0004602	#1A7FBA	chr12
contig-0004603	#CC8DB3	chr11
contig-0004604	#CC8DB3	chr11
contig-0004605	#D58C66	chr20
contig-0004606	#CC8DB3	chr11
contig-0004607	#5699E9	chr9
contig-0004608	#5699E9	chr9
contig-0004609	#5699E9	chr9
contig-0004610	#D55E00	chr6
contig-0004611	#D55E00	chr6
contig-0004612	#D55E00	chr6
contig-0004613	#D55E00	chr6
contig-0004614	#567DE9	chr16
contig-0004615	#567DE9	chr16
contig-0004616	#D58C66	chr20
contig-0004617	#567DE9	chr16
contig-0004618	#666666	chr7
contig-0004619	#666666	chr7
contig-0004620	#666666	chr7
contig-0004621	#666666	chr7
contig-0004622	#666666	chr7
contig-0004623	#0072B2	chr5
contig-0004624	#1A7FBA	chr12
contig-0004625	#00A880	chr10
contig-0004626	#00A880	chr10
contig-0004627	#E6B847	chr15
contig-0004628	#00A880	chr10
contig-0004629	#00A880	chr10
contig-0004630	#56B4E9	chr2
contig-0004631	#56B4E9	chr2
contig-0004632	#56B4E9	chr2
contig-0004633	#808080	chr21
contig-0004634	#00A880	chr10
contig-0004635	#00A880	chr10
contig-0004636	#00A880	chr10
contig-0004637	#00A880	chr10
contig-0004638	#E6B847	chr15
contig-0004639	#00A880	chr10
contig-0004640	#0072B2	chr5
contig-0004641	#0072B2	chr5
contig-0004642	#0072B2	chr5
contig-0004643	#E6AB23	chr8
contig-0004644	#E6AB23	chr8
contig-0004645	#E6AB23	chr8
contig-0004646	#E6AB23	chr8
contig-0004647	#E6AB23	chr8
contig-0004648	#E6AB23	chr8
contig-0004649	#E6AB23	chr8
contig-0004650	#E6AB23	chr8
contig-0004651	#D55E00	chr6
contig-0004652	#D55E00	chr6
contig-0004653	#D55E00	chr6
contig-0004654	#56B4E9	chr2
contig-0004655	#737373	chr14
contig-0004656	#737373	chr14
contig-0004657	#737373	chr14
contig-0004658	#737373	chr14
contig-0004659	#E6B847	chr15
contig-0004660	#737373	chr14
contig-0004661	#00A880	chr10
contig-0004662	#00A880	chr10
contig-0004663	#5699E9	chr9
contig-0004664	#5699E9	chr9
contig-0004665	#5699E9	chr9
contig-0004666	#5699E9	chr9
contig-0004667	#5699E9	chr9
contig-0004668	#808080	chr21
contig-0004669	#E6AB23	chr8
contig-0004670	#E6B847	chr15
contig-0004671	#666666	chr7
contig-0004672	#E69F00	chr1
contig-0004673	#E69F00	chr1
contig-0004674	#E69F00	chr1
contig-0004675	#D57533	chr13
contig-0004676	#00B28C	chr17
contig-0004677	#00B28C	chr17
contig-0004678	#00B28C	chr17
contig-0004679	#E6B847	chr15
contig-0004680	#00B28C	chr17
contig-0004681	#00B28C	chr17
contig-0004682	#E69F00	chr1
contig-0004683	#E69F00	chr1
contig-0004684	#E69F00	chr1
contig-0004685	#0072B2	chr5
contig-0004686	#CC8DB3	chr11
contig-0004687	#CC8DB3	chr11
contig-0004688	#CC8DB3	chr11
contig-0004689	#CC8DB3	chr11
contig-0004690	#E6B847	chr15
contig-0004691	#CC8DB3	chr11
contig-0004692	#E69F00	chr1
contig-0004693	#E69F00	chr1
contig-0004694	#CC79A7	chr4
contig-0004695	#666666	chr7
contig-0004696	#666666	chr7
contig-0004697	#666666	chr7
contig-0004698	#666666	chr7
contig-0004699	#737373	chr14
contig-0004700	#D57533	chr13
contig-0004701	#E6B847	chr15
contig-0004702	#D55E00	chr6
contig-0004703	#D55E00	chr6
contig-0004704	#D55E00	chr6
contig-0004705	#00A880	chr10
contig-0004706	#00A880	chr10
contig-0004707	#00A880	chr10
contig-0004708	#00A880	chr10
contig-0004709	#009E73	chr3
contig-0004710	#E6AB23	chr8
contig-0004711	#E6B847	chr15
contig-0004712	#E6AB23	chr8
contig-0004713	#5699E9	chr9
contig-0004714	#E6AB23	chr8
contig-0004715	#E6AB23	chr8
contig-0004716	#E6AB23	chr8
contig-0004717	#737373	chr14
contig-0004718	#737373	chr14
contig-0004719	#737373	chr14
contig-0004720	#D58C66	chr20
contig-0004721	#E6B847	chr15
contig-0004722	#D58C66	chr20
contig-0004723	#D58C66	chr20
contig-0004724	#CC8DB3	chr11
contig-0004725	#CC8DB3	chr11
contig-0004726	#CC8DB3	chr11
contig-0004727	#D55E00	chr6
contig-0004728	#D55E00	chr6
contig-0004729	#5699E9	chr9
contig-0004730	#5699E9	chr9
contig-0004731	#E6B847	chr15
contig-0004732	#5699E9	chr9
contig-0004733	#338CC2	chr19
contig-0004734	#338CC2	chr19
contig-0004735	#E6AB23	chr8
contig-0004736	#56B4E9	chr2
contig-0004737	#1A7FBA	chr12
contig-0004738	#CC79A7	chr4
contig-0004739	#1A7FBA	chr12
contig-0004740	#CC8DB3	chr11
contig-0004741	#CC8DB3	chr11
contig-0004742	#CC8DB3	chr11
contig-0004743	#CC8DB3	chr11
contig-0004744	#CC8DB3	chr11
contig-0004745	#E6AB23	chr8
contig-0004746	#737373	chr14
contig-0004747	#009E73	chr3
contig-0004748	#009E73	chr3
contig-0004749	#009E73	chr3
contig-0004750	#0072B2	chr5
contig-0004751	#0072B2	chr5
contig-0004752	#0072B2	chr5
contig-0004753	#0072B2	chr5
contig-0004754	#CC79A7	chr4
contig-0004755	#CC79A7	chr4
contig-0004756	#CC79A7	chr4
contig-0004757	#009E73	chr3
contig-0004758	#E6B847	chr15
contig-0004759	#E6B847	chr15
contig-0004760	#E6B847	chr15
contig-0004761	#56B4E9	chr2
contig-0004762	#56B4E9	chr2
contig-0004763	#56B4E9	chr2
contig-0004764	#0072B2	chr5
contig-0004765	#0072B2	chr5
contig-0004766	#E6C47F	chr22
contig-0004767	#009E73	chr3
contig-0004768	#E6C47F	chr22
contig-0004769	#E6C47F	chr22
contig-0004770	#E6C47F	chr22
contig-0004771	#E6C47F	chr22
contig-0004772	#009E73	chr3
contig-0004773	#009E73	chr3
contig-0004774	#009E73	chr3
contig-0004775	#E69F00	chr1
contig-0004776	#E69F00	chr1
contig-0004777	#E69F00	chr1
contig-0004778	#009E73	chr3
contig-0004779	#5699E9	chr9
contig-0004780	#56B4E9	chr2
contig-0004781	#56B4E9	chr2
contig-0004782	#56B4E9	chr2
contig-0004783	#56B4E9	chr2
contig-0004784	#56B4E9	chr2
contig-0004785	#56B4E9	chr2
contig-0004786	#E6AB23	chr8
contig-0004787	#E6AB23	chr8
contig-0004788	#E6AB23	chr8
contig-0004789	#009E73	chr3
contig-0004790	#E69F00	chr1
contig-0004791	#E6AB23	chr8
contig-0004792	#E6AB23	chr8
contig-0004793	#E6AB23	chr8
contig-0004794	#56B4E9	chr2
contig-0004795	#56B4E9	chr2
contig-0004796	#5699E9	chr9
contig-0004797	#5699E9	chr9
contig-0004798	#D57533	chr13
contig-0004799	#009E73	chr3
contig-0004800	#5699E9	chr9
contig-0004801	#00B28C	chr17
contig-0004802	#00B28C	chr17
contig-0004803	#00B28C	chr17
contig-0004804	#666666	chr7
contig-0004805	#666666	chr7
contig-0004806	#666666	chr7
contig-0004807	#E69F00	chr1
contig-0004808	#E69F00	chr1
contig-0004809	#00B28C	chr17
contig-0004810	#338CC2	chr19
contig-0004811	#338CC2	chr19
contig-0004812	#338CC2	chr19
contig-0004813	#338CC2	chr19
contig-0004814	#338CC2	chr19
contig-0004815	#D55E00	chr6
contig-0004816	#CCA0BF	chr18
contig-0004817	#CCA0BF	chr18
contig-0004818	#CCA0BF	chr18
contig-0004819	#00B28C	chr17
contig-0004820	#CCA0BF	chr18
contig-0004821	#CCA0BF	chr18
contig-0004822	#D55E00	chr6
contig-0004823	#D55E00	chr6
contig-0004824	#D55E00	chr6
contig-0004825	#E6B847	chr15
contig-0004826	#E6B847	chr15
contig-0004827	#E6B847	chr15
contig-0004828	#0072B2	chr5
contig-0004829	#1A7FBA	chr12
contig-0004830	#00B28C	chr17
contig-0004831	#D58C66	chr20
contig-0004832	#D58C66	chr20
contig-0004833	#D58C66	chr20
contig-0004834	#56B4E9	chr2
contig-0004835	#56B4E9	chr2
contig-0004836	#56B4E9	chr2
contig-0004837	#CCA0BF	chr18
contig-0004838	#CCA0BF	chr18
contig-0004839	#666666	chr7
contig-0004840	#E6AB23	chr8
contig-0004841	#D55E00	chr6
contig-0004842	#D55E00	chr6
contig-0004843	#D55E00	chr6
contig-0004844	#666666	chr7
contig-0004845	#666666	chr7
contig-0004846	#666666	chr7
contig-0004847	#56B4E9	chr2
contig-0004848	#56B4E9	chr2
contig-0004849	#56B4E9	chr2
contig-0004850	#56B4E9	chr2
contig-0004851	#E6AB23	chr8
contig-0004852	#56B4E9	chr2
contig-0004853	#56B4E9	chr2
contig-0004854	#56B4E9	chr2
contig-0004855	#E6B847	chr15
contig-0004856	#E6B847	chr15
contig-0004857	#E6B847	chr15
contig-0004858	#E6B847	chr15
contig-0004859	#E6B847	chr15
contig-0004860	#E6B847	chr15
contig-0004861	#E6AB23	chr8
contig-0004862	#D57533	chr13
contig-0004863	#CC8DB3	chr11
contig-0004864	#CC8DB3	chr11
contig-0004865	#CC8DB3	chr11
contig-0004866	#CC8DB3	chr11
contig-0004867	#CC8DB3	chr11
contig-0004868	#CC8DB3	chr11
contig-0004869	#CC8DB3	chr11
contig-0004870	#D55E00	chr6
contig-0004871	#D55E00	chr6
contig-0004872	#E6AB23	chr8
contig-0004873	#D55E00	chr6
contig-0004874	#D55E00	chr6
contig-0004875	#D55E00	chr6
contig-0004876	#009E73	chr3
contig-0004877	#009E73	chr3
contig-0004878	#009E73	chr3
contig-0004879	#1A7FBA	chr12
contig-0004880	#009E73	chr3
contig-0004881	#009E73	chr3
contig-0004882	#009E73	chr3
contig-0004883	#E6AB23	chr8
contig-0004884	#CC79A7	chr4
contig-0004885	#CC79A7	chr4
contig-0004886	#CC79A7	chr4
contig-0004887	#666666	chr7
contig-0004888	#666666	chr7
contig-0004889	#666666	chr7
contig-0004890	#1A7FBA	chr12
contig-0004891	#1A7FBA	chr12
contig-0004892	#1A7FBA	chr12
contig-0004893	#1A7FBA	chr12
contig-0004894	#808080	chr21
contig-0004895	#1A7FBA	chr12
contig-0004896	#1A7FBA	chr12
contig-0004897	#CC8DB3	chr11
contig-0004898	#E6AB23	chr8
contig-0004899	#E6AB23	chr8
contig-0004900	#E6AB23	chr8
contig-0004901	#00B28C	chr17
contig-0004902	#00B28C	chr17
contig-0004903	#D57533	chr13
contig-0004904	#808080	chr21
contig-0004905	#00B28C	chr17
contig-0004906	#0072B2	chr5
contig-0004907	#E69F00	chr1
contig-0004908	#E69F00	chr1
contig-0004909	#E69F00	chr1
contig-0004910	#E69F00	chr1
contig-0004911	#567DE9	chr16
contig-0004912	#567DE9	chr16
contig-0004913	#567DE9	chr16
contig-0004914	#009E73	chr3
contig-0004915	#808080	chr21
contig-0004916	#009E73	chr3
contig-0004917	#009E73	chr3
contig-0004918	#009E73	chr3
contig-0004919	#009E73	chr3
contig-0004920	#009E73	chr3
contig-0004921	#0072B2	chr5
contig-0004922	#0072B2	chr5
contig-0004923	#00A880	chr10
contig-0004924	#00A880	chr10
contig-0004925	#00A880	chr10
contig-0004926	#808080	chr21
contig-0004927	#00A880	chr10
contig-0004928	#00A880	chr10
contig-0004929	#E69F00	chr1
contig-0004930	#E69F00	chr1
contig-0004931	#E69F00	chr1
contig-0004932	#CC8DB3	chr11
contig-0004933	#CC8DB3	chr11
contig-0004934	#338CC2	chr19
contig-0004935	#808080	chr21
contig-0004936	#338CC2	chr19
contig-0004937	#338CC2	chr19
contig-0004938	#D57533	chr13
contig-0004939	#D57533	chr13
contig-0004940	#D57533	chr13
contig-0004941	#0072B2	chr5
contig-0004942	#1A7FBA	chr12
contig-0004943	#1A7FBA	chr12
contig-0004944	#1A7FBA	chr12
contig-0004945	#56B4E9	chr2
contig-0004946	#808080	chr21
contig-0004947	#56B4E9	chr2
contig-0004948	#56B4E9	chr2
contig-0004949	#E6C47F	chr22
contig-0004950	#E6C47F	chr22
contig-0004951	#E6C47F	chr22
contig-0004952	#E6C47F	chr22
contig-0004953	#0072B2	chr5
contig-0004954	#0072B2	chr5
contig-0004955	#0072B2	chr5
contig-0004956	#808080	chr21
contig-0004957	#0072B2	chr5
contig-0004958	#009E73	chr3
contig-0004959	#009E73	chr3
contig-0004960	#009E73	chr3
contig-0004961	#009E73	chr3
contig-0004962	#009E73	chr3
contig-0004963	#009E73	chr3
contig-0004964	#009E73	chr3
contig-0004965	#CC79A7	chr4
contig-0004966	#5699E9	chr9
contig-0004967	#00A880	chr10
contig-0004968	#00A880	chr10
contig-0004969	#00A880	chr10
contig-0004970	#CC79A7	chr4
contig-0004971	#E6AB23	chr8
contig-0004972	#E6AB23	chr8
contig-0004973	#E6AB23	chr8
contig-0004974	#E6AB23	chr8
contig-0004975	#E6AB23	chr8
contig-0004976	#00A880	chr10
contig-0004977	#666666	chr7
contig-0004978	#666666	chr7
contig-0004979	#666666	chr7
contig-0004980	#D55E00	chr6
contig-0004981	#D55E00	chr6
contig-0004982	#D55E00	chr6
contig-0004983	#0072B2	chr5
contig-0004984	#CC8DB3	chr11
contig-0004985	#00A880	chr10
contig-0004986	#CC8DB3	chr11
contig-0004987	#CC8DB3	chr11
contig-0004988	#666666	chr7
contig-0004989	#666666	chr7
contig-0004990	#666666	chr7
contig-0004991	#E69F00	chr1
contig-0004992	#E69F00	chr1
contig-0004993	#E69F00	chr1
contig-0004994	#E6AB23	chr8
contig-0004995	#00B28C	chr17
contig-0004996	#00A880	chr10
contig-0004997	#00B28C	chr17
contig-0004998	#00B28C	chr17
contig-0004999	#00B28C	chr17
contig-0005000	#1A7FBA	chr12
contig-0005001	#1A7FBA	chr12
contig-0005002	#1A7FBA	chr12
contig-0005003	#56B4E9	chr2
contig-0005004	#56B4E9	chr2
contig-0005005	#56B4E9	chr2
contig-0005006	#D57533	chr13
contig-0005007	#00A880	chr10
contig-0005008	#666666	chr7
contig-0005009	#666666	chr7
contig-0005010	#666666	chr7
contig-0005011	#D55E00	chr6
contig-0005012	#D55E00	chr6
contig-0005013	#D55E00	chr6
contig-0005014	#00B28C	chr17
contig-0005015	#00B28C	chr17
contig-0005016	#00B28C	chr17
contig-0005017	#00A880	chr10
contig-0005018	#00B28C	chr17
contig-0005019	#737373	chr14
contig-0005020	#737373	chr14
contig-0005021	#737373	chr14
contig-0005022	#CC79A7	chr4
contig-0005023	#808080	chr21
contig-0005024	#E69F00	chr1
contig-0005025	#E69F00	chr1
contig-0005026	#E69F00	chr1
contig-0005027	#0072B2	chr5
contig-0005028	#00A880	chr10
contig-0005029	#0072B2	chr5
contig-0005030	#0072B2	chr5
contig-0005031	#666666	chr7
contig-0005032	#666666	chr7
contig-0005033	#E6C47F	chr22
contig-0005034	#E6C47F	chr22
contig-0005035	#E6C47F	chr22
contig-0005036	#00A880	chr10
contig-0005037	#E6C47F	chr22
contig-0005038	#E6C47F	chr22
contig-0005039	#E69F00	chr1
contig-0005040	#E69F00	chr1
contig-0005041	#E69F00	chr1
contig-0005042	#E69F00	chr1
contig-0005043	#00B28C	chr17
contig-0005044	#CC8DB3	chr11
contig-0005045	#CC8DB3	chr11
contig-0005046	#00A880	chr10
contig-0005047	#CC8DB3	chr11
contig-0005048	#666666	chr7
contig-0005049	#666666	chr7
contig-0005050	#666666	chr7
contig-0005051	#CCA0BF	chr18
contig-0005052	#5699E9	chr9
contig-0005053	#5699E9	chr9
contig-0005054	#5699E9	chr9
contig-0005055	#CC8DB3	chr11
contig-0005056	#56B4E9	chr2
contig-0005057	#E6C47F	chr22
contig-0005058	#56B4E9	chr2
contig-0005059	#56B4E9	chr2
contig-0005060	#666666	chr7
contig-0005061	#666666	chr7
contig-0005062	#009E73	chr3
contig-0005063	#009E73	chr3
contig-0005064	#009E73	chr3
contig-0005065	#56B4E9	chr2
contig-0005066	#56B4E9	chr2
contig-0005067	#56B4E9	chr2
contig-0005068	#56B4E9	chr2
contig-0005069	#00B28C	chr17
contig-0005070	#00B28C	chr17
contig-0005071	#00B28C	chr17
contig-0005072	#00B28C	chr17
contig-0005073	#D58C66	chr20
contig-0005074	#009E73	chr3
contig-0005075	#009E73	chr3
contig-0005076	#009E73	chr3
contig-0005077	#009E73	chr3
contig-0005078	#E6C47F	chr22
contig-0005079	#009E73	chr3
contig-0005080	#009E73	chr3
contig-0005081	#E6B847	chr15
contig-0005082	#D57533	chr13
contig-0005083	#808080	chr21
contig-0005084	#D57533	chr13
contig-0005085	#00B28C	chr17
contig-0005086	#009E73	chr3
contig-0005087	#E6C47F	chr22
contig-0005088	#009E73	chr3
contig-0005089	#009E73	chr3
contig-0005090	#D57533	chr13
contig-0005091	#567DE9	chr16
contig-0005092	#567DE9	chr16
contig-0005093	#0072B2	chr5
contig-0005094	#0072B2	chr5
contig-0005095	#00B28C	chr17
contig-0005096	#00B28C	chr17
contig-0005097	#00B28C	chr17
contig-0005098	#666666	chr7
contig-0005099	#666666	chr7
contig-0005100	#666666	chr7
contig-0005101	#666666	chr7
contig-0005102	#CC79A7	chr4
contig-0005103	#CC79A7	chr4
contig-0005104	#CC79A7	chr4
contig-0005105	#0072B2	chr5
contig-0005106	#0072B2	chr5
contig-0005107	#1A7FBA	chr12
contig-0005108	#E6C47F	chr22
contig-0005109	#0072B2	chr5
contig-0005110	#CCA0BF	chr18
contig-0005111	#CCA0BF	chr18
contig-0005112	#CCA0BF	chr18
contig-0005113	#CCA0BF	chr18
contig-0005114	#CCA0BF	chr18
contig-0005115	#56B4E9	chr2
contig-0005116	#1A7FBA	chr12
contig-0005117	#1A7FBA	chr12
contig-0005118	#1A7FBA	chr12
contig-0005119	#E6C47F	chr22
contig-0005120	#1A7FBA	chr12
contig-0005121	#1A7FBA	chr12
contig-0005122	#D58C66	chr20
contig-0005123	#CC79A7	chr4
contig-0005124	#CC8DB3	chr11
contig-0005125	#CC8DB3	chr11
contig-0005126	#CC8DB3	chr11
contig-0005127	#CC8DB3	chr11
contig-0005128	#CC8DB3	chr11
contig-0005129	#CC8DB3	chr11
contig-0005130	#E6C47F	chr22
contig-0005131	#666666	chr7
contig-0005132	#0072B2	chr5
contig-0005133	#E6AB23	chr8
contig-0005134	#E6AB23	chr8
contig-0005135	#666666	chr7
contig-0005136	#D55E00	chr6
contig-0005137	#D55E00	chr6
contig-0005138	#D55E00	chr6
contig-0005139	#D55E00	chr6
contig-0005140	#D55E00	chr6
contig-0005141	#E6C47F	chr22
contig-0005142	#737373	chr14
contig-0005143	#D55E00	chr6
contig-0005144	#D55E00	chr6
contig-0005145	#D55E00	chr6
contig-0005146	#E6B847	chr15
contig-0005147	#E6B847	chr15
contig-0005148	#E6B847	chr15
contig-0005149	#D58C66	chr20
contig-0005150	#E6C47F	chr22
contig-0005151	#0072B2	chr5
contig-0005152	#E6AB23	chr8
contig-0005153	#E6AB23	chr8
contig-0005154	#E6AB23	chr8
contig-0005155	#E6AB23	chr8
contig-0005156	#E6AB23	chr8
contig-0005157	#009E73	chr3
contig-0005158	#666666	chr7
contig-0005159	#666666	chr7
contig-0005160	#E6B847	chr15
contig-0005161	#D58C66	chr20
contig-0005162	#D58C66	chr20
contig-0005163	#D58C66	chr20
contig-0005164	#56B4E9	chr2
contig-0005165	#CCA0BF	chr18
contig-0005166	#CCA0BF	chr18
contig-0005167	#CCA0BF	chr18
contig-0005168	#56B4E9	chr2
contig-0005169	#56B4E9	chr2
contig-0005170	#D58C66	chr20
contig-0005171	#D57533	chr13
contig-0005172	#D58C66	chr20
contig-0005173	#D58C66	chr20
contig-0005174	#D58C66	chr20
contig-0005175	#D58C66	chr20
contig-0005176	#5699E9	chr9
contig-0005177	#E6B847	chr15
contig-0005178	#E6B847	chr15
contig-0005179	#E6B847	chr15
contig-0005180	#E6B847	chr15
contig-0005181	#E6B847	chr15
contig-0005182	#D57533	chr13
contig-0005183	#E6B847	chr15
contig-0005184	#00A880	chr10
contig-0005185	#00A880	chr10
contig-0005186	#D55E00	chr6
contig-0005187	#666666	chr7
contig-0005188	#666666	chr7
contig-0005189	#E69F00	chr1
contig-0005190	#E69F00	chr1
contig-0005191	#E69F00	chr1
contig-0005192	#E6C47F	chr22
contig-0005193	#0072B2	chr5
contig-0005194	#338CC2	chr19
contig-0005195	#338CC2	chr19
contig-0005196	#338CC2	chr19
contig-0005197	#CC79A7	chr4
contig-0005198	#CC79A7	chr4
contig-0005199	#CC79A7	chr4
contig-0005200	#CC79A7	chr4
contig-0005201	#CC79A7	chr4
contig-0005202	#E6B847	chr15
contig-0005203	#E6B847	chr15
contig-0005204	#E6B847	chr15
contig-0005205	#E6B847	chr15
contig-0005206	#E6B847	chr15
contig-0005207	#0072B2	chr5
contig-0005208	#0072B2	chr5
contig-0005209	#567DE9	chr16
contig-0005210	#567DE9	chr16
contig-0005211	#567DE9	chr16
contig-0005212	#CC79A7	chr4
contig-0005213	#D55E00	chr6
contig-0005214	#E69F00	chr1
contig-0005215	#737373	chr14
contig-0005216	#D55E00	chr6
contig-0005217	#E6AB23	chr8
contig-0005218	#E6AB23	chr8
contig-0005219	#E6AB23	chr8
contig-0005220	#CCA0BF	chr18
contig-0005221	#5699E9	chr9
contig-0005222	#009E73	chr3
contig-0005223	#009E73	chr3
contig-0005224	#009E73	chr3
contig-0005225	#D58C66	chr20
contig-0005226	#808080	chr21
contig-0005227	#D58C66	chr20
contig-0005228	#D58C66	chr20
contig-0005229	#808080	chr21
contig-0005230	#808080	chr21
contig-0005231	#808080	chr21
contig-0005232	#737373	chr14
contig-0005233	#737373	chr14
contig-0005234	#737373	chr14
contig-0005235	#E6C47F	chr22
contig-0005236	#E6C47F	chr22
contig-0005237	#56B4E9	chr2
contig-0005238	#E6C47F	chr22
contig-0005239	#E6C47F	chr22
contig-0005240	#E6C47F	chr22
contig-0005241	#5699E9	chr9
contig-0005242	#5699E9	chr9
contig-0005243	#5699E9	chr9
contig-0005244	#0072B2	chr5
contig-0005245	#0072B2	chr5
contig-0005246	#E69F00	chr1
contig-0005247	#5699E9	chr9
contig-0005248	#56B4E9	chr2
contig-0005249	#5699E9	chr9
contig-0005250	#5699E9	chr9
contig-0005251	#D58C66	chr20
contig-0005252	#56B4E9	chr2
contig-0005253	#56B4E9	chr2
contig-0005254	#56B4E9	chr2
contig-0005255	#56B4E9	chr2
contig-0005256	#808080	chr21
contig-0005257	#E6AB23	chr8
contig-0005258	#E6AB23	chr8
contig-0005259	#56B4E9	chr2
contig-0005260	#56B4E9	chr2
contig-0005261	#D58C66	chr20
contig-0005262	#D58C66	chr20
contig-0005263	#D58C66	chr20
contig-0005264	#E6AB23	chr8
contig-0005265	#E6AB23	chr8
contig-0005266	#E6AB23	chr8
contig-0005267	#E6AB23	chr8
contig-0005268	#E6AB23	chr8
contig-0005269	#E6B847	chr15
contig-0005270	#8C564B	chrY
contig-0005271	#E6B847	chr15
contig-0005272	#E6B847	chr15
contig-0005273	#737373	chr14
contig-0005274	#737373	chr14
contig-0005275	#737373	chr14
contig-0005276	#737373	chr14
contig-0005277	#737373	chr14
contig-0005278	#737373	chr14
contig-0005279	#737373	chr14
contig-0005280	#00B28C	chr17
contig-0005281	#8C564B	chrY
contig-0005282	#00B28C	chr17
contig-0005283	#00B28C	chr17
contig-0005284	#56B4E9	chr2
contig-0005285	#E6B847	chr15
contig-0005286	#E6B847	chr15
contig-0005287	#E6B847	chr15
contig-0005288	#E6B847	chr15
contig-0005289	#E6B847	chr15
contig-0005290	#E6AB23	chr8
contig-0005291	#5699E9	chr9
contig-0005292	#8C564B	chrY
contig-0005293	#5699E9	chr9
contig-0005294	#567DE9	chr16
contig-0005295	#567DE9	chr16
contig-0005296	#567DE9	chr16
contig-0005297	#567DE9	chr16
contig-0005298	#009E73	chr3
contig-0005299	#5699E9	chr9
contig-0005300	#D58C66	chr20
contig-0005301	#D58C66	chr20
contig-0005302	#D55E00	chr6
contig-0005303	#8C564B	chrY
contig-0005304	#D55E00	chr6
contig-0005305	#D55E00	chr6
contig-0005306	#5699E9	chr9
contig-0005307	#5699E9	chr9
contig-0005308	#5699E9	chr9
contig-0005309	#5699E9	chr9
contig-0005310	#5699E9	chr9
contig-0005311	#E6C47F	chr22
contig-0005312	#E6B847	chr15
contig-0005313	#E6B847	chr15
contig-0005314	#8C564B	chrY
contig-0005315	#E6B847	chr15
contig-0005316	#0072B2	chr5
contig-0005317	#0072B2	chr5
contig-0005318	#0072B2	chr5
contig-0005319	#0072B2	chr5
contig-0005320	#0072B2	chr5
contig-0005321	#E6B847	chr15
contig-0005322	#E6B847	chr15
contig-0005323	#E6B847	chr15
contig-0005324	#E6B847	chr15
contig-0005325	#E6B847	chr15
contig-0005326	#737373	chr14
contig-0005327	#737373	chr14
contig-0005328	#737373	chr14
contig-0005329	#737373	chr14
contig-0005330	#737373	chr14
contig-0005331	#009E73	chr3
contig-0005332	#009E73	chr3
contig-0005333	#D55E00	chr6
contig-0005334	#8C564B	chrY
contig-0005335	#D55E00	chr6
contig-0005336	#D55E00	chr6
contig-0005337	#00B28C	chr17
contig-0005338	#00B28C	chr17
contig-0005339	#00B28C	chr17
contig-0005340	#00B28C	chr17
contig-0005341	#00B28C	chr17
contig-0005342	#E6AB23	chr8
contig-0005343	#E6AB23	chr8
contig-0005344	#8C564B	chrY
contig-0005345	#CC79A7	chr4
contig-0005346	#CC79A7	chr4
contig-0005347	#CC79A7	chr4
contig-0005348	#5699E9	chr9
contig-0005349	#D58C66	chr20
contig-0005350	#D58C66	chr20
contig-0005351	#D58C66	chr20
contig-0005352	#D58C66	chr20
contig-0005353	#009E73	chr3
contig-0005354	#8C564B	chrY
contig-0005355	#009E73	chr3
contig-0005356	#D58C66	chr20
contig-0005357	#D58C66	chr20
contig-0005358	#D58C66	chr20
contig-0005359	#CC79A7	chr4
contig-0005360	#CC79A7	chr4
contig-0005361	#CC79A7	chr4
contig-0005362	#CC79A7	chr4
contig-0005363	#CC79A7	chr4
contig-0005364	#009E73	chr3
contig-0005365	#567DE9	chr16
contig-0005366	#567DE9	chr16
contig-0005367	#567DE9	chr16
contig-0005368	#567DE9	chr16
contig-0005369	#CCA0BF	chr18
contig-0005370	#CCA0BF	chr18
contig-0005371	#CCA0BF	chr18
contig-0005372	#CCA0BF	chr18
contig-0005373	#CCA0BF	chr18
contig-0005374	#CCA0BF	chr18
contig-0005375	#CCA0BF	chr18
contig-0005376	#567DE9	chr16
contig-0005377	#0072B2	chr5
contig-0005378	#0072B2	chr5
contig-0005379	#0072B2	chr5
contig-0005380	#1A7FBA	chr12
contig-0005381	#1A7FBA	chr12
contig-0005382	#1A7FBA	chr12
contig-0005383	#E6C47F	chr22
contig-0005384	#E6AB23	chr8
contig-0005385	#E6AB23	chr8
contig-0005386	#E6AB23	chr8
contig-0005387	#E69F00	chr1
contig-0005388	#00B28C	chr17
contig-0005389	#00B28C	chr17
contig-0005390	#00B28C	chr17
contig-0005391	#00B28C	chr17
contig-0005392	#00B28C	chr17
contig-0005393	#E69F00	chr1
contig-0005394	#E69F00	chr1
contig-0005395	#E69F00	chr1
contig-0005396	#E69F00	chr1
contig-0005397	#567DE9	chr16
contig-0005398	#E69F00	chr1
contig-0005399	#E69F00	chr1
contig-0005400	#E69F00	chr1
contig-0005401	#1A7FBA	chr12
contig-0005402	#00A880	chr10
contig-0005403	#00A880	chr10
contig-0005404	#00A880	chr10
contig-0005405	#E69F00	chr1
contig-0005406	#E69F00	chr1
contig-0005407	#E69F00	chr1
contig-0005408	#567DE9	chr16
contig-0005409	#D55E00	chr6
contig-0005410	#00B28C	chr17
contig-0005411	#00B28C	chr17
contig-0005412	#00B28C	chr17
contig-0005413	#666666	chr7
contig-0005414	#666666	chr7
contig-0005415	#666666	chr7
contig-0005416	#666666	chr7
contig-0005417	#CC79A7	chr4
contig-0005418	#00A880	chr10
contig-0005419	#CC79A7	chr4
contig-0005420	#CC79A7	chr4
contig-0005421	#E69F00	chr1
contig-0005422	#E69F00	chr1
contig-0005423	#E69F00	chr1
contig-0005424	#E69F00	chr1
contig-0005425	#009E73	chr3
contig-0005426	#CCA0BF	chr18
contig-0005427	#E69F00	chr1
contig-0005428	#00A880	chr10
contig-0005429	#CCA0BF	chr18
contig-0005430	#E6AB23	chr8
contig-0005431	#5699E9	chr9
contig-0005432	#E69F00	chr1
contig-0005433	#E69F00	chr1
contig-0005434	#00A880	chr10
contig-0005435	#00A880	chr10
contig-0005436	#00A880	chr10
contig-0005437	#E6AB23	chr8
contig-0005438	#00A880	chr10
contig-0005439	#E6AB23	chr8
contig-0005440	#E6AB23	chr8
contig-0005441	#009E73	chr3
contig-0005442	#009E73	chr3
contig-0005443	#737373	chr14
contig-0005444	#737373	chr14
contig-0005445	#737373	chr14
contig-0005446	#737373	chr14
contig-0005447	#737373	chr14
contig-0005448	#00A880	chr10
contig-0005449	#009E73	chr3
contig-0005450	#009E73	chr3
contig-0005451	#009E73	chr3
contig-0005452	#E6B847	chr15
contig-0005453	#E6B847	chr15
contig-0005454	#E6B847	chr15
contig-0005455	#E6B847	chr15
contig-0005456	#E6B847	chr15
contig-0005457	#56B4E9	chr2
contig-0005458	#56B4E9	chr2
contig-0005459	#00A880	chr10
contig-0005460	#56B4E9	chr2
contig-0005461	#D55E00	chr6
contig-0005462	#D55E00	chr6
contig-0005463	#D55E00	chr6
contig-0005464	#D55E00	chr6
contig-0005465	#D55E00	chr6
contig-0005466	#E69F00	chr1
contig-0005467	#E69F00	chr1
contig-0005468	#E69F00	chr1
contig-0005469	#E69F00	chr1
contig-0005470	#E69F00	chr1
contig-0005471	#E69F00	chr1
contig-0005472	#0072B2	chr5
contig-0005473	#0072B2	chr5
contig-0005474	#0072B2	chr5
contig-0005475	#56B4E9	chr2
contig-0005476	#56B4E9	chr2
contig-0005477	#56B4E9	chr2
contig-0005478	#56B4E9	chr2
contig-0005479	#56B4E9	chr2
contig-0005480	#567DE9	chr16
contig-0005481	#56B4E9	chr2
contig-0005482	#56B4E9	chr2
contig-0005483	#56B4E9	chr2
contig-0005484	#009E73	chr3
contig-0005485	#56B4E9	chr2
contig-0005486	#56B4E9	chr2
contig-0005487	#56B4E9	chr2
contig-0005488	#56B4E9	chr2
contig-0005489	#56B4E9	chr2
contig-0005490	#737373	chr14
contig-0005491	#567DE9	chr16
contig-0005492	#737373	chr14
contig-0005493	#737373	chr14
contig-0005494	#1A7FBA	chr12
contig-0005495	#1A7FBA	chr12
contig-0005496	#1A7FBA	chr12
contig-0005497	#5699E9	chr9
contig-0005498	#5699E9	chr9
contig-0005499	#5699E9	chr9
contig-0005500	#D57533	chr13
contig-0005501	#D57533	chr13
contig-0005502	#567DE9	chr16
contig-0005503	#D57533	chr13
contig-0005504	#CCA0BF	chr18
contig-0005505	#56B4E9	chr2
contig-0005506	#56B4E9	chr2
contig-0005507	#56B4E9	chr2
contig-0005508	#56B4E9	chr2
contig-0005509	#56B4E9	chr2
contig-0005510	#737373	chr14
contig-0005511	#CC79A7	chr4
contig-0005512	#567DE9	chr16
contig-0005513	#737373	chr14
contig-0005514	#56B4E9	chr2
contig-0005515	#56B4E9	chr2
contig-0005516	#56B4E9	chr2
contig-0005517	#666666	chr7
contig-0005518	#666666	chr7
contig-0005519	#666666	chr7
contig-0005520	#00A880	chr10
contig-0005521	#00A880	chr10
contig-0005522	#00A880	chr10
contig-0005523	#567DE9	chr16
contig-0005524	#00A880	chr10
contig-0005525	#E69F00	chr1
contig-0005526	#00B28C	chr17
contig-0005527	#0072B2	chr5
contig-0005528	#0072B2	chr5
contig-0005529	#0072B2	chr5
contig-0005530	#666666	chr7
contig-0005531	#1A7FBA	chr12
contig-0005532	#00B28C	chr17
contig-0005533	#737373	chr14
contig-0005534	#1A7FBA	chr12
contig-0005535	#1A7FBA	chr12
contig-0005536	#1A7FBA	chr12
contig-0005537	#1A7FBA	chr12
contig-0005538	#D55E00	chr6
contig-0005539	#D55E00	chr6
contig-0005540	#D55E00	chr6
contig-0005541	#CCA0BF	chr18
contig-0005542	#CCA0BF	chr18
contig-0005543	#CCA0BF	chr18
contig-0005544	#808080	chr21
contig-0005545	#D57533	chr13
contig-0005546	#D57533	chr13
contig-0005547	#D57533	chr13
contig-0005548	#1A7FBA	chr12
contig-0005549	#1A7FBA	chr12
contig-0005550	#1A7FBA	chr12
contig-0005551	#666666	chr7
contig-0005552	#567DE9	chr16
contig-0005553	#00B28C	chr17
contig-0005554	#00B28C	chr17
contig-0005555	#009E73	chr3
contig-0005556	#00B28C	chr17
contig-0005557	#D55E00	chr6
contig-0005558	#E6AB23	chr8
contig-0005559	#D55E00	chr6
contig-0005560	#D55E00	chr6
contig-0005561	#E6AB23	chr8
contig-0005562	#737373	chr14
contig-0005563	#737373	chr14
contig-0005564	#737373	chr14
contig-0005565	#009E73	chr3
contig-0005566	#737373	chr14
contig-0005567	#737373	chr14
contig-0005568	#D55E00	chr6
contig-0005569	#D55E00	chr6
contig-0005570	#D55E00	chr6
contig-0005571	#00A880	chr10
contig-0005572	#00A880	chr10
contig-0005573	#00A880	chr10
contig-0005574	#CC79A7	chr4
contig-0005575	#56B4E9	chr2
contig-0005576	#009E73	chr3
contig-0005577	#56B4E9	chr2
contig-0005578	#56B4E9	chr2
contig-0005579	#56B4E9	chr2
contig-0005580	#56B4E9	chr2
contig-0005581	#E69F00	chr1
contig-0005582	#E69F00	chr1
contig-0005583	#E69F00	chr1
contig-0005584	#00A880	chr10
contig-0005585	#00A880	chr10
contig-0005586	#00A880	chr10
contig-0005587	#009E73	chr3
contig-0005588	#00A880	chr10
contig-0005589	#E69F00	chr1
contig-0005590	#E69F00	chr1
contig-0005591	#E69F00	chr1
contig-0005592	#E6AB23	chr8
contig-0005593	#E6AB23	chr8
contig-0005594	#E6AB23	chr8
contig-0005595	#E6B847	chr15
contig-0005596	#00B28C	chr17
contig-0005597	#56B4E9	chr2
contig-0005598	#009E73	chr3
contig-0005599	#56B4E9	chr2
contig-0005600	#D55E00	chr6
contig-0005601	#666666	chr7
contig-0005602	#666666	chr7
contig-0005603	#56B4E9	chr2
contig-0005604	#56B4E9	chr2
contig-0005605	#56B4E9	chr2
contig-0005606	#009E73	chr3
contig-0005607	#009E73	chr3
contig-0005608	#009E73	chr3
contig-0005609	#009E73	chr3
contig-0005610	#009E73	chr3
contig-0005611	#009E73	chr3
contig-0005612	#009E73	chr3
contig-0005613	#00B28C	chr17
contig-0005614	#00B28C	chr17
contig-0005615	#00B28C	chr17
contig-0005616	#E69F00	chr1
contig-0005617	#E69F00	chr1
contig-0005618	#E69F00	chr1
contig-0005619	#666666	chr7
contig-0005620	#666666	chr7
contig-0005621	#666666	chr7
contig-0005622	#56B4E9	chr2
contig-0005623	#56B4E9	chr2
contig-0005624	#56B4E9	chr2
contig-0005625	#009E73	chr3
contig-0005626	#56B4E9	chr2
contig-0005627	#56B4E9	chr2
contig-0005628	#00A880	chr10
contig-0005629	#00A880	chr10
contig-0005630	#1A7FBA	chr12
contig-0005631	#1A7FBA	chr12
contig-0005632	#1A7FBA	chr12
contig-0005633	#D57533	chr13
contig-0005634	#D57533	chr13
contig-0005635	#D57533	chr13
contig-0005636	#00B28C	chr17
contig-0005637	#E69F00	chr1
contig-0005638	#56B4E9	chr2
contig-0005639	#56B4E9	chr2
contig-0005640	#56B4E9	chr2
contig-0005641	#56B4E9	chr2
contig-0005642	#56B4E9	chr2
contig-0005643	#0072B2	chr5
contig-0005644	#0072B2	chr5
contig-0005645	#0072B2	chr5
contig-0005646	#0072B2	chr5
contig-0005647	#E6B847	chr15
contig-0005648	#E69F00	chr1
contig-0005649	#E69F00	chr1
contig-0005650	#E69F00	chr1
contig-0005651	#E69F00	chr1
contig-0005652	#666666	chr7
contig-0005653	#666666	chr7
contig-0005654	#666666	chr7
contig-0005655	#666666	chr7
contig-0005656	#666666	chr7
contig-0005657	#E69F00	chr1
contig-0005658	#E69F00	chr1
contig-0005659	#E69F00	chr1
contig-0005660	#E69F00	chr1
contig-0005661	#009E73	chr3
contig-0005662	#E6B847	chr15
contig-0005663	#E6B847	chr15
contig-0005664	#E6B847	chr15
contig-0005665	#E6B847	chr15
contig-0005666	#E6B847	chr15
contig-0005667	#E6B847	chr15
contig-0005668	#1A7FBA	chr12
contig-0005669	#E69F00	chr1
contig-0005670	#1A7FBA	chr12
contig-0005671	#1A7FBA	chr12
contig-0005672	#E69F00	chr1
contig-0005673	#E69F00	chr1
contig-0005674	#E69F00	chr1
contig-0005675	#338CC2	chr19
contig-0005676	#338CC2	chr19
contig-0005677	#E69F00	chr1
contig-0005678	#E69F00	chr1
contig-0005679	#E69F00	chr1
contig-0005680	#E69F00	chr1
contig-0005681	#CC8DB3	chr11
contig-0005682	#CC8DB3	chr11
contig-0005683	#CC8DB3	chr11
contig-0005684	#E6B847	chr15
contig-0005685	#E6B847	chr15
contig-0005686	#E6B847	chr15
contig-0005687	#E6AB23	chr8
contig-0005688	#E69F00	chr1
contig-0005689	#E6AB23	chr8
contig-0005690	#D55E00	chr6
contig-0005691	#D55E00	chr6
contig-0005692	#D55E00	chr6
contig-0005693	#D58C66	chr20
contig-0005694	#D58C66	chr20
contig-0005695	#D58C66	chr20
contig-0005696	#E69F00	chr1
contig-0005697	#E69F00	chr1
contig-0005698	#E69F00	chr1
contig-0005699	#E69F00	chr1
contig-0005700	#E69F00	chr1
contig-0005701	#E69F00	chr1
contig-0005702	#E69F00	chr1
contig-0005703	#CC79A7	chr4
contig-0005704	#CC79A7	chr4
contig-0005705	#CC79A7	chr4
contig-0005706	#737373	chr14
contig-0005707	#737373	chr14
contig-0005708	#E69F00	chr1
contig-0005709	#737373	chr14
contig-0005710	#CC8DB3	chr11
contig-0005711	#CC8DB3	chr11
contig-0005712	#CC8DB3	chr11
contig-0005713	#737373	chr14
contig-0005714	#737373	chr14
contig-0005715	#737373	chr14
contig-0005716	#0072B2	chr5
contig-0005717	#E69F00	chr1
contig-0005718	#0072B2	chr5
contig-0005719	#0072B2	chr5
contig-0005720	#009E73	chr3
contig-0005721	#009E73	chr3
contig-0005722	#009E73	chr3
contig-0005723	#009E73	chr3
contig-0005724	#009E73	chr3
contig-0005725	#E6AB23	chr8
contig-0005726	#E6AB23	chr8
contig-0005727	#E6AB23	chr8
contig-0005728	#E69F00	chr1
contig-0005729	#00B28C	chr17
contig-0005730	#56B4E9	chr2
contig-0005731	#56B4E9	chr2
contig-0005732	#56B4E9	chr2
contig-0005733	#56B4E9	chr2
contig-0005734	#009E73	chr3
contig-0005735	#567DE9	chr16
contig-0005736	#E6AB23	chr8
contig-0005737	#00B28C	chr17
contig-0005738	#00B28C	chr17
contig-0005739	#00B28C	chr17
contig-0005740	#737373	chr14
contig-0005741	#00B28C	chr17
contig-0005742	#00B28C	chr17
contig-0005743	#666666	chr7
contig-0005744	#666666	chr7
contig-0005745	#666666	chr7
contig-0005746	#666666	chr7
contig-0005747	#666666	chr7
contig-0005748	#666666	chr7
contig-0005749	#0072B2	chr5
contig-0005750	#737373	chr14
contig-0005751	#D55E00	chr6
contig-0005752	#D55E00	chr6
contig-0005753	#D55E00	chr6
contig-0005754	#56B4E9	chr2
contig-0005755	#56B4E9	chr2
contig-0005756	#56B4E9	chr2
contig-0005757	#D55E00	chr6
contig-0005758	#D55E00	chr6
contig-0005759	#D55E00	chr6
contig-0005760	#D55E00	chr6
contig-0005761	#737373	chr14
contig-0005762	#56B4E9	chr2
contig-0005763	#56B4E9	chr2
contig-0005764	#56B4E9	chr2
contig-0005765	#D55E00	chr6
contig-0005766	#D55E00	chr6
contig-0005767	#D55E00	chr6
contig-0005768	#D55E00	chr6
contig-0005769	#D55E00	chr6
contig-0005770	#737373	chr14
contig-0005771	#737373	chr14
contig-0005772	#737373	chr14
contig-0005773	#737373	chr14
contig-0005774	#737373	chr14
contig-0005775	#737373	chr14
contig-0005776	#5699E9	chr9
contig-0005777	#5699E9	chr9
contig-0005778	#5699E9	chr9
contig-0005779	#5699E9	chr9
contig-0005780	#00A880	chr10
contig-0005781	#00A880	chr10
contig-0005782	#00A880	chr10
contig-0005783	#567DE9	chr16
contig-0005784	#CC8DB3	chr11
contig-0005785	#CC8DB3	chr11
contig-0005786	#CC8DB3	chr11
contig-0005787	#D57533	chr13
contig-0005788	#D57533	chr13
contig-0005789	#D55E00	chr6
contig-0005790	#D55E00	chr6
contig-0005791	#567DE9	chr16
contig-0005792	#D55E00	chr6
contig-0005793	#D55E00	chr6
contig-0005794	#1A7FBA	chr12
contig-0005795	#1A7FBA	chr12
contig-0005796	#1A7FBA	chr12
contig-0005797	#56B4E9	chr2
contig-0005798	#D58C66	chr20
contig-0005799	#D58C66	chr20
contig-0005800	#D58C66	chr20
contig-0005801	#567DE9	chr16
contig-0005802	#56B4E9	chr2
contig-0005803	#56B4E9	chr2
contig-0005804	#56B4E9	chr2
contig-0005805	#CC8DB3	chr11
contig-0005806	#CC8DB3	chr11
contig-0005807	#CC8DB3	chr11
contig-0005808	#56B4E9	chr2
contig-0005809	#56B4E9	chr2
contig-0005810	#567DE9	chr16
contig-0005811	#56B4E9	chr2
contig-0005812	#009E73	chr3
contig-0005813	#009E73	chr3
contig-0005814	#009E73	chr3
contig-0005815	#009E73	chr3
contig-0005816	#009E73	chr3
contig-0005817	#56B4E9	chr2
contig-0005818	#56B4E9	chr2
contig-0005819	#56B4E9	chr2
contig-0005820	#56B4E9	chr2
contig-0005821	#567DE9	chr16
contig-0005822	#56B4E9	chr2
contig-0005823	#D55E00	chr6
contig-0005824	#D58C66	chr20
contig-0005825	#CCA0BF	chr18
contig-0005826	#CCA0BF	chr18
contig-0005827	#CCA0BF	chr18
contig-0005828	#D57533	chr13
contig-0005829	#D57533	chr13
contig-0005830	#D57533	chr13
contig-0005831	#D57533	chr13
contig-0005832	#CC79A7	chr4
contig-0005833	#D57533	chr13
contig-0005834	#D58C66	chr20
contig-0005835	#666666	chr7
contig-0005836	#666666	chr7
contig-0005837	#666666	chr7
contig-0005838	#00B28C	chr17
contig-0005839	#00B28C	chr17
contig-0005840	#0072B2	chr5
contig-0005841	#CC79A7	chr4
contig-0005842	#00B28C	chr17
contig-0005843	#567DE9	chr16
contig-0005844	#CC79A7	chr4
contig-0005845	#CC79A7	chr4
contig-0005846	#CC79A7	chr4
contig-0005847	#CC79A7	chr4
contig-0005848	#CC79A7	chr4
contig-0005849	#CC79A7	chr4
contig-0005850	#009E73	chr3
contig-0005851	#00A880	chr10
contig-0005852	#00A880	chr10
contig-0005853	#009E73	chr3
contig-0005854	#00A880	chr10
contig-0005855	#CC8DB3	chr11
contig-0005856	#00B28C	chr17
contig-0005857	#D57533	chr13
contig-0005858	#E69F00	chr1
contig-0005859	#E69F00	chr1
contig-0005860	#E69F00	chr1
contig-0005861	#CC79A7	chr4
contig-0005862	#E6B847	chr15
contig-0005863	#CC79A7	chr4
contig-0005864	#CC79A7	chr4
contig-0005865	#CC79A7	chr4
contig-0005866	#CCA0BF	chr18
contig-0005867	#CCA0BF	chr18
contig-0005868	#CCA0BF	chr18
contig-0005869	#CCA0BF	chr18
contig-0005870	#CCA0BF	chr18
contig-0005871	#D57533	chr13
contig-0005872	#D57533	chr13
contig-0005873	#E6B847	chr15
contig-0005874	#D57533	chr13
contig-0005875	#737373	chr14
contig-0005876	#E6AB23	chr8
contig-0005877	#E6AB23	chr8
contig-0005878	#E6AB23	chr8
contig-0005879	#56B4E9	chr2
contig-0005880	#56B4E9	chr2
contig-0005881	#56B4E9	chr2
contig-0005882	#56B4E9	chr2
contig-0005883	#5699E9	chr9
contig-0005884	#E6B847	chr15
contig-0005885	#009E73	chr3
contig-0005886	#009E73	chr3
contig-0005887	#009E73	chr3
contig-0005888	#737373	chr14
contig-0005889	#737373	chr14
contig-0005890	#737373	chr14
contig-0005891	#737373	chr14
contig-0005892	#737373	chr14
contig-0005893	#E6B847	chr15
contig-0005894	#E69F00	chr1
contig-0005895	#009E73	chr3
contig-0005896	#009E73	chr3
contig-0005897	#009E73	chr3
contig-0005898	#56B4E9	chr2
contig-0005899	#56B4E9	chr2
contig-0005900	#56B4E9	chr2
contig-0005901	#CC79A7	chr4
contig-0005902	#CC79A7	chr4
contig-0005903	#CC79A7	chr4
contig-0005904	#E6C47F	chr22
contig-0005905	#CC79A7	chr4
contig-0005906	#D58C66	chr20
contig-0005907	#567DE9	chr16
contig-0005908	#567DE9	chr16
contig-0005909	#567DE9	chr16
contig-0005910	#D57533	chr13
contig-0005911	#D57533	chr13
contig-0005912	#D57533	chr13
contig-0005913	#0072B2	chr5
contig-0005914	#E6C47F	chr22
contig-0005915	#1A7FBA	chr12
contig-0005916	#1A7FBA	chr12
contig-0005917	#1A7FBA	chr12
contig-0005918	#00B28C	chr17
contig-0005919	#E6C47F	chr22
contig-0005920	#D57533	chr13
contig-0005921	#D57533	chr13
contig-0005922	#D57533	chr13
contig-0005923	#E6C47F	chr22
contig-0005924	#D55E00	chr6
contig-0005925	#D55E00	chr6
contig-0005926	#D55E00	chr6
contig-0005927	#D55E00	chr6
contig-0005928	#D55E00	chr6
contig-0005929	#E6C47F	chr22
contig-0005930	#E6C47F	chr22
contig-0005931	#E6C47F	chr22
contig-0005932	#5699E9	chr9
contig-0005933	#5699E9	chr9
contig-0005934	#5699E9	chr9
contig-0005935	#737373	chr14
contig-0005936	#5699E9	chr9
contig-0005937	#5699E9	chr9
contig-0005938	#CC79A7	chr4
contig-0005939	#56B4E9	chr2
contig-0005940	#00A880	chr10
contig-0005941	#00A880	chr10
contig-0005942	#00A880	chr10
contig-0005943	#CC8DB3	chr11
contig-0005944	#666666	chr7
contig-0005945	#666666	chr7
contig-0005946	#666666	chr7
contig-0005947	#808080	chr21
contig-0005948	#808080	chr21
contig-0005949	#808080	chr21
contig-0005950	#CC79A7	chr4
contig-0005951	#CC79A7	chr4
contig-0005952	#CC79A7	chr4
contig-0005953	#CC8DB3	chr11
contig-0005954	#1A7FBA	chr12
contig-0005955	#1A7FBA	chr12
contig-0005956	#00B28C	chr17
contig-0005957	#1A7FBA	chr12
contig-0005958	#00A880	chr10
contig-0005959	#737373	chr14
contig-0005960	#737373	chr14
contig-0005961	#737373	chr14
contig-0005962	#E6C47F	chr22
contig-0005963	#E69F00	chr1
contig-0005964	#E69F00	chr1
contig-0005965	#E6AB23	chr8
contig-0005966	#E6AB23	chr8
contig-0005967	#E6AB23	chr8
contig-0005968	#E6AB23	chr8
contig-0005969	#E6AB23	chr8
contig-0005970	#567DE9	chr16
contig-0005971	#567DE9	chr16
contig-0005972	#567DE9	chr16
contig-0005973	#567DE9	chr16
contig-0005974	#567DE9	chr16
contig-0005975	#666666	chr7
contig-0005976	#D58C66	chr20
contig-0005977	#00B28C	chr17
contig-0005978	#009E73	chr3
contig-0005979	#009E73	chr3
contig-0005980	#00A880	chr10
contig-0005981	#1A7FBA	chr12
contig-0005982	#1A7FBA	chr12
contig-0005983	#1A7FBA	chr12
contig-0005984	#567DE9	chr16
contig-0005985	#567DE9	chr16
contig-0005986	#567DE9	chr16
contig-0005987	#567DE9	chr16
contig-0005988	#CC8DB3	chr11
contig-0005989	#567DE9	chr16
contig-0005990	#56B4E9	chr2
contig-0005991	#56B4E9	chr2
contig-0005992	#56B4E9	chr2
contig-0005993	#737373	chr14
contig-0005994	#1A7FBA	chr12
contig-0005995	#1A7FBA	chr12
contig-0005996	#1A7FBA	chr12
contig-0005997	#CC79A7	chr4
contig-0005998	#CC8DB3	chr11
contig-0005999	#CC8DB3	chr11
contig-0006000	#E6B847	chr15
contig-0006001	#E6B847	chr15
contig-0006002	#E6B847	chr15
contig-0006003	#E6B847	chr15
contig-0006004	#E6B847	chr15
contig-0006005	#E6B847	chr15
contig-0006006	#E6B847	chr15
contig-0006007	#D55E00	chr6
contig-0006008	#D57533	chr13
contig-0006009	#D55E00	chr6
contig-0006010	#D55E00	chr6
contig-0006011	#666666	chr7
contig-0006012	#009E73	chr3
contig-0006013	#1A7FBA	chr12
contig-0006014	#1A7FBA	chr12
contig-0006015	#1A7FBA	chr12
contig-0006016	#D55E00	chr6
contig-0006017	#D55E00	chr6
contig-0006018	#D55E00	chr6
contig-0006019	#D57533	chr13
contig-0006020	#CC8DB3	chr11
contig-0006021	#CC79A7	chr4
contig-0006022	#CC79A7	chr4
contig-0006023	#CC79A7	chr4
contig-0006024	#CCA0BF	chr18
contig-0006025	#00A880	chr10
contig-0006026	#00A880	chr10
contig-0006027	#00A880	chr10
contig-0006028	#00A880	chr10
contig-0006029	#338CC2	chr19
contig-0006030	#D57533	chr13
contig-0006031	#338CC2	chr19
contig-0006032	#338CC2	chr19
contig-0006033	#338CC2	chr19
contig-0006034	#338CC2	chr19
contig-0006035	#567DE9	chr16
contig-0006036	#567DE9	chr16
contig-0006037	#CC8DB3	chr11
contig-0006038	#338CC2	chr19
contig-0006039	#338CC2	chr19
contig-0006040	#D57533	chr13
contig-0006041	#338CC2	chr19
contig-0006042	#00A880	chr10
contig-0006043	#00A880	chr10
contig-0006044	#00A880	chr10
contig-0006045	#00A880	chr10
contig-0006046	#00A880	chr10
contig-0006047	#737373	chr14
contig-0006048	#737373	chr14
contig-0006049	#737373	chr14
contig-0006050	#737373	chr14
contig-0006051	#00B28C	chr17
contig-0006052	#D57533	chr13
contig-0006053	#737373	chr14
contig-0006054	#737373	chr14
contig-0006055	#1A7FBA	chr12
contig-0006056	#1A7FBA	chr12
contig-0006057	#1A7FBA	chr12
contig-0006058	#1A7FBA	chr12
contig-0006059	#1A7FBA	chr12
contig-0006060	#1A7FBA	chr12
contig-0006061	#1A7FBA	chr12
contig-0006062	#5699E9	chr9
contig-0006063	#CCA0BF	chr18
contig-0006064	#CCA0BF	chr18
contig-0006065	#CCA0BF	chr18
contig-0006066	#CCA0BF	chr18
contig-0006067	#CCA0BF	chr18
contig-0006068	#0072B2	chr5
contig-0006069	#0072B2	chr5
contig-0006070	#0072B2	chr5
contig-0006071	#CC8DB3	chr11
contig-0006072	#CC8DB3	chr11
contig-0006073	#5699E9	chr9
contig-0006074	#CC8DB3	chr11
contig-0006075	#E6AB23	chr8
contig-0006076	#E6AB23	chr8
contig-0006077	#E6AB23	chr8
contig-0006078	#E6AB23	chr8
contig-0006079	#56B4E9	chr2
contig-0006080	#56B4E9	chr2
contig-0006081	#56B4E9	chr2
contig-0006082	#CC8DB3	chr11
contig-0006083	#CC8DB3	chr11
contig-0006084	#5699E9	chr9
contig-0006085	#CC8DB3	chr11
contig-0006086	#CCA0BF	chr18
contig-0006087	#CCA0BF	chr18
contig-0006088	#CCA0BF	chr18
contig-0006089	#737373	chr14
contig-0006090	#737373	chr14
contig-0006091	#737373	chr14
contig-0006092	#D57533	chr13
contig-0006093	#338CC2	chr19
contig-0006094	#338CC2	chr19
contig-0006095	#D57533	chr13
contig-0006096	#338CC2	chr19
contig-0006097	#1A7FBA	chr12
contig-0006098	#1A7FBA	chr12
contig-0006099	#D57533	chr13
contig-0006100	#0072B2	chr5
contig-0006101	#0072B2	chr5
contig-0006102	#0072B2	chr5
contig-0006103	#D57533	chr13
contig-0006104	#D57533	chr13
contig-0006105	#0072B2	chr5
contig-0006106	#0072B2	chr5
contig-0006107	#E6B847	chr15
contig-0006108	#E6B847	chr15
contig-0006109	#E6B847	chr15
contig-0006110	#CCA0BF	chr18
contig-0006111	#0072B2	chr5
contig-0006112	#666666	chr7
contig-0006113	#D57533	chr13
contig-0006114	#E6B847	chr15
contig-0006115	#E6B847	chr15
contig-0006116	#E6B847	chr15
contig-0006117	#0072B2	chr5
contig-0006118	#CCA0BF	chr18
contig-0006119	#009E73	chr3
contig-0006120	#56B4E9	chr2
contig-0006121	#666666	chr7
contig-0006122	#666666	chr7
contig-0006123	#D57533	chr13
contig-0006124	#666666	chr7
contig-0006125	#00B28C	chr17
contig-0006126	#00B28C	chr17
contig-0006127	#00B28C	chr17
contig-0006128	#00B28C	chr17
contig-0006129	#00B28C	chr17
contig-0006130	#E69F00	chr1
contig-0006131	#E69F00	chr1
contig-0006132	#E69F00	chr1
contig-0006133	#00A880	chr10
contig-0006134	#D57533	chr13
contig-0006135	#E6B847	chr15
contig-0006136	#E6B847	chr15
contig-0006137	#E6B847	chr15
contig-0006138	#E6C47F	chr22
contig-0006139	#0072B2	chr5
contig-0006140	#0072B2	chr5
contig-0006141	#0072B2	chr5
contig-0006142	#009E73	chr3
contig-0006143	#009E73	chr3
contig-0006144	#666666	chr7
contig-0006145	#009E73	chr3
contig-0006146	#E69F00	chr1
contig-0006147	#E69F00	chr1
contig-0006148	#E69F00	chr1
contig-0006149	#E69F00	chr1
contig-0006150	#E69F00	chr1
contig-0006151	#56B4E9	chr2
contig-0006152	#56B4E9	chr2
contig-0006153	#56B4E9	chr2
contig-0006154	#1A7FBA	chr12
contig-0006155	#00B28C	chr17
contig-0006156	#666666	chr7
contig-0006157	#1A7FBA	chr12
contig-0006158	#1A7FBA	chr12
contig-0006159	#1A7FBA	chr12
contig-0006160	#1A7FBA	chr12
contig-0006161	#1A7FBA	chr12
contig-0006162	#1A7FBA	chr12
contig-0006163	#E6C47F	chr22
contig-0006164	#E6C47F	chr22
contig-0006165	#E6C47F	chr22
contig-0006166	#00B28C	chr17
contig-0006167	#666666	chr7
contig-0006168	#00B28C	chr17
contig-0006169	#56B4E9	chr2
contig-0006170	#E6AB23	chr8
contig-0006171	#E6AB23	chr8
contig-0006172	#E6AB23	chr8
contig-0006173	#5699E9	chr9
contig-0006174	#5699E9	chr9
contig-0006175	#5699E9	chr9
contig-0006176	#737373	chr14
contig-0006177	#666666	chr7
contig-0006178	#737373	chr14
contig-0006179	#737373	chr14
contig-0006180	#CC79A7	chr4
contig-0006181	#CC79A7	chr4
contig-0006182	#CC79A7	chr4
contig-0006183	#CCA0BF	chr18
contig-0006184	#666666	chr7
contig-0006185	#1A7FBA	chr12
contig-0006186	#1A7FBA	chr12
contig-0006187	#1A7FBA	chr12
contig-0006188	#1A7FBA	chr12
contig-0006189	#1A7FBA	chr12
contig-0006190	#1A7FBA	chr12
contig-0006191	#1A7FBA	chr12
contig-0006192	#1A7FBA	chr12
contig-0006193	#1A7FBA	chr12
contig-0006194	#1A7FBA	chr12
contig-0006195	#CCA0BF	chr18
contig-0006196	#CCA0BF	chr18
contig-0006197	#CCA0BF	chr18
contig-0006198	#CCA0BF	chr18
contig-0006199	#CCA0BF	chr18
contig-0006200	#CCA0BF	chr18
contig-0006201	#808080	chr21
contig-0006202	#808080	chr21
contig-0006203	#808080	chr21
contig-0006204	#808080	chr21
contig-0006205	#808080	chr21
contig-0006206	#E69F00	chr1
contig-0006207	#E69F00	chr1
contig-0006208	#E69F00	chr1
contig-0006209	#E69F00	chr1
contig-0006210	#E69F00	chr1
contig-0006211	#E69F00	chr1
contig-0006212	#E69F00	chr1
contig-0006213	#E6AB23	chr8
contig-0006214	#D55E00	chr6
contig-0006215	#E69F00	chr1
contig-0006216	#E69F00	chr1
contig-0006217	#E69F00	chr1
contig-0006218	#E6AB23	chr8
contig-0006219	#E6AB23	chr8
contig-0006220	#E6AB23	chr8
contig-0006221	#E6AB23	chr8
contig-0006222	#E6AB23	chr8
contig-0006223	#1A7FBA	chr12
contig-0006224	#1A7FBA	chr12
contig-0006225	#1A7FBA	chr12
contig-0006226	#00A880	chr10
contig-0006227	#D55E00	chr6
contig-0006228	#009E73	chr3
contig-0006229	#5699E9	chr9
contig-0006230	#5699E9	chr9
contig-0006231	#5699E9	chr9
contig-0006232	#D57533	chr13
contig-0006233	#D57533	chr13
contig-0006234	#D57533	chr13
contig-0006235	#D57533	chr13
contig-0006236	#D57533	chr13
contig-0006237	#0072B2	chr5
contig-0006238	#0072B2	chr5
contig-0006239	#0072B2	chr5
contig-0006240	#1A7FBA	chr12
contig-0006241	#0072B2	chr5
contig-0006242	#0072B2	chr5
contig-0006243	#0072B2	chr5
contig-0006244	#0072B2	chr5
contig-0006245	#CC79A7	chr4
contig-0006246	#338CC2	chr19
contig-0006247	#338CC2	chr19
contig-0006248	#338CC2	chr19
contig-0006249	#E69F00	chr1
contig-0006250	#0072B2	chr5
contig-0006251	#D55E00	chr6
contig-0006252	#E69F00	chr1
contig-0006253	#E69F00	chr1
contig-0006254	#0072B2	chr5
contig-0006255	#0072B2	chr5
contig-0006256	#0072B2	chr5
contig-0006257	#00A880	chr10
contig-0006258	#56B4E9	chr2
contig-0006259	#0072B2	chr5
contig-0006260	#E69F00	chr1
contig-0006261	#009E73	chr3
contig-0006262	#009E73	chr3
contig-0006263	#009E73	chr3
contig-0006264	#1A7FBA	chr12
contig-0006265	#1A7FBA	chr12
contig-0006266	#D58C66	chr20
contig-0006267	#D58C66	chr20
contig-0006268	#D58C66	chr20
contig-0006269	#D58C66	chr20
contig-0006270	#D58C66	chr20
contig-0006271	#E69F00	chr1
contig-0006272	#D55E00	chr6
contig-0006273	#CC79A7	chr4
contig-0006274	#CCA0BF	chr18
contig-0006275	#CCA0BF	chr18
contig-0006276	#CCA0BF	chr18
contig-0006277	#CCA0BF	chr18
contig-0006278	#CCA0BF	chr18
contig-0006279	#E6AB23	chr8
contig-0006280	#56B4E9	chr2
contig-0006281	#E69F00	chr1
contig-0006282	#D57533	chr13
contig-0006283	#D57533	chr13
contig-0006284	#D57533	chr13
contig-0006285	#CC79A7	chr4
contig-0006286	#1A7FBA	chr12
contig-0006287	#CC79A7	chr4
contig-0006288	#CC79A7	chr4
contig-0006289	#CC79A7	chr4
contig-0006290	#009E73	chr3
contig-0006291	#E69F00	chr1
contig-0006292	#009E73	chr3
contig-0006293	#E6AB23	chr8
contig-0006294	#E6AB23	chr8
contig-0006295	#E6AB23	chr8
contig-0006296	#808080	chr21
contig-0006297	#808080	chr21
contig-0006298	#808080	chr21
contig-0006299	#E69F00	chr1
contig-0006300	#E69F00	chr1
contig-0006301	#E69F00	chr1
contig-0006302	#737373	chr14
contig-0006303	#737373	chr14
contig-0006304	#737373	chr14
contig-0006305	#E6AB23	chr8
contig-0006306	#E6AB23	chr8
contig-0006307	#E6AB23	chr8
contig-0006308	#56B4E9	chr2
contig-0006309	#56B4E9	chr2
contig-0006310	#E69F00	chr1
contig-0006311	#56B4E9	chr2
contig-0006312	#D55E00	chr6
contig-0006313	#D55E00	chr6
contig-0006314	#D55E00	chr6
contig-0006315	#D55E00	chr6
contig-0006316	#D55E00	chr6
contig-0006317	#E69F00	chr1
contig-0006318	#E69F00	chr1
contig-0006319	#E69F00	chr1
contig-0006320	#E69F00	chr1
contig-0006321	#009E73	chr3
contig-0006322	#E69F00	chr1
contig-0006323	#CC79A7	chr4
contig-0006324	#CC79A7	chr4
contig-0006325	#CC79A7	chr4
contig-0006326	#338CC2	chr19
contig-0006327	#D58C66	chr20
contig-0006328	#D58C66	chr20
contig-0006329	#D58C66	chr20
contig-0006330	#E69F00	chr1
contig-0006331	#E69F00	chr1
contig-0006332	#009E73	chr3
contig-0006333	#E69F00	chr1
contig-0006334	#E6AB23	chr8
contig-0006335	#E6AB23	chr8
contig-0006336	#E6AB23	chr8
contig-0006337	#E69F00	chr1
contig-0006338	#E69F00	chr1
contig-0006339	#E69F00	chr1
contig-0006340	#5699E9	chr9
contig-0006341	#5699E9	chr9
contig-0006342	#5699E9	chr9
contig-0006343	#5699E9	chr9
contig-0006344	#5699E9	chr9
contig-0006345	#1A7FBA	chr12
contig-0006346	#1A7FBA	chr12
contig-0006347	#1A7FBA	chr12
contig-0006348	#0072B2	chr5
contig-0006349	#0072B2	chr5
contig-0006350	#D58C66	chr20
contig-0006351	#D58C66	chr20
contig-0006352	#D58C66	chr20
contig-0006353	#CC79A7	chr4
contig-0006354	#1A7FBA	chr12
contig-0006355	#1A7FBA	chr12
contig-0006356	#1A7FBA	chr12
contig-0006357	#1A7FBA	chr12
contig-0006358	#E6B847	chr15
contig-0006359	#00B28C	chr17
contig-0006360	#CC79A7	chr4
contig-0006361	#CC79A7	chr4
contig-0006362	#CC79A7	chr4
contig-0006363	#E69F00	chr1
contig-0006364	#0072B2	chr5
contig-0006365	#CC79A7	chr4
contig-0006366	#E69F00	chr1
contig-0006367	#E69F00	chr1
contig-0006368	#D58C66	chr20
contig-0006369	#D58C66	chr20
contig-0006370	#D58C66	chr20
contig-0006371	#D58C66	chr20
contig-0006372	#D58C66	chr20
contig-0006373	#E69F00	chr1
contig-0006374	#1A7FBA	chr12
contig-0006375	#338CC2	chr19
contig-0006376	#00B28C	chr17
contig-0006377	#1A7FBA	chr12
contig-0006378	#567DE9	chr16
contig-0006379	#E6AB23	chr8
contig-0006380	#E6AB23	chr8
contig-0006381	#00A880	chr10
contig-0006382	#00A880	chr10
contig-0006383	#00A880	chr10
contig-0006384	#009E73	chr3
contig-0006385	#009E73	chr3
contig-0006386	#009E73	chr3
contig-0006387	#00B28C	chr17
contig-0006388	#D58C66	chr20
contig-0006389	#00B28C	chr17
contig-0006390	#00B28C	chr17
contig-0006391	#00B28C	chr17
contig-0006392	#E6B847	chr15
contig-0006393	#E6B847	chr15
contig-0006394	#E6B847	chr15
contig-0006395	#E6B847	chr15
contig-0006396	#00A880	chr10
contig-0006397	#0072B2	chr5
contig-0006398	#0072B2	chr5
contig-0006399	#0072B2	chr5
contig-0006400	#1A7FBA	chr12
contig-0006401	#1A7FBA	chr12
contig-0006402	#1A7FBA	chr12
contig-0006403	#1A7FBA	chr12
contig-0006404	#1A7FBA	chr12
contig-0006405	#5699E9	chr9
contig-0006406	#5699E9	chr9
contig-0006407	#E6C47F	chr22
contig-0006408	#5699E9	chr9
contig-0006409	#666666	chr7
contig-0006410	#666666	chr7
contig-0006411	#666666	chr7
contig-0006412	#56B4E9	chr2
contig-0006413	#56B4E9	chr2
contig-0006414	#56B4E9	chr2
contig-0006415	#E69F00	chr1
contig-0006416	#E69F00	chr1
contig-0006417	#E69F00	chr1
contig-0006418	#E6C47F	chr22
contig-0006419	#E69F00	chr1
contig-0006420	#666666	chr7
contig-0006421	#338CC2	chr19
contig-0006422	#338CC2	chr19
contig-0006423	#338CC2	chr19
contig-0006424	#CC8DB3	chr11
contig-0006425	#56B4E9	chr2
contig-0006426	#56B4E9	chr2
contig-0006427	#56B4E9	chr2
contig-0006428	#56B4E9	chr2
contig-0006429	#5699E9	chr9
contig-0006430	#E69F00	chr1
contig-0006431	#E69F00	chr1
contig-0006432	#56B4E9	chr2
contig-0006433	#00A880	chr10
contig-0006434	#00A880	chr10
contig-0006435	#00A880	chr10
contig-0006436	#00A880	chr10
contig-0006437	#00A880	chr10
contig-0006438	#009E73	chr3
contig-0006439	#009E73	chr3
contig-0006440	#009E73	chr3
contig-0006441	#009E73	chr3
contig-0006442	#009E73	chr3
contig-0006443	#CCA0BF	chr18
contig-0006444	#CCA0BF	chr18
contig-0006445	#CCA0BF	chr18
contig-0006446	#D57533	chr13
contig-0006447	#D57533	chr13
contig-0006448	#D57533	chr13
contig-0006449	#D57533	chr13
contig-0006450	#D57533	chr13
contig-0006451	#E69F00	chr1
contig-0006452	#E69F00	chr1
contig-0006453	#D55E00	chr6
contig-0006454	#D55E00	chr6
contig-0006455	#D55E00	chr6
contig-0006456	#D55E00	chr6
contig-0006457	#D55E00	chr6
contig-0006458	#00B28C	chr17
contig-0006459	#5699E9	chr9
contig-0006460	#00B28C	chr17
contig-0006461	#00B28C	chr17
contig-0006462	#CC8DB3	chr11
contig-0006463	#CC8DB3	chr11
contig-0006464	#CC8DB3	chr11
contig-0006465	#CC8DB3	chr11
contig-0006466	#1A7FBA	chr12
contig-0006467	#0072B2	chr5
contig-0006468	#5699E9	chr9
contig-0006469	#1A7FBA	chr12
contig-0006470	#1A7FBA	chr12
contig-0006471	#1A7FBA	chr12
contig-0006472	#1A7FBA	chr12
contig-0006473	#E6B847	chr15
contig-0006474	#E6B847	chr15
contig-0006475	#E6B847	chr15
contig-0006476	#E69F00	chr1
contig-0006477	#E69F00	chr1
contig-0006478	#E69F00	chr1
contig-0006479	#D55E00	chr6
contig-0006480	#0072B2	chr5
contig-0006481	#0072B2	chr5
contig-0006482	#0072B2	chr5
contig-0006483	#0072B2	chr5
contig-0006484	#5699E9	chr9
contig-0006485	#567DE9	chr16
contig-0006486	#567DE9	chr16
contig-0006487	#567DE9	chr16
contig-0006488	#567DE9	chr16
contig-0006489	#D55E00	chr6
contig-0006490	#737373	chr14
contig-0006491	#737373	chr14
contig-0006492	#737373	chr14
contig-0006493	#009E73	chr3
contig-0006494	#E69F00	chr1
contig-0006495	#E69F00	chr1
contig-0006496	#E69F00	chr1
contig-0006497	#E69F00	chr1
contig-0006498	#567DE9	chr16
contig-0006499	#567DE9	chr16
contig-0006500	#D55E00	chr6
contig-0006501	#567DE9	chr16
contig-0006502	#666666	chr7
contig-0006503	#666666	chr7
contig-0006504	#666666	chr7
contig-0006505	#CC8DB3	chr11
contig-0006506	#CC8DB3	chr11
contig-0006507	#CC8DB3	chr11
contig-0006508	#1A7FBA	chr12
contig-0006509	#E6AB23	chr8
contig-0006510	#E6AB23	chr8
contig-0006511	#D55E00	chr6
contig-0006512	#E6AB23	chr8
contig-0006513	#D55E00	chr6
contig-0006514	#E69F00	chr1
contig-0006515	#E69F00	chr1
contig-0006516	#D57533	chr13
contig-0006517	#D57533	chr13
contig-0006518	#808080	chr21
contig-0006519	#666666	chr7
contig-0006520	#D55E00	chr6
contig-0006521	#666666	chr7
contig-0006522	#0072B2	chr5
contig-0006523	#737373	chr14
contig-0006524	#737373	chr14
contig-0006525	#737373	chr14
contig-0006526	#E6B847	chr15
contig-0006527	#E6B847	chr15
contig-0006528	#E6B847	chr15
contig-0006529	#E6B847	chr15
contig-0006530	#D55E00	chr6
contig-0006531	#00B28C	chr17
contig-0006532	#00B28C	chr17
contig-0006533	#00B28C	chr17
contig-0006534	#00B28C	chr17
contig-0006535	#56B4E9	chr2
contig-0006536	#5699E9	chr9
contig-0006537	#5699E9	chr9
contig-0006538	#5699E9	chr9
contig-0006539	#5699E9	chr9
contig-0006540	#D55E00	chr6
contig-0006541	#5699E9	chr9
contig-0006542	#00A880	chr10
contig-0006543	#00A880	chr10
contig-0006544	#00A880	chr10
contig-0006545	#00A880	chr10
contig-0006546	#00A880	chr10
contig-0006547	#00B28C	chr17
contig-0006548	#00B28C	chr17
contig-0006549	#00B28C	chr17
contig-0006550	#D55E00	chr6
contig-0006551	#D58C66	chr20
contig-0006552	#D55E00	chr6
contig-0006553	#D55E00	chr6
contig-0006554	#56B4E9	chr2
contig-0006555	#CC79A7	chr4
contig-0006556	#CC79A7	chr4
contig-0006557	#338CC2	chr19
contig-0006558	#D57533	chr13
contig-0006559	#D57533	chr13
contig-0006560	#D57533	chr13
contig-0006561	#D58C66	chr20
contig-0006562	#D57533	chr13
contig-0006563	#D57533	chr13
contig-0006564	#E69F00	chr1
contig-0006565	#E69F00	chr1
contig-0006566	#E69F00	chr1
contig-0006567	#E69F00	chr1
contig-0006568	#E69F00	chr1
contig-0006569	#D58C66	chr20
contig-0006570	#D58C66	chr20
contig-0006571	#D58C66	chr20
contig-0006572	#0072B2	chr5
contig-0006573	#D58C66	chr20
contig-0006574	#CC8DB3	chr11
contig-0006575	#CC8DB3	chr11
contig-0006576	#CC8DB3	chr11
contig-0006577	#CC8DB3	chr11
contig-0006578	#CC8DB3	chr11
contig-0006579	#56B4E9	chr2
contig-0006580	#56B4E9	chr2
contig-0006581	#56B4E9	chr2
contig-0006582	#D55E00	chr6
contig-0006583	#D58C66	chr20
contig-0006584	#D55E00	chr6
contig-0006585	#D58C66	chr20
contig-0006586	#D58C66	chr20
contig-0006587	#D58C66	chr20
contig-0006588	#1A7FBA	chr12
contig-0006589	#D57533	chr13
contig-0006590	#5699E9	chr9
contig-0006591	#5699E9	chr9
contig-0006592	#5699E9	chr9
contig-0006593	#CC79A7	chr4
contig-0006594	#D58C66	chr20
contig-0006595	#CC79A7	chr4
contig-0006596	#CC79A7	chr4
contig-0006597	#00A880	chr10
contig-0006598	#00A880	chr10
contig-0006599	#00A880	chr10
contig-0006600	#00A880	chr10
contig-0006601	#00A880	chr10
contig-0006602	#00B28C	chr17
contig-0006603	#009E73	chr3
contig-0006604	#009E73	chr3
contig-0006605	#D57533	chr13
contig-0006606	#009E73	chr3
contig-0006607	#00B28C	chr17
contig-0006608	#00B28C	chr17
contig-0006609	#00B28C	chr17
contig-0006610	#009E73	chr3
contig-0006611	#009E73	chr3
contig-0006612	#009E73	chr3
contig-0006613	#D55E00	chr6
contig-0006614	#D55E00	chr6
contig-0006615	#D57533	chr13
contig-0006616	#E6AB23	chr8
contig-0006617	#009E73	chr3
contig-0006618	#666666	chr7
contig-0006619	#009E73	chr3
contig-0006620	#009E73	chr3
contig-0006621	#009E73	chr3
contig-0006622	#00A880	chr10
contig-0006623	#1A7FBA	chr12
contig-0006624	#1A7FBA	chr12
contig-0006625	#1A7FBA	chr12
contig-0006626	#D57533	chr13
contig-0006627	#1A7FBA	chr12
contig-0006628	#E6AB23	chr8
contig-0006629	#5699E9	chr9
contig-0006630	#CC8DB3	chr11
contig-0006631	#1A7FBA	chr12
contig-0006632	#1A7FBA	chr12
contig-0006633	#1A7FBA	chr12
contig-0006634	#1A7FBA	chr12
contig-0006635	#1A7FBA	chr12
contig-0006636	#009E73	chr3
contig-0006637	#5699E9	chr9
contig-0006638	#CC79A7	chr4
contig-0006639	#CC79A7	chr4
contig-0006640	#666666	chr7
contig-0006641	#666666	chr7
contig-0006642	#666666	chr7
contig-0006643	#666666	chr7
contig-0006644	#666666	chr7
contig-0006645	#00B28C	chr17
contig-0006646	#0072B2	chr5
contig-0006647	#D55E00	chr6
contig-0006648	#D57533	chr13
contig-0006649	#D57533	chr13
contig-0006650	#D57533	chr13
contig-0006651	#009E73	chr3
contig-0006652	#009E73	chr3
contig-0006653	#E6B847	chr15
contig-0006654	#E6B847	chr15
contig-0006655	#E6B847	chr15
contig-0006656	#E6B847	chr15
contig-0006657	#D55E00	chr6
contig-0006658	#E6B847	chr15
contig-0006659	#D55E00	chr6
contig-0006660	#D55E00	chr6
contig-0006661	#D55E00	chr6
contig-0006662	#D55E00	chr6
contig-0006663	#CC79A7	chr4
contig-0006664	#CC79A7	chr4
contig-0006665	#1A7FBA	chr12
contig-0006666	#D55E00	chr6
contig-0006667	#1A7FBA	chr12
contig-0006668	#1A7FBA	chr12
contig-0006669	#1A7FBA	chr12
contig-0006670	#CC8DB3	chr11
contig-0006671	#E69F00	chr1
contig-0006672	#E69F00	chr1
contig-0006673	#E69F00	chr1
contig-0006674	#E69F00	chr1
contig-0006675	#0072B2	chr5
contig-0006676	#5699E9	chr9
contig-0006677	#5699E9	chr9
contig-0006678	#5699E9	chr9
contig-0006679	#5699E9	chr9
contig-0006680	#5699E9	chr9
contig-0006681	#5699E9	chr9
contig-0006682	#5699E9	chr9
contig-0006683	#5699E9	chr9
contig-0006684	#00B28C	chr17
contig-0006685	#00B28C	chr17
contig-0006686	#00B28C	chr17
contig-0006687	#737373	chr14
contig-0006688	#737373	chr14
contig-0006689	#737373	chr14
contig-0006690	#666666	chr7
contig-0006691	#666666	chr7
contig-0006692	#666666	chr7
contig-0006693	#E6C47F	chr22
contig-0006694	#666666	chr7
contig-0006695	#737373	chr14
contig-0006696	#737373	chr14
contig-0006697	#737373	chr14
contig-0006698	#CC8DB3	chr11
contig-0006699	#009E73	chr3
contig-0006700	#009E73	chr3
contig-0006701	#009E73	chr3
contig-0006702	#D58C66	chr20
contig-0006703	#E6C47F	chr22
contig-0006704	#D58C66	chr20
contig-0006705	#D58C66	chr20
contig-0006706	#009E73	chr3
contig-0006707	#009E73	chr3
contig-0006708	#009E73	chr3
contig-0006709	#009E73	chr3
contig-0006710	#009E73	chr3
contig-0006711	#CCA0BF	chr18
contig-0006712	#CCA0BF	chr18
contig-0006713	#CCA0BF	chr18
contig-0006714	#E6C47F	chr22
contig-0006715	#567DE9	chr16
contig-0006716	#567DE9	chr16
contig-0006717	#567DE9	chr16
contig-0006718	#567DE9	chr16
contig-0006719	#567DE9	chr16
contig-0006720	#666666	chr7
contig-0006721	#E6AB23	chr8
contig-0006722	#338CC2	chr19
contig-0006723	#338CC2	chr19
contig-0006724	#338CC2	chr19
contig-0006725	#808080	chr21
contig-0006726	#D57533	chr13
contig-0006727	#D57533	chr13
contig-0006728	#D57533	chr13
contig-0006729	#E69F00	chr1
contig-0006730	#E69F00	chr1
contig-0006731	#E69F00	chr1
contig-0006732	#E69F00	chr1
contig-0006733	#D55E00	chr6
contig-0006734	#D55E00	chr6
contig-0006735	#D55E00	chr6
contig-0006736	#D55E00	chr6
contig-0006737	#00A880	chr10
contig-0006738	#56B4E9	chr2
contig-0006739	#E69F00	chr1
contig-0006740	#CC8DB3	chr11
contig-0006741	#CC8DB3	chr11
contig-0006742	#CC8DB3	chr11
contig-0006743	#CC8DB3	chr11
contig-0006744	#D55E00	chr6
contig-0006745	#009E73	chr3
contig-0006746	#0072B2	chr5
contig-0006747	#0072B2	chr5
contig-0006748	#D58C66	chr20
contig-0006749	#E6AB23	chr8
contig-0006750	#E6AB23	chr8
contig-0006751	#E6AB23	chr8
contig-0006752	#666666	chr7
contig-0006753	#666666	chr7
contig-0006754	#666666	chr7
contig-0006755	#D55E00	chr6
contig-0006756	#666666	chr7
contig-0006757	#666666	chr7
contig-0006758	#CC79A7	chr4
contig-0006759	#CC79A7	chr4
contig-0006760	#CC79A7	chr4
contig-0006761	#CC79A7	chr4
contig-0006762	#CC79A7	chr4
contig-0006763	#56B4E9	chr2
contig-0006764	#56B4E9	chr2
contig-0006765	#56B4E9	chr2
contig-0006766	#D55E00	chr6
contig-0006767	#56B4E9	chr2
contig-0006768	#E6AB23	chr8
contig-0006769	#E6AB23	chr8
contig-0006770	#E6AB23	chr8
contig-0006771	#E6AB23	chr8
contig-0006772	#E6AB23	chr8
contig-0006773	#E6AB23	chr8
contig-0006774	#E6AB23	chr8
contig-0006775	#56B4E9	chr2
contig-0006776	#567DE9	chr16
contig-0006777	#D55E00	chr6
contig-0006778	#56B4E9	chr2
contig-0006779	#56B4E9	chr2
contig-0006780	#E6AB23	chr8
contig-0006781	#E6AB23	chr8
contig-0006782	#E6AB23	chr8
contig-0006783	#009E73	chr3
contig-0006784	#009E73	chr3
contig-0006785	#009E73	chr3
contig-0006786	#D58C66	chr20
contig-0006787	#D55E00	chr6
contig-0006788	#0072B2	chr5
contig-0006789	#00B28C	chr17
contig-0006790	#00B28C	chr17
contig-0006791	#0072B2	chr5
contig-0006792	#0072B2	chr5
contig-0006793	#0072B2	chr5
contig-0006794	#0072B2	chr5
contig-0006795	#0072B2	chr5
contig-0006796	#E6B847	chr15
contig-0006797	#1A7FBA	chr12
contig-0006798	#1A7FBA	chr12
contig-0006799	#1A7FBA	chr12
contig-0006800	#009E73	chr3
contig-0006801	#009E73	chr3
contig-0006802	#009E73	chr3
contig-0006803	#E69F00	chr1
contig-0006804	#567DE9	chr16
contig-0006805	#567DE9	chr16
contig-0006806	#567DE9	chr16
contig-0006807	#0072B2	chr5
contig-0006808	#567DE9	chr16
contig-0006809	#567DE9	chr16
contig-0006810	#D57533	chr13
contig-0006811	#E6AB23	chr8
contig-0006812	#E6AB23	chr8
contig-0006813	#E6AB23	chr8
contig-0006814	#E6AB23	chr8
contig-0006815	#CC8DB3	chr11
contig-0006816	#567DE9	chr16
contig-0006817	#567DE9	chr16
contig-0006818	#0072B2	chr5
contig-0006819	#567DE9	chr16
contig-0006820	#567DE9	chr16
contig-0006821	#00B28C	chr17
contig-0006822	#00B28C	chr17
contig-0006823	#8C564B	chrY
contig-0006824	#8C564B	chrY
contig-0006825	#CC79A7	chr4
contig-0006826	#E6C47F	chr22
contig-0006827	#E6C47F	chr22
contig-0006828	#0072B2	chr5
contig-0006829	#E6C47F	chr22
contig-0006830	#737373	chr14
contig-0006831	#737373	chr14
contig-0006832	#737373	chr14
contig-0006833	#737373	chr14
contig-0006834	#666666	chr7
contig-0006835	#666666	chr7
contig-0006836	#666666	chr7
contig-0006837	#CCA0BF	chr18
contig-0006838	#E6AB23	chr8
contig-0006839	#009E73	chr3
contig-0006840	#338CC2	chr19
contig-0006841	#338CC2	chr19
contig-0006842	#338CC2	chr19
contig-0006843	#CC79A7	chr4
contig-0006844	#CC79A7	chr4
contig-0006845	#CC79A7	chr4
contig-0006846	#CC79A7	chr4
contig-0006847	#E6AB23	chr8
contig-0006848	#CC79A7	chr4
contig-0006849	#CC79A7	chr4
contig-0006850	#E6B847	chr15
contig-0006851	#E6B847	chr15
contig-0006852	#E6B847	chr15
contig-0006853	#CC79A7	chr4
contig-0006854	#E6AB23	chr8
contig-0006855	#E6AB23	chr8
contig-0006856	#E6AB23	chr8
contig-0006857	#E6B847	chr15
contig-0006858	#E6AB23	chr8
contig-0006859	#CC8DB3	chr11
contig-0006860	#CC8DB3	chr11
contig-0006861	#CC8DB3	chr11
contig-0006862	#56B4E9	chr2
contig-0006863	#5699E9	chr9
contig-0006864	#737373	chr14
contig-0006865	#56B4E9	chr2
contig-0006866	#56B4E9	chr2
contig-0006867	#56B4E9	chr2
contig-0006868	#56B4E9	chr2
contig-0006869	#56B4E9	chr2
contig-0006870	#56B4E9	chr2
contig-0006871	#56B4E9	chr2
contig-0006872	#56B4E9	chr2
contig-0006873	#56B4E9	chr2
contig-0006874	#56B4E9	chr2
contig-0006875	#CC79A7	chr4
contig-0006876	#CC79A7	chr4
contig-0006877	#CC79A7	chr4
contig-0006878	#338CC2	chr19
contig-0006879	#567DE9	chr16
contig-0006880	#56B4E9	chr2
contig-0006881	#338CC2	chr19
contig-0006882	#338CC2	chr19
contig-0006883	#338CC2	chr19
contig-0006884	#CC8DB3	chr11
contig-0006885	#CC8DB3	chr11
contig-0006886	#CC8DB3	chr11
contig-0006887	#CC8DB3	chr11
contig-0006888	#1A7FBA	chr12
contig-0006889	#1A7FBA	chr12
contig-0006890	#1A7FBA	chr12
contig-0006891	#56B4E9	chr2
contig-0006892	#009E73	chr3
contig-0006893	#666666	chr7
contig-0006894	#666666	chr7
contig-0006895	#666666	chr7
contig-0006896	#666666	chr7
contig-0006897	#666666	chr7
contig-0006898	#666666	chr7
contig-0006899	#666666	chr7
contig-0006900	#666666	chr7
contig-0006901	#737373	chr14
contig-0006902	#56B4E9	chr2
contig-0006903	#009E73	chr3
contig-0006904	#338CC2	chr19
contig-0006905	#338CC2	chr19
contig-0006906	#338CC2	chr19
contig-0006907	#CC79A7	chr4
contig-0006908	#CC79A7	chr4
contig-0006909	#D57533	chr13
contig-0006910	#D57533	chr13
contig-0006911	#D57533	chr13
contig-0006912	#E69F00	chr1
contig-0006913	#D57533	chr13
contig-0006914	#E69F00	chr1
contig-0006915	#E69F00	chr1
contig-0006916	#E69F00	chr1
contig-0006917	#D55E00	chr6
contig-0006918	#D55E00	chr6
contig-0006919	#D55E00	chr6
contig-0006920	#56B4E9	chr2
contig-0006921	#CC79A7	chr4
contig-0006922	#009E73	chr3
contig-0006923	#E69F00	chr1
contig-0006924	#009E73	chr3
contig-0006925	#009E73	chr3
contig-0006926	#737373	chr14
contig-0006927	#737373	chr14
contig-0006928	#737373	chr14
contig-0006929	#E69F00	chr1
contig-0006930	#E69F00	chr1
contig-0006931	#E69F00	chr1
contig-0006932	#0072B2	chr5
contig-0006933	#0072B2	chr5
contig-0006934	#E69F00	chr1
contig-0006935	#0072B2	chr5
contig-0006936	#0072B2	chr5
contig-0006937	#0072B2	chr5
contig-0006938	#D58C66	chr20
contig-0006939	#D58C66	chr20
contig-0006940	#D58C66	chr20
contig-0006941	#CCA0BF	chr18
contig-0006942	#CCA0BF	chr18
contig-0006943	#CCA0BF	chr18
contig-0006944	#CCA0BF	chr18
contig-0006945	#E69F00	chr1
contig-0006946	#00A880	chr10
contig-0006947	#00A880	chr10
contig-0006948	#009E73	chr3
contig-0006949	#009E73	chr3
contig-0006950	#009E73	chr3
contig-0006951	#009E73	chr3
contig-0006952	#009E73	chr3
contig-0006953	#009E73	chr3
contig-0006954	#00B28C	chr17
contig-0006955	#E69F00	chr1
contig-0006956	#00B28C	chr17
contig-0006957	#00B28C	chr17
contig-0006958	#E6B847	chr15
contig-0006959	#E6B847	chr15
contig-0006960	#E6B847	chr15
contig-0006961	#E6B847	chr15
contig-0006962	#E6B847	chr15
contig-0006963	#E6AB23	chr8
contig-0006964	#00A880	chr10
contig-0006965	#E6B847	chr15
contig-0006966	#567DE9	chr16
contig-0006967	#D58C66	chr20
contig-0006968	#56B4E9	chr2
contig-0006969	#56B4E9	chr2
contig-0006970	#56B4E9	chr2
contig-0006971	#56B4E9	chr2
contig-0006972	#56B4E9	chr2
contig-0006973	#56B4E9	chr2
contig-0006974	#009E73	chr3
contig-0006975	#009E73	chr3
contig-0006976	#009E73	chr3
contig-0006977	#567DE9	chr16
contig-0006978	#0072B2	chr5
contig-0006979	#0072B2	chr5
contig-0006980	#0072B2	chr5
contig-0006981	#009E73	chr3
contig-0006982	#E69F00	chr1
contig-0006983	#E69F00	chr1
contig-0006984	#CC79A7	chr4
contig-0006985	#CC79A7	chr4
contig-0006986	#CC79A7	chr4
contig-0006987	#CC79A7	chr4
contig-0006988	#567DE9	chr16
contig-0006989	#D55E00	chr6
contig-0006990	#E6B847	chr15
contig-0006991	#E6B847	chr15
contig-0006992	#E6B847	chr15
contig-0006993	#E69F00	chr1
contig-0006994	#D57533	chr13
contig-0006995	#D57533	chr13
contig-0006996	#D57533	chr13
contig-0006997	#D57533	chr13
contig-0006998	#567DE9	chr16
contig-0006999	#D57533	chr13
contig-0007000	#666666	chr7
contig-0007001	#666666	chr7
contig-0007002	#666666	chr7
contig-0007003	#E6AB23	chr8
contig-0007004	#009E73	chr3
contig-0007005	#009E73	chr3
contig-0007006	#009E73	chr3
contig-0007007	#009E73	chr3
contig-0007008	#009E73	chr3
contig-0007009	#567DE9	chr16
contig-0007010	#CC79A7	chr4
contig-0007011	#CC79A7	chr4
contig-0007012	#CC79A7	chr4
contig-0007013	#56B4E9	chr2
contig-0007014	#56B4E9	chr2
contig-0007015	#56B4E9	chr2
contig-0007016	#338CC2	chr19
contig-0007017	#338CC2	chr19
contig-0007018	#338CC2	chr19
contig-0007019	#D57533	chr13
contig-0007020	#808080	chr21
contig-0007021	#D57533	chr13
contig-0007022	#D57533	chr13
contig-0007023	#E6AB23	chr8
contig-0007024	#E6AB23	chr8
contig-0007025	#E6AB23	chr8
contig-0007026	#338CC2	chr19
contig-0007027	#338CC2	chr19
contig-0007028	#338CC2	chr19
contig-0007029	#338CC2	chr19
contig-0007030	#338CC2	chr19
contig-0007031	#D57533	chr13
contig-0007032	#00A880	chr10
contig-0007033	#00A880	chr10
contig-0007034	#5699E9	chr9
contig-0007035	#009E73	chr3
contig-0007036	#009E73	chr3
contig-0007037	#009E73	chr3
contig-0007038	#009E73	chr3
contig-0007039	#CCA0BF	chr18
contig-0007040	#CCA0BF	chr18
contig-0007041	#CCA0BF	chr18
contig-0007042	#E6AB23	chr8
contig-0007043	#E6AB23	chr8
contig-0007044	#E6AB23	chr8
contig-0007045	#E6AB23	chr8
contig-0007046	#E6AB23	chr8
contig-0007047	#CC8DB3	chr11
contig-0007048	#808080	chr21
contig-0007049	#CC8DB3	chr11
contig-0007050	#CC8DB3	chr11
contig-0007051	#CC8DB3	chr11
contig-0007052	#00B28C	chr17
contig-0007053	#00B28C	chr17
contig-0007054	#00B28C	chr17
contig-0007055	#00B28C	chr17
contig-0007056	#00B28C	chr17
contig-0007057	#009E73	chr3
contig-0007058	#CCA0BF	chr18
contig-0007059	#808080	chr21
contig-0007060	#0072B2	chr5
contig-0007061	#00A880	chr10
contig-0007062	#00A880	chr10
contig-0007063	#00A880	chr10
contig-0007064	#5699E9	chr9
contig-0007065	#5699E9	chr9
contig-0007066	#5699E9	chr9
contig-0007067	#0072B2	chr5
contig-0007068	#0072B2	chr5
contig-0007069	#0072B2	chr5
contig-0007070	#0072B2	chr5
contig-0007071	#D55E00	chr6
contig-0007072	#D55E00	chr6
contig-0007073	#D55E00	chr6
contig-0007074	#CC8DB3	chr11
contig-0007075	#E6AB23	chr8
contig-0007076	#E6AB23	chr8
contig-0007077	#E6AB23	chr8
contig-0007078	#0072B2	chr5
contig-0007079	#56B4E9	chr2
contig-0007080	#56B4E9	chr2
contig-0007081	#0072B2	chr5
contig-0007082	#56B4E9	chr2
contig-0007083	#E69F00	chr1
contig-0007084	#E69F00	chr1
contig-0007085	#E69F00	chr1
contig-0007086	#5699E9	chr9
contig-0007087	#5699E9	chr9
contig-0007088	#56B4E9	chr2
contig-0007089	#CC79A7	chr4
contig-0007090	#CC79A7	chr4
contig-0007091	#567DE9	chr16
contig-0007092	#CC79A7	chr4
contig-0007093	#CC79A7	chr4
contig-0007094	#E6AB23	chr8
contig-0007095	#E6AB23	chr8
contig-0007096	#E6AB23	chr8
contig-0007097	#737373	chr14
contig-0007098	#009E73	chr3
contig-0007099	#56B4E9	chr2
contig-0007100	#56B4E9	chr2
contig-0007101	#56B4E9	chr2
contig-0007102	#0072B2	chr5
contig-0007103	#56B4E9	chr2
contig-0007104	#56B4E9	chr2
contig-0007105	#56B4E9	chr2
contig-0007106	#56B4E9	chr2
contig-0007107	#666666	chr7
contig-0007108	#666666	chr7
contig-0007109	#666666	chr7
contig-0007110	#666666	chr7
contig-0007111	#666666	chr7
contig-0007112	#009E73	chr3
contig-0007113	#0072B2	chr5
contig-0007114	#E6C47F	chr22
contig-0007115	#E6C47F	chr22
contig-0007116	#009E73	chr3
contig-0007117	#009E73	chr3
contig-0007118	#009E73	chr3
contig-0007119	#E6AB23	chr8
contig-0007120	#E6AB23	chr8
contig-0007121	#E6AB23	chr8
contig-0007122	#00A880	chr10
contig-0007123	#00A880	chr10
contig-0007125	#D57533	chr13
contig-0007126	#1A7FBA	chr12
contig-0007127	#1A7FBA	chr12
contig-0007128	#E6AB23	chr8
contig-0007129	#E6AB23	chr8
contig-0007130	#E6AB23	chr8
contig-0007131	#00B28C	chr17
contig-0007132	#56B4E9	chr2
contig-0007133	#56B4E9	chr2
contig-0007134	#0072B2	chr5
contig-0007135	#56B4E9	chr2
contig-0007136	#56B4E9	chr2
contig-0007137	#56B4E9	chr2
contig-0007138	#009E73	chr3
contig-0007139	#009E73	chr3
contig-0007140	#009E73	chr3
contig-0007141	#0072B2	chr5
contig-0007142	#E69F00	chr1
contig-0007143	#CC8DB3	chr11
contig-0007144	#CC8DB3	chr11
contig-0007145	#0072B2	chr5
contig-0007146	#CC8DB3	chr11
contig-0007147	#56B4E9	chr2
contig-0007148	#56B4E9	chr2
contig-0007149	#56B4E9	chr2
contig-0007150	#D55E00	chr6
contig-0007151	#D55E00	chr6
contig-0007152	#D55E00	chr6
contig-0007153	#56B4E9	chr2
contig-0007154	#0072B2	chr5
contig-0007155	#666666	chr7
contig-0007156	#E69F00	chr1
contig-0007157	#E69F00	chr1
contig-0007158	#E69F00	chr1
contig-0007159	#00B28C	chr17
contig-0007160	#00B28C	chr17
contig-0007161	#00B28C	chr17
contig-0007162	#E69F00	chr1
contig-0007163	#E69F00	chr1
contig-0007164	#00A880	chr10
contig-0007165	#00A880	chr10
contig-0007166	#E6B847	chr15
contig-0007167	#E6B847	chr15
contig-0007168	#E6B847	chr15
contig-0007169	#E69F00	chr1
contig-0007170	#E69F00	chr1
contig-0007171	#E69F00	chr1
contig-0007172	#1A7FBA	chr12
contig-0007173	#0072B2	chr5
contig-0007174	#5699E9	chr9
contig-0007175	#5699E9	chr9
contig-0007176	#5699E9	chr9
contig-0007177	#009E73	chr3
contig-0007178	#009E73	chr3
contig-0007179	#1A7FBA	chr12
contig-0007180	#567DE9	chr16
contig-0007181	#567DE9	chr16
contig-0007182	#567DE9	chr16
contig-0007183	#CC79A7	chr4
contig-0007184	#CC79A7	chr4
contig-0007185	#CC8DB3	chr11
contig-0007186	#666666	chr7
contig-0007187	#666666	chr7
contig-0007188	#666666	chr7
contig-0007189	#666666	chr7
contig-0007190	#D55E00	chr6
contig-0007191	#D55E00	chr6
contig-0007192	#1A7FBA	chr12
contig-0007193	#567DE9	chr16
contig-0007194	#808080	chr21
contig-0007195	#D55E00	chr6
contig-0007196	#666666	chr7
contig-0007197	#666666	chr7
contig-0007198	#E69F00	chr1
contig-0007199	#E69F00	chr1
contig-0007200	#E69F00	chr1
contig-0007201	#E69F00	chr1
contig-0007202	#E69F00	chr1
contig-0007203	#1A7FBA	chr12
contig-0007204	#1A7FBA	chr12
contig-0007205	#808080	chr21
contig-0007206	#CC79A7	chr4
contig-0007207	#E6AB23	chr8
contig-0007208	#009E73	chr3
contig-0007209	#009E73	chr3
contig-0007210	#E69F00	chr1
contig-0007211	#5699E9	chr9
contig-0007212	#D55E00	chr6
contig-0007213	#D55E00	chr6
contig-0007214	#808080	chr21
contig-0007215	#D55E00	chr6
contig-0007216	#666666	chr7
contig-0007217	#666666	chr7
contig-0007218	#666666	chr7
contig-0007219	#666666	chr7
contig-0007220	#666666	chr7
contig-0007221	#D55E00	chr6
contig-0007222	#D55E00	chr6
contig-0007223	#D55E00	chr6
contig-0007224	#8C564B	chrY
contig-0007225	#D55E00	chr6
contig-0007226	#CC79A7	chr4
contig-0007227	#808080	chr21
contig-0007228	#808080	chr21
contig-0007229	#808080	chr21
contig-0007230	#00B28C	chr17
contig-0007231	#00B28C	chr17
contig-0007232	#00B28C	chr17
contig-0007233	#D55E00	chr6
contig-0007234	#E6AB23	chr8
contig-0007235	#E6AB23	chr8
contig-0007236	#E6AB23	chr8
contig-0007237	#E6AB23	chr8
contig-0007238	#E6AB23	chr8
contig-0007239	#0072B2	chr5
contig-0007240	#D57533	chr13
contig-0007241	#D57533	chr13
contig-0007242	#D57533	chr13
contig-0007243	#00B28C	chr17
contig-0007244	#E69F00	chr1
contig-0007245	#8C564B	chrY
contig-0007246	#CC79A7	chr4
contig-0007247	#56B4E9	chr2
contig-0007248	#D55E00	chr6
contig-0007249	#D55E00	chr6
contig-0007250	#D55E00	chr6
contig-0007251	#E69F00	chr1
contig-0007252	#E69F00	chr1
contig-0007253	#737373	chr14
contig-0007254	#56B4E9	chr2
contig-0007255	#E6B847	chr15
contig-0007256	#56B4E9	chr2
contig-0007257	#D57533	chr13
contig-0007258	#E6B847	chr15
contig-0007259	#E6B847	chr15
contig-0007260	#E6B847	chr15
contig-0007261	#E6B847	chr15
contig-0007262	#5699E9	chr9
contig-0007263	#737373	chr14
contig-0007264	#666666	chr7
contig-0007265	#E6B847	chr15
contig-0007266	#1A7FBA	chr12
contig-0007267	#5699E9	chr9
contig-0007268	#5699E9	chr9
contig-0007269	#5699E9	chr9
contig-0007270	#5699E9	chr9
contig-0007271	#567DE9	chr16
contig-0007272	#567DE9	chr16
contig-0007273	#567DE9	chr16
contig-0007274	#00B28C	chr17
contig-0007275	#CC79A7	chr4
contig-0007276	#E6B847	chr15
contig-0007277	#CC79A7	chr4
contig-0007278	#CC79A7	chr4
contig-0007279	#CC79A7	chr4
contig-0007280	#CC79A7	chr4
contig-0007281	#CC79A7	chr4
contig-0007282	#CC79A7	chr4
contig-0007283	#0072B2	chr5
contig-0007284	#0072B2	chr5
contig-0007285	#0072B2	chr5
contig-0007286	#0072B2	chr5
contig-0007287	#E6B847	chr15
contig-0007288	#1A7FBA	chr12
contig-0007289	#CC79A7	chr4
contig-0007290	#CC79A7	chr4
contig-0007291	#CC79A7	chr4
contig-0007292	#CC79A7	chr4
contig-0007293	#CC79A7	chr4
contig-0007294	#CC79A7	chr4
contig-0007295	#CC79A7	chr4
contig-0007296	#CC79A7	chr4
contig-0007297	#567DE9	chr16
contig-0007298	#E6B847	chr15
contig-0007299	#CC79A7	chr4
contig-0007300	#CC79A7	chr4
contig-0007301	#CC79A7	chr4
contig-0007302	#CC79A7	chr4
contig-0007303	#D55E00	chr6
contig-0007304	#CC79A7	chr4
contig-0007305	#D57533	chr13
contig-0007306	#0072B2	chr5
contig-0007307	#0072B2	chr5
contig-0007308	#0072B2	chr5
contig-0007309	#D55E00	chr6
contig-0007310	#0072B2	chr5
contig-0007311	#0072B2	chr5
contig-0007312	#56B4E9	chr2
contig-0007313	#E69F00	chr1
contig-0007314	#5699E9	chr9
contig-0007315	#E69F00	chr1
contig-0007316	#E69F00	chr1
contig-0007317	#E69F00	chr1
contig-0007318	#567DE9	chr16
contig-0007319	#CCA0BF	chr18
contig-0007320	#D55E00	chr6
contig-0007321	#CCA0BF	chr18
contig-0007322	#CCA0BF	chr18
contig-0007323	#56B4E9	chr2
contig-0007324	#E69F00	chr1
contig-0007325	#D55E00	chr6
contig-0007326	#00B28C	chr17
contig-0007327	#CC8DB3	chr11
contig-0007328	#E6B847	chr15
contig-0007329	#D55E00	chr6
contig-0007330	#E6B847	chr15
contig-0007331	#E6B847	chr15
contig-0007332	#0072B2	chr5
contig-0007333	#0072B2	chr5
contig-0007334	#0072B2	chr5
contig-0007335	#D57533	chr13
contig-0007336	#00B28C	chr17
contig-0007337	#737373	chr14
contig-0007338	#737373	chr14
contig-0007339	#737373	chr14
contig-0007340	#D55E00	chr6
contig-0007341	#56B4E9	chr2
contig-0007342	#56B4E9	chr2
contig-0007343	#56B4E9	chr2
contig-0007344	#1A7FBA	chr12
contig-0007345	#1A7FBA	chr12
contig-0007346	#1A7FBA	chr12
contig-0007347	#1A7FBA	chr12
contig-0007348	#1A7FBA	chr12
contig-0007349	#567DE9	chr16
contig-0007350	#567DE9	chr16
contig-0007351	#D55E00	chr6
contig-0007352	#666666	chr7
contig-0007353	#666666	chr7
contig-0007354	#666666	chr7
contig-0007355	#009E73	chr3
contig-0007356	#009E73	chr3
contig-0007357	#E6AB23	chr8
contig-0007358	#D55E00	chr6
contig-0007359	#D55E00	chr6
contig-0007360	#D55E00	chr6
contig-0007361	#D55E00	chr6
contig-0007362	#D55E00	chr6
contig-0007363	#D55E00	chr6
contig-0007364	#00B28C	chr17
contig-0007365	#00B28C	chr17
contig-0007366	#E69F00	chr1
contig-0007367	#E69F00	chr1
contig-0007368	#E69F00	chr1
contig-0007369	#E69F00	chr1
contig-0007370	#E69F00	chr1
contig-0007371	#0072B2	chr5
contig-0007372	#0072B2	chr5
contig-0007373	#0072B2	chr5
contig-0007374	#0072B2	chr5
contig-0007375	#0072B2	chr5
contig-0007376	#0072B2	chr5
contig-0007377	#0072B2	chr5
contig-0007378	#666666	chr7
contig-0007379	#666666	chr7
contig-0007380	#666666	chr7
contig-0007381	#5699E9	chr9
contig-0007382	#0072B2	chr5
contig-0007383	#1A7FBA	chr12
contig-0007384	#1A7FBA	chr12
contig-0007385	#1A7FBA	chr12
contig-0007386	#56B4E9	chr2
contig-0007387	#56B4E9	chr2
contig-0007388	#D58C66	chr20
contig-0007389	#D58C66	chr20
contig-0007390	#D58C66	chr20
contig-0007391	#D58C66	chr20
contig-0007392	#0072B2	chr5
contig-0007393	#CC79A7	chr4
contig-0007394	#CC79A7	chr4
contig-0007395	#CC79A7	chr4
contig-0007396	#CC79A7	chr4
contig-0007397	#CC79A7	chr4
contig-0007398	#CC79A7	chr4
contig-0007399	#CC79A7	chr4
contig-0007400	#56B4E9	chr2
contig-0007401	#5699E9	chr9
contig-0007402	#5699E9	chr9
contig-0007403	#567DE9	chr16
contig-0007404	#0072B2	chr5
contig-0007405	#5699E9	chr9
contig-0007406	#00B28C	chr17
contig-0007407	#00B28C	chr17
contig-0007408	#00B28C	chr17
contig-0007409	#5699E9	chr9
contig-0007410	#1A7FBA	chr12
contig-0007411	#E6AB23	chr8
contig-0007412	#E6AB23	chr8
contig-0007413	#E6AB23	chr8
contig-0007414	#E6B847	chr15
contig-0007415	#CC8DB3	chr11
contig-0007416	#E6B847	chr15
contig-0007417	#E6B847	chr15
contig-0007418	#808080	chr21
contig-0007419	#00B28C	chr17
contig-0007420	#009E73	chr3
contig-0007421	#009E73	chr3
contig-0007422	#009E73	chr3
contig-0007423	#5699E9	chr9
contig-0007424	#00B28C	chr17
contig-0007425	#00B28C	chr17
contig-0007426	#00B28C	chr17
contig-0007427	#00B28C	chr17
contig-0007428	#D55E00	chr6
contig-0007429	#D55E00	chr6
contig-0007430	#737373	chr14
contig-0007431	#CCA0BF	chr18
contig-0007432	#CCA0BF	chr18
contig-0007433	#CCA0BF	chr18
contig-0007434	#CC8DB3	chr11
contig-0007435	#CCA0BF	chr18
contig-0007436	#CCA0BF	chr18
contig-0007437	#56B4E9	chr2
contig-0007438	#56B4E9	chr2
contig-0007439	#56B4E9	chr2
contig-0007440	#D55E00	chr6
contig-0007441	#D55E00	chr6
contig-0007442	#00B28C	chr17
contig-0007443	#00B28C	chr17
contig-0007444	#00B28C	chr17
contig-0007445	#CC8DB3	chr11
contig-0007446	#009E73	chr3
contig-0007447	#E69F00	chr1
contig-0007448	#E69F00	chr1
contig-0007449	#E69F00	chr1
contig-0007450	#D55E00	chr6
contig-0007451	#D55E00	chr6
contig-0007452	#D55E00	chr6
contig-0007453	#009E73	chr3
contig-0007454	#00B28C	chr17
contig-0007455	#E6AB23	chr8
contig-0007456	#CC8DB3	chr11
contig-0007457	#D55E00	chr6
contig-0007458	#CC79A7	chr4
contig-0007459	#CC79A7	chr4
contig-0007460	#CC79A7	chr4
contig-0007461	#CC79A7	chr4
contig-0007462	#CC79A7	chr4
contig-0007463	#CC79A7	chr4
contig-0007464	#CC79A7	chr4
contig-0007465	#808080	chr21
contig-0007466	#CC79A7	chr4
contig-0007467	#D55E00	chr6
contig-0007468	#D55E00	chr6
contig-0007469	#D55E00	chr6
contig-0007470	#D57533	chr13
contig-0007471	#D57533	chr13
contig-0007472	#D57533	chr13
contig-0007473	#D57533	chr13
contig-0007474	#CCA0BF	chr18
contig-0007475	#CCA0BF	chr18
contig-0007476	#CCA0BF	chr18
contig-0007477	#CC79A7	chr4
contig-0007478	#CCA0BF	chr18
contig-0007479	#CCA0BF	chr18
contig-0007480	#737373	chr14
contig-0007481	#737373	chr14
contig-0007482	#737373	chr14
contig-0007483	#CCA0BF	chr18
contig-0007484	#CCA0BF	chr18
contig-0007485	#CCA0BF	chr18
contig-0007486	#737373	chr14
contig-0007487	#737373	chr14
contig-0007488	#CC79A7	chr4
contig-0007489	#737373	chr14
contig-0007490	#56B4E9	chr2
contig-0007491	#56B4E9	chr2
contig-0007492	#56B4E9	chr2
contig-0007493	#D55E00	chr6
contig-0007494	#338CC2	chr19
contig-0007495	#338CC2	chr19
contig-0007496	#338CC2	chr19
contig-0007497	#1A7FBA	chr12
contig-0007498	#CC79A7	chr4
contig-0007499	#1A7FBA	chr12
contig-0007500	#1A7FBA	chr12
contig-0007501	#CC79A7	chr4
contig-0007502	#CC79A7	chr4
contig-0007503	#CC79A7	chr4
contig-0007504	#CCA0BF	chr18
contig-0007505	#CC79A7	chr4
contig-0007506	#CC79A7	chr4
contig-0007507	#CC79A7	chr4
contig-0007508	#CC79A7	chr4
contig-0007509	#567DE9	chr16
contig-0007510	#CC79A7	chr4
contig-0007511	#CC79A7	chr4
contig-0007512	#CC79A7	chr4
contig-0007513	#CC79A7	chr4
contig-0007514	#1A7FBA	chr12
contig-0007515	#00B28C	chr17
contig-0007516	#00B28C	chr17
contig-0007517	#00B28C	chr17
contig-0007518	#00B28C	chr17
contig-0007519	#D57533	chr13
contig-0007520	#737373	chr14
contig-0007521	#737373	chr14
contig-0007522	#737373	chr14
contig-0007523	#737373	chr14
contig-0007524	#737373	chr14
contig-0007525	#E6C47F	chr22
contig-0007526	#E6C47F	chr22
contig-0007527	#E6C47F	chr22
contig-0007528	#E6C47F	chr22
contig-0007529	#E6C47F	chr22
contig-0007530	#D57533	chr13
contig-0007531	#E69F00	chr1
contig-0007532	#D55E00	chr6
contig-0007533	#CC8DB3	chr11
contig-0007534	#CC8DB3	chr11
contig-0007535	#CC8DB3	chr11
contig-0007536	#CC8DB3	chr11
contig-0007537	#CC8DB3	chr11
contig-0007538	#D57533	chr13
contig-0007539	#D55E00	chr6
contig-0007540	#D55E00	chr6
contig-0007541	#D57533	chr13
contig-0007542	#D55E00	chr6
contig-0007543	#E69F00	chr1
contig-0007544	#1A7FBA	chr12
contig-0007545	#E6B847	chr15
contig-0007546	#E6B847	chr15
contig-0007547	#E6B847	chr15
contig-0007548	#E6B847	chr15
contig-0007549	#E6B847	chr15
contig-0007550	#E6B847	chr15
contig-0007551	#E6B847	chr15
contig-0007552	#D57533	chr13
contig-0007553	#0072B2	chr5
contig-0007554	#338CC2	chr19
contig-0007555	#1A7FBA	chr12
contig-0007556	#1A7FBA	chr12
contig-0007557	#1A7FBA	chr12
contig-0007558	#1A7FBA	chr12
contig-0007559	#1A7FBA	chr12
contig-0007560	#5699E9	chr9
contig-0007561	#5699E9	chr9
contig-0007562	#5699E9	chr9
contig-0007563	#D57533	chr13
contig-0007564	#5699E9	chr9
contig-0007565	#5699E9	chr9
contig-0007566	#0072B2	chr5
contig-0007567	#CC79A7	chr4
contig-0007568	#CC79A7	chr4
contig-0007569	#D55E00	chr6
contig-0007570	#56B4E9	chr2
contig-0007571	#5699E9	chr9
contig-0007572	#5699E9	chr9
contig-0007573	#0072B2	chr5
contig-0007574	#D57533	chr13
contig-0007575	#009E73	chr3
contig-0007576	#666666	chr7
contig-0007577	#E6C47F	chr22
contig-0007578	#E6C47F	chr22
contig-0007579	#E6C47F	chr22
contig-0007580	#E6C47F	chr22
contig-0007581	#E6C47F	chr22
contig-0007582	#00A880	chr10
contig-0007583	#00A880	chr10
contig-0007584	#D57533	chr13
contig-0007585	#009E73	chr3
contig-0007586	#009E73	chr3
contig-0007587	#009E73	chr3
contig-0007588	#009E73	chr3
contig-0007589	#009E73	chr3
contig-0007590	#737373	chr14
contig-0007591	#737373	chr14
contig-0007592	#737373	chr14
contig-0007593	#56B4E9	chr2
contig-0007594	#00A880	chr10
contig-0007595	#009E73	chr3
contig-0007596	#56B4E9	chr2
contig-0007597	#56B4E9	chr2
contig-0007598	#56B4E9	chr2
contig-0007599	#56B4E9	chr2
contig-0007600	#567DE9	chr16
contig-0007601	#567DE9	chr16
contig-0007602	#567DE9	chr16
contig-0007603	#567DE9	chr16
contig-0007604	#666666	chr7
contig-0007605	#009E73	chr3
contig-0007606	#666666	chr7
contig-0007607	#E69F00	chr1
contig-0007608	#CC79A7	chr4
contig-0007609	#0072B2	chr5
contig-0007610	#0072B2	chr5
contig-0007611	#0072B2	chr5
contig-0007612	#0072B2	chr5
contig-0007613	#1A7FBA	chr12
contig-0007614	#338CC2	chr19
contig-0007615	#CC79A7	chr4
contig-0007616	#CC8DB3	chr11
contig-0007617	#009E73	chr3
contig-0007618	#CC79A7	chr4
contig-0007619	#CC79A7	chr4
contig-0007620	#CC79A7	chr4
contig-0007621	#CC79A7	chr4
contig-0007622	#D55E00	chr6
contig-0007623	#D55E00	chr6
contig-0007624	#D55E00	chr6
contig-0007625	#0072B2	chr5
contig-0007626	#0072B2	chr5
contig-0007627	#009E73	chr3
contig-0007628	#0072B2	chr5
contig-0007629	#56B4E9	chr2
contig-0007630	#56B4E9	chr2
contig-0007631	#56B4E9	chr2
contig-0007632	#009E73	chr3
contig-0007633	#009E73	chr3
contig-0007634	#009E73	chr3
contig-0007635	#00A880	chr10
contig-0007636	#CCA0BF	chr18
contig-0007637	#CCA0BF	chr18
contig-0007638	#009E73	chr3
contig-0007639	#CCA0BF	chr18
contig-0007640	#E69F00	chr1
contig-0007641	#737373	chr14
contig-0007642	#737373	chr14
contig-0007643	#737373	chr14
contig-0007644	#737373	chr14
contig-0007645	#737373	chr14
contig-0007646	#737373	chr14
contig-0007647	#CC79A7	chr4
contig-0007648	#CC79A7	chr4
contig-0007649	#009E73	chr3
contig-0007650	#CC79A7	chr4
contig-0007651	#338CC2	chr19
contig-0007652	#CC8DB3	chr11
contig-0007653	#E6C47F	chr22
contig-0007654	#E6C47F	chr22
contig-0007655	#E6C47F	chr22
contig-0007656	#CC8DB3	chr11
contig-0007657	#E6B847	chr15
contig-0007658	#E69F00	chr1
contig-0007659	#D55E00	chr6
contig-0007660	#009E73	chr3
contig-0007661	#D55E00	chr6
contig-0007662	#D55E00	chr6
contig-0007663	#009E73	chr3
contig-0007664	#D58C66	chr20
contig-0007665	#009E73	chr3
contig-0007666	#666666	chr7
contig-0007667	#666666	chr7
contig-0007668	#666666	chr7
contig-0007669	#666666	chr7
contig-0007670	#666666	chr7
contig-0007671	#009E73	chr3
contig-0007672	#666666	chr7
contig-0007673	#666666	chr7
contig-0007674	#1A7FBA	chr12
contig-0007675	#1A7FBA	chr12
contig-0007676	#666666	chr7
contig-0007677	#5699E9	chr9
contig-0007678	#5699E9	chr9
contig-0007679	#0072B2	chr5
contig-0007680	#0072B2	chr5
contig-0007681	#009E73	chr3
contig-0007682	#0072B2	chr5
contig-0007683	#0072B2	chr5
contig-0007684	#0072B2	chr5
contig-0007685	#666666	chr7
contig-0007686	#338CC2	chr19
contig-0007687	#00A880	chr10
contig-0007688	#009E73	chr3
contig-0007689	#009E73	chr3
contig-0007690	#009E73	chr3
contig-0007691	#737373	chr14
contig-0007692	#009E73	chr3
contig-0007693	#56B4E9	chr2
contig-0007694	#737373	chr14
contig-0007695	#737373	chr14
contig-0007696	#737373	chr14
contig-0007697	#0072B2	chr5
contig-0007698	#0072B2	chr5
contig-0007699	#0072B2	chr5
contig-0007700	#0072B2	chr5
contig-0007701	#0072B2	chr5
contig-0007702	#E69F00	chr1
contig-0007703	#E69F00	chr1
contig-0007704	#E69F00	chr1
contig-0007705	#E69F00	chr1
contig-0007706	#E69F00	chr1
contig-0007707	#E69F00	chr1
contig-0007708	#E69F00	chr1
contig-0007709	#E69F00	chr1
contig-0007710	#567DE9	chr16
contig-0007711	#009E73	chr3
contig-0007712	#567DE9	chr16
contig-0007713	#567DE9	chr16
contig-0007714	#D57533	chr13
contig-0007715	#567DE9	chr16
contig-0007716	#567DE9	chr16
contig-0007717	#567DE9	chr16
contig-0007718	#009E73	chr3
contig-0007719	#009E73	chr3
contig-0007720	#009E73	chr3
contig-0007721	#CC8DB3	chr11
contig-0007722	#CC8DB3	chr11
contig-0007723	#D55E00	chr6
contig-0007724	#CC8DB3	chr11
contig-0007725	#CC8DB3	chr11
contig-0007726	#666666	chr7
contig-0007727	#00A880	chr10
contig-0007728	#00A880	chr10
contig-0007729	#00A880	chr10
contig-0007730	#00A880	chr10
contig-0007731	#009E73	chr3
contig-0007732	#009E73	chr3
contig-0007733	#E69F00	chr1
contig-0007734	#D55E00	chr6
contig-0007735	#E69F00	chr1
contig-0007736	#E69F00	chr1
contig-0007737	#E69F00	chr1
contig-0007738	#E69F00	chr1
contig-0007739	#CC8DB3	chr11
contig-0007740	#D58C66	chr20
contig-0007741	#666666	chr7
contig-0007742	#666666	chr7
contig-0007743	#666666	chr7
contig-0007744	#D55E00	chr6
contig-0007745	#009E73	chr3
contig-0007746	#009E73	chr3
contig-0007747	#009E73	chr3
contig-0007748	#009E73	chr3
contig-0007749	#009E73	chr3
contig-0007750	#009E73	chr3
contig-0007751	#009E73	chr3
contig-0007752	#CCA0BF	chr18
contig-0007753	#338CC2	chr19
contig-0007754	#D55E00	chr6
contig-0007755	#D55E00	chr6
contig-0007756	#D55E00	chr6
contig-0007757	#D55E00	chr6
contig-0007758	#D55E00	chr6
contig-0007759	#D55E00	chr6
contig-0007760	#D55E00	chr6
contig-0007761	#E6B847	chr15
contig-0007762	#808080	chr21
contig-0007763	#808080	chr21
contig-0007764	#808080	chr21
contig-0007765	#1A7FBA	chr12
contig-0007766	#D55E00	chr6
contig-0007767	#E6B847	chr15
contig-0007768	#5699E9	chr9
contig-0007769	#567DE9	chr16
contig-0007770	#567DE9	chr16
contig-0007771	#567DE9	chr16
contig-0007772	#CC79A7	chr4
contig-0007773	#CC79A7	chr4
contig-0007774	#CC79A7	chr4
contig-0007775	#D58C66	chr20
contig-0007776	#D58C66	chr20
contig-0007777	#737373	chr14
contig-0007778	#D58C66	chr20
contig-0007779	#666666	chr7
contig-0007780	#666666	chr7
contig-0007781	#666666	chr7
contig-0007782	#E6B847	chr15
contig-0007783	#CCA0BF	chr18
contig-0007784	#E69F00	chr1
contig-0007785	#D55E00	chr6
contig-0007786	#567DE9	chr16
contig-0007787	#009E73	chr3
contig-0007788	#737373	chr14
contig-0007789	#009E73	chr3
contig-0007790	#009E73	chr3
contig-0007791	#1A7FBA	chr12
contig-0007792	#1A7FBA	chr12
contig-0007793	#1A7FBA	chr12
contig-0007794	#1A7FBA	chr12
contig-0007795	#1A7FBA	chr12
contig-0007796	#CC79A7	chr4
contig-0007797	#CC79A7	chr4
contig-0007798	#CC79A7	chr4
contig-0007799	#737373	chr14
contig-0007800	#CC79A7	chr4
contig-0007801	#338CC2	chr19
contig-0007802	#338CC2	chr19
contig-0007803	#338CC2	chr19
contig-0007804	#0072B2	chr5
contig-0007805	#0072B2	chr5
contig-0007806	#0072B2	chr5
contig-0007807	#737373	chr14
contig-0007808	#737373	chr14
contig-0007809	#737373	chr14
contig-0007810	#737373	chr14
contig-0007811	#CC8DB3	chr11
contig-0007812	#CC8DB3	chr11
contig-0007813	#CC8DB3	chr11
contig-0007814	#CC79A7	chr4
contig-0007815	#E6AB23	chr8
contig-0007816	#E6AB23	chr8
contig-0007817	#E6AB23	chr8
contig-0007818	#E6AB23	chr8
contig-0007819	#E6AB23	chr8
contig-0007820	#567DE9	chr16
contig-0007821	#737373	chr14
contig-0007822	#E6B847	chr15
contig-0007823	#00B28C	chr17
contig-0007824	#00B28C	chr17
contig-0007825	#00B28C	chr17
contig-0007826	#00B28C	chr17
contig-0007827	#00B28C	chr17
contig-0007828	#00B28C	chr17
contig-0007829	#009E73	chr3
contig-0007830	#009E73	chr3
contig-0007831	#CC8DB3	chr11
contig-0007832	#00A880	chr10
contig-0007833	#009E73	chr3
contig-0007834	#009E73	chr3
contig-0007835	#009E73	chr3
contig-0007836	#009E73	chr3
contig-0007837	#009E73	chr3
contig-0007838	#E6AB23	chr8
contig-0007839	#666666	chr7
contig-0007840	#56B4E9	chr2
contig-0007841	#1A7FBA	chr12
contig-0007842	#00A880	chr10
contig-0007843	#00A880	chr10
contig-0007844	#00A880	chr10
contig-0007845	#00A880	chr10
contig-0007846	#56B4E9	chr2
contig-0007847	#5699E9	chr9
contig-0007848	#5699E9	chr9
contig-0007849	#5699E9	chr9
contig-0007850	#CC8DB3	chr11
contig-0007851	#CC8DB3	chr11
contig-0007852	#00A880	chr10
contig-0007853	#CC8DB3	chr11
contig-0007854	#808080	chr21
contig-0007855	#808080	chr21
contig-0007856	#808080	chr21
contig-0007857	#E69F00	chr1
contig-0007858	#E69F00	chr1
contig-0007859	#E69F00	chr1
contig-0007860	#00A880	chr10
contig-0007861	#00A880	chr10
contig-0007862	#E69F00	chr1
contig-0007863	#00A880	chr10
contig-0007864	#666666	chr7
contig-0007865	#666666	chr7
contig-0007866	#666666	chr7
contig-0007867	#56B4E9	chr2
contig-0007868	#56B4E9	chr2
contig-0007869	#56B4E9	chr2
contig-0007870	#737373	chr14
contig-0007871	#737373	chr14
contig-0007872	#0072B2	chr5
contig-0007873	#0072B2	chr5
contig-0007874	#00A880	chr10
contig-0007875	#0072B2	chr5
contig-0007876	#CC79A7	chr4
contig-0007877	#737373	chr14
contig-0007878	#737373	chr14
contig-0007879	#737373	chr14
contig-0007880	#737373	chr14
contig-0007881	#E6AB23	chr8
contig-0007882	#E6AB23	chr8
contig-0007883	#E6AB23	chr8
contig-0007884	#D55E00	chr6
contig-0007885	#CCA0BF	chr18
contig-0007886	#D55E00	chr6
contig-0007887	#CC8DB3	chr11
contig-0007888	#E69F00	chr1
contig-0007889	#56B4E9	chr2
contig-0007890	#D57533	chr13
contig-0007891	#567DE9	chr16
contig-0007892	#0072B2	chr5
contig-0007893	#666666	chr7
contig-0007894	#666666	chr7
contig-0007895	#666666	chr7
contig-0007896	#CCA0BF	chr18
contig-0007897	#56B4E9	chr2
contig-0007898	#56B4E9	chr2
contig-0007899	#56B4E9	chr2
contig-0007900	#E6AB23	chr8
contig-0007901	#CC79A7	chr4
contig-0007902	#CC79A7	chr4
contig-0007903	#00B28C	chr17
contig-0007904	#00B28C	chr17
contig-0007905	#00B28C	chr17
contig-0007906	#CC79A7	chr4
contig-0007907	#CCA0BF	chr18
contig-0007908	#CC79A7	chr4
contig-0007909	#CC79A7	chr4
contig-0007910	#E6AB23	chr8
contig-0007911	#E6AB23	chr8
contig-0007912	#E6AB23	chr8
contig-0007913	#E6AB23	chr8
contig-0007914	#E6AB23	chr8
contig-0007915	#CCA0BF	chr18
contig-0007916	#E6AB23	chr8
contig-0007917	#E6AB23	chr8
contig-0007918	#E6AB23	chr8
contig-0007919	#E6AB23	chr8
contig-0007920	#E6AB23	chr8
contig-0007921	#56B4E9	chr2
contig-0007922	#1A7FBA	chr12
contig-0007923	#CCA0BF	chr18
contig-0007924	#CC8DB3	chr11
contig-0007925	#CC8DB3	chr11
contig-0007926	#CC8DB3	chr11
contig-0007927	#D55E00	chr6
contig-0007928	#666666	chr7
contig-0007929	#338CC2	chr19
contig-0007930	#009E73	chr3
contig-0007931	#E6B847	chr15
contig-0007932	#666666	chr7
contig-0007933	#00A880	chr10
contig-0007934	#CC8DB3	chr11
contig-0007935	#E6AB23	chr8
contig-0007936	#338CC2	chr19
contig-0007937	#56B4E9	chr2
contig-0007938	#00A880	chr10
contig-0007939	#00A880	chr10
contig-0007940	#00A880	chr10
contig-0007941	#D58C66	chr20
contig-0007942	#E6AB23	chr8
contig-0007943	#D58C66	chr20
contig-0007944	#D58C66	chr20
contig-0007945	#D58C66	chr20
contig-0007946	#D58C66	chr20
contig-0007947	#D55E00	chr6
contig-0007948	#D55E00	chr6
contig-0007949	#D55E00	chr6
contig-0007950	#D55E00	chr6
contig-0007951	#D55E00	chr6
contig-0007952	#1A7FBA	chr12
contig-0007953	#E6AB23	chr8
contig-0007954	#E6B847	chr15
contig-0007955	#E6B847	chr15
contig-0007956	#E6B847	chr15
contig-0007957	#E6B847	chr15
contig-0007958	#E6B847	chr15
contig-0007959	#E6B847	chr15
contig-0007960	#D58C66	chr20
contig-0007961	#D58C66	chr20
contig-0007962	#0072B2	chr5
contig-0007963	#0072B2	chr5
contig-0007964	#E6AB23	chr8
contig-0007965	#E6AB23	chr8
contig-0007966	#E6AB23	chr8
contig-0007967	#1A7FBA	chr12
contig-0007968	#1A7FBA	chr12
contig-0007969	#1A7FBA	chr12
contig-0007970	#D58C66	chr20
contig-0007971	#CC79A7	chr4
contig-0007972	#CC79A7	chr4
contig-0007973	#E6AB23	chr8
contig-0007974	#CC79A7	chr4
contig-0007975	#666666	chr7
contig-0007976	#666666	chr7
contig-0007977	#666666	chr7
contig-0007978	#CC8DB3	chr11
contig-0007979	#CC8DB3	chr11
contig-0007980	#CC8DB3	chr11
contig-0007981	#56B4E9	chr2
contig-0007982	#CC8DB3	chr11
contig-0007983	#D58C66	chr20
contig-0007984	#CC8DB3	chr11
contig-0007985	#5699E9	chr9
contig-0007986	#E6B847	chr15
contig-0007987	#E6B847	chr15
contig-0007988	#E6B847	chr15
contig-0007989	#E6B847	chr15
contig-0007990	#E6B847	chr15
contig-0007991	#666666	chr7
contig-0007992	#009E73	chr3
contig-0007993	#E69F00	chr1
contig-0007994	#00B28C	chr17
contig-0007995	#CC8DB3	chr11
contig-0007996	#00B28C	chr17
contig-0007997	#00B28C	chr17
contig-0007998	#E69F00	chr1
contig-0007999	#E69F00	chr1
contig-0008000	#E69F00	chr1
contig-0008001	#E69F00	chr1
contig-0008002	#E69F00	chr1
contig-0008003	#E69F00	chr1
contig-0008004	#666666	chr7
contig-0008005	#E69F00	chr1
contig-0008006	#D57533	chr13
contig-0008007	#D57533	chr13
contig-0008008	#D57533	chr13
contig-0008009	#0072B2	chr5
contig-0008010	#009E73	chr3
contig-0008011	#E6AB23	chr8
contig-0008012	#D55E00	chr6
contig-0008013	#56B4E9	chr2
contig-0008014	#56B4E9	chr2
contig-0008015	#56B4E9	chr2
contig-0008016	#009E73	chr3
contig-0008017	#009E73	chr3
contig-0008018	#009E73	chr3
contig-0008019	#737373	chr14
contig-0008020	#737373	chr14
contig-0008021	#737373	chr14
contig-0008022	#CC8DB3	chr11
contig-0008023	#CC8DB3	chr11
contig-0008024	#CC8DB3	chr11
contig-0008025	#CC8DB3	chr11
contig-0008026	#CC8DB3	chr11
contig-0008027	#CC8DB3	chr11
contig-0008028	#CC8DB3	chr11
contig-0008029	#567DE9	chr16
contig-0008030	#567DE9	chr16
contig-0008031	#567DE9	chr16
contig-0008032	#00B28C	chr17
contig-0008033	#00B28C	chr17
contig-0008034	#00B28C	chr17
contig-0008035	#737373	chr14
contig-0008036	#009E73	chr3
contig-0008037	#CC8DB3	chr11
contig-0008038	#CC8DB3	chr11
contig-0008039	#808080	chr21
contig-0008040	#808080	chr21
contig-0008041	#808080	chr21
contig-0008042	#0072B2	chr5
contig-0008043	#0072B2	chr5
contig-0008044	#0072B2	chr5
contig-0008045	#D58C66	chr20
contig-0008046	#D58C66	chr20
contig-0008047	#D58C66	chr20
contig-0008048	#00A880	chr10
contig-0008049	#E6C47F	chr22
contig-0008050	#009E73	chr3
contig-0008051	#737373	chr14
contig-0008052	#737373	chr14
contig-0008053	#808080	chr21
contig-0008054	#808080	chr21
contig-0008055	#808080	chr21
contig-0008056	#1A7FBA	chr12
contig-0008057	#1A7FBA	chr12
contig-0008058	#1A7FBA	chr12
contig-0008059	#D57533	chr13
contig-0008060	#1A7FBA	chr12
contig-0008061	#1A7FBA	chr12
contig-0008062	#1A7FBA	chr12
contig-0008063	#1A7FBA	chr12
contig-0008064	#009E73	chr3
contig-0008065	#338CC2	chr19
contig-0008066	#338CC2	chr19
contig-0008067	#338CC2	chr19
contig-0008068	#D57533	chr13
contig-0008069	#D55E00	chr6
contig-0008070	#D55E00	chr6
contig-0008071	#D55E00	chr6
contig-0008072	#D55E00	chr6
contig-0008073	#D55E00	chr6
contig-0008074	#00B28C	chr17
contig-0008075	#009E73	chr3
contig-0008076	#567DE9	chr16
contig-0008077	#567DE9	chr16
contig-0008078	#567DE9	chr16
contig-0008079	#567DE9	chr16
contig-0008080	#E6AB23	chr8
contig-0008081	#E6AB23	chr8
contig-0008082	#E6AB23	chr8
contig-0008083	#E6AB23	chr8
contig-0008084	#CC79A7	chr4
contig-0008085	#CC79A7	chr4
contig-0008086	#CC79A7	chr4
contig-0008087	#1A7FBA	chr12
contig-0008088	#5699E9	chr9
contig-0008089	#E6C47F	chr22
contig-0008090	#0072B2	chr5
contig-0008091	#0072B2	chr5
contig-0008092	#0072B2	chr5
contig-0008093	#0072B2	chr5
contig-0008094	#0072B2	chr5
contig-0008095	#0072B2	chr5
contig-0008096	#CC8DB3	chr11
contig-0008097	#CC79A7	chr4
contig-0008098	#E6B847	chr15
contig-0008099	#E6B847	chr15
contig-0008100	#E6B847	chr15
contig-0008101	#5699E9	chr9
contig-0008102	#5699E9	chr9
contig-0008103	#5699E9	chr9
contig-0008104	#5699E9	chr9
contig-0008105	#009E73	chr3
contig-0008106	#CC79A7	chr4
contig-0008107	#009E73	chr3
contig-0008108	#CC8DB3	chr11
contig-0008109	#CC79A7	chr4
contig-0008110	#CC79A7	chr4
contig-0008111	#CC79A7	chr4
contig-0008112	#00B28C	chr17
contig-0008113	#56B4E9	chr2
contig-0008114	#56B4E9	chr2
contig-0008115	#56B4E9	chr2
contig-0008116	#56B4E9	chr2
contig-0008117	#CC79A7	chr4
contig-0008118	#D57533	chr13
contig-0008119	#D58C66	chr20
contig-0008120	#D57533	chr13
contig-0008121	#D57533	chr13
contig-0008122	#D58C66	chr20
contig-0008123	#D58C66	chr20
contig-0008124	#D58C66	chr20
contig-0008125	#CC8DB3	chr11
contig-0008126	#CC8DB3	chr11
contig-0008127	#CC8DB3	chr11
contig-0008128	#D55E00	chr6
contig-0008129	#D55E00	chr6
contig-0008130	#D58C66	chr20
contig-0008131	#D55E00	chr6
contig-0008132	#E69F00	chr1
contig-0008133	#E69F00	chr1
contig-0008134	#E69F00	chr1
contig-0008135	#00B28C	chr17
contig-0008136	#CC8DB3	chr11
contig-0008137	#0072B2	chr5
contig-0008138	#808080	chr21
contig-0008139	#CCA0BF	chr18
contig-0008140	#CCA0BF	chr18
contig-0008141	#56B4E9	chr2
contig-0008142	#D58C66	chr20
contig-0008143	#CCA0BF	chr18
contig-0008144	#00B28C	chr17
contig-0008145	#737373	chr14
contig-0008146	#737373	chr14
contig-0008147	#737373	chr14
contig-0008148	#0072B2	chr5
contig-0008149	#0072B2	chr5
contig-0008150	#0072B2	chr5
contig-0008151	#1A7FBA	chr12
contig-0008152	#567DE9	chr16
contig-0008153	#D58C66	chr20
contig-0008154	#567DE9	chr16
contig-0008155	#567DE9	chr16
contig-0008156	#567DE9	chr16
contig-0008157	#567DE9	chr16
contig-0008158	#567DE9	chr16
contig-0008159	#666666	chr7
contig-0008160	#666666	chr7
contig-0008161	#666666	chr7
contig-0008162	#CC79A7	chr4
contig-0008163	#666666	chr7
contig-0008164	#D58C66	chr20
contig-0008165	#0072B2	chr5
contig-0008166	#0072B2	chr5
contig-0008167	#0072B2	chr5
contig-0008168	#666666	chr7
contig-0008169	#666666	chr7
contig-0008170	#666666	chr7
contig-0008171	#56B4E9	chr2
contig-0008172	#1A7FBA	chr12
contig-0008173	#E69F00	chr1
contig-0008174	#1A7FBA	chr12
contig-0008175	#56B4E9	chr2
contig-0008176	#56B4E9	chr2
contig-0008177	#56B4E9	chr2
contig-0008178	#D55E00	chr6
contig-0008179	#D55E00	chr6
contig-0008180	#D55E00	chr6
contig-0008181	#D55E00	chr6
contig-0008182	#D55E00	chr6
contig-0008183	#D55E00	chr6
contig-0008184	#E69F00	chr1
contig-0008185	#338CC2	chr19
contig-0008186	#338CC2	chr19
contig-0008187	#338CC2	chr19
contig-0008188	#338CC2	chr19
contig-0008189	#E69F00	chr1
contig-0008190	#00A880	chr10
contig-0008191	#00A880	chr10
contig-0008192	#00A880	chr10
contig-0008193	#00A880	chr10
contig-0008194	#00A880	chr10
contig-0008195	#E69F00	chr1
contig-0008196	#CC79A7	chr4
contig-0008197	#D55E00	chr6
contig-0008198	#D55E00	chr6
contig-0008199	#D55E00	chr6
contig-0008200	#D55E00	chr6
contig-0008201	#D55E00	chr6
contig-0008202	#0072B2	chr5
contig-0008203	#0072B2	chr5
contig-0008204	#0072B2	chr5
contig-0008205	#56B4E9	chr2
contig-0008206	#E69F00	chr1
contig-0008207	#56B4E9	chr2
contig-0008208	#737373	chr14
contig-0008209	#737373	chr14
contig-0008210	#1A7FBA	chr12
contig-0008211	#1A7FBA	chr12
contig-0008212	#1A7FBA	chr12
contig-0008213	#E69F00	chr1
contig-0008214	#E69F00	chr1
contig-0008215	#E69F00	chr1
contig-0008216	#D55E00	chr6
contig-0008217	#E69F00	chr1
contig-0008218	#D57533	chr13
contig-0008219	#E69F00	chr1
contig-0008220	#56B4E9	chr2
contig-0008221	#56B4E9	chr2
contig-0008222	#56B4E9	chr2
contig-0008223	#1A7FBA	chr12
contig-0008224	#1A7FBA	chr12
contig-0008225	#1A7FBA	chr12
contig-0008226	#E69F00	chr1
contig-0008227	#E69F00	chr1
contig-0008228	#E69F00	chr1
contig-0008229	#56B4E9	chr2
contig-0008230	#D55E00	chr6
contig-0008231	#D55E00	chr6
contig-0008232	#D55E00	chr6
contig-0008233	#CCA0BF	chr18
contig-0008234	#CCA0BF	chr18
contig-0008235	#CCA0BF	chr18
contig-0008236	#E69F00	chr1
contig-0008237	#CCA0BF	chr18
contig-0008238	#CCA0BF	chr18
contig-0008239	#CCA0BF	chr18
contig-0008240	#CCA0BF	chr18
contig-0008241	#CC79A7	chr4
contig-0008242	#CC79A7	chr4
contig-0008243	#CC79A7	chr4
contig-0008244	#5699E9	chr9
contig-0008245	#5699E9	chr9
contig-0008246	#5699E9	chr9
contig-0008247	#1A7FBA	chr12
contig-0008248	#E69F00	chr1
contig-0008249	#5699E9	chr9
contig-0008250	#5699E9	chr9
contig-0008251	#00B28C	chr17
contig-0008252	#00B28C	chr17
contig-0008253	#00B28C	chr17
contig-0008254	#00B28C	chr17
contig-0008255	#737373	chr14
contig-0008256	#666666	chr7
contig-0008257	#D55E00	chr6
contig-0008258	#D55E00	chr6
contig-0008259	#E69F00	chr1
contig-0008260	#D55E00	chr6
contig-0008261	#666666	chr7
contig-0008262	#666666	chr7
contig-0008263	#666666	chr7
contig-0008264	#E69F00	chr1
contig-0008265	#666666	chr7
contig-0008266	#666666	chr7
contig-0008267	#666666	chr7
contig-0008268	#5699E9	chr9
contig-0008269	#5699E9	chr9
contig-0008270	#5699E9	chr9
contig-0008271	#5699E9	chr9
contig-0008272	#E69F00	chr1
contig-0008273	#E69F00	chr1
contig-0008274	#E69F00	chr1
contig-0008275	#E69F00	chr1
contig-0008276	#E69F00	chr1
contig-0008277	#56B4E9	chr2
contig-0008278	#56B4E9	chr2
contig-0008279	#1A7FBA	chr12
contig-0008280	#D57533	chr13
contig-0008281	#5699E9	chr9
contig-0008282	#5699E9	chr9
contig-0008283	#5699E9	chr9
contig-0008284	#5699E9	chr9
contig-0008285	#00B28C	chr17
contig-0008286	#00B28C	chr17
contig-0008287	#00B28C	chr17
contig-0008288	#00B28C	chr17
contig-0008289	#00B28C	chr17
contig-0008290	#00B28C	chr17
contig-0008291	#5699E9	chr9
contig-0008292	#E69F00	chr1
contig-0008293	#00A880	chr10
contig-0008294	#00A880	chr10
contig-0008295	#00A880	chr10
contig-0008296	#CC8DB3	chr11
contig-0008297	#5699E9	chr9
contig-0008298	#5699E9	chr9
contig-0008299	#5699E9	chr9
contig-0008300	#737373	chr14
contig-0008301	#737373	chr14
contig-0008302	#5699E9	chr9
contig-0008303	#737373	chr14
contig-0008304	#737373	chr14
contig-0008305	#737373	chr14
contig-0008306	#56B4E9	chr2
contig-0008307	#666666	chr7
contig-0008308	#E6AB23	chr8
contig-0008309	#00A880	chr10
contig-0008310	#00A880	chr10
contig-0008311	#00A880	chr10
contig-0008312	#00B28C	chr17
contig-0008313	#5699E9	chr9
contig-0008314	#00A880	chr10
contig-0008315	#00A880	chr10
contig-0008316	#E69F00	chr1
contig-0008317	#E69F00	chr1
contig-0008318	#E69F00	chr1
contig-0008319	#E69F00	chr1
contig-0008320	#D55E00	chr6
contig-0008321	#56B4E9	chr2
contig-0008322	#56B4E9	chr2
contig-0008323	#56B4E9	chr2
contig-0008324	#1A7FBA	chr12
contig-0008325	#D57533	chr13
contig-0008326	#D57533	chr13
contig-0008327	#D57533	chr13
contig-0008328	#CC79A7	chr4
contig-0008329	#E69F00	chr1
contig-0008330	#E6B847	chr15
contig-0008331	#E6B847	chr15
contig-0008332	#E6B847	chr15
contig-0008333	#CC8DB3	chr11
contig-0008334	#E69F00	chr1
contig-0008335	#1A7FBA	chr12
contig-0008336	#D55E00	chr6
contig-0008337	#D55E00	chr6
contig-0008338	#D55E00	chr6
contig-0008339	#00B28C	chr17
contig-0008340	#00B28C	chr17
contig-0008341	#00B28C	chr17
contig-0008342	#D55E00	chr6
contig-0008343	#009E73	chr3
contig-0008344	#1A7FBA	chr12
contig-0008345	#56B4E9	chr2
contig-0008346	#1A7FBA	chr12
contig-0008347	#56B4E9	chr2
contig-0008348	#56B4E9	chr2
contig-0008349	#E69F00	chr1
contig-0008350	#56B4E9	chr2
contig-0008351	#00B28C	chr17
contig-0008352	#00B28C	chr17
contig-0008353	#009E73	chr3
contig-0008354	#009E73	chr3
contig-0008355	#1A7FBA	chr12
contig-0008356	#009E73	chr3
contig-0008357	#00B28C	chr17
contig-0008358	#00B28C	chr17
contig-0008359	#00B28C	chr17
contig-0008360	#00B28C	chr17
contig-0008361	#00B28C	chr17
contig-0008362	#00B28C	chr17
contig-0008363	#1A7FBA	chr12
contig-0008364	#666666	chr7
contig-0008365	#666666	chr7
contig-0008366	#D57533	chr13
contig-0008367	#D57533	chr13
contig-0008368	#D58C66	chr20
contig-0008369	#D58C66	chr20
contig-0008370	#D58C66	chr20
contig-0008371	#D58C66	chr20
contig-0008372	#D58C66	chr20
contig-0008373	#E69F00	chr1
contig-0008374	#CC8DB3	chr11
contig-0008375	#CC8DB3	chr11
contig-0008376	#CC8DB3	chr11
contig-0008377	#666666	chr7
contig-0008378	#D57533	chr13
contig-0008379	#D57533	chr13
contig-0008380	#D57533	chr13
contig-0008381	#CCA0BF	chr18
contig-0008382	#00B28C	chr17
contig-0008383	#00B28C	chr17
contig-0008384	#E69F00	chr1
contig-0008385	#666666	chr7
contig-0008386	#E69F00	chr1
contig-0008387	#E6AB23	chr8
contig-0008388	#E6AB23	chr8
contig-0008389	#E6AB23	chr8
contig-0008390	#009E73	chr3
contig-0008391	#0072B2	chr5
contig-0008392	#56B4E9	chr2
contig-0008393	#56B4E9	chr2
contig-0008394	#56B4E9	chr2
contig-0008395	#CC79A7	chr4
contig-0008396	#CC79A7	chr4
contig-0008397	#CC79A7	chr4
contig-0008398	#CCA0BF	chr18
contig-0008399	#D58C66	chr20
contig-0008400	#00A880	chr10
contig-0008401	#00A880	chr10
contig-0008402	#00A880	chr10
contig-0008403	#D55E00	chr6
contig-0008404	#CC79A7	chr4
contig-0008405	#E69F00	chr1
contig-0008406	#CC79A7	chr4
contig-0008407	#CC79A7	chr4
contig-0008408	#666666	chr7
contig-0008409	#00A880	chr10
contig-0008410	#00A880	chr10
contig-0008411	#00A880	chr10
contig-0008412	#CC79A7	chr4
contig-0008413	#56B4E9	chr2
contig-0008414	#E6AB23	chr8
contig-0008415	#00B28C	chr17
contig-0008416	#E69F00	chr1
contig-0008417	#666666	chr7
contig-0008418	#CCA0BF	chr18
contig-0008419	#5699E9	chr9
contig-0008420	#009E73	chr3
contig-0008421	#0072B2	chr5
contig-0008422	#D55E00	chr6
contig-0008423	#D55E00	chr6
contig-0008424	#D55E00	chr6
contig-0008425	#5699E9	chr9
contig-0008426	#D55E00	chr6
contig-0008427	#E69F00	chr1
contig-0008428	#D55E00	chr6
contig-0008429	#D55E00	chr6
contig-0008430	#D55E00	chr6
contig-0008431	#E69F00	chr1
contig-0008432	#E69F00	chr1
contig-0008433	#E69F00	chr1
contig-0008434	#00B28C	chr17
contig-0008435	#00B28C	chr17
contig-0008436	#00B28C	chr17
contig-0008437	#E69F00	chr1
contig-0008438	#0072B2	chr5
contig-0008439	#009E73	chr3
contig-0008440	#E6AB23	chr8
contig-0008441	#E6B847	chr15
contig-0008442	#E6C47F	chr22
contig-0008443	#E6C47F	chr22
contig-0008444	#E6C47F	chr22
contig-0008445	#D55E00	chr6
contig-0008446	#5699E9	chr9
contig-0008447	#E69F00	chr1
contig-0008448	#CC8DB3	chr11
contig-0008449	#CC8DB3	chr11
contig-0008450	#CC8DB3	chr11
contig-0008451	#5699E9	chr9
contig-0008452	#5699E9	chr9
contig-0008453	#5699E9	chr9
contig-0008454	#E6B847	chr15
contig-0008455	#737373	chr14
contig-0008456	#737373	chr14
contig-0008457	#737373	chr14
contig-0008458	#56B4E9	chr2
contig-0008459	#E69F00	chr1
contig-0008460	#737373	chr14
contig-0008461	#737373	chr14
contig-0008462	#737373	chr14
contig-0008463	#009E73	chr3
contig-0008464	#E69F00	chr1
contig-0008465	#E69F00	chr1
contig-0008466	#E69F00	chr1
contig-0008467	#E69F00	chr1
contig-0008468	#E69F00	chr1
contig-0008469	#E69F00	chr1
contig-0008470	#0072B2	chr5
contig-0008471	#0072B2	chr5
contig-0008472	#0072B2	chr5
contig-0008473	#D55E00	chr6
contig-0008474	#D55E00	chr6
contig-0008475	#D55E00	chr6
contig-0008476	#56B4E9	chr2
contig-0008477	#D55E00	chr6
contig-0008478	#D55E00	chr6
contig-0008479	#D55E00	chr6
contig-0008480	#E69F00	chr1
contig-0008481	#D55E00	chr6
contig-0008482	#E69F00	chr1
contig-0008483	#666666	chr7
contig-0008484	#666666	chr7
contig-0008485	#666666	chr7
contig-0008486	#666666	chr7
contig-0008487	#E69F00	chr1
contig-0008488	#E69F00	chr1
contig-0008489	#E69F00	chr1
contig-0008490	#E69F00	chr1
contig-0008491	#E69F00	chr1
contig-0008492	#E69F00	chr1
contig-0008493	#D57533	chr13
contig-0008494	#D57533	chr13
contig-0008495	#D57533	chr13
contig-0008496	#E6AB23	chr8
contig-0008497	#D55E00	chr6
contig-0008498	#666666	chr7
contig-0008499	#1A7FBA	chr12
contig-0008500	#1A7FBA	chr12
contig-0008501	#E69F00	chr1
contig-0008502	#1A7FBA	chr12
contig-0008503	#1A7FBA	chr12
contig-0008504	#1A7FBA	chr12
contig-0008505	#00B28C	chr17
contig-0008506	#00B28C	chr17
contig-0008507	#00B28C	chr17
contig-0008508	#CC8DB3	chr11
contig-0008509	#CC8DB3	chr11
contig-0008510	#CC8DB3	chr11
contig-0008511	#CC8DB3	chr11
contig-0008512	#CC8DB3	chr11
contig-0008513	#E6AB23	chr8
contig-0008514	#E6AB23	chr8
contig-0008515	#E6AB23	chr8
contig-0008516	#56B4E9	chr2
contig-0008517	#E6AB23	chr8
contig-0008518	#0072B2	chr5
contig-0008519	#0072B2	chr5
contig-0008520	#0072B2	chr5
contig-0008521	#009E73	chr3
contig-0008522	#E69F00	chr1
contig-0008523	#5699E9	chr9
contig-0008524	#5699E9	chr9
contig-0008525	#5699E9	chr9
contig-0008526	#338CC2	chr19
contig-0008527	#338CC2	chr19
contig-0008528	#338CC2	chr19
contig-0008529	#009E73	chr3
contig-0008530	#CC79A7	chr4
contig-0008531	#CC79A7	chr4
contig-0008532	#E6B847	chr15
contig-0008533	#D57533	chr13
contig-0008534	#E6B847	chr15
contig-0008535	#E6B847	chr15
contig-0008536	#E6B847	chr15
contig-0008537	#E6B847	chr15
contig-0008538	#0072B2	chr5
contig-0008539	#666666	chr7
contig-0008540	#1A7FBA	chr12
contig-0008541	#E69F00	chr1
contig-0008542	#D57533	chr13
contig-0008543	#E69F00	chr1
contig-0008544	#CC79A7	chr4
contig-0008545	#CC79A7	chr4
contig-0008546	#338CC2	chr19
contig-0008547	#E6AB23	chr8
contig-0008548	#E6AB23	chr8
contig-0008549	#D57533	chr13
contig-0008550	#E6AB23	chr8
contig-0008551	#5699E9	chr9
contig-0008552	#5699E9	chr9
contig-0008553	#5699E9	chr9
contig-0008554	#5699E9	chr9
contig-0008555	#5699E9	chr9
contig-0008556	#E69F00	chr1
contig-0008557	#1A7FBA	chr12
contig-0008558	#00B28C	chr17
contig-0008559	#5699E9	chr9
contig-0008560	#56B4E9	chr2
contig-0008561	#D57533	chr13
contig-0008562	#5699E9	chr9
contig-0008563	#5699E9	chr9
contig-0008564	#5699E9	chr9
contig-0008565	#5699E9	chr9
contig-0008566	#E69F00	chr1
contig-0008567	#E69F00	chr1
contig-0008568	#E69F00	chr1
contig-0008569	#D58C66	chr20
contig-0008570	#D58C66	chr20
contig-0008571	#D58C66	chr20
contig-0008572	#D57533	chr13
contig-0008573	#5699E9	chr9
contig-0008574	#5699E9	chr9
contig-0008575	#5699E9	chr9
contig-0008576	#5699E9	chr9
contig-0008577	#5699E9	chr9
contig-0008578	#5699E9	chr9
contig-0008579	#5699E9	chr9
contig-0008580	#5699E9	chr9
contig-0008581	#5699E9	chr9
contig-0008582	#D55E00	chr6
contig-0008583	#D57533	chr13
contig-0008584	#CC79A7	chr4
contig-0008585	#CCA0BF	chr18
contig-0008586	#CCA0BF	chr18
contig-0008587	#CCA0BF	chr18
contig-0008588	#CC79A7	chr4
contig-0008589	#D55E00	chr6
contig-0008590	#00A880	chr10
contig-0008591	#00A880	chr10
contig-0008592	#00A880	chr10
contig-0008593	#CC79A7	chr4
contig-0008594	#E6C47F	chr22
contig-0008595	#E6C47F	chr22
contig-0008596	#E6C47F	chr22
contig-0008597	#E6C47F	chr22
contig-0008598	#666666	chr7
contig-0008599	#56B4E9	chr2
contig-0008600	#00A880	chr10
contig-0008601	#666666	chr7
contig-0008602	#666666	chr7
contig-0008603	#666666	chr7
contig-0008604	#737373	chr14
contig-0008605	#666666	chr7
contig-0008606	#666666	chr7
contig-0008607	#1A7FBA	chr12
contig-0008608	#1A7FBA	chr12
contig-0008609	#1A7FBA	chr12
contig-0008610	#1A7FBA	chr12
contig-0008611	#E6AB23	chr8
contig-0008612	#E6AB23	chr8
contig-0008613	#E6AB23	chr8
contig-0008614	#E6AB23	chr8
contig-0008615	#737373	chr14
contig-0008616	#E6AB23	chr8
contig-0008617	#E6AB23	chr8
contig-0008618	#666666	chr7
contig-0008619	#D57533	chr13
contig-0008620	#D57533	chr13
contig-0008621	#D57533	chr13
contig-0008622	#D57533	chr13
contig-0008623	#D57533	chr13
contig-0008624	#E69F00	chr1
contig-0008625	#737373	chr14
contig-0008626	#E69F00	chr1
contig-0008627	#CCA0BF	chr18
contig-0008628	#CCA0BF	chr18
contig-0008629	#CCA0BF	chr18
contig-0008630	#CCA0BF	chr18
contig-0008631	#CCA0BF	chr18
contig-0008632	#56B4E9	chr2
contig-0008633	#56B4E9	chr2
contig-0008634	#56B4E9	chr2
contig-0008635	#00A880	chr10
contig-0008636	#737373	chr14
contig-0008637	#0072B2	chr5
contig-0008638	#666666	chr7
contig-0008639	#666666	chr7
contig-0008640	#666666	chr7
contig-0008641	#666666	chr7
contig-0008642	#737373	chr14
contig-0008643	#737373	chr14
contig-0008644	#56B4E9	chr2
contig-0008645	#737373	chr14
contig-0008646	#0072B2	chr5
contig-0008647	#CC8DB3	chr11
contig-0008648	#E6B847	chr15
contig-0008649	#E6B847	chr15
contig-0008650	#E6B847	chr15
contig-0008651	#E6B847	chr15
contig-0008652	#E6B847	chr15
contig-0008653	#0072B2	chr5
contig-0008654	#D55E00	chr6
contig-0008655	#E69F00	chr1
contig-0008656	#666666	chr7
contig-0008657	#CC79A7	chr4
contig-0008658	#CC79A7	chr4
contig-0008659	#CC79A7	chr4
contig-0008660	#E69F00	chr1
contig-0008661	#E69F00	chr1
contig-0008662	#338CC2	chr19
contig-0008663	#338CC2	chr19
contig-0008664	#5699E9	chr9
contig-0008665	#5699E9	chr9
contig-0008666	#5699E9	chr9
contig-0008668	#666666	chr7
contig-0008669	#CC79A7	chr4
contig-0008670	#CC79A7	chr4
contig-0008671	#CC79A7	chr4
contig-0008672	#737373	chr14
contig-0008673	#737373	chr14
contig-0008674	#737373	chr14
contig-0008675	#737373	chr14
contig-0008676	#E6C47F	chr22
contig-0008677	#E69F00	chr1
contig-0008678	#666666	chr7
contig-0008679	#E69F00	chr1
contig-0008680	#E69F00	chr1
contig-0008681	#E6AB23	chr8
contig-0008682	#5699E9	chr9
contig-0008683	#5699E9	chr9
contig-0008684	#56B4E9	chr2
contig-0008685	#00A880	chr10
contig-0008686	#666666	chr7
contig-0008687	#00A880	chr10
contig-0008688	#00A880	chr10
contig-0008689	#666666	chr7
contig-0008690	#00A880	chr10
contig-0008691	#666666	chr7
contig-0008692	#666666	chr7
contig-0008693	#666666	chr7
contig-0008694	#D55E00	chr6
contig-0008695	#D55E00	chr6
contig-0008696	#D55E00	chr6
contig-0008697	#E6B847	chr15
contig-0008698	#E6B847	chr15
contig-0008699	#E6B847	chr15
contig-0008700	#E6AB23	chr8
contig-0008701	#E6AB23	chr8
contig-0008702	#E6AB23	chr8
contig-0008703	#E6AB23	chr8
contig-0008704	#E6AB23	chr8
contig-0008705	#D57533	chr13
contig-0008706	#D57533	chr13
contig-0008707	#338CC2	chr19
contig-0008708	#E6AB23	chr8
contig-0008709	#1A7FBA	chr12
contig-0008710	#E6AB23	chr8
contig-0008711	#0072B2	chr5
contig-0008712	#737373	chr14
contig-0008713	#00A880	chr10
contig-0008714	#00B28C	chr17
contig-0008715	#00B28C	chr17
contig-0008716	#00B28C	chr17
contig-0008717	#1A7FBA	chr12
contig-0008718	#00B28C	chr17
contig-0008719	#00B28C	chr17
contig-0008720	#D55E00	chr6
contig-0008721	#00A880	chr10
contig-0008722	#E6AB23	chr8
contig-0008723	#E6AB23	chr8
contig-0008724	#E6AB23	chr8
contig-0008725	#0072B2	chr5
contig-0008726	#0072B2	chr5
contig-0008727	#0072B2	chr5
contig-0008728	#1A7FBA	chr12
contig-0008729	#0072B2	chr5
contig-0008730	#0072B2	chr5
contig-0008731	#0072B2	chr5
contig-0008732	#0072B2	chr5
contig-0008733	#E6C47F	chr22
contig-0008734	#E6C47F	chr22
contig-0008735	#E6C47F	chr22
contig-0008736	#E6C47F	chr22
contig-0008737	#E6C47F	chr22
contig-0008738	#CC79A7	chr4
contig-0008739	#1A7FBA	chr12
contig-0008740	#E69F00	chr1
contig-0008741	#666666	chr7
contig-0008742	#737373	chr14
contig-0008743	#737373	chr14
contig-0008744	#737373	chr14
contig-0008745	#1A7FBA	chr12
contig-0008746	#009E73	chr3
contig-0008747	#56B4E9	chr2
contig-0008748	#56B4E9	chr2
contig-0008749	#56B4E9	chr2
contig-0008750	#1A7FBA	chr12
contig-0008751	#CC79A7	chr4
contig-0008752	#737373	chr14
contig-0008753	#737373	chr14
contig-0008754	#737373	chr14
contig-0008755	#737373	chr14
contig-0008756	#E6AB23	chr8
contig-0008757	#E6AB23	chr8
contig-0008758	#E6AB23	chr8
contig-0008759	#56B4E9	chr2
contig-0008760	#56B4E9	chr2
contig-0008761	#E6B847	chr15
contig-0008762	#E6B847	chr15
contig-0008763	#E6B847	chr15
contig-0008764	#E6B847	chr15
contig-0008765	#0072B2	chr5
contig-0008766	#56B4E9	chr2
contig-0008767	#CC8DB3	chr11
contig-0008768	#56B4E9	chr2
contig-0008769	#666666	chr7
contig-0008770	#338CC2	chr19
contig-0008771	#338CC2	chr19
contig-0008772	#CC79A7	chr4
contig-0008773	#E6B847	chr15
contig-0008774	#338CC2	chr19
contig-0008775	#338CC2	chr19
contig-0008776	#56B4E9	chr2
contig-0008777	#56B4E9	chr2
contig-0008778	#56B4E9	chr2
contig-0008779	#56B4E9	chr2
contig-0008780	#56B4E9	chr2
contig-0008781	#D55E00	chr6
contig-0008782	#D55E00	chr6
contig-0008783	#E6B847	chr15
contig-0008784	#D55E00	chr6
contig-0008785	#E6B847	chr15
contig-0008786	#E6B847	chr15
contig-0008787	#56B4E9	chr2
contig-0008788	#56B4E9	chr2
contig-0008789	#56B4E9	chr2
contig-0008790	#338CC2	chr19
contig-0008791	#338CC2	chr19
contig-0008792	#338CC2	chr19
contig-0008793	#338CC2	chr19
contig-0008794	#00B28C	chr17
contig-0008795	#338CC2	chr19
contig-0008796	#338CC2	chr19
contig-0008797	#E6AB23	chr8
contig-0008798	#5699E9	chr9
contig-0008799	#5699E9	chr9
contig-0008800	#5699E9	chr9
contig-0008801	#E6B847	chr15
contig-0008802	#E6B847	chr15
contig-0008803	#737373	chr14
contig-0008804	#00B28C	chr17
contig-0008805	#737373	chr14
contig-0008806	#737373	chr14
contig-0008807	#737373	chr14
contig-0008808	#737373	chr14
contig-0008809	#1A7FBA	chr12
contig-0008810	#00A880	chr10
contig-0008811	#00A880	chr10
contig-0008812	#00A880	chr10
contig-0008813	#CC79A7	chr4
contig-0008814	#D55E00	chr6
contig-0008815	#00B28C	chr17
contig-0008816	#56B4E9	chr2
contig-0008817	#56B4E9	chr2
contig-0008818	#56B4E9	chr2
contig-0008819	#E6C47F	chr22
contig-0008820	#E6C47F	chr22
contig-0008821	#E6C47F	chr22
contig-0008822	#56B4E9	chr2
contig-0008823	#56B4E9	chr2
contig-0008824	#737373	chr14
contig-0008825	#737373	chr14
contig-0008826	#00B28C	chr17
contig-0008827	#737373	chr14
contig-0008828	#737373	chr14
contig-0008829	#737373	chr14
contig-0008830	#737373	chr14
contig-0008831	#CC79A7	chr4
contig-0008832	#CC79A7	chr4
contig-0008833	#CC79A7	chr4
contig-0008834	#00B28C	chr17
contig-0008835	#009E73	chr3
contig-0008836	#009E73	chr3
contig-0008837	#009E73	chr3
contig-0008838	#00A880	chr10
contig-0008839	#1A7FBA	chr12
contig-0008840	#E6C47F	chr22
contig-0008841	#E6C47F	chr22
contig-0008842	#009E73	chr3
contig-0008843	#009E73	chr3
contig-0008844	#E69F00	chr1
contig-0008845	#00B28C	chr17
contig-0008846	#E69F00	chr1
contig-0008847	#E69F00	chr1
contig-0008848	#E69F00	chr1
contig-0008849	#E69F00	chr1
contig-0008850	#E69F00	chr1
contig-0008851	#E69F00	chr1
contig-0008852	#E69F00	chr1
contig-0008853	#D55E00	chr6
contig-0008854	#D55E00	chr6
contig-0008855	#D55E00	chr6
contig-0008856	#00B28C	chr17
contig-0008857	#0072B2	chr5
contig-0008858	#0072B2	chr5
contig-0008859	#00B28C	chr17
contig-0008860	#009E73	chr3
contig-0008861	#E6AB23	chr8
contig-0008862	#009E73	chr3
contig-0008863	#009E73	chr3
contig-0008864	#009E73	chr3
contig-0008865	#00B28C	chr17
contig-0008866	#CCA0BF	chr18
contig-0008867	#E69F00	chr1
contig-0008868	#CC8DB3	chr11
contig-0008869	#CC8DB3	chr11
contig-0008870	#CC8DB3	chr11
contig-0008871	#CC8DB3	chr11
contig-0008872	#CC8DB3	chr11
contig-0008873	#CC8DB3	chr11
contig-0008874	#737373	chr14
contig-0008875	#737373	chr14
contig-0008876	#CC79A7	chr4
contig-0008877	#CC79A7	chr4
contig-0008878	#737373	chr14
contig-0008879	#737373	chr14
contig-0008880	#737373	chr14
contig-0008881	#737373	chr14
contig-0008882	#737373	chr14
contig-0008883	#666666	chr7
contig-0008884	#00A880	chr10
contig-0008885	#00A880	chr10
contig-0008886	#00A880	chr10
contig-0008887	#CC79A7	chr4
contig-0008888	#D58C66	chr20
contig-0008889	#CC8DB3	chr11
contig-0008890	#CC8DB3	chr11
contig-0008891	#CCA0BF	chr18
contig-0008892	#CCA0BF	chr18
contig-0008893	#CCA0BF	chr18
contig-0008894	#CCA0BF	chr18
contig-0008895	#CCA0BF	chr18
contig-0008896	#56B4E9	chr2
contig-0008897	#56B4E9	chr2
contig-0008898	#CC79A7	chr4
contig-0008899	#56B4E9	chr2
contig-0008900	#5699E9	chr9
contig-0008901	#567DE9	chr16
contig-0008902	#567DE9	chr16
contig-0008903	#567DE9	chr16
contig-0008904	#567DE9	chr16
contig-0008905	#00B28C	chr17
contig-0008906	#00B28C	chr17
contig-0008907	#00B28C	chr17
contig-0008908	#E6AB23	chr8
contig-0008909	#CC79A7	chr4
contig-0008910	#D58C66	chr20
contig-0008911	#CC8DB3	chr11
contig-0008912	#CC8DB3	chr11
contig-0008913	#D57533	chr13
contig-0008914	#E6C47F	chr22
contig-0008915	#E6C47F	chr22
contig-0008916	#E6C47F	chr22
contig-0008917	#E6C47F	chr22
contig-0008918	#56B4E9	chr2
contig-0008919	#CC79A7	chr4
contig-0008920	#56B4E9	chr2
contig-0008921	#56B4E9	chr2
contig-0008922	#56B4E9	chr2
contig-0008923	#56B4E9	chr2
contig-0008924	#737373	chr14
contig-0008925	#737373	chr14
contig-0008926	#737373	chr14
contig-0008927	#737373	chr14
contig-0008928	#567DE9	chr16
contig-0008929	#567DE9	chr16
contig-0008930	#E6AB23	chr8
contig-0008931	#567DE9	chr16
contig-0008932	#E6B847	chr15
contig-0008933	#E6B847	chr15
contig-0008934	#CCA0BF	chr18
contig-0008935	#CCA0BF	chr18
contig-0008936	#CCA0BF	chr18
contig-0008937	#737373	chr14
contig-0008938	#737373	chr14
contig-0008939	#737373	chr14
contig-0008940	#E6AB23	chr8
contig-0008941	#1A7FBA	chr12
contig-0008942	#1A7FBA	chr12
contig-0008943	#1A7FBA	chr12
contig-0008944	#1A7FBA	chr12
contig-0008945	#1A7FBA	chr12
contig-0008946	#56B4E9	chr2
contig-0008947	#56B4E9	chr2
contig-0008948	#E69F00	chr1
contig-0008949	#E69F00	chr1
contig-0008950	#E69F00	chr1
contig-0008951	#666666	chr7
contig-0008952	#E69F00	chr1
contig-0008953	#666666	chr7
contig-0008954	#666666	chr7
contig-0008955	#666666	chr7
contig-0008956	#666666	chr7
contig-0008957	#666666	chr7
contig-0008958	#00A880	chr10
contig-0008959	#E6B847	chr15
contig-0008960	#E6B847	chr15
contig-0008961	#E6B847	chr15
contig-0008962	#E6B847	chr15
contig-0008963	#E6B847	chr15
contig-0008964	#E6B847	chr15
contig-0008965	#E6B847	chr15
contig-0008966	#E6B847	chr15
contig-0008967	#E6B847	chr15
contig-0008968	#E6B847	chr15
contig-0008969	#E69F00	chr1
contig-0008970	#E6AB23	chr8
contig-0008971	#5699E9	chr9
contig-0008972	#5699E9	chr9
contig-0008973	#5699E9	chr9
contig-0008974	#5699E9	chr9
contig-0008975	#5699E9	chr9
contig-0008976	#D55E00	chr6
contig-0008977	#CC79A7	chr4
contig-0008978	#E69F00	chr1
contig-0008979	#D57533	chr13
contig-0008980	#E69F00	chr1
contig-0008981	#CC79A7	chr4
contig-0008982	#CC8DB3	chr11
contig-0008983	#E69F00	chr1
contig-0008984	#E69F00	chr1
contig-0008985	#E69F00	chr1
contig-0008986	#E69F00	chr1
contig-0008987	#E6B847	chr15
contig-0008988	#E6B847	chr15
contig-0008989	#E6B847	chr15
contig-0008990	#E6B847	chr15
contig-0008991	#0072B2	chr5
contig-0008992	#E69F00	chr1
contig-0008993	#CC8DB3	chr11
contig-0008994	#E69F00	chr1
contig-0008995	#E6B847	chr15
contig-0008996	#D55E00	chr6
contig-0008997	#CC8DB3	chr11
contig-0008998	#E6C47F	chr22
contig-0008999	#E6C47F	chr22
contig-0009000	#E6C47F	chr22
contig-0009001	#E6AB23	chr8
contig-0009002	#E6AB23	chr8
contig-0009003	#E6AB23	chr8
contig-0009004	#CC8DB3	chr11
contig-0009005	#00A880	chr10
contig-0009006	#666666	chr7
contig-0009007	#666666	chr7
contig-0009008	#666666	chr7
contig-0009009	#56B4E9	chr2
contig-0009010	#E69F00	chr1
contig-0009011	#666666	chr7
contig-0009012	#CC79A7	chr4
contig-0009013	#E6B847	chr15
contig-0009014	#CC79A7	chr4
contig-0009015	#CC8DB3	chr11
contig-0009016	#009E73	chr3
contig-0009017	#CCA0BF	chr18
contig-0009018	#CC8DB3	chr11
contig-0009019	#567DE9	chr16
contig-0009020	#567DE9	chr16
contig-0009021	#567DE9	chr16
contig-0009022	#0072B2	chr5
contig-0009023	#737373	chr14
contig-0009024	#737373	chr14
contig-0009025	#737373	chr14
contig-0009026	#CC8DB3	chr11
contig-0009027	#D57533	chr13
contig-0009028	#D57533	chr13
contig-0009029	#D57533	chr13
contig-0009030	#5699E9	chr9
contig-0009031	#E6B847	chr15
contig-0009032	#E6B847	chr15
contig-0009033	#E6B847	chr15
contig-0009034	#CC79A7	chr4
contig-0009035	#CC79A7	chr4
contig-0009036	#CC79A7	chr4
contig-0009037	#666666	chr7
contig-0009038	#009E73	chr3
contig-0009039	#009E73	chr3
contig-0009040	#009E73	chr3
contig-0009041	#737373	chr14
contig-0009042	#737373	chr14
contig-0009043	#737373	chr14
contig-0009044	#56B4E9	chr2
contig-0009045	#00B28C	chr17
contig-0009046	#00A880	chr10
contig-0009047	#E6B847	chr15
contig-0009048	#666666	chr7
contig-0009049	#E6B847	chr15
contig-0009050	#E6B847	chr15
contig-0009051	#E6AB23	chr8
contig-0009052	#737373	chr14
contig-0009053	#CC79A7	chr4
contig-0009054	#CC79A7	chr4
contig-0009055	#CC79A7	chr4
contig-0009056	#00B28C	chr17
contig-0009057	#D55E00	chr6
contig-0009058	#E6AB23	chr8
contig-0009059	#666666	chr7
contig-0009060	#E6AB23	chr8
contig-0009061	#E6AB23	chr8
contig-0009062	#CC79A7	chr4
contig-0009063	#CC8DB3	chr11
contig-0009064	#0072B2	chr5
contig-0009065	#0072B2	chr5
contig-0009066	#0072B2	chr5
contig-0009067	#737373	chr14
contig-0009068	#D55E00	chr6
contig-0009069	#E6AB23	chr8
contig-0009070	#E6B847	chr15
contig-0009071	#E6B847	chr15
contig-0009072	#E6B847	chr15
contig-0009073	#D55E00	chr6
contig-0009074	#D55E00	chr6
contig-0009075	#D55E00	chr6
contig-0009076	#D55E00	chr6
contig-0009077	#0072B2	chr5
contig-0009078	#E69F00	chr1
contig-0009079	#E6B847	chr15
contig-0009080	#E6B847	chr15
contig-0009081	#E6B847	chr15
contig-0009082	#666666	chr7
contig-0009083	#666666	chr7
contig-0009084	#E6AB23	chr8
contig-0009085	#E69F00	chr1
contig-0009086	#E69F00	chr1
contig-0009087	#E69F00	chr1
contig-0009088	#CC79A7	chr4
contig-0009089	#E6AB23	chr8
contig-0009090	#338CC2	chr19
contig-0009091	#338CC2	chr19
contig-0009092	#338CC2	chr19
contig-0009093	#D55E00	chr6
contig-0009094	#D55E00	chr6
contig-0009095	#D55E00	chr6
contig-0009096	#CCA0BF	chr18
contig-0009097	#00B28C	chr17
contig-0009098	#5699E9	chr9
contig-0009099	#E6AB23	chr8
contig-0009100	#5699E9	chr9
contig-0009101	#5699E9	chr9
contig-0009102	#5699E9	chr9
contig-0009103	#5699E9	chr9
contig-0009104	#E6AB23	chr8
contig-0009105	#E6AB23	chr8
contig-0009106	#E6AB23	chr8
contig-0009107	#5699E9	chr9
contig-0009108	#5699E9	chr9
contig-0009109	#00B28C	chr17
contig-0009110	#00B28C	chr17
contig-0009111	#00B28C	chr17
contig-0009112	#00B28C	chr17
contig-0009113	#567DE9	chr16
contig-0009114	#E6AB23	chr8
contig-0009115	#E6AB23	chr8
contig-0009116	#0072B2	chr5
contig-0009117	#0072B2	chr5
contig-0009118	#D55E00	chr6
contig-0009119	#D55E00	chr6
contig-0009120	#E6AB23	chr8
contig-0009121	#D55E00	chr6
contig-0009122	#D55E00	chr6
contig-0009123	#E69F00	chr1
contig-0009124	#567DE9	chr16
contig-0009125	#CC79A7	chr4
contig-0009126	#1A7FBA	chr12
contig-0009127	#1A7FBA	chr12
contig-0009128	#1A7FBA	chr12
contig-0009129	#E6B847	chr15
contig-0009130	#0072B2	chr5
contig-0009131	#E6AB23	chr8
contig-0009132	#567DE9	chr16
contig-0009133	#567DE9	chr16
contig-0009134	#CC79A7	chr4
contig-0009135	#CC79A7	chr4
contig-0009136	#CC79A7	chr4
contig-0009137	#5699E9	chr9
contig-0009138	#5699E9	chr9
contig-0009139	#5699E9	chr9
contig-0009140	#5699E9	chr9
contig-0009141	#009E73	chr3
contig-0009142	#009E73	chr3
contig-0009143	#E6AB23	chr8
contig-0009144	#E6AB23	chr8
contig-0009145	#E6AB23	chr8
contig-0009146	#D55E00	chr6
contig-0009147	#D55E00	chr6
contig-0009148	#D55E00	chr6
contig-0009149	#56B4E9	chr2
contig-0009150	#00A880	chr10
contig-0009151	#CCA0BF	chr18
contig-0009152	#009E73	chr3
contig-0009153	#CCA0BF	chr18
contig-0009154	#CCA0BF	chr18
contig-0009155	#56B4E9	chr2
contig-0009156	#E69F00	chr1
contig-0009157	#E6AB23	chr8
contig-0009158	#737373	chr14
contig-0009159	#737373	chr14
contig-0009160	#737373	chr14
contig-0009161	#737373	chr14
contig-0009162	#737373	chr14
contig-0009163	#009E73	chr3
contig-0009164	#338CC2	chr19
contig-0009165	#567DE9	chr16
contig-0009166	#56B4E9	chr2
contig-0009167	#CC79A7	chr4
contig-0009168	#567DE9	chr16
contig-0009169	#567DE9	chr16
contig-0009170	#009E73	chr3
contig-0009171	#E6AB23	chr8
contig-0009172	#E6AB23	chr8
contig-0009173	#E6AB23	chr8
contig-0009174	#E6AB23	chr8
contig-0009175	#E6AB23	chr8
contig-0009176	#00B28C	chr17
contig-0009177	#00B28C	chr17
contig-0009178	#00B28C	chr17
contig-0009179	#00B28C	chr17
contig-0009180	#567DE9	chr16
contig-0009181	#567DE9	chr16
contig-0009182	#567DE9	chr16
contig-0009183	#567DE9	chr16
contig-0009184	#009E73	chr3
contig-0009185	#009E73	chr3
contig-0009186	#009E73	chr3
contig-0009187	#737373	chr14
contig-0009188	#CC79A7	chr4
contig-0009189	#CC8DB3	chr11
contig-0009190	#5699E9	chr9
contig-0009191	#567DE9	chr16
contig-0009192	#567DE9	chr16
contig-0009193	#5699E9	chr9
contig-0009194	#CC79A7	chr4
contig-0009195	#666666	chr7
contig-0009196	#1A7FBA	chr12
contig-0009197	#1A7FBA	chr12
contig-0009198	#1A7FBA	chr12
contig-0009199	#1A7FBA	chr12
contig-0009200	#1A7FBA	chr12
contig-0009201	#1A7FBA	chr12
contig-0009202	#CC79A7	chr4
contig-0009203	#CC79A7	chr4
contig-0009204	#CC79A7	chr4
contig-0009205	#CC79A7	chr4
contig-0009206	#666666	chr7
contig-0009207	#567DE9	chr16
contig-0009208	#567DE9	chr16
contig-0009209	#567DE9	chr16
contig-0009210	#56B4E9	chr2
contig-0009211	#56B4E9	chr2
contig-0009212	#56B4E9	chr2
contig-0009213	#D55E00	chr6
contig-0009214	#D55E00	chr6
contig-0009215	#56B4E9	chr2
contig-0009216	#666666	chr7
contig-0009217	#56B4E9	chr2
contig-0009218	#CC8DB3	chr11
contig-0009219	#CC8DB3	chr11
contig-0009220	#CC8DB3	chr11
contig-0009221	#CCA0BF	chr18
contig-0009222	#CCA0BF	chr18
contig-0009223	#CCA0BF	chr18
contig-0009224	#5699E9	chr9
contig-0009225	#5699E9	chr9
contig-0009226	#5699E9	chr9
contig-0009227	#666666	chr7
contig-0009228	#5699E9	chr9
contig-0009229	#1A7FBA	chr12
contig-0009230	#CCA0BF	chr18
contig-0009231	#009E73	chr3
contig-0009232	#009E73	chr3
contig-0009233	#009E73	chr3
contig-0009234	#666666	chr7
contig-0009235	#666666	chr7
contig-0009236	#666666	chr7
contig-0009237	#0072B2	chr5
contig-0009238	#666666	chr7
contig-0009239	#E69F00	chr1
contig-0009240	#CC79A7	chr4
contig-0009241	#CC79A7	chr4
contig-0009242	#CC79A7	chr4
contig-0009243	#5699E9	chr9
contig-0009244	#5699E9	chr9
contig-0009245	#5699E9	chr9
contig-0009246	#5699E9	chr9
contig-0009247	#5699E9	chr9
contig-0009248	#1A7FBA	chr12
contig-0009249	#CCA0BF	chr18
contig-0009250	#CCA0BF	chr18
contig-0009251	#E6AB23	chr8
contig-0009252	#E6B847	chr15
contig-0009253	#1A7FBA	chr12
contig-0009254	#666666	chr7
contig-0009255	#56B4E9	chr2
contig-0009256	#56B4E9	chr2
contig-0009257	#56B4E9	chr2
contig-0009258	#5699E9	chr9
contig-0009259	#1A7FBA	chr12
contig-0009260	#5699E9	chr9
contig-0009261	#5699E9	chr9
contig-0009262	#5699E9	chr9
contig-0009263	#5699E9	chr9
contig-0009264	#5699E9	chr9
contig-0009265	#5699E9	chr9
contig-0009266	#5699E9	chr9
contig-0009267	#5699E9	chr9
contig-0009268	#E6B847	chr15
contig-0009269	#009E73	chr3
contig-0009270	#1A7FBA	chr12
contig-0009271	#009E73	chr3
contig-0009272	#009E73	chr3
contig-0009273	#0072B2	chr5
contig-0009274	#666666	chr7
contig-0009275	#737373	chr14
contig-0009276	#CC79A7	chr4
contig-0009277	#E69F00	chr1
contig-0009278	#00A880	chr10
contig-0009279	#00A880	chr10
contig-0009280	#1A7FBA	chr12
contig-0009281	#1A7FBA	chr12
contig-0009282	#1A7FBA	chr12
contig-0009283	#1A7FBA	chr12
contig-0009284	#1A7FBA	chr12
contig-0009285	#E69F00	chr1
contig-0009286	#009E73	chr3
contig-0009287	#009E73	chr3
contig-0009288	#009E73	chr3
contig-0009289	#E6B847	chr15
contig-0009290	#E6B847	chr15
contig-0009291	#E6B847	chr15
contig-0009292	#CC79A7	chr4
contig-0009293	#E6B847	chr15
contig-0009294	#00B28C	chr17
contig-0009295	#CC8DB3	chr11
contig-0009296	#CC8DB3	chr11
contig-0009297	#CC8DB3	chr11
contig-0009298	#CC8DB3	chr11
contig-0009299	#E69F00	chr1
contig-0009300	#E69F00	chr1
contig-0009301	#E69F00	chr1
contig-0009302	#1A7FBA	chr12
contig-0009303	#338CC2	chr19
contig-0009304	#D55E00	chr6
contig-0009305	#E6AB23	chr8
contig-0009306	#E69F00	chr1
contig-0009307	#E69F00	chr1
contig-0009308	#E69F00	chr1
contig-0009309	#E69F00	chr1
contig-0009310	#E69F00	chr1
contig-0009311	#00B28C	chr17
contig-0009312	#00B28C	chr17
contig-0009313	#00B28C	chr17
contig-0009314	#737373	chr14
contig-0009315	#0072B2	chr5
contig-0009316	#0072B2	chr5
contig-0009317	#0072B2	chr5
contig-0009318	#009E73	chr3
contig-0009319	#009E73	chr3
contig-0009320	#D55E00	chr6
contig-0009321	#D55E00	chr6
contig-0009322	#CC8DB3	chr11
contig-0009323	#0072B2	chr5
contig-0009324	#009E73	chr3
contig-0009325	#009E73	chr3
contig-0009326	#009E73	chr3
contig-0009327	#00A880	chr10
contig-0009328	#00A880	chr10
contig-0009329	#D57533	chr13
contig-0009330	#0072B2	chr5
contig-0009331	#D57533	chr13
contig-0009332	#0072B2	chr5
contig-0009333	#E69F00	chr1
contig-0009334	#CC79A7	chr4
contig-0009335	#009E73	chr3
contig-0009336	#1A7FBA	chr12
contig-0009337	#737373	chr14
contig-0009338	#737373	chr14
contig-0009339	#E6AB23	chr8
contig-0009340	#E6AB23	chr8
contig-0009341	#E6AB23	chr8
contig-0009342	#338CC2	chr19
contig-0009343	#338CC2	chr19
contig-0009344	#0072B2	chr5
contig-0009345	#E69F00	chr1
contig-0009346	#E69F00	chr1
contig-0009347	#E69F00	chr1
contig-0009348	#D55E00	chr6
contig-0009349	#009E73	chr3
contig-0009350	#338CC2	chr19
contig-0009351	#1A7FBA	chr12
contig-0009352	#1A7FBA	chr12
contig-0009353	#1A7FBA	chr12
contig-0009354	#1A7FBA	chr12
contig-0009355	#1A7FBA	chr12
contig-0009356	#1A7FBA	chr12
contig-0009357	#0072B2	chr5
contig-0009358	#0072B2	chr5
contig-0009359	#56B4E9	chr2
contig-0009360	#56B4E9	chr2
contig-0009361	#56B4E9	chr2
contig-0009362	#E6AB23	chr8
contig-0009363	#E6AB23	chr8
contig-0009364	#1A7FBA	chr12
contig-0009365	#E6AB23	chr8
contig-0009366	#1A7FBA	chr12
contig-0009367	#1A7FBA	chr12
contig-0009368	#1A7FBA	chr12
contig-0009369	#1A7FBA	chr12
contig-0009370	#E69F00	chr1
contig-0009371	#E69F00	chr1
contig-0009372	#E69F00	chr1
contig-0009373	#E69F00	chr1
contig-0009374	#E69F00	chr1
contig-0009375	#E69F00	chr1
contig-0009376	#E6AB23	chr8
contig-0009377	#E69F00	chr1
contig-0009378	#009E73	chr3
contig-0009379	#009E73	chr3
contig-0009380	#009E73	chr3
contig-0009381	#00A880	chr10
contig-0009382	#00A880	chr10
contig-0009383	#00A880	chr10
contig-0009384	#666666	chr7
contig-0009385	#666666	chr7
contig-0009386	#E6AB23	chr8
contig-0009387	#00A880	chr10
contig-0009388	#338CC2	chr19
contig-0009389	#00A880	chr10
contig-0009390	#00A880	chr10
contig-0009391	#D55E00	chr6
contig-0009392	#D55E00	chr6
contig-0009393	#D55E00	chr6
contig-0009394	#009E73	chr3
contig-0009395	#009E73	chr3
contig-0009396	#E6AB23	chr8
contig-0009397	#009E73	chr3
contig-0009398	#E6B847	chr15
contig-0009399	#E6B847	chr15
contig-0009400	#E6B847	chr15
contig-0009401	#E6B847	chr15
contig-0009402	#E6B847	chr15
contig-0009403	#00A880	chr10
contig-0009404	#666666	chr7
contig-0009405	#1A7FBA	chr12
contig-0009406	#1A7FBA	chr12
contig-0009407	#338CC2	chr19
contig-0009408	#E6AB23	chr8
contig-0009409	#1A7FBA	chr12
contig-0009410	#1A7FBA	chr12
contig-0009411	#1A7FBA	chr12
contig-0009412	#1A7FBA	chr12
contig-0009413	#1A7FBA	chr12
contig-0009414	#567DE9	chr16
contig-0009415	#567DE9	chr16
contig-0009416	#567DE9	chr16
contig-0009417	#009E73	chr3
contig-0009418	#1A7FBA	chr12
contig-0009419	#1A7FBA	chr12
contig-0009420	#D58C66	chr20
contig-0009421	#5699E9	chr9
contig-0009422	#5699E9	chr9
contig-0009423	#5699E9	chr9
contig-0009424	#567DE9	chr16
contig-0009425	#567DE9	chr16
contig-0009426	#567DE9	chr16
contig-0009427	#567DE9	chr16
contig-0009428	#009E73	chr3
contig-0009429	#E6B847	chr15
contig-0009430	#E6B847	chr15
contig-0009431	#E6B847	chr15
contig-0009432	#E6B847	chr15
contig-0009433	#E6B847	chr15
contig-0009434	#E6B847	chr15
contig-0009435	#E6B847	chr15
contig-0009436	#009E73	chr3
contig-0009437	#56B4E9	chr2
contig-0009438	#009E73	chr3
contig-0009439	#CC8DB3	chr11
contig-0009440	#1A7FBA	chr12
contig-0009441	#1A7FBA	chr12
contig-0009442	#1A7FBA	chr12
contig-0009443	#1A7FBA	chr12
contig-0009444	#1A7FBA	chr12
contig-0009445	#CC8DB3	chr11
contig-0009446	#CC8DB3	chr11
contig-0009447	#CC8DB3	chr11
contig-0009448	#0072B2	chr5
contig-0009449	#009E73	chr3
contig-0009450	#0072B2	chr5
contig-0009451	#0072B2	chr5
contig-0009452	#737373	chr14
contig-0009453	#E69F00	chr1
contig-0009454	#E69F00	chr1
contig-0009455	#E69F00	chr1
contig-0009456	#E69F00	chr1
contig-0009457	#E69F00	chr1
contig-0009458	#009E73	chr3
contig-0009459	#009E73	chr3
contig-0009460	#009E73	chr3
contig-0009461	#009E73	chr3
contig-0009462	#009E73	chr3
contig-0009463	#009E73	chr3
contig-0009464	#009E73	chr3
contig-0009465	#009E73	chr3
contig-0009466	#009E73	chr3
contig-0009467	#D55E00	chr6
contig-0009468	#56B4E9	chr2
contig-0009469	#56B4E9	chr2
contig-0009470	#56B4E9	chr2
contig-0009471	#CC8DB3	chr11
contig-0009472	#E6AB23	chr8
contig-0009473	#E6AB23	chr8
contig-0009474	#E6AB23	chr8
contig-0009475	#E6AB23	chr8
contig-0009476	#E6AB23	chr8
contig-0009477	#D57533	chr13
contig-0009478	#009E73	chr3
contig-0009479	#00B28C	chr17
contig-0009480	#00B28C	chr17
contig-0009481	#5699E9	chr9
contig-0009482	#CC8DB3	chr11
contig-0009483	#CCA0BF	chr18
contig-0009484	#0072B2	chr5
contig-0009485	#D58C66	chr20
contig-0009486	#E6C47F	chr22
contig-0009487	#D57533	chr13
contig-0009488	#56B4E9	chr2
contig-0009489	#56B4E9	chr2
contig-0009490	#567DE9	chr16
contig-0009491	#338CC2	chr19
contig-0009492	#1A7FBA	chr12
contig-0009493	#CC8DB3	chr11
contig-0009494	#D55E00	chr6
contig-0009495	#E69F00	chr1
contig-0009496	#E69F00	chr1
contig-0009497	#E69F00	chr1
contig-0009498	#D55E00	chr6
contig-0009499	#D55E00	chr6
contig-0009500	#D55E00	chr6
contig-0009501	#E6AB23	chr8
contig-0009502	#D58C66	chr20
contig-0009503	#E6C47F	chr22
contig-0009504	#CC8DB3	chr11
contig-0009505	#009E73	chr3
contig-0009506	#009E73	chr3
contig-0009507	#009E73	chr3
contig-0009508	#56B4E9	chr2
contig-0009509	#56B4E9	chr2
contig-0009510	#56B4E9	chr2
contig-0009511	#0072B2	chr5
contig-0009512	#0072B2	chr5
contig-0009513	#56B4E9	chr2
contig-0009514	#1A7FBA	chr12
contig-0009515	#338CC2	chr19
contig-0009516	#CC8DB3	chr11
contig-0009517	#1A7FBA	chr12
contig-0009518	#1A7FBA	chr12
contig-0009519	#1A7FBA	chr12
contig-0009520	#1A7FBA	chr12
contig-0009521	#1A7FBA	chr12
contig-0009522	#666666	chr7
contig-0009523	#666666	chr7
contig-0009524	#666666	chr7
contig-0009525	#D58C66	chr20
contig-0009526	#CC8DB3	chr11
contig-0009527	#D58C66	chr20
contig-0009528	#D58C66	chr20
contig-0009529	#E6C47F	chr22
contig-0009530	#D57533	chr13
contig-0009531	#CC8DB3	chr11
contig-0009532	#E69F00	chr1
contig-0009533	#E6AB23	chr8
contig-0009534	#D55E00	chr6
contig-0009535	#D55E00	chr6
contig-0009536	#CC8DB3	chr11
contig-0009537	#D55E00	chr6
contig-0009538	#CC8DB3	chr11
contig-0009539	#737373	chr14
contig-0009540	#E6AB23	chr8
contig-0009541	#567DE9	chr16
contig-0009542	#567DE9	chr16
contig-0009543	#567DE9	chr16
contig-0009544	#567DE9	chr16
contig-0009545	#567DE9	chr16
contig-0009546	#CC8DB3	chr11
contig-0009547	#D55E00	chr6
contig-0009548	#00A880	chr10
contig-0009549	#00A880	chr10
contig-0009550	#00A880	chr10
contig-0009551	#E6B847	chr15
contig-0009552	#E6B847	chr15
contig-0009553	#E6B847	chr15
contig-0009554	#567DE9	chr16
contig-0009555	#567DE9	chr16
contig-0009556	#567DE9	chr16
contig-0009557	#CC8DB3	chr11
contig-0009558	#567DE9	chr16
contig-0009559	#D55E00	chr6
contig-0009560	#D55E00	chr6
contig-0009561	#737373	chr14
contig-0009562	#1A7FBA	chr12
contig-0009563	#56B4E9	chr2
contig-0009564	#56B4E9	chr2
contig-0009565	#0072B2	chr5
contig-0009566	#0072B2	chr5
contig-0009567	#0072B2	chr5
contig-0009568	#00B28C	chr17
contig-0009569	#0072B2	chr5
contig-0009570	#666666	chr7
contig-0009571	#1A7FBA	chr12
contig-0009572	#1A7FBA	chr12
contig-0009573	#1A7FBA	chr12
contig-0009574	#CC79A7	chr4
contig-0009575	#CC79A7	chr4
contig-0009576	#CC79A7	chr4
contig-0009577	#D57533	chr13
contig-0009578	#5699E9	chr9
contig-0009579	#00B28C	chr17
contig-0009580	#56B4E9	chr2
contig-0009581	#56B4E9	chr2
contig-0009582	#666666	chr7
contig-0009583	#D55E00	chr6
contig-0009584	#D55E00	chr6
contig-0009585	#D55E00	chr6
contig-0009586	#CC8DB3	chr11
contig-0009587	#CC8DB3	chr11
contig-0009588	#CC8DB3	chr11
contig-0009589	#737373	chr14
contig-0009590	#00B28C	chr17
contig-0009591	#E6AB23	chr8
contig-0009592	#E6AB23	chr8
contig-0009593	#00B28C	chr17
contig-0009594	#00B28C	chr17
contig-0009595	#E6B847	chr15
contig-0009596	#56B4E9	chr2
contig-0009598	#E6AB23	chr8
contig-0009599	#E6AB23	chr8
contig-0009600	#E69F00	chr1
contig-0009601	#00B28C	chr17
contig-0009602	#E69F00	chr1
contig-0009603	#E69F00	chr1
contig-0009604	#0072B2	chr5
contig-0009605	#0072B2	chr5
contig-0009606	#0072B2	chr5
contig-0009607	#E6AB23	chr8
contig-0009608	#E6AB23	chr8
contig-0009609	#E6AB23	chr8
contig-0009610	#CC79A7	chr4
contig-0009611	#00B28C	chr17
contig-0009612	#CC79A7	chr4
contig-0009613	#CC79A7	chr4
contig-0009614	#CC79A7	chr4
contig-0009615	#E6AB23	chr8
contig-0009616	#E6AB23	chr8
contig-0009617	#666666	chr7
contig-0009618	#666666	chr7
contig-0009619	#666666	chr7
contig-0009620	#00B28C	chr17
contig-0009621	#666666	chr7
contig-0009622	#338CC2	chr19
contig-0009623	#00B28C	chr17
contig-0009624	#666666	chr7
contig-0009625	#666666	chr7
contig-0009626	#CC79A7	chr4
contig-0009627	#CC79A7	chr4
contig-0009628	#009E73	chr3
contig-0009629	#009E73	chr3
contig-0009630	#009E73	chr3
contig-0009631	#009E73	chr3
contig-0009632	#009E73	chr3
contig-0009633	#009E73	chr3
contig-0009634	#00B28C	chr17
contig-0009635	#009E73	chr3
contig-0009636	#009E73	chr3
contig-0009637	#009E73	chr3
contig-0009638	#009E73	chr3
contig-0009639	#E69F00	chr1
contig-0009640	#E69F00	chr1
contig-0009641	#009E73	chr3
contig-0009642	#E6AB23	chr8
contig-0009643	#E6AB23	chr8
contig-0009644	#E6AB23	chr8
contig-0009645	#00B28C	chr17
contig-0009646	#1A7FBA	chr12
contig-0009647	#1A7FBA	chr12
contig-0009648	#1A7FBA	chr12
contig-0009649	#E69F00	chr1
contig-0009650	#E6C47F	chr22
contig-0009651	#CC79A7	chr4
contig-0009652	#E6AB23	chr8
contig-0009653	#E6AB23	chr8
contig-0009654	#E6AB23	chr8
contig-0009655	#E6C47F	chr22
contig-0009656	#00B28C	chr17
contig-0009657	#E6AB23	chr8
contig-0009658	#5699E9	chr9
contig-0009659	#5699E9	chr9
contig-0009660	#5699E9	chr9
contig-0009661	#5699E9	chr9
contig-0009662	#5699E9	chr9
contig-0009663	#567DE9	chr16
contig-0009664	#567DE9	chr16
contig-0009665	#1A7FBA	chr12
contig-0009666	#D57533	chr13
contig-0009667	#666666	chr7
contig-0009668	#D57533	chr13
contig-0009669	#D57533	chr13
contig-0009670	#E6B847	chr15
contig-0009671	#E6B847	chr15
contig-0009672	#E6B847	chr15
contig-0009673	#737373	chr14
contig-0009674	#737373	chr14
contig-0009675	#737373	chr14
contig-0009676	#009E73	chr3
contig-0009677	#E6AB23	chr8
contig-0009678	#666666	chr7
contig-0009679	#56B4E9	chr2
contig-0009680	#56B4E9	chr2
contig-0009681	#338CC2	chr19
contig-0009682	#338CC2	chr19
contig-0009683	#338CC2	chr19
contig-0009684	#56B4E9	chr2
contig-0009685	#666666	chr7
contig-0009686	#D55E00	chr6
contig-0009687	#D55E00	chr6
contig-0009688	#D55E00	chr6
contig-0009689	#666666	chr7
contig-0009690	#1A7FBA	chr12
contig-0009691	#E69F00	chr1
contig-0009692	#E69F00	chr1
contig-0009693	#1A7FBA	chr12
contig-0009694	#1A7FBA	chr12
contig-0009695	#56B4E9	chr2
contig-0009696	#E69F00	chr1
contig-0009697	#E69F00	chr1
contig-0009698	#E69F00	chr1
contig-0009699	#E69F00	chr1
contig-0009700	#666666	chr7
contig-0009701	#009E73	chr3
contig-0009702	#D58C66	chr20
contig-0009703	#E6B847	chr15
contig-0009704	#CC79A7	chr4
contig-0009705	#CC79A7	chr4
contig-0009706	#E69F00	chr1
contig-0009707	#E69F00	chr1
contig-0009708	#00B28C	chr17
contig-0009709	#E6B847	chr15
contig-0009710	#666666	chr7
contig-0009711	#E6B847	chr15
contig-0009712	#E6B847	chr15
contig-0009713	#E6B847	chr15
contig-0009714	#E6B847	chr15
contig-0009715	#666666	chr7
contig-0009716	#666666	chr7
contig-0009717	#666666	chr7
contig-0009718	#56B4E9	chr2
contig-0009719	#56B4E9	chr2
contig-0009720	#56B4E9	chr2
contig-0009721	#E6AB23	chr8
contig-0009722	#1A7FBA	chr12
contig-0009723	#1A7FBA	chr12
contig-0009724	#737373	chr14
contig-0009725	#737373	chr14
contig-0009726	#737373	chr14
contig-0009727	#1A7FBA	chr12
contig-0009728	#E6AB23	chr8
contig-0009729	#E6AB23	chr8
contig-0009730	#E6AB23	chr8
contig-0009731	#E6AB23	chr8
contig-0009732	#338CC2	chr19
contig-0009733	#E6AB23	chr8
contig-0009734	#E6B847	chr15
contig-0009735	#E6AB23	chr8
contig-0009736	#D57533	chr13
contig-0009737	#D57533	chr13
contig-0009738	#D57533	chr13
contig-0009739	#1A7FBA	chr12
contig-0009740	#E69F00	chr1
contig-0009741	#0072B2	chr5
contig-0009742	#0072B2	chr5
contig-0009743	#0072B2	chr5
contig-0009744	#E6AB23	chr8
contig-0009745	#009E73	chr3
contig-0009746	#009E73	chr3
contig-0009747	#009E73	chr3
contig-0009748	#CC79A7	chr4
contig-0009749	#CC79A7	chr4
contig-0009750	#CC79A7	chr4
contig-0009751	#E6AB23	chr8
contig-0009752	#56B4E9	chr2
contig-0009753	#56B4E9	chr2
contig-0009754	#56B4E9	chr2
contig-0009755	#E6AB23	chr8
contig-0009756	#D57533	chr13
contig-0009757	#CCA0BF	chr18
contig-0009758	#CC8DB3	chr11
contig-0009759	#CC8DB3	chr11
contig-0009760	#CC8DB3	chr11
contig-0009761	#56B4E9	chr2
contig-0009762	#E69F00	chr1
contig-0009763	#737373	chr14
contig-0009764	#E6AB23	chr8
contig-0009765	#666666	chr7
contig-0009766	#E6AB23	chr8
contig-0009767	#00A880	chr10
contig-0009768	#0072B2	chr5
contig-0009769	#666666	chr7
contig-0009770	#666666	chr7
contig-0009771	#E6AB23	chr8
contig-0009772	#666666	chr7
contig-0009773	#666666	chr7
contig-0009774	#666666	chr7
contig-0009775	#666666	chr7
contig-0009776	#666666	chr7
contig-0009777	#666666	chr7
contig-0009778	#666666	chr7
contig-0009779	#666666	chr7
contig-0009780	#666666	chr7
contig-0009781	#666666	chr7
contig-0009782	#E6AB23	chr8
contig-0009783	#CCA0BF	chr18
contig-0009784	#CCA0BF	chr18
contig-0009785	#CCA0BF	chr18
contig-0009786	#CC79A7	chr4
contig-0009787	#56B4E9	chr2
contig-0009788	#1A7FBA	chr12
contig-0009789	#1A7FBA	chr12
contig-0009790	#1A7FBA	chr12
contig-0009791	#338CC2	chr19
contig-0009792	#737373	chr14
contig-0009793	#CC79A7	chr4
contig-0009795	#1A7FBA	chr12
contig-0009796	#CC79A7	chr4
contig-0009797	#1A7FBA	chr12
contig-0009798	#737373	chr14
contig-0009799	#737373	chr14
contig-0009800	#737373	chr14
contig-0009801	#D55E00	chr6
contig-0009802	#D55E00	chr6
contig-0009803	#D55E00	chr6
contig-0009804	#D55E00	chr6
contig-0009805	#D55E00	chr6
contig-0009806	#CC8DB3	chr11
contig-0009807	#CC79A7	chr4
contig-0009808	#56B4E9	chr2
contig-0009809	#56B4E9	chr2
contig-0009810	#56B4E9	chr2
contig-0009811	#56B4E9	chr2
contig-0009812	#56B4E9	chr2
contig-0009813	#1A7FBA	chr12
contig-0009814	#E6C47F	chr22
contig-0009815	#E6C47F	chr22
contig-0009816	#E6C47F	chr22
contig-0009817	#56B4E9	chr2
contig-0009818	#CC79A7	chr4
contig-0009819	#D55E00	chr6
contig-0009820	#E6AB23	chr8
contig-0009821	#CC8DB3	chr11
contig-0009822	#CC8DB3	chr11
contig-0009823	#CC8DB3	chr11
contig-0009824	#CC8DB3	chr11
contig-0009825	#338CC2	chr19
contig-0009826	#338CC2	chr19
contig-0009827	#00A880	chr10
contig-0009828	#00A880	chr10
contig-0009829	#CC79A7	chr4
contig-0009830	#00A880	chr10
contig-0009831	#00A880	chr10
contig-0009832	#00A880	chr10
contig-0009833	#D57533	chr13
contig-0009834	#D57533	chr13
contig-0009835	#CC79A7	chr4
contig-0009836	#56B4E9	chr2
contig-0009837	#56B4E9	chr2
contig-0009838	#56B4E9	chr2
contig-0009839	#338CC2	chr19
contig-0009840	#009E73	chr3
contig-0009841	#E6AB23	chr8
contig-0009842	#E6AB23	chr8
contig-0009843	#56B4E9	chr2
contig-0009844	#E6C47F	chr22
contig-0009845	#E6C47F	chr22
contig-0009846	#CC8DB3	chr11
contig-0009847	#CC8DB3	chr11
contig-0009848	#338CC2	chr19
contig-0009849	#E6B847	chr15
contig-0009850	#E6B847	chr15
contig-0009851	#009E73	chr3
contig-0009852	#E6B847	chr15
contig-0009853	#E69F00	chr1
contig-0009854	#E69F00	chr1
contig-0009855	#E69F00	chr1
contig-0009856	#808080	chr21
contig-0009857	#808080	chr21
contig-0009858	#D55E00	chr6
contig-0009859	#D55E00	chr6
contig-0009860	#D55E00	chr6
contig-0009861	#009E73	chr3
contig-0009862	#CCA0BF	chr18
contig-0009863	#E6AB23	chr8
contig-0009864	#E6AB23	chr8
contig-0009865	#E6AB23	chr8
contig-0009866	#D58C66	chr20
contig-0009867	#567DE9	chr16
contig-0009868	#567DE9	chr16
contig-0009869	#E69F00	chr1
contig-0009870	#E69F00	chr1
contig-0009871	#E69F00	chr1
contig-0009872	#009E73	chr3
contig-0009873	#CC8DB3	chr11
contig-0009874	#E6AB23	chr8
contig-0009875	#CC8DB3	chr11
contig-0009876	#CC8DB3	chr11
contig-0009877	#CC8DB3	chr11
contig-0009878	#CC8DB3	chr11
contig-0009879	#CC8DB3	chr11
contig-0009880	#666666	chr7
contig-0009881	#E6AB23	chr8
contig-0009882	#E6AB23	chr8
contig-0009883	#009E73	chr3
contig-0009884	#E6AB23	chr8
contig-0009885	#E6C47F	chr22
contig-0009886	#56B4E9	chr2
contig-0009887	#666666	chr7
contig-0009888	#00A880	chr10
contig-0009889	#D58C66	chr20
contig-0009890	#D58C66	chr20
contig-0009891	#D58C66	chr20
contig-0009892	#0072B2	chr5
contig-0009893	#0072B2	chr5
contig-0009894	#338CC2	chr19
contig-0009895	#0072B2	chr5
contig-0009896	#009E73	chr3
contig-0009897	#009E73	chr3
contig-0009898	#56B4E9	chr2
contig-0009899	#D58C66	chr20
contig-0009900	#0072B2	chr5
contig-0009901	#D55E00	chr6
contig-0009902	#D55E00	chr6
contig-0009903	#D55E00	chr6
contig-0009904	#0072B2	chr5
contig-0009905	#338CC2	chr19
contig-0009906	#009E73	chr3
contig-0009907	#CC8DB3	chr11
contig-0009908	#666666	chr7
contig-0009909	#00A880	chr10
contig-0009910	#00A880	chr10
contig-0009911	#00A880	chr10
contig-0009912	#00A880	chr10
contig-0009913	#D57533	chr13
contig-0009914	#00A880	chr10
contig-0009915	#00A880	chr10
contig-0009916	#CCA0BF	chr18
contig-0009917	#009E73	chr3
contig-0009918	#009E73	chr3
contig-0009919	#009E73	chr3
contig-0009920	#808080	chr21
contig-0009921	#808080	chr21
contig-0009922	#808080	chr21
contig-0009923	#D55E00	chr6
contig-0009924	#56B4E9	chr2
contig-0009925	#338CC2	chr19
contig-0009926	#56B4E9	chr2
contig-0009927	#56B4E9	chr2
contig-0009928	#56B4E9	chr2
contig-0009929	#009E73	chr3
contig-0009930	#CC8DB3	chr11
contig-0009931	#CC8DB3	chr11
contig-0009932	#CC8DB3	chr11
contig-0009933	#E6C47F	chr22
contig-0009934	#D55E00	chr6
contig-0009935	#0072B2	chr5
contig-0009936	#56B4E9	chr2
contig-0009937	#56B4E9	chr2
contig-0009938	#56B4E9	chr2
contig-0009939	#56B4E9	chr2
contig-0009940	#666666	chr7
contig-0009941	#666666	chr7
contig-0009942	#666666	chr7
contig-0009943	#666666	chr7
contig-0009944	#338CC2	chr19
contig-0009945	#338CC2	chr19
contig-0009946	#666666	chr7
contig-0009947	#D55E00	chr6
contig-0009948	#E6B847	chr15
contig-0009949	#00A880	chr10
contig-0009950	#009E73	chr3
contig-0009951	#E6AB23	chr8
contig-0009952	#00B28C	chr17
contig-0009953	#00B28C	chr17
contig-0009954	#00B28C	chr17
contig-0009955	#E69F00	chr1
contig-0009956	#CC8DB3	chr11
contig-0009957	#CC8DB3	chr11
contig-0009958	#CC8DB3	chr11
contig-0009959	#CC8DB3	chr11
contig-0009960	#CC8DB3	chr11
contig-0009961	#E6B847	chr15
contig-0009962	#009E73	chr3
contig-0009963	#1A7FBA	chr12
contig-0009964	#338CC2	chr19
contig-0009965	#1A7FBA	chr12
contig-0009966	#1A7FBA	chr12
contig-0009967	#56B4E9	chr2
contig-0009968	#E6B847	chr15
contig-0009969	#CC79A7	chr4
contig-0009970	#00A880	chr10
contig-0009971	#00A880	chr10
contig-0009972	#00A880	chr10
contig-0009973	#56B4E9	chr2
contig-0009974	#E69F00	chr1
contig-0009975	#CC8DB3	chr11
contig-0009976	#00B28C	chr17
contig-0009977	#00B28C	chr17
contig-0009978	#E6AB23	chr8
contig-0009979	#56B4E9	chr2
contig-0009980	#56B4E9	chr2
contig-0009981	#56B4E9	chr2
contig-0009982	#56B4E9	chr2
contig-0009983	#56B4E9	chr2
contig-0009984	#009E73	chr3
contig-0009985	#338CC2	chr19
contig-0009986	#00A880	chr10
contig-0009987	#808080	chr21
contig-0009988	#808080	chr21
contig-0009989	#808080	chr21
contig-0009990	#808080	chr21
contig-0009991	#808080	chr21
contig-0009992	#666666	chr7
contig-0009993	#666666	chr7
contig-0009994	#666666	chr7
contig-0009995	#666666	chr7
contig-0009996	#338CC2	chr19
contig-0009997	#666666	chr7
contig-0009998	#00B28C	chr17
contig-0009999	#00B28C	chr17
contig-0010000	#00B28C	chr17
contig-0010001	#00B28C	chr17
contig-0010002	#00B28C	chr17
contig-0010003	#00B28C	chr17
contig-0010004	#56B4E9	chr2
contig-0010005	#56B4E9	chr2
contig-0010006	#56B4E9	chr2
contig-0010007	#666666	chr7
contig-0010008	#56B4E9	chr2
contig-0010009	#808080	chr21
contig-0010010	#CCA0BF	chr18
contig-0010011	#CCA0BF	chr18
contig-0010012	#CCA0BF	chr18
contig-0010013	#CCA0BF	chr18
contig-0010014	#CCA0BF	chr18
contig-0010015	#00A880	chr10
contig-0010016	#00A880	chr10
contig-0010017	#666666	chr7
contig-0010018	#00A880	chr10
contig-0010019	#E6AB23	chr8
contig-0010020	#5699E9	chr9
contig-0010021	#009E73	chr3
contig-0010022	#0072B2	chr5
contig-0010023	#0072B2	chr5
contig-0010024	#0072B2	chr5
contig-0010025	#56B4E9	chr2
contig-0010026	#56B4E9	chr2
contig-0010027	#56B4E9	chr2
contig-0010028	#666666	chr7
contig-0010029	#737373	chr14
contig-0010030	#737373	chr14
contig-0010031	#737373	chr14
contig-0010032	#E6B847	chr15
contig-0010033	#009E73	chr3
contig-0010034	#009E73	chr3
contig-0010035	#009E73	chr3
contig-0010036	#009E73	chr3
contig-0010037	#009E73	chr3
contig-0010038	#009E73	chr3
contig-0010039	#666666	chr7
contig-0010040	#009E73	chr3
contig-0010041	#009E73	chr3
contig-0010042	#1A7FBA	chr12
contig-0010043	#1A7FBA	chr12
contig-0010044	#1A7FBA	chr12
contig-0010045	#E6B847	chr15
contig-0010046	#0072B2	chr5
contig-0010047	#E6B847	chr15
contig-0010048	#D58C66	chr20
contig-0010049	#D58C66	chr20
contig-0010050	#666666	chr7
contig-0010051	#D58C66	chr20
contig-0010052	#E6B847	chr15
contig-0010053	#E6B847	chr15
contig-0010054	#E6B847	chr15
contig-0010055	#56B4E9	chr2
contig-0010056	#E69F00	chr1
contig-0010057	#E69F00	chr1
contig-0010058	#D58C66	chr20
contig-0010059	#D58C66	chr20
contig-0010060	#D58C66	chr20
contig-0010061	#666666	chr7
contig-0010062	#CC8DB3	chr11
contig-0010063	#338CC2	chr19
contig-0010064	#338CC2	chr19
contig-0010065	#338CC2	chr19
contig-0010066	#338CC2	chr19
contig-0010067	#338CC2	chr19
contig-0010068	#00B28C	chr17
contig-0010069	#666666	chr7
contig-0010070	#00B28C	chr17
contig-0010071	#00B28C	chr17
contig-0010072	#E69F00	chr1
contig-0010073	#E69F00	chr1
contig-0010074	#E69F00	chr1
contig-0010075	#737373	chr14
contig-0010076	#00A880	chr10
contig-0010077	#D57533	chr13
contig-0010078	#009E73	chr3
contig-0010079	#CC8DB3	chr11
contig-0010080	#CC79A7	chr4
contig-0010081	#E69F00	chr1
contig-0010082	#666666	chr7
contig-0010083	#CC79A7	chr4
contig-0010084	#1A7FBA	chr12
contig-0010085	#E69F00	chr1
contig-0010086	#737373	chr14
contig-0010087	#567DE9	chr16
contig-0010088	#D55E00	chr6
contig-0010089	#E69F00	chr1
contig-0010090	#CC79A7	chr4
contig-0010091	#E69F00	chr1
contig-0010092	#E69F00	chr1
contig-0010093	#1A7FBA	chr12
contig-0010094	#1A7FBA	chr12
contig-0010095	#1A7FBA	chr12
contig-0010096	#009E73	chr3
contig-0010097	#E6B847	chr15
contig-0010098	#D55E00	chr6
contig-0010099	#E69F00	chr1
contig-0010100	#E69F00	chr1
contig-0010101	#E69F00	chr1
contig-0010102	#1A7FBA	chr12
contig-0010103	#737373	chr14
contig-0010104	#00B28C	chr17
contig-0010105	#00A880	chr10
contig-0010106	#E69F00	chr1
contig-0010107	#666666	chr7
contig-0010108	#E6B847	chr15
contig-0010109	#1A7FBA	chr12
contig-0010110	#56B4E9	chr2
contig-0010111	#737373	chr14
contig-0010112	#00B28C	chr17
contig-0010113	#56B4E9	chr2
contig-0010114	#56B4E9	chr2
contig-0010115	#56B4E9	chr2
contig-0010116	#E6AB23	chr8
contig-0010117	#D58C66	chr20
contig-0010118	#D58C66	chr20
contig-0010119	#1A7FBA	chr12
contig-0010120	#1A7FBA	chr12
contig-0010121	#737373	chr14
contig-0010122	#1A7FBA	chr12
contig-0010123	#5699E9	chr9
contig-0010124	#5699E9	chr9
contig-0010125	#5699E9	chr9
contig-0010126	#00A880	chr10
contig-0010127	#CCA0BF	chr18
contig-0010128	#CCA0BF	chr18
contig-0010129	#CCA0BF	chr18
contig-0010130	#666666	chr7
contig-0010131	#E6AB23	chr8
contig-0010132	#737373	chr14
contig-0010133	#737373	chr14
contig-0010134	#D57533	chr13
contig-0010135	#009E73	chr3
contig-0010136	#009E73	chr3
contig-0010137	#E69F00	chr1
contig-0010138	#808080	chr21
contig-0010139	#D55E00	chr6
contig-0010140	#E69F00	chr1
contig-0010141	#00A880	chr10
contig-0010142	#E6AB23	chr8
contig-0010143	#737373	chr14
contig-0010144	#E6AB23	chr8
contig-0010145	#E6AB23	chr8
contig-0010146	#808080	chr21
contig-0010147	#CC79A7	chr4
contig-0010148	#666666	chr7
contig-0010149	#666666	chr7
contig-0010150	#666666	chr7
contig-0010151	#666666	chr7
contig-0010152	#666666	chr7
contig-0010153	#666666	chr7
contig-0010154	#666666	chr7
contig-0010155	#737373	chr14
contig-0010156	#666666	chr7
contig-0010157	#666666	chr7
contig-0010158	#00A880	chr10
contig-0010159	#338CC2	chr19
contig-0010160	#338CC2	chr19
contig-0010161	#338CC2	chr19
contig-0010162	#009E73	chr3
contig-0010163	#1A7FBA	chr12
contig-0010164	#E6AB23	chr8
contig-0010165	#00A880	chr10
contig-0010166	#E6AB23	chr8
contig-0010167	#E6B847	chr15
contig-0010168	#737373	chr14
contig-0010169	#CC8DB3	chr11
contig-0010170	#CC8DB3	chr11
contig-0010171	#CC8DB3	chr11
contig-0010172	#CC8DB3	chr11
contig-0010173	#CC8DB3	chr11
contig-0010174	#E6B847	chr15
contig-0010175	#567DE9	chr16
contig-0010176	#00A880	chr10
contig-0010177	#5699E9	chr9
contig-0010178	#5699E9	chr9
contig-0010179	#737373	chr14
contig-0010180	#009E73	chr3
contig-0010181	#D57533	chr13
contig-0010182	#D57533	chr13
contig-0010183	#D57533	chr13
contig-0010184	#D55E00	chr6
contig-0010185	#737373	chr14
contig-0010186	#D58C66	chr20
contig-0010187	#00A880	chr10
contig-0010188	#E6AB23	chr8
contig-0010189	#009E73	chr3
contig-0010190	#009E73	chr3
contig-0010191	#009E73	chr3
contig-0010192	#00A880	chr10
contig-0010193	#737373	chr14
contig-0010194	#567DE9	chr16
contig-0010195	#CC79A7	chr4
contig-0010196	#CC79A7	chr4
contig-0010197	#00A880	chr10
contig-0010198	#009E73	chr3
contig-0010199	#009E73	chr3
contig-0010200	#009E73	chr3
contig-0010201	#009E73	chr3
contig-0010202	#009E73	chr3
contig-0010203	#009E73	chr3
contig-0010204	#E6B847	chr15
contig-0010205	#E6B847	chr15
contig-0010206	#E6B847	chr15
contig-0010207	#CC8DB3	chr11
contig-0010208	#CC8DB3	chr11
contig-0010209	#009E73	chr3
contig-0010210	#009E73	chr3
contig-0010211	#009E73	chr3
contig-0010212	#009E73	chr3
contig-0010213	#009E73	chr3
contig-0010214	#0072B2	chr5
contig-0010215	#56B4E9	chr2
contig-0010216	#56B4E9	chr2
contig-0010217	#56B4E9	chr2
contig-0010218	#D58C66	chr20
contig-0010219	#56B4E9	chr2
contig-0010220	#E69F00	chr1
contig-0010221	#E69F00	chr1
contig-0010222	#E6B847	chr15
contig-0010223	#E6B847	chr15
contig-0010224	#E6B847	chr15
contig-0010225	#D55E00	chr6
contig-0010226	#D55E00	chr6
contig-0010227	#D55E00	chr6
contig-0010228	#D55E00	chr6
contig-0010229	#D58C66	chr20
contig-0010230	#808080	chr21
contig-0010231	#CCA0BF	chr18
contig-0010232	#D58C66	chr20
contig-0010233	#D58C66	chr20
contig-0010234	#D58C66	chr20
contig-0010235	#D58C66	chr20
contig-0010236	#00A880	chr10
contig-0010237	#E6AB23	chr8
contig-0010238	#E6AB23	chr8
contig-0010239	#E6AB23	chr8
contig-0010240	#D58C66	chr20
contig-0010241	#E6AB23	chr8
contig-0010242	#E6AB23	chr8
contig-0010243	#E6AB23	chr8
contig-0010244	#56B4E9	chr2
contig-0010245	#808080	chr21
contig-0010246	#737373	chr14
contig-0010247	#56B4E9	chr2
contig-0010248	#567DE9	chr16
contig-0010249	#CC8DB3	chr11
contig-0010250	#E6B847	chr15
contig-0010251	#D58C66	chr20
contig-0010252	#E69F00	chr1
contig-0010253	#E69F00	chr1
contig-0010254	#E69F00	chr1
contig-0010255	#567DE9	chr16
contig-0010256	#CCA0BF	chr18
contig-0010257	#56B4E9	chr2
contig-0010258	#56B4E9	chr2
contig-0010259	#56B4E9	chr2
contig-0010260	#56B4E9	chr2
contig-0010261	#56B4E9	chr2
contig-0010262	#666666	chr7
contig-0010263	#56B4E9	chr2
contig-0010264	#CC79A7	chr4
contig-0010265	#CC79A7	chr4
contig-0010266	#CC79A7	chr4
contig-0010267	#00B28C	chr17
contig-0010268	#0072B2	chr5
contig-0010269	#0072B2	chr5
contig-0010270	#0072B2	chr5
contig-0010271	#D58C66	chr20
contig-0010272	#CC79A7	chr4
contig-0010273	#00B28C	chr17
contig-0010274	#56B4E9	chr2
contig-0010275	#00B28C	chr17
contig-0010276	#00B28C	chr17
contig-0010277	#CC8DB3	chr11
contig-0010278	#CC8DB3	chr11
contig-0010279	#CC8DB3	chr11
contig-0010280	#CC8DB3	chr11
contig-0010281	#00A880	chr10
contig-0010282	#666666	chr7
contig-0010283	#D55E00	chr6
contig-0010284	#56B4E9	chr2
contig-0010285	#D55E00	chr6
contig-0010286	#D55E00	chr6
contig-0010287	#D55E00	chr6
contig-0010288	#5699E9	chr9
contig-0010289	#5699E9	chr9
contig-0010290	#5699E9	chr9
contig-0010291	#0072B2	chr5
contig-0010292	#0072B2	chr5
contig-0010293	#00B28C	chr17
contig-0010294	#D57533	chr13
contig-0010295	#56B4E9	chr2
contig-0010296	#009E73	chr3
contig-0010297	#1A7FBA	chr12
contig-0010298	#1A7FBA	chr12
contig-0010299	#D57533	chr13
contig-0010300	#0072B2	chr5
contig-0010301	#338CC2	chr19
contig-0010302	#009E73	chr3
contig-0010303	#E6AB23	chr8
contig-0010304	#E6AB23	chr8
contig-0010305	#338CC2	chr19
contig-0010306	#56B4E9	chr2
contig-0010307	#009E73	chr3
contig-0010308	#009E73	chr3
contig-0010309	#009E73	chr3
contig-0010310	#5699E9	chr9
contig-0010311	#5699E9	chr9
contig-0010312	#5699E9	chr9
contig-0010313	#737373	chr14
contig-0010314	#56B4E9	chr2
contig-0010315	#56B4E9	chr2
contig-0010316	#56B4E9	chr2
contig-0010317	#56B4E9	chr2
contig-0010318	#CC79A7	chr4
contig-0010319	#00A880	chr10
contig-0010320	#00A880	chr10
contig-0010321	#00A880	chr10
contig-0010322	#E6AB23	chr8
contig-0010323	#E6AB23	chr8
contig-0010324	#E6AB23	chr8
contig-0010325	#E6AB23	chr8
contig-0010326	#009E73	chr3
contig-0010327	#E69F00	chr1
contig-0010328	#56B4E9	chr2
contig-0010329	#E69F00	chr1
contig-0010330	#009E73	chr3
contig-0010331	#009E73	chr3
contig-0010332	#009E73	chr3
contig-0010333	#009E73	chr3
contig-0010334	#E69F00	chr1
contig-0010335	#E6B847	chr15
contig-0010336	#E6B847	chr15
contig-0010337	#E69F00	chr1
contig-0010338	#E69F00	chr1
contig-0010339	#CCA0BF	chr18
contig-0010340	#E69F00	chr1
contig-0010341	#E6B847	chr15
contig-0010342	#D57533	chr13
contig-0010343	#E69F00	chr1
contig-0010344	#CC8DB3	chr11
contig-0010345	#CC8DB3	chr11
contig-0010346	#CC8DB3	chr11
contig-0010347	#CC79A7	chr4
contig-0010348	#CC79A7	chr4
contig-0010349	#E69F00	chr1
contig-0010350	#CCA0BF	chr18
contig-0010351	#E69F00	chr1
contig-0010352	#1A7FBA	chr12
contig-0010353	#666666	chr7
contig-0010354	#CC79A7	chr4
contig-0010355	#CC79A7	chr4
contig-0010356	#CC79A7	chr4
contig-0010357	#D57533	chr13
contig-0010358	#D57533	chr13
contig-0010359	#56B4E9	chr2
contig-0010360	#D55E00	chr6
contig-0010361	#CCA0BF	chr18
contig-0010362	#CC79A7	chr4
contig-0010363	#5699E9	chr9
contig-0010364	#00B28C	chr17
contig-0010365	#00B28C	chr17
contig-0010366	#00B28C	chr17
contig-0010367	#009E73	chr3
contig-0010368	#D55E00	chr6
contig-0010369	#D55E00	chr6
contig-0010370	#CC8DB3	chr11
contig-0010371	#CCA0BF	chr18
contig-0010372	#E6AB23	chr8
contig-0010373	#009E73	chr3
contig-0010374	#CC79A7	chr4
contig-0010375	#CCA0BF	chr18
contig-0010376	#00A880	chr10
contig-0010377	#E6AB23	chr8
contig-0010378	#E6AB23	chr8
contig-0010379	#CCA0BF	chr18
contig-0010380	#56B4E9	chr2
contig-0010381	#E69F00	chr1
contig-0010382	#E69F00	chr1
contig-0010383	#CC79A7	chr4
contig-0010384	#CC79A7	chr4
contig-0010385	#CC8DB3	chr11
contig-0010386	#CCA0BF	chr18
contig-0010387	#00B28C	chr17
contig-0010388	#CC79A7	chr4
contig-0010389	#CC79A7	chr4
contig-0010390	#CC79A7	chr4
contig-0010391	#CC79A7	chr4
contig-0010392	#CC8DB3	chr11
contig-0010393	#CCA0BF	chr18
contig-0010394	#D58C66	chr20
contig-0010395	#009E73	chr3
contig-0010396	#338CC2	chr19
contig-0010397	#E6B847	chr15
contig-0010398	#338CC2	chr19
contig-0010399	#338CC2	chr19
contig-0010400	#338CC2	chr19
contig-0010401	#338CC2	chr19
contig-0010402	#338CC2	chr19
contig-0010403	#338CC2	chr19
contig-0010404	#338CC2	chr19
contig-0010405	#E6B847	chr15
contig-0010406	#338CC2	chr19
contig-0010407	#CC79A7	chr4
contig-0010408	#D57533	chr13
contig-0010409	#E6B847	chr15
contig-0010410	#E6B847	chr15
contig-0010411	#E6B847	chr15
contig-0010412	#0072B2	chr5
contig-0010413	#E6C47F	chr22
contig-0010414	#E6AB23	chr8
contig-0010415	#E6B847	chr15
contig-0010416	#CC79A7	chr4
contig-0010417	#CCA0BF	chr18
contig-0010418	#737373	chr14
contig-0010419	#E6B847	chr15
contig-0010420	#009E73	chr3
contig-0010421	#009E73	chr3
contig-0010422	#567DE9	chr16
contig-0010423	#737373	chr14
contig-0010424	#737373	chr14
contig-0010425	#567DE9	chr16
contig-0010426	#D57533	chr13
contig-0010427	#00A880	chr10
contig-0010428	#E6AB23	chr8
contig-0010429	#338CC2	chr19
contig-0010430	#009E73	chr3
contig-0010431	#009E73	chr3
contig-0010432	#009E73	chr3
contig-0010433	#0072B2	chr5
contig-0010434	#0072B2	chr5
contig-0010435	#CC79A7	chr4
contig-0010436	#009E73	chr3
contig-0010437	#5699E9	chr9
contig-0010438	#5699E9	chr9
contig-0010439	#5699E9	chr9
contig-0010440	#E69F00	chr1
contig-0010441	#0072B2	chr5
contig-0010442	#0072B2	chr5
contig-0010443	#737373	chr14
contig-0010444	#E6B847	chr15
contig-0010445	#CC79A7	chr4
contig-0010446	#56B4E9	chr2
contig-0010447	#1A7FBA	chr12
contig-0010448	#E69F00	chr1
contig-0010449	#CC79A7	chr4
contig-0010450	#CC79A7	chr4
contig-0010451	#0072B2	chr5
contig-0010452	#E6AB23	chr8
contig-0010453	#E6AB23	chr8
contig-0010454	#E6B847	chr15
contig-0010455	#E6AB23	chr8
contig-0010456	#E6AB23	chr8
contig-0010457	#D55E00	chr6
contig-0010458	#666666	chr7
contig-0010459	#666666	chr7
contig-0010460	#1A7FBA	chr12
contig-0010461	#009E73	chr3
contig-0010462	#009E73	chr3
contig-0010463	#E6B847	chr15
contig-0010464	#808080	chr21
contig-0010465	#1A7FBA	chr12
contig-0010466	#CC79A7	chr4
contig-0010467	#56B4E9	chr2
contig-0010468	#5699E9	chr9
contig-0010469	#5699E9	chr9
contig-0010470	#5699E9	chr9
contig-0010471	#E6AB23	chr8
contig-0010472	#D55E00	chr6
contig-0010473	#D55E00	chr6
contig-0010474	#CC79A7	chr4
contig-0010475	#E6B847	chr15
contig-0010476	#D55E00	chr6
contig-0010477	#D55E00	chr6
contig-0010478	#D55E00	chr6
contig-0010479	#CC8DB3	chr11
contig-0010480	#CC8DB3	chr11
contig-0010481	#CC8DB3	chr11
contig-0010482	#00B28C	chr17
contig-0010483	#00B28C	chr17
contig-0010484	#00B28C	chr17
contig-0010485	#0072B2	chr5
contig-0010486	#E6B847	chr15
contig-0010487	#56B4E9	chr2
contig-0010488	#56B4E9	chr2
contig-0010489	#5699E9	chr9
contig-0010490	#1A7FBA	chr12
contig-0010491	#D58C66	chr20
contig-0010492	#E6AB23	chr8
contig-0010493	#666666	chr7
contig-0010494	#56B4E9	chr2
contig-0010495	#CC8DB3	chr11
contig-0010496	#CC79A7	chr4
contig-0010497	#5699E9	chr9
contig-0010498	#CC79A7	chr4
contig-0010499	#CC79A7	chr4
contig-0010500	#CC79A7	chr4
contig-0010501	#D55E00	chr6
contig-0010502	#56B4E9	chr2
contig-0010503	#1A7FBA	chr12
contig-0010504	#1A7FBA	chr12
contig-0010505	#CC8DB3	chr11
contig-0010506	#0072B2	chr5
contig-0010507	#0072B2	chr5
contig-0010508	#5699E9	chr9
contig-0010509	#E69F00	chr1
contig-0010510	#56B4E9	chr2
contig-0010511	#E6B847	chr15
contig-0010512	#E69F00	chr1
contig-0010513	#56B4E9	chr2
contig-0010514	#567DE9	chr16
contig-0010515	#D58C66	chr20
contig-0010516	#D58C66	chr20
contig-0010517	#D58C66	chr20
contig-0010518	#D58C66	chr20
contig-0010519	#5699E9	chr9
contig-0010520	#1A7FBA	chr12
contig-0010521	#1A7FBA	chr12
contig-0010522	#1A7FBA	chr12
contig-0010523	#D55E00	chr6
contig-0010524	#D55E00	chr6
contig-0010525	#D55E00	chr6
contig-0010526	#D55E00	chr6
contig-0010527	#D55E00	chr6
contig-0010528	#E6B847	chr15
contig-0010529	#5699E9	chr9
contig-0010530	#E6B847	chr15
contig-0010531	#E6B847	chr15
contig-0010532	#E6B847	chr15
contig-0010533	#E6B847	chr15
contig-0010534	#56B4E9	chr2
contig-0010535	#D55E00	chr6
contig-0010536	#E6B847	chr15
contig-0010537	#E6B847	chr15
contig-0010538	#E6B847	chr15
contig-0010539	#CC8DB3	chr11
contig-0010540	#5699E9	chr9
contig-0010541	#338CC2	chr19
contig-0010542	#338CC2	chr19
contig-0010543	#338CC2	chr19
contig-0010544	#338CC2	chr19
contig-0010545	#338CC2	chr19
contig-0010546	#56B4E9	chr2
contig-0010547	#009E73	chr3
contig-0010548	#00B28C	chr17
contig-0010549	#CC8DB3	chr11
contig-0010550	#009E73	chr3
contig-0010551	#E6B847	chr15
contig-0010552	#737373	chr14
contig-0010553	#E6C47F	chr22
contig-0010554	#E6C47F	chr22
contig-0010555	#E6C47F	chr22
contig-0010556	#E6C47F	chr22
contig-0010557	#E6C47F	chr22
contig-0010558	#CC8DB3	chr11
contig-0010559	#CC79A7	chr4
contig-0010560	#E6AB23	chr8
contig-0010561	#666666	chr7
contig-0010562	#D57533	chr13
contig-0010563	#737373	chr14
contig-0010564	#CC8DB3	chr11
contig-0010565	#E69F00	chr1
contig-0010566	#E6B847	chr15
contig-0010567	#E6B847	chr15
contig-0010568	#56B4E9	chr2
contig-0010569	#E6B847	chr15
contig-0010570	#E6B847	chr15
contig-0010571	#737373	chr14
contig-0010572	#009E73	chr3
contig-0010573	#009E73	chr3
contig-0010574	#009E73	chr3
contig-0010575	#CC8DB3	chr11
contig-0010576	#CCA0BF	chr18
contig-0010577	#CCA0BF	chr18
contig-0010578	#CCA0BF	chr18
contig-0010579	#567DE9	chr16
contig-0010580	#CC79A7	chr4
contig-0010581	#567DE9	chr16
contig-0010582	#567DE9	chr16
contig-0010583	#5699E9	chr9
contig-0010584	#666666	chr7
contig-0010585	#666666	chr7
contig-0010586	#666666	chr7
contig-0010587	#5699E9	chr9
contig-0010588	#D55E00	chr6
contig-0010589	#E69F00	chr1
contig-0010590	#E6B847	chr15
contig-0010591	#56B4E9	chr2
contig-0010592	#56B4E9	chr2
contig-0010593	#D57533	chr13
contig-0010594	#808080	chr21
contig-0010595	#808080	chr21
contig-0010596	#00A880	chr10
contig-0010597	#737373	chr14
contig-0010598	#1A7FBA	chr12
contig-0010599	#E69F00	chr1
contig-0010600	#E6B847	chr15
contig-0010601	#E69F00	chr1
contig-0010602	#E69F00	chr1
contig-0010603	#E69F00	chr1
contig-0010604	#E69F00	chr1
contig-0010605	#E69F00	chr1
contig-0010606	#E69F00	chr1
contig-0010607	#E69F00	chr1
contig-0010608	#808080	chr21
contig-0010609	#E69F00	chr1
contig-0010610	#CC8DB3	chr11
contig-0010611	#CC8DB3	chr11
contig-0010612	#737373	chr14
contig-0010613	#E69F00	chr1
contig-0010614	#E69F00	chr1
contig-0010615	#E6C47F	chr22
contig-0010616	#E6C47F	chr22
contig-0010617	#E6B847	chr15
contig-0010618	#E69F00	chr1
contig-0010619	#E69F00	chr1
contig-0010620	#E6AB23	chr8
contig-0010621	#E6AB23	chr8
contig-0010622	#00A880	chr10
contig-0010623	#0072B2	chr5
contig-0010624	#5699E9	chr9
contig-0010625	#D55E00	chr6
contig-0010626	#D55E00	chr6
contig-0010627	#D55E00	chr6
contig-0010628	#D55E00	chr6
contig-0010629	#D55E00	chr6
contig-0010630	#E69F00	chr1
contig-0010631	#56B4E9	chr2
contig-0010632	#D55E00	chr6
contig-0010633	#D55E00	chr6
contig-0010634	#E6B847	chr15
contig-0010636	#E6AB23	chr8
contig-0010637	#E6AB23	chr8
contig-0010638	#E6AB23	chr8
contig-0010639	#0072B2	chr5
contig-0010640	#5699E9	chr9
contig-0010641	#E69F00	chr1
contig-0010642	#5699E9	chr9
contig-0010643	#5699E9	chr9
contig-0010644	#567DE9	chr16
contig-0010645	#567DE9	chr16
contig-0010646	#E69F00	chr1
contig-0010647	#5699E9	chr9
contig-0010648	#0072B2	chr5
contig-0010649	#CC79A7	chr4
contig-0010650	#009E73	chr3
contig-0010651	#009E73	chr3
contig-0010652	#E69F00	chr1
contig-0010654	#00B28C	chr17
contig-0010655	#00B28C	chr17
contig-0010656	#00B28C	chr17
contig-0010657	#00B28C	chr17
contig-0010658	#CCA0BF	chr18
contig-0010659	#CCA0BF	chr18
contig-0010660	#CCA0BF	chr18
contig-0010661	#CCA0BF	chr18
contig-0010662	#CCA0BF	chr18
contig-0010663	#E69F00	chr1
contig-0010664	#CCA0BF	chr18
contig-0010665	#56B4E9	chr2
contig-0010666	#56B4E9	chr2
contig-0010667	#56B4E9	chr2
contig-0010668	#56B4E9	chr2
contig-0010669	#56B4E9	chr2
contig-0010670	#56B4E9	chr2
contig-0010671	#E69F00	chr1
contig-0010672	#56B4E9	chr2
contig-0010673	#E6B847	chr15
contig-0010674	#D58C66	chr20
contig-0010675	#D58C66	chr20
contig-0010676	#D58C66	chr20
contig-0010677	#D58C66	chr20
contig-0010678	#0072B2	chr5
contig-0010679	#0072B2	chr5
contig-0010680	#0072B2	chr5
contig-0010681	#0072B2	chr5
contig-0010682	#0072B2	chr5
contig-0010683	#CC79A7	chr4
contig-0010684	#E6B847	chr15
contig-0010685	#D58C66	chr20
contig-0010686	#737373	chr14
contig-0010687	#1A7FBA	chr12
contig-0010688	#E6C47F	chr22
contig-0010689	#E6C47F	chr22
contig-0010690	#E6C47F	chr22
contig-0010691	#1A7FBA	chr12
contig-0010692	#5699E9	chr9
contig-0010693	#D55E00	chr6
contig-0010694	#E6B847	chr15
contig-0010695	#CC79A7	chr4
contig-0010696	#0072B2	chr5
contig-0010697	#567DE9	chr16
contig-0010698	#567DE9	chr16
contig-0010699	#E6B847	chr15
contig-0010700	#CC8DB3	chr11
contig-0010701	#CC8DB3	chr11
contig-0010702	#5699E9	chr9
contig-0010703	#D57533	chr13
contig-0010705	#666666	chr7
contig-0010706	#567DE9	chr16
contig-0010707	#567DE9	chr16
contig-0010708	#737373	chr14
contig-0010709	#737373	chr14
contig-0010710	#737373	chr14
contig-0010711	#E69F00	chr1
contig-0010712	#E6AB23	chr8
contig-0010713	#E6AB23	chr8
contig-0010714	#E6AB23	chr8
contig-0010715	#009E73	chr3
contig-0010716	#E6AB23	chr8
contig-0010717	#CC8DB3	chr11
contig-0010718	#D55E00	chr6
contig-0010719	#D55E00	chr6
contig-0010720	#CC79A7	chr4
contig-0010721	#E69F00	chr1
contig-0010722	#E6C47F	chr22
contig-0010723	#CC8DB3	chr11
contig-0010724	#CC8DB3	chr11
contig-0010725	#CC8DB3	chr11
contig-0010726	#CC8DB3	chr11
contig-0010727	#CC8DB3	chr11
contig-0010728	#D55E00	chr6
contig-0010729	#737373	chr14
contig-0010730	#737373	chr14
contig-0010731	#5699E9	chr9
contig-0010732	#737373	chr14
contig-0010733	#E6AB23	chr8
contig-0010734	#E6AB23	chr8
contig-0010735	#666666	chr7
contig-0010736	#666666	chr7
contig-0010737	#666666	chr7
contig-0010738	#666666	chr7
contig-0010739	#D55E00	chr6
contig-0010740	#00B28C	chr17
contig-0010741	#00B28C	chr17
contig-0010742	#00B28C	chr17
contig-0010743	#737373	chr14
contig-0010744	#00B28C	chr17
contig-0010745	#338CC2	chr19
contig-0010746	#338CC2	chr19
contig-0010747	#E69F00	chr1
contig-0010748	#009E73	chr3
contig-0010749	#1A7FBA	chr12
contig-0010750	#338CC2	chr19
contig-0010751	#E6AB23	chr8
contig-0010752	#567DE9	chr16
contig-0010753	#666666	chr7
contig-0010754	#E69F00	chr1
contig-0010755	#0072B2	chr5
contig-0010756	#E6AB23	chr8
contig-0010757	#00B28C	chr17
contig-0010758	#00B28C	chr17
contig-0010759	#666666	chr7
contig-0010760	#808080	chr21
contig-0010761	#666666	chr7
contig-0010762	#808080	chr21
contig-0010763	#00B28C	chr17
contig-0010764	#00B28C	chr17
contig-0010765	#00B28C	chr17
contig-0010766	#00B28C	chr17
contig-0010767	#5699E9	chr9
contig-0010768	#009E73	chr3
contig-0010769	#666666	chr7
contig-0010770	#5699E9	chr9
contig-0010771	#5699E9	chr9
contig-0010772	#666666	chr7
contig-0010773	#009E73	chr3
contig-0010774	#E69F00	chr1
contig-0010775	#E69F00	chr1
contig-0010776	#E69F00	chr1
contig-0010777	#009E73	chr3
contig-0010778	#E69F00	chr1
contig-0010779	#E69F00	chr1
contig-0010780	#E69F00	chr1
contig-0010781	#00A880	chr10
contig-0010782	#CC79A7	chr4
contig-0010783	#666666	chr7
contig-0010784	#CC8DB3	chr11
contig-0010785	#CC8DB3	chr11
contig-0010786	#CC8DB3	chr11
contig-0010787	#737373	chr14
contig-0010788	#00B28C	chr17
contig-0010789	#D55E00	chr6
contig-0010790	#D55E00	chr6
contig-0010791	#1A7FBA	chr12
contig-0010792	#56B4E9	chr2
contig-0010793	#666666	chr7
contig-0010794	#D57533	chr13
contig-0010795	#E6C47F	chr22
contig-0010796	#00B28C	chr17
contig-0010797	#00B28C	chr17
contig-0010798	#00B28C	chr17
contig-0010799	#00B28C	chr17
contig-0010800	#00B28C	chr17
contig-0010801	#00B28C	chr17
contig-0010802	#5699E9	chr9
contig-0010803	#009E73	chr3
contig-0010804	#56B4E9	chr2
contig-0010805	#E69F00	chr1
contig-0010806	#E69F00	chr1
contig-0010807	#00A880	chr10
contig-0010808	#56B4E9	chr2
contig-0010809	#567DE9	chr16
contig-0010810	#CC8DB3	chr11
contig-0010811	#CC8DB3	chr11
contig-0010812	#CC8DB3	chr11
contig-0010813	#CC8DB3	chr11
contig-0010814	#009E73	chr3
contig-0010815	#CC8DB3	chr11
contig-0010816	#CC79A7	chr4
contig-0010818	#E6AB23	chr8
contig-0010819	#E6AB23	chr8
contig-0010820	#E6AB23	chr8
contig-0010821	#D57533	chr13
contig-0010822	#D57533	chr13
contig-0010823	#D57533	chr13
contig-0010824	#009E73	chr3
contig-0010825	#D57533	chr13
contig-0010826	#D57533	chr13
contig-0010827	#E6AB23	chr8
contig-0010828	#E6AB23	chr8
contig-0010829	#E6AB23	chr8
contig-0010830	#E6AB23	chr8
contig-0010831	#E6AB23	chr8
contig-0010832	#00B28C	chr17
contig-0010833	#56B4E9	chr2
contig-0010834	#009E73	chr3
contig-0010835	#56B4E9	chr2
contig-0010836	#56B4E9	chr2
contig-0010837	#56B4E9	chr2
contig-0010838	#56B4E9	chr2
contig-0010839	#56B4E9	chr2
contig-0010840	#56B4E9	chr2
contig-0010841	#009E73	chr3
contig-0010842	#D57533	chr13
contig-0010843	#00A880	chr10
contig-0010844	#0072B2	chr5
contig-0010845	#666666	chr7
contig-0010846	#666666	chr7
contig-0010847	#666666	chr7
contig-0010848	#D55E00	chr6
contig-0010849	#D55E00	chr6
contig-0010850	#D55E00	chr6
contig-0010851	#E69F00	chr1
contig-0010853	#E69F00	chr1
contig-0010854	#0072B2	chr5
contig-0010855	#0072B2	chr5
contig-0010856	#D57533	chr13
contig-0010857	#D57533	chr13
contig-0010858	#D57533	chr13
contig-0010859	#D57533	chr13
contig-0010860	#E69F00	chr1
contig-0010861	#E69F00	chr1
contig-0010862	#0072B2	chr5
contig-0010863	#E69F00	chr1
contig-0010864	#666666	chr7
contig-0010865	#666666	chr7
contig-0010866	#666666	chr7
contig-0010867	#E69F00	chr1
contig-0010868	#E69F00	chr1
contig-0010869	#E69F00	chr1
contig-0010870	#567DE9	chr16
contig-0010871	#009E73	chr3
contig-0010872	#009E73	chr3
contig-0010873	#0072B2	chr5
contig-0010874	#1A7FBA	chr12
contig-0010875	#1A7FBA	chr12
contig-0010876	#1A7FBA	chr12
contig-0010877	#808080	chr21
contig-0010878	#D55E00	chr6
contig-0010879	#D55E00	chr6
contig-0010880	#D55E00	chr6
contig-0010881	#D58C66	chr20
contig-0010882	#5699E9	chr9
contig-0010883	#5699E9	chr9
contig-0010884	#0072B2	chr5
contig-0010885	#0072B2	chr5
contig-0010886	#5699E9	chr9
contig-0010887	#5699E9	chr9
contig-0010888	#009E73	chr3
contig-0010889	#D58C66	chr20
contig-0010890	#D58C66	chr20
contig-0010891	#D58C66	chr20
contig-0010892	#D58C66	chr20
contig-0010893	#D58C66	chr20
contig-0010894	#D55E00	chr6
contig-0010895	#CC8DB3	chr11
contig-0010896	#338CC2	chr19
contig-0010897	#E6B847	chr15
contig-0010898	#E6B847	chr15
contig-0010899	#E6B847	chr15
contig-0010900	#D58C66	chr20
contig-0010901	#D58C66	chr20
contig-0010902	#CC79A7	chr4
contig-0010903	#CC79A7	chr4
contig-0010904	#CC79A7	chr4
contig-0010905	#CC79A7	chr4
contig-0010906	#00A880	chr10
contig-0010907	#338CC2	chr19
contig-0010908	#CCA0BF	chr18
contig-0010909	#CCA0BF	chr18
contig-0010910	#CC8DB3	chr11
contig-0010911	#56B4E9	chr2
contig-0010912	#CCA0BF	chr18
contig-0010913	#CCA0BF	chr18
contig-0010914	#CCA0BF	chr18
contig-0010915	#E6AB23	chr8
contig-0010916	#D57533	chr13
contig-0010917	#338CC2	chr19
contig-0010918	#00B28C	chr17
contig-0010919	#D55E00	chr6
contig-0010920	#D55E00	chr6
contig-0010921	#00B28C	chr17
contig-0010922	#00B28C	chr17
contig-0010923	#00B28C	chr17
contig-0010924	#00B28C	chr17
contig-0010925	#D55E00	chr6
contig-0010926	#D55E00	chr6
contig-0010927	#D55E00	chr6
contig-0010928	#338CC2	chr19
contig-0010929	#E6B847	chr15
contig-0010930	#00B28C	chr17
contig-0010931	#00B28C	chr17
contig-0010932	#D58C66	chr20
contig-0010933	#D58C66	chr20
contig-0010934	#009E73	chr3
contig-0010935	#D57533	chr13
contig-0010936	#CC8DB3	chr11
contig-0010937	#CC8DB3	chr11
contig-0010938	#338CC2	chr19
contig-0010939	#CC8DB3	chr11
contig-0010940	#CC8DB3	chr11
contig-0010941	#D57533	chr13
contig-0010942	#1A7FBA	chr12
contig-0010943	#56B4E9	chr2
contig-0010944	#E6AB23	chr8
contig-0010945	#E69F00	chr1
contig-0010946	#E69F00	chr1
contig-0010947	#E69F00	chr1
contig-0010948	#0072B2	chr5
contig-0010949	#338CC2	chr19
contig-0010950	#666666	chr7
contig-0010951	#E6AB23	chr8
contig-0010952	#338CC2	chr19
contig-0010953	#338CC2	chr19
contig-0010954	#338CC2	chr19
contig-0010955	#56B4E9	chr2
contig-0010957	#338CC2	chr19
contig-0010958	#56B4E9	chr2
contig-0010959	#00A880	chr10
contig-0010960	#E69F00	chr1
contig-0010961	#E69F00	chr1
contig-0010962	#E69F00	chr1
contig-0010963	#D55E00	chr6
contig-0010964	#D55E00	chr6
contig-0010965	#D55E00	chr6
contig-0010966	#CC79A7	chr4
contig-0010967	#338CC2	chr19
contig-0010968	#D58C66	chr20
contig-0010969	#737373	chr14
contig-0010970	#D55E00	chr6
contig-0010971	#D55E00	chr6
contig-0010972	#D55E00	chr6
contig-0010973	#D55E00	chr6
contig-0010974	#D55E00	chr6
contig-0010975	#00A880	chr10
contig-0010976	#D55E00	chr6
contig-0010977	#0072B2	chr5
contig-0010978	#CC8DB3	chr11
contig-0010979	#567DE9	chr16
contig-0010980	#E6B847	chr15
contig-0010981	#CC79A7	chr4
contig-0010982	#808080	chr21
contig-0010983	#808080	chr21
contig-0010984	#808080	chr21
contig-0010985	#338CC2	chr19
contig-0010986	#0072B2	chr5
contig-0010987	#00A880	chr10
contig-0010988	#E6C47F	chr22
contig-0010989	#E6C47F	chr22
contig-0010990	#E6C47F	chr22
contig-0010991	#E6C47F	chr22
contig-0010992	#E6C47F	chr22
contig-0010993	#E6C47F	chr22
contig-0010994	#1A7FBA	chr12
contig-0010995	#808080	chr21
contig-0010996	#808080	chr21
contig-0010997	#1A7FBA	chr12
contig-0010998	#00A880	chr10
contig-0010999	#00A880	chr10
contig-0011000	#666666	chr7
contig-0011001	#666666	chr7
contig-0011002	#666666	chr7
contig-0011003	#666666	chr7
contig-0011004	#E6C47F	chr22
contig-0011005	#E6B847	chr15
contig-0011006	#E6B847	chr15
contig-0011007	#E6B847	chr15
contig-0011008	#00A880	chr10
contig-0011009	#E6B847	chr15
contig-0011010	#E6B847	chr15
contig-0011011	#E6B847	chr15
contig-0011012	#E69F00	chr1
contig-0011013	#D57533	chr13
contig-0011014	#D57533	chr13
contig-0011015	#D57533	chr13
contig-0011016	#1A7FBA	chr12
contig-0011017	#00A880	chr10
contig-0011018	#567DE9	chr16
contig-0011019	#808080	chr21
contig-0011020	#808080	chr21
contig-0011021	#808080	chr21
contig-0011022	#808080	chr21
contig-0011023	#808080	chr21
contig-0011024	#808080	chr21
contig-0011025	#E6B847	chr15
contig-0011026	#D55E00	chr6
contig-0011027	#D55E00	chr6
contig-0011028	#567DE9	chr16
contig-0011029	#D55E00	chr6
contig-0011030	#D57533	chr13
contig-0011031	#E6C47F	chr22
contig-0011032	#E6B847	chr15
contig-0011033	#666666	chr7
contig-0011034	#E6C47F	chr22
contig-0011035	#E6C47F	chr22
contig-0011036	#0072B2	chr5
contig-0011037	#D57533	chr13
contig-0011038	#5699E9	chr9
contig-0011039	#338CC2	chr19
contig-0011040	#338CC2	chr19
contig-0011041	#E6B847	chr15
contig-0011042	#567DE9	chr16
contig-0011043	#737373	chr14
contig-0011044	#737373	chr14
contig-0011045	#D57533	chr13
contig-0011046	#009E73	chr3
contig-0011047	#009E73	chr3
contig-0011048	#009E73	chr3
contig-0011049	#009E73	chr3
contig-0011050	#009E73	chr3
contig-0011051	#00A880	chr10
contig-0011052	#567DE9	chr16
contig-0011053	#00A880	chr10
contig-0011054	#00A880	chr10
contig-0011055	#00A880	chr10
contig-0011056	#00A880	chr10
contig-0011057	#00B28C	chr17
contig-0011058	#E6B847	chr15
contig-0011059	#009E73	chr3
contig-0011060	#00A880	chr10
contig-0011062	#0072B2	chr5
contig-0011063	#567DE9	chr16
contig-0011064	#009E73	chr3
contig-0011065	#00A880	chr10
contig-0011066	#00A880	chr10
contig-0011067	#E6C47F	chr22
contig-0011069	#D55E00	chr6
contig-0011070	#1A7FBA	chr12
contig-0011071	#1A7FBA	chr12
contig-0011072	#1A7FBA	chr12
contig-0011073	#CC79A7	chr4
contig-0011074	#567DE9	chr16
contig-0011075	#CCA0BF	chr18
contig-0011076	#009E73	chr3
contig-0011077	#00A880	chr10
contig-0011078	#00B28C	chr17
contig-0011079	#5699E9	chr9
contig-0011080	#5699E9	chr9
contig-0011081	#5699E9	chr9
contig-0011082	#5699E9	chr9
contig-0011083	#5699E9	chr9
contig-0011084	#0072B2	chr5
contig-0011085	#E69F00	chr1
contig-0011086	#E6AB23	chr8
contig-0011087	#D55E00	chr6
contig-0011088	#1A7FBA	chr12
contig-0011089	#5699E9	chr9
contig-0011090	#009E73	chr3
contig-0011091	#009E73	chr3
contig-0011092	#009E73	chr3
contig-0011094	#338CC2	chr19
contig-0011095	#E69F00	chr1
contig-0011096	#338CC2	chr19
contig-0011097	#338CC2	chr19
contig-0011098	#E6B847	chr15
contig-0011099	#D58C66	chr20
contig-0011100	#E69F00	chr1
contig-0011101	#E69F00	chr1
contig-0011102	#808080	chr21
contig-0011103	#009E73	chr3
contig-0011104	#E6AB23	chr8
contig-0011105	#E69F00	chr1
contig-0011106	#E6AB23	chr8
contig-0011107	#CC8DB3	chr11
contig-0011108	#56B4E9	chr2
contig-0011109	#CC8DB3	chr11
contig-0011110	#0072B2	chr5
contig-0011111	#CC79A7	chr4
contig-0011112	#CC79A7	chr4
contig-0011113	#CC79A7	chr4
contig-0011114	#E69F00	chr1
contig-0011115	#CC79A7	chr4
contig-0011116	#D57533	chr13
contig-0011117	#E6AB23	chr8
contig-0011118	#E6AB23	chr8
contig-0011119	#E6AB23	chr8
contig-0011120	#E6AB23	chr8
contig-0011121	#E6AB23	chr8
contig-0011122	#338CC2	chr19
contig-0011123	#E69F00	chr1
contig-0011125	#D55E00	chr6
contig-0011126	#00A880	chr10
contig-0011127	#00A880	chr10
contig-0011128	#00A880	chr10
contig-0011129	#E6AB23	chr8
contig-0011130	#E6AB23	chr8
contig-0011131	#E6AB23	chr8
contig-0011132	#56B4E9	chr2
contig-0011133	#D55E00	chr6
contig-0011134	#CC8DB3	chr11
contig-0011135	#009E73	chr3
contig-0011136	#009E73	chr3
contig-0011137	#009E73	chr3
contig-0011138	#1A7FBA	chr12
contig-0011139	#56B4E9	chr2
contig-0011140	#56B4E9	chr2
contig-0011141	#666666	chr7
contig-0011142	#666666	chr7
contig-0011143	#56B4E9	chr2
contig-0011144	#666666	chr7
contig-0011145	#E6B847	chr15
contig-0011146	#E69F00	chr1
contig-0011147	#737373	chr14
contig-0011148	#E69F00	chr1
contig-0011149	#8C564B	chrY
contig-0011150	#8C564B	chrY
contig-0011151	#8C564B	chrY
contig-0011152	#56B4E9	chr2
contig-0011153	#737373	chr14
contig-0011154	#737373	chr14
contig-0011155	#56B4E9	chr2
contig-0011156	#5699E9	chr9
contig-0011157	#009E73	chr3
contig-0011158	#56B4E9	chr2
contig-0011159	#D57533	chr13
contig-0011160	#1A7FBA	chr12
contig-0011161	#56B4E9	chr2
contig-0011162	#CCA0BF	chr18
contig-0011163	#00A880	chr10
contig-0011164	#00A880	chr10
contig-0011165	#0072B2	chr5
contig-0011166	#CC8DB3	chr11
contig-0011167	#E69F00	chr1
contig-0011168	#E69F00	chr1
contig-0011169	#0072B2	chr5
contig-0011170	#0072B2	chr5
contig-0011171	#56B4E9	chr2
contig-0011172	#0072B2	chr5
contig-0011173	#0072B2	chr5
contig-0011174	#0072B2	chr5
contig-0011175	#CC8DB3	chr11
contig-0011176	#CC8DB3	chr11
contig-0011177	#CC8DB3	chr11
contig-0011178	#CC8DB3	chr11
contig-0011179	#338CC2	chr19
contig-0011180	#D55E00	chr6
contig-0011181	#CCA0BF	chr18
contig-0011182	#0072B2	chr5
contig-0011183	#56B4E9	chr2
contig-0011185	#1A7FBA	chr12
contig-0011186	#666666	chr7
contig-0011187	#5699E9	chr9
contig-0011188	#56B4E9	chr2
contig-0011189	#CC8DB3	chr11
contig-0011190	#E69F00	chr1
contig-0011191	#E69F00	chr1
contig-0011192	#E69F00	chr1
contig-0011193	#56B4E9	chr2
contig-0011194	#9467BD	chrX
contig-0011195	#9467BD	chrX
contig-0011196	#9467BD	chrX
contig-0011197	#9467BD	chrX
contig-0011198	#E6B847	chr15
contig-0011199	#E6B847	chr15
contig-0011200	#0072B2	chr5
contig-0011201	#0072B2	chr5
contig-0011202	#E69F00	chr1
contig-0011203	#E6B847	chr15
contig-0011204	#56B4E9	chr2
contig-0011205	#E6B847	chr15
contig-0011208	#E6B847	chr15
contig-0011209	#E6B847	chr15
contig-0011210	#E6B847	chr15
contig-0011211	#666666	chr7
contig-0011212	#E6AB23	chr8
contig-0011213	#E6B847	chr15
contig-0011214	#56B4E9	chr2
contig-0011215	#009E73	chr3
contig-0011216	#D55E00	chr6
contig-0011217	#808080	chr21
contig-0011218	#009E73	chr3
contig-0011219	#D55E00	chr6
contig-0011220	#D55E00	chr6
contig-0011221	#E6AB23	chr8
contig-0011222	#E6AB23	chr8
contig-0011223	#E6AB23	chr8
contig-0011224	#E6AB23	chr8
contig-0011225	#56B4E9	chr2
contig-0011226	#E6AB23	chr8
contig-0011227	#E6AB23	chr8
contig-0011228	#56B4E9	chr2
contig-0011229	#338CC2	chr19
contig-0011230	#CC8DB3	chr11
contig-0011231	#E69F00	chr1
contig-0011232	#E69F00	chr1
contig-0011233	#00A880	chr10
contig-0011234	#00A880	chr10
contig-0011235	#D55E00	chr6
contig-0011236	#00B28C	chr17
contig-0011237	#56B4E9	chr2
contig-0011238	#56B4E9	chr2
contig-0011239	#56B4E9	chr2
contig-0011240	#56B4E9	chr2
contig-0011241	#00B28C	chr17
contig-0011242	#666666	chr7
contig-0011243	#666666	chr7
contig-0011244	#56B4E9	chr2
contig-0011245	#CC79A7	chr4
contig-0011246	#00B28C	chr17
contig-0011247	#E6C47F	chr22
contig-0011248	#E6C47F	chr22
contig-0011249	#737373	chr14
contig-0011250	#E6C47F	chr22
contig-0011251	#00B28C	chr17
contig-0011252	#00B28C	chr17
contig-0011253	#E6AB23	chr8
contig-0011254	#1A7FBA	chr12
contig-0011255	#1A7FBA	chr12
contig-0011256	#56B4E9	chr2
contig-0011257	#CC79A7	chr4
contig-0011258	#5699E9	chr9
contig-0011259	#CC8DB3	chr11
contig-0011260	#D55E00	chr6
contig-0011261	#56B4E9	chr2
contig-0011262	#00B28C	chr17
contig-0011263	#D55E00	chr6
contig-0011264	#56B4E9	chr2
contig-0011265	#8C564B	chrY
contig-0011266	#E69F00	chr1
contig-0011267	#00B28C	chr17
contig-0011268	#00B28C	chr17
contig-0011269	#00B28C	chr17
contig-0011270	#00B28C	chr17
contig-0011271	#CCA0BF	chr18
contig-0011272	#E69F00	chr1
contig-0011273	#00B28C	chr17
contig-0011274	#E6AB23	chr8
contig-0011275	#E69F00	chr1
contig-0011276	#D57533	chr13
contig-0011277	#E69F00	chr1
contig-0011278	#9467BD	chrX
contig-0011279	#9467BD	chrX
contig-0011280	#9467BD	chrX
contig-0011281	#9467BD	chrX
contig-0011282	#D57533	chr13
contig-0011283	#9467BD	chrX
contig-0011284	#9467BD	chrX
contig-0011285	#9467BD	chrX
contig-0011286	#808080	chr21
contig-0011287	#808080	chr21
contig-0011288	#808080	chr21
contig-0011289	#808080	chr21
contig-0011290	#666666	chr7
contig-0011291	#1A7FBA	chr12
contig-0011292	#D57533	chr13
contig-0011293	#1A7FBA	chr12
contig-0011294	#E6B847	chr15
contig-0011295	#E6B847	chr15
contig-0011296	#737373	chr14
contig-0011297	#737373	chr14
contig-0011298	#D57533	chr13
contig-0011299	#56B4E9	chr2
contig-0011300	#D57533	chr13
contig-0011301	#E6B847	chr15
contig-0011302	#737373	chr14
contig-0011303	#0072B2	chr5
contig-0011304	#0072B2	chr5
contig-0011305	#0072B2	chr5
contig-0011306	#56B4E9	chr2
contig-0011307	#5699E9	chr9
contig-0011308	#CCA0BF	chr18
contig-0011309	#CCA0BF	chr18
contig-0011310	#CCA0BF	chr18
contig-0011311	#D57533	chr13
contig-0011312	#808080	chr21
contig-0011313	#CC79A7	chr4
contig-0011314	#56B4E9	chr2
contig-0011315	#56B4E9	chr2
contig-0011316	#56B4E9	chr2
contig-0011317	#CC79A7	chr4
contig-0011318	#1A7FBA	chr12
contig-0011319	#1A7FBA	chr12
contig-0011320	#D57533	chr13
contig-0011321	#1A7FBA	chr12
contig-0011322	#CCA0BF	chr18
contig-0011323	#0072B2	chr5
contig-0011324	#CC79A7	chr4
contig-0011325	#E6AB23	chr8
contig-0011326	#00B28C	chr17
contig-0011327	#E6B847	chr15
contig-0011328	#E6B847	chr15
contig-0011329	#E6B847	chr15
contig-0011330	#E6B847	chr15
contig-0011331	#0072B2	chr5
contig-0011332	#E6B847	chr15
contig-0011333	#E6AB23	chr8
contig-0011334	#E6AB23	chr8
contig-0011335	#E6AB23	chr8
contig-0011336	#E6AB23	chr8
contig-0011337	#00B28C	chr17
contig-0011338	#E6C47F	chr22
contig-0011339	#CC8DB3	chr11
contig-0011340	#CC79A7	chr4
contig-0011341	#D55E00	chr6
contig-0011342	#0072B2	chr5
contig-0011343	#E69F00	chr1
contig-0011344	#E6B847	chr15
contig-0011345	#00B28C	chr17
contig-0011346	#00B28C	chr17
contig-0011347	#808080	chr21
contig-0011348	#808080	chr21
contig-0011349	#808080	chr21
contig-0011350	#E69F00	chr1
contig-0011351	#CC79A7	chr4
contig-0011352	#CC79A7	chr4
contig-0011353	#0072B2	chr5
contig-0011354	#567DE9	chr16
contig-0011355	#567DE9	chr16
contig-0011356	#567DE9	chr16
contig-0011357	#567DE9	chr16
contig-0011359	#E69F00	chr1
contig-0011360	#567DE9	chr16
contig-0011361	#00A880	chr10
contig-0011362	#00A880	chr10
contig-0011363	#00A880	chr10
contig-0011364	#0072B2	chr5
contig-0011365	#E69F00	chr1
contig-0011366	#5699E9	chr9
contig-0011367	#5699E9	chr9
contig-0011368	#0072B2	chr5
contig-0011369	#E6AB23	chr8
contig-0011370	#009E73	chr3
contig-0011371	#5699E9	chr9
contig-0011372	#009E73	chr3
contig-0011373	#CC79A7	chr4
contig-0011374	#0072B2	chr5
contig-0011375	#E6AB23	chr8
contig-0011376	#338CC2	chr19
contig-0011377	#009E73	chr3
contig-0011378	#338CC2	chr19
contig-0011379	#338CC2	chr19
contig-0011380	#666666	chr7
contig-0011381	#56B4E9	chr2
contig-0011382	#00A880	chr10
contig-0011383	#808080	chr21
contig-0011384	#D57533	chr13
contig-0011385	#009E73	chr3
contig-0011386	#0072B2	chr5
contig-0011387	#D57533	chr13
contig-0011388	#D57533	chr13
contig-0011389	#D57533	chr13
contig-0011390	#E69F00	chr1
contig-0011391	#338CC2	chr19
contig-0011392	#D57533	chr13
contig-0011393	#808080	chr21
contig-0011394	#D57533	chr13
contig-0011395	#D57533	chr13
contig-0011396	#808080	chr21
contig-0011397	#D57533	chr13
contig-0011398	#E6B847	chr15
contig-0011399	#E6C47F	chr22
contig-0011400	#0072B2	chr5
contig-0011401	#D57533	chr13
contig-0011402	#808080	chr21
contig-0011403	#E69F00	chr1
contig-0011404	#E69F00	chr1
contig-0011405	#E69F00	chr1
contig-0011406	#E69F00	chr1
contig-0011407	#E69F00	chr1
contig-0011408	#CC8DB3	chr11
contig-0011409	#0072B2	chr5
contig-0011410	#CC8DB3	chr11
contig-0011411	#009E73	chr3
contig-0011412	#009E73	chr3
contig-0011413	#009E73	chr3
contig-0011414	#009E73	chr3
contig-0011415	#009E73	chr3
contig-0011416	#009E73	chr3
contig-0011417	#009E73	chr3
contig-0011418	#0072B2	chr5
contig-0011419	#009E73	chr3
contig-0011420	#00B28C	chr17
contig-0011421	#00B28C	chr17
contig-0011422	#009E73	chr3
contig-0011423	#338CC2	chr19
contig-0011424	#338CC2	chr19
contig-0011425	#338CC2	chr19
contig-0011426	#338CC2	chr19
contig-0011427	#E6C47F	chr22
contig-0011428	#D55E00	chr6
contig-0011429	#D55E00	chr6
contig-0011430	#D55E00	chr6
contig-0011431	#D55E00	chr6
contig-0011432	#D55E00	chr6
contig-0011433	#56B4E9	chr2
contig-0011434	#56B4E9	chr2
contig-0011435	#56B4E9	chr2
contig-0011436	#56B4E9	chr2
contig-0011437	#56B4E9	chr2
contig-0011438	#E6B847	chr15
contig-0011439	#56B4E9	chr2
contig-0011440	#56B4E9	chr2
contig-0011441	#00A880	chr10
contig-0011442	#00A880	chr10
contig-0011443	#00A880	chr10
contig-0011444	#8C564B	chrY
contig-0011445	#808080	chr21
contig-0011446	#808080	chr21
contig-0011447	#808080	chr21
contig-0011448	#E6B847	chr15
contig-0011449	#808080	chr21
contig-0011450	#808080	chr21
contig-0011451	#009E73	chr3
contig-0011452	#009E73	chr3
contig-0011453	#009E73	chr3
contig-0011454	#009E73	chr3
contig-0011455	#009E73	chr3
contig-0011456	#5699E9	chr9
contig-0011457	#5699E9	chr9
contig-0011458	#0072B2	chr5
contig-0011459	#E6B847	chr15
contig-0011460	#0072B2	chr5
contig-0011461	#0072B2	chr5
contig-0011462	#0072B2	chr5
contig-0011463	#0072B2	chr5
contig-0011464	#00B28C	chr17
contig-0011465	#00B28C	chr17
contig-0011466	#00B28C	chr17
contig-0011467	#00A880	chr10
contig-0011468	#00A880	chr10
contig-0011469	#00A880	chr10
contig-0011470	#E6B847	chr15
contig-0011471	#00A880	chr10
contig-0011472	#00A880	chr10
contig-0011473	#E69F00	chr1
contig-0011474	#E69F00	chr1
contig-0011475	#E69F00	chr1
contig-0011476	#0072B2	chr5
contig-0011477	#0072B2	chr5
contig-0011478	#0072B2	chr5
contig-0011479	#E6AB23	chr8
contig-0011480	#0072B2	chr5
contig-0011481	#0072B2	chr5
contig-0011482	#E69F00	chr1
contig-0011483	#E69F00	chr1
contig-0011484	#E69F00	chr1
contig-0011485	#E69F00	chr1
contig-0011486	#E69F00	chr1
contig-0011487	#E69F00	chr1
contig-0011488	#E69F00	chr1
contig-0011489	#E69F00	chr1
contig-0011490	#009E73	chr3
contig-0011491	#E6AB23	chr8
contig-0011492	#E69F00	chr1
contig-0011493	#E69F00	chr1
contig-0011494	#E69F00	chr1
contig-0011495	#E69F00	chr1
contig-0011496	#E69F00	chr1
contig-0011497	#E69F00	chr1
contig-0011498	#E69F00	chr1
contig-0011499	#5699E9	chr9
contig-0011500	#E6AB23	chr8
contig-0011501	#5699E9	chr9
contig-0011502	#5699E9	chr9
contig-0011503	#5699E9	chr9
contig-0011504	#5699E9	chr9
contig-0011505	#5699E9	chr9
contig-0011506	#5699E9	chr9
contig-0011507	#5699E9	chr9
contig-0011508	#E69F00	chr1
contig-0011509	#E69F00	chr1
contig-0011510	#E69F00	chr1
contig-0011511	#E6AB23	chr8
contig-0011512	#E69F00	chr1
contig-0011513	#E69F00	chr1
contig-0011514	#338CC2	chr19
contig-0011515	#338CC2	chr19
contig-0011516	#338CC2	chr19
contig-0011517	#338CC2	chr19
contig-0011518	#009E73	chr3
contig-0011519	#009E73	chr3
contig-0011520	#009E73	chr3
contig-0011521	#009E73	chr3
contig-0011522	#E6AB23	chr8
contig-0011523	#009E73	chr3
contig-0011524	#E6AB23	chr8
contig-0011525	#E6AB23	chr8
contig-0011526	#E6AB23	chr8
contig-0011527	#E6AB23	chr8
contig-0011528	#E6C47F	chr22
contig-0011529	#737373	chr14
contig-0011530	#737373	chr14
contig-0011531	#E6C47F	chr22
contig-0011532	#D57533	chr13
contig-0011533	#737373	chr14
contig-0011534	#E6C47F	chr22
contig-0011535	#E6C47F	chr22
contig-0011536	#CCA0BF	chr18
contig-0011537	#CCA0BF	chr18
contig-0011538	#CCA0BF	chr18
contig-0011539	#CCA0BF	chr18
contig-0011540	#CCA0BF	chr18
contig-0011541	#E6C47F	chr22
contig-0011542	#00B28C	chr17
contig-0011543	#00B28C	chr17
contig-0011544	#00B28C	chr17
contig-0011545	#00B28C	chr17
contig-0011546	#E6B847	chr15
contig-0011547	#E6B847	chr15
contig-0011548	#E6B847	chr15
contig-0011549	#E6B847	chr15
contig-0011550	#E6B847	chr15
contig-0011551	#E6B847	chr15
contig-0011552	#E6B847	chr15
contig-0011553	#CCA0BF	chr18
contig-0011554	#CCA0BF	chr18
contig-0011555	#CCA0BF	chr18
contig-0011556	#CCA0BF	chr18
contig-0011557	#CCA0BF	chr18
contig-0011558	#56B4E9	chr2
contig-0011559	#56B4E9	chr2
contig-0011560	#56B4E9	chr2
contig-0011561	#E6B847	chr15
contig-0011562	#56B4E9	chr2
contig-0011563	#56B4E9	chr2
contig-0011564	#00A880	chr10
contig-0011565	#00A880	chr10
contig-0011566	#00A880	chr10
contig-0011567	#00A880	chr10
contig-0011568	#00A880	chr10
contig-0011569	#00A880	chr10
contig-0011570	#56B4E9	chr2
contig-0011571	#56B4E9	chr2
contig-0011572	#338CC2	chr19
contig-0011573	#56B4E9	chr2
contig-0011574	#56B4E9	chr2
contig-0011575	#56B4E9	chr2
contig-0011576	#56B4E9	chr2
contig-0011577	#56B4E9	chr2
contig-0011578	#00A880	chr10
contig-0011579	#E69F00	chr1
contig-0011580	#E69F00	chr1
contig-0011581	#338CC2	chr19
contig-0011582	#E69F00	chr1
contig-0011583	#E69F00	chr1
contig-0011584	#E69F00	chr1
contig-0011585	#E69F00	chr1
contig-0011586	#CC8DB3	chr11
contig-0011587	#CC8DB3	chr11
contig-0011588	#CC8DB3	chr11
contig-0011589	#D58C66	chr20
contig-0011590	#D58C66	chr20
contig-0011591	#009E73	chr3
contig-0011592	#338CC2	chr19
contig-0011593	#D58C66	chr20
contig-0011594	#D58C66	chr20
contig-0011595	#CCA0BF	chr18
contig-0011596	#CCA0BF	chr18
contig-0011597	#CCA0BF	chr18
contig-0011598	#CCA0BF	chr18
contig-0011599	#CCA0BF	chr18
contig-0011600	#E69F00	chr1
contig-0011601	#E69F00	chr1
contig-0011602	#E69F00	chr1
contig-0011603	#338CC2	chr19
contig-0011604	#E69F00	chr1
contig-0011605	#E69F00	chr1
contig-0011606	#338CC2	chr19
contig-0011607	#338CC2	chr19
contig-0011608	#CC79A7	chr4
contig-0011609	#CC79A7	chr4
contig-0011610	#CC79A7	chr4
contig-0011611	#CC79A7	chr4
contig-0011612	#CC79A7	chr4
contig-0011613	#338CC2	chr19
contig-0011614	#E69F00	chr1
contig-0011615	#E69F00	chr1
contig-0011616	#E69F00	chr1
contig-0011617	#E69F00	chr1
contig-0011618	#E69F00	chr1
contig-0011619	#CC8DB3	chr11
contig-0011620	#CC8DB3	chr11
contig-0011621	#CC8DB3	chr11
contig-0011622	#338CC2	chr19
contig-0011624	#567DE9	chr16
contig-0011625	#D57533	chr13
contig-0011626	#D57533	chr13
contig-0011627	#D57533	chr13
contig-0011628	#338CC2	chr19
contig-0011629	#D57533	chr13
contig-0011630	#D57533	chr13
contig-0011632	#666666	chr7
contig-0011633	#666666	chr7
contig-0011634	#00B28C	chr17
contig-0011635	#00B28C	chr17
contig-0011636	#666666	chr7
contig-0011637	#00B28C	chr17
contig-0011638	#00B28C	chr17
contig-0011639	#00B28C	chr17
contig-0011640	#666666	chr7
contig-0011641	#666666	chr7
contig-0011642	#666666	chr7
contig-0011643	#666666	chr7
contig-0011644	#E6C47F	chr22
contig-0011645	#E6C47F	chr22
contig-0011646	#666666	chr7
contig-0011647	#E6C47F	chr22
contig-0011648	#E6C47F	chr22
contig-0011649	#E6C47F	chr22
contig-0011650	#E6C47F	chr22
contig-0011651	#E6C47F	chr22
contig-0011652	#CC8DB3	chr11
contig-0011653	#CC8DB3	chr11
contig-0011654	#CC8DB3	chr11
contig-0011655	#CC8DB3	chr11
contig-0011656	#CC8DB3	chr11
contig-0011657	#666666	chr7
contig-0011658	#D55E00	chr6
contig-0011659	#D55E00	chr6
contig-0011660	#009E73	chr3
contig-0011661	#009E73	chr3
contig-0011662	#E69F00	chr1
contig-0011663	#E69F00	chr1
contig-0011664	#E69F00	chr1
contig-0011665	#666666	chr7
contig-0011666	#E69F00	chr1
contig-0011667	#E69F00	chr1
contig-0011668	#E69F00	chr1
contig-0011669	#E69F00	chr1
contig-0011670	#E69F00	chr1
contig-0011671	#E69F00	chr1
contig-0011672	#666666	chr7
contig-0011673	#666666	chr7
contig-0011674	#666666	chr7
contig-0011675	#666666	chr7
contig-0011676	#666666	chr7
contig-0011677	#666666	chr7
contig-0011678	#CCA0BF	chr18
contig-0011679	#CCA0BF	chr18
contig-0011680	#CCA0BF	chr18
contig-0011681	#CCA0BF	chr18
contig-0011682	#CCA0BF	chr18
contig-0011683	#00A880	chr10
contig-0011684	#CC79A7	chr4
contig-0011685	#009E73	chr3
contig-0011686	#00B28C	chr17
contig-0011687	#CC79A7	chr4
contig-0011688	#CC79A7	chr4
contig-0011689	#CC79A7	chr4
contig-0011690	#D55E00	chr6
contig-0011691	#D55E00	chr6
contig-0011692	#D55E00	chr6
contig-0011693	#E6B847	chr15
contig-0011694	#E6B847	chr15
contig-0011695	#E6B847	chr15
contig-0011696	#D55E00	chr6
contig-0011697	#56B4E9	chr2
contig-0011698	#56B4E9	chr2
contig-0011699	#56B4E9	chr2
contig-0011700	#56B4E9	chr2
contig-0011701	#56B4E9	chr2
contig-0011702	#56B4E9	chr2
contig-0011703	#CC8DB3	chr11
contig-0011704	#CC8DB3	chr11
contig-0011705	#CC8DB3	chr11
contig-0011706	#D55E00	chr6
contig-0011707	#009E73	chr3
contig-0011708	#009E73	chr3
contig-0011709	#009E73	chr3
contig-0011710	#009E73	chr3
contig-0011711	#009E73	chr3
contig-0011712	#737373	chr14
contig-0011713	#737373	chr14
contig-0011714	#737373	chr14
contig-0011715	#737373	chr14
contig-0011716	#737373	chr14
contig-0011717	#D55E00	chr6
contig-0011718	#D57533	chr13
contig-0011719	#D57533	chr13
contig-0011720	#D57533	chr13
contig-0011721	#808080	chr21
contig-0011722	#E6AB23	chr8
contig-0011723	#E6AB23	chr8
contig-0011724	#E6AB23	chr8
contig-0011725	#E6AB23	chr8
contig-0011726	#D55E00	chr6
contig-0011727	#E6B847	chr15
contig-0011728	#E6B847	chr15
contig-0011729	#E6B847	chr15
contig-0011730	#E6B847	chr15
contig-0011731	#E6B847	chr15
contig-0011732	#56B4E9	chr2
contig-0011733	#56B4E9	chr2
contig-0011734	#56B4E9	chr2
contig-0011735	#56B4E9	chr2
contig-0011736	#56B4E9	chr2
contig-0011737	#D55E00	chr6
contig-0011738	#5699E9	chr9
contig-0011739	#5699E9	chr9
contig-0011740	#5699E9	chr9
contig-0011741	#5699E9	chr9
contig-0011742	#5699E9	chr9
contig-0011743	#5699E9	chr9
contig-0011744	#5699E9	chr9
contig-0011745	#E69F00	chr1
contig-0011746	#E69F00	chr1
contig-0011747	#E69F00	chr1
contig-0011748	#E69F00	chr1
contig-0011749	#E69F00	chr1
contig-0011750	#E69F00	chr1
contig-0011751	#E69F00	chr1
contig-0011752	#E69F00	chr1
contig-0011753	#E69F00	chr1
contig-0011754	#E69F00	chr1
contig-0011755	#E69F00	chr1
contig-0011756	#E69F00	chr1
contig-0011757	#E69F00	chr1
contig-0011758	#D57533	chr13
contig-0011759	#E69F00	chr1
contig-0011760	#D57533	chr13
contig-0011761	#D57533	chr13
contig-0011762	#D57533	chr13
contig-0011763	#D57533	chr13
contig-0011764	#1A7FBA	chr12
contig-0011765	#1A7FBA	chr12
contig-0011766	#1A7FBA	chr12
contig-0011767	#1A7FBA	chr12
contig-0011768	#1A7FBA	chr12
contig-0011769	#CC8DB3	chr11
contig-0011770	#E69F00	chr1
contig-0011771	#CC8DB3	chr11
contig-0011772	#CC8DB3	chr11
contig-0011773	#CC8DB3	chr11
contig-0011774	#CC79A7	chr4
contig-0011775	#CC79A7	chr4
contig-0011776	#CC79A7	chr4
contig-0011777	#CC79A7	chr4
contig-0011778	#CC79A7	chr4
contig-0011779	#8C564B	chrY
contig-0011780	#E69F00	chr1
contig-0011781	#8C564B	chrY
contig-0011782	#737373	chr14
contig-0011783	#56B4E9	chr2
contig-0011784	#56B4E9	chr2
contig-0011785	#56B4E9	chr2
contig-0011786	#56B4E9	chr2
contig-0011787	#56B4E9	chr2
contig-0011788	#E6AB23	chr8
contig-0011789	#56B4E9	chr2
contig-0011790	#E69F00	chr1
contig-0011791	#E6AB23	chr8
contig-0011792	#00B28C	chr17
contig-0011793	#00B28C	chr17
contig-0011794	#5699E9	chr9
contig-0011795	#5699E9	chr9
contig-0011796	#5699E9	chr9
contig-0011797	#5699E9	chr9
contig-0011798	#5699E9	chr9
contig-0011799	#00B28C	chr17
contig-0011800	#E69F00	chr1
contig-0011801	#E69F00	chr1
contig-0011802	#E69F00	chr1
contig-0011803	#E69F00	chr1
contig-0011804	#E69F00	chr1
contig-0011805	#E69F00	chr1
contig-0011806	#E69F00	chr1
contig-0011807	#E69F00	chr1
contig-0011808	#CC8DB3	chr11
contig-0011809	#CC8DB3	chr11
contig-0011810	#009E73	chr3
contig-0011811	#CC8DB3	chr11
contig-0011812	#CC8DB3	chr11
contig-0011813	#CC8DB3	chr11
contig-0011814	#1A7FBA	chr12
contig-0011815	#1A7FBA	chr12
contig-0011816	#1A7FBA	chr12
contig-0011817	#1A7FBA	chr12
contig-0011818	#1A7FBA	chr12
contig-0011819	#009E73	chr3
contig-0011820	#009E73	chr3
contig-0011821	#009E73	chr3
contig-0011822	#009E73	chr3
contig-0011823	#009E73	chr3
contig-0011824	#009E73	chr3
contig-0011825	#0072B2	chr5
contig-0011826	#0072B2	chr5
contig-0011827	#0072B2	chr5
contig-0011828	#0072B2	chr5
contig-0011829	#0072B2	chr5
contig-0011830	#5699E9	chr9
contig-0011831	#5699E9	chr9
contig-0011832	#5699E9	chr9
contig-0011833	#5699E9	chr9
contig-0011834	#5699E9	chr9
contig-0011835	#5699E9	chr9
contig-0011836	#5699E9	chr9
contig-0011837	#5699E9	chr9
contig-0011838	#5699E9	chr9
contig-0011839	#5699E9	chr9
contig-0011840	#0072B2	chr5
contig-0011841	#0072B2	chr5
contig-0011842	#009E73	chr3
contig-0011843	#0072B2	chr5
contig-0011844	#0072B2	chr5
contig-0011845	#0072B2	chr5
contig-0011846	#0072B2	chr5
contig-0011847	#0072B2	chr5
contig-0011848	#0072B2	chr5
contig-0011849	#D57533	chr13
contig-0011850	#009E73	chr3
contig-0011851	#D57533	chr13
contig-0011852	#D57533	chr13
contig-0011853	#D57533	chr13
contig-0011854	#E69F00	chr1
contig-0011855	#E69F00	chr1
contig-0011856	#338CC2	chr19
contig-0011857	#338CC2	chr19
contig-0011858	#338CC2	chr19
contig-0011859	#338CC2	chr19
contig-0011860	#338CC2	chr19
contig-0011861	#338CC2	chr19
contig-0011862	#338CC2	chr19
contig-0011863	#567DE9	chr16
contig-0011864	#567DE9	chr16
contig-0011865	#567DE9	chr16
contig-0011866	#567DE9	chr16
contig-0011867	#009E73	chr3
contig-0011868	#567DE9	chr16
contig-0011869	#009E73	chr3
contig-0011870	#009E73	chr3
contig-0011871	#009E73	chr3
contig-0011872	#009E73	chr3
contig-0011873	#009E73	chr3
contig-0011874	#E69F00	chr1
contig-0011875	#E69F00	chr1
contig-0011876	#E69F00	chr1
contig-0011877	#CC79A7	chr4
contig-0011878	#009E73	chr3
contig-0011879	#737373	chr14
contig-0011880	#737373	chr14
contig-0011881	#737373	chr14
contig-0011882	#737373	chr14
contig-0011883	#737373	chr14
contig-0011884	#737373	chr14
contig-0011885	#D57533	chr13
contig-0011886	#D57533	chr13
contig-0011887	#56B4E9	chr2
contig-0011888	#009E73	chr3
contig-0011889	#D57533	chr13
contig-0011890	#D57533	chr13
contig-0011891	#D57533	chr13
contig-0011892	#56B4E9	chr2
contig-0011893	#56B4E9	chr2
contig-0011894	#56B4E9	chr2
contig-0011895	#D58C66	chr20
contig-0011896	#009E73	chr3
contig-0011897	#009E73	chr3
contig-0011898	#009E73	chr3
contig-0011899	#0072B2	chr5
contig-0011900	#009E73	chr3
contig-0011901	#009E73	chr3
contig-0011902	#E69F00	chr1
contig-0011903	#E69F00	chr1
contig-0011904	#E69F00	chr1
contig-0011905	#E69F00	chr1
contig-0011906	#E69F00	chr1
contig-0011907	#00A880	chr10
contig-0011908	#00A880	chr10
contig-0011909	#00A880	chr10
contig-0011910	#0072B2	chr5
contig-0011911	#009E73	chr3
contig-0011912	#009E73	chr3
contig-0011913	#009E73	chr3
contig-0011914	#009E73	chr3
contig-0011915	#009E73	chr3
contig-0011916	#737373	chr14
contig-0011917	#737373	chr14
contig-0011918	#E6B847	chr15
contig-0011919	#D57533	chr13
contig-0011920	#E6C47F	chr22
contig-0011921	#0072B2	chr5
contig-0011922	#E6C47F	chr22
contig-0011923	#D55E00	chr6
contig-0011924	#D55E00	chr6
contig-0011925	#D55E00	chr6
contig-0011926	#D57533	chr13
contig-0011927	#D57533	chr13
contig-0011928	#D57533	chr13
contig-0011929	#D57533	chr13
contig-0011930	#0072B2	chr5
contig-0011931	#D57533	chr13
contig-0011932	#56B4E9	chr2
contig-0011933	#56B4E9	chr2
contig-0011934	#56B4E9	chr2
contig-0011935	#56B4E9	chr2
contig-0011936	#56B4E9	chr2
contig-0011937	#1A7FBA	chr12
contig-0011938	#1A7FBA	chr12
contig-0011939	#1A7FBA	chr12
contig-0011940	#0072B2	chr5
contig-0011941	#1A7FBA	chr12
contig-0011942	#1A7FBA	chr12
contig-0011943	#CC79A7	chr4
contig-0011944	#CC79A7	chr4
contig-0011945	#CC79A7	chr4
contig-0011946	#CC79A7	chr4
contig-0011947	#CC79A7	chr4
contig-0011949	#E69F00	chr1
contig-0011950	#808080	chr21
contig-0011951	#E69F00	chr1
contig-0011952	#E69F00	chr1
contig-0011953	#E69F00	chr1
contig-0011954	#E69F00	chr1
contig-0011955	#E69F00	chr1
contig-0011956	#E69F00	chr1
contig-0011957	#E69F00	chr1
contig-0011958	#E69F00	chr1
contig-0011959	#E69F00	chr1
contig-0011960	#E69F00	chr1
contig-0011961	#D57533	chr13
contig-0011962	#E69F00	chr1
contig-0011963	#E69F00	chr1
contig-0011964	#E69F00	chr1
contig-0011965	#00B28C	chr17
contig-0011966	#00B28C	chr17
contig-0011967	#00B28C	chr17
contig-0011968	#00B28C	chr17
contig-0011969	#00B28C	chr17
contig-0011970	#E69F00	chr1
contig-0011971	#E69F00	chr1
contig-0011972	#D57533	chr13
contig-0011973	#E69F00	chr1
contig-0011974	#E69F00	chr1
contig-0011975	#E69F00	chr1
contig-0011976	#CC8DB3	chr11
contig-0011977	#CC8DB3	chr11
contig-0011978	#CC8DB3	chr11
contig-0011979	#CC8DB3	chr11
contig-0011980	#CC8DB3	chr11
contig-0011981	#D55E00	chr6
contig-0011982	#D55E00	chr6
contig-0011983	#808080	chr21
contig-0011984	#D55E00	chr6
contig-0011985	#D55E00	chr6
contig-0011986	#D55E00	chr6
contig-0011987	#D55E00	chr6
contig-0011988	#D55E00	chr6
contig-0011989	#D55E00	chr6
contig-0011990	#5699E9	chr9
contig-0011991	#56B4E9	chr2
contig-0011992	#808080	chr21
contig-0011993	#5699E9	chr9
contig-0011994	#00B28C	chr17
contig-0011995	#00B28C	chr17
contig-0011996	#00B28C	chr17
contig-0011997	#00B28C	chr17
contig-0011998	#00B28C	chr17
contig-0011999	#56B4E9	chr2
contig-0012000	#56B4E9	chr2
contig-0012001	#56B4E9	chr2
contig-0012002	#56B4E9	chr2
contig-0012003	#808080	chr21
contig-0012004	#E6B847	chr15
contig-0012005	#E6B847	chr15
contig-0012006	#E6B847	chr15
contig-0012007	#E6B847	chr15
contig-0012008	#737373	chr14
contig-0012009	#737373	chr14
contig-0012010	#737373	chr14
contig-0012011	#737373	chr14
contig-0012012	#D57533	chr13
contig-0012013	#737373	chr14
contig-0012014	#737373	chr14
contig-0012015	#737373	chr14
contig-0012016	#009E73	chr3
contig-0012017	#009E73	chr3
contig-0012018	#009E73	chr3
contig-0012019	#009E73	chr3
contig-0012020	#1A7FBA	chr12
contig-0012021	#1A7FBA	chr12
contig-0012022	#1A7FBA	chr12
contig-0012023	#56B4E9	chr2
contig-0012024	#1A7FBA	chr12
contig-0012025	#1A7FBA	chr12
contig-0012026	#E69F00	chr1
contig-0012027	#E69F00	chr1
contig-0012028	#E69F00	chr1
contig-0012029	#E69F00	chr1
contig-0012030	#E6B847	chr15
contig-0012031	#E6B847	chr15
contig-0012032	#D55E00	chr6
contig-0012033	#56B4E9	chr2
contig-0012034	#D55E00	chr6
contig-0012035	#D55E00	chr6
contig-0012036	#D55E00	chr6
contig-0012037	#00A880	chr10
contig-0012038	#00A880	chr10
contig-0012039	#00A880	chr10
contig-0012040	#E69F00	chr1
contig-0012041	#56B4E9	chr2
contig-0012042	#E69F00	chr1
contig-0012043	#00B28C	chr17
contig-0012044	#00B28C	chr17
contig-0012045	#00B28C	chr17
contig-0012046	#00B28C	chr17
contig-0012047	#00B28C	chr17
contig-0012048	#CC8DB3	chr11
contig-0012049	#CC8DB3	chr11
contig-0012050	#56B4E9	chr2
contig-0012051	#CC8DB3	chr11
contig-0012052	#1A7FBA	chr12
contig-0012053	#1A7FBA	chr12
contig-0012054	#1A7FBA	chr12
contig-0012055	#1A7FBA	chr12
contig-0012056	#1A7FBA	chr12
contig-0012057	#CCA0BF	chr18
contig-0012058	#CCA0BF	chr18
contig-0012059	#56B4E9	chr2
contig-0012060	#CCA0BF	chr18
contig-0012061	#CCA0BF	chr18
contig-0012062	#CCA0BF	chr18
contig-0012063	#5699E9	chr9
contig-0012064	#5699E9	chr9
contig-0012065	#5699E9	chr9
contig-0012066	#5699E9	chr9
contig-0012067	#5699E9	chr9
contig-0012068	#5699E9	chr9
contig-0012069	#5699E9	chr9
contig-0012070	#D57533	chr13
contig-0012071	#D55E00	chr6
contig-0012072	#D55E00	chr6
contig-0012073	#D55E00	chr6
contig-0012074	#D55E00	chr6
contig-0012075	#E6B847	chr15
contig-0012076	#E6B847	chr15
contig-0012077	#E6B847	chr15
contig-0012078	#E6B847	chr15
contig-0012079	#E6B847	chr15
contig-0012080	#808080	chr21
contig-0012082	#9467BD	chrX
contig-0012083	#9467BD	chrX
contig-0012084	#9467BD	chrX
contig-0012085	#CC79A7	chr4
contig-0012086	#CC79A7	chr4
contig-0012087	#CC79A7	chr4
contig-0012088	#56B4E9	chr2
contig-0012089	#808080	chr21
contig-0012090	#CC79A7	chr4
contig-0012091	#CC79A7	chr4
contig-0012092	#CC79A7	chr4
contig-0012093	#9467BD	chrX
contig-0012094	#CC8DB3	chr11
contig-0012095	#CC8DB3	chr11
contig-0012096	#CC8DB3	chr11
contig-0012097	#CC8DB3	chr11
contig-0012098	#CC8DB3	chr11
contig-0012099	#CC8DB3	chr11
contig-0012100	#CC8DB3	chr11
contig-0012101	#D55E00	chr6
contig-0012102	#D55E00	chr6
contig-0012103	#D55E00	chr6
contig-0012104	#D55E00	chr6
contig-0012105	#D55E00	chr6
contig-0012106	#E69F00	chr1
contig-0012107	#E69F00	chr1
contig-0012108	#E69F00	chr1
contig-0012109	#E69F00	chr1
contig-0012110	#D58C66	chr20
contig-0012111	#D58C66	chr20
contig-0012112	#D58C66	chr20
contig-0012113	#D58C66	chr20
contig-0012114	#D58C66	chr20
contig-0012115	#338CC2	chr19
contig-0012116	#338CC2	chr19
contig-0012117	#338CC2	chr19
contig-0012118	#009E73	chr3
contig-0012119	#338CC2	chr19
contig-0012120	#338CC2	chr19
contig-0012121	#CCA0BF	chr18
contig-0012122	#CCA0BF	chr18
contig-0012123	#CCA0BF	chr18
contig-0012124	#CCA0BF	chr18
contig-0012125	#CCA0BF	chr18
contig-0012126	#CC79A7	chr4
contig-0012127	#CC79A7	chr4
contig-0012128	#CC79A7	chr4
contig-0012129	#009E73	chr3
contig-0012130	#CC79A7	chr4
contig-0012131	#CC79A7	chr4
contig-0012132	#0072B2	chr5
contig-0012133	#0072B2	chr5
contig-0012134	#0072B2	chr5
contig-0012135	#0072B2	chr5
contig-0012136	#0072B2	chr5
contig-0012137	#E69F00	chr1
contig-0012138	#009E73	chr3
contig-0012139	#E69F00	chr1
contig-0012140	#009E73	chr3
contig-0012141	#009E73	chr3
contig-0012142	#009E73	chr3
contig-0012143	#009E73	chr3
contig-0012144	#009E73	chr3
contig-0012145	#808080	chr21
contig-0012146	#808080	chr21
contig-0012147	#808080	chr21
contig-0012148	#009E73	chr3
contig-0012149	#808080	chr21
contig-0012150	#808080	chr21
contig-0012151	#D57533	chr13
contig-0012152	#D57533	chr13
contig-0012153	#D57533	chr13
contig-0012154	#D57533	chr13
contig-0012155	#D57533	chr13
contig-0012156	#D57533	chr13
contig-0012157	#D57533	chr13
contig-0012158	#009E73	chr3
contig-0012159	#D57533	chr13
contig-0012160	#D57533	chr13
contig-0012161	#0072B2	chr5
contig-0012162	#0072B2	chr5
contig-0012163	#0072B2	chr5
contig-0012164	#0072B2	chr5
contig-0012165	#0072B2	chr5
contig-0012166	#56B4E9	chr2
contig-0012167	#56B4E9	chr2
contig-0012168	#1A7FBA	chr12
contig-0012169	#56B4E9	chr2
contig-0012170	#56B4E9	chr2
contig-0012171	#E6B847	chr15
contig-0012172	#E6B847	chr15
contig-0012173	#E6B847	chr15
contig-0012174	#E6B847	chr15
contig-0012175	#E6B847	chr15
contig-0012176	#E6B847	chr15
contig-0012177	#E6B847	chr15
contig-0012178	#567DE9	chr16
contig-0012179	#1A7FBA	chr12
contig-0012180	#567DE9	chr16
contig-0012181	#567DE9	chr16
contig-0012182	#E6C47F	chr22
contig-0012183	#E6C47F	chr22
contig-0012184	#E6C47F	chr22
contig-0012185	#E6C47F	chr22
contig-0012186	#E6C47F	chr22
contig-0012187	#17BECF	chrM
contig-0012188	#56B4E9	chr2
contig-0012189	#1A7FBA	chr12
contig-0012190	#17BECF	chrM
contig-0012191	#17BECF	chrM
contig-0012192	#17BECF	chrM
contig-0012193	#17BECF	chrM
contig-0012194	#17BECF	chrM
contig-0012195	#17BECF	chrM
contig-0012196	#17BECF	chrM
contig-0012197	#56B4E9	chr2
contig-0012198	#56B4E9	chr2
contig-0012199	#56B4E9	chr2
contig-0012200	#1A7FBA	chr12
contig-0012201	#009E73	chr3
contig-0012202	#009E73	chr3
contig-0012203	#00B28C	chr17
contig-0012204	#00B28C	chr17
contig-0012205	#00B28C	chr17
contig-0012206	#00B28C	chr17
contig-0012207	#00B28C	chr17
contig-0012208	#00B28C	chr17
contig-0012209	#00B28C	chr17
contig-0012210	#E6C47F	chr22
contig-0012211	#1A7FBA	chr12
contig-0012212	#E6C47F	chr22
contig-0012213	#E6C47F	chr22
contig-0012214	#E6C47F	chr22
contig-0012215	#CC79A7	chr4
contig-0012216	#CC79A7	chr4
contig-0012217	#CC79A7	chr4
contig-0012218	#CC79A7	chr4
contig-0012219	#CC79A7	chr4
contig-0012220	#5699E9	chr9
contig-0012221	#E69F00	chr1
contig-0012222	#E69F00	chr1
contig-0012223	#E69F00	chr1
contig-0012224	#CC8DB3	chr11
contig-0012225	#CC8DB3	chr11
contig-0012226	#CC8DB3	chr11
contig-0012227	#5699E9	chr9
contig-0012228	#009E73	chr3
contig-0012229	#009E73	chr3
contig-0012230	#D57533	chr13
contig-0012231	#D57533	chr13
contig-0012232	#808080	chr21
contig-0012233	#338CC2	chr19
contig-0012234	#338CC2	chr19
contig-0012235	#338CC2	chr19
contig-0012236	#338CC2	chr19
contig-0012237	#5699E9	chr9
contig-0012238	#338CC2	chr19
contig-0012239	#338CC2	chr19
contig-0012240	#338CC2	chr19
contig-0012241	#56B4E9	chr2
contig-0012242	#56B4E9	chr2
contig-0012243	#56B4E9	chr2
contig-0012244	#56B4E9	chr2
contig-0012245	#56B4E9	chr2
contig-0012246	#E69F00	chr1
contig-0012247	#5699E9	chr9
contig-0012248	#E69F00	chr1
contig-0012249	#E69F00	chr1
contig-0012250	#E69F00	chr1
contig-0012251	#E69F00	chr1
contig-0012252	#737373	chr14
contig-0012253	#737373	chr14
contig-0012254	#737373	chr14
contig-0012255	#737373	chr14
contig-0012256	#009E73	chr3
contig-0012257	#5699E9	chr9
contig-0012258	#009E73	chr3
contig-0012259	#009E73	chr3
contig-0012260	#009E73	chr3
contig-0012261	#009E73	chr3
contig-0012262	#D55E00	chr6
contig-0012263	#D55E00	chr6
contig-0012264	#D55E00	chr6
contig-0012265	#D55E00	chr6
contig-0012266	#D55E00	chr6
contig-0012267	#D55E00	chr6
contig-0012268	#5699E9	chr9
contig-0012269	#D55E00	chr6
contig-0012270	#D55E00	chr6
contig-0012271	#D55E00	chr6
contig-0012272	#D55E00	chr6
contig-0012273	#D55E00	chr6
contig-0012274	#D55E00	chr6
contig-0012275	#D55E00	chr6
contig-0012276	#D55E00	chr6
contig-0012277	#567DE9	chr16
contig-0012278	#5699E9	chr9
contig-0012279	#567DE9	chr16
contig-0012280	#567DE9	chr16
contig-0012281	#567DE9	chr16
contig-0012282	#567DE9	chr16
contig-0012283	#567DE9	chr16
contig-0012284	#567DE9	chr16
contig-0012285	#00B28C	chr17
contig-0012286	#00B28C	chr17
contig-0012287	#E6AB23	chr8
contig-0012288	#E6AB23	chr8
contig-0012289	#D55E00	chr6
contig-0012290	#00B28C	chr17
contig-0012291	#E6AB23	chr8
contig-0012292	#E6AB23	chr8
contig-0012293	#E6AB23	chr8
contig-0012294	#567DE9	chr16
contig-0012295	#567DE9	chr16
contig-0012296	#567DE9	chr16
contig-0012297	#56B4E9	chr2
contig-0012298	#56B4E9	chr2
contig-0012299	#56B4E9	chr2
contig-0012300	#00B28C	chr17
contig-0012301	#56B4E9	chr2
contig-0012302	#56B4E9	chr2
contig-0012303	#CCA0BF	chr18
contig-0012304	#CCA0BF	chr18
contig-0012305	#D57533	chr13
contig-0012306	#D57533	chr13
contig-0012307	#D57533	chr13
contig-0012308	#D57533	chr13
contig-0012309	#00B28C	chr17
contig-0012310	#5699E9	chr9
contig-0012311	#5699E9	chr9
contig-0012312	#E6AB23	chr8
contig-0012313	#E6AB23	chr8
contig-0012314	#E6AB23	chr8
contig-0012315	#E6AB23	chr8
contig-0012316	#E6AB23	chr8
contig-0012317	#E6AB23	chr8
contig-0012318	#E6AB23	chr8
contig-0012319	#00B28C	chr17
contig-0012320	#E6AB23	chr8
contig-0012321	#E6B847	chr15
contig-0012322	#E6B847	chr15
contig-0012323	#E6B847	chr15
contig-0012324	#E6B847	chr15
contig-0012325	#E6B847	chr15
contig-0012326	#567DE9	chr16
contig-0012327	#567DE9	chr16
contig-0012328	#567DE9	chr16
contig-0012329	#567DE9	chr16
contig-0012330	#00B28C	chr17
contig-0012331	#567DE9	chr16
contig-0012332	#567DE9	chr16
contig-0012333	#567DE9	chr16
contig-0012334	#567DE9	chr16
contig-0012335	#567DE9	chr16
contig-0012336	#00A880	chr10
contig-0012337	#00A880	chr10
contig-0012338	#00A880	chr10
contig-0012339	#00A880	chr10
contig-0012340	#00A880	chr10
contig-0012341	#E6B847	chr15
contig-0012342	#E6B847	chr15
contig-0012343	#E6B847	chr15
contig-0012344	#E6B847	chr15
contig-0012345	#E6B847	chr15
contig-0012346	#567DE9	chr16
contig-0012347	#567DE9	chr16
contig-0012348	#567DE9	chr16
contig-0012349	#567DE9	chr16
contig-0012350	#567DE9	chr16
contig-0012351	#5699E9	chr9
contig-0012352	#567DE9	chr16
contig-0012353	#567DE9	chr16
contig-0012354	#5699E9	chr9
contig-0012355	#5699E9	chr9
contig-0012356	#5699E9	chr9
contig-0012357	#5699E9	chr9
contig-0012358	#5699E9	chr9
contig-0012359	#5699E9	chr9
contig-0012360	#5699E9	chr9
contig-0012361	#5699E9	chr9
contig-0012362	#5699E9	chr9
contig-0012363	#5699E9	chr9
contig-0012364	#D57533	chr13
contig-0012365	#D57533	chr13
contig-0012366	#D57533	chr13
contig-0012367	#D57533	chr13
contig-0012368	#5699E9	chr9
contig-0012369	#D57533	chr13
contig-0012370	#D57533	chr13
contig-0012371	#D57533	chr13
contig-0012372	#D57533	chr13
contig-0012373	#D57533	chr13
contig-0012374	#D57533	chr13
contig-0012375	#D57533	chr13
contig-0012376	#CC79A7	chr4
contig-0012377	#D57533	chr13
contig-0012378	#D57533	chr13
contig-0012379	#00B28C	chr17
contig-0012380	#00B28C	chr17
contig-0012381	#00B28C	chr17
contig-0012382	#009E73	chr3
contig-0012383	#009E73	chr3
contig-0012384	#D55E00	chr6
contig-0012385	#009E73	chr3
contig-0012386	#009E73	chr3
contig-0012387	#5699E9	chr9
contig-0012388	#5699E9	chr9
contig-0012389	#5699E9	chr9
contig-0012390	#5699E9	chr9
contig-0012391	#5699E9	chr9
contig-0012392	#5699E9	chr9
contig-0012393	#5699E9	chr9
contig-0012394	#5699E9	chr9
contig-0012395	#CC79A7	chr4
contig-0012396	#E6C47F	chr22
contig-0012397	#E6C47F	chr22
contig-0012398	#E6C47F	chr22
contig-0012399	#00A880	chr10
contig-0012400	#00A880	chr10
contig-0012401	#00A880	chr10
contig-0012402	#338CC2	chr19
contig-0012403	#338CC2	chr19
contig-0012404	#338CC2	chr19
contig-0012405	#CC79A7	chr4
contig-0012406	#338CC2	chr19
contig-0012407	#338CC2	chr19
contig-0012408	#338CC2	chr19
contig-0012409	#567DE9	chr16
contig-0012410	#567DE9	chr16
contig-0012411	#567DE9	chr16
contig-0012412	#567DE9	chr16
contig-0012413	#567DE9	chr16
contig-0012414	#567DE9	chr16
contig-0012415	#CC79A7	chr4
contig-0012416	#D57533	chr13
contig-0012417	#D57533	chr13
contig-0012418	#D57533	chr13
contig-0012419	#D57533	chr13
contig-0012420	#D57533	chr13
contig-0012421	#E6AB23	chr8
contig-0012422	#E6AB23	chr8
contig-0012423	#E6AB23	chr8
contig-0012424	#E6AB23	chr8
contig-0012425	#E6AB23	chr8
contig-0012426	#E6AB23	chr8
contig-0012427	#E6AB23	chr8
contig-0012428	#CC79A7	chr4
contig-0012429	#CC79A7	chr4
contig-0012430	#CC79A7	chr4
contig-0012431	#CC79A7	chr4
contig-0012432	#CC79A7	chr4
contig-0012433	#CC79A7	chr4
contig-0012434	#D57533	chr13
contig-0012435	#D57533	chr13
contig-0012436	#D57533	chr13
contig-0012437	#D57533	chr13
contig-0012438	#D57533	chr13
contig-0012439	#56B4E9	chr2
contig-0012440	#56B4E9	chr2
contig-0012441	#56B4E9	chr2
contig-0012442	#56B4E9	chr2
contig-0012443	#56B4E9	chr2
contig-0012444	#009E73	chr3
contig-0012445	#009E73	chr3
contig-0012446	#009E73	chr3
contig-0012447	#009E73	chr3
contig-0012448	#009E73	chr3
contig-0012449	#CC8DB3	chr11
contig-0012450	#CC8DB3	chr11
contig-0012451	#CC8DB3	chr11
contig-0012452	#0072B2	chr5
contig-0012453	#0072B2	chr5
contig-0012454	#CC79A7	chr4
contig-0012455	#0072B2	chr5
contig-0012456	#737373	chr14
contig-0012457	#737373	chr14
contig-0012458	#737373	chr14
contig-0012459	#737373	chr14
contig-0012460	#737373	chr14
contig-0012461	#00B28C	chr17
contig-0012462	#00B28C	chr17
contig-0012463	#00B28C	chr17
contig-0012464	#00B28C	chr17
contig-0012465	#338CC2	chr19
contig-0012466	#00B28C	chr17
contig-0012467	#567DE9	chr16
contig-0012468	#567DE9	chr16
contig-0012469	#567DE9	chr16
contig-0012470	#567DE9	chr16
contig-0012471	#567DE9	chr16
contig-0012472	#567DE9	chr16
contig-0012473	#567DE9	chr16
contig-0012474	#666666	chr7
contig-0012475	#666666	chr7
contig-0012476	#338CC2	chr19
contig-0012477	#666666	chr7
contig-0012478	#666666	chr7
contig-0012479	#1A7FBA	chr12
contig-0012480	#1A7FBA	chr12
contig-0012481	#1A7FBA	chr12
contig-0012482	#00B28C	chr17
contig-0012483	#00B28C	chr17
contig-0012484	#00B28C	chr17
contig-0012485	#00B28C	chr17
contig-0012486	#D55E00	chr6
contig-0012487	#338CC2	chr19
contig-0012488	#00B28C	chr17
contig-0012489	#00B28C	chr17
contig-0012490	#00B28C	chr17
contig-0012491	#5699E9	chr9
contig-0012492	#5699E9	chr9
contig-0012493	#5699E9	chr9
contig-0012494	#567DE9	chr16
contig-0012495	#567DE9	chr16
contig-0012496	#009E73	chr3
contig-0012497	#009E73	chr3
contig-0012498	#338CC2	chr19
contig-0012499	#009E73	chr3
contig-0012500	#009E73	chr3
contig-0012501	#0072B2	chr5
contig-0012502	#0072B2	chr5
contig-0012503	#0072B2	chr5
contig-0012504	#00A880	chr10
contig-0012505	#0072B2	chr5
contig-0012506	#0072B2	chr5
contig-0012507	#0072B2	chr5
contig-0012508	#0072B2	chr5
contig-0012509	#0072B2	chr5
contig-0012510	#1A7FBA	chr12
contig-0012511	#1A7FBA	chr12
contig-0012512	#1A7FBA	chr12
contig-0012513	#D55E00	chr6
contig-0012514	#E6AB23	chr8
contig-0012515	#E6AB23	chr8
contig-0012516	#E6AB23	chr8
contig-0012517	#E6AB23	chr8
contig-0012518	#E6AB23	chr8
contig-0012519	#E6AB23	chr8
contig-0012520	#E6AB23	chr8
contig-0012521	#808080	chr21
contig-0012522	#808080	chr21
contig-0012523	#D55E00	chr6
contig-0012524	#808080	chr21
contig-0012525	#808080	chr21
contig-0012526	#808080	chr21
contig-0012527	#666666	chr7
contig-0012528	#666666	chr7
contig-0012529	#666666	chr7
contig-0012530	#666666	chr7
contig-0012531	#666666	chr7
contig-0012532	#00B28C	chr17
contig-0012533	#00B28C	chr17
contig-0012534	#D55E00	chr6
contig-0012535	#00B28C	chr17
contig-0012536	#00B28C	chr17
contig-0012537	#00B28C	chr17
contig-0012538	#0072B2	chr5
contig-0012539	#0072B2	chr5
contig-0012540	#0072B2	chr5
contig-0012541	#009E73	chr3
contig-0012542	#D55E00	chr6
contig-0012543	#009E73	chr3
contig-0012544	#009E73	chr3
contig-0012545	#009E73	chr3
contig-0012546	#567DE9	chr16
contig-0012547	#567DE9	chr16
contig-0012548	#567DE9	chr16
contig-0012549	#567DE9	chr16
contig-0012550	#567DE9	chr16
contig-0012551	#567DE9	chr16
contig-0012552	#D55E00	chr6
contig-0012553	#D55E00	chr6
contig-0012554	#D55E00	chr6
contig-0012555	#D55E00	chr6
contig-0012556	#D55E00	chr6
contig-0012557	#D55E00	chr6
contig-0012558	#D55E00	chr6
contig-0012559	#D55E00	chr6
contig-0012560	#0072B2	chr5
contig-0012561	#D55E00	chr6
contig-0012562	#D55E00	chr6
contig-0012563	#D55E00	chr6
contig-0012564	#D55E00	chr6
contig-0012565	#D55E00	chr6
contig-0012566	#D55E00	chr6
contig-0012567	#D55E00	chr6
contig-0012569	#56B4E9	chr2
contig-0012570	#56B4E9	chr2
contig-0012571	#0072B2	chr5
contig-0012572	#56B4E9	chr2
contig-0012573	#56B4E9	chr2
contig-0012574	#56B4E9	chr2
contig-0012575	#5699E9	chr9
contig-0012576	#009E73	chr3
contig-0012577	#009E73	chr3
contig-0012578	#009E73	chr3
contig-0012579	#E6C47F	chr22
contig-0012580	#D55E00	chr6
contig-0012581	#0072B2	chr5
contig-0012582	#E6B847	chr15
contig-0012583	#E6C47F	chr22
contig-0012584	#E6C47F	chr22
contig-0012585	#E6C47F	chr22
contig-0012586	#0072B2	chr5
contig-0012587	#0072B2	chr5
contig-0012588	#0072B2	chr5
contig-0012589	#0072B2	chr5
contig-0012590	#0072B2	chr5
contig-0012591	#808080	chr21
contig-0012592	#E6B847	chr15
contig-0012593	#E6B847	chr15
contig-0012594	#E6B847	chr15
contig-0012595	#737373	chr14
contig-0012596	#E69F00	chr1
contig-0012597	#E69F00	chr1
contig-0012598	#E69F00	chr1
contig-0012599	#E6C47F	chr22
contig-0012600	#E6C47F	chr22
contig-0012601	#0072B2	chr5
contig-0012602	#E6C47F	chr22
contig-0012603	#E6C47F	chr22
contig-0012604	#E6C47F	chr22
contig-0012605	#E6C47F	chr22
contig-0012606	#E6C47F	chr22
contig-0012607	#56B4E9	chr2
contig-0012608	#56B4E9	chr2
contig-0012609	#E69F00	chr1
contig-0012610	#E69F00	chr1
contig-0012611	#E69F00	chr1
contig-0012612	#E69F00	chr1
contig-0012613	#E69F00	chr1
contig-0012614	#E69F00	chr1
contig-0012615	#E69F00	chr1
contig-0012616	#E69F00	chr1
contig-0012617	#E69F00	chr1
contig-0012618	#00A880	chr10
contig-0012619	#00A880	chr10
contig-0012620	#E69F00	chr1
contig-0012621	#00A880	chr10
contig-0012622	#E6B847	chr15
contig-0012623	#808080	chr21
contig-0012624	#808080	chr21
contig-0012625	#808080	chr21
contig-0012626	#808080	chr21
contig-0012627	#808080	chr21
contig-0012628	#E69F00	chr1
contig-0012629	#808080	chr21
contig-0012630	#009E73	chr3
contig-0012631	#009E73	chr3
contig-0012632	#009E73	chr3
contig-0012633	#009E73	chr3
contig-0012634	#009E73	chr3
contig-0012635	#009E73	chr3
contig-0012636	#009E73	chr3
contig-0012637	#666666	chr7
contig-0012638	#567DE9	chr16
contig-0012639	#666666	chr7
contig-0012640	#666666	chr7
contig-0012641	#666666	chr7
contig-0012642	#666666	chr7
contig-0012643	#666666	chr7
contig-0012644	#666666	chr7
contig-0012645	#666666	chr7
contig-0012646	#666666	chr7
contig-0012647	#5699E9	chr9
contig-0012648	#567DE9	chr16
contig-0012649	#5699E9	chr9
contig-0012650	#5699E9	chr9
contig-0012651	#5699E9	chr9
contig-0012652	#5699E9	chr9
contig-0012653	#009E73	chr3
contig-0012654	#009E73	chr3
contig-0012655	#009E73	chr3
contig-0012656	#009E73	chr3
contig-0012657	#009E73	chr3
contig-0012658	#00B28C	chr17
contig-0012659	#567DE9	chr16
contig-0012660	#00B28C	chr17
contig-0012661	#00B28C	chr17
contig-0012662	#D55E00	chr6
contig-0012663	#D55E00	chr6
contig-0012664	#D55E00	chr6
contig-0012665	#D55E00	chr6
contig-0012666	#D55E00	chr6
contig-0012667	#CCA0BF	chr18
contig-0012668	#CCA0BF	chr18
contig-0012669	#009E73	chr3
contig-0012670	#CCA0BF	chr18
contig-0012671	#CCA0BF	chr18
contig-0012672	#D55E00	chr6
contig-0012673	#CC79A7	chr4
contig-0012674	#CC79A7	chr4
contig-0012675	#CC79A7	chr4
contig-0012676	#CC79A7	chr4
contig-0012677	#CC79A7	chr4
contig-0012678	#CC79A7	chr4
contig-0012679	#D55E00	chr6
contig-0012680	#009E73	chr3
contig-0012681	#CC79A7	chr4
contig-0012682	#00A880	chr10
contig-0012683	#00A880	chr10
contig-0012684	#00A880	chr10
contig-0012685	#00A880	chr10
contig-0012686	#00A880	chr10
contig-0012687	#D58C66	chr20
contig-0012688	#D58C66	chr20
contig-0012689	#D58C66	chr20
contig-0012690	#D58C66	chr20
contig-0012691	#009E73	chr3
contig-0012692	#666666	chr7
contig-0012693	#666666	chr7
contig-0012694	#666666	chr7
contig-0012695	#666666	chr7
contig-0012696	#666666	chr7
contig-0012697	#E69F00	chr1
contig-0012698	#009E73	chr3
contig-0012699	#009E73	chr3
contig-0012700	#009E73	chr3
contig-0012701	#009E73	chr3
contig-0012702	#009E73	chr3
contig-0012703	#009E73	chr3
contig-0012704	#E69F00	chr1
contig-0012705	#E69F00	chr1
contig-0012706	#E69F00	chr1
contig-0012707	#8C564B	chrY
contig-0012708	#009E73	chr3
contig-0012709	#8C564B	chrY
contig-0012710	#CC79A7	chr4
contig-0012711	#CC79A7	chr4
contig-0012712	#CCA0BF	chr18
contig-0012713	#CCA0BF	chr18
contig-0012714	#00A880	chr10
contig-0012715	#00A880	chr10
contig-0012716	#00A880	chr10
contig-0012717	#0072B2	chr5
contig-0012718	#00A880	chr10
contig-0012719	#00A880	chr10
contig-0012720	#00A880	chr10
contig-0012721	#00A880	chr10
contig-0012722	#00A880	chr10
contig-0012723	#00A880	chr10
contig-0012724	#D55E00	chr6
contig-0012725	#D55E00	chr6
contig-0012726	#0072B2	chr5
contig-0012727	#56B4E9	chr2
contig-0012728	#56B4E9	chr2
contig-0012729	#56B4E9	chr2
contig-0012730	#56B4E9	chr2
contig-0012731	#56B4E9	chr2
contig-0012732	#CC8DB3	chr11
contig-0012733	#CC8DB3	chr11
contig-0012734	#CC8DB3	chr11
contig-0012735	#CC8DB3	chr11
contig-0012736	#0072B2	chr5
contig-0012737	#CC8DB3	chr11
contig-0012738	#E6AB23	chr8
contig-0012739	#E6AB23	chr8
contig-0012740	#E6AB23	chr8
contig-0012741	#E6AB23	chr8
contig-0012742	#E6AB23	chr8
contig-0012743	#808080	chr21
contig-0012744	#808080	chr21
contig-0012745	#808080	chr21
contig-0012746	#0072B2	chr5
contig-0012747	#737373	chr14
contig-0012748	#808080	chr21
contig-0012749	#737373	chr14
contig-0012750	#737373	chr14
contig-0012751	#CC79A7	chr4
contig-0012752	#CC79A7	chr4
contig-0012753	#CC79A7	chr4
contig-0012754	#CC79A7	chr4
contig-0012755	#CC79A7	chr4
contig-0012756	#E6C47F	chr22
contig-0012757	#0072B2	chr5
contig-0012758	#E69F00	chr1
contig-0012759	#E69F00	chr1
contig-0012760	#E69F00	chr1
contig-0012761	#E69F00	chr1
contig-0012762	#E69F00	chr1
contig-0012763	#E69F00	chr1
contig-0012764	#E69F00	chr1
contig-0012765	#009E73	chr3
contig-0012766	#009E73	chr3
contig-0012767	#009E73	chr3
contig-0012768	#0072B2	chr5
contig-0012769	#009E73	chr3
contig-0012770	#009E73	chr3
contig-0012771	#5699E9	chr9
contig-0012772	#5699E9	chr9
contig-0012773	#5699E9	chr9
contig-0012774	#5699E9	chr9
contig-0012775	#5699E9	chr9
contig-0012776	#00B28C	chr17
contig-0012777	#00B28C	chr17
contig-0012778	#00B28C	chr17
contig-0012779	#CC79A7	chr4
contig-0012780	#0072B2	chr5
contig-0012781	#00B28C	chr17
contig-0012782	#00B28C	chr17
contig-0012783	#00B28C	chr17
contig-0012784	#00B28C	chr17
contig-0012785	#E6AB23	chr8
contig-0012786	#E6AB23	chr8
contig-0012787	#E6AB23	chr8
contig-0012788	#E6AB23	chr8
contig-0012789	#E6AB23	chr8
contig-0012790	#E6AB23	chr8
contig-0012791	#5699E9	chr9
contig-0012792	#5699E9	chr9
contig-0012793	#5699E9	chr9
contig-0012794	#5699E9	chr9
contig-0012795	#5699E9	chr9
contig-0012796	#5699E9	chr9
contig-0012797	#5699E9	chr9
contig-0012798	#0072B2	chr5
contig-0012799	#5699E9	chr9
contig-0012800	#5699E9	chr9
contig-0012801	#5699E9	chr9
contig-0012802	#5699E9	chr9
contig-0012803	#5699E9	chr9
contig-0012804	#00B28C	chr17
contig-0012805	#00B28C	chr17
contig-0012806	#00B28C	chr17
contig-0012807	#00B28C	chr17
contig-0012808	#00B28C	chr17
contig-0012809	#5699E9	chr9
contig-0012810	#00B28C	chr17
contig-0012811	#5699E9	chr9
contig-0012812	#5699E9	chr9
contig-0012813	#5699E9	chr9
contig-0012814	#5699E9	chr9
contig-0012815	#CC8DB3	chr11
contig-0012816	#CC8DB3	chr11
contig-0012817	#CC8DB3	chr11
contig-0012818	#CC8DB3	chr11
contig-0012819	#CC8DB3	chr11
contig-0012820	#D55E00	chr6
contig-0012821	#D55E00	chr6
contig-0012822	#D55E00	chr6
contig-0012823	#D55E00	chr6
contig-0012824	#D55E00	chr6
contig-0012825	#D55E00	chr6
contig-0012826	#D55E00	chr6
contig-0012827	#CC8DB3	chr11
contig-0012828	#56B4E9	chr2
contig-0012829	#56B4E9	chr2
contig-0012830	#56B4E9	chr2
contig-0012831	#56B4E9	chr2
contig-0012832	#56B4E9	chr2
contig-0012833	#D57533	chr13
contig-0012834	#D57533	chr13
contig-0012835	#D57533	chr13
contig-0012836	#5699E9	chr9
contig-0012837	#D57533	chr13
contig-0012838	#D57533	chr13
contig-0012839	#0072B2	chr5
contig-0012840	#0072B2	chr5
contig-0012841	#0072B2	chr5
contig-0012842	#0072B2	chr5
contig-0012843	#0072B2	chr5
contig-0012844	#0072B2	chr5
contig-0012845	#0072B2	chr5
contig-0012846	#0072B2	chr5
contig-0012847	#5699E9	chr9
contig-0012848	#0072B2	chr5
contig-0012849	#0072B2	chr5
contig-0012850	#D57533	chr13
contig-0012851	#D57533	chr13
contig-0012852	#D57533	chr13
contig-0012853	#D57533	chr13
contig-0012854	#CC8DB3	chr11
contig-0012855	#0072B2	chr5
contig-0012856	#5699E9	chr9
contig-0012857	#0072B2	chr5
contig-0012858	#0072B2	chr5
contig-0012859	#0072B2	chr5
contig-0012860	#0072B2	chr5
contig-0012861	#1A7FBA	chr12
contig-0012862	#1A7FBA	chr12
contig-0012863	#1A7FBA	chr12
contig-0012864	#1A7FBA	chr12
contig-0012865	#1A7FBA	chr12
contig-0012866	#1A7FBA	chr12
contig-0012867	#5699E9	chr9
contig-0012868	#1A7FBA	chr12
contig-0012869	#00B28C	chr17
contig-0012870	#00B28C	chr17
contig-0012871	#00B28C	chr17
contig-0012872	#CC8DB3	chr11
contig-0012873	#CC79A7	chr4
contig-0012874	#666666	chr7
contig-0012875	#E6AB23	chr8
contig-0012876	#E6AB23	chr8
contig-0012877	#E6AB23	chr8
contig-0012878	#E6AB23	chr8
contig-0012879	#E6AB23	chr8
contig-0012880	#0072B2	chr5
contig-0012881	#0072B2	chr5
contig-0012882	#0072B2	chr5
contig-0012883	#666666	chr7
contig-0012884	#D55E00	chr6
contig-0012885	#D55E00	chr6
contig-0012886	#D55E00	chr6
contig-0012887	#D55E00	chr6
contig-0012888	#E69F00	chr1
contig-0012889	#E69F00	chr1
contig-0012890	#E69F00	chr1
contig-0012891	#E69F00	chr1
contig-0012892	#E69F00	chr1
contig-0012893	#666666	chr7
contig-0012894	#E6C47F	chr22
contig-0012895	#E6C47F	chr22
contig-0012896	#E6C47F	chr22
contig-0012897	#E6C47F	chr22
contig-0012898	#E6C47F	chr22
contig-0012899	#E6C47F	chr22
contig-0012900	#009E73	chr3
contig-0012901	#009E73	chr3
contig-0012902	#009E73	chr3
contig-0012903	#666666	chr7
contig-0012905	#009E73	chr3
contig-0012906	#009E73	chr3
contig-0012907	#009E73	chr3
contig-0012908	#009E73	chr3
contig-0012909	#009E73	chr3
contig-0012910	#CC79A7	chr4
contig-0012911	#CC79A7	chr4
contig-0012912	#CC79A7	chr4
contig-0012913	#CC79A7	chr4
contig-0012914	#666666	chr7
contig-0012915	#CC79A7	chr4
contig-0012916	#737373	chr14
contig-0012917	#737373	chr14
contig-0012918	#737373	chr14
contig-0012919	#737373	chr14
contig-0012920	#737373	chr14
contig-0012921	#E6AB23	chr8
contig-0012922	#E6AB23	chr8
contig-0012923	#E6AB23	chr8
contig-0012924	#E69F00	chr1
contig-0012925	#00B28C	chr17
contig-0012926	#E69F00	chr1
contig-0012927	#E69F00	chr1
contig-0012928	#E69F00	chr1
contig-0012929	#009E73	chr3
contig-0012930	#009E73	chr3
contig-0012931	#009E73	chr3
contig-0012932	#E69F00	chr1
contig-0012933	#E69F00	chr1
contig-0012934	#E69F00	chr1
contig-0012935	#00B28C	chr17
contig-0012936	#E69F00	chr1
contig-0012937	#CC8DB3	chr11
contig-0012938	#CC8DB3	chr11
contig-0012939	#CC8DB3	chr11
contig-0012940	#CC8DB3	chr11
contig-0012941	#00B28C	chr17
contig-0012942	#00B28C	chr17
contig-0012943	#00B28C	chr17
contig-0012944	#00B28C	chr17
contig-0012945	#00B28C	chr17
contig-0012946	#00B28C	chr17
contig-0012947	#00B28C	chr17
contig-0012948	#666666	chr7
contig-0012949	#666666	chr7
contig-0012950	#666666	chr7
contig-0012951	#00B28C	chr17
contig-0012952	#666666	chr7
contig-0012953	#666666	chr7
contig-0012954	#666666	chr7
contig-0012955	#666666	chr7
contig-0012956	#666666	chr7
contig-0012957	#E69F00	chr1
contig-0012958	#E69F00	chr1
contig-0012959	#E69F00	chr1
contig-0012960	#00B28C	chr17
contig-0012961	#E69F00	chr1
contig-0012962	#E69F00	chr1
contig-0012963	#00A880	chr10
contig-0012964	#00A880	chr10
contig-0012965	#00A880	chr10
contig-0012966	#00A880	chr10
contig-0012967	#00A880	chr10
contig-0012968	#D55E00	chr6
contig-0012969	#D55E00	chr6
contig-0012970	#D55E00	chr6
contig-0012971	#CC79A7	chr4
contig-0012972	#00B28C	chr17
contig-0012973	#E6C47F	chr22
contig-0012974	#E6C47F	chr22
contig-0012975	#E6C47F	chr22
contig-0012976	#E6C47F	chr22
contig-0012977	#E69F00	chr1
contig-0012978	#E69F00	chr1
contig-0012979	#E69F00	chr1
contig-0012980	#E69F00	chr1
contig-0012981	#E69F00	chr1
contig-0012982	#00B28C	chr17
contig-0012983	#CC79A7	chr4
contig-0012984	#CC79A7	chr4
contig-0012985	#CC79A7	chr4
contig-0012986	#CC79A7	chr4
contig-0012987	#CC79A7	chr4
contig-0012988	#CC79A7	chr4
contig-0012989	#56B4E9	chr2
contig-0012990	#56B4E9	chr2
contig-0012991	#56B4E9	chr2
contig-0012992	#56B4E9	chr2
contig-0012993	#00B28C	chr17
contig-0012994	#56B4E9	chr2
contig-0012995	#5699E9	chr9
contig-0012996	#5699E9	chr9
contig-0012997	#CC8DB3	chr11
contig-0012998	#CC8DB3	chr11
contig-0012999	#CC8DB3	chr11
contig-0013000	#00B28C	chr17
contig-0013001	#00B28C	chr17
contig-0013002	#00B28C	chr17
contig-0013003	#00B28C	chr17
contig-0013004	#00B28C	chr17
contig-0013005	#0072B2	chr5
contig-0013006	#0072B2	chr5
contig-0013007	#0072B2	chr5
contig-0013008	#0072B2	chr5
contig-0013009	#0072B2	chr5
contig-0013010	#0072B2	chr5
contig-0013012	#00A880	chr10
contig-0013013	#00A880	chr10
contig-0013014	#00A880	chr10
contig-0013015	#00A880	chr10
contig-0013016	#00A880	chr10
contig-0013017	#666666	chr7
contig-0013018	#666666	chr7
contig-0013019	#666666	chr7
contig-0013020	#567DE9	chr16
contig-0013021	#567DE9	chr16
contig-0013022	#CC8DB3	chr11
contig-0013023	#567DE9	chr16
contig-0013024	#8C564B	chrY
contig-0013025	#8C564B	chrY
contig-0013026	#8C564B	chrY
contig-0013027	#8C564B	chrY
contig-0013028	#CC8DB3	chr11
contig-0013029	#CC8DB3	chr11
contig-0013030	#CC8DB3	chr11
contig-0013031	#CC8DB3	chr11
contig-0013032	#CC8DB3	chr11
contig-0013033	#CC8DB3	chr11
contig-0013034	#CC8DB3	chr11
contig-0013035	#CC8DB3	chr11
contig-0013036	#E69F00	chr1
contig-0013037	#E69F00	chr1
contig-0013038	#E69F00	chr1
contig-0013039	#338CC2	chr19
contig-0013040	#CC79A7	chr4
contig-0013041	#567DE9	chr16
contig-0013042	#CC8DB3	chr11
contig-0013043	#567DE9	chr16
contig-0013044	#567DE9	chr16
contig-0013045	#567DE9	chr16
contig-0013046	#567DE9	chr16
contig-0013047	#567DE9	chr16
contig-0013048	#CC8DB3	chr11
contig-0013049	#CC8DB3	chr11
contig-0013050	#CC8DB3	chr11
contig-0013051	#CC8DB3	chr11
contig-0013052	#CC8DB3	chr11
contig-0013053	#CC8DB3	chr11
contig-0013054	#CC8DB3	chr11
contig-0013055	#D55E00	chr6
contig-0013056	#D55E00	chr6
contig-0013057	#D55E00	chr6
contig-0013058	#D55E00	chr6
contig-0013059	#D55E00	chr6
contig-0013060	#D58C66	chr20
contig-0013061	#D58C66	chr20
contig-0013062	#D58C66	chr20
contig-0013063	#D58C66	chr20
contig-0013064	#CC8DB3	chr11
contig-0013065	#D58C66	chr20
contig-0013066	#666666	chr7
contig-0013067	#666666	chr7
contig-0013068	#666666	chr7
contig-0013069	#666666	chr7
contig-0013070	#666666	chr7
contig-0013071	#56B4E9	chr2
contig-0013072	#56B4E9	chr2
contig-0013073	#56B4E9	chr2
contig-0013074	#56B4E9	chr2
contig-0013075	#CC79A7	chr4
contig-0013076	#00B28C	chr17
contig-0013077	#56B4E9	chr2
contig-0013078	#56B4E9	chr2
contig-0013079	#56B4E9	chr2
contig-0013080	#56B4E9	chr2
contig-0013081	#56B4E9	chr2
contig-0013082	#56B4E9	chr2
contig-0013083	#5699E9	chr9
contig-0013084	#5699E9	chr9
contig-0013085	#5699E9	chr9
contig-0013087	#5699E9	chr9
contig-0013088	#0072B2	chr5
contig-0013089	#0072B2	chr5
contig-0013090	#0072B2	chr5
contig-0013091	#0072B2	chr5
contig-0013092	#0072B2	chr5
contig-0013093	#0072B2	chr5
contig-0013094	#0072B2	chr5
contig-0013095	#5699E9	chr9
contig-0013096	#5699E9	chr9
contig-0013097	#E6C47F	chr22
contig-0013098	#5699E9	chr9
contig-0013099	#009E73	chr3
contig-0013100	#009E73	chr3
contig-0013101	#009E73	chr3
contig-0013102	#1A7FBA	chr12
contig-0013103	#1A7FBA	chr12
contig-0013104	#1A7FBA	chr12
contig-0013105	#1A7FBA	chr12
contig-0013106	#E6C47F	chr22
contig-0013107	#1A7FBA	chr12
contig-0013108	#1A7FBA	chr12
contig-0013109	#1A7FBA	chr12
contig-0013110	#1A7FBA	chr12
contig-0013111	#9467BD	chrX
contig-0013112	#9467BD	chrX
contig-0013113	#9467BD	chrX
contig-0013114	#E6C47F	chr22
contig-0013115	#9467BD	chrX
contig-0013116	#9467BD	chrX
contig-0013117	#009E73	chr3
contig-0013118	#009E73	chr3
contig-0013119	#009E73	chr3
contig-0013120	#009E73	chr3
contig-0013121	#009E73	chr3
contig-0013122	#D57533	chr13
contig-0013123	#D57533	chr13
contig-0013124	#737373	chr14
contig-0013125	#D57533	chr13
contig-0013126	#D57533	chr13
contig-0013127	#D57533	chr13
contig-0013128	#567DE9	chr16
contig-0013129	#567DE9	chr16
contig-0013130	#567DE9	chr16
contig-0013131	#567DE9	chr16
contig-0013132	#567DE9	chr16
contig-0013133	#567DE9	chr16
contig-0013134	#E6C47F	chr22
contig-0013135	#1A7FBA	chr12
contig-0013136	#567DE9	chr16
contig-0013137	#567DE9	chr16
contig-0013138	#567DE9	chr16
contig-0013139	#567DE9	chr16
contig-0013140	#E69F00	chr1
contig-0013141	#E69F00	chr1
contig-0013142	#E6C47F	chr22
contig-0013143	#E69F00	chr1
contig-0013144	#E69F00	chr1
contig-0013145	#E69F00	chr1
contig-0013146	#CC8DB3	chr11
contig-0013147	#CC8DB3	chr11
contig-0013148	#CC8DB3	chr11
contig-0013149	#CC8DB3	chr11
contig-0013150	#CC8DB3	chr11
contig-0013151	#338CC2	chr19
contig-0013152	#338CC2	chr19
contig-0013153	#808080	chr21
contig-0013154	#00A880	chr10
contig-0013155	#00A880	chr10
contig-0013156	#00A880	chr10
contig-0013157	#00A880	chr10
contig-0013158	#00A880	chr10
contig-0013159	#CC8DB3	chr11
contig-0013160	#CC8DB3	chr11
contig-0013161	#CC8DB3	chr11
contig-0013162	#CC8DB3	chr11
contig-0013163	#CC8DB3	chr11
contig-0013164	#E6C47F	chr22
contig-0013165	#567DE9	chr16
contig-0013166	#567DE9	chr16
contig-0013167	#567DE9	chr16
contig-0013168	#E6C47F	chr22
contig-0013169	#E6B847	chr15
contig-0013170	#E69F00	chr1
contig-0013171	#E69F00	chr1
contig-0013172	#E69F00	chr1
contig-0013173	#E69F00	chr1
contig-0013174	#E69F00	chr1
contig-0013175	#CC79A7	chr4
contig-0013176	#E6C47F	chr22
contig-0013177	#5699E9	chr9
contig-0013178	#5699E9	chr9
contig-0013179	#666666	chr7
contig-0013180	#666666	chr7
contig-0013181	#666666	chr7
contig-0013182	#666666	chr7
contig-0013183	#666666	chr7
contig-0013184	#666666	chr7
contig-0013185	#E6C47F	chr22
contig-0013186	#666666	chr7
contig-0013187	#E6C47F	chr22
contig-0013188	#E6C47F	chr22
contig-0013189	#CC79A7	chr4
contig-0013190	#CC79A7	chr4
contig-0013191	#CC79A7	chr4
contig-0013192	#CC79A7	chr4
contig-0013193	#CC79A7	chr4
contig-0013194	#CCA0BF	chr18
contig-0013195	#E6C47F	chr22
contig-0013196	#CCA0BF	chr18
contig-0013197	#CCA0BF	chr18
contig-0013198	#737373	chr14
contig-0013199	#737373	chr14
contig-0013200	#737373	chr14
contig-0013201	#737373	chr14
contig-0013202	#737373	chr14
contig-0013203	#737373	chr14
contig-0013204	#737373	chr14
contig-0013205	#737373	chr14
contig-0013206	#E6C47F	chr22
contig-0013207	#737373	chr14
contig-0013208	#737373	chr14
contig-0013209	#666666	chr7
contig-0013210	#666666	chr7
contig-0013211	#666666	chr7
contig-0013212	#666666	chr7
contig-0013213	#0072B2	chr5
contig-0013214	#0072B2	chr5
contig-0013215	#0072B2	chr5
contig-0013216	#CC8DB3	chr11
contig-0013217	#0072B2	chr5
contig-0013218	#0072B2	chr5
contig-0013219	#0072B2	chr5
contig-0013220	#0072B2	chr5
contig-0013221	#0072B2	chr5
contig-0013222	#0072B2	chr5
contig-0013223	#0072B2	chr5
contig-0013224	#00A880	chr10
contig-0013225	#009E73	chr3
contig-0013226	#CC8DB3	chr11
contig-0013227	#009E73	chr3
contig-0013228	#009E73	chr3
contig-0013229	#009E73	chr3
contig-0013230	#009E73	chr3
contig-0013231	#CCA0BF	chr18
contig-0013232	#CCA0BF	chr18
contig-0013233	#CCA0BF	chr18
contig-0013234	#338CC2	chr19
contig-0013235	#338CC2	chr19
contig-0013236	#D57533	chr13
contig-0013237	#338CC2	chr19
contig-0013238	#D57533	chr13
contig-0013239	#D57533	chr13
contig-0013240	#D57533	chr13
contig-0013241	#D57533	chr13
contig-0013242	#D57533	chr13
contig-0013243	#CC8DB3	chr11
contig-0013244	#CC8DB3	chr11
contig-0013245	#CC8DB3	chr11
contig-0013246	#CC8DB3	chr11
contig-0013247	#009E73	chr3
contig-0013248	#CC8DB3	chr11
contig-0013250	#009E73	chr3
contig-0013251	#009E73	chr3
contig-0013252	#009E73	chr3
contig-0013253	#009E73	chr3
contig-0013254	#D55E00	chr6
contig-0013255	#D55E00	chr6
contig-0013256	#D55E00	chr6
contig-0013257	#D57533	chr13
contig-0013258	#E69F00	chr1
contig-0013259	#E69F00	chr1
contig-0013260	#CCA0BF	chr18
contig-0013261	#CCA0BF	chr18
contig-0013262	#CCA0BF	chr18
contig-0013263	#CCA0BF	chr18
contig-0013264	#CCA0BF	chr18
contig-0013265	#CC79A7	chr4
contig-0013266	#E69F00	chr1
contig-0013267	#E69F00	chr1
contig-0013268	#E69F00	chr1
contig-0013269	#E69F00	chr1
contig-0013270	#E69F00	chr1
contig-0013271	#808080	chr21
contig-0013272	#808080	chr21
contig-0013273	#808080	chr21
contig-0013274	#E6AB23	chr8
contig-0013275	#E6AB23	chr8
contig-0013276	#CC79A7	chr4
contig-0013277	#808080	chr21
contig-0013278	#E6AB23	chr8
contig-0013279	#E6AB23	chr8
contig-0013280	#E6AB23	chr8
contig-0013281	#56B4E9	chr2
contig-0013282	#56B4E9	chr2
contig-0013283	#56B4E9	chr2
contig-0013284	#D55E00	chr6
contig-0013285	#D55E00	chr6
contig-0013286	#D55E00	chr6
contig-0013287	#D55E00	chr6
contig-0013288	#CC8DB3	chr11
contig-0013289	#D55E00	chr6
contig-0013290	#CC79A7	chr4
contig-0013291	#CC79A7	chr4
contig-0013292	#CC79A7	chr4
contig-0013293	#CC79A7	chr4
contig-0013294	#CC79A7	chr4
contig-0013295	#CC8DB3	chr11
contig-0013296	#CC8DB3	chr11
contig-0013297	#CC8DB3	chr11
contig-0013298	#5699E9	chr9
contig-0013299	#CC8DB3	chr11
contig-0013300	#5699E9	chr9
contig-0013301	#5699E9	chr9
contig-0013302	#5699E9	chr9
contig-0013303	#5699E9	chr9
contig-0013304	#E69F00	chr1
contig-0013305	#E69F00	chr1
contig-0013306	#5699E9	chr9
contig-0013307	#5699E9	chr9
contig-0013308	#5699E9	chr9
contig-0013309	#CC8DB3	chr11
contig-0013310	#5699E9	chr9
contig-0013311	#5699E9	chr9
contig-0013312	#CC79A7	chr4
contig-0013313	#CC79A7	chr4
contig-0013314	#CC79A7	chr4
contig-0013315	#CC79A7	chr4
contig-0013316	#CC79A7	chr4
contig-0013317	#00B28C	chr17
contig-0013318	#00B28C	chr17
contig-0013319	#00B28C	chr17
contig-0013320	#009E73	chr3
contig-0013321	#00B28C	chr17
contig-0013322	#00B28C	chr17
contig-0013323	#0072B2	chr5
contig-0013324	#0072B2	chr5
contig-0013325	#0072B2	chr5
contig-0013326	#0072B2	chr5
contig-0013327	#0072B2	chr5
contig-0013328	#00B28C	chr17
contig-0013329	#00B28C	chr17
contig-0013330	#009E73	chr3
contig-0013331	#009E73	chr3
contig-0013332	#009E73	chr3
contig-0013333	#009E73	chr3
contig-0013334	#009E73	chr3
contig-0013335	#009E73	chr3
contig-0013336	#009E73	chr3
contig-0013337	#009E73	chr3
contig-0013338	#009E73	chr3
contig-0013339	#0072B2	chr5
contig-0013340	#737373	chr14
contig-0013341	#0072B2	chr5
contig-0013342	#0072B2	chr5
contig-0013343	#0072B2	chr5
contig-0013344	#0072B2	chr5
contig-0013345	#00B28C	chr17
contig-0013346	#00B28C	chr17
contig-0013347	#00B28C	chr17
contig-0013348	#00B28C	chr17
contig-0013349	#00B28C	chr17
contig-0013350	#00B28C	chr17
contig-0013351	#E6C47F	chr22
contig-0013352	#00B28C	chr17
contig-0013353	#00B28C	chr17
contig-0013354	#00B28C	chr17
contig-0013355	#56B4E9	chr2
contig-0013356	#56B4E9	chr2
contig-0013357	#56B4E9	chr2
contig-0013358	#56B4E9	chr2
contig-0013359	#56B4E9	chr2
contig-0013360	#D58C66	chr20
contig-0013361	#D58C66	chr20
contig-0013362	#E6C47F	chr22
contig-0013363	#D58C66	chr20
contig-0013364	#009E73	chr3
contig-0013365	#009E73	chr3
contig-0013366	#009E73	chr3
contig-0013367	#009E73	chr3
contig-0013368	#009E73	chr3
contig-0013369	#666666	chr7
contig-0013370	#666666	chr7
contig-0013371	#737373	chr14
contig-0013372	#666666	chr7
contig-0013373	#E6AB23	chr8
contig-0013374	#E6AB23	chr8
contig-0013375	#E6AB23	chr8
contig-0013376	#E6AB23	chr8
contig-0013377	#E6AB23	chr8
contig-0013378	#0072B2	chr5
contig-0013379	#0072B2	chr5
contig-0013380	#0072B2	chr5
contig-0013381	#0072B2	chr5
contig-0013382	#CC79A7	chr4
contig-0013383	#737373	chr14
contig-0013384	#0072B2	chr5
contig-0013385	#0072B2	chr5
contig-0013386	#0072B2	chr5
contig-0013387	#1A7FBA	chr12
contig-0013388	#1A7FBA	chr12
contig-0013389	#1A7FBA	chr12
contig-0013390	#1A7FBA	chr12
contig-0013391	#1A7FBA	chr12
contig-0013392	#56B4E9	chr2
contig-0013393	#E69F00	chr1
contig-0013394	#E69F00	chr1
contig-0013395	#E69F00	chr1
contig-0013396	#E69F00	chr1
contig-0013397	#E69F00	chr1
contig-0013398	#D55E00	chr6
contig-0013399	#D55E00	chr6
contig-0013400	#D55E00	chr6
contig-0013401	#D55E00	chr6
contig-0013402	#D55E00	chr6
contig-0013403	#56B4E9	chr2
contig-0013404	#567DE9	chr16
contig-0013405	#567DE9	chr16
contig-0013406	#567DE9	chr16
contig-0013407	#567DE9	chr16
contig-0013408	#567DE9	chr16
contig-0013409	#567DE9	chr16
contig-0013410	#567DE9	chr16
contig-0013411	#0072B2	chr5
contig-0013412	#0072B2	chr5
contig-0013413	#56B4E9	chr2
contig-0013414	#0072B2	chr5
contig-0013415	#0072B2	chr5
contig-0013416	#0072B2	chr5
contig-0013417	#0072B2	chr5
contig-0013418	#0072B2	chr5
contig-0013419	#0072B2	chr5
contig-0013420	#0072B2	chr5
contig-0013421	#737373	chr14
contig-0013422	#737373	chr14
contig-0013423	#737373	chr14
contig-0013424	#56B4E9	chr2
contig-0013425	#D55E00	chr6
contig-0013426	#D55E00	chr6
contig-0013427	#D55E00	chr6
contig-0013428	#D55E00	chr6
contig-0013429	#D55E00	chr6
contig-0013430	#CC79A7	chr4
contig-0013431	#CC79A7	chr4
contig-0013432	#CC79A7	chr4
contig-0013433	#CC79A7	chr4
contig-0013434	#CC79A7	chr4
contig-0013435	#56B4E9	chr2
contig-0013436	#E69F00	chr1
contig-0013437	#E69F00	chr1
contig-0013438	#E69F00	chr1
contig-0013439	#009E73	chr3
contig-0013440	#009E73	chr3
contig-0013441	#009E73	chr3
contig-0013442	#009E73	chr3
contig-0013443	#CC8DB3	chr11
contig-0013444	#CC8DB3	chr11
contig-0013445	#CC8DB3	chr11
contig-0013446	#CC8DB3	chr11
contig-0013447	#CC8DB3	chr11
contig-0013448	#E6B847	chr15
contig-0013449	#E6B847	chr15
contig-0013450	#E6B847	chr15
contig-0013451	#E6B847	chr15
contig-0013452	#E6B847	chr15
contig-0013453	#E6B847	chr15
contig-0013454	#E6B847	chr15
contig-0013455	#009E73	chr3
contig-0013456	#009E73	chr3
contig-0013457	#009E73	chr3
contig-0013458	#009E73	chr3
contig-0013459	#009E73	chr3
contig-0013460	#009E73	chr3
contig-0013461	#009E73	chr3
contig-0013462	#009E73	chr3
contig-0013463	#009E73	chr3
contig-0013464	#CC8DB3	chr11
contig-0013465	#5699E9	chr9
contig-0013466	#5699E9	chr9
contig-0013467	#5699E9	chr9
contig-0013468	#5699E9	chr9
contig-0013469	#5699E9	chr9
contig-0013470	#D55E00	chr6
contig-0013471	#D55E00	chr6
contig-0013472	#D55E00	chr6
contig-0013473	#D55E00	chr6
contig-0013474	#D55E00	chr6
contig-0013475	#E6AB23	chr8
contig-0013476	#D58C66	chr20
contig-0013477	#D58C66	chr20
contig-0013478	#D58C66	chr20
contig-0013479	#009E73	chr3
contig-0013480	#009E73	chr3
contig-0013481	#009E73	chr3
contig-0013482	#009E73	chr3
contig-0013483	#009E73	chr3
contig-0013484	#CC8DB3	chr11
contig-0013485	#CC8DB3	chr11
contig-0013486	#5699E9	chr9
contig-0013487	#E6AB23	chr8
contig-0013488	#CC8DB3	chr11
contig-0013489	#CC8DB3	chr11
contig-0013491	#009E73	chr3
contig-0013492	#009E73	chr3
contig-0013493	#009E73	chr3
contig-0013494	#009E73	chr3
contig-0013495	#009E73	chr3
contig-0013496	#009E73	chr3
contig-0013497	#E6AB23	chr8
contig-0013498	#009E73	chr3
contig-0013499	#737373	chr14
contig-0013500	#737373	chr14
contig-0013501	#737373	chr14
contig-0013502	#737373	chr14
contig-0013503	#737373	chr14
contig-0013504	#9467BD	chrX
contig-0013505	#00A880	chr10
contig-0013506	#00A880	chr10
contig-0013507	#00A880	chr10
contig-0013508	#E6AB23	chr8
contig-0013509	#00A880	chr10
contig-0013510	#00A880	chr10
contig-0013511	#5699E9	chr9
contig-0013512	#00B28C	chr17
contig-0013513	#00B28C	chr17
contig-0013514	#00B28C	chr17
contig-0013515	#00B28C	chr17
contig-0013516	#00B28C	chr17
contig-0013517	#00B28C	chr17
contig-0013518	#E6AB23	chr8
contig-0013519	#00B28C	chr17
contig-0013520	#567DE9	chr16
contig-0013521	#567DE9	chr16
contig-0013522	#567DE9	chr16
contig-0013523	#567DE9	chr16
contig-0013524	#666666	chr7
contig-0013525	#666666	chr7
contig-0013526	#666666	chr7
contig-0013527	#666666	chr7
contig-0013528	#666666	chr7
contig-0013529	#56B4E9	chr2
contig-0013530	#CC8DB3	chr11
contig-0013531	#CC8DB3	chr11
contig-0013532	#CC8DB3	chr11
contig-0013533	#CC8DB3	chr11
contig-0013534	#CC8DB3	chr11
contig-0013535	#E69F00	chr1
contig-0013536	#E69F00	chr1
contig-0013537	#E6B847	chr15
contig-0013538	#E6B847	chr15
contig-0013539	#E6B847	chr15
contig-0013540	#56B4E9	chr2
contig-0013541	#E6B847	chr15
contig-0013542	#E6B847	chr15
contig-0013543	#1A7FBA	chr12
contig-0013544	#1A7FBA	chr12
contig-0013545	#1A7FBA	chr12
contig-0013546	#1A7FBA	chr12
contig-0013547	#1A7FBA	chr12
contig-0013548	#56B4E9	chr2
contig-0013549	#56B4E9	chr2
contig-0013550	#56B4E9	chr2
contig-0013551	#56B4E9	chr2
contig-0013552	#56B4E9	chr2
contig-0013553	#009E73	chr3
contig-0013554	#009E73	chr3
contig-0013555	#009E73	chr3
contig-0013556	#009E73	chr3
contig-0013557	#009E73	chr3
contig-0013558	#009E73	chr3
contig-0013559	#009E73	chr3
contig-0013560	#009E73	chr3
contig-0013561	#56B4E9	chr2
contig-0013562	#009E73	chr3
contig-0013563	#009E73	chr3
contig-0013564	#009E73	chr3
contig-0013565	#009E73	chr3
contig-0013566	#00A880	chr10
contig-0013567	#00A880	chr10
contig-0013568	#00A880	chr10
contig-0013569	#00A880	chr10
contig-0013570	#56B4E9	chr2
contig-0013571	#E6C47F	chr22
contig-0013572	#808080	chr21
contig-0013573	#666666	chr7
contig-0013574	#0072B2	chr5
contig-0013575	#0072B2	chr5
contig-0013576	#0072B2	chr5
contig-0013577	#0072B2	chr5
contig-0013578	#0072B2	chr5
contig-0013579	#CC79A7	chr4
contig-0013580	#567DE9	chr16
contig-0013581	#CC79A7	chr4
contig-0013582	#CC79A7	chr4
contig-0013583	#CC79A7	chr4
contig-0013584	#CC79A7	chr4
contig-0013585	#E6AB23	chr8
contig-0013586	#E6AB23	chr8
contig-0013587	#E6AB23	chr8
contig-0013588	#E6AB23	chr8
contig-0013589	#0072B2	chr5
contig-0013590	#5699E9	chr9
contig-0013591	#567DE9	chr16
contig-0013592	#0072B2	chr5
contig-0013593	#0072B2	chr5
contig-0013594	#0072B2	chr5
contig-0013595	#0072B2	chr5
contig-0013596	#D58C66	chr20
contig-0013597	#D58C66	chr20
contig-0013598	#D58C66	chr20
contig-0013599	#0072B2	chr5
contig-0013600	#567DE9	chr16
contig-0013601	#0072B2	chr5
contig-0013602	#0072B2	chr5
contig-0013603	#CC8DB3	chr11
contig-0013604	#CC8DB3	chr11
contig-0013605	#CC8DB3	chr11
contig-0013606	#CC8DB3	chr11
contig-0013607	#8C564B	chrY
contig-0013608	#8C564B	chrY
contig-0013609	#8C564B	chrY
contig-0013610	#567DE9	chr16
contig-0013611	#8C564B	chrY
contig-0013612	#8C564B	chrY
contig-0013613	#8C564B	chrY
contig-0013614	#D57533	chr13
contig-0013615	#D57533	chr13
contig-0013616	#D57533	chr13
contig-0013617	#D57533	chr13
contig-0013618	#D57533	chr13
contig-0013619	#009E73	chr3
contig-0013620	#009E73	chr3
contig-0013621	#567DE9	chr16
contig-0013622	#009E73	chr3
contig-0013623	#009E73	chr3
contig-0013624	#009E73	chr3
contig-0013625	#00B28C	chr17
contig-0013626	#00B28C	chr17
contig-0013627	#00B28C	chr17
contig-0013628	#00B28C	chr17
contig-0013629	#338CC2	chr19
contig-0013630	#338CC2	chr19
contig-0013631	#338CC2	chr19
contig-0013632	#567DE9	chr16
contig-0013633	#338CC2	chr19
contig-0013634	#338CC2	chr19
contig-0013635	#00A880	chr10
contig-0013636	#00A880	chr10
contig-0013637	#00A880	chr10
contig-0013638	#00A880	chr10
contig-0013639	#00A880	chr10
contig-0013640	#D55E00	chr6
contig-0013641	#D55E00	chr6
contig-0013642	#D55E00	chr6
contig-0013643	#567DE9	chr16
contig-0013644	#D55E00	chr6
contig-0013645	#D55E00	chr6
contig-0013646	#808080	chr21
contig-0013647	#808080	chr21
contig-0013648	#808080	chr21
contig-0013649	#808080	chr21
contig-0013650	#808080	chr21
contig-0013651	#5699E9	chr9
contig-0013652	#5699E9	chr9
contig-0013653	#5699E9	chr9
contig-0013654	#567DE9	chr16
contig-0013655	#CC79A7	chr4
contig-0013656	#CC79A7	chr4
contig-0013657	#CC79A7	chr4
contig-0013658	#CC79A7	chr4
contig-0013659	#CC79A7	chr4
contig-0013660	#009E73	chr3
contig-0013661	#009E73	chr3
contig-0013662	#009E73	chr3
contig-0013663	#009E73	chr3
contig-0013664	#009E73	chr3
contig-0013665	#567DE9	chr16
contig-0013666	#009E73	chr3
contig-0013667	#009E73	chr3
contig-0013668	#009E73	chr3
contig-0013669	#009E73	chr3
contig-0013670	#CCA0BF	chr18
contig-0013671	#CCA0BF	chr18
contig-0013672	#CCA0BF	chr18
contig-0013673	#CCA0BF	chr18
contig-0013674	#CCA0BF	chr18
contig-0013675	#00A880	chr10
contig-0013676	#00A880	chr10
contig-0013677	#00A880	chr10
contig-0013678	#00A880	chr10
contig-0013679	#00A880	chr10
contig-0013680	#00A880	chr10
contig-0013681	#56B4E9	chr2
contig-0013682	#56B4E9	chr2
contig-0013683	#56B4E9	chr2
contig-0013684	#56B4E9	chr2
contig-0013685	#00A880	chr10
contig-0013686	#CC8DB3	chr11
contig-0013687	#CC8DB3	chr11
contig-0013688	#CC8DB3	chr11
contig-0013689	#CC8DB3	chr11
contig-0013690	#CC8DB3	chr11
contig-0013691	#56B4E9	chr2
contig-0013692	#56B4E9	chr2
contig-0013693	#56B4E9	chr2
contig-0013694	#56B4E9	chr2
contig-0013695	#5699E9	chr9
contig-0013696	#E69F00	chr1
contig-0013697	#E69F00	chr1
contig-0013698	#E69F00	chr1
contig-0013699	#1A7FBA	chr12
contig-0013700	#1A7FBA	chr12
contig-0013701	#1A7FBA	chr12
contig-0013702	#009E73	chr3
contig-0013703	#009E73	chr3
contig-0013704	#009E73	chr3
contig-0013705	#5699E9	chr9
contig-0013706	#00A880	chr10
contig-0013707	#5699E9	chr9
contig-0013708	#5699E9	chr9
contig-0013709	#56B4E9	chr2
contig-0013710	#56B4E9	chr2
contig-0013711	#56B4E9	chr2
contig-0013712	#56B4E9	chr2
contig-0013713	#56B4E9	chr2
contig-0013714	#00A880	chr10
contig-0013715	#CC8DB3	chr11
contig-0013716	#CC8DB3	chr11
contig-0013717	#CC8DB3	chr11
contig-0013718	#CC8DB3	chr11
contig-0013719	#CCA0BF	chr18
contig-0013720	#CCA0BF	chr18
contig-0013721	#CCA0BF	chr18
contig-0013722	#00B28C	chr17
contig-0013723	#00B28C	chr17
contig-0013724	#E6B847	chr15
contig-0013725	#00B28C	chr17
contig-0013726	#00B28C	chr17
contig-0013727	#D58C66	chr20
contig-0013728	#D58C66	chr20
contig-0013729	#D58C66	chr20
contig-0013730	#D58C66	chr20
contig-0013731	#D58C66	chr20
contig-0013732	#5699E9	chr9
contig-0013733	#5699E9	chr9
contig-0013734	#E6B847	chr15
contig-0013735	#5699E9	chr9
contig-0013736	#808080	chr21
contig-0013737	#808080	chr21
contig-0013738	#E6B847	chr15
contig-0013739	#E6B847	chr15
contig-0013740	#E6B847	chr15
contig-0013741	#D55E00	chr6
contig-0013742	#D55E00	chr6
contig-0013743	#D55E00	chr6
contig-0013744	#D55E00	chr6
contig-0013745	#E6B847	chr15
contig-0013746	#D55E00	chr6
contig-0013747	#009E73	chr3
contig-0013748	#009E73	chr3
contig-0013749	#009E73	chr3
contig-0013750	#5699E9	chr9
contig-0013751	#5699E9	chr9
contig-0013752	#5699E9	chr9
contig-0013753	#D55E00	chr6
contig-0013754	#D55E00	chr6
contig-0013755	#D55E00	chr6
contig-0013756	#D55E00	chr6
contig-0013757	#D55E00	chr6
contig-0013758	#D55E00	chr6
contig-0013759	#D55E00	chr6
contig-0013760	#E6AB23	chr8
contig-0013761	#E6AB23	chr8
contig-0013762	#E6AB23	chr8
contig-0013763	#E6AB23	chr8
contig-0013764	#E6B847	chr15
contig-0013765	#E6AB23	chr8
contig-0013766	#56B4E9	chr2
contig-0013767	#56B4E9	chr2
contig-0013768	#56B4E9	chr2
contig-0013769	#56B4E9	chr2
contig-0013770	#E6AB23	chr8
contig-0013771	#E6AB23	chr8
contig-0013772	#E6AB23	chr8
contig-0013773	#E6AB23	chr8
contig-0013774	#E6B847	chr15
contig-0013775	#E6AB23	chr8
contig-0013776	#666666	chr7
contig-0013777	#666666	chr7
contig-0013778	#666666	chr7
contig-0013779	#666666	chr7
contig-0013780	#666666	chr7
contig-0013781	#666666	chr7
contig-0013782	#666666	chr7
contig-0013783	#E6B847	chr15
contig-0013784	#666666	chr7
contig-0013785	#666666	chr7
contig-0013786	#666666	chr7
contig-0013787	#737373	chr14
contig-0013788	#737373	chr14
contig-0013789	#737373	chr14
contig-0013790	#737373	chr14
contig-0013791	#737373	chr14
contig-0013792	#737373	chr14
contig-0013793	#737373	chr14
contig-0013794	#737373	chr14
contig-0013795	#737373	chr14
contig-0013796	#737373	chr14
contig-0013797	#737373	chr14
contig-0013798	#CC8DB3	chr11
contig-0013799	#CC8DB3	chr11
contig-0013800	#CC8DB3	chr11
contig-0013801	#E6B847	chr15
contig-0013802	#CC8DB3	chr11
contig-0013803	#5699E9	chr9
contig-0013804	#5699E9	chr9
contig-0013805	#5699E9	chr9
contig-0013806	#5699E9	chr9
contig-0013807	#5699E9	chr9
contig-0013808	#00A880	chr10
contig-0013809	#00A880	chr10
contig-0013810	#E6B847	chr15
contig-0013811	#00A880	chr10
contig-0013812	#00A880	chr10
contig-0013813	#00A880	chr10
contig-0013814	#E6B847	chr15
contig-0013815	#E6B847	chr15
contig-0013816	#E6B847	chr15
contig-0013817	#E6B847	chr15
contig-0013818	#E6B847	chr15
contig-0013819	#666666	chr7
contig-0013820	#E6B847	chr15
contig-0013821	#666666	chr7
contig-0013822	#666666	chr7
contig-0013823	#8C564B	chrY
contig-0013824	#00B28C	chr17
contig-0013825	#00B28C	chr17
contig-0013826	#00B28C	chr17
contig-0013827	#00B28C	chr17
contig-0013828	#00B28C	chr17
contig-0013829	#009E73	chr3
contig-0013830	#00B28C	chr17
contig-0013831	#009E73	chr3
contig-0013832	#009E73	chr3
contig-0013833	#009E73	chr3
contig-0013834	#009E73	chr3
contig-0013835	#D55E00	chr6
contig-0013836	#D55E00	chr6
contig-0013837	#D55E00	chr6
contig-0013838	#E6AB23	chr8
contig-0013839	#E6AB23	chr8
contig-0013840	#E6AB23	chr8
contig-0013841	#00B28C	chr17
contig-0013842	#E6AB23	chr8
contig-0013843	#E6AB23	chr8
contig-0013844	#737373	chr14
contig-0013845	#737373	chr14
contig-0013846	#737373	chr14
contig-0013847	#737373	chr14
contig-0013848	#737373	chr14
contig-0013849	#338CC2	chr19
contig-0013850	#338CC2	chr19
contig-0013851	#338CC2	chr19
contig-0013852	#00B28C	chr17
contig-0013853	#338CC2	chr19
contig-0013854	#338CC2	chr19
contig-0013855	#00A880	chr10
contig-0013856	#00A880	chr10
contig-0013857	#00A880	chr10
contig-0013858	#00A880	chr10
contig-0013859	#00A880	chr10
contig-0013860	#1A7FBA	chr12
contig-0013861	#1A7FBA	chr12
contig-0013862	#1A7FBA	chr12
contig-0013863	#00B28C	chr17
contig-0013864	#1A7FBA	chr12
contig-0013865	#1A7FBA	chr12
contig-0013866	#567DE9	chr16
contig-0013867	#567DE9	chr16
contig-0013868	#567DE9	chr16
contig-0013869	#00B28C	chr17
contig-0013870	#00B28C	chr17
contig-0013871	#00B28C	chr17
contig-0013872	#00B28C	chr17
contig-0013873	#00B28C	chr17
contig-0013874	#00B28C	chr17
contig-0013875	#00B28C	chr17
contig-0013876	#00B28C	chr17
contig-0013877	#56B4E9	chr2
contig-0013878	#56B4E9	chr2
contig-0013879	#56B4E9	chr2
contig-0013880	#56B4E9	chr2
contig-0013881	#5699E9	chr9
contig-0013882	#5699E9	chr9
contig-0013883	#CC8DB3	chr11
contig-0013884	#5699E9	chr9
contig-0013885	#E6AB23	chr8
contig-0013886	#E6AB23	chr8
contig-0013887	#E6AB23	chr8
contig-0013888	#E6AB23	chr8
contig-0013889	#E6AB23	chr8
contig-0013890	#00A880	chr10
contig-0013891	#00A880	chr10
contig-0013892	#CC8DB3	chr11
contig-0013893	#00A880	chr10
contig-0013894	#00A880	chr10
contig-0013895	#00A880	chr10
contig-0013896	#E6AB23	chr8
contig-0013897	#E6AB23	chr8
contig-0013898	#E6AB23	chr8
contig-0013899	#E6AB23	chr8
contig-0013900	#E6AB23	chr8
contig-0013901	#56B4E9	chr2
contig-0013902	#E6AB23	chr8
contig-0013903	#E6AB23	chr8
contig-0013904	#E6AB23	chr8
contig-0013905	#E6AB23	chr8
contig-0013906	#00A880	chr10
contig-0013907	#00A880	chr10
contig-0013908	#00A880	chr10
contig-0013909	#00A880	chr10
contig-0013910	#00A880	chr10
contig-0013911	#E6B847	chr15
contig-0013912	#56B4E9	chr2
contig-0013913	#808080	chr21
contig-0013914	#808080	chr21
contig-0013915	#E6C47F	chr22
contig-0013916	#E6C47F	chr22
contig-0013917	#808080	chr21
contig-0013918	#808080	chr21
contig-0013919	#808080	chr21
contig-0013920	#56B4E9	chr2
contig-0013921	#E6C47F	chr22
contig-0013922	#009E73	chr3
contig-0013923	#009E73	chr3
contig-0013924	#009E73	chr3
contig-0013925	#E69F00	chr1
contig-0013926	#E69F00	chr1
contig-0013927	#E69F00	chr1
contig-0013928	#737373	chr14
contig-0013929	#737373	chr14
contig-0013930	#737373	chr14
contig-0013931	#00A880	chr10
contig-0013932	#00A880	chr10
contig-0013933	#00A880	chr10
contig-0013934	#00A880	chr10
contig-0013935	#00A880	chr10
contig-0013936	#56B4E9	chr2
contig-0013937	#56B4E9	chr2
contig-0013938	#56B4E9	chr2
contig-0013939	#56B4E9	chr2
contig-0013940	#56B4E9	chr2
contig-0013941	#56B4E9	chr2
contig-0013942	#56B4E9	chr2
contig-0013943	#56B4E9	chr2
contig-0013944	#56B4E9	chr2
contig-0013945	#CC79A7	chr4
contig-0013946	#CC79A7	chr4
contig-0013947	#CC79A7	chr4
contig-0013948	#56B4E9	chr2
contig-0013949	#CC79A7	chr4
contig-0013950	#CC79A7	chr4
contig-0013951	#567DE9	chr16
contig-0013952	#567DE9	chr16
contig-0013953	#567DE9	chr16
contig-0013954	#567DE9	chr16
contig-0013955	#567DE9	chr16
contig-0013956	#E6AB23	chr8
contig-0013957	#56B4E9	chr2
contig-0013958	#E6AB23	chr8
contig-0013959	#E6AB23	chr8
contig-0013960	#E6AB23	chr8
contig-0013961	#E6AB23	chr8
contig-0013962	#56B4E9	chr2
contig-0013963	#56B4E9	chr2
contig-0013964	#56B4E9	chr2
contig-0013965	#56B4E9	chr2
contig-0013966	#56B4E9	chr2
contig-0013967	#E6C47F	chr22
contig-0013968	#56B4E9	chr2
contig-0013969	#E6C47F	chr22
contig-0013970	#E6C47F	chr22
contig-0013971	#E6C47F	chr22
contig-0013972	#D57533	chr13
contig-0013973	#D57533	chr13
contig-0013974	#D57533	chr13
contig-0013975	#D57533	chr13
contig-0013976	#D57533	chr13
contig-0013977	#56B4E9	chr2
contig-0013978	#E6B847	chr15
contig-0013979	#E6B847	chr15
contig-0013980	#E6B847	chr15
contig-0013981	#D57533	chr13
contig-0013982	#D57533	chr13
contig-0013983	#D57533	chr13
contig-0013984	#D57533	chr13
contig-0013985	#D57533	chr13
contig-0013986	#D57533	chr13
contig-0013987	#D57533	chr13
contig-0013988	#E6AB23	chr8
contig-0013989	#56B4E9	chr2
contig-0013990	#D57533	chr13
contig-0013991	#D57533	chr13
contig-0013992	#CC79A7	chr4
contig-0013993	#CC79A7	chr4
contig-0013994	#CC79A7	chr4
contig-0013995	#CC79A7	chr4
contig-0013996	#CC79A7	chr4
contig-0013997	#E69F00	chr1
contig-0013998	#E69F00	chr1
contig-0013999	#E69F00	chr1
contig-0014000	#CC79A7	chr4
contig-0014001	#E69F00	chr1
contig-0014002	#E69F00	chr1
contig-0014003	#E69F00	chr1
contig-0014004	#E69F00	chr1
contig-0014005	#E69F00	chr1
contig-0014006	#E69F00	chr1
contig-0014007	#CC79A7	chr4
contig-0014008	#CC79A7	chr4
contig-0014009	#CC79A7	chr4
contig-0014010	#CC79A7	chr4
contig-0014011	#CC79A7	chr4
contig-0014012	#CC79A7	chr4
contig-0014013	#E6C47F	chr22
contig-0014014	#E6C47F	chr22
contig-0014015	#E6C47F	chr22
contig-0014016	#E6C47F	chr22
contig-0014017	#E6C47F	chr22
contig-0014018	#E6B847	chr15
contig-0014019	#CC79A7	chr4
contig-0014020	#E6B847	chr15
contig-0014021	#E6B847	chr15
contig-0014022	#E6B847	chr15
contig-0014023	#E6B847	chr15
contig-0014024	#E6B847	chr15
contig-0014025	#E6B847	chr15
contig-0014026	#E6B847	chr15
contig-0014027	#E6B847	chr15
contig-0014028	#009E73	chr3
contig-0014029	#009E73	chr3
contig-0014030	#009E73	chr3
contig-0014031	#666666	chr7
contig-0014032	#666666	chr7
contig-0014033	#666666	chr7
contig-0014034	#666666	chr7
contig-0014035	#666666	chr7
contig-0014036	#CCA0BF	chr18
contig-0014037	#CCA0BF	chr18
contig-0014038	#CCA0BF	chr18
contig-0014039	#CCA0BF	chr18
contig-0014040	#CCA0BF	chr18
contig-0014041	#CCA0BF	chr18
contig-0014042	#CCA0BF	chr18
contig-0014043	#D58C66	chr20
contig-0014044	#D58C66	chr20
contig-0014045	#D58C66	chr20
contig-0014046	#D58C66	chr20
contig-0014047	#0072B2	chr5
contig-0014048	#D58C66	chr20
contig-0014049	#1A7FBA	chr12
contig-0014050	#1A7FBA	chr12
contig-0014051	#E69F00	chr1
contig-0014052	#E69F00	chr1
contig-0014053	#E69F00	chr1
contig-0014054	#E69F00	chr1
contig-0014055	#E69F00	chr1
contig-0014056	#1A7FBA	chr12
contig-0014057	#0072B2	chr5
contig-0014058	#1A7FBA	chr12
contig-0014059	#1A7FBA	chr12
contig-0014060	#1A7FBA	chr12
contig-0014061	#1A7FBA	chr12
contig-0014062	#1A7FBA	chr12
contig-0014063	#1A7FBA	chr12
contig-0014064	#CC79A7	chr4
contig-0014065	#CC79A7	chr4
contig-0014066	#CC79A7	chr4
contig-0014067	#1A7FBA	chr12
contig-0014068	#0072B2	chr5
contig-0014069	#1A7FBA	chr12
contig-0014070	#1A7FBA	chr12
contig-0014071	#1A7FBA	chr12
contig-0014072	#1A7FBA	chr12
contig-0014073	#E6B847	chr15
contig-0014074	#E6B847	chr15
contig-0014075	#E6B847	chr15
contig-0014076	#E6B847	chr15
contig-0014077	#E6B847	chr15
contig-0014078	#56B4E9	chr2
contig-0014079	#0072B2	chr5
contig-0014080	#56B4E9	chr2
contig-0014081	#567DE9	chr16
contig-0014082	#567DE9	chr16
contig-0014083	#567DE9	chr16
contig-0014084	#737373	chr14
contig-0014085	#737373	chr14
contig-0014086	#737373	chr14
contig-0014087	#0072B2	chr5
contig-0014088	#0072B2	chr5
contig-0014089	#0072B2	chr5
contig-0014090	#0072B2	chr5
contig-0014091	#009E73	chr3
contig-0014092	#009E73	chr3
contig-0014093	#009E73	chr3
contig-0014094	#009E73	chr3
contig-0014095	#009E73	chr3
contig-0014096	#009E73	chr3
contig-0014097	#00A880	chr10
contig-0014098	#009E73	chr3
contig-0014099	#009E73	chr3
contig-0014100	#009E73	chr3
contig-0014101	#009E73	chr3
contig-0014102	#009E73	chr3
contig-0014103	#009E73	chr3
contig-0014104	#009E73	chr3
contig-0014105	#5699E9	chr9
contig-0014106	#5699E9	chr9
contig-0014107	#5699E9	chr9
contig-0014108	#00A880	chr10
contig-0014109	#009E73	chr3
contig-0014110	#009E73	chr3
contig-0014111	#009E73	chr3
contig-0014112	#56B4E9	chr2
contig-0014113	#56B4E9	chr2
contig-0014114	#56B4E9	chr2
contig-0014115	#00A880	chr10
contig-0014116	#00A880	chr10
contig-0014117	#00A880	chr10
contig-0014118	#00A880	chr10
contig-0014119	#00A880	chr10
contig-0014120	#00A880	chr10
contig-0014121	#00A880	chr10
contig-0014122	#00A880	chr10
contig-0014123	#00A880	chr10
contig-0014124	#00A880	chr10
contig-0014125	#E69F00	chr1
contig-0014126	#E69F00	chr1
contig-0014127	#E69F00	chr1
contig-0014128	#00A880	chr10
contig-0014129	#E69F00	chr1
contig-0014130	#E69F00	chr1
contig-0014131	#CC8DB3	chr11
contig-0014132	#CC8DB3	chr11
contig-0014133	#CC8DB3	chr11
contig-0014134	#CC8DB3	chr11
contig-0014135	#CC8DB3	chr11
contig-0014136	#E69F00	chr1
contig-0014137	#E69F00	chr1
contig-0014138	#E69F00	chr1
contig-0014139	#00A880	chr10
contig-0014140	#567DE9	chr16
contig-0014141	#00B28C	chr17
contig-0014142	#00B28C	chr17
contig-0014143	#00B28C	chr17
contig-0014144	#00B28C	chr17
contig-0014145	#737373	chr14
contig-0014146	#56B4E9	chr2
contig-0014147	#56B4E9	chr2
contig-0014148	#56B4E9	chr2
contig-0014149	#56B4E9	chr2
contig-0014150	#D58C66	chr20
contig-0014151	#56B4E9	chr2
contig-0014152	#567DE9	chr16
contig-0014153	#567DE9	chr16
contig-0014154	#567DE9	chr16
contig-0014155	#567DE9	chr16
contig-0014156	#567DE9	chr16
contig-0014157	#E69F00	chr1
contig-0014158	#E69F00	chr1
contig-0014159	#E69F00	chr1
contig-0014160	#E69F00	chr1
contig-0014161	#D58C66	chr20
contig-0014162	#E69F00	chr1
contig-0014163	#567DE9	chr16
contig-0014164	#567DE9	chr16
contig-0014165	#E69F00	chr1
contig-0014166	#E69F00	chr1
contig-0014167	#E69F00	chr1
contig-0014168	#E69F00	chr1
contig-0014169	#CC8DB3	chr11
contig-0014170	#CC8DB3	chr11
contig-0014171	#CC8DB3	chr11
contig-0014172	#D58C66	chr20
contig-0014173	#D58C66	chr20
contig-0014174	#D58C66	chr20
contig-0014175	#CC79A7	chr4
contig-0014176	#CC79A7	chr4
contig-0014177	#CC79A7	chr4
contig-0014178	#CC79A7	chr4
contig-0014179	#CC79A7	chr4
contig-0014180	#CC79A7	chr4
contig-0014181	#CC79A7	chr4
contig-0014182	#D58C66	chr20
contig-0014183	#E69F00	chr1
contig-0014184	#E69F00	chr1
contig-0014185	#E69F00	chr1
contig-0014186	#E69F00	chr1
contig-0014187	#E69F00	chr1
contig-0014188	#E69F00	chr1
contig-0014189	#E69F00	chr1
contig-0014190	#0072B2	chr5
contig-0014191	#0072B2	chr5
contig-0014192	#0072B2	chr5
contig-0014193	#E6AB23	chr8
contig-0014194	#D58C66	chr20
contig-0014195	#0072B2	chr5
contig-0014196	#0072B2	chr5
contig-0014197	#8C564B	chrY
contig-0014198	#8C564B	chrY
contig-0014199	#0072B2	chr5
contig-0014200	#0072B2	chr5
contig-0014201	#0072B2	chr5
contig-0014202	#0072B2	chr5
contig-0014203	#0072B2	chr5
contig-0014204	#CC8DB3	chr11
contig-0014205	#1A7FBA	chr12
contig-0014206	#CC8DB3	chr11
contig-0014207	#CC8DB3	chr11
contig-0014208	#CC8DB3	chr11
contig-0014209	#CC8DB3	chr11
contig-0014210	#666666	chr7
contig-0014211	#666666	chr7
contig-0014212	#666666	chr7
contig-0014213	#666666	chr7
contig-0014214	#666666	chr7
contig-0014215	#CC79A7	chr4
contig-0014216	#1A7FBA	chr12
contig-0014217	#CC79A7	chr4
contig-0014218	#CC79A7	chr4
contig-0014219	#CC79A7	chr4
contig-0014220	#CC79A7	chr4
contig-0014221	#1A7FBA	chr12
contig-0014222	#1A7FBA	chr12
contig-0014223	#1A7FBA	chr12
contig-0014224	#1A7FBA	chr12
contig-0014225	#1A7FBA	chr12
contig-0014226	#1A7FBA	chr12
contig-0014227	#1A7FBA	chr12
contig-0014228	#1A7FBA	chr12
contig-0014229	#00B28C	chr17
contig-0014230	#00B28C	chr17
contig-0014231	#00B28C	chr17
contig-0014232	#D55E00	chr6
contig-0014233	#D55E00	chr6
contig-0014234	#D55E00	chr6
contig-0014235	#1A7FBA	chr12
contig-0014236	#00B28C	chr17
contig-0014237	#00B28C	chr17
contig-0014238	#009E73	chr3
contig-0014239	#009E73	chr3
contig-0014240	#009E73	chr3
contig-0014241	#009E73	chr3
contig-0014242	#009E73	chr3
contig-0014243	#CC79A7	chr4
contig-0014244	#CC79A7	chr4
contig-0014245	#CC79A7	chr4
contig-0014246	#1A7FBA	chr12
contig-0014247	#00A880	chr10
contig-0014248	#00A880	chr10
contig-0014249	#00A880	chr10
contig-0014250	#0072B2	chr5
contig-0014251	#0072B2	chr5
contig-0014252	#0072B2	chr5
contig-0014253	#0072B2	chr5
contig-0014254	#0072B2	chr5
contig-0014255	#00B28C	chr17
contig-0014256	#00B28C	chr17
contig-0014257	#00B28C	chr17
contig-0014258	#00B28C	chr17
contig-0014259	#00B28C	chr17
contig-0014260	#00A880	chr10
contig-0014261	#00A880	chr10
contig-0014262	#00A880	chr10
contig-0014263	#338CC2	chr19
contig-0014264	#338CC2	chr19
contig-0014265	#338CC2	chr19
contig-0014266	#1A7FBA	chr12
contig-0014267	#338CC2	chr19
contig-0014268	#E6AB23	chr8
contig-0014269	#E6AB23	chr8
contig-0014270	#E6AB23	chr8
contig-0014271	#E6AB23	chr8
contig-0014272	#CC79A7	chr4
contig-0014273	#CC79A7	chr4
contig-0014274	#CC79A7	chr4
contig-0014275	#CC79A7	chr4
contig-0014276	#0072B2	chr5
contig-0014277	#CC79A7	chr4
contig-0014278	#0072B2	chr5
contig-0014279	#0072B2	chr5
contig-0014280	#0072B2	chr5
contig-0014281	#0072B2	chr5
contig-0014282	#666666	chr7
contig-0014283	#666666	chr7
contig-0014284	#666666	chr7
contig-0014285	#E6B847	chr15
contig-0014286	#0072B2	chr5
contig-0014287	#E6B847	chr15
contig-0014288	#E6B847	chr15
contig-0014289	#E69F00	chr1
contig-0014290	#D57533	chr13
contig-0014291	#D57533	chr13
contig-0014292	#E6AB23	chr8
contig-0014293	#E6AB23	chr8
contig-0014294	#0072B2	chr5
contig-0014295	#00B28C	chr17
contig-0014296	#00B28C	chr17
contig-0014297	#009E73	chr3
contig-0014298	#009E73	chr3
contig-0014299	#009E73	chr3
contig-0014300	#009E73	chr3
contig-0014301	#009E73	chr3
contig-0014302	#D58C66	chr20
contig-0014303	#D58C66	chr20
contig-0014304	#D58C66	chr20
contig-0014305	#0072B2	chr5
contig-0014306	#D58C66	chr20
contig-0014307	#D58C66	chr20
contig-0014308	#0072B2	chr5
contig-0014309	#0072B2	chr5
contig-0014310	#0072B2	chr5
contig-0014311	#56B4E9	chr2
contig-0014312	#56B4E9	chr2
contig-0014313	#56B4E9	chr2
contig-0014314	#56B4E9	chr2
contig-0014315	#0072B2	chr5
contig-0014316	#E6C47F	chr22
contig-0014317	#E6C47F	chr22
contig-0014318	#E6C47F	chr22
contig-0014319	#E6C47F	chr22
contig-0014320	#D55E00	chr6
contig-0014321	#D55E00	chr6
contig-0014322	#D55E00	chr6
contig-0014323	#D55E00	chr6
contig-0014324	#D55E00	chr6
contig-0014325	#D55E00	chr6
contig-0014326	#D57533	chr13
contig-0014327	#D55E00	chr6
contig-0014328	#D55E00	chr6
contig-0014329	#D55E00	chr6
contig-0014330	#D55E00	chr6
contig-0014331	#D55E00	chr6
contig-0014332	#D55E00	chr6
contig-0014333	#D55E00	chr6
contig-0014334	#737373	chr14
contig-0014335	#5699E9	chr9
contig-0014336	#5699E9	chr9
contig-0014337	#5699E9	chr9
contig-0014338	#D57533	chr13
contig-0014339	#D57533	chr13
contig-0014340	#D57533	chr13
contig-0014341	#D57533	chr13
contig-0014342	#D57533	chr13
contig-0014343	#D57533	chr13
contig-0014344	#737373	chr14
contig-0014345	#D57533	chr13
contig-0014346	#D57533	chr13
contig-0014347	#D57533	chr13
contig-0014348	#0072B2	chr5
contig-0014349	#0072B2	chr5
contig-0014350	#0072B2	chr5
contig-0014351	#5699E9	chr9
contig-0014352	#5699E9	chr9
contig-0014353	#5699E9	chr9
contig-0014354	#5699E9	chr9
contig-0014355	#00A880	chr10
contig-0014356	#5699E9	chr9
contig-0014357	#CC79A7	chr4
contig-0014358	#CC79A7	chr4
contig-0014359	#CC79A7	chr4
contig-0014360	#CC79A7	chr4
contig-0014361	#CC79A7	chr4
contig-0014362	#CC79A7	chr4
contig-0014363	#00B28C	chr17
contig-0014364	#00B28C	chr17
contig-0014365	#00B28C	chr17
contig-0014366	#00B28C	chr17
contig-0014367	#00B28C	chr17
contig-0014368	#5699E9	chr9
contig-0014369	#5699E9	chr9
contig-0014370	#009E73	chr3
contig-0014371	#009E73	chr3
contig-0014372	#009E73	chr3
contig-0014373	#009E73	chr3
contig-0014374	#009E73	chr3
contig-0014375	#00A880	chr10
contig-0014376	#567DE9	chr16
contig-0014377	#567DE9	chr16
contig-0014378	#567DE9	chr16
contig-0014379	#56B4E9	chr2
contig-0014380	#56B4E9	chr2
contig-0014381	#56B4E9	chr2
contig-0014382	#56B4E9	chr2
contig-0014383	#56B4E9	chr2
contig-0014384	#56B4E9	chr2
contig-0014385	#00A880	chr10
contig-0014386	#00A880	chr10
contig-0014387	#00A880	chr10
contig-0014388	#00A880	chr10
contig-0014389	#00A880	chr10
contig-0014390	#00A880	chr10
contig-0014391	#00A880	chr10
contig-0014392	#00A880	chr10
contig-0014393	#00A880	chr10
contig-0014394	#56B4E9	chr2
contig-0014395	#CC8DB3	chr11
contig-0014396	#CC8DB3	chr11
contig-0014397	#CC8DB3	chr11
contig-0014398	#CC8DB3	chr11
contig-0014399	#CC8DB3	chr11
contig-0014400	#D57533	chr13
contig-0014401	#D57533	chr13
contig-0014402	#D57533	chr13
contig-0014403	#D57533	chr13
contig-0014404	#D57533	chr13
contig-0014405	#56B4E9	chr2
contig-0014406	#009E73	chr3
contig-0014407	#009E73	chr3
contig-0014408	#009E73	chr3
contig-0014409	#009E73	chr3
contig-0014410	#009E73	chr3
contig-0014411	#D55E00	chr6
contig-0014412	#D55E00	chr6
contig-0014413	#D55E00	chr6
contig-0014414	#D55E00	chr6
contig-0014415	#D55E00	chr6
contig-0014416	#56B4E9	chr2
contig-0014417	#00B28C	chr17
contig-0014418	#00A880	chr10
contig-0014419	#00A880	chr10
contig-0014420	#00A880	chr10
contig-0014421	#5699E9	chr9
contig-0014422	#5699E9	chr9
contig-0014423	#5699E9	chr9
contig-0014424	#5699E9	chr9
contig-0014426	#CC79A7	chr4
contig-0014427	#CC79A7	chr4
contig-0014428	#CC79A7	chr4
contig-0014429	#CC79A7	chr4
contig-0014430	#56B4E9	chr2
contig-0014431	#CC79A7	chr4
contig-0014432	#CC79A7	chr4
contig-0014433	#009E73	chr3
contig-0014434	#D57533	chr13
contig-0014435	#D57533	chr13
contig-0014436	#D57533	chr13
contig-0014437	#D57533	chr13
contig-0014438	#D57533	chr13
contig-0014439	#56B4E9	chr2
contig-0014440	#666666	chr7
contig-0014441	#666666	chr7
contig-0014442	#666666	chr7
contig-0014443	#666666	chr7
contig-0014444	#666666	chr7
contig-0014445	#666666	chr7
contig-0014446	#00B28C	chr17
contig-0014447	#00B28C	chr17
contig-0014448	#00B28C	chr17
contig-0014449	#56B4E9	chr2
contig-0014450	#00A880	chr10
contig-0014451	#00A880	chr10
contig-0014452	#00A880	chr10
contig-0014453	#00A880	chr10
contig-0014454	#00A880	chr10
contig-0014455	#CC79A7	chr4
contig-0014456	#CC79A7	chr4
contig-0014457	#00B28C	chr17
contig-0014458	#00B28C	chr17
contig-0014459	#00B28C	chr17
contig-0014460	#56B4E9	chr2
contig-0014461	#00B28C	chr17
contig-0014462	#00B28C	chr17
contig-0014463	#E6AB23	chr8
contig-0014464	#E6AB23	chr8
contig-0014465	#E6AB23	chr8
contig-0014466	#CC79A7	chr4
contig-0014467	#CC79A7	chr4
contig-0014468	#CC79A7	chr4
contig-0014469	#E6B847	chr15
contig-0014470	#5699E9	chr9
contig-0014471	#5699E9	chr9
contig-0014472	#5699E9	chr9
contig-0014473	#5699E9	chr9
contig-0014474	#5699E9	chr9
contig-0014475	#CC79A7	chr4
contig-0014476	#CC79A7	chr4
contig-0014477	#D57533	chr13
contig-0014478	#D57533	chr13
contig-0014479	#D57533	chr13
contig-0014480	#E6B847	chr15
contig-0014481	#D57533	chr13
contig-0014482	#D57533	chr13
contig-0014483	#CC79A7	chr4
contig-0014484	#CC79A7	chr4
contig-0014485	#CC79A7	chr4
contig-0014486	#CC79A7	chr4
contig-0014487	#CC79A7	chr4
contig-0014488	#56B4E9	chr2
contig-0014489	#56B4E9	chr2
contig-0014490	#56B4E9	chr2
contig-0014491	#E6B847	chr15
contig-0014492	#56B4E9	chr2
contig-0014493	#56B4E9	chr2
contig-0014494	#56B4E9	chr2
contig-0014495	#56B4E9	chr2
contig-0014496	#56B4E9	chr2
contig-0014497	#E69F00	chr1
contig-0014498	#E69F00	chr1
contig-0014499	#E69F00	chr1
contig-0014500	#E69F00	chr1
contig-0014501	#E69F00	chr1
contig-0014502	#E6B847	chr15
contig-0014503	#E6AB23	chr8
contig-0014504	#E6AB23	chr8
contig-0014505	#E6AB23	chr8
contig-0014506	#E6AB23	chr8
contig-0014507	#E6AB23	chr8
contig-0014508	#009E73	chr3
contig-0014509	#E6B847	chr15
contig-0014510	#E6B847	chr15
contig-0014511	#E6B847	chr15
contig-0014512	#1A7FBA	chr12
contig-0014513	#E6B847	chr15
contig-0014514	#1A7FBA	chr12
contig-0014515	#1A7FBA	chr12
contig-0014516	#1A7FBA	chr12
contig-0014517	#D57533	chr13
contig-0014518	#D57533	chr13
contig-0014519	#D57533	chr13
contig-0014520	#D57533	chr13
contig-0014521	#D57533	chr13
contig-0014522	#E69F00	chr1
contig-0014523	#D55E00	chr6
contig-0014524	#E69F00	chr1
contig-0014525	#567DE9	chr16
contig-0014526	#567DE9	chr16
contig-0014527	#567DE9	chr16
contig-0014528	#567DE9	chr16
contig-0014529	#567DE9	chr16
contig-0014530	#567DE9	chr16
contig-0014531	#567DE9	chr16
contig-0014532	#567DE9	chr16
contig-0014533	#567DE9	chr16
contig-0014534	#D55E00	chr6
contig-0014535	#567DE9	chr16
contig-0014536	#567DE9	chr16
contig-0014537	#737373	chr14
contig-0014538	#737373	chr14
contig-0014539	#737373	chr14
contig-0014540	#737373	chr14
contig-0014541	#737373	chr14
contig-0014542	#D55E00	chr6
contig-0014543	#1A7FBA	chr12
contig-0014544	#1A7FBA	chr12
contig-0014545	#1A7FBA	chr12
contig-0014546	#1A7FBA	chr12
contig-0014547	#E6C47F	chr22
contig-0014548	#E6C47F	chr22
contig-0014549	#E6C47F	chr22
contig-0014550	#E6C47F	chr22
contig-0014551	#E6C47F	chr22
contig-0014552	#D55E00	chr6
contig-0014553	#CC79A7	chr4
contig-0014554	#D57533	chr13
contig-0014555	#D57533	chr13
contig-0014556	#D57533	chr13
contig-0014557	#D57533	chr13
contig-0014558	#D57533	chr13
contig-0014559	#D55E00	chr6
contig-0014560	#D55E00	chr6
contig-0014561	#D55E00	chr6
contig-0014562	#D55E00	chr6
contig-0014563	#D55E00	chr6
contig-0014564	#D55E00	chr6
contig-0014565	#D55E00	chr6
contig-0014566	#D55E00	chr6
contig-0014567	#D55E00	chr6
contig-0014568	#1A7FBA	chr12
contig-0014569	#1A7FBA	chr12
contig-0014570	#1A7FBA	chr12
contig-0014571	#1A7FBA	chr12
contig-0014572	#D57533	chr13
contig-0014573	#5699E9	chr9
contig-0014574	#D57533	chr13
contig-0014575	#D57533	chr13
contig-0014576	#D57533	chr13
contig-0014577	#0072B2	chr5
contig-0014578	#0072B2	chr5
contig-0014579	#0072B2	chr5
contig-0014580	#0072B2	chr5
contig-0014581	#0072B2	chr5
contig-0014582	#E6C47F	chr22
contig-0014583	#5699E9	chr9
contig-0014584	#E6C47F	chr22
contig-0014585	#E6C47F	chr22
contig-0014586	#E6C47F	chr22
contig-0014587	#E6C47F	chr22
contig-0014588	#666666	chr7
contig-0014589	#CC8DB3	chr11
contig-0014590	#E6AB23	chr8
contig-0014591	#CC8DB3	chr11
contig-0014592	#CC8DB3	chr11
contig-0014593	#56B4E9	chr2
contig-0014594	#56B4E9	chr2
contig-0014595	#56B4E9	chr2
contig-0014596	#56B4E9	chr2
contig-0014597	#56B4E9	chr2
contig-0014598	#E6B847	chr15
contig-0014599	#E6B847	chr15
contig-0014600	#E6B847	chr15
contig-0014601	#5699E9	chr9
contig-0014602	#CC8DB3	chr11
contig-0014603	#CC8DB3	chr11
contig-0014604	#CC8DB3	chr11
contig-0014605	#CC8DB3	chr11
contig-0014606	#CC8DB3	chr11
contig-0014607	#E6C47F	chr22
contig-0014608	#00A880	chr10
contig-0014609	#00A880	chr10
contig-0014610	#00A880	chr10
contig-0014611	#00A880	chr10
contig-0014612	#00A880	chr10
contig-0014613	#5699E9	chr9
contig-0014614	#5699E9	chr9
contig-0014615	#CC79A7	chr4
contig-0014616	#CC79A7	chr4
contig-0014617	#56B4E9	chr2
contig-0014618	#CC79A7	chr4
contig-0014619	#CC79A7	chr4
contig-0014620	#CC79A7	chr4
contig-0014621	#00A880	chr10
contig-0014622	#00A880	chr10
contig-0014623	#00A880	chr10
contig-0014624	#00A880	chr10
contig-0014625	#00A880	chr10
contig-0014626	#808080	chr21
contig-0014627	#808080	chr21
contig-0014628	#56B4E9	chr2
contig-0014629	#808080	chr21
contig-0014630	#009E73	chr3
contig-0014631	#009E73	chr3
contig-0014632	#009E73	chr3
contig-0014633	#009E73	chr3
contig-0014634	#009E73	chr3
contig-0014635	#56B4E9	chr2
contig-0014636	#56B4E9	chr2
contig-0014637	#56B4E9	chr2
contig-0014638	#56B4E9	chr2
contig-0014639	#56B4E9	chr2
contig-0014640	#56B4E9	chr2
contig-0014641	#8C564B	chrY
contig-0014642	#8C564B	chrY
contig-0014643	#8C564B	chrY
contig-0014644	#D57533	chr13
contig-0014645	#D57533	chr13
contig-0014646	#808080	chr21
contig-0014647	#00B28C	chr17
contig-0014648	#E6B847	chr15
contig-0014649	#00B28C	chr17
contig-0014650	#00B28C	chr17
contig-0014651	#56B4E9	chr2
contig-0014652	#56B4E9	chr2
contig-0014653	#56B4E9	chr2
contig-0014654	#E69F00	chr1
contig-0014655	#E69F00	chr1
contig-0014656	#E69F00	chr1
contig-0014657	#E69F00	chr1
contig-0014658	#E69F00	chr1
contig-0014659	#E6B847	chr15
contig-0014660	#E69F00	chr1
contig-0014661	#E69F00	chr1
contig-0014662	#E69F00	chr1
contig-0014663	#E69F00	chr1
contig-0014664	#E69F00	chr1
contig-0014665	#E6C47F	chr22
contig-0014666	#737373	chr14
contig-0014667	#737373	chr14
contig-0014668	#737373	chr14
contig-0014669	#E6C47F	chr22
contig-0014670	#E6B847	chr15
contig-0014671	#00A880	chr10
contig-0014672	#00A880	chr10
contig-0014673	#00A880	chr10
contig-0014674	#00A880	chr10
contig-0014675	#00A880	chr10
contig-0014676	#E6C47F	chr22
contig-0014677	#D58C66	chr20
contig-0014678	#D58C66	chr20
contig-0014679	#D58C66	chr20
contig-0014680	#D58C66	chr20
contig-0014681	#666666	chr7
contig-0014682	#00B28C	chr17
contig-0014683	#00B28C	chr17
contig-0014684	#00B28C	chr17
contig-0014685	#56B4E9	chr2
contig-0014686	#56B4E9	chr2
contig-0014687	#E6AB23	chr8
contig-0014688	#56B4E9	chr2
contig-0014689	#56B4E9	chr2
contig-0014690	#009E73	chr3
contig-0014691	#009E73	chr3
contig-0014692	#009E73	chr3
contig-0014693	#E69F00	chr1
contig-0014694	#E69F00	chr1
contig-0014695	#E69F00	chr1
contig-0014696	#E69F00	chr1
contig-0014697	#E6AB23	chr8
contig-0014698	#D55E00	chr6
contig-0014699	#D55E00	chr6
contig-0014700	#D55E00	chr6
contig-0014701	#D55E00	chr6
contig-0014702	#D55E00	chr6
contig-0014703	#E6B847	chr15
contig-0014704	#E6B847	chr15
contig-0014705	#E6B847	chr15
contig-0014706	#E6B847	chr15
contig-0014707	#E6B847	chr15
contig-0014708	#E6B847	chr15
contig-0014709	#737373	chr14
contig-0014710	#737373	chr14
contig-0014711	#737373	chr14
contig-0014712	#737373	chr14
contig-0014713	#737373	chr14
contig-0014714	#E6AB23	chr8
contig-0014715	#E6B847	chr15
contig-0014716	#E6AB23	chr8
contig-0014717	#E6AB23	chr8
contig-0014718	#E6AB23	chr8
contig-0014719	#E6AB23	chr8
contig-0014720	#0072B2	chr5
contig-0014721	#0072B2	chr5
contig-0014722	#0072B2	chr5
contig-0014723	#0072B2	chr5
contig-0014724	#338CC2	chr19
contig-0014725	#E6B847	chr15
contig-0014726	#338CC2	chr19
contig-0014727	#338CC2	chr19
contig-0014728	#338CC2	chr19
contig-0014729	#338CC2	chr19
contig-0014730	#D55E00	chr6
contig-0014731	#D55E00	chr6
contig-0014732	#D55E00	chr6
contig-0014733	#5699E9	chr9
contig-0014734	#5699E9	chr9
contig-0014735	#56B4E9	chr2
contig-0014736	#E6B847	chr15
contig-0014737	#56B4E9	chr2
contig-0014738	#56B4E9	chr2
contig-0014739	#56B4E9	chr2
contig-0014740	#56B4E9	chr2
contig-0014741	#56B4E9	chr2
contig-0014742	#56B4E9	chr2
contig-0014743	#00B28C	chr17
contig-0014744	#00B28C	chr17
contig-0014745	#E69F00	chr1
contig-0014746	#E69F00	chr1
contig-0014747	#E6C47F	chr22
contig-0014748	#E69F00	chr1
contig-0014749	#666666	chr7
contig-0014750	#666666	chr7
contig-0014751	#666666	chr7
contig-0014752	#666666	chr7
contig-0014753	#D55E00	chr6
contig-0014754	#D55E00	chr6
contig-0014755	#D55E00	chr6
contig-0014756	#D55E00	chr6
contig-0014757	#E6C47F	chr22
contig-0014758	#D55E00	chr6
contig-0014759	#E69F00	chr1
contig-0014760	#E69F00	chr1
contig-0014761	#E69F00	chr1
contig-0014762	#E69F00	chr1
contig-0014763	#E69F00	chr1
contig-0014764	#5699E9	chr9
contig-0014765	#5699E9	chr9
contig-0014766	#5699E9	chr9
contig-0014767	#E6C47F	chr22
contig-0014768	#5699E9	chr9
contig-0014769	#5699E9	chr9
contig-0014770	#D55E00	chr6
contig-0014771	#D55E00	chr6
contig-0014772	#D55E00	chr6
contig-0014773	#D55E00	chr6
contig-0014774	#D55E00	chr6
contig-0014775	#CC79A7	chr4
contig-0014776	#CC79A7	chr4
contig-0014777	#CC79A7	chr4
contig-0014778	#CC79A7	chr4
contig-0014779	#CC79A7	chr4
contig-0014780	#0072B2	chr5
contig-0014781	#0072B2	chr5
contig-0014782	#0072B2	chr5
contig-0014783	#0072B2	chr5
contig-0014784	#0072B2	chr5
contig-0014785	#E69F00	chr1
contig-0014786	#E69F00	chr1
contig-0014787	#E69F00	chr1
contig-0014788	#E6C47F	chr22
contig-0014789	#E6C47F	chr22
contig-0014790	#E69F00	chr1
contig-0014791	#E6AB23	chr8
contig-0014792	#E6AB23	chr8
contig-0014793	#E6AB23	chr8
contig-0014794	#E6AB23	chr8
contig-0014795	#E6AB23	chr8
contig-0014796	#56B4E9	chr2
contig-0014797	#56B4E9	chr2
contig-0014798	#808080	chr21
contig-0014799	#D55E00	chr6
contig-0014800	#808080	chr21
contig-0014801	#808080	chr21
contig-0014802	#808080	chr21
contig-0014803	#808080	chr21
contig-0014804	#808080	chr21
contig-0014805	#808080	chr21
contig-0014806	#E6B847	chr15
contig-0014807	#E6B847	chr15
contig-0014808	#E6B847	chr15
contig-0014809	#00A880	chr10
contig-0014810	#D55E00	chr6
contig-0014811	#00A880	chr10
contig-0014812	#00A880	chr10
contig-0014813	#00A880	chr10
contig-0014814	#1A7FBA	chr12
contig-0014815	#1A7FBA	chr12
contig-0014816	#1A7FBA	chr12
contig-0014817	#E69F00	chr1
contig-0014818	#E69F00	chr1
contig-0014819	#D55E00	chr6
contig-0014820	#E69F00	chr1
contig-0014821	#1A7FBA	chr12
contig-0014822	#1A7FBA	chr12
contig-0014823	#1A7FBA	chr12
contig-0014824	#1A7FBA	chr12
contig-0014825	#1A7FBA	chr12
contig-0014826	#CC79A7	chr4
contig-0014827	#CC79A7	chr4
contig-0014828	#CC79A7	chr4
contig-0014829	#CC79A7	chr4
contig-0014830	#D55E00	chr6
contig-0014831	#CC79A7	chr4
contig-0014832	#808080	chr21
contig-0014833	#808080	chr21
contig-0014834	#CC79A7	chr4
contig-0014835	#CC79A7	chr4
contig-0014836	#CC79A7	chr4
contig-0014837	#E6C47F	chr22
contig-0014838	#CC79A7	chr4
contig-0014839	#CC79A7	chr4
contig-0014840	#CC79A7	chr4
contig-0014841	#D55E00	chr6
contig-0014842	#CC79A7	chr4
contig-0014843	#CC79A7	chr4
contig-0014844	#009E73	chr3
contig-0014845	#009E73	chr3
contig-0014846	#009E73	chr3
contig-0014847	#666666	chr7
contig-0014848	#666666	chr7
contig-0014849	#666666	chr7
contig-0014850	#E6C47F	chr22
contig-0014851	#737373	chr14
contig-0014852	#737373	chr14
contig-0014853	#737373	chr14
contig-0014854	#737373	chr14
contig-0014855	#E6AB23	chr8
contig-0014856	#E6AB23	chr8
contig-0014857	#E6AB23	chr8
contig-0014858	#E6AB23	chr8
contig-0014859	#E6C47F	chr22
contig-0014860	#E6AB23	chr8
contig-0014861	#56B4E9	chr2
contig-0014862	#56B4E9	chr2
contig-0014863	#56B4E9	chr2
contig-0014864	#56B4E9	chr2
contig-0014865	#56B4E9	chr2
contig-0014866	#567DE9	chr16
contig-0014867	#567DE9	chr16
contig-0014868	#567DE9	chr16
contig-0014869	#567DE9	chr16
contig-0014870	#567DE9	chr16
contig-0014871	#E69F00	chr1
contig-0014872	#E69F00	chr1
contig-0014873	#E69F00	chr1
contig-0014874	#1A7FBA	chr12
contig-0014875	#1A7FBA	chr12
contig-0014876	#1A7FBA	chr12
contig-0014877	#1A7FBA	chr12
contig-0014878	#1A7FBA	chr12
contig-0014879	#E6C47F	chr22
contig-0014880	#567DE9	chr16
contig-0014881	#567DE9	chr16
contig-0014882	#567DE9	chr16
contig-0014883	#567DE9	chr16
contig-0014884	#567DE9	chr16
contig-0014885	#00A880	chr10
contig-0014886	#00A880	chr10
contig-0014887	#00A880	chr10
contig-0014888	#00A880	chr10
contig-0014889	#00A880	chr10
contig-0014890	#808080	chr21
contig-0014891	#D55E00	chr6
contig-0014892	#D55E00	chr6
contig-0014893	#D55E00	chr6
contig-0014894	#D55E00	chr6
contig-0014895	#D55E00	chr6
contig-0014896	#009E73	chr3
contig-0014897	#009E73	chr3
contig-0014898	#009E73	chr3
contig-0014899	#009E73	chr3
contig-0014900	#808080	chr21
contig-0014901	#1A7FBA	chr12
contig-0014902	#1A7FBA	chr12
contig-0014903	#1A7FBA	chr12
contig-0014904	#1A7FBA	chr12
contig-0014905	#1A7FBA	chr12
contig-0014906	#E69F00	chr1
contig-0014907	#E69F00	chr1
contig-0014908	#E69F00	chr1
contig-0014909	#808080	chr21
contig-0014910	#E69F00	chr1
contig-0014911	#E69F00	chr1
contig-0014912	#56B4E9	chr2
contig-0014913	#56B4E9	chr2
contig-0014914	#56B4E9	chr2
contig-0014915	#56B4E9	chr2
contig-0014916	#00B28C	chr17
contig-0014917	#00B28C	chr17
contig-0014918	#00B28C	chr17
contig-0014919	#808080	chr21
contig-0014920	#00B28C	chr17
contig-0014921	#00B28C	chr17
contig-0014922	#00B28C	chr17
contig-0014923	#00B28C	chr17
contig-0014924	#00A880	chr10
contig-0014925	#00A880	chr10
contig-0014926	#00A880	chr10
contig-0014927	#00A880	chr10
contig-0014928	#00A880	chr10
contig-0014929	#00A880	chr10
contig-0014930	#808080	chr21
contig-0014931	#00A880	chr10
contig-0014932	#E6AB23	chr8
contig-0014933	#E6AB23	chr8
contig-0014934	#E6AB23	chr8
contig-0014935	#E6AB23	chr8
contig-0014936	#E6AB23	chr8
contig-0014937	#CCA0BF	chr18
contig-0014938	#CCA0BF	chr18
contig-0014939	#CCA0BF	chr18
contig-0014940	#CCA0BF	chr18
contig-0014941	#808080	chr21
contig-0014942	#CCA0BF	chr18
contig-0014943	#00B28C	chr17
contig-0014944	#00B28C	chr17
contig-0014945	#00B28C	chr17
contig-0014946	#00B28C	chr17
contig-0014947	#00B28C	chr17
contig-0014948	#00B28C	chr17
contig-0014949	#00B28C	chr17
contig-0014950	#D55E00	chr6
contig-0014951	#00B28C	chr17
contig-0014952	#00B28C	chr17
contig-0014953	#00B28C	chr17
contig-0014954	#E6AB23	chr8
contig-0014955	#E6AB23	chr8
contig-0014956	#E6AB23	chr8
contig-0014957	#E69F00	chr1
contig-0014958	#E69F00	chr1
contig-0014959	#D55E00	chr6
contig-0014960	#E69F00	chr1
contig-0014961	#CC79A7	chr4
contig-0014962	#CC79A7	chr4
contig-0014963	#CC79A7	chr4
contig-0014964	#CC79A7	chr4
contig-0014965	#CC8DB3	chr11
contig-0014966	#CC8DB3	chr11
contig-0014967	#D55E00	chr6
contig-0014968	#CC8DB3	chr11
contig-0014969	#666666	chr7
contig-0014970	#666666	chr7
contig-0014971	#666666	chr7
contig-0014972	#666666	chr7
contig-0014973	#666666	chr7
contig-0014974	#737373	chr14
contig-0014975	#737373	chr14
contig-0014976	#737373	chr14
contig-0014977	#56B4E9	chr2
contig-0014978	#D55E00	chr6
contig-0014979	#56B4E9	chr2
contig-0014980	#56B4E9	chr2
contig-0014981	#56B4E9	chr2
contig-0014982	#56B4E9	chr2
contig-0014983	#00B28C	chr17
contig-0014984	#00B28C	chr17
contig-0014985	#00B28C	chr17
contig-0014986	#666666	chr7
contig-0014987	#666666	chr7
contig-0014988	#666666	chr7
contig-0014989	#E6C47F	chr22
contig-0014990	#D55E00	chr6
contig-0014991	#666666	chr7
contig-0014992	#666666	chr7
contig-0014993	#00B28C	chr17
contig-0014994	#00B28C	chr17
contig-0014995	#00B28C	chr17
contig-0014996	#00B28C	chr17
contig-0014997	#00B28C	chr17
contig-0014998	#56B4E9	chr2
contig-0014999	#56B4E9	chr2
contig-0015000	#9467BD	chrX
contig-0015001	#56B4E9	chr2
contig-0015002	#56B4E9	chr2
contig-0015003	#56B4E9	chr2
contig-0015004	#00A880	chr10
contig-0015005	#00A880	chr10
contig-0015006	#00A880	chr10
contig-0015007	#00A880	chr10
contig-0015008	#00A880	chr10
contig-0015009	#D57533	chr13
contig-0015010	#D57533	chr13
contig-0015011	#D55E00	chr6
contig-0015012	#D57533	chr13
contig-0015013	#666666	chr7
contig-0015014	#666666	chr7
contig-0015015	#666666	chr7
contig-0015016	#CC79A7	chr4
contig-0015017	#CC79A7	chr4
contig-0015018	#CC79A7	chr4
contig-0015019	#D55E00	chr6
contig-0015020	#D55E00	chr6
contig-0015021	#D55E00	chr6
contig-0015022	#D55E00	chr6
contig-0015023	#D55E00	chr6
contig-0015024	#CC79A7	chr4
contig-0015025	#CC79A7	chr4
contig-0015026	#CC79A7	chr4
contig-0015027	#009E73	chr3
contig-0015028	#009E73	chr3
contig-0015029	#D55E00	chr6
contig-0015030	#009E73	chr3
contig-0015031	#009E73	chr3
contig-0015032	#1A7FBA	chr12
contig-0015033	#1A7FBA	chr12
contig-0015034	#1A7FBA	chr12
contig-0015035	#D58C66	chr20
contig-0015036	#D58C66	chr20
contig-0015037	#D58C66	chr20
contig-0015038	#808080	chr21
contig-0015039	#808080	chr21
contig-0015040	#D55E00	chr6
contig-0015041	#808080	chr21
contig-0015042	#0072B2	chr5
contig-0015043	#E69F00	chr1
contig-0015044	#E69F00	chr1
contig-0015045	#E69F00	chr1
contig-0015046	#E69F00	chr1
contig-0015047	#E69F00	chr1
contig-0015048	#E6C47F	chr22
contig-0015049	#D55E00	chr6
contig-0015050	#E6C47F	chr22
contig-0015051	#E6C47F	chr22
contig-0015052	#E6C47F	chr22
contig-0015053	#E6AB23	chr8
contig-0015054	#E6AB23	chr8
contig-0015055	#E6AB23	chr8
contig-0015056	#E6AB23	chr8
contig-0015057	#E6AB23	chr8
contig-0015058	#00A880	chr10
contig-0015059	#00A880	chr10
contig-0015060	#CC8DB3	chr11
contig-0015061	#CC8DB3	chr11
contig-0015062	#CC8DB3	chr11
contig-0015063	#CC8DB3	chr11
contig-0015064	#E69F00	chr1
contig-0015065	#E69F00	chr1
contig-0015066	#E69F00	chr1
contig-0015067	#00B28C	chr17
contig-0015068	#D58C66	chr20
contig-0015069	#0072B2	chr5
contig-0015070	#0072B2	chr5
contig-0015071	#0072B2	chr5
contig-0015072	#0072B2	chr5
contig-0015073	#0072B2	chr5
contig-0015074	#00A880	chr10
contig-0015075	#00A880	chr10
contig-0015076	#00A880	chr10
contig-0015077	#00A880	chr10
contig-0015078	#00B28C	chr17
contig-0015079	#00A880	chr10
contig-0015080	#CC79A7	chr4
contig-0015081	#CC79A7	chr4
contig-0015082	#CC79A7	chr4
contig-0015083	#CC79A7	chr4
contig-0015084	#CC79A7	chr4
contig-0015085	#5699E9	chr9
contig-0015086	#5699E9	chr9
contig-0015087	#5699E9	chr9
contig-0015088	#E6C47F	chr22
contig-0015089	#00B28C	chr17
contig-0015090	#00B28C	chr17
contig-0015091	#00B28C	chr17
contig-0015092	#00B28C	chr17
contig-0015093	#00B28C	chr17
contig-0015094	#00B28C	chr17
contig-0015095	#009E73	chr3
contig-0015096	#009E73	chr3
contig-0015097	#009E73	chr3
contig-0015098	#737373	chr14
contig-0015099	#5699E9	chr9
contig-0015100	#737373	chr14
contig-0015101	#737373	chr14
contig-0015102	#D55E00	chr6
contig-0015103	#D55E00	chr6
contig-0015104	#D55E00	chr6
contig-0015105	#D55E00	chr6
contig-0015106	#D55E00	chr6
contig-0015107	#5699E9	chr9
contig-0015108	#D55E00	chr6
contig-0015109	#D55E00	chr6
contig-0015110	#D55E00	chr6
contig-0015111	#D55E00	chr6
contig-0015112	#D55E00	chr6
contig-0015113	#D55E00	chr6
contig-0015114	#D55E00	chr6
contig-0015115	#1A7FBA	chr12
contig-0015116	#1A7FBA	chr12
contig-0015117	#1A7FBA	chr12
contig-0015118	#5699E9	chr9
contig-0015119	#1A7FBA	chr12
contig-0015120	#1A7FBA	chr12
contig-0015121	#338CC2	chr19
contig-0015122	#338CC2	chr19
contig-0015123	#338CC2	chr19
contig-0015124	#338CC2	chr19
contig-0015125	#338CC2	chr19
contig-0015126	#D55E00	chr6
contig-0015127	#D55E00	chr6
contig-0015128	#D55E00	chr6
contig-0015129	#5699E9	chr9
contig-0015130	#00A880	chr10
contig-0015131	#00A880	chr10
contig-0015132	#00A880	chr10
contig-0015133	#009E73	chr3
contig-0015134	#009E73	chr3
contig-0015135	#009E73	chr3
contig-0015136	#009E73	chr3
contig-0015137	#009E73	chr3
contig-0015138	#009E73	chr3
contig-0015139	#E69F00	chr1
contig-0015140	#009E73	chr3
contig-0015141	#009E73	chr3
contig-0015142	#D55E00	chr6
contig-0015143	#D55E00	chr6
contig-0015144	#D55E00	chr6
contig-0015145	#D55E00	chr6
contig-0015146	#D55E00	chr6
contig-0015147	#CC8DB3	chr11
contig-0015148	#E69F00	chr1
contig-0015149	#CC8DB3	chr11
contig-0015150	#CC8DB3	chr11
contig-0015151	#CC8DB3	chr11
contig-0015152	#567DE9	chr16
contig-0015153	#567DE9	chr16
contig-0015154	#567DE9	chr16
contig-0015155	#E69F00	chr1
contig-0015156	#E69F00	chr1
contig-0015157	#E69F00	chr1
contig-0015158	#E69F00	chr1
contig-0015159	#E69F00	chr1
contig-0015160	#E69F00	chr1
contig-0015161	#E69F00	chr1
contig-0015162	#D58C66	chr20
contig-0015163	#D58C66	chr20
contig-0015164	#D58C66	chr20
contig-0015165	#666666	chr7
contig-0015166	#666666	chr7
contig-0015167	#E6C47F	chr22
contig-0015168	#666666	chr7
contig-0015169	#338CC2	chr19
contig-0015170	#338CC2	chr19
contig-0015171	#338CC2	chr19
contig-0015172	#00A880	chr10
contig-0015173	#00A880	chr10
contig-0015174	#00A880	chr10
contig-0015175	#5699E9	chr9
contig-0015176	#5699E9	chr9
contig-0015177	#5699E9	chr9
contig-0015178	#D57533	chr13
contig-0015179	#5699E9	chr9
contig-0015180	#E69F00	chr1
contig-0015181	#E69F00	chr1
contig-0015182	#E69F00	chr1
contig-0015183	#E69F00	chr1
contig-0015184	#E69F00	chr1
contig-0015185	#338CC2	chr19
contig-0015186	#338CC2	chr19
contig-0015187	#338CC2	chr19
contig-0015188	#009E73	chr3
contig-0015189	#E6C47F	chr22
contig-0015190	#D57533	chr13
contig-0015191	#666666	chr7
contig-0015192	#666666	chr7
contig-0015193	#666666	chr7
contig-0015194	#1A7FBA	chr12
contig-0015195	#1A7FBA	chr12
contig-0015196	#1A7FBA	chr12
contig-0015197	#1A7FBA	chr12
contig-0015198	#D57533	chr13
contig-0015199	#1A7FBA	chr12
contig-0015200	#0072B2	chr5
contig-0015201	#0072B2	chr5
contig-0015202	#0072B2	chr5
contig-0015203	#0072B2	chr5
contig-0015204	#0072B2	chr5
contig-0015205	#CC79A7	chr4
contig-0015206	#CC79A7	chr4
contig-0015207	#CC79A7	chr4
contig-0015208	#D57533	chr13
contig-0015209	#CC79A7	chr4
contig-0015210	#CC79A7	chr4
contig-0015211	#CC79A7	chr4
contig-0015212	#E69F00	chr1
contig-0015213	#E69F00	chr1
contig-0015214	#E69F00	chr1
contig-0015215	#E69F00	chr1
contig-0015216	#E69F00	chr1
contig-0015217	#0072B2	chr5
contig-0015218	#666666	chr7
contig-0015219	#0072B2	chr5
contig-0015220	#0072B2	chr5
contig-0015221	#0072B2	chr5
contig-0015222	#0072B2	chr5
contig-0015223	#CC79A7	chr4
contig-0015224	#00A880	chr10
contig-0015225	#00A880	chr10
contig-0015226	#00A880	chr10
contig-0015227	#00A880	chr10
contig-0015228	#666666	chr7
contig-0015229	#00A880	chr10
contig-0015230	#00A880	chr10
contig-0015231	#CC79A7	chr4
contig-0015232	#CC79A7	chr4
contig-0015233	#CC79A7	chr4
contig-0015234	#CC79A7	chr4
contig-0015235	#CC79A7	chr4
contig-0015236	#D55E00	chr6
contig-0015237	#D55E00	chr6
contig-0015238	#D55E00	chr6
contig-0015239	#D55E00	chr6
contig-0015240	#D55E00	chr6
contig-0015241	#567DE9	chr16
contig-0015242	#567DE9	chr16
contig-0015243	#567DE9	chr16
contig-0015244	#567DE9	chr16
contig-0015245	#567DE9	chr16
contig-0015246	#5699E9	chr9
contig-0015247	#5699E9	chr9
contig-0015248	#567DE9	chr16
contig-0015249	#567DE9	chr16
contig-0015250	#338CC2	chr19
contig-0015251	#338CC2	chr19
contig-0015252	#338CC2	chr19
contig-0015253	#338CC2	chr19
contig-0015254	#338CC2	chr19
contig-0015255	#00A880	chr10
contig-0015256	#00A880	chr10
contig-0015257	#00A880	chr10
contig-0015258	#00A880	chr10
contig-0015259	#CC79A7	chr4
contig-0015260	#CC79A7	chr4
contig-0015261	#009E73	chr3
contig-0015262	#009E73	chr3
contig-0015263	#00A880	chr10
contig-0015264	#009E73	chr3
contig-0015265	#666666	chr7
contig-0015266	#666666	chr7
contig-0015267	#666666	chr7
contig-0015268	#666666	chr7
contig-0015269	#666666	chr7
contig-0015270	#56B4E9	chr2
contig-0015271	#56B4E9	chr2
contig-0015272	#00A880	chr10
contig-0015273	#56B4E9	chr2
contig-0015274	#009E73	chr3
contig-0015275	#009E73	chr3
contig-0015276	#009E73	chr3
contig-0015277	#009E73	chr3
contig-0015278	#009E73	chr3
contig-0015279	#808080	chr21
contig-0015280	#D57533	chr13
contig-0015281	#00A880	chr10
contig-0015282	#E6AB23	chr8
contig-0015283	#E69F00	chr1
contig-0015284	#00A880	chr10
contig-0015285	#00A880	chr10
contig-0015286	#00A880	chr10
contig-0015287	#00A880	chr10
contig-0015288	#0072B2	chr5
contig-0015289	#0072B2	chr5
contig-0015290	#0072B2	chr5
contig-0015291	#338CC2	chr19
contig-0015292	#CC79A7	chr4
contig-0015293	#CC79A7	chr4
contig-0015294	#00A880	chr10
contig-0015295	#CC79A7	chr4
contig-0015296	#CC79A7	chr4
contig-0015297	#5699E9	chr9
contig-0015298	#5699E9	chr9
contig-0015299	#5699E9	chr9
contig-0015300	#1A7FBA	chr12
contig-0015301	#1A7FBA	chr12
contig-0015302	#1A7FBA	chr12
contig-0015303	#E6C47F	chr22
contig-0015304	#00A880	chr10
contig-0015305	#00B28C	chr17
contig-0015306	#009E73	chr3
contig-0015307	#009E73	chr3
contig-0015308	#009E73	chr3
contig-0015309	#CC79A7	chr4
contig-0015310	#CC79A7	chr4
contig-0015311	#00A880	chr10
contig-0015312	#CC79A7	chr4
contig-0015313	#D55E00	chr6
contig-0015314	#D55E00	chr6
contig-0015315	#D55E00	chr6
contig-0015316	#D55E00	chr6
contig-0015317	#D55E00	chr6
contig-0015318	#009E73	chr3
contig-0015319	#009E73	chr3
contig-0015320	#009E73	chr3
contig-0015321	#009E73	chr3
contig-0015322	#00A880	chr10
contig-0015323	#009E73	chr3
contig-0015324	#D55E00	chr6
contig-0015325	#D55E00	chr6
contig-0015326	#D55E00	chr6
contig-0015327	#CC8DB3	chr11
contig-0015328	#CC8DB3	chr11
contig-0015329	#CC8DB3	chr11
contig-0015330	#5699E9	chr9
contig-0015331	#1A7FBA	chr12
contig-0015332	#5699E9	chr9
contig-0015333	#5699E9	chr9
contig-0015334	#666666	chr7
contig-0015335	#666666	chr7
contig-0015336	#666666	chr7
contig-0015337	#666666	chr7
contig-0015338	#666666	chr7
contig-0015339	#666666	chr7
contig-0015340	#666666	chr7
contig-0015341	#56B4E9	chr2
contig-0015342	#1A7FBA	chr12
contig-0015343	#56B4E9	chr2
contig-0015344	#56B4E9	chr2
contig-0015345	#56B4E9	chr2
contig-0015346	#56B4E9	chr2
contig-0015347	#009E73	chr3
contig-0015348	#009E73	chr3
contig-0015349	#009E73	chr3
contig-0015350	#009E73	chr3
contig-0015351	#009E73	chr3
contig-0015352	#1A7FBA	chr12
contig-0015353	#5699E9	chr9
contig-0015354	#5699E9	chr9
contig-0015355	#5699E9	chr9
contig-0015356	#5699E9	chr9
contig-0015357	#5699E9	chr9
contig-0015358	#737373	chr14
contig-0015359	#737373	chr14
contig-0015360	#737373	chr14
contig-0015361	#737373	chr14
contig-0015362	#737373	chr14
contig-0015363	#1A7FBA	chr12
contig-0015364	#737373	chr14
contig-0015365	#737373	chr14
contig-0015366	#737373	chr14
contig-0015367	#737373	chr14
contig-0015368	#00A880	chr10
contig-0015369	#00A880	chr10
contig-0015370	#00A880	chr10
contig-0015371	#00A880	chr10
contig-0015372	#00A880	chr10
contig-0015373	#666666	chr7
contig-0015374	#1A7FBA	chr12
contig-0015375	#666666	chr7
contig-0015376	#666666	chr7
contig-0015377	#666666	chr7
contig-0015378	#666666	chr7
contig-0015379	#D55E00	chr6
contig-0015380	#D55E00	chr6
contig-0015381	#D55E00	chr6
contig-0015382	#CCA0BF	chr18
contig-0015383	#CCA0BF	chr18
contig-0015384	#CCA0BF	chr18
contig-0015385	#E69F00	chr1
contig-0015386	#E6C47F	chr22
contig-0015387	#CCA0BF	chr18
contig-0015388	#CCA0BF	chr18
contig-0015389	#CC79A7	chr4
contig-0015390	#CC79A7	chr4
contig-0015391	#CC79A7	chr4
contig-0015392	#CC79A7	chr4
contig-0015393	#CC79A7	chr4
contig-0015394	#1A7FBA	chr12
contig-0015395	#1A7FBA	chr12
contig-0015396	#1A7FBA	chr12
contig-0015397	#00B28C	chr17
contig-0015398	#00B28C	chr17
contig-0015399	#00B28C	chr17
contig-0015400	#009E73	chr3
contig-0015401	#009E73	chr3
contig-0015402	#009E73	chr3
contig-0015403	#009E73	chr3
contig-0015404	#E6C47F	chr22
contig-0015405	#666666	chr7
contig-0015406	#666666	chr7
contig-0015407	#666666	chr7
contig-0015408	#666666	chr7
contig-0015409	#E6AB23	chr8
contig-0015410	#E6AB23	chr8
contig-0015411	#E6AB23	chr8
contig-0015412	#E6AB23	chr8
contig-0015413	#E6AB23	chr8
contig-0015414	#1A7FBA	chr12
contig-0015415	#338CC2	chr19
contig-0015416	#338CC2	chr19
contig-0015417	#338CC2	chr19
contig-0015418	#00A880	chr10
contig-0015419	#00A880	chr10
contig-0015420	#00A880	chr10
contig-0015421	#00A880	chr10
contig-0015422	#00A880	chr10
contig-0015423	#CC79A7	chr4
contig-0015424	#CC79A7	chr4
contig-0015425	#1A7FBA	chr12
contig-0015426	#CC79A7	chr4
contig-0015427	#CC79A7	chr4
contig-0015428	#CC79A7	chr4
contig-0015429	#56B4E9	chr2
contig-0015430	#56B4E9	chr2
contig-0015431	#56B4E9	chr2
contig-0015432	#56B4E9	chr2
contig-0015433	#56B4E9	chr2
contig-0015434	#0072B2	chr5
contig-0015435	#0072B2	chr5
contig-0015436	#1A7FBA	chr12
contig-0015437	#0072B2	chr5
contig-0015438	#00B28C	chr17
contig-0015439	#00B28C	chr17
contig-0015440	#00B28C	chr17
contig-0015441	#00B28C	chr17
contig-0015442	#00B28C	chr17
contig-0015443	#808080	chr21
contig-0015444	#808080	chr21
contig-0015445	#808080	chr21
contig-0015446	#D57533	chr13
contig-0015447	#CCA0BF	chr18
contig-0015448	#D57533	chr13
contig-0015449	#D57533	chr13
contig-0015450	#CC79A7	chr4
contig-0015451	#CC79A7	chr4
contig-0015452	#CC79A7	chr4
contig-0015453	#CC79A7	chr4
contig-0015454	#CC79A7	chr4
contig-0015455	#56B4E9	chr2
contig-0015456	#56B4E9	chr2
contig-0015457	#56B4E9	chr2
contig-0015458	#009E73	chr3
contig-0015459	#56B4E9	chr2
contig-0015460	#56B4E9	chr2
contig-0015461	#56B4E9	chr2
contig-0015462	#009E73	chr3
contig-0015463	#009E73	chr3
contig-0015464	#009E73	chr3
contig-0015465	#009E73	chr3
contig-0015466	#009E73	chr3
contig-0015467	#E69F00	chr1
contig-0015468	#009E73	chr3
contig-0015469	#E69F00	chr1
contig-0015470	#E69F00	chr1
contig-0015471	#E69F00	chr1
contig-0015472	#E69F00	chr1
contig-0015473	#0072B2	chr5
contig-0015474	#0072B2	chr5
contig-0015475	#0072B2	chr5
contig-0015476	#0072B2	chr5
contig-0015477	#0072B2	chr5
contig-0015478	#567DE9	chr16
contig-0015479	#567DE9	chr16
contig-0015480	#567DE9	chr16
contig-0015481	#338CC2	chr19
contig-0015482	#338CC2	chr19
contig-0015483	#338CC2	chr19
contig-0015484	#338CC2	chr19
contig-0015485	#338CC2	chr19
contig-0015486	#D58C66	chr20
contig-0015487	#D58C66	chr20
contig-0015488	#D58C66	chr20
contig-0015489	#E69F00	chr1
contig-0015490	#009E73	chr3
contig-0015491	#E6B847	chr15
contig-0015492	#E6B847	chr15
contig-0015493	#56B4E9	chr2
contig-0015494	#56B4E9	chr2
contig-0015495	#56B4E9	chr2
contig-0015496	#56B4E9	chr2
contig-0015497	#56B4E9	chr2
contig-0015498	#CC8DB3	chr11
contig-0015499	#CC8DB3	chr11
contig-0015500	#CC8DB3	chr11
contig-0015501	#009E73	chr3
contig-0015502	#E6B847	chr15
contig-0015503	#E6B847	chr15
contig-0015504	#E6B847	chr15
contig-0015505	#E6B847	chr15
contig-0015506	#E6B847	chr15
contig-0015507	#00B28C	chr17
contig-0015508	#00B28C	chr17
contig-0015509	#00B28C	chr17
contig-0015510	#00B28C	chr17
contig-0015511	#009E73	chr3
contig-0015512	#00B28C	chr17
contig-0015513	#00B28C	chr17
contig-0015514	#00B28C	chr17
contig-0015515	#0072B2	chr5
contig-0015516	#0072B2	chr5
contig-0015517	#0072B2	chr5
contig-0015518	#CC79A7	chr4
contig-0015519	#CC79A7	chr4
contig-0015520	#CC79A7	chr4
contig-0015521	#CC79A7	chr4
contig-0015522	#009E73	chr3
contig-0015523	#CC79A7	chr4
contig-0015524	#CC79A7	chr4
contig-0015525	#CC79A7	chr4
contig-0015526	#5699E9	chr9
contig-0015527	#5699E9	chr9
contig-0015528	#5699E9	chr9
contig-0015529	#5699E9	chr9
contig-0015530	#5699E9	chr9
contig-0015531	#D58C66	chr20
contig-0015532	#D58C66	chr20
contig-0015533	#D58C66	chr20
contig-0015534	#D58C66	chr20
contig-0015535	#D58C66	chr20
contig-0015536	#D58C66	chr20
contig-0015537	#D55E00	chr6
contig-0015538	#D55E00	chr6
contig-0015539	#D55E00	chr6
contig-0015540	#D55E00	chr6
contig-0015541	#D55E00	chr6
contig-0015542	#D55E00	chr6
contig-0015543	#D58C66	chr20
contig-0015544	#CC79A7	chr4
contig-0015545	#CC79A7	chr4
contig-0015546	#CC79A7	chr4
contig-0015547	#737373	chr14
contig-0015548	#737373	chr14
contig-0015549	#737373	chr14
contig-0015550	#0072B2	chr5
contig-0015551	#0072B2	chr5
contig-0015552	#0072B2	chr5
contig-0015553	#0072B2	chr5
contig-0015554	#D58C66	chr20
contig-0015555	#0072B2	chr5
contig-0015556	#D57533	chr13
contig-0015557	#D57533	chr13
contig-0015558	#D57533	chr13
contig-0015559	#E69F00	chr1
contig-0015560	#E69F00	chr1
contig-0015561	#E69F00	chr1
contig-0015562	#009E73	chr3
contig-0015563	#009E73	chr3
contig-0015564	#009E73	chr3
contig-0015565	#D58C66	chr20
contig-0015566	#009E73	chr3
contig-0015567	#009E73	chr3
contig-0015568	#D55E00	chr6
contig-0015569	#D55E00	chr6
contig-0015570	#D55E00	chr6
contig-0015571	#E6C47F	chr22
contig-0015572	#E6C47F	chr22
contig-0015573	#E6C47F	chr22
contig-0015574	#E6C47F	chr22
contig-0015575	#E6C47F	chr22
contig-0015576	#D58C66	chr20
contig-0015577	#567DE9	chr16
contig-0015578	#567DE9	chr16
contig-0015579	#CC79A7	chr4
contig-0015580	#CC79A7	chr4
contig-0015581	#CC79A7	chr4
contig-0015582	#CC79A7	chr4
contig-0015583	#5699E9	chr9
contig-0015584	#5699E9	chr9
contig-0015585	#00A880	chr10
contig-0015586	#5699E9	chr9
contig-0015587	#5699E9	chr9
contig-0015588	#5699E9	chr9
contig-0015589	#0072B2	chr5
contig-0015590	#0072B2	chr5
contig-0015591	#0072B2	chr5
contig-0015592	#0072B2	chr5
contig-0015593	#0072B2	chr5
contig-0015594	#0072B2	chr5
contig-0015595	#0072B2	chr5
contig-0015596	#E69F00	chr1
contig-0015597	#00A880	chr10
contig-0015598	#0072B2	chr5
contig-0015599	#0072B2	chr5
contig-0015600	#0072B2	chr5
contig-0015601	#0072B2	chr5
contig-0015602	#0072B2	chr5
contig-0015603	#E69F00	chr1
contig-0015604	#E69F00	chr1
contig-0015605	#E69F00	chr1
contig-0015606	#E69F00	chr1
contig-0015607	#E69F00	chr1
contig-0015608	#00A880	chr10
contig-0015609	#737373	chr14
contig-0015610	#737373	chr14
contig-0015611	#737373	chr14
contig-0015612	#737373	chr14
contig-0015613	#737373	chr14
contig-0015614	#E69F00	chr1
contig-0015615	#E69F00	chr1
contig-0015616	#E69F00	chr1
contig-0015617	#E69F00	chr1
contig-0015618	#E69F00	chr1
contig-0015619	#56B4E9	chr2
contig-0015620	#56B4E9	chr2
contig-0015621	#56B4E9	chr2
contig-0015622	#56B4E9	chr2
contig-0015623	#56B4E9	chr2
contig-0015624	#CCA0BF	chr18
contig-0015625	#CCA0BF	chr18
contig-0015626	#CCA0BF	chr18
contig-0015627	#CCA0BF	chr18
contig-0015628	#56B4E9	chr2
contig-0015629	#CCA0BF	chr18
contig-0015630	#00A880	chr10
contig-0015631	#56B4E9	chr2
contig-0015632	#56B4E9	chr2
contig-0015633	#56B4E9	chr2
contig-0015634	#56B4E9	chr2
contig-0015635	#56B4E9	chr2
contig-0015636	#00A880	chr10
contig-0015637	#56B4E9	chr2
contig-0015638	#00A880	chr10
contig-0015639	#0072B2	chr5
contig-0015640	#0072B2	chr5
contig-0015641	#0072B2	chr5
contig-0015642	#0072B2	chr5
contig-0015643	#0072B2	chr5
contig-0015644	#808080	chr21
contig-0015645	#00A880	chr10
contig-0015646	#00A880	chr10
contig-0015647	#00A880	chr10
contig-0015648	#00A880	chr10
contig-0015649	#00A880	chr10
contig-0015650	#5699E9	chr9
contig-0015651	#5699E9	chr9
contig-0015652	#5699E9	chr9
contig-0015653	#808080	chr21
contig-0015654	#E6C47F	chr22
contig-0015655	#808080	chr21
contig-0015656	#808080	chr21
contig-0015657	#56B4E9	chr2
contig-0015658	#56B4E9	chr2
contig-0015659	#56B4E9	chr2
contig-0015660	#56B4E9	chr2
contig-0015661	#56B4E9	chr2
contig-0015662	#0072B2	chr5
contig-0015663	#0072B2	chr5
contig-0015664	#808080	chr21
contig-0015665	#0072B2	chr5
contig-0015666	#0072B2	chr5
contig-0015667	#0072B2	chr5
contig-0015668	#E6B847	chr15
contig-0015669	#E6B847	chr15
contig-0015670	#E6B847	chr15
contig-0015671	#E6B847	chr15
contig-0015672	#D57533	chr13
contig-0015673	#808080	chr21
contig-0015674	#D57533	chr13
contig-0015675	#D57533	chr13
contig-0015676	#0072B2	chr5
contig-0015677	#0072B2	chr5
contig-0015678	#0072B2	chr5
contig-0015679	#0072B2	chr5
contig-0015680	#0072B2	chr5
contig-0015681	#737373	chr14
contig-0015682	#737373	chr14
contig-0015683	#737373	chr14
contig-0015684	#808080	chr21
contig-0015685	#737373	chr14
contig-0015686	#737373	chr14
contig-0015687	#56B4E9	chr2
contig-0015688	#56B4E9	chr2
contig-0015689	#56B4E9	chr2
contig-0015690	#338CC2	chr19
contig-0015691	#338CC2	chr19
contig-0015692	#338CC2	chr19
contig-0015693	#338CC2	chr19
contig-0015694	#338CC2	chr19
contig-0015695	#E69F00	chr1
contig-0015696	#CC8DB3	chr11
contig-0015697	#338CC2	chr19
contig-0015698	#338CC2	chr19
contig-0015699	#338CC2	chr19
contig-0015700	#338CC2	chr19
contig-0015702	#009E73	chr3
contig-0015703	#0072B2	chr5
contig-0015704	#00A880	chr10
contig-0015705	#CC8DB3	chr11
contig-0015706	#00A880	chr10
contig-0015707	#00A880	chr10
contig-0015708	#338CC2	chr19
contig-0015709	#338CC2	chr19
contig-0015710	#338CC2	chr19
contig-0015711	#338CC2	chr19
contig-0015712	#338CC2	chr19
contig-0015713	#00A880	chr10
contig-0015714	#00A880	chr10
contig-0015715	#00A880	chr10
contig-0015716	#CC8DB3	chr11
contig-0015717	#666666	chr7
contig-0015718	#666666	chr7
contig-0015719	#666666	chr7
contig-0015720	#666666	chr7
contig-0015721	#666666	chr7
contig-0015722	#56B4E9	chr2
contig-0015723	#56B4E9	chr2
contig-0015724	#56B4E9	chr2
contig-0015725	#56B4E9	chr2
contig-0015726	#56B4E9	chr2
contig-0015727	#567DE9	chr16
contig-0015728	#56B4E9	chr2
contig-0015729	#56B4E9	chr2
contig-0015730	#D55E00	chr6
contig-0015731	#D55E00	chr6
contig-0015732	#00A880	chr10
contig-0015733	#00A880	chr10
contig-0015734	#00A880	chr10
contig-0015735	#00A880	chr10
contig-0015736	#567DE9	chr16
contig-0015737	#00A880	chr10
contig-0015738	#00A880	chr10
contig-0015739	#00A880	chr10
contig-0015740	#E6AB23	chr8
contig-0015741	#E6AB23	chr8
contig-0015742	#E69F00	chr1
contig-0015743	#E69F00	chr1
contig-0015744	#E69F00	chr1
contig-0015745	#E69F00	chr1
contig-0015746	#567DE9	chr16
contig-0015747	#E69F00	chr1
contig-0015748	#5699E9	chr9
contig-0015749	#5699E9	chr9
contig-0015750	#5699E9	chr9
contig-0015751	#5699E9	chr9
contig-0015752	#5699E9	chr9
contig-0015753	#E69F00	chr1
contig-0015754	#00B28C	chr17
contig-0015755	#666666	chr7
contig-0015756	#567DE9	chr16
contig-0015757	#567DE9	chr16
contig-0015758	#567DE9	chr16
contig-0015759	#567DE9	chr16
contig-0015760	#E6B847	chr15
contig-0015761	#E6B847	chr15
contig-0015762	#E6B847	chr15
contig-0015763	#666666	chr7
contig-0015764	#E6B847	chr15
contig-0015765	#00A880	chr10
contig-0015766	#00A880	chr10
contig-0015767	#00A880	chr10
contig-0015768	#00A880	chr10
contig-0015769	#00A880	chr10
contig-0015770	#00A880	chr10
contig-0015771	#00A880	chr10
contig-0015772	#666666	chr7
contig-0015773	#00A880	chr10
contig-0015774	#00A880	chr10
contig-0015775	#E69F00	chr1
contig-0015776	#338CC2	chr19
contig-0015777	#338CC2	chr19
contig-0015778	#338CC2	chr19
contig-0015779	#56B4E9	chr2
contig-0015780	#D55E00	chr6
contig-0015781	#D55E00	chr6
contig-0015782	#D55E00	chr6
contig-0015783	#E69F00	chr1
contig-0015784	#E69F00	chr1
contig-0015785	#D55E00	chr6
contig-0015786	#D55E00	chr6
contig-0015787	#8C564B	chrY
contig-0015788	#8C564B	chrY
contig-0015789	#8C564B	chrY
contig-0015790	#8C564B	chrY
contig-0015791	#1A7FBA	chr12
contig-0015792	#1A7FBA	chr12
contig-0015793	#1A7FBA	chr12
contig-0015794	#E69F00	chr1
contig-0015795	#E6AB23	chr8
contig-0015796	#E6AB23	chr8
contig-0015797	#E6AB23	chr8
contig-0015798	#00B28C	chr17
contig-0015799	#00B28C	chr17
contig-0015800	#00B28C	chr17
contig-0015801	#00B28C	chr17
contig-0015802	#00B28C	chr17
contig-0015803	#009E73	chr3
contig-0015804	#009E73	chr3
contig-0015805	#009E73	chr3
contig-0015806	#009E73	chr3
contig-0015807	#009E73	chr3
contig-0015808	#009E73	chr3
contig-0015809	#D57533	chr13
contig-0015810	#D57533	chr13
contig-0015811	#D57533	chr13
contig-0015812	#E69F00	chr1
contig-0015813	#D57533	chr13
contig-0015814	#D57533	chr13
contig-0015815	#E6C47F	chr22
contig-0015816	#E6C47F	chr22
contig-0015817	#E6C47F	chr22
contig-0015818	#00B28C	chr17
contig-0015819	#00B28C	chr17
contig-0015820	#666666	chr7
contig-0015821	#009E73	chr3
contig-0015822	#009E73	chr3
contig-0015823	#E69F00	chr1
contig-0015824	#009E73	chr3
contig-0015825	#E6B847	chr15
contig-0015826	#CCA0BF	chr18
contig-0015827	#737373	chr14
contig-0015828	#E69F00	chr1
contig-0015829	#737373	chr14
contig-0015830	#737373	chr14
contig-0015831	#737373	chr14
contig-0015832	#737373	chr14
contig-0015833	#737373	chr14
contig-0015834	#0072B2	chr5
contig-0015835	#0072B2	chr5
contig-0015836	#0072B2	chr5
contig-0015837	#CCA0BF	chr18
contig-0015838	#CCA0BF	chr18
contig-0015839	#E69F00	chr1
contig-0015840	#E69F00	chr1
contig-0015841	#E69F00	chr1
contig-0015842	#E69F00	chr1
contig-0015843	#0072B2	chr5
contig-0015844	#0072B2	chr5
contig-0015845	#0072B2	chr5
contig-0015846	#56B4E9	chr2
contig-0015847	#56B4E9	chr2
contig-0015848	#56B4E9	chr2
contig-0015849	#00B28C	chr17
contig-0015850	#56B4E9	chr2
contig-0015851	#56B4E9	chr2
contig-0015852	#567DE9	chr16
contig-0015853	#567DE9	chr16
contig-0015854	#567DE9	chr16
contig-0015855	#567DE9	chr16
contig-0015856	#567DE9	chr16
contig-0015857	#567DE9	chr16
contig-0015858	#737373	chr14
contig-0015859	#737373	chr14
contig-0015860	#00B28C	chr17
contig-0015861	#737373	chr14
contig-0015862	#737373	chr14
contig-0015863	#737373	chr14
contig-0015864	#737373	chr14
contig-0015865	#E69F00	chr1
contig-0015866	#E69F00	chr1
contig-0015867	#E69F00	chr1
contig-0015868	#E69F00	chr1
contig-0015869	#E69F00	chr1
contig-0015870	#00B28C	chr17
contig-0015871	#E69F00	chr1
contig-0015872	#E69F00	chr1
contig-0015873	#E6C47F	chr22
contig-0015874	#E6C47F	chr22
contig-0015875	#D57533	chr13
contig-0015876	#E6C47F	chr22
contig-0015877	#808080	chr21
contig-0015878	#737373	chr14
contig-0015879	#1A7FBA	chr12
contig-0015880	#E69F00	chr1
contig-0015881	#1A7FBA	chr12
contig-0015882	#1A7FBA	chr12
contig-0015883	#56B4E9	chr2
contig-0015884	#56B4E9	chr2
contig-0015885	#56B4E9	chr2
contig-0015886	#00B28C	chr17
contig-0015887	#CC79A7	chr4
contig-0015888	#CC79A7	chr4
contig-0015889	#CC79A7	chr4
contig-0015890	#1A7FBA	chr12
contig-0015891	#1A7FBA	chr12
contig-0015892	#1A7FBA	chr12
contig-0015893	#1A7FBA	chr12
contig-0015894	#1A7FBA	chr12
contig-0015895	#338CC2	chr19
contig-0015896	#338CC2	chr19
contig-0015897	#00B28C	chr17
contig-0015898	#338CC2	chr19
contig-0015899	#338CC2	chr19
contig-0015901	#666666	chr7
contig-0015902	#666666	chr7
contig-0015903	#666666	chr7
contig-0015904	#666666	chr7
contig-0015905	#666666	chr7
contig-0015906	#56B4E9	chr2
contig-0015907	#56B4E9	chr2
contig-0015908	#00B28C	chr17
contig-0015909	#56B4E9	chr2
contig-0015910	#56B4E9	chr2
contig-0015911	#D58C66	chr20
contig-0015912	#D58C66	chr20
contig-0015913	#D58C66	chr20
contig-0015914	#D57533	chr13
contig-0015915	#E6C47F	chr22
contig-0015916	#E6B847	chr15
contig-0015917	#E6B847	chr15
contig-0015918	#E6B847	chr15
contig-0015919	#00B28C	chr17
contig-0015920	#00B28C	chr17
contig-0015921	#00B28C	chr17
contig-0015922	#00B28C	chr17
contig-0015923	#00B28C	chr17
contig-0015924	#1A7FBA	chr12
contig-0015925	#1A7FBA	chr12
contig-0015926	#1A7FBA	chr12
contig-0015927	#1A7FBA	chr12
contig-0015928	#1A7FBA	chr12
contig-0015929	#00B28C	chr17
contig-0015930	#E69F00	chr1
contig-0015931	#E69F00	chr1
contig-0015932	#E69F00	chr1
contig-0015933	#00A880	chr10
contig-0015934	#00A880	chr10
contig-0015935	#00A880	chr10
contig-0015936	#00A880	chr10
contig-0015937	#00A880	chr10
contig-0015938	#00A880	chr10
contig-0015939	#00A880	chr10
contig-0015940	#CC79A7	chr4
contig-0015941	#0072B2	chr5
contig-0015942	#0072B2	chr5
contig-0015943	#0072B2	chr5
contig-0015944	#E69F00	chr1
contig-0015945	#E69F00	chr1
contig-0015946	#E69F00	chr1
contig-0015947	#E69F00	chr1
contig-0015948	#56B4E9	chr2
contig-0015949	#56B4E9	chr2
contig-0015950	#56B4E9	chr2
contig-0015951	#56B4E9	chr2
contig-0015952	#56B4E9	chr2
contig-0015953	#56B4E9	chr2
contig-0015954	#D57533	chr13
contig-0015955	#D57533	chr13
contig-0015956	#E6C47F	chr22
contig-0015957	#D55E00	chr6
contig-0015958	#D55E00	chr6
contig-0015959	#D55E00	chr6
contig-0015960	#D55E00	chr6
contig-0015961	#CC79A7	chr4
contig-0015962	#D55E00	chr6
contig-0015963	#D55E00	chr6
contig-0015964	#D55E00	chr6
contig-0015965	#D55E00	chr6
contig-0015966	#D55E00	chr6
contig-0015967	#D55E00	chr6
contig-0015968	#00B28C	chr17
contig-0015969	#00B28C	chr17
contig-0015970	#00B28C	chr17
contig-0015971	#CC79A7	chr4
contig-0015972	#0072B2	chr5
contig-0015973	#0072B2	chr5
contig-0015974	#0072B2	chr5
contig-0015975	#CC79A7	chr4
contig-0015976	#CC79A7	chr4
contig-0015977	#CC79A7	chr4
contig-0015978	#E69F00	chr1
contig-0015979	#E69F00	chr1
contig-0015980	#009E73	chr3
contig-0015981	#009E73	chr3
contig-0015982	#56B4E9	chr2
contig-0015983	#56B4E9	chr2
contig-0015984	#56B4E9	chr2
contig-0015985	#56B4E9	chr2
contig-0015986	#56B4E9	chr2
contig-0015987	#CC79A7	chr4
contig-0015988	#D58C66	chr20
contig-0015989	#D58C66	chr20
contig-0015990	#D58C66	chr20
contig-0015991	#D58C66	chr20
contig-0015992	#D58C66	chr20
contig-0015993	#CC79A7	chr4
contig-0015994	#CC79A7	chr4
contig-0015995	#E69F00	chr1
contig-0015996	#CC79A7	chr4
contig-0015997	#666666	chr7
contig-0015998	#666666	chr7
contig-0015999	#666666	chr7
contig-0016000	#00A880	chr10
contig-0016001	#00A880	chr10
contig-0016002	#CC79A7	chr4
contig-0016003	#00A880	chr10
contig-0016004	#00A880	chr10
contig-0016005	#CC79A7	chr4
contig-0016006	#CC79A7	chr4
contig-0016007	#E6AB23	chr8
contig-0016008	#E6AB23	chr8
contig-0016009	#E6AB23	chr8
contig-0016010	#E6AB23	chr8
contig-0016011	#E6AB23	chr8
contig-0016012	#E6AB23	chr8
contig-0016013	#0072B2	chr5
contig-0016014	#E6AB23	chr8
contig-0016015	#00A880	chr10
contig-0016016	#00A880	chr10
contig-0016017	#00A880	chr10
contig-0016018	#E6B847	chr15
contig-0016019	#E6B847	chr15
contig-0016020	#E6B847	chr15
contig-0016021	#009E73	chr3
contig-0016022	#0072B2	chr5
contig-0016023	#009E73	chr3
contig-0016024	#009E73	chr3
contig-0016025	#D57533	chr13
contig-0016026	#D57533	chr13
contig-0016027	#D57533	chr13
contig-0016028	#D57533	chr13
contig-0016029	#D57533	chr13
contig-0016030	#737373	chr14
contig-0016031	#0072B2	chr5
contig-0016032	#737373	chr14
contig-0016033	#737373	chr14
contig-0016034	#737373	chr14
contig-0016035	#737373	chr14
contig-0016036	#CCA0BF	chr18
contig-0016037	#CCA0BF	chr18
contig-0016038	#CCA0BF	chr18
contig-0016039	#CCA0BF	chr18
contig-0016041	#737373	chr14
contig-0016042	#0072B2	chr5
contig-0016043	#E6C47F	chr22
contig-0016044	#E6C47F	chr22
contig-0016045	#00A880	chr10
contig-0016046	#00A880	chr10
contig-0016047	#00A880	chr10
contig-0016048	#E6B847	chr15
contig-0016049	#808080	chr21
contig-0016050	#5699E9	chr9
contig-0016051	#0072B2	chr5
contig-0016052	#5699E9	chr9
contig-0016053	#5699E9	chr9
contig-0016054	#5699E9	chr9
contig-0016055	#5699E9	chr9
contig-0016056	#0072B2	chr5
contig-0016057	#0072B2	chr5
contig-0016058	#0072B2	chr5
contig-0016059	#0072B2	chr5
contig-0016060	#0072B2	chr5
contig-0016061	#CC8DB3	chr11
contig-0016062	#56B4E9	chr2
contig-0016063	#56B4E9	chr2
contig-0016064	#00A880	chr10
contig-0016065	#00A880	chr10
contig-0016066	#00A880	chr10
contig-0016067	#00A880	chr10
contig-0016068	#567DE9	chr16
contig-0016069	#567DE9	chr16
contig-0016070	#567DE9	chr16
contig-0016071	#E69F00	chr1
contig-0016072	#CC8DB3	chr11
contig-0016073	#567DE9	chr16
contig-0016074	#567DE9	chr16
contig-0016075	#56B4E9	chr2
contig-0016076	#56B4E9	chr2
contig-0016077	#56B4E9	chr2
contig-0016078	#56B4E9	chr2
contig-0016079	#56B4E9	chr2
contig-0016080	#5699E9	chr9
contig-0016081	#338CC2	chr19
contig-0016082	#338CC2	chr19
contig-0016083	#338CC2	chr19
contig-0016084	#56B4E9	chr2
contig-0016085	#56B4E9	chr2
contig-0016086	#56B4E9	chr2
contig-0016087	#56B4E9	chr2
contig-0016088	#56B4E9	chr2
contig-0016089	#737373	chr14
contig-0016090	#CC8DB3	chr11
contig-0016091	#737373	chr14
contig-0016092	#737373	chr14
contig-0016093	#737373	chr14
contig-0016094	#737373	chr14
contig-0016095	#00B28C	chr17
contig-0016096	#00B28C	chr17
contig-0016097	#00B28C	chr17
contig-0016098	#808080	chr21
contig-0016099	#808080	chr21
contig-0016100	#808080	chr21
contig-0016101	#CC8DB3	chr11
contig-0016102	#808080	chr21
contig-0016103	#808080	chr21
contig-0016104	#808080	chr21
contig-0016105	#808080	chr21
contig-0016106	#CC79A7	chr4
contig-0016107	#CC79A7	chr4
contig-0016108	#CC79A7	chr4
contig-0016109	#CC8DB3	chr11
contig-0016110	#CC79A7	chr4
contig-0016111	#CC79A7	chr4
contig-0016112	#E6B847	chr15
contig-0016113	#E6B847	chr15
contig-0016114	#E6B847	chr15
contig-0016115	#E6B847	chr15
contig-0016116	#E6B847	chr15
contig-0016117	#0072B2	chr5
contig-0016118	#CC8DB3	chr11
contig-0016119	#0072B2	chr5
contig-0016120	#0072B2	chr5
contig-0016121	#0072B2	chr5
contig-0016122	#0072B2	chr5
contig-0016123	#1A7FBA	chr12
contig-0016124	#1A7FBA	chr12
contig-0016125	#1A7FBA	chr12
contig-0016126	#E6AB23	chr8
contig-0016127	#E69F00	chr1
contig-0016128	#E6AB23	chr8
contig-0016129	#E6AB23	chr8
contig-0016130	#E6AB23	chr8
contig-0016131	#009E73	chr3
contig-0016132	#009E73	chr3
contig-0016133	#009E73	chr3
contig-0016134	#56B4E9	chr2
contig-0016135	#56B4E9	chr2
contig-0016136	#E69F00	chr1
contig-0016137	#56B4E9	chr2
contig-0016138	#56B4E9	chr2
contig-0016139	#56B4E9	chr2
contig-0016140	#666666	chr7
contig-0016141	#666666	chr7
contig-0016142	#666666	chr7
contig-0016143	#666666	chr7
contig-0016144	#666666	chr7
contig-0016145	#CC8DB3	chr11
contig-0016146	#CC8DB3	chr11
contig-0016147	#E69F00	chr1
contig-0016148	#CC8DB3	chr11
contig-0016149	#56B4E9	chr2
contig-0016150	#56B4E9	chr2
contig-0016151	#56B4E9	chr2
contig-0016152	#56B4E9	chr2
contig-0016153	#56B4E9	chr2
contig-0016154	#666666	chr7
contig-0016155	#E69F00	chr1
contig-0016156	#666666	chr7
contig-0016157	#666666	chr7
contig-0016158	#666666	chr7
contig-0016159	#737373	chr14
contig-0016160	#737373	chr14
contig-0016161	#E6B847	chr15
contig-0016162	#E6B847	chr15
contig-0016163	#E6B847	chr15
contig-0016164	#E6B847	chr15
contig-0016165	#E69F00	chr1
contig-0016166	#E69F00	chr1
contig-0016167	#E6B847	chr15
contig-0016168	#D57533	chr13
contig-0016169	#D57533	chr13
contig-0016170	#D57533	chr13
contig-0016171	#D57533	chr13
contig-0016172	#D57533	chr13
contig-0016173	#D57533	chr13
contig-0016174	#D57533	chr13
contig-0016175	#D57533	chr13
contig-0016176	#E69F00	chr1
contig-0016177	#009E73	chr3
contig-0016178	#009E73	chr3
contig-0016179	#009E73	chr3
contig-0016180	#009E73	chr3
contig-0016181	#009E73	chr3
contig-0016182	#E69F00	chr1
contig-0016183	#E69F00	chr1
contig-0016184	#E69F00	chr1
contig-0016185	#E69F00	chr1
contig-0016186	#666666	chr7
contig-0016187	#E69F00	chr1
contig-0016188	#009E73	chr3
contig-0016189	#009E73	chr3
contig-0016190	#009E73	chr3
contig-0016191	#E69F00	chr1
contig-0016192	#E69F00	chr1
contig-0016193	#00B28C	chr17
contig-0016194	#E69F00	chr1
contig-0016195	#E69F00	chr1
contig-0016196	#E69F00	chr1
contig-0016197	#CC79A7	chr4
contig-0016198	#CC79A7	chr4
contig-0016199	#CC79A7	chr4
contig-0016201	#E6B847	chr15
contig-0016202	#00B28C	chr17
contig-0016203	#56B4E9	chr2
contig-0016204	#56B4E9	chr2
contig-0016205	#56B4E9	chr2
contig-0016206	#56B4E9	chr2
contig-0016207	#56B4E9	chr2
contig-0016208	#E69F00	chr1
contig-0016209	#E69F00	chr1
contig-0016210	#E69F00	chr1
contig-0016211	#E69F00	chr1
contig-0016212	#E69F00	chr1
contig-0016213	#00B28C	chr17
contig-0016214	#808080	chr21
contig-0016215	#737373	chr14
contig-0016216	#D57533	chr13
contig-0016217	#808080	chr21
contig-0016218	#808080	chr21
contig-0016219	#808080	chr21
contig-0016220	#808080	chr21
contig-0016221	#E69F00	chr1
contig-0016222	#E69F00	chr1
contig-0016223	#E69F00	chr1
contig-0016224	#00B28C	chr17
contig-0016225	#E69F00	chr1
contig-0016226	#E69F00	chr1
contig-0016227	#D55E00	chr6
contig-0016228	#D55E00	chr6
contig-0016229	#D55E00	chr6
contig-0016230	#D55E00	chr6
contig-0016231	#D55E00	chr6
contig-0016232	#CC8DB3	chr11
contig-0016233	#CC8DB3	chr11
contig-0016234	#CC8DB3	chr11
contig-0016235	#E6B847	chr15
contig-0016236	#CC8DB3	chr11
contig-0016237	#E69F00	chr1
contig-0016238	#E69F00	chr1
contig-0016239	#E69F00	chr1
contig-0016240	#E69F00	chr1
contig-0016241	#E69F00	chr1
contig-0016242	#E69F00	chr1
contig-0016243	#E6B847	chr15
contig-0016244	#E69F00	chr1
contig-0016245	#E69F00	chr1
contig-0016246	#E69F00	chr1
contig-0016247	#E69F00	chr1
contig-0016248	#5699E9	chr9
contig-0016249	#E6B847	chr15
contig-0016250	#5699E9	chr9
contig-0016251	#5699E9	chr9
contig-0016252	#5699E9	chr9
contig-0016253	#5699E9	chr9
contig-0016254	#0072B2	chr5
contig-0016255	#0072B2	chr5
contig-0016256	#0072B2	chr5
contig-0016257	#0072B2	chr5
contig-0016258	#0072B2	chr5
contig-0016260	#CCA0BF	chr18
contig-0016261	#009E73	chr3
contig-0016262	#E6B847	chr15
contig-0016263	#D57533	chr13
contig-0016264	#338CC2	chr19
contig-0016265	#338CC2	chr19
contig-0016266	#338CC2	chr19
contig-0016267	#E6B847	chr15
contig-0016268	#E6B847	chr15
contig-0016269	#E6B847	chr15
contig-0016270	#E6B847	chr15
contig-0016271	#E6B847	chr15
contig-0016272	#E6B847	chr15
contig-0016273	#5699E9	chr9
contig-0016274	#5699E9	chr9
contig-0016275	#5699E9	chr9
contig-0016276	#5699E9	chr9
contig-0016277	#5699E9	chr9
contig-0016278	#D55E00	chr6
contig-0016279	#D55E00	chr6
contig-0016280	#D55E00	chr6
contig-0016281	#00B28C	chr17
contig-0016282	#D55E00	chr6
contig-0016283	#D55E00	chr6
contig-0016284	#E69F00	chr1
contig-0016285	#E69F00	chr1
contig-0016286	#D55E00	chr6
contig-0016287	#D55E00	chr6
contig-0016288	#D55E00	chr6
contig-0016289	#D55E00	chr6
contig-0016290	#9467BD	chrX
contig-0016291	#9467BD	chrX
contig-0016292	#00B28C	chr17
contig-0016293	#9467BD	chrX
contig-0016294	#9467BD	chrX
contig-0016295	#9467BD	chrX
contig-0016296	#D55E00	chr6
contig-0016297	#D55E00	chr6
contig-0016298	#808080	chr21
contig-0016299	#808080	chr21
contig-0016300	#808080	chr21
contig-0016301	#E6AB23	chr8
contig-0016302	#E6AB23	chr8
contig-0016303	#E6AB23	chr8
contig-0016304	#E6AB23	chr8
contig-0016305	#E6AB23	chr8
contig-0016306	#E6AB23	chr8
contig-0016307	#E6AB23	chr8
contig-0016308	#E6AB23	chr8
contig-0016309	#E6AB23	chr8
contig-0016310	#E6AB23	chr8
contig-0016311	#E6AB23	chr8
contig-0016312	#E6AB23	chr8
contig-0016314	#9467BD	chrX
contig-0016315	#9467BD	chrX
contig-0016316	#CC8DB3	chr11
contig-0016317	#CC8DB3	chr11
contig-0016318	#CC8DB3	chr11
contig-0016319	#CC8DB3	chr11
contig-0016320	#CC8DB3	chr11
contig-0016321	#E6AB23	chr8
contig-0016322	#808080	chr21
contig-0016323	#808080	chr21
contig-0016324	#808080	chr21
contig-0016325	#808080	chr21
contig-0016326	#E6C47F	chr22
contig-0016327	#808080	chr21
contig-0016328	#E6B847	chr15
contig-0016329	#00A880	chr10
contig-0016330	#00A880	chr10
contig-0016331	#00A880	chr10
contig-0016332	#E6AB23	chr8
contig-0016333	#00A880	chr10
contig-0016334	#00A880	chr10
contig-0016335	#56B4E9	chr2
contig-0016336	#56B4E9	chr2
contig-0016337	#56B4E9	chr2
contig-0016338	#56B4E9	chr2
contig-0016339	#56B4E9	chr2
contig-0016340	#D58C66	chr20
contig-0016341	#D58C66	chr20
contig-0016342	#D58C66	chr20
contig-0016343	#E6AB23	chr8
contig-0016344	#E6B847	chr15
contig-0016345	#E6B847	chr15
contig-0016346	#E6B847	chr15
contig-0016347	#E6B847	chr15
contig-0016348	#56B4E9	chr2
contig-0016349	#56B4E9	chr2
contig-0016350	#00A880	chr10
contig-0016351	#00A880	chr10
contig-0016352	#00B28C	chr17
contig-0016353	#5699E9	chr9
contig-0016354	#5699E9	chr9
contig-0016355	#5699E9	chr9
contig-0016356	#5699E9	chr9
contig-0016357	#5699E9	chr9
contig-0016358	#5699E9	chr9
contig-0016359	#5699E9	chr9
contig-0016360	#5699E9	chr9
contig-0016361	#5699E9	chr9
contig-0016362	#009E73	chr3
contig-0016363	#CC8DB3	chr11
contig-0016364	#009E73	chr3
contig-0016365	#009E73	chr3
contig-0016366	#009E73	chr3
contig-0016367	#009E73	chr3
contig-0016368	#009E73	chr3
contig-0016369	#009E73	chr3
contig-0016370	#E6AB23	chr8
contig-0016371	#00B28C	chr17
contig-0016372	#E6AB23	chr8
contig-0016373	#E6AB23	chr8
contig-0016374	#E6AB23	chr8
contig-0016375	#E6AB23	chr8
contig-0016376	#E6AB23	chr8
contig-0016377	#808080	chr21
contig-0016378	#D57533	chr13
contig-0016379	#D57533	chr13
contig-0016380	#D57533	chr13
contig-0016381	#E6B847	chr15
contig-0016382	#E6B847	chr15
contig-0016383	#808080	chr21
contig-0016384	#E6B847	chr15
contig-0016385	#E6B847	chr15
contig-0016386	#E6B847	chr15
contig-0016387	#E6B847	chr15
contig-0016388	#E6B847	chr15
contig-0016389	#E6B847	chr15
contig-0016390	#E6B847	chr15
contig-0016391	#E6B847	chr15
contig-0016392	#E6B847	chr15
contig-0016393	#E6C47F	chr22
contig-0016394	#E6C47F	chr22
contig-0016395	#E6C47F	chr22
contig-0016396	#E6C47F	chr22
contig-0016397	#808080	chr21
contig-0016398	#808080	chr21
contig-0016399	#E6C47F	chr22
contig-0016400	#737373	chr14
contig-0016401	#00B28C	chr17
contig-0016402	#737373	chr14
contig-0016403	#737373	chr14
contig-0016404	#737373	chr14
contig-0016405	#737373	chr14
contig-0016406	#D55E00	chr6
contig-0016407	#D55E00	chr6
contig-0016408	#D55E00	chr6
contig-0016409	#D55E00	chr6
contig-0016410	#D55E00	chr6
contig-0016411	#5699E9	chr9
contig-0016412	#1A7FBA	chr12
contig-0016413	#5699E9	chr9
contig-0016414	#5699E9	chr9
contig-0016415	#666666	chr7
contig-0016416	#666666	chr7
contig-0016417	#666666	chr7
contig-0016418	#666666	chr7
contig-0016419	#D57533	chr13
contig-0016420	#E6AB23	chr8
contig-0016421	#E6AB23	chr8
contig-0016422	#1A7FBA	chr12
contig-0016423	#E6AB23	chr8
contig-0016424	#009E73	chr3
contig-0016425	#009E73	chr3
contig-0016426	#009E73	chr3
contig-0016427	#009E73	chr3
contig-0016428	#009E73	chr3
contig-0016429	#E6B847	chr15
contig-0016430	#E6B847	chr15
contig-0016431	#E6B847	chr15
contig-0016432	#E6B847	chr15
contig-0016433	#1A7FBA	chr12
contig-0016434	#E6B847	chr15
contig-0016435	#56B4E9	chr2
contig-0016436	#56B4E9	chr2
contig-0016437	#56B4E9	chr2
contig-0016438	#56B4E9	chr2
contig-0016439	#56B4E9	chr2
contig-0016440	#56B4E9	chr2
contig-0016441	#56B4E9	chr2
contig-0016442	#56B4E9	chr2
contig-0016443	#737373	chr14
contig-0016444	#338CC2	chr19
contig-0016445	#737373	chr14
contig-0016446	#737373	chr14
contig-0016447	#737373	chr14
contig-0016448	#737373	chr14
contig-0016449	#CCA0BF	chr18
contig-0016450	#CCA0BF	chr18
contig-0016451	#CCA0BF	chr18
contig-0016452	#CCA0BF	chr18
contig-0016453	#D58C66	chr20
contig-0016454	#D58C66	chr20
contig-0016455	#338CC2	chr19
contig-0016456	#D58C66	chr20
contig-0016457	#D58C66	chr20
contig-0016458	#D58C66	chr20
contig-0016459	#D58C66	chr20
contig-0016460	#56B4E9	chr2
contig-0016461	#56B4E9	chr2
contig-0016462	#E6AB23	chr8
contig-0016463	#E6AB23	chr8
contig-0016464	#E6AB23	chr8
contig-0016465	#E6AB23	chr8
contig-0016466	#009E73	chr3
contig-0016467	#338CC2	chr19
contig-0016468	#E6AB23	chr8
contig-0016469	#E6AB23	chr8
contig-0016470	#E6AB23	chr8
contig-0016471	#E6AB23	chr8
contig-0016472	#E6AB23	chr8
contig-0016473	#56B4E9	chr2
contig-0016474	#56B4E9	chr2
contig-0016475	#56B4E9	chr2
contig-0016476	#56B4E9	chr2
contig-0016477	#56B4E9	chr2
contig-0016478	#338CC2	chr19
contig-0016479	#D57533	chr13
contig-0016480	#E6C47F	chr22
contig-0016481	#737373	chr14
contig-0016482	#E6B847	chr15
contig-0016483	#E6B847	chr15
contig-0016484	#E6B847	chr15
contig-0016485	#E6B847	chr15
contig-0016486	#338CC2	chr19
contig-0016488	#E6AB23	chr8
contig-0016489	#E6AB23	chr8
contig-0016490	#E6AB23	chr8
contig-0016491	#E6AB23	chr8
contig-0016492	#E6AB23	chr8
contig-0016493	#E69F00	chr1
contig-0016494	#E69F00	chr1
contig-0016495	#E69F00	chr1
contig-0016496	#009E73	chr3
contig-0016498	#E69F00	chr1
contig-0016499	#E69F00	chr1
contig-0016500	#E69F00	chr1
contig-0016501	#E69F00	chr1
contig-0016502	#E69F00	chr1
contig-0016503	#808080	chr21
contig-0016504	#D57533	chr13
contig-0016505	#D57533	chr13
contig-0016506	#E6C47F	chr22
contig-0016507	#009E73	chr3
contig-0016508	#E6C47F	chr22
contig-0016509	#E6C47F	chr22
contig-0016510	#E6C47F	chr22
contig-0016511	#E6C47F	chr22
contig-0016512	#E6C47F	chr22
contig-0016513	#E6C47F	chr22
contig-0016514	#00B28C	chr17
contig-0016515	#00B28C	chr17
contig-0016516	#CC79A7	chr4
contig-0016517	#009E73	chr3
contig-0016518	#CC79A7	chr4
contig-0016519	#CC79A7	chr4
contig-0016520	#CC79A7	chr4
contig-0016521	#D57533	chr13
contig-0016522	#D57533	chr13
contig-0016523	#D57533	chr13
contig-0016524	#D57533	chr13
contig-0016525	#D57533	chr13
contig-0016526	#00B28C	chr17
contig-0016527	#00B28C	chr17
contig-0016528	#E6B847	chr15
contig-0016529	#00B28C	chr17
contig-0016530	#D57533	chr13
contig-0016531	#666666	chr7
contig-0016532	#666666	chr7
contig-0016533	#666666	chr7
contig-0016534	#56B4E9	chr2
contig-0016535	#56B4E9	chr2
contig-0016536	#56B4E9	chr2
contig-0016537	#56B4E9	chr2
contig-0016538	#56B4E9	chr2
contig-0016539	#E6B847	chr15
contig-0016540	#56B4E9	chr2
contig-0016541	#56B4E9	chr2
contig-0016542	#56B4E9	chr2
contig-0016543	#CCA0BF	chr18
contig-0016544	#CCA0BF	chr18
contig-0016545	#CCA0BF	chr18
contig-0016546	#009E73	chr3
contig-0016547	#009E73	chr3
contig-0016548	#009E73	chr3
contig-0016549	#009E73	chr3
contig-0016550	#E6B847	chr15
contig-0016551	#009E73	chr3
contig-0016552	#00B28C	chr17
contig-0016553	#00B28C	chr17
contig-0016554	#00B28C	chr17
contig-0016555	#666666	chr7
contig-0016556	#E6B847	chr15
contig-0016557	#D57533	chr13
contig-0016558	#E6C47F	chr22
contig-0016559	#0072B2	chr5
contig-0016560	#0072B2	chr5
contig-0016561	#D57533	chr13
contig-0016562	#D57533	chr13
contig-0016563	#D57533	chr13
contig-0016564	#1A7FBA	chr12
contig-0016565	#1A7FBA	chr12
contig-0016566	#009E73	chr3
contig-0016567	#E6B847	chr15
contig-0016568	#1A7FBA	chr12
contig-0016569	#1A7FBA	chr12
contig-0016570	#1A7FBA	chr12
contig-0016571	#0072B2	chr5
contig-0016572	#0072B2	chr5
contig-0016573	#0072B2	chr5
contig-0016574	#0072B2	chr5
contig-0016575	#0072B2	chr5
contig-0016576	#00A880	chr10
contig-0016577	#00A880	chr10
contig-0016578	#E69F00	chr1
contig-0016579	#CC8DB3	chr11
contig-0016580	#CC8DB3	chr11
contig-0016581	#CC8DB3	chr11
contig-0016582	#CC8DB3	chr11
contig-0016583	#CC8DB3	chr11
contig-0016584	#CC8DB3	chr11
contig-0016585	#E69F00	chr1
contig-0016586	#CC8DB3	chr11
contig-0016587	#D55E00	chr6
contig-0016588	#D55E00	chr6
contig-0016589	#D55E00	chr6
contig-0016590	#D55E00	chr6
contig-0016591	#D55E00	chr6
contig-0016592	#D57533	chr13
contig-0016593	#D57533	chr13
contig-0016594	#D57533	chr13
contig-0016595	#D57533	chr13
contig-0016596	#E69F00	chr1
contig-0016597	#D57533	chr13
contig-0016598	#D57533	chr13
contig-0016599	#D57533	chr13
contig-0016600	#666666	chr7
contig-0016601	#666666	chr7
contig-0016602	#666666	chr7
contig-0016603	#666666	chr7
contig-0016604	#666666	chr7
contig-0016605	#5699E9	chr9
contig-0016606	#5699E9	chr9
contig-0016607	#E69F00	chr1
contig-0016608	#5699E9	chr9
contig-0016609	#5699E9	chr9
contig-0016610	#5699E9	chr9
contig-0016611	#56B4E9	chr2
contig-0016612	#56B4E9	chr2
contig-0016613	#56B4E9	chr2
contig-0016614	#56B4E9	chr2
contig-0016615	#56B4E9	chr2
contig-0016616	#E69F00	chr1
contig-0016617	#56B4E9	chr2
contig-0016618	#56B4E9	chr2
contig-0016619	#E6AB23	chr8
contig-0016620	#E6AB23	chr8
contig-0016621	#E6AB23	chr8
contig-0016622	#5699E9	chr9
contig-0016623	#5699E9	chr9
contig-0016624	#5699E9	chr9
contig-0016625	#5699E9	chr9
contig-0016626	#CC8DB3	chr11
contig-0016627	#1A7FBA	chr12
contig-0016628	#CC8DB3	chr11
contig-0016629	#CC8DB3	chr11
contig-0016630	#1A7FBA	chr12
contig-0016631	#1A7FBA	chr12
contig-0016632	#1A7FBA	chr12
contig-0016633	#737373	chr14
contig-0016634	#737373	chr14
contig-0016635	#737373	chr14
contig-0016636	#737373	chr14
contig-0016637	#737373	chr14
contig-0016638	#808080	chr21
contig-0016639	#009E73	chr3
contig-0016640	#009E73	chr3
contig-0016641	#009E73	chr3
contig-0016642	#009E73	chr3
contig-0016643	#338CC2	chr19
contig-0016644	#E69F00	chr1
contig-0016645	#E69F00	chr1
contig-0016646	#E69F00	chr1
contig-0016647	#E69F00	chr1
contig-0016648	#56B4E9	chr2
contig-0016649	#56B4E9	chr2
contig-0016650	#56B4E9	chr2
contig-0016651	#56B4E9	chr2
contig-0016652	#567DE9	chr16
contig-0016653	#56B4E9	chr2
contig-0016654	#E6C47F	chr22
contig-0016655	#E69F00	chr1
contig-0016656	#E69F00	chr1
contig-0016657	#E69F00	chr1
contig-0016658	#E69F00	chr1
contig-0016659	#E69F00	chr1
contig-0016660	#567DE9	chr16
contig-0016661	#567DE9	chr16
contig-0016662	#567DE9	chr16
contig-0016663	#009E73	chr3
contig-0016664	#567DE9	chr16
contig-0016665	#567DE9	chr16
contig-0016666	#567DE9	chr16
contig-0016667	#338CC2	chr19
contig-0016668	#338CC2	chr19
contig-0016669	#338CC2	chr19
contig-0016670	#338CC2	chr19
contig-0016671	#338CC2	chr19
contig-0016672	#CC79A7	chr4
contig-0016673	#CC79A7	chr4
contig-0016674	#567DE9	chr16
contig-0016675	#CC79A7	chr4
contig-0016676	#E69F00	chr1
contig-0016677	#E69F00	chr1
contig-0016678	#E69F00	chr1
contig-0016679	#E69F00	chr1
contig-0016680	#E69F00	chr1
contig-0016682	#0072B2	chr5
contig-0016683	#0072B2	chr5
contig-0016684	#0072B2	chr5
contig-0016685	#567DE9	chr16
contig-0016686	#0072B2	chr5
contig-0016687	#D58C66	chr20
contig-0016688	#D58C66	chr20
contig-0016689	#D58C66	chr20
contig-0016690	#D58C66	chr20
contig-0016691	#D58C66	chr20
contig-0016692	#CC79A7	chr4
contig-0016693	#CC79A7	chr4
contig-0016694	#CC79A7	chr4
contig-0016695	#CC79A7	chr4
contig-0016696	#CC79A7	chr4
contig-0016697	#D57533	chr13
contig-0016698	#D57533	chr13
contig-0016699	#D57533	chr13
contig-0016700	#D57533	chr13
contig-0016701	#D57533	chr13
contig-0016702	#D57533	chr13
contig-0016703	#56B4E9	chr2
contig-0016704	#00A880	chr10
contig-0016705	#00A880	chr10
contig-0016706	#00A880	chr10
contig-0016707	#0072B2	chr5
contig-0016708	#0072B2	chr5
contig-0016709	#0072B2	chr5
contig-0016710	#E69F00	chr1
contig-0016711	#338CC2	chr19
contig-0016712	#338CC2	chr19
contig-0016713	#338CC2	chr19
contig-0016714	#56B4E9	chr2
contig-0016715	#338CC2	chr19
contig-0016716	#338CC2	chr19
contig-0016717	#338CC2	chr19
contig-0016718	#00A880	chr10
contig-0016719	#D57533	chr13
contig-0016720	#737373	chr14
contig-0016721	#56B4E9	chr2
contig-0016722	#56B4E9	chr2
contig-0016723	#56B4E9	chr2
contig-0016724	#56B4E9	chr2
contig-0016725	#56B4E9	chr2
contig-0016726	#56B4E9	chr2
contig-0016727	#D57533	chr13
contig-0016729	#5699E9	chr9
contig-0016730	#5699E9	chr9
contig-0016731	#5699E9	chr9
contig-0016732	#56B4E9	chr2
contig-0016733	#56B4E9	chr2
contig-0016734	#56B4E9	chr2
contig-0016735	#56B4E9	chr2
contig-0016736	#56B4E9	chr2
contig-0016737	#56B4E9	chr2
contig-0016738	#808080	chr21
contig-0016739	#808080	chr21
contig-0016740	#00B28C	chr17
contig-0016741	#00B28C	chr17
contig-0016742	#56B4E9	chr2
contig-0016743	#00B28C	chr17
contig-0016744	#00B28C	chr17
contig-0016745	#666666	chr7
contig-0016746	#666666	chr7
contig-0016747	#666666	chr7
contig-0016748	#666666	chr7
contig-0016749	#666666	chr7
contig-0016750	#1A7FBA	chr12
contig-0016751	#1A7FBA	chr12
contig-0016752	#CCA0BF	chr18
contig-0016753	#1A7FBA	chr12
contig-0016754	#1A7FBA	chr12
contig-0016755	#1A7FBA	chr12
contig-0016756	#00B28C	chr17
contig-0016757	#00B28C	chr17
contig-0016758	#00B28C	chr17
contig-0016759	#009E73	chr3
contig-0016760	#009E73	chr3
contig-0016761	#009E73	chr3
contig-0016762	#009E73	chr3
contig-0016764	#CCA0BF	chr18
contig-0016765	#0072B2	chr5
contig-0016766	#0072B2	chr5
contig-0016767	#0072B2	chr5
contig-0016768	#0072B2	chr5
contig-0016769	#0072B2	chr5
contig-0016770	#E69F00	chr1
contig-0016771	#E69F00	chr1
contig-0016772	#E69F00	chr1
contig-0016773	#E69F00	chr1
contig-0016774	#E69F00	chr1
contig-0016775	#CCA0BF	chr18
contig-0016776	#E69F00	chr1
contig-0016777	#E69F00	chr1
contig-0016778	#E69F00	chr1
contig-0016779	#E69F00	chr1
contig-0016780	#E69F00	chr1
contig-0016781	#0072B2	chr5
contig-0016782	#D57533	chr13
contig-0016783	#D57533	chr13
contig-0016784	#CCA0BF	chr18
contig-0016785	#D57533	chr13
contig-0016786	#D57533	chr13
contig-0016787	#D57533	chr13
contig-0016788	#00B28C	chr17
contig-0016789	#00B28C	chr17
contig-0016790	#00B28C	chr17
contig-0016791	#D57533	chr13
contig-0016792	#D57533	chr13
contig-0016793	#D57533	chr13
contig-0016794	#D57533	chr13
contig-0016795	#CCA0BF	chr18
contig-0016796	#D57533	chr13
contig-0016797	#0072B2	chr5
contig-0016798	#0072B2	chr5
contig-0016799	#0072B2	chr5
contig-0016800	#0072B2	chr5
contig-0016801	#0072B2	chr5
contig-0016802	#0072B2	chr5
contig-0016803	#0072B2	chr5
contig-0016804	#D57533	chr13
contig-0016805	#1A7FBA	chr12
contig-0016806	#D57533	chr13
contig-0016807	#D57533	chr13
contig-0016808	#808080	chr21
contig-0016809	#D57533	chr13
contig-0016810	#666666	chr7
contig-0016811	#666666	chr7
contig-0016812	#666666	chr7
contig-0016813	#666666	chr7
contig-0016814	#CC8DB3	chr11
contig-0016815	#1A7FBA	chr12
contig-0016816	#CC8DB3	chr11
contig-0016817	#CC8DB3	chr11
contig-0016818	#CC8DB3	chr11
contig-0016819	#E6B847	chr15
contig-0016820	#D57533	chr13
contig-0016821	#1A7FBA	chr12
contig-0016822	#D57533	chr13
contig-0016823	#D57533	chr13
contig-0016824	#D57533	chr13
contig-0016825	#D57533	chr13
contig-0016826	#D57533	chr13
contig-0016827	#D57533	chr13
contig-0016829	#D55E00	chr6
contig-0016830	#1A7FBA	chr12
contig-0016831	#D55E00	chr6
contig-0016832	#D55E00	chr6
contig-0016833	#D55E00	chr6
contig-0016834	#D55E00	chr6
contig-0016835	#D55E00	chr6
contig-0016836	#D55E00	chr6
contig-0016837	#1A7FBA	chr12
contig-0016838	#1A7FBA	chr12
contig-0016839	#1A7FBA	chr12
contig-0016840	#1A7FBA	chr12
contig-0016841	#1A7FBA	chr12
contig-0016842	#737373	chr14
contig-0016843	#E6C47F	chr22
contig-0016844	#E6B847	chr15
contig-0016845	#0072B2	chr5
contig-0016846	#1A7FBA	chr12
contig-0016847	#1A7FBA	chr12
contig-0016848	#1A7FBA	chr12
contig-0016850	#0072B2	chr5
contig-0016851	#1A7FBA	chr12
contig-0016852	#0072B2	chr5
contig-0016853	#0072B2	chr5
contig-0016854	#0072B2	chr5
contig-0016855	#0072B2	chr5
contig-0016856	#D57533	chr13
contig-0016857	#D57533	chr13
contig-0016858	#D57533	chr13
contig-0016859	#E6C47F	chr22
contig-0016860	#E6C47F	chr22
contig-0016861	#D57533	chr13
contig-0016862	#E69F00	chr1
contig-0016863	#1A7FBA	chr12
contig-0016864	#009E73	chr3
contig-0016865	#009E73	chr3
contig-0016866	#009E73	chr3
contig-0016867	#009E73	chr3
contig-0016868	#009E73	chr3
contig-0016869	#E6AB23	chr8
contig-0016870	#E6AB23	chr8
contig-0016871	#CC8DB3	chr11
contig-0016872	#E69F00	chr1
contig-0016873	#CC8DB3	chr11
contig-0016874	#CC8DB3	chr11
contig-0016875	#CC8DB3	chr11
contig-0016876	#CC8DB3	chr11
contig-0016877	#0072B2	chr5
contig-0016878	#0072B2	chr5
contig-0016879	#0072B2	chr5
contig-0016880	#0072B2	chr5
contig-0016881	#0072B2	chr5
contig-0016882	#E6B847	chr15
contig-0016883	#E69F00	chr1
contig-0016884	#E6B847	chr15
contig-0016885	#E6B847	chr15
contig-0016886	#E6B847	chr15
contig-0016887	#00A880	chr10
contig-0016888	#00A880	chr10
contig-0016889	#00A880	chr10
contig-0016890	#00A880	chr10
contig-0016891	#00A880	chr10
contig-0016892	#D57533	chr13
contig-0016893	#D57533	chr13
contig-0016894	#E69F00	chr1
contig-0016895	#E69F00	chr1
contig-0016896	#E69F00	chr1
contig-0016897	#E69F00	chr1
contig-0016898	#D58C66	chr20
contig-0016899	#D58C66	chr20
contig-0016900	#D58C66	chr20
contig-0016901	#D58C66	chr20
contig-0016902	#E69F00	chr1
contig-0016903	#D58C66	chr20
contig-0016904	#56B4E9	chr2
contig-0016905	#56B4E9	chr2
contig-0016906	#56B4E9	chr2
contig-0016907	#56B4E9	chr2
contig-0016908	#56B4E9	chr2
contig-0016909	#D58C66	chr20
contig-0016910	#D58C66	chr20
contig-0016911	#1A7FBA	chr12
contig-0016912	#1A7FBA	chr12
contig-0016913	#1A7FBA	chr12
contig-0016914	#1A7FBA	chr12
contig-0016915	#1A7FBA	chr12
contig-0016916	#0072B2	chr5
contig-0016917	#0072B2	chr5
contig-0016918	#0072B2	chr5
contig-0016919	#5699E9	chr9
contig-0016920	#E69F00	chr1
contig-0016921	#5699E9	chr9
contig-0016922	#CC79A7	chr4
contig-0016923	#CC79A7	chr4
contig-0016924	#CC79A7	chr4
contig-0016925	#CC79A7	chr4
contig-0016926	#CC79A7	chr4
contig-0016927	#1A7FBA	chr12
contig-0016928	#1A7FBA	chr12
contig-0016929	#E69F00	chr1
contig-0016930	#1A7FBA	chr12
contig-0016931	#1A7FBA	chr12
contig-0016932	#CC79A7	chr4
contig-0016933	#CC79A7	chr4
contig-0016934	#CC79A7	chr4
contig-0016935	#56B4E9	chr2
contig-0016936	#56B4E9	chr2
contig-0016937	#56B4E9	chr2
contig-0016938	#CC79A7	chr4
contig-0016939	#E69F00	chr1
contig-0016940	#CC79A7	chr4
contig-0016941	#1A7FBA	chr12
contig-0016942	#1A7FBA	chr12
contig-0016943	#1A7FBA	chr12
contig-0016944	#1A7FBA	chr12
contig-0016945	#1A7FBA	chr12
contig-0016946	#E6B847	chr15
contig-0016947	#E6B847	chr15
contig-0016948	#D58C66	chr20
contig-0016949	#808080	chr21
contig-0016950	#D57533	chr13
contig-0016951	#D57533	chr13
contig-0016952	#737373	chr14
contig-0016953	#D57533	chr13
contig-0016954	#56B4E9	chr2
contig-0016955	#56B4E9	chr2
contig-0016956	#56B4E9	chr2
contig-0016957	#56B4E9	chr2
contig-0016958	#56B4E9	chr2
contig-0016959	#E69F00	chr1
contig-0016960	#D58C66	chr20
contig-0016961	#666666	chr7
contig-0016962	#D55E00	chr6
contig-0016963	#56B4E9	chr2
contig-0016964	#56B4E9	chr2
contig-0016965	#56B4E9	chr2
contig-0016966	#56B4E9	chr2
contig-0016967	#00B28C	chr17
contig-0016968	#00B28C	chr17
contig-0016969	#D58C66	chr20
contig-0016970	#00B28C	chr17
contig-0016971	#00B28C	chr17
contig-0016972	#737373	chr14
contig-0016973	#737373	chr14
contig-0016974	#737373	chr14
contig-0016975	#737373	chr14
contig-0016976	#737373	chr14
contig-0016977	#00B28C	chr17
contig-0016978	#00B28C	chr17
contig-0016979	#D58C66	chr20
contig-0016980	#00B28C	chr17
contig-0016981	#00B28C	chr17
contig-0016982	#00B28C	chr17
contig-0016983	#666666	chr7
contig-0016984	#666666	chr7
contig-0016985	#666666	chr7
contig-0016986	#567DE9	chr16
contig-0016987	#D58C66	chr20
contig-0016988	#567DE9	chr16
contig-0016989	#567DE9	chr16
contig-0016990	#567DE9	chr16
contig-0016991	#567DE9	chr16
contig-0016992	#E69F00	chr1
contig-0016993	#E69F00	chr1
contig-0016994	#E69F00	chr1
contig-0016995	#00A880	chr10
contig-0016996	#00A880	chr10
contig-0016997	#D55E00	chr6
contig-0016998	#00A880	chr10
contig-0016999	#CC79A7	chr4
contig-0017000	#CC79A7	chr4
contig-0017001	#CC79A7	chr4
contig-0017002	#CC79A7	chr4
contig-0017004	#808080	chr21
contig-0017005	#808080	chr21
contig-0017006	#808080	chr21
contig-0017007	#808080	chr21
contig-0017008	#D55E00	chr6
contig-0017009	#808080	chr21
contig-0017010	#E6AB23	chr8
contig-0017011	#E6AB23	chr8
contig-0017012	#E6AB23	chr8
contig-0017013	#00A880	chr10
contig-0017014	#00A880	chr10
contig-0017016	#E6AB23	chr8
contig-0017017	#E6AB23	chr8
contig-0017018	#E6AB23	chr8
contig-0017019	#E6AB23	chr8
contig-0017020	#E6AB23	chr8
contig-0017021	#CC79A7	chr4
contig-0017022	#CC79A7	chr4
contig-0017023	#CC79A7	chr4
contig-0017024	#CC79A7	chr4
contig-0017025	#CC79A7	chr4
contig-0017026	#0072B2	chr5
contig-0017027	#E69F00	chr1
contig-0017028	#0072B2	chr5
contig-0017029	#0072B2	chr5
contig-0017030	#737373	chr14
contig-0017031	#737373	chr14
contig-0017032	#737373	chr14
contig-0017033	#737373	chr14
contig-0017034	#737373	chr14
contig-0017035	#00A880	chr10
contig-0017036	#00A880	chr10
contig-0017037	#00A880	chr10
contig-0017038	#E69F00	chr1
contig-0017039	#56B4E9	chr2
contig-0017040	#56B4E9	chr2
contig-0017041	#56B4E9	chr2
contig-0017042	#56B4E9	chr2
contig-0017043	#56B4E9	chr2
contig-0017044	#56B4E9	chr2
contig-0017045	#56B4E9	chr2
contig-0017046	#56B4E9	chr2
contig-0017047	#E69F00	chr1
contig-0017048	#D57533	chr13
contig-0017049	#E6C47F	chr22
contig-0017050	#D57533	chr13
contig-0017051	#D57533	chr13
contig-0017052	#D57533	chr13
contig-0017053	#D57533	chr13
contig-0017054	#E6C47F	chr22
contig-0017055	#E69F00	chr1
contig-0017056	#E69F00	chr1
contig-0017057	#E69F00	chr1
contig-0017058	#E69F00	chr1
contig-0017059	#D57533	chr13
contig-0017060	#D57533	chr13
contig-0017061	#D57533	chr13
contig-0017062	#D57533	chr13
contig-0017063	#E69F00	chr1
contig-0017064	#E69F00	chr1
contig-0017065	#E6C47F	chr22
contig-0017066	#E6C47F	chr22
contig-0017067	#E6C47F	chr22
contig-0017068	#E6C47F	chr22
contig-0017069	#E69F00	chr1
contig-0017070	#E6C47F	chr22
contig-0017071	#E6C47F	chr22
contig-0017072	#666666	chr7
contig-0017073	#666666	chr7
contig-0017074	#666666	chr7
contig-0017075	#666666	chr7
contig-0017076	#666666	chr7
contig-0017077	#666666	chr7
contig-0017078	#338CC2	chr19
contig-0017079	#E69F00	chr1
contig-0017080	#E69F00	chr1
contig-0017081	#E69F00	chr1
contig-0017082	#666666	chr7
contig-0017083	#666666	chr7
contig-0017084	#666666	chr7
contig-0017085	#666666	chr7
contig-0017086	#666666	chr7
contig-0017087	#00B28C	chr17
contig-0017088	#00B28C	chr17
contig-0017089	#338CC2	chr19
contig-0017090	#00B28C	chr17
contig-0017091	#D55E00	chr6
contig-0017092	#E69F00	chr1
contig-0017093	#E69F00	chr1
contig-0017094	#E69F00	chr1
contig-0017096	#338CC2	chr19
contig-0017097	#338CC2	chr19
contig-0017098	#338CC2	chr19
contig-0017099	#338CC2	chr19
contig-0017100	#338CC2	chr19
contig-0017101	#D58C66	chr20
contig-0017102	#0072B2	chr5
contig-0017103	#0072B2	chr5
contig-0017104	#CC79A7	chr4
contig-0017105	#CC79A7	chr4
contig-0017106	#CC79A7	chr4
contig-0017107	#CC79A7	chr4
contig-0017108	#338CC2	chr19
contig-0017109	#CC79A7	chr4
contig-0017110	#D55E00	chr6
contig-0017111	#D55E00	chr6
contig-0017112	#D55E00	chr6
contig-0017113	#D55E00	chr6
contig-0017114	#D55E00	chr6
contig-0017115	#D55E00	chr6
contig-0017116	#CC8DB3	chr11
contig-0017117	#338CC2	chr19
contig-0017118	#CC8DB3	chr11
contig-0017119	#CC8DB3	chr11
contig-0017120	#CC8DB3	chr11
contig-0017121	#E69F00	chr1
contig-0017122	#E69F00	chr1
contig-0017123	#E69F00	chr1
contig-0017124	#00B28C	chr17
contig-0017125	#0072B2	chr5
contig-0017126	#0072B2	chr5
contig-0017127	#0072B2	chr5
contig-0017128	#E6AB23	chr8
contig-0017129	#0072B2	chr5
contig-0017130	#0072B2	chr5
contig-0017131	#808080	chr21
contig-0017132	#808080	chr21
contig-0017133	#E6AB23	chr8
contig-0017134	#567DE9	chr16
contig-0017135	#567DE9	chr16
contig-0017136	#567DE9	chr16
contig-0017137	#E69F00	chr1
contig-0017138	#E69F00	chr1
contig-0017139	#E69F00	chr1
contig-0017140	#E69F00	chr1
contig-0017141	#E69F00	chr1
contig-0017143	#E6B847	chr15
contig-0017144	#E6AB23	chr8
contig-0017145	#E6B847	chr15
contig-0017146	#E6B847	chr15
contig-0017147	#E6B847	chr15
contig-0017148	#E6B847	chr15
contig-0017149	#5699E9	chr9
contig-0017150	#00B28C	chr17
contig-0017151	#00B28C	chr17
contig-0017152	#00B28C	chr17
contig-0017153	#00B28C	chr17
contig-0017154	#00B28C	chr17
contig-0017155	#E69F00	chr1
contig-0017156	#1A7FBA	chr12
contig-0017157	#D55E00	chr6
contig-0017158	#D55E00	chr6
contig-0017159	#E6C47F	chr22
contig-0017160	#00A880	chr10
contig-0017161	#00A880	chr10
contig-0017162	#00A880	chr10
contig-0017163	#00A880	chr10
contig-0017164	#00A880	chr10
contig-0017165	#00A880	chr10
contig-0017166	#00A880	chr10
contig-0017167	#D55E00	chr6
contig-0017168	#D55E00	chr6
contig-0017169	#D55E00	chr6
contig-0017170	#D55E00	chr6
contig-0017171	#D55E00	chr6
contig-0017172	#E6C47F	chr22
contig-0017173	#E6C47F	chr22
contig-0017174	#D57533	chr13
contig-0017175	#E6C47F	chr22
contig-0017176	#D57533	chr13
contig-0017177	#D57533	chr13
contig-0017178	#808080	chr21
contig-0017179	#D57533	chr13
contig-0017180	#D57533	chr13
contig-0017181	#56B4E9	chr2
contig-0017182	#56B4E9	chr2
contig-0017183	#56B4E9	chr2
contig-0017184	#CC79A7	chr4
contig-0017185	#CC79A7	chr4
contig-0017186	#D57533	chr13
contig-0017187	#CC79A7	chr4
contig-0017188	#E69F00	chr1
contig-0017189	#E69F00	chr1
contig-0017190	#E69F00	chr1
contig-0017191	#1A7FBA	chr12
contig-0017192	#1A7FBA	chr12
contig-0017193	#1A7FBA	chr12
contig-0017194	#1A7FBA	chr12
contig-0017195	#1A7FBA	chr12
contig-0017197	#D57533	chr13
contig-0017198	#0072B2	chr5
contig-0017199	#0072B2	chr5
contig-0017200	#0072B2	chr5
contig-0017201	#0072B2	chr5
contig-0017202	#0072B2	chr5
contig-0017203	#E6B847	chr15
contig-0017204	#E69F00	chr1
contig-0017205	#00B28C	chr17
contig-0017206	#E6B847	chr15
contig-0017207	#00B28C	chr17
contig-0017208	#D58C66	chr20
contig-0017209	#D58C66	chr20
contig-0017210	#567DE9	chr16
contig-0017211	#567DE9	chr16
contig-0017212	#567DE9	chr16
contig-0017213	#56B4E9	chr2
contig-0017214	#56B4E9	chr2
contig-0017215	#56B4E9	chr2
contig-0017216	#E6B847	chr15
contig-0017217	#338CC2	chr19
contig-0017218	#56B4E9	chr2
contig-0017219	#56B4E9	chr2
contig-0017220	#56B4E9	chr2
contig-0017221	#1A7FBA	chr12
contig-0017222	#1A7FBA	chr12
contig-0017223	#1A7FBA	chr12
contig-0017224	#1A7FBA	chr12
contig-0017225	#E6B847	chr15
contig-0017226	#1A7FBA	chr12
contig-0017227	#E6B847	chr15
contig-0017228	#E6B847	chr15
contig-0017229	#E6B847	chr15
contig-0017230	#E69F00	chr1
contig-0017231	#5699E9	chr9
contig-0017232	#5699E9	chr9
contig-0017233	#5699E9	chr9
contig-0017234	#E6B847	chr15
contig-0017235	#00B28C	chr17
contig-0017236	#00B28C	chr17
contig-0017237	#00B28C	chr17
contig-0017238	#00B28C	chr17
contig-0017239	#56B4E9	chr2
contig-0017240	#56B4E9	chr2
contig-0017241	#56B4E9	chr2
contig-0017242	#1A7FBA	chr12
contig-0017243	#1A7FBA	chr12
contig-0017244	#1A7FBA	chr12
contig-0017245	#E6B847	chr15
contig-0017246	#1A7FBA	chr12
contig-0017247	#808080	chr21
contig-0017248	#808080	chr21
contig-0017249	#808080	chr21
contig-0017250	#737373	chr14
contig-0017251	#737373	chr14
contig-0017252	#737373	chr14
contig-0017253	#737373	chr14
contig-0017254	#E69F00	chr1
contig-0017255	#5699E9	chr9
contig-0017256	#737373	chr14
contig-0017257	#1A7FBA	chr12
contig-0017261	#E69F00	chr1
contig-0017262	#E69F00	chr1
contig-0017263	#E69F00	chr1
contig-0017264	#5699E9	chr9
contig-0017265	#E69F00	chr1
contig-0017266	#E69F00	chr1
contig-0017267	#E69F00	chr1
contig-0017268	#E6C47F	chr22
contig-0017269	#737373	chr14
contig-0017271	#5699E9	chr9
contig-0017272	#808080	chr21
contig-0017273	#CC79A7	chr4
contig-0017274	#CC79A7	chr4
contig-0017275	#CC79A7	chr4
contig-0017276	#CC79A7	chr4
contig-0017277	#CC79A7	chr4
contig-0017278	#CC79A7	chr4
contig-0017279	#1A7FBA	chr12
contig-0017280	#1A7FBA	chr12
contig-0017281	#1A7FBA	chr12
contig-0017282	#5699E9	chr9
contig-0017283	#1A7FBA	chr12
contig-0017284	#1A7FBA	chr12
contig-0017286	#E6B847	chr15
contig-0017287	#E6B847	chr15
contig-0017288	#E6B847	chr15
contig-0017289	#D55E00	chr6
contig-0017290	#D55E00	chr6
contig-0017291	#D55E00	chr6
contig-0017292	#CC79A7	chr4
contig-0017293	#D55E00	chr6
contig-0017294	#D55E00	chr6
contig-0017295	#D55E00	chr6
contig-0017296	#D55E00	chr6
contig-0017297	#009E73	chr3
contig-0017298	#009E73	chr3
contig-0017299	#009E73	chr3
contig-0017300	#009E73	chr3
contig-0017301	#009E73	chr3
contig-0017302	#CC79A7	chr4
contig-0017304	#E6AB23	chr8
contig-0017305	#E6AB23	chr8
contig-0017306	#E6AB23	chr8
contig-0017307	#E6AB23	chr8
contig-0017308	#E6AB23	chr8
contig-0017310	#1A7FBA	chr12
contig-0017311	#1A7FBA	chr12
contig-0017312	#1A7FBA	chr12
contig-0017313	#CC79A7	chr4
contig-0017314	#5699E9	chr9
contig-0017315	#5699E9	chr9
contig-0017316	#5699E9	chr9
contig-0017317	#5699E9	chr9
contig-0017318	#5699E9	chr9
contig-0017319	#56B4E9	chr2
contig-0017320	#56B4E9	chr2
contig-0017321	#56B4E9	chr2
contig-0017322	#56B4E9	chr2
contig-0017323	#00A880	chr10
contig-0017324	#CC79A7	chr4
contig-0017325	#0072B2	chr5
contig-0017326	#0072B2	chr5
contig-0017327	#0072B2	chr5
contig-0017328	#0072B2	chr5
contig-0017329	#0072B2	chr5
contig-0017330	#338CC2	chr19
contig-0017331	#338CC2	chr19
contig-0017332	#338CC2	chr19
contig-0017333	#338CC2	chr19
contig-0017334	#338CC2	chr19
contig-0017335	#E69F00	chr1
contig-0017336	#E69F00	chr1
contig-0017337	#E69F00	chr1
contig-0017339	#808080	chr21
contig-0017340	#666666	chr7
contig-0017341	#666666	chr7
contig-0017342	#666666	chr7
contig-0017343	#666666	chr7
contig-0017344	#666666	chr7
contig-0017345	#CC79A7	chr4
contig-0017346	#666666	chr7
contig-0017347	#666666	chr7
contig-0017348	#666666	chr7
contig-0017349	#666666	chr7
contig-0017350	#666666	chr7
contig-0017351	#567DE9	chr16
contig-0017352	#567DE9	chr16
contig-0017353	#E69F00	chr1
contig-0017354	#E69F00	chr1
contig-0017355	#CC79A7	chr4
contig-0017356	#E69F00	chr1
contig-0017357	#E69F00	chr1
contig-0017358	#E69F00	chr1
contig-0017359	#808080	chr21
contig-0017360	#00B28C	chr17
contig-0017361	#00B28C	chr17
contig-0017362	#00B28C	chr17
contig-0017363	#D57533	chr13
contig-0017364	#D57533	chr13
contig-0017365	#D57533	chr13
contig-0017366	#E6B847	chr15
contig-0017367	#D57533	chr13
contig-0017368	#D57533	chr13
contig-0017369	#737373	chr14
contig-0017370	#737373	chr14
contig-0017371	#737373	chr14
contig-0017372	#737373	chr14
contig-0017374	#808080	chr21
contig-0017375	#E6B847	chr15
contig-0017376	#E6B847	chr15
contig-0017377	#737373	chr14
contig-0017378	#808080	chr21
contig-0017379	#9467BD	chrX
contig-0017380	#9467BD	chrX
contig-0017381	#9467BD	chrX
contig-0017382	#9467BD	chrX
contig-0017383	#9467BD	chrX
contig-0017384	#E6B847	chr15
contig-0017385	#00A880	chr10
contig-0017386	#00A880	chr10
contig-0017387	#00A880	chr10
contig-0017388	#00A880	chr10
contig-0017389	#338CC2	chr19
contig-0017390	#338CC2	chr19
contig-0017391	#338CC2	chr19
contig-0017392	#808080	chr21
contig-0017393	#808080	chr21
contig-0017394	#E6B847	chr15
contig-0017396	#E69F00	chr1
contig-0017397	#E69F00	chr1
contig-0017398	#E69F00	chr1
contig-0017400	#0072B2	chr5
contig-0017401	#0072B2	chr5
contig-0017402	#0072B2	chr5
contig-0017403	#D55E00	chr6
contig-0017404	#D55E00	chr6
contig-0017405	#338CC2	chr19
contig-0017406	#D55E00	chr6
contig-0017407	#808080	chr21
contig-0017408	#666666	chr7
contig-0017409	#666666	chr7
contig-0017410	#666666	chr7
contig-0017411	#0072B2	chr5
contig-0017412	#0072B2	chr5
contig-0017413	#0072B2	chr5
contig-0017414	#0072B2	chr5
contig-0017415	#0072B2	chr5
contig-0017416	#808080	chr21
contig-0017417	#808080	chr21
contig-0017418	#808080	chr21
contig-0017419	#808080	chr21
contig-0017420	#808080	chr21
contig-0017421	#56B4E9	chr2
contig-0017422	#56B4E9	chr2
contig-0017423	#D57533	chr13
contig-0017424	#56B4E9	chr2
contig-0017425	#56B4E9	chr2
contig-0017426	#56B4E9	chr2
contig-0017427	#009E73	chr3
contig-0017428	#009E73	chr3
contig-0017429	#009E73	chr3
contig-0017430	#009E73	chr3
contig-0017431	#009E73	chr3
contig-0017432	#D55E00	chr6
contig-0017433	#338CC2	chr19
contig-0017434	#5699E9	chr9
contig-0017435	#5699E9	chr9
contig-0017436	#5699E9	chr9
contig-0017437	#5699E9	chr9
contig-0017438	#5699E9	chr9
contig-0017439	#56B4E9	chr2
contig-0017440	#56B4E9	chr2
contig-0017441	#338CC2	chr19
contig-0017442	#338CC2	chr19
contig-0017443	#338CC2	chr19
contig-0017444	#338CC2	chr19
contig-0017445	#338CC2	chr19
contig-0017446	#338CC2	chr19
contig-0017447	#D58C66	chr20
contig-0017448	#D58C66	chr20
contig-0017449	#D58C66	chr20
contig-0017450	#D58C66	chr20
contig-0017451	#666666	chr7
contig-0017452	#666666	chr7
contig-0017453	#E69F00	chr1
contig-0017454	#E69F00	chr1
contig-0017455	#D58C66	chr20
contig-0017456	#CC79A7	chr4
contig-0017457	#CC79A7	chr4
contig-0017458	#CC79A7	chr4
contig-0017459	#E69F00	chr1
contig-0017460	#E69F00	chr1
contig-0017461	#E69F00	chr1
contig-0017462	#009E73	chr3
contig-0017463	#E69F00	chr1
contig-0017464	#E69F00	chr1
contig-0017465	#808080	chr21
contig-0017466	#808080	chr21
contig-0017467	#808080	chr21
contig-0017468	#808080	chr21
contig-0017469	#808080	chr21
contig-0017470	#56B4E9	chr2
contig-0017471	#56B4E9	chr2
contig-0017472	#56B4E9	chr2
contig-0017473	#009E73	chr3
contig-0017474	#56B4E9	chr2
contig-0017475	#56B4E9	chr2
contig-0017477	#E6AB23	chr8
contig-0017478	#666666	chr7
contig-0017479	#666666	chr7
contig-0017480	#666666	chr7
contig-0017481	#D58C66	chr20
contig-0017482	#808080	chr21
contig-0017483	#808080	chr21
contig-0017484	#808080	chr21
contig-0017485	#D57533	chr13
contig-0017486	#D57533	chr13
contig-0017487	#D57533	chr13
contig-0017488	#D57533	chr13
contig-0017489	#D57533	chr13
contig-0017490	#D58C66	chr20
contig-0017491	#D57533	chr13
contig-0017492	#0072B2	chr5
contig-0017493	#0072B2	chr5
contig-0017494	#0072B2	chr5
contig-0017495	#D57533	chr13
contig-0017496	#D57533	chr13
contig-0017497	#D57533	chr13
contig-0017498	#00B28C	chr17
contig-0017499	#D58C66	chr20
contig-0017500	#00B28C	chr17
contig-0017501	#00B28C	chr17
contig-0017502	#00B28C	chr17
contig-0017503	#00B28C	chr17
contig-0017504	#00B28C	chr17
contig-0017505	#00B28C	chr17
contig-0017506	#00B28C	chr17
contig-0017507	#00B28C	chr17
contig-0017508	#D57533	chr13
contig-0017509	#E6B847	chr15
contig-0017510	#9467BD	chrX
contig-0017511	#9467BD	chrX
contig-0017512	#9467BD	chrX
contig-0017513	#9467BD	chrX
contig-0017514	#CC8DB3	chr11
contig-0017515	#CC8DB3	chr11
contig-0017516	#CC8DB3	chr11
contig-0017517	#009E73	chr3
contig-0017518	#009E73	chr3
contig-0017519	#E6B847	chr15
contig-0017520	#009E73	chr3
contig-0017521	#009E73	chr3
contig-0017522	#009E73	chr3
contig-0017523	#00B28C	chr17
contig-0017524	#00B28C	chr17
contig-0017525	#00B28C	chr17
contig-0017526	#00B28C	chr17
contig-0017527	#00B28C	chr17
contig-0017528	#E69F00	chr1
contig-0017529	#E69F00	chr1
contig-0017530	#E6B847	chr15
contig-0017531	#E69F00	chr1
contig-0017532	#E69F00	chr1
contig-0017533	#E69F00	chr1
contig-0017534	#E6B847	chr15
contig-0017535	#E6B847	chr15
contig-0017536	#E6B847	chr15
contig-0017537	#E6B847	chr15
contig-0017538	#00B28C	chr17
contig-0017539	#00A880	chr10
contig-0017540	#00A880	chr10
contig-0017541	#00A880	chr10
contig-0017543	#CC8DB3	chr11
contig-0017544	#CC8DB3	chr11
contig-0017545	#CC8DB3	chr11
contig-0017546	#808080	chr21
contig-0017547	#E69F00	chr1
contig-0017548	#00B28C	chr17
contig-0017549	#808080	chr21
contig-0017550	#D55E00	chr6
contig-0017551	#D55E00	chr6
contig-0017552	#D55E00	chr6
contig-0017553	#D55E00	chr6
contig-0017554	#E69F00	chr1
contig-0017555	#E69F00	chr1
contig-0017556	#00B28C	chr17
contig-0017557	#E69F00	chr1
contig-0017558	#E69F00	chr1
contig-0017560	#808080	chr21
contig-0017561	#808080	chr21
contig-0017562	#808080	chr21
contig-0017563	#808080	chr21
contig-0017564	#808080	chr21
contig-0017565	#009E73	chr3
contig-0017566	#009E73	chr3
contig-0017567	#00B28C	chr17
contig-0017568	#009E73	chr3
contig-0017569	#5699E9	chr9
contig-0017571	#1A7FBA	chr12
contig-0017572	#1A7FBA	chr12
contig-0017573	#1A7FBA	chr12
contig-0017574	#CC79A7	chr4
contig-0017575	#CC79A7	chr4
contig-0017576	#00B28C	chr17
contig-0017577	#CC79A7	chr4
contig-0017578	#E69F00	chr1
contig-0017579	#E69F00	chr1
contig-0017580	#E69F00	chr1
contig-0017581	#E69F00	chr1
contig-0017582	#E69F00	chr1
contig-0017583	#737373	chr14
contig-0017584	#737373	chr14
contig-0017585	#737373	chr14
contig-0017586	#737373	chr14
contig-0017587	#737373	chr14
contig-0017588	#00B28C	chr17
contig-0017589	#00B28C	chr17
contig-0017590	#00B28C	chr17
contig-0017591	#00B28C	chr17
contig-0017592	#00B28C	chr17
contig-0017593	#E6B847	chr15
contig-0017594	#D55E00	chr6
contig-0017595	#D55E00	chr6
contig-0017596	#D55E00	chr6
contig-0017597	#00B28C	chr17
contig-0017598	#D55E00	chr6
contig-0017599	#D55E00	chr6
contig-0017600	#00B28C	chr17
contig-0017601	#666666	chr7
contig-0017602	#666666	chr7
contig-0017603	#666666	chr7
contig-0017604	#666666	chr7
contig-0017605	#737373	chr14
contig-0017606	#00B28C	chr17
contig-0017607	#737373	chr14
contig-0017608	#737373	chr14
contig-0017609	#737373	chr14
contig-0017610	#D55E00	chr6
contig-0017611	#D55E00	chr6
contig-0017612	#D55E00	chr6
contig-0017613	#D55E00	chr6
contig-0017614	#D55E00	chr6
contig-0017615	#D55E00	chr6
contig-0017616	#666666	chr7
contig-0017617	#E69F00	chr1
contig-0017618	#E69F00	chr1
contig-0017619	#E69F00	chr1
contig-0017620	#E69F00	chr1
contig-0017621	#E69F00	chr1
contig-0017624	#0072B2	chr5
contig-0017625	#0072B2	chr5
contig-0017626	#0072B2	chr5
contig-0017627	#D58C66	chr20
contig-0017628	#D58C66	chr20
contig-0017629	#D58C66	chr20
contig-0017630	#E6AB23	chr8
contig-0017631	#E6AB23	chr8
contig-0017632	#E6AB23	chr8
contig-0017633	#E6AB23	chr8
contig-0017634	#E6AB23	chr8
contig-0017635	#0072B2	chr5
contig-0017636	#666666	chr7
contig-0017637	#0072B2	chr5
contig-0017638	#0072B2	chr5
contig-0017639	#0072B2	chr5
contig-0017640	#0072B2	chr5
contig-0017641	#0072B2	chr5
contig-0017642	#00B28C	chr17
contig-0017643	#D55E00	chr6
contig-0017644	#E6C47F	chr22
contig-0017645	#E69F00	chr1
contig-0017646	#666666	chr7
contig-0017647	#E6C47F	chr22
contig-0017648	#009E73	chr3
contig-0017649	#009E73	chr3
contig-0017650	#009E73	chr3
contig-0017651	#009E73	chr3
contig-0017652	#009E73	chr3
contig-0017653	#E6AB23	chr8
contig-0017654	#E6AB23	chr8
contig-0017655	#E6AB23	chr8
contig-0017656	#CC79A7	chr4
contig-0017657	#1A7FBA	chr12
contig-0017658	#CC79A7	chr4
contig-0017659	#CC79A7	chr4
contig-0017660	#CC79A7	chr4
contig-0017661	#CC79A7	chr4
contig-0017662	#009E73	chr3
contig-0017663	#009E73	chr3
contig-0017664	#009E73	chr3
contig-0017665	#009E73	chr3
contig-0017666	#009E73	chr3
contig-0017667	#56B4E9	chr2
contig-0017668	#1A7FBA	chr12
contig-0017669	#56B4E9	chr2
contig-0017670	#56B4E9	chr2
contig-0017671	#56B4E9	chr2
contig-0017672	#CC79A7	chr4
contig-0017673	#CC79A7	chr4
contig-0017674	#CC79A7	chr4
contig-0017675	#CC79A7	chr4
contig-0017676	#CC79A7	chr4
contig-0017677	#CCA0BF	chr18
contig-0017678	#1A7FBA	chr12
contig-0017679	#1A7FBA	chr12
contig-0017680	#1A7FBA	chr12
contig-0017681	#1A7FBA	chr12
contig-0017682	#D57533	chr13
contig-0017683	#0072B2	chr5
contig-0017684	#0072B2	chr5
contig-0017685	#0072B2	chr5
contig-0017686	#0072B2	chr5
contig-0017687	#1A7FBA	chr12
contig-0017688	#0072B2	chr5
contig-0017689	#0072B2	chr5
contig-0017690	#0072B2	chr5
contig-0017691	#0072B2	chr5
contig-0017692	#0072B2	chr5
contig-0017693	#D55E00	chr6
contig-0017694	#D55E00	chr6
contig-0017695	#D55E00	chr6
contig-0017696	#D55E00	chr6
contig-0017697	#1A7FBA	chr12
contig-0017698	#D55E00	chr6
contig-0017699	#56B4E9	chr2
contig-0017700	#56B4E9	chr2
contig-0017701	#E6B847	chr15
contig-0017702	#E6B847	chr15
contig-0017703	#E6B847	chr15
contig-0017704	#E6B847	chr15
contig-0017705	#E6B847	chr15
contig-0017706	#666666	chr7
contig-0017707	#0072B2	chr5
contig-0017708	#666666	chr7
contig-0017709	#00A880	chr10
contig-0017710	#00A880	chr10
contig-0017711	#00A880	chr10
contig-0017712	#567DE9	chr16
contig-0017713	#0072B2	chr5
contig-0017714	#E69F00	chr1
contig-0017715	#0072B2	chr5
contig-0017716	#E69F00	chr1
contig-0017717	#E69F00	chr1
contig-0017718	#56B4E9	chr2
contig-0017719	#56B4E9	chr2
contig-0017720	#E6B847	chr15
contig-0017721	#E6B847	chr15
contig-0017722	#E69F00	chr1
contig-0017723	#E69F00	chr1
contig-0017724	#E69F00	chr1
contig-0017725	#E69F00	chr1
contig-0017726	#E69F00	chr1
contig-0017727	#009E73	chr3
contig-0017728	#009E73	chr3
contig-0017729	#009E73	chr3
contig-0017730	#0072B2	chr5
contig-0017731	#0072B2	chr5
contig-0017732	#0072B2	chr5
contig-0017733	#0072B2	chr5
contig-0017734	#737373	chr14
contig-0017735	#0072B2	chr5
contig-0017736	#CC8DB3	chr11
contig-0017737	#CC8DB3	chr11
contig-0017738	#CC8DB3	chr11
contig-0017739	#CC8DB3	chr11
contig-0017740	#CC8DB3	chr11
contig-0017741	#009E73	chr3
contig-0017742	#009E73	chr3
contig-0017743	#009E73	chr3
contig-0017744	#CC79A7	chr4
contig-0017745	#567DE9	chr16
contig-0017746	#567DE9	chr16
contig-0017747	#567DE9	chr16
contig-0017748	#56B4E9	chr2
contig-0017749	#56B4E9	chr2
contig-0017750	#56B4E9	chr2
contig-0017751	#1A7FBA	chr12
contig-0017752	#1A7FBA	chr12
contig-0017753	#1A7FBA	chr12
contig-0017754	#1A7FBA	chr12
contig-0017755	#CC79A7	chr4
contig-0017756	#1A7FBA	chr12
contig-0017757	#1A7FBA	chr12
contig-0017758	#338CC2	chr19
contig-0017759	#338CC2	chr19
contig-0017760	#338CC2	chr19
contig-0017761	#338CC2	chr19
contig-0017762	#338CC2	chr19
contig-0017763	#009E73	chr3
contig-0017764	#E6C47F	chr22
contig-0017765	#E6C47F	chr22
contig-0017766	#CC79A7	chr4
contig-0017767	#E6C47F	chr22
contig-0017768	#567DE9	chr16
contig-0017769	#567DE9	chr16
contig-0017770	#567DE9	chr16
contig-0017771	#567DE9	chr16
contig-0017772	#567DE9	chr16
contig-0017773	#E6C47F	chr22
contig-0017774	#E6C47F	chr22
contig-0017775	#666666	chr7
contig-0017776	#666666	chr7
contig-0017777	#CC79A7	chr4
contig-0017778	#666666	chr7
contig-0017779	#666666	chr7
contig-0017780	#666666	chr7
contig-0017781	#CC8DB3	chr11
contig-0017782	#CC8DB3	chr11
contig-0017783	#D55E00	chr6
contig-0017784	#D55E00	chr6
contig-0017785	#00A880	chr10
contig-0017786	#CC79A7	chr4
contig-0017787	#00A880	chr10
contig-0017788	#00A880	chr10
contig-0017789	#00A880	chr10
contig-0017790	#00A880	chr10
contig-0017791	#00A880	chr10
contig-0017792	#00A880	chr10
contig-0017793	#00A880	chr10
contig-0017794	#E69F00	chr1
contig-0017795	#E69F00	chr1
contig-0017796	#E69F00	chr1
contig-0017797	#E69F00	chr1
contig-0017798	#E69F00	chr1
contig-0017799	#E69F00	chr1
contig-0017800	#CC79A7	chr4
contig-0017801	#CC79A7	chr4
contig-0017802	#CC79A7	chr4
contig-0017803	#CC79A7	chr4
contig-0017804	#CC79A7	chr4
contig-0017805	#D55E00	chr6
contig-0017806	#D55E00	chr6
contig-0017807	#D55E00	chr6
contig-0017808	#00B28C	chr17
contig-0017809	#00B28C	chr17
contig-0017810	#009E73	chr3
contig-0017811	#009E73	chr3
contig-0017812	#009E73	chr3
contig-0017813	#009E73	chr3
contig-0017814	#009E73	chr3
contig-0017815	#009E73	chr3
contig-0017816	#E69F00	chr1
contig-0017817	#009E73	chr3
contig-0017818	#666666	chr7
contig-0017819	#666666	chr7
contig-0017820	#666666	chr7
contig-0017821	#808080	chr21
contig-0017822	#808080	chr21
contig-0017823	#808080	chr21
contig-0017824	#808080	chr21
contig-0017825	#D55E00	chr6
contig-0017826	#808080	chr21
contig-0017827	#808080	chr21
contig-0017828	#00B28C	chr17
contig-0017829	#00B28C	chr17
contig-0017830	#00B28C	chr17
contig-0017831	#808080	chr21
contig-0017832	#808080	chr21
contig-0017833	#808080	chr21
contig-0017834	#808080	chr21
contig-0017835	#737373	chr14
contig-0017836	#737373	chr14
contig-0017837	#E6B847	chr15
contig-0017838	#E6B847	chr15
contig-0017839	#E6B847	chr15
contig-0017840	#E6B847	chr15
contig-0017841	#00B28C	chr17
contig-0017842	#00B28C	chr17
contig-0017843	#00B28C	chr17
contig-0017844	#E69F00	chr1
contig-0017845	#00B28C	chr17
contig-0017846	#737373	chr14
contig-0017847	#737373	chr14
contig-0017848	#737373	chr14
contig-0017849	#737373	chr14
contig-0017850	#737373	chr14
contig-0017851	#808080	chr21
contig-0017852	#808080	chr21
contig-0017853	#808080	chr21
contig-0017854	#E69F00	chr1
contig-0017855	#808080	chr21
contig-0017856	#338CC2	chr19
contig-0017857	#338CC2	chr19
contig-0017858	#338CC2	chr19
contig-0017859	#338CC2	chr19
contig-0017860	#338CC2	chr19
contig-0017861	#808080	chr21
contig-0017862	#567DE9	chr16
contig-0017863	#567DE9	chr16
contig-0017864	#567DE9	chr16
contig-0017865	#E69F00	chr1
contig-0017866	#567DE9	chr16
contig-0017867	#567DE9	chr16
contig-0017868	#737373	chr14
contig-0017869	#737373	chr14
contig-0017870	#737373	chr14
contig-0017871	#737373	chr14
contig-0017872	#737373	chr14
contig-0017873	#737373	chr14
contig-0017874	#737373	chr14
contig-0017875	#E69F00	chr1
contig-0017876	#737373	chr14
contig-0017878	#E6B847	chr15
contig-0017879	#5699E9	chr9
contig-0017880	#5699E9	chr9
contig-0017881	#5699E9	chr9
contig-0017882	#0072B2	chr5
contig-0017883	#0072B2	chr5
contig-0017884	#0072B2	chr5
contig-0017885	#567DE9	chr16
contig-0017886	#567DE9	chr16
contig-0017887	#0072B2	chr5
contig-0017888	#0072B2	chr5
contig-0017889	#0072B2	chr5
contig-0017890	#808080	chr21
contig-0017891	#D57533	chr13
contig-0017892	#D57533	chr13
contig-0017893	#D57533	chr13
contig-0017894	#666666	chr7
contig-0017895	#D57533	chr13
contig-0017896	#338CC2	chr19
contig-0017897	#338CC2	chr19
contig-0017898	#338CC2	chr19
contig-0017899	#E69F00	chr1
contig-0017900	#E69F00	chr1
contig-0017901	#E69F00	chr1
contig-0017902	#E69F00	chr1
contig-0017903	#E69F00	chr1
contig-0017905	#56B4E9	chr2
contig-0017906	#56B4E9	chr2
contig-0017907	#56B4E9	chr2
contig-0017908	#56B4E9	chr2
contig-0017909	#D57533	chr13
contig-0017910	#D57533	chr13
contig-0017911	#D57533	chr13
contig-0017913	#56B4E9	chr2
contig-0017914	#666666	chr7
contig-0017915	#56B4E9	chr2
contig-0017916	#56B4E9	chr2
contig-0017917	#808080	chr21
contig-0017918	#808080	chr21
contig-0017919	#808080	chr21
contig-0017920	#9467BD	chrX
contig-0017921	#9467BD	chrX
contig-0017922	#009E73	chr3
contig-0017923	#009E73	chr3
contig-0017924	#E6C47F	chr22
contig-0017925	#009E73	chr3
contig-0017926	#567DE9	chr16
contig-0017927	#567DE9	chr16
contig-0017928	#567DE9	chr16
contig-0017929	#E6B847	chr15
contig-0017930	#009E73	chr3
contig-0017931	#009E73	chr3
contig-0017932	#009E73	chr3
contig-0017933	#D55E00	chr6
contig-0017934	#D55E00	chr6
contig-0017935	#E6C47F	chr22
contig-0017936	#D55E00	chr6
contig-0017937	#808080	chr21
contig-0017939	#D57533	chr13
contig-0017940	#CC8DB3	chr11
contig-0017941	#CC8DB3	chr11
contig-0017942	#CC8DB3	chr11
contig-0017944	#E6B847	chr15
contig-0017945	#5699E9	chr9
contig-0017946	#E6C47F	chr22
contig-0017947	#D57533	chr13
contig-0017948	#56B4E9	chr2
contig-0017949	#56B4E9	chr2
contig-0017950	#56B4E9	chr2
contig-0017951	#1A7FBA	chr12
contig-0017952	#1A7FBA	chr12
contig-0017953	#1A7FBA	chr12
contig-0017954	#1A7FBA	chr12
contig-0017955	#E69F00	chr1
contig-0017956	#E69F00	chr1
contig-0017957	#E69F00	chr1
contig-0017958	#00A880	chr10
contig-0017959	#00A880	chr10
contig-0017960	#00A880	chr10
contig-0017961	#00A880	chr10
contig-0017962	#00A880	chr10
contig-0017963	#1A7FBA	chr12
contig-0017964	#E6C47F	chr22
contig-0017965	#1A7FBA	chr12
contig-0017966	#1A7FBA	chr12
contig-0017967	#00B28C	chr17
contig-0017968	#00B28C	chr17
contig-0017969	#00B28C	chr17
contig-0017970	#00B28C	chr17
contig-0017971	#00B28C	chr17
contig-0017972	#1A7FBA	chr12
contig-0017973	#1A7FBA	chr12
contig-0017974	#1A7FBA	chr12
contig-0017975	#1A7FBA	chr12
contig-0017976	#1A7FBA	chr12
contig-0017977	#1A7FBA	chr12
contig-0017978	#5699E9	chr9
contig-0017979	#5699E9	chr9
contig-0017980	#5699E9	chr9
contig-0017981	#009E73	chr3
contig-0017982	#808080	chr21
contig-0017984	#D55E00	chr6
contig-0017985	#E6C47F	chr22
contig-0017986	#666666	chr7
contig-0017987	#666666	chr7
contig-0017988	#666666	chr7
contig-0017989	#E6B847	chr15
contig-0017990	#E6B847	chr15
contig-0017991	#E6B847	chr15
contig-0017992	#CC8DB3	chr11
contig-0017993	#CC8DB3	chr11
contig-0017994	#CC8DB3	chr11
contig-0017995	#D55E00	chr6
contig-0017996	#D55E00	chr6
contig-0017997	#D55E00	chr6
contig-0017998	#D55E00	chr6
contig-0017999	#D55E00	chr6
contig-0018000	#D55E00	chr6
contig-0018001	#E69F00	chr1
contig-0018002	#E69F00	chr1
contig-0018003	#E69F00	chr1
contig-0018004	#E69F00	chr1
contig-0018005	#009E73	chr3
contig-0018006	#D55E00	chr6
contig-0018007	#009E73	chr3
contig-0018008	#009E73	chr3
contig-0018009	#009E73	chr3
contig-0018010	#E6B847	chr15
contig-0018011	#E6B847	chr15
contig-0018012	#E6B847	chr15
contig-0018013	#E6B847	chr15
contig-0018014	#E6B847	chr15
contig-0018015	#0072B2	chr5
contig-0018016	#0072B2	chr5
contig-0018017	#D55E00	chr6
contig-0018018	#0072B2	chr5
contig-0018019	#00A880	chr10
contig-0018020	#00A880	chr10
contig-0018021	#D57533	chr13
contig-0018022	#D57533	chr13
contig-0018023	#D57533	chr13
contig-0018024	#D57533	chr13
contig-0018025	#D57533	chr13
contig-0018027	#D55E00	chr6
contig-0018028	#E69F00	chr1
contig-0018029	#E69F00	chr1
contig-0018030	#E69F00	chr1
contig-0018031	#E69F00	chr1
contig-0018032	#E69F00	chr1
contig-0018033	#E69F00	chr1
contig-0018034	#E69F00	chr1
contig-0018035	#E6C47F	chr22
contig-0018036	#E6C47F	chr22
contig-0018037	#E6C47F	chr22
contig-0018038	#D55E00	chr6
contig-0018039	#E6C47F	chr22
contig-0018040	#E69F00	chr1
contig-0018041	#E69F00	chr1
contig-0018042	#E69F00	chr1
contig-0018043	#E69F00	chr1
contig-0018044	#E69F00	chr1
contig-0018045	#E69F00	chr1
contig-0018046	#E69F00	chr1
contig-0018047	#E6AB23	chr8
contig-0018048	#E6AB23	chr8
contig-0018049	#E69F00	chr1
contig-0018050	#E6C47F	chr22
contig-0018051	#E6AB23	chr8
contig-0018052	#E6AB23	chr8
contig-0018053	#E6AB23	chr8
contig-0018054	#1A7FBA	chr12
contig-0018055	#1A7FBA	chr12
contig-0018056	#1A7FBA	chr12
contig-0018057	#1A7FBA	chr12
contig-0018058	#1A7FBA	chr12
contig-0018059	#56B4E9	chr2
contig-0018060	#56B4E9	chr2
contig-0018061	#56B4E9	chr2
contig-0018062	#56B4E9	chr2
contig-0018063	#E69F00	chr1
contig-0018064	#E6AB23	chr8
contig-0018065	#E6AB23	chr8
contig-0018066	#E6AB23	chr8
contig-0018068	#E69F00	chr1
contig-0018069	#E69F00	chr1
contig-0018071	#E69F00	chr1
contig-0018072	#D58C66	chr20
contig-0018073	#D58C66	chr20
contig-0018074	#D58C66	chr20
contig-0018075	#D58C66	chr20
contig-0018076	#D58C66	chr20
contig-0018077	#737373	chr14
contig-0018078	#737373	chr14
contig-0018079	#737373	chr14
contig-0018080	#E69F00	chr1
contig-0018081	#737373	chr14
contig-0018082	#737373	chr14
contig-0018083	#737373	chr14
contig-0018084	#0072B2	chr5
contig-0018085	#0072B2	chr5
contig-0018086	#0072B2	chr5
contig-0018087	#0072B2	chr5
contig-0018088	#E69F00	chr1
contig-0018089	#E69F00	chr1
contig-0018090	#E69F00	chr1
contig-0018091	#567DE9	chr16
contig-0018092	#567DE9	chr16
contig-0018093	#567DE9	chr16
contig-0018094	#567DE9	chr16
contig-0018095	#567DE9	chr16
contig-0018096	#567DE9	chr16
contig-0018097	#0072B2	chr5
contig-0018098	#0072B2	chr5
contig-0018099	#E69F00	chr1
contig-0018100	#0072B2	chr5
contig-0018101	#5699E9	chr9
contig-0018102	#5699E9	chr9
contig-0018103	#5699E9	chr9
contig-0018104	#5699E9	chr9
contig-0018105	#5699E9	chr9
contig-0018106	#5699E9	chr9
contig-0018107	#00A880	chr10
contig-0018108	#00A880	chr10
contig-0018109	#D58C66	chr20
contig-0018110	#E69F00	chr1
contig-0018111	#D58C66	chr20
contig-0018112	#D58C66	chr20
contig-0018113	#D58C66	chr20
contig-0018114	#E6AB23	chr8
contig-0018115	#E6AB23	chr8
contig-0018116	#E6AB23	chr8
contig-0018117	#E6AB23	chr8
contig-0018118	#E6AB23	chr8
contig-0018119	#E69F00	chr1
contig-0018120	#666666	chr7
contig-0018121	#666666	chr7
contig-0018122	#666666	chr7
contig-0018123	#E69F00	chr1
contig-0018124	#E69F00	chr1
contig-0018127	#E69F00	chr1
contig-0018128	#8C564B	chrY
contig-0018129	#CC79A7	chr4
contig-0018130	#CC79A7	chr4
contig-0018131	#CC79A7	chr4
contig-0018132	#CC79A7	chr4
contig-0018133	#CC79A7	chr4
contig-0018134	#666666	chr7
contig-0018135	#666666	chr7
contig-0018136	#666666	chr7
contig-0018138	#0072B2	chr5
contig-0018139	#0072B2	chr5
contig-0018140	#0072B2	chr5
contig-0018141	#0072B2	chr5
contig-0018142	#0072B2	chr5
contig-0018143	#0072B2	chr5
contig-0018144	#1A7FBA	chr12
contig-0018145	#1A7FBA	chr12
contig-0018146	#E69F00	chr1
contig-0018147	#8C564B	chrY
contig-0018148	#1A7FBA	chr12
contig-0018149	#00B28C	chr17
contig-0018150	#00B28C	chr17
contig-0018151	#00B28C	chr17
contig-0018152	#00B28C	chr17
contig-0018153	#666666	chr7
contig-0018154	#CCA0BF	chr18
contig-0018155	#CCA0BF	chr18
contig-0018156	#CCA0BF	chr18
contig-0018157	#CCA0BF	chr18
contig-0018158	#CCA0BF	chr18
contig-0018159	#338CC2	chr19
contig-0018160	#0072B2	chr5
contig-0018161	#0072B2	chr5
contig-0018162	#0072B2	chr5
contig-0018163	#0072B2	chr5
contig-0018164	#0072B2	chr5
contig-0018165	#8C564B	chrY
contig-0018166	#56B4E9	chr2
contig-0018167	#56B4E9	chr2
contig-0018168	#56B4E9	chr2
contig-0018169	#338CC2	chr19
contig-0018170	#338CC2	chr19
contig-0018171	#56B4E9	chr2
contig-0018172	#56B4E9	chr2
contig-0018173	#56B4E9	chr2
contig-0018174	#56B4E9	chr2
contig-0018175	#56B4E9	chr2
contig-0018176	#0072B2	chr5
contig-0018177	#CC79A7	chr4
contig-0018178	#CC79A7	chr4
contig-0018179	#CC79A7	chr4
contig-0018180	#009E73	chr3
contig-0018181	#009E73	chr3
contig-0018182	#009E73	chr3
contig-0018183	#009E73	chr3
contig-0018184	#009E73	chr3
contig-0018185	#E6C47F	chr22
contig-0018186	#E6C47F	chr22
contig-0018187	#0072B2	chr5
contig-0018188	#E6C47F	chr22
contig-0018189	#E6C47F	chr22
contig-0018190	#E6C47F	chr22
contig-0018191	#E6C47F	chr22
contig-0018192	#567DE9	chr16
contig-0018193	#567DE9	chr16
contig-0018194	#567DE9	chr16
contig-0018195	#567DE9	chr16
contig-0018196	#D58C66	chr20
contig-0018197	#0072B2	chr5
contig-0018198	#D58C66	chr20
contig-0018199	#D58C66	chr20
contig-0018200	#00A880	chr10
contig-0018201	#00A880	chr10
contig-0018202	#00A880	chr10
contig-0018203	#CC8DB3	chr11
contig-0018204	#CC8DB3	chr11
contig-0018205	#CC8DB3	chr11
contig-0018206	#CC8DB3	chr11
contig-0018207	#CC8DB3	chr11
contig-0018208	#0072B2	chr5
contig-0018209	#E6B847	chr15
contig-0018210	#E6B847	chr15
contig-0018211	#E6B847	chr15
contig-0018212	#CCA0BF	chr18
contig-0018213	#CCA0BF	chr18
contig-0018214	#CCA0BF	chr18
contig-0018215	#CCA0BF	chr18
contig-0018216	#CCA0BF	chr18
contig-0018217	#CC79A7	chr4
contig-0018218	#CC79A7	chr4
contig-0018219	#CC79A7	chr4
contig-0018220	#CC79A7	chr4
contig-0018221	#CC79A7	chr4
contig-0018222	#808080	chr21
contig-0018223	#737373	chr14
contig-0018224	#D57533	chr13
contig-0018225	#338CC2	chr19
contig-0018226	#338CC2	chr19
contig-0018227	#338CC2	chr19
contig-0018228	#0072B2	chr5
contig-0018229	#338CC2	chr19
contig-0018230	#CC8DB3	chr11
contig-0018231	#CC8DB3	chr11
contig-0018232	#CC8DB3	chr11
contig-0018233	#CC8DB3	chr11
contig-0018235	#737373	chr14
contig-0018236	#808080	chr21
contig-0018237	#808080	chr21
contig-0018238	#E69F00	chr1
contig-0018239	#0072B2	chr5
contig-0018240	#E69F00	chr1
contig-0018241	#E69F00	chr1
contig-0018242	#E69F00	chr1
contig-0018243	#E69F00	chr1
contig-0018244	#CC8DB3	chr11
contig-0018245	#CC8DB3	chr11
contig-0018246	#CC8DB3	chr11
contig-0018247	#CC8DB3	chr11
contig-0018248	#CC8DB3	chr11
contig-0018249	#0072B2	chr5
contig-0018250	#CCA0BF	chr18
contig-0018251	#E69F00	chr1
contig-0018252	#0072B2	chr5
contig-0018253	#0072B2	chr5
contig-0018254	#0072B2	chr5
contig-0018255	#E6AB23	chr8
contig-0018256	#E6AB23	chr8
contig-0018257	#E6AB23	chr8
contig-0018258	#E6AB23	chr8
contig-0018259	#5699E9	chr9
contig-0018260	#5699E9	chr9
contig-0018261	#5699E9	chr9
contig-0018262	#CCA0BF	chr18
contig-0018264	#E6B847	chr15
contig-0018265	#1A7FBA	chr12
contig-0018266	#1A7FBA	chr12
contig-0018267	#1A7FBA	chr12
contig-0018268	#1A7FBA	chr12
contig-0018269	#1A7FBA	chr12
contig-0018270	#56B4E9	chr2
contig-0018271	#56B4E9	chr2
contig-0018272	#56B4E9	chr2
contig-0018273	#CCA0BF	chr18
contig-0018274	#E69F00	chr1
contig-0018275	#E69F00	chr1
contig-0018276	#E69F00	chr1
contig-0018277	#E69F00	chr1
contig-0018278	#E69F00	chr1
contig-0018279	#CC8DB3	chr11
contig-0018280	#CC8DB3	chr11
contig-0018281	#CC8DB3	chr11
contig-0018282	#CC8DB3	chr11
contig-0018283	#CC8DB3	chr11
contig-0018284	#CCA0BF	chr18
contig-0018285	#CC8DB3	chr11
contig-0018286	#E6AB23	chr8
contig-0018287	#E6AB23	chr8
contig-0018288	#E6AB23	chr8
contig-0018289	#E6B847	chr15
contig-0018290	#E6B847	chr15
contig-0018291	#E6B847	chr15
contig-0018292	#E6B847	chr15
contig-0018293	#56B4E9	chr2
contig-0018294	#D55E00	chr6
contig-0018295	#56B4E9	chr2
contig-0018296	#56B4E9	chr2
contig-0018297	#E69F00	chr1
contig-0018298	#56B4E9	chr2
contig-0018299	#56B4E9	chr2
contig-0018300	#56B4E9	chr2
contig-0018301	#56B4E9	chr2
contig-0018302	#56B4E9	chr2
contig-0018303	#808080	chr21
contig-0018304	#808080	chr21
contig-0018305	#D55E00	chr6
contig-0018307	#808080	chr21
contig-0018308	#808080	chr21
contig-0018309	#808080	chr21
contig-0018310	#808080	chr21
contig-0018311	#808080	chr21
contig-0018312	#00A880	chr10
contig-0018313	#0072B2	chr5
contig-0018314	#0072B2	chr5
contig-0018315	#0072B2	chr5
contig-0018316	#D55E00	chr6
contig-0018317	#0072B2	chr5
contig-0018318	#0072B2	chr5
contig-0018319	#E69F00	chr1
contig-0018320	#E69F00	chr1
contig-0018321	#E69F00	chr1
contig-0018322	#E69F00	chr1
contig-0018323	#E69F00	chr1
contig-0018324	#E69F00	chr1
contig-0018325	#CC79A7	chr4
contig-0018326	#D55E00	chr6
contig-0018327	#CC79A7	chr4
contig-0018328	#CC8DB3	chr11
contig-0018329	#CC8DB3	chr11
contig-0018330	#CC8DB3	chr11
contig-0018331	#CC8DB3	chr11
contig-0018332	#CC8DB3	chr11
contig-0018333	#CC8DB3	chr11
contig-0018334	#CC8DB3	chr11
contig-0018335	#737373	chr14
contig-0018336	#737373	chr14
contig-0018337	#D55E00	chr6
contig-0018338	#737373	chr14
contig-0018339	#737373	chr14
contig-0018340	#737373	chr14
contig-0018341	#338CC2	chr19
contig-0018342	#338CC2	chr19
contig-0018343	#338CC2	chr19
contig-0018344	#338CC2	chr19
contig-0018345	#338CC2	chr19
contig-0018346	#CCA0BF	chr18
contig-0018347	#CCA0BF	chr18
contig-0018348	#CC79A7	chr4
contig-0018349	#CCA0BF	chr18
contig-0018350	#CCA0BF	chr18
contig-0018351	#CCA0BF	chr18
contig-0018352	#CCA0BF	chr18
contig-0018353	#0072B2	chr5
contig-0018354	#0072B2	chr5
contig-0018355	#0072B2	chr5
contig-0018356	#0072B2	chr5
contig-0018357	#0072B2	chr5
contig-0018358	#009E73	chr3
contig-0018359	#E69F00	chr1
contig-0018360	#D55E00	chr6
contig-0018361	#009E73	chr3
contig-0018362	#009E73	chr3
contig-0018363	#009E73	chr3
contig-0018364	#009E73	chr3
contig-0018365	#5699E9	chr9
contig-0018366	#5699E9	chr9
contig-0018367	#5699E9	chr9
contig-0018368	#0072B2	chr5
contig-0018369	#0072B2	chr5
contig-0018370	#0072B2	chr5
contig-0018371	#D55E00	chr6
contig-0018372	#0072B2	chr5
contig-0018373	#0072B2	chr5
contig-0018374	#5699E9	chr9
contig-0018375	#5699E9	chr9
contig-0018376	#5699E9	chr9
contig-0018377	#00A880	chr10
contig-0018378	#00A880	chr10
contig-0018379	#00A880	chr10
contig-0018380	#E69F00	chr1
contig-0018381	#E69F00	chr1
contig-0018382	#D55E00	chr6
contig-0018383	#E69F00	chr1
contig-0018384	#E69F00	chr1
contig-0018385	#E69F00	chr1
contig-0018386	#D57533	chr13
contig-0018387	#D57533	chr13
contig-0018388	#D57533	chr13
contig-0018389	#737373	chr14
contig-0018390	#00A880	chr10
contig-0018391	#737373	chr14
contig-0018392	#737373	chr14
contig-0018393	#737373	chr14
contig-0018394	#E6AB23	chr8
contig-0018395	#56B4E9	chr2
contig-0018396	#56B4E9	chr2
contig-0018397	#56B4E9	chr2
contig-0018398	#666666	chr7
contig-0018399	#666666	chr7
contig-0018400	#666666	chr7
contig-0018401	#00A880	chr10
contig-0018402	#666666	chr7
contig-0018403	#666666	chr7
contig-0018404	#CC8DB3	chr11
contig-0018405	#CC8DB3	chr11
contig-0018406	#CC8DB3	chr11
contig-0018407	#56B4E9	chr2
contig-0018408	#56B4E9	chr2
contig-0018409	#56B4E9	chr2
contig-0018410	#56B4E9	chr2
contig-0018411	#56B4E9	chr2
contig-0018412	#00A880	chr10
contig-0018413	#56B4E9	chr2
contig-0018414	#56B4E9	chr2
contig-0018415	#56B4E9	chr2
contig-0018416	#D57533	chr13
contig-0018417	#D57533	chr13
contig-0018418	#D57533	chr13
contig-0018419	#D57533	chr13
contig-0018420	#D57533	chr13
contig-0018421	#00B28C	chr17
contig-0018422	#00B28C	chr17
contig-0018423	#00A880	chr10
contig-0018424	#00B28C	chr17
contig-0018425	#E6B847	chr15
contig-0018426	#E6B847	chr15
contig-0018427	#E6B847	chr15
contig-0018428	#E69F00	chr1
contig-0018429	#E69F00	chr1
contig-0018430	#E69F00	chr1
contig-0018431	#E69F00	chr1
contig-0018432	#E69F00	chr1
contig-0018433	#CC8DB3	chr11
contig-0018434	#00A880	chr10
contig-0018435	#CC8DB3	chr11
contig-0018436	#0072B2	chr5
contig-0018437	#0072B2	chr5
contig-0018438	#0072B2	chr5
contig-0018439	#E6AB23	chr8
contig-0018440	#E6AB23	chr8
contig-0018441	#E6AB23	chr8
contig-0018442	#E6AB23	chr8
contig-0018443	#CC8DB3	chr11
contig-0018444	#E6AB23	chr8
contig-0018445	#D55E00	chr6
contig-0018446	#D55E00	chr6
contig-0018447	#D55E00	chr6
contig-0018448	#56B4E9	chr2
contig-0018449	#56B4E9	chr2
contig-0018450	#56B4E9	chr2
contig-0018451	#56B4E9	chr2
contig-0018452	#56B4E9	chr2
contig-0018453	#CC8DB3	chr11
contig-0018454	#56B4E9	chr2
contig-0018455	#0072B2	chr5
contig-0018456	#5699E9	chr9
contig-0018457	#808080	chr21
contig-0018458	#808080	chr21
contig-0018459	#56B4E9	chr2
contig-0018460	#56B4E9	chr2
contig-0018461	#56B4E9	chr2
contig-0018462	#E69F00	chr1
contig-0018463	#CC8DB3	chr11
contig-0018464	#666666	chr7
contig-0018465	#666666	chr7
contig-0018466	#666666	chr7
contig-0018467	#666666	chr7
contig-0018468	#666666	chr7
contig-0018469	#737373	chr14
contig-0018470	#737373	chr14
contig-0018471	#737373	chr14
contig-0018472	#009E73	chr3
contig-0018473	#CC8DB3	chr11
contig-0018474	#CC79A7	chr4
contig-0018475	#CC79A7	chr4
contig-0018476	#CC79A7	chr4
contig-0018477	#D58C66	chr20
contig-0018478	#D58C66	chr20
contig-0018479	#D58C66	chr20
contig-0018480	#CC8DB3	chr11
contig-0018481	#CCA0BF	chr18
contig-0018482	#CCA0BF	chr18
contig-0018483	#CCA0BF	chr18
contig-0018484	#CCA0BF	chr18
contig-0018485	#CCA0BF	chr18
contig-0018486	#D55E00	chr6
contig-0018487	#E69F00	chr1
contig-0018488	#E69F00	chr1
contig-0018489	#E69F00	chr1
contig-0018490	#1A7FBA	chr12
contig-0018491	#CC8DB3	chr11
contig-0018492	#1A7FBA	chr12
contig-0018493	#1A7FBA	chr12
contig-0018494	#1A7FBA	chr12
contig-0018495	#1A7FBA	chr12
contig-0018496	#E6B847	chr15
contig-0018497	#E6B847	chr15
contig-0018498	#E6B847	chr15
contig-0018499	#D55E00	chr6
contig-0018500	#D55E00	chr6
contig-0018501	#D55E00	chr6
contig-0018502	#CC8DB3	chr11
contig-0018503	#D55E00	chr6
contig-0018504	#D55E00	chr6
contig-0018505	#D55E00	chr6
contig-0018506	#D55E00	chr6
contig-0018507	#1A7FBA	chr12
contig-0018508	#1A7FBA	chr12
contig-0018509	#1A7FBA	chr12
contig-0018510	#0072B2	chr5
contig-0018511	#0072B2	chr5
contig-0018512	#0072B2	chr5
contig-0018513	#CC8DB3	chr11
contig-0018514	#0072B2	chr5
contig-0018515	#0072B2	chr5
contig-0018516	#D55E00	chr6
contig-0018517	#D55E00	chr6
contig-0018518	#D55E00	chr6
contig-0018519	#D55E00	chr6
contig-0018520	#D55E00	chr6
contig-0018521	#56B4E9	chr2
contig-0018522	#56B4E9	chr2
contig-0018523	#56B4E9	chr2
contig-0018524	#CC8DB3	chr11
contig-0018525	#E6AB23	chr8
contig-0018526	#E6AB23	chr8
contig-0018527	#E6AB23	chr8
contig-0018528	#E6AB23	chr8
contig-0018529	#E6AB23	chr8
contig-0018530	#CC79A7	chr4
contig-0018531	#CC79A7	chr4
contig-0018532	#CC79A7	chr4
contig-0018533	#CC79A7	chr4
contig-0018534	#E6B847	chr15
contig-0018535	#CC79A7	chr4
contig-0018536	#CC79A7	chr4
contig-0018537	#CC79A7	chr4
contig-0018538	#CC79A7	chr4
contig-0018539	#E6AB23	chr8
contig-0018540	#E6AB23	chr8
contig-0018541	#E6AB23	chr8
contig-0018542	#E6AB23	chr8
contig-0018543	#E6AB23	chr8
contig-0018544	#E6C47F	chr22
contig-0018545	#E6B847	chr15
contig-0018546	#009E73	chr3
contig-0018547	#009E73	chr3
contig-0018548	#009E73	chr3
contig-0018549	#E6B847	chr15
contig-0018550	#E6B847	chr15
contig-0018551	#E69F00	chr1
contig-0018552	#E69F00	chr1
contig-0018553	#E69F00	chr1
contig-0018554	#E69F00	chr1
contig-0018555	#E6B847	chr15
contig-0018556	#E69F00	chr1
contig-0018557	#E69F00	chr1
contig-0018558	#E69F00	chr1
contig-0018559	#E69F00	chr1
contig-0018560	#56B4E9	chr2
contig-0018561	#CCA0BF	chr18
contig-0018562	#CCA0BF	chr18
contig-0018563	#567DE9	chr16
contig-0018564	#E6B847	chr15
contig-0018565	#CCA0BF	chr18
contig-0018566	#56B4E9	chr2
contig-0018567	#56B4E9	chr2
contig-0018568	#56B4E9	chr2
contig-0018569	#56B4E9	chr2
contig-0018570	#56B4E9	chr2
contig-0018571	#E6AB23	chr8
contig-0018572	#E6AB23	chr8
contig-0018573	#E6B847	chr15
contig-0018574	#CCA0BF	chr18
contig-0018575	#E6B847	chr15
contig-0018576	#CCA0BF	chr18
contig-0018577	#CCA0BF	chr18
contig-0018578	#CCA0BF	chr18
contig-0018579	#CCA0BF	chr18
contig-0018580	#E6AB23	chr8
contig-0018581	#E6AB23	chr8
contig-0018582	#E6AB23	chr8
contig-0018583	#E6AB23	chr8
contig-0018584	#E6AB23	chr8
contig-0018585	#1A7FBA	chr12
contig-0018586	#E6B847	chr15
contig-0018587	#1A7FBA	chr12
contig-0018588	#1A7FBA	chr12
contig-0018589	#1A7FBA	chr12
contig-0018590	#1A7FBA	chr12
contig-0018591	#009E73	chr3
contig-0018592	#009E73	chr3
contig-0018593	#009E73	chr3
contig-0018594	#1A7FBA	chr12
contig-0018595	#1A7FBA	chr12
contig-0018596	#009E73	chr3
contig-0018597	#E6B847	chr15
contig-0018598	#009E73	chr3
contig-0018599	#009E73	chr3
contig-0018600	#009E73	chr3
contig-0018601	#009E73	chr3
contig-0018602	#CCA0BF	chr18
contig-0018603	#CCA0BF	chr18
contig-0018604	#CCA0BF	chr18
contig-0018605	#8C564B	chrY
contig-0018606	#9467BD	chrX
contig-0018607	#8C564B	chrY
contig-0018608	#CCA0BF	chr18
contig-0018609	#9467BD	chrX
contig-0018610	#9467BD	chrX
contig-0018611	#5699E9	chr9
contig-0018612	#5699E9	chr9
contig-0018613	#5699E9	chr9
contig-0018614	#5699E9	chr9
contig-0018615	#5699E9	chr9
contig-0018616	#0072B2	chr5
contig-0018617	#0072B2	chr5
contig-0018618	#0072B2	chr5
contig-0018619	#00B28C	chr17
contig-0018620	#0072B2	chr5
contig-0018621	#0072B2	chr5
contig-0018622	#CC8DB3	chr11
contig-0018623	#CC8DB3	chr11
contig-0018624	#CC8DB3	chr11
contig-0018625	#CC8DB3	chr11
contig-0018626	#CC8DB3	chr11
contig-0018627	#808080	chr21
contig-0018628	#CC8DB3	chr11
contig-0018629	#E6B847	chr15
contig-0018630	#00B28C	chr17
contig-0018631	#E6B847	chr15
contig-0018632	#E6B847	chr15
contig-0018633	#E6B847	chr15
contig-0018634	#D55E00	chr6
contig-0018635	#D55E00	chr6
contig-0018636	#D55E00	chr6
contig-0018637	#D55E00	chr6
contig-0018638	#D55E00	chr6
contig-0018639	#D55E00	chr6
contig-0018640	#D55E00	chr6
contig-0018641	#D55E00	chr6
contig-0018642	#D55E00	chr6
contig-0018643	#567DE9	chr16
contig-0018644	#00A880	chr10
contig-0018645	#00A880	chr10
contig-0018646	#00A880	chr10
contig-0018647	#666666	chr7
contig-0018648	#666666	chr7
contig-0018649	#666666	chr7
contig-0018650	#E69F00	chr1
contig-0018651	#00B28C	chr17
contig-0018652	#E69F00	chr1
contig-0018653	#E69F00	chr1
contig-0018654	#1A7FBA	chr12
contig-0018655	#1A7FBA	chr12
contig-0018656	#1A7FBA	chr12
contig-0018657	#1A7FBA	chr12
contig-0018658	#1A7FBA	chr12
contig-0018659	#56B4E9	chr2
contig-0018660	#E69F00	chr1
contig-0018661	#E69F00	chr1
contig-0018662	#E69F00	chr1
contig-0018663	#E69F00	chr1
contig-0018664	#E69F00	chr1
contig-0018665	#00A880	chr10
contig-0018666	#00A880	chr10
contig-0018667	#00A880	chr10
contig-0018668	#00A880	chr10
contig-0018669	#00A880	chr10
contig-0018670	#D55E00	chr6
contig-0018671	#567DE9	chr16
contig-0018672	#00B28C	chr17
contig-0018673	#0072B2	chr5
contig-0018674	#0072B2	chr5
contig-0018675	#0072B2	chr5
contig-0018676	#0072B2	chr5
contig-0018677	#009E73	chr3
contig-0018678	#009E73	chr3
contig-0018679	#009E73	chr3
contig-0018680	#0072B2	chr5
contig-0018681	#00B28C	chr17
contig-0018682	#0072B2	chr5
contig-0018683	#0072B2	chr5
contig-0018684	#0072B2	chr5
contig-0018685	#0072B2	chr5
contig-0018686	#0072B2	chr5
contig-0018687	#0072B2	chr5
contig-0018688	#666666	chr7
contig-0018689	#666666	chr7
contig-0018690	#666666	chr7
contig-0018691	#666666	chr7
contig-0018692	#CC8DB3	chr11
contig-0018693	#666666	chr7
contig-0018694	#E69F00	chr1
contig-0018695	#E69F00	chr1
contig-0018696	#E69F00	chr1
contig-0018697	#E69F00	chr1
contig-0018698	#E69F00	chr1
contig-0018699	#E69F00	chr1
contig-0018700	#CC8DB3	chr11
contig-0018701	#CC8DB3	chr11
contig-0018702	#CC8DB3	chr11
contig-0018703	#CC8DB3	chr11
contig-0018704	#CC8DB3	chr11
contig-0018705	#CC8DB3	chr11
contig-0018706	#E6B847	chr15
contig-0018707	#E6B847	chr15
contig-0018708	#E6B847	chr15
contig-0018709	#E6B847	chr15
contig-0018710	#E6B847	chr15
contig-0018711	#0072B2	chr5
contig-0018712	#0072B2	chr5
contig-0018713	#0072B2	chr5
contig-0018714	#CC8DB3	chr11
contig-0018715	#5699E9	chr9
contig-0018716	#5699E9	chr9
contig-0018717	#E6AB23	chr8
contig-0018718	#E6AB23	chr8
contig-0018719	#E6AB23	chr8
contig-0018720	#E6AB23	chr8
contig-0018721	#E6AB23	chr8
contig-0018722	#D55E00	chr6
contig-0018723	#D55E00	chr6
contig-0018724	#D55E00	chr6
contig-0018725	#CC8DB3	chr11
contig-0018726	#D55E00	chr6
contig-0018727	#D55E00	chr6
contig-0018728	#1A7FBA	chr12
contig-0018729	#1A7FBA	chr12
contig-0018730	#1A7FBA	chr12
contig-0018731	#CC79A7	chr4
contig-0018732	#CC79A7	chr4
contig-0018733	#CC79A7	chr4
contig-0018734	#CC79A7	chr4
contig-0018735	#CC79A7	chr4
contig-0018736	#CC8DB3	chr11
contig-0018737	#E6AB23	chr8
contig-0018738	#D55E00	chr6
contig-0018739	#D55E00	chr6
contig-0018740	#D55E00	chr6
contig-0018741	#737373	chr14
contig-0018742	#737373	chr14
contig-0018743	#E6B847	chr15
contig-0018744	#5699E9	chr9
contig-0018745	#5699E9	chr9
contig-0018746	#5699E9	chr9
contig-0018747	#D55E00	chr6
contig-0018748	#5699E9	chr9
contig-0018749	#5699E9	chr9
contig-0018750	#5699E9	chr9
contig-0018751	#5699E9	chr9
contig-0018752	#666666	chr7
contig-0018753	#666666	chr7
contig-0018754	#5699E9	chr9
contig-0018755	#5699E9	chr9
contig-0018756	#D55E00	chr6
contig-0018757	#00B28C	chr17
contig-0018758	#00B28C	chr17
contig-0018759	#0072B2	chr5
contig-0018760	#0072B2	chr5
contig-0018761	#0072B2	chr5
contig-0018762	#0072B2	chr5
contig-0018763	#1A7FBA	chr12
contig-0018764	#1A7FBA	chr12
contig-0018765	#737373	chr14
contig-0018766	#CC79A7	chr4
contig-0018767	#CC79A7	chr4
contig-0018768	#CC79A7	chr4
contig-0018769	#CC79A7	chr4
contig-0018770	#CC79A7	chr4
contig-0018771	#56B4E9	chr2
contig-0018772	#56B4E9	chr2
contig-0018773	#56B4E9	chr2
contig-0018774	#56B4E9	chr2
contig-0018775	#56B4E9	chr2
contig-0018776	#737373	chr14
contig-0018777	#00B28C	chr17
contig-0018778	#00A880	chr10
contig-0018779	#00A880	chr10
contig-0018780	#5699E9	chr9
contig-0018781	#5699E9	chr9
contig-0018782	#5699E9	chr9
contig-0018783	#737373	chr14
contig-0018784	#56B4E9	chr2
contig-0018785	#56B4E9	chr2
contig-0018786	#56B4E9	chr2
contig-0018787	#009E73	chr3
contig-0018788	#009E73	chr3
contig-0018789	#009E73	chr3
contig-0018790	#009E73	chr3
contig-0018791	#737373	chr14
contig-0018792	#0072B2	chr5
contig-0018793	#0072B2	chr5
contig-0018794	#0072B2	chr5
contig-0018795	#009E73	chr3
contig-0018796	#009E73	chr3
contig-0018797	#009E73	chr3
contig-0018798	#CC79A7	chr4
contig-0018799	#CC79A7	chr4
contig-0018800	#CC79A7	chr4
contig-0018801	#CCA0BF	chr18
contig-0018802	#737373	chr14
contig-0018803	#CCA0BF	chr18
contig-0018804	#0072B2	chr5
contig-0018805	#0072B2	chr5
contig-0018806	#0072B2	chr5
contig-0018807	#0072B2	chr5
contig-0018808	#0072B2	chr5
contig-0018809	#56B4E9	chr2
contig-0018810	#56B4E9	chr2
contig-0018811	#56B4E9	chr2
contig-0018812	#737373	chr14
contig-0018813	#E6B847	chr15
contig-0018814	#E6B847	chr15
contig-0018815	#E6B847	chr15
contig-0018816	#E6AB23	chr8
contig-0018817	#E6AB23	chr8
contig-0018818	#E6AB23	chr8
contig-0018819	#E6AB23	chr8
contig-0018820	#E6AB23	chr8
contig-0018821	#CC8DB3	chr11
contig-0018822	#CC8DB3	chr11
contig-0018823	#E6C47F	chr22
contig-0018824	#CC8DB3	chr11
contig-0018825	#CC8DB3	chr11
contig-0018826	#CC8DB3	chr11
contig-0018827	#737373	chr14
contig-0018828	#737373	chr14
contig-0018829	#737373	chr14
contig-0018830	#338CC2	chr19
contig-0018831	#338CC2	chr19
contig-0018832	#666666	chr7
contig-0018833	#338CC2	chr19
contig-0018834	#E69F00	chr1
contig-0018835	#CCA0BF	chr18
contig-0018836	#CCA0BF	chr18
contig-0018837	#CCA0BF	chr18
contig-0018838	#CCA0BF	chr18
contig-0018839	#5699E9	chr9
contig-0018840	#E69F00	chr1
contig-0018841	#E69F00	chr1
contig-0018842	#E69F00	chr1
contig-0018843	#E69F00	chr1
contig-0018844	#E69F00	chr1
contig-0018845	#E69F00	chr1
contig-0018846	#E69F00	chr1
contig-0018847	#E69F00	chr1
contig-0018848	#E69F00	chr1
contig-0018849	#E69F00	chr1
contig-0018850	#009E73	chr3
contig-0018851	#666666	chr7
contig-0018852	#009E73	chr3
contig-0018853	#009E73	chr3
contig-0018854	#009E73	chr3
contig-0018855	#009E73	chr3
contig-0018856	#E6AB23	chr8
contig-0018857	#E6AB23	chr8
contig-0018858	#E6AB23	chr8
contig-0018859	#666666	chr7
contig-0018860	#666666	chr7
contig-0018861	#666666	chr7
contig-0018862	#666666	chr7
contig-0018863	#D58C66	chr20
contig-0018864	#D58C66	chr20
contig-0018865	#D58C66	chr20
contig-0018866	#D58C66	chr20
contig-0018867	#D58C66	chr20
contig-0018868	#E6C47F	chr22
contig-0018869	#E6C47F	chr22
contig-0018870	#E6AB23	chr8
contig-0018871	#666666	chr7
contig-0018872	#E6C47F	chr22
contig-0018873	#009E73	chr3
contig-0018874	#009E73	chr3
contig-0018875	#009E73	chr3
contig-0018876	#009E73	chr3
contig-0018877	#009E73	chr3
contig-0018878	#00B28C	chr17
contig-0018879	#00B28C	chr17
contig-0018880	#00B28C	chr17
contig-0018881	#00B28C	chr17
contig-0018882	#666666	chr7
contig-0018883	#00B28C	chr17
contig-0018884	#D55E00	chr6
contig-0018885	#D55E00	chr6
contig-0018886	#D55E00	chr6
contig-0018887	#00A880	chr10
contig-0018888	#00A880	chr10
contig-0018889	#00A880	chr10
contig-0018890	#00A880	chr10
contig-0018891	#00A880	chr10
contig-0018892	#D57533	chr13
contig-0018893	#808080	chr21
contig-0018894	#D57533	chr13
contig-0018895	#D57533	chr13
contig-0018896	#D57533	chr13
contig-0018897	#D57533	chr13
contig-0018898	#00B28C	chr17
contig-0018899	#00B28C	chr17
contig-0018900	#00B28C	chr17
contig-0018901	#E6AB23	chr8
contig-0018902	#808080	chr21
contig-0018903	#E6AB23	chr8
contig-0018904	#E6AB23	chr8
contig-0018905	#E6AB23	chr8
contig-0018906	#D57533	chr13
contig-0018907	#D57533	chr13
contig-0018908	#D57533	chr13
contig-0018909	#56B4E9	chr2
contig-0018910	#56B4E9	chr2
contig-0018911	#56B4E9	chr2
contig-0018912	#56B4E9	chr2
contig-0018913	#808080	chr21
contig-0018914	#56B4E9	chr2
contig-0018915	#E6B847	chr15
contig-0018916	#338CC2	chr19
contig-0018917	#338CC2	chr19
contig-0018918	#338CC2	chr19
contig-0018919	#009E73	chr3
contig-0018920	#009E73	chr3
contig-0018921	#009E73	chr3
contig-0018922	#E69F00	chr1
contig-0018923	#737373	chr14
contig-0018924	#808080	chr21
contig-0018925	#D57533	chr13
contig-0018926	#56B4E9	chr2
contig-0018927	#56B4E9	chr2
contig-0018928	#56B4E9	chr2
contig-0018929	#E69F00	chr1
contig-0018930	#E69F00	chr1
contig-0018931	#808080	chr21
contig-0018932	#808080	chr21
contig-0018933	#808080	chr21
contig-0018934	#808080	chr21
contig-0018935	#808080	chr21
contig-0018936	#808080	chr21
contig-0018937	#56B4E9	chr2
contig-0018938	#56B4E9	chr2
contig-0018939	#56B4E9	chr2
contig-0018940	#56B4E9	chr2
contig-0018941	#56B4E9	chr2
contig-0018942	#0072B2	chr5
contig-0018943	#0072B2	chr5
contig-0018944	#D58C66	chr20
contig-0018945	#0072B2	chr5
contig-0018946	#0072B2	chr5
contig-0018947	#0072B2	chr5
contig-0018948	#00A880	chr10
contig-0018949	#00A880	chr10
contig-0018950	#00A880	chr10
contig-0018951	#00A880	chr10
contig-0018952	#00A880	chr10
contig-0018953	#CC8DB3	chr11
contig-0018954	#CC8DB3	chr11
contig-0018955	#D58C66	chr20
contig-0018956	#CC8DB3	chr11
contig-0018957	#CC8DB3	chr11
contig-0018958	#CC8DB3	chr11
contig-0018959	#0072B2	chr5
contig-0018960	#0072B2	chr5
contig-0018961	#0072B2	chr5
contig-0018962	#56B4E9	chr2
contig-0018963	#56B4E9	chr2
contig-0018964	#56B4E9	chr2
contig-0018965	#56B4E9	chr2
contig-0018966	#D58C66	chr20
contig-0018967	#56B4E9	chr2
contig-0018968	#666666	chr7
contig-0018969	#666666	chr7
contig-0018970	#666666	chr7
contig-0018971	#E69F00	chr1
contig-0018972	#E69F00	chr1
contig-0018973	#E69F00	chr1
contig-0018974	#E69F00	chr1
contig-0018975	#009E73	chr3
contig-0018976	#737373	chr14
contig-0018977	#E6AB23	chr8
contig-0018978	#D57533	chr13
contig-0018979	#CC79A7	chr4
contig-0018980	#CC79A7	chr4
contig-0018981	#CC79A7	chr4
contig-0018982	#E6AB23	chr8
contig-0018983	#E6AB23	chr8
contig-0018984	#E6AB23	chr8
contig-0018985	#E6AB23	chr8
contig-0018986	#E6AB23	chr8
contig-0018987	#E6AB23	chr8
contig-0018988	#E6AB23	chr8
contig-0018989	#E6C47F	chr22
contig-0018990	#00A880	chr10
contig-0018991	#1A7FBA	chr12
contig-0018992	#1A7FBA	chr12
contig-0018993	#1A7FBA	chr12
contig-0018994	#CC8DB3	chr11
contig-0018995	#CC8DB3	chr11
contig-0018996	#D57533	chr13
contig-0018997	#CC8DB3	chr11
contig-0018998	#CC8DB3	chr11
contig-0018999	#CC8DB3	chr11
contig-0019000	#CC8DB3	chr11
contig-0019001	#CC8DB3	chr11
contig-0019002	#CC8DB3	chr11
contig-0019003	#CC8DB3	chr11
contig-0019004	#CC8DB3	chr11
contig-0019005	#CC8DB3	chr11
contig-0019006	#E6C47F	chr22
contig-0019007	#009E73	chr3
contig-0019008	#009E73	chr3
contig-0019009	#009E73	chr3
contig-0019010	#009E73	chr3
contig-0019011	#009E73	chr3
contig-0019012	#0072B2	chr5
contig-0019013	#E6C47F	chr22
contig-0019014	#E6C47F	chr22
contig-0019015	#E6C47F	chr22
contig-0019016	#E6C47F	chr22
contig-0019017	#E6C47F	chr22
contig-0019018	#E6C47F	chr22
contig-0019019	#E6B847	chr15
contig-0019020	#E6C47F	chr22
contig-0019021	#E69F00	chr1
contig-0019022	#E69F00	chr1
contig-0019023	#E69F00	chr1
contig-0019024	#E69F00	chr1
contig-0019025	#E69F00	chr1
contig-0019026	#E69F00	chr1
contig-0019027	#338CC2	chr19
contig-0019028	#E69F00	chr1
contig-0019029	#E69F00	chr1
contig-0019030	#9467BD	chrX
contig-0019031	#0072B2	chr5
contig-0019032	#0072B2	chr5
contig-0019033	#0072B2	chr5
contig-0019034	#0072B2	chr5
contig-0019035	#0072B2	chr5
contig-0019036	#E6AB23	chr8
contig-0019037	#E6AB23	chr8
contig-0019038	#338CC2	chr19
contig-0019039	#E6AB23	chr8
contig-0019040	#D58C66	chr20
contig-0019041	#D58C66	chr20
contig-0019042	#D58C66	chr20
contig-0019043	#D58C66	chr20
contig-0019044	#D58C66	chr20
contig-0019045	#E69F00	chr1
contig-0019046	#E69F00	chr1
contig-0019047	#E69F00	chr1
contig-0019048	#E69F00	chr1
contig-0019049	#338CC2	chr19
contig-0019050	#E69F00	chr1
contig-0019051	#009E73	chr3
contig-0019052	#0072B2	chr5
contig-0019053	#0072B2	chr5
contig-0019054	#0072B2	chr5
contig-0019055	#009E73	chr3
contig-0019056	#009E73	chr3
contig-0019057	#009E73	chr3
contig-0019058	#338CC2	chr19
contig-0019059	#D58C66	chr20
contig-0019060	#D58C66	chr20
contig-0019061	#D58C66	chr20
contig-0019062	#D58C66	chr20
contig-0019063	#D58C66	chr20
contig-0019064	#D58C66	chr20
contig-0019065	#D58C66	chr20
contig-0019066	#E69F00	chr1
contig-0019067	#E69F00	chr1
contig-0019068	#E69F00	chr1
contig-0019069	#CC79A7	chr4
contig-0019070	#E69F00	chr1
contig-0019071	#E69F00	chr1
contig-0019072	#E69F00	chr1
contig-0019073	#D57533	chr13
contig-0019074	#D57533	chr13
contig-0019075	#D57533	chr13
contig-0019076	#D57533	chr13
contig-0019077	#D57533	chr13
contig-0019078	#E6AB23	chr8
contig-0019079	#E6AB23	chr8
contig-0019080	#CC79A7	chr4
contig-0019081	#E6AB23	chr8
contig-0019082	#E6AB23	chr8
contig-0019083	#CC8DB3	chr11
contig-0019084	#CC8DB3	chr11
contig-0019085	#CC8DB3	chr11
contig-0019086	#D58C66	chr20
contig-0019087	#D58C66	chr20
contig-0019088	#D58C66	chr20
contig-0019089	#D58C66	chr20
contig-0019090	#CC79A7	chr4
contig-0019091	#D55E00	chr6
contig-0019092	#D55E00	chr6
contig-0019093	#D55E00	chr6
contig-0019094	#D55E00	chr6
contig-0019095	#737373	chr14
contig-0019096	#737373	chr14
contig-0019097	#737373	chr14
contig-0019098	#737373	chr14
contig-0019099	#737373	chr14
contig-0019100	#CC8DB3	chr11
contig-0019101	#D55E00	chr6
contig-0019102	#D55E00	chr6
contig-0019103	#D55E00	chr6
contig-0019104	#D55E00	chr6
contig-0019105	#D55E00	chr6
contig-0019106	#E6B847	chr15
contig-0019107	#E6B847	chr15
contig-0019108	#E6B847	chr15
contig-0019109	#E6B847	chr15
contig-0019110	#E6B847	chr15
contig-0019111	#E6B847	chr15
contig-0019112	#E6B847	chr15
contig-0019113	#E6B847	chr15
contig-0019114	#5699E9	chr9
contig-0019115	#5699E9	chr9
contig-0019116	#5699E9	chr9
contig-0019117	#5699E9	chr9
contig-0019118	#5699E9	chr9
contig-0019119	#CC8DB3	chr11
contig-0019120	#00B28C	chr17
contig-0019121	#CC8DB3	chr11
contig-0019122	#CC8DB3	chr11
contig-0019123	#CC79A7	chr4
contig-0019124	#CC79A7	chr4
contig-0019125	#CC79A7	chr4
contig-0019126	#CC79A7	chr4
contig-0019127	#CC79A7	chr4
contig-0019128	#CC79A7	chr4
contig-0019129	#CC79A7	chr4
contig-0019130	#CC79A7	chr4
contig-0019131	#00B28C	chr17
contig-0019132	#CC79A7	chr4
contig-0019133	#CC79A7	chr4
contig-0019134	#0072B2	chr5
contig-0019135	#0072B2	chr5
contig-0019136	#D55E00	chr6
contig-0019137	#D55E00	chr6
contig-0019138	#D55E00	chr6
contig-0019139	#D55E00	chr6
contig-0019140	#D55E00	chr6
contig-0019141	#00B28C	chr17
contig-0019142	#00B28C	chr17
contig-0019143	#00B28C	chr17
contig-0019144	#00B28C	chr17
contig-0019145	#00B28C	chr17
contig-0019146	#00B28C	chr17
contig-0019147	#009E73	chr3
contig-0019148	#009E73	chr3
contig-0019149	#009E73	chr3
contig-0019150	#009E73	chr3
contig-0019151	#009E73	chr3
contig-0019152	#00B28C	chr17
contig-0019153	#666666	chr7
contig-0019154	#666666	chr7
contig-0019155	#666666	chr7
contig-0019156	#E6B847	chr15
contig-0019157	#E6B847	chr15
contig-0019158	#E6B847	chr15
contig-0019159	#E6B847	chr15
contig-0019160	#E6B847	chr15
contig-0019161	#1A7FBA	chr12
contig-0019162	#00B28C	chr17
contig-0019163	#1A7FBA	chr12
contig-0019164	#1A7FBA	chr12
contig-0019165	#D55E00	chr6
contig-0019166	#D55E00	chr6
contig-0019167	#D55E00	chr6
contig-0019168	#0072B2	chr5
contig-0019169	#0072B2	chr5
contig-0019170	#0072B2	chr5
contig-0019171	#0072B2	chr5
contig-0019172	#0072B2	chr5
contig-0019173	#E69F00	chr1
contig-0019174	#56B4E9	chr2
contig-0019175	#56B4E9	chr2
contig-0019176	#56B4E9	chr2
contig-0019177	#E69F00	chr1
contig-0019178	#E69F00	chr1
contig-0019179	#E69F00	chr1
contig-0019180	#E69F00	chr1
contig-0019181	#E69F00	chr1
contig-0019182	#E6AB23	chr8
contig-0019183	#E6AB23	chr8
contig-0019184	#E69F00	chr1
contig-0019185	#E6AB23	chr8
contig-0019186	#E6AB23	chr8
contig-0019187	#CC79A7	chr4
contig-0019188	#CC79A7	chr4
contig-0019189	#CC79A7	chr4
contig-0019190	#D55E00	chr6
contig-0019191	#D55E00	chr6
contig-0019192	#D55E00	chr6
contig-0019193	#D55E00	chr6
contig-0019194	#E69F00	chr1
contig-0019195	#D55E00	chr6
contig-0019196	#D55E00	chr6
contig-0019197	#00B28C	chr17
contig-0019198	#00B28C	chr17
contig-0019199	#00B28C	chr17
contig-0019200	#E6B847	chr15
contig-0019201	#E6B847	chr15
contig-0019202	#E6B847	chr15
contig-0019203	#E69F00	chr1
contig-0019204	#CC79A7	chr4
contig-0019205	#CC79A7	chr4
contig-0019206	#CC79A7	chr4
contig-0019207	#CC79A7	chr4
contig-0019208	#CC79A7	chr4
contig-0019209	#D55E00	chr6
contig-0019210	#D55E00	chr6
contig-0019211	#D55E00	chr6
contig-0019212	#D55E00	chr6
contig-0019213	#E69F00	chr1
contig-0019214	#00A880	chr10
contig-0019215	#00A880	chr10
contig-0019216	#00A880	chr10
contig-0019217	#00A880	chr10
contig-0019218	#CC8DB3	chr11
contig-0019219	#CC8DB3	chr11
contig-0019220	#CC8DB3	chr11
contig-0019221	#CC8DB3	chr11
contig-0019222	#D55E00	chr6
contig-0019223	#E69F00	chr1
contig-0019224	#D55E00	chr6
contig-0019225	#D55E00	chr6
contig-0019226	#D55E00	chr6
contig-0019227	#D55E00	chr6
contig-0019228	#E69F00	chr1
contig-0019229	#E69F00	chr1
contig-0019230	#E69F00	chr1
contig-0019231	#009E73	chr3
contig-0019232	#009E73	chr3
contig-0019233	#338CC2	chr19
contig-0019234	#E69F00	chr1
contig-0019235	#E69F00	chr1
contig-0019236	#E69F00	chr1
contig-0019237	#CC8DB3	chr11
contig-0019238	#CC8DB3	chr11
contig-0019239	#CC8DB3	chr11
contig-0019240	#CC8DB3	chr11
contig-0019241	#CC8DB3	chr11
contig-0019242	#CC8DB3	chr11
contig-0019243	#CC8DB3	chr11
contig-0019244	#E6B847	chr15
contig-0019245	#E6B847	chr15
contig-0019246	#E6B847	chr15
contig-0019247	#E6B847	chr15
contig-0019248	#E6B847	chr15
contig-0019249	#567DE9	chr16
contig-0019250	#567DE9	chr16
contig-0019251	#E6AB23	chr8
contig-0019252	#E6AB23	chr8
contig-0019253	#E6AB23	chr8
contig-0019254	#E6AB23	chr8
contig-0019255	#E6AB23	chr8
contig-0019256	#00A880	chr10
contig-0019257	#00A880	chr10
contig-0019258	#00A880	chr10
contig-0019259	#5699E9	chr9
contig-0019260	#5699E9	chr9
contig-0019261	#E6B847	chr15
contig-0019262	#5699E9	chr9
contig-0019263	#5699E9	chr9
contig-0019264	#5699E9	chr9
contig-0019265	#5699E9	chr9
contig-0019266	#CC79A7	chr4
contig-0019267	#00A880	chr10
contig-0019268	#00A880	chr10
contig-0019269	#00A880	chr10
contig-0019270	#E6AB23	chr8
contig-0019271	#E6AB23	chr8
contig-0019272	#E6AB23	chr8
contig-0019273	#E6AB23	chr8
contig-0019274	#E6AB23	chr8
contig-0019275	#CC8DB3	chr11
contig-0019276	#D57533	chr13
contig-0019277	#D57533	chr13
contig-0019278	#D57533	chr13
contig-0019279	#009E73	chr3
contig-0019280	#009E73	chr3
contig-0019281	#009E73	chr3