
Found 1 command tree.

Counting 142 (estimated) billion canonical 37-mers from 1 input file:
    sequence-file: /mnt/storage3b/projects/no_ngsd/ahgrosc1_2026_technology_comparison/DNBSEQ-T7/T05_L01_UDB-393_1.fq.gz


SIMPLE MODE
-----------

  Not possible.


COMPLEX MODE
------------

prefix     # of   struct   kmers/    segs/      min     data    total
  bits   prefix   memory   prefix   prefix   memory   memory   memory
------  -------  -------  -------  -------  -------  -------  -------
     1     2  P  1304 MB    35 GM    81 MS  8192  B   652 GB   653 GB
     2     4  P  1284 MB    17 GM    40 MS    16 kB   642 GB   643 GB
     3     8  P  1267 MB  9132 MM    19 MS    32 kB   633 GB   635 GB
     4    16  P  1248 MB  4566 MM  9991 kS    64 kB   624 GB   625 GB
     5    32  P  1233 MB  2283 MM  4932 kS   128 kB   616 GB   617 GB
     6    64  P  1215 MB  1141 MM  2430 kS   256 kB   607 GB   608 GB
     7   128  P  1195 MB   570 MM  1195 kS   512 kB   597 GB   598 GB
     8   256  P  1179 MB   285 MM   589 kS  1024 kB   589 GB   590 GB
     9   512  P  1161 MB   142 MM   289 kS  2048 kB   579 GB   580 GB
    10  1024  P  1144 MB    71 MM   142 kS  4096 kB   570 GB   571 GB
    11  2048  P  1130 MB    35 MM    70 kS  8192 kB   562 GB   563 GB
    12  4096  P  1119 MB    17 MM    34 kS    16 MB   553 GB   554 GB
    13  8192  P  1113 MB  9132 kM    17 kS    32 MB   544 GB   545 GB
    14    16 kP  1121 MB  4566 kM  8565  S    64 MB   535 GB   536 GB
    15    32 kP  1154 MB  2283 kM  4213  S   128 MB   526 GB   527 GB
    16    64 kP  1238 MB  1141 kM  2073  S   256 MB   518 GB   519 GB
    17   128 kP  1423 MB   570 kM  1019  S   512 MB   509 GB   510 GB
    18   256 kP  1808 MB   285 kM   500  S  1024 MB   500 GB   501 GB
    19   512 kP  2600 MB   142 kM   246  S  2048 MB   492 GB   494 GB
    20  1024 kP  4200 MB    71 kM   121  S  4096 MB   484 GB   488 GB
    21  2048 kP  7424 MB    35 kM    60  S  8192 MB   480 GB   487 GB
    22  4096 kP    13 GB    17 kM    29  S    16 GB   464 GB   477 GB  Best Value!
    23  8192 kP    26 GB  9133  M    15  S    32 GB   480 GB   506 GB
    24    16 MP    51 GB  4567  M     7  S    64 GB   448 GB   499 GB
    25    32 MP   102 GB  2284  M     4  S   128 GB   512 GB   614 GB
    26    64 MP   203 GB  1142  M     2  S   256 GB   512 GB   715 GB
    27   128 MP   405 GB   571  M     1  S   512 GB   512 GB   917 GB
    28   256 MP   810 GB   286  M     1  S  1024 GB  1024 GB  1834 GB
    29   512 MP  1620 GB   143  M     1  S  2048 GB  2048 GB  3668 GB
    30  1024 MP  3240 GB    72  M     1  S  4096 GB  4096 GB  7336 GB
    31  2048 MP  6480 GB    36  M     1  S  8192 GB  8192 GB    14 TB
    32  4096 MP    12 TB    18  M     1  S    16 TB    16 TB    28 TB


FINAL CONFIGURATION
-------------------

Estimated to require 942 GB memory out of 1511 GB allowed.
Estimated to require 2 batches.

Configured complex mode for 942.438 GB memory per batch, and up to 2 batches.

Start counting with THREADED method.
Used 42.016 GB / 1511.391 GB to store      1582901 kmers; need 0.000 GB to sort         1558 kmers
Used 42.230 GB / 1511.391 GB to store      3165903 kmers; need 0.000 GB to sort         3235 kmers
Used 42.367 GB / 1511.391 GB to store      4748907 kmers; need 0.000 GB to sort         4865 kmers
Used 42.542 GB / 1511.391 GB to store      7914915 kmers; need 0.000 GB to sort         8191 kmers
Used 42.700 GB / 1511.391 GB to store     12663927 kmers; need 0.000 GB to sort        12799 kmers
Used 42.836 GB / 1511.391 GB to store     18995943 kmers; need 0.000 GB to sort        18777 kmers
Used 42.968 GB / 1511.391 GB to store     28493967 kmers; need 0.000 GB to sort        27985 kmers
Used 43.095 GB / 1511.391 GB to store     42741003 kmers; need 0.001 GB to sort        42402 kmers
Used 43.224 GB / 1511.391 GB to store     66486063 kmers; need 0.001 GB to sort        65912 kmers
Used 43.351 GB / 1511.391 GB to store    104478063 kmers; need 0.002 GB to sort       103746 kmers
Used 43.478 GB / 1511.391 GB to store    159881896 kmers; need 0.002 GB to sort       160405 kmers
Used 43.604 GB / 1511.391 GB to store    223200352 kmers; need 0.003 GB to sort       222442 kmers
Used 43.729 GB / 1511.391 GB to store    284935731 kmers; need 0.004 GB to sort       283988 kmers
Used 43.853 GB / 1511.391 GB to store    341923527 kmers; need 0.005 GB to sort       340897 kmers
Used 43.978 GB / 1511.391 GB to store    394161737 kmers; need 0.006 GB to sort       392908 kmers
Used 44.105 GB / 1511.391 GB to store    443234215 kmers; need 0.007 GB to sort       441089 kmers
Used 44.232 GB / 1511.391 GB to store    489141189 kmers; need 0.007 GB to sort       486852 kmers
Used 44.359 GB / 1511.391 GB to store    531882131 kmers; need 0.008 GB to sort       528135 kmers
Used 44.484 GB / 1511.391 GB to store    571457069 kmers; need 0.008 GB to sort       566994 kmers
Used 44.609 GB / 1511.391 GB to store    609449031 kmers; need 0.009 GB to sort       604040 kmers
Used 44.735 GB / 1511.391 GB to store    645858003 kmers; need 0.010 GB to sort       640811 kmers
Used 44.862 GB / 1511.391 GB to store    680683953 kmers; need 0.010 GB to sort       676111 kmers
Used 44.987 GB / 1511.391 GB to store    713926917 kmers; need 0.011 GB to sort       710177 kmers
Used 45.115 GB / 1511.391 GB to store    747169941 kmers; need 0.011 GB to sort       744870 kmers
Used 45.242 GB / 1511.391 GB to store    778829737 kmers; need 0.012 GB to sort       776389 kmers
Used 45.372 GB / 1511.391 GB to store    810489703 kmers; need 0.012 GB to sort       807197 kmers
Used 45.498 GB / 1511.391 GB to store    840566729 kmers; need 0.012 GB to sort       837899 kmers
Used 45.627 GB / 1511.391 GB to store    870643670 kmers; need 0.013 GB to sort       866130 kmers
Used 45.757 GB / 1511.391 GB to store    900720660 kmers; need 0.013 GB to sort       895551 kmers
Used 45.886 GB / 1511.391 GB to store    929214648 kmers; need 0.014 GB to sort       924268 kmers
Used 46.016 GB / 1511.391 GB to store    957708367 kmers; need 0.014 GB to sort       952753 kmers
Used 46.147 GB / 1511.391 GB to store    986202439 kmers; need 0.015 GB to sort       980442 kmers
Used 46.273 GB / 1511.391 GB to store   1013113393 kmers; need 0.015 GB to sort      1007532 kmers
Used 46.401 GB / 1511.391 GB to store   1040024421 kmers; need 0.015 GB to sort      1033649 kmers
Used 46.531 GB / 1511.391 GB to store   1066935489 kmers; need 0.016 GB to sort      1059677 kmers
Used 46.662 GB / 1511.391 GB to store   1093846495 kmers; need 0.016 GB to sort      1085795 kmers
Used 46.793 GB / 1511.391 GB to store   1120757485 kmers; need 0.017 GB to sort      1112534 kmers
Used 46.919 GB / 1511.391 GB to store   1146085357 kmers; need 0.017 GB to sort      1137812 kmers
Used 47.045 GB / 1511.391 GB to store   1171413323 kmers; need 0.017 GB to sort      1162669 kmers
Used 47.172 GB / 1511.391 GB to store   1196741257 kmers; need 0.018 GB to sort      1187888 kmers
Used 47.299 GB / 1511.391 GB to store   1222068822 kmers; need 0.018 GB to sort      1213429 kmers
Used 47.428 GB / 1511.391 GB to store   1247396782 kmers; need 0.018 GB to sort      1238898 kmers
Used 47.558 GB / 1511.391 GB to store   1272724732 kmers; need 0.019 GB to sort      1264192 kmers
Used 47.687 GB / 1511.391 GB to store   1298052714 kmers; need 0.019 GB to sort      1290102 kmers
Used 47.817 GB / 1511.391 GB to store   1323380714 kmers; need 0.020 GB to sort      1314922 kmers
Used 47.946 GB / 1511.391 GB to store   1348708678 kmers; need 0.020 GB to sort      1340351 kmers
Used 48.071 GB / 1511.391 GB to store   1372453614 kmers; need 0.020 GB to sort      1365158 kmers
Used 48.204 GB / 1511.391 GB to store   1397781602 kmers; need 0.021 GB to sort      1391204 kmers
Used 48.336 GB / 1511.391 GB to store   1423109588 kmers; need 0.021 GB to sort      1415041 kmers
Used 48.462 GB / 1511.391 GB to store   1446854530 kmers; need 0.021 GB to sort      1439169 kmers
Used 48.587 GB / 1511.391 GB to store   1470599512 kmers; need 0.022 GB to sort      1463653 kmers
Used 48.712 GB / 1511.391 GB to store   1494344514 kmers; need 0.022 GB to sort      1488152 kmers
Used 48.838 GB / 1511.391 GB to store   1518089516 kmers; need 0.023 GB to sort      1511420 kmers
Used 48.965 GB / 1511.391 GB to store   1541834482 kmers; need 0.023 GB to sort      1535569 kmers
Used 49.092 GB / 1511.391 GB to store   1565579428 kmers; need 0.023 GB to sort      1559756 kmers
Used 49.220 GB / 1511.391 GB to store   1589324432 kmers; need 0.024 GB to sort      1582726 kmers
Used 49.348 GB / 1511.391 GB to store   1613069341 kmers; need 0.024 GB to sort      1606068 kmers
Used 49.476 GB / 1511.391 GB to store   1636814273 kmers; need 0.024 GB to sort      1629234 kmers
Used 49.604 GB / 1511.391 GB to store   1660559107 kmers; need 0.025 GB to sort      1652919 kmers
Used 49.733 GB / 1511.391 GB to store   1684304033 kmers; need 0.025 GB to sort      1677431 kmers
Used 49.861 GB / 1511.391 GB to store   1708049083 kmers; need 0.025 GB to sort      1700336 kmers
Used 49.990 GB / 1511.391 GB to store   1731793909 kmers; need 0.026 GB to sort      1724833 kmers
Used 50.120 GB / 1511.391 GB to store   1755538735 kmers; need 0.026 GB to sort      1749030 kmers
Used 50.249 GB / 1511.391 GB to store   1779283769 kmers; need 0.026 GB to sort      1773359 kmers
Used 50.378 GB / 1511.391 GB to store   1803028765 kmers; need 0.027 GB to sort      1797051 kmers
Used 50.509 GB / 1511.391 GB to store   1826773775 kmers; need 0.027 GB to sort      1820008 kmers
Used 50.640 GB / 1511.391 GB to store   1850518779 kmers; need 0.027 GB to sort      1843596 kmers
Used 50.770 GB / 1511.391 GB to store   1874263671 kmers; need 0.028 GB to sort      1867872 kmers
Used 50.900 GB / 1511.391 GB to store   1898008149 kmers; need 0.028 GB to sort      1892029 kmers
Used 51.031 GB / 1511.391 GB to store   1921753209 kmers; need 0.029 GB to sort      1915930 kmers
Used 51.162 GB / 1511.391 GB to store   1945498269 kmers; need 0.029 GB to sort      1939430 kmers
Used 51.292 GB / 1511.391 GB to store   1969243323 kmers; need 0.029 GB to sort      1962930 kmers
Used 51.423 GB / 1511.391 GB to store   1992987456 kmers; need 0.030 GB to sort      1986421 kmers
Used 51.555 GB / 1511.391 GB to store   2016732516 kmers; need 0.030 GB to sort      2010734 kmers
Used 51.687 GB / 1511.391 GB to store   2040477504 kmers; need 0.030 GB to sort      2034373 kmers
Used 51.819 GB / 1511.391 GB to store   2064222216 kmers; need 0.031 GB to sort      2058256 kmers
Used 51.951 GB / 1511.391 GB to store   2087967002 kmers; need 0.031 GB to sort      2082959 kmers
Used 52.082 GB / 1511.391 GB to store   2111712014 kmers; need 0.031 GB to sort      2106372 kmers
Used 52.214 GB / 1511.391 GB to store   2135456072 kmers; need 0.032 GB to sort      2130348 kmers
Used 52.346 GB / 1511.391 GB to store   2159200766 kmers; need 0.032 GB to sort      2153912 kmers
Used 52.479 GB / 1511.391 GB to store   2182945772 kmers; need 0.032 GB to sort      2178068 kmers
Used 52.612 GB / 1511.391 GB to store   2206690766 kmers; need 0.033 GB to sort      2201425 kmers
Used 52.744 GB / 1511.391 GB to store   2230435312 kmers; need 0.033 GB to sort      2225258 kmers
Used 52.877 GB / 1511.391 GB to store   2254179712 kmers; need 0.034 GB to sort      2248694 kmers
Used 53.009 GB / 1511.391 GB to store   2277924714 kmers; need 0.034 GB to sort      2272464 kmers
Used 53.142 GB / 1511.391 GB to store   2301669704 kmers; need 0.034 GB to sort      2296369 kmers
Used 53.274 GB / 1511.391 GB to store   2325414696 kmers; need 0.035 GB to sort      2320268 kmers
Used 53.399 GB / 1511.391 GB to store   2347576680 kmers; need 0.035 GB to sort      2342599 kmers
Used 53.524 GB / 1511.391 GB to store   2369738668 kmers; need 0.035 GB to sort      2365202 kmers
Used 53.657 GB / 1511.391 GB to store   2393483660 kmers; need 0.036 GB to sort      2388857 kmers
Used 53.790 GB / 1511.391 GB to store   2417228658 kmers; need 0.036 GB to sort      2412540 kmers
Used 53.915 GB / 1511.391 GB to store   2439390618 kmers; need 0.036 GB to sort      2434288 kmers
Used 54.048 GB / 1511.391 GB to store   2463135610 kmers; need 0.037 GB to sort      2458364 kmers
Used 54.173 GB / 1511.391 GB to store   2485297586 kmers; need 0.037 GB to sort      2480854 kmers
Used 54.305 GB / 1511.391 GB to store   2509042590 kmers; need 0.037 GB to sort      2504845 kmers
Used 54.430 GB / 1511.391 GB to store   2531204572 kmers; need 0.038 GB to sort      2526694 kmers
Used 54.563 GB / 1511.391 GB to store   2554949562 kmers; need 0.038 GB to sort      2550787 kmers
Used 54.696 GB / 1511.391 GB to store   2578694592 kmers; need 0.038 GB to sort      2574589 kmers
Used 54.822 GB / 1511.391 GB to store   2600856648 kmers; need 0.039 GB to sort      2597155 kmers
Used 54.947 GB / 1511.391 GB to store   2623018624 kmers; need 0.039 GB to sort      2620161 kmers
Used 55.073 GB / 1511.391 GB to store   2645180610 kmers; need 0.039 GB to sort      2642927 kmers
Used 55.198 GB / 1511.391 GB to store   2667342578 kmers; need 0.040 GB to sort      2665523 kmers
Used 55.323 GB / 1511.391 GB to store   2689504578 kmers; need 0.040 GB to sort      2688169 kmers
Used 55.456 GB / 1511.391 GB to store   2713249315 kmers; need 0.040 GB to sort      2711562 kmers
Used 55.582 GB / 1511.391 GB to store   2735411359 kmers; need 0.041 GB to sort      2733437 kmers
Used 55.708 GB / 1511.391 GB to store   2757573367 kmers; need 0.041 GB to sort      2756472 kmers
Used 55.834 GB / 1511.391 GB to store   2779735349 kmers; need 0.041 GB to sort      2779351 kmers
Used 55.960 GB / 1511.391 GB to store   2801897381 kmers; need 0.042 GB to sort      2801609 kmers
Used 56.085 GB / 1511.391 GB to store   2824059379 kmers; need 0.042 GB to sort      2824340 kmers
Used 56.212 GB / 1511.391 GB to store   2846221335 kmers; need 0.042 GB to sort      2846681 kmers
Used 56.336 GB / 1511.391 GB to store   2868383323 kmers; need 0.043 GB to sort      2868607 kmers
Used 56.463 GB / 1511.391 GB to store   2890545299 kmers; need 0.043 GB to sort      2890479 kmers
Used 56.590 GB / 1511.391 GB to store   2912707275 kmers; need 0.043 GB to sort      2912391 kmers
Used 56.715 GB / 1511.391 GB to store   2934869293 kmers; need 0.044 GB to sort      2935313 kmers
Used 56.841 GB / 1511.391 GB to store   2957031301 kmers; need 0.044 GB to sort      2957709 kmers
Used 56.967 GB / 1511.391 GB to store   2979193303 kmers; need 0.044 GB to sort      2979934 kmers
Used 57.092 GB / 1511.391 GB to store   3001355259 kmers; need 0.045 GB to sort      3001805 kmers
Used 57.218 GB / 1511.391 GB to store   3023517291 kmers; need 0.045 GB to sort      3023144 kmers
Used 57.344 GB / 1511.391 GB to store   3045679253 kmers; need 0.045 GB to sort      3045744 kmers
Used 57.469 GB / 1511.391 GB to store   3067841275 kmers; need 0.046 GB to sort      3068771 kmers
Used 57.597 GB / 1511.391 GB to store   3090003249 kmers; need 0.046 GB to sort      3090582 kmers
Used 57.723 GB / 1511.391 GB to store   3112165217 kmers; need 0.046 GB to sort      3112248 kmers
Used 57.850 GB / 1511.391 GB to store   3134327159 kmers; need 0.047 GB to sort      3135583 kmers
Used 57.978 GB / 1511.391 GB to store   3156489153 kmers; need 0.047 GB to sort      3158445 kmers
Used 58.105 GB / 1511.391 GB to store   3178651143 kmers; need 0.047 GB to sort      3181092 kmers
Used 58.230 GB / 1511.391 GB to store   3200813109 kmers; need 0.048 GB to sort      3204709 kmers
Used 58.357 GB / 1511.391 GB to store   3222975069 kmers; need 0.048 GB to sort      3227366 kmers
Used 58.484 GB / 1511.391 GB to store   3245137051 kmers; need 0.048 GB to sort      3249638 kmers
Used 58.610 GB / 1511.391 GB to store   3267299027 kmers; need 0.049 GB to sort      3272184 kmers
Used 58.737 GB / 1511.391 GB to store   3289460973 kmers; need 0.049 GB to sort      3294482 kmers
Used 58.864 GB / 1511.391 GB to store   3311622885 kmers; need 0.049 GB to sort      3316661 kmers
Used 58.990 GB / 1511.391 GB to store   3333784833 kmers; need 0.050 GB to sort      3339815 kmers
Used 59.117 GB / 1511.391 GB to store   3355946742 kmers; need 0.050 GB to sort      3362927 kmers
Used 59.244 GB / 1511.391 GB to store   3378108610 kmers; need 0.050 GB to sort      3385768 kmers
Used 59.371 GB / 1511.391 GB to store   3400270596 kmers; need 0.051 GB to sort      3408619 kmers
Used 59.498 GB / 1511.391 GB to store   3422432504 kmers; need 0.051 GB to sort      3431596 kmers
Used 59.626 GB / 1511.391 GB to store   3444594512 kmers; need 0.051 GB to sort      3454570 kmers
Used 59.751 GB / 1511.391 GB to store   3466756488 kmers; need 0.052 GB to sort      3476445 kmers
Used 59.879 GB / 1511.391 GB to store   3488918448 kmers; need 0.052 GB to sort      3498306 kmers
Used 60.005 GB / 1511.391 GB to store   3511080344 kmers; need 0.052 GB to sort      3521162 kmers
Used 60.134 GB / 1511.391 GB to store   3533242368 kmers; need 0.053 GB to sort      3544628 kmers
Used 60.260 GB / 1511.391 GB to store   3555404388 kmers; need 0.053 GB to sort      3566768 kmers
Used 60.387 GB / 1511.391 GB to store   3577566444 kmers; need 0.053 GB to sort      3588515 kmers
Used 60.514 GB / 1511.391 GB to store   3599728482 kmers; need 0.054 GB to sort      3610926 kmers
Used 60.640 GB / 1511.391 GB to store   3621890534 kmers; need 0.054 GB to sort      3633204 kmers
Used 60.767 GB / 1511.391 GB to store   3644052511 kmers; need 0.054 GB to sort      3654392 kmers
Used 60.894 GB / 1511.391 GB to store   3666214467 kmers; need 0.055 GB to sort      3676231 kmers
Used 61.021 GB / 1511.391 GB to store   3688376425 kmers; need 0.055 GB to sort      3698367 kmers
Used 61.148 GB / 1511.391 GB to store   3710538399 kmers; need 0.055 GB to sort      3720389 kmers
Used 61.275 GB / 1511.391 GB to store   3732700455 kmers; need 0.056 GB to sort      3742869 kmers
Used 61.403 GB / 1511.391 GB to store   3754862439 kmers; need 0.056 GB to sort      3764686 kmers
Used 61.530 GB / 1511.391 GB to store   3777024454 kmers; need 0.056 GB to sort      3786703 kmers
Used 61.658 GB / 1511.391 GB to store   3799186480 kmers; need 0.057 GB to sort      3809125 kmers
Used 61.786 GB / 1511.391 GB to store   3821348496 kmers; need 0.057 GB to sort      3831083 kmers
Used 61.914 GB / 1511.391 GB to store   3843508989 kmers; need 0.057 GB to sort      3852926 kmers
Used 62.041 GB / 1511.391 GB to store   3865670499 kmers; need 0.058 GB to sort      3874505 kmers
Used 62.169 GB / 1511.391 GB to store   3887832523 kmers; need 0.058 GB to sort      3897633 kmers
Used 62.296 GB / 1511.391 GB to store   3909994579 kmers; need 0.058 GB to sort      3920496 kmers
Used 62.423 GB / 1511.391 GB to store   3932156627 kmers; need 0.059 GB to sort      3942543 kmers
Used 62.551 GB / 1511.391 GB to store   3954318631 kmers; need 0.059 GB to sort      3965246 kmers
Used 62.678 GB / 1511.391 GB to store   3976480613 kmers; need 0.059 GB to sort      3986968 kmers
Used 62.805 GB / 1511.391 GB to store   3998642597 kmers; need 0.060 GB to sort      4009598 kmers
Used 62.933 GB / 1511.391 GB to store   4020804587 kmers; need 0.060 GB to sort      4030752 kmers
Used 63.061 GB / 1511.391 GB to store   4042966567 kmers; need 0.060 GB to sort      4052451 kmers
Used 63.189 GB / 1511.391 GB to store   4065128561 kmers; need 0.061 GB to sort      4074969 kmers
Used 63.317 GB / 1511.391 GB to store   4087290533 kmers; need 0.061 GB to sort      4097838 kmers
Used 63.444 GB / 1511.391 GB to store   4109452549 kmers; need 0.061 GB to sort      4120272 kmers
Used 63.570 GB / 1511.391 GB to store   4131614559 kmers; need 0.062 GB to sort      4142745 kmers
Used 63.698 GB / 1511.391 GB to store   4153776551 kmers; need 0.062 GB to sort      4164442 kmers
Used 63.825 GB / 1511.391 GB to store   4175938565 kmers; need 0.062 GB to sort      4187043 kmers
Used 63.953 GB / 1511.391 GB to store   4198100617 kmers; need 0.063 GB to sort      4208810 kmers
Used 64.080 GB / 1511.391 GB to store   4220262667 kmers; need 0.063 GB to sort      4230865 kmers
Used 64.209 GB / 1511.391 GB to store   4242424659 kmers; need 0.063 GB to sort      4252387 kmers
Used 64.337 GB / 1511.391 GB to store   4264586036 kmers; need 0.064 GB to sort      4274093 kmers
Used 64.465 GB / 1511.391 GB to store   4286747988 kmers; need 0.064 GB to sort      4296737 kmers
Used 64.593 GB / 1511.391 GB to store   4308910024 kmers; need 0.064 GB to sort      4318642 kmers
Used 64.720 GB / 1511.391 GB to store   4331072060 kmers; need 0.065 GB to sort      4341500 kmers
Used 64.849 GB / 1511.391 GB to store   4353234066 kmers; need 0.065 GB to sort      4364263 kmers
Used 64.978 GB / 1511.391 GB to store   4375396056 kmers; need 0.065 GB to sort      4386425 kmers
Used 65.107 GB / 1511.391 GB to store   4397558072 kmers; need 0.066 GB to sort      4409710 kmers
Used 65.236 GB / 1511.391 GB to store   4419720050 kmers; need 0.066 GB to sort      4431813 kmers
Used 65.364 GB / 1511.391 GB to store   4441881904 kmers; need 0.066 GB to sort      4454578 kmers
Used 65.491 GB / 1511.391 GB to store   4464043878 kmers; need 0.067 GB to sort      4476679 kmers
Used 65.620 GB / 1511.391 GB to store   4486205880 kmers; need 0.067 GB to sort      4498854 kmers
Used 65.749 GB / 1511.391 GB to store   4508367848 kmers; need 0.067 GB to sort      4520826 kmers
Used 65.878 GB / 1511.391 GB to store   4530529826 kmers; need 0.068 GB to sort      4542397 kmers
Used 66.007 GB / 1511.391 GB to store   4552691792 kmers; need 0.068 GB to sort      4565137 kmers
Used 66.136 GB / 1511.391 GB to store   4574853788 kmers; need 0.068 GB to sort      4588456 kmers
Used 66.265 GB / 1511.391 GB to store   4597015730 kmers; need 0.069 GB to sort      4610743 kmers
Used 66.393 GB / 1511.391 GB to store   4619177728 kmers; need 0.069 GB to sort      4633134 kmers
Used 66.522 GB / 1511.391 GB to store   4641339696 kmers; need 0.069 GB to sort      4656170 kmers
Used 66.650 GB / 1511.391 GB to store   4663501680 kmers; need 0.070 GB to sort      4678801 kmers
Used 66.780 GB / 1511.391 GB to store   4685663441 kmers; need 0.070 GB to sort      4700773 kmers
Used 66.910 GB / 1511.391 GB to store   4707825413 kmers; need 0.070 GB to sort      4722955 kmers
Used 67.039 GB / 1511.391 GB to store   4729987401 kmers; need 0.071 GB to sort      4745924 kmers
Used 67.167 GB / 1511.391 GB to store   4752149397 kmers; need 0.071 GB to sort      4769515 kmers
Used 67.296 GB / 1511.391 GB to store   4774311377 kmers; need 0.071 GB to sort      4791768 kmers
Used 67.424 GB / 1511.391 GB to store   4796473335 kmers; need 0.072 GB to sort      4813920 kmers
Used 67.554 GB / 1511.391 GB to store   4818635309 kmers; need 0.072 GB to sort      4836835 kmers
Used 67.683 GB / 1511.391 GB to store   4840797275 kmers; need 0.072 GB to sort      4860718 kmers
Used 67.813 GB / 1511.391 GB to store   4862959257 kmers; need 0.073 GB to sort      4883030 kmers
Used 67.942 GB / 1511.391 GB to store   4885120625 kmers; need 0.073 GB to sort      4906072 kmers
Used 68.071 GB / 1511.391 GB to store   4907282625 kmers; need 0.073 GB to sort      4928625 kmers
Used 68.199 GB / 1511.391 GB to store   4929444543 kmers; need 0.074 GB to sort      4950971 kmers
Used 68.329 GB / 1511.391 GB to store   4951606527 kmers; need 0.074 GB to sort      4974089 kmers
Used 68.458 GB / 1511.391 GB to store   4973768483 kmers; need 0.074 GB to sort      4997309 kmers
Used 68.587 GB / 1511.391 GB to store   4995930489 kmers; need 0.075 GB to sort      5019968 kmers
Used 68.716 GB / 1511.391 GB to store   5018092479 kmers; need 0.075 GB to sort      5043117 kmers
Used 68.844 GB / 1511.391 GB to store   5040254455 kmers; need 0.075 GB to sort      5065842 kmers
Used 68.973 GB / 1511.391 GB to store   5062416431 kmers; need 0.076 GB to sort      5088905 kmers
Used 69.102 GB / 1511.391 GB to store   5084578385 kmers; need 0.076 GB to sort      5111165 kmers
Used 69.232 GB / 1511.391 GB to store   5106740355 kmers; need 0.077 GB to sort      5134150 kmers
Used 69.361 GB / 1511.391 GB to store   5128902331 kmers; need 0.077 GB to sort      5157556 kmers
Used 69.490 GB / 1511.391 GB to store   5151064307 kmers; need 0.077 GB to sort      5180540 kmers
Used 69.618 GB / 1511.391 GB to store   5173226295 kmers; need 0.078 GB to sort      5204177 kmers
Used 69.748 GB / 1511.391 GB to store   5195388249 kmers; need 0.078 GB to sort      5227522 kmers
Used 69.877 GB / 1511.391 GB to store   5217550241 kmers; need 0.078 GB to sort      5250261 kmers
Used 70.005 GB / 1511.391 GB to store   5239712297 kmers; need 0.079 GB to sort      5272191 kmers
Used 70.136 GB / 1511.391 GB to store   5261874353 kmers; need 0.079 GB to sort      5294684 kmers
Used 70.266 GB / 1511.391 GB to store   5284036409 kmers; need 0.079 GB to sort      5316310 kmers
Used 70.396 GB / 1511.391 GB to store   5306198465 kmers; need 0.080 GB to sort      5339343 kmers
Used 70.526 GB / 1511.391 GB to store   5328360521 kmers; need 0.080 GB to sort      5361274 kmers
Used 70.657 GB / 1511.391 GB to store   5350522577 kmers; need 0.080 GB to sort      5382915 kmers
Used 70.786 GB / 1511.391 GB to store   5372684624 kmers; need 0.081 GB to sort      5405423 kmers
Used 70.915 GB / 1511.391 GB to store   5394846680 kmers; need 0.081 GB to sort      5428417 kmers
Used 71.045 GB / 1511.391 GB to store   5417008736 kmers; need 0.081 GB to sort      5451623 kmers
Used 71.176 GB / 1511.391 GB to store   5439170792 kmers; need 0.082 GB to sort      5473931 kmers
Used 71.307 GB / 1511.391 GB to store   5461332744 kmers; need 0.082 GB to sort      5496699 kmers
Used 71.438 GB / 1511.391 GB to store   5483494800 kmers; need 0.082 GB to sort      5518427 kmers
Used 71.567 GB / 1511.391 GB to store   5505656476 kmers; need 0.083 GB to sort      5540347 kmers
Used 71.697 GB / 1511.391 GB to store   5527817164 kmers; need 0.083 GB to sort      5562472 kmers
Used 71.828 GB / 1511.391 GB to store   5549978396 kmers; need 0.083 GB to sort      5584870 kmers
Used 71.958 GB / 1511.391 GB to store   5572140452 kmers; need 0.084 GB to sort      5607387 kmers
Used 72.088 GB / 1511.391 GB to store   5594302464 kmers; need 0.084 GB to sort      5629556 kmers
Used 72.218 GB / 1511.391 GB to store   5616464450 kmers; need 0.084 GB to sort      5652097 kmers
Used 72.348 GB / 1511.391 GB to store   5638626265 kmers; need 0.085 GB to sort      5675281 kmers
Used 72.478 GB / 1511.391 GB to store   5660788247 kmers; need 0.085 GB to sort      5696802 kmers
Used 72.608 GB / 1511.391 GB to store   5682950251 kmers; need 0.085 GB to sort      5719901 kmers
Used 72.739 GB / 1511.391 GB to store   5705112237 kmers; need 0.086 GB to sort      5741790 kmers
Used 72.870 GB / 1511.391 GB to store   5727274150 kmers; need 0.086 GB to sort      5764239 kmers
Used 73.001 GB / 1511.391 GB to store   5749436206 kmers; need 0.086 GB to sort      5786303 kmers
Used 73.132 GB / 1511.391 GB to store   5771598218 kmers; need 0.087 GB to sort      5808727 kmers
Used 73.262 GB / 1511.391 GB to store   5793760142 kmers; need 0.087 GB to sort      5831105 kmers
Used 73.392 GB / 1511.391 GB to store   5815922128 kmers; need 0.087 GB to sort      5853939 kmers
Used 73.520 GB / 1511.391 GB to store   5838084176 kmers; need 0.088 GB to sort      5876896 kmers
Used 73.649 GB / 1511.391 GB to store   5860246188 kmers; need 0.088 GB to sort      5899419 kmers
Used 73.780 GB / 1511.391 GB to store   5882408166 kmers; need 0.088 GB to sort      5921842 kmers
Used 73.910 GB / 1511.391 GB to store   5904570146 kmers; need 0.089 GB to sort      5944269 kmers
Used 74.041 GB / 1511.391 GB to store   5926732132 kmers; need 0.089 GB to sort      5967198 kmers
Used 74.172 GB / 1511.391 GB to store   5948894130 kmers; need 0.089 GB to sort      5989236 kmers
Used 74.301 GB / 1511.391 GB to store   5971056092 kmers; need 0.090 GB to sort      6011214 kmers
Used 74.431 GB / 1511.391 GB to store   5993218072 kmers; need 0.090 GB to sort      6033484 kmers
Used 74.562 GB / 1511.391 GB to store   6015379678 kmers; need 0.090 GB to sort      6056432 kmers
Used 74.692 GB / 1511.391 GB to store   6037541618 kmers; need 0.091 GB to sort      6079050 kmers
Used 74.821 GB / 1511.391 GB to store   6059703670 kmers; need 0.091 GB to sort      6102113 kmers
Used 74.952 GB / 1511.391 GB to store   6081865726 kmers; need 0.091 GB to sort      6124505 kmers
Used 75.082 GB / 1511.391 GB to store   6104027766 kmers; need 0.092 GB to sort      6146632 kmers
Used 75.214 GB / 1511.391 GB to store   6126189746 kmers; need 0.092 GB to sort      6168614 kmers
Used 75.345 GB / 1511.391 GB to store   6148351718 kmers; need 0.092 GB to sort      6191422 kmers
Used 75.477 GB / 1511.391 GB to store   6170513730 kmers; need 0.093 GB to sort      6214283 kmers
Used 75.609 GB / 1511.391 GB to store   6192675702 kmers; need 0.093 GB to sort      6236892 kmers
Used 75.740 GB / 1511.391 GB to store   6214837680 kmers; need 0.093 GB to sort      6259187 kmers
Used 75.871 GB / 1511.391 GB to store   6236999672 kmers; need 0.094 GB to sort      6281336 kmers
Used 76.002 GB / 1511.391 GB to store   6259161652 kmers; need 0.094 GB to sort      6304590 kmers
Used 76.133 GB / 1511.391 GB to store   6281323652 kmers; need 0.094 GB to sort      6327251 kmers
Used 76.263 GB / 1511.391 GB to store   6303485597 kmers; need 0.095 GB to sort      6349349 kmers
Used 76.393 GB / 1511.391 GB to store   6325647561 kmers; need 0.095 GB to sort      6371230 kmers
Used 76.523 GB / 1511.391 GB to store   6347809549 kmers; need 0.095 GB to sort      6393286 kmers
Used 76.654 GB / 1511.391 GB to store   6369971545 kmers; need 0.096 GB to sort      6416304 kmers
Used 76.785 GB / 1511.391 GB to store   6392133537 kmers; need 0.096 GB to sort      6439067 kmers
Used 76.917 GB / 1511.391 GB to store   6414295525 kmers; need 0.096 GB to sort      6463423 kmers
Used 77.048 GB / 1511.391 GB to store   6436457581 kmers; need 0.097 GB to sort      6485978 kmers
Used 77.178 GB / 1511.391 GB to store   6458619637 kmers; need 0.097 GB to sort      6508377 kmers
Used 77.309 GB / 1511.391 GB to store   6480781601 kmers; need 0.097 GB to sort      6531126 kmers
Used 77.441 GB / 1511.391 GB to store   6502943533 kmers; need 0.098 GB to sort      6554328 kmers
Used 77.572 GB / 1511.391 GB to store   6525105587 kmers; need 0.098 GB to sort      6576553 kmers
Used 77.703 GB / 1511.391 GB to store   6547267573 kmers; need 0.098 GB to sort      6598722 kmers
Used 77.834 GB / 1511.391 GB to store   6569429557 kmers; need 0.099 GB to sort      6621597 kmers
Used 77.966 GB / 1511.391 GB to store   6591591541 kmers; need 0.099 GB to sort      6644002 kmers
Used 78.096 GB / 1511.391 GB to store   6613753535 kmers; need 0.099 GB to sort      6666699 kmers
Used 78.226 GB / 1511.391 GB to store   6635915569 kmers; need 0.100 GB to sort      6689866 kmers
Used 78.358 GB / 1511.391 GB to store   6658077525 kmers; need 0.100 GB to sort      6712535 kmers
Used 78.490 GB / 1511.391 GB to store   6680239503 kmers; need 0.100 GB to sort      6734640 kmers
Used 78.621 GB / 1511.391 GB to store   6702401469 kmers; need 0.101 GB to sort      6757909 kmers
Used 78.752 GB / 1511.391 GB to store   6724563357 kmers; need 0.101 GB to sort      6781251 kmers
Used 78.883 GB / 1511.391 GB to store   6746725343 kmers; need 0.101 GB to sort      6805151 kmers
Used 79.014 GB / 1511.391 GB to store   6768887272 kmers; need 0.102 GB to sort      6828161 kmers
Used 79.146 GB / 1511.391 GB to store   6791049196 kmers; need 0.102 GB to sort      6851600 kmers
Used 79.277 GB / 1511.391 GB to store   6813211192 kmers; need 0.102 GB to sort      6875138 kmers
Used 79.409 GB / 1511.391 GB to store   6835373162 kmers; need 0.103 GB to sort      6898100 kmers
Used 79.540 GB / 1511.391 GB to store   6857535150 kmers; need 0.103 GB to sort      6921123 kmers
Used 79.673 GB / 1511.391 GB to store   6879697144 kmers; need 0.103 GB to sort      6944734 kmers
Used 79.804 GB / 1511.391 GB to store   6901859148 kmers; need 0.104 GB to sort      6967389 kmers
Used 79.936 GB / 1511.391 GB to store   6924021054 kmers; need 0.104 GB to sort      6990899 kmers
Used 80.068 GB / 1511.391 GB to store   6946183054 kmers; need 0.105 GB to sort      7013843 kmers
Used 80.201 GB / 1511.391 GB to store   6968344934 kmers; need 0.105 GB to sort      7036559 kmers
Used 80.332 GB / 1511.391 GB to store   6990506880 kmers; need 0.105 GB to sort      7059846 kmers
Used 80.464 GB / 1511.391 GB to store   7012668798 kmers; need 0.106 GB to sort      7083204 kmers
Used 80.595 GB / 1511.391 GB to store   7034830778 kmers; need 0.106 GB to sort      7106042 kmers
Used 80.727 GB / 1511.391 GB to store   7056992788 kmers; need 0.106 GB to sort      7129142 kmers
Used 80.858 GB / 1511.391 GB to store   7079154748 kmers; need 0.107 GB to sort      7152771 kmers
Used 80.989 GB / 1511.391 GB to store   7101316742 kmers; need 0.107 GB to sort      7176077 kmers
Used 81.120 GB / 1511.391 GB to store   7123478592 kmers; need 0.107 GB to sort      7199337 kmers
Used 81.252 GB / 1511.391 GB to store   7145640596 kmers; need 0.108 GB to sort      7222985 kmers
Used 81.384 GB / 1511.391 GB to store   7167802616 kmers; need 0.108 GB to sort      7245288 kmers
Used 81.516 GB / 1511.391 GB to store   7189964672 kmers; need 0.108 GB to sort      7266479 kmers
Used 81.649 GB / 1511.391 GB to store   7212126718 kmers; need 0.109 GB to sort      7288233 kmers
Used 81.780 GB / 1511.391 GB to store   7234288774 kmers; need 0.109 GB to sort      7310913 kmers
Used 81.912 GB / 1511.391 GB to store   7256450738 kmers; need 0.109 GB to sort      7333648 kmers
Used 82.044 GB / 1511.391 GB to store   7278612706 kmers; need 0.110 GB to sort      7356562 kmers
Used 82.176 GB / 1511.391 GB to store   7300774754 kmers; need 0.110 GB to sort      7379103 kmers
Used 82.308 GB / 1511.391 GB to store   7322936810 kmers; need 0.110 GB to sort      7400881 kmers
Used 82.440 GB / 1511.391 GB to store   7345098866 kmers; need 0.111 GB to sort      7422801 kmers
Used 82.571 GB / 1511.391 GB to store   7367260922 kmers; need 0.111 GB to sort      7444606 kmers
Used 82.704 GB / 1511.391 GB to store   7389422978 kmers; need 0.111 GB to sort      7466627 kmers
Used 82.835 GB / 1511.391 GB to store   7411585014 kmers; need 0.112 GB to sort      7488641 kmers
Used 82.967 GB / 1511.391 GB to store   7433747046 kmers; need 0.112 GB to sort      7511553 kmers
Used 83.099 GB / 1511.391 GB to store   7455908988 kmers; need 0.112 GB to sort      7534279 kmers
Used 83.230 GB / 1511.391 GB to store   7478069182 kmers; need 0.113 GB to sort      7556638 kmers
Used 83.362 GB / 1511.391 GB to store   7500230208 kmers; need 0.113 GB to sort      7579350 kmers
Used 83.493 GB / 1511.391 GB to store   7522391796 kmers; need 0.113 GB to sort      7600821 kmers
Used 83.625 GB / 1511.391 GB to store   7544553852 kmers; need 0.114 GB to sort      7623803 kmers
Used 83.758 GB / 1511.391 GB to store   7566715908 kmers; need 0.114 GB to sort      7646404 kmers
Used 83.890 GB / 1511.391 GB to store   7588877912 kmers; need 0.114 GB to sort      7668590 kmers
Used 84.022 GB / 1511.391 GB to store   7611039968 kmers; need 0.115 GB to sort      7691441 kmers
Used 84.155 GB / 1511.391 GB to store   7633201996 kmers; need 0.115 GB to sort      7713514 kmers
Used 84.288 GB / 1511.391 GB to store   7655363970 kmers; need 0.115 GB to sort      7736426 kmers
Used 84.420 GB / 1511.391 GB to store   7677525960 kmers; need 0.116 GB to sort      7758300 kmers
Used 84.551 GB / 1511.391 GB to store   7699687406 kmers; need 0.116 GB to sort      7779582 kmers
Used 84.684 GB / 1511.391 GB to store   7721849376 kmers; need 0.116 GB to sort      7802153 kmers
Used 84.816 GB / 1511.391 GB to store   7744011366 kmers; need 0.117 GB to sort      7824643 kmers
Used 84.947 GB / 1511.391 GB to store   7766173348 kmers; need 0.117 GB to sort      7847050 kmers
Used 85.080 GB / 1511.391 GB to store   7788334763 kmers; need 0.117 GB to sort      7869448 kmers
Used 85.212 GB / 1511.391 GB to store   7810496755 kmers; need 0.118 GB to sort      7891661 kmers
Used 85.345 GB / 1511.391 GB to store   7832658743 kmers; need 0.118 GB to sort      7913645 kmers
Used 85.478 GB / 1511.391 GB to store   7854820701 kmers; need 0.118 GB to sort      7935821 kmers
Used 85.610 GB / 1511.391 GB to store   7876982699 kmers; need 0.119 GB to sort      7958192 kmers
Used 85.742 GB / 1511.391 GB to store   7899144691 kmers; need 0.119 GB to sort      7980275 kmers
Used 85.875 GB / 1511.391 GB to store   7921306699 kmers; need 0.119 GB to sort      8002933 kmers
Used 86.007 GB / 1511.391 GB to store   7943468719 kmers; need 0.120 GB to sort      8025056 kmers
Used 86.139 GB / 1511.391 GB to store   7965630323 kmers; need 0.120 GB to sort      8047293 kmers
Used 86.272 GB / 1511.391 GB to store   7987791518 kmers; need 0.120 GB to sort      8069333 kmers
Used 86.404 GB / 1511.391 GB to store   8009953496 kmers; need 0.121 GB to sort      8092500 kmers
Used 86.538 GB / 1511.391 GB to store   8032115478 kmers; need 0.121 GB to sort      8114654 kmers
Used 86.671 GB / 1511.391 GB to store   8054277482 kmers; need 0.121 GB to sort      8137334 kmers
Used 86.803 GB / 1511.391 GB to store   8076439502 kmers; need 0.122 GB to sort      8160405 kmers
Used 86.936 GB / 1511.391 GB to store   8098601472 kmers; need 0.122 GB to sort      8183626 kmers
Used 87.069 GB / 1511.391 GB to store   8120763425 kmers; need 0.122 GB to sort      8206748 kmers
Used 87.200 GB / 1511.391 GB to store   8142925435 kmers; need 0.123 GB to sort      8229049 kmers
Used 87.332 GB / 1511.391 GB to store   8165087395 kmers; need 0.123 GB to sort      8251290 kmers
Used 87.465 GB / 1511.391 GB to store   8187249381 kmers; need 0.123 GB to sort      8274029 kmers
Used 87.598 GB / 1511.391 GB to store   8209411377 kmers; need 0.124 GB to sort      8297138 kmers
Used 87.731 GB / 1511.391 GB to store   8231573365 kmers; need 0.124 GB to sort      8319457 kmers
Used 87.863 GB / 1511.391 GB to store   8253735290 kmers; need 0.124 GB to sort      8342719 kmers
Used 87.994 GB / 1511.391 GB to store   8275897300 kmers; need 0.125 GB to sort      8365079 kmers
Used 88.127 GB / 1511.391 GB to store   8298059318 kmers; need 0.125 GB to sort      8387445 kmers
Used 88.260 GB / 1511.391 GB to store   8320221330 kmers; need 0.125 GB to sort      8410701 kmers
Used 88.392 GB / 1511.391 GB to store   8342383106 kmers; need 0.126 GB to sort      8433541 kmers
Used 88.523 GB / 1511.391 GB to store   8364545162 kmers; need 0.126 GB to sort      8455852 kmers
Used 88.656 GB / 1511.391 GB to store   8386707218 kmers; need 0.126 GB to sort      8478928 kmers
Used 88.789 GB / 1511.391 GB to store   8408869274 kmers; need 0.127 GB to sort      8501191 kmers
Used 88.923 GB / 1511.391 GB to store   8431031330 kmers; need 0.127 GB to sort      8524580 kmers
Used 89.056 GB / 1511.391 GB to store   8453193386 kmers; need 0.127 GB to sort      8547532 kmers
Used 89.189 GB / 1511.391 GB to store   8475355392 kmers; need 0.128 GB to sort      8570302 kmers
Used 89.321 GB / 1511.391 GB to store   8497517420 kmers; need 0.128 GB to sort      8593332 kmers
Used 89.452 GB / 1511.391 GB to store   8519679464 kmers; need 0.128 GB to sort      8616471 kmers
Used 89.586 GB / 1511.391 GB to store   8541841242 kmers; need 0.129 GB to sort      8638876 kmers
Used 89.717 GB / 1511.391 GB to store   8564003228 kmers; need 0.129 GB to sort      8661719 kmers
Used 89.850 GB / 1511.391 GB to store   8586165218 kmers; need 0.129 GB to sort      8683576 kmers
Used 89.984 GB / 1511.391 GB to store   8608327210 kmers; need 0.130 GB to sort      8706244 kmers
Used 90.117 GB / 1511.391 GB to store   8630489208 kmers; need 0.130 GB to sort      8728979 kmers
Used 90.250 GB / 1511.391 GB to store   8652651196 kmers; need 0.130 GB to sort      8750885 kmers
Used 90.383 GB / 1511.391 GB to store   8674813186 kmers; need 0.131 GB to sort      8772703 kmers
Used 90.515 GB / 1511.391 GB to store   8696975168 kmers; need 0.131 GB to sort      8795905 kmers
Used 90.648 GB / 1511.391 GB to store   8719137156 kmers; need 0.131 GB to sort      8818748 kmers
Used 90.781 GB / 1511.391 GB to store   8741298953 kmers; need 0.132 GB to sort      8841521 kmers
Used 90.913 GB / 1511.391 GB to store   8763460923 kmers; need 0.132 GB to sort      8864851 kmers
Used 91.046 GB / 1511.391 GB to store   8785622899 kmers; need 0.132 GB to sort      8887855 kmers
Used 91.171 GB / 1511.391 GB to store   8806201879 kmers; need 0.133 GB to sort      8909356 kmers
Used 91.296 GB / 1511.391 GB to store   8826780446 kmers; need 0.133 GB to sort      8931101 kmers
Used 91.430 GB / 1511.391 GB to store   8848942488 kmers; need 0.133 GB to sort      8953560 kmers
Used 91.563 GB / 1511.391 GB to store   8871104428 kmers; need 0.134 GB to sort      8976441 kmers
Used 91.697 GB / 1511.391 GB to store   8893266410 kmers; need 0.134 GB to sort      8999233 kmers
Used 91.829 GB / 1511.391 GB to store   8915428400 kmers; need 0.134 GB to sort      9022765 kmers
Used 91.961 GB / 1511.391 GB to store   8937590386 kmers; need 0.135 GB to sort      9045322 kmers
Used 92.094 GB / 1511.391 GB to store   8959752366 kmers; need 0.135 GB to sort      9068368 kmers
Used 92.227 GB / 1511.391 GB to store   8981914350 kmers; need 0.135 GB to sort      9092028 kmers
Used 92.351 GB / 1511.391 GB to store   9002493352 kmers; need 0.136 GB to sort      9114117 kmers
Used 92.484 GB / 1511.391 GB to store   9024655320 kmers; need 0.136 GB to sort      9137594 kmers
Used 92.617 GB / 1511.391 GB to store   9046817294 kmers; need 0.137 GB to sort      9161167 kmers
Used 92.750 GB / 1511.391 GB to store   9068979188 kmers; need 0.137 GB to sort      9184234 kmers
Used 92.884 GB / 1511.391 GB to store   9091141166 kmers; need 0.137 GB to sort      9207172 kmers
Used 93.017 GB / 1511.391 GB to store   9113303176 kmers; need 0.138 GB to sort      9230665 kmers
Used 93.151 GB / 1511.391 GB to store   9135465232 kmers; need 0.138 GB to sort      9253725 kmers
Used 93.285 GB / 1511.391 GB to store   9157627288 kmers; need 0.138 GB to sort      9275169 kmers
Used 93.419 GB / 1511.391 GB to store   9179789344 kmers; need 0.139 GB to sort      9296649 kmers
Used 93.551 GB / 1511.391 GB to store   9201951345 kmers; need 0.139 GB to sort      9318316 kmers
Used 93.684 GB / 1511.391 GB to store   9224113401 kmers; need 0.139 GB to sort      9340902 kmers
Used 93.817 GB / 1511.391 GB to store   9246275457 kmers; need 0.140 GB to sort      9362841 kmers
Used 93.950 GB / 1511.391 GB to store   9268437513 kmers; need 0.140 GB to sort      9384332 kmers
Used 94.082 GB / 1511.391 GB to store   9290599509 kmers; need 0.140 GB to sort      9407637 kmers
Used 94.216 GB / 1511.391 GB to store   9312761461 kmers; need 0.141 GB to sort      9430373 kmers
Used 94.349 GB / 1511.391 GB to store   9334923475 kmers; need 0.141 GB to sort      9452914 kmers
Used 94.482 GB / 1511.391 GB to store   9357085531 kmers; need 0.141 GB to sort      9474694 kmers
Used 94.613 GB / 1511.391 GB to store   9379247380 kmers; need 0.142 GB to sort      9497193 kmers
Used 94.739 GB / 1511.391 GB to store   9399826418 kmers; need 0.142 GB to sort      9517865 kmers
Used 94.864 GB / 1511.391 GB to store   9420405464 kmers; need 0.142 GB to sort      9538383 kmers
Used 94.998 GB / 1511.391 GB to store   9442567520 kmers; need 0.142 GB to sort      9560809 kmers
Used 95.131 GB / 1511.391 GB to store   9464729457 kmers; need 0.143 GB to sort      9582815 kmers
Used 95.264 GB / 1511.391 GB to store   9486891513 kmers; need 0.143 GB to sort      9605588 kmers
Used 95.389 GB / 1511.391 GB to store   9507470551 kmers; need 0.143 GB to sort      9625998 kmers
Used 95.523 GB / 1511.391 GB to store   9529632607 kmers; need 0.144 GB to sort      9647695 kmers
Used 95.656 GB / 1511.391 GB to store   9551794453 kmers; need 0.144 GB to sort      9670563 kmers
Used 95.790 GB / 1511.391 GB to store   9573956509 kmers; need 0.144 GB to sort      9693446 kmers
Used 95.923 GB / 1511.391 GB to store   9596118565 kmers; need 0.145 GB to sort      9715665 kmers
Used 96.055 GB / 1511.391 GB to store   9618280609 kmers; need 0.145 GB to sort      9738131 kmers
Used 96.189 GB / 1511.391 GB to store   9640442601 kmers; need 0.145 GB to sort      9760086 kmers
Used 96.322 GB / 1511.391 GB to store   9662604593 kmers; need 0.146 GB to sort      9782257 kmers
Used 96.455 GB / 1511.391 GB to store   9684766563 kmers; need 0.146 GB to sort      9804620 kmers
Used 96.590 GB / 1511.391 GB to store   9706928539 kmers; need 0.146 GB to sort      9826898 kmers
Used 96.723 GB / 1511.391 GB to store   9729090535 kmers; need 0.147 GB to sort      9848730 kmers
Used 96.857 GB / 1511.391 GB to store   9751252489 kmers; need 0.147 GB to sort      9870381 kmers
Used 96.982 GB / 1511.391 GB to store   9771831485 kmers; need 0.147 GB to sort      9891212 kmers
Used 97.115 GB / 1511.391 GB to store   9793993451 kmers; need 0.148 GB to sort      9912790 kmers
Used 97.248 GB / 1511.391 GB to store   9816155507 kmers; need 0.148 GB to sort      9935502 kmers
Used 97.382 GB / 1511.391 GB to store   9838317563 kmers; need 0.148 GB to sort      9957225 kmers
Used 97.514 GB / 1511.391 GB to store   9860479619 kmers; need 0.149 GB to sort      9979167 kmers
Used 97.648 GB / 1511.391 GB to store   9882641639 kmers; need 0.149 GB to sort     10002079 kmers
Used 97.781 GB / 1511.391 GB to store   9904803625 kmers; need 0.149 GB to sort     10023969 kmers
Used 97.915 GB / 1511.391 GB to store   9926965605 kmers; need 0.150 GB to sort     10046380 kmers
Used 98.048 GB / 1511.391 GB to store   9949126849 kmers; need 0.150 GB to sort     10068423 kmers
Used 98.181 GB / 1511.391 GB to store   9971288507 kmers; need 0.150 GB to sort     10090920 kmers
Used 98.306 GB / 1511.391 GB to store   9991867497 kmers; need 0.151 GB to sort     10111717 kmers
Used 98.440 GB / 1511.391 GB to store  10014029475 kmers; need 0.151 GB to sort     10133766 kmers
Used 98.574 GB / 1511.391 GB to store  10036191411 kmers; need 0.151 GB to sort     10156730 kmers
Used 98.698 GB / 1511.391 GB to store  10056770393 kmers; need 0.152 GB to sort     10177436 kmers
Used 98.832 GB / 1511.391 GB to store  10078932313 kmers; need 0.152 GB to sort     10199833 kmers
Used 98.965 GB / 1511.391 GB to store  10101094295 kmers; need 0.152 GB to sort     10222706 kmers
Used 99.091 GB / 1511.391 GB to store  10121673347 kmers; need 0.153 GB to sort     10244321 kmers
Used 99.224 GB / 1511.391 GB to store  10143835403 kmers; need 0.153 GB to sort     10266869 kmers
Used 99.358 GB / 1511.391 GB to store  10165997421 kmers; need 0.153 GB to sort     10289186 kmers
Used 99.492 GB / 1511.391 GB to store  10188159427 kmers; need 0.154 GB to sort     10311284 kmers
Used 99.624 GB / 1511.391 GB to store  10210320874 kmers; need 0.154 GB to sort     10333713 kmers
Used 99.757 GB / 1511.391 GB to store  10232482854 kmers; need 0.154 GB to sort     10355957 kmers
Used 99.883 GB / 1511.391 GB to store  10253061555 kmers; need 0.155 GB to sort     10377255 kmers
Used 100.015 GB / 1511.391 GB to store  10275223515 kmers; need 0.155 GB to sort     10399403 kmers
Used 100.149 GB / 1511.391 GB to store  10297385513 kmers; need 0.155 GB to sort     10421900 kmers
Used 100.283 GB / 1511.391 GB to store  10319547569 kmers; need 0.156 GB to sort     10443844 kmers
Used 100.408 GB / 1511.391 GB to store  10340126621 kmers; need 0.156 GB to sort     10464494 kmers
Used 100.542 GB / 1511.391 GB to store  10362288595 kmers; need 0.156 GB to sort     10487352 kmers
Used 100.675 GB / 1511.391 GB to store  10384450571 kmers; need 0.157 GB to sort     10510031 kmers
Used 100.809 GB / 1511.391 GB to store  10406612539 kmers; need 0.157 GB to sort     10532884 kmers
Used 100.943 GB / 1511.391 GB to store  10428774507 kmers; need 0.157 GB to sort     10556006 kmers
Used 101.076 GB / 1511.391 GB to store  10450936499 kmers; need 0.158 GB to sort     10579389 kmers
Used 101.210 GB / 1511.391 GB to store  10473098461 kmers; need 0.158 GB to sort     10603278 kmers
Used 101.343 GB / 1511.391 GB to store  10495260435 kmers; need 0.158 GB to sort     10625945 kmers
Used 101.477 GB / 1511.391 GB to store  10517422447 kmers; need 0.159 GB to sort     10649455 kmers
Used 101.602 GB / 1511.391 GB to store  10538001443 kmers; need 0.159 GB to sort     10671478 kmers
Used 101.736 GB / 1511.391 GB to store  10560163379 kmers; need 0.159 GB to sort     10693905 kmers
Used 101.869 GB / 1511.391 GB to store  10582325355 kmers; need 0.160 GB to sort     10717571 kmers
Used 102.003 GB / 1511.391 GB to store  10604487334 kmers; need 0.160 GB to sort     10741074 kmers
Used 102.137 GB / 1511.391 GB to store  10626649278 kmers; need 0.160 GB to sort     10764263 kmers
Used 102.271 GB / 1511.391 GB to store  10648811260 kmers; need 0.161 GB to sort     10787733 kmers
Used 102.397 GB / 1511.391 GB to store  10669390234 kmers; need 0.161 GB to sort     10808910 kmers
Used 102.530 GB / 1511.391 GB to store  10691552126 kmers; need 0.161 GB to sort     10831962 kmers
Used 102.655 GB / 1511.391 GB to store  10712131114 kmers; need 0.162 GB to sort     10853756 kmers
Used 102.789 GB / 1511.391 GB to store  10734293128 kmers; need 0.162 GB to sort     10877312 kmers
Used 102.913 GB / 1511.391 GB to store  10754872102 kmers; need 0.162 GB to sort     10898708 kmers
Used 103.047 GB / 1511.391 GB to store  10777034120 kmers; need 0.163 GB to sort     10921930 kmers
Used 103.181 GB / 1511.391 GB to store  10799196052 kmers; need 0.163 GB to sort     10944880 kmers
Used 103.315 GB / 1511.391 GB to store  10821358032 kmers; need 0.163 GB to sort     10967500 kmers
Used 103.440 GB / 1511.391 GB to store  10841937054 kmers; need 0.164 GB to sort     10988643 kmers
Used 103.573 GB / 1511.391 GB to store  10864099110 kmers; need 0.164 GB to sort     11010368 kmers
Used 103.707 GB / 1511.391 GB to store  10886261136 kmers; need 0.164 GB to sort     11032305 kmers
Used 103.832 GB / 1511.391 GB to store  10906840188 kmers; need 0.165 GB to sort     11052166 kmers
Used 103.966 GB / 1511.391 GB to store  10929002244 kmers; need 0.165 GB to sort     11074242 kmers
Used 104.091 GB / 1511.391 GB to store  10949581296 kmers; need 0.165 GB to sort     11093999 kmers
Used 104.217 GB / 1511.391 GB to store  10970160348 kmers; need 0.166 GB to sort     11114144 kmers
Used 104.342 GB / 1511.391 GB to store  10990739400 kmers; need 0.166 GB to sort     11134714 kmers
Used 104.475 GB / 1511.391 GB to store  11012901438 kmers; need 0.166 GB to sort     11156736 kmers
Used 104.609 GB / 1511.391 GB to store  11035063494 kmers; need 0.167 GB to sort     11178416 kmers
Used 104.743 GB / 1511.391 GB to store  11057225550 kmers; need 0.167 GB to sort     11201127 kmers
Used 104.876 GB / 1511.391 GB to store  11079387606 kmers; need 0.167 GB to sort     11223686 kmers
Used 105.002 GB / 1511.391 GB to store  11099966658 kmers; need 0.168 GB to sort     11243750 kmers
Used 105.136 GB / 1511.391 GB to store  11122128714 kmers; need 0.168 GB to sort     11265714 kmers
Used 105.260 GB / 1511.391 GB to store  11142706550 kmers; need 0.168 GB to sort     11286439 kmers
Used 105.394 GB / 1511.391 GB to store  11164867200 kmers; need 0.169 GB to sort     11308024 kmers
Used 105.528 GB / 1511.391 GB to store  11187028863 kmers; need 0.169 GB to sort     11330435 kmers
Used 105.661 GB / 1511.391 GB to store  11209190919 kmers; need 0.169 GB to sort     11352476 kmers
Used 105.795 GB / 1511.391 GB to store  11231352901 kmers; need 0.170 GB to sort     11375187 kmers
Used 105.920 GB / 1511.391 GB to store  11251931861 kmers; need 0.170 GB to sort     11397151 kmers
Used 106.054 GB / 1511.391 GB to store  11274093875 kmers; need 0.170 GB to sort     11420374 kmers
Used 106.187 GB / 1511.391 GB to store  11296255931 kmers; need 0.171 GB to sort     11442233 kmers
Used 106.321 GB / 1511.391 GB to store  11318417933 kmers; need 0.171 GB to sort     11464635 kmers
Used 106.446 GB / 1511.391 GB to store  11338996985 kmers; need 0.171 GB to sort     11485151 kmers
Used 106.571 GB / 1511.391 GB to store  11359575834 kmers; need 0.171 GB to sort     11506576 kmers
Used 106.706 GB / 1511.391 GB to store  11381737788 kmers; need 0.172 GB to sort     11528311 kmers
Used 106.832 GB / 1511.391 GB to store  11402316796 kmers; need 0.172 GB to sort     11549763 kmers
Used 106.958 GB / 1511.391 GB to store  11422895754 kmers; need 0.172 GB to sort     11570711 kmers
Used 107.092 GB / 1511.391 GB to store  11445057746 kmers; need 0.173 GB to sort     11592878 kmers
Used 107.225 GB / 1511.391 GB to store  11467219659 kmers; need 0.173 GB to sort     11614772 kmers
Used 107.350 GB / 1511.391 GB to store  11487798711 kmers; need 0.173 GB to sort     11635123 kmers
Used 107.483 GB / 1511.391 GB to store  11509960723 kmers; need 0.174 GB to sort     11657308 kmers
Used 107.617 GB / 1511.391 GB to store  11532122701 kmers; need 0.174 GB to sort     11679961 kmers
Used 107.750 GB / 1511.391 GB to store  11554284723 kmers; need 0.174 GB to sort     11701794 kmers
Used 107.883 GB / 1511.391 GB to store  11576446765 kmers; need 0.175 GB to sort     11723727 kmers
Used 108.008 GB / 1511.391 GB to store  11597025779 kmers; need 0.175 GB to sort     11743849 kmers
Used 108.133 GB / 1511.391 GB to store  11617604831 kmers; need 0.175 GB to sort     11764444 kmers
Used 108.259 GB / 1511.391 GB to store  11638183867 kmers; need 0.176 GB to sort     11784338 kmers
Used 108.393 GB / 1511.391 GB to store  11660345847 kmers; need 0.176 GB to sort     11806617 kmers
Used 108.518 GB / 1511.391 GB to store  11680924861 kmers; need 0.176 GB to sort     11827353 kmers
Used 108.652 GB / 1511.391 GB to store  11703086863 kmers; need 0.177 GB to sort     11850452 kmers
Used 108.777 GB / 1511.391 GB to store  11723665845 kmers; need 0.177 GB to sort     11871348 kmers
Used 108.911 GB / 1511.391 GB to store  11745827883 kmers; need 0.177 GB to sort     11893994 kmers
Used 109.036 GB / 1511.391 GB to store  11766406935 kmers; need 0.178 GB to sort     11915691 kmers
Used 109.171 GB / 1511.391 GB to store  11788568961 kmers; need 0.178 GB to sort     11938797 kmers
Used 109.296 GB / 1511.391 GB to store  11809147949 kmers; need 0.178 GB to sort     11959309 kmers
Used 109.429 GB / 1511.391 GB to store  11831309971 kmers; need 0.179 GB to sort     11981357 kmers
Used 109.563 GB / 1511.391 GB to store  11853472027 kmers; need 0.179 GB to sort     12004616 kmers
Used 109.697 GB / 1511.391 GB to store  11875634075 kmers; need 0.179 GB to sort     12026973 kmers
Used 109.822 GB / 1511.391 GB to store  11896213019 kmers; need 0.180 GB to sort     12047834 kmers
Used 109.948 GB / 1511.391 GB to store  11916792029 kmers; need 0.180 GB to sort     12068346 kmers
Used 110.072 GB / 1511.391 GB to store  11937370999 kmers; need 0.180 GB to sort     12088929 kmers
Used 110.205 GB / 1511.391 GB to store  11959532999 kmers; need 0.180 GB to sort     12112589 kmers
Used 110.339 GB / 1511.391 GB to store  11981695041 kmers; need 0.181 GB to sort     12135976 kmers
Used 110.464 GB / 1511.391 GB to store  12002274063 kmers; need 0.181 GB to sort     12157019 kmers
Used 110.598 GB / 1511.391 GB to store  12024436045 kmers; need 0.181 GB to sort     12179166 kmers
Used 110.732 GB / 1511.391 GB to store  12046597991 kmers; need 0.182 GB to sort     12202880 kmers
Used 110.866 GB / 1511.391 GB to store  12068759983 kmers; need 0.182 GB to sort     12225396 kmers
Used 110.991 GB / 1511.391 GB to store  12089338965 kmers; need 0.182 GB to sort     12245802 kmers
Used 111.117 GB / 1511.391 GB to store  12109917961 kmers; need 0.183 GB to sort     12266811 kmers
Used 111.242 GB / 1511.391 GB to store  12130496947 kmers; need 0.183 GB to sort     12287786 kmers
Used 111.376 GB / 1511.391 GB to store  12152658935 kmers; need 0.183 GB to sort     12310268 kmers
Used 111.510 GB / 1511.391 GB to store  12174820891 kmers; need 0.184 GB to sort     12333327 kmers
Used 111.644 GB / 1511.391 GB to store  12196982873 kmers; need 0.184 GB to sort     12355209 kmers
Used 111.769 GB / 1511.391 GB to store  12217561879 kmers; need 0.184 GB to sort     12376295 kmers
Used 111.894 GB / 1511.391 GB to store  12238140867 kmers; need 0.185 GB to sort     12396761 kmers
Used 112.019 GB / 1511.391 GB to store  12258719875 kmers; need 0.185 GB to sort     12418276 kmers
Used 112.144 GB / 1511.391 GB to store  12279298803 kmers; need 0.185 GB to sort     12439035 kmers
Used 112.270 GB / 1511.391 GB to store  12299877817 kmers; need 0.186 GB to sort     12460146 kmers
Used 112.396 GB / 1511.391 GB to store  12320456805 kmers; need 0.186 GB to sort     12481840 kmers
Used 112.520 GB / 1511.391 GB to store  12341035793 kmers; need 0.186 GB to sort     12503324 kmers
Used 112.645 GB / 1511.391 GB to store  12361614727 kmers; need 0.187 GB to sort     12524557 kmers
Used 112.770 GB / 1511.391 GB to store  12382193719 kmers; need 0.187 GB to sort     12545390 kmers
Used 112.895 GB / 1511.391 GB to store  12402772707 kmers; need 0.187 GB to sort     12566668 kmers
Used 113.021 GB / 1511.391 GB to store  12423351687 kmers; need 0.188 GB to sort     12588513 kmers
Used 113.154 GB / 1511.391 GB to store  12445513647 kmers; need 0.188 GB to sort     12612243 kmers
Used 113.279 GB / 1511.391 GB to store  12466092549 kmers; need 0.188 GB to sort     12633482 kmers
Used 113.404 GB / 1511.391 GB to store  12486671525 kmers; need 0.189 GB to sort     12654617 kmers
Used 113.538 GB / 1511.391 GB to store  12508833515 kmers; need 0.189 GB to sort     12678284 kmers
Used 113.672 GB / 1511.391 GB to store  12530995509 kmers; need 0.189 GB to sort     12701555 kmers
Used 113.798 GB / 1511.391 GB to store  12551574413 kmers; need 0.190 GB to sort     12722879 kmers
Used 113.923 GB / 1511.391 GB to store  12572153397 kmers; need 0.190 GB to sort     12745492 kmers
Used 114.049 GB / 1511.391 GB to store  12592732373 kmers; need 0.190 GB to sort     12767360 kmers
Used 114.183 GB / 1511.391 GB to store  12614894421 kmers; need 0.191 GB to sort     12790138 kmers
Used 114.307 GB / 1511.391 GB to store  12635473473 kmers; need 0.191 GB to sort     12811611 kmers
Used 114.441 GB / 1511.391 GB to store  12657635469 kmers; need 0.191 GB to sort     12834249 kmers
Used 114.567 GB / 1511.391 GB to store  12678214443 kmers; need 0.192 GB to sort     12856125 kmers
Used 114.701 GB / 1511.391 GB to store  12700376411 kmers; need 0.192 GB to sort     12879246 kmers
Used 114.826 GB / 1511.391 GB to store  12720955424 kmers; need 0.192 GB to sort     12901005 kmers
Used 114.952 GB / 1511.391 GB to store  12741534436 kmers; need 0.193 GB to sort     12922711 kmers
Used 115.086 GB / 1511.391 GB to store  12763696298 kmers; need 0.193 GB to sort     12945950 kmers
Used 115.219 GB / 1511.391 GB to store  12785858288 kmers; need 0.193 GB to sort     12969252 kmers
Used 115.353 GB / 1511.391 GB to store  12808019342 kmers; need 0.194 GB to sort     12991721 kmers
Used 115.479 GB / 1511.391 GB to store  12828597566 kmers; need 0.194 GB to sort     13011749 kmers
Used 115.603 GB / 1511.391 GB to store  12849176546 kmers; need 0.194 GB to sort     13032072 kmers
Used 115.728 GB / 1511.391 GB to store  12869755598 kmers; need 0.195 GB to sort     13052752 kmers
Used 115.853 GB / 1511.391 GB to store  12890334650 kmers; need 0.195 GB to sort     13073081 kmers
Used 115.986 GB / 1511.391 GB to store  12912496706 kmers; need 0.195 GB to sort     13094692 kmers
Used 116.111 GB / 1511.391 GB to store  12933075758 kmers; need 0.195 GB to sort     13115316 kmers
Used 116.245 GB / 1511.391 GB to store  12955237544 kmers; need 0.196 GB to sort     13136879 kmers
Used 116.379 GB / 1511.391 GB to store  12977399600 kmers; need 0.196 GB to sort     13158765 kmers
Used 116.514 GB / 1511.391 GB to store  12999561614 kmers; need 0.196 GB to sort     13180886 kmers
Used 116.639 GB / 1511.391 GB to store  13020140666 kmers; need 0.197 GB to sort     13201905 kmers
Used 116.764 GB / 1511.391 GB to store  13040719718 kmers; need 0.197 GB to sort     13222665 kmers
Used 116.889 GB / 1511.391 GB to store  13061298770 kmers; need 0.197 GB to sort     13243057 kmers
Used 117.023 GB / 1511.391 GB to store  13083460826 kmers; need 0.198 GB to sort     13265696 kmers
Used 117.148 GB / 1511.391 GB to store  13104038624 kmers; need 0.198 GB to sort     13286973 kmers
Used 117.274 GB / 1511.391 GB to store  13124616346 kmers; need 0.198 GB to sort     13307766 kmers
Used 117.399 GB / 1511.391 GB to store  13145193997 kmers; need 0.199 GB to sort     13328654 kmers
Used 117.525 GB / 1511.391 GB to store  13165773049 kmers; need 0.199 GB to sort     13349684 kmers
Used 117.650 GB / 1511.391 GB to store  13186352101 kmers; need 0.199 GB to sort     13371150 kmers
Used 117.775 GB / 1511.391 GB to store  13206931153 kmers; need 0.200 GB to sort     13390922 kmers
Used 117.900 GB / 1511.391 GB to store  13227509941 kmers; need 0.200 GB to sort     13411617 kmers
Used 118.026 GB / 1511.391 GB to store  13248088937 kmers; need 0.200 GB to sort     13432420 kmers
Used 118.151 GB / 1511.391 GB to store  13268667973 kmers; need 0.200 GB to sort     13452977 kmers
Used 118.278 GB / 1511.391 GB to store  13289246951 kmers; need 0.201 GB to sort     13473727 kmers
Used 118.403 GB / 1511.391 GB to store  13309825933 kmers; need 0.201 GB to sort     13494124 kmers
Used 118.528 GB / 1511.391 GB to store  13330404959 kmers; need 0.201 GB to sort     13515709 kmers
Used 118.653 GB / 1511.391 GB to store  13350983923 kmers; need 0.202 GB to sort     13537281 kmers
Used 118.778 GB / 1511.391 GB to store  13371562771 kmers; need 0.202 GB to sort     13558647 kmers
Used 118.902 GB / 1511.391 GB to store  13392141773 kmers; need 0.202 GB to sort     13580171 kmers
Used 119.028 GB / 1511.391 GB to store  13412720765 kmers; need 0.203 GB to sort     13601856 kmers
Used 119.153 GB / 1511.391 GB to store  13433299817 kmers; need 0.203 GB to sort     13622714 kmers
Used 119.278 GB / 1511.391 GB to store  13453878869 kmers; need 0.203 GB to sort     13643422 kmers
Used 119.411 GB / 1511.391 GB to store  13476040869 kmers; need 0.204 GB to sort     13665698 kmers
Used 119.537 GB / 1511.391 GB to store  13496619867 kmers; need 0.204 GB to sort     13686734 kmers
Used 119.662 GB / 1511.391 GB to store  13517198859 kmers; need 0.204 GB to sort     13707567 kmers
Used 119.788 GB / 1511.391 GB to store  13537777879 kmers; need 0.205 GB to sort     13727547 kmers
Used 119.913 GB / 1511.391 GB to store  13558356931 kmers; need 0.205 GB to sort     13748865 kmers
Used 120.038 GB / 1511.391 GB to store  13578935983 kmers; need 0.205 GB to sort     13770095 kmers
Used 120.164 GB / 1511.391 GB to store  13599515027 kmers; need 0.205 GB to sort     13790321 kmers
Used 120.289 GB / 1511.391 GB to store  13620093987 kmers; need 0.206 GB to sort     13810586 kmers
Used 120.423 GB / 1511.391 GB to store  13642256037 kmers; need 0.206 GB to sort     13833392 kmers
Used 120.549 GB / 1511.391 GB to store  13662835001 kmers; need 0.206 GB to sort     13854220 kmers
Used 120.674 GB / 1511.391 GB to store  13683413971 kmers; need 0.207 GB to sort     13874446 kmers
Used 120.800 GB / 1511.391 GB to store  13703992947 kmers; need 0.207 GB to sort     13894863 kmers
Used 120.933 GB / 1511.391 GB to store  13726154925 kmers; need 0.207 GB to sort     13917602 kmers
Used 121.059 GB / 1511.391 GB to store  13746733949 kmers; need 0.208 GB to sort     13939263 kmers
Used 121.183 GB / 1511.391 GB to store  13767313001 kmers; need 0.208 GB to sort     13959985 kmers
Used 121.309 GB / 1511.391 GB to store  13787891939 kmers; need 0.208 GB to sort     13980768 kmers
Used 121.435 GB / 1511.391 GB to store  13808470887 kmers; need 0.209 GB to sort     14001598 kmers
Used 121.561 GB / 1511.391 GB to store  13829049859 kmers; need 0.209 GB to sort     14022367 kmers
Used 121.686 GB / 1511.391 GB to store  13849628899 kmers; need 0.209 GB to sort     14043458 kmers
Used 121.811 GB / 1511.391 GB to store  13870207951 kmers; need 0.210 GB to sort     14064700 kmers
Used 121.936 GB / 1511.391 GB to store  13890786794 kmers; need 0.210 GB to sort     14085393 kmers
Used 122.061 GB / 1511.391 GB to store  13911365844 kmers; need 0.210 GB to sort     14106116 kmers
Used 122.188 GB / 1511.391 GB to store  13931944886 kmers; need 0.211 GB to sort     14126907 kmers
Used 122.313 GB / 1511.391 GB to store  13952523926 kmers; need 0.211 GB to sort     14147168 kmers
Used 122.440 GB / 1511.391 GB to store  13973102978 kmers; need 0.211 GB to sort     14167598 kmers
Used 122.565 GB / 1511.391 GB to store  13993681944 kmers; need 0.211 GB to sort     14188394 kmers
Used 122.690 GB / 1511.391 GB to store  14014260996 kmers; need 0.212 GB to sort     14209060 kmers
Used 122.823 GB / 1511.391 GB to store  14036423002 kmers; need 0.212 GB to sort     14231932 kmers
Used 122.949 GB / 1511.391 GB to store  14057001972 kmers; need 0.212 GB to sort     14253582 kmers
Used 123.075 GB / 1511.391 GB to store  14077580729 kmers; need 0.213 GB to sort     14274725 kmers
Used 123.200 GB / 1511.391 GB to store  14098159781 kmers; need 0.213 GB to sort     14295962 kmers
Used 123.325 GB / 1511.391 GB to store  14118738801 kmers; need 0.213 GB to sort     14316754 kmers
Used 123.450 GB / 1511.391 GB to store  14139317783 kmers; need 0.214 GB to sort     14337334 kmers
Used 123.575 GB / 1511.391 GB to store  14159896785 kmers; need 0.214 GB to sort     14358894 kmers
Used 123.701 GB / 1511.391 GB to store  14180475757 kmers; need 0.214 GB to sort     14379737 kmers
Used 123.827 GB / 1511.391 GB to store  14201054717 kmers; need 0.215 GB to sort     14400636 kmers
Used 123.952 GB / 1511.391 GB to store  14221633725 kmers; need 0.215 GB to sort     14422003 kmers
Used 124.086 GB / 1511.391 GB to store  14243795705 kmers; need 0.215 GB to sort     14445272 kmers
Used 124.220 GB / 1511.391 GB to store  14265957711 kmers; need 0.216 GB to sort     14467573 kmers
Used 124.346 GB / 1511.391 GB to store  14286536170 kmers; need 0.216 GB to sort     14489209 kmers
Used 124.479 GB / 1511.391 GB to store  14308698134 kmers; need 0.216 GB to sort     14512488 kmers
Used 124.605 GB / 1511.391 GB to store  14329277108 kmers; need 0.217 GB to sort     14533721 kmers
Used 124.730 GB / 1511.391 GB to store  14349856092 kmers; need 0.217 GB to sort     14555017 kmers
Used 124.855 GB / 1511.391 GB to store  14370435080 kmers; need 0.217 GB to sort     14576381 kmers
Used 124.980 GB / 1511.391 GB to store  14391014096 kmers; need 0.218 GB to sort     14598089 kmers
Used 125.105 GB / 1511.391 GB to store  14411593110 kmers; need 0.218 GB to sort     14619809 kmers
Used 125.231 GB / 1511.391 GB to store  14432172018 kmers; need 0.218 GB to sort     14641042 kmers
Used 125.357 GB / 1511.391 GB to store  14452751022 kmers; need 0.218 GB to sort     14663138 kmers
Used 125.482 GB / 1511.391 GB to store  14473330030 kmers; need 0.219 GB to sort     14684141 kmers
Used 125.608 GB / 1511.391 GB to store  14493908990 kmers; need 0.219 GB to sort     14705698 kmers
Used 125.732 GB / 1511.391 GB to store  14514487966 kmers; need 0.219 GB to sort     14726628 kmers
Used 125.857 GB / 1511.391 GB to store  14535066940 kmers; need 0.220 GB to sort     14748480 kmers
Used 125.982 GB / 1511.391 GB to store  14555645922 kmers; need 0.220 GB to sort     14770189 kmers
Used 126.108 GB / 1511.391 GB to store  14576224880 kmers; need 0.220 GB to sort     14791454 kmers
Used 126.232 GB / 1511.391 GB to store  14596803908 kmers; need 0.221 GB to sort     14812321 kmers
Used 126.358 GB / 1511.391 GB to store  14617382930 kmers; need 0.221 GB to sort     14833693 kmers
Used 126.484 GB / 1511.391 GB to store  14637961982 kmers; need 0.221 GB to sort     14855752 kmers
Used 126.610 GB / 1511.391 GB to store  14658541034 kmers; need 0.222 GB to sort     14877860 kmers
Used 126.736 GB / 1511.391 GB to store  14679120016 kmers; need 0.222 GB to sort     14900004 kmers
Used 126.862 GB / 1511.391 GB to store  14699699032 kmers; need 0.222 GB to sort     14921734 kmers
Used 126.996 GB / 1511.391 GB to store  14721861038 kmers; need 0.223 GB to sort     14944675 kmers
Used 127.122 GB / 1511.391 GB to store  14742440014 kmers; need 0.223 GB to sort     14966553 kmers
Used 127.256 GB / 1511.391 GB to store  14764601626 kmers; need 0.223 GB to sort     14989671 kmers
Used 127.382 GB / 1511.391 GB to store  14785180210 kmers; need 0.224 GB to sort     15009624 kmers
Used 127.507 GB / 1511.391 GB to store  14805759262 kmers; need 0.224 GB to sort     15029700 kmers
Used 127.633 GB / 1511.391 GB to store  14826338314 kmers; need 0.224 GB to sort     15051053 kmers
Used 127.759 GB / 1511.391 GB to store  14846917366 kmers; need 0.225 GB to sort     15071057 kmers
Used 127.893 GB / 1511.391 GB to store  14869079422 kmers; need 0.225 GB to sort     15092801 kmers
Used 128.018 GB / 1511.391 GB to store  14889658474 kmers; need 0.225 GB to sort     15112439 kmers
Used 128.144 GB / 1511.391 GB to store  14910237526 kmers; need 0.225 GB to sort     15132043 kmers
Used 128.269 GB / 1511.391 GB to store  14930816578 kmers; need 0.226 GB to sort     15152315 kmers
Used 128.395 GB / 1511.391 GB to store  14951395630 kmers; need 0.226 GB to sort     15172958 kmers
Used 128.522 GB / 1511.391 GB to store  14971974610 kmers; need 0.226 GB to sort     15193365 kmers
Used 128.647 GB / 1511.391 GB to store  14992553656 kmers; need 0.227 GB to sort     15214086 kmers
Used 128.773 GB / 1511.391 GB to store  15013132538 kmers; need 0.227 GB to sort     15234104 kmers
Used 128.898 GB / 1511.391 GB to store  15033711590 kmers; need 0.227 GB to sort     15254255 kmers
Used 129.023 GB / 1511.391 GB to store  15054290642 kmers; need 0.228 GB to sort     15274974 kmers
Used 129.148 GB / 1511.391 GB to store  15074868506 kmers; need 0.228 GB to sort     15295420 kmers
Used 129.274 GB / 1511.391 GB to store  15095446514 kmers; need 0.228 GB to sort     15315468 kmers
Used 129.401 GB / 1511.391 GB to store  15116025072 kmers; need 0.229 GB to sort     15335679 kmers
Used 129.535 GB / 1511.391 GB to store  15138187128 kmers; need 0.229 GB to sort     15358049 kmers
Used 129.661 GB / 1511.391 GB to store  15158766156 kmers; need 0.229 GB to sort     15378236 kmers
Used 129.785 GB / 1511.391 GB to store  15179345132 kmers; need 0.229 GB to sort     15399121 kmers
Used 129.911 GB / 1511.391 GB to store  15199923994 kmers; need 0.230 GB to sort     15419754 kmers
Used 130.045 GB / 1511.391 GB to store  15222086050 kmers; need 0.230 GB to sort     15442100 kmers
Used 130.171 GB / 1511.391 GB to store  15242665102 kmers; need 0.230 GB to sort     15463344 kmers
Used 130.296 GB / 1511.391 GB to store  15263244154 kmers; need 0.231 GB to sort     15484366 kmers
Used 130.422 GB / 1511.391 GB to store  15283823182 kmers; need 0.231 GB to sort     15504512 kmers
Used 130.548 GB / 1511.391 GB to store  15304402234 kmers; need 0.231 GB to sort     15525630 kmers
Used 130.674 GB / 1511.391 GB to store  15324981286 kmers; need 0.232 GB to sort     15545779 kmers
Used 130.807 GB / 1511.391 GB to store  15347143342 kmers; need 0.232 GB to sort     15567647 kmers
Used 130.932 GB / 1511.391 GB to store  15367722394 kmers; need 0.232 GB to sort     15588601 kmers
Used 131.059 GB / 1511.391 GB to store  15388301436 kmers; need 0.233 GB to sort     15609227 kmers
Used 131.184 GB / 1511.391 GB to store  15408880466 kmers; need 0.233 GB to sort     15630485 kmers
Used 131.309 GB / 1511.391 GB to store  15429459464 kmers; need 0.233 GB to sort     15651320 kmers
Used 131.436 GB / 1511.391 GB to store  15450038480 kmers; need 0.234 GB to sort     15672812 kmers
Used 131.564 GB / 1511.391 GB to store  15470617452 kmers; need 0.234 GB to sort     15692999 kmers
Used 131.697 GB / 1511.391 GB to store  15492779272 kmers; need 0.234 GB to sort     15715652 kmers
Used 131.822 GB / 1511.391 GB to store  15513358174 kmers; need 0.234 GB to sort     15736017 kmers
Used 131.948 GB / 1511.391 GB to store  15533937172 kmers; need 0.235 GB to sort     15757409 kmers
Used 132.073 GB / 1511.391 GB to store  15554516142 kmers; need 0.235 GB to sort     15778185 kmers
Used 132.207 GB / 1511.391 GB to store  15576678116 kmers; need 0.235 GB to sort     15800825 kmers
Used 132.332 GB / 1511.391 GB to store  15597257090 kmers; need 0.236 GB to sort     15821493 kmers
Used 132.457 GB / 1511.391 GB to store  15617836072 kmers; need 0.236 GB to sort     15842408 kmers
Used 132.583 GB / 1511.391 GB to store  15638415048 kmers; need 0.236 GB to sort     15863430 kmers
Used 132.717 GB / 1511.391 GB to store  15660577032 kmers; need 0.237 GB to sort     15885000 kmers
Used 132.843 GB / 1511.391 GB to store  15681156070 kmers; need 0.237 GB to sort     15905626 kmers
Used 132.968 GB / 1511.391 GB to store  15701735122 kmers; need 0.237 GB to sort     15926994 kmers
Used 133.094 GB / 1511.391 GB to store  15722314108 kmers; need 0.238 GB to sort     15947767 kmers
Used 133.219 GB / 1511.391 GB to store  15742893094 kmers; need 0.238 GB to sort     15968387 kmers
Used 133.345 GB / 1511.391 GB to store  15763472098 kmers; need 0.238 GB to sort     15989391 kmers
Used 133.471 GB / 1511.391 GB to store  15784051150 kmers; need 0.239 GB to sort     16010455 kmers
Used 133.596 GB / 1511.391 GB to store  15804630202 kmers; need 0.239 GB to sort     16031349 kmers
Used 133.723 GB / 1511.391 GB to store  15825209168 kmers; need 0.239 GB to sort     16052554 kmers
Used 133.848 GB / 1511.391 GB to store  15845788146 kmers; need 0.240 GB to sort     16073641 kmers
Used 133.973 GB / 1511.391 GB to store  15866367192 kmers; need 0.240 GB to sort     16095030 kmers
Used 134.099 GB / 1511.391 GB to store  15886946244 kmers; need 0.240 GB to sort     16115151 kmers
Used 134.225 GB / 1511.391 GB to store  15907525268 kmers; need 0.240 GB to sort     16135921 kmers
Used 134.351 GB / 1511.391 GB to store  15928104242 kmers; need 0.241 GB to sort     16157394 kmers
Used 134.477 GB / 1511.391 GB to store  15948683252 kmers; need 0.241 GB to sort     16178541 kmers
Used 134.602 GB / 1511.391 GB to store  15969262218 kmers; need 0.241 GB to sort     16199280 kmers
Used 134.728 GB / 1511.391 GB to store  15989841198 kmers; need 0.242 GB to sort     16220942 kmers
Used 134.854 GB / 1511.391 GB to store  16010420197 kmers; need 0.242 GB to sort     16242231 kmers
Used 134.987 GB / 1511.391 GB to store  16032582253 kmers; need 0.242 GB to sort     16265249 kmers
Used 135.113 GB / 1511.391 GB to store  16053161245 kmers; need 0.243 GB to sort     16286856 kmers
Used 135.238 GB / 1511.391 GB to store  16073740229 kmers; need 0.243 GB to sort     16308337 kmers
Used 135.365 GB / 1511.391 GB to store  16094319209 kmers; need 0.243 GB to sort     16329805 kmers
Used 135.499 GB / 1511.391 GB to store  16116481193 kmers; need 0.244 GB to sort     16352268 kmers
Used 135.624 GB / 1511.391 GB to store  16137060187 kmers; need 0.244 GB to sort     16372611 kmers
Used 135.749 GB / 1511.391 GB to store  16157639183 kmers; need 0.244 GB to sort     16394409 kmers
Used 135.875 GB / 1511.391 GB to store  16178218173 kmers; need 0.245 GB to sort     16415711 kmers
Used 136.010 GB / 1511.391 GB to store  16200380139 kmers; need 0.245 GB to sort     16438175 kmers
Used 136.135 GB / 1511.391 GB to store  16220959133 kmers; need 0.245 GB to sort     16459688 kmers
Used 136.262 GB / 1511.391 GB to store  16241538119 kmers; need 0.246 GB to sort     16481237 kmers
Used 136.387 GB / 1511.391 GB to store  16262117069 kmers; need 0.246 GB to sort     16503402 kmers
Used 136.513 GB / 1511.391 GB to store  16282696121 kmers; need 0.246 GB to sort     16524924 kmers
Used 136.638 GB / 1511.391 GB to store  16303275111 kmers; need 0.247 GB to sort     16546818 kmers
Used 136.766 GB / 1511.391 GB to store  16323854111 kmers; need 0.247 GB to sort     16568218 kmers
Used 136.892 GB / 1511.391 GB to store  16344433067 kmers; need 0.247 GB to sort     16590257 kmers
Used 137.017 GB / 1511.391 GB to store  16365012065 kmers; need 0.248 GB to sort     16612451 kmers
Used 137.143 GB / 1511.391 GB to store  16385591117 kmers; need 0.248 GB to sort     16634052 kmers
Used 137.269 GB / 1511.391 GB to store  16406170123 kmers; need 0.248 GB to sort     16655700 kmers
Used 137.403 GB / 1511.391 GB to store  16428332099 kmers; need 0.249 GB to sort     16678699 kmers
Used 137.530 GB / 1511.391 GB to store  16448910957 kmers; need 0.249 GB to sort     16700073 kmers
Used 137.656 GB / 1511.391 GB to store  16469490009 kmers; need 0.249 GB to sort     16720103 kmers
Used 137.781 GB / 1511.391 GB to store  16490069061 kmers; need 0.249 GB to sort     16740352 kmers
Used 137.906 GB / 1511.391 GB to store  16510648113 kmers; need 0.250 GB to sort     16760615 kmers
Used 138.031 GB / 1511.391 GB to store  16531227165 kmers; need 0.250 GB to sort     16780899 kmers
Used 138.159 GB / 1511.391 GB to store  16551806217 kmers; need 0.250 GB to sort     16800696 kmers
Used 138.285 GB / 1511.391 GB to store  16572385269 kmers; need 0.251 GB to sort     16820894 kmers
Used 138.409 GB / 1511.391 GB to store  16592964177 kmers; need 0.251 GB to sort     16841091 kmers
Used 138.535 GB / 1511.391 GB to store  16613542869 kmers; need 0.251 GB to sort     16861287 kmers
Used 138.659 GB / 1511.391 GB to store  16634121921 kmers; need 0.252 GB to sort     16881802 kmers
Used 138.785 GB / 1511.391 GB to store  16654700973 kmers; need 0.252 GB to sort     16902981 kmers
Used 138.910 GB / 1511.391 GB to store  16675280025 kmers; need 0.252 GB to sort     16923680 kmers
Used 139.036 GB / 1511.391 GB to store  16695859077 kmers; need 0.252 GB to sort     16944609 kmers
Used 139.162 GB / 1511.391 GB to store  16716438129 kmers; need 0.253 GB to sort     16965492 kmers
Used 139.289 GB / 1511.391 GB to store  16737017181 kmers; need 0.253 GB to sort     16986686 kmers
Used 139.415 GB / 1511.391 GB to store  16757596233 kmers; need 0.253 GB to sort     17007029 kmers
Used 139.541 GB / 1511.391 GB to store  16778175285 kmers; need 0.254 GB to sort     17027160 kmers
Used 139.674 GB / 1511.391 GB to store  16800336570 kmers; need 0.254 GB to sort     17049463 kmers
Used 139.801 GB / 1511.391 GB to store  16820915622 kmers; need 0.254 GB to sort     17070165 kmers
Used 139.927 GB / 1511.391 GB to store  16841494674 kmers; need 0.255 GB to sort     17090635 kmers
Used 140.052 GB / 1511.391 GB to store  16862073726 kmers; need 0.255 GB to sort     17111548 kmers
Used 140.177 GB / 1511.391 GB to store  16882652758 kmers; need 0.255 GB to sort     17132844 kmers
Used 140.302 GB / 1511.391 GB to store  16903231766 kmers; need 0.256 GB to sort     17153953 kmers
Used 140.428 GB / 1511.391 GB to store  16923810818 kmers; need 0.256 GB to sort     17174631 kmers
Used 140.554 GB / 1511.391 GB to store  16944389870 kmers; need 0.256 GB to sort     17196104 kmers
Used 140.681 GB / 1511.391 GB to store  16964968922 kmers; need 0.257 GB to sort     17216321 kmers
Used 140.806 GB / 1511.391 GB to store  16985547848 kmers; need 0.257 GB to sort     17237195 kmers
Used 140.932 GB / 1511.391 GB to store  17006126900 kmers; need 0.257 GB to sort     17258125 kmers
Used 141.058 GB / 1511.391 GB to store  17026705952 kmers; need 0.257 GB to sort     17279201 kmers
Used 141.192 GB / 1511.391 GB to store  17048868008 kmers; need 0.258 GB to sort     17301166 kmers
Used 141.319 GB / 1511.391 GB to store  17069446754 kmers; need 0.258 GB to sort     17322398 kmers
Used 141.444 GB / 1511.391 GB to store  17090025806 kmers; need 0.258 GB to sort     17343231 kmers
Used 141.570 GB / 1511.391 GB to store  17110604858 kmers; need 0.259 GB to sort     17363943 kmers
Used 141.696 GB / 1511.391 GB to store  17131183910 kmers; need 0.259 GB to sort     17385192 kmers
Used 141.821 GB / 1511.391 GB to store  17151762962 kmers; need 0.259 GB to sort     17405667 kmers
Used 141.948 GB / 1511.391 GB to store  17172341964 kmers; need 0.260 GB to sort     17426059 kmers
Used 142.073 GB / 1511.391 GB to store  17192920936 kmers; need 0.260 GB to sort     17446903 kmers
Used 142.208 GB / 1511.391 GB to store  17215082922 kmers; need 0.260 GB to sort     17468534 kmers
Used 142.334 GB / 1511.391 GB to store  17235661906 kmers; need 0.261 GB to sort     17488707 kmers
Used 142.459 GB / 1511.391 GB to store  17256240912 kmers; need 0.261 GB to sort     17510060 kmers
Used 142.585 GB / 1511.391 GB to store  17276819870 kmers; need 0.261 GB to sort     17530356 kmers
Used 142.710 GB / 1511.391 GB to store  17297398878 kmers; need 0.262 GB to sort     17551250 kmers
Used 142.835 GB / 1511.391 GB to store  17317977854 kmers; need 0.262 GB to sort     17571740 kmers
Used 142.961 GB / 1511.391 GB to store  17338556862 kmers; need 0.262 GB to sort     17592487 kmers
Used 143.087 GB / 1511.391 GB to store  17359135828 kmers; need 0.262 GB to sort     17612846 kmers
Used 143.213 GB / 1511.391 GB to store  17379714816 kmers; need 0.263 GB to sort     17633732 kmers
Used 143.340 GB / 1511.391 GB to store  17400293824 kmers; need 0.263 GB to sort     17653667 kmers
Used 143.465 GB / 1511.391 GB to store  17420872876 kmers; need 0.263 GB to sort     17674922 kmers
Used 143.600 GB / 1511.391 GB to store  17443034914 kmers; need 0.264 GB to sort     17697424 kmers
Used 143.725 GB / 1511.391 GB to store  17463613864 kmers; need 0.264 GB to sort     17718732 kmers
Used 143.850 GB / 1511.391 GB to store  17484192868 kmers; need 0.264 GB to sort     17739417 kmers
Used 143.976 GB / 1511.391 GB to store  17504771773 kmers; need 0.265 GB to sort     17760503 kmers
Used 144.103 GB / 1511.391 GB to store  17525350825 kmers; need 0.265 GB to sort     17781355 kmers
Used 144.229 GB / 1511.391 GB to store  17545929801 kmers; need 0.265 GB to sort     17802416 kmers
Used 144.355 GB / 1511.391 GB to store  17566508853 kmers; need 0.266 GB to sort     17823547 kmers
Used 144.481 GB / 1511.391 GB to store  17587087869 kmers; need 0.266 GB to sort     17845144 kmers
Used 144.606 GB / 1511.391 GB to store  17607666857 kmers; need 0.266 GB to sort     17866251 kmers
Used 144.731 GB / 1511.391 GB to store  17628245843 kmers; need 0.267 GB to sort     17886987 kmers
Used 144.857 GB / 1511.391 GB to store  17648824817 kmers; need 0.267 GB to sort     17908451 kmers
Used 144.984 GB / 1511.391 GB to store  17669403869 kmers; need 0.267 GB to sort     17930125 kmers
Used 145.109 GB / 1511.391 GB to store  17689982921 kmers; need 0.267 GB to sort     17951417 kmers
Used 145.235 GB / 1511.391 GB to store  17710561973 kmers; need 0.268 GB to sort     17972126 kmers
Used 145.360 GB / 1511.391 GB to store  17731140999 kmers; need 0.268 GB to sort     17992708 kmers
Used 145.486 GB / 1511.391 GB to store  17751719935 kmers; need 0.268 GB to sort     18014415 kmers
Used 145.620 GB / 1511.391 GB to store  17773881951 kmers; need 0.269 GB to sort     18037144 kmers
Used 145.745 GB / 1511.391 GB to store  17794460919 kmers; need 0.269 GB to sort     18058619 kmers
Used 145.871 GB / 1511.391 GB to store  17815039915 kmers; need 0.269 GB to sort     18080022 kmers
Used 145.997 GB / 1511.391 GB to store  17835618895 kmers; need 0.270 GB to sort     18100946 kmers
Used 146.122 GB / 1511.391 GB to store  17856197887 kmers; need 0.270 GB to sort     18122605 kmers
Used 146.249 GB / 1511.391 GB to store  17876776865 kmers; need 0.270 GB to sort     18142441 kmers
Used 146.375 GB / 1511.391 GB to store  17897355873 kmers; need 0.271 GB to sort     18163864 kmers
Used 146.502 GB / 1511.391 GB to store  17917934831 kmers; need 0.271 GB to sort     18184489 kmers
Used 146.627 GB / 1511.391 GB to store  17938513447 kmers; need 0.271 GB to sort     18205756 kmers
Used 146.752 GB / 1511.391 GB to store  17959092427 kmers; need 0.272 GB to sort     18226229 kmers
Used 146.877 GB / 1511.391 GB to store  17979671401 kmers; need 0.272 GB to sort     18247449 kmers
Used 147.003 GB / 1511.391 GB to store  18000250383 kmers; need 0.272 GB to sort     18268836 kmers
Used 147.129 GB / 1511.391 GB to store  18020829383 kmers; need 0.273 GB to sort     18290030 kmers
Used 147.254 GB / 1511.391 GB to store  18041408435 kmers; need 0.273 GB to sort     18312093 kmers
Used 147.380 GB / 1511.391 GB to store  18061987487 kmers; need 0.273 GB to sort     18334100 kmers
Used 147.507 GB / 1511.391 GB to store  18082566523 kmers; need 0.274 GB to sort     18355782 kmers
Used 147.634 GB / 1511.391 GB to store  18103145497 kmers; need 0.274 GB to sort     18376976 kmers
Used 147.760 GB / 1511.391 GB to store  18123724507 kmers; need 0.274 GB to sort     18398882 kmers
Used 147.886 GB / 1511.391 GB to store  18144303447 kmers; need 0.274 GB to sort     18420340 kmers
Used 148.011 GB / 1511.391 GB to store  18164882449 kmers; need 0.275 GB to sort     18441810 kmers
Used 148.136 GB / 1511.391 GB to store  18185461371 kmers; need 0.275 GB to sort     18463462 kmers
Used 148.262 GB / 1511.391 GB to store  18206040373 kmers; need 0.275 GB to sort     18485751 kmers
Used 148.388 GB / 1511.391 GB to store  18226619351 kmers; need 0.276 GB to sort     18508231 kmers
Used 148.514 GB / 1511.391 GB to store  18247198317 kmers; need 0.276 GB to sort     18530472 kmers
Used 148.640 GB / 1511.391 GB to store  18267777325 kmers; need 0.276 GB to sort     18551777 kmers
Used 148.766 GB / 1511.391 GB to store  18288356299 kmers; need 0.277 GB to sort     18573627 kmers
Used 148.893 GB / 1511.391 GB to store  18308935337 kmers; need 0.277 GB to sort     18595248 kmers
Used 149.018 GB / 1511.391 GB to store  18329514313 kmers; need 0.277 GB to sort     18617262 kmers
Used 149.144 GB / 1511.391 GB to store  18350093305 kmers; need 0.278 GB to sort     18639242 kmers
Used 149.271 GB / 1511.391 GB to store  18370672213 kmers; need 0.278 GB to sort     18661102 kmers
Used 149.396 GB / 1511.391 GB to store  18391251197 kmers; need 0.278 GB to sort     18682813 kmers
Used 149.523 GB / 1511.391 GB to store  18411830249 kmers; need 0.279 GB to sort     18705010 kmers
Used 149.650 GB / 1511.391 GB to store  18432409291 kmers; need 0.279 GB to sort     18726376 kmers
Used 149.775 GB / 1511.391 GB to store  18452988343 kmers; need 0.279 GB to sort     18747101 kmers
Used 149.900 GB / 1511.391 GB to store  18473567395 kmers; need 0.280 GB to sort     18767639 kmers
Used 150.027 GB / 1511.391 GB to store  18494146447 kmers; need 0.280 GB to sort     18788504 kmers
Used 150.152 GB / 1511.391 GB to store  18514725499 kmers; need 0.280 GB to sort     18808757 kmers
Used 150.278 GB / 1511.391 GB to store  18535304551 kmers; need 0.281 GB to sort     18829679 kmers
Used 150.404 GB / 1511.391 GB to store  18555883603 kmers; need 0.281 GB to sort     18851181 kmers
Used 150.529 GB / 1511.391 GB to store  18576462655 kmers; need 0.281 GB to sort     18872290 kmers
Used 150.655 GB / 1511.391 GB to store  18597041689 kmers; need 0.282 GB to sort     18892672 kmers
Used 150.780 GB / 1511.391 GB to store  18617620741 kmers; need 0.282 GB to sort     18913433 kmers
Used 150.905 GB / 1511.391 GB to store  18638199793 kmers; need 0.282 GB to sort     18934040 kmers
Used 151.030 GB / 1511.391 GB to store  18658778845 kmers; need 0.282 GB to sort     18955051 kmers
Used 151.156 GB / 1511.391 GB to store  18679357817 kmers; need 0.283 GB to sort     18976080 kmers
Used 151.282 GB / 1511.391 GB to store  18699936869 kmers; need 0.283 GB to sort     18996179 kmers
Used 151.407 GB / 1511.391 GB to store  18720515921 kmers; need 0.283 GB to sort     19016565 kmers
Used 151.533 GB / 1511.391 GB to store  18741094973 kmers; need 0.284 GB to sort     19037524 kmers
Used 151.658 GB / 1511.391 GB to store  18761674025 kmers; need 0.284 GB to sort     19058303 kmers
Used 151.784 GB / 1511.391 GB to store  18782253077 kmers; need 0.284 GB to sort     19079290 kmers
Used 151.910 GB / 1511.391 GB to store  18802832129 kmers; need 0.285 GB to sort     19099711 kmers
Used 152.035 GB / 1511.391 GB to store  18823411181 kmers; need 0.285 GB to sort     19120846 kmers
Used 152.162 GB / 1511.391 GB to store  18843990233 kmers; need 0.285 GB to sort     19141920 kmers
Used 152.288 GB / 1511.391 GB to store  18864568889 kmers; need 0.286 GB to sort     19163675 kmers
Used 152.414 GB / 1511.391 GB to store  18885147941 kmers; need 0.286 GB to sort     19184985 kmers
Used 152.540 GB / 1511.391 GB to store  18905726993 kmers; need 0.286 GB to sort     19205521 kmers
Used 152.665 GB / 1511.391 GB to store  18926306045 kmers; need 0.287 GB to sort     19227185 kmers
Used 152.791 GB / 1511.391 GB to store  18946885097 kmers; need 0.287 GB to sort     19247348 kmers
Used 152.916 GB / 1511.391 GB to store  18967464149 kmers; need 0.287 GB to sort     19268718 kmers
Used 153.043 GB / 1511.391 GB to store  18988043201 kmers; need 0.287 GB to sort     19290625 kmers
Used 153.170 GB / 1511.391 GB to store  19008622241 kmers; need 0.288 GB to sort     19311969 kmers
Used 153.296 GB / 1511.391 GB to store  19029201293 kmers; need 0.288 GB to sort     19332771 kmers
Used 153.421 GB / 1511.391 GB to store  19049780264 kmers; need 0.288 GB to sort     19353405 kmers
Used 153.548 GB / 1511.391 GB to store  19070359316 kmers; need 0.289 GB to sort     19374661 kmers
Used 153.674 GB / 1511.391 GB to store  19090938334 kmers; need 0.289 GB to sort     19395423 kmers
Used 153.800 GB / 1511.391 GB to store  19111517386 kmers; need 0.289 GB to sort     19416470 kmers
Used 153.926 GB / 1511.391 GB to store  19132096438 kmers; need 0.290 GB to sort     19437528 kmers
Used 154.051 GB / 1511.391 GB to store  19152675490 kmers; need 0.290 GB to sort     19457512 kmers
Used 154.177 GB / 1511.391 GB to store  19173254542 kmers; need 0.290 GB to sort     19478012 kmers
Used 154.303 GB / 1511.391 GB to store  19193833546 kmers; need 0.291 GB to sort     19498989 kmers
Used 154.429 GB / 1511.391 GB to store  19214412538 kmers; need 0.291 GB to sort     19520450 kmers
Used 154.554 GB / 1511.391 GB to store  19234991532 kmers; need 0.291 GB to sort     19541080 kmers
Used 154.680 GB / 1511.391 GB to store  19255570388 kmers; need 0.291 GB to sort     19561938 kmers
Used 154.806 GB / 1511.391 GB to store  19276149440 kmers; need 0.292 GB to sort     19582240 kmers
Used 154.932 GB / 1511.391 GB to store  19296728464 kmers; need 0.292 GB to sort     19602735 kmers
Used 155.059 GB / 1511.391 GB to store  19317307460 kmers; need 0.292 GB to sort     19623704 kmers
Used 155.185 GB / 1511.391 GB to store  19337886470 kmers; need 0.293 GB to sort     19644385 kmers
Used 155.312 GB / 1511.391 GB to store  19358465454 kmers; need 0.293 GB to sort     19665584 kmers
Used 155.438 GB / 1511.391 GB to store  19379044438 kmers; need 0.293 GB to sort     19686463 kmers
Used 155.566 GB / 1511.391 GB to store  19399623488 kmers; need 0.294 GB to sort     19706791 kmers
Used 155.693 GB / 1511.391 GB to store  19420202540 kmers; need 0.294 GB to sort     19727990 kmers
Used 155.818 GB / 1511.391 GB to store  19440781514 kmers; need 0.294 GB to sort     19749466 kmers
Used 155.943 GB / 1511.391 GB to store  19461360504 kmers; need 0.295 GB to sort     19770063 kmers
Used 156.070 GB / 1511.391 GB to store  19481939476 kmers; need 0.295 GB to sort     19791318 kmers
Used 156.204 GB / 1511.391 GB to store  19504101468 kmers; need 0.295 GB to sort     19813799 kmers
Used 156.330 GB / 1511.391 GB to store  19524680482 kmers; need 0.296 GB to sort     19834748 kmers
Used 156.455 GB / 1511.391 GB to store  19545259534 kmers; need 0.296 GB to sort     19856012 kmers
Used 156.581 GB / 1511.391 GB to store  19565838586 kmers; need 0.296 GB to sort     19876952 kmers
Used 156.707 GB / 1511.391 GB to store  19586417552 kmers; need 0.297 GB to sort     19898135 kmers
Used 156.833 GB / 1511.391 GB to store  19606996556 kmers; need 0.297 GB to sort     19920553 kmers
Used 156.959 GB / 1511.391 GB to store  19627575536 kmers; need 0.297 GB to sort     19941855 kmers
Used 157.084 GB / 1511.391 GB to store  19648154518 kmers; need 0.297 GB to sort     19962712 kmers
Used 157.210 GB / 1511.391 GB to store  19668733512 kmers; need 0.298 GB to sort     19983626 kmers
Used 157.336 GB / 1511.391 GB to store  19689312506 kmers; need 0.298 GB to sort     20004175 kmers
Used 157.462 GB / 1511.391 GB to store  19709891480 kmers; need 0.298 GB to sort     20025240 kmers
Used 157.587 GB / 1511.391 GB to store  19730470451 kmers; need 0.299 GB to sort     20046477 kmers
Used 157.713 GB / 1511.391 GB to store  19751049461 kmers; need 0.299 GB to sort     20067120 kmers
Used 157.840 GB / 1511.391 GB to store  19771628459 kmers; need 0.299 GB to sort     20088340 kmers
Used 157.965 GB / 1511.391 GB to store  19792207445 kmers; need 0.300 GB to sort     20109608 kmers
Used 158.091 GB / 1511.391 GB to store  19812786449 kmers; need 0.300 GB to sort     20130911 kmers
Used 158.217 GB / 1511.391 GB to store  19833365421 kmers; need 0.300 GB to sort     20152418 kmers
Used 158.342 GB / 1511.391 GB to store  19853944447 kmers; need 0.301 GB to sort     20173946 kmers
Used 158.467 GB / 1511.391 GB to store  19874523391 kmers; need 0.301 GB to sort     20195976 kmers
Used 158.593 GB / 1511.391 GB to store  19895102403 kmers; need 0.301 GB to sort     20217688 kmers
Used 158.719 GB / 1511.391 GB to store  19915681389 kmers; need 0.302 GB to sort     20239661 kmers
Used 158.845 GB / 1511.391 GB to store  19936260383 kmers; need 0.302 GB to sort     20261341 kmers
Used 158.970 GB / 1511.391 GB to store  19956839361 kmers; need 0.302 GB to sort     20283194 kmers
Used 159.095 GB / 1511.391 GB to store  19977418343 kmers; need 0.303 GB to sort     20305118 kmers
Used 159.221 GB / 1511.391 GB to store  19997997345 kmers; need 0.303 GB to sort     20326788 kmers
Used 159.349 GB / 1511.391 GB to store  20018576391 kmers; need 0.303 GB to sort     20348056 kmers
Used 159.476 GB / 1511.391 GB to store  20039155391 kmers; need 0.304 GB to sort     20369806 kmers
Used 159.602 GB / 1511.391 GB to store  20059734337 kmers; need 0.304 GB to sort     20391576 kmers
Used 159.729 GB / 1511.391 GB to store  20080313389 kmers; need 0.304 GB to sort     20413386 kmers
Used 159.856 GB / 1511.391 GB to store  20100892441 kmers; need 0.305 GB to sort     20434912 kmers
Used 159.982 GB / 1511.391 GB to store  20121471411 kmers; need 0.305 GB to sort     20456320 kmers
Used 160.108 GB / 1511.391 GB to store  20142050435 kmers; need 0.305 GB to sort     20478236 kmers
Used 160.233 GB / 1511.391 GB to store  20162629405 kmers; need 0.305 GB to sort     20499610 kmers
Used 160.359 GB / 1511.391 GB to store  20183208413 kmers; need 0.306 GB to sort     20520828 kmers
Used 160.485 GB / 1511.391 GB to store  20203787415 kmers; need 0.306 GB to sort     20542848 kmers
Used 160.610 GB / 1511.391 GB to store  20224366467 kmers; need 0.306 GB to sort     20564073 kmers
Used 160.737 GB / 1511.391 GB to store  20244945487 kmers; need 0.307 GB to sort     20586415 kmers
Used 160.864 GB / 1511.391 GB to store  20265524203 kmers; need 0.307 GB to sort     20608765 kmers
Used 160.990 GB / 1511.391 GB to store  20286103187 kmers; need 0.307 GB to sort     20630013 kmers
Used 161.117 GB / 1511.391 GB to store  20306682187 kmers; need 0.308 GB to sort     20651243 kmers
Used 161.244 GB / 1511.391 GB to store  20327261239 kmers; need 0.308 GB to sort     20672110 kmers
Used 161.369 GB / 1511.391 GB to store  20347840265 kmers; need 0.308 GB to sort     20694440 kmers
Used 161.494 GB / 1511.391 GB to store  20368419159 kmers; need 0.309 GB to sort     20716112 kmers
Used 161.619 GB / 1511.391 GB to store  20388998143 kmers; need 0.309 GB to sort     20738105 kmers
Used 161.744 GB / 1511.391 GB to store  20409577183 kmers; need 0.309 GB to sort     20759604 kmers
Used 161.871 GB / 1511.391 GB to store  20430156235 kmers; need 0.310 GB to sort     20779900 kmers
Used 161.997 GB / 1511.391 GB to store  20450735287 kmers; need 0.310 GB to sort     20800296 kmers
Used 162.123 GB / 1511.391 GB to store  20471314339 kmers; need 0.310 GB to sort     20820882 kmers
Used 162.249 GB / 1511.391 GB to store  20491893391 kmers; need 0.311 GB to sort     20841748 kmers
Used 162.375 GB / 1511.391 GB to store  20512472443 kmers; need 0.311 GB to sort     20861846 kmers
Used 162.501 GB / 1511.391 GB to store  20533051495 kmers; need 0.311 GB to sort     20881568 kmers
Used 162.626 GB / 1511.391 GB to store  20553630547 kmers; need 0.311 GB to sort     20901806 kmers
Used 162.752 GB / 1511.391 GB to store  20574209419 kmers; need 0.312 GB to sort     20922281 kmers
Used 162.878 GB / 1511.391 GB to store  20594788471 kmers; need 0.312 GB to sort     20942732 kmers
Used 163.004 GB / 1511.391 GB to store  20615367523 kmers; need 0.312 GB to sort     20963456 kmers
Used 163.131 GB / 1511.391 GB to store  20635946575 kmers; need 0.313 GB to sort     20984098 kmers
Used 163.260 GB / 1511.391 GB to store  20656525627 kmers; need 0.313 GB to sort     21004638 kmers
Used 163.385 GB / 1511.391 GB to store  20677104679 kmers; need 0.313 GB to sort     21025498 kmers
Used 163.511 GB / 1511.391 GB to store  20697683731 kmers; need 0.314 GB to sort     21046236 kmers
Used 163.638 GB / 1511.391 GB to store  20718262744 kmers; need 0.314 GB to sort     21067300 kmers
Used 163.763 GB / 1511.391 GB to store  20738841796 kmers; need 0.314 GB to sort     21088024 kmers
Used 163.888 GB / 1511.391 GB to store  20759420848 kmers; need 0.315 GB to sort     21108674 kmers
Used 164.014 GB / 1511.391 GB to store  20779999900 kmers; need 0.315 GB to sort     21129431 kmers
Used 164.140 GB / 1511.391 GB to store  20800578952 kmers; need 0.315 GB to sort     21150787 kmers
Used 164.267 GB / 1511.391 GB to store  20821158004 kmers; need 0.315 GB to sort     21171679 kmers
Used 164.393 GB / 1511.391 GB to store  20841737056 kmers; need 0.316 GB to sort     21192634 kmers
Used 164.519 GB / 1511.391 GB to store  20862316108 kmers; need 0.316 GB to sort     21213546 kmers
Used 164.645 GB / 1511.391 GB to store  20882895115 kmers; need 0.316 GB to sort     21234425 kmers
Used 164.770 GB / 1511.391 GB to store  20903474167 kmers; need 0.317 GB to sort     21255097 kmers
Used 164.896 GB / 1511.391 GB to store  20924053219 kmers; need 0.317 GB to sort     21275070 kmers
Used 165.021 GB / 1511.391 GB to store  20944632271 kmers; need 0.317 GB to sort     21295727 kmers
Used 165.149 GB / 1511.391 GB to store  20965211323 kmers; need 0.318 GB to sort     21316411 kmers
Used 165.274 GB / 1511.391 GB to store  20985790329 kmers; need 0.318 GB to sort     21336979 kmers
Used 165.400 GB / 1511.391 GB to store  21006369381 kmers; need 0.318 GB to sort     21357768 kmers
Used 165.526 GB / 1511.391 GB to store  21026948433 kmers; need 0.319 GB to sort     21378309 kmers
Used 165.653 GB / 1511.391 GB to store  21047527485 kmers; need 0.319 GB to sort     21399364 kmers
Used 165.779 GB / 1511.391 GB to store  21068106537 kmers; need 0.319 GB to sort     21420249 kmers
Used 165.906 GB / 1511.391 GB to store  21088685589 kmers; need 0.320 GB to sort     21441507 kmers
Used 166.031 GB / 1511.391 GB to store  21109264641 kmers; need 0.320 GB to sort     21461946 kmers
Used 166.156 GB / 1511.391 GB to store  21129843643 kmers; need 0.320 GB to sort     21483587 kmers
Used 166.282 GB / 1511.391 GB to store  21150422649 kmers; need 0.320 GB to sort     21504463 kmers
Used 166.408 GB / 1511.391 GB to store  21171001660 kmers; need 0.321 GB to sort     21524606 kmers
Used 166.533 GB / 1511.391 GB to store  21191580712 kmers; need 0.321 GB to sort     21545283 kmers
Used 166.658 GB / 1511.391 GB to store  21212159757 kmers; need 0.321 GB to sort     21565708 kmers
Used 166.785 GB / 1511.391 GB to store  21232738723 kmers; need 0.322 GB to sort     21586439 kmers
Used 166.911 GB / 1511.391 GB to store  21253317737 kmers; need 0.322 GB to sort     21607104 kmers
Used 167.037 GB / 1511.391 GB to store  21273896781 kmers; need 0.322 GB to sort     21627923 kmers
Used 167.163 GB / 1511.391 GB to store  21294475833 kmers; need 0.323 GB to sort     21648833 kmers
Used 167.289 GB / 1511.391 GB to store  21315054879 kmers; need 0.323 GB to sort     21670334 kmers
Used 167.416 GB / 1511.391 GB to store  21335633885 kmers; need 0.323 GB to sort     21691127 kmers
Used 167.542 GB / 1511.391 GB to store  21356212766 kmers; need 0.324 GB to sort     21711780 kmers
Used 167.668 GB / 1511.391 GB to store  21376791818 kmers; need 0.324 GB to sort     21732320 kmers
Used 167.794 GB / 1511.391 GB to store  21397370870 kmers; need 0.324 GB to sort     21752626 kmers
Used 167.920 GB / 1511.391 GB to store  21417949922 kmers; need 0.324 GB to sort     21774037 kmers
Used 168.045 GB / 1511.391 GB to store  21438528974 kmers; need 0.325 GB to sort     21795156 kmers
Used 168.171 GB / 1511.391 GB to store  21459108026 kmers; need 0.325 GB to sort     21815973 kmers
Used 168.297 GB / 1511.391 GB to store  21479687078 kmers; need 0.325 GB to sort     21836531 kmers
Used 168.423 GB / 1511.391 GB to store  21500266124 kmers; need 0.326 GB to sort     21857372 kmers
Used 168.549 GB / 1511.391 GB to store  21520845104 kmers; need 0.326 GB to sort     21879035 kmers
Used 168.675 GB / 1511.391 GB to store  21541424156 kmers; need 0.326 GB to sort     21900589 kmers
Used 168.802 GB / 1511.391 GB to store  21562003208 kmers; need 0.327 GB to sort     21921914 kmers
Used 168.928 GB / 1511.391 GB to store  21582582260 kmers; need 0.327 GB to sort     21943228 kmers
Used 169.056 GB / 1511.391 GB to store  21603161264 kmers; need 0.327 GB to sort     21964043 kmers
Used 169.181 GB / 1511.391 GB to store  21623740252 kmers; need 0.328 GB to sort     21984830 kmers
Used 169.308 GB / 1511.391 GB to store  21644319250 kmers; need 0.328 GB to sort     22006195 kmers
Used 169.436 GB / 1511.391 GB to store  21664898228 kmers; need 0.328 GB to sort     22027493 kmers
Used 169.561 GB / 1511.391 GB to store  21685477210 kmers; need 0.329 GB to sort     22048987 kmers
Used 169.688 GB / 1511.391 GB to store  21706056244 kmers; need 0.329 GB to sort     22070181 kmers
Used 169.814 GB / 1511.391 GB to store  21726635296 kmers; need 0.329 GB to sort     22091415 kmers
Used 169.941 GB / 1511.391 GB to store  21747214320 kmers; need 0.330 GB to sort     22112567 kmers
Used 170.067 GB / 1511.391 GB to store  21767793350 kmers; need 0.330 GB to sort     22133722 kmers
Used 170.193 GB / 1511.391 GB to store  21788372344 kmers; need 0.330 GB to sort     22155861 kmers
Used 170.319 GB / 1511.391 GB to store  21808951294 kmers; need 0.330 GB to sort     22178248 kmers
Used 170.445 GB / 1511.391 GB to store  21829530292 kmers; need 0.331 GB to sort     22199842 kmers
Used 170.571 GB / 1511.391 GB to store  21850109284 kmers; need 0.331 GB to sort     22221174 kmers
Used 170.697 GB / 1511.391 GB to store  21870688242 kmers; need 0.331 GB to sort     22242851 kmers
Used 170.823 GB / 1511.391 GB to store  21891267268 kmers; need 0.332 GB to sort     22263997 kmers
Used 170.948 GB / 1511.391 GB to store  21911846320 kmers; need 0.332 GB to sort     22285781 kmers
Used 171.075 GB / 1511.391 GB to store  21932425372 kmers; need 0.332 GB to sort     22306785 kmers
Used 171.200 GB / 1511.391 GB to store  21953004348 kmers; need 0.333 GB to sort     22328338 kmers
Used 171.326 GB / 1511.391 GB to store  21973583320 kmers; need 0.333 GB to sort     22349794 kmers
Used 171.451 GB / 1511.391 GB to store  21994162268 kmers; need 0.333 GB to sort     22371736 kmers
Used 171.578 GB / 1511.391 GB to store  22014741276 kmers; need 0.334 GB to sort     22393685 kmers
Used 171.705 GB / 1511.391 GB to store  22035320290 kmers; need 0.334 GB to sort     22416063 kmers
Used 171.832 GB / 1511.391 GB to store  22055899340 kmers; need 0.334 GB to sort     22437696 kmers
Used 171.958 GB / 1511.391 GB to store  22076478392 kmers; need 0.335 GB to sort     22458782 kmers
Used 172.083 GB / 1511.391 GB to store  22097057322 kmers; need 0.335 GB to sort     22480679 kmers
Used 172.209 GB / 1511.391 GB to store  22117636310 kmers; need 0.335 GB to sort     22503209 kmers
Used 172.336 GB / 1511.391 GB to store  22138215306 kmers; need 0.336 GB to sort     22525097 kmers
Used 172.461 GB / 1511.391 GB to store  22158794358 kmers; need 0.336 GB to sort     22545955 kmers
Used 172.587 GB / 1511.391 GB to store  22179373386 kmers; need 0.336 GB to sort     22566225 kmers
Used 172.720 GB / 1511.391 GB to store  22201535424 kmers; need 0.337 GB to sort     22589869 kmers
Used 172.846 GB / 1511.391 GB to store  22222114476 kmers; need 0.337 GB to sort     22612668 kmers
Used 172.972 GB / 1511.391 GB to store  22242693522 kmers; need 0.337 GB to sort     22633908 kmers
Used 173.098 GB / 1511.391 GB to store  22263272574 kmers; need 0.338 GB to sort     22653941 kmers
Used 173.225 GB / 1511.391 GB to store  22283851626 kmers; need 0.338 GB to sort     22673739 kmers
Used 173.351 GB / 1511.391 GB to store  22304430678 kmers; need 0.338 GB to sort     22694239 kmers
Used 173.478 GB / 1511.391 GB to store  22325009730 kmers; need 0.338 GB to sort     22715074 kmers
Used 173.603 GB / 1511.391 GB to store  22345588782 kmers; need 0.339 GB to sort     22735594 kmers
Used 173.729 GB / 1511.391 GB to store  22366167834 kmers; need 0.339 GB to sort     22756215 kmers
Used 173.855 GB / 1511.391 GB to store  22386746886 kmers; need 0.339 GB to sort     22776462 kmers
Used 173.982 GB / 1511.391 GB to store  22407325938 kmers; need 0.340 GB to sort     22797291 kmers
Used 174.109 GB / 1511.391 GB to store  22427904990 kmers; need 0.340 GB to sort     22817649 kmers
Used 174.235 GB / 1511.391 GB to store  22448484042 kmers; need 0.340 GB to sort     22838022 kmers
Used 174.361 GB / 1511.391 GB to store  22469063094 kmers; need 0.341 GB to sort     22858939 kmers
Used 174.487 GB / 1511.391 GB to store  22489642146 kmers; need 0.341 GB to sort     22880297 kmers
Used 174.613 GB / 1511.391 GB to store  22510221198 kmers; need 0.341 GB to sort     22901109 kmers
Used 174.740 GB / 1511.391 GB to store  22530800250 kmers; need 0.342 GB to sort     22921225 kmers
Used 174.866 GB / 1511.391 GB to store  22551379302 kmers; need 0.342 GB to sort     22941259 kmers
Used 174.993 GB / 1511.391 GB to store  22571958354 kmers; need 0.342 GB to sort     22962303 kmers
Used 175.119 GB / 1511.391 GB to store  22592537406 kmers; need 0.342 GB to sort     22983518 kmers
Used 175.253 GB / 1511.391 GB to store  22614699462 kmers; need 0.343 GB to sort     23006001 kmers
Used 175.380 GB / 1511.391 GB to store  22635278514 kmers; need 0.343 GB to sort     23026830 kmers
Used 175.505 GB / 1511.391 GB to store  22655857566 kmers; need 0.343 GB to sort     23048486 kmers
Used 175.630 GB / 1511.391 GB to store  22676436618 kmers; need 0.344 GB to sort     23069879 kmers
Used 175.757 GB / 1511.391 GB to store  22697015562 kmers; need 0.344 GB to sort     23090782 kmers
Used 175.883 GB / 1511.391 GB to store  22717594614 kmers; need 0.344 GB to sort     23111366 kmers
Used 176.009 GB / 1511.391 GB to store  22738173666 kmers; need 0.345 GB to sort     23132066 kmers
Used 176.135 GB / 1511.391 GB to store  22758752718 kmers; need 0.345 GB to sort     23153203 kmers
Used 176.261 GB / 1511.391 GB to store  22779331770 kmers; need 0.345 GB to sort     23173758 kmers
Used 176.387 GB / 1511.391 GB to store  22799910822 kmers; need 0.346 GB to sort     23194633 kmers
Used 176.513 GB / 1511.391 GB to store  22820489874 kmers; need 0.346 GB to sort     23214854 kmers
Used 176.640 GB / 1511.391 GB to store  22841068922 kmers; need 0.346 GB to sort     23236355 kmers
Used 176.766 GB / 1511.391 GB to store  22861647930 kmers; need 0.347 GB to sort     23256879 kmers
Used 176.892 GB / 1511.391 GB to store  22882226970 kmers; need 0.347 GB to sort     23278001 kmers
Used 177.018 GB / 1511.391 GB to store  22902806022 kmers; need 0.347 GB to sort     23298713 kmers
Used 177.144 GB / 1511.391 GB to store  22923385074 kmers; need 0.347 GB to sort     23319751 kmers
Used 177.270 GB / 1511.391 GB to store  22943964126 kmers; need 0.348 GB to sort     23340334 kmers
Used 177.396 GB / 1511.391 GB to store  22964543178 kmers; need 0.348 GB to sort     23361246 kmers
Used 177.522 GB / 1511.391 GB to store  22985122160 kmers; need 0.348 GB to sort     23382380 kmers
Used 177.648 GB / 1511.391 GB to store  23005701132 kmers; need 0.349 GB to sort     23403624 kmers
Used 177.773 GB / 1511.391 GB to store  23026280156 kmers; need 0.349 GB to sort     23425207 kmers
Used 177.899 GB / 1511.391 GB to store  23046859132 kmers; need 0.349 GB to sort     23445872 kmers
Used 178.025 GB / 1511.391 GB to store  23067438146 kmers; need 0.350 GB to sort     23466284 kmers
Used 178.152 GB / 1511.391 GB to store  23088017198 kmers; need 0.350 GB to sort     23487247 kmers
Used 178.279 GB / 1511.391 GB to store  23108596250 kmers; need 0.350 GB to sort     23508411 kmers
Used 178.405 GB / 1511.391 GB to store  23129175302 kmers; need 0.351 GB to sort     23530171 kmers
Used 178.531 GB / 1511.391 GB to store  23149754354 kmers; need 0.351 GB to sort     23550419 kmers
Used 178.656 GB / 1511.391 GB to store  23170333406 kmers; need 0.351 GB to sort     23572177 kmers
Used 178.782 GB / 1511.391 GB to store  23190912458 kmers; need 0.352 GB to sort     23593744 kmers
Used 178.908 GB / 1511.391 GB to store  23211491510 kmers; need 0.352 GB to sort     23615003 kmers
Used 179.035 GB / 1511.391 GB to store  23232070562 kmers; need 0.352 GB to sort     23635791 kmers
Used 179.161 GB / 1511.391 GB to store  23252649614 kmers; need 0.353 GB to sort     23657280 kmers
Used 179.287 GB / 1511.391 GB to store  23273228666 kmers; need 0.353 GB to sort     23678162 kmers
Used 179.413 GB / 1511.391 GB to store  23293807718 kmers; need 0.353 GB to sort     23698710 kmers
Used 179.539 GB / 1511.391 GB to store  23314386770 kmers; need 0.353 GB to sort     23719945 kmers
Used 179.666 GB / 1511.391 GB to store  23334965822 kmers; need 0.354 GB to sort     23740987 kmers
Used 179.792 GB / 1511.391 GB to store  23355544854 kmers; need 0.354 GB to sort     23761684 kmers
Used 179.918 GB / 1511.391 GB to store  23376123818 kmers; need 0.354 GB to sort     23782841 kmers
Used 180.044 GB / 1511.391 GB to store  23396702820 kmers; need 0.355 GB to sort     23804185 kmers
Used 180.171 GB / 1511.391 GB to store  23417281866 kmers; need 0.355 GB to sort     23825350 kmers
Used 180.297 GB / 1511.391 GB to store  23437860918 kmers; need 0.355 GB to sort     23847075 kmers
Used 180.423 GB / 1511.391 GB to store  23458439914 kmers; need 0.356 GB to sort     23867378 kmers
Used 180.549 GB / 1511.391 GB to store  23479018918 kmers; need 0.356 GB to sort     23888416 kmers
Used 180.675 GB / 1511.391 GB to store  23499597896 kmers; need 0.356 GB to sort     23910248 kmers
Used 180.802 GB / 1511.391 GB to store  23520176868 kmers; need 0.357 GB to sort     23931700 kmers
Used 180.928 GB / 1511.391 GB to store  23540755826 kmers; need 0.357 GB to sort     23952718 kmers
Used 181.054 GB / 1511.391 GB to store  23561334794 kmers; need 0.357 GB to sort     23973655 kmers
Used 181.179 GB / 1511.391 GB to store  23581913782 kmers; need 0.358 GB to sort     23995083 kmers
Used 181.304 GB / 1511.391 GB to store  23602492750 kmers; need 0.358 GB to sort     24017274 kmers
Used 181.430 GB / 1511.391 GB to store  23623071716 kmers; need 0.358 GB to sort     24038890 kmers
Used 181.556 GB / 1511.391 GB to store  23643650646 kmers; need 0.359 GB to sort     24060451 kmers
Used 181.682 GB / 1511.391 GB to store  23664229644 kmers; need 0.359 GB to sort     24081745 kmers
Used 181.808 GB / 1511.391 GB to store  23684808620 kmers; need 0.359 GB to sort     24103005 kmers
Used 181.935 GB / 1511.391 GB to store  23705387672 kmers; need 0.359 GB to sort     24125092 kmers
Used 182.061 GB / 1511.391 GB to store  23725966724 kmers; need 0.360 GB to sort     24146681 kmers
Used 182.187 GB / 1511.391 GB to store  23746545742 kmers; need 0.360 GB to sort     24168708 kmers
Used 182.313 GB / 1511.391 GB to store  23767124742 kmers; need 0.360 GB to sort     24190693 kmers
Used 182.440 GB / 1511.391 GB to store  23787703772 kmers; need 0.361 GB to sort     24212103 kmers
Used 182.566 GB / 1511.391 GB to store  23808282762 kmers; need 0.361 GB to sort     24234088 kmers
Used 182.693 GB / 1511.391 GB to store  23828861738 kmers; need 0.361 GB to sort     24255421 kmers
Used 182.820 GB / 1511.391 GB to store  23849440718 kmers; need 0.362 GB to sort     24277530 kmers
Used 182.946 GB / 1511.391 GB to store  23870019770 kmers; need 0.362 GB to sort     24299115 kmers
Used 183.072 GB / 1511.391 GB to store  23890598822 kmers; need 0.362 GB to sort     24321371 kmers
Used 183.197 GB / 1511.391 GB to store  23911177874 kmers; need 0.363 GB to sort     24342158 kmers
Used 183.323 GB / 1511.391 GB to store  23931756924 kmers; need 0.363 GB to sort     24364134 kmers
Used 183.450 GB / 1511.391 GB to store  23952335848 kmers; need 0.363 GB to sort     24386437 kmers
Used 183.576 GB / 1511.391 GB to store  23972914900 kmers; need 0.364 GB to sort     24408770 kmers
Used 183.703 GB / 1511.391 GB to store  23993493952 kmers; need 0.364 GB to sort     24429791 kmers
Used 183.830 GB / 1511.391 GB to store  24014073004 kmers; need 0.364 GB to sort     24450324 kmers
Used 183.955 GB / 1511.391 GB to store  24034652056 kmers; need 0.365 GB to sort     24470928 kmers
Used 184.080 GB / 1511.391 GB to store  24055231108 kmers; need 0.365 GB to sort     24491799 kmers
Used 184.206 GB / 1511.391 GB to store  24075810160 kmers; need 0.365 GB to sort     24511854 kmers
Used 184.332 GB / 1511.391 GB to store  24096389212 kmers; need 0.366 GB to sort     24532988 kmers
Used 184.458 GB / 1511.391 GB to store  24116968264 kmers; need 0.366 GB to sort     24553170 kmers
Used 184.585 GB / 1511.391 GB to store  24137547316 kmers; need 0.366 GB to sort     24573759 kmers
Used 184.711 GB / 1511.391 GB to store  24158126354 kmers; need 0.366 GB to sort     24594220 kmers
Used 184.838 GB / 1511.391 GB to store  24178705406 kmers; need 0.367 GB to sort     24614696 kmers
Used 184.964 GB / 1511.391 GB to store  24199284251 kmers; need 0.367 GB to sort     24635292 kmers
Used 185.090 GB / 1511.391 GB to store  24219863303 kmers; need 0.367 GB to sort     24657589 kmers
Used 185.217 GB / 1511.391 GB to store  24240442355 kmers; need 0.368 GB to sort     24679254 kmers
Used 185.343 GB / 1511.391 GB to store  24261021407 kmers; need 0.368 GB to sort     24699831 kmers
Used 185.469 GB / 1511.391 GB to store  24281600459 kmers; need 0.368 GB to sort     24720566 kmers
Used 185.596 GB / 1511.391 GB to store  24302179511 kmers; need 0.369 GB to sort     24742023 kmers
Used 185.721 GB / 1511.391 GB to store  24322758563 kmers; need 0.369 GB to sort     24762960 kmers
Used 185.846 GB / 1511.391 GB to store  24343337615 kmers; need 0.369 GB to sort     24783340 kmers
Used 185.973 GB / 1511.391 GB to store  24363916667 kmers; need 0.370 GB to sort     24803721 kmers
Used 186.099 GB / 1511.391 GB to store  24384495719 kmers; need 0.370 GB to sort     24824486 kmers
Used 186.226 GB / 1511.391 GB to store  24405074771 kmers; need 0.370 GB to sort     24845239 kmers
Used 186.351 GB / 1511.391 GB to store  24425653823 kmers; need 0.371 GB to sort     24866027 kmers
Used 186.477 GB / 1511.391 GB to store  24446232875 kmers; need 0.371 GB to sort     24887273 kmers
Used 186.603 GB / 1511.391 GB to store  24466811927 kmers; need 0.371 GB to sort     24908208 kmers
Used 186.729 GB / 1511.391 GB to store  24487390979 kmers; need 0.371 GB to sort     24929453 kmers
Used 186.854 GB / 1511.391 GB to store  24507970031 kmers; need 0.372 GB to sort     24950667 kmers
Used 186.980 GB / 1511.391 GB to store  24528549083 kmers; need 0.372 GB to sort     24970972 kmers
Used 187.107 GB / 1511.391 GB to store  24549128135 kmers; need 0.372 GB to sort     24992274 kmers
Used 187.233 GB / 1511.391 GB to store  24569707187 kmers; need 0.373 GB to sort     25013048 kmers
Used 187.360 GB / 1511.391 GB to store  24590286239 kmers; need 0.373 GB to sort     25034465 kmers
Used 187.485 GB / 1511.391 GB to store  24610865291 kmers; need 0.373 GB to sort     25055285 kmers
Used 187.612 GB / 1511.391 GB to store  24631444343 kmers; need 0.374 GB to sort     25076131 kmers
Used 187.739 GB / 1511.391 GB to store  24652023395 kmers; need 0.374 GB to sort     25096581 kmers
Used 187.865 GB / 1511.391 GB to store  24672602447 kmers; need 0.374 GB to sort     25117825 kmers
Used 187.991 GB / 1511.391 GB to store  24693181499 kmers; need 0.375 GB to sort     25138773 kmers
Used 188.118 GB / 1511.391 GB to store  24713760551 kmers; need 0.375 GB to sort     25159894 kmers
Used 188.244 GB / 1511.391 GB to store  24734339603 kmers; need 0.375 GB to sort     25180705 kmers
Used 188.369 GB / 1511.391 GB to store  24754918655 kmers; need 0.376 GB to sort     25200806 kmers
Used 188.496 GB / 1511.391 GB to store  24775497707 kmers; need 0.376 GB to sort     25222042 kmers
Used 188.623 GB / 1511.391 GB to store  24796076759 kmers; need 0.376 GB to sort     25243085 kmers
Used 188.748 GB / 1511.391 GB to store  24816655811 kmers; need 0.376 GB to sort     25263756 kmers
Used 188.874 GB / 1511.391 GB to store  24837234863 kmers; need 0.377 GB to sort     25284501 kmers
Used 189.002 GB / 1511.391 GB to store  24857813909 kmers; need 0.377 GB to sort     25305334 kmers
Used 189.129 GB / 1511.391 GB to store  24878392961 kmers; need 0.377 GB to sort     25326536 kmers
Used 189.255 GB / 1511.391 GB to store  24898971999 kmers; need 0.378 GB to sort     25347529 kmers
Used 189.380 GB / 1511.391 GB to store  24919550985 kmers; need 0.378 GB to sort     25368861 kmers
Used 189.506 GB / 1511.391 GB to store  24940130037 kmers; need 0.378 GB to sort     25389695 kmers
Used 189.633 GB / 1511.391 GB to store  24960709089 kmers; need 0.379 GB to sort     25410767 kmers
Used 189.759 GB / 1511.391 GB to store  24981288141 kmers; need 0.379 GB to sort     25431905 kmers
Used 189.887 GB / 1511.391 GB to store  25001867193 kmers; need 0.379 GB to sort     25452410 kmers
Used 190.013 GB / 1511.391 GB to store  25022446245 kmers; need 0.380 GB to sort     25473962 kmers
Used 190.138 GB / 1511.391 GB to store  25043025297 kmers; need 0.380 GB to sort     25495137 kmers
Used 190.264 GB / 1511.391 GB to store  25063604349 kmers; need 0.380 GB to sort     25516203 kmers
Used 190.390 GB / 1511.391 GB to store  25084183401 kmers; need 0.381 GB to sort     25536624 kmers
Used 190.516 GB / 1511.391 GB to store  25104762444 kmers; need 0.381 GB to sort     25557486 kmers
Used 190.643 GB / 1511.391 GB to store  25125341496 kmers; need 0.381 GB to sort     25578301 kmers
Used 190.768 GB / 1511.391 GB to store  25145920548 kmers; need 0.381 GB to sort     25599538 kmers
Used 190.894 GB / 1511.391 GB to store  25166499600 kmers; need 0.382 GB to sort     25621020 kmers
Used 191.021 GB / 1511.391 GB to store  25187078636 kmers; need 0.382 GB to sort     25641446 kmers
Used 191.148 GB / 1511.391 GB to store  25207657688 kmers; need 0.382 GB to sort     25661509 kmers
Used 191.273 GB / 1511.391 GB to store  25228236740 kmers; need 0.383 GB to sort     25682505 kmers
Used 191.400 GB / 1511.391 GB to store  25248815792 kmers; need 0.383 GB to sort     25703507 kmers
Used 191.526 GB / 1511.391 GB to store  25269394844 kmers; need 0.383 GB to sort     25724785 kmers
Used 191.653 GB / 1511.391 GB to store  25289973896 kmers; need 0.384 GB to sort     25745827 kmers
Used 191.778 GB / 1511.391 GB to store  25310552948 kmers; need 0.384 GB to sort     25766631 kmers
Used 191.905 GB / 1511.391 GB to store  25331132000 kmers; need 0.384 GB to sort     25788299 kmers
Used 192.031 GB / 1511.391 GB to store  25351711052 kmers; need 0.385 GB to sort     25809425 kmers
Used 192.159 GB / 1511.391 GB to store  25372290100 kmers; need 0.385 GB to sort     25830620 kmers
Used 192.286 GB / 1511.391 GB to store  25392869128 kmers; need 0.385 GB to sort     25852212 kmers
Used 192.412 GB / 1511.391 GB to store  25413448180 kmers; need 0.386 GB to sort     25873347 kmers
Used 192.538 GB / 1511.391 GB to store  25434027194 kmers; need 0.386 GB to sort     25894588 kmers
Used 192.664 GB / 1511.391 GB to store  25454606180 kmers; need 0.386 GB to sort     25915330 kmers
Used 192.791 GB / 1511.391 GB to store  25475185162 kmers; need 0.386 GB to sort     25936771 kmers
Used 192.917 GB / 1511.391 GB to store  25495764214 kmers; need 0.387 GB to sort     25958096 kmers
Used 193.042 GB / 1511.391 GB to store  25516343266 kmers; need 0.387 GB to sort     25980428 kmers
Used 193.169 GB / 1511.391 GB to store  25536922248 kmers; need 0.387 GB to sort     26002114 kmers
Used 193.294 GB / 1511.391 GB to store  25557501216 kmers; need 0.388 GB to sort     26023372 kmers
Used 193.421 GB / 1511.391 GB to store  25578080170 kmers; need 0.388 GB to sort     26044922 kmers
Used 193.546 GB / 1511.391 GB to store  25598659142 kmers; need 0.388 GB to sort     26066372 kmers
Used 193.672 GB / 1511.391 GB to store  25619238128 kmers; need 0.389 GB to sort     26087488 kmers
Used 193.799 GB / 1511.391 GB to store  25639817120 kmers; need 0.389 GB to sort     26109166 kmers
Used 193.925 GB / 1511.391 GB to store  25660396102 kmers; need 0.389 GB to sort     26130143 kmers
Used 194.050 GB / 1511.391 GB to store  25680975126 kmers; need 0.390 GB to sort     26151975 kmers
Used 194.177 GB / 1511.391 GB to store  25701554178 kmers; need 0.390 GB to sort     26173420 kmers
Used 194.302 GB / 1511.391 GB to store  25722133174 kmers; need 0.390 GB to sort     26193877 kmers
Used 194.428 GB / 1511.391 GB to store  25742712126 kmers; need 0.391 GB to sort     26215336 kmers
Used 194.554 GB / 1511.391 GB to store  25763291122 kmers; need 0.391 GB to sort     26236606 kmers
Used 194.681 GB / 1511.391 GB to store  25783870150 kmers; need 0.391 GB to sort     26258330 kmers
Used 194.807 GB / 1511.391 GB to store  25804449144 kmers; need 0.392 GB to sort     26279795 kmers
Used 194.933 GB / 1511.391 GB to store  25825027972 kmers; need 0.392 GB to sort     26301451 kmers
Used 195.059 GB / 1511.391 GB to store  25845606978 kmers; need 0.392 GB to sort     26323361 kmers
Used 195.185 GB / 1511.391 GB to store  25866186020 kmers; need 0.393 GB to sort     26344989 kmers
Used 195.312 GB / 1511.391 GB to store  25886764984 kmers; need 0.393 GB to sort     26366849 kmers
Used 195.437 GB / 1511.391 GB to store  25907344024 kmers; need 0.393 GB to sort     26388621 kmers
Used 195.563 GB / 1511.391 GB to store  25927923040 kmers; need 0.394 GB to sort     26410274 kmers
Used 195.689 GB / 1511.391 GB to store  25948502092 kmers; need 0.394 GB to sort     26432112 kmers
Used 195.815 GB / 1511.391 GB to store  25969081144 kmers; need 0.394 GB to sort     26453755 kmers
Used 195.942 GB / 1511.391 GB to store  25989660196 kmers; need 0.394 GB to sort     26473265 kmers
Used 196.068 GB / 1511.391 GB to store  26010239248 kmers; need 0.395 GB to sort     26493220 kmers
Used 196.194 GB / 1511.391 GB to store  26030818258 kmers; need 0.395 GB to sort     26513335 kmers
Used 196.320 GB / 1511.391 GB to store  26051397194 kmers; need 0.395 GB to sort     26534278 kmers
Used 196.447 GB / 1511.391 GB to store  26071976162 kmers; need 0.396 GB to sort     26556806 kmers
Used 196.572 GB / 1511.391 GB to store  26092555086 kmers; need 0.396 GB to sort     26578326 kmers
Used 196.699 GB / 1511.391 GB to store  26113134138 kmers; need 0.396 GB to sort     26599558 kmers
Used 196.826 GB / 1511.391 GB to store  26133713190 kmers; need 0.397 GB to sort     26620374 kmers
Used 196.953 GB / 1511.391 GB to store  26154292242 kmers; need 0.397 GB to sort     26640741 kmers
Used 197.078 GB / 1511.391 GB to store  26174871294 kmers; need 0.397 GB to sort     26660742 kmers
Used 197.205 GB / 1511.391 GB to store  26195450346 kmers; need 0.398 GB to sort     26680666 kmers
Used 197.331 GB / 1511.391 GB to store  26216029398 kmers; need 0.398 GB to sort     26701428 kmers
Used 197.458 GB / 1511.391 GB to store  26236608450 kmers; need 0.398 GB to sort     26721716 kmers
Used 197.583 GB / 1511.391 GB to store  26257187502 kmers; need 0.398 GB to sort     26742456 kmers
Used 197.710 GB / 1511.391 GB to store  26277766554 kmers; need 0.399 GB to sort     26763764 kmers
Used 197.837 GB / 1511.391 GB to store  26298345606 kmers; need 0.399 GB to sort     26785141 kmers
Used 197.964 GB / 1511.391 GB to store  26318924658 kmers; need 0.399 GB to sort     26805763 kmers
Used 198.090 GB / 1511.391 GB to store  26339503710 kmers; need 0.400 GB to sort     26826317 kmers
Used 198.217 GB / 1511.391 GB to store  26360082762 kmers; need 0.400 GB to sort     26846511 kmers
Used 198.343 GB / 1511.391 GB to store  26380661814 kmers; need 0.400 GB to sort     26867710 kmers
Used 198.469 GB / 1511.391 GB to store  26401240866 kmers; need 0.401 GB to sort     26887980 kmers
Used 198.595 GB / 1511.391 GB to store  26421819918 kmers; need 0.401 GB to sort     26909319 kmers
Used 198.722 GB / 1511.391 GB to store  26442398970 kmers; need 0.401 GB to sort     26929784 kmers
Used 198.848 GB / 1511.391 GB to store  26462978022 kmers; need 0.402 GB to sort     26950514 kmers
Used 198.974 GB / 1511.391 GB to store  26483557074 kmers; need 0.402 GB to sort     26971827 kmers
Used 199.100 GB / 1511.391 GB to store  26504136126 kmers; need 0.402 GB to sort     26993208 kmers
Used 199.226 GB / 1511.391 GB to store  26524715178 kmers; need 0.403 GB to sort     27014920 kmers
Used 199.353 GB / 1511.391 GB to store  26545294230 kmers; need 0.403 GB to sort     27035379 kmers
Used 199.480 GB / 1511.391 GB to store  26565873282 kmers; need 0.403 GB to sort     27055524 kmers
Used 199.606 GB / 1511.391 GB to store  26586452334 kmers; need 0.403 GB to sort     27076612 kmers
Used 199.733 GB / 1511.391 GB to store  26607031386 kmers; need 0.404 GB to sort     27098000 kmers
Used 199.858 GB / 1511.391 GB to store  26627610438 kmers; need 0.404 GB to sort     27118127 kmers
Used 199.985 GB / 1511.391 GB to store  26648189490 kmers; need 0.404 GB to sort     27138727 kmers
Used 200.111 GB / 1511.391 GB to store  26668768542 kmers; need 0.405 GB to sort     27158848 kmers
Used 200.237 GB / 1511.391 GB to store  26689347594 kmers; need 0.405 GB to sort     27179519 kmers
Used 200.363 GB / 1511.391 GB to store  26709926646 kmers; need 0.405 GB to sort     27200714 kmers
Used 200.490 GB / 1511.391 GB to store  26730505698 kmers; need 0.406 GB to sort     27221118 kmers
Used 200.616 GB / 1511.391 GB to store  26751084750 kmers; need 0.406 GB to sort     27242354 kmers
Used 200.742 GB / 1511.391 GB to store  26771663802 kmers; need 0.406 GB to sort     27262831 kmers
Used 200.868 GB / 1511.391 GB to store  26792242854 kmers; need 0.407 GB to sort     27283514 kmers
Used 200.996 GB / 1511.391 GB to store  26812821906 kmers; need 0.407 GB to sort     27304089 kmers
Used 201.122 GB / 1511.391 GB to store  26833400958 kmers; need 0.407 GB to sort     27325284 kmers
Used 201.248 GB / 1511.391 GB to store  26853980010 kmers; need 0.407 GB to sort     27345816 kmers
Used 201.374 GB / 1511.391 GB to store  26874559062 kmers; need 0.408 GB to sort     27366950 kmers
Used 201.500 GB / 1511.391 GB to store  26895138111 kmers; need 0.408 GB to sort     27388236 kmers
Used 201.627 GB / 1511.391 GB to store  26915717163 kmers; need 0.408 GB to sort     27409539 kmers
Used 201.754 GB / 1511.391 GB to store  26936296215 kmers; need 0.409 GB to sort     27430084 kmers
Used 201.880 GB / 1511.391 GB to store  26956875267 kmers; need 0.409 GB to sort     27450770 kmers
Used 202.014 GB / 1511.391 GB to store  26979037285 kmers; need 0.409 GB to sort     27473593 kmers
Used 202.141 GB / 1511.391 GB to store  26999616263 kmers; need 0.410 GB to sort     27494440 kmers
Used 202.266 GB / 1511.391 GB to store  27020195300 kmers; need 0.410 GB to sort     27515329 kmers
Used 202.391 GB / 1511.391 GB to store  27040774346 kmers; need 0.410 GB to sort     27536529 kmers
Used 202.518 GB / 1511.391 GB to store  27061353398 kmers; need 0.411 GB to sort     27558087 kmers
Used 202.644 GB / 1511.391 GB to store  27081932394 kmers; need 0.411 GB to sort     27578806 kmers
Used 202.770 GB / 1511.391 GB to store  27102511354 kmers; need 0.411 GB to sort     27599692 kmers
Used 202.896 GB / 1511.391 GB to store  27123090345 kmers; need 0.412 GB to sort     27620402 kmers
Used 203.022 GB / 1511.391 GB to store  27143669397 kmers; need 0.412 GB to sort     27640982 kmers
Used 203.150 GB / 1511.391 GB to store  27164248449 kmers; need 0.412 GB to sort     27661944 kmers
Used 203.276 GB / 1511.391 GB to store  27184827501 kmers; need 0.413 GB to sort     27683392 kmers
Used 203.402 GB / 1511.391 GB to store  27205406553 kmers; need 0.413 GB to sort     27704754 kmers
Used 203.527 GB / 1511.391 GB to store  27225985539 kmers; need 0.413 GB to sort     27725571 kmers
Used 203.654 GB / 1511.391 GB to store  27246564519 kmers; need 0.413 GB to sort     27747166 kmers
Used 203.781 GB / 1511.391 GB to store  27267143408 kmers; need 0.414 GB to sort     27768738 kmers
Used 203.906 GB / 1511.391 GB to store  27287722392 kmers; need 0.414 GB to sort     27790407 kmers
Used 204.034 GB / 1511.391 GB to store  27308301360 kmers; need 0.414 GB to sort     27812644 kmers
Used 204.161 GB / 1511.391 GB to store  27328880308 kmers; need 0.415 GB to sort     27834761 kmers
Used 204.288 GB / 1511.391 GB to store  27349459286 kmers; need 0.415 GB to sort     27856593 kmers
Used 204.414 GB / 1511.391 GB to store  27370038256 kmers; need 0.415 GB to sort     27878074 kmers
Used 204.541 GB / 1511.391 GB to store  27390617226 kmers; need 0.416 GB to sort     27899295 kmers
Used 204.666 GB / 1511.391 GB to store  27411196154 kmers; need 0.416 GB to sort     27920181 kmers
Used 204.792 GB / 1511.391 GB to store  27431775206 kmers; need 0.416 GB to sort     27942530 kmers
Used 204.918 GB / 1511.391 GB to store  27452354252 kmers; need 0.417 GB to sort     27963882 kmers
Used 205.044 GB / 1511.391 GB to store  27472933238 kmers; need 0.417 GB to sort     27985239 kmers
Used 205.170 GB / 1511.391 GB to store  27493512230 kmers; need 0.417 GB to sort     28006376 kmers
Used 205.296 GB / 1511.391 GB to store  27514091272 kmers; need 0.418 GB to sort     28027769 kmers
Used 205.422 GB / 1511.391 GB to store  27534670324 kmers; need 0.418 GB to sort     28049351 kmers
Used 205.549 GB / 1511.391 GB to store  27555249354 kmers; need 0.418 GB to sort     28071304 kmers
Used 205.676 GB / 1511.391 GB to store  27575828406 kmers; need 0.419 GB to sort     28093111 kmers
Used 205.802 GB / 1511.391 GB to store  27596407392 kmers; need 0.419 GB to sort     28114335 kmers
Used 205.928 GB / 1511.391 GB to store  27616986440 kmers; need 0.419 GB to sort     28135528 kmers
Used 206.055 GB / 1511.391 GB to store  27637565492 kmers; need 0.420 GB to sort     28157258 kmers
Used 206.182 GB / 1511.391 GB to store  27658144502 kmers; need 0.420 GB to sort     28178898 kmers
Used 206.308 GB / 1511.391 GB to store  27678723496 kmers; need 0.420 GB to sort     28200839 kmers
Used 206.435 GB / 1511.391 GB to store  27699302530 kmers; need 0.421 GB to sort     28222943 kmers
Used 206.561 GB / 1511.391 GB to store  27719881582 kmers; need 0.421 GB to sort     28243283 kmers
Used 206.688 GB / 1511.391 GB to store  27740460634 kmers; need 0.421 GB to sort     28263535 kmers
Used 206.814 GB / 1511.391 GB to store  27761039686 kmers; need 0.421 GB to sort     28283696 kmers
Used 206.939 GB / 1511.391 GB to store  27781618738 kmers; need 0.422 GB to sort     28303794 kmers
Used 207.065 GB / 1511.391 GB to store  27802197790 kmers; need 0.422 GB to sort     28324226 kmers
Used 207.191 GB / 1511.391 GB to store  27822776842 kmers; need 0.422 GB to sort     28344263 kmers
Used 207.317 GB / 1511.391 GB to store  27843355894 kmers; need 0.423 GB to sort     28364336 kmers
Used 207.443 GB / 1511.391 GB to store  27863934946 kmers; need 0.423 GB to sort     28384173 kmers
Used 207.570 GB / 1511.391 GB to store  27884513998 kmers; need 0.423 GB to sort     28404660 kmers
Used 207.696 GB / 1511.391 GB to store  27905093050 kmers; need 0.424 GB to sort     28424814 kmers
Used 207.822 GB / 1511.391 GB to store  27925672102 kmers; need 0.424 GB to sort     28445820 kmers
Used 207.947 GB / 1511.391 GB to store  27946251154 kmers; need 0.424 GB to sort     28466050 kmers
Used 208.073 GB / 1511.391 GB to store  27966830185 kmers; need 0.424 GB to sort     28487359 kmers
Used 208.200 GB / 1511.391 GB to store  27987409237 kmers; need 0.425 GB to sort     28508298 kmers
Used 208.326 GB / 1511.391 GB to store  28007988289 kmers; need 0.425 GB to sort     28528634 kmers
Used 208.452 GB / 1511.391 GB to store  28028567341 kmers; need 0.425 GB to sort     28549528 kmers
Used 208.587 GB / 1511.391 GB to store  28050729397 kmers; need 0.426 GB to sort     28571177 kmers
Used 208.713 GB / 1511.391 GB to store  28071308449 kmers; need 0.426 GB to sort     28591464 kmers
Used 208.840 GB / 1511.391 GB to store  28091887501 kmers; need 0.426 GB to sort     28611714 kmers
Used 208.967 GB / 1511.391 GB to store  28112466553 kmers; need 0.427 GB to sort     28632730 kmers
Used 209.093 GB / 1511.391 GB to store  28133045605 kmers; need 0.427 GB to sort     28653816 kmers
Used 209.220 GB / 1511.391 GB to store  28153624657 kmers; need 0.427 GB to sort     28673874 kmers
Used 209.346 GB / 1511.391 GB to store  28174203709 kmers; need 0.428 GB to sort     28694557 kmers
Used 209.473 GB / 1511.391 GB to store  28194782761 kmers; need 0.428 GB to sort     28715592 kmers
Used 209.600 GB / 1511.391 GB to store  28215361813 kmers; need 0.428 GB to sort     28736496 kmers
Used 209.726 GB / 1511.391 GB to store  28235940865 kmers; need 0.429 GB to sort     28757362 kmers
Used 209.853 GB / 1511.391 GB to store  28256519917 kmers; need 0.429 GB to sort     28778415 kmers
Used 209.979 GB / 1511.391 GB to store  28277098969 kmers; need 0.429 GB to sort     28799370 kmers
Used 210.104 GB / 1511.391 GB to store  28297677737 kmers; need 0.429 GB to sort     28820489 kmers
Used 210.231 GB / 1511.391 GB to store  28318256733 kmers; need 0.430 GB to sort     28841780 kmers
Used 210.358 GB / 1511.391 GB to store  28338835775 kmers; need 0.430 GB to sort     28863489 kmers
Used 210.484 GB / 1511.391 GB to store  28359414827 kmers; need 0.430 GB to sort     28884312 kmers
Used 210.612 GB / 1511.391 GB to store  28379993879 kmers; need 0.431 GB to sort     28905324 kmers
Used 210.738 GB / 1511.391 GB to store  28400572931 kmers; need 0.431 GB to sort     28925620 kmers
Used 210.863 GB / 1511.391 GB to store  28421151983 kmers; need 0.431 GB to sort     28946759 kmers
Used 210.989 GB / 1511.391 GB to store  28441730963 kmers; need 0.432 GB to sort     28967143 kmers
Used 211.115 GB / 1511.391 GB to store  28462310015 kmers; need 0.432 GB to sort     28987789 kmers
Used 211.241 GB / 1511.391 GB to store  28482889067 kmers; need 0.432 GB to sort     29008387 kmers
Used 211.368 GB / 1511.391 GB to store  28503468119 kmers; need 0.433 GB to sort     29029026 kmers
Used 211.494 GB / 1511.391 GB to store  28524047135 kmers; need 0.433 GB to sort     29049582 kmers
Used 211.621 GB / 1511.391 GB to store  28544626127 kmers; need 0.433 GB to sort     29070404 kmers
Used 211.748 GB / 1511.391 GB to store  28565205131 kmers; need 0.434 GB to sort     29092321 kmers
Used 211.875 GB / 1511.391 GB to store  28585784183 kmers; need 0.434 GB to sort     29113549 kmers
Used 212.000 GB / 1511.391 GB to store  28606363235 kmers; need 0.434 GB to sort     29134111 kmers
Used 212.126 GB / 1511.391 GB to store  28626942287 kmers; need 0.434 GB to sort     29155299 kmers
Used 212.253 GB / 1511.391 GB to store  28647521339 kmers; need 0.435 GB to sort     29176301 kmers
Used 212.378 GB / 1511.391 GB to store  28668100391 kmers; need 0.435 GB to sort     29196963 kmers
Used 212.505 GB / 1511.391 GB to store  28688679443 kmers; need 0.435 GB to sort     29218235 kmers
Used 212.631 GB / 1511.391 GB to store  28709258495 kmers; need 0.436 GB to sort     29238715 kmers
Used 212.756 GB / 1511.391 GB to store  28729837547 kmers; need 0.436 GB to sort     29259578 kmers
Used 212.882 GB / 1511.391 GB to store  28750416599 kmers; need 0.436 GB to sort     29280000 kmers
Used 213.008 GB / 1511.391 GB to store  28770995579 kmers; need 0.437 GB to sort     29301971 kmers
Used 213.134 GB / 1511.391 GB to store  28791574575 kmers; need 0.437 GB to sort     29322733 kmers
Used 213.260 GB / 1511.391 GB to store  28812153588 kmers; need 0.437 GB to sort     29344333 kmers
Used 213.386 GB / 1511.391 GB to store  28832732562 kmers; need 0.438 GB to sort     29364806 kmers
Used 213.513 GB / 1511.391 GB to store  28853311566 kmers; need 0.438 GB to sort     29385381 kmers
Used 213.639 GB / 1511.391 GB to store  28873890618 kmers; need 0.438 GB to sort     29406074 kmers
Used 213.765 GB / 1511.391 GB to store  28894469670 kmers; need 0.438 GB to sort     29426300 kmers
Used 213.891 GB / 1511.391 GB to store  28915048642 kmers; need 0.439 GB to sort     29446587 kmers
Used 214.018 GB / 1511.391 GB to store  28935627648 kmers; need 0.439 GB to sort     29467806 kmers
Used 214.144 GB / 1511.391 GB to store  28956206626 kmers; need 0.439 GB to sort     29488845 kmers
Used 214.270 GB / 1511.391 GB to store  28976785648 kmers; need 0.440 GB to sort     29510238 kmers
Used 214.397 GB / 1511.391 GB to store  28997364700 kmers; need 0.440 GB to sort     29531096 kmers
Used 214.524 GB / 1511.391 GB to store  29017943660 kmers; need 0.440 GB to sort     29551702 kmers
Used 214.649 GB / 1511.391 GB to store  29038522642 kmers; need 0.441 GB to sort     29572725 kmers
Used 214.775 GB / 1511.391 GB to store  29059101694 kmers; need 0.441 GB to sort     29593611 kmers
Used 214.902 GB / 1511.391 GB to store  29079680746 kmers; need 0.441 GB to sort     29615065 kmers
Used 215.028 GB / 1511.391 GB to store  29100259728 kmers; need 0.442 GB to sort     29636163 kmers
Used 215.154 GB / 1511.391 GB to store  29120838724 kmers; need 0.442 GB to sort     29657771 kmers
Used 215.281 GB / 1511.391 GB to store  29141417716 kmers; need 0.442 GB to sort     29678994 kmers
Used 215.408 GB / 1511.391 GB to store  29161996692 kmers; need 0.443 GB to sort     29701006 kmers
Used 215.535 GB / 1511.391 GB to store  29182575702 kmers; need 0.443 GB to sort     29722555 kmers
Used 215.661 GB / 1511.391 GB to store  29203154655 kmers; need 0.443 GB to sort     29743846 kmers
Used 215.787 GB / 1511.391 GB to store  29223733631 kmers; need 0.444 GB to sort     29765642 kmers
Used 215.914 GB / 1511.391 GB to store  29244312629 kmers; need 0.444 GB to sort     29787340 kmers
Used 216.041 GB / 1511.391 GB to store  29264891661 kmers; need 0.444 GB to sort     29808331 kmers
Used 216.167 GB / 1511.391 GB to store  29285470713 kmers; need 0.445 GB to sort     29829983 kmers
Used 216.293 GB / 1511.391 GB to store  29306049765 kmers; need 0.445 GB to sort     29851775 kmers
Used 216.420 GB / 1511.391 GB to store  29326628817 kmers; need 0.445 GB to sort     29873471 kmers
Used 216.546 GB / 1511.391 GB to store  29347207793 kmers; need 0.445 GB to sort     29894688 kmers
Used 216.673 GB / 1511.391 GB to store  29367786763 kmers; need 0.446 GB to sort     29916789 kmers
Used 216.799 GB / 1511.391 GB to store  29388365693 kmers; need 0.446 GB to sort     29938473 kmers
Used 216.925 GB / 1511.391 GB to store  29408944745 kmers; need 0.446 GB to sort     29959018 kmers
Used 217.052 GB / 1511.391 GB to store  29429523797 kmers; need 0.447 GB to sort     29980101 kmers
Used 217.178 GB / 1511.391 GB to store  29450102849 kmers; need 0.447 GB to sort     30000948 kmers
Used 217.303 GB / 1511.391 GB to store  29470681901 kmers; need 0.447 GB to sort     30022447 kmers
Used 217.429 GB / 1511.391 GB to store  29491260783 kmers; need 0.448 GB to sort     30044349 kmers
Used 217.556 GB / 1511.391 GB to store  29511839835 kmers; need 0.448 GB to sort     30066497 kmers
Used 217.683 GB / 1511.391 GB to store  29532418887 kmers; need 0.448 GB to sort     30087839 kmers
Used 217.810 GB / 1511.391 GB to store  29552997939 kmers; need 0.449 GB to sort     30108648 kmers
Used 217.936 GB / 1511.391 GB to store  29573576991 kmers; need 0.449 GB to sort     30129952 kmers
Used 218.062 GB / 1511.391 GB to store  29594155687 kmers; need 0.449 GB to sort     30152266 kmers
Used 218.189 GB / 1511.391 GB to store  29614734675 kmers; need 0.450 GB to sort     30174008 kmers
Used 218.316 GB / 1511.391 GB to store  29635313715 kmers; need 0.450 GB to sort     30194514 kmers
Used 218.442 GB / 1511.391 GB to store  29655892767 kmers; need 0.450 GB to sort     30214513 kmers
Used 218.569 GB / 1511.391 GB to store  29676471819 kmers; need 0.451 GB to sort     30235030 kmers
Used 218.695 GB / 1511.391 GB to store  29697050871 kmers; need 0.451 GB to sort     30255096 kmers
Used 218.821 GB / 1511.391 GB to store  29717629915 kmers; need 0.451 GB to sort     30275945 kmers
Used 218.947 GB / 1511.391 GB to store  29738208967 kmers; need 0.451 GB to sort     30298098 kmers
Used 219.072 GB / 1511.391 GB to store  29758788019 kmers; need 0.452 GB to sort     30319195 kmers
Used 219.198 GB / 1511.391 GB to store  29779367071 kmers; need 0.452 GB to sort     30339456 kmers
Used 219.323 GB / 1511.391 GB to store  29799946123 kmers; need 0.452 GB to sort     30360089 kmers
Used 219.451 GB / 1511.391 GB to store  29820525175 kmers; need 0.453 GB to sort     30380193 kmers
Used 219.577 GB / 1511.391 GB to store  29841104227 kmers; need 0.453 GB to sort     30400887 kmers
Used 219.704 GB / 1511.391 GB to store  29861683279 kmers; need 0.453 GB to sort     30422050 kmers
Used 219.831 GB / 1511.391 GB to store  29882262331 kmers; need 0.454 GB to sort     30442172 kmers
Used 219.958 GB / 1511.391 GB to store  29902841383 kmers; need 0.454 GB to sort     30462486 kmers
Used 220.083 GB / 1511.391 GB to store  29923420435 kmers; need 0.454 GB to sort     30483078 kmers
Used 220.211 GB / 1511.391 GB to store  29943999484 kmers; need 0.455 GB to sort     30504090 kmers
Used 220.336 GB / 1511.391 GB to store  29964578536 kmers; need 0.455 GB to sort     30524825 kmers
Used 220.462 GB / 1511.391 GB to store  29985157588 kmers; need 0.455 GB to sort     30545497 kmers
Used 220.590 GB / 1511.391 GB to store  30005736640 kmers; need 0.455 GB to sort     30566524 kmers
Used 220.717 GB / 1511.391 GB to store  30026315692 kmers; need 0.456 GB to sort     30587985 kmers
Used 220.843 GB / 1511.391 GB to store  30046894744 kmers; need 0.456 GB to sort     30609328 kmers
Used 220.970 GB / 1511.391 GB to store  30067473796 kmers; need 0.456 GB to sort     30630370 kmers
Used 221.096 GB / 1511.391 GB to store  30088052848 kmers; need 0.457 GB to sort     30650649 kmers
Used 221.231 GB / 1511.391 GB to store  30110214904 kmers; need 0.457 GB to sort     30673056 kmers
Used 221.357 GB / 1511.391 GB to store  30130793956 kmers; need 0.457 GB to sort     30693458 kmers
Used 221.483 GB / 1511.391 GB to store  30151373008 kmers; need 0.458 GB to sort     30714324 kmers
Used 221.618 GB / 1511.391 GB to store  30173535064 kmers; need 0.458 GB to sort     30737235 kmers
Used 221.743 GB / 1511.391 GB to store  30194114116 kmers; need 0.458 GB to sort     30757251 kmers
Used 221.868 GB / 1511.391 GB to store  30214693168 kmers; need 0.459 GB to sort     30778062 kmers
Used 221.993 GB / 1511.391 GB to store  30235272220 kmers; need 0.459 GB to sort     30798465 kmers
Used 222.120 GB / 1511.391 GB to store  30255851272 kmers; need 0.459 GB to sort     30818992 kmers
Used 222.246 GB / 1511.391 GB to store  30276430324 kmers; need 0.460 GB to sort     30838952 kmers
Used 222.372 GB / 1511.391 GB to store  30297009376 kmers; need 0.460 GB to sort     30859911 kmers
Used 222.499 GB / 1511.391 GB to store  30317588383 kmers; need 0.460 GB to sort     30880110 kmers
Used 222.626 GB / 1511.391 GB to store  30338167435 kmers; need 0.460 GB to sort     30900681 kmers
Used 222.751 GB / 1511.391 GB to store  30358746487 kmers; need 0.461 GB to sort     30921420 kmers
Used 222.877 GB / 1511.391 GB to store  30379325539 kmers; need 0.461 GB to sort     30942650 kmers
Used 223.003 GB / 1511.391 GB to store  30399904591 kmers; need 0.461 GB to sort     30963302 kmers
Used 223.130 GB / 1511.391 GB to store  30420483643 kmers; need 0.462 GB to sort     30984201 kmers
Used 223.256 GB / 1511.391 GB to store  30441062695 kmers; need 0.462 GB to sort     31005662 kmers
Used 223.382 GB / 1511.391 GB to store  30461641747 kmers; need 0.462 GB to sort     31025937 kmers
Used 223.509 GB / 1511.391 GB to store  30482220799 kmers; need 0.463 GB to sort     31046256 kmers
Used 223.636 GB / 1511.391 GB to store  30502799851 kmers; need 0.463 GB to sort     31066293 kmers
Used 223.761 GB / 1511.391 GB to store  30523378903 kmers; need 0.463 GB to sort     31087110 kmers
Used 223.888 GB / 1511.391 GB to store  30543957874 kmers; need 0.464 GB to sort     31108463 kmers
Used 224.014 GB / 1511.391 GB to store  30564536926 kmers; need 0.464 GB to sort     31129691 kmers
Used 224.141 GB / 1511.391 GB to store  30585115913 kmers; need 0.464 GB to sort     31150256 kmers
Used 224.268 GB / 1511.391 GB to store  30605694929 kmers; need 0.464 GB to sort     31171176 kmers
Used 224.395 GB / 1511.391 GB to store  30626273981 kmers; need 0.465 GB to sort     31192041 kmers
Used 224.522 GB / 1511.391 GB to store  30646853033 kmers; need 0.465 GB to sort     31212310 kmers
Used 224.649 GB / 1511.391 GB to store  30667432085 kmers; need 0.465 GB to sort     31232815 kmers
Used 224.775 GB / 1511.391 GB to store  30688010996 kmers; need 0.466 GB to sort     31254099 kmers
Used 224.900 GB / 1511.391 GB to store  30708590048 kmers; need 0.466 GB to sort     31275212 kmers
Used 225.027 GB / 1511.391 GB to store  30729169100 kmers; need 0.466 GB to sort     31296149 kmers
Used 225.153 GB / 1511.391 GB to store  30749748152 kmers; need 0.467 GB to sort     31317124 kmers
Used 225.281 GB / 1511.391 GB to store  30770327204 kmers; need 0.467 GB to sort     31337941 kmers
Used 225.407 GB / 1511.391 GB to store  30790906256 kmers; need 0.467 GB to sort     31358791 kmers
Used 225.532 GB / 1511.391 GB to store  30811485308 kmers; need 0.468 GB to sort     31379063 kmers
Used 225.659 GB / 1511.391 GB to store  30832064358 kmers; need 0.468 GB to sort     31400755 kmers
Used 225.786 GB / 1511.391 GB to store  30852643410 kmers; need 0.468 GB to sort     31421689 kmers
Used 225.912 GB / 1511.391 GB to store  30873222458 kmers; need 0.469 GB to sort     31441934 kmers
Used 226.038 GB / 1511.391 GB to store  30893801410 kmers; need 0.469 GB to sort     31463569 kmers
Used 226.166 GB / 1511.391 GB to store  30914380394 kmers; need 0.469 GB to sort     31485245 kmers
Used 226.293 GB / 1511.391 GB to store  30934959370 kmers; need 0.469 GB to sort     31506746 kmers
Used 226.419 GB / 1511.391 GB to store  30955538340 kmers; need 0.470 GB to sort     31527861 kmers
Used 226.545 GB / 1511.391 GB to store  30976117258 kmers; need 0.470 GB to sort     31548645 kmers
Used 226.670 GB / 1511.391 GB to store  30996696310 kmers; need 0.470 GB to sort     31569742 kmers
Used 226.796 GB / 1511.391 GB to store  31017275360 kmers; need 0.471 GB to sort     31589900 kmers
Used 226.921 GB / 1511.391 GB to store  31037854342 kmers; need 0.471 GB to sort     31611318 kmers
Used 227.047 GB / 1511.391 GB to store  31058433324 kmers; need 0.471 GB to sort     31632622 kmers
Used 227.174 GB / 1511.391 GB to store  31079012352 kmers; need 0.472 GB to sort     31654025 kmers
Used 227.300 GB / 1511.391 GB to store  31099591404 kmers; need 0.472 GB to sort     31675020 kmers
Used 227.426 GB / 1511.391 GB to store  31120170434 kmers; need 0.472 GB to sort     31695854 kmers
Used 227.553 GB / 1511.391 GB to store  31140749416 kmers; need 0.473 GB to sort     31717039 kmers
Used 227.681 GB / 1511.391 GB to store  31161328404 kmers; need 0.473 GB to sort     31738046 kmers
Used 227.806 GB / 1511.391 GB to store  31181907316 kmers; need 0.473 GB to sort     31758531 kmers
Used 227.933 GB / 1511.391 GB to store  31202486302 kmers; need 0.474 GB to sort     31779144 kmers
Used 228.059 GB / 1511.391 GB to store  31223065336 kmers; need 0.474 GB to sort     31799419 kmers
Used 228.187 GB / 1511.391 GB to store  31243644388 kmers; need 0.474 GB to sort     31820621 kmers
Used 228.313 GB / 1511.391 GB to store  31264223324 kmers; need 0.474 GB to sort     31842499 kmers
Used 228.438 GB / 1511.391 GB to store  31284802376 kmers; need 0.475 GB to sort     31864576 kmers
Used 228.564 GB / 1511.391 GB to store  31305381428 kmers; need 0.475 GB to sort     31885886 kmers
Used 228.691 GB / 1511.391 GB to store  31325960426 kmers; need 0.475 GB to sort     31907879 kmers
Used 228.818 GB / 1511.391 GB to store  31346539406 kmers; need 0.476 GB to sort     31929055 kmers
Used 228.946 GB / 1511.391 GB to store  31367118358 kmers; need 0.476 GB to sort     31951310 kmers
Used 229.073 GB / 1511.391 GB to store  31387697410 kmers; need 0.476 GB to sort     31973007 kmers
Used 229.200 GB / 1511.391 GB to store  31408276462 kmers; need 0.477 GB to sort     31995179 kmers
Used 229.325 GB / 1511.391 GB to store  31428855514 kmers; need 0.477 GB to sort     32017495 kmers
Used 229.452 GB / 1511.391 GB to store  31449434566 kmers; need 0.477 GB to sort     32039582 kmers
Used 229.579 GB / 1511.391 GB to store  31470013596 kmers; need 0.478 GB to sort     32061509 kmers
Used 229.705 GB / 1511.391 GB to store  31490592648 kmers; need 0.478 GB to sort     32083499 kmers
Used 229.830 GB / 1511.391 GB to store  31511171700 kmers; need 0.478 GB to sort     32105062 kmers
Used 229.956 GB / 1511.391 GB to store  31531750752 kmers; need 0.479 GB to sort     32127030 kmers
Used 230.084 GB / 1511.391 GB to store  31552329804 kmers; need 0.479 GB to sort     32148743 kmers
Used 230.210 GB / 1511.391 GB to store  31572908590 kmers; need 0.479 GB to sort     32169868 kmers
Used 230.336 GB / 1511.391 GB to store  31593487564 kmers; need 0.480 GB to sort     32191436 kmers
Used 230.462 GB / 1511.391 GB to store  31614066592 kmers; need 0.480 GB to sort     32212179 kmers
Used 230.588 GB / 1511.391 GB to store  31634645644 kmers; need 0.480 GB to sort     32232718 kmers
Used 230.714 GB / 1511.391 GB to store  31655224696 kmers; need 0.481 GB to sort     32252894 kmers
Used 230.841 GB / 1511.391 GB to store  31675803748 kmers; need 0.481 GB to sort     32273924 kmers
Used 230.967 GB / 1511.391 GB to store  31696382800 kmers; need 0.481 GB to sort     32294218 kmers
Used 231.094 GB / 1511.391 GB to store  31716961852 kmers; need 0.482 GB to sort     32314344 kmers
Used 231.220 GB / 1511.391 GB to store  31737540904 kmers; need 0.482 GB to sort     32334915 kmers
Used 231.347 GB / 1511.391 GB to store  31758119956 kmers; need 0.482 GB to sort     32355250 kmers
Used 231.473 GB / 1511.391 GB to store  31778699008 kmers; need 0.482 GB to sort     32375952 kmers
Used 231.598 GB / 1511.391 GB to store  31799278060 kmers; need 0.483 GB to sort     32396981 kmers
Used 231.723 GB / 1511.391 GB to store  31819857112 kmers; need 0.483 GB to sort     32417153 kmers
Used 231.850 GB / 1511.391 GB to store  31840436164 kmers; need 0.483 GB to sort     32438440 kmers
Used 231.977 GB / 1511.391 GB to store  31861015216 kmers; need 0.484 GB to sort     32459539 kmers
Used 232.104 GB / 1511.391 GB to store  31881594268 kmers; need 0.484 GB to sort     32480130 kmers
Used 232.230 GB / 1511.391 GB to store  31902173320 kmers; need 0.484 GB to sort     32500720 kmers
Used 232.356 GB / 1511.391 GB to store  31922752372 kmers; need 0.485 GB to sort     32521281 kmers
Used 232.483 GB / 1511.391 GB to store  31943331424 kmers; need 0.485 GB to sort     32541750 kmers
Used 232.609 GB / 1511.391 GB to store  31963910476 kmers; need 0.485 GB to sort     32562131 kmers
Used 232.736 GB / 1511.391 GB to store  31984489528 kmers; need 0.486 GB to sort     32582619 kmers
Used 232.862 GB / 1511.391 GB to store  32005068580 kmers; need 0.486 GB to sort     32602885 kmers
Used 232.989 GB / 1511.391 GB to store  32025647632 kmers; need 0.486 GB to sort     32623799 kmers
Used 233.114 GB / 1511.391 GB to store  32046226684 kmers; need 0.486 GB to sort     32645027 kmers
Used 233.241 GB / 1511.391 GB to store  32066805652 kmers; need 0.487 GB to sort     32665572 kmers
Used 233.366 GB / 1511.391 GB to store  32087384704 kmers; need 0.487 GB to sort     32686520 kmers
Used 233.492 GB / 1511.391 GB to store  32107963756 kmers; need 0.487 GB to sort     32706869 kmers
Used 233.619 GB / 1511.391 GB to store  32128542808 kmers; need 0.488 GB to sort     32727946 kmers
Used 233.746 GB / 1511.391 GB to store  32149121854 kmers; need 0.488 GB to sort     32748869 kmers
Used 233.873 GB / 1511.391 GB to store  32169700906 kmers; need 0.488 GB to sort     32769075 kmers
Used 233.998 GB / 1511.391 GB to store  32190279958 kmers; need 0.489 GB to sort     32789807 kmers
Used 234.125 GB / 1511.391 GB to store  32210859010 kmers; need 0.489 GB to sort     32810637 kmers
Used 234.251 GB / 1511.391 GB to store  32231438062 kmers; need 0.489 GB to sort     32831474 kmers
Used 234.376 GB / 1511.391 GB to store  32252017114 kmers; need 0.490 GB to sort     32853191 kmers
Used 234.503 GB / 1511.391 GB to store  32272596166 kmers; need 0.490 GB to sort     32873053 kmers
Used 234.629 GB / 1511.391 GB to store  32293175218 kmers; need 0.490 GB to sort     32894178 kmers
Used 234.756 GB / 1511.391 GB to store  32313754270 kmers; need 0.490 GB to sort     32915642 kmers
Used 234.881 GB / 1511.391 GB to store  32334333295 kmers; need 0.491 GB to sort     32936614 kmers
Used 235.007 GB / 1511.391 GB to store  32354912347 kmers; need 0.491 GB to sort     32957026 kmers
Used 235.132 GB / 1511.391 GB to store  32375491399 kmers; need 0.491 GB to sort     32978189 kmers
Used 235.257 GB / 1511.391 GB to store  32396070451 kmers; need 0.492 GB to sort     32998599 kmers
Used 235.384 GB / 1511.391 GB to store  32416649503 kmers; need 0.492 GB to sort     33018850 kmers
Used 235.511 GB / 1511.391 GB to store  32437228555 kmers; need 0.492 GB to sort     33039177 kmers
Used 235.637 GB / 1511.391 GB to store  32457807607 kmers; need 0.493 GB to sort     33060364 kmers
Used 235.765 GB / 1511.391 GB to store  32478386659 kmers; need 0.493 GB to sort     33081669 kmers
Used 235.892 GB / 1511.391 GB to store  32498965711 kmers; need 0.493 GB to sort     33103161 kmers
Used 236.018 GB / 1511.391 GB to store  32519544763 kmers; need 0.494 GB to sort     33123969 kmers
Used 236.145 GB / 1511.391 GB to store  32540123815 kmers; need 0.494 GB to sort     33145523 kmers
Used 236.271 GB / 1511.391 GB to store  32560702867 kmers; need 0.494 GB to sort     33166446 kmers
Used 236.397 GB / 1511.391 GB to store  32581281919 kmers; need 0.495 GB to sort     33188027 kmers
Used 236.523 GB / 1511.391 GB to store  32601860971 kmers; need 0.495 GB to sort     33209972 kmers
Used 236.650 GB / 1511.391 GB to store  32622439975 kmers; need 0.495 GB to sort     33230779 kmers
Used 236.776 GB / 1511.391 GB to store  32643019027 kmers; need 0.495 GB to sort     33252078 kmers
Used 236.903 GB / 1511.391 GB to store  32663598079 kmers; need 0.496 GB to sort     33273192 kmers
Used 237.029 GB / 1511.391 GB to store  32684177131 kmers; need 0.496 GB to sort     33294014 kmers
Used 237.157 GB / 1511.391 GB to store  32704756183 kmers; need 0.496 GB to sort     33314449 kmers
Used 237.283 GB / 1511.391 GB to store  32725335235 kmers; need 0.497 GB to sort     33336280 kmers
Used 237.409 GB / 1511.391 GB to store  32745914287 kmers; need 0.497 GB to sort     33356309 kmers
Used 237.534 GB / 1511.391 GB to store  32766493339 kmers; need 0.497 GB to sort     33377945 kmers
Used 237.661 GB / 1511.391 GB to store  32787072391 kmers; need 0.498 GB to sort     33398412 kmers
Used 237.787 GB / 1511.391 GB to store  32807651435 kmers; need 0.498 GB to sort     33419354 kmers
Used 237.914 GB / 1511.391 GB to store  32828230379 kmers; need 0.498 GB to sort     33440695 kmers
Used 238.039 GB / 1511.391 GB to store  32848809361 kmers; need 0.499 GB to sort     33461887 kmers
Used 238.165 GB / 1511.391 GB to store  32869388395 kmers; need 0.499 GB to sort     33483391 kmers
Used 238.291 GB / 1511.391 GB to store  32889967447 kmers; need 0.499 GB to sort     33505084 kmers
Used 238.418 GB / 1511.391 GB to store  32910546465 kmers; need 0.500 GB to sort     33526262 kmers
Used 238.544 GB / 1511.391 GB to store  32931125439 kmers; need 0.500 GB to sort     33547124 kmers
Used 238.673 GB / 1511.391 GB to store  32951704439 kmers; need 0.500 GB to sort     33567978 kmers
Used 238.798 GB / 1511.391 GB to store  32972283361 kmers; need 0.501 GB to sort     33589326 kmers
Used 238.923 GB / 1511.391 GB to store  32992862347 kmers; need 0.501 GB to sort     33610236 kmers
Used 239.050 GB / 1511.391 GB to store  33013441371 kmers; need 0.501 GB to sort     33632467 kmers
Used 239.176 GB / 1511.391 GB to store  33034020423 kmers; need 0.501 GB to sort     33654334 kmers
Used 239.303 GB / 1511.391 GB to store  33054599415 kmers; need 0.502 GB to sort     33675961 kmers
Used 239.429 GB / 1511.391 GB to store  33075178467 kmers; need 0.502 GB to sort     33696923 kmers
Used 239.556 GB / 1511.391 GB to store  33095757519 kmers; need 0.502 GB to sort     33718450 kmers
Used 239.681 GB / 1511.391 GB to store  33116336509 kmers; need 0.503 GB to sort     33740142 kmers
Used 239.808 GB / 1511.391 GB to store  33136915483 kmers; need 0.503 GB to sort     33762096 kmers
Used 239.934 GB / 1511.391 GB to store  33157494469 kmers; need 0.503 GB to sort     33784183 kmers
Used 240.059 GB / 1511.391 GB to store  33178073521 kmers; need 0.504 GB to sort     33805472 kmers
Used 240.187 GB / 1511.391 GB to store  33198652573 kmers; need 0.504 GB to sort     33827523 kmers
Used 240.312 GB / 1511.391 GB to store  33219231427 kmers; need 0.504 GB to sort     33848876 kmers
Used 240.439 GB / 1511.391 GB to store  33239810479 kmers; need 0.505 GB to sort     33870893 kmers
Used 240.566 GB / 1511.391 GB to store  33260389531 kmers; need 0.505 GB to sort     33892972 kmers
Used 240.692 GB / 1511.391 GB to store  33280968583 kmers; need 0.505 GB to sort     33914687 kmers
Used 240.820 GB / 1511.391 GB to store  33301547483 kmers; need 0.506 GB to sort     33937568 kmers
Used 240.945 GB / 1511.391 GB to store  33322126465 kmers; need 0.506 GB to sort     33959063 kmers
Used 241.071 GB / 1511.391 GB to store  33342705461 kmers; need 0.506 GB to sort     33980425 kmers
Used 241.197 GB / 1511.391 GB to store  33363284507 kmers; need 0.507 GB to sort     34000885 kmers
Used 241.323 GB / 1511.391 GB to store  33383863559 kmers; need 0.507 GB to sort     34021696 kmers
Used 241.450 GB / 1511.391 GB to store  33404442611 kmers; need 0.507 GB to sort     34041672 kmers
Used 241.577 GB / 1511.391 GB to store  33425021663 kmers; need 0.508 GB to sort     34061473 kmers
Used 241.703 GB / 1511.391 GB to store  33445600715 kmers; need 0.508 GB to sort     34081868 kmers
Used 241.831 GB / 1511.391 GB to store  33466179767 kmers; need 0.508 GB to sort     34101946 kmers
Used 241.957 GB / 1511.391 GB to store  33486758819 kmers; need 0.508 GB to sort     34122334 kmers
Used 242.083 GB / 1511.391 GB to store  33507337871 kmers; need 0.509 GB to sort     34142270 kmers
Used 242.210 GB / 1511.391 GB to store  33527916923 kmers; need 0.509 GB to sort     34163333 kmers
Used 242.336 GB / 1511.391 GB to store  33548495975 kmers; need 0.509 GB to sort     34184208 kmers
Used 242.462 GB / 1511.391 GB to store  33569075027 kmers; need 0.510 GB to sort     34204647 kmers
Used 242.589 GB / 1511.391 GB to store  33589654079 kmers; need 0.510 GB to sort     34226320 kmers
Used 242.716 GB / 1511.391 GB to store  33610233131 kmers; need 0.510 GB to sort     34247314 kmers
Used 242.842 GB / 1511.391 GB to store  33630812183 kmers; need 0.511 GB to sort     34267672 kmers
Used 242.969 GB / 1511.391 GB to store  33651391235 kmers; need 0.511 GB to sort     34287801 kmers
Used 243.095 GB / 1511.391 GB to store  33671970287 kmers; need 0.511 GB to sort     34308138 kmers
Used 243.221 GB / 1511.391 GB to store  33692549339 kmers; need 0.512 GB to sort     34329084 kmers
Used 243.347 GB / 1511.391 GB to store  33713128391 kmers; need 0.512 GB to sort     34349760 kmers
Used 243.473 GB / 1511.391 GB to store  33733707443 kmers; need 0.512 GB to sort     34370505 kmers
Used 243.599 GB / 1511.391 GB to store  33754286495 kmers; need 0.512 GB to sort     34391295 kmers
Used 243.724 GB / 1511.391 GB to store  33774865547 kmers; need 0.513 GB to sort     34412060 kmers
Used 243.851 GB / 1511.391 GB to store  33795444599 kmers; need 0.513 GB to sort     34433405 kmers
Used 243.978 GB / 1511.391 GB to store  33816023651 kmers; need 0.513 GB to sort     34453911 kmers
Used 244.104 GB / 1511.391 GB to store  33836602703 kmers; need 0.514 GB to sort     34474562 kmers
Used 244.230 GB / 1511.391 GB to store  33857181755 kmers; need 0.514 GB to sort     34494623 kmers
Used 244.357 GB / 1511.391 GB to store  33877760807 kmers; need 0.514 GB to sort     34516173 kmers
Used 244.483 GB / 1511.391 GB to store  33898339859 kmers; need 0.515 GB to sort     34537435 kmers
Used 244.609 GB / 1511.391 GB to store  33918918911 kmers; need 0.515 GB to sort     34558541 kmers
Used 244.735 GB / 1511.391 GB to store  33939497963 kmers; need 0.515 GB to sort     34579997 kmers
Used 244.861 GB / 1511.391 GB to store  33960077015 kmers; need 0.516 GB to sort     34601714 kmers
Used 244.987 GB / 1511.391 GB to store  33980656067 kmers; need 0.516 GB to sort     34622030 kmers
Used 245.114 GB / 1511.391 GB to store  34001235119 kmers; need 0.516 GB to sort     34643102 kmers
Used 245.241 GB / 1511.391 GB to store  34021814171 kmers; need 0.517 GB to sort     34663873 kmers
Used 245.368 GB / 1511.391 GB to store  34042393178 kmers; need 0.517 GB to sort     34685120 kmers
Used 245.495 GB / 1511.391 GB to store  34062972230 kmers; need 0.517 GB to sort     34705767 kmers
Used 245.623 GB / 1511.391 GB to store  34083551282 kmers; need 0.517 GB to sort     34726601 kmers
Used 245.750 GB / 1511.391 GB to store  34104130334 kmers; need 0.518 GB to sort     34747727 kmers
Used 245.875 GB / 1511.391 GB to store  34124709386 kmers; need 0.518 GB to sort     34768567 kmers
Used 246.000 GB / 1511.391 GB to store  34145288438 kmers; need 0.518 GB to sort     34789742 kmers
Used 246.128 GB / 1511.391 GB to store  34165867490 kmers; need 0.519 GB to sort     34810321 kmers
Used 246.255 GB / 1511.391 GB to store  34186446542 kmers; need 0.519 GB to sort     34831248 kmers
Used 246.383 GB / 1511.391 GB to store  34207025594 kmers; need 0.519 GB to sort     34852065 kmers
Used 246.509 GB / 1511.391 GB to store  34227604583 kmers; need 0.520 GB to sort     34873325 kmers
Used 246.635 GB / 1511.391 GB to store  34248183635 kmers; need 0.520 GB to sort     34894108 kmers
Used 246.764 GB / 1511.391 GB to store  34268762687 kmers; need 0.520 GB to sort     34914848 kmers
Used 246.890 GB / 1511.391 GB to store  34289341739 kmers; need 0.521 GB to sort     34935944 kmers
Used 247.016 GB / 1511.391 GB to store  34309920791 kmers; need 0.521 GB to sort     34956868 kmers
Used 247.142 GB / 1511.391 GB to store  34330499801 kmers; need 0.521 GB to sort     34978013 kmers
Used 247.267 GB / 1511.391 GB to store  34351078853 kmers; need 0.522 GB to sort     34998855 kmers
Used 247.394 GB / 1511.391 GB to store  34371657905 kmers; need 0.522 GB to sort     35019529 kmers
Used 247.519 GB / 1511.391 GB to store  34392236957 kmers; need 0.522 GB to sort     35040813 kmers
Used 247.647 GB / 1511.391 GB to store  34412816006 kmers; need 0.522 GB to sort     35061758 kmers
Used 247.773 GB / 1511.391 GB to store  34433395058 kmers; need 0.523 GB to sort     35082614 kmers
Used 247.899 GB / 1511.391 GB to store  34453974110 kmers; need 0.523 GB to sort     35104223 kmers
Used 248.025 GB / 1511.391 GB to store  34474553162 kmers; need 0.523 GB to sort     35125196 kmers
Used 248.151 GB / 1511.391 GB to store  34495132214 kmers; need 0.524 GB to sort     35146354 kmers
Used 248.277 GB / 1511.391 GB to store  34515711266 kmers; need 0.524 GB to sort     35167721 kmers
Used 248.404 GB / 1511.391 GB to store  34536290318 kmers; need 0.524 GB to sort     35188747 kmers
Used 248.530 GB / 1511.391 GB to store  34556869370 kmers; need 0.525 GB to sort     35209766 kmers
Used 248.655 GB / 1511.391 GB to store  34577448422 kmers; need 0.525 GB to sort     35230798 kmers
Used 248.781 GB / 1511.391 GB to store  34598027474 kmers; need 0.525 GB to sort     35252571 kmers
Used 248.907 GB / 1511.391 GB to store  34618606510 kmers; need 0.526 GB to sort     35273538 kmers
Used 249.032 GB / 1511.391 GB to store  34639185510 kmers; need 0.526 GB to sort     35294249 kmers
Used 249.160 GB / 1511.391 GB to store  34659764524 kmers; need 0.526 GB to sort     35315684 kmers
Used 249.287 GB / 1511.391 GB to store  34680343576 kmers; need 0.527 GB to sort     35337469 kmers
Used 249.414 GB / 1511.391 GB to store  34700922610 kmers; need 0.527 GB to sort     35358876 kmers
Used 249.540 GB / 1511.391 GB to store  34721501662 kmers; need 0.527 GB to sort     35379830 kmers
Used 249.668 GB / 1511.391 GB to store  34742080714 kmers; need 0.528 GB to sort     35400790 kmers
Used 249.795 GB / 1511.391 GB to store  34762659670 kmers; need 0.528 GB to sort     35422200 kmers
Used 249.922 GB / 1511.391 GB to store  34783238692 kmers; need 0.528 GB to sort     35443582 kmers
Used 250.047 GB / 1511.391 GB to store  34803817741 kmers; need 0.528 GB to sort     35464838 kmers
Used 250.174 GB / 1511.391 GB to store  34824396793 kmers; need 0.529 GB to sort     35486338 kmers
Used 250.299 GB / 1511.391 GB to store  34844975845 kmers; need 0.529 GB to sort     35507867 kmers
Used 250.426 GB / 1511.391 GB to store  34865554897 kmers; need 0.529 GB to sort     35529089 kmers
Used 250.552 GB / 1511.391 GB to store  34886133949 kmers; need 0.530 GB to sort     35551067 kmers
Used 250.678 GB / 1511.391 GB to store  34906712917 kmers; need 0.530 GB to sort     35572675 kmers
Used 250.806 GB / 1511.391 GB to store  34927291929 kmers; need 0.530 GB to sort     35593774 kmers
Used 250.933 GB / 1511.391 GB to store  34947870953 kmers; need 0.531 GB to sort     35615431 kmers
Used 251.059 GB / 1511.391 GB to store  34968450005 kmers; need 0.531 GB to sort     35636350 kmers
Used 251.185 GB / 1511.391 GB to store  34989029057 kmers; need 0.531 GB to sort     35658287 kmers
Used 251.311 GB / 1511.391 GB to store  35009608083 kmers; need 0.532 GB to sort     35680221 kmers
Used 251.437 GB / 1511.391 GB to store  35030187135 kmers; need 0.532 GB to sort     35701003 kmers
Used 251.565 GB / 1511.391 GB to store  35050766121 kmers; need 0.532 GB to sort     35722845 kmers
Used 251.691 GB / 1511.391 GB to store  35071345075 kmers; need 0.533 GB to sort     35745344 kmers
Used 251.817 GB / 1511.391 GB to store  35091923871 kmers; need 0.533 GB to sort     35766898 kmers
Used 251.944 GB / 1511.391 GB to store  35112502923 kmers; need 0.533 GB to sort     35789862 kmers
Used 252.069 GB / 1511.391 GB to store  35133081975 kmers; need 0.534 GB to sort     35812456 kmers
Used 252.196 GB / 1511.391 GB to store  35153661027 kmers; need 0.534 GB to sort     35834837 kmers
Used 252.322 GB / 1511.391 GB to store  35174240079 kmers; need 0.534 GB to sort     35856077 kmers
Used 252.448 GB / 1511.391 GB to store  35194819131 kmers; need 0.535 GB to sort     35877996 kmers
Used 252.575 GB / 1511.391 GB to store  35215398183 kmers; need 0.535 GB to sort     35900390 kmers
Used 252.701 GB / 1511.391 GB to store  35235977235 kmers; need 0.535 GB to sort     35921593 kmers
Used 252.827 GB / 1511.391 GB to store  35256556165 kmers; need 0.536 GB to sort     35943432 kmers
Used 252.954 GB / 1511.391 GB to store  35277135217 kmers; need 0.536 GB to sort     35965413 kmers
Used 253.081 GB / 1511.391 GB to store  35297714259 kmers; need 0.536 GB to sort     35986931 kmers
Used 253.208 GB / 1511.391 GB to store  35318293293 kmers; need 0.537 GB to sort     36007994 kmers
Used 253.334 GB / 1511.391 GB to store  35338872303 kmers; need 0.537 GB to sort     36030121 kmers
Used 253.460 GB / 1511.391 GB to store  35359451355 kmers; need 0.537 GB to sort     36049766 kmers
Used 253.587 GB / 1511.391 GB to store  35380030407 kmers; need 0.537 GB to sort     36069444 kmers
Used 253.714 GB / 1511.391 GB to store  35400609459 kmers; need 0.538 GB to sort     36090214 kmers
Used 253.839 GB / 1511.391 GB to store  35421188511 kmers; need 0.538 GB to sort     36110597 kmers
Used 253.966 GB / 1511.391 GB to store  35441767563 kmers; need 0.538 GB to sort     36131630 kmers
Used 254.093 GB / 1511.391 GB to store  35462346615 kmers; need 0.539 GB to sort     36152178 kmers
Used 254.221 GB / 1511.391 GB to store  35482925667 kmers; need 0.539 GB to sort     36173151 kmers
Used 254.347 GB / 1511.391 GB to store  35503504719 kmers; need 0.539 GB to sort     36193843 kmers
Used 254.474 GB / 1511.391 GB to store  35524083771 kmers; need 0.540 GB to sort     36214472 kmers
Used 254.601 GB / 1511.391 GB to store  35544662823 kmers; need 0.540 GB to sort     36235143 kmers
Used 254.728 GB / 1511.391 GB to store  35565241860 kmers; need 0.540 GB to sort     36256624 kmers
Used 254.856 GB / 1511.391 GB to store  35585820912 kmers; need 0.541 GB to sort     36277126 kmers
Used 254.981 GB / 1511.391 GB to store  35606399964 kmers; need 0.541 GB to sort     36297991 kmers
Used 255.108 GB / 1511.391 GB to store  35626979016 kmers; need 0.541 GB to sort     36318884 kmers
Used 255.234 GB / 1511.391 GB to store  35647558068 kmers; need 0.542 GB to sort     36339887 kmers
Used 255.359 GB / 1511.391 GB to store  35668137120 kmers; need 0.542 GB to sort     36360788 kmers
Used 255.485 GB / 1511.391 GB to store  35688716172 kmers; need 0.542 GB to sort     36381937 kmers
Used 255.612 GB / 1511.391 GB to store  35709295224 kmers; need 0.542 GB to sort     36403416 kmers
Used 255.737 GB / 1511.391 GB to store  35729874276 kmers; need 0.543 GB to sort     36424037 kmers
Used 255.863 GB / 1511.391 GB to store  35750453298 kmers; need 0.543 GB to sort     36444719 kmers
Used 255.990 GB / 1511.391 GB to store  35771032350 kmers; need 0.543 GB to sort     36465527 kmers
Used 256.116 GB / 1511.391 GB to store  35791611402 kmers; need 0.544 GB to sort     36486728 kmers
Used 256.242 GB / 1511.391 GB to store  35812190454 kmers; need 0.544 GB to sort     36507325 kmers
Used 256.368 GB / 1511.391 GB to store  35832769506 kmers; need 0.544 GB to sort     36527817 kmers
Used 256.494 GB / 1511.391 GB to store  35853348558 kmers; need 0.545 GB to sort     36547777 kmers
Used 256.621 GB / 1511.391 GB to store  35873927610 kmers; need 0.545 GB to sort     36568246 kmers
Used 256.747 GB / 1511.391 GB to store  35894506662 kmers; need 0.545 GB to sort     36589546 kmers
Used 256.873 GB / 1511.391 GB to store  35915085714 kmers; need 0.546 GB to sort     36610150 kmers
Used 257.000 GB / 1511.391 GB to store  35935664766 kmers; need 0.546 GB to sort     36631492 kmers
Used 257.127 GB / 1511.391 GB to store  35956243818 kmers; need 0.546 GB to sort     36651773 kmers
Used 257.254 GB / 1511.391 GB to store  35976822870 kmers; need 0.546 GB to sort     36673543 kmers
Used 257.380 GB / 1511.391 GB to store  35997401922 kmers; need 0.547 GB to sort     36694998 kmers
Used 257.507 GB / 1511.391 GB to store  36017980974 kmers; need 0.547 GB to sort     36715216 kmers
Used 257.632 GB / 1511.391 GB to store  36038560026 kmers; need 0.547 GB to sort     36735953 kmers
Used 257.758 GB / 1511.391 GB to store  36059139078 kmers; need 0.548 GB to sort     36757017 kmers
Used 257.885 GB / 1511.391 GB to store  36079718130 kmers; need 0.548 GB to sort     36777187 kmers
Used 258.011 GB / 1511.391 GB to store  36100297182 kmers; need 0.548 GB to sort     36797983 kmers
Used 258.137 GB / 1511.391 GB to store  36120876222 kmers; need 0.549 GB to sort     36819203 kmers
Used 258.264 GB / 1511.391 GB to store  36141455274 kmers; need 0.549 GB to sort     36840030 kmers
Used 258.389 GB / 1511.391 GB to store  36162034326 kmers; need 0.549 GB to sort     36861371 kmers
Used 258.515 GB / 1511.391 GB to store  36182613378 kmers; need 0.550 GB to sort     36882506 kmers
Used 258.641 GB / 1511.391 GB to store  36203192430 kmers; need 0.550 GB to sort     36903692 kmers
Used 258.767 GB / 1511.391 GB to store  36223771476 kmers; need 0.550 GB to sort     36924864 kmers
Used 258.895 GB / 1511.391 GB to store  36244350528 kmers; need 0.551 GB to sort     36945461 kmers
Used 259.022 GB / 1511.391 GB to store  36264929580 kmers; need 0.551 GB to sort     36966025 kmers
Used 259.150 GB / 1511.391 GB to store  36285508632 kmers; need 0.551 GB to sort     36987580 kmers
Used 259.276 GB / 1511.391 GB to store  36306087684 kmers; need 0.551 GB to sort     37008638 kmers
Used 259.403 GB / 1511.391 GB to store  36326666736 kmers; need 0.552 GB to sort     37029601 kmers
Used 259.529 GB / 1511.391 GB to store  36347245788 kmers; need 0.552 GB to sort     37050371 kmers
Used 259.655 GB / 1511.391 GB to store  36367824837 kmers; need 0.552 GB to sort     37071950 kmers
Used 259.782 GB / 1511.391 GB to store  36388403889 kmers; need 0.553 GB to sort     37093319 kmers
Used 259.908 GB / 1511.391 GB to store  36408982941 kmers; need 0.553 GB to sort     37114223 kmers
Used 260.034 GB / 1511.391 GB to store  36429561993 kmers; need 0.553 GB to sort     37135309 kmers
Used 260.160 GB / 1511.391 GB to store  36450141045 kmers; need 0.554 GB to sort     37156754 kmers
Used 260.286 GB / 1511.391 GB to store  36470720097 kmers; need 0.554 GB to sort     37177849 kmers
Used 260.413 GB / 1511.391 GB to store  36491299149 kmers; need 0.554 GB to sort     37198908 kmers
Used 260.540 GB / 1511.391 GB to store  36511878201 kmers; need 0.555 GB to sort     37219222 kmers
Used 260.667 GB / 1511.391 GB to store  36532457253 kmers; need 0.555 GB to sort     37240120 kmers
Used 260.794 GB / 1511.391 GB to store  36553036305 kmers; need 0.555 GB to sort     37261605 kmers
Used 260.921 GB / 1511.391 GB to store  36573615357 kmers; need 0.556 GB to sort     37282465 kmers
Used 261.047 GB / 1511.391 GB to store  36594194409 kmers; need 0.556 GB to sort     37304839 kmers
Used 261.173 GB / 1511.391 GB to store  36614773461 kmers; need 0.556 GB to sort     37326214 kmers
Used 261.302 GB / 1511.391 GB to store  36635352513 kmers; need 0.557 GB to sort     37347849 kmers
Used 261.426 GB / 1511.391 GB to store  36655931565 kmers; need 0.557 GB to sort     37369306 kmers
Used 261.552 GB / 1511.391 GB to store  36676510583 kmers; need 0.557 GB to sort     37390665 kmers
Used 261.679 GB / 1511.391 GB to store  36697089576 kmers; need 0.557 GB to sort     37412011 kmers
Used 261.806 GB / 1511.391 GB to store  36717668628 kmers; need 0.558 GB to sort     37433248 kmers
Used 261.933 GB / 1511.391 GB to store  36738247680 kmers; need 0.558 GB to sort     37454044 kmers
Used 262.059 GB / 1511.391 GB to store  36758826732 kmers; need 0.558 GB to sort     37474853 kmers
Used 262.185 GB / 1511.391 GB to store  36779405784 kmers; need 0.559 GB to sort     37496267 kmers
Used 262.309 GB / 1511.391 GB to store  36799984800 kmers; need 0.559 GB to sort     37518022 kmers
Used 262.436 GB / 1511.391 GB to store  36820563852 kmers; need 0.559 GB to sort     37539576 kmers
Used 262.562 GB / 1511.391 GB to store  36841142904 kmers; need 0.560 GB to sort     37561388 kmers
Used 262.688 GB / 1511.391 GB to store  36861721956 kmers; need 0.560 GB to sort     37582922 kmers
Used 262.816 GB / 1511.391 GB to store  36882301008 kmers; need 0.560 GB to sort     37604558 kmers
Used 262.942 GB / 1511.391 GB to store  36902880056 kmers; need 0.561 GB to sort     37626639 kmers
Used 263.067 GB / 1511.391 GB to store  36923459108 kmers; need 0.561 GB to sort     37647434 kmers
Used 263.194 GB / 1511.391 GB to store  36944038160 kmers; need 0.561 GB to sort     37668972 kmers
Used 263.320 GB / 1511.391 GB to store  36964617212 kmers; need 0.562 GB to sort     37690930 kmers
Used 263.447 GB / 1511.391 GB to store  36985196092 kmers; need 0.562 GB to sort     37712778 kmers
Used 263.574 GB / 1511.391 GB to store  37005775144 kmers; need 0.562 GB to sort     37734778 kmers
Used 263.699 GB / 1511.391 GB to store  37026354196 kmers; need 0.563 GB to sort     37756369 kmers
Used 263.825 GB / 1511.391 GB to store  37046933236 kmers; need 0.563 GB to sort     37778124 kmers
Used 263.952 GB / 1511.391 GB to store  37067512288 kmers; need 0.563 GB to sort     37799629 kmers
Used 264.078 GB / 1511.391 GB to store  37088091338 kmers; need 0.564 GB to sort     37821714 kmers
Used 264.204 GB / 1511.391 GB to store  37108670390 kmers; need 0.564 GB to sort     37843672 kmers
Used 264.331 GB / 1511.391 GB to store  37129249442 kmers; need 0.564 GB to sort     37865711 kmers
Used 264.458 GB / 1511.391 GB to store  37149828494 kmers; need 0.565 GB to sort     37887797 kmers
Used 264.584 GB / 1511.391 GB to store  37170407546 kmers; need 0.565 GB to sort     37910011 kmers
Used 264.710 GB / 1511.391 GB to store  37190986490 kmers; need 0.565 GB to sort     37932727 kmers
Used 264.837 GB / 1511.391 GB to store  37211565516 kmers; need 0.566 GB to sort     37953881 kmers
Used 264.963 GB / 1511.391 GB to store  37232144526 kmers; need 0.566 GB to sort     37975712 kmers
Used 265.089 GB / 1511.391 GB to store  37252723578 kmers; need 0.566 GB to sort     37997432 kmers
Used 265.215 GB / 1511.391 GB to store  37273302630 kmers; need 0.567 GB to sort     38019136 kmers
Used 265.342 GB / 1511.391 GB to store  37293881480 kmers; need 0.567 GB to sort     38041074 kmers
Used 265.469 GB / 1511.391 GB to store  37314460532 kmers; need 0.567 GB to sort     38062324 kmers
Used 265.596 GB / 1511.391 GB to store  37335039584 kmers; need 0.568 GB to sort     38084653 kmers
Used 265.721 GB / 1511.391 GB to store  37355618636 kmers; need 0.568 GB to sort     38104615 kmers
Used 265.847 GB / 1511.391 GB to store  37376197688 kmers; need 0.568 GB to sort     38124545 kmers
Used 265.973 GB / 1511.391 GB to store  37396776740 kmers; need 0.568 GB to sort     38144523 kmers
Used 266.099 GB / 1511.391 GB to store  37417355792 kmers; need 0.569 GB to sort     38165005 kmers
Used 266.226 GB / 1511.391 GB to store  37437934844 kmers; need 0.569 GB to sort     38185971 kmers
Used 266.351 GB / 1511.391 GB to store  37458513896 kmers; need 0.569 GB to sort     38205811 kmers
Used 266.477 GB / 1511.391 GB to store  37479092948 kmers; need 0.570 GB to sort     38226901 kmers
Used 266.605 GB / 1511.391 GB to store  37499672000 kmers; need 0.570 GB to sort     38246901 kmers
Used 266.730 GB / 1511.391 GB to store  37520251052 kmers; need 0.570 GB to sort     38268156 kmers
Used 266.857 GB / 1511.391 GB to store  37540830104 kmers; need 0.571 GB to sort     38288421 kmers
Used 266.984 GB / 1511.391 GB to store  37561409153 kmers; need 0.571 GB to sort     38309337 kmers
Used 267.111 GB / 1511.391 GB to store  37581988205 kmers; need 0.571 GB to sort     38329809 kmers
Used 267.236 GB / 1511.391 GB to store  37602567257 kmers; need 0.571 GB to sort     38350838 kmers
Used 267.364 GB / 1511.391 GB to store  37623146309 kmers; need 0.572 GB to sort     38371728 kmers
Used 267.492 GB / 1511.391 GB to store  37643725328 kmers; need 0.572 GB to sort     38392020 kmers
Used 267.618 GB / 1511.391 GB to store  37664304380 kmers; need 0.572 GB to sort     38412486 kmers
Used 267.744 GB / 1511.391 GB to store  37684883432 kmers; need 0.573 GB to sort     38433159 kmers
Used 267.871 GB / 1511.391 GB to store  37705462484 kmers; need 0.573 GB to sort     38454850 kmers
Used 267.997 GB / 1511.391 GB to store  37726041536 kmers; need 0.573 GB to sort     38475839 kmers
Used 268.123 GB / 1511.391 GB to store  37746620588 kmers; need 0.574 GB to sort     38496809 kmers
Used 268.249 GB / 1511.391 GB to store  37767199640 kmers; need 0.574 GB to sort     38517742 kmers
Used 268.377 GB / 1511.391 GB to store  37787778692 kmers; need 0.574 GB to sort     38539113 kmers
Used 268.503 GB / 1511.391 GB to store  37808357744 kmers; need 0.575 GB to sort     38559349 kmers
Used 268.629 GB / 1511.391 GB to store  37828936796 kmers; need 0.575 GB to sort     38580727 kmers
Used 268.756 GB / 1511.391 GB to store  37849515848 kmers; need 0.575 GB to sort     38601156 kmers
Used 268.883 GB / 1511.391 GB to store  37870094900 kmers; need 0.576 GB to sort     38622097 kmers
Used 269.009 GB / 1511.391 GB to store  37890673952 kmers; need 0.576 GB to sort     38643348 kmers
Used 269.134 GB / 1511.391 GB to store  37911253004 kmers; need 0.576 GB to sort     38664229 kmers
Used 269.260 GB / 1511.391 GB to store  37931831972 kmers; need 0.576 GB to sort     38685363 kmers
Used 269.386 GB / 1511.391 GB to store  37952411024 kmers; need 0.577 GB to sort     38706462 kmers
Used 269.514 GB / 1511.391 GB to store  37972990076 kmers; need 0.577 GB to sort     38728364 kmers
Used 269.640 GB / 1511.391 GB to store  37993569128 kmers; need 0.577 GB to sort     38748790 kmers
Used 269.767 GB / 1511.391 GB to store  38014148180 kmers; need 0.578 GB to sort     38770223 kmers
Used 269.894 GB / 1511.391 GB to store  38034727187 kmers; need 0.578 GB to sort     38790936 kmers
Used 270.020 GB / 1511.391 GB to store  38055306239 kmers; need 0.578 GB to sort     38811905 kmers
Used 270.145 GB / 1511.391 GB to store  38075885291 kmers; need 0.579 GB to sort     38833063 kmers
Used 270.270 GB / 1511.391 GB to store  38096464343 kmers; need 0.579 GB to sort     38854376 kmers
Used 270.396 GB / 1511.391 GB to store  38117043353 kmers; need 0.579 GB to sort     38874605 kmers
Used 270.522 GB / 1511.391 GB to store  38137622405 kmers; need 0.580 GB to sort     38895794 kmers
Used 270.648 GB / 1511.391 GB to store  38158201457 kmers; need 0.580 GB to sort     38916433 kmers
Used 270.775 GB / 1511.391 GB to store  38178780509 kmers; need 0.580 GB to sort     38937592 kmers
Used 270.902 GB / 1511.391 GB to store  38199359561 kmers; need 0.581 GB to sort     38958872 kmers
Used 271.028 GB / 1511.391 GB to store  38219938613 kmers; need 0.581 GB to sort     38979932 kmers
Used 271.155 GB / 1511.391 GB to store  38240517665 kmers; need 0.581 GB to sort     39000421 kmers
Used 271.282 GB / 1511.391 GB to store  38261096717 kmers; need 0.581 GB to sort     39021640 kmers
Used 271.409 GB / 1511.391 GB to store  38281675769 kmers; need 0.582 GB to sort     39042958 kmers
Used 271.535 GB / 1511.391 GB to store  38302254815 kmers; need 0.582 GB to sort     39063833 kmers
Used 271.663 GB / 1511.391 GB to store  38322833867 kmers; need 0.582 GB to sort     39083865 kmers
Used 271.789 GB / 1511.391 GB to store  38343412919 kmers; need 0.583 GB to sort     39104110 kmers
Used 271.916 GB / 1511.391 GB to store  38363991971 kmers; need 0.583 GB to sort     39125571 kmers
Used 272.043 GB / 1511.391 GB to store  38384571023 kmers; need 0.583 GB to sort     39146786 kmers
Used 272.168 GB / 1511.391 GB to store  38405150065 kmers; need 0.584 GB to sort     39168059 kmers
Used 272.295 GB / 1511.391 GB to store  38425729117 kmers; need 0.584 GB to sort     39188762 kmers
Used 272.421 GB / 1511.391 GB to store  38446308169 kmers; need 0.584 GB to sort     39209754 kmers
Used 272.548 GB / 1511.391 GB to store  38466887221 kmers; need 0.585 GB to sort     39231183 kmers
Used 272.674 GB / 1511.391 GB to store  38487466273 kmers; need 0.585 GB to sort     39252069 kmers
Used 272.800 GB / 1511.391 GB to store  38508045307 kmers; need 0.585 GB to sort     39273664 kmers
Used 272.927 GB / 1511.391 GB to store  38528624359 kmers; need 0.586 GB to sort     39294539 kmers
Used 273.054 GB / 1511.391 GB to store  38549203411 kmers; need 0.586 GB to sort     39315499 kmers
Used 273.182 GB / 1511.391 GB to store  38569782463 kmers; need 0.586 GB to sort     39336425 kmers
Used 273.309 GB / 1511.391 GB to store  38590361453 kmers; need 0.586 GB to sort     39357628 kmers
Used 273.435 GB / 1511.391 GB to store  38610940505 kmers; need 0.587 GB to sort     39378976 kmers
Used 273.561 GB / 1511.391 GB to store  38631519557 kmers; need 0.587 GB to sort     39400434 kmers
Used 273.687 GB / 1511.391 GB to store  38652098609 kmers; need 0.587 GB to sort     39421928 kmers
Used 273.813 GB / 1511.391 GB to store  38672677661 kmers; need 0.588 GB to sort     39443247 kmers
Used 273.940 GB / 1511.391 GB to store  38693256713 kmers; need 0.588 GB to sort     39464805 kmers
Used 274.067 GB / 1511.391 GB to store  38713835765 kmers; need 0.588 GB to sort     39485845 kmers
Used 274.194 GB / 1511.391 GB to store  38734414817 kmers; need 0.589 GB to sort     39507368 kmers
Used 274.320 GB / 1511.391 GB to store  38754993869 kmers; need 0.589 GB to sort     39528845 kmers
Used 274.447 GB / 1511.391 GB to store  38775572921 kmers; need 0.589 GB to sort     39550337 kmers
Used 274.574 GB / 1511.391 GB to store  38796151935 kmers; need 0.590 GB to sort     39572394 kmers
Used 274.701 GB / 1511.391 GB to store  38816730987 kmers; need 0.590 GB to sort     39593406 kmers
Used 274.826 GB / 1511.391 GB to store  38837310039 kmers; need 0.590 GB to sort     39614779 kmers
Used 274.952 GB / 1511.391 GB to store  38857889091 kmers; need 0.591 GB to sort     39636029 kmers
Used 275.079 GB / 1511.391 GB to store  38878468143 kmers; need 0.591 GB to sort     39657524 kmers
Used 275.205 GB / 1511.391 GB to store  38899047195 kmers; need 0.591 GB to sort     39679078 kmers
Used 275.332 GB / 1511.391 GB to store  38919626247 kmers; need 0.592 GB to sort     39700059 kmers
Used 275.459 GB / 1511.391 GB to store  38940205287 kmers; need 0.592 GB to sort     39721734 kmers
Used 275.585 GB / 1511.391 GB to store  38960784339 kmers; need 0.592 GB to sort     39743192 kmers
Used 275.711 GB / 1511.391 GB to store  38981363391 kmers; need 0.593 GB to sort     39765696 kmers
Used 275.837 GB / 1511.391 GB to store  39001942443 kmers; need 0.593 GB to sort     39787205 kmers
Used 275.963 GB / 1511.391 GB to store  39022521495 kmers; need 0.593 GB to sort     39809480 kmers
Used 276.090 GB / 1511.391 GB to store  39043100547 kmers; need 0.594 GB to sort     39830774 kmers
Used 276.217 GB / 1511.391 GB to store  39063679599 kmers; need 0.594 GB to sort     39852544 kmers
Used 276.342 GB / 1511.391 GB to store  39084258517 kmers; need 0.594 GB to sort     39874190 kmers
Used 276.469 GB / 1511.391 GB to store  39104837569 kmers; need 0.595 GB to sort     39896291 kmers
Used 276.595 GB / 1511.391 GB to store  39125416621 kmers; need 0.595 GB to sort     39918590 kmers
Used 276.722 GB / 1511.391 GB to store  39145995655 kmers; need 0.595 GB to sort     39940646 kmers
Used 276.848 GB / 1511.391 GB to store  39166574637 kmers; need 0.595 GB to sort     39962167 kmers
Used 276.976 GB / 1511.391 GB to store  39187153465 kmers; need 0.596 GB to sort     39984088 kmers
Used 277.101 GB / 1511.391 GB to store  39207732517 kmers; need 0.596 GB to sort     40006564 kmers
Used 277.228 GB / 1511.391 GB to store  39228311569 kmers; need 0.596 GB to sort     40028778 kmers
Used 277.354 GB / 1511.391 GB to store  39248890621 kmers; need 0.597 GB to sort     40051045 kmers
Used 277.481 GB / 1511.391 GB to store  39269469673 kmers; need 0.597 GB to sort     40073818 kmers
Used 277.608 GB / 1511.391 GB to store  39290048701 kmers; need 0.597 GB to sort     40095949 kmers
Used 277.736 GB / 1511.391 GB to store  39310627753 kmers; need 0.598 GB to sort     40118381 kmers
Used 277.862 GB / 1511.391 GB to store  39331206805 kmers; need 0.598 GB to sort     40139378 kmers
Used 277.989 GB / 1511.391 GB to store  39351785857 kmers; need 0.598 GB to sort     40159757 kmers
Used 278.115 GB / 1511.391 GB to store  39372364909 kmers; need 0.599 GB to sort     40180170 kmers
Used 278.241 GB / 1511.391 GB to store  39392943961 kmers; need 0.599 GB to sort     40200081 kmers
Used 278.368 GB / 1511.391 GB to store  39413523013 kmers; need 0.599 GB to sort     40219968 kmers
Used 278.493 GB / 1511.391 GB to store  39434102065 kmers; need 0.600 GB to sort     40240114 kmers
Used 278.619 GB / 1511.391 GB to store  39454681117 kmers; need 0.600 GB to sort     40261316 kmers
Used 278.746 GB / 1511.391 GB to store  39475260169 kmers; need 0.600 GB to sort     40282150 kmers
Used 278.872 GB / 1511.391 GB to store  39495839221 kmers; need 0.601 GB to sort     40302014 kmers
Used 278.999 GB / 1511.391 GB to store  39516418273 kmers; need 0.601 GB to sort     40322654 kmers
Used 279.125 GB / 1511.391 GB to store  39536997325 kmers; need 0.601 GB to sort     40343329 kmers
Used 279.252 GB / 1511.391 GB to store  39557576368 kmers; need 0.601 GB to sort     40365025 kmers
Used 279.377 GB / 1511.391 GB to store  39578155420 kmers; need 0.602 GB to sort     40385833 kmers
Used 279.505 GB / 1511.391 GB to store  39598734472 kmers; need 0.602 GB to sort     40407535 kmers
Used 279.631 GB / 1511.391 GB to store  39619313524 kmers; need 0.602 GB to sort     40427882 kmers
Used 279.757 GB / 1511.391 GB to store  39639892576 kmers; need 0.603 GB to sort     40449074 kmers
Used 279.883 GB / 1511.391 GB to store  39660471628 kmers; need 0.603 GB to sort     40469986 kmers
Used 280.009 GB / 1511.391 GB to store  39681050680 kmers; need 0.603 GB to sort     40490744 kmers
Used 280.136 GB / 1511.391 GB to store  39701629732 kmers; need 0.604 GB to sort     40511543 kmers
Used 280.262 GB / 1511.391 GB to store  39722208784 kmers; need 0.604 GB to sort     40532459 kmers
Used 280.388 GB / 1511.391 GB to store  39742787836 kmers; need 0.604 GB to sort     40553097 kmers
Used 280.515 GB / 1511.391 GB to store  39763366888 kmers; need 0.605 GB to sort     40574781 kmers
Used 280.641 GB / 1511.391 GB to store  39783945940 kmers; need 0.605 GB to sort     40596254 kmers
Used 280.768 GB / 1511.391 GB to store  39804524992 kmers; need 0.605 GB to sort     40617278 kmers
Used 280.895 GB / 1511.391 GB to store  39825104044 kmers; need 0.606 GB to sort     40638691 kmers
Used 281.022 GB / 1511.391 GB to store  39845683096 kmers; need 0.606 GB to sort     40659352 kmers
Used 281.148 GB / 1511.391 GB to store  39866262148 kmers; need 0.606 GB to sort     40681472 kmers
Used 281.272 GB / 1511.391 GB to store  39886841200 kmers; need 0.607 GB to sort     40701989 kmers
Used 281.398 GB / 1511.391 GB to store  39907420252 kmers; need 0.607 GB to sort     40723395 kmers
Used 281.525 GB / 1511.391 GB to store  39927999262 kmers; need 0.607 GB to sort     40744066 kmers
Used 281.652 GB / 1511.391 GB to store  39948578314 kmers; need 0.607 GB to sort     40764757 kmers
Used 281.786 GB / 1511.391 GB to store  39970740370 kmers; need 0.608 GB to sort     40787560 kmers
Used 281.913 GB / 1511.391 GB to store  39991319422 kmers; need 0.608 GB to sort     40808157 kmers
Used 282.039 GB / 1511.391 GB to store  40011898474 kmers; need 0.608 GB to sort     40829170 kmers
Used 282.166 GB / 1511.391 GB to store  40032477526 kmers; need 0.609 GB to sort     40849989 kmers
Used 282.293 GB / 1511.391 GB to store  40053056578 kmers; need 0.609 GB to sort     40870543 kmers
Used 282.420 GB / 1511.391 GB to store  40073635630 kmers; need 0.609 GB to sort     40891380 kmers
Used 282.546 GB / 1511.391 GB to store  40094214682 kmers; need 0.610 GB to sort     40911892 kmers
Used 282.673 GB / 1511.391 GB to store  40114793713 kmers; need 0.610 GB to sort     40933101 kmers
Used 282.801 GB / 1511.391 GB to store  40135372765 kmers; need 0.610 GB to sort     40954146 kmers
Used 282.928 GB / 1511.391 GB to store  40155951817 kmers; need 0.611 GB to sort     40975557 kmers
Used 283.053 GB / 1511.391 GB to store  40176530869 kmers; need 0.611 GB to sort     40997411 kmers
Used 283.181 GB / 1511.391 GB to store  40197109921 kmers; need 0.611 GB to sort     41018079 kmers
Used 283.308 GB / 1511.391 GB to store  40217688973 kmers; need 0.612 GB to sort     41038638 kmers
Used 283.435 GB / 1511.391 GB to store  40238268025 kmers; need 0.612 GB to sort     41059389 kmers
Used 283.561 GB / 1511.391 GB to store  40258847050 kmers; need 0.612 GB to sort     41080752 kmers
Used 283.688 GB / 1511.391 GB to store  40279426102 kmers; need 0.612 GB to sort     41101047 kmers
Used 283.814 GB / 1511.391 GB to store  40300005154 kmers; need 0.613 GB to sort     41122141 kmers
Used 283.941 GB / 1511.391 GB to store  40320584206 kmers; need 0.613 GB to sort     41142860 kmers
Used 284.067 GB / 1511.391 GB to store  40341163258 kmers; need 0.613 GB to sort     41163945 kmers
Used 284.194 GB / 1511.391 GB to store  40361742310 kmers; need 0.614 GB to sort     41185220 kmers
Used 284.320 GB / 1511.391 GB to store  40382321362 kmers; need 0.614 GB to sort     41206275 kmers
Used 284.447 GB / 1511.391 GB to store  40402900414 kmers; need 0.614 GB to sort     41227282 kmers
Used 284.573 GB / 1511.391 GB to store  40423479466 kmers; need 0.615 GB to sort     41247980 kmers
Used 284.699 GB / 1511.391 GB to store  40444058518 kmers; need 0.615 GB to sort     41269418 kmers
Used 284.824 GB / 1511.391 GB to store  40464637570 kmers; need 0.615 GB to sort     41290763 kmers
Used 284.950 GB / 1511.391 GB to store  40485216622 kmers; need 0.616 GB to sort     41312513 kmers
Used 285.076 GB / 1511.391 GB to store  40505795656 kmers; need 0.616 GB to sort     41334086 kmers
Used 285.203 GB / 1511.391 GB to store  40526374708 kmers; need 0.616 GB to sort     41355557 kmers
Used 285.330 GB / 1511.391 GB to store  40546953760 kmers; need 0.617 GB to sort     41376905 kmers
Used 285.455 GB / 1511.391 GB to store  40567532812 kmers; need 0.617 GB to sort     41398317 kmers
Used 285.582 GB / 1511.391 GB to store  40588111864 kmers; need 0.617 GB to sort     41420012 kmers
Used 285.708 GB / 1511.391 GB to store  40608690916 kmers; need 0.618 GB to sort     41441211 kmers
Used 285.834 GB / 1511.391 GB to store  40629269968 kmers; need 0.618 GB to sort     41462634 kmers
Used 285.961 GB / 1511.391 GB to store  40649848954 kmers; need 0.618 GB to sort     41484182 kmers
Used 286.086 GB / 1511.391 GB to store  40670428006 kmers; need 0.618 GB to sort     41505766 kmers
Used 286.212 GB / 1511.391 GB to store  40691007058 kmers; need 0.619 GB to sort     41527657 kmers
Used 286.339 GB / 1511.391 GB to store  40711586110 kmers; need 0.619 GB to sort     41549319 kmers
Used 286.465 GB / 1511.391 GB to store  40732165162 kmers; need 0.619 GB to sort     41571401 kmers
Used 286.592 GB / 1511.391 GB to store  40752744164 kmers; need 0.620 GB to sort     41592988 kmers
Used 286.718 GB / 1511.391 GB to store  40773323216 kmers; need 0.620 GB to sort     41614848 kmers
Used 286.844 GB / 1511.391 GB to store  40793902268 kmers; need 0.620 GB to sort     41636679 kmers
Used 286.971 GB / 1511.391 GB to store  40814481320 kmers; need 0.621 GB to sort     41658783 kmers
Used 287.097 GB / 1511.391 GB to store  40835060372 kmers; need 0.621 GB to sort     41680623 kmers
Used 287.223 GB / 1511.391 GB to store  40855639366 kmers; need 0.621 GB to sort     41703139 kmers
Used 287.349 GB / 1511.391 GB to store  40876218334 kmers; need 0.622 GB to sort     41725010 kmers
Used 287.476 GB / 1511.391 GB to store  40896797352 kmers; need 0.622 GB to sort     41746740 kmers
Used 287.603 GB / 1511.391 GB to store  40917376404 kmers; need 0.622 GB to sort     41767616 kmers
Used 287.730 GB / 1511.391 GB to store  40937955456 kmers; need 0.623 GB to sort     41789901 kmers
Used 287.857 GB / 1511.391 GB to store  40958534508 kmers; need 0.623 GB to sort     41811754 kmers
Used 287.983 GB / 1511.391 GB to store  40979113560 kmers; need 0.623 GB to sort     41833419 kmers
Used 288.110 GB / 1511.391 GB to store  40999692612 kmers; need 0.624 GB to sort     41856438 kmers
Used 288.238 GB / 1511.391 GB to store  41020271664 kmers; need 0.624 GB to sort     41878215 kmers
Used 288.365 GB / 1511.391 GB to store  41040850716 kmers; need 0.624 GB to sort     41899873 kmers
Used 288.492 GB / 1511.391 GB to store  41061429768 kmers; need 0.625 GB to sort     41920375 kmers
Used 288.618 GB / 1511.391 GB to store  41082008820 kmers; need 0.625 GB to sort     41940472 kmers
Used 288.745 GB / 1511.391 GB to store  41102587872 kmers; need 0.625 GB to sort     41961035 kmers
Used 288.871 GB / 1511.391 GB to store  41123166884 kmers; need 0.626 GB to sort     41981319 kmers
Used 288.996 GB / 1511.391 GB to store  41143745936 kmers; need 0.626 GB to sort     42003672 kmers
Used 289.124 GB / 1511.391 GB to store  41164324988 kmers; need 0.626 GB to sort     42025067 kmers
Used 289.250 GB / 1511.391 GB to store  41184904040 kmers; need 0.627 GB to sort     42046123 kmers
Used 289.377 GB / 1511.391 GB to store  41205483092 kmers; need 0.627 GB to sort     42066840 kmers
Used 289.503 GB / 1511.391 GB to store  41226062126 kmers; need 0.627 GB to sort     42087538 kmers
Used 289.629 GB / 1511.391 GB to store  41246641178 kmers; need 0.627 GB to sort     42108643 kmers
Used 289.756 GB / 1511.391 GB to store  41267220164 kmers; need 0.628 GB to sort     42128362 kmers
Used 289.882 GB / 1511.391 GB to store  41287799216 kmers; need 0.628 GB to sort     42148723 kmers
Used 290.009 GB / 1511.391 GB to store  41308378268 kmers; need 0.628 GB to sort     42169567 kmers
Used 290.135 GB / 1511.391 GB to store  41328957320 kmers; need 0.629 GB to sort     42189744 kmers
Used 290.263 GB / 1511.391 GB to store  41349536372 kmers; need 0.629 GB to sort     42210860 kmers
Used 290.390 GB / 1511.391 GB to store  41370115421 kmers; need 0.629 GB to sort     42232025 kmers
Used 290.517 GB / 1511.391 GB to store  41390694473 kmers; need 0.630 GB to sort     42252473 kmers
Used 290.643 GB / 1511.391 GB to store  41411273525 kmers; need 0.630 GB to sort     42273774 kmers
Used 290.770 GB / 1511.391 GB to store  41431852577 kmers; need 0.630 GB to sort     42294802 kmers
Used 290.896 GB / 1511.391 GB to store  41452431533 kmers; need 0.631 GB to sort     42315070 kmers
Used 291.023 GB / 1511.391 GB to store  41473010585 kmers; need 0.631 GB to sort     42335681 kmers
Used 291.148 GB / 1511.391 GB to store  41493589637 kmers; need 0.631 GB to sort     42355958 kmers
Used 291.275 GB / 1511.391 GB to store  41514168689 kmers; need 0.631 GB to sort     42377762 kmers
Used 291.403 GB / 1511.391 GB to store  41534747741 kmers; need 0.632 GB to sort     42398701 kmers
Used 291.530 GB / 1511.391 GB to store  41555326793 kmers; need 0.632 GB to sort     42419464 kmers
Used 291.657 GB / 1511.391 GB to store  41575905845 kmers; need 0.632 GB to sort     42440993 kmers
Used 291.783 GB / 1511.391 GB to store  41596484897 kmers; need 0.633 GB to sort     42461573 kmers
Used 291.910 GB / 1511.391 GB to store  41617063949 kmers; need 0.633 GB to sort     42482512 kmers
Used 292.035 GB / 1511.391 GB to store  41637642989 kmers; need 0.633 GB to sort     42503816 kmers
Used 292.160 GB / 1511.391 GB to store  41658222038 kmers; need 0.634 GB to sort     42524857 kmers
Used 292.286 GB / 1511.391 GB to store  41678801090 kmers; need 0.634 GB to sort     42546051 kmers
Used 292.412 GB / 1511.391 GB to store  41699380142 kmers; need 0.634 GB to sort     42567341 kmers
Used 292.539 GB / 1511.391 GB to store  41719959194 kmers; need 0.635 GB to sort     42588470 kmers
Used 292.665 GB / 1511.391 GB to store  41740538246 kmers; need 0.635 GB to sort     42609203 kmers
Used 292.790 GB / 1511.391 GB to store  41761117298 kmers; need 0.635 GB to sort     42630255 kmers
Used 292.917 GB / 1511.391 GB to store  41781696350 kmers; need 0.636 GB to sort     42651052 kmers
Used 293.044 GB / 1511.391 GB to store  41802275402 kmers; need 0.636 GB to sort     42672619 kmers
Used 293.172 GB / 1511.391 GB to store  41822854454 kmers; need 0.636 GB to sort     42692752 kmers
Used 293.299 GB / 1511.391 GB to store  41843433350 kmers; need 0.636 GB to sort     42712547 kmers
Used 293.425 GB / 1511.391 GB to store  41864012402 kmers; need 0.637 GB to sort     42733742 kmers
Used 293.551 GB / 1511.391 GB to store  41884591454 kmers; need 0.637 GB to sort     42753920 kmers
Used 293.677 GB / 1511.391 GB to store  41905170506 kmers; need 0.637 GB to sort     42775321 kmers
Used 293.804 GB / 1511.391 GB to store  41925749558 kmers; need 0.638 GB to sort     42796197 kmers
Used 293.929 GB / 1511.391 GB to store  41946328610 kmers; need 0.638 GB to sort     42816986 kmers
Used 294.055 GB / 1511.391 GB to store  41966907662 kmers; need 0.638 GB to sort     42838202 kmers
Used 294.181 GB / 1511.391 GB to store  41987486714 kmers; need 0.639 GB to sort     42859034 kmers
Used 294.307 GB / 1511.391 GB to store  42008065766 kmers; need 0.639 GB to sort     42879959 kmers
Used 294.435 GB / 1511.391 GB to store  42028644818 kmers; need 0.639 GB to sort     42901194 kmers
Used 294.561 GB / 1511.391 GB to store  42049223870 kmers; need 0.640 GB to sort     42922920 kmers
Used 294.687 GB / 1511.391 GB to store  42069802922 kmers; need 0.640 GB to sort     42944230 kmers
Used 294.813 GB / 1511.391 GB to store  42090381974 kmers; need 0.640 GB to sort     42964168 kmers
Used 294.940 GB / 1511.391 GB to store  42110961026 kmers; need 0.641 GB to sort     42985861 kmers
Used 295.067 GB / 1511.391 GB to store  42131540078 kmers; need 0.641 GB to sort     43007062 kmers
Used 295.195 GB / 1511.391 GB to store  42152119130 kmers; need 0.641 GB to sort     43028453 kmers
Used 295.322 GB / 1511.391 GB to store  42172698182 kmers; need 0.641 GB to sort     43049726 kmers
Used 295.448 GB / 1511.391 GB to store  42193277234 kmers; need 0.642 GB to sort     43071589 kmers
Used 295.574 GB / 1511.391 GB to store  42213856256 kmers; need 0.642 GB to sort     43093004 kmers
Used 295.700 GB / 1511.391 GB to store  42234435308 kmers; need 0.642 GB to sort     43114039 kmers
Used 295.826 GB / 1511.391 GB to store  42255014360 kmers; need 0.643 GB to sort     43135554 kmers
Used 295.953 GB / 1511.391 GB to store  42275593412 kmers; need 0.643 GB to sort     43156555 kmers
Used 296.078 GB / 1511.391 GB to store  42296172464 kmers; need 0.643 GB to sort     43178056 kmers
Used 296.205 GB / 1511.391 GB to store  42316751516 kmers; need 0.644 GB to sort     43199287 kmers
Used 296.332 GB / 1511.391 GB to store  42337330568 kmers; need 0.644 GB to sort     43220106 kmers
Used 296.458 GB / 1511.391 GB to store  42357909620 kmers; need 0.644 GB to sort     43242406 kmers
Used 296.585 GB / 1511.391 GB to store  42378488672 kmers; need 0.645 GB to sort     43263485 kmers
Used 296.710 GB / 1511.391 GB to store  42399067724 kmers; need 0.645 GB to sort     43284100 kmers
Used 296.836 GB / 1511.391 GB to store  42419646776 kmers; need 0.645 GB to sort     43304968 kmers
Used 296.964 GB / 1511.391 GB to store  42440225828 kmers; need 0.646 GB to sort     43326452 kmers
Used 297.090 GB / 1511.391 GB to store  42460804880 kmers; need 0.646 GB to sort     43347398 kmers
Used 297.217 GB / 1511.391 GB to store  42481383932 kmers; need 0.646 GB to sort     43369006 kmers
Used 297.345 GB / 1511.391 GB to store  42501962984 kmers; need 0.647 GB to sort     43390713 kmers
Used 297.471 GB / 1511.391 GB to store  42522542028 kmers; need 0.647 GB to sort     43413020 kmers
Used 297.599 GB / 1511.391 GB to store  42543121080 kmers; need 0.647 GB to sort     43434498 kmers
Used 297.724 GB / 1511.391 GB to store  42563700132 kmers; need 0.648 GB to sort     43455775 kmers
Used 297.851 GB / 1511.391 GB to store  42584279184 kmers; need 0.648 GB to sort     43477152 kmers
Used 297.978 GB / 1511.391 GB to store  42604858230 kmers; need 0.648 GB to sort     43499210 kmers
Used 298.104 GB / 1511.391 GB to store  42625437282 kmers; need 0.649 GB to sort     43521227 kmers
Used 298.230 GB / 1511.391 GB to store  42646016334 kmers; need 0.649 GB to sort     43543066 kmers
Used 298.356 GB / 1511.391 GB to store  42666595386 kmers; need 0.649 GB to sort     43564858 kmers
Used 298.482 GB / 1511.391 GB to store  42687174438 kmers; need 0.649 GB to sort     43586472 kmers
Used 298.608 GB / 1511.391 GB to store  42707753486 kmers; need 0.650 GB to sort     43608278 kmers
Used 298.734 GB / 1511.391 GB to store  42728332538 kmers; need 0.650 GB to sort     43630289 kmers
Used 298.862 GB / 1511.391 GB to store  42748911590 kmers; need 0.650 GB to sort     43652002 kmers
Used 298.988 GB / 1511.391 GB to store  42769490642 kmers; need 0.651 GB to sort     43673550 kmers
Used 299.114 GB / 1511.391 GB to store  42790069694 kmers; need 0.651 GB to sort     43695947 kmers
Used 299.242 GB / 1511.391 GB to store  42810648678 kmers; need 0.651 GB to sort     43717862 kmers
Used 299.368 GB / 1511.391 GB to store  42831227730 kmers; need 0.652 GB to sort     43739751 kmers
Used 299.495 GB / 1511.391 GB to store  42851806736 kmers; need 0.652 GB to sort     43761451 kmers
Used 299.622 GB / 1511.391 GB to store  42872385712 kmers; need 0.652 GB to sort     43783973 kmers
Used 299.748 GB / 1511.391 GB to store  42892964744 kmers; need 0.653 GB to sort     43806684 kmers
Used 299.874 GB / 1511.391 GB to store  42913543556 kmers; need 0.653 GB to sort     43828806 kmers
Used 300.001 GB / 1511.391 GB to store  42934122608 kmers; need 0.653 GB to sort     43849985 kmers
Used 300.127 GB / 1511.391 GB to store  42954701660 kmers; need 0.654 GB to sort     43872693 kmers
Used 300.253 GB / 1511.391 GB to store  42975280712 kmers; need 0.654 GB to sort     43895138 kmers
Used 300.379 GB / 1511.391 GB to store  42995859764 kmers; need 0.654 GB to sort     43916977 kmers
Used 300.506 GB / 1511.391 GB to store  43016438756 kmers; need 0.655 GB to sort     43938816 kmers
Used 300.631 GB / 1511.391 GB to store  43037017808 kmers; need 0.655 GB to sort     43960605 kmers
Used 300.758 GB / 1511.391 GB to store  43057596860 kmers; need 0.655 GB to sort     43982051 kmers
Used 300.885 GB / 1511.391 GB to store  43078175912 kmers; need 0.656 GB to sort     44002442 kmers
Used 301.012 GB / 1511.391 GB to store  43098754964 kmers; need 0.656 GB to sort     44023365 kmers
Used 301.139 GB / 1511.391 GB to store  43119334016 kmers; need 0.656 GB to sort     44042871 kmers
Used 301.265 GB / 1511.391 GB to store  43139913068 kmers; need 0.657 GB to sort     44063540 kmers
Used 301.392 GB / 1511.391 GB to store  43160492120 kmers; need 0.657 GB to sort     44084465 kmers
Used 301.518 GB / 1511.391 GB to store  43181071172 kmers; need 0.657 GB to sort     44105349 kmers
Used 301.644 GB / 1511.391 GB to store  43201650224 kmers; need 0.658 GB to sort     44125952 kmers
Used 301.770 GB / 1511.391 GB to store  43222229276 kmers; need 0.658 GB to sort     44146757 kmers
Used 301.898 GB / 1511.391 GB to store  43242808328 kmers; need 0.658 GB to sort     44167481 kmers
Used 302.025 GB / 1511.391 GB to store  43263387380 kmers; need 0.658 GB to sort     44187857 kmers
Used 302.151 GB / 1511.391 GB to store  43283966432 kmers; need 0.659 GB to sort     44208599 kmers
Used 302.277 GB / 1511.391 GB to store  43304545484 kmers; need 0.659 GB to sort     44228589 kmers
Used 302.404 GB / 1511.391 GB to store  43325124536 kmers; need 0.659 GB to sort     44249952 kmers
Used 302.530 GB / 1511.391 GB to store  43345703588 kmers; need 0.660 GB to sort     44270188 kmers
Used 302.657 GB / 1511.391 GB to store  43366282586 kmers; need 0.660 GB to sort     44291025 kmers
Used 302.784 GB / 1511.391 GB to store  43386861638 kmers; need 0.660 GB to sort     44312159 kmers
Used 302.910 GB / 1511.391 GB to store  43407440690 kmers; need 0.661 GB to sort     44333885 kmers
Used 303.037 GB / 1511.391 GB to store  43428019742 kmers; need 0.661 GB to sort     44355345 kmers
Used 303.163 GB / 1511.391 GB to store  43448598794 kmers; need 0.661 GB to sort     44377087 kmers
Used 303.291 GB / 1511.391 GB to store  43469177846 kmers; need 0.662 GB to sort     44398044 kmers
Used 303.417 GB / 1511.391 GB to store  43489756898 kmers; need 0.662 GB to sort     44418598 kmers
Used 303.543 GB / 1511.391 GB to store  43510335950 kmers; need 0.662 GB to sort     44439376 kmers
Used 303.670 GB / 1511.391 GB to store  43530915002 kmers; need 0.663 GB to sort     44461203 kmers
Used 303.797 GB / 1511.391 GB to store  43551494054 kmers; need 0.663 GB to sort     44483138 kmers
Used 303.923 GB / 1511.391 GB to store  43572073106 kmers; need 0.663 GB to sort     44504284 kmers
Used 304.049 GB / 1511.391 GB to store  43592652158 kmers; need 0.663 GB to sort     44524893 kmers
Used 304.176 GB / 1511.391 GB to store  43613231210 kmers; need 0.664 GB to sort     44546540 kmers
Used 304.302 GB / 1511.391 GB to store  43633810262 kmers; need 0.664 GB to sort     44568107 kmers
Used 304.428 GB / 1511.391 GB to store  43654389275 kmers; need 0.664 GB to sort     44588709 kmers
Used 304.554 GB / 1511.391 GB to store  43674968327 kmers; need 0.665 GB to sort     44609360 kmers
Used 304.680 GB / 1511.391 GB to store  43695547379 kmers; need 0.665 GB to sort     44630567 kmers
Used 304.808 GB / 1511.391 GB to store  43716126431 kmers; need 0.665 GB to sort     44651593 kmers
Used 304.934 GB / 1511.391 GB to store  43736705483 kmers; need 0.666 GB to sort     44673024 kmers
Used 305.060 GB / 1511.391 GB to store  43757284442 kmers; need 0.666 GB to sort     44693861 kmers
Used 305.188 GB / 1511.391 GB to store  43777863494 kmers; need 0.666 GB to sort     44714937 kmers
Used 305.313 GB / 1511.391 GB to store  43798442546 kmers; need 0.667 GB to sort     44736809 kmers
Used 305.440 GB / 1511.391 GB to store  43819021598 kmers; need 0.667 GB to sort     44758364 kmers
Used 305.567 GB / 1511.391 GB to store  43839600650 kmers; need 0.667 GB to sort     44778786 kmers
Used 305.693 GB / 1511.391 GB to store  43860179702 kmers; need 0.668 GB to sort     44799397 kmers
Used 305.819 GB / 1511.391 GB to store  43880758754 kmers; need 0.668 GB to sort     44820303 kmers
Used 305.947 GB / 1511.391 GB to store  43901337806 kmers; need 0.668 GB to sort     44841563 kmers
Used 306.072 GB / 1511.391 GB to store  43921916858 kmers; need 0.668 GB to sort     44862142 kmers
Used 306.200 GB / 1511.391 GB to store  43942495895 kmers; need 0.669 GB to sort     44882675 kmers
Used 306.326 GB / 1511.391 GB to store  43963074947 kmers; need 0.669 GB to sort     44903674 kmers
Used 306.453 GB / 1511.391 GB to store  43983653999 kmers; need 0.669 GB to sort     44925553 kmers
Used 306.579 GB / 1511.391 GB to store  44004233047 kmers; need 0.670 GB to sort     44946542 kmers
Used 306.706 GB / 1511.391 GB to store  44024812099 kmers; need 0.670 GB to sort     44967605 kmers
Used 306.832 GB / 1511.391 GB to store  44045391076 kmers; need 0.670 GB to sort     44989579 kmers
Used 306.957 GB / 1511.391 GB to store  44065970128 kmers; need 0.671 GB to sort     45011335 kmers
Used 307.083 GB / 1511.391 GB to store  44086549180 kmers; need 0.671 GB to sort     45032270 kmers
Used 307.210 GB / 1511.391 GB to store  44107128232 kmers; need 0.671 GB to sort     45054371 kmers
Used 307.337 GB / 1511.391 GB to store  44127707284 kmers; need 0.672 GB to sort     45076198 kmers
Used 307.465 GB / 1511.391 GB to store  44148286336 kmers; need 0.672 GB to sort     45097309 kmers
Used 307.592 GB / 1511.391 GB to store  44168865388 kmers; need 0.672 GB to sort     45118470 kmers
Used 307.719 GB / 1511.391 GB to store  44189444440 kmers; need 0.673 GB to sort     45139945 kmers
Used 307.845 GB / 1511.391 GB to store  44210023492 kmers; need 0.673 GB to sort     45161359 kmers
Used 307.971 GB / 1511.391 GB to store  44230602544 kmers; need 0.673 GB to sort     45182974 kmers
Used 308.097 GB / 1511.391 GB to store  44251181596 kmers; need 0.674 GB to sort     45204534 kmers
Used 308.223 GB / 1511.391 GB to store  44271760648 kmers; need 0.674 GB to sort     45226191 kmers
Used 308.350 GB / 1511.391 GB to store  44292339700 kmers; need 0.674 GB to sort     45247537 kmers
Used 308.478 GB / 1511.391 GB to store  44312918752 kmers; need 0.675 GB to sort     45268913 kmers
Used 308.604 GB / 1511.391 GB to store  44333497804 kmers; need 0.675 GB to sort     45290132 kmers
Used 308.730 GB / 1511.391 GB to store  44354076856 kmers; need 0.675 GB to sort     45310996 kmers
Used 308.856 GB / 1511.391 GB to store  44374655908 kmers; need 0.675 GB to sort     45331975 kmers
Used 308.983 GB / 1511.391 GB to store  44395234960 kmers; need 0.676 GB to sort     45353444 kmers
Used 309.110 GB / 1511.391 GB to store  44415814000 kmers; need 0.676 GB to sort     45374017 kmers
Used 309.236 GB / 1511.391 GB to store  44436393032 kmers; need 0.676 GB to sort     45396036 kmers
Used 309.363 GB / 1511.391 GB to store  44456972084 kmers; need 0.677 GB to sort     45417745 kmers
Used 309.491 GB / 1511.391 GB to store  44477551136 kmers; need 0.677 GB to sort     45438958 kmers
Used 309.618 GB / 1511.391 GB to store  44498130188 kmers; need 0.677 GB to sort     45460493 kmers
Used 309.744 GB / 1511.391 GB to store  44518709219 kmers; need 0.678 GB to sort     45481404 kmers
Used 309.870 GB / 1511.391 GB to store  44539288271 kmers; need 0.678 GB to sort     45502457 kmers
Used 309.996 GB / 1511.391 GB to store  44559867323 kmers; need 0.678 GB to sort     45524772 kmers
Used 310.124 GB / 1511.391 GB to store  44580446375 kmers; need 0.679 GB to sort     45546457 kmers
Used 310.250 GB / 1511.391 GB to store  44601025427 kmers; need 0.679 GB to sort     45568131 kmers
Used 310.376 GB / 1511.391 GB to store  44621604443 kmers; need 0.679 GB to sort     45589770 kmers
Used 310.504 GB / 1511.391 GB to store  44642183495 kmers; need 0.680 GB to sort     45611030 kmers
Used 310.630 GB / 1511.391 GB to store  44662762547 kmers; need 0.680 GB to sort     45632868 kmers
Used 310.756 GB / 1511.391 GB to store  44683341599 kmers; need 0.680 GB to sort     45653756 kmers
Used 310.890 GB / 1511.391 GB to store  44705503655 kmers; need 0.681 GB to sort     45677298 kmers
Used 311.016 GB / 1511.391 GB to store  44726082637 kmers; need 0.681 GB to sort     45698795 kmers
Used 311.143 GB / 1511.391 GB to store  44746661689 kmers; need 0.681 GB to sort     45720411 kmers
Used 311.269 GB / 1511.391 GB to store  44767240741 kmers; need 0.682 GB to sort     45741543 kmers
Used 311.396 GB / 1511.391 GB to store  44787819793 kmers; need 0.682 GB to sort     45763452 kmers
Used 311.522 GB / 1511.391 GB to store  44808398845 kmers; need 0.682 GB to sort     45784856 kmers
Used 311.649 GB / 1511.391 GB to store  44828977755 kmers; need 0.683 GB to sort     45806511 kmers
Used 311.775 GB / 1511.391 GB to store  44849556807 kmers; need 0.683 GB to sort     45828732 kmers
Used 311.902 GB / 1511.391 GB to store  44870135859 kmers; need 0.683 GB to sort     45851224 kmers
Used 312.031 GB / 1511.391 GB to store  44890714911 kmers; need 0.684 GB to sort     45873164 kmers
Used 312.157 GB / 1511.391 GB to store  44911293917 kmers; need 0.684 GB to sort     45894807 kmers
Used 312.283 GB / 1511.391 GB to store  44931872969 kmers; need 0.684 GB to sort     45916995 kmers
Used 312.409 GB / 1511.391 GB to store  44952452021 kmers; need 0.685 GB to sort     45937927 kmers
Used 312.535 GB / 1511.391 GB to store  44973031073 kmers; need 0.685 GB to sort     45960381 kmers
Used 312.661 GB / 1511.391 GB to store  44993610125 kmers; need 0.685 GB to sort     45981851 kmers
Used 312.787 GB / 1511.391 GB to store  45014189105 kmers; need 0.686 GB to sort     46005109 kmers
Used 312.913 GB / 1511.391 GB to store  45034768157 kmers; need 0.686 GB to sort     46026468 kmers
Used 313.039 GB / 1511.391 GB to store  45055347209 kmers; need 0.686 GB to sort     46049008 kmers
Used 313.167 GB / 1511.391 GB to store  45075926261 kmers; need 0.686 GB to sort     46069333 kmers
Used 313.293 GB / 1511.391 GB to store  45096505313 kmers; need 0.687 GB to sort     46089710 kmers
Used 313.420 GB / 1511.391 GB to store  45117084365 kmers; need 0.687 GB to sort     46110076 kmers
Used 313.546 GB / 1511.391 GB to store  45137663417 kmers; need 0.687 GB to sort     46130332 kmers
Used 313.673 GB / 1511.391 GB to store  45158242469 kmers; need 0.688 GB to sort     46151067 kmers
Used 313.801 GB / 1511.391 GB to store  45178821521 kmers; need 0.688 GB to sort     46171890 kmers
Used 313.927 GB / 1511.391 GB to store  45199400573 kmers; need 0.688 GB to sort     46192470 kmers
Used 314.054 GB / 1511.391 GB to store  45219979625 kmers; need 0.689 GB to sort     46213229 kmers
Used 314.179 GB / 1511.391 GB to store  45240558677 kmers; need 0.689 GB to sort     46234040 kmers
Used 314.306 GB / 1511.391 GB to store  45261137729 kmers; need 0.689 GB to sort     46254983 kmers
Used 314.434 GB / 1511.391 GB to store  45281716781 kmers; need 0.690 GB to sort     46276017 kmers
Used 314.562 GB / 1511.391 GB to store  45302295833 kmers; need 0.690 GB to sort     46296558 kmers
Used 314.688 GB / 1511.391 GB to store  45322874885 kmers; need 0.690 GB to sort     46317281 kmers
Used 314.815 GB / 1511.391 GB to store  45343453937 kmers; need 0.690 GB to sort     46337966 kmers
Used 314.942 GB / 1511.391 GB to store  45364032989 kmers; need 0.691 GB to sort     46359490 kmers
Used 315.067 GB / 1511.391 GB to store  45384612041 kmers; need 0.691 GB to sort     46380538 kmers
Used 315.193 GB / 1511.391 GB to store  45405191093 kmers; need 0.691 GB to sort     46401367 kmers
Used 315.320 GB / 1511.391 GB to store  45425770145 kmers; need 0.692 GB to sort     46421266 kmers
Used 315.446 GB / 1511.391 GB to store  45446349197 kmers; need 0.692 GB to sort     46442349 kmers
Used 315.571 GB / 1511.391 GB to store  45466928249 kmers; need 0.692 GB to sort     46462475 kmers
Used 315.698 GB / 1511.391 GB to store  45487507301 kmers; need 0.693 GB to sort     46482833 kmers
Used 315.825 GB / 1511.391 GB to store  45508086353 kmers; need 0.693 GB to sort     46503103 kmers
Used 315.951 GB / 1511.391 GB to store  45528665255 kmers; need 0.693 GB to sort     46523860 kmers
Used 316.078 GB / 1511.391 GB to store  45549244307 kmers; need 0.694 GB to sort     46545293 kmers
Used 316.205 GB / 1511.391 GB to store  45569823359 kmers; need 0.694 GB to sort     46566634 kmers
Used 316.332 GB / 1511.391 GB to store  45590402411 kmers; need 0.694 GB to sort     46587599 kmers
Used 316.458 GB / 1511.391 GB to store  45610981463 kmers; need 0.695 GB to sort     46608555 kmers
Used 316.585 GB / 1511.391 GB to store  45631560515 kmers; need 0.695 GB to sort     46629491 kmers
Used 316.711 GB / 1511.391 GB to store  45652139567 kmers; need 0.695 GB to sort     46650281 kmers
Used 316.837 GB / 1511.391 GB to store  45672718619 kmers; need 0.695 GB to sort     46671313 kmers
Used 316.964 GB / 1511.391 GB to store  45693297671 kmers; need 0.696 GB to sort     46691644 kmers
Used 317.098 GB / 1511.391 GB to store  45715459727 kmers; need 0.696 GB to sort     46713762 kmers
Used 317.224 GB / 1511.391 GB to store  45736038779 kmers; need 0.696 GB to sort     46735157 kmers
Used 317.351 GB / 1511.391 GB to store  45756617771 kmers; need 0.697 GB to sort     46755938 kmers
Used 317.477 GB / 1511.391 GB to store  45777196823 kmers; need 0.697 GB to sort     46776946 kmers
Used 317.604 GB / 1511.391 GB to store  45797775875 kmers; need 0.697 GB to sort     46798671 kmers
Used 317.730 GB / 1511.391 GB to store  45818354927 kmers; need 0.698 GB to sort     46820182 kmers
Used 317.857 GB / 1511.391 GB to store  45838933979 kmers; need 0.698 GB to sort     46840713 kmers
Used 317.983 GB / 1511.391 GB to store  45859513031 kmers; need 0.698 GB to sort     46861635 kmers
Used 318.110 GB / 1511.391 GB to store  45880092083 kmers; need 0.699 GB to sort     46882250 kmers
Used 318.236 GB / 1511.391 GB to store  45900671135 kmers; need 0.699 GB to sort     46902750 kmers
Used 318.363 GB / 1511.391 GB to store  45921250187 kmers; need 0.699 GB to sort     46924186 kmers
Used 318.490 GB / 1511.391 GB to store  45941829239 kmers; need 0.700 GB to sort     46944945 kmers
Used 318.616 GB / 1511.391 GB to store  45962408291 kmers; need 0.700 GB to sort     46965916 kmers
Used 318.742 GB / 1511.391 GB to store  45982987343 kmers; need 0.700 GB to sort     46986811 kmers
Used 318.869 GB / 1511.391 GB to store  46003566395 kmers; need 0.700 GB to sort     47008242 kmers
Used 318.996 GB / 1511.391 GB to store  46024145447 kmers; need 0.701 GB to sort     47029311 kmers
Used 319.123 GB / 1511.391 GB to store  46044724499 kmers; need 0.701 GB to sort     47050741 kmers
Used 319.250 GB / 1511.391 GB to store  46065303551 kmers; need 0.701 GB to sort     47071531 kmers
Used 319.375 GB / 1511.391 GB to store  46085882603 kmers; need 0.702 GB to sort     47092866 kmers
Used 319.502 GB / 1511.391 GB to store  46106461655 kmers; need 0.702 GB to sort     47113977 kmers
Used 319.628 GB / 1511.391 GB to store  46127040707 kmers; need 0.702 GB to sort     47136052 kmers
Used 319.754 GB / 1511.391 GB to store  46147619759 kmers; need 0.703 GB to sort     47157275 kmers
Used 319.880 GB / 1511.391 GB to store  46168198811 kmers; need 0.703 GB to sort     47179141 kmers
Used 320.005 GB / 1511.391 GB to store  46188777863 kmers; need 0.703 GB to sort     47200123 kmers
Used 320.132 GB / 1511.391 GB to store  46209356915 kmers; need 0.704 GB to sort     47221181 kmers
Used 320.258 GB / 1511.391 GB to store  46229935967 kmers; need 0.704 GB to sort     47243254 kmers
Used 320.385 GB / 1511.391 GB to store  46250515019 kmers; need 0.704 GB to sort     47265363 kmers
Used 320.512 GB / 1511.391 GB to store  46271094071 kmers; need 0.705 GB to sort     47286730 kmers
Used 320.640 GB / 1511.391 GB to store  46291673123 kmers; need 0.705 GB to sort     47307557 kmers
Used 320.766 GB / 1511.391 GB to store  46312252175 kmers; need 0.705 GB to sort     47329269 kmers
Used 320.892 GB / 1511.391 GB to store  46332831227 kmers; need 0.706 GB to sort     47350624 kmers
Used 321.017 GB / 1511.391 GB to store  46353410279 kmers; need 0.706 GB to sort     47372454 kmers
Used 321.143 GB / 1511.391 GB to store  46373989331 kmers; need 0.706 GB to sort     47394522 kmers
Used 321.271 GB / 1511.391 GB to store  46394568383 kmers; need 0.707 GB to sort     47416657 kmers
Used 321.397 GB / 1511.391 GB to store  46415147435 kmers; need 0.707 GB to sort     47437509 kmers
Used 321.524 GB / 1511.391 GB to store  46435726485 kmers; need 0.707 GB to sort     47458604 kmers
Used 321.651 GB / 1511.391 GB to store  46456305537 kmers; need 0.708 GB to sort     47481146 kmers
Used 321.777 GB / 1511.391 GB to store  46476884589 kmers; need 0.708 GB to sort     47502461 kmers
Used 321.903 GB / 1511.391 GB to store  46497463607 kmers; need 0.708 GB to sort     47524315 kmers
Used 322.029 GB / 1511.391 GB to store  46518042659 kmers; need 0.708 GB to sort     47545833 kmers
Used 322.157 GB / 1511.391 GB to store  46538621711 kmers; need 0.709 GB to sort     47567863 kmers
Used 322.284 GB / 1511.391 GB to store  46559200763 kmers; need 0.709 GB to sort     47589540 kmers
Used 322.411 GB / 1511.391 GB to store  46579779815 kmers; need 0.709 GB to sort     47611466 kmers
Used 322.538 GB / 1511.391 GB to store  46600358867 kmers; need 0.710 GB to sort     47633616 kmers
Used 322.663 GB / 1511.391 GB to store  46620937919 kmers; need 0.710 GB to sort     47655586 kmers
Used 322.790 GB / 1511.391 GB to store  46641516943 kmers; need 0.710 GB to sort     47678064 kmers
Used 322.916 GB / 1511.391 GB to store  46662095995 kmers; need 0.711 GB to sort     47699515 kmers
Used 323.043 GB / 1511.391 GB to store  46682675009 kmers; need 0.711 GB to sort     47721605 kmers
Used 323.171 GB / 1511.391 GB to store  46703254061 kmers; need 0.711 GB to sort     47743486 kmers
Used 323.298 GB / 1511.391 GB to store  46723833113 kmers; need 0.712 GB to sort     47765191 kmers
Used 323.425 GB / 1511.391 GB to store  46744412165 kmers; need 0.712 GB to sort     47786921 kmers
Used 323.552 GB / 1511.391 GB to store  46764991217 kmers; need 0.712 GB to sort     47809149 kmers
Used 323.678 GB / 1511.391 GB to store  46785570107 kmers; need 0.713 GB to sort     47831134 kmers
Used 323.804 GB / 1511.391 GB to store  46806149159 kmers; need 0.713 GB to sort     47854006 kmers
Used 323.930 GB / 1511.391 GB to store  46826728211 kmers; need 0.713 GB to sort     47876270 kmers
Used 324.057 GB / 1511.391 GB to store  46847307263 kmers; need 0.714 GB to sort     47896243 kmers
Used 324.184 GB / 1511.391 GB to store  46867886315 kmers; need 0.714 GB to sort     47916272 kmers
Used 324.310 GB / 1511.391 GB to store  46888465367 kmers; need 0.714 GB to sort     47936824 kmers
Used 324.436 GB / 1511.391 GB to store  46909044419 kmers; need 0.715 GB to sort     47957505 kmers
Used 324.563 GB / 1511.391 GB to store  46929623471 kmers; need 0.715 GB to sort     47977053 kmers
Used 324.688 GB / 1511.391 GB to store  46950202523 kmers; need 0.715 GB to sort     47997893 kmers
Used 324.815 GB / 1511.391 GB to store  46970781575 kmers; need 0.716 GB to sort     48019129 kmers
Used 324.943 GB / 1511.391 GB to store  46991360627 kmers; need 0.716 GB to sort     48040942 kmers
Used 325.068 GB / 1511.391 GB to store  47011939679 kmers; need 0.716 GB to sort     48062421 kmers
Used 325.196 GB / 1511.391 GB to store  47032518731 kmers; need 0.717 GB to sort     48083778 kmers
Used 325.322 GB / 1511.391 GB to store  47053097783 kmers; need 0.717 GB to sort     48104406 kmers
Used 325.448 GB / 1511.391 GB to store  47073676835 kmers; need 0.717 GB to sort     48125391 kmers
Used 325.576 GB / 1511.391 GB to store  47094255887 kmers; need 0.717 GB to sort     48146513 kmers
Used 325.702 GB / 1511.391 GB to store  47114834939 kmers; need 0.718 GB to sort     48167455 kmers
Used 325.829 GB / 1511.391 GB to store  47135413991 kmers; need 0.718 GB to sort     48187953 kmers
Used 325.955 GB / 1511.391 GB to store  47155993010 kmers; need 0.718 GB to sort     48209055 kmers
Used 326.083 GB / 1511.391 GB to store  47176572062 kmers; need 0.719 GB to sort     48229318 kmers
Used 326.209 GB / 1511.391 GB to store  47197151114 kmers; need 0.719 GB to sort     48250801 kmers
Used 326.335 GB / 1511.391 GB to store  47217730166 kmers; need 0.719 GB to sort     48271701 kmers
Used 326.460 GB / 1511.391 GB to store  47238309218 kmers; need 0.720 GB to sort     48292331 kmers
Used 326.587 GB / 1511.391 GB to store  47258888261 kmers; need 0.720 GB to sort     48313252 kmers
Used 326.713 GB / 1511.391 GB to store  47279467313 kmers; need 0.720 GB to sort     48335129 kmers
Used 326.839 GB / 1511.391 GB to store  47300046365 kmers; need 0.721 GB to sort     48356406 kmers
Used 326.966 GB / 1511.391 GB to store  47320625417 kmers; need 0.721 GB to sort     48377428 kmers
Used 327.092 GB / 1511.391 GB to store  47341204469 kmers; need 0.721 GB to sort     48398365 kmers
Used 327.218 GB / 1511.391 GB to store  47361783521 kmers; need 0.722 GB to sort     48419139 kmers
Used 327.345 GB / 1511.391 GB to store  47382362573 kmers; need 0.722 GB to sort     48440371 kmers
Used 327.471 GB / 1511.391 GB to store  47402941625 kmers; need 0.722 GB to sort     48461506 kmers
Used 327.599 GB / 1511.391 GB to store  47423520677 kmers; need 0.722 GB to sort     48483965 kmers
Used 327.726 GB / 1511.391 GB to store  47444099696 kmers; need 0.723 GB to sort     48505330 kmers
Used 327.853 GB / 1511.391 GB to store  47464678748 kmers; need 0.723 GB to sort     48526321 kmers
Used 327.979 GB / 1511.391 GB to store  47485257800 kmers; need 0.723 GB to sort     48547507 kmers
Used 328.106 GB / 1511.391 GB to store  47505836852 kmers; need 0.724 GB to sort     48569045 kmers
Used 328.232 GB / 1511.391 GB to store  47526415898 kmers; need 0.724 GB to sort     48590744 kmers
Used 328.358 GB / 1511.391 GB to store  47546994935 kmers; need 0.724 GB to sort     48611212 kmers
Used 328.485 GB / 1511.391 GB to store  47567573987 kmers; need 0.725 GB to sort     48632996 kmers
Used 328.612 GB / 1511.391 GB to store  47588153039 kmers; need 0.725 GB to sort     48653738 kmers
Used 328.738 GB / 1511.391 GB to store  47608732091 kmers; need 0.725 GB to sort     48675156 kmers
Used 328.865 GB / 1511.391 GB to store  47629311101 kmers; need 0.726 GB to sort     48696271 kmers
Used 328.990 GB / 1511.391 GB to store  47649890153 kmers; need 0.726 GB to sort     48717779 kmers
Used 329.116 GB / 1511.391 GB to store  47670469205 kmers; need 0.726 GB to sort     48739523 kmers
Used 329.242 GB / 1511.391 GB to store  47691048257 kmers; need 0.727 GB to sort     48761067 kmers
Used 329.370 GB / 1511.391 GB to store  47711627309 kmers; need 0.727 GB to sort     48782344 kmers
Used 329.496 GB / 1511.391 GB to store  47732206346 kmers; need 0.727 GB to sort     48804047 kmers
Used 329.622 GB / 1511.391 GB to store  47752785398 kmers; need 0.728 GB to sort     48825168 kmers
Used 329.749 GB / 1511.391 GB to store  47773364450 kmers; need 0.728 GB to sort     48845587 kmers
Used 329.876 GB / 1511.391 GB to store  47793943502 kmers; need 0.728 GB to sort     48866553 kmers
Used 330.002 GB / 1511.391 GB to store  47814522554 kmers; need 0.728 GB to sort     48887679 kmers
Used 330.129 GB / 1511.391 GB to store  47835101477 kmers; need 0.729 GB to sort     48909059 kmers
Used 330.256 GB / 1511.391 GB to store  47855680529 kmers; need 0.729 GB to sort     48931140 kmers
Used 330.382 GB / 1511.391 GB to store  47876259581 kmers; need 0.729 GB to sort     48952364 kmers
Used 330.509 GB / 1511.391 GB to store  47896838633 kmers; need 0.730 GB to sort     48973718 kmers
Used 330.636 GB / 1511.391 GB to store  47917417550 kmers; need 0.730 GB to sort     48995354 kmers
Used 330.762 GB / 1511.391 GB to store  47937996602 kmers; need 0.730 GB to sort     49016022 kmers
Used 330.889 GB / 1511.391 GB to store  47958575654 kmers; need 0.731 GB to sort     49037898 kmers
Used 331.014 GB / 1511.391 GB to store  47979154706 kmers; need 0.731 GB to sort     49059474 kmers
Used 331.142 GB / 1511.391 GB to store  47999733758 kmers; need 0.731 GB to sort     49080289 kmers
Used 331.268 GB / 1511.391 GB to store  48020312810 kmers; need 0.732 GB to sort     49101427 kmers
Used 331.395 GB / 1511.391 GB to store  48040891862 kmers; need 0.732 GB to sort     49123187 kmers
Used 331.522 GB / 1511.391 GB to store  48061470914 kmers; need 0.732 GB to sort     49144221 kmers
Used 331.648 GB / 1511.391 GB to store  48082049966 kmers; need 0.733 GB to sort     49165329 kmers
Used 331.774 GB / 1511.391 GB to store  48102629018 kmers; need 0.733 GB to sort     49186661 kmers
Used 331.901 GB / 1511.391 GB to store  48123208067 kmers; need 0.733 GB to sort     49208264 kmers
Used 332.027 GB / 1511.391 GB to store  48143787119 kmers; need 0.734 GB to sort     49230546 kmers
Used 332.154 GB / 1511.391 GB to store  48164366171 kmers; need 0.734 GB to sort     49251391 kmers
Used 332.281 GB / 1511.391 GB to store  48184945223 kmers; need 0.734 GB to sort     49273082 kmers
Used 332.408 GB / 1511.391 GB to store  48205524275 kmers; need 0.735 GB to sort     49294816 kmers
Used 332.534 GB / 1511.391 GB to store  48226103327 kmers; need 0.735 GB to sort     49316520 kmers
Used 332.660 GB / 1511.391 GB to store  48246682379 kmers; need 0.735 GB to sort     49337935 kmers
Used 332.788 GB / 1511.391 GB to store  48267261431 kmers; need 0.736 GB to sort     49360132 kmers
Used 332.914 GB / 1511.391 GB to store  48287840483 kmers; need 0.736 GB to sort     49382398 kmers
Used 333.041 GB / 1511.391 GB to store  48308419515 kmers; need 0.736 GB to sort     49404158 kmers
Used 333.166 GB / 1511.391 GB to store  48328998567 kmers; need 0.737 GB to sort     49425805 kmers
Used 333.293 GB / 1511.391 GB to store  48349577619 kmers; need 0.737 GB to sort     49447810 kmers
Used 333.419 GB / 1511.391 GB to store  48370156671 kmers; need 0.737 GB to sort     49469261 kmers
Used 333.545 GB / 1511.391 GB to store  48390735723 kmers; need 0.737 GB to sort     49490963 kmers
Used 333.671 GB / 1511.391 GB to store  48411314757 kmers; need 0.738 GB to sort     49512362 kmers
Used 333.796 GB / 1511.391 GB to store  48431893809 kmers; need 0.738 GB to sort     49534282 kmers
Used 333.931 GB / 1511.391 GB to store  48454055865 kmers; need 0.738 GB to sort     49557797 kmers
Used 334.057 GB / 1511.391 GB to store  48474634917 kmers; need 0.739 GB to sort     49579794 kmers
Used 334.184 GB / 1511.391 GB to store  48495213969 kmers; need 0.739 GB to sort     49602057 kmers
Used 334.311 GB / 1511.391 GB to store  48515793002 kmers; need 0.739 GB to sort     49623921 kmers
Used 334.437 GB / 1511.391 GB to store  48536372054 kmers; need 0.740 GB to sort     49645781 kmers
Used 334.564 GB / 1511.391 GB to store  48556951106 kmers; need 0.740 GB to sort     49667315 kmers
Used 334.692 GB / 1511.391 GB to store  48577530158 kmers; need 0.740 GB to sort     49689162 kmers
Used 334.819 GB / 1511.391 GB to store  48598109210 kmers; need 0.741 GB to sort     49711622 kmers
Used 334.946 GB / 1511.391 GB to store  48618688178 kmers; need 0.741 GB to sort     49733206 kmers
Used 335.073 GB / 1511.391 GB to store  48639267230 kmers; need 0.741 GB to sort     49755324 kmers
Used 335.199 GB / 1511.391 GB to store  48659846282 kmers; need 0.742 GB to sort     49777164 kmers
Used 335.327 GB / 1511.391 GB to store  48680425334 kmers; need 0.742 GB to sort     49798867 kmers
Used 335.452 GB / 1511.391 GB to store  48701004240 kmers; need 0.742 GB to sort     49821156 kmers
Used 335.579 GB / 1511.391 GB to store  48721583288 kmers; need 0.743 GB to sort     49843344 kmers
Used 335.705 GB / 1511.391 GB to store  48742162340 kmers; need 0.743 GB to sort     49865832 kmers
Used 335.832 GB / 1511.391 GB to store  48762741392 kmers; need 0.743 GB to sort     49888118 kmers
Used 335.959 GB / 1511.391 GB to store  48783320444 kmers; need 0.744 GB to sort     49910013 kmers
Used 336.086 GB / 1511.391 GB to store  48803899434 kmers; need 0.744 GB to sort     49931792 kmers
Used 336.213 GB / 1511.391 GB to store  48824478486 kmers; need 0.744 GB to sort     49954186 kmers
Used 336.339 GB / 1511.391 GB to store  48845057538 kmers; need 0.745 GB to sort     49976561 kmers
Used 336.465 GB / 1511.391 GB to store  48865636590 kmers; need 0.745 GB to sort     49996277 kmers
Used 336.591 GB / 1511.391 GB to store  48886215642 kmers; need 0.745 GB to sort     50015827 kmers
Used 336.720 GB / 1511.391 GB to store  48906794694 kmers; need 0.746 GB to sort     50037566 kmers
Used 336.847 GB / 1511.391 GB to store  48927373746 kmers; need 0.746 GB to sort     50057676 kmers
Used 336.973 GB / 1511.391 GB to store  48947952798 kmers; need 0.746 GB to sort     50078989 kmers
Used 337.099 GB / 1511.391 GB to store  48968531850 kmers; need 0.747 GB to sort     50099557 kmers
Used 337.225 GB / 1511.391 GB to store  48989110902 kmers; need 0.747 GB to sort     50119810 kmers
Used 337.352 GB / 1511.391 GB to store  49009689954 kmers; need 0.747 GB to sort     50140932 kmers
Used 337.479 GB / 1511.391 GB to store  49030269006 kmers; need 0.747 GB to sort     50162002 kmers
Used 337.606 GB / 1511.391 GB to store  49050848058 kmers; need 0.748 GB to sort     50183303 kmers
Used 337.733 GB / 1511.391 GB to store  49071427110 kmers; need 0.748 GB to sort     50204151 kmers
Used 337.859 GB / 1511.391 GB to store  49092006162 kmers; need 0.748 GB to sort     50224674 kmers
Used 337.985 GB / 1511.391 GB to store  49112585214 kmers; need 0.749 GB to sort     50246080 kmers
Used 338.112 GB / 1511.391 GB to store  49133164248 kmers; need 0.749 GB to sort     50267494 kmers
Used 338.238 GB / 1511.391 GB to store  49153743300 kmers; need 0.749 GB to sort     50288518 kmers
Used 338.364 GB / 1511.391 GB to store  49174322352 kmers; need 0.750 GB to sort     50309241 kmers
Used 338.490 GB / 1511.391 GB to store  49194901404 kmers; need 0.750 GB to sort     50330070 kmers
Used 338.617 GB / 1511.391 GB to store  49215480456 kmers; need 0.750 GB to sort     50351018 kmers
Used 338.744 GB / 1511.391 GB to store  49236059508 kmers; need 0.751 GB to sort     50371483 kmers
Used 338.871 GB / 1511.391 GB to store  49256638560 kmers; need 0.751 GB to sort     50392906 kmers
Used 338.996 GB / 1511.391 GB to store  49277217612 kmers; need 0.751 GB to sort     50413987 kmers
Used 339.123 GB / 1511.391 GB to store  49297796664 kmers; need 0.752 GB to sort     50434598 kmers
Used 339.249 GB / 1511.391 GB to store  49318375716 kmers; need 0.752 GB to sort     50456050 kmers
Used 339.376 GB / 1511.391 GB to store  49338954768 kmers; need 0.752 GB to sort     50477027 kmers
Used 339.503 GB / 1511.391 GB to store  49359533820 kmers; need 0.752 GB to sort     50497878 kmers
Used 339.629 GB / 1511.391 GB to store  49380112872 kmers; need 0.753 GB to sort     50519583 kmers
Used 339.755 GB / 1511.391 GB to store  49400691924 kmers; need 0.753 GB to sort     50540712 kmers
Used 339.883 GB / 1511.391 GB to store  49421270976 kmers; need 0.753 GB to sort     50561277 kmers
Used 340.010 GB / 1511.391 GB to store  49441850028 kmers; need 0.754 GB to sort     50582163 kmers
Used 340.138 GB / 1511.391 GB to store  49462429080 kmers; need 0.754 GB to sort     50603526 kmers
Used 340.264 GB / 1511.391 GB to store  49483008132 kmers; need 0.754 GB to sort     50625600 kmers
Used 340.390 GB / 1511.391 GB to store  49503587184 kmers; need 0.755 GB to sort     50646246 kmers
Used 340.516 GB / 1511.391 GB to store  49524166236 kmers; need 0.755 GB to sort     50667627 kmers
Used 340.643 GB / 1511.391 GB to store  49544745288 kmers; need 0.755 GB to sort     50688442 kmers
Used 340.769 GB / 1511.391 GB to store  49565324310 kmers; need 0.756 GB to sort     50709671 kmers
Used 340.896 GB / 1511.391 GB to store  49585903362 kmers; need 0.756 GB to sort     50730615 kmers
Used 341.022 GB / 1511.391 GB to store  49606482414 kmers; need 0.756 GB to sort     50752090 kmers
Used 341.149 GB / 1511.391 GB to store  49627061466 kmers; need 0.757 GB to sort     50773588 kmers
Used 341.274 GB / 1511.391 GB to store  49647640518 kmers; need 0.757 GB to sort     50793679 kmers
Used 341.401 GB / 1511.391 GB to store  49668219570 kmers; need 0.757 GB to sort     50815111 kmers
Used 341.526 GB / 1511.391 GB to store  49688798622 kmers; need 0.758 GB to sort     50836935 kmers
Used 341.653 GB / 1511.391 GB to store  49709377674 kmers; need 0.758 GB to sort     50858358 kmers
Used 341.781 GB / 1511.391 GB to store  49729956726 kmers; need 0.758 GB to sort     50879917 kmers
Used 341.908 GB / 1511.391 GB to store  49750535715 kmers; need 0.758 GB to sort     50900457 kmers
Used 342.033 GB / 1511.391 GB to store  49771114767 kmers; need 0.759 GB to sort     50921689 kmers
Used 342.161 GB / 1511.391 GB to store  49791693819 kmers; need 0.759 GB to sort     50943040 kmers
Used 342.288 GB / 1511.391 GB to store  49812272871 kmers; need 0.759 GB to sort     50964620 kmers
Used 342.415 GB / 1511.391 GB to store  49832851923 kmers; need 0.760 GB to sort     50985909 kmers
Used 342.541 GB / 1511.391 GB to store  49853430975 kmers; need 0.760 GB to sort     51007522 kmers
Used 342.668 GB / 1511.391 GB to store  49874010027 kmers; need 0.760 GB to sort     51029438 kmers
Used 342.793 GB / 1511.391 GB to store  49894589079 kmers; need 0.761 GB to sort     51050895 kmers
Used 342.920 GB / 1511.391 GB to store  49915168131 kmers; need 0.761 GB to sort     51071650 kmers
Used 343.046 GB / 1511.391 GB to store  49935747183 kmers; need 0.761 GB to sort     51092538 kmers
Used 343.173 GB / 1511.391 GB to store  49956326235 kmers; need 0.762 GB to sort     51114489 kmers
Used 343.299 GB / 1511.391 GB to store  49976905287 kmers; need 0.762 GB to sort     51136445 kmers
Used 343.426 GB / 1511.391 GB to store  49997484339 kmers; need 0.762 GB to sort     51157810 kmers
Used 343.553 GB / 1511.391 GB to store  50018063391 kmers; need 0.763 GB to sort     51179540 kmers
Used 343.679 GB / 1511.391 GB to store  50038642443 kmers; need 0.763 GB to sort     51200544 kmers
Used 343.806 GB / 1511.391 GB to store  50059221495 kmers; need 0.763 GB to sort     51223048 kmers
Used 343.932 GB / 1511.391 GB to store  50079800547 kmers; need 0.764 GB to sort     51244927 kmers
Used 344.060 GB / 1511.391 GB to store  50100379548 kmers; need 0.764 GB to sort     51266659 kmers
Used 344.186 GB / 1511.391 GB to store  50120958600 kmers; need 0.764 GB to sort     51288061 kmers
Used 344.313 GB / 1511.391 GB to store  50141537652 kmers; need 0.765 GB to sort     51309479 kmers
Used 344.440 GB / 1511.391 GB to store  50162116704 kmers; need 0.765 GB to sort     51330977 kmers
Used 344.567 GB / 1511.391 GB to store  50182695756 kmers; need 0.765 GB to sort     51352527 kmers
Used 344.694 GB / 1511.391 GB to store  50203274808 kmers; need 0.766 GB to sort     51374900 kmers
Used 344.820 GB / 1511.391 GB to store  50223853860 kmers; need 0.766 GB to sort     51396212 kmers
Used 344.947 GB / 1511.391 GB to store  50244432912 kmers; need 0.766 GB to sort     51417922 kmers
Used 345.074 GB / 1511.391 GB to store  50265011964 kmers; need 0.767 GB to sort     51439793 kmers
Used 345.201 GB / 1511.391 GB to store  50285590974 kmers; need 0.767 GB to sort     51461949 kmers
Used 345.327 GB / 1511.391 GB to store  50306170026 kmers; need 0.767 GB to sort     51483560 kmers
Used 345.452 GB / 1511.391 GB to store  50326749078 kmers; need 0.767 GB to sort     51505888 kmers
Used 345.578 GB / 1511.391 GB to store  50347328130 kmers; need 0.768 GB to sort     51528333 kmers
Used 345.705 GB / 1511.391 GB to store  50367907182 kmers; need 0.768 GB to sort     51550925 kmers
Used 345.831 GB / 1511.391 GB to store  50388486170 kmers; need 0.768 GB to sort     51572795 kmers
Used 345.959 GB / 1511.391 GB to store  50409065222 kmers; need 0.769 GB to sort     51594631 kmers
Used 346.085 GB / 1511.391 GB to store  50429644274 kmers; need 0.769 GB to sort     51616450 kmers
Used 346.211 GB / 1511.391 GB to store  50450223326 kmers; need 0.769 GB to sort     51638384 kmers
Used 346.337 GB / 1511.391 GB to store  50470802378 kmers; need 0.770 GB to sort     51660788 kmers
Used 346.463 GB / 1511.391 GB to store  50491381410 kmers; need 0.770 GB to sort     51682648 kmers
Used 346.589 GB / 1511.391 GB to store  50511960462 kmers; need 0.770 GB to sort     51704840 kmers
Used 346.715 GB / 1511.391 GB to store  50532539514 kmers; need 0.771 GB to sort     51726753 kmers
Used 346.842 GB / 1511.391 GB to store  50553118566 kmers; need 0.771 GB to sort     51748312 kmers
Used 346.969 GB / 1511.391 GB to store  50573697618 kmers; need 0.771 GB to sort     51770203 kmers
Used 347.095 GB / 1511.391 GB to store  50594276670 kmers; need 0.772 GB to sort     51791952 kmers
Used 347.222 GB / 1511.391 GB to store  50614855722 kmers; need 0.772 GB to sort     51814515 kmers
Used 347.348 GB / 1511.391 GB to store  50635434774 kmers; need 0.772 GB to sort     51835759 kmers
Used 347.474 GB / 1511.391 GB to store  50656013826 kmers; need 0.773 GB to sort     51856779 kmers
Used 347.600 GB / 1511.391 GB to store  50676592814 kmers; need 0.773 GB to sort     51878727 kmers
Used 347.728 GB / 1511.391 GB to store  50697171748 kmers; need 0.773 GB to sort     51900885 kmers
Used 347.855 GB / 1511.391 GB to store  50717750800 kmers; need 0.774 GB to sort     51923772 kmers
Used 347.981 GB / 1511.391 GB to store  50738329852 kmers; need 0.774 GB to sort     51945515 kmers
Used 348.107 GB / 1511.391 GB to store  50758908904 kmers; need 0.774 GB to sort     51967165 kmers
Used 348.234 GB / 1511.391 GB to store  50779487956 kmers; need 0.775 GB to sort     51989411 kmers
Used 348.361 GB / 1511.391 GB to store  50800067008 kmers; need 0.775 GB to sort     52009734 kmers
Used 348.487 GB / 1511.391 GB to store  50820646060 kmers; need 0.775 GB to sort     52030555 kmers
Used 348.614 GB / 1511.391 GB to store  50841225112 kmers; need 0.776 GB to sort     52050961 kmers
Used 348.741 GB / 1511.391 GB to store  50861804164 kmers; need 0.776 GB to sort     52071358 kmers
Used 348.868 GB / 1511.391 GB to store  50882383192 kmers; need 0.776 GB to sort     52092084 kmers
Used 348.995 GB / 1511.391 GB to store  50902962244 kmers; need 0.777 GB to sort     52112690 kmers
Used 349.120 GB / 1511.391 GB to store  50923541293 kmers; need 0.777 GB to sort     52133272 kmers
Used 349.247 GB / 1511.391 GB to store  50944120345 kmers; need 0.777 GB to sort     52154733 kmers
Used 349.373 GB / 1511.391 GB to store  50964699397 kmers; need 0.777 GB to sort     52175388 kmers
Used 349.501 GB / 1511.391 GB to store  50985278449 kmers; need 0.778 GB to sort     52195399 kmers
Used 349.628 GB / 1511.391 GB to store  51005857456 kmers; need 0.778 GB to sort     52216001 kmers
Used 349.755 GB / 1511.391 GB to store  51026436508 kmers; need 0.778 GB to sort     52236596 kmers
Used 349.882 GB / 1511.391 GB to store  51047015560 kmers; need 0.779 GB to sort     52257161 kmers
Used 350.009 GB / 1511.391 GB to store  51067594612 kmers; need 0.779 GB to sort     52278451 kmers
Used 350.136 GB / 1511.391 GB to store  51088173664 kmers; need 0.779 GB to sort     52299020 kmers
Used 350.263 GB / 1511.391 GB to store  51108752572 kmers; need 0.780 GB to sort     52319000 kmers
Used 350.389 GB / 1511.391 GB to store  51129331624 kmers; need 0.780 GB to sort     52340269 kmers
Used 350.516 GB / 1511.391 GB to store  51149910676 kmers; need 0.780 GB to sort     52360778 kmers
Used 350.642 GB / 1511.391 GB to store  51170489728 kmers; need 0.781 GB to sort     52382008 kmers
Used 350.768 GB / 1511.391 GB to store  51191068780 kmers; need 0.781 GB to sort     52403365 kmers
Used 350.895 GB / 1511.391 GB to store  51211647832 kmers; need 0.781 GB to sort     52424977 kmers
Used 351.022 GB / 1511.391 GB to store  51232226884 kmers; need 0.782 GB to sort     52446509 kmers
Used 351.149 GB / 1511.391 GB to store  51252805888 kmers; need 0.782 GB to sort     52467777 kmers
Used 351.274 GB / 1511.391 GB to store  51273384940 kmers; need 0.782 GB to sort     52488733 kmers
Used 351.400 GB / 1511.391 GB to store  51293963992 kmers; need 0.782 GB to sort     52509947 kmers
Used 351.526 GB / 1511.391 GB to store  51314543044 kmers; need 0.783 GB to sort     52531266 kmers
Used 351.653 GB / 1511.391 GB to store  51335122081 kmers; need 0.783 GB to sort     52552485 kmers
Used 351.779 GB / 1511.391 GB to store  51355701127 kmers; need 0.783 GB to sort     52573750 kmers
Used 351.906 GB / 1511.391 GB to store  51376280179 kmers; need 0.784 GB to sort     52595030 kmers
Used 352.032 GB / 1511.391 GB to store  51396859231 kmers; need 0.784 GB to sort     52616046 kmers
Used 352.158 GB / 1511.391 GB to store  51417438283 kmers; need 0.784 GB to sort     52637172 kmers
Used 352.285 GB / 1511.391 GB to store  51438017335 kmers; need 0.785 GB to sort     52657671 kmers
Used 352.413 GB / 1511.391 GB to store  51458596387 kmers; need 0.785 GB to sort     52678591 kmers
Used 352.540 GB / 1511.391 GB to store  51479175439 kmers; need 0.785 GB to sort     52700245 kmers
Used 352.666 GB / 1511.391 GB to store  51499754491 kmers; need 0.786 GB to sort     52721438 kmers
Used 352.792 GB / 1511.391 GB to store  51520333543 kmers; need 0.786 GB to sort     52742562 kmers
Used 352.918 GB / 1511.391 GB to store  51540912595 kmers; need 0.786 GB to sort     52763758 kmers
Used 353.044 GB / 1511.391 GB to store  51561491647 kmers; need 0.787 GB to sort     52784486 kmers
Used 353.170 GB / 1511.391 GB to store  51582070699 kmers; need 0.787 GB to sort     52806367 kmers
Used 353.298 GB / 1511.391 GB to store  51602649751 kmers; need 0.787 GB to sort     52827764 kmers
Used 353.426 GB / 1511.391 GB to store  51623228803 kmers; need 0.788 GB to sort     52849570 kmers
Used 353.552 GB / 1511.391 GB to store  51643807855 kmers; need 0.788 GB to sort     52871028 kmers
Used 353.679 GB / 1511.391 GB to store  51664386907 kmers; need 0.788 GB to sort     52891999 kmers
Used 353.805 GB / 1511.391 GB to store  51684965943 kmers; need 0.788 GB to sort     52913029 kmers
Used 353.932 GB / 1511.391 GB to store  51705544995 kmers; need 0.789 GB to sort     52934936 kmers
Used 354.059 GB / 1511.391 GB to store  51726123966 kmers; need 0.789 GB to sort     52956603 kmers
Used 354.185 GB / 1511.391 GB to store  51746703018 kmers; need 0.789 GB to sort     52978348 kmers
Used 354.311 GB / 1511.391 GB to store  51767282070 kmers; need 0.790 GB to sort     52999183 kmers
Used 354.438 GB / 1511.391 GB to store  51787861119 kmers; need 0.790 GB to sort     53020824 kmers
Used 354.565 GB / 1511.391 GB to store  51808440171 kmers; need 0.790 GB to sort     53042394 kmers
Used 354.693 GB / 1511.391 GB to store  51829019223 kmers; need 0.791 GB to sort     53063509 kmers
Used 354.819 GB / 1511.391 GB to store  51849598275 kmers; need 0.791 GB to sort     53083964 kmers
Used 354.945 GB / 1511.391 GB to store  51870177277 kmers; need 0.791 GB to sort     53106133 kmers
Used 355.079 GB / 1511.391 GB to store  51892339317 kmers; need 0.792 GB to sort     53129264 kmers
Used 355.206 GB / 1511.391 GB to store  51912918369 kmers; need 0.792 GB to sort     53151073 kmers
Used 355.333 GB / 1511.391 GB to store  51933497421 kmers; need 0.792 GB to sort     53172879 kmers
Used 355.459 GB / 1511.391 GB to store  51954076473 kmers; need 0.793 GB to sort     53194125 kmers
Used 355.586 GB / 1511.391 GB to store  51974655503 kmers; need 0.793 GB to sort     53216236 kmers
Used 355.712 GB / 1511.391 GB to store  51995234555 kmers; need 0.793 GB to sort     53238421 kmers
Used 355.840 GB / 1511.391 GB to store  52015813607 kmers; need 0.794 GB to sort     53259946 kmers
Used 355.968 GB / 1511.391 GB to store  52036392659 kmers; need 0.794 GB to sort     53281313 kmers
Used 356.096 GB / 1511.391 GB to store  52056971711 kmers; need 0.794 GB to sort     53303379 kmers
Used 356.222 GB / 1511.391 GB to store  52077550742 kmers; need 0.795 GB to sort     53324916 kmers
Used 356.347 GB / 1511.391 GB to store  52098129794 kmers; need 0.795 GB to sort     53346676 kmers
Used 356.474 GB / 1511.391 GB to store  52118708846 kmers; need 0.795 GB to sort     53369252 kmers
Used 356.599 GB / 1511.391 GB to store  52139287898 kmers; need 0.796 GB to sort     53391267 kmers
Used 356.726 GB / 1511.391 GB to store  52159866950 kmers; need 0.796 GB to sort     53413111 kmers
Used 356.852 GB / 1511.391 GB to store  52180446002 kmers; need 0.796 GB to sort     53435702 kmers
Used 356.978 GB / 1511.391 GB to store  52201025054 kmers; need 0.797 GB to sort     53457872 kmers
Used 357.105 GB / 1511.391 GB to store  52221604106 kmers; need 0.797 GB to sort     53480504 kmers
Used 357.232 GB / 1511.391 GB to store  52242183158 kmers; need 0.797 GB to sort     53501801 kmers
Used 357.358 GB / 1511.391 GB to store  52262762210 kmers; need 0.798 GB to sort     53523440 kmers
Used 357.486 GB / 1511.391 GB to store  52283341262 kmers; need 0.798 GB to sort     53545498 kmers
Used 357.612 GB / 1511.391 GB to store  52303920314 kmers; need 0.798 GB to sort     53568620 kmers
Used 357.738 GB / 1511.391 GB to store  52324499366 kmers; need 0.799 GB to sort     53590756 kmers
Used 357.864 GB / 1511.391 GB to store  52345078418 kmers; need 0.799 GB to sort     53612107 kmers
Used 357.990 GB / 1511.391 GB to store  52365657268 kmers; need 0.799 GB to sort     53634355 kmers
Used 358.118 GB / 1511.391 GB to store  52386236320 kmers; need 0.800 GB to sort     53656714 kmers
Used 358.246 GB / 1511.391 GB to store  52406815372 kmers; need 0.800 GB to sort     53678162 kmers
Used 358.372 GB / 1511.391 GB to store  52427394424 kmers; need 0.800 GB to sort     53700335 kmers
Used 358.499 GB / 1511.391 GB to store  52447973476 kmers; need 0.801 GB to sort     53722233 kmers
Used 358.626 GB / 1511.391 GB to store  52468552528 kmers; need 0.801 GB to sort     53743071 kmers
Used 358.754 GB / 1511.391 GB to store  52489131580 kmers; need 0.801 GB to sort     53762955 kmers
Used 358.880 GB / 1511.391 GB to store  52509710632 kmers; need 0.801 GB to sort     53782766 kmers
Used 359.007 GB / 1511.391 GB to store  52530289684 kmers; need 0.802 GB to sort     53803561 kmers
Used 359.134 GB / 1511.391 GB to store  52550868736 kmers; need 0.802 GB to sort     53824267 kmers
Used 359.260 GB / 1511.391 GB to store  52571447788 kmers; need 0.802 GB to sort     53844526 kmers
Used 359.387 GB / 1511.391 GB to store  52592026840 kmers; need 0.803 GB to sort     53865631 kmers
Used 359.513 GB / 1511.391 GB to store  52612605892 kmers; need 0.803 GB to sort     53885856 kmers
Used 359.640 GB / 1511.391 GB to store  52633184944 kmers; need 0.803 GB to sort     53906788 kmers
Used 359.767 GB / 1511.391 GB to store  52653763940 kmers; need 0.804 GB to sort     53929215 kmers
Used 359.894 GB / 1511.391 GB to store  52674342992 kmers; need 0.804 GB to sort     53951381 kmers
Used 360.021 GB / 1511.391 GB to store  52694922044 kmers; need 0.804 GB to sort     53972304 kmers
Used 360.147 GB / 1511.391 GB to store  52715501096 kmers; need 0.805 GB to sort     53993484 kmers
Used 360.274 GB / 1511.391 GB to store  52736080148 kmers; need 0.805 GB to sort     54014163 kmers
Used 360.400 GB / 1511.391 GB to store  52756659200 kmers; need 0.805 GB to sort     54034968 kmers
Used 360.528 GB / 1511.391 GB to store  52777238252 kmers; need 0.806 GB to sort     54056191 kmers
Used 360.654 GB / 1511.391 GB to store  52797817301 kmers; need 0.806 GB to sort     54077056 kmers
Used 360.780 GB / 1511.391 GB to store  52818396353 kmers; need 0.806 GB to sort     54098022 kmers
Used 360.907 GB / 1511.391 GB to store  52838975405 kmers; need 0.806 GB to sort     54119131 kmers
Used 361.033 GB / 1511.391 GB to store  52859554457 kmers; need 0.807 GB to sort     54139652 kmers
Used 361.160 GB / 1511.391 GB to store  52880133509 kmers; need 0.807 GB to sort     54160398 kmers
Used 361.286 GB / 1511.391 GB to store  52900712561 kmers; need 0.807 GB to sort     54180524 kmers
Used 361.414 GB / 1511.391 GB to store  52921291613 kmers; need 0.808 GB to sort     54201615 kmers
Used 361.540 GB / 1511.391 GB to store  52941870665 kmers; need 0.808 GB to sort     54222636 kmers
Used 361.666 GB / 1511.391 GB to store  52962449717 kmers; need 0.808 GB to sort     54243356 kmers
Used 361.794 GB / 1511.391 GB to store  52983028769 kmers; need 0.809 GB to sort     54264664 kmers
Used 361.920 GB / 1511.391 GB to store  53003607821 kmers; need 0.809 GB to sort     54285799 kmers
Used 362.047 GB / 1511.391 GB to store  53024186873 kmers; need 0.809 GB to sort     54307379 kmers
Used 362.174 GB / 1511.391 GB to store  53044765925 kmers; need 0.810 GB to sort     54328628 kmers
Used 362.300 GB / 1511.391 GB to store  53065344842 kmers; need 0.810 GB to sort     54349074 kmers
Used 362.426 GB / 1511.391 GB to store  53085923894 kmers; need 0.810 GB to sort     54370436 kmers
Used 362.553 GB / 1511.391 GB to store  53106502946 kmers; need 0.811 GB to sort     54391836 kmers
Used 362.678 GB / 1511.391 GB to store  53127081998 kmers; need 0.811 GB to sort     54412275 kmers
Used 362.804 GB / 1511.391 GB to store  53147661050 kmers; need 0.811 GB to sort     54431906 kmers
Used 362.931 GB / 1511.391 GB to store  53168240048 kmers; need 0.811 GB to sort     54452677 kmers
Used 363.057 GB / 1511.391 GB to store  53188819100 kmers; need 0.812 GB to sort     54473431 kmers
Used 363.183 GB / 1511.391 GB to store  53209398152 kmers; need 0.812 GB to sort     54493584 kmers
Used 363.309 GB / 1511.391 GB to store  53229977204 kmers; need 0.812 GB to sort     54514766 kmers
Used 363.435 GB / 1511.391 GB to store  53250556256 kmers; need 0.813 GB to sort     54535675 kmers
Used 363.562 GB / 1511.391 GB to store  53271135308 kmers; need 0.813 GB to sort     54556386 kmers
Used 363.689 GB / 1511.391 GB to store  53291714360 kmers; need 0.813 GB to sort     54576878 kmers
Used 363.816 GB / 1511.391 GB to store  53312293412 kmers; need 0.814 GB to sort     54597616 kmers
Used 363.942 GB / 1511.391 GB to store  53332872464 kmers; need 0.814 GB to sort     54618016 kmers
Used 364.069 GB / 1511.391 GB to store  53353451516 kmers; need 0.814 GB to sort     54639591 kmers
Used 364.195 GB / 1511.391 GB to store  53374030568 kmers; need 0.815 GB to sort     54660284 kmers
Used 364.321 GB / 1511.391 GB to store  53394609491 kmers; need 0.815 GB to sort     54681376 kmers
Used 364.448 GB / 1511.391 GB to store  53415188543 kmers; need 0.815 GB to sort     54702612 kmers
Used 364.575 GB / 1511.391 GB to store  53435767595 kmers; need 0.815 GB to sort     54723484 kmers
Used 364.700 GB / 1511.391 GB to store  53456346647 kmers; need 0.816 GB to sort     54744306 kmers
Used 364.827 GB / 1511.391 GB to store  53476925699 kmers; need 0.816 GB to sort     54765040 kmers
Used 364.953 GB / 1511.391 GB to store  53497504751 kmers; need 0.816 GB to sort     54785982 kmers
Used 365.080 GB / 1511.391 GB to store  53518083803 kmers; need 0.817 GB to sort     54807527 kmers
Used 365.207 GB / 1511.391 GB to store  53538662831 kmers; need 0.817 GB to sort     54829271 kmers
Used 365.334 GB / 1511.391 GB to store  53559241883 kmers; need 0.817 GB to sort     54850745 kmers
Used 365.462 GB / 1511.391 GB to store  53579820935 kmers; need 0.818 GB to sort     54872455 kmers
Used 365.589 GB / 1511.391 GB to store  53600399987 kmers; need 0.818 GB to sort     54893547 kmers
Used 365.717 GB / 1511.391 GB to store  53620979039 kmers; need 0.818 GB to sort     54914928 kmers
Used 365.843 GB / 1511.391 GB to store  53641558089 kmers; need 0.819 GB to sort     54936054 kmers
Used 365.968 GB / 1511.391 GB to store  53662137141 kmers; need 0.819 GB to sort     54958060 kmers
Used 366.095 GB / 1511.391 GB to store  53682716193 kmers; need 0.819 GB to sort     54979278 kmers
Used 366.222 GB / 1511.391 GB to store  53703295245 kmers; need 0.820 GB to sort     55001286 kmers
Used 366.349 GB / 1511.391 GB to store  53723874297 kmers; need 0.820 GB to sort     55022450 kmers
Used 366.476 GB / 1511.391 GB to store  53744453349 kmers; need 0.820 GB to sort     55044305 kmers
Used 366.602 GB / 1511.391 GB to store  53765032401 kmers; need 0.821 GB to sort     55066053 kmers
Used 366.728 GB / 1511.391 GB to store  53785611453 kmers; need 0.821 GB to sort     55087760 kmers
Used 366.855 GB / 1511.391 GB to store  53806190505 kmers; need 0.821 GB to sort     55108791 kmers
Used 366.981 GB / 1511.391 GB to store  53826769557 kmers; need 0.822 GB to sort     55130721 kmers
Used 367.108 GB / 1511.391 GB to store  53847348592 kmers; need 0.822 GB to sort     55151668 kmers
Used 367.235 GB / 1511.391 GB to store  53867927644 kmers; need 0.822 GB to sort     55173681 kmers
Used 367.361 GB / 1511.391 GB to store  53888506696 kmers; need 0.822 GB to sort     55194843 kmers
Used 367.487 GB / 1511.391 GB to store  53909085748 kmers; need 0.823 GB to sort     55215724 kmers
Used 367.614 GB / 1511.391 GB to store  53929664767 kmers; need 0.823 GB to sort     55237533 kmers
Used 367.741 GB / 1511.391 GB to store  53950243819 kmers; need 0.823 GB to sort     55258409 kmers
Used 367.867 GB / 1511.391 GB to store  53970822871 kmers; need 0.824 GB to sort     55280887 kmers
Used 367.994 GB / 1511.391 GB to store  53991401899 kmers; need 0.824 GB to sort     55301695 kmers
Used 368.120 GB / 1511.391 GB to store  54011980951 kmers; need 0.824 GB to sort     55322557 kmers
Used 368.246 GB / 1511.391 GB to store  54032560003 kmers; need 0.825 GB to sort     55343760 kmers
Used 368.373 GB / 1511.391 GB to store  54053139055 kmers; need 0.825 GB to sort     55365312 kmers
Used 368.500 GB / 1511.391 GB to store  54073718027 kmers; need 0.825 GB to sort     55387285 kmers
Used 368.627 GB / 1511.391 GB to store  54094297079 kmers; need 0.826 GB to sort     55408978 kmers
Used 368.752 GB / 1511.391 GB to store  54114876131 kmers; need 0.826 GB to sort     55431054 kmers
Used 368.879 GB / 1511.391 GB to store  54135455099 kmers; need 0.826 GB to sort     55452038 kmers
Used 369.004 GB / 1511.391 GB to store  54156034151 kmers; need 0.827 GB to sort     55473614 kmers
Used 369.131 GB / 1511.391 GB to store  54176613203 kmers; need 0.827 GB to sort     55494658 kmers
Used 369.258 GB / 1511.391 GB to store  54197192255 kmers; need 0.827 GB to sort     55516825 kmers
Used 369.385 GB / 1511.391 GB to store  54217771307 kmers; need 0.828 GB to sort     55539148 kmers
Used 369.512 GB / 1511.391 GB to store  54238350337 kmers; need 0.828 GB to sort     55561288 kmers
Used 369.638 GB / 1511.391 GB to store  54258929389 kmers; need 0.828 GB to sort     55582693 kmers
Used 369.764 GB / 1511.391 GB to store  54279508441 kmers; need 0.829 GB to sort     55604852 kmers
Used 369.891 GB / 1511.391 GB to store  54300087493 kmers; need 0.829 GB to sort     55625773 kmers
Used 370.018 GB / 1511.391 GB to store  54320666527 kmers; need 0.829 GB to sort     55647422 kmers
Used 370.145 GB / 1511.391 GB to store  54341245579 kmers; need 0.830 GB to sort     55669903 kmers
Used 370.272 GB / 1511.391 GB to store  54361824631 kmers; need 0.830 GB to sort     55692096 kmers
Used 370.397 GB / 1511.391 GB to store  54382403683 kmers; need 0.830 GB to sort     55714227 kmers
Used 370.524 GB / 1511.391 GB to store  54402982735 kmers; need 0.831 GB to sort     55737211 kmers
Used 370.652 GB / 1511.391 GB to store  54423561681 kmers; need 0.831 GB to sort     55759987 kmers
Used 370.779 GB / 1511.391 GB to store  54444140733 kmers; need 0.831 GB to sort     55782223 kmers
Used 370.905 GB / 1511.391 GB to store  54464719785 kmers; need 0.832 GB to sort     55804778 kmers
Used 371.032 GB / 1511.391 GB to store  54485298837 kmers; need 0.832 GB to sort     55824024 kmers
Used 371.159 GB / 1511.391 GB to store  54505877889 kmers; need 0.832 GB to sort     55844050 kmers
Used 371.286 GB / 1511.391 GB to store  54526456941 kmers; need 0.832 GB to sort     55863754 kmers
Used 371.413 GB / 1511.391 GB to store  54547035993 kmers; need 0.833 GB to sort     55884069 kmers
Used 371.539 GB / 1511.391 GB to store  54567615045 kmers; need 0.833 GB to sort     55904461 kmers
Used 371.667 GB / 1511.391 GB to store  54588194097 kmers; need 0.833 GB to sort     55925007 kmers
Used 371.793 GB / 1511.391 GB to store  54608773125 kmers; need 0.834 GB to sort     55945453 kmers
Used 371.919 GB / 1511.391 GB to store  54629352177 kmers; need 0.834 GB to sort     55966139 kmers
Used 372.047 GB / 1511.391 GB to store  54649931229 kmers; need 0.834 GB to sort     55986341 kmers
Used 372.173 GB / 1511.391 GB to store  54670510281 kmers; need 0.835 GB to sort     56007288 kmers
Used 372.299 GB / 1511.391 GB to store  54691089333 kmers; need 0.835 GB to sort     56027239 kmers
Used 372.425 GB / 1511.391 GB to store  54711668385 kmers; need 0.835 GB to sort     56048837 kmers
Used 372.552 GB / 1511.391 GB to store  54732247437 kmers; need 0.836 GB to sort     56070438 kmers
Used 372.678 GB / 1511.391 GB to store  54752826474 kmers; need 0.836 GB to sort     56091257 kmers
Used 372.804 GB / 1511.391 GB to store  54773405526 kmers; need 0.836 GB to sort     56111972 kmers
Used 372.931 GB / 1511.391 GB to store  54793984578 kmers; need 0.836 GB to sort     56133536 kmers
Used 373.057 GB / 1511.391 GB to store  54814563630 kmers; need 0.837 GB to sort     56153760 kmers
Used 373.184 GB / 1511.391 GB to store  54835142682 kmers; need 0.837 GB to sort     56174257 kmers
Used 373.311 GB / 1511.391 GB to store  54855721734 kmers; need 0.837 GB to sort     56194878 kmers
Used 373.437 GB / 1511.391 GB to store  54876300786 kmers; need 0.838 GB to sort     56216040 kmers
Used 373.564 GB / 1511.391 GB to store  54896879679 kmers; need 0.838 GB to sort     56236957 kmers
Used 373.690 GB / 1511.391 GB to store  54917458731 kmers; need 0.838 GB to sort     56257961 kmers
Used 373.816 GB / 1511.391 GB to store  54938037783 kmers; need 0.839 GB to sort     56278616 kmers
Used 373.943 GB / 1511.391 GB to store  54958616835 kmers; need 0.839 GB to sort     56299797 kmers
Used 374.069 GB / 1511.391 GB to store  54979195887 kmers; need 0.839 GB to sort     56320708 kmers
Used 374.197 GB / 1511.391 GB to store  54999774939 kmers; need 0.840 GB to sort     56342497 kmers
Used 374.323 GB / 1511.391 GB to store  55020353991 kmers; need 0.840 GB to sort     56363829 kmers
Used 374.450 GB / 1511.391 GB to store  55040933043 kmers; need 0.840 GB to sort     56385237 kmers
Used 374.576 GB / 1511.391 GB to store  55061512095 kmers; need 0.841 GB to sort     56407010 kmers
Used 374.703 GB / 1511.391 GB to store  55082091147 kmers; need 0.841 GB to sort     56427822 kmers
Used 374.829 GB / 1511.391 GB to store  55102670199 kmers; need 0.841 GB to sort     56448602 kmers
Used 374.955 GB / 1511.391 GB to store  55123249251 kmers; need 0.841 GB to sort     56469267 kmers
Used 375.081 GB / 1511.391 GB to store  55143828303 kmers; need 0.842 GB to sort     56490554 kmers
Used 375.208 GB / 1511.391 GB to store  55164407355 kmers; need 0.842 GB to sort     56510955 kmers
Used 375.334 GB / 1511.391 GB to store  55184986407 kmers; need 0.842 GB to sort     56531562 kmers
Used 375.461 GB / 1511.391 GB to store  55205565459 kmers; need 0.843 GB to sort     56552411 kmers
Used 375.588 GB / 1511.391 GB to store  55226144511 kmers; need 0.843 GB to sort     56573330 kmers
Used 375.716 GB / 1511.391 GB to store  55246723563 kmers; need 0.843 GB to sort     56594878 kmers
Used 375.842 GB / 1511.391 GB to store  55267302537 kmers; need 0.844 GB to sort     56615730 kmers
Used 375.968 GB / 1511.391 GB to store  55287881589 kmers; need 0.844 GB to sort     56637307 kmers
Used 376.096 GB / 1511.391 GB to store  55308460641 kmers; need 0.844 GB to sort     56658262 kmers
Used 376.221 GB / 1511.391 GB to store  55329039693 kmers; need 0.845 GB to sort     56679700 kmers
Used 376.348 GB / 1511.391 GB to store  55349618745 kmers; need 0.845 GB to sort     56700618 kmers
Used 376.474 GB / 1511.391 GB to store  55370197797 kmers; need 0.845 GB to sort     56721870 kmers
Used 376.601 GB / 1511.391 GB to store  55390776849 kmers; need 0.846 GB to sort     56742351 kmers
Used 376.728 GB / 1511.391 GB to store  55411355901 kmers; need 0.846 GB to sort     56763594 kmers
Used 376.853 GB / 1511.391 GB to store  55431934953 kmers; need 0.846 GB to sort     56784590 kmers
Used 376.979 GB / 1511.391 GB to store  55452514005 kmers; need 0.846 GB to sort     56805636 kmers
Used 377.107 GB / 1511.391 GB to store  55473093057 kmers; need 0.847 GB to sort     56826316 kmers
Used 377.233 GB / 1511.391 GB to store  55493672109 kmers; need 0.847 GB to sort     56847333 kmers
Used 377.360 GB / 1511.391 GB to store  55514251161 kmers; need 0.847 GB to sort     56868371 kmers
Used 377.486 GB / 1511.391 GB to store  55534830213 kmers; need 0.848 GB to sort     56888820 kmers
Used 377.612 GB / 1511.391 GB to store  55555409247 kmers; need 0.848 GB to sort     56909399 kmers
Used 377.740 GB / 1511.391 GB to store  55575988299 kmers; need 0.848 GB to sort     56930163 kmers
Used 377.867 GB / 1511.391 GB to store  55596567351 kmers; need 0.849 GB to sort     56951665 kmers
Used 377.994 GB / 1511.391 GB to store  55617146403 kmers; need 0.849 GB to sort     56973306 kmers
Used 378.119 GB / 1511.391 GB to store  55637725431 kmers; need 0.849 GB to sort     56995609 kmers
Used 378.247 GB / 1511.391 GB to store  55658304451 kmers; need 0.850 GB to sort     57017865 kmers
Used 378.373 GB / 1511.391 GB to store  55678883503 kmers; need 0.850 GB to sort     57039376 kmers
Used 378.500 GB / 1511.391 GB to store  55699462555 kmers; need 0.850 GB to sort     57060635 kmers
Used 378.625 GB / 1511.391 GB to store  55720041607 kmers; need 0.851 GB to sort     57081902 kmers
Used 378.753 GB / 1511.391 GB to store  55740620549 kmers; need 0.851 GB to sort     57102924 kmers
Used 378.879 GB / 1511.391 GB to store  55761199601 kmers; need 0.851 GB to sort     57124258 kmers
Used 379.006 GB / 1511.391 GB to store  55781778653 kmers; need 0.852 GB to sort     57145619 kmers
Used 379.133 GB / 1511.391 GB to store  55802357705 kmers; need 0.852 GB to sort     57166447 kmers
Used 379.259 GB / 1511.391 GB to store  55822936718 kmers; need 0.852 GB to sort     57187593 kmers
Used 379.385 GB / 1511.391 GB to store  55843515758 kmers; need 0.852 GB to sort     57209028 kmers
Used 379.512 GB / 1511.391 GB to store  55864094810 kmers; need 0.853 GB to sort     57230787 kmers
Used 379.638 GB / 1511.391 GB to store  55884673862 kmers; need 0.853 GB to sort     57252569 kmers
Used 379.764 GB / 1511.391 GB to store  55905252914 kmers; need 0.853 GB to sort     57273438 kmers
Used 379.891 GB / 1511.391 GB to store  55925831966 kmers; need 0.854 GB to sort     57295760 kmers
Used 380.018 GB / 1511.391 GB to store  55946410996 kmers; need 0.854 GB to sort     57317808 kmers
Used 380.144 GB / 1511.391 GB to store  55966990048 kmers; need 0.854 GB to sort     57338843 kmers
Used 380.271 GB / 1511.391 GB to store  55987569100 kmers; need 0.855 GB to sort     57361091 kmers
Used 380.398 GB / 1511.391 GB to store  56008148152 kmers; need 0.855 GB to sort     57383638 kmers
Used 380.525 GB / 1511.391 GB to store  56028727204 kmers; need 0.855 GB to sort     57405894 kmers
Used 380.651 GB / 1511.391 GB to store  56049306250 kmers; need 0.856 GB to sort     57427220 kmers
Used 380.777 GB / 1511.391 GB to store  56069885302 kmers; need 0.856 GB to sort     57449261 kmers
Used 380.904 GB / 1511.391 GB to store  56090464354 kmers; need 0.856 GB to sort     57471220 kmers
Used 381.032 GB / 1511.391 GB to store  56111043406 kmers; need 0.857 GB to sort     57492776 kmers
Used 381.159 GB / 1511.391 GB to store  56131622458 kmers; need 0.857 GB to sort     57514218 kmers
Used 381.284 GB / 1511.391 GB to store  56152201510 kmers; need 0.857 GB to sort     57536452 kmers
Used 381.411 GB / 1511.391 GB to store  56172780562 kmers; need 0.858 GB to sort     57557628 kmers
Used 381.537 GB / 1511.391 GB to store  56193359614 kmers; need 0.858 GB to sort     57579234 kmers
Used 381.663 GB / 1511.391 GB to store  56213938666 kmers; need 0.858 GB to sort     57600981 kmers
Used 381.789 GB / 1511.391 GB to store  56234517622 kmers; need 0.859 GB to sort     57622665 kmers
Used 381.916 GB / 1511.391 GB to store  56255096674 kmers; need 0.859 GB to sort     57644310 kmers
Used 382.044 GB / 1511.391 GB to store  56275675726 kmers; need 0.859 GB to sort     57666901 kmers
Used 382.170 GB / 1511.391 GB to store  56296254778 kmers; need 0.860 GB to sort     57689467 kmers
Used 382.298 GB / 1511.391 GB to store  56316833830 kmers; need 0.860 GB to sort     57711142 kmers
Used 382.423 GB / 1511.391 GB to store  56337412612 kmers; need 0.860 GB to sort     57733586 kmers
Used 382.549 GB / 1511.391 GB to store  56357991664 kmers; need 0.861 GB to sort     57754462 kmers
Used 382.676 GB / 1511.391 GB to store  56378570716 kmers; need 0.861 GB to sort     57776487 kmers
Used 382.802 GB / 1511.391 GB to store  56399149768 kmers; need 0.861 GB to sort     57798726 kmers
Used 382.929 GB / 1511.391 GB to store  56419728820 kmers; need 0.862 GB to sort     57820697 kmers
Used 383.056 GB / 1511.391 GB to store  56440307726 kmers; need 0.862 GB to sort     57842877 kmers
Used 383.183 GB / 1511.391 GB to store  56460886778 kmers; need 0.862 GB to sort     57864362 kmers
Used 383.309 GB / 1511.391 GB to store  56481465830 kmers; need 0.863 GB to sort     57885198 kmers
Used 383.436 GB / 1511.391 GB to store  56502044882 kmers; need 0.863 GB to sort     57904696 kmers
Used 383.563 GB / 1511.391 GB to store  56522623934 kmers; need 0.863 GB to sort     57925003 kmers
Used 383.690 GB / 1511.391 GB to store  56543202986 kmers; need 0.863 GB to sort     57945347 kmers
Used 383.816 GB / 1511.391 GB to store  56563782038 kmers; need 0.864 GB to sort     57965295 kmers
Used 383.944 GB / 1511.391 GB to store  56584361090 kmers; need 0.864 GB to sort     57986581 kmers
Used 384.072 GB / 1511.391 GB to store  56604940142 kmers; need 0.864 GB to sort     58006741 kmers
Used 384.199 GB / 1511.391 GB to store  56625519194 kmers; need 0.865 GB to sort     58027607 kmers
Used 384.325 GB / 1511.391 GB to store  56646098246 kmers; need 0.865 GB to sort     58048531 kmers
Used 384.454 GB / 1511.391 GB to store  56666677298 kmers; need 0.865 GB to sort     58069421 kmers
Used 384.580 GB / 1511.391 GB to store  56687256350 kmers; need 0.866 GB to sort     58089920 kmers
Used 384.706 GB / 1511.391 GB to store  56707835402 kmers; need 0.866 GB to sort     58110625 kmers
Used 384.833 GB / 1511.391 GB to store  56728414454 kmers; need 0.866 GB to sort     58131276 kmers
Used 384.959 GB / 1511.391 GB to store  56748993506 kmers; need 0.867 GB to sort     58151567 kmers
Used 385.086 GB / 1511.391 GB to store  56769572558 kmers; need 0.867 GB to sort     58172450 kmers
Used 385.213 GB / 1511.391 GB to store  56790151610 kmers; need 0.867 GB to sort     58193354 kmers
Used 385.339 GB / 1511.391 GB to store  56810730662 kmers; need 0.867 GB to sort     58213606 kmers
Used 385.466 GB / 1511.391 GB to store  56831309714 kmers; need 0.868 GB to sort     58235240 kmers
Used 385.592 GB / 1511.391 GB to store  56851888712 kmers; need 0.868 GB to sort     58257094 kmers
Used 385.719 GB / 1511.391 GB to store  56872467764 kmers; need 0.868 GB to sort     58279544 kmers
Used 385.845 GB / 1511.391 GB to store  56893046816 kmers; need 0.869 GB to sort     58301032 kmers
Used 385.972 GB / 1511.391 GB to store  56913625868 kmers; need 0.869 GB to sort     58321720 kmers
Used 386.098 GB / 1511.391 GB to store  56934204920 kmers; need 0.869 GB to sort     58342024 kmers
Used 386.224 GB / 1511.391 GB to store  56954783972 kmers; need 0.870 GB to sort     58362747 kmers
Used 386.351 GB / 1511.391 GB to store  56975363024 kmers; need 0.870 GB to sort     58383584 kmers
Used 386.477 GB / 1511.391 GB to store  56995942076 kmers; need 0.870 GB to sort     58404379 kmers
Used 386.603 GB / 1511.391 GB to store  57016521128 kmers; need 0.871 GB to sort     58425092 kmers
Used 386.730 GB / 1511.391 GB to store  57037100099 kmers; need 0.871 GB to sort     58446590 kmers
Used 386.856 GB / 1511.391 GB to store  57057679151 kmers; need 0.871 GB to sort     58467688 kmers
Used 386.982 GB / 1511.391 GB to store  57078258161 kmers; need 0.872 GB to sort     58488744 kmers
Used 387.108 GB / 1511.391 GB to store  57098837213 kmers; need 0.872 GB to sort     58509585 kmers
Used 387.235 GB / 1511.391 GB to store  57119416265 kmers; need 0.872 GB to sort     58531248 kmers
Used 387.362 GB / 1511.391 GB to store  57139995317 kmers; need 0.872 GB to sort     58551865 kmers
Used 387.488 GB / 1511.391 GB to store  57160574369 kmers; need 0.873 GB to sort     58572914 kmers
Used 387.615 GB / 1511.391 GB to store  57181153421 kmers; need 0.873 GB to sort     58593964 kmers
Used 387.742 GB / 1511.391 GB to store  57201732473 kmers; need 0.873 GB to sort     58614692 kmers
Used 387.869 GB / 1511.391 GB to store  57222311525 kmers; need 0.874 GB to sort     58636452 kmers
Used 387.996 GB / 1511.391 GB to store  57242890577 kmers; need 0.874 GB to sort     58657981 kmers
Used 388.122 GB / 1511.391 GB to store  57263469629 kmers; need 0.874 GB to sort     58678453 kmers
Used 388.249 GB / 1511.391 GB to store  57284048681 kmers; need 0.875 GB to sort     58698662 kmers
Used 388.375 GB / 1511.391 GB to store  57304627733 kmers; need 0.875 GB to sort     58718483 kmers
Used 388.502 GB / 1511.391 GB to store  57325206785 kmers; need 0.875 GB to sort     58739816 kmers
Used 388.629 GB / 1511.391 GB to store  57345785837 kmers; need 0.876 GB to sort     58759930 kmers
Used 388.756 GB / 1511.391 GB to store  57366364865 kmers; need 0.876 GB to sort     58780449 kmers
Used 388.883 GB / 1511.391 GB to store  57386943917 kmers; need 0.876 GB to sort     58801534 kmers
Used 389.011 GB / 1511.391 GB to store  57407522969 kmers; need 0.877 GB to sort     58823449 kmers
Used 389.137 GB / 1511.391 GB to store  57428101916 kmers; need 0.877 GB to sort     58844162 kmers
Used 389.264 GB / 1511.391 GB to store  57448680968 kmers; need 0.877 GB to sort     58866548 kmers
Used 389.391 GB / 1511.391 GB to store  57469260020 kmers; need 0.878 GB to sort     58888531 kmers
Used 389.517 GB / 1511.391 GB to store  57489839072 kmers; need 0.878 GB to sort     58910338 kmers
Used 389.643 GB / 1511.391 GB to store  57510418082 kmers; need 0.878 GB to sort     58931544 kmers
Used 389.770 GB / 1511.391 GB to store  57530997134 kmers; need 0.878 GB to sort     58953618 kmers
Used 389.896 GB / 1511.391 GB to store  57551576186 kmers; need 0.879 GB to sort     58975711 kmers
Used 390.023 GB / 1511.391 GB to store  57572155238 kmers; need 0.879 GB to sort     58997372 kmers
Used 390.149 GB / 1511.391 GB to store  57592734290 kmers; need 0.879 GB to sort     59018891 kmers
Used 390.276 GB / 1511.391 GB to store  57613313342 kmers; need 0.880 GB to sort     59040316 kmers
Used 390.402 GB / 1511.391 GB to store  57633892394 kmers; need 0.880 GB to sort     59062243 kmers
Used 390.528 GB / 1511.391 GB to store  57654471446 kmers; need 0.880 GB to sort     59082829 kmers
Used 390.655 GB / 1511.391 GB to store  57675050498 kmers; need 0.881 GB to sort     59104064 kmers
Used 390.781 GB / 1511.391 GB to store  57695629550 kmers; need 0.881 GB to sort     59125122 kmers
Used 390.908 GB / 1511.391 GB to store  57716208534 kmers; need 0.881 GB to sort     59146780 kmers
Used 391.034 GB / 1511.391 GB to store  57736787586 kmers; need 0.882 GB to sort     59168062 kmers
Used 391.162 GB / 1511.391 GB to store  57757366638 kmers; need 0.882 GB to sort     59189505 kmers
Used 391.289 GB / 1511.391 GB to store  57777945690 kmers; need 0.882 GB to sort     59211569 kmers
Used 391.416 GB / 1511.391 GB to store  57798524742 kmers; need 0.883 GB to sort     59233561 kmers
Used 391.542 GB / 1511.391 GB to store  57819103707 kmers; need 0.883 GB to sort     59255930 kmers
Used 391.668 GB / 1511.391 GB to store  57839682759 kmers; need 0.883 GB to sort     59277564 kmers
Used 391.794 GB / 1511.391 GB to store  57860261811 kmers; need 0.884 GB to sort     59299034 kmers
Used 391.920 GB / 1511.391 GB to store  57880840863 kmers; need 0.884 GB to sort     59320598 kmers
Used 392.048 GB / 1511.391 GB to store  57901419863 kmers; need 0.884 GB to sort     59342776 kmers
Used 392.175 GB / 1511.391 GB to store  57921998915 kmers; need 0.885 GB to sort     59364769 kmers
Used 392.301 GB / 1511.391 GB to store  57942577967 kmers; need 0.885 GB to sort     59387584 kmers
Used 392.429 GB / 1511.391 GB to store  57963156923 kmers; need 0.885 GB to sort     59408891 kmers
Used 392.556 GB / 1511.391 GB to store  57983735975 kmers; need 0.886 GB to sort     59431216 kmers
Used 392.684 GB / 1511.391 GB to store  58004315027 kmers; need 0.886 GB to sort     59452627 kmers
Used 392.810 GB / 1511.391 GB to store  58024894079 kmers; need 0.886 GB to sort     59474234 kmers
Used 392.937 GB / 1511.391 GB to store  58045473123 kmers; need 0.887 GB to sort     59496335 kmers
Used 393.063 GB / 1511.391 GB to store  58066052155 kmers; need 0.887 GB to sort     59518250 kmers
Used 393.190 GB / 1511.391 GB to store  58086631207 kmers; need 0.887 GB to sort     59540104 kmers
Used 393.317 GB / 1511.391 GB to store  58107210259 kmers; need 0.888 GB to sort     59562131 kmers
Used 393.443 GB / 1511.391 GB to store  58127789311 kmers; need 0.888 GB to sort     59584758 kmers
Used 393.570 GB / 1511.391 GB to store  58148368265 kmers; need 0.888 GB to sort     59607584 kmers
Used 393.697 GB / 1511.391 GB to store  58168947317 kmers; need 0.889 GB to sort     59629545 kmers
Used 393.824 GB / 1511.391 GB to store  58189526369 kmers; need 0.889 GB to sort     59652449 kmers
Used 393.950 GB / 1511.391 GB to store  58210105421 kmers; need 0.889 GB to sort     59674731 kmers
Used 394.077 GB / 1511.391 GB to store  58230684473 kmers; need 0.890 GB to sort     59696866 kmers
Used 394.203 GB / 1511.391 GB to store  58251263457 kmers; need 0.890 GB to sort     59718014 kmers
Used 394.329 GB / 1511.391 GB to store  58271842509 kmers; need 0.890 GB to sort     59740349 kmers
Used 394.455 GB / 1511.391 GB to store  58292421561 kmers; need 0.891 GB to sort     59762283 kmers
Used 394.582 GB / 1511.391 GB to store  58313000613 kmers; need 0.891 GB to sort     59782335 kmers
Used 394.709 GB / 1511.391 GB to store  58333579665 kmers; need 0.891 GB to sort     59802657 kmers
Used 394.836 GB / 1511.391 GB to store  58354158717 kmers; need 0.891 GB to sort     59823076 kmers
Used 394.963 GB / 1511.391 GB to store  58374737769 kmers; need 0.892 GB to sort     59843504 kmers
Used 395.089 GB / 1511.391 GB to store  58395316821 kmers; need 0.892 GB to sort     59864526 kmers
Used 395.216 GB / 1511.391 GB to store  58415895873 kmers; need 0.892 GB to sort     59885272 kmers
Used 395.342 GB / 1511.391 GB to store  58436474925 kmers; need 0.893 GB to sort     59906046 kmers
Used 395.469 GB / 1511.391 GB to store  58457053977 kmers; need 0.893 GB to sort     59926313 kmers
Used 395.597 GB / 1511.391 GB to store  58477633029 kmers; need 0.893 GB to sort     59947155 kmers
Used 395.724 GB / 1511.391 GB to store  58498212081 kmers; need 0.894 GB to sort     59967650 kmers
Used 395.850 GB / 1511.391 GB to store  58518791133 kmers; need 0.894 GB to sort     59987383 kmers
Used 395.977 GB / 1511.391 GB to store  58539370185 kmers; need 0.894 GB to sort     60007971 kmers
Used 396.103 GB / 1511.391 GB to store  58559949237 kmers; need 0.894 GB to sort     60028318 kmers
Used 396.229 GB / 1511.391 GB to store  58580528289 kmers; need 0.895 GB to sort     60049233 kmers
Used 396.355 GB / 1511.391 GB to store  58601107341 kmers; need 0.895 GB to sort     60070870 kmers
Used 396.483 GB / 1511.391 GB to store  58621686393 kmers; need 0.895 GB to sort     60092207 kmers
Used 396.609 GB / 1511.391 GB to store  58642265445 kmers; need 0.896 GB to sort     60113185 kmers
Used 396.735 GB / 1511.391 GB to store  58662844497 kmers; need 0.896 GB to sort     60134908 kmers
Used 396.862 GB / 1511.391 GB to store  58683423549 kmers; need 0.896 GB to sort     60155356 kmers
Used 396.989 GB / 1511.391 GB to store  58704002601 kmers; need 0.897 GB to sort     60175712 kmers
Used 397.115 GB / 1511.391 GB to store  58724581653 kmers; need 0.897 GB to sort     60197092 kmers
Used 397.243 GB / 1511.391 GB to store  58745160705 kmers; need 0.897 GB to sort     60217693 kmers
Used 397.369 GB / 1511.391 GB to store  58765739757 kmers; need 0.898 GB to sort     60238126 kmers
Used 397.495 GB / 1511.391 GB to store  58786318809 kmers; need 0.898 GB to sort     60258909 kmers
Used 397.621 GB / 1511.391 GB to store  58806897861 kmers; need 0.898 GB to sort     60279888 kmers
Used 397.748 GB / 1511.391 GB to store  58827476913 kmers; need 0.899 GB to sort     60301697 kmers
Used 397.875 GB / 1511.391 GB to store  58848055965 kmers; need 0.899 GB to sort     60323601 kmers
Used 398.002 GB / 1511.391 GB to store  58868635017 kmers; need 0.899 GB to sort     60345059 kmers
Used 398.128 GB / 1511.391 GB to store  58889214069 kmers; need 0.900 GB to sort     60366696 kmers
Used 398.256 GB / 1511.391 GB to store  58909793121 kmers; need 0.900 GB to sort     60387655 kmers
Used 398.384 GB / 1511.391 GB to store  58930372173 kmers; need 0.900 GB to sort     60408769 kmers
Used 398.511 GB / 1511.391 GB to store  58950951225 kmers; need 0.900 GB to sort     60429411 kmers
Used 398.638 GB / 1511.391 GB to store  58971530277 kmers; need 0.901 GB to sort     60450335 kmers
Used 398.765 GB / 1511.391 GB to store  58992109329 kmers; need 0.901 GB to sort     60470811 kmers
Used 398.899 GB / 1511.391 GB to store  59014271385 kmers; need 0.901 GB to sort     60493691 kmers
Used 399.025 GB / 1511.391 GB to store  59034850437 kmers; need 0.902 GB to sort     60515176 kmers
Used 399.152 GB / 1511.391 GB to store  59055429489 kmers; need 0.902 GB to sort     60536317 kmers
Used 399.279 GB / 1511.391 GB to store  59076008541 kmers; need 0.902 GB to sort     60557736 kmers
Used 399.407 GB / 1511.391 GB to store  59096587539 kmers; need 0.903 GB to sort     60579020 kmers
Used 399.533 GB / 1511.391 GB to store  59117166591 kmers; need 0.903 GB to sort     60599838 kmers
Used 399.659 GB / 1511.391 GB to store  59137745643 kmers; need 0.903 GB to sort     60621519 kmers
Used 399.786 GB / 1511.391 GB to store  59158324695 kmers; need 0.904 GB to sort     60642829 kmers
Used 399.912 GB / 1511.391 GB to store  59178903747 kmers; need 0.904 GB to sort     60665176 kmers
Used 400.040 GB / 1511.391 GB to store  59199482682 kmers; need 0.904 GB to sort     60686329 kmers
Used 400.165 GB / 1511.391 GB to store  59220061734 kmers; need 0.905 GB to sort     60706668 kmers
Used 400.293 GB / 1511.391 GB to store  59240640786 kmers; need 0.905 GB to sort     60727886 kmers
Used 400.418 GB / 1511.391 GB to store  59261219838 kmers; need 0.905 GB to sort     60747879 kmers
Used 400.545 GB / 1511.391 GB to store  59281798890 kmers; need 0.906 GB to sort     60769353 kmers
Used 400.672 GB / 1511.391 GB to store  59302377942 kmers; need 0.906 GB to sort     60791017 kmers
Used 400.798 GB / 1511.391 GB to store  59322956994 kmers; need 0.906 GB to sort     60812805 kmers
Used 400.925 GB / 1511.391 GB to store  59343536046 kmers; need 0.906 GB to sort     60833975 kmers
Used 401.051 GB / 1511.391 GB to store  59364115098 kmers; need 0.907 GB to sort     60854557 kmers
Used 401.178 GB / 1511.391 GB to store  59384694140 kmers; need 0.907 GB to sort     60876411 kmers
Used 401.304 GB / 1511.391 GB to store  59405273192 kmers; need 0.907 GB to sort     60897735 kmers
Used 401.430 GB / 1511.391 GB to store  59425852244 kmers; need 0.908 GB to sort     60919406 kmers
Used 401.555 GB / 1511.391 GB to store  59446431296 kmers; need 0.908 GB to sort     60941098 kmers
Used 401.682 GB / 1511.391 GB to store  59467010348 kmers; need 0.908 GB to sort     60962283 kmers
Used 401.809 GB / 1511.391 GB to store  59487589391 kmers; need 0.909 GB to sort     60983690 kmers
Used 401.935 GB / 1511.391 GB to store  59508168443 kmers; need 0.909 GB to sort     61005499 kmers
Used 402.062 GB / 1511.391 GB to store  59528747495 kmers; need 0.909 GB to sort     61026701 kmers
Used 402.189 GB / 1511.391 GB to store  59549326547 kmers; need 0.910 GB to sort     61048322 kmers
Used 402.316 GB / 1511.391 GB to store  59569905597 kmers; need 0.910 GB to sort     61070723 kmers
Used 402.443 GB / 1511.391 GB to store  59590484609 kmers; need 0.910 GB to sort     61092611 kmers
Used 402.569 GB / 1511.391 GB to store  59611063661 kmers; need 0.911 GB to sort     61114348 kmers
Used 402.697 GB / 1511.391 GB to store  59631642713 kmers; need 0.911 GB to sort     61135841 kmers
Used 402.823 GB / 1511.391 GB to store  59652221765 kmers; need 0.911 GB to sort     61157761 kmers
Used 402.951 GB / 1511.391 GB to store  59672800812 kmers; need 0.912 GB to sort     61180356 kmers
Used 403.078 GB / 1511.391 GB to store  59693379864 kmers; need 0.912 GB to sort     61202330 kmers
Used 403.204 GB / 1511.391 GB to store  59713958916 kmers; need 0.912 GB to sort     61223755 kmers
Used 403.331 GB / 1511.391 GB to store  59734537968 kmers; need 0.913 GB to sort     61245449 kmers
Used 403.458 GB / 1511.391 GB to store  59755117020 kmers; need 0.913 GB to sort     61266692 kmers
Used 403.585 GB / 1511.391 GB to store  59775696040 kmers; need 0.913 GB to sort     61289100 kmers
Used 403.711 GB / 1511.391 GB to store  59796275092 kmers; need 0.914 GB to sort     61311415 kmers
Used 403.838 GB / 1511.391 GB to store  59816854144 kmers; need 0.914 GB to sort     61333426 kmers
Used 403.965 GB / 1511.391 GB to store  59837433196 kmers; need 0.914 GB to sort     61353866 kmers
Used 404.092 GB / 1511.391 GB to store  59858012248 kmers; need 0.915 GB to sort     61374646 kmers
Used 404.217 GB / 1511.391 GB to store  59878591300 kmers; need 0.915 GB to sort     61396254 kmers
Used 404.344 GB / 1511.391 GB to store  59899170352 kmers; need 0.915 GB to sort     61419465 kmers
Used 404.472 GB / 1511.391 GB to store  59919749404 kmers; need 0.916 GB to sort     61441130 kmers
Used 404.599 GB / 1511.391 GB to store  59940328456 kmers; need 0.916 GB to sort     61463460 kmers
Used 404.725 GB / 1511.391 GB to store  59960907508 kmers; need 0.916 GB to sort     61485727 kmers
Used 404.852 GB / 1511.391 GB to store  59981486560 kmers; need 0.917 GB to sort     61508758 kmers
Used 404.977 GB / 1511.391 GB to store  60002065612 kmers; need 0.917 GB to sort     61530481 kmers
Used 405.105 GB / 1511.391 GB to store  60022644588 kmers; need 0.917 GB to sort     61552142 kmers
Used 405.231 GB / 1511.391 GB to store  60043223640 kmers; need 0.918 GB to sort     61574783 kmers
Used 405.358 GB / 1511.391 GB to store  60063802692 kmers; need 0.918 GB to sort     61596506 kmers
Used 405.485 GB / 1511.391 GB to store  60084381744 kmers; need 0.918 GB to sort     61618645 kmers
Used 405.612 GB / 1511.391 GB to store  60104960796 kmers; need 0.919 GB to sort     61641030 kmers
Used 405.738 GB / 1511.391 GB to store  60125539818 kmers; need 0.919 GB to sort     61662768 kmers
Used 405.865 GB / 1511.391 GB to store  60146118870 kmers; need 0.919 GB to sort     61685208 kmers
Used 405.991 GB / 1511.391 GB to store  60166697922 kmers; need 0.920 GB to sort     61707991 kmers
Used 406.118 GB / 1511.391 GB to store  60187276974 kmers; need 0.920 GB to sort     61730436 kmers
Used 406.245 GB / 1511.391 GB to store  60207855888 kmers; need 0.920 GB to sort     61752957 kmers
Used 406.371 GB / 1511.391 GB to store  60228434926 kmers; need 0.921 GB to sort     61775508 kmers
Used 406.497 GB / 1511.391 GB to store  60249013978 kmers; need 0.921 GB to sort     61798121 kmers
Used 406.622 GB / 1511.391 GB to store  60269593030 kmers; need 0.921 GB to sort     61818410 kmers
Used 406.748 GB / 1511.391 GB to store  60290172082 kmers; need 0.921 GB to sort     61838304 kmers
Used 406.875 GB / 1511.391 GB to store  60310751134 kmers; need 0.922 GB to sort     61858986 kmers
Used 407.001 GB / 1511.391 GB to store  60331330186 kmers; need 0.922 GB to sort     61879797 kmers
Used 407.128 GB / 1511.391 GB to store  60351909238 kmers; need 0.922 GB to sort     61900580 kmers
Used 407.254 GB / 1511.391 GB to store  60372488290 kmers; need 0.923 GB to sort     61920912 kmers
Used 407.380 GB / 1511.391 GB to store  60393067342 kmers; need 0.923 GB to sort     61941325 kmers
Used 407.507 GB / 1511.391 GB to store  60413646394 kmers; need 0.923 GB to sort     61961890 kmers
Used 407.635 GB / 1511.391 GB to store  60434225446 kmers; need 0.924 GB to sort     61982846 kmers
Used 407.760 GB / 1511.391 GB to store  60454804498 kmers; need 0.924 GB to sort     62003486 kmers
Used 407.887 GB / 1511.391 GB to store  60475383550 kmers; need 0.924 GB to sort     62024497 kmers
Used 408.014 GB / 1511.391 GB to store  60495962602 kmers; need 0.925 GB to sort     62044373 kmers
Used 408.140 GB / 1511.391 GB to store  60516541654 kmers; need 0.925 GB to sort     62065423 kmers
Used 408.267 GB / 1511.391 GB to store  60537120706 kmers; need 0.925 GB to sort     62086261 kmers
Used 408.393 GB / 1511.391 GB to store  60557699758 kmers; need 0.925 GB to sort     62107595 kmers
Used 408.521 GB / 1511.391 GB to store  60578278768 kmers; need 0.926 GB to sort     62127408 kmers
Used 408.646 GB / 1511.391 GB to store  60598857814 kmers; need 0.926 GB to sort     62148632 kmers
Used 408.773 GB / 1511.391 GB to store  60619436866 kmers; need 0.926 GB to sort     62169376 kmers
Used 408.899 GB / 1511.391 GB to store  60640015918 kmers; need 0.927 GB to sort     62189517 kmers
Used 409.027 GB / 1511.391 GB to store  60660594970 kmers; need 0.927 GB to sort     62210240 kmers
Used 409.155 GB / 1511.391 GB to store  60681173872 kmers; need 0.927 GB to sort     62230960 kmers
Used 409.282 GB / 1511.391 GB to store  60701752924 kmers; need 0.928 GB to sort     62251135 kmers
Used 409.407 GB / 1511.391 GB to store  60722331976 kmers; need 0.928 GB to sort     62272791 kmers
Used 409.534 GB / 1511.391 GB to store  60742911028 kmers; need 0.928 GB to sort     62293832 kmers
Used 409.661 GB / 1511.391 GB to store  60763490080 kmers; need 0.929 GB to sort     62314729 kmers
Used 409.788 GB / 1511.391 GB to store  60784069132 kmers; need 0.929 GB to sort     62336194 kmers
Used 409.915 GB / 1511.391 GB to store  60804648184 kmers; need 0.929 GB to sort     62357611 kmers
Used 410.042 GB / 1511.391 GB to store  60825227236 kmers; need 0.930 GB to sort     62378271 kmers
Used 410.168 GB / 1511.391 GB to store  60845806288 kmers; need 0.930 GB to sort     62399326 kmers
Used 410.295 GB / 1511.391 GB to store  60866385229 kmers; need 0.930 GB to sort     62420439 kmers
Used 410.422 GB / 1511.391 GB to store  60886964281 kmers; need 0.930 GB to sort     62441670 kmers
Used 410.548 GB / 1511.391 GB to store  60907543333 kmers; need 0.931 GB to sort     62462456 kmers
Used 410.674 GB / 1511.391 GB to store  60928122385 kmers; need 0.931 GB to sort     62483867 kmers
Used 410.801 GB / 1511.391 GB to store  60948701437 kmers; need 0.931 GB to sort     62504847 kmers
Used 410.928 GB / 1511.391 GB to store  60969280486 kmers; need 0.932 GB to sort     62525576 kmers
Used 411.055 GB / 1511.391 GB to store  60989859538 kmers; need 0.932 GB to sort     62546068 kmers
Used 411.182 GB / 1511.391 GB to store  61010438590 kmers; need 0.932 GB to sort     62567451 kmers
Used 411.309 GB / 1511.391 GB to store  61031017642 kmers; need 0.933 GB to sort     62588382 kmers
Used 411.435 GB / 1511.391 GB to store  61051596685 kmers; need 0.933 GB to sort     62609320 kmers
Used 411.562 GB / 1511.391 GB to store  61072175737 kmers; need 0.933 GB to sort     62630146 kmers
Used 411.689 GB / 1511.391 GB to store  61092754789 kmers; need 0.934 GB to sort     62651308 kmers
Used 411.816 GB / 1511.391 GB to store  61113333841 kmers; need 0.934 GB to sort     62673044 kmers
Used 411.942 GB / 1511.391 GB to store  61133912893 kmers; need 0.934 GB to sort     62694050 kmers
Used 412.070 GB / 1511.391 GB to store  61154491945 kmers; need 0.935 GB to sort     62715247 kmers
Used 412.196 GB / 1511.391 GB to store  61175070997 kmers; need 0.935 GB to sort     62736575 kmers
Used 412.322 GB / 1511.391 GB to store  61195650049 kmers; need 0.935 GB to sort     62757446 kmers
Used 412.449 GB / 1511.391 GB to store  61216229101 kmers; need 0.935 GB to sort     62779106 kmers
Used 412.575 GB / 1511.391 GB to store  61236808153 kmers; need 0.936 GB to sort     62800366 kmers
Used 412.702 GB / 1511.391 GB to store  61257387191 kmers; need 0.936 GB to sort     62822020 kmers
Used 412.827 GB / 1511.391 GB to store  61277966243 kmers; need 0.936 GB to sort     62842959 kmers
Used 412.954 GB / 1511.391 GB to store  61298545207 kmers; need 0.937 GB to sort     62863685 kmers
Used 413.081 GB / 1511.391 GB to store  61319124259 kmers; need 0.937 GB to sort     62885287 kmers
Used 413.207 GB / 1511.391 GB to store  61339703311 kmers; need 0.937 GB to sort     62907643 kmers
Used 413.335 GB / 1511.391 GB to store  61360282363 kmers; need 0.938 GB to sort     62928961 kmers
Used 413.461 GB / 1511.391 GB to store  61380861415 kmers; need 0.938 GB to sort     62950042 kmers
Used 413.587 GB / 1511.391 GB to store  61401440401 kmers; need 0.938 GB to sort     62971598 kmers
Used 413.713 GB / 1511.391 GB to store  61422019453 kmers; need 0.939 GB to sort     62992822 kmers
Used 413.840 GB / 1511.391 GB to store  61442598472 kmers; need 0.939 GB to sort     63014136 kmers
Used 413.967 GB / 1511.391 GB to store  61463177524 kmers; need 0.939 GB to sort     63036253 kmers
Used 414.093 GB / 1511.391 GB to store  61483756576 kmers; need 0.940 GB to sort     63057294 kmers
Used 414.218 GB / 1511.391 GB to store  61504335628 kmers; need 0.940 GB to sort     63078304 kmers
Used 414.344 GB / 1511.391 GB to store  61524914680 kmers; need 0.940 GB to sort     63100398 kmers
Used 414.470 GB / 1511.391 GB to store  61545493713 kmers; need 0.941 GB to sort     63122387 kmers
Used 414.596 GB / 1511.391 GB to store  61566072765 kmers; need 0.941 GB to sort     63143597 kmers
Used 414.722 GB / 1511.391 GB to store  61586651817 kmers; need 0.941 GB to sort     63165448 kmers
Used 414.850 GB / 1511.391 GB to store  61607230869 kmers; need 0.942 GB to sort     63187666 kmers
Used 414.976 GB / 1511.391 GB to store  61627809921 kmers; need 0.942 GB to sort     63208873 kmers
Used 415.102 GB / 1511.391 GB to store  61648388959 kmers; need 0.942 GB to sort     63230887 kmers
Used 415.228 GB / 1511.391 GB to store  61668968011 kmers; need 0.943 GB to sort     63252186 kmers
Used 415.354 GB / 1511.391 GB to store  61689547063 kmers; need 0.943 GB to sort     63274892 kmers
Used 415.481 GB / 1511.391 GB to store  61710126115 kmers; need 0.943 GB to sort     63296261 kmers
Used 415.609 GB / 1511.391 GB to store  61730705167 kmers; need 0.944 GB to sort     63318704 kmers
Used 415.736 GB / 1511.391 GB to store  61751284197 kmers; need 0.944 GB to sort     63339937 kmers
Used 415.863 GB / 1511.391 GB to store  61771863249 kmers; need 0.944 GB to sort     63361886 kmers
Used 415.990 GB / 1511.391 GB to store  61792442301 kmers; need 0.944 GB to sort     63383787 kmers
Used 416.117 GB / 1511.391 GB to store  61813021353 kmers; need 0.945 GB to sort     63405021 kmers
Used 416.243 GB / 1511.391 GB to store  61833600365 kmers; need 0.945 GB to sort     63426407 kmers
Used 416.368 GB / 1511.391 GB to store  61854179417 kmers; need 0.945 GB to sort     63448220 kmers
Used 416.495 GB / 1511.391 GB to store  61874758469 kmers; need 0.946 GB to sort     63470636 kmers
Used 416.622 GB / 1511.391 GB to store  61895337521 kmers; need 0.946 GB to sort     63492621 kmers
Used 416.748 GB / 1511.391 GB to store  61915916573 kmers; need 0.946 GB to sort     63515346 kmers
Used 416.875 GB / 1511.391 GB to store  61936495601 kmers; need 0.947 GB to sort     63537723 kmers
Used 417.001 GB / 1511.391 GB to store  61957074653 kmers; need 0.947 GB to sort     63560204 kmers
Used 417.128 GB / 1511.391 GB to store  61977653705 kmers; need 0.947 GB to sort     63582351 kmers
Used 417.254 GB / 1511.391 GB to store  61998232757 kmers; need 0.948 GB to sort     63604524 kmers
Used 417.380 GB / 1511.391 GB to store  62018811809 kmers; need 0.948 GB to sort     63626690 kmers
Used 417.508 GB / 1511.391 GB to store  62039390861 kmers; need 0.948 GB to sort     63648264 kmers
Used 417.634 GB / 1511.391 GB to store  62059969913 kmers; need 0.949 GB to sort     63669642 kmers
Used 417.761 GB / 1511.391 GB to store  62080548885 kmers; need 0.949 GB to sort     63691844 kmers
Used 417.888 GB / 1511.391 GB to store  62101127937 kmers; need 0.949 GB to sort     63713800 kmers
Used 418.015 GB / 1511.391 GB to store  62121706989 kmers; need 0.950 GB to sort     63735907 kmers
Used 418.141 GB / 1511.391 GB to store  62142286041 kmers; need 0.950 GB to sort     63758269 kmers
Used 418.267 GB / 1511.391 GB to store  62162865093 kmers; need 0.950 GB to sort     63780023 kmers
Used 418.394 GB / 1511.391 GB to store  62183444145 kmers; need 0.951 GB to sort     63802397 kmers
Used 418.523 GB / 1511.391 GB to store  62204023197 kmers; need 0.951 GB to sort     63824839 kmers
Used 418.649 GB / 1511.391 GB to store  62224602197 kmers; need 0.951 GB to sort     63847337 kmers
Used 418.774 GB / 1511.391 GB to store  62245181249 kmers; need 0.952 GB to sort     63870024 kmers
Used 418.901 GB / 1511.391 GB to store  62265760301 kmers; need 0.952 GB to sort     63892741 kmers
Used 419.029 GB / 1511.391 GB to store  62286339353 kmers; need 0.952 GB to sort     63913625 kmers
Used 419.156 GB / 1511.391 GB to store  62306918405 kmers; need 0.953 GB to sort     63934082 kmers
Used 419.283 GB / 1511.391 GB to store  62327497412 kmers; need 0.953 GB to sort     63953489 kmers
Used 419.410 GB / 1511.391 GB to store  62348076464 kmers; need 0.953 GB to sort     63973806 kmers
Used 419.537 GB / 1511.391 GB to store  62368655516 kmers; need 0.954 GB to sort     63994741 kmers
Used 419.663 GB / 1511.391 GB to store  62389234568 kmers; need 0.954 GB to sort     64014727 kmers
Used 419.789 GB / 1511.391 GB to store  62409813620 kmers; need 0.954 GB to sort     64035401 kmers
Used 419.916 GB / 1511.391 GB to store  62430392672 kmers; need 0.954 GB to sort     64054854 kmers
Used 420.043 GB / 1511.391 GB to store  62450971724 kmers; need 0.955 GB to sort     64075838 kmers
Used 420.170 GB / 1511.391 GB to store  62471550776 kmers; need 0.955 GB to sort     64095939 kmers
Used 420.297 GB / 1511.391 GB to store  62492129828 kmers; need 0.955 GB to sort     64116193 kmers
Used 420.423 GB / 1511.391 GB to store  62512708624 kmers; need 0.956 GB to sort     64137771 kmers
Used 420.548 GB / 1511.391 GB to store  62533287676 kmers; need 0.956 GB to sort     64160442 kmers
Used 420.675 GB / 1511.391 GB to store  62553866728 kmers; need 0.956 GB to sort     64182785 kmers
Used 420.802 GB / 1511.391 GB to store  62574445780 kmers; need 0.957 GB to sort     64203388 kmers
Used 420.929 GB / 1511.391 GB to store  62595024832 kmers; need 0.957 GB to sort     64224316 kmers
Used 421.055 GB / 1511.391 GB to store  62615603875 kmers; need 0.957 GB to sort     64244725 kmers
Used 421.183 GB / 1511.391 GB to store  62636182927 kmers; need 0.958 GB to sort     64265134 kmers
Used 421.311 GB / 1511.391 GB to store  62656761979 kmers; need 0.958 GB to sort     64285789 kmers
Used 421.436 GB / 1511.391 GB to store  62677341031 kmers; need 0.958 GB to sort     64306970 kmers
Used 421.564 GB / 1511.391 GB to store  62697920083 kmers; need 0.959 GB to sort     64328614 kmers
Used 421.691 GB / 1511.391 GB to store  62718499135 kmers; need 0.959 GB to sort     64350121 kmers
Used 421.816 GB / 1511.391 GB to store  62739078187 kmers; need 0.959 GB to sort     64371553 kmers
Used 421.942 GB / 1511.391 GB to store  62759657239 kmers; need 0.960 GB to sort     64393099 kmers
Used 422.070 GB / 1511.391 GB to store  62780236291 kmers; need 0.960 GB to sort     64413689 kmers
Used 422.196 GB / 1511.391 GB to store  62800815329 kmers; need 0.960 GB to sort     64435494 kmers
Used 422.322 GB / 1511.391 GB to store  62821394381 kmers; need 0.960 GB to sort     64457080 kmers
Used 422.449 GB / 1511.391 GB to store  62841973427 kmers; need 0.961 GB to sort     64479399 kmers
Used 422.574 GB / 1511.391 GB to store  62862552479 kmers; need 0.961 GB to sort     64500612 kmers
Used 422.702 GB / 1511.391 GB to store  62883131531 kmers; need 0.961 GB to sort     64521242 kmers
Used 422.829 GB / 1511.391 GB to store  62903710583 kmers; need 0.962 GB to sort     64542488 kmers
Used 422.954 GB / 1511.391 GB to store  62924289635 kmers; need 0.962 GB to sort     64563492 kmers
Used 423.081 GB / 1511.391 GB to store  62944868687 kmers; need 0.962 GB to sort     64584410 kmers
Used 423.208 GB / 1511.391 GB to store  62965447739 kmers; need 0.963 GB to sort     64605825 kmers
Used 423.335 GB / 1511.391 GB to store  62986026791 kmers; need 0.963 GB to sort     64627091 kmers
Used 423.462 GB / 1511.391 GB to store  63006605843 kmers; need 0.963 GB to sort     64649070 kmers
Used 423.590 GB / 1511.391 GB to store  63027184895 kmers; need 0.964 GB to sort     64669359 kmers
Used 423.716 GB / 1511.391 GB to store  63047763947 kmers; need 0.964 GB to sort     64690974 kmers
Used 423.843 GB / 1511.391 GB to store  63068342999 kmers; need 0.964 GB to sort     64710861 kmers
Used 423.970 GB / 1511.391 GB to store  63088922051 kmers; need 0.965 GB to sort     64731947 kmers
Used 424.097 GB / 1511.391 GB to store  63109501103 kmers; need 0.965 GB to sort     64753288 kmers
Used 424.223 GB / 1511.391 GB to store  63130080131 kmers; need 0.965 GB to sort     64774587 kmers
Used 424.349 GB / 1511.391 GB to store  63150659183 kmers; need 0.966 GB to sort     64796164 kmers
Used 424.475 GB / 1511.391 GB to store  63171238235 kmers; need 0.966 GB to sort     64817863 kmers
Used 424.601 GB / 1511.391 GB to store  63191817287 kmers; need 0.966 GB to sort     64839132 kmers
Used 424.727 GB / 1511.391 GB to store  63212396339 kmers; need 0.966 GB to sort     64860617 kmers
Used 424.853 GB / 1511.391 GB to store  63232975391 kmers; need 0.967 GB to sort     64881626 kmers
Used 424.980 GB / 1511.391 GB to store  63253554443 kmers; need 0.967 GB to sort     64903071 kmers
Used 425.107 GB / 1511.391 GB to store  63274133495 kmers; need 0.967 GB to sort     64924438 kmers
Used 425.234 GB / 1511.391 GB to store  63294712547 kmers; need 0.968 GB to sort     64945366 kmers
Used 425.359 GB / 1511.391 GB to store  63315291599 kmers; need 0.968 GB to sort     64966947 kmers
Used 425.486 GB / 1511.391 GB to store  63335870651 kmers; need 0.968 GB to sort     64988781 kmers
Used 425.612 GB / 1511.391 GB to store  63356449703 kmers; need 0.969 GB to sort     65010176 kmers
Used 425.739 GB / 1511.391 GB to store  63377028755 kmers; need 0.969 GB to sort     65032417 kmers
Used 425.866 GB / 1511.391 GB to store  63397607807 kmers; need 0.969 GB to sort     65054535 kmers
Used 425.992 GB / 1511.391 GB to store  63418186859 kmers; need 0.970 GB to sort     65075498 kmers
Used 426.119 GB / 1511.391 GB to store  63438765911 kmers; need 0.970 GB to sort     65097771 kmers
Used 426.245 GB / 1511.391 GB to store  63459344963 kmers; need 0.970 GB to sort     65119933 kmers
Used 426.373 GB / 1511.391 GB to store  63479924003 kmers; need 0.971 GB to sort     65141923 kmers
Used 426.499 GB / 1511.391 GB to store  63500503055 kmers; need 0.971 GB to sort     65163248 kmers
Used 426.625 GB / 1511.391 GB to store  63521082107 kmers; need 0.971 GB to sort     65185542 kmers
Used 426.751 GB / 1511.391 GB to store  63541661159 kmers; need 0.972 GB to sort     65207078 kmers
Used 426.879 GB / 1511.391 GB to store  63562240197 kmers; need 0.972 GB to sort     65229385 kmers
Used 427.007 GB / 1511.391 GB to store  63582819239 kmers; need 0.972 GB to sort     65251761 kmers
Used 427.134 GB / 1511.391 GB to store  63603398291 kmers; need 0.973 GB to sort     65273808 kmers
Used 427.262 GB / 1511.391 GB to store  63623977277 kmers; need 0.973 GB to sort     65295577 kmers
Used 427.389 GB / 1511.391 GB to store  63644556329 kmers; need 0.973 GB to sort     65317839 kmers
Used 427.516 GB / 1511.391 GB to store  63665135381 kmers; need 0.974 GB to sort     65339914 kmers
Used 427.642 GB / 1511.391 GB to store  63685714433 kmers; need 0.974 GB to sort     65362106 kmers
Used 427.769 GB / 1511.391 GB to store  63706293485 kmers; need 0.974 GB to sort     65384215 kmers
Used 427.895 GB / 1511.391 GB to store  63726872395 kmers; need 0.975 GB to sort     65406789 kmers
Used 428.023 GB / 1511.391 GB to store  63747451447 kmers; need 0.975 GB to sort     65429474 kmers
Used 428.149 GB / 1511.391 GB to store  63768030499 kmers; need 0.975 GB to sort     65451610 kmers
Used 428.276 GB / 1511.391 GB to store  63788609551 kmers; need 0.976 GB to sort     65474243 kmers
Used 428.402 GB / 1511.391 GB to store  63809188603 kmers; need 0.976 GB to sort     65496341 kmers
Used 428.529 GB / 1511.391 GB to store  63829767655 kmers; need 0.976 GB to sort     65518550 kmers
Used 428.656 GB / 1511.391 GB to store  63850346707 kmers; need 0.977 GB to sort     65541087 kmers
Used 428.782 GB / 1511.391 GB to store  63870925759 kmers; need 0.977 GB to sort     65563098 kmers
Used 428.910 GB / 1511.391 GB to store  63891504811 kmers; need 0.977 GB to sort     65585686 kmers
Used 429.037 GB / 1511.391 GB to store  63912083859 kmers; need 0.978 GB to sort     65608025 kmers
Used 429.164 GB / 1511.391 GB to store  63932662911 kmers; need 0.978 GB to sort     65630197 kmers
Used 429.290 GB / 1511.391 GB to store  63953241963 kmers; need 0.978 GB to sort     65652707 kmers
Used 429.417 GB / 1511.391 GB to store  63973821015 kmers; need 0.979 GB to sort     65675123 kmers
Used 429.543 GB / 1511.391 GB to store  63994400067 kmers; need 0.979 GB to sort     65696967 kmers
Used 429.669 GB / 1511.391 GB to store  64014979119 kmers; need 0.979 GB to sort     65718123 kmers
Used 429.795 GB / 1511.391 GB to store  64035558171 kmers; need 0.980 GB to sort     65738147 kmers
Used 429.922 GB / 1511.391 GB to store  64056137223 kmers; need 0.980 GB to sort     65759045 kmers
Used 430.049 GB / 1511.391 GB to store  64076716275 kmers; need 0.980 GB to sort     65778999 kmers
Used 430.176 GB / 1511.391 GB to store  64097295327 kmers; need 0.980 GB to sort     65799415 kmers
Used 430.301 GB / 1511.391 GB to store  64117874379 kmers; need 0.981 GB to sort     65820257 kmers
Used 430.428 GB / 1511.391 GB to store  64138453431 kmers; need 0.981 GB to sort     65840556 kmers
Used 430.555 GB / 1511.391 GB to store  64159032468 kmers; need 0.981 GB to sort     65862178 kmers
Used 430.681 GB / 1511.391 GB to store  64179611520 kmers; need 0.982 GB to sort     65882776 kmers
Used 430.807 GB / 1511.391 GB to store  64200190572 kmers; need 0.982 GB to sort     65903790 kmers
Used 430.935 GB / 1511.391 GB to store  64220769624 kmers; need 0.982 GB to sort     65924128 kmers
Used 431.062 GB / 1511.391 GB to store  64241348610 kmers; need 0.983 GB to sort     65944403 kmers
Used 431.189 GB / 1511.391 GB to store  64261927662 kmers; need 0.983 GB to sort     65965538 kmers
Used 431.316 GB / 1511.391 GB to store  64282506502 kmers; need 0.983 GB to sort     65986768 kmers
Used 431.442 GB / 1511.391 GB to store  64303085554 kmers; need 0.984 GB to sort     66009131 kmers
Used 431.568 GB / 1511.391 GB to store  64323664606 kmers; need 0.984 GB to sort     66032450 kmers
Used 431.697 GB / 1511.391 GB to store  64344243658 kmers; need 0.984 GB to sort     66053857 kmers
Used 431.824 GB / 1511.391 GB to store  64364822710 kmers; need 0.985 GB to sort     66074423 kmers
Used 431.951 GB / 1511.391 GB to store  64385401726 kmers; need 0.985 GB to sort     66095440 kmers
Used 432.078 GB / 1511.391 GB to store  64405980778 kmers; need 0.985 GB to sort     66116309 kmers
Used 432.204 GB / 1511.391 GB to store  64426559758 kmers; need 0.986 GB to sort     66137114 kmers
Used 432.330 GB / 1511.391 GB to store  64447138810 kmers; need 0.986 GB to sort     66158029 kmers
Used 432.457 GB / 1511.391 GB to store  64467717862 kmers; need 0.986 GB to sort     66179807 kmers
Used 432.584 GB / 1511.391 GB to store  64488296914 kmers; need 0.986 GB to sort     66200951 kmers
Used 432.709 GB / 1511.391 GB to store  64508875966 kmers; need 0.987 GB to sort     66222447 kmers
Used 432.836 GB / 1511.391 GB to store  64529455018 kmers; need 0.987 GB to sort     66243435 kmers
Used 432.962 GB / 1511.391 GB to store  64550034070 kmers; need 0.987 GB to sort     66264222 kmers
Used 433.088 GB / 1511.391 GB to store  64570613122 kmers; need 0.988 GB to sort     66284651 kmers
Used 433.214 GB / 1511.391 GB to store  64591192174 kmers; need 0.988 GB to sort     66305366 kmers
Used 433.341 GB / 1511.391 GB to store  64611771226 kmers; need 0.988 GB to sort     66326634 kmers
Used 433.467 GB / 1511.391 GB to store  64632350278 kmers; need 0.989 GB to sort     66348020 kmers
Used 433.595 GB / 1511.391 GB to store  64652929330 kmers; need 0.989 GB to sort     66369067 kmers
Used 433.722 GB / 1511.391 GB to store  64673508382 kmers; need 0.989 GB to sort     66390900 kmers
Used 433.848 GB / 1511.391 GB to store  64694087434 kmers; need 0.990 GB to sort     66412337 kmers
Used 433.974 GB / 1511.391 GB to store  64714666486 kmers; need 0.990 GB to sort     66434179 kmers
Used 434.102 GB / 1511.391 GB to store  64735245538 kmers; need 0.990 GB to sort     66456020 kmers
Used 434.228 GB / 1511.391 GB to store  64755824590 kmers; need 0.991 GB to sort     66477738 kmers
Used 434.354 GB / 1511.391 GB to store  64776403642 kmers; need 0.991 GB to sort     66499723 kmers
Used 434.480 GB / 1511.391 GB to store  64796982694 kmers; need 0.991 GB to sort     66521169 kmers
Used 434.608 GB / 1511.391 GB to store  64817561734 kmers; need 0.992 GB to sort     66542335 kmers
Used 434.734 GB / 1511.391 GB to store  64838140786 kmers; need 0.992 GB to sort     66563344 kmers
Used 434.861 GB / 1511.391 GB to store  64858719838 kmers; need 0.992 GB to sort     66584418 kmers
Used 434.987 GB / 1511.391 GB to store  64879298890 kmers; need 0.993 GB to sort     66605552 kmers
Used 435.114 GB / 1511.391 GB to store  64899877942 kmers; need 0.993 GB to sort     66627789 kmers
Used 435.240 GB / 1511.391 GB to store  64920456994 kmers; need 0.993 GB to sort     66649571 kmers
Used 435.367 GB / 1511.391 GB to store  64941036046 kmers; need 0.993 GB to sort     66671609 kmers
Used 435.494 GB / 1511.391 GB to store  64961615098 kmers; need 0.994 GB to sort     66692605 kmers
Used 435.621 GB / 1511.391 GB to store  64982194150 kmers; need 0.994 GB to sort     66713668 kmers
Used 435.748 GB / 1511.391 GB to store  65002773202 kmers; need 0.994 GB to sort     66734312 kmers
Used 435.874 GB / 1511.391 GB to store  65023352254 kmers; need 0.995 GB to sort     66756591 kmers
Used 436.001 GB / 1511.391 GB to store  65043931306 kmers; need 0.995 GB to sort     66777838 kmers
Used 436.128 GB / 1511.391 GB to store  65064510358 kmers; need 0.995 GB to sort     66798683 kmers
Used 436.254 GB / 1511.391 GB to store  65085089410 kmers; need 0.996 GB to sort     66820026 kmers
Used 436.381 GB / 1511.391 GB to store  65105668454 kmers; need 0.996 GB to sort     66840781 kmers
Used 436.508 GB / 1511.391 GB to store  65126247506 kmers; need 0.996 GB to sort     66863053 kmers
Used 436.634 GB / 1511.391 GB to store  65146826558 kmers; need 0.997 GB to sort     66884311 kmers
Used 436.761 GB / 1511.391 GB to store  65167405610 kmers; need 0.997 GB to sort     66906189 kmers
Used 436.886 GB / 1511.391 GB to store  65187984662 kmers; need 0.997 GB to sort     66928098 kmers
Used 437.013 GB / 1511.391 GB to store  65208563681 kmers; need 0.998 GB to sort     66950112 kmers
Used 437.138 GB / 1511.391 GB to store  65229142733 kmers; need 0.998 GB to sort     66971781 kmers
Used 437.265 GB / 1511.391 GB to store  65249721785 kmers; need 0.998 GB to sort     66993182 kmers
Used 437.392 GB / 1511.391 GB to store  65270300837 kmers; need 0.999 GB to sort     67014978 kmers
Used 437.519 GB / 1511.391 GB to store  65290879879 kmers; need 0.999 GB to sort     67036861 kmers
Used 437.646 GB / 1511.391 GB to store  65311458927 kmers; need 0.999 GB to sort     67058880 kmers
Used 437.772 GB / 1511.391 GB to store  65332037979 kmers; need 1.000 GB to sort     67080987 kmers
Used 437.900 GB / 1511.391 GB to store  65352617031 kmers; need 1.000 GB to sort     67103686 kmers
Used 438.028 GB / 1511.391 GB to store  65373196083 kmers; need 1.000 GB to sort     67125757 kmers
Used 438.154 GB / 1511.391 GB to store  65393775135 kmers; need 1.001 GB to sort     67147021 kmers
Used 438.282 GB / 1511.391 GB to store  65414354187 kmers; need 1.001 GB to sort     67169307 kmers
Used 438.410 GB / 1511.391 GB to store  65434933239 kmers; need 1.001 GB to sort     67190803 kmers
Used 438.536 GB / 1511.391 GB to store  65455512291 kmers; need 1.002 GB to sort     67212680 kmers
Used 438.663 GB / 1511.391 GB to store  65476091343 kmers; need 1.002 GB to sort     67233811 kmers
Used 438.789 GB / 1511.391 GB to store  65496670355 kmers; need 1.002 GB to sort     67256389 kmers
Used 438.916 GB / 1511.391 GB to store  65517249407 kmers; need 1.003 GB to sort     67278723 kmers
Used 439.043 GB / 1511.391 GB to store  65537828459 kmers; need 1.003 GB to sort     67300846 kmers
Used 439.169 GB / 1511.391 GB to store  65558407511 kmers; need 1.003 GB to sort     67322951 kmers
Used 439.296 GB / 1511.391 GB to store  65578986563 kmers; need 1.004 GB to sort     67345200 kmers
Used 439.422 GB / 1511.391 GB to store  65599565599 kmers; need 1.004 GB to sort     67366879 kmers
Used 439.548 GB / 1511.391 GB to store  65620144651 kmers; need 1.004 GB to sort     67389308 kmers
Used 439.675 GB / 1511.391 GB to store  65640723703 kmers; need 1.005 GB to sort     67411849 kmers
Used 439.802 GB / 1511.391 GB to store  65661302755 kmers; need 1.005 GB to sort     67434478 kmers
Used 439.928 GB / 1511.391 GB to store  65681881807 kmers; need 1.005 GB to sort     67456770 kmers
Used 440.054 GB / 1511.391 GB to store  65702460859 kmers; need 1.006 GB to sort     67479481 kmers
Used 440.181 GB / 1511.391 GB to store  65723039911 kmers; need 1.006 GB to sort     67501882 kmers
Used 440.307 GB / 1511.391 GB to store  65743618963 kmers; need 1.006 GB to sort     67523822 kmers
Used 440.434 GB / 1511.391 GB to store  65764198015 kmers; need 1.007 GB to sort     67545085 kmers
Used 440.560 GB / 1511.391 GB to store  65784776943 kmers; need 1.007 GB to sort     67566810 kmers
Used 440.687 GB / 1511.391 GB to store  65805355995 kmers; need 1.007 GB to sort     67588798 kmers
Used 440.813 GB / 1511.391 GB to store  65825935047 kmers; need 1.007 GB to sort     67611401 kmers
Used 440.939 GB / 1511.391 GB to store  65846514099 kmers; need 1.008 GB to sort     67633768 kmers
Used 441.067 GB / 1511.391 GB to store  65867093151 kmers; need 1.008 GB to sort     67655343 kmers
Used 441.194 GB / 1511.391 GB to store  65887672017 kmers; need 1.008 GB to sort     67677916 kmers
Used 441.321 GB / 1511.391 GB to store  65908251069 kmers; need 1.009 GB to sort     67699547 kmers
Used 441.447 GB / 1511.391 GB to store  65928830121 kmers; need 1.009 GB to sort     67722091 kmers
Used 441.572 GB / 1511.391 GB to store  65949409173 kmers; need 1.009 GB to sort     67743696 kmers
Used 441.700 GB / 1511.391 GB to store  65969988225 kmers; need 1.010 GB to sort     67766358 kmers
Used 441.826 GB / 1511.391 GB to store  65990567199 kmers; need 1.010 GB to sort     67788952 kmers
Used 441.954 GB / 1511.391 GB to store  66011146251 kmers; need 1.010 GB to sort     67809962 kmers
Used 442.080 GB / 1511.391 GB to store  66031725303 kmers; need 1.011 GB to sort     67830943 kmers
Used 442.207 GB / 1511.391 GB to store  66052304355 kmers; need 1.011 GB to sort     67850827 kmers
Used 442.335 GB / 1511.391 GB to store  66072883395 kmers; need 1.011 GB to sort     67870691 kmers
Used 442.461 GB / 1511.391 GB to store  66093462441 kmers; need 1.012 GB to sort     67890994 kmers
Used 442.587 GB / 1511.391 GB to store  66114041493 kmers; need 1.012 GB to sort     67911561 kmers
Used 442.713 GB / 1511.391 GB to store  66134620545 kmers; need 1.012 GB to sort     67932116 kmers
Used 442.840 GB / 1511.391 GB to store  66155199597 kmers; need 1.013 GB to sort     67953308 kmers
Used 442.968 GB / 1511.391 GB to store  66175778649 kmers; need 1.013 GB to sort     67973607 kmers
Used 443.095 GB / 1511.391 GB to store  66196357701 kmers; need 1.013 GB to sort     67994241 kmers
Used 443.222 GB / 1511.391 GB to store  66216936753 kmers; need 1.014 GB to sort     68015356 kmers
Used 443.349 GB / 1511.391 GB to store  66237515805 kmers; need 1.014 GB to sort     68035904 kmers
Used 443.477 GB / 1511.391 GB to store  66258094857 kmers; need 1.014 GB to sort     68057413 kmers
Used 443.603 GB / 1511.391 GB to store  66278673909 kmers; need 1.014 GB to sort     68078731 kmers
Used 443.729 GB / 1511.391 GB to store  66299252961 kmers; need 1.015 GB to sort     68100132 kmers
Used 443.855 GB / 1511.391 GB to store  66319832013 kmers; need 1.015 GB to sort     68121193 kmers
Used 443.982 GB / 1511.391 GB to store  66340411065 kmers; need 1.015 GB to sort     68142289 kmers
Used 444.109 GB / 1511.391 GB to store  66360990111 kmers; need 1.016 GB to sort     68163215 kmers
Used 444.235 GB / 1511.391 GB to store  66381569163 kmers; need 1.016 GB to sort     68184336 kmers
Used 444.360 GB / 1511.391 GB to store  66402148215 kmers; need 1.016 GB to sort     68205338 kmers
Used 444.488 GB / 1511.391 GB to store  66422727267 kmers; need 1.017 GB to sort     68226640 kmers
Used 444.615 GB / 1511.391 GB to store  66443306319 kmers; need 1.017 GB to sort     68247674 kmers
Used 444.742 GB / 1511.391 GB to store  66463885371 kmers; need 1.017 GB to sort     68269308 kmers
Used 444.868 GB / 1511.391 GB to store  66484464423 kmers; need 1.018 GB to sort     68290888 kmers
Used 444.995 GB / 1511.391 GB to store  66505043475 kmers; need 1.018 GB to sort     68311619 kmers
Used 445.122 GB / 1511.391 GB to store  66525622527 kmers; need 1.018 GB to sort     68332920 kmers
Used 445.248 GB / 1511.391 GB to store  66546201579 kmers; need 1.019 GB to sort     68354240 kmers
Used 445.375 GB / 1511.391 GB to store  66566780631 kmers; need 1.019 GB to sort     68375250 kmers
Used 445.501 GB / 1511.391 GB to store  66587359683 kmers; need 1.019 GB to sort     68396366 kmers
Used 445.628 GB / 1511.391 GB to store  66607938735 kmers; need 1.019 GB to sort     68417085 kmers
Used 445.754 GB / 1511.391 GB to store  66628517787 kmers; need 1.020 GB to sort     68438505 kmers
Used 445.881 GB / 1511.391 GB to store  66649096833 kmers; need 1.020 GB to sort     68460268 kmers
Used 446.007 GB / 1511.391 GB to store  66669675885 kmers; need 1.020 GB to sort     68480715 kmers
Used 446.134 GB / 1511.391 GB to store  66690254937 kmers; need 1.021 GB to sort     68502021 kmers
Used 446.262 GB / 1511.391 GB to store  66710833989 kmers; need 1.021 GB to sort     68524092 kmers
Used 446.388 GB / 1511.391 GB to store  66731413020 kmers; need 1.021 GB to sort     68545256 kmers
Used 446.513 GB / 1511.391 GB to store  66751992072 kmers; need 1.022 GB to sort     68566667 kmers
Used 446.640 GB / 1511.391 GB to store  66772571124 kmers; need 1.022 GB to sort     68588702 kmers
Used 446.766 GB / 1511.391 GB to store  66793150176 kmers; need 1.022 GB to sort     68610542 kmers
Used 446.893 GB / 1511.391 GB to store  66813729228 kmers; need 1.023 GB to sort     68631480 kmers
Used 447.020 GB / 1511.391 GB to store  66834308280 kmers; need 1.023 GB to sort     68653275 kmers
Used 447.147 GB / 1511.391 GB to store  66854887332 kmers; need 1.023 GB to sort     68674264 kmers
Used 447.274 GB / 1511.391 GB to store  66875466384 kmers; need 1.024 GB to sort     68695030 kmers
Used 447.400 GB / 1511.391 GB to store  66896045436 kmers; need 1.024 GB to sort     68716606 kmers
Used 447.526 GB / 1511.391 GB to store  66916624488 kmers; need 1.024 GB to sort     68738272 kmers
Used 447.654 GB / 1511.391 GB to store  66937203540 kmers; need 1.025 GB to sort     68759861 kmers
Used 447.781 GB / 1511.391 GB to store  66957782592 kmers; need 1.025 GB to sort     68781646 kmers
Used 447.907 GB / 1511.391 GB to store  66978361644 kmers; need 1.025 GB to sort     68803149 kmers
Used 448.033 GB / 1511.391 GB to store  66998940696 kmers; need 1.026 GB to sort     68824506 kmers
Used 448.159 GB / 1511.391 GB to store  67019519748 kmers; need 1.026 GB to sort     68845566 kmers
Used 448.288 GB / 1511.391 GB to store  67040098800 kmers; need 1.026 GB to sort     68867472 kmers
Used 448.415 GB / 1511.391 GB to store  67060677852 kmers; need 1.027 GB to sort     68888979 kmers
Used 448.542 GB / 1511.391 GB to store  67081256904 kmers; need 1.027 GB to sort     68910559 kmers
Used 448.668 GB / 1511.391 GB to store  67101835956 kmers; need 1.027 GB to sort     68932241 kmers
Used 448.793 GB / 1511.391 GB to store  67122414990 kmers; need 1.027 GB to sort     68954070 kmers
Used 448.920 GB / 1511.391 GB to store  67142994042 kmers; need 1.028 GB to sort     68975527 kmers
Used 449.047 GB / 1511.391 GB to store  67163573094 kmers; need 1.028 GB to sort     68997934 kmers
Used 449.173 GB / 1511.391 GB to store  67184152146 kmers; need 1.028 GB to sort     69019016 kmers
Used 449.299 GB / 1511.391 GB to store  67204731198 kmers; need 1.029 GB to sort     69040611 kmers
Used 449.425 GB / 1511.391 GB to store  67225310250 kmers; need 1.029 GB to sort     69063010 kmers
Used 449.553 GB / 1511.391 GB to store  67245889302 kmers; need 1.029 GB to sort     69084314 kmers
Used 449.681 GB / 1511.391 GB to store  67266468354 kmers; need 1.030 GB to sort     69105983 kmers
Used 449.807 GB / 1511.391 GB to store  67287047406 kmers; need 1.030 GB to sort     69127397 kmers
Used 449.934 GB / 1511.391 GB to store  67307626458 kmers; need 1.030 GB to sort     69149012 kmers
Used 450.059 GB / 1511.391 GB to store  67328205510 kmers; need 1.031 GB to sort     69170279 kmers
Used 450.186 GB / 1511.391 GB to store  67348784562 kmers; need 1.031 GB to sort     69191464 kmers
Used 450.313 GB / 1511.391 GB to store  67369363614 kmers; need 1.031 GB to sort     69212561 kmers
Used 450.440 GB / 1511.391 GB to store  67389942666 kmers; need 1.032 GB to sort     69234730 kmers
Used 450.568 GB / 1511.391 GB to store  67410521718 kmers; need 1.032 GB to sort     69256375 kmers
Used 450.694 GB / 1511.391 GB to store  67431100770 kmers; need 1.032 GB to sort     69278208 kmers
Used 450.821 GB / 1511.391 GB to store  67451679822 kmers; need 1.033 GB to sort     69299622 kmers
Used 450.948 GB / 1511.391 GB to store  67472258874 kmers; need 1.033 GB to sort     69321644 kmers
Used 451.076 GB / 1511.391 GB to store  67492837926 kmers; need 1.033 GB to sort     69343994 kmers
Used 451.202 GB / 1511.391 GB to store  67513416957 kmers; need 1.034 GB to sort     69365734 kmers
Used 451.330 GB / 1511.391 GB to store  67533996009 kmers; need 1.034 GB to sort     69387575 kmers
Used 451.456 GB / 1511.391 GB to store  67554575061 kmers; need 1.034 GB to sort     69409744 kmers
Used 451.584 GB / 1511.391 GB to store  67575154113 kmers; need 1.035 GB to sort     69431623 kmers
Used 451.710 GB / 1511.391 GB to store  67595733165 kmers; need 1.035 GB to sort     69452483 kmers
Used 451.837 GB / 1511.391 GB to store  67616312177 kmers; need 1.035 GB to sort     69474867 kmers
Used 451.963 GB / 1511.391 GB to store  67636891229 kmers; need 1.036 GB to sort     69496215 kmers
Used 452.091 GB / 1511.391 GB to store  67657470281 kmers; need 1.036 GB to sort     69518148 kmers
Used 452.218 GB / 1511.391 GB to store  67678049333 kmers; need 1.036 GB to sort     69540240 kmers
Used 452.344 GB / 1511.391 GB to store  67698628385 kmers; need 1.037 GB to sort     69562686 kmers
Used 452.472 GB / 1511.391 GB to store  67719207329 kmers; need 1.037 GB to sort     69584938 kmers
Used 452.599 GB / 1511.391 GB to store  67739786381 kmers; need 1.037 GB to sort     69607606 kmers
Used 452.725 GB / 1511.391 GB to store  67760365433 kmers; need 1.038 GB to sort     69630151 kmers
Used 452.852 GB / 1511.391 GB to store  67780944485 kmers; need 1.038 GB to sort     69652251 kmers
Used 452.979 GB / 1511.391 GB to store  67801523537 kmers; need 1.038 GB to sort     69674518 kmers
Used 453.106 GB / 1511.391 GB to store  67822102589 kmers; need 1.039 GB to sort     69697046 kmers
Used 453.233 GB / 1511.391 GB to store  67842681641 kmers; need 1.039 GB to sort     69719005 kmers
Used 453.359 GB / 1511.391 GB to store  67863260693 kmers; need 1.039 GB to sort     69741553 kmers
Used 453.485 GB / 1511.391 GB to store  67883839745 kmers; need 1.040 GB to sort     69764252 kmers
Used 453.612 GB / 1511.391 GB to store  67904418797 kmers; need 1.040 GB to sort     69786395 kmers
Used 453.738 GB / 1511.391 GB to store  67924997849 kmers; need 1.040 GB to sort     69807668 kmers
Used 453.864 GB / 1511.391 GB to store  67945576901 kmers; need 1.041 GB to sort     69828967 kmers
Used 453.990 GB / 1511.391 GB to store  67966155909 kmers; need 1.041 GB to sort     69851025 kmers
Used 454.118 GB / 1511.391 GB to store  67986734961 kmers; need 1.041 GB to sort     69873480 kmers
Used 454.244 GB / 1511.391 GB to store  68007314013 kmers; need 1.042 GB to sort     69896128 kmers
Used 454.371 GB / 1511.391 GB to store  68027893065 kmers; need 1.042 GB to sort     69918203 kmers
Used 454.499 GB / 1511.391 GB to store  68048472117 kmers; need 1.042 GB to sort     69939829 kmers
Used 454.625 GB / 1511.391 GB to store  68069051169 kmers; need 1.042 GB to sort     69960289 kmers
Used 454.751 GB / 1511.391 GB to store  68089630221 kmers; need 1.043 GB to sort     69980195 kmers
Used 454.878 GB / 1511.391 GB to store  68110209273 kmers; need 1.043 GB to sort     70000777 kmers
Used 455.005 GB / 1511.391 GB to store  68130788325 kmers; need 1.043 GB to sort     70021384 kmers
Used 455.131 GB / 1511.391 GB to store  68151367377 kmers; need 1.044 GB to sort     70042064 kmers
Used 455.257 GB / 1511.391 GB to store  68171946429 kmers; need 1.044 GB to sort     70062714 kmers
Used 455.383 GB / 1511.391 GB to store  68192525481 kmers; need 1.044 GB to sort     70082619 kmers
Used 455.510 GB / 1511.391 GB to store  68213104533 kmers; need 1.045 GB to sort     70103195 kmers
Used 455.636 GB / 1511.391 GB to store  68233683585 kmers; need 1.045 GB to sort     70123143 kmers
Used 455.762 GB / 1511.391 GB to store  68254262637 kmers; need 1.045 GB to sort     70143829 kmers
Used 455.889 GB / 1511.391 GB to store  68274841683 kmers; need 1.046 GB to sort     70164478 kmers
Used 456.015 GB / 1511.391 GB to store  68295420735 kmers; need 1.046 GB to sort     70185616 kmers
Used 456.142 GB / 1511.391 GB to store  68315999787 kmers; need 1.046 GB to sort     70206226 kmers
Used 456.269 GB / 1511.391 GB to store  68336578839 kmers; need 1.046 GB to sort     70227037 kmers
Used 456.395 GB / 1511.391 GB to store  68357157891 kmers; need 1.047 GB to sort     70247295 kmers
Used 456.521 GB / 1511.391 GB to store  68377736943 kmers; need 1.047 GB to sort     70268195 kmers
Used 456.648 GB / 1511.391 GB to store  68398315995 kmers; need 1.047 GB to sort     70289334 kmers
Used 456.775 GB / 1511.391 GB to store  68418894841 kmers; need 1.048 GB to sort     70310388 kmers
Used 456.901 GB / 1511.391 GB to store  68439473893 kmers; need 1.048 GB to sort     70332568 kmers
Used 457.028 GB / 1511.391 GB to store  68460052945 kmers; need 1.048 GB to sort     70354789 kmers
Used 457.154 GB / 1511.391 GB to store  68480631997 kmers; need 1.049 GB to sort     70375714 kmers
Used 457.281 GB / 1511.391 GB to store  68501211049 kmers; need 1.049 GB to sort     70397246 kmers
Used 457.408 GB / 1511.391 GB to store  68521790089 kmers; need 1.049 GB to sort     70419407 kmers
Used 457.534 GB / 1511.391 GB to store  68542369141 kmers; need 1.050 GB to sort     70440143 kmers
Used 457.661 GB / 1511.391 GB to store  68562948193 kmers; need 1.050 GB to sort     70461494 kmers
Used 457.789 GB / 1511.391 GB to store  68583527245 kmers; need 1.050 GB to sort     70482726 kmers
Used 457.917 GB / 1511.391 GB to store  68604106297 kmers; need 1.051 GB to sort     70503291 kmers
Used 458.042 GB / 1511.391 GB to store  68624685349 kmers; need 1.051 GB to sort     70524295 kmers
Used 458.169 GB / 1511.391 GB to store  68645264401 kmers; need 1.051 GB to sort     70544547 kmers
Used 458.296 GB / 1511.391 GB to store  68665843453 kmers; need 1.052 GB to sort     70566476 kmers
Used 458.423 GB / 1511.391 GB to store  68686422505 kmers; need 1.052 GB to sort     70588047 kmers
Used 458.550 GB / 1511.391 GB to store  68707001557 kmers; need 1.052 GB to sort     70609222 kmers
Used 458.675 GB / 1511.391 GB to store  68727580609 kmers; need 1.052 GB to sort     70630794 kmers
Used 458.803 GB / 1511.391 GB to store  68748159661 kmers; need 1.053 GB to sort     70651980 kmers
Used 458.931 GB / 1511.391 GB to store  68768738713 kmers; need 1.053 GB to sort     70673373 kmers
Used 459.058 GB / 1511.391 GB to store  68789317765 kmers; need 1.053 GB to sort     70695112 kmers
Used 459.183 GB / 1511.391 GB to store  68809896814 kmers; need 1.054 GB to sort     70715748 kmers
Used 459.310 GB / 1511.391 GB to store  68830475866 kmers; need 1.054 GB to sort     70737104 kmers
Used 459.436 GB / 1511.391 GB to store  68851054915 kmers; need 1.054 GB to sort     70758516 kmers
Used 459.563 GB / 1511.391 GB to store  68871633967 kmers; need 1.055 GB to sort     70780634 kmers
Used 459.690 GB / 1511.391 GB to store  68892213019 kmers; need 1.055 GB to sort     70802396 kmers
Used 459.816 GB / 1511.391 GB to store  68912792071 kmers; need 1.055 GB to sort     70823388 kmers
Used 459.943 GB / 1511.391 GB to store  68933371123 kmers; need 1.056 GB to sort     70844820 kmers
Used 460.070 GB / 1511.391 GB to store  68953950175 kmers; need 1.056 GB to sort     70866516 kmers
Used 460.196 GB / 1511.391 GB to store  68974529227 kmers; need 1.056 GB to sort     70888379 kmers
Used 460.323 GB / 1511.391 GB to store  68995108279 kmers; need 1.057 GB to sort     70909103 kmers
Used 460.450 GB / 1511.391 GB to store  69015687331 kmers; need 1.057 GB to sort     70930554 kmers
Used 460.578 GB / 1511.391 GB to store  69036266383 kmers; need 1.057 GB to sort     70951693 kmers
Used 460.704 GB / 1511.391 GB to store  69056845435 kmers; need 1.058 GB to sort     70973132 kmers
Used 460.831 GB / 1511.391 GB to store  69077424487 kmers; need 1.058 GB to sort     70994947 kmers
Used 460.957 GB / 1511.391 GB to store  69098003539 kmers; need 1.058 GB to sort     71016691 kmers
Used 461.083 GB / 1511.391 GB to store  69118582591 kmers; need 1.059 GB to sort     71038388 kmers
Used 461.208 GB / 1511.391 GB to store  69139161643 kmers; need 1.059 GB to sort     71058986 kmers
Used 461.335 GB / 1511.391 GB to store  69159740695 kmers; need 1.059 GB to sort     71080497 kmers
Used 461.461 GB / 1511.391 GB to store  69180319747 kmers; need 1.060 GB to sort     71102730 kmers
Used 461.589 GB / 1511.391 GB to store  69200898799 kmers; need 1.060 GB to sort     71123780 kmers
Used 461.717 GB / 1511.391 GB to store  69221477851 kmers; need 1.060 GB to sort     71145484 kmers
Used 461.844 GB / 1511.391 GB to store  69242056901 kmers; need 1.060 GB to sort     71166882 kmers
Used 461.971 GB / 1511.391 GB to store  69262635953 kmers; need 1.061 GB to sort     71188317 kmers
Used 462.098 GB / 1511.391 GB to store  69283215005 kmers; need 1.061 GB to sort     71210208 kmers
Used 462.225 GB / 1511.391 GB to store  69303794057 kmers; need 1.061 GB to sort     71232879 kmers
Used 462.351 GB / 1511.391 GB to store  69324373109 kmers; need 1.062 GB to sort     71254233 kmers
Used 462.477 GB / 1511.391 GB to store  69344952159 kmers; need 1.062 GB to sort     71275467 kmers
Used 462.604 GB / 1511.391 GB to store  69365531211 kmers; need 1.062 GB to sort     71297182 kmers
Used 462.731 GB / 1511.391 GB to store  69386110263 kmers; need 1.063 GB to sort     71319154 kmers
Used 462.857 GB / 1511.391 GB to store  69406689289 kmers; need 1.063 GB to sort     71340748 kmers
Used 462.984 GB / 1511.391 GB to store  69427268341 kmers; need 1.063 GB to sort     71363042 kmers
Used 463.112 GB / 1511.391 GB to store  69447847393 kmers; need 1.064 GB to sort     71385421 kmers
Used 463.239 GB / 1511.391 GB to store  69468426445 kmers; need 1.064 GB to sort     71407396 kmers
Used 463.366 GB / 1511.391 GB to store  69489005489 kmers; need 1.064 GB to sort     71429502 kmers
Used 463.492 GB / 1511.391 GB to store  69509584541 kmers; need 1.065 GB to sort     71451940 kmers
Used 463.618 GB / 1511.391 GB to store  69530163593 kmers; need 1.065 GB to sort     71474305 kmers
Used 463.745 GB / 1511.391 GB to store  69550742645 kmers; need 1.065 GB to sort     71496719 kmers
Used 463.872 GB / 1511.391 GB to store  69571321697 kmers; need 1.066 GB to sort     71519704 kmers
Used 463.998 GB / 1511.391 GB to store  69591900749 kmers; need 1.066 GB to sort     71541906 kmers
Used 464.125 GB / 1511.391 GB to store  69612479801 kmers; need 1.066 GB to sort     71563621 kmers
Used 464.252 GB / 1511.391 GB to store  69633058755 kmers; need 1.067 GB to sort     71585451 kmers
Used 464.378 GB / 1511.391 GB to store  69653637807 kmers; need 1.067 GB to sort     71608397 kmers
Used 464.504 GB / 1511.391 GB to store  69674216859 kmers; need 1.067 GB to sort     71631164 kmers
Used 464.631 GB / 1511.391 GB to store  69694795911 kmers; need 1.068 GB to sort     71653019 kmers
Used 464.759 GB / 1511.391 GB to store  69715374963 kmers; need 1.068 GB to sort     71676412 kmers
Used 464.885 GB / 1511.391 GB to store  69735953803 kmers; need 1.068 GB to sort     71698463 kmers
Used 465.012 GB / 1511.391 GB to store  69756532855 kmers; need 1.069 GB to sort     71721299 kmers
Used 465.138 GB / 1511.391 GB to store  69777111907 kmers; need 1.069 GB to sort     71743783 kmers
Used 465.265 GB / 1511.391 GB to store  69797690959 kmers; need 1.069 GB to sort     71766434 kmers
Used 465.391 GB / 1511.391 GB to store  69818270011 kmers; need 1.070 GB to sort     71789387 kmers
Used 465.519 GB / 1511.391 GB to store  69838848989 kmers; need 1.070 GB to sort     71811784 kmers
Used 465.645 GB / 1511.391 GB to store  69859428041 kmers; need 1.070 GB to sort     71834254 kmers
Used 465.772 GB / 1511.391 GB to store  69880007093 kmers; need 1.071 GB to sort     71856065 kmers
Used 465.899 GB / 1511.391 GB to store  69900586145 kmers; need 1.071 GB to sort     71876488 kmers
Used 466.025 GB / 1511.391 GB to store  69921165197 kmers; need 1.071 GB to sort     71896834 kmers
Used 466.152 GB / 1511.391 GB to store  69941744249 kmers; need 1.072 GB to sort     71917550 kmers
Used 466.279 GB / 1511.391 GB to store  69962323301 kmers; need 1.072 GB to sort     71938430 kmers
Used 466.406 GB / 1511.391 GB to store  69982902353 kmers; need 1.072 GB to sort     71958592 kmers
Used 466.531 GB / 1511.391 GB to store  70003481405 kmers; need 1.073 GB to sort     71979578 kmers
Used 466.659 GB / 1511.391 GB to store  70024060457 kmers; need 1.073 GB to sort     72000617 kmers
Used 466.785 GB / 1511.391 GB to store  70044639509 kmers; need 1.073 GB to sort     72020739 kmers
Used 466.912 GB / 1511.391 GB to store  70065218561 kmers; need 1.073 GB to sort     72041004 kmers
Used 467.038 GB / 1511.391 GB to store  70085797613 kmers; need 1.074 GB to sort     72061902 kmers
Used 467.165 GB / 1511.391 GB to store  70106376665 kmers; need 1.074 GB to sort     72082315 kmers
Used 467.292 GB / 1511.391 GB to store  70126955717 kmers; need 1.074 GB to sort     72103570 kmers
Used 467.418 GB / 1511.391 GB to store  70147534769 kmers; need 1.075 GB to sort     72123672 kmers
Used 467.545 GB / 1511.391 GB to store  70168113821 kmers; need 1.075 GB to sort     72144222 kmers
Used 467.672 GB / 1511.391 GB to store  70188692873 kmers; need 1.075 GB to sort     72164611 kmers
Used 467.798 GB / 1511.391 GB to store  70209271922 kmers; need 1.076 GB to sort     72185395 kmers
Used 467.924 GB / 1511.391 GB to store  70229850974 kmers; need 1.076 GB to sort     72206313 kmers
Used 468.051 GB / 1511.391 GB to store  70250430026 kmers; need 1.076 GB to sort     72227312 kmers
Used 468.177 GB / 1511.391 GB to store  70271009078 kmers; need 1.077 GB to sort     72248554 kmers
Used 468.305 GB / 1511.391 GB to store  70291588130 kmers; need 1.077 GB to sort     72269178 kmers
Used 468.432 GB / 1511.391 GB to store  70312167182 kmers; need 1.077 GB to sort     72290167 kmers
Used 468.559 GB / 1511.391 GB to store  70332746234 kmers; need 1.078 GB to sort     72311224 kmers
Used 468.687 GB / 1511.391 GB to store  70353325286 kmers; need 1.078 GB to sort     72332793 kmers
Used 468.813 GB / 1511.391 GB to store  70373904338 kmers; need 1.078 GB to sort     72354855 kmers
Used 468.939 GB / 1511.391 GB to store  70394483390 kmers; need 1.079 GB to sort     72376989 kmers
Used 469.065 GB / 1511.391 GB to store  70415062442 kmers; need 1.079 GB to sort     72397722 kmers
Used 469.191 GB / 1511.391 GB to store  70435641479 kmers; need 1.079 GB to sort     72419605 kmers
Used 469.317 GB / 1511.391 GB to store  70456220531 kmers; need 1.079 GB to sort     72440733 kmers
Used 469.445 GB / 1511.391 GB to store  70476799583 kmers; need 1.080 GB to sort     72462353 kmers
Used 469.572 GB / 1511.391 GB to store  70497378635 kmers; need 1.080 GB to sort     72483105 kmers
Used 469.698 GB / 1511.391 GB to store  70517957687 kmers; need 1.080 GB to sort     72504439 kmers
Used 469.824 GB / 1511.391 GB to store  70538536739 kmers; need 1.081 GB to sort     72525592 kmers
Used 469.952 GB / 1511.391 GB to store  70559115791 kmers; need 1.081 GB to sort     72547492 kmers
Used 470.079 GB / 1511.391 GB to store  70579694843 kmers; need 1.081 GB to sort     72569295 kmers
Used 470.205 GB / 1511.391 GB to store  70600273895 kmers; need 1.082 GB to sort     72589685 kmers
Used 470.332 GB / 1511.391 GB to store  70620852947 kmers; need 1.082 GB to sort     72610863 kmers
Used 470.459 GB / 1511.391 GB to store  70641431999 kmers; need 1.082 GB to sort     72632182 kmers
Used 470.584 GB / 1511.391 GB to store  70662011051 kmers; need 1.083 GB to sort     72654072 kmers
Used 470.712 GB / 1511.391 GB to store  70682590103 kmers; need 1.083 GB to sort     72675956 kmers
Used 470.839 GB / 1511.391 GB to store  70703169155 kmers; need 1.083 GB to sort     72697946 kmers
Used 470.967 GB / 1511.391 GB to store  70723748207 kmers; need 1.084 GB to sort     72719142 kmers
Used 471.093 GB / 1511.391 GB to store  70744327259 kmers; need 1.084 GB to sort     72740667 kmers
Used 471.220 GB / 1511.391 GB to store  70764906311 kmers; need 1.084 GB to sort     72762679 kmers
Used 471.347 GB / 1511.391 GB to store  70785485363 kmers; need 1.085 GB to sort     72784746 kmers
Used 471.474 GB / 1511.391 GB to store  70806064415 kmers; need 1.085 GB to sort     72806952 kmers
Used 471.600 GB / 1511.391 GB to store  70826643467 kmers; need 1.085 GB to sort     72828375 kmers
Used 471.726 GB / 1511.391 GB to store  70847222519 kmers; need 1.086 GB to sort     72849513 kmers
Used 471.854 GB / 1511.391 GB to store  70867801571 kmers; need 1.086 GB to sort     72871349 kmers
Used 471.980 GB / 1511.391 GB to store  70888380623 kmers; need 1.086 GB to sort     72893175 kmers
Used 472.107 GB / 1511.391 GB to store  70908959675 kmers; need 1.087 GB to sort     72914036 kmers
Used 472.235 GB / 1511.391 GB to store  70929538727 kmers; need 1.087 GB to sort     72935308 kmers
Used 472.360 GB / 1511.391 GB to store  70950117779 kmers; need 1.087 GB to sort     72955892 kmers
Used 472.487 GB / 1511.391 GB to store  70970696831 kmers; need 1.087 GB to sort     72976830 kmers
Used 472.614 GB / 1511.391 GB to store  70991275883 kmers; need 1.088 GB to sort     72998679 kmers
Used 472.741 GB / 1511.391 GB to store  71011854935 kmers; need 1.088 GB to sort     73019953 kmers
Used 472.867 GB / 1511.391 GB to store  71032433987 kmers; need 1.088 GB to sort     73041499 kmers
Used 472.995 GB / 1511.391 GB to store  71053013039 kmers; need 1.089 GB to sort     73062736 kmers
Used 473.123 GB / 1511.391 GB to store  71073592091 kmers; need 1.089 GB to sort     73084709 kmers
Used 473.249 GB / 1511.391 GB to store  71094171143 kmers; need 1.089 GB to sort     73106298 kmers
Used 473.376 GB / 1511.391 GB to store  71114750189 kmers; need 1.090 GB to sort     73127929 kmers
Used 473.503 GB / 1511.391 GB to store  71135329241 kmers; need 1.090 GB to sort     73149920 kmers
Used 473.629 GB / 1511.391 GB to store  71155908293 kmers; need 1.090 GB to sort     73171988 kmers
Used 473.756 GB / 1511.391 GB to store  71176487345 kmers; need 1.091 GB to sort     73193141 kmers
Used 473.883 GB / 1511.391 GB to store  71197066397 kmers; need 1.091 GB to sort     73215617 kmers
Used 474.010 GB / 1511.391 GB to store  71217645449 kmers; need 1.091 GB to sort     73237753 kmers
Used 474.136 GB / 1511.391 GB to store  71238224501 kmers; need 1.092 GB to sort     73259067 kmers
Used 474.262 GB / 1511.391 GB to store  71258803553 kmers; need 1.092 GB to sort     73280800 kmers
Used 474.390 GB / 1511.391 GB to store  71279382605 kmers; need 1.092 GB to sort     73302768 kmers
Used 474.516 GB / 1511.391 GB to store  71299961657 kmers; need 1.093 GB to sort     73325106 kmers
Used 474.642 GB / 1511.391 GB to store  71320540709 kmers; need 1.093 GB to sort     73347112 kmers
Used 474.769 GB / 1511.391 GB to store  71341119761 kmers; need 1.093 GB to sort     73369774 kmers
Used 474.896 GB / 1511.391 GB to store  71361698813 kmers; need 1.094 GB to sort     73392030 kmers
Used 475.021 GB / 1511.391 GB to store  71382277865 kmers; need 1.094 GB to sort     73414357 kmers
Used 475.149 GB / 1511.391 GB to store  71402856917 kmers; need 1.094 GB to sort     73437208 kmers
Used 475.275 GB / 1511.391 GB to store  71423435969 kmers; need 1.095 GB to sort     73459203 kmers
Used 475.402 GB / 1511.391 GB to store  71444015021 kmers; need 1.095 GB to sort     73481447 kmers
Used 475.528 GB / 1511.391 GB to store  71464594073 kmers; need 1.095 GB to sort     73504292 kmers
Used 475.655 GB / 1511.391 GB to store  71485173125 kmers; need 1.096 GB to sort     73525978 kmers
Used 475.782 GB / 1511.391 GB to store  71505752155 kmers; need 1.096 GB to sort     73548035 kmers
Used 475.908 GB / 1511.391 GB to store  71526331207 kmers; need 1.096 GB to sort     73570449 kmers
Used 476.034 GB / 1511.391 GB to store  71546910259 kmers; need 1.097 GB to sort     73592542 kmers
Used 476.162 GB / 1511.391 GB to store  71567489311 kmers; need 1.097 GB to sort     73614970 kmers
Used 476.288 GB / 1511.391 GB to store  71588068363 kmers; need 1.097 GB to sort     73636185 kmers
Used 476.415 GB / 1511.391 GB to store  71608647385 kmers; need 1.098 GB to sort     73657983 kmers
Used 476.542 GB / 1511.391 GB to store  71629226437 kmers; need 1.098 GB to sort     73679600 kmers
Used 476.668 GB / 1511.391 GB to store  71649805489 kmers; need 1.098 GB to sort     73701900 kmers
Used 476.794 GB / 1511.391 GB to store  71670384541 kmers; need 1.099 GB to sort     73723650 kmers
Used 476.921 GB / 1511.391 GB to store  71690963593 kmers; need 1.099 GB to sort     73745400 kmers
Used 477.048 GB / 1511.391 GB to store  71711542521 kmers; need 1.099 GB to sort     73767919 kmers
Used 477.173 GB / 1511.391 GB to store  71732121573 kmers; need 1.100 GB to sort     73790212 kmers
Used 477.300 GB / 1511.391 GB to store  71752700625 kmers; need 1.100 GB to sort     73812578 kmers
Used 477.428 GB / 1511.391 GB to store  71773279677 kmers; need 1.100 GB to sort     73834456 kmers
Used 477.555 GB / 1511.391 GB to store  71793858729 kmers; need 1.101 GB to sort     73856768 kmers
Used 477.682 GB / 1511.391 GB to store  71814437721 kmers; need 1.101 GB to sort     73879830 kmers
Used 477.810 GB / 1511.391 GB to store  71835016773 kmers; need 1.101 GB to sort     73902809 kmers
Used 477.937 GB / 1511.391 GB to store  71855595825 kmers; need 1.102 GB to sort     73923541 kmers
Used 478.062 GB / 1511.391 GB to store  71876174877 kmers; need 1.102 GB to sort     73943640 kmers
Used 478.189 GB / 1511.391 GB to store  71896753917 kmers; need 1.102 GB to sort     73964464 kmers
Used 478.315 GB / 1511.391 GB to store  71917332969 kmers; need 1.102 GB to sort     73985342 kmers
Used 478.441 GB / 1511.391 GB to store  71937912021 kmers; need 1.103 GB to sort     74005302 kmers
Used 478.568 GB / 1511.391 GB to store  71958491073 kmers; need 1.103 GB to sort     74027130 kmers
Used 478.695 GB / 1511.391 GB to store  71979070125 kmers; need 1.103 GB to sort     74047966 kmers
Used 478.821 GB / 1511.391 GB to store  71999649177 kmers; need 1.104 GB to sort     74069295 kmers
Used 478.948 GB / 1511.391 GB to store  72020228229 kmers; need 1.104 GB to sort     74089570 kmers
Used 479.075 GB / 1511.391 GB to store  72040807281 kmers; need 1.104 GB to sort     74110685 kmers
Used 479.202 GB / 1511.391 GB to store  72061386333 kmers; need 1.105 GB to sort     74131828 kmers
Used 479.328 GB / 1511.391 GB to store  72081965385 kmers; need 1.105 GB to sort     74152274 kmers
Used 479.454 GB / 1511.391 GB to store  72102544437 kmers; need 1.105 GB to sort     74173471 kmers
Used 479.581 GB / 1511.391 GB to store  72123123489 kmers; need 1.106 GB to sort     74193973 kmers
Used 479.708 GB / 1511.391 GB to store  72143702541 kmers; need 1.106 GB to sort     74215102 kmers
Used 479.835 GB / 1511.391 GB to store  72164281593 kmers; need 1.106 GB to sort     74235643 kmers
Used 479.963 GB / 1511.391 GB to store  72184860645 kmers; need 1.107 GB to sort     74256852 kmers
Used 480.090 GB / 1511.391 GB to store  72205439697 kmers; need 1.107 GB to sort     74277738 kmers
Used 480.216 GB / 1511.391 GB to store  72226018749 kmers; need 1.107 GB to sort     74299011 kmers
Used 480.342 GB / 1511.391 GB to store  72246597801 kmers; need 1.107 GB to sort     74320471 kmers
Used 480.470 GB / 1511.391 GB to store  72267176853 kmers; need 1.108 GB to sort     74341945 kmers
Used 480.595 GB / 1511.391 GB to store  72287755905 kmers; need 1.108 GB to sort     74363799 kmers
Used 480.721 GB / 1511.391 GB to store  72308334957 kmers; need 1.108 GB to sort     74385894 kmers
Used 480.849 GB / 1511.391 GB to store  72328914009 kmers; need 1.109 GB to sort     74408246 kmers
Used 480.976 GB / 1511.391 GB to store  72349493061 kmers; need 1.109 GB to sort     74430896 kmers
Used 481.103 GB / 1511.391 GB to store  72370072113 kmers; need 1.109 GB to sort     74452992 kmers
Used 481.230 GB / 1511.391 GB to store  72390651165 kmers; need 1.110 GB to sort     74473980 kmers
Used 481.357 GB / 1511.391 GB to store  72411230217 kmers; need 1.110 GB to sort     74494791 kmers
Used 481.483 GB / 1511.391 GB to store  72431809269 kmers; need 1.110 GB to sort     74515958 kmers
Used 481.610 GB / 1511.391 GB to store  72452388321 kmers; need 1.111 GB to sort     74538108 kmers
Used 481.736 GB / 1511.391 GB to store  72472967373 kmers; need 1.111 GB to sort     74559166 kmers
Used 481.862 GB / 1511.391 GB to store  72493546425 kmers; need 1.111 GB to sort     74579674 kmers
Used 481.988 GB / 1511.391 GB to store  72514125477 kmers; need 1.112 GB to sort     74601192 kmers
Used 482.115 GB / 1511.391 GB to store  72534704529 kmers; need 1.112 GB to sort     74623053 kmers
Used 482.242 GB / 1511.391 GB to store  72555283581 kmers; need 1.112 GB to sort     74643454 kmers
Used 482.368 GB / 1511.391 GB to store  72575862633 kmers; need 1.113 GB to sort     74664409 kmers
Used 482.494 GB / 1511.391 GB to store  72596441685 kmers; need 1.113 GB to sort     74686739 kmers
Used 482.622 GB / 1511.391 GB to store  72617020737 kmers; need 1.113 GB to sort     74708357 kmers
Used 482.748 GB / 1511.391 GB to store  72637599789 kmers; need 1.114 GB to sort     74729475 kmers
Used 482.876 GB / 1511.391 GB to store  72658178841 kmers; need 1.114 GB to sort     74750925 kmers
Used 483.003 GB / 1511.391 GB to store  72678757893 kmers; need 1.114 GB to sort     74772113 kmers
Used 483.130 GB / 1511.391 GB to store  72699336945 kmers; need 1.115 GB to sort     74793086 kmers
Used 483.256 GB / 1511.391 GB to store  72719915997 kmers; need 1.115 GB to sort     74814226 kmers
Used 483.383 GB / 1511.391 GB to store  72740495049 kmers; need 1.115 GB to sort     74836312 kmers
Used 483.510 GB / 1511.391 GB to store  72761074101 kmers; need 1.115 GB to sort     74857792 kmers
Used 483.637 GB / 1511.391 GB to store  72781653153 kmers; need 1.116 GB to sort     74878770 kmers
Used 483.763 GB / 1511.391 GB to store  72802232205 kmers; need 1.116 GB to sort     74900148 kmers
Used 483.890 GB / 1511.391 GB to store  72822811257 kmers; need 1.116 GB to sort     74920917 kmers
Used 484.017 GB / 1511.391 GB to store  72843390309 kmers; need 1.117 GB to sort     74942976 kmers
Used 484.144 GB / 1511.391 GB to store  72863969361 kmers; need 1.117 GB to sort     74964550 kmers
Used 484.271 GB / 1511.391 GB to store  72884548413 kmers; need 1.117 GB to sort     74986689 kmers
Used 484.397 GB / 1511.391 GB to store  72905127465 kmers; need 1.118 GB to sort     75007870 kmers
Used 484.523 GB / 1511.391 GB to store  72925706517 kmers; need 1.118 GB to sort     75028755 kmers
Used 484.650 GB / 1511.391 GB to store  72946285569 kmers; need 1.118 GB to sort     75050025 kmers
Used 484.775 GB / 1511.391 GB to store  72966864621 kmers; need 1.119 GB to sort     75071441 kmers
Used 484.903 GB / 1511.391 GB to store  72987443673 kmers; need 1.119 GB to sort     75092774 kmers
Used 485.030 GB / 1511.391 GB to store  73008022725 kmers; need 1.119 GB to sort     75114509 kmers
Used 485.156 GB / 1511.391 GB to store  73028601777 kmers; need 1.120 GB to sort     75136296 kmers
Used 485.282 GB / 1511.391 GB to store  73049180829 kmers; need 1.120 GB to sort     75158480 kmers
Used 485.408 GB / 1511.391 GB to store  73069759881 kmers; need 1.120 GB to sort     75180122 kmers
Used 485.534 GB / 1511.391 GB to store  73090338933 kmers; need 1.121 GB to sort     75202146 kmers
Used 485.661 GB / 1511.391 GB to store  73110917985 kmers; need 1.121 GB to sort     75225315 kmers
Used 485.788 GB / 1511.391 GB to store  73131497037 kmers; need 1.121 GB to sort     75246756 kmers
Used 485.915 GB / 1511.391 GB to store  73152076089 kmers; need 1.122 GB to sort     75268004 kmers
Used 486.042 GB / 1511.391 GB to store  73172655141 kmers; need 1.122 GB to sort     75289976 kmers
Used 486.169 GB / 1511.391 GB to store  73193234193 kmers; need 1.122 GB to sort     75311786 kmers
Used 486.295 GB / 1511.391 GB to store  73213813245 kmers; need 1.123 GB to sort     75333313 kmers
Used 486.421 GB / 1511.391 GB to store  73234392297 kmers; need 1.123 GB to sort     75355127 kmers
Used 486.549 GB / 1511.391 GB to store  73254971349 kmers; need 1.123 GB to sort     75376985 kmers
Used 486.675 GB / 1511.391 GB to store  73275550401 kmers; need 1.124 GB to sort     75398887 kmers
Used 486.802 GB / 1511.391 GB to store  73296129453 kmers; need 1.124 GB to sort     75421019 kmers
Used 486.930 GB / 1511.391 GB to store  73316708505 kmers; need 1.124 GB to sort     75442649 kmers
Used 487.057 GB / 1511.391 GB to store  73337287557 kmers; need 1.125 GB to sort     75464622 kmers
Used 487.184 GB / 1511.391 GB to store  73357866609 kmers; need 1.125 GB to sort     75486947 kmers
Used 487.312 GB / 1511.391 GB to store  73378445661 kmers; need 1.125 GB to sort     75508978 kmers
Used 487.438 GB / 1511.391 GB to store  73399024713 kmers; need 1.126 GB to sort     75531793 kmers
Used 487.564 GB / 1511.391 GB to store  73419603765 kmers; need 1.126 GB to sort     75554392 kmers
Used 487.691 GB / 1511.391 GB to store  73440182815 kmers; need 1.126 GB to sort     75575850 kmers
Used 487.817 GB / 1511.391 GB to store  73460761867 kmers; need 1.127 GB to sort     75598329 kmers
Used 487.942 GB / 1511.391 GB to store  73481340919 kmers; need 1.127 GB to sort     75620331 kmers
Used 488.069 GB / 1511.391 GB to store  73501919971 kmers; need 1.127 GB to sort     75642595 kmers
Used 488.195 GB / 1511.391 GB to store  73522499023 kmers; need 1.127 GB to sort     75664491 kmers
Used 488.323 GB / 1511.391 GB to store  73543078067 kmers; need 1.128 GB to sort     75686883 kmers
Used 488.451 GB / 1511.391 GB to store  73563657119 kmers; need 1.128 GB to sort     75708850 kmers
Used 488.579 GB / 1511.391 GB to store  73584236171 kmers; need 1.128 GB to sort     75731388 kmers
Used 488.706 GB / 1511.391 GB to store  73604815223 kmers; need 1.129 GB to sort     75753817 kmers
Used 488.832 GB / 1511.391 GB to store  73625394265 kmers; need 1.129 GB to sort     75775278 kmers
Used 488.958 GB / 1511.391 GB to store  73645973317 kmers; need 1.129 GB to sort     75798090 kmers
Used 489.083 GB / 1511.391 GB to store  73666552369 kmers; need 1.130 GB to sort     75820219 kmers
Used 489.209 GB / 1511.391 GB to store  73687131421 kmers; need 1.130 GB to sort     75842372 kmers
Used 489.336 GB / 1511.391 GB to store  73707710473 kmers; need 1.130 GB to sort     75864811 kmers
Used 489.462 GB / 1511.391 GB to store  73728289525 kmers; need 1.131 GB to sort     75886677 kmers
Used 489.588 GB / 1511.391 GB to store  73748868577 kmers; need 1.131 GB to sort     75907638 kmers
Used 489.715 GB / 1511.391 GB to store  73769447629 kmers; need 1.131 GB to sort     75929536 kmers
Used 489.841 GB / 1511.391 GB to store  73790026681 kmers; need 1.132 GB to sort     75952171 kmers
Used 489.968 GB / 1511.391 GB to store  73810605733 kmers; need 1.132 GB to sort     75974728 kmers
Used 490.096 GB / 1511.391 GB to store  73831184771 kmers; need 1.132 GB to sort     75996851 kmers
Used 490.223 GB / 1511.391 GB to store  73851763823 kmers; need 1.133 GB to sort     76018891 kmers
Used 490.349 GB / 1511.391 GB to store  73872342875 kmers; need 1.133 GB to sort     76040248 kmers
Used 490.476 GB / 1511.391 GB to store  73892921927 kmers; need 1.133 GB to sort     76061008 kmers
Used 490.603 GB / 1511.391 GB to store  73913500979 kmers; need 1.134 GB to sort     76081894 kmers
Used 490.732 GB / 1511.391 GB to store  73934080031 kmers; need 1.134 GB to sort     76102816 kmers
Used 490.858 GB / 1511.391 GB to store  73954659083 kmers; need 1.134 GB to sort     76123629 kmers
Used 490.985 GB / 1511.391 GB to store  73975238135 kmers; need 1.135 GB to sort     76144502 kmers
Used 491.112 GB / 1511.391 GB to store  73995817187 kmers; need 1.135 GB to sort     76165289 kmers
Used 491.238 GB / 1511.391 GB to store  74016396239 kmers; need 1.135 GB to sort     76186433 kmers
Used 491.365 GB / 1511.391 GB to store  74036975291 kmers; need 1.136 GB to sort     76207753 kmers
Used 491.492 GB / 1511.391 GB to store  74057554343 kmers; need 1.136 GB to sort     76228821 kmers
Used 491.618 GB / 1511.391 GB to store  74078133395 kmers; need 1.136 GB to sort     76250062 kmers
Used 491.745 GB / 1511.391 GB to store  74098712325 kmers; need 1.137 GB to sort     76272838 kmers
Used 491.871 GB / 1511.391 GB to store  74119291377 kmers; need 1.137 GB to sort     76295241 kmers
Used 491.997 GB / 1511.391 GB to store  74139870429 kmers; need 1.137 GB to sort     76316745 kmers
Used 492.124 GB / 1511.391 GB to store  74160449481 kmers; need 1.138 GB to sort     76338711 kmers
Used 492.251 GB / 1511.391 GB to store  74181028533 kmers; need 1.138 GB to sort     76360097 kmers
Used 492.378 GB / 1511.391 GB to store  74201607585 kmers; need 1.138 GB to sort     76380810 kmers
Used 492.504 GB / 1511.391 GB to store  74222186637 kmers; need 1.138 GB to sort     76402138 kmers
Used 492.630 GB / 1511.391 GB to store  74242765689 kmers; need 1.139 GB to sort     76423577 kmers
Used 492.756 GB / 1511.391 GB to store  74263344741 kmers; need 1.139 GB to sort     76444894 kmers
Used 492.883 GB / 1511.391 GB to store  74283923793 kmers; need 1.139 GB to sort     76466724 kmers
Used 493.010 GB / 1511.391 GB to store  74304502845 kmers; need 1.140 GB to sort     76487556 kmers
Used 493.137 GB / 1511.391 GB to store  74325081897 kmers; need 1.140 GB to sort     76508820 kmers
Used 493.265 GB / 1511.391 GB to store  74345660949 kmers; need 1.140 GB to sort     76530182 kmers
Used 493.392 GB / 1511.391 GB to store  74366240001 kmers; need 1.141 GB to sort     76550191 kmers
Used 493.519 GB / 1511.391 GB to store  74386819017 kmers; need 1.141 GB to sort     76571225 kmers
Used 493.645 GB / 1511.391 GB to store  74407398069 kmers; need 1.141 GB to sort     76592092 kmers
Used 493.772 GB / 1511.391 GB to store  74427977121 kmers; need 1.142 GB to sort     76612913 kmers
Used 493.900 GB / 1511.391 GB to store  74448556173 kmers; need 1.142 GB to sort     76634716 kmers
Used 494.026 GB / 1511.391 GB to store  74469135225 kmers; need 1.142 GB to sort     76656330 kmers
Used 494.154 GB / 1511.391 GB to store  74489714277 kmers; need 1.143 GB to sort     76676865 kmers
Used 494.280 GB / 1511.391 GB to store  74510293329 kmers; need 1.143 GB to sort     76697499 kmers
Used 494.407 GB / 1511.391 GB to store  74530872381 kmers; need 1.143 GB to sort     76718813 kmers
Used 494.534 GB / 1511.391 GB to store  74551451433 kmers; need 1.144 GB to sort     76740282 kmers
Used 494.661 GB / 1511.391 GB to store  74572030485 kmers; need 1.144 GB to sort     76761873 kmers
Used 494.788 GB / 1511.391 GB to store  74592609537 kmers; need 1.144 GB to sort     76783812 kmers
Used 494.914 GB / 1511.391 GB to store  74613188589 kmers; need 1.144 GB to sort     76805486 kmers
Used 495.041 GB / 1511.391 GB to store  74633767641 kmers; need 1.145 GB to sort     76826969 kmers
Used 495.167 GB / 1511.391 GB to store  74654346693 kmers; need 1.145 GB to sort     76848977 kmers
Used 495.294 GB / 1511.391 GB to store  74674925745 kmers; need 1.145 GB to sort     76870135 kmers
Used 495.422 GB / 1511.391 GB to store  74695504797 kmers; need 1.146 GB to sort     76891883 kmers
Used 495.548 GB / 1511.391 GB to store  74716083849 kmers; need 1.146 GB to sort     76912883 kmers
Used 495.674 GB / 1511.391 GB to store  74736662901 kmers; need 1.146 GB to sort     76934881 kmers
Used 495.800 GB / 1511.391 GB to store  74757241953 kmers; need 1.147 GB to sort     76955810 kmers
Used 495.928 GB / 1511.391 GB to store  74777821005 kmers; need 1.147 GB to sort     76976810 kmers
Used 496.055 GB / 1511.391 GB to store  74798400057 kmers; need 1.147 GB to sort     76998390 kmers
Used 496.182 GB / 1511.391 GB to store  74818979109 kmers; need 1.148 GB to sort     77019899 kmers
Used 496.310 GB / 1511.391 GB to store  74839558161 kmers; need 1.148 GB to sort     77041389 kmers
Used 496.438 GB / 1511.391 GB to store  74860137213 kmers; need 1.148 GB to sort     77062916 kmers
Used 496.564 GB / 1511.391 GB to store  74880716265 kmers; need 1.149 GB to sort     77084389 kmers
Used 496.691 GB / 1511.391 GB to store  74901295317 kmers; need 1.149 GB to sort     77106307 kmers
Used 496.820 GB / 1511.391 GB to store  74921874369 kmers; need 1.149 GB to sort     77127055 kmers
Used 496.946 GB / 1511.391 GB to store  74942453421 kmers; need 1.150 GB to sort     77148696 kmers
Used 497.072 GB / 1511.391 GB to store  74963032473 kmers; need 1.150 GB to sort     77171359 kmers
Used 497.199 GB / 1511.391 GB to store  74983611525 kmers; need 1.150 GB to sort     77193118 kmers
Used 497.327 GB / 1511.391 GB to store  75004190577 kmers; need 1.151 GB to sort     77214968 kmers
Used 497.453 GB / 1511.391 GB to store  75024769629 kmers; need 1.151 GB to sort     77237128 kmers
Used 497.579 GB / 1511.391 GB to store  75045348681 kmers; need 1.151 GB to sort     77259531 kmers
Used 497.705 GB / 1511.391 GB to store  75065927733 kmers; need 1.152 GB to sort     77281870 kmers
Used 497.832 GB / 1511.391 GB to store  75086506785 kmers; need 1.152 GB to sort     77304136 kmers
Used 497.958 GB / 1511.391 GB to store  75107085837 kmers; need 1.152 GB to sort     77325377 kmers
Used 498.084 GB / 1511.391 GB to store  75127664889 kmers; need 1.153 GB to sort     77347343 kmers
Used 498.209 GB / 1511.391 GB to store  75148243941 kmers; need 1.153 GB to sort     77368558 kmers
Used 498.335 GB / 1511.391 GB to store  75168822993 kmers; need 1.153 GB to sort     77389242 kmers
Used 498.462 GB / 1511.391 GB to store  75189402045 kmers; need 1.154 GB to sort     77410578 kmers
Used 498.588 GB / 1511.391 GB to store  75209981097 kmers; need 1.154 GB to sort     77432683 kmers
Used 498.715 GB / 1511.391 GB to store  75230560149 kmers; need 1.154 GB to sort     77454965 kmers
Used 498.843 GB / 1511.391 GB to store  75251139201 kmers; need 1.154 GB to sort     77476960 kmers
Used 498.969 GB / 1511.391 GB to store  75271718253 kmers; need 1.155 GB to sort     77499005 kmers
Used 499.095 GB / 1511.391 GB to store  75292297305 kmers; need 1.155 GB to sort     77521590 kmers
Used 499.223 GB / 1511.391 GB to store  75312876357 kmers; need 1.155 GB to sort     77544069 kmers
Used 499.350 GB / 1511.391 GB to store  75333455409 kmers; need 1.156 GB to sort     77566640 kmers
Used 499.476 GB / 1511.391 GB to store  75354034461 kmers; need 1.156 GB to sort     77589152 kmers
Used 499.603 GB / 1511.391 GB to store  75374613513 kmers; need 1.156 GB to sort     77611078 kmers
Used 499.730 GB / 1511.391 GB to store  75395192565 kmers; need 1.157 GB to sort     77632725 kmers
Used 499.858 GB / 1511.391 GB to store  75415771617 kmers; need 1.157 GB to sort     77654620 kmers
Used 499.985 GB / 1511.391 GB to store  75436350669 kmers; need 1.157 GB to sort     77677439 kmers
Used 500.111 GB / 1511.391 GB to store  75456929721 kmers; need 1.158 GB to sort     77700213 kmers
Used 500.237 GB / 1511.391 GB to store  75477508773 kmers; need 1.158 GB to sort     77722564 kmers
Used 500.364 GB / 1511.391 GB to store  75498087799 kmers; need 1.158 GB to sort     77744501 kmers
Used 500.492 GB / 1511.391 GB to store  75518666851 kmers; need 1.159 GB to sort     77767304 kmers
Used 500.617 GB / 1511.391 GB to store  75539245903 kmers; need 1.159 GB to sort     77789905 kmers
Used 500.744 GB / 1511.391 GB to store  75559824955 kmers; need 1.159 GB to sort     77812572 kmers
Used 500.871 GB / 1511.391 GB to store  75580404007 kmers; need 1.160 GB to sort     77834783 kmers
Used 500.997 GB / 1511.391 GB to store  75600983059 kmers; need 1.160 GB to sort     77856485 kmers
Used 501.123 GB / 1511.391 GB to store  75621562111 kmers; need 1.160 GB to sort     77877802 kmers
Used 501.250 GB / 1511.391 GB to store  75642141097 kmers; need 1.161 GB to sort     77899021 kmers
Used 501.378 GB / 1511.391 GB to store  75662720149 kmers; need 1.161 GB to sort     77921843 kmers
Used 501.505 GB / 1511.391 GB to store  75683299201 kmers; need 1.161 GB to sort     77944676 kmers
Used 501.632 GB / 1511.391 GB to store  75703878253 kmers; need 1.162 GB to sort     77965674 kmers
Used 501.758 GB / 1511.391 GB to store  75724457305 kmers; need 1.162 GB to sort     77987102 kmers
Used 501.886 GB / 1511.391 GB to store  75745036357 kmers; need 1.162 GB to sort     78008810 kmers
Used 502.012 GB / 1511.391 GB to store  75765615409 kmers; need 1.163 GB to sort     78030535 kmers
Used 502.140 GB / 1511.391 GB to store  75786194461 kmers; need 1.163 GB to sort     78052867 kmers
Used 502.267 GB / 1511.391 GB to store  75806773513 kmers; need 1.163 GB to sort     78075064 kmers
Used 502.394 GB / 1511.391 GB to store  75827352565 kmers; need 1.164 GB to sort     78097044 kmers
Used 502.521 GB / 1511.391 GB to store  75847931617 kmers; need 1.164 GB to sort     78118654 kmers
Used 502.647 GB / 1511.391 GB to store  75868510669 kmers; need 1.164 GB to sort     78140474 kmers
Used 502.774 GB / 1511.391 GB to store  75889089721 kmers; need 1.165 GB to sort     78162804 kmers
Used 502.900 GB / 1511.391 GB to store  75909668773 kmers; need 1.165 GB to sort     78184483 kmers
Used 503.027 GB / 1511.391 GB to store  75930247825 kmers; need 1.165 GB to sort     78206297 kmers
Used 503.154 GB / 1511.391 GB to store  75950826877 kmers; need 1.166 GB to sort     78227193 kmers
Used 503.279 GB / 1511.391 GB to store  75971405929 kmers; need 1.166 GB to sort     78247556 kmers
Used 503.405 GB / 1511.391 GB to store  75991984981 kmers; need 1.166 GB to sort     78268646 kmers
Used 503.533 GB / 1511.391 GB to store  76012564033 kmers; need 1.167 GB to sort     78290295 kmers
Used 503.659 GB / 1511.391 GB to store  76033143085 kmers; need 1.167 GB to sort     78310757 kmers
Used 503.786 GB / 1511.391 GB to store  76053722137 kmers; need 1.167 GB to sort     78331938 kmers
Used 503.913 GB / 1511.391 GB to store  76074301189 kmers; need 1.168 GB to sort     78353163 kmers
Used 504.040 GB / 1511.391 GB to store  76094880241 kmers; need 1.168 GB to sort     78373800 kmers
Used 504.167 GB / 1511.391 GB to store  76115459293 kmers; need 1.168 GB to sort     78395039 kmers
Used 504.294 GB / 1511.391 GB to store  76136038345 kmers; need 1.168 GB to sort     78416195 kmers
Used 504.420 GB / 1511.391 GB to store  76156617397 kmers; need 1.169 GB to sort     78437802 kmers
Used 504.548 GB / 1511.391 GB to store  76177196449 kmers; need 1.169 GB to sort     78459543 kmers
Used 504.674 GB / 1511.391 GB to store  76197775501 kmers; need 1.169 GB to sort     78480889 kmers
Used 504.799 GB / 1511.391 GB to store  76218354553 kmers; need 1.170 GB to sort     78502695 kmers
Used 504.926 GB / 1511.391 GB to store  76238933605 kmers; need 1.170 GB to sort     78523326 kmers
Used 505.053 GB / 1511.391 GB to store  76259512657 kmers; need 1.170 GB to sort     78544483 kmers
Used 505.180 GB / 1511.391 GB to store  76280091709 kmers; need 1.171 GB to sort     78566287 kmers
Used 505.306 GB / 1511.391 GB to store  76300670761 kmers; need 1.171 GB to sort     78588541 kmers
Used 505.433 GB / 1511.391 GB to store  76321249813 kmers; need 1.171 GB to sort     78610147 kmers
Used 505.561 GB / 1511.391 GB to store  76341828865 kmers; need 1.172 GB to sort     78631345 kmers
Used 505.687 GB / 1511.391 GB to store  76362407917 kmers; need 1.172 GB to sort     78653109 kmers
Used 505.814 GB / 1511.391 GB to store  76382986969 kmers; need 1.172 GB to sort     78674276 kmers
Used 505.940 GB / 1511.391 GB to store  76403566021 kmers; need 1.173 GB to sort     78695806 kmers
Used 506.067 GB / 1511.391 GB to store  76424145073 kmers; need 1.173 GB to sort     78717580 kmers
Used 506.193 GB / 1511.391 GB to store  76444724125 kmers; need 1.173 GB to sort     78739779 kmers
Used 506.319 GB / 1511.391 GB to store  76465303177 kmers; need 1.174 GB to sort     78761021 kmers
Used 506.447 GB / 1511.391 GB to store  76485882229 kmers; need 1.174 GB to sort     78783265 kmers
Used 506.573 GB / 1511.391 GB to store  76506461281 kmers; need 1.174 GB to sort     78805240 kmers
Used 506.700 GB / 1511.391 GB to store  76527040333 kmers; need 1.175 GB to sort     78827591 kmers
Used 506.827 GB / 1511.391 GB to store  76547619385 kmers; need 1.175 GB to sort     78849046 kmers
Used 506.952 GB / 1511.391 GB to store  76568198437 kmers; need 1.175 GB to sort     78870905 kmers
Used 507.079 GB / 1511.391 GB to store  76588777489 kmers; need 1.176 GB to sort     78892717 kmers
Used 507.205 GB / 1511.391 GB to store  76609356541 kmers; need 1.176 GB to sort     78915195 kmers
Used 507.333 GB / 1511.391 GB to store  76629935593 kmers; need 1.176 GB to sort     78936528 kmers
Used 507.460 GB / 1511.391 GB to store  76650514645 kmers; need 1.177 GB to sort     78958500 kmers
Used 507.586 GB / 1511.391 GB to store  76671093697 kmers; need 1.177 GB to sort     78980189 kmers
Used 507.714 GB / 1511.391 GB to store  76691672749 kmers; need 1.177 GB to sort     79001744 kmers
Used 507.842 GB / 1511.391 GB to store  76712251801 kmers; need 1.178 GB to sort     79024178 kmers
Used 507.969 GB / 1511.391 GB to store  76732830853 kmers; need 1.178 GB to sort     79046427 kmers
Used 508.095 GB / 1511.391 GB to store  76753409905 kmers; need 1.178 GB to sort     79068944 kmers
Used 508.222 GB / 1511.391 GB to store  76773988957 kmers; need 1.179 GB to sort     79090554 kmers
Used 508.348 GB / 1511.391 GB to store  76794568009 kmers; need 1.179 GB to sort     79113330 kmers
Used 508.474 GB / 1511.391 GB to store  76815147061 kmers; need 1.179 GB to sort     79135308 kmers
Used 508.600 GB / 1511.391 GB to store  76835726113 kmers; need 1.180 GB to sort     79156745 kmers
Used 508.728 GB / 1511.391 GB to store  76856305165 kmers; need 1.180 GB to sort     79178175 kmers
Used 508.854 GB / 1511.391 GB to store  76876884217 kmers; need 1.180 GB to sort     79201009 kmers
Used 508.979 GB / 1511.391 GB to store  76897463269 kmers; need 1.181 GB to sort     79223598 kmers
Used 509.106 GB / 1511.391 GB to store  76918042321 kmers; need 1.181 GB to sort     79246101 kmers
Used 509.233 GB / 1511.391 GB to store  76938621373 kmers; need 1.181 GB to sort     79268160 kmers
Used 509.359 GB / 1511.391 GB to store  76959200425 kmers; need 1.182 GB to sort     79290102 kmers
Used 509.485 GB / 1511.391 GB to store  76979779477 kmers; need 1.182 GB to sort     79312637 kmers
Used 509.613 GB / 1511.391 GB to store  77000358529 kmers; need 1.182 GB to sort     79334598 kmers
Used 509.741 GB / 1511.391 GB to store  77020937581 kmers; need 1.183 GB to sort     79356536 kmers
Used 509.867 GB / 1511.391 GB to store  77041516633 kmers; need 1.183 GB to sort     79379611 kmers
Used 509.994 GB / 1511.391 GB to store  77062095685 kmers; need 1.183 GB to sort     79401715 kmers
Used 510.121 GB / 1511.391 GB to store  77082674737 kmers; need 1.184 GB to sort     79423719 kmers
Used 510.247 GB / 1511.391 GB to store  77103253789 kmers; need 1.184 GB to sort     79445805 kmers
Used 510.375 GB / 1511.391 GB to store  77123832841 kmers; need 1.184 GB to sort     79468296 kmers
Used 510.501 GB / 1511.391 GB to store  77144411893 kmers; need 1.184 GB to sort     79490049 kmers
Used 510.628 GB / 1511.391 GB to store  77164990945 kmers; need 1.185 GB to sort     79512961 kmers
Used 510.753 GB / 1511.391 GB to store  77185569997 kmers; need 1.185 GB to sort     79535594 kmers
Used 510.879 GB / 1511.391 GB to store  77206149049 kmers; need 1.186 GB to sort     79557577 kmers
Used 511.006 GB / 1511.391 GB to store  77226728093 kmers; need 1.186 GB to sort     79581011 kmers
Used 511.132 GB / 1511.391 GB to store  77247307145 kmers; need 1.186 GB to sort     79604408 kmers
Used 511.259 GB / 1511.391 GB to store  77267886197 kmers; need 1.187 GB to sort     79627257 kmers
Used 511.386 GB / 1511.391 GB to store  77288465249 kmers; need 1.187 GB to sort     79650418 kmers
Used 511.513 GB / 1511.391 GB to store  77309044295 kmers; need 1.187 GB to sort     79672697 kmers
Used 511.639 GB / 1511.391 GB to store  77329623347 kmers; need 1.188 GB to sort     79695287 kmers
Used 511.766 GB / 1511.391 GB to store  77350202399 kmers; need 1.188 GB to sort     79717618 kmers
Used 511.893 GB / 1511.391 GB to store  77370781451 kmers; need 1.188 GB to sort     79739786 kmers
Used 512.019 GB / 1511.391 GB to store  77391360503 kmers; need 1.189 GB to sort     79762144 kmers
Used 512.147 GB / 1511.391 GB to store  77411939539 kmers; need 1.189 GB to sort     79785954 kmers
Used 512.275 GB / 1511.391 GB to store  77432518591 kmers; need 1.189 GB to sort     79809388 kmers
Used 512.401 GB / 1511.391 GB to store  77453097643 kmers; need 1.190 GB to sort     79831673 kmers
Used 512.529 GB / 1511.391 GB to store  77473676695 kmers; need 1.190 GB to sort     79852843 kmers
Used 512.656 GB / 1511.391 GB to store  77494255747 kmers; need 1.190 GB to sort     79877064 kmers
Used 512.784 GB / 1511.391 GB to store  77514834799 kmers; need 1.191 GB to sort     79899878 kmers
Used 512.911 GB / 1511.391 GB to store  77535413851 kmers; need 1.191 GB to sort     79922258 kmers
Used 513.037 GB / 1511.391 GB to store  77555992903 kmers; need 1.191 GB to sort     79945229 kmers
Used 513.166 GB / 1511.391 GB to store  77576571955 kmers; need 1.192 GB to sort     79969261 kmers
Used 513.293 GB / 1511.391 GB to store  77597151007 kmers; need 1.192 GB to sort     79993103 kmers
Used 513.419 GB / 1511.391 GB to store  77617730059 kmers; need 1.192 GB to sort     80016997 kmers
Used 513.546 GB / 1511.391 GB to store  77638309111 kmers; need 1.193 GB to sort     80040159 kmers
Used 513.674 GB / 1511.391 GB to store  77658888163 kmers; need 1.193 GB to sort     80063568 kmers
Used 513.799 GB / 1511.391 GB to store  77679467215 kmers; need 1.193 GB to sort     80087489 kmers
Used 513.925 GB / 1511.391 GB to store  77700046267 kmers; need 1.194 GB to sort     80111491 kmers
Used 514.053 GB / 1511.391 GB to store  77720625319 kmers; need 1.194 GB to sort     80134919 kmers
Used 514.181 GB / 1511.391 GB to store  77741204371 kmers; need 1.194 GB to sort     80156891 kmers
Used 514.306 GB / 1511.391 GB to store  77761783423 kmers; need 1.195 GB to sort     80179789 kmers
Used 514.433 GB / 1511.391 GB to store  77782362475 kmers; need 1.195 GB to sort     80202819 kmers
Used 514.559 GB / 1511.391 GB to store  77802941527 kmers; need 1.195 GB to sort     80225304 kmers
Used 514.685 GB / 1511.391 GB to store  77823520579 kmers; need 1.196 GB to sort     80246096 kmers
Used 514.811 GB / 1511.391 GB to store  77844099631 kmers; need 1.196 GB to sort     80268277 kmers
Used 514.939 GB / 1511.391 GB to store  77864678683 kmers; need 1.196 GB to sort     80290594 kmers
Used 515.066 GB / 1511.391 GB to store  77885257735 kmers; need 1.197 GB to sort     80311615 kmers
Used 515.192 GB / 1511.391 GB to store  77905836787 kmers; need 1.197 GB to sort     80333277 kmers
Used 515.319 GB / 1511.391 GB to store  77926415839 kmers; need 1.197 GB to sort     80354941 kmers
Used 515.446 GB / 1511.391 GB to store  77946994891 kmers; need 1.198 GB to sort     80376286 kmers
Used 515.572 GB / 1511.391 GB to store  77967573943 kmers; need 1.198 GB to sort     80397718 kmers
Used 515.698 GB / 1511.391 GB to store  77988152995 kmers; need 1.198 GB to sort     80418863 kmers
Used 515.824 GB / 1511.391 GB to store  78008732047 kmers; need 1.199 GB to sort     80439650 kmers
Used 515.952 GB / 1511.391 GB to store  78029311099 kmers; need 1.199 GB to sort     80460018 kmers
Used 516.080 GB / 1511.391 GB to store  78049890151 kmers; need 1.199 GB to sort     80481584 kmers
Used 516.206 GB / 1511.391 GB to store  78070469203 kmers; need 1.200 GB to sort     80502158 kmers
Used 516.333 GB / 1511.391 GB to store  78091048255 kmers; need 1.200 GB to sort     80523164 kmers
Used 516.459 GB / 1511.391 GB to store  78111627307 kmers; need 1.200 GB to sort     80544489 kmers
Used 516.587 GB / 1511.391 GB to store  78132206359 kmers; need 1.201 GB to sort     80565617 kmers
Used 516.713 GB / 1511.391 GB to store  78152785411 kmers; need 1.201 GB to sort     80587252 kmers
Used 516.840 GB / 1511.391 GB to store  78173364463 kmers; need 1.201 GB to sort     80608494 kmers
Used 516.965 GB / 1511.391 GB to store  78193943515 kmers; need 1.201 GB to sort     80629476 kmers
Used 517.092 GB / 1511.391 GB to store  78214522567 kmers; need 1.202 GB to sort     80650630 kmers
Used 517.218 GB / 1511.391 GB to store  78235101619 kmers; need 1.202 GB to sort     80672363 kmers
Used 517.345 GB / 1511.391 GB to store  78255680671 kmers; need 1.202 GB to sort     80694071 kmers
Used 517.471 GB / 1511.391 GB to store  78276259723 kmers; need 1.203 GB to sort     80715562 kmers
Used 517.599 GB / 1511.391 GB to store  78296838775 kmers; need 1.203 GB to sort     80736759 kmers
Used 517.725 GB / 1511.391 GB to store  78317417827 kmers; need 1.203 GB to sort     80758070 kmers
Used 517.852 GB / 1511.391 GB to store  78337996879 kmers; need 1.204 GB to sort     80780145 kmers
Used 517.978 GB / 1511.391 GB to store  78358575931 kmers; need 1.204 GB to sort     80801289 kmers
Used 518.105 GB / 1511.391 GB to store  78379154983 kmers; need 1.204 GB to sort     80823179 kmers
Used 518.234 GB / 1511.391 GB to store  78399734035 kmers; need 1.205 GB to sort     80845270 kmers
Used 518.360 GB / 1511.391 GB to store  78420313087 kmers; need 1.205 GB to sort     80866510 kmers
Used 518.485 GB / 1511.391 GB to store  78440892139 kmers; need 1.205 GB to sort     80887838 kmers
Used 518.611 GB / 1511.391 GB to store  78461471191 kmers; need 1.206 GB to sort     80908986 kmers
Used 518.737 GB / 1511.391 GB to store  78482050243 kmers; need 1.206 GB to sort     80931392 kmers
Used 518.864 GB / 1511.391 GB to store  78502629295 kmers; need 1.206 GB to sort     80953051 kmers
Used 518.993 GB / 1511.391 GB to store  78523208347 kmers; need 1.207 GB to sort     80974196 kmers
Used 519.119 GB / 1511.391 GB to store  78543787399 kmers; need 1.207 GB to sort     80995566 kmers
Used 519.246 GB / 1511.391 GB to store  78564366451 kmers; need 1.207 GB to sort     81017362 kmers
Used 519.373 GB / 1511.391 GB to store  78584945503 kmers; need 1.208 GB to sort     81039167 kmers
Used 519.500 GB / 1511.391 GB to store  78605524555 kmers; need 1.208 GB to sort     81060928 kmers
Used 519.626 GB / 1511.391 GB to store  78626103607 kmers; need 1.208 GB to sort     81083074 kmers
Used 519.753 GB / 1511.391 GB to store  78646682659 kmers; need 1.209 GB to sort     81105119 kmers
Used 519.879 GB / 1511.391 GB to store  78667261711 kmers; need 1.209 GB to sort     81127585 kmers
Used 520.006 GB / 1511.391 GB to store  78687840763 kmers; need 1.209 GB to sort     81149391 kmers
Used 520.133 GB / 1511.391 GB to store  78708419815 kmers; need 1.210 GB to sort     81171838 kmers
Used 520.260 GB / 1511.391 GB to store  78728998867 kmers; need 1.210 GB to sort     81192980 kmers
Used 520.387 GB / 1511.391 GB to store  78749577919 kmers; need 1.210 GB to sort     81215118 kmers
Used 520.515 GB / 1511.391 GB to store  78770156971 kmers; need 1.211 GB to sort     81236487 kmers
Used 520.643 GB / 1511.391 GB to store  78790736023 kmers; need 1.211 GB to sort     81257940 kmers
Used 520.770 GB / 1511.391 GB to store  78811315075 kmers; need 1.211 GB to sort     81279647 kmers
Used 520.896 GB / 1511.391 GB to store  78831894127 kmers; need 1.211 GB to sort     81301968 kmers
Used 521.024 GB / 1511.391 GB to store  78852473179 kmers; need 1.212 GB to sort     81323980 kmers
Used 521.150 GB / 1511.391 GB to store  78873052231 kmers; need 1.212 GB to sort     81345881 kmers
Used 521.276 GB / 1511.391 GB to store  78893631283 kmers; need 1.212 GB to sort     81367462 kmers
Used 521.403 GB / 1511.391 GB to store  78914210335 kmers; need 1.213 GB to sort     81389409 kmers
Used 521.530 GB / 1511.391 GB to store  78934789387 kmers; need 1.213 GB to sort     81411300 kmers
Used 521.657 GB / 1511.391 GB to store  78955368439 kmers; need 1.213 GB to sort     81433031 kmers
Used 521.784 GB / 1511.391 GB to store  78975947491 kmers; need 1.214 GB to sort     81455551 kmers
Used 521.911 GB / 1511.391 GB to store  78996526543 kmers; need 1.214 GB to sort     81478196 kmers
Used 522.038 GB / 1511.391 GB to store  79017105595 kmers; need 1.214 GB to sort     81500347 kmers
Used 522.165 GB / 1511.391 GB to store  79037684647 kmers; need 1.215 GB to sort     81522977 kmers
Used 522.291 GB / 1511.391 GB to store  79058263699 kmers; need 1.215 GB to sort     81545699 kmers
Used 522.419 GB / 1511.391 GB to store  79078842751 kmers; need 1.215 GB to sort     81568617 kmers
Used 522.546 GB / 1511.391 GB to store  79099421803 kmers; need 1.216 GB to sort     81591110 kmers
Used 522.671 GB / 1511.391 GB to store  79120000855 kmers; need 1.216 GB to sort     81613979 kmers
Used 522.798 GB / 1511.391 GB to store  79140579907 kmers; need 1.216 GB to sort     81635987 kmers
Used 522.924 GB / 1511.391 GB to store  79161158959 kmers; need 1.217 GB to sort     81658184 kmers
Used 523.050 GB / 1511.391 GB to store  79181738011 kmers; need 1.217 GB to sort     81681484 kmers
Used 523.177 GB / 1511.391 GB to store  79202317063 kmers; need 1.217 GB to sort     81705001 kmers
Used 523.302 GB / 1511.391 GB to store  79222896115 kmers; need 1.218 GB to sort     81728181 kmers
Used 523.430 GB / 1511.391 GB to store  79243475167 kmers; need 1.218 GB to sort     81751653 kmers
Used 523.557 GB / 1511.391 GB to store  79264054219 kmers; need 1.219 GB to sort     81774101 kmers
Used 523.683 GB / 1511.391 GB to store  79284633271 kmers; need 1.219 GB to sort     81797701 kmers
Used 523.810 GB / 1511.391 GB to store  79305212323 kmers; need 1.219 GB to sort     81820462 kmers
Used 523.939 GB / 1511.391 GB to store  79325791375 kmers; need 1.220 GB to sort     81843755 kmers
Used 524.065 GB / 1511.391 GB to store  79346370427 kmers; need 1.220 GB to sort     81866957 kmers
Used 524.193 GB / 1511.391 GB to store  79366949479 kmers; need 1.220 GB to sort     81890216 kmers
Used 524.320 GB / 1511.391 GB to store  79387528515 kmers; need 1.221 GB to sort     81912555 kmers
Used 524.446 GB / 1511.391 GB to store  79408107567 kmers; need 1.221 GB to sort     81935710 kmers
Used 524.573 GB / 1511.391 GB to store  79428686619 kmers; need 1.221 GB to sort     81959375 kmers
Used 524.698 GB / 1511.391 GB to store  79449265671 kmers; need 1.222 GB to sort     81981067 kmers
Used 524.825 GB / 1511.391 GB to store  79469844723 kmers; need 1.222 GB to sort     82002825 kmers
Used 524.951 GB / 1511.391 GB to store  79490423775 kmers; need 1.222 GB to sort     82024560 kmers
Used 525.078 GB / 1511.391 GB to store  79511002827 kmers; need 1.223 GB to sort     82046770 kmers
Used 525.204 GB / 1511.391 GB to store  79531580699 kmers; need 1.223 GB to sort     82069253 kmers
Used 525.332 GB / 1511.391 GB to store  79552158931 kmers; need 1.223 GB to sort     82090203 kmers
Used 525.458 GB / 1511.391 GB to store  79572737783 kmers; need 1.224 GB to sort     82111106 kmers
Used 525.586 GB / 1511.391 GB to store  79593315619 kmers; need 1.224 GB to sort     82131326 kmers

Input complete.  Writing results to 'analysis_other/merqury_shortread/T2T05/T2T05_k_37.meryl', using 1 thread.
finishIteration()--

Finished counting.

Cleaning up.

Bye.
