
Found 1 command tree.

Counting 124 (estimated) billion canonical 37-mers from 1 input file:
    sequence-file: /mnt/storage3b/projects/no_ngsd/ahgrosc1_2026_technology_comparison/DNBSEQ-T7/T00_L01_UDB-385_1.fq.gz


SIMPLE MODE
-----------

  Not possible.


COMPLEX MODE
------------

prefix     # of   struct   kmers/    segs/      min     data    total
  bits   prefix   memory   prefix   prefix   memory   memory   memory
------  -------  -------  -------  -------  -------  -------  -------
     1     2  P  1138 MB    31 GM    71 MS  8192  B   569 GB   570 GB
     2     4  P  1120 MB    15 GM    35 MS    16 kB   560 GB   561 GB
     3     8  P  1106 MB  7969 MM    17 MS    32 kB   553 GB   554 GB
     4    16  P  1089 MB  3984 MM  8718 kS    64 kB   544 GB   545 GB
     5    32  P  1076 MB  1992 MM  4304 kS   128 kB   538 GB   539 GB
     6    64  P  1060 MB   996 MM  2120 kS   256 kB   530 GB   531 GB
     7   128  P  1043 MB   498 MM  1043 kS   512 kB   521 GB   522 GB
     8   256  P  1029 MB   249 MM   514 kS  1024 kB   514 GB   515 GB
     9   512  P  1013 MB   124 MM   252 kS  2048 kB   505 GB   506 GB
    10  1024  P   999 MB    62 MM   124 kS  4096 kB   498 GB   499 GB
    11  2048  P   987 MB    31 MM    61 kS  8192 kB   490 GB   491 GB
    12  4096  P   978 MB    15 MM    30 kS    16 MB   482 GB   483 GB
    13  8192  P   975 MB  7969 kM    14 kS    32 MB   474 GB   475 GB
    14    16 kP   984 MB  3984 kM  7473  S    64 MB   467 GB   468 GB
    15    32 kP  1020 MB  1992 kM  3676  S   128 MB   459 GB   460 GB
    16    64 kP  1106 MB   996 kM  1809  S   256 MB   452 GB   453 GB
    17   128 kP  1293 MB   498 kM   889  S   512 MB   444 GB   445 GB
    18   256 kP  1680 MB   249 kM   436  S  1024 MB   436 GB   437 GB
    19   512 kP  2476 MB   124 kM   215  S  2048 MB   430 GB   432 GB
    20  1024 kP  4080 MB    62 kM   106  S  4096 MB   424 GB   427 GB
    21  2048 kP  7296 MB    31 kM    52  S  8192 MB   416 GB   423 GB
    22  4096 kP    13 GB    15 kM    26  S    16 GB   416 GB   429 GB
    23  8192 kP    26 GB  7970  M    13  S    32 GB   416 GB   442 GB  Best Value!
    24    16 MP    51 GB  3985  M     7  S    64 GB   448 GB   499 GB
    25    32 MP   101 GB  1993  M     3  S   128 GB   384 GB   485 GB
    26    64 MP   203 GB   997  M     2  S   256 GB   512 GB   715 GB
    27   128 MP   405 GB   499  M     1  S   512 GB   512 GB   917 GB
    28   256 MP   810 GB   250  M     1  S  1024 GB  1024 GB  1834 GB
    29   512 MP  1620 GB   125  M     1  S  2048 GB  2048 GB  3668 GB
    30  1024 MP  3240 GB    63  M     1  S  4096 GB  4096 GB  7336 GB
    31  2048 MP  6480 GB    32  M     1  S  8192 GB  8192 GB    14 TB


FINAL CONFIGURATION
-------------------

Estimated to require 826 GB memory out of 1511 GB allowed.
Estimated to require 2 batches.

Configured complex mode for 826.812 GB memory per batch, and up to 2 batches.

Start counting with THREADED method.
Used 83.442 GB / 1511.391 GB to store      1582950 kmers; need 0.000 GB to sort         1509 kmers
Used 83.768 GB / 1511.391 GB to store      3165954 kmers; need 0.000 GB to sort         2639 kmers
Used 84.003 GB / 1511.391 GB to store      4748958 kmers; need 0.000 GB to sort         3987 kmers
Used 84.187 GB / 1511.391 GB to store      6331962 kmers; need 0.000 GB to sort         5606 kmers
Used 84.335 GB / 1511.391 GB to store      7914966 kmers; need 0.000 GB to sort         6966 kmers
Used 84.562 GB / 1511.391 GB to store     11080974 kmers; need 0.000 GB to sort         9554 kmers
Used 84.734 GB / 1511.391 GB to store     14246982 kmers; need 0.000 GB to sort        12275 kmers
Used 84.870 GB / 1511.391 GB to store     17412990 kmers; need 0.000 GB to sort        14849 kmers
Used 85.033 GB / 1511.391 GB to store     22162002 kmers; need 0.000 GB to sort        19070 kmers
Used 85.163 GB / 1511.391 GB to store     26911014 kmers; need 0.000 GB to sort        23018 kmers
Used 85.303 GB / 1511.391 GB to store     33243030 kmers; need 0.000 GB to sort        28295 kmers
Used 85.443 GB / 1511.391 GB to store     41158050 kmers; need 0.001 GB to sort        34758 kmers
Used 85.578 GB / 1511.391 GB to store     50656074 kmers; need 0.001 GB to sort        43162 kmers
Used 85.706 GB / 1511.391 GB to store     61737098 kmers; need 0.001 GB to sort        52428 kmers
Used 85.837 GB / 1511.391 GB to store     75984080 kmers; need 0.001 GB to sort        64343 kmers
Used 85.963 GB / 1511.391 GB to store     93397070 kmers; need 0.001 GB to sort        79190 kmers
Used 86.091 GB / 1511.391 GB to store    115559062 kmers; need 0.001 GB to sort        97326 kmers
Used 86.219 GB / 1511.391 GB to store    144052223 kmers; need 0.002 GB to sort       121534 kmers
Used 86.347 GB / 1511.391 GB to store    180460885 kmers; need 0.002 GB to sort       151415 kmers
Used 86.474 GB / 1511.391 GB to store    224782808 kmers; need 0.003 GB to sort       189107 kmers
Used 86.600 GB / 1511.391 GB to store    277021832 kmers; need 0.003 GB to sort       232887 kmers
Used 86.726 GB / 1511.391 GB to store    335591894 kmers; need 0.004 GB to sort       281488 kmers
Used 86.851 GB / 1511.391 GB to store    397328429 kmers; need 0.005 GB to sort       332779 kmers
Used 86.976 GB / 1511.391 GB to store    459065355 kmers; need 0.006 GB to sort       383675 kmers
Used 87.102 GB / 1511.391 GB to store    520802309 kmers; need 0.006 GB to sort       435042 kmers
Used 87.228 GB / 1511.391 GB to store    580956219 kmers; need 0.007 GB to sort       484870 kmers
Used 87.355 GB / 1511.391 GB to store    639527241 kmers; need 0.008 GB to sort       533753 kmers
Used 87.482 GB / 1511.391 GB to store    694932098 kmers; need 0.009 GB to sort       578220 kmers
Used 87.610 GB / 1511.391 GB to store    748754006 kmers; need 0.009 GB to sort       622431 kmers
Used 87.734 GB / 1511.391 GB to store    799409994 kmers; need 0.010 GB to sort       664501 kmers
Used 87.860 GB / 1511.391 GB to store    848482779 kmers; need 0.011 GB to sort       705813 kmers
Used 87.986 GB / 1511.391 GB to store    895972799 kmers; need 0.011 GB to sort       745664 kmers
Used 88.112 GB / 1511.391 GB to store    941879881 kmers; need 0.012 GB to sort       781859 kmers
Used 88.237 GB / 1511.391 GB to store    986203809 kmers; need 0.012 GB to sort       819278 kmers
Used 88.363 GB / 1511.391 GB to store   1028944749 kmers; need 0.013 GB to sort       855023 kmers
Used 88.492 GB / 1511.391 GB to store   1071685372 kmers; need 0.013 GB to sort       892177 kmers
Used 88.619 GB / 1511.391 GB to store   1112843326 kmers; need 0.014 GB to sort       928354 kmers
Used 88.745 GB / 1511.391 GB to store   1152418288 kmers; need 0.014 GB to sort       961161 kmers
Used 88.874 GB / 1511.391 GB to store   1191993262 kmers; need 0.015 GB to sort       994913 kmers
Used 89.000 GB / 1511.391 GB to store   1229985252 kmers; need 0.015 GB to sort      1026464 kmers
Used 89.129 GB / 1511.391 GB to store   1267977170 kmers; need 0.016 GB to sort      1058618 kmers
Used 89.255 GB / 1511.391 GB to store   1304386160 kmers; need 0.016 GB to sort      1089186 kmers
Used 89.386 GB / 1511.391 GB to store   1340795086 kmers; need 0.017 GB to sort      1120424 kmers
Used 89.511 GB / 1511.391 GB to store   1375621076 kmers; need 0.017 GB to sort      1149982 kmers
Used 89.639 GB / 1511.391 GB to store   1410447029 kmers; need 0.018 GB to sort      1178214 kmers
Used 89.769 GB / 1511.391 GB to store   1445272793 kmers; need 0.018 GB to sort      1206963 kmers
Used 89.893 GB / 1511.391 GB to store   1478515775 kmers; need 0.018 GB to sort      1234730 kmers
Used 90.020 GB / 1511.391 GB to store   1511758586 kmers; need 0.019 GB to sort      1263293 kmers
Used 90.145 GB / 1511.391 GB to store   1543418648 kmers; need 0.019 GB to sort      1290819 kmers
Used 90.271 GB / 1511.391 GB to store   1575078664 kmers; need 0.020 GB to sort      1318207 kmers
Used 90.397 GB / 1511.391 GB to store   1606738626 kmers; need 0.020 GB to sort      1345122 kmers
Used 90.526 GB / 1511.391 GB to store   1638398042 kmers; need 0.020 GB to sort      1371436 kmers
Used 90.657 GB / 1511.391 GB to store   1670057890 kmers; need 0.021 GB to sort      1398117 kmers
Used 90.782 GB / 1511.391 GB to store   1700134964 kmers; need 0.021 GB to sort      1423682 kmers
Used 90.910 GB / 1511.391 GB to store   1730211236 kmers; need 0.022 GB to sort      1448459 kmers
Used 91.038 GB / 1511.391 GB to store   1760288290 kmers; need 0.022 GB to sort      1473444 kmers
Used 91.166 GB / 1511.391 GB to store   1790364930 kmers; need 0.022 GB to sort      1497960 kmers
Used 91.297 GB / 1511.391 GB to store   1820441572 kmers; need 0.023 GB to sort      1523604 kmers
Used 91.422 GB / 1511.391 GB to store   1848935054 kmers; need 0.023 GB to sort      1547297 kmers
Used 91.547 GB / 1511.391 GB to store   1877428823 kmers; need 0.023 GB to sort      1571330 kmers
Used 91.674 GB / 1511.391 GB to store   1905922809 kmers; need 0.024 GB to sort      1596045 kmers
Used 91.801 GB / 1511.391 GB to store   1934416551 kmers; need 0.024 GB to sort      1620403 kmers
Used 91.929 GB / 1511.391 GB to store   1962910021 kmers; need 0.025 GB to sort      1644845 kmers
Used 92.058 GB / 1511.391 GB to store   1991404043 kmers; need 0.025 GB to sort      1668973 kmers
Used 92.188 GB / 1511.391 GB to store   2019898029 kmers; need 0.025 GB to sort      1692485 kmers
Used 92.318 GB / 1511.391 GB to store   2048392001 kmers; need 0.026 GB to sort      1716375 kmers
Used 92.443 GB / 1511.391 GB to store   2075302983 kmers; need 0.026 GB to sort      1739095 kmers
Used 92.575 GB / 1511.391 GB to store   2103796941 kmers; need 0.026 GB to sort      1763697 kmers
Used 92.701 GB / 1511.391 GB to store   2130707915 kmers; need 0.027 GB to sort      1786186 kmers
Used 92.827 GB / 1511.391 GB to store   2157618889 kmers; need 0.027 GB to sort      1808714 kmers
Used 92.955 GB / 1511.391 GB to store   2184529869 kmers; need 0.027 GB to sort      1831301 kmers
Used 93.083 GB / 1511.391 GB to store   2211440847 kmers; need 0.028 GB to sort      1854036 kmers
Used 93.210 GB / 1511.391 GB to store   2238351873 kmers; need 0.028 GB to sort      1876744 kmers
Used 93.340 GB / 1511.391 GB to store   2265262805 kmers; need 0.028 GB to sort      1899203 kmers
Used 93.469 GB / 1511.391 GB to store   2292173785 kmers; need 0.029 GB to sort      1921193 kmers
Used 93.599 GB / 1511.391 GB to store   2319084753 kmers; need 0.029 GB to sort      1943912 kmers
Used 93.729 GB / 1511.391 GB to store   2345995508 kmers; need 0.029 GB to sort      1966297 kmers
Used 93.861 GB / 1511.391 GB to store   2372906512 kmers; need 0.030 GB to sort      1989674 kmers
Used 93.986 GB / 1511.391 GB to store   2398234526 kmers; need 0.030 GB to sort      2010935 kmers
Used 94.118 GB / 1511.391 GB to store   2425145508 kmers; need 0.030 GB to sort      2033806 kmers
Used 94.243 GB / 1511.391 GB to store   2450473534 kmers; need 0.031 GB to sort      2055232 kmers
Used 94.368 GB / 1511.391 GB to store   2475801520 kmers; need 0.031 GB to sort      2076716 kmers
Used 94.494 GB / 1511.391 GB to store   2501129526 kmers; need 0.031 GB to sort      2098707 kmers
Used 94.619 GB / 1511.391 GB to store   2526457514 kmers; need 0.032 GB to sort      2120527 kmers
Used 94.744 GB / 1511.391 GB to store   2551785516 kmers; need 0.032 GB to sort      2141797 kmers
Used 94.871 GB / 1511.391 GB to store   2577113480 kmers; need 0.032 GB to sort      2164071 kmers
Used 94.998 GB / 1511.391 GB to store   2602441458 kmers; need 0.033 GB to sort      2185067 kmers
Used 95.126 GB / 1511.391 GB to store   2627769466 kmers; need 0.033 GB to sort      2206123 kmers
Used 95.253 GB / 1511.391 GB to store   2653097456 kmers; need 0.033 GB to sort      2227727 kmers
Used 95.381 GB / 1511.391 GB to store   2678425410 kmers; need 0.034 GB to sort      2248739 kmers
Used 95.510 GB / 1511.391 GB to store   2703753378 kmers; need 0.034 GB to sort      2270952 kmers
Used 95.638 GB / 1511.391 GB to store   2729081354 kmers; need 0.034 GB to sort      2293156 kmers
Used 95.768 GB / 1511.391 GB to store   2754409340 kmers; need 0.034 GB to sort      2314649 kmers
Used 95.896 GB / 1511.391 GB to store   2779737318 kmers; need 0.035 GB to sort      2336402 kmers
Used 96.025 GB / 1511.391 GB to store   2805065290 kmers; need 0.035 GB to sort      2358506 kmers
Used 96.153 GB / 1511.391 GB to store   2830393256 kmers; need 0.035 GB to sort      2380567 kmers
Used 96.283 GB / 1511.391 GB to store   2855721174 kmers; need 0.036 GB to sort      2402580 kmers
Used 96.412 GB / 1511.391 GB to store   2881049068 kmers; need 0.036 GB to sort      2424208 kmers
Used 96.542 GB / 1511.391 GB to store   2906376970 kmers; need 0.036 GB to sort      2446657 kmers
Used 96.674 GB / 1511.391 GB to store   2931704834 kmers; need 0.037 GB to sort      2468012 kmers
Used 96.805 GB / 1511.391 GB to store   2957032792 kmers; need 0.037 GB to sort      2490428 kmers
Used 96.936 GB / 1511.391 GB to store   2982360762 kmers; need 0.037 GB to sort      2512239 kmers
Used 97.067 GB / 1511.391 GB to store   3007688762 kmers; need 0.038 GB to sort      2533727 kmers
Used 97.199 GB / 1511.391 GB to store   3033016728 kmers; need 0.038 GB to sort      2555162 kmers
Used 97.330 GB / 1511.391 GB to store   3058344606 kmers; need 0.038 GB to sort      2577226 kmers
Used 97.461 GB / 1511.391 GB to store   3083672628 kmers; need 0.039 GB to sort      2599384 kmers
Used 97.593 GB / 1511.391 GB to store   3109000692 kmers; need 0.039 GB to sort      2621085 kmers
Used 97.725 GB / 1511.391 GB to store   3134328738 kmers; need 0.039 GB to sort      2642378 kmers
Used 97.858 GB / 1511.391 GB to store   3159656754 kmers; need 0.040 GB to sort      2664172 kmers
Used 97.989 GB / 1511.391 GB to store   3184984781 kmers; need 0.040 GB to sort      2685616 kmers
Used 98.114 GB / 1511.391 GB to store   3208729743 kmers; need 0.040 GB to sort      2706022 kmers
Used 98.240 GB / 1511.391 GB to store   3232474761 kmers; need 0.041 GB to sort      2725836 kmers
Used 98.373 GB / 1511.391 GB to store   3257802825 kmers; need 0.041 GB to sort      2747069 kmers
Used 98.498 GB / 1511.391 GB to store   3281547778 kmers; need 0.041 GB to sort      2767157 kmers
Used 98.624 GB / 1511.391 GB to store   3305292784 kmers; need 0.042 GB to sort      2787143 kmers
Used 98.749 GB / 1511.391 GB to store   3329037750 kmers; need 0.042 GB to sort      2806633 kmers
Used 98.874 GB / 1511.391 GB to store   3352781462 kmers; need 0.042 GB to sort      2827496 kmers
Used 98.999 GB / 1511.391 GB to store   3376526442 kmers; need 0.042 GB to sort      2847818 kmers
Used 99.132 GB / 1511.391 GB to store   3401854506 kmers; need 0.043 GB to sort      2869130 kmers
Used 99.259 GB / 1511.391 GB to store   3425599506 kmers; need 0.043 GB to sort      2889763 kmers
Used 99.385 GB / 1511.391 GB to store   3449344490 kmers; need 0.043 GB to sort      2909402 kmers
Used 99.511 GB / 1511.391 GB to store   3473089472 kmers; need 0.044 GB to sort      2929878 kmers
Used 99.637 GB / 1511.391 GB to store   3496834440 kmers; need 0.044 GB to sort      2949489 kmers
Used 99.763 GB / 1511.391 GB to store   3520579416 kmers; need 0.044 GB to sort      2969320 kmers
Used 99.889 GB / 1511.391 GB to store   3544324382 kmers; need 0.045 GB to sort      2989624 kmers
Used 100.017 GB / 1511.391 GB to store   3568069382 kmers; need 0.045 GB to sort      3009491 kmers
Used 100.144 GB / 1511.391 GB to store   3591814358 kmers; need 0.045 GB to sort      3029706 kmers
Used 100.272 GB / 1511.391 GB to store   3615559354 kmers; need 0.045 GB to sort      3049933 kmers
Used 100.399 GB / 1511.391 GB to store   3639304410 kmers; need 0.046 GB to sort      3069736 kmers
Used 100.527 GB / 1511.391 GB to store   3663049456 kmers; need 0.046 GB to sort      3089904 kmers
Used 100.655 GB / 1511.391 GB to store   3686794456 kmers; need 0.046 GB to sort      3109000 kmers
Used 100.783 GB / 1511.391 GB to store   3710539154 kmers; need 0.047 GB to sort      3128553 kmers
Used 100.910 GB / 1511.391 GB to store   3734284170 kmers; need 0.047 GB to sort      3148759 kmers
Used 101.038 GB / 1511.391 GB to store   3758029230 kmers; need 0.047 GB to sort      3169310 kmers
Used 101.166 GB / 1511.391 GB to store   3781774206 kmers; need 0.048 GB to sort      3189310 kmers
Used 101.293 GB / 1511.391 GB to store   3805519200 kmers; need 0.048 GB to sort      3209273 kmers
Used 101.420 GB / 1511.391 GB to store   3829264206 kmers; need 0.048 GB to sort      3230152 kmers
Used 101.548 GB / 1511.391 GB to store   3853009188 kmers; need 0.048 GB to sort      3250324 kmers
Used 101.675 GB / 1511.391 GB to store   3876754049 kmers; need 0.049 GB to sort      3271098 kmers
Used 101.804 GB / 1511.391 GB to store   3900499047 kmers; need 0.049 GB to sort      3290916 kmers
Used 101.932 GB / 1511.391 GB to store   3924244017 kmers; need 0.049 GB to sort      3311898 kmers
Used 102.062 GB / 1511.391 GB to store   3947989007 kmers; need 0.050 GB to sort      3332246 kmers
Used 102.191 GB / 1511.391 GB to store   3971733979 kmers; need 0.050 GB to sort      3352574 kmers
Used 102.319 GB / 1511.391 GB to store   3995478938 kmers; need 0.050 GB to sort      3373012 kmers
Used 102.448 GB / 1511.391 GB to store   4019223882 kmers; need 0.051 GB to sort      3392499 kmers
Used 102.576 GB / 1511.391 GB to store   4042968860 kmers; need 0.051 GB to sort      3413159 kmers
Used 102.707 GB / 1511.391 GB to store   4066713654 kmers; need 0.051 GB to sort      3433769 kmers
Used 102.834 GB / 1511.391 GB to store   4090458632 kmers; need 0.051 GB to sort      3453925 kmers
Used 102.965 GB / 1511.391 GB to store   4114203596 kmers; need 0.052 GB to sort      3475213 kmers
Used 103.094 GB / 1511.391 GB to store   4137948552 kmers; need 0.052 GB to sort      3495546 kmers
Used 103.222 GB / 1511.391 GB to store   4161693534 kmers; need 0.052 GB to sort      3516139 kmers
Used 103.352 GB / 1511.391 GB to store   4185438528 kmers; need 0.053 GB to sort      3536089 kmers
Used 103.481 GB / 1511.391 GB to store   4209183498 kmers; need 0.053 GB to sort      3556648 kmers
Used 103.609 GB / 1511.391 GB to store   4232927864 kmers; need 0.053 GB to sort      3577887 kmers
Used 103.739 GB / 1511.391 GB to store   4256672848 kmers; need 0.054 GB to sort      3598250 kmers
Used 103.868 GB / 1511.391 GB to store   4280417768 kmers; need 0.054 GB to sort      3618642 kmers
Used 103.997 GB / 1511.391 GB to store   4304162736 kmers; need 0.054 GB to sort      3639477 kmers
Used 104.126 GB / 1511.391 GB to store   4327907672 kmers; need 0.055 GB to sort      3660219 kmers
Used 104.256 GB / 1511.391 GB to store   4351652668 kmers; need 0.055 GB to sort      3681633 kmers
Used 104.386 GB / 1511.391 GB to store   4375397656 kmers; need 0.055 GB to sort      3702215 kmers
Used 104.516 GB / 1511.391 GB to store   4399142618 kmers; need 0.055 GB to sort      3722459 kmers
Used 104.646 GB / 1511.391 GB to store   4422887608 kmers; need 0.056 GB to sort      3742846 kmers
Used 104.776 GB / 1511.391 GB to store   4446632552 kmers; need 0.056 GB to sort      3763706 kmers
Used 104.906 GB / 1511.391 GB to store   4470377518 kmers; need 0.056 GB to sort      3785270 kmers
Used 105.036 GB / 1511.391 GB to store   4494122480 kmers; need 0.057 GB to sort      3806299 kmers
Used 105.166 GB / 1511.391 GB to store   4517867462 kmers; need 0.057 GB to sort      3827182 kmers
Used 105.296 GB / 1511.391 GB to store   4541612516 kmers; need 0.057 GB to sort      3847137 kmers
Used 105.425 GB / 1511.391 GB to store   4565357576 kmers; need 0.058 GB to sort      3867119 kmers
Used 105.555 GB / 1511.391 GB to store   4589102636 kmers; need 0.058 GB to sort      3886457 kmers
Used 105.685 GB / 1511.391 GB to store   4612847696 kmers; need 0.058 GB to sort      3906174 kmers
Used 105.816 GB / 1511.391 GB to store   4636592756 kmers; need 0.059 GB to sort      3926919 kmers
Used 105.946 GB / 1511.391 GB to store   4660337807 kmers; need 0.059 GB to sort      3946593 kmers
Used 106.077 GB / 1511.391 GB to store   4684082867 kmers; need 0.059 GB to sort      3966920 kmers
Used 106.209 GB / 1511.391 GB to store   4707827927 kmers; need 0.059 GB to sort      3987257 kmers
Used 106.341 GB / 1511.391 GB to store   4731572987 kmers; need 0.060 GB to sort      4007356 kmers
Used 106.472 GB / 1511.391 GB to store   4755318007 kmers; need 0.060 GB to sort      4027959 kmers
Used 106.603 GB / 1511.391 GB to store   4779062497 kmers; need 0.060 GB to sort      4048132 kmers
Used 106.733 GB / 1511.391 GB to store   4802806341 kmers; need 0.061 GB to sort      4067920 kmers
Used 106.864 GB / 1511.391 GB to store   4826550892 kmers; need 0.061 GB to sort      4089026 kmers
Used 106.993 GB / 1511.391 GB to store   4850295952 kmers; need 0.061 GB to sort      4109556 kmers
Used 107.124 GB / 1511.391 GB to store   4874040944 kmers; need 0.062 GB to sort      4129557 kmers
Used 107.255 GB / 1511.391 GB to store   4897785771 kmers; need 0.062 GB to sort      4148947 kmers
Used 107.386 GB / 1511.391 GB to store   4921530755 kmers; need 0.062 GB to sort      4168650 kmers
Used 107.517 GB / 1511.391 GB to store   4945275697 kmers; need 0.062 GB to sort      4189376 kmers
Used 107.649 GB / 1511.391 GB to store   4969020695 kmers; need 0.063 GB to sort      4209222 kmers
Used 107.779 GB / 1511.391 GB to store   4992765674 kmers; need 0.063 GB to sort      4229004 kmers
Used 107.910 GB / 1511.391 GB to store   5016510612 kmers; need 0.063 GB to sort      4249409 kmers
Used 108.041 GB / 1511.391 GB to store   5040255602 kmers; need 0.064 GB to sort      4270217 kmers
Used 108.172 GB / 1511.391 GB to store   5064000624 kmers; need 0.064 GB to sort      4289884 kmers
Used 108.303 GB / 1511.391 GB to store   5087745656 kmers; need 0.064 GB to sort      4309413 kmers
Used 108.434 GB / 1511.391 GB to store   5111490640 kmers; need 0.065 GB to sort      4329679 kmers
Used 108.566 GB / 1511.391 GB to store   5135235630 kmers; need 0.065 GB to sort      4350169 kmers
Used 108.696 GB / 1511.391 GB to store   5158980596 kmers; need 0.065 GB to sort      4370267 kmers
Used 108.828 GB / 1511.391 GB to store   5182725600 kmers; need 0.065 GB to sort      4390623 kmers
Used 108.960 GB / 1511.391 GB to store   5206470564 kmers; need 0.066 GB to sort      4410602 kmers
Used 109.091 GB / 1511.391 GB to store   5230215132 kmers; need 0.066 GB to sort      4431223 kmers
Used 109.223 GB / 1511.391 GB to store   5253960168 kmers; need 0.066 GB to sort      4450914 kmers
Used 109.355 GB / 1511.391 GB to store   5277705216 kmers; need 0.067 GB to sort      4471381 kmers
Used 109.486 GB / 1511.391 GB to store   5301450244 kmers; need 0.067 GB to sort      4491787 kmers
Used 109.618 GB / 1511.391 GB to store   5325195248 kmers; need 0.067 GB to sort      4511899 kmers
Used 109.750 GB / 1511.391 GB to store   5348940240 kmers; need 0.068 GB to sort      4532499 kmers
Used 109.881 GB / 1511.391 GB to store   5372685240 kmers; need 0.068 GB to sort      4552658 kmers
Used 110.012 GB / 1511.391 GB to store   5396430218 kmers; need 0.068 GB to sort      4573796 kmers
Used 110.143 GB / 1511.391 GB to store   5420175220 kmers; need 0.068 GB to sort      4593632 kmers
Used 110.276 GB / 1511.391 GB to store   5443920202 kmers; need 0.069 GB to sort      4613823 kmers
Used 110.409 GB / 1511.391 GB to store   5467665161 kmers; need 0.069 GB to sort      4634093 kmers
Used 110.541 GB / 1511.391 GB to store   5491410149 kmers; need 0.069 GB to sort      4654525 kmers
Used 110.673 GB / 1511.391 GB to store   5515155121 kmers; need 0.070 GB to sort      4674911 kmers
Used 110.804 GB / 1511.391 GB to store   5538900109 kmers; need 0.070 GB to sort      4694787 kmers
Used 110.937 GB / 1511.391 GB to store   5562645117 kmers; need 0.070 GB to sort      4715414 kmers
Used 111.068 GB / 1511.391 GB to store   5586390139 kmers; need 0.071 GB to sort      4735771 kmers
Used 111.200 GB / 1511.391 GB to store   5610135199 kmers; need 0.071 GB to sort      4756184 kmers
Used 111.330 GB / 1511.391 GB to store   5633880126 kmers; need 0.071 GB to sort      4776431 kmers
Used 111.463 GB / 1511.391 GB to store   5657625112 kmers; need 0.071 GB to sort      4796881 kmers
Used 111.597 GB / 1511.391 GB to store   5681370122 kmers; need 0.072 GB to sort      4817504 kmers
Used 111.729 GB / 1511.391 GB to store   5705115106 kmers; need 0.072 GB to sort      4837423 kmers
Used 111.860 GB / 1511.391 GB to store   5728860086 kmers; need 0.072 GB to sort      4858447 kmers
Used 111.992 GB / 1511.391 GB to store   5752605096 kmers; need 0.073 GB to sort      4879860 kmers
Used 112.124 GB / 1511.391 GB to store   5776350104 kmers; need 0.073 GB to sort      4900592 kmers
Used 112.257 GB / 1511.391 GB to store   5800095086 kmers; need 0.073 GB to sort      4921107 kmers
Used 112.389 GB / 1511.391 GB to store   5823840070 kmers; need 0.074 GB to sort      4941696 kmers
Used 112.520 GB / 1511.391 GB to store   5847584976 kmers; need 0.074 GB to sort      4963006 kmers
Used 112.653 GB / 1511.391 GB to store   5871329964 kmers; need 0.074 GB to sort      4983914 kmers
Used 112.785 GB / 1511.391 GB to store   5895074891 kmers; need 0.075 GB to sort      5004060 kmers
Used 112.917 GB / 1511.391 GB to store   5918819875 kmers; need 0.075 GB to sort      5025062 kmers
Used 113.050 GB / 1511.391 GB to store   5942564855 kmers; need 0.075 GB to sort      5045535 kmers
Used 113.181 GB / 1511.391 GB to store   5966309841 kmers; need 0.076 GB to sort      5066764 kmers
Used 113.314 GB / 1511.391 GB to store   5990054811 kmers; need 0.076 GB to sort      5087531 kmers
Used 113.447 GB / 1511.391 GB to store   6013799729 kmers; need 0.076 GB to sort      5108654 kmers
Used 113.578 GB / 1511.391 GB to store   6037544737 kmers; need 0.076 GB to sort      5129596 kmers
Used 113.710 GB / 1511.391 GB to store   6061289600 kmers; need 0.077 GB to sort      5149947 kmers
Used 113.842 GB / 1511.391 GB to store   6085034556 kmers; need 0.077 GB to sort      5170545 kmers
Used 113.975 GB / 1511.391 GB to store   6108779474 kmers; need 0.077 GB to sort      5191292 kmers
Used 114.107 GB / 1511.391 GB to store   6132524464 kmers; need 0.078 GB to sort      5212436 kmers
Used 114.238 GB / 1511.391 GB to store   6156269442 kmers; need 0.078 GB to sort      5233468 kmers
Used 114.370 GB / 1511.391 GB to store   6180014310 kmers; need 0.078 GB to sort      5255064 kmers
Used 114.502 GB / 1511.391 GB to store   6203759282 kmers; need 0.079 GB to sort      5276674 kmers
Used 114.635 GB / 1511.391 GB to store   6227504306 kmers; need 0.079 GB to sort      5297070 kmers
Used 114.768 GB / 1511.391 GB to store   6251249280 kmers; need 0.079 GB to sort      5316153 kmers
Used 114.901 GB / 1511.391 GB to store   6274994340 kmers; need 0.080 GB to sort      5336387 kmers
Used 115.025 GB / 1511.391 GB to store   6297156338 kmers; need 0.080 GB to sort      5355380 kmers
Used 115.158 GB / 1511.391 GB to store   6320901350 kmers; need 0.080 GB to sort      5376561 kmers
Used 115.282 GB / 1511.391 GB to store   6343063396 kmers; need 0.080 GB to sort      5394949 kmers
Used 115.414 GB / 1511.391 GB to store   6366808456 kmers; need 0.081 GB to sort      5415596 kmers
Used 115.546 GB / 1511.391 GB to store   6390553516 kmers; need 0.081 GB to sort      5436095 kmers
Used 115.679 GB / 1511.391 GB to store   6414298576 kmers; need 0.081 GB to sort      5456013 kmers
Used 115.811 GB / 1511.391 GB to store   6438043596 kmers; need 0.082 GB to sort      5476812 kmers
Used 115.944 GB / 1511.391 GB to store   6461788656 kmers; need 0.082 GB to sort      5496234 kmers
Used 116.069 GB / 1511.391 GB to store   6483949952 kmers; need 0.082 GB to sort      5515488 kmers
Used 116.202 GB / 1511.391 GB to store   6507693834 kmers; need 0.082 GB to sort      5536103 kmers
Used 116.335 GB / 1511.391 GB to store   6531438272 kmers; need 0.083 GB to sort      5556453 kmers
Used 116.460 GB / 1511.391 GB to store   6553600328 kmers; need 0.083 GB to sort      5575705 kmers
Used 116.585 GB / 1511.391 GB to store   6575762380 kmers; need 0.083 GB to sort      5594415 kmers
Used 116.710 GB / 1511.391 GB to store   6597924402 kmers; need 0.084 GB to sort      5613473 kmers
Used 116.843 GB / 1511.391 GB to store   6621669456 kmers; need 0.084 GB to sort      5632846 kmers
Used 116.976 GB / 1511.391 GB to store   6645414456 kmers; need 0.084 GB to sort      5653692 kmers
Used 117.109 GB / 1511.391 GB to store   6669159460 kmers; need 0.085 GB to sort      5673756 kmers
Used 117.242 GB / 1511.391 GB to store   6692904207 kmers; need 0.085 GB to sort      5694125 kmers
Used 117.374 GB / 1511.391 GB to store   6716649175 kmers; need 0.085 GB to sort      5713991 kmers
Used 117.506 GB / 1511.391 GB to store   6740394155 kmers; need 0.085 GB to sort      5734217 kmers
Used 117.631 GB / 1511.391 GB to store   6762555718 kmers; need 0.086 GB to sort      5753110 kmers
Used 117.765 GB / 1511.391 GB to store   6786300708 kmers; need 0.086 GB to sort      5773245 kmers
Used 117.890 GB / 1511.391 GB to store   6808462692 kmers; need 0.086 GB to sort      5791651 kmers
Used 118.015 GB / 1511.391 GB to store   6830624692 kmers; need 0.087 GB to sort      5810821 kmers
Used 118.148 GB / 1511.391 GB to store   6854369648 kmers; need 0.087 GB to sort      5831129 kmers
Used 118.281 GB / 1511.391 GB to store   6878114652 kmers; need 0.087 GB to sort      5851557 kmers
Used 118.405 GB / 1511.391 GB to store   6900276646 kmers; need 0.087 GB to sort      5870243 kmers
Used 118.538 GB / 1511.391 GB to store   6924020772 kmers; need 0.088 GB to sort      5889817 kmers
Used 118.670 GB / 1511.391 GB to store   6947765832 kmers; need 0.088 GB to sort      5909947 kmers
Used 118.803 GB / 1511.391 GB to store   6971510762 kmers; need 0.088 GB to sort      5929774 kmers
Used 118.928 GB / 1511.391 GB to store   6993672752 kmers; need 0.089 GB to sort      5949386 kmers
Used 119.053 GB / 1511.391 GB to store   7015834758 kmers; need 0.089 GB to sort      5968267 kmers
Used 119.186 GB / 1511.391 GB to store   7039579727 kmers; need 0.089 GB to sort      5988782 kmers
Used 119.320 GB / 1511.391 GB to store   7063324703 kmers; need 0.090 GB to sort      6009641 kmers
Used 119.453 GB / 1511.391 GB to store   7087069668 kmers; need 0.090 GB to sort      6030234 kmers
Used 119.578 GB / 1511.391 GB to store   7109231636 kmers; need 0.090 GB to sort      6049264 kmers
Used 119.710 GB / 1511.391 GB to store   7132976606 kmers; need 0.090 GB to sort      6069999 kmers
Used 119.835 GB / 1511.391 GB to store   7155138596 kmers; need 0.091 GB to sort      6089368 kmers
Used 119.960 GB / 1511.391 GB to store   7177300547 kmers; need 0.091 GB to sort      6108634 kmers
Used 120.086 GB / 1511.391 GB to store   7199462533 kmers; need 0.091 GB to sort      6127452 kmers
Used 120.218 GB / 1511.391 GB to store   7223207565 kmers; need 0.092 GB to sort      6148170 kmers
Used 120.351 GB / 1511.391 GB to store   7246952425 kmers; need 0.092 GB to sort      6168714 kmers
Used 120.485 GB / 1511.391 GB to store   7270697485 kmers; need 0.092 GB to sort      6189005 kmers
Used 120.618 GB / 1511.391 GB to store   7294442545 kmers; need 0.093 GB to sort      6208578 kmers
Used 120.751 GB / 1511.391 GB to store   7318187605 kmers; need 0.093 GB to sort      6228273 kmers
Used 120.877 GB / 1511.391 GB to store   7340349661 kmers; need 0.093 GB to sort      6247909 kmers
Used 121.002 GB / 1511.391 GB to store   7362511643 kmers; need 0.093 GB to sort      6266891 kmers
Used 121.135 GB / 1511.391 GB to store   7386256691 kmers; need 0.094 GB to sort      6287506 kmers
Used 121.259 GB / 1511.391 GB to store   7408418600 kmers; need 0.094 GB to sort      6306331 kmers
Used 121.392 GB / 1511.391 GB to store   7432163562 kmers; need 0.094 GB to sort      6327363 kmers
Used 121.518 GB / 1511.391 GB to store   7454325534 kmers; need 0.095 GB to sort      6346138 kmers
Used 121.643 GB / 1511.391 GB to store   7476487512 kmers; need 0.095 GB to sort      6365868 kmers
Used 121.777 GB / 1511.391 GB to store   7500232498 kmers; need 0.095 GB to sort      6386677 kmers
Used 121.902 GB / 1511.391 GB to store   7522394456 kmers; need 0.095 GB to sort      6405359 kmers
Used 122.028 GB / 1511.391 GB to store   7544556434 kmers; need 0.096 GB to sort      6424389 kmers
Used 122.153 GB / 1511.391 GB to store   7566718424 kmers; need 0.096 GB to sort      6443651 kmers
Used 122.286 GB / 1511.391 GB to store   7590463303 kmers; need 0.096 GB to sort      6464380 kmers
Used 122.412 GB / 1511.391 GB to store   7612625279 kmers; need 0.097 GB to sort      6483802 kmers
Used 122.537 GB / 1511.391 GB to store   7634787269 kmers; need 0.097 GB to sort      6503071 kmers
Used 122.671 GB / 1511.391 GB to store   7658532261 kmers; need 0.097 GB to sort      6523191 kmers
Used 122.804 GB / 1511.391 GB to store   7682277065 kmers; need 0.098 GB to sort      6543959 kmers
Used 122.929 GB / 1511.391 GB to store   7704439017 kmers; need 0.098 GB to sort      6564263 kmers
Used 123.063 GB / 1511.391 GB to store   7728184011 kmers; need 0.098 GB to sort      6585541 kmers
Used 123.196 GB / 1511.391 GB to store   7751929013 kmers; need 0.098 GB to sort      6606301 kmers
Used 123.322 GB / 1511.391 GB to store   7774091007 kmers; need 0.099 GB to sort      6626296 kmers
Used 123.455 GB / 1511.391 GB to store   7797836001 kmers; need 0.099 GB to sort      6648141 kmers
Used 123.580 GB / 1511.391 GB to store   7819997991 kmers; need 0.099 GB to sort      6668561 kmers
Used 123.706 GB / 1511.391 GB to store   7842159959 kmers; need 0.100 GB to sort      6688222 kmers
Used 123.839 GB / 1511.391 GB to store   7865904909 kmers; need 0.100 GB to sort      6709376 kmers
Used 123.966 GB / 1511.391 GB to store   7888066803 kmers; need 0.100 GB to sort      6729103 kmers
Used 124.091 GB / 1511.391 GB to store   7910228795 kmers; need 0.101 GB to sort      6748303 kmers
Used 124.216 GB / 1511.391 GB to store   7932390843 kmers; need 0.101 GB to sort      6766363 kmers
Used 124.341 GB / 1511.391 GB to store   7954552899 kmers; need 0.101 GB to sort      6785254 kmers
Used 124.466 GB / 1511.391 GB to store   7976714955 kmers; need 0.101 GB to sort      6803189 kmers
Used 124.592 GB / 1511.391 GB to store   7998876945 kmers; need 0.102 GB to sort      6821906 kmers
Used 124.724 GB / 1511.391 GB to store   8022622005 kmers; need 0.102 GB to sort      6841562 kmers
Used 124.850 GB / 1511.391 GB to store   8044784061 kmers; need 0.102 GB to sort      6860139 kmers
Used 124.976 GB / 1511.391 GB to store   8066946055 kmers; need 0.103 GB to sort      6879084 kmers
Used 125.101 GB / 1511.391 GB to store   8089108017 kmers; need 0.103 GB to sort      6897697 kmers
Used 125.226 GB / 1511.391 GB to store   8111270039 kmers; need 0.103 GB to sort      6916556 kmers
Used 125.351 GB / 1511.391 GB to store   8133432095 kmers; need 0.103 GB to sort      6935276 kmers
Used 125.478 GB / 1511.391 GB to store   8155593892 kmers; need 0.104 GB to sort      6954536 kmers
Used 125.603 GB / 1511.391 GB to store   8177755948 kmers; need 0.104 GB to sort      6972952 kmers
Used 125.729 GB / 1511.391 GB to store   8199918004 kmers; need 0.104 GB to sort      6991338 kmers
Used 125.854 GB / 1511.391 GB to store   8222079889 kmers; need 0.104 GB to sort      7009856 kmers
Used 125.979 GB / 1511.391 GB to store   8244241945 kmers; need 0.105 GB to sort      7028081 kmers
Used 126.104 GB / 1511.391 GB to store   8266403991 kmers; need 0.105 GB to sort      7046631 kmers
Used 126.230 GB / 1511.391 GB to store   8288566047 kmers; need 0.105 GB to sort      7065367 kmers
Used 126.363 GB / 1511.391 GB to store   8312310981 kmers; need 0.106 GB to sort      7085309 kmers
Used 126.489 GB / 1511.391 GB to store   8334473037 kmers; need 0.106 GB to sort      7103465 kmers
Used 126.623 GB / 1511.391 GB to store   8358218059 kmers; need 0.106 GB to sort      7123818 kmers
Used 126.748 GB / 1511.391 GB to store   8380380039 kmers; need 0.106 GB to sort      7142159 kmers
Used 126.873 GB / 1511.391 GB to store   8402542007 kmers; need 0.107 GB to sort      7160436 kmers
Used 126.998 GB / 1511.391 GB to store   8424703995 kmers; need 0.107 GB to sort      7179105 kmers
Used 127.124 GB / 1511.391 GB to store   8446865999 kmers; need 0.107 GB to sort      7197697 kmers
Used 127.249 GB / 1511.391 GB to store   8469027967 kmers; need 0.108 GB to sort      7216048 kmers
Used 127.375 GB / 1511.391 GB to store   8491189953 kmers; need 0.108 GB to sort      7234699 kmers
Used 127.501 GB / 1511.391 GB to store   8513351961 kmers; need 0.108 GB to sort      7253748 kmers
Used 127.625 GB / 1511.391 GB to store   8535514017 kmers; need 0.108 GB to sort      7272262 kmers
Used 127.752 GB / 1511.391 GB to store   8557676073 kmers; need 0.109 GB to sort      7290902 kmers
Used 127.878 GB / 1511.391 GB to store   8579838093 kmers; need 0.109 GB to sort      7309899 kmers
Used 128.004 GB / 1511.391 GB to store   8602000077 kmers; need 0.109 GB to sort      7329531 kmers
Used 128.131 GB / 1511.391 GB to store   8624162081 kmers; need 0.110 GB to sort      7348747 kmers
Used 128.256 GB / 1511.391 GB to store   8646323073 kmers; need 0.110 GB to sort      7367683 kmers
Used 128.390 GB / 1511.391 GB to store   8670067703 kmers; need 0.110 GB to sort      7387696 kmers
Used 128.516 GB / 1511.391 GB to store   8692229671 kmers; need 0.110 GB to sort      7407198 kmers
Used 128.641 GB / 1511.391 GB to store   8714391655 kmers; need 0.111 GB to sort      7426217 kmers
Used 128.766 GB / 1511.391 GB to store   8736553596 kmers; need 0.111 GB to sort      7444997 kmers
Used 128.899 GB / 1511.391 GB to store   8760298572 kmers; need 0.111 GB to sort      7465133 kmers
Used 129.025 GB / 1511.391 GB to store   8782460604 kmers; need 0.112 GB to sort      7484121 kmers
Used 129.151 GB / 1511.391 GB to store   8804622660 kmers; need 0.112 GB to sort      7502983 kmers
Used 129.277 GB / 1511.391 GB to store   8826784690 kmers; need 0.112 GB to sort      7522390 kmers
Used 129.403 GB / 1511.391 GB to store   8848946666 kmers; need 0.112 GB to sort      7541559 kmers
Used 129.529 GB / 1511.391 GB to store   8871108241 kmers; need 0.113 GB to sort      7560502 kmers
Used 129.654 GB / 1511.391 GB to store   8893270249 kmers; need 0.113 GB to sort      7579471 kmers
Used 129.781 GB / 1511.391 GB to store   8915432027 kmers; need 0.113 GB to sort      7598891 kmers
Used 129.907 GB / 1511.391 GB to store   8937594019 kmers; need 0.114 GB to sort      7618447 kmers
Used 130.033 GB / 1511.391 GB to store   8959756075 kmers; need 0.114 GB to sort      7638834 kmers
Used 130.160 GB / 1511.391 GB to store   8981918125 kmers; need 0.114 GB to sort      7657432 kmers
Used 130.286 GB / 1511.391 GB to store   9004080093 kmers; need 0.114 GB to sort      7677221 kmers
Used 130.411 GB / 1511.391 GB to store   9026242067 kmers; need 0.115 GB to sort      7696573 kmers
Used 130.537 GB / 1511.391 GB to store   9048404027 kmers; need 0.115 GB to sort      7716531 kmers
Used 130.663 GB / 1511.391 GB to store   9070566025 kmers; need 0.115 GB to sort      7735953 kmers
Used 130.789 GB / 1511.391 GB to store   9092727991 kmers; need 0.116 GB to sort      7755684 kmers
Used 130.915 GB / 1511.391 GB to store   9114889953 kmers; need 0.116 GB to sort      7775056 kmers
Used 131.042 GB / 1511.391 GB to store   9137051913 kmers; need 0.116 GB to sort      7794468 kmers
Used 131.168 GB / 1511.391 GB to store   9159213889 kmers; need 0.116 GB to sort      7813536 kmers
Used 131.294 GB / 1511.391 GB to store   9181375851 kmers; need 0.117 GB to sort      7832897 kmers
Used 131.421 GB / 1511.391 GB to store   9203537819 kmers; need 0.117 GB to sort      7851564 kmers
Used 131.555 GB / 1511.391 GB to store   9227282795 kmers; need 0.117 GB to sort      7872600 kmers
Used 131.681 GB / 1511.391 GB to store   9249444771 kmers; need 0.118 GB to sort      7892354 kmers
Used 131.807 GB / 1511.391 GB to store   9271606745 kmers; need 0.118 GB to sort      7911783 kmers
Used 131.934 GB / 1511.391 GB to store   9293768685 kmers; need 0.118 GB to sort      7931442 kmers
Used 132.059 GB / 1511.391 GB to store   9315930695 kmers; need 0.118 GB to sort      7951684 kmers
Used 132.186 GB / 1511.391 GB to store   9338092667 kmers; need 0.119 GB to sort      7971100 kmers
Used 132.312 GB / 1511.391 GB to store   9360254679 kmers; need 0.119 GB to sort      7990899 kmers
Used 132.439 GB / 1511.391 GB to store   9382416639 kmers; need 0.119 GB to sort      8010551 kmers
Used 132.566 GB / 1511.391 GB to store   9404578639 kmers; need 0.120 GB to sort      8029685 kmers
Used 132.693 GB / 1511.391 GB to store   9426740679 kmers; need 0.120 GB to sort      8048485 kmers
Used 132.827 GB / 1511.391 GB to store   9450485709 kmers; need 0.120 GB to sort      8068609 kmers
Used 132.952 GB / 1511.391 GB to store   9472647765 kmers; need 0.121 GB to sort      8087400 kmers
Used 133.079 GB / 1511.391 GB to store   9494809821 kmers; need 0.121 GB to sort      8106251 kmers
Used 133.203 GB / 1511.391 GB to store   9516971877 kmers; need 0.121 GB to sort      8124797 kmers
Used 133.330 GB / 1511.391 GB to store   9539133933 kmers; need 0.121 GB to sort      8142674 kmers
Used 133.458 GB / 1511.391 GB to store   9561295980 kmers; need 0.122 GB to sort      8161178 kmers
Used 133.585 GB / 1511.391 GB to store   9583458036 kmers; need 0.122 GB to sort      8179562 kmers
Used 133.711 GB / 1511.391 GB to store   9605620092 kmers; need 0.122 GB to sort      8198692 kmers
Used 133.838 GB / 1511.391 GB to store   9627782148 kmers; need 0.122 GB to sort      8217166 kmers
Used 133.964 GB / 1511.391 GB to store   9649944204 kmers; need 0.123 GB to sort      8236236 kmers
Used 134.091 GB / 1511.391 GB to store   9672105272 kmers; need 0.123 GB to sort      8255476 kmers
Used 134.217 GB / 1511.391 GB to store   9694266112 kmers; need 0.123 GB to sort      8273911 kmers
Used 134.344 GB / 1511.391 GB to store   9716427784 kmers; need 0.124 GB to sort      8292514 kmers
Used 134.471 GB / 1511.391 GB to store   9738589834 kmers; need 0.124 GB to sort      8311341 kmers
Used 134.597 GB / 1511.391 GB to store   9760751786 kmers; need 0.124 GB to sort      8330760 kmers
Used 134.724 GB / 1511.391 GB to store   9782913742 kmers; need 0.124 GB to sort      8350163 kmers
Used 134.849 GB / 1511.391 GB to store   9805075798 kmers; need 0.125 GB to sort      8369323 kmers
Used 134.975 GB / 1511.391 GB to store   9827237827 kmers; need 0.125 GB to sort      8387824 kmers
Used 135.103 GB / 1511.391 GB to store   9849399883 kmers; need 0.125 GB to sort      8406606 kmers
Used 135.230 GB / 1511.391 GB to store   9871561669 kmers; need 0.126 GB to sort      8426014 kmers
Used 135.356 GB / 1511.391 GB to store   9893723663 kmers; need 0.126 GB to sort      8444964 kmers
Used 135.483 GB / 1511.391 GB to store   9915885669 kmers; need 0.126 GB to sort      8464145 kmers
Used 135.611 GB / 1511.391 GB to store   9938047677 kmers; need 0.126 GB to sort      8483119 kmers
Used 135.738 GB / 1511.391 GB to store   9960209625 kmers; need 0.127 GB to sort      8502075 kmers
Used 135.863 GB / 1511.391 GB to store   9982371681 kmers; need 0.127 GB to sort      8521124 kmers
Used 135.991 GB / 1511.391 GB to store  10004533635 kmers; need 0.127 GB to sort      8540427 kmers
Used 136.116 GB / 1511.391 GB to store  10026695635 kmers; need 0.128 GB to sort      8559422 kmers
Used 136.245 GB / 1511.391 GB to store  10048857691 kmers; need 0.128 GB to sort      8578994 kmers
Used 136.372 GB / 1511.391 GB to store  10071019695 kmers; need 0.128 GB to sort      8597994 kmers
Used 136.498 GB / 1511.391 GB to store  10093181751 kmers; need 0.128 GB to sort      8616623 kmers
Used 136.624 GB / 1511.391 GB to store  10115343763 kmers; need 0.129 GB to sort      8634468 kmers
Used 136.749 GB / 1511.391 GB to store  10137505743 kmers; need 0.129 GB to sort      8653575 kmers
Used 136.876 GB / 1511.391 GB to store  10159667741 kmers; need 0.129 GB to sort      8672385 kmers
Used 137.004 GB / 1511.391 GB to store  10181829717 kmers; need 0.130 GB to sort      8691183 kmers
Used 137.131 GB / 1511.391 GB to store  10203991759 kmers; need 0.130 GB to sort      8709152 kmers
Used 137.258 GB / 1511.391 GB to store  10226153815 kmers; need 0.130 GB to sort      8728417 kmers
Used 137.384 GB / 1511.391 GB to store  10248315811 kmers; need 0.130 GB to sort      8747446 kmers
Used 137.510 GB / 1511.391 GB to store  10270477831 kmers; need 0.131 GB to sort      8766050 kmers
Used 137.638 GB / 1511.391 GB to store  10292639887 kmers; need 0.131 GB to sort      8784569 kmers
Used 137.766 GB / 1511.391 GB to store  10314801911 kmers; need 0.131 GB to sort      8803067 kmers
Used 137.893 GB / 1511.391 GB to store  10336963895 kmers; need 0.131 GB to sort      8822157 kmers
Used 138.021 GB / 1511.391 GB to store  10359125871 kmers; need 0.132 GB to sort      8841517 kmers
Used 138.148 GB / 1511.391 GB to store  10381287861 kmers; need 0.132 GB to sort      8860680 kmers
Used 138.277 GB / 1511.391 GB to store  10403449889 kmers; need 0.132 GB to sort      8879009 kmers
Used 138.404 GB / 1511.391 GB to store  10425611905 kmers; need 0.133 GB to sort      8898392 kmers
Used 138.531 GB / 1511.391 GB to store  10447773857 kmers; need 0.133 GB to sort      8917355 kmers
Used 138.658 GB / 1511.391 GB to store  10469935809 kmers; need 0.133 GB to sort      8936563 kmers
Used 138.785 GB / 1511.391 GB to store  10492097783 kmers; need 0.133 GB to sort      8956119 kmers
Used 138.912 GB / 1511.391 GB to store  10514259753 kmers; need 0.134 GB to sort      8974888 kmers
Used 139.039 GB / 1511.391 GB to store  10536421715 kmers; need 0.134 GB to sort      8993553 kmers
Used 139.166 GB / 1511.391 GB to store  10558583727 kmers; need 0.134 GB to sort      9012788 kmers
Used 139.293 GB / 1511.391 GB to store  10580745707 kmers; need 0.135 GB to sort      9032389 kmers
Used 139.420 GB / 1511.391 GB to store  10602907737 kmers; need 0.135 GB to sort      9051173 kmers
Used 139.547 GB / 1511.391 GB to store  10625069711 kmers; need 0.135 GB to sort      9070729 kmers
Used 139.674 GB / 1511.391 GB to store  10647231685 kmers; need 0.135 GB to sort      9089927 kmers
Used 139.802 GB / 1511.391 GB to store  10669393665 kmers; need 0.136 GB to sort      9109190 kmers
Used 139.930 GB / 1511.391 GB to store  10691555669 kmers; need 0.136 GB to sort      9129112 kmers
Used 140.056 GB / 1511.391 GB to store  10713717651 kmers; need 0.136 GB to sort      9148461 kmers
Used 140.183 GB / 1511.391 GB to store  10735879589 kmers; need 0.137 GB to sort      9167542 kmers
Used 140.309 GB / 1511.391 GB to store  10758041569 kmers; need 0.137 GB to sort      9186905 kmers
Used 140.436 GB / 1511.391 GB to store  10780203559 kmers; need 0.137 GB to sort      9206027 kmers
Used 140.564 GB / 1511.391 GB to store  10802365561 kmers; need 0.137 GB to sort      9226202 kmers
Used 140.691 GB / 1511.391 GB to store  10824527489 kmers; need 0.138 GB to sort      9245815 kmers
Used 140.820 GB / 1511.391 GB to store  10846689483 kmers; need 0.138 GB to sort      9264995 kmers
Used 140.947 GB / 1511.391 GB to store  10868851467 kmers; need 0.138 GB to sort      9285175 kmers
Used 141.074 GB / 1511.391 GB to store  10891013459 kmers; need 0.139 GB to sort      9304903 kmers
Used 141.201 GB / 1511.391 GB to store  10913175399 kmers; need 0.139 GB to sort      9324208 kmers
Used 141.329 GB / 1511.391 GB to store  10935337385 kmers; need 0.139 GB to sort      9343486 kmers
Used 141.457 GB / 1511.391 GB to store  10957499433 kmers; need 0.140 GB to sort      9363166 kmers
Used 141.584 GB / 1511.391 GB to store  10979661489 kmers; need 0.140 GB to sort      9382248 kmers
Used 141.712 GB / 1511.391 GB to store  11001823457 kmers; need 0.140 GB to sort      9402217 kmers
Used 141.838 GB / 1511.391 GB to store  11023985409 kmers; need 0.140 GB to sort      9422186 kmers
Used 141.965 GB / 1511.391 GB to store  11046147406 kmers; need 0.141 GB to sort      9441902 kmers
Used 142.092 GB / 1511.391 GB to store  11068309294 kmers; need 0.141 GB to sort      9461453 kmers
Used 142.220 GB / 1511.391 GB to store  11090471250 kmers; need 0.141 GB to sort      9481470 kmers
Used 142.349 GB / 1511.391 GB to store  11112633094 kmers; need 0.142 GB to sort      9500939 kmers
Used 142.475 GB / 1511.391 GB to store  11134794106 kmers; need 0.142 GB to sort      9519225 kmers
Used 142.602 GB / 1511.391 GB to store  11156955622 kmers; need 0.142 GB to sort      9538096 kmers
Used 142.730 GB / 1511.391 GB to store  11179117678 kmers; need 0.142 GB to sort      9556843 kmers
Used 142.857 GB / 1511.391 GB to store  11201279734 kmers; need 0.143 GB to sort      9575520 kmers
Used 142.986 GB / 1511.391 GB to store  11223441790 kmers; need 0.143 GB to sort      9594383 kmers
Used 143.113 GB / 1511.391 GB to store  11245603846 kmers; need 0.143 GB to sort      9612696 kmers
Used 143.241 GB / 1511.391 GB to store  11267765713 kmers; need 0.144 GB to sort      9631605 kmers
Used 143.368 GB / 1511.391 GB to store  11289927722 kmers; need 0.144 GB to sort      9649765 kmers
Used 143.496 GB / 1511.391 GB to store  11312089778 kmers; need 0.144 GB to sort      9668825 kmers
Used 143.625 GB / 1511.391 GB to store  11334251834 kmers; need 0.144 GB to sort      9687606 kmers
Used 143.751 GB / 1511.391 GB to store  11356413890 kmers; need 0.145 GB to sort      9706394 kmers
Used 143.879 GB / 1511.391 GB to store  11378575164 kmers; need 0.145 GB to sort      9725082 kmers
Used 144.008 GB / 1511.391 GB to store  11400735811 kmers; need 0.145 GB to sort      9743910 kmers
Used 144.135 GB / 1511.391 GB to store  11422896931 kmers; need 0.145 GB to sort      9762637 kmers
Used 144.263 GB / 1511.391 GB to store  11445058987 kmers; need 0.146 GB to sort      9781711 kmers
Used 144.391 GB / 1511.391 GB to store  11467221043 kmers; need 0.146 GB to sort      9800560 kmers
Used 144.518 GB / 1511.391 GB to store  11489382903 kmers; need 0.146 GB to sort      9819254 kmers
Used 144.647 GB / 1511.391 GB to store  11511544917 kmers; need 0.147 GB to sort      9838443 kmers
Used 144.775 GB / 1511.391 GB to store  11533706923 kmers; need 0.147 GB to sort      9857044 kmers
Used 144.903 GB / 1511.391 GB to store  11555868903 kmers; need 0.147 GB to sort      9875534 kmers
Used 145.031 GB / 1511.391 GB to store  11578030917 kmers; need 0.147 GB to sort      9895026 kmers
Used 145.159 GB / 1511.391 GB to store  11600192917 kmers; need 0.148 GB to sort      9914667 kmers
Used 145.286 GB / 1511.391 GB to store  11622354817 kmers; need 0.148 GB to sort      9933498 kmers
Used 145.413 GB / 1511.391 GB to store  11644516813 kmers; need 0.148 GB to sort      9952035 kmers
Used 145.542 GB / 1511.391 GB to store  11666678869 kmers; need 0.149 GB to sort      9970841 kmers
Used 145.671 GB / 1511.391 GB to store  11688840913 kmers; need 0.149 GB to sort      9990232 kmers
Used 145.800 GB / 1511.391 GB to store  11711002905 kmers; need 0.149 GB to sort     10009981 kmers
Used 145.927 GB / 1511.391 GB to store  11733164901 kmers; need 0.149 GB to sort     10028683 kmers
Used 146.055 GB / 1511.391 GB to store  11755326911 kmers; need 0.150 GB to sort     10047211 kmers
Used 146.181 GB / 1511.391 GB to store  11777488967 kmers; need 0.150 GB to sort     10066157 kmers
Used 146.309 GB / 1511.391 GB to store  11799651023 kmers; need 0.150 GB to sort     10084270 kmers
Used 146.436 GB / 1511.391 GB to store  11821813027 kmers; need 0.151 GB to sort     10103486 kmers
Used 146.564 GB / 1511.391 GB to store  11843975059 kmers; need 0.151 GB to sort     10122061 kmers
Used 146.692 GB / 1511.391 GB to store  11866137043 kmers; need 0.151 GB to sort     10140943 kmers
Used 146.820 GB / 1511.391 GB to store  11888299023 kmers; need 0.151 GB to sort     10160368 kmers
Used 146.948 GB / 1511.391 GB to store  11910460997 kmers; need 0.152 GB to sort     10179725 kmers
Used 147.076 GB / 1511.391 GB to store  11932623007 kmers; need 0.152 GB to sort     10198488 kmers
Used 147.204 GB / 1511.391 GB to store  11954785063 kmers; need 0.152 GB to sort     10217569 kmers
Used 147.332 GB / 1511.391 GB to store  11976946896 kmers; need 0.153 GB to sort     10236898 kmers
Used 147.460 GB / 1511.391 GB to store  11999108858 kmers; need 0.153 GB to sort     10255546 kmers
Used 147.589 GB / 1511.391 GB to store  12021270888 kmers; need 0.153 GB to sort     10274719 kmers
Used 147.717 GB / 1511.391 GB to store  12043432944 kmers; need 0.153 GB to sort     10292375 kmers
Used 147.845 GB / 1511.391 GB to store  12065594823 kmers; need 0.154 GB to sort     10311108 kmers
Used 147.973 GB / 1511.391 GB to store  12087756879 kmers; need 0.154 GB to sort     10329763 kmers
Used 148.100 GB / 1511.391 GB to store  12109918915 kmers; need 0.154 GB to sort     10348135 kmers
Used 148.228 GB / 1511.391 GB to store  12132080971 kmers; need 0.154 GB to sort     10366487 kmers
Used 148.356 GB / 1511.391 GB to store  12154242960 kmers; need 0.155 GB to sort     10386134 kmers
Used 148.484 GB / 1511.391 GB to store  12176405016 kmers; need 0.155 GB to sort     10405405 kmers
Used 148.611 GB / 1511.391 GB to store  12198567006 kmers; need 0.155 GB to sort     10424732 kmers
Used 148.739 GB / 1511.391 GB to store  12220728934 kmers; need 0.156 GB to sort     10443364 kmers
Used 148.868 GB / 1511.391 GB to store  12242890909 kmers; need 0.156 GB to sort     10461907 kmers
Used 148.995 GB / 1511.391 GB to store  12265052941 kmers; need 0.156 GB to sort     10481252 kmers
Used 149.123 GB / 1511.391 GB to store  12287214935 kmers; need 0.156 GB to sort     10500825 kmers
Used 149.252 GB / 1511.391 GB to store  12309376911 kmers; need 0.157 GB to sort     10519627 kmers
Used 149.379 GB / 1511.391 GB to store  12331538895 kmers; need 0.157 GB to sort     10539225 kmers
Used 149.507 GB / 1511.391 GB to store  12353700873 kmers; need 0.157 GB to sort     10558885 kmers
Used 149.634 GB / 1511.391 GB to store  12375862847 kmers; need 0.158 GB to sort     10577505 kmers
Used 149.763 GB / 1511.391 GB to store  12398024482 kmers; need 0.158 GB to sort     10597418 kmers
Used 149.892 GB / 1511.391 GB to store  12420186484 kmers; need 0.158 GB to sort     10616896 kmers
Used 150.020 GB / 1511.391 GB to store  12442348460 kmers; need 0.158 GB to sort     10636542 kmers
Used 150.148 GB / 1511.391 GB to store  12464510448 kmers; need 0.159 GB to sort     10656144 kmers
Used 150.276 GB / 1511.391 GB to store  12486672448 kmers; need 0.159 GB to sort     10675864 kmers
Used 150.404 GB / 1511.391 GB to store  12508834444 kmers; need 0.159 GB to sort     10695804 kmers
Used 150.532 GB / 1511.391 GB to store  12530996394 kmers; need 0.160 GB to sort     10715226 kmers
Used 150.660 GB / 1511.391 GB to store  12553158378 kmers; need 0.160 GB to sort     10734849 kmers
Used 150.788 GB / 1511.391 GB to store  12575320342 kmers; need 0.160 GB to sort     10754526 kmers
Used 150.915 GB / 1511.391 GB to store  12597482350 kmers; need 0.161 GB to sort     10774180 kmers
Used 151.043 GB / 1511.391 GB to store  12619644330 kmers; need 0.161 GB to sort     10793282 kmers
Used 151.172 GB / 1511.391 GB to store  12641806306 kmers; need 0.161 GB to sort     10813280 kmers
Used 151.301 GB / 1511.391 GB to store  12663968262 kmers; need 0.161 GB to sort     10833410 kmers
Used 151.430 GB / 1511.391 GB to store  12686130286 kmers; need 0.162 GB to sort     10853104 kmers
Used 151.559 GB / 1511.391 GB to store  12708292334 kmers; need 0.162 GB to sort     10872756 kmers
Used 151.688 GB / 1511.391 GB to store  12730454380 kmers; need 0.162 GB to sort     10891884 kmers
Used 151.817 GB / 1511.391 GB to store  12752616356 kmers; need 0.163 GB to sort     10912609 kmers
Used 151.946 GB / 1511.391 GB to store  12774778320 kmers; need 0.163 GB to sort     10932134 kmers
Used 152.075 GB / 1511.391 GB to store  12796940324 kmers; need 0.163 GB to sort     10952245 kmers
Used 152.201 GB / 1511.391 GB to store  12819101920 kmers; need 0.163 GB to sort     10971585 kmers
Used 152.329 GB / 1511.391 GB to store  12841263328 kmers; need 0.164 GB to sort     10989733 kmers
Used 152.458 GB / 1511.391 GB to store  12863425384 kmers; need 0.164 GB to sort     11007966 kmers
Used 152.588 GB / 1511.391 GB to store  12885587440 kmers; need 0.164 GB to sort     11027681 kmers
Used 152.716 GB / 1511.391 GB to store  12907749496 kmers; need 0.165 GB to sort     11045816 kmers
Used 152.844 GB / 1511.391 GB to store  12929911552 kmers; need 0.165 GB to sort     11064855 kmers
Used 152.972 GB / 1511.391 GB to store  12952073608 kmers; need 0.165 GB to sort     11082963 kmers
Used 153.100 GB / 1511.391 GB to store  12974235664 kmers; need 0.165 GB to sort     11102296 kmers
Used 153.228 GB / 1511.391 GB to store  12996397621 kmers; need 0.166 GB to sort     11120571 kmers
Used 153.357 GB / 1511.391 GB to store  13018559663 kmers; need 0.166 GB to sort     11139501 kmers
Used 153.486 GB / 1511.391 GB to store  13040721565 kmers; need 0.166 GB to sort     11157848 kmers
Used 153.615 GB / 1511.391 GB to store  13062883621 kmers; need 0.167 GB to sort     11177036 kmers
Used 153.743 GB / 1511.391 GB to store  13085044993 kmers; need 0.167 GB to sort     11195910 kmers
Used 153.872 GB / 1511.391 GB to store  13107205897 kmers; need 0.167 GB to sort     11214265 kmers
Used 154.000 GB / 1511.391 GB to store  13129367649 kmers; need 0.167 GB to sort     11232689 kmers
Used 154.129 GB / 1511.391 GB to store  13151529705 kmers; need 0.168 GB to sort     11251758 kmers
Used 154.257 GB / 1511.391 GB to store  13173691715 kmers; need 0.168 GB to sort     11270391 kmers
Used 154.385 GB / 1511.391 GB to store  13195853623 kmers; need 0.168 GB to sort     11288639 kmers
Used 154.513 GB / 1511.391 GB to store  13218015679 kmers; need 0.168 GB to sort     11307426 kmers
Used 154.643 GB / 1511.391 GB to store  13240177735 kmers; need 0.169 GB to sort     11326293 kmers
Used 154.772 GB / 1511.391 GB to store  13262339791 kmers; need 0.169 GB to sort     11344931 kmers
Used 154.900 GB / 1511.391 GB to store  13284501827 kmers; need 0.169 GB to sort     11364053 kmers
Used 155.028 GB / 1511.391 GB to store  13306663883 kmers; need 0.170 GB to sort     11383278 kmers
Used 155.156 GB / 1511.391 GB to store  13328825939 kmers; need 0.170 GB to sort     11402907 kmers
Used 155.286 GB / 1511.391 GB to store  13350987995 kmers; need 0.170 GB to sort     11421370 kmers
Used 155.415 GB / 1511.391 GB to store  13373150033 kmers; need 0.170 GB to sort     11440177 kmers
Used 155.545 GB / 1511.391 GB to store  13395311997 kmers; need 0.171 GB to sort     11458551 kmers
Used 155.673 GB / 1511.391 GB to store  13417474015 kmers; need 0.171 GB to sort     11477206 kmers
Used 155.802 GB / 1511.391 GB to store  13439636005 kmers; need 0.171 GB to sort     11495355 kmers
Used 155.932 GB / 1511.391 GB to store  13461797621 kmers; need 0.172 GB to sort     11515279 kmers
Used 156.060 GB / 1511.391 GB to store  13483959635 kmers; need 0.172 GB to sort     11533445 kmers
Used 156.187 GB / 1511.391 GB to store  13506121619 kmers; need 0.172 GB to sort     11552247 kmers
Used 156.316 GB / 1511.391 GB to store  13528283599 kmers; need 0.172 GB to sort     11571144 kmers
Used 156.446 GB / 1511.391 GB to store  13550445599 kmers; need 0.173 GB to sort     11590657 kmers
Used 156.574 GB / 1511.391 GB to store  13572607589 kmers; need 0.173 GB to sort     11609464 kmers
Used 156.703 GB / 1511.391 GB to store  13594769555 kmers; need 0.173 GB to sort     11628376 kmers
Used 156.832 GB / 1511.391 GB to store  13616931603 kmers; need 0.174 GB to sort     11647446 kmers
Used 156.961 GB / 1511.391 GB to store  13639093659 kmers; need 0.174 GB to sort     11666742 kmers
Used 157.091 GB / 1511.391 GB to store  13661255635 kmers; need 0.174 GB to sort     11685349 kmers
Used 157.220 GB / 1511.391 GB to store  13683417605 kmers; need 0.174 GB to sort     11704278 kmers
Used 157.349 GB / 1511.391 GB to store  13705579661 kmers; need 0.175 GB to sort     11723285 kmers
Used 157.477 GB / 1511.391 GB to store  13727741705 kmers; need 0.175 GB to sort     11742163 kmers
Used 157.605 GB / 1511.391 GB to store  13749903681 kmers; need 0.175 GB to sort     11760697 kmers
Used 157.734 GB / 1511.391 GB to store  13772065693 kmers; need 0.176 GB to sort     11778959 kmers
Used 157.863 GB / 1511.391 GB to store  13794227749 kmers; need 0.176 GB to sort     11797936 kmers
Used 157.991 GB / 1511.391 GB to store  13816389779 kmers; need 0.176 GB to sort     11817064 kmers
Used 158.120 GB / 1511.391 GB to store  13838551749 kmers; need 0.176 GB to sort     11836625 kmers
Used 158.249 GB / 1511.391 GB to store  13860713725 kmers; need 0.177 GB to sort     11856469 kmers
Used 158.378 GB / 1511.391 GB to store  13882875713 kmers; need 0.177 GB to sort     11876164 kmers
Used 158.506 GB / 1511.391 GB to store  13905037696 kmers; need 0.177 GB to sort     11895445 kmers
Used 158.634 GB / 1511.391 GB to store  13927199752 kmers; need 0.178 GB to sort     11914989 kmers
Used 158.762 GB / 1511.391 GB to store  13949361734 kmers; need 0.178 GB to sort     11935633 kmers
Used 158.892 GB / 1511.391 GB to store  13971523696 kmers; need 0.178 GB to sort     11954905 kmers
Used 159.021 GB / 1511.391 GB to store  13993685658 kmers; need 0.178 GB to sort     11975443 kmers
Used 159.150 GB / 1511.391 GB to store  14015847660 kmers; need 0.179 GB to sort     11995151 kmers
Used 159.280 GB / 1511.391 GB to store  14038009640 kmers; need 0.179 GB to sort     12014750 kmers
Used 159.410 GB / 1511.391 GB to store  14060171610 kmers; need 0.179 GB to sort     12035008 kmers
Used 159.540 GB / 1511.391 GB to store  14082333576 kmers; need 0.180 GB to sort     12054568 kmers
Used 159.670 GB / 1511.391 GB to store  14104495538 kmers; need 0.180 GB to sort     12073834 kmers
Used 159.797 GB / 1511.391 GB to store  14126657528 kmers; need 0.180 GB to sort     12093915 kmers
Used 159.926 GB / 1511.391 GB to store  14148819568 kmers; need 0.181 GB to sort     12113347 kmers
Used 160.056 GB / 1511.391 GB to store  14170981548 kmers; need 0.181 GB to sort     12132886 kmers
Used 160.185 GB / 1511.391 GB to store  14193143484 kmers; need 0.181 GB to sort     12152713 kmers
Used 160.314 GB / 1511.391 GB to store  14215305524 kmers; need 0.181 GB to sort     12173063 kmers
Used 160.444 GB / 1511.391 GB to store  14237467580 kmers; need 0.182 GB to sort     12193126 kmers
Used 160.573 GB / 1511.391 GB to store  14259629538 kmers; need 0.182 GB to sort     12212735 kmers
Used 160.702 GB / 1511.391 GB to store  14281791362 kmers; need 0.182 GB to sort     12232665 kmers
Used 160.831 GB / 1511.391 GB to store  14303953418 kmers; need 0.183 GB to sort     12251292 kmers
Used 160.960 GB / 1511.391 GB to store  14326115474 kmers; need 0.183 GB to sort     12270092 kmers
Used 161.090 GB / 1511.391 GB to store  14348277530 kmers; need 0.183 GB to sort     12288797 kmers
Used 161.218 GB / 1511.391 GB to store  14370439586 kmers; need 0.183 GB to sort     12307115 kmers
Used 161.348 GB / 1511.391 GB to store  14392601642 kmers; need 0.184 GB to sort     12325799 kmers
Used 161.477 GB / 1511.391 GB to store  14414763482 kmers; need 0.184 GB to sort     12344268 kmers
Used 161.607 GB / 1511.391 GB to store  14436925277 kmers; need 0.184 GB to sort     12363728 kmers
Used 161.735 GB / 1511.391 GB to store  14459087333 kmers; need 0.185 GB to sort     12382267 kmers
Used 161.864 GB / 1511.391 GB to store  14481249389 kmers; need 0.185 GB to sort     12401316 kmers
Used 161.993 GB / 1511.391 GB to store  14503411445 kmers; need 0.185 GB to sort     12420550 kmers
Used 162.122 GB / 1511.391 GB to store  14525573501 kmers; need 0.185 GB to sort     12438516 kmers
Used 162.252 GB / 1511.391 GB to store  14547735557 kmers; need 0.186 GB to sort     12457797 kmers
Used 162.381 GB / 1511.391 GB to store  14569897577 kmers; need 0.186 GB to sort     12477006 kmers
Used 162.512 GB / 1511.391 GB to store  14592058754 kmers; need 0.186 GB to sort     12495968 kmers
Used 162.640 GB / 1511.391 GB to store  14614220810 kmers; need 0.186 GB to sort     12515320 kmers
Used 162.769 GB / 1511.391 GB to store  14636382866 kmers; need 0.187 GB to sort     12534001 kmers
Used 162.898 GB / 1511.391 GB to store  14658544890 kmers; need 0.187 GB to sort     12553327 kmers
Used 163.028 GB / 1511.391 GB to store  14680706888 kmers; need 0.187 GB to sort     12572081 kmers
Used 163.158 GB / 1511.391 GB to store  14702868944 kmers; need 0.188 GB to sort     12590064 kmers
Used 163.287 GB / 1511.391 GB to store  14725031000 kmers; need 0.188 GB to sort     12608992 kmers
Used 163.416 GB / 1511.391 GB to store  14747192921 kmers; need 0.188 GB to sort     12628414 kmers
Used 163.545 GB / 1511.391 GB to store  14769354977 kmers; need 0.188 GB to sort     12647394 kmers
Used 163.675 GB / 1511.391 GB to store  14791517033 kmers; need 0.189 GB to sort     12665808 kmers
Used 163.805 GB / 1511.391 GB to store  14813679089 kmers; need 0.189 GB to sort     12685251 kmers
Used 163.934 GB / 1511.391 GB to store  14835840956 kmers; need 0.189 GB to sort     12704034 kmers
Used 164.063 GB / 1511.391 GB to store  14858003012 kmers; need 0.190 GB to sort     12722658 kmers
Used 164.192 GB / 1511.391 GB to store  14880165068 kmers; need 0.190 GB to sort     12741306 kmers
Used 164.319 GB / 1511.391 GB to store  14902327106 kmers; need 0.190 GB to sort     12760488 kmers
Used 164.449 GB / 1511.391 GB to store  14924489076 kmers; need 0.190 GB to sort     12779264 kmers
Used 164.578 GB / 1511.391 GB to store  14946651060 kmers; need 0.191 GB to sort     12797270 kmers
Used 164.707 GB / 1511.391 GB to store  14968813052 kmers; need 0.191 GB to sort     12815884 kmers
Used 164.838 GB / 1511.391 GB to store  14990975022 kmers; need 0.191 GB to sort     12835083 kmers
Used 164.967 GB / 1511.391 GB to store  15013137002 kmers; need 0.192 GB to sort     12854283 kmers
Used 165.096 GB / 1511.391 GB to store  15035298974 kmers; need 0.192 GB to sort     12873389 kmers
Used 165.226 GB / 1511.391 GB to store  15057460966 kmers; need 0.192 GB to sort     12892657 kmers
Used 165.356 GB / 1511.391 GB to store  15079622958 kmers; need 0.192 GB to sort     12911948 kmers
Used 165.484 GB / 1511.391 GB to store  15101784942 kmers; need 0.193 GB to sort     12930228 kmers
Used 165.614 GB / 1511.391 GB to store  15123946995 kmers; need 0.193 GB to sort     12949117 kmers
Used 165.743 GB / 1511.391 GB to store  15146109039 kmers; need 0.193 GB to sort     12967750 kmers
Used 165.874 GB / 1511.391 GB to store  15168271011 kmers; need 0.194 GB to sort     12985934 kmers
Used 166.003 GB / 1511.391 GB to store  15190432901 kmers; need 0.194 GB to sort     13004910 kmers
Used 166.132 GB / 1511.391 GB to store  15212594957 kmers; need 0.194 GB to sort     13022680 kmers
Used 166.261 GB / 1511.391 GB to store  15234756934 kmers; need 0.194 GB to sort     13041539 kmers
Used 166.391 GB / 1511.391 GB to store  15256918990 kmers; need 0.195 GB to sort     13060608 kmers
Used 166.520 GB / 1511.391 GB to store  15279081008 kmers; need 0.195 GB to sort     13080036 kmers
Used 166.648 GB / 1511.391 GB to store  15301242976 kmers; need 0.195 GB to sort     13099168 kmers
Used 166.779 GB / 1511.391 GB to store  15323404970 kmers; need 0.195 GB to sort     13119017 kmers
Used 166.908 GB / 1511.391 GB to store  15345567026 kmers; need 0.196 GB to sort     13138675 kmers
Used 167.037 GB / 1511.391 GB to store  15367729082 kmers; need 0.196 GB to sort     13157475 kmers
Used 167.165 GB / 1511.391 GB to store  15389891138 kmers; need 0.196 GB to sort     13176499 kmers
Used 167.294 GB / 1511.391 GB to store  15412053124 kmers; need 0.197 GB to sort     13195652 kmers
Used 167.425 GB / 1511.391 GB to store  15434215104 kmers; need 0.197 GB to sort     13215125 kmers
Used 167.555 GB / 1511.391 GB to store  15456377072 kmers; need 0.197 GB to sort     13234140 kmers
Used 167.684 GB / 1511.391 GB to store  15478539046 kmers; need 0.197 GB to sort     13252619 kmers
Used 167.814 GB / 1511.391 GB to store  15500701016 kmers; need 0.198 GB to sort     13271936 kmers
Used 167.943 GB / 1511.391 GB to store  15522863014 kmers; need 0.198 GB to sort     13292037 kmers
Used 168.072 GB / 1511.391 GB to store  15545025006 kmers; need 0.198 GB to sort     13311829 kmers
Used 168.202 GB / 1511.391 GB to store  15567186715 kmers; need 0.199 GB to sort     13330501 kmers
Used 168.332 GB / 1511.391 GB to store  15589348665 kmers; need 0.199 GB to sort     13349797 kmers
Used 168.462 GB / 1511.391 GB to store  15611510627 kmers; need 0.199 GB to sort     13368786 kmers
Used 168.591 GB / 1511.391 GB to store  15633672599 kmers; need 0.199 GB to sort     13388185 kmers
Used 168.722 GB / 1511.391 GB to store  15655834619 kmers; need 0.200 GB to sort     13407866 kmers
Used 168.852 GB / 1511.391 GB to store  15677996675 kmers; need 0.200 GB to sort     13427082 kmers
Used 168.982 GB / 1511.391 GB to store  15700158723 kmers; need 0.200 GB to sort     13446200 kmers
Used 169.111 GB / 1511.391 GB to store  15722320711 kmers; need 0.201 GB to sort     13465193 kmers
Used 169.242 GB / 1511.391 GB to store  15744482691 kmers; need 0.201 GB to sort     13484310 kmers
Used 169.372 GB / 1511.391 GB to store  15766644689 kmers; need 0.201 GB to sort     13504864 kmers
Used 169.503 GB / 1511.391 GB to store  15788806637 kmers; need 0.202 GB to sort     13524629 kmers
Used 169.632 GB / 1511.391 GB to store  15810968605 kmers; need 0.202 GB to sort     13543832 kmers
Used 169.761 GB / 1511.391 GB to store  15833130589 kmers; need 0.202 GB to sort     13563803 kmers
Used 169.891 GB / 1511.391 GB to store  15855292579 kmers; need 0.202 GB to sort     13583961 kmers
Used 170.020 GB / 1511.391 GB to store  15877454525 kmers; need 0.203 GB to sort     13603894 kmers
Used 170.150 GB / 1511.391 GB to store  15899616577 kmers; need 0.203 GB to sort     13623781 kmers
Used 170.279 GB / 1511.391 GB to store  15921778555 kmers; need 0.203 GB to sort     13643352 kmers
Used 170.408 GB / 1511.391 GB to store  15943940547 kmers; need 0.204 GB to sort     13663435 kmers
Used 170.539 GB / 1511.391 GB to store  15966102475 kmers; need 0.204 GB to sort     13683535 kmers
Used 170.669 GB / 1511.391 GB to store  15988264517 kmers; need 0.204 GB to sort     13703386 kmers
Used 170.798 GB / 1511.391 GB to store  16010426565 kmers; need 0.204 GB to sort     13722453 kmers
Used 170.928 GB / 1511.391 GB to store  16032588621 kmers; need 0.205 GB to sort     13741742 kmers
Used 171.058 GB / 1511.391 GB to store  16054750677 kmers; need 0.205 GB to sort     13760083 kmers
Used 171.189 GB / 1511.391 GB to store  16076912733 kmers; need 0.205 GB to sort     13779119 kmers
Used 171.318 GB / 1511.391 GB to store  16099074789 kmers; need 0.206 GB to sort     13797980 kmers
Used 171.448 GB / 1511.391 GB to store  16121236845 kmers; need 0.206 GB to sort     13816488 kmers
Used 171.577 GB / 1511.391 GB to store  16143398892 kmers; need 0.206 GB to sort     13835326 kmers
Used 171.707 GB / 1511.391 GB to store  16165560948 kmers; need 0.206 GB to sort     13853871 kmers
Used 171.836 GB / 1511.391 GB to store  16187723004 kmers; need 0.207 GB to sort     13872503 kmers
Used 171.967 GB / 1511.391 GB to store  16209885060 kmers; need 0.207 GB to sort     13891518 kmers
Used 172.097 GB / 1511.391 GB to store  16232047076 kmers; need 0.207 GB to sort     13910266 kmers
Used 172.227 GB / 1511.391 GB to store  16254209132 kmers; need 0.208 GB to sort     13928701 kmers
Used 172.357 GB / 1511.391 GB to store  16276371188 kmers; need 0.208 GB to sort     13948089 kmers
Used 172.489 GB / 1511.391 GB to store  16298533244 kmers; need 0.208 GB to sort     13966683 kmers
Used 172.619 GB / 1511.391 GB to store  16320695300 kmers; need 0.208 GB to sort     13985110 kmers
Used 172.749 GB / 1511.391 GB to store  16342857356 kmers; need 0.209 GB to sort     14003777 kmers
Used 172.878 GB / 1511.391 GB to store  16365019412 kmers; need 0.209 GB to sort     14022492 kmers
Used 173.008 GB / 1511.391 GB to store  16387181180 kmers; need 0.209 GB to sort     14041995 kmers
Used 173.137 GB / 1511.391 GB to store  16409343236 kmers; need 0.210 GB to sort     14061051 kmers
Used 173.266 GB / 1511.391 GB to store  16431505292 kmers; need 0.210 GB to sort     14080550 kmers
Used 173.397 GB / 1511.391 GB to store  16453667348 kmers; need 0.210 GB to sort     14099414 kmers
Used 173.526 GB / 1511.391 GB to store  16475829404 kmers; need 0.210 GB to sort     14118935 kmers
Used 173.657 GB / 1511.391 GB to store  16497991457 kmers; need 0.211 GB to sort     14137587 kmers
Used 173.786 GB / 1511.391 GB to store  16520153513 kmers; need 0.211 GB to sort     14155934 kmers
Used 173.916 GB / 1511.391 GB to store  16542315524 kmers; need 0.211 GB to sort     14175041 kmers
Used 174.046 GB / 1511.391 GB to store  16564477564 kmers; need 0.212 GB to sort     14194225 kmers
Used 174.175 GB / 1511.391 GB to store  16586639602 kmers; need 0.212 GB to sort     14212816 kmers
Used 174.305 GB / 1511.391 GB to store  16608801658 kmers; need 0.212 GB to sort     14232309 kmers
Used 174.435 GB / 1511.391 GB to store  16630963714 kmers; need 0.212 GB to sort     14251420 kmers
Used 174.565 GB / 1511.391 GB to store  16653125770 kmers; need 0.213 GB to sort     14270629 kmers
Used 174.695 GB / 1511.391 GB to store  16675287718 kmers; need 0.213 GB to sort     14289638 kmers
Used 174.824 GB / 1511.391 GB to store  16697449736 kmers; need 0.213 GB to sort     14308038 kmers
Used 174.955 GB / 1511.391 GB to store  16719611706 kmers; need 0.213 GB to sort     14327080 kmers
Used 175.086 GB / 1511.391 GB to store  16741773762 kmers; need 0.214 GB to sort     14346308 kmers
Used 175.216 GB / 1511.391 GB to store  16763935770 kmers; need 0.214 GB to sort     14365665 kmers
Used 175.346 GB / 1511.391 GB to store  16786097756 kmers; need 0.214 GB to sort     14384489 kmers
Used 175.477 GB / 1511.391 GB to store  16808259736 kmers; need 0.215 GB to sort     14403343 kmers
Used 175.607 GB / 1511.391 GB to store  16830421732 kmers; need 0.215 GB to sort     14422438 kmers
Used 175.736 GB / 1511.391 GB to store  16852583788 kmers; need 0.215 GB to sort     14441767 kmers
Used 175.868 GB / 1511.391 GB to store  16874745790 kmers; need 0.215 GB to sort     14460709 kmers
Used 175.998 GB / 1511.391 GB to store  16896907772 kmers; need 0.216 GB to sort     14479678 kmers
Used 176.129 GB / 1511.391 GB to store  16919069772 kmers; need 0.216 GB to sort     14498193 kmers
Used 176.259 GB / 1511.391 GB to store  16941231756 kmers; need 0.216 GB to sort     14517760 kmers
Used 176.390 GB / 1511.391 GB to store  16963393792 kmers; need 0.217 GB to sort     14536892 kmers
Used 176.519 GB / 1511.391 GB to store  16985555848 kmers; need 0.217 GB to sort     14556440 kmers
Used 176.649 GB / 1511.391 GB to store  17007717834 kmers; need 0.217 GB to sort     14576531 kmers
Used 176.778 GB / 1511.391 GB to store  17029879820 kmers; need 0.217 GB to sort     14595697 kmers
Used 176.908 GB / 1511.391 GB to store  17052041810 kmers; need 0.218 GB to sort     14615058 kmers
Used 177.037 GB / 1511.391 GB to store  17074203800 kmers; need 0.218 GB to sort     14633793 kmers
Used 177.167 GB / 1511.391 GB to store  17096365784 kmers; need 0.218 GB to sort     14652420 kmers
Used 177.297 GB / 1511.391 GB to store  17118527747 kmers; need 0.219 GB to sort     14671647 kmers
Used 177.428 GB / 1511.391 GB to store  17140689803 kmers; need 0.219 GB to sort     14691054 kmers
Used 177.557 GB / 1511.391 GB to store  17162851773 kmers; need 0.219 GB to sort     14709824 kmers
Used 177.687 GB / 1511.391 GB to store  17185013743 kmers; need 0.219 GB to sort     14728712 kmers
Used 177.818 GB / 1511.391 GB to store  17207175713 kmers; need 0.220 GB to sort     14748176 kmers
Used 177.948 GB / 1511.391 GB to store  17229337703 kmers; need 0.220 GB to sort     14767406 kmers
Used 178.078 GB / 1511.391 GB to store  17251499645 kmers; need 0.220 GB to sort     14786843 kmers
Used 178.210 GB / 1511.391 GB to store  17273661645 kmers; need 0.221 GB to sort     14806594 kmers
Used 178.340 GB / 1511.391 GB to store  17295823637 kmers; need 0.221 GB to sort     14826459 kmers
Used 178.472 GB / 1511.391 GB to store  17317985627 kmers; need 0.221 GB to sort     14845955 kmers
Used 178.601 GB / 1511.391 GB to store  17340147579 kmers; need 0.222 GB to sort     14866028 kmers
Used 178.732 GB / 1511.391 GB to store  17362309555 kmers; need 0.222 GB to sort     14885759 kmers
Used 178.863 GB / 1511.391 GB to store  17384471601 kmers; need 0.222 GB to sort     14904823 kmers
Used 178.992 GB / 1511.391 GB to store  17406633553 kmers; need 0.222 GB to sort     14924665 kmers
Used 179.122 GB / 1511.391 GB to store  17428795539 kmers; need 0.223 GB to sort     14943683 kmers
Used 179.252 GB / 1511.391 GB to store  17450957595 kmers; need 0.223 GB to sort     14963635 kmers
Used 179.382 GB / 1511.391 GB to store  17473119583 kmers; need 0.223 GB to sort     14983393 kmers
Used 179.512 GB / 1511.391 GB to store  17495281607 kmers; need 0.224 GB to sort     15003639 kmers
Used 179.643 GB / 1511.391 GB to store  17517443553 kmers; need 0.224 GB to sort     15023798 kmers
Used 179.772 GB / 1511.391 GB to store  17539605523 kmers; need 0.224 GB to sort     15044061 kmers
Used 179.902 GB / 1511.391 GB to store  17561767579 kmers; need 0.224 GB to sort     15063873 kmers
Used 180.032 GB / 1511.391 GB to store  17583929511 kmers; need 0.225 GB to sort     15083315 kmers
Used 180.162 GB / 1511.391 GB to store  17606091353 kmers; need 0.225 GB to sort     15103379 kmers
Used 180.292 GB / 1511.391 GB to store  17628253355 kmers; need 0.225 GB to sort     15123106 kmers
Used 180.422 GB / 1511.391 GB to store  17650415401 kmers; need 0.226 GB to sort     15143341 kmers
Used 180.554 GB / 1511.391 GB to store  17672577369 kmers; need 0.226 GB to sort     15162904 kmers
Used 180.685 GB / 1511.391 GB to store  17694739339 kmers; need 0.226 GB to sort     15183118 kmers
Used 180.815 GB / 1511.391 GB to store  17716901333 kmers; need 0.227 GB to sort     15203228 kmers
Used 180.945 GB / 1511.391 GB to store  17739063389 kmers; need 0.227 GB to sort     15222553 kmers
Used 181.076 GB / 1511.391 GB to store  17761225445 kmers; need 0.227 GB to sort     15240840 kmers
Used 181.208 GB / 1511.391 GB to store  17783387501 kmers; need 0.227 GB to sort     15259568 kmers
Used 181.337 GB / 1511.391 GB to store  17805549557 kmers; need 0.228 GB to sort     15277802 kmers
Used 181.467 GB / 1511.391 GB to store  17827711613 kmers; need 0.228 GB to sort     15295848 kmers
Used 181.596 GB / 1511.391 GB to store  17849873669 kmers; need 0.228 GB to sort     15314561 kmers
Used 181.726 GB / 1511.391 GB to store  17872035561 kmers; need 0.228 GB to sort     15333051 kmers
Used 181.857 GB / 1511.391 GB to store  17894197617 kmers; need 0.229 GB to sort     15352145 kmers
Used 181.988 GB / 1511.391 GB to store  17916359673 kmers; need 0.229 GB to sort     15370760 kmers
Used 182.120 GB / 1511.391 GB to store  17938521729 kmers; need 0.229 GB to sort     15389786 kmers
Used 182.251 GB / 1511.391 GB to store  17960683785 kmers; need 0.230 GB to sort     15408170 kmers
Used 182.381 GB / 1511.391 GB to store  17982845763 kmers; need 0.230 GB to sort     15427240 kmers
Used 182.512 GB / 1511.391 GB to store  18005007819 kmers; need 0.230 GB to sort     15445560 kmers
Used 182.643 GB / 1511.391 GB to store  18027169875 kmers; need 0.230 GB to sort     15463830 kmers
Used 182.774 GB / 1511.391 GB to store  18049331931 kmers; need 0.231 GB to sort     15481967 kmers
Used 182.905 GB / 1511.391 GB to store  18071493987 kmers; need 0.231 GB to sort     15501238 kmers
Used 183.035 GB / 1511.391 GB to store  18093656043 kmers; need 0.231 GB to sort     15520324 kmers
Used 183.166 GB / 1511.391 GB to store  18115818099 kmers; need 0.232 GB to sort     15538968 kmers
Used 183.296 GB / 1511.391 GB to store  18137980074 kmers; need 0.232 GB to sort     15557431 kmers
Used 183.427 GB / 1511.391 GB to store  18160142130 kmers; need 0.232 GB to sort     15576704 kmers
Used 183.558 GB / 1511.391 GB to store  18182304186 kmers; need 0.232 GB to sort     15595683 kmers
Used 183.688 GB / 1511.391 GB to store  18204466242 kmers; need 0.233 GB to sort     15614937 kmers
Used 183.818 GB / 1511.391 GB to store  18226628259 kmers; need 0.233 GB to sort     15633504 kmers
Used 183.948 GB / 1511.391 GB to store  18248790315 kmers; need 0.233 GB to sort     15652454 kmers
Used 184.076 GB / 1511.391 GB to store  18270952371 kmers; need 0.234 GB to sort     15671366 kmers
Used 184.207 GB / 1511.391 GB to store  18293114427 kmers; need 0.234 GB to sort     15689765 kmers
Used 184.337 GB / 1511.391 GB to store  18315276483 kmers; need 0.234 GB to sort     15707713 kmers
Used 184.468 GB / 1511.391 GB to store  18337438539 kmers; need 0.234 GB to sort     15726463 kmers
Used 184.599 GB / 1511.391 GB to store  18359600535 kmers; need 0.235 GB to sort     15744828 kmers
Used 184.729 GB / 1511.391 GB to store  18381762532 kmers; need 0.235 GB to sort     15763140 kmers
Used 184.861 GB / 1511.391 GB to store  18403924588 kmers; need 0.235 GB to sort     15781495 kmers
Used 184.990 GB / 1511.391 GB to store  18426086577 kmers; need 0.235 GB to sort     15800181 kmers
Used 185.120 GB / 1511.391 GB to store  18448248559 kmers; need 0.236 GB to sort     15819431 kmers
Used 185.250 GB / 1511.391 GB to store  18470410583 kmers; need 0.236 GB to sort     15838632 kmers
Used 185.380 GB / 1511.391 GB to store  18492572639 kmers; need 0.236 GB to sort     15857364 kmers
Used 185.512 GB / 1511.391 GB to store  18514734695 kmers; need 0.237 GB to sort     15876480 kmers
Used 185.640 GB / 1511.391 GB to store  18536896693 kmers; need 0.237 GB to sort     15895597 kmers
Used 185.770 GB / 1511.391 GB to store  18559058729 kmers; need 0.237 GB to sort     15914756 kmers
Used 185.900 GB / 1511.391 GB to store  18581220785 kmers; need 0.237 GB to sort     15934240 kmers
Used 186.033 GB / 1511.391 GB to store  18603382841 kmers; need 0.238 GB to sort     15953625 kmers
Used 186.164 GB / 1511.391 GB to store  18625544897 kmers; need 0.238 GB to sort     15973005 kmers
Used 186.295 GB / 1511.391 GB to store  18647706953 kmers; need 0.238 GB to sort     15992078 kmers
Used 186.426 GB / 1511.391 GB to store  18669868987 kmers; need 0.239 GB to sort     16010742 kmers
Used 186.558 GB / 1511.391 GB to store  18692031001 kmers; need 0.239 GB to sort     16029922 kmers
Used 186.686 GB / 1511.391 GB to store  18714193057 kmers; need 0.239 GB to sort     16049027 kmers
Used 186.817 GB / 1511.391 GB to store  18736355113 kmers; need 0.239 GB to sort     16068273 kmers
Used 186.947 GB / 1511.391 GB to store  18758517129 kmers; need 0.240 GB to sort     16087415 kmers
Used 187.079 GB / 1511.391 GB to store  18780679105 kmers; need 0.240 GB to sort     16106103 kmers
Used 187.209 GB / 1511.391 GB to store  18802841065 kmers; need 0.240 GB to sort     16125811 kmers
Used 187.339 GB / 1511.391 GB to store  18825003075 kmers; need 0.241 GB to sort     16145616 kmers
Used 187.471 GB / 1511.391 GB to store  18847165103 kmers; need 0.241 GB to sort     16164763 kmers
Used 187.601 GB / 1511.391 GB to store  18869327159 kmers; need 0.241 GB to sort     16184133 kmers
Used 187.733 GB / 1511.391 GB to store  18891489173 kmers; need 0.241 GB to sort     16203965 kmers
Used 187.864 GB / 1511.391 GB to store  18913651157 kmers; need 0.242 GB to sort     16223323 kmers
Used 187.994 GB / 1511.391 GB to store  18935813129 kmers; need 0.242 GB to sort     16242527 kmers
Used 188.124 GB / 1511.391 GB to store  18957975101 kmers; need 0.242 GB to sort     16262552 kmers
Used 188.255 GB / 1511.391 GB to store  18980137047 kmers; need 0.243 GB to sort     16281580 kmers
Used 188.385 GB / 1511.391 GB to store  19002299057 kmers; need 0.243 GB to sort     16301248 kmers
Used 188.516 GB / 1511.391 GB to store  19024461113 kmers; need 0.243 GB to sort     16320940 kmers
Used 188.647 GB / 1511.391 GB to store  19046623169 kmers; need 0.243 GB to sort     16339996 kmers
Used 188.778 GB / 1511.391 GB to store  19068785135 kmers; need 0.244 GB to sort     16359983 kmers
Used 188.909 GB / 1511.391 GB to store  19090947111 kmers; need 0.244 GB to sort     16379748 kmers
Used 189.040 GB / 1511.391 GB to store  19113109095 kmers; need 0.244 GB to sort     16399620 kmers
Used 189.171 GB / 1511.391 GB to store  19135271065 kmers; need 0.245 GB to sort     16419430 kmers
Used 189.301 GB / 1511.391 GB to store  19157433121 kmers; need 0.245 GB to sort     16439106 kmers
Used 189.433 GB / 1511.391 GB to store  19179595091 kmers; need 0.245 GB to sort     16459212 kmers
Used 189.563 GB / 1511.391 GB to store  19201757053 kmers; need 0.246 GB to sort     16479211 kmers
Used 189.693 GB / 1511.391 GB to store  19223919065 kmers; need 0.246 GB to sort     16498704 kmers
Used 189.824 GB / 1511.391 GB to store  19246081121 kmers; need 0.246 GB to sort     16518019 kmers
Used 189.954 GB / 1511.391 GB to store  19268243145 kmers; need 0.246 GB to sort     16536825 kmers
Used 190.085 GB / 1511.391 GB to store  19290405201 kmers; need 0.247 GB to sort     16556382 kmers
Used 190.216 GB / 1511.391 GB to store  19312567257 kmers; need 0.247 GB to sort     16575129 kmers
Used 190.347 GB / 1511.391 GB to store  19334729313 kmers; need 0.247 GB to sort     16594316 kmers
Used 190.477 GB / 1511.391 GB to store  19356891369 kmers; need 0.248 GB to sort     16612725 kmers
Used 190.608 GB / 1511.391 GB to store  19379053425 kmers; need 0.248 GB to sort     16630671 kmers
Used 190.738 GB / 1511.391 GB to store  19401215481 kmers; need 0.248 GB to sort     16649764 kmers
Used 190.870 GB / 1511.391 GB to store  19423377528 kmers; need 0.248 GB to sort     16668659 kmers
Used 191.002 GB / 1511.391 GB to store  19445539584 kmers; need 0.249 GB to sort     16687606 kmers
Used 191.133 GB / 1511.391 GB to store  19467701640 kmers; need 0.249 GB to sort     16706309 kmers
Used 191.264 GB / 1511.391 GB to store  19489863696 kmers; need 0.249 GB to sort     16725273 kmers
Used 191.395 GB / 1511.391 GB to store  19512025752 kmers; need 0.250 GB to sort     16743827 kmers
Used 191.525 GB / 1511.391 GB to store  19534187808 kmers; need 0.250 GB to sort     16763116 kmers
Used 191.656 GB / 1511.391 GB to store  19556349864 kmers; need 0.250 GB to sort     16782160 kmers
Used 191.786 GB / 1511.391 GB to store  19578511920 kmers; need 0.250 GB to sort     16801451 kmers
Used 191.917 GB / 1511.391 GB to store  19600673976 kmers; need 0.251 GB to sort     16820298 kmers
Used 192.049 GB / 1511.391 GB to store  19622836032 kmers; need 0.251 GB to sort     16839386 kmers
Used 192.181 GB / 1511.391 GB to store  19644998088 kmers; need 0.251 GB to sort     16858010 kmers
Used 192.311 GB / 1511.391 GB to store  19667160144 kmers; need 0.251 GB to sort     16877288 kmers
Used 192.442 GB / 1511.391 GB to store  19689322200 kmers; need 0.252 GB to sort     16895914 kmers
Used 192.572 GB / 1511.391 GB to store  19711484121 kmers; need 0.252 GB to sort     16915022 kmers
Used 192.703 GB / 1511.391 GB to store  19733646177 kmers; need 0.252 GB to sort     16933146 kmers
Used 192.834 GB / 1511.391 GB to store  19755808233 kmers; need 0.253 GB to sort     16951973 kmers
Used 192.965 GB / 1511.391 GB to store  19777970289 kmers; need 0.253 GB to sort     16970829 kmers
Used 193.097 GB / 1511.391 GB to store  19800132345 kmers; need 0.253 GB to sort     16989489 kmers
Used 193.229 GB / 1511.391 GB to store  19822294401 kmers; need 0.253 GB to sort     17007969 kmers
Used 193.360 GB / 1511.391 GB to store  19844456421 kmers; need 0.254 GB to sort     17027035 kmers
Used 193.490 GB / 1511.391 GB to store  19866618457 kmers; need 0.254 GB to sort     17045251 kmers
Used 193.621 GB / 1511.391 GB to store  19888780513 kmers; need 0.254 GB to sort     17064621 kmers
Used 193.751 GB / 1511.391 GB to store  19910942569 kmers; need 0.255 GB to sort     17083930 kmers
Used 193.882 GB / 1511.391 GB to store  19933104625 kmers; need 0.255 GB to sort     17102281 kmers
Used 194.012 GB / 1511.391 GB to store  19955266623 kmers; need 0.255 GB to sort     17121430 kmers
Used 194.143 GB / 1511.391 GB to store  19977428581 kmers; need 0.255 GB to sort     17140547 kmers
Used 194.273 GB / 1511.391 GB to store  19999590581 kmers; need 0.256 GB to sort     17159543 kmers
Used 194.406 GB / 1511.391 GB to store  20021752561 kmers; need 0.256 GB to sort     17178111 kmers
Used 194.536 GB / 1511.391 GB to store  20043914617 kmers; need 0.256 GB to sort     17197237 kmers
Used 194.667 GB / 1511.391 GB to store  20066076673 kmers; need 0.257 GB to sort     17215888 kmers
Used 194.799 GB / 1511.391 GB to store  20088238729 kmers; need 0.257 GB to sort     17235128 kmers
Used 194.929 GB / 1511.391 GB to store  20110400785 kmers; need 0.257 GB to sort     17254167 kmers
Used 195.060 GB / 1511.391 GB to store  20132562841 kmers; need 0.257 GB to sort     17273115 kmers
Used 195.192 GB / 1511.391 GB to store  20154724897 kmers; need 0.258 GB to sort     17292380 kmers
Used 195.323 GB / 1511.391 GB to store  20176886953 kmers; need 0.258 GB to sort     17311077 kmers
Used 195.453 GB / 1511.391 GB to store  20199049009 kmers; need 0.258 GB to sort     17330493 kmers
Used 195.584 GB / 1511.391 GB to store  20221211065 kmers; need 0.259 GB to sort     17349303 kmers
Used 195.715 GB / 1511.391 GB to store  20243373121 kmers; need 0.259 GB to sort     17368008 kmers
Used 195.845 GB / 1511.391 GB to store  20265535177 kmers; need 0.259 GB to sort     17387076 kmers
Used 195.976 GB / 1511.391 GB to store  20287697161 kmers; need 0.259 GB to sort     17406619 kmers
Used 196.107 GB / 1511.391 GB to store  20309859155 kmers; need 0.260 GB to sort     17425598 kmers
Used 196.238 GB / 1511.391 GB to store  20332021189 kmers; need 0.260 GB to sort     17444168 kmers
Used 196.369 GB / 1511.391 GB to store  20354183245 kmers; need 0.260 GB to sort     17462751 kmers
Used 196.500 GB / 1511.391 GB to store  20376345223 kmers; need 0.260 GB to sort     17481750 kmers
Used 196.631 GB / 1511.391 GB to store  20398507199 kmers; need 0.261 GB to sort     17500738 kmers
Used 196.762 GB / 1511.391 GB to store  20420669183 kmers; need 0.261 GB to sort     17520130 kmers
Used 196.893 GB / 1511.391 GB to store  20442831117 kmers; need 0.261 GB to sort     17539225 kmers
Used 197.025 GB / 1511.391 GB to store  20464993121 kmers; need 0.262 GB to sort     17558430 kmers
Used 197.157 GB / 1511.391 GB to store  20487155081 kmers; need 0.262 GB to sort     17577916 kmers
Used 197.287 GB / 1511.391 GB to store  20509317053 kmers; need 0.262 GB to sort     17597533 kmers
Used 197.417 GB / 1511.391 GB to store  20531478995 kmers; need 0.263 GB to sort     17617503 kmers
Used 197.548 GB / 1511.391 GB to store  20553640963 kmers; need 0.263 GB to sort     17637019 kmers
Used 197.680 GB / 1511.391 GB to store  20575802981 kmers; need 0.263 GB to sort     17656180 kmers
Used 197.810 GB / 1511.391 GB to store  20597965037 kmers; need 0.263 GB to sort     17675755 kmers
Used 197.942 GB / 1511.391 GB to store  20620127039 kmers; need 0.264 GB to sort     17695730 kmers
Used 198.072 GB / 1511.391 GB to store  20642289043 kmers; need 0.264 GB to sort     17715564 kmers
Used 198.203 GB / 1511.391 GB to store  20664451043 kmers; need 0.264 GB to sort     17734751 kmers
Used 198.333 GB / 1511.391 GB to store  20686613049 kmers; need 0.265 GB to sort     17754758 kmers
Used 198.465 GB / 1511.391 GB to store  20708775049 kmers; need 0.265 GB to sort     17774819 kmers
Used 198.596 GB / 1511.391 GB to store  20730937105 kmers; need 0.265 GB to sort     17794708 kmers
Used 198.728 GB / 1511.391 GB to store  20753099161 kmers; need 0.265 GB to sort     17814247 kmers
Used 198.860 GB / 1511.391 GB to store  20775261217 kmers; need 0.266 GB to sort     17833442 kmers
Used 198.990 GB / 1511.391 GB to store  20797423151 kmers; need 0.266 GB to sort     17852784 kmers
Used 199.122 GB / 1511.391 GB to store  20819585207 kmers; need 0.266 GB to sort     17872738 kmers
Used 199.253 GB / 1511.391 GB to store  20841747263 kmers; need 0.267 GB to sort     17891103 kmers
Used 199.383 GB / 1511.391 GB to store  20863909319 kmers; need 0.267 GB to sort     17909976 kmers
Used 199.516 GB / 1511.391 GB to store  20886071375 kmers; need 0.267 GB to sort     17928771 kmers
Used 199.647 GB / 1511.391 GB to store  20908233431 kmers; need 0.267 GB to sort     17947451 kmers
Used 199.779 GB / 1511.391 GB to store  20930395487 kmers; need 0.268 GB to sort     17965555 kmers
Used 199.909 GB / 1511.391 GB to store  20952557543 kmers; need 0.268 GB to sort     17984572 kmers
Used 200.040 GB / 1511.391 GB to store  20974719599 kmers; need 0.268 GB to sort     18003081 kmers
Used 200.170 GB / 1511.391 GB to store  20996881655 kmers; need 0.269 GB to sort     18021934 kmers
Used 200.301 GB / 1511.391 GB to store  21019043576 kmers; need 0.269 GB to sort     18041191 kmers
Used 200.433 GB / 1511.391 GB to store  21041205632 kmers; need 0.269 GB to sort     18060553 kmers
Used 200.563 GB / 1511.391 GB to store  21063367688 kmers; need 0.269 GB to sort     18079352 kmers
Used 200.694 GB / 1511.391 GB to store  21085529744 kmers; need 0.270 GB to sort     18097729 kmers
Used 200.826 GB / 1511.391 GB to store  21107691800 kmers; need 0.270 GB to sort     18116734 kmers
Used 200.957 GB / 1511.391 GB to store  21129853856 kmers; need 0.270 GB to sort     18135541 kmers
Used 201.089 GB / 1511.391 GB to store  21152015912 kmers; need 0.271 GB to sort     18154649 kmers
Used 201.220 GB / 1511.391 GB to store  21174177968 kmers; need 0.271 GB to sort     18173630 kmers
Used 201.351 GB / 1511.391 GB to store  21196340024 kmers; need 0.271 GB to sort     18192687 kmers
Used 201.482 GB / 1511.391 GB to store  21218502080 kmers; need 0.271 GB to sort     18211895 kmers
Used 201.614 GB / 1511.391 GB to store  21240664136 kmers; need 0.272 GB to sort     18230769 kmers
Used 201.745 GB / 1511.391 GB to store  21262826192 kmers; need 0.272 GB to sort     18250015 kmers
Used 201.877 GB / 1511.391 GB to store  21284988248 kmers; need 0.272 GB to sort     18268721 kmers
Used 202.008 GB / 1511.391 GB to store  21307150304 kmers; need 0.273 GB to sort     18287844 kmers
Used 202.139 GB / 1511.391 GB to store  21329312360 kmers; need 0.273 GB to sort     18306043 kmers
Used 202.270 GB / 1511.391 GB to store  21351474416 kmers; need 0.273 GB to sort     18324704 kmers
Used 202.402 GB / 1511.391 GB to store  21373636472 kmers; need 0.273 GB to sort     18344008 kmers
Used 202.532 GB / 1511.391 GB to store  21395798528 kmers; need 0.274 GB to sort     18363355 kmers
Used 202.663 GB / 1511.391 GB to store  21417960584 kmers; need 0.274 GB to sort     18382397 kmers
Used 202.795 GB / 1511.391 GB to store  21440122640 kmers; need 0.274 GB to sort     18401491 kmers
Used 202.926 GB / 1511.391 GB to store  21462284696 kmers; need 0.274 GB to sort     18420704 kmers
Used 203.057 GB / 1511.391 GB to store  21484446752 kmers; need 0.275 GB to sort     18440152 kmers
Used 203.189 GB / 1511.391 GB to store  21506608808 kmers; need 0.275 GB to sort     18459582 kmers
Used 203.320 GB / 1511.391 GB to store  21528770864 kmers; need 0.275 GB to sort     18478021 kmers
Used 203.452 GB / 1511.391 GB to store  21550932920 kmers; need 0.276 GB to sort     18496546 kmers
Used 203.583 GB / 1511.391 GB to store  21573094976 kmers; need 0.276 GB to sort     18515766 kmers
Used 203.715 GB / 1511.391 GB to store  21595257029 kmers; need 0.276 GB to sort     18534877 kmers
Used 203.847 GB / 1511.391 GB to store  21617419085 kmers; need 0.276 GB to sort     18553792 kmers
Used 203.977 GB / 1511.391 GB to store  21639581071 kmers; need 0.277 GB to sort     18572304 kmers
Used 204.109 GB / 1511.391 GB to store  21661743127 kmers; need 0.277 GB to sort     18591293 kmers
Used 204.240 GB / 1511.391 GB to store  21683905183 kmers; need 0.277 GB to sort     18610611 kmers
Used 204.372 GB / 1511.391 GB to store  21706067239 kmers; need 0.278 GB to sort     18629111 kmers
Used 204.503 GB / 1511.391 GB to store  21728229295 kmers; need 0.278 GB to sort     18647985 kmers
Used 204.634 GB / 1511.391 GB to store  21750391351 kmers; need 0.278 GB to sort     18666675 kmers
Used 204.763 GB / 1511.391 GB to store  21772553407 kmers; need 0.278 GB to sort     18685575 kmers
Used 204.896 GB / 1511.391 GB to store  21794715460 kmers; need 0.279 GB to sort     18704343 kmers
Used 205.028 GB / 1511.391 GB to store  21816877516 kmers; need 0.279 GB to sort     18723338 kmers
Used 205.160 GB / 1511.391 GB to store  21839039572 kmers; need 0.279 GB to sort     18742424 kmers
Used 205.292 GB / 1511.391 GB to store  21861201628 kmers; need 0.280 GB to sort     18761759 kmers
Used 205.423 GB / 1511.391 GB to store  21883363674 kmers; need 0.280 GB to sort     18781098 kmers
Used 205.555 GB / 1511.391 GB to store  21905525730 kmers; need 0.280 GB to sort     18801352 kmers
Used 205.685 GB / 1511.391 GB to store  21927687786 kmers; need 0.280 GB to sort     18821419 kmers
Used 205.816 GB / 1511.391 GB to store  21949849842 kmers; need 0.281 GB to sort     18840581 kmers
Used 205.948 GB / 1511.391 GB to store  21972011898 kmers; need 0.281 GB to sort     18859962 kmers
Used 206.079 GB / 1511.391 GB to store  21994173954 kmers; need 0.281 GB to sort     18879291 kmers
Used 206.211 GB / 1511.391 GB to store  22016336010 kmers; need 0.282 GB to sort     18899017 kmers
Used 206.342 GB / 1511.391 GB to store  22038498042 kmers; need 0.282 GB to sort     18918425 kmers
Used 206.473 GB / 1511.391 GB to store  22060660098 kmers; need 0.282 GB to sort     18937051 kmers
Used 206.604 GB / 1511.391 GB to store  22082822094 kmers; need 0.282 GB to sort     18957279 kmers
Used 206.736 GB / 1511.391 GB to store  22104984080 kmers; need 0.283 GB to sort     18976479 kmers
Used 206.866 GB / 1511.391 GB to store  22127146096 kmers; need 0.283 GB to sort     18996082 kmers
Used 206.998 GB / 1511.391 GB to store  22149308152 kmers; need 0.283 GB to sort     19014923 kmers
Used 207.130 GB / 1511.391 GB to store  22171470154 kmers; need 0.284 GB to sort     19034393 kmers
Used 207.262 GB / 1511.391 GB to store  22193632122 kmers; need 0.284 GB to sort     19053331 kmers
Used 207.393 GB / 1511.391 GB to store  22215794112 kmers; need 0.284 GB to sort     19072760 kmers
Used 207.524 GB / 1511.391 GB to store  22237956082 kmers; need 0.284 GB to sort     19092391 kmers
Used 207.656 GB / 1511.391 GB to store  22260118066 kmers; need 0.285 GB to sort     19112079 kmers
Used 207.787 GB / 1511.391 GB to store  22282280066 kmers; need 0.285 GB to sort     19132099 kmers
Used 207.918 GB / 1511.391 GB to store  22304442112 kmers; need 0.285 GB to sort     19152112 kmers
Used 208.049 GB / 1511.391 GB to store  22326604168 kmers; need 0.286 GB to sort     19171615 kmers
Used 208.182 GB / 1511.391 GB to store  22348766078 kmers; need 0.286 GB to sort     19192123 kmers
Used 208.314 GB / 1511.391 GB to store  22370928050 kmers; need 0.286 GB to sort     19211555 kmers
Used 208.446 GB / 1511.391 GB to store  22393090060 kmers; need 0.287 GB to sort     19230659 kmers
Used 208.576 GB / 1511.391 GB to store  22415252026 kmers; need 0.287 GB to sort     19249049 kmers
Used 208.707 GB / 1511.391 GB to store  22437413900 kmers; need 0.287 GB to sort     19268454 kmers
Used 208.839 GB / 1511.391 GB to store  22459575938 kmers; need 0.287 GB to sort     19288558 kmers
Used 208.970 GB / 1511.391 GB to store  22481737928 kmers; need 0.288 GB to sort     19308292 kmers
Used 209.102 GB / 1511.391 GB to store  22503899964 kmers; need 0.288 GB to sort     19328111 kmers
Used 209.233 GB / 1511.391 GB to store  22526062006 kmers; need 0.288 GB to sort     19348842 kmers
Used 209.365 GB / 1511.391 GB to store  22548224062 kmers; need 0.289 GB to sort     19368245 kmers
Used 209.496 GB / 1511.391 GB to store  22570386118 kmers; need 0.289 GB to sort     19386773 kmers
Used 209.627 GB / 1511.391 GB to store  22592548174 kmers; need 0.289 GB to sort     19405443 kmers
Used 209.758 GB / 1511.391 GB to store  22614710114 kmers; need 0.289 GB to sort     19424084 kmers
Used 209.890 GB / 1511.391 GB to store  22636872122 kmers; need 0.290 GB to sort     19443839 kmers
Used 210.022 GB / 1511.391 GB to store  22659034076 kmers; need 0.290 GB to sort     19463500 kmers
Used 210.154 GB / 1511.391 GB to store  22681196132 kmers; need 0.290 GB to sort     19482430 kmers
Used 210.285 GB / 1511.391 GB to store  22703358188 kmers; need 0.291 GB to sort     19501649 kmers
Used 210.417 GB / 1511.391 GB to store  22725520244 kmers; need 0.291 GB to sort     19520164 kmers
Used 210.550 GB / 1511.391 GB to store  22747682300 kmers; need 0.291 GB to sort     19539239 kmers
Used 210.681 GB / 1511.391 GB to store  22769844356 kmers; need 0.291 GB to sort     19558759 kmers
Used 210.812 GB / 1511.391 GB to store  22792006412 kmers; need 0.292 GB to sort     19577532 kmers
Used 210.942 GB / 1511.391 GB to store  22814168468 kmers; need 0.292 GB to sort     19596278 kmers
Used 211.073 GB / 1511.391 GB to store  22836330524 kmers; need 0.292 GB to sort     19614603 kmers
Used 211.205 GB / 1511.391 GB to store  22858492580 kmers; need 0.293 GB to sort     19633496 kmers
Used 211.338 GB / 1511.391 GB to store  22880654636 kmers; need 0.293 GB to sort     19652337 kmers
Used 211.470 GB / 1511.391 GB to store  22902816692 kmers; need 0.293 GB to sort     19671309 kmers
Used 211.601 GB / 1511.391 GB to store  22924978748 kmers; need 0.293 GB to sort     19689820 kmers
Used 211.733 GB / 1511.391 GB to store  22947140804 kmers; need 0.294 GB to sort     19708126 kmers
Used 211.864 GB / 1511.391 GB to store  22969302860 kmers; need 0.294 GB to sort     19726494 kmers
Used 211.996 GB / 1511.391 GB to store  22991464916 kmers; need 0.294 GB to sort     19745276 kmers
Used 212.129 GB / 1511.391 GB to store  23013626972 kmers; need 0.295 GB to sort     19763730 kmers
Used 212.259 GB / 1511.391 GB to store  23035789028 kmers; need 0.295 GB to sort     19782814 kmers
Used 212.391 GB / 1511.391 GB to store  23057951084 kmers; need 0.295 GB to sort     19802389 kmers
Used 212.522 GB / 1511.391 GB to store  23080113140 kmers; need 0.295 GB to sort     19821036 kmers
Used 212.654 GB / 1511.391 GB to store  23102275196 kmers; need 0.296 GB to sort     19839868 kmers
Used 212.784 GB / 1511.391 GB to store  23124437252 kmers; need 0.296 GB to sort     19858452 kmers
Used 212.917 GB / 1511.391 GB to store  23146599308 kmers; need 0.296 GB to sort     19877187 kmers
Used 213.048 GB / 1511.391 GB to store  23168761364 kmers; need 0.296 GB to sort     19895897 kmers
Used 213.179 GB / 1511.391 GB to store  23190923420 kmers; need 0.297 GB to sort     19914725 kmers
Used 213.311 GB / 1511.391 GB to store  23213085476 kmers; need 0.297 GB to sort     19933438 kmers
Used 213.442 GB / 1511.391 GB to store  23235247532 kmers; need 0.297 GB to sort     19952929 kmers
Used 213.573 GB / 1511.391 GB to store  23257409588 kmers; need 0.298 GB to sort     19971193 kmers
Used 213.706 GB / 1511.391 GB to store  23279571644 kmers; need 0.298 GB to sort     19989765 kmers
Used 213.837 GB / 1511.391 GB to store  23301733700 kmers; need 0.298 GB to sort     20008936 kmers
Used 213.968 GB / 1511.391 GB to store  23323895756 kmers; need 0.298 GB to sort     20027975 kmers
Used 214.100 GB / 1511.391 GB to store  23346057806 kmers; need 0.299 GB to sort     20047366 kmers
Used 214.231 GB / 1511.391 GB to store  23368219862 kmers; need 0.299 GB to sort     20066466 kmers
Used 214.363 GB / 1511.391 GB to store  23390381918 kmers; need 0.299 GB to sort     20085058 kmers
Used 214.496 GB / 1511.391 GB to store  23412543974 kmers; need 0.300 GB to sort     20103384 kmers
Used 214.628 GB / 1511.391 GB to store  23434705976 kmers; need 0.300 GB to sort     20122388 kmers
Used 214.760 GB / 1511.391 GB to store  23456867996 kmers; need 0.300 GB to sort     20142189 kmers
Used 214.891 GB / 1511.391 GB to store  23479030027 kmers; need 0.300 GB to sort     20160691 kmers
Used 215.023 GB / 1511.391 GB to store  23501192065 kmers; need 0.301 GB to sort     20179826 kmers
Used 215.156 GB / 1511.391 GB to store  23523354049 kmers; need 0.301 GB to sort     20198774 kmers
Used 215.286 GB / 1511.391 GB to store  23545516036 kmers; need 0.301 GB to sort     20218033 kmers
Used 215.418 GB / 1511.391 GB to store  23567678092 kmers; need 0.302 GB to sort     20237411 kmers
Used 215.550 GB / 1511.391 GB to store  23589840148 kmers; need 0.302 GB to sort     20256257 kmers
Used 215.681 GB / 1511.391 GB to store  23612002204 kmers; need 0.302 GB to sort     20275275 kmers
Used 215.812 GB / 1511.391 GB to store  23634164198 kmers; need 0.302 GB to sort     20294901 kmers
Used 215.944 GB / 1511.391 GB to store  23656326188 kmers; need 0.303 GB to sort     20313838 kmers
Used 216.076 GB / 1511.391 GB to store  23678488097 kmers; need 0.303 GB to sort     20332509 kmers
Used 216.208 GB / 1511.391 GB to store  23700650059 kmers; need 0.303 GB to sort     20352081 kmers
Used 216.340 GB / 1511.391 GB to store  23722812049 kmers; need 0.304 GB to sort     20372156 kmers
Used 216.472 GB / 1511.391 GB to store  23744974013 kmers; need 0.304 GB to sort     20391414 kmers
Used 216.603 GB / 1511.391 GB to store  23767135971 kmers; need 0.304 GB to sort     20411403 kmers
Used 216.735 GB / 1511.391 GB to store  23789297971 kmers; need 0.304 GB to sort     20430829 kmers
Used 216.866 GB / 1511.391 GB to store  23811459923 kmers; need 0.305 GB to sort     20450358 kmers
Used 216.998 GB / 1511.391 GB to store  23833621973 kmers; need 0.305 GB to sort     20469642 kmers
Used 217.129 GB / 1511.391 GB to store  23855783985 kmers; need 0.305 GB to sort     20488609 kmers
Used 217.260 GB / 1511.391 GB to store  23877945955 kmers; need 0.306 GB to sort     20507767 kmers
Used 217.393 GB / 1511.391 GB to store  23900108011 kmers; need 0.306 GB to sort     20527333 kmers
Used 217.525 GB / 1511.391 GB to store  23922270053 kmers; need 0.306 GB to sort     20546689 kmers
Used 217.656 GB / 1511.391 GB to store  23944432099 kmers; need 0.306 GB to sort     20566520 kmers
Used 217.788 GB / 1511.391 GB to store  23966594113 kmers; need 0.307 GB to sort     20586375 kmers
Used 217.921 GB / 1511.391 GB to store  23988756169 kmers; need 0.307 GB to sort     20606112 kmers
Used 218.054 GB / 1511.391 GB to store  24010918201 kmers; need 0.307 GB to sort     20626172 kmers
Used 218.185 GB / 1511.391 GB to store  24033080159 kmers; need 0.308 GB to sort     20645929 kmers
Used 218.315 GB / 1511.391 GB to store  24055242185 kmers; need 0.308 GB to sort     20666227 kmers
Used 218.448 GB / 1511.391 GB to store  24077404241 kmers; need 0.308 GB to sort     20684248 kmers
Used 218.580 GB / 1511.391 GB to store  24099566297 kmers; need 0.308 GB to sort     20702385 kmers
Used 218.711 GB / 1511.391 GB to store  24121728353 kmers; need 0.309 GB to sort     20720103 kmers
Used 218.843 GB / 1511.391 GB to store  24143890409 kmers; need 0.309 GB to sort     20738734 kmers
Used 218.975 GB / 1511.391 GB to store  24166052465 kmers; need 0.309 GB to sort     20757761 kmers
Used 219.108 GB / 1511.391 GB to store  24188214521 kmers; need 0.310 GB to sort     20775779 kmers
Used 219.238 GB / 1511.391 GB to store  24210376577 kmers; need 0.310 GB to sort     20794884 kmers
Used 219.368 GB / 1511.391 GB to store  24232538633 kmers; need 0.310 GB to sort     20813591 kmers
Used 219.500 GB / 1511.391 GB to store  24254700689 kmers; need 0.310 GB to sort     20833074 kmers
Used 219.632 GB / 1511.391 GB to store  24276862727 kmers; need 0.311 GB to sort     20851692 kmers
Used 219.763 GB / 1511.391 GB to store  24299024783 kmers; need 0.311 GB to sort     20870455 kmers
Used 219.896 GB / 1511.391 GB to store  24321186839 kmers; need 0.311 GB to sort     20889421 kmers
Used 220.027 GB / 1511.391 GB to store  24343348895 kmers; need 0.312 GB to sort     20907922 kmers
Used 220.159 GB / 1511.391 GB to store  24365510951 kmers; need 0.312 GB to sort     20927299 kmers
Used 220.291 GB / 1511.391 GB to store  24387673007 kmers; need 0.312 GB to sort     20945472 kmers
Used 220.423 GB / 1511.391 GB to store  24409835063 kmers; need 0.312 GB to sort     20963669 kmers
Used 220.555 GB / 1511.391 GB to store  24431997119 kmers; need 0.313 GB to sort     20982508 kmers
Used 220.685 GB / 1511.391 GB to store  24454159175 kmers; need 0.313 GB to sort     21000625 kmers
Used 220.816 GB / 1511.391 GB to store  24476321231 kmers; need 0.313 GB to sort     21018956 kmers
Used 220.948 GB / 1511.391 GB to store  24498483287 kmers; need 0.313 GB to sort     21038534 kmers
Used 221.080 GB / 1511.391 GB to store  24520645343 kmers; need 0.314 GB to sort     21057654 kmers
Used 221.211 GB / 1511.391 GB to store  24542807399 kmers; need 0.314 GB to sort     21076911 kmers
Used 221.342 GB / 1511.391 GB to store  24564969171 kmers; need 0.314 GB to sort     21095941 kmers
Used 221.473 GB / 1511.391 GB to store  24587131157 kmers; need 0.315 GB to sort     21115037 kmers
Used 221.605 GB / 1511.391 GB to store  24609293201 kmers; need 0.315 GB to sort     21133987 kmers
Used 221.738 GB / 1511.391 GB to store  24631455257 kmers; need 0.315 GB to sort     21153035 kmers
Used 221.870 GB / 1511.391 GB to store  24653617313 kmers; need 0.315 GB to sort     21171298 kmers
Used 222.002 GB / 1511.391 GB to store  24675779369 kmers; need 0.316 GB to sort     21190727 kmers
Used 222.133 GB / 1511.391 GB to store  24697941338 kmers; need 0.316 GB to sort     21209542 kmers
Used 222.264 GB / 1511.391 GB to store  24720103394 kmers; need 0.316 GB to sort     21228686 kmers
Used 222.395 GB / 1511.391 GB to store  24742265450 kmers; need 0.317 GB to sort     21246922 kmers
Used 222.527 GB / 1511.391 GB to store  24764427484 kmers; need 0.317 GB to sort     21265107 kmers
Used 222.658 GB / 1511.391 GB to store  24786589454 kmers; need 0.317 GB to sort     21283643 kmers
Used 222.790 GB / 1511.391 GB to store  24808751488 kmers; need 0.317 GB to sort     21301980 kmers
Used 222.922 GB / 1511.391 GB to store  24830913544 kmers; need 0.318 GB to sort     21321628 kmers
Used 223.054 GB / 1511.391 GB to store  24853075600 kmers; need 0.318 GB to sort     21340446 kmers
Used 223.186 GB / 1511.391 GB to store  24875237656 kmers; need 0.318 GB to sort     21358809 kmers
Used 223.319 GB / 1511.391 GB to store  24897399712 kmers; need 0.319 GB to sort     21378236 kmers
Used 223.451 GB / 1511.391 GB to store  24919561768 kmers; need 0.319 GB to sort     21396786 kmers
Used 223.582 GB / 1511.391 GB to store  24941723824 kmers; need 0.319 GB to sort     21415570 kmers
Used 223.713 GB / 1511.391 GB to store  24963885874 kmers; need 0.319 GB to sort     21434105 kmers
Used 223.844 GB / 1511.391 GB to store  24986047822 kmers; need 0.320 GB to sort     21453170 kmers
Used 223.976 GB / 1511.391 GB to store  25008209785 kmers; need 0.320 GB to sort     21471837 kmers
Used 224.108 GB / 1511.391 GB to store  25030371795 kmers; need 0.320 GB to sort     21490129 kmers
Used 224.240 GB / 1511.391 GB to store  25052533807 kmers; need 0.320 GB to sort     21508290 kmers
Used 224.371 GB / 1511.391 GB to store  25074695863 kmers; need 0.321 GB to sort     21526795 kmers
Used 224.504 GB / 1511.391 GB to store  25096857891 kmers; need 0.321 GB to sort     21545259 kmers
Used 224.637 GB / 1511.391 GB to store  25119019841 kmers; need 0.321 GB to sort     21563337 kmers
Used 224.768 GB / 1511.391 GB to store  25141181839 kmers; need 0.322 GB to sort     21582273 kmers
Used 224.901 GB / 1511.391 GB to store  25163343871 kmers; need 0.322 GB to sort     21601103 kmers
Used 225.031 GB / 1511.391 GB to store  25185505903 kmers; need 0.322 GB to sort     21620266 kmers
Used 225.162 GB / 1511.391 GB to store  25207667905 kmers; need 0.322 GB to sort     21639247 kmers
Used 225.294 GB / 1511.391 GB to store  25229829937 kmers; need 0.323 GB to sort     21658351 kmers
Used 225.426 GB / 1511.391 GB to store  25251991993 kmers; need 0.323 GB to sort     21677518 kmers
Used 225.558 GB / 1511.391 GB to store  25274153997 kmers; need 0.323 GB to sort     21697117 kmers
Used 225.691 GB / 1511.391 GB to store  25296315969 kmers; need 0.324 GB to sort     21715877 kmers
Used 225.823 GB / 1511.391 GB to store  25318477935 kmers; need 0.324 GB to sort     21735643 kmers
Used 225.956 GB / 1511.391 GB to store  25340639895 kmers; need 0.324 GB to sort     21755498 kmers
Used 226.088 GB / 1511.391 GB to store  25362801869 kmers; need 0.324 GB to sort     21775062 kmers
Used 226.220 GB / 1511.391 GB to store  25384963847 kmers; need 0.325 GB to sort     21794477 kmers
Used 226.351 GB / 1511.391 GB to store  25407125853 kmers; need 0.325 GB to sort     21812804 kmers
Used 226.483 GB / 1511.391 GB to store  25429287909 kmers; need 0.325 GB to sort     21832661 kmers
Used 226.615 GB / 1511.391 GB to store  25451449965 kmers; need 0.326 GB to sort     21851631 kmers
Used 226.748 GB / 1511.391 GB to store  25473611989 kmers; need 0.326 GB to sort     21871748 kmers
Used 226.880 GB / 1511.391 GB to store  25495773965 kmers; need 0.326 GB to sort     21891585 kmers
Used 227.013 GB / 1511.391 GB to store  25517935913 kmers; need 0.327 GB to sort     21911513 kmers
Used 227.144 GB / 1511.391 GB to store  25540097969 kmers; need 0.327 GB to sort     21931514 kmers
Used 227.276 GB / 1511.391 GB to store  25562260025 kmers; need 0.327 GB to sort     21951125 kmers
Used 227.409 GB / 1511.391 GB to store  25584422081 kmers; need 0.327 GB to sort     21971108 kmers
Used 227.541 GB / 1511.391 GB to store  25606583987 kmers; need 0.328 GB to sort     21991084 kmers
Used 227.673 GB / 1511.391 GB to store  25628746043 kmers; need 0.328 GB to sort     22010354 kmers
Used 227.806 GB / 1511.391 GB to store  25650908099 kmers; need 0.328 GB to sort     22028907 kmers
Used 227.937 GB / 1511.391 GB to store  25673070155 kmers; need 0.329 GB to sort     22048541 kmers
Used 228.069 GB / 1511.391 GB to store  25695231879 kmers; need 0.329 GB to sort     22068525 kmers
Used 228.201 GB / 1511.391 GB to store  25717393887 kmers; need 0.329 GB to sort     22088186 kmers
Used 228.334 GB / 1511.391 GB to store  25739555923 kmers; need 0.329 GB to sort     22107140 kmers
Used 228.465 GB / 1511.391 GB to store  25761717979 kmers; need 0.330 GB to sort     22125326 kmers
Used 228.596 GB / 1511.391 GB to store  25783880035 kmers; need 0.330 GB to sort     22143430 kmers
Used 228.727 GB / 1511.391 GB to store  25806042073 kmers; need 0.330 GB to sort     22162468 kmers
Used 228.858 GB / 1511.391 GB to store  25828204129 kmers; need 0.331 GB to sort     22181861 kmers
Used 228.991 GB / 1511.391 GB to store  25850366185 kmers; need 0.331 GB to sort     22200723 kmers
Used 229.124 GB / 1511.391 GB to store  25872528241 kmers; need 0.331 GB to sort     22219095 kmers
Used 229.256 GB / 1511.391 GB to store  25894690297 kmers; need 0.331 GB to sort     22237885 kmers
Used 229.386 GB / 1511.391 GB to store  25916852353 kmers; need 0.332 GB to sort     22255697 kmers
Used 229.518 GB / 1511.391 GB to store  25939014409 kmers; need 0.332 GB to sort     22274041 kmers
Used 229.650 GB / 1511.391 GB to store  25961176465 kmers; need 0.332 GB to sort     22292972 kmers
Used 229.782 GB / 1511.391 GB to store  25983338521 kmers; need 0.332 GB to sort     22311571 kmers
Used 229.914 GB / 1511.391 GB to store  26005500577 kmers; need 0.333 GB to sort     22329765 kmers
Used 230.045 GB / 1511.391 GB to store  26027662633 kmers; need 0.333 GB to sort     22348297 kmers
Used 230.177 GB / 1511.391 GB to store  26049824689 kmers; need 0.333 GB to sort     22367114 kmers
Used 230.309 GB / 1511.391 GB to store  26071986745 kmers; need 0.334 GB to sort     22385426 kmers
Used 230.440 GB / 1511.391 GB to store  26094148801 kmers; need 0.334 GB to sort     22404714 kmers
Used 230.573 GB / 1511.391 GB to store  26116310857 kmers; need 0.334 GB to sort     22423431 kmers
Used 230.704 GB / 1511.391 GB to store  26138472913 kmers; need 0.334 GB to sort     22443040 kmers
Used 230.837 GB / 1511.391 GB to store  26160634969 kmers; need 0.335 GB to sort     22461045 kmers
Used 230.970 GB / 1511.391 GB to store  26182797025 kmers; need 0.335 GB to sort     22479847 kmers
Used 231.100 GB / 1511.391 GB to store  26204959081 kmers; need 0.335 GB to sort     22499001 kmers
Used 231.231 GB / 1511.391 GB to store  26227121137 kmers; need 0.336 GB to sort     22517348 kmers
Used 231.364 GB / 1511.391 GB to store  26249283193 kmers; need 0.336 GB to sort     22536578 kmers
Used 231.496 GB / 1511.391 GB to store  26271445249 kmers; need 0.336 GB to sort     22555507 kmers
Used 231.628 GB / 1511.391 GB to store  26293607305 kmers; need 0.336 GB to sort     22574006 kmers
Used 231.760 GB / 1511.391 GB to store  26315769310 kmers; need 0.337 GB to sort     22592804 kmers
Used 231.892 GB / 1511.391 GB to store  26337931366 kmers; need 0.337 GB to sort     22612126 kmers
Used 232.024 GB / 1511.391 GB to store  26360093422 kmers; need 0.337 GB to sort     22631318 kmers
Used 232.156 GB / 1511.391 GB to store  26382255478 kmers; need 0.338 GB to sort     22650781 kmers
Used 232.289 GB / 1511.391 GB to store  26404417534 kmers; need 0.338 GB to sort     22670519 kmers
Used 232.422 GB / 1511.391 GB to store  26426579590 kmers; need 0.338 GB to sort     22689392 kmers
Used 232.554 GB / 1511.391 GB to store  26448741646 kmers; need 0.338 GB to sort     22708781 kmers
Used 232.686 GB / 1511.391 GB to store  26470903702 kmers; need 0.339 GB to sort     22727802 kmers
Used 232.819 GB / 1511.391 GB to store  26493065758 kmers; need 0.339 GB to sort     22746618 kmers
Used 232.950 GB / 1511.391 GB to store  26515227814 kmers; need 0.339 GB to sort     22765471 kmers
Used 233.082 GB / 1511.391 GB to store  26537389801 kmers; need 0.340 GB to sort     22783800 kmers
Used 233.214 GB / 1511.391 GB to store  26559551781 kmers; need 0.340 GB to sort     22802346 kmers
Used 233.345 GB / 1511.391 GB to store  26581713837 kmers; need 0.340 GB to sort     22820984 kmers
Used 233.477 GB / 1511.391 GB to store  26603875893 kmers; need 0.340 GB to sort     22840412 kmers
Used 233.609 GB / 1511.391 GB to store  26626037949 kmers; need 0.341 GB to sort     22859592 kmers
Used 233.741 GB / 1511.391 GB to store  26648199948 kmers; need 0.341 GB to sort     22878344 kmers
Used 233.874 GB / 1511.391 GB to store  26670362004 kmers; need 0.341 GB to sort     22898121 kmers
Used 234.007 GB / 1511.391 GB to store  26692524060 kmers; need 0.341 GB to sort     22916562 kmers
Used 234.139 GB / 1511.391 GB to store  26714686116 kmers; need 0.342 GB to sort     22935355 kmers
Used 234.271 GB / 1511.391 GB to store  26736848172 kmers; need 0.342 GB to sort     22954605 kmers
Used 234.403 GB / 1511.391 GB to store  26759010228 kmers; need 0.342 GB to sort     22973983 kmers
Used 234.536 GB / 1511.391 GB to store  26781172284 kmers; need 0.343 GB to sort     22992423 kmers
Used 234.669 GB / 1511.391 GB to store  26803334340 kmers; need 0.343 GB to sort     23011449 kmers
Used 234.802 GB / 1511.391 GB to store  26825496293 kmers; need 0.343 GB to sort     23029884 kmers
Used 234.935 GB / 1511.391 GB to store  26847658255 kmers; need 0.343 GB to sort     23049425 kmers
Used 235.067 GB / 1511.391 GB to store  26869820221 kmers; need 0.344 GB to sort     23068851 kmers
Used 235.201 GB / 1511.391 GB to store  26891982173 kmers; need 0.344 GB to sort     23088139 kmers
Used 235.332 GB / 1511.391 GB to store  26914144227 kmers; need 0.344 GB to sort     23107841 kmers
Used 235.464 GB / 1511.391 GB to store  26936306255 kmers; need 0.345 GB to sort     23126744 kmers
Used 235.596 GB / 1511.391 GB to store  26958468247 kmers; need 0.345 GB to sort     23146285 kmers
Used 235.727 GB / 1511.391 GB to store  26980630231 kmers; need 0.345 GB to sort     23165671 kmers
Used 235.859 GB / 1511.391 GB to store  27002792287 kmers; need 0.345 GB to sort     23184676 kmers
Used 235.990 GB / 1511.391 GB to store  27024954315 kmers; need 0.346 GB to sort     23204192 kmers
Used 236.122 GB / 1511.391 GB to store  27047116263 kmers; need 0.346 GB to sort     23223074 kmers
Used 236.254 GB / 1511.391 GB to store  27069278179 kmers; need 0.346 GB to sort     23241958 kmers
Used 236.387 GB / 1511.391 GB to store  27091440185 kmers; need 0.347 GB to sort     23262032 kmers
Used 236.519 GB / 1511.391 GB to store  27113602205 kmers; need 0.347 GB to sort     23281860 kmers
Used 236.651 GB / 1511.391 GB to store  27135764261 kmers; need 0.347 GB to sort     23301019 kmers
Used 236.783 GB / 1511.391 GB to store  27157926199 kmers; need 0.348 GB to sort     23321148 kmers
Used 236.914 GB / 1511.391 GB to store  27180088255 kmers; need 0.348 GB to sort     23340648 kmers
Used 237.047 GB / 1511.391 GB to store  27202250227 kmers; need 0.348 GB to sort     23360460 kmers
Used 237.178 GB / 1511.391 GB to store  27224412213 kmers; need 0.348 GB to sort     23380111 kmers
Used 237.311 GB / 1511.391 GB to store  27246574191 kmers; need 0.349 GB to sort     23399675 kmers
Used 237.442 GB / 1511.391 GB to store  27268736247 kmers; need 0.349 GB to sort     23419159 kmers
Used 237.573 GB / 1511.391 GB to store  27290898303 kmers; need 0.349 GB to sort     23439039 kmers
Used 237.706 GB / 1511.391 GB to store  27313060359 kmers; need 0.350 GB to sort     23458685 kmers
Used 237.838 GB / 1511.391 GB to store  27335222405 kmers; need 0.350 GB to sort     23478464 kmers
Used 237.970 GB / 1511.391 GB to store  27357384461 kmers; need 0.350 GB to sort     23497322 kmers
Used 238.103 GB / 1511.391 GB to store  27379546517 kmers; need 0.350 GB to sort     23517949 kmers
Used 238.235 GB / 1511.391 GB to store  27401708397 kmers; need 0.351 GB to sort     23537172 kmers
Used 238.367 GB / 1511.391 GB to store  27423870367 kmers; need 0.351 GB to sort     23556628 kmers
Used 238.500 GB / 1511.391 GB to store  27446032401 kmers; need 0.351 GB to sort     23576130 kmers
Used 238.633 GB / 1511.391 GB to store  27468194457 kmers; need 0.352 GB to sort     23594426 kmers
Used 238.765 GB / 1511.391 GB to store  27490356513 kmers; need 0.352 GB to sort     23612486 kmers
Used 238.897 GB / 1511.391 GB to store  27512518569 kmers; need 0.352 GB to sort     23631015 kmers
Used 239.028 GB / 1511.391 GB to store  27534680625 kmers; need 0.352 GB to sort     23648925 kmers
Used 239.160 GB / 1511.391 GB to store  27556842681 kmers; need 0.353 GB to sort     23667027 kmers
Used 239.293 GB / 1511.391 GB to store  27579004737 kmers; need 0.353 GB to sort     23684702 kmers
Used 239.426 GB / 1511.391 GB to store  27601166793 kmers; need 0.353 GB to sort     23703109 kmers
Used 239.557 GB / 1511.391 GB to store  27623328849 kmers; need 0.353 GB to sort     23721828 kmers
Used 239.688 GB / 1511.391 GB to store  27645490905 kmers; need 0.354 GB to sort     23740032 kmers
Used 239.820 GB / 1511.391 GB to store  27667652961 kmers; need 0.354 GB to sort     23759416 kmers
Used 239.951 GB / 1511.391 GB to store  27689815017 kmers; need 0.354 GB to sort     23777755 kmers
Used 240.084 GB / 1511.391 GB to store  27711977073 kmers; need 0.355 GB to sort     23795751 kmers
Used 240.216 GB / 1511.391 GB to store  27734139129 kmers; need 0.355 GB to sort     23813944 kmers
Used 240.348 GB / 1511.391 GB to store  27756301185 kmers; need 0.355 GB to sort     23832369 kmers
Used 240.480 GB / 1511.391 GB to store  27778463241 kmers; need 0.355 GB to sort     23851808 kmers
Used 240.612 GB / 1511.391 GB to store  27800625297 kmers; need 0.356 GB to sort     23870661 kmers
Used 240.744 GB / 1511.391 GB to store  27822787353 kmers; need 0.356 GB to sort     23889144 kmers
Used 240.876 GB / 1511.391 GB to store  27844949349 kmers; need 0.356 GB to sort     23908037 kmers
Used 241.008 GB / 1511.391 GB to store  27867111405 kmers; need 0.357 GB to sort     23927100 kmers
Used 241.139 GB / 1511.391 GB to store  27889273461 kmers; need 0.357 GB to sort     23946190 kmers
Used 241.272 GB / 1511.391 GB to store  27911435511 kmers; need 0.357 GB to sort     23964431 kmers
Used 241.404 GB / 1511.391 GB to store  27933597567 kmers; need 0.357 GB to sort     23983550 kmers
Used 241.537 GB / 1511.391 GB to store  27955759623 kmers; need 0.358 GB to sort     24002401 kmers
Used 241.669 GB / 1511.391 GB to store  27977921679 kmers; need 0.358 GB to sort     24020557 kmers
Used 241.802 GB / 1511.391 GB to store  28000083735 kmers; need 0.358 GB to sort     24039414 kmers
Used 241.933 GB / 1511.391 GB to store  28022245791 kmers; need 0.358 GB to sort     24057868 kmers
Used 242.065 GB / 1511.391 GB to store  28044407847 kmers; need 0.359 GB to sort     24076931 kmers
Used 242.198 GB / 1511.391 GB to store  28066569903 kmers; need 0.359 GB to sort     24095796 kmers
Used 242.329 GB / 1511.391 GB to store  28088731932 kmers; need 0.359 GB to sort     24114261 kmers
Used 242.461 GB / 1511.391 GB to store  28110893988 kmers; need 0.360 GB to sort     24133205 kmers
Used 242.593 GB / 1511.391 GB to store  28133056044 kmers; need 0.360 GB to sort     24152053 kmers
Used 242.725 GB / 1511.391 GB to store  28155218100 kmers; need 0.360 GB to sort     24170972 kmers
Used 242.858 GB / 1511.391 GB to store  28177380156 kmers; need 0.360 GB to sort     24189533 kmers
Used 242.991 GB / 1511.391 GB to store  28199542212 kmers; need 0.361 GB to sort     24209419 kmers
Used 243.123 GB / 1511.391 GB to store  28221704268 kmers; need 0.361 GB to sort     24228314 kmers
Used 243.255 GB / 1511.391 GB to store  28243866324 kmers; need 0.361 GB to sort     24246931 kmers
Used 243.386 GB / 1511.391 GB to store  28266028380 kmers; need 0.362 GB to sort     24266061 kmers
Used 243.518 GB / 1511.391 GB to store  28288190436 kmers; need 0.362 GB to sort     24285212 kmers
Used 243.650 GB / 1511.391 GB to store  28310352492 kmers; need 0.362 GB to sort     24304681 kmers
Used 243.782 GB / 1511.391 GB to store  28332514521 kmers; need 0.362 GB to sort     24323700 kmers
Used 243.915 GB / 1511.391 GB to store  28354676577 kmers; need 0.363 GB to sort     24343308 kmers
Used 244.048 GB / 1511.391 GB to store  28376838633 kmers; need 0.363 GB to sort     24362456 kmers
Used 244.181 GB / 1511.391 GB to store  28399000689 kmers; need 0.363 GB to sort     24381549 kmers
Used 244.313 GB / 1511.391 GB to store  28421162745 kmers; need 0.364 GB to sort     24400868 kmers
Used 244.444 GB / 1511.391 GB to store  28443324801 kmers; need 0.364 GB to sort     24419788 kmers
Used 244.577 GB / 1511.391 GB to store  28465486857 kmers; need 0.364 GB to sort     24438862 kmers
Used 244.709 GB / 1511.391 GB to store  28487648905 kmers; need 0.364 GB to sort     24457760 kmers
Used 244.841 GB / 1511.391 GB to store  28509810875 kmers; need 0.365 GB to sort     24476370 kmers
Used 244.973 GB / 1511.391 GB to store  28531972875 kmers; need 0.365 GB to sort     24495614 kmers
Used 245.106 GB / 1511.391 GB to store  28554134931 kmers; need 0.365 GB to sort     24515209 kmers
Used 245.239 GB / 1511.391 GB to store  28576296951 kmers; need 0.366 GB to sort     24535217 kmers
Used 245.371 GB / 1511.391 GB to store  28598458937 kmers; need 0.366 GB to sort     24554279 kmers
Used 245.503 GB / 1511.391 GB to store  28620620939 kmers; need 0.366 GB to sort     24574420 kmers
Used 245.636 GB / 1511.391 GB to store  28642782913 kmers; need 0.366 GB to sort     24594620 kmers
Used 245.769 GB / 1511.391 GB to store  28664944911 kmers; need 0.367 GB to sort     24614034 kmers
Used 245.901 GB / 1511.391 GB to store  28687106967 kmers; need 0.367 GB to sort     24633548 kmers
Used 246.034 GB / 1511.391 GB to store  28709268975 kmers; need 0.367 GB to sort     24652917 kmers
Used 246.165 GB / 1511.391 GB to store  28731431031 kmers; need 0.368 GB to sort     24672783 kmers
Used 246.297 GB / 1511.391 GB to store  28753593035 kmers; need 0.368 GB to sort     24692631 kmers
Used 246.430 GB / 1511.391 GB to store  28775755019 kmers; need 0.368 GB to sort     24711891 kmers
Used 246.562 GB / 1511.391 GB to store  28797917049 kmers; need 0.369 GB to sort     24732056 kmers
Used 246.692 GB / 1511.391 GB to store  28820079105 kmers; need 0.369 GB to sort     24752017 kmers
Used 246.825 GB / 1511.391 GB to store  28842241017 kmers; need 0.369 GB to sort     24771335 kmers
Used 246.957 GB / 1511.391 GB to store  28864403073 kmers; need 0.369 GB to sort     24790925 kmers
Used 247.090 GB / 1511.391 GB to store  28886565129 kmers; need 0.370 GB to sort     24811228 kmers
Used 247.222 GB / 1511.391 GB to store  28908727185 kmers; need 0.370 GB to sort     24831056 kmers
Used 247.354 GB / 1511.391 GB to store  28930889045 kmers; need 0.370 GB to sort     24850597 kmers
Used 247.485 GB / 1511.391 GB to store  28953051049 kmers; need 0.371 GB to sort     24870025 kmers
Used 247.617 GB / 1511.391 GB to store  28975213105 kmers; need 0.371 GB to sort     24888411 kmers
Used 247.750 GB / 1511.391 GB to store  28997375161 kmers; need 0.371 GB to sort     24906499 kmers
Used 247.881 GB / 1511.391 GB to store  29019537217 kmers; need 0.371 GB to sort     24925403 kmers
Used 248.015 GB / 1511.391 GB to store  29041699273 kmers; need 0.372 GB to sort     24943885 kmers
Used 248.146 GB / 1511.391 GB to store  29063861329 kmers; need 0.372 GB to sort     24962366 kmers
Used 248.279 GB / 1511.391 GB to store  29086023385 kmers; need 0.372 GB to sort     24981091 kmers
Used 248.411 GB / 1511.391 GB to store  29108185441 kmers; need 0.373 GB to sort     24999348 kmers
Used 248.542 GB / 1511.391 GB to store  29130347497 kmers; need 0.373 GB to sort     25018277 kmers
Used 248.675 GB / 1511.391 GB to store  29152509553 kmers; need 0.373 GB to sort     25036804 kmers
Used 248.806 GB / 1511.391 GB to store  29174671609 kmers; need 0.373 GB to sort     25055789 kmers
Used 248.940 GB / 1511.391 GB to store  29196833665 kmers; need 0.374 GB to sort     25075035 kmers
Used 249.072 GB / 1511.391 GB to store  29218995721 kmers; need 0.374 GB to sort     25093933 kmers
Used 249.204 GB / 1511.391 GB to store  29241157777 kmers; need 0.374 GB to sort     25112327 kmers
Used 249.336 GB / 1511.391 GB to store  29263319833 kmers; need 0.374 GB to sort     25131695 kmers
Used 249.468 GB / 1511.391 GB to store  29285481889 kmers; need 0.375 GB to sort     25150491 kmers
Used 249.602 GB / 1511.391 GB to store  29307643945 kmers; need 0.375 GB to sort     25169220 kmers
Used 249.734 GB / 1511.391 GB to store  29329806001 kmers; need 0.375 GB to sort     25187922 kmers
Used 249.866 GB / 1511.391 GB to store  29351968057 kmers; need 0.376 GB to sort     25206857 kmers
Used 250.000 GB / 1511.391 GB to store  29374130113 kmers; need 0.376 GB to sort     25225708 kmers
Used 250.132 GB / 1511.391 GB to store  29396292169 kmers; need 0.376 GB to sort     25244342 kmers
Used 250.265 GB / 1511.391 GB to store  29418454225 kmers; need 0.376 GB to sort     25262971 kmers
Used 250.398 GB / 1511.391 GB to store  29440616281 kmers; need 0.377 GB to sort     25282197 kmers
Used 250.531 GB / 1511.391 GB to store  29462778337 kmers; need 0.377 GB to sort     25300812 kmers
Used 250.663 GB / 1511.391 GB to store  29484940393 kmers; need 0.377 GB to sort     25319550 kmers
Used 250.796 GB / 1511.391 GB to store  29507102449 kmers; need 0.378 GB to sort     25338646 kmers
Used 250.927 GB / 1511.391 GB to store  29529264505 kmers; need 0.378 GB to sort     25356936 kmers
Used 251.059 GB / 1511.391 GB to store  29551426525 kmers; need 0.378 GB to sort     25376576 kmers
Used 251.192 GB / 1511.391 GB to store  29573588581 kmers; need 0.378 GB to sort     25396077 kmers
Used 251.325 GB / 1511.391 GB to store  29595750637 kmers; need 0.379 GB to sort     25414653 kmers
Used 251.457 GB / 1511.391 GB to store  29617912693 kmers; need 0.379 GB to sort     25433647 kmers
Used 251.590 GB / 1511.391 GB to store  29640074749 kmers; need 0.379 GB to sort     25452779 kmers
Used 251.723 GB / 1511.391 GB to store  29662236805 kmers; need 0.380 GB to sort     25472056 kmers
Used 251.857 GB / 1511.391 GB to store  29684398861 kmers; need 0.380 GB to sort     25490676 kmers
Used 251.989 GB / 1511.391 GB to store  29706560917 kmers; need 0.380 GB to sort     25509632 kmers
Used 252.121 GB / 1511.391 GB to store  29728722913 kmers; need 0.380 GB to sort     25528316 kmers
Used 252.254 GB / 1511.391 GB to store  29750884969 kmers; need 0.381 GB to sort     25547782 kmers
Used 252.387 GB / 1511.391 GB to store  29773047025 kmers; need 0.381 GB to sort     25566956 kmers
Used 252.519 GB / 1511.391 GB to store  29795209045 kmers; need 0.381 GB to sort     25585450 kmers
Used 252.651 GB / 1511.391 GB to store  29817371101 kmers; need 0.382 GB to sort     25604719 kmers
Used 252.783 GB / 1511.391 GB to store  29839533157 kmers; need 0.382 GB to sort     25623799 kmers
Used 252.915 GB / 1511.391 GB to store  29861695213 kmers; need 0.382 GB to sort     25642785 kmers
Used 253.047 GB / 1511.391 GB to store  29883857263 kmers; need 0.382 GB to sort     25661150 kmers
Used 253.179 GB / 1511.391 GB to store  29906019319 kmers; need 0.383 GB to sort     25679838 kmers
Used 253.312 GB / 1511.391 GB to store  29928181375 kmers; need 0.383 GB to sort     25699147 kmers
Used 253.444 GB / 1511.391 GB to store  29950343431 kmers; need 0.383 GB to sort     25717677 kmers
Used 253.575 GB / 1511.391 GB to store  29972505487 kmers; need 0.384 GB to sort     25736538 kmers
Used 253.707 GB / 1511.391 GB to store  29994667543 kmers; need 0.384 GB to sort     25756308 kmers
Used 253.839 GB / 1511.391 GB to store  30016829599 kmers; need 0.384 GB to sort     25775394 kmers
Used 253.972 GB / 1511.391 GB to store  30038991655 kmers; need 0.384 GB to sort     25794237 kmers
Used 254.105 GB / 1511.391 GB to store  30061153687 kmers; need 0.385 GB to sort     25813721 kmers
Used 254.237 GB / 1511.391 GB to store  30083315671 kmers; need 0.385 GB to sort     25832668 kmers
Used 254.369 GB / 1511.391 GB to store  30105477727 kmers; need 0.385 GB to sort     25851856 kmers
Used 254.500 GB / 1511.391 GB to store  30127639767 kmers; need 0.386 GB to sort     25871145 kmers
Used 254.633 GB / 1511.391 GB to store  30149801823 kmers; need 0.386 GB to sort     25890792 kmers
Used 254.766 GB / 1511.391 GB to store  30171963861 kmers; need 0.386 GB to sort     25910225 kmers
Used 254.898 GB / 1511.391 GB to store  30194125821 kmers; need 0.386 GB to sort     25930358 kmers
Used 255.031 GB / 1511.391 GB to store  30216287868 kmers; need 0.387 GB to sort     25949242 kmers
Used 255.164 GB / 1511.391 GB to store  30238449924 kmers; need 0.387 GB to sort     25969044 kmers
Used 255.296 GB / 1511.391 GB to store  30260611980 kmers; need 0.387 GB to sort     25988663 kmers
Used 255.429 GB / 1511.391 GB to store  30282774036 kmers; need 0.388 GB to sort     26007645 kmers
Used 255.562 GB / 1511.391 GB to store  30304936034 kmers; need 0.388 GB to sort     26026568 kmers
Used 255.693 GB / 1511.391 GB to store  30327098062 kmers; need 0.388 GB to sort     26046133 kmers
Used 255.826 GB / 1511.391 GB to store  30349260098 kmers; need 0.388 GB to sort     26066450 kmers
Used 255.959 GB / 1511.391 GB to store  30371422154 kmers; need 0.389 GB to sort     26085829 kmers
Used 256.091 GB / 1511.391 GB to store  30393584184 kmers; need 0.389 GB to sort     26105533 kmers
Used 256.223 GB / 1511.391 GB to store  30415746240 kmers; need 0.389 GB to sort     26125246 kmers
Used 256.356 GB / 1511.391 GB to store  30437908224 kmers; need 0.390 GB to sort     26144838 kmers
Used 256.488 GB / 1511.391 GB to store  30460070210 kmers; need 0.390 GB to sort     26164688 kmers
Used 256.621 GB / 1511.391 GB to store  30482232030 kmers; need 0.390 GB to sort     26184159 kmers
Used 256.754 GB / 1511.391 GB to store  30504394086 kmers; need 0.390 GB to sort     26203683 kmers
Used 256.886 GB / 1511.391 GB to store  30526556142 kmers; need 0.391 GB to sort     26223504 kmers
Used 257.017 GB / 1511.391 GB to store  30548718198 kmers; need 0.391 GB to sort     26243579 kmers
Used 257.149 GB / 1511.391 GB to store  30570880254 kmers; need 0.391 GB to sort     26263200 kmers
Used 257.281 GB / 1511.391 GB to store  30593042310 kmers; need 0.392 GB to sort     26283275 kmers
Used 257.413 GB / 1511.391 GB to store  30615204256 kmers; need 0.392 GB to sort     26302966 kmers
Used 257.546 GB / 1511.391 GB to store  30637366312 kmers; need 0.392 GB to sort     26323257 kmers
Used 257.679 GB / 1511.391 GB to store  30659528352 kmers; need 0.393 GB to sort     26342814 kmers
Used 257.810 GB / 1511.391 GB to store  30681690380 kmers; need 0.393 GB to sort     26363524 kmers
Used 257.943 GB / 1511.391 GB to store  30703852428 kmers; need 0.393 GB to sort     26381994 kmers
Used 258.076 GB / 1511.391 GB to store  30726014484 kmers; need 0.393 GB to sort     26401119 kmers
Used 258.209 GB / 1511.391 GB to store  30748176540 kmers; need 0.394 GB to sort     26419694 kmers
Used 258.341 GB / 1511.391 GB to store  30770338596 kmers; need 0.394 GB to sort     26438593 kmers
Used 258.473 GB / 1511.391 GB to store  30792500652 kmers; need 0.394 GB to sort     26456891 kmers
Used 258.606 GB / 1511.391 GB to store  30814662708 kmers; need 0.395 GB to sort     26475424 kmers
Used 258.739 GB / 1511.391 GB to store  30836824764 kmers; need 0.395 GB to sort     26494608 kmers
Used 258.872 GB / 1511.391 GB to store  30858986820 kmers; need 0.395 GB to sort     26512770 kmers
Used 259.004 GB / 1511.391 GB to store  30881148870 kmers; need 0.395 GB to sort     26531605 kmers
Used 259.136 GB / 1511.391 GB to store  30903310926 kmers; need 0.396 GB to sort     26551388 kmers
Used 259.268 GB / 1511.391 GB to store  30925472982 kmers; need 0.396 GB to sort     26570394 kmers
Used 259.401 GB / 1511.391 GB to store  30947635038 kmers; need 0.396 GB to sort     26588237 kmers
Used 259.532 GB / 1511.391 GB to store  30969797094 kmers; need 0.396 GB to sort     26607333 kmers
Used 259.665 GB / 1511.391 GB to store  30991959150 kmers; need 0.397 GB to sort     26626994 kmers
Used 259.799 GB / 1511.391 GB to store  31014121206 kmers; need 0.397 GB to sort     26645590 kmers
Used 259.930 GB / 1511.391 GB to store  31036283253 kmers; need 0.397 GB to sort     26664760 kmers
Used 260.063 GB / 1511.391 GB to store  31058445309 kmers; need 0.398 GB to sort     26683481 kmers
Used 260.196 GB / 1511.391 GB to store  31080607365 kmers; need 0.398 GB to sort     26703203 kmers
Used 260.329 GB / 1511.391 GB to store  31102769421 kmers; need 0.398 GB to sort     26722368 kmers
Used 260.462 GB / 1511.391 GB to store  31124931477 kmers; need 0.398 GB to sort     26741505 kmers
Used 260.596 GB / 1511.391 GB to store  31147093533 kmers; need 0.399 GB to sort     26760945 kmers
Used 260.729 GB / 1511.391 GB to store  31169255589 kmers; need 0.399 GB to sort     26780224 kmers
Used 260.862 GB / 1511.391 GB to store  31191417645 kmers; need 0.399 GB to sort     26799429 kmers
Used 260.994 GB / 1511.391 GB to store  31213579701 kmers; need 0.400 GB to sort     26818050 kmers
Used 261.127 GB / 1511.391 GB to store  31235741757 kmers; need 0.400 GB to sort     26836313 kmers
Used 261.259 GB / 1511.391 GB to store  31257903813 kmers; need 0.400 GB to sort     26855498 kmers
Used 261.391 GB / 1511.391 GB to store  31280065869 kmers; need 0.400 GB to sort     26874663 kmers
Used 261.524 GB / 1511.391 GB to store  31302227925 kmers; need 0.401 GB to sort     26893780 kmers
Used 261.656 GB / 1511.391 GB to store  31324389981 kmers; need 0.401 GB to sort     26913169 kmers
Used 261.788 GB / 1511.391 GB to store  31346552037 kmers; need 0.401 GB to sort     26932377 kmers
Used 261.921 GB / 1511.391 GB to store  31368714084 kmers; need 0.402 GB to sort     26952217 kmers
Used 262.053 GB / 1511.391 GB to store  31390876140 kmers; need 0.402 GB to sort     26971715 kmers
Used 262.186 GB / 1511.391 GB to store  31413038196 kmers; need 0.402 GB to sort     26990706 kmers
Used 262.319 GB / 1511.391 GB to store  31435200252 kmers; need 0.402 GB to sort     27009178 kmers
Used 262.452 GB / 1511.391 GB to store  31457362308 kmers; need 0.403 GB to sort     27028761 kmers
Used 262.585 GB / 1511.391 GB to store  31479524364 kmers; need 0.403 GB to sort     27048512 kmers
Used 262.717 GB / 1511.391 GB to store  31501686420 kmers; need 0.403 GB to sort     27066564 kmers
Used 262.850 GB / 1511.391 GB to store  31523848476 kmers; need 0.404 GB to sort     27085971 kmers
Used 262.981 GB / 1511.391 GB to store  31546010532 kmers; need 0.404 GB to sort     27104850 kmers
Used 263.115 GB / 1511.391 GB to store  31568172588 kmers; need 0.404 GB to sort     27123714 kmers
Used 263.247 GB / 1511.391 GB to store  31590334642 kmers; need 0.404 GB to sort     27142896 kmers
Used 263.379 GB / 1511.391 GB to store  31612496698 kmers; need 0.405 GB to sort     27162485 kmers
Used 263.512 GB / 1511.391 GB to store  31634658754 kmers; need 0.405 GB to sort     27181808 kmers
Used 263.644 GB / 1511.391 GB to store  31656820810 kmers; need 0.405 GB to sort     27200546 kmers
Used 263.777 GB / 1511.391 GB to store  31678982866 kmers; need 0.406 GB to sort     27220010 kmers
Used 263.909 GB / 1511.391 GB to store  31701144922 kmers; need 0.406 GB to sort     27239624 kmers
Used 264.040 GB / 1511.391 GB to store  31723306978 kmers; need 0.406 GB to sort     27258012 kmers
Used 264.174 GB / 1511.391 GB to store  31745469034 kmers; need 0.406 GB to sort     27277167 kmers
Used 264.306 GB / 1511.391 GB to store  31767631090 kmers; need 0.407 GB to sort     27296186 kmers
Used 264.438 GB / 1511.391 GB to store  31789793146 kmers; need 0.407 GB to sort     27316127 kmers
Used 264.571 GB / 1511.391 GB to store  31811955202 kmers; need 0.407 GB to sort     27335401 kmers
Used 264.703 GB / 1511.391 GB to store  31834117258 kmers; need 0.408 GB to sort     27354874 kmers
Used 264.836 GB / 1511.391 GB to store  31856279276 kmers; need 0.408 GB to sort     27374677 kmers
Used 264.969 GB / 1511.391 GB to store  31878441299 kmers; need 0.408 GB to sort     27394608 kmers
Used 265.102 GB / 1511.391 GB to store  31900603355 kmers; need 0.409 GB to sort     27414259 kmers
Used 265.234 GB / 1511.391 GB to store  31922765411 kmers; need 0.409 GB to sort     27433420 kmers
Used 265.368 GB / 1511.391 GB to store  31944927445 kmers; need 0.409 GB to sort     27452387 kmers
Used 265.501 GB / 1511.391 GB to store  31967089475 kmers; need 0.409 GB to sort     27471785 kmers
Used 265.633 GB / 1511.391 GB to store  31989251531 kmers; need 0.410 GB to sort     27491491 kmers
Used 265.765 GB / 1511.391 GB to store  32011413587 kmers; need 0.410 GB to sort     27510870 kmers
Used 265.896 GB / 1511.391 GB to store  32033575641 kmers; need 0.410 GB to sort     27530236 kmers
Used 266.028 GB / 1511.391 GB to store  32055737697 kmers; need 0.411 GB to sort     27549646 kmers
Used 266.160 GB / 1511.391 GB to store  32077899753 kmers; need 0.411 GB to sort     27569561 kmers
Used 266.294 GB / 1511.391 GB to store  32100061809 kmers; need 0.411 GB to sort     27589759 kmers
Used 266.427 GB / 1511.391 GB to store  32122223725 kmers; need 0.411 GB to sort     27609587 kmers
Used 266.560 GB / 1511.391 GB to store  32144385781 kmers; need 0.412 GB to sort     27629483 kmers
Used 266.693 GB / 1511.391 GB to store  32166547829 kmers; need 0.412 GB to sort     27649179 kmers
Used 266.826 GB / 1511.391 GB to store  32188709885 kmers; need 0.412 GB to sort     27668390 kmers
Used 266.958 GB / 1511.391 GB to store  32210871933 kmers; need 0.413 GB to sort     27688455 kmers
Used 267.090 GB / 1511.391 GB to store  32233033989 kmers; need 0.413 GB to sort     27708723 kmers
Used 267.223 GB / 1511.391 GB to store  32255196045 kmers; need 0.413 GB to sort     27729015 kmers
Used 267.355 GB / 1511.391 GB to store  32277358101 kmers; need 0.413 GB to sort     27748710 kmers
Used 267.487 GB / 1511.391 GB to store  32299520083 kmers; need 0.414 GB to sort     27768204 kmers
Used 267.619 GB / 1511.391 GB to store  32321682101 kmers; need 0.414 GB to sort     27787883 kmers
Used 267.752 GB / 1511.391 GB to store  32343844117 kmers; need 0.414 GB to sort     27807920 kmers
Used 267.885 GB / 1511.391 GB to store  32366006173 kmers; need 0.415 GB to sort     27827003 kmers
Used 268.019 GB / 1511.391 GB to store  32388168037 kmers; need 0.415 GB to sort     27847045 kmers
Used 268.151 GB / 1511.391 GB to store  32410330093 kmers; need 0.415 GB to sort     27866756 kmers
Used 268.283 GB / 1511.391 GB to store  32432492149 kmers; need 0.416 GB to sort     27885566 kmers
Used 268.416 GB / 1511.391 GB to store  32454654205 kmers; need 0.416 GB to sort     27903550 kmers
Used 268.548 GB / 1511.391 GB to store  32476816261 kmers; need 0.416 GB to sort     27922452 kmers
Used 268.681 GB / 1511.391 GB to store  32498978317 kmers; need 0.416 GB to sort     27941234 kmers
Used 268.814 GB / 1511.391 GB to store  32521140373 kmers; need 0.417 GB to sort     27959438 kmers
Used 268.947 GB / 1511.391 GB to store  32543302429 kmers; need 0.417 GB to sort     27977684 kmers
Used 269.080 GB / 1511.391 GB to store  32565464485 kmers; need 0.417 GB to sort     27995935 kmers
Used 269.213 GB / 1511.391 GB to store  32587626541 kmers; need 0.417 GB to sort     28014859 kmers
Used 269.345 GB / 1511.391 GB to store  32609788594 kmers; need 0.418 GB to sort     28033994 kmers
Used 269.478 GB / 1511.391 GB to store  32631950650 kmers; need 0.418 GB to sort     28052761 kmers
Used 269.610 GB / 1511.391 GB to store  32654112706 kmers; need 0.418 GB to sort     28072457 kmers
Used 269.742 GB / 1511.391 GB to store  32676274762 kmers; need 0.419 GB to sort     28091421 kmers
Used 269.874 GB / 1511.391 GB to store  32698436767 kmers; need 0.419 GB to sort     28110520 kmers
Used 270.006 GB / 1511.391 GB to store  32720598823 kmers; need 0.419 GB to sort     28129790 kmers
Used 270.139 GB / 1511.391 GB to store  32742760879 kmers; need 0.419 GB to sort     28148820 kmers
Used 270.271 GB / 1511.391 GB to store  32764922935 kmers; need 0.420 GB to sort     28167061 kmers
Used 270.404 GB / 1511.391 GB to store  32787084991 kmers; need 0.420 GB to sort     28186966 kmers
Used 270.536 GB / 1511.391 GB to store  32809247047 kmers; need 0.420 GB to sort     28205037 kmers
Used 270.669 GB / 1511.391 GB to store  32831409103 kmers; need 0.421 GB to sort     28224402 kmers
Used 270.802 GB / 1511.391 GB to store  32853571159 kmers; need 0.421 GB to sort     28243068 kmers
Used 270.936 GB / 1511.391 GB to store  32875733215 kmers; need 0.421 GB to sort     28263316 kmers
Used 271.069 GB / 1511.391 GB to store  32897895271 kmers; need 0.421 GB to sort     28282972 kmers
Used 271.201 GB / 1511.391 GB to store  32920057327 kmers; need 0.422 GB to sort     28301379 kmers
Used 271.333 GB / 1511.391 GB to store  32942219302 kmers; need 0.422 GB to sort     28320733 kmers
Used 271.465 GB / 1511.391 GB to store  32964381358 kmers; need 0.422 GB to sort     28339912 kmers
Used 271.598 GB / 1511.391 GB to store  32986543414 kmers; need 0.423 GB to sort     28359585 kmers
Used 271.730 GB / 1511.391 GB to store  33008705470 kmers; need 0.423 GB to sort     28379291 kmers
Used 271.863 GB / 1511.391 GB to store  33030867496 kmers; need 0.423 GB to sort     28398574 kmers
Used 271.995 GB / 1511.391 GB to store  33053029552 kmers; need 0.423 GB to sort     28417415 kmers
Used 272.128 GB / 1511.391 GB to store  33075191608 kmers; need 0.424 GB to sort     28436580 kmers
Used 272.262 GB / 1511.391 GB to store  33097353619 kmers; need 0.424 GB to sort     28455468 kmers
Used 272.395 GB / 1511.391 GB to store  33119515675 kmers; need 0.424 GB to sort     28474767 kmers
Used 272.528 GB / 1511.391 GB to store  33141677731 kmers; need 0.425 GB to sort     28494386 kmers
Used 272.660 GB / 1511.391 GB to store  33163839787 kmers; need 0.425 GB to sort     28513478 kmers
Used 272.793 GB / 1511.391 GB to store  33186001843 kmers; need 0.425 GB to sort     28532854 kmers
Used 272.926 GB / 1511.391 GB to store  33208163899 kmers; need 0.425 GB to sort     28551550 kmers
Used 273.058 GB / 1511.391 GB to store  33230325955 kmers; need 0.426 GB to sort     28570178 kmers
Used 273.191 GB / 1511.391 GB to store  33252488011 kmers; need 0.426 GB to sort     28588549 kmers
Used 273.323 GB / 1511.391 GB to store  33274650061 kmers; need 0.426 GB to sort     28608240 kmers
Used 273.456 GB / 1511.391 GB to store  33296812117 kmers; need 0.427 GB to sort     28627998 kmers
Used 273.588 GB / 1511.391 GB to store  33318974173 kmers; need 0.427 GB to sort     28646526 kmers
Used 273.721 GB / 1511.391 GB to store  33341136229 kmers; need 0.427 GB to sort     28665790 kmers
Used 273.853 GB / 1511.391 GB to store  33363298273 kmers; need 0.427 GB to sort     28685020 kmers
Used 273.987 GB / 1511.391 GB to store  33385460329 kmers; need 0.428 GB to sort     28704207 kmers
Used 274.119 GB / 1511.391 GB to store  33407622385 kmers; need 0.428 GB to sort     28723530 kmers
Used 274.252 GB / 1511.391 GB to store  33429784420 kmers; need 0.428 GB to sort     28741888 kmers
Used 274.385 GB / 1511.391 GB to store  33451946476 kmers; need 0.429 GB to sort     28761287 kmers
Used 274.518 GB / 1511.391 GB to store  33474108532 kmers; need 0.429 GB to sort     28780109 kmers
Used 274.651 GB / 1511.391 GB to store  33496270588 kmers; need 0.429 GB to sort     28799523 kmers
Used 274.785 GB / 1511.391 GB to store  33518432554 kmers; need 0.429 GB to sort     28818721 kmers
Used 274.917 GB / 1511.391 GB to store  33540594610 kmers; need 0.430 GB to sort     28838367 kmers
Used 275.048 GB / 1511.391 GB to store  33562756666 kmers; need 0.430 GB to sort     28856998 kmers
Used 275.182 GB / 1511.391 GB to store  33584918722 kmers; need 0.430 GB to sort     28876352 kmers
Used 275.316 GB / 1511.391 GB to store  33607080778 kmers; need 0.431 GB to sort     28895271 kmers
Used 275.448 GB / 1511.391 GB to store  33629242834 kmers; need 0.431 GB to sort     28914599 kmers
Used 275.581 GB / 1511.391 GB to store  33651404890 kmers; need 0.431 GB to sort     28933653 kmers
Used 275.714 GB / 1511.391 GB to store  33673566946 kmers; need 0.431 GB to sort     28952825 kmers
Used 275.845 GB / 1511.391 GB to store  33695728974 kmers; need 0.432 GB to sort     28971852 kmers
Used 275.978 GB / 1511.391 GB to store  33717891030 kmers; need 0.432 GB to sort     28990984 kmers
Used 276.110 GB / 1511.391 GB to store  33740053086 kmers; need 0.432 GB to sort     29010518 kmers
Used 276.241 GB / 1511.391 GB to store  33762215142 kmers; need 0.433 GB to sort     29030234 kmers
Used 276.373 GB / 1511.391 GB to store  33784377198 kmers; need 0.433 GB to sort     29049731 kmers
Used 276.506 GB / 1511.391 GB to store  33806539248 kmers; need 0.433 GB to sort     29069604 kmers
Used 276.639 GB / 1511.391 GB to store  33828701292 kmers; need 0.433 GB to sort     29088980 kmers
Used 276.772 GB / 1511.391 GB to store  33850863348 kmers; need 0.434 GB to sort     29108777 kmers
Used 276.904 GB / 1511.391 GB to store  33873025404 kmers; need 0.434 GB to sort     29128126 kmers
Used 277.037 GB / 1511.391 GB to store  33895187460 kmers; need 0.434 GB to sort     29148118 kmers
Used 277.170 GB / 1511.391 GB to store  33917349516 kmers; need 0.435 GB to sort     29167161 kmers
Used 277.304 GB / 1511.391 GB to store  33939511446 kmers; need 0.435 GB to sort     29186475 kmers
Used 277.437 GB / 1511.391 GB to store  33961673502 kmers; need 0.435 GB to sort     29206710 kmers
Used 277.568 GB / 1511.391 GB to store  33983835558 kmers; need 0.436 GB to sort     29226945 kmers
Used 277.702 GB / 1511.391 GB to store  34005997552 kmers; need 0.436 GB to sort     29246239 kmers
Used 277.834 GB / 1511.391 GB to store  34028159370 kmers; need 0.436 GB to sort     29266303 kmers
Used 277.967 GB / 1511.391 GB to store  34050321426 kmers; need 0.436 GB to sort     29286614 kmers
Used 278.099 GB / 1511.391 GB to store  34072483482 kmers; need 0.437 GB to sort     29306656 kmers
Used 278.232 GB / 1511.391 GB to store  34094645538 kmers; need 0.437 GB to sort     29326911 kmers
Used 278.364 GB / 1511.391 GB to store  34116807564 kmers; need 0.437 GB to sort     29346434 kmers
Used 278.496 GB / 1511.391 GB to store  34138969620 kmers; need 0.438 GB to sort     29367221 kmers
Used 278.630 GB / 1511.391 GB to store  34161131676 kmers; need 0.438 GB to sort     29385766 kmers
Used 278.763 GB / 1511.391 GB to store  34183293732 kmers; need 0.438 GB to sort     29404040 kmers
Used 278.896 GB / 1511.391 GB to store  34205455788 kmers; need 0.438 GB to sort     29423115 kmers
Used 279.028 GB / 1511.391 GB to store  34227617844 kmers; need 0.439 GB to sort     29441784 kmers
Used 279.161 GB / 1511.391 GB to store  34249779900 kmers; need 0.439 GB to sort     29459825 kmers
Used 279.294 GB / 1511.391 GB to store  34271941956 kmers; need 0.439 GB to sort     29478777 kmers
Used 279.426 GB / 1511.391 GB to store  34294104012 kmers; need 0.440 GB to sort     29497158 kmers
Used 279.559 GB / 1511.391 GB to store  34316266068 kmers; need 0.440 GB to sort     29516244 kmers
Used 279.691 GB / 1511.391 GB to store  34338428124 kmers; need 0.440 GB to sort     29534660 kmers
Used 279.823 GB / 1511.391 GB to store  34360590177 kmers; need 0.440 GB to sort     29554162 kmers
Used 279.956 GB / 1511.391 GB to store  34382752233 kmers; need 0.441 GB to sort     29573924 kmers
Used 280.089 GB / 1511.391 GB to store  34404914289 kmers; need 0.441 GB to sort     29592640 kmers
Used 280.222 GB / 1511.391 GB to store  34427076345 kmers; need 0.441 GB to sort     29611657 kmers
Used 280.355 GB / 1511.391 GB to store  34449238401 kmers; need 0.442 GB to sort     29630898 kmers
Used 280.488 GB / 1511.391 GB to store  34471400457 kmers; need 0.442 GB to sort     29649325 kmers
Used 280.620 GB / 1511.391 GB to store  34493562513 kmers; need 0.442 GB to sort     29668161 kmers
Used 280.753 GB / 1511.391 GB to store  34515724569 kmers; need 0.442 GB to sort     29687587 kmers
Used 280.887 GB / 1511.391 GB to store  34537886625 kmers; need 0.443 GB to sort     29705905 kmers
Used 281.019 GB / 1511.391 GB to store  34560048681 kmers; need 0.443 GB to sort     29725011 kmers
Used 281.152 GB / 1511.391 GB to store  34582210737 kmers; need 0.443 GB to sort     29743908 kmers
Used 281.285 GB / 1511.391 GB to store  34604372793 kmers; need 0.444 GB to sort     29763173 kmers
Used 281.418 GB / 1511.391 GB to store  34626534849 kmers; need 0.444 GB to sort     29782210 kmers
Used 281.551 GB / 1511.391 GB to store  34648696905 kmers; need 0.444 GB to sort     29801583 kmers
Used 281.683 GB / 1511.391 GB to store  34670858937 kmers; need 0.444 GB to sort     29820796 kmers
Used 281.816 GB / 1511.391 GB to store  34693020993 kmers; need 0.445 GB to sort     29840231 kmers
Used 281.948 GB / 1511.391 GB to store  34715183049 kmers; need 0.445 GB to sort     29859539 kmers
Used 282.080 GB / 1511.391 GB to store  34737345105 kmers; need 0.445 GB to sort     29878496 kmers
Used 282.213 GB / 1511.391 GB to store  34759507161 kmers; need 0.446 GB to sort     29897089 kmers
Used 282.345 GB / 1511.391 GB to store  34781669217 kmers; need 0.446 GB to sort     29915697 kmers
Used 282.477 GB / 1511.391 GB to store  34803831273 kmers; need 0.446 GB to sort     29935236 kmers
Used 282.609 GB / 1511.391 GB to store  34825993329 kmers; need 0.446 GB to sort     29953635 kmers
Used 282.742 GB / 1511.391 GB to store  34848155352 kmers; need 0.447 GB to sort     29973136 kmers
Used 282.876 GB / 1511.391 GB to store  34870317408 kmers; need 0.447 GB to sort     29991748 kmers
Used 283.008 GB / 1511.391 GB to store  34892479464 kmers; need 0.447 GB to sort     30010640 kmers
Used 283.140 GB / 1511.391 GB to store  34914641520 kmers; need 0.447 GB to sort     30029764 kmers
Used 283.273 GB / 1511.391 GB to store  34936803576 kmers; need 0.448 GB to sort     30048518 kmers
Used 283.406 GB / 1511.391 GB to store  34958965626 kmers; need 0.448 GB to sort     30067408 kmers
Used 283.539 GB / 1511.391 GB to store  34981127682 kmers; need 0.448 GB to sort     30086283 kmers
Used 283.671 GB / 1511.391 GB to store  35003289738 kmers; need 0.449 GB to sort     30105290 kmers
Used 283.803 GB / 1511.391 GB to store  35025451794 kmers; need 0.449 GB to sort     30124142 kmers
Used 283.935 GB / 1511.391 GB to store  35047613850 kmers; need 0.449 GB to sort     30142945 kmers
Used 284.068 GB / 1511.391 GB to store  35069775906 kmers; need 0.449 GB to sort     30162097 kmers
Used 284.201 GB / 1511.391 GB to store  35091937962 kmers; need 0.450 GB to sort     30181014 kmers
Used 284.332 GB / 1511.391 GB to store  35114100018 kmers; need 0.450 GB to sort     30200588 kmers
Used 284.465 GB / 1511.391 GB to store  35136262074 kmers; need 0.450 GB to sort     30219930 kmers
Used 284.597 GB / 1511.391 GB to store  35158424130 kmers; need 0.451 GB to sort     30239368 kmers
Used 284.731 GB / 1511.391 GB to store  35180586184 kmers; need 0.451 GB to sort     30258721 kmers
Used 284.863 GB / 1511.391 GB to store  35202748240 kmers; need 0.451 GB to sort     30277912 kmers
Used 284.996 GB / 1511.391 GB to store  35224910296 kmers; need 0.451 GB to sort     30297504 kmers
Used 285.129 GB / 1511.391 GB to store  35247072352 kmers; need 0.452 GB to sort     30316565 kmers
Used 285.260 GB / 1511.391 GB to store  35269234408 kmers; need 0.452 GB to sort     30335477 kmers
Used 285.394 GB / 1511.391 GB to store  35291396464 kmers; need 0.452 GB to sort     30354251 kmers
Used 285.527 GB / 1511.391 GB to store  35313558476 kmers; need 0.453 GB to sort     30374149 kmers
Used 285.660 GB / 1511.391 GB to store  35335720532 kmers; need 0.453 GB to sort     30393684 kmers
Used 285.794 GB / 1511.391 GB to store  35357882588 kmers; need 0.453 GB to sort     30413100 kmers
Used 285.927 GB / 1511.391 GB to store  35380044644 kmers; need 0.453 GB to sort     30432067 kmers
Used 286.060 GB / 1511.391 GB to store  35402206626 kmers; need 0.454 GB to sort     30452140 kmers
Used 286.192 GB / 1511.391 GB to store  35424368682 kmers; need 0.454 GB to sort     30472424 kmers
Used 286.325 GB / 1511.391 GB to store  35446530738 kmers; need 0.454 GB to sort     30491621 kmers
Used 286.457 GB / 1511.391 GB to store  35468692784 kmers; need 0.455 GB to sort     30511502 kmers
Used 286.589 GB / 1511.391 GB to store  35490854758 kmers; need 0.455 GB to sort     30531263 kmers
Used 286.723 GB / 1511.391 GB to store  35513016782 kmers; need 0.455 GB to sort     30550804 kmers
Used 286.848 GB / 1511.391 GB to store  35533595834 kmers; need 0.456 GB to sort     30569558 kmers
Used 286.981 GB / 1511.391 GB to store  35555757890 kmers; need 0.456 GB to sort     30588867 kmers
Used 287.114 GB / 1511.391 GB to store  35577919946 kmers; need 0.456 GB to sort     30609077 kmers
Used 287.246 GB / 1511.391 GB to store  35600082002 kmers; need 0.456 GB to sort     30629382 kmers
Used 287.380 GB / 1511.391 GB to store  35622244058 kmers; need 0.457 GB to sort     30649148 kmers
Used 287.512 GB / 1511.391 GB to store  35644406114 kmers; need 0.457 GB to sort     30668523 kmers
Used 287.644 GB / 1511.391 GB to store  35666568170 kmers; need 0.457 GB to sort     30686936 kmers
Used 287.777 GB / 1511.391 GB to store  35688730226 kmers; need 0.458 GB to sort     30705588 kmers
Used 287.910 GB / 1511.391 GB to store  35710892224 kmers; need 0.458 GB to sort     30723628 kmers
Used 288.043 GB / 1511.391 GB to store  35733054268 kmers; need 0.458 GB to sort     30743304 kmers
Used 288.176 GB / 1511.391 GB to store  35755216324 kmers; need 0.458 GB to sort     30763878 kmers
Used 288.309 GB / 1511.391 GB to store  35777378380 kmers; need 0.459 GB to sort     30782132 kmers
Used 288.443 GB / 1511.391 GB to store  35799540421 kmers; need 0.459 GB to sort     30800743 kmers
Used 288.576 GB / 1511.391 GB to store  35821702477 kmers; need 0.459 GB to sort     30819492 kmers
Used 288.708 GB / 1511.391 GB to store  35843864431 kmers; need 0.460 GB to sort     30838471 kmers
Used 288.841 GB / 1511.391 GB to store  35866026487 kmers; need 0.460 GB to sort     30857399 kmers
Used 288.973 GB / 1511.391 GB to store  35888188543 kmers; need 0.460 GB to sort     30876400 kmers
Used 289.106 GB / 1511.391 GB to store  35910350599 kmers; need 0.460 GB to sort     30895279 kmers
Used 289.240 GB / 1511.391 GB to store  35932512649 kmers; need 0.461 GB to sort     30914553 kmers
Used 289.373 GB / 1511.391 GB to store  35954674705 kmers; need 0.461 GB to sort     30933225 kmers
Used 289.506 GB / 1511.391 GB to store  35976836761 kmers; need 0.461 GB to sort     30951811 kmers
Used 289.639 GB / 1511.391 GB to store  35998998703 kmers; need 0.462 GB to sort     30970745 kmers
Used 289.772 GB / 1511.391 GB to store  36021160759 kmers; need 0.462 GB to sort     30989671 kmers
Used 289.904 GB / 1511.391 GB to store  36043322815 kmers; need 0.462 GB to sort     31008731 kmers
Used 290.037 GB / 1511.391 GB to store  36065484871 kmers; need 0.462 GB to sort     31028427 kmers
Used 290.171 GB / 1511.391 GB to store  36087646927 kmers; need 0.463 GB to sort     31047634 kmers
Used 290.304 GB / 1511.391 GB to store  36109808983 kmers; need 0.463 GB to sort     31066853 kmers
Used 290.436 GB / 1511.391 GB to store  36131971039 kmers; need 0.463 GB to sort     31086835 kmers
Used 290.570 GB / 1511.391 GB to store  36154133095 kmers; need 0.464 GB to sort     31105824 kmers
Used 290.703 GB / 1511.391 GB to store  36176295142 kmers; need 0.464 GB to sort     31124528 kmers
Used 290.837 GB / 1511.391 GB to store  36198457198 kmers; need 0.464 GB to sort     31143243 kmers
Used 290.969 GB / 1511.391 GB to store  36220619254 kmers; need 0.464 GB to sort     31162326 kmers
Used 291.102 GB / 1511.391 GB to store  36242781310 kmers; need 0.465 GB to sort     31180948 kmers
Used 291.234 GB / 1511.391 GB to store  36264943366 kmers; need 0.465 GB to sort     31199831 kmers
Used 291.367 GB / 1511.391 GB to store  36287105422 kmers; need 0.465 GB to sort     31219570 kmers
Used 291.500 GB / 1511.391 GB to store  36309267478 kmers; need 0.465 GB to sort     31238026 kmers
Used 291.632 GB / 1511.391 GB to store  36331429432 kmers; need 0.466 GB to sort     31257077 kmers
Used 291.765 GB / 1511.391 GB to store  36353591488 kmers; need 0.466 GB to sort     31277164 kmers
Used 291.898 GB / 1511.391 GB to store  36375753544 kmers; need 0.466 GB to sort     31296582 kmers
Used 292.031 GB / 1511.391 GB to store  36397915600 kmers; need 0.467 GB to sort     31316916 kmers
Used 292.164 GB / 1511.391 GB to store  36420077656 kmers; need 0.467 GB to sort     31336245 kmers
Used 292.296 GB / 1511.391 GB to store  36442239712 kmers; need 0.467 GB to sort     31355442 kmers
Used 292.428 GB / 1511.391 GB to store  36464401768 kmers; need 0.468 GB to sort     31375393 kmers
Used 292.560 GB / 1511.391 GB to store  36486563824 kmers; need 0.468 GB to sort     31394766 kmers
Used 292.693 GB / 1511.391 GB to store  36508725880 kmers; need 0.468 GB to sort     31414190 kmers
Used 292.826 GB / 1511.391 GB to store  36530887936 kmers; need 0.468 GB to sort     31433450 kmers
Used 292.958 GB / 1511.391 GB to store  36553049992 kmers; need 0.469 GB to sort     31452666 kmers
Used 293.091 GB / 1511.391 GB to store  36575212048 kmers; need 0.469 GB to sort     31472157 kmers
Used 293.222 GB / 1511.391 GB to store  36597374104 kmers; need 0.469 GB to sort     31491298 kmers
Used 293.355 GB / 1511.391 GB to store  36619536160 kmers; need 0.470 GB to sort     31509897 kmers
Used 293.488 GB / 1511.391 GB to store  36641698216 kmers; need 0.470 GB to sort     31529181 kmers
Used 293.612 GB / 1511.391 GB to store  36662277244 kmers; need 0.470 GB to sort     31546776 kmers
Used 293.745 GB / 1511.391 GB to store  36684439300 kmers; need 0.470 GB to sort     31566615 kmers
Used 293.877 GB / 1511.391 GB to store  36706601356 kmers; need 0.471 GB to sort     31586039 kmers
Used 294.010 GB / 1511.391 GB to store  36728763412 kmers; need 0.471 GB to sort     31605569 kmers
Used 294.143 GB / 1511.391 GB to store  36750925468 kmers; need 0.471 GB to sort     31625016 kmers
Used 294.276 GB / 1511.391 GB to store  36773087524 kmers; need 0.472 GB to sort     31644778 kmers
Used 294.410 GB / 1511.391 GB to store  36795249580 kmers; need 0.472 GB to sort     31664621 kmers
Used 294.544 GB / 1511.391 GB to store  36817411636 kmers; need 0.472 GB to sort     31684173 kmers
Used 294.676 GB / 1511.391 GB to store  36839573692 kmers; need 0.472 GB to sort     31703604 kmers
Used 294.808 GB / 1511.391 GB to store  36861735748 kmers; need 0.473 GB to sort     31723563 kmers
Used 294.941 GB / 1511.391 GB to store  36883897804 kmers; need 0.473 GB to sort     31742877 kmers
Used 295.074 GB / 1511.391 GB to store  36906059860 kmers; need 0.473 GB to sort     31762826 kmers
Used 295.208 GB / 1511.391 GB to store  36928221906 kmers; need 0.474 GB to sort     31782305 kmers
Used 295.339 GB / 1511.391 GB to store  36950383962 kmers; need 0.474 GB to sort     31801897 kmers
Used 295.473 GB / 1511.391 GB to store  36972546018 kmers; need 0.474 GB to sort     31821529 kmers
Used 295.606 GB / 1511.391 GB to store  36994708074 kmers; need 0.474 GB to sort     31841198 kmers
Used 295.738 GB / 1511.391 GB to store  37016870124 kmers; need 0.475 GB to sort     31861346 kmers
Used 295.870 GB / 1511.391 GB to store  37039032180 kmers; need 0.475 GB to sort     31881498 kmers
Used 296.003 GB / 1511.391 GB to store  37061194236 kmers; need 0.475 GB to sort     31901637 kmers
Used 296.136 GB / 1511.391 GB to store  37083356280 kmers; need 0.476 GB to sort     31921137 kmers
Used 296.268 GB / 1511.391 GB to store  37105518336 kmers; need 0.476 GB to sort     31941086 kmers
Used 296.401 GB / 1511.391 GB to store  37127680392 kmers; need 0.476 GB to sort     31961214 kmers
Used 296.533 GB / 1511.391 GB to store  37149842448 kmers; need 0.477 GB to sort     31981628 kmers
Used 296.666 GB / 1511.391 GB to store  37172004462 kmers; need 0.477 GB to sort     32002030 kmers
Used 296.798 GB / 1511.391 GB to store  37194166518 kmers; need 0.477 GB to sort     32022103 kmers
Used 296.932 GB / 1511.391 GB to store  37216328524 kmers; need 0.477 GB to sort     32041372 kmers
Used 297.058 GB / 1511.391 GB to store  37236907502 kmers; need 0.478 GB to sort     32059643 kmers
Used 297.190 GB / 1511.391 GB to store  37259069342 kmers; need 0.478 GB to sort     32078998 kmers
Used 297.324 GB / 1511.391 GB to store  37281231398 kmers; need 0.478 GB to sort     32099055 kmers
Used 297.456 GB / 1511.391 GB to store  37303393454 kmers; need 0.479 GB to sort     32119047 kmers
Used 297.589 GB / 1511.391 GB to store  37325555510 kmers; need 0.479 GB to sort     32139307 kmers
Used 297.722 GB / 1511.391 GB to store  37347717508 kmers; need 0.479 GB to sort     32159048 kmers
Used 297.854 GB / 1511.391 GB to store  37369879564 kmers; need 0.479 GB to sort     32178658 kmers
Used 297.986 GB / 1511.391 GB to store  37392041620 kmers; need 0.480 GB to sort     32198362 kmers
Used 298.120 GB / 1511.391 GB to store  37414203676 kmers; need 0.480 GB to sort     32216588 kmers
Used 298.253 GB / 1511.391 GB to store  37436365732 kmers; need 0.480 GB to sort     32235032 kmers
Used 298.386 GB / 1511.391 GB to store  37458527788 kmers; need 0.481 GB to sort     32253447 kmers
Used 298.518 GB / 1511.391 GB to store  37480689844 kmers; need 0.481 GB to sort     32272962 kmers
Used 298.651 GB / 1511.391 GB to store  37502851900 kmers; need 0.481 GB to sort     32291905 kmers
Used 298.784 GB / 1511.391 GB to store  37525013956 kmers; need 0.481 GB to sort     32310194 kmers
Used 298.916 GB / 1511.391 GB to store  37547176012 kmers; need 0.482 GB to sort     32328764 kmers
Used 299.048 GB / 1511.391 GB to store  37569338068 kmers; need 0.482 GB to sort     32346870 kmers
Used 299.181 GB / 1511.391 GB to store  37591500124 kmers; need 0.482 GB to sort     32365737 kmers
Used 299.314 GB / 1511.391 GB to store  37613662180 kmers; need 0.483 GB to sort     32384434 kmers
Used 299.447 GB / 1511.391 GB to store  37635824236 kmers; need 0.483 GB to sort     32402963 kmers
Used 299.580 GB / 1511.391 GB to store  37657986259 kmers; need 0.483 GB to sort     32422852 kmers
Used 299.714 GB / 1511.391 GB to store  37680148315 kmers; need 0.483 GB to sort     32441837 kmers
Used 299.847 GB / 1511.391 GB to store  37702310371 kmers; need 0.484 GB to sort     32461119 kmers
Used 299.980 GB / 1511.391 GB to store  37724472427 kmers; need 0.484 GB to sort     32480433 kmers
Used 300.113 GB / 1511.391 GB to store  37746634483 kmers; need 0.484 GB to sort     32500115 kmers
Used 300.245 GB / 1511.391 GB to store  37768796539 kmers; need 0.485 GB to sort     32519357 kmers
Used 300.376 GB / 1511.391 GB to store  37790958595 kmers; need 0.485 GB to sort     32538640 kmers
Used 300.510 GB / 1511.391 GB to store  37813120651 kmers; need 0.485 GB to sort     32557379 kmers
Used 300.644 GB / 1511.391 GB to store  37835282707 kmers; need 0.485 GB to sort     32576757 kmers
Used 300.777 GB / 1511.391 GB to store  37857444763 kmers; need 0.486 GB to sort     32595926 kmers
Used 300.909 GB / 1511.391 GB to store  37879606819 kmers; need 0.486 GB to sort     32614664 kmers
Used 301.042 GB / 1511.391 GB to store  37901768869 kmers; need 0.486 GB to sort     32633794 kmers
Used 301.175 GB / 1511.391 GB to store  37923930901 kmers; need 0.487 GB to sort     32653050 kmers
Used 301.308 GB / 1511.391 GB to store  37946092957 kmers; need 0.487 GB to sort     32672012 kmers
Used 301.441 GB / 1511.391 GB to store  37968255013 kmers; need 0.487 GB to sort     32691184 kmers
Used 301.574 GB / 1511.391 GB to store  37990416988 kmers; need 0.487 GB to sort     32710713 kmers
Used 301.708 GB / 1511.391 GB to store  38012579044 kmers; need 0.488 GB to sort     32730427 kmers
Used 301.839 GB / 1511.391 GB to store  38034741100 kmers; need 0.488 GB to sort     32749700 kmers
Used 301.973 GB / 1511.391 GB to store  38056903156 kmers; need 0.488 GB to sort     32769085 kmers
Used 302.105 GB / 1511.391 GB to store  38079065212 kmers; need 0.489 GB to sort     32788124 kmers
Used 302.239 GB / 1511.391 GB to store  38101227268 kmers; need 0.489 GB to sort     32807574 kmers
Used 302.371 GB / 1511.391 GB to store  38123389324 kmers; need 0.489 GB to sort     32826766 kmers
Used 302.505 GB / 1511.391 GB to store  38145551380 kmers; need 0.489 GB to sort     32846056 kmers
Used 302.638 GB / 1511.391 GB to store  38167713436 kmers; need 0.490 GB to sort     32865356 kmers
Used 302.772 GB / 1511.391 GB to store  38189875492 kmers; need 0.490 GB to sort     32884535 kmers
Used 302.905 GB / 1511.391 GB to store  38212037548 kmers; need 0.490 GB to sort     32904043 kmers
Used 303.037 GB / 1511.391 GB to store  38234199544 kmers; need 0.491 GB to sort     32923695 kmers
Used 303.162 GB / 1511.391 GB to store  38254778584 kmers; need 0.491 GB to sort     32941023 kmers
Used 303.295 GB / 1511.391 GB to store  38276940640 kmers; need 0.491 GB to sort     32960073 kmers
Used 303.427 GB / 1511.391 GB to store  38299102696 kmers; need 0.491 GB to sort     32979225 kmers
Used 303.560 GB / 1511.391 GB to store  38321264746 kmers; need 0.492 GB to sort     32998128 kmers
Used 303.694 GB / 1511.391 GB to store  38343426802 kmers; need 0.492 GB to sort     33017923 kmers
Used 303.828 GB / 1511.391 GB to store  38365588858 kmers; need 0.492 GB to sort     33037208 kmers
Used 303.961 GB / 1511.391 GB to store  38387750914 kmers; need 0.493 GB to sort     33056883 kmers
Used 304.095 GB / 1511.391 GB to store  38409912970 kmers; need 0.493 GB to sort     33076460 kmers
Used 304.228 GB / 1511.391 GB to store  38432075026 kmers; need 0.493 GB to sort     33095912 kmers
Used 304.361 GB / 1511.391 GB to store  38454237082 kmers; need 0.493 GB to sort     33115797 kmers
Used 304.493 GB / 1511.391 GB to store  38476399138 kmers; need 0.494 GB to sort     33134970 kmers
Used 304.626 GB / 1511.391 GB to store  38498561194 kmers; need 0.494 GB to sort     33154354 kmers
Used 304.758 GB / 1511.391 GB to store  38520723250 kmers; need 0.494 GB to sort     33173206 kmers
Used 304.892 GB / 1511.391 GB to store  38542885306 kmers; need 0.495 GB to sort     33192469 kmers
Used 305.025 GB / 1511.391 GB to store  38565047362 kmers; need 0.495 GB to sort     33211751 kmers
Used 305.158 GB / 1511.391 GB to store  38587209392 kmers; need 0.495 GB to sort     33231486 kmers
Used 305.291 GB / 1511.391 GB to store  38609371448 kmers; need 0.495 GB to sort     33250662 kmers
Used 305.424 GB / 1511.391 GB to store  38631533504 kmers; need 0.496 GB to sort     33269982 kmers
Used 305.556 GB / 1511.391 GB to store  38653695560 kmers; need 0.496 GB to sort     33289767 kmers
Used 305.689 GB / 1511.391 GB to store  38675857586 kmers; need 0.496 GB to sort     33309911 kmers
Used 305.821 GB / 1511.391 GB to store  38698019642 kmers; need 0.497 GB to sort     33329428 kmers
Used 305.954 GB / 1511.391 GB to store  38720181698 kmers; need 0.497 GB to sort     33348599 kmers
Used 306.086 GB / 1511.391 GB to store  38742343746 kmers; need 0.497 GB to sort     33368613 kmers
Used 306.219 GB / 1511.391 GB to store  38764505774 kmers; need 0.498 GB to sort     33389050 kmers
Used 306.353 GB / 1511.391 GB to store  38786667830 kmers; need 0.498 GB to sort     33408971 kmers
Used 306.485 GB / 1511.391 GB to store  38808829886 kmers; need 0.498 GB to sort     33428794 kmers
Used 306.617 GB / 1511.391 GB to store  38830991878 kmers; need 0.498 GB to sort     33448194 kmers
Used 306.750 GB / 1511.391 GB to store  38853153934 kmers; need 0.499 GB to sort     33468511 kmers
Used 306.881 GB / 1511.391 GB to store  38875315990 kmers; need 0.499 GB to sort     33488526 kmers
Used 307.014 GB / 1511.391 GB to store  38897478046 kmers; need 0.499 GB to sort     33508404 kmers
Used 307.148 GB / 1511.391 GB to store  38919639970 kmers; need 0.500 GB to sort     33528752 kmers
Used 307.281 GB / 1511.391 GB to store  38941802026 kmers; need 0.500 GB to sort     33548292 kmers
Used 307.414 GB / 1511.391 GB to store  38963964082 kmers; need 0.500 GB to sort     33567986 kmers
Used 307.547 GB / 1511.391 GB to store  38986126138 kmers; need 0.500 GB to sort     33587793 kmers
Used 307.680 GB / 1511.391 GB to store  39008288130 kmers; need 0.501 GB to sort     33607970 kmers
Used 307.814 GB / 1511.391 GB to store  39030450186 kmers; need 0.501 GB to sort     33627744 kmers
Used 307.947 GB / 1511.391 GB to store  39052612242 kmers; need 0.501 GB to sort     33648306 kmers
Used 308.080 GB / 1511.391 GB to store  39074774298 kmers; need 0.502 GB to sort     33668564 kmers
Used 308.213 GB / 1511.391 GB to store  39096936306 kmers; need 0.502 GB to sort     33688717 kmers
Used 308.347 GB / 1511.391 GB to store  39119098362 kmers; need 0.502 GB to sort     33708692 kmers
Used 308.479 GB / 1511.391 GB to store  39141260418 kmers; need 0.503 GB to sort     33727673 kmers
Used 308.613 GB / 1511.391 GB to store  39163422474 kmers; need 0.503 GB to sort     33745349 kmers
Used 308.746 GB / 1511.391 GB to store  39185584530 kmers; need 0.503 GB to sort     33763684 kmers
Used 308.879 GB / 1511.391 GB to store  39207746586 kmers; need 0.503 GB to sort     33782479 kmers
Used 309.011 GB / 1511.391 GB to store  39229908642 kmers; need 0.504 GB to sort     33801619 kmers
Used 309.144 GB / 1511.391 GB to store  39252070698 kmers; need 0.504 GB to sort     33821024 kmers
Used 309.275 GB / 1511.391 GB to store  39274232754 kmers; need 0.504 GB to sort     33839253 kmers
Used 309.408 GB / 1511.391 GB to store  39296394810 kmers; need 0.505 GB to sort     33857812 kmers
Used 309.541 GB / 1511.391 GB to store  39318556866 kmers; need 0.505 GB to sort     33876738 kmers
Used 309.674 GB / 1511.391 GB to store  39340718922 kmers; need 0.505 GB to sort     33895040 kmers
Used 309.806 GB / 1511.391 GB to store  39362880978 kmers; need 0.505 GB to sort     33914107 kmers
Used 309.938 GB / 1511.391 GB to store  39385043034 kmers; need 0.506 GB to sort     33933011 kmers
Used 310.070 GB / 1511.391 GB to store  39407205090 kmers; need 0.506 GB to sort     33951493 kmers
Used 310.203 GB / 1511.391 GB to store  39429367146 kmers; need 0.506 GB to sort     33970677 kmers
Used 310.337 GB / 1511.391 GB to store  39451529202 kmers; need 0.506 GB to sort     33989960 kmers
Used 310.469 GB / 1511.391 GB to store  39473691258 kmers; need 0.507 GB to sort     34009259 kmers
Used 310.602 GB / 1511.391 GB to store  39495853314 kmers; need 0.507 GB to sort     34028598 kmers
Used 310.735 GB / 1511.391 GB to store  39518015370 kmers; need 0.507 GB to sort     34047380 kmers
Used 310.868 GB / 1511.391 GB to store  39540177228 kmers; need 0.508 GB to sort     34066437 kmers
Used 311.001 GB / 1511.391 GB to store  39562339284 kmers; need 0.508 GB to sort     34085716 kmers
Used 311.134 GB / 1511.391 GB to store  39584501340 kmers; need 0.508 GB to sort     34104921 kmers
Used 311.268 GB / 1511.391 GB to store  39606663396 kmers; need 0.508 GB to sort     34124361 kmers
Used 311.401 GB / 1511.391 GB to store  39628825452 kmers; need 0.509 GB to sort     34143155 kmers
Used 311.534 GB / 1511.391 GB to store  39650987508 kmers; need 0.509 GB to sort     34162122 kmers
Used 311.659 GB / 1511.391 GB to store  39671566560 kmers; need 0.509 GB to sort     34180277 kmers
Used 311.791 GB / 1511.391 GB to store  39693728616 kmers; need 0.510 GB to sort     34199445 kmers
Used 311.924 GB / 1511.391 GB to store  39715890672 kmers; need 0.510 GB to sort     34218502 kmers
Used 312.056 GB / 1511.391 GB to store  39738052698 kmers; need 0.510 GB to sort     34237795 kmers
Used 312.190 GB / 1511.391 GB to store  39760214754 kmers; need 0.510 GB to sort     34256515 kmers
Used 312.322 GB / 1511.391 GB to store  39782376810 kmers; need 0.511 GB to sort     34275729 kmers
Used 312.455 GB / 1511.391 GB to store  39804538866 kmers; need 0.511 GB to sort     34294914 kmers
Used 312.589 GB / 1511.391 GB to store  39826700922 kmers; need 0.511 GB to sort     34314395 kmers
Used 312.722 GB / 1511.391 GB to store  39848862978 kmers; need 0.512 GB to sort     34333441 kmers
Used 312.855 GB / 1511.391 GB to store  39871025034 kmers; need 0.512 GB to sort     34352218 kmers
Used 312.987 GB / 1511.391 GB to store  39893187090 kmers; need 0.512 GB to sort     34370519 kmers
Used 313.121 GB / 1511.391 GB to store  39915349146 kmers; need 0.512 GB to sort     34389964 kmers
Used 313.254 GB / 1511.391 GB to store  39937511202 kmers; need 0.513 GB to sort     34408725 kmers
Used 313.386 GB / 1511.391 GB to store  39959673258 kmers; need 0.513 GB to sort     34428722 kmers
Used 313.519 GB / 1511.391 GB to store  39981835314 kmers; need 0.513 GB to sort     34447752 kmers
Used 313.653 GB / 1511.391 GB to store  40003997370 kmers; need 0.514 GB to sort     34467814 kmers
Used 313.786 GB / 1511.391 GB to store  40026159426 kmers; need 0.514 GB to sort     34487434 kmers
Used 313.919 GB / 1511.391 GB to store  40048321482 kmers; need 0.514 GB to sort     34506655 kmers
Used 314.052 GB / 1511.391 GB to store  40070483538 kmers; need 0.514 GB to sort     34526194 kmers
Used 314.185 GB / 1511.391 GB to store  40092645594 kmers; need 0.515 GB to sort     34544845 kmers
Used 314.318 GB / 1511.391 GB to store  40114807650 kmers; need 0.515 GB to sort     34564932 kmers
Used 314.450 GB / 1511.391 GB to store  40136969706 kmers; need 0.515 GB to sort     34584126 kmers
Used 314.584 GB / 1511.391 GB to store  40159131762 kmers; need 0.516 GB to sort     34604195 kmers
Used 314.716 GB / 1511.391 GB to store  40181293818 kmers; need 0.516 GB to sort     34624246 kmers
Used 314.849 GB / 1511.391 GB to store  40203455874 kmers; need 0.516 GB to sort     34643654 kmers
Used 314.983 GB / 1511.391 GB to store  40225617930 kmers; need 0.517 GB to sort     34663243 kmers
Used 315.116 GB / 1511.391 GB to store  40247779986 kmers; need 0.517 GB to sort     34683033 kmers
Used 315.249 GB / 1511.391 GB to store  40269942042 kmers; need 0.517 GB to sort     34702823 kmers
Used 315.383 GB / 1511.391 GB to store  40292104098 kmers; need 0.517 GB to sort     34722584 kmers
Used 315.515 GB / 1511.391 GB to store  40314266154 kmers; need 0.518 GB to sort     34742287 kmers
Used 315.648 GB / 1511.391 GB to store  40336428204 kmers; need 0.518 GB to sort     34761903 kmers
Used 315.781 GB / 1511.391 GB to store  40358590260 kmers; need 0.518 GB to sort     34781613 kmers
Used 315.913 GB / 1511.391 GB to store  40380752298 kmers; need 0.519 GB to sort     34801769 kmers
Used 316.046 GB / 1511.391 GB to store  40402914354 kmers; need 0.519 GB to sort     34821367 kmers
Used 316.178 GB / 1511.391 GB to store  40425076410 kmers; need 0.519 GB to sort     34840265 kmers
Used 316.303 GB / 1511.391 GB to store  40445655462 kmers; need 0.519 GB to sort     34858506 kmers
Used 316.436 GB / 1511.391 GB to store  40467817518 kmers; need 0.520 GB to sort     34878738 kmers
Used 316.566 GB / 1511.391 GB to store  40489979574 kmers; need 0.520 GB to sort     34898732 kmers
Used 316.700 GB / 1511.391 GB to store  40512141600 kmers; need 0.520 GB to sort     34918987 kmers
Used 316.833 GB / 1511.391 GB to store  40534303656 kmers; need 0.521 GB to sort     34938924 kmers
Used 316.966 GB / 1511.391 GB to store  40556465664 kmers; need 0.521 GB to sort     34958697 kmers
Used 317.099 GB / 1511.391 GB to store  40578627720 kmers; need 0.521 GB to sort     34978888 kmers
Used 317.231 GB / 1511.391 GB to store  40600789776 kmers; need 0.522 GB to sort     34998627 kmers
Used 317.364 GB / 1511.391 GB to store  40622951730 kmers; need 0.522 GB to sort     35018614 kmers
Used 317.489 GB / 1511.391 GB to store  40643530782 kmers; need 0.522 GB to sort     35038053 kmers
Used 317.622 GB / 1511.391 GB to store  40665692838 kmers; need 0.522 GB to sort     35057978 kmers
Used 317.756 GB / 1511.391 GB to store  40687854894 kmers; need 0.523 GB to sort     35076098 kmers
Used 317.889 GB / 1511.391 GB to store  40710016950 kmers; need 0.523 GB to sort     35094637 kmers
Used 318.023 GB / 1511.391 GB to store  40732179006 kmers; need 0.523 GB to sort     35112982 kmers
Used 318.156 GB / 1511.391 GB to store  40754341062 kmers; need 0.523 GB to sort     35130967 kmers
Used 318.290 GB / 1511.391 GB to store  40776503118 kmers; need 0.524 GB to sort     35148994 kmers
Used 318.422 GB / 1511.391 GB to store  40798665174 kmers; need 0.524 GB to sort     35169259 kmers
Used 318.556 GB / 1511.391 GB to store  40820827230 kmers; need 0.524 GB to sort     35189050 kmers
Used 318.689 GB / 1511.391 GB to store  40842989286 kmers; need 0.525 GB to sort     35208673 kmers
Used 318.822 GB / 1511.391 GB to store  40865151342 kmers; need 0.525 GB to sort     35227095 kmers
Used 318.955 GB / 1511.391 GB to store  40887313398 kmers; need 0.525 GB to sort     35246053 kmers
Used 319.088 GB / 1511.391 GB to store  40909475454 kmers; need 0.525 GB to sort     35265510 kmers
Used 319.220 GB / 1511.391 GB to store  40931637510 kmers; need 0.526 GB to sort     35285087 kmers
Used 319.353 GB / 1511.391 GB to store  40953799536 kmers; need 0.526 GB to sort     35304253 kmers
Used 319.485 GB / 1511.391 GB to store  40975961592 kmers; need 0.526 GB to sort     35323166 kmers
Used 319.618 GB / 1511.391 GB to store  40998123648 kmers; need 0.527 GB to sort     35341638 kmers
Used 319.751 GB / 1511.391 GB to store  41020285704 kmers; need 0.527 GB to sort     35360543 kmers
Used 319.885 GB / 1511.391 GB to store  41042447757 kmers; need 0.527 GB to sort     35379673 kmers
Used 320.018 GB / 1511.391 GB to store  41064609813 kmers; need 0.527 GB to sort     35398623 kmers
Used 320.150 GB / 1511.391 GB to store  41086771869 kmers; need 0.528 GB to sort     35417575 kmers
Used 320.283 GB / 1511.391 GB to store  41108933925 kmers; need 0.528 GB to sort     35436465 kmers
Used 320.417 GB / 1511.391 GB to store  41131095981 kmers; need 0.528 GB to sort     35456073 kmers
Used 320.550 GB / 1511.391 GB to store  41153258037 kmers; need 0.529 GB to sort     35475363 kmers
Used 320.683 GB / 1511.391 GB to store  41175420093 kmers; need 0.529 GB to sort     35494058 kmers
Used 320.816 GB / 1511.391 GB to store  41197582131 kmers; need 0.529 GB to sort     35513499 kmers
Used 320.949 GB / 1511.391 GB to store  41219744187 kmers; need 0.529 GB to sort     35532345 kmers
Used 321.082 GB / 1511.391 GB to store  41241906243 kmers; need 0.530 GB to sort     35551474 kmers
Used 321.215 GB / 1511.391 GB to store  41264068299 kmers; need 0.530 GB to sort     35570665 kmers
Used 321.348 GB / 1511.391 GB to store  41286230325 kmers; need 0.530 GB to sort     35589157 kmers
Used 321.482 GB / 1511.391 GB to store  41308392381 kmers; need 0.531 GB to sort     35608414 kmers
Used 321.615 GB / 1511.391 GB to store  41330554437 kmers; need 0.531 GB to sort     35627630 kmers
Used 321.749 GB / 1511.391 GB to store  41352716493 kmers; need 0.531 GB to sort     35646576 kmers
Used 321.883 GB / 1511.391 GB to store  41374878513 kmers; need 0.531 GB to sort     35665243 kmers
Used 322.016 GB / 1511.391 GB to store  41397040569 kmers; need 0.532 GB to sort     35683803 kmers
Used 322.149 GB / 1511.391 GB to store  41419202625 kmers; need 0.532 GB to sort     35702136 kmers
Used 322.283 GB / 1511.391 GB to store  41441364669 kmers; need 0.532 GB to sort     35721349 kmers
Used 322.415 GB / 1511.391 GB to store  41463526725 kmers; need 0.533 GB to sort     35740659 kmers
Used 322.549 GB / 1511.391 GB to store  41485688781 kmers; need 0.533 GB to sort     35759035 kmers
Used 322.683 GB / 1511.391 GB to store  41507850837 kmers; need 0.533 GB to sort     35778561 kmers
Used 322.815 GB / 1511.391 GB to store  41530012776 kmers; need 0.533 GB to sort     35798235 kmers
Used 322.948 GB / 1511.391 GB to store  41552174832 kmers; need 0.534 GB to sort     35817556 kmers
Used 323.080 GB / 1511.391 GB to store  41574336888 kmers; need 0.534 GB to sort     35836837 kmers
Used 323.214 GB / 1511.391 GB to store  41596498944 kmers; need 0.534 GB to sort     35856251 kmers
Used 323.347 GB / 1511.391 GB to store  41618660823 kmers; need 0.535 GB to sort     35876027 kmers
Used 323.480 GB / 1511.391 GB to store  41640822879 kmers; need 0.535 GB to sort     35895127 kmers
Used 323.613 GB / 1511.391 GB to store  41662984935 kmers; need 0.535 GB to sort     35915115 kmers
Used 323.747 GB / 1511.391 GB to store  41685146991 kmers; need 0.535 GB to sort     35934923 kmers
Used 323.879 GB / 1511.391 GB to store  41707309047 kmers; need 0.536 GB to sort     35955110 kmers
Used 324.011 GB / 1511.391 GB to store  41729471103 kmers; need 0.536 GB to sort     35975703 kmers
Used 324.144 GB / 1511.391 GB to store  41751633159 kmers; need 0.536 GB to sort     35995137 kmers
Used 324.269 GB / 1511.391 GB to store  41772212211 kmers; need 0.537 GB to sort     36012943 kmers
Used 324.402 GB / 1511.391 GB to store  41794374267 kmers; need 0.537 GB to sort     36032447 kmers
Used 324.534 GB / 1511.391 GB to store  41816536323 kmers; need 0.537 GB to sort     36051837 kmers
Used 324.667 GB / 1511.391 GB to store  41838698379 kmers; need 0.537 GB to sort     36070987 kmers
Used 324.801 GB / 1511.391 GB to store  41860860435 kmers; need 0.538 GB to sort     36090554 kmers
Used 324.934 GB / 1511.391 GB to store  41883022491 kmers; need 0.538 GB to sort     36110315 kmers
Used 325.067 GB / 1511.391 GB to store  41905184547 kmers; need 0.538 GB to sort     36129387 kmers
Used 325.200 GB / 1511.391 GB to store  41927346603 kmers; need 0.539 GB to sort     36148719 kmers
Used 325.333 GB / 1511.391 GB to store  41949508651 kmers; need 0.539 GB to sort     36169156 kmers
Used 325.466 GB / 1511.391 GB to store  41971670707 kmers; need 0.539 GB to sort     36189434 kmers
Used 325.598 GB / 1511.391 GB to store  41993832763 kmers; need 0.540 GB to sort     36209567 kmers
Used 325.730 GB / 1511.391 GB to store  42015994819 kmers; need 0.540 GB to sort     36229171 kmers
Used 325.862 GB / 1511.391 GB to store  42038156857 kmers; need 0.540 GB to sort     36248970 kmers
Used 325.996 GB / 1511.391 GB to store  42060318913 kmers; need 0.540 GB to sort     36268645 kmers
Used 326.129 GB / 1511.391 GB to store  42082480969 kmers; need 0.541 GB to sort     36288671 kmers
Used 326.261 GB / 1511.391 GB to store  42104643025 kmers; need 0.541 GB to sort     36309234 kmers
Used 326.395 GB / 1511.391 GB to store  42126805060 kmers; need 0.541 GB to sort     36328590 kmers
Used 326.528 GB / 1511.391 GB to store  42148967116 kmers; need 0.542 GB to sort     36347493 kmers
Used 326.660 GB / 1511.391 GB to store  42171129172 kmers; need 0.542 GB to sort     36367323 kmers
Used 326.793 GB / 1511.391 GB to store  42193291228 kmers; need 0.542 GB to sort     36386944 kmers
Used 326.927 GB / 1511.391 GB to store  42215453208 kmers; need 0.543 GB to sort     36406587 kmers
Used 327.060 GB / 1511.391 GB to store  42237615264 kmers; need 0.543 GB to sort     36426240 kmers
Used 327.192 GB / 1511.391 GB to store  42259777320 kmers; need 0.543 GB to sort     36446354 kmers
Used 327.325 GB / 1511.391 GB to store  42281939376 kmers; need 0.543 GB to sort     36466381 kmers
Used 327.458 GB / 1511.391 GB to store  42304101292 kmers; need 0.544 GB to sort     36486363 kmers
Used 327.591 GB / 1511.391 GB to store  42326263348 kmers; need 0.544 GB to sort     36506067 kmers
Used 327.725 GB / 1511.391 GB to store  42348425404 kmers; need 0.544 GB to sort     36525945 kmers
Used 327.858 GB / 1511.391 GB to store  42370587460 kmers; need 0.545 GB to sort     36546316 kmers
Used 327.991 GB / 1511.391 GB to store  42392749476 kmers; need 0.545 GB to sort     36566803 kmers
Used 328.124 GB / 1511.391 GB to store  42414911532 kmers; need 0.545 GB to sort     36586538 kmers
Used 328.258 GB / 1511.391 GB to store  42437073588 kmers; need 0.545 GB to sort     36605288 kmers
Used 328.391 GB / 1511.391 GB to store  42459235644 kmers; need 0.546 GB to sort     36624444 kmers
Used 328.524 GB / 1511.391 GB to store  42481397700 kmers; need 0.546 GB to sort     36643379 kmers
Used 328.657 GB / 1511.391 GB to store  42503559756 kmers; need 0.546 GB to sort     36662591 kmers
Used 328.790 GB / 1511.391 GB to store  42525721812 kmers; need 0.547 GB to sort     36681163 kmers
Used 328.924 GB / 1511.391 GB to store  42547883868 kmers; need 0.547 GB to sort     36699626 kmers
Used 329.056 GB / 1511.391 GB to store  42570045924 kmers; need 0.547 GB to sort     36718054 kmers
Used 329.190 GB / 1511.391 GB to store  42592207980 kmers; need 0.547 GB to sort     36737031 kmers
Used 329.315 GB / 1511.391 GB to store  42612787032 kmers; need 0.548 GB to sort     36754127 kmers
Used 329.449 GB / 1511.391 GB to store  42634949088 kmers; need 0.548 GB to sort     36773511 kmers
Used 329.582 GB / 1511.391 GB to store  42657111144 kmers; need 0.548 GB to sort     36792529 kmers
Used 329.715 GB / 1511.391 GB to store  42679273194 kmers; need 0.549 GB to sort     36811882 kmers
Used 329.846 GB / 1511.391 GB to store  42701435250 kmers; need 0.549 GB to sort     36831313 kmers
Used 329.979 GB / 1511.391 GB to store  42723597306 kmers; need 0.549 GB to sort     36849065 kmers
Used 330.112 GB / 1511.391 GB to store  42745759362 kmers; need 0.549 GB to sort     36868650 kmers
Used 330.246 GB / 1511.391 GB to store  42767921418 kmers; need 0.550 GB to sort     36888138 kmers
Used 330.380 GB / 1511.391 GB to store  42790083474 kmers; need 0.550 GB to sort     36907106 kmers
Used 330.513 GB / 1511.391 GB to store  42812245530 kmers; need 0.550 GB to sort     36926022 kmers
Used 330.646 GB / 1511.391 GB to store  42834407586 kmers; need 0.551 GB to sort     36945543 kmers
Used 330.778 GB / 1511.391 GB to store  42856569642 kmers; need 0.551 GB to sort     36964888 kmers
Used 330.912 GB / 1511.391 GB to store  42878731698 kmers; need 0.551 GB to sort     36983767 kmers
Used 331.044 GB / 1511.391 GB to store  42900893754 kmers; need 0.551 GB to sort     37003311 kmers
Used 331.178 GB / 1511.391 GB to store  42923055810 kmers; need 0.552 GB to sort     37022912 kmers
Used 331.310 GB / 1511.391 GB to store  42945217866 kmers; need 0.552 GB to sort     37042000 kmers
Used 331.444 GB / 1511.391 GB to store  42967379922 kmers; need 0.552 GB to sort     37061313 kmers
Used 331.576 GB / 1511.391 GB to store  42989541978 kmers; need 0.553 GB to sort     37080585 kmers
Used 331.710 GB / 1511.391 GB to store  43011704034 kmers; need 0.553 GB to sort     37099128 kmers
Used 331.842 GB / 1511.391 GB to store  43033866069 kmers; need 0.553 GB to sort     37118154 kmers
Used 331.975 GB / 1511.391 GB to store  43056028125 kmers; need 0.553 GB to sort     37138246 kmers
Used 332.108 GB / 1511.391 GB to store  43078190181 kmers; need 0.554 GB to sort     37157510 kmers
Used 332.242 GB / 1511.391 GB to store  43100352237 kmers; need 0.554 GB to sort     37176859 kmers
Used 332.376 GB / 1511.391 GB to store  43122514293 kmers; need 0.554 GB to sort     37196364 kmers
Used 332.508 GB / 1511.391 GB to store  43144676349 kmers; need 0.555 GB to sort     37216194 kmers
Used 332.642 GB / 1511.391 GB to store  43166838405 kmers; need 0.555 GB to sort     37235503 kmers
Used 332.774 GB / 1511.391 GB to store  43189000461 kmers; need 0.555 GB to sort     37255041 kmers
Used 332.907 GB / 1511.391 GB to store  43211162463 kmers; need 0.555 GB to sort     37275128 kmers
Used 333.040 GB / 1511.391 GB to store  43233324519 kmers; need 0.556 GB to sort     37294545 kmers
Used 333.173 GB / 1511.391 GB to store  43255486575 kmers; need 0.556 GB to sort     37313563 kmers
Used 333.307 GB / 1511.391 GB to store  43277648631 kmers; need 0.556 GB to sort     37332986 kmers
Used 333.439 GB / 1511.391 GB to store  43299810687 kmers; need 0.557 GB to sort     37351986 kmers
Used 333.571 GB / 1511.391 GB to store  43321972743 kmers; need 0.557 GB to sort     37371908 kmers
Used 333.703 GB / 1511.391 GB to store  43344134799 kmers; need 0.557 GB to sort     37390657 kmers
Used 333.837 GB / 1511.391 GB to store  43366296855 kmers; need 0.557 GB to sort     37409457 kmers
Used 333.970 GB / 1511.391 GB to store  43388458911 kmers; need 0.558 GB to sort     37429122 kmers
Used 334.104 GB / 1511.391 GB to store  43410620967 kmers; need 0.558 GB to sort     37449216 kmers
Used 334.238 GB / 1511.391 GB to store  43432783023 kmers; need 0.558 GB to sort     37468596 kmers
Used 334.371 GB / 1511.391 GB to store  43454945079 kmers; need 0.559 GB to sort     37487478 kmers
Used 334.496 GB / 1511.391 GB to store  43475524131 kmers; need 0.559 GB to sort     37506008 kmers
Used 334.630 GB / 1511.391 GB to store  43497686172 kmers; need 0.559 GB to sort     37524730 kmers
Used 334.764 GB / 1511.391 GB to store  43519848228 kmers; need 0.559 GB to sort     37544622 kmers
Used 334.897 GB / 1511.391 GB to store  43542010284 kmers; need 0.560 GB to sort     37563939 kmers
Used 335.030 GB / 1511.391 GB to store  43564172340 kmers; need 0.560 GB to sort     37582681 kmers
Used 335.163 GB / 1511.391 GB to store  43586334396 kmers; need 0.560 GB to sort     37602166 kmers
Used 335.297 GB / 1511.391 GB to store  43608496452 kmers; need 0.561 GB to sort     37621931 kmers
Used 335.430 GB / 1511.391 GB to store  43630658508 kmers; need 0.561 GB to sort     37641715 kmers
Used 335.563 GB / 1511.391 GB to store  43652820564 kmers; need 0.561 GB to sort     37661476 kmers
Used 335.697 GB / 1511.391 GB to store  43674982590 kmers; need 0.561 GB to sort     37681394 kmers
Used 335.829 GB / 1511.391 GB to store  43697144646 kmers; need 0.562 GB to sort     37701537 kmers
Used 335.961 GB / 1511.391 GB to store  43719306702 kmers; need 0.562 GB to sort     37721560 kmers
Used 336.095 GB / 1511.391 GB to store  43741468758 kmers; need 0.562 GB to sort     37740513 kmers
Used 336.228 GB / 1511.391 GB to store  43763630738 kmers; need 0.563 GB to sort     37760271 kmers
Used 336.361 GB / 1511.391 GB to store  43785792794 kmers; need 0.563 GB to sort     37779815 kmers
Used 336.486 GB / 1511.391 GB to store  43806371846 kmers; need 0.563 GB to sort     37798309 kmers
Used 336.620 GB / 1511.391 GB to store  43828533902 kmers; need 0.564 GB to sort     37817789 kmers
Used 336.752 GB / 1511.391 GB to store  43850695946 kmers; need 0.564 GB to sort     37836928 kmers
Used 336.885 GB / 1511.391 GB to store  43872858002 kmers; need 0.564 GB to sort     37856489 kmers
Used 337.018 GB / 1511.391 GB to store  43895020058 kmers; need 0.564 GB to sort     37875898 kmers
Used 337.151 GB / 1511.391 GB to store  43917182114 kmers; need 0.565 GB to sort     37895680 kmers
Used 337.284 GB / 1511.391 GB to store  43939344168 kmers; need 0.565 GB to sort     37915146 kmers
Used 337.417 GB / 1511.391 GB to store  43961506224 kmers; need 0.565 GB to sort     37935944 kmers
Used 337.550 GB / 1511.391 GB to store  43983668280 kmers; need 0.566 GB to sort     37955717 kmers
Used 337.684 GB / 1511.391 GB to store  44005830324 kmers; need 0.566 GB to sort     37975524 kmers
Used 337.817 GB / 1511.391 GB to store  44027992240 kmers; need 0.566 GB to sort     37995358 kmers
Used 337.951 GB / 1511.391 GB to store  44050154296 kmers; need 0.566 GB to sort     38015779 kmers
Used 338.082 GB / 1511.391 GB to store  44072316352 kmers; need 0.567 GB to sort     38036323 kmers
Used 338.216 GB / 1511.391 GB to store  44094478408 kmers; need 0.567 GB to sort     38056250 kmers
Used 338.349 GB / 1511.391 GB to store  44116640464 kmers; need 0.567 GB to sort     38074318 kmers
Used 338.481 GB / 1511.391 GB to store  44138802520 kmers; need 0.568 GB to sort     38092822 kmers
Used 338.613 GB / 1511.391 GB to store  44160964576 kmers; need 0.568 GB to sort     38110561 kmers
Used 338.746 GB / 1511.391 GB to store  44183126605 kmers; need 0.568 GB to sort     38129405 kmers
Used 338.880 GB / 1511.391 GB to store  44205288661 kmers; need 0.568 GB to sort     38148477 kmers
Used 339.014 GB / 1511.391 GB to store  44227450717 kmers; need 0.569 GB to sort     38166777 kmers
Used 339.148 GB / 1511.391 GB to store  44249612773 kmers; need 0.569 GB to sort     38186108 kmers
Used 339.281 GB / 1511.391 GB to store  44271774829 kmers; need 0.569 GB to sort     38204193 kmers
Used 339.415 GB / 1511.391 GB to store  44293936864 kmers; need 0.570 GB to sort     38221856 kmers
Used 339.547 GB / 1511.391 GB to store  44316098920 kmers; need 0.570 GB to sort     38240990 kmers
Used 339.679 GB / 1511.391 GB to store  44338260976 kmers; need 0.570 GB to sort     38259860 kmers
Used 339.812 GB / 1511.391 GB to store  44360423032 kmers; need 0.570 GB to sort     38278524 kmers
Used 339.945 GB / 1511.391 GB to store  44382584992 kmers; need 0.571 GB to sort     38298173 kmers
Used 340.077 GB / 1511.391 GB to store  44404747048 kmers; need 0.571 GB to sort     38317346 kmers
Used 340.210 GB / 1511.391 GB to store  44426909104 kmers; need 0.571 GB to sort     38335943 kmers
Used 340.342 GB / 1511.391 GB to store  44449071160 kmers; need 0.572 GB to sort     38354667 kmers
Used 340.476 GB / 1511.391 GB to store  44471233216 kmers; need 0.572 GB to sort     38373622 kmers
Used 340.609 GB / 1511.391 GB to store  44493395272 kmers; need 0.572 GB to sort     38393422 kmers
Used 340.743 GB / 1511.391 GB to store  44515557304 kmers; need 0.572 GB to sort     38412623 kmers
Used 340.875 GB / 1511.391 GB to store  44537719360 kmers; need 0.573 GB to sort     38431739 kmers
Used 341.009 GB / 1511.391 GB to store  44559881416 kmers; need 0.573 GB to sort     38450965 kmers
Used 341.141 GB / 1511.391 GB to store  44582043466 kmers; need 0.573 GB to sort     38470519 kmers
Used 341.274 GB / 1511.391 GB to store  44604205522 kmers; need 0.574 GB to sort     38489499 kmers
Used 341.408 GB / 1511.391 GB to store  44626367578 kmers; need 0.574 GB to sort     38509392 kmers
Used 341.540 GB / 1511.391 GB to store  44648529634 kmers; need 0.574 GB to sort     38528342 kmers
Used 341.673 GB / 1511.391 GB to store  44670691690 kmers; need 0.574 GB to sort     38547820 kmers
Used 341.806 GB / 1511.391 GB to store  44692853746 kmers; need 0.575 GB to sort     38567858 kmers
Used 341.939 GB / 1511.391 GB to store  44715015802 kmers; need 0.575 GB to sort     38588036 kmers
Used 342.064 GB / 1511.391 GB to store  44735594854 kmers; need 0.575 GB to sort     38605321 kmers
Used 342.197 GB / 1511.391 GB to store  44757756910 kmers; need 0.576 GB to sort     38624837 kmers
Used 342.329 GB / 1511.391 GB to store  44779918966 kmers; need 0.576 GB to sort     38643340 kmers
Used 342.461 GB / 1511.391 GB to store  44802081022 kmers; need 0.576 GB to sort     38662923 kmers
Used 342.595 GB / 1511.391 GB to store  44824243078 kmers; need 0.576 GB to sort     38682878 kmers
Used 342.728 GB / 1511.391 GB to store  44846405134 kmers; need 0.577 GB to sort     38702626 kmers
Used 342.860 GB / 1511.391 GB to store  44868567190 kmers; need 0.577 GB to sort     38722005 kmers
Used 342.993 GB / 1511.391 GB to store  44890729236 kmers; need 0.577 GB to sort     38741850 kmers
Used 343.127 GB / 1511.391 GB to store  44912891262 kmers; need 0.578 GB to sort     38760554 kmers
Used 343.252 GB / 1511.391 GB to store  44933470254 kmers; need 0.578 GB to sort     38778678 kmers
Used 343.385 GB / 1511.391 GB to store  44955632304 kmers; need 0.578 GB to sort     38798361 kmers
Used 343.518 GB / 1511.391 GB to store  44977794360 kmers; need 0.578 GB to sort     38817356 kmers
Used 343.650 GB / 1511.391 GB to store  44999956416 kmers; need 0.579 GB to sort     38836663 kmers
Used 343.783 GB / 1511.391 GB to store  45022118472 kmers; need 0.579 GB to sort     38856323 kmers
Used 343.916 GB / 1511.391 GB to store  45044280470 kmers; need 0.579 GB to sort     38876331 kmers
Used 344.049 GB / 1511.391 GB to store  45066442526 kmers; need 0.580 GB to sort     38896542 kmers
Used 344.182 GB / 1511.391 GB to store  45088604582 kmers; need 0.580 GB to sort     38916060 kmers
Used 344.316 GB / 1511.391 GB to store  45110766638 kmers; need 0.580 GB to sort     38935670 kmers
Used 344.450 GB / 1511.391 GB to store  45132928676 kmers; need 0.580 GB to sort     38955842 kmers
Used 344.583 GB / 1511.391 GB to store  45155090732 kmers; need 0.581 GB to sort     38976383 kmers
Used 344.715 GB / 1511.391 GB to store  45177252788 kmers; need 0.581 GB to sort     38996201 kmers
Used 344.849 GB / 1511.391 GB to store  45199414844 kmers; need 0.581 GB to sort     39015729 kmers
Used 344.974 GB / 1511.391 GB to store  45219993882 kmers; need 0.582 GB to sort     39034334 kmers
Used 345.107 GB / 1511.391 GB to store  45242155938 kmers; need 0.582 GB to sort     39055298 kmers
Used 345.241 GB / 1511.391 GB to store  45264317994 kmers; need 0.582 GB to sort     39075139 kmers
Used 345.373 GB / 1511.391 GB to store  45286480050 kmers; need 0.583 GB to sort     39094876 kmers
Used 345.506 GB / 1511.391 GB to store  45308642106 kmers; need 0.583 GB to sort     39115108 kmers
Used 345.638 GB / 1511.391 GB to store  45330804162 kmers; need 0.583 GB to sort     39135255 kmers
Used 345.771 GB / 1511.391 GB to store  45352966218 kmers; need 0.583 GB to sort     39155143 kmers
Used 345.905 GB / 1511.391 GB to store  45375128274 kmers; need 0.584 GB to sort     39175252 kmers
Used 346.039 GB / 1511.391 GB to store  45397290330 kmers; need 0.584 GB to sort     39194949 kmers
Used 346.172 GB / 1511.391 GB to store  45419452386 kmers; need 0.584 GB to sort     39215153 kmers
Used 346.305 GB / 1511.391 GB to store  45441614442 kmers; need 0.585 GB to sort     39235665 kmers
Used 346.430 GB / 1511.391 GB to store  45462193494 kmers; need 0.585 GB to sort     39254102 kmers
Used 346.555 GB / 1511.391 GB to store  45482772378 kmers; need 0.585 GB to sort     39272512 kmers
Used 346.689 GB / 1511.391 GB to store  45504934434 kmers; need 0.586 GB to sort     39292671 kmers
Used 346.822 GB / 1511.391 GB to store  45527096490 kmers; need 0.586 GB to sort     39312570 kmers
Used 346.956 GB / 1511.391 GB to store  45549258546 kmers; need 0.586 GB to sort     39333722 kmers
Used 347.089 GB / 1511.391 GB to store  45571420602 kmers; need 0.586 GB to sort     39351845 kmers
Used 347.223 GB / 1511.391 GB to store  45593582658 kmers; need 0.587 GB to sort     39370348 kmers
Used 347.356 GB / 1511.391 GB to store  45615744714 kmers; need 0.587 GB to sort     39389145 kmers
Used 347.489 GB / 1511.391 GB to store  45637906770 kmers; need 0.587 GB to sort     39407768 kmers
Used 347.622 GB / 1511.391 GB to store  45660068826 kmers; need 0.588 GB to sort     39426656 kmers
Used 347.754 GB / 1511.391 GB to store  45682230882 kmers; need 0.588 GB to sort     39445185 kmers
Used 347.888 GB / 1511.391 GB to store  45704392938 kmers; need 0.588 GB to sort     39463936 kmers
Used 348.022 GB / 1511.391 GB to store  45726554948 kmers; need 0.588 GB to sort     39483742 kmers
Used 348.155 GB / 1511.391 GB to store  45748717004 kmers; need 0.589 GB to sort     39503395 kmers
Used 348.288 GB / 1511.391 GB to store  45770879060 kmers; need 0.589 GB to sort     39522214 kmers
Used 348.420 GB / 1511.391 GB to store  45793041116 kmers; need 0.589 GB to sort     39540951 kmers
Used 348.552 GB / 1511.391 GB to store  45815203172 kmers; need 0.589 GB to sort     39560319 kmers
Used 348.685 GB / 1511.391 GB to store  45837365228 kmers; need 0.590 GB to sort     39579070 kmers
Used 348.817 GB / 1511.391 GB to store  45859527284 kmers; need 0.590 GB to sort     39597805 kmers
Used 348.949 GB / 1511.391 GB to store  45881689340 kmers; need 0.590 GB to sort     39616558 kmers
Used 349.083 GB / 1511.391 GB to store  45903851396 kmers; need 0.591 GB to sort     39635661 kmers
Used 349.216 GB / 1511.391 GB to store  45926013452 kmers; need 0.591 GB to sort     39654188 kmers
Used 349.349 GB / 1511.391 GB to store  45948175508 kmers; need 0.591 GB to sort     39673448 kmers
Used 349.482 GB / 1511.391 GB to store  45970337564 kmers; need 0.591 GB to sort     39692144 kmers
Used 349.614 GB / 1511.391 GB to store  45992499620 kmers; need 0.592 GB to sort     39711322 kmers
Used 349.747 GB / 1511.391 GB to store  46014661676 kmers; need 0.592 GB to sort     39730647 kmers
Used 349.881 GB / 1511.391 GB to store  46036823732 kmers; need 0.592 GB to sort     39749526 kmers
Used 350.013 GB / 1511.391 GB to store  46058985788 kmers; need 0.593 GB to sort     39769462 kmers
Used 350.147 GB / 1511.391 GB to store  46081147724 kmers; need 0.593 GB to sort     39788391 kmers
Used 350.279 GB / 1511.391 GB to store  46103309780 kmers; need 0.593 GB to sort     39807817 kmers
Used 350.413 GB / 1511.391 GB to store  46125471836 kmers; need 0.593 GB to sort     39826828 kmers
Used 350.546 GB / 1511.391 GB to store  46147633892 kmers; need 0.594 GB to sort     39846110 kmers
Used 350.679 GB / 1511.391 GB to store  46169795879 kmers; need 0.594 GB to sort     39865876 kmers
Used 350.812 GB / 1511.391 GB to store  46191957935 kmers; need 0.594 GB to sort     39884467 kmers
Used 350.946 GB / 1511.391 GB to store  46214119991 kmers; need 0.595 GB to sort     39903616 kmers
Used 351.079 GB / 1511.391 GB to store  46236282047 kmers; need 0.595 GB to sort     39921722 kmers
Used 351.205 GB / 1511.391 GB to store  46256861099 kmers; need 0.595 GB to sort     39939246 kmers
Used 351.338 GB / 1511.391 GB to store  46279023155 kmers; need 0.595 GB to sort     39958501 kmers
Used 351.472 GB / 1511.391 GB to store  46301185211 kmers; need 0.596 GB to sort     39976999 kmers
Used 351.605 GB / 1511.391 GB to store  46323347267 kmers; need 0.596 GB to sort     39995779 kmers
Used 351.739 GB / 1511.391 GB to store  46345509323 kmers; need 0.596 GB to sort     40014635 kmers
Used 351.871 GB / 1511.391 GB to store  46367671316 kmers; need 0.597 GB to sort     40032797 kmers
Used 352.005 GB / 1511.391 GB to store  46389833372 kmers; need 0.597 GB to sort     40051655 kmers
Used 352.138 GB / 1511.391 GB to store  46411995428 kmers; need 0.597 GB to sort     40070919 kmers
Used 352.272 GB / 1511.391 GB to store  46434157484 kmers; need 0.597 GB to sort     40090107 kmers
Used 352.405 GB / 1511.391 GB to store  46456319540 kmers; need 0.598 GB to sort     40109230 kmers
Used 352.538 GB / 1511.391 GB to store  46478481596 kmers; need 0.598 GB to sort     40128785 kmers
Used 352.672 GB / 1511.391 GB to store  46500643643 kmers; need 0.598 GB to sort     40148429 kmers
Used 352.806 GB / 1511.391 GB to store  46522805699 kmers; need 0.599 GB to sort     40168473 kmers
Used 352.938 GB / 1511.391 GB to store  46544967755 kmers; need 0.599 GB to sort     40188318 kmers
Used 353.071 GB / 1511.391 GB to store  46567129811 kmers; need 0.599 GB to sort     40207511 kmers
Used 353.204 GB / 1511.391 GB to store  46589291867 kmers; need 0.599 GB to sort     40227697 kmers
Used 353.330 GB / 1511.391 GB to store  46609870919 kmers; need 0.600 GB to sort     40245325 kmers
Used 353.462 GB / 1511.391 GB to store  46632032975 kmers; need 0.600 GB to sort     40265090 kmers
Used 353.595 GB / 1511.391 GB to store  46654195031 kmers; need 0.600 GB to sort     40284190 kmers
Used 353.719 GB / 1511.391 GB to store  46674774083 kmers; need 0.601 GB to sort     40303032 kmers
Used 353.853 GB / 1511.391 GB to store  46696936139 kmers; need 0.601 GB to sort     40322481 kmers
Used 353.986 GB / 1511.391 GB to store  46719098195 kmers; need 0.601 GB to sort     40341781 kmers
Used 354.120 GB / 1511.391 GB to store  46741260239 kmers; need 0.601 GB to sort     40361189 kmers
Used 354.254 GB / 1511.391 GB to store  46763422289 kmers; need 0.602 GB to sort     40380141 kmers
Used 354.387 GB / 1511.391 GB to store  46785584345 kmers; need 0.602 GB to sort     40399786 kmers
Used 354.521 GB / 1511.391 GB to store  46807746401 kmers; need 0.602 GB to sort     40419368 kmers
Used 354.654 GB / 1511.391 GB to store  46829908445 kmers; need 0.603 GB to sort     40439007 kmers
Used 354.787 GB / 1511.391 GB to store  46852070501 kmers; need 0.603 GB to sort     40457734 kmers
Used 354.919 GB / 1511.391 GB to store  46874232546 kmers; need 0.603 GB to sort     40477133 kmers
Used 355.053 GB / 1511.391 GB to store  46896394602 kmers; need 0.603 GB to sort     40496686 kmers
Used 355.187 GB / 1511.391 GB to store  46918556658 kmers; need 0.604 GB to sort     40517034 kmers
Used 355.320 GB / 1511.391 GB to store  46940718714 kmers; need 0.604 GB to sort     40537038 kmers
Used 355.452 GB / 1511.391 GB to store  46962880692 kmers; need 0.604 GB to sort     40556473 kmers
Used 355.585 GB / 1511.391 GB to store  46985042748 kmers; need 0.605 GB to sort     40576698 kmers
Used 355.718 GB / 1511.391 GB to store  47007204730 kmers; need 0.605 GB to sort     40596760 kmers
Used 355.849 GB / 1511.391 GB to store  47029366786 kmers; need 0.605 GB to sort     40616526 kmers
Used 355.982 GB / 1511.391 GB to store  47051528842 kmers; need 0.606 GB to sort     40636998 kmers
Used 356.114 GB / 1511.391 GB to store  47073690898 kmers; need 0.606 GB to sort     40656790 kmers
Used 356.246 GB / 1511.391 GB to store  47095852936 kmers; need 0.606 GB to sort     40677064 kmers
Used 356.379 GB / 1511.391 GB to store  47118014992 kmers; need 0.606 GB to sort     40696827 kmers
Used 356.513 GB / 1511.391 GB to store  47140177048 kmers; need 0.607 GB to sort     40716925 kmers
Used 356.646 GB / 1511.391 GB to store  47162339104 kmers; need 0.607 GB to sort     40737076 kmers
Used 356.779 GB / 1511.391 GB to store  47184501150 kmers; need 0.607 GB to sort     40756559 kmers
Used 356.912 GB / 1511.391 GB to store  47206663206 kmers; need 0.608 GB to sort     40777060 kmers
Used 357.046 GB / 1511.391 GB to store  47228825262 kmers; need 0.608 GB to sort     40797687 kmers
Used 357.178 GB / 1511.391 GB to store  47250987318 kmers; need 0.608 GB to sort     40817515 kmers
Used 357.311 GB / 1511.391 GB to store  47273149232 kmers; need 0.609 GB to sort     40837469 kmers
Used 357.445 GB / 1511.391 GB to store  47295311288 kmers; need 0.609 GB to sort     40857099 kmers
Used 357.579 GB / 1511.391 GB to store  47317473344 kmers; need 0.609 GB to sort     40875124 kmers
Used 357.712 GB / 1511.391 GB to store  47339635400 kmers; need 0.609 GB to sort     40893214 kmers
Used 357.846 GB / 1511.391 GB to store  47361797456 kmers; need 0.610 GB to sort     40911761 kmers
Used 357.979 GB / 1511.391 GB to store  47383959512 kmers; need 0.610 GB to sort     40931037 kmers
Used 358.113 GB / 1511.391 GB to store  47406121568 kmers; need 0.610 GB to sort     40949199 kmers
Used 358.246 GB / 1511.391 GB to store  47428283612 kmers; need 0.610 GB to sort     40967809 kmers
Used 358.379 GB / 1511.391 GB to store  47450445668 kmers; need 0.611 GB to sort     40985984 kmers
Used 358.511 GB / 1511.391 GB to store  47472607724 kmers; need 0.611 GB to sort     41004758 kmers
Used 358.645 GB / 1511.391 GB to store  47494769780 kmers; need 0.611 GB to sort     41024388 kmers
Used 358.778 GB / 1511.391 GB to store  47516931836 kmers; need 0.612 GB to sort     41043876 kmers
Used 358.911 GB / 1511.391 GB to store  47539093862 kmers; need 0.612 GB to sort     41062978 kmers
Used 359.044 GB / 1511.391 GB to store  47561255918 kmers; need 0.612 GB to sort     41081389 kmers
Used 359.177 GB / 1511.391 GB to store  47583417974 kmers; need 0.612 GB to sort     41099985 kmers
Used 359.310 GB / 1511.391 GB to store  47605580030 kmers; need 0.613 GB to sort     41118583 kmers
Used 359.443 GB / 1511.391 GB to store  47627742086 kmers; need 0.613 GB to sort     41137314 kmers
Used 359.576 GB / 1511.391 GB to store  47649904142 kmers; need 0.613 GB to sort     41156250 kmers
Used 359.709 GB / 1511.391 GB to store  47672066054 kmers; need 0.614 GB to sort     41175065 kmers
Used 359.842 GB / 1511.391 GB to store  47694228110 kmers; need 0.614 GB to sort     41194973 kmers
Used 359.975 GB / 1511.391 GB to store  47716390166 kmers; need 0.614 GB to sort     41214103 kmers
Used 360.108 GB / 1511.391 GB to store  47738552222 kmers; need 0.614 GB to sort     41233080 kmers
Used 360.242 GB / 1511.391 GB to store  47760714278 kmers; need 0.615 GB to sort     41251871 kmers
Used 360.375 GB / 1511.391 GB to store  47782876334 kmers; need 0.615 GB to sort     41270374 kmers
Used 360.508 GB / 1511.391 GB to store  47805038376 kmers; need 0.615 GB to sort     41288944 kmers
Used 360.642 GB / 1511.391 GB to store  47827200432 kmers; need 0.616 GB to sort     41308269 kmers
Used 360.776 GB / 1511.391 GB to store  47849362488 kmers; need 0.616 GB to sort     41328220 kmers
Used 360.910 GB / 1511.391 GB to store  47871524544 kmers; need 0.616 GB to sort     41346650 kmers
Used 361.044 GB / 1511.391 GB to store  47893686600 kmers; need 0.616 GB to sort     41365065 kmers
Used 361.178 GB / 1511.391 GB to store  47915848653 kmers; need 0.617 GB to sort     41383937 kmers
Used 361.312 GB / 1511.391 GB to store  47938010709 kmers; need 0.617 GB to sort     41402558 kmers
Used 361.445 GB / 1511.391 GB to store  47960172765 kmers; need 0.617 GB to sort     41421290 kmers
Used 361.578 GB / 1511.391 GB to store  47982334806 kmers; need 0.617 GB to sort     41439719 kmers
Used 361.710 GB / 1511.391 GB to store  48004496832 kmers; need 0.618 GB to sort     41458083 kmers
Used 361.844 GB / 1511.391 GB to store  48026658888 kmers; need 0.618 GB to sort     41477274 kmers
Used 361.976 GB / 1511.391 GB to store  48048820944 kmers; need 0.618 GB to sort     41496209 kmers
Used 362.108 GB / 1511.391 GB to store  48070983000 kmers; need 0.619 GB to sort     41514580 kmers
Used 362.241 GB / 1511.391 GB to store  48093145056 kmers; need 0.619 GB to sort     41533251 kmers
Used 362.374 GB / 1511.391 GB to store  48115307112 kmers; need 0.619 GB to sort     41551789 kmers
Used 362.508 GB / 1511.391 GB to store  48137469168 kmers; need 0.619 GB to sort     41570892 kmers
Used 362.641 GB / 1511.391 GB to store  48159631224 kmers; need 0.620 GB to sort     41589880 kmers
Used 362.774 GB / 1511.391 GB to store  48181793280 kmers; need 0.620 GB to sort     41609358 kmers
Used 362.908 GB / 1511.391 GB to store  48203955336 kmers; need 0.620 GB to sort     41628459 kmers
Used 363.041 GB / 1511.391 GB to store  48226117392 kmers; need 0.621 GB to sort     41648045 kmers
Used 363.174 GB / 1511.391 GB to store  48248279430 kmers; need 0.621 GB to sort     41667197 kmers
Used 363.307 GB / 1511.391 GB to store  48270441486 kmers; need 0.621 GB to sort     41685297 kmers
Used 363.441 GB / 1511.391 GB to store  48292603542 kmers; need 0.621 GB to sort     41704740 kmers
Used 363.574 GB / 1511.391 GB to store  48314765562 kmers; need 0.622 GB to sort     41724358 kmers
Used 363.707 GB / 1511.391 GB to store  48336927612 kmers; need 0.622 GB to sort     41744171 kmers
Used 363.840 GB / 1511.391 GB to store  48359089668 kmers; need 0.622 GB to sort     41763109 kmers
Used 363.973 GB / 1511.391 GB to store  48381251724 kmers; need 0.623 GB to sort     41782226 kmers
Used 364.107 GB / 1511.391 GB to store  48403413690 kmers; need 0.623 GB to sort     41802077 kmers
Used 364.240 GB / 1511.391 GB to store  48425575746 kmers; need 0.623 GB to sort     41821423 kmers
Used 364.374 GB / 1511.391 GB to store  48447737802 kmers; need 0.623 GB to sort     41841366 kmers
Used 364.507 GB / 1511.391 GB to store  48469899858 kmers; need 0.624 GB to sort     41860847 kmers
Used 364.641 GB / 1511.391 GB to store  48492061892 kmers; need 0.624 GB to sort     41880801 kmers
Used 364.775 GB / 1511.391 GB to store  48514223948 kmers; need 0.624 GB to sort     41899735 kmers
Used 364.908 GB / 1511.391 GB to store  48536386004 kmers; need 0.625 GB to sort     41919671 kmers
Used 365.041 GB / 1511.391 GB to store  48558548060 kmers; need 0.625 GB to sort     41939189 kmers
Used 365.175 GB / 1511.391 GB to store  48580710106 kmers; need 0.625 GB to sort     41958643 kmers
Used 365.308 GB / 1511.391 GB to store  48602872162 kmers; need 0.626 GB to sort     41978331 kmers
Used 365.441 GB / 1511.391 GB to store  48625034218 kmers; need 0.626 GB to sort     41998002 kmers
Used 365.575 GB / 1511.391 GB to store  48647196274 kmers; need 0.626 GB to sort     42018017 kmers
Used 365.707 GB / 1511.391 GB to store  48669358318 kmers; need 0.626 GB to sort     42038255 kmers
Used 365.840 GB / 1511.391 GB to store  48691520374 kmers; need 0.627 GB to sort     42058452 kmers
Used 365.973 GB / 1511.391 GB to store  48713682430 kmers; need 0.627 GB to sort     42078003 kmers
Used 366.106 GB / 1511.391 GB to store  48735844486 kmers; need 0.627 GB to sort     42097455 kmers
Used 366.239 GB / 1511.391 GB to store  48758006542 kmers; need 0.628 GB to sort     42117474 kmers
Used 366.364 GB / 1511.391 GB to store  48778585594 kmers; need 0.628 GB to sort     42135969 kmers
Used 366.497 GB / 1511.391 GB to store  48800747650 kmers; need 0.628 GB to sort     42155059 kmers
Used 366.631 GB / 1511.391 GB to store  48822909706 kmers; need 0.628 GB to sort     42175095 kmers
Used 366.763 GB / 1511.391 GB to store  48845071690 kmers; need 0.629 GB to sort     42195546 kmers
Used 366.897 GB / 1511.391 GB to store  48867233746 kmers; need 0.629 GB to sort     42215745 kmers
Used 367.031 GB / 1511.391 GB to store  48889395802 kmers; need 0.629 GB to sort     42235834 kmers
Used 367.164 GB / 1511.391 GB to store  48911557573 kmers; need 0.630 GB to sort     42256029 kmers
Used 367.297 GB / 1511.391 GB to store  48933719629 kmers; need 0.630 GB to sort     42276131 kmers
Used 367.431 GB / 1511.391 GB to store  48955881685 kmers; need 0.630 GB to sort     42296340 kmers
Used 367.562 GB / 1511.391 GB to store  48978043741 kmers; need 0.631 GB to sort     42316708 kmers
Used 367.696 GB / 1511.391 GB to store  49000205639 kmers; need 0.631 GB to sort     42335861 kmers
Used 367.829 GB / 1511.391 GB to store  49022367695 kmers; need 0.631 GB to sort     42356737 kmers
Used 367.962 GB / 1511.391 GB to store  49044529751 kmers; need 0.631 GB to sort     42375919 kmers
Used 368.095 GB / 1511.391 GB to store  49066691807 kmers; need 0.632 GB to sort     42394118 kmers
Used 368.228 GB / 1511.391 GB to store  49088853863 kmers; need 0.632 GB to sort     42413020 kmers
Used 368.362 GB / 1511.391 GB to store  49111015919 kmers; need 0.632 GB to sort     42431364 kmers
Used 368.495 GB / 1511.391 GB to store  49133177975 kmers; need 0.633 GB to sort     42449262 kmers
Used 368.620 GB / 1511.391 GB to store  49153757027 kmers; need 0.633 GB to sort     42466236 kmers
Used 368.752 GB / 1511.391 GB to store  49175919083 kmers; need 0.633 GB to sort     42484286 kmers
Used 368.885 GB / 1511.391 GB to store  49198081139 kmers; need 0.633 GB to sort     42503067 kmers
Used 369.019 GB / 1511.391 GB to store  49220243195 kmers; need 0.634 GB to sort     42521904 kmers
Used 369.152 GB / 1511.391 GB to store  49242405251 kmers; need 0.634 GB to sort     42540860 kmers
Used 369.285 GB / 1511.391 GB to store  49264567307 kmers; need 0.634 GB to sort     42560224 kmers
Used 369.418 GB / 1511.391 GB to store  49286729363 kmers; need 0.634 GB to sort     42578495 kmers
Used 369.551 GB / 1511.391 GB to store  49308891419 kmers; need 0.635 GB to sort     42597357 kmers
Used 369.684 GB / 1511.391 GB to store  49331053475 kmers; need 0.635 GB to sort     42616229 kmers
Used 369.816 GB / 1511.391 GB to store  49353215531 kmers; need 0.635 GB to sort     42634478 kmers
Used 369.950 GB / 1511.391 GB to store  49375377535 kmers; need 0.636 GB to sort     42653753 kmers
Used 370.083 GB / 1511.391 GB to store  49397539591 kmers; need 0.636 GB to sort     42673245 kmers
Used 370.217 GB / 1511.391 GB to store  49419701647 kmers; need 0.636 GB to sort     42692322 kmers
Used 370.350 GB / 1511.391 GB to store  49441863703 kmers; need 0.636 GB to sort     42711832 kmers
Used 370.483 GB / 1511.391 GB to store  49464025759 kmers; need 0.637 GB to sort     42731039 kmers
Used 370.616 GB / 1511.391 GB to store  49486187815 kmers; need 0.637 GB to sort     42750306 kmers
Used 370.749 GB / 1511.391 GB to store  49508349871 kmers; need 0.637 GB to sort     42769422 kmers
Used 370.882 GB / 1511.391 GB to store  49530511885 kmers; need 0.638 GB to sort     42789072 kmers
Used 371.015 GB / 1511.391 GB to store  49552673941 kmers; need 0.638 GB to sort     42808203 kmers
Used 371.149 GB / 1511.391 GB to store  49574835961 kmers; need 0.638 GB to sort     42827437 kmers
Used 371.282 GB / 1511.391 GB to store  49596998017 kmers; need 0.638 GB to sort     42847365 kmers
Used 371.415 GB / 1511.391 GB to store  49619160073 kmers; need 0.639 GB to sort     42867297 kmers
Used 371.548 GB / 1511.391 GB to store  49641322129 kmers; need 0.639 GB to sort     42885965 kmers
Used 371.681 GB / 1511.391 GB to store  49663484185 kmers; need 0.639 GB to sort     42905709 kmers
Used 371.815 GB / 1511.391 GB to store  49685646241 kmers; need 0.640 GB to sort     42924915 kmers
Used 371.947 GB / 1511.391 GB to store  49707808297 kmers; need 0.640 GB to sort     42944159 kmers
Used 372.081 GB / 1511.391 GB to store  49729970353 kmers; need 0.640 GB to sort     42963121 kmers
Used 372.213 GB / 1511.391 GB to store  49752132409 kmers; need 0.640 GB to sort     42982237 kmers
Used 372.346 GB / 1511.391 GB to store  49774294465 kmers; need 0.641 GB to sort     43001003 kmers
Used 372.479 GB / 1511.391 GB to store  49796456521 kmers; need 0.641 GB to sort     43019901 kmers
Used 372.611 GB / 1511.391 GB to store  49818618553 kmers; need 0.641 GB to sort     43038411 kmers
Used 372.743 GB / 1511.391 GB to store  49840780609 kmers; need 0.642 GB to sort     43057310 kmers
Used 372.875 GB / 1511.391 GB to store  49862942584 kmers; need 0.642 GB to sort     43076637 kmers
Used 373.007 GB / 1511.391 GB to store  49885104640 kmers; need 0.642 GB to sort     43096571 kmers
Used 373.141 GB / 1511.391 GB to store  49907266696 kmers; need 0.642 GB to sort     43115737 kmers
Used 373.275 GB / 1511.391 GB to store  49929428752 kmers; need 0.643 GB to sort     43135299 kmers
Used 373.408 GB / 1511.391 GB to store  49951590780 kmers; need 0.643 GB to sort     43155243 kmers
Used 373.541 GB / 1511.391 GB to store  49973752836 kmers; need 0.643 GB to sort     43174842 kmers
Used 373.675 GB / 1511.391 GB to store  49995914892 kmers; need 0.644 GB to sort     43194154 kmers
Used 373.808 GB / 1511.391 GB to store  50018076948 kmers; need 0.644 GB to sort     43214345 kmers
Used 373.942 GB / 1511.391 GB to store  50040239004 kmers; need 0.644 GB to sort     43233889 kmers
Used 374.076 GB / 1511.391 GB to store  50062401060 kmers; need 0.645 GB to sort     43253324 kmers
Used 374.209 GB / 1511.391 GB to store  50084563116 kmers; need 0.645 GB to sort     43273118 kmers
Used 374.342 GB / 1511.391 GB to store  50106725172 kmers; need 0.645 GB to sort     43292538 kmers
Used 374.467 GB / 1511.391 GB to store  50127304172 kmers; need 0.645 GB to sort     43311014 kmers
Used 374.599 GB / 1511.391 GB to store  50149466228 kmers; need 0.646 GB to sort     43330518 kmers
Used 374.734 GB / 1511.391 GB to store  50171628284 kmers; need 0.646 GB to sort     43349986 kmers
Used 374.867 GB / 1511.391 GB to store  50193790340 kmers; need 0.646 GB to sort     43370080 kmers
Used 375.000 GB / 1511.391 GB to store  50215952324 kmers; need 0.647 GB to sort     43389829 kmers
Used 375.133 GB / 1511.391 GB to store  50238114380 kmers; need 0.647 GB to sort     43409569 kmers
Used 375.266 GB / 1511.391 GB to store  50260276436 kmers; need 0.647 GB to sort     43428536 kmers
Used 375.400 GB / 1511.391 GB to store  50282438474 kmers; need 0.647 GB to sort     43448055 kmers
Used 375.534 GB / 1511.391 GB to store  50304600530 kmers; need 0.648 GB to sort     43467855 kmers
Used 375.668 GB / 1511.391 GB to store  50326762496 kmers; need 0.648 GB to sort     43486802 kmers
Used 375.801 GB / 1511.391 GB to store  50348924552 kmers; need 0.648 GB to sort     43507438 kmers
Used 375.934 GB / 1511.391 GB to store  50371086608 kmers; need 0.649 GB to sort     43526678 kmers
Used 376.068 GB / 1511.391 GB to store  50393248664 kmers; need 0.649 GB to sort     43546515 kmers
Used 376.201 GB / 1511.391 GB to store  50415410698 kmers; need 0.649 GB to sort     43566117 kmers
Used 376.334 GB / 1511.391 GB to store  50437572754 kmers; need 0.649 GB to sort     43586832 kmers
Used 376.466 GB / 1511.391 GB to store  50459734810 kmers; need 0.650 GB to sort     43607409 kmers
Used 376.600 GB / 1511.391 GB to store  50481896866 kmers; need 0.650 GB to sort     43628089 kmers
Used 376.734 GB / 1511.391 GB to store  50504058814 kmers; need 0.650 GB to sort     43648872 kmers
Used 376.868 GB / 1511.391 GB to store  50526220870 kmers; need 0.651 GB to sort     43669107 kmers
Used 377.001 GB / 1511.391 GB to store  50548382926 kmers; need 0.651 GB to sort     43689270 kmers
Used 377.134 GB / 1511.391 GB to store  50570544982 kmers; need 0.651 GB to sort     43709453 kmers
Used 377.266 GB / 1511.391 GB to store  50592706974 kmers; need 0.652 GB to sort     43730565 kmers
Used 377.401 GB / 1511.391 GB to store  50614869030 kmers; need 0.652 GB to sort     43750469 kmers
Used 377.534 GB / 1511.391 GB to store  50637031086 kmers; need 0.652 GB to sort     43769105 kmers
Used 377.667 GB / 1511.391 GB to store  50659193142 kmers; need 0.652 GB to sort     43787814 kmers
Used 377.801 GB / 1511.391 GB to store  50681355198 kmers; need 0.653 GB to sort     43806829 kmers
Used 377.934 GB / 1511.391 GB to store  50703517254 kmers; need 0.653 GB to sort     43825466 kmers
Used 378.067 GB / 1511.391 GB to store  50725679310 kmers; need 0.653 GB to sort     43844832 kmers
Used 378.200 GB / 1511.391 GB to store  50747841366 kmers; need 0.654 GB to sort     43863363 kmers
Used 378.333 GB / 1511.391 GB to store  50770003422 kmers; need 0.654 GB to sort     43881260 kmers
Used 378.466 GB / 1511.391 GB to store  50792165478 kmers; need 0.654 GB to sort     43900409 kmers
Used 378.600 GB / 1511.391 GB to store  50814327534 kmers; need 0.654 GB to sort     43919114 kmers
Used 378.733 GB / 1511.391 GB to store  50836489590 kmers; need 0.655 GB to sort     43938234 kmers
Used 378.866 GB / 1511.391 GB to store  50858651646 kmers; need 0.655 GB to sort     43956711 kmers
Used 379.000 GB / 1511.391 GB to store  50880813702 kmers; need 0.655 GB to sort     43976058 kmers
Used 379.133 GB / 1511.391 GB to store  50902975758 kmers; need 0.656 GB to sort     43994498 kmers
Used 379.267 GB / 1511.391 GB to store  50925137814 kmers; need 0.656 GB to sort     44013201 kmers
Used 379.401 GB / 1511.391 GB to store  50947299870 kmers; need 0.656 GB to sort     44032288 kmers
Used 379.534 GB / 1511.391 GB to store  50969461926 kmers; need 0.656 GB to sort     44051681 kmers
Used 379.659 GB / 1511.391 GB to store  50990040978 kmers; need 0.657 GB to sort     44069466 kmers
Used 379.791 GB / 1511.391 GB to store  51012203034 kmers; need 0.657 GB to sort     44088951 kmers
Used 379.924 GB / 1511.391 GB to store  51034365090 kmers; need 0.657 GB to sort     44107894 kmers
Used 380.059 GB / 1511.391 GB to store  51056527146 kmers; need 0.658 GB to sort     44127367 kmers
Used 380.191 GB / 1511.391 GB to store  51078689202 kmers; need 0.658 GB to sort     44147182 kmers
Used 380.324 GB / 1511.391 GB to store  51100851258 kmers; need 0.658 GB to sort     44166757 kmers
Used 380.456 GB / 1511.391 GB to store  51123013314 kmers; need 0.658 GB to sort     44186170 kmers
Used 380.589 GB / 1511.391 GB to store  51145175370 kmers; need 0.659 GB to sort     44206024 kmers
Used 380.722 GB / 1511.391 GB to store  51167337426 kmers; need 0.659 GB to sort     44224762 kmers
Used 380.855 GB / 1511.391 GB to store  51189499482 kmers; need 0.659 GB to sort     44244563 kmers
Used 380.988 GB / 1511.391 GB to store  51211661538 kmers; need 0.660 GB to sort     44263742 kmers
Used 381.121 GB / 1511.391 GB to store  51233823594 kmers; need 0.660 GB to sort     44283470 kmers
Used 381.254 GB / 1511.391 GB to store  51255985650 kmers; need 0.660 GB to sort     44303017 kmers
Used 381.388 GB / 1511.391 GB to store  51278147706 kmers; need 0.660 GB to sort     44321923 kmers
Used 381.521 GB / 1511.391 GB to store  51300309762 kmers; need 0.661 GB to sort     44341811 kmers
Used 381.655 GB / 1511.391 GB to store  51322471758 kmers; need 0.661 GB to sort     44360715 kmers
Used 381.788 GB / 1511.391 GB to store  51344633814 kmers; need 0.661 GB to sort     44379915 kmers
Used 381.921 GB / 1511.391 GB to store  51366795870 kmers; need 0.662 GB to sort     44399607 kmers
Used 382.055 GB / 1511.391 GB to store  51388957926 kmers; need 0.662 GB to sort     44418558 kmers
Used 382.187 GB / 1511.391 GB to store  51411119880 kmers; need 0.662 GB to sort     44437103 kmers
Used 382.321 GB / 1511.391 GB to store  51433281936 kmers; need 0.662 GB to sort     44456954 kmers
Used 382.454 GB / 1511.391 GB to store  51455443992 kmers; need 0.663 GB to sort     44476143 kmers
Used 382.587 GB / 1511.391 GB to store  51477606048 kmers; need 0.663 GB to sort     44495333 kmers
Used 382.721 GB / 1511.391 GB to store  51499768104 kmers; need 0.663 GB to sort     44514212 kmers
Used 382.854 GB / 1511.391 GB to store  51521930160 kmers; need 0.664 GB to sort     44533709 kmers
Used 382.987 GB / 1511.391 GB to store  51544092216 kmers; need 0.664 GB to sort     44552656 kmers
Used 383.121 GB / 1511.391 GB to store  51566254260 kmers; need 0.664 GB to sort     44572852 kmers
Used 383.254 GB / 1511.391 GB to store  51588416316 kmers; need 0.664 GB to sort     44592212 kmers
Used 383.388 GB / 1511.391 GB to store  51610578372 kmers; need 0.665 GB to sort     44611501 kmers
Used 383.513 GB / 1511.391 GB to store  51631157424 kmers; need 0.665 GB to sort     44629435 kmers
Used 383.645 GB / 1511.391 GB to store  51653319477 kmers; need 0.665 GB to sort     44648925 kmers
Used 383.778 GB / 1511.391 GB to store  51675481533 kmers; need 0.666 GB to sort     44667808 kmers
Used 383.903 GB / 1511.391 GB to store  51696060585 kmers; need 0.666 GB to sort     44686902 kmers
Used 384.037 GB / 1511.391 GB to store  51718222641 kmers; need 0.666 GB to sort     44706809 kmers
Used 384.170 GB / 1511.391 GB to store  51740384669 kmers; need 0.666 GB to sort     44726601 kmers
Used 384.303 GB / 1511.391 GB to store  51762546725 kmers; need 0.667 GB to sort     44745937 kmers
Used 384.437 GB / 1511.391 GB to store  51784708781 kmers; need 0.667 GB to sort     44766623 kmers
Used 384.570 GB / 1511.391 GB to store  51806870837 kmers; need 0.667 GB to sort     44786017 kmers
Used 384.703 GB / 1511.391 GB to store  51829032890 kmers; need 0.668 GB to sort     44805152 kmers
Used 384.837 GB / 1511.391 GB to store  51851194946 kmers; need 0.668 GB to sort     44824779 kmers
Used 384.969 GB / 1511.391 GB to store  51873357002 kmers; need 0.668 GB to sort     44844107 kmers
Used 385.102 GB / 1511.391 GB to store  51895519058 kmers; need 0.669 GB to sort     44863668 kmers
Used 385.235 GB / 1511.391 GB to store  51917681094 kmers; need 0.669 GB to sort     44883758 kmers
Used 385.368 GB / 1511.391 GB to store  51939843150 kmers; need 0.669 GB to sort     44902885 kmers
Used 385.502 GB / 1511.391 GB to store  51962005206 kmers; need 0.669 GB to sort     44921530 kmers
Used 385.627 GB / 1511.391 GB to store  51982584258 kmers; need 0.670 GB to sort     44939356 kmers
Used 385.761 GB / 1511.391 GB to store  52004746314 kmers; need 0.670 GB to sort     44958759 kmers
Used 385.893 GB / 1511.391 GB to store  52026908370 kmers; need 0.670 GB to sort     44978114 kmers
Used 386.027 GB / 1511.391 GB to store  52049070426 kmers; need 0.671 GB to sort     44997963 kmers
Used 386.152 GB / 1511.391 GB to store  52069649478 kmers; need 0.671 GB to sort     45016629 kmers
Used 386.283 GB / 1511.391 GB to store  52091811534 kmers; need 0.671 GB to sort     45036731 kmers
Used 386.416 GB / 1511.391 GB to store  52113973486 kmers; need 0.671 GB to sort     45056634 kmers
Used 386.548 GB / 1511.391 GB to store  52136135542 kmers; need 0.672 GB to sort     45076384 kmers
Used 386.681 GB / 1511.391 GB to store  52158297598 kmers; need 0.672 GB to sort     45096398 kmers
Used 386.814 GB / 1511.391 GB to store  52180459654 kmers; need 0.672 GB to sort     45116220 kmers
Used 386.945 GB / 1511.391 GB to store  52202621678 kmers; need 0.673 GB to sort     45136467 kmers
Used 387.079 GB / 1511.391 GB to store  52224783734 kmers; need 0.673 GB to sort     45156666 kmers
Used 387.211 GB / 1511.391 GB to store  52246945790 kmers; need 0.673 GB to sort     45177124 kmers
Used 387.345 GB / 1511.391 GB to store  52269107846 kmers; need 0.673 GB to sort     45197137 kmers
Used 387.478 GB / 1511.391 GB to store  52291269824 kmers; need 0.674 GB to sort     45217405 kmers
Used 387.612 GB / 1511.391 GB to store  52313431880 kmers; need 0.674 GB to sort     45238803 kmers
Used 387.745 GB / 1511.391 GB to store  52335593936 kmers; need 0.674 GB to sort     45257381 kmers
Used 387.879 GB / 1511.391 GB to store  52357755992 kmers; need 0.675 GB to sort     45275450 kmers
Used 388.012 GB / 1511.391 GB to store  52379918048 kmers; need 0.675 GB to sort     45293493 kmers
Used 388.137 GB / 1511.391 GB to store  52400497100 kmers; need 0.675 GB to sort     45311003 kmers
Used 388.262 GB / 1511.391 GB to store  52421076152 kmers; need 0.675 GB to sort     45328456 kmers
Used 388.395 GB / 1511.391 GB to store  52443238208 kmers; need 0.676 GB to sort     45346349 kmers
Used 388.520 GB / 1511.391 GB to store  52463817260 kmers; need 0.676 GB to sort     45364820 kmers
Used 388.654 GB / 1511.391 GB to store  52485979316 kmers; need 0.676 GB to sort     45383495 kmers
Used 388.787 GB / 1511.391 GB to store  52508141372 kmers; need 0.677 GB to sort     45401420 kmers
Used 388.920 GB / 1511.391 GB to store  52530303428 kmers; need 0.677 GB to sort     45420642 kmers
Used 389.053 GB / 1511.391 GB to store  52552465484 kmers; need 0.677 GB to sort     45439142 kmers
Used 389.187 GB / 1511.391 GB to store  52574627540 kmers; need 0.677 GB to sort     45457115 kmers
Used 389.311 GB / 1511.391 GB to store  52595206592 kmers; need 0.678 GB to sort     45474689 kmers
Used 389.445 GB / 1511.391 GB to store  52617368618 kmers; need 0.678 GB to sort     45494094 kmers
Used 389.577 GB / 1511.391 GB to store  52639530674 kmers; need 0.678 GB to sort     45512596 kmers
Used 389.711 GB / 1511.391 GB to store  52661692730 kmers; need 0.678 GB to sort     45532308 kmers
Used 389.842 GB / 1511.391 GB to store  52683854786 kmers; need 0.679 GB to sort     45551498 kmers
Used 389.976 GB / 1511.391 GB to store  52706016671 kmers; need 0.679 GB to sort     45570363 kmers
Used 390.101 GB / 1511.391 GB to store  52726595723 kmers; need 0.679 GB to sort     45587826 kmers
Used 390.226 GB / 1511.391 GB to store  52747174775 kmers; need 0.680 GB to sort     45605389 kmers
Used 390.359 GB / 1511.391 GB to store  52769336831 kmers; need 0.680 GB to sort     45624364 kmers
Used 390.484 GB / 1511.391 GB to store  52789915883 kmers; need 0.680 GB to sort     45641662 kmers
Used 390.617 GB / 1511.391 GB to store  52812077939 kmers; need 0.680 GB to sort     45661059 kmers
Used 390.750 GB / 1511.391 GB to store  52834239995 kmers; need 0.681 GB to sort     45680118 kmers
Used 390.876 GB / 1511.391 GB to store  52854818969 kmers; need 0.681 GB to sort     45697007 kmers
Used 391.007 GB / 1511.391 GB to store  52876981025 kmers; need 0.681 GB to sort     45715952 kmers
Used 391.132 GB / 1511.391 GB to store  52897560077 kmers; need 0.681 GB to sort     45733667 kmers
Used 391.266 GB / 1511.391 GB to store  52919722133 kmers; need 0.682 GB to sort     45752824 kmers
Used 391.398 GB / 1511.391 GB to store  52941884183 kmers; need 0.682 GB to sort     45772555 kmers
Used 391.532 GB / 1511.391 GB to store  52964046202 kmers; need 0.682 GB to sort     45792071 kmers
Used 391.664 GB / 1511.391 GB to store  52986208258 kmers; need 0.683 GB to sort     45812115 kmers
Used 391.798 GB / 1511.391 GB to store  53008370314 kmers; need 0.683 GB to sort     45830885 kmers
Used 391.931 GB / 1511.391 GB to store  53030532358 kmers; need 0.683 GB to sort     45849686 kmers
Used 392.064 GB / 1511.391 GB to store  53052694414 kmers; need 0.684 GB to sort     45868942 kmers
Used 392.197 GB / 1511.391 GB to store  53074856470 kmers; need 0.684 GB to sort     45887822 kmers
Used 392.329 GB / 1511.391 GB to store  53097018526 kmers; need 0.684 GB to sort     45907010 kmers
Used 392.463 GB / 1511.391 GB to store  53119180582 kmers; need 0.684 GB to sort     45925630 kmers
Used 392.597 GB / 1511.391 GB to store  53141342638 kmers; need 0.685 GB to sort     45944927 kmers
Used 392.729 GB / 1511.391 GB to store  53163504694 kmers; need 0.685 GB to sort     45964183 kmers
Used 392.862 GB / 1511.391 GB to store  53185666732 kmers; need 0.685 GB to sort     45983515 kmers
Used 392.995 GB / 1511.391 GB to store  53207828767 kmers; need 0.685 GB to sort     46002866 kmers
Used 393.121 GB / 1511.391 GB to store  53228407749 kmers; need 0.686 GB to sort     46021768 kmers
Used 393.253 GB / 1511.391 GB to store  53250569805 kmers; need 0.686 GB to sort     46041714 kmers
Used 393.387 GB / 1511.391 GB to store  53272731861 kmers; need 0.686 GB to sort     46061806 kmers
Used 393.521 GB / 1511.391 GB to store  53294893917 kmers; need 0.687 GB to sort     46081021 kmers
Used 393.655 GB / 1511.391 GB to store  53317055925 kmers; need 0.687 GB to sort     46099729 kmers
Used 393.789 GB / 1511.391 GB to store  53339217981 kmers; need 0.687 GB to sort     46119390 kmers
Used 393.922 GB / 1511.391 GB to store  53361380001 kmers; need 0.688 GB to sort     46139679 kmers
Used 394.057 GB / 1511.391 GB to store  53383542057 kmers; need 0.688 GB to sort     46159665 kmers
Used 394.190 GB / 1511.391 GB to store  53405704113 kmers; need 0.688 GB to sort     46179511 kmers
Used 394.324 GB / 1511.391 GB to store  53427866169 kmers; need 0.688 GB to sort     46199576 kmers
Used 394.457 GB / 1511.391 GB to store  53450028210 kmers; need 0.689 GB to sort     46218783 kmers
Used 394.591 GB / 1511.391 GB to store  53472190266 kmers; need 0.689 GB to sort     46239210 kmers
Used 394.724 GB / 1511.391 GB to store  53494352322 kmers; need 0.689 GB to sort     46259154 kmers
Used 394.857 GB / 1511.391 GB to store  53516514378 kmers; need 0.690 GB to sort     46278679 kmers
Used 394.982 GB / 1511.391 GB to store  53537093412 kmers; need 0.690 GB to sort     46296983 kmers
Used 395.115 GB / 1511.391 GB to store  53559255468 kmers; need 0.690 GB to sort     46317110 kmers
Used 395.248 GB / 1511.391 GB to store  53581417524 kmers; need 0.690 GB to sort     46337562 kmers
Used 395.381 GB / 1511.391 GB to store  53603579580 kmers; need 0.691 GB to sort     46357202 kmers
Used 395.513 GB / 1511.391 GB to store  53625741616 kmers; need 0.691 GB to sort     46376642 kmers
Used 395.647 GB / 1511.391 GB to store  53647903672 kmers; need 0.691 GB to sort     46396657 kmers
Used 395.780 GB / 1511.391 GB to store  53670065728 kmers; need 0.692 GB to sort     46416253 kmers
Used 395.913 GB / 1511.391 GB to store  53692227784 kmers; need 0.692 GB to sort     46436177 kmers
Used 396.038 GB / 1511.391 GB to store  53712806808 kmers; need 0.692 GB to sort     46454847 kmers
Used 396.171 GB / 1511.391 GB to store  53734968864 kmers; need 0.693 GB to sort     46474893 kmers
Used 396.303 GB / 1511.391 GB to store  53757130920 kmers; need 0.693 GB to sort     46494614 kmers
Used 396.436 GB / 1511.391 GB to store  53779292976 kmers; need 0.693 GB to sort     46514516 kmers
Used 396.569 GB / 1511.391 GB to store  53801455024 kmers; need 0.693 GB to sort     46535074 kmers
Used 396.702 GB / 1511.391 GB to store  53823617080 kmers; need 0.694 GB to sort     46555516 kmers
Used 396.836 GB / 1511.391 GB to store  53845779136 kmers; need 0.694 GB to sort     46574940 kmers
Used 396.969 GB / 1511.391 GB to store  53867941192 kmers; need 0.694 GB to sort     46595738 kmers
Used 397.102 GB / 1511.391 GB to store  53890103248 kmers; need 0.695 GB to sort     46615336 kmers
Used 397.235 GB / 1511.391 GB to store  53912265236 kmers; need 0.695 GB to sort     46635255 kmers
Used 397.369 GB / 1511.391 GB to store  53934427292 kmers; need 0.695 GB to sort     46654979 kmers
Used 397.501 GB / 1511.391 GB to store  53956589348 kmers; need 0.696 GB to sort     46675663 kmers
Used 397.634 GB / 1511.391 GB to store  53978751404 kmers; need 0.696 GB to sort     46695516 kmers
Used 397.768 GB / 1511.391 GB to store  54000913460 kmers; need 0.696 GB to sort     46716246 kmers
Used 397.902 GB / 1511.391 GB to store  54023075516 kmers; need 0.696 GB to sort     46735809 kmers
Used 398.035 GB / 1511.391 GB to store  54045237520 kmers; need 0.697 GB to sort     46755960 kmers
Used 398.168 GB / 1511.391 GB to store  54067399576 kmers; need 0.697 GB to sort     46776701 kmers
Used 398.301 GB / 1511.391 GB to store  54089561632 kmers; need 0.697 GB to sort     46796332 kmers
Used 398.434 GB / 1511.391 GB to store  54111723688 kmers; need 0.698 GB to sort     46814494 kmers
Used 398.568 GB / 1511.391 GB to store  54133885717 kmers; need 0.698 GB to sort     46832451 kmers
Used 398.701 GB / 1511.391 GB to store  54156047773 kmers; need 0.698 GB to sort     46850814 kmers
Used 398.834 GB / 1511.391 GB to store  54178209829 kmers; need 0.698 GB to sort     46869338 kmers
Used 398.968 GB / 1511.391 GB to store  54200371885 kmers; need 0.699 GB to sort     46888561 kmers
Used 399.101 GB / 1511.391 GB to store  54222533941 kmers; need 0.699 GB to sort     46907503 kmers
Used 399.235 GB / 1511.391 GB to store  54244695997 kmers; need 0.699 GB to sort     46926603 kmers
Used 399.369 GB / 1511.391 GB to store  54266858053 kmers; need 0.700 GB to sort     46945449 kmers
Used 399.503 GB / 1511.391 GB to store  54289019893 kmers; need 0.700 GB to sort     46965326 kmers
Used 399.636 GB / 1511.391 GB to store  54311181949 kmers; need 0.700 GB to sort     46986474 kmers
Used 399.769 GB / 1511.391 GB to store  54333344005 kmers; need 0.700 GB to sort     47006127 kmers
Used 399.904 GB / 1511.391 GB to store  54355506061 kmers; need 0.701 GB to sort     47024810 kmers
Used 400.037 GB / 1511.391 GB to store  54377668099 kmers; need 0.701 GB to sort     47044720 kmers
Used 400.171 GB / 1511.391 GB to store  54399830155 kmers; need 0.701 GB to sort     47064976 kmers
Used 400.304 GB / 1511.391 GB to store  54421992211 kmers; need 0.702 GB to sort     47084364 kmers
Used 400.438 GB / 1511.391 GB to store  54444154267 kmers; need 0.702 GB to sort     47103792 kmers
Used 400.563 GB / 1511.391 GB to store  54464733319 kmers; need 0.702 GB to sort     47121145 kmers
Used 400.695 GB / 1511.391 GB to store  54486895375 kmers; need 0.702 GB to sort     47140997 kmers
Used 400.828 GB / 1511.391 GB to store  54509057431 kmers; need 0.703 GB to sort     47160510 kmers
Used 400.962 GB / 1511.391 GB to store  54531219467 kmers; need 0.703 GB to sort     47179856 kmers
Used 401.095 GB / 1511.391 GB to store  54553381523 kmers; need 0.703 GB to sort     47200306 kmers
Used 401.229 GB / 1511.391 GB to store  54575543567 kmers; need 0.704 GB to sort     47220520 kmers
Used 401.362 GB / 1511.391 GB to store  54597705623 kmers; need 0.704 GB to sort     47240131 kmers
Used 401.495 GB / 1511.391 GB to store  54619867679 kmers; need 0.704 GB to sort     47259808 kmers
Used 401.628 GB / 1511.391 GB to store  54642029735 kmers; need 0.705 GB to sort     47278851 kmers
Used 401.762 GB / 1511.391 GB to store  54664191791 kmers; need 0.705 GB to sort     47298181 kmers
Used 401.895 GB / 1511.391 GB to store  54686353847 kmers; need 0.705 GB to sort     47318104 kmers
Used 402.028 GB / 1511.391 GB to store  54708515903 kmers; need 0.705 GB to sort     47337822 kmers
Used 402.161 GB / 1511.391 GB to store  54730677959 kmers; need 0.706 GB to sort     47356785 kmers
Used 402.294 GB / 1511.391 GB to store  54752840015 kmers; need 0.706 GB to sort     47376499 kmers
Used 402.426 GB / 1511.391 GB to store  54775002071 kmers; need 0.706 GB to sort     47395003 kmers
Used 402.560 GB / 1511.391 GB to store  54797164127 kmers; need 0.707 GB to sort     47414232 kmers
Used 402.692 GB / 1511.391 GB to store  54819326174 kmers; need 0.707 GB to sort     47434039 kmers
Used 402.825 GB / 1511.391 GB to store  54841488230 kmers; need 0.707 GB to sort     47453342 kmers
Used 402.958 GB / 1511.391 GB to store  54863650286 kmers; need 0.707 GB to sort     47472607 kmers
Used 403.091 GB / 1511.391 GB to store  54885812342 kmers; need 0.708 GB to sort     47493266 kmers
Used 403.225 GB / 1511.391 GB to store  54907974398 kmers; need 0.708 GB to sort     47513331 kmers
Used 403.359 GB / 1511.391 GB to store  54930136454 kmers; need 0.708 GB to sort     47532987 kmers
Used 403.492 GB / 1511.391 GB to store  54952298510 kmers; need 0.709 GB to sort     47552461 kmers
Used 403.624 GB / 1511.391 GB to store  54974460566 kmers; need 0.709 GB to sort     47572892 kmers
Used 403.758 GB / 1511.391 GB to store  54996622620 kmers; need 0.709 GB to sort     47591813 kmers
Used 403.890 GB / 1511.391 GB to store  55018784676 kmers; need 0.709 GB to sort     47610559 kmers
Used 404.023 GB / 1511.391 GB to store  55040946732 kmers; need 0.710 GB to sort     47630793 kmers
Used 404.155 GB / 1511.391 GB to store  55063108788 kmers; need 0.710 GB to sort     47650380 kmers
Used 404.281 GB / 1511.391 GB to store  55083687840 kmers; need 0.710 GB to sort     47668982 kmers
Used 404.414 GB / 1511.391 GB to store  55105849896 kmers; need 0.711 GB to sort     47688301 kmers
Used 404.548 GB / 1511.391 GB to store  55128011940 kmers; need 0.711 GB to sort     47708426 kmers
Used 404.682 GB / 1511.391 GB to store  55150173996 kmers; need 0.711 GB to sort     47728371 kmers
Used 404.815 GB / 1511.391 GB to store  55172336052 kmers; need 0.711 GB to sort     47746826 kmers
Used 404.948 GB / 1511.391 GB to store  55194498108 kmers; need 0.712 GB to sort     47766572 kmers
Used 405.082 GB / 1511.391 GB to store  55216660141 kmers; need 0.712 GB to sort     47786361 kmers
Used 405.207 GB / 1511.391 GB to store  55237239193 kmers; need 0.712 GB to sort     47804649 kmers
Used 405.339 GB / 1511.391 GB to store  55259401189 kmers; need 0.713 GB to sort     47825672 kmers
Used 405.472 GB / 1511.391 GB to store  55281563245 kmers; need 0.713 GB to sort     47846036 kmers
Used 405.603 GB / 1511.391 GB to store  55303725301 kmers; need 0.713 GB to sort     47865756 kmers
Used 405.737 GB / 1511.391 GB to store  55325887357 kmers; need 0.714 GB to sort     47885582 kmers
Used 405.872 GB / 1511.391 GB to store  55348049347 kmers; need 0.714 GB to sort     47906426 kmers
Used 406.006 GB / 1511.391 GB to store  55370211403 kmers; need 0.714 GB to sort     47926376 kmers
Used 406.138 GB / 1511.391 GB to store  55392373459 kmers; need 0.714 GB to sort     47946683 kmers
Used 406.271 GB / 1511.391 GB to store  55414535515 kmers; need 0.715 GB to sort     47967113 kmers
Used 406.403 GB / 1511.391 GB to store  55436697571 kmers; need 0.715 GB to sort     47987827 kmers
Used 406.537 GB / 1511.391 GB to store  55458859627 kmers; need 0.715 GB to sort     48008383 kmers
Used 406.671 GB / 1511.391 GB to store  55481021683 kmers; need 0.716 GB to sort     48028799 kmers
Used 406.804 GB / 1511.391 GB to store  55503183737 kmers; need 0.716 GB to sort     48048822 kmers
Used 406.937 GB / 1511.391 GB to store  55525345793 kmers; need 0.716 GB to sort     48068803 kmers
Used 407.071 GB / 1511.391 GB to store  55547507849 kmers; need 0.717 GB to sort     48088878 kmers
Used 407.205 GB / 1511.391 GB to store  55569669905 kmers; need 0.717 GB to sort     48109849 kmers
Used 407.338 GB / 1511.391 GB to store  55591831961 kmers; need 0.717 GB to sort     48129711 kmers
Used 407.471 GB / 1511.391 GB to store  55613994017 kmers; need 0.717 GB to sort     48148291 kmers
Used 407.603 GB / 1511.391 GB to store  55636156073 kmers; need 0.718 GB to sort     48167897 kmers
Used 407.737 GB / 1511.391 GB to store  55658318129 kmers; need 0.718 GB to sort     48185641 kmers
Used 407.862 GB / 1511.391 GB to store  55678897181 kmers; need 0.718 GB to sort     48203165 kmers
Used 407.996 GB / 1511.391 GB to store  55701059237 kmers; need 0.719 GB to sort     48222325 kmers
Used 408.129 GB / 1511.391 GB to store  55723221287 kmers; need 0.719 GB to sort     48241484 kmers
Used 408.262 GB / 1511.391 GB to store  55745383343 kmers; need 0.719 GB to sort     48260230 kmers
Used 408.395 GB / 1511.391 GB to store  55767545399 kmers; need 0.719 GB to sort     48279670 kmers
Used 408.528 GB / 1511.391 GB to store  55789707389 kmers; need 0.720 GB to sort     48298718 kmers
Used 408.661 GB / 1511.391 GB to store  55811869445 kmers; need 0.720 GB to sort     48317578 kmers
Used 408.794 GB / 1511.391 GB to store  55834031349 kmers; need 0.720 GB to sort     48337675 kmers
Used 408.927 GB / 1511.391 GB to store  55856193405 kmers; need 0.721 GB to sort     48357995 kmers
Used 409.052 GB / 1511.391 GB to store  55876772457 kmers; need 0.721 GB to sort     48376524 kmers
Used 409.185 GB / 1511.391 GB to store  55898934513 kmers; need 0.721 GB to sort     48395427 kmers
Used 409.318 GB / 1511.391 GB to store  55921096545 kmers; need 0.721 GB to sort     48415024 kmers
Used 409.452 GB / 1511.391 GB to store  55943258601 kmers; need 0.722 GB to sort     48434294 kmers
Used 409.585 GB / 1511.391 GB to store  55965420600 kmers; need 0.722 GB to sort     48453007 kmers
Used 409.718 GB / 1511.391 GB to store  55987582656 kmers; need 0.722 GB to sort     48472034 kmers
Used 409.851 GB / 1511.391 GB to store  56009744712 kmers; need 0.723 GB to sort     48490988 kmers
Used 409.984 GB / 1511.391 GB to store  56031906768 kmers; need 0.723 GB to sort     48510385 kmers
Used 410.109 GB / 1511.391 GB to store  56052485820 kmers; need 0.723 GB to sort     48527676 kmers
Used 410.242 GB / 1511.391 GB to store  56074647876 kmers; need 0.723 GB to sort     48546757 kmers
Used 410.375 GB / 1511.391 GB to store  56096809932 kmers; need 0.724 GB to sort     48566099 kmers
Used 410.500 GB / 1511.391 GB to store  56117388984 kmers; need 0.724 GB to sort     48583870 kmers
Used 410.634 GB / 1511.391 GB to store  56139551040 kmers; need 0.724 GB to sort     48603753 kmers
Used 410.767 GB / 1511.391 GB to store  56161713096 kmers; need 0.725 GB to sort     48623398 kmers
Used 410.901 GB / 1511.391 GB to store  56183875152 kmers; need 0.725 GB to sort     48642245 kmers
Used 411.034 GB / 1511.391 GB to store  56206037208 kmers; need 0.725 GB to sort     48661751 kmers
Used 411.167 GB / 1511.391 GB to store  56228199264 kmers; need 0.725 GB to sort     48681097 kmers
Used 411.301 GB / 1511.391 GB to store  56250361320 kmers; need 0.726 GB to sort     48700418 kmers
Used 411.433 GB / 1511.391 GB to store  56272523376 kmers; need 0.726 GB to sort     48719758 kmers
Used 411.566 GB / 1511.391 GB to store  56294685429 kmers; need 0.726 GB to sort     48739103 kmers
Used 411.700 GB / 1511.391 GB to store  56316847485 kmers; need 0.727 GB to sort     48758153 kmers
Used 411.835 GB / 1511.391 GB to store  56339009541 kmers; need 0.727 GB to sort     48777708 kmers
Used 411.967 GB / 1511.391 GB to store  56361171597 kmers; need 0.727 GB to sort     48797021 kmers
Used 412.101 GB / 1511.391 GB to store  56383333653 kmers; need 0.727 GB to sort     48815863 kmers
Used 412.233 GB / 1511.391 GB to store  56405495709 kmers; need 0.728 GB to sort     48835478 kmers
Used 412.366 GB / 1511.391 GB to store  56427657765 kmers; need 0.728 GB to sort     48855112 kmers
Used 412.500 GB / 1511.391 GB to store  56449819821 kmers; need 0.728 GB to sort     48875002 kmers
Used 412.633 GB / 1511.391 GB to store  56471981877 kmers; need 0.729 GB to sort     48894944 kmers
Used 412.766 GB / 1511.391 GB to store  56494143933 kmers; need 0.729 GB to sort     48913982 kmers
Used 412.899 GB / 1511.391 GB to store  56516305989 kmers; need 0.729 GB to sort     48933838 kmers
Used 413.033 GB / 1511.391 GB to store  56538468043 kmers; need 0.729 GB to sort     48953308 kmers
Used 413.167 GB / 1511.391 GB to store  56560630099 kmers; need 0.730 GB to sort     48973013 kmers
Used 413.300 GB / 1511.391 GB to store  56582792155 kmers; need 0.730 GB to sort     48992326 kmers
Used 413.433 GB / 1511.391 GB to store  56604954211 kmers; need 0.730 GB to sort     49012301 kmers
Used 413.567 GB / 1511.391 GB to store  56627116246 kmers; need 0.731 GB to sort     49031419 kmers
Used 413.700 GB / 1511.391 GB to store  56649278302 kmers; need 0.731 GB to sort     49050801 kmers
Used 413.834 GB / 1511.391 GB to store  56671440358 kmers; need 0.731 GB to sort     49070485 kmers
Used 413.967 GB / 1511.391 GB to store  56693602414 kmers; need 0.732 GB to sort     49090177 kmers
Used 414.101 GB / 1511.391 GB to store  56715764454 kmers; need 0.732 GB to sort     49109758 kmers
Used 414.225 GB / 1511.391 GB to store  56736343506 kmers; need 0.732 GB to sort     49127726 kmers
Used 414.359 GB / 1511.391 GB to store  56758505562 kmers; need 0.732 GB to sort     49147231 kmers
Used 414.492 GB / 1511.391 GB to store  56780667618 kmers; need 0.733 GB to sort     49167298 kmers
Used 414.625 GB / 1511.391 GB to store  56802829674 kmers; need 0.733 GB to sort     49187276 kmers
Used 414.759 GB / 1511.391 GB to store  56824991730 kmers; need 0.733 GB to sort     49207279 kmers
Used 414.892 GB / 1511.391 GB to store  56847153786 kmers; need 0.734 GB to sort     49226573 kmers
Used 415.017 GB / 1511.391 GB to store  56867732838 kmers; need 0.734 GB to sort     49244456 kmers
Used 415.150 GB / 1511.391 GB to store  56889894874 kmers; need 0.734 GB to sort     49264118 kmers
Used 415.282 GB / 1511.391 GB to store  56912056930 kmers; need 0.734 GB to sort     49283850 kmers
Used 415.415 GB / 1511.391 GB to store  56934218986 kmers; need 0.735 GB to sort     49304076 kmers
Used 415.549 GB / 1511.391 GB to store  56956381036 kmers; need 0.735 GB to sort     49323482 kmers
Used 415.681 GB / 1511.391 GB to store  56978543088 kmers; need 0.735 GB to sort     49343021 kmers
Used 415.815 GB / 1511.391 GB to store  57000705144 kmers; need 0.736 GB to sort     49363322 kmers
Used 415.940 GB / 1511.391 GB to store  57021284196 kmers; need 0.736 GB to sort     49381970 kmers
Used 416.073 GB / 1511.391 GB to store  57043446252 kmers; need 0.736 GB to sort     49402441 kmers
Used 416.205 GB / 1511.391 GB to store  57065608308 kmers; need 0.736 GB to sort     49422400 kmers
Used 416.338 GB / 1511.391 GB to store  57087770364 kmers; need 0.737 GB to sort     49442365 kmers
Used 416.470 GB / 1511.391 GB to store  57109932420 kmers; need 0.737 GB to sort     49461705 kmers
Used 416.604 GB / 1511.391 GB to store  57132094384 kmers; need 0.737 GB to sort     49482199 kmers
Used 416.738 GB / 1511.391 GB to store  57154256440 kmers; need 0.738 GB to sort     49502627 kmers
Used 416.871 GB / 1511.391 GB to store  57176418496 kmers; need 0.738 GB to sort     49522689 kmers
Used 417.005 GB / 1511.391 GB to store  57198580552 kmers; need 0.738 GB to sort     49542764 kmers
Used 417.139 GB / 1511.391 GB to store  57220742392 kmers; need 0.739 GB to sort     49563596 kmers
Used 417.271 GB / 1511.391 GB to store  57242904448 kmers; need 0.739 GB to sort     49583762 kmers
Used 417.404 GB / 1511.391 GB to store  57265066504 kmers; need 0.739 GB to sort     49604120 kmers
Used 417.537 GB / 1511.391 GB to store  57287228560 kmers; need 0.739 GB to sort     49624539 kmers
Used 417.669 GB / 1511.391 GB to store  57309390558 kmers; need 0.740 GB to sort     49644809 kmers
Used 417.803 GB / 1511.391 GB to store  57331552614 kmers; need 0.740 GB to sort     49664137 kmers
Used 417.936 GB / 1511.391 GB to store  57353714670 kmers; need 0.740 GB to sort     49683560 kmers
Used 418.070 GB / 1511.391 GB to store  57375876726 kmers; need 0.741 GB to sort     49702663 kmers
Used 418.204 GB / 1511.391 GB to store  57398038767 kmers; need 0.741 GB to sort     49721649 kmers
Used 418.338 GB / 1511.391 GB to store  57420200823 kmers; need 0.741 GB to sort     49740585 kmers
Used 418.472 GB / 1511.391 GB to store  57442362879 kmers; need 0.741 GB to sort     49759072 kmers
Used 418.605 GB / 1511.391 GB to store  57464524935 kmers; need 0.742 GB to sort     49778380 kmers
Used 418.738 GB / 1511.391 GB to store  57486686991 kmers; need 0.742 GB to sort     49797151 kmers
Used 418.872 GB / 1511.391 GB to store  57508849047 kmers; need 0.742 GB to sort     49815493 kmers
Used 418.997 GB / 1511.391 GB to store  57529428099 kmers; need 0.743 GB to sort     49833465 kmers
Used 419.131 GB / 1511.391 GB to store  57551590155 kmers; need 0.743 GB to sort     49851814 kmers
Used 419.265 GB / 1511.391 GB to store  57573752211 kmers; need 0.743 GB to sort     49871013 kmers
Used 419.398 GB / 1511.391 GB to store  57595914267 kmers; need 0.743 GB to sort     49890155 kmers
Used 419.531 GB / 1511.391 GB to store  57618076323 kmers; need 0.744 GB to sort     49908587 kmers
Used 419.664 GB / 1511.391 GB to store  57640238367 kmers; need 0.744 GB to sort     49927646 kmers
Used 419.798 GB / 1511.391 GB to store  57662400423 kmers; need 0.744 GB to sort     49946908 kmers
Used 419.932 GB / 1511.391 GB to store  57684562479 kmers; need 0.745 GB to sort     49966456 kmers
Used 420.057 GB / 1511.391 GB to store  57705141531 kmers; need 0.745 GB to sort     49983905 kmers
Used 420.190 GB / 1511.391 GB to store  57727303587 kmers; need 0.745 GB to sort     50002899 kmers
Used 420.322 GB / 1511.391 GB to store  57749465643 kmers; need 0.745 GB to sort     50022681 kmers
Used 420.455 GB / 1511.391 GB to store  57771627699 kmers; need 0.746 GB to sort     50041728 kmers
Used 420.588 GB / 1511.391 GB to store  57793789755 kmers; need 0.746 GB to sort     50061426 kmers
Used 420.722 GB / 1511.391 GB to store  57815951811 kmers; need 0.746 GB to sort     50080941 kmers
Used 420.855 GB / 1511.391 GB to store  57838113867 kmers; need 0.747 GB to sort     50099973 kmers
Used 420.988 GB / 1511.391 GB to store  57860275923 kmers; need 0.747 GB to sort     50119674 kmers
Used 421.113 GB / 1511.391 GB to store  57880854963 kmers; need 0.747 GB to sort     50137500 kmers
Used 421.247 GB / 1511.391 GB to store  57903017019 kmers; need 0.747 GB to sort     50156834 kmers
Used 421.380 GB / 1511.391 GB to store  57925179075 kmers; need 0.748 GB to sort     50176163 kmers
Used 421.513 GB / 1511.391 GB to store  57947341131 kmers; need 0.748 GB to sort     50195227 kmers
Used 421.646 GB / 1511.391 GB to store  57969503166 kmers; need 0.748 GB to sort     50214334 kmers
Used 421.779 GB / 1511.391 GB to store  57991665222 kmers; need 0.749 GB to sort     50233215 kmers
Used 421.912 GB / 1511.391 GB to store  58013827278 kmers; need 0.749 GB to sort     50252146 kmers
Used 422.044 GB / 1511.391 GB to store  58035989334 kmers; need 0.749 GB to sort     50270822 kmers
Used 422.169 GB / 1511.391 GB to store  58056568386 kmers; need 0.749 GB to sort     50289147 kmers
Used 422.303 GB / 1511.391 GB to store  58078730442 kmers; need 0.750 GB to sort     50308302 kmers
Used 422.436 GB / 1511.391 GB to store  58100892498 kmers; need 0.750 GB to sort     50327483 kmers
Used 422.570 GB / 1511.391 GB to store  58123054554 kmers; need 0.750 GB to sort     50347209 kmers
Used 422.703 GB / 1511.391 GB to store  58145216610 kmers; need 0.751 GB to sort     50366045 kmers
Used 422.837 GB / 1511.391 GB to store  58167378666 kmers; need 0.751 GB to sort     50385324 kmers
Used 422.970 GB / 1511.391 GB to store  58189540722 kmers; need 0.751 GB to sort     50405362 kmers
Used 423.103 GB / 1511.391 GB to store  58211702778 kmers; need 0.751 GB to sort     50425320 kmers
Used 423.235 GB / 1511.391 GB to store  58233864834 kmers; need 0.752 GB to sort     50444893 kmers
Used 423.369 GB / 1511.391 GB to store  58256026890 kmers; need 0.752 GB to sort     50464575 kmers
Used 423.503 GB / 1511.391 GB to store  58278188946 kmers; need 0.752 GB to sort     50483624 kmers
Used 423.635 GB / 1511.391 GB to store  58300350999 kmers; need 0.753 GB to sort     50504427 kmers
Used 423.769 GB / 1511.391 GB to store  58322513055 kmers; need 0.753 GB to sort     50523895 kmers
Used 423.894 GB / 1511.391 GB to store  58343092107 kmers; need 0.753 GB to sort     50542325 kmers
Used 424.027 GB / 1511.391 GB to store  58365254163 kmers; need 0.753 GB to sort     50562169 kmers
Used 424.160 GB / 1511.391 GB to store  58387416219 kmers; need 0.754 GB to sort     50581748 kmers
Used 424.294 GB / 1511.391 GB to store  58409578275 kmers; need 0.754 GB to sort     50601771 kmers
Used 424.427 GB / 1511.391 GB to store  58431740331 kmers; need 0.754 GB to sort     50621010 kmers
Used 424.561 GB / 1511.391 GB to store  58453902387 kmers; need 0.755 GB to sort     50640432 kmers
Used 424.695 GB / 1511.391 GB to store  58476064443 kmers; need 0.755 GB to sort     50659722 kmers
Used 424.828 GB / 1511.391 GB to store  58498226499 kmers; need 0.755 GB to sort     50678690 kmers
Used 424.962 GB / 1511.391 GB to store  58520388555 kmers; need 0.755 GB to sort     50698786 kmers
Used 425.095 GB / 1511.391 GB to store  58542550609 kmers; need 0.756 GB to sort     50718312 kmers
Used 425.228 GB / 1511.391 GB to store  58564712665 kmers; need 0.756 GB to sort     50738410 kmers
Used 425.361 GB / 1511.391 GB to store  58586874721 kmers; need 0.756 GB to sort     50757923 kmers
Used 425.486 GB / 1511.391 GB to store  58607453773 kmers; need 0.757 GB to sort     50776507 kmers
Used 425.619 GB / 1511.391 GB to store  58629615817 kmers; need 0.757 GB to sort     50796880 kmers
Used 425.752 GB / 1511.391 GB to store  58651777873 kmers; need 0.757 GB to sort     50817208 kmers
Used 425.885 GB / 1511.391 GB to store  58673939929 kmers; need 0.758 GB to sort     50836904 kmers
Used 426.019 GB / 1511.391 GB to store  58696101985 kmers; need 0.758 GB to sort     50857111 kmers
Used 426.150 GB / 1511.391 GB to store  58718264013 kmers; need 0.758 GB to sort     50877785 kmers
Used 426.276 GB / 1511.391 GB to store  58738843065 kmers; need 0.758 GB to sort     50895991 kmers
Used 426.409 GB / 1511.391 GB to store  58761005121 kmers; need 0.759 GB to sort     50916091 kmers
Used 426.542 GB / 1511.391 GB to store  58783167177 kmers; need 0.759 GB to sort     50936528 kmers
Used 426.675 GB / 1511.391 GB to store  58805329067 kmers; need 0.759 GB to sort     50957348 kmers
Used 426.809 GB / 1511.391 GB to store  58827491123 kmers; need 0.760 GB to sort     50977887 kmers
Used 426.942 GB / 1511.391 GB to store  58849653179 kmers; need 0.760 GB to sort     50998255 kmers
Used 427.074 GB / 1511.391 GB to store  58871815235 kmers; need 0.760 GB to sort     51018703 kmers
Used 427.207 GB / 1511.391 GB to store  58893977291 kmers; need 0.761 GB to sort     51040332 kmers
Used 427.341 GB / 1511.391 GB to store  58916139347 kmers; need 0.761 GB to sort     51060708 kmers
Used 427.475 GB / 1511.391 GB to store  58938301403 kmers; need 0.761 GB to sort     51081574 kmers
Used 427.608 GB / 1511.391 GB to store  58960463459 kmers; need 0.761 GB to sort     51101679 kmers
Used 427.741 GB / 1511.391 GB to store  58982625515 kmers; need 0.762 GB to sort     51121574 kmers
Used 427.875 GB / 1511.391 GB to store  59004787571 kmers; need 0.762 GB to sort     51141685 kmers
Used 428.009 GB / 1511.391 GB to store  59026949589 kmers; need 0.762 GB to sort     51162451 kmers
Used 428.143 GB / 1511.391 GB to store  59049111645 kmers; need 0.763 GB to sort     51182923 kmers
Used 428.276 GB / 1511.391 GB to store  59071273701 kmers; need 0.763 GB to sort     51203811 kmers
Used 428.410 GB / 1511.391 GB to store  59093435757 kmers; need 0.763 GB to sort     51224797 kmers
Used 428.544 GB / 1511.391 GB to store  59115597813 kmers; need 0.764 GB to sort     51243048 kmers
Used 428.678 GB / 1511.391 GB to store  59137759869 kmers; need 0.764 GB to sort     51261568 kmers
Used 428.812 GB / 1511.391 GB to store  59159921925 kmers; need 0.764 GB to sort     51279935 kmers
Used 428.946 GB / 1511.391 GB to store  59182083981 kmers; need 0.764 GB to sort     51298811 kmers
Used 429.079 GB / 1511.391 GB to store  59204246037 kmers; need 0.765 GB to sort     51317091 kmers
Used 429.204 GB / 1511.391 GB to store  59224825089 kmers; need 0.765 GB to sort     51333978 kmers
Used 429.337 GB / 1511.391 GB to store  59246987145 kmers; need 0.765 GB to sort     51352795 kmers
Used 429.472 GB / 1511.391 GB to store  59269149201 kmers; need 0.765 GB to sort     51370956 kmers
Used 429.605 GB / 1511.391 GB to store  59291311257 kmers; need 0.766 GB to sort     51390645 kmers
Used 429.739 GB / 1511.391 GB to store  59313473307 kmers; need 0.766 GB to sort     51409303 kmers
Used 429.871 GB / 1511.391 GB to store  59335635363 kmers; need 0.766 GB to sort     51428465 kmers
Used 430.004 GB / 1511.391 GB to store  59357797419 kmers; need 0.767 GB to sort     51447380 kmers
Used 430.137 GB / 1511.391 GB to store  59379959475 kmers; need 0.767 GB to sort     51466174 kmers
Used 430.270 GB / 1511.391 GB to store  59402121531 kmers; need 0.767 GB to sort     51485628 kmers
Used 430.402 GB / 1511.391 GB to store  59424283439 kmers; need 0.767 GB to sort     51505764 kmers
Used 430.535 GB / 1511.391 GB to store  59446445495 kmers; need 0.768 GB to sort     51526960 kmers
Used 430.668 GB / 1511.391 GB to store  59468607551 kmers; need 0.768 GB to sort     51546853 kmers
Used 430.801 GB / 1511.391 GB to store  59490769607 kmers; need 0.768 GB to sort     51565789 kmers
Used 430.934 GB / 1511.391 GB to store  59512931654 kmers; need 0.769 GB to sort     51585507 kmers
Used 431.066 GB / 1511.391 GB to store  59535093710 kmers; need 0.769 GB to sort     51605310 kmers
Used 431.199 GB / 1511.391 GB to store  59557255766 kmers; need 0.769 GB to sort     51623782 kmers
Used 431.334 GB / 1511.391 GB to store  59579417822 kmers; need 0.770 GB to sort     51643329 kmers
Used 431.460 GB / 1511.391 GB to store  59599996874 kmers; need 0.770 GB to sort     51661588 kmers
Used 431.594 GB / 1511.391 GB to store  59622158930 kmers; need 0.770 GB to sort     51680495 kmers
Used 431.727 GB / 1511.391 GB to store  59644320986 kmers; need 0.770 GB to sort     51700093 kmers
Used 431.852 GB / 1511.391 GB to store  59664900038 kmers; need 0.771 GB to sort     51717935 kmers
Used 431.985 GB / 1511.391 GB to store  59687062094 kmers; need 0.771 GB to sort     51737385 kmers
Used 432.120 GB / 1511.391 GB to store  59709224150 kmers; need 0.771 GB to sort     51756464 kmers
Used 432.254 GB / 1511.391 GB to store  59731386206 kmers; need 0.772 GB to sort     51775597 kmers
Used 432.387 GB / 1511.391 GB to store  59753548256 kmers; need 0.772 GB to sort     51795179 kmers
Used 432.520 GB / 1511.391 GB to store  59775710312 kmers; need 0.772 GB to sort     51814410 kmers
Used 432.645 GB / 1511.391 GB to store  59796289364 kmers; need 0.772 GB to sort     51832528 kmers
Used 432.778 GB / 1511.391 GB to store  59818451420 kmers; need 0.773 GB to sort     51851933 kmers
Used 432.911 GB / 1511.391 GB to store  59840613476 kmers; need 0.773 GB to sort     51871097 kmers
Used 433.045 GB / 1511.391 GB to store  59862775532 kmers; need 0.773 GB to sort     51890271 kmers
Used 433.178 GB / 1511.391 GB to store  59884937588 kmers; need 0.774 GB to sort     51910001 kmers
Used 433.313 GB / 1511.391 GB to store  59907099644 kmers; need 0.774 GB to sort     51929204 kmers
Used 433.446 GB / 1511.391 GB to store  59929261700 kmers; need 0.774 GB to sort     51948823 kmers
Used 433.580 GB / 1511.391 GB to store  59951423756 kmers; need 0.774 GB to sort     51967806 kmers
Used 433.712 GB / 1511.391 GB to store  59973585812 kmers; need 0.775 GB to sort     51987903 kmers
Used 433.845 GB / 1511.391 GB to store  59995747868 kmers; need 0.775 GB to sort     52007755 kmers
Used 433.978 GB / 1511.391 GB to store  60017909924 kmers; need 0.775 GB to sort     52027450 kmers
Used 434.111 GB / 1511.391 GB to store  60040071980 kmers; need 0.776 GB to sort     52047644 kmers
Used 434.244 GB / 1511.391 GB to store  60062234036 kmers; need 0.776 GB to sort     52067130 kmers
Used 434.377 GB / 1511.391 GB to store  60084396092 kmers; need 0.776 GB to sort     52086927 kmers
Used 434.503 GB / 1511.391 GB to store  60104975144 kmers; need 0.776 GB to sort     52105455 kmers
Used 434.636 GB / 1511.391 GB to store  60127137200 kmers; need 0.777 GB to sort     52125613 kmers
Used 434.770 GB / 1511.391 GB to store  60149299256 kmers; need 0.777 GB to sort     52145489 kmers
Used 434.903 GB / 1511.391 GB to store  60171461312 kmers; need 0.777 GB to sort     52166135 kmers
Used 435.037 GB / 1511.391 GB to store  60193623368 kmers; need 0.778 GB to sort     52187165 kmers
Used 435.171 GB / 1511.391 GB to store  60215785424 kmers; need 0.778 GB to sort     52206962 kmers
Used 435.304 GB / 1511.391 GB to store  60237947478 kmers; need 0.778 GB to sort     52226968 kmers
Used 435.435 GB / 1511.391 GB to store  60260109524 kmers; need 0.779 GB to sort     52246459 kmers
Used 435.560 GB / 1511.391 GB to store  60280688576 kmers; need 0.779 GB to sort     52265533 kmers
Used 435.694 GB / 1511.391 GB to store  60302850632 kmers; need 0.779 GB to sort     52286166 kmers
Used 435.827 GB / 1511.391 GB to store  60325012688 kmers; need 0.779 GB to sort     52306881 kmers
Used 435.961 GB / 1511.391 GB to store  60347174736 kmers; need 0.780 GB to sort     52326858 kmers
Used 436.095 GB / 1511.391 GB to store  60369336792 kmers; need 0.780 GB to sort     52346897 kmers
Used 436.228 GB / 1511.391 GB to store  60391498848 kmers; need 0.780 GB to sort     52366954 kmers
Used 436.361 GB / 1511.391 GB to store  60413660904 kmers; need 0.781 GB to sort     52387433 kmers
Used 436.494 GB / 1511.391 GB to store  60435822960 kmers; need 0.781 GB to sort     52407859 kmers
Used 436.628 GB / 1511.391 GB to store  60457985016 kmers; need 0.781 GB to sort     52428465 kmers
Used 436.760 GB / 1511.391 GB to store  60480146998 kmers; need 0.782 GB to sort     52448197 kmers
Used 436.894 GB / 1511.391 GB to store  60502309054 kmers; need 0.782 GB to sort     52469469 kmers
Used 437.028 GB / 1511.391 GB to store  60524471110 kmers; need 0.782 GB to sort     52489790 kmers
Used 437.162 GB / 1511.391 GB to store  60546633166 kmers; need 0.782 GB to sort     52509778 kmers
Used 437.294 GB / 1511.391 GB to store  60568795054 kmers; need 0.783 GB to sort     52529981 kmers
Used 437.419 GB / 1511.391 GB to store  60589374106 kmers; need 0.783 GB to sort     52548382 kmers
Used 437.552 GB / 1511.391 GB to store  60611536162 kmers; need 0.783 GB to sort     52568361 kmers
Used 437.684 GB / 1511.391 GB to store  60633698218 kmers; need 0.784 GB to sort     52589037 kmers
Used 437.817 GB / 1511.391 GB to store  60655860216 kmers; need 0.784 GB to sort     52609915 kmers
Used 437.951 GB / 1511.391 GB to store  60678022272 kmers; need 0.784 GB to sort     52629881 kmers
Used 438.085 GB / 1511.391 GB to store  60700184328 kmers; need 0.785 GB to sort     52649333 kmers
Used 438.218 GB / 1511.391 GB to store  60722346384 kmers; need 0.785 GB to sort     52667838 kmers
Used 438.351 GB / 1511.391 GB to store  60744508440 kmers; need 0.785 GB to sort     52686486 kmers
Used 438.484 GB / 1511.391 GB to store  60766670496 kmers; need 0.785 GB to sort     52705059 kmers
Used 438.618 GB / 1511.391 GB to store  60788832552 kmers; need 0.786 GB to sort     52724156 kmers
Used 438.751 GB / 1511.391 GB to store  60810994608 kmers; need 0.786 GB to sort     52743437 kmers
Used 438.875 GB / 1511.391 GB to store  60831573660 kmers; need 0.786 GB to sort     52761643 kmers
Used 439.008 GB / 1511.391 GB to store  60853735716 kmers; need 0.786 GB to sort     52780489 kmers
Used 439.141 GB / 1511.391 GB to store  60875897772 kmers; need 0.787 GB to sort     52799040 kmers
Used 439.275 GB / 1511.391 GB to store  60898059805 kmers; need 0.787 GB to sort     52817379 kmers
Used 439.408 GB / 1511.391 GB to store  60920221861 kmers; need 0.787 GB to sort     52836618 kmers
Used 439.541 GB / 1511.391 GB to store  60942383917 kmers; need 0.788 GB to sort     52855676 kmers
Used 439.676 GB / 1511.391 GB to store  60964545970 kmers; need 0.788 GB to sort     52875261 kmers
Used 439.809 GB / 1511.391 GB to store  60986708026 kmers; need 0.788 GB to sort     52894190 kmers
Used 439.942 GB / 1511.391 GB to store  61008870082 kmers; need 0.788 GB to sort     52913764 kmers
Used 440.077 GB / 1511.391 GB to store  61031032138 kmers; need 0.789 GB to sort     52932638 kmers
Used 440.211 GB / 1511.391 GB to store  61053194194 kmers; need 0.789 GB to sort     52951422 kmers
Used 440.345 GB / 1511.391 GB to store  61075356250 kmers; need 0.789 GB to sort     52970168 kmers
Used 440.477 GB / 1511.391 GB to store  61097518306 kmers; need 0.790 GB to sort     52990222 kmers
Used 440.610 GB / 1511.391 GB to store  61119680362 kmers; need 0.790 GB to sort     53009747 kmers
Used 440.742 GB / 1511.391 GB to store  61141842418 kmers; need 0.790 GB to sort     53029477 kmers
Used 440.875 GB / 1511.391 GB to store  61164004474 kmers; need 0.790 GB to sort     53048761 kmers
Used 441.008 GB / 1511.391 GB to store  61186166521 kmers; need 0.791 GB to sort     53067769 kmers
Used 441.140 GB / 1511.391 GB to store  61208328577 kmers; need 0.791 GB to sort     53087343 kmers
Used 441.274 GB / 1511.391 GB to store  61230490633 kmers; need 0.791 GB to sort     53106590 kmers
Used 441.407 GB / 1511.391 GB to store  61252652689 kmers; need 0.792 GB to sort     53125669 kmers
Used 441.541 GB / 1511.391 GB to store  61274814745 kmers; need 0.792 GB to sort     53145438 kmers
Used 441.675 GB / 1511.391 GB to store  61296976801 kmers; need 0.792 GB to sort     53166022 kmers
Used 441.808 GB / 1511.391 GB to store  61319138857 kmers; need 0.793 GB to sort     53184924 kmers
Used 441.934 GB / 1511.391 GB to store  61339717909 kmers; need 0.793 GB to sort     53202677 kmers
Used 442.065 GB / 1511.391 GB to store  61361879965 kmers; need 0.793 GB to sort     53222655 kmers
Used 442.199 GB / 1511.391 GB to store  61384042021 kmers; need 0.793 GB to sort     53242704 kmers
Used 442.332 GB / 1511.391 GB to store  61406204077 kmers; need 0.794 GB to sort     53262749 kmers
Used 442.466 GB / 1511.391 GB to store  61428366133 kmers; need 0.794 GB to sort     53281991 kmers
Used 442.600 GB / 1511.391 GB to store  61450528189 kmers; need 0.794 GB to sort     53302002 kmers
Used 442.735 GB / 1511.391 GB to store  61472690245 kmers; need 0.795 GB to sort     53321826 kmers
Used 442.868 GB / 1511.391 GB to store  61494852301 kmers; need 0.795 GB to sort     53342225 kmers
Used 443.002 GB / 1511.391 GB to store  61517014357 kmers; need 0.795 GB to sort     53361754 kmers
Used 443.136 GB / 1511.391 GB to store  61539176413 kmers; need 0.795 GB to sort     53381648 kmers
Used 443.269 GB / 1511.391 GB to store  61561338469 kmers; need 0.796 GB to sort     53401998 kmers
Used 443.401 GB / 1511.391 GB to store  61583500525 kmers; need 0.796 GB to sort     53421612 kmers
Used 443.526 GB / 1511.391 GB to store  61604079577 kmers; need 0.796 GB to sort     53439365 kmers
Used 443.659 GB / 1511.391 GB to store  61626241633 kmers; need 0.797 GB to sort     53458625 kmers
Used 443.793 GB / 1511.391 GB to store  61648403689 kmers; need 0.797 GB to sort     53478320 kmers
Used 443.918 GB / 1511.391 GB to store  61668982741 kmers; need 0.797 GB to sort     53496202 kmers
Used 444.051 GB / 1511.391 GB to store  61691144797 kmers; need 0.797 GB to sort     53516581 kmers
Used 444.184 GB / 1511.391 GB to store  61713306853 kmers; need 0.798 GB to sort     53535850 kmers
Used 444.316 GB / 1511.391 GB to store  61735468909 kmers; need 0.798 GB to sort     53555831 kmers
Used 444.441 GB / 1511.391 GB to store  61756047961 kmers; need 0.798 GB to sort     53574538 kmers
Used 444.574 GB / 1511.391 GB to store  61778210017 kmers; need 0.799 GB to sort     53594070 kmers
Used 444.708 GB / 1511.391 GB to store  61800372073 kmers; need 0.799 GB to sort     53614181 kmers
Used 444.840 GB / 1511.391 GB to store  61822534129 kmers; need 0.799 GB to sort     53634768 kmers
Used 444.974 GB / 1511.391 GB to store  61844696181 kmers; need 0.800 GB to sort     53654789 kmers
Used 445.108 GB / 1511.391 GB to store  61866858237 kmers; need 0.800 GB to sort     53675165 kmers
Used 445.241 GB / 1511.391 GB to store  61889020293 kmers; need 0.800 GB to sort     53695993 kmers
Used 445.375 GB / 1511.391 GB to store  61911182349 kmers; need 0.800 GB to sort     53716197 kmers
Used 445.507 GB / 1511.391 GB to store  61933344405 kmers; need 0.801 GB to sort     53736157 kmers
Used 445.641 GB / 1511.391 GB to store  61955506461 kmers; need 0.801 GB to sort     53756691 kmers
Used 445.774 GB / 1511.391 GB to store  61977668517 kmers; need 0.801 GB to sort     53776996 kmers
Used 445.907 GB / 1511.391 GB to store  61999830573 kmers; need 0.802 GB to sort     53796582 kmers
Used 446.040 GB / 1511.391 GB to store  62021992627 kmers; need 0.802 GB to sort     53816468 kmers
Used 446.173 GB / 1511.391 GB to store  62044154683 kmers; need 0.802 GB to sort     53836903 kmers
Used 446.305 GB / 1511.391 GB to store  62066316739 kmers; need 0.803 GB to sort     53857908 kmers
Used 446.438 GB / 1511.391 GB to store  62088478795 kmers; need 0.803 GB to sort     53878101 kmers
Used 446.572 GB / 1511.391 GB to store  62110640821 kmers; need 0.803 GB to sort     53898758 kmers
Used 446.706 GB / 1511.391 GB to store  62132802877 kmers; need 0.803 GB to sort     53918780 kmers
Used 446.837 GB / 1511.391 GB to store  62154964933 kmers; need 0.804 GB to sort     53938871 kmers
Used 446.970 GB / 1511.391 GB to store  62177126989 kmers; need 0.804 GB to sort     53957938 kmers
Used 447.104 GB / 1511.391 GB to store  62199288999 kmers; need 0.804 GB to sort     53978408 kmers
Used 447.236 GB / 1511.391 GB to store  62221451055 kmers; need 0.805 GB to sort     53998455 kmers
Used 447.361 GB / 1511.391 GB to store  62242030107 kmers; need 0.805 GB to sort     54016334 kmers
Used 447.495 GB / 1511.391 GB to store  62264192163 kmers; need 0.805 GB to sort     54036181 kmers
Used 447.628 GB / 1511.391 GB to store  62286354111 kmers; need 0.806 GB to sort     54057249 kmers
Used 447.761 GB / 1511.391 GB to store  62308516167 kmers; need 0.806 GB to sort     54077379 kmers
Used 447.894 GB / 1511.391 GB to store  62330678223 kmers; need 0.806 GB to sort     54097784 kmers
Used 448.027 GB / 1511.391 GB to store  62352840279 kmers; need 0.806 GB to sort     54117945 kmers
Used 448.152 GB / 1511.391 GB to store  62373419267 kmers; need 0.807 GB to sort     54136933 kmers
Used 448.285 GB / 1511.391 GB to store  62395581323 kmers; need 0.807 GB to sort     54157195 kmers
Used 448.418 GB / 1511.391 GB to store  62417743379 kmers; need 0.807 GB to sort     54175614 kmers
Used 448.551 GB / 1511.391 GB to store  62439905435 kmers; need 0.808 GB to sort     54194289 kmers
Used 448.685 GB / 1511.391 GB to store  62462067491 kmers; need 0.808 GB to sort     54213374 kmers
Used 448.818 GB / 1511.391 GB to store  62484229547 kmers; need 0.808 GB to sort     54232518 kmers
Used 448.951 GB / 1511.391 GB to store  62506391603 kmers; need 0.808 GB to sort     54251525 kmers
Used 449.085 GB / 1511.391 GB to store  62528553659 kmers; need 0.809 GB to sort     54270468 kmers
Used 449.219 GB / 1511.391 GB to store  62550715715 kmers; need 0.809 GB to sort     54289056 kmers
Used 449.352 GB / 1511.391 GB to store  62572877771 kmers; need 0.809 GB to sort     54308515 kmers
Used 449.485 GB / 1511.391 GB to store  62595039827 kmers; need 0.810 GB to sort     54328402 kmers
Used 449.619 GB / 1511.391 GB to store  62617201883 kmers; need 0.810 GB to sort     54347911 kmers
Used 449.752 GB / 1511.391 GB to store  62639363939 kmers; need 0.810 GB to sort     54366424 kmers
Used 449.885 GB / 1511.391 GB to store  62661525995 kmers; need 0.810 GB to sort     54385134 kmers
Used 450.018 GB / 1511.391 GB to store  62683688051 kmers; need 0.811 GB to sort     54404776 kmers
Used 450.151 GB / 1511.391 GB to store  62705850107 kmers; need 0.811 GB to sort     54423952 kmers
Used 450.284 GB / 1511.391 GB to store  62728012163 kmers; need 0.811 GB to sort     54442774 kmers
Used 450.409 GB / 1511.391 GB to store  62748591215 kmers; need 0.812 GB to sort     54460907 kmers
Used 450.544 GB / 1511.391 GB to store  62770753271 kmers; need 0.812 GB to sort     54480322 kmers
Used 450.677 GB / 1511.391 GB to store  62792915327 kmers; need 0.812 GB to sort     54499843 kmers
Used 450.809 GB / 1511.391 GB to store  62815077383 kmers; need 0.812 GB to sort     54520723 kmers
Used 450.942 GB / 1511.391 GB to store  62837239439 kmers; need 0.813 GB to sort     54541099 kmers
Used 451.067 GB / 1511.391 GB to store  62857818491 kmers; need 0.813 GB to sort     54558984 kmers
Used 451.201 GB / 1511.391 GB to store  62879980547 kmers; need 0.813 GB to sort     54577999 kmers
Used 451.335 GB / 1511.391 GB to store  62902142603 kmers; need 0.814 GB to sort     54597552 kmers
Used 451.468 GB / 1511.391 GB to store  62924304659 kmers; need 0.814 GB to sort     54616662 kmers
Used 451.593 GB / 1511.391 GB to store  62944883711 kmers; need 0.814 GB to sort     54634905 kmers
Used 451.726 GB / 1511.391 GB to store  62967045767 kmers; need 0.814 GB to sort     54653928 kmers
Used 451.859 GB / 1511.391 GB to store  62989207823 kmers; need 0.815 GB to sort     54672909 kmers
Used 451.993 GB / 1511.391 GB to store  63011369879 kmers; need 0.815 GB to sort     54692321 kmers
Used 452.126 GB / 1511.391 GB to store  63033531935 kmers; need 0.815 GB to sort     54711330 kmers
Used 452.260 GB / 1511.391 GB to store  63055693991 kmers; need 0.816 GB to sort     54730995 kmers
Used 452.393 GB / 1511.391 GB to store  63077856047 kmers; need 0.816 GB to sort     54749570 kmers
Used 452.526 GB / 1511.391 GB to store  63100018103 kmers; need 0.816 GB to sort     54768653 kmers
Used 452.651 GB / 1511.391 GB to store  63120597155 kmers; need 0.816 GB to sort     54786844 kmers
Used 452.785 GB / 1511.391 GB to store  63142759211 kmers; need 0.817 GB to sort     54806144 kmers
Used 452.918 GB / 1511.391 GB to store  63164921267 kmers; need 0.817 GB to sort     54825656 kmers
Used 453.043 GB / 1511.391 GB to store  63185500319 kmers; need 0.817 GB to sort     54844266 kmers
Used 453.176 GB / 1511.391 GB to store  63207662375 kmers; need 0.818 GB to sort     54863518 kmers
Used 453.309 GB / 1511.391 GB to store  63229824431 kmers; need 0.818 GB to sort     54883542 kmers
Used 453.434 GB / 1511.391 GB to store  63250403483 kmers; need 0.818 GB to sort     54901309 kmers
Used 453.567 GB / 1511.391 GB to store  63272565539 kmers; need 0.818 GB to sort     54921281 kmers
Used 453.701 GB / 1511.391 GB to store  63294727595 kmers; need 0.819 GB to sort     54941060 kmers
Used 453.833 GB / 1511.391 GB to store  63316889651 kmers; need 0.819 GB to sort     54961231 kmers
Used 453.957 GB / 1511.391 GB to store  63337468703 kmers; need 0.819 GB to sort     54979696 kmers
Used 454.091 GB / 1511.391 GB to store  63359630759 kmers; need 0.820 GB to sort     54999805 kmers
Used 454.225 GB / 1511.391 GB to store  63381792815 kmers; need 0.820 GB to sort     55019219 kmers
Used 454.359 GB / 1511.391 GB to store  63403954871 kmers; need 0.820 GB to sort     55038623 kmers
Used 454.492 GB / 1511.391 GB to store  63426116927 kmers; need 0.820 GB to sort     55058243 kmers
Used 454.626 GB / 1511.391 GB to store  63448278983 kmers; need 0.821 GB to sort     55078196 kmers
Used 454.759 GB / 1511.391 GB to store  63470441039 kmers; need 0.821 GB to sort     55097874 kmers
Used 454.893 GB / 1511.391 GB to store  63492603095 kmers; need 0.821 GB to sort     55117522 kmers
Used 455.027 GB / 1511.391 GB to store  63514765151 kmers; need 0.822 GB to sort     55138667 kmers
Used 455.160 GB / 1511.391 GB to store  63536927207 kmers; need 0.822 GB to sort     55159006 kmers
Used 455.293 GB / 1511.391 GB to store  63559089263 kmers; need 0.822 GB to sort     55178485 kmers
Used 455.427 GB / 1511.391 GB to store  63581251319 kmers; need 0.823 GB to sort     55198953 kmers
Used 455.561 GB / 1511.391 GB to store  63603413375 kmers; need 0.823 GB to sort     55218458 kmers
Used 455.695 GB / 1511.391 GB to store  63625575431 kmers; need 0.823 GB to sort     55238848 kmers
Used 455.829 GB / 1511.391 GB to store  63647737487 kmers; need 0.823 GB to sort     55259434 kmers
Used 455.961 GB / 1511.391 GB to store  63669899543 kmers; need 0.824 GB to sort     55280063 kmers
Used 456.094 GB / 1511.391 GB to store  63692061599 kmers; need 0.824 GB to sort     55299243 kmers
Used 456.227 GB / 1511.391 GB to store  63714223655 kmers; need 0.824 GB to sort     55318874 kmers
Used 456.359 GB / 1511.391 GB to store  63736385711 kmers; need 0.825 GB to sort     55338458 kmers
Used 456.493 GB / 1511.391 GB to store  63758547767 kmers; need 0.825 GB to sort     55358203 kmers
Used 456.627 GB / 1511.391 GB to store  63780709817 kmers; need 0.825 GB to sort     55378651 kmers
Used 456.761 GB / 1511.391 GB to store  63802871873 kmers; need 0.826 GB to sort     55398608 kmers
Used 456.895 GB / 1511.391 GB to store  63825033929 kmers; need 0.826 GB to sort     55418564 kmers
Used 457.029 GB / 1511.391 GB to store  63847195985 kmers; need 0.826 GB to sort     55438282 kmers
Used 457.162 GB / 1511.391 GB to store  63869358035 kmers; need 0.826 GB to sort     55458494 kmers
Used 457.296 GB / 1511.391 GB to store  63891520091 kmers; need 0.827 GB to sort     55478513 kmers
Used 457.428 GB / 1511.391 GB to store  63913682147 kmers; need 0.827 GB to sort     55498252 kmers
Used 457.553 GB / 1511.391 GB to store  63934261199 kmers; need 0.827 GB to sort     55517490 kmers
Used 457.687 GB / 1511.391 GB to store  63956423241 kmers; need 0.828 GB to sort     55538131 kmers
Used 457.821 GB / 1511.391 GB to store  63978585297 kmers; need 0.828 GB to sort     55558931 kmers
Used 457.955 GB / 1511.391 GB to store  64000747353 kmers; need 0.828 GB to sort     55578995 kmers
Used 458.088 GB / 1511.391 GB to store  64022909409 kmers; need 0.829 GB to sort     55600043 kmers
Used 458.221 GB / 1511.391 GB to store  64045071465 kmers; need 0.829 GB to sort     55620001 kmers
Used 458.355 GB / 1511.391 GB to store  64067233521 kmers; need 0.829 GB to sort     55639559 kmers
Used 458.489 GB / 1511.391 GB to store  64089395577 kmers; need 0.829 GB to sort     55660062 kmers
Used 458.621 GB / 1511.391 GB to store  64111557625 kmers; need 0.830 GB to sort     55680428 kmers
Used 458.755 GB / 1511.391 GB to store  64133719681 kmers; need 0.830 GB to sort     55700712 kmers
Used 458.889 GB / 1511.391 GB to store  64155881737 kmers; need 0.830 GB to sort     55720535 kmers
Used 459.022 GB / 1511.391 GB to store  64178043793 kmers; need 0.831 GB to sort     55739483 kmers
Used 459.155 GB / 1511.391 GB to store  64200205849 kmers; need 0.831 GB to sort     55757877 kmers
Used 459.289 GB / 1511.391 GB to store  64222367905 kmers; need 0.831 GB to sort     55776141 kmers
Used 459.422 GB / 1511.391 GB to store  64244529961 kmers; need 0.831 GB to sort     55795951 kmers
Used 459.555 GB / 1511.391 GB to store  64266692017 kmers; need 0.832 GB to sort     55815066 kmers
Used 459.688 GB / 1511.391 GB to store  64288854073 kmers; need 0.832 GB to sort     55833804 kmers
Used 459.822 GB / 1511.391 GB to store  64311016129 kmers; need 0.832 GB to sort     55852592 kmers
Used 459.956 GB / 1511.391 GB to store  64333178185 kmers; need 0.833 GB to sort     55871544 kmers
Used 460.087 GB / 1511.391 GB to store  64355340123 kmers; need 0.833 GB to sort     55892762 kmers
Used 460.220 GB / 1511.391 GB to store  64377502176 kmers; need 0.833 GB to sort     55914160 kmers
Used 460.354 GB / 1511.391 GB to store  64399664232 kmers; need 0.833 GB to sort     55933474 kmers
Used 460.488 GB / 1511.391 GB to store  64421826288 kmers; need 0.834 GB to sort     55953157 kmers
Used 460.621 GB / 1511.391 GB to store  64443988344 kmers; need 0.834 GB to sort     55973331 kmers
Used 460.753 GB / 1511.391 GB to store  64466150400 kmers; need 0.834 GB to sort     55992355 kmers
Used 460.886 GB / 1511.391 GB to store  64488312456 kmers; need 0.835 GB to sort     56011818 kmers
Used 461.020 GB / 1511.391 GB to store  64510474512 kmers; need 0.835 GB to sort     56031130 kmers
Used 461.153 GB / 1511.391 GB to store  64532636568 kmers; need 0.835 GB to sort     56050051 kmers
Used 461.287 GB / 1511.391 GB to store  64554798624 kmers; need 0.835 GB to sort     56069260 kmers
Used 461.420 GB / 1511.391 GB to store  64576960680 kmers; need 0.836 GB to sort     56088871 kmers
Used 461.545 GB / 1511.391 GB to store  64597539711 kmers; need 0.836 GB to sort     56106629 kmers
Used 461.678 GB / 1511.391 GB to store  64619701767 kmers; need 0.836 GB to sort     56125499 kmers
Used 461.810 GB / 1511.391 GB to store  64641863823 kmers; need 0.837 GB to sort     56145171 kmers
Used 461.943 GB / 1511.391 GB to store  64664025879 kmers; need 0.837 GB to sort     56165149 kmers
Used 462.077 GB / 1511.391 GB to store  64686187935 kmers; need 0.837 GB to sort     56185055 kmers
Used 462.211 GB / 1511.391 GB to store  64708349991 kmers; need 0.838 GB to sort     56204374 kmers
Used 462.344 GB / 1511.391 GB to store  64730512047 kmers; need 0.838 GB to sort     56223001 kmers
Used 462.478 GB / 1511.391 GB to store  64752674103 kmers; need 0.838 GB to sort     56242049 kmers
Used 462.612 GB / 1511.391 GB to store  64774836159 kmers; need 0.838 GB to sort     56261582 kmers
Used 462.745 GB / 1511.391 GB to store  64796998215 kmers; need 0.839 GB to sort     56281236 kmers
Used 462.879 GB / 1511.391 GB to store  64819160271 kmers; need 0.839 GB to sort     56300674 kmers
Used 463.012 GB / 1511.391 GB to store  64841322327 kmers; need 0.839 GB to sort     56319645 kmers
Used 463.137 GB / 1511.391 GB to store  64861901379 kmers; need 0.839 GB to sort     56337786 kmers
Used 463.262 GB / 1511.391 GB to store  64882480431 kmers; need 0.840 GB to sort     56355937 kmers
Used 463.395 GB / 1511.391 GB to store  64904642487 kmers; need 0.840 GB to sort     56375820 kmers
Used 463.528 GB / 1511.391 GB to store  64926804543 kmers; need 0.840 GB to sort     56395437 kmers
Used 463.661 GB / 1511.391 GB to store  64948966599 kmers; need 0.841 GB to sort     56414543 kmers
Used 463.795 GB / 1511.391 GB to store  64971128655 kmers; need 0.841 GB to sort     56433864 kmers
Used 463.928 GB / 1511.391 GB to store  64993290711 kmers; need 0.841 GB to sort     56454092 kmers
Used 464.062 GB / 1511.391 GB to store  65015452767 kmers; need 0.842 GB to sort     56474296 kmers
Used 464.195 GB / 1511.391 GB to store  65037614823 kmers; need 0.842 GB to sort     56493895 kmers
Used 464.328 GB / 1511.391 GB to store  65059776879 kmers; need 0.842 GB to sort     56513991 kmers
Used 464.462 GB / 1511.391 GB to store  65081938935 kmers; need 0.842 GB to sort     56533882 kmers
Used 464.596 GB / 1511.391 GB to store  65104100991 kmers; need 0.843 GB to sort     56553172 kmers
Used 464.729 GB / 1511.391 GB to store  65126263047 kmers; need 0.843 GB to sort     56573691 kmers
Used 464.862 GB / 1511.391 GB to store  65148425103 kmers; need 0.843 GB to sort     56592910 kmers
Used 464.995 GB / 1511.391 GB to store  65170587159 kmers; need 0.844 GB to sort     56613474 kmers
Used 465.127 GB / 1511.391 GB to store  65192749215 kmers; need 0.844 GB to sort     56632866 kmers
Used 465.261 GB / 1511.391 GB to store  65214911271 kmers; need 0.844 GB to sort     56652426 kmers
Used 465.393 GB / 1511.391 GB to store  65237073327 kmers; need 0.844 GB to sort     56672202 kmers
Used 465.527 GB / 1511.391 GB to store  65259235383 kmers; need 0.845 GB to sort     56692106 kmers
Used 465.660 GB / 1511.391 GB to store  65281397439 kmers; need 0.845 GB to sort     56711703 kmers
Used 465.794 GB / 1511.391 GB to store  65303559495 kmers; need 0.845 GB to sort     56730960 kmers
Used 465.927 GB / 1511.391 GB to store  65325721551 kmers; need 0.846 GB to sort     56751055 kmers
Used 466.061 GB / 1511.391 GB to store  65347883607 kmers; need 0.846 GB to sort     56770979 kmers
Used 466.187 GB / 1511.391 GB to store  65368462659 kmers; need 0.846 GB to sort     56789954 kmers
Used 466.320 GB / 1511.391 GB to store  65390624715 kmers; need 0.847 GB to sort     56810372 kmers
Used 466.453 GB / 1511.391 GB to store  65412786771 kmers; need 0.847 GB to sort     56831110 kmers
Used 466.586 GB / 1511.391 GB to store  65434948827 kmers; need 0.847 GB to sort     56851423 kmers
Used 466.720 GB / 1511.391 GB to store  65457110883 kmers; need 0.847 GB to sort     56872065 kmers
Used 466.854 GB / 1511.391 GB to store  65479272939 kmers; need 0.848 GB to sort     56892219 kmers
Used 466.988 GB / 1511.391 GB to store  65501434995 kmers; need 0.848 GB to sort     56912456 kmers
Used 467.121 GB / 1511.391 GB to store  65523597051 kmers; need 0.848 GB to sort     56932514 kmers
Used 467.255 GB / 1511.391 GB to store  65545759107 kmers; need 0.849 GB to sort     56952650 kmers
Used 467.388 GB / 1511.391 GB to store  65567921137 kmers; need 0.849 GB to sort     56972618 kmers
Used 467.521 GB / 1511.391 GB to store  65590083193 kmers; need 0.849 GB to sort     56993360 kmers
Used 467.654 GB / 1511.391 GB to store  65612245249 kmers; need 0.850 GB to sort     57014030 kmers
Used 467.788 GB / 1511.391 GB to store  65634407305 kmers; need 0.850 GB to sort     57035046 kmers
Used 467.922 GB / 1511.391 GB to store  65656569361 kmers; need 0.850 GB to sort     57054296 kmers
Used 468.055 GB / 1511.391 GB to store  65678731417 kmers; need 0.850 GB to sort     57073297 kmers
Used 468.188 GB / 1511.391 GB to store  65700893413 kmers; need 0.851 GB to sort     57093798 kmers
Used 468.312 GB / 1511.391 GB to store  65721472465 kmers; need 0.851 GB to sort     57112713 kmers
Used 468.445 GB / 1511.391 GB to store  65743634521 kmers; need 0.851 GB to sort     57131948 kmers
Used 468.579 GB / 1511.391 GB to store  65765796577 kmers; need 0.852 GB to sort     57152335 kmers
Used 468.713 GB / 1511.391 GB to store  65787958633 kmers; need 0.852 GB to sort     57172419 kmers
Used 468.845 GB / 1511.391 GB to store  65810120689 kmers; need 0.852 GB to sort     57192350 kmers
Used 468.978 GB / 1511.391 GB to store  65832282745 kmers; need 0.853 GB to sort     57212315 kmers
Used 469.111 GB / 1511.391 GB to store  65854444801 kmers; need 0.853 GB to sort     57231982 kmers
Used 469.245 GB / 1511.391 GB to store  65876606857 kmers; need 0.853 GB to sort     57251653 kmers
Used 469.379 GB / 1511.391 GB to store  65898768913 kmers; need 0.853 GB to sort     57271616 kmers
Used 469.513 GB / 1511.391 GB to store  65920930969 kmers; need 0.854 GB to sort     57292076 kmers
Used 469.647 GB / 1511.391 GB to store  65943093025 kmers; need 0.854 GB to sort     57311540 kmers
Used 469.780 GB / 1511.391 GB to store  65965255081 kmers; need 0.854 GB to sort     57330521 kmers
Used 469.905 GB / 1511.391 GB to store  65985834133 kmers; need 0.855 GB to sort     57348634 kmers
Used 470.038 GB / 1511.391 GB to store  66007996189 kmers; need 0.855 GB to sort     57367924 kmers
Used 470.172 GB / 1511.391 GB to store  66030158245 kmers; need 0.855 GB to sort     57387399 kmers
Used 470.306 GB / 1511.391 GB to store  66052320301 kmers; need 0.855 GB to sort     57406794 kmers
Used 470.439 GB / 1511.391 GB to store  66074482357 kmers; need 0.856 GB to sort     57426201 kmers
Used 470.573 GB / 1511.391 GB to store  66096644413 kmers; need 0.856 GB to sort     57445368 kmers
Used 470.706 GB / 1511.391 GB to store  66118806469 kmers; need 0.856 GB to sort     57465294 kmers
Used 470.839 GB / 1511.391 GB to store  66140968525 kmers; need 0.857 GB to sort     57484261 kmers
Used 470.973 GB / 1511.391 GB to store  66163130581 kmers; need 0.857 GB to sort     57503755 kmers
Used 471.098 GB / 1511.391 GB to store  66183709633 kmers; need 0.857 GB to sort     57522100 kmers
Used 471.232 GB / 1511.391 GB to store  66205871689 kmers; need 0.857 GB to sort     57541250 kmers
Used 471.363 GB / 1511.391 GB to store  66228033745 kmers; need 0.858 GB to sort     57561191 kmers
Used 471.497 GB / 1511.391 GB to store  66250195801 kmers; need 0.858 GB to sort     57582148 kmers
Used 471.630 GB / 1511.391 GB to store  66272357857 kmers; need 0.858 GB to sort     57601600 kmers
Used 471.764 GB / 1511.391 GB to store  66294519913 kmers; need 0.859 GB to sort     57621342 kmers
Used 471.898 GB / 1511.391 GB to store  66316681969 kmers; need 0.859 GB to sort     57641236 kmers
Used 472.031 GB / 1511.391 GB to store  66338844025 kmers; need 0.859 GB to sort     57661285 kmers
Used 472.165 GB / 1511.391 GB to store  66361006081 kmers; need 0.860 GB to sort     57680955 kmers
Used 472.290 GB / 1511.391 GB to store  66381585133 kmers; need 0.860 GB to sort     57698000 kmers
Used 472.423 GB / 1511.391 GB to store  66403747189 kmers; need 0.860 GB to sort     57717450 kmers
Used 472.557 GB / 1511.391 GB to store  66425909245 kmers; need 0.860 GB to sort     57736831 kmers
Used 472.690 GB / 1511.391 GB to store  66448071301 kmers; need 0.861 GB to sort     57756123 kmers
Used 472.823 GB / 1511.391 GB to store  66470233357 kmers; need 0.861 GB to sort     57775007 kmers
Used 472.956 GB / 1511.391 GB to store  66492395413 kmers; need 0.861 GB to sort     57794465 kmers
Used 473.081 GB / 1511.391 GB to store  66512974465 kmers; need 0.861 GB to sort     57812545 kmers
Used 473.214 GB / 1511.391 GB to store  66535136521 kmers; need 0.862 GB to sort     57832858 kmers
Used 473.347 GB / 1511.391 GB to store  66557298577 kmers; need 0.862 GB to sort     57852629 kmers
Used 473.472 GB / 1511.391 GB to store  66577877629 kmers; need 0.862 GB to sort     57870993 kmers
Used 473.606 GB / 1511.391 GB to store  66600039685 kmers; need 0.863 GB to sort     57890584 kmers
Used 473.731 GB / 1511.391 GB to store  66620618737 kmers; need 0.863 GB to sort     57909145 kmers
Used 473.865 GB / 1511.391 GB to store  66642780793 kmers; need 0.863 GB to sort     57928898 kmers
Used 473.999 GB / 1511.391 GB to store  66664942849 kmers; need 0.864 GB to sort     57948682 kmers
Used 474.132 GB / 1511.391 GB to store  66687104905 kmers; need 0.864 GB to sort     57968621 kmers
Used 474.265 GB / 1511.391 GB to store  66709266961 kmers; need 0.864 GB to sort     57988792 kmers
Used 474.398 GB / 1511.391 GB to store  66731429017 kmers; need 0.864 GB to sort     58008719 kmers
Used 474.531 GB / 1511.391 GB to store  66753591073 kmers; need 0.865 GB to sort     58028371 kmers
Used 474.665 GB / 1511.391 GB to store  66775753129 kmers; need 0.865 GB to sort     58048690 kmers
Used 474.797 GB / 1511.391 GB to store  66797915185 kmers; need 0.865 GB to sort     58069293 kmers
Used 474.931 GB / 1511.391 GB to store  66820077241 kmers; need 0.866 GB to sort     58089600 kmers
Used 475.056 GB / 1511.391 GB to store  66840656293 kmers; need 0.866 GB to sort     58107612 kmers
Used 475.190 GB / 1511.391 GB to store  66862818349 kmers; need 0.866 GB to sort     58127323 kmers
Used 475.324 GB / 1511.391 GB to store  66884980405 kmers; need 0.866 GB to sort     58147935 kmers
Used 475.458 GB / 1511.391 GB to store  66907142461 kmers; need 0.867 GB to sort     58168500 kmers
Used 475.583 GB / 1511.391 GB to store  66927721513 kmers; need 0.867 GB to sort     58187748 kmers
Used 475.717 GB / 1511.391 GB to store  66949883569 kmers; need 0.867 GB to sort     58208865 kmers
Used 475.849 GB / 1511.391 GB to store  66972045625 kmers; need 0.868 GB to sort     58229169 kmers
Used 475.983 GB / 1511.391 GB to store  66994207681 kmers; need 0.868 GB to sort     58249941 kmers
Used 476.114 GB / 1511.391 GB to store  67016369737 kmers; need 0.868 GB to sort     58270023 kmers
Used 476.247 GB / 1511.391 GB to store  67038531793 kmers; need 0.869 GB to sort     58290834 kmers
Used 476.381 GB / 1511.391 GB to store  67060693849 kmers; need 0.869 GB to sort     58312085 kmers
Used 476.513 GB / 1511.391 GB to store  67082855905 kmers; need 0.869 GB to sort     58333074 kmers
Used 476.647 GB / 1511.391 GB to store  67105017961 kmers; need 0.870 GB to sort     58353841 kmers
Used 476.780 GB / 1511.391 GB to store  67127180017 kmers; need 0.870 GB to sort     58374539 kmers
Used 476.913 GB / 1511.391 GB to store  67149342073 kmers; need 0.870 GB to sort     58395324 kmers
Used 477.047 GB / 1511.391 GB to store  67171504129 kmers; need 0.870 GB to sort     58415471 kmers
Used 477.180 GB / 1511.391 GB to store  67193666185 kmers; need 0.871 GB to sort     58436186 kmers
Used 477.314 GB / 1511.391 GB to store  67215828241 kmers; need 0.871 GB to sort     58457302 kmers
Used 477.439 GB / 1511.391 GB to store  67236407277 kmers; need 0.871 GB to sort     58476601 kmers
Used 477.571 GB / 1511.391 GB to store  67258569333 kmers; need 0.872 GB to sort     58497774 kmers
Used 477.704 GB / 1511.391 GB to store  67280731389 kmers; need 0.872 GB to sort     58517198 kmers
Used 477.836 GB / 1511.391 GB to store  67302893445 kmers; need 0.872 GB to sort     58538994 kmers
Used 477.961 GB / 1511.391 GB to store  67323472497 kmers; need 0.873 GB to sort     58558602 kmers
Used 478.095 GB / 1511.391 GB to store  67345634553 kmers; need 0.873 GB to sort     58580330 kmers
Used 478.228 GB / 1511.391 GB to store  67367796609 kmers; need 0.873 GB to sort     58602277 kmers
Used 478.362 GB / 1511.391 GB to store  67389958665 kmers; need 0.874 GB to sort     58624840 kmers
Used 478.495 GB / 1511.391 GB to store  67412120721 kmers; need 0.874 GB to sort     58646694 kmers
Used 478.627 GB / 1511.391 GB to store  67434282777 kmers; need 0.874 GB to sort     58667908 kmers
Used 478.761 GB / 1511.391 GB to store  67456444833 kmers; need 0.875 GB to sort     58689888 kmers
Used 478.895 GB / 1511.391 GB to store  67478606889 kmers; need 0.875 GB to sort     58711906 kmers
Used 479.028 GB / 1511.391 GB to store  67500768945 kmers; need 0.875 GB to sort     58733335 kmers
Used 479.161 GB / 1511.391 GB to store  67522931001 kmers; need 0.876 GB to sort     58754622 kmers
Used 479.295 GB / 1511.391 GB to store  67545093057 kmers; need 0.876 GB to sort     58776035 kmers
Used 479.428 GB / 1511.391 GB to store  67567255113 kmers; need 0.876 GB to sort     58796681 kmers
Used 479.562 GB / 1511.391 GB to store  67589417169 kmers; need 0.876 GB to sort     58817129 kmers
Used 479.687 GB / 1511.391 GB to store  67609996221 kmers; need 0.877 GB to sort     58835979 kmers
Used 479.820 GB / 1511.391 GB to store  67632158277 kmers; need 0.877 GB to sort     58856310 kmers
Used 479.945 GB / 1511.391 GB to store  67652737329 kmers; need 0.877 GB to sort     58874188 kmers
Used 480.078 GB / 1511.391 GB to store  67674899385 kmers; need 0.878 GB to sort     58893488 kmers
Used 480.211 GB / 1511.391 GB to store  67697061441 kmers; need 0.878 GB to sort     58912275 kmers
Used 480.344 GB / 1511.391 GB to store  67719223497 kmers; need 0.878 GB to sort     58931984 kmers
Used 480.477 GB / 1511.391 GB to store  67741385553 kmers; need 0.878 GB to sort     58950916 kmers
Used 480.610 GB / 1511.391 GB to store  67763547609 kmers; need 0.879 GB to sort     58970202 kmers
Used 480.744 GB / 1511.391 GB to store  67785709665 kmers; need 0.879 GB to sort     58989029 kmers
Used 480.869 GB / 1511.391 GB to store  67806288717 kmers; need 0.879 GB to sort     59006887 kmers
Used 481.002 GB / 1511.391 GB to store  67828450773 kmers; need 0.880 GB to sort     59025412 kmers
Used 481.134 GB / 1511.391 GB to store  67850612829 kmers; need 0.880 GB to sort     59044699 kmers
Used 481.259 GB / 1511.391 GB to store  67871191881 kmers; need 0.880 GB to sort     59063372 kmers
Used 481.393 GB / 1511.391 GB to store  67893353937 kmers; need 0.880 GB to sort     59082756 kmers
Used 481.527 GB / 1511.391 GB to store  67915515993 kmers; need 0.881 GB to sort     59102008 kmers
Used 481.660 GB / 1511.391 GB to store  67937678049 kmers; need 0.881 GB to sort     59120948 kmers
Used 481.793 GB / 1511.391 GB to store  67959840105 kmers; need 0.881 GB to sort     59140253 kmers
Used 481.926 GB / 1511.391 GB to store  67982002161 kmers; need 0.882 GB to sort     59160210 kmers
Used 482.059 GB / 1511.391 GB to store  68004164217 kmers; need 0.882 GB to sort     59179247 kmers
Used 482.192 GB / 1511.391 GB to store  68026326273 kmers; need 0.882 GB to sort     59198584 kmers
Used 482.325 GB / 1511.391 GB to store  68048488329 kmers; need 0.882 GB to sort     59218273 kmers
Used 482.459 GB / 1511.391 GB to store  68070650385 kmers; need 0.883 GB to sort     59237710 kmers
Used 482.593 GB / 1511.391 GB to store  68092812441 kmers; need 0.883 GB to sort     59257908 kmers
Used 482.726 GB / 1511.391 GB to store  68114974497 kmers; need 0.883 GB to sort     59277446 kmers
Used 482.860 GB / 1511.391 GB to store  68137136553 kmers; need 0.884 GB to sort     59296943 kmers
Used 482.993 GB / 1511.391 GB to store  68159298609 kmers; need 0.884 GB to sort     59316686 kmers
Used 483.118 GB / 1511.391 GB to store  68179877661 kmers; need 0.884 GB to sort     59334697 kmers
Used 483.252 GB / 1511.391 GB to store  68202039717 kmers; need 0.884 GB to sort     59354572 kmers
Used 483.386 GB / 1511.391 GB to store  68224201773 kmers; need 0.885 GB to sort     59374161 kmers
Used 483.519 GB / 1511.391 GB to store  68246363829 kmers; need 0.885 GB to sort     59393735 kmers
Used 483.653 GB / 1511.391 GB to store  68268525885 kmers; need 0.885 GB to sort     59413480 kmers
Used 483.786 GB / 1511.391 GB to store  68290687941 kmers; need 0.886 GB to sort     59432611 kmers
Used 483.919 GB / 1511.391 GB to store  68312849997 kmers; need 0.886 GB to sort     59452407 kmers
Used 484.052 GB / 1511.391 GB to store  68335012053 kmers; need 0.886 GB to sort     59473030 kmers
Used 484.185 GB / 1511.391 GB to store  68357174109 kmers; need 0.887 GB to sort     59492865 kmers
Used 484.318 GB / 1511.391 GB to store  68379336165 kmers; need 0.887 GB to sort     59512254 kmers
Used 484.451 GB / 1511.391 GB to store  68401498221 kmers; need 0.887 GB to sort     59531959 kmers
Used 484.583 GB / 1511.391 GB to store  68423660277 kmers; need 0.887 GB to sort     59550825 kmers
Used 484.708 GB / 1511.391 GB to store  68444239329 kmers; need 0.888 GB to sort     59568341 kmers
Used 484.833 GB / 1511.391 GB to store  68464818381 kmers; need 0.888 GB to sort     59586566 kmers
Used 484.966 GB / 1511.391 GB to store  68486980437 kmers; need 0.888 GB to sort     59607019 kmers
Used 485.100 GB / 1511.391 GB to store  68509142493 kmers; need 0.889 GB to sort     59627173 kmers
Used 485.232 GB / 1511.391 GB to store  68531304549 kmers; need 0.889 GB to sort     59647302 kmers
Used 485.365 GB / 1511.391 GB to store  68553466605 kmers; need 0.889 GB to sort     59667516 kmers
Used 485.499 GB / 1511.391 GB to store  68575628661 kmers; need 0.889 GB to sort     59687756 kmers
Used 485.633 GB / 1511.391 GB to store  68597790717 kmers; need 0.890 GB to sort     59708284 kmers
Used 485.766 GB / 1511.391 GB to store  68619952773 kmers; need 0.890 GB to sort     59728844 kmers
Used 485.891 GB / 1511.391 GB to store  68640531825 kmers; need 0.890 GB to sort     59748226 kmers
Used 486.025 GB / 1511.391 GB to store  68662693881 kmers; need 0.891 GB to sort     59768407 kmers
Used 486.158 GB / 1511.391 GB to store  68684855937 kmers; need 0.891 GB to sort     59789241 kmers
Used 486.292 GB / 1511.391 GB to store  68707017993 kmers; need 0.891 GB to sort     59809717 kmers
Used 486.425 GB / 1511.391 GB to store  68729180049 kmers; need 0.892 GB to sort     59830394 kmers
Used 486.559 GB / 1511.391 GB to store  68751342105 kmers; need 0.892 GB to sort     59850989 kmers
Used 486.692 GB / 1511.391 GB to store  68773504161 kmers; need 0.892 GB to sort     59872001 kmers
Used 486.825 GB / 1511.391 GB to store  68795666217 kmers; need 0.892 GB to sort     59893076 kmers
Used 486.959 GB / 1511.391 GB to store  68817828273 kmers; need 0.893 GB to sort     59914176 kmers
Used 487.092 GB / 1511.391 GB to store  68839990329 kmers; need 0.893 GB to sort     59935078 kmers
Used 487.225 GB / 1511.391 GB to store  68862152383 kmers; need 0.893 GB to sort     59956108 kmers
Used 487.359 GB / 1511.391 GB to store  68884314439 kmers; need 0.894 GB to sort     59977175 kmers
Used 487.491 GB / 1511.391 GB to store  68906476495 kmers; need 0.894 GB to sort     59998534 kmers
Used 487.625 GB / 1511.391 GB to store  68928638551 kmers; need 0.894 GB to sort     60019465 kmers
Used 487.759 GB / 1511.391 GB to store  68950800591 kmers; need 0.895 GB to sort     60041227 kmers
Used 487.891 GB / 1511.391 GB to store  68972962647 kmers; need 0.895 GB to sort     60061720 kmers
Used 488.026 GB / 1511.391 GB to store  68995124703 kmers; need 0.895 GB to sort     60081984 kmers
Used 488.159 GB / 1511.391 GB to store  69017286759 kmers; need 0.896 GB to sort     60101516 kmers
Used 488.293 GB / 1511.391 GB to store  69039448815 kmers; need 0.896 GB to sort     60120871 kmers
Used 488.419 GB / 1511.391 GB to store  69060027867 kmers; need 0.896 GB to sort     60139523 kmers
Used 488.553 GB / 1511.391 GB to store  69082187784 kmers; need 0.896 GB to sort     60157932 kmers
Used 488.686 GB / 1511.391 GB to store  69104349790 kmers; need 0.897 GB to sort     60176300 kmers
Used 488.819 GB / 1511.391 GB to store  69126510820 kmers; need 0.897 GB to sort     60195055 kmers

Input complete.  Writing results to 'analysis_other/merqury_shortread/T2T00/T2T00_k_30.meryl', using 1 thread.
finishIteration()--

Finished counting.

Cleaning up.

Bye.
