INFO:cooler.create:Writing chunk 0: /mnt/storage3b/projects/no_ngsd/ahthapp1_T2T_ONT/analysis_other/porec/T2T11/cooler/tmpxpg7wikj.multi.cool::0
INFO:cooler.create:Creating cooler at "/mnt/storage3b/projects/no_ngsd/ahthapp1_T2T_ONT/analysis_other/porec/T2T11/cooler/tmpxpg7wikj.multi.cool::/0"
INFO:cooler.create:Writing chroms
INFO:cooler.create:Writing bins
INFO:cooler.create:Writing pixels
INFO:cooler.create:Writing indexes
INFO:cooler.create:Writing info
INFO:cooler.create:Writing chunk 1: /mnt/storage3b/projects/no_ngsd/ahthapp1_T2T_ONT/analysis_other/porec/T2T11/cooler/tmpxpg7wikj.multi.cool::1
INFO:cooler.create:Creating cooler at "/mnt/storage3b/projects/no_ngsd/ahthapp1_T2T_ONT/analysis_other/porec/T2T11/cooler/tmpxpg7wikj.multi.cool::/1"
INFO:cooler.create:Writing chroms
INFO:cooler.create:Writing bins
INFO:cooler.create:Writing pixels
INFO:cooler.create:Writing indexes
INFO:cooler.create:Writing info
INFO:cooler.create:Writing chunk 2: /mnt/storage3b/projects/no_ngsd/ahthapp1_T2T_ONT/analysis_other/porec/T2T11/cooler/tmpxpg7wikj.multi.cool::2
INFO:cooler.create:Creating cooler at "/mnt/storage3b/projects/no_ngsd/ahthapp1_T2T_ONT/analysis_other/porec/T2T11/cooler/tmpxpg7wikj.multi.cool::/2"
INFO:cooler.create:Writing chroms
INFO:cooler.create:Writing bins
INFO:cooler.create:Writing pixels
INFO:cooler.create:Writing indexes
INFO:cooler.create:Writing info
INFO:cooler.create:Writing chunk 3: /mnt/storage3b/projects/no_ngsd/ahthapp1_T2T_ONT/analysis_other/porec/T2T11/cooler/tmpxpg7wikj.multi.cool::3
INFO:cooler.create:Creating cooler at "/mnt/storage3b/projects/no_ngsd/ahthapp1_T2T_ONT/analysis_other/porec/T2T11/cooler/tmpxpg7wikj.multi.cool::/3"
INFO:cooler.create:Writing chroms
INFO:cooler.create:Writing bins
INFO:cooler.create:Writing pixels
INFO:cooler.create:Writing indexes
INFO:cooler.create:Writing info
INFO:cooler.create:Writing chunk 4: /mnt/storage3b/projects/no_ngsd/ahthapp1_T2T_ONT/analysis_other/porec/T2T11/cooler/tmpxpg7wikj.multi.cool::4
INFO:cooler.create:Creating cooler at "/mnt/storage3b/projects/no_ngsd/ahthapp1_T2T_ONT/analysis_other/porec/T2T11/cooler/tmpxpg7wikj.multi.cool::/4"
INFO:cooler.create:Writing chroms
INFO:cooler.create:Writing bins
INFO:cooler.create:Writing pixels
INFO:cooler.create:Writing indexes
INFO:cooler.create:Writing info
INFO:cooler.create:Writing chunk 5: /mnt/storage3b/projects/no_ngsd/ahthapp1_T2T_ONT/analysis_other/porec/T2T11/cooler/tmpxpg7wikj.multi.cool::5
INFO:cooler.create:Creating cooler at "/mnt/storage3b/projects/no_ngsd/ahthapp1_T2T_ONT/analysis_other/porec/T2T11/cooler/tmpxpg7wikj.multi.cool::/5"
INFO:cooler.create:Writing chroms
INFO:cooler.create:Writing bins
INFO:cooler.create:Writing pixels
INFO:cooler.create:Writing indexes
INFO:cooler.create:Writing info
INFO:cooler.create:Writing chunk 6: /mnt/storage3b/projects/no_ngsd/ahthapp1_T2T_ONT/analysis_other/porec/T2T11/cooler/tmpxpg7wikj.multi.cool::6
INFO:cooler.create:Creating cooler at "/mnt/storage3b/projects/no_ngsd/ahthapp1_T2T_ONT/analysis_other/porec/T2T11/cooler/tmpxpg7wikj.multi.cool::/6"
INFO:cooler.create:Writing chroms
INFO:cooler.create:Writing bins
INFO:cooler.create:Writing pixels
INFO:cooler.create:Writing indexes
INFO:cooler.create:Writing info
INFO:cooler.create:Writing chunk 7: /mnt/storage3b/projects/no_ngsd/ahthapp1_T2T_ONT/analysis_other/porec/T2T11/cooler/tmpxpg7wikj.multi.cool::7
INFO:cooler.create:Creating cooler at "/mnt/storage3b/projects/no_ngsd/ahthapp1_T2T_ONT/analysis_other/porec/T2T11/cooler/tmpxpg7wikj.multi.cool::/7"
INFO:cooler.create:Writing chroms
INFO:cooler.create:Writing bins
INFO:cooler.create:Writing pixels
INFO:cooler.create:Writing indexes
INFO:cooler.create:Writing info
INFO:cooler.create:Writing chunk 8: /mnt/storage3b/projects/no_ngsd/ahthapp1_T2T_ONT/analysis_other/porec/T2T11/cooler/tmpxpg7wikj.multi.cool::8
INFO:cooler.create:Creating cooler at "/mnt/storage3b/projects/no_ngsd/ahthapp1_T2T_ONT/analysis_other/porec/T2T11/cooler/tmpxpg7wikj.multi.cool::/8"
INFO:cooler.create:Writing chroms
INFO:cooler.create:Writing bins
INFO:cooler.create:Writing pixels
INFO:cooler.create:Writing indexes
INFO:cooler.create:Writing info
INFO:cooler.create:Writing chunk 9: /mnt/storage3b/projects/no_ngsd/ahthapp1_T2T_ONT/analysis_other/porec/T2T11/cooler/tmpxpg7wikj.multi.cool::9
INFO:cooler.create:Creating cooler at "/mnt/storage3b/projects/no_ngsd/ahthapp1_T2T_ONT/analysis_other/porec/T2T11/cooler/tmpxpg7wikj.multi.cool::/9"
INFO:cooler.create:Writing chroms
INFO:cooler.create:Writing bins
INFO:cooler.create:Writing pixels
INFO:cooler.create:Writing indexes
INFO:cooler.create:Writing info
INFO:cooler.create:Writing chunk 10: /mnt/storage3b/projects/no_ngsd/ahthapp1_T2T_ONT/analysis_other/porec/T2T11/cooler/tmpxpg7wikj.multi.cool::10
INFO:cooler.create:Creating cooler at "/mnt/storage3b/projects/no_ngsd/ahthapp1_T2T_ONT/analysis_other/porec/T2T11/cooler/tmpxpg7wikj.multi.cool::/10"
INFO:cooler.create:Writing chroms
INFO:cooler.create:Writing bins
INFO:cooler.create:Writing pixels
INFO:cooler.create:Writing indexes
INFO:cooler.create:Writing info
INFO:cooler.create:Writing chunk 11: /mnt/storage3b/projects/no_ngsd/ahthapp1_T2T_ONT/analysis_other/porec/T2T11/cooler/tmpxpg7wikj.multi.cool::11
INFO:cooler.create:Creating cooler at "/mnt/storage3b/projects/no_ngsd/ahthapp1_T2T_ONT/analysis_other/porec/T2T11/cooler/tmpxpg7wikj.multi.cool::/11"
INFO:cooler.create:Writing chroms
INFO:cooler.create:Writing bins
INFO:cooler.create:Writing pixels
INFO:cooler.create:Writing indexes
INFO:cooler.create:Writing info
INFO:cooler.create:Writing chunk 12: /mnt/storage3b/projects/no_ngsd/ahthapp1_T2T_ONT/analysis_other/porec/T2T11/cooler/tmpxpg7wikj.multi.cool::12
INFO:cooler.create:Creating cooler at "/mnt/storage3b/projects/no_ngsd/ahthapp1_T2T_ONT/analysis_other/porec/T2T11/cooler/tmpxpg7wikj.multi.cool::/12"
INFO:cooler.create:Writing chroms
INFO:cooler.create:Writing bins
INFO:cooler.create:Writing pixels
INFO:cooler.create:Writing indexes
INFO:cooler.create:Writing info
INFO:cooler.create:Writing chunk 13: /mnt/storage3b/projects/no_ngsd/ahthapp1_T2T_ONT/analysis_other/porec/T2T11/cooler/tmpxpg7wikj.multi.cool::13
INFO:cooler.create:Creating cooler at "/mnt/storage3b/projects/no_ngsd/ahthapp1_T2T_ONT/analysis_other/porec/T2T11/cooler/tmpxpg7wikj.multi.cool::/13"
INFO:cooler.create:Writing chroms
INFO:cooler.create:Writing bins
INFO:cooler.create:Writing pixels
INFO:cooler.create:Writing indexes
INFO:cooler.create:Writing info
INFO:cooler.create:Writing chunk 14: /mnt/storage3b/projects/no_ngsd/ahthapp1_T2T_ONT/analysis_other/porec/T2T11/cooler/tmpxpg7wikj.multi.cool::14
INFO:cooler.create:Creating cooler at "/mnt/storage3b/projects/no_ngsd/ahthapp1_T2T_ONT/analysis_other/porec/T2T11/cooler/tmpxpg7wikj.multi.cool::/14"
INFO:cooler.create:Writing chroms
INFO:cooler.create:Writing bins
INFO:cooler.create:Writing pixels
INFO:cooler.create:Writing indexes
INFO:cooler.create:Writing info
INFO:cooler.create:Writing chunk 15: /mnt/storage3b/projects/no_ngsd/ahthapp1_T2T_ONT/analysis_other/porec/T2T11/cooler/tmpxpg7wikj.multi.cool::15
INFO:cooler.create:Creating cooler at "/mnt/storage3b/projects/no_ngsd/ahthapp1_T2T_ONT/analysis_other/porec/T2T11/cooler/tmpxpg7wikj.multi.cool::/15"
INFO:cooler.create:Writing chroms
INFO:cooler.create:Writing bins
INFO:cooler.create:Writing pixels
INFO:cooler.create:Writing indexes
INFO:cooler.create:Writing info
INFO:cooler.create:Writing chunk 16: /mnt/storage3b/projects/no_ngsd/ahthapp1_T2T_ONT/analysis_other/porec/T2T11/cooler/tmpxpg7wikj.multi.cool::16
INFO:cooler.create:Creating cooler at "/mnt/storage3b/projects/no_ngsd/ahthapp1_T2T_ONT/analysis_other/porec/T2T11/cooler/tmpxpg7wikj.multi.cool::/16"
INFO:cooler.create:Writing chroms
INFO:cooler.create:Writing bins
INFO:cooler.create:Writing pixels
INFO:cooler.create:Writing indexes
INFO:cooler.create:Writing info
INFO:cooler.create:Writing chunk 17: /mnt/storage3b/projects/no_ngsd/ahthapp1_T2T_ONT/analysis_other/porec/T2T11/cooler/tmpxpg7wikj.multi.cool::17
INFO:cooler.create:Creating cooler at "/mnt/storage3b/projects/no_ngsd/ahthapp1_T2T_ONT/analysis_other/porec/T2T11/cooler/tmpxpg7wikj.multi.cool::/17"
INFO:cooler.create:Writing chroms
INFO:cooler.create:Writing bins
INFO:cooler.create:Writing pixels
INFO:cooler.create:Writing indexes
INFO:cooler.create:Writing info
INFO:cooler.create:Writing chunk 18: /mnt/storage3b/projects/no_ngsd/ahthapp1_T2T_ONT/analysis_other/porec/T2T11/cooler/tmpxpg7wikj.multi.cool::18
INFO:cooler.create:Creating cooler at "/mnt/storage3b/projects/no_ngsd/ahthapp1_T2T_ONT/analysis_other/porec/T2T11/cooler/tmpxpg7wikj.multi.cool::/18"
INFO:cooler.create:Writing chroms
INFO:cooler.create:Writing bins
INFO:cooler.create:Writing pixels
INFO:cooler.create:Writing indexes
INFO:cooler.create:Writing info
INFO:cooler.create:Writing chunk 19: /mnt/storage3b/projects/no_ngsd/ahthapp1_T2T_ONT/analysis_other/porec/T2T11/cooler/tmpxpg7wikj.multi.cool::19
INFO:cooler.create:Creating cooler at "/mnt/storage3b/projects/no_ngsd/ahthapp1_T2T_ONT/analysis_other/porec/T2T11/cooler/tmpxpg7wikj.multi.cool::/19"
INFO:cooler.create:Writing chroms
INFO:cooler.create:Writing bins
INFO:cooler.create:Writing pixels
INFO:cooler.create:Writing indexes
INFO:cooler.create:Writing info
INFO:cooler.create:Writing chunk 20: /mnt/storage3b/projects/no_ngsd/ahthapp1_T2T_ONT/analysis_other/porec/T2T11/cooler/tmpxpg7wikj.multi.cool::20
INFO:cooler.create:Creating cooler at "/mnt/storage3b/projects/no_ngsd/ahthapp1_T2T_ONT/analysis_other/porec/T2T11/cooler/tmpxpg7wikj.multi.cool::/20"
INFO:cooler.create:Writing chroms
INFO:cooler.create:Writing bins
INFO:cooler.create:Writing pixels
INFO:cooler.create:Writing indexes
INFO:cooler.create:Writing info
INFO:cooler.create:Writing chunk 21: /mnt/storage3b/projects/no_ngsd/ahthapp1_T2T_ONT/analysis_other/porec/T2T11/cooler/tmpxpg7wikj.multi.cool::21
INFO:cooler.create:Creating cooler at "/mnt/storage3b/projects/no_ngsd/ahthapp1_T2T_ONT/analysis_other/porec/T2T11/cooler/tmpxpg7wikj.multi.cool::/21"
INFO:cooler.create:Writing chroms
INFO:cooler.create:Writing bins
INFO:cooler.create:Writing pixels
INFO:cooler.create:Writing indexes
INFO:cooler.create:Writing info
INFO:cooler.create:Writing chunk 22: /mnt/storage3b/projects/no_ngsd/ahthapp1_T2T_ONT/analysis_other/porec/T2T11/cooler/tmpxpg7wikj.multi.cool::22
INFO:cooler.create:Creating cooler at "/mnt/storage3b/projects/no_ngsd/ahthapp1_T2T_ONT/analysis_other/porec/T2T11/cooler/tmpxpg7wikj.multi.cool::/22"
INFO:cooler.create:Writing chroms
INFO:cooler.create:Writing bins
INFO:cooler.create:Writing pixels
INFO:cooler.create:Writing indexes
INFO:cooler.create:Writing info
INFO:cooler.create:Writing chunk 23: /mnt/storage3b/projects/no_ngsd/ahthapp1_T2T_ONT/analysis_other/porec/T2T11/cooler/tmpxpg7wikj.multi.cool::23
INFO:cooler.create:Creating cooler at "/mnt/storage3b/projects/no_ngsd/ahthapp1_T2T_ONT/analysis_other/porec/T2T11/cooler/tmpxpg7wikj.multi.cool::/23"
INFO:cooler.create:Writing chroms
INFO:cooler.create:Writing bins
INFO:cooler.create:Writing pixels
INFO:cooler.create:Writing indexes
INFO:cooler.create:Writing info
INFO:cooler.create:Writing chunk 24: /mnt/storage3b/projects/no_ngsd/ahthapp1_T2T_ONT/analysis_other/porec/T2T11/cooler/tmpxpg7wikj.multi.cool::24
INFO:cooler.create:Creating cooler at "/mnt/storage3b/projects/no_ngsd/ahthapp1_T2T_ONT/analysis_other/porec/T2T11/cooler/tmpxpg7wikj.multi.cool::/24"
INFO:cooler.create:Writing chroms
INFO:cooler.create:Writing bins
INFO:cooler.create:Writing pixels
INFO:cooler.create:Writing indexes
INFO:cooler.create:Writing info
INFO:cooler.create:Writing chunk 25: /mnt/storage3b/projects/no_ngsd/ahthapp1_T2T_ONT/analysis_other/porec/T2T11/cooler/tmpxpg7wikj.multi.cool::25
INFO:cooler.create:Creating cooler at "/mnt/storage3b/projects/no_ngsd/ahthapp1_T2T_ONT/analysis_other/porec/T2T11/cooler/tmpxpg7wikj.multi.cool::/25"
INFO:cooler.create:Writing chroms
INFO:cooler.create:Writing bins
INFO:cooler.create:Writing pixels
INFO:cooler.create:Writing indexes
INFO:cooler.create:Writing info
INFO:cooler.create:Writing chunk 26: /mnt/storage3b/projects/no_ngsd/ahthapp1_T2T_ONT/analysis_other/porec/T2T11/cooler/tmpxpg7wikj.multi.cool::26
INFO:cooler.create:Creating cooler at "/mnt/storage3b/projects/no_ngsd/ahthapp1_T2T_ONT/analysis_other/porec/T2T11/cooler/tmpxpg7wikj.multi.cool::/26"
INFO:cooler.create:Writing chroms
INFO:cooler.create:Writing bins
INFO:cooler.create:Writing pixels
INFO:cooler.create:Writing indexes
INFO:cooler.create:Writing info
INFO:cooler.create:Writing chunk 27: /mnt/storage3b/projects/no_ngsd/ahthapp1_T2T_ONT/analysis_other/porec/T2T11/cooler/tmpxpg7wikj.multi.cool::27
INFO:cooler.create:Creating cooler at "/mnt/storage3b/projects/no_ngsd/ahthapp1_T2T_ONT/analysis_other/porec/T2T11/cooler/tmpxpg7wikj.multi.cool::/27"
INFO:cooler.create:Writing chroms
INFO:cooler.create:Writing bins
INFO:cooler.create:Writing pixels
INFO:cooler.create:Writing indexes
INFO:cooler.create:Writing info
INFO:cooler.create:Writing chunk 28: /mnt/storage3b/projects/no_ngsd/ahthapp1_T2T_ONT/analysis_other/porec/T2T11/cooler/tmpxpg7wikj.multi.cool::28
INFO:cooler.create:Creating cooler at "/mnt/storage3b/projects/no_ngsd/ahthapp1_T2T_ONT/analysis_other/porec/T2T11/cooler/tmpxpg7wikj.multi.cool::/28"
INFO:cooler.create:Writing chroms
INFO:cooler.create:Writing bins
INFO:cooler.create:Writing pixels
INFO:cooler.create:Writing indexes
INFO:cooler.create:Writing info
INFO:cooler.create:Writing chunk 29: /mnt/storage3b/projects/no_ngsd/ahthapp1_T2T_ONT/analysis_other/porec/T2T11/cooler/tmpxpg7wikj.multi.cool::29
INFO:cooler.create:Creating cooler at "/mnt/storage3b/projects/no_ngsd/ahthapp1_T2T_ONT/analysis_other/porec/T2T11/cooler/tmpxpg7wikj.multi.cool::/29"
INFO:cooler.create:Writing chroms
INFO:cooler.create:Writing bins
INFO:cooler.create:Writing pixels
INFO:cooler.create:Writing indexes
INFO:cooler.create:Writing info
INFO:cooler.create:Writing chunk 30: /mnt/storage3b/projects/no_ngsd/ahthapp1_T2T_ONT/analysis_other/porec/T2T11/cooler/tmpxpg7wikj.multi.cool::30
INFO:cooler.create:Creating cooler at "/mnt/storage3b/projects/no_ngsd/ahthapp1_T2T_ONT/analysis_other/porec/T2T11/cooler/tmpxpg7wikj.multi.cool::/30"
INFO:cooler.create:Writing chroms
INFO:cooler.create:Writing bins
INFO:cooler.create:Writing pixels
INFO:cooler.create:Writing indexes
INFO:cooler.create:Writing info
INFO:cooler.create:Writing chunk 31: /mnt/storage3b/projects/no_ngsd/ahthapp1_T2T_ONT/analysis_other/porec/T2T11/cooler/tmpxpg7wikj.multi.cool::31
INFO:cooler.create:Creating cooler at "/mnt/storage3b/projects/no_ngsd/ahthapp1_T2T_ONT/analysis_other/porec/T2T11/cooler/tmpxpg7wikj.multi.cool::/31"
INFO:cooler.create:Writing chroms
INFO:cooler.create:Writing bins
INFO:cooler.create:Writing pixels
INFO:cooler.create:Writing indexes
INFO:cooler.create:Writing info
INFO:cooler.create:Writing chunk 32: /mnt/storage3b/projects/no_ngsd/ahthapp1_T2T_ONT/analysis_other/porec/T2T11/cooler/tmpxpg7wikj.multi.cool::32
INFO:cooler.create:Creating cooler at "/mnt/storage3b/projects/no_ngsd/ahthapp1_T2T_ONT/analysis_other/porec/T2T11/cooler/tmpxpg7wikj.multi.cool::/32"
INFO:cooler.create:Writing chroms
INFO:cooler.create:Writing bins
INFO:cooler.create:Writing pixels
INFO:cooler.create:Writing indexes
INFO:cooler.create:Writing info
INFO:cooler.create:Writing chunk 33: /mnt/storage3b/projects/no_ngsd/ahthapp1_T2T_ONT/analysis_other/porec/T2T11/cooler/tmpxpg7wikj.multi.cool::33
INFO:cooler.create:Creating cooler at "/mnt/storage3b/projects/no_ngsd/ahthapp1_T2T_ONT/analysis_other/porec/T2T11/cooler/tmpxpg7wikj.multi.cool::/33"
INFO:cooler.create:Writing chroms
INFO:cooler.create:Writing bins
INFO:cooler.create:Writing pixels
INFO:cooler.create:Writing indexes
INFO:cooler.create:Writing info
INFO:cooler.create:Writing chunk 34: /mnt/storage3b/projects/no_ngsd/ahthapp1_T2T_ONT/analysis_other/porec/T2T11/cooler/tmpxpg7wikj.multi.cool::34
INFO:cooler.create:Creating cooler at "/mnt/storage3b/projects/no_ngsd/ahthapp1_T2T_ONT/analysis_other/porec/T2T11/cooler/tmpxpg7wikj.multi.cool::/34"
INFO:cooler.create:Writing chroms
INFO:cooler.create:Writing bins
INFO:cooler.create:Writing pixels
INFO:cooler.create:Writing indexes
INFO:cooler.create:Writing info
INFO:cooler.create:Writing chunk 35: /mnt/storage3b/projects/no_ngsd/ahthapp1_T2T_ONT/analysis_other/porec/T2T11/cooler/tmpxpg7wikj.multi.cool::35
INFO:cooler.create:Creating cooler at "/mnt/storage3b/projects/no_ngsd/ahthapp1_T2T_ONT/analysis_other/porec/T2T11/cooler/tmpxpg7wikj.multi.cool::/35"
INFO:cooler.create:Writing chroms
INFO:cooler.create:Writing bins
INFO:cooler.create:Writing pixels
INFO:cooler.create:Writing indexes
INFO:cooler.create:Writing info
INFO:cooler.create:Writing chunk 36: /mnt/storage3b/projects/no_ngsd/ahthapp1_T2T_ONT/analysis_other/porec/T2T11/cooler/tmpxpg7wikj.multi.cool::36
INFO:cooler.create:Creating cooler at "/mnt/storage3b/projects/no_ngsd/ahthapp1_T2T_ONT/analysis_other/porec/T2T11/cooler/tmpxpg7wikj.multi.cool::/36"
INFO:cooler.create:Writing chroms
INFO:cooler.create:Writing bins
INFO:cooler.create:Writing pixels
INFO:cooler.create:Writing indexes
INFO:cooler.create:Writing info
INFO:cooler.create:Writing chunk 37: /mnt/storage3b/projects/no_ngsd/ahthapp1_T2T_ONT/analysis_other/porec/T2T11/cooler/tmpxpg7wikj.multi.cool::37
INFO:cooler.create:Creating cooler at "/mnt/storage3b/projects/no_ngsd/ahthapp1_T2T_ONT/analysis_other/porec/T2T11/cooler/tmpxpg7wikj.multi.cool::/37"
INFO:cooler.create:Writing chroms
INFO:cooler.create:Writing bins
INFO:cooler.create:Writing pixels
INFO:cooler.create:Writing indexes
INFO:cooler.create:Writing info
INFO:cooler.create:Writing chunk 38: /mnt/storage3b/projects/no_ngsd/ahthapp1_T2T_ONT/analysis_other/porec/T2T11/cooler/tmpxpg7wikj.multi.cool::38
INFO:cooler.create:Creating cooler at "/mnt/storage3b/projects/no_ngsd/ahthapp1_T2T_ONT/analysis_other/porec/T2T11/cooler/tmpxpg7wikj.multi.cool::/38"
INFO:cooler.create:Writing chroms
INFO:cooler.create:Writing bins
INFO:cooler.create:Writing pixels
INFO:cooler.create:Writing indexes
INFO:cooler.create:Writing info
INFO:cooler.create:Writing chunk 39: /mnt/storage3b/projects/no_ngsd/ahthapp1_T2T_ONT/analysis_other/porec/T2T11/cooler/tmpxpg7wikj.multi.cool::39
INFO:cooler.create:Creating cooler at "/mnt/storage3b/projects/no_ngsd/ahthapp1_T2T_ONT/analysis_other/porec/T2T11/cooler/tmpxpg7wikj.multi.cool::/39"
INFO:cooler.create:Writing chroms
INFO:cooler.create:Writing bins
INFO:cooler.create:Writing pixels
INFO:cooler.create:Writing indexes
INFO:cooler.create:Writing info
INFO:cooler.create:Writing chunk 40: /mnt/storage3b/projects/no_ngsd/ahthapp1_T2T_ONT/analysis_other/porec/T2T11/cooler/tmpxpg7wikj.multi.cool::40
INFO:cooler.create:Creating cooler at "/mnt/storage3b/projects/no_ngsd/ahthapp1_T2T_ONT/analysis_other/porec/T2T11/cooler/tmpxpg7wikj.multi.cool::/40"
INFO:cooler.create:Writing chroms
INFO:cooler.create:Writing bins
INFO:cooler.create:Writing pixels
INFO:cooler.create:Writing indexes
INFO:cooler.create:Writing info
INFO:cooler.create:Writing chunk 41: /mnt/storage3b/projects/no_ngsd/ahthapp1_T2T_ONT/analysis_other/porec/T2T11/cooler/tmpxpg7wikj.multi.cool::41
INFO:cooler.create:Creating cooler at "/mnt/storage3b/projects/no_ngsd/ahthapp1_T2T_ONT/analysis_other/porec/T2T11/cooler/tmpxpg7wikj.multi.cool::/41"
INFO:cooler.create:Writing chroms
INFO:cooler.create:Writing bins
INFO:cooler.create:Writing pixels
INFO:cooler.create:Writing indexes
INFO:cooler.create:Writing info
INFO:cooler.create:Writing chunk 42: /mnt/storage3b/projects/no_ngsd/ahthapp1_T2T_ONT/analysis_other/porec/T2T11/cooler/tmpxpg7wikj.multi.cool::42
INFO:cooler.create:Creating cooler at "/mnt/storage3b/projects/no_ngsd/ahthapp1_T2T_ONT/analysis_other/porec/T2T11/cooler/tmpxpg7wikj.multi.cool::/42"
INFO:cooler.create:Writing chroms
INFO:cooler.create:Writing bins
INFO:cooler.create:Writing pixels
INFO:cooler.create:Writing indexes
INFO:cooler.create:Writing info
INFO:cooler.create:Writing chunk 43: /mnt/storage3b/projects/no_ngsd/ahthapp1_T2T_ONT/analysis_other/porec/T2T11/cooler/tmpxpg7wikj.multi.cool::43
INFO:cooler.create:Creating cooler at "/mnt/storage3b/projects/no_ngsd/ahthapp1_T2T_ONT/analysis_other/porec/T2T11/cooler/tmpxpg7wikj.multi.cool::/43"
INFO:cooler.create:Writing chroms
INFO:cooler.create:Writing bins
INFO:cooler.create:Writing pixels
INFO:cooler.create:Writing indexes
INFO:cooler.create:Writing info
INFO:cooler.create:Writing chunk 44: /mnt/storage3b/projects/no_ngsd/ahthapp1_T2T_ONT/analysis_other/porec/T2T11/cooler/tmpxpg7wikj.multi.cool::44
INFO:cooler.create:Creating cooler at "/mnt/storage3b/projects/no_ngsd/ahthapp1_T2T_ONT/analysis_other/porec/T2T11/cooler/tmpxpg7wikj.multi.cool::/44"
INFO:cooler.create:Writing chroms
INFO:cooler.create:Writing bins
INFO:cooler.create:Writing pixels
INFO:cooler.create:Writing indexes
INFO:cooler.create:Writing info
INFO:cooler.create:Writing chunk 45: /mnt/storage3b/projects/no_ngsd/ahthapp1_T2T_ONT/analysis_other/porec/T2T11/cooler/tmpxpg7wikj.multi.cool::45
INFO:cooler.create:Creating cooler at "/mnt/storage3b/projects/no_ngsd/ahthapp1_T2T_ONT/analysis_other/porec/T2T11/cooler/tmpxpg7wikj.multi.cool::/45"
INFO:cooler.create:Writing chroms
INFO:cooler.create:Writing bins
INFO:cooler.create:Writing pixels
INFO:cooler.create:Writing indexes
INFO:cooler.create:Writing info
INFO:cooler.create:Writing chunk 46: /mnt/storage3b/projects/no_ngsd/ahthapp1_T2T_ONT/analysis_other/porec/T2T11/cooler/tmpxpg7wikj.multi.cool::46
INFO:cooler.create:Creating cooler at "/mnt/storage3b/projects/no_ngsd/ahthapp1_T2T_ONT/analysis_other/porec/T2T11/cooler/tmpxpg7wikj.multi.cool::/46"
INFO:cooler.create:Writing chroms
INFO:cooler.create:Writing bins
INFO:cooler.create:Writing pixels
INFO:cooler.create:Writing indexes
INFO:cooler.create:Writing info
INFO:cooler.create:Writing chunk 47: /mnt/storage3b/projects/no_ngsd/ahthapp1_T2T_ONT/analysis_other/porec/T2T11/cooler/tmpxpg7wikj.multi.cool::47
INFO:cooler.create:Creating cooler at "/mnt/storage3b/projects/no_ngsd/ahthapp1_T2T_ONT/analysis_other/porec/T2T11/cooler/tmpxpg7wikj.multi.cool::/47"
INFO:cooler.create:Writing chroms
INFO:cooler.create:Writing bins
INFO:cooler.create:Writing pixels
INFO:cooler.create:Writing indexes
INFO:cooler.create:Writing info
INFO:cooler.create:Writing chunk 48: /mnt/storage3b/projects/no_ngsd/ahthapp1_T2T_ONT/analysis_other/porec/T2T11/cooler/tmpxpg7wikj.multi.cool::48
INFO:cooler.create:Creating cooler at "/mnt/storage3b/projects/no_ngsd/ahthapp1_T2T_ONT/analysis_other/porec/T2T11/cooler/tmpxpg7wikj.multi.cool::/48"
INFO:cooler.create:Writing chroms
INFO:cooler.create:Writing bins
INFO:cooler.create:Writing pixels
INFO:cooler.create:Writing indexes
INFO:cooler.create:Writing info
INFO:cooler.create:Writing chunk 49: /mnt/storage3b/projects/no_ngsd/ahthapp1_T2T_ONT/analysis_other/porec/T2T11/cooler/tmpxpg7wikj.multi.cool::49
INFO:cooler.create:Creating cooler at "/mnt/storage3b/projects/no_ngsd/ahthapp1_T2T_ONT/analysis_other/porec/T2T11/cooler/tmpxpg7wikj.multi.cool::/49"
INFO:cooler.create:Writing chroms
INFO:cooler.create:Writing bins
INFO:cooler.create:Writing pixels
INFO:cooler.create:Writing indexes
INFO:cooler.create:Writing info
INFO:cooler.create:Writing chunk 50: /mnt/storage3b/projects/no_ngsd/ahthapp1_T2T_ONT/analysis_other/porec/T2T11/cooler/tmpxpg7wikj.multi.cool::50
INFO:cooler.create:Creating cooler at "/mnt/storage3b/projects/no_ngsd/ahthapp1_T2T_ONT/analysis_other/porec/T2T11/cooler/tmpxpg7wikj.multi.cool::/50"
INFO:cooler.create:Writing chroms
INFO:cooler.create:Writing bins
INFO:cooler.create:Writing pixels
INFO:cooler.create:Writing indexes
INFO:cooler.create:Writing info
INFO:cooler.create:Writing chunk 51: /mnt/storage3b/projects/no_ngsd/ahthapp1_T2T_ONT/analysis_other/porec/T2T11/cooler/tmpxpg7wikj.multi.cool::51
INFO:cooler.create:Creating cooler at "/mnt/storage3b/projects/no_ngsd/ahthapp1_T2T_ONT/analysis_other/porec/T2T11/cooler/tmpxpg7wikj.multi.cool::/51"
INFO:cooler.create:Writing chroms
INFO:cooler.create:Writing bins
INFO:cooler.create:Writing pixels
INFO:cooler.create:Writing indexes
INFO:cooler.create:Writing info
INFO:cooler.create:Writing chunk 52: /mnt/storage3b/projects/no_ngsd/ahthapp1_T2T_ONT/analysis_other/porec/T2T11/cooler/tmpxpg7wikj.multi.cool::52
INFO:cooler.create:Creating cooler at "/mnt/storage3b/projects/no_ngsd/ahthapp1_T2T_ONT/analysis_other/porec/T2T11/cooler/tmpxpg7wikj.multi.cool::/52"
INFO:cooler.create:Writing chroms
INFO:cooler.create:Writing bins
INFO:cooler.create:Writing pixels
INFO:cooler.create:Writing indexes
INFO:cooler.create:Writing info
INFO:cooler.create:Writing chunk 53: /mnt/storage3b/projects/no_ngsd/ahthapp1_T2T_ONT/analysis_other/porec/T2T11/cooler/tmpxpg7wikj.multi.cool::53
INFO:cooler.create:Creating cooler at "/mnt/storage3b/projects/no_ngsd/ahthapp1_T2T_ONT/analysis_other/porec/T2T11/cooler/tmpxpg7wikj.multi.cool::/53"
INFO:cooler.create:Writing chroms
INFO:cooler.create:Writing bins
INFO:cooler.create:Writing pixels
INFO:cooler.create:Writing indexes
INFO:cooler.create:Writing info
INFO:cooler.create:Writing chunk 54: /mnt/storage3b/projects/no_ngsd/ahthapp1_T2T_ONT/analysis_other/porec/T2T11/cooler/tmpxpg7wikj.multi.cool::54
INFO:cooler.create:Creating cooler at "/mnt/storage3b/projects/no_ngsd/ahthapp1_T2T_ONT/analysis_other/porec/T2T11/cooler/tmpxpg7wikj.multi.cool::/54"
INFO:cooler.create:Writing chroms
INFO:cooler.create:Writing bins
INFO:cooler.create:Writing pixels
INFO:cooler.create:Writing indexes
INFO:cooler.create:Writing info
INFO:cooler.create:Writing chunk 55: /mnt/storage3b/projects/no_ngsd/ahthapp1_T2T_ONT/analysis_other/porec/T2T11/cooler/tmpxpg7wikj.multi.cool::55
INFO:cooler.create:Creating cooler at "/mnt/storage3b/projects/no_ngsd/ahthapp1_T2T_ONT/analysis_other/porec/T2T11/cooler/tmpxpg7wikj.multi.cool::/55"
INFO:cooler.create:Writing chroms
INFO:cooler.create:Writing bins
INFO:cooler.create:Writing pixels
INFO:cooler.create:Writing indexes
INFO:cooler.create:Writing info
INFO:cooler.create:Writing chunk 56: /mnt/storage3b/projects/no_ngsd/ahthapp1_T2T_ONT/analysis_other/porec/T2T11/cooler/tmpxpg7wikj.multi.cool::56
INFO:cooler.create:Creating cooler at "/mnt/storage3b/projects/no_ngsd/ahthapp1_T2T_ONT/analysis_other/porec/T2T11/cooler/tmpxpg7wikj.multi.cool::/56"
INFO:cooler.create:Writing chroms
INFO:cooler.create:Writing bins
INFO:cooler.create:Writing pixels
INFO:cooler.create:Writing indexes
INFO:cooler.create:Writing info
INFO:cooler.create:Writing chunk 57: /mnt/storage3b/projects/no_ngsd/ahthapp1_T2T_ONT/analysis_other/porec/T2T11/cooler/tmpxpg7wikj.multi.cool::57
INFO:cooler.create:Creating cooler at "/mnt/storage3b/projects/no_ngsd/ahthapp1_T2T_ONT/analysis_other/porec/T2T11/cooler/tmpxpg7wikj.multi.cool::/57"
INFO:cooler.create:Writing chroms
INFO:cooler.create:Writing bins
INFO:cooler.create:Writing pixels
INFO:cooler.create:Writing indexes
INFO:cooler.create:Writing info
INFO:cooler.create:Writing chunk 58: /mnt/storage3b/projects/no_ngsd/ahthapp1_T2T_ONT/analysis_other/porec/T2T11/cooler/tmpxpg7wikj.multi.cool::58
INFO:cooler.create:Creating cooler at "/mnt/storage3b/projects/no_ngsd/ahthapp1_T2T_ONT/analysis_other/porec/T2T11/cooler/tmpxpg7wikj.multi.cool::/58"
INFO:cooler.create:Writing chroms
INFO:cooler.create:Writing bins
INFO:cooler.create:Writing pixels
INFO:cooler.create:Writing indexes
INFO:cooler.create:Writing info
INFO:cooler.create:Writing chunk 59: /mnt/storage3b/projects/no_ngsd/ahthapp1_T2T_ONT/analysis_other/porec/T2T11/cooler/tmpxpg7wikj.multi.cool::59
INFO:cooler.create:Creating cooler at "/mnt/storage3b/projects/no_ngsd/ahthapp1_T2T_ONT/analysis_other/porec/T2T11/cooler/tmpxpg7wikj.multi.cool::/59"
INFO:cooler.create:Writing chroms
INFO:cooler.create:Writing bins
INFO:cooler.create:Writing pixels
INFO:cooler.create:Writing indexes
INFO:cooler.create:Writing info
INFO:cooler.create:Writing chunk 60: /mnt/storage3b/projects/no_ngsd/ahthapp1_T2T_ONT/analysis_other/porec/T2T11/cooler/tmpxpg7wikj.multi.cool::60
INFO:cooler.create:Creating cooler at "/mnt/storage3b/projects/no_ngsd/ahthapp1_T2T_ONT/analysis_other/porec/T2T11/cooler/tmpxpg7wikj.multi.cool::/60"
INFO:cooler.create:Writing chroms
INFO:cooler.create:Writing bins
INFO:cooler.create:Writing pixels
INFO:cooler.create:Writing indexes
INFO:cooler.create:Writing info
INFO:cooler.create:Writing chunk 61: /mnt/storage3b/projects/no_ngsd/ahthapp1_T2T_ONT/analysis_other/porec/T2T11/cooler/tmpxpg7wikj.multi.cool::61
INFO:cooler.create:Creating cooler at "/mnt/storage3b/projects/no_ngsd/ahthapp1_T2T_ONT/analysis_other/porec/T2T11/cooler/tmpxpg7wikj.multi.cool::/61"
INFO:cooler.create:Writing chroms
INFO:cooler.create:Writing bins
INFO:cooler.create:Writing pixels
INFO:cooler.create:Writing indexes
INFO:cooler.create:Writing info
INFO:cooler.create:Writing chunk 62: /mnt/storage3b/projects/no_ngsd/ahthapp1_T2T_ONT/analysis_other/porec/T2T11/cooler/tmpxpg7wikj.multi.cool::62
INFO:cooler.create:Creating cooler at "/mnt/storage3b/projects/no_ngsd/ahthapp1_T2T_ONT/analysis_other/porec/T2T11/cooler/tmpxpg7wikj.multi.cool::/62"
INFO:cooler.create:Writing chroms
INFO:cooler.create:Writing bins
INFO:cooler.create:Writing pixels
INFO:cooler.create:Writing indexes
INFO:cooler.create:Writing info
INFO:cooler.create:Writing chunk 63: /mnt/storage3b/projects/no_ngsd/ahthapp1_T2T_ONT/analysis_other/porec/T2T11/cooler/tmpxpg7wikj.multi.cool::63
INFO:cooler.create:Creating cooler at "/mnt/storage3b/projects/no_ngsd/ahthapp1_T2T_ONT/analysis_other/porec/T2T11/cooler/tmpxpg7wikj.multi.cool::/63"
INFO:cooler.create:Writing chroms
INFO:cooler.create:Writing bins
INFO:cooler.create:Writing pixels
INFO:cooler.create:Writing indexes
INFO:cooler.create:Writing info
INFO:cooler.create:Writing chunk 64: /mnt/storage3b/projects/no_ngsd/ahthapp1_T2T_ONT/analysis_other/porec/T2T11/cooler/tmpxpg7wikj.multi.cool::64
INFO:cooler.create:Creating cooler at "/mnt/storage3b/projects/no_ngsd/ahthapp1_T2T_ONT/analysis_other/porec/T2T11/cooler/tmpxpg7wikj.multi.cool::/64"
INFO:cooler.create:Writing chroms
INFO:cooler.create:Writing bins
INFO:cooler.create:Writing pixels
INFO:cooler.create:Writing indexes
INFO:cooler.create:Writing info
INFO:cooler.create:Writing chunk 65: /mnt/storage3b/projects/no_ngsd/ahthapp1_T2T_ONT/analysis_other/porec/T2T11/cooler/tmpxpg7wikj.multi.cool::65
INFO:cooler.create:Creating cooler at "/mnt/storage3b/projects/no_ngsd/ahthapp1_T2T_ONT/analysis_other/porec/T2T11/cooler/tmpxpg7wikj.multi.cool::/65"
INFO:cooler.create:Writing chroms
INFO:cooler.create:Writing bins
INFO:cooler.create:Writing pixels
INFO:cooler.create:Writing indexes
INFO:cooler.create:Writing info
INFO:cooler.create:Writing chunk 66: /mnt/storage3b/projects/no_ngsd/ahthapp1_T2T_ONT/analysis_other/porec/T2T11/cooler/tmpxpg7wikj.multi.cool::66
INFO:cooler.create:Creating cooler at "/mnt/storage3b/projects/no_ngsd/ahthapp1_T2T_ONT/analysis_other/porec/T2T11/cooler/tmpxpg7wikj.multi.cool::/66"
INFO:cooler.create:Writing chroms
INFO:cooler.create:Writing bins
INFO:cooler.create:Writing pixels
INFO:cooler.create:Writing indexes
INFO:cooler.create:Writing info
INFO:cooler.create:Writing chunk 67: /mnt/storage3b/projects/no_ngsd/ahthapp1_T2T_ONT/analysis_other/porec/T2T11/cooler/tmpxpg7wikj.multi.cool::67
INFO:cooler.create:Creating cooler at "/mnt/storage3b/projects/no_ngsd/ahthapp1_T2T_ONT/analysis_other/porec/T2T11/cooler/tmpxpg7wikj.multi.cool::/67"
INFO:cooler.create:Writing chroms
INFO:cooler.create:Writing bins
INFO:cooler.create:Writing pixels
INFO:cooler.create:Writing indexes
INFO:cooler.create:Writing info
INFO:cooler.create:Writing chunk 68: /mnt/storage3b/projects/no_ngsd/ahthapp1_T2T_ONT/analysis_other/porec/T2T11/cooler/tmpxpg7wikj.multi.cool::68
INFO:cooler.create:Creating cooler at "/mnt/storage3b/projects/no_ngsd/ahthapp1_T2T_ONT/analysis_other/porec/T2T11/cooler/tmpxpg7wikj.multi.cool::/68"
INFO:cooler.create:Writing chroms
INFO:cooler.create:Writing bins
INFO:cooler.create:Writing pixels
INFO:cooler.create:Writing indexes
INFO:cooler.create:Writing info
INFO:cooler.create:Writing chunk 69: /mnt/storage3b/projects/no_ngsd/ahthapp1_T2T_ONT/analysis_other/porec/T2T11/cooler/tmpxpg7wikj.multi.cool::69
INFO:cooler.create:Creating cooler at "/mnt/storage3b/projects/no_ngsd/ahthapp1_T2T_ONT/analysis_other/porec/T2T11/cooler/tmpxpg7wikj.multi.cool::/69"
INFO:cooler.create:Writing chroms
INFO:cooler.create:Writing bins
INFO:cooler.create:Writing pixels
INFO:cooler.create:Writing indexes
INFO:cooler.create:Writing info
INFO:cooler.create:Writing chunk 70: /mnt/storage3b/projects/no_ngsd/ahthapp1_T2T_ONT/analysis_other/porec/T2T11/cooler/tmpxpg7wikj.multi.cool::70
INFO:cooler.create:Creating cooler at "/mnt/storage3b/projects/no_ngsd/ahthapp1_T2T_ONT/analysis_other/porec/T2T11/cooler/tmpxpg7wikj.multi.cool::/70"
INFO:cooler.create:Writing chroms
INFO:cooler.create:Writing bins
INFO:cooler.create:Writing pixels
INFO:cooler.create:Writing indexes
INFO:cooler.create:Writing info
INFO:cooler.create:Writing chunk 71: /mnt/storage3b/projects/no_ngsd/ahthapp1_T2T_ONT/analysis_other/porec/T2T11/cooler/tmpxpg7wikj.multi.cool::71
INFO:cooler.create:Creating cooler at "/mnt/storage3b/projects/no_ngsd/ahthapp1_T2T_ONT/analysis_other/porec/T2T11/cooler/tmpxpg7wikj.multi.cool::/71"
INFO:cooler.create:Writing chroms
INFO:cooler.create:Writing bins
INFO:cooler.create:Writing pixels
INFO:cooler.create:Writing indexes
INFO:cooler.create:Writing info
INFO:cooler.create:Writing chunk 72: /mnt/storage3b/projects/no_ngsd/ahthapp1_T2T_ONT/analysis_other/porec/T2T11/cooler/tmpxpg7wikj.multi.cool::72
INFO:cooler.create:Creating cooler at "/mnt/storage3b/projects/no_ngsd/ahthapp1_T2T_ONT/analysis_other/porec/T2T11/cooler/tmpxpg7wikj.multi.cool::/72"
INFO:cooler.create:Writing chroms
INFO:cooler.create:Writing bins
INFO:cooler.create:Writing pixels
INFO:cooler.create:Writing indexes
INFO:cooler.create:Writing info
INFO:cooler.create:Writing chunk 73: /mnt/storage3b/projects/no_ngsd/ahthapp1_T2T_ONT/analysis_other/porec/T2T11/cooler/tmpxpg7wikj.multi.cool::73
INFO:cooler.create:Creating cooler at "/mnt/storage3b/projects/no_ngsd/ahthapp1_T2T_ONT/analysis_other/porec/T2T11/cooler/tmpxpg7wikj.multi.cool::/73"
INFO:cooler.create:Writing chroms
INFO:cooler.create:Writing bins
INFO:cooler.create:Writing pixels
INFO:cooler.create:Writing indexes
INFO:cooler.create:Writing info
INFO:cooler.create:Writing chunk 74: /mnt/storage3b/projects/no_ngsd/ahthapp1_T2T_ONT/analysis_other/porec/T2T11/cooler/tmpxpg7wikj.multi.cool::74
INFO:cooler.create:Creating cooler at "/mnt/storage3b/projects/no_ngsd/ahthapp1_T2T_ONT/analysis_other/porec/T2T11/cooler/tmpxpg7wikj.multi.cool::/74"
INFO:cooler.create:Writing chroms
INFO:cooler.create:Writing bins
INFO:cooler.create:Writing pixels
INFO:cooler.create:Writing indexes
INFO:cooler.create:Writing info
INFO:cooler.create:Writing chunk 75: /mnt/storage3b/projects/no_ngsd/ahthapp1_T2T_ONT/analysis_other/porec/T2T11/cooler/tmpxpg7wikj.multi.cool::75
INFO:cooler.create:Creating cooler at "/mnt/storage3b/projects/no_ngsd/ahthapp1_T2T_ONT/analysis_other/porec/T2T11/cooler/tmpxpg7wikj.multi.cool::/75"
INFO:cooler.create:Writing chroms
INFO:cooler.create:Writing bins
INFO:cooler.create:Writing pixels
INFO:cooler.create:Writing indexes
INFO:cooler.create:Writing info
INFO:cooler.create:Writing chunk 76: /mnt/storage3b/projects/no_ngsd/ahthapp1_T2T_ONT/analysis_other/porec/T2T11/cooler/tmpxpg7wikj.multi.cool::76
INFO:cooler.create:Creating cooler at "/mnt/storage3b/projects/no_ngsd/ahthapp1_T2T_ONT/analysis_other/porec/T2T11/cooler/tmpxpg7wikj.multi.cool::/76"
INFO:cooler.create:Writing chroms
INFO:cooler.create:Writing bins
INFO:cooler.create:Writing pixels
INFO:cooler.create:Writing indexes
INFO:cooler.create:Writing info
INFO:cooler.create:Writing chunk 77: /mnt/storage3b/projects/no_ngsd/ahthapp1_T2T_ONT/analysis_other/porec/T2T11/cooler/tmpxpg7wikj.multi.cool::77
INFO:cooler.create:Creating cooler at "/mnt/storage3b/projects/no_ngsd/ahthapp1_T2T_ONT/analysis_other/porec/T2T11/cooler/tmpxpg7wikj.multi.cool::/77"
INFO:cooler.create:Writing chroms
INFO:cooler.create:Writing bins
INFO:cooler.create:Writing pixels
INFO:cooler.create:Writing indexes
INFO:cooler.create:Writing info
INFO:cooler.create:Writing chunk 78: /mnt/storage3b/projects/no_ngsd/ahthapp1_T2T_ONT/analysis_other/porec/T2T11/cooler/tmpxpg7wikj.multi.cool::78
INFO:cooler.create:Creating cooler at "/mnt/storage3b/projects/no_ngsd/ahthapp1_T2T_ONT/analysis_other/porec/T2T11/cooler/tmpxpg7wikj.multi.cool::/78"
INFO:cooler.create:Writing chroms
INFO:cooler.create:Writing bins
INFO:cooler.create:Writing pixels
INFO:cooler.create:Writing indexes
INFO:cooler.create:Writing info
INFO:cooler.create:Writing chunk 79: /mnt/storage3b/projects/no_ngsd/ahthapp1_T2T_ONT/analysis_other/porec/T2T11/cooler/tmpxpg7wikj.multi.cool::79
INFO:cooler.create:Creating cooler at "/mnt/storage3b/projects/no_ngsd/ahthapp1_T2T_ONT/analysis_other/porec/T2T11/cooler/tmpxpg7wikj.multi.cool::/79"
INFO:cooler.create:Writing chroms
INFO:cooler.create:Writing bins
INFO:cooler.create:Writing pixels
INFO:cooler.create:Writing indexes
INFO:cooler.create:Writing info
INFO:cooler.create:Writing chunk 80: /mnt/storage3b/projects/no_ngsd/ahthapp1_T2T_ONT/analysis_other/porec/T2T11/cooler/tmpxpg7wikj.multi.cool::80
INFO:cooler.create:Creating cooler at "/mnt/storage3b/projects/no_ngsd/ahthapp1_T2T_ONT/analysis_other/porec/T2T11/cooler/tmpxpg7wikj.multi.cool::/80"
INFO:cooler.create:Writing chroms
INFO:cooler.create:Writing bins
INFO:cooler.create:Writing pixels
INFO:cooler.create:Writing indexes
INFO:cooler.create:Writing info
INFO:cooler.create:Writing chunk 81: /mnt/storage3b/projects/no_ngsd/ahthapp1_T2T_ONT/analysis_other/porec/T2T11/cooler/tmpxpg7wikj.multi.cool::81
INFO:cooler.create:Creating cooler at "/mnt/storage3b/projects/no_ngsd/ahthapp1_T2T_ONT/analysis_other/porec/T2T11/cooler/tmpxpg7wikj.multi.cool::/81"
INFO:cooler.create:Writing chroms
INFO:cooler.create:Writing bins
INFO:cooler.create:Writing pixels
INFO:cooler.create:Writing indexes
INFO:cooler.create:Writing info
INFO:cooler.create:Writing chunk 82: /mnt/storage3b/projects/no_ngsd/ahthapp1_T2T_ONT/analysis_other/porec/T2T11/cooler/tmpxpg7wikj.multi.cool::82
INFO:cooler.create:Creating cooler at "/mnt/storage3b/projects/no_ngsd/ahthapp1_T2T_ONT/analysis_other/porec/T2T11/cooler/tmpxpg7wikj.multi.cool::/82"
INFO:cooler.create:Writing chroms
INFO:cooler.create:Writing bins
INFO:cooler.create:Writing pixels
INFO:cooler.create:Writing indexes
INFO:cooler.create:Writing info
INFO:cooler.create:Writing chunk 83: /mnt/storage3b/projects/no_ngsd/ahthapp1_T2T_ONT/analysis_other/porec/T2T11/cooler/tmpxpg7wikj.multi.cool::83
INFO:cooler.create:Creating cooler at "/mnt/storage3b/projects/no_ngsd/ahthapp1_T2T_ONT/analysis_other/porec/T2T11/cooler/tmpxpg7wikj.multi.cool::/83"
INFO:cooler.create:Writing chroms
INFO:cooler.create:Writing bins
INFO:cooler.create:Writing pixels
INFO:cooler.create:Writing indexes
INFO:cooler.create:Writing info
INFO:cooler.create:Writing chunk 84: /mnt/storage3b/projects/no_ngsd/ahthapp1_T2T_ONT/analysis_other/porec/T2T11/cooler/tmpxpg7wikj.multi.cool::84
INFO:cooler.create:Creating cooler at "/mnt/storage3b/projects/no_ngsd/ahthapp1_T2T_ONT/analysis_other/porec/T2T11/cooler/tmpxpg7wikj.multi.cool::/84"
INFO:cooler.create:Writing chroms
INFO:cooler.create:Writing bins
INFO:cooler.create:Writing pixels
INFO:cooler.create:Writing indexes
INFO:cooler.create:Writing info
INFO:cooler.create:Writing chunk 85: /mnt/storage3b/projects/no_ngsd/ahthapp1_T2T_ONT/analysis_other/porec/T2T11/cooler/tmpxpg7wikj.multi.cool::85
INFO:cooler.create:Creating cooler at "/mnt/storage3b/projects/no_ngsd/ahthapp1_T2T_ONT/analysis_other/porec/T2T11/cooler/tmpxpg7wikj.multi.cool::/85"
INFO:cooler.create:Writing chroms
INFO:cooler.create:Writing bins
INFO:cooler.create:Writing pixels
INFO:cooler.create:Writing indexes
INFO:cooler.create:Writing info
INFO:cooler.create:Writing chunk 86: /mnt/storage3b/projects/no_ngsd/ahthapp1_T2T_ONT/analysis_other/porec/T2T11/cooler/tmpxpg7wikj.multi.cool::86
INFO:cooler.create:Creating cooler at "/mnt/storage3b/projects/no_ngsd/ahthapp1_T2T_ONT/analysis_other/porec/T2T11/cooler/tmpxpg7wikj.multi.cool::/86"
INFO:cooler.create:Writing chroms
INFO:cooler.create:Writing bins
INFO:cooler.create:Writing pixels
INFO:cooler.create:Writing indexes
INFO:cooler.create:Writing info
INFO:cooler.create:Writing chunk 87: /mnt/storage3b/projects/no_ngsd/ahthapp1_T2T_ONT/analysis_other/porec/T2T11/cooler/tmpxpg7wikj.multi.cool::87
INFO:cooler.create:Creating cooler at "/mnt/storage3b/projects/no_ngsd/ahthapp1_T2T_ONT/analysis_other/porec/T2T11/cooler/tmpxpg7wikj.multi.cool::/87"
INFO:cooler.create:Writing chroms
INFO:cooler.create:Writing bins
INFO:cooler.create:Writing pixels
INFO:cooler.create:Writing indexes
INFO:cooler.create:Writing info
INFO:cooler.create:Writing chunk 88: /mnt/storage3b/projects/no_ngsd/ahthapp1_T2T_ONT/analysis_other/porec/T2T11/cooler/tmpxpg7wikj.multi.cool::88
INFO:cooler.create:Creating cooler at "/mnt/storage3b/projects/no_ngsd/ahthapp1_T2T_ONT/analysis_other/porec/T2T11/cooler/tmpxpg7wikj.multi.cool::/88"
INFO:cooler.create:Writing chroms
INFO:cooler.create:Writing bins
INFO:cooler.create:Writing pixels
INFO:cooler.create:Writing indexes
INFO:cooler.create:Writing info
INFO:cooler.create:Writing chunk 89: /mnt/storage3b/projects/no_ngsd/ahthapp1_T2T_ONT/analysis_other/porec/T2T11/cooler/tmpxpg7wikj.multi.cool::89
INFO:cooler.create:Creating cooler at "/mnt/storage3b/projects/no_ngsd/ahthapp1_T2T_ONT/analysis_other/porec/T2T11/cooler/tmpxpg7wikj.multi.cool::/89"
INFO:cooler.create:Writing chroms
INFO:cooler.create:Writing bins
INFO:cooler.create:Writing pixels
INFO:cooler.create:Writing indexes
INFO:cooler.create:Writing info
INFO:cooler.create:Writing chunk 90: /mnt/storage3b/projects/no_ngsd/ahthapp1_T2T_ONT/analysis_other/porec/T2T11/cooler/tmpxpg7wikj.multi.cool::90
INFO:cooler.create:Creating cooler at "/mnt/storage3b/projects/no_ngsd/ahthapp1_T2T_ONT/analysis_other/porec/T2T11/cooler/tmpxpg7wikj.multi.cool::/90"
INFO:cooler.create:Writing chroms
INFO:cooler.create:Writing bins
INFO:cooler.create:Writing pixels
INFO:cooler.create:Writing indexes
INFO:cooler.create:Writing info
INFO:cooler.create:Writing chunk 91: /mnt/storage3b/projects/no_ngsd/ahthapp1_T2T_ONT/analysis_other/porec/T2T11/cooler/tmpxpg7wikj.multi.cool::91
INFO:cooler.create:Creating cooler at "/mnt/storage3b/projects/no_ngsd/ahthapp1_T2T_ONT/analysis_other/porec/T2T11/cooler/tmpxpg7wikj.multi.cool::/91"
INFO:cooler.create:Writing chroms
INFO:cooler.create:Writing bins
INFO:cooler.create:Writing pixels
INFO:cooler.create:Writing indexes
INFO:cooler.create:Writing info
INFO:cooler.create:Writing chunk 92: /mnt/storage3b/projects/no_ngsd/ahthapp1_T2T_ONT/analysis_other/porec/T2T11/cooler/tmpxpg7wikj.multi.cool::92
INFO:cooler.create:Creating cooler at "/mnt/storage3b/projects/no_ngsd/ahthapp1_T2T_ONT/analysis_other/porec/T2T11/cooler/tmpxpg7wikj.multi.cool::/92"
INFO:cooler.create:Writing chroms
INFO:cooler.create:Writing bins
INFO:cooler.create:Writing pixels
INFO:cooler.create:Writing indexes
INFO:cooler.create:Writing info
INFO:cooler.create:Writing chunk 93: /mnt/storage3b/projects/no_ngsd/ahthapp1_T2T_ONT/analysis_other/porec/T2T11/cooler/tmpxpg7wikj.multi.cool::93
INFO:cooler.create:Creating cooler at "/mnt/storage3b/projects/no_ngsd/ahthapp1_T2T_ONT/analysis_other/porec/T2T11/cooler/tmpxpg7wikj.multi.cool::/93"
INFO:cooler.create:Writing chroms
INFO:cooler.create:Writing bins
INFO:cooler.create:Writing pixels
INFO:cooler.create:Writing indexes
INFO:cooler.create:Writing info
INFO:cooler.create:Writing chunk 94: /mnt/storage3b/projects/no_ngsd/ahthapp1_T2T_ONT/analysis_other/porec/T2T11/cooler/tmpxpg7wikj.multi.cool::94
INFO:cooler.create:Creating cooler at "/mnt/storage3b/projects/no_ngsd/ahthapp1_T2T_ONT/analysis_other/porec/T2T11/cooler/tmpxpg7wikj.multi.cool::/94"
INFO:cooler.create:Writing chroms
INFO:cooler.create:Writing bins
INFO:cooler.create:Writing pixels
INFO:cooler.create:Writing indexes
INFO:cooler.create:Writing info
INFO:cooler.create:Writing chunk 95: /mnt/storage3b/projects/no_ngsd/ahthapp1_T2T_ONT/analysis_other/porec/T2T11/cooler/tmpxpg7wikj.multi.cool::95
INFO:cooler.create:Creating cooler at "/mnt/storage3b/projects/no_ngsd/ahthapp1_T2T_ONT/analysis_other/porec/T2T11/cooler/tmpxpg7wikj.multi.cool::/95"
INFO:cooler.create:Writing chroms
INFO:cooler.create:Writing bins
INFO:cooler.create:Writing pixels
INFO:cooler.create:Writing indexes
INFO:cooler.create:Writing info
INFO:cooler.create:Writing chunk 96: /mnt/storage3b/projects/no_ngsd/ahthapp1_T2T_ONT/analysis_other/porec/T2T11/cooler/tmpxpg7wikj.multi.cool::96
INFO:cooler.create:Creating cooler at "/mnt/storage3b/projects/no_ngsd/ahthapp1_T2T_ONT/analysis_other/porec/T2T11/cooler/tmpxpg7wikj.multi.cool::/96"
INFO:cooler.create:Writing chroms
INFO:cooler.create:Writing bins
INFO:cooler.create:Writing pixels
INFO:cooler.create:Writing indexes
INFO:cooler.create:Writing info
INFO:cooler.create:Writing chunk 97: /mnt/storage3b/projects/no_ngsd/ahthapp1_T2T_ONT/analysis_other/porec/T2T11/cooler/tmpxpg7wikj.multi.cool::97
INFO:cooler.create:Creating cooler at "/mnt/storage3b/projects/no_ngsd/ahthapp1_T2T_ONT/analysis_other/porec/T2T11/cooler/tmpxpg7wikj.multi.cool::/97"
INFO:cooler.create:Writing chroms
INFO:cooler.create:Writing bins
INFO:cooler.create:Writing pixels
INFO:cooler.create:Writing indexes
INFO:cooler.create:Writing info
INFO:cooler.create:Writing chunk 98: /mnt/storage3b/projects/no_ngsd/ahthapp1_T2T_ONT/analysis_other/porec/T2T11/cooler/tmpxpg7wikj.multi.cool::98
INFO:cooler.create:Creating cooler at "/mnt/storage3b/projects/no_ngsd/ahthapp1_T2T_ONT/analysis_other/porec/T2T11/cooler/tmpxpg7wikj.multi.cool::/98"
INFO:cooler.create:Writing chroms
INFO:cooler.create:Writing bins
INFO:cooler.create:Writing pixels
INFO:cooler.create:Writing indexes
INFO:cooler.create:Writing info
INFO:cooler.create:Writing chunk 99: /mnt/storage3b/projects/no_ngsd/ahthapp1_T2T_ONT/analysis_other/porec/T2T11/cooler/tmpxpg7wikj.multi.cool::99
INFO:cooler.create:Creating cooler at "/mnt/storage3b/projects/no_ngsd/ahthapp1_T2T_ONT/analysis_other/porec/T2T11/cooler/tmpxpg7wikj.multi.cool::/99"
INFO:cooler.create:Writing chroms
INFO:cooler.create:Writing bins
INFO:cooler.create:Writing pixels
INFO:cooler.create:Writing indexes
INFO:cooler.create:Writing info
INFO:cooler.create:Writing chunk 100: /mnt/storage3b/projects/no_ngsd/ahthapp1_T2T_ONT/analysis_other/porec/T2T11/cooler/tmpxpg7wikj.multi.cool::100
INFO:cooler.create:Creating cooler at "/mnt/storage3b/projects/no_ngsd/ahthapp1_T2T_ONT/analysis_other/porec/T2T11/cooler/tmpxpg7wikj.multi.cool::/100"
INFO:cooler.create:Writing chroms
INFO:cooler.create:Writing bins
INFO:cooler.create:Writing pixels
INFO:cooler.create:Writing indexes
INFO:cooler.create:Writing info
INFO:cooler.create:Writing chunk 101: /mnt/storage3b/projects/no_ngsd/ahthapp1_T2T_ONT/analysis_other/porec/T2T11/cooler/tmpxpg7wikj.multi.cool::101
INFO:cooler.create:Creating cooler at "/mnt/storage3b/projects/no_ngsd/ahthapp1_T2T_ONT/analysis_other/porec/T2T11/cooler/tmpxpg7wikj.multi.cool::/101"
INFO:cooler.create:Writing chroms
INFO:cooler.create:Writing bins
INFO:cooler.create:Writing pixels
INFO:cooler.create:Writing indexes
INFO:cooler.create:Writing info
INFO:cooler.create:Writing chunk 102: /mnt/storage3b/projects/no_ngsd/ahthapp1_T2T_ONT/analysis_other/porec/T2T11/cooler/tmpxpg7wikj.multi.cool::102
INFO:cooler.create:Creating cooler at "/mnt/storage3b/projects/no_ngsd/ahthapp1_T2T_ONT/analysis_other/porec/T2T11/cooler/tmpxpg7wikj.multi.cool::/102"
INFO:cooler.create:Writing chroms
INFO:cooler.create:Writing bins
INFO:cooler.create:Writing pixels
INFO:cooler.create:Writing indexes
INFO:cooler.create:Writing info
INFO:cooler.create:Writing chunk 103: /mnt/storage3b/projects/no_ngsd/ahthapp1_T2T_ONT/analysis_other/porec/T2T11/cooler/tmpxpg7wikj.multi.cool::103
INFO:cooler.create:Creating cooler at "/mnt/storage3b/projects/no_ngsd/ahthapp1_T2T_ONT/analysis_other/porec/T2T11/cooler/tmpxpg7wikj.multi.cool::/103"
INFO:cooler.create:Writing chroms
INFO:cooler.create:Writing bins
INFO:cooler.create:Writing pixels
INFO:cooler.create:Writing indexes
INFO:cooler.create:Writing info
INFO:cooler.create:Writing chunk 104: /mnt/storage3b/projects/no_ngsd/ahthapp1_T2T_ONT/analysis_other/porec/T2T11/cooler/tmpxpg7wikj.multi.cool::104
INFO:cooler.create:Creating cooler at "/mnt/storage3b/projects/no_ngsd/ahthapp1_T2T_ONT/analysis_other/porec/T2T11/cooler/tmpxpg7wikj.multi.cool::/104"
INFO:cooler.create:Writing chroms
INFO:cooler.create:Writing bins
INFO:cooler.create:Writing pixels
INFO:cooler.create:Writing indexes
INFO:cooler.create:Writing info
INFO:cooler.create:Writing chunk 105: /mnt/storage3b/projects/no_ngsd/ahthapp1_T2T_ONT/analysis_other/porec/T2T11/cooler/tmpxpg7wikj.multi.cool::105
INFO:cooler.create:Creating cooler at "/mnt/storage3b/projects/no_ngsd/ahthapp1_T2T_ONT/analysis_other/porec/T2T11/cooler/tmpxpg7wikj.multi.cool::/105"
INFO:cooler.create:Writing chroms
INFO:cooler.create:Writing bins
INFO:cooler.create:Writing pixels
INFO:cooler.create:Writing indexes
INFO:cooler.create:Writing info
INFO:cooler.create:Writing chunk 106: /mnt/storage3b/projects/no_ngsd/ahthapp1_T2T_ONT/analysis_other/porec/T2T11/cooler/tmpxpg7wikj.multi.cool::106
INFO:cooler.create:Creating cooler at "/mnt/storage3b/projects/no_ngsd/ahthapp1_T2T_ONT/analysis_other/porec/T2T11/cooler/tmpxpg7wikj.multi.cool::/106"
INFO:cooler.create:Writing chroms
INFO:cooler.create:Writing bins
INFO:cooler.create:Writing pixels
INFO:cooler.create:Writing indexes
INFO:cooler.create:Writing info
INFO:cooler.create:Writing chunk 107: /mnt/storage3b/projects/no_ngsd/ahthapp1_T2T_ONT/analysis_other/porec/T2T11/cooler/tmpxpg7wikj.multi.cool::107
INFO:cooler.create:Creating cooler at "/mnt/storage3b/projects/no_ngsd/ahthapp1_T2T_ONT/analysis_other/porec/T2T11/cooler/tmpxpg7wikj.multi.cool::/107"
INFO:cooler.create:Writing chroms
INFO:cooler.create:Writing bins
INFO:cooler.create:Writing pixels
INFO:cooler.create:Writing indexes
INFO:cooler.create:Writing info
INFO:cooler.create:Writing chunk 108: /mnt/storage3b/projects/no_ngsd/ahthapp1_T2T_ONT/analysis_other/porec/T2T11/cooler/tmpxpg7wikj.multi.cool::108
INFO:cooler.create:Creating cooler at "/mnt/storage3b/projects/no_ngsd/ahthapp1_T2T_ONT/analysis_other/porec/T2T11/cooler/tmpxpg7wikj.multi.cool::/108"
INFO:cooler.create:Writing chroms
INFO:cooler.create:Writing bins
INFO:cooler.create:Writing pixels
INFO:cooler.create:Writing indexes
INFO:cooler.create:Writing info
INFO:cooler.create:Writing chunk 109: /mnt/storage3b/projects/no_ngsd/ahthapp1_T2T_ONT/analysis_other/porec/T2T11/cooler/tmpxpg7wikj.multi.cool::109
INFO:cooler.create:Creating cooler at "/mnt/storage3b/projects/no_ngsd/ahthapp1_T2T_ONT/analysis_other/porec/T2T11/cooler/tmpxpg7wikj.multi.cool::/109"
INFO:cooler.create:Writing chroms
INFO:cooler.create:Writing bins
INFO:cooler.create:Writing pixels
INFO:cooler.create:Writing indexes
INFO:cooler.create:Writing info
INFO:cooler.create:Writing chunk 110: /mnt/storage3b/projects/no_ngsd/ahthapp1_T2T_ONT/analysis_other/porec/T2T11/cooler/tmpxpg7wikj.multi.cool::110
INFO:cooler.create:Creating cooler at "/mnt/storage3b/projects/no_ngsd/ahthapp1_T2T_ONT/analysis_other/porec/T2T11/cooler/tmpxpg7wikj.multi.cool::/110"
INFO:cooler.create:Writing chroms
INFO:cooler.create:Writing bins
INFO:cooler.create:Writing pixels
INFO:cooler.create:Writing indexes
INFO:cooler.create:Writing info
INFO:cooler.create:Writing chunk 111: /mnt/storage3b/projects/no_ngsd/ahthapp1_T2T_ONT/analysis_other/porec/T2T11/cooler/tmpxpg7wikj.multi.cool::111
INFO:cooler.create:Creating cooler at "/mnt/storage3b/projects/no_ngsd/ahthapp1_T2T_ONT/analysis_other/porec/T2T11/cooler/tmpxpg7wikj.multi.cool::/111"
INFO:cooler.create:Writing chroms
INFO:cooler.create:Writing bins
INFO:cooler.create:Writing pixels
INFO:cooler.create:Writing indexes
INFO:cooler.create:Writing info
INFO:cooler.create:Writing chunk 112: /mnt/storage3b/projects/no_ngsd/ahthapp1_T2T_ONT/analysis_other/porec/T2T11/cooler/tmpxpg7wikj.multi.cool::112
INFO:cooler.create:Creating cooler at "/mnt/storage3b/projects/no_ngsd/ahthapp1_T2T_ONT/analysis_other/porec/T2T11/cooler/tmpxpg7wikj.multi.cool::/112"
INFO:cooler.create:Writing chroms
INFO:cooler.create:Writing bins
INFO:cooler.create:Writing pixels
INFO:cooler.create:Writing indexes
INFO:cooler.create:Writing info
INFO:cooler.create:Writing chunk 113: /mnt/storage3b/projects/no_ngsd/ahthapp1_T2T_ONT/analysis_other/porec/T2T11/cooler/tmpxpg7wikj.multi.cool::113
INFO:cooler.create:Creating cooler at "/mnt/storage3b/projects/no_ngsd/ahthapp1_T2T_ONT/analysis_other/porec/T2T11/cooler/tmpxpg7wikj.multi.cool::/113"
INFO:cooler.create:Writing chroms
INFO:cooler.create:Writing bins
INFO:cooler.create:Writing pixels
INFO:cooler.create:Writing indexes
INFO:cooler.create:Writing info
INFO:cooler.create:Writing chunk 114: /mnt/storage3b/projects/no_ngsd/ahthapp1_T2T_ONT/analysis_other/porec/T2T11/cooler/tmpxpg7wikj.multi.cool::114
INFO:cooler.create:Creating cooler at "/mnt/storage3b/projects/no_ngsd/ahthapp1_T2T_ONT/analysis_other/porec/T2T11/cooler/tmpxpg7wikj.multi.cool::/114"
INFO:cooler.create:Writing chroms
INFO:cooler.create:Writing bins
INFO:cooler.create:Writing pixels
INFO:cooler.create:Writing indexes
INFO:cooler.create:Writing info
INFO:cooler.create:Writing chunk 115: /mnt/storage3b/projects/no_ngsd/ahthapp1_T2T_ONT/analysis_other/porec/T2T11/cooler/tmpxpg7wikj.multi.cool::115
INFO:cooler.create:Creating cooler at "/mnt/storage3b/projects/no_ngsd/ahthapp1_T2T_ONT/analysis_other/porec/T2T11/cooler/tmpxpg7wikj.multi.cool::/115"
INFO:cooler.create:Writing chroms
INFO:cooler.create:Writing bins
INFO:cooler.create:Writing pixels
INFO:cooler.create:Writing indexes
INFO:cooler.create:Writing info
INFO:cooler.create:Writing chunk 116: /mnt/storage3b/projects/no_ngsd/ahthapp1_T2T_ONT/analysis_other/porec/T2T11/cooler/tmpxpg7wikj.multi.cool::116
INFO:cooler.create:Creating cooler at "/mnt/storage3b/projects/no_ngsd/ahthapp1_T2T_ONT/analysis_other/porec/T2T11/cooler/tmpxpg7wikj.multi.cool::/116"
INFO:cooler.create:Writing chroms
INFO:cooler.create:Writing bins
INFO:cooler.create:Writing pixels
INFO:cooler.create:Writing indexes
INFO:cooler.create:Writing info
INFO:cooler.create:Writing chunk 117: /mnt/storage3b/projects/no_ngsd/ahthapp1_T2T_ONT/analysis_other/porec/T2T11/cooler/tmpxpg7wikj.multi.cool::117
INFO:cooler.create:Creating cooler at "/mnt/storage3b/projects/no_ngsd/ahthapp1_T2T_ONT/analysis_other/porec/T2T11/cooler/tmpxpg7wikj.multi.cool::/117"
INFO:cooler.create:Writing chroms
INFO:cooler.create:Writing bins
INFO:cooler.create:Writing pixels
INFO:cooler.create:Writing indexes
INFO:cooler.create:Writing info
INFO:cooler.create:Writing chunk 118: /mnt/storage3b/projects/no_ngsd/ahthapp1_T2T_ONT/analysis_other/porec/T2T11/cooler/tmpxpg7wikj.multi.cool::118
INFO:cooler.create:Creating cooler at "/mnt/storage3b/projects/no_ngsd/ahthapp1_T2T_ONT/analysis_other/porec/T2T11/cooler/tmpxpg7wikj.multi.cool::/118"
INFO:cooler.create:Writing chroms
INFO:cooler.create:Writing bins
INFO:cooler.create:Writing pixels
INFO:cooler.create:Writing indexes
INFO:cooler.create:Writing info
INFO:cooler.create:Writing chunk 119: /mnt/storage3b/projects/no_ngsd/ahthapp1_T2T_ONT/analysis_other/porec/T2T11/cooler/tmpxpg7wikj.multi.cool::119
INFO:cooler.create:Creating cooler at "/mnt/storage3b/projects/no_ngsd/ahthapp1_T2T_ONT/analysis_other/porec/T2T11/cooler/tmpxpg7wikj.multi.cool::/119"
INFO:cooler.create:Writing chroms
INFO:cooler.create:Writing bins
INFO:cooler.create:Writing pixels
INFO:cooler.create:Writing indexes
INFO:cooler.create:Writing info
INFO:cooler.create:Writing chunk 120: /mnt/storage3b/projects/no_ngsd/ahthapp1_T2T_ONT/analysis_other/porec/T2T11/cooler/tmpxpg7wikj.multi.cool::120
INFO:cooler.create:Creating cooler at "/mnt/storage3b/projects/no_ngsd/ahthapp1_T2T_ONT/analysis_other/porec/T2T11/cooler/tmpxpg7wikj.multi.cool::/120"
INFO:cooler.create:Writing chroms
INFO:cooler.create:Writing bins
INFO:cooler.create:Writing pixels
INFO:cooler.create:Writing indexes
INFO:cooler.create:Writing info
INFO:cooler.create:Writing chunk 121: /mnt/storage3b/projects/no_ngsd/ahthapp1_T2T_ONT/analysis_other/porec/T2T11/cooler/tmpxpg7wikj.multi.cool::121
INFO:cooler.create:Creating cooler at "/mnt/storage3b/projects/no_ngsd/ahthapp1_T2T_ONT/analysis_other/porec/T2T11/cooler/tmpxpg7wikj.multi.cool::/121"
INFO:cooler.create:Writing chroms
INFO:cooler.create:Writing bins
INFO:cooler.create:Writing pixels
INFO:cooler.create:Writing indexes
INFO:cooler.create:Writing info
INFO:cooler.create:Writing chunk 122: /mnt/storage3b/projects/no_ngsd/ahthapp1_T2T_ONT/analysis_other/porec/T2T11/cooler/tmpxpg7wikj.multi.cool::122
INFO:cooler.create:Creating cooler at "/mnt/storage3b/projects/no_ngsd/ahthapp1_T2T_ONT/analysis_other/porec/T2T11/cooler/tmpxpg7wikj.multi.cool::/122"
INFO:cooler.create:Writing chroms
INFO:cooler.create:Writing bins
INFO:cooler.create:Writing pixels
INFO:cooler.create:Writing indexes
INFO:cooler.create:Writing info
INFO:cooler.create:Writing chunk 123: /mnt/storage3b/projects/no_ngsd/ahthapp1_T2T_ONT/analysis_other/porec/T2T11/cooler/tmpxpg7wikj.multi.cool::123
INFO:cooler.create:Creating cooler at "/mnt/storage3b/projects/no_ngsd/ahthapp1_T2T_ONT/analysis_other/porec/T2T11/cooler/tmpxpg7wikj.multi.cool::/123"
INFO:cooler.create:Writing chroms
INFO:cooler.create:Writing bins
INFO:cooler.create:Writing pixels
INFO:cooler.create:Writing indexes
INFO:cooler.create:Writing info
INFO:cooler.create:Writing chunk 124: /mnt/storage3b/projects/no_ngsd/ahthapp1_T2T_ONT/analysis_other/porec/T2T11/cooler/tmpxpg7wikj.multi.cool::124
INFO:cooler.create:Creating cooler at "/mnt/storage3b/projects/no_ngsd/ahthapp1_T2T_ONT/analysis_other/porec/T2T11/cooler/tmpxpg7wikj.multi.cool::/124"
INFO:cooler.create:Writing chroms
INFO:cooler.create:Writing bins
INFO:cooler.create:Writing pixels
INFO:cooler.create:Writing indexes
INFO:cooler.create:Writing info
INFO:cooler.create:Writing chunk 125: /mnt/storage3b/projects/no_ngsd/ahthapp1_T2T_ONT/analysis_other/porec/T2T11/cooler/tmpxpg7wikj.multi.cool::125
INFO:cooler.create:Creating cooler at "/mnt/storage3b/projects/no_ngsd/ahthapp1_T2T_ONT/analysis_other/porec/T2T11/cooler/tmpxpg7wikj.multi.cool::/125"
INFO:cooler.create:Writing chroms
INFO:cooler.create:Writing bins
INFO:cooler.create:Writing pixels
INFO:cooler.create:Writing indexes
INFO:cooler.create:Writing info
INFO:cooler.create:Writing chunk 126: /mnt/storage3b/projects/no_ngsd/ahthapp1_T2T_ONT/analysis_other/porec/T2T11/cooler/tmpxpg7wikj.multi.cool::126
INFO:cooler.create:Creating cooler at "/mnt/storage3b/projects/no_ngsd/ahthapp1_T2T_ONT/analysis_other/porec/T2T11/cooler/tmpxpg7wikj.multi.cool::/126"
INFO:cooler.create:Writing chroms
INFO:cooler.create:Writing bins
INFO:cooler.create:Writing pixels
INFO:cooler.create:Writing indexes
INFO:cooler.create:Writing info
INFO:cooler.create:Writing chunk 127: /mnt/storage3b/projects/no_ngsd/ahthapp1_T2T_ONT/analysis_other/porec/T2T11/cooler/tmpxpg7wikj.multi.cool::127
INFO:cooler.create:Creating cooler at "/mnt/storage3b/projects/no_ngsd/ahthapp1_T2T_ONT/analysis_other/porec/T2T11/cooler/tmpxpg7wikj.multi.cool::/127"
INFO:cooler.create:Writing chroms
INFO:cooler.create:Writing bins
INFO:cooler.create:Writing pixels
INFO:cooler.create:Writing indexes
INFO:cooler.create:Writing info
INFO:cooler.create:Writing chunk 128: /mnt/storage3b/projects/no_ngsd/ahthapp1_T2T_ONT/analysis_other/porec/T2T11/cooler/tmpxpg7wikj.multi.cool::128
INFO:cooler.create:Creating cooler at "/mnt/storage3b/projects/no_ngsd/ahthapp1_T2T_ONT/analysis_other/porec/T2T11/cooler/tmpxpg7wikj.multi.cool::/128"
INFO:cooler.create:Writing chroms
INFO:cooler.create:Writing bins
INFO:cooler.create:Writing pixels
INFO:cooler.create:Writing indexes
INFO:cooler.create:Writing info
INFO:cooler.create:Writing chunk 129: /mnt/storage3b/projects/no_ngsd/ahthapp1_T2T_ONT/analysis_other/porec/T2T11/cooler/tmpxpg7wikj.multi.cool::129
INFO:cooler.create:Creating cooler at "/mnt/storage3b/projects/no_ngsd/ahthapp1_T2T_ONT/analysis_other/porec/T2T11/cooler/tmpxpg7wikj.multi.cool::/129"
INFO:cooler.create:Writing chroms
INFO:cooler.create:Writing bins
INFO:cooler.create:Writing pixels
INFO:cooler.create:Writing indexes
INFO:cooler.create:Writing info
INFO:cooler.create:Writing chunk 130: /mnt/storage3b/projects/no_ngsd/ahthapp1_T2T_ONT/analysis_other/porec/T2T11/cooler/tmpxpg7wikj.multi.cool::130
INFO:cooler.create:Creating cooler at "/mnt/storage3b/projects/no_ngsd/ahthapp1_T2T_ONT/analysis_other/porec/T2T11/cooler/tmpxpg7wikj.multi.cool::/130"
INFO:cooler.create:Writing chroms
INFO:cooler.create:Writing bins
INFO:cooler.create:Writing pixels
INFO:cooler.create:Writing indexes
INFO:cooler.create:Writing info
INFO:cooler.create:Writing chunk 131: /mnt/storage3b/projects/no_ngsd/ahthapp1_T2T_ONT/analysis_other/porec/T2T11/cooler/tmpxpg7wikj.multi.cool::131
INFO:cooler.create:Creating cooler at "/mnt/storage3b/projects/no_ngsd/ahthapp1_T2T_ONT/analysis_other/porec/T2T11/cooler/tmpxpg7wikj.multi.cool::/131"
INFO:cooler.create:Writing chroms
INFO:cooler.create:Writing bins
INFO:cooler.create:Writing pixels
INFO:cooler.create:Writing indexes
INFO:cooler.create:Writing info
INFO:cooler.create:Writing chunk 132: /mnt/storage3b/projects/no_ngsd/ahthapp1_T2T_ONT/analysis_other/porec/T2T11/cooler/tmpxpg7wikj.multi.cool::132
INFO:cooler.create:Creating cooler at "/mnt/storage3b/projects/no_ngsd/ahthapp1_T2T_ONT/analysis_other/porec/T2T11/cooler/tmpxpg7wikj.multi.cool::/132"
INFO:cooler.create:Writing chroms
INFO:cooler.create:Writing bins
INFO:cooler.create:Writing pixels
INFO:cooler.create:Writing indexes
INFO:cooler.create:Writing info
INFO:cooler.create:Writing chunk 133: /mnt/storage3b/projects/no_ngsd/ahthapp1_T2T_ONT/analysis_other/porec/T2T11/cooler/tmpxpg7wikj.multi.cool::133
INFO:cooler.create:Creating cooler at "/mnt/storage3b/projects/no_ngsd/ahthapp1_T2T_ONT/analysis_other/porec/T2T11/cooler/tmpxpg7wikj.multi.cool::/133"
INFO:cooler.create:Writing chroms
INFO:cooler.create:Writing bins
INFO:cooler.create:Writing pixels
INFO:cooler.create:Writing indexes
INFO:cooler.create:Writing info
INFO:cooler.create:Writing chunk 134: /mnt/storage3b/projects/no_ngsd/ahthapp1_T2T_ONT/analysis_other/porec/T2T11/cooler/tmpxpg7wikj.multi.cool::134
INFO:cooler.create:Creating cooler at "/mnt/storage3b/projects/no_ngsd/ahthapp1_T2T_ONT/analysis_other/porec/T2T11/cooler/tmpxpg7wikj.multi.cool::/134"
INFO:cooler.create:Writing chroms
INFO:cooler.create:Writing bins
INFO:cooler.create:Writing pixels
INFO:cooler.create:Writing indexes
INFO:cooler.create:Writing info
INFO:cooler.create:Writing chunk 135: /mnt/storage3b/projects/no_ngsd/ahthapp1_T2T_ONT/analysis_other/porec/T2T11/cooler/tmpxpg7wikj.multi.cool::135
INFO:cooler.create:Creating cooler at "/mnt/storage3b/projects/no_ngsd/ahthapp1_T2T_ONT/analysis_other/porec/T2T11/cooler/tmpxpg7wikj.multi.cool::/135"
INFO:cooler.create:Writing chroms
INFO:cooler.create:Writing bins
INFO:cooler.create:Writing pixels
INFO:cooler.create:Writing indexes
INFO:cooler.create:Writing info
INFO:cooler.create:Writing chunk 136: /mnt/storage3b/projects/no_ngsd/ahthapp1_T2T_ONT/analysis_other/porec/T2T11/cooler/tmpxpg7wikj.multi.cool::136
INFO:cooler.create:Creating cooler at "/mnt/storage3b/projects/no_ngsd/ahthapp1_T2T_ONT/analysis_other/porec/T2T11/cooler/tmpxpg7wikj.multi.cool::/136"
INFO:cooler.create:Writing chroms
INFO:cooler.create:Writing bins
INFO:cooler.create:Writing pixels
INFO:cooler.create:Writing indexes
INFO:cooler.create:Writing info
INFO:cooler.create:Writing chunk 137: /mnt/storage3b/projects/no_ngsd/ahthapp1_T2T_ONT/analysis_other/porec/T2T11/cooler/tmpxpg7wikj.multi.cool::137
INFO:cooler.create:Creating cooler at "/mnt/storage3b/projects/no_ngsd/ahthapp1_T2T_ONT/analysis_other/porec/T2T11/cooler/tmpxpg7wikj.multi.cool::/137"
INFO:cooler.create:Writing chroms
INFO:cooler.create:Writing bins
INFO:cooler.create:Writing pixels
INFO:cooler.create:Writing indexes
INFO:cooler.create:Writing info
INFO:cooler.create:Writing chunk 138: /mnt/storage3b/projects/no_ngsd/ahthapp1_T2T_ONT/analysis_other/porec/T2T11/cooler/tmpxpg7wikj.multi.cool::138
INFO:cooler.create:Creating cooler at "/mnt/storage3b/projects/no_ngsd/ahthapp1_T2T_ONT/analysis_other/porec/T2T11/cooler/tmpxpg7wikj.multi.cool::/138"
INFO:cooler.create:Writing chroms
INFO:cooler.create:Writing bins
INFO:cooler.create:Writing pixels
INFO:cooler.create:Writing indexes
INFO:cooler.create:Writing info
INFO:cooler.create:Writing chunk 139: /mnt/storage3b/projects/no_ngsd/ahthapp1_T2T_ONT/analysis_other/porec/T2T11/cooler/tmpxpg7wikj.multi.cool::139
INFO:cooler.create:Creating cooler at "/mnt/storage3b/projects/no_ngsd/ahthapp1_T2T_ONT/analysis_other/porec/T2T11/cooler/tmpxpg7wikj.multi.cool::/139"
INFO:cooler.create:Writing chroms
INFO:cooler.create:Writing bins
INFO:cooler.create:Writing pixels
INFO:cooler.create:Writing indexes
INFO:cooler.create:Writing info
INFO:cooler.create:Writing chunk 140: /mnt/storage3b/projects/no_ngsd/ahthapp1_T2T_ONT/analysis_other/porec/T2T11/cooler/tmpxpg7wikj.multi.cool::140
INFO:cooler.create:Creating cooler at "/mnt/storage3b/projects/no_ngsd/ahthapp1_T2T_ONT/analysis_other/porec/T2T11/cooler/tmpxpg7wikj.multi.cool::/140"
INFO:cooler.create:Writing chroms
INFO:cooler.create:Writing bins
INFO:cooler.create:Writing pixels
INFO:cooler.create:Writing indexes
INFO:cooler.create:Writing info
INFO:cooler.create:Writing chunk 141: /mnt/storage3b/projects/no_ngsd/ahthapp1_T2T_ONT/analysis_other/porec/T2T11/cooler/tmpxpg7wikj.multi.cool::141
INFO:cooler.create:Creating cooler at "/mnt/storage3b/projects/no_ngsd/ahthapp1_T2T_ONT/analysis_other/porec/T2T11/cooler/tmpxpg7wikj.multi.cool::/141"
INFO:cooler.create:Writing chroms
INFO:cooler.create:Writing bins
INFO:cooler.create:Writing pixels
INFO:cooler.create:Writing indexes
INFO:cooler.create:Writing info
INFO:cooler.create:Writing chunk 142: /mnt/storage3b/projects/no_ngsd/ahthapp1_T2T_ONT/analysis_other/porec/T2T11/cooler/tmpxpg7wikj.multi.cool::142
INFO:cooler.create:Creating cooler at "/mnt/storage3b/projects/no_ngsd/ahthapp1_T2T_ONT/analysis_other/porec/T2T11/cooler/tmpxpg7wikj.multi.cool::/142"
INFO:cooler.create:Writing chroms
INFO:cooler.create:Writing bins
INFO:cooler.create:Writing pixels
INFO:cooler.create:Writing indexes
INFO:cooler.create:Writing info
INFO:cooler.create:Writing chunk 143: /mnt/storage3b/projects/no_ngsd/ahthapp1_T2T_ONT/analysis_other/porec/T2T11/cooler/tmpxpg7wikj.multi.cool::143
INFO:cooler.create:Creating cooler at "/mnt/storage3b/projects/no_ngsd/ahthapp1_T2T_ONT/analysis_other/porec/T2T11/cooler/tmpxpg7wikj.multi.cool::/143"
INFO:cooler.create:Writing chroms
INFO:cooler.create:Writing bins
INFO:cooler.create:Writing pixels
INFO:cooler.create:Writing indexes
INFO:cooler.create:Writing info
INFO:cooler.create:Writing chunk 144: /mnt/storage3b/projects/no_ngsd/ahthapp1_T2T_ONT/analysis_other/porec/T2T11/cooler/tmpxpg7wikj.multi.cool::144
INFO:cooler.create:Creating cooler at "/mnt/storage3b/projects/no_ngsd/ahthapp1_T2T_ONT/analysis_other/porec/T2T11/cooler/tmpxpg7wikj.multi.cool::/144"
INFO:cooler.create:Writing chroms
INFO:cooler.create:Writing bins
INFO:cooler.create:Writing pixels
INFO:cooler.create:Writing indexes
INFO:cooler.create:Writing info
INFO:cooler.create:Writing chunk 145: /mnt/storage3b/projects/no_ngsd/ahthapp1_T2T_ONT/analysis_other/porec/T2T11/cooler/tmpxpg7wikj.multi.cool::145
INFO:cooler.create:Creating cooler at "/mnt/storage3b/projects/no_ngsd/ahthapp1_T2T_ONT/analysis_other/porec/T2T11/cooler/tmpxpg7wikj.multi.cool::/145"
INFO:cooler.create:Writing chroms
INFO:cooler.create:Writing bins
INFO:cooler.create:Writing pixels
INFO:cooler.create:Writing indexes
INFO:cooler.create:Writing info
INFO:cooler.create:Writing chunk 146: /mnt/storage3b/projects/no_ngsd/ahthapp1_T2T_ONT/analysis_other/porec/T2T11/cooler/tmpxpg7wikj.multi.cool::146
INFO:cooler.create:Creating cooler at "/mnt/storage3b/projects/no_ngsd/ahthapp1_T2T_ONT/analysis_other/porec/T2T11/cooler/tmpxpg7wikj.multi.cool::/146"
INFO:cooler.create:Writing chroms
INFO:cooler.create:Writing bins
INFO:cooler.create:Writing pixels
INFO:cooler.create:Writing indexes
INFO:cooler.create:Writing info
INFO:cooler.create:Writing chunk 147: /mnt/storage3b/projects/no_ngsd/ahthapp1_T2T_ONT/analysis_other/porec/T2T11/cooler/tmpxpg7wikj.multi.cool::147
INFO:cooler.create:Creating cooler at "/mnt/storage3b/projects/no_ngsd/ahthapp1_T2T_ONT/analysis_other/porec/T2T11/cooler/tmpxpg7wikj.multi.cool::/147"
INFO:cooler.create:Writing chroms
INFO:cooler.create:Writing bins
INFO:cooler.create:Writing pixels
INFO:cooler.create:Writing indexes
INFO:cooler.create:Writing info
INFO:cooler.create:Writing chunk 148: /mnt/storage3b/projects/no_ngsd/ahthapp1_T2T_ONT/analysis_other/porec/T2T11/cooler/tmpxpg7wikj.multi.cool::148
INFO:cooler.create:Creating cooler at "/mnt/storage3b/projects/no_ngsd/ahthapp1_T2T_ONT/analysis_other/porec/T2T11/cooler/tmpxpg7wikj.multi.cool::/148"
INFO:cooler.create:Writing chroms
INFO:cooler.create:Writing bins
INFO:cooler.create:Writing pixels
INFO:cooler.create:Writing indexes
INFO:cooler.create:Writing info
INFO:cooler.create:Writing chunk 149: /mnt/storage3b/projects/no_ngsd/ahthapp1_T2T_ONT/analysis_other/porec/T2T11/cooler/tmpxpg7wikj.multi.cool::149
INFO:cooler.create:Creating cooler at "/mnt/storage3b/projects/no_ngsd/ahthapp1_T2T_ONT/analysis_other/porec/T2T11/cooler/tmpxpg7wikj.multi.cool::/149"
INFO:cooler.create:Writing chroms
INFO:cooler.create:Writing bins
INFO:cooler.create:Writing pixels
INFO:cooler.create:Writing indexes
INFO:cooler.create:Writing info
INFO:cooler.create:Writing chunk 150: /mnt/storage3b/projects/no_ngsd/ahthapp1_T2T_ONT/analysis_other/porec/T2T11/cooler/tmpxpg7wikj.multi.cool::150
INFO:cooler.create:Creating cooler at "/mnt/storage3b/projects/no_ngsd/ahthapp1_T2T_ONT/analysis_other/porec/T2T11/cooler/tmpxpg7wikj.multi.cool::/150"
INFO:cooler.create:Writing chroms
INFO:cooler.create:Writing bins
INFO:cooler.create:Writing pixels
INFO:cooler.create:Writing indexes
INFO:cooler.create:Writing info
INFO:cooler.create:Writing chunk 151: /mnt/storage3b/projects/no_ngsd/ahthapp1_T2T_ONT/analysis_other/porec/T2T11/cooler/tmpxpg7wikj.multi.cool::151
INFO:cooler.create:Creating cooler at "/mnt/storage3b/projects/no_ngsd/ahthapp1_T2T_ONT/analysis_other/porec/T2T11/cooler/tmpxpg7wikj.multi.cool::/151"
INFO:cooler.create:Writing chroms
INFO:cooler.create:Writing bins
INFO:cooler.create:Writing pixels
INFO:cooler.create:Writing indexes
INFO:cooler.create:Writing info
INFO:cooler.create:Writing chunk 152: /mnt/storage3b/projects/no_ngsd/ahthapp1_T2T_ONT/analysis_other/porec/T2T11/cooler/tmpxpg7wikj.multi.cool::152
INFO:cooler.create:Creating cooler at "/mnt/storage3b/projects/no_ngsd/ahthapp1_T2T_ONT/analysis_other/porec/T2T11/cooler/tmpxpg7wikj.multi.cool::/152"
INFO:cooler.create:Writing chroms
INFO:cooler.create:Writing bins
INFO:cooler.create:Writing pixels
INFO:cooler.create:Writing indexes
INFO:cooler.create:Writing info
INFO:cooler.create:Writing chunk 153: /mnt/storage3b/projects/no_ngsd/ahthapp1_T2T_ONT/analysis_other/porec/T2T11/cooler/tmpxpg7wikj.multi.cool::153
INFO:cooler.create:Creating cooler at "/mnt/storage3b/projects/no_ngsd/ahthapp1_T2T_ONT/analysis_other/porec/T2T11/cooler/tmpxpg7wikj.multi.cool::/153"
INFO:cooler.create:Writing chroms
INFO:cooler.create:Writing bins
INFO:cooler.create:Writing pixels
INFO:cooler.create:Writing indexes
INFO:cooler.create:Writing info
INFO:cooler.create:Writing chunk 154: /mnt/storage3b/projects/no_ngsd/ahthapp1_T2T_ONT/analysis_other/porec/T2T11/cooler/tmpxpg7wikj.multi.cool::154
INFO:cooler.create:Creating cooler at "/mnt/storage3b/projects/no_ngsd/ahthapp1_T2T_ONT/analysis_other/porec/T2T11/cooler/tmpxpg7wikj.multi.cool::/154"
INFO:cooler.create:Writing chroms
INFO:cooler.create:Writing bins
INFO:cooler.create:Writing pixels
INFO:cooler.create:Writing indexes
INFO:cooler.create:Writing info
INFO:cooler.create:Writing chunk 155: /mnt/storage3b/projects/no_ngsd/ahthapp1_T2T_ONT/analysis_other/porec/T2T11/cooler/tmpxpg7wikj.multi.cool::155
INFO:cooler.create:Creating cooler at "/mnt/storage3b/projects/no_ngsd/ahthapp1_T2T_ONT/analysis_other/porec/T2T11/cooler/tmpxpg7wikj.multi.cool::/155"
INFO:cooler.create:Writing chroms
INFO:cooler.create:Writing bins
INFO:cooler.create:Writing pixels
INFO:cooler.create:Writing indexes
INFO:cooler.create:Writing info
INFO:cooler.create:Writing chunk 156: /mnt/storage3b/projects/no_ngsd/ahthapp1_T2T_ONT/analysis_other/porec/T2T11/cooler/tmpxpg7wikj.multi.cool::156
INFO:cooler.create:Creating cooler at "/mnt/storage3b/projects/no_ngsd/ahthapp1_T2T_ONT/analysis_other/porec/T2T11/cooler/tmpxpg7wikj.multi.cool::/156"
INFO:cooler.create:Writing chroms
INFO:cooler.create:Writing bins
INFO:cooler.create:Writing pixels
INFO:cooler.create:Writing indexes
INFO:cooler.create:Writing info
INFO:cooler.create:Writing chunk 157: /mnt/storage3b/projects/no_ngsd/ahthapp1_T2T_ONT/analysis_other/porec/T2T11/cooler/tmpxpg7wikj.multi.cool::157
INFO:cooler.create:Creating cooler at "/mnt/storage3b/projects/no_ngsd/ahthapp1_T2T_ONT/analysis_other/porec/T2T11/cooler/tmpxpg7wikj.multi.cool::/157"
INFO:cooler.create:Writing chroms
INFO:cooler.create:Writing bins
INFO:cooler.create:Writing pixels
INFO:cooler.create:Writing indexes
INFO:cooler.create:Writing info
INFO:cooler.create:Writing chunk 158: /mnt/storage3b/projects/no_ngsd/ahthapp1_T2T_ONT/analysis_other/porec/T2T11/cooler/tmpxpg7wikj.multi.cool::158
INFO:cooler.create:Creating cooler at "/mnt/storage3b/projects/no_ngsd/ahthapp1_T2T_ONT/analysis_other/porec/T2T11/cooler/tmpxpg7wikj.multi.cool::/158"
INFO:cooler.create:Writing chroms
INFO:cooler.create:Writing bins
INFO:cooler.create:Writing pixels
INFO:cooler.create:Writing indexes
INFO:cooler.create:Writing info
INFO:cooler.create:Writing chunk 159: /mnt/storage3b/projects/no_ngsd/ahthapp1_T2T_ONT/analysis_other/porec/T2T11/cooler/tmpxpg7wikj.multi.cool::159
INFO:cooler.create:Creating cooler at "/mnt/storage3b/projects/no_ngsd/ahthapp1_T2T_ONT/analysis_other/porec/T2T11/cooler/tmpxpg7wikj.multi.cool::/159"
INFO:cooler.create:Writing chroms
INFO:cooler.create:Writing bins
INFO:cooler.create:Writing pixels
INFO:cooler.create:Writing indexes
INFO:cooler.create:Writing info
INFO:cooler.create:Writing chunk 160: /mnt/storage3b/projects/no_ngsd/ahthapp1_T2T_ONT/analysis_other/porec/T2T11/cooler/tmpxpg7wikj.multi.cool::160
INFO:cooler.create:Creating cooler at "/mnt/storage3b/projects/no_ngsd/ahthapp1_T2T_ONT/analysis_other/porec/T2T11/cooler/tmpxpg7wikj.multi.cool::/160"
INFO:cooler.create:Writing chroms
INFO:cooler.create:Writing bins
INFO:cooler.create:Writing pixels
INFO:cooler.create:Writing indexes
INFO:cooler.create:Writing info
INFO:cooler.create:Writing chunk 161: /mnt/storage3b/projects/no_ngsd/ahthapp1_T2T_ONT/analysis_other/porec/T2T11/cooler/tmpxpg7wikj.multi.cool::161
INFO:cooler.create:Creating cooler at "/mnt/storage3b/projects/no_ngsd/ahthapp1_T2T_ONT/analysis_other/porec/T2T11/cooler/tmpxpg7wikj.multi.cool::/161"
INFO:cooler.create:Writing chroms
INFO:cooler.create:Writing bins
INFO:cooler.create:Writing pixels
INFO:cooler.create:Writing indexes
INFO:cooler.create:Writing info
INFO:cooler.create:Writing chunk 162: /mnt/storage3b/projects/no_ngsd/ahthapp1_T2T_ONT/analysis_other/porec/T2T11/cooler/tmpxpg7wikj.multi.cool::162
INFO:cooler.create:Creating cooler at "/mnt/storage3b/projects/no_ngsd/ahthapp1_T2T_ONT/analysis_other/porec/T2T11/cooler/tmpxpg7wikj.multi.cool::/162"
INFO:cooler.create:Writing chroms
INFO:cooler.create:Writing bins
INFO:cooler.create:Writing pixels
INFO:cooler.create:Writing indexes
INFO:cooler.create:Writing info
INFO:cooler.create:Writing chunk 163: /mnt/storage3b/projects/no_ngsd/ahthapp1_T2T_ONT/analysis_other/porec/T2T11/cooler/tmpxpg7wikj.multi.cool::163
INFO:cooler.create:Creating cooler at "/mnt/storage3b/projects/no_ngsd/ahthapp1_T2T_ONT/analysis_other/porec/T2T11/cooler/tmpxpg7wikj.multi.cool::/163"
INFO:cooler.create:Writing chroms
INFO:cooler.create:Writing bins
INFO:cooler.create:Writing pixels
INFO:cooler.create:Writing indexes
INFO:cooler.create:Writing info
INFO:cooler.create:Writing chunk 164: /mnt/storage3b/projects/no_ngsd/ahthapp1_T2T_ONT/analysis_other/porec/T2T11/cooler/tmpxpg7wikj.multi.cool::164
INFO:cooler.create:Creating cooler at "/mnt/storage3b/projects/no_ngsd/ahthapp1_T2T_ONT/analysis_other/porec/T2T11/cooler/tmpxpg7wikj.multi.cool::/164"
INFO:cooler.create:Writing chroms
INFO:cooler.create:Writing bins
INFO:cooler.create:Writing pixels
INFO:cooler.create:Writing indexes
INFO:cooler.create:Writing info
INFO:cooler.create:Writing chunk 165: /mnt/storage3b/projects/no_ngsd/ahthapp1_T2T_ONT/analysis_other/porec/T2T11/cooler/tmpxpg7wikj.multi.cool::165
INFO:cooler.create:Creating cooler at "/mnt/storage3b/projects/no_ngsd/ahthapp1_T2T_ONT/analysis_other/porec/T2T11/cooler/tmpxpg7wikj.multi.cool::/165"
INFO:cooler.create:Writing chroms
INFO:cooler.create:Writing bins
INFO:cooler.create:Writing pixels
INFO:cooler.create:Writing indexes
INFO:cooler.create:Writing info
INFO:cooler.create:Writing chunk 166: /mnt/storage3b/projects/no_ngsd/ahthapp1_T2T_ONT/analysis_other/porec/T2T11/cooler/tmpxpg7wikj.multi.cool::166
INFO:cooler.create:Creating cooler at "/mnt/storage3b/projects/no_ngsd/ahthapp1_T2T_ONT/analysis_other/porec/T2T11/cooler/tmpxpg7wikj.multi.cool::/166"
INFO:cooler.create:Writing chroms
INFO:cooler.create:Writing bins
INFO:cooler.create:Writing pixels
INFO:cooler.create:Writing indexes
INFO:cooler.create:Writing info
INFO:cooler.create:Writing chunk 167: /mnt/storage3b/projects/no_ngsd/ahthapp1_T2T_ONT/analysis_other/porec/T2T11/cooler/tmpxpg7wikj.multi.cool::167
INFO:cooler.create:Creating cooler at "/mnt/storage3b/projects/no_ngsd/ahthapp1_T2T_ONT/analysis_other/porec/T2T11/cooler/tmpxpg7wikj.multi.cool::/167"
INFO:cooler.create:Writing chroms
INFO:cooler.create:Writing bins
INFO:cooler.create:Writing pixels
INFO:cooler.create:Writing indexes
INFO:cooler.create:Writing info
INFO:cooler.create:Writing chunk 168: /mnt/storage3b/projects/no_ngsd/ahthapp1_T2T_ONT/analysis_other/porec/T2T11/cooler/tmpxpg7wikj.multi.cool::168
INFO:cooler.create:Creating cooler at "/mnt/storage3b/projects/no_ngsd/ahthapp1_T2T_ONT/analysis_other/porec/T2T11/cooler/tmpxpg7wikj.multi.cool::/168"
INFO:cooler.create:Writing chroms
INFO:cooler.create:Writing bins
INFO:cooler.create:Writing pixels
INFO:cooler.create:Writing indexes
INFO:cooler.create:Writing info
INFO:cooler.create:Writing chunk 169: /mnt/storage3b/projects/no_ngsd/ahthapp1_T2T_ONT/analysis_other/porec/T2T11/cooler/tmpxpg7wikj.multi.cool::169
INFO:cooler.create:Creating cooler at "/mnt/storage3b/projects/no_ngsd/ahthapp1_T2T_ONT/analysis_other/porec/T2T11/cooler/tmpxpg7wikj.multi.cool::/169"
INFO:cooler.create:Writing chroms
INFO:cooler.create:Writing bins
INFO:cooler.create:Writing pixels
INFO:cooler.create:Writing indexes
INFO:cooler.create:Writing info
INFO:cooler.create:Writing chunk 170: /mnt/storage3b/projects/no_ngsd/ahthapp1_T2T_ONT/analysis_other/porec/T2T11/cooler/tmpxpg7wikj.multi.cool::170
INFO:cooler.create:Creating cooler at "/mnt/storage3b/projects/no_ngsd/ahthapp1_T2T_ONT/analysis_other/porec/T2T11/cooler/tmpxpg7wikj.multi.cool::/170"
INFO:cooler.create:Writing chroms
INFO:cooler.create:Writing bins
INFO:cooler.create:Writing pixels
INFO:cooler.create:Writing indexes
INFO:cooler.create:Writing info
INFO:cooler.create:Writing chunk 171: /mnt/storage3b/projects/no_ngsd/ahthapp1_T2T_ONT/analysis_other/porec/T2T11/cooler/tmpxpg7wikj.multi.cool::171
INFO:cooler.create:Creating cooler at "/mnt/storage3b/projects/no_ngsd/ahthapp1_T2T_ONT/analysis_other/porec/T2T11/cooler/tmpxpg7wikj.multi.cool::/171"
INFO:cooler.create:Writing chroms
INFO:cooler.create:Writing bins
INFO:cooler.create:Writing pixels
INFO:cooler.create:Writing indexes
INFO:cooler.create:Writing info
INFO:cooler.create:Writing chunk 172: /mnt/storage3b/projects/no_ngsd/ahthapp1_T2T_ONT/analysis_other/porec/T2T11/cooler/tmpxpg7wikj.multi.cool::172
INFO:cooler.create:Creating cooler at "/mnt/storage3b/projects/no_ngsd/ahthapp1_T2T_ONT/analysis_other/porec/T2T11/cooler/tmpxpg7wikj.multi.cool::/172"
INFO:cooler.create:Writing chroms
INFO:cooler.create:Writing bins
INFO:cooler.create:Writing pixels
INFO:cooler.create:Writing indexes
INFO:cooler.create:Writing info
INFO:cooler.create:Writing chunk 173: /mnt/storage3b/projects/no_ngsd/ahthapp1_T2T_ONT/analysis_other/porec/T2T11/cooler/tmpxpg7wikj.multi.cool::173
INFO:cooler.create:Creating cooler at "/mnt/storage3b/projects/no_ngsd/ahthapp1_T2T_ONT/analysis_other/porec/T2T11/cooler/tmpxpg7wikj.multi.cool::/173"
INFO:cooler.create:Writing chroms
INFO:cooler.create:Writing bins
INFO:cooler.create:Writing pixels
INFO:cooler.create:Writing indexes
INFO:cooler.create:Writing info
INFO:cooler.create:Writing chunk 174: /mnt/storage3b/projects/no_ngsd/ahthapp1_T2T_ONT/analysis_other/porec/T2T11/cooler/tmpxpg7wikj.multi.cool::174
INFO:cooler.create:Creating cooler at "/mnt/storage3b/projects/no_ngsd/ahthapp1_T2T_ONT/analysis_other/porec/T2T11/cooler/tmpxpg7wikj.multi.cool::/174"
INFO:cooler.create:Writing chroms
INFO:cooler.create:Writing bins
INFO:cooler.create:Writing pixels
INFO:cooler.create:Writing indexes
INFO:cooler.create:Writing info
INFO:cooler.create:Writing chunk 175: /mnt/storage3b/projects/no_ngsd/ahthapp1_T2T_ONT/analysis_other/porec/T2T11/cooler/tmpxpg7wikj.multi.cool::175
INFO:cooler.create:Creating cooler at "/mnt/storage3b/projects/no_ngsd/ahthapp1_T2T_ONT/analysis_other/porec/T2T11/cooler/tmpxpg7wikj.multi.cool::/175"
INFO:cooler.create:Writing chroms
INFO:cooler.create:Writing bins
INFO:cooler.create:Writing pixels
INFO:cooler.create:Writing indexes
INFO:cooler.create:Writing info
INFO:cooler.create:Writing chunk 176: /mnt/storage3b/projects/no_ngsd/ahthapp1_T2T_ONT/analysis_other/porec/T2T11/cooler/tmpxpg7wikj.multi.cool::176
INFO:cooler.create:Creating cooler at "/mnt/storage3b/projects/no_ngsd/ahthapp1_T2T_ONT/analysis_other/porec/T2T11/cooler/tmpxpg7wikj.multi.cool::/176"
INFO:cooler.create:Writing chroms
INFO:cooler.create:Writing bins
INFO:cooler.create:Writing pixels
INFO:cooler.create:Writing indexes
INFO:cooler.create:Writing info
INFO:cooler.create:Writing chunk 177: /mnt/storage3b/projects/no_ngsd/ahthapp1_T2T_ONT/analysis_other/porec/T2T11/cooler/tmpxpg7wikj.multi.cool::177
INFO:cooler.create:Creating cooler at "/mnt/storage3b/projects/no_ngsd/ahthapp1_T2T_ONT/analysis_other/porec/T2T11/cooler/tmpxpg7wikj.multi.cool::/177"
INFO:cooler.create:Writing chroms
INFO:cooler.create:Writing bins
INFO:cooler.create:Writing pixels
INFO:cooler.create:Writing indexes
INFO:cooler.create:Writing info
INFO:cooler.create:Writing chunk 178: /mnt/storage3b/projects/no_ngsd/ahthapp1_T2T_ONT/analysis_other/porec/T2T11/cooler/tmpxpg7wikj.multi.cool::178
INFO:cooler.create:Creating cooler at "/mnt/storage3b/projects/no_ngsd/ahthapp1_T2T_ONT/analysis_other/porec/T2T11/cooler/tmpxpg7wikj.multi.cool::/178"
INFO:cooler.create:Writing chroms
INFO:cooler.create:Writing bins
INFO:cooler.create:Writing pixels
INFO:cooler.create:Writing indexes
INFO:cooler.create:Writing info
INFO:cooler.create:Writing chunk 179: /mnt/storage3b/projects/no_ngsd/ahthapp1_T2T_ONT/analysis_other/porec/T2T11/cooler/tmpxpg7wikj.multi.cool::179
INFO:cooler.create:Creating cooler at "/mnt/storage3b/projects/no_ngsd/ahthapp1_T2T_ONT/analysis_other/porec/T2T11/cooler/tmpxpg7wikj.multi.cool::/179"
INFO:cooler.create:Writing chroms
INFO:cooler.create:Writing bins
INFO:cooler.create:Writing pixels
INFO:cooler.create:Writing indexes
INFO:cooler.create:Writing info
INFO:cooler.create:Writing chunk 180: /mnt/storage3b/projects/no_ngsd/ahthapp1_T2T_ONT/analysis_other/porec/T2T11/cooler/tmpxpg7wikj.multi.cool::180
INFO:cooler.create:Creating cooler at "/mnt/storage3b/projects/no_ngsd/ahthapp1_T2T_ONT/analysis_other/porec/T2T11/cooler/tmpxpg7wikj.multi.cool::/180"
INFO:cooler.create:Writing chroms
INFO:cooler.create:Writing bins
INFO:cooler.create:Writing pixels
INFO:cooler.create:Writing indexes
INFO:cooler.create:Writing info
INFO:cooler.create:Writing chunk 181: /mnt/storage3b/projects/no_ngsd/ahthapp1_T2T_ONT/analysis_other/porec/T2T11/cooler/tmpxpg7wikj.multi.cool::181
INFO:cooler.create:Creating cooler at "/mnt/storage3b/projects/no_ngsd/ahthapp1_T2T_ONT/analysis_other/porec/T2T11/cooler/tmpxpg7wikj.multi.cool::/181"
INFO:cooler.create:Writing chroms
INFO:cooler.create:Writing bins
INFO:cooler.create:Writing pixels
INFO:cooler.create:Writing indexes
INFO:cooler.create:Writing info
INFO:cooler.create:Writing chunk 182: /mnt/storage3b/projects/no_ngsd/ahthapp1_T2T_ONT/analysis_other/porec/T2T11/cooler/tmpxpg7wikj.multi.cool::182
INFO:cooler.create:Creating cooler at "/mnt/storage3b/projects/no_ngsd/ahthapp1_T2T_ONT/analysis_other/porec/T2T11/cooler/tmpxpg7wikj.multi.cool::/182"
INFO:cooler.create:Writing chroms
INFO:cooler.create:Writing bins
INFO:cooler.create:Writing pixels
INFO:cooler.create:Writing indexes
INFO:cooler.create:Writing info
INFO:cooler.create:Writing chunk 183: /mnt/storage3b/projects/no_ngsd/ahthapp1_T2T_ONT/analysis_other/porec/T2T11/cooler/tmpxpg7wikj.multi.cool::183
INFO:cooler.create:Creating cooler at "/mnt/storage3b/projects/no_ngsd/ahthapp1_T2T_ONT/analysis_other/porec/T2T11/cooler/tmpxpg7wikj.multi.cool::/183"
INFO:cooler.create:Writing chroms
INFO:cooler.create:Writing bins
INFO:cooler.create:Writing pixels
INFO:cooler.create:Writing indexes
INFO:cooler.create:Writing info
INFO:cooler.create:Writing chunk 184: /mnt/storage3b/projects/no_ngsd/ahthapp1_T2T_ONT/analysis_other/porec/T2T11/cooler/tmpxpg7wikj.multi.cool::184
INFO:cooler.create:Creating cooler at "/mnt/storage3b/projects/no_ngsd/ahthapp1_T2T_ONT/analysis_other/porec/T2T11/cooler/tmpxpg7wikj.multi.cool::/184"
INFO:cooler.create:Writing chroms
INFO:cooler.create:Writing bins
INFO:cooler.create:Writing pixels
INFO:cooler.create:Writing indexes
INFO:cooler.create:Writing info
INFO:cooler.create:Writing chunk 185: /mnt/storage3b/projects/no_ngsd/ahthapp1_T2T_ONT/analysis_other/porec/T2T11/cooler/tmpxpg7wikj.multi.cool::185
INFO:cooler.create:Creating cooler at "/mnt/storage3b/projects/no_ngsd/ahthapp1_T2T_ONT/analysis_other/porec/T2T11/cooler/tmpxpg7wikj.multi.cool::/185"
INFO:cooler.create:Writing chroms
INFO:cooler.create:Writing bins
INFO:cooler.create:Writing pixels
INFO:cooler.create:Writing indexes
INFO:cooler.create:Writing info
INFO:cooler.create:Writing chunk 186: /mnt/storage3b/projects/no_ngsd/ahthapp1_T2T_ONT/analysis_other/porec/T2T11/cooler/tmpxpg7wikj.multi.cool::186
INFO:cooler.create:Creating cooler at "/mnt/storage3b/projects/no_ngsd/ahthapp1_T2T_ONT/analysis_other/porec/T2T11/cooler/tmpxpg7wikj.multi.cool::/186"
INFO:cooler.create:Writing chroms
INFO:cooler.create:Writing bins
INFO:cooler.create:Writing pixels
INFO:cooler.create:Writing indexes
INFO:cooler.create:Writing info
INFO:cooler.create:Writing chunk 187: /mnt/storage3b/projects/no_ngsd/ahthapp1_T2T_ONT/analysis_other/porec/T2T11/cooler/tmpxpg7wikj.multi.cool::187
INFO:cooler.create:Creating cooler at "/mnt/storage3b/projects/no_ngsd/ahthapp1_T2T_ONT/analysis_other/porec/T2T11/cooler/tmpxpg7wikj.multi.cool::/187"
INFO:cooler.create:Writing chroms
INFO:cooler.create:Writing bins
INFO:cooler.create:Writing pixels
INFO:cooler.create:Writing indexes
INFO:cooler.create:Writing info
INFO:cooler.create:Writing chunk 188: /mnt/storage3b/projects/no_ngsd/ahthapp1_T2T_ONT/analysis_other/porec/T2T11/cooler/tmpxpg7wikj.multi.cool::188
INFO:cooler.create:Creating cooler at "/mnt/storage3b/projects/no_ngsd/ahthapp1_T2T_ONT/analysis_other/porec/T2T11/cooler/tmpxpg7wikj.multi.cool::/188"
INFO:cooler.create:Writing chroms
INFO:cooler.create:Writing bins
INFO:cooler.create:Writing pixels
INFO:cooler.create:Writing indexes
INFO:cooler.create:Writing info
INFO:cooler.create:Writing chunk 189: /mnt/storage3b/projects/no_ngsd/ahthapp1_T2T_ONT/analysis_other/porec/T2T11/cooler/tmpxpg7wikj.multi.cool::189
INFO:cooler.create:Creating cooler at "/mnt/storage3b/projects/no_ngsd/ahthapp1_T2T_ONT/analysis_other/porec/T2T11/cooler/tmpxpg7wikj.multi.cool::/189"
INFO:cooler.create:Writing chroms
INFO:cooler.create:Writing bins
INFO:cooler.create:Writing pixels
INFO:cooler.create:Writing indexes
INFO:cooler.create:Writing info
INFO:cooler.create:Writing chunk 190: /mnt/storage3b/projects/no_ngsd/ahthapp1_T2T_ONT/analysis_other/porec/T2T11/cooler/tmpxpg7wikj.multi.cool::190
INFO:cooler.create:Creating cooler at "/mnt/storage3b/projects/no_ngsd/ahthapp1_T2T_ONT/analysis_other/porec/T2T11/cooler/tmpxpg7wikj.multi.cool::/190"
INFO:cooler.create:Writing chroms
INFO:cooler.create:Writing bins
INFO:cooler.create:Writing pixels
INFO:cooler.create:Writing indexes
INFO:cooler.create:Writing info
INFO:cooler.create:Writing chunk 191: /mnt/storage3b/projects/no_ngsd/ahthapp1_T2T_ONT/analysis_other/porec/T2T11/cooler/tmpxpg7wikj.multi.cool::191
INFO:cooler.create:Creating cooler at "/mnt/storage3b/projects/no_ngsd/ahthapp1_T2T_ONT/analysis_other/porec/T2T11/cooler/tmpxpg7wikj.multi.cool::/191"
INFO:cooler.create:Writing chroms
INFO:cooler.create:Writing bins
INFO:cooler.create:Writing pixels
INFO:cooler.create:Writing indexes
INFO:cooler.create:Writing info
INFO:cooler.create:Writing chunk 192: /mnt/storage3b/projects/no_ngsd/ahthapp1_T2T_ONT/analysis_other/porec/T2T11/cooler/tmpxpg7wikj.multi.cool::192
INFO:cooler.create:Creating cooler at "/mnt/storage3b/projects/no_ngsd/ahthapp1_T2T_ONT/analysis_other/porec/T2T11/cooler/tmpxpg7wikj.multi.cool::/192"
INFO:cooler.create:Writing chroms
INFO:cooler.create:Writing bins
INFO:cooler.create:Writing pixels
INFO:cooler.create:Writing indexes
INFO:cooler.create:Writing info
INFO:cooler.create:Writing chunk 193: /mnt/storage3b/projects/no_ngsd/ahthapp1_T2T_ONT/analysis_other/porec/T2T11/cooler/tmpxpg7wikj.multi.cool::193
INFO:cooler.create:Creating cooler at "/mnt/storage3b/projects/no_ngsd/ahthapp1_T2T_ONT/analysis_other/porec/T2T11/cooler/tmpxpg7wikj.multi.cool::/193"
INFO:cooler.create:Writing chroms
INFO:cooler.create:Writing bins
INFO:cooler.create:Writing pixels
INFO:cooler.create:Writing indexes
INFO:cooler.create:Writing info
INFO:cooler.create:Writing chunk 194: /mnt/storage3b/projects/no_ngsd/ahthapp1_T2T_ONT/analysis_other/porec/T2T11/cooler/tmpxpg7wikj.multi.cool::194
INFO:cooler.create:Creating cooler at "/mnt/storage3b/projects/no_ngsd/ahthapp1_T2T_ONT/analysis_other/porec/T2T11/cooler/tmpxpg7wikj.multi.cool::/194"
INFO:cooler.create:Writing chroms
INFO:cooler.create:Writing bins
INFO:cooler.create:Writing pixels
INFO:cooler.create:Writing indexes
INFO:cooler.create:Writing info
INFO:cooler.create:Writing chunk 195: /mnt/storage3b/projects/no_ngsd/ahthapp1_T2T_ONT/analysis_other/porec/T2T11/cooler/tmpxpg7wikj.multi.cool::195
INFO:cooler.create:Creating cooler at "/mnt/storage3b/projects/no_ngsd/ahthapp1_T2T_ONT/analysis_other/porec/T2T11/cooler/tmpxpg7wikj.multi.cool::/195"
INFO:cooler.create:Writing chroms
INFO:cooler.create:Writing bins
INFO:cooler.create:Writing pixels
INFO:cooler.create:Writing indexes
INFO:cooler.create:Writing info
INFO:cooler.create:Writing chunk 196: /mnt/storage3b/projects/no_ngsd/ahthapp1_T2T_ONT/analysis_other/porec/T2T11/cooler/tmpxpg7wikj.multi.cool::196
INFO:cooler.create:Creating cooler at "/mnt/storage3b/projects/no_ngsd/ahthapp1_T2T_ONT/analysis_other/porec/T2T11/cooler/tmpxpg7wikj.multi.cool::/196"
INFO:cooler.create:Writing chroms
INFO:cooler.create:Writing bins
INFO:cooler.create:Writing pixels
INFO:cooler.create:Writing indexes
INFO:cooler.create:Writing info
INFO:cooler.create:Writing chunk 197: /mnt/storage3b/projects/no_ngsd/ahthapp1_T2T_ONT/analysis_other/porec/T2T11/cooler/tmpxpg7wikj.multi.cool::197
INFO:cooler.create:Creating cooler at "/mnt/storage3b/projects/no_ngsd/ahthapp1_T2T_ONT/analysis_other/porec/T2T11/cooler/tmpxpg7wikj.multi.cool::/197"
INFO:cooler.create:Writing chroms
INFO:cooler.create:Writing bins
INFO:cooler.create:Writing pixels
INFO:cooler.create:Writing indexes
INFO:cooler.create:Writing info
INFO:cooler.create:Writing chunk 198: /mnt/storage3b/projects/no_ngsd/ahthapp1_T2T_ONT/analysis_other/porec/T2T11/cooler/tmpxpg7wikj.multi.cool::198
INFO:cooler.create:Creating cooler at "/mnt/storage3b/projects/no_ngsd/ahthapp1_T2T_ONT/analysis_other/porec/T2T11/cooler/tmpxpg7wikj.multi.cool::/198"
INFO:cooler.create:Writing chroms
INFO:cooler.create:Writing bins
INFO:cooler.create:Writing pixels
INFO:cooler.create:Writing indexes
INFO:cooler.create:Writing info
INFO:cooler.create:Writing chunk 199: /mnt/storage3b/projects/no_ngsd/ahthapp1_T2T_ONT/analysis_other/porec/T2T11/cooler/tmpxpg7wikj.multi.cool::199
INFO:cooler.create:Creating cooler at "/mnt/storage3b/projects/no_ngsd/ahthapp1_T2T_ONT/analysis_other/porec/T2T11/cooler/tmpxpg7wikj.multi.cool::/199"
INFO:cooler.create:Writing chroms
INFO:cooler.create:Writing bins
INFO:cooler.create:Writing pixels
INFO:cooler.create:Writing indexes
INFO:cooler.create:Writing info
INFO:cooler.create:Writing chunk 200: /mnt/storage3b/projects/no_ngsd/ahthapp1_T2T_ONT/analysis_other/porec/T2T11/cooler/tmpxpg7wikj.multi.cool::200
INFO:cooler.create:Creating cooler at "/mnt/storage3b/projects/no_ngsd/ahthapp1_T2T_ONT/analysis_other/porec/T2T11/cooler/tmpxpg7wikj.multi.cool::/200"
INFO:cooler.create:Writing chroms
INFO:cooler.create:Writing bins
INFO:cooler.create:Writing pixels
INFO:cooler.create:Writing indexes
INFO:cooler.create:Writing info
INFO:cooler.create:Writing chunk 201: /mnt/storage3b/projects/no_ngsd/ahthapp1_T2T_ONT/analysis_other/porec/T2T11/cooler/tmpxpg7wikj.multi.cool::201
INFO:cooler.create:Creating cooler at "/mnt/storage3b/projects/no_ngsd/ahthapp1_T2T_ONT/analysis_other/porec/T2T11/cooler/tmpxpg7wikj.multi.cool::/201"
INFO:cooler.create:Writing chroms
INFO:cooler.create:Writing bins
INFO:cooler.create:Writing pixels
INFO:cooler.create:Writing indexes
INFO:cooler.create:Writing info
INFO:cooler.create:Writing chunk 202: /mnt/storage3b/projects/no_ngsd/ahthapp1_T2T_ONT/analysis_other/porec/T2T11/cooler/tmpxpg7wikj.multi.cool::202
INFO:cooler.create:Creating cooler at "/mnt/storage3b/projects/no_ngsd/ahthapp1_T2T_ONT/analysis_other/porec/T2T11/cooler/tmpxpg7wikj.multi.cool::/202"
INFO:cooler.create:Writing chroms
INFO:cooler.create:Writing bins
INFO:cooler.create:Writing pixels
INFO:cooler.create:Writing indexes
INFO:cooler.create:Writing info
INFO:cooler.create:Writing chunk 203: /mnt/storage3b/projects/no_ngsd/ahthapp1_T2T_ONT/analysis_other/porec/T2T11/cooler/tmpxpg7wikj.multi.cool::203
INFO:cooler.create:Creating cooler at "/mnt/storage3b/projects/no_ngsd/ahthapp1_T2T_ONT/analysis_other/porec/T2T11/cooler/tmpxpg7wikj.multi.cool::/203"
INFO:cooler.create:Writing chroms
INFO:cooler.create:Writing bins
INFO:cooler.create:Writing pixels
INFO:cooler.create:Writing indexes
INFO:cooler.create:Writing info
INFO:cooler.create:Writing chunk 204: /mnt/storage3b/projects/no_ngsd/ahthapp1_T2T_ONT/analysis_other/porec/T2T11/cooler/tmpxpg7wikj.multi.cool::204
INFO:cooler.create:Creating cooler at "/mnt/storage3b/projects/no_ngsd/ahthapp1_T2T_ONT/analysis_other/porec/T2T11/cooler/tmpxpg7wikj.multi.cool::/204"
INFO:cooler.create:Writing chroms
INFO:cooler.create:Writing bins
INFO:cooler.create:Writing pixels
INFO:cooler.create:Writing indexes
INFO:cooler.create:Writing info
INFO:cooler.create:Writing chunk 205: /mnt/storage3b/projects/no_ngsd/ahthapp1_T2T_ONT/analysis_other/porec/T2T11/cooler/tmpxpg7wikj.multi.cool::205
INFO:cooler.create:Creating cooler at "/mnt/storage3b/projects/no_ngsd/ahthapp1_T2T_ONT/analysis_other/porec/T2T11/cooler/tmpxpg7wikj.multi.cool::/205"
INFO:cooler.create:Writing chroms
INFO:cooler.create:Writing bins
INFO:cooler.create:Writing pixels
INFO:cooler.create:Writing indexes
INFO:cooler.create:Writing info
INFO:cooler.create:Writing chunk 206: /mnt/storage3b/projects/no_ngsd/ahthapp1_T2T_ONT/analysis_other/porec/T2T11/cooler/tmpxpg7wikj.multi.cool::206
INFO:cooler.create:Creating cooler at "/mnt/storage3b/projects/no_ngsd/ahthapp1_T2T_ONT/analysis_other/porec/T2T11/cooler/tmpxpg7wikj.multi.cool::/206"
INFO:cooler.create:Writing chroms
INFO:cooler.create:Writing bins
INFO:cooler.create:Writing pixels
INFO:cooler.create:Writing indexes
INFO:cooler.create:Writing info
INFO:cooler.create:Writing chunk 207: /mnt/storage3b/projects/no_ngsd/ahthapp1_T2T_ONT/analysis_other/porec/T2T11/cooler/tmpxpg7wikj.multi.cool::207
INFO:cooler.create:Creating cooler at "/mnt/storage3b/projects/no_ngsd/ahthapp1_T2T_ONT/analysis_other/porec/T2T11/cooler/tmpxpg7wikj.multi.cool::/207"
INFO:cooler.create:Writing chroms
INFO:cooler.create:Writing bins
INFO:cooler.create:Writing pixels
INFO:cooler.create:Writing indexes
INFO:cooler.create:Writing info
INFO:cooler.create:Writing chunk 208: /mnt/storage3b/projects/no_ngsd/ahthapp1_T2T_ONT/analysis_other/porec/T2T11/cooler/tmpxpg7wikj.multi.cool::208
INFO:cooler.create:Creating cooler at "/mnt/storage3b/projects/no_ngsd/ahthapp1_T2T_ONT/analysis_other/porec/T2T11/cooler/tmpxpg7wikj.multi.cool::/208"
INFO:cooler.create:Writing chroms
INFO:cooler.create:Writing bins
INFO:cooler.create:Writing pixels
INFO:cooler.create:Writing indexes
INFO:cooler.create:Writing info
INFO:cooler.create:Writing chunk 209: /mnt/storage3b/projects/no_ngsd/ahthapp1_T2T_ONT/analysis_other/porec/T2T11/cooler/tmpxpg7wikj.multi.cool::209
INFO:cooler.create:Creating cooler at "/mnt/storage3b/projects/no_ngsd/ahthapp1_T2T_ONT/analysis_other/porec/T2T11/cooler/tmpxpg7wikj.multi.cool::/209"
INFO:cooler.create:Writing chroms
INFO:cooler.create:Writing bins
INFO:cooler.create:Writing pixels
INFO:cooler.create:Writing indexes
INFO:cooler.create:Writing info
INFO:cooler.create:Writing chunk 210: /mnt/storage3b/projects/no_ngsd/ahthapp1_T2T_ONT/analysis_other/porec/T2T11/cooler/tmpxpg7wikj.multi.cool::210
INFO:cooler.create:Creating cooler at "/mnt/storage3b/projects/no_ngsd/ahthapp1_T2T_ONT/analysis_other/porec/T2T11/cooler/tmpxpg7wikj.multi.cool::/210"
INFO:cooler.create:Writing chroms
INFO:cooler.create:Writing bins
INFO:cooler.create:Writing pixels
INFO:cooler.create:Writing indexes
INFO:cooler.create:Writing info
INFO:cooler.create:Writing chunk 211: /mnt/storage3b/projects/no_ngsd/ahthapp1_T2T_ONT/analysis_other/porec/T2T11/cooler/tmpxpg7wikj.multi.cool::211
INFO:cooler.create:Creating cooler at "/mnt/storage3b/projects/no_ngsd/ahthapp1_T2T_ONT/analysis_other/porec/T2T11/cooler/tmpxpg7wikj.multi.cool::/211"
INFO:cooler.create:Writing chroms
INFO:cooler.create:Writing bins
INFO:cooler.create:Writing pixels
INFO:cooler.create:Writing indexes
INFO:cooler.create:Writing info
INFO:cooler.create:Writing chunk 212: /mnt/storage3b/projects/no_ngsd/ahthapp1_T2T_ONT/analysis_other/porec/T2T11/cooler/tmpxpg7wikj.multi.cool::212
INFO:cooler.create:Creating cooler at "/mnt/storage3b/projects/no_ngsd/ahthapp1_T2T_ONT/analysis_other/porec/T2T11/cooler/tmpxpg7wikj.multi.cool::/212"
INFO:cooler.create:Writing chroms
INFO:cooler.create:Writing bins
INFO:cooler.create:Writing pixels
INFO:cooler.create:Writing indexes
INFO:cooler.create:Writing info
INFO:cooler.create:Writing chunk 213: /mnt/storage3b/projects/no_ngsd/ahthapp1_T2T_ONT/analysis_other/porec/T2T11/cooler/tmpxpg7wikj.multi.cool::213
INFO:cooler.create:Creating cooler at "/mnt/storage3b/projects/no_ngsd/ahthapp1_T2T_ONT/analysis_other/porec/T2T11/cooler/tmpxpg7wikj.multi.cool::/213"
INFO:cooler.create:Writing chroms
INFO:cooler.create:Writing bins
INFO:cooler.create:Writing pixels
INFO:cooler.create:Writing indexes
INFO:cooler.create:Writing info
INFO:cooler.create:Writing chunk 214: /mnt/storage3b/projects/no_ngsd/ahthapp1_T2T_ONT/analysis_other/porec/T2T11/cooler/tmpxpg7wikj.multi.cool::214
INFO:cooler.create:Creating cooler at "/mnt/storage3b/projects/no_ngsd/ahthapp1_T2T_ONT/analysis_other/porec/T2T11/cooler/tmpxpg7wikj.multi.cool::/214"
INFO:cooler.create:Writing chroms
INFO:cooler.create:Writing bins
INFO:cooler.create:Writing pixels
INFO:cooler.create:Writing indexes
INFO:cooler.create:Writing info
INFO:cooler.create:Writing chunk 215: /mnt/storage3b/projects/no_ngsd/ahthapp1_T2T_ONT/analysis_other/porec/T2T11/cooler/tmpxpg7wikj.multi.cool::215
INFO:cooler.create:Creating cooler at "/mnt/storage3b/projects/no_ngsd/ahthapp1_T2T_ONT/analysis_other/porec/T2T11/cooler/tmpxpg7wikj.multi.cool::/215"
INFO:cooler.create:Writing chroms
INFO:cooler.create:Writing bins
INFO:cooler.create:Writing pixels
INFO:cooler.create:Writing indexes
INFO:cooler.create:Writing info
INFO:cooler.create:Writing chunk 216: /mnt/storage3b/projects/no_ngsd/ahthapp1_T2T_ONT/analysis_other/porec/T2T11/cooler/tmpxpg7wikj.multi.cool::216
INFO:cooler.create:Creating cooler at "/mnt/storage3b/projects/no_ngsd/ahthapp1_T2T_ONT/analysis_other/porec/T2T11/cooler/tmpxpg7wikj.multi.cool::/216"
INFO:cooler.create:Writing chroms
INFO:cooler.create:Writing bins
INFO:cooler.create:Writing pixels
INFO:cooler.create:Writing indexes
INFO:cooler.create:Writing info
INFO:cooler.create:Writing chunk 217: /mnt/storage3b/projects/no_ngsd/ahthapp1_T2T_ONT/analysis_other/porec/T2T11/cooler/tmpxpg7wikj.multi.cool::217
INFO:cooler.create:Creating cooler at "/mnt/storage3b/projects/no_ngsd/ahthapp1_T2T_ONT/analysis_other/porec/T2T11/cooler/tmpxpg7wikj.multi.cool::/217"
INFO:cooler.create:Writing chroms
INFO:cooler.create:Writing bins
INFO:cooler.create:Writing pixels
INFO:cooler.create:Writing indexes
INFO:cooler.create:Writing info
INFO:cooler.create:Writing chunk 218: /mnt/storage3b/projects/no_ngsd/ahthapp1_T2T_ONT/analysis_other/porec/T2T11/cooler/tmpxpg7wikj.multi.cool::218
INFO:cooler.create:Creating cooler at "/mnt/storage3b/projects/no_ngsd/ahthapp1_T2T_ONT/analysis_other/porec/T2T11/cooler/tmpxpg7wikj.multi.cool::/218"
INFO:cooler.create:Writing chroms
INFO:cooler.create:Writing bins
INFO:cooler.create:Writing pixels
INFO:cooler.create:Writing indexes
INFO:cooler.create:Writing info
INFO:cooler.create:Writing chunk 219: /mnt/storage3b/projects/no_ngsd/ahthapp1_T2T_ONT/analysis_other/porec/T2T11/cooler/tmpxpg7wikj.multi.cool::219
INFO:cooler.create:Creating cooler at "/mnt/storage3b/projects/no_ngsd/ahthapp1_T2T_ONT/analysis_other/porec/T2T11/cooler/tmpxpg7wikj.multi.cool::/219"
INFO:cooler.create:Writing chroms
INFO:cooler.create:Writing bins
INFO:cooler.create:Writing pixels
INFO:cooler.create:Writing indexes
INFO:cooler.create:Writing info
INFO:cooler.create:Writing chunk 220: /mnt/storage3b/projects/no_ngsd/ahthapp1_T2T_ONT/analysis_other/porec/T2T11/cooler/tmpxpg7wikj.multi.cool::220
INFO:cooler.create:Creating cooler at "/mnt/storage3b/projects/no_ngsd/ahthapp1_T2T_ONT/analysis_other/porec/T2T11/cooler/tmpxpg7wikj.multi.cool::/220"
INFO:cooler.create:Writing chroms
INFO:cooler.create:Writing bins
INFO:cooler.create:Writing pixels
INFO:cooler.create:Writing indexes
INFO:cooler.create:Writing info
INFO:cooler.create:Writing chunk 221: /mnt/storage3b/projects/no_ngsd/ahthapp1_T2T_ONT/analysis_other/porec/T2T11/cooler/tmpxpg7wikj.multi.cool::221
INFO:cooler.create:Creating cooler at "/mnt/storage3b/projects/no_ngsd/ahthapp1_T2T_ONT/analysis_other/porec/T2T11/cooler/tmpxpg7wikj.multi.cool::/221"
INFO:cooler.create:Writing chroms
INFO:cooler.create:Writing bins
INFO:cooler.create:Writing pixels
INFO:cooler.create:Writing indexes
INFO:cooler.create:Writing info
INFO:cooler.create:Writing chunk 222: /mnt/storage3b/projects/no_ngsd/ahthapp1_T2T_ONT/analysis_other/porec/T2T11/cooler/tmpxpg7wikj.multi.cool::222
INFO:cooler.create:Creating cooler at "/mnt/storage3b/projects/no_ngsd/ahthapp1_T2T_ONT/analysis_other/porec/T2T11/cooler/tmpxpg7wikj.multi.cool::/222"
INFO:cooler.create:Writing chroms
INFO:cooler.create:Writing bins
INFO:cooler.create:Writing pixels
INFO:cooler.create:Writing indexes
INFO:cooler.create:Writing info
INFO:cooler.create:Writing chunk 223: /mnt/storage3b/projects/no_ngsd/ahthapp1_T2T_ONT/analysis_other/porec/T2T11/cooler/tmpxpg7wikj.multi.cool::223
INFO:cooler.create:Creating cooler at "/mnt/storage3b/projects/no_ngsd/ahthapp1_T2T_ONT/analysis_other/porec/T2T11/cooler/tmpxpg7wikj.multi.cool::/223"
INFO:cooler.create:Writing chroms
INFO:cooler.create:Writing bins
INFO:cooler.create:Writing pixels
INFO:cooler.create:Writing indexes
INFO:cooler.create:Writing info
INFO:cooler.create:Writing chunk 224: /mnt/storage3b/projects/no_ngsd/ahthapp1_T2T_ONT/analysis_other/porec/T2T11/cooler/tmpxpg7wikj.multi.cool::224
INFO:cooler.create:Creating cooler at "/mnt/storage3b/projects/no_ngsd/ahthapp1_T2T_ONT/analysis_other/porec/T2T11/cooler/tmpxpg7wikj.multi.cool::/224"
INFO:cooler.create:Writing chroms
INFO:cooler.create:Writing bins
INFO:cooler.create:Writing pixels
INFO:cooler.create:Writing indexes
INFO:cooler.create:Writing info
INFO:cooler.create:Writing chunk 225: /mnt/storage3b/projects/no_ngsd/ahthapp1_T2T_ONT/analysis_other/porec/T2T11/cooler/tmpxpg7wikj.multi.cool::225
INFO:cooler.create:Creating cooler at "/mnt/storage3b/projects/no_ngsd/ahthapp1_T2T_ONT/analysis_other/porec/T2T11/cooler/tmpxpg7wikj.multi.cool::/225"
INFO:cooler.create:Writing chroms
INFO:cooler.create:Writing bins
INFO:cooler.create:Writing pixels
INFO:cooler.create:Writing indexes
INFO:cooler.create:Writing info
INFO:cooler.create:Writing chunk 226: /mnt/storage3b/projects/no_ngsd/ahthapp1_T2T_ONT/analysis_other/porec/T2T11/cooler/tmpxpg7wikj.multi.cool::226
INFO:cooler.create:Creating cooler at "/mnt/storage3b/projects/no_ngsd/ahthapp1_T2T_ONT/analysis_other/porec/T2T11/cooler/tmpxpg7wikj.multi.cool::/226"
INFO:cooler.create:Writing chroms
INFO:cooler.create:Writing bins
INFO:cooler.create:Writing pixels
INFO:cooler.create:Writing indexes
INFO:cooler.create:Writing info
INFO:cooler.create:Writing chunk 227: /mnt/storage3b/projects/no_ngsd/ahthapp1_T2T_ONT/analysis_other/porec/T2T11/cooler/tmpxpg7wikj.multi.cool::227
INFO:cooler.create:Creating cooler at "/mnt/storage3b/projects/no_ngsd/ahthapp1_T2T_ONT/analysis_other/porec/T2T11/cooler/tmpxpg7wikj.multi.cool::/227"
INFO:cooler.create:Writing chroms
INFO:cooler.create:Writing bins
INFO:cooler.create:Writing pixels
INFO:cooler.create:Writing indexes
INFO:cooler.create:Writing info
INFO:cooler.create:Writing chunk 228: /mnt/storage3b/projects/no_ngsd/ahthapp1_T2T_ONT/analysis_other/porec/T2T11/cooler/tmpxpg7wikj.multi.cool::228
INFO:cooler.create:Creating cooler at "/mnt/storage3b/projects/no_ngsd/ahthapp1_T2T_ONT/analysis_other/porec/T2T11/cooler/tmpxpg7wikj.multi.cool::/228"
INFO:cooler.create:Writing chroms
INFO:cooler.create:Writing bins
INFO:cooler.create:Writing pixels
INFO:cooler.create:Writing indexes
INFO:cooler.create:Writing info
INFO:cooler.create:Writing chunk 229: /mnt/storage3b/projects/no_ngsd/ahthapp1_T2T_ONT/analysis_other/porec/T2T11/cooler/tmpxpg7wikj.multi.cool::229
INFO:cooler.create:Creating cooler at "/mnt/storage3b/projects/no_ngsd/ahthapp1_T2T_ONT/analysis_other/porec/T2T11/cooler/tmpxpg7wikj.multi.cool::/229"
INFO:cooler.create:Writing chroms
INFO:cooler.create:Writing bins
INFO:cooler.create:Writing pixels
INFO:cooler.create:Writing indexes
INFO:cooler.create:Writing info
INFO:cooler.create:Writing chunk 230: /mnt/storage3b/projects/no_ngsd/ahthapp1_T2T_ONT/analysis_other/porec/T2T11/cooler/tmpxpg7wikj.multi.cool::230
INFO:cooler.create:Creating cooler at "/mnt/storage3b/projects/no_ngsd/ahthapp1_T2T_ONT/analysis_other/porec/T2T11/cooler/tmpxpg7wikj.multi.cool::/230"
INFO:cooler.create:Writing chroms
INFO:cooler.create:Writing bins
INFO:cooler.create:Writing pixels
INFO:cooler.create:Writing indexes
INFO:cooler.create:Writing info
INFO:cooler.create:Writing chunk 231: /mnt/storage3b/projects/no_ngsd/ahthapp1_T2T_ONT/analysis_other/porec/T2T11/cooler/tmpxpg7wikj.multi.cool::231
INFO:cooler.create:Creating cooler at "/mnt/storage3b/projects/no_ngsd/ahthapp1_T2T_ONT/analysis_other/porec/T2T11/cooler/tmpxpg7wikj.multi.cool::/231"
INFO:cooler.create:Writing chroms
INFO:cooler.create:Writing bins
INFO:cooler.create:Writing pixels
INFO:cooler.create:Writing indexes
INFO:cooler.create:Writing info
INFO:cooler.create:Writing chunk 232: /mnt/storage3b/projects/no_ngsd/ahthapp1_T2T_ONT/analysis_other/porec/T2T11/cooler/tmpxpg7wikj.multi.cool::232
INFO:cooler.create:Creating cooler at "/mnt/storage3b/projects/no_ngsd/ahthapp1_T2T_ONT/analysis_other/porec/T2T11/cooler/tmpxpg7wikj.multi.cool::/232"
INFO:cooler.create:Writing chroms
INFO:cooler.create:Writing bins
INFO:cooler.create:Writing pixels
INFO:cooler.create:Writing indexes
INFO:cooler.create:Writing info
INFO:cooler.create:Writing chunk 233: /mnt/storage3b/projects/no_ngsd/ahthapp1_T2T_ONT/analysis_other/porec/T2T11/cooler/tmpxpg7wikj.multi.cool::233
INFO:cooler.create:Creating cooler at "/mnt/storage3b/projects/no_ngsd/ahthapp1_T2T_ONT/analysis_other/porec/T2T11/cooler/tmpxpg7wikj.multi.cool::/233"
INFO:cooler.create:Writing chroms
INFO:cooler.create:Writing bins
INFO:cooler.create:Writing pixels
INFO:cooler.create:Writing indexes
INFO:cooler.create:Writing info
INFO:cooler.create:Writing chunk 234: /mnt/storage3b/projects/no_ngsd/ahthapp1_T2T_ONT/analysis_other/porec/T2T11/cooler/tmpxpg7wikj.multi.cool::234
INFO:cooler.create:Creating cooler at "/mnt/storage3b/projects/no_ngsd/ahthapp1_T2T_ONT/analysis_other/porec/T2T11/cooler/tmpxpg7wikj.multi.cool::/234"
INFO:cooler.create:Writing chroms
INFO:cooler.create:Writing bins
INFO:cooler.create:Writing pixels
INFO:cooler.create:Writing indexes
INFO:cooler.create:Writing info
INFO:cooler.create:Writing chunk 235: /mnt/storage3b/projects/no_ngsd/ahthapp1_T2T_ONT/analysis_other/porec/T2T11/cooler/tmpxpg7wikj.multi.cool::235
INFO:cooler.create:Creating cooler at "/mnt/storage3b/projects/no_ngsd/ahthapp1_T2T_ONT/analysis_other/porec/T2T11/cooler/tmpxpg7wikj.multi.cool::/235"
INFO:cooler.create:Writing chroms
INFO:cooler.create:Writing bins
INFO:cooler.create:Writing pixels
INFO:cooler.create:Writing indexes
INFO:cooler.create:Writing info
INFO:cooler.create:Writing chunk 236: /mnt/storage3b/projects/no_ngsd/ahthapp1_T2T_ONT/analysis_other/porec/T2T11/cooler/tmpxpg7wikj.multi.cool::236
INFO:cooler.create:Creating cooler at "/mnt/storage3b/projects/no_ngsd/ahthapp1_T2T_ONT/analysis_other/porec/T2T11/cooler/tmpxpg7wikj.multi.cool::/236"
INFO:cooler.create:Writing chroms
INFO:cooler.create:Writing bins
INFO:cooler.create:Writing pixels
INFO:cooler.create:Writing indexes
INFO:cooler.create:Writing info
INFO:cooler.create:Writing chunk 237: /mnt/storage3b/projects/no_ngsd/ahthapp1_T2T_ONT/analysis_other/porec/T2T11/cooler/tmpxpg7wikj.multi.cool::237
INFO:cooler.create:Creating cooler at "/mnt/storage3b/projects/no_ngsd/ahthapp1_T2T_ONT/analysis_other/porec/T2T11/cooler/tmpxpg7wikj.multi.cool::/237"
INFO:cooler.create:Writing chroms
INFO:cooler.create:Writing bins
INFO:cooler.create:Writing pixels
INFO:cooler.create:Writing indexes
INFO:cooler.create:Writing info
INFO:cooler.create:Writing chunk 238: /mnt/storage3b/projects/no_ngsd/ahthapp1_T2T_ONT/analysis_other/porec/T2T11/cooler/tmpxpg7wikj.multi.cool::238
INFO:cooler.create:Creating cooler at "/mnt/storage3b/projects/no_ngsd/ahthapp1_T2T_ONT/analysis_other/porec/T2T11/cooler/tmpxpg7wikj.multi.cool::/238"
INFO:cooler.create:Writing chroms
INFO:cooler.create:Writing bins
INFO:cooler.create:Writing pixels
INFO:cooler.create:Writing indexes
INFO:cooler.create:Writing info
INFO:cooler.create:Writing chunk 239: /mnt/storage3b/projects/no_ngsd/ahthapp1_T2T_ONT/analysis_other/porec/T2T11/cooler/tmpxpg7wikj.multi.cool::239
INFO:cooler.create:Creating cooler at "/mnt/storage3b/projects/no_ngsd/ahthapp1_T2T_ONT/analysis_other/porec/T2T11/cooler/tmpxpg7wikj.multi.cool::/239"
INFO:cooler.create:Writing chroms
INFO:cooler.create:Writing bins
INFO:cooler.create:Writing pixels
INFO:cooler.create:Writing indexes
INFO:cooler.create:Writing info
INFO:cooler.create:Writing chunk 240: /mnt/storage3b/projects/no_ngsd/ahthapp1_T2T_ONT/analysis_other/porec/T2T11/cooler/tmpxpg7wikj.multi.cool::240
INFO:cooler.create:Creating cooler at "/mnt/storage3b/projects/no_ngsd/ahthapp1_T2T_ONT/analysis_other/porec/T2T11/cooler/tmpxpg7wikj.multi.cool::/240"
INFO:cooler.create:Writing chroms
INFO:cooler.create:Writing bins
INFO:cooler.create:Writing pixels
INFO:cooler.create:Writing indexes
INFO:cooler.create:Writing info
INFO:cooler.create:Writing chunk 241: /mnt/storage3b/projects/no_ngsd/ahthapp1_T2T_ONT/analysis_other/porec/T2T11/cooler/tmpxpg7wikj.multi.cool::241
INFO:cooler.create:Creating cooler at "/mnt/storage3b/projects/no_ngsd/ahthapp1_T2T_ONT/analysis_other/porec/T2T11/cooler/tmpxpg7wikj.multi.cool::/241"
INFO:cooler.create:Writing chroms
INFO:cooler.create:Writing bins
INFO:cooler.create:Writing pixels
INFO:cooler.create:Writing indexes
INFO:cooler.create:Writing info
INFO:cooler.create:Writing chunk 242: /mnt/storage3b/projects/no_ngsd/ahthapp1_T2T_ONT/analysis_other/porec/T2T11/cooler/tmpxpg7wikj.multi.cool::242
INFO:cooler.create:Creating cooler at "/mnt/storage3b/projects/no_ngsd/ahthapp1_T2T_ONT/analysis_other/porec/T2T11/cooler/tmpxpg7wikj.multi.cool::/242"
INFO:cooler.create:Writing chroms
INFO:cooler.create:Writing bins
INFO:cooler.create:Writing pixels
INFO:cooler.create:Writing indexes
INFO:cooler.create:Writing info
INFO:cooler.create:Writing chunk 243: /mnt/storage3b/projects/no_ngsd/ahthapp1_T2T_ONT/analysis_other/porec/T2T11/cooler/tmpxpg7wikj.multi.cool::243
INFO:cooler.create:Creating cooler at "/mnt/storage3b/projects/no_ngsd/ahthapp1_T2T_ONT/analysis_other/porec/T2T11/cooler/tmpxpg7wikj.multi.cool::/243"
INFO:cooler.create:Writing chroms
INFO:cooler.create:Writing bins
INFO:cooler.create:Writing pixels
INFO:cooler.create:Writing indexes
INFO:cooler.create:Writing info
INFO:cooler.create:Writing chunk 244: /mnt/storage3b/projects/no_ngsd/ahthapp1_T2T_ONT/analysis_other/porec/T2T11/cooler/tmpxpg7wikj.multi.cool::244
INFO:cooler.create:Creating cooler at "/mnt/storage3b/projects/no_ngsd/ahthapp1_T2T_ONT/analysis_other/porec/T2T11/cooler/tmpxpg7wikj.multi.cool::/244"
INFO:cooler.create:Writing chroms
INFO:cooler.create:Writing bins
INFO:cooler.create:Writing pixels
INFO:cooler.create:Writing indexes
INFO:cooler.create:Writing info
INFO:cooler.create:Writing chunk 245: /mnt/storage3b/projects/no_ngsd/ahthapp1_T2T_ONT/analysis_other/porec/T2T11/cooler/tmpxpg7wikj.multi.cool::245
INFO:cooler.create:Creating cooler at "/mnt/storage3b/projects/no_ngsd/ahthapp1_T2T_ONT/analysis_other/porec/T2T11/cooler/tmpxpg7wikj.multi.cool::/245"
INFO:cooler.create:Writing chroms
INFO:cooler.create:Writing bins
INFO:cooler.create:Writing pixels
INFO:cooler.create:Writing indexes
INFO:cooler.create:Writing info
INFO:cooler.create:Writing chunk 246: /mnt/storage3b/projects/no_ngsd/ahthapp1_T2T_ONT/analysis_other/porec/T2T11/cooler/tmpxpg7wikj.multi.cool::246
INFO:cooler.create:Creating cooler at "/mnt/storage3b/projects/no_ngsd/ahthapp1_T2T_ONT/analysis_other/porec/T2T11/cooler/tmpxpg7wikj.multi.cool::/246"
INFO:cooler.create:Writing chroms
INFO:cooler.create:Writing bins
INFO:cooler.create:Writing pixels
INFO:cooler.create:Writing indexes
INFO:cooler.create:Writing info
INFO:cooler.create:Writing chunk 247: /mnt/storage3b/projects/no_ngsd/ahthapp1_T2T_ONT/analysis_other/porec/T2T11/cooler/tmpxpg7wikj.multi.cool::247
INFO:cooler.create:Creating cooler at "/mnt/storage3b/projects/no_ngsd/ahthapp1_T2T_ONT/analysis_other/porec/T2T11/cooler/tmpxpg7wikj.multi.cool::/247"
INFO:cooler.create:Writing chroms
INFO:cooler.create:Writing bins
INFO:cooler.create:Writing pixels
INFO:cooler.create:Writing indexes
INFO:cooler.create:Writing info
INFO:cooler.create:Writing chunk 248: /mnt/storage3b/projects/no_ngsd/ahthapp1_T2T_ONT/analysis_other/porec/T2T11/cooler/tmpxpg7wikj.multi.cool::248
INFO:cooler.create:Creating cooler at "/mnt/storage3b/projects/no_ngsd/ahthapp1_T2T_ONT/analysis_other/porec/T2T11/cooler/tmpxpg7wikj.multi.cool::/248"
INFO:cooler.create:Writing chroms
INFO:cooler.create:Writing bins
INFO:cooler.create:Writing pixels
INFO:cooler.create:Writing indexes
INFO:cooler.create:Writing info
INFO:cooler.create:Writing chunk 249: /mnt/storage3b/projects/no_ngsd/ahthapp1_T2T_ONT/analysis_other/porec/T2T11/cooler/tmpxpg7wikj.multi.cool::249
INFO:cooler.create:Creating cooler at "/mnt/storage3b/projects/no_ngsd/ahthapp1_T2T_ONT/analysis_other/porec/T2T11/cooler/tmpxpg7wikj.multi.cool::/249"
INFO:cooler.create:Writing chroms
INFO:cooler.create:Writing bins
INFO:cooler.create:Writing pixels
INFO:cooler.create:Writing indexes
INFO:cooler.create:Writing info
INFO:cooler.create:Writing chunk 250: /mnt/storage3b/projects/no_ngsd/ahthapp1_T2T_ONT/analysis_other/porec/T2T11/cooler/tmpxpg7wikj.multi.cool::250
INFO:cooler.create:Creating cooler at "/mnt/storage3b/projects/no_ngsd/ahthapp1_T2T_ONT/analysis_other/porec/T2T11/cooler/tmpxpg7wikj.multi.cool::/250"
INFO:cooler.create:Writing chroms
INFO:cooler.create:Writing bins
INFO:cooler.create:Writing pixels
INFO:cooler.create:Writing indexes
INFO:cooler.create:Writing info
INFO:cooler.create:Writing chunk 251: /mnt/storage3b/projects/no_ngsd/ahthapp1_T2T_ONT/analysis_other/porec/T2T11/cooler/tmpxpg7wikj.multi.cool::251
INFO:cooler.create:Creating cooler at "/mnt/storage3b/projects/no_ngsd/ahthapp1_T2T_ONT/analysis_other/porec/T2T11/cooler/tmpxpg7wikj.multi.cool::/251"
INFO:cooler.create:Writing chroms
INFO:cooler.create:Writing bins
INFO:cooler.create:Writing pixels
INFO:cooler.create:Writing indexes
INFO:cooler.create:Writing info
INFO:cooler.create:Writing chunk 252: /mnt/storage3b/projects/no_ngsd/ahthapp1_T2T_ONT/analysis_other/porec/T2T11/cooler/tmpxpg7wikj.multi.cool::252
INFO:cooler.create:Creating cooler at "/mnt/storage3b/projects/no_ngsd/ahthapp1_T2T_ONT/analysis_other/porec/T2T11/cooler/tmpxpg7wikj.multi.cool::/252"
INFO:cooler.create:Writing chroms
INFO:cooler.create:Writing bins
INFO:cooler.create:Writing pixels
INFO:cooler.create:Writing indexes
INFO:cooler.create:Writing info
INFO:cooler.create:Writing chunk 253: /mnt/storage3b/projects/no_ngsd/ahthapp1_T2T_ONT/analysis_other/porec/T2T11/cooler/tmpxpg7wikj.multi.cool::253
INFO:cooler.create:Creating cooler at "/mnt/storage3b/projects/no_ngsd/ahthapp1_T2T_ONT/analysis_other/porec/T2T11/cooler/tmpxpg7wikj.multi.cool::/253"
INFO:cooler.create:Writing chroms
INFO:cooler.create:Writing bins
INFO:cooler.create:Writing pixels
INFO:cooler.create:Writing indexes
INFO:cooler.create:Writing info
INFO:cooler.create:Writing chunk 254: /mnt/storage3b/projects/no_ngsd/ahthapp1_T2T_ONT/analysis_other/porec/T2T11/cooler/tmpxpg7wikj.multi.cool::254
INFO:cooler.create:Creating cooler at "/mnt/storage3b/projects/no_ngsd/ahthapp1_T2T_ONT/analysis_other/porec/T2T11/cooler/tmpxpg7wikj.multi.cool::/254"
INFO:cooler.create:Writing chroms
INFO:cooler.create:Writing bins
INFO:cooler.create:Writing pixels
INFO:cooler.create:Writing indexes
INFO:cooler.create:Writing info
INFO:cooler.create:Writing chunk 255: /mnt/storage3b/projects/no_ngsd/ahthapp1_T2T_ONT/analysis_other/porec/T2T11/cooler/tmpxpg7wikj.multi.cool::255
INFO:cooler.create:Creating cooler at "/mnt/storage3b/projects/no_ngsd/ahthapp1_T2T_ONT/analysis_other/porec/T2T11/cooler/tmpxpg7wikj.multi.cool::/255"
INFO:cooler.create:Writing chroms
INFO:cooler.create:Writing bins
INFO:cooler.create:Writing pixels
INFO:cooler.create:Writing indexes
INFO:cooler.create:Writing info
INFO:cooler.create:Writing chunk 256: /mnt/storage3b/projects/no_ngsd/ahthapp1_T2T_ONT/analysis_other/porec/T2T11/cooler/tmpxpg7wikj.multi.cool::256
INFO:cooler.create:Creating cooler at "/mnt/storage3b/projects/no_ngsd/ahthapp1_T2T_ONT/analysis_other/porec/T2T11/cooler/tmpxpg7wikj.multi.cool::/256"
INFO:cooler.create:Writing chroms
INFO:cooler.create:Writing bins
INFO:cooler.create:Writing pixels
INFO:cooler.create:Writing indexes
INFO:cooler.create:Writing info
INFO:cooler.create:Writing chunk 257: /mnt/storage3b/projects/no_ngsd/ahthapp1_T2T_ONT/analysis_other/porec/T2T11/cooler/tmpxpg7wikj.multi.cool::257
INFO:cooler.create:Creating cooler at "/mnt/storage3b/projects/no_ngsd/ahthapp1_T2T_ONT/analysis_other/porec/T2T11/cooler/tmpxpg7wikj.multi.cool::/257"
INFO:cooler.create:Writing chroms
INFO:cooler.create:Writing bins
INFO:cooler.create:Writing pixels
INFO:cooler.create:Writing indexes
INFO:cooler.create:Writing info
INFO:cooler.create:Writing chunk 258: /mnt/storage3b/projects/no_ngsd/ahthapp1_T2T_ONT/analysis_other/porec/T2T11/cooler/tmpxpg7wikj.multi.cool::258
INFO:cooler.create:Creating cooler at "/mnt/storage3b/projects/no_ngsd/ahthapp1_T2T_ONT/analysis_other/porec/T2T11/cooler/tmpxpg7wikj.multi.cool::/258"
INFO:cooler.create:Writing chroms
INFO:cooler.create:Writing bins
INFO:cooler.create:Writing pixels
INFO:cooler.create:Writing indexes
INFO:cooler.create:Writing info
INFO:cooler.create:Writing chunk 259: /mnt/storage3b/projects/no_ngsd/ahthapp1_T2T_ONT/analysis_other/porec/T2T11/cooler/tmpxpg7wikj.multi.cool::259
INFO:cooler.create:Creating cooler at "/mnt/storage3b/projects/no_ngsd/ahthapp1_T2T_ONT/analysis_other/porec/T2T11/cooler/tmpxpg7wikj.multi.cool::/259"
INFO:cooler.create:Writing chroms
INFO:cooler.create:Writing bins
INFO:cooler.create:Writing pixels
INFO:cooler.create:Writing indexes
INFO:cooler.create:Writing info
INFO:cooler.create:Writing chunk 260: /mnt/storage3b/projects/no_ngsd/ahthapp1_T2T_ONT/analysis_other/porec/T2T11/cooler/tmpxpg7wikj.multi.cool::260
INFO:cooler.create:Creating cooler at "/mnt/storage3b/projects/no_ngsd/ahthapp1_T2T_ONT/analysis_other/porec/T2T11/cooler/tmpxpg7wikj.multi.cool::/260"
INFO:cooler.create:Writing chroms
INFO:cooler.create:Writing bins
INFO:cooler.create:Writing pixels
INFO:cooler.create:Writing indexes
INFO:cooler.create:Writing info
INFO:cooler.create:Writing chunk 261: /mnt/storage3b/projects/no_ngsd/ahthapp1_T2T_ONT/analysis_other/porec/T2T11/cooler/tmpxpg7wikj.multi.cool::261
INFO:cooler.create:Creating cooler at "/mnt/storage3b/projects/no_ngsd/ahthapp1_T2T_ONT/analysis_other/porec/T2T11/cooler/tmpxpg7wikj.multi.cool::/261"
INFO:cooler.create:Writing chroms
INFO:cooler.create:Writing bins
INFO:cooler.create:Writing pixels
INFO:cooler.create:Writing indexes
INFO:cooler.create:Writing info
INFO:cooler.create:Writing chunk 262: /mnt/storage3b/projects/no_ngsd/ahthapp1_T2T_ONT/analysis_other/porec/T2T11/cooler/tmpxpg7wikj.multi.cool::262
INFO:cooler.create:Creating cooler at "/mnt/storage3b/projects/no_ngsd/ahthapp1_T2T_ONT/analysis_other/porec/T2T11/cooler/tmpxpg7wikj.multi.cool::/262"
INFO:cooler.create:Writing chroms
INFO:cooler.create:Writing bins
INFO:cooler.create:Writing pixels
INFO:cooler.create:Writing indexes
INFO:cooler.create:Writing info
INFO:cooler.create:Writing chunk 263: /mnt/storage3b/projects/no_ngsd/ahthapp1_T2T_ONT/analysis_other/porec/T2T11/cooler/tmpxpg7wikj.multi.cool::263
INFO:cooler.create:Creating cooler at "/mnt/storage3b/projects/no_ngsd/ahthapp1_T2T_ONT/analysis_other/porec/T2T11/cooler/tmpxpg7wikj.multi.cool::/263"
INFO:cooler.create:Writing chroms
INFO:cooler.create:Writing bins
INFO:cooler.create:Writing pixels
INFO:cooler.create:Writing indexes
INFO:cooler.create:Writing info
INFO:cooler.create:Writing chunk 264: /mnt/storage3b/projects/no_ngsd/ahthapp1_T2T_ONT/analysis_other/porec/T2T11/cooler/tmpxpg7wikj.multi.cool::264
INFO:cooler.create:Creating cooler at "/mnt/storage3b/projects/no_ngsd/ahthapp1_T2T_ONT/analysis_other/porec/T2T11/cooler/tmpxpg7wikj.multi.cool::/264"
INFO:cooler.create:Writing chroms
INFO:cooler.create:Writing bins
INFO:cooler.create:Writing pixels
INFO:cooler.create:Writing indexes
INFO:cooler.create:Writing info
INFO:cooler.create:Writing chunk 265: /mnt/storage3b/projects/no_ngsd/ahthapp1_T2T_ONT/analysis_other/porec/T2T11/cooler/tmpxpg7wikj.multi.cool::265
INFO:cooler.create:Creating cooler at "/mnt/storage3b/projects/no_ngsd/ahthapp1_T2T_ONT/analysis_other/porec/T2T11/cooler/tmpxpg7wikj.multi.cool::/265"
INFO:cooler.create:Writing chroms
INFO:cooler.create:Writing bins
INFO:cooler.create:Writing pixels
INFO:cooler.create:Writing indexes
INFO:cooler.create:Writing info
INFO:cooler.create:Writing chunk 266: /mnt/storage3b/projects/no_ngsd/ahthapp1_T2T_ONT/analysis_other/porec/T2T11/cooler/tmpxpg7wikj.multi.cool::266
INFO:cooler.create:Creating cooler at "/mnt/storage3b/projects/no_ngsd/ahthapp1_T2T_ONT/analysis_other/porec/T2T11/cooler/tmpxpg7wikj.multi.cool::/266"
INFO:cooler.create:Writing chroms
INFO:cooler.create:Writing bins
INFO:cooler.create:Writing pixels
INFO:cooler.create:Writing indexes
INFO:cooler.create:Writing info
INFO:cooler.create:Writing chunk 267: /mnt/storage3b/projects/no_ngsd/ahthapp1_T2T_ONT/analysis_other/porec/T2T11/cooler/tmpxpg7wikj.multi.cool::267
INFO:cooler.create:Creating cooler at "/mnt/storage3b/projects/no_ngsd/ahthapp1_T2T_ONT/analysis_other/porec/T2T11/cooler/tmpxpg7wikj.multi.cool::/267"
INFO:cooler.create:Writing chroms
INFO:cooler.create:Writing bins
INFO:cooler.create:Writing pixels
INFO:cooler.create:Writing indexes
INFO:cooler.create:Writing info
INFO:cooler.create:Writing chunk 268: /mnt/storage3b/projects/no_ngsd/ahthapp1_T2T_ONT/analysis_other/porec/T2T11/cooler/tmpxpg7wikj.multi.cool::268
INFO:cooler.create:Creating cooler at "/mnt/storage3b/projects/no_ngsd/ahthapp1_T2T_ONT/analysis_other/porec/T2T11/cooler/tmpxpg7wikj.multi.cool::/268"
INFO:cooler.create:Writing chroms
INFO:cooler.create:Writing bins
INFO:cooler.create:Writing pixels
INFO:cooler.create:Writing indexes
INFO:cooler.create:Writing info
INFO:cooler.create:Writing chunk 269: /mnt/storage3b/projects/no_ngsd/ahthapp1_T2T_ONT/analysis_other/porec/T2T11/cooler/tmpxpg7wikj.multi.cool::269
INFO:cooler.create:Creating cooler at "/mnt/storage3b/projects/no_ngsd/ahthapp1_T2T_ONT/analysis_other/porec/T2T11/cooler/tmpxpg7wikj.multi.cool::/269"
INFO:cooler.create:Writing chroms
INFO:cooler.create:Writing bins
INFO:cooler.create:Writing pixels
INFO:cooler.create:Writing indexes
INFO:cooler.create:Writing info
INFO:cooler.create:Writing chunk 270: /mnt/storage3b/projects/no_ngsd/ahthapp1_T2T_ONT/analysis_other/porec/T2T11/cooler/tmpxpg7wikj.multi.cool::270
INFO:cooler.create:Creating cooler at "/mnt/storage3b/projects/no_ngsd/ahthapp1_T2T_ONT/analysis_other/porec/T2T11/cooler/tmpxpg7wikj.multi.cool::/270"
INFO:cooler.create:Writing chroms
INFO:cooler.create:Writing bins
INFO:cooler.create:Writing pixels
INFO:cooler.create:Writing indexes
INFO:cooler.create:Writing info
INFO:cooler.create:Writing chunk 271: /mnt/storage3b/projects/no_ngsd/ahthapp1_T2T_ONT/analysis_other/porec/T2T11/cooler/tmpxpg7wikj.multi.cool::271
INFO:cooler.create:Creating cooler at "/mnt/storage3b/projects/no_ngsd/ahthapp1_T2T_ONT/analysis_other/porec/T2T11/cooler/tmpxpg7wikj.multi.cool::/271"
INFO:cooler.create:Writing chroms
INFO:cooler.create:Writing bins
INFO:cooler.create:Writing pixels
INFO:cooler.create:Writing indexes
INFO:cooler.create:Writing info
INFO:cooler.create:Writing chunk 272: /mnt/storage3b/projects/no_ngsd/ahthapp1_T2T_ONT/analysis_other/porec/T2T11/cooler/tmpxpg7wikj.multi.cool::272
INFO:cooler.create:Creating cooler at "/mnt/storage3b/projects/no_ngsd/ahthapp1_T2T_ONT/analysis_other/porec/T2T11/cooler/tmpxpg7wikj.multi.cool::/272"
INFO:cooler.create:Writing chroms
INFO:cooler.create:Writing bins
INFO:cooler.create:Writing pixels
INFO:cooler.create:Writing indexes
INFO:cooler.create:Writing info
INFO:cooler.create:Writing chunk 273: /mnt/storage3b/projects/no_ngsd/ahthapp1_T2T_ONT/analysis_other/porec/T2T11/cooler/tmpxpg7wikj.multi.cool::273
INFO:cooler.create:Creating cooler at "/mnt/storage3b/projects/no_ngsd/ahthapp1_T2T_ONT/analysis_other/porec/T2T11/cooler/tmpxpg7wikj.multi.cool::/273"
INFO:cooler.create:Writing chroms
INFO:cooler.create:Writing bins
INFO:cooler.create:Writing pixels
INFO:cooler.create:Writing indexes
INFO:cooler.create:Writing info
INFO:cooler.create:Writing chunk 274: /mnt/storage3b/projects/no_ngsd/ahthapp1_T2T_ONT/analysis_other/porec/T2T11/cooler/tmpxpg7wikj.multi.cool::274
INFO:cooler.create:Creating cooler at "/mnt/storage3b/projects/no_ngsd/ahthapp1_T2T_ONT/analysis_other/porec/T2T11/cooler/tmpxpg7wikj.multi.cool::/274"
INFO:cooler.create:Writing chroms
INFO:cooler.create:Writing bins
INFO:cooler.create:Writing pixels
INFO:cooler.create:Writing indexes
INFO:cooler.create:Writing info
INFO:cooler.create:Writing chunk 275: /mnt/storage3b/projects/no_ngsd/ahthapp1_T2T_ONT/analysis_other/porec/T2T11/cooler/tmpxpg7wikj.multi.cool::275
INFO:cooler.create:Creating cooler at "/mnt/storage3b/projects/no_ngsd/ahthapp1_T2T_ONT/analysis_other/porec/T2T11/cooler/tmpxpg7wikj.multi.cool::/275"
INFO:cooler.create:Writing chroms
INFO:cooler.create:Writing bins
INFO:cooler.create:Writing pixels
INFO:cooler.create:Writing indexes
INFO:cooler.create:Writing info
INFO:cooler.create:Writing chunk 276: /mnt/storage3b/projects/no_ngsd/ahthapp1_T2T_ONT/analysis_other/porec/T2T11/cooler/tmpxpg7wikj.multi.cool::276
INFO:cooler.create:Creating cooler at "/mnt/storage3b/projects/no_ngsd/ahthapp1_T2T_ONT/analysis_other/porec/T2T11/cooler/tmpxpg7wikj.multi.cool::/276"
INFO:cooler.create:Writing chroms
INFO:cooler.create:Writing bins
INFO:cooler.create:Writing pixels
INFO:cooler.create:Writing indexes
INFO:cooler.create:Writing info
INFO:cooler.create:Writing chunk 277: /mnt/storage3b/projects/no_ngsd/ahthapp1_T2T_ONT/analysis_other/porec/T2T11/cooler/tmpxpg7wikj.multi.cool::277
INFO:cooler.create:Creating cooler at "/mnt/storage3b/projects/no_ngsd/ahthapp1_T2T_ONT/analysis_other/porec/T2T11/cooler/tmpxpg7wikj.multi.cool::/277"
INFO:cooler.create:Writing chroms
INFO:cooler.create:Writing bins
INFO:cooler.create:Writing pixels
INFO:cooler.create:Writing indexes
INFO:cooler.create:Writing info
INFO:cooler.create:Writing chunk 278: /mnt/storage3b/projects/no_ngsd/ahthapp1_T2T_ONT/analysis_other/porec/T2T11/cooler/tmpxpg7wikj.multi.cool::278
INFO:cooler.create:Creating cooler at "/mnt/storage3b/projects/no_ngsd/ahthapp1_T2T_ONT/analysis_other/porec/T2T11/cooler/tmpxpg7wikj.multi.cool::/278"
INFO:cooler.create:Writing chroms
INFO:cooler.create:Writing bins
INFO:cooler.create:Writing pixels
INFO:cooler.create:Writing indexes
INFO:cooler.create:Writing info
INFO:cooler.create:Writing chunk 279: /mnt/storage3b/projects/no_ngsd/ahthapp1_T2T_ONT/analysis_other/porec/T2T11/cooler/tmpxpg7wikj.multi.cool::279
INFO:cooler.create:Creating cooler at "/mnt/storage3b/projects/no_ngsd/ahthapp1_T2T_ONT/analysis_other/porec/T2T11/cooler/tmpxpg7wikj.multi.cool::/279"
INFO:cooler.create:Writing chroms
INFO:cooler.create:Writing bins
INFO:cooler.create:Writing pixels
INFO:cooler.create:Writing indexes
INFO:cooler.create:Writing info
INFO:cooler.create:Writing chunk 280: /mnt/storage3b/projects/no_ngsd/ahthapp1_T2T_ONT/analysis_other/porec/T2T11/cooler/tmpxpg7wikj.multi.cool::280
INFO:cooler.create:Creating cooler at "/mnt/storage3b/projects/no_ngsd/ahthapp1_T2T_ONT/analysis_other/porec/T2T11/cooler/tmpxpg7wikj.multi.cool::/280"
INFO:cooler.create:Writing chroms
INFO:cooler.create:Writing bins
INFO:cooler.create:Writing pixels
INFO:cooler.create:Writing indexes
INFO:cooler.create:Writing info
INFO:cooler.create:Writing chunk 281: /mnt/storage3b/projects/no_ngsd/ahthapp1_T2T_ONT/analysis_other/porec/T2T11/cooler/tmpxpg7wikj.multi.cool::281
INFO:cooler.create:Creating cooler at "/mnt/storage3b/projects/no_ngsd/ahthapp1_T2T_ONT/analysis_other/porec/T2T11/cooler/tmpxpg7wikj.multi.cool::/281"
INFO:cooler.create:Writing chroms
INFO:cooler.create:Writing bins
INFO:cooler.create:Writing pixels
INFO:cooler.create:Writing indexes
INFO:cooler.create:Writing info
INFO:cooler.create:Writing chunk 282: /mnt/storage3b/projects/no_ngsd/ahthapp1_T2T_ONT/analysis_other/porec/T2T11/cooler/tmpxpg7wikj.multi.cool::282
INFO:cooler.create:Creating cooler at "/mnt/storage3b/projects/no_ngsd/ahthapp1_T2T_ONT/analysis_other/porec/T2T11/cooler/tmpxpg7wikj.multi.cool::/282"
INFO:cooler.create:Writing chroms
INFO:cooler.create:Writing bins
INFO:cooler.create:Writing pixels
INFO:cooler.create:Writing indexes
INFO:cooler.create:Writing info
INFO:cooler.create:Writing chunk 283: /mnt/storage3b/projects/no_ngsd/ahthapp1_T2T_ONT/analysis_other/porec/T2T11/cooler/tmpxpg7wikj.multi.cool::283
INFO:cooler.create:Creating cooler at "/mnt/storage3b/projects/no_ngsd/ahthapp1_T2T_ONT/analysis_other/porec/T2T11/cooler/tmpxpg7wikj.multi.cool::/283"
INFO:cooler.create:Writing chroms
INFO:cooler.create:Writing bins
INFO:cooler.create:Writing pixels
INFO:cooler.create:Writing indexes
INFO:cooler.create:Writing info
INFO:cooler.create:Writing chunk 284: /mnt/storage3b/projects/no_ngsd/ahthapp1_T2T_ONT/analysis_other/porec/T2T11/cooler/tmpxpg7wikj.multi.cool::284
INFO:cooler.create:Creating cooler at "/mnt/storage3b/projects/no_ngsd/ahthapp1_T2T_ONT/analysis_other/porec/T2T11/cooler/tmpxpg7wikj.multi.cool::/284"
INFO:cooler.create:Writing chroms
INFO:cooler.create:Writing bins
INFO:cooler.create:Writing pixels
INFO:cooler.create:Writing indexes
INFO:cooler.create:Writing info
INFO:cooler.create:Writing chunk 285: /mnt/storage3b/projects/no_ngsd/ahthapp1_T2T_ONT/analysis_other/porec/T2T11/cooler/tmpxpg7wikj.multi.cool::285
INFO:cooler.create:Creating cooler at "/mnt/storage3b/projects/no_ngsd/ahthapp1_T2T_ONT/analysis_other/porec/T2T11/cooler/tmpxpg7wikj.multi.cool::/285"
INFO:cooler.create:Writing chroms
INFO:cooler.create:Writing bins
INFO:cooler.create:Writing pixels
INFO:cooler.create:Writing indexes
INFO:cooler.create:Writing info
INFO:cooler.create:Writing chunk 286: /mnt/storage3b/projects/no_ngsd/ahthapp1_T2T_ONT/analysis_other/porec/T2T11/cooler/tmpxpg7wikj.multi.cool::286
INFO:cooler.create:Creating cooler at "/mnt/storage3b/projects/no_ngsd/ahthapp1_T2T_ONT/analysis_other/porec/T2T11/cooler/tmpxpg7wikj.multi.cool::/286"
INFO:cooler.create:Writing chroms
INFO:cooler.create:Writing bins
INFO:cooler.create:Writing pixels
INFO:cooler.create:Writing indexes
INFO:cooler.create:Writing info
INFO:cooler.create:Writing chunk 287: /mnt/storage3b/projects/no_ngsd/ahthapp1_T2T_ONT/analysis_other/porec/T2T11/cooler/tmpxpg7wikj.multi.cool::287
INFO:cooler.create:Creating cooler at "/mnt/storage3b/projects/no_ngsd/ahthapp1_T2T_ONT/analysis_other/porec/T2T11/cooler/tmpxpg7wikj.multi.cool::/287"
INFO:cooler.create:Writing chroms
INFO:cooler.create:Writing bins
INFO:cooler.create:Writing pixels
INFO:cooler.create:Writing indexes
INFO:cooler.create:Writing info
INFO:cooler.create:Writing chunk 288: /mnt/storage3b/projects/no_ngsd/ahthapp1_T2T_ONT/analysis_other/porec/T2T11/cooler/tmpxpg7wikj.multi.cool::288
INFO:cooler.create:Creating cooler at "/mnt/storage3b/projects/no_ngsd/ahthapp1_T2T_ONT/analysis_other/porec/T2T11/cooler/tmpxpg7wikj.multi.cool::/288"
INFO:cooler.create:Writing chroms
INFO:cooler.create:Writing bins
INFO:cooler.create:Writing pixels
INFO:cooler.create:Writing indexes
INFO:cooler.create:Writing info
INFO:cooler.create:Writing chunk 289: /mnt/storage3b/projects/no_ngsd/ahthapp1_T2T_ONT/analysis_other/porec/T2T11/cooler/tmpxpg7wikj.multi.cool::289
INFO:cooler.create:Creating cooler at "/mnt/storage3b/projects/no_ngsd/ahthapp1_T2T_ONT/analysis_other/porec/T2T11/cooler/tmpxpg7wikj.multi.cool::/289"
INFO:cooler.create:Writing chroms
INFO:cooler.create:Writing bins
INFO:cooler.create:Writing pixels
INFO:cooler.create:Writing indexes
INFO:cooler.create:Writing info
INFO:cooler.create:Writing chunk 290: /mnt/storage3b/projects/no_ngsd/ahthapp1_T2T_ONT/analysis_other/porec/T2T11/cooler/tmpxpg7wikj.multi.cool::290
INFO:cooler.create:Creating cooler at "/mnt/storage3b/projects/no_ngsd/ahthapp1_T2T_ONT/analysis_other/porec/T2T11/cooler/tmpxpg7wikj.multi.cool::/290"
INFO:cooler.create:Writing chroms
INFO:cooler.create:Writing bins
INFO:cooler.create:Writing pixels
INFO:cooler.create:Writing indexes
INFO:cooler.create:Writing info
INFO:cooler.create:Writing chunk 291: /mnt/storage3b/projects/no_ngsd/ahthapp1_T2T_ONT/analysis_other/porec/T2T11/cooler/tmpxpg7wikj.multi.cool::291
INFO:cooler.create:Creating cooler at "/mnt/storage3b/projects/no_ngsd/ahthapp1_T2T_ONT/analysis_other/porec/T2T11/cooler/tmpxpg7wikj.multi.cool::/291"
INFO:cooler.create:Writing chroms
INFO:cooler.create:Writing bins
INFO:cooler.create:Writing pixels
INFO:cooler.create:Writing indexes
INFO:cooler.create:Writing info
INFO:cooler.create:Writing chunk 292: /mnt/storage3b/projects/no_ngsd/ahthapp1_T2T_ONT/analysis_other/porec/T2T11/cooler/tmpxpg7wikj.multi.cool::292
INFO:cooler.create:Creating cooler at "/mnt/storage3b/projects/no_ngsd/ahthapp1_T2T_ONT/analysis_other/porec/T2T11/cooler/tmpxpg7wikj.multi.cool::/292"
INFO:cooler.create:Writing chroms
INFO:cooler.create:Writing bins
INFO:cooler.create:Writing pixels
INFO:cooler.create:Writing indexes
INFO:cooler.create:Writing info
INFO:cooler.create:Writing chunk 293: /mnt/storage3b/projects/no_ngsd/ahthapp1_T2T_ONT/analysis_other/porec/T2T11/cooler/tmpxpg7wikj.multi.cool::293
INFO:cooler.create:Creating cooler at "/mnt/storage3b/projects/no_ngsd/ahthapp1_T2T_ONT/analysis_other/porec/T2T11/cooler/tmpxpg7wikj.multi.cool::/293"
INFO:cooler.create:Writing chroms
INFO:cooler.create:Writing bins
INFO:cooler.create:Writing pixels
INFO:cooler.create:Writing indexes
INFO:cooler.create:Writing info
INFO:cooler.create:Writing chunk 294: /mnt/storage3b/projects/no_ngsd/ahthapp1_T2T_ONT/analysis_other/porec/T2T11/cooler/tmpxpg7wikj.multi.cool::294
INFO:cooler.create:Creating cooler at "/mnt/storage3b/projects/no_ngsd/ahthapp1_T2T_ONT/analysis_other/porec/T2T11/cooler/tmpxpg7wikj.multi.cool::/294"
INFO:cooler.create:Writing chroms
INFO:cooler.create:Writing bins
INFO:cooler.create:Writing pixels
INFO:cooler.create:Writing indexes
INFO:cooler.create:Writing info
INFO:cooler.create:Writing chunk 295: /mnt/storage3b/projects/no_ngsd/ahthapp1_T2T_ONT/analysis_other/porec/T2T11/cooler/tmpxpg7wikj.multi.cool::295
INFO:cooler.create:Creating cooler at "/mnt/storage3b/projects/no_ngsd/ahthapp1_T2T_ONT/analysis_other/porec/T2T11/cooler/tmpxpg7wikj.multi.cool::/295"
INFO:cooler.create:Writing chroms
INFO:cooler.create:Writing bins
INFO:cooler.create:Writing pixels
INFO:cooler.create:Writing indexes
INFO:cooler.create:Writing info
INFO:cooler.create:Writing chunk 296: /mnt/storage3b/projects/no_ngsd/ahthapp1_T2T_ONT/analysis_other/porec/T2T11/cooler/tmpxpg7wikj.multi.cool::296
INFO:cooler.create:Creating cooler at "/mnt/storage3b/projects/no_ngsd/ahthapp1_T2T_ONT/analysis_other/porec/T2T11/cooler/tmpxpg7wikj.multi.cool::/296"
INFO:cooler.create:Writing chroms
INFO:cooler.create:Writing bins
INFO:cooler.create:Writing pixels
INFO:cooler.create:Writing indexes
INFO:cooler.create:Writing info
INFO:cooler.create:Writing chunk 297: /mnt/storage3b/projects/no_ngsd/ahthapp1_T2T_ONT/analysis_other/porec/T2T11/cooler/tmpxpg7wikj.multi.cool::297
INFO:cooler.create:Creating cooler at "/mnt/storage3b/projects/no_ngsd/ahthapp1_T2T_ONT/analysis_other/porec/T2T11/cooler/tmpxpg7wikj.multi.cool::/297"
INFO:cooler.create:Writing chroms
INFO:cooler.create:Writing bins
INFO:cooler.create:Writing pixels
INFO:cooler.create:Writing indexes
INFO:cooler.create:Writing info
INFO:cooler.create:Writing chunk 298: /mnt/storage3b/projects/no_ngsd/ahthapp1_T2T_ONT/analysis_other/porec/T2T11/cooler/tmpxpg7wikj.multi.cool::298
INFO:cooler.create:Creating cooler at "/mnt/storage3b/projects/no_ngsd/ahthapp1_T2T_ONT/analysis_other/porec/T2T11/cooler/tmpxpg7wikj.multi.cool::/298"
INFO:cooler.create:Writing chroms
INFO:cooler.create:Writing bins
INFO:cooler.create:Writing pixels
INFO:cooler.create:Writing indexes
INFO:cooler.create:Writing info
INFO:cooler.create:Writing chunk 299: /mnt/storage3b/projects/no_ngsd/ahthapp1_T2T_ONT/analysis_other/porec/T2T11/cooler/tmpxpg7wikj.multi.cool::299
INFO:cooler.create:Creating cooler at "/mnt/storage3b/projects/no_ngsd/ahthapp1_T2T_ONT/analysis_other/porec/T2T11/cooler/tmpxpg7wikj.multi.cool::/299"
INFO:cooler.create:Writing chroms
INFO:cooler.create:Writing bins
INFO:cooler.create:Writing pixels
INFO:cooler.create:Writing indexes
INFO:cooler.create:Writing info
INFO:cooler.create:Writing chunk 300: /mnt/storage3b/projects/no_ngsd/ahthapp1_T2T_ONT/analysis_other/porec/T2T11/cooler/tmpxpg7wikj.multi.cool::300
INFO:cooler.create:Creating cooler at "/mnt/storage3b/projects/no_ngsd/ahthapp1_T2T_ONT/analysis_other/porec/T2T11/cooler/tmpxpg7wikj.multi.cool::/300"
INFO:cooler.create:Writing chroms
INFO:cooler.create:Writing bins
INFO:cooler.create:Writing pixels
INFO:cooler.create:Writing indexes
INFO:cooler.create:Writing info
INFO:cooler.create:Writing chunk 301: /mnt/storage3b/projects/no_ngsd/ahthapp1_T2T_ONT/analysis_other/porec/T2T11/cooler/tmpxpg7wikj.multi.cool::301
INFO:cooler.create:Creating cooler at "/mnt/storage3b/projects/no_ngsd/ahthapp1_T2T_ONT/analysis_other/porec/T2T11/cooler/tmpxpg7wikj.multi.cool::/301"
INFO:cooler.create:Writing chroms
INFO:cooler.create:Writing bins
INFO:cooler.create:Writing pixels
INFO:cooler.create:Writing indexes
INFO:cooler.create:Writing info
INFO:cooler.create:Writing chunk 302: /mnt/storage3b/projects/no_ngsd/ahthapp1_T2T_ONT/analysis_other/porec/T2T11/cooler/tmpxpg7wikj.multi.cool::302
INFO:cooler.create:Creating cooler at "/mnt/storage3b/projects/no_ngsd/ahthapp1_T2T_ONT/analysis_other/porec/T2T11/cooler/tmpxpg7wikj.multi.cool::/302"
INFO:cooler.create:Writing chroms
INFO:cooler.create:Writing bins
INFO:cooler.create:Writing pixels
INFO:cooler.create:Writing indexes
INFO:cooler.create:Writing info
INFO:cooler.create:Writing chunk 303: /mnt/storage3b/projects/no_ngsd/ahthapp1_T2T_ONT/analysis_other/porec/T2T11/cooler/tmpxpg7wikj.multi.cool::303
INFO:cooler.create:Creating cooler at "/mnt/storage3b/projects/no_ngsd/ahthapp1_T2T_ONT/analysis_other/porec/T2T11/cooler/tmpxpg7wikj.multi.cool::/303"
INFO:cooler.create:Writing chroms
INFO:cooler.create:Writing bins
INFO:cooler.create:Writing pixels
INFO:cooler.create:Writing indexes
INFO:cooler.create:Writing info
INFO:cooler.create:Writing chunk 304: /mnt/storage3b/projects/no_ngsd/ahthapp1_T2T_ONT/analysis_other/porec/T2T11/cooler/tmpxpg7wikj.multi.cool::304
INFO:cooler.create:Creating cooler at "/mnt/storage3b/projects/no_ngsd/ahthapp1_T2T_ONT/analysis_other/porec/T2T11/cooler/tmpxpg7wikj.multi.cool::/304"
INFO:cooler.create:Writing chroms
INFO:cooler.create:Writing bins
INFO:cooler.create:Writing pixels
INFO:cooler.create:Writing indexes
INFO:cooler.create:Writing info
INFO:cooler.create:Writing chunk 305: /mnt/storage3b/projects/no_ngsd/ahthapp1_T2T_ONT/analysis_other/porec/T2T11/cooler/tmpxpg7wikj.multi.cool::305
INFO:cooler.create:Creating cooler at "/mnt/storage3b/projects/no_ngsd/ahthapp1_T2T_ONT/analysis_other/porec/T2T11/cooler/tmpxpg7wikj.multi.cool::/305"
INFO:cooler.create:Writing chroms
INFO:cooler.create:Writing bins
INFO:cooler.create:Writing pixels
INFO:cooler.create:Writing indexes
INFO:cooler.create:Writing info
INFO:cooler.create:Writing chunk 306: /mnt/storage3b/projects/no_ngsd/ahthapp1_T2T_ONT/analysis_other/porec/T2T11/cooler/tmpxpg7wikj.multi.cool::306
INFO:cooler.create:Creating cooler at "/mnt/storage3b/projects/no_ngsd/ahthapp1_T2T_ONT/analysis_other/porec/T2T11/cooler/tmpxpg7wikj.multi.cool::/306"
INFO:cooler.create:Writing chroms
INFO:cooler.create:Writing bins
INFO:cooler.create:Writing pixels
INFO:cooler.create:Writing indexes
INFO:cooler.create:Writing info
INFO:cooler.create:Writing chunk 307: /mnt/storage3b/projects/no_ngsd/ahthapp1_T2T_ONT/analysis_other/porec/T2T11/cooler/tmpxpg7wikj.multi.cool::307
INFO:cooler.create:Creating cooler at "/mnt/storage3b/projects/no_ngsd/ahthapp1_T2T_ONT/analysis_other/porec/T2T11/cooler/tmpxpg7wikj.multi.cool::/307"
INFO:cooler.create:Writing chroms
INFO:cooler.create:Writing bins
INFO:cooler.create:Writing pixels
INFO:cooler.create:Writing indexes
INFO:cooler.create:Writing info
INFO:cooler.create:Writing chunk 308: /mnt/storage3b/projects/no_ngsd/ahthapp1_T2T_ONT/analysis_other/porec/T2T11/cooler/tmpxpg7wikj.multi.cool::308
INFO:cooler.create:Creating cooler at "/mnt/storage3b/projects/no_ngsd/ahthapp1_T2T_ONT/analysis_other/porec/T2T11/cooler/tmpxpg7wikj.multi.cool::/308"
INFO:cooler.create:Writing chroms
INFO:cooler.create:Writing bins
INFO:cooler.create:Writing pixels
INFO:cooler.create:Writing indexes
INFO:cooler.create:Writing info
INFO:cooler.create:Writing chunk 309: /mnt/storage3b/projects/no_ngsd/ahthapp1_T2T_ONT/analysis_other/porec/T2T11/cooler/tmpxpg7wikj.multi.cool::309
INFO:cooler.create:Creating cooler at "/mnt/storage3b/projects/no_ngsd/ahthapp1_T2T_ONT/analysis_other/porec/T2T11/cooler/tmpxpg7wikj.multi.cool::/309"
INFO:cooler.create:Writing chroms
INFO:cooler.create:Writing bins
INFO:cooler.create:Writing pixels
INFO:cooler.create:Writing indexes
INFO:cooler.create:Writing info
INFO:cooler.create:Writing chunk 310: /mnt/storage3b/projects/no_ngsd/ahthapp1_T2T_ONT/analysis_other/porec/T2T11/cooler/tmpxpg7wikj.multi.cool::310
INFO:cooler.create:Creating cooler at "/mnt/storage3b/projects/no_ngsd/ahthapp1_T2T_ONT/analysis_other/porec/T2T11/cooler/tmpxpg7wikj.multi.cool::/310"
INFO:cooler.create:Writing chroms
INFO:cooler.create:Writing bins
INFO:cooler.create:Writing pixels
INFO:cooler.create:Writing indexes
INFO:cooler.create:Writing info
INFO:cooler.create:Writing chunk 311: /mnt/storage3b/projects/no_ngsd/ahthapp1_T2T_ONT/analysis_other/porec/T2T11/cooler/tmpxpg7wikj.multi.cool::311
INFO:cooler.create:Creating cooler at "/mnt/storage3b/projects/no_ngsd/ahthapp1_T2T_ONT/analysis_other/porec/T2T11/cooler/tmpxpg7wikj.multi.cool::/311"
INFO:cooler.create:Writing chroms
INFO:cooler.create:Writing bins
INFO:cooler.create:Writing pixels
INFO:cooler.create:Writing indexes
INFO:cooler.create:Writing info
INFO:cooler.create:Writing chunk 312: /mnt/storage3b/projects/no_ngsd/ahthapp1_T2T_ONT/analysis_other/porec/T2T11/cooler/tmpxpg7wikj.multi.cool::312
INFO:cooler.create:Creating cooler at "/mnt/storage3b/projects/no_ngsd/ahthapp1_T2T_ONT/analysis_other/porec/T2T11/cooler/tmpxpg7wikj.multi.cool::/312"
INFO:cooler.create:Writing chroms
INFO:cooler.create:Writing bins
INFO:cooler.create:Writing pixels
INFO:cooler.create:Writing indexes
INFO:cooler.create:Writing info
INFO:cooler.create:Writing chunk 313: /mnt/storage3b/projects/no_ngsd/ahthapp1_T2T_ONT/analysis_other/porec/T2T11/cooler/tmpxpg7wikj.multi.cool::313
INFO:cooler.create:Creating cooler at "/mnt/storage3b/projects/no_ngsd/ahthapp1_T2T_ONT/analysis_other/porec/T2T11/cooler/tmpxpg7wikj.multi.cool::/313"
INFO:cooler.create:Writing chroms
INFO:cooler.create:Writing bins
INFO:cooler.create:Writing pixels
INFO:cooler.create:Writing indexes
INFO:cooler.create:Writing info
INFO:cooler.create:Writing chunk 314: /mnt/storage3b/projects/no_ngsd/ahthapp1_T2T_ONT/analysis_other/porec/T2T11/cooler/tmpxpg7wikj.multi.cool::314
INFO:cooler.create:Creating cooler at "/mnt/storage3b/projects/no_ngsd/ahthapp1_T2T_ONT/analysis_other/porec/T2T11/cooler/tmpxpg7wikj.multi.cool::/314"
INFO:cooler.create:Writing chroms
INFO:cooler.create:Writing bins
INFO:cooler.create:Writing pixels
INFO:cooler.create:Writing indexes
INFO:cooler.create:Writing info
INFO:cooler.create:Writing chunk 315: /mnt/storage3b/projects/no_ngsd/ahthapp1_T2T_ONT/analysis_other/porec/T2T11/cooler/tmpxpg7wikj.multi.cool::315
INFO:cooler.create:Creating cooler at "/mnt/storage3b/projects/no_ngsd/ahthapp1_T2T_ONT/analysis_other/porec/T2T11/cooler/tmpxpg7wikj.multi.cool::/315"
INFO:cooler.create:Writing chroms
INFO:cooler.create:Writing bins
INFO:cooler.create:Writing pixels
INFO:cooler.create:Writing indexes
INFO:cooler.create:Writing info
INFO:cooler.create:Writing chunk 316: /mnt/storage3b/projects/no_ngsd/ahthapp1_T2T_ONT/analysis_other/porec/T2T11/cooler/tmpxpg7wikj.multi.cool::316
INFO:cooler.create:Creating cooler at "/mnt/storage3b/projects/no_ngsd/ahthapp1_T2T_ONT/analysis_other/porec/T2T11/cooler/tmpxpg7wikj.multi.cool::/316"
INFO:cooler.create:Writing chroms
INFO:cooler.create:Writing bins
INFO:cooler.create:Writing pixels
INFO:cooler.create:Writing indexes
INFO:cooler.create:Writing info
INFO:cooler.create:Writing chunk 317: /mnt/storage3b/projects/no_ngsd/ahthapp1_T2T_ONT/analysis_other/porec/T2T11/cooler/tmpxpg7wikj.multi.cool::317
INFO:cooler.create:Creating cooler at "/mnt/storage3b/projects/no_ngsd/ahthapp1_T2T_ONT/analysis_other/porec/T2T11/cooler/tmpxpg7wikj.multi.cool::/317"
INFO:cooler.create:Writing chroms
INFO:cooler.create:Writing bins
INFO:cooler.create:Writing pixels
INFO:cooler.create:Writing indexes
INFO:cooler.create:Writing info
INFO:cooler.create:Writing chunk 318: /mnt/storage3b/projects/no_ngsd/ahthapp1_T2T_ONT/analysis_other/porec/T2T11/cooler/tmpxpg7wikj.multi.cool::318
INFO:cooler.create:Creating cooler at "/mnt/storage3b/projects/no_ngsd/ahthapp1_T2T_ONT/analysis_other/porec/T2T11/cooler/tmpxpg7wikj.multi.cool::/318"
INFO:cooler.create:Writing chroms
INFO:cooler.create:Writing bins
INFO:cooler.create:Writing pixels
INFO:cooler.create:Writing indexes
INFO:cooler.create:Writing info
INFO:cooler.create:Writing chunk 319: /mnt/storage3b/projects/no_ngsd/ahthapp1_T2T_ONT/analysis_other/porec/T2T11/cooler/tmpxpg7wikj.multi.cool::319
INFO:cooler.create:Creating cooler at "/mnt/storage3b/projects/no_ngsd/ahthapp1_T2T_ONT/analysis_other/porec/T2T11/cooler/tmpxpg7wikj.multi.cool::/319"
INFO:cooler.create:Writing chroms
INFO:cooler.create:Writing bins
INFO:cooler.create:Writing pixels
INFO:cooler.create:Writing indexes
INFO:cooler.create:Writing info
INFO:cooler.create:Writing chunk 320: /mnt/storage3b/projects/no_ngsd/ahthapp1_T2T_ONT/analysis_other/porec/T2T11/cooler/tmpxpg7wikj.multi.cool::320
INFO:cooler.create:Creating cooler at "/mnt/storage3b/projects/no_ngsd/ahthapp1_T2T_ONT/analysis_other/porec/T2T11/cooler/tmpxpg7wikj.multi.cool::/320"
INFO:cooler.create:Writing chroms
INFO:cooler.create:Writing bins
INFO:cooler.create:Writing pixels
INFO:cooler.create:Writing indexes
INFO:cooler.create:Writing info
INFO:cooler.create:Writing chunk 321: /mnt/storage3b/projects/no_ngsd/ahthapp1_T2T_ONT/analysis_other/porec/T2T11/cooler/tmpxpg7wikj.multi.cool::321
INFO:cooler.create:Creating cooler at "/mnt/storage3b/projects/no_ngsd/ahthapp1_T2T_ONT/analysis_other/porec/T2T11/cooler/tmpxpg7wikj.multi.cool::/321"
INFO:cooler.create:Writing chroms
INFO:cooler.create:Writing bins
INFO:cooler.create:Writing pixels
INFO:cooler.create:Writing indexes
INFO:cooler.create:Writing info
INFO:cooler.create:Writing chunk 322: /mnt/storage3b/projects/no_ngsd/ahthapp1_T2T_ONT/analysis_other/porec/T2T11/cooler/tmpxpg7wikj.multi.cool::322
INFO:cooler.create:Creating cooler at "/mnt/storage3b/projects/no_ngsd/ahthapp1_T2T_ONT/analysis_other/porec/T2T11/cooler/tmpxpg7wikj.multi.cool::/322"
INFO:cooler.create:Writing chroms
INFO:cooler.create:Writing bins
INFO:cooler.create:Writing pixels
INFO:cooler.create:Writing indexes
INFO:cooler.create:Writing info
INFO:cooler.create:Writing chunk 323: /mnt/storage3b/projects/no_ngsd/ahthapp1_T2T_ONT/analysis_other/porec/T2T11/cooler/tmpxpg7wikj.multi.cool::323
INFO:cooler.create:Creating cooler at "/mnt/storage3b/projects/no_ngsd/ahthapp1_T2T_ONT/analysis_other/porec/T2T11/cooler/tmpxpg7wikj.multi.cool::/323"
INFO:cooler.create:Writing chroms
INFO:cooler.create:Writing bins
INFO:cooler.create:Writing pixels
INFO:cooler.create:Writing indexes
INFO:cooler.create:Writing info
INFO:cooler.create:Writing chunk 324: /mnt/storage3b/projects/no_ngsd/ahthapp1_T2T_ONT/analysis_other/porec/T2T11/cooler/tmpxpg7wikj.multi.cool::324
INFO:cooler.create:Creating cooler at "/mnt/storage3b/projects/no_ngsd/ahthapp1_T2T_ONT/analysis_other/porec/T2T11/cooler/tmpxpg7wikj.multi.cool::/324"
INFO:cooler.create:Writing chroms
INFO:cooler.create:Writing bins
INFO:cooler.create:Writing pixels
INFO:cooler.create:Writing indexes
INFO:cooler.create:Writing info
INFO:cooler.create:Writing chunk 325: /mnt/storage3b/projects/no_ngsd/ahthapp1_T2T_ONT/analysis_other/porec/T2T11/cooler/tmpxpg7wikj.multi.cool::325
INFO:cooler.create:Creating cooler at "/mnt/storage3b/projects/no_ngsd/ahthapp1_T2T_ONT/analysis_other/porec/T2T11/cooler/tmpxpg7wikj.multi.cool::/325"
INFO:cooler.create:Writing chroms
INFO:cooler.create:Writing bins
INFO:cooler.create:Writing pixels
INFO:cooler.create:Writing indexes
INFO:cooler.create:Writing info
INFO:cooler.create:Writing chunk 326: /mnt/storage3b/projects/no_ngsd/ahthapp1_T2T_ONT/analysis_other/porec/T2T11/cooler/tmpxpg7wikj.multi.cool::326
INFO:cooler.create:Creating cooler at "/mnt/storage3b/projects/no_ngsd/ahthapp1_T2T_ONT/analysis_other/porec/T2T11/cooler/tmpxpg7wikj.multi.cool::/326"
INFO:cooler.create:Writing chroms
INFO:cooler.create:Writing bins
INFO:cooler.create:Writing pixels
INFO:cooler.create:Writing indexes
INFO:cooler.create:Writing info
INFO:cooler.create:Writing chunk 327: /mnt/storage3b/projects/no_ngsd/ahthapp1_T2T_ONT/analysis_other/porec/T2T11/cooler/tmpxpg7wikj.multi.cool::327
INFO:cooler.create:Creating cooler at "/mnt/storage3b/projects/no_ngsd/ahthapp1_T2T_ONT/analysis_other/porec/T2T11/cooler/tmpxpg7wikj.multi.cool::/327"
INFO:cooler.create:Writing chroms
INFO:cooler.create:Writing bins
INFO:cooler.create:Writing pixels
INFO:cooler.create:Writing indexes
INFO:cooler.create:Writing info
INFO:cooler.create:Writing chunk 328: /mnt/storage3b/projects/no_ngsd/ahthapp1_T2T_ONT/analysis_other/porec/T2T11/cooler/tmpxpg7wikj.multi.cool::328
INFO:cooler.create:Creating cooler at "/mnt/storage3b/projects/no_ngsd/ahthapp1_T2T_ONT/analysis_other/porec/T2T11/cooler/tmpxpg7wikj.multi.cool::/328"
INFO:cooler.create:Writing chroms
INFO:cooler.create:Writing bins
INFO:cooler.create:Writing pixels
INFO:cooler.create:Writing indexes
INFO:cooler.create:Writing info
INFO:cooler.create:Writing chunk 329: /mnt/storage3b/projects/no_ngsd/ahthapp1_T2T_ONT/analysis_other/porec/T2T11/cooler/tmpxpg7wikj.multi.cool::329
INFO:cooler.create:Creating cooler at "/mnt/storage3b/projects/no_ngsd/ahthapp1_T2T_ONT/analysis_other/porec/T2T11/cooler/tmpxpg7wikj.multi.cool::/329"
INFO:cooler.create:Writing chroms
INFO:cooler.create:Writing bins
INFO:cooler.create:Writing pixels
INFO:cooler.create:Writing indexes
INFO:cooler.create:Writing info
INFO:cooler.create:Writing chunk 330: /mnt/storage3b/projects/no_ngsd/ahthapp1_T2T_ONT/analysis_other/porec/T2T11/cooler/tmpxpg7wikj.multi.cool::330
INFO:cooler.create:Creating cooler at "/mnt/storage3b/projects/no_ngsd/ahthapp1_T2T_ONT/analysis_other/porec/T2T11/cooler/tmpxpg7wikj.multi.cool::/330"
INFO:cooler.create:Writing chroms
INFO:cooler.create:Writing bins
INFO:cooler.create:Writing pixels
INFO:cooler.create:Writing indexes
INFO:cooler.create:Writing info
INFO:cooler.create:Writing chunk 331: /mnt/storage3b/projects/no_ngsd/ahthapp1_T2T_ONT/analysis_other/porec/T2T11/cooler/tmpxpg7wikj.multi.cool::331
INFO:cooler.create:Creating cooler at "/mnt/storage3b/projects/no_ngsd/ahthapp1_T2T_ONT/analysis_other/porec/T2T11/cooler/tmpxpg7wikj.multi.cool::/331"
INFO:cooler.create:Writing chroms
INFO:cooler.create:Writing bins
INFO:cooler.create:Writing pixels
INFO:cooler.create:Writing indexes
INFO:cooler.create:Writing info
INFO:cooler.create:Writing chunk 332: /mnt/storage3b/projects/no_ngsd/ahthapp1_T2T_ONT/analysis_other/porec/T2T11/cooler/tmpxpg7wikj.multi.cool::332
INFO:cooler.create:Creating cooler at "/mnt/storage3b/projects/no_ngsd/ahthapp1_T2T_ONT/analysis_other/porec/T2T11/cooler/tmpxpg7wikj.multi.cool::/332"
INFO:cooler.create:Writing chroms
INFO:cooler.create:Writing bins
INFO:cooler.create:Writing pixels
INFO:cooler.create:Writing indexes
INFO:cooler.create:Writing info
INFO:cooler.create:Writing chunk 333: /mnt/storage3b/projects/no_ngsd/ahthapp1_T2T_ONT/analysis_other/porec/T2T11/cooler/tmpxpg7wikj.multi.cool::333
INFO:cooler.create:Creating cooler at "/mnt/storage3b/projects/no_ngsd/ahthapp1_T2T_ONT/analysis_other/porec/T2T11/cooler/tmpxpg7wikj.multi.cool::/333"
INFO:cooler.create:Writing chroms
INFO:cooler.create:Writing bins
INFO:cooler.create:Writing pixels
INFO:cooler.create:Writing indexes
INFO:cooler.create:Writing info
INFO:cooler.create:Writing chunk 334: /mnt/storage3b/projects/no_ngsd/ahthapp1_T2T_ONT/analysis_other/porec/T2T11/cooler/tmpxpg7wikj.multi.cool::334
INFO:cooler.create:Creating cooler at "/mnt/storage3b/projects/no_ngsd/ahthapp1_T2T_ONT/analysis_other/porec/T2T11/cooler/tmpxpg7wikj.multi.cool::/334"
INFO:cooler.create:Writing chroms
INFO:cooler.create:Writing bins
INFO:cooler.create:Writing pixels
INFO:cooler.create:Writing indexes
INFO:cooler.create:Writing info
INFO:cooler.create:Writing chunk 335: /mnt/storage3b/projects/no_ngsd/ahthapp1_T2T_ONT/analysis_other/porec/T2T11/cooler/tmpxpg7wikj.multi.cool::335
INFO:cooler.create:Creating cooler at "/mnt/storage3b/projects/no_ngsd/ahthapp1_T2T_ONT/analysis_other/porec/T2T11/cooler/tmpxpg7wikj.multi.cool::/335"
INFO:cooler.create:Writing chroms
INFO:cooler.create:Writing bins
INFO:cooler.create:Writing pixels
INFO:cooler.create:Writing indexes
INFO:cooler.create:Writing info
INFO:cooler.create:Writing chunk 336: /mnt/storage3b/projects/no_ngsd/ahthapp1_T2T_ONT/analysis_other/porec/T2T11/cooler/tmpxpg7wikj.multi.cool::336
INFO:cooler.create:Creating cooler at "/mnt/storage3b/projects/no_ngsd/ahthapp1_T2T_ONT/analysis_other/porec/T2T11/cooler/tmpxpg7wikj.multi.cool::/336"
INFO:cooler.create:Writing chroms
INFO:cooler.create:Writing bins
INFO:cooler.create:Writing pixels
INFO:cooler.create:Writing indexes
INFO:cooler.create:Writing info
INFO:cooler.create:Writing chunk 337: /mnt/storage3b/projects/no_ngsd/ahthapp1_T2T_ONT/analysis_other/porec/T2T11/cooler/tmpxpg7wikj.multi.cool::337
INFO:cooler.create:Creating cooler at "/mnt/storage3b/projects/no_ngsd/ahthapp1_T2T_ONT/analysis_other/porec/T2T11/cooler/tmpxpg7wikj.multi.cool::/337"
INFO:cooler.create:Writing chroms
INFO:cooler.create:Writing bins
INFO:cooler.create:Writing pixels
INFO:cooler.create:Writing indexes
INFO:cooler.create:Writing info
INFO:cooler.create:Writing chunk 338: /mnt/storage3b/projects/no_ngsd/ahthapp1_T2T_ONT/analysis_other/porec/T2T11/cooler/tmpxpg7wikj.multi.cool::338
INFO:cooler.create:Creating cooler at "/mnt/storage3b/projects/no_ngsd/ahthapp1_T2T_ONT/analysis_other/porec/T2T11/cooler/tmpxpg7wikj.multi.cool::/338"
INFO:cooler.create:Writing chroms
INFO:cooler.create:Writing bins
INFO:cooler.create:Writing pixels
INFO:cooler.create:Writing indexes
INFO:cooler.create:Writing info
INFO:cooler.create:Writing chunk 339: /mnt/storage3b/projects/no_ngsd/ahthapp1_T2T_ONT/analysis_other/porec/T2T11/cooler/tmpxpg7wikj.multi.cool::339
INFO:cooler.create:Creating cooler at "/mnt/storage3b/projects/no_ngsd/ahthapp1_T2T_ONT/analysis_other/porec/T2T11/cooler/tmpxpg7wikj.multi.cool::/339"
INFO:cooler.create:Writing chroms
INFO:cooler.create:Writing bins
INFO:cooler.create:Writing pixels
INFO:cooler.create:Writing indexes
INFO:cooler.create:Writing info
INFO:cooler.create:Writing chunk 340: /mnt/storage3b/projects/no_ngsd/ahthapp1_T2T_ONT/analysis_other/porec/T2T11/cooler/tmpxpg7wikj.multi.cool::340
INFO:cooler.create:Creating cooler at "/mnt/storage3b/projects/no_ngsd/ahthapp1_T2T_ONT/analysis_other/porec/T2T11/cooler/tmpxpg7wikj.multi.cool::/340"
INFO:cooler.create:Writing chroms
INFO:cooler.create:Writing bins
INFO:cooler.create:Writing pixels
INFO:cooler.create:Writing indexes
INFO:cooler.create:Writing info
INFO:cooler.create:Writing chunk 341: /mnt/storage3b/projects/no_ngsd/ahthapp1_T2T_ONT/analysis_other/porec/T2T11/cooler/tmpxpg7wikj.multi.cool::341
INFO:cooler.create:Creating cooler at "/mnt/storage3b/projects/no_ngsd/ahthapp1_T2T_ONT/analysis_other/porec/T2T11/cooler/tmpxpg7wikj.multi.cool::/341"
INFO:cooler.create:Writing chroms
INFO:cooler.create:Writing bins
INFO:cooler.create:Writing pixels
INFO:cooler.create:Writing indexes
INFO:cooler.create:Writing info
INFO:cooler.create:Writing chunk 342: /mnt/storage3b/projects/no_ngsd/ahthapp1_T2T_ONT/analysis_other/porec/T2T11/cooler/tmpxpg7wikj.multi.cool::342
INFO:cooler.create:Creating cooler at "/mnt/storage3b/projects/no_ngsd/ahthapp1_T2T_ONT/analysis_other/porec/T2T11/cooler/tmpxpg7wikj.multi.cool::/342"
INFO:cooler.create:Writing chroms
INFO:cooler.create:Writing bins
INFO:cooler.create:Writing pixels
INFO:cooler.create:Writing indexes
INFO:cooler.create:Writing info
INFO:cooler.create:Writing chunk 343: /mnt/storage3b/projects/no_ngsd/ahthapp1_T2T_ONT/analysis_other/porec/T2T11/cooler/tmpxpg7wikj.multi.cool::343
INFO:cooler.create:Creating cooler at "/mnt/storage3b/projects/no_ngsd/ahthapp1_T2T_ONT/analysis_other/porec/T2T11/cooler/tmpxpg7wikj.multi.cool::/343"
INFO:cooler.create:Writing chroms
INFO:cooler.create:Writing bins
INFO:cooler.create:Writing pixels
INFO:cooler.create:Writing indexes
INFO:cooler.create:Writing info
INFO:cooler.create:Writing chunk 344: /mnt/storage3b/projects/no_ngsd/ahthapp1_T2T_ONT/analysis_other/porec/T2T11/cooler/tmpxpg7wikj.multi.cool::344
INFO:cooler.create:Creating cooler at "/mnt/storage3b/projects/no_ngsd/ahthapp1_T2T_ONT/analysis_other/porec/T2T11/cooler/tmpxpg7wikj.multi.cool::/344"
INFO:cooler.create:Writing chroms
INFO:cooler.create:Writing bins
INFO:cooler.create:Writing pixels
INFO:cooler.create:Writing indexes
INFO:cooler.create:Writing info
INFO:cooler.create:Writing chunk 345: /mnt/storage3b/projects/no_ngsd/ahthapp1_T2T_ONT/analysis_other/porec/T2T11/cooler/tmpxpg7wikj.multi.cool::345
INFO:cooler.create:Creating cooler at "/mnt/storage3b/projects/no_ngsd/ahthapp1_T2T_ONT/analysis_other/porec/T2T11/cooler/tmpxpg7wikj.multi.cool::/345"
INFO:cooler.create:Writing chroms
INFO:cooler.create:Writing bins
INFO:cooler.create:Writing pixels
INFO:cooler.create:Writing indexes
INFO:cooler.create:Writing info
INFO:cooler.create:Writing chunk 346: /mnt/storage3b/projects/no_ngsd/ahthapp1_T2T_ONT/analysis_other/porec/T2T11/cooler/tmpxpg7wikj.multi.cool::346
INFO:cooler.create:Creating cooler at "/mnt/storage3b/projects/no_ngsd/ahthapp1_T2T_ONT/analysis_other/porec/T2T11/cooler/tmpxpg7wikj.multi.cool::/346"
INFO:cooler.create:Writing chroms
INFO:cooler.create:Writing bins
INFO:cooler.create:Writing pixels
INFO:cooler.create:Writing indexes
INFO:cooler.create:Writing info
INFO:cooler.create:Writing chunk 347: /mnt/storage3b/projects/no_ngsd/ahthapp1_T2T_ONT/analysis_other/porec/T2T11/cooler/tmpxpg7wikj.multi.cool::347
INFO:cooler.create:Creating cooler at "/mnt/storage3b/projects/no_ngsd/ahthapp1_T2T_ONT/analysis_other/porec/T2T11/cooler/tmpxpg7wikj.multi.cool::/347"
INFO:cooler.create:Writing chroms
INFO:cooler.create:Writing bins
INFO:cooler.create:Writing pixels
INFO:cooler.create:Writing indexes
INFO:cooler.create:Writing info
INFO:cooler.create:Writing chunk 348: /mnt/storage3b/projects/no_ngsd/ahthapp1_T2T_ONT/analysis_other/porec/T2T11/cooler/tmpxpg7wikj.multi.cool::348
INFO:cooler.create:Creating cooler at "/mnt/storage3b/projects/no_ngsd/ahthapp1_T2T_ONT/analysis_other/porec/T2T11/cooler/tmpxpg7wikj.multi.cool::/348"
INFO:cooler.create:Writing chroms
INFO:cooler.create:Writing bins
INFO:cooler.create:Writing pixels
INFO:cooler.create:Writing indexes
INFO:cooler.create:Writing info
INFO:cooler.create:Writing chunk 349: /mnt/storage3b/projects/no_ngsd/ahthapp1_T2T_ONT/analysis_other/porec/T2T11/cooler/tmpxpg7wikj.multi.cool::349
INFO:cooler.create:Creating cooler at "/mnt/storage3b/projects/no_ngsd/ahthapp1_T2T_ONT/analysis_other/porec/T2T11/cooler/tmpxpg7wikj.multi.cool::/349"
INFO:cooler.create:Writing chroms
INFO:cooler.create:Writing bins
INFO:cooler.create:Writing pixels
INFO:cooler.create:Writing indexes
INFO:cooler.create:Writing info
INFO:cooler.create:Writing chunk 350: /mnt/storage3b/projects/no_ngsd/ahthapp1_T2T_ONT/analysis_other/porec/T2T11/cooler/tmpxpg7wikj.multi.cool::350
INFO:cooler.create:Creating cooler at "/mnt/storage3b/projects/no_ngsd/ahthapp1_T2T_ONT/analysis_other/porec/T2T11/cooler/tmpxpg7wikj.multi.cool::/350"
INFO:cooler.create:Writing chroms
INFO:cooler.create:Writing bins
INFO:cooler.create:Writing pixels
INFO:cooler.create:Writing indexes
INFO:cooler.create:Writing info
INFO:cooler.create:Writing chunk 351: /mnt/storage3b/projects/no_ngsd/ahthapp1_T2T_ONT/analysis_other/porec/T2T11/cooler/tmpxpg7wikj.multi.cool::351
INFO:cooler.create:Creating cooler at "/mnt/storage3b/projects/no_ngsd/ahthapp1_T2T_ONT/analysis_other/porec/T2T11/cooler/tmpxpg7wikj.multi.cool::/351"
INFO:cooler.create:Writing chroms
INFO:cooler.create:Writing bins
INFO:cooler.create:Writing pixels
INFO:cooler.create:Writing indexes
INFO:cooler.create:Writing info
INFO:cooler.create:Writing chunk 352: /mnt/storage3b/projects/no_ngsd/ahthapp1_T2T_ONT/analysis_other/porec/T2T11/cooler/tmpxpg7wikj.multi.cool::352
INFO:cooler.create:Creating cooler at "/mnt/storage3b/projects/no_ngsd/ahthapp1_T2T_ONT/analysis_other/porec/T2T11/cooler/tmpxpg7wikj.multi.cool::/352"
INFO:cooler.create:Writing chroms
INFO:cooler.create:Writing bins
INFO:cooler.create:Writing pixels
INFO:cooler.create:Writing indexes
INFO:cooler.create:Writing info
INFO:cooler.create:Writing chunk 353: /mnt/storage3b/projects/no_ngsd/ahthapp1_T2T_ONT/analysis_other/porec/T2T11/cooler/tmpxpg7wikj.multi.cool::353
INFO:cooler.create:Creating cooler at "/mnt/storage3b/projects/no_ngsd/ahthapp1_T2T_ONT/analysis_other/porec/T2T11/cooler/tmpxpg7wikj.multi.cool::/353"
INFO:cooler.create:Writing chroms
INFO:cooler.create:Writing bins
INFO:cooler.create:Writing pixels
INFO:cooler.create:Writing indexes
INFO:cooler.create:Writing info
INFO:cooler.create:Writing chunk 354: /mnt/storage3b/projects/no_ngsd/ahthapp1_T2T_ONT/analysis_other/porec/T2T11/cooler/tmpxpg7wikj.multi.cool::354
INFO:cooler.create:Creating cooler at "/mnt/storage3b/projects/no_ngsd/ahthapp1_T2T_ONT/analysis_other/porec/T2T11/cooler/tmpxpg7wikj.multi.cool::/354"
INFO:cooler.create:Writing chroms
INFO:cooler.create:Writing bins
INFO:cooler.create:Writing pixels
INFO:cooler.create:Writing indexes
INFO:cooler.create:Writing info
INFO:cooler.create:Writing chunk 355: /mnt/storage3b/projects/no_ngsd/ahthapp1_T2T_ONT/analysis_other/porec/T2T11/cooler/tmpxpg7wikj.multi.cool::355
INFO:cooler.create:Creating cooler at "/mnt/storage3b/projects/no_ngsd/ahthapp1_T2T_ONT/analysis_other/porec/T2T11/cooler/tmpxpg7wikj.multi.cool::/355"
INFO:cooler.create:Writing chroms
INFO:cooler.create:Writing bins
INFO:cooler.create:Writing pixels
INFO:cooler.create:Writing indexes
INFO:cooler.create:Writing info
INFO:cooler.create:Writing chunk 356: /mnt/storage3b/projects/no_ngsd/ahthapp1_T2T_ONT/analysis_other/porec/T2T11/cooler/tmpxpg7wikj.multi.cool::356
INFO:cooler.create:Creating cooler at "/mnt/storage3b/projects/no_ngsd/ahthapp1_T2T_ONT/analysis_other/porec/T2T11/cooler/tmpxpg7wikj.multi.cool::/356"
INFO:cooler.create:Writing chroms
INFO:cooler.create:Writing bins
INFO:cooler.create:Writing pixels
INFO:cooler.create:Writing indexes
INFO:cooler.create:Writing info
INFO:cooler.create:Writing chunk 357: /mnt/storage3b/projects/no_ngsd/ahthapp1_T2T_ONT/analysis_other/porec/T2T11/cooler/tmpxpg7wikj.multi.cool::357
INFO:cooler.create:Creating cooler at "/mnt/storage3b/projects/no_ngsd/ahthapp1_T2T_ONT/analysis_other/porec/T2T11/cooler/tmpxpg7wikj.multi.cool::/357"
INFO:cooler.create:Writing chroms
INFO:cooler.create:Writing bins
INFO:cooler.create:Writing pixels
INFO:cooler.create:Writing indexes
INFO:cooler.create:Writing info
INFO:cooler.create:Writing chunk 358: /mnt/storage3b/projects/no_ngsd/ahthapp1_T2T_ONT/analysis_other/porec/T2T11/cooler/tmpxpg7wikj.multi.cool::358
INFO:cooler.create:Creating cooler at "/mnt/storage3b/projects/no_ngsd/ahthapp1_T2T_ONT/analysis_other/porec/T2T11/cooler/tmpxpg7wikj.multi.cool::/358"
INFO:cooler.create:Writing chroms
INFO:cooler.create:Writing bins
INFO:cooler.create:Writing pixels
INFO:cooler.create:Writing indexes
INFO:cooler.create:Writing info
INFO:cooler.create:Writing chunk 359: /mnt/storage3b/projects/no_ngsd/ahthapp1_T2T_ONT/analysis_other/porec/T2T11/cooler/tmpxpg7wikj.multi.cool::359
INFO:cooler.create:Creating cooler at "/mnt/storage3b/projects/no_ngsd/ahthapp1_T2T_ONT/analysis_other/porec/T2T11/cooler/tmpxpg7wikj.multi.cool::/359"
INFO:cooler.create:Writing chroms
INFO:cooler.create:Writing bins
INFO:cooler.create:Writing pixels
INFO:cooler.create:Writing indexes
INFO:cooler.create:Writing info
INFO:cooler.create:Writing chunk 360: /mnt/storage3b/projects/no_ngsd/ahthapp1_T2T_ONT/analysis_other/porec/T2T11/cooler/tmpxpg7wikj.multi.cool::360
INFO:cooler.create:Creating cooler at "/mnt/storage3b/projects/no_ngsd/ahthapp1_T2T_ONT/analysis_other/porec/T2T11/cooler/tmpxpg7wikj.multi.cool::/360"
INFO:cooler.create:Writing chroms
INFO:cooler.create:Writing bins
INFO:cooler.create:Writing pixels
INFO:cooler.create:Writing indexes
INFO:cooler.create:Writing info
INFO:cooler.create:Writing chunk 361: /mnt/storage3b/projects/no_ngsd/ahthapp1_T2T_ONT/analysis_other/porec/T2T11/cooler/tmpxpg7wikj.multi.cool::361
INFO:cooler.create:Creating cooler at "/mnt/storage3b/projects/no_ngsd/ahthapp1_T2T_ONT/analysis_other/porec/T2T11/cooler/tmpxpg7wikj.multi.cool::/361"
INFO:cooler.create:Writing chroms
INFO:cooler.create:Writing bins
INFO:cooler.create:Writing pixels
INFO:cooler.create:Writing indexes
INFO:cooler.create:Writing info
INFO:cooler.create:Writing chunk 362: /mnt/storage3b/projects/no_ngsd/ahthapp1_T2T_ONT/analysis_other/porec/T2T11/cooler/tmpxpg7wikj.multi.cool::362
INFO:cooler.create:Creating cooler at "/mnt/storage3b/projects/no_ngsd/ahthapp1_T2T_ONT/analysis_other/porec/T2T11/cooler/tmpxpg7wikj.multi.cool::/362"
INFO:cooler.create:Writing chroms
INFO:cooler.create:Writing bins
INFO:cooler.create:Writing pixels
INFO:cooler.create:Writing indexes
INFO:cooler.create:Writing info
INFO:cooler.create:Writing chunk 363: /mnt/storage3b/projects/no_ngsd/ahthapp1_T2T_ONT/analysis_other/porec/T2T11/cooler/tmpxpg7wikj.multi.cool::363
INFO:cooler.create:Creating cooler at "/mnt/storage3b/projects/no_ngsd/ahthapp1_T2T_ONT/analysis_other/porec/T2T11/cooler/tmpxpg7wikj.multi.cool::/363"
INFO:cooler.create:Writing chroms
INFO:cooler.create:Writing bins
INFO:cooler.create:Writing pixels
INFO:cooler.create:Writing indexes
INFO:cooler.create:Writing info
INFO:cooler.create:Writing chunk 364: /mnt/storage3b/projects/no_ngsd/ahthapp1_T2T_ONT/analysis_other/porec/T2T11/cooler/tmpxpg7wikj.multi.cool::364
INFO:cooler.create:Creating cooler at "/mnt/storage3b/projects/no_ngsd/ahthapp1_T2T_ONT/analysis_other/porec/T2T11/cooler/tmpxpg7wikj.multi.cool::/364"
INFO:cooler.create:Writing chroms
INFO:cooler.create:Writing bins
INFO:cooler.create:Writing pixels
INFO:cooler.create:Writing indexes
INFO:cooler.create:Writing info
INFO:cooler.create:Writing chunk 365: /mnt/storage3b/projects/no_ngsd/ahthapp1_T2T_ONT/analysis_other/porec/T2T11/cooler/tmpxpg7wikj.multi.cool::365
INFO:cooler.create:Creating cooler at "/mnt/storage3b/projects/no_ngsd/ahthapp1_T2T_ONT/analysis_other/porec/T2T11/cooler/tmpxpg7wikj.multi.cool::/365"
INFO:cooler.create:Writing chroms
INFO:cooler.create:Writing bins
INFO:cooler.create:Writing pixels
INFO:cooler.create:Writing indexes
INFO:cooler.create:Writing info
INFO:cooler.create:Writing chunk 366: /mnt/storage3b/projects/no_ngsd/ahthapp1_T2T_ONT/analysis_other/porec/T2T11/cooler/tmpxpg7wikj.multi.cool::366
INFO:cooler.create:Creating cooler at "/mnt/storage3b/projects/no_ngsd/ahthapp1_T2T_ONT/analysis_other/porec/T2T11/cooler/tmpxpg7wikj.multi.cool::/366"
INFO:cooler.create:Writing chroms
INFO:cooler.create:Writing bins
INFO:cooler.create:Writing pixels
INFO:cooler.create:Writing indexes
INFO:cooler.create:Writing info
INFO:cooler.create:Writing chunk 367: /mnt/storage3b/projects/no_ngsd/ahthapp1_T2T_ONT/analysis_other/porec/T2T11/cooler/tmpxpg7wikj.multi.cool::367
INFO:cooler.create:Creating cooler at "/mnt/storage3b/projects/no_ngsd/ahthapp1_T2T_ONT/analysis_other/porec/T2T11/cooler/tmpxpg7wikj.multi.cool::/367"
INFO:cooler.create:Writing chroms
INFO:cooler.create:Writing bins
INFO:cooler.create:Writing pixels
INFO:cooler.create:Writing indexes
INFO:cooler.create:Writing info
INFO:cooler.create:Writing chunk 368: /mnt/storage3b/projects/no_ngsd/ahthapp1_T2T_ONT/analysis_other/porec/T2T11/cooler/tmpxpg7wikj.multi.cool::368
INFO:cooler.create:Creating cooler at "/mnt/storage3b/projects/no_ngsd/ahthapp1_T2T_ONT/analysis_other/porec/T2T11/cooler/tmpxpg7wikj.multi.cool::/368"
INFO:cooler.create:Writing chroms
INFO:cooler.create:Writing bins
INFO:cooler.create:Writing pixels
INFO:cooler.create:Writing indexes
INFO:cooler.create:Writing info
INFO:cooler.create:Writing chunk 369: /mnt/storage3b/projects/no_ngsd/ahthapp1_T2T_ONT/analysis_other/porec/T2T11/cooler/tmpxpg7wikj.multi.cool::369
INFO:cooler.create:Creating cooler at "/mnt/storage3b/projects/no_ngsd/ahthapp1_T2T_ONT/analysis_other/porec/T2T11/cooler/tmpxpg7wikj.multi.cool::/369"
INFO:cooler.create:Writing chroms
INFO:cooler.create:Writing bins
INFO:cooler.create:Writing pixels
INFO:cooler.create:Writing indexes
INFO:cooler.create:Writing info
INFO:cooler.create:Writing chunk 370: /mnt/storage3b/projects/no_ngsd/ahthapp1_T2T_ONT/analysis_other/porec/T2T11/cooler/tmpxpg7wikj.multi.cool::370
INFO:cooler.create:Creating cooler at "/mnt/storage3b/projects/no_ngsd/ahthapp1_T2T_ONT/analysis_other/porec/T2T11/cooler/tmpxpg7wikj.multi.cool::/370"
INFO:cooler.create:Writing chroms
INFO:cooler.create:Writing bins
INFO:cooler.create:Writing pixels
INFO:cooler.create:Writing indexes
INFO:cooler.create:Writing info
INFO:cooler.create:Writing chunk 371: /mnt/storage3b/projects/no_ngsd/ahthapp1_T2T_ONT/analysis_other/porec/T2T11/cooler/tmpxpg7wikj.multi.cool::371
INFO:cooler.create:Creating cooler at "/mnt/storage3b/projects/no_ngsd/ahthapp1_T2T_ONT/analysis_other/porec/T2T11/cooler/tmpxpg7wikj.multi.cool::/371"
INFO:cooler.create:Writing chroms
INFO:cooler.create:Writing bins
INFO:cooler.create:Writing pixels
INFO:cooler.create:Writing indexes
INFO:cooler.create:Writing info
INFO:cooler.create:Writing chunk 372: /mnt/storage3b/projects/no_ngsd/ahthapp1_T2T_ONT/analysis_other/porec/T2T11/cooler/tmpxpg7wikj.multi.cool::372
INFO:cooler.create:Creating cooler at "/mnt/storage3b/projects/no_ngsd/ahthapp1_T2T_ONT/analysis_other/porec/T2T11/cooler/tmpxpg7wikj.multi.cool::/372"
INFO:cooler.create:Writing chroms
INFO:cooler.create:Writing bins
INFO:cooler.create:Writing pixels
INFO:cooler.create:Writing indexes
INFO:cooler.create:Writing info
INFO:cooler.create:Writing chunk 373: /mnt/storage3b/projects/no_ngsd/ahthapp1_T2T_ONT/analysis_other/porec/T2T11/cooler/tmpxpg7wikj.multi.cool::373
INFO:cooler.create:Creating cooler at "/mnt/storage3b/projects/no_ngsd/ahthapp1_T2T_ONT/analysis_other/porec/T2T11/cooler/tmpxpg7wikj.multi.cool::/373"
INFO:cooler.create:Writing chroms
INFO:cooler.create:Writing bins
INFO:cooler.create:Writing pixels
INFO:cooler.create:Writing indexes
INFO:cooler.create:Writing info
INFO:cooler.create:Writing chunk 374: /mnt/storage3b/projects/no_ngsd/ahthapp1_T2T_ONT/analysis_other/porec/T2T11/cooler/tmpxpg7wikj.multi.cool::374
INFO:cooler.create:Creating cooler at "/mnt/storage3b/projects/no_ngsd/ahthapp1_T2T_ONT/analysis_other/porec/T2T11/cooler/tmpxpg7wikj.multi.cool::/374"
INFO:cooler.create:Writing chroms
INFO:cooler.create:Writing bins
INFO:cooler.create:Writing pixels
INFO:cooler.create:Writing indexes
INFO:cooler.create:Writing info
INFO:cooler.create:Writing chunk 375: /mnt/storage3b/projects/no_ngsd/ahthapp1_T2T_ONT/analysis_other/porec/T2T11/cooler/tmpxpg7wikj.multi.cool::375
INFO:cooler.create:Creating cooler at "/mnt/storage3b/projects/no_ngsd/ahthapp1_T2T_ONT/analysis_other/porec/T2T11/cooler/tmpxpg7wikj.multi.cool::/375"
INFO:cooler.create:Writing chroms
INFO:cooler.create:Writing bins
INFO:cooler.create:Writing pixels
INFO:cooler.create:Writing indexes
INFO:cooler.create:Writing info
INFO:cooler.create:Writing chunk 376: /mnt/storage3b/projects/no_ngsd/ahthapp1_T2T_ONT/analysis_other/porec/T2T11/cooler/tmpxpg7wikj.multi.cool::376
INFO:cooler.create:Creating cooler at "/mnt/storage3b/projects/no_ngsd/ahthapp1_T2T_ONT/analysis_other/porec/T2T11/cooler/tmpxpg7wikj.multi.cool::/376"
INFO:cooler.create:Writing chroms
INFO:cooler.create:Writing bins
INFO:cooler.create:Writing pixels
INFO:cooler.create:Writing indexes
INFO:cooler.create:Writing info
INFO:cooler.create:Writing chunk 377: /mnt/storage3b/projects/no_ngsd/ahthapp1_T2T_ONT/analysis_other/porec/T2T11/cooler/tmpxpg7wikj.multi.cool::377
INFO:cooler.create:Creating cooler at "/mnt/storage3b/projects/no_ngsd/ahthapp1_T2T_ONT/analysis_other/porec/T2T11/cooler/tmpxpg7wikj.multi.cool::/377"
INFO:cooler.create:Writing chroms
INFO:cooler.create:Writing bins
INFO:cooler.create:Writing pixels
INFO:cooler.create:Writing indexes
INFO:cooler.create:Writing info
INFO:cooler.create:Writing chunk 378: /mnt/storage3b/projects/no_ngsd/ahthapp1_T2T_ONT/analysis_other/porec/T2T11/cooler/tmpxpg7wikj.multi.cool::378
INFO:cooler.create:Creating cooler at "/mnt/storage3b/projects/no_ngsd/ahthapp1_T2T_ONT/analysis_other/porec/T2T11/cooler/tmpxpg7wikj.multi.cool::/378"
INFO:cooler.create:Writing chroms
INFO:cooler.create:Writing bins
INFO:cooler.create:Writing pixels
INFO:cooler.create:Writing indexes
INFO:cooler.create:Writing info
INFO:cooler.create:Writing chunk 379: /mnt/storage3b/projects/no_ngsd/ahthapp1_T2T_ONT/analysis_other/porec/T2T11/cooler/tmpxpg7wikj.multi.cool::379
INFO:cooler.create:Creating cooler at "/mnt/storage3b/projects/no_ngsd/ahthapp1_T2T_ONT/analysis_other/porec/T2T11/cooler/tmpxpg7wikj.multi.cool::/379"
INFO:cooler.create:Writing chroms
INFO:cooler.create:Writing bins
INFO:cooler.create:Writing pixels
INFO:cooler.create:Writing indexes
INFO:cooler.create:Writing info
INFO:cooler.create:Writing chunk 380: /mnt/storage3b/projects/no_ngsd/ahthapp1_T2T_ONT/analysis_other/porec/T2T11/cooler/tmpxpg7wikj.multi.cool::380
INFO:cooler.create:Creating cooler at "/mnt/storage3b/projects/no_ngsd/ahthapp1_T2T_ONT/analysis_other/porec/T2T11/cooler/tmpxpg7wikj.multi.cool::/380"
INFO:cooler.create:Writing chroms
INFO:cooler.create:Writing bins
INFO:cooler.create:Writing pixels
INFO:cooler.create:Writing indexes
INFO:cooler.create:Writing info
INFO:cooler.create:Writing chunk 381: /mnt/storage3b/projects/no_ngsd/ahthapp1_T2T_ONT/analysis_other/porec/T2T11/cooler/tmpxpg7wikj.multi.cool::381
INFO:cooler.create:Creating cooler at "/mnt/storage3b/projects/no_ngsd/ahthapp1_T2T_ONT/analysis_other/porec/T2T11/cooler/tmpxpg7wikj.multi.cool::/381"
INFO:cooler.create:Writing chroms
INFO:cooler.create:Writing bins
INFO:cooler.create:Writing pixels
INFO:cooler.create:Writing indexes
INFO:cooler.create:Writing info
INFO:cooler.create:Writing chunk 382: /mnt/storage3b/projects/no_ngsd/ahthapp1_T2T_ONT/analysis_other/porec/T2T11/cooler/tmpxpg7wikj.multi.cool::382
INFO:cooler.create:Creating cooler at "/mnt/storage3b/projects/no_ngsd/ahthapp1_T2T_ONT/analysis_other/porec/T2T11/cooler/tmpxpg7wikj.multi.cool::/382"
INFO:cooler.create:Writing chroms
INFO:cooler.create:Writing bins
INFO:cooler.create:Writing pixels
INFO:cooler.create:Writing indexes
INFO:cooler.create:Writing info
INFO:cooler.create:Writing chunk 383: /mnt/storage3b/projects/no_ngsd/ahthapp1_T2T_ONT/analysis_other/porec/T2T11/cooler/tmpxpg7wikj.multi.cool::383
INFO:cooler.create:Creating cooler at "/mnt/storage3b/projects/no_ngsd/ahthapp1_T2T_ONT/analysis_other/porec/T2T11/cooler/tmpxpg7wikj.multi.cool::/383"
INFO:cooler.create:Writing chroms
INFO:cooler.create:Writing bins
INFO:cooler.create:Writing pixels
INFO:cooler.create:Writing indexes
INFO:cooler.create:Writing info
INFO:cooler.create:Writing chunk 384: /mnt/storage3b/projects/no_ngsd/ahthapp1_T2T_ONT/analysis_other/porec/T2T11/cooler/tmpxpg7wikj.multi.cool::384
INFO:cooler.create:Creating cooler at "/mnt/storage3b/projects/no_ngsd/ahthapp1_T2T_ONT/analysis_other/porec/T2T11/cooler/tmpxpg7wikj.multi.cool::/384"
INFO:cooler.create:Writing chroms
INFO:cooler.create:Writing bins
INFO:cooler.create:Writing pixels
INFO:cooler.create:Writing indexes
INFO:cooler.create:Writing info
INFO:cooler.create:Writing chunk 385: /mnt/storage3b/projects/no_ngsd/ahthapp1_T2T_ONT/analysis_other/porec/T2T11/cooler/tmpxpg7wikj.multi.cool::385
INFO:cooler.create:Creating cooler at "/mnt/storage3b/projects/no_ngsd/ahthapp1_T2T_ONT/analysis_other/porec/T2T11/cooler/tmpxpg7wikj.multi.cool::/385"
INFO:cooler.create:Writing chroms
INFO:cooler.create:Writing bins
INFO:cooler.create:Writing pixels
INFO:cooler.create:Writing indexes
INFO:cooler.create:Writing info
INFO:cooler.create:Writing chunk 386: /mnt/storage3b/projects/no_ngsd/ahthapp1_T2T_ONT/analysis_other/porec/T2T11/cooler/tmpxpg7wikj.multi.cool::386
INFO:cooler.create:Creating cooler at "/mnt/storage3b/projects/no_ngsd/ahthapp1_T2T_ONT/analysis_other/porec/T2T11/cooler/tmpxpg7wikj.multi.cool::/386"
INFO:cooler.create:Writing chroms
INFO:cooler.create:Writing bins
INFO:cooler.create:Writing pixels
INFO:cooler.create:Writing indexes
INFO:cooler.create:Writing info
INFO:cooler.create:Writing chunk 387: /mnt/storage3b/projects/no_ngsd/ahthapp1_T2T_ONT/analysis_other/porec/T2T11/cooler/tmpxpg7wikj.multi.cool::387
INFO:cooler.create:Creating cooler at "/mnt/storage3b/projects/no_ngsd/ahthapp1_T2T_ONT/analysis_other/porec/T2T11/cooler/tmpxpg7wikj.multi.cool::/387"
INFO:cooler.create:Writing chroms
INFO:cooler.create:Writing bins
INFO:cooler.create:Writing pixels
INFO:cooler.create:Writing indexes
INFO:cooler.create:Writing info
INFO:cooler.create:Writing chunk 388: /mnt/storage3b/projects/no_ngsd/ahthapp1_T2T_ONT/analysis_other/porec/T2T11/cooler/tmpxpg7wikj.multi.cool::388
INFO:cooler.create:Creating cooler at "/mnt/storage3b/projects/no_ngsd/ahthapp1_T2T_ONT/analysis_other/porec/T2T11/cooler/tmpxpg7wikj.multi.cool::/388"
INFO:cooler.create:Writing chroms
INFO:cooler.create:Writing bins
INFO:cooler.create:Writing pixels
INFO:cooler.create:Writing indexes
INFO:cooler.create:Writing info
INFO:cooler.create:Writing chunk 389: /mnt/storage3b/projects/no_ngsd/ahthapp1_T2T_ONT/analysis_other/porec/T2T11/cooler/tmpxpg7wikj.multi.cool::389
INFO:cooler.create:Creating cooler at "/mnt/storage3b/projects/no_ngsd/ahthapp1_T2T_ONT/analysis_other/porec/T2T11/cooler/tmpxpg7wikj.multi.cool::/389"
INFO:cooler.create:Writing chroms
INFO:cooler.create:Writing bins
INFO:cooler.create:Writing pixels
INFO:cooler.create:Writing indexes
INFO:cooler.create:Writing info
INFO:cooler.create:Writing chunk 390: /mnt/storage3b/projects/no_ngsd/ahthapp1_T2T_ONT/analysis_other/porec/T2T11/cooler/tmpxpg7wikj.multi.cool::390
INFO:cooler.create:Creating cooler at "/mnt/storage3b/projects/no_ngsd/ahthapp1_T2T_ONT/analysis_other/porec/T2T11/cooler/tmpxpg7wikj.multi.cool::/390"
INFO:cooler.create:Writing chroms
INFO:cooler.create:Writing bins
INFO:cooler.create:Writing pixels
INFO:cooler.create:Writing indexes
INFO:cooler.create:Writing info
INFO:cooler.create:Writing chunk 391: /mnt/storage3b/projects/no_ngsd/ahthapp1_T2T_ONT/analysis_other/porec/T2T11/cooler/tmpxpg7wikj.multi.cool::391
INFO:cooler.create:Creating cooler at "/mnt/storage3b/projects/no_ngsd/ahthapp1_T2T_ONT/analysis_other/porec/T2T11/cooler/tmpxpg7wikj.multi.cool::/391"
INFO:cooler.create:Writing chroms
INFO:cooler.create:Writing bins
INFO:cooler.create:Writing pixels
INFO:cooler.create:Writing indexes
INFO:cooler.create:Writing info
INFO:cooler.create:Writing chunk 392: /mnt/storage3b/projects/no_ngsd/ahthapp1_T2T_ONT/analysis_other/porec/T2T11/cooler/tmpxpg7wikj.multi.cool::392
INFO:cooler.create:Creating cooler at "/mnt/storage3b/projects/no_ngsd/ahthapp1_T2T_ONT/analysis_other/porec/T2T11/cooler/tmpxpg7wikj.multi.cool::/392"
INFO:cooler.create:Writing chroms
INFO:cooler.create:Writing bins
INFO:cooler.create:Writing pixels
INFO:cooler.create:Writing indexes
INFO:cooler.create:Writing info
INFO:cooler.create:Writing chunk 393: /mnt/storage3b/projects/no_ngsd/ahthapp1_T2T_ONT/analysis_other/porec/T2T11/cooler/tmpxpg7wikj.multi.cool::393
INFO:cooler.create:Creating cooler at "/mnt/storage3b/projects/no_ngsd/ahthapp1_T2T_ONT/analysis_other/porec/T2T11/cooler/tmpxpg7wikj.multi.cool::/393"
INFO:cooler.create:Writing chroms
INFO:cooler.create:Writing bins
INFO:cooler.create:Writing pixels
INFO:cooler.create:Writing indexes
INFO:cooler.create:Writing info
INFO:cooler.create:Writing chunk 394: /mnt/storage3b/projects/no_ngsd/ahthapp1_T2T_ONT/analysis_other/porec/T2T11/cooler/tmpxpg7wikj.multi.cool::394
INFO:cooler.create:Creating cooler at "/mnt/storage3b/projects/no_ngsd/ahthapp1_T2T_ONT/analysis_other/porec/T2T11/cooler/tmpxpg7wikj.multi.cool::/394"
INFO:cooler.create:Writing chroms
INFO:cooler.create:Writing bins
INFO:cooler.create:Writing pixels
INFO:cooler.create:Writing indexes
INFO:cooler.create:Writing info
INFO:cooler.create:Writing chunk 395: /mnt/storage3b/projects/no_ngsd/ahthapp1_T2T_ONT/analysis_other/porec/T2T11/cooler/tmpxpg7wikj.multi.cool::395
INFO:cooler.create:Creating cooler at "/mnt/storage3b/projects/no_ngsd/ahthapp1_T2T_ONT/analysis_other/porec/T2T11/cooler/tmpxpg7wikj.multi.cool::/395"
INFO:cooler.create:Writing chroms
INFO:cooler.create:Writing bins
INFO:cooler.create:Writing pixels
INFO:cooler.create:Writing indexes
INFO:cooler.create:Writing info
INFO:cooler.create:Writing chunk 396: /mnt/storage3b/projects/no_ngsd/ahthapp1_T2T_ONT/analysis_other/porec/T2T11/cooler/tmpxpg7wikj.multi.cool::396
INFO:cooler.create:Creating cooler at "/mnt/storage3b/projects/no_ngsd/ahthapp1_T2T_ONT/analysis_other/porec/T2T11/cooler/tmpxpg7wikj.multi.cool::/396"
INFO:cooler.create:Writing chroms
INFO:cooler.create:Writing bins
INFO:cooler.create:Writing pixels
INFO:cooler.create:Writing indexes
INFO:cooler.create:Writing info
INFO:cooler.create:Writing chunk 397: /mnt/storage3b/projects/no_ngsd/ahthapp1_T2T_ONT/analysis_other/porec/T2T11/cooler/tmpxpg7wikj.multi.cool::397
INFO:cooler.create:Creating cooler at "/mnt/storage3b/projects/no_ngsd/ahthapp1_T2T_ONT/analysis_other/porec/T2T11/cooler/tmpxpg7wikj.multi.cool::/397"
INFO:cooler.create:Writing chroms
INFO:cooler.create:Writing bins
INFO:cooler.create:Writing pixels
INFO:cooler.create:Writing indexes
INFO:cooler.create:Writing info
INFO:cooler.create:Writing chunk 398: /mnt/storage3b/projects/no_ngsd/ahthapp1_T2T_ONT/analysis_other/porec/T2T11/cooler/tmpxpg7wikj.multi.cool::398
INFO:cooler.create:Creating cooler at "/mnt/storage3b/projects/no_ngsd/ahthapp1_T2T_ONT/analysis_other/porec/T2T11/cooler/tmpxpg7wikj.multi.cool::/398"
INFO:cooler.create:Writing chroms
INFO:cooler.create:Writing bins
INFO:cooler.create:Writing pixels
INFO:cooler.create:Writing indexes
INFO:cooler.create:Writing info
INFO:cooler.create:Writing chunk 399: /mnt/storage3b/projects/no_ngsd/ahthapp1_T2T_ONT/analysis_other/porec/T2T11/cooler/tmpxpg7wikj.multi.cool::399
INFO:cooler.create:Creating cooler at "/mnt/storage3b/projects/no_ngsd/ahthapp1_T2T_ONT/analysis_other/porec/T2T11/cooler/tmpxpg7wikj.multi.cool::/399"
INFO:cooler.create:Writing chroms
INFO:cooler.create:Writing bins
INFO:cooler.create:Writing pixels
INFO:cooler.create:Writing indexes
INFO:cooler.create:Writing info
INFO:cooler.create:Writing chunk 400: /mnt/storage3b/projects/no_ngsd/ahthapp1_T2T_ONT/analysis_other/porec/T2T11/cooler/tmpxpg7wikj.multi.cool::400
INFO:cooler.create:Creating cooler at "/mnt/storage3b/projects/no_ngsd/ahthapp1_T2T_ONT/analysis_other/porec/T2T11/cooler/tmpxpg7wikj.multi.cool::/400"
INFO:cooler.create:Writing chroms
INFO:cooler.create:Writing bins
INFO:cooler.create:Writing pixels
INFO:cooler.create:Writing indexes
INFO:cooler.create:Writing info
INFO:cooler.create:Writing chunk 401: /mnt/storage3b/projects/no_ngsd/ahthapp1_T2T_ONT/analysis_other/porec/T2T11/cooler/tmpxpg7wikj.multi.cool::401
INFO:cooler.create:Creating cooler at "/mnt/storage3b/projects/no_ngsd/ahthapp1_T2T_ONT/analysis_other/porec/T2T11/cooler/tmpxpg7wikj.multi.cool::/401"
INFO:cooler.create:Writing chroms
INFO:cooler.create:Writing bins
INFO:cooler.create:Writing pixels
INFO:cooler.create:Writing indexes
INFO:cooler.create:Writing info
INFO:cooler.create:Writing chunk 402: /mnt/storage3b/projects/no_ngsd/ahthapp1_T2T_ONT/analysis_other/porec/T2T11/cooler/tmpxpg7wikj.multi.cool::402
INFO:cooler.create:Creating cooler at "/mnt/storage3b/projects/no_ngsd/ahthapp1_T2T_ONT/analysis_other/porec/T2T11/cooler/tmpxpg7wikj.multi.cool::/402"
INFO:cooler.create:Writing chroms
INFO:cooler.create:Writing bins
INFO:cooler.create:Writing pixels
INFO:cooler.create:Writing indexes
INFO:cooler.create:Writing info
INFO:cooler.create:Writing chunk 403: /mnt/storage3b/projects/no_ngsd/ahthapp1_T2T_ONT/analysis_other/porec/T2T11/cooler/tmpxpg7wikj.multi.cool::403
INFO:cooler.create:Creating cooler at "/mnt/storage3b/projects/no_ngsd/ahthapp1_T2T_ONT/analysis_other/porec/T2T11/cooler/tmpxpg7wikj.multi.cool::/403"
INFO:cooler.create:Writing chroms
INFO:cooler.create:Writing bins
INFO:cooler.create:Writing pixels
INFO:cooler.create:Writing indexes
INFO:cooler.create:Writing info
INFO:cooler.create:Writing chunk 404: /mnt/storage3b/projects/no_ngsd/ahthapp1_T2T_ONT/analysis_other/porec/T2T11/cooler/tmpxpg7wikj.multi.cool::404
INFO:cooler.create:Creating cooler at "/mnt/storage3b/projects/no_ngsd/ahthapp1_T2T_ONT/analysis_other/porec/T2T11/cooler/tmpxpg7wikj.multi.cool::/404"
INFO:cooler.create:Writing chroms
INFO:cooler.create:Writing bins
INFO:cooler.create:Writing pixels
INFO:cooler.create:Writing indexes
INFO:cooler.create:Writing info
INFO:cooler.create:Writing chunk 405: /mnt/storage3b/projects/no_ngsd/ahthapp1_T2T_ONT/analysis_other/porec/T2T11/cooler/tmpxpg7wikj.multi.cool::405
INFO:cooler.create:Creating cooler at "/mnt/storage3b/projects/no_ngsd/ahthapp1_T2T_ONT/analysis_other/porec/T2T11/cooler/tmpxpg7wikj.multi.cool::/405"
INFO:cooler.create:Writing chroms
INFO:cooler.create:Writing bins
INFO:cooler.create:Writing pixels
INFO:cooler.create:Writing indexes
INFO:cooler.create:Writing info
INFO:cooler.create:Writing chunk 406: /mnt/storage3b/projects/no_ngsd/ahthapp1_T2T_ONT/analysis_other/porec/T2T11/cooler/tmpxpg7wikj.multi.cool::406
INFO:cooler.create:Creating cooler at "/mnt/storage3b/projects/no_ngsd/ahthapp1_T2T_ONT/analysis_other/porec/T2T11/cooler/tmpxpg7wikj.multi.cool::/406"
INFO:cooler.create:Writing chroms
INFO:cooler.create:Writing bins
INFO:cooler.create:Writing pixels
INFO:cooler.create:Writing indexes
INFO:cooler.create:Writing info
INFO:cooler.create:Writing chunk 407: /mnt/storage3b/projects/no_ngsd/ahthapp1_T2T_ONT/analysis_other/porec/T2T11/cooler/tmpxpg7wikj.multi.cool::407
INFO:cooler.create:Creating cooler at "/mnt/storage3b/projects/no_ngsd/ahthapp1_T2T_ONT/analysis_other/porec/T2T11/cooler/tmpxpg7wikj.multi.cool::/407"
INFO:cooler.create:Writing chroms
INFO:cooler.create:Writing bins
INFO:cooler.create:Writing pixels
INFO:cooler.create:Writing indexes
INFO:cooler.create:Writing info
INFO:cooler.create:Writing chunk 408: /mnt/storage3b/projects/no_ngsd/ahthapp1_T2T_ONT/analysis_other/porec/T2T11/cooler/tmpxpg7wikj.multi.cool::408
INFO:cooler.create:Creating cooler at "/mnt/storage3b/projects/no_ngsd/ahthapp1_T2T_ONT/analysis_other/porec/T2T11/cooler/tmpxpg7wikj.multi.cool::/408"
INFO:cooler.create:Writing chroms
INFO:cooler.create:Writing bins
INFO:cooler.create:Writing pixels
INFO:cooler.create:Writing indexes
INFO:cooler.create:Writing info
INFO:cooler.create:Writing chunk 409: /mnt/storage3b/projects/no_ngsd/ahthapp1_T2T_ONT/analysis_other/porec/T2T11/cooler/tmpxpg7wikj.multi.cool::409
INFO:cooler.create:Creating cooler at "/mnt/storage3b/projects/no_ngsd/ahthapp1_T2T_ONT/analysis_other/porec/T2T11/cooler/tmpxpg7wikj.multi.cool::/409"
INFO:cooler.create:Writing chroms
INFO:cooler.create:Writing bins
INFO:cooler.create:Writing pixels
INFO:cooler.create:Writing indexes
INFO:cooler.create:Writing info
INFO:cooler.create:Writing chunk 410: /mnt/storage3b/projects/no_ngsd/ahthapp1_T2T_ONT/analysis_other/porec/T2T11/cooler/tmpxpg7wikj.multi.cool::410
INFO:cooler.create:Creating cooler at "/mnt/storage3b/projects/no_ngsd/ahthapp1_T2T_ONT/analysis_other/porec/T2T11/cooler/tmpxpg7wikj.multi.cool::/410"
INFO:cooler.create:Writing chroms
INFO:cooler.create:Writing bins
INFO:cooler.create:Writing pixels
INFO:cooler.create:Writing indexes
INFO:cooler.create:Writing info
INFO:cooler.create:Writing chunk 411: /mnt/storage3b/projects/no_ngsd/ahthapp1_T2T_ONT/analysis_other/porec/T2T11/cooler/tmpxpg7wikj.multi.cool::411
INFO:cooler.create:Creating cooler at "/mnt/storage3b/projects/no_ngsd/ahthapp1_T2T_ONT/analysis_other/porec/T2T11/cooler/tmpxpg7wikj.multi.cool::/411"
INFO:cooler.create:Writing chroms
INFO:cooler.create:Writing bins
INFO:cooler.create:Writing pixels
INFO:cooler.create:Writing indexes
INFO:cooler.create:Writing info
INFO:cooler.create:Writing chunk 412: /mnt/storage3b/projects/no_ngsd/ahthapp1_T2T_ONT/analysis_other/porec/T2T11/cooler/tmpxpg7wikj.multi.cool::412
INFO:cooler.create:Creating cooler at "/mnt/storage3b/projects/no_ngsd/ahthapp1_T2T_ONT/analysis_other/porec/T2T11/cooler/tmpxpg7wikj.multi.cool::/412"
INFO:cooler.create:Writing chroms
INFO:cooler.create:Writing bins
INFO:cooler.create:Writing pixels
INFO:cooler.create:Writing indexes
INFO:cooler.create:Writing info
INFO:cooler.create:Writing chunk 413: /mnt/storage3b/projects/no_ngsd/ahthapp1_T2T_ONT/analysis_other/porec/T2T11/cooler/tmpxpg7wikj.multi.cool::413
INFO:cooler.create:Creating cooler at "/mnt/storage3b/projects/no_ngsd/ahthapp1_T2T_ONT/analysis_other/porec/T2T11/cooler/tmpxpg7wikj.multi.cool::/413"
INFO:cooler.create:Writing chroms
INFO:cooler.create:Writing bins
INFO:cooler.create:Writing pixels
INFO:cooler.create:Writing indexes
INFO:cooler.create:Writing info
INFO:cooler.create:Writing chunk 414: /mnt/storage3b/projects/no_ngsd/ahthapp1_T2T_ONT/analysis_other/porec/T2T11/cooler/tmpxpg7wikj.multi.cool::414
INFO:cooler.create:Creating cooler at "/mnt/storage3b/projects/no_ngsd/ahthapp1_T2T_ONT/analysis_other/porec/T2T11/cooler/tmpxpg7wikj.multi.cool::/414"
INFO:cooler.create:Writing chroms
INFO:cooler.create:Writing bins
INFO:cooler.create:Writing pixels
INFO:cooler.create:Writing indexes
INFO:cooler.create:Writing info
INFO:cooler.create:Writing chunk 415: /mnt/storage3b/projects/no_ngsd/ahthapp1_T2T_ONT/analysis_other/porec/T2T11/cooler/tmpxpg7wikj.multi.cool::415
INFO:cooler.create:Creating cooler at "/mnt/storage3b/projects/no_ngsd/ahthapp1_T2T_ONT/analysis_other/porec/T2T11/cooler/tmpxpg7wikj.multi.cool::/415"
INFO:cooler.create:Writing chroms
INFO:cooler.create:Writing bins
INFO:cooler.create:Writing pixels
INFO:cooler.create:Writing indexes
INFO:cooler.create:Writing info
INFO:cooler.create:Writing chunk 416: /mnt/storage3b/projects/no_ngsd/ahthapp1_T2T_ONT/analysis_other/porec/T2T11/cooler/tmpxpg7wikj.multi.cool::416
INFO:cooler.create:Creating cooler at "/mnt/storage3b/projects/no_ngsd/ahthapp1_T2T_ONT/analysis_other/porec/T2T11/cooler/tmpxpg7wikj.multi.cool::/416"
INFO:cooler.create:Writing chroms
INFO:cooler.create:Writing bins
INFO:cooler.create:Writing pixels
INFO:cooler.create:Writing indexes
INFO:cooler.create:Writing info
INFO:cooler.create:Writing chunk 417: /mnt/storage3b/projects/no_ngsd/ahthapp1_T2T_ONT/analysis_other/porec/T2T11/cooler/tmpxpg7wikj.multi.cool::417
INFO:cooler.create:Creating cooler at "/mnt/storage3b/projects/no_ngsd/ahthapp1_T2T_ONT/analysis_other/porec/T2T11/cooler/tmpxpg7wikj.multi.cool::/417"
INFO:cooler.create:Writing chroms
INFO:cooler.create:Writing bins
INFO:cooler.create:Writing pixels
INFO:cooler.create:Writing indexes
INFO:cooler.create:Writing info
INFO:cooler.create:Writing chunk 418: /mnt/storage3b/projects/no_ngsd/ahthapp1_T2T_ONT/analysis_other/porec/T2T11/cooler/tmpxpg7wikj.multi.cool::418
INFO:cooler.create:Creating cooler at "/mnt/storage3b/projects/no_ngsd/ahthapp1_T2T_ONT/analysis_other/porec/T2T11/cooler/tmpxpg7wikj.multi.cool::/418"
INFO:cooler.create:Writing chroms
INFO:cooler.create:Writing bins
INFO:cooler.create:Writing pixels
INFO:cooler.create:Writing indexes
INFO:cooler.create:Writing info
INFO:cooler.create:Writing chunk 419: /mnt/storage3b/projects/no_ngsd/ahthapp1_T2T_ONT/analysis_other/porec/T2T11/cooler/tmpxpg7wikj.multi.cool::419
INFO:cooler.create:Creating cooler at "/mnt/storage3b/projects/no_ngsd/ahthapp1_T2T_ONT/analysis_other/porec/T2T11/cooler/tmpxpg7wikj.multi.cool::/419"
INFO:cooler.create:Writing chroms
INFO:cooler.create:Writing bins
INFO:cooler.create:Writing pixels
INFO:cooler.create:Writing indexes
INFO:cooler.create:Writing info
INFO:cooler.create:Writing chunk 420: /mnt/storage3b/projects/no_ngsd/ahthapp1_T2T_ONT/analysis_other/porec/T2T11/cooler/tmpxpg7wikj.multi.cool::420
INFO:cooler.create:Creating cooler at "/mnt/storage3b/projects/no_ngsd/ahthapp1_T2T_ONT/analysis_other/porec/T2T11/cooler/tmpxpg7wikj.multi.cool::/420"
INFO:cooler.create:Writing chroms
INFO:cooler.create:Writing bins
INFO:cooler.create:Writing pixels
INFO:cooler.create:Writing indexes
INFO:cooler.create:Writing info
INFO:cooler.create:Writing chunk 421: /mnt/storage3b/projects/no_ngsd/ahthapp1_T2T_ONT/analysis_other/porec/T2T11/cooler/tmpxpg7wikj.multi.cool::421
INFO:cooler.create:Creating cooler at "/mnt/storage3b/projects/no_ngsd/ahthapp1_T2T_ONT/analysis_other/porec/T2T11/cooler/tmpxpg7wikj.multi.cool::/421"
INFO:cooler.create:Writing chroms
INFO:cooler.create:Writing bins
INFO:cooler.create:Writing pixels
INFO:cooler.create:Writing indexes
INFO:cooler.create:Writing info
INFO:cooler.create:Writing chunk 422: /mnt/storage3b/projects/no_ngsd/ahthapp1_T2T_ONT/analysis_other/porec/T2T11/cooler/tmpxpg7wikj.multi.cool::422
INFO:cooler.create:Creating cooler at "/mnt/storage3b/projects/no_ngsd/ahthapp1_T2T_ONT/analysis_other/porec/T2T11/cooler/tmpxpg7wikj.multi.cool::/422"
INFO:cooler.create:Writing chroms
INFO:cooler.create:Writing bins
INFO:cooler.create:Writing pixels
INFO:cooler.create:Writing indexes
INFO:cooler.create:Writing info
INFO:cooler.create:Writing chunk 423: /mnt/storage3b/projects/no_ngsd/ahthapp1_T2T_ONT/analysis_other/porec/T2T11/cooler/tmpxpg7wikj.multi.cool::423
INFO:cooler.create:Creating cooler at "/mnt/storage3b/projects/no_ngsd/ahthapp1_T2T_ONT/analysis_other/porec/T2T11/cooler/tmpxpg7wikj.multi.cool::/423"
INFO:cooler.create:Writing chroms
INFO:cooler.create:Writing bins
INFO:cooler.create:Writing pixels
INFO:cooler.create:Writing indexes
INFO:cooler.create:Writing info
INFO:cooler.create:Writing chunk 424: /mnt/storage3b/projects/no_ngsd/ahthapp1_T2T_ONT/analysis_other/porec/T2T11/cooler/tmpxpg7wikj.multi.cool::424
INFO:cooler.create:Creating cooler at "/mnt/storage3b/projects/no_ngsd/ahthapp1_T2T_ONT/analysis_other/porec/T2T11/cooler/tmpxpg7wikj.multi.cool::/424"
INFO:cooler.create:Writing chroms
INFO:cooler.create:Writing bins
INFO:cooler.create:Writing pixels
INFO:cooler.create:Writing indexes
INFO:cooler.create:Writing info
INFO:cooler.create:Writing chunk 425: /mnt/storage3b/projects/no_ngsd/ahthapp1_T2T_ONT/analysis_other/porec/T2T11/cooler/tmpxpg7wikj.multi.cool::425
INFO:cooler.create:Creating cooler at "/mnt/storage3b/projects/no_ngsd/ahthapp1_T2T_ONT/analysis_other/porec/T2T11/cooler/tmpxpg7wikj.multi.cool::/425"
INFO:cooler.create:Writing chroms
INFO:cooler.create:Writing bins
INFO:cooler.create:Writing pixels
INFO:cooler.create:Writing indexes
INFO:cooler.create:Writing info
INFO:cooler.create:Writing chunk 426: /mnt/storage3b/projects/no_ngsd/ahthapp1_T2T_ONT/analysis_other/porec/T2T11/cooler/tmpxpg7wikj.multi.cool::426
INFO:cooler.create:Creating cooler at "/mnt/storage3b/projects/no_ngsd/ahthapp1_T2T_ONT/analysis_other/porec/T2T11/cooler/tmpxpg7wikj.multi.cool::/426"
INFO:cooler.create:Writing chroms
INFO:cooler.create:Writing bins
INFO:cooler.create:Writing pixels
INFO:cooler.create:Writing indexes
INFO:cooler.create:Writing info
INFO:cooler.create:Writing chunk 427: /mnt/storage3b/projects/no_ngsd/ahthapp1_T2T_ONT/analysis_other/porec/T2T11/cooler/tmpxpg7wikj.multi.cool::427
INFO:cooler.create:Creating cooler at "/mnt/storage3b/projects/no_ngsd/ahthapp1_T2T_ONT/analysis_other/porec/T2T11/cooler/tmpxpg7wikj.multi.cool::/427"
INFO:cooler.create:Writing chroms
INFO:cooler.create:Writing bins
INFO:cooler.create:Writing pixels
INFO:cooler.create:Writing indexes
INFO:cooler.create:Writing info
INFO:cooler.create:Writing chunk 428: /mnt/storage3b/projects/no_ngsd/ahthapp1_T2T_ONT/analysis_other/porec/T2T11/cooler/tmpxpg7wikj.multi.cool::428
INFO:cooler.create:Creating cooler at "/mnt/storage3b/projects/no_ngsd/ahthapp1_T2T_ONT/analysis_other/porec/T2T11/cooler/tmpxpg7wikj.multi.cool::/428"
INFO:cooler.create:Writing chroms
INFO:cooler.create:Writing bins
INFO:cooler.create:Writing pixels
INFO:cooler.create:Writing indexes
INFO:cooler.create:Writing info
INFO:cooler.create:Writing chunk 429: /mnt/storage3b/projects/no_ngsd/ahthapp1_T2T_ONT/analysis_other/porec/T2T11/cooler/tmpxpg7wikj.multi.cool::429
INFO:cooler.create:Creating cooler at "/mnt/storage3b/projects/no_ngsd/ahthapp1_T2T_ONT/analysis_other/porec/T2T11/cooler/tmpxpg7wikj.multi.cool::/429"
INFO:cooler.create:Writing chroms
INFO:cooler.create:Writing bins
INFO:cooler.create:Writing pixels
INFO:cooler.create:Writing indexes
INFO:cooler.create:Writing info
INFO:cooler.create:Writing chunk 430: /mnt/storage3b/projects/no_ngsd/ahthapp1_T2T_ONT/analysis_other/porec/T2T11/cooler/tmpxpg7wikj.multi.cool::430
INFO:cooler.create:Creating cooler at "/mnt/storage3b/projects/no_ngsd/ahthapp1_T2T_ONT/analysis_other/porec/T2T11/cooler/tmpxpg7wikj.multi.cool::/430"
INFO:cooler.create:Writing chroms
INFO:cooler.create:Writing bins
INFO:cooler.create:Writing pixels
INFO:cooler.create:Writing indexes
INFO:cooler.create:Writing info
INFO:cooler.create:Writing chunk 431: /mnt/storage3b/projects/no_ngsd/ahthapp1_T2T_ONT/analysis_other/porec/T2T11/cooler/tmpxpg7wikj.multi.cool::431
INFO:cooler.create:Creating cooler at "/mnt/storage3b/projects/no_ngsd/ahthapp1_T2T_ONT/analysis_other/porec/T2T11/cooler/tmpxpg7wikj.multi.cool::/431"
INFO:cooler.create:Writing chroms
INFO:cooler.create:Writing bins
INFO:cooler.create:Writing pixels
INFO:cooler.create:Writing indexes
INFO:cooler.create:Writing info
INFO:cooler.create:Writing chunk 432: /mnt/storage3b/projects/no_ngsd/ahthapp1_T2T_ONT/analysis_other/porec/T2T11/cooler/tmpxpg7wikj.multi.cool::432
INFO:cooler.create:Creating cooler at "/mnt/storage3b/projects/no_ngsd/ahthapp1_T2T_ONT/analysis_other/porec/T2T11/cooler/tmpxpg7wikj.multi.cool::/432"
INFO:cooler.create:Writing chroms
INFO:cooler.create:Writing bins
INFO:cooler.create:Writing pixels
INFO:cooler.create:Writing indexes
INFO:cooler.create:Writing info
INFO:cooler.create:Writing chunk 433: /mnt/storage3b/projects/no_ngsd/ahthapp1_T2T_ONT/analysis_other/porec/T2T11/cooler/tmpxpg7wikj.multi.cool::433
INFO:cooler.create:Creating cooler at "/mnt/storage3b/projects/no_ngsd/ahthapp1_T2T_ONT/analysis_other/porec/T2T11/cooler/tmpxpg7wikj.multi.cool::/433"
INFO:cooler.create:Writing chroms
INFO:cooler.create:Writing bins
INFO:cooler.create:Writing pixels
INFO:cooler.create:Writing indexes
INFO:cooler.create:Writing info
INFO:cooler.create:Writing chunk 434: /mnt/storage3b/projects/no_ngsd/ahthapp1_T2T_ONT/analysis_other/porec/T2T11/cooler/tmpxpg7wikj.multi.cool::434
INFO:cooler.create:Creating cooler at "/mnt/storage3b/projects/no_ngsd/ahthapp1_T2T_ONT/analysis_other/porec/T2T11/cooler/tmpxpg7wikj.multi.cool::/434"
INFO:cooler.create:Writing chroms
INFO:cooler.create:Writing bins
INFO:cooler.create:Writing pixels
INFO:cooler.create:Writing indexes
INFO:cooler.create:Writing info
INFO:cooler.create:Writing chunk 435: /mnt/storage3b/projects/no_ngsd/ahthapp1_T2T_ONT/analysis_other/porec/T2T11/cooler/tmpxpg7wikj.multi.cool::435
INFO:cooler.create:Creating cooler at "/mnt/storage3b/projects/no_ngsd/ahthapp1_T2T_ONT/analysis_other/porec/T2T11/cooler/tmpxpg7wikj.multi.cool::/435"
INFO:cooler.create:Writing chroms
INFO:cooler.create:Writing bins
INFO:cooler.create:Writing pixels
INFO:cooler.create:Writing indexes
INFO:cooler.create:Writing info
INFO:cooler.create:Writing chunk 436: /mnt/storage3b/projects/no_ngsd/ahthapp1_T2T_ONT/analysis_other/porec/T2T11/cooler/tmpxpg7wikj.multi.cool::436
INFO:cooler.create:Creating cooler at "/mnt/storage3b/projects/no_ngsd/ahthapp1_T2T_ONT/analysis_other/porec/T2T11/cooler/tmpxpg7wikj.multi.cool::/436"
INFO:cooler.create:Writing chroms
INFO:cooler.create:Writing bins
INFO:cooler.create:Writing pixels
INFO:cooler.create:Writing indexes
INFO:cooler.create:Writing info
INFO:cooler.create:Writing chunk 437: /mnt/storage3b/projects/no_ngsd/ahthapp1_T2T_ONT/analysis_other/porec/T2T11/cooler/tmpxpg7wikj.multi.cool::437
INFO:cooler.create:Creating cooler at "/mnt/storage3b/projects/no_ngsd/ahthapp1_T2T_ONT/analysis_other/porec/T2T11/cooler/tmpxpg7wikj.multi.cool::/437"
INFO:cooler.create:Writing chroms
INFO:cooler.create:Writing bins
INFO:cooler.create:Writing pixels
INFO:cooler.create:Writing indexes
INFO:cooler.create:Writing info
INFO:cooler.create:Writing chunk 438: /mnt/storage3b/projects/no_ngsd/ahthapp1_T2T_ONT/analysis_other/porec/T2T11/cooler/tmpxpg7wikj.multi.cool::438
INFO:cooler.create:Creating cooler at "/mnt/storage3b/projects/no_ngsd/ahthapp1_T2T_ONT/analysis_other/porec/T2T11/cooler/tmpxpg7wikj.multi.cool::/438"
INFO:cooler.create:Writing chroms
INFO:cooler.create:Writing bins
INFO:cooler.create:Writing pixels
INFO:cooler.create:Writing indexes
INFO:cooler.create:Writing info
INFO:cooler.create:Writing chunk 439: /mnt/storage3b/projects/no_ngsd/ahthapp1_T2T_ONT/analysis_other/porec/T2T11/cooler/tmpxpg7wikj.multi.cool::439
INFO:cooler.create:Creating cooler at "/mnt/storage3b/projects/no_ngsd/ahthapp1_T2T_ONT/analysis_other/porec/T2T11/cooler/tmpxpg7wikj.multi.cool::/439"
INFO:cooler.create:Writing chroms
INFO:cooler.create:Writing bins
INFO:cooler.create:Writing pixels
INFO:cooler.create:Writing indexes
INFO:cooler.create:Writing info
INFO:cooler.create:Writing chunk 440: /mnt/storage3b/projects/no_ngsd/ahthapp1_T2T_ONT/analysis_other/porec/T2T11/cooler/tmpxpg7wikj.multi.cool::440
INFO:cooler.create:Creating cooler at "/mnt/storage3b/projects/no_ngsd/ahthapp1_T2T_ONT/analysis_other/porec/T2T11/cooler/tmpxpg7wikj.multi.cool::/440"
INFO:cooler.create:Writing chroms
INFO:cooler.create:Writing bins
INFO:cooler.create:Writing pixels
INFO:cooler.create:Writing indexes
INFO:cooler.create:Writing info
INFO:cooler.create:Writing chunk 441: /mnt/storage3b/projects/no_ngsd/ahthapp1_T2T_ONT/analysis_other/porec/T2T11/cooler/tmpxpg7wikj.multi.cool::441
INFO:cooler.create:Creating cooler at "/mnt/storage3b/projects/no_ngsd/ahthapp1_T2T_ONT/analysis_other/porec/T2T11/cooler/tmpxpg7wikj.multi.cool::/441"
INFO:cooler.create:Writing chroms
INFO:cooler.create:Writing bins
INFO:cooler.create:Writing pixels
INFO:cooler.create:Writing indexes
INFO:cooler.create:Writing info
INFO:cooler.create:Writing chunk 442: /mnt/storage3b/projects/no_ngsd/ahthapp1_T2T_ONT/analysis_other/porec/T2T11/cooler/tmpxpg7wikj.multi.cool::442
INFO:cooler.create:Creating cooler at "/mnt/storage3b/projects/no_ngsd/ahthapp1_T2T_ONT/analysis_other/porec/T2T11/cooler/tmpxpg7wikj.multi.cool::/442"
INFO:cooler.create:Writing chroms
INFO:cooler.create:Writing bins
INFO:cooler.create:Writing pixels
INFO:cooler.create:Writing indexes
INFO:cooler.create:Writing info
INFO:cooler.create:Writing chunk 443: /mnt/storage3b/projects/no_ngsd/ahthapp1_T2T_ONT/analysis_other/porec/T2T11/cooler/tmpxpg7wikj.multi.cool::443
INFO:cooler.create:Creating cooler at "/mnt/storage3b/projects/no_ngsd/ahthapp1_T2T_ONT/analysis_other/porec/T2T11/cooler/tmpxpg7wikj.multi.cool::/443"
INFO:cooler.create:Writing chroms
INFO:cooler.create:Writing bins
INFO:cooler.create:Writing pixels
INFO:cooler.create:Writing indexes
INFO:cooler.create:Writing info
INFO:cooler.create:Writing chunk 444: /mnt/storage3b/projects/no_ngsd/ahthapp1_T2T_ONT/analysis_other/porec/T2T11/cooler/tmpxpg7wikj.multi.cool::444
INFO:cooler.create:Creating cooler at "/mnt/storage3b/projects/no_ngsd/ahthapp1_T2T_ONT/analysis_other/porec/T2T11/cooler/tmpxpg7wikj.multi.cool::/444"
INFO:cooler.create:Writing chroms
INFO:cooler.create:Writing bins
INFO:cooler.create:Writing pixels
INFO:cooler.create:Writing indexes
INFO:cooler.create:Writing info
INFO:cooler.create:Writing chunk 445: /mnt/storage3b/projects/no_ngsd/ahthapp1_T2T_ONT/analysis_other/porec/T2T11/cooler/tmpxpg7wikj.multi.cool::445
INFO:cooler.create:Creating cooler at "/mnt/storage3b/projects/no_ngsd/ahthapp1_T2T_ONT/analysis_other/porec/T2T11/cooler/tmpxpg7wikj.multi.cool::/445"
INFO:cooler.create:Writing chroms
INFO:cooler.create:Writing bins
INFO:cooler.create:Writing pixels
INFO:cooler.create:Writing indexes
INFO:cooler.create:Writing info
INFO:cooler.create:Writing chunk 446: /mnt/storage3b/projects/no_ngsd/ahthapp1_T2T_ONT/analysis_other/porec/T2T11/cooler/tmpxpg7wikj.multi.cool::446
INFO:cooler.create:Creating cooler at "/mnt/storage3b/projects/no_ngsd/ahthapp1_T2T_ONT/analysis_other/porec/T2T11/cooler/tmpxpg7wikj.multi.cool::/446"
INFO:cooler.create:Writing chroms
INFO:cooler.create:Writing bins
INFO:cooler.create:Writing pixels
INFO:cooler.create:Writing indexes
INFO:cooler.create:Writing info
INFO:cooler.create:Writing chunk 447: /mnt/storage3b/projects/no_ngsd/ahthapp1_T2T_ONT/analysis_other/porec/T2T11/cooler/tmpxpg7wikj.multi.cool::447
INFO:cooler.create:Creating cooler at "/mnt/storage3b/projects/no_ngsd/ahthapp1_T2T_ONT/analysis_other/porec/T2T11/cooler/tmpxpg7wikj.multi.cool::/447"
INFO:cooler.create:Writing chroms
INFO:cooler.create:Writing bins
INFO:cooler.create:Writing pixels
INFO:cooler.create:Writing indexes
INFO:cooler.create:Writing info
INFO:cooler.create:Writing chunk 448: /mnt/storage3b/projects/no_ngsd/ahthapp1_T2T_ONT/analysis_other/porec/T2T11/cooler/tmpxpg7wikj.multi.cool::448
INFO:cooler.create:Creating cooler at "/mnt/storage3b/projects/no_ngsd/ahthapp1_T2T_ONT/analysis_other/porec/T2T11/cooler/tmpxpg7wikj.multi.cool::/448"
INFO:cooler.create:Writing chroms
INFO:cooler.create:Writing bins
INFO:cooler.create:Writing pixels
INFO:cooler.create:Writing indexes
INFO:cooler.create:Writing info
INFO:cooler.create:Writing chunk 449: /mnt/storage3b/projects/no_ngsd/ahthapp1_T2T_ONT/analysis_other/porec/T2T11/cooler/tmpxpg7wikj.multi.cool::449
INFO:cooler.create:Creating cooler at "/mnt/storage3b/projects/no_ngsd/ahthapp1_T2T_ONT/analysis_other/porec/T2T11/cooler/tmpxpg7wikj.multi.cool::/449"
INFO:cooler.create:Writing chroms
INFO:cooler.create:Writing bins
INFO:cooler.create:Writing pixels
INFO:cooler.create:Writing indexes
INFO:cooler.create:Writing info
INFO:cooler.create:Writing chunk 450: /mnt/storage3b/projects/no_ngsd/ahthapp1_T2T_ONT/analysis_other/porec/T2T11/cooler/tmpxpg7wikj.multi.cool::450
INFO:cooler.create:Creating cooler at "/mnt/storage3b/projects/no_ngsd/ahthapp1_T2T_ONT/analysis_other/porec/T2T11/cooler/tmpxpg7wikj.multi.cool::/450"
INFO:cooler.create:Writing chroms
INFO:cooler.create:Writing bins
INFO:cooler.create:Writing pixels
INFO:cooler.create:Writing indexes
INFO:cooler.create:Writing info
INFO:cooler.create:Writing chunk 451: /mnt/storage3b/projects/no_ngsd/ahthapp1_T2T_ONT/analysis_other/porec/T2T11/cooler/tmpxpg7wikj.multi.cool::451
INFO:cooler.create:Creating cooler at "/mnt/storage3b/projects/no_ngsd/ahthapp1_T2T_ONT/analysis_other/porec/T2T11/cooler/tmpxpg7wikj.multi.cool::/451"
INFO:cooler.create:Writing chroms
INFO:cooler.create:Writing bins
INFO:cooler.create:Writing pixels
INFO:cooler.create:Writing indexes
INFO:cooler.create:Writing info
INFO:cooler.create:Writing chunk 452: /mnt/storage3b/projects/no_ngsd/ahthapp1_T2T_ONT/analysis_other/porec/T2T11/cooler/tmpxpg7wikj.multi.cool::452
INFO:cooler.create:Creating cooler at "/mnt/storage3b/projects/no_ngsd/ahthapp1_T2T_ONT/analysis_other/porec/T2T11/cooler/tmpxpg7wikj.multi.cool::/452"
INFO:cooler.create:Writing chroms
INFO:cooler.create:Writing bins
INFO:cooler.create:Writing pixels
INFO:cooler.create:Writing indexes
INFO:cooler.create:Writing info
INFO:cooler.create:Writing chunk 453: /mnt/storage3b/projects/no_ngsd/ahthapp1_T2T_ONT/analysis_other/porec/T2T11/cooler/tmpxpg7wikj.multi.cool::453
INFO:cooler.create:Creating cooler at "/mnt/storage3b/projects/no_ngsd/ahthapp1_T2T_ONT/analysis_other/porec/T2T11/cooler/tmpxpg7wikj.multi.cool::/453"
INFO:cooler.create:Writing chroms
INFO:cooler.create:Writing bins
INFO:cooler.create:Writing pixels
INFO:cooler.create:Writing indexes
INFO:cooler.create:Writing info
INFO:cooler.create:Writing chunk 454: /mnt/storage3b/projects/no_ngsd/ahthapp1_T2T_ONT/analysis_other/porec/T2T11/cooler/tmpxpg7wikj.multi.cool::454
INFO:cooler.create:Creating cooler at "/mnt/storage3b/projects/no_ngsd/ahthapp1_T2T_ONT/analysis_other/porec/T2T11/cooler/tmpxpg7wikj.multi.cool::/454"
INFO:cooler.create:Writing chroms
INFO:cooler.create:Writing bins
INFO:cooler.create:Writing pixels
INFO:cooler.create:Writing indexes
INFO:cooler.create:Writing info
INFO:cooler.create:Writing chunk 455: /mnt/storage3b/projects/no_ngsd/ahthapp1_T2T_ONT/analysis_other/porec/T2T11/cooler/tmpxpg7wikj.multi.cool::455
INFO:cooler.create:Creating cooler at "/mnt/storage3b/projects/no_ngsd/ahthapp1_T2T_ONT/analysis_other/porec/T2T11/cooler/tmpxpg7wikj.multi.cool::/455"
INFO:cooler.create:Writing chroms
INFO:cooler.create:Writing bins
INFO:cooler.create:Writing pixels
INFO:cooler.create:Writing indexes
INFO:cooler.create:Writing info
INFO:cooler.create:Writing chunk 456: /mnt/storage3b/projects/no_ngsd/ahthapp1_T2T_ONT/analysis_other/porec/T2T11/cooler/tmpxpg7wikj.multi.cool::456
INFO:cooler.create:Creating cooler at "/mnt/storage3b/projects/no_ngsd/ahthapp1_T2T_ONT/analysis_other/porec/T2T11/cooler/tmpxpg7wikj.multi.cool::/456"
INFO:cooler.create:Writing chroms
INFO:cooler.create:Writing bins
INFO:cooler.create:Writing pixels
INFO:cooler.create:Writing indexes
INFO:cooler.create:Writing info
INFO:cooler.create:Writing chunk 457: /mnt/storage3b/projects/no_ngsd/ahthapp1_T2T_ONT/analysis_other/porec/T2T11/cooler/tmpxpg7wikj.multi.cool::457
INFO:cooler.create:Creating cooler at "/mnt/storage3b/projects/no_ngsd/ahthapp1_T2T_ONT/analysis_other/porec/T2T11/cooler/tmpxpg7wikj.multi.cool::/457"
INFO:cooler.create:Writing chroms
INFO:cooler.create:Writing bins
INFO:cooler.create:Writing pixels
INFO:cooler.create:Writing indexes
INFO:cooler.create:Writing info
INFO:cooler.create:Writing chunk 458: /mnt/storage3b/projects/no_ngsd/ahthapp1_T2T_ONT/analysis_other/porec/T2T11/cooler/tmpxpg7wikj.multi.cool::458
INFO:cooler.create:Creating cooler at "/mnt/storage3b/projects/no_ngsd/ahthapp1_T2T_ONT/analysis_other/porec/T2T11/cooler/tmpxpg7wikj.multi.cool::/458"
INFO:cooler.create:Writing chroms
INFO:cooler.create:Writing bins
INFO:cooler.create:Writing pixels
INFO:cooler.create:Writing indexes
INFO:cooler.create:Writing info
INFO:cooler.create:Writing chunk 459: /mnt/storage3b/projects/no_ngsd/ahthapp1_T2T_ONT/analysis_other/porec/T2T11/cooler/tmpxpg7wikj.multi.cool::459
INFO:cooler.create:Creating cooler at "/mnt/storage3b/projects/no_ngsd/ahthapp1_T2T_ONT/analysis_other/porec/T2T11/cooler/tmpxpg7wikj.multi.cool::/459"
INFO:cooler.create:Writing chroms
INFO:cooler.create:Writing bins
INFO:cooler.create:Writing pixels
INFO:cooler.create:Writing indexes
INFO:cooler.create:Writing info
INFO:cooler.create:Writing chunk 460: /mnt/storage3b/projects/no_ngsd/ahthapp1_T2T_ONT/analysis_other/porec/T2T11/cooler/tmpxpg7wikj.multi.cool::460
INFO:cooler.create:Creating cooler at "/mnt/storage3b/projects/no_ngsd/ahthapp1_T2T_ONT/analysis_other/porec/T2T11/cooler/tmpxpg7wikj.multi.cool::/460"
INFO:cooler.create:Writing chroms
INFO:cooler.create:Writing bins
INFO:cooler.create:Writing pixels
INFO:cooler.create:Writing indexes
INFO:cooler.create:Writing info
INFO:cooler.create:Writing chunk 461: /mnt/storage3b/projects/no_ngsd/ahthapp1_T2T_ONT/analysis_other/porec/T2T11/cooler/tmpxpg7wikj.multi.cool::461
INFO:cooler.create:Creating cooler at "/mnt/storage3b/projects/no_ngsd/ahthapp1_T2T_ONT/analysis_other/porec/T2T11/cooler/tmpxpg7wikj.multi.cool::/461"
INFO:cooler.create:Writing chroms
INFO:cooler.create:Writing bins
INFO:cooler.create:Writing pixels
INFO:cooler.create:Writing indexes
INFO:cooler.create:Writing info
INFO:cooler.create:Writing chunk 462: /mnt/storage3b/projects/no_ngsd/ahthapp1_T2T_ONT/analysis_other/porec/T2T11/cooler/tmpxpg7wikj.multi.cool::462
INFO:cooler.create:Creating cooler at "/mnt/storage3b/projects/no_ngsd/ahthapp1_T2T_ONT/analysis_other/porec/T2T11/cooler/tmpxpg7wikj.multi.cool::/462"
INFO:cooler.create:Writing chroms
INFO:cooler.create:Writing bins
INFO:cooler.create:Writing pixels
INFO:cooler.create:Writing indexes
INFO:cooler.create:Writing info
INFO:cooler.create:Writing chunk 463: /mnt/storage3b/projects/no_ngsd/ahthapp1_T2T_ONT/analysis_other/porec/T2T11/cooler/tmpxpg7wikj.multi.cool::463
INFO:cooler.create:Creating cooler at "/mnt/storage3b/projects/no_ngsd/ahthapp1_T2T_ONT/analysis_other/porec/T2T11/cooler/tmpxpg7wikj.multi.cool::/463"
INFO:cooler.create:Writing chroms
INFO:cooler.create:Writing bins
INFO:cooler.create:Writing pixels
INFO:cooler.create:Writing indexes
INFO:cooler.create:Writing info
INFO:cooler.create:Writing chunk 464: /mnt/storage3b/projects/no_ngsd/ahthapp1_T2T_ONT/analysis_other/porec/T2T11/cooler/tmpxpg7wikj.multi.cool::464
INFO:cooler.create:Creating cooler at "/mnt/storage3b/projects/no_ngsd/ahthapp1_T2T_ONT/analysis_other/porec/T2T11/cooler/tmpxpg7wikj.multi.cool::/464"
INFO:cooler.create:Writing chroms
INFO:cooler.create:Writing bins
INFO:cooler.create:Writing pixels
INFO:cooler.create:Writing indexes
INFO:cooler.create:Writing info
INFO:cooler.create:Writing chunk 465: /mnt/storage3b/projects/no_ngsd/ahthapp1_T2T_ONT/analysis_other/porec/T2T11/cooler/tmpxpg7wikj.multi.cool::465
INFO:cooler.create:Creating cooler at "/mnt/storage3b/projects/no_ngsd/ahthapp1_T2T_ONT/analysis_other/porec/T2T11/cooler/tmpxpg7wikj.multi.cool::/465"
INFO:cooler.create:Writing chroms
INFO:cooler.create:Writing bins
INFO:cooler.create:Writing pixels
INFO:cooler.create:Writing indexes
INFO:cooler.create:Writing info
INFO:cooler.create:Writing chunk 466: /mnt/storage3b/projects/no_ngsd/ahthapp1_T2T_ONT/analysis_other/porec/T2T11/cooler/tmpxpg7wikj.multi.cool::466
INFO:cooler.create:Creating cooler at "/mnt/storage3b/projects/no_ngsd/ahthapp1_T2T_ONT/analysis_other/porec/T2T11/cooler/tmpxpg7wikj.multi.cool::/466"
INFO:cooler.create:Writing chroms
INFO:cooler.create:Writing bins
INFO:cooler.create:Writing pixels
INFO:cooler.create:Writing indexes
INFO:cooler.create:Writing info
INFO:cooler.create:Writing chunk 467: /mnt/storage3b/projects/no_ngsd/ahthapp1_T2T_ONT/analysis_other/porec/T2T11/cooler/tmpxpg7wikj.multi.cool::467
INFO:cooler.create:Creating cooler at "/mnt/storage3b/projects/no_ngsd/ahthapp1_T2T_ONT/analysis_other/porec/T2T11/cooler/tmpxpg7wikj.multi.cool::/467"
INFO:cooler.create:Writing chroms
INFO:cooler.create:Writing bins
INFO:cooler.create:Writing pixels
INFO:cooler.create:Writing indexes
INFO:cooler.create:Writing info
INFO:cooler.create:Writing chunk 468: /mnt/storage3b/projects/no_ngsd/ahthapp1_T2T_ONT/analysis_other/porec/T2T11/cooler/tmpxpg7wikj.multi.cool::468
INFO:cooler.create:Creating cooler at "/mnt/storage3b/projects/no_ngsd/ahthapp1_T2T_ONT/analysis_other/porec/T2T11/cooler/tmpxpg7wikj.multi.cool::/468"
INFO:cooler.create:Writing chroms
INFO:cooler.create:Writing bins
INFO:cooler.create:Writing pixels
INFO:cooler.create:Writing indexes
INFO:cooler.create:Writing info
INFO:cooler.create:Writing chunk 469: /mnt/storage3b/projects/no_ngsd/ahthapp1_T2T_ONT/analysis_other/porec/T2T11/cooler/tmpxpg7wikj.multi.cool::469
INFO:cooler.create:Creating cooler at "/mnt/storage3b/projects/no_ngsd/ahthapp1_T2T_ONT/analysis_other/porec/T2T11/cooler/tmpxpg7wikj.multi.cool::/469"
INFO:cooler.create:Writing chroms
INFO:cooler.create:Writing bins
INFO:cooler.create:Writing pixels
INFO:cooler.create:Writing indexes
INFO:cooler.create:Writing info
INFO:cooler.create:Writing chunk 470: /mnt/storage3b/projects/no_ngsd/ahthapp1_T2T_ONT/analysis_other/porec/T2T11/cooler/tmpxpg7wikj.multi.cool::470
INFO:cooler.create:Creating cooler at "/mnt/storage3b/projects/no_ngsd/ahthapp1_T2T_ONT/analysis_other/porec/T2T11/cooler/tmpxpg7wikj.multi.cool::/470"
INFO:cooler.create:Writing chroms
INFO:cooler.create:Writing bins
INFO:cooler.create:Writing pixels
INFO:cooler.create:Writing indexes
INFO:cooler.create:Writing info
INFO:cooler.create:Writing chunk 471: /mnt/storage3b/projects/no_ngsd/ahthapp1_T2T_ONT/analysis_other/porec/T2T11/cooler/tmpxpg7wikj.multi.cool::471
INFO:cooler.create:Creating cooler at "/mnt/storage3b/projects/no_ngsd/ahthapp1_T2T_ONT/analysis_other/porec/T2T11/cooler/tmpxpg7wikj.multi.cool::/471"
INFO:cooler.create:Writing chroms
INFO:cooler.create:Writing bins
INFO:cooler.create:Writing pixels
INFO:cooler.create:Writing indexes
INFO:cooler.create:Writing info
INFO:cooler.create:Writing chunk 472: /mnt/storage3b/projects/no_ngsd/ahthapp1_T2T_ONT/analysis_other/porec/T2T11/cooler/tmpxpg7wikj.multi.cool::472
INFO:cooler.create:Creating cooler at "/mnt/storage3b/projects/no_ngsd/ahthapp1_T2T_ONT/analysis_other/porec/T2T11/cooler/tmpxpg7wikj.multi.cool::/472"
INFO:cooler.create:Writing chroms
INFO:cooler.create:Writing bins
INFO:cooler.create:Writing pixels
INFO:cooler.create:Writing indexes
INFO:cooler.create:Writing info
INFO:cooler.create:Writing chunk 473: /mnt/storage3b/projects/no_ngsd/ahthapp1_T2T_ONT/analysis_other/porec/T2T11/cooler/tmpxpg7wikj.multi.cool::473
INFO:cooler.create:Creating cooler at "/mnt/storage3b/projects/no_ngsd/ahthapp1_T2T_ONT/analysis_other/porec/T2T11/cooler/tmpxpg7wikj.multi.cool::/473"
INFO:cooler.create:Writing chroms
INFO:cooler.create:Writing bins
INFO:cooler.create:Writing pixels
INFO:cooler.create:Writing indexes
INFO:cooler.create:Writing info
INFO:cooler.create:Writing chunk 474: /mnt/storage3b/projects/no_ngsd/ahthapp1_T2T_ONT/analysis_other/porec/T2T11/cooler/tmpxpg7wikj.multi.cool::474
INFO:cooler.create:Creating cooler at "/mnt/storage3b/projects/no_ngsd/ahthapp1_T2T_ONT/analysis_other/porec/T2T11/cooler/tmpxpg7wikj.multi.cool::/474"
INFO:cooler.create:Writing chroms
INFO:cooler.create:Writing bins
INFO:cooler.create:Writing pixels
INFO:cooler.create:Writing indexes
INFO:cooler.create:Writing info
INFO:cooler.create:Writing chunk 475: /mnt/storage3b/projects/no_ngsd/ahthapp1_T2T_ONT/analysis_other/porec/T2T11/cooler/tmpxpg7wikj.multi.cool::475
INFO:cooler.create:Creating cooler at "/mnt/storage3b/projects/no_ngsd/ahthapp1_T2T_ONT/analysis_other/porec/T2T11/cooler/tmpxpg7wikj.multi.cool::/475"
INFO:cooler.create:Writing chroms
INFO:cooler.create:Writing bins
INFO:cooler.create:Writing pixels
INFO:cooler.create:Writing indexes
INFO:cooler.create:Writing info
INFO:cooler.create:Writing chunk 476: /mnt/storage3b/projects/no_ngsd/ahthapp1_T2T_ONT/analysis_other/porec/T2T11/cooler/tmpxpg7wikj.multi.cool::476
INFO:cooler.create:Creating cooler at "/mnt/storage3b/projects/no_ngsd/ahthapp1_T2T_ONT/analysis_other/porec/T2T11/cooler/tmpxpg7wikj.multi.cool::/476"
INFO:cooler.create:Writing chroms
INFO:cooler.create:Writing bins
INFO:cooler.create:Writing pixels
INFO:cooler.create:Writing indexes
INFO:cooler.create:Writing info
INFO:cooler.create:Writing chunk 477: /mnt/storage3b/projects/no_ngsd/ahthapp1_T2T_ONT/analysis_other/porec/T2T11/cooler/tmpxpg7wikj.multi.cool::477
INFO:cooler.create:Creating cooler at "/mnt/storage3b/projects/no_ngsd/ahthapp1_T2T_ONT/analysis_other/porec/T2T11/cooler/tmpxpg7wikj.multi.cool::/477"
INFO:cooler.create:Writing chroms
INFO:cooler.create:Writing bins
INFO:cooler.create:Writing pixels
INFO:cooler.create:Writing indexes
INFO:cooler.create:Writing info
INFO:cooler.create:Writing chunk 478: /mnt/storage3b/projects/no_ngsd/ahthapp1_T2T_ONT/analysis_other/porec/T2T11/cooler/tmpxpg7wikj.multi.cool::478
INFO:cooler.create:Creating cooler at "/mnt/storage3b/projects/no_ngsd/ahthapp1_T2T_ONT/analysis_other/porec/T2T11/cooler/tmpxpg7wikj.multi.cool::/478"
INFO:cooler.create:Writing chroms
INFO:cooler.create:Writing bins
INFO:cooler.create:Writing pixels
INFO:cooler.create:Writing indexes
INFO:cooler.create:Writing info
INFO:cooler.create:Writing chunk 479: /mnt/storage3b/projects/no_ngsd/ahthapp1_T2T_ONT/analysis_other/porec/T2T11/cooler/tmpxpg7wikj.multi.cool::479
INFO:cooler.create:Creating cooler at "/mnt/storage3b/projects/no_ngsd/ahthapp1_T2T_ONT/analysis_other/porec/T2T11/cooler/tmpxpg7wikj.multi.cool::/479"
INFO:cooler.create:Writing chroms
INFO:cooler.create:Writing bins
INFO:cooler.create:Writing pixels
INFO:cooler.create:Writing indexes
INFO:cooler.create:Writing info
INFO:cooler.create:Writing chunk 480: /mnt/storage3b/projects/no_ngsd/ahthapp1_T2T_ONT/analysis_other/porec/T2T11/cooler/tmpxpg7wikj.multi.cool::480
INFO:cooler.create:Creating cooler at "/mnt/storage3b/projects/no_ngsd/ahthapp1_T2T_ONT/analysis_other/porec/T2T11/cooler/tmpxpg7wikj.multi.cool::/480"
INFO:cooler.create:Writing chroms
INFO:cooler.create:Writing bins
INFO:cooler.create:Writing pixels
INFO:cooler.create:Writing indexes
INFO:cooler.create:Writing info
INFO:cooler.create:Writing chunk 481: /mnt/storage3b/projects/no_ngsd/ahthapp1_T2T_ONT/analysis_other/porec/T2T11/cooler/tmpxpg7wikj.multi.cool::481
INFO:cooler.create:Creating cooler at "/mnt/storage3b/projects/no_ngsd/ahthapp1_T2T_ONT/analysis_other/porec/T2T11/cooler/tmpxpg7wikj.multi.cool::/481"
INFO:cooler.create:Writing chroms
INFO:cooler.create:Writing bins
INFO:cooler.create:Writing pixels
INFO:cooler.create:Writing indexes
INFO:cooler.create:Writing info
INFO:cooler.create:Writing chunk 482: /mnt/storage3b/projects/no_ngsd/ahthapp1_T2T_ONT/analysis_other/porec/T2T11/cooler/tmpxpg7wikj.multi.cool::482
INFO:cooler.create:Creating cooler at "/mnt/storage3b/projects/no_ngsd/ahthapp1_T2T_ONT/analysis_other/porec/T2T11/cooler/tmpxpg7wikj.multi.cool::/482"
INFO:cooler.create:Writing chroms
INFO:cooler.create:Writing bins
INFO:cooler.create:Writing pixels
INFO:cooler.create:Writing indexes
INFO:cooler.create:Writing info
INFO:cooler.create:Writing chunk 483: /mnt/storage3b/projects/no_ngsd/ahthapp1_T2T_ONT/analysis_other/porec/T2T11/cooler/tmpxpg7wikj.multi.cool::483
INFO:cooler.create:Creating cooler at "/mnt/storage3b/projects/no_ngsd/ahthapp1_T2T_ONT/analysis_other/porec/T2T11/cooler/tmpxpg7wikj.multi.cool::/483"
INFO:cooler.create:Writing chroms
INFO:cooler.create:Writing bins
INFO:cooler.create:Writing pixels
INFO:cooler.create:Writing indexes
INFO:cooler.create:Writing info
INFO:cooler.create:Writing chunk 484: /mnt/storage3b/projects/no_ngsd/ahthapp1_T2T_ONT/analysis_other/porec/T2T11/cooler/tmpxpg7wikj.multi.cool::484
INFO:cooler.create:Creating cooler at "/mnt/storage3b/projects/no_ngsd/ahthapp1_T2T_ONT/analysis_other/porec/T2T11/cooler/tmpxpg7wikj.multi.cool::/484"
INFO:cooler.create:Writing chroms
INFO:cooler.create:Writing bins
INFO:cooler.create:Writing pixels
INFO:cooler.create:Writing indexes
INFO:cooler.create:Writing info
INFO:cooler.create:Writing chunk 485: /mnt/storage3b/projects/no_ngsd/ahthapp1_T2T_ONT/analysis_other/porec/T2T11/cooler/tmpxpg7wikj.multi.cool::485
INFO:cooler.create:Creating cooler at "/mnt/storage3b/projects/no_ngsd/ahthapp1_T2T_ONT/analysis_other/porec/T2T11/cooler/tmpxpg7wikj.multi.cool::/485"
INFO:cooler.create:Writing chroms
INFO:cooler.create:Writing bins
INFO:cooler.create:Writing pixels
INFO:cooler.create:Writing indexes
INFO:cooler.create:Writing info
INFO:cooler.create:Writing chunk 486: /mnt/storage3b/projects/no_ngsd/ahthapp1_T2T_ONT/analysis_other/porec/T2T11/cooler/tmpxpg7wikj.multi.cool::486
INFO:cooler.create:Creating cooler at "/mnt/storage3b/projects/no_ngsd/ahthapp1_T2T_ONT/analysis_other/porec/T2T11/cooler/tmpxpg7wikj.multi.cool::/486"
INFO:cooler.create:Writing chroms
INFO:cooler.create:Writing bins
INFO:cooler.create:Writing pixels
INFO:cooler.create:Writing indexes
INFO:cooler.create:Writing info
INFO:cooler.create:Writing chunk 487: /mnt/storage3b/projects/no_ngsd/ahthapp1_T2T_ONT/analysis_other/porec/T2T11/cooler/tmpxpg7wikj.multi.cool::487
INFO:cooler.create:Creating cooler at "/mnt/storage3b/projects/no_ngsd/ahthapp1_T2T_ONT/analysis_other/porec/T2T11/cooler/tmpxpg7wikj.multi.cool::/487"
INFO:cooler.create:Writing chroms
INFO:cooler.create:Writing bins
INFO:cooler.create:Writing pixels
INFO:cooler.create:Writing indexes
INFO:cooler.create:Writing info
INFO:cooler.create:Writing chunk 488: /mnt/storage3b/projects/no_ngsd/ahthapp1_T2T_ONT/analysis_other/porec/T2T11/cooler/tmpxpg7wikj.multi.cool::488
INFO:cooler.create:Creating cooler at "/mnt/storage3b/projects/no_ngsd/ahthapp1_T2T_ONT/analysis_other/porec/T2T11/cooler/tmpxpg7wikj.multi.cool::/488"
INFO:cooler.create:Writing chroms
INFO:cooler.create:Writing bins
INFO:cooler.create:Writing pixels
INFO:cooler.create:Writing indexes
INFO:cooler.create:Writing info
INFO:cooler.create:Writing chunk 489: /mnt/storage3b/projects/no_ngsd/ahthapp1_T2T_ONT/analysis_other/porec/T2T11/cooler/tmpxpg7wikj.multi.cool::489
INFO:cooler.create:Creating cooler at "/mnt/storage3b/projects/no_ngsd/ahthapp1_T2T_ONT/analysis_other/porec/T2T11/cooler/tmpxpg7wikj.multi.cool::/489"
INFO:cooler.create:Writing chroms
INFO:cooler.create:Writing bins
INFO:cooler.create:Writing pixels
INFO:cooler.create:Writing indexes
INFO:cooler.create:Writing info
INFO:cooler.create:Writing chunk 490: /mnt/storage3b/projects/no_ngsd/ahthapp1_T2T_ONT/analysis_other/porec/T2T11/cooler/tmpxpg7wikj.multi.cool::490
INFO:cooler.create:Creating cooler at "/mnt/storage3b/projects/no_ngsd/ahthapp1_T2T_ONT/analysis_other/porec/T2T11/cooler/tmpxpg7wikj.multi.cool::/490"
INFO:cooler.create:Writing chroms
INFO:cooler.create:Writing bins
INFO:cooler.create:Writing pixels
INFO:cooler.create:Writing indexes
INFO:cooler.create:Writing info
INFO:cooler.create:Writing chunk 491: /mnt/storage3b/projects/no_ngsd/ahthapp1_T2T_ONT/analysis_other/porec/T2T11/cooler/tmpxpg7wikj.multi.cool::491
INFO:cooler.create:Creating cooler at "/mnt/storage3b/projects/no_ngsd/ahthapp1_T2T_ONT/analysis_other/porec/T2T11/cooler/tmpxpg7wikj.multi.cool::/491"
INFO:cooler.create:Writing chroms
INFO:cooler.create:Writing bins
INFO:cooler.create:Writing pixels
INFO:cooler.create:Writing indexes
INFO:cooler.create:Writing info
INFO:cooler.create:Writing chunk 492: /mnt/storage3b/projects/no_ngsd/ahthapp1_T2T_ONT/analysis_other/porec/T2T11/cooler/tmpxpg7wikj.multi.cool::492
INFO:cooler.create:Creating cooler at "/mnt/storage3b/projects/no_ngsd/ahthapp1_T2T_ONT/analysis_other/porec/T2T11/cooler/tmpxpg7wikj.multi.cool::/492"
INFO:cooler.create:Writing chroms
INFO:cooler.create:Writing bins
INFO:cooler.create:Writing pixels
INFO:cooler.create:Writing indexes
INFO:cooler.create:Writing info
INFO:cooler.create:Writing chunk 493: /mnt/storage3b/projects/no_ngsd/ahthapp1_T2T_ONT/analysis_other/porec/T2T11/cooler/tmpxpg7wikj.multi.cool::493
INFO:cooler.create:Creating cooler at "/mnt/storage3b/projects/no_ngsd/ahthapp1_T2T_ONT/analysis_other/porec/T2T11/cooler/tmpxpg7wikj.multi.cool::/493"
INFO:cooler.create:Writing chroms
INFO:cooler.create:Writing bins
INFO:cooler.create:Writing pixels
INFO:cooler.create:Writing indexes
INFO:cooler.create:Writing info
INFO:cooler.create:Writing chunk 494: /mnt/storage3b/projects/no_ngsd/ahthapp1_T2T_ONT/analysis_other/porec/T2T11/cooler/tmpxpg7wikj.multi.cool::494
INFO:cooler.create:Creating cooler at "/mnt/storage3b/projects/no_ngsd/ahthapp1_T2T_ONT/analysis_other/porec/T2T11/cooler/tmpxpg7wikj.multi.cool::/494"
INFO:cooler.create:Writing chroms
INFO:cooler.create:Writing bins
INFO:cooler.create:Writing pixels
INFO:cooler.create:Writing indexes
INFO:cooler.create:Writing info
INFO:cooler.create:Writing chunk 495: /mnt/storage3b/projects/no_ngsd/ahthapp1_T2T_ONT/analysis_other/porec/T2T11/cooler/tmpxpg7wikj.multi.cool::495
INFO:cooler.create:Creating cooler at "/mnt/storage3b/projects/no_ngsd/ahthapp1_T2T_ONT/analysis_other/porec/T2T11/cooler/tmpxpg7wikj.multi.cool::/495"
INFO:cooler.create:Writing chroms
INFO:cooler.create:Writing bins
INFO:cooler.create:Writing pixels
INFO:cooler.create:Writing indexes
INFO:cooler.create:Writing info
INFO:cooler.create:Writing chunk 496: /mnt/storage3b/projects/no_ngsd/ahthapp1_T2T_ONT/analysis_other/porec/T2T11/cooler/tmpxpg7wikj.multi.cool::496
INFO:cooler.create:Creating cooler at "/mnt/storage3b/projects/no_ngsd/ahthapp1_T2T_ONT/analysis_other/porec/T2T11/cooler/tmpxpg7wikj.multi.cool::/496"
INFO:cooler.create:Writing chroms
INFO:cooler.create:Writing bins
INFO:cooler.create:Writing pixels
INFO:cooler.create:Writing indexes
INFO:cooler.create:Writing info
INFO:cooler.create:Writing chunk 497: /mnt/storage3b/projects/no_ngsd/ahthapp1_T2T_ONT/analysis_other/porec/T2T11/cooler/tmpxpg7wikj.multi.cool::497
INFO:cooler.create:Creating cooler at "/mnt/storage3b/projects/no_ngsd/ahthapp1_T2T_ONT/analysis_other/porec/T2T11/cooler/tmpxpg7wikj.multi.cool::/497"
INFO:cooler.create:Writing chroms
INFO:cooler.create:Writing bins
INFO:cooler.create:Writing pixels
INFO:cooler.create:Writing indexes
INFO:cooler.create:Writing info
INFO:cooler.create:Writing chunk 498: /mnt/storage3b/projects/no_ngsd/ahthapp1_T2T_ONT/analysis_other/porec/T2T11/cooler/tmpxpg7wikj.multi.cool::498
INFO:cooler.create:Creating cooler at "/mnt/storage3b/projects/no_ngsd/ahthapp1_T2T_ONT/analysis_other/porec/T2T11/cooler/tmpxpg7wikj.multi.cool::/498"
INFO:cooler.create:Writing chroms
INFO:cooler.create:Writing bins
INFO:cooler.create:Writing pixels
INFO:cooler.create:Writing indexes
INFO:cooler.create:Writing info
INFO:cooler.create:Writing chunk 499: /mnt/storage3b/projects/no_ngsd/ahthapp1_T2T_ONT/analysis_other/porec/T2T11/cooler/tmpxpg7wikj.multi.cool::499
INFO:cooler.create:Creating cooler at "/mnt/storage3b/projects/no_ngsd/ahthapp1_T2T_ONT/analysis_other/porec/T2T11/cooler/tmpxpg7wikj.multi.cool::/499"
INFO:cooler.create:Writing chroms
INFO:cooler.create:Writing bins
INFO:cooler.create:Writing pixels
INFO:cooler.create:Writing indexes
INFO:cooler.create:Writing info
INFO:cooler.create:Writing chunk 500: /mnt/storage3b/projects/no_ngsd/ahthapp1_T2T_ONT/analysis_other/porec/T2T11/cooler/tmpxpg7wikj.multi.cool::500
INFO:cooler.create:Creating cooler at "/mnt/storage3b/projects/no_ngsd/ahthapp1_T2T_ONT/analysis_other/porec/T2T11/cooler/tmpxpg7wikj.multi.cool::/500"
INFO:cooler.create:Writing chroms
INFO:cooler.create:Writing bins
INFO:cooler.create:Writing pixels
INFO:cooler.create:Writing indexes
INFO:cooler.create:Writing info
INFO:cooler.create:Writing chunk 501: /mnt/storage3b/projects/no_ngsd/ahthapp1_T2T_ONT/analysis_other/porec/T2T11/cooler/tmpxpg7wikj.multi.cool::501
INFO:cooler.create:Creating cooler at "/mnt/storage3b/projects/no_ngsd/ahthapp1_T2T_ONT/analysis_other/porec/T2T11/cooler/tmpxpg7wikj.multi.cool::/501"
INFO:cooler.create:Writing chroms
INFO:cooler.create:Writing bins
INFO:cooler.create:Writing pixels
INFO:cooler.create:Writing indexes
INFO:cooler.create:Writing info
INFO:cooler.create:Writing chunk 502: /mnt/storage3b/projects/no_ngsd/ahthapp1_T2T_ONT/analysis_other/porec/T2T11/cooler/tmpxpg7wikj.multi.cool::502
INFO:cooler.create:Creating cooler at "/mnt/storage3b/projects/no_ngsd/ahthapp1_T2T_ONT/analysis_other/porec/T2T11/cooler/tmpxpg7wikj.multi.cool::/502"
INFO:cooler.create:Writing chroms
INFO:cooler.create:Writing bins
INFO:cooler.create:Writing pixels
INFO:cooler.create:Writing indexes
INFO:cooler.create:Writing info
INFO:cooler.create:Writing chunk 503: /mnt/storage3b/projects/no_ngsd/ahthapp1_T2T_ONT/analysis_other/porec/T2T11/cooler/tmpxpg7wikj.multi.cool::503
INFO:cooler.create:Creating cooler at "/mnt/storage3b/projects/no_ngsd/ahthapp1_T2T_ONT/analysis_other/porec/T2T11/cooler/tmpxpg7wikj.multi.cool::/503"
INFO:cooler.create:Writing chroms
INFO:cooler.create:Writing bins
INFO:cooler.create:Writing pixels
INFO:cooler.create:Writing indexes
INFO:cooler.create:Writing info
INFO:cooler.create:Writing chunk 504: /mnt/storage3b/projects/no_ngsd/ahthapp1_T2T_ONT/analysis_other/porec/T2T11/cooler/tmpxpg7wikj.multi.cool::504
INFO:cooler.create:Creating cooler at "/mnt/storage3b/projects/no_ngsd/ahthapp1_T2T_ONT/analysis_other/porec/T2T11/cooler/tmpxpg7wikj.multi.cool::/504"
INFO:cooler.create:Writing chroms
INFO:cooler.create:Writing bins
INFO:cooler.create:Writing pixels
INFO:cooler.create:Writing indexes
INFO:cooler.create:Writing info
INFO:cooler.create:Writing chunk 505: /mnt/storage3b/projects/no_ngsd/ahthapp1_T2T_ONT/analysis_other/porec/T2T11/cooler/tmpxpg7wikj.multi.cool::505
INFO:cooler.create:Creating cooler at "/mnt/storage3b/projects/no_ngsd/ahthapp1_T2T_ONT/analysis_other/porec/T2T11/cooler/tmpxpg7wikj.multi.cool::/505"
INFO:cooler.create:Writing chroms
INFO:cooler.create:Writing bins
INFO:cooler.create:Writing pixels
INFO:cooler.create:Writing indexes
INFO:cooler.create:Writing info
INFO:cooler.create:Writing chunk 506: /mnt/storage3b/projects/no_ngsd/ahthapp1_T2T_ONT/analysis_other/porec/T2T11/cooler/tmpxpg7wikj.multi.cool::506
INFO:cooler.create:Creating cooler at "/mnt/storage3b/projects/no_ngsd/ahthapp1_T2T_ONT/analysis_other/porec/T2T11/cooler/tmpxpg7wikj.multi.cool::/506"
INFO:cooler.create:Writing chroms
INFO:cooler.create:Writing bins
INFO:cooler.create:Writing pixels
INFO:cooler.create:Writing indexes
INFO:cooler.create:Writing info
INFO:cooler.create:Writing chunk 507: /mnt/storage3b/projects/no_ngsd/ahthapp1_T2T_ONT/analysis_other/porec/T2T11/cooler/tmpxpg7wikj.multi.cool::507
INFO:cooler.create:Creating cooler at "/mnt/storage3b/projects/no_ngsd/ahthapp1_T2T_ONT/analysis_other/porec/T2T11/cooler/tmpxpg7wikj.multi.cool::/507"
INFO:cooler.create:Writing chroms
INFO:cooler.create:Writing bins
INFO:cooler.create:Writing pixels
INFO:cooler.create:Writing indexes
INFO:cooler.create:Writing info
INFO:cooler.create:Writing chunk 508: /mnt/storage3b/projects/no_ngsd/ahthapp1_T2T_ONT/analysis_other/porec/T2T11/cooler/tmpxpg7wikj.multi.cool::508
INFO:cooler.create:Creating cooler at "/mnt/storage3b/projects/no_ngsd/ahthapp1_T2T_ONT/analysis_other/porec/T2T11/cooler/tmpxpg7wikj.multi.cool::/508"
INFO:cooler.create:Writing chroms
INFO:cooler.create:Writing bins
INFO:cooler.create:Writing pixels
INFO:cooler.create:Writing indexes
INFO:cooler.create:Writing info
INFO:cooler.create:Writing chunk 509: /mnt/storage3b/projects/no_ngsd/ahthapp1_T2T_ONT/analysis_other/porec/T2T11/cooler/tmpxpg7wikj.multi.cool::509
INFO:cooler.create:Creating cooler at "/mnt/storage3b/projects/no_ngsd/ahthapp1_T2T_ONT/analysis_other/porec/T2T11/cooler/tmpxpg7wikj.multi.cool::/509"
INFO:cooler.create:Writing chroms
INFO:cooler.create:Writing bins
INFO:cooler.create:Writing pixels
INFO:cooler.create:Writing indexes
INFO:cooler.create:Writing info
INFO:cooler.create:Writing chunk 510: /mnt/storage3b/projects/no_ngsd/ahthapp1_T2T_ONT/analysis_other/porec/T2T11/cooler/tmpxpg7wikj.multi.cool::510
INFO:cooler.create:Creating cooler at "/mnt/storage3b/projects/no_ngsd/ahthapp1_T2T_ONT/analysis_other/porec/T2T11/cooler/tmpxpg7wikj.multi.cool::/510"
INFO:cooler.create:Writing chroms
INFO:cooler.create:Writing bins
INFO:cooler.create:Writing pixels
INFO:cooler.create:Writing indexes
INFO:cooler.create:Writing info
INFO:cooler.create:Writing chunk 511: /mnt/storage3b/projects/no_ngsd/ahthapp1_T2T_ONT/analysis_other/porec/T2T11/cooler/tmpxpg7wikj.multi.cool::511
INFO:cooler.create:Creating cooler at "/mnt/storage3b/projects/no_ngsd/ahthapp1_T2T_ONT/analysis_other/porec/T2T11/cooler/tmpxpg7wikj.multi.cool::/511"
INFO:cooler.create:Writing chroms
INFO:cooler.create:Writing bins
INFO:cooler.create:Writing pixels
INFO:cooler.create:Writing indexes
INFO:cooler.create:Writing info
INFO:cooler.create:Writing chunk 512: /mnt/storage3b/projects/no_ngsd/ahthapp1_T2T_ONT/analysis_other/porec/T2T11/cooler/tmpxpg7wikj.multi.cool::512
INFO:cooler.create:Creating cooler at "/mnt/storage3b/projects/no_ngsd/ahthapp1_T2T_ONT/analysis_other/porec/T2T11/cooler/tmpxpg7wikj.multi.cool::/512"
INFO:cooler.create:Writing chroms
INFO:cooler.create:Writing bins
INFO:cooler.create:Writing pixels
INFO:cooler.create:Writing indexes
INFO:cooler.create:Writing info
INFO:cooler.create:Writing chunk 513: /mnt/storage3b/projects/no_ngsd/ahthapp1_T2T_ONT/analysis_other/porec/T2T11/cooler/tmpxpg7wikj.multi.cool::513
INFO:cooler.create:Creating cooler at "/mnt/storage3b/projects/no_ngsd/ahthapp1_T2T_ONT/analysis_other/porec/T2T11/cooler/tmpxpg7wikj.multi.cool::/513"
INFO:cooler.create:Writing chroms
INFO:cooler.create:Writing bins
INFO:cooler.create:Writing pixels
INFO:cooler.create:Writing indexes
INFO:cooler.create:Writing info
INFO:cooler.create:Writing chunk 514: /mnt/storage3b/projects/no_ngsd/ahthapp1_T2T_ONT/analysis_other/porec/T2T11/cooler/tmpxpg7wikj.multi.cool::514
INFO:cooler.create:Creating cooler at "/mnt/storage3b/projects/no_ngsd/ahthapp1_T2T_ONT/analysis_other/porec/T2T11/cooler/tmpxpg7wikj.multi.cool::/514"
INFO:cooler.create:Writing chroms
INFO:cooler.create:Writing bins
INFO:cooler.create:Writing pixels
INFO:cooler.create:Writing indexes
INFO:cooler.create:Writing info
INFO:cooler.create:Writing chunk 515: /mnt/storage3b/projects/no_ngsd/ahthapp1_T2T_ONT/analysis_other/porec/T2T11/cooler/tmpxpg7wikj.multi.cool::515
INFO:cooler.create:Creating cooler at "/mnt/storage3b/projects/no_ngsd/ahthapp1_T2T_ONT/analysis_other/porec/T2T11/cooler/tmpxpg7wikj.multi.cool::/515"
INFO:cooler.create:Writing chroms
INFO:cooler.create:Writing bins
INFO:cooler.create:Writing pixels
INFO:cooler.create:Writing indexes
INFO:cooler.create:Writing info
INFO:cooler.create:Writing chunk 516: /mnt/storage3b/projects/no_ngsd/ahthapp1_T2T_ONT/analysis_other/porec/T2T11/cooler/tmpxpg7wikj.multi.cool::516
INFO:cooler.create:Creating cooler at "/mnt/storage3b/projects/no_ngsd/ahthapp1_T2T_ONT/analysis_other/porec/T2T11/cooler/tmpxpg7wikj.multi.cool::/516"
INFO:cooler.create:Writing chroms
INFO:cooler.create:Writing bins
INFO:cooler.create:Writing pixels
INFO:cooler.create:Writing indexes
INFO:cooler.create:Writing info
INFO:cooler.create:Writing chunk 517: /mnt/storage3b/projects/no_ngsd/ahthapp1_T2T_ONT/analysis_other/porec/T2T11/cooler/tmpxpg7wikj.multi.cool::517
INFO:cooler.create:Creating cooler at "/mnt/storage3b/projects/no_ngsd/ahthapp1_T2T_ONT/analysis_other/porec/T2T11/cooler/tmpxpg7wikj.multi.cool::/517"
INFO:cooler.create:Writing chroms
INFO:cooler.create:Writing bins
INFO:cooler.create:Writing pixels
INFO:cooler.create:Writing indexes
INFO:cooler.create:Writing info
INFO:cooler.create:Writing chunk 518: /mnt/storage3b/projects/no_ngsd/ahthapp1_T2T_ONT/analysis_other/porec/T2T11/cooler/tmpxpg7wikj.multi.cool::518
INFO:cooler.create:Creating cooler at "/mnt/storage3b/projects/no_ngsd/ahthapp1_T2T_ONT/analysis_other/porec/T2T11/cooler/tmpxpg7wikj.multi.cool::/518"
INFO:cooler.create:Writing chroms
INFO:cooler.create:Writing bins
INFO:cooler.create:Writing pixels
INFO:cooler.create:Writing indexes
INFO:cooler.create:Writing info
INFO:cooler.create:Writing chunk 519: /mnt/storage3b/projects/no_ngsd/ahthapp1_T2T_ONT/analysis_other/porec/T2T11/cooler/tmpxpg7wikj.multi.cool::519
INFO:cooler.create:Creating cooler at "/mnt/storage3b/projects/no_ngsd/ahthapp1_T2T_ONT/analysis_other/porec/T2T11/cooler/tmpxpg7wikj.multi.cool::/519"
INFO:cooler.create:Writing chroms
INFO:cooler.create:Writing bins
INFO:cooler.create:Writing pixels
INFO:cooler.create:Writing indexes
INFO:cooler.create:Writing info
INFO:cooler.create:Writing chunk 520: /mnt/storage3b/projects/no_ngsd/ahthapp1_T2T_ONT/analysis_other/porec/T2T11/cooler/tmpxpg7wikj.multi.cool::520
INFO:cooler.create:Creating cooler at "/mnt/storage3b/projects/no_ngsd/ahthapp1_T2T_ONT/analysis_other/porec/T2T11/cooler/tmpxpg7wikj.multi.cool::/520"
INFO:cooler.create:Writing chroms
INFO:cooler.create:Writing bins
INFO:cooler.create:Writing pixels
INFO:cooler.create:Writing indexes
INFO:cooler.create:Writing info
INFO:cooler.create:Writing chunk 521: /mnt/storage3b/projects/no_ngsd/ahthapp1_T2T_ONT/analysis_other/porec/T2T11/cooler/tmpxpg7wikj.multi.cool::521
INFO:cooler.create:Creating cooler at "/mnt/storage3b/projects/no_ngsd/ahthapp1_T2T_ONT/analysis_other/porec/T2T11/cooler/tmpxpg7wikj.multi.cool::/521"
INFO:cooler.create:Writing chroms
INFO:cooler.create:Writing bins
INFO:cooler.create:Writing pixels
INFO:cooler.create:Writing indexes
INFO:cooler.create:Writing info
INFO:cooler.create:Writing chunk 522: /mnt/storage3b/projects/no_ngsd/ahthapp1_T2T_ONT/analysis_other/porec/T2T11/cooler/tmpxpg7wikj.multi.cool::522
INFO:cooler.create:Creating cooler at "/mnt/storage3b/projects/no_ngsd/ahthapp1_T2T_ONT/analysis_other/porec/T2T11/cooler/tmpxpg7wikj.multi.cool::/522"
INFO:cooler.create:Writing chroms
INFO:cooler.create:Writing bins
INFO:cooler.create:Writing pixels
INFO:cooler.create:Writing indexes
INFO:cooler.create:Writing info
INFO:cooler.create:Writing chunk 523: /mnt/storage3b/projects/no_ngsd/ahthapp1_T2T_ONT/analysis_other/porec/T2T11/cooler/tmpxpg7wikj.multi.cool::523
INFO:cooler.create:Creating cooler at "/mnt/storage3b/projects/no_ngsd/ahthapp1_T2T_ONT/analysis_other/porec/T2T11/cooler/tmpxpg7wikj.multi.cool::/523"
INFO:cooler.create:Writing chroms
INFO:cooler.create:Writing bins
INFO:cooler.create:Writing pixels
INFO:cooler.create:Writing indexes
INFO:cooler.create:Writing info
INFO:cooler.create:Writing chunk 524: /mnt/storage3b/projects/no_ngsd/ahthapp1_T2T_ONT/analysis_other/porec/T2T11/cooler/tmpxpg7wikj.multi.cool::524
INFO:cooler.create:Creating cooler at "/mnt/storage3b/projects/no_ngsd/ahthapp1_T2T_ONT/analysis_other/porec/T2T11/cooler/tmpxpg7wikj.multi.cool::/524"
INFO:cooler.create:Writing chroms
INFO:cooler.create:Writing bins
INFO:cooler.create:Writing pixels
INFO:cooler.create:Writing indexes
INFO:cooler.create:Writing info
INFO:cooler.create:Writing chunk 525: /mnt/storage3b/projects/no_ngsd/ahthapp1_T2T_ONT/analysis_other/porec/T2T11/cooler/tmpxpg7wikj.multi.cool::525
INFO:cooler.create:Creating cooler at "/mnt/storage3b/projects/no_ngsd/ahthapp1_T2T_ONT/analysis_other/porec/T2T11/cooler/tmpxpg7wikj.multi.cool::/525"
INFO:cooler.create:Writing chroms
INFO:cooler.create:Writing bins
INFO:cooler.create:Writing pixels
INFO:cooler.create:Writing indexes
INFO:cooler.create:Writing info
INFO:cooler.create:Writing chunk 526: /mnt/storage3b/projects/no_ngsd/ahthapp1_T2T_ONT/analysis_other/porec/T2T11/cooler/tmpxpg7wikj.multi.cool::526
INFO:cooler.create:Creating cooler at "/mnt/storage3b/projects/no_ngsd/ahthapp1_T2T_ONT/analysis_other/porec/T2T11/cooler/tmpxpg7wikj.multi.cool::/526"
INFO:cooler.create:Writing chroms
INFO:cooler.create:Writing bins
INFO:cooler.create:Writing pixels
INFO:cooler.create:Writing indexes
INFO:cooler.create:Writing info
INFO:cooler.create:Writing chunk 527: /mnt/storage3b/projects/no_ngsd/ahthapp1_T2T_ONT/analysis_other/porec/T2T11/cooler/tmpxpg7wikj.multi.cool::527
INFO:cooler.create:Creating cooler at "/mnt/storage3b/projects/no_ngsd/ahthapp1_T2T_ONT/analysis_other/porec/T2T11/cooler/tmpxpg7wikj.multi.cool::/527"
INFO:cooler.create:Writing chroms
INFO:cooler.create:Writing bins
INFO:cooler.create:Writing pixels
INFO:cooler.create:Writing indexes
INFO:cooler.create:Writing info
INFO:cooler.create:Writing chunk 528: /mnt/storage3b/projects/no_ngsd/ahthapp1_T2T_ONT/analysis_other/porec/T2T11/cooler/tmpxpg7wikj.multi.cool::528
INFO:cooler.create:Creating cooler at "/mnt/storage3b/projects/no_ngsd/ahthapp1_T2T_ONT/analysis_other/porec/T2T11/cooler/tmpxpg7wikj.multi.cool::/528"
INFO:cooler.create:Writing chroms
INFO:cooler.create:Writing bins
INFO:cooler.create:Writing pixels
INFO:cooler.create:Writing indexes
INFO:cooler.create:Writing info
INFO:cooler.create:Writing chunk 529: /mnt/storage3b/projects/no_ngsd/ahthapp1_T2T_ONT/analysis_other/porec/T2T11/cooler/tmpxpg7wikj.multi.cool::529
INFO:cooler.create:Creating cooler at "/mnt/storage3b/projects/no_ngsd/ahthapp1_T2T_ONT/analysis_other/porec/T2T11/cooler/tmpxpg7wikj.multi.cool::/529"
INFO:cooler.create:Writing chroms
INFO:cooler.create:Writing bins
INFO:cooler.create:Writing pixels
INFO:cooler.create:Writing indexes
INFO:cooler.create:Writing info
INFO:cooler.create:Writing chunk 530: /mnt/storage3b/projects/no_ngsd/ahthapp1_T2T_ONT/analysis_other/porec/T2T11/cooler/tmpxpg7wikj.multi.cool::530
INFO:cooler.create:Creating cooler at "/mnt/storage3b/projects/no_ngsd/ahthapp1_T2T_ONT/analysis_other/porec/T2T11/cooler/tmpxpg7wikj.multi.cool::/530"
INFO:cooler.create:Writing chroms
INFO:cooler.create:Writing bins
INFO:cooler.create:Writing pixels
INFO:cooler.create:Writing indexes
INFO:cooler.create:Writing info
INFO:cooler.create:Writing chunk 531: /mnt/storage3b/projects/no_ngsd/ahthapp1_T2T_ONT/analysis_other/porec/T2T11/cooler/tmpxpg7wikj.multi.cool::531
INFO:cooler.create:Creating cooler at "/mnt/storage3b/projects/no_ngsd/ahthapp1_T2T_ONT/analysis_other/porec/T2T11/cooler/tmpxpg7wikj.multi.cool::/531"
INFO:cooler.create:Writing chroms
INFO:cooler.create:Writing bins
INFO:cooler.create:Writing pixels
INFO:cooler.create:Writing indexes
INFO:cooler.create:Writing info
INFO:cooler.create:Writing chunk 532: /mnt/storage3b/projects/no_ngsd/ahthapp1_T2T_ONT/analysis_other/porec/T2T11/cooler/tmpxpg7wikj.multi.cool::532
INFO:cooler.create:Creating cooler at "/mnt/storage3b/projects/no_ngsd/ahthapp1_T2T_ONT/analysis_other/porec/T2T11/cooler/tmpxpg7wikj.multi.cool::/532"
INFO:cooler.create:Writing chroms
INFO:cooler.create:Writing bins
INFO:cooler.create:Writing pixels
INFO:cooler.create:Writing indexes
INFO:cooler.create:Writing info
INFO:cooler.create:Writing chunk 533: /mnt/storage3b/projects/no_ngsd/ahthapp1_T2T_ONT/analysis_other/porec/T2T11/cooler/tmpxpg7wikj.multi.cool::533
INFO:cooler.create:Creating cooler at "/mnt/storage3b/projects/no_ngsd/ahthapp1_T2T_ONT/analysis_other/porec/T2T11/cooler/tmpxpg7wikj.multi.cool::/533"
INFO:cooler.create:Writing chroms
INFO:cooler.create:Writing bins
INFO:cooler.create:Writing pixels
INFO:cooler.create:Writing indexes
INFO:cooler.create:Writing info
INFO:cooler.create:Writing chunk 534: /mnt/storage3b/projects/no_ngsd/ahthapp1_T2T_ONT/analysis_other/porec/T2T11/cooler/tmpxpg7wikj.multi.cool::534
INFO:cooler.create:Creating cooler at "/mnt/storage3b/projects/no_ngsd/ahthapp1_T2T_ONT/analysis_other/porec/T2T11/cooler/tmpxpg7wikj.multi.cool::/534"
INFO:cooler.create:Writing chroms
INFO:cooler.create:Writing bins
INFO:cooler.create:Writing pixels
INFO:cooler.create:Writing indexes
INFO:cooler.create:Writing info
INFO:cooler.create:Writing chunk 535: /mnt/storage3b/projects/no_ngsd/ahthapp1_T2T_ONT/analysis_other/porec/T2T11/cooler/tmpxpg7wikj.multi.cool::535
INFO:cooler.create:Creating cooler at "/mnt/storage3b/projects/no_ngsd/ahthapp1_T2T_ONT/analysis_other/porec/T2T11/cooler/tmpxpg7wikj.multi.cool::/535"
INFO:cooler.create:Writing chroms
INFO:cooler.create:Writing bins
INFO:cooler.create:Writing pixels
INFO:cooler.create:Writing indexes
INFO:cooler.create:Writing info
INFO:cooler.create:Writing chunk 536: /mnt/storage3b/projects/no_ngsd/ahthapp1_T2T_ONT/analysis_other/porec/T2T11/cooler/tmpxpg7wikj.multi.cool::536
INFO:cooler.create:Creating cooler at "/mnt/storage3b/projects/no_ngsd/ahthapp1_T2T_ONT/analysis_other/porec/T2T11/cooler/tmpxpg7wikj.multi.cool::/536"
INFO:cooler.create:Writing chroms
INFO:cooler.create:Writing bins
INFO:cooler.create:Writing pixels
INFO:cooler.create:Writing indexes
INFO:cooler.create:Writing info
INFO:cooler.create:Writing chunk 537: /mnt/storage3b/projects/no_ngsd/ahthapp1_T2T_ONT/analysis_other/porec/T2T11/cooler/tmpxpg7wikj.multi.cool::537
INFO:cooler.create:Creating cooler at "/mnt/storage3b/projects/no_ngsd/ahthapp1_T2T_ONT/analysis_other/porec/T2T11/cooler/tmpxpg7wikj.multi.cool::/537"
INFO:cooler.create:Writing chroms
INFO:cooler.create:Writing bins
INFO:cooler.create:Writing pixels
INFO:cooler.create:Writing indexes
INFO:cooler.create:Writing info
INFO:cooler.create:Writing chunk 538: /mnt/storage3b/projects/no_ngsd/ahthapp1_T2T_ONT/analysis_other/porec/T2T11/cooler/tmpxpg7wikj.multi.cool::538
INFO:cooler.create:Creating cooler at "/mnt/storage3b/projects/no_ngsd/ahthapp1_T2T_ONT/analysis_other/porec/T2T11/cooler/tmpxpg7wikj.multi.cool::/538"
INFO:cooler.create:Writing chroms
INFO:cooler.create:Writing bins
INFO:cooler.create:Writing pixels
INFO:cooler.create:Writing indexes
INFO:cooler.create:Writing info
INFO:cooler.create:Writing chunk 539: /mnt/storage3b/projects/no_ngsd/ahthapp1_T2T_ONT/analysis_other/porec/T2T11/cooler/tmpxpg7wikj.multi.cool::539
INFO:cooler.create:Creating cooler at "/mnt/storage3b/projects/no_ngsd/ahthapp1_T2T_ONT/analysis_other/porec/T2T11/cooler/tmpxpg7wikj.multi.cool::/539"
INFO:cooler.create:Writing chroms
INFO:cooler.create:Writing bins
INFO:cooler.create:Writing pixels
INFO:cooler.create:Writing indexes
INFO:cooler.create:Writing info
INFO:cooler.create:Writing chunk 540: /mnt/storage3b/projects/no_ngsd/ahthapp1_T2T_ONT/analysis_other/porec/T2T11/cooler/tmpxpg7wikj.multi.cool::540
INFO:cooler.create:Creating cooler at "/mnt/storage3b/projects/no_ngsd/ahthapp1_T2T_ONT/analysis_other/porec/T2T11/cooler/tmpxpg7wikj.multi.cool::/540"
INFO:cooler.create:Writing chroms
INFO:cooler.create:Writing bins
INFO:cooler.create:Writing pixels
INFO:cooler.create:Writing indexes
INFO:cooler.create:Writing info
INFO:cooler.create:Writing chunk 541: /mnt/storage3b/projects/no_ngsd/ahthapp1_T2T_ONT/analysis_other/porec/T2T11/cooler/tmpxpg7wikj.multi.cool::541
INFO:cooler.create:Creating cooler at "/mnt/storage3b/projects/no_ngsd/ahthapp1_T2T_ONT/analysis_other/porec/T2T11/cooler/tmpxpg7wikj.multi.cool::/541"
INFO:cooler.create:Writing chroms
INFO:cooler.create:Writing bins
INFO:cooler.create:Writing pixels
INFO:cooler.create:Writing indexes
INFO:cooler.create:Writing info
INFO:cooler.create:Writing chunk 542: /mnt/storage3b/projects/no_ngsd/ahthapp1_T2T_ONT/analysis_other/porec/T2T11/cooler/tmpxpg7wikj.multi.cool::542
INFO:cooler.create:Creating cooler at "/mnt/storage3b/projects/no_ngsd/ahthapp1_T2T_ONT/analysis_other/porec/T2T11/cooler/tmpxpg7wikj.multi.cool::/542"
INFO:cooler.create:Writing chroms
INFO:cooler.create:Writing bins
INFO:cooler.create:Writing pixels
INFO:cooler.create:Writing indexes
INFO:cooler.create:Writing info
INFO:cooler.create:Writing chunk 543: /mnt/storage3b/projects/no_ngsd/ahthapp1_T2T_ONT/analysis_other/porec/T2T11/cooler/tmpxpg7wikj.multi.cool::543
INFO:cooler.create:Creating cooler at "/mnt/storage3b/projects/no_ngsd/ahthapp1_T2T_ONT/analysis_other/porec/T2T11/cooler/tmpxpg7wikj.multi.cool::/543"
INFO:cooler.create:Writing chroms
INFO:cooler.create:Writing bins
INFO:cooler.create:Writing pixels
INFO:cooler.create:Writing indexes
INFO:cooler.create:Writing info
INFO:cooler.create:Writing chunk 544: /mnt/storage3b/projects/no_ngsd/ahthapp1_T2T_ONT/analysis_other/porec/T2T11/cooler/tmpxpg7wikj.multi.cool::544
INFO:cooler.create:Creating cooler at "/mnt/storage3b/projects/no_ngsd/ahthapp1_T2T_ONT/analysis_other/porec/T2T11/cooler/tmpxpg7wikj.multi.cool::/544"
INFO:cooler.create:Writing chroms
INFO:cooler.create:Writing bins
INFO:cooler.create:Writing pixels
INFO:cooler.create:Writing indexes
INFO:cooler.create:Writing info
INFO:cooler.create:Writing chunk 545: /mnt/storage3b/projects/no_ngsd/ahthapp1_T2T_ONT/analysis_other/porec/T2T11/cooler/tmpxpg7wikj.multi.cool::545
INFO:cooler.create:Creating cooler at "/mnt/storage3b/projects/no_ngsd/ahthapp1_T2T_ONT/analysis_other/porec/T2T11/cooler/tmpxpg7wikj.multi.cool::/545"
INFO:cooler.create:Writing chroms
INFO:cooler.create:Writing bins
INFO:cooler.create:Writing pixels
INFO:cooler.create:Writing indexes
INFO:cooler.create:Writing info
INFO:cooler.create:Writing chunk 546: /mnt/storage3b/projects/no_ngsd/ahthapp1_T2T_ONT/analysis_other/porec/T2T11/cooler/tmpxpg7wikj.multi.cool::546
INFO:cooler.create:Creating cooler at "/mnt/storage3b/projects/no_ngsd/ahthapp1_T2T_ONT/analysis_other/porec/T2T11/cooler/tmpxpg7wikj.multi.cool::/546"
INFO:cooler.create:Writing chroms
INFO:cooler.create:Writing bins
INFO:cooler.create:Writing pixels
INFO:cooler.create:Writing indexes
INFO:cooler.create:Writing info
INFO:cooler.create:Writing chunk 547: /mnt/storage3b/projects/no_ngsd/ahthapp1_T2T_ONT/analysis_other/porec/T2T11/cooler/tmpxpg7wikj.multi.cool::547
INFO:cooler.create:Creating cooler at "/mnt/storage3b/projects/no_ngsd/ahthapp1_T2T_ONT/analysis_other/porec/T2T11/cooler/tmpxpg7wikj.multi.cool::/547"
INFO:cooler.create:Writing chroms
INFO:cooler.create:Writing bins
INFO:cooler.create:Writing pixels
INFO:cooler.create:Writing indexes
INFO:cooler.create:Writing info
INFO:cooler.create:Writing chunk 548: /mnt/storage3b/projects/no_ngsd/ahthapp1_T2T_ONT/analysis_other/porec/T2T11/cooler/tmpxpg7wikj.multi.cool::548
INFO:cooler.create:Creating cooler at "/mnt/storage3b/projects/no_ngsd/ahthapp1_T2T_ONT/analysis_other/porec/T2T11/cooler/tmpxpg7wikj.multi.cool::/548"
INFO:cooler.create:Writing chroms
INFO:cooler.create:Writing bins
INFO:cooler.create:Writing pixels
INFO:cooler.create:Writing indexes
INFO:cooler.create:Writing info
INFO:cooler.create:Writing chunk 549: /mnt/storage3b/projects/no_ngsd/ahthapp1_T2T_ONT/analysis_other/porec/T2T11/cooler/tmpxpg7wikj.multi.cool::549
INFO:cooler.create:Creating cooler at "/mnt/storage3b/projects/no_ngsd/ahthapp1_T2T_ONT/analysis_other/porec/T2T11/cooler/tmpxpg7wikj.multi.cool::/549"
INFO:cooler.create:Writing chroms
INFO:cooler.create:Writing bins
INFO:cooler.create:Writing pixels
INFO:cooler.create:Writing indexes
INFO:cooler.create:Writing info
INFO:cooler.create:Writing chunk 550: /mnt/storage3b/projects/no_ngsd/ahthapp1_T2T_ONT/analysis_other/porec/T2T11/cooler/tmpxpg7wikj.multi.cool::550
INFO:cooler.create:Creating cooler at "/mnt/storage3b/projects/no_ngsd/ahthapp1_T2T_ONT/analysis_other/porec/T2T11/cooler/tmpxpg7wikj.multi.cool::/550"
INFO:cooler.create:Writing chroms
INFO:cooler.create:Writing bins
INFO:cooler.create:Writing pixels
INFO:cooler.create:Writing indexes
INFO:cooler.create:Writing info
INFO:cooler.create:Writing chunk 551: /mnt/storage3b/projects/no_ngsd/ahthapp1_T2T_ONT/analysis_other/porec/T2T11/cooler/tmpxpg7wikj.multi.cool::551
INFO:cooler.create:Creating cooler at "/mnt/storage3b/projects/no_ngsd/ahthapp1_T2T_ONT/analysis_other/porec/T2T11/cooler/tmpxpg7wikj.multi.cool::/551"
INFO:cooler.create:Writing chroms
INFO:cooler.create:Writing bins
INFO:cooler.create:Writing pixels
INFO:cooler.create:Writing indexes
INFO:cooler.create:Writing info
INFO:cooler.create:Writing chunk 552: /mnt/storage3b/projects/no_ngsd/ahthapp1_T2T_ONT/analysis_other/porec/T2T11/cooler/tmpxpg7wikj.multi.cool::552
INFO:cooler.create:Creating cooler at "/mnt/storage3b/projects/no_ngsd/ahthapp1_T2T_ONT/analysis_other/porec/T2T11/cooler/tmpxpg7wikj.multi.cool::/552"
INFO:cooler.create:Writing chroms
INFO:cooler.create:Writing bins
INFO:cooler.create:Writing pixels
INFO:cooler.create:Writing indexes
INFO:cooler.create:Writing info
INFO:cooler.create:Writing chunk 553: /mnt/storage3b/projects/no_ngsd/ahthapp1_T2T_ONT/analysis_other/porec/T2T11/cooler/tmpxpg7wikj.multi.cool::553
INFO:cooler.create:Creating cooler at "/mnt/storage3b/projects/no_ngsd/ahthapp1_T2T_ONT/analysis_other/porec/T2T11/cooler/tmpxpg7wikj.multi.cool::/553"
INFO:cooler.create:Writing chroms
INFO:cooler.create:Writing bins
INFO:cooler.create:Writing pixels
INFO:cooler.create:Writing indexes
INFO:cooler.create:Writing info
INFO:cooler.create:Writing chunk 554: /mnt/storage3b/projects/no_ngsd/ahthapp1_T2T_ONT/analysis_other/porec/T2T11/cooler/tmpxpg7wikj.multi.cool::554
INFO:cooler.create:Creating cooler at "/mnt/storage3b/projects/no_ngsd/ahthapp1_T2T_ONT/analysis_other/porec/T2T11/cooler/tmpxpg7wikj.multi.cool::/554"
INFO:cooler.create:Writing chroms
INFO:cooler.create:Writing bins
INFO:cooler.create:Writing pixels
INFO:cooler.create:Writing indexes
INFO:cooler.create:Writing info
INFO:cooler.create:Writing chunk 555: /mnt/storage3b/projects/no_ngsd/ahthapp1_T2T_ONT/analysis_other/porec/T2T11/cooler/tmpxpg7wikj.multi.cool::555
INFO:cooler.create:Creating cooler at "/mnt/storage3b/projects/no_ngsd/ahthapp1_T2T_ONT/analysis_other/porec/T2T11/cooler/tmpxpg7wikj.multi.cool::/555"
INFO:cooler.create:Writing chroms
INFO:cooler.create:Writing bins
INFO:cooler.create:Writing pixels
INFO:cooler.create:Writing indexes
INFO:cooler.create:Writing info
INFO:cooler.create:Writing chunk 556: /mnt/storage3b/projects/no_ngsd/ahthapp1_T2T_ONT/analysis_other/porec/T2T11/cooler/tmpxpg7wikj.multi.cool::556
INFO:cooler.create:Creating cooler at "/mnt/storage3b/projects/no_ngsd/ahthapp1_T2T_ONT/analysis_other/porec/T2T11/cooler/tmpxpg7wikj.multi.cool::/556"
INFO:cooler.create:Writing chroms
INFO:cooler.create:Writing bins
INFO:cooler.create:Writing pixels
INFO:cooler.create:Writing indexes
INFO:cooler.create:Writing info
INFO:cooler.create:Writing chunk 557: /mnt/storage3b/projects/no_ngsd/ahthapp1_T2T_ONT/analysis_other/porec/T2T11/cooler/tmpxpg7wikj.multi.cool::557
INFO:cooler.create:Creating cooler at "/mnt/storage3b/projects/no_ngsd/ahthapp1_T2T_ONT/analysis_other/porec/T2T11/cooler/tmpxpg7wikj.multi.cool::/557"
INFO:cooler.create:Writing chroms
INFO:cooler.create:Writing bins
INFO:cooler.create:Writing pixels
INFO:cooler.create:Writing indexes
INFO:cooler.create:Writing info
INFO:cooler.create:Writing chunk 558: /mnt/storage3b/projects/no_ngsd/ahthapp1_T2T_ONT/analysis_other/porec/T2T11/cooler/tmpxpg7wikj.multi.cool::558
INFO:cooler.create:Creating cooler at "/mnt/storage3b/projects/no_ngsd/ahthapp1_T2T_ONT/analysis_other/porec/T2T11/cooler/tmpxpg7wikj.multi.cool::/558"
INFO:cooler.create:Writing chroms
INFO:cooler.create:Writing bins
INFO:cooler.create:Writing pixels
INFO:cooler.create:Writing indexes
INFO:cooler.create:Writing info
INFO:cooler.create:Writing chunk 559: /mnt/storage3b/projects/no_ngsd/ahthapp1_T2T_ONT/analysis_other/porec/T2T11/cooler/tmpxpg7wikj.multi.cool::559
INFO:cooler.create:Creating cooler at "/mnt/storage3b/projects/no_ngsd/ahthapp1_T2T_ONT/analysis_other/porec/T2T11/cooler/tmpxpg7wikj.multi.cool::/559"
INFO:cooler.create:Writing chroms
INFO:cooler.create:Writing bins
INFO:cooler.create:Writing pixels
INFO:cooler.create:Writing indexes
INFO:cooler.create:Writing info
INFO:cooler.create:Writing chunk 560: /mnt/storage3b/projects/no_ngsd/ahthapp1_T2T_ONT/analysis_other/porec/T2T11/cooler/tmpxpg7wikj.multi.cool::560
INFO:cooler.create:Creating cooler at "/mnt/storage3b/projects/no_ngsd/ahthapp1_T2T_ONT/analysis_other/porec/T2T11/cooler/tmpxpg7wikj.multi.cool::/560"
INFO:cooler.create:Writing chroms
INFO:cooler.create:Writing bins
INFO:cooler.create:Writing pixels
INFO:cooler.create:Writing indexes
INFO:cooler.create:Writing info
INFO:cooler.create:Writing chunk 561: /mnt/storage3b/projects/no_ngsd/ahthapp1_T2T_ONT/analysis_other/porec/T2T11/cooler/tmpxpg7wikj.multi.cool::561
INFO:cooler.create:Creating cooler at "/mnt/storage3b/projects/no_ngsd/ahthapp1_T2T_ONT/analysis_other/porec/T2T11/cooler/tmpxpg7wikj.multi.cool::/561"
INFO:cooler.create:Writing chroms
INFO:cooler.create:Writing bins
INFO:cooler.create:Writing pixels
INFO:cooler.create:Writing indexes
INFO:cooler.create:Writing info
INFO:cooler.create:Writing chunk 562: /mnt/storage3b/projects/no_ngsd/ahthapp1_T2T_ONT/analysis_other/porec/T2T11/cooler/tmpxpg7wikj.multi.cool::562
INFO:cooler.create:Creating cooler at "/mnt/storage3b/projects/no_ngsd/ahthapp1_T2T_ONT/analysis_other/porec/T2T11/cooler/tmpxpg7wikj.multi.cool::/562"
INFO:cooler.create:Writing chroms
INFO:cooler.create:Writing bins
INFO:cooler.create:Writing pixels
INFO:cooler.create:Writing indexes
INFO:cooler.create:Writing info
INFO:cooler.create:Writing chunk 563: /mnt/storage3b/projects/no_ngsd/ahthapp1_T2T_ONT/analysis_other/porec/T2T11/cooler/tmpxpg7wikj.multi.cool::563
INFO:cooler.create:Creating cooler at "/mnt/storage3b/projects/no_ngsd/ahthapp1_T2T_ONT/analysis_other/porec/T2T11/cooler/tmpxpg7wikj.multi.cool::/563"
INFO:cooler.create:Writing chroms
INFO:cooler.create:Writing bins
INFO:cooler.create:Writing pixels
INFO:cooler.create:Writing indexes
INFO:cooler.create:Writing info
INFO:cooler.create:Writing chunk 564: /mnt/storage3b/projects/no_ngsd/ahthapp1_T2T_ONT/analysis_other/porec/T2T11/cooler/tmpxpg7wikj.multi.cool::564
INFO:cooler.create:Creating cooler at "/mnt/storage3b/projects/no_ngsd/ahthapp1_T2T_ONT/analysis_other/porec/T2T11/cooler/tmpxpg7wikj.multi.cool::/564"
INFO:cooler.create:Writing chroms
INFO:cooler.create:Writing bins
INFO:cooler.create:Writing pixels
INFO:cooler.create:Writing indexes
INFO:cooler.create:Writing info
INFO:cooler.create:Writing chunk 565: /mnt/storage3b/projects/no_ngsd/ahthapp1_T2T_ONT/analysis_other/porec/T2T11/cooler/tmpxpg7wikj.multi.cool::565
INFO:cooler.create:Creating cooler at "/mnt/storage3b/projects/no_ngsd/ahthapp1_T2T_ONT/analysis_other/porec/T2T11/cooler/tmpxpg7wikj.multi.cool::/565"
INFO:cooler.create:Writing chroms
INFO:cooler.create:Writing bins
INFO:cooler.create:Writing pixels
INFO:cooler.create:Writing indexes
INFO:cooler.create:Writing info
INFO:cooler.create:Writing chunk 566: /mnt/storage3b/projects/no_ngsd/ahthapp1_T2T_ONT/analysis_other/porec/T2T11/cooler/tmpxpg7wikj.multi.cool::566
INFO:cooler.create:Creating cooler at "/mnt/storage3b/projects/no_ngsd/ahthapp1_T2T_ONT/analysis_other/porec/T2T11/cooler/tmpxpg7wikj.multi.cool::/566"
INFO:cooler.create:Writing chroms
INFO:cooler.create:Writing bins
INFO:cooler.create:Writing pixels
INFO:cooler.create:Writing indexes
INFO:cooler.create:Writing info
INFO:cooler.create:Writing chunk 567: /mnt/storage3b/projects/no_ngsd/ahthapp1_T2T_ONT/analysis_other/porec/T2T11/cooler/tmpxpg7wikj.multi.cool::567
INFO:cooler.create:Creating cooler at "/mnt/storage3b/projects/no_ngsd/ahthapp1_T2T_ONT/analysis_other/porec/T2T11/cooler/tmpxpg7wikj.multi.cool::/567"
INFO:cooler.create:Writing chroms
INFO:cooler.create:Writing bins
INFO:cooler.create:Writing pixels
INFO:cooler.create:Writing indexes
INFO:cooler.create:Writing info
INFO:cooler.create:Writing chunk 568: /mnt/storage3b/projects/no_ngsd/ahthapp1_T2T_ONT/analysis_other/porec/T2T11/cooler/tmpxpg7wikj.multi.cool::568
INFO:cooler.create:Creating cooler at "/mnt/storage3b/projects/no_ngsd/ahthapp1_T2T_ONT/analysis_other/porec/T2T11/cooler/tmpxpg7wikj.multi.cool::/568"
INFO:cooler.create:Writing chroms
INFO:cooler.create:Writing bins
INFO:cooler.create:Writing pixels
INFO:cooler.create:Writing indexes
INFO:cooler.create:Writing info
INFO:cooler.create:Writing chunk 569: /mnt/storage3b/projects/no_ngsd/ahthapp1_T2T_ONT/analysis_other/porec/T2T11/cooler/tmpxpg7wikj.multi.cool::569
INFO:cooler.create:Creating cooler at "/mnt/storage3b/projects/no_ngsd/ahthapp1_T2T_ONT/analysis_other/porec/T2T11/cooler/tmpxpg7wikj.multi.cool::/569"
INFO:cooler.create:Writing chroms
INFO:cooler.create:Writing bins
INFO:cooler.create:Writing pixels
INFO:cooler.create:Writing indexes
INFO:cooler.create:Writing info
INFO:cooler.create:Writing chunk 570: /mnt/storage3b/projects/no_ngsd/ahthapp1_T2T_ONT/analysis_other/porec/T2T11/cooler/tmpxpg7wikj.multi.cool::570
INFO:cooler.create:Creating cooler at "/mnt/storage3b/projects/no_ngsd/ahthapp1_T2T_ONT/analysis_other/porec/T2T11/cooler/tmpxpg7wikj.multi.cool::/570"
INFO:cooler.create:Writing chroms
INFO:cooler.create:Writing bins
INFO:cooler.create:Writing pixels
INFO:cooler.create:Writing indexes
INFO:cooler.create:Writing info
INFO:cooler.create:Writing chunk 571: /mnt/storage3b/projects/no_ngsd/ahthapp1_T2T_ONT/analysis_other/porec/T2T11/cooler/tmpxpg7wikj.multi.cool::571
INFO:cooler.create:Creating cooler at "/mnt/storage3b/projects/no_ngsd/ahthapp1_T2T_ONT/analysis_other/porec/T2T11/cooler/tmpxpg7wikj.multi.cool::/571"
INFO:cooler.create:Writing chroms
INFO:cooler.create:Writing bins
INFO:cooler.create:Writing pixels
INFO:cooler.create:Writing indexes
INFO:cooler.create:Writing info
INFO:cooler.create:Writing chunk 572: /mnt/storage3b/projects/no_ngsd/ahthapp1_T2T_ONT/analysis_other/porec/T2T11/cooler/tmpxpg7wikj.multi.cool::572
INFO:cooler.create:Creating cooler at "/mnt/storage3b/projects/no_ngsd/ahthapp1_T2T_ONT/analysis_other/porec/T2T11/cooler/tmpxpg7wikj.multi.cool::/572"
INFO:cooler.create:Writing chroms
INFO:cooler.create:Writing bins
INFO:cooler.create:Writing pixels
INFO:cooler.create:Writing indexes
INFO:cooler.create:Writing info
INFO:cooler.create:Writing chunk 573: /mnt/storage3b/projects/no_ngsd/ahthapp1_T2T_ONT/analysis_other/porec/T2T11/cooler/tmpxpg7wikj.multi.cool::573
INFO:cooler.create:Creating cooler at "/mnt/storage3b/projects/no_ngsd/ahthapp1_T2T_ONT/analysis_other/porec/T2T11/cooler/tmpxpg7wikj.multi.cool::/573"
INFO:cooler.create:Writing chroms
INFO:cooler.create:Writing bins
INFO:cooler.create:Writing pixels
INFO:cooler.create:Writing indexes
INFO:cooler.create:Writing info
INFO:cooler.create:Writing chunk 574: /mnt/storage3b/projects/no_ngsd/ahthapp1_T2T_ONT/analysis_other/porec/T2T11/cooler/tmpxpg7wikj.multi.cool::574
INFO:cooler.create:Creating cooler at "/mnt/storage3b/projects/no_ngsd/ahthapp1_T2T_ONT/analysis_other/porec/T2T11/cooler/tmpxpg7wikj.multi.cool::/574"
INFO:cooler.create:Writing chroms
INFO:cooler.create:Writing bins
INFO:cooler.create:Writing pixels
INFO:cooler.create:Writing indexes
INFO:cooler.create:Writing info
INFO:cooler.create:Writing chunk 575: /mnt/storage3b/projects/no_ngsd/ahthapp1_T2T_ONT/analysis_other/porec/T2T11/cooler/tmpxpg7wikj.multi.cool::575
INFO:cooler.create:Creating cooler at "/mnt/storage3b/projects/no_ngsd/ahthapp1_T2T_ONT/analysis_other/porec/T2T11/cooler/tmpxpg7wikj.multi.cool::/575"
INFO:cooler.create:Writing chroms
INFO:cooler.create:Writing bins
INFO:cooler.create:Writing pixels
INFO:cooler.create:Writing indexes
INFO:cooler.create:Writing info
INFO:cooler.create:Writing chunk 576: /mnt/storage3b/projects/no_ngsd/ahthapp1_T2T_ONT/analysis_other/porec/T2T11/cooler/tmpxpg7wikj.multi.cool::576
INFO:cooler.create:Creating cooler at "/mnt/storage3b/projects/no_ngsd/ahthapp1_T2T_ONT/analysis_other/porec/T2T11/cooler/tmpxpg7wikj.multi.cool::/576"
INFO:cooler.create:Writing chroms
INFO:cooler.create:Writing bins
INFO:cooler.create:Writing pixels
INFO:cooler.create:Writing indexes
INFO:cooler.create:Writing info
INFO:cooler.create:Writing chunk 577: /mnt/storage3b/projects/no_ngsd/ahthapp1_T2T_ONT/analysis_other/porec/T2T11/cooler/tmpxpg7wikj.multi.cool::577
INFO:cooler.create:Creating cooler at "/mnt/storage3b/projects/no_ngsd/ahthapp1_T2T_ONT/analysis_other/porec/T2T11/cooler/tmpxpg7wikj.multi.cool::/577"
INFO:cooler.create:Writing chroms
INFO:cooler.create:Writing bins
INFO:cooler.create:Writing pixels
INFO:cooler.create:Writing indexes
INFO:cooler.create:Writing info
INFO:cooler.create:Writing chunk 578: /mnt/storage3b/projects/no_ngsd/ahthapp1_T2T_ONT/analysis_other/porec/T2T11/cooler/tmpxpg7wikj.multi.cool::578
INFO:cooler.create:Creating cooler at "/mnt/storage3b/projects/no_ngsd/ahthapp1_T2T_ONT/analysis_other/porec/T2T11/cooler/tmpxpg7wikj.multi.cool::/578"
INFO:cooler.create:Writing chroms
INFO:cooler.create:Writing bins
INFO:cooler.create:Writing pixels
INFO:cooler.create:Writing indexes
INFO:cooler.create:Writing info
INFO:cooler.create:Writing chunk 579: /mnt/storage3b/projects/no_ngsd/ahthapp1_T2T_ONT/analysis_other/porec/T2T11/cooler/tmpxpg7wikj.multi.cool::579
INFO:cooler.create:Creating cooler at "/mnt/storage3b/projects/no_ngsd/ahthapp1_T2T_ONT/analysis_other/porec/T2T11/cooler/tmpxpg7wikj.multi.cool::/579"
INFO:cooler.create:Writing chroms
INFO:cooler.create:Writing bins
INFO:cooler.create:Writing pixels
INFO:cooler.create:Writing indexes
INFO:cooler.create:Writing info
INFO:cooler.create:Writing chunk 580: /mnt/storage3b/projects/no_ngsd/ahthapp1_T2T_ONT/analysis_other/porec/T2T11/cooler/tmpxpg7wikj.multi.cool::580
INFO:cooler.create:Creating cooler at "/mnt/storage3b/projects/no_ngsd/ahthapp1_T2T_ONT/analysis_other/porec/T2T11/cooler/tmpxpg7wikj.multi.cool::/580"
INFO:cooler.create:Writing chroms
INFO:cooler.create:Writing bins
INFO:cooler.create:Writing pixels
INFO:cooler.create:Writing indexes
INFO:cooler.create:Writing info
INFO:cooler.create:Writing chunk 581: /mnt/storage3b/projects/no_ngsd/ahthapp1_T2T_ONT/analysis_other/porec/T2T11/cooler/tmpxpg7wikj.multi.cool::581
INFO:cooler.create:Creating cooler at "/mnt/storage3b/projects/no_ngsd/ahthapp1_T2T_ONT/analysis_other/porec/T2T11/cooler/tmpxpg7wikj.multi.cool::/581"
INFO:cooler.create:Writing chroms
INFO:cooler.create:Writing bins
INFO:cooler.create:Writing pixels
INFO:cooler.create:Writing indexes
INFO:cooler.create:Writing info
INFO:cooler.create:Writing chunk 582: /mnt/storage3b/projects/no_ngsd/ahthapp1_T2T_ONT/analysis_other/porec/T2T11/cooler/tmpxpg7wikj.multi.cool::582
INFO:cooler.create:Creating cooler at "/mnt/storage3b/projects/no_ngsd/ahthapp1_T2T_ONT/analysis_other/porec/T2T11/cooler/tmpxpg7wikj.multi.cool::/582"
INFO:cooler.create:Writing chroms
INFO:cooler.create:Writing bins
INFO:cooler.create:Writing pixels
INFO:cooler.create:Writing indexes
INFO:cooler.create:Writing info
INFO:cooler.create:Writing chunk 583: /mnt/storage3b/projects/no_ngsd/ahthapp1_T2T_ONT/analysis_other/porec/T2T11/cooler/tmpxpg7wikj.multi.cool::583
INFO:cooler.create:Creating cooler at "/mnt/storage3b/projects/no_ngsd/ahthapp1_T2T_ONT/analysis_other/porec/T2T11/cooler/tmpxpg7wikj.multi.cool::/583"
INFO:cooler.create:Writing chroms
INFO:cooler.create:Writing bins
INFO:cooler.create:Writing pixels
INFO:cooler.create:Writing indexes
INFO:cooler.create:Writing info
INFO:cooler.create:Writing chunk 584: /mnt/storage3b/projects/no_ngsd/ahthapp1_T2T_ONT/analysis_other/porec/T2T11/cooler/tmpxpg7wikj.multi.cool::584
INFO:cooler.create:Creating cooler at "/mnt/storage3b/projects/no_ngsd/ahthapp1_T2T_ONT/analysis_other/porec/T2T11/cooler/tmpxpg7wikj.multi.cool::/584"
INFO:cooler.create:Writing chroms
INFO:cooler.create:Writing bins
INFO:cooler.create:Writing pixels
INFO:cooler.create:Writing indexes
INFO:cooler.create:Writing info
INFO:cooler.create:Writing chunk 585: /mnt/storage3b/projects/no_ngsd/ahthapp1_T2T_ONT/analysis_other/porec/T2T11/cooler/tmpxpg7wikj.multi.cool::585
INFO:cooler.create:Creating cooler at "/mnt/storage3b/projects/no_ngsd/ahthapp1_T2T_ONT/analysis_other/porec/T2T11/cooler/tmpxpg7wikj.multi.cool::/585"
INFO:cooler.create:Writing chroms
INFO:cooler.create:Writing bins
INFO:cooler.create:Writing pixels
INFO:cooler.create:Writing indexes
INFO:cooler.create:Writing info
INFO:cooler.create:Writing chunk 586: /mnt/storage3b/projects/no_ngsd/ahthapp1_T2T_ONT/analysis_other/porec/T2T11/cooler/tmpxpg7wikj.multi.cool::586
INFO:cooler.create:Creating cooler at "/mnt/storage3b/projects/no_ngsd/ahthapp1_T2T_ONT/analysis_other/porec/T2T11/cooler/tmpxpg7wikj.multi.cool::/586"
INFO:cooler.create:Writing chroms
INFO:cooler.create:Writing bins
INFO:cooler.create:Writing pixels
INFO:cooler.create:Writing indexes
INFO:cooler.create:Writing info
INFO:cooler.create:Writing chunk 587: /mnt/storage3b/projects/no_ngsd/ahthapp1_T2T_ONT/analysis_other/porec/T2T11/cooler/tmpxpg7wikj.multi.cool::587
INFO:cooler.create:Creating cooler at "/mnt/storage3b/projects/no_ngsd/ahthapp1_T2T_ONT/analysis_other/porec/T2T11/cooler/tmpxpg7wikj.multi.cool::/587"
INFO:cooler.create:Writing chroms
INFO:cooler.create:Writing bins
INFO:cooler.create:Writing pixels
INFO:cooler.create:Writing indexes
INFO:cooler.create:Writing info
INFO:cooler.create:Merging chunks 0-25: /mnt/storage3b/projects/no_ngsd/ahthapp1_T2T_ONT/analysis_other/porec/T2T11/cooler/tmpr371mk90.multi.cool::0-25
INFO:cooler.create:Creating cooler at "/mnt/storage3b/projects/no_ngsd/ahthapp1_T2T_ONT/analysis_other/porec/T2T11/cooler/tmpr371mk90.multi.cool::/0-25"
INFO:cooler.create:Writing chroms
INFO:cooler.create:Writing bins
INFO:cooler.create:Writing pixels
INFO:cooler._reduce:n_merge_epochs: 7
INFO:cooler._reduce:nnzs: [4037869, 4063985, 4185602, 4169933, 4028892, 4026391, 4068748, 4033495, 4033586, 4014946, 3977291, 4005701, 3991490, 4048824, 4028330, 4038157, 4034590, 4038138, 4019011, 4034298, 4007654, 3848683, 3977973, 4040743, 4073961]
INFO:cooler._reduce:records consumed: [np.int64(600756), np.int64(608361), np.int64(622189), np.int64(631547), np.int64(599960), np.int64(594387), np.int64(602677), np.int64(603036), np.int64(594878), np.int64(600660), np.int64(594730), np.int64(604554), np.int64(584542), np.int64(593556), np.int64(590574), np.int64(599415), np.int64(600541), np.int64(587028), np.int64(605161), np.int64(602046), np.int64(602686), np.int64(576928), np.int64(586279), np.int64(604023), np.int64(614142)]
INFO:cooler._reduce:records consumed: [np.int64(1200027), np.int64(1208028), np.int64(1250807), np.int64(1262718), np.int64(1194989), np.int64(1187521), np.int64(1208833), np.int64(1201943), np.int64(1201703), np.int64(1186849), np.int64(1197170), np.int64(1203432), np.int64(1185702), np.int64(1193616), np.int64(1180752), np.int64(1194122), np.int64(1208500), np.int64(1201137), np.int64(1200466), np.int64(1196601), np.int64(1190096), np.int64(1144478), np.int64(1176896), np.int64(1209023), np.int64(1225094)]
INFO:cooler._reduce:records consumed: [np.int64(1798704), np.int64(1811925), np.int64(1883927), np.int64(1882685), np.int64(1795366), np.int64(1789399), np.int64(1809418), np.int64(1802096), np.int64(1803572), np.int64(1779289), np.int64(1786541), np.int64(1793775), np.int64(1785397), np.int64(1795249), np.int64(1788970), np.int64(1794093), np.int64(1801832), np.int64(1804015), np.int64(1795341), np.int64(1796026), np.int64(1784624), np.int64(1719506), np.int64(1771828), np.int64(1813076), np.int64(1826294)]
INFO:cooler._reduce:records consumed: [np.int64(2400293), np.int64(2417734), np.int64(2512019), np.int64(2504151), np.int64(2393167), np.int64(2391495), np.int64(2416937), np.int64(2394786), np.int64(2399981), np.int64(2374159), np.int64(2381117), np.int64(2378425), np.int64(2381680), np.int64(2400933), np.int64(2398885), np.int64(2394140), np.int64(2395381), np.int64(2402931), np.int64(2394984), np.int64(2394874), np.int64(2381094), np.int64(2288570), np.int64(2369688), np.int64(2419285), np.int64(2427940)]
INFO:cooler._reduce:records consumed: [np.int64(3002789), np.int64(3016312), np.int64(3134285), np.int64(3127509), np.int64(3000960), np.int64(2996435), np.int64(3023504), np.int64(2997883), np.int64(2998410), np.int64(2978452), np.int64(2971203), np.int64(2972840), np.int64(2975744), np.int64(3004807), np.int64(2999118), np.int64(2990103), np.int64(2999518), np.int64(3003198), np.int64(2992014), np.int64(2999911), np.int64(2973170), np.int64(2857195), np.int64(2957401), np.int64(3011176), np.int64(3032475)]
INFO:cooler._reduce:records consumed: [np.int64(3603076), np.int64(3619609), np.int64(3750928), np.int64(3740220), np.int64(3595918), np.int64(3594208), np.int64(3629660), np.int64(3600892), np.int64(3603463), np.int64(3581563), np.int64(3554123), np.int64(3568207), np.int64(3560608), np.int64(3606991), np.int64(3601667), np.int64(3601056), np.int64(3603134), np.int64(3608164), np.int64(3591563), np.int64(3597395), np.int64(3579202), np.int64(3433217), np.int64(3547061), np.int64(3608453), np.int64(3636259)]
INFO:cooler._reduce:records consumed: [np.int64(4037869), np.int64(4063985), np.int64(4185602), np.int64(4169933), np.int64(4028892), np.int64(4026391), np.int64(4068748), np.int64(4033495), np.int64(4033586), np.int64(4014946), np.int64(3977291), np.int64(4005701), np.int64(3991490), np.int64(4048824), np.int64(4028330), np.int64(4038157), np.int64(4034590), np.int64(4038138), np.int64(4019011), np.int64(4034298), np.int64(4007654), np.int64(3848683), np.int64(3977973), np.int64(4040743), np.int64(4073961)]
INFO:cooler.create:Writing indexes
INFO:cooler.create:Writing info
INFO:cooler.create:Merging chunks 25-51: /mnt/storage3b/projects/no_ngsd/ahthapp1_T2T_ONT/analysis_other/porec/T2T11/cooler/tmpr371mk90.multi.cool::25-51
INFO:cooler.create:Creating cooler at "/mnt/storage3b/projects/no_ngsd/ahthapp1_T2T_ONT/analysis_other/porec/T2T11/cooler/tmpr371mk90.multi.cool::/25-51"
INFO:cooler.create:Writing chroms
INFO:cooler.create:Writing bins
INFO:cooler.create:Writing pixels
INFO:cooler._reduce:n_merge_epochs: 8
INFO:cooler._reduce:nnzs: [4073680, 4077872, 4083338, 4091208, 4096485, 4084225, 4052309, 4060437, 4065115, 4062579, 4097833, 4094024, 4060785, 4076789, 4104935, 4077400, 4087507, 4099766, 4083319, 4089468, 4076007, 4043936, 4010382, 3928086, 4086953, 4078951]
INFO:cooler._reduce:records consumed: [np.int64(572026), np.int64(579975), np.int64(580222), np.int64(574290), np.int64(594063), np.int64(578955), np.int64(569128), np.int64(577033), np.int64(572488), np.int64(571731), np.int64(573926), np.int64(572492), np.int64(570223), np.int64(579314), np.int64(583677), np.int64(581468), np.int64(587370), np.int64(596592), np.int64(580044), np.int64(576773), np.int64(574861), np.int64(577581), np.int64(581603), np.int64(550401), np.int64(571231), np.int64(575951)]
INFO:cooler._reduce:records consumed: [np.int64(1150321), np.int64(1158766), np.int64(1165845), np.int64(1151436), np.int64(1167453), np.int64(1159211), np.int64(1141330), np.int64(1156684), np.int64(1153266), np.int64(1147045), np.int64(1156680), np.int64(1153962), np.int64(1149292), np.int64(1162354), np.int64(1159017), np.int64(1163816), np.int64(1161175), np.int64(1182657), np.int64(1158478), np.int64(1146528), np.int64(1151453), np.int64(1153917), np.int64(1143915), np.int64(1112773), np.int64(1142888), np.int64(1153870)]
INFO:cooler._reduce:records consumed: [np.int64(1719364), np.int64(1730189), np.int64(1736851), np.int64(1728524), np.int64(1762836), np.int64(1756228), np.int64(1716914), np.int64(1725503), np.int64(1735210), np.int64(1717830), np.int64(1739619), np.int64(1734078), np.int64(1723645), np.int64(1743215), np.int64(1743494), np.int64(1741846), np.int64(1737522), np.int64(1750862), np.int64(1737147), np.int64(1729850), np.int64(1731351), np.int64(1721649), np.int64(1713912), np.int64(1666929), np.int64(1730704), np.int64(1732467)]
INFO:cooler._reduce:records consumed: [np.int64(2304540), np.int64(2310288), np.int64(2309661), np.int64(2307429), np.int64(2331998), np.int64(2331357), np.int64(2293019), np.int64(2301748), np.int64(2311506), np.int64(2297768), np.int64(2313204), np.int64(2306823), np.int64(2297962), np.int64(2322542), np.int64(2329145), np.int64(2313189), np.int64(2310750), np.int64(2340511), np.int64(2318224), np.int64(2317186), np.int64(2311251), np.int64(2297071), np.int64(2276933), np.int64(2228988), np.int64(2315079), np.int64(2310193)]
INFO:cooler._reduce:records consumed: [np.int64(2889080), np.int64(2889036), np.int64(2888028), np.int64(2894959), np.int64(2910772), np.int64(2904322), np.int64(2866433), np.int64(2875735), np.int64(2886138), np.int64(2872367), np.int64(2900627), np.int64(2893401), np.int64(2874367), np.int64(2899321), np.int64(2915011), np.int64(2886493), np.int64(2888558), np.int64(2924842), np.int64(2889187), np.int64(2895856), np.int64(2885254), np.int64(2866076), np.int64(2842199), np.int64(2781883), np.int64(2895351), np.int64(2893377)]
INFO:cooler._reduce:records consumed: [np.int64(3469958), np.int64(3469885), np.int64(3468180), np.int64(3488045), np.int64(3489622), np.int64(3478392), np.int64(3445106), np.int64(3453012), np.int64(3461090), np.int64(3449544), np.int64(3485276), np.int64(3484628), np.int64(3452398), np.int64(3468334), np.int64(3494257), np.int64(3464448), np.int64(3465511), np.int64(3488420), np.int64(3470246), np.int64(3473503), np.int64(3460697), np.int64(3430501), np.int64(3400844), np.int64(3343119), np.int64(3479860), np.int64(3475998)]
INFO:cooler._reduce:records consumed: [np.int64(4042254), np.int64(4045398), np.int64(4051156), np.int64(4059886), np.int64(4065257), np.int64(4053185), np.int64(4020215), np.int64(4030076), np.int64(4034473), np.int64(4030267), np.int64(4065919), np.int64(4061260), np.int64(4029126), np.int64(4044395), np.int64(4072807), np.int64(4043765), np.int64(4054383), np.int64(4067386), np.int64(4049578), np.int64(4057109), np.int64(4043194), np.int64(4012153), np.int64(3977802), np.int64(3898079), np.int64(4055140), np.int64(4047552)]
INFO:cooler._reduce:records consumed: [np.int64(4073680), np.int64(4077872), np.int64(4083338), np.int64(4091208), np.int64(4096485), np.int64(4084225), np.int64(4052309), np.int64(4060437), np.int64(4065115), np.int64(4062579), np.int64(4097833), np.int64(4094024), np.int64(4060785), np.int64(4076789), np.int64(4104935), np.int64(4077400), np.int64(4087507), np.int64(4099766), np.int64(4083319), np.int64(4089468), np.int64(4076007), np.int64(4043936), np.int64(4010382), np.int64(3928086), np.int64(4086953), np.int64(4078951)]
INFO:cooler.create:Writing indexes
INFO:cooler.create:Writing info
INFO:cooler.create:Merging chunks 51-76: /mnt/storage3b/projects/no_ngsd/ahthapp1_T2T_ONT/analysis_other/porec/T2T11/cooler/tmpr371mk90.multi.cool::51-76
INFO:cooler.create:Creating cooler at "/mnt/storage3b/projects/no_ngsd/ahthapp1_T2T_ONT/analysis_other/porec/T2T11/cooler/tmpr371mk90.multi.cool::/51-76"
INFO:cooler.create:Writing chroms
INFO:cooler.create:Writing bins
INFO:cooler.create:Writing pixels
INFO:cooler._reduce:n_merge_epochs: 7
INFO:cooler._reduce:nnzs: [4092791, 4108512, 4112289, 4082169, 4088964, 4100500, 4094454, 4079625, 4114183, 4114073, 4060773, 4086946, 4095853, 4131609, 4104289, 4072393, 4080537, 4102023, 4101064, 4117036, 4102953, 4075025, 4084734, 4108344, 4071292]
INFO:cooler._reduce:records consumed: [np.int64(593868), np.int64(604942), np.int64(589015), np.int64(590932), np.int64(598062), np.int64(602853), np.int64(598536), np.int64(603980), np.int64(597576), np.int64(606488), np.int64(594467), np.int64(611358), np.int64(601192), np.int64(613119), np.int64(596178), np.int64(606417), np.int64(603655), np.int64(595520), np.int64(604244), np.int64(597945), np.int64(606560), np.int64(597298), np.int64(593564), np.int64(594861), np.int64(600567)]
INFO:cooler._reduce:records consumed: [np.int64(1190264), np.int64(1205134), np.int64(1189066), np.int64(1184836), np.int64(1188520), np.int64(1209525), np.int64(1202777), np.int64(1203358), np.int64(1207097), np.int64(1211438), np.int64(1188006), np.int64(1209895), np.int64(1204336), np.int64(1218196), np.int64(1206589), np.int64(1199391), np.int64(1204320), np.int64(1211875), np.int64(1206526), np.int64(1203569), np.int64(1199856), np.int64(1194049), np.int64(1188745), np.int64(1186035), np.int64(1192207)]
INFO:cooler._reduce:records consumed: [np.int64(1797291), np.int64(1810122), np.int64(1786827), np.int64(1776085), np.int64(1788777), np.int64(1804178), np.int64(1803536), np.int64(1791619), np.int64(1805855), np.int64(1818311), np.int64(1779806), np.int64(1802404), np.int64(1804467), np.int64(1823119), np.int64(1809318), np.int64(1799585), np.int64(1807666), np.int64(1814531), np.int64(1808330), np.int64(1806477), np.int64(1806076), np.int64(1792838), np.int64(1786443), np.int64(1801607), np.int64(1782340)]
INFO:cooler._reduce:records consumed: [np.int64(2392787), np.int64(2414697), np.int64(2403029), np.int64(2377141), np.int64(2387481), np.int64(2402998), np.int64(2405293), np.int64(2388195), np.int64(2405627), np.int64(2415189), np.int64(2378668), np.int64(2398154), np.int64(2402507), np.int64(2423043), np.int64(2411228), np.int64(2392205), np.int64(2409677), np.int64(2421358), np.int64(2405880), np.int64(2408455), np.int64(2406595), np.int64(2394311), np.int64(2388731), np.int64(2401930), np.int64(2372830)]
INFO:cooler._reduce:records consumed: [np.int64(2986679), np.int64(3013748), np.int64(3011926), np.int64(2976434), np.int64(2989590), np.int64(3006572), np.int64(3003773), np.int64(2985510), np.int64(3014143), np.int64(3020005), np.int64(2975523), np.int64(2993906), np.int64(3003158), np.int64(3024640), np.int64(3013381), np.int64(2989995), np.int64(2998900), np.int64(3015722), np.int64(3002183), np.int64(3006188), np.int64(3015370), np.int64(2987332), np.int64(2995704), np.int64(3008061), np.int64(2972705)]
INFO:cooler._reduce:records consumed: [np.int64(3590575), np.int64(3617092), np.int64(3615771), np.int64(3576069), np.int64(3595158), np.int64(3606169), np.int64(3603093), np.int64(3582972), np.int64(3618094), np.int64(3619350), np.int64(3570132), np.int64(3591943), np.int64(3603487), np.int64(3635542), np.int64(3605937), np.int64(3585748), np.int64(3587470), np.int64(3606842), np.int64(3598977), np.int64(3612894), np.int64(3611116), np.int64(3587361), np.int64(3593914), np.int64(3614393), np.int64(3581882)]
INFO:cooler._reduce:records consumed: [np.int64(4092791), np.int64(4108512), np.int64(4112289), np.int64(4082169), np.int64(4088964), np.int64(4100500), np.int64(4094454), np.int64(4079625), np.int64(4114183), np.int64(4114073), np.int64(4060773), np.int64(4086946), np.int64(4095853), np.int64(4131609), np.int64(4104289), np.int64(4072393), np.int64(4080537), np.int64(4102023), np.int64(4101064), np.int64(4117036), np.int64(4102953), np.int64(4075025), np.int64(4084734), np.int64(4108344), np.int64(4071292)]
INFO:cooler.create:Writing indexes
INFO:cooler.create:Writing info
INFO:cooler.create:Merging chunks 76-102: /mnt/storage3b/projects/no_ngsd/ahthapp1_T2T_ONT/analysis_other/porec/T2T11/cooler/tmpr371mk90.multi.cool::76-102
INFO:cooler.create:Creating cooler at "/mnt/storage3b/projects/no_ngsd/ahthapp1_T2T_ONT/analysis_other/porec/T2T11/cooler/tmpr371mk90.multi.cool::/76-102"
INFO:cooler.create:Writing chroms
INFO:cooler.create:Writing bins
INFO:cooler.create:Writing pixels
INFO:cooler._reduce:n_merge_epochs: 7
INFO:cooler._reduce:nnzs: [4084635, 4022700, 4029198, 4028279, 4044558, 4023750, 4029948, 4002726, 4038461, 4038852, 4037029, 4068868, 4045812, 3701873, 3933950, 4023816, 4013896, 3983696, 4006636, 4038346, 4001136, 3984348, 4023906, 4024508, 4057076, 4033376]
INFO:cooler._reduce:records consumed: [np.int64(570596), np.int64(588367), np.int64(582437), np.int64(576713), np.int64(584308), np.int64(581438), np.int64(582701), np.int64(569612), np.int64(591743), np.int64(583806), np.int64(576272), np.int64(586872), np.int64(585639), np.int64(533747), np.int64(565435), np.int64(572986), np.int64(575579), np.int64(566252), np.int64(577034), np.int64(577908), np.int64(573969), np.int64(564449), np.int64(573735), np.int64(580462), np.int64(586294), np.int64(593985)]
INFO:cooler._reduce:records consumed: [np.int64(1158243), np.int64(1178362), np.int64(1156366), np.int64(1160562), np.int64(1157605), np.int64(1153156), np.int64(1158020), np.int64(1153704), np.int64(1168930), np.int64(1166123), np.int64(1153165), np.int64(1179538), np.int64(1172730), np.int64(1064427), np.int64(1133494), np.int64(1141440), np.int64(1158974), np.int64(1148539), np.int64(1150993), np.int64(1150148), np.int64(1157235), np.int64(1138585), np.int64(1149468), np.int64(1160553), np.int64(1160052), np.int64(1172129)]
INFO:cooler._reduce:records consumed: [np.int64(1745675), np.int64(1757054), np.int64(1739452), np.int64(1743368), np.int64(1749683), np.int64(1739391), np.int64(1725133), np.int64(1734452), np.int64(1743366), np.int64(1744437), np.int64(1732312), np.int64(1766462), np.int64(1755207), np.int64(1578261), np.int64(1699881), np.int64(1719809), np.int64(1732812), np.int64(1727159), np.int64(1730290), np.int64(1733606), np.int64(1727006), np.int64(1718124), np.int64(1727144), np.int64(1741239), np.int64(1739740), np.int64(1753204)]
INFO:cooler._reduce:records consumed: [np.int64(2343720), np.int64(2331663), np.int64(2321941), np.int64(2326085), np.int64(2329078), np.int64(2320504), np.int64(2314029), np.int64(2303834), np.int64(2317992), np.int64(2324347), np.int64(2317811), np.int64(2349130), np.int64(2337004), np.int64(2108520), np.int64(2260360), np.int64(2301675), np.int64(2314580), np.int64(2289912), np.int64(2308655), np.int64(2309568), np.int64(2300643), np.int64(2293191), np.int64(2307893), np.int64(2325536), np.int64(2323250), np.int64(2324859)]
INFO:cooler._reduce:records consumed: [np.int64(2930360), np.int64(2904294), np.int64(2903739), np.int64(2906156), np.int64(2907088), np.int64(2903275), np.int64(2886161), np.int64(2879746), np.int64(2900155), np.int64(2899989), np.int64(2895586), np.int64(2924761), np.int64(2912501), np.int64(2643579), np.int64(2827978), np.int64(2895007), np.int64(2887814), np.int64(2858531), np.int64(2885499), np.int64(2902291), np.int64(2878015), np.int64(2867796), np.int64(2885204), np.int64(2900885), np.int64(2916499), np.int64(2905790)]
INFO:cooler._reduce:records consumed: [np.int64(3523192), np.int64(3478775), np.int64(3481086), np.int64(3473725), np.int64(3485766), np.int64(3475812), np.int64(3469680), np.int64(3452020), np.int64(3484125), np.int64(3484848), np.int64(3483387), np.int64(3510332), np.int64(3493633), np.int64(3182877), np.int64(3389636), np.int64(3473340), np.int64(3463949), np.int64(3435873), np.int64(3465772), np.int64(3484728), np.int64(3454707), np.int64(3442358), np.int64(3466996), np.int64(3469900), np.int64(3495460), np.int64(3488022)]
INFO:cooler._reduce:records consumed: [np.int64(4084635), np.int64(4022700), np.int64(4029198), np.int64(4028279), np.int64(4044558), np.int64(4023750), np.int64(4029948), np.int64(4002726), np.int64(4038461), np.int64(4038852), np.int64(4037029), np.int64(4068868), np.int64(4045812), np.int64(3701873), np.int64(3933950), np.int64(4023816), np.int64(4013896), np.int64(3983696), np.int64(4006636), np.int64(4038346), np.int64(4001136), np.int64(3984348), np.int64(4023906), np.int64(4024508), np.int64(4057076), np.int64(4033376)]
INFO:cooler.create:Writing indexes
INFO:cooler.create:Writing info
INFO:cooler.create:Merging chunks 102-127: /mnt/storage3b/projects/no_ngsd/ahthapp1_T2T_ONT/analysis_other/porec/T2T11/cooler/tmpr371mk90.multi.cool::102-127
INFO:cooler.create:Creating cooler at "/mnt/storage3b/projects/no_ngsd/ahthapp1_T2T_ONT/analysis_other/porec/T2T11/cooler/tmpr371mk90.multi.cool::/102-127"
INFO:cooler.create:Writing chroms
INFO:cooler.create:Writing bins
INFO:cooler.create:Writing pixels
INFO:cooler._reduce:n_merge_epochs: 7
INFO:cooler._reduce:nnzs: [3983827, 4036767, 4046478, 4037708, 4039127, 4047499, 3993860, 4076698, 4029245, 4050068, 4003400, 4039247, 4044676, 4033155, 4043532, 4033967, 4054247, 4049893, 4039710, 4058078, 4031459, 4036196, 4036637, 4033492, 4026517]
INFO:cooler._reduce:records consumed: [np.int64(592156), np.int64(599847), np.int64(607898), np.int64(600328), np.int64(599841), np.int64(590819), np.int64(596078), np.int64(596283), np.int64(594314), np.int64(607297), np.int64(599290), np.int64(602928), np.int64(586001), np.int64(593792), np.int64(606281), np.int64(610483), np.int64(604499), np.int64(606320), np.int64(590757), np.int64(610110), np.int64(602420), np.int64(599537), np.int64(599900), np.int64(598107), np.int64(611000)]
INFO:cooler._reduce:records consumed: [np.int64(1180726), np.int64(1195864), np.int64(1202424), np.int64(1201542), np.int64(1202546), np.int64(1187988), np.int64(1191059), np.int64(1206163), np.int64(1196372), np.int64(1204869), np.int64(1187007), np.int64(1214334), np.int64(1190775), np.int64(1190399), np.int64(1202331), np.int64(1206697), np.int64(1215532), np.int64(1206072), np.int64(1194435), np.int64(1206645), np.int64(1207848), np.int64(1213174), np.int64(1203607), np.int64(1201148), np.int64(1199687)]
INFO:cooler._reduce:records consumed: [np.int64(1779718), np.int64(1797688), np.int64(1807161), np.int64(1800547), np.int64(1806818), np.int64(1793569), np.int64(1790231), np.int64(1817339), np.int64(1786196), np.int64(1801993), np.int64(1780703), np.int64(1816287), np.int64(1789857), np.int64(1789635), np.int64(1796200), np.int64(1803804), np.int64(1815035), np.int64(1812358), np.int64(1799484), np.int64(1804965), np.int64(1801938), np.int64(1814529), np.int64(1799866), np.int64(1802021), np.int64(1801389)]
INFO:cooler._reduce:records consumed: [np.int64(2368887), np.int64(2400948), np.int64(2403003), np.int64(2409996), np.int64(2395298), np.int64(2395334), np.int64(2382456), np.int64(2426041), np.int64(2381364), np.int64(2399459), np.int64(2375241), np.int64(2416275), np.int64(2391680), np.int64(2400195), np.int64(2399950), np.int64(2408619), np.int64(2410019), np.int64(2410514), np.int64(2397541), np.int64(2405671), np.int64(2402123), np.int64(2413292), np.int64(2402376), np.int64(2411969), np.int64(2401236)]
INFO:cooler._reduce:records consumed: [np.int64(2961643), np.int64(3003187), np.int64(3003381), np.int64(3007446), np.int64(3002148), np.int64(2996756), np.int64(2968950), np.int64(3027451), np.int64(2988978), np.int64(3006407), np.int64(2969215), np.int64(3012760), np.int64(3006710), np.int64(2993814), np.int64(3003357), np.int64(3000428), np.int64(3011949), np.int64(3016578), np.int64(3002568), np.int64(3012604), np.int64(3001381), np.int64(3010668), np.int64(3002827), np.int64(3004226), np.int64(2996301)]
INFO:cooler._reduce:records consumed: [np.int64(3549791), np.int64(3601682), np.int64(3609087), np.int64(3600549), np.int64(3606558), np.int64(3601479), np.int64(3560676), np.int64(3636834), np.int64(3597199), np.int64(3608831), np.int64(3565248), np.int64(3608135), np.int64(3606160), np.int64(3597647), np.int64(3610685), np.int64(3600608), np.int64(3607741), np.int64(3617693), np.int64(3605309), np.int64(3617518), np.int64(3601494), np.int64(3606270), np.int64(3606316), np.int64(3599715), np.int64(3590913)]
INFO:cooler._reduce:records consumed: [np.int64(3983827), np.int64(4036767), np.int64(4046478), np.int64(4037708), np.int64(4039127), np.int64(4047499), np.int64(3993860), np.int64(4076698), np.int64(4029245), np.int64(4050068), np.int64(4003400), np.int64(4039247), np.int64(4044676), np.int64(4033155), np.int64(4043532), np.int64(4033967), np.int64(4054247), np.int64(4049893), np.int64(4039710), np.int64(4058078), np.int64(4031459), np.int64(4036196), np.int64(4036637), np.int64(4033492), np.int64(4026517)]
INFO:cooler.create:Writing indexes
INFO:cooler.create:Writing info
INFO:cooler.create:Merging chunks 127-153: /mnt/storage3b/projects/no_ngsd/ahthapp1_T2T_ONT/analysis_other/porec/T2T11/cooler/tmpr371mk90.multi.cool::127-153
INFO:cooler.create:Creating cooler at "/mnt/storage3b/projects/no_ngsd/ahthapp1_T2T_ONT/analysis_other/porec/T2T11/cooler/tmpr371mk90.multi.cool::/127-153"
INFO:cooler.create:Writing chroms
INFO:cooler.create:Writing bins
INFO:cooler.create:Writing pixels
INFO:cooler._reduce:n_merge_epochs: 7
INFO:cooler._reduce:nnzs: [4010557, 4043942, 3996353, 4039292, 4011371, 4036564, 4029394, 4015465, 4012852, 4016626, 4039039, 4029587, 4022310, 4047407, 4002345, 4030246, 4019095, 4030732, 3994914, 4042896, 4014862, 4000271, 3981610, 4007200, 3998361, 3952124]
INFO:cooler._reduce:records consumed: [np.int64(575275), np.int64(579285), np.int64(574971), np.int64(587434), np.int64(576143), np.int64(581862), np.int64(581024), np.int64(573933), np.int64(584670), np.int64(566087), np.int64(582901), np.int64(578349), np.int64(582820), np.int64(581279), np.int64(579207), np.int64(556636), np.int64(578890), np.int64(576120), np.int64(579228), np.int64(584425), np.int64(585932), np.int64(580487), np.int64(571392), np.int64(563671), np.int64(571400), np.int64(573286)]
INFO:cooler._reduce:records consumed: [np.int64(1148978), np.int64(1158800), np.int64(1151282), np.int64(1167250), np.int64(1154637), np.int64(1154845), np.int64(1157539), np.int64(1154947), np.int64(1158199), np.int64(1142232), np.int64(1165629), np.int64(1147953), np.int64(1151202), np.int64(1157970), np.int64(1153499), np.int64(1141078), np.int64(1149925), np.int64(1157882), np.int64(1164105), np.int64(1170073), np.int64(1160924), np.int64(1153903), np.int64(1146395), np.int64(1145595), np.int64(1150830), np.int64(1141351)]
INFO:cooler._reduce:records consumed: [np.int64(1727839), np.int64(1733969), np.int64(1724360), np.int64(1739444), np.int64(1724916), np.int64(1741728), np.int64(1748846), np.int64(1729607), np.int64(1721796), np.int64(1721446), np.int64(1744147), np.int64(1733263), np.int64(1733482), np.int64(1747287), np.int64(1724463), np.int64(1723677), np.int64(1728030), np.int64(1736286), np.int64(1738774), np.int64(1747323), np.int64(1736643), np.int64(1719371), np.int64(1719740), np.int64(1716234), np.int64(1727615), np.int64(1717714)]
INFO:cooler._reduce:records consumed: [np.int64(2306620), np.int64(2317828), np.int64(2297261), np.int64(2327676), np.int64(2290357), np.int64(2323676), np.int64(2320668), np.int64(2301720), np.int64(2304138), np.int64(2299400), np.int64(2327373), np.int64(2310153), np.int64(2305785), np.int64(2324557), np.int64(2296183), np.int64(2306726), np.int64(2303990), np.int64(2322336), np.int64(2311123), np.int64(2339293), np.int64(2312445), np.int64(2286529), np.int64(2294715), np.int64(2297158), np.int64(2304579), np.int64(2279546)]
INFO:cooler._reduce:records consumed: [np.int64(2878942), np.int64(2904389), np.int64(2869587), np.int64(2910965), np.int64(2869587), np.int64(2899817), np.int64(2896495), np.int64(2876096), np.int64(2877501), np.int64(2873239), np.int64(2912767), np.int64(2889966), np.int64(2879690), np.int64(2905504), np.int64(2872391), np.int64(2894871), np.int64(2883420), np.int64(2898819), np.int64(2880055), np.int64(2917669), np.int64(2889789), np.int64(2863777), np.int64(2864573), np.int64(2875719), np.int64(2881167), np.int64(2847191)]
INFO:cooler._reduce:records consumed: [np.int64(3460518), np.int64(3484459), np.int64(3450856), np.int64(3488165), np.int64(3450490), np.int64(3484213), np.int64(3476295), np.int64(3456902), np.int64(3452818), np.int64(3455306), np.int64(3490665), np.int64(3468641), np.int64(3461249), np.int64(3485572), np.int64(3454459), np.int64(3469634), np.int64(3465537), np.int64(3472310), np.int64(3448910), np.int64(3484812), np.int64(3463888), np.int64(3438373), np.int64(3436035), np.int64(3459311), np.int64(3450794), np.int64(3404723)]
INFO:cooler._reduce:records consumed: [np.int64(4010557), np.int64(4043942), np.int64(3996353), np.int64(4039292), np.int64(4011371), np.int64(4036564), np.int64(4029394), np.int64(4015465), np.int64(4012852), np.int64(4016626), np.int64(4039039), np.int64(4029587), np.int64(4022310), np.int64(4047407), np.int64(4002345), np.int64(4030246), np.int64(4019095), np.int64(4030732), np.int64(3994914), np.int64(4042896), np.int64(4014862), np.int64(4000271), np.int64(3981610), np.int64(4007200), np.int64(3998361), np.int64(3952124)]
INFO:cooler.create:Writing indexes
INFO:cooler.create:Writing info
INFO:cooler.create:Merging chunks 153-178: /mnt/storage3b/projects/no_ngsd/ahthapp1_T2T_ONT/analysis_other/porec/T2T11/cooler/tmpr371mk90.multi.cool::153-178
INFO:cooler.create:Creating cooler at "/mnt/storage3b/projects/no_ngsd/ahthapp1_T2T_ONT/analysis_other/porec/T2T11/cooler/tmpr371mk90.multi.cool::/153-178"
INFO:cooler.create:Writing chroms
INFO:cooler.create:Writing bins
INFO:cooler.create:Writing pixels
INFO:cooler._reduce:n_merge_epochs: 7
INFO:cooler._reduce:nnzs: [4017374, 3998740, 3995217, 4006608, 4046715, 3987510, 4015238, 4000584, 4009867, 4026425, 4014375, 4003995, 3978950, 4036238, 4023955, 4016441, 4020471, 3998729, 3983979, 4029951, 4018260, 4013792, 4057888, 4003533, 4016692]
INFO:cooler._reduce:records consumed: [np.int64(603109), np.int64(600228), np.int64(586260), np.int64(593336), np.int64(607195), np.int64(602161), np.int64(588251), np.int64(595320), np.int64(604301), np.int64(601260), np.int64(608748), np.int64(596745), np.int64(594205), np.int64(603558), np.int64(590907), np.int64(606682), np.int64(600587), np.int64(601540), np.int64(603621), np.int64(602826), np.int64(594353), np.int64(595861), np.int64(611868), np.int64(605022), np.int64(607411)]
INFO:cooler._reduce:records consumed: [np.int64(1195647), np.int64(1195012), np.int64(1183842), np.int64(1197137), np.int64(1215330), np.int64(1204044), np.int64(1189753), np.int64(1187338), np.int64(1209262), np.int64(1197756), np.int64(1217748), np.int64(1187611), np.int64(1182784), np.int64(1209891), np.int64(1197478), np.int64(1205289), np.int64(1197414), np.int64(1202199), np.int64(1200475), np.int64(1208777), np.int64(1195931), np.int64(1201514), np.int64(1216073), np.int64(1202174), np.int64(1206516)]
INFO:cooler._reduce:records consumed: [np.int64(1801527), np.int64(1794145), np.int64(1790144), np.int64(1796730), np.int64(1818462), np.int64(1799990), np.int64(1804254), np.int64(1779801), np.int64(1799758), np.int64(1804613), np.int64(1813351), np.int64(1783077), np.int64(1775723), np.int64(1815447), np.int64(1798139), np.int64(1805349), np.int64(1805910), np.int64(1797600), np.int64(1796471), np.int64(1815207), np.int64(1799990), np.int64(1798557), np.int64(1821770), np.int64(1790712), np.int64(1803399)]
INFO:cooler._reduce:records consumed: [np.int64(2411342), np.int64(2381810), np.int64(2392325), np.int64(2400164), np.int64(2421023), np.int64(2393127), np.int64(2400161), np.int64(2376497), np.int64(2402445), np.int64(2415962), np.int64(2409203), np.int64(2390767), np.int64(2379815), np.int64(2413937), np.int64(2402970), np.int64(2401386), np.int64(2403611), np.int64(2399294), np.int64(2397246), np.int64(2415094), np.int64(2397212), np.int64(2389388), np.int64(2425484), np.int64(2396533), np.int64(2395699)]
INFO:cooler._reduce:records consumed: [np.int64(3003087), np.int64(2986537), np.int64(2988604), np.int64(3006441), np.int64(3036192), np.int64(2988012), np.int64(2996791), np.int64(2983603), np.int64(3004993), np.int64(3012810), np.int64(3005089), np.int64(2994547), np.int64(2978829), np.int64(3018033), np.int64(3002452), np.int64(2999009), np.int64(2997421), np.int64(2999829), np.int64(2986118), np.int64(3013055), np.int64(2992775), np.int64(2991880), np.int64(3041328), np.int64(2993252), np.int64(2994510)]
INFO:cooler._reduce:records consumed: [np.int64(3601515), np.int64(3583403), np.int64(3583651), np.int64(3603871), np.int64(3631360), np.int64(3579682), np.int64(3598546), np.int64(3592915), np.int64(3604279), np.int64(3613572), np.int64(3600800), np.int64(3593380), np.int64(3569182), np.int64(3620292), np.int64(3608211), np.int64(3596876), np.int64(3609627), np.int64(3593155), np.int64(3576204), np.int64(3619266), np.int64(3601503), np.int64(3599199), np.int64(3644530), np.int64(3592635), np.int64(3598027)]
INFO:cooler._reduce:records consumed: [np.int64(4017374), np.int64(3998740), np.int64(3995217), np.int64(4006608), np.int64(4046715), np.int64(3987510), np.int64(4015238), np.int64(4000584), np.int64(4009867), np.int64(4026425), np.int64(4014375), np.int64(4003995), np.int64(3978950), np.int64(4036238), np.int64(4023955), np.int64(4016441), np.int64(4020471), np.int64(3998729), np.int64(3983979), np.int64(4029951), np.int64(4018260), np.int64(4013792), np.int64(4057888), np.int64(4003533), np.int64(4016692)]
INFO:cooler.create:Writing indexes
INFO:cooler.create:Writing info
INFO:cooler.create:Merging chunks 178-204: /mnt/storage3b/projects/no_ngsd/ahthapp1_T2T_ONT/analysis_other/porec/T2T11/cooler/tmpr371mk90.multi.cool::178-204
INFO:cooler.create:Creating cooler at "/mnt/storage3b/projects/no_ngsd/ahthapp1_T2T_ONT/analysis_other/porec/T2T11/cooler/tmpr371mk90.multi.cool::/178-204"
INFO:cooler.create:Writing chroms
INFO:cooler.create:Writing bins
INFO:cooler.create:Writing pixels
INFO:cooler._reduce:n_merge_epochs: 7
INFO:cooler._reduce:nnzs: [4003356, 4054853, 4060875, 4009137, 4035039, 3970276, 4012189, 3758544, 4032847, 4029628, 4034867, 4030306, 4026932, 4010260, 4048405, 4066481, 4038239, 4014710, 4023823, 4004756, 4024289, 4046217, 3985224, 3999959, 3985408, 4035288]
INFO:cooler._reduce:records consumed: [np.int64(565066), np.int64(582692), np.int64(584195), np.int64(563549), np.int64(578208), np.int64(559018), np.int64(580814), np.int64(550932), np.int64(584979), np.int64(585541), np.int64(581690), np.int64(583532), np.int64(585653), np.int64(570599), np.int64(583209), np.int64(594559), np.int64(573159), np.int64(579688), np.int64(578973), np.int64(569932), np.int64(582705), np.int64(583117), np.int64(578023), np.int64(568708), np.int64(571448), np.int64(586056)]
INFO:cooler._reduce:records consumed: [np.int64(1139549), np.int64(1172520), np.int64(1170710), np.int64(1140123), np.int64(1162838), np.int64(1135326), np.int64(1148289), np.int64(1090873), np.int64(1168563), np.int64(1170157), np.int64(1160539), np.int64(1158185), np.int64(1165820), np.int64(1152859), np.int64(1165070), np.int64(1185233), np.int64(1156286), np.int64(1157859), np.int64(1147761), np.int64(1147561), np.int64(1162385), np.int64(1157302), np.int64(1159315), np.int64(1136098), np.int64(1135875), np.int64(1160197)]
INFO:cooler._reduce:records consumed: [np.int64(1720911), np.int64(1754141), np.int64(1758126), np.int64(1719274), np.int64(1746797), np.int64(1709726), np.int64(1736582), np.int64(1619030), np.int64(1746997), np.int64(1742144), np.int64(1737801), np.int64(1732744), np.int64(1743250), np.int64(1738163), np.int64(1748538), np.int64(1778161), np.int64(1739429), np.int64(1733774), np.int64(1723178), np.int64(1720852), np.int64(1735944), np.int64(1744461), np.int64(1720368), np.int64(1716960), np.int64(1706196), np.int64(1735253)]
INFO:cooler._reduce:records consumed: [np.int64(2298144), np.int64(2344475), np.int64(2343731), np.int64(2296940), np.int64(2322645), np.int64(2282899), np.int64(2317192), np.int64(2155945), np.int64(2323323), np.int64(2319842), np.int64(2317025), np.int64(2309638), np.int64(2322370), np.int64(2313596), np.int64(2327027), np.int64(2361308), np.int64(2318271), np.int64(2311357), np.int64(2315565), np.int64(2295308), np.int64(2314648), np.int64(2322763), np.int64(2294796), np.int64(2296146), np.int64(2277441), np.int64(2309847)]
INFO:cooler._reduce:records consumed: [np.int64(2873823), np.int64(2932756), np.int64(2930320), np.int64(2864997), np.int64(2904688), np.int64(2860177), np.int64(2889436), np.int64(2688938), np.int64(2898453), np.int64(2905506), np.int64(2901343), np.int64(2886315), np.int64(2899947), np.int64(2888415), np.int64(2910823), np.int64(2943422), np.int64(2897583), np.int64(2886629), np.int64(2890303), np.int64(2867561), np.int64(2906850), np.int64(2901846), np.int64(2864392), np.int64(2875739), np.int64(2851804), np.int64(2891334)]
INFO:cooler._reduce:records consumed: [np.int64(3446461), np.int64(3511127), np.int64(3505579), np.int64(3447015), np.int64(3483206), np.int64(3432920), np.int64(3461455), np.int64(3226918), np.int64(3480697), np.int64(3486040), np.int64(3477857), np.int64(3475698), np.int64(3479450), np.int64(3464528), np.int64(3490566), np.int64(3525615), np.int64(3482604), np.int64(3463890), np.int64(3470796), np.int64(3453488), np.int64(3475941), np.int64(3485761), np.int64(3429662), np.int64(3456840), np.int64(3431368), np.int64(3468503)]
INFO:cooler._reduce:records consumed: [np.int64(4003356), np.int64(4054853), np.int64(4060875), np.int64(4009137), np.int64(4035039), np.int64(3970276), np.int64(4012189), np.int64(3758544), np.int64(4032847), np.int64(4029628), np.int64(4034867), np.int64(4030306), np.int64(4026932), np.int64(4010260), np.int64(4048405), np.int64(4066481), np.int64(4038239), np.int64(4014710), np.int64(4023823), np.int64(4004756), np.int64(4024289), np.int64(4046217), np.int64(3985224), np.int64(3999959), np.int64(3985408), np.int64(4035288)]
INFO:cooler.create:Writing indexes
INFO:cooler.create:Writing info
INFO:cooler.create:Merging chunks 204-230: /mnt/storage3b/projects/no_ngsd/ahthapp1_T2T_ONT/analysis_other/porec/T2T11/cooler/tmpr371mk90.multi.cool::204-230
INFO:cooler.create:Creating cooler at "/mnt/storage3b/projects/no_ngsd/ahthapp1_T2T_ONT/analysis_other/porec/T2T11/cooler/tmpr371mk90.multi.cool::/204-230"
INFO:cooler.create:Writing chroms
INFO:cooler.create:Writing bins
INFO:cooler.create:Writing pixels
INFO:cooler._reduce:n_merge_epochs: 7
INFO:cooler._reduce:nnzs: [4035034, 4052438, 4025128, 4023741, 3809962, 4046133, 4054365, 4050045, 4014360, 4023937, 4036971, 4029617, 4033982, 4057718, 4047920, 4073675, 4165348, 4148059, 4033653, 4020398, 4021587, 3987149, 4033797, 4022893, 4042838, 4049732]
INFO:cooler._reduce:records consumed: [np.int64(570731), np.int64(581523), np.int64(584367), np.int64(576453), np.int64(548984), np.int64(568440), np.int64(587982), np.int64(575979), np.int64(572015), np.int64(568990), np.int64(577133), np.int64(560447), np.int64(576310), np.int64(571326), np.int64(577744), np.int64(592380), np.int64(598683), np.int64(597552), np.int64(578588), np.int64(571560), np.int64(578339), np.int64(587499), np.int64(568224), np.int64(582988), np.int64(577417), np.int64(570526)]
INFO:cooler._reduce:records consumed: [np.int64(1145957), np.int64(1158302), np.int64(1158575), np.int64(1153178), np.int64(1096883), np.int64(1152470), np.int64(1169573), np.int64(1149807), np.int64(1146491), np.int64(1132877), np.int64(1151569), np.int64(1141844), np.int64(1156290), np.int64(1157551), np.int64(1150273), np.int64(1166900), np.int64(1212374), np.int64(1209073), np.int64(1154080), np.int64(1133706), np.int64(1152772), np.int64(1150316), np.int64(1148500), np.int64(1155117), np.int64(1152175), np.int64(1145774)]
INFO:cooler._reduce:records consumed: [np.int64(1729372), np.int64(1731297), np.int64(1731550), np.int64(1726534), np.int64(1641296), np.int64(1736822), np.int64(1753284), np.int64(1727103), np.int64(1715981), np.int64(1709823), np.int64(1732333), np.int64(1724151), np.int64(1726444), np.int64(1733901), np.int64(1728726), np.int64(1757405), np.int64(1811474), np.int64(1808284), np.int64(1724747), np.int64(1700561), np.int64(1731822), np.int64(1710015), np.int64(1721481), np.int64(1731593), np.int64(1729483), np.int64(1727356)]
INFO:cooler._reduce:records consumed: [np.int64(2302277), np.int64(2312877), np.int64(2299649), np.int64(2296693), np.int64(2191411), np.int64(2317968), np.int64(2323268), np.int64(2305273), np.int64(2293887), np.int64(2286017), np.int64(2309676), np.int64(2297227), np.int64(2300634), np.int64(2312308), np.int64(2316461), np.int64(2339185), np.int64(2412298), np.int64(2402152), np.int64(2309824), np.int64(2272611), np.int64(2305315), np.int64(2273630), np.int64(2295363), np.int64(2313887), np.int64(2304203), np.int64(2309337)]
INFO:cooler._reduce:records consumed: [np.int64(2877536), np.int64(2893068), np.int64(2870269), np.int64(2865201), np.int64(2727518), np.int64(2893079), np.int64(2897281), np.int64(2889213), np.int64(2876624), np.int64(2864110), np.int64(2885346), np.int64(2876487), np.int64(2878184), np.int64(2898080), np.int64(2893450), np.int64(2918845), np.int64(3014039), np.int64(2994297), np.int64(2881622), np.int64(2856062), np.int64(2874985), np.int64(2846665), np.int64(2879868), np.int64(2884707), np.int64(2885559), np.int64(2882509)]
INFO:cooler._reduce:records consumed: [np.int64(3455486), np.int64(3475871), np.int64(3445219), np.int64(3447660), np.int64(3268303), np.int64(3467619), np.int64(3479276), np.int64(3473881), np.int64(3441266), np.int64(3448255), np.int64(3461351), np.int64(3459324), np.int64(3461464), np.int64(3474272), np.int64(3476587), np.int64(3498171), np.int64(3593575), np.int64(3581620), np.int64(3452111), np.int64(3436874), np.int64(3445381), np.int64(3414295), np.int64(3460870), np.int64(3454563), np.int64(3467516), np.int64(3464378)]
INFO:cooler._reduce:records consumed: [np.int64(4035034), np.int64(4052438), np.int64(4025128), np.int64(4023741), np.int64(3809962), np.int64(4046133), np.int64(4054365), np.int64(4050045), np.int64(4014360), np.int64(4023937), np.int64(4036971), np.int64(4029617), np.int64(4033982), np.int64(4057718), np.int64(4047920), np.int64(4073675), np.int64(4165348), np.int64(4148059), np.int64(4033653), np.int64(4020398), np.int64(4021587), np.int64(3987149), np.int64(4033797), np.int64(4022893), np.int64(4042838), np.int64(4049732)]
INFO:cooler.create:Writing indexes
INFO:cooler.create:Writing info
INFO:cooler.create:Merging chunks 230-255: /mnt/storage3b/projects/no_ngsd/ahthapp1_T2T_ONT/analysis_other/porec/T2T11/cooler/tmpr371mk90.multi.cool::230-255
INFO:cooler.create:Creating cooler at "/mnt/storage3b/projects/no_ngsd/ahthapp1_T2T_ONT/analysis_other/porec/T2T11/cooler/tmpr371mk90.multi.cool::/230-255"
INFO:cooler.create:Writing chroms
INFO:cooler.create:Writing bins
INFO:cooler.create:Writing pixels
INFO:cooler._reduce:n_merge_epochs: 7
INFO:cooler._reduce:nnzs: [4001471, 4029844, 4064465, 4031637, 4033768, 4159076, 3997741, 4016349, 4000592, 4010394, 4001416, 4027367, 4038854, 4012552, 4031838, 4041020, 4028259, 4047007, 4011580, 4015196, 4021836, 4056000, 4038557, 3992929, 4015381]
INFO:cooler._reduce:records consumed: [np.int64(597018), np.int64(599174), np.int64(609851), np.int64(594867), np.int64(595346), np.int64(621438), np.int64(591346), np.int64(600094), np.int64(591710), np.int64(610305), np.int64(599866), np.int64(597248), np.int64(602784), np.int64(593888), np.int64(604665), np.int64(607168), np.int64(595295), np.int64(600435), np.int64(590771), np.int64(605925), np.int64(594455), np.int64(608911), np.int64(605246), np.int64(589404), np.int64(595198)]
INFO:cooler._reduce:records consumed: [np.int64(1181123), np.int64(1201434), np.int64(1217405), np.int64(1197595), np.int64(1198046), np.int64(1250868), np.int64(1190450), np.int64(1196654), np.int64(1186749), np.int64(1196024), np.int64(1186156), np.int64(1197897), np.int64(1205279), np.int64(1192389), np.int64(1202252), np.int64(1218867), np.int64(1200717), np.int64(1208496), np.int64(1176297), np.int64(1210690), np.int64(1192233), np.int64(1204351), np.int64(1212420), np.int64(1182361), np.int64(1197387)]
INFO:cooler._reduce:records consumed: [np.int64(1774224), np.int64(1806739), np.int64(1823291), np.int64(1791754), np.int64(1802465), np.int64(1884756), np.int64(1769951), np.int64(1792218), np.int64(1787219), np.int64(1794398), np.int64(1778718), np.int64(1796790), np.int64(1809408), np.int64(1782248), np.int64(1809747), np.int64(1819550), np.int64(1794591), np.int64(1810592), np.int64(1772051), np.int64(1806335), np.int64(1797283), np.int64(1816536), np.int64(1806673), np.int64(1780840), np.int64(1799599)]
INFO:cooler._reduce:records consumed: [np.int64(2384045), np.int64(2407926), np.int64(2438668), np.int64(2394272), np.int64(2395024), np.int64(2504595), np.int64(2365682), np.int64(2388845), np.int64(2371070), np.int64(2385038), np.int64(2380738), np.int64(2403837), np.int64(2410988), np.int64(2377015), np.int64(2402192), np.int64(2415956), np.int64(2394550), np.int64(2418994), np.int64(2369389), np.int64(2395935), np.int64(2400072), np.int64(2417524), np.int64(2407258), np.int64(2377969), np.int64(2402381)]
INFO:cooler._reduce:records consumed: [np.int64(2981856), np.int64(3009910), np.int64(3039728), np.int64(2994241), np.int64(3002374), np.int64(3123339), np.int64(2970017), np.int64(2992171), np.int64(2962294), np.int64(2980848), np.int64(2972850), np.int64(3001868), np.int64(3015491), np.int64(2970568), np.int64(3006799), np.int64(3010152), np.int64(2992843), np.int64(3020974), np.int64(2970450), np.int64(2996019), np.int64(3001900), np.int64(3020953), np.int64(3006646), np.int64(2967993), np.int64(2999139)]
INFO:cooler._reduce:records consumed: [np.int64(3574934), np.int64(3606404), np.int64(3643887), np.int64(3599712), np.int64(3595154), np.int64(3734034), np.int64(3570604), np.int64(3592248), np.int64(3572899), np.int64(3582275), np.int64(3571753), np.int64(3602683), np.int64(3611122), np.int64(3572291), np.int64(3603746), np.int64(3616848), np.int64(3593834), np.int64(3616971), np.int64(3580742), np.int64(3588202), np.int64(3596644), np.int64(3623779), np.int64(3605808), np.int64(3565913), np.int64(3590680)]
INFO:cooler._reduce:records consumed: [np.int64(4001471), np.int64(4029844), np.int64(4064465), np.int64(4031637), np.int64(4033768), np.int64(4159076), np.int64(3997741), np.int64(4016349), np.int64(4000592), np.int64(4010394), np.int64(4001416), np.int64(4027367), np.int64(4038854), np.int64(4012552), np.int64(4031838), np.int64(4041020), np.int64(4028259), np.int64(4047007), np.int64(4011580), np.int64(4015196), np.int64(4021836), np.int64(4056000), np.int64(4038557), np.int64(3992929), np.int64(4015381)]
INFO:cooler.create:Writing indexes
INFO:cooler.create:Writing info
INFO:cooler.create:Merging chunks 255-281: /mnt/storage3b/projects/no_ngsd/ahthapp1_T2T_ONT/analysis_other/porec/T2T11/cooler/tmpr371mk90.multi.cool::255-281
INFO:cooler.create:Creating cooler at "/mnt/storage3b/projects/no_ngsd/ahthapp1_T2T_ONT/analysis_other/porec/T2T11/cooler/tmpr371mk90.multi.cool::/255-281"
INFO:cooler.create:Writing chroms
INFO:cooler.create:Writing bins
INFO:cooler.create:Writing pixels
INFO:cooler._reduce:n_merge_epochs: 8
INFO:cooler._reduce:nnzs: [4001032, 4016860, 4026354, 4007643, 4041088, 4035554, 4018129, 4028247, 4003345, 4007179, 4067208, 4085979, 4083384, 4100338, 4086788, 4111279, 4100752, 4064016, 4106010, 4089608, 4104823, 4092174, 4054567, 4078263, 4092620, 4089570]
INFO:cooler._reduce:records consumed: [np.int64(570227), np.int64(566943), np.int64(569530), np.int64(570198), np.int64(565897), np.int64(569390), np.int64(574911), np.int64(574519), np.int64(570576), np.int64(569731), np.int64(588366), np.int64(577676), np.int64(578301), np.int64(580378), np.int64(577013), np.int64(584626), np.int64(576893), np.int64(585321), np.int64(585061), np.int64(574671), np.int64(581943), np.int64(583437), np.int64(590884), np.int64(577478), np.int64(573198), np.int64(584419)]
INFO:cooler._reduce:records consumed: [np.int64(1142507), np.int64(1146936), np.int64(1137836), np.int64(1137420), np.int64(1134330), np.int64(1137842), np.int64(1155478), np.int64(1139613), np.int64(1141069), np.int64(1138134), np.int64(1161209), np.int64(1165614), np.int64(1160220), np.int64(1161224), np.int64(1153418), np.int64(1165441), np.int64(1157313), np.int64(1172008), np.int64(1166599), np.int64(1150660), np.int64(1169400), np.int64(1171998), np.int64(1168640), np.int64(1156067), np.int64(1150797), np.int64(1164957)]
INFO:cooler._reduce:records consumed: [np.int64(1708039), np.int64(1713484), np.int64(1714527), np.int64(1711115), np.int64(1709028), np.int64(1718206), np.int64(1718167), np.int64(1705462), np.int64(1708420), np.int64(1709580), np.int64(1729463), np.int64(1746913), np.int64(1743363), np.int64(1736506), np.int64(1733590), np.int64(1746356), np.int64(1741151), np.int64(1747896), np.int64(1746019), np.int64(1736104), np.int64(1755228), np.int64(1758106), np.int64(1747917), np.int64(1734787), np.int64(1739846), np.int64(1747613)]
INFO:cooler._reduce:records consumed: [np.int64(2270831), np.int64(2287357), np.int64(2289110), np.int64(2283253), np.int64(2288630), np.int64(2296971), np.int64(2283465), np.int64(2286621), np.int64(2272701), np.int64(2285352), np.int64(2307081), np.int64(2327410), np.int64(2320627), np.int64(2315185), np.int64(2309599), np.int64(2325493), np.int64(2328264), np.int64(2322667), np.int64(2325696), np.int64(2326715), np.int64(2339914), np.int64(2337204), np.int64(2314773), np.int64(2311522), np.int64(2326066), np.int64(2326967)]
INFO:cooler._reduce:records consumed: [np.int64(2842336), np.int64(2860232), np.int64(2859561), np.int64(2844388), np.int64(2862895), np.int64(2873194), np.int64(2854791), np.int64(2861655), np.int64(2843118), np.int64(2856157), np.int64(2888619), np.int64(2903369), np.int64(2895229), np.int64(2910458), np.int64(2901457), np.int64(2912652), np.int64(2913389), np.int64(2895722), np.int64(2904495), np.int64(2905743), np.int64(2922574), np.int64(2915305), np.int64(2888911), np.int64(2885690), np.int64(2906525), np.int64(2901940)]
INFO:cooler._reduce:records consumed: [np.int64(3409179), np.int64(3422255), np.int64(3433546), np.int64(3416515), np.int64(3438417), np.int64(3446194), np.int64(3422387), np.int64(3440389), np.int64(3409130), np.int64(3424748), np.int64(3464683), np.int64(3485235), np.int64(3477288), np.int64(3488459), np.int64(3481536), np.int64(3503041), np.int64(3494877), np.int64(3473066), np.int64(3492350), np.int64(3485765), np.int64(3507244), np.int64(3493137), np.int64(3461756), np.int64(3465598), np.int64(3488637), np.int64(3486042)]
INFO:cooler._reduce:records consumed: [np.int64(3978896), np.int64(3994128), np.int64(4004099), np.int64(3985352), np.int64(4018695), np.int64(4013235), np.int64(3996025), np.int64(4005924), np.int64(3980821), np.int64(3985565), np.int64(4042806), np.int64(4063510), np.int64(4060006), np.int64(4077068), np.int64(4064495), np.int64(4089665), np.int64(4079348), np.int64(4042116), np.int64(4082541), np.int64(4067140), np.int64(4083860), np.int64(4069929), np.int64(4033216), np.int64(4055412), np.int64(4070586), np.int64(4067137)]
INFO:cooler._reduce:records consumed: [np.int64(4001032), np.int64(4016860), np.int64(4026354), np.int64(4007643), np.int64(4041088), np.int64(4035554), np.int64(4018129), np.int64(4028247), np.int64(4003345), np.int64(4007179), np.int64(4067208), np.int64(4085979), np.int64(4083384), np.int64(4100338), np.int64(4086788), np.int64(4111279), np.int64(4100752), np.int64(4064016), np.int64(4106010), np.int64(4089608), np.int64(4104823), np.int64(4092174), np.int64(4054567), np.int64(4078263), np.int64(4092620), np.int64(4089570)]
INFO:cooler.create:Writing indexes
INFO:cooler.create:Writing info
INFO:cooler.create:Merging chunks 281-306: /mnt/storage3b/projects/no_ngsd/ahthapp1_T2T_ONT/analysis_other/porec/T2T11/cooler/tmpr371mk90.multi.cool::281-306
INFO:cooler.create:Creating cooler at "/mnt/storage3b/projects/no_ngsd/ahthapp1_T2T_ONT/analysis_other/porec/T2T11/cooler/tmpr371mk90.multi.cool::/281-306"
INFO:cooler.create:Writing chroms
INFO:cooler.create:Writing bins
INFO:cooler.create:Writing pixels
INFO:cooler._reduce:n_merge_epochs: 7
INFO:cooler._reduce:nnzs: [4075368, 4084638, 4105546, 3811345, 3916158, 3997715, 3996807, 3993029, 4046678, 4054060, 4028724, 4068213, 4053664, 4052335, 4058529, 4036692, 4075556, 4031333, 4045626, 4102661, 4084720, 4043162, 4050787, 4046122, 4063170]
INFO:cooler._reduce:records consumed: [np.int64(607907), np.int64(608915), np.int64(605213), np.int64(569005), np.int64(588414), np.int64(594843), np.int64(586374), np.int64(586700), np.int64(593938), np.int64(598413), np.int64(596982), np.int64(602740), np.int64(597398), np.int64(604673), np.int64(606820), np.int64(603156), np.int64(605820), np.int64(608485), np.int64(600322), np.int64(622849), np.int64(602804), np.int64(603820), np.int64(601416), np.int64(599829), np.int64(608456)]
INFO:cooler._reduce:records consumed: [np.int64(1215841), np.int64(1205272), np.int64(1216296), np.int64(1146525), np.int64(1174255), np.int64(1191728), np.int64(1185373), np.int64(1180762), np.int64(1214201), np.int64(1202224), np.int64(1183964), np.int64(1209164), np.int64(1205122), np.int64(1201627), np.int64(1202924), np.int64(1201760), np.int64(1218205), np.int64(1203450), np.int64(1200528), np.int64(1225690), np.int64(1208695), np.int64(1194195), np.int64(1202868), np.int64(1200372), np.int64(1216725)]
INFO:cooler._reduce:records consumed: [np.int64(1820458), np.int64(1813857), np.int64(1835400), np.int64(1719892), np.int64(1754786), np.int64(1787662), np.int64(1778770), np.int64(1776108), np.int64(1814116), np.int64(1807648), np.int64(1793689), np.int64(1814329), np.int64(1802545), np.int64(1805431), np.int64(1811287), np.int64(1793765), np.int64(1828707), np.int64(1799004), np.int64(1793738), np.int64(1822828), np.int64(1815739), np.int64(1802036), np.int64(1802041), np.int64(1799724), np.int64(1815402)]
INFO:cooler._reduce:records consumed: [np.int64(2427864), np.int64(2418823), np.int64(2447048), np.int64(2279649), np.int64(2329072), np.int64(2389145), np.int64(2367570), np.int64(2379253), np.int64(2417394), np.int64(2410155), np.int64(2390823), np.int64(2415931), np.int64(2408317), np.int64(2396095), np.int64(2417028), np.int64(2406319), np.int64(2428929), np.int64(2393823), np.int64(2397947), np.int64(2439451), np.int64(2428289), np.int64(2403650), np.int64(2401323), np.int64(2400905), np.int64(2416654)]
INFO:cooler._reduce:records consumed: [np.int64(3031819), np.int64(3038671), np.int64(3056213), np.int64(2842535), np.int64(2913297), np.int64(2977638), np.int64(2968247), np.int64(2975657), np.int64(3012201), np.int64(3009283), np.int64(2991482), np.int64(3027981), np.int64(3007185), np.int64(3002485), np.int64(3026130), np.int64(2995488), np.int64(3034333), np.int64(3001013), np.int64(3001950), np.int64(3051224), np.int64(3035241), np.int64(2999213), np.int64(3002003), np.int64(2997435), np.int64(3016044)]
INFO:cooler._reduce:records consumed: [np.int64(3634084), np.int64(3648420), np.int64(3661574), np.int64(3400415), np.int64(3491542), np.int64(3578119), np.int64(3565630), np.int64(3569154), np.int64(3616904), np.int64(3615437), np.int64(3588599), np.int64(3627876), np.int64(3613243), np.int64(3608988), np.int64(3621893), np.int64(3604947), np.int64(3639171), np.int64(3600244), np.int64(3606816), np.int64(3657518), np.int64(3641509), np.int64(3599807), np.int64(3607373), np.int64(3602807), np.int64(3612864)]
INFO:cooler._reduce:records consumed: [np.int64(4075368), np.int64(4084638), np.int64(4105546), np.int64(3811345), np.int64(3916158), np.int64(3997715), np.int64(3996807), np.int64(3993029), np.int64(4046678), np.int64(4054060), np.int64(4028724), np.int64(4068213), np.int64(4053664), np.int64(4052335), np.int64(4058529), np.int64(4036692), np.int64(4075556), np.int64(4031333), np.int64(4045626), np.int64(4102661), np.int64(4084720), np.int64(4043162), np.int64(4050787), np.int64(4046122), np.int64(4063170)]
INFO:cooler.create:Writing indexes
INFO:cooler.create:Writing info
INFO:cooler.create:Merging chunks 306-332: /mnt/storage3b/projects/no_ngsd/ahthapp1_T2T_ONT/analysis_other/porec/T2T11/cooler/tmpr371mk90.multi.cool::306-332
INFO:cooler.create:Creating cooler at "/mnt/storage3b/projects/no_ngsd/ahthapp1_T2T_ONT/analysis_other/porec/T2T11/cooler/tmpr371mk90.multi.cool::/306-332"
INFO:cooler.create:Writing chroms
INFO:cooler.create:Writing bins
INFO:cooler.create:Writing pixels
INFO:cooler._reduce:n_merge_epochs: 8
INFO:cooler._reduce:nnzs: [4108517, 4085733, 4105215, 3910937, 4057809, 4098363, 4088845, 4070808, 4105752, 4097279, 4088734, 4028006, 4038099, 4028915, 4014787, 3982890, 4031284, 4020940, 4052112, 4036366, 4038685, 4034106, 4009644, 4029785, 4053131, 4038494]
INFO:cooler._reduce:records consumed: [np.int64(585375), np.int64(572689), np.int64(585540), np.int64(558457), np.int64(566243), np.int64(587430), np.int64(574907), np.int64(576545), np.int64(576167), np.int64(585209), np.int64(585673), np.int64(568254), np.int64(573798), np.int64(573038), np.int64(566010), np.int64(569781), np.int64(574934), np.int64(580861), np.int64(587352), np.int64(579605), np.int64(581769), np.int64(571441), np.int64(573042), np.int64(584031), np.int64(586252), np.int64(576070)]
INFO:cooler._reduce:records consumed: [np.int64(1170752), np.int64(1158732), np.int64(1184563), np.int64(1109248), np.int64(1144152), np.int64(1171903), np.int64(1157415), np.int64(1159098), np.int64(1162421), np.int64(1172183), np.int64(1163279), np.int64(1142191), np.int64(1149615), np.int64(1149897), np.int64(1142816), np.int64(1134207), np.int64(1151592), np.int64(1147972), np.int64(1164070), np.int64(1161216), np.int64(1151744), np.int64(1152541), np.int64(1145927), np.int64(1148398), np.int64(1158614), np.int64(1149274)]
INFO:cooler._reduce:records consumed: [np.int64(1763325), np.int64(1747021), np.int64(1766383), np.int64(1666139), np.int64(1720411), np.int64(1757028), np.int64(1727635), np.int64(1755466), np.int64(1758213), np.int64(1757747), np.int64(1751289), np.int64(1712620), np.int64(1730224), np.int64(1721460), np.int64(1704929), np.int64(1699186), np.int64(1727431), np.int64(1718952), np.int64(1732703), np.int64(1732108), np.int64(1726179), np.int64(1733934), np.int64(1722025), np.int64(1708097), np.int64(1736821), np.int64(1728970)]
INFO:cooler._reduce:records consumed: [np.int64(2358234), np.int64(2327902), np.int64(2349514), np.int64(2216967), np.int64(2304833), np.int64(2332574), np.int64(2321360), np.int64(2328183), np.int64(2347772), np.int64(2333462), np.int64(2329555), np.int64(2278521), np.int64(2298493), np.int64(2293252), np.int64(2288730), np.int64(2264362), np.int64(2305563), np.int64(2292248), np.int64(2308663), np.int64(2312499), np.int64(2305963), np.int64(2308866), np.int64(2295217), np.int64(2291074), np.int64(2316710), np.int64(2298358)]
INFO:cooler._reduce:records consumed: [np.int64(2941734), np.int64(2905102), np.int64(2925978), np.int64(2779844), np.int64(2893284), np.int64(2920582), np.int64(2909761), np.int64(2905588), np.int64(2922712), np.int64(2914707), np.int64(2918868), np.int64(2861184), np.int64(2872575), np.int64(2874002), np.int64(2859436), np.int64(2832721), np.int64(2883734), np.int64(2863475), np.int64(2883548), np.int64(2885050), np.int64(2881662), np.int64(2881008), np.int64(2865259), np.int64(2861709), np.int64(2893083), np.int64(2874409)]
INFO:cooler._reduce:records consumed: [np.int64(3516929), np.int64(3488402), np.int64(3507318), np.int64(3333675), np.int64(3469842), np.int64(3502579), np.int64(3496674), np.int64(3481145), np.int64(3508534), np.int64(3502835), np.int64(3505765), np.int64(3442004), np.int64(3455949), np.int64(3445524), np.int64(3430435), np.int64(3402092), np.int64(3449018), np.int64(3435769), np.int64(3463098), np.int64(3458489), np.int64(3454600), np.int64(3450631), np.int64(3433916), np.int64(3447842), np.int64(3473801), np.int64(3455813)]
INFO:cooler._reduce:records consumed: [np.int64(4098897), np.int64(4076792), np.int64(4095952), np.int64(3902492), np.int64(4048827), np.int64(4088901), np.int64(4079428), np.int64(4061710), np.int64(4096094), np.int64(4087764), np.int64(4079478), np.int64(4018453), np.int64(4029029), np.int64(4019485), np.int64(4005362), np.int64(3973982), np.int64(4021422), np.int64(4011377), np.int64(4042964), np.int64(4026702), np.int64(4028980), np.int64(4024112), np.int64(4001074), np.int64(4020963), np.int64(4043580), np.int64(4029140)]
INFO:cooler._reduce:records consumed: [np.int64(4108517), np.int64(4085733), np.int64(4105215), np.int64(3910937), np.int64(4057809), np.int64(4098363), np.int64(4088845), np.int64(4070808), np.int64(4105752), np.int64(4097279), np.int64(4088734), np.int64(4028006), np.int64(4038099), np.int64(4028915), np.int64(4014787), np.int64(3982890), np.int64(4031284), np.int64(4020940), np.int64(4052112), np.int64(4036366), np.int64(4038685), np.int64(4034106), np.int64(4009644), np.int64(4029785), np.int64(4053131), np.int64(4038494)]
INFO:cooler.create:Writing indexes
INFO:cooler.create:Writing info
INFO:cooler.create:Merging chunks 332-357: /mnt/storage3b/projects/no_ngsd/ahthapp1_T2T_ONT/analysis_other/porec/T2T11/cooler/tmpr371mk90.multi.cool::332-357
INFO:cooler.create:Creating cooler at "/mnt/storage3b/projects/no_ngsd/ahthapp1_T2T_ONT/analysis_other/porec/T2T11/cooler/tmpr371mk90.multi.cool::/332-357"
INFO:cooler.create:Writing chroms
INFO:cooler.create:Writing bins
INFO:cooler.create:Writing pixels
INFO:cooler._reduce:n_merge_epochs: 7
INFO:cooler._reduce:nnzs: [4047647, 4004265, 4067011, 3998019, 4015728, 3984487, 4042166, 3977437, 3989144, 4045341, 4086564, 4012478, 4025554, 4021700, 4024496, 3899782, 4012363, 4003114, 4022697, 4015432, 4025799, 4034911, 4036875, 4045694, 4038876]
INFO:cooler._reduce:records consumed: [np.int64(598101), np.int64(596585), np.int64(598857), np.int64(607799), np.int64(598850), np.int64(594396), np.int64(601001), np.int64(596128), np.int64(589067), np.int64(604196), np.int64(616288), np.int64(605427), np.int64(594486), np.int64(608834), np.int64(601663), np.int64(583989), np.int64(593650), np.int64(593704), np.int64(608602), np.int64(598860), np.int64(601621), np.int64(603057), np.int64(606179), np.int64(604654), np.int64(599450)]
INFO:cooler._reduce:records consumed: [np.int64(1197177), np.int64(1185250), np.int64(1207601), np.int64(1205716), np.int64(1193155), np.int64(1187550), np.int64(1209733), np.int64(1193582), np.int64(1179417), np.int64(1212833), np.int64(1237976), np.int64(1203803), np.int64(1188256), np.int64(1204430), np.int64(1206743), np.int64(1173011), np.int64(1190352), np.int64(1185219), np.int64(1210335), np.int64(1201086), np.int64(1200281), np.int64(1208362), np.int64(1199792), np.int64(1212765), np.int64(1211485)]
INFO:cooler._reduce:records consumed: [np.int64(1802988), np.int64(1779438), np.int64(1817185), np.int64(1804295), np.int64(1789023), np.int64(1779427), np.int64(1812896), np.int64(1784903), np.int64(1776843), np.int64(1820262), np.int64(1855288), np.int64(1802081), np.int64(1790805), np.int64(1809085), np.int64(1803066), np.int64(1755696), np.int64(1789296), np.int64(1792015), np.int64(1805400), np.int64(1795493), np.int64(1804111), np.int64(1809252), np.int64(1808777), np.int64(1814429), np.int64(1805689)]
INFO:cooler._reduce:records consumed: [np.int64(2400128), np.int64(2378217), np.int64(2433770), np.int64(2398401), np.int64(2393601), np.int64(2380751), np.int64(2416675), np.int64(2374418), np.int64(2362158), np.int64(2424250), np.int64(2470716), np.int64(2397126), np.int64(2396129), np.int64(2402949), np.int64(2413030), np.int64(2341222), np.int64(2397046), np.int64(2392802), np.int64(2392813), np.int64(2387098), np.int64(2406146), np.int64(2413382), np.int64(2411766), np.int64(2418259), np.int64(2404954)]
INFO:cooler._reduce:records consumed: [np.int64(3008481), np.int64(2975252), np.int64(3042463), np.int64(2993310), np.int64(2992987), np.int64(2966140), np.int64(3021392), np.int64(2966151), np.int64(2962029), np.int64(3025175), np.int64(3078986), np.int64(2997114), np.int64(3008065), np.int64(3000285), np.int64(3012926), np.int64(2913682), np.int64(3000889), np.int64(2992109), np.int64(2997716), np.int64(2991589), np.int64(3007974), np.int64(3010583), np.int64(3010458), np.int64(3016413), np.int64(3016491)]
INFO:cooler._reduce:records consumed: [np.int64(3618720), np.int64(3584040), np.int64(3649605), np.int64(3579568), np.int64(3597044), np.int64(3564511), np.int64(3623064), np.int64(3562387), np.int64(3574954), np.int64(3621342), np.int64(3680432), np.int64(3597109), np.int64(3604607), np.int64(3606622), np.int64(3605423), np.int64(3491926), np.int64(3595088), np.int64(3588098), np.int64(3597437), np.int64(3592983), np.int64(3608090), np.int64(3616032), np.int64(3610769), np.int64(3621238), np.int64(3617599)]
INFO:cooler._reduce:records consumed: [np.int64(4047647), np.int64(4004265), np.int64(4067011), np.int64(3998019), np.int64(4015728), np.int64(3984487), np.int64(4042166), np.int64(3977437), np.int64(3989144), np.int64(4045341), np.int64(4086564), np.int64(4012478), np.int64(4025554), np.int64(4021700), np.int64(4024496), np.int64(3899782), np.int64(4012363), np.int64(4003114), np.int64(4022697), np.int64(4015432), np.int64(4025799), np.int64(4034911), np.int64(4036875), np.int64(4045694), np.int64(4038876)]
INFO:cooler.create:Writing indexes
INFO:cooler.create:Writing info
INFO:cooler.create:Merging chunks 357-383: /mnt/storage3b/projects/no_ngsd/ahthapp1_T2T_ONT/analysis_other/porec/T2T11/cooler/tmpr371mk90.multi.cool::357-383
INFO:cooler.create:Creating cooler at "/mnt/storage3b/projects/no_ngsd/ahthapp1_T2T_ONT/analysis_other/porec/T2T11/cooler/tmpr371mk90.multi.cool::/357-383"
INFO:cooler.create:Writing chroms
INFO:cooler.create:Writing bins
INFO:cooler.create:Writing pixels
INFO:cooler._reduce:n_merge_epochs: 8
INFO:cooler._reduce:nnzs: [4037223, 4024446, 4091688, 4090996, 4070507, 4107272, 4090449, 4102335, 3870749, 4082982, 4079546, 4127322, 4101754, 4080193, 4100570, 4090235, 4078879, 4116131, 4115778, 4058666, 4085962, 4081225, 4072921, 4063547, 4095764, 4102483]
INFO:cooler._reduce:records consumed: [np.int64(559722), np.int64(570410), np.int64(579279), np.int64(576223), np.int64(576319), np.int64(584355), np.int64(581291), np.int64(587267), np.int64(555904), np.int64(583643), np.int64(571294), np.int64(575655), np.int64(576994), np.int64(574393), np.int64(577852), np.int64(572105), np.int64(573519), np.int64(582728), np.int64(584981), np.int64(577648), np.int64(584749), np.int64(584522), np.int64(579961), np.int64(570403), np.int64(585615), np.int64(577953)]
INFO:cooler._reduce:records consumed: [np.int64(1132448), np.int64(1145531), np.int64(1158579), np.int64(1155721), np.int64(1157367), np.int64(1167675), np.int64(1155323), np.int64(1162747), np.int64(1103312), np.int64(1165358), np.int64(1144262), np.int64(1164855), np.int64(1162076), np.int64(1148262), np.int64(1150901), np.int64(1158074), np.int64(1160976), np.int64(1167136), np.int64(1165110), np.int64(1146697), np.int64(1161787), np.int64(1151972), np.int64(1157067), np.int64(1144417), np.int64(1163195), np.int64(1154546)]
INFO:cooler._reduce:records consumed: [np.int64(1701722), np.int64(1710595), np.int64(1738334), np.int64(1734299), np.int64(1728900), np.int64(1752516), np.int64(1734434), np.int64(1741907), np.int64(1649752), np.int64(1742188), np.int64(1723542), np.int64(1758940), np.int64(1739693), np.int64(1728038), np.int64(1730068), np.int64(1741736), np.int64(1739867), np.int64(1748733), np.int64(1751621), np.int64(1718849), np.int64(1736017), np.int64(1731463), np.int64(1733499), np.int64(1717505), np.int64(1740265), np.int64(1732862)]
INFO:cooler._reduce:records consumed: [np.int64(2271667), np.int64(2281956), np.int64(2314183), np.int64(2306735), np.int64(2311577), np.int64(2335667), np.int64(2323225), np.int64(2321406), np.int64(2196117), np.int64(2310797), np.int64(2300877), np.int64(2348338), np.int64(2317681), np.int64(2308330), np.int64(2309758), np.int64(2322684), np.int64(2310104), np.int64(2331736), np.int64(2349329), np.int64(2299350), np.int64(2316603), np.int64(2301510), np.int64(2302518), np.int64(2288808), np.int64(2312698), np.int64(2316547)]
INFO:cooler._reduce:records consumed: [np.int64(2849263), np.int64(2857604), np.int64(2896249), np.int64(2893015), np.int64(2890549), np.int64(2919710), np.int64(2901837), np.int64(2895302), np.int64(2740591), np.int64(2892308), np.int64(2879050), np.int64(2926989), np.int64(2903631), np.int64(2883299), np.int64(2883293), np.int64(2894622), np.int64(2888358), np.int64(2907889), np.int64(2916543), np.int64(2880049), np.int64(2895601), np.int64(2886366), np.int64(2867685), np.int64(2870085), np.int64(2887904), np.int64(2903386)]
INFO:cooler._reduce:records consumed: [np.int64(3423701), np.int64(3421865), np.int64(3479994), np.int64(3468894), np.int64(3466501), np.int64(3489184), np.int64(3476652), np.int64(3479362), np.int64(3272572), np.int64(3471094), np.int64(3452997), np.int64(3504294), np.int64(3487395), np.int64(3462503), np.int64(3474679), np.int64(3475594), np.int64(3466135), np.int64(3491246), np.int64(3498370), np.int64(3453989), np.int64(3466123), np.int64(3461944), np.int64(3458319), np.int64(3448006), np.int64(3475251), np.int64(3485633)]
INFO:cooler._reduce:records consumed: [np.int64(3998337), np.int64(3984924), np.int64(4052341), np.int64(4051848), np.int64(4031475), np.int64(4069207), np.int64(4051325), np.int64(4062499), np.int64(3833770), np.int64(4045422), np.int64(4040072), np.int64(4088107), np.int64(4063781), np.int64(4041567), np.int64(4061276), np.int64(4051133), np.int64(4038858), np.int64(4078403), np.int64(4078204), np.int64(4019822), np.int64(4046090), np.int64(4042142), np.int64(4033473), np.int64(4025748), np.int64(4058107), np.int64(4064487)]
INFO:cooler._reduce:records consumed: [np.int64(4037223), np.int64(4024446), np.int64(4091688), np.int64(4090996), np.int64(4070507), np.int64(4107272), np.int64(4090449), np.int64(4102335), np.int64(3870749), np.int64(4082982), np.int64(4079546), np.int64(4127322), np.int64(4101754), np.int64(4080193), np.int64(4100570), np.int64(4090235), np.int64(4078879), np.int64(4116131), np.int64(4115778), np.int64(4058666), np.int64(4085962), np.int64(4081225), np.int64(4072921), np.int64(4063547), np.int64(4095764), np.int64(4102483)]
INFO:cooler.create:Writing indexes
INFO:cooler.create:Writing info
INFO:cooler.create:Merging chunks 383-409: /mnt/storage3b/projects/no_ngsd/ahthapp1_T2T_ONT/analysis_other/porec/T2T11/cooler/tmpr371mk90.multi.cool::383-409
INFO:cooler.create:Creating cooler at "/mnt/storage3b/projects/no_ngsd/ahthapp1_T2T_ONT/analysis_other/porec/T2T11/cooler/tmpr371mk90.multi.cool::/383-409"
INFO:cooler.create:Writing chroms
INFO:cooler.create:Writing bins
INFO:cooler.create:Writing pixels
INFO:cooler._reduce:n_merge_epochs: 8
INFO:cooler._reduce:nnzs: [4062920, 4109847, 4056092, 4067502, 4087422, 4092181, 4089081, 4090046, 4081254, 4056760, 4070267, 4064937, 4058024, 4072410, 4038803, 4059102, 4064425, 4050268, 4105933, 4077761, 4092738, 4074412, 4056441, 4073721, 4100445, 4090279]
INFO:cooler._reduce:records consumed: [np.int64(570703), np.int64(581579), np.int64(582966), np.int64(570200), np.int64(586572), np.int64(581639), np.int64(573794), np.int64(582436), np.int64(579722), np.int64(570796), np.int64(572516), np.int64(568067), np.int64(567558), np.int64(576875), np.int64(572086), np.int64(562646), np.int64(572049), np.int64(576491), np.int64(582823), np.int64(583873), np.int64(586152), np.int64(579251), np.int64(581211), np.int64(584048), np.int64(584619), np.int64(571069)]
INFO:cooler._reduce:records consumed: [np.int64(1155033), np.int64(1178217), np.int64(1151239), np.int64(1150085), np.int64(1173967), np.int64(1159590), np.int64(1150812), np.int64(1164449), np.int64(1161635), np.int64(1149996), np.int64(1146337), np.int64(1140233), np.int64(1139179), np.int64(1146833), np.int64(1137885), np.int64(1133603), np.int64(1146756), np.int64(1156982), np.int64(1164783), np.int64(1162548), np.int64(1158145), np.int64(1160036), np.int64(1151019), np.int64(1150073), np.int64(1174378), np.int64(1138525)]
INFO:cooler._reduce:records consumed: [np.int64(1730920), np.int64(1762571), np.int64(1730492), np.int64(1734210), np.int64(1748195), np.int64(1737806), np.int64(1733518), np.int64(1738032), np.int64(1733409), np.int64(1723711), np.int64(1717711), np.int64(1718248), np.int64(1713948), np.int64(1722908), np.int64(1705127), np.int64(1711505), np.int64(1715212), np.int64(1725715), np.int64(1750796), np.int64(1737387), np.int64(1739960), np.int64(1738907), np.int64(1728031), np.int64(1724609), np.int64(1763201), np.int64(1720168)]
INFO:cooler._reduce:records consumed: [np.int64(2305324), np.int64(2329586), np.int64(2303915), np.int64(2311212), np.int64(2322174), np.int64(2320343), np.int64(2314336), np.int64(2320788), np.int64(2313750), np.int64(2300351), np.int64(2292991), np.int64(2291824), np.int64(2293900), np.int64(2302053), np.int64(2271469), np.int64(2289567), np.int64(2289938), np.int64(2303215), np.int64(2329950), np.int64(2310582), np.int64(2323576), np.int64(2313108), np.int64(2294231), np.int64(2311336), np.int64(2342553), np.int64(2306743)]
INFO:cooler._reduce:records consumed: [np.int64(2876385), np.int64(2910828), np.int64(2865415), np.int64(2882729), np.int64(2904221), np.int64(2896824), np.int64(2890480), np.int64(2896703), np.int64(2892967), np.int64(2877329), np.int64(2876944), np.int64(2873021), np.int64(2871093), np.int64(2878722), np.int64(2850817), np.int64(2871572), np.int64(2867113), np.int64(2878745), np.int64(2910344), np.int64(2893559), np.int64(2900119), np.int64(2885691), np.int64(2873222), np.int64(2887238), np.int64(2913751), np.int64(2885353)]
INFO:cooler._reduce:records consumed: [np.int64(3452454), np.int64(3492189), np.int64(3437265), np.int64(3461496), np.int64(3471020), np.int64(3477713), np.int64(3470866), np.int64(3471430), np.int64(3469989), np.int64(3444889), np.int64(3452724), np.int64(3453579), np.int64(3445216), np.int64(3453125), np.int64(3425192), np.int64(3453684), np.int64(3446302), np.int64(3446150), np.int64(3495187), np.int64(3472859), np.int64(3486101), np.int64(3462479), np.int64(3446244), np.int64(3465760), np.int64(3488966), np.int64(3469065)]
INFO:cooler._reduce:records consumed: [np.int64(4027895), np.int64(4073744), np.int64(4020686), np.int64(4030768), np.int64(4050505), np.int64(4056164), np.int64(4053506), np.int64(4053714), np.int64(4047081), np.int64(4022341), np.int64(4034114), np.int64(4030135), np.int64(4022743), np.int64(4035276), np.int64(4002126), np.int64(4023542), np.int64(4027868), np.int64(4014224), np.int64(4070879), np.int64(4043154), np.int64(4055503), np.int64(4038144), np.int64(4020698), np.int64(4039706), np.int64(4063834), np.int64(4054313)]
INFO:cooler._reduce:records consumed: [np.int64(4062920), np.int64(4109847), np.int64(4056092), np.int64(4067502), np.int64(4087422), np.int64(4092181), np.int64(4089081), np.int64(4090046), np.int64(4081254), np.int64(4056760), np.int64(4070267), np.int64(4064937), np.int64(4058024), np.int64(4072410), np.int64(4038803), np.int64(4059102), np.int64(4064425), np.int64(4050268), np.int64(4105933), np.int64(4077761), np.int64(4092738), np.int64(4074412), np.int64(4056441), np.int64(4073721), np.int64(4100445), np.int64(4090279)]
INFO:cooler.create:Writing indexes
INFO:cooler.create:Writing info
INFO:cooler.create:Merging chunks 409-434: /mnt/storage3b/projects/no_ngsd/ahthapp1_T2T_ONT/analysis_other/porec/T2T11/cooler/tmpr371mk90.multi.cool::409-434
INFO:cooler.create:Creating cooler at "/mnt/storage3b/projects/no_ngsd/ahthapp1_T2T_ONT/analysis_other/porec/T2T11/cooler/tmpr371mk90.multi.cool::/409-434"
INFO:cooler.create:Writing chroms
INFO:cooler.create:Writing bins
INFO:cooler.create:Writing pixels
INFO:cooler._reduce:n_merge_epochs: 7
INFO:cooler._reduce:nnzs: [4062579, 4072952, 4080160, 4063573, 4080908, 4079273, 4119148, 4090534, 4098696, 4075724, 4080718, 4078037, 4091250, 4083962, 4079982, 4107312, 4080280, 4049949, 4084647, 4095316, 4082134, 4055481, 4086645, 4084224, 4074558]
INFO:cooler._reduce:records consumed: [np.int64(604242), np.int64(594009), np.int64(599723), np.int64(598855), np.int64(596772), np.int64(604099), np.int64(600089), np.int64(598408), np.int64(615661), np.int64(600456), np.int64(607767), np.int64(596358), np.int64(593864), np.int64(600085), np.int64(599461), np.int64(597013), np.int64(609794), np.int64(605368), np.int64(598529), np.int64(599069), np.int64(595064), np.int64(593032), np.int64(602992), np.int64(595786), np.int64(597066)]
INFO:cooler._reduce:records consumed: [np.int64(1189063), np.int64(1191287), np.int64(1206707), np.int64(1186511), np.int64(1203691), np.int64(1208480), np.int64(1213038), np.int64(1194880), np.int64(1214090), np.int64(1206140), np.int64(1198987), np.int64(1188460), np.int64(1196894), np.int64(1197810), np.int64(1209394), np.int64(1200281), np.int64(1204315), np.int64(1209564), np.int64(1195559), np.int64(1201654), np.int64(1182173), np.int64(1195881), np.int64(1213973), np.int64(1198177), np.int64(1201978)]
INFO:cooler._reduce:records consumed: [np.int64(1786911), np.int64(1792258), np.int64(1798719), np.int64(1784308), np.int64(1798442), np.int64(1808204), np.int64(1820553), np.int64(1797296), np.int64(1822349), np.int64(1802441), np.int64(1797041), np.int64(1786614), np.int64(1800911), np.int64(1793815), np.int64(1814033), np.int64(1805823), np.int64(1805275), np.int64(1795770), np.int64(1792408), np.int64(1800469), np.int64(1783820), np.int64(1799979), np.int64(1811441), np.int64(1805761), np.int64(1806722)]
INFO:cooler._reduce:records consumed: [np.int64(2391273), np.int64(2398769), np.int64(2397360), np.int64(2374373), np.int64(2402176), np.int64(2401662), np.int64(2433320), np.int64(2402004), np.int64(2422086), np.int64(2402143), np.int64(2388588), np.int64(2388002), np.int64(2403982), np.int64(2395011), np.int64(2402548), np.int64(2411509), np.int64(2407989), np.int64(2389940), np.int64(2387790), np.int64(2416166), np.int64(2394413), np.int64(2390796), np.int64(2399787), np.int64(2408784), np.int64(2403282)]
INFO:cooler._reduce:records consumed: [np.int64(2985834), np.int64(2998002), np.int64(2999865), np.int64(2976385), np.int64(3000496), np.int64(2993904), np.int64(3034135), np.int64(3002967), np.int64(3020128), np.int64(2994184), np.int64(2986617), np.int64(3000715), np.int64(3008213), np.int64(2995127), np.int64(3003454), np.int64(3022844), np.int64(2998377), np.int64(2979493), np.int64(2992670), np.int64(3022335), np.int64(3001808), np.int64(2982423), np.int64(3008602), np.int64(3002713), np.int64(3003085)]
INFO:cooler._reduce:records consumed: [np.int64(3582960), np.int64(3596742), np.int64(3596601), np.int64(3578857), np.int64(3594273), np.int64(3588013), np.int64(3637928), np.int64(3605951), np.int64(3621223), np.int64(3595358), np.int64(3599041), np.int64(3598250), np.int64(3610391), np.int64(3600519), np.int64(3602487), np.int64(3623076), np.int64(3603525), np.int64(3574758), np.int64(3602384), np.int64(3618082), np.int64(3597952), np.int64(3577909), np.int64(3605071), np.int64(3604042), np.int64(3599573)]
INFO:cooler._reduce:records consumed: [np.int64(4062579), np.int64(4072952), np.int64(4080160), np.int64(4063573), np.int64(4080908), np.int64(4079273), np.int64(4119148), np.int64(4090534), np.int64(4098696), np.int64(4075724), np.int64(4080718), np.int64(4078037), np.int64(4091250), np.int64(4083962), np.int64(4079982), np.int64(4107312), np.int64(4080280), np.int64(4049949), np.int64(4084647), np.int64(4095316), np.int64(4082134), np.int64(4055481), np.int64(4086645), np.int64(4084224), np.int64(4074558)]
INFO:cooler.create:Writing indexes
INFO:cooler.create:Writing info
INFO:cooler.create:Merging chunks 434-460: /mnt/storage3b/projects/no_ngsd/ahthapp1_T2T_ONT/analysis_other/porec/T2T11/cooler/tmpr371mk90.multi.cool::434-460
INFO:cooler.create:Creating cooler at "/mnt/storage3b/projects/no_ngsd/ahthapp1_T2T_ONT/analysis_other/porec/T2T11/cooler/tmpr371mk90.multi.cool::/434-460"
INFO:cooler.create:Writing chroms
INFO:cooler.create:Writing bins
INFO:cooler.create:Writing pixels
INFO:cooler._reduce:n_merge_epochs: 8
INFO:cooler._reduce:nnzs: [4076993, 4077458, 4061262, 4100873, 4088206, 4051857, 4093955, 4074406, 4087468, 4065288, 4052027, 4088346, 4009457, 4048474, 4070975, 4056009, 4051024, 4091509, 4066252, 4079105, 4082394, 4069270, 4066980, 4091580, 4038731, 4040746]
INFO:cooler._reduce:records consumed: [np.int64(578687), np.int64(574844), np.int64(572201), np.int64(579232), np.int64(573819), np.int64(578069), np.int64(584297), np.int64(580326), np.int64(576931), np.int64(575206), np.int64(580838), np.int64(572465), np.int64(557815), np.int64(574111), np.int64(577997), np.int64(579030), np.int64(568335), np.int64(581085), np.int64(585831), np.int64(573372), np.int64(576860), np.int64(582225), np.int64(584292), np.int64(576642), np.int64(581750), np.int64(574655)]
INFO:cooler._reduce:records consumed: [np.int64(1158263), np.int64(1151419), np.int64(1148969), np.int64(1157853), np.int64(1144082), np.int64(1150837), np.int64(1170254), np.int64(1161252), np.int64(1160869), np.int64(1143229), np.int64(1148942), np.int64(1164519), np.int64(1131633), np.int64(1141998), np.int64(1155580), np.int64(1153065), np.int64(1139035), np.int64(1162731), np.int64(1171750), np.int64(1154901), np.int64(1150921), np.int64(1161409), np.int64(1149355), np.int64(1164672), np.int64(1164870), np.int64(1141397)]
INFO:cooler._reduce:records consumed: [np.int64(1742945), np.int64(1727326), np.int64(1735322), np.int64(1732931), np.int64(1722226), np.int64(1715425), np.int64(1750543), np.int64(1745928), np.int64(1749839), np.int64(1728774), np.int64(1720640), np.int64(1746084), np.int64(1695027), np.int64(1721568), np.int64(1735096), np.int64(1723182), np.int64(1719333), np.int64(1749571), np.int64(1742121), np.int64(1731504), np.int64(1730845), np.int64(1726159), np.int64(1729408), np.int64(1741323), np.int64(1726122), np.int64(1714945)]
INFO:cooler._reduce:records consumed: [np.int64(2323942), np.int64(2310719), np.int64(2304734), np.int64(2312955), np.int64(2306892), np.int64(2287779), np.int64(2328729), np.int64(2318862), np.int64(2318578), np.int64(2302242), np.int64(2291680), np.int64(2326524), np.int64(2276164), np.int64(2297751), np.int64(2300184), np.int64(2298381), np.int64(2300096), np.int64(2320122), np.int64(2322810), np.int64(2314725), np.int64(2310483), np.int64(2300257), np.int64(2311709), np.int64(2328705), np.int64(2295003), np.int64(2295041)]
INFO:cooler._reduce:records consumed: [np.int64(2897167), np.int64(2890486), np.int64(2878276), np.int64(2900077), np.int64(2893732), np.int64(2862003), np.int64(2897006), np.int64(2893710), np.int64(2901954), np.int64(2875963), np.int64(2867184), np.int64(2906712), np.int64(2843714), np.int64(2881846), np.int64(2881593), np.int64(2878259), np.int64(2871281), np.int64(2895787), np.int64(2903035), np.int64(2890512), np.int64(2883572), np.int64(2880513), np.int64(2886754), np.int64(2899775), np.int64(2874511), np.int64(2873188)]
INFO:cooler._reduce:records consumed: [np.int64(3472115), np.int64(3468044), np.int64(3453689), np.int64(3482094), np.int64(3477099), np.int64(3439540), np.int64(3480945), np.int64(3464291), np.int64(3472907), np.int64(3461129), np.int64(3442588), np.int64(3487322), np.int64(3413769), np.int64(3449645), np.int64(3470797), np.int64(3449407), np.int64(3448901), np.int64(3477323), np.int64(3468395), np.int64(3471587), np.int64(3463139), np.int64(3455070), np.int64(3463460), np.int64(3483357), np.int64(3450446), np.int64(3442518)]
INFO:cooler._reduce:records consumed: [np.int64(4046304), np.int64(4046558), np.int64(4031476), np.int64(4069972), np.int64(4058248), np.int64(4022132), np.int64(4063471), np.int64(4045056), np.int64(4057078), np.int64(4036717), np.int64(4022931), np.int64(4059286), np.int64(3980675), np.int64(4017158), np.int64(4042481), np.int64(4026299), np.int64(4020984), np.int64(4062012), np.int64(4037723), np.int64(4049766), np.int64(4052208), np.int64(4039610), np.int64(4037989), np.int64(4062497), np.int64(4009385), np.int64(4011948)]
INFO:cooler._reduce:records consumed: [np.int64(4076993), np.int64(4077458), np.int64(4061262), np.int64(4100873), np.int64(4088206), np.int64(4051857), np.int64(4093955), np.int64(4074406), np.int64(4087468), np.int64(4065288), np.int64(4052027), np.int64(4088346), np.int64(4009457), np.int64(4048474), np.int64(4070975), np.int64(4056009), np.int64(4051024), np.int64(4091509), np.int64(4066252), np.int64(4079105), np.int64(4082394), np.int64(4069270), np.int64(4066980), np.int64(4091580), np.int64(4038731), np.int64(4040746)]
INFO:cooler.create:Writing indexes
INFO:cooler.create:Writing info
INFO:cooler.create:Merging chunks 460-485: /mnt/storage3b/projects/no_ngsd/ahthapp1_T2T_ONT/analysis_other/porec/T2T11/cooler/tmpr371mk90.multi.cool::460-485
INFO:cooler.create:Creating cooler at "/mnt/storage3b/projects/no_ngsd/ahthapp1_T2T_ONT/analysis_other/porec/T2T11/cooler/tmpr371mk90.multi.cool::/460-485"
INFO:cooler.create:Writing chroms
INFO:cooler.create:Writing bins
INFO:cooler.create:Writing pixels
INFO:cooler._reduce:n_merge_epochs: 7
INFO:cooler._reduce:nnzs: [4057729, 4082316, 4085868, 4065243, 3878220, 4038150, 4060133, 4093953, 4073411, 4051629, 4047838, 4105798, 4067701, 4079610, 4006614, 4070740, 4102440, 4064356, 4077888, 4089807, 4059162, 4062450, 3969957, 4066133, 4052985]
INFO:cooler._reduce:records consumed: [np.int64(599881), np.int64(594700), np.int64(598316), np.int64(598546), np.int64(573615), np.int64(594920), np.int64(609955), np.int64(617325), np.int64(599618), np.int64(606513), np.int64(612183), np.int64(605810), np.int64(603774), np.int64(604007), np.int64(593340), np.int64(598885), np.int64(612856), np.int64(600196), np.int64(593640), np.int64(603092), np.int64(596796), np.int64(591076), np.int64(590143), np.int64(596244), np.int64(608416)]
INFO:cooler._reduce:records consumed: [np.int64(1198994), np.int64(1206067), np.int64(1208357), np.int64(1197177), np.int64(1148154), np.int64(1193418), np.int64(1203585), np.int64(1220917), np.int64(1202891), np.int64(1212000), np.int64(1203146), np.int64(1213918), np.int64(1216107), np.int64(1207969), np.int64(1179321), np.int64(1206304), np.int64(1211440), np.int64(1200559), np.int64(1198960), np.int64(1210706), np.int64(1198017), np.int64(1186731), np.int64(1176119), np.int64(1201135), np.int64(1203180)]
INFO:cooler._reduce:records consumed: [np.int64(1804939), np.int64(1804190), np.int64(1822083), np.int64(1798026), np.int64(1719995), np.int64(1794219), np.int64(1795574), np.int64(1831735), np.int64(1808082), np.int64(1809500), np.int64(1789787), np.int64(1829542), np.int64(1818318), np.int64(1805506), np.int64(1772897), np.int64(1810790), np.int64(1813582), np.int64(1802424), np.int64(1803901), np.int64(1817449), np.int64(1796922), np.int64(1795618), np.int64(1760244), np.int64(1800215), np.int64(1803351)]
INFO:cooler._reduce:records consumed: [np.int64(2400920), np.int64(2409220), np.int64(2432803), np.int64(2400645), np.int64(2277876), np.int64(2393073), np.int64(2396581), np.int64(2429619), np.int64(2403720), np.int64(2412148), np.int64(2388519), np.int64(2435725), np.int64(2424543), np.int64(2413915), np.int64(2378645), np.int64(2418004), np.int64(2418955), np.int64(2398954), np.int64(2401444), np.int64(2423541), np.int64(2387845), np.int64(2404039), np.int64(2347165), np.int64(2413373), np.int64(2400261)]
INFO:cooler._reduce:records consumed: [np.int64(2999155), np.int64(3016234), np.int64(3033595), np.int64(2997671), np.int64(2841651), np.int64(2986274), np.int64(2996954), np.int64(3042321), np.int64(3011710), np.int64(3000279), np.int64(2990420), np.int64(3047177), np.int64(3018863), np.int64(3010170), np.int64(2968770), np.int64(3018296), np.int64(3037521), np.int64(3005886), np.int64(3014968), np.int64(3022424), np.int64(2991923), np.int64(2998489), np.int64(2939226), np.int64(3017444), np.int64(3007168)]
INFO:cooler._reduce:records consumed: [np.int64(3598451), np.int64(3621065), np.int64(3637108), np.int64(3608043), np.int64(3426005), np.int64(3586565), np.int64(3601937), np.int64(3637151), np.int64(3619911), np.int64(3597536), np.int64(3588219), np.int64(3647096), np.int64(3610862), np.int64(3618777), np.int64(3560578), np.int64(3613773), np.int64(3640354), np.int64(3605026), np.int64(3621087), np.int64(3636511), np.int64(3603383), np.int64(3601956), np.int64(3524489), np.int64(3612227), np.int64(3597870)]
INFO:cooler._reduce:records consumed: [np.int64(4057729), np.int64(4082316), np.int64(4085868), np.int64(4065243), np.int64(3878220), np.int64(4038150), np.int64(4060133), np.int64(4093953), np.int64(4073411), np.int64(4051629), np.int64(4047838), np.int64(4105798), np.int64(4067701), np.int64(4079610), np.int64(4006614), np.int64(4070740), np.int64(4102440), np.int64(4064356), np.int64(4077888), np.int64(4089807), np.int64(4059162), np.int64(4062450), np.int64(3969957), np.int64(4066133), np.int64(4052985)]
INFO:cooler.create:Writing indexes
INFO:cooler.create:Writing info
INFO:cooler.create:Merging chunks 485-511: /mnt/storage3b/projects/no_ngsd/ahthapp1_T2T_ONT/analysis_other/porec/T2T11/cooler/tmpr371mk90.multi.cool::485-511
INFO:cooler.create:Creating cooler at "/mnt/storage3b/projects/no_ngsd/ahthapp1_T2T_ONT/analysis_other/porec/T2T11/cooler/tmpr371mk90.multi.cool::/485-511"
INFO:cooler.create:Writing chroms
INFO:cooler.create:Writing bins
INFO:cooler.create:Writing pixels
INFO:cooler._reduce:n_merge_epochs: 8
INFO:cooler._reduce:nnzs: [4093057, 4058634, 4061300, 4069990, 4071341, 4092815, 4065527, 4085997, 4074584, 4042210, 4074275, 4070555, 4075846, 4040748, 4068136, 4065084, 4060270, 4034924, 4039751, 4075482, 4077904, 4058692, 4098679, 4050110, 4074372, 4071695]
INFO:cooler._reduce:records consumed: [np.int64(583152), np.int64(571118), np.int64(580563), np.int64(583622), np.int64(574568), np.int64(574473), np.int64(580357), np.int64(573869), np.int64(569893), np.int64(581007), np.int64(578795), np.int64(586788), np.int64(575785), np.int64(572877), np.int64(583248), np.int64(573104), np.int64(569374), np.int64(575723), np.int64(562737), np.int64(580630), np.int64(582377), np.int64(580169), np.int64(574184), np.int64(579509), np.int64(579342), np.int64(578124)]
INFO:cooler._reduce:records consumed: [np.int64(1160317), np.int64(1141025), np.int64(1152576), np.int64(1166250), np.int64(1156136), np.int64(1149842), np.int64(1152149), np.int64(1163147), np.int64(1152581), np.int64(1148862), np.int64(1160362), np.int64(1162828), np.int64(1155667), np.int64(1141683), np.int64(1153051), np.int64(1149182), np.int64(1154526), np.int64(1145067), np.int64(1142864), np.int64(1166249), np.int64(1155746), np.int64(1158491), np.int64(1151447), np.int64(1155436), np.int64(1159432), np.int64(1152562)]
INFO:cooler._reduce:records consumed: [np.int64(1739440), np.int64(1728376), np.int64(1733277), np.int64(1739424), np.int64(1728033), np.int64(1733736), np.int64(1733941), np.int64(1735634), np.int64(1736362), np.int64(1719995), np.int64(1731768), np.int64(1746574), np.int64(1732554), np.int64(1707018), np.int64(1722951), np.int64(1730708), np.int64(1734597), np.int64(1723097), np.int64(1718718), np.int64(1743790), np.int64(1726540), np.int64(1733459), np.int64(1731772), np.int64(1731283), np.int64(1736870), np.int64(1728514)]
INFO:cooler._reduce:records consumed: [np.int64(2320845), np.int64(2299869), np.int64(2308501), np.int64(2317329), np.int64(2302130), np.int64(2314093), np.int64(2303718), np.int64(2323192), np.int64(2313834), np.int64(2295137), np.int64(2314517), np.int64(2320547), np.int64(2309513), np.int64(2283947), np.int64(2305222), np.int64(2309504), np.int64(2317500), np.int64(2297192), np.int64(2288991), np.int64(2313497), np.int64(2298824), np.int64(2303692), np.int64(2319599), np.int64(2299606), np.int64(2314800), np.int64(2315044)]
INFO:cooler._reduce:records consumed: [np.int64(2898662), np.int64(2881275), np.int64(2879989), np.int64(2892261), np.int64(2875225), np.int64(2903396), np.int64(2886860), np.int64(2908725), np.int64(2893446), np.int64(2863385), np.int64(2890504), np.int64(2898821), np.int64(2881155), np.int64(2861055), np.int64(2883463), np.int64(2884174), np.int64(2893259), np.int64(2870051), np.int64(2862780), np.int64(2887435), np.int64(2881658), np.int64(2880772), np.int64(2897064), np.int64(2872182), np.int64(2891339), np.int64(2892081)]
INFO:cooler._reduce:records consumed: [np.int64(3481363), np.int64(3457156), np.int64(3456457), np.int64(3470172), np.int64(3463348), np.int64(3478741), np.int64(3461300), np.int64(3483932), np.int64(3473235), np.int64(3434889), np.int64(3458492), np.int64(3466565), np.int64(3469471), np.int64(3439718), np.int64(3459125), np.int64(3465550), np.int64(3464556), np.int64(3441237), np.int64(3436979), np.int64(3465274), np.int64(3463153), np.int64(3453755), np.int64(3482535), np.int64(3455207), np.int64(3466199), np.int64(3465076)]
INFO:cooler._reduce:records consumed: [np.int64(4063136), np.int64(4031301), np.int64(4032295), np.int64(4043403), np.int64(4042212), np.int64(4063743), np.int64(4036848), np.int64(4058016), np.int64(4046123), np.int64(4013877), np.int64(4046132), np.int64(4042617), np.int64(4046707), np.int64(4012396), np.int64(4038658), np.int64(4037389), np.int64(4031072), np.int64(4006662), np.int64(4011408), np.int64(4047090), np.int64(4048367), np.int64(4029925), np.int64(4070078), np.int64(4024267), np.int64(4045720), np.int64(4044287)]
INFO:cooler._reduce:records consumed: [np.int64(4093057), np.int64(4058634), np.int64(4061300), np.int64(4069990), np.int64(4071341), np.int64(4092815), np.int64(4065527), np.int64(4085997), np.int64(4074584), np.int64(4042210), np.int64(4074275), np.int64(4070555), np.int64(4075846), np.int64(4040748), np.int64(4068136), np.int64(4065084), np.int64(4060270), np.int64(4034924), np.int64(4039751), np.int64(4075482), np.int64(4077904), np.int64(4058692), np.int64(4098679), np.int64(4050110), np.int64(4074372), np.int64(4071695)]
INFO:cooler.create:Writing indexes
INFO:cooler.create:Writing info
INFO:cooler.create:Merging chunks 511-536: /mnt/storage3b/projects/no_ngsd/ahthapp1_T2T_ONT/analysis_other/porec/T2T11/cooler/tmpr371mk90.multi.cool::511-536
INFO:cooler.create:Creating cooler at "/mnt/storage3b/projects/no_ngsd/ahthapp1_T2T_ONT/analysis_other/porec/T2T11/cooler/tmpr371mk90.multi.cool::/511-536"
INFO:cooler.create:Writing chroms
INFO:cooler.create:Writing bins
INFO:cooler.create:Writing pixels
INFO:cooler._reduce:n_merge_epochs: 7
INFO:cooler._reduce:nnzs: [4036503, 4032896, 4060067, 4068082, 4075571, 4064539, 4060383, 4093050, 4050765, 4029269, 4069978, 4081776, 4058251, 4047158, 4089471, 4089262, 4070296, 4086702, 4085216, 4035551, 4102075, 4045721, 4070278, 4096146, 4043447]
INFO:cooler._reduce:records consumed: [np.int64(603959), np.int64(591527), np.int64(604964), np.int64(604632), np.int64(608970), np.int64(598683), np.int64(598100), np.int64(606790), np.int64(593371), np.int64(593249), np.int64(606109), np.int64(606494), np.int64(601631), np.int64(602836), np.int64(596205), np.int64(597904), np.int64(605152), np.int64(599853), np.int64(605152), np.int64(598489), np.int64(600186), np.int64(587114), np.int64(605823), np.int64(600770), np.int64(587703)]
INFO:cooler._reduce:records consumed: [np.int64(1200530), np.int64(1187334), np.int64(1197723), np.int64(1204843), np.int64(1211724), np.int64(1199904), np.int64(1194665), np.int64(1211768), np.int64(1188110), np.int64(1192959), np.int64(1206422), np.int64(1219910), np.int64(1211871), np.int64(1200459), np.int64(1187440), np.int64(1198346), np.int64(1202579), np.int64(1206509), np.int64(1206138), np.int64(1191153), np.int64(1202293), np.int64(1192302), np.int64(1214337), np.int64(1196636), np.int64(1183897)]
INFO:cooler._reduce:records consumed: [np.int64(1789145), np.int64(1776667), np.int64(1801628), np.int64(1807144), np.int64(1815544), np.int64(1809321), np.int64(1796808), np.int64(1813885), np.int64(1776832), np.int64(1788465), np.int64(1807130), np.int64(1816882), np.int64(1801474), np.int64(1803651), np.int64(1796766), np.int64(1802814), np.int64(1799587), np.int64(1803454), np.int64(1812970), np.int64(1787445), np.int64(1816473), np.int64(1791677), np.int64(1819234), np.int64(1788958), np.int64(1786182)]
INFO:cooler._reduce:records consumed: [np.int64(2386408), np.int64(2375197), np.int64(2394078), np.int64(2407040), np.int64(2419213), np.int64(2407466), np.int64(2390863), np.int64(2419424), np.int64(2381878), np.int64(2381193), np.int64(2411077), np.int64(2417801), np.int64(2402366), np.int64(2397603), np.int64(2403932), np.int64(2400941), np.int64(2403099), np.int64(2401358), np.int64(2409334), np.int64(2376127), np.int64(2424290), np.int64(2399503), np.int64(2411417), np.int64(2404184), np.int64(2387305)]
INFO:cooler._reduce:records consumed: [np.int64(2974776), np.int64(2972861), np.int64(2999778), np.int64(3013607), np.int64(3012422), np.int64(3002466), np.int64(2986790), np.int64(3025089), np.int64(2978309), np.int64(2976138), np.int64(3009055), np.int64(3022078), np.int64(3002358), np.int64(2993468), np.int64(3009750), np.int64(3010024), np.int64(3002372), np.int64(3003145), np.int64(3016132), np.int64(2970196), np.int64(3033176), np.int64(2988568), np.int64(3009840), np.int64(3009832), np.int64(2993298)]
INFO:cooler._reduce:records consumed: [np.int64(3576201), np.int64(3573917), np.int64(3598070), np.int64(3603974), np.int64(3613956), np.int64(3609066), np.int64(3592993), np.int64(3625447), np.int64(3579840), np.int64(3567287), np.int64(3607158), np.int64(3623133), np.int64(3598105), np.int64(3584968), np.int64(3618455), np.int64(3618552), np.int64(3606163), np.int64(3610267), np.int64(3608887), np.int64(3572217), np.int64(3629780), np.int64(3586542), np.int64(3600990), np.int64(3626612), np.int64(3583454)]
INFO:cooler._reduce:records consumed: [np.int64(4036503), np.int64(4032896), np.int64(4060067), np.int64(4068082), np.int64(4075571), np.int64(4064539), np.int64(4060383), np.int64(4093050), np.int64(4050765), np.int64(4029269), np.int64(4069978), np.int64(4081776), np.int64(4058251), np.int64(4047158), np.int64(4089471), np.int64(4089262), np.int64(4070296), np.int64(4086702), np.int64(4085216), np.int64(4035551), np.int64(4102075), np.int64(4045721), np.int64(4070278), np.int64(4096146), np.int64(4043447)]
INFO:cooler.create:Writing indexes
INFO:cooler.create:Writing info
INFO:cooler.create:Merging chunks 536-562: /mnt/storage3b/projects/no_ngsd/ahthapp1_T2T_ONT/analysis_other/porec/T2T11/cooler/tmpr371mk90.multi.cool::536-562
INFO:cooler.create:Creating cooler at "/mnt/storage3b/projects/no_ngsd/ahthapp1_T2T_ONT/analysis_other/porec/T2T11/cooler/tmpr371mk90.multi.cool::/536-562"
INFO:cooler.create:Writing chroms
INFO:cooler.create:Writing bins
INFO:cooler.create:Writing pixels
INFO:cooler._reduce:n_merge_epochs: 8
INFO:cooler._reduce:nnzs: [4058253, 4103312, 4083930, 4077670, 4046158, 4067349, 4076166, 4043492, 4075871, 4079275, 4098324, 4094467, 4056310, 4091675, 4055818, 4066239, 4055366, 4080990, 4059028, 4073315, 4053866, 4082109, 3816965, 4078566, 4065781, 4066283]
INFO:cooler._reduce:records consumed: [np.int64(575445), np.int64(582129), np.int64(576866), np.int64(577268), np.int64(569403), np.int64(574675), np.int64(574276), np.int64(570508), np.int64(577142), np.int64(586165), np.int64(574461), np.int64(582813), np.int64(582531), np.int64(587917), np.int64(570667), np.int64(586634), np.int64(570544), np.int64(576438), np.int64(575809), np.int64(580401), np.int64(575760), np.int64(580974), np.int64(552013), np.int64(587282), np.int64(578377), np.int64(574773)]
INFO:cooler._reduce:records consumed: [np.int64(1158252), np.int64(1164001), np.int64(1155416), np.int64(1162276), np.int64(1145602), np.int64(1154498), np.int64(1156520), np.int64(1143401), np.int64(1150556), np.int64(1172200), np.int64(1160990), np.int64(1157411), np.int64(1149041), np.int64(1174523), np.int64(1151855), np.int64(1165039), np.int64(1149678), np.int64(1149606), np.int64(1150264), np.int64(1161170), np.int64(1154407), np.int64(1164684), np.int64(1085564), np.int64(1163964), np.int64(1155847), np.int64(1147757)]
INFO:cooler._reduce:records consumed: [np.int64(1730483), np.int64(1741605), np.int64(1730680), np.int64(1733772), np.int64(1724501), np.int64(1733417), np.int64(1738537), np.int64(1723961), np.int64(1739185), np.int64(1752572), np.int64(1745196), np.int64(1752360), np.int64(1726662), np.int64(1751913), np.int64(1725894), np.int64(1742485), np.int64(1724020), np.int64(1727195), np.int64(1726890), np.int64(1733893), np.int64(1725618), np.int64(1747337), np.int64(1627634), np.int64(1739785), np.int64(1732016), np.int64(1728372)]
INFO:cooler._reduce:records consumed: [np.int64(2304693), np.int64(2332238), np.int64(2314031), np.int64(2318241), np.int64(2304965), np.int64(2320406), np.int64(2315273), np.int64(2297124), np.int64(2319600), np.int64(2329509), np.int64(2324700), np.int64(2334403), np.int64(2302013), np.int64(2329743), np.int64(2306374), np.int64(2319860), np.int64(2299747), np.int64(2312427), np.int64(2307907), np.int64(2315140), np.int64(2300380), np.int64(2325766), np.int64(2157542), np.int64(2306586), np.int64(2303546), np.int64(2305800)]
INFO:cooler._reduce:records consumed: [np.int64(2884293), np.int64(2923659), np.int64(2890115), np.int64(2899598), np.int64(2875602), np.int64(2897185), np.int64(2894037), np.int64(2872407), np.int64(2897702), np.int64(2909118), np.int64(2908279), np.int64(2912340), np.int64(2878841), np.int64(2904509), np.int64(2879208), np.int64(2898148), np.int64(2874441), np.int64(2884927), np.int64(2878690), np.int64(2896197), np.int64(2866715), np.int64(2916372), np.int64(2701304), np.int64(2890475), np.int64(2881737), np.int64(2892313)]
INFO:cooler._reduce:records consumed: [np.int64(3464823), np.int64(3502920), np.int64(3474972), np.int64(3474863), np.int64(3449830), np.int64(3468944), np.int64(3471831), np.int64(3446991), np.int64(3469847), np.int64(3487239), np.int64(3493288), np.int64(3491882), np.int64(3449155), np.int64(3492193), np.int64(3453818), np.int64(3463502), np.int64(3457758), np.int64(3464479), np.int64(3454449), np.int64(3474873), np.int64(3454267), np.int64(3487090), np.int64(3250396), np.int64(3471254), np.int64(3470489), np.int64(3468323)]
INFO:cooler._reduce:records consumed: [np.int64(4035848), np.int64(4081265), np.int64(4059926), np.int64(4054732), np.int64(4023223), np.int64(4044917), np.int64(4053299), np.int64(4018654), np.int64(4052357), np.int64(4057448), np.int64(4075103), np.int64(4071216), np.int64(4033289), np.int64(4069151), np.int64(4032810), np.int64(4043760), np.int64(4031975), np.int64(4056900), np.int64(4036446), np.int64(4051039), np.int64(4030200), np.int64(4059203), np.int64(3794884), np.int64(4056192), np.int64(4043129), np.int64(4043239)]
INFO:cooler._reduce:records consumed: [np.int64(4058253), np.int64(4103312), np.int64(4083930), np.int64(4077670), np.int64(4046158), np.int64(4067349), np.int64(4076166), np.int64(4043492), np.int64(4075871), np.int64(4079275), np.int64(4098324), np.int64(4094467), np.int64(4056310), np.int64(4091675), np.int64(4055818), np.int64(4066239), np.int64(4055366), np.int64(4080990), np.int64(4059028), np.int64(4073315), np.int64(4053866), np.int64(4082109), np.int64(3816965), np.int64(4078566), np.int64(4065781), np.int64(4066283)]
INFO:cooler.create:Writing indexes
INFO:cooler.create:Writing info
INFO:cooler.create:Merging chunks 562-588: /mnt/storage3b/projects/no_ngsd/ahthapp1_T2T_ONT/analysis_other/porec/T2T11/cooler/tmpr371mk90.multi.cool::562-588
INFO:cooler.create:Creating cooler at "/mnt/storage3b/projects/no_ngsd/ahthapp1_T2T_ONT/analysis_other/porec/T2T11/cooler/tmpr371mk90.multi.cool::/562-588"
INFO:cooler.create:Writing chroms
INFO:cooler.create:Writing bins
INFO:cooler.create:Writing pixels
INFO:cooler._reduce:n_merge_epochs: 8
INFO:cooler._reduce:nnzs: [4074703, 4044451, 4062388, 4088841, 4069792, 4074044, 4036163, 4054949, 4067541, 4061602, 4055712, 4126513, 4080298, 4107142, 4071536, 4080589, 4070904, 4087969, 4106980, 4234254, 4148818, 4328187, 4108904, 4093890, 4078464, 4041161]
INFO:cooler._reduce:records consumed: [np.int64(575178), np.int64(561271), np.int64(570390), np.int64(573497), np.int64(568300), np.int64(572558), np.int64(565819), np.int64(568789), np.int64(566105), np.int64(576029), np.int64(572033), np.int64(586805), np.int64(569652), np.int64(571641), np.int64(575233), np.int64(573186), np.int64(578662), np.int64(576422), np.int64(569158), np.int64(603999), np.int64(585373), np.int64(634769), np.int64(575998), np.int64(575906), np.int64(580996), np.int64(575218)]
INFO:cooler._reduce:records consumed: [np.int64(1154533), np.int64(1141927), np.int64(1141705), np.int64(1147538), np.int64(1141366), np.int64(1150615), np.int64(1126401), np.int64(1139844), np.int64(1134666), np.int64(1146287), np.int64(1133531), np.int64(1161950), np.int64(1140568), np.int64(1148112), np.int64(1144902), np.int64(1157365), np.int64(1147441), np.int64(1148348), np.int64(1154014), np.int64(1207145), np.int64(1167740), np.int64(1251696), np.int64(1155567), np.int64(1154406), np.int64(1161370), np.int64(1146891)]
INFO:cooler._reduce:records consumed: [np.int64(1724502), np.int64(1709090), np.int64(1719115), np.int64(1726751), np.int64(1716716), np.int64(1721368), np.int64(1696830), np.int64(1703049), np.int64(1708930), np.int64(1711725), np.int64(1696049), np.int64(1744980), np.int64(1708953), np.int64(1733869), np.int64(1716836), np.int64(1737606), np.int64(1731102), np.int64(1720103), np.int64(1727707), np.int64(1810130), np.int64(1754048), np.int64(1876057), np.int64(1731371), np.int64(1727464), np.int64(1737307), np.int64(1714327)]
INFO:cooler._reduce:records consumed: [np.int64(2295174), np.int64(2274135), np.int64(2296026), np.int64(2307398), np.int64(2290795), np.int64(2292773), np.int64(2259532), np.int64(2268943), np.int64(2287030), np.int64(2288221), np.int64(2265939), np.int64(2328129), np.int64(2288913), np.int64(2309587), np.int64(2292744), np.int64(2313257), np.int64(2299162), np.int64(2297531), np.int64(2303996), np.int64(2404554), np.int64(2349405), np.int64(2489973), np.int64(2306949), np.int64(2303366), np.int64(2304879), np.int64(2287723)]
INFO:cooler._reduce:records consumed: [np.int64(2863485), np.int64(2844009), np.int64(2863982), np.int64(2888123), np.int64(2867161), np.int64(2865248), np.int64(2830608), np.int64(2851060), np.int64(2864819), np.int64(2859436), np.int64(2844182), np.int64(2905987), np.int64(2859171), np.int64(2885541), np.int64(2865281), np.int64(2886243), np.int64(2870348), np.int64(2868341), np.int64(2880556), np.int64(3007311), np.int64(2931393), np.int64(3097508), np.int64(2887538), np.int64(2876938), np.int64(2884271), np.int64(2857859)]
INFO:cooler._reduce:records consumed: [np.int64(3443372), np.int64(3419945), np.int64(3447906), np.int64(3458537), np.int64(3443886), np.int64(3439470), np.int64(3401665), np.int64(3420605), np.int64(3435052), np.int64(3435541), np.int64(3414354), np.int64(3486687), np.int64(3442370), np.int64(3469464), np.int64(3439069), np.int64(3456967), np.int64(3445203), np.int64(3450202), np.int64(3464222), np.int64(3597307), np.int64(3518986), np.int64(3693948), np.int64(3465596), np.int64(3454464), np.int64(3446548), np.int64(3417524)]
INFO:cooler._reduce:records consumed: [np.int64(4018585), np.int64(3991130), np.int64(4008141), np.int64(4032360), np.int64(4014721), np.int64(4017787), np.int64(3981752), np.int64(3998591), np.int64(4011913), np.int64(4005020), np.int64(3998430), np.int64(4070256), np.int64(4025131), np.int64(4051182), np.int64(4014957), np.int64(4025229), np.int64(4016988), np.int64(4032505), np.int64(4048769), np.int64(4178592), np.int64(4093316), np.int64(4276063), np.int64(4052399), np.int64(4037645), np.int64(4023529), np.int64(3984785)]
INFO:cooler._reduce:records consumed: [np.int64(4074703), np.int64(4044451), np.int64(4062388), np.int64(4088841), np.int64(4069792), np.int64(4074044), np.int64(4036163), np.int64(4054949), np.int64(4067541), np.int64(4061602), np.int64(4055712), np.int64(4126513), np.int64(4080298), np.int64(4107142), np.int64(4071536), np.int64(4080589), np.int64(4070904), np.int64(4087969), np.int64(4106980), np.int64(4234254), np.int64(4148818), np.int64(4328187), np.int64(4108904), np.int64(4093890), np.int64(4078464), np.int64(4041161)]
INFO:cooler.create:Writing indexes
INFO:cooler.create:Writing info
INFO:cooler.create:Merging into analysis_other/porec/T2T11/cooler/T2T11_100000.cool
INFO:cooler.create:Creating cooler at "/mnt/storage3b/projects/no_ngsd/ahthapp1_T2T_ONT/analysis_other/porec/T2T11/cooler/T2T11_100000.cool::/"
INFO:cooler.create:Writing chroms
INFO:cooler.create:Writing bins
INFO:cooler.create:Writing pixels
INFO:cooler._reduce:n_merge_epochs: 122
INFO:cooler._reduce:nnzs: [77641983, 80722413, 78520784, 79798660, 77681454, 79961034, 77312393, 80012815, 80448057, 77782730, 80731692, 77459821, 80510741, 77353534, 80841179, 80773368, 78308032, 80727491, 77913280, 80655809, 78057920, 80535249, 81596340]
INFO:cooler._reduce:records consumed: [np.int64(641073), np.int64(665236), np.int64(643606), np.int64(657957), np.int64(642876), np.int64(659338), np.int64(638261), np.int64(659836), np.int64(669199), np.int64(637185), np.int64(665726), np.int64(637350), np.int64(662828), np.int64(638513), np.int64(672373), np.int64(665948), np.int64(644434), np.int64(669065), np.int64(644167), np.int64(663144), np.int64(642337), np.int64(666618), np.int64(678792)]
INFO:cooler._reduce:records consumed: [np.int64(1285107), np.int64(1329849), np.int64(1288057), np.int64(1316141), np.int64(1285164), np.int64(1319766), np.int64(1275752), np.int64(1317628), np.int64(1331293), np.int64(1282592), np.int64(1328253), np.int64(1273075), np.int64(1325379), np.int64(1273064), np.int64(1341118), np.int64(1329373), np.int64(1293512), np.int64(1337033), np.int64(1284607), np.int64(1325781), np.int64(1285970), np.int64(1338597), np.int64(1353729)]
INFO:cooler._reduce:records consumed: [np.int64(1928453), np.int64(1999827), np.int64(1934778), np.int64(1967644), np.int64(1925782), np.int64(1979832), np.int64(1910382), np.int64(1973182), np.int64(1989080), np.int64(1919933), np.int64(1994827), np.int64(1909418), np.int64(1987418), np.int64(1911290), np.int64(2011514), np.int64(1998238), np.int64(1940351), np.int64(2006298), np.int64(1922741), np.int64(1990789), np.int64(1927065), np.int64(2003608), np.int64(2030393)]
INFO:cooler._reduce:records consumed: [np.int64(2572238), np.int64(2667003), np.int64(2586022), np.int64(2628873), np.int64(2566418), np.int64(2632843), np.int64(2549691), np.int64(2632208), np.int64(2654586), np.int64(2560168), np.int64(2658770), np.int64(2547813), np.int64(2653694), np.int64(2548816), np.int64(2673433), np.int64(2668264), np.int64(2581090), np.int64(2675350), np.int64(2562929), np.int64(2656007), np.int64(2566274), np.int64(2671082), np.int64(2700725)]
INFO:cooler._reduce:records consumed: [np.int64(3215183), np.int64(3335706), np.int64(3236828), np.int64(3289272), np.int64(3211309), np.int64(3292665), np.int64(3185080), np.int64(3288283), np.int64(3318934), np.int64(3204387), np.int64(3324360), np.int64(3188364), np.int64(3320809), np.int64(3192974), np.int64(3337326), np.int64(3337229), np.int64(3224085), np.int64(3341236), np.int64(3200916), np.int64(3317277), np.int64(3215804), np.int64(3334584), np.int64(3367750)]
INFO:cooler._reduce:records consumed: [np.int64(3857407), np.int64(4002956), np.int64(3880557), np.int64(3946813), np.int64(3851624), np.int64(3957576), np.int64(3817514), np.int64(3955145), np.int64(3984086), np.int64(3850380), np.int64(3989327), np.int64(3828333), np.int64(3987639), np.int64(3838572), np.int64(4007101), np.int64(4004763), np.int64(3877194), np.int64(4012100), np.int64(3848571), np.int64(3980636), np.int64(3857094), np.int64(4000004), np.int64(4046565)]
INFO:cooler._reduce:records consumed: [np.int64(4496174), np.int64(4676911), np.int64(4528215), np.int64(4604791), np.int64(4488530), np.int64(4614794), np.int64(4454426), np.int64(4618088), np.int64(4646584), np.int64(4496403), np.int64(4654438), np.int64(4466326), np.int64(4650300), np.int64(4482439), np.int64(4667261), np.int64(4671782), np.int64(4521233), np.int64(4683736), np.int64(4492469), np.int64(4645888), np.int64(4492195), np.int64(4664254), np.int64(4719615)]
INFO:cooler._reduce:records consumed: [np.int64(5141841), np.int64(5346710), np.int64(5176141), np.int64(5260132), np.int64(5127985), np.int64(5274524), np.int64(5092697), np.int64(5279316), np.int64(5304586), np.int64(5138234), np.int64(5319366), np.int64(5106802), np.int64(5314208), np.int64(5123935), np.int64(5324146), np.int64(5334187), np.int64(5170223), np.int64(5349374), np.int64(5133254), np.int64(5304745), np.int64(5127911), np.int64(5330141), np.int64(5397182)]
INFO:cooler._reduce:records consumed: [np.int64(5783951), np.int64(6012694), np.int64(5822603), np.int64(5916749), np.int64(5765792), np.int64(5936008), np.int64(5728387), np.int64(5935784), np.int64(5969365), np.int64(5782795), np.int64(5987895), np.int64(5746087), np.int64(5980915), np.int64(5768921), np.int64(5992600), np.int64(6003242), np.int64(5818898), np.int64(6017864), np.int64(5772565), np.int64(5966141), np.int64(5768562), np.int64(5987088), np.int64(6071546)]
INFO:cooler._reduce:records consumed: [np.int64(6427616), np.int64(6674848), np.int64(6464057), np.int64(6573355), np.int64(6401544), np.int64(6598210), np.int64(6366160), np.int64(6602817), np.int64(6638691), np.int64(6424305), np.int64(6649856), np.int64(6382117), np.int64(6639965), np.int64(6409067), np.int64(6655708), np.int64(6664411), np.int64(6464536), np.int64(6690755), np.int64(6416186), np.int64(6630092), np.int64(6408152), np.int64(6655997), np.int64(6745949)]
INFO:cooler._reduce:records consumed: [np.int64(7068478), np.int64(7344377), np.int64(7114528), np.int64(7226064), np.int64(7042008), np.int64(7257863), np.int64(7006264), np.int64(7264124), np.int64(7302300), np.int64(7067533), np.int64(7324260), np.int64(7022913), np.int64(7303715), np.int64(7042113), np.int64(7328690), np.int64(7335599), np.int64(7110839), np.int64(7367067), np.int64(7065849), np.int64(7299385), np.int64(7049327), np.int64(7324479), np.int64(7420345)]
INFO:cooler._reduce:records consumed: [np.int64(7707145), np.int64(8010124), np.int64(7763404), np.int64(7879909), np.int64(7682018), np.int64(7917063), np.int64(7642259), np.int64(7921263), np.int64(7968252), np.int64(7704417), np.int64(7989001), np.int64(7661708), np.int64(7965270), np.int64(7678634), np.int64(7994337), np.int64(7996627), np.int64(7754867), np.int64(8028545), np.int64(7702089), np.int64(7958741), np.int64(7697682), np.int64(7984342), np.int64(8093655)]
INFO:cooler._reduce:records consumed: [np.int64(8349513), np.int64(8670687), np.int64(8407109), np.int64(8530567), np.int64(8322337), np.int64(8577854), np.int64(8280487), np.int64(8580782), np.int64(8628486), np.int64(8346012), np.int64(8653112), np.int64(8296610), np.int64(8628657), np.int64(8319593), np.int64(8659286), np.int64(8658122), np.int64(8402565), np.int64(8696763), np.int64(8343628), np.int64(8623636), np.int64(8334450), np.int64(8650991), np.int64(8763668)]
INFO:cooler._reduce:records consumed: [np.int64(8989812), np.int64(9336013), np.int64(9053278), np.int64(9193979), np.int64(8966536), np.int64(9241986), np.int64(8918345), np.int64(9245455), np.int64(9297502), np.int64(8985360), np.int64(9318538), np.int64(8936814), np.int64(9293092), np.int64(8959514), np.int64(9324132), np.int64(9329568), np.int64(9049860), np.int64(9366732), np.int64(8982318), np.int64(9289971), np.int64(8977918), np.int64(9317236), np.int64(9445190)]
INFO:cooler._reduce:records consumed: [np.int64(9629576), np.int64(10001752), np.int64(9703059), np.int64(9854727), np.int64(9605524), np.int64(9898968), np.int64(9557617), np.int64(9908829), np.int64(9964026), np.int64(9626728), np.int64(9982919), np.int64(9571691), np.int64(9958288), np.int64(9595696), np.int64(9994248), np.int64(9998234), np.int64(9693784), np.int64(10033909), np.int64(9620226), np.int64(9954464), np.int64(9619191), np.int64(9981662), np.int64(10127096)]
INFO:cooler._reduce:records consumed: [np.int64(10262282), np.int64(10667475), np.int64(10346604), np.int64(10514247), np.int64(10249032), np.int64(10560136), np.int64(10192357), np.int64(10569530), np.int64(10625213), np.int64(10265400), np.int64(10648298), np.int64(10204002), np.int64(10620436), np.int64(10234859), np.int64(10658742), np.int64(10663609), np.int64(10335842), np.int64(10703139), np.int64(10260708), np.int64(10624776), np.int64(10259021), np.int64(10634696), np.int64(10802357)]
INFO:cooler._reduce:records consumed: [np.int64(10900739), np.int64(11336654), np.int64(10992592), np.int64(11175532), np.int64(10889292), np.int64(11219940), np.int64(10830760), np.int64(11235160), np.int64(11294299), np.int64(10901729), np.int64(11310257), np.int64(10847459), np.int64(11284178), np.int64(10871446), np.int64(11322145), np.int64(11331229), np.int64(10977049), np.int64(11367300), np.int64(10904989), np.int64(11291696), np.int64(10898642), np.int64(11297022), np.int64(11475228)]
INFO:cooler._reduce:records consumed: [np.int64(11545628), np.int64(12005908), np.int64(11637960), np.int64(11838344), np.int64(11531200), np.int64(11880751), np.int64(11465459), np.int64(11899729), np.int64(11964758), np.int64(11542839), np.int64(11978463), np.int64(11494877), np.int64(11952880), np.int64(11508720), np.int64(11992335), np.int64(11990200), np.int64(11617234), np.int64(12036824), np.int64(11552446), np.int64(11958229), np.int64(11548057), np.int64(11957376), np.int64(12150356)]
INFO:cooler._reduce:records consumed: [np.int64(12182614), np.int64(12673724), np.int64(12293621), np.int64(12501130), np.int64(12173956), np.int64(12541108), np.int64(12100217), np.int64(12559570), np.int64(12630084), np.int64(12189282), np.int64(12644804), np.int64(12131152), np.int64(12618678), np.int64(12147516), np.int64(12660060), np.int64(12655803), np.int64(12266439), np.int64(12708780), np.int64(12197973), np.int64(12623142), np.int64(12191032), np.int64(12623503), np.int64(12825567)]
INFO:cooler._reduce:records consumed: [np.int64(12826073), np.int64(13337707), np.int64(12940533), np.int64(13162711), np.int64(12815855), np.int64(13199663), np.int64(12737991), np.int64(13216901), np.int64(13287819), np.int64(12828906), np.int64(13310104), np.int64(12772724), np.int64(13284021), np.int64(12783784), np.int64(13331084), np.int64(13317886), np.int64(12918085), np.int64(13370878), np.int64(12839127), np.int64(13289286), np.int64(12828050), np.int64(13285135), np.int64(13500209)]
INFO:cooler._reduce:records consumed: [np.int64(13464032), np.int64(14007194), np.int64(13582585), np.int64(13817881), np.int64(13460314), np.int64(13854497), np.int64(13375934), np.int64(13876510), np.int64(13955658), np.int64(13473422), np.int64(13976289), np.int64(13411386), np.int64(13946040), np.int64(13423965), np.int64(14000317), np.int64(13987667), np.int64(13562463), np.int64(14026630), np.int64(13481334), np.int64(13952808), np.int64(13471696), np.int64(13949343), np.int64(14173857)]
INFO:cooler._reduce:records consumed: [np.int64(14112041), np.int64(14672925), np.int64(14231924), np.int64(14478234), np.int64(14104578), np.int64(14512118), np.int64(14006701), np.int64(14536696), np.int64(14618140), np.int64(14120055), np.int64(14639851), np.int64(14053466), np.int64(14607269), np.int64(14061231), np.int64(14666796), np.int64(14656181), np.int64(14206952), np.int64(14690527), np.int64(14122494), np.int64(14619995), np.int64(14111718), np.int64(14605573), np.int64(14845281)]
INFO:cooler._reduce:records consumed: [np.int64(14753370), np.int64(15345151), np.int64(14884279), np.int64(15139083), np.int64(14745604), np.int64(15171029), np.int64(14643620), np.int64(15193167), np.int64(15285017), np.int64(14763505), np.int64(15305591), np.int64(14694308), np.int64(15277292), np.int64(14697400), np.int64(15341020), np.int64(15326877), np.int64(14859587), np.int64(15359145), np.int64(14766363), np.int64(15283587), np.int64(14756612), np.int64(15274513), np.int64(15516777)]
INFO:cooler._reduce:records consumed: [np.int64(15398018), np.int64(16008045), np.int64(15532372), np.int64(15796172), np.int64(15387076), np.int64(15826535), np.int64(15280310), np.int64(15849308), np.int64(15948331), np.int64(15408868), np.int64(15976305), np.int64(15334133), np.int64(15942569), np.int64(15332025), np.int64(16003823), np.int64(15989653), np.int64(15499320), np.int64(16022665), np.int64(15404975), np.int64(15948362), np.int64(15402241), np.int64(15929338), np.int64(16192745)]
INFO:cooler._reduce:records consumed: [np.int64(16039454), np.int64(16676370), np.int64(16172206), np.int64(16460522), np.int64(16025765), np.int64(16486960), np.int64(15912932), np.int64(16510927), np.int64(16613281), np.int64(16041902), np.int64(16634944), np.int64(15977104), np.int64(16607120), np.int64(15965382), np.int64(16674230), np.int64(16652088), np.int64(16138394), np.int64(16688796), np.int64(16045574), np.int64(16610074), np.int64(16043850), np.int64(16596627), np.int64(16865554)]
INFO:cooler._reduce:records consumed: [np.int64(16682894), np.int64(17340219), np.int64(16814782), np.int64(17118423), np.int64(16659755), np.int64(17139365), np.int64(16548421), np.int64(17169293), np.int64(17276869), np.int64(16686407), np.int64(17301089), np.int64(16614316), np.int64(17271660), np.int64(16600091), np.int64(17338864), np.int64(17312585), np.int64(16783888), np.int64(17348969), np.int64(16680838), np.int64(17274122), np.int64(16686516), np.int64(17254746), np.int64(17538441)]
INFO:cooler._reduce:records consumed: [np.int64(17322464), np.int64(18009598), np.int64(17464909), np.int64(17772279), np.int64(17297391), np.int64(17801180), np.int64(17185443), np.int64(17824983), np.int64(17941319), np.int64(17326100), np.int64(17961584), np.int64(17251831), np.int64(17944011), np.int64(17240065), np.int64(18006018), np.int64(17977074), np.int64(17422329), np.int64(18007449), np.int64(17322407), np.int64(17935892), np.int64(17326088), np.int64(17917748), np.int64(18222768)]
INFO:cooler._reduce:records consumed: [np.int64(17964169), np.int64(18676241), np.int64(18112422), np.int64(18426139), np.int64(17932489), np.int64(18464001), np.int64(17823818), np.int64(18486024), np.int64(18610370), np.int64(17970688), np.int64(18623911), np.int64(17893364), np.int64(18614518), np.int64(17877681), np.int64(18676311), np.int64(18641355), np.int64(18068141), np.int64(18667389), np.int64(17959928), np.int64(18599654), np.int64(17970842), np.int64(18583095), np.int64(18900110)]
INFO:cooler._reduce:records consumed: [np.int64(18609270), np.int64(19348737), np.int64(18761163), np.int64(19084307), np.int64(18576658), np.int64(19121881), np.int64(18466224), np.int64(19143603), np.int64(19277759), np.int64(18611976), np.int64(19292988), np.int64(18529144), np.int64(19277131), np.int64(18520971), np.int64(19346501), np.int64(19304441), np.int64(18707589), np.int64(19331993), np.int64(18596066), np.int64(19262927), np.int64(18610251), np.int64(19243780), np.int64(19570937)]
INFO:cooler._reduce:records consumed: [np.int64(19252011), np.int64(20013560), np.int64(19407101), np.int64(19736882), np.int64(19216408), np.int64(19783684), np.int64(19103854), np.int64(19802551), np.int64(19945303), np.int64(19256165), np.int64(19954367), np.int64(19168718), np.int64(19940286), np.int64(19156371), np.int64(20017750), np.int64(19971931), np.int64(19351857), np.int64(20001485), np.int64(19234629), np.int64(19921752), np.int64(19252665), np.int64(19902623), np.int64(20243493)]
INFO:cooler._reduce:records consumed: [np.int64(19895621), np.int64(20688933), np.int64(20054223), np.int64(20389103), np.int64(19855378), np.int64(20439634), np.int64(19740341), np.int64(20461507), np.int64(20610002), np.int64(19902531), np.int64(20618343), np.int64(19816177), np.int64(20607190), np.int64(19801895), np.int64(20683763), np.int64(20646175), np.int64(19992866), np.int64(20661773), np.int64(19872443), np.int64(20582705), np.int64(19893001), np.int64(20564644), np.int64(20921642)]
INFO:cooler._reduce:records consumed: [np.int64(20536139), np.int64(21350302), np.int64(20701201), np.int64(21046435), np.int64(20498018), np.int64(21100319), np.int64(20373436), np.int64(21120461), np.int64(21270425), np.int64(20547585), np.int64(21289076), np.int64(20451874), np.int64(21264055), np.int64(20442396), np.int64(21346685), np.int64(21307311), np.int64(20629513), np.int64(21323763), np.int64(20510083), np.int64(21244925), np.int64(20531275), np.int64(21229583), np.int64(21591687)]
INFO:cooler._reduce:records consumed: [np.int64(21172299), np.int64(22018561), np.int64(21346098), np.int64(21709929), np.int64(21138256), np.int64(21759209), np.int64(21011640), np.int64(21782023), np.int64(21945281), np.int64(21193866), np.int64(21950237), np.int64(21089884), np.int64(21930852), np.int64(21078984), np.int64(22007691), np.int64(21967871), np.int64(21276087), np.int64(21998627), np.int64(21151489), np.int64(21912745), np.int64(21174538), np.int64(21891452), np.int64(22269215)]
INFO:cooler._reduce:records consumed: [np.int64(21808930), np.int64(22681880), np.int64(21992628), np.int64(22366513), np.int64(21781914), np.int64(22418644), np.int64(21654223), np.int64(22446745), np.int64(22604746), np.int64(21832412), np.int64(22617035), np.int64(21725603), np.int64(22592132), np.int64(21722582), np.int64(22671957), np.int64(22635159), np.int64(21922598), np.int64(22668717), np.int64(21791953), np.int64(22574098), np.int64(21817358), np.int64(22561362), np.int64(22936366)]
INFO:cooler._reduce:records consumed: [np.int64(22454313), np.int64(23345754), np.int64(22637530), np.int64(23019846), np.int64(22420285), np.int64(23077544), np.int64(22289796), np.int64(23102070), np.int64(23267283), np.int64(22476274), np.int64(23283731), np.int64(22364376), np.int64(23255545), np.int64(22354140), np.int64(23334129), np.int64(23304604), np.int64(22565249), np.int64(23331654), np.int64(22432847), np.int64(23236811), np.int64(22459185), np.int64(23223335), np.int64(23609438)]
INFO:cooler._reduce:records consumed: [np.int64(23096948), np.int64(24016409), np.int64(23286832), np.int64(23680540), np.int64(23064564), np.int64(23738766), np.int64(22916294), np.int64(23759186), np.int64(23933705), np.int64(23121475), np.int64(23947850), np.int64(23007081), np.int64(23920732), np.int64(22989874), np.int64(23996449), np.int64(23971333), np.int64(23209792), np.int64(23998128), np.int64(23077409), np.int64(23902220), np.int64(23104421), np.int64(23889122), np.int64(24283580)]
INFO:cooler._reduce:records consumed: [np.int64(23737653), np.int64(24685294), np.int64(23937539), np.int64(24338679), np.int64(23705786), np.int64(24403258), np.int64(23562278), np.int64(24418286), np.int64(24603373), np.int64(23770601), np.int64(24620586), np.int64(23649397), np.int64(24585057), np.int64(23625942), np.int64(24662775), np.int64(24635893), np.int64(23854256), np.int64(24672044), np.int64(23717691), np.int64(24568197), np.int64(23746119), np.int64(24556563), np.int64(24958942)]
INFO:cooler._reduce:records consumed: [np.int64(24374900), np.int64(25352648), np.int64(24586455), np.int64(25000296), np.int64(24349957), np.int64(25061397), np.int64(24202806), np.int64(25084160), np.int64(25263204), np.int64(24410865), np.int64(25281527), np.int64(24295434), np.int64(25253332), np.int64(24266465), np.int64(25328258), np.int64(25306070), np.int64(24498967), np.int64(25340831), np.int64(24361301), np.int64(25234853), np.int64(24381971), np.int64(25223956), np.int64(25636335)]
INFO:cooler._reduce:records consumed: [np.int64(25014693), np.int64(26015853), np.int64(25234154), np.int64(25658594), np.int64(24993794), np.int64(25722731), np.int64(24839145), np.int64(25744071), np.int64(25923283), np.int64(25055854), np.int64(25945432), np.int64(24940860), np.int64(25916278), np.int64(24906626), np.int64(25991142), np.int64(25970568), np.int64(25142771), np.int64(26008201), np.int64(25002162), np.int64(25900706), np.int64(25023001), np.int64(25883453), np.int64(26316943)]
INFO:cooler._reduce:records consumed: [np.int64(25650542), np.int64(26682570), np.int64(25877405), np.int64(26318389), np.int64(25635489), np.int64(26384740), np.int64(25478667), np.int64(26403887), np.int64(26582946), np.int64(25700188), np.int64(26612505), np.int64(25572662), np.int64(26583701), np.int64(25541894), np.int64(26657378), np.int64(26632983), np.int64(25781571), np.int64(26676596), np.int64(25639744), np.int64(26568827), np.int64(25665522), np.int64(26544739), np.int64(26995707)]
INFO:cooler._reduce:records consumed: [np.int64(26285699), np.int64(27346029), np.int64(26527875), np.int64(26983072), np.int64(26276475), np.int64(27039517), np.int64(26115734), np.int64(27062164), np.int64(27249204), np.int64(26348125), np.int64(27276733), np.int64(26206058), np.int64(27245412), np.int64(26180986), np.int64(27318209), np.int64(27296783), np.int64(26427969), np.int64(27343551), np.int64(26282680), np.int64(27231990), np.int64(26306660), np.int64(27201886), np.int64(27672989)]
INFO:cooler._reduce:records consumed: [np.int64(26925935), np.int64(28005798), np.int64(27177406), np.int64(27645799), np.int64(26919855), np.int64(27695293), np.int64(26753129), np.int64(27716249), np.int64(27915613), np.int64(26986624), np.int64(27941569), np.int64(26839581), np.int64(27909681), np.int64(26813036), np.int64(27987823), np.int64(27963178), np.int64(27074756), np.int64(28006298), np.int64(26923793), np.int64(27901800), np.int64(26950955), np.int64(27870835), np.int64(28349176)]
INFO:cooler._reduce:records consumed: [np.int64(27565419), np.int64(28667763), np.int64(27819062), np.int64(28302655), np.int64(27558086), np.int64(28352741), np.int64(27389450), np.int64(28380796), np.int64(28579687), np.int64(27630811), np.int64(28610092), np.int64(27482327), np.int64(28568143), np.int64(27448851), np.int64(28652242), np.int64(28632541), np.int64(27718502), np.int64(28666484), np.int64(27563165), np.int64(28567448), np.int64(27587931), np.int64(28529976), np.int64(29026984)]
INFO:cooler._reduce:records consumed: [np.int64(28200664), np.int64(29328698), np.int64(28469893), np.int64(28963738), np.int64(28201446), np.int64(29011176), np.int64(28028891), np.int64(29040028), np.int64(29242432), np.int64(28271621), np.int64(29271555), np.int64(28119753), np.int64(29227415), np.int64(28082493), np.int64(29315242), np.int64(29295744), np.int64(28361739), np.int64(29332241), np.int64(28199114), np.int64(29231387), np.int64(28226607), np.int64(29196032), np.int64(29703551)]
INFO:cooler._reduce:records consumed: [np.int64(28839699), np.int64(29985556), np.int64(29111772), np.int64(29619507), np.int64(28841976), np.int64(29670365), np.int64(28663779), np.int64(29696714), np.int64(29903081), np.int64(28912129), np.int64(29936300), np.int64(28753827), np.int64(29892099), np.int64(28715455), np.int64(29981136), np.int64(29956095), np.int64(29005187), np.int64(29997973), np.int64(28837433), np.int64(29893851), np.int64(28869129), np.int64(29864488), np.int64(30376977)]
INFO:cooler._reduce:records consumed: [np.int64(29478344), np.int64(30650645), np.int64(29759086), np.int64(30276343), np.int64(29486793), np.int64(30328386), np.int64(29295186), np.int64(30354023), np.int64(30565973), np.int64(29559739), np.int64(30606128), np.int64(29388856), np.int64(30553227), np.int64(29350655), np.int64(30644195), np.int64(30612627), np.int64(29647076), np.int64(30657464), np.int64(29471151), np.int64(30564623), np.int64(29514030), np.int64(30529204), np.int64(31055722)]
INFO:cooler._reduce:records consumed: [np.int64(30115927), np.int64(31315218), np.int64(30411070), np.int64(30936993), np.int64(30127446), np.int64(30990309), np.int64(29929140), np.int64(31013925), np.int64(31230964), np.int64(30205814), np.int64(31277510), np.int64(30031433), np.int64(31226214), np.int64(29981572), np.int64(31314036), np.int64(31275652), np.int64(30297543), np.int64(31320718), np.int64(30111613), np.int64(31228066), np.int64(30157071), np.int64(31195456), np.int64(31734766)]
INFO:cooler._reduce:records consumed: [np.int64(30760856), np.int64(31980001), np.int64(31068960), np.int64(31595188), np.int64(30770213), np.int64(31650966), np.int64(30574730), np.int64(31675828), np.int64(31894485), np.int64(30853118), np.int64(31939319), np.int64(30671010), np.int64(31892810), np.int64(30617980), np.int64(31985140), np.int64(31946271), np.int64(30941745), np.int64(31992844), np.int64(30754601), np.int64(31894880), np.int64(30801410), np.int64(31861707), np.int64(32403224)]
INFO:cooler._reduce:records consumed: [np.int64(31395569), np.int64(32642894), np.int64(31716863), np.int64(32249640), np.int64(31408564), np.int64(32304293), np.int64(31212463), np.int64(32335370), np.int64(32555590), np.int64(31493255), np.int64(32606075), np.int64(31306038), np.int64(32556450), np.int64(31252396), np.int64(32651416), np.int64(32612984), np.int64(31588949), np.int64(32657973), np.int64(31390868), np.int64(32562014), np.int64(31442310), np.int64(32527537), np.int64(33073164)]
INFO:cooler._reduce:records consumed: [np.int64(32032168), np.int64(33306902), np.int64(32358088), np.int64(32904692), np.int64(32047624), np.int64(32957561), np.int64(31846674), np.int64(32989286), np.int64(33214406), np.int64(32133242), np.int64(33275059), np.int64(31940746), np.int64(33219728), np.int64(31886141), np.int64(33319850), np.int64(33278147), np.int64(32231857), np.int64(33323430), np.int64(32036824), np.int64(33226762), np.int64(32083224), np.int64(33188800), np.int64(33742202)]
INFO:cooler._reduce:records consumed: [np.int64(32669044), np.int64(33969768), np.int64(33002739), np.int64(33560536), np.int64(32685449), np.int64(33613703), np.int64(32481977), np.int64(33641567), np.int64(33873450), np.int64(32774226), np.int64(33939796), np.int64(32572742), np.int64(33885064), np.int64(32521991), np.int64(33981130), np.int64(33944790), np.int64(32872102), np.int64(33995683), np.int64(32674145), np.int64(33893804), np.int64(32728111), np.int64(33848521), np.int64(34417451)]
INFO:cooler._reduce:records consumed: [np.int64(33305006), np.int64(34633837), np.int64(33648610), np.int64(34222257), np.int64(33322586), np.int64(34270679), np.int64(33121733), np.int64(34295651), np.int64(34542747), np.int64(33414599), np.int64(34609302), np.int64(33209324), np.int64(34549478), np.int64(33161672), np.int64(34647190), np.int64(34609102), np.int64(33510692), np.int64(34660527), np.int64(33310440), np.int64(34556705), np.int64(33368129), np.int64(34512565), np.int64(35091317)]
INFO:cooler._reduce:records consumed: [np.int64(33939412), np.int64(35294237), np.int64(34294101), np.int64(34879092), np.int64(33964017), np.int64(34928215), np.int64(33762358), np.int64(34952746), np.int64(35203292), np.int64(34052339), np.int64(35276346), np.int64(33848946), np.int64(35213556), np.int64(33798797), np.int64(35308307), np.int64(35273060), np.int64(34153361), np.int64(35320449), np.int64(33953612), np.int64(35216897), np.int64(34008904), np.int64(35174294), np.int64(35763036)]
INFO:cooler._reduce:records consumed: [np.int64(34578961), np.int64(35953313), np.int64(34943164), np.int64(35533993), np.int64(34603503), np.int64(35590736), np.int64(34404372), np.int64(35614256), np.int64(35870934), np.int64(34694618), np.int64(35942307), np.int64(34487395), np.int64(35879757), np.int64(34447043), np.int64(35979563), np.int64(35944390), np.int64(34799235), np.int64(35986117), np.int64(34593735), np.int64(35882588), np.int64(34653166), np.int64(35836131), np.int64(36432649)]
INFO:cooler._reduce:records consumed: [np.int64(35217588), np.int64(36619704), np.int64(35591397), np.int64(36188396), np.int64(35242533), np.int64(36251947), np.int64(35039759), np.int64(36268024), np.int64(36540703), np.int64(35336256), np.int64(36604222), np.int64(35123060), np.int64(36540302), np.int64(35090725), np.int64(36641439), np.int64(36607451), np.int64(35443722), np.int64(36651191), np.int64(35235298), np.int64(36549275), np.int64(35296478), np.int64(36496117), np.int64(37103787)]
INFO:cooler._reduce:records consumed: [np.int64(35855752), np.int64(37286105), np.int64(36236896), np.int64(36843266), np.int64(35884353), np.int64(36904914), np.int64(35671063), np.int64(36925745), np.int64(37204780), np.int64(35974848), np.int64(37267659), np.int64(35756863), np.int64(37199665), np.int64(35734261), np.int64(37306659), np.int64(37275262), np.int64(36082914), np.int64(37318005), np.int64(35876928), np.int64(37213363), np.int64(35933702), np.int64(37162850), np.int64(37773284)]
INFO:cooler._reduce:records consumed: [np.int64(36497642), np.int64(37947072), np.int64(36881762), np.int64(37496618), np.int64(36523927), np.int64(37561480), np.int64(36312984), np.int64(37581536), np.int64(37870781), np.int64(36616749), np.int64(37935649), np.int64(36390592), np.int64(37864322), np.int64(36374783), np.int64(37973499), np.int64(37942099), np.int64(36721635), np.int64(37980229), np.int64(36518618), np.int64(37872309), np.int64(36574682), np.int64(37827111), np.int64(38441622)]
INFO:cooler._reduce:records consumed: [np.int64(37140766), np.int64(38607876), np.int64(37527000), np.int64(38153685), np.int64(37154230), np.int64(38219415), np.int64(36946408), np.int64(38238825), np.int64(38534351), np.int64(37256188), np.int64(38606758), np.int64(37030460), np.int64(38523987), np.int64(37013733), np.int64(38640338), np.int64(38612867), np.int64(37364400), np.int64(38641017), np.int64(37164277), np.int64(38538186), np.int64(37217461), np.int64(38486506), np.int64(39115251)]
INFO:cooler._reduce:records consumed: [np.int64(37781646), np.int64(39276220), np.int64(38177022), np.int64(38811652), np.int64(37796785), np.int64(38873888), np.int64(37583189), np.int64(38901982), np.int64(39197548), np.int64(37898679), np.int64(39278198), np.int64(37672463), np.int64(39183662), np.int64(37651456), np.int64(39307308), np.int64(39280242), np.int64(38016978), np.int64(39306834), np.int64(37806074), np.int64(39206779), np.int64(37862926), np.int64(39147939), np.int64(39788925)]
INFO:cooler._reduce:records consumed: [np.int64(38422874), np.int64(39940494), np.int64(38826527), np.int64(39472748), np.int64(38440013), np.int64(39538476), np.int64(38227482), np.int64(39566028), np.int64(39862460), np.int64(38544550), np.int64(39949602), np.int64(38311225), np.int64(39848613), np.int64(38293119), np.int64(39973926), np.int64(39952036), np.int64(38657551), np.int64(39977404), np.int64(38444688), np.int64(39872566), np.int64(38505257), np.int64(39814018), np.int64(40457543)]
INFO:cooler._reduce:records consumed: [np.int64(39062118), np.int64(40604204), np.int64(39471476), np.int64(40127148), np.int64(39074869), np.int64(40196851), np.int64(38862375), np.int64(40226724), np.int64(40520951), np.int64(39188714), np.int64(40610752), np.int64(38947009), np.int64(40508110), np.int64(38929265), np.int64(40640047), np.int64(40617680), np.int64(39310154), np.int64(40632340), np.int64(39082390), np.int64(40541819), np.int64(39149619), np.int64(40480237), np.int64(41127862)]
INFO:cooler._reduce:records consumed: [np.int64(39705812), np.int64(41268825), np.int64(40115568), np.int64(40786128), np.int64(39719283), np.int64(40858548), np.int64(39498140), np.int64(40888839), np.int64(41180430), np.int64(39829463), np.int64(41284366), np.int64(39589915), np.int64(41175691), np.int64(39571445), np.int64(41309080), np.int64(41286207), np.int64(39959140), np.int64(41298374), np.int64(39726287), np.int64(41211371), np.int64(39791955), np.int64(41146491), np.int64(41797709)]
INFO:cooler._reduce:records consumed: [np.int64(40347677), np.int64(41930912), np.int64(40761429), np.int64(41440663), np.int64(40361027), np.int64(41528315), np.int64(40134193), np.int64(41547973), np.int64(41843432), np.int64(40474926), np.int64(41949012), np.int64(40226360), np.int64(41835255), np.int64(40210194), np.int64(41979449), np.int64(41957276), np.int64(40608002), np.int64(41965437), np.int64(40367888), np.int64(41874087), np.int64(40436352), np.int64(41807865), np.int64(42469317)]
INFO:cooler._reduce:records consumed: [np.int64(40990518), np.int64(42596897), np.int64(41403341), np.int64(42102004), np.int64(41000808), np.int64(42192727), np.int64(40767743), np.int64(42204274), np.int64(42508481), np.int64(41116204), np.int64(42614692), np.int64(40861169), np.int64(42498448), np.int64(40846070), np.int64(42652323), np.int64(42622897), np.int64(41248814), np.int64(42628201), np.int64(41008498), np.int64(42536990), np.int64(41070724), np.int64(42470924), np.int64(43136194)]
INFO:cooler._reduce:records consumed: [np.int64(41634041), np.int64(43258200), np.int64(42051557), np.int64(42763104), np.int64(41640884), np.int64(42849587), np.int64(41406526), np.int64(42868695), np.int64(43177035), np.int64(41756640), np.int64(43283084), np.int64(41499750), np.int64(43165728), np.int64(41486495), np.int64(43317691), np.int64(43283260), np.int64(41890691), np.int64(43292645), np.int64(41652920), np.int64(43203841), np.int64(41708642), np.int64(43130390), np.int64(43815427)]
INFO:cooler._reduce:records consumed: [np.int64(42271295), np.int64(43923862), np.int64(42692454), np.int64(43424205), np.int64(42276633), np.int64(43502568), np.int64(42038174), np.int64(43532404), np.int64(43837311), np.int64(42397085), np.int64(43947560), np.int64(42137483), np.int64(43826725), np.int64(42125491), np.int64(43981638), np.int64(43952990), np.int64(42533254), np.int64(43963296), np.int64(42292650), np.int64(43870159), np.int64(42361759), np.int64(43793534), np.int64(44491006)]
INFO:cooler._reduce:records consumed: [np.int64(42911941), np.int64(44592067), np.int64(43337805), np.int64(44082013), np.int64(42915994), np.int64(44159292), np.int64(42673794), np.int64(44194049), np.int64(44502722), np.int64(43040251), np.int64(44619253), np.int64(42777524), np.int64(44485823), np.int64(42764817), np.int64(44650254), np.int64(44615481), np.int64(43178426), np.int64(44628578), np.int64(42933313), np.int64(44537309), np.int64(43006631), np.int64(44457340), np.int64(45171291)]
INFO:cooler._reduce:records consumed: [np.int64(43549436), np.int64(45254823), np.int64(43984703), np.int64(44739891), np.int64(43553538), np.int64(44816141), np.int64(43310545), np.int64(44857852), np.int64(45160884), np.int64(43677948), np.int64(45284939), np.int64(43409682), np.int64(45147507), np.int64(43399942), np.int64(45315857), np.int64(45277359), np.int64(43830828), np.int64(45288366), np.int64(43572286), np.int64(45204700), np.int64(43649855), np.int64(45115514), np.int64(45842166)]
INFO:cooler._reduce:records consumed: [np.int64(44189928), np.int64(45918668), np.int64(44629139), np.int64(45389412), np.int64(44191951), np.int64(45478688), np.int64(43946249), np.int64(45514847), np.int64(45822833), np.int64(44314666), np.int64(45951011), np.int64(44048874), np.int64(45810331), np.int64(44039013), np.int64(45982378), np.int64(45943132), np.int64(44482115), np.int64(45951728), np.int64(44215430), np.int64(45869200), np.int64(44293676), np.int64(45774227), np.int64(46517504)]
INFO:cooler._reduce:records consumed: [np.int64(44829348), np.int64(46587711), np.int64(45274714), np.int64(46047968), np.int64(44828960), np.int64(46138562), np.int64(44584400), np.int64(46174938), np.int64(46486759), np.int64(44953305), np.int64(46617245), np.int64(44690305), np.int64(46474007), np.int64(44675840), np.int64(46645248), np.int64(46609358), np.int64(45138411), np.int64(46617099), np.int64(44860855), np.int64(46538325), np.int64(44940547), np.int64(46445735), np.int64(47189300)]
INFO:cooler._reduce:records consumed: [np.int64(45467966), np.int64(47254432), np.int64(45924727), np.int64(46698239), np.int64(45467580), np.int64(46797674), np.int64(45222974), np.int64(46833442), np.int64(47144913), np.int64(45590009), np.int64(47285611), np.int64(45332736), np.int64(47138661), np.int64(45315181), np.int64(47308994), np.int64(47276899), np.int64(45784177), np.int64(47285276), np.int64(45499093), np.int64(47202723), np.int64(45585255), np.int64(47113064), np.int64(47863157)]
INFO:cooler._reduce:records consumed: [np.int64(46106484), np.int64(47916744), np.int64(46571339), np.int64(47358510), np.int64(46098883), np.int64(47453384), np.int64(45859661), np.int64(47496207), np.int64(47802752), np.int64(46230011), np.int64(47952775), np.int64(45969683), np.int64(47799015), np.int64(45947057), np.int64(47971521), np.int64(47939193), np.int64(46436264), np.int64(47953724), np.int64(46141012), np.int64(47863284), np.int64(46231331), np.int64(47772295), np.int64(48531359)]
INFO:cooler._reduce:records consumed: [np.int64(46744720), np.int64(48580076), np.int64(47216064), np.int64(48014550), np.int64(46735941), np.int64(48115269), np.int64(46497865), np.int64(48159778), np.int64(48469873), np.int64(46872788), np.int64(48621164), np.int64(46605052), np.int64(48465451), np.int64(46577484), np.int64(48637965), np.int64(48603946), np.int64(47080985), np.int64(48614777), np.int64(46785311), np.int64(48525491), np.int64(46872947), np.int64(48437332), np.int64(49195568)]
INFO:cooler._reduce:records consumed: [np.int64(47378415), np.int64(49246368), np.int64(47862243), np.int64(48668333), np.int64(47377780), np.int64(48776955), np.int64(47138925), np.int64(48815160), np.int64(49135863), np.int64(47514080), np.int64(49281257), np.int64(47242361), np.int64(49127701), np.int64(47212976), np.int64(49301875), np.int64(49267003), np.int64(47723607), np.int64(49270180), np.int64(47427714), np.int64(49187209), np.int64(47513935), np.int64(49100871), np.int64(49871603)]
INFO:cooler._reduce:records consumed: [np.int64(48018093), np.int64(49917435), np.int64(48507579), np.int64(49324042), np.int64(48018340), np.int64(49436341), np.int64(47775620), np.int64(49475438), np.int64(49800931), np.int64(48156346), np.int64(49942321), np.int64(47880004), np.int64(49785878), np.int64(47848309), np.int64(49963442), np.int64(49928068), np.int64(48369609), np.int64(49929207), np.int64(48070724), np.int64(49848191), np.int64(48150235), np.int64(49760729), np.int64(50543129)]
INFO:cooler._reduce:records consumed: [np.int64(48661636), np.int64(50588217), np.int64(49158368), np.int64(49979997), np.int64(48658044), np.int64(50091603), np.int64(48412822), np.int64(50139694), np.int64(50465516), np.int64(48801052), np.int64(50606582), np.int64(48514775), np.int64(50449252), np.int64(48485663), np.int64(50623493), np.int64(50593184), np.int64(49015230), np.int64(50591421), np.int64(48711817), np.int64(50513989), np.int64(48793456), np.int64(50423362), np.int64(51222550)]
INFO:cooler._reduce:records consumed: [np.int64(49295897), np.int64(51249974), np.int64(49805255), np.int64(50639516), np.int64(49295765), np.int64(50746081), np.int64(49051288), np.int64(50796534), np.int64(51127065), np.int64(49439564), np.int64(51268329), np.int64(49150467), np.int64(51111629), np.int64(49118124), np.int64(51289456), np.int64(51257452), np.int64(49661253), np.int64(51258219), np.int64(49355877), np.int64(51177864), np.int64(49433424), np.int64(51091290), np.int64(51889927)]
INFO:cooler._reduce:records consumed: [np.int64(49931259), np.int64(51919330), np.int64(50453328), np.int64(51299099), np.int64(49931249), np.int64(51405919), np.int64(49683176), np.int64(51458433), np.int64(51787946), np.int64(50078404), np.int64(51931036), np.int64(49786371), np.int64(51771825), np.int64(49753456), np.int64(51957455), np.int64(51917050), np.int64(50300376), np.int64(51923151), np.int64(50000227), np.int64(51840238), np.int64(50073204), np.int64(51749947), np.int64(52558996)]
INFO:cooler._reduce:records consumed: [np.int64(50567817), np.int64(52582423), np.int64(51097635), np.int64(51952531), np.int64(50570254), np.int64(52064811), np.int64(50320666), np.int64(52117431), np.int64(52451207), np.int64(50715553), np.int64(52590993), np.int64(50428084), np.int64(52433832), np.int64(50389559), np.int64(52622732), np.int64(52579353), np.int64(50943994), np.int64(52588682), np.int64(50642395), np.int64(52496948), np.int64(50714852), np.int64(52414097), np.int64(53229051)]
INFO:cooler._reduce:records consumed: [np.int64(51212698), np.int64(53247378), np.int64(51746518), np.int64(52611094), np.int64(51212930), np.int64(52722477), np.int64(50957110), np.int64(52772954), np.int64(53110916), np.int64(51355969), np.int64(53257911), np.int64(51071192), np.int64(53095394), np.int64(51029052), np.int64(53285299), np.int64(53243816), np.int64(51590719), np.int64(53254123), np.int64(51291588), np.int64(53163193), np.int64(51365740), np.int64(53079305), np.int64(53902833)]
INFO:cooler._reduce:records consumed: [np.int64(51852918), np.int64(53911766), np.int64(52400787), np.int64(53265594), np.int64(51853444), np.int64(53380213), np.int64(51597449), np.int64(53435806), np.int64(53768643), np.int64(51995103), np.int64(53927570), np.int64(51711114), np.int64(53761459), np.int64(51669815), np.int64(53948723), np.int64(53908268), np.int64(52238985), np.int64(53920604), np.int64(51937532), np.int64(53828662), np.int64(52013166), np.int64(53743101), np.int64(54577451)]
INFO:cooler._reduce:records consumed: [np.int64(52491690), np.int64(54572634), np.int64(53055013), np.int64(53925685), np.int64(52490633), np.int64(54042191), np.int64(52240158), np.int64(54096272), np.int64(54427832), np.int64(52636037), np.int64(54589226), np.int64(52347051), np.int64(54428888), np.int64(52311942), np.int64(54613476), np.int64(54570577), np.int64(52881316), np.int64(54588117), np.int64(52578105), np.int64(54494789), np.int64(52658934), np.int64(54411391), np.int64(55252366)]
INFO:cooler._reduce:records consumed: [np.int64(53127866), np.int64(55234381), np.int64(53704260), np.int64(54583993), np.int64(53129120), np.int64(54701433), np.int64(52876803), np.int64(54756229), np.int64(55085317), np.int64(53276563), np.int64(55258303), np.int64(52984244), np.int64(55092204), np.int64(52945098), np.int64(55278739), np.int64(55235129), np.int64(53526141), np.int64(55258077), np.int64(53220670), np.int64(55160566), np.int64(53308519), np.int64(55074511), np.int64(55927022)]
INFO:cooler._reduce:records consumed: [np.int64(53767250), np.int64(55894796), np.int64(54352760), np.int64(55238643), np.int64(53761541), np.int64(55364044), np.int64(53512658), np.int64(55418667), np.int64(55749969), np.int64(53908367), np.int64(55928146), np.int64(53618112), np.int64(55752068), np.int64(53582525), np.int64(55946581), np.int64(55898717), np.int64(54170738), np.int64(55922071), np.int64(53862303), np.int64(55824888), np.int64(53956857), np.int64(55743484), np.int64(56597387)]
INFO:cooler._reduce:records consumed: [np.int64(54404336), np.int64(56554791), np.int64(54997782), np.int64(55895221), np.int64(54398060), np.int64(56023910), np.int64(54147802), np.int64(56073960), np.int64(56412111), np.int64(54544628), np.int64(56595034), np.int64(54256855), np.int64(56419132), np.int64(54217918), np.int64(56609921), np.int64(56567568), np.int64(54813563), np.int64(56585120), np.int64(54501867), np.int64(56489981), np.int64(54600421), np.int64(56404187), np.int64(57272000)]
INFO:cooler._reduce:records consumed: [np.int64(55046813), np.int64(57218625), np.int64(55638946), np.int64(56546734), np.int64(55034232), np.int64(56688369), np.int64(54784743), np.int64(56731764), np.int64(57073350), np.int64(55181830), np.int64(57263664), np.int64(54904081), np.int64(57082618), np.int64(54851709), np.int64(57277085), np.int64(57238038), np.int64(55455864), np.int64(57251113), np.int64(55138011), np.int64(57156203), np.int64(55233890), np.int64(57065726), np.int64(57945365)]
INFO:cooler._reduce:records consumed: [np.int64(55688144), np.int64(57881974), np.int64(56279433), np.int64(57203230), np.int64(55672088), np.int64(57350269), np.int64(55421168), np.int64(57386989), np.int64(57738072), np.int64(55820295), np.int64(57934255), np.int64(55541073), np.int64(57745367), np.int64(55486785), np.int64(57946692), np.int64(57903060), np.int64(56096035), np.int64(57920555), np.int64(55774880), np.int64(57824678), np.int64(55875761), np.int64(57720435), np.int64(58618102)]
INFO:cooler._reduce:records consumed: [np.int64(56325483), np.int64(58546744), np.int64(56925824), np.int64(57861417), np.int64(56315274), np.int64(58012434), np.int64(56062980), np.int64(58045188), np.int64(58397209), np.int64(56463471), np.int64(58601089), np.int64(56175962), np.int64(58414614), np.int64(56126473), np.int64(58615638), np.int64(58572904), np.int64(56741391), np.int64(58584825), np.int64(56421270), np.int64(58491514), np.int64(56517707), np.int64(58388283), np.int64(59290675)]
INFO:cooler._reduce:records consumed: [np.int64(56954452), np.int64(59214420), np.int64(57571496), np.int64(58518702), np.int64(56957635), np.int64(58672018), np.int64(56696625), np.int64(58708869), np.int64(59059279), np.int64(57104451), np.int64(59264581), np.int64(56810653), np.int64(59082751), np.int64(56761686), np.int64(59283930), np.int64(59242226), np.int64(57387720), np.int64(59245816), np.int64(57066501), np.int64(59155342), np.int64(57158601), np.int64(59051005), np.int64(59964038)]
INFO:cooler._reduce:records consumed: [np.int64(57592988), np.int64(59879668), np.int64(58215670), np.int64(59178981), np.int64(57598239), np.int64(59329707), np.int64(57329905), np.int64(59365225), np.int64(59720760), np.int64(57739801), np.int64(59928017), np.int64(57447981), np.int64(59743926), np.int64(57395124), np.int64(59952235), np.int64(59907109), np.int64(58025514), np.int64(59911479), np.int64(57709019), np.int64(59819181), np.int64(57802376), np.int64(59714616), np.int64(60634440)]
INFO:cooler._reduce:records consumed: [np.int64(58227352), np.int64(60541550), np.int64(58862659), np.int64(59835569), np.int64(58239597), np.int64(59985765), np.int64(57967158), np.int64(60021380), np.int64(60385106), np.int64(58378755), np.int64(60597482), np.int64(58083612), np.int64(60405074), np.int64(58031582), np.int64(60619511), np.int64(60576083), np.int64(58669659), np.int64(60571808), np.int64(58349360), np.int64(60484929), np.int64(58447285), np.int64(60376448), np.int64(61304931)]
INFO:cooler._reduce:records consumed: [np.int64(58865698), np.int64(61207185), np.int64(59511117), np.int64(60489706), np.int64(58875509), np.int64(60649294), np.int64(58608512), np.int64(60682084), np.int64(61051434), np.int64(59014497), np.int64(61266662), np.int64(58723502), np.int64(61069031), np.int64(58667282), np.int64(61290870), np.int64(61246658), np.int64(59317006), np.int64(61235751), np.int64(58990784), np.int64(61152851), np.int64(59096046), np.int64(61043199), np.int64(61970226)]
INFO:cooler._reduce:records consumed: [np.int64(59506292), np.int64(61871417), np.int64(60156182), np.int64(61146156), np.int64(59517198), np.int64(61307048), np.int64(59243946), np.int64(61339150), np.int64(61711491), np.int64(59651937), np.int64(61926541), np.int64(59360296), np.int64(61728088), np.int64(59303223), np.int64(61955792), np.int64(61911560), np.int64(59963596), np.int64(61901517), np.int64(59635418), np.int64(61817483), np.int64(59739998), np.int64(61705171), np.int64(62637703)]
INFO:cooler._reduce:records consumed: [np.int64(60148493), np.int64(62534273), np.int64(60802358), np.int64(61805438), np.int64(60158810), np.int64(61964680), np.int64(59884352), np.int64(61995944), np.int64(62378636), np.int64(60287134), np.int64(62591557), np.int64(59997022), np.int64(62394717), np.int64(59943204), np.int64(62620311), np.int64(62581948), np.int64(60608109), np.int64(62565685), np.int64(60284871), np.int64(62482835), np.int64(60386100), np.int64(62366511), np.int64(63305796)]
INFO:cooler._reduce:records consumed: [np.int64(60790254), np.int64(63198145), np.int64(61446662), np.int64(62461817), np.int64(60803952), np.int64(62622922), np.int64(60517637), np.int64(62653239), np.int64(63037286), np.int64(60920735), np.int64(63251843), np.int64(60632168), np.int64(63053455), np.int64(60582821), np.int64(63283238), np.int64(63247772), np.int64(61249119), np.int64(63232981), np.int64(60929472), np.int64(63142404), np.int64(61034450), np.int64(63029284), np.int64(63971446)]
INFO:cooler._reduce:records consumed: [np.int64(61429087), np.int64(63865228), np.int64(62095928), np.int64(63122344), np.int64(61441710), np.int64(63281769), np.int64(61149648), np.int64(63312845), np.int64(63697607), np.int64(61557653), np.int64(63914298), np.int64(61270308), np.int64(63712757), np.int64(61219169), np.int64(63950205), np.int64(63912040), np.int64(61893885), np.int64(63895967), np.int64(61566542), np.int64(63802149), np.int64(61676253), np.int64(63690574), np.int64(64640687)]
INFO:cooler._reduce:records consumed: [np.int64(62069011), np.int64(64530355), np.int64(62745229), np.int64(63779440), np.int64(62082476), np.int64(63938902), np.int64(61782321), np.int64(63971096), np.int64(64360290), np.int64(62194354), np.int64(64580058), np.int64(61909760), np.int64(64375748), np.int64(61854794), np.int64(64620126), np.int64(64581089), np.int64(62541128), np.int64(64559570), np.int64(62209451), np.int64(64466156), np.int64(62319053), np.int64(64354941), np.int64(65310792)]
INFO:cooler._reduce:records consumed: [np.int64(62707395), np.int64(65197568), np.int64(63390842), np.int64(64431530), np.int64(62722610), np.int64(64600065), np.int64(62417101), np.int64(64630158), np.int64(65017394), np.int64(62833311), np.int64(65242927), np.int64(62551554), np.int64(65040939), np.int64(62490361), np.int64(65287995), np.int64(65248687), np.int64(63187288), np.int64(65224126), np.int64(62851800), np.int64(65132344), np.int64(62966823), np.int64(65021488), np.int64(65979543)]
INFO:cooler._reduce:records consumed: [np.int64(63345167), np.int64(65860254), np.int64(64046115), np.int64(65088264), np.int64(63365043), np.int64(65261541), np.int64(63050667), np.int64(65289033), np.int64(65677308), np.int64(63469222), np.int64(65906937), np.int64(63185652), np.int64(65704517), np.int64(63124739), np.int64(65956246), np.int64(65909332), np.int64(63837172), np.int64(65881809), np.int64(63494047), np.int64(65796134), np.int64(63612182), np.int64(65681987), np.int64(66651834)]
INFO:cooler._reduce:records consumed: [np.int64(63983545), np.int64(66524291), np.int64(64693440), np.int64(65745774), np.int64(64003986), np.int64(65925728), np.int64(63684926), np.int64(65944018), np.int64(66342145), np.int64(64106607), np.int64(66570836), np.int64(63821339), np.int64(66370043), np.int64(63764084), np.int64(66617653), np.int64(66571505), np.int64(64483609), np.int64(66542335), np.int64(64137379), np.int64(66454858), np.int64(64253988), np.int64(66344531), np.int64(67321568)]
INFO:cooler._reduce:records consumed: [np.int64(64620216), np.int64(67191688), np.int64(65346195), np.int64(66405656), np.int64(64640687), np.int64(66579926), np.int64(64317566), np.int64(66605111), np.int64(67006828), np.int64(64744868), np.int64(67234194), np.int64(64455619), np.int64(67033638), np.int64(64398194), np.int64(67287744), np.int64(67233931), np.int64(65127447), np.int64(67204660), np.int64(64779074), np.int64(67119289), np.int64(64903219), np.int64(67006206), np.int64(67988565)]
INFO:cooler._reduce:records consumed: [np.int64(65258161), np.int64(67857325), np.int64(65993060), np.int64(67063686), np.int64(65281982), np.int64(67242847), np.int64(64954366), np.int64(67272461), np.int64(67664920), np.int64(65383850), np.int64(67894668), np.int64(65092799), np.int64(67700908), np.int64(65035743), np.int64(67953397), np.int64(67892805), np.int64(65772957), np.int64(67868915), np.int64(65424852), np.int64(67781191), np.int64(65545394), np.int64(67671135), np.int64(68662086)]
INFO:cooler._reduce:records consumed: [np.int64(65896256), np.int64(68521888), np.int64(66639890), np.int64(67721721), np.int64(65921168), np.int64(67902989), np.int64(65593203), np.int64(67926852), np.int64(68322368), np.int64(66022054), np.int64(68560004), np.int64(65726012), np.int64(68359944), np.int64(65676063), np.int64(68619585), np.int64(68557765), np.int64(66413066), np.int64(68531786), np.int64(66068594), np.int64(68444661), np.int64(66187960), np.int64(68332504), np.int64(69331174)]
INFO:cooler._reduce:records consumed: [np.int64(66535131), np.int64(69191125), np.int64(67288755), np.int64(68380614), np.int64(66557027), np.int64(68559934), np.int64(66236827), np.int64(68580859), np.int64(68977329), np.int64(66659762), np.int64(69221010), np.int64(66364054), np.int64(69022047), np.int64(66311854), np.int64(69286194), np.int64(69221574), np.int64(67061046), np.int64(69196162), np.int64(66718638), np.int64(69105587), np.int64(66829352), np.int64(68999748), np.int64(69993153)]
INFO:cooler._reduce:records consumed: [np.int64(67174029), np.int64(69855389), np.int64(67936631), np.int64(69038776), np.int64(67194476), np.int64(69214065), np.int64(66873789), np.int64(69236321), np.int64(69638754), np.int64(67297611), np.int64(69886594), np.int64(67001023), np.int64(69686603), np.int64(66952243), np.int64(69948514), np.int64(69884502), np.int64(67707440), np.int64(69860881), np.int64(67366196), np.int64(69769708), np.int64(67471399), np.int64(69665138), np.int64(70657898)]
INFO:cooler._reduce:records consumed: [np.int64(67814273), np.int64(70520405), np.int64(68580352), np.int64(69695480), np.int64(67831615), np.int64(69865115), np.int64(67512504), np.int64(69894932), np.int64(70296636), np.int64(67938532), np.int64(70549029), np.int64(67637550), np.int64(70346724), np.int64(67585350), np.int64(70613721), np.int64(70547805), np.int64(68351648), np.int64(70525730), np.int64(68009304), np.int64(70432207), np.int64(68118186), np.int64(70326012), np.int64(71326810)]
INFO:cooler._reduce:records consumed: [np.int64(68453795), np.int64(71181808), np.int64(69228520), np.int64(70353701), np.int64(68471990), np.int64(70524262), np.int64(68150285), np.int64(70554312), np.int64(70956459), np.int64(68580032), np.int64(71212678), np.int64(68275212), np.int64(71009913), np.int64(68218442), np.int64(71279051), np.int64(71212137), np.int64(68997454), np.int64(71186183), np.int64(68653646), np.int64(71092367), np.int64(68765043), np.int64(70989713), np.int64(71994388)]
INFO:cooler._reduce:records consumed: [np.int64(69094027), np.int64(71844555), np.int64(69872816), np.int64(71011813), np.int64(69114263), np.int64(71179216), np.int64(68787972), np.int64(71212147), np.int64(71623398), np.int64(69224748), np.int64(71871795), np.int64(68912143), np.int64(71673849), np.int64(68860716), np.int64(71943111), np.int64(71878214), np.int64(69643313), np.int64(71848673), np.int64(69297363), np.int64(71759976), np.int64(69409422), np.int64(71653194), np.int64(72663919)]
INFO:cooler._reduce:records consumed: [np.int64(69731564), np.int64(72507922), np.int64(70519230), np.int64(71667079), np.int64(69752902), np.int64(71832481), np.int64(69426456), np.int64(71867053), np.int64(72285366), np.int64(69870206), np.int64(72534862), np.int64(69548918), np.int64(72334706), np.int64(69494321), np.int64(72608317), np.int64(72543742), np.int64(70284136), np.int64(72511270), np.int64(69939810), np.int64(72422019), np.int64(70052669), np.int64(72318388), np.int64(73337080)]
INFO:cooler._reduce:records consumed: [np.int64(70368765), np.int64(73170559), np.int64(71169465), np.int64(72321560), np.int64(70386984), np.int64(72488687), np.int64(70063761), np.int64(72526830), np.int64(72947782), np.int64(70510187), np.int64(73199693), np.int64(70189432), np.int64(72995340), np.int64(70127497), np.int64(73271018), np.int64(73205983), np.int64(70927386), np.int64(73176034), np.int64(70584802), np.int64(73088746), np.int64(70693486), np.int64(72979391), np.int64(74006000)]
INFO:cooler._reduce:records consumed: [np.int64(71009796), np.int64(73831623), np.int64(71815140), np.int64(72979737), np.int64(71024968), np.int64(73146288), np.int64(70696898), np.int64(73186679), np.int64(73606598), np.int64(71147665), np.int64(73860629), np.int64(70825343), np.int64(73650532), np.int64(70761747), np.int64(73940554), np.int64(73872880), np.int64(71573709), np.int64(73840523), np.int64(71228952), np.int64(73758289), np.int64(71341769), np.int64(73645206), np.int64(74671181)]
INFO:cooler._reduce:records consumed: [np.int64(71646731), np.int64(74493558), np.int64(72460578), np.int64(73639533), np.int64(71665129), np.int64(73798567), np.int64(71334855), np.int64(73845137), np.int64(74270796), np.int64(71784095), np.int64(74522929), np.int64(71466528), np.int64(74308613), np.int64(71395936), np.int64(74608512), np.int64(74538910), np.int64(72218324), np.int64(74505622), np.int64(71870828), np.int64(74425851), np.int64(71983809), np.int64(74308998), np.int64(75344616)]
INFO:cooler._reduce:records consumed: [np.int64(72285528), np.int64(75156455), np.int64(73107847), np.int64(74295534), np.int64(72305910), np.int64(74456800), np.int64(71971715), np.int64(74504078), np.int64(74932644), np.int64(72419560), np.int64(75187514), np.int64(72104086), np.int64(74970276), np.int64(72031700), np.int64(75274455), np.int64(75203858), np.int64(72868293), np.int64(75166935), np.int64(72511449), np.int64(75087836), np.int64(72631555), np.int64(74974761), np.int64(76014234)]
INFO:cooler._reduce:records consumed: [np.int64(72923286), np.int64(75820135), np.int64(73755105), np.int64(74952836), np.int64(72942450), np.int64(75116650), np.int64(72609225), np.int64(75161190), np.int64(75587458), np.int64(73061848), np.int64(75845115), np.int64(72746770), np.int64(75629702), np.int64(72669273), np.int64(75933746), np.int64(75869422), np.int64(73517887), np.int64(75833734), np.int64(73151165), np.int64(75753605), np.int64(73280458), np.int64(75637647), np.int64(76680643)]
INFO:cooler._reduce:records consumed: [np.int64(73561911), np.int64(76487953), np.int64(74397784), np.int64(75612509), np.int64(73584342), np.int64(75774178), np.int64(73243268), np.int64(75820160), np.int64(76247004), np.int64(73699862), np.int64(76507478), np.int64(73387675), np.int64(76289044), np.int64(73302711), np.int64(76600086), np.int64(76535158), np.int64(74167879), np.int64(76497645), np.int64(73795744), np.int64(76420748), np.int64(73925801), np.int64(76304484), np.int64(77348734)]
INFO:cooler._reduce:records consumed: [np.int64(74195916), np.int64(77154583), np.int64(75043015), np.int64(76270469), np.int64(74224273), np.int64(76427517), np.int64(73879030), np.int64(76471206), np.int64(76905313), np.int64(74343623), np.int64(77170537), np.int64(74026791), np.int64(76951032), np.int64(73937948), np.int64(77263345), np.int64(77198041), np.int64(74815330), np.int64(77161690), np.int64(74439497), np.int64(77088056), np.int64(74569024), np.int64(76968378), np.int64(78016500)]
INFO:cooler._reduce:records consumed: [np.int64(74834645), np.int64(77820991), np.int64(75688301), np.int64(76926732), np.int64(74865173), np.int64(77083595), np.int64(74516251), np.int64(77125607), np.int64(77562134), np.int64(74984729), np.int64(77834113), np.int64(74663802), np.int64(77611576), np.int64(74570028), np.int64(77927460), np.int64(77861231), np.int64(75462425), np.int64(77827075), np.int64(75082542), np.int64(77753533), np.int64(75217794), np.int64(77631162), np.int64(78681140)]
INFO:cooler._reduce:records consumed: [np.int64(75470003), np.int64(78482013), np.int64(76331080), np.int64(77582106), np.int64(75508548), np.int64(77741478), np.int64(75154872), np.int64(77787178), np.int64(78219904), np.int64(75621573), np.int64(78496411), np.int64(75299051), np.int64(78271290), np.int64(75204198), np.int64(78593743), np.int64(78524659), np.int64(76111366), np.int64(78487881), np.int64(75724297), np.int64(78417606), np.int64(75865976), np.int64(78291809), np.int64(79347939)]
INFO:cooler._reduce:records consumed: [np.int64(76110424), np.int64(79146064), np.int64(76977149), np.int64(78234487), np.int64(76149375), np.int64(78395588), np.int64(75788675), np.int64(78443081), np.int64(78878748), np.int64(76258906), np.int64(79156847), np.int64(75933584), np.int64(78931279), np.int64(75836033), np.int64(79261724), np.int64(79191297), np.int64(76760738), np.int64(79149833), np.int64(76372575), np.int64(79083002), np.int64(76511997), np.int64(78954141), np.int64(80010673)]
INFO:cooler._reduce:records consumed: [np.int64(76751031), np.int64(79809272), np.int64(77624101), np.int64(78890276), np.int64(76789029), np.int64(79051119), np.int64(76429025), np.int64(79101775), np.int64(79538122), np.int64(76895422), np.int64(79818364), np.int64(76573298), np.int64(79594573), np.int64(76470698), np.int64(79924986), np.int64(79854966), np.int64(77409111), np.int64(79809705), np.int64(77015442), np.int64(79741887), np.int64(77155996), np.int64(79618773), np.int64(80677800)]
INFO:cooler._reduce:records consumed: [np.int64(77393695), np.int64(80468395), np.int64(78270736), np.int64(79546860), np.int64(77433891), np.int64(79707158), np.int64(77064940), np.int64(79760091), np.int64(80194356), np.int64(77534171), np.int64(80478027), np.int64(77211145), np.int64(80255659), np.int64(77107002), np.int64(80584725), np.int64(80518677), np.int64(78056633), np.int64(80471491), np.int64(77663285), np.int64(80399563), np.int64(77806368), np.int64(80279806), np.int64(81340937)]
INFO:cooler._reduce:records consumed: [np.int64(77641983), np.int64(80722413), np.int64(78520784), np.int64(79798660), np.int64(77681454), np.int64(79961034), np.int64(77312393), np.int64(80012815), np.int64(80448057), np.int64(77782730), np.int64(80731692), np.int64(77459821), np.int64(80510741), np.int64(77353534), np.int64(80841179), np.int64(80773368), np.int64(78308032), np.int64(80727491), np.int64(77913280), np.int64(80655809), np.int64(78057920), np.int64(80535249), np.int64(81596340)]
INFO:cooler.create:Writing indexes
INFO:cooler.create:Writing info
