INFO:cooler.create:Writing chunk 0: /mnt/storage3b/projects/no_ngsd/ahthapp1_T2T_ONT/analysis_other/porec/T2T12/cooler/tmpge3lzx44.multi.cool::0
INFO:cooler.create:Creating cooler at "/mnt/storage3b/projects/no_ngsd/ahthapp1_T2T_ONT/analysis_other/porec/T2T12/cooler/tmpge3lzx44.multi.cool::/0"
INFO:cooler.create:Writing chroms
INFO:cooler.create:Writing bins
INFO:cooler.create:Writing pixels
INFO:cooler.create:Writing indexes
INFO:cooler.create:Writing info
INFO:cooler.create:Writing chunk 1: /mnt/storage3b/projects/no_ngsd/ahthapp1_T2T_ONT/analysis_other/porec/T2T12/cooler/tmpge3lzx44.multi.cool::1
INFO:cooler.create:Creating cooler at "/mnt/storage3b/projects/no_ngsd/ahthapp1_T2T_ONT/analysis_other/porec/T2T12/cooler/tmpge3lzx44.multi.cool::/1"
INFO:cooler.create:Writing chroms
INFO:cooler.create:Writing bins
INFO:cooler.create:Writing pixels
INFO:cooler.create:Writing indexes
INFO:cooler.create:Writing info
INFO:cooler.create:Writing chunk 2: /mnt/storage3b/projects/no_ngsd/ahthapp1_T2T_ONT/analysis_other/porec/T2T12/cooler/tmpge3lzx44.multi.cool::2
INFO:cooler.create:Creating cooler at "/mnt/storage3b/projects/no_ngsd/ahthapp1_T2T_ONT/analysis_other/porec/T2T12/cooler/tmpge3lzx44.multi.cool::/2"
INFO:cooler.create:Writing chroms
INFO:cooler.create:Writing bins
INFO:cooler.create:Writing pixels
INFO:cooler.create:Writing indexes
INFO:cooler.create:Writing info
INFO:cooler.create:Writing chunk 3: /mnt/storage3b/projects/no_ngsd/ahthapp1_T2T_ONT/analysis_other/porec/T2T12/cooler/tmpge3lzx44.multi.cool::3
INFO:cooler.create:Creating cooler at "/mnt/storage3b/projects/no_ngsd/ahthapp1_T2T_ONT/analysis_other/porec/T2T12/cooler/tmpge3lzx44.multi.cool::/3"
INFO:cooler.create:Writing chroms
INFO:cooler.create:Writing bins
INFO:cooler.create:Writing pixels
INFO:cooler.create:Writing indexes
INFO:cooler.create:Writing info
INFO:cooler.create:Writing chunk 4: /mnt/storage3b/projects/no_ngsd/ahthapp1_T2T_ONT/analysis_other/porec/T2T12/cooler/tmpge3lzx44.multi.cool::4
INFO:cooler.create:Creating cooler at "/mnt/storage3b/projects/no_ngsd/ahthapp1_T2T_ONT/analysis_other/porec/T2T12/cooler/tmpge3lzx44.multi.cool::/4"
INFO:cooler.create:Writing chroms
INFO:cooler.create:Writing bins
INFO:cooler.create:Writing pixels
INFO:cooler.create:Writing indexes
INFO:cooler.create:Writing info
INFO:cooler.create:Writing chunk 5: /mnt/storage3b/projects/no_ngsd/ahthapp1_T2T_ONT/analysis_other/porec/T2T12/cooler/tmpge3lzx44.multi.cool::5
INFO:cooler.create:Creating cooler at "/mnt/storage3b/projects/no_ngsd/ahthapp1_T2T_ONT/analysis_other/porec/T2T12/cooler/tmpge3lzx44.multi.cool::/5"
INFO:cooler.create:Writing chroms
INFO:cooler.create:Writing bins
INFO:cooler.create:Writing pixels
INFO:cooler.create:Writing indexes
INFO:cooler.create:Writing info
INFO:cooler.create:Writing chunk 6: /mnt/storage3b/projects/no_ngsd/ahthapp1_T2T_ONT/analysis_other/porec/T2T12/cooler/tmpge3lzx44.multi.cool::6
INFO:cooler.create:Creating cooler at "/mnt/storage3b/projects/no_ngsd/ahthapp1_T2T_ONT/analysis_other/porec/T2T12/cooler/tmpge3lzx44.multi.cool::/6"
INFO:cooler.create:Writing chroms
INFO:cooler.create:Writing bins
INFO:cooler.create:Writing pixels
INFO:cooler.create:Writing indexes
INFO:cooler.create:Writing info
INFO:cooler.create:Writing chunk 7: /mnt/storage3b/projects/no_ngsd/ahthapp1_T2T_ONT/analysis_other/porec/T2T12/cooler/tmpge3lzx44.multi.cool::7
INFO:cooler.create:Creating cooler at "/mnt/storage3b/projects/no_ngsd/ahthapp1_T2T_ONT/analysis_other/porec/T2T12/cooler/tmpge3lzx44.multi.cool::/7"
INFO:cooler.create:Writing chroms
INFO:cooler.create:Writing bins
INFO:cooler.create:Writing pixels
INFO:cooler.create:Writing indexes
INFO:cooler.create:Writing info
INFO:cooler.create:Writing chunk 8: /mnt/storage3b/projects/no_ngsd/ahthapp1_T2T_ONT/analysis_other/porec/T2T12/cooler/tmpge3lzx44.multi.cool::8
INFO:cooler.create:Creating cooler at "/mnt/storage3b/projects/no_ngsd/ahthapp1_T2T_ONT/analysis_other/porec/T2T12/cooler/tmpge3lzx44.multi.cool::/8"
INFO:cooler.create:Writing chroms
INFO:cooler.create:Writing bins
INFO:cooler.create:Writing pixels
INFO:cooler.create:Writing indexes
INFO:cooler.create:Writing info
INFO:cooler.create:Writing chunk 9: /mnt/storage3b/projects/no_ngsd/ahthapp1_T2T_ONT/analysis_other/porec/T2T12/cooler/tmpge3lzx44.multi.cool::9
INFO:cooler.create:Creating cooler at "/mnt/storage3b/projects/no_ngsd/ahthapp1_T2T_ONT/analysis_other/porec/T2T12/cooler/tmpge3lzx44.multi.cool::/9"
INFO:cooler.create:Writing chroms
INFO:cooler.create:Writing bins
INFO:cooler.create:Writing pixels
INFO:cooler.create:Writing indexes
INFO:cooler.create:Writing info
INFO:cooler.create:Writing chunk 10: /mnt/storage3b/projects/no_ngsd/ahthapp1_T2T_ONT/analysis_other/porec/T2T12/cooler/tmpge3lzx44.multi.cool::10
INFO:cooler.create:Creating cooler at "/mnt/storage3b/projects/no_ngsd/ahthapp1_T2T_ONT/analysis_other/porec/T2T12/cooler/tmpge3lzx44.multi.cool::/10"
INFO:cooler.create:Writing chroms
INFO:cooler.create:Writing bins
INFO:cooler.create:Writing pixels
INFO:cooler.create:Writing indexes
INFO:cooler.create:Writing info
INFO:cooler.create:Writing chunk 11: /mnt/storage3b/projects/no_ngsd/ahthapp1_T2T_ONT/analysis_other/porec/T2T12/cooler/tmpge3lzx44.multi.cool::11
INFO:cooler.create:Creating cooler at "/mnt/storage3b/projects/no_ngsd/ahthapp1_T2T_ONT/analysis_other/porec/T2T12/cooler/tmpge3lzx44.multi.cool::/11"
INFO:cooler.create:Writing chroms
INFO:cooler.create:Writing bins
INFO:cooler.create:Writing pixels
INFO:cooler.create:Writing indexes
INFO:cooler.create:Writing info
INFO:cooler.create:Writing chunk 12: /mnt/storage3b/projects/no_ngsd/ahthapp1_T2T_ONT/analysis_other/porec/T2T12/cooler/tmpge3lzx44.multi.cool::12
INFO:cooler.create:Creating cooler at "/mnt/storage3b/projects/no_ngsd/ahthapp1_T2T_ONT/analysis_other/porec/T2T12/cooler/tmpge3lzx44.multi.cool::/12"
INFO:cooler.create:Writing chroms
INFO:cooler.create:Writing bins
INFO:cooler.create:Writing pixels
INFO:cooler.create:Writing indexes
INFO:cooler.create:Writing info
INFO:cooler.create:Writing chunk 13: /mnt/storage3b/projects/no_ngsd/ahthapp1_T2T_ONT/analysis_other/porec/T2T12/cooler/tmpge3lzx44.multi.cool::13
INFO:cooler.create:Creating cooler at "/mnt/storage3b/projects/no_ngsd/ahthapp1_T2T_ONT/analysis_other/porec/T2T12/cooler/tmpge3lzx44.multi.cool::/13"
INFO:cooler.create:Writing chroms
INFO:cooler.create:Writing bins
INFO:cooler.create:Writing pixels
INFO:cooler.create:Writing indexes
INFO:cooler.create:Writing info
INFO:cooler.create:Writing chunk 14: /mnt/storage3b/projects/no_ngsd/ahthapp1_T2T_ONT/analysis_other/porec/T2T12/cooler/tmpge3lzx44.multi.cool::14
INFO:cooler.create:Creating cooler at "/mnt/storage3b/projects/no_ngsd/ahthapp1_T2T_ONT/analysis_other/porec/T2T12/cooler/tmpge3lzx44.multi.cool::/14"
INFO:cooler.create:Writing chroms
INFO:cooler.create:Writing bins
INFO:cooler.create:Writing pixels
INFO:cooler.create:Writing indexes
INFO:cooler.create:Writing info
INFO:cooler.create:Writing chunk 15: /mnt/storage3b/projects/no_ngsd/ahthapp1_T2T_ONT/analysis_other/porec/T2T12/cooler/tmpge3lzx44.multi.cool::15
INFO:cooler.create:Creating cooler at "/mnt/storage3b/projects/no_ngsd/ahthapp1_T2T_ONT/analysis_other/porec/T2T12/cooler/tmpge3lzx44.multi.cool::/15"
INFO:cooler.create:Writing chroms
INFO:cooler.create:Writing bins
INFO:cooler.create:Writing pixels
INFO:cooler.create:Writing indexes
INFO:cooler.create:Writing info
INFO:cooler.create:Writing chunk 16: /mnt/storage3b/projects/no_ngsd/ahthapp1_T2T_ONT/analysis_other/porec/T2T12/cooler/tmpge3lzx44.multi.cool::16
INFO:cooler.create:Creating cooler at "/mnt/storage3b/projects/no_ngsd/ahthapp1_T2T_ONT/analysis_other/porec/T2T12/cooler/tmpge3lzx44.multi.cool::/16"
INFO:cooler.create:Writing chroms
INFO:cooler.create:Writing bins
INFO:cooler.create:Writing pixels
INFO:cooler.create:Writing indexes
INFO:cooler.create:Writing info
INFO:cooler.create:Writing chunk 17: /mnt/storage3b/projects/no_ngsd/ahthapp1_T2T_ONT/analysis_other/porec/T2T12/cooler/tmpge3lzx44.multi.cool::17
INFO:cooler.create:Creating cooler at "/mnt/storage3b/projects/no_ngsd/ahthapp1_T2T_ONT/analysis_other/porec/T2T12/cooler/tmpge3lzx44.multi.cool::/17"
INFO:cooler.create:Writing chroms
INFO:cooler.create:Writing bins
INFO:cooler.create:Writing pixels
INFO:cooler.create:Writing indexes
INFO:cooler.create:Writing info
INFO:cooler.create:Writing chunk 18: /mnt/storage3b/projects/no_ngsd/ahthapp1_T2T_ONT/analysis_other/porec/T2T12/cooler/tmpge3lzx44.multi.cool::18
INFO:cooler.create:Creating cooler at "/mnt/storage3b/projects/no_ngsd/ahthapp1_T2T_ONT/analysis_other/porec/T2T12/cooler/tmpge3lzx44.multi.cool::/18"
INFO:cooler.create:Writing chroms
INFO:cooler.create:Writing bins
INFO:cooler.create:Writing pixels
INFO:cooler.create:Writing indexes
INFO:cooler.create:Writing info
INFO:cooler.create:Writing chunk 19: /mnt/storage3b/projects/no_ngsd/ahthapp1_T2T_ONT/analysis_other/porec/T2T12/cooler/tmpge3lzx44.multi.cool::19
INFO:cooler.create:Creating cooler at "/mnt/storage3b/projects/no_ngsd/ahthapp1_T2T_ONT/analysis_other/porec/T2T12/cooler/tmpge3lzx44.multi.cool::/19"
INFO:cooler.create:Writing chroms
INFO:cooler.create:Writing bins
INFO:cooler.create:Writing pixels
INFO:cooler.create:Writing indexes
INFO:cooler.create:Writing info
INFO:cooler.create:Writing chunk 20: /mnt/storage3b/projects/no_ngsd/ahthapp1_T2T_ONT/analysis_other/porec/T2T12/cooler/tmpge3lzx44.multi.cool::20
INFO:cooler.create:Creating cooler at "/mnt/storage3b/projects/no_ngsd/ahthapp1_T2T_ONT/analysis_other/porec/T2T12/cooler/tmpge3lzx44.multi.cool::/20"
INFO:cooler.create:Writing chroms
INFO:cooler.create:Writing bins
INFO:cooler.create:Writing pixels
INFO:cooler.create:Writing indexes
INFO:cooler.create:Writing info
INFO:cooler.create:Writing chunk 21: /mnt/storage3b/projects/no_ngsd/ahthapp1_T2T_ONT/analysis_other/porec/T2T12/cooler/tmpge3lzx44.multi.cool::21
INFO:cooler.create:Creating cooler at "/mnt/storage3b/projects/no_ngsd/ahthapp1_T2T_ONT/analysis_other/porec/T2T12/cooler/tmpge3lzx44.multi.cool::/21"
INFO:cooler.create:Writing chroms
INFO:cooler.create:Writing bins
INFO:cooler.create:Writing pixels
INFO:cooler.create:Writing indexes
INFO:cooler.create:Writing info
INFO:cooler.create:Writing chunk 22: /mnt/storage3b/projects/no_ngsd/ahthapp1_T2T_ONT/analysis_other/porec/T2T12/cooler/tmpge3lzx44.multi.cool::22
INFO:cooler.create:Creating cooler at "/mnt/storage3b/projects/no_ngsd/ahthapp1_T2T_ONT/analysis_other/porec/T2T12/cooler/tmpge3lzx44.multi.cool::/22"
INFO:cooler.create:Writing chroms
INFO:cooler.create:Writing bins
INFO:cooler.create:Writing pixels
INFO:cooler.create:Writing indexes
INFO:cooler.create:Writing info
INFO:cooler.create:Writing chunk 23: /mnt/storage3b/projects/no_ngsd/ahthapp1_T2T_ONT/analysis_other/porec/T2T12/cooler/tmpge3lzx44.multi.cool::23
INFO:cooler.create:Creating cooler at "/mnt/storage3b/projects/no_ngsd/ahthapp1_T2T_ONT/analysis_other/porec/T2T12/cooler/tmpge3lzx44.multi.cool::/23"
INFO:cooler.create:Writing chroms
INFO:cooler.create:Writing bins
INFO:cooler.create:Writing pixels
INFO:cooler.create:Writing indexes
INFO:cooler.create:Writing info
INFO:cooler.create:Writing chunk 24: /mnt/storage3b/projects/no_ngsd/ahthapp1_T2T_ONT/analysis_other/porec/T2T12/cooler/tmpge3lzx44.multi.cool::24
INFO:cooler.create:Creating cooler at "/mnt/storage3b/projects/no_ngsd/ahthapp1_T2T_ONT/analysis_other/porec/T2T12/cooler/tmpge3lzx44.multi.cool::/24"
INFO:cooler.create:Writing chroms
INFO:cooler.create:Writing bins
INFO:cooler.create:Writing pixels
INFO:cooler.create:Writing indexes
INFO:cooler.create:Writing info
INFO:cooler.create:Writing chunk 25: /mnt/storage3b/projects/no_ngsd/ahthapp1_T2T_ONT/analysis_other/porec/T2T12/cooler/tmpge3lzx44.multi.cool::25
INFO:cooler.create:Creating cooler at "/mnt/storage3b/projects/no_ngsd/ahthapp1_T2T_ONT/analysis_other/porec/T2T12/cooler/tmpge3lzx44.multi.cool::/25"
INFO:cooler.create:Writing chroms
INFO:cooler.create:Writing bins
INFO:cooler.create:Writing pixels
INFO:cooler.create:Writing indexes
INFO:cooler.create:Writing info
INFO:cooler.create:Writing chunk 26: /mnt/storage3b/projects/no_ngsd/ahthapp1_T2T_ONT/analysis_other/porec/T2T12/cooler/tmpge3lzx44.multi.cool::26
INFO:cooler.create:Creating cooler at "/mnt/storage3b/projects/no_ngsd/ahthapp1_T2T_ONT/analysis_other/porec/T2T12/cooler/tmpge3lzx44.multi.cool::/26"
INFO:cooler.create:Writing chroms
INFO:cooler.create:Writing bins
INFO:cooler.create:Writing pixels
INFO:cooler.create:Writing indexes
INFO:cooler.create:Writing info
INFO:cooler.create:Writing chunk 27: /mnt/storage3b/projects/no_ngsd/ahthapp1_T2T_ONT/analysis_other/porec/T2T12/cooler/tmpge3lzx44.multi.cool::27
INFO:cooler.create:Creating cooler at "/mnt/storage3b/projects/no_ngsd/ahthapp1_T2T_ONT/analysis_other/porec/T2T12/cooler/tmpge3lzx44.multi.cool::/27"
INFO:cooler.create:Writing chroms
INFO:cooler.create:Writing bins
INFO:cooler.create:Writing pixels
INFO:cooler.create:Writing indexes
INFO:cooler.create:Writing info
INFO:cooler.create:Writing chunk 28: /mnt/storage3b/projects/no_ngsd/ahthapp1_T2T_ONT/analysis_other/porec/T2T12/cooler/tmpge3lzx44.multi.cool::28
INFO:cooler.create:Creating cooler at "/mnt/storage3b/projects/no_ngsd/ahthapp1_T2T_ONT/analysis_other/porec/T2T12/cooler/tmpge3lzx44.multi.cool::/28"
INFO:cooler.create:Writing chroms
INFO:cooler.create:Writing bins
INFO:cooler.create:Writing pixels
INFO:cooler.create:Writing indexes
INFO:cooler.create:Writing info
INFO:cooler.create:Writing chunk 29: /mnt/storage3b/projects/no_ngsd/ahthapp1_T2T_ONT/analysis_other/porec/T2T12/cooler/tmpge3lzx44.multi.cool::29
INFO:cooler.create:Creating cooler at "/mnt/storage3b/projects/no_ngsd/ahthapp1_T2T_ONT/analysis_other/porec/T2T12/cooler/tmpge3lzx44.multi.cool::/29"
INFO:cooler.create:Writing chroms
INFO:cooler.create:Writing bins
INFO:cooler.create:Writing pixels
INFO:cooler.create:Writing indexes
INFO:cooler.create:Writing info
INFO:cooler.create:Writing chunk 30: /mnt/storage3b/projects/no_ngsd/ahthapp1_T2T_ONT/analysis_other/porec/T2T12/cooler/tmpge3lzx44.multi.cool::30
INFO:cooler.create:Creating cooler at "/mnt/storage3b/projects/no_ngsd/ahthapp1_T2T_ONT/analysis_other/porec/T2T12/cooler/tmpge3lzx44.multi.cool::/30"
INFO:cooler.create:Writing chroms
INFO:cooler.create:Writing bins
INFO:cooler.create:Writing pixels
INFO:cooler.create:Writing indexes
INFO:cooler.create:Writing info
INFO:cooler.create:Writing chunk 31: /mnt/storage3b/projects/no_ngsd/ahthapp1_T2T_ONT/analysis_other/porec/T2T12/cooler/tmpge3lzx44.multi.cool::31
INFO:cooler.create:Creating cooler at "/mnt/storage3b/projects/no_ngsd/ahthapp1_T2T_ONT/analysis_other/porec/T2T12/cooler/tmpge3lzx44.multi.cool::/31"
INFO:cooler.create:Writing chroms
INFO:cooler.create:Writing bins
INFO:cooler.create:Writing pixels
INFO:cooler.create:Writing indexes
INFO:cooler.create:Writing info
INFO:cooler.create:Writing chunk 32: /mnt/storage3b/projects/no_ngsd/ahthapp1_T2T_ONT/analysis_other/porec/T2T12/cooler/tmpge3lzx44.multi.cool::32
INFO:cooler.create:Creating cooler at "/mnt/storage3b/projects/no_ngsd/ahthapp1_T2T_ONT/analysis_other/porec/T2T12/cooler/tmpge3lzx44.multi.cool::/32"
INFO:cooler.create:Writing chroms
INFO:cooler.create:Writing bins
INFO:cooler.create:Writing pixels
INFO:cooler.create:Writing indexes
INFO:cooler.create:Writing info
INFO:cooler.create:Writing chunk 33: /mnt/storage3b/projects/no_ngsd/ahthapp1_T2T_ONT/analysis_other/porec/T2T12/cooler/tmpge3lzx44.multi.cool::33
INFO:cooler.create:Creating cooler at "/mnt/storage3b/projects/no_ngsd/ahthapp1_T2T_ONT/analysis_other/porec/T2T12/cooler/tmpge3lzx44.multi.cool::/33"
INFO:cooler.create:Writing chroms
INFO:cooler.create:Writing bins
INFO:cooler.create:Writing pixels
INFO:cooler.create:Writing indexes
INFO:cooler.create:Writing info
INFO:cooler.create:Writing chunk 34: /mnt/storage3b/projects/no_ngsd/ahthapp1_T2T_ONT/analysis_other/porec/T2T12/cooler/tmpge3lzx44.multi.cool::34
INFO:cooler.create:Creating cooler at "/mnt/storage3b/projects/no_ngsd/ahthapp1_T2T_ONT/analysis_other/porec/T2T12/cooler/tmpge3lzx44.multi.cool::/34"
INFO:cooler.create:Writing chroms
INFO:cooler.create:Writing bins
INFO:cooler.create:Writing pixels
INFO:cooler.create:Writing indexes
INFO:cooler.create:Writing info
INFO:cooler.create:Writing chunk 35: /mnt/storage3b/projects/no_ngsd/ahthapp1_T2T_ONT/analysis_other/porec/T2T12/cooler/tmpge3lzx44.multi.cool::35
INFO:cooler.create:Creating cooler at "/mnt/storage3b/projects/no_ngsd/ahthapp1_T2T_ONT/analysis_other/porec/T2T12/cooler/tmpge3lzx44.multi.cool::/35"
INFO:cooler.create:Writing chroms
INFO:cooler.create:Writing bins
INFO:cooler.create:Writing pixels
INFO:cooler.create:Writing indexes
INFO:cooler.create:Writing info
INFO:cooler.create:Writing chunk 36: /mnt/storage3b/projects/no_ngsd/ahthapp1_T2T_ONT/analysis_other/porec/T2T12/cooler/tmpge3lzx44.multi.cool::36
INFO:cooler.create:Creating cooler at "/mnt/storage3b/projects/no_ngsd/ahthapp1_T2T_ONT/analysis_other/porec/T2T12/cooler/tmpge3lzx44.multi.cool::/36"
INFO:cooler.create:Writing chroms
INFO:cooler.create:Writing bins
INFO:cooler.create:Writing pixels
INFO:cooler.create:Writing indexes
INFO:cooler.create:Writing info
INFO:cooler.create:Writing chunk 37: /mnt/storage3b/projects/no_ngsd/ahthapp1_T2T_ONT/analysis_other/porec/T2T12/cooler/tmpge3lzx44.multi.cool::37
INFO:cooler.create:Creating cooler at "/mnt/storage3b/projects/no_ngsd/ahthapp1_T2T_ONT/analysis_other/porec/T2T12/cooler/tmpge3lzx44.multi.cool::/37"
INFO:cooler.create:Writing chroms
INFO:cooler.create:Writing bins
INFO:cooler.create:Writing pixels
INFO:cooler.create:Writing indexes
INFO:cooler.create:Writing info
INFO:cooler.create:Writing chunk 38: /mnt/storage3b/projects/no_ngsd/ahthapp1_T2T_ONT/analysis_other/porec/T2T12/cooler/tmpge3lzx44.multi.cool::38
INFO:cooler.create:Creating cooler at "/mnt/storage3b/projects/no_ngsd/ahthapp1_T2T_ONT/analysis_other/porec/T2T12/cooler/tmpge3lzx44.multi.cool::/38"
INFO:cooler.create:Writing chroms
INFO:cooler.create:Writing bins
INFO:cooler.create:Writing pixels
INFO:cooler.create:Writing indexes
INFO:cooler.create:Writing info
INFO:cooler.create:Writing chunk 39: /mnt/storage3b/projects/no_ngsd/ahthapp1_T2T_ONT/analysis_other/porec/T2T12/cooler/tmpge3lzx44.multi.cool::39
INFO:cooler.create:Creating cooler at "/mnt/storage3b/projects/no_ngsd/ahthapp1_T2T_ONT/analysis_other/porec/T2T12/cooler/tmpge3lzx44.multi.cool::/39"
INFO:cooler.create:Writing chroms
INFO:cooler.create:Writing bins
INFO:cooler.create:Writing pixels
INFO:cooler.create:Writing indexes
INFO:cooler.create:Writing info
INFO:cooler.create:Writing chunk 40: /mnt/storage3b/projects/no_ngsd/ahthapp1_T2T_ONT/analysis_other/porec/T2T12/cooler/tmpge3lzx44.multi.cool::40
INFO:cooler.create:Creating cooler at "/mnt/storage3b/projects/no_ngsd/ahthapp1_T2T_ONT/analysis_other/porec/T2T12/cooler/tmpge3lzx44.multi.cool::/40"
INFO:cooler.create:Writing chroms
INFO:cooler.create:Writing bins
INFO:cooler.create:Writing pixels
INFO:cooler.create:Writing indexes
INFO:cooler.create:Writing info
INFO:cooler.create:Writing chunk 41: /mnt/storage3b/projects/no_ngsd/ahthapp1_T2T_ONT/analysis_other/porec/T2T12/cooler/tmpge3lzx44.multi.cool::41
INFO:cooler.create:Creating cooler at "/mnt/storage3b/projects/no_ngsd/ahthapp1_T2T_ONT/analysis_other/porec/T2T12/cooler/tmpge3lzx44.multi.cool::/41"
INFO:cooler.create:Writing chroms
INFO:cooler.create:Writing bins
INFO:cooler.create:Writing pixels
INFO:cooler.create:Writing indexes
INFO:cooler.create:Writing info
INFO:cooler.create:Writing chunk 42: /mnt/storage3b/projects/no_ngsd/ahthapp1_T2T_ONT/analysis_other/porec/T2T12/cooler/tmpge3lzx44.multi.cool::42
INFO:cooler.create:Creating cooler at "/mnt/storage3b/projects/no_ngsd/ahthapp1_T2T_ONT/analysis_other/porec/T2T12/cooler/tmpge3lzx44.multi.cool::/42"
INFO:cooler.create:Writing chroms
INFO:cooler.create:Writing bins
INFO:cooler.create:Writing pixels
INFO:cooler.create:Writing indexes
INFO:cooler.create:Writing info
INFO:cooler.create:Writing chunk 43: /mnt/storage3b/projects/no_ngsd/ahthapp1_T2T_ONT/analysis_other/porec/T2T12/cooler/tmpge3lzx44.multi.cool::43
INFO:cooler.create:Creating cooler at "/mnt/storage3b/projects/no_ngsd/ahthapp1_T2T_ONT/analysis_other/porec/T2T12/cooler/tmpge3lzx44.multi.cool::/43"
INFO:cooler.create:Writing chroms
INFO:cooler.create:Writing bins
INFO:cooler.create:Writing pixels
INFO:cooler.create:Writing indexes
INFO:cooler.create:Writing info
INFO:cooler.create:Writing chunk 44: /mnt/storage3b/projects/no_ngsd/ahthapp1_T2T_ONT/analysis_other/porec/T2T12/cooler/tmpge3lzx44.multi.cool::44
INFO:cooler.create:Creating cooler at "/mnt/storage3b/projects/no_ngsd/ahthapp1_T2T_ONT/analysis_other/porec/T2T12/cooler/tmpge3lzx44.multi.cool::/44"
INFO:cooler.create:Writing chroms
INFO:cooler.create:Writing bins
INFO:cooler.create:Writing pixels
INFO:cooler.create:Writing indexes
INFO:cooler.create:Writing info
INFO:cooler.create:Writing chunk 45: /mnt/storage3b/projects/no_ngsd/ahthapp1_T2T_ONT/analysis_other/porec/T2T12/cooler/tmpge3lzx44.multi.cool::45
INFO:cooler.create:Creating cooler at "/mnt/storage3b/projects/no_ngsd/ahthapp1_T2T_ONT/analysis_other/porec/T2T12/cooler/tmpge3lzx44.multi.cool::/45"
INFO:cooler.create:Writing chroms
INFO:cooler.create:Writing bins
INFO:cooler.create:Writing pixels
INFO:cooler.create:Writing indexes
INFO:cooler.create:Writing info
INFO:cooler.create:Writing chunk 46: /mnt/storage3b/projects/no_ngsd/ahthapp1_T2T_ONT/analysis_other/porec/T2T12/cooler/tmpge3lzx44.multi.cool::46
INFO:cooler.create:Creating cooler at "/mnt/storage3b/projects/no_ngsd/ahthapp1_T2T_ONT/analysis_other/porec/T2T12/cooler/tmpge3lzx44.multi.cool::/46"
INFO:cooler.create:Writing chroms
INFO:cooler.create:Writing bins
INFO:cooler.create:Writing pixels
INFO:cooler.create:Writing indexes
INFO:cooler.create:Writing info
INFO:cooler.create:Writing chunk 47: /mnt/storage3b/projects/no_ngsd/ahthapp1_T2T_ONT/analysis_other/porec/T2T12/cooler/tmpge3lzx44.multi.cool::47
INFO:cooler.create:Creating cooler at "/mnt/storage3b/projects/no_ngsd/ahthapp1_T2T_ONT/analysis_other/porec/T2T12/cooler/tmpge3lzx44.multi.cool::/47"
INFO:cooler.create:Writing chroms
INFO:cooler.create:Writing bins
INFO:cooler.create:Writing pixels
INFO:cooler.create:Writing indexes
INFO:cooler.create:Writing info
INFO:cooler.create:Writing chunk 48: /mnt/storage3b/projects/no_ngsd/ahthapp1_T2T_ONT/analysis_other/porec/T2T12/cooler/tmpge3lzx44.multi.cool::48
INFO:cooler.create:Creating cooler at "/mnt/storage3b/projects/no_ngsd/ahthapp1_T2T_ONT/analysis_other/porec/T2T12/cooler/tmpge3lzx44.multi.cool::/48"
INFO:cooler.create:Writing chroms
INFO:cooler.create:Writing bins
INFO:cooler.create:Writing pixels
INFO:cooler.create:Writing indexes
INFO:cooler.create:Writing info
INFO:cooler.create:Writing chunk 49: /mnt/storage3b/projects/no_ngsd/ahthapp1_T2T_ONT/analysis_other/porec/T2T12/cooler/tmpge3lzx44.multi.cool::49
INFO:cooler.create:Creating cooler at "/mnt/storage3b/projects/no_ngsd/ahthapp1_T2T_ONT/analysis_other/porec/T2T12/cooler/tmpge3lzx44.multi.cool::/49"
INFO:cooler.create:Writing chroms
INFO:cooler.create:Writing bins
INFO:cooler.create:Writing pixels
INFO:cooler.create:Writing indexes
INFO:cooler.create:Writing info
INFO:cooler.create:Writing chunk 50: /mnt/storage3b/projects/no_ngsd/ahthapp1_T2T_ONT/analysis_other/porec/T2T12/cooler/tmpge3lzx44.multi.cool::50
INFO:cooler.create:Creating cooler at "/mnt/storage3b/projects/no_ngsd/ahthapp1_T2T_ONT/analysis_other/porec/T2T12/cooler/tmpge3lzx44.multi.cool::/50"
INFO:cooler.create:Writing chroms
INFO:cooler.create:Writing bins
INFO:cooler.create:Writing pixels
INFO:cooler.create:Writing indexes
INFO:cooler.create:Writing info
INFO:cooler.create:Writing chunk 51: /mnt/storage3b/projects/no_ngsd/ahthapp1_T2T_ONT/analysis_other/porec/T2T12/cooler/tmpge3lzx44.multi.cool::51
INFO:cooler.create:Creating cooler at "/mnt/storage3b/projects/no_ngsd/ahthapp1_T2T_ONT/analysis_other/porec/T2T12/cooler/tmpge3lzx44.multi.cool::/51"
INFO:cooler.create:Writing chroms
INFO:cooler.create:Writing bins
INFO:cooler.create:Writing pixels
INFO:cooler.create:Writing indexes
INFO:cooler.create:Writing info
INFO:cooler.create:Writing chunk 52: /mnt/storage3b/projects/no_ngsd/ahthapp1_T2T_ONT/analysis_other/porec/T2T12/cooler/tmpge3lzx44.multi.cool::52
INFO:cooler.create:Creating cooler at "/mnt/storage3b/projects/no_ngsd/ahthapp1_T2T_ONT/analysis_other/porec/T2T12/cooler/tmpge3lzx44.multi.cool::/52"
INFO:cooler.create:Writing chroms
INFO:cooler.create:Writing bins
INFO:cooler.create:Writing pixels
INFO:cooler.create:Writing indexes
INFO:cooler.create:Writing info
INFO:cooler.create:Writing chunk 53: /mnt/storage3b/projects/no_ngsd/ahthapp1_T2T_ONT/analysis_other/porec/T2T12/cooler/tmpge3lzx44.multi.cool::53
INFO:cooler.create:Creating cooler at "/mnt/storage3b/projects/no_ngsd/ahthapp1_T2T_ONT/analysis_other/porec/T2T12/cooler/tmpge3lzx44.multi.cool::/53"
INFO:cooler.create:Writing chroms
INFO:cooler.create:Writing bins
INFO:cooler.create:Writing pixels
INFO:cooler.create:Writing indexes
INFO:cooler.create:Writing info
INFO:cooler.create:Writing chunk 54: /mnt/storage3b/projects/no_ngsd/ahthapp1_T2T_ONT/analysis_other/porec/T2T12/cooler/tmpge3lzx44.multi.cool::54
INFO:cooler.create:Creating cooler at "/mnt/storage3b/projects/no_ngsd/ahthapp1_T2T_ONT/analysis_other/porec/T2T12/cooler/tmpge3lzx44.multi.cool::/54"
INFO:cooler.create:Writing chroms
INFO:cooler.create:Writing bins
INFO:cooler.create:Writing pixels
INFO:cooler.create:Writing indexes
INFO:cooler.create:Writing info
INFO:cooler.create:Writing chunk 55: /mnt/storage3b/projects/no_ngsd/ahthapp1_T2T_ONT/analysis_other/porec/T2T12/cooler/tmpge3lzx44.multi.cool::55
INFO:cooler.create:Creating cooler at "/mnt/storage3b/projects/no_ngsd/ahthapp1_T2T_ONT/analysis_other/porec/T2T12/cooler/tmpge3lzx44.multi.cool::/55"
INFO:cooler.create:Writing chroms
INFO:cooler.create:Writing bins
INFO:cooler.create:Writing pixels
INFO:cooler.create:Writing indexes
INFO:cooler.create:Writing info
INFO:cooler.create:Writing chunk 56: /mnt/storage3b/projects/no_ngsd/ahthapp1_T2T_ONT/analysis_other/porec/T2T12/cooler/tmpge3lzx44.multi.cool::56
INFO:cooler.create:Creating cooler at "/mnt/storage3b/projects/no_ngsd/ahthapp1_T2T_ONT/analysis_other/porec/T2T12/cooler/tmpge3lzx44.multi.cool::/56"
INFO:cooler.create:Writing chroms
INFO:cooler.create:Writing bins
INFO:cooler.create:Writing pixels
INFO:cooler.create:Writing indexes
INFO:cooler.create:Writing info
INFO:cooler.create:Writing chunk 57: /mnt/storage3b/projects/no_ngsd/ahthapp1_T2T_ONT/analysis_other/porec/T2T12/cooler/tmpge3lzx44.multi.cool::57
INFO:cooler.create:Creating cooler at "/mnt/storage3b/projects/no_ngsd/ahthapp1_T2T_ONT/analysis_other/porec/T2T12/cooler/tmpge3lzx44.multi.cool::/57"
INFO:cooler.create:Writing chroms
INFO:cooler.create:Writing bins
INFO:cooler.create:Writing pixels
INFO:cooler.create:Writing indexes
INFO:cooler.create:Writing info
INFO:cooler.create:Writing chunk 58: /mnt/storage3b/projects/no_ngsd/ahthapp1_T2T_ONT/analysis_other/porec/T2T12/cooler/tmpge3lzx44.multi.cool::58
INFO:cooler.create:Creating cooler at "/mnt/storage3b/projects/no_ngsd/ahthapp1_T2T_ONT/analysis_other/porec/T2T12/cooler/tmpge3lzx44.multi.cool::/58"
INFO:cooler.create:Writing chroms
INFO:cooler.create:Writing bins
INFO:cooler.create:Writing pixels
INFO:cooler.create:Writing indexes
INFO:cooler.create:Writing info
INFO:cooler.create:Writing chunk 59: /mnt/storage3b/projects/no_ngsd/ahthapp1_T2T_ONT/analysis_other/porec/T2T12/cooler/tmpge3lzx44.multi.cool::59
INFO:cooler.create:Creating cooler at "/mnt/storage3b/projects/no_ngsd/ahthapp1_T2T_ONT/analysis_other/porec/T2T12/cooler/tmpge3lzx44.multi.cool::/59"
INFO:cooler.create:Writing chroms
INFO:cooler.create:Writing bins
INFO:cooler.create:Writing pixels
INFO:cooler.create:Writing indexes
INFO:cooler.create:Writing info
INFO:cooler.create:Writing chunk 60: /mnt/storage3b/projects/no_ngsd/ahthapp1_T2T_ONT/analysis_other/porec/T2T12/cooler/tmpge3lzx44.multi.cool::60
INFO:cooler.create:Creating cooler at "/mnt/storage3b/projects/no_ngsd/ahthapp1_T2T_ONT/analysis_other/porec/T2T12/cooler/tmpge3lzx44.multi.cool::/60"
INFO:cooler.create:Writing chroms
INFO:cooler.create:Writing bins
INFO:cooler.create:Writing pixels
INFO:cooler.create:Writing indexes
INFO:cooler.create:Writing info
INFO:cooler.create:Writing chunk 61: /mnt/storage3b/projects/no_ngsd/ahthapp1_T2T_ONT/analysis_other/porec/T2T12/cooler/tmpge3lzx44.multi.cool::61
INFO:cooler.create:Creating cooler at "/mnt/storage3b/projects/no_ngsd/ahthapp1_T2T_ONT/analysis_other/porec/T2T12/cooler/tmpge3lzx44.multi.cool::/61"
INFO:cooler.create:Writing chroms
INFO:cooler.create:Writing bins
INFO:cooler.create:Writing pixels
INFO:cooler.create:Writing indexes
INFO:cooler.create:Writing info
INFO:cooler.create:Writing chunk 62: /mnt/storage3b/projects/no_ngsd/ahthapp1_T2T_ONT/analysis_other/porec/T2T12/cooler/tmpge3lzx44.multi.cool::62
INFO:cooler.create:Creating cooler at "/mnt/storage3b/projects/no_ngsd/ahthapp1_T2T_ONT/analysis_other/porec/T2T12/cooler/tmpge3lzx44.multi.cool::/62"
INFO:cooler.create:Writing chroms
INFO:cooler.create:Writing bins
INFO:cooler.create:Writing pixels
INFO:cooler.create:Writing indexes
INFO:cooler.create:Writing info
INFO:cooler.create:Writing chunk 63: /mnt/storage3b/projects/no_ngsd/ahthapp1_T2T_ONT/analysis_other/porec/T2T12/cooler/tmpge3lzx44.multi.cool::63
INFO:cooler.create:Creating cooler at "/mnt/storage3b/projects/no_ngsd/ahthapp1_T2T_ONT/analysis_other/porec/T2T12/cooler/tmpge3lzx44.multi.cool::/63"
INFO:cooler.create:Writing chroms
INFO:cooler.create:Writing bins
INFO:cooler.create:Writing pixels
INFO:cooler.create:Writing indexes
INFO:cooler.create:Writing info
INFO:cooler.create:Writing chunk 64: /mnt/storage3b/projects/no_ngsd/ahthapp1_T2T_ONT/analysis_other/porec/T2T12/cooler/tmpge3lzx44.multi.cool::64
INFO:cooler.create:Creating cooler at "/mnt/storage3b/projects/no_ngsd/ahthapp1_T2T_ONT/analysis_other/porec/T2T12/cooler/tmpge3lzx44.multi.cool::/64"
INFO:cooler.create:Writing chroms
INFO:cooler.create:Writing bins
INFO:cooler.create:Writing pixels
INFO:cooler.create:Writing indexes
INFO:cooler.create:Writing info
INFO:cooler.create:Writing chunk 65: /mnt/storage3b/projects/no_ngsd/ahthapp1_T2T_ONT/analysis_other/porec/T2T12/cooler/tmpge3lzx44.multi.cool::65
INFO:cooler.create:Creating cooler at "/mnt/storage3b/projects/no_ngsd/ahthapp1_T2T_ONT/analysis_other/porec/T2T12/cooler/tmpge3lzx44.multi.cool::/65"
INFO:cooler.create:Writing chroms
INFO:cooler.create:Writing bins
INFO:cooler.create:Writing pixels
INFO:cooler.create:Writing indexes
INFO:cooler.create:Writing info
INFO:cooler.create:Writing chunk 66: /mnt/storage3b/projects/no_ngsd/ahthapp1_T2T_ONT/analysis_other/porec/T2T12/cooler/tmpge3lzx44.multi.cool::66
INFO:cooler.create:Creating cooler at "/mnt/storage3b/projects/no_ngsd/ahthapp1_T2T_ONT/analysis_other/porec/T2T12/cooler/tmpge3lzx44.multi.cool::/66"
INFO:cooler.create:Writing chroms
INFO:cooler.create:Writing bins
INFO:cooler.create:Writing pixels
INFO:cooler.create:Writing indexes
INFO:cooler.create:Writing info
INFO:cooler.create:Writing chunk 67: /mnt/storage3b/projects/no_ngsd/ahthapp1_T2T_ONT/analysis_other/porec/T2T12/cooler/tmpge3lzx44.multi.cool::67
INFO:cooler.create:Creating cooler at "/mnt/storage3b/projects/no_ngsd/ahthapp1_T2T_ONT/analysis_other/porec/T2T12/cooler/tmpge3lzx44.multi.cool::/67"
INFO:cooler.create:Writing chroms
INFO:cooler.create:Writing bins
INFO:cooler.create:Writing pixels
INFO:cooler.create:Writing indexes
INFO:cooler.create:Writing info
INFO:cooler.create:Writing chunk 68: /mnt/storage3b/projects/no_ngsd/ahthapp1_T2T_ONT/analysis_other/porec/T2T12/cooler/tmpge3lzx44.multi.cool::68
INFO:cooler.create:Creating cooler at "/mnt/storage3b/projects/no_ngsd/ahthapp1_T2T_ONT/analysis_other/porec/T2T12/cooler/tmpge3lzx44.multi.cool::/68"
INFO:cooler.create:Writing chroms
INFO:cooler.create:Writing bins
INFO:cooler.create:Writing pixels
INFO:cooler.create:Writing indexes
INFO:cooler.create:Writing info
INFO:cooler.create:Writing chunk 69: /mnt/storage3b/projects/no_ngsd/ahthapp1_T2T_ONT/analysis_other/porec/T2T12/cooler/tmpge3lzx44.multi.cool::69
INFO:cooler.create:Creating cooler at "/mnt/storage3b/projects/no_ngsd/ahthapp1_T2T_ONT/analysis_other/porec/T2T12/cooler/tmpge3lzx44.multi.cool::/69"
INFO:cooler.create:Writing chroms
INFO:cooler.create:Writing bins
INFO:cooler.create:Writing pixels
INFO:cooler.create:Writing indexes
INFO:cooler.create:Writing info
INFO:cooler.create:Writing chunk 70: /mnt/storage3b/projects/no_ngsd/ahthapp1_T2T_ONT/analysis_other/porec/T2T12/cooler/tmpge3lzx44.multi.cool::70
INFO:cooler.create:Creating cooler at "/mnt/storage3b/projects/no_ngsd/ahthapp1_T2T_ONT/analysis_other/porec/T2T12/cooler/tmpge3lzx44.multi.cool::/70"
INFO:cooler.create:Writing chroms
INFO:cooler.create:Writing bins
INFO:cooler.create:Writing pixels
INFO:cooler.create:Writing indexes
INFO:cooler.create:Writing info
INFO:cooler.create:Writing chunk 71: /mnt/storage3b/projects/no_ngsd/ahthapp1_T2T_ONT/analysis_other/porec/T2T12/cooler/tmpge3lzx44.multi.cool::71
INFO:cooler.create:Creating cooler at "/mnt/storage3b/projects/no_ngsd/ahthapp1_T2T_ONT/analysis_other/porec/T2T12/cooler/tmpge3lzx44.multi.cool::/71"
INFO:cooler.create:Writing chroms
INFO:cooler.create:Writing bins
INFO:cooler.create:Writing pixels
INFO:cooler.create:Writing indexes
INFO:cooler.create:Writing info
INFO:cooler.create:Writing chunk 72: /mnt/storage3b/projects/no_ngsd/ahthapp1_T2T_ONT/analysis_other/porec/T2T12/cooler/tmpge3lzx44.multi.cool::72
INFO:cooler.create:Creating cooler at "/mnt/storage3b/projects/no_ngsd/ahthapp1_T2T_ONT/analysis_other/porec/T2T12/cooler/tmpge3lzx44.multi.cool::/72"
INFO:cooler.create:Writing chroms
INFO:cooler.create:Writing bins
INFO:cooler.create:Writing pixels
INFO:cooler.create:Writing indexes
INFO:cooler.create:Writing info
INFO:cooler.create:Writing chunk 73: /mnt/storage3b/projects/no_ngsd/ahthapp1_T2T_ONT/analysis_other/porec/T2T12/cooler/tmpge3lzx44.multi.cool::73
INFO:cooler.create:Creating cooler at "/mnt/storage3b/projects/no_ngsd/ahthapp1_T2T_ONT/analysis_other/porec/T2T12/cooler/tmpge3lzx44.multi.cool::/73"
INFO:cooler.create:Writing chroms
INFO:cooler.create:Writing bins
INFO:cooler.create:Writing pixels
INFO:cooler.create:Writing indexes
INFO:cooler.create:Writing info
INFO:cooler.create:Writing chunk 74: /mnt/storage3b/projects/no_ngsd/ahthapp1_T2T_ONT/analysis_other/porec/T2T12/cooler/tmpge3lzx44.multi.cool::74
INFO:cooler.create:Creating cooler at "/mnt/storage3b/projects/no_ngsd/ahthapp1_T2T_ONT/analysis_other/porec/T2T12/cooler/tmpge3lzx44.multi.cool::/74"
INFO:cooler.create:Writing chroms
INFO:cooler.create:Writing bins
INFO:cooler.create:Writing pixels
INFO:cooler.create:Writing indexes
INFO:cooler.create:Writing info
INFO:cooler.create:Writing chunk 75: /mnt/storage3b/projects/no_ngsd/ahthapp1_T2T_ONT/analysis_other/porec/T2T12/cooler/tmpge3lzx44.multi.cool::75
INFO:cooler.create:Creating cooler at "/mnt/storage3b/projects/no_ngsd/ahthapp1_T2T_ONT/analysis_other/porec/T2T12/cooler/tmpge3lzx44.multi.cool::/75"
INFO:cooler.create:Writing chroms
INFO:cooler.create:Writing bins
INFO:cooler.create:Writing pixels
INFO:cooler.create:Writing indexes
INFO:cooler.create:Writing info
INFO:cooler.create:Writing chunk 76: /mnt/storage3b/projects/no_ngsd/ahthapp1_T2T_ONT/analysis_other/porec/T2T12/cooler/tmpge3lzx44.multi.cool::76
INFO:cooler.create:Creating cooler at "/mnt/storage3b/projects/no_ngsd/ahthapp1_T2T_ONT/analysis_other/porec/T2T12/cooler/tmpge3lzx44.multi.cool::/76"
INFO:cooler.create:Writing chroms
INFO:cooler.create:Writing bins
INFO:cooler.create:Writing pixels
INFO:cooler.create:Writing indexes
INFO:cooler.create:Writing info
INFO:cooler.create:Writing chunk 77: /mnt/storage3b/projects/no_ngsd/ahthapp1_T2T_ONT/analysis_other/porec/T2T12/cooler/tmpge3lzx44.multi.cool::77
INFO:cooler.create:Creating cooler at "/mnt/storage3b/projects/no_ngsd/ahthapp1_T2T_ONT/analysis_other/porec/T2T12/cooler/tmpge3lzx44.multi.cool::/77"
INFO:cooler.create:Writing chroms
INFO:cooler.create:Writing bins
INFO:cooler.create:Writing pixels
INFO:cooler.create:Writing indexes
INFO:cooler.create:Writing info
INFO:cooler.create:Writing chunk 78: /mnt/storage3b/projects/no_ngsd/ahthapp1_T2T_ONT/analysis_other/porec/T2T12/cooler/tmpge3lzx44.multi.cool::78
INFO:cooler.create:Creating cooler at "/mnt/storage3b/projects/no_ngsd/ahthapp1_T2T_ONT/analysis_other/porec/T2T12/cooler/tmpge3lzx44.multi.cool::/78"
INFO:cooler.create:Writing chroms
INFO:cooler.create:Writing bins
INFO:cooler.create:Writing pixels
INFO:cooler.create:Writing indexes
INFO:cooler.create:Writing info
INFO:cooler.create:Writing chunk 79: /mnt/storage3b/projects/no_ngsd/ahthapp1_T2T_ONT/analysis_other/porec/T2T12/cooler/tmpge3lzx44.multi.cool::79
INFO:cooler.create:Creating cooler at "/mnt/storage3b/projects/no_ngsd/ahthapp1_T2T_ONT/analysis_other/porec/T2T12/cooler/tmpge3lzx44.multi.cool::/79"
INFO:cooler.create:Writing chroms
INFO:cooler.create:Writing bins
INFO:cooler.create:Writing pixels
INFO:cooler.create:Writing indexes
INFO:cooler.create:Writing info
INFO:cooler.create:Writing chunk 80: /mnt/storage3b/projects/no_ngsd/ahthapp1_T2T_ONT/analysis_other/porec/T2T12/cooler/tmpge3lzx44.multi.cool::80
INFO:cooler.create:Creating cooler at "/mnt/storage3b/projects/no_ngsd/ahthapp1_T2T_ONT/analysis_other/porec/T2T12/cooler/tmpge3lzx44.multi.cool::/80"
INFO:cooler.create:Writing chroms
INFO:cooler.create:Writing bins
INFO:cooler.create:Writing pixels
INFO:cooler.create:Writing indexes
INFO:cooler.create:Writing info
INFO:cooler.create:Writing chunk 81: /mnt/storage3b/projects/no_ngsd/ahthapp1_T2T_ONT/analysis_other/porec/T2T12/cooler/tmpge3lzx44.multi.cool::81
INFO:cooler.create:Creating cooler at "/mnt/storage3b/projects/no_ngsd/ahthapp1_T2T_ONT/analysis_other/porec/T2T12/cooler/tmpge3lzx44.multi.cool::/81"
INFO:cooler.create:Writing chroms
INFO:cooler.create:Writing bins
INFO:cooler.create:Writing pixels
INFO:cooler.create:Writing indexes
INFO:cooler.create:Writing info
INFO:cooler.create:Writing chunk 82: /mnt/storage3b/projects/no_ngsd/ahthapp1_T2T_ONT/analysis_other/porec/T2T12/cooler/tmpge3lzx44.multi.cool::82
INFO:cooler.create:Creating cooler at "/mnt/storage3b/projects/no_ngsd/ahthapp1_T2T_ONT/analysis_other/porec/T2T12/cooler/tmpge3lzx44.multi.cool::/82"
INFO:cooler.create:Writing chroms
INFO:cooler.create:Writing bins
INFO:cooler.create:Writing pixels
INFO:cooler.create:Writing indexes
INFO:cooler.create:Writing info
INFO:cooler.create:Writing chunk 83: /mnt/storage3b/projects/no_ngsd/ahthapp1_T2T_ONT/analysis_other/porec/T2T12/cooler/tmpge3lzx44.multi.cool::83
INFO:cooler.create:Creating cooler at "/mnt/storage3b/projects/no_ngsd/ahthapp1_T2T_ONT/analysis_other/porec/T2T12/cooler/tmpge3lzx44.multi.cool::/83"
INFO:cooler.create:Writing chroms
INFO:cooler.create:Writing bins
INFO:cooler.create:Writing pixels
INFO:cooler.create:Writing indexes
INFO:cooler.create:Writing info
INFO:cooler.create:Writing chunk 84: /mnt/storage3b/projects/no_ngsd/ahthapp1_T2T_ONT/analysis_other/porec/T2T12/cooler/tmpge3lzx44.multi.cool::84
INFO:cooler.create:Creating cooler at "/mnt/storage3b/projects/no_ngsd/ahthapp1_T2T_ONT/analysis_other/porec/T2T12/cooler/tmpge3lzx44.multi.cool::/84"
INFO:cooler.create:Writing chroms
INFO:cooler.create:Writing bins
INFO:cooler.create:Writing pixels
INFO:cooler.create:Writing indexes
INFO:cooler.create:Writing info
INFO:cooler.create:Writing chunk 85: /mnt/storage3b/projects/no_ngsd/ahthapp1_T2T_ONT/analysis_other/porec/T2T12/cooler/tmpge3lzx44.multi.cool::85
INFO:cooler.create:Creating cooler at "/mnt/storage3b/projects/no_ngsd/ahthapp1_T2T_ONT/analysis_other/porec/T2T12/cooler/tmpge3lzx44.multi.cool::/85"
INFO:cooler.create:Writing chroms
INFO:cooler.create:Writing bins
INFO:cooler.create:Writing pixels
INFO:cooler.create:Writing indexes
INFO:cooler.create:Writing info
INFO:cooler.create:Writing chunk 86: /mnt/storage3b/projects/no_ngsd/ahthapp1_T2T_ONT/analysis_other/porec/T2T12/cooler/tmpge3lzx44.multi.cool::86
INFO:cooler.create:Creating cooler at "/mnt/storage3b/projects/no_ngsd/ahthapp1_T2T_ONT/analysis_other/porec/T2T12/cooler/tmpge3lzx44.multi.cool::/86"
INFO:cooler.create:Writing chroms
INFO:cooler.create:Writing bins
INFO:cooler.create:Writing pixels
INFO:cooler.create:Writing indexes
INFO:cooler.create:Writing info
INFO:cooler.create:Writing chunk 87: /mnt/storage3b/projects/no_ngsd/ahthapp1_T2T_ONT/analysis_other/porec/T2T12/cooler/tmpge3lzx44.multi.cool::87
INFO:cooler.create:Creating cooler at "/mnt/storage3b/projects/no_ngsd/ahthapp1_T2T_ONT/analysis_other/porec/T2T12/cooler/tmpge3lzx44.multi.cool::/87"
INFO:cooler.create:Writing chroms
INFO:cooler.create:Writing bins
INFO:cooler.create:Writing pixels
INFO:cooler.create:Writing indexes
INFO:cooler.create:Writing info
INFO:cooler.create:Writing chunk 88: /mnt/storage3b/projects/no_ngsd/ahthapp1_T2T_ONT/analysis_other/porec/T2T12/cooler/tmpge3lzx44.multi.cool::88
INFO:cooler.create:Creating cooler at "/mnt/storage3b/projects/no_ngsd/ahthapp1_T2T_ONT/analysis_other/porec/T2T12/cooler/tmpge3lzx44.multi.cool::/88"
INFO:cooler.create:Writing chroms
INFO:cooler.create:Writing bins
INFO:cooler.create:Writing pixels
INFO:cooler.create:Writing indexes
INFO:cooler.create:Writing info
INFO:cooler.create:Writing chunk 89: /mnt/storage3b/projects/no_ngsd/ahthapp1_T2T_ONT/analysis_other/porec/T2T12/cooler/tmpge3lzx44.multi.cool::89
INFO:cooler.create:Creating cooler at "/mnt/storage3b/projects/no_ngsd/ahthapp1_T2T_ONT/analysis_other/porec/T2T12/cooler/tmpge3lzx44.multi.cool::/89"
INFO:cooler.create:Writing chroms
INFO:cooler.create:Writing bins
INFO:cooler.create:Writing pixels
INFO:cooler.create:Writing indexes
INFO:cooler.create:Writing info
INFO:cooler.create:Writing chunk 90: /mnt/storage3b/projects/no_ngsd/ahthapp1_T2T_ONT/analysis_other/porec/T2T12/cooler/tmpge3lzx44.multi.cool::90
INFO:cooler.create:Creating cooler at "/mnt/storage3b/projects/no_ngsd/ahthapp1_T2T_ONT/analysis_other/porec/T2T12/cooler/tmpge3lzx44.multi.cool::/90"
INFO:cooler.create:Writing chroms
INFO:cooler.create:Writing bins
INFO:cooler.create:Writing pixels
INFO:cooler.create:Writing indexes
INFO:cooler.create:Writing info
INFO:cooler.create:Writing chunk 91: /mnt/storage3b/projects/no_ngsd/ahthapp1_T2T_ONT/analysis_other/porec/T2T12/cooler/tmpge3lzx44.multi.cool::91
INFO:cooler.create:Creating cooler at "/mnt/storage3b/projects/no_ngsd/ahthapp1_T2T_ONT/analysis_other/porec/T2T12/cooler/tmpge3lzx44.multi.cool::/91"
INFO:cooler.create:Writing chroms
INFO:cooler.create:Writing bins
INFO:cooler.create:Writing pixels
INFO:cooler.create:Writing indexes
INFO:cooler.create:Writing info
INFO:cooler.create:Writing chunk 92: /mnt/storage3b/projects/no_ngsd/ahthapp1_T2T_ONT/analysis_other/porec/T2T12/cooler/tmpge3lzx44.multi.cool::92
INFO:cooler.create:Creating cooler at "/mnt/storage3b/projects/no_ngsd/ahthapp1_T2T_ONT/analysis_other/porec/T2T12/cooler/tmpge3lzx44.multi.cool::/92"
INFO:cooler.create:Writing chroms
INFO:cooler.create:Writing bins
INFO:cooler.create:Writing pixels
INFO:cooler.create:Writing indexes
INFO:cooler.create:Writing info
INFO:cooler.create:Writing chunk 93: /mnt/storage3b/projects/no_ngsd/ahthapp1_T2T_ONT/analysis_other/porec/T2T12/cooler/tmpge3lzx44.multi.cool::93
INFO:cooler.create:Creating cooler at "/mnt/storage3b/projects/no_ngsd/ahthapp1_T2T_ONT/analysis_other/porec/T2T12/cooler/tmpge3lzx44.multi.cool::/93"
INFO:cooler.create:Writing chroms
INFO:cooler.create:Writing bins
INFO:cooler.create:Writing pixels
INFO:cooler.create:Writing indexes
INFO:cooler.create:Writing info
INFO:cooler.create:Writing chunk 94: /mnt/storage3b/projects/no_ngsd/ahthapp1_T2T_ONT/analysis_other/porec/T2T12/cooler/tmpge3lzx44.multi.cool::94
INFO:cooler.create:Creating cooler at "/mnt/storage3b/projects/no_ngsd/ahthapp1_T2T_ONT/analysis_other/porec/T2T12/cooler/tmpge3lzx44.multi.cool::/94"
INFO:cooler.create:Writing chroms
INFO:cooler.create:Writing bins
INFO:cooler.create:Writing pixels
INFO:cooler.create:Writing indexes
INFO:cooler.create:Writing info
INFO:cooler.create:Writing chunk 95: /mnt/storage3b/projects/no_ngsd/ahthapp1_T2T_ONT/analysis_other/porec/T2T12/cooler/tmpge3lzx44.multi.cool::95
INFO:cooler.create:Creating cooler at "/mnt/storage3b/projects/no_ngsd/ahthapp1_T2T_ONT/analysis_other/porec/T2T12/cooler/tmpge3lzx44.multi.cool::/95"
INFO:cooler.create:Writing chroms
INFO:cooler.create:Writing bins
INFO:cooler.create:Writing pixels
INFO:cooler.create:Writing indexes
INFO:cooler.create:Writing info
INFO:cooler.create:Writing chunk 96: /mnt/storage3b/projects/no_ngsd/ahthapp1_T2T_ONT/analysis_other/porec/T2T12/cooler/tmpge3lzx44.multi.cool::96
INFO:cooler.create:Creating cooler at "/mnt/storage3b/projects/no_ngsd/ahthapp1_T2T_ONT/analysis_other/porec/T2T12/cooler/tmpge3lzx44.multi.cool::/96"
INFO:cooler.create:Writing chroms
INFO:cooler.create:Writing bins
INFO:cooler.create:Writing pixels
INFO:cooler.create:Writing indexes
INFO:cooler.create:Writing info
INFO:cooler.create:Writing chunk 97: /mnt/storage3b/projects/no_ngsd/ahthapp1_T2T_ONT/analysis_other/porec/T2T12/cooler/tmpge3lzx44.multi.cool::97
INFO:cooler.create:Creating cooler at "/mnt/storage3b/projects/no_ngsd/ahthapp1_T2T_ONT/analysis_other/porec/T2T12/cooler/tmpge3lzx44.multi.cool::/97"
INFO:cooler.create:Writing chroms
INFO:cooler.create:Writing bins
INFO:cooler.create:Writing pixels
INFO:cooler.create:Writing indexes
INFO:cooler.create:Writing info
INFO:cooler.create:Writing chunk 98: /mnt/storage3b/projects/no_ngsd/ahthapp1_T2T_ONT/analysis_other/porec/T2T12/cooler/tmpge3lzx44.multi.cool::98
INFO:cooler.create:Creating cooler at "/mnt/storage3b/projects/no_ngsd/ahthapp1_T2T_ONT/analysis_other/porec/T2T12/cooler/tmpge3lzx44.multi.cool::/98"
INFO:cooler.create:Writing chroms
INFO:cooler.create:Writing bins
INFO:cooler.create:Writing pixels
INFO:cooler.create:Writing indexes
INFO:cooler.create:Writing info
INFO:cooler.create:Writing chunk 99: /mnt/storage3b/projects/no_ngsd/ahthapp1_T2T_ONT/analysis_other/porec/T2T12/cooler/tmpge3lzx44.multi.cool::99
INFO:cooler.create:Creating cooler at "/mnt/storage3b/projects/no_ngsd/ahthapp1_T2T_ONT/analysis_other/porec/T2T12/cooler/tmpge3lzx44.multi.cool::/99"
INFO:cooler.create:Writing chroms
INFO:cooler.create:Writing bins
INFO:cooler.create:Writing pixels
INFO:cooler.create:Writing indexes
INFO:cooler.create:Writing info
INFO:cooler.create:Writing chunk 100: /mnt/storage3b/projects/no_ngsd/ahthapp1_T2T_ONT/analysis_other/porec/T2T12/cooler/tmpge3lzx44.multi.cool::100
INFO:cooler.create:Creating cooler at "/mnt/storage3b/projects/no_ngsd/ahthapp1_T2T_ONT/analysis_other/porec/T2T12/cooler/tmpge3lzx44.multi.cool::/100"
INFO:cooler.create:Writing chroms
INFO:cooler.create:Writing bins
INFO:cooler.create:Writing pixels
INFO:cooler.create:Writing indexes
INFO:cooler.create:Writing info
INFO:cooler.create:Writing chunk 101: /mnt/storage3b/projects/no_ngsd/ahthapp1_T2T_ONT/analysis_other/porec/T2T12/cooler/tmpge3lzx44.multi.cool::101
INFO:cooler.create:Creating cooler at "/mnt/storage3b/projects/no_ngsd/ahthapp1_T2T_ONT/analysis_other/porec/T2T12/cooler/tmpge3lzx44.multi.cool::/101"
INFO:cooler.create:Writing chroms
INFO:cooler.create:Writing bins
INFO:cooler.create:Writing pixels
INFO:cooler.create:Writing indexes
INFO:cooler.create:Writing info
INFO:cooler.create:Writing chunk 102: /mnt/storage3b/projects/no_ngsd/ahthapp1_T2T_ONT/analysis_other/porec/T2T12/cooler/tmpge3lzx44.multi.cool::102
INFO:cooler.create:Creating cooler at "/mnt/storage3b/projects/no_ngsd/ahthapp1_T2T_ONT/analysis_other/porec/T2T12/cooler/tmpge3lzx44.multi.cool::/102"
INFO:cooler.create:Writing chroms
INFO:cooler.create:Writing bins
INFO:cooler.create:Writing pixels
INFO:cooler.create:Writing indexes
INFO:cooler.create:Writing info
INFO:cooler.create:Writing chunk 103: /mnt/storage3b/projects/no_ngsd/ahthapp1_T2T_ONT/analysis_other/porec/T2T12/cooler/tmpge3lzx44.multi.cool::103
INFO:cooler.create:Creating cooler at "/mnt/storage3b/projects/no_ngsd/ahthapp1_T2T_ONT/analysis_other/porec/T2T12/cooler/tmpge3lzx44.multi.cool::/103"
INFO:cooler.create:Writing chroms
INFO:cooler.create:Writing bins
INFO:cooler.create:Writing pixels
INFO:cooler.create:Writing indexes
INFO:cooler.create:Writing info
INFO:cooler.create:Writing chunk 104: /mnt/storage3b/projects/no_ngsd/ahthapp1_T2T_ONT/analysis_other/porec/T2T12/cooler/tmpge3lzx44.multi.cool::104
INFO:cooler.create:Creating cooler at "/mnt/storage3b/projects/no_ngsd/ahthapp1_T2T_ONT/analysis_other/porec/T2T12/cooler/tmpge3lzx44.multi.cool::/104"
INFO:cooler.create:Writing chroms
INFO:cooler.create:Writing bins
INFO:cooler.create:Writing pixels
INFO:cooler.create:Writing indexes
INFO:cooler.create:Writing info
INFO:cooler.create:Writing chunk 105: /mnt/storage3b/projects/no_ngsd/ahthapp1_T2T_ONT/analysis_other/porec/T2T12/cooler/tmpge3lzx44.multi.cool::105
INFO:cooler.create:Creating cooler at "/mnt/storage3b/projects/no_ngsd/ahthapp1_T2T_ONT/analysis_other/porec/T2T12/cooler/tmpge3lzx44.multi.cool::/105"
INFO:cooler.create:Writing chroms
INFO:cooler.create:Writing bins
INFO:cooler.create:Writing pixels
INFO:cooler.create:Writing indexes
INFO:cooler.create:Writing info
INFO:cooler.create:Writing chunk 106: /mnt/storage3b/projects/no_ngsd/ahthapp1_T2T_ONT/analysis_other/porec/T2T12/cooler/tmpge3lzx44.multi.cool::106
INFO:cooler.create:Creating cooler at "/mnt/storage3b/projects/no_ngsd/ahthapp1_T2T_ONT/analysis_other/porec/T2T12/cooler/tmpge3lzx44.multi.cool::/106"
INFO:cooler.create:Writing chroms
INFO:cooler.create:Writing bins
INFO:cooler.create:Writing pixels
INFO:cooler.create:Writing indexes
INFO:cooler.create:Writing info
INFO:cooler.create:Writing chunk 107: /mnt/storage3b/projects/no_ngsd/ahthapp1_T2T_ONT/analysis_other/porec/T2T12/cooler/tmpge3lzx44.multi.cool::107
INFO:cooler.create:Creating cooler at "/mnt/storage3b/projects/no_ngsd/ahthapp1_T2T_ONT/analysis_other/porec/T2T12/cooler/tmpge3lzx44.multi.cool::/107"
INFO:cooler.create:Writing chroms
INFO:cooler.create:Writing bins
INFO:cooler.create:Writing pixels
INFO:cooler.create:Writing indexes
INFO:cooler.create:Writing info
INFO:cooler.create:Writing chunk 108: /mnt/storage3b/projects/no_ngsd/ahthapp1_T2T_ONT/analysis_other/porec/T2T12/cooler/tmpge3lzx44.multi.cool::108
INFO:cooler.create:Creating cooler at "/mnt/storage3b/projects/no_ngsd/ahthapp1_T2T_ONT/analysis_other/porec/T2T12/cooler/tmpge3lzx44.multi.cool::/108"
INFO:cooler.create:Writing chroms
INFO:cooler.create:Writing bins
INFO:cooler.create:Writing pixels
INFO:cooler.create:Writing indexes
INFO:cooler.create:Writing info
INFO:cooler.create:Writing chunk 109: /mnt/storage3b/projects/no_ngsd/ahthapp1_T2T_ONT/analysis_other/porec/T2T12/cooler/tmpge3lzx44.multi.cool::109
INFO:cooler.create:Creating cooler at "/mnt/storage3b/projects/no_ngsd/ahthapp1_T2T_ONT/analysis_other/porec/T2T12/cooler/tmpge3lzx44.multi.cool::/109"
INFO:cooler.create:Writing chroms
INFO:cooler.create:Writing bins
INFO:cooler.create:Writing pixels
INFO:cooler.create:Writing indexes
INFO:cooler.create:Writing info
INFO:cooler.create:Writing chunk 110: /mnt/storage3b/projects/no_ngsd/ahthapp1_T2T_ONT/analysis_other/porec/T2T12/cooler/tmpge3lzx44.multi.cool::110
INFO:cooler.create:Creating cooler at "/mnt/storage3b/projects/no_ngsd/ahthapp1_T2T_ONT/analysis_other/porec/T2T12/cooler/tmpge3lzx44.multi.cool::/110"
INFO:cooler.create:Writing chroms
INFO:cooler.create:Writing bins
INFO:cooler.create:Writing pixels
INFO:cooler.create:Writing indexes
INFO:cooler.create:Writing info
INFO:cooler.create:Writing chunk 111: /mnt/storage3b/projects/no_ngsd/ahthapp1_T2T_ONT/analysis_other/porec/T2T12/cooler/tmpge3lzx44.multi.cool::111
INFO:cooler.create:Creating cooler at "/mnt/storage3b/projects/no_ngsd/ahthapp1_T2T_ONT/analysis_other/porec/T2T12/cooler/tmpge3lzx44.multi.cool::/111"
INFO:cooler.create:Writing chroms
INFO:cooler.create:Writing bins
INFO:cooler.create:Writing pixels
INFO:cooler.create:Writing indexes
INFO:cooler.create:Writing info
INFO:cooler.create:Writing chunk 112: /mnt/storage3b/projects/no_ngsd/ahthapp1_T2T_ONT/analysis_other/porec/T2T12/cooler/tmpge3lzx44.multi.cool::112
INFO:cooler.create:Creating cooler at "/mnt/storage3b/projects/no_ngsd/ahthapp1_T2T_ONT/analysis_other/porec/T2T12/cooler/tmpge3lzx44.multi.cool::/112"
INFO:cooler.create:Writing chroms
INFO:cooler.create:Writing bins
INFO:cooler.create:Writing pixels
INFO:cooler.create:Writing indexes
INFO:cooler.create:Writing info
INFO:cooler.create:Writing chunk 113: /mnt/storage3b/projects/no_ngsd/ahthapp1_T2T_ONT/analysis_other/porec/T2T12/cooler/tmpge3lzx44.multi.cool::113
INFO:cooler.create:Creating cooler at "/mnt/storage3b/projects/no_ngsd/ahthapp1_T2T_ONT/analysis_other/porec/T2T12/cooler/tmpge3lzx44.multi.cool::/113"
INFO:cooler.create:Writing chroms
INFO:cooler.create:Writing bins
INFO:cooler.create:Writing pixels
INFO:cooler.create:Writing indexes
INFO:cooler.create:Writing info
INFO:cooler.create:Writing chunk 114: /mnt/storage3b/projects/no_ngsd/ahthapp1_T2T_ONT/analysis_other/porec/T2T12/cooler/tmpge3lzx44.multi.cool::114
INFO:cooler.create:Creating cooler at "/mnt/storage3b/projects/no_ngsd/ahthapp1_T2T_ONT/analysis_other/porec/T2T12/cooler/tmpge3lzx44.multi.cool::/114"
INFO:cooler.create:Writing chroms
INFO:cooler.create:Writing bins
INFO:cooler.create:Writing pixels
INFO:cooler.create:Writing indexes
INFO:cooler.create:Writing info
INFO:cooler.create:Writing chunk 115: /mnt/storage3b/projects/no_ngsd/ahthapp1_T2T_ONT/analysis_other/porec/T2T12/cooler/tmpge3lzx44.multi.cool::115
INFO:cooler.create:Creating cooler at "/mnt/storage3b/projects/no_ngsd/ahthapp1_T2T_ONT/analysis_other/porec/T2T12/cooler/tmpge3lzx44.multi.cool::/115"
INFO:cooler.create:Writing chroms
INFO:cooler.create:Writing bins
INFO:cooler.create:Writing pixels
INFO:cooler.create:Writing indexes
INFO:cooler.create:Writing info
INFO:cooler.create:Writing chunk 116: /mnt/storage3b/projects/no_ngsd/ahthapp1_T2T_ONT/analysis_other/porec/T2T12/cooler/tmpge3lzx44.multi.cool::116
INFO:cooler.create:Creating cooler at "/mnt/storage3b/projects/no_ngsd/ahthapp1_T2T_ONT/analysis_other/porec/T2T12/cooler/tmpge3lzx44.multi.cool::/116"
INFO:cooler.create:Writing chroms
INFO:cooler.create:Writing bins
INFO:cooler.create:Writing pixels
INFO:cooler.create:Writing indexes
INFO:cooler.create:Writing info
INFO:cooler.create:Writing chunk 117: /mnt/storage3b/projects/no_ngsd/ahthapp1_T2T_ONT/analysis_other/porec/T2T12/cooler/tmpge3lzx44.multi.cool::117
INFO:cooler.create:Creating cooler at "/mnt/storage3b/projects/no_ngsd/ahthapp1_T2T_ONT/analysis_other/porec/T2T12/cooler/tmpge3lzx44.multi.cool::/117"
INFO:cooler.create:Writing chroms
INFO:cooler.create:Writing bins
INFO:cooler.create:Writing pixels
INFO:cooler.create:Writing indexes
INFO:cooler.create:Writing info
INFO:cooler.create:Writing chunk 118: /mnt/storage3b/projects/no_ngsd/ahthapp1_T2T_ONT/analysis_other/porec/T2T12/cooler/tmpge3lzx44.multi.cool::118
INFO:cooler.create:Creating cooler at "/mnt/storage3b/projects/no_ngsd/ahthapp1_T2T_ONT/analysis_other/porec/T2T12/cooler/tmpge3lzx44.multi.cool::/118"
INFO:cooler.create:Writing chroms
INFO:cooler.create:Writing bins
INFO:cooler.create:Writing pixels
INFO:cooler.create:Writing indexes
INFO:cooler.create:Writing info
INFO:cooler.create:Writing chunk 119: /mnt/storage3b/projects/no_ngsd/ahthapp1_T2T_ONT/analysis_other/porec/T2T12/cooler/tmpge3lzx44.multi.cool::119
INFO:cooler.create:Creating cooler at "/mnt/storage3b/projects/no_ngsd/ahthapp1_T2T_ONT/analysis_other/porec/T2T12/cooler/tmpge3lzx44.multi.cool::/119"
INFO:cooler.create:Writing chroms
INFO:cooler.create:Writing bins
INFO:cooler.create:Writing pixels
INFO:cooler.create:Writing indexes
INFO:cooler.create:Writing info
INFO:cooler.create:Writing chunk 120: /mnt/storage3b/projects/no_ngsd/ahthapp1_T2T_ONT/analysis_other/porec/T2T12/cooler/tmpge3lzx44.multi.cool::120
INFO:cooler.create:Creating cooler at "/mnt/storage3b/projects/no_ngsd/ahthapp1_T2T_ONT/analysis_other/porec/T2T12/cooler/tmpge3lzx44.multi.cool::/120"
INFO:cooler.create:Writing chroms
INFO:cooler.create:Writing bins
INFO:cooler.create:Writing pixels
INFO:cooler.create:Writing indexes
INFO:cooler.create:Writing info
INFO:cooler.create:Writing chunk 121: /mnt/storage3b/projects/no_ngsd/ahthapp1_T2T_ONT/analysis_other/porec/T2T12/cooler/tmpge3lzx44.multi.cool::121
INFO:cooler.create:Creating cooler at "/mnt/storage3b/projects/no_ngsd/ahthapp1_T2T_ONT/analysis_other/porec/T2T12/cooler/tmpge3lzx44.multi.cool::/121"
INFO:cooler.create:Writing chroms
INFO:cooler.create:Writing bins
INFO:cooler.create:Writing pixels
INFO:cooler.create:Writing indexes
INFO:cooler.create:Writing info
INFO:cooler.create:Writing chunk 122: /mnt/storage3b/projects/no_ngsd/ahthapp1_T2T_ONT/analysis_other/porec/T2T12/cooler/tmpge3lzx44.multi.cool::122
INFO:cooler.create:Creating cooler at "/mnt/storage3b/projects/no_ngsd/ahthapp1_T2T_ONT/analysis_other/porec/T2T12/cooler/tmpge3lzx44.multi.cool::/122"
INFO:cooler.create:Writing chroms
INFO:cooler.create:Writing bins
INFO:cooler.create:Writing pixels
INFO:cooler.create:Writing indexes
INFO:cooler.create:Writing info
INFO:cooler.create:Writing chunk 123: /mnt/storage3b/projects/no_ngsd/ahthapp1_T2T_ONT/analysis_other/porec/T2T12/cooler/tmpge3lzx44.multi.cool::123
INFO:cooler.create:Creating cooler at "/mnt/storage3b/projects/no_ngsd/ahthapp1_T2T_ONT/analysis_other/porec/T2T12/cooler/tmpge3lzx44.multi.cool::/123"
INFO:cooler.create:Writing chroms
INFO:cooler.create:Writing bins
INFO:cooler.create:Writing pixels
INFO:cooler.create:Writing indexes
INFO:cooler.create:Writing info
INFO:cooler.create:Writing chunk 124: /mnt/storage3b/projects/no_ngsd/ahthapp1_T2T_ONT/analysis_other/porec/T2T12/cooler/tmpge3lzx44.multi.cool::124
INFO:cooler.create:Creating cooler at "/mnt/storage3b/projects/no_ngsd/ahthapp1_T2T_ONT/analysis_other/porec/T2T12/cooler/tmpge3lzx44.multi.cool::/124"
INFO:cooler.create:Writing chroms
INFO:cooler.create:Writing bins
INFO:cooler.create:Writing pixels
INFO:cooler.create:Writing indexes
INFO:cooler.create:Writing info
INFO:cooler.create:Writing chunk 125: /mnt/storage3b/projects/no_ngsd/ahthapp1_T2T_ONT/analysis_other/porec/T2T12/cooler/tmpge3lzx44.multi.cool::125
INFO:cooler.create:Creating cooler at "/mnt/storage3b/projects/no_ngsd/ahthapp1_T2T_ONT/analysis_other/porec/T2T12/cooler/tmpge3lzx44.multi.cool::/125"
INFO:cooler.create:Writing chroms
INFO:cooler.create:Writing bins
INFO:cooler.create:Writing pixels
INFO:cooler.create:Writing indexes
INFO:cooler.create:Writing info
INFO:cooler.create:Writing chunk 126: /mnt/storage3b/projects/no_ngsd/ahthapp1_T2T_ONT/analysis_other/porec/T2T12/cooler/tmpge3lzx44.multi.cool::126
INFO:cooler.create:Creating cooler at "/mnt/storage3b/projects/no_ngsd/ahthapp1_T2T_ONT/analysis_other/porec/T2T12/cooler/tmpge3lzx44.multi.cool::/126"
INFO:cooler.create:Writing chroms
INFO:cooler.create:Writing bins
INFO:cooler.create:Writing pixels
INFO:cooler.create:Writing indexes
INFO:cooler.create:Writing info
INFO:cooler.create:Writing chunk 127: /mnt/storage3b/projects/no_ngsd/ahthapp1_T2T_ONT/analysis_other/porec/T2T12/cooler/tmpge3lzx44.multi.cool::127
INFO:cooler.create:Creating cooler at "/mnt/storage3b/projects/no_ngsd/ahthapp1_T2T_ONT/analysis_other/porec/T2T12/cooler/tmpge3lzx44.multi.cool::/127"
INFO:cooler.create:Writing chroms
INFO:cooler.create:Writing bins
INFO:cooler.create:Writing pixels
INFO:cooler.create:Writing indexes
INFO:cooler.create:Writing info
INFO:cooler.create:Writing chunk 128: /mnt/storage3b/projects/no_ngsd/ahthapp1_T2T_ONT/analysis_other/porec/T2T12/cooler/tmpge3lzx44.multi.cool::128
INFO:cooler.create:Creating cooler at "/mnt/storage3b/projects/no_ngsd/ahthapp1_T2T_ONT/analysis_other/porec/T2T12/cooler/tmpge3lzx44.multi.cool::/128"
INFO:cooler.create:Writing chroms
INFO:cooler.create:Writing bins
INFO:cooler.create:Writing pixels
INFO:cooler.create:Writing indexes
INFO:cooler.create:Writing info
INFO:cooler.create:Writing chunk 129: /mnt/storage3b/projects/no_ngsd/ahthapp1_T2T_ONT/analysis_other/porec/T2T12/cooler/tmpge3lzx44.multi.cool::129
INFO:cooler.create:Creating cooler at "/mnt/storage3b/projects/no_ngsd/ahthapp1_T2T_ONT/analysis_other/porec/T2T12/cooler/tmpge3lzx44.multi.cool::/129"
INFO:cooler.create:Writing chroms
INFO:cooler.create:Writing bins
INFO:cooler.create:Writing pixels
INFO:cooler.create:Writing indexes
INFO:cooler.create:Writing info
INFO:cooler.create:Writing chunk 130: /mnt/storage3b/projects/no_ngsd/ahthapp1_T2T_ONT/analysis_other/porec/T2T12/cooler/tmpge3lzx44.multi.cool::130
INFO:cooler.create:Creating cooler at "/mnt/storage3b/projects/no_ngsd/ahthapp1_T2T_ONT/analysis_other/porec/T2T12/cooler/tmpge3lzx44.multi.cool::/130"
INFO:cooler.create:Writing chroms
INFO:cooler.create:Writing bins
INFO:cooler.create:Writing pixels
INFO:cooler.create:Writing indexes
INFO:cooler.create:Writing info
INFO:cooler.create:Writing chunk 131: /mnt/storage3b/projects/no_ngsd/ahthapp1_T2T_ONT/analysis_other/porec/T2T12/cooler/tmpge3lzx44.multi.cool::131
INFO:cooler.create:Creating cooler at "/mnt/storage3b/projects/no_ngsd/ahthapp1_T2T_ONT/analysis_other/porec/T2T12/cooler/tmpge3lzx44.multi.cool::/131"
INFO:cooler.create:Writing chroms
INFO:cooler.create:Writing bins
INFO:cooler.create:Writing pixels
INFO:cooler.create:Writing indexes
INFO:cooler.create:Writing info
INFO:cooler.create:Writing chunk 132: /mnt/storage3b/projects/no_ngsd/ahthapp1_T2T_ONT/analysis_other/porec/T2T12/cooler/tmpge3lzx44.multi.cool::132
INFO:cooler.create:Creating cooler at "/mnt/storage3b/projects/no_ngsd/ahthapp1_T2T_ONT/analysis_other/porec/T2T12/cooler/tmpge3lzx44.multi.cool::/132"
INFO:cooler.create:Writing chroms
INFO:cooler.create:Writing bins
INFO:cooler.create:Writing pixels
INFO:cooler.create:Writing indexes
INFO:cooler.create:Writing info
INFO:cooler.create:Writing chunk 133: /mnt/storage3b/projects/no_ngsd/ahthapp1_T2T_ONT/analysis_other/porec/T2T12/cooler/tmpge3lzx44.multi.cool::133
INFO:cooler.create:Creating cooler at "/mnt/storage3b/projects/no_ngsd/ahthapp1_T2T_ONT/analysis_other/porec/T2T12/cooler/tmpge3lzx44.multi.cool::/133"
INFO:cooler.create:Writing chroms
INFO:cooler.create:Writing bins
INFO:cooler.create:Writing pixels
INFO:cooler.create:Writing indexes
INFO:cooler.create:Writing info
INFO:cooler.create:Writing chunk 134: /mnt/storage3b/projects/no_ngsd/ahthapp1_T2T_ONT/analysis_other/porec/T2T12/cooler/tmpge3lzx44.multi.cool::134
INFO:cooler.create:Creating cooler at "/mnt/storage3b/projects/no_ngsd/ahthapp1_T2T_ONT/analysis_other/porec/T2T12/cooler/tmpge3lzx44.multi.cool::/134"
INFO:cooler.create:Writing chroms
INFO:cooler.create:Writing bins
INFO:cooler.create:Writing pixels
INFO:cooler.create:Writing indexes
INFO:cooler.create:Writing info
INFO:cooler.create:Writing chunk 135: /mnt/storage3b/projects/no_ngsd/ahthapp1_T2T_ONT/analysis_other/porec/T2T12/cooler/tmpge3lzx44.multi.cool::135
INFO:cooler.create:Creating cooler at "/mnt/storage3b/projects/no_ngsd/ahthapp1_T2T_ONT/analysis_other/porec/T2T12/cooler/tmpge3lzx44.multi.cool::/135"
INFO:cooler.create:Writing chroms
INFO:cooler.create:Writing bins
INFO:cooler.create:Writing pixels
INFO:cooler.create:Writing indexes
INFO:cooler.create:Writing info
INFO:cooler.create:Writing chunk 136: /mnt/storage3b/projects/no_ngsd/ahthapp1_T2T_ONT/analysis_other/porec/T2T12/cooler/tmpge3lzx44.multi.cool::136
INFO:cooler.create:Creating cooler at "/mnt/storage3b/projects/no_ngsd/ahthapp1_T2T_ONT/analysis_other/porec/T2T12/cooler/tmpge3lzx44.multi.cool::/136"
INFO:cooler.create:Writing chroms
INFO:cooler.create:Writing bins
INFO:cooler.create:Writing pixels
INFO:cooler.create:Writing indexes
INFO:cooler.create:Writing info
INFO:cooler.create:Writing chunk 137: /mnt/storage3b/projects/no_ngsd/ahthapp1_T2T_ONT/analysis_other/porec/T2T12/cooler/tmpge3lzx44.multi.cool::137
INFO:cooler.create:Creating cooler at "/mnt/storage3b/projects/no_ngsd/ahthapp1_T2T_ONT/analysis_other/porec/T2T12/cooler/tmpge3lzx44.multi.cool::/137"
INFO:cooler.create:Writing chroms
INFO:cooler.create:Writing bins
INFO:cooler.create:Writing pixels
INFO:cooler.create:Writing indexes
INFO:cooler.create:Writing info
INFO:cooler.create:Writing chunk 138: /mnt/storage3b/projects/no_ngsd/ahthapp1_T2T_ONT/analysis_other/porec/T2T12/cooler/tmpge3lzx44.multi.cool::138
INFO:cooler.create:Creating cooler at "/mnt/storage3b/projects/no_ngsd/ahthapp1_T2T_ONT/analysis_other/porec/T2T12/cooler/tmpge3lzx44.multi.cool::/138"
INFO:cooler.create:Writing chroms
INFO:cooler.create:Writing bins
INFO:cooler.create:Writing pixels
INFO:cooler.create:Writing indexes
INFO:cooler.create:Writing info
INFO:cooler.create:Writing chunk 139: /mnt/storage3b/projects/no_ngsd/ahthapp1_T2T_ONT/analysis_other/porec/T2T12/cooler/tmpge3lzx44.multi.cool::139
INFO:cooler.create:Creating cooler at "/mnt/storage3b/projects/no_ngsd/ahthapp1_T2T_ONT/analysis_other/porec/T2T12/cooler/tmpge3lzx44.multi.cool::/139"
INFO:cooler.create:Writing chroms
INFO:cooler.create:Writing bins
INFO:cooler.create:Writing pixels
INFO:cooler.create:Writing indexes
INFO:cooler.create:Writing info
INFO:cooler.create:Writing chunk 140: /mnt/storage3b/projects/no_ngsd/ahthapp1_T2T_ONT/analysis_other/porec/T2T12/cooler/tmpge3lzx44.multi.cool::140
INFO:cooler.create:Creating cooler at "/mnt/storage3b/projects/no_ngsd/ahthapp1_T2T_ONT/analysis_other/porec/T2T12/cooler/tmpge3lzx44.multi.cool::/140"
INFO:cooler.create:Writing chroms
INFO:cooler.create:Writing bins
INFO:cooler.create:Writing pixels
INFO:cooler.create:Writing indexes
INFO:cooler.create:Writing info
INFO:cooler.create:Writing chunk 141: /mnt/storage3b/projects/no_ngsd/ahthapp1_T2T_ONT/analysis_other/porec/T2T12/cooler/tmpge3lzx44.multi.cool::141
INFO:cooler.create:Creating cooler at "/mnt/storage3b/projects/no_ngsd/ahthapp1_T2T_ONT/analysis_other/porec/T2T12/cooler/tmpge3lzx44.multi.cool::/141"
INFO:cooler.create:Writing chroms
INFO:cooler.create:Writing bins
INFO:cooler.create:Writing pixels
INFO:cooler.create:Writing indexes
INFO:cooler.create:Writing info
INFO:cooler.create:Merging into analysis_other/porec/T2T12/cooler/T2T12_1000.cool
INFO:cooler.create:Creating cooler at "/mnt/storage3b/projects/no_ngsd/ahthapp1_T2T_ONT/analysis_other/porec/T2T12/cooler/T2T12_1000.cool::/"
INFO:cooler.create:Writing chroms
INFO:cooler.create:Writing bins
INFO:cooler.create:Writing pixels
INFO:cooler._reduce:n_merge_epochs: 66
INFO:cooler._reduce:nnzs: [0, 0, 0, 0, 0, 0, 0, 0, 0, 0, 0, 0, 0, 0, 0, 0, 0, 0, 0, 0, 0, 0, 0, 0, 0, 0, 0, 0, 0, 0, 0, 0, 0, 0, 0, 0, 0, 0, 0, 0, 0, 0, 0, 0, 0, 0, 0, 0, 6829764, 8733843, 8179245, 7786700, 9874104, 14210285, 14209134, 14209092, 14209011, 14209937, 11224781, 8155849, 7361673, 14215265, 10650027, 7687978, 8528069, 14210549, 8708303, 7551801, 10647968, 11166654, 7316580, 11970537, 7628147, 10492341, 8130193, 10444281, 7109242, 10163535, 7216196, 9304460, 8316269, 9377133, 14208902, 13937646, 9400619, 8839950, 8281097, 8334633, 7691501, 14208546, 14207136, 14206942, 7748877, 7179416, 11220899, 14207727, 11945569, 8620226, 8390564, 7801074, 10681474, 14207347, 14202612, 14211650, 12583376, 8661642, 8638283, 7727388, 10904712, 14209774, 14210160, 14212611, 9468613, 8641212, 8085650, 9352757, 14210792, 14209016, 13194703, 8267043, 8569297, 7461704, 13233543, 14213970, 13435098, 8657580, 8212673, 8168031, 14212830, 14215229, 9495833, 8131973, 7741509, 14219649, 12069935, 7657347, 9292807, 14211569, 11076679, 9048319, 8172751, 2303795]
INFO:cooler._reduce:records consumed: [np.int64(0), np.int64(0), np.int64(0), np.int64(0), np.int64(0), np.int64(0), np.int64(0), np.int64(0), np.int64(0), np.int64(0), np.int64(0), np.int64(0), np.int64(0), np.int64(0), np.int64(0), np.int64(0), np.int64(0), np.int64(0), np.int64(0), np.int64(0), np.int64(0), np.int64(0), np.int64(0), np.int64(0), np.int64(0), np.int64(0), np.int64(0), np.int64(0), np.int64(0), np.int64(0), np.int64(0), np.int64(0), np.int64(0), np.int64(0), np.int64(0), np.int64(0), np.int64(0), np.int64(0), np.int64(0), np.int64(0), np.int64(0), np.int64(0), np.int64(0), np.int64(0), np.int64(0), np.int64(0), np.int64(0), np.int64(0), np.int64(5197792), np.int64(0), np.int64(0), np.int64(0), np.int64(997383), np.int64(1515925), np.int64(2308530), np.int64(1469445), np.int64(1620827), np.int64(1439442), np.int64(450945), np.int64(0), np.int64(0), np.int64(0), np.int64(0), np.int64(0), np.int64(0), np.int64(0), np.int64(0), np.int64(0), np.int64(0), np.int64(0), np.int64(0), np.int64(0), np.int64(0), np.int64(0), np.int64(0), np.int64(0), np.int64(0), np.int64(0), np.int64(0), np.int64(0), np.int64(0), np.int64(0), np.int64(0), np.int64(0), np.int64(0), np.int64(0), np.int64(0), np.int64(0), np.int64(0), np.int64(0), np.int64(0), np.int64(0), np.int64(0), np.int64(0), np.int64(0), np.int64(0), np.int64(0), np.int64(0), np.int64(0), np.int64(0), np.int64(0), np.int64(0), np.int64(0), np.int64(0), np.int64(0), np.int64(0), np.int64(0), np.int64(0), np.int64(0), np.int64(0), np.int64(0), np.int64(0), np.int64(0), np.int64(0), np.int64(0), np.int64(0), np.int64(0), np.int64(0), np.int64(0), np.int64(0), np.int64(0), np.int64(0), np.int64(0), np.int64(0), np.int64(0), np.int64(0), np.int64(0), np.int64(0), np.int64(0), np.int64(0), np.int64(0), np.int64(0), np.int64(0), np.int64(0), np.int64(0), np.int64(0), np.int64(0), np.int64(0), np.int64(0), np.int64(0), np.int64(0), np.int64(0)]
INFO:cooler._reduce:records consumed: [np.int64(0), np.int64(0), np.int64(0), np.int64(0), np.int64(0), np.int64(0), np.int64(0), np.int64(0), np.int64(0), np.int64(0), np.int64(0), np.int64(0), np.int64(0), np.int64(0), np.int64(0), np.int64(0), np.int64(0), np.int64(0), np.int64(0), np.int64(0), np.int64(0), np.int64(0), np.int64(0), np.int64(0), np.int64(0), np.int64(0), np.int64(0), np.int64(0), np.int64(0), np.int64(0), np.int64(0), np.int64(0), np.int64(0), np.int64(0), np.int64(0), np.int64(0), np.int64(0), np.int64(0), np.int64(0), np.int64(0), np.int64(0), np.int64(0), np.int64(0), np.int64(0), np.int64(0), np.int64(0), np.int64(0), np.int64(0), np.int64(6829764), np.int64(2889559), np.int64(0), np.int64(0), np.int64(2062173), np.int64(3171535), np.int64(4675930), np.int64(2989878), np.int64(3454646), np.int64(2999687), np.int64(927659), np.int64(0), np.int64(0), np.int64(0), np.int64(0), np.int64(0), np.int64(0), np.int64(0), np.int64(0), np.int64(0), np.int64(0), np.int64(0), np.int64(0), np.int64(0), np.int64(0), np.int64(0), np.int64(0), np.int64(0), np.int64(0), np.int64(0), np.int64(0), np.int64(0), np.int64(0), np.int64(0), np.int64(0), np.int64(0), np.int64(0), np.int64(0), np.int64(0), np.int64(0), np.int64(0), np.int64(0), np.int64(0), np.int64(0), np.int64(0), np.int64(0), np.int64(0), np.int64(0), np.int64(0), np.int64(0), np.int64(0), np.int64(0), np.int64(0), np.int64(0), np.int64(0), np.int64(0), np.int64(0), np.int64(0), np.int64(0), np.int64(0), np.int64(0), np.int64(0), np.int64(0), np.int64(0), np.int64(0), np.int64(0), np.int64(0), np.int64(0), np.int64(0), np.int64(0), np.int64(0), np.int64(0), np.int64(0), np.int64(0), np.int64(0), np.int64(0), np.int64(0), np.int64(0), np.int64(0), np.int64(0), np.int64(0), np.int64(0), np.int64(0), np.int64(0), np.int64(0), np.int64(0), np.int64(0), np.int64(0), np.int64(0), np.int64(0), np.int64(0), np.int64(0), np.int64(0), np.int64(0)]
INFO:cooler._reduce:records consumed: [np.int64(0), np.int64(0), np.int64(0), np.int64(0), np.int64(0), np.int64(0), np.int64(0), np.int64(0), np.int64(0), np.int64(0), np.int64(0), np.int64(0), np.int64(0), np.int64(0), np.int64(0), np.int64(0), np.int64(0), np.int64(0), np.int64(0), np.int64(0), np.int64(0), np.int64(0), np.int64(0), np.int64(0), np.int64(0), np.int64(0), np.int64(0), np.int64(0), np.int64(0), np.int64(0), np.int64(0), np.int64(0), np.int64(0), np.int64(0), np.int64(0), np.int64(0), np.int64(0), np.int64(0), np.int64(0), np.int64(0), np.int64(0), np.int64(0), np.int64(0), np.int64(0), np.int64(0), np.int64(0), np.int64(0), np.int64(0), np.int64(6829764), np.int64(8311423), np.int64(0), np.int64(0), np.int64(3023248), np.int64(4680767), np.int64(6515095), np.int64(4253736), np.int64(5125594), np.int64(4587607), np.int64(1673897), np.int64(0), np.int64(0), np.int64(0), np.int64(0), np.int64(0), np.int64(0), np.int64(0), np.int64(0), np.int64(0), np.int64(0), np.int64(0), np.int64(0), np.int64(0), np.int64(0), np.int64(0), np.int64(0), np.int64(0), np.int64(0), np.int64(0), np.int64(0), np.int64(0), np.int64(0), np.int64(0), np.int64(0), np.int64(0), np.int64(0), np.int64(0), np.int64(0), np.int64(0), np.int64(0), np.int64(0), np.int64(0), np.int64(0), np.int64(0), np.int64(0), np.int64(0), np.int64(0), np.int64(0), np.int64(0), np.int64(0), np.int64(0), np.int64(0), np.int64(0), np.int64(0), np.int64(0), np.int64(0), np.int64(0), np.int64(0), np.int64(0), np.int64(0), np.int64(0), np.int64(0), np.int64(0), np.int64(0), np.int64(0), np.int64(0), np.int64(0), np.int64(0), np.int64(0), np.int64(0), np.int64(0), np.int64(0), np.int64(0), np.int64(0), np.int64(0), np.int64(0), np.int64(0), np.int64(0), np.int64(0), np.int64(0), np.int64(0), np.int64(0), np.int64(0), np.int64(0), np.int64(0), np.int64(0), np.int64(0), np.int64(0), np.int64(0), np.int64(0), np.int64(0), np.int64(0), np.int64(0)]
INFO:cooler._reduce:records consumed: [np.int64(0), np.int64(0), np.int64(0), np.int64(0), np.int64(0), np.int64(0), np.int64(0), np.int64(0), np.int64(0), np.int64(0), np.int64(0), np.int64(0), np.int64(0), np.int64(0), np.int64(0), np.int64(0), np.int64(0), np.int64(0), np.int64(0), np.int64(0), np.int64(0), np.int64(0), np.int64(0), np.int64(0), np.int64(0), np.int64(0), np.int64(0), np.int64(0), np.int64(0), np.int64(0), np.int64(0), np.int64(0), np.int64(0), np.int64(0), np.int64(0), np.int64(0), np.int64(0), np.int64(0), np.int64(0), np.int64(0), np.int64(0), np.int64(0), np.int64(0), np.int64(0), np.int64(0), np.int64(0), np.int64(0), np.int64(0), np.int64(6829764), np.int64(8733843), np.int64(4283994), np.int64(0), np.int64(4029361), np.int64(6306048), np.int64(8054016), np.int64(5962929), np.int64(6692161), np.int64(6469582), np.int64(2640130), np.int64(0), np.int64(0), np.int64(0), np.int64(0), np.int64(0), np.int64(0), np.int64(0), np.int64(0), np.int64(0), np.int64(0), np.int64(0), np.int64(0), np.int64(0), np.int64(0), np.int64(0), np.int64(0), np.int64(0), np.int64(0), np.int64(0), np.int64(0), np.int64(0), np.int64(0), np.int64(0), np.int64(0), np.int64(0), np.int64(0), np.int64(0), np.int64(0), np.int64(0), np.int64(0), np.int64(0), np.int64(0), np.int64(0), np.int64(0), np.int64(0), np.int64(0), np.int64(0), np.int64(0), np.int64(0), np.int64(0), np.int64(0), np.int64(0), np.int64(0), np.int64(0), np.int64(0), np.int64(0), np.int64(0), np.int64(0), np.int64(0), np.int64(0), np.int64(0), np.int64(0), np.int64(0), np.int64(0), np.int64(0), np.int64(0), np.int64(0), np.int64(0), np.int64(0), np.int64(0), np.int64(0), np.int64(0), np.int64(0), np.int64(0), np.int64(0), np.int64(0), np.int64(0), np.int64(0), np.int64(0), np.int64(0), np.int64(0), np.int64(0), np.int64(0), np.int64(0), np.int64(0), np.int64(0), np.int64(0), np.int64(0), np.int64(0), np.int64(0), np.int64(0), np.int64(0), np.int64(0)]
INFO:cooler._reduce:records consumed: [np.int64(0), np.int64(0), np.int64(0), np.int64(0), np.int64(0), np.int64(0), np.int64(0), np.int64(0), np.int64(0), np.int64(0), np.int64(0), np.int64(0), np.int64(0), np.int64(0), np.int64(0), np.int64(0), np.int64(0), np.int64(0), np.int64(0), np.int64(0), np.int64(0), np.int64(0), np.int64(0), np.int64(0), np.int64(0), np.int64(0), np.int64(0), np.int64(0), np.int64(0), np.int64(0), np.int64(0), np.int64(0), np.int64(0), np.int64(0), np.int64(0), np.int64(0), np.int64(0), np.int64(0), np.int64(0), np.int64(0), np.int64(0), np.int64(0), np.int64(0), np.int64(0), np.int64(0), np.int64(0), np.int64(0), np.int64(0), np.int64(6829764), np.int64(8733843), np.int64(8179245), np.int64(51487), np.int64(4851392), np.int64(8351962), np.int64(9524034), np.int64(8376275), np.int64(8102311), np.int64(8325808), np.int64(3676062), np.int64(0), np.int64(0), np.int64(0), np.int64(0), np.int64(0), np.int64(0), np.int64(0), np.int64(0), np.int64(0), np.int64(0), np.int64(0), np.int64(0), np.int64(0), np.int64(0), np.int64(0), np.int64(0), np.int64(0), np.int64(0), np.int64(0), np.int64(0), np.int64(0), np.int64(0), np.int64(0), np.int64(0), np.int64(0), np.int64(0), np.int64(0), np.int64(0), np.int64(0), np.int64(0), np.int64(0), np.int64(0), np.int64(0), np.int64(0), np.int64(0), np.int64(0), np.int64(0), np.int64(0), np.int64(0), np.int64(0), np.int64(0), np.int64(0), np.int64(0), np.int64(0), np.int64(0), np.int64(0), np.int64(0), np.int64(0), np.int64(0), np.int64(0), np.int64(0), np.int64(0), np.int64(0), np.int64(0), np.int64(0), np.int64(0), np.int64(0), np.int64(0), np.int64(0), np.int64(0), np.int64(0), np.int64(0), np.int64(0), np.int64(0), np.int64(0), np.int64(0), np.int64(0), np.int64(0), np.int64(0), np.int64(0), np.int64(0), np.int64(0), np.int64(0), np.int64(0), np.int64(0), np.int64(0), np.int64(0), np.int64(0), np.int64(0), np.int64(0), np.int64(0), np.int64(0), np.int64(0)]
INFO:cooler._reduce:records consumed: [np.int64(0), np.int64(0), np.int64(0), np.int64(0), np.int64(0), np.int64(0), np.int64(0), np.int64(0), np.int64(0), np.int64(0), np.int64(0), np.int64(0), np.int64(0), np.int64(0), np.int64(0), np.int64(0), np.int64(0), np.int64(0), np.int64(0), np.int64(0), np.int64(0), np.int64(0), np.int64(0), np.int64(0), np.int64(0), np.int64(0), np.int64(0), np.int64(0), np.int64(0), np.int64(0), np.int64(0), np.int64(0), np.int64(0), np.int64(0), np.int64(0), np.int64(0), np.int64(0), np.int64(0), np.int64(0), np.int64(0), np.int64(0), np.int64(0), np.int64(0), np.int64(0), np.int64(0), np.int64(0), np.int64(0), np.int64(0), np.int64(6829764), np.int64(8733843), np.int64(8179245), np.int64(4495125), np.int64(5360654), np.int64(10252833), np.int64(11017186), np.int64(10633360), np.int64(9639662), np.int64(10180141), np.int64(4681031), np.int64(0), np.int64(0), np.int64(0), np.int64(0), np.int64(0), np.int64(0), np.int64(0), np.int64(0), np.int64(0), np.int64(0), np.int64(0), np.int64(0), np.int64(0), np.int64(0), np.int64(0), np.int64(0), np.int64(0), np.int64(0), np.int64(0), np.int64(0), np.int64(0), np.int64(0), np.int64(0), np.int64(0), np.int64(0), np.int64(0), np.int64(0), np.int64(0), np.int64(0), np.int64(0), np.int64(0), np.int64(0), np.int64(0), np.int64(0), np.int64(0), np.int64(0), np.int64(0), np.int64(0), np.int64(0), np.int64(0), np.int64(0), np.int64(0), np.int64(0), np.int64(0), np.int64(0), np.int64(0), np.int64(0), np.int64(0), np.int64(0), np.int64(0), np.int64(0), np.int64(0), np.int64(0), np.int64(0), np.int64(0), np.int64(0), np.int64(0), np.int64(0), np.int64(0), np.int64(0), np.int64(0), np.int64(0), np.int64(0), np.int64(0), np.int64(0), np.int64(0), np.int64(0), np.int64(0), np.int64(0), np.int64(0), np.int64(0), np.int64(0), np.int64(0), np.int64(0), np.int64(0), np.int64(0), np.int64(0), np.int64(0), np.int64(0), np.int64(0), np.int64(0), np.int64(0), np.int64(0)]
INFO:cooler._reduce:records consumed: [np.int64(0), np.int64(0), np.int64(0), np.int64(0), np.int64(0), np.int64(0), np.int64(0), np.int64(0), np.int64(0), np.int64(0), np.int64(0), np.int64(0), np.int64(0), np.int64(0), np.int64(0), np.int64(0), np.int64(0), np.int64(0), np.int64(0), np.int64(0), np.int64(0), np.int64(0), np.int64(0), np.int64(0), np.int64(0), np.int64(0), np.int64(0), np.int64(0), np.int64(0), np.int64(0), np.int64(0), np.int64(0), np.int64(0), np.int64(0), np.int64(0), np.int64(0), np.int64(0), np.int64(0), np.int64(0), np.int64(0), np.int64(0), np.int64(0), np.int64(0), np.int64(0), np.int64(0), np.int64(0), np.int64(0), np.int64(0), np.int64(6829764), np.int64(8733843), np.int64(8179245), np.int64(7786700), np.int64(6551822), np.int64(12178652), np.int64(12562107), np.int64(12585303), np.int64(11695515), np.int64(12156816), np.int64(5743574), np.int64(0), np.int64(0), np.int64(0), np.int64(0), np.int64(0), np.int64(0), np.int64(0), np.int64(0), np.int64(0), np.int64(0), np.int64(0), np.int64(0), np.int64(0), np.int64(0), np.int64(0), np.int64(0), np.int64(0), np.int64(0), np.int64(0), np.int64(0), np.int64(0), np.int64(0), np.int64(0), np.int64(0), np.int64(0), np.int64(0), np.int64(0), np.int64(0), np.int64(0), np.int64(0), np.int64(0), np.int64(0), np.int64(0), np.int64(0), np.int64(0), np.int64(0), np.int64(0), np.int64(0), np.int64(0), np.int64(0), np.int64(0), np.int64(0), np.int64(0), np.int64(0), np.int64(0), np.int64(0), np.int64(0), np.int64(0), np.int64(0), np.int64(0), np.int64(0), np.int64(0), np.int64(0), np.int64(0), np.int64(0), np.int64(0), np.int64(0), np.int64(0), np.int64(0), np.int64(0), np.int64(0), np.int64(0), np.int64(0), np.int64(0), np.int64(0), np.int64(0), np.int64(0), np.int64(0), np.int64(0), np.int64(0), np.int64(0), np.int64(0), np.int64(0), np.int64(0), np.int64(0), np.int64(0), np.int64(0), np.int64(0), np.int64(0), np.int64(0), np.int64(0), np.int64(0), np.int64(0)]
INFO:cooler._reduce:records consumed: [np.int64(0), np.int64(0), np.int64(0), np.int64(0), np.int64(0), np.int64(0), np.int64(0), np.int64(0), np.int64(0), np.int64(0), np.int64(0), np.int64(0), np.int64(0), np.int64(0), np.int64(0), np.int64(0), np.int64(0), np.int64(0), np.int64(0), np.int64(0), np.int64(0), np.int64(0), np.int64(0), np.int64(0), np.int64(0), np.int64(0), np.int64(0), np.int64(0), np.int64(0), np.int64(0), np.int64(0), np.int64(0), np.int64(0), np.int64(0), np.int64(0), np.int64(0), np.int64(0), np.int64(0), np.int64(0), np.int64(0), np.int64(0), np.int64(0), np.int64(0), np.int64(0), np.int64(0), np.int64(0), np.int64(0), np.int64(0), np.int64(6829764), np.int64(8733843), np.int64(8179245), np.int64(7786700), np.int64(9874104), np.int64(14210285), np.int64(14209134), np.int64(14209092), np.int64(14209011), np.int64(14209937), np.int64(6841811), np.int64(0), np.int64(0), np.int64(0), np.int64(0), np.int64(0), np.int64(0), np.int64(0), np.int64(0), np.int64(0), np.int64(0), np.int64(0), np.int64(0), np.int64(0), np.int64(0), np.int64(0), np.int64(0), np.int64(0), np.int64(0), np.int64(0), np.int64(0), np.int64(0), np.int64(0), np.int64(24701), np.int64(85396), np.int64(345049), np.int64(0), np.int64(0), np.int64(0), np.int64(0), np.int64(14483), np.int64(82313), np.int64(87675), np.int64(71022), np.int64(236), np.int64(0), np.int64(0), np.int64(0), np.int64(0), np.int64(0), np.int64(0), np.int64(0), np.int64(0), np.int64(0), np.int64(0), np.int64(0), np.int64(0), np.int64(0), np.int64(0), np.int64(0), np.int64(0), np.int64(0), np.int64(0), np.int64(0), np.int64(0), np.int64(0), np.int64(0), np.int64(0), np.int64(0), np.int64(0), np.int64(0), np.int64(0), np.int64(0), np.int64(0), np.int64(0), np.int64(0), np.int64(0), np.int64(0), np.int64(0), np.int64(0), np.int64(0), np.int64(0), np.int64(0), np.int64(0), np.int64(0), np.int64(0), np.int64(0), np.int64(0), np.int64(0), np.int64(0), np.int64(0), np.int64(0), np.int64(0), np.int64(0)]
INFO:cooler._reduce:records consumed: [np.int64(0), np.int64(0), np.int64(0), np.int64(0), np.int64(0), np.int64(0), np.int64(0), np.int64(0), np.int64(0), np.int64(0), np.int64(0), np.int64(0), np.int64(0), np.int64(0), np.int64(0), np.int64(0), np.int64(0), np.int64(0), np.int64(0), np.int64(0), np.int64(0), np.int64(0), np.int64(0), np.int64(0), np.int64(0), np.int64(0), np.int64(0), np.int64(0), np.int64(0), np.int64(0), np.int64(0), np.int64(0), np.int64(0), np.int64(0), np.int64(0), np.int64(0), np.int64(0), np.int64(0), np.int64(0), np.int64(0), np.int64(0), np.int64(0), np.int64(0), np.int64(0), np.int64(0), np.int64(0), np.int64(0), np.int64(0), np.int64(6829764), np.int64(8733843), np.int64(8179245), np.int64(7786700), np.int64(9874104), np.int64(14210285), np.int64(14209134), np.int64(14209092), np.int64(14209011), np.int64(14209937), np.int64(6841811), np.int64(0), np.int64(0), np.int64(0), np.int64(0), np.int64(0), np.int64(0), np.int64(0), np.int64(0), np.int64(0), np.int64(0), np.int64(0), np.int64(0), np.int64(0), np.int64(0), np.int64(0), np.int64(0), np.int64(0), np.int64(0), np.int64(0), np.int64(0), np.int64(0), np.int64(0), np.int64(487532), np.int64(1735810), np.int64(1947613), np.int64(6210912), np.int64(0), np.int64(0), np.int64(0), np.int64(249723), np.int64(1770334), np.int64(1856242), np.int64(1451229), np.int64(2162), np.int64(0), np.int64(0), np.int64(0), np.int64(0), np.int64(0), np.int64(0), np.int64(0), np.int64(0), np.int64(0), np.int64(0), np.int64(0), np.int64(0), np.int64(0), np.int64(0), np.int64(0), np.int64(0), np.int64(0), np.int64(0), np.int64(0), np.int64(0), np.int64(0), np.int64(0), np.int64(0), np.int64(0), np.int64(0), np.int64(0), np.int64(0), np.int64(0), np.int64(0), np.int64(0), np.int64(0), np.int64(0), np.int64(0), np.int64(0), np.int64(0), np.int64(0), np.int64(0), np.int64(0), np.int64(0), np.int64(0), np.int64(0), np.int64(0), np.int64(0), np.int64(0), np.int64(0), np.int64(0), np.int64(0), np.int64(0), np.int64(0)]
INFO:cooler._reduce:records consumed: [np.int64(0), np.int64(0), np.int64(0), np.int64(0), np.int64(0), np.int64(0), np.int64(0), np.int64(0), np.int64(0), np.int64(0), np.int64(0), np.int64(0), np.int64(0), np.int64(0), np.int64(0), np.int64(0), np.int64(0), np.int64(0), np.int64(0), np.int64(0), np.int64(0), np.int64(0), np.int64(0), np.int64(0), np.int64(0), np.int64(0), np.int64(0), np.int64(0), np.int64(0), np.int64(0), np.int64(0), np.int64(0), np.int64(0), np.int64(0), np.int64(0), np.int64(0), np.int64(0), np.int64(0), np.int64(0), np.int64(0), np.int64(0), np.int64(0), np.int64(0), np.int64(0), np.int64(0), np.int64(0), np.int64(0), np.int64(0), np.int64(6829764), np.int64(8733843), np.int64(8179245), np.int64(7786700), np.int64(9874104), np.int64(14210285), np.int64(14209134), np.int64(14209092), np.int64(14209011), np.int64(14209937), np.int64(6841811), np.int64(0), np.int64(0), np.int64(0), np.int64(0), np.int64(0), np.int64(0), np.int64(0), np.int64(0), np.int64(0), np.int64(0), np.int64(0), np.int64(0), np.int64(0), np.int64(0), np.int64(0), np.int64(0), np.int64(0), np.int64(0), np.int64(0), np.int64(0), np.int64(0), np.int64(0), np.int64(967166), np.int64(3506109), np.int64(3397106), np.int64(9400619), np.int64(2702676), np.int64(0), np.int64(0), np.int64(492657), np.int64(3588216), np.int64(3755266), np.int64(2898061), np.int64(4195), np.int64(0), np.int64(0), np.int64(0), np.int64(0), np.int64(0), np.int64(0), np.int64(0), np.int64(0), np.int64(0), np.int64(0), np.int64(0), np.int64(0), np.int64(0), np.int64(0), np.int64(0), np.int64(0), np.int64(0), np.int64(0), np.int64(0), np.int64(0), np.int64(0), np.int64(0), np.int64(0), np.int64(0), np.int64(0), np.int64(0), np.int64(0), np.int64(0), np.int64(0), np.int64(0), np.int64(0), np.int64(0), np.int64(0), np.int64(0), np.int64(0), np.int64(0), np.int64(0), np.int64(0), np.int64(0), np.int64(0), np.int64(0), np.int64(0), np.int64(0), np.int64(0), np.int64(0), np.int64(0), np.int64(0), np.int64(0), np.int64(0)]
INFO:cooler._reduce:records consumed: [np.int64(0), np.int64(0), np.int64(0), np.int64(0), np.int64(0), np.int64(0), np.int64(0), np.int64(0), np.int64(0), np.int64(0), np.int64(0), np.int64(0), np.int64(0), np.int64(0), np.int64(0), np.int64(0), np.int64(0), np.int64(0), np.int64(0), np.int64(0), np.int64(0), np.int64(0), np.int64(0), np.int64(0), np.int64(0), np.int64(0), np.int64(0), np.int64(0), np.int64(0), np.int64(0), np.int64(0), np.int64(0), np.int64(0), np.int64(0), np.int64(0), np.int64(0), np.int64(0), np.int64(0), np.int64(0), np.int64(0), np.int64(0), np.int64(0), np.int64(0), np.int64(0), np.int64(0), np.int64(0), np.int64(0), np.int64(0), np.int64(6829764), np.int64(8733843), np.int64(8179245), np.int64(7786700), np.int64(9874104), np.int64(14210285), np.int64(14209134), np.int64(14209092), np.int64(14209011), np.int64(14209937), np.int64(6841811), np.int64(0), np.int64(0), np.int64(0), np.int64(0), np.int64(0), np.int64(0), np.int64(0), np.int64(0), np.int64(0), np.int64(0), np.int64(0), np.int64(0), np.int64(0), np.int64(0), np.int64(0), np.int64(0), np.int64(0), np.int64(0), np.int64(0), np.int64(0), np.int64(0), np.int64(0), np.int64(1454437), np.int64(5309544), np.int64(4852589), np.int64(9400619), np.int64(8399454), np.int64(0), np.int64(0), np.int64(741487), np.int64(5460025), np.int64(5693473), np.int64(4394479), np.int64(6160), np.int64(0), np.int64(0), np.int64(0), np.int64(0), np.int64(0), np.int64(0), np.int64(0), np.int64(0), np.int64(0), np.int64(0), np.int64(0), np.int64(0), np.int64(0), np.int64(0), np.int64(0), np.int64(0), np.int64(0), np.int64(0), np.int64(0), np.int64(0), np.int64(0), np.int64(0), np.int64(0), np.int64(0), np.int64(0), np.int64(0), np.int64(0), np.int64(0), np.int64(0), np.int64(0), np.int64(0), np.int64(0), np.int64(0), np.int64(0), np.int64(0), np.int64(0), np.int64(0), np.int64(0), np.int64(0), np.int64(0), np.int64(0), np.int64(0), np.int64(0), np.int64(0), np.int64(0), np.int64(0), np.int64(0), np.int64(0), np.int64(0)]
INFO:cooler._reduce:records consumed: [np.int64(0), np.int64(0), np.int64(0), np.int64(0), np.int64(0), np.int64(0), np.int64(0), np.int64(0), np.int64(0), np.int64(0), np.int64(0), np.int64(0), np.int64(0), np.int64(0), np.int64(0), np.int64(0), np.int64(0), np.int64(0), np.int64(0), np.int64(0), np.int64(0), np.int64(0), np.int64(0), np.int64(0), np.int64(0), np.int64(0), np.int64(0), np.int64(0), np.int64(0), np.int64(0), np.int64(0), np.int64(0), np.int64(0), np.int64(0), np.int64(0), np.int64(0), np.int64(0), np.int64(0), np.int64(0), np.int64(0), np.int64(0), np.int64(0), np.int64(0), np.int64(0), np.int64(0), np.int64(0), np.int64(0), np.int64(0), np.int64(6829764), np.int64(8733843), np.int64(8179245), np.int64(7786700), np.int64(9874104), np.int64(14210285), np.int64(14209134), np.int64(14209092), np.int64(14209011), np.int64(14209937), np.int64(6841811), np.int64(0), np.int64(0), np.int64(0), np.int64(0), np.int64(0), np.int64(0), np.int64(0), np.int64(0), np.int64(0), np.int64(0), np.int64(0), np.int64(0), np.int64(0), np.int64(0), np.int64(0), np.int64(0), np.int64(0), np.int64(0), np.int64(0), np.int64(0), np.int64(0), np.int64(0), np.int64(1994649), np.int64(7257494), np.int64(6562963), np.int64(9400619), np.int64(8839950), np.int64(4484452), np.int64(0), np.int64(1046890), np.int64(7384328), np.int64(7246554), np.int64(6486034), np.int64(8647), np.int64(0), np.int64(0), np.int64(0), np.int64(0), np.int64(0), np.int64(0), np.int64(0), np.int64(0), np.int64(0), np.int64(0), np.int64(0), np.int64(0), np.int64(0), np.int64(0), np.int64(0), np.int64(0), np.int64(0), np.int64(0), np.int64(0), np.int64(0), np.int64(0), np.int64(0), np.int64(0), np.int64(0), np.int64(0), np.int64(0), np.int64(0), np.int64(0), np.int64(0), np.int64(0), np.int64(0), np.int64(0), np.int64(0), np.int64(0), np.int64(0), np.int64(0), np.int64(0), np.int64(0), np.int64(0), np.int64(0), np.int64(0), np.int64(0), np.int64(0), np.int64(0), np.int64(0), np.int64(0), np.int64(0), np.int64(0), np.int64(0)]
INFO:cooler._reduce:records consumed: [np.int64(0), np.int64(0), np.int64(0), np.int64(0), np.int64(0), np.int64(0), np.int64(0), np.int64(0), np.int64(0), np.int64(0), np.int64(0), np.int64(0), np.int64(0), np.int64(0), np.int64(0), np.int64(0), np.int64(0), np.int64(0), np.int64(0), np.int64(0), np.int64(0), np.int64(0), np.int64(0), np.int64(0), np.int64(0), np.int64(0), np.int64(0), np.int64(0), np.int64(0), np.int64(0), np.int64(0), np.int64(0), np.int64(0), np.int64(0), np.int64(0), np.int64(0), np.int64(0), np.int64(0), np.int64(0), np.int64(0), np.int64(0), np.int64(0), np.int64(0), np.int64(0), np.int64(0), np.int64(0), np.int64(0), np.int64(0), np.int64(6829764), np.int64(8733843), np.int64(8179245), np.int64(7786700), np.int64(9874104), np.int64(14210285), np.int64(14209134), np.int64(14209092), np.int64(14209011), np.int64(14209937), np.int64(6841811), np.int64(0), np.int64(0), np.int64(0), np.int64(0), np.int64(0), np.int64(0), np.int64(0), np.int64(0), np.int64(0), np.int64(0), np.int64(0), np.int64(0), np.int64(0), np.int64(0), np.int64(0), np.int64(0), np.int64(0), np.int64(0), np.int64(0), np.int64(0), np.int64(0), np.int64(0), np.int64(2517560), np.int64(8991122), np.int64(8195206), np.int64(9400619), np.int64(8839950), np.int64(8281097), np.int64(1556249), np.int64(1304291), np.int64(9275400), np.int64(8633153), np.int64(8707456), np.int64(10663), np.int64(0), np.int64(0), np.int64(0), np.int64(0), np.int64(0), np.int64(0), np.int64(0), np.int64(0), np.int64(0), np.int64(0), np.int64(0), np.int64(0), np.int64(0), np.int64(0), np.int64(0), np.int64(0), np.int64(0), np.int64(0), np.int64(0), np.int64(0), np.int64(0), np.int64(0), np.int64(0), np.int64(0), np.int64(0), np.int64(0), np.int64(0), np.int64(0), np.int64(0), np.int64(0), np.int64(0), np.int64(0), np.int64(0), np.int64(0), np.int64(0), np.int64(0), np.int64(0), np.int64(0), np.int64(0), np.int64(0), np.int64(0), np.int64(0), np.int64(0), np.int64(0), np.int64(0), np.int64(0), np.int64(0), np.int64(0), np.int64(0)]
INFO:cooler._reduce:records consumed: [np.int64(0), np.int64(0), np.int64(0), np.int64(0), np.int64(0), np.int64(0), np.int64(0), np.int64(0), np.int64(0), np.int64(0), np.int64(0), np.int64(0), np.int64(0), np.int64(0), np.int64(0), np.int64(0), np.int64(0), np.int64(0), np.int64(0), np.int64(0), np.int64(0), np.int64(0), np.int64(0), np.int64(0), np.int64(0), np.int64(0), np.int64(0), np.int64(0), np.int64(0), np.int64(0), np.int64(0), np.int64(0), np.int64(0), np.int64(0), np.int64(0), np.int64(0), np.int64(0), np.int64(0), np.int64(0), np.int64(0), np.int64(0), np.int64(0), np.int64(0), np.int64(0), np.int64(0), np.int64(0), np.int64(0), np.int64(0), np.int64(6829764), np.int64(8733843), np.int64(8179245), np.int64(7786700), np.int64(9874104), np.int64(14210285), np.int64(14209134), np.int64(14209092), np.int64(14209011), np.int64(14209937), np.int64(6841811), np.int64(0), np.int64(0), np.int64(0), np.int64(0), np.int64(0), np.int64(0), np.int64(0), np.int64(0), np.int64(0), np.int64(0), np.int64(0), np.int64(0), np.int64(0), np.int64(0), np.int64(0), np.int64(0), np.int64(0), np.int64(0), np.int64(0), np.int64(0), np.int64(0), np.int64(0), np.int64(3052826), np.int64(10547254), np.int64(9956746), np.int64(9400619), np.int64(8839950), np.int64(8281097), np.int64(6889438), np.int64(1527812), np.int64(11185906), np.int64(10090971), np.int64(10633236), np.int64(307371), np.int64(0), np.int64(0), np.int64(0), np.int64(0), np.int64(0), np.int64(0), np.int64(0), np.int64(0), np.int64(0), np.int64(0), np.int64(0), np.int64(0), np.int64(0), np.int64(0), np.int64(0), np.int64(0), np.int64(0), np.int64(0), np.int64(0), np.int64(0), np.int64(0), np.int64(0), np.int64(0), np.int64(0), np.int64(0), np.int64(0), np.int64(0), np.int64(0), np.int64(0), np.int64(0), np.int64(0), np.int64(0), np.int64(0), np.int64(0), np.int64(0), np.int64(0), np.int64(0), np.int64(0), np.int64(0), np.int64(0), np.int64(0), np.int64(0), np.int64(0), np.int64(0), np.int64(0), np.int64(0), np.int64(0), np.int64(0), np.int64(0)]
INFO:cooler._reduce:records consumed: [np.int64(0), np.int64(0), np.int64(0), np.int64(0), np.int64(0), np.int64(0), np.int64(0), np.int64(0), np.int64(0), np.int64(0), np.int64(0), np.int64(0), np.int64(0), np.int64(0), np.int64(0), np.int64(0), np.int64(0), np.int64(0), np.int64(0), np.int64(0), np.int64(0), np.int64(0), np.int64(0), np.int64(0), np.int64(0), np.int64(0), np.int64(0), np.int64(0), np.int64(0), np.int64(0), np.int64(0), np.int64(0), np.int64(0), np.int64(0), np.int64(0), np.int64(0), np.int64(0), np.int64(0), np.int64(0), np.int64(0), np.int64(0), np.int64(0), np.int64(0), np.int64(0), np.int64(0), np.int64(0), np.int64(0), np.int64(0), np.int64(6829764), np.int64(8733843), np.int64(8179245), np.int64(7786700), np.int64(9874104), np.int64(14210285), np.int64(14209134), np.int64(14209092), np.int64(14209011), np.int64(14209937), np.int64(6841811), np.int64(0), np.int64(0), np.int64(0), np.int64(0), np.int64(0), np.int64(0), np.int64(0), np.int64(0), np.int64(0), np.int64(0), np.int64(0), np.int64(0), np.int64(0), np.int64(0), np.int64(0), np.int64(0), np.int64(0), np.int64(0), np.int64(0), np.int64(0), np.int64(0), np.int64(0), np.int64(3634670), np.int64(12213197), np.int64(11824354), np.int64(9400619), np.int64(8839950), np.int64(8281097), np.int64(8334633), np.int64(4969309), np.int64(12880935), np.int64(12022697), np.int64(12456982), np.int64(854939), np.int64(0), np.int64(0), np.int64(0), np.int64(0), np.int64(0), np.int64(0), np.int64(0), np.int64(0), np.int64(0), np.int64(0), np.int64(0), np.int64(0), np.int64(0), np.int64(0), np.int64(0), np.int64(0), np.int64(0), np.int64(0), np.int64(0), np.int64(0), np.int64(0), np.int64(0), np.int64(0), np.int64(0), np.int64(0), np.int64(0), np.int64(0), np.int64(0), np.int64(0), np.int64(0), np.int64(0), np.int64(0), np.int64(0), np.int64(0), np.int64(0), np.int64(0), np.int64(0), np.int64(0), np.int64(0), np.int64(0), np.int64(0), np.int64(0), np.int64(0), np.int64(0), np.int64(0), np.int64(0), np.int64(0), np.int64(0), np.int64(0)]
INFO:cooler._reduce:records consumed: [np.int64(0), np.int64(0), np.int64(0), np.int64(0), np.int64(0), np.int64(0), np.int64(0), np.int64(0), np.int64(0), np.int64(0), np.int64(0), np.int64(0), np.int64(0), np.int64(0), np.int64(0), np.int64(0), np.int64(0), np.int64(0), np.int64(0), np.int64(0), np.int64(0), np.int64(0), np.int64(0), np.int64(0), np.int64(0), np.int64(0), np.int64(0), np.int64(0), np.int64(0), np.int64(0), np.int64(0), np.int64(0), np.int64(0), np.int64(0), np.int64(0), np.int64(0), np.int64(0), np.int64(0), np.int64(0), np.int64(0), np.int64(0), np.int64(0), np.int64(0), np.int64(0), np.int64(0), np.int64(0), np.int64(0), np.int64(0), np.int64(6829764), np.int64(8733843), np.int64(8179245), np.int64(7786700), np.int64(9874104), np.int64(14210285), np.int64(14209134), np.int64(14209092), np.int64(14209011), np.int64(14209937), np.int64(6841811), np.int64(0), np.int64(0), np.int64(0), np.int64(0), np.int64(0), np.int64(0), np.int64(0), np.int64(0), np.int64(0), np.int64(0), np.int64(0), np.int64(0), np.int64(0), np.int64(0), np.int64(0), np.int64(0), np.int64(0), np.int64(0), np.int64(0), np.int64(0), np.int64(0), np.int64(0), np.int64(3810755), np.int64(14208902), np.int64(13937646), np.int64(9400619), np.int64(8839950), np.int64(8281097), np.int64(8334633), np.int64(7691501), np.int64(14208546), np.int64(14207136), np.int64(14206942), np.int64(1406963), np.int64(0), np.int64(216096), np.int64(218672), np.int64(1140101), np.int64(0), np.int64(0), np.int64(0), np.int64(203470), np.int64(259810), np.int64(140851), np.int64(0), np.int64(0), np.int64(0), np.int64(0), np.int64(0), np.int64(0), np.int64(0), np.int64(0), np.int64(0), np.int64(0), np.int64(0), np.int64(0), np.int64(0), np.int64(0), np.int64(0), np.int64(0), np.int64(0), np.int64(0), np.int64(0), np.int64(0), np.int64(0), np.int64(0), np.int64(0), np.int64(0), np.int64(0), np.int64(0), np.int64(0), np.int64(0), np.int64(0), np.int64(0), np.int64(0), np.int64(0), np.int64(0), np.int64(0), np.int64(0), np.int64(0), np.int64(0), np.int64(0), np.int64(0)]
INFO:cooler._reduce:records consumed: [np.int64(0), np.int64(0), np.int64(0), np.int64(0), np.int64(0), np.int64(0), np.int64(0), np.int64(0), np.int64(0), np.int64(0), np.int64(0), np.int64(0), np.int64(0), np.int64(0), np.int64(0), np.int64(0), np.int64(0), np.int64(0), np.int64(0), np.int64(0), np.int64(0), np.int64(0), np.int64(0), np.int64(0), np.int64(0), np.int64(0), np.int64(0), np.int64(0), np.int64(0), np.int64(0), np.int64(0), np.int64(0), np.int64(0), np.int64(0), np.int64(0), np.int64(0), np.int64(0), np.int64(0), np.int64(0), np.int64(0), np.int64(0), np.int64(0), np.int64(0), np.int64(0), np.int64(0), np.int64(0), np.int64(0), np.int64(0), np.int64(6829764), np.int64(8733843), np.int64(8179245), np.int64(7786700), np.int64(9874104), np.int64(14210285), np.int64(14209134), np.int64(14209092), np.int64(14209011), np.int64(14209937), np.int64(6841811), np.int64(0), np.int64(0), np.int64(0), np.int64(0), np.int64(0), np.int64(0), np.int64(0), np.int64(0), np.int64(0), np.int64(0), np.int64(0), np.int64(0), np.int64(0), np.int64(0), np.int64(0), np.int64(0), np.int64(0), np.int64(0), np.int64(0), np.int64(0), np.int64(0), np.int64(0), np.int64(3810755), np.int64(14208902), np.int64(13937646), np.int64(9400619), np.int64(8839950), np.int64(8281097), np.int64(8334633), np.int64(7691501), np.int64(14208546), np.int64(14207136), np.int64(14206942), np.int64(1406963), np.int64(0), np.int64(1832357), np.int64(1954609), np.int64(5476870), np.int64(2932002), np.int64(0), np.int64(0), np.int64(1664067), np.int64(2158136), np.int64(1161377), np.int64(0), np.int64(0), np.int64(0), np.int64(0), np.int64(0), np.int64(0), np.int64(0), np.int64(0), np.int64(0), np.int64(0), np.int64(0), np.int64(0), np.int64(0), np.int64(0), np.int64(0), np.int64(0), np.int64(0), np.int64(0), np.int64(0), np.int64(0), np.int64(0), np.int64(0), np.int64(0), np.int64(0), np.int64(0), np.int64(0), np.int64(0), np.int64(0), np.int64(0), np.int64(0), np.int64(0), np.int64(0), np.int64(0), np.int64(0), np.int64(0), np.int64(0), np.int64(0), np.int64(0), np.int64(0)]
INFO:cooler._reduce:records consumed: [np.int64(0), np.int64(0), np.int64(0), np.int64(0), np.int64(0), np.int64(0), np.int64(0), np.int64(0), np.int64(0), np.int64(0), np.int64(0), np.int64(0), np.int64(0), np.int64(0), np.int64(0), np.int64(0), np.int64(0), np.int64(0), np.int64(0), np.int64(0), np.int64(0), np.int64(0), np.int64(0), np.int64(0), np.int64(0), np.int64(0), np.int64(0), np.int64(0), np.int64(0), np.int64(0), np.int64(0), np.int64(0), np.int64(0), np.int64(0), np.int64(0), np.int64(0), np.int64(0), np.int64(0), np.int64(0), np.int64(0), np.int64(0), np.int64(0), np.int64(0), np.int64(0), np.int64(0), np.int64(0), np.int64(0), np.int64(0), np.int64(6829764), np.int64(8733843), np.int64(8179245), np.int64(7786700), np.int64(9874104), np.int64(14210285), np.int64(14209134), np.int64(14209092), np.int64(14209011), np.int64(14209937), np.int64(6841811), np.int64(0), np.int64(0), np.int64(0), np.int64(0), np.int64(0), np.int64(0), np.int64(0), np.int64(0), np.int64(0), np.int64(0), np.int64(0), np.int64(0), np.int64(0), np.int64(0), np.int64(0), np.int64(0), np.int64(0), np.int64(0), np.int64(0), np.int64(0), np.int64(0), np.int64(0), np.int64(3810755), np.int64(14208902), np.int64(13937646), np.int64(9400619), np.int64(8839950), np.int64(8281097), np.int64(8334633), np.int64(7691501), np.int64(14208546), np.int64(14207136), np.int64(14206942), np.int64(1406963), np.int64(0), np.int64(3663852), np.int64(4093424), np.int64(6817938), np.int64(8002921), np.int64(0), np.int64(0), np.int64(3141804), np.int64(4188225), np.int64(2271369), np.int64(0), np.int64(0), np.int64(0), np.int64(0), np.int64(0), np.int64(0), np.int64(0), np.int64(0), np.int64(0), np.int64(0), np.int64(0), np.int64(0), np.int64(0), np.int64(0), np.int64(0), np.int64(0), np.int64(0), np.int64(0), np.int64(0), np.int64(0), np.int64(0), np.int64(0), np.int64(0), np.int64(0), np.int64(0), np.int64(0), np.int64(0), np.int64(0), np.int64(0), np.int64(0), np.int64(0), np.int64(0), np.int64(0), np.int64(0), np.int64(0), np.int64(0), np.int64(0), np.int64(0), np.int64(0)]
INFO:cooler._reduce:records consumed: [np.int64(0), np.int64(0), np.int64(0), np.int64(0), np.int64(0), np.int64(0), np.int64(0), np.int64(0), np.int64(0), np.int64(0), np.int64(0), np.int64(0), np.int64(0), np.int64(0), np.int64(0), np.int64(0), np.int64(0), np.int64(0), np.int64(0), np.int64(0), np.int64(0), np.int64(0), np.int64(0), np.int64(0), np.int64(0), np.int64(0), np.int64(0), np.int64(0), np.int64(0), np.int64(0), np.int64(0), np.int64(0), np.int64(0), np.int64(0), np.int64(0), np.int64(0), np.int64(0), np.int64(0), np.int64(0), np.int64(0), np.int64(0), np.int64(0), np.int64(0), np.int64(0), np.int64(0), np.int64(0), np.int64(0), np.int64(0), np.int64(6829764), np.int64(8733843), np.int64(8179245), np.int64(7786700), np.int64(9874104), np.int64(14210285), np.int64(14209134), np.int64(14209092), np.int64(14209011), np.int64(14209937), np.int64(6841811), np.int64(0), np.int64(0), np.int64(0), np.int64(0), np.int64(0), np.int64(0), np.int64(0), np.int64(0), np.int64(0), np.int64(0), np.int64(0), np.int64(0), np.int64(0), np.int64(0), np.int64(0), np.int64(0), np.int64(0), np.int64(0), np.int64(0), np.int64(0), np.int64(0), np.int64(0), np.int64(3810755), np.int64(14208902), np.int64(13937646), np.int64(9400619), np.int64(8839950), np.int64(8281097), np.int64(8334633), np.int64(7691501), np.int64(14208546), np.int64(14207136), np.int64(14206942), np.int64(1406963), np.int64(0), np.int64(5341628), np.int64(6097713), np.int64(8030914), np.int64(8620226), np.int64(4466060), np.int64(0), np.int64(4806635), np.int64(6348534), np.int64(3467834), np.int64(0), np.int64(0), np.int64(0), np.int64(0), np.int64(0), np.int64(0), np.int64(0), np.int64(0), np.int64(0), np.int64(0), np.int64(0), np.int64(0), np.int64(0), np.int64(0), np.int64(0), np.int64(0), np.int64(0), np.int64(0), np.int64(0), np.int64(0), np.int64(0), np.int64(0), np.int64(0), np.int64(0), np.int64(0), np.int64(0), np.int64(0), np.int64(0), np.int64(0), np.int64(0), np.int64(0), np.int64(0), np.int64(0), np.int64(0), np.int64(0), np.int64(0), np.int64(0), np.int64(0), np.int64(0)]
INFO:cooler._reduce:records consumed: [np.int64(0), np.int64(0), np.int64(0), np.int64(0), np.int64(0), np.int64(0), np.int64(0), np.int64(0), np.int64(0), np.int64(0), np.int64(0), np.int64(0), np.int64(0), np.int64(0), np.int64(0), np.int64(0), np.int64(0), np.int64(0), np.int64(0), np.int64(0), np.int64(0), np.int64(0), np.int64(0), np.int64(0), np.int64(0), np.int64(0), np.int64(0), np.int64(0), np.int64(0), np.int64(0), np.int64(0), np.int64(0), np.int64(0), np.int64(0), np.int64(0), np.int64(0), np.int64(0), np.int64(0), np.int64(0), np.int64(0), np.int64(0), np.int64(0), np.int64(0), np.int64(0), np.int64(0), np.int64(0), np.int64(0), np.int64(0), np.int64(6829764), np.int64(8733843), np.int64(8179245), np.int64(7786700), np.int64(9874104), np.int64(14210285), np.int64(14209134), np.int64(14209092), np.int64(14209011), np.int64(14209937), np.int64(6841811), np.int64(0), np.int64(0), np.int64(0), np.int64(0), np.int64(0), np.int64(0), np.int64(0), np.int64(0), np.int64(0), np.int64(0), np.int64(0), np.int64(0), np.int64(0), np.int64(0), np.int64(0), np.int64(0), np.int64(0), np.int64(0), np.int64(0), np.int64(0), np.int64(0), np.int64(0), np.int64(3810755), np.int64(14208902), np.int64(13937646), np.int64(9400619), np.int64(8839950), np.int64(8281097), np.int64(8334633), np.int64(7691501), np.int64(14208546), np.int64(14207136), np.int64(14206942), np.int64(1406963), np.int64(0), np.int64(6475379), np.int64(8507269), np.int64(9126964), np.int64(8620226), np.int64(8390564), np.int64(1795841), np.int64(6103284), np.int64(8620787), np.int64(4539703), np.int64(0), np.int64(0), np.int64(0), np.int64(0), np.int64(0), np.int64(0), np.int64(0), np.int64(0), np.int64(0), np.int64(0), np.int64(0), np.int64(0), np.int64(0), np.int64(0), np.int64(0), np.int64(0), np.int64(0), np.int64(0), np.int64(0), np.int64(0), np.int64(0), np.int64(0), np.int64(0), np.int64(0), np.int64(0), np.int64(0), np.int64(0), np.int64(0), np.int64(0), np.int64(0), np.int64(0), np.int64(0), np.int64(0), np.int64(0), np.int64(0), np.int64(0), np.int64(0), np.int64(0), np.int64(0)]
INFO:cooler._reduce:records consumed: [np.int64(0), np.int64(0), np.int64(0), np.int64(0), np.int64(0), np.int64(0), np.int64(0), np.int64(0), np.int64(0), np.int64(0), np.int64(0), np.int64(0), np.int64(0), np.int64(0), np.int64(0), np.int64(0), np.int64(0), np.int64(0), np.int64(0), np.int64(0), np.int64(0), np.int64(0), np.int64(0), np.int64(0), np.int64(0), np.int64(0), np.int64(0), np.int64(0), np.int64(0), np.int64(0), np.int64(0), np.int64(0), np.int64(0), np.int64(0), np.int64(0), np.int64(0), np.int64(0), np.int64(0), np.int64(0), np.int64(0), np.int64(0), np.int64(0), np.int64(0), np.int64(0), np.int64(0), np.int64(0), np.int64(0), np.int64(0), np.int64(6829764), np.int64(8733843), np.int64(8179245), np.int64(7786700), np.int64(9874104), np.int64(14210285), np.int64(14209134), np.int64(14209092), np.int64(14209011), np.int64(14209937), np.int64(6841811), np.int64(0), np.int64(0), np.int64(0), np.int64(0), np.int64(0), np.int64(0), np.int64(0), np.int64(0), np.int64(0), np.int64(0), np.int64(0), np.int64(0), np.int64(0), np.int64(0), np.int64(0), np.int64(0), np.int64(0), np.int64(0), np.int64(0), np.int64(0), np.int64(0), np.int64(0), np.int64(3810755), np.int64(14208902), np.int64(13937646), np.int64(9400619), np.int64(8839950), np.int64(8281097), np.int64(8334633), np.int64(7691501), np.int64(14208546), np.int64(14207136), np.int64(14206942), np.int64(1406963), np.int64(0), np.int64(7717304), np.int64(11197776), np.int64(10343567), np.int64(8620226), np.int64(8390564), np.int64(6638820), np.int64(6952237), np.int64(11321707), np.int64(5998045), np.int64(0), np.int64(0), np.int64(0), np.int64(0), np.int64(0), np.int64(0), np.int64(0), np.int64(0), np.int64(0), np.int64(0), np.int64(0), np.int64(0), np.int64(0), np.int64(0), np.int64(0), np.int64(0), np.int64(0), np.int64(0), np.int64(0), np.int64(0), np.int64(0), np.int64(0), np.int64(0), np.int64(0), np.int64(0), np.int64(0), np.int64(0), np.int64(0), np.int64(0), np.int64(0), np.int64(0), np.int64(0), np.int64(0), np.int64(0), np.int64(0), np.int64(0), np.int64(0), np.int64(0), np.int64(0)]
INFO:cooler._reduce:records consumed: [np.int64(0), np.int64(0), np.int64(0), np.int64(0), np.int64(0), np.int64(0), np.int64(0), np.int64(0), np.int64(0), np.int64(0), np.int64(0), np.int64(0), np.int64(0), np.int64(0), np.int64(0), np.int64(0), np.int64(0), np.int64(0), np.int64(0), np.int64(0), np.int64(0), np.int64(0), np.int64(0), np.int64(0), np.int64(0), np.int64(0), np.int64(0), np.int64(0), np.int64(0), np.int64(0), np.int64(0), np.int64(0), np.int64(0), np.int64(0), np.int64(0), np.int64(0), np.int64(0), np.int64(0), np.int64(0), np.int64(0), np.int64(0), np.int64(0), np.int64(0), np.int64(0), np.int64(0), np.int64(0), np.int64(0), np.int64(0), np.int64(6829764), np.int64(8733843), np.int64(8179245), np.int64(7786700), np.int64(9874104), np.int64(14210285), np.int64(14209134), np.int64(14209092), np.int64(14209011), np.int64(14209937), np.int64(6841811), np.int64(0), np.int64(0), np.int64(0), np.int64(0), np.int64(0), np.int64(0), np.int64(0), np.int64(0), np.int64(0), np.int64(0), np.int64(0), np.int64(0), np.int64(0), np.int64(0), np.int64(0), np.int64(0), np.int64(0), np.int64(0), np.int64(0), np.int64(0), np.int64(0), np.int64(0), np.int64(3810755), np.int64(14208902), np.int64(13937646), np.int64(9400619), np.int64(8839950), np.int64(8281097), np.int64(8334633), np.int64(7691501), np.int64(14208546), np.int64(14207136), np.int64(14206942), np.int64(1406963), np.int64(0), np.int64(9087987), np.int64(13973438), np.int64(11729826), np.int64(8620226), np.int64(8390564), np.int64(7801074), np.int64(10464771), np.int64(14005853), np.int64(8106576), np.int64(0), np.int64(0), np.int64(0), np.int64(0), np.int64(0), np.int64(0), np.int64(0), np.int64(0), np.int64(0), np.int64(0), np.int64(0), np.int64(0), np.int64(0), np.int64(0), np.int64(0), np.int64(0), np.int64(0), np.int64(0), np.int64(0), np.int64(0), np.int64(0), np.int64(0), np.int64(0), np.int64(0), np.int64(0), np.int64(0), np.int64(0), np.int64(0), np.int64(0), np.int64(0), np.int64(0), np.int64(0), np.int64(0), np.int64(0), np.int64(0), np.int64(0), np.int64(0), np.int64(0), np.int64(0)]
INFO:cooler._reduce:records consumed: [np.int64(0), np.int64(0), np.int64(0), np.int64(0), np.int64(0), np.int64(0), np.int64(0), np.int64(0), np.int64(0), np.int64(0), np.int64(0), np.int64(0), np.int64(0), np.int64(0), np.int64(0), np.int64(0), np.int64(0), np.int64(0), np.int64(0), np.int64(0), np.int64(0), np.int64(0), np.int64(0), np.int64(0), np.int64(0), np.int64(0), np.int64(0), np.int64(0), np.int64(0), np.int64(0), np.int64(0), np.int64(0), np.int64(0), np.int64(0), np.int64(0), np.int64(0), np.int64(0), np.int64(0), np.int64(0), np.int64(0), np.int64(0), np.int64(0), np.int64(0), np.int64(0), np.int64(0), np.int64(0), np.int64(0), np.int64(0), np.int64(6829764), np.int64(8733843), np.int64(8179245), np.int64(7786700), np.int64(9874104), np.int64(14210285), np.int64(14209134), np.int64(14209092), np.int64(14209011), np.int64(14209937), np.int64(6841811), np.int64(0), np.int64(0), np.int64(0), np.int64(0), np.int64(0), np.int64(0), np.int64(0), np.int64(0), np.int64(0), np.int64(0), np.int64(0), np.int64(0), np.int64(0), np.int64(0), np.int64(0), np.int64(0), np.int64(0), np.int64(0), np.int64(0), np.int64(0), np.int64(0), np.int64(0), np.int64(3810755), np.int64(14208902), np.int64(13937646), np.int64(9400619), np.int64(8839950), np.int64(8281097), np.int64(8334633), np.int64(7691501), np.int64(14208546), np.int64(14207136), np.int64(14206942), np.int64(1406963), np.int64(0), np.int64(9205992), np.int64(14207727), np.int64(11945569), np.int64(8620226), np.int64(8390564), np.int64(7801074), np.int64(10681474), np.int64(14207347), np.int64(9496477), np.int64(2303476), np.int64(3884432), np.int64(2729435), np.int64(0), np.int64(0), np.int64(1316324), np.int64(2387483), np.int64(3147), np.int64(0), np.int64(0), np.int64(0), np.int64(0), np.int64(0), np.int64(0), np.int64(0), np.int64(0), np.int64(0), np.int64(0), np.int64(0), np.int64(0), np.int64(0), np.int64(0), np.int64(0), np.int64(0), np.int64(0), np.int64(0), np.int64(0), np.int64(0), np.int64(0), np.int64(0), np.int64(0), np.int64(0), np.int64(0), np.int64(0), np.int64(0), np.int64(0), np.int64(0), np.int64(0), np.int64(0)]
INFO:cooler._reduce:records consumed: [np.int64(0), np.int64(0), np.int64(0), np.int64(0), np.int64(0), np.int64(0), np.int64(0), np.int64(0), np.int64(0), np.int64(0), np.int64(0), np.int64(0), np.int64(0), np.int64(0), np.int64(0), np.int64(0), np.int64(0), np.int64(0), np.int64(0), np.int64(0), np.int64(0), np.int64(0), np.int64(0), np.int64(0), np.int64(0), np.int64(0), np.int64(0), np.int64(0), np.int64(0), np.int64(0), np.int64(0), np.int64(0), np.int64(0), np.int64(0), np.int64(0), np.int64(0), np.int64(0), np.int64(0), np.int64(0), np.int64(0), np.int64(0), np.int64(0), np.int64(0), np.int64(0), np.int64(0), np.int64(0), np.int64(0), np.int64(0), np.int64(6829764), np.int64(8733843), np.int64(8179245), np.int64(7786700), np.int64(9874104), np.int64(14210285), np.int64(14209134), np.int64(14209092), np.int64(14209011), np.int64(14209937), np.int64(6841811), np.int64(0), np.int64(0), np.int64(0), np.int64(0), np.int64(0), np.int64(0), np.int64(0), np.int64(0), np.int64(0), np.int64(0), np.int64(0), np.int64(0), np.int64(0), np.int64(0), np.int64(0), np.int64(0), np.int64(0), np.int64(0), np.int64(0), np.int64(0), np.int64(0), np.int64(0), np.int64(3810755), np.int64(14208902), np.int64(13937646), np.int64(9400619), np.int64(8839950), np.int64(8281097), np.int64(8334633), np.int64(7691501), np.int64(14208546), np.int64(14207136), np.int64(14206942), np.int64(1406963), np.int64(0), np.int64(9205992), np.int64(14207727), np.int64(11945569), np.int64(8620226), np.int64(8390564), np.int64(7801074), np.int64(10681474), np.int64(14207347), np.int64(10773050), np.int64(4664117), np.int64(5500437), np.int64(8332339), np.int64(0), np.int64(0), np.int64(2845388), np.int64(4999973), np.int64(5482), np.int64(0), np.int64(0), np.int64(0), np.int64(0), np.int64(0), np.int64(0), np.int64(0), np.int64(0), np.int64(0), np.int64(0), np.int64(0), np.int64(0), np.int64(0), np.int64(0), np.int64(0), np.int64(0), np.int64(0), np.int64(0), np.int64(0), np.int64(0), np.int64(0), np.int64(0), np.int64(0), np.int64(0), np.int64(0), np.int64(0), np.int64(0), np.int64(0), np.int64(0), np.int64(0), np.int64(0)]
INFO:cooler._reduce:records consumed: [np.int64(0), np.int64(0), np.int64(0), np.int64(0), np.int64(0), np.int64(0), np.int64(0), np.int64(0), np.int64(0), np.int64(0), np.int64(0), np.int64(0), np.int64(0), np.int64(0), np.int64(0), np.int64(0), np.int64(0), np.int64(0), np.int64(0), np.int64(0), np.int64(0), np.int64(0), np.int64(0), np.int64(0), np.int64(0), np.int64(0), np.int64(0), np.int64(0), np.int64(0), np.int64(0), np.int64(0), np.int64(0), np.int64(0), np.int64(0), np.int64(0), np.int64(0), np.int64(0), np.int64(0), np.int64(0), np.int64(0), np.int64(0), np.int64(0), np.int64(0), np.int64(0), np.int64(0), np.int64(0), np.int64(0), np.int64(0), np.int64(6829764), np.int64(8733843), np.int64(8179245), np.int64(7786700), np.int64(9874104), np.int64(14210285), np.int64(14209134), np.int64(14209092), np.int64(14209011), np.int64(14209937), np.int64(6841811), np.int64(0), np.int64(0), np.int64(0), np.int64(0), np.int64(0), np.int64(0), np.int64(0), np.int64(0), np.int64(0), np.int64(0), np.int64(0), np.int64(0), np.int64(0), np.int64(0), np.int64(0), np.int64(0), np.int64(0), np.int64(0), np.int64(0), np.int64(0), np.int64(0), np.int64(0), np.int64(3810755), np.int64(14208902), np.int64(13937646), np.int64(9400619), np.int64(8839950), np.int64(8281097), np.int64(8334633), np.int64(7691501), np.int64(14208546), np.int64(14207136), np.int64(14206942), np.int64(1406963), np.int64(0), np.int64(9205992), np.int64(14207727), np.int64(11945569), np.int64(8620226), np.int64(8390564), np.int64(7801074), np.int64(10681474), np.int64(14207347), np.int64(11976366), np.int64(6653768), np.int64(7233228), np.int64(8661642), np.int64(5718559), np.int64(0), np.int64(4370979), np.int64(7484454), np.int64(21906), np.int64(0), np.int64(0), np.int64(0), np.int64(0), np.int64(0), np.int64(0), np.int64(0), np.int64(0), np.int64(0), np.int64(0), np.int64(0), np.int64(0), np.int64(0), np.int64(0), np.int64(0), np.int64(0), np.int64(0), np.int64(0), np.int64(0), np.int64(0), np.int64(0), np.int64(0), np.int64(0), np.int64(0), np.int64(0), np.int64(0), np.int64(0), np.int64(0), np.int64(0), np.int64(0), np.int64(0)]
INFO:cooler._reduce:records consumed: [np.int64(0), np.int64(0), np.int64(0), np.int64(0), np.int64(0), np.int64(0), np.int64(0), np.int64(0), np.int64(0), np.int64(0), np.int64(0), np.int64(0), np.int64(0), np.int64(0), np.int64(0), np.int64(0), np.int64(0), np.int64(0), np.int64(0), np.int64(0), np.int64(0), np.int64(0), np.int64(0), np.int64(0), np.int64(0), np.int64(0), np.int64(0), np.int64(0), np.int64(0), np.int64(0), np.int64(0), np.int64(0), np.int64(0), np.int64(0), np.int64(0), np.int64(0), np.int64(0), np.int64(0), np.int64(0), np.int64(0), np.int64(0), np.int64(0), np.int64(0), np.int64(0), np.int64(0), np.int64(0), np.int64(0), np.int64(0), np.int64(6829764), np.int64(8733843), np.int64(8179245), np.int64(7786700), np.int64(9874104), np.int64(14210285), np.int64(14209134), np.int64(14209092), np.int64(14209011), np.int64(14209937), np.int64(6841811), np.int64(0), np.int64(0), np.int64(0), np.int64(0), np.int64(0), np.int64(0), np.int64(0), np.int64(0), np.int64(0), np.int64(0), np.int64(0), np.int64(0), np.int64(0), np.int64(0), np.int64(0), np.int64(0), np.int64(0), np.int64(0), np.int64(0), np.int64(0), np.int64(0), np.int64(0), np.int64(3810755), np.int64(14208902), np.int64(13937646), np.int64(9400619), np.int64(8839950), np.int64(8281097), np.int64(8334633), np.int64(7691501), np.int64(14208546), np.int64(14207136), np.int64(14206942), np.int64(1406963), np.int64(0), np.int64(9205992), np.int64(14207727), np.int64(11945569), np.int64(8620226), np.int64(8390564), np.int64(7801074), np.int64(10681474), np.int64(14207347), np.int64(12803533), np.int64(9115662), np.int64(9036512), np.int64(8661642), np.int64(8638283), np.int64(2733348), np.int64(6018669), np.int64(9488099), np.int64(625417), np.int64(0), np.int64(0), np.int64(0), np.int64(0), np.int64(0), np.int64(0), np.int64(0), np.int64(0), np.int64(0), np.int64(0), np.int64(0), np.int64(0), np.int64(0), np.int64(0), np.int64(0), np.int64(0), np.int64(0), np.int64(0), np.int64(0), np.int64(0), np.int64(0), np.int64(0), np.int64(0), np.int64(0), np.int64(0), np.int64(0), np.int64(0), np.int64(0), np.int64(0), np.int64(0), np.int64(0)]
INFO:cooler._reduce:records consumed: [np.int64(0), np.int64(0), np.int64(0), np.int64(0), np.int64(0), np.int64(0), np.int64(0), np.int64(0), np.int64(0), np.int64(0), np.int64(0), np.int64(0), np.int64(0), np.int64(0), np.int64(0), np.int64(0), np.int64(0), np.int64(0), np.int64(0), np.int64(0), np.int64(0), np.int64(0), np.int64(0), np.int64(0), np.int64(0), np.int64(0), np.int64(0), np.int64(0), np.int64(0), np.int64(0), np.int64(0), np.int64(0), np.int64(0), np.int64(0), np.int64(0), np.int64(0), np.int64(0), np.int64(0), np.int64(0), np.int64(0), np.int64(0), np.int64(0), np.int64(0), np.int64(0), np.int64(0), np.int64(0), np.int64(0), np.int64(0), np.int64(6829764), np.int64(8733843), np.int64(8179245), np.int64(7786700), np.int64(9874104), np.int64(14210285), np.int64(14209134), np.int64(14209092), np.int64(14209011), np.int64(14209937), np.int64(6841811), np.int64(0), np.int64(0), np.int64(0), np.int64(0), np.int64(0), np.int64(0), np.int64(0), np.int64(0), np.int64(0), np.int64(0), np.int64(0), np.int64(0), np.int64(0), np.int64(0), np.int64(0), np.int64(0), np.int64(0), np.int64(0), np.int64(0), np.int64(0), np.int64(0), np.int64(0), np.int64(3810755), np.int64(14208902), np.int64(13937646), np.int64(9400619), np.int64(8839950), np.int64(8281097), np.int64(8334633), np.int64(7691501), np.int64(14208546), np.int64(14207136), np.int64(14206942), np.int64(1406963), np.int64(0), np.int64(9205992), np.int64(14207727), np.int64(11945569), np.int64(8620226), np.int64(8390564), np.int64(7801074), np.int64(10681474), np.int64(14207347), np.int64(13549822), np.int64(11896743), np.int64(10965171), np.int64(8661642), np.int64(8638283), np.int64(7698526), np.int64(7747958), np.int64(11670434), np.int64(1292997), np.int64(0), np.int64(0), np.int64(0), np.int64(0), np.int64(0), np.int64(0), np.int64(0), np.int64(0), np.int64(0), np.int64(0), np.int64(0), np.int64(0), np.int64(0), np.int64(0), np.int64(0), np.int64(0), np.int64(0), np.int64(0), np.int64(0), np.int64(0), np.int64(0), np.int64(0), np.int64(0), np.int64(0), np.int64(0), np.int64(0), np.int64(0), np.int64(0), np.int64(0), np.int64(0), np.int64(0)]
INFO:cooler._reduce:records consumed: [np.int64(0), np.int64(0), np.int64(0), np.int64(0), np.int64(0), np.int64(0), np.int64(0), np.int64(0), np.int64(0), np.int64(0), np.int64(0), np.int64(0), np.int64(0), np.int64(0), np.int64(0), np.int64(0), np.int64(0), np.int64(0), np.int64(0), np.int64(0), np.int64(0), np.int64(0), np.int64(0), np.int64(0), np.int64(0), np.int64(0), np.int64(0), np.int64(0), np.int64(0), np.int64(0), np.int64(0), np.int64(0), np.int64(0), np.int64(0), np.int64(0), np.int64(0), np.int64(0), np.int64(0), np.int64(0), np.int64(0), np.int64(0), np.int64(0), np.int64(0), np.int64(0), np.int64(0), np.int64(0), np.int64(0), np.int64(0), np.int64(6829764), np.int64(8733843), np.int64(8179245), np.int64(7786700), np.int64(9874104), np.int64(14210285), np.int64(14209134), np.int64(14209092), np.int64(14209011), np.int64(14209937), np.int64(6841811), np.int64(0), np.int64(0), np.int64(0), np.int64(0), np.int64(0), np.int64(0), np.int64(0), np.int64(0), np.int64(0), np.int64(0), np.int64(0), np.int64(0), np.int64(0), np.int64(0), np.int64(0), np.int64(0), np.int64(0), np.int64(0), np.int64(0), np.int64(0), np.int64(0), np.int64(0), np.int64(3810755), np.int64(14208902), np.int64(13937646), np.int64(9400619), np.int64(8839950), np.int64(8281097), np.int64(8334633), np.int64(7691501), np.int64(14208546), np.int64(14207136), np.int64(14206942), np.int64(1406963), np.int64(0), np.int64(9205992), np.int64(14207727), np.int64(11945569), np.int64(8620226), np.int64(8390564), np.int64(7801074), np.int64(10681474), np.int64(14207347), np.int64(14202612), np.int64(14211650), np.int64(12583376), np.int64(8661642), np.int64(8638283), np.int64(7727388), np.int64(10904712), np.int64(14209774), np.int64(2558062), np.int64(893764), np.int64(1587094), np.int64(0), np.int64(0), np.int64(391005), np.int64(552538), np.int64(0), np.int64(0), np.int64(0), np.int64(0), np.int64(0), np.int64(0), np.int64(0), np.int64(0), np.int64(0), np.int64(0), np.int64(0), np.int64(0), np.int64(0), np.int64(0), np.int64(0), np.int64(0), np.int64(0), np.int64(0), np.int64(0), np.int64(0), np.int64(0), np.int64(0), np.int64(0), np.int64(0), np.int64(0)]
INFO:cooler._reduce:records consumed: [np.int64(0), np.int64(0), np.int64(0), np.int64(0), np.int64(0), np.int64(0), np.int64(0), np.int64(0), np.int64(0), np.int64(0), np.int64(0), np.int64(0), np.int64(0), np.int64(0), np.int64(0), np.int64(0), np.int64(0), np.int64(0), np.int64(0), np.int64(0), np.int64(0), np.int64(0), np.int64(0), np.int64(0), np.int64(0), np.int64(0), np.int64(0), np.int64(0), np.int64(0), np.int64(0), np.int64(0), np.int64(0), np.int64(0), np.int64(0), np.int64(0), np.int64(0), np.int64(0), np.int64(0), np.int64(0), np.int64(0), np.int64(0), np.int64(0), np.int64(0), np.int64(0), np.int64(0), np.int64(0), np.int64(0), np.int64(0), np.int64(6829764), np.int64(8733843), np.int64(8179245), np.int64(7786700), np.int64(9874104), np.int64(14210285), np.int64(14209134), np.int64(14209092), np.int64(14209011), np.int64(14209937), np.int64(6841811), np.int64(0), np.int64(0), np.int64(0), np.int64(0), np.int64(0), np.int64(0), np.int64(0), np.int64(0), np.int64(0), np.int64(0), np.int64(0), np.int64(0), np.int64(0), np.int64(0), np.int64(0), np.int64(0), np.int64(0), np.int64(0), np.int64(0), np.int64(0), np.int64(0), np.int64(0), np.int64(3810755), np.int64(14208902), np.int64(13937646), np.int64(9400619), np.int64(8839950), np.int64(8281097), np.int64(8334633), np.int64(7691501), np.int64(14208546), np.int64(14207136), np.int64(14206942), np.int64(1406963), np.int64(0), np.int64(9205992), np.int64(14207727), np.int64(11945569), np.int64(8620226), np.int64(8390564), np.int64(7801074), np.int64(10681474), np.int64(14207347), np.int64(14202612), np.int64(14211650), np.int64(12583376), np.int64(8661642), np.int64(8638283), np.int64(7727388), np.int64(10904712), np.int64(14209774), np.int64(5020132), np.int64(3461815), np.int64(7981198), np.int64(130194), np.int64(0), np.int64(1866978), np.int64(2522534), np.int64(0), np.int64(0), np.int64(0), np.int64(0), np.int64(0), np.int64(0), np.int64(0), np.int64(0), np.int64(0), np.int64(0), np.int64(0), np.int64(0), np.int64(0), np.int64(0), np.int64(0), np.int64(0), np.int64(0), np.int64(0), np.int64(0), np.int64(0), np.int64(0), np.int64(0), np.int64(0), np.int64(0), np.int64(0)]
INFO:cooler._reduce:records consumed: [np.int64(0), np.int64(0), np.int64(0), np.int64(0), np.int64(0), np.int64(0), np.int64(0), np.int64(0), np.int64(0), np.int64(0), np.int64(0), np.int64(0), np.int64(0), np.int64(0), np.int64(0), np.int64(0), np.int64(0), np.int64(0), np.int64(0), np.int64(0), np.int64(0), np.int64(0), np.int64(0), np.int64(0), np.int64(0), np.int64(0), np.int64(0), np.int64(0), np.int64(0), np.int64(0), np.int64(0), np.int64(0), np.int64(0), np.int64(0), np.int64(0), np.int64(0), np.int64(0), np.int64(0), np.int64(0), np.int64(0), np.int64(0), np.int64(0), np.int64(0), np.int64(0), np.int64(0), np.int64(0), np.int64(0), np.int64(0), np.int64(6829764), np.int64(8733843), np.int64(8179245), np.int64(7786700), np.int64(9874104), np.int64(14210285), np.int64(14209134), np.int64(14209092), np.int64(14209011), np.int64(14209937), np.int64(6841811), np.int64(0), np.int64(0), np.int64(0), np.int64(0), np.int64(0), np.int64(0), np.int64(0), np.int64(0), np.int64(0), np.int64(0), np.int64(0), np.int64(0), np.int64(0), np.int64(0), np.int64(0), np.int64(0), np.int64(0), np.int64(0), np.int64(0), np.int64(0), np.int64(0), np.int64(0), np.int64(3810755), np.int64(14208902), np.int64(13937646), np.int64(9400619), np.int64(8839950), np.int64(8281097), np.int64(8334633), np.int64(7691501), np.int64(14208546), np.int64(14207136), np.int64(14206942), np.int64(1406963), np.int64(0), np.int64(9205992), np.int64(14207727), np.int64(11945569), np.int64(8620226), np.int64(8390564), np.int64(7801074), np.int64(10681474), np.int64(14207347), np.int64(14202612), np.int64(14211650), np.int64(12583376), np.int64(8661642), np.int64(8638283), np.int64(7727388), np.int64(10904712), np.int64(14209774), np.int64(7486775), np.int64(6026481), np.int64(8368408), np.int64(6279541), np.int64(0), np.int64(2909728), np.int64(4912180), np.int64(0), np.int64(0), np.int64(0), np.int64(0), np.int64(0), np.int64(0), np.int64(0), np.int64(0), np.int64(0), np.int64(0), np.int64(0), np.int64(0), np.int64(0), np.int64(0), np.int64(0), np.int64(0), np.int64(0), np.int64(0), np.int64(0), np.int64(0), np.int64(0), np.int64(0), np.int64(0), np.int64(0), np.int64(0)]
INFO:cooler._reduce:records consumed: [np.int64(0), np.int64(0), np.int64(0), np.int64(0), np.int64(0), np.int64(0), np.int64(0), np.int64(0), np.int64(0), np.int64(0), np.int64(0), np.int64(0), np.int64(0), np.int64(0), np.int64(0), np.int64(0), np.int64(0), np.int64(0), np.int64(0), np.int64(0), np.int64(0), np.int64(0), np.int64(0), np.int64(0), np.int64(0), np.int64(0), np.int64(0), np.int64(0), np.int64(0), np.int64(0), np.int64(0), np.int64(0), np.int64(0), np.int64(0), np.int64(0), np.int64(0), np.int64(0), np.int64(0), np.int64(0), np.int64(0), np.int64(0), np.int64(0), np.int64(0), np.int64(0), np.int64(0), np.int64(0), np.int64(0), np.int64(0), np.int64(6829764), np.int64(8733843), np.int64(8179245), np.int64(7786700), np.int64(9874104), np.int64(14210285), np.int64(14209134), np.int64(14209092), np.int64(14209011), np.int64(14209937), np.int64(6841811), np.int64(0), np.int64(0), np.int64(0), np.int64(0), np.int64(0), np.int64(0), np.int64(0), np.int64(0), np.int64(0), np.int64(0), np.int64(0), np.int64(0), np.int64(0), np.int64(0), np.int64(0), np.int64(0), np.int64(0), np.int64(0), np.int64(0), np.int64(0), np.int64(0), np.int64(0), np.int64(3810755), np.int64(14208902), np.int64(13937646), np.int64(9400619), np.int64(8839950), np.int64(8281097), np.int64(8334633), np.int64(7691501), np.int64(14208546), np.int64(14207136), np.int64(14206942), np.int64(1406963), np.int64(0), np.int64(9205992), np.int64(14207727), np.int64(11945569), np.int64(8620226), np.int64(8390564), np.int64(7801074), np.int64(10681474), np.int64(14207347), np.int64(14202612), np.int64(14211650), np.int64(12583376), np.int64(8661642), np.int64(8638283), np.int64(7727388), np.int64(10904712), np.int64(14209774), np.int64(10007075), np.int64(8404998), np.int64(8709500), np.int64(8641212), np.int64(3853931), np.int64(3771147), np.int64(7595344), np.int64(0), np.int64(0), np.int64(0), np.int64(0), np.int64(0), np.int64(0), np.int64(0), np.int64(0), np.int64(0), np.int64(0), np.int64(0), np.int64(0), np.int64(0), np.int64(0), np.int64(0), np.int64(0), np.int64(0), np.int64(0), np.int64(0), np.int64(0), np.int64(0), np.int64(0), np.int64(0), np.int64(0), np.int64(0)]
INFO:cooler._reduce:records consumed: [np.int64(0), np.int64(0), np.int64(0), np.int64(0), np.int64(0), np.int64(0), np.int64(0), np.int64(0), np.int64(0), np.int64(0), np.int64(0), np.int64(0), np.int64(0), np.int64(0), np.int64(0), np.int64(0), np.int64(0), np.int64(0), np.int64(0), np.int64(0), np.int64(0), np.int64(0), np.int64(0), np.int64(0), np.int64(0), np.int64(0), np.int64(0), np.int64(0), np.int64(0), np.int64(0), np.int64(0), np.int64(0), np.int64(0), np.int64(0), np.int64(0), np.int64(0), np.int64(0), np.int64(0), np.int64(0), np.int64(0), np.int64(0), np.int64(0), np.int64(0), np.int64(0), np.int64(0), np.int64(0), np.int64(0), np.int64(0), np.int64(6829764), np.int64(8733843), np.int64(8179245), np.int64(7786700), np.int64(9874104), np.int64(14210285), np.int64(14209134), np.int64(14209092), np.int64(14209011), np.int64(14209937), np.int64(6841811), np.int64(0), np.int64(0), np.int64(0), np.int64(0), np.int64(0), np.int64(0), np.int64(0), np.int64(0), np.int64(0), np.int64(0), np.int64(0), np.int64(0), np.int64(0), np.int64(0), np.int64(0), np.int64(0), np.int64(0), np.int64(0), np.int64(0), np.int64(0), np.int64(0), np.int64(0), np.int64(3810755), np.int64(14208902), np.int64(13937646), np.int64(9400619), np.int64(8839950), np.int64(8281097), np.int64(8334633), np.int64(7691501), np.int64(14208546), np.int64(14207136), np.int64(14206942), np.int64(1406963), np.int64(0), np.int64(9205992), np.int64(14207727), np.int64(11945569), np.int64(8620226), np.int64(8390564), np.int64(7801074), np.int64(10681474), np.int64(14207347), np.int64(14202612), np.int64(14211650), np.int64(12583376), np.int64(8661642), np.int64(8638283), np.int64(7727388), np.int64(10904712), np.int64(14209774), np.int64(12394028), np.int64(11409886), np.int64(9091738), np.int64(8641212), np.int64(8085650), np.int64(5899625), np.int64(10461086), np.int64(0), np.int64(0), np.int64(0), np.int64(0), np.int64(0), np.int64(0), np.int64(0), np.int64(0), np.int64(0), np.int64(0), np.int64(0), np.int64(0), np.int64(0), np.int64(0), np.int64(0), np.int64(0), np.int64(0), np.int64(0), np.int64(0), np.int64(0), np.int64(0), np.int64(0), np.int64(0), np.int64(0), np.int64(0)]
INFO:cooler._reduce:records consumed: [np.int64(0), np.int64(0), np.int64(0), np.int64(0), np.int64(0), np.int64(0), np.int64(0), np.int64(0), np.int64(0), np.int64(0), np.int64(0), np.int64(0), np.int64(0), np.int64(0), np.int64(0), np.int64(0), np.int64(0), np.int64(0), np.int64(0), np.int64(0), np.int64(0), np.int64(0), np.int64(0), np.int64(0), np.int64(0), np.int64(0), np.int64(0), np.int64(0), np.int64(0), np.int64(0), np.int64(0), np.int64(0), np.int64(0), np.int64(0), np.int64(0), np.int64(0), np.int64(0), np.int64(0), np.int64(0), np.int64(0), np.int64(0), np.int64(0), np.int64(0), np.int64(0), np.int64(0), np.int64(0), np.int64(0), np.int64(0), np.int64(6829764), np.int64(8733843), np.int64(8179245), np.int64(7786700), np.int64(9874104), np.int64(14210285), np.int64(14209134), np.int64(14209092), np.int64(14209011), np.int64(14209937), np.int64(6841811), np.int64(0), np.int64(0), np.int64(0), np.int64(0), np.int64(0), np.int64(0), np.int64(0), np.int64(0), np.int64(0), np.int64(0), np.int64(0), np.int64(0), np.int64(0), np.int64(0), np.int64(0), np.int64(0), np.int64(0), np.int64(0), np.int64(0), np.int64(0), np.int64(0), np.int64(0), np.int64(3810755), np.int64(14208902), np.int64(13937646), np.int64(9400619), np.int64(8839950), np.int64(8281097), np.int64(8334633), np.int64(7691501), np.int64(14208546), np.int64(14207136), np.int64(14206942), np.int64(1406963), np.int64(0), np.int64(9205992), np.int64(14207727), np.int64(11945569), np.int64(8620226), np.int64(8390564), np.int64(7801074), np.int64(10681474), np.int64(14207347), np.int64(14202612), np.int64(14211650), np.int64(12583376), np.int64(8661642), np.int64(8638283), np.int64(7727388), np.int64(10904712), np.int64(14209774), np.int64(14210160), np.int64(14212611), np.int64(9468613), np.int64(8641212), np.int64(8085650), np.int64(9352757), np.int64(13063641), np.int64(723493), np.int64(2441494), np.int64(46427), np.int64(0), np.int64(0), np.int64(736299), np.int64(1268), np.int64(0), np.int64(0), np.int64(0), np.int64(0), np.int64(0), np.int64(0), np.int64(0), np.int64(0), np.int64(0), np.int64(0), np.int64(0), np.int64(0), np.int64(0), np.int64(0), np.int64(0), np.int64(0), np.int64(0), np.int64(0)]
INFO:cooler._reduce:records consumed: [np.int64(0), np.int64(0), np.int64(0), np.int64(0), np.int64(0), np.int64(0), np.int64(0), np.int64(0), np.int64(0), np.int64(0), np.int64(0), np.int64(0), np.int64(0), np.int64(0), np.int64(0), np.int64(0), np.int64(0), np.int64(0), np.int64(0), np.int64(0), np.int64(0), np.int64(0), np.int64(0), np.int64(0), np.int64(0), np.int64(0), np.int64(0), np.int64(0), np.int64(0), np.int64(0), np.int64(0), np.int64(0), np.int64(0), np.int64(0), np.int64(0), np.int64(0), np.int64(0), np.int64(0), np.int64(0), np.int64(0), np.int64(0), np.int64(0), np.int64(0), np.int64(0), np.int64(0), np.int64(0), np.int64(0), np.int64(0), np.int64(6829764), np.int64(8733843), np.int64(8179245), np.int64(7786700), np.int64(9874104), np.int64(14210285), np.int64(14209134), np.int64(14209092), np.int64(14209011), np.int64(14209937), np.int64(6841811), np.int64(0), np.int64(0), np.int64(0), np.int64(0), np.int64(0), np.int64(0), np.int64(0), np.int64(0), np.int64(0), np.int64(0), np.int64(0), np.int64(0), np.int64(0), np.int64(0), np.int64(0), np.int64(0), np.int64(0), np.int64(0), np.int64(0), np.int64(0), np.int64(0), np.int64(0), np.int64(3810755), np.int64(14208902), np.int64(13937646), np.int64(9400619), np.int64(8839950), np.int64(8281097), np.int64(8334633), np.int64(7691501), np.int64(14208546), np.int64(14207136), np.int64(14206942), np.int64(1406963), np.int64(0), np.int64(9205992), np.int64(14207727), np.int64(11945569), np.int64(8620226), np.int64(8390564), np.int64(7801074), np.int64(10681474), np.int64(14207347), np.int64(14202612), np.int64(14211650), np.int64(12583376), np.int64(8661642), np.int64(8638283), np.int64(7727388), np.int64(10904712), np.int64(14209774), np.int64(14210160), np.int64(14212611), np.int64(9468613), np.int64(8641212), np.int64(8085650), np.int64(9352757), np.int64(13777467), np.int64(3612019), np.int64(5058369), np.int64(6001890), np.int64(0), np.int64(0), np.int64(3557984), np.int64(5030), np.int64(0), np.int64(0), np.int64(0), np.int64(0), np.int64(0), np.int64(0), np.int64(0), np.int64(0), np.int64(0), np.int64(0), np.int64(0), np.int64(0), np.int64(0), np.int64(0), np.int64(0), np.int64(0), np.int64(0), np.int64(0)]
INFO:cooler._reduce:records consumed: [np.int64(0), np.int64(0), np.int64(0), np.int64(0), np.int64(0), np.int64(0), np.int64(0), np.int64(0), np.int64(0), np.int64(0), np.int64(0), np.int64(0), np.int64(0), np.int64(0), np.int64(0), np.int64(0), np.int64(0), np.int64(0), np.int64(0), np.int64(0), np.int64(0), np.int64(0), np.int64(0), np.int64(0), np.int64(0), np.int64(0), np.int64(0), np.int64(0), np.int64(0), np.int64(0), np.int64(0), np.int64(0), np.int64(0), np.int64(0), np.int64(0), np.int64(0), np.int64(0), np.int64(0), np.int64(0), np.int64(0), np.int64(0), np.int64(0), np.int64(0), np.int64(0), np.int64(0), np.int64(0), np.int64(0), np.int64(0), np.int64(6829764), np.int64(8733843), np.int64(8179245), np.int64(7786700), np.int64(9874104), np.int64(14210285), np.int64(14209134), np.int64(14209092), np.int64(14209011), np.int64(14209937), np.int64(6841811), np.int64(0), np.int64(0), np.int64(0), np.int64(0), np.int64(0), np.int64(0), np.int64(0), np.int64(0), np.int64(0), np.int64(0), np.int64(0), np.int64(0), np.int64(0), np.int64(0), np.int64(0), np.int64(0), np.int64(0), np.int64(0), np.int64(0), np.int64(0), np.int64(0), np.int64(0), np.int64(3810755), np.int64(14208902), np.int64(13937646), np.int64(9400619), np.int64(8839950), np.int64(8281097), np.int64(8334633), np.int64(7691501), np.int64(14208546), np.int64(14207136), np.int64(14206942), np.int64(1406963), np.int64(0), np.int64(9205992), np.int64(14207727), np.int64(11945569), np.int64(8620226), np.int64(8390564), np.int64(7801074), np.int64(10681474), np.int64(14207347), np.int64(14202612), np.int64(14211650), np.int64(12583376), np.int64(8661642), np.int64(8638283), np.int64(7727388), np.int64(10904712), np.int64(14209774), np.int64(14210160), np.int64(14212611), np.int64(9468613), np.int64(8641212), np.int64(8085650), np.int64(9352757), np.int64(14210792), np.int64(6613019), np.int64(7357289), np.int64(8267043), np.int64(3976528), np.int64(0), np.int64(6580418), np.int64(7959), np.int64(0), np.int64(0), np.int64(0), np.int64(0), np.int64(0), np.int64(0), np.int64(0), np.int64(0), np.int64(0), np.int64(0), np.int64(0), np.int64(0), np.int64(0), np.int64(0), np.int64(0), np.int64(0), np.int64(0), np.int64(0)]
INFO:cooler._reduce:records consumed: [np.int64(0), np.int64(0), np.int64(0), np.int64(0), np.int64(0), np.int64(0), np.int64(0), np.int64(0), np.int64(0), np.int64(0), np.int64(0), np.int64(0), np.int64(0), np.int64(0), np.int64(0), np.int64(0), np.int64(0), np.int64(0), np.int64(0), np.int64(0), np.int64(0), np.int64(0), np.int64(0), np.int64(0), np.int64(0), np.int64(0), np.int64(0), np.int64(0), np.int64(0), np.int64(0), np.int64(0), np.int64(0), np.int64(0), np.int64(0), np.int64(0), np.int64(0), np.int64(0), np.int64(0), np.int64(0), np.int64(0), np.int64(0), np.int64(0), np.int64(0), np.int64(0), np.int64(0), np.int64(0), np.int64(0), np.int64(0), np.int64(6829764), np.int64(8733843), np.int64(8179245), np.int64(7786700), np.int64(9874104), np.int64(14210285), np.int64(14209134), np.int64(14209092), np.int64(14209011), np.int64(14209937), np.int64(6841811), np.int64(0), np.int64(0), np.int64(0), np.int64(0), np.int64(0), np.int64(0), np.int64(0), np.int64(0), np.int64(0), np.int64(0), np.int64(0), np.int64(0), np.int64(0), np.int64(0), np.int64(0), np.int64(0), np.int64(0), np.int64(0), np.int64(0), np.int64(0), np.int64(0), np.int64(0), np.int64(3810755), np.int64(14208902), np.int64(13937646), np.int64(9400619), np.int64(8839950), np.int64(8281097), np.int64(8334633), np.int64(7691501), np.int64(14208546), np.int64(14207136), np.int64(14206942), np.int64(1406963), np.int64(0), np.int64(9205992), np.int64(14207727), np.int64(11945569), np.int64(8620226), np.int64(8390564), np.int64(7801074), np.int64(10681474), np.int64(14207347), np.int64(14202612), np.int64(14211650), np.int64(12583376), np.int64(8661642), np.int64(8638283), np.int64(7727388), np.int64(10904712), np.int64(14209774), np.int64(14210160), np.int64(14212611), np.int64(9468613), np.int64(8641212), np.int64(8085650), np.int64(9352757), np.int64(14210792), np.int64(9778676), np.int64(9789520), np.int64(8267043), np.int64(8569297), np.int64(1876363), np.int64(9510773), np.int64(10804), np.int64(0), np.int64(0), np.int64(0), np.int64(0), np.int64(0), np.int64(0), np.int64(0), np.int64(0), np.int64(0), np.int64(0), np.int64(0), np.int64(0), np.int64(0), np.int64(0), np.int64(0), np.int64(0), np.int64(0), np.int64(0)]
INFO:cooler._reduce:records consumed: [np.int64(0), np.int64(0), np.int64(0), np.int64(0), np.int64(0), np.int64(0), np.int64(0), np.int64(0), np.int64(0), np.int64(0), np.int64(0), np.int64(0), np.int64(0), np.int64(0), np.int64(0), np.int64(0), np.int64(0), np.int64(0), np.int64(0), np.int64(0), np.int64(0), np.int64(0), np.int64(0), np.int64(0), np.int64(0), np.int64(0), np.int64(0), np.int64(0), np.int64(0), np.int64(0), np.int64(0), np.int64(0), np.int64(0), np.int64(0), np.int64(0), np.int64(0), np.int64(0), np.int64(0), np.int64(0), np.int64(0), np.int64(0), np.int64(0), np.int64(0), np.int64(0), np.int64(0), np.int64(0), np.int64(0), np.int64(0), np.int64(6829764), np.int64(8733843), np.int64(8179245), np.int64(7786700), np.int64(9874104), np.int64(14210285), np.int64(14209134), np.int64(14209092), np.int64(14209011), np.int64(14209937), np.int64(6841811), np.int64(0), np.int64(0), np.int64(0), np.int64(0), np.int64(0), np.int64(0), np.int64(0), np.int64(0), np.int64(0), np.int64(0), np.int64(0), np.int64(0), np.int64(0), np.int64(0), np.int64(0), np.int64(0), np.int64(0), np.int64(0), np.int64(0), np.int64(0), np.int64(0), np.int64(0), np.int64(3810755), np.int64(14208902), np.int64(13937646), np.int64(9400619), np.int64(8839950), np.int64(8281097), np.int64(8334633), np.int64(7691501), np.int64(14208546), np.int64(14207136), np.int64(14206942), np.int64(1406963), np.int64(0), np.int64(9205992), np.int64(14207727), np.int64(11945569), np.int64(8620226), np.int64(8390564), np.int64(7801074), np.int64(10681474), np.int64(14207347), np.int64(14202612), np.int64(14211650), np.int64(12583376), np.int64(8661642), np.int64(8638283), np.int64(7727388), np.int64(10904712), np.int64(14209774), np.int64(14210160), np.int64(14212611), np.int64(9468613), np.int64(8641212), np.int64(8085650), np.int64(9352757), np.int64(14210792), np.int64(13379151), np.int64(12522765), np.int64(8267043), np.int64(8569297), np.int64(7309731), np.int64(12161936), np.int64(592910), np.int64(0), np.int64(0), np.int64(0), np.int64(0), np.int64(0), np.int64(0), np.int64(0), np.int64(0), np.int64(0), np.int64(0), np.int64(0), np.int64(0), np.int64(0), np.int64(0), np.int64(0), np.int64(0), np.int64(0), np.int64(0)]
INFO:cooler._reduce:records consumed: [np.int64(0), np.int64(0), np.int64(0), np.int64(0), np.int64(0), np.int64(0), np.int64(0), np.int64(0), np.int64(0), np.int64(0), np.int64(0), np.int64(0), np.int64(0), np.int64(0), np.int64(0), np.int64(0), np.int64(0), np.int64(0), np.int64(0), np.int64(0), np.int64(0), np.int64(0), np.int64(0), np.int64(0), np.int64(0), np.int64(0), np.int64(0), np.int64(0), np.int64(0), np.int64(0), np.int64(0), np.int64(0), np.int64(0), np.int64(0), np.int64(0), np.int64(0), np.int64(0), np.int64(0), np.int64(0), np.int64(0), np.int64(0), np.int64(0), np.int64(0), np.int64(0), np.int64(0), np.int64(0), np.int64(0), np.int64(0), np.int64(6829764), np.int64(8733843), np.int64(8179245), np.int64(7786700), np.int64(9874104), np.int64(14210285), np.int64(14209134), np.int64(14209092), np.int64(14209011), np.int64(14209937), np.int64(6841811), np.int64(0), np.int64(0), np.int64(0), np.int64(0), np.int64(0), np.int64(0), np.int64(0), np.int64(0), np.int64(0), np.int64(0), np.int64(0), np.int64(0), np.int64(0), np.int64(0), np.int64(0), np.int64(0), np.int64(0), np.int64(0), np.int64(0), np.int64(0), np.int64(0), np.int64(0), np.int64(3810755), np.int64(14208902), np.int64(13937646), np.int64(9400619), np.int64(8839950), np.int64(8281097), np.int64(8334633), np.int64(7691501), np.int64(14208546), np.int64(14207136), np.int64(14206942), np.int64(1406963), np.int64(0), np.int64(9205992), np.int64(14207727), np.int64(11945569), np.int64(8620226), np.int64(8390564), np.int64(7801074), np.int64(10681474), np.int64(14207347), np.int64(14202612), np.int64(14211650), np.int64(12583376), np.int64(8661642), np.int64(8638283), np.int64(7727388), np.int64(10904712), np.int64(14209774), np.int64(14210160), np.int64(14212611), np.int64(9468613), np.int64(8641212), np.int64(8085650), np.int64(9352757), np.int64(14210792), np.int64(14209016), np.int64(13194703), np.int64(8267043), np.int64(8569297), np.int64(7461704), np.int64(13233543), np.int64(3383501), np.int64(3336765), np.int64(4467431), np.int64(0), np.int64(604898), np.int64(1075465), np.int64(0), np.int64(0), np.int64(0), np.int64(0), np.int64(0), np.int64(0), np.int64(0), np.int64(0), np.int64(0), np.int64(0), np.int64(0), np.int64(0), np.int64(0)]
INFO:cooler._reduce:records consumed: [np.int64(0), np.int64(0), np.int64(0), np.int64(0), np.int64(0), np.int64(0), np.int64(0), np.int64(0), np.int64(0), np.int64(0), np.int64(0), np.int64(0), np.int64(0), np.int64(0), np.int64(0), np.int64(0), np.int64(0), np.int64(0), np.int64(0), np.int64(0), np.int64(0), np.int64(0), np.int64(0), np.int64(0), np.int64(0), np.int64(0), np.int64(0), np.int64(0), np.int64(0), np.int64(0), np.int64(0), np.int64(0), np.int64(0), np.int64(0), np.int64(0), np.int64(0), np.int64(0), np.int64(0), np.int64(0), np.int64(0), np.int64(0), np.int64(0), np.int64(0), np.int64(0), np.int64(0), np.int64(0), np.int64(0), np.int64(0), np.int64(6829764), np.int64(8733843), np.int64(8179245), np.int64(7786700), np.int64(9874104), np.int64(14210285), np.int64(14209134), np.int64(14209092), np.int64(14209011), np.int64(14209937), np.int64(6841811), np.int64(0), np.int64(0), np.int64(0), np.int64(0), np.int64(0), np.int64(0), np.int64(0), np.int64(0), np.int64(0), np.int64(0), np.int64(0), np.int64(0), np.int64(0), np.int64(0), np.int64(0), np.int64(0), np.int64(0), np.int64(0), np.int64(0), np.int64(0), np.int64(0), np.int64(0), np.int64(3810755), np.int64(14208902), np.int64(13937646), np.int64(9400619), np.int64(8839950), np.int64(8281097), np.int64(8334633), np.int64(7691501), np.int64(14208546), np.int64(14207136), np.int64(14206942), np.int64(1406963), np.int64(0), np.int64(9205992), np.int64(14207727), np.int64(11945569), np.int64(8620226), np.int64(8390564), np.int64(7801074), np.int64(10681474), np.int64(14207347), np.int64(14202612), np.int64(14211650), np.int64(12583376), np.int64(8661642), np.int64(8638283), np.int64(7727388), np.int64(10904712), np.int64(14209774), np.int64(14210160), np.int64(14212611), np.int64(9468613), np.int64(8641212), np.int64(8085650), np.int64(9352757), np.int64(14210792), np.int64(14209016), np.int64(13194703), np.int64(8267043), np.int64(8569297), np.int64(7461704), np.int64(13233543), np.int64(6761035), np.int64(6391518), np.int64(8657580), np.int64(2168089), np.int64(1431981), np.int64(2458144), np.int64(0), np.int64(0), np.int64(0), np.int64(0), np.int64(0), np.int64(0), np.int64(0), np.int64(0), np.int64(0), np.int64(0), np.int64(0), np.int64(0), np.int64(0)]
INFO:cooler._reduce:records consumed: [np.int64(0), np.int64(0), np.int64(0), np.int64(0), np.int64(0), np.int64(0), np.int64(0), np.int64(0), np.int64(0), np.int64(0), np.int64(0), np.int64(0), np.int64(0), np.int64(0), np.int64(0), np.int64(0), np.int64(0), np.int64(0), np.int64(0), np.int64(0), np.int64(0), np.int64(0), np.int64(0), np.int64(0), np.int64(0), np.int64(0), np.int64(0), np.int64(0), np.int64(0), np.int64(0), np.int64(0), np.int64(0), np.int64(0), np.int64(0), np.int64(0), np.int64(0), np.int64(0), np.int64(0), np.int64(0), np.int64(0), np.int64(0), np.int64(0), np.int64(0), np.int64(0), np.int64(0), np.int64(0), np.int64(0), np.int64(0), np.int64(6829764), np.int64(8733843), np.int64(8179245), np.int64(7786700), np.int64(9874104), np.int64(14210285), np.int64(14209134), np.int64(14209092), np.int64(14209011), np.int64(14209937), np.int64(6841811), np.int64(0), np.int64(0), np.int64(0), np.int64(0), np.int64(0), np.int64(0), np.int64(0), np.int64(0), np.int64(0), np.int64(0), np.int64(0), np.int64(0), np.int64(0), np.int64(0), np.int64(0), np.int64(0), np.int64(0), np.int64(0), np.int64(0), np.int64(0), np.int64(0), np.int64(0), np.int64(3810755), np.int64(14208902), np.int64(13937646), np.int64(9400619), np.int64(8839950), np.int64(8281097), np.int64(8334633), np.int64(7691501), np.int64(14208546), np.int64(14207136), np.int64(14206942), np.int64(1406963), np.int64(0), np.int64(9205992), np.int64(14207727), np.int64(11945569), np.int64(8620226), np.int64(8390564), np.int64(7801074), np.int64(10681474), np.int64(14207347), np.int64(14202612), np.int64(14211650), np.int64(12583376), np.int64(8661642), np.int64(8638283), np.int64(7727388), np.int64(10904712), np.int64(14209774), np.int64(14210160), np.int64(14212611), np.int64(9468613), np.int64(8641212), np.int64(8085650), np.int64(9352757), np.int64(14210792), np.int64(14209016), np.int64(13194703), np.int64(8267043), np.int64(8569297), np.int64(7461704), np.int64(13233543), np.int64(10261885), np.int64(9423627), np.int64(8657580), np.int64(8212673), np.int64(2424629), np.int64(3888365), np.int64(0), np.int64(0), np.int64(0), np.int64(0), np.int64(0), np.int64(0), np.int64(0), np.int64(0), np.int64(0), np.int64(0), np.int64(0), np.int64(0), np.int64(0)]
INFO:cooler._reduce:records consumed: [np.int64(0), np.int64(0), np.int64(0), np.int64(0), np.int64(0), np.int64(0), np.int64(0), np.int64(0), np.int64(0), np.int64(0), np.int64(0), np.int64(0), np.int64(0), np.int64(0), np.int64(0), np.int64(0), np.int64(0), np.int64(0), np.int64(0), np.int64(0), np.int64(0), np.int64(0), np.int64(0), np.int64(0), np.int64(0), np.int64(0), np.int64(0), np.int64(0), np.int64(0), np.int64(0), np.int64(0), np.int64(0), np.int64(0), np.int64(0), np.int64(0), np.int64(0), np.int64(0), np.int64(0), np.int64(0), np.int64(0), np.int64(0), np.int64(0), np.int64(0), np.int64(0), np.int64(0), np.int64(0), np.int64(0), np.int64(0), np.int64(6829764), np.int64(8733843), np.int64(8179245), np.int64(7786700), np.int64(9874104), np.int64(14210285), np.int64(14209134), np.int64(14209092), np.int64(14209011), np.int64(14209937), np.int64(6841811), np.int64(0), np.int64(0), np.int64(0), np.int64(0), np.int64(0), np.int64(0), np.int64(0), np.int64(0), np.int64(0), np.int64(0), np.int64(0), np.int64(0), np.int64(0), np.int64(0), np.int64(0), np.int64(0), np.int64(0), np.int64(0), np.int64(0), np.int64(0), np.int64(0), np.int64(0), np.int64(3810755), np.int64(14208902), np.int64(13937646), np.int64(9400619), np.int64(8839950), np.int64(8281097), np.int64(8334633), np.int64(7691501), np.int64(14208546), np.int64(14207136), np.int64(14206942), np.int64(1406963), np.int64(0), np.int64(9205992), np.int64(14207727), np.int64(11945569), np.int64(8620226), np.int64(8390564), np.int64(7801074), np.int64(10681474), np.int64(14207347), np.int64(14202612), np.int64(14211650), np.int64(12583376), np.int64(8661642), np.int64(8638283), np.int64(7727388), np.int64(10904712), np.int64(14209774), np.int64(14210160), np.int64(14212611), np.int64(9468613), np.int64(8641212), np.int64(8085650), np.int64(9352757), np.int64(14210792), np.int64(14209016), np.int64(13194703), np.int64(8267043), np.int64(8569297), np.int64(7461704), np.int64(13233543), np.int64(13978911), np.int64(13131367), np.int64(8657580), np.int64(8212673), np.int64(8035590), np.int64(5852735), np.int64(0), np.int64(0), np.int64(0), np.int64(0), np.int64(0), np.int64(0), np.int64(0), np.int64(0), np.int64(0), np.int64(0), np.int64(0), np.int64(0), np.int64(0)]
INFO:cooler._reduce:records consumed: [np.int64(0), np.int64(0), np.int64(0), np.int64(0), np.int64(0), np.int64(0), np.int64(0), np.int64(0), np.int64(0), np.int64(0), np.int64(0), np.int64(0), np.int64(0), np.int64(0), np.int64(0), np.int64(0), np.int64(0), np.int64(0), np.int64(0), np.int64(0), np.int64(0), np.int64(0), np.int64(0), np.int64(0), np.int64(0), np.int64(0), np.int64(0), np.int64(0), np.int64(0), np.int64(0), np.int64(0), np.int64(0), np.int64(0), np.int64(0), np.int64(0), np.int64(0), np.int64(0), np.int64(0), np.int64(0), np.int64(0), np.int64(0), np.int64(0), np.int64(0), np.int64(0), np.int64(0), np.int64(0), np.int64(0), np.int64(0), np.int64(6829764), np.int64(8733843), np.int64(8179245), np.int64(7786700), np.int64(9874104), np.int64(14210285), np.int64(14209134), np.int64(14209092), np.int64(14209011), np.int64(14209937), np.int64(6841811), np.int64(0), np.int64(0), np.int64(0), np.int64(0), np.int64(0), np.int64(0), np.int64(0), np.int64(0), np.int64(0), np.int64(0), np.int64(0), np.int64(0), np.int64(0), np.int64(0), np.int64(0), np.int64(0), np.int64(0), np.int64(0), np.int64(0), np.int64(0), np.int64(0), np.int64(0), np.int64(3810755), np.int64(14208902), np.int64(13937646), np.int64(9400619), np.int64(8839950), np.int64(8281097), np.int64(8334633), np.int64(7691501), np.int64(14208546), np.int64(14207136), np.int64(14206942), np.int64(1406963), np.int64(0), np.int64(9205992), np.int64(14207727), np.int64(11945569), np.int64(8620226), np.int64(8390564), np.int64(7801074), np.int64(10681474), np.int64(14207347), np.int64(14202612), np.int64(14211650), np.int64(12583376), np.int64(8661642), np.int64(8638283), np.int64(7727388), np.int64(10904712), np.int64(14209774), np.int64(14210160), np.int64(14212611), np.int64(9468613), np.int64(8641212), np.int64(8085650), np.int64(9352757), np.int64(14210792), np.int64(14209016), np.int64(13194703), np.int64(8267043), np.int64(8569297), np.int64(7461704), np.int64(13233543), np.int64(14213970), np.int64(13435098), np.int64(8657580), np.int64(8212673), np.int64(8168031), np.int64(6027370), np.int64(0), np.int64(0), np.int64(0), np.int64(0), np.int64(0), np.int64(0), np.int64(0), np.int64(1814880), np.int64(3189791), np.int64(7306593), np.int64(1801485), np.int64(0), np.int64(41414)]
INFO:cooler._reduce:records consumed: [np.int64(0), np.int64(0), np.int64(0), np.int64(0), np.int64(0), np.int64(0), np.int64(0), np.int64(0), np.int64(0), np.int64(0), np.int64(0), np.int64(0), np.int64(0), np.int64(0), np.int64(0), np.int64(0), np.int64(0), np.int64(0), np.int64(0), np.int64(0), np.int64(0), np.int64(0), np.int64(0), np.int64(0), np.int64(0), np.int64(0), np.int64(0), np.int64(0), np.int64(0), np.int64(0), np.int64(0), np.int64(0), np.int64(0), np.int64(0), np.int64(0), np.int64(0), np.int64(0), np.int64(0), np.int64(0), np.int64(0), np.int64(0), np.int64(0), np.int64(0), np.int64(0), np.int64(0), np.int64(0), np.int64(0), np.int64(0), np.int64(6829764), np.int64(8733843), np.int64(8179245), np.int64(7786700), np.int64(9874104), np.int64(14210285), np.int64(14209134), np.int64(14209092), np.int64(14209011), np.int64(14209937), np.int64(6841811), np.int64(0), np.int64(0), np.int64(0), np.int64(0), np.int64(0), np.int64(0), np.int64(0), np.int64(0), np.int64(0), np.int64(0), np.int64(0), np.int64(0), np.int64(0), np.int64(0), np.int64(0), np.int64(0), np.int64(0), np.int64(0), np.int64(0), np.int64(0), np.int64(0), np.int64(0), np.int64(3810755), np.int64(14208902), np.int64(13937646), np.int64(9400619), np.int64(8839950), np.int64(8281097), np.int64(8334633), np.int64(7691501), np.int64(14208546), np.int64(14207136), np.int64(14206942), np.int64(1406963), np.int64(0), np.int64(9205992), np.int64(14207727), np.int64(11945569), np.int64(8620226), np.int64(8390564), np.int64(7801074), np.int64(10681474), np.int64(14207347), np.int64(14202612), np.int64(14211650), np.int64(12583376), np.int64(8661642), np.int64(8638283), np.int64(7727388), np.int64(10904712), np.int64(14209774), np.int64(14210160), np.int64(14212611), np.int64(9468613), np.int64(8641212), np.int64(8085650), np.int64(9352757), np.int64(14210792), np.int64(14209016), np.int64(13194703), np.int64(8267043), np.int64(8569297), np.int64(7461704), np.int64(13233543), np.int64(14213970), np.int64(13435098), np.int64(8657580), np.int64(8212673), np.int64(8168031), np.int64(6027370), np.int64(0), np.int64(0), np.int64(0), np.int64(0), np.int64(0), np.int64(0), np.int64(0), np.int64(3433240), np.int64(7165666), np.int64(8610230), np.int64(9048319), np.int64(831075), np.int64(65668)]
INFO:cooler._reduce:records consumed: [np.int64(0), np.int64(0), np.int64(0), np.int64(0), np.int64(0), np.int64(0), np.int64(0), np.int64(0), np.int64(0), np.int64(0), np.int64(0), np.int64(0), np.int64(0), np.int64(0), np.int64(0), np.int64(0), np.int64(0), np.int64(0), np.int64(0), np.int64(0), np.int64(0), np.int64(0), np.int64(0), np.int64(0), np.int64(0), np.int64(0), np.int64(0), np.int64(0), np.int64(0), np.int64(0), np.int64(0), np.int64(0), np.int64(0), np.int64(0), np.int64(0), np.int64(0), np.int64(0), np.int64(0), np.int64(0), np.int64(0), np.int64(0), np.int64(0), np.int64(0), np.int64(0), np.int64(0), np.int64(0), np.int64(0), np.int64(0), np.int64(6829764), np.int64(8733843), np.int64(8179245), np.int64(7786700), np.int64(9874104), np.int64(14210285), np.int64(14209134), np.int64(14209092), np.int64(14209011), np.int64(14209937), np.int64(6841811), np.int64(0), np.int64(0), np.int64(0), np.int64(0), np.int64(0), np.int64(0), np.int64(0), np.int64(0), np.int64(0), np.int64(0), np.int64(0), np.int64(0), np.int64(0), np.int64(0), np.int64(0), np.int64(0), np.int64(0), np.int64(0), np.int64(0), np.int64(0), np.int64(0), np.int64(0), np.int64(3810755), np.int64(14208902), np.int64(13937646), np.int64(9400619), np.int64(8839950), np.int64(8281097), np.int64(8334633), np.int64(7691501), np.int64(14208546), np.int64(14207136), np.int64(14206942), np.int64(1406963), np.int64(0), np.int64(9205992), np.int64(14207727), np.int64(11945569), np.int64(8620226), np.int64(8390564), np.int64(7801074), np.int64(10681474), np.int64(14207347), np.int64(14202612), np.int64(14211650), np.int64(12583376), np.int64(8661642), np.int64(8638283), np.int64(7727388), np.int64(10904712), np.int64(14209774), np.int64(14210160), np.int64(14212611), np.int64(9468613), np.int64(8641212), np.int64(8085650), np.int64(9352757), np.int64(14210792), np.int64(14209016), np.int64(13194703), np.int64(8267043), np.int64(8569297), np.int64(7461704), np.int64(13233543), np.int64(14213970), np.int64(13435098), np.int64(8657580), np.int64(8212673), np.int64(8168031), np.int64(6027370), np.int64(0), np.int64(0), np.int64(0), np.int64(0), np.int64(0), np.int64(0), np.int64(0), np.int64(4945835), np.int64(11780116), np.int64(10131568), np.int64(9048319), np.int64(8153838), np.int64(94791)]
INFO:cooler._reduce:records consumed: [np.int64(0), np.int64(0), np.int64(0), np.int64(0), np.int64(0), np.int64(0), np.int64(0), np.int64(0), np.int64(0), np.int64(0), np.int64(0), np.int64(0), np.int64(0), np.int64(0), np.int64(0), np.int64(0), np.int64(0), np.int64(0), np.int64(0), np.int64(0), np.int64(0), np.int64(0), np.int64(0), np.int64(0), np.int64(0), np.int64(0), np.int64(0), np.int64(0), np.int64(0), np.int64(0), np.int64(0), np.int64(0), np.int64(0), np.int64(0), np.int64(0), np.int64(0), np.int64(0), np.int64(0), np.int64(0), np.int64(0), np.int64(0), np.int64(0), np.int64(0), np.int64(0), np.int64(0), np.int64(0), np.int64(0), np.int64(0), np.int64(6829764), np.int64(8733843), np.int64(8179245), np.int64(7786700), np.int64(9874104), np.int64(14210285), np.int64(14209134), np.int64(14209092), np.int64(14209011), np.int64(14209937), np.int64(6841811), np.int64(0), np.int64(0), np.int64(0), np.int64(0), np.int64(0), np.int64(0), np.int64(0), np.int64(0), np.int64(0), np.int64(0), np.int64(0), np.int64(0), np.int64(0), np.int64(0), np.int64(0), np.int64(0), np.int64(0), np.int64(0), np.int64(0), np.int64(0), np.int64(0), np.int64(0), np.int64(3810755), np.int64(14208902), np.int64(13937646), np.int64(9400619), np.int64(8839950), np.int64(8281097), np.int64(8334633), np.int64(7691501), np.int64(14208546), np.int64(14207136), np.int64(14206942), np.int64(1406963), np.int64(0), np.int64(9205992), np.int64(14207727), np.int64(11945569), np.int64(8620226), np.int64(8390564), np.int64(7801074), np.int64(10681474), np.int64(14207347), np.int64(14202612), np.int64(14211650), np.int64(12583376), np.int64(8661642), np.int64(8638283), np.int64(7727388), np.int64(10904712), np.int64(14209774), np.int64(14210160), np.int64(14212611), np.int64(9468613), np.int64(8641212), np.int64(8085650), np.int64(9352757), np.int64(14210792), np.int64(14209016), np.int64(13194703), np.int64(8267043), np.int64(8569297), np.int64(7461704), np.int64(13233543), np.int64(14213970), np.int64(13435098), np.int64(8657580), np.int64(8212673), np.int64(8168031), np.int64(6027370), np.int64(0), np.int64(0), np.int64(0), np.int64(513973), np.int64(2754852), np.int64(4622315), np.int64(686704), np.int64(5787238), np.int64(14211569), np.int64(11076679), np.int64(9048319), np.int64(8172751), np.int64(2280272)]
INFO:cooler._reduce:records consumed: [np.int64(0), np.int64(0), np.int64(0), np.int64(0), np.int64(0), np.int64(0), np.int64(0), np.int64(0), np.int64(0), np.int64(0), np.int64(0), np.int64(0), np.int64(0), np.int64(0), np.int64(0), np.int64(0), np.int64(0), np.int64(0), np.int64(0), np.int64(0), np.int64(0), np.int64(0), np.int64(0), np.int64(0), np.int64(0), np.int64(0), np.int64(0), np.int64(0), np.int64(0), np.int64(0), np.int64(0), np.int64(0), np.int64(0), np.int64(0), np.int64(0), np.int64(0), np.int64(0), np.int64(0), np.int64(0), np.int64(0), np.int64(0), np.int64(0), np.int64(0), np.int64(0), np.int64(0), np.int64(0), np.int64(0), np.int64(0), np.int64(6829764), np.int64(8733843), np.int64(8179245), np.int64(7786700), np.int64(9874104), np.int64(14210285), np.int64(14209134), np.int64(14209092), np.int64(14209011), np.int64(14209937), np.int64(6841811), np.int64(0), np.int64(0), np.int64(0), np.int64(0), np.int64(0), np.int64(0), np.int64(0), np.int64(0), np.int64(0), np.int64(0), np.int64(0), np.int64(0), np.int64(0), np.int64(0), np.int64(0), np.int64(0), np.int64(0), np.int64(0), np.int64(0), np.int64(0), np.int64(0), np.int64(0), np.int64(3810755), np.int64(14208902), np.int64(13937646), np.int64(9400619), np.int64(8839950), np.int64(8281097), np.int64(8334633), np.int64(7691501), np.int64(14208546), np.int64(14207136), np.int64(14206942), np.int64(1406963), np.int64(0), np.int64(9205992), np.int64(14207727), np.int64(11945569), np.int64(8620226), np.int64(8390564), np.int64(7801074), np.int64(10681474), np.int64(14207347), np.int64(14202612), np.int64(14211650), np.int64(12583376), np.int64(8661642), np.int64(8638283), np.int64(7727388), np.int64(10904712), np.int64(14209774), np.int64(14210160), np.int64(14212611), np.int64(9468613), np.int64(8641212), np.int64(8085650), np.int64(9352757), np.int64(14210792), np.int64(14209016), np.int64(13194703), np.int64(8267043), np.int64(8569297), np.int64(7461704), np.int64(13233543), np.int64(14213970), np.int64(13435098), np.int64(8657580), np.int64(8212673), np.int64(8168031), np.int64(6027370), np.int64(0), np.int64(0), np.int64(0), np.int64(1424142), np.int64(7913654), np.int64(7790181), np.int64(6438195), np.int64(5799056), np.int64(14211569), np.int64(11076679), np.int64(9048319), np.int64(8172751), np.int64(2280272)]
INFO:cooler._reduce:records consumed: [np.int64(0), np.int64(0), np.int64(0), np.int64(0), np.int64(0), np.int64(0), np.int64(0), np.int64(0), np.int64(0), np.int64(0), np.int64(0), np.int64(0), np.int64(0), np.int64(0), np.int64(0), np.int64(0), np.int64(0), np.int64(0), np.int64(0), np.int64(0), np.int64(0), np.int64(0), np.int64(0), np.int64(0), np.int64(0), np.int64(0), np.int64(0), np.int64(0), np.int64(0), np.int64(0), np.int64(0), np.int64(0), np.int64(0), np.int64(0), np.int64(0), np.int64(0), np.int64(0), np.int64(0), np.int64(0), np.int64(0), np.int64(0), np.int64(0), np.int64(0), np.int64(0), np.int64(0), np.int64(0), np.int64(0), np.int64(0), np.int64(6829764), np.int64(8733843), np.int64(8179245), np.int64(7786700), np.int64(9874104), np.int64(14210285), np.int64(14209134), np.int64(14209092), np.int64(14209011), np.int64(14209937), np.int64(6841811), np.int64(0), np.int64(0), np.int64(0), np.int64(0), np.int64(0), np.int64(0), np.int64(0), np.int64(0), np.int64(0), np.int64(0), np.int64(0), np.int64(0), np.int64(0), np.int64(0), np.int64(0), np.int64(0), np.int64(0), np.int64(0), np.int64(0), np.int64(0), np.int64(0), np.int64(0), np.int64(3810755), np.int64(14208902), np.int64(13937646), np.int64(9400619), np.int64(8839950), np.int64(8281097), np.int64(8334633), np.int64(7691501), np.int64(14208546), np.int64(14207136), np.int64(14206942), np.int64(1406963), np.int64(0), np.int64(9205992), np.int64(14207727), np.int64(11945569), np.int64(8620226), np.int64(8390564), np.int64(7801074), np.int64(10681474), np.int64(14207347), np.int64(14202612), np.int64(14211650), np.int64(12583376), np.int64(8661642), np.int64(8638283), np.int64(7727388), np.int64(10904712), np.int64(14209774), np.int64(14210160), np.int64(14212611), np.int64(9468613), np.int64(8641212), np.int64(8085650), np.int64(9352757), np.int64(14210792), np.int64(14209016), np.int64(13194703), np.int64(8267043), np.int64(8569297), np.int64(7461704), np.int64(13233543), np.int64(14213970), np.int64(13435098), np.int64(8657580), np.int64(8212673), np.int64(8168031), np.int64(6027370), np.int64(0), np.int64(0), np.int64(0), np.int64(2125379), np.int64(13790281), np.int64(11671071), np.int64(7657347), np.int64(9121165), np.int64(14211569), np.int64(11076679), np.int64(9048319), np.int64(8172751), np.int64(2280272)]
INFO:cooler._reduce:records consumed: [np.int64(0), np.int64(0), np.int64(0), np.int64(0), np.int64(0), np.int64(0), np.int64(0), np.int64(0), np.int64(0), np.int64(0), np.int64(0), np.int64(0), np.int64(0), np.int64(0), np.int64(0), np.int64(0), np.int64(0), np.int64(0), np.int64(0), np.int64(0), np.int64(0), np.int64(0), np.int64(0), np.int64(0), np.int64(0), np.int64(0), np.int64(0), np.int64(0), np.int64(0), np.int64(0), np.int64(0), np.int64(0), np.int64(0), np.int64(0), np.int64(0), np.int64(0), np.int64(0), np.int64(0), np.int64(0), np.int64(0), np.int64(0), np.int64(0), np.int64(0), np.int64(0), np.int64(0), np.int64(0), np.int64(0), np.int64(0), np.int64(6829764), np.int64(8733843), np.int64(8179245), np.int64(7786700), np.int64(9874104), np.int64(14210285), np.int64(14209134), np.int64(14209092), np.int64(14209011), np.int64(14209937), np.int64(6841811), np.int64(0), np.int64(0), np.int64(0), np.int64(0), np.int64(0), np.int64(0), np.int64(0), np.int64(0), np.int64(0), np.int64(0), np.int64(0), np.int64(0), np.int64(0), np.int64(0), np.int64(0), np.int64(0), np.int64(0), np.int64(0), np.int64(0), np.int64(0), np.int64(0), np.int64(0), np.int64(3810755), np.int64(14208902), np.int64(13937646), np.int64(9400619), np.int64(8839950), np.int64(8281097), np.int64(8334633), np.int64(7691501), np.int64(14208546), np.int64(14207136), np.int64(14206942), np.int64(1406963), np.int64(0), np.int64(9205992), np.int64(14207727), np.int64(11945569), np.int64(8620226), np.int64(8390564), np.int64(7801074), np.int64(10681474), np.int64(14207347), np.int64(14202612), np.int64(14211650), np.int64(12583376), np.int64(8661642), np.int64(8638283), np.int64(7727388), np.int64(10904712), np.int64(14209774), np.int64(14210160), np.int64(14212611), np.int64(9468613), np.int64(8641212), np.int64(8085650), np.int64(9352757), np.int64(14210792), np.int64(14209016), np.int64(13194703), np.int64(8267043), np.int64(8569297), np.int64(7461704), np.int64(13233543), np.int64(14213970), np.int64(13435098), np.int64(8657580), np.int64(8212673), np.int64(8168031), np.int64(8352823), np.int64(4087083), np.int64(7577384), np.int64(0), np.int64(2135806), np.int64(14219649), np.int64(12069935), np.int64(7657347), np.int64(9292654), np.int64(14211569), np.int64(11076679), np.int64(9048319), np.int64(8172751), np.int64(2280272)]
INFO:cooler._reduce:records consumed: [np.int64(0), np.int64(0), np.int64(0), np.int64(0), np.int64(0), np.int64(0), np.int64(0), np.int64(0), np.int64(0), np.int64(0), np.int64(0), np.int64(0), np.int64(0), np.int64(0), np.int64(0), np.int64(0), np.int64(0), np.int64(0), np.int64(0), np.int64(0), np.int64(0), np.int64(0), np.int64(0), np.int64(0), np.int64(0), np.int64(0), np.int64(0), np.int64(0), np.int64(0), np.int64(0), np.int64(0), np.int64(0), np.int64(0), np.int64(0), np.int64(0), np.int64(0), np.int64(0), np.int64(0), np.int64(0), np.int64(0), np.int64(0), np.int64(0), np.int64(0), np.int64(0), np.int64(0), np.int64(0), np.int64(0), np.int64(0), np.int64(6829764), np.int64(8733843), np.int64(8179245), np.int64(7786700), np.int64(9874104), np.int64(14210285), np.int64(14209134), np.int64(14209092), np.int64(14209011), np.int64(14209937), np.int64(6841811), np.int64(0), np.int64(0), np.int64(0), np.int64(0), np.int64(0), np.int64(0), np.int64(0), np.int64(0), np.int64(0), np.int64(0), np.int64(0), np.int64(0), np.int64(0), np.int64(0), np.int64(0), np.int64(0), np.int64(0), np.int64(0), np.int64(0), np.int64(0), np.int64(0), np.int64(0), np.int64(3810755), np.int64(14208902), np.int64(13937646), np.int64(9400619), np.int64(8839950), np.int64(8281097), np.int64(8334633), np.int64(7691501), np.int64(14208546), np.int64(14207136), np.int64(14206942), np.int64(1406963), np.int64(0), np.int64(9205992), np.int64(14207727), np.int64(11945569), np.int64(8620226), np.int64(8390564), np.int64(7801074), np.int64(10681474), np.int64(14207347), np.int64(14202612), np.int64(14211650), np.int64(12583376), np.int64(8661642), np.int64(8638283), np.int64(7727388), np.int64(10904712), np.int64(14209774), np.int64(14210160), np.int64(14212611), np.int64(9468613), np.int64(8641212), np.int64(8085650), np.int64(9352757), np.int64(14210792), np.int64(14209016), np.int64(13194703), np.int64(8267043), np.int64(8569297), np.int64(7461704), np.int64(13233543), np.int64(14213970), np.int64(13435098), np.int64(8657580), np.int64(8212673), np.int64(8168031), np.int64(10990237), np.int64(8461402), np.int64(8359657), np.int64(7193466), np.int64(2148341), np.int64(14219649), np.int64(12069935), np.int64(7657347), np.int64(9292654), np.int64(14211569), np.int64(11076679), np.int64(9048319), np.int64(8172751), np.int64(2280272)]
INFO:cooler._reduce:records consumed: [np.int64(0), np.int64(0), np.int64(0), np.int64(0), np.int64(0), np.int64(0), np.int64(0), np.int64(0), np.int64(0), np.int64(0), np.int64(0), np.int64(0), np.int64(0), np.int64(0), np.int64(0), np.int64(0), np.int64(0), np.int64(0), np.int64(0), np.int64(0), np.int64(0), np.int64(0), np.int64(0), np.int64(0), np.int64(0), np.int64(0), np.int64(0), np.int64(0), np.int64(0), np.int64(0), np.int64(0), np.int64(0), np.int64(0), np.int64(0), np.int64(0), np.int64(0), np.int64(0), np.int64(0), np.int64(0), np.int64(0), np.int64(0), np.int64(0), np.int64(0), np.int64(0), np.int64(0), np.int64(0), np.int64(0), np.int64(0), np.int64(6829764), np.int64(8733843), np.int64(8179245), np.int64(7786700), np.int64(9874104), np.int64(14210285), np.int64(14209134), np.int64(14209092), np.int64(14209011), np.int64(14209937), np.int64(6841811), np.int64(0), np.int64(0), np.int64(0), np.int64(0), np.int64(0), np.int64(0), np.int64(0), np.int64(0), np.int64(0), np.int64(0), np.int64(0), np.int64(0), np.int64(0), np.int64(0), np.int64(0), np.int64(0), np.int64(0), np.int64(0), np.int64(0), np.int64(0), np.int64(0), np.int64(0), np.int64(3810755), np.int64(14208902), np.int64(13937646), np.int64(9400619), np.int64(8839950), np.int64(8281097), np.int64(8334633), np.int64(7691501), np.int64(14208546), np.int64(14207136), np.int64(14206942), np.int64(1406963), np.int64(0), np.int64(9205992), np.int64(14207727), np.int64(11945569), np.int64(8620226), np.int64(8390564), np.int64(7801074), np.int64(10681474), np.int64(14207347), np.int64(14202612), np.int64(14211650), np.int64(12583376), np.int64(8661642), np.int64(8638283), np.int64(7727388), np.int64(10904712), np.int64(14209774), np.int64(14210160), np.int64(14212611), np.int64(9468613), np.int64(8641212), np.int64(8085650), np.int64(9352757), np.int64(14210792), np.int64(14209016), np.int64(13194703), np.int64(8267043), np.int64(8569297), np.int64(7461704), np.int64(13233543), np.int64(14213970), np.int64(13435098), np.int64(8657580), np.int64(8212673), np.int64(8168031), np.int64(13942854), np.int64(13396100), np.int64(9274882), np.int64(8131973), np.int64(7407367), np.int64(14219649), np.int64(12069935), np.int64(7657347), np.int64(9292654), np.int64(14211569), np.int64(11076679), np.int64(9048319), np.int64(8172751), np.int64(2280272)]
INFO:cooler._reduce:records consumed: [np.int64(0), np.int64(0), np.int64(0), np.int64(0), np.int64(0), np.int64(0), np.int64(0), np.int64(0), np.int64(0), np.int64(0), np.int64(0), np.int64(0), np.int64(0), np.int64(0), np.int64(0), np.int64(0), np.int64(0), np.int64(0), np.int64(0), np.int64(0), np.int64(0), np.int64(0), np.int64(0), np.int64(0), np.int64(0), np.int64(0), np.int64(0), np.int64(0), np.int64(0), np.int64(0), np.int64(0), np.int64(0), np.int64(0), np.int64(0), np.int64(0), np.int64(0), np.int64(0), np.int64(0), np.int64(0), np.int64(0), np.int64(0), np.int64(0), np.int64(0), np.int64(0), np.int64(0), np.int64(0), np.int64(0), np.int64(0), np.int64(6829764), np.int64(8733843), np.int64(8179245), np.int64(7786700), np.int64(9874104), np.int64(14210285), np.int64(14209134), np.int64(14209092), np.int64(14209011), np.int64(14209937), np.int64(6841811), np.int64(0), np.int64(0), np.int64(0), np.int64(6304448), np.int64(1640930), np.int64(1430005), np.int64(3969589), np.int64(10860), np.int64(0), np.int64(0), np.int64(0), np.int64(0), np.int64(0), np.int64(0), np.int64(0), np.int64(0), np.int64(0), np.int64(0), np.int64(0), np.int64(0), np.int64(0), np.int64(0), np.int64(3810755), np.int64(14208902), np.int64(13937646), np.int64(9400619), np.int64(8839950), np.int64(8281097), np.int64(8334633), np.int64(7691501), np.int64(14208546), np.int64(14207136), np.int64(14206942), np.int64(1406963), np.int64(0), np.int64(9205992), np.int64(14207727), np.int64(11945569), np.int64(8620226), np.int64(8390564), np.int64(7801074), np.int64(10681474), np.int64(14207347), np.int64(14202612), np.int64(14211650), np.int64(12583376), np.int64(8661642), np.int64(8638283), np.int64(7727388), np.int64(10904712), np.int64(14209774), np.int64(14210160), np.int64(14212611), np.int64(9468613), np.int64(8641212), np.int64(8085650), np.int64(9352757), np.int64(14210792), np.int64(14209016), np.int64(13194703), np.int64(8267043), np.int64(8569297), np.int64(7461704), np.int64(13233543), np.int64(14213970), np.int64(13435098), np.int64(8657580), np.int64(8212673), np.int64(8168031), np.int64(14212830), np.int64(14215229), np.int64(9495833), np.int64(8131973), np.int64(7741509), np.int64(14219649), np.int64(12069935), np.int64(7657347), np.int64(9292654), np.int64(14211569), np.int64(11076679), np.int64(9048319), np.int64(8172751), np.int64(2280272)]
INFO:cooler._reduce:records consumed: [np.int64(0), np.int64(0), np.int64(0), np.int64(0), np.int64(0), np.int64(0), np.int64(0), np.int64(0), np.int64(0), np.int64(0), np.int64(0), np.int64(0), np.int64(0), np.int64(0), np.int64(0), np.int64(0), np.int64(0), np.int64(0), np.int64(0), np.int64(0), np.int64(0), np.int64(0), np.int64(0), np.int64(0), np.int64(0), np.int64(0), np.int64(0), np.int64(0), np.int64(0), np.int64(0), np.int64(0), np.int64(0), np.int64(0), np.int64(0), np.int64(0), np.int64(0), np.int64(0), np.int64(0), np.int64(0), np.int64(0), np.int64(0), np.int64(0), np.int64(0), np.int64(0), np.int64(0), np.int64(0), np.int64(0), np.int64(0), np.int64(6829764), np.int64(8733843), np.int64(8179245), np.int64(7786700), np.int64(9874104), np.int64(14210285), np.int64(14209134), np.int64(14209092), np.int64(14209011), np.int64(14209937), np.int64(6841811), np.int64(0), np.int64(0), np.int64(0), np.int64(7313884), np.int64(7687978), np.int64(3513030), np.int64(9774428), np.int64(66635), np.int64(0), np.int64(0), np.int64(0), np.int64(0), np.int64(0), np.int64(0), np.int64(0), np.int64(0), np.int64(0), np.int64(0), np.int64(0), np.int64(0), np.int64(0), np.int64(0), np.int64(3810755), np.int64(14208902), np.int64(13937646), np.int64(9400619), np.int64(8839950), np.int64(8281097), np.int64(8334633), np.int64(7691501), np.int64(14208546), np.int64(14207136), np.int64(14206942), np.int64(1406963), np.int64(0), np.int64(9205992), np.int64(14207727), np.int64(11945569), np.int64(8620226), np.int64(8390564), np.int64(7801074), np.int64(10681474), np.int64(14207347), np.int64(14202612), np.int64(14211650), np.int64(12583376), np.int64(8661642), np.int64(8638283), np.int64(7727388), np.int64(10904712), np.int64(14209774), np.int64(14210160), np.int64(14212611), np.int64(9468613), np.int64(8641212), np.int64(8085650), np.int64(9352757), np.int64(14210792), np.int64(14209016), np.int64(13194703), np.int64(8267043), np.int64(8569297), np.int64(7461704), np.int64(13233543), np.int64(14213970), np.int64(13435098), np.int64(8657580), np.int64(8212673), np.int64(8168031), np.int64(14212830), np.int64(14215229), np.int64(9495833), np.int64(8131973), np.int64(7741509), np.int64(14219649), np.int64(12069935), np.int64(7657347), np.int64(9292654), np.int64(14211569), np.int64(11076679), np.int64(9048319), np.int64(8172751), np.int64(2280272)]
INFO:cooler._reduce:records consumed: [np.int64(0), np.int64(0), np.int64(0), np.int64(0), np.int64(0), np.int64(0), np.int64(0), np.int64(0), np.int64(0), np.int64(0), np.int64(0), np.int64(0), np.int64(0), np.int64(0), np.int64(0), np.int64(0), np.int64(0), np.int64(0), np.int64(0), np.int64(0), np.int64(0), np.int64(0), np.int64(0), np.int64(0), np.int64(0), np.int64(0), np.int64(0), np.int64(0), np.int64(0), np.int64(0), np.int64(0), np.int64(0), np.int64(0), np.int64(0), np.int64(0), np.int64(0), np.int64(0), np.int64(0), np.int64(0), np.int64(0), np.int64(0), np.int64(0), np.int64(0), np.int64(0), np.int64(0), np.int64(0), np.int64(0), np.int64(0), np.int64(6829764), np.int64(8733843), np.int64(8179245), np.int64(7786700), np.int64(9874104), np.int64(14210285), np.int64(14209134), np.int64(14209092), np.int64(14209011), np.int64(14209937), np.int64(9264692), np.int64(0), np.int64(293899), np.int64(1463248), np.int64(8401032), np.int64(7687978), np.int64(8528069), np.int64(14210549), np.int64(348584), np.int64(0), np.int64(0), np.int64(0), np.int64(0), np.int64(0), np.int64(0), np.int64(0), np.int64(0), np.int64(0), np.int64(0), np.int64(0), np.int64(0), np.int64(0), np.int64(0), np.int64(3810755), np.int64(14208902), np.int64(13937646), np.int64(9400619), np.int64(8839950), np.int64(8281097), np.int64(8334633), np.int64(7691501), np.int64(14208546), np.int64(14207136), np.int64(14206942), np.int64(1406963), np.int64(0), np.int64(9205992), np.int64(14207727), np.int64(11945569), np.int64(8620226), np.int64(8390564), np.int64(7801074), np.int64(10681474), np.int64(14207347), np.int64(14202612), np.int64(14211650), np.int64(12583376), np.int64(8661642), np.int64(8638283), np.int64(7727388), np.int64(10904712), np.int64(14209774), np.int64(14210160), np.int64(14212611), np.int64(9468613), np.int64(8641212), np.int64(8085650), np.int64(9352757), np.int64(14210792), np.int64(14209016), np.int64(13194703), np.int64(8267043), np.int64(8569297), np.int64(7461704), np.int64(13233543), np.int64(14213970), np.int64(13435098), np.int64(8657580), np.int64(8212673), np.int64(8168031), np.int64(14212830), np.int64(14215229), np.int64(9495833), np.int64(8131973), np.int64(7741509), np.int64(14219649), np.int64(12069935), np.int64(7657347), np.int64(9292654), np.int64(14211569), np.int64(11076679), np.int64(9048319), np.int64(8172751), np.int64(2280272)]
INFO:cooler._reduce:records consumed: [np.int64(0), np.int64(0), np.int64(0), np.int64(0), np.int64(0), np.int64(0), np.int64(0), np.int64(0), np.int64(0), np.int64(0), np.int64(0), np.int64(0), np.int64(0), np.int64(0), np.int64(0), np.int64(0), np.int64(0), np.int64(0), np.int64(0), np.int64(0), np.int64(0), np.int64(0), np.int64(0), np.int64(0), np.int64(0), np.int64(0), np.int64(0), np.int64(0), np.int64(0), np.int64(0), np.int64(0), np.int64(0), np.int64(0), np.int64(0), np.int64(0), np.int64(0), np.int64(0), np.int64(0), np.int64(0), np.int64(0), np.int64(0), np.int64(0), np.int64(0), np.int64(0), np.int64(0), np.int64(0), np.int64(0), np.int64(0), np.int64(6829764), np.int64(8733843), np.int64(8179245), np.int64(7786700), np.int64(9874104), np.int64(14210285), np.int64(14209134), np.int64(14209092), np.int64(14209011), np.int64(14209937), np.int64(11224781), np.int64(6351631), np.int64(1334940), np.int64(6427230), np.int64(9084395), np.int64(7687978), np.int64(8528069), np.int64(14210549), np.int64(348584), np.int64(0), np.int64(0), np.int64(0), np.int64(0), np.int64(0), np.int64(0), np.int64(0), np.int64(0), np.int64(0), np.int64(0), np.int64(0), np.int64(0), np.int64(0), np.int64(0), np.int64(3810755), np.int64(14208902), np.int64(13937646), np.int64(9400619), np.int64(8839950), np.int64(8281097), np.int64(8334633), np.int64(7691501), np.int64(14208546), np.int64(14207136), np.int64(14206942), np.int64(1406963), np.int64(0), np.int64(9205992), np.int64(14207727), np.int64(11945569), np.int64(8620226), np.int64(8390564), np.int64(7801074), np.int64(10681474), np.int64(14207347), np.int64(14202612), np.int64(14211650), np.int64(12583376), np.int64(8661642), np.int64(8638283), np.int64(7727388), np.int64(10904712), np.int64(14209774), np.int64(14210160), np.int64(14212611), np.int64(9468613), np.int64(8641212), np.int64(8085650), np.int64(9352757), np.int64(14210792), np.int64(14209016), np.int64(13194703), np.int64(8267043), np.int64(8569297), np.int64(7461704), np.int64(13233543), np.int64(14213970), np.int64(13435098), np.int64(8657580), np.int64(8212673), np.int64(8168031), np.int64(14212830), np.int64(14215229), np.int64(9495833), np.int64(8131973), np.int64(7741509), np.int64(14219649), np.int64(12069935), np.int64(7657347), np.int64(9292654), np.int64(14211569), np.int64(11076679), np.int64(9048319), np.int64(8172751), np.int64(2280272)]
INFO:cooler._reduce:records consumed: [np.int64(0), np.int64(0), np.int64(0), np.int64(0), np.int64(0), np.int64(0), np.int64(0), np.int64(0), np.int64(0), np.int64(0), np.int64(0), np.int64(0), np.int64(0), np.int64(0), np.int64(0), np.int64(0), np.int64(0), np.int64(0), np.int64(0), np.int64(0), np.int64(0), np.int64(0), np.int64(0), np.int64(0), np.int64(0), np.int64(0), np.int64(0), np.int64(0), np.int64(0), np.int64(0), np.int64(0), np.int64(0), np.int64(0), np.int64(0), np.int64(0), np.int64(0), np.int64(0), np.int64(0), np.int64(0), np.int64(0), np.int64(0), np.int64(0), np.int64(0), np.int64(0), np.int64(0), np.int64(0), np.int64(0), np.int64(0), np.int64(6829764), np.int64(8733843), np.int64(8179245), np.int64(7786700), np.int64(9874104), np.int64(14210285), np.int64(14209134), np.int64(14209092), np.int64(14209011), np.int64(14209937), np.int64(11224781), np.int64(8155849), np.int64(6676763), np.int64(13008446), np.int64(10357238), np.int64(7687978), np.int64(8528069), np.int64(14210549), np.int64(348584), np.int64(0), np.int64(0), np.int64(0), np.int64(0), np.int64(0), np.int64(0), np.int64(0), np.int64(0), np.int64(0), np.int64(0), np.int64(0), np.int64(0), np.int64(0), np.int64(0), np.int64(3810755), np.int64(14208902), np.int64(13937646), np.int64(9400619), np.int64(8839950), np.int64(8281097), np.int64(8334633), np.int64(7691501), np.int64(14208546), np.int64(14207136), np.int64(14206942), np.int64(1406963), np.int64(0), np.int64(9205992), np.int64(14207727), np.int64(11945569), np.int64(8620226), np.int64(8390564), np.int64(7801074), np.int64(10681474), np.int64(14207347), np.int64(14202612), np.int64(14211650), np.int64(12583376), np.int64(8661642), np.int64(8638283), np.int64(7727388), np.int64(10904712), np.int64(14209774), np.int64(14210160), np.int64(14212611), np.int64(9468613), np.int64(8641212), np.int64(8085650), np.int64(9352757), np.int64(14210792), np.int64(14209016), np.int64(13194703), np.int64(8267043), np.int64(8569297), np.int64(7461704), np.int64(13233543), np.int64(14213970), np.int64(13435098), np.int64(8657580), np.int64(8212673), np.int64(8168031), np.int64(14212830), np.int64(14215229), np.int64(9495833), np.int64(8131973), np.int64(7741509), np.int64(14219649), np.int64(12069935), np.int64(7657347), np.int64(9292654), np.int64(14211569), np.int64(11076679), np.int64(9048319), np.int64(8172751), np.int64(2280272)]
INFO:cooler._reduce:records consumed: [np.int64(0), np.int64(0), np.int64(0), np.int64(0), np.int64(0), np.int64(0), np.int64(0), np.int64(0), np.int64(0), np.int64(0), np.int64(0), np.int64(0), np.int64(0), np.int64(0), np.int64(0), np.int64(0), np.int64(0), np.int64(0), np.int64(0), np.int64(0), np.int64(0), np.int64(0), np.int64(0), np.int64(0), np.int64(0), np.int64(0), np.int64(0), np.int64(0), np.int64(0), np.int64(0), np.int64(0), np.int64(0), np.int64(0), np.int64(0), np.int64(0), np.int64(0), np.int64(0), np.int64(0), np.int64(0), np.int64(0), np.int64(0), np.int64(0), np.int64(0), np.int64(0), np.int64(0), np.int64(0), np.int64(0), np.int64(0), np.int64(6829764), np.int64(8733843), np.int64(8179245), np.int64(7786700), np.int64(9874104), np.int64(14210285), np.int64(14209134), np.int64(14209092), np.int64(14209011), np.int64(14209937), np.int64(11224781), np.int64(8155849), np.int64(7361673), np.int64(14215265), np.int64(10650027), np.int64(7687978), np.int64(8528069), np.int64(14210549), np.int64(8246590), np.int64(0), np.int64(2937427), np.int64(1980052), np.int64(0), np.int64(0), np.int64(0), np.int64(0), np.int64(0), np.int64(0), np.int64(0), np.int64(0), np.int64(0), np.int64(0), np.int64(0), np.int64(3810755), np.int64(14208902), np.int64(13937646), np.int64(9400619), np.int64(8839950), np.int64(8281097), np.int64(8334633), np.int64(7691501), np.int64(14208546), np.int64(14207136), np.int64(14206942), np.int64(1406963), np.int64(0), np.int64(9205992), np.int64(14207727), np.int64(11945569), np.int64(8620226), np.int64(8390564), np.int64(7801074), np.int64(10681474), np.int64(14207347), np.int64(14202612), np.int64(14211650), np.int64(12583376), np.int64(8661642), np.int64(8638283), np.int64(7727388), np.int64(10904712), np.int64(14209774), np.int64(14210160), np.int64(14212611), np.int64(9468613), np.int64(8641212), np.int64(8085650), np.int64(9352757), np.int64(14210792), np.int64(14209016), np.int64(13194703), np.int64(8267043), np.int64(8569297), np.int64(7461704), np.int64(13233543), np.int64(14213970), np.int64(13435098), np.int64(8657580), np.int64(8212673), np.int64(8168031), np.int64(14212830), np.int64(14215229), np.int64(9495833), np.int64(8131973), np.int64(7741509), np.int64(14219649), np.int64(12069935), np.int64(7657347), np.int64(9292654), np.int64(14211569), np.int64(11076679), np.int64(9048319), np.int64(8172751), np.int64(2280272)]
INFO:cooler._reduce:records consumed: [np.int64(0), np.int64(0), np.int64(0), np.int64(0), np.int64(0), np.int64(0), np.int64(0), np.int64(0), np.int64(0), np.int64(0), np.int64(0), np.int64(0), np.int64(0), np.int64(0), np.int64(0), np.int64(0), np.int64(0), np.int64(0), np.int64(0), np.int64(0), np.int64(0), np.int64(0), np.int64(0), np.int64(0), np.int64(0), np.int64(0), np.int64(0), np.int64(0), np.int64(0), np.int64(0), np.int64(0), np.int64(0), np.int64(0), np.int64(0), np.int64(0), np.int64(0), np.int64(0), np.int64(0), np.int64(0), np.int64(0), np.int64(0), np.int64(0), np.int64(0), np.int64(0), np.int64(0), np.int64(0), np.int64(0), np.int64(0), np.int64(6829764), np.int64(8733843), np.int64(8179245), np.int64(7786700), np.int64(9874104), np.int64(14210285), np.int64(14209134), np.int64(14209092), np.int64(14209011), np.int64(14209937), np.int64(11224781), np.int64(8155849), np.int64(7361673), np.int64(14215265), np.int64(10650027), np.int64(7687978), np.int64(8528069), np.int64(14210549), np.int64(8708303), np.int64(7551801), np.int64(6954081), np.int64(4949922), np.int64(0), np.int64(0), np.int64(0), np.int64(0), np.int64(0), np.int64(0), np.int64(0), np.int64(0), np.int64(0), np.int64(0), np.int64(0), np.int64(3810755), np.int64(14208902), np.int64(13937646), np.int64(9400619), np.int64(8839950), np.int64(8281097), np.int64(8334633), np.int64(7691501), np.int64(14208546), np.int64(14207136), np.int64(14206942), np.int64(1406963), np.int64(0), np.int64(9205992), np.int64(14207727), np.int64(11945569), np.int64(8620226), np.int64(8390564), np.int64(7801074), np.int64(10681474), np.int64(14207347), np.int64(14202612), np.int64(14211650), np.int64(12583376), np.int64(8661642), np.int64(8638283), np.int64(7727388), np.int64(10904712), np.int64(14209774), np.int64(14210160), np.int64(14212611), np.int64(9468613), np.int64(8641212), np.int64(8085650), np.int64(9352757), np.int64(14210792), np.int64(14209016), np.int64(13194703), np.int64(8267043), np.int64(8569297), np.int64(7461704), np.int64(13233543), np.int64(14213970), np.int64(13435098), np.int64(8657580), np.int64(8212673), np.int64(8168031), np.int64(14212830), np.int64(14215229), np.int64(9495833), np.int64(8131973), np.int64(7741509), np.int64(14219649), np.int64(12069935), np.int64(7657347), np.int64(9292654), np.int64(14211569), np.int64(11076679), np.int64(9048319), np.int64(8172751), np.int64(2280272)]
INFO:cooler._reduce:records consumed: [np.int64(0), np.int64(0), np.int64(0), np.int64(0), np.int64(0), np.int64(0), np.int64(0), np.int64(0), np.int64(0), np.int64(0), np.int64(0), np.int64(0), np.int64(0), np.int64(0), np.int64(0), np.int64(0), np.int64(0), np.int64(0), np.int64(0), np.int64(0), np.int64(0), np.int64(0), np.int64(0), np.int64(0), np.int64(0), np.int64(0), np.int64(0), np.int64(0), np.int64(0), np.int64(0), np.int64(0), np.int64(0), np.int64(0), np.int64(0), np.int64(0), np.int64(0), np.int64(0), np.int64(0), np.int64(0), np.int64(0), np.int64(0), np.int64(0), np.int64(0), np.int64(0), np.int64(0), np.int64(0), np.int64(0), np.int64(0), np.int64(6829764), np.int64(8733843), np.int64(8179245), np.int64(7786700), np.int64(9874104), np.int64(14210285), np.int64(14209134), np.int64(14209092), np.int64(14209011), np.int64(14209937), np.int64(11224781), np.int64(8155849), np.int64(7361673), np.int64(14215265), np.int64(10650027), np.int64(7687978), np.int64(8528069), np.int64(14210549), np.int64(8708303), np.int64(7551801), np.int64(10647968), np.int64(11166654), np.int64(1049205), np.int64(4040328), np.int64(0), np.int64(0), np.int64(0), np.int64(0), np.int64(0), np.int64(0), np.int64(0), np.int64(0), np.int64(0), np.int64(3810755), np.int64(14208902), np.int64(13937646), np.int64(9400619), np.int64(8839950), np.int64(8281097), np.int64(8334633), np.int64(7691501), np.int64(14208546), np.int64(14207136), np.int64(14206942), np.int64(1406963), np.int64(0), np.int64(9205992), np.int64(14207727), np.int64(11945569), np.int64(8620226), np.int64(8390564), np.int64(7801074), np.int64(10681474), np.int64(14207347), np.int64(14202612), np.int64(14211650), np.int64(12583376), np.int64(8661642), np.int64(8638283), np.int64(7727388), np.int64(10904712), np.int64(14209774), np.int64(14210160), np.int64(14212611), np.int64(9468613), np.int64(8641212), np.int64(8085650), np.int64(9352757), np.int64(14210792), np.int64(14209016), np.int64(13194703), np.int64(8267043), np.int64(8569297), np.int64(7461704), np.int64(13233543), np.int64(14213970), np.int64(13435098), np.int64(8657580), np.int64(8212673), np.int64(8168031), np.int64(14212830), np.int64(14215229), np.int64(9495833), np.int64(8131973), np.int64(7741509), np.int64(14219649), np.int64(12069935), np.int64(7657347), np.int64(9292654), np.int64(14211569), np.int64(11076679), np.int64(9048319), np.int64(8172751), np.int64(2280272)]
INFO:cooler._reduce:records consumed: [np.int64(0), np.int64(0), np.int64(0), np.int64(0), np.int64(0), np.int64(0), np.int64(0), np.int64(0), np.int64(0), np.int64(0), np.int64(0), np.int64(0), np.int64(0), np.int64(0), np.int64(0), np.int64(0), np.int64(0), np.int64(0), np.int64(0), np.int64(0), np.int64(0), np.int64(0), np.int64(0), np.int64(0), np.int64(0), np.int64(0), np.int64(0), np.int64(0), np.int64(0), np.int64(0), np.int64(0), np.int64(0), np.int64(0), np.int64(0), np.int64(0), np.int64(0), np.int64(0), np.int64(0), np.int64(0), np.int64(0), np.int64(0), np.int64(0), np.int64(0), np.int64(0), np.int64(0), np.int64(0), np.int64(0), np.int64(0), np.int64(6829764), np.int64(8733843), np.int64(8179245), np.int64(7786700), np.int64(9874104), np.int64(14210285), np.int64(14209134), np.int64(14209092), np.int64(14209011), np.int64(14209937), np.int64(11224781), np.int64(8155849), np.int64(7361673), np.int64(14215265), np.int64(10650027), np.int64(7687978), np.int64(8528069), np.int64(14210549), np.int64(8708303), np.int64(7551801), np.int64(10647968), np.int64(11166654), np.int64(7316580), np.int64(11957752), np.int64(0), np.int64(652902), np.int64(162487), np.int64(0), np.int64(0), np.int64(0), np.int64(0), np.int64(0), np.int64(0), np.int64(3810755), np.int64(14208902), np.int64(13937646), np.int64(9400619), np.int64(8839950), np.int64(8281097), np.int64(8334633), np.int64(7691501), np.int64(14208546), np.int64(14207136), np.int64(14206942), np.int64(1406963), np.int64(0), np.int64(9205992), np.int64(14207727), np.int64(11945569), np.int64(8620226), np.int64(8390564), np.int64(7801074), np.int64(10681474), np.int64(14207347), np.int64(14202612), np.int64(14211650), np.int64(12583376), np.int64(8661642), np.int64(8638283), np.int64(7727388), np.int64(10904712), np.int64(14209774), np.int64(14210160), np.int64(14212611), np.int64(9468613), np.int64(8641212), np.int64(8085650), np.int64(9352757), np.int64(14210792), np.int64(14209016), np.int64(13194703), np.int64(8267043), np.int64(8569297), np.int64(7461704), np.int64(13233543), np.int64(14213970), np.int64(13435098), np.int64(8657580), np.int64(8212673), np.int64(8168031), np.int64(14212830), np.int64(14215229), np.int64(9495833), np.int64(8131973), np.int64(7741509), np.int64(14219649), np.int64(12069935), np.int64(7657347), np.int64(9292654), np.int64(14211569), np.int64(11076679), np.int64(9048319), np.int64(8172751), np.int64(2280272)]
INFO:cooler._reduce:records consumed: [np.int64(0), np.int64(0), np.int64(0), np.int64(0), np.int64(0), np.int64(0), np.int64(0), np.int64(0), np.int64(0), np.int64(0), np.int64(0), np.int64(0), np.int64(0), np.int64(0), np.int64(0), np.int64(0), np.int64(0), np.int64(0), np.int64(0), np.int64(0), np.int64(0), np.int64(0), np.int64(0), np.int64(0), np.int64(0), np.int64(0), np.int64(0), np.int64(0), np.int64(0), np.int64(0), np.int64(0), np.int64(0), np.int64(0), np.int64(0), np.int64(0), np.int64(0), np.int64(0), np.int64(0), np.int64(0), np.int64(0), np.int64(0), np.int64(0), np.int64(0), np.int64(0), np.int64(0), np.int64(0), np.int64(0), np.int64(0), np.int64(6829764), np.int64(8733843), np.int64(8179245), np.int64(7786700), np.int64(9874104), np.int64(14210285), np.int64(14209134), np.int64(14209092), np.int64(14209011), np.int64(14209937), np.int64(11224781), np.int64(8155849), np.int64(7361673), np.int64(14215265), np.int64(10650027), np.int64(7687978), np.int64(8528069), np.int64(14210549), np.int64(8708303), np.int64(7551801), np.int64(10647968), np.int64(11166654), np.int64(7316580), np.int64(11970537), np.int64(7628147), np.int64(7342836), np.int64(831733), np.int64(0), np.int64(0), np.int64(0), np.int64(0), np.int64(0), np.int64(0), np.int64(3810755), np.int64(14208902), np.int64(13937646), np.int64(9400619), np.int64(8839950), np.int64(8281097), np.int64(8334633), np.int64(7691501), np.int64(14208546), np.int64(14207136), np.int64(14206942), np.int64(1406963), np.int64(0), np.int64(9205992), np.int64(14207727), np.int64(11945569), np.int64(8620226), np.int64(8390564), np.int64(7801074), np.int64(10681474), np.int64(14207347), np.int64(14202612), np.int64(14211650), np.int64(12583376), np.int64(8661642), np.int64(8638283), np.int64(7727388), np.int64(10904712), np.int64(14209774), np.int64(14210160), np.int64(14212611), np.int64(9468613), np.int64(8641212), np.int64(8085650), np.int64(9352757), np.int64(14210792), np.int64(14209016), np.int64(13194703), np.int64(8267043), np.int64(8569297), np.int64(7461704), np.int64(13233543), np.int64(14213970), np.int64(13435098), np.int64(8657580), np.int64(8212673), np.int64(8168031), np.int64(14212830), np.int64(14215229), np.int64(9495833), np.int64(8131973), np.int64(7741509), np.int64(14219649), np.int64(12069935), np.int64(7657347), np.int64(9292654), np.int64(14211569), np.int64(11076679), np.int64(9048319), np.int64(8172751), np.int64(2280272)]
INFO:cooler._reduce:records consumed: [np.int64(0), np.int64(0), np.int64(0), np.int64(0), np.int64(0), np.int64(0), np.int64(0), np.int64(0), np.int64(0), np.int64(0), np.int64(0), np.int64(0), np.int64(0), np.int64(0), np.int64(0), np.int64(0), np.int64(0), np.int64(0), np.int64(0), np.int64(0), np.int64(0), np.int64(0), np.int64(0), np.int64(0), np.int64(0), np.int64(0), np.int64(0), np.int64(0), np.int64(0), np.int64(0), np.int64(0), np.int64(0), np.int64(0), np.int64(0), np.int64(0), np.int64(0), np.int64(0), np.int64(0), np.int64(0), np.int64(0), np.int64(0), np.int64(0), np.int64(0), np.int64(0), np.int64(0), np.int64(0), np.int64(0), np.int64(0), np.int64(6829764), np.int64(8733843), np.int64(8179245), np.int64(7786700), np.int64(9874104), np.int64(14210285), np.int64(14209134), np.int64(14209092), np.int64(14209011), np.int64(14209937), np.int64(11224781), np.int64(8155849), np.int64(7361673), np.int64(14215265), np.int64(10650027), np.int64(7687978), np.int64(8528069), np.int64(14210549), np.int64(8708303), np.int64(7551801), np.int64(10647968), np.int64(11166654), np.int64(7316580), np.int64(11970537), np.int64(7628147), np.int64(10492341), np.int64(7894262), np.int64(4787970), np.int64(0), np.int64(0), np.int64(0), np.int64(0), np.int64(0), np.int64(3810755), np.int64(14208902), np.int64(13937646), np.int64(9400619), np.int64(8839950), np.int64(8281097), np.int64(8334633), np.int64(7691501), np.int64(14208546), np.int64(14207136), np.int64(14206942), np.int64(1406963), np.int64(0), np.int64(9205992), np.int64(14207727), np.int64(11945569), np.int64(8620226), np.int64(8390564), np.int64(7801074), np.int64(10681474), np.int64(14207347), np.int64(14202612), np.int64(14211650), np.int64(12583376), np.int64(8661642), np.int64(8638283), np.int64(7727388), np.int64(10904712), np.int64(14209774), np.int64(14210160), np.int64(14212611), np.int64(9468613), np.int64(8641212), np.int64(8085650), np.int64(9352757), np.int64(14210792), np.int64(14209016), np.int64(13194703), np.int64(8267043), np.int64(8569297), np.int64(7461704), np.int64(13233543), np.int64(14213970), np.int64(13435098), np.int64(8657580), np.int64(8212673), np.int64(8168031), np.int64(14212830), np.int64(14215229), np.int64(9495833), np.int64(8131973), np.int64(7741509), np.int64(14219649), np.int64(12069935), np.int64(7657347), np.int64(9292654), np.int64(14211569), np.int64(11076679), np.int64(9048319), np.int64(8172751), np.int64(2280272)]
INFO:cooler._reduce:records consumed: [np.int64(0), np.int64(0), np.int64(0), np.int64(0), np.int64(0), np.int64(0), np.int64(0), np.int64(0), np.int64(0), np.int64(0), np.int64(0), np.int64(0), np.int64(0), np.int64(0), np.int64(0), np.int64(0), np.int64(0), np.int64(0), np.int64(0), np.int64(0), np.int64(0), np.int64(0), np.int64(0), np.int64(0), np.int64(0), np.int64(0), np.int64(0), np.int64(0), np.int64(0), np.int64(0), np.int64(0), np.int64(0), np.int64(0), np.int64(0), np.int64(0), np.int64(0), np.int64(0), np.int64(0), np.int64(0), np.int64(0), np.int64(0), np.int64(0), np.int64(0), np.int64(0), np.int64(0), np.int64(0), np.int64(0), np.int64(0), np.int64(6829764), np.int64(8733843), np.int64(8179245), np.int64(7786700), np.int64(9874104), np.int64(14210285), np.int64(14209134), np.int64(14209092), np.int64(14209011), np.int64(14209937), np.int64(11224781), np.int64(8155849), np.int64(7361673), np.int64(14215265), np.int64(10650027), np.int64(7687978), np.int64(8528069), np.int64(14210549), np.int64(8708303), np.int64(7551801), np.int64(10647968), np.int64(11166654), np.int64(7316580), np.int64(11970537), np.int64(7628147), np.int64(10492341), np.int64(8130193), np.int64(10444281), np.int64(5307940), np.int64(3800050), np.int64(0), np.int64(0), np.int64(0), np.int64(3810755), np.int64(14208902), np.int64(13937646), np.int64(9400619), np.int64(8839950), np.int64(8281097), np.int64(8334633), np.int64(7691501), np.int64(14208546), np.int64(14207136), np.int64(14206942), np.int64(1406963), np.int64(0), np.int64(9205992), np.int64(14207727), np.int64(11945569), np.int64(8620226), np.int64(8390564), np.int64(7801074), np.int64(10681474), np.int64(14207347), np.int64(14202612), np.int64(14211650), np.int64(12583376), np.int64(8661642), np.int64(8638283), np.int64(7727388), np.int64(10904712), np.int64(14209774), np.int64(14210160), np.int64(14212611), np.int64(9468613), np.int64(8641212), np.int64(8085650), np.int64(9352757), np.int64(14210792), np.int64(14209016), np.int64(13194703), np.int64(8267043), np.int64(8569297), np.int64(7461704), np.int64(13233543), np.int64(14213970), np.int64(13435098), np.int64(8657580), np.int64(8212673), np.int64(8168031), np.int64(14212830), np.int64(14215229), np.int64(9495833), np.int64(8131973), np.int64(7741509), np.int64(14219649), np.int64(12069935), np.int64(7657347), np.int64(9292654), np.int64(14211569), np.int64(11076679), np.int64(9048319), np.int64(8172751), np.int64(2280272)]
INFO:cooler._reduce:records consumed: [np.int64(0), np.int64(0), np.int64(0), np.int64(0), np.int64(0), np.int64(0), np.int64(0), np.int64(0), np.int64(0), np.int64(0), np.int64(0), np.int64(0), np.int64(0), np.int64(0), np.int64(0), np.int64(0), np.int64(0), np.int64(0), np.int64(0), np.int64(0), np.int64(0), np.int64(0), np.int64(0), np.int64(0), np.int64(0), np.int64(0), np.int64(0), np.int64(0), np.int64(0), np.int64(0), np.int64(0), np.int64(0), np.int64(0), np.int64(0), np.int64(0), np.int64(0), np.int64(0), np.int64(0), np.int64(0), np.int64(0), np.int64(0), np.int64(0), np.int64(0), np.int64(0), np.int64(0), np.int64(0), np.int64(0), np.int64(0), np.int64(6829764), np.int64(8733843), np.int64(8179245), np.int64(7786700), np.int64(9874104), np.int64(14210285), np.int64(14209134), np.int64(14209092), np.int64(14209011), np.int64(14209937), np.int64(11224781), np.int64(8155849), np.int64(7361673), np.int64(14215265), np.int64(10650027), np.int64(7687978), np.int64(8528069), np.int64(14210549), np.int64(8708303), np.int64(7551801), np.int64(10647968), np.int64(11166654), np.int64(7316580), np.int64(11970537), np.int64(7628147), np.int64(10492341), np.int64(8130193), np.int64(10444281), np.int64(7109242), np.int64(10163535), np.int64(4800475), np.int64(2034804), np.int64(0), np.int64(3810755), np.int64(14208902), np.int64(13937646), np.int64(9400619), np.int64(8839950), np.int64(8281097), np.int64(8334633), np.int64(7691501), np.int64(14208546), np.int64(14207136), np.int64(14206942), np.int64(1406963), np.int64(0), np.int64(9205992), np.int64(14207727), np.int64(11945569), np.int64(8620226), np.int64(8390564), np.int64(7801074), np.int64(10681474), np.int64(14207347), np.int64(14202612), np.int64(14211650), np.int64(12583376), np.int64(8661642), np.int64(8638283), np.int64(7727388), np.int64(10904712), np.int64(14209774), np.int64(14210160), np.int64(14212611), np.int64(9468613), np.int64(8641212), np.int64(8085650), np.int64(9352757), np.int64(14210792), np.int64(14209016), np.int64(13194703), np.int64(8267043), np.int64(8569297), np.int64(7461704), np.int64(13233543), np.int64(14213970), np.int64(13435098), np.int64(8657580), np.int64(8212673), np.int64(8168031), np.int64(14212830), np.int64(14215229), np.int64(9495833), np.int64(8131973), np.int64(7741509), np.int64(14219649), np.int64(12069935), np.int64(7657347), np.int64(9292654), np.int64(14211569), np.int64(11076679), np.int64(9048319), np.int64(8172751), np.int64(2280272)]
INFO:cooler._reduce:records consumed: [np.int64(0), np.int64(0), np.int64(0), np.int64(0), np.int64(0), np.int64(0), np.int64(0), np.int64(0), np.int64(0), np.int64(0), np.int64(0), np.int64(0), np.int64(0), np.int64(0), np.int64(0), np.int64(0), np.int64(0), np.int64(0), np.int64(0), np.int64(0), np.int64(0), np.int64(0), np.int64(0), np.int64(0), np.int64(0), np.int64(0), np.int64(0), np.int64(0), np.int64(0), np.int64(0), np.int64(0), np.int64(0), np.int64(0), np.int64(0), np.int64(0), np.int64(0), np.int64(0), np.int64(0), np.int64(0), np.int64(0), np.int64(0), np.int64(0), np.int64(0), np.int64(0), np.int64(0), np.int64(0), np.int64(0), np.int64(0), np.int64(6829764), np.int64(8733843), np.int64(8179245), np.int64(7786700), np.int64(9874104), np.int64(14210285), np.int64(14209134), np.int64(14209092), np.int64(14209011), np.int64(14209937), np.int64(11224781), np.int64(8155849), np.int64(7361673), np.int64(14215265), np.int64(10650027), np.int64(7687978), np.int64(8528069), np.int64(14210549), np.int64(8708303), np.int64(7551801), np.int64(10647968), np.int64(11166654), np.int64(7316580), np.int64(11970537), np.int64(7628147), np.int64(10492341), np.int64(8130193), np.int64(10444281), np.int64(7109242), np.int64(10163535), np.int64(7216196), np.int64(9304460), np.int64(5314645), np.int64(3810755), np.int64(14208902), np.int64(13937646), np.int64(9400619), np.int64(8839950), np.int64(8281097), np.int64(8334633), np.int64(7691501), np.int64(14208546), np.int64(14207136), np.int64(14206942), np.int64(1406963), np.int64(0), np.int64(9205992), np.int64(14207727), np.int64(11945569), np.int64(8620226), np.int64(8390564), np.int64(7801074), np.int64(10681474), np.int64(14207347), np.int64(14202612), np.int64(14211650), np.int64(12583376), np.int64(8661642), np.int64(8638283), np.int64(7727388), np.int64(10904712), np.int64(14209774), np.int64(14210160), np.int64(14212611), np.int64(9468613), np.int64(8641212), np.int64(8085650), np.int64(9352757), np.int64(14210792), np.int64(14209016), np.int64(13194703), np.int64(8267043), np.int64(8569297), np.int64(7461704), np.int64(13233543), np.int64(14213970), np.int64(13435098), np.int64(8657580), np.int64(8212673), np.int64(8168031), np.int64(14212830), np.int64(14215229), np.int64(9495833), np.int64(8131973), np.int64(7741509), np.int64(14219649), np.int64(12069935), np.int64(7657347), np.int64(9292654), np.int64(14211569), np.int64(11076679), np.int64(9048319), np.int64(8172751), np.int64(2280272)]
INFO:cooler._reduce:records consumed: [np.int64(0), np.int64(0), np.int64(0), np.int64(0), np.int64(0), np.int64(0), np.int64(0), np.int64(0), np.int64(0), np.int64(0), np.int64(0), np.int64(0), np.int64(0), np.int64(0), np.int64(0), np.int64(0), np.int64(0), np.int64(0), np.int64(0), np.int64(0), np.int64(0), np.int64(0), np.int64(0), np.int64(0), np.int64(0), np.int64(0), np.int64(0), np.int64(0), np.int64(0), np.int64(0), np.int64(0), np.int64(0), np.int64(0), np.int64(0), np.int64(0), np.int64(0), np.int64(0), np.int64(0), np.int64(0), np.int64(0), np.int64(0), np.int64(0), np.int64(0), np.int64(0), np.int64(0), np.int64(0), np.int64(0), np.int64(0), np.int64(6829764), np.int64(8733843), np.int64(8179245), np.int64(7786700), np.int64(9874104), np.int64(14210285), np.int64(14209134), np.int64(14209092), np.int64(14209011), np.int64(14209937), np.int64(11224781), np.int64(8155849), np.int64(7361673), np.int64(14215265), np.int64(10650027), np.int64(7687978), np.int64(8528069), np.int64(14210549), np.int64(8708303), np.int64(7551801), np.int64(10647968), np.int64(11166654), np.int64(7316580), np.int64(11970537), np.int64(7628147), np.int64(10492341), np.int64(8130193), np.int64(10444281), np.int64(7109242), np.int64(10163535), np.int64(7216196), np.int64(9304460), np.int64(8316269), np.int64(7367520), np.int64(14208902), np.int64(13937646), np.int64(9400619), np.int64(8839950), np.int64(8281097), np.int64(8334633), np.int64(7691501), np.int64(14208546), np.int64(14207136), np.int64(14206942), np.int64(7748877), np.int64(2076206), np.int64(9205992), np.int64(14207727), np.int64(11945569), np.int64(8620226), np.int64(8390564), np.int64(7801074), np.int64(10681474), np.int64(14207347), np.int64(14202612), np.int64(14211650), np.int64(12583376), np.int64(8661642), np.int64(8638283), np.int64(7727388), np.int64(10904712), np.int64(14209774), np.int64(14210160), np.int64(14212611), np.int64(9468613), np.int64(8641212), np.int64(8085650), np.int64(9352757), np.int64(14210792), np.int64(14209016), np.int64(13194703), np.int64(8267043), np.int64(8569297), np.int64(7461704), np.int64(13233543), np.int64(14213970), np.int64(13435098), np.int64(8657580), np.int64(8212673), np.int64(8168031), np.int64(14212830), np.int64(14215229), np.int64(9495833), np.int64(8131973), np.int64(7741509), np.int64(14219649), np.int64(12069935), np.int64(7657347), np.int64(9292654), np.int64(14211569), np.int64(11076679), np.int64(9048319), np.int64(8172751), np.int64(2303795)]
INFO:cooler._reduce:records consumed: [np.int64(0), np.int64(0), np.int64(0), np.int64(0), np.int64(0), np.int64(0), np.int64(0), np.int64(0), np.int64(0), np.int64(0), np.int64(0), np.int64(0), np.int64(0), np.int64(0), np.int64(0), np.int64(0), np.int64(0), np.int64(0), np.int64(0), np.int64(0), np.int64(0), np.int64(0), np.int64(0), np.int64(0), np.int64(0), np.int64(0), np.int64(0), np.int64(0), np.int64(0), np.int64(0), np.int64(0), np.int64(0), np.int64(0), np.int64(0), np.int64(0), np.int64(0), np.int64(0), np.int64(0), np.int64(0), np.int64(0), np.int64(0), np.int64(0), np.int64(0), np.int64(0), np.int64(0), np.int64(0), np.int64(0), np.int64(0), np.int64(6829764), np.int64(8733843), np.int64(8179245), np.int64(7786700), np.int64(9874104), np.int64(14210285), np.int64(14209134), np.int64(14209092), np.int64(14209011), np.int64(14209937), np.int64(11224781), np.int64(8155849), np.int64(7361673), np.int64(14215265), np.int64(10650027), np.int64(7687978), np.int64(8528069), np.int64(14210549), np.int64(8708303), np.int64(7551801), np.int64(10647968), np.int64(11166654), np.int64(7316580), np.int64(11970537), np.int64(7628147), np.int64(10492341), np.int64(8130193), np.int64(10444281), np.int64(7109242), np.int64(10163535), np.int64(7216196), np.int64(9304460), np.int64(8316269), np.int64(9377133), np.int64(14208902), np.int64(13937646), np.int64(9400619), np.int64(8839950), np.int64(8281097), np.int64(8334633), np.int64(7691501), np.int64(14208546), np.int64(14207136), np.int64(14206942), np.int64(7748877), np.int64(7179416), np.int64(11220899), np.int64(14207727), np.int64(11945569), np.int64(8620226), np.int64(8390564), np.int64(7801074), np.int64(10681474), np.int64(14207347), np.int64(14202612), np.int64(14211650), np.int64(12583376), np.int64(8661642), np.int64(8638283), np.int64(7727388), np.int64(10904712), np.int64(14209774), np.int64(14210160), np.int64(14212611), np.int64(9468613), np.int64(8641212), np.int64(8085650), np.int64(9352757), np.int64(14210792), np.int64(14209016), np.int64(13194703), np.int64(8267043), np.int64(8569297), np.int64(7461704), np.int64(13233543), np.int64(14213970), np.int64(13435098), np.int64(8657580), np.int64(8212673), np.int64(8168031), np.int64(14212830), np.int64(14215229), np.int64(9495833), np.int64(8131973), np.int64(7741509), np.int64(14219649), np.int64(12069935), np.int64(7657347), np.int64(9292807), np.int64(14211569), np.int64(11076679), np.int64(9048319), np.int64(8172751), np.int64(2303795)]
INFO:cooler.create:Writing indexes
INFO:cooler.create:Writing info
