sample	haplotype	contig	length
T2T00	haplotype1	haplotype1-0000001	245398328
T2T00	haplotype1	haplotype1-0000007	242664474
T2T00	haplotype1	haplotype1-0000005	200680242
T2T00	haplotype1	haplotype1-0000022	191927918
T2T00	haplotype1	haplotype1-0000021	182099431
T2T00	haplotype1	haplotype1-0000024	172159936
T2T00	haplotype1	haplotype1-0000008	159256231
T2T00	haplotype1	haplotype1-0000015	145923315
T2T00	haplotype1	haplotype1-0000025	138884307
T2T00	haplotype1	haplotype1-0000019	137904311
T2T00	haplotype1	haplotype1-0000004	136566791
T2T00	haplotype1	haplotype1-0000020	134052960
T2T00	haplotype1	haplotype1-0000017	102951975
T2T00	haplotype1	haplotype1-0000018	102016679
T2T00	haplotype1	haplotype1-0000010	99386947
T2T00	haplotype1	haplotype1-0000023	92123731
T2T00	haplotype1	haplotype1-0000006	83836360
T2T00	haplotype1	haplotype1-0000002	78991454
T2T00	haplotype1	haplotype1-0000016	65611324
T2T00	haplotype1	haplotype1-0000014	61709164
T2T00	haplotype1	haplotype1-0000011	52703089
T2T00	haplotype1	haplotype1-0000013	49370430
T2T00	haplotype1	haplotype1-0000003	39963702
T2T00	haplotype1	haplotype1-0000012	4479258
T2T00	haplotype1	haplotype1-0000009	3429182
T2T00	haplotype1	haplotype1-0000039	357532
T2T00	haplotype1	haplotype1-0000036	317822
T2T00	haplotype1	haplotype1-0000029	303026
T2T00	haplotype1	haplotype1-0000043	250712
T2T00	haplotype1	haplotype1-0000030	203963
T2T00	haplotype1	haplotype1-0000031	199328
T2T00	haplotype1	haplotype1-0000037	187152
T2T00	haplotype1	haplotype1-0000027	160876
T2T00	haplotype1	haplotype1-0000026	148950
T2T00	haplotype1	haplotype1-0000041	126562
T2T00	haplotype1	haplotype1-0000032	106840
T2T00	haplotype1	haplotype1-0000033	103234
T2T00	haplotype1	haplotype1-0000028	62301
T2T00	haplotype1	haplotype1-0000034	49854
T2T00	haplotype1	haplotype1-0000044	48150
T2T00	haplotype1	haplotype1-0000042	47844
T2T00	haplotype1	haplotype1-0000040	46726
T2T00	haplotype1	haplotype1-0000038	45039
T2T00	haplotype1	haplotype1-0000035	31345
T2T00	haplotype2	haplotype2-0000045	245133717
T2T00	haplotype2	haplotype2-0000051	242536137
T2T00	haplotype2	haplotype2-0000049	200623752
T2T00	haplotype2	haplotype2-0000068	191590024
T2T00	haplotype2	haplotype2-0000062	183921487
T2T00	haplotype2	haplotype2-0000063	173072865
T2T00	haplotype2	haplotype2-0000052	159962893
T2T00	haplotype2	haplotype2-0000056	154363537
T2T00	haplotype2	haplotype2-0000060	145735667
T2T00	haplotype2	haplotype2-0000066	136649847
T2T00	haplotype2	haplotype2-0000048	136628182
T2T00	haplotype2	haplotype2-0000071	136367677
T2T00	haplotype2	haplotype2-0000067	133650667
T2T00	haplotype2	haplotype2-0000064	107902539
T2T00	haplotype2	haplotype2-0000065	103572952
T2T00	haplotype2	haplotype2-0000053	95996840
T2T00	haplotype2	haplotype2-0000069	92814533
T2T00	haplotype2	haplotype2-0000050	83961448
T2T00	haplotype2	haplotype2-0000047	79952054
T2T00	haplotype2	haplotype2-0000057	64201663
T2T00	haplotype2	haplotype2-0000061	62408664
T2T00	haplotype2	haplotype2-0000059	50008979
T2T00	haplotype2	haplotype2-0000070	43812684
T2T00	haplotype2	haplotype2-0000054	2810077
T2T00	haplotype2	haplotype2-0000055	1972758
T2T00	haplotype2	haplotype2-0000058	1169985
T2T00	haplotype2	haplotype2-0000046	1013883
T2T00	haplotype2	haplotype2-0000079	898242
T2T00	haplotype2	haplotype2-0000115	400492
T2T00	haplotype2	haplotype2-0000112	261037
T2T00	haplotype2	haplotype2-0000107	234684
T2T00	haplotype2	haplotype2-0000072	226863
T2T00	haplotype2	haplotype2-0000086	211653
T2T00	haplotype2	haplotype2-0000095	198885
T2T00	haplotype2	haplotype2-0000114	193493
T2T00	haplotype2	haplotype2-0000117	184452
T2T00	haplotype2	haplotype2-0000103	182424
T2T00	haplotype2	haplotype2-0000073	166323
T2T00	haplotype2	haplotype2-0000110	157678
T2T00	haplotype2	haplotype2-0000081	157188
T2T00	haplotype2	haplotype2-0000085	156342
T2T00	haplotype2	haplotype2-0000077	151420
T2T00	haplotype2	haplotype2-0000076	150645
T2T00	haplotype2	haplotype2-0000078	149835
T2T00	haplotype2	haplotype2-0000109	145397
T2T00	haplotype2	haplotype2-0000102	143874
T2T00	haplotype2	haplotype2-0000088	142452
T2T00	haplotype2	haplotype2-0000097	136120
T2T00	haplotype2	haplotype2-0000116	134057
T2T00	haplotype2	haplotype2-0000104	131255
T2T00	haplotype2	haplotype2-0000111	130885
T2T00	haplotype2	haplotype2-0000106	115242
T2T00	haplotype2	haplotype2-0000091	111198
T2T00	haplotype2	haplotype2-0000084	98296
T2T00	haplotype2	haplotype2-0000080	95671
T2T00	haplotype2	haplotype2-0000083	91689
T2T00	haplotype2	haplotype2-0000092	84323
T2T00	haplotype2	haplotype2-0000093	82743
T2T00	haplotype2	haplotype2-0000082	79234
T2T00	haplotype2	haplotype2-0000075	70921
T2T00	haplotype2	haplotype2-0000108	65388
T2T00	haplotype2	haplotype2-0000101	60647
T2T00	haplotype2	haplotype2-0000096	60320
T2T00	haplotype2	haplotype2-0000090	57778
T2T00	haplotype2	haplotype2-0000074	53243
T2T00	haplotype2	haplotype2-0000100	52848
T2T00	haplotype2	haplotype2-0000098	50161
T2T00	haplotype2	haplotype2-0000099	45989
T2T00	haplotype2	haplotype2-0000113	45069
T2T00	haplotype2	haplotype2-0000105	45048
T2T00	haplotype2	haplotype2-0000089	43866
T2T00	haplotype2	haplotype2-0000094	38442
T2T00	haplotype2	haplotype2-0000087	29280
T2T00_1	haplotype1	haplotype1-0000004	247165570
T2T00_1	haplotype1	haplotype1-0000018	241986771
T2T00_1	haplotype1	haplotype1-0000009	200825299
T2T00_1	haplotype1	haplotype1-0000003	192109076
T2T00_1	haplotype1	haplotype1-0000014	184000694
T2T00_1	haplotype1	haplotype1-0000025	172097832
T2T00_1	haplotype1	haplotype1-0000017	159513623
T2T00_1	haplotype1	haplotype1-0000027	146117197
T2T00_1	haplotype1	haplotype1-0000008	136591974
T2T00_1	haplotype1	haplotype1-0000005	135985925
T2T00_1	haplotype1	haplotype1-0000010	134374884
T2T00_1	haplotype1	haplotype1-0000001	133662923
T2T00_1	haplotype1	haplotype1-0000016	107038747
T2T00_1	haplotype1	haplotype1-0000002	100842030
T2T00_1	haplotype1	haplotype1-0000013	95810834
T2T00_1	haplotype1	haplotype1-0000021	92123903
T2T00_1	haplotype1	haplotype1-0000015	83446283
T2T00_1	haplotype1	haplotype1-0000006	79509133
T2T00_1	haplotype1	haplotype1-0000012	64996913
T2T00_1	haplotype1	haplotype1-0000026	62337634
T2T00_1	haplotype1	haplotype1-0000019	48584948
T2T00_1	haplotype1	haplotype1-0000020	43167449
T2T00_1	haplotype1	haplotype1-0000023	9955474
T2T00_1	haplotype1	haplotype1-0000022	2301887
T2T00_1	haplotype1	haplotype1-0000007	1279891
T2T00_1	haplotype1	haplotype1-0000011	1230862
T2T00_1	haplotype1	haplotype1-0000024	979984
T2T00_1	haplotype1	haplotype1-0000043	374130
T2T00_1	haplotype1	haplotype1-0000038	326170
T2T00_1	haplotype1	haplotype1-0000041	267101
T2T00_1	haplotype1	haplotype1-0000033	213725
T2T00_1	haplotype1	haplotype1-0000028	188147
T2T00_1	haplotype1	haplotype1-0000032	167229
T2T00_1	haplotype1	haplotype1-0000039	158597
T2T00_1	haplotype1	haplotype1-0000035	152044
T2T00_1	haplotype1	haplotype1-0000040	143595
T2T00_1	haplotype1	haplotype1-0000030	138249
T2T00_1	haplotype1	haplotype1-0000044	120712
T2T00_1	haplotype1	haplotype1-0000034	117236
T2T00_1	haplotype1	haplotype1-0000031	110246
T2T00_1	haplotype1	haplotype1-0000047	104856
T2T00_1	haplotype1	haplotype1-0000046	98415
T2T00_1	haplotype1	haplotype1-0000048	80102
T2T00_1	haplotype1	haplotype1-0000045	77571
T2T00_1	haplotype1	haplotype1-0000036	70362
T2T00_1	haplotype1	haplotype1-0000037	57418
T2T00_1	haplotype1	haplotype1-0000042	55825
T2T00_1	haplotype1	haplotype1-0000029	48477
T2T00_1	haplotype2	haplotype2-0000061	248140933
T2T00_1	haplotype2	haplotype2-0000068	242685449
T2T00_1	haplotype2	haplotype2-0000058	202100401
T2T00_1	haplotype2	haplotype2-0000078	191673532
T2T00_1	haplotype2	haplotype2-0000064	183175776
T2T00_1	haplotype2	haplotype2-0000079	171258774
T2T00_1	haplotype2	haplotype2-0000067	161529428
T2T00_1	haplotype2	haplotype2-0000073	155019582
T2T00_1	haplotype2	haplotype2-0000071	146003521
T2T00_1	haplotype2	haplotype2-0000059	137895591
T2T00_1	haplotype2	haplotype2-0000052	136553293
T2T00_1	haplotype2	haplotype2-0000057	135440028
T2T00_1	haplotype2	haplotype2-0000049	134418758
T2T00_1	haplotype2	haplotype2-0000065	108864012
T2T00_1	haplotype2	haplotype2-0000081	103619121
T2T00_1	haplotype2	haplotype2-0000072	94576254
T2T00_1	haplotype2	haplotype2-0000063	93720723
T2T00_1	haplotype2	haplotype2-0000066	83749122
T2T00_1	haplotype2	haplotype2-0000056	81796117
T2T00_1	haplotype2	haplotype2-0000062	67907667
T2T00_1	haplotype2	haplotype2-0000055	60676981
T2T00_1	haplotype2	haplotype2-0000070	43547562
T2T00_1	haplotype2	haplotype2-0000051	43095820
T2T00_1	haplotype2	haplotype2-0000077	10815616
T2T00_1	haplotype2	haplotype2-0000075	6687921
T2T00_1	haplotype2	haplotype2-0000074	6014285
T2T00_1	haplotype2	haplotype2-0000069	4203268
T2T00_1	haplotype2	haplotype2-0000076	3595033
T2T00_1	haplotype2	haplotype2-0000050	3230425
T2T00_1	haplotype2	haplotype2-0000054	1377292
T2T00_1	haplotype2	haplotype2-0000060	1168489
T2T00_1	haplotype2	haplotype2-0000053	1022526
T2T00_1	haplotype2	haplotype2-0000080	970393
T2T00_1	haplotype2	haplotype2-0000082	961358
T2T00_1	haplotype2	haplotype2-0000178	875696
T2T00_1	haplotype2	haplotype2-0000134	531293
T2T00_1	haplotype2	haplotype2-0000182	466336
T2T00_1	haplotype2	haplotype2-0000104	464030
T2T00_1	haplotype2	haplotype2-0000158	440965
T2T00_1	haplotype2	haplotype2-0000187	407104
T2T00_1	haplotype2	haplotype2-0000087	379474
T2T00_1	haplotype2	haplotype2-0000185	361377
T2T00_1	haplotype2	haplotype2-0000131	359893
T2T00_1	haplotype2	haplotype2-0000135	357306
T2T00_1	haplotype2	haplotype2-0000156	341822
T2T00_1	haplotype2	haplotype2-0000191	331219
T2T00_1	haplotype2	haplotype2-0000088	329542
T2T00_1	haplotype2	haplotype2-0000147	324974
T2T00_1	haplotype2	haplotype2-0000098	323028
T2T00_1	haplotype2	haplotype2-0000208	321480
T2T00_1	haplotype2	haplotype2-0000162	320230
T2T00_1	haplotype2	haplotype2-0000180	319399
T2T00_1	haplotype2	haplotype2-0000130	317291
T2T00_1	haplotype2	haplotype2-0000186	316491
T2T00_1	haplotype2	haplotype2-0000095	311573
T2T00_1	haplotype2	haplotype2-0000106	307791
T2T00_1	haplotype2	haplotype2-0000197	307317
T2T00_1	haplotype2	haplotype2-0000105	298596
T2T00_1	haplotype2	haplotype2-0000146	292931
T2T00_1	haplotype2	haplotype2-0000152	272784
T2T00_1	haplotype2	haplotype2-0000207	262424
T2T00_1	haplotype2	haplotype2-0000169	259371
T2T00_1	haplotype2	haplotype2-0000091	256860
T2T00_1	haplotype2	haplotype2-0000201	253060
T2T00_1	haplotype2	haplotype2-0000127	238667
T2T00_1	haplotype2	haplotype2-0000118	227671
T2T00_1	haplotype2	haplotype2-0000175	224192
T2T00_1	haplotype2	haplotype2-0000145	223507
T2T00_1	haplotype2	haplotype2-0000128	223206
T2T00_1	haplotype2	haplotype2-0000172	221157
T2T00_1	haplotype2	haplotype2-0000171	220037
T2T00_1	haplotype2	haplotype2-0000150	218351
T2T00_1	haplotype2	haplotype2-0000133	214861
T2T00_1	haplotype2	haplotype2-0000083	213085
T2T00_1	haplotype2	haplotype2-0000112	212889
T2T00_1	haplotype2	haplotype2-0000193	205190
T2T00_1	haplotype2	haplotype2-0000122	196842
T2T00_1	haplotype2	haplotype2-0000149	195540
T2T00_1	haplotype2	haplotype2-0000144	194652
T2T00_1	haplotype2	haplotype2-0000113	189384
T2T00_1	haplotype2	haplotype2-0000119	188652
T2T00_1	haplotype2	haplotype2-0000120	184024
T2T00_1	haplotype2	haplotype2-0000205	183261
T2T00_1	haplotype2	haplotype2-0000126	178425
T2T00_1	haplotype2	haplotype2-0000137	172925
T2T00_1	haplotype2	haplotype2-0000121	169451
T2T00_1	haplotype2	haplotype2-0000206	167310
T2T00_1	haplotype2	haplotype2-0000192	164245
T2T00_1	haplotype2	haplotype2-0000114	160886
T2T00_1	haplotype2	haplotype2-0000102	155355
T2T00_1	haplotype2	haplotype2-0000123	149584
T2T00_1	haplotype2	haplotype2-0000111	148701
T2T00_1	haplotype2	haplotype2-0000096	144982
T2T00_1	haplotype2	haplotype2-0000136	143595
T2T00_1	haplotype2	haplotype2-0000124	142708
T2T00_1	haplotype2	haplotype2-0000159	141834
T2T00_1	haplotype2	haplotype2-0000093	141637
T2T00_1	haplotype2	haplotype2-0000143	136247
T2T00_1	haplotype2	haplotype2-0000097	134312
T2T00_1	haplotype2	haplotype2-0000089	132616
T2T00_1	haplotype2	haplotype2-0000166	131046
T2T00_1	haplotype2	haplotype2-0000141	128789
T2T00_1	haplotype2	haplotype2-0000199	128686
T2T00_1	haplotype2	haplotype2-0000157	128321
T2T00_1	haplotype2	haplotype2-0000085	121538
T2T00_1	haplotype2	haplotype2-0000161	118674
T2T00_1	haplotype2	haplotype2-0000148	118618
T2T00_1	haplotype2	haplotype2-0000125	116211
T2T00_1	haplotype2	haplotype2-0000151	113289
T2T00_1	haplotype2	haplotype2-0000173	112771
T2T00_1	haplotype2	haplotype2-0000103	111976
T2T00_1	haplotype2	haplotype2-0000183	109754
T2T00_1	haplotype2	haplotype2-0000117	108507
T2T00_1	haplotype2	haplotype2-0000204	105998
T2T00_1	haplotype2	haplotype2-0000132	100211
T2T00_1	haplotype2	haplotype2-0000177	98455
T2T00_1	haplotype2	haplotype2-0000099	96901
T2T00_1	haplotype2	haplotype2-0000200	94882
T2T00_1	haplotype2	haplotype2-0000116	92375
T2T00_1	haplotype2	haplotype2-0000179	90737
T2T00_1	haplotype2	haplotype2-0000100	89163
T2T00_1	haplotype2	haplotype2-0000140	89094
T2T00_1	haplotype2	haplotype2-0000190	89032
T2T00_1	haplotype2	haplotype2-0000155	87141
T2T00_1	haplotype2	haplotype2-0000196	85116
T2T00_1	haplotype2	haplotype2-0000174	84928
T2T00_1	haplotype2	haplotype2-0000101	84430
T2T00_1	haplotype2	haplotype2-0000142	83119
T2T00_1	haplotype2	haplotype2-0000086	83098
T2T00_1	haplotype2	haplotype2-0000084	78484
T2T00_1	haplotype2	haplotype2-0000184	69790
T2T00_1	haplotype2	haplotype2-0000115	69779
T2T00_1	haplotype2	haplotype2-0000138	69623
T2T00_1	haplotype2	haplotype2-0000176	69051
T2T00_1	haplotype2	haplotype2-0000129	64955
T2T00_1	haplotype2	haplotype2-0000203	64194
T2T00_1	haplotype2	haplotype2-0000202	62037
T2T00_1	haplotype2	haplotype2-0000139	57353
T2T00_1	haplotype2	haplotype2-0000188	55854
T2T00_1	haplotype2	haplotype2-0000198	55661
T2T00_1	haplotype2	haplotype2-0000109	55519
T2T00_1	haplotype2	haplotype2-0000110	49951
T2T00_1	haplotype2	haplotype2-0000181	49665
T2T00_1	haplotype2	haplotype2-0000092	49323
T2T00_1	haplotype2	haplotype2-0000189	49276
T2T00_1	haplotype2	haplotype2-0000168	48242
T2T00_1	haplotype2	haplotype2-0000194	48016
T2T00_1	haplotype2	haplotype2-0000154	46103
T2T00_1	haplotype2	haplotype2-0000165	45133
T2T00_1	haplotype2	haplotype2-0000108	44665
T2T00_1	haplotype2	haplotype2-0000094	43486
T2T00_1	haplotype2	haplotype2-0000160	41175
T2T00_1	haplotype2	haplotype2-0000195	40913
T2T00_1	haplotype2	haplotype2-0000167	40500
T2T00_1	haplotype2	haplotype2-0000107	40299
T2T00_1	haplotype2	haplotype2-0000090	40281
T2T00_1	haplotype2	haplotype2-0000153	36297
T2T00_1	haplotype2	haplotype2-0000170	35248
T2T00_1	haplotype2	haplotype2-0000164	33089
T2T00_1	haplotype2	haplotype2-0000163	15181
T2T00_2	haplotype1	haplotype1-0000041	201141588
T2T00_2	haplotype1	haplotype1-0000018	192895583
T2T00_2	haplotype1	haplotype1-0000010	181617679
T2T00_2	haplotype1	haplotype1-0000033	159923408
T2T00_2	haplotype1	haplotype1-0000028	149243112
T2T00_2	haplotype1	haplotype1-0000012	136019032
T2T00_2	haplotype1	haplotype1-0000034	135444982
T2T00_2	haplotype1	haplotype1-0000003	133232127
T2T00_2	haplotype1	haplotype1-0000001	133059177
T2T00_2	haplotype1	haplotype1-0000040	121552080
T2T00_2	haplotype1	haplotype1-0000019	110455047
T2T00_2	haplotype1	haplotype1-0000023	101736377
T2T00_2	haplotype1	haplotype1-0000043	100754458
T2T00_2	haplotype1	haplotype1-0000026	94783670
T2T00_2	haplotype1	haplotype1-0000002	89269539
T2T00_2	haplotype1	haplotype1-0000006	87214485
T2T00_2	haplotype1	haplotype1-0000009	83326463
T2T00_2	haplotype1	haplotype1-0000013	81111901
T2T00_2	haplotype1	haplotype1-0000032	80128035
T2T00_2	haplotype1	haplotype1-0000021	78184515
T2T00_2	haplotype1	haplotype1-0000007	71103871
T2T00_2	haplotype1	haplotype1-0000035	65663860
T2T00_2	haplotype1	haplotype1-0000038	63707916
T2T00_2	haplotype1	haplotype1-0000015	62576422
T2T00_2	haplotype1	haplotype1-0000039	59979975
T2T00_2	haplotype1	haplotype1-0000036	45424361
T2T00_2	haplotype1	haplotype1-0000025	43077078
T2T00_2	haplotype1	haplotype1-0000005	35460203
T2T00_2	haplotype1	haplotype1-0000030	16551375
T2T00_2	haplotype1	haplotype1-0000029	16322638
T2T00_2	haplotype1	haplotype1-0000027	11402536
T2T00_2	haplotype1	haplotype1-0000004	11247751
T2T00_2	haplotype1	haplotype1-0000011	5560155
T2T00_2	haplotype1	haplotype1-0000016	5292177
T2T00_2	haplotype1	haplotype1-0000037	5200089
T2T00_2	haplotype1	haplotype1-0000014	2623399
T2T00_2	haplotype1	haplotype1-0000042	2372936
T2T00_2	haplotype1	haplotype1-0000045	2224907
T2T00_2	haplotype1	haplotype1-0000020	1598675
T2T00_2	haplotype1	haplotype1-0000076	1446110
T2T00_2	haplotype1	haplotype1-0000024	1259913
T2T00_2	haplotype1	haplotype1-0000008	1103802
T2T00_2	haplotype1	haplotype1-0000022	1068775
T2T00_2	haplotype1	haplotype1-0000031	992521
T2T00_2	haplotype1	haplotype1-0000017	970015
T2T00_2	haplotype1	haplotype1-0000230	941645
T2T00_2	haplotype1	haplotype1-0000269	877289
T2T00_2	haplotype1	haplotype1-0000209	782903
T2T00_2	haplotype1	haplotype1-0000087	749923
T2T00_2	haplotype1	haplotype1-0000234	748167
T2T00_2	haplotype1	haplotype1-0000286	731491
T2T00_2	haplotype1	haplotype1-0000224	693177
T2T00_2	haplotype1	haplotype1-0000114	648837
T2T00_2	haplotype1	haplotype1-0000157	644393
T2T00_2	haplotype1	haplotype1-0000303	640584
T2T00_2	haplotype1	haplotype1-0000136	616237
T2T00_2	haplotype1	haplotype1-0000315	541424
T2T00_2	haplotype1	haplotype1-0000211	527726
T2T00_2	haplotype1	haplotype1-0000322	515428
T2T00_2	haplotype1	haplotype1-0000183	509751
T2T00_2	haplotype1	haplotype1-0000307	495508
T2T00_2	haplotype1	haplotype1-0000107	480186
T2T00_2	haplotype1	haplotype1-0000137	469210
T2T00_2	haplotype1	haplotype1-0000278	466141
T2T00_2	haplotype1	haplotype1-0000158	458009
T2T00_2	haplotype1	haplotype1-0000305	449925
T2T00_2	haplotype1	haplotype1-0000168	436079
T2T00_2	haplotype1	haplotype1-0000048	406806
T2T00_2	haplotype1	haplotype1-0000298	405620
T2T00_2	haplotype1	haplotype1-0000268	402275
T2T00_2	haplotype1	haplotype1-0000257	394340
T2T00_2	haplotype1	haplotype1-0000212	389603
T2T00_2	haplotype1	haplotype1-0000251	388712
T2T00_2	haplotype1	haplotype1-0000215	380478
T2T00_2	haplotype1	haplotype1-0000313	374002
T2T00_2	haplotype1	haplotype1-0000135	364882
T2T00_2	haplotype1	haplotype1-0000104	363328
T2T00_2	haplotype1	haplotype1-0000281	355774
T2T00_2	haplotype1	haplotype1-0000160	351270
T2T00_2	haplotype1	haplotype1-0000253	345413
T2T00_2	haplotype1	haplotype1-0000311	342534
T2T00_2	haplotype1	haplotype1-0000206	340793
T2T00_2	haplotype1	haplotype1-0000193	335160
T2T00_2	haplotype1	haplotype1-0000203	322218
T2T00_2	haplotype1	haplotype1-0000162	321189
T2T00_2	haplotype1	haplotype1-0000163	321014
T2T00_2	haplotype1	haplotype1-0000070	314191
T2T00_2	haplotype1	haplotype1-0000310	313511
T2T00_2	haplotype1	haplotype1-0000283	306848
T2T00_2	haplotype1	haplotype1-0000085	297528
T2T00_2	haplotype1	haplotype1-0000306	291273
T2T00_2	haplotype1	haplotype1-0000108	290552
T2T00_2	haplotype1	haplotype1-0000247	286005
T2T00_2	haplotype1	haplotype1-0000293	282725
T2T00_2	haplotype1	haplotype1-0000387	282724
T2T00_2	haplotype1	haplotype1-0000049	282469
T2T00_2	haplotype1	haplotype1-0000397	280461
T2T00_2	haplotype1	haplotype1-0000210	275061
T2T00_2	haplotype1	haplotype1-0000086	274382
T2T00_2	haplotype1	haplotype1-0000250	272426
T2T00_2	haplotype1	haplotype1-0000297	269958
T2T00_2	haplotype1	haplotype1-0000272	269618
T2T00_2	haplotype1	haplotype1-0000364	267073
T2T00_2	haplotype1	haplotype1-0000059	262873
T2T00_2	haplotype1	haplotype1-0000144	262048
T2T00_2	haplotype1	haplotype1-0000318	259446
T2T00_2	haplotype1	haplotype1-0000095	255087
T2T00_2	haplotype1	haplotype1-0000314	251239
T2T00_2	haplotype1	haplotype1-0000336	251175
T2T00_2	haplotype1	haplotype1-0000271	249643
T2T00_2	haplotype1	haplotype1-0000103	248101
T2T00_2	haplotype1	haplotype1-0000222	246726
T2T00_2	haplotype1	haplotype1-0000161	245908
T2T00_2	haplotype1	haplotype1-0000190	243273
T2T00_2	haplotype1	haplotype1-0000050	241429
T2T00_2	haplotype1	haplotype1-0000097	240584
T2T00_2	haplotype1	haplotype1-0000304	240110
T2T00_2	haplotype1	haplotype1-0000058	237764
T2T00_2	haplotype1	haplotype1-0000187	235258
T2T00_2	haplotype1	haplotype1-0000100	230354
T2T00_2	haplotype1	haplotype1-0000174	229580
T2T00_2	haplotype1	haplotype1-0000252	228330
T2T00_2	haplotype1	haplotype1-0000194	226044
T2T00_2	haplotype1	haplotype1-0000201	224725
T2T00_2	haplotype1	haplotype1-0000125	221060
T2T00_2	haplotype1	haplotype1-0000285	219405
T2T00_2	haplotype1	haplotype1-0000075	218117
T2T00_2	haplotype1	haplotype1-0000292	215596
T2T00_2	haplotype1	haplotype1-0000046	214390
T2T00_2	haplotype1	haplotype1-0000333	207805
T2T00_2	haplotype1	haplotype1-0000172	207162
T2T00_2	haplotype1	haplotype1-0000175	204850
T2T00_2	haplotype1	haplotype1-0000358	199582
T2T00_2	haplotype1	haplotype1-0000092	198851
T2T00_2	haplotype1	haplotype1-0000348	198345
T2T00_2	haplotype1	haplotype1-0000061	197502
T2T00_2	haplotype1	haplotype1-0000309	195507
T2T00_2	haplotype1	haplotype1-0000068	193837
T2T00_2	haplotype1	haplotype1-0000216	193626
T2T00_2	haplotype1	haplotype1-0000320	193366
T2T00_2	haplotype1	haplotype1-0000279	191159
T2T00_2	haplotype1	haplotype1-0000407	187885
T2T00_2	haplotype1	haplotype1-0000346	183220
T2T00_2	haplotype1	haplotype1-0000290	180521
T2T00_2	haplotype1	haplotype1-0000330	180316
T2T00_2	haplotype1	haplotype1-0000143	178692
T2T00_2	haplotype1	haplotype1-0000208	177967
T2T00_2	haplotype1	haplotype1-0000280	177276
T2T00_2	haplotype1	haplotype1-0000395	177014
T2T00_2	haplotype1	haplotype1-0000065	176933
T2T00_2	haplotype1	haplotype1-0000317	175821
T2T00_2	haplotype1	haplotype1-0000375	175805
T2T00_2	haplotype1	haplotype1-0000072	175766
T2T00_2	haplotype1	haplotype1-0000167	174858
T2T00_2	haplotype1	haplotype1-0000255	172357
T2T00_2	haplotype1	haplotype1-0000096	171544
T2T00_2	haplotype1	haplotype1-0000178	169851
T2T00_2	haplotype1	haplotype1-0000113	169848
T2T00_2	haplotype1	haplotype1-0000138	169022
T2T00_2	haplotype1	haplotype1-0000291	169008
T2T00_2	haplotype1	haplotype1-0000099	168731
T2T00_2	haplotype1	haplotype1-0000284	166778
T2T00_2	haplotype1	haplotype1-0000084	166313
T2T00_2	haplotype1	haplotype1-0000334	164240
T2T00_2	haplotype1	haplotype1-0000131	161428
T2T00_2	haplotype1	haplotype1-0000118	160738
T2T00_2	haplotype1	haplotype1-0000195	159685
T2T00_2	haplotype1	haplotype1-0000124	159143
T2T00_2	haplotype1	haplotype1-0000335	156223
T2T00_2	haplotype1	haplotype1-0000073	155204
T2T00_2	haplotype1	haplotype1-0000345	154314
T2T00_2	haplotype1	haplotype1-0000184	154108
T2T00_2	haplotype1	haplotype1-0000295	153058
T2T00_2	haplotype1	haplotype1-0000344	152025
T2T00_2	haplotype1	haplotype1-0000056	151423
T2T00_2	haplotype1	haplotype1-0000240	150524
T2T00_2	haplotype1	haplotype1-0000105	150487
T2T00_2	haplotype1	haplotype1-0000139	149902
T2T00_2	haplotype1	haplotype1-0000057	149348
T2T00_2	haplotype1	haplotype1-0000249	148812
T2T00_2	haplotype1	haplotype1-0000147	148232
T2T00_2	haplotype1	haplotype1-0000328	147024
T2T00_2	haplotype1	haplotype1-0000409	145744
T2T00_2	haplotype1	haplotype1-0000063	145104
T2T00_2	haplotype1	haplotype1-0000218	144231
T2T00_2	haplotype1	haplotype1-0000066	140980
T2T00_2	haplotype1	haplotype1-0000383	139052
T2T00_2	haplotype1	haplotype1-0000164	138216
T2T00_2	haplotype1	haplotype1-0000044	138136
T2T00_2	haplotype1	haplotype1-0000064	136750
T2T00_2	haplotype1	haplotype1-0000394	135057
T2T00_2	haplotype1	haplotype1-0000090	134370
T2T00_2	haplotype1	haplotype1-0000379	133649
T2T00_2	haplotype1	haplotype1-0000221	132938
T2T00_2	haplotype1	haplotype1-0000408	132485
T2T00_2	haplotype1	haplotype1-0000289	132414
T2T00_2	haplotype1	haplotype1-0000169	131634
T2T00_2	haplotype1	haplotype1-0000223	131457
T2T00_2	haplotype1	haplotype1-0000382	130802
T2T00_2	haplotype1	haplotype1-0000133	130532
T2T00_2	haplotype1	haplotype1-0000219	128953
T2T00_2	haplotype1	haplotype1-0000150	128022
T2T00_2	haplotype1	haplotype1-0000155	126299
T2T00_2	haplotype1	haplotype1-0000179	126262
T2T00_2	haplotype1	haplotype1-0000384	125233
T2T00_2	haplotype1	haplotype1-0000396	124888
T2T00_2	haplotype1	haplotype1-0000062	124764
T2T00_2	haplotype1	haplotype1-0000083	124137
T2T00_2	haplotype1	haplotype1-0000173	121881
T2T00_2	haplotype1	haplotype1-0000370	121868
T2T00_2	haplotype1	haplotype1-0000332	119759
T2T00_2	haplotype1	haplotype1-0000154	118480
T2T00_2	haplotype1	haplotype1-0000246	116769
T2T00_2	haplotype1	haplotype1-0000301	116306
T2T00_2	haplotype1	haplotype1-0000078	114953
T2T00_2	haplotype1	haplotype1-0000352	114480
T2T00_2	haplotype1	haplotype1-0000390	113999
T2T00_2	haplotype1	haplotype1-0000180	112533
T2T00_2	haplotype1	haplotype1-0000406	111346
T2T00_2	haplotype1	haplotype1-0000227	111194
T2T00_2	haplotype1	haplotype1-0000238	109987
T2T00_2	haplotype1	haplotype1-0000121	109754
T2T00_2	haplotype1	haplotype1-0000359	109416
T2T00_2	haplotype1	haplotype1-0000288	108881
T2T00_2	haplotype1	haplotype1-0000225	108721
T2T00_2	haplotype1	haplotype1-0000199	108684
T2T00_2	haplotype1	haplotype1-0000378	108570
T2T00_2	haplotype1	haplotype1-0000071	108267
T2T00_2	haplotype1	haplotype1-0000325	107938
T2T00_2	haplotype1	haplotype1-0000188	107739
T2T00_2	haplotype1	haplotype1-0000152	106442
T2T00_2	haplotype1	haplotype1-0000326	106354
T2T00_2	haplotype1	haplotype1-0000214	106201
T2T00_2	haplotype1	haplotype1-0000220	104987
T2T00_2	haplotype1	haplotype1-0000404	104985
T2T00_2	haplotype1	haplotype1-0000243	104313
T2T00_2	haplotype1	haplotype1-0000186	103726
T2T00_2	haplotype1	haplotype1-0000146	102667
T2T00_2	haplotype1	haplotype1-0000239	102568
T2T00_2	haplotype1	haplotype1-0000388	101986
T2T00_2	haplotype1	haplotype1-0000369	101735
T2T00_2	haplotype1	haplotype1-0000140	100291
T2T00_2	haplotype1	haplotype1-0000282	99702
T2T00_2	haplotype1	haplotype1-0000368	99311
T2T00_2	haplotype1	haplotype1-0000047	99300
T2T00_2	haplotype1	haplotype1-0000091	99001
T2T00_2	haplotype1	haplotype1-0000127	98754
T2T00_2	haplotype1	haplotype1-0000337	98720
T2T00_2	haplotype1	haplotype1-0000276	98533
T2T00_2	haplotype1	haplotype1-0000248	98097
T2T00_2	haplotype1	haplotype1-0000207	97715
T2T00_2	haplotype1	haplotype1-0000165	96136
T2T00_2	haplotype1	haplotype1-0000354	94199
T2T00_2	haplotype1	haplotype1-0000088	94155
T2T00_2	haplotype1	haplotype1-0000376	94070
T2T00_2	haplotype1	haplotype1-0000122	93967
T2T00_2	haplotype1	haplotype1-0000074	92612
T2T00_2	haplotype1	haplotype1-0000148	92540
T2T00_2	haplotype1	haplotype1-0000082	91993
T2T00_2	haplotype1	haplotype1-0000351	91634
T2T00_2	haplotype1	haplotype1-0000273	90996
T2T00_2	haplotype1	haplotype1-0000275	90996
T2T00_2	haplotype1	haplotype1-0000380	90162
T2T00_2	haplotype1	haplotype1-0000067	88772
T2T00_2	haplotype1	haplotype1-0000111	88424
T2T00_2	haplotype1	haplotype1-0000077	86036
T2T00_2	haplotype1	haplotype1-0000274	85747
T2T00_2	haplotype1	haplotype1-0000312	85492
T2T00_2	haplotype1	haplotype1-0000171	84134
T2T00_2	haplotype1	haplotype1-0000054	83575
T2T00_2	haplotype1	haplotype1-0000338	83246
T2T00_2	haplotype1	haplotype1-0000244	83021
T2T00_2	haplotype1	haplotype1-0000256	82525
T2T00_2	haplotype1	haplotype1-0000254	82385
T2T00_2	haplotype1	haplotype1-0000362	82023
T2T00_2	haplotype1	haplotype1-0000166	81938
T2T00_2	haplotype1	haplotype1-0000149	80284
T2T00_2	haplotype1	haplotype1-0000403	78554
T2T00_2	haplotype1	haplotype1-0000116	78074
T2T00_2	haplotype1	haplotype1-0000112	77921
T2T00_2	haplotype1	haplotype1-0000267	77828
T2T00_2	haplotype1	haplotype1-0000128	76717
T2T00_2	haplotype1	haplotype1-0000145	75996
T2T00_2	haplotype1	haplotype1-0000339	74538
T2T00_2	haplotype1	haplotype1-0000374	73489
T2T00_2	haplotype1	haplotype1-0000277	73389
T2T00_2	haplotype1	haplotype1-0000410	72915
T2T00_2	haplotype1	haplotype1-0000266	72096
T2T00_2	haplotype1	haplotype1-0000270	71291
T2T00_2	haplotype1	haplotype1-0000117	71274
T2T00_2	haplotype1	haplotype1-0000170	71046
T2T00_2	haplotype1	haplotype1-0000365	70175
T2T00_2	haplotype1	haplotype1-0000080	70057
T2T00_2	haplotype1	haplotype1-0000372	69617
T2T00_2	haplotype1	haplotype1-0000233	69188
T2T00_2	haplotype1	haplotype1-0000053	68211
T2T00_2	haplotype1	haplotype1-0000110	67300
T2T00_2	haplotype1	haplotype1-0000381	66628
T2T00_2	haplotype1	haplotype1-0000341	66213
T2T00_2	haplotype1	haplotype1-0000217	66139
T2T00_2	haplotype1	haplotype1-0000228	65052
T2T00_2	haplotype1	haplotype1-0000361	64827
T2T00_2	haplotype1	haplotype1-0000331	64305
T2T00_2	haplotype1	haplotype1-0000294	63870
T2T00_2	haplotype1	haplotype1-0000360	63795
T2T00_2	haplotype1	haplotype1-0000191	63710
T2T00_2	haplotype1	haplotype1-0000321	62455
T2T00_2	haplotype1	haplotype1-0000189	62436
T2T00_2	haplotype1	haplotype1-0000192	61453
T2T00_2	haplotype1	haplotype1-0000401	61276
T2T00_2	haplotype1	haplotype1-0000259	58940
T2T00_2	haplotype1	haplotype1-0000258	58889
T2T00_2	haplotype1	haplotype1-0000323	58763
T2T00_2	haplotype1	haplotype1-0000261	58496
T2T00_2	haplotype1	haplotype1-0000319	58422
T2T00_2	haplotype1	haplotype1-0000181	58332
T2T00_2	haplotype1	haplotype1-0000081	56003
T2T00_2	haplotype1	haplotype1-0000316	55996
T2T00_2	haplotype1	haplotype1-0000197	55745
T2T00_2	haplotype1	haplotype1-0000109	55477
T2T00_2	haplotype1	haplotype1-0000371	55195
T2T00_2	haplotype1	haplotype1-0000182	55022
T2T00_2	haplotype1	haplotype1-0000142	53786
T2T00_2	haplotype1	haplotype1-0000089	53674
T2T00_2	haplotype1	haplotype1-0000263	53407
T2T00_2	haplotype1	haplotype1-0000353	51514
T2T00_2	haplotype1	haplotype1-0000347	50217
T2T00_2	haplotype1	haplotype1-0000241	50133
T2T00_2	haplotype1	haplotype1-0000051	49956
T2T00_2	haplotype1	haplotype1-0000356	49152
T2T00_2	haplotype1	haplotype1-0000262	48815
T2T00_2	haplotype1	haplotype1-0000052	48476
T2T00_2	haplotype1	haplotype1-0000205	47377
T2T00_2	haplotype1	haplotype1-0000204	47260
T2T00_2	haplotype1	haplotype1-0000342	47032
T2T00_2	haplotype1	haplotype1-0000265	45895
T2T00_2	haplotype1	haplotype1-0000060	45700
T2T00_2	haplotype1	haplotype1-0000098	45527
T2T00_2	haplotype1	haplotype1-0000129	45368
T2T00_2	haplotype1	haplotype1-0000264	45074
T2T00_2	haplotype1	haplotype1-0000367	45052
T2T00_2	haplotype1	haplotype1-0000373	44851
T2T00_2	haplotype1	haplotype1-0000202	44499
T2T00_2	haplotype1	haplotype1-0000363	44294
T2T00_2	haplotype1	haplotype1-0000176	43861
T2T00_2	haplotype1	haplotype1-0000106	43792
T2T00_2	haplotype1	haplotype1-0000299	43613
T2T00_2	haplotype1	haplotype1-0000237	43339
T2T00_2	haplotype1	haplotype1-0000185	43262
T2T00_2	haplotype1	haplotype1-0000343	42695
T2T00_2	haplotype1	haplotype1-0000079	42626
T2T00_2	haplotype1	haplotype1-0000151	42197
T2T00_2	haplotype1	haplotype1-0000389	41637
T2T00_2	haplotype1	haplotype1-0000196	40597
T2T00_2	haplotype1	haplotype1-0000141	40588
T2T00_2	haplotype1	haplotype1-0000287	40574
T2T00_2	haplotype1	haplotype1-0000115	40058
T2T00_2	haplotype1	haplotype1-0000159	39421
T2T00_2	haplotype1	haplotype1-0000405	39235
T2T00_2	haplotype1	haplotype1-0000377	39006
T2T00_2	haplotype1	haplotype1-0000366	38663
T2T00_2	haplotype1	haplotype1-0000398	38275
T2T00_2	haplotype1	haplotype1-0000308	37890
T2T00_2	haplotype1	haplotype1-0000235	37653
T2T00_2	haplotype1	haplotype1-0000349	36870
T2T00_2	haplotype1	haplotype1-0000245	36860
T2T00_2	haplotype1	haplotype1-0000069	36190
T2T00_2	haplotype1	haplotype1-0000340	35595
T2T00_2	haplotype1	haplotype1-0000226	35426
T2T00_2	haplotype1	haplotype1-0000329	34823
T2T00_2	haplotype1	haplotype1-0000350	34327
T2T00_2	haplotype1	haplotype1-0000126	32993
T2T00_2	haplotype1	haplotype1-0000402	32684
T2T00_2	haplotype1	haplotype1-0000232	32428
T2T00_2	haplotype1	haplotype1-0000296	31683
T2T00_2	haplotype1	haplotype1-0000213	29816
T2T00_2	haplotype1	haplotype1-0000094	29753
T2T00_2	haplotype1	haplotype1-0000392	28740
T2T00_2	haplotype1	haplotype1-0000198	28490
T2T00_2	haplotype1	haplotype1-0000385	28435
T2T00_2	haplotype1	haplotype1-0000153	28137
T2T00_2	haplotype1	haplotype1-0000386	27975
T2T00_2	haplotype1	haplotype1-0000357	27761
T2T00_2	haplotype1	haplotype1-0000355	27377
T2T00_2	haplotype1	haplotype1-0000260	26723
T2T00_2	haplotype1	haplotype1-0000242	26713
T2T00_2	haplotype1	haplotype1-0000393	26030
T2T00_2	haplotype1	haplotype1-0000200	25841
T2T00_2	haplotype1	haplotype1-0000123	25406
T2T00_2	haplotype1	haplotype1-0000229	24832
T2T00_2	haplotype1	haplotype1-0000101	24641
T2T00_2	haplotype1	haplotype1-0000399	24296
T2T00_2	haplotype1	haplotype1-0000132	24271
T2T00_2	haplotype1	haplotype1-0000391	23538
T2T00_2	haplotype1	haplotype1-0000302	23248
T2T00_2	haplotype1	haplotype1-0000300	23019
T2T00_2	haplotype1	haplotype1-0000156	23011
T2T00_2	haplotype1	haplotype1-0000102	22790
T2T00_2	haplotype1	haplotype1-0000327	22677
T2T00_2	haplotype1	haplotype1-0000231	22661
T2T00_2	haplotype1	haplotype1-0000236	22394
T2T00_2	haplotype1	haplotype1-0000400	22167
T2T00_2	haplotype1	haplotype1-0000134	21707
T2T00_2	haplotype1	haplotype1-0000093	21380
T2T00_2	haplotype1	haplotype1-0000177	20850
T2T00_2	haplotype1	haplotype1-0000055	20809
T2T00_2	haplotype1	haplotype1-0000324	20438
T2T00_2	haplotype1	haplotype1-0000119	20315
T2T00_2	haplotype1	haplotype1-0000130	20107
T2T00_2	haplotype1	haplotype1-0000120	17588
T2T00_2	haplotype2	haplotype2-0000464	199755894
T2T00_2	haplotype2	haplotype2-0000429	191152381
T2T00_2	haplotype2	haplotype2-0000419	179995408
T2T00_2	haplotype2	haplotype2-0000452	161399179
T2T00_2	haplotype2	haplotype2-0000453	152898237
T2T00_2	haplotype2	haplotype2-0000444	151780107
T2T00_2	haplotype2	haplotype2-0000463	146102283
T2T00_2	haplotype2	haplotype2-0000413	140629332
T2T00_2	haplotype2	haplotype2-0000420	136497792
T2T00_2	haplotype2	haplotype2-0000434	135108812
T2T00_2	haplotype2	haplotype2-0000412	132525670
T2T00_2	haplotype2	haplotype2-0000433	111455512
T2T00_2	haplotype2	haplotype2-0000445	102138572
T2T00_2	haplotype2	haplotype2-0000465	101322778
T2T00_2	haplotype2	haplotype2-0000443	94180351
T2T00_2	haplotype2	haplotype2-0000431	89035680
T2T00_2	haplotype2	haplotype2-0000417	87681364
T2T00_2	haplotype2	haplotype2-0000415	87576207
T2T00_2	haplotype2	haplotype2-0000459	84020898
T2T00_2	haplotype2	haplotype2-0000439	79335598
T2T00_2	haplotype2	haplotype2-0000411	65612924
T2T00_2	haplotype2	haplotype2-0000426	61161356
T2T00_2	haplotype2	haplotype2-0000462	58361844
T2T00_2	haplotype2	haplotype2-0000455	44462789
T2T00_2	haplotype2	haplotype2-0000442	43425435
T2T00_2	haplotype2	haplotype2-0000414	36031879
T2T00_2	haplotype2	haplotype2-0000435	27994681
T2T00_2	haplotype2	haplotype2-0000427	19600547
T2T00_2	haplotype2	haplotype2-0000424	19537044
T2T00_2	haplotype2	haplotype2-0000448	16627704
T2T00_2	haplotype2	haplotype2-0000454	9723417
T2T00_2	haplotype2	haplotype2-0000425	6874162
T2T00_2	haplotype2	haplotype2-0000428	5158235
T2T00_2	haplotype2	haplotype2-0000438	4622090
T2T00_2	haplotype2	haplotype2-0000461	4033258
T2T00_2	haplotype2	haplotype2-0000416	3017598
T2T00_2	haplotype2	haplotype2-0000446	2906649
T2T00_2	haplotype2	haplotype2-0000456	2886824
T2T00_2	haplotype2	haplotype2-0000449	2364636
T2T00_2	haplotype2	haplotype2-0000436	2180170
T2T00_2	haplotype2	haplotype2-0000699	2050705
T2T00_2	haplotype2	haplotype2-0000450	1755473
T2T00_2	haplotype2	haplotype2-0000418	1535526
T2T00_2	haplotype2	haplotype2-0000769	1438083
T2T00_2	haplotype2	haplotype2-0000430	1429788
T2T00_2	haplotype2	haplotype2-0000422	1394310
T2T00_2	haplotype2	haplotype2-0000451	1381498
T2T00_2	haplotype2	haplotype2-0000458	1360446
T2T00_2	haplotype2	haplotype2-0000447	1351036
T2T00_2	haplotype2	haplotype2-0000441	1127634
T2T00_2	haplotype2	haplotype2-0000440	1126758
T2T00_2	haplotype2	haplotype2-0000437	1087639
T2T00_2	haplotype2	haplotype2-0000641	1079593
T2T00_2	haplotype2	haplotype2-0000460	1041462
T2T00_2	haplotype2	haplotype2-0000423	1038261
T2T00_2	haplotype2	haplotype2-0000432	969359
T2T00_2	haplotype2	haplotype2-0000457	950729
T2T00_2	haplotype2	haplotype2-0000421	935460
T2T00_2	haplotype2	haplotype2-0000646	852848
T2T00_2	haplotype2	haplotype2-0000762	814570
T2T00_2	haplotype2	haplotype2-0000707	810181
T2T00_2	haplotype2	haplotype2-0000709	745985
T2T00_2	haplotype2	haplotype2-0000530	744646
T2T00_2	haplotype2	haplotype2-0000501	742405
T2T00_2	haplotype2	haplotype2-0000609	682748
T2T00_2	haplotype2	haplotype2-0000746	639734
T2T00_2	haplotype2	haplotype2-0000468	582588
T2T00_2	haplotype2	haplotype2-0000795	546591
T2T00_2	haplotype2	haplotype2-0000731	542886
T2T00_2	haplotype2	haplotype2-0000493	538495
T2T00_2	haplotype2	haplotype2-0000724	533337
T2T00_2	haplotype2	haplotype2-0000606	519948
T2T00_2	haplotype2	haplotype2-0000586	516873
T2T00_2	haplotype2	haplotype2-0000614	513081
T2T00_2	haplotype2	haplotype2-0000655	504899
T2T00_2	haplotype2	haplotype2-0000561	497946
T2T00_2	haplotype2	haplotype2-0000550	495230
T2T00_2	haplotype2	haplotype2-0000537	491753
T2T00_2	haplotype2	haplotype2-0000579	490262
T2T00_2	haplotype2	haplotype2-0000587	487250
T2T00_2	haplotype2	haplotype2-0000531	482137
T2T00_2	haplotype2	haplotype2-0000794	481829
T2T00_2	haplotype2	haplotype2-0000640	477216
T2T00_2	haplotype2	haplotype2-0000542	472054
T2T00_2	haplotype2	haplotype2-0000534	467539
T2T00_2	haplotype2	haplotype2-0000543	465200
T2T00_2	haplotype2	haplotype2-0000652	464051
T2T00_2	haplotype2	haplotype2-0000703	441708
T2T00_2	haplotype2	haplotype2-0000523	413734
T2T00_2	haplotype2	haplotype2-0000532	410209
T2T00_2	haplotype2	haplotype2-0000573	397872
T2T00_2	haplotype2	haplotype2-0000708	394570
T2T00_2	haplotype2	haplotype2-0000565	393861
T2T00_2	haplotype2	haplotype2-0000541	393076
T2T00_2	haplotype2	haplotype2-0000745	392591
T2T00_2	haplotype2	haplotype2-0000473	388739
T2T00_2	haplotype2	haplotype2-0000599	386126
T2T00_2	haplotype2	haplotype2-0000666	365873
T2T00_2	haplotype2	haplotype2-0000810	354928
T2T00_2	haplotype2	haplotype2-0000602	339408
T2T00_2	haplotype2	haplotype2-0000632	330914
T2T00_2	haplotype2	haplotype2-0000563	321626
T2T00_2	haplotype2	haplotype2-0000631	310304
T2T00_2	haplotype2	haplotype2-0000671	309614
T2T00_2	haplotype2	haplotype2-0000591	307183
T2T00_2	haplotype2	haplotype2-0000562	303531
T2T00_2	haplotype2	haplotype2-0000502	303156
T2T00_2	haplotype2	haplotype2-0000815	296590
T2T00_2	haplotype2	haplotype2-0000786	295408
T2T00_2	haplotype2	haplotype2-0000574	291394
T2T00_2	haplotype2	haplotype2-0000524	290552
T2T00_2	haplotype2	haplotype2-0000756	286342
T2T00_2	haplotype2	haplotype2-0000469	283910
T2T00_2	haplotype2	haplotype2-0000785	268877
T2T00_2	haplotype2	haplotype2-0000526	266628
T2T00_2	haplotype2	haplotype2-0000758	266298
T2T00_2	haplotype2	haplotype2-0000702	266059
T2T00_2	haplotype2	haplotype2-0000669	260008
T2T00_2	haplotype2	haplotype2-0000577	256983
T2T00_2	haplotype2	haplotype2-0000611	254240
T2T00_2	haplotype2	haplotype2-0000500	252487
T2T00_2	haplotype2	haplotype2-0000701	248874
T2T00_2	haplotype2	haplotype2-0000522	248101
T2T00_2	haplotype2	haplotype2-0000688	245419
T2T00_2	haplotype2	haplotype2-0000722	242878
T2T00_2	haplotype2	haplotype2-0000813	237060
T2T00_2	haplotype2	haplotype2-0000717	233642
T2T00_2	haplotype2	haplotype2-0000568	230072
T2T00_2	haplotype2	haplotype2-0000814	229852
T2T00_2	haplotype2	haplotype2-0000615	226044
T2T00_2	haplotype2	haplotype2-0000770	223444
T2T00_2	haplotype2	haplotype2-0000546	222593
T2T00_2	haplotype2	haplotype2-0000597	220483
T2T00_2	haplotype2	haplotype2-0000639	216092
T2T00_2	haplotype2	haplotype2-0000807	211893
T2T00_2	haplotype2	haplotype2-0000535	207512
T2T00_2	haplotype2	haplotype2-0000555	207451
T2T00_2	haplotype2	haplotype2-0000512	205442
T2T00_2	haplotype2	haplotype2-0000715	196327
T2T00_2	haplotype2	haplotype2-0000576	195438
T2T00_2	haplotype2	haplotype2-0000637	193990
T2T00_2	haplotype2	haplotype2-0000741	193682
T2T00_2	haplotype2	haplotype2-0000704	191367
T2T00_2	haplotype2	haplotype2-0000594	189485
T2T00_2	haplotype2	haplotype2-0000706	189027
T2T00_2	haplotype2	haplotype2-0000626	188564
T2T00_2	haplotype2	haplotype2-0000588	185300
T2T00_2	haplotype2	haplotype2-0000589	185052
T2T00_2	haplotype2	haplotype2-0000784	184460
T2T00_2	haplotype2	haplotype2-0000514	182794
T2T00_2	haplotype2	haplotype2-0000725	182418
T2T00_2	haplotype2	haplotype2-0000723	181990
T2T00_2	haplotype2	haplotype2-0000496	180764
T2T00_2	haplotype2	haplotype2-0000673	178067
T2T00_2	haplotype2	haplotype2-0000616	177744
T2T00_2	haplotype2	haplotype2-0000515	175963
T2T00_2	haplotype2	haplotype2-0000729	175821
T2T00_2	haplotype2	haplotype2-0000549	175003
T2T00_2	haplotype2	haplotype2-0000595	173036
T2T00_2	haplotype2	haplotype2-0000477	171923
T2T00_2	haplotype2	haplotype2-0000547	171855
T2T00_2	haplotype2	haplotype2-0000548	171611
T2T00_2	haplotype2	haplotype2-0000787	170374
T2T00_2	haplotype2	haplotype2-0000529	169848
T2T00_2	haplotype2	haplotype2-0000657	168616
T2T00_2	haplotype2	haplotype2-0000670	167469
T2T00_2	haplotype2	haplotype2-0000749	166743
T2T00_2	haplotype2	haplotype2-0000748	161258
T2T00_2	haplotype2	haplotype2-0000478	160856
T2T00_2	haplotype2	haplotype2-0000484	160495
T2T00_2	haplotype2	haplotype2-0000801	160330
T2T00_2	haplotype2	haplotype2-0000617	159685
T2T00_2	haplotype2	haplotype2-0000649	159015
T2T00_2	haplotype2	haplotype2-0000558	158538
T2T00_2	haplotype2	haplotype2-0000656	157153
T2T00_2	haplotype2	haplotype2-0000603	156731
T2T00_2	haplotype2	haplotype2-0000604	154115
T2T00_2	haplotype2	haplotype2-0000802	153388
T2T00_2	haplotype2	haplotype2-0000528	153274
T2T00_2	haplotype2	haplotype2-0000634	151767
T2T00_2	haplotype2	haplotype2-0000726	151441
T2T00_2	haplotype2	haplotype2-0000475	151423
T2T00_2	haplotype2	haplotype2-0000732	150195
T2T00_2	haplotype2	haplotype2-0000668	148627
T2T00_2	haplotype2	haplotype2-0000552	148356
T2T00_2	haplotype2	haplotype2-0000479	147570
T2T00_2	haplotype2	haplotype2-0000747	146988
T2T00_2	haplotype2	haplotype2-0000581	145008
T2T00_2	haplotype2	haplotype2-0000692	143139
T2T00_2	haplotype2	haplotype2-0000809	140435
T2T00_2	haplotype2	haplotype2-0000624	140148
T2T00_2	haplotype2	haplotype2-0000583	138935
T2T00_2	haplotype2	haplotype2-0000601	136155
T2T00_2	haplotype2	haplotype2-0000630	133908
T2T00_2	haplotype2	haplotype2-0000470	133890
T2T00_2	haplotype2	haplotype2-0000539	133739
T2T00_2	haplotype2	haplotype2-0000811	133186
T2T00_2	haplotype2	haplotype2-0000590	130536
T2T00_2	haplotype2	haplotype2-0000816	130471
T2T00_2	haplotype2	haplotype2-0000759	130141
T2T00_2	haplotype2	haplotype2-0000803	129265
T2T00_2	haplotype2	haplotype2-0000608	127940
T2T00_2	haplotype2	haplotype2-0000521	127081
T2T00_2	haplotype2	haplotype2-0000774	125190
T2T00_2	haplotype2	haplotype2-0000674	125019
T2T00_2	haplotype2	haplotype2-0000780	123610
T2T00_2	haplotype2	haplotype2-0000750	123327
T2T00_2	haplotype2	haplotype2-0000683	122947
T2T00_2	haplotype2	haplotype2-0000648	121730
T2T00_2	haplotype2	haplotype2-0000638	121427
T2T00_2	haplotype2	haplotype2-0000513	119807
T2T00_2	haplotype2	haplotype2-0000660	119061
T2T00_2	haplotype2	haplotype2-0000744	117805
T2T00_2	haplotype2	haplotype2-0000659	117461
T2T00_2	haplotype2	haplotype2-0000727	116750
T2T00_2	haplotype2	haplotype2-0000518	115655
T2T00_2	haplotype2	haplotype2-0000628	115265
T2T00_2	haplotype2	haplotype2-0000509	114953
T2T00_2	haplotype2	haplotype2-0000620	114311
T2T00_2	haplotype2	haplotype2-0000779	112319
T2T00_2	haplotype2	haplotype2-0000536	110920
T2T00_2	haplotype2	haplotype2-0000792	110507
T2T00_2	haplotype2	haplotype2-0000695	109237
T2T00_2	haplotype2	haplotype2-0000554	109066
T2T00_2	haplotype2	haplotype2-0000743	108284
T2T00_2	haplotype2	haplotype2-0000629	105417
T2T00_2	haplotype2	haplotype2-0000664	104987
T2T00_2	haplotype2	haplotype2-0000556	104932
T2T00_2	haplotype2	haplotype2-0000485	104913
T2T00_2	haplotype2	haplotype2-0000567	103801
T2T00_2	haplotype2	haplotype2-0000610	103726
T2T00_2	haplotype2	haplotype2-0000806	103524
T2T00_2	haplotype2	haplotype2-0000773	103387
T2T00_2	haplotype2	haplotype2-0000734	103211
T2T00_2	haplotype2	haplotype2-0000687	102391
T2T00_2	haplotype2	haplotype2-0000716	102282
T2T00_2	haplotype2	haplotype2-0000781	101735
T2T00_2	haplotype2	haplotype2-0000566	101503
T2T00_2	haplotype2	haplotype2-0000498	99638
T2T00_2	haplotype2	haplotype2-0000584	98861
T2T00_2	haplotype2	haplotype2-0000622	98578
T2T00_2	haplotype2	haplotype2-0000572	98352
T2T00_2	haplotype2	haplotype2-0000739	98351
T2T00_2	haplotype2	haplotype2-0000490	96849
T2T00_2	haplotype2	haplotype2-0000483	95938
T2T00_2	haplotype2	haplotype2-0000627	95539
T2T00_2	haplotype2	haplotype2-0000711	95223
T2T00_2	haplotype2	haplotype2-0000772	95048
T2T00_2	haplotype2	haplotype2-0000783	94649
T2T00_2	haplotype2	haplotype2-0000507	92278
T2T00_2	haplotype2	haplotype2-0000598	92276
T2T00_2	haplotype2	haplotype2-0000499	91201
T2T00_2	haplotype2	haplotype2-0000805	91161
T2T00_2	haplotype2	haplotype2-0000506	91115
T2T00_2	haplotype2	haplotype2-0000685	90496
T2T00_2	haplotype2	haplotype2-0000570	90228
T2T00_2	haplotype2	haplotype2-0000520	89863
T2T00_2	haplotype2	haplotype2-0000753	89751
T2T00_2	haplotype2	haplotype2-0000519	85661
T2T00_2	haplotype2	haplotype2-0000600	83126
T2T00_2	haplotype2	haplotype2-0000782	82594
T2T00_2	haplotype2	haplotype2-0000625	81963
T2T00_2	haplotype2	haplotype2-0000698	80539
T2T00_2	haplotype2	haplotype2-0000693	79953
T2T00_2	haplotype2	haplotype2-0000621	79634
T2T00_2	haplotype2	haplotype2-0000623	79564
T2T00_2	haplotype2	haplotype2-0000482	78717
T2T00_2	haplotype2	haplotype2-0000647	78402
T2T00_2	haplotype2	haplotype2-0000735	77864
T2T00_2	haplotype2	haplotype2-0000650	76926
T2T00_2	haplotype2	haplotype2-0000580	76438
T2T00_2	haplotype2	haplotype2-0000740	74713
T2T00_2	haplotype2	haplotype2-0000491	74143
T2T00_2	haplotype2	haplotype2-0000768	73814
T2T00_2	haplotype2	haplotype2-0000474	73650
T2T00_2	haplotype2	haplotype2-0000553	72342
T2T00_2	haplotype2	haplotype2-0000612	72218
T2T00_2	haplotype2	haplotype2-0000791	71787
T2T00_2	haplotype2	haplotype2-0000705	71684
T2T00_2	haplotype2	haplotype2-0000510	70057
T2T00_2	haplotype2	haplotype2-0000527	67300
T2T00_2	haplotype2	haplotype2-0000619	66893
T2T00_2	haplotype2	haplotype2-0000564	66771
T2T00_2	haplotype2	haplotype2-0000593	65789
T2T00_2	haplotype2	haplotype2-0000585	65500
T2T00_2	haplotype2	haplotype2-0000700	65277
T2T00_2	haplotype2	haplotype2-0000471	65235
T2T00_2	haplotype2	haplotype2-0000677	64880
T2T00_2	haplotype2	haplotype2-0000754	63765
T2T00_2	haplotype2	haplotype2-0000540	62776
T2T00_2	haplotype2	haplotype2-0000596	62753
T2T00_2	haplotype2	haplotype2-0000504	62105
T2T00_2	haplotype2	haplotype2-0000480	60926
T2T00_2	haplotype2	haplotype2-0000481	60874
T2T00_2	haplotype2	haplotype2-0000654	60551
T2T00_2	haplotype2	haplotype2-0000557	59141
T2T00_2	haplotype2	haplotype2-0000545	58585
T2T00_2	haplotype2	haplotype2-0000476	58558
T2T00_2	haplotype2	haplotype2-0000691	58507
T2T00_2	haplotype2	haplotype2-0000742	58502
T2T00_2	haplotype2	haplotype2-0000808	58101
T2T00_2	haplotype2	haplotype2-0000466	55914
T2T00_2	haplotype2	haplotype2-0000525	55477
T2T00_2	haplotype2	haplotype2-0000551	55467
T2T00_2	haplotype2	haplotype2-0000661	54185
T2T00_2	haplotype2	haplotype2-0000665	54028
T2T00_2	haplotype2	haplotype2-0000569	53252
T2T00_2	haplotype2	haplotype2-0000684	52841
T2T00_2	haplotype2	haplotype2-0000645	52755
T2T00_2	haplotype2	haplotype2-0000790	52619
T2T00_2	haplotype2	haplotype2-0000494	51811
T2T00_2	haplotype2	haplotype2-0000511	51591
T2T00_2	haplotype2	haplotype2-0000733	51532
T2T00_2	haplotype2	haplotype2-0000667	51115
T2T00_2	haplotype2	haplotype2-0000728	50640
T2T00_2	haplotype2	haplotype2-0000686	49892
T2T00_2	haplotype2	haplotype2-0000676	49602
T2T00_2	haplotype2	haplotype2-0000503	49335
T2T00_2	haplotype2	haplotype2-0000658	49012
T2T00_2	haplotype2	haplotype2-0000672	48418
T2T00_2	haplotype2	haplotype2-0000607	48179
T2T00_2	haplotype2	haplotype2-0000578	46724
T2T00_2	haplotype2	haplotype2-0000467	45849
T2T00_2	haplotype2	haplotype2-0000761	45366
T2T00_2	haplotype2	haplotype2-0000804	45158
T2T00_2	haplotype2	haplotype2-0000737	45156
T2T00_2	haplotype2	haplotype2-0000613	45057
T2T00_2	haplotype2	haplotype2-0000752	45016
T2T00_2	haplotype2	haplotype2-0000675	45006
T2T00_2	haplotype2	haplotype2-0000575	44763
T2T00_2	haplotype2	haplotype2-0000633	44695
T2T00_2	haplotype2	haplotype2-0000765	44347
T2T00_2	haplotype2	haplotype2-0000680	43339
T2T00_2	haplotype2	haplotype2-0000718	42410
T2T00_2	haplotype2	haplotype2-0000653	41703
T2T00_2	haplotype2	haplotype2-0000486	41486
T2T00_2	haplotype2	haplotype2-0000751	40968
T2T00_2	haplotype2	haplotype2-0000538	40750
T2T00_2	haplotype2	haplotype2-0000679	40679
T2T00_2	haplotype2	haplotype2-0000592	40090
T2T00_2	haplotype2	haplotype2-0000651	39505
T2T00_2	haplotype2	haplotype2-0000582	39475
T2T00_2	haplotype2	haplotype2-0000694	39279
T2T00_2	haplotype2	haplotype2-0000489	36673
T2T00_2	haplotype2	haplotype2-0000644	36602
T2T00_2	haplotype2	haplotype2-0000696	36180
T2T00_2	haplotype2	haplotype2-0000682	35859
T2T00_2	haplotype2	haplotype2-0000505	35007
T2T00_2	haplotype2	haplotype2-0000560	34794
T2T00_2	haplotype2	haplotype2-0000571	34625
T2T00_2	haplotype2	haplotype2-0000755	34585
T2T00_2	haplotype2	haplotype2-0000488	33331
T2T00_2	haplotype2	haplotype2-0000517	33282
T2T00_2	haplotype2	haplotype2-0000789	33220
T2T00_2	haplotype2	haplotype2-0000776	33124
T2T00_2	haplotype2	haplotype2-0000766	33015
T2T00_2	haplotype2	haplotype2-0000812	31830
T2T00_2	haplotype2	haplotype2-0000472	31647
T2T00_2	haplotype2	haplotype2-0000719	31554
T2T00_2	haplotype2	haplotype2-0000797	31200
T2T00_2	haplotype2	haplotype2-0000697	30868
T2T00_2	haplotype2	haplotype2-0000760	30148
T2T00_2	haplotype2	haplotype2-0000720	29896
T2T00_2	haplotype2	haplotype2-0000605	29751
T2T00_2	haplotype2	haplotype2-0000799	29479
T2T00_2	haplotype2	haplotype2-0000798	29201
T2T00_2	haplotype2	haplotype2-0000775	29126
T2T00_2	haplotype2	haplotype2-0000771	28990
T2T00_2	haplotype2	haplotype2-0000778	28842
T2T00_2	haplotype2	haplotype2-0000636	28710
T2T00_2	haplotype2	haplotype2-0000714	28323
T2T00_2	haplotype2	haplotype2-0000497	28186
T2T00_2	haplotype2	haplotype2-0000738	27912
T2T00_2	haplotype2	haplotype2-0000495	27831
T2T00_2	haplotype2	haplotype2-0000777	27693
T2T00_2	haplotype2	haplotype2-0000663	27688
T2T00_2	haplotype2	haplotype2-0000763	27683
T2T00_2	haplotype2	haplotype2-0000757	27174
T2T00_2	haplotype2	haplotype2-0000800	26870
T2T00_2	haplotype2	haplotype2-0000730	26174
T2T00_2	haplotype2	haplotype2-0000710	25836
T2T00_2	haplotype2	haplotype2-0000533	24478
T2T00_2	haplotype2	haplotype2-0000788	24050
T2T00_2	haplotype2	haplotype2-0000796	23950
T2T00_2	haplotype2	haplotype2-0000643	23743
T2T00_2	haplotype2	haplotype2-0000681	23698
T2T00_2	haplotype2	haplotype2-0000618	23572
T2T00_2	haplotype2	haplotype2-0000508	23275
T2T00_2	haplotype2	haplotype2-0000559	23057
T2T00_2	haplotype2	haplotype2-0000487	22550
T2T00_2	haplotype2	haplotype2-0000712	22317
T2T00_2	haplotype2	haplotype2-0000544	22188
T2T00_2	haplotype2	haplotype2-0000721	21781
T2T00_2	haplotype2	haplotype2-0000689	21725
T2T00_2	haplotype2	haplotype2-0000635	21660
T2T00_2	haplotype2	haplotype2-0000764	20506
T2T00_2	haplotype2	haplotype2-0000516	20490
T2T00_2	haplotype2	haplotype2-0000690	20482
T2T00_2	haplotype2	haplotype2-0000678	20480
T2T00_2	haplotype2	haplotype2-0000662	20167
T2T00_2	haplotype2	haplotype2-0000767	19070
T2T00_2	haplotype2	haplotype2-0000713	16641
T2T00_2	haplotype2	haplotype2-0000793	15132
T2T00_2	haplotype2	haplotype2-0000492	14574
T2T00_2	haplotype2	haplotype2-0000736	13464
T2T00_2	haplotype2	haplotype2-0000642	10033
T2T01	haplotype1	haplotype1-0000012	243437785
T2T01	haplotype1	haplotype1-0000005	242399953
T2T01	haplotype1	haplotype1-0000017	203142097
T2T01	haplotype1	haplotype1-0000011	192262443
T2T01	haplotype1	haplotype1-0000001	181140957
T2T01	haplotype1	haplotype1-0000018	171778392
T2T01	haplotype1	haplotype1-0000006	161204508
T2T01	haplotype1	haplotype1-0000024	154733072
T2T01	haplotype1	haplotype1-0000010	146526016
T2T01	haplotype1	haplotype1-0000007	135786860
T2T01	haplotype1	haplotype1-0000009	134940526
T2T01	haplotype1	haplotype1-0000016	134766072
T2T01	haplotype1	haplotype1-0000019	133809116
T2T01	haplotype1	haplotype1-0000022	104517069
T2T01	haplotype1	haplotype1-0000013	104399110
T2T01	haplotype1	haplotype1-0000002	93143332
T2T01	haplotype1	haplotype1-0000004	81547995
T2T01	haplotype1	haplotype1-0000003	80540826
T2T01	haplotype1	haplotype1-0000023	80434790
T2T01	haplotype1	haplotype1-0000026	66569010
T2T01	haplotype1	haplotype1-0000008	61806424
T2T01	haplotype1	haplotype1-0000025	48215052
T2T01	haplotype1	haplotype1-0000014	39020031
T2T01	haplotype1	haplotype1-0000020	9871990
T2T01	haplotype1	haplotype1-0000021	2069353
T2T01	haplotype1	haplotype1-0000027	1399054
T2T01	haplotype1	haplotype1-0000015	805174
T2T01	haplotype1	haplotype1-0000047	595401
T2T01	haplotype1	haplotype1-0000032	207629
T2T01	haplotype1	haplotype1-0000037	174197
T2T01	haplotype1	haplotype1-0000036	155414
T2T01	haplotype1	haplotype1-0000031	133833
T2T01	haplotype1	haplotype1-0000042	102407
T2T01	haplotype1	haplotype1-0000043	79958
T2T01	haplotype1	haplotype1-0000041	74160
T2T01	haplotype1	haplotype1-0000046	45148
T2T01	haplotype1	haplotype1-0000045	44714
T2T01	haplotype1	haplotype1-0000030	44052
T2T01	haplotype1	haplotype1-0000038	43676
T2T01	haplotype1	haplotype1-0000033	38304
T2T01	haplotype1	haplotype1-0000029	32247
T2T01	haplotype1	haplotype1-0000028	29943
T2T01	haplotype1	haplotype1-0000040	26013
T2T01	haplotype1	haplotype1-0000044	22145
T2T01	haplotype1	haplotype1-0000035	13489
T2T01	haplotype1	haplotype1-0000034	13123
T2T01	haplotype1	haplotype1-0000039	11179
T2T01	haplotype2	haplotype2-0000056	244005423
T2T01	haplotype2	haplotype2-0000052	242012674
T2T01	haplotype2	haplotype2-0000062	200666109
T2T01	haplotype2	haplotype2-0000049	191926267
T2T01	haplotype2	haplotype2-0000048	182350015
T2T01	haplotype2	haplotype2-0000063	171815140
T2T01	haplotype2	haplotype2-0000053	160138983
T2T01	haplotype2	haplotype2-0000070	155654870
T2T01	haplotype2	haplotype2-0000055	145384527
T2T01	haplotype2	haplotype2-0000054	142520475
T2T01	haplotype2	haplotype2-0000061	136667592
T2T01	haplotype2	haplotype2-0000071	135562920
T2T01	haplotype2	haplotype2-0000066	133930471
T2T01	haplotype2	haplotype2-0000059	106138523
T2T01	haplotype2	haplotype2-0000068	96301249
T2T01	haplotype2	haplotype2-0000069	94551072
T2T01	haplotype2	haplotype2-0000057	92191235
T2T01	haplotype2	haplotype2-0000051	84163349
T2T01	haplotype2	haplotype2-0000050	80891334
T2T01	haplotype2	haplotype2-0000072	66500826
T2T01	haplotype2	haplotype2-0000073	61215450
T2T01	haplotype2	haplotype2-0000058	42848974
T2T01	haplotype2	haplotype2-0000064	38043627
T2T01	haplotype2	haplotype2-0000067	4061098
T2T01	haplotype2	haplotype2-0000065	3666632
T2T01	haplotype2	haplotype2-0000060	1703210
T2T01	haplotype2	haplotype2-0000074	545099
T2T01	haplotype2	haplotype2-0000096	516421
T2T01	haplotype2	haplotype2-0000091	358211
T2T01	haplotype2	haplotype2-0000092	328992
T2T01	haplotype2	haplotype2-0000111	266160
T2T01	haplotype2	haplotype2-0000083	253920
T2T01	haplotype2	haplotype2-0000095	251158
T2T01	haplotype2	haplotype2-0000098	247931
T2T01	haplotype2	haplotype2-0000097	225225
T2T01	haplotype2	haplotype2-0000089	224113
T2T01	haplotype2	haplotype2-0000078	205026
T2T01	haplotype2	haplotype2-0000081	169329
T2T01	haplotype2	haplotype2-0000103	115825
T2T01	haplotype2	haplotype2-0000107	104989
T2T01	haplotype2	haplotype2-0000093	104845
T2T01	haplotype2	haplotype2-0000090	97288
T2T01	haplotype2	haplotype2-0000085	95612
T2T01	haplotype2	haplotype2-0000082	95177
T2T01	haplotype2	haplotype2-0000084	91694
T2T01	haplotype2	haplotype2-0000077	88210
T2T01	haplotype2	haplotype2-0000076	86030
T2T01	haplotype2	haplotype2-0000087	75805
T2T01	haplotype2	haplotype2-0000108	69747
T2T01	haplotype2	haplotype2-0000075	68483
T2T01	haplotype2	haplotype2-0000105	64959
T2T01	haplotype2	haplotype2-0000099	62501
T2T01	haplotype2	haplotype2-0000080	50573
T2T01	haplotype2	haplotype2-0000102	49154
T2T01	haplotype2	haplotype2-0000106	47527
T2T01	haplotype2	haplotype2-0000079	43823
T2T01	haplotype2	haplotype2-0000109	43811
T2T01	haplotype2	haplotype2-0000094	37992
T2T01	haplotype2	haplotype2-0000086	36714
T2T01	haplotype2	haplotype2-0000088	27284
T2T01	haplotype2	haplotype2-0000100	24377
T2T01	haplotype2	haplotype2-0000110	16790
T2T01	haplotype2	haplotype2-0000104	12997
T2T01	haplotype2	haplotype2-0000101	11105
T2T02	haplotype1	haplotype1-0000028	250387180
T2T02	haplotype1	haplotype1-0000027	242447953
T2T02	haplotype1	haplotype1-0000019	200235505
T2T02	haplotype1	haplotype1-0000021	190615048
T2T02	haplotype1	haplotype1-0000017	182293882
T2T02	haplotype1	haplotype1-0000010	171876744
T2T02	haplotype1	haplotype1-0000026	160235758
T2T02	haplotype1	haplotype1-0000004	145948428
T2T02	haplotype1	haplotype1-0000025	135460728
T2T02	haplotype1	haplotype1-0000034	134285711
T2T02	haplotype1	haplotype1-0000022	134214980
T2T02	haplotype1	haplotype1-0000018	102946081
T2T02	haplotype1	haplotype1-0000024	99883889
T2T02	haplotype1	haplotype1-0000005	93105895
T2T02	haplotype1	haplotype1-0000020	91447265
T2T02	haplotype1	haplotype1-0000009	88590755
T2T02	haplotype1	haplotype1-0000032	84191771
T2T02	haplotype1	haplotype1-0000015	80413752
T2T02	haplotype1	haplotype1-0000031	65260145
T2T02	haplotype1	haplotype1-0000002	59889361
T2T02	haplotype1	haplotype1-0000030	51111642
T2T02	haplotype1	haplotype1-0000016	42240452
T2T02	haplotype1	haplotype1-0000029	41785319
T2T02	haplotype1	haplotype1-0000023	33064825
T2T02	haplotype1	haplotype1-0000011	12380544
T2T02	haplotype1	haplotype1-0000014	3015572
T2T02	haplotype1	haplotype1-0000033	2616719
T2T02	haplotype1	haplotype1-0000013	2473364
T2T02	haplotype1	haplotype1-0000008	2432804
T2T02	haplotype1	haplotype1-0000003	2163570
T2T02	haplotype1	haplotype1-0000012	1958766
T2T02	haplotype1	haplotype1-0000007	1458359
T2T02	haplotype1	haplotype1-0000001	1242943
T2T02	haplotype1	haplotype1-0000006	1119221
T2T02	haplotype1	haplotype1-0000087	911644
T2T02	haplotype1	haplotype1-0000063	880747
T2T02	haplotype1	haplotype1-0000081	839390
T2T02	haplotype1	haplotype1-0000056	752732
T2T02	haplotype1	haplotype1-0000088	641279
T2T02	haplotype1	haplotype1-0000086	592496
T2T02	haplotype1	haplotype1-0000060	564498
T2T02	haplotype1	haplotype1-0000051	548584
T2T02	haplotype1	haplotype1-0000053	486205
T2T02	haplotype1	haplotype1-0000061	477920
T2T02	haplotype1	haplotype1-0000058	475545
T2T02	haplotype1	haplotype1-0000084	472506
T2T02	haplotype1	haplotype1-0000059	459369
T2T02	haplotype1	haplotype1-0000057	416540
T2T02	haplotype1	haplotype1-0000047	366593
T2T02	haplotype1	haplotype1-0000052	354321
T2T02	haplotype1	haplotype1-0000095	339139
T2T02	haplotype1	haplotype1-0000073	310847
T2T02	haplotype1	haplotype1-0000085	306345
T2T02	haplotype1	haplotype1-0000079	299203
T2T02	haplotype1	haplotype1-0000038	269827
T2T02	haplotype1	haplotype1-0000093	250136
T2T02	haplotype1	haplotype1-0000041	240860
T2T02	haplotype1	haplotype1-0000075	231451
T2T02	haplotype1	haplotype1-0000045	203404
T2T02	haplotype1	haplotype1-0000062	198528
T2T02	haplotype1	haplotype1-0000067	196416
T2T02	haplotype1	haplotype1-0000044	181364
T2T02	haplotype1	haplotype1-0000055	177286
T2T02	haplotype1	haplotype1-0000069	172486
T2T02	haplotype1	haplotype1-0000089	170934
T2T02	haplotype1	haplotype1-0000090	170472
T2T02	haplotype1	haplotype1-0000083	162450
T2T02	haplotype1	haplotype1-0000094	143442
T2T02	haplotype1	haplotype1-0000064	140585
T2T02	haplotype1	haplotype1-0000065	105898
T2T02	haplotype1	haplotype1-0000042	101702
T2T02	haplotype1	haplotype1-0000035	95984
T2T02	haplotype1	haplotype1-0000066	94530
T2T02	haplotype1	haplotype1-0000043	88390
T2T02	haplotype1	haplotype1-0000077	86047
T2T02	haplotype1	haplotype1-0000050	80100
T2T02	haplotype1	haplotype1-0000037	78602
T2T02	haplotype1	haplotype1-0000071	76931
T2T02	haplotype1	haplotype1-0000082	73794
T2T02	haplotype1	haplotype1-0000039	66672
T2T02	haplotype1	haplotype1-0000076	64556
T2T02	haplotype1	haplotype1-0000080	59518
T2T02	haplotype1	haplotype1-0000068	59160
T2T02	haplotype1	haplotype1-0000078	57963
T2T02	haplotype1	haplotype1-0000046	54125
T2T02	haplotype1	haplotype1-0000049	53913
T2T02	haplotype1	haplotype1-0000091	49665
T2T02	haplotype1	haplotype1-0000048	48122
T2T02	haplotype1	haplotype1-0000072	41938
T2T02	haplotype1	haplotype1-0000054	38123
T2T02	haplotype1	haplotype1-0000036	35244
T2T02	haplotype1	haplotype1-0000092	35095
T2T02	haplotype1	haplotype1-0000040	28687
T2T02	haplotype1	haplotype1-0000074	26461
T2T02	haplotype1	haplotype1-0000070	17498
T2T02	haplotype2	haplotype2-0000103	250032915
T2T02	haplotype2	haplotype2-0000100	242428810
T2T02	haplotype2	haplotype2-0000097	200987077
T2T02	haplotype2	haplotype2-0000112	191283227
T2T02	haplotype2	haplotype2-0000110	181894588
T2T02	haplotype2	haplotype2-0000106	172328217
T2T02	haplotype2	haplotype2-0000117	160621303
T2T02	haplotype2	haplotype2-0000118	155432085
T2T02	haplotype2	haplotype2-0000098	146108150
T2T02	haplotype2	haplotype2-0000099	137551760
T2T02	haplotype2	haplotype2-0000104	134973284
T2T02	haplotype2	haplotype2-0000115	134470917
T2T02	haplotype2	haplotype2-0000108	133361498
T2T02	haplotype2	haplotype2-0000109	103345843
T2T02	haplotype2	haplotype2-0000116	101166159
T2T02	haplotype2	haplotype2-0000113	91971312
T2T02	haplotype2	haplotype2-0000121	83173078
T2T02	haplotype2	haplotype2-0000111	83125102
T2T02	haplotype2	haplotype2-0000105	78790178
T2T02	haplotype2	haplotype2-0000119	68374864
T2T02	haplotype2	haplotype2-0000096	60103382
T2T02	haplotype2	haplotype2-0000114	43886186
T2T02	haplotype2	haplotype2-0000120	40307351
T2T02	haplotype2	haplotype2-0000102	13432821
T2T02	haplotype2	haplotype2-0000101	1715379
T2T02	haplotype2	haplotype2-0000107	1708465
T2T02	haplotype2	haplotype2-0000144	803288
T2T02	haplotype2	haplotype2-0000191	766779
T2T02	haplotype2	haplotype2-0000171	735968
T2T02	haplotype2	haplotype2-0000227	721870
T2T02	haplotype2	haplotype2-0000180	613836
T2T02	haplotype2	haplotype2-0000224	551228
T2T02	haplotype2	haplotype2-0000159	524993
T2T02	haplotype2	haplotype2-0000209	478368
T2T02	haplotype2	haplotype2-0000133	436960
T2T02	haplotype2	haplotype2-0000211	373789
T2T02	haplotype2	haplotype2-0000135	369507
T2T02	haplotype2	haplotype2-0000218	362258
T2T02	haplotype2	haplotype2-0000164	353098
T2T02	haplotype2	haplotype2-0000212	349565
T2T02	haplotype2	haplotype2-0000205	328525
T2T02	haplotype2	haplotype2-0000226	327517
T2T02	haplotype2	haplotype2-0000217	322554
T2T02	haplotype2	haplotype2-0000147	322524
T2T02	haplotype2	haplotype2-0000169	319109
T2T02	haplotype2	haplotype2-0000198	312160
T2T02	haplotype2	haplotype2-0000165	311456
T2T02	haplotype2	haplotype2-0000168	310006
T2T02	haplotype2	haplotype2-0000137	309936
T2T02	haplotype2	haplotype2-0000134	299247
T2T02	haplotype2	haplotype2-0000162	297660
T2T02	haplotype2	haplotype2-0000188	291070
T2T02	haplotype2	haplotype2-0000136	290979
T2T02	haplotype2	haplotype2-0000150	290394
T2T02	haplotype2	haplotype2-0000182	281658
T2T02	haplotype2	haplotype2-0000185	278082
T2T02	haplotype2	haplotype2-0000132	272659
T2T02	haplotype2	haplotype2-0000186	268096
T2T02	haplotype2	haplotype2-0000215	265819
T2T02	haplotype2	haplotype2-0000195	263919
T2T02	haplotype2	haplotype2-0000187	259976
T2T02	haplotype2	haplotype2-0000151	254766
T2T02	haplotype2	haplotype2-0000177	254756
T2T02	haplotype2	haplotype2-0000179	253790
T2T02	haplotype2	haplotype2-0000173	252632
T2T02	haplotype2	haplotype2-0000174	237702
T2T02	haplotype2	haplotype2-0000199	234369
T2T02	haplotype2	haplotype2-0000207	231353
T2T02	haplotype2	haplotype2-0000141	225213
T2T02	haplotype2	haplotype2-0000127	225158
T2T02	haplotype2	haplotype2-0000175	224499
T2T02	haplotype2	haplotype2-0000160	223799
T2T02	haplotype2	haplotype2-0000152	213800
T2T02	haplotype2	haplotype2-0000158	199363
T2T02	haplotype2	haplotype2-0000190	198528
T2T02	haplotype2	haplotype2-0000206	194746
T2T02	haplotype2	haplotype2-0000154	193250
T2T02	haplotype2	haplotype2-0000148	188413
T2T02	haplotype2	haplotype2-0000166	187230
T2T02	haplotype2	haplotype2-0000216	185895
T2T02	haplotype2	haplotype2-0000210	184787
T2T02	haplotype2	haplotype2-0000197	179097
T2T02	haplotype2	haplotype2-0000176	175765
T2T02	haplotype2	haplotype2-0000189	169943
T2T02	haplotype2	haplotype2-0000167	166892
T2T02	haplotype2	haplotype2-0000161	163931
T2T02	haplotype2	haplotype2-0000139	161632
T2T02	haplotype2	haplotype2-0000138	160790
T2T02	haplotype2	haplotype2-0000196	160718
T2T02	haplotype2	haplotype2-0000140	160411
T2T02	haplotype2	haplotype2-0000142	158803
T2T02	haplotype2	haplotype2-0000214	158262
T2T02	haplotype2	haplotype2-0000157	155387
T2T02	haplotype2	haplotype2-0000129	153732
T2T02	haplotype2	haplotype2-0000213	152787
T2T02	haplotype2	haplotype2-0000178	145032
T2T02	haplotype2	haplotype2-0000153	144148
T2T02	haplotype2	haplotype2-0000156	143392
T2T02	haplotype2	haplotype2-0000172	140711
T2T02	haplotype2	haplotype2-0000143	140588
T2T02	haplotype2	haplotype2-0000183	139481
T2T02	haplotype2	haplotype2-0000200	138378
T2T02	haplotype2	haplotype2-0000192	131281
T2T02	haplotype2	haplotype2-0000231	125974
T2T02	haplotype2	haplotype2-0000223	125349
T2T02	haplotype2	haplotype2-0000123	125218
T2T02	haplotype2	haplotype2-0000149	123422
T2T02	haplotype2	haplotype2-0000122	116756
T2T02	haplotype2	haplotype2-0000163	109715
T2T02	haplotype2	haplotype2-0000228	104613
T2T02	haplotype2	haplotype2-0000130	102391
T2T02	haplotype2	haplotype2-0000203	100825
T2T02	haplotype2	haplotype2-0000170	98626
T2T02	haplotype2	haplotype2-0000194	94146
T2T02	haplotype2	haplotype2-0000232	93342
T2T02	haplotype2	haplotype2-0000193	90133
T2T02	haplotype2	haplotype2-0000230	88127
T2T02	haplotype2	haplotype2-0000221	87294
T2T02	haplotype2	haplotype2-0000146	78529
T2T02	haplotype2	haplotype2-0000202	73883
T2T02	haplotype2	haplotype2-0000131	71325
T2T02	haplotype2	haplotype2-0000222	69117
T2T02	haplotype2	haplotype2-0000208	65251
T2T02	haplotype2	haplotype2-0000155	64422
T2T02	haplotype2	haplotype2-0000233	56898
T2T02	haplotype2	haplotype2-0000204	56723
T2T02	haplotype2	haplotype2-0000229	55147
T2T02	haplotype2	haplotype2-0000201	44749
T2T02	haplotype2	haplotype2-0000126	42931
T2T02	haplotype2	haplotype2-0000220	37305
T2T02	haplotype2	haplotype2-0000125	36626
T2T02	haplotype2	haplotype2-0000219	35702
T2T02	haplotype2	haplotype2-0000145	31661
T2T02	haplotype2	haplotype2-0000124	30796
T2T02	haplotype2	haplotype2-0000225	28747
T2T02	haplotype2	haplotype2-0000184	28634
T2T02	haplotype2	haplotype2-0000128	28539
T2T02	haplotype2	haplotype2-0000181	17908
T2T03	haplotype1	haplotype1-0000015	247552703
T2T03	haplotype1	haplotype1-0000013	242731492
T2T03	haplotype1	haplotype1-0000001	202422301
T2T03	haplotype1	haplotype1-0000014	191218502
T2T03	haplotype1	haplotype1-0000010	183587458
T2T03	haplotype1	haplotype1-0000016	173146419
T2T03	haplotype1	haplotype1-0000020	161603352
T2T03	haplotype1	haplotype1-0000008	154555945
T2T03	haplotype1	haplotype1-0000018	146099549
T2T03	haplotype1	haplotype1-0000006	144034600
T2T03	haplotype1	haplotype1-0000023	137118453
T2T03	haplotype1	haplotype1-0000017	136066042
T2T03	haplotype1	haplotype1-0000011	135480729
T2T03	haplotype1	haplotype1-0000007	134730546
T2T03	haplotype1	haplotype1-0000005	101102818
T2T03	haplotype1	haplotype1-0000002	95556658
T2T03	haplotype1	haplotype1-0000022	93405936
T2T03	haplotype1	haplotype1-0000019	84466971
T2T03	haplotype1	haplotype1-0000012	81150455
T2T03	haplotype1	haplotype1-0000003	66502498
T2T03	haplotype1	haplotype1-0000021	62672909
T2T03	haplotype1	haplotype1-0000009	41907855
T2T03	haplotype1	haplotype1-0000004	1064550
T2T03	haplotype1	haplotype1-0000030	444675
T2T03	haplotype1	haplotype1-0000032	404937
T2T03	haplotype1	haplotype1-0000026	337437
T2T03	haplotype1	haplotype1-0000031	141501
T2T03	haplotype1	haplotype1-0000028	106849
T2T03	haplotype1	haplotype1-0000033	100161
T2T03	haplotype1	haplotype1-0000034	98151
T2T03	haplotype1	haplotype1-0000029	53218
T2T03	haplotype1	haplotype1-0000025	46629
T2T03	haplotype1	haplotype1-0000035	42725
T2T03	haplotype1	haplotype1-0000024	36333
T2T03	haplotype1	haplotype1-0000027	15056
T2T03	haplotype2	haplotype2-0000050	246778648
T2T03	haplotype2	haplotype2-0000049	242614087
T2T03	haplotype2	haplotype2-0000048	201006204
T2T03	haplotype2	haplotype2-0000057	193669163
T2T03	haplotype2	haplotype2-0000045	184494772
T2T03	haplotype2	haplotype2-0000051	174255102
T2T03	haplotype2	haplotype2-0000055	160955993
T2T03	haplotype2	haplotype2-0000043	154289813
T2T03	haplotype2	haplotype2-0000053	145976915
T2T03	haplotype2	haplotype2-0000052	141781379
T2T03	haplotype2	haplotype2-0000046	135507683
T2T03	haplotype2	haplotype2-0000058	134039489
T2T03	haplotype2	haplotype2-0000042	133438499
T2T03	haplotype2	haplotype2-0000041	106270363
T2T03	haplotype2	haplotype2-0000040	103624521
T2T03	haplotype2	haplotype2-0000037	95920903
T2T03	haplotype2	haplotype2-0000036	91380727
T2T03	haplotype2	haplotype2-0000054	84528790
T2T03	haplotype2	haplotype2-0000047	81187664
T2T03	haplotype2	haplotype2-0000039	66758653
T2T03	haplotype2	haplotype2-0000056	61465565
T2T03	haplotype2	haplotype2-0000038	44243131
T2T03	haplotype2	haplotype2-0000044	41957659
T2T03	haplotype2	haplotype2-0000115	911384
T2T03	haplotype2	haplotype2-0000103	312945
T2T03	haplotype2	haplotype2-0000121	296642
T2T03	haplotype2	haplotype2-0000114	236357
T2T03	haplotype2	haplotype2-0000108	214203
T2T03	haplotype2	haplotype2-0000083	205591
T2T03	haplotype2	haplotype2-0000064	191066
T2T03	haplotype2	haplotype2-0000099	190822
T2T03	haplotype2	haplotype2-0000059	189172
T2T03	haplotype2	haplotype2-0000116	175585
T2T03	haplotype2	haplotype2-0000078	165566
T2T03	haplotype2	haplotype2-0000106	158333
T2T03	haplotype2	haplotype2-0000075	146474
T2T03	haplotype2	haplotype2-0000107	144097
T2T03	haplotype2	haplotype2-0000095	141721
T2T03	haplotype2	haplotype2-0000122	136283
T2T03	haplotype2	haplotype2-0000080	126538
T2T03	haplotype2	haplotype2-0000077	113850
T2T03	haplotype2	haplotype2-0000062	111674
T2T03	haplotype2	haplotype2-0000079	108170
T2T03	haplotype2	haplotype2-0000100	99560
T2T03	haplotype2	haplotype2-0000082	98885
T2T03	haplotype2	haplotype2-0000102	97801
T2T03	haplotype2	haplotype2-0000110	97071
T2T03	haplotype2	haplotype2-0000105	94984
T2T03	haplotype2	haplotype2-0000073	93544
T2T03	haplotype2	haplotype2-0000086	91957
T2T03	haplotype2	haplotype2-0000070	91542
T2T03	haplotype2	haplotype2-0000068	90150
T2T03	haplotype2	haplotype2-0000091	88284
T2T03	haplotype2	haplotype2-0000113	87841
T2T03	haplotype2	haplotype2-0000087	85516
T2T03	haplotype2	haplotype2-0000118	82304
T2T03	haplotype2	haplotype2-0000074	82095
T2T03	haplotype2	haplotype2-0000076	82094
T2T03	haplotype2	haplotype2-0000060	80721
T2T03	haplotype2	haplotype2-0000097	80623
T2T03	haplotype2	haplotype2-0000094	78405
T2T03	haplotype2	haplotype2-0000088	74750
T2T03	haplotype2	haplotype2-0000066	73140
T2T03	haplotype2	haplotype2-0000090	73031
T2T03	haplotype2	haplotype2-0000117	72643
T2T03	haplotype2	haplotype2-0000084	72589
T2T03	haplotype2	haplotype2-0000065	69774
T2T03	haplotype2	haplotype2-0000069	65885
T2T03	haplotype2	haplotype2-0000098	63666
T2T03	haplotype2	haplotype2-0000085	63184
T2T03	haplotype2	haplotype2-0000089	59929
T2T03	haplotype2	haplotype2-0000123	59172
T2T03	haplotype2	haplotype2-0000119	57527
T2T03	haplotype2	haplotype2-0000092	57472
T2T03	haplotype2	haplotype2-0000096	57300
T2T03	haplotype2	haplotype2-0000111	55498
T2T03	haplotype2	haplotype2-0000120	53397
T2T03	haplotype2	haplotype2-0000101	53349
T2T03	haplotype2	haplotype2-0000093	52802
T2T03	haplotype2	haplotype2-0000063	52438
T2T03	haplotype2	haplotype2-0000067	51675
T2T03	haplotype2	haplotype2-0000072	44290
T2T03	haplotype2	haplotype2-0000109	42745
T2T03	haplotype2	haplotype2-0000071	36452
T2T03	haplotype2	haplotype2-0000061	32767
T2T03	haplotype2	haplotype2-0000081	30701
T2T03	haplotype2	haplotype2-0000104	24832
T2T03	haplotype2	haplotype2-0000112	19290
T2T04	haplotype1	haplotype1-0000011	251430232
T2T04	haplotype1	haplotype1-0000001	242210179
T2T04	haplotype1	haplotype1-0000020	201390820
T2T04	haplotype1	haplotype1-0000022	193710918
T2T04	haplotype1	haplotype1-0000008	184982985
T2T04	haplotype1	haplotype1-0000009	171924118
T2T04	haplotype1	haplotype1-0000002	161412630
T2T04	haplotype1	haplotype1-0000010	145354772
T2T04	haplotype1	haplotype1-0000019	134451918
T2T04	haplotype1	haplotype1-0000017	134364492
T2T04	haplotype1	haplotype1-0000007	134169520
T2T04	haplotype1	haplotype1-0000003	133700044
T2T04	haplotype1	haplotype1-0000016	104329872
T2T04	haplotype1	haplotype1-0000005	101403567
T2T04	haplotype1	haplotype1-0000023	95447653
T2T04	haplotype1	haplotype1-0000004	84773506
T2T04	haplotype1	haplotype1-0000006	80262522
T2T04	haplotype1	haplotype1-0000015	66195327
T2T04	haplotype1	haplotype1-0000021	61654262
T2T04	haplotype1	haplotype1-0000024	59392216
T2T04	haplotype1	haplotype1-0000013	51699560
T2T04	haplotype1	haplotype1-0000012	46827400
T2T04	haplotype1	haplotype1-0000014	44384512
T2T04	haplotype1	haplotype1-0000018	33447424
T2T04	haplotype1	haplotype1-0000064	844956
T2T04	haplotype1	haplotype1-0000026	844182
T2T04	haplotype1	haplotype1-0000053	449541
T2T04	haplotype1	haplotype1-0000041	445588
T2T04	haplotype1	haplotype1-0000059	386379
T2T04	haplotype1	haplotype1-0000055	365532
T2T04	haplotype1	haplotype1-0000043	364417
T2T04	haplotype1	haplotype1-0000038	333218
T2T04	haplotype1	haplotype1-0000034	312422
T2T04	haplotype1	haplotype1-0000060	304010
T2T04	haplotype1	haplotype1-0000054	292602
T2T04	haplotype1	haplotype1-0000042	286369
T2T04	haplotype1	haplotype1-0000037	276155
T2T04	haplotype1	haplotype1-0000036	254650
T2T04	haplotype1	haplotype1-0000028	213616
T2T04	haplotype1	haplotype1-0000040	193551
T2T04	haplotype1	haplotype1-0000050	188457
T2T04	haplotype1	haplotype1-0000044	172906
T2T04	haplotype1	haplotype1-0000051	159542
T2T04	haplotype1	haplotype1-0000031	157065
T2T04	haplotype1	haplotype1-0000033	153201
T2T04	haplotype1	haplotype1-0000048	147562
T2T04	haplotype1	haplotype1-0000027	146945
T2T04	haplotype1	haplotype1-0000066	135212
T2T04	haplotype1	haplotype1-0000057	119709
T2T04	haplotype1	haplotype1-0000061	111559
T2T04	haplotype1	haplotype1-0000063	107887
T2T04	haplotype1	haplotype1-0000056	107660
T2T04	haplotype1	haplotype1-0000029	105318
T2T04	haplotype1	haplotype1-0000039	102312
T2T04	haplotype1	haplotype1-0000047	101617
T2T04	haplotype1	haplotype1-0000046	97108
T2T04	haplotype1	haplotype1-0000030	72336
T2T04	haplotype1	haplotype1-0000052	72148
T2T04	haplotype1	haplotype1-0000025	71885
T2T04	haplotype1	haplotype1-0000032	69173
T2T04	haplotype1	haplotype1-0000045	68670
T2T04	haplotype1	haplotype1-0000049	67276
T2T04	haplotype1	haplotype1-0000035	65086
T2T04	haplotype1	haplotype1-0000067	64459
T2T04	haplotype1	haplotype1-0000062	58976
T2T04	haplotype1	haplotype1-0000058	39102
T2T04	haplotype1	haplotype1-0000065	33622
T2T04	haplotype2	haplotype2-0000088	251682898
T2T04	haplotype2	haplotype2-0000069	242226226
T2T04	haplotype2	haplotype2-0000079	200241853
T2T04	haplotype2	haplotype2-0000092	190738096
T2T04	haplotype2	haplotype2-0000076	182576600
T2T04	haplotype2	haplotype2-0000078	172672186
T2T04	haplotype2	haplotype2-0000080	161234164
T2T04	haplotype2	haplotype2-0000071	154436170
T2T04	haplotype2	haplotype2-0000082	146131832
T2T04	haplotype2	haplotype2-0000083	135113123
T2T04	haplotype2	haplotype2-0000077	134874427
T2T04	haplotype2	haplotype2-0000075	134153481
T2T04	haplotype2	haplotype2-0000090	134074806
T2T04	haplotype2	haplotype2-0000086	104062474
T2T04	haplotype2	haplotype2-0000072	98840867
T2T04	haplotype2	haplotype2-0000073	98128131
T2T04	haplotype2	haplotype2-0000070	83615043
T2T04	haplotype2	haplotype2-0000074	79987818
T2T04	haplotype2	haplotype2-0000085	65527377
T2T04	haplotype2	haplotype2-0000091	62355696
T2T04	haplotype2	haplotype2-0000093	59470737
T2T04	haplotype2	haplotype2-0000084	48492982
T2T04	haplotype2	haplotype2-0000068	41113678
T2T04	haplotype2	haplotype2-0000089	17568396
T2T04	haplotype2	haplotype2-0000087	15301259
T2T04	haplotype2	haplotype2-0000081	2483252
T2T04	haplotype2	haplotype2-0000102	791911
T2T04	haplotype2	haplotype2-0000110	731541
T2T04	haplotype2	haplotype2-0000109	694105
T2T04	haplotype2	haplotype2-0000098	469086
T2T04	haplotype2	haplotype2-0000115	426439
T2T04	haplotype2	haplotype2-0000095	415059
T2T04	haplotype2	haplotype2-0000116	398688
T2T04	haplotype2	haplotype2-0000097	270319
T2T04	haplotype2	haplotype2-0000117	248725
T2T04	haplotype2	haplotype2-0000111	234635
T2T04	haplotype2	haplotype2-0000104	230757
T2T04	haplotype2	haplotype2-0000120	227461
T2T04	haplotype2	haplotype2-0000108	218567
T2T04	haplotype2	haplotype2-0000119	193786
T2T04	haplotype2	haplotype2-0000112	170524
T2T04	haplotype2	haplotype2-0000113	165090
T2T04	haplotype2	haplotype2-0000107	152195
T2T04	haplotype2	haplotype2-0000103	140222
T2T04	haplotype2	haplotype2-0000118	136579
T2T04	haplotype2	haplotype2-0000105	130596
T2T04	haplotype2	haplotype2-0000101	126117
T2T04	haplotype2	haplotype2-0000099	118753
T2T04	haplotype2	haplotype2-0000100	85761
T2T04	haplotype2	haplotype2-0000114	78505
T2T04	haplotype2	haplotype2-0000121	76704
T2T04	haplotype2	haplotype2-0000094	71195
T2T04	haplotype2	haplotype2-0000122	61452
T2T04	haplotype2	haplotype2-0000106	60056
T2T04	haplotype2	haplotype2-0000096	40954
T2T04_1	haplotype1	haplotype1-0000008	251601345
T2T04_1	haplotype1	haplotype1-0000022	242375679
T2T04_1	haplotype1	haplotype1-0000026	203094671
T2T04_1	haplotype1	haplotype1-0000013	192000826
T2T04_1	haplotype1	haplotype1-0000003	183035673
T2T04_1	haplotype1	haplotype1-0000024	172662199
T2T04_1	haplotype1	haplotype1-0000007	145321118
T2T04_1	haplotype1	haplotype1-0000014	141703726
T2T04_1	haplotype1	haplotype1-0000006	135650009
T2T04_1	haplotype1	haplotype1-0000001	134690160
T2T04_1	haplotype1	haplotype1-0000015	134292080
T2T04_1	haplotype1	haplotype1-0000025	112473343
T2T04_1	haplotype1	haplotype1-0000027	101015414
T2T04_1	haplotype1	haplotype1-0000016	88743438
T2T04_1	haplotype1	haplotype1-0000020	86991630
T2T04_1	haplotype1	haplotype1-0000023	81908401
T2T04_1	haplotype1	haplotype1-0000002	81694469
T2T04_1	haplotype1	haplotype1-0000012	80111611
T2T04_1	haplotype1	haplotype1-0000004	74633601
T2T04_1	haplotype1	haplotype1-0000005	66461371
T2T04_1	haplotype1	haplotype1-0000010	61142978
T2T04_1	haplotype1	haplotype1-0000021	47070201
T2T04_1	haplotype1	haplotype1-0000011	39371679
T2T04_1	haplotype1	haplotype1-0000009	37996595
T2T04_1	haplotype1	haplotype1-0000019	12310567
T2T04_1	haplotype1	haplotype1-0000017	1328174
T2T04_1	haplotype1	haplotype1-0000018	1029777
T2T04_1	haplotype1	haplotype1-0000084	877848
T2T04_1	haplotype1	haplotype1-0000082	770693
T2T04_1	haplotype1	haplotype1-0000042	428333
T2T04_1	haplotype1	haplotype1-0000043	428036
T2T04_1	haplotype1	haplotype1-0000078	424456
T2T04_1	haplotype1	haplotype1-0000040	368529
T2T04_1	haplotype1	haplotype1-0000059	358695
T2T04_1	haplotype1	haplotype1-0000086	346959
T2T04_1	haplotype1	haplotype1-0000031	344114
T2T04_1	haplotype1	haplotype1-0000077	343046
T2T04_1	haplotype1	haplotype1-0000030	320136
T2T04_1	haplotype1	haplotype1-0000073	294299
T2T04_1	haplotype1	haplotype1-0000055	270179
T2T04_1	haplotype1	haplotype1-0000081	267921
T2T04_1	haplotype1	haplotype1-0000041	244734
T2T04_1	haplotype1	haplotype1-0000058	217110
T2T04_1	haplotype1	haplotype1-0000066	209843
T2T04_1	haplotype1	haplotype1-0000054	202545
T2T04_1	haplotype1	haplotype1-0000056	202024
T2T04_1	haplotype1	haplotype1-0000075	192688
T2T04_1	haplotype1	haplotype1-0000095	192233
T2T04_1	haplotype1	haplotype1-0000087	176060
T2T04_1	haplotype1	haplotype1-0000096	173482
T2T04_1	haplotype1	haplotype1-0000085	171330
T2T04_1	haplotype1	haplotype1-0000037	166153
T2T04_1	haplotype1	haplotype1-0000045	164525
T2T04_1	haplotype1	haplotype1-0000067	163195
T2T04_1	haplotype1	haplotype1-0000046	159732
T2T04_1	haplotype1	haplotype1-0000028	158471
T2T04_1	haplotype1	haplotype1-0000099	158085
T2T04_1	haplotype1	haplotype1-0000038	156983
T2T04_1	haplotype1	haplotype1-0000033	146858
T2T04_1	haplotype1	haplotype1-0000029	146568
T2T04_1	haplotype1	haplotype1-0000036	145116
T2T04_1	haplotype1	haplotype1-0000094	144408
T2T04_1	haplotype1	haplotype1-0000032	137073
T2T04_1	haplotype1	haplotype1-0000048	133548
T2T04_1	haplotype1	haplotype1-0000083	131416
T2T04_1	haplotype1	haplotype1-0000070	131391
T2T04_1	haplotype1	haplotype1-0000097	126101
T2T04_1	haplotype1	haplotype1-0000039	124772
T2T04_1	haplotype1	haplotype1-0000049	121687
T2T04_1	haplotype1	haplotype1-0000079	119210
T2T04_1	haplotype1	haplotype1-0000050	115104
T2T04_1	haplotype1	haplotype1-0000089	114886
T2T04_1	haplotype1	haplotype1-0000063	111213
T2T04_1	haplotype1	haplotype1-0000071	108403
T2T04_1	haplotype1	haplotype1-0000057	107727
T2T04_1	haplotype1	haplotype1-0000069	107559
T2T04_1	haplotype1	haplotype1-0000090	107230
T2T04_1	haplotype1	haplotype1-0000035	104780
T2T04_1	haplotype1	haplotype1-0000074	99803
T2T04_1	haplotype1	haplotype1-0000091	96995
T2T04_1	haplotype1	haplotype1-0000053	88434
T2T04_1	haplotype1	haplotype1-0000052	81168
T2T04_1	haplotype1	haplotype1-0000092	74176
T2T04_1	haplotype1	haplotype1-0000098	74156
T2T04_1	haplotype1	haplotype1-0000034	68749
T2T04_1	haplotype1	haplotype1-0000060	65899
T2T04_1	haplotype1	haplotype1-0000088	64547
T2T04_1	haplotype1	haplotype1-0000076	63999
T2T04_1	haplotype1	haplotype1-0000080	60262
T2T04_1	haplotype1	haplotype1-0000093	54896
T2T04_1	haplotype1	haplotype1-0000061	45326
T2T04_1	haplotype1	haplotype1-0000044	43476
T2T04_1	haplotype1	haplotype1-0000062	34137
T2T04_1	haplotype1	haplotype1-0000068	31408
T2T04_1	haplotype1	haplotype1-0000051	30017
T2T04_1	haplotype1	haplotype1-0000065	29579
T2T04_1	haplotype1	haplotype1-0000072	28673
T2T04_1	haplotype1	haplotype1-0000047	22916
T2T04_1	haplotype1	haplotype1-0000064	21915
T2T04_1	haplotype2	haplotype2-0000119	251220084
T2T04_1	haplotype2	haplotype2-0000104	242425840
T2T04_1	haplotype2	haplotype2-0000130	200420647
T2T04_1	haplotype2	haplotype2-0000118	191244317
T2T04_1	haplotype2	haplotype2-0000103	183014663
T2T04_1	haplotype2	haplotype2-0000129	174149509
T2T04_1	haplotype2	haplotype2-0000123	160750734
T2T04_1	haplotype2	haplotype2-0000114	155117379
T2T04_1	haplotype2	haplotype2-0000106	145871619
T2T04_1	haplotype2	haplotype2-0000120	134965674
T2T04_1	haplotype2	haplotype2-0000126	134947814
T2T04_1	haplotype2	haplotype2-0000101	134140621
T2T04_1	haplotype2	haplotype2-0000105	133548400
T2T04_1	haplotype2	haplotype2-0000117	101789681
T2T04_1	haplotype2	haplotype2-0000116	99283682
T2T04_1	haplotype2	haplotype2-0000128	93533215
T2T04_1	haplotype2	haplotype2-0000111	93312900
T2T04_1	haplotype2	haplotype2-0000102	82854241
T2T04_1	haplotype2	haplotype2-0000115	79807734
T2T04_1	haplotype2	haplotype2-0000108	67075691
T2T04_1	haplotype2	haplotype2-0000121	61843607
T2T04_1	haplotype2	haplotype2-0000124	44993362
T2T04_1	haplotype2	haplotype2-0000131	44887022
T2T04_1	haplotype2	haplotype2-0000107	14683041
T2T04_1	haplotype2	haplotype2-0000127	3501262
T2T04_1	haplotype2	haplotype2-0000109	3296264
T2T04_1	haplotype2	haplotype2-0000110	2410636
T2T04_1	haplotype2	haplotype2-0000112	2410554
T2T04_1	haplotype2	haplotype2-0000122	1881482
T2T04_1	haplotype2	haplotype2-0000113	1402952
T2T04_1	haplotype2	haplotype2-0000100	1379544
T2T04_1	haplotype2	haplotype2-0000125	1077773
T2T04_1	haplotype2	haplotype2-0000196	916212
T2T04_1	haplotype2	haplotype2-0000182	764364
T2T04_1	haplotype2	haplotype2-0000195	749931
T2T04_1	haplotype2	haplotype2-0000223	741802
T2T04_1	haplotype2	haplotype2-0000180	715183
T2T04_1	haplotype2	haplotype2-0000142	676797
T2T04_1	haplotype2	haplotype2-0000225	499844
T2T04_1	haplotype2	haplotype2-0000176	468988
T2T04_1	haplotype2	haplotype2-0000154	447635
T2T04_1	haplotype2	haplotype2-0000175	440884
T2T04_1	haplotype2	haplotype2-0000187	295562
T2T04_1	haplotype2	haplotype2-0000170	279658
T2T04_1	haplotype2	haplotype2-0000194	268900
T2T04_1	haplotype2	haplotype2-0000155	267115
T2T04_1	haplotype2	haplotype2-0000162	266010
T2T04_1	haplotype2	haplotype2-0000226	264556
T2T04_1	haplotype2	haplotype2-0000132	250950
T2T04_1	haplotype2	haplotype2-0000197	248995
T2T04_1	haplotype2	haplotype2-0000160	228380
T2T04_1	haplotype2	haplotype2-0000186	225096
T2T04_1	haplotype2	haplotype2-0000212	224198
T2T04_1	haplotype2	haplotype2-0000134	212745
T2T04_1	haplotype2	haplotype2-0000209	212451
T2T04_1	haplotype2	haplotype2-0000164	203550
T2T04_1	haplotype2	haplotype2-0000177	198399
T2T04_1	haplotype2	haplotype2-0000178	192474
T2T04_1	haplotype2	haplotype2-0000188	187635
T2T04_1	haplotype2	haplotype2-0000179	187628
T2T04_1	haplotype2	haplotype2-0000205	186663
T2T04_1	haplotype2	haplotype2-0000174	185222
T2T04_1	haplotype2	haplotype2-0000138	173789
T2T04_1	haplotype2	haplotype2-0000218	160199
T2T04_1	haplotype2	haplotype2-0000156	158473
T2T04_1	haplotype2	haplotype2-0000161	157910
T2T04_1	haplotype2	haplotype2-0000159	156525
T2T04_1	haplotype2	haplotype2-0000192	156255
T2T04_1	haplotype2	haplotype2-0000144	153803
T2T04_1	haplotype2	haplotype2-0000190	149609
T2T04_1	haplotype2	haplotype2-0000189	148785
T2T04_1	haplotype2	haplotype2-0000183	147455
T2T04_1	haplotype2	haplotype2-0000217	145906
T2T04_1	haplotype2	haplotype2-0000172	144468
T2T04_1	haplotype2	haplotype2-0000173	144219
T2T04_1	haplotype2	haplotype2-0000163	141254
T2T04_1	haplotype2	haplotype2-0000145	131413
T2T04_1	haplotype2	haplotype2-0000166	125528
T2T04_1	haplotype2	haplotype2-0000151	119516
T2T04_1	haplotype2	haplotype2-0000168	115980
T2T04_1	haplotype2	haplotype2-0000141	110723
T2T04_1	haplotype2	haplotype2-0000146	106490
T2T04_1	haplotype2	haplotype2-0000199	103571
T2T04_1	haplotype2	haplotype2-0000153	102602
T2T04_1	haplotype2	haplotype2-0000158	100521
T2T04_1	haplotype2	haplotype2-0000213	98298
T2T04_1	haplotype2	haplotype2-0000208	97094
T2T04_1	haplotype2	haplotype2-0000216	81133
T2T04_1	haplotype2	haplotype2-0000191	79925
T2T04_1	haplotype2	haplotype2-0000201	79345
T2T04_1	haplotype2	haplotype2-0000152	76914
T2T04_1	haplotype2	haplotype2-0000136	71481
T2T04_1	haplotype2	haplotype2-0000207	68445
T2T04_1	haplotype2	haplotype2-0000221	64647
T2T04_1	haplotype2	haplotype2-0000143	64409
T2T04_1	haplotype2	haplotype2-0000211	63671
T2T04_1	haplotype2	haplotype2-0000147	61210
T2T04_1	haplotype2	haplotype2-0000137	59589
T2T04_1	haplotype2	haplotype2-0000220	59336
T2T04_1	haplotype2	haplotype2-0000184	58306
T2T04_1	haplotype2	haplotype2-0000224	57194
T2T04_1	haplotype2	haplotype2-0000139	56336
T2T04_1	haplotype2	haplotype2-0000204	56055
T2T04_1	haplotype2	haplotype2-0000214	54245
T2T04_1	haplotype2	haplotype2-0000222	53409
T2T04_1	haplotype2	haplotype2-0000148	53275
T2T04_1	haplotype2	haplotype2-0000185	52583
T2T04_1	haplotype2	haplotype2-0000198	51700
T2T04_1	haplotype2	haplotype2-0000203	49245
T2T04_1	haplotype2	haplotype2-0000169	49167
T2T04_1	haplotype2	haplotype2-0000219	48442
T2T04_1	haplotype2	haplotype2-0000210	40619
T2T04_1	haplotype2	haplotype2-0000202	39525
T2T04_1	haplotype2	haplotype2-0000149	38203
T2T04_1	haplotype2	haplotype2-0000200	36534
T2T04_1	haplotype2	haplotype2-0000150	36472
T2T04_1	haplotype2	haplotype2-0000193	35579
T2T04_1	haplotype2	haplotype2-0000171	34292
T2T04_1	haplotype2	haplotype2-0000167	33528
T2T04_1	haplotype2	haplotype2-0000135	32903
T2T04_1	haplotype2	haplotype2-0000140	29724
T2T04_1	haplotype2	haplotype2-0000157	29050
T2T04_1	haplotype2	haplotype2-0000206	28918
T2T04_1	haplotype2	haplotype2-0000133	28623
T2T04_1	haplotype2	haplotype2-0000165	26862
T2T04_1	haplotype2	haplotype2-0000215	21551
T2T04_1	haplotype2	haplotype2-0000181	14397
T2T04_2	haplotype1	haplotype1-0000007	242164961
T2T04_2	haplotype1	haplotype1-0000030	201562890
T2T04_2	haplotype1	haplotype1-0000018	192285836
T2T04_2	haplotype1	haplotype1-0000017	185019343
T2T04_2	haplotype1	haplotype1-0000008	172129768
T2T04_2	haplotype1	haplotype1-0000002	161088393
T2T04_2	haplotype1	haplotype1-0000020	154649994
T2T04_2	haplotype1	haplotype1-0000011	146421786
T2T04_2	haplotype1	haplotype1-0000016	138963242
T2T04_2	haplotype1	haplotype1-0000013	135734751
T2T04_2	haplotype1	haplotype1-0000014	135021705
T2T04_2	haplotype1	haplotype1-0000023	134498568
T2T04_2	haplotype1	haplotype1-0000009	134130074
T2T04_2	haplotype1	haplotype1-0000004	115567353
T2T04_2	haplotype1	haplotype1-0000003	104550737
T2T04_2	haplotype1	haplotype1-0000025	96611049
T2T04_2	haplotype1	haplotype1-0000026	95109700
T2T04_2	haplotype1	haplotype1-0000010	82435704
T2T04_2	haplotype1	haplotype1-0000027	79245795
T2T04_2	haplotype1	haplotype1-0000022	65591825
T2T04_2	haplotype1	haplotype1-0000015	61806722
T2T04_2	haplotype1	haplotype1-0000001	49339423
T2T04_2	haplotype1	haplotype1-0000019	42781918
T2T04_2	haplotype1	haplotype1-0000012	39097903
T2T04_2	haplotype1	haplotype1-0000006	37899542
T2T04_2	haplotype1	haplotype1-0000033	6357492
T2T04_2	haplotype1	haplotype1-0000021	2705196
T2T04_2	haplotype1	haplotype1-0000028	2093337
T2T04_2	haplotype1	haplotype1-0000024	1929818
T2T04_2	haplotype1	haplotype1-0000005	1654581
T2T04_2	haplotype1	haplotype1-0000031	1453922
T2T04_2	haplotype1	haplotype1-0000032	916106
T2T04_2	haplotype1	haplotype1-0000029	842817
T2T04_2	haplotype1	haplotype1-0000160	713971
T2T04_2	haplotype1	haplotype1-0000101	650686
T2T04_2	haplotype1	haplotype1-0000162	648701
T2T04_2	haplotype1	haplotype1-0000112	629401
T2T04_2	haplotype1	haplotype1-0000111	611862
T2T04_2	haplotype1	haplotype1-0000055	553910
T2T04_2	haplotype1	haplotype1-0000127	500158
T2T04_2	haplotype1	haplotype1-0000080	498918
T2T04_2	haplotype1	haplotype1-0000153	463264
T2T04_2	haplotype1	haplotype1-0000130	454003
T2T04_2	haplotype1	haplotype1-0000106	424247
T2T04_2	haplotype1	haplotype1-0000139	344527
T2T04_2	haplotype1	haplotype1-0000103	330245
T2T04_2	haplotype1	haplotype1-0000161	329097
T2T04_2	haplotype1	haplotype1-0000196	306022
T2T04_2	haplotype1	haplotype1-0000092	287016
T2T04_2	haplotype1	haplotype1-0000176	269448
T2T04_2	haplotype1	haplotype1-0000178	264028
T2T04_2	haplotype1	haplotype1-0000148	262351
T2T04_2	haplotype1	haplotype1-0000104	261312
T2T04_2	haplotype1	haplotype1-0000175	241706
T2T04_2	haplotype1	haplotype1-0000094	235049
T2T04_2	haplotype1	haplotype1-0000064	217087
T2T04_2	haplotype1	haplotype1-0000177	215489
T2T04_2	haplotype1	haplotype1-0000044	207730
T2T04_2	haplotype1	haplotype1-0000174	193305
T2T04_2	haplotype1	haplotype1-0000134	191089
T2T04_2	haplotype1	haplotype1-0000091	189499
T2T04_2	haplotype1	haplotype1-0000037	189478
T2T04_2	haplotype1	haplotype1-0000099	186419
T2T04_2	haplotype1	haplotype1-0000110	174979
T2T04_2	haplotype1	haplotype1-0000121	172152
T2T04_2	haplotype1	haplotype1-0000050	163652
T2T04_2	haplotype1	haplotype1-0000156	160362
T2T04_2	haplotype1	haplotype1-0000060	155479
T2T04_2	haplotype1	haplotype1-0000141	151343
T2T04_2	haplotype1	haplotype1-0000047	146778
T2T04_2	haplotype1	haplotype1-0000117	144162
T2T04_2	haplotype1	haplotype1-0000183	141072
T2T04_2	haplotype1	haplotype1-0000136	139351
T2T04_2	haplotype1	haplotype1-0000035	139217
T2T04_2	haplotype1	haplotype1-0000090	139181
T2T04_2	haplotype1	haplotype1-0000102	138563
T2T04_2	haplotype1	haplotype1-0000149	137620
T2T04_2	haplotype1	haplotype1-0000034	130487
T2T04_2	haplotype1	haplotype1-0000079	126700
T2T04_2	haplotype1	haplotype1-0000147	125837
T2T04_2	haplotype1	haplotype1-0000100	124341
T2T04_2	haplotype1	haplotype1-0000192	122956
T2T04_2	haplotype1	haplotype1-0000119	122786
T2T04_2	haplotype1	haplotype1-0000197	121815
T2T04_2	haplotype1	haplotype1-0000145	119953
T2T04_2	haplotype1	haplotype1-0000038	117976
T2T04_2	haplotype1	haplotype1-0000068	116628
T2T04_2	haplotype1	haplotype1-0000048	115392
T2T04_2	haplotype1	haplotype1-0000133	114784
T2T04_2	haplotype1	haplotype1-0000167	112355
T2T04_2	haplotype1	haplotype1-0000164	112208
T2T04_2	haplotype1	haplotype1-0000138	112073
T2T04_2	haplotype1	haplotype1-0000049	110986
T2T04_2	haplotype1	haplotype1-0000159	110607
T2T04_2	haplotype1	haplotype1-0000182	106735
T2T04_2	haplotype1	haplotype1-0000043	106505
T2T04_2	haplotype1	haplotype1-0000144	105476
T2T04_2	haplotype1	haplotype1-0000096	105005
T2T04_2	haplotype1	haplotype1-0000173	101987
T2T04_2	haplotype1	haplotype1-0000120	97344
T2T04_2	haplotype1	haplotype1-0000105	95148
T2T04_2	haplotype1	haplotype1-0000165	92170
T2T04_2	haplotype1	haplotype1-0000097	90275
T2T04_2	haplotype1	haplotype1-0000053	89423
T2T04_2	haplotype1	haplotype1-0000143	86482
T2T04_2	haplotype1	haplotype1-0000128	85398
T2T04_2	haplotype1	haplotype1-0000116	83865
T2T04_2	haplotype1	haplotype1-0000045	82156
T2T04_2	haplotype1	haplotype1-0000084	81797
T2T04_2	haplotype1	haplotype1-0000042	81634
T2T04_2	haplotype1	haplotype1-0000129	80427
T2T04_2	haplotype1	haplotype1-0000125	78155
T2T04_2	haplotype1	haplotype1-0000142	76847
T2T04_2	haplotype1	haplotype1-0000083	76535
T2T04_2	haplotype1	haplotype1-0000078	76114
T2T04_2	haplotype1	haplotype1-0000061	73745
T2T04_2	haplotype1	haplotype1-0000065	73723
T2T04_2	haplotype1	haplotype1-0000184	73054
T2T04_2	haplotype1	haplotype1-0000146	71803
T2T04_2	haplotype1	haplotype1-0000166	71514
T2T04_2	haplotype1	haplotype1-0000154	68704
T2T04_2	haplotype1	haplotype1-0000108	67520
T2T04_2	haplotype1	haplotype1-0000107	66702
T2T04_2	haplotype1	haplotype1-0000198	66144
T2T04_2	haplotype1	haplotype1-0000150	65850
T2T04_2	haplotype1	haplotype1-0000076	64751
T2T04_2	haplotype1	haplotype1-0000066	64094
T2T04_2	haplotype1	haplotype1-0000158	63803
T2T04_2	haplotype1	haplotype1-0000039	63207
T2T04_2	haplotype1	haplotype1-0000077	63128
T2T04_2	haplotype1	haplotype1-0000137	62873
T2T04_2	haplotype1	haplotype1-0000140	62651
T2T04_2	haplotype1	haplotype1-0000054	62619
T2T04_2	haplotype1	haplotype1-0000062	59871
T2T04_2	haplotype1	haplotype1-0000058	59013
T2T04_2	haplotype1	haplotype1-0000067	58685
T2T04_2	haplotype1	haplotype1-0000163	57084
T2T04_2	haplotype1	haplotype1-0000131	55177
T2T04_2	haplotype1	haplotype1-0000186	52984
T2T04_2	haplotype1	haplotype1-0000109	52794
T2T04_2	haplotype1	haplotype1-0000082	51119
T2T04_2	haplotype1	haplotype1-0000087	50912
T2T04_2	haplotype1	haplotype1-0000194	50603
T2T04_2	haplotype1	haplotype1-0000191	50527
T2T04_2	haplotype1	haplotype1-0000187	48342
T2T04_2	haplotype1	haplotype1-0000059	48056
T2T04_2	haplotype1	haplotype1-0000041	47696
T2T04_2	haplotype1	haplotype1-0000086	46240
T2T04_2	haplotype1	haplotype1-0000095	45062
T2T04_2	haplotype1	haplotype1-0000046	44500
T2T04_2	haplotype1	haplotype1-0000179	44246
T2T04_2	haplotype1	haplotype1-0000081	42830
T2T04_2	haplotype1	haplotype1-0000151	42405
T2T04_2	haplotype1	haplotype1-0000071	42291
T2T04_2	haplotype1	haplotype1-0000073	41641
T2T04_2	haplotype1	haplotype1-0000171	40958
T2T04_2	haplotype1	haplotype1-0000118	39972
T2T04_2	haplotype1	haplotype1-0000126	38969
T2T04_2	haplotype1	haplotype1-0000169	38281
T2T04_2	haplotype1	haplotype1-0000124	38015
T2T04_2	haplotype1	haplotype1-0000132	37461
T2T04_2	haplotype1	haplotype1-0000075	36947
T2T04_2	haplotype1	haplotype1-0000063	36017
T2T04_2	haplotype1	haplotype1-0000040	35029
T2T04_2	haplotype1	haplotype1-0000052	34998
T2T04_2	haplotype1	haplotype1-0000089	34567
T2T04_2	haplotype1	haplotype1-0000074	33237
T2T04_2	haplotype1	haplotype1-0000155	33044
T2T04_2	haplotype1	haplotype1-0000072	32800
T2T04_2	haplotype1	haplotype1-0000051	32775
T2T04_2	haplotype1	haplotype1-0000115	32626
T2T04_2	haplotype1	haplotype1-0000172	31737
T2T04_2	haplotype1	haplotype1-0000056	30881
T2T04_2	haplotype1	haplotype1-0000135	30677
T2T04_2	haplotype1	haplotype1-0000180	30513
T2T04_2	haplotype1	haplotype1-0000170	30500
T2T04_2	haplotype1	haplotype1-0000157	30332
T2T04_2	haplotype1	haplotype1-0000093	30054
T2T04_2	haplotype1	haplotype1-0000195	29683
T2T04_2	haplotype1	haplotype1-0000123	29475
T2T04_2	haplotype1	haplotype1-0000113	29276
T2T04_2	haplotype1	haplotype1-0000188	29257
T2T04_2	haplotype1	haplotype1-0000189	28834
T2T04_2	haplotype1	haplotype1-0000190	28706
T2T04_2	haplotype1	haplotype1-0000098	28507
T2T04_2	haplotype1	haplotype1-0000114	26997
T2T04_2	haplotype1	haplotype1-0000152	26452
T2T04_2	haplotype1	haplotype1-0000168	26309
T2T04_2	haplotype1	haplotype1-0000085	24584
T2T04_2	haplotype1	haplotype1-0000193	24419
T2T04_2	haplotype1	haplotype1-0000070	24315
T2T04_2	haplotype1	haplotype1-0000185	24136
T2T04_2	haplotype1	haplotype1-0000057	24108
T2T04_2	haplotype1	haplotype1-0000181	24079
T2T04_2	haplotype1	haplotype1-0000069	22471
T2T04_2	haplotype1	haplotype1-0000036	21987
T2T04_2	haplotype1	haplotype1-0000122	20866
T2T04_2	haplotype1	haplotype1-0000088	16612
T2T04_2	haplotype2	haplotype2-0000208	242604468
T2T04_2	haplotype2	haplotype2-0000224	201129820
T2T04_2	haplotype2	haplotype2-0000218	192622986
T2T04_2	haplotype2	haplotype2-0000216	183158301
T2T04_2	haplotype2	haplotype2-0000217	172345715
T2T04_2	haplotype2	haplotype2-0000203	161123468
T2T04_2	haplotype2	haplotype2-0000220	154539420
T2T04_2	haplotype2	haplotype2-0000199	146248998
T2T04_2	haplotype2	haplotype2-0000214	135285696
T2T04_2	haplotype2	haplotype2-0000227	134496570
T2T04_2	haplotype2	haplotype2-0000200	134382350
T2T04_2	haplotype2	haplotype2-0000209	133239514
T2T04_2	haplotype2	haplotype2-0000205	116700413
T2T04_2	haplotype2	haplotype2-0000204	103441533
T2T04_2	haplotype2	haplotype2-0000226	101589512
T2T04_2	haplotype2	haplotype2-0000202	86453169
T2T04_2	haplotype2	haplotype2-0000211	84569072
T2T04_2	haplotype2	haplotype2-0000229	78033359
T2T04_2	haplotype2	haplotype2-0000206	73444923
T2T04_2	haplotype2	haplotype2-0000223	66628703
T2T04_2	haplotype2	haplotype2-0000215	62595462
T2T04_2	haplotype2	haplotype2-0000221	61345861
T2T04_2	haplotype2	haplotype2-0000231	51872492
T2T04_2	haplotype2	haplotype2-0000213	44732198
T2T04_2	haplotype2	haplotype2-0000212	40880849
T2T04_2	haplotype2	haplotype2-0000219	20459266
T2T04_2	haplotype2	haplotype2-0000225	10878973
T2T04_2	haplotype2	haplotype2-0000230	4593262
T2T04_2	haplotype2	haplotype2-0000228	3676095
T2T04_2	haplotype2	haplotype2-0000210	2446269
T2T04_2	haplotype2	haplotype2-0000222	1826722
T2T04_2	haplotype2	haplotype2-0000207	1568212
T2T04_2	haplotype2	haplotype2-0000246	1340182
T2T04_2	haplotype2	haplotype2-0000247	1174386
T2T04_2	haplotype2	haplotype2-0000201	967413
T2T04_2	haplotype2	haplotype2-0000263	785861
T2T04_2	haplotype2	haplotype2-0000279	558311
T2T04_2	haplotype2	haplotype2-0000274	551244
T2T04_2	haplotype2	haplotype2-0000260	505735
T2T04_2	haplotype2	haplotype2-0000277	497687
T2T04_2	haplotype2	haplotype2-0000307	452722
T2T04_2	haplotype2	haplotype2-0000255	436615
T2T04_2	haplotype2	haplotype2-0000254	419005
T2T04_2	haplotype2	haplotype2-0000312	411938
T2T04_2	haplotype2	haplotype2-0000240	392989
T2T04_2	haplotype2	haplotype2-0000245	373683
T2T04_2	haplotype2	haplotype2-0000318	362854
T2T04_2	haplotype2	haplotype2-0000298	318562
T2T04_2	haplotype2	haplotype2-0000284	316609
T2T04_2	haplotype2	haplotype2-0000319	301780
T2T04_2	haplotype2	haplotype2-0000257	286514
T2T04_2	haplotype2	haplotype2-0000304	275856
T2T04_2	haplotype2	haplotype2-0000250	268705
T2T04_2	haplotype2	haplotype2-0000280	266591
T2T04_2	haplotype2	haplotype2-0000273	263408
T2T04_2	haplotype2	haplotype2-0000258	246048
T2T04_2	haplotype2	haplotype2-0000288	242203
T2T04_2	haplotype2	haplotype2-0000272	238953
T2T04_2	haplotype2	haplotype2-0000251	233307
T2T04_2	haplotype2	haplotype2-0000292	230274
T2T04_2	haplotype2	haplotype2-0000317	228716
T2T04_2	haplotype2	haplotype2-0000264	210134
T2T04_2	haplotype2	haplotype2-0000267	208245
T2T04_2	haplotype2	haplotype2-0000253	205175
T2T04_2	haplotype2	haplotype2-0000256	196753
T2T04_2	haplotype2	haplotype2-0000321	196111
T2T04_2	haplotype2	haplotype2-0000300	194298
T2T04_2	haplotype2	haplotype2-0000248	193696
T2T04_2	haplotype2	haplotype2-0000314	191011
T2T04_2	haplotype2	haplotype2-0000287	189698
T2T04_2	haplotype2	haplotype2-0000259	181335
T2T04_2	haplotype2	haplotype2-0000297	174556
T2T04_2	haplotype2	haplotype2-0000295	169435
T2T04_2	haplotype2	haplotype2-0000262	166816
T2T04_2	haplotype2	haplotype2-0000239	159409
T2T04_2	haplotype2	haplotype2-0000237	150823
T2T04_2	haplotype2	haplotype2-0000306	142430
T2T04_2	haplotype2	haplotype2-0000322	142286
T2T04_2	haplotype2	haplotype2-0000266	141756
T2T04_2	haplotype2	haplotype2-0000296	139849
T2T04_2	haplotype2	haplotype2-0000283	139004
T2T04_2	haplotype2	haplotype2-0000311	136234
T2T04_2	haplotype2	haplotype2-0000271	129381
T2T04_2	haplotype2	haplotype2-0000238	126884
T2T04_2	haplotype2	haplotype2-0000286	126391
T2T04_2	haplotype2	haplotype2-0000261	126069
T2T04_2	haplotype2	haplotype2-0000294	123591
T2T04_2	haplotype2	haplotype2-0000281	122906
T2T04_2	haplotype2	haplotype2-0000299	121419
T2T04_2	haplotype2	haplotype2-0000252	121088
T2T04_2	haplotype2	haplotype2-0000309	106687
T2T04_2	haplotype2	haplotype2-0000270	105231
T2T04_2	haplotype2	haplotype2-0000243	102443
T2T04_2	haplotype2	haplotype2-0000249	98987
T2T04_2	haplotype2	haplotype2-0000291	88792
T2T04_2	haplotype2	haplotype2-0000305	86959
T2T04_2	haplotype2	haplotype2-0000289	86169
T2T04_2	haplotype2	haplotype2-0000308	86022
T2T04_2	haplotype2	haplotype2-0000233	85825
T2T04_2	haplotype2	haplotype2-0000313	84621
T2T04_2	haplotype2	haplotype2-0000315	83978
T2T04_2	haplotype2	haplotype2-0000244	81906
T2T04_2	haplotype2	haplotype2-0000268	80506
T2T04_2	haplotype2	haplotype2-0000234	75524
T2T04_2	haplotype2	haplotype2-0000241	72274
T2T04_2	haplotype2	haplotype2-0000310	69506
T2T04_2	haplotype2	haplotype2-0000285	68102
T2T04_2	haplotype2	haplotype2-0000290	59676
T2T04_2	haplotype2	haplotype2-0000320	57417
T2T04_2	haplotype2	haplotype2-0000301	56230
T2T04_2	haplotype2	haplotype2-0000265	50214
T2T04_2	haplotype2	haplotype2-0000236	48182
T2T04_2	haplotype2	haplotype2-0000293	42413
T2T04_2	haplotype2	haplotype2-0000275	40809
T2T04_2	haplotype2	haplotype2-0000278	38779
T2T04_2	haplotype2	haplotype2-0000232	37388
T2T04_2	haplotype2	haplotype2-0000316	34745
T2T04_2	haplotype2	haplotype2-0000269	31176
T2T04_2	haplotype2	haplotype2-0000242	30296
T2T04_2	haplotype2	haplotype2-0000282	28802
T2T04_2	haplotype2	haplotype2-0000276	28679
T2T04_2	haplotype2	haplotype2-0000235	24208
T2T04_2	haplotype2	haplotype2-0000303	24049
T2T04_2	haplotype2	haplotype2-0000302	20962
T2T05	haplotype1	haplotype1-0000018	249728714
T2T05	haplotype1	haplotype1-0000020	242338707
T2T05	haplotype1	haplotype1-0000019	200482926
T2T05	haplotype1	haplotype1-0000022	192062612
T2T05	haplotype1	haplotype1-0000017	183834775
T2T05	haplotype1	haplotype1-0000002	171804137
T2T05	haplotype1	haplotype1-0000001	161508151
T2T05	haplotype1	haplotype1-0000010	145459435
T2T05	haplotype1	haplotype1-0000024	135918109
T2T05	haplotype1	haplotype1-0000025	134714153
T2T05	haplotype1	haplotype1-0000021	133537805
T2T05	haplotype1	haplotype1-0000016	132548779
T2T05	haplotype1	haplotype1-0000013	107237230
T2T05	haplotype1	haplotype1-0000011	98522394
T2T05	haplotype1	haplotype1-0000014	95693671
T2T05	haplotype1	haplotype1-0000005	89307722
T2T05	haplotype1	haplotype1-0000003	83331583
T2T05	haplotype1	haplotype1-0000004	79532581
T2T05	haplotype1	haplotype1-0000012	65900802
T2T05	haplotype1	haplotype1-0000007	62019716
T2T05	haplotype1	haplotype1-0000015	50061478
T2T05	haplotype1	haplotype1-0000023	45170812
T2T05	haplotype1	haplotype1-0000009	39076165
T2T05	haplotype1	haplotype1-0000008	2906995
T2T05	haplotype1	haplotype1-0000006	2096668
T2T05	haplotype1	haplotype1-0000037	406388
T2T05	haplotype1	haplotype1-0000035	381118
T2T05	haplotype1	haplotype1-0000030	302554
T2T05	haplotype1	haplotype1-0000026	301356
T2T05	haplotype1	haplotype1-0000031	281067
T2T05	haplotype1	haplotype1-0000036	254528
T2T05	haplotype1	haplotype1-0000034	190876
T2T05	haplotype1	haplotype1-0000027	184365
T2T05	haplotype1	haplotype1-0000028	182413
T2T05	haplotype1	haplotype1-0000033	143425
T2T05	haplotype1	haplotype1-0000029	140192
T2T05	haplotype1	haplotype1-0000032	122290
T2T05	haplotype2	haplotype2-0000058	254177468
T2T05	haplotype2	haplotype2-0000060	242435029
T2T05	haplotype2	haplotype2-0000059	201507838
T2T05	haplotype2	haplotype2-0000062	191729628
T2T05	haplotype2	haplotype2-0000057	183463549
T2T05	haplotype2	haplotype2-0000040	172077296
T2T05	haplotype2	haplotype2-0000038	160572402
T2T05	haplotype2	haplotype2-0000048	154822203
T2T05	haplotype2	haplotype2-0000049	146201523
T2T05	haplotype2	haplotype2-0000056	139266462
T2T05	haplotype2	haplotype2-0000065	135549032
T2T05	haplotype2	haplotype2-0000064	135406550
T2T05	haplotype2	haplotype2-0000061	133260673
T2T05	haplotype2	haplotype2-0000052	101147601
T2T05	haplotype2	haplotype2-0000053	97114220
T2T05	haplotype2	haplotype2-0000055	95323737
T2T05	haplotype2	haplotype2-0000041	82706441
T2T05	haplotype2	haplotype2-0000044	82331962
T2T05	haplotype2	haplotype2-0000043	80890679
T2T05	haplotype2	haplotype2-0000050	68116444
T2T05	haplotype2	haplotype2-0000039	60908203
T2T05	haplotype2	haplotype2-0000063	47525037
T2T05	haplotype2	haplotype2-0000047	43734801
T2T05	haplotype2	haplotype2-0000054	8008508
T2T05	haplotype2	haplotype2-0000045	3036172
T2T05	haplotype2	haplotype2-0000051	2669939
T2T05	haplotype2	haplotype2-0000042	1452654
T2T05	haplotype2	haplotype2-0000046	1113093
T2T05	haplotype2	haplotype2-0000071	1062603
T2T05	haplotype2	haplotype2-0000072	501243
T2T05	haplotype2	haplotype2-0000082	225888
T2T05	haplotype2	haplotype2-0000066	146182
T2T05	haplotype2	haplotype2-0000068	111540
T2T05	haplotype2	haplotype2-0000076	105942
T2T05	haplotype2	haplotype2-0000070	100691
T2T05	haplotype2	haplotype2-0000083	95969
T2T05	haplotype2	haplotype2-0000080	89041
T2T05	haplotype2	haplotype2-0000067	84434
T2T05	haplotype2	haplotype2-0000087	82358
T2T05	haplotype2	haplotype2-0000077	81983
T2T05	haplotype2	haplotype2-0000069	81528
T2T05	haplotype2	haplotype2-0000073	79995
T2T05	haplotype2	haplotype2-0000074	71032
T2T05	haplotype2	haplotype2-0000079	59920
T2T05	haplotype2	haplotype2-0000081	55802
T2T05	haplotype2	haplotype2-0000086	55492
T2T05	haplotype2	haplotype2-0000084	53488
T2T05	haplotype2	haplotype2-0000085	50593
T2T05	haplotype2	haplotype2-0000075	47786
T2T05	haplotype2	haplotype2-0000078	23609
T2T06	haplotype1	haplotype1-0000007	248203186
T2T06	haplotype1	haplotype1-0000015	242215410
T2T06	haplotype1	haplotype1-0000026	201993019
T2T06	haplotype1	haplotype1-0000009	191318702
T2T06	haplotype1	haplotype1-0000017	183213748
T2T06	haplotype1	haplotype1-0000019	173837558
T2T06	haplotype1	haplotype1-0000020	160794401
T2T06	haplotype1	haplotype1-0000021	145301303
T2T06	haplotype1	haplotype1-0000016	135206642
T2T06	haplotype1	haplotype1-0000024	135065769
T2T06	haplotype1	haplotype1-0000023	134206595
T2T06	haplotype1	haplotype1-0000010	131597711
T2T06	haplotype1	haplotype1-0000014	103575354
T2T06	haplotype1	haplotype1-0000011	102158984
T2T06	haplotype1	haplotype1-0000003	98662551
T2T06	haplotype1	haplotype1-0000006	90133295
T2T06	haplotype1	haplotype1-0000004	83846641
T2T06	haplotype1	haplotype1-0000013	80966860
T2T06	haplotype1	haplotype1-0000025	65736007
T2T06	haplotype1	haplotype1-0000012	59381086
T2T06	haplotype1	haplotype1-0000005	47256863
T2T06	haplotype1	haplotype1-0000008	45087816
T2T06	haplotype1	haplotype1-0000018	36366621
T2T06	haplotype1	haplotype1-0000022	2471915
T2T06	haplotype1	haplotype1-0000002	2353334
T2T06	haplotype1	haplotype1-0000001	1171507
T2T06	haplotype1	haplotype1-0000046	453316
T2T06	haplotype1	haplotype1-0000038	434289
T2T06	haplotype1	haplotype1-0000037	329713
T2T06	haplotype1	haplotype1-0000031	324630
T2T06	haplotype1	haplotype1-0000028	187859
T2T06	haplotype1	haplotype1-0000040	177216
T2T06	haplotype1	haplotype1-0000039	173438
T2T06	haplotype1	haplotype1-0000027	139841
T2T06	haplotype1	haplotype1-0000030	138662
T2T06	haplotype1	haplotype1-0000035	126559
T2T06	haplotype1	haplotype1-0000029	126050
T2T06	haplotype1	haplotype1-0000042	106819
T2T06	haplotype1	haplotype1-0000045	96155
T2T06	haplotype1	haplotype1-0000043	93054
T2T06	haplotype1	haplotype1-0000044	88779
T2T06	haplotype1	haplotype1-0000032	67691
T2T06	haplotype1	haplotype1-0000034	61121
T2T06	haplotype1	haplotype1-0000036	54759
T2T06	haplotype1	haplotype1-0000033	45445
T2T06	haplotype1	haplotype1-0000047	35892
T2T06	haplotype1	haplotype1-0000041	34554
T2T06	haplotype2	haplotype2-0000048	246274725
T2T06	haplotype2	haplotype2-0000062	242377218
T2T06	haplotype2	haplotype2-0000074	203186182
T2T06	haplotype2	haplotype2-0000057	191378015
T2T06	haplotype2	haplotype2-0000064	183363758
T2T06	haplotype2	haplotype2-0000067	171627842
T2T06	haplotype2	haplotype2-0000068	161407817
T2T06	haplotype2	haplotype2-0000053	154598733
T2T06	haplotype2	haplotype2-0000050	145622241
T2T06	haplotype2	haplotype2-0000063	135701482
T2T06	haplotype2	haplotype2-0000070	134356325
T2T06	haplotype2	haplotype2-0000072	134137437
T2T06	haplotype2	haplotype2-0000058	133320016
T2T06	haplotype2	haplotype2-0000059	106980954
T2T06	haplotype2	haplotype2-0000061	100859969
T2T06	haplotype2	haplotype2-0000069	93322692
T2T06	haplotype2	haplotype2-0000071	89592435
T2T06	haplotype2	haplotype2-0000066	82185288
T2T06	haplotype2	haplotype2-0000054	80204245
T2T06	haplotype2	haplotype2-0000073	68252834
T2T06	haplotype2	haplotype2-0000049	61270174
T2T06	haplotype2	haplotype2-0000055	45226747
T2T06	haplotype2	haplotype2-0000065	39821183
T2T06	haplotype2	haplotype2-0000051	11267443
T2T06	haplotype2	haplotype2-0000056	1576896
T2T06	haplotype2	haplotype2-0000052	1213198
T2T06	haplotype2	haplotype2-0000060	1093395
T2T06	haplotype2	haplotype2-0000120	960665
T2T06	haplotype2	haplotype2-0000124	783140
T2T06	haplotype2	haplotype2-0000094	763550
T2T06	haplotype2	haplotype2-0000110	629087
T2T06	haplotype2	haplotype2-0000122	467328
T2T06	haplotype2	haplotype2-0000138	356854
T2T06	haplotype2	haplotype2-0000112	330513
T2T06	haplotype2	haplotype2-0000111	323363
T2T06	haplotype2	haplotype2-0000098	272448
T2T06	haplotype2	haplotype2-0000090	259626
T2T06	haplotype2	haplotype2-0000095	244021
T2T06	haplotype2	haplotype2-0000109	209522
T2T06	haplotype2	haplotype2-0000107	208315
T2T06	haplotype2	haplotype2-0000076	204387
T2T06	haplotype2	haplotype2-0000077	199787
T2T06	haplotype2	haplotype2-0000130	197367
T2T06	haplotype2	haplotype2-0000127	168172
T2T06	haplotype2	haplotype2-0000093	163660
T2T06	haplotype2	haplotype2-0000123	163496
T2T06	haplotype2	haplotype2-0000144	148573
T2T06	haplotype2	haplotype2-0000096	138115
T2T06	haplotype2	haplotype2-0000084	133692
T2T06	haplotype2	haplotype2-0000097	124354
T2T06	haplotype2	haplotype2-0000082	122384
T2T06	haplotype2	haplotype2-0000126	117237
T2T06	haplotype2	haplotype2-0000105	110932
T2T06	haplotype2	haplotype2-0000103	106017
T2T06	haplotype2	haplotype2-0000136	105276
T2T06	haplotype2	haplotype2-0000137	103095
T2T06	haplotype2	haplotype2-0000119	100340
T2T06	haplotype2	haplotype2-0000079	92689
T2T06	haplotype2	haplotype2-0000089	86020
T2T06	haplotype2	haplotype2-0000121	83775
T2T06	haplotype2	haplotype2-0000086	83350
T2T06	haplotype2	haplotype2-0000141	82816
T2T06	haplotype2	haplotype2-0000091	79332
T2T06	haplotype2	haplotype2-0000118	79115
T2T06	haplotype2	haplotype2-0000139	76708
T2T06	haplotype2	haplotype2-0000134	75892
T2T06	haplotype2	haplotype2-0000083	72321
T2T06	haplotype2	haplotype2-0000116	71610
T2T06	haplotype2	haplotype2-0000075	70254
T2T06	haplotype2	haplotype2-0000129	68502
T2T06	haplotype2	haplotype2-0000147	67477
T2T06	haplotype2	haplotype2-0000099	67420
T2T06	haplotype2	haplotype2-0000128	65606
T2T06	haplotype2	haplotype2-0000104	65448
T2T06	haplotype2	haplotype2-0000145	59768
T2T06	haplotype2	haplotype2-0000102	56945
T2T06	haplotype2	haplotype2-0000114	56392
T2T06	haplotype2	haplotype2-0000135	55644
T2T06	haplotype2	haplotype2-0000132	52730
T2T06	haplotype2	haplotype2-0000085	51066
T2T06	haplotype2	haplotype2-0000078	51062
T2T06	haplotype2	haplotype2-0000081	49788
T2T06	haplotype2	haplotype2-0000092	49213
T2T06	haplotype2	haplotype2-0000106	48987
T2T06	haplotype2	haplotype2-0000143	48374
T2T06	haplotype2	haplotype2-0000080	48006
T2T06	haplotype2	haplotype2-0000108	47553
T2T06	haplotype2	haplotype2-0000101	45766
T2T06	haplotype2	haplotype2-0000131	45005
T2T06	haplotype2	haplotype2-0000088	43040
T2T06	haplotype2	haplotype2-0000146	38887
T2T06	haplotype2	haplotype2-0000125	36866
T2T06	haplotype2	haplotype2-0000140	34545
T2T06	haplotype2	haplotype2-0000115	34270
T2T06	haplotype2	haplotype2-0000133	33464
T2T06	haplotype2	haplotype2-0000100	32766
T2T06	haplotype2	haplotype2-0000142	31410
T2T06	haplotype2	haplotype2-0000148	30887
T2T06	haplotype2	haplotype2-0000113	30399
T2T06	haplotype2	haplotype2-0000117	17540
T2T06	haplotype2	haplotype2-0000087	4855
T2T07	haplotype1	haplotype1-0000014	246470741
T2T07	haplotype1	haplotype1-0000009	243014130
T2T07	haplotype1	haplotype1-0000028	201985912
T2T07	haplotype1	haplotype1-0000019	192885665
T2T07	haplotype1	haplotype1-0000029	184013368
T2T07	haplotype1	haplotype1-0000008	170948422
T2T07	haplotype1	haplotype1-0000021	154352325
T2T07	haplotype1	haplotype1-0000015	146764665
T2T07	haplotype1	haplotype1-0000016	136014981
T2T07	haplotype1	haplotype1-0000018	134731078
T2T07	haplotype1	haplotype1-0000020	134707257
T2T07	haplotype1	haplotype1-0000031	133785045
T2T07	haplotype1	haplotype1-0000002	106542655
T2T07	haplotype1	haplotype1-0000001	102144648
T2T07	haplotype1	haplotype1-0000004	91616978
T2T07	haplotype1	haplotype1-0000025	91406457
T2T07	haplotype1	haplotype1-0000032	86252241
T2T07	haplotype1	haplotype1-0000003	84758732
T2T07	haplotype1	haplotype1-0000030	78903743
T2T07	haplotype1	haplotype1-0000007	74639718
T2T07	haplotype1	haplotype1-0000026	65627635
T2T07	haplotype1	haplotype1-0000033	63415856
T2T07	haplotype1	haplotype1-0000006	38832781
T2T07	haplotype1	haplotype1-0000010	34914565
T2T07	haplotype1	haplotype1-0000005	7630765
T2T07	haplotype1	haplotype1-0000017	3747796
T2T07	haplotype1	haplotype1-0000013	2971151
T2T07	haplotype1	haplotype1-0000024	1973428
T2T07	haplotype1	haplotype1-0000011	1494519
T2T07	haplotype1	haplotype1-0000012	1092010
T2T07	haplotype1	haplotype1-0000022	1061087
T2T07	haplotype1	haplotype1-0000079	888566
T2T07	haplotype1	haplotype1-0000027	826870
T2T07	haplotype1	haplotype1-0000023	780204
T2T07	haplotype1	haplotype1-0000065	629263
T2T07	haplotype1	haplotype1-0000039	628585
T2T07	haplotype1	haplotype1-0000085	608885
T2T07	haplotype1	haplotype1-0000050	555309
T2T07	haplotype1	haplotype1-0000080	459241
T2T07	haplotype1	haplotype1-0000057	405249
T2T07	haplotype1	haplotype1-0000076	382389
T2T07	haplotype1	haplotype1-0000087	382383
T2T07	haplotype1	haplotype1-0000094	351701
T2T07	haplotype1	haplotype1-0000060	252103
T2T07	haplotype1	haplotype1-0000062	250570
T2T07	haplotype1	haplotype1-0000108	249608
T2T07	haplotype1	haplotype1-0000111	244701
T2T07	haplotype1	haplotype1-0000074	240468
T2T07	haplotype1	haplotype1-0000067	238676
T2T07	haplotype1	haplotype1-0000112	221393
T2T07	haplotype1	haplotype1-0000051	217290
T2T07	haplotype1	haplotype1-0000066	204257
T2T07	haplotype1	haplotype1-0000113	201285
T2T07	haplotype1	haplotype1-0000059	197830
T2T07	haplotype1	haplotype1-0000037	178797
T2T07	haplotype1	haplotype1-0000077	174336
T2T07	haplotype1	haplotype1-0000093	156193
T2T07	haplotype1	haplotype1-0000073	152798
T2T07	haplotype1	haplotype1-0000038	149456
T2T07	haplotype1	haplotype1-0000100	141066
T2T07	haplotype1	haplotype1-0000053	115441
T2T07	haplotype1	haplotype1-0000095	114238
T2T07	haplotype1	haplotype1-0000078	108430
T2T07	haplotype1	haplotype1-0000035	107724
T2T07	haplotype1	haplotype1-0000092	107128
T2T07	haplotype1	haplotype1-0000084	102575
T2T07	haplotype1	haplotype1-0000047	99132
T2T07	haplotype1	haplotype1-0000036	97801
T2T07	haplotype1	haplotype1-0000083	96883
T2T07	haplotype1	haplotype1-0000088	91428
T2T07	haplotype1	haplotype1-0000043	87784
T2T07	haplotype1	haplotype1-0000068	78717
T2T07	haplotype1	haplotype1-0000114	77358
T2T07	haplotype1	haplotype1-0000097	76805
T2T07	haplotype1	haplotype1-0000090	75227
T2T07	haplotype1	haplotype1-0000101	71592
T2T07	haplotype1	haplotype1-0000042	70608
T2T07	haplotype1	haplotype1-0000058	65313
T2T07	haplotype1	haplotype1-0000061	62713
T2T07	haplotype1	haplotype1-0000110	61305
T2T07	haplotype1	haplotype1-0000049	52352
T2T07	haplotype1	haplotype1-0000054	50460
T2T07	haplotype1	haplotype1-0000044	48358
T2T07	haplotype1	haplotype1-0000040	47465
T2T07	haplotype1	haplotype1-0000056	45841
T2T07	haplotype1	haplotype1-0000055	40961
T2T07	haplotype1	haplotype1-0000098	39741
T2T07	haplotype1	haplotype1-0000109	39279
T2T07	haplotype1	haplotype1-0000086	38617
T2T07	haplotype1	haplotype1-0000041	38584
T2T07	haplotype1	haplotype1-0000075	38308
T2T07	haplotype1	haplotype1-0000063	35873
T2T07	haplotype1	haplotype1-0000091	33765
T2T07	haplotype1	haplotype1-0000089	33191
T2T07	haplotype1	haplotype1-0000107	32769
T2T07	haplotype1	haplotype1-0000116	32022
T2T07	haplotype1	haplotype1-0000045	31606
T2T07	haplotype1	haplotype1-0000069	30650
T2T07	haplotype1	haplotype1-0000048	30571
T2T07	haplotype1	haplotype1-0000099	30299
T2T07	haplotype1	haplotype1-0000081	28379
T2T07	haplotype1	haplotype1-0000034	27145
T2T07	haplotype1	haplotype1-0000071	25421
T2T07	haplotype1	haplotype1-0000105	24595
T2T07	haplotype1	haplotype1-0000106	24557
T2T07	haplotype1	haplotype1-0000082	24298
T2T07	haplotype1	haplotype1-0000064	22487
T2T07	haplotype1	haplotype1-0000052	20478
T2T07	haplotype1	haplotype1-0000072	19945
T2T07	haplotype1	haplotype1-0000102	19704
T2T07	haplotype1	haplotype1-0000103	18086
T2T07	haplotype1	haplotype1-0000046	17559
T2T07	haplotype1	haplotype1-0000115	14632
T2T07	haplotype1	haplotype1-0000070	12302
T2T07	haplotype1	haplotype1-0000104	11303
T2T07	haplotype1	haplotype1-0000096	10048
T2T07	haplotype2	haplotype2-0000128	247809688
T2T07	haplotype2	haplotype2-0000126	242255263
T2T07	haplotype2	haplotype2-0000133	200806082
T2T07	haplotype2	haplotype2-0000132	192426468
T2T07	haplotype2	haplotype2-0000139	182476891
T2T07	haplotype2	haplotype2-0000125	170895230
T2T07	haplotype2	haplotype2-0000130	154492584
T2T07	haplotype2	haplotype2-0000143	147505178
T2T07	haplotype2	haplotype2-0000129	142406402
T2T07	haplotype2	haplotype2-0000131	135835031
T2T07	haplotype2	haplotype2-0000124	135761507
T2T07	haplotype2	haplotype2-0000144	133705645
T2T07	haplotype2	haplotype2-0000118	103559435
T2T07	haplotype2	haplotype2-0000117	100672409
T2T07	haplotype2	haplotype2-0000136	92048984
T2T07	haplotype2	haplotype2-0000145	86676099
T2T07	haplotype2	haplotype2-0000120	85912064
T2T07	haplotype2	haplotype2-0000119	82787125
T2T07	haplotype2	haplotype2-0000140	79518262
T2T07	haplotype2	haplotype2-0000141	73548275
T2T07	haplotype2	haplotype2-0000146	62203869
T2T07	haplotype2	haplotype2-0000121	45677730
T2T07	haplotype2	haplotype2-0000127	37075214
T2T07	haplotype2	haplotype2-0000137	36626049
T2T07	haplotype2	haplotype2-0000123	29451072
T2T07	haplotype2	haplotype2-0000142	3442874
T2T07	haplotype2	haplotype2-0000122	2079143
T2T07	haplotype2	haplotype2-0000135	2046081
T2T07	haplotype2	haplotype2-0000138	1565565
T2T07	haplotype2	haplotype2-0000134	1349123
T2T07	haplotype2	haplotype2-0000225	1170378
T2T07	haplotype2	haplotype2-0000176	898335
T2T07	haplotype2	haplotype2-0000181	852453
T2T07	haplotype2	haplotype2-0000224	795239
T2T07	haplotype2	haplotype2-0000186	790011
T2T07	haplotype2	haplotype2-0000164	721373
T2T07	haplotype2	haplotype2-0000170	652024
T2T07	haplotype2	haplotype2-0000149	621728
T2T07	haplotype2	haplotype2-0000230	572774
T2T07	haplotype2	haplotype2-0000187	510710
T2T07	haplotype2	haplotype2-0000218	504980
T2T07	haplotype2	haplotype2-0000166	436135
T2T07	haplotype2	haplotype2-0000169	435814
T2T07	haplotype2	haplotype2-0000223	423419
T2T07	haplotype2	haplotype2-0000234	358331
T2T07	haplotype2	haplotype2-0000148	322647
T2T07	haplotype2	haplotype2-0000156	322627
T2T07	haplotype2	haplotype2-0000151	269315
T2T07	haplotype2	haplotype2-0000221	257447
T2T07	haplotype2	haplotype2-0000244	251823
T2T07	haplotype2	haplotype2-0000256	249608
T2T07	haplotype2	haplotype2-0000153	243486
T2T07	haplotype2	haplotype2-0000231	235335
T2T07	haplotype2	haplotype2-0000179	232645
T2T07	haplotype2	haplotype2-0000147	215314
T2T07	haplotype2	haplotype2-0000182	209872
T2T07	haplotype2	haplotype2-0000258	207127
T2T07	haplotype2	haplotype2-0000188	198595
T2T07	haplotype2	haplotype2-0000237	194017
T2T07	haplotype2	haplotype2-0000161	183802
T2T07	haplotype2	haplotype2-0000236	183479
T2T07	haplotype2	haplotype2-0000154	180089
T2T07	haplotype2	haplotype2-0000157	177639
T2T07	haplotype2	haplotype2-0000210	174447
T2T07	haplotype2	haplotype2-0000229	168154
T2T07	haplotype2	haplotype2-0000178	165741
T2T07	haplotype2	haplotype2-0000257	157756
T2T07	haplotype2	haplotype2-0000155	156793
T2T07	haplotype2	haplotype2-0000233	156193
T2T07	haplotype2	haplotype2-0000242	152849
T2T07	haplotype2	haplotype2-0000241	152656
T2T07	haplotype2	haplotype2-0000215	143395
T2T07	haplotype2	haplotype2-0000228	139634
T2T07	haplotype2	haplotype2-0000171	133038
T2T07	haplotype2	haplotype2-0000192	133004
T2T07	haplotype2	haplotype2-0000165	126192
T2T07	haplotype2	haplotype2-0000193	121105
T2T07	haplotype2	haplotype2-0000196	120879
T2T07	haplotype2	haplotype2-0000245	119044
T2T07	haplotype2	haplotype2-0000203	117784
T2T07	haplotype2	haplotype2-0000184	116230
T2T07	haplotype2	haplotype2-0000206	115422
T2T07	haplotype2	haplotype2-0000204	113183
T2T07	haplotype2	haplotype2-0000198	105702
T2T07	haplotype2	haplotype2-0000212	104809
T2T07	haplotype2	haplotype2-0000201	100678
T2T07	haplotype2	haplotype2-0000172	99787
T2T07	haplotype2	haplotype2-0000150	97801
T2T07	haplotype2	haplotype2-0000235	96255
T2T07	haplotype2	haplotype2-0000208	95928
T2T07	haplotype2	haplotype2-0000240	94896
T2T07	haplotype2	haplotype2-0000167	94217
T2T07	haplotype2	haplotype2-0000168	93843
T2T07	haplotype2	haplotype2-0000197	92265
T2T07	haplotype2	haplotype2-0000175	88959
T2T07	haplotype2	haplotype2-0000160	88065
T2T07	haplotype2	haplotype2-0000159	87569
T2T07	haplotype2	haplotype2-0000249	84018
T2T07	haplotype2	haplotype2-0000189	82423
T2T07	haplotype2	haplotype2-0000183	82342
T2T07	haplotype2	haplotype2-0000162	82175
T2T07	haplotype2	haplotype2-0000251	81136
T2T07	haplotype2	haplotype2-0000239	81091
T2T07	haplotype2	haplotype2-0000213	79413
T2T07	haplotype2	haplotype2-0000180	78707
T2T07	haplotype2	haplotype2-0000250	77741
T2T07	haplotype2	haplotype2-0000216	77345
T2T07	haplotype2	haplotype2-0000226	77078
T2T07	haplotype2	haplotype2-0000246	76121
T2T07	haplotype2	haplotype2-0000214	74591
T2T07	haplotype2	haplotype2-0000152	73816
T2T07	haplotype2	haplotype2-0000219	73156
T2T07	haplotype2	haplotype2-0000262	72897
T2T07	haplotype2	haplotype2-0000243	72636
T2T07	haplotype2	haplotype2-0000185	71450
T2T07	haplotype2	haplotype2-0000227	71010
T2T07	haplotype2	haplotype2-0000222	70163
T2T07	haplotype2	haplotype2-0000220	65983
T2T07	haplotype2	haplotype2-0000260	63171
T2T07	haplotype2	haplotype2-0000232	62112
T2T07	haplotype2	haplotype2-0000211	58339
T2T07	haplotype2	haplotype2-0000163	57176
T2T07	haplotype2	haplotype2-0000259	53862
T2T07	haplotype2	haplotype2-0000205	52136
T2T07	haplotype2	haplotype2-0000207	51370
T2T07	haplotype2	haplotype2-0000194	50294
T2T07	haplotype2	haplotype2-0000200	48725
T2T07	haplotype2	haplotype2-0000255	45254
T2T07	haplotype2	haplotype2-0000173	45114
T2T07	haplotype2	haplotype2-0000191	42757
T2T07	haplotype2	haplotype2-0000199	42284
T2T07	haplotype2	haplotype2-0000177	42171
T2T07	haplotype2	haplotype2-0000209	37023
T2T07	haplotype2	haplotype2-0000253	36891
T2T07	haplotype2	haplotype2-0000195	36002
T2T07	haplotype2	haplotype2-0000174	35866
T2T07	haplotype2	haplotype2-0000202	34675
T2T07	haplotype2	haplotype2-0000252	32556
T2T07	haplotype2	haplotype2-0000248	28675
T2T07	haplotype2	haplotype2-0000158	26727
T2T07	haplotype2	haplotype2-0000247	24960
T2T07	haplotype2	haplotype2-0000217	17932
T2T07	haplotype2	haplotype2-0000238	15630
T2T07	haplotype2	haplotype2-0000254	13409
T2T07	haplotype2	haplotype2-0000190	12755
T2T07	haplotype2	haplotype2-0000261	12319
T2T08	haplotype1	haplotype1-0000006	247546737
T2T08	haplotype1	haplotype1-0000011	242346336
T2T08	haplotype1	haplotype1-0000025	199655977
T2T08	haplotype1	haplotype1-0000004	191306244
T2T08	haplotype1	haplotype1-0000020	183066846
T2T08	haplotype1	haplotype1-0000026	171512920
T2T08	haplotype1	haplotype1-0000012	160661799
T2T08	haplotype1	haplotype1-0000003	155210870
T2T08	haplotype1	haplotype1-0000022	145521797
T2T08	haplotype1	haplotype1-0000023	136949841
T2T08	haplotype1	haplotype1-0000010	135926203
T2T08	haplotype1	haplotype1-0000007	135109319
T2T08	haplotype1	haplotype1-0000001	133367420
T2T08	haplotype1	haplotype1-0000017	104091576
T2T08	haplotype1	haplotype1-0000005	100897401
T2T08	haplotype1	haplotype1-0000002	96201418
T2T08	haplotype1	haplotype1-0000024	91973104
T2T08	haplotype1	haplotype1-0000016	83171860
T2T08	haplotype1	haplotype1-0000013	77888170
T2T08	haplotype1	haplotype1-0000009	68947904
T2T08	haplotype1	haplotype1-0000008	60654989
T2T08	haplotype1	haplotype1-0000018	49079731
T2T08	haplotype1	haplotype1-0000021	40204962
T2T08	haplotype1	haplotype1-0000015	3890018
T2T08	haplotype1	haplotype1-0000019	1178061
T2T08	haplotype1	haplotype1-0000014	1092804
T2T08	haplotype1	haplotype1-0000030	511944
T2T08	haplotype1	haplotype1-0000035	410323
T2T08	haplotype1	haplotype1-0000038	227741
T2T08	haplotype1	haplotype1-0000037	225765
T2T08	haplotype1	haplotype1-0000033	223151
T2T08	haplotype1	haplotype1-0000036	94217
T2T08	haplotype1	haplotype1-0000031	89859
T2T08	haplotype1	haplotype1-0000029	57230
T2T08	haplotype1	haplotype1-0000027	54078
T2T08	haplotype1	haplotype1-0000028	35869
T2T08	haplotype1	haplotype1-0000032	35326
T2T08	haplotype1	haplotype1-0000034	33939
T2T08	haplotype1	haplotype1-0000039	32820
T2T08	haplotype2	haplotype2-0000045	247291365
T2T08	haplotype2	haplotype2-0000052	242460456
T2T08	haplotype2	haplotype2-0000066	203044581
T2T08	haplotype2	haplotype2-0000042	192225278
T2T08	haplotype2	haplotype2-0000043	181537049
T2T08	haplotype2	haplotype2-0000067	174811872
T2T08	haplotype2	haplotype2-0000049	161100845
T2T08	haplotype2	haplotype2-0000055	154684222
T2T08	haplotype2	haplotype2-0000063	145452402
T2T08	haplotype2	haplotype2-0000053	138453742
T2T08	haplotype2	haplotype2-0000064	137234201
T2T08	haplotype2	haplotype2-0000046	134534624
T2T08	haplotype2	haplotype2-0000041	133008694
T2T08	haplotype2	haplotype2-0000057	106096579
T2T08	haplotype2	haplotype2-0000044	97347872
T2T08	haplotype2	haplotype2-0000051	93230181
T2T08	haplotype2	haplotype2-0000065	92020057
T2T08	haplotype2	haplotype2-0000056	83934255
T2T08	haplotype2	haplotype2-0000050	80141766
T2T08	haplotype2	haplotype2-0000062	67294313
T2T08	haplotype2	haplotype2-0000047	61284264
T2T08	haplotype2	haplotype2-0000058	46007347
T2T08	haplotype2	haplotype2-0000061	40059667
T2T08	haplotype2	haplotype2-0000054	4287909
T2T08	haplotype2	haplotype2-0000048	1517499
T2T08	haplotype2	haplotype2-0000040	1515380
T2T08	haplotype2	haplotype2-0000059	988007
T2T08	haplotype2	haplotype2-0000069	941546
T2T08	haplotype2	haplotype2-0000077	861005
T2T08	haplotype2	haplotype2-0000060	794483
T2T08	haplotype2	haplotype2-0000070	652301
T2T08	haplotype2	haplotype2-0000071	581978
T2T08	haplotype2	haplotype2-0000075	539982
T2T08	haplotype2	haplotype2-0000079	530745
T2T08	haplotype2	haplotype2-0000080	424467
T2T08	haplotype2	haplotype2-0000081	378256
T2T08	haplotype2	haplotype2-0000101	277967
T2T08	haplotype2	haplotype2-0000097	268825
T2T08	haplotype2	haplotype2-0000098	224650
T2T08	haplotype2	haplotype2-0000072	205852
T2T08	haplotype2	haplotype2-0000083	203957
T2T08	haplotype2	haplotype2-0000091	171874
T2T08	haplotype2	haplotype2-0000100	166377
T2T08	haplotype2	haplotype2-0000093	132652
T2T08	haplotype2	haplotype2-0000082	130931
T2T08	haplotype2	haplotype2-0000092	117838
T2T08	haplotype2	haplotype2-0000084	112553
T2T08	haplotype2	haplotype2-0000068	111843
T2T08	haplotype2	haplotype2-0000096	99536
T2T08	haplotype2	haplotype2-0000085	85615
T2T08	haplotype2	haplotype2-0000090	85483
T2T08	haplotype2	haplotype2-0000086	74418
T2T08	haplotype2	haplotype2-0000078	73823
T2T08	haplotype2	haplotype2-0000095	71360
T2T08	haplotype2	haplotype2-0000089	58945
T2T08	haplotype2	haplotype2-0000099	51899
T2T08	haplotype2	haplotype2-0000088	50046
T2T08	haplotype2	haplotype2-0000094	45850
T2T08	haplotype2	haplotype2-0000073	45775
T2T08	haplotype2	haplotype2-0000076	34139
T2T08	haplotype2	haplotype2-0000074	33735
T2T08	haplotype2	haplotype2-0000087	28173
T2T09	haplotype1	haplotype1-0000003	246612773
T2T09	haplotype1	haplotype1-0000017	241765559
T2T09	haplotype1	haplotype1-0000015	200744548
T2T09	haplotype1	haplotype1-0000001	192917987
T2T09	haplotype1	haplotype1-0000024	181707746
T2T09	haplotype1	haplotype1-0000005	171720931
T2T09	haplotype1	haplotype1-0000025	161336277
T2T09	haplotype1	haplotype1-0000020	145664414
T2T09	haplotype1	haplotype1-0000008	135469756
T2T09	haplotype1	haplotype1-0000004	134178394
T2T09	haplotype1	haplotype1-0000010	134078966
T2T09	haplotype1	haplotype1-0000011	131948583
T2T09	haplotype1	haplotype1-0000021	103326912
T2T09	haplotype1	haplotype1-0000009	100633918
T2T09	haplotype1	haplotype1-0000012	91373128
T2T09	haplotype1	haplotype1-0000026	82882931
T2T09	haplotype1	haplotype1-0000013	81744531
T2T09	haplotype1	haplotype1-0000002	66968696
T2T09	haplotype1	haplotype1-0000028	61235359
T2T09	haplotype1	haplotype1-0000019	44428060
T2T09	haplotype1	haplotype1-0000022	44302590
T2T09	haplotype1	haplotype1-0000018	41975848
T2T09	haplotype1	haplotype1-0000023	39956963
T2T09	haplotype1	haplotype1-0000014	22643312
T2T09	haplotype1	haplotype1-0000030	21920551
T2T09	haplotype1	haplotype1-0000007	4103667
T2T09	haplotype1	haplotype1-0000016	3079920
T2T09	haplotype1	haplotype1-0000006	2041151
T2T09	haplotype1	haplotype1-0000029	1490311
T2T09	haplotype1	haplotype1-0000076	1087942
T2T09	haplotype1	haplotype1-0000027	884170
T2T09	haplotype1	haplotype1-0000075	764361
T2T09	haplotype1	haplotype1-0000045	692540
T2T09	haplotype1	haplotype1-0000072	517977
T2T09	haplotype1	haplotype1-0000047	502847
T2T09	haplotype1	haplotype1-0000067	359968
T2T09	haplotype1	haplotype1-0000068	352625
T2T09	haplotype1	haplotype1-0000084	305971
T2T09	haplotype1	haplotype1-0000043	254054
T2T09	haplotype1	haplotype1-0000060	246579
T2T09	haplotype1	haplotype1-0000071	245775
T2T09	haplotype1	haplotype1-0000074	244931
T2T09	haplotype1	haplotype1-0000083	228344
T2T09	haplotype1	haplotype1-0000073	196032
T2T09	haplotype1	haplotype1-0000042	194355
T2T09	haplotype1	haplotype1-0000031	190128
T2T09	haplotype1	haplotype1-0000035	172361
T2T09	haplotype1	haplotype1-0000051	167077
T2T09	haplotype1	haplotype1-0000069	165723
T2T09	haplotype1	haplotype1-0000079	145339
T2T09	haplotype1	haplotype1-0000058	142390
T2T09	haplotype1	haplotype1-0000044	140163
T2T09	haplotype1	haplotype1-0000039	138655
T2T09	haplotype1	haplotype1-0000070	132697
T2T09	haplotype1	haplotype1-0000078	120932
T2T09	haplotype1	haplotype1-0000048	117001
T2T09	haplotype1	haplotype1-0000059	114361
T2T09	haplotype1	haplotype1-0000038	111372
T2T09	haplotype1	haplotype1-0000064	104955
T2T09	haplotype1	haplotype1-0000040	104791
T2T09	haplotype1	haplotype1-0000046	98308
T2T09	haplotype1	haplotype1-0000036	97367
T2T09	haplotype1	haplotype1-0000034	95081
T2T09	haplotype1	haplotype1-0000077	94561
T2T09	haplotype1	haplotype1-0000056	92292
T2T09	haplotype1	haplotype1-0000063	88876
T2T09	haplotype1	haplotype1-0000041	88533
T2T09	haplotype1	haplotype1-0000032	84220
T2T09	haplotype1	haplotype1-0000055	78159
T2T09	haplotype1	haplotype1-0000049	76320
T2T09	haplotype1	haplotype1-0000054	74437
T2T09	haplotype1	haplotype1-0000037	74401
T2T09	haplotype1	haplotype1-0000033	72896
T2T09	haplotype1	haplotype1-0000081	71881
T2T09	haplotype1	haplotype1-0000082	55617
T2T09	haplotype1	haplotype1-0000053	53426
T2T09	haplotype1	haplotype1-0000061	43888
T2T09	haplotype1	haplotype1-0000080	41220
T2T09	haplotype1	haplotype1-0000050	36454
T2T09	haplotype1	haplotype1-0000052	32639
T2T09	haplotype1	haplotype1-0000057	29094
T2T09	haplotype1	haplotype1-0000062	26469
T2T09	haplotype1	haplotype1-0000066	19462
T2T09	haplotype1	haplotype1-0000065	13279
T2T09	haplotype2	haplotype2-0000097	250656226
T2T09	haplotype2	haplotype2-0000098	243409924
T2T09	haplotype2	haplotype2-0000112	199576827
T2T09	haplotype2	haplotype2-0000085	194848588
T2T09	haplotype2	haplotype2-0000107	182531062
T2T09	haplotype2	haplotype2-0000090	171321412
T2T09	haplotype2	haplotype2-0000115	161572806
T2T09	haplotype2	haplotype2-0000113	154784937
T2T09	haplotype2	haplotype2-0000099	146047862
T2T09	haplotype2	haplotype2-0000096	134683900
T2T09	haplotype2	haplotype2-0000089	133998686
T2T09	haplotype2	haplotype2-0000091	133920674
T2T09	haplotype2	haplotype2-0000100	107378635
T2T09	haplotype2	haplotype2-0000092	97779426
T2T09	haplotype2	haplotype2-0000086	94328221
T2T09	haplotype2	haplotype2-0000094	91631188
T2T09	haplotype2	haplotype2-0000087	87952972
T2T09	haplotype2	haplotype2-0000088	82758906
T2T09	haplotype2	haplotype2-0000106	79923053
T2T09	haplotype2	haplotype2-0000095	65909421
T2T09	haplotype2	haplotype2-0000101	45450199
T2T09	haplotype2	haplotype2-0000105	41509665
T2T09	haplotype2	haplotype2-0000110	39867717
T2T09	haplotype2	haplotype2-0000103	36155874
T2T09	haplotype2	haplotype2-0000093	21990238
T2T09	haplotype2	haplotype2-0000108	10141085
T2T09	haplotype2	haplotype2-0000109	5377815
T2T09	haplotype2	haplotype2-0000104	3828708
T2T09	haplotype2	haplotype2-0000114	3166761
T2T09	haplotype2	haplotype2-0000102	1765124
T2T09	haplotype2	haplotype2-0000111	1224622
T2T09	haplotype2	haplotype2-0000135	828443
T2T09	haplotype2	haplotype2-0000143	725134
T2T09	haplotype2	haplotype2-0000140	624312
T2T09	haplotype2	haplotype2-0000154	605491
T2T09	haplotype2	haplotype2-0000170	598399
T2T09	haplotype2	haplotype2-0000174	581119
T2T09	haplotype2	haplotype2-0000165	579043
T2T09	haplotype2	haplotype2-0000171	466313
T2T09	haplotype2	haplotype2-0000149	437426
T2T09	haplotype2	haplotype2-0000153	419397
T2T09	haplotype2	haplotype2-0000161	396254
T2T09	haplotype2	haplotype2-0000118	339266
T2T09	haplotype2	haplotype2-0000127	326862
T2T09	haplotype2	haplotype2-0000116	320645
T2T09	haplotype2	haplotype2-0000131	296307
T2T09	haplotype2	haplotype2-0000162	275323
T2T09	haplotype2	haplotype2-0000167	270959
T2T09	haplotype2	haplotype2-0000136	259363
T2T09	haplotype2	haplotype2-0000152	249695
T2T09	haplotype2	haplotype2-0000134	239135
T2T09	haplotype2	haplotype2-0000168	233063
T2T09	haplotype2	haplotype2-0000117	230230
T2T09	haplotype2	haplotype2-0000125	214557
T2T09	haplotype2	haplotype2-0000138	211385
T2T09	haplotype2	haplotype2-0000130	207480
T2T09	haplotype2	haplotype2-0000126	193086
T2T09	haplotype2	haplotype2-0000150	172889
T2T09	haplotype2	haplotype2-0000129	170299
T2T09	haplotype2	haplotype2-0000133	155541
T2T09	haplotype2	haplotype2-0000172	151851
T2T09	haplotype2	haplotype2-0000120	123460
T2T09	haplotype2	haplotype2-0000121	121723
T2T09	haplotype2	haplotype2-0000173	119849
T2T09	haplotype2	haplotype2-0000158	118569
T2T09	haplotype2	haplotype2-0000151	117871
T2T09	haplotype2	haplotype2-0000141	110854
T2T09	haplotype2	haplotype2-0000166	110490
T2T09	haplotype2	haplotype2-0000175	98054
T2T09	haplotype2	haplotype2-0000119	92525
T2T09	haplotype2	haplotype2-0000137	75963
T2T09	haplotype2	haplotype2-0000142	71928
T2T09	haplotype2	haplotype2-0000124	68192
T2T09	haplotype2	haplotype2-0000147	62378
T2T09	haplotype2	haplotype2-0000132	58083
T2T09	haplotype2	haplotype2-0000155	54190
T2T09	haplotype2	haplotype2-0000148	53099
T2T09	haplotype2	haplotype2-0000156	38133
T2T09	haplotype2	haplotype2-0000159	36932
T2T09	haplotype2	haplotype2-0000157	36004
T2T09	haplotype2	haplotype2-0000163	35880
T2T09	haplotype2	haplotype2-0000164	30385
T2T09	haplotype2	haplotype2-0000144	28676
T2T09	haplotype2	haplotype2-0000145	28584
T2T09	haplotype2	haplotype2-0000169	23899
T2T09	haplotype2	haplotype2-0000139	22265
T2T09	haplotype2	haplotype2-0000122	19999
T2T09	haplotype2	haplotype2-0000146	16390
T2T09	haplotype2	haplotype2-0000123	16386
T2T09	haplotype2	haplotype2-0000160	12627
T2T09	haplotype2	haplotype2-0000128	9922
T2T10	haplotype1	haplotype1-0000030	243078873
T2T10	haplotype1	haplotype1-0000026	242862368
T2T10	haplotype1	haplotype1-0000013	202436611
T2T10	haplotype1	haplotype1-0000029	192977477
T2T10	haplotype1	haplotype1-0000007	183387680
T2T10	haplotype1	haplotype1-0000028	171603162
T2T10	haplotype1	haplotype1-0000024	160048537
T2T10	haplotype1	haplotype1-0000020	153667981
T2T10	haplotype1	haplotype1-0000036	145357114
T2T10	haplotype1	haplotype1-0000009	134321648
T2T10	haplotype1	haplotype1-0000004	134078149
T2T10	haplotype1	haplotype1-0000006	133922744
T2T10	haplotype1	haplotype1-0000003	99320133
T2T10	haplotype1	haplotype1-0000031	97818616
T2T10	haplotype1	haplotype1-0000027	81806711
T2T10	haplotype1	haplotype1-0000025	80622811
T2T10	haplotype1	haplotype1-0000001	74271293
T2T10	haplotype1	haplotype1-0000037	71835364
T2T10	haplotype1	haplotype1-0000010	70458869
T2T10	haplotype1	haplotype1-0000032	63343529
T2T10	haplotype1	haplotype1-0000002	61366009
T2T10	haplotype1	haplotype1-0000022	48629204
T2T10	haplotype1	haplotype1-0000019	43229272
T2T10	haplotype1	haplotype1-0000012	33876280
T2T10	haplotype1	haplotype1-0000017	15253638
T2T10	haplotype1	haplotype1-0000008	14821541
T2T10	haplotype1	haplotype1-0000021	9642264
T2T10	haplotype1	haplotype1-0000015	7207398
T2T10	haplotype1	haplotype1-0000016	2787232
T2T10	haplotype1	haplotype1-0000033	2466031
T2T10	haplotype1	haplotype1-0000018	2014107
T2T10	haplotype1	haplotype1-0000039	1749091
T2T10	haplotype1	haplotype1-0000038	1479680
T2T10	haplotype1	haplotype1-0000023	1404004
T2T10	haplotype1	haplotype1-0000005	1373949
T2T10	haplotype1	haplotype1-0000035	1367465
T2T10	haplotype1	haplotype1-0000011	1338916
T2T10	haplotype1	haplotype1-0000118	1259391
T2T10	haplotype1	haplotype1-0000034	1112411
T2T10	haplotype1	haplotype1-0000157	1088229
T2T10	haplotype1	haplotype1-0000014	900298
T2T10	haplotype1	haplotype1-0000063	825610
T2T10	haplotype1	haplotype1-0000067	795385
T2T10	haplotype1	haplotype1-0000127	775066
T2T10	haplotype1	haplotype1-0000046	762318
T2T10	haplotype1	haplotype1-0000041	748231
T2T10	haplotype1	haplotype1-0000124	746999
T2T10	haplotype1	haplotype1-0000144	716022
T2T10	haplotype1	haplotype1-0000070	613234
T2T10	haplotype1	haplotype1-0000158	586019
T2T10	haplotype1	haplotype1-0000114	552984
T2T10	haplotype1	haplotype1-0000060	549821
T2T10	haplotype1	haplotype1-0000107	546867
T2T10	haplotype1	haplotype1-0000093	542759
T2T10	haplotype1	haplotype1-0000109	537140
T2T10	haplotype1	haplotype1-0000074	530177
T2T10	haplotype1	haplotype1-0000062	522891
T2T10	haplotype1	haplotype1-0000042	513844
T2T10	haplotype1	haplotype1-0000159	513629
T2T10	haplotype1	haplotype1-0000139	505107
T2T10	haplotype1	haplotype1-0000077	501292
T2T10	haplotype1	haplotype1-0000094	485559
T2T10	haplotype1	haplotype1-0000083	480163
T2T10	haplotype1	haplotype1-0000051	465648
T2T10	haplotype1	haplotype1-0000064	460994
T2T10	haplotype1	haplotype1-0000071	429316
T2T10	haplotype1	haplotype1-0000079	427677
T2T10	haplotype1	haplotype1-0000084	419422
T2T10	haplotype1	haplotype1-0000047	418416
T2T10	haplotype1	haplotype1-0000061	418412
T2T10	haplotype1	haplotype1-0000057	415970
T2T10	haplotype1	haplotype1-0000149	407184
T2T10	haplotype1	haplotype1-0000073	397542
T2T10	haplotype1	haplotype1-0000134	369597
T2T10	haplotype1	haplotype1-0000066	368068
T2T10	haplotype1	haplotype1-0000086	326403
T2T10	haplotype1	haplotype1-0000126	325579
T2T10	haplotype1	haplotype1-0000078	324832
T2T10	haplotype1	haplotype1-0000053	320334
T2T10	haplotype1	haplotype1-0000089	316978
T2T10	haplotype1	haplotype1-0000043	296479
T2T10	haplotype1	haplotype1-0000111	292155
T2T10	haplotype1	haplotype1-0000090	291867
T2T10	haplotype1	haplotype1-0000160	289877
T2T10	haplotype1	haplotype1-0000048	283628
T2T10	haplotype1	haplotype1-0000150	281388
T2T10	haplotype1	haplotype1-0000085	274145
T2T10	haplotype1	haplotype1-0000056	273115
T2T10	haplotype1	haplotype1-0000052	265813
T2T10	haplotype1	haplotype1-0000120	251839
T2T10	haplotype1	haplotype1-0000117	251756
T2T10	haplotype1	haplotype1-0000069	250749
T2T10	haplotype1	haplotype1-0000075	245979
T2T10	haplotype1	haplotype1-0000072	242723
T2T10	haplotype1	haplotype1-0000044	241887
T2T10	haplotype1	haplotype1-0000054	237138
T2T10	haplotype1	haplotype1-0000131	224680
T2T10	haplotype1	haplotype1-0000113	214629
T2T10	haplotype1	haplotype1-0000145	212462
T2T10	haplotype1	haplotype1-0000076	207090
T2T10	haplotype1	haplotype1-0000097	204911
T2T10	haplotype1	haplotype1-0000125	201053
T2T10	haplotype1	haplotype1-0000156	195820
T2T10	haplotype1	haplotype1-0000128	194061
T2T10	haplotype1	haplotype1-0000123	188405
T2T10	haplotype1	haplotype1-0000105	179429
T2T10	haplotype1	haplotype1-0000065	179303
T2T10	haplotype1	haplotype1-0000049	179243
T2T10	haplotype1	haplotype1-0000130	178457
T2T10	haplotype1	haplotype1-0000106	169098
T2T10	haplotype1	haplotype1-0000058	168666
T2T10	haplotype1	haplotype1-0000110	164370
T2T10	haplotype1	haplotype1-0000132	154509
T2T10	haplotype1	haplotype1-0000050	147117
T2T10	haplotype1	haplotype1-0000080	146440
T2T10	haplotype1	haplotype1-0000081	144033
T2T10	haplotype1	haplotype1-0000138	140955
T2T10	haplotype1	haplotype1-0000129	119832
T2T10	haplotype1	haplotype1-0000136	118341
T2T10	haplotype1	haplotype1-0000112	113392
T2T10	haplotype1	haplotype1-0000151	112220
T2T10	haplotype1	haplotype1-0000108	109539
T2T10	haplotype1	haplotype1-0000040	109266
T2T10	haplotype1	haplotype1-0000140	108335
T2T10	haplotype1	haplotype1-0000133	104015
T2T10	haplotype1	haplotype1-0000153	102792
T2T10	haplotype1	haplotype1-0000137	102023
T2T10	haplotype1	haplotype1-0000082	96270
T2T10	haplotype1	haplotype1-0000146	93236
T2T10	haplotype1	haplotype1-0000115	84666
T2T10	haplotype1	haplotype1-0000141	79180
T2T10	haplotype1	haplotype1-0000088	77656
T2T10	haplotype1	haplotype1-0000096	77106
T2T10	haplotype1	haplotype1-0000152	75931
T2T10	haplotype1	haplotype1-0000098	74265
T2T10	haplotype1	haplotype1-0000059	70744
T2T10	haplotype1	haplotype1-0000135	67653
T2T10	haplotype1	haplotype1-0000119	65259
T2T10	haplotype1	haplotype1-0000045	65101
T2T10	haplotype1	haplotype1-0000104	64901
T2T10	haplotype1	haplotype1-0000087	64718
T2T10	haplotype1	haplotype1-0000148	61075
T2T10	haplotype1	haplotype1-0000095	56141
T2T10	haplotype1	haplotype1-0000154	51914
T2T10	haplotype1	haplotype1-0000155	50685
T2T10	haplotype1	haplotype1-0000121	47609
T2T10	haplotype1	haplotype1-0000091	44514
T2T10	haplotype1	haplotype1-0000122	40050
T2T10	haplotype1	haplotype1-0000101	33607
T2T10	haplotype1	haplotype1-0000068	33185
T2T10	haplotype1	haplotype1-0000055	32110
T2T10	haplotype1	haplotype1-0000103	30486
T2T10	haplotype1	haplotype1-0000100	30138
T2T10	haplotype1	haplotype1-0000092	26421
T2T10	haplotype1	haplotype1-0000099	25065
T2T10	haplotype1	haplotype1-0000143	23989
T2T10	haplotype1	haplotype1-0000102	22933
T2T10	haplotype1	haplotype1-0000116	22313
T2T10	haplotype1	haplotype1-0000142	12283
T2T10	haplotype1	haplotype1-0000147	11939
T2T10	haplotype2	haplotype2-0000193	242757857
T2T10	haplotype2	haplotype2-0000179	202307206
T2T10	haplotype2	haplotype2-0000194	192735999
T2T10	haplotype2	haplotype2-0000185	183265629
T2T10	haplotype2	haplotype2-0000189	170475265
T2T10	haplotype2	haplotype2-0000180	160325126
T2T10	haplotype2	haplotype2-0000170	154932243
T2T10	haplotype2	haplotype2-0000198	145814829
T2T10	haplotype2	haplotype2-0000176	136072405
T2T10	haplotype2	haplotype2-0000166	135063303
T2T10	haplotype2	haplotype2-0000167	133591014
T2T10	haplotype2	haplotype2-0000173	129258588
T2T10	haplotype2	haplotype2-0000191	125432323
T2T10	haplotype2	haplotype2-0000186	105429716
T2T10	haplotype2	haplotype2-0000195	100748947
T2T10	haplotype2	haplotype2-0000165	99431863
T2T10	haplotype2	haplotype2-0000190	83922265
T2T10	haplotype2	haplotype2-0000181	78695671
T2T10	haplotype2	haplotype2-0000199	70084878
T2T10	haplotype2	haplotype2-0000163	69548256
T2T10	haplotype2	haplotype2-0000162	66444898
T2T10	haplotype2	haplotype2-0000196	46600684
T2T10	haplotype2	haplotype2-0000164	45840963
T2T10	haplotype2	haplotype2-0000183	35931981
T2T10	haplotype2	haplotype2-0000192	18147261
T2T10	haplotype2	haplotype2-0000171	14697589
T2T10	haplotype2	haplotype2-0000197	12151149
T2T10	haplotype2	haplotype2-0000178	9399867
T2T10	haplotype2	haplotype2-0000188	9132857
T2T10	haplotype2	haplotype2-0000177	3288459
T2T10	haplotype2	haplotype2-0000174	3148765
T2T10	haplotype2	haplotype2-0000168	2609478
T2T10	haplotype2	haplotype2-0000187	1990323
T2T10	haplotype2	haplotype2-0000161	1962530
T2T10	haplotype2	haplotype2-0000175	1927567
T2T10	haplotype2	haplotype2-0000184	1774351
T2T10	haplotype2	haplotype2-0000169	1578518
T2T10	haplotype2	haplotype2-0000265	1277051
T2T10	haplotype2	haplotype2-0000200	1226745
T2T10	haplotype2	haplotype2-0000330	1127201
T2T10	haplotype2	haplotype2-0000182	1057120
T2T10	haplotype2	haplotype2-0000237	992358
T2T10	haplotype2	haplotype2-0000172	940511
T2T10	haplotype2	haplotype2-0000216	810780
T2T10	haplotype2	haplotype2-0000219	758462
T2T10	haplotype2	haplotype2-0000222	754576
T2T10	haplotype2	haplotype2-0000261	743898
T2T10	haplotype2	haplotype2-0000263	736381
T2T10	haplotype2	haplotype2-0000256	720766
T2T10	haplotype2	haplotype2-0000270	715479
T2T10	haplotype2	haplotype2-0000296	636051
T2T10	haplotype2	haplotype2-0000335	615264
T2T10	haplotype2	haplotype2-0000203	593027
T2T10	haplotype2	haplotype2-0000202	577409
T2T10	haplotype2	haplotype2-0000323	558743
T2T10	haplotype2	haplotype2-0000316	549708
T2T10	haplotype2	haplotype2-0000331	534080
T2T10	haplotype2	haplotype2-0000295	531812
T2T10	haplotype2	haplotype2-0000314	519556
T2T10	haplotype2	haplotype2-0000275	500601
T2T10	haplotype2	haplotype2-0000206	467681
T2T10	haplotype2	haplotype2-0000310	460441
T2T10	haplotype2	haplotype2-0000315	447327
T2T10	haplotype2	haplotype2-0000260	442785
T2T10	haplotype2	haplotype2-0000227	427374
T2T10	haplotype2	haplotype2-0000279	415778
T2T10	haplotype2	haplotype2-0000338	414384
T2T10	haplotype2	haplotype2-0000226	391287
T2T10	haplotype2	haplotype2-0000277	383276
T2T10	haplotype2	haplotype2-0000207	372250
T2T10	haplotype2	haplotype2-0000332	369888
T2T10	haplotype2	haplotype2-0000301	353845
T2T10	haplotype2	haplotype2-0000209	352225
T2T10	haplotype2	haplotype2-0000293	340925
T2T10	haplotype2	haplotype2-0000225	340220
T2T10	haplotype2	haplotype2-0000313	315337
T2T10	haplotype2	haplotype2-0000264	308764
T2T10	haplotype2	haplotype2-0000205	298884
T2T10	haplotype2	haplotype2-0000236	292525
T2T10	haplotype2	haplotype2-0000333	283667
T2T10	haplotype2	haplotype2-0000224	270783
T2T10	haplotype2	haplotype2-0000312	266497
T2T10	haplotype2	haplotype2-0000241	261946
T2T10	haplotype2	haplotype2-0000231	247410
T2T10	haplotype2	haplotype2-0000337	237171
T2T10	haplotype2	haplotype2-0000262	234215
T2T10	haplotype2	haplotype2-0000259	228958
T2T10	haplotype2	haplotype2-0000233	226562
T2T10	haplotype2	haplotype2-0000230	218847
T2T10	haplotype2	haplotype2-0000326	214316
T2T10	haplotype2	haplotype2-0000213	210923
T2T10	haplotype2	haplotype2-0000210	198788
T2T10	haplotype2	haplotype2-0000334	195820
T2T10	haplotype2	haplotype2-0000299	183586
T2T10	haplotype2	haplotype2-0000215	179243
T2T10	haplotype2	haplotype2-0000211	178505
T2T10	haplotype2	haplotype2-0000309	173896
T2T10	haplotype2	haplotype2-0000298	171328
T2T10	haplotype2	haplotype2-0000208	171123
T2T10	haplotype2	haplotype2-0000240	163963
T2T10	haplotype2	haplotype2-0000287	160219
T2T10	haplotype2	haplotype2-0000232	159803
T2T10	haplotype2	haplotype2-0000305	159193
T2T10	haplotype2	haplotype2-0000317	155985
T2T10	haplotype2	haplotype2-0000268	149161
T2T10	haplotype2	haplotype2-0000234	144033
T2T10	haplotype2	haplotype2-0000242	137305
T2T10	haplotype2	haplotype2-0000274	136663
T2T10	haplotype2	haplotype2-0000273	132432
T2T10	haplotype2	haplotype2-0000281	132074
T2T10	haplotype2	haplotype2-0000322	128725
T2T10	haplotype2	haplotype2-0000297	127536
T2T10	haplotype2	haplotype2-0000250	126246
T2T10	haplotype2	haplotype2-0000304	119832
T2T10	haplotype2	haplotype2-0000212	119649
T2T10	haplotype2	haplotype2-0000291	110772
T2T10	haplotype2	haplotype2-0000280	110743
T2T10	haplotype2	haplotype2-0000286	109157
T2T10	haplotype2	haplotype2-0000201	104483
T2T10	haplotype2	haplotype2-0000282	102079
T2T10	haplotype2	haplotype2-0000204	99956
T2T10	haplotype2	haplotype2-0000278	97153
T2T10	haplotype2	haplotype2-0000253	95334
T2T10	haplotype2	haplotype2-0000302	94823
T2T10	haplotype2	haplotype2-0000267	94701
T2T10	haplotype2	haplotype2-0000320	93236
T2T10	haplotype2	haplotype2-0000218	92439
T2T10	haplotype2	haplotype2-0000311	91826
T2T10	haplotype2	haplotype2-0000290	91225
T2T10	haplotype2	haplotype2-0000217	90638
T2T10	haplotype2	haplotype2-0000228	90097
T2T10	haplotype2	haplotype2-0000269	87327
T2T10	haplotype2	haplotype2-0000247	81938
T2T10	haplotype2	haplotype2-0000252	81148
T2T10	haplotype2	haplotype2-0000306	81118
T2T10	haplotype2	haplotype2-0000257	80264
T2T10	haplotype2	haplotype2-0000238	77531
T2T10	haplotype2	haplotype2-0000249	75743
T2T10	haplotype2	haplotype2-0000258	74402
T2T10	haplotype2	haplotype2-0000288	74127
T2T10	haplotype2	haplotype2-0000235	70826
T2T10	haplotype2	haplotype2-0000294	66982
T2T10	haplotype2	haplotype2-0000329	66057
T2T10	haplotype2	haplotype2-0000272	65519
T2T10	haplotype2	haplotype2-0000214	60194
T2T10	haplotype2	haplotype2-0000336	58242
T2T10	haplotype2	haplotype2-0000271	57944
T2T10	haplotype2	haplotype2-0000254	57798
T2T10	haplotype2	haplotype2-0000307	56110
T2T10	haplotype2	haplotype2-0000300	55959
T2T10	haplotype2	haplotype2-0000239	55902
T2T10	haplotype2	haplotype2-0000246	52417
T2T10	haplotype2	haplotype2-0000251	51723
T2T10	haplotype2	haplotype2-0000308	50431
T2T10	haplotype2	haplotype2-0000223	50357
T2T10	haplotype2	haplotype2-0000321	48791
T2T10	haplotype2	haplotype2-0000289	48710
T2T10	haplotype2	haplotype2-0000244	45064
T2T10	haplotype2	haplotype2-0000255	44372
T2T10	haplotype2	haplotype2-0000325	43388
T2T10	haplotype2	haplotype2-0000318	43257
T2T10	haplotype2	haplotype2-0000245	41330
T2T10	haplotype2	haplotype2-0000324	40837
T2T10	haplotype2	haplotype2-0000248	40117
T2T10	haplotype2	haplotype2-0000328	36883
T2T10	haplotype2	haplotype2-0000221	36256
T2T10	haplotype2	haplotype2-0000327	32976
T2T10	haplotype2	haplotype2-0000220	32110
T2T10	haplotype2	haplotype2-0000285	28314
T2T10	haplotype2	haplotype2-0000303	27805
T2T10	haplotype2	haplotype2-0000319	26329
T2T10	haplotype2	haplotype2-0000266	24887
T2T10	haplotype2	haplotype2-0000243	24696
T2T10	haplotype2	haplotype2-0000229	20853
T2T10	haplotype2	haplotype2-0000276	16377
T2T10	haplotype2	haplotype2-0000283	13073
T2T10	haplotype2	haplotype2-0000292	12310
T2T10	haplotype2	haplotype2-0000284	11670
T2T11	haplotype1	haplotype1-0000023	246477936
T2T11	haplotype1	haplotype1-0000010	241280058
T2T11	haplotype1	haplotype1-0000026	201119679
T2T11	haplotype1	haplotype1-0000013	192238129
T2T11	haplotype1	haplotype1-0000003	183266363
T2T11	haplotype1	haplotype1-0000020	171538981
T2T11	haplotype1	haplotype1-0000021	160062611
T2T11	haplotype1	haplotype1-0000025	145849880
T2T11	haplotype1	haplotype1-0000012	135309922
T2T11	haplotype1	haplotype1-0000015	134239582
T2T11	haplotype1	haplotype1-0000019	133674677
T2T11	haplotype1	haplotype1-0000004	103092767
T2T11	haplotype1	haplotype1-0000001	96123741
T2T11	haplotype1	haplotype1-0000029	94151111
T2T11	haplotype1	haplotype1-0000024	90689582
T2T11	haplotype1	haplotype1-0000007	90367531
T2T11	haplotype1	haplotype1-0000014	84229348
T2T11	haplotype1	haplotype1-0000018	79750115
T2T11	haplotype1	haplotype1-0000017	66260056
T2T11	haplotype1	haplotype1-0000016	60878336
T2T11	haplotype1	haplotype1-0000011	45833939
T2T11	haplotype1	haplotype1-0000022	39808126
T2T11	haplotype1	haplotype1-0000006	37898769
T2T11	haplotype1	haplotype1-0000009	34155393
T2T11	haplotype1	haplotype1-0000002	11440739
T2T11	haplotype1	haplotype1-0000027	4070451
T2T11	haplotype1	haplotype1-0000005	1889828
T2T11	haplotype1	haplotype1-0000076	1586207
T2T11	haplotype1	haplotype1-0000008	1209099
T2T11	haplotype1	haplotype1-0000028	929494
T2T11	haplotype1	haplotype1-0000075	702768
T2T11	haplotype1	haplotype1-0000127	619052
T2T11	haplotype1	haplotype1-0000159	576781
T2T11	haplotype1	haplotype1-0000070	475295
T2T11	haplotype1	haplotype1-0000123	474657
T2T11	haplotype1	haplotype1-0000058	442982
T2T11	haplotype1	haplotype1-0000130	432628
T2T11	haplotype1	haplotype1-0000091	417631
T2T11	haplotype1	haplotype1-0000150	385365
T2T11	haplotype1	haplotype1-0000062	353281
T2T11	haplotype1	haplotype1-0000083	347128
T2T11	haplotype1	haplotype1-0000035	303039
T2T11	haplotype1	haplotype1-0000131	299095
T2T11	haplotype1	haplotype1-0000108	287785
T2T11	haplotype1	haplotype1-0000154	266443
T2T11	haplotype1	haplotype1-0000056	262904
T2T11	haplotype1	haplotype1-0000140	261595
T2T11	haplotype1	haplotype1-0000057	260385
T2T11	haplotype1	haplotype1-0000165	258904
T2T11	haplotype1	haplotype1-0000064	254071
T2T11	haplotype1	haplotype1-0000103	245407
T2T11	haplotype1	haplotype1-0000109	243921
T2T11	haplotype1	haplotype1-0000135	242996
T2T11	haplotype1	haplotype1-0000141	236359
T2T11	haplotype1	haplotype1-0000049	223638
T2T11	haplotype1	haplotype1-0000044	218970
T2T11	haplotype1	haplotype1-0000132	218792
T2T11	haplotype1	haplotype1-0000055	214957
T2T11	haplotype1	haplotype1-0000172	201654
T2T11	haplotype1	haplotype1-0000034	193948
T2T11	haplotype1	haplotype1-0000033	190953
T2T11	haplotype1	haplotype1-0000129	190845
T2T11	haplotype1	haplotype1-0000042	190545
T2T11	haplotype1	haplotype1-0000047	185499
T2T11	haplotype1	haplotype1-0000078	179790
T2T11	haplotype1	haplotype1-0000166	173455
T2T11	haplotype1	haplotype1-0000167	171415
T2T11	haplotype1	haplotype1-0000138	169710
T2T11	haplotype1	haplotype1-0000040	169183
T2T11	haplotype1	haplotype1-0000120	164851
T2T11	haplotype1	haplotype1-0000086	158612
T2T11	haplotype1	haplotype1-0000139	153180
T2T11	haplotype1	haplotype1-0000043	146967
T2T11	haplotype1	haplotype1-0000152	144616
T2T11	haplotype1	haplotype1-0000031	143004
T2T11	haplotype1	haplotype1-0000045	142827
T2T11	haplotype1	haplotype1-0000082	138868
T2T11	haplotype1	haplotype1-0000113	136397
T2T11	haplotype1	haplotype1-0000090	135610
T2T11	haplotype1	haplotype1-0000048	133961
T2T11	haplotype1	haplotype1-0000158	128488
T2T11	haplotype1	haplotype1-0000037	124658
T2T11	haplotype1	haplotype1-0000077	120583
T2T11	haplotype1	haplotype1-0000089	118523
T2T11	haplotype1	haplotype1-0000054	117285
T2T11	haplotype1	haplotype1-0000149	116917
T2T11	haplotype1	haplotype1-0000142	112512
T2T11	haplotype1	haplotype1-0000074	110630
T2T11	haplotype1	haplotype1-0000119	109048
T2T11	haplotype1	haplotype1-0000126	106834
T2T11	haplotype1	haplotype1-0000046	106823
T2T11	haplotype1	haplotype1-0000084	106503
T2T11	haplotype1	haplotype1-0000153	106196
T2T11	haplotype1	haplotype1-0000038	103983
T2T11	haplotype1	haplotype1-0000121	102470
T2T11	haplotype1	haplotype1-0000101	100501
T2T11	haplotype1	haplotype1-0000093	99160
T2T11	haplotype1	haplotype1-0000136	97742
T2T11	haplotype1	haplotype1-0000080	96117
T2T11	haplotype1	haplotype1-0000164	95693
T2T11	haplotype1	haplotype1-0000128	95406
T2T11	haplotype1	haplotype1-0000151	94054
T2T11	haplotype1	haplotype1-0000155	93104
T2T11	haplotype1	haplotype1-0000168	88107
T2T11	haplotype1	haplotype1-0000051	87953
T2T11	haplotype1	haplotype1-0000157	84850
T2T11	haplotype1	haplotype1-0000069	84286
T2T11	haplotype1	haplotype1-0000067	84156
T2T11	haplotype1	haplotype1-0000156	82126
T2T11	haplotype1	haplotype1-0000068	81143
T2T11	haplotype1	haplotype1-0000134	79246
T2T11	haplotype1	haplotype1-0000115	78362
T2T11	haplotype1	haplotype1-0000148	75828
T2T11	haplotype1	haplotype1-0000063	74817
T2T11	haplotype1	haplotype1-0000107	74445
T2T11	haplotype1	haplotype1-0000050	73638
T2T11	haplotype1	haplotype1-0000041	72795
T2T11	haplotype1	haplotype1-0000030	69709
T2T11	haplotype1	haplotype1-0000036	68294
T2T11	haplotype1	haplotype1-0000071	68080
T2T11	haplotype1	haplotype1-0000147	67803
T2T11	haplotype1	haplotype1-0000065	67733
T2T11	haplotype1	haplotype1-0000099	66947
T2T11	haplotype1	haplotype1-0000162	65559
T2T11	haplotype1	haplotype1-0000052	64930
T2T11	haplotype1	haplotype1-0000096	62385
T2T11	haplotype1	haplotype1-0000124	61765
T2T11	haplotype1	haplotype1-0000145	59821
T2T11	haplotype1	haplotype1-0000122	58112
T2T11	haplotype1	haplotype1-0000118	56745
T2T11	haplotype1	haplotype1-0000117	56055
T2T11	haplotype1	haplotype1-0000066	55448
T2T11	haplotype1	haplotype1-0000102	53397
T2T11	haplotype1	haplotype1-0000073	53346
T2T11	haplotype1	haplotype1-0000160	50663
T2T11	haplotype1	haplotype1-0000081	50495
T2T11	haplotype1	haplotype1-0000143	49972
T2T11	haplotype1	haplotype1-0000111	49776
T2T11	haplotype1	haplotype1-0000087	47299
T2T11	haplotype1	haplotype1-0000079	46899
T2T11	haplotype1	haplotype1-0000137	46573
T2T11	haplotype1	haplotype1-0000112	45050
T2T11	haplotype1	haplotype1-0000104	44444
T2T11	haplotype1	haplotype1-0000053	44355
T2T11	haplotype1	haplotype1-0000059	43871
T2T11	haplotype1	haplotype1-0000092	43494
T2T11	haplotype1	haplotype1-0000098	42951
T2T11	haplotype1	haplotype1-0000088	42716
T2T11	haplotype1	haplotype1-0000032	41489
T2T11	haplotype1	haplotype1-0000116	41111
T2T11	haplotype1	haplotype1-0000094	40966
T2T11	haplotype1	haplotype1-0000114	40960
T2T11	haplotype1	haplotype1-0000106	40195
T2T11	haplotype1	haplotype1-0000039	39956
T2T11	haplotype1	haplotype1-0000125	39836
T2T11	haplotype1	haplotype1-0000144	39355
T2T11	haplotype1	haplotype1-0000133	39316
T2T11	haplotype1	haplotype1-0000110	38850
T2T11	haplotype1	haplotype1-0000060	38234
T2T11	haplotype1	haplotype1-0000095	36986
T2T11	haplotype1	haplotype1-0000171	35805
T2T11	haplotype1	haplotype1-0000100	33256
T2T11	haplotype1	haplotype1-0000170	31018
T2T11	haplotype1	haplotype1-0000097	30207
T2T11	haplotype1	haplotype1-0000105	26488
T2T11	haplotype1	haplotype1-0000085	26459
T2T11	haplotype1	haplotype1-0000163	26054
T2T11	haplotype1	haplotype1-0000061	24182
T2T11	haplotype1	haplotype1-0000161	23023
T2T11	haplotype1	haplotype1-0000072	19554
T2T11	haplotype1	haplotype1-0000169	15648
T2T11	haplotype1	haplotype1-0000146	10532
T2T11	haplotype2	haplotype2-0000201	250886289
T2T11	haplotype2	haplotype2-0000187	242480678
T2T11	haplotype2	haplotype2-0000208	204453149
T2T11	haplotype2	haplotype2-0000189	191811029
T2T11	haplotype2	haplotype2-0000173	182860674
T2T11	haplotype2	haplotype2-0000199	172614864
T2T11	haplotype2	haplotype2-0000203	160986453
T2T11	haplotype2	haplotype2-0000186	154828790
T2T11	haplotype2	haplotype2-0000194	146190977
T2T11	haplotype2	haplotype2-0000202	138532998
T2T11	haplotype2	haplotype2-0000193	135508180
T2T11	haplotype2	haplotype2-0000190	134081712
T2T11	haplotype2	haplotype2-0000198	133471595
T2T11	haplotype2	haplotype2-0000180	106902222
T2T11	haplotype2	haplotype2-0000176	103275372
T2T11	haplotype2	haplotype2-0000196	94043348
T2T11	haplotype2	haplotype2-0000177	85973900
T2T11	haplotype2	haplotype2-0000191	83133148
T2T11	haplotype2	haplotype2-0000197	78755723
T2T11	haplotype2	haplotype2-0000192	68575204
T2T11	haplotype2	haplotype2-0000195	59058722
T2T11	haplotype2	haplotype2-0000207	45498006
T2T11	haplotype2	haplotype2-0000179	40094418
T2T11	haplotype2	haplotype2-0000206	22287867
T2T11	haplotype2	haplotype2-0000182	6627589
T2T11	haplotype2	haplotype2-0000184	5475876
T2T11	haplotype2	haplotype2-0000183	5256075
T2T11	haplotype2	haplotype2-0000178	5038912
T2T11	haplotype2	haplotype2-0000174	3787780
T2T11	haplotype2	haplotype2-0000181	3358388
T2T11	haplotype2	haplotype2-0000175	2334096
T2T11	haplotype2	haplotype2-0000200	2295675
T2T11	haplotype2	haplotype2-0000185	1755635
T2T11	haplotype2	haplotype2-0000205	1489485
T2T11	haplotype2	haplotype2-0000188	1202111
T2T11	haplotype2	haplotype2-0000204	825634
T2T11	haplotype2	haplotype2-0000261	799822
T2T11	haplotype2	haplotype2-0000219	768327
T2T11	haplotype2	haplotype2-0000234	733597
T2T11	haplotype2	haplotype2-0000259	665280
T2T11	haplotype2	haplotype2-0000224	639796
T2T11	haplotype2	haplotype2-0000235	630503
T2T11	haplotype2	haplotype2-0000218	478377
T2T11	haplotype2	haplotype2-0000298	457742
T2T11	haplotype2	haplotype2-0000281	390085
T2T11	haplotype2	haplotype2-0000221	369173
T2T11	haplotype2	haplotype2-0000294	339826
T2T11	haplotype2	haplotype2-0000323	336863
T2T11	haplotype2	haplotype2-0000317	310751
T2T11	haplotype2	haplotype2-0000299	271030
T2T11	haplotype2	haplotype2-0000271	248287
T2T11	haplotype2	haplotype2-0000326	245136
T2T11	haplotype2	haplotype2-0000216	239307
T2T11	haplotype2	haplotype2-0000297	218792
T2T11	haplotype2	haplotype2-0000320	199913
T2T11	haplotype2	haplotype2-0000277	192795
T2T11	haplotype2	haplotype2-0000227	187058
T2T11	haplotype2	haplotype2-0000215	178292
T2T11	haplotype2	haplotype2-0000233	178203
T2T11	haplotype2	haplotype2-0000214	178051
T2T11	haplotype2	haplotype2-0000251	177569
T2T11	haplotype2	haplotype2-0000236	171683
T2T11	haplotype2	haplotype2-0000266	171309
T2T11	haplotype2	haplotype2-0000222	168761
T2T11	haplotype2	haplotype2-0000324	166947
T2T11	haplotype2	haplotype2-0000286	163690
T2T11	haplotype2	haplotype2-0000304	161873
T2T11	haplotype2	haplotype2-0000252	160464
T2T11	haplotype2	haplotype2-0000278	139089
T2T11	haplotype2	haplotype2-0000273	137092
T2T11	haplotype2	haplotype2-0000220	136583
T2T11	haplotype2	haplotype2-0000212	135757
T2T11	haplotype2	haplotype2-0000296	130197
T2T11	haplotype2	haplotype2-0000283	129540
T2T11	haplotype2	haplotype2-0000250	127012
T2T11	haplotype2	haplotype2-0000237	126446
T2T11	haplotype2	haplotype2-0000269	120178
T2T11	haplotype2	haplotype2-0000293	117994
T2T11	haplotype2	haplotype2-0000287	117907
T2T11	haplotype2	haplotype2-0000230	114384
T2T11	haplotype2	haplotype2-0000280	112179
T2T11	haplotype2	haplotype2-0000229	111740
T2T11	haplotype2	haplotype2-0000241	111528
T2T11	haplotype2	haplotype2-0000284	111465
T2T11	haplotype2	haplotype2-0000318	109768
T2T11	haplotype2	haplotype2-0000325	107837
T2T11	haplotype2	haplotype2-0000210	103848
T2T11	haplotype2	haplotype2-0000265	103739
T2T11	haplotype2	haplotype2-0000226	103542
T2T11	haplotype2	haplotype2-0000279	97872
T2T11	haplotype2	haplotype2-0000305	97241
T2T11	haplotype2	haplotype2-0000260	94924
T2T11	haplotype2	haplotype2-0000223	94456
T2T11	haplotype2	haplotype2-0000217	94000
T2T11	haplotype2	haplotype2-0000225	88037
T2T11	haplotype2	haplotype2-0000275	88001
T2T11	haplotype2	haplotype2-0000274	81952
T2T11	haplotype2	haplotype2-0000306	75179
T2T11	haplotype2	haplotype2-0000248	74752
T2T11	haplotype2	haplotype2-0000289	74338
T2T11	haplotype2	haplotype2-0000249	72618
T2T11	haplotype2	haplotype2-0000264	69714
T2T11	haplotype2	haplotype2-0000242	68653
T2T11	haplotype2	haplotype2-0000313	66819
T2T11	haplotype2	haplotype2-0000228	65995
T2T11	haplotype2	haplotype2-0000263	65589
T2T11	haplotype2	haplotype2-0000276	65578
T2T11	haplotype2	haplotype2-0000316	65462
T2T11	haplotype2	haplotype2-0000292	64950
T2T11	haplotype2	haplotype2-0000290	64369
T2T11	haplotype2	haplotype2-0000267	62023
T2T11	haplotype2	haplotype2-0000311	60921
T2T11	haplotype2	haplotype2-0000312	59985
T2T11	haplotype2	haplotype2-0000270	59767
T2T11	haplotype2	haplotype2-0000243	59479
T2T11	haplotype2	haplotype2-0000211	57120
T2T11	haplotype2	haplotype2-0000268	54836
T2T11	haplotype2	haplotype2-0000301	54756
T2T11	haplotype2	haplotype2-0000319	54145
T2T11	haplotype2	haplotype2-0000291	53603
T2T11	haplotype2	haplotype2-0000307	50471
T2T11	haplotype2	haplotype2-0000232	49313
T2T11	haplotype2	haplotype2-0000246	48888
T2T11	haplotype2	haplotype2-0000285	46470
T2T11	haplotype2	haplotype2-0000239	45073
T2T11	haplotype2	haplotype2-0000300	44834
T2T11	haplotype2	haplotype2-0000253	41398
T2T11	haplotype2	haplotype2-0000308	40919
T2T11	haplotype2	haplotype2-0000231	40501
T2T11	haplotype2	haplotype2-0000247	40416
T2T11	haplotype2	haplotype2-0000315	39636
T2T11	haplotype2	haplotype2-0000303	37745
T2T11	haplotype2	haplotype2-0000245	35858
T2T11	haplotype2	haplotype2-0000314	35279
T2T11	haplotype2	haplotype2-0000310	35035
T2T11	haplotype2	haplotype2-0000262	34916
T2T11	haplotype2	haplotype2-0000302	34348
T2T11	haplotype2	haplotype2-0000288	34238
T2T11	haplotype2	haplotype2-0000295	33969
T2T11	haplotype2	haplotype2-0000322	33819
T2T11	haplotype2	haplotype2-0000321	33022
T2T11	haplotype2	haplotype2-0000254	32950
T2T11	haplotype2	haplotype2-0000309	32570
T2T11	haplotype2	haplotype2-0000257	31565
T2T11	haplotype2	haplotype2-0000244	29368
T2T11	haplotype2	haplotype2-0000256	29121
T2T11	haplotype2	haplotype2-0000209	28671
T2T11	haplotype2	haplotype2-0000213	28005
T2T11	haplotype2	haplotype2-0000255	26320
T2T11	haplotype2	haplotype2-0000238	24599
T2T11	haplotype2	haplotype2-0000272	22124
T2T11	haplotype2	haplotype2-0000240	19189
T2T11	haplotype2	haplotype2-0000258	14971
T2T11	haplotype2	haplotype2-0000282	9982
T2T12	haplotype1	haplotype1-0000024	243520935
T2T12	haplotype1	haplotype1-0000013	242544812
T2T12	haplotype1	haplotype1-0000020	200132787
T2T12	haplotype1	haplotype1-0000002	191311526
T2T12	haplotype1	haplotype1-0000009	185030355
T2T12	haplotype1	haplotype1-0000001	172250781
T2T12	haplotype1	haplotype1-0000021	160641161
T2T12	haplotype1	haplotype1-0000016	154738906
T2T12	haplotype1	haplotype1-0000011	146560994
T2T12	haplotype1	haplotype1-0000004	135684837
T2T12	haplotype1	haplotype1-0000008	135400523
T2T12	haplotype1	haplotype1-0000015	135377645
T2T12	haplotype1	haplotype1-0000010	131607630
T2T12	haplotype1	haplotype1-0000019	109123462
T2T12	haplotype1	haplotype1-0000023	103201243
T2T12	haplotype1	haplotype1-0000022	98485045
T2T12	haplotype1	haplotype1-0000017	86380018
T2T12	haplotype1	haplotype1-0000006	82766066
T2T12	haplotype1	haplotype1-0000005	81595731
T2T12	haplotype1	haplotype1-0000003	65408896
T2T12	haplotype1	haplotype1-0000014	59513124
T2T12	haplotype1	haplotype1-0000012	47504113
T2T12	haplotype1	haplotype1-0000018	41044328
T2T12	haplotype1	haplotype1-0000007	1077623
T2T12	haplotype1	haplotype1-0000032	207251
T2T12	haplotype1	haplotype1-0000033	206286
T2T12	haplotype1	haplotype1-0000034	204930
T2T12	haplotype1	haplotype1-0000030	179219
T2T12	haplotype1	haplotype1-0000035	166302
T2T12	haplotype1	haplotype1-0000028	104835
T2T12	haplotype1	haplotype1-0000036	95283
T2T12	haplotype1	haplotype1-0000031	94211
T2T12	haplotype1	haplotype1-0000027	88355
T2T12	haplotype1	haplotype1-0000025	70035
T2T12	haplotype1	haplotype1-0000037	69617
T2T12	haplotype1	haplotype1-0000029	60544
T2T12	haplotype1	haplotype1-0000026	60281
T2T12	haplotype2	haplotype2-0000060	253461305
T2T12	haplotype2	haplotype2-0000051	242254737
T2T12	haplotype2	haplotype2-0000050	203197285
T2T12	haplotype2	haplotype2-0000041	190454604
T2T12	haplotype2	haplotype2-0000045	183248336
T2T12	haplotype2	haplotype2-0000039	172186643
T2T12	haplotype2	haplotype2-0000040	160350743
T2T12	haplotype2	haplotype2-0000054	154391883
T2T12	haplotype2	haplotype2-0000047	146776507
T2T12	haplotype2	haplotype2-0000046	135834630
T2T12	haplotype2	haplotype2-0000042	134464349
T2T12	haplotype2	haplotype2-0000049	134312682
T2T12	haplotype2	haplotype2-0000053	133870740
T2T12	haplotype2	haplotype2-0000057	105139778
T2T12	haplotype2	haplotype2-0000058	100825924
T2T12	haplotype2	haplotype2-0000059	94563127
T2T12	haplotype2	haplotype2-0000055	91733475
T2T12	haplotype2	haplotype2-0000044	83647025
T2T12	haplotype2	haplotype2-0000043	80199702
T2T12	haplotype2	haplotype2-0000038	66298202
T2T12	haplotype2	haplotype2-0000052	61785709
T2T12	haplotype2	haplotype2-0000048	47904914
T2T12	haplotype2	haplotype2-0000056	42390184
T2T12	haplotype2	haplotype2-0000079	500952
T2T12	haplotype2	haplotype2-0000113	268001
T2T12	haplotype2	haplotype2-0000093	243484
T2T12	haplotype2	haplotype2-0000124	241704
T2T12	haplotype2	haplotype2-0000114	236238
T2T12	haplotype2	haplotype2-0000095	228663
T2T12	haplotype2	haplotype2-0000096	228663
T2T12	haplotype2	haplotype2-0000127	200439
T2T12	haplotype2	haplotype2-0000110	183588
T2T12	haplotype2	haplotype2-0000125	183091
T2T12	haplotype2	haplotype2-0000090	179007
T2T12	haplotype2	haplotype2-0000119	169971
T2T12	haplotype2	haplotype2-0000109	167623
T2T12	haplotype2	haplotype2-0000103	163522
T2T12	haplotype2	haplotype2-0000066	160255
T2T12	haplotype2	haplotype2-0000100	158587
T2T12	haplotype2	haplotype2-0000078	156961
T2T12	haplotype2	haplotype2-0000098	147369
T2T12	haplotype2	haplotype2-0000080	146431
T2T12	haplotype2	haplotype2-0000112	146204
T2T12	haplotype2	haplotype2-0000115	136984
T2T12	haplotype2	haplotype2-0000077	135581
T2T12	haplotype2	haplotype2-0000118	134934
T2T12	haplotype2	haplotype2-0000102	128301
T2T12	haplotype2	haplotype2-0000097	128003
T2T12	haplotype2	haplotype2-0000088	121571
T2T12	haplotype2	haplotype2-0000094	120250
T2T12	haplotype2	haplotype2-0000123	118110
T2T12	haplotype2	haplotype2-0000063	114709
T2T12	haplotype2	haplotype2-0000068	114253
T2T12	haplotype2	haplotype2-0000072	110787
T2T12	haplotype2	haplotype2-0000105	110105
T2T12	haplotype2	haplotype2-0000104	107833
T2T12	haplotype2	haplotype2-0000111	107120
T2T12	haplotype2	haplotype2-0000074	102574
T2T12	haplotype2	haplotype2-0000071	99132
T2T12	haplotype2	haplotype2-0000061	98787
T2T12	haplotype2	haplotype2-0000107	98213
T2T12	haplotype2	haplotype2-0000075	93671
T2T12	haplotype2	haplotype2-0000116	93012
T2T12	haplotype2	haplotype2-0000121	89388
T2T12	haplotype2	haplotype2-0000122	89373
T2T12	haplotype2	haplotype2-0000087	86848
T2T12	haplotype2	haplotype2-0000120	86758
T2T12	haplotype2	haplotype2-0000062	85463
T2T12	haplotype2	haplotype2-0000091	84392
T2T12	haplotype2	haplotype2-0000070	84066
T2T12	haplotype2	haplotype2-0000082	83123
T2T12	haplotype2	haplotype2-0000089	80341
T2T12	haplotype2	haplotype2-0000117	79723
T2T12	haplotype2	haplotype2-0000099	75256
T2T12	haplotype2	haplotype2-0000106	69791
T2T12	haplotype2	haplotype2-0000076	67029
T2T12	haplotype2	haplotype2-0000069	66675
T2T12	haplotype2	haplotype2-0000092	66319
T2T12	haplotype2	haplotype2-0000108	66267
T2T12	haplotype2	haplotype2-0000065	63015
T2T12	haplotype2	haplotype2-0000086	61605
T2T12	haplotype2	haplotype2-0000101	61551
T2T12	haplotype2	haplotype2-0000067	60156
T2T12	haplotype2	haplotype2-0000085	60149
T2T12	haplotype2	haplotype2-0000084	59626
T2T12	haplotype2	haplotype2-0000073	58622
T2T12	haplotype2	haplotype2-0000083	57138
T2T12	haplotype2	haplotype2-0000081	55675
T2T12	haplotype2	haplotype2-0000126	55413
T2T12	haplotype2	haplotype2-0000064	33975
T2T13	haplotype1	haplotype1-0000005	250271348
T2T13	haplotype1	haplotype1-0000025	242380047
T2T13	haplotype1	haplotype1-0000016	199552244
T2T13	haplotype1	haplotype1-0000023	191189136
T2T13	haplotype1	haplotype1-0000011	182895846
T2T13	haplotype1	haplotype1-0000014	172455371
T2T13	haplotype1	haplotype1-0000012	161269342
T2T13	haplotype1	haplotype1-0000003	155499359
T2T13	haplotype1	haplotype1-0000009	145253291
T2T13	haplotype1	haplotype1-0000015	136614819
T2T13	haplotype1	haplotype1-0000006	135933991
T2T13	haplotype1	haplotype1-0000008	133811342
T2T13	haplotype1	haplotype1-0000026	105848725
T2T13	haplotype1	haplotype1-0000010	98354156
T2T13	haplotype1	haplotype1-0000027	98352334
T2T13	haplotype1	haplotype1-0000022	90973850
T2T13	haplotype1	haplotype1-0000018	83161726
T2T13	haplotype1	haplotype1-0000007	79969374
T2T13	haplotype1	haplotype1-0000017	72178056
T2T13	haplotype1	haplotype1-0000004	65665022
T2T13	haplotype1	haplotype1-0000019	63063254
T2T13	haplotype1	haplotype1-0000021	61750380
T2T13	haplotype1	haplotype1-0000002	48778448
T2T13	haplotype1	haplotype1-0000001	39745673
T2T13	haplotype1	haplotype1-0000020	2380420
T2T13	haplotype1	haplotype1-0000013	2276084
T2T13	haplotype1	haplotype1-0000024	1776842
T2T13	haplotype1	haplotype1-0000058	568606
T2T13	haplotype1	haplotype1-0000048	545886
T2T13	haplotype1	haplotype1-0000051	417118
T2T13	haplotype1	haplotype1-0000037	333392
T2T13	haplotype1	haplotype1-0000038	300899
T2T13	haplotype1	haplotype1-0000041	291675
T2T13	haplotype1	haplotype1-0000039	273392
T2T13	haplotype1	haplotype1-0000044	236567
T2T13	haplotype1	haplotype1-0000050	209689
T2T13	haplotype1	haplotype1-0000056	204335
T2T13	haplotype1	haplotype1-0000055	193572
T2T13	haplotype1	haplotype1-0000036	166255
T2T13	haplotype1	haplotype1-0000043	153764
T2T13	haplotype1	haplotype1-0000047	124807
T2T13	haplotype1	haplotype1-0000042	124587
T2T13	haplotype1	haplotype1-0000046	117620
T2T13	haplotype1	haplotype1-0000040	108808
T2T13	haplotype1	haplotype1-0000052	91735
T2T13	haplotype1	haplotype1-0000031	89209
T2T13	haplotype1	haplotype1-0000060	86046
T2T13	haplotype1	haplotype1-0000029	83877
T2T13	haplotype1	haplotype1-0000054	79669
T2T13	haplotype1	haplotype1-0000057	73190
T2T13	haplotype1	haplotype1-0000032	60647
T2T13	haplotype1	haplotype1-0000035	60533
T2T13	haplotype1	haplotype1-0000028	59495
T2T13	haplotype1	haplotype1-0000059	57739
T2T13	haplotype1	haplotype1-0000053	56796
T2T13	haplotype1	haplotype1-0000045	56255
T2T13	haplotype1	haplotype1-0000034	51997
T2T13	haplotype1	haplotype1-0000049	50213
T2T13	haplotype1	haplotype1-0000030	48176
T2T13	haplotype1	haplotype1-0000033	34874
T2T13	haplotype2	haplotype2-0000081	248992217
T2T13	haplotype2	haplotype2-0000067	241846985
T2T13	haplotype2	haplotype2-0000077	200353512
T2T13	haplotype2	haplotype2-0000070	194814221
T2T13	haplotype2	haplotype2-0000071	182870169
T2T13	haplotype2	haplotype2-0000073	173065735
T2T13	haplotype2	haplotype2-0000072	160871283
T2T13	haplotype2	haplotype2-0000062	155029929
T2T13	haplotype2	haplotype2-0000068	145965060
T2T13	haplotype2	haplotype2-0000066	136588959
T2T13	haplotype2	haplotype2-0000064	134477033
T2T13	haplotype2	haplotype2-0000076	133546671
T2T13	haplotype2	haplotype2-0000085	106528058
T2T13	haplotype2	haplotype2-0000087	101583447
T2T13	haplotype2	haplotype2-0000069	95768562
T2T13	haplotype2	haplotype2-0000084	90842583
T2T13	haplotype2	haplotype2-0000079	84673538
T2T13	haplotype2	haplotype2-0000088	78267439
T2T13	haplotype2	haplotype2-0000078	71636537
T2T13	haplotype2	haplotype2-0000063	68556411
T2T13	haplotype2	haplotype2-0000082	65116768
T2T13	haplotype2	haplotype2-0000080	61188998
T2T13	haplotype2	haplotype2-0000074	47947314
T2T13	haplotype2	haplotype2-0000061	39447040
T2T13	haplotype2	haplotype2-0000086	4428430
T2T13	haplotype2	haplotype2-0000075	1835453
T2T13	haplotype2	haplotype2-0000083	1483904
T2T13	haplotype2	haplotype2-0000065	1151241
T2T13	haplotype2	haplotype2-0000110	894159
T2T13	haplotype2	haplotype2-0000093	851782
T2T13	haplotype2	haplotype2-0000092	617203
T2T13	haplotype2	haplotype2-0000101	527107
T2T13	haplotype2	haplotype2-0000094	519259
T2T13	haplotype2	haplotype2-0000105	410492
T2T13	haplotype2	haplotype2-0000113	406243
T2T13	haplotype2	haplotype2-0000109	302027
T2T13	haplotype2	haplotype2-0000106	292578
T2T13	haplotype2	haplotype2-0000104	271075
T2T13	haplotype2	haplotype2-0000111	254936
T2T13	haplotype2	haplotype2-0000097	248816
T2T13	haplotype2	haplotype2-0000096	184981
T2T13	haplotype2	haplotype2-0000089	159650
T2T13	haplotype2	haplotype2-0000099	138841
T2T13	haplotype2	haplotype2-0000091	112050
T2T13	haplotype2	haplotype2-0000103	104750
T2T13	haplotype2	haplotype2-0000090	97642
T2T13	haplotype2	haplotype2-0000095	92741
T2T13	haplotype2	haplotype2-0000102	92297
T2T13	haplotype2	haplotype2-0000112	90622
T2T13	haplotype2	haplotype2-0000100	69371
T2T13	haplotype2	haplotype2-0000098	53202
T2T13	haplotype2	haplotype2-0000107	46641
T2T13	haplotype2	haplotype2-0000108	46008
T2T15	haplotype1	haplotype1-0000022	255731175
T2T15	haplotype1	haplotype1-0000009	242556353
T2T15	haplotype1	haplotype1-0000016	201679769
T2T15	haplotype1	haplotype1-0000008	192115337
T2T15	haplotype1	haplotype1-0000004	182043364
T2T15	haplotype1	haplotype1-0000011	171994906
T2T15	haplotype1	haplotype1-0000010	160662010
T2T15	haplotype1	haplotype1-0000020	154670708
T2T15	haplotype1	haplotype1-0000013	145932918
T2T15	haplotype1	haplotype1-0000019	136666823
T2T15	haplotype1	haplotype1-0000003	135216087
T2T15	haplotype1	haplotype1-0000007	134895989
T2T15	haplotype1	haplotype1-0000014	133834086
T2T15	haplotype1	haplotype1-0000001	102283610
T2T15	haplotype1	haplotype1-0000006	100146237
T2T15	haplotype1	haplotype1-0000021	96424426
T2T15	haplotype1	haplotype1-0000018	93634749
T2T15	haplotype1	haplotype1-0000017	81203333
T2T15	haplotype1	haplotype1-0000012	80358523
T2T15	haplotype1	haplotype1-0000005	65958011
T2T15	haplotype1	haplotype1-0000015	61132366
T2T15	haplotype1	haplotype1-0000024	47823954
T2T15	haplotype1	haplotype1-0000002	39535016
T2T15	haplotype1	haplotype1-0000023	2617249
T2T15	haplotype1	haplotype1-0000025	1437005
T2T15	haplotype1	haplotype1-0000042	456062
T2T15	haplotype1	haplotype1-0000032	394864
T2T15	haplotype1	haplotype1-0000033	368417
T2T15	haplotype1	haplotype1-0000039	325462
T2T15	haplotype1	haplotype1-0000036	310800
T2T15	haplotype1	haplotype1-0000038	279582
T2T15	haplotype1	haplotype1-0000030	275701
T2T15	haplotype1	haplotype1-0000043	249405
T2T15	haplotype1	haplotype1-0000040	238036
T2T15	haplotype1	haplotype1-0000044	234479
T2T15	haplotype1	haplotype1-0000046	209555
T2T15	haplotype1	haplotype1-0000028	208566
T2T15	haplotype1	haplotype1-0000034	191046
T2T15	haplotype1	haplotype1-0000027	188814
T2T15	haplotype1	haplotype1-0000041	185832
T2T15	haplotype1	haplotype1-0000029	174137
T2T15	haplotype1	haplotype1-0000045	170346
T2T15	haplotype1	haplotype1-0000037	147556
T2T15	haplotype1	haplotype1-0000026	145914
T2T15	haplotype1	haplotype1-0000035	137272
T2T15	haplotype1	haplotype1-0000031	135815
T2T15	haplotype1	haplotype1-0000047	39087
T2T15	haplotype2	haplotype2-0000059	242650441
T2T15	haplotype2	haplotype2-0000060	242288784
T2T15	haplotype2	haplotype2-0000066	200126704
T2T15	haplotype2	haplotype2-0000054	192693182
T2T15	haplotype2	haplotype2-0000051	182286870
T2T15	haplotype2	haplotype2-0000061	171216010
T2T15	haplotype2	haplotype2-0000072	162220175
T2T15	haplotype2	haplotype2-0000070	155015268
T2T15	haplotype2	haplotype2-0000063	145417797
T2T15	haplotype2	haplotype2-0000069	138847497
T2T15	haplotype2	haplotype2-0000056	134842518
T2T15	haplotype2	haplotype2-0000053	134447749
T2T15	haplotype2	haplotype2-0000064	133275980
T2T15	haplotype2	haplotype2-0000049	102429289
T2T15	haplotype2	haplotype2-0000052	99269861
T2T15	haplotype2	haplotype2-0000071	94703411
T2T15	haplotype2	haplotype2-0000068	92448911
T2T15	haplotype2	haplotype2-0000067	83250129
T2T15	haplotype2	haplotype2-0000062	80194949
T2T15	haplotype2	haplotype2-0000050	66877761
T2T15	haplotype2	haplotype2-0000065	60975374
T2T15	haplotype2	haplotype2-0000048	47599353
T2T15	haplotype2	haplotype2-0000055	37540751
T2T15	haplotype2	haplotype2-0000057	1755731
T2T15	haplotype2	haplotype2-0000058	1553343
T2T15	haplotype2	haplotype2-0000078	808377
T2T15	haplotype2	haplotype2-0000079	568235
T2T15	haplotype2	haplotype2-0000076	245625
T2T15	haplotype2	haplotype2-0000075	197952
T2T15	haplotype2	haplotype2-0000074	190450
T2T15	haplotype2	haplotype2-0000077	137496
T2T15	haplotype2	haplotype2-0000082	121358
T2T15	haplotype2	haplotype2-0000081	96668
T2T15	haplotype2	haplotype2-0000080	75077
T2T15	haplotype2	haplotype2-0000073	61868
T2T15	haplotype2	haplotype2-0000083	25298
T2T16	haplotype1	haplotype1-0000022	244986278
T2T16	haplotype1	haplotype1-0000010	242740364
T2T16	haplotype1	haplotype1-0000017	201109598
T2T16	haplotype1	haplotype1-0000008	192390055
T2T16	haplotype1	haplotype1-0000024	182887028
T2T16	haplotype1	haplotype1-0000018	172233509
T2T16	haplotype1	haplotype1-0000021	159869723
T2T16	haplotype1	haplotype1-0000009	155306337
T2T16	haplotype1	haplotype1-0000004	146909154
T2T16	haplotype1	haplotype1-0000011	136043257
T2T16	haplotype1	haplotype1-0000015	135058175
T2T16	haplotype1	haplotype1-0000007	134664635
T2T16	haplotype1	haplotype1-0000019	133800726
T2T16	haplotype1	haplotype1-0000025	102545931
T2T16	haplotype1	haplotype1-0000012	98193420
T2T16	haplotype1	haplotype1-0000014	92453781
T2T16	haplotype1	haplotype1-0000001	91899939
T2T16	haplotype1	haplotype1-0000006	83882411
T2T16	haplotype1	haplotype1-0000002	81050200
T2T16	haplotype1	haplotype1-0000005	65454469
T2T16	haplotype1	haplotype1-0000013	60581363
T2T16	haplotype1	haplotype1-0000003	45203568
T2T16	haplotype1	haplotype1-0000023	40259942
T2T16	haplotype1	haplotype1-0000020	2464103
T2T16	haplotype1	haplotype1-0000016	1352098
T2T16	haplotype1	haplotype1-0000054	571945
T2T16	haplotype1	haplotype1-0000044	547888
T2T16	haplotype1	haplotype1-0000052	506578
T2T16	haplotype1	haplotype1-0000057	416651
T2T16	haplotype1	haplotype1-0000069	317055
T2T16	haplotype1	haplotype1-0000067	253341
T2T16	haplotype1	haplotype1-0000068	237163
T2T16	haplotype1	haplotype1-0000058	220018
T2T16	haplotype1	haplotype1-0000066	208769
T2T16	haplotype1	haplotype1-0000073	204351
T2T16	haplotype1	haplotype1-0000056	203707
T2T16	haplotype1	haplotype1-0000050	199018
T2T16	haplotype1	haplotype1-0000049	193946
T2T16	haplotype1	haplotype1-0000053	191647
T2T16	haplotype1	haplotype1-0000031	186967
T2T16	haplotype1	haplotype1-0000040	185045
T2T16	haplotype1	haplotype1-0000043	182508
T2T16	haplotype1	haplotype1-0000032	171243
T2T16	haplotype1	haplotype1-0000028	161018
T2T16	haplotype1	haplotype1-0000063	158982
T2T16	haplotype1	haplotype1-0000051	147533
T2T16	haplotype1	haplotype1-0000062	146244
T2T16	haplotype1	haplotype1-0000039	137714
T2T16	haplotype1	haplotype1-0000037	134670
T2T16	haplotype1	haplotype1-0000048	129437
T2T16	haplotype1	haplotype1-0000036	123684
T2T16	haplotype1	haplotype1-0000070	118205
T2T16	haplotype1	haplotype1-0000065	111955
T2T16	haplotype1	haplotype1-0000071	107690
T2T16	haplotype1	haplotype1-0000027	107102
T2T16	haplotype1	haplotype1-0000042	105414
T2T16	haplotype1	haplotype1-0000026	102601
T2T16	haplotype1	haplotype1-0000033	99377
T2T16	haplotype1	haplotype1-0000029	99157
T2T16	haplotype1	haplotype1-0000055	80215
T2T16	haplotype1	haplotype1-0000060	78298
T2T16	haplotype1	haplotype1-0000061	75509
T2T16	haplotype1	haplotype1-0000047	67833
T2T16	haplotype1	haplotype1-0000072	63542
T2T16	haplotype1	haplotype1-0000034	59838
T2T16	haplotype1	haplotype1-0000045	55820
T2T16	haplotype1	haplotype1-0000041	54402
T2T16	haplotype1	haplotype1-0000046	51487
T2T16	haplotype1	haplotype1-0000030	48852
T2T16	haplotype1	haplotype1-0000038	45378
T2T16	haplotype1	haplotype1-0000064	42776
T2T16	haplotype1	haplotype1-0000035	28093
T2T16	haplotype1	haplotype1-0000059	3708
T2T16	haplotype2	haplotype2-0000089	248931459
T2T16	haplotype2	haplotype2-0000085	242539552
T2T16	haplotype2	haplotype2-0000094	201093721
T2T16	haplotype2	haplotype2-0000084	191610790
T2T16	haplotype2	haplotype2-0000100	181984045
T2T16	haplotype2	haplotype2-0000095	171877184
T2T16	haplotype2	haplotype2-0000103	160621310
T2T16	haplotype2	haplotype2-0000097	154030382
T2T16	haplotype2	haplotype2-0000078	146751102
T2T16	haplotype2	haplotype2-0000087	136168108
T2T16	haplotype2	haplotype2-0000093	135514022
T2T16	haplotype2	haplotype2-0000080	133902632
T2T16	haplotype2	haplotype2-0000096	131583875
T2T16	haplotype2	haplotype2-0000101	105918216
T2T16	haplotype2	haplotype2-0000088	101855188
T2T16	haplotype2	haplotype2-0000092	91671742
T2T16	haplotype2	haplotype2-0000079	84304926
T2T16	haplotype2	haplotype2-0000075	81573799
T2T16	haplotype2	haplotype2-0000074	81509576
T2T16	haplotype2	haplotype2-0000076	67533971
T2T16	haplotype2	haplotype2-0000090	61828194
T2T16	haplotype2	haplotype2-0000077	48063621
T2T16	haplotype2	haplotype2-0000099	38838238
T2T16	haplotype2	haplotype2-0000091	13774962
T2T16	haplotype2	haplotype2-0000081	3929280
T2T16	haplotype2	haplotype2-0000082	2996448
T2T16	haplotype2	haplotype2-0000098	2928080
T2T16	haplotype2	haplotype2-0000102	2369613
T2T16	haplotype2	haplotype2-0000083	1116923
T2T16	haplotype2	haplotype2-0000086	947741
T2T16	haplotype2	haplotype2-0000153	822175
T2T16	haplotype2	haplotype2-0000125	752822
T2T16	haplotype2	haplotype2-0000126	435440
T2T16	haplotype2	haplotype2-0000143	430008
T2T16	haplotype2	haplotype2-0000163	414856
T2T16	haplotype2	haplotype2-0000164	330864
T2T16	haplotype2	haplotype2-0000166	330125
T2T16	haplotype2	haplotype2-0000139	277550
T2T16	haplotype2	haplotype2-0000107	231657
T2T16	haplotype2	haplotype2-0000146	223353
T2T16	haplotype2	haplotype2-0000165	215804
T2T16	haplotype2	haplotype2-0000167	214918
T2T16	haplotype2	haplotype2-0000122	179802
T2T16	haplotype2	haplotype2-0000109	179587
T2T16	haplotype2	haplotype2-0000137	175181
T2T16	haplotype2	haplotype2-0000168	171701
T2T16	haplotype2	haplotype2-0000138	168416
T2T16	haplotype2	haplotype2-0000131	167378
T2T16	haplotype2	haplotype2-0000121	165420
T2T16	haplotype2	haplotype2-0000104	164605
T2T16	haplotype2	haplotype2-0000140	158777
T2T16	haplotype2	haplotype2-0000169	150328
T2T16	haplotype2	haplotype2-0000144	148388
T2T16	haplotype2	haplotype2-0000155	143931
T2T16	haplotype2	haplotype2-0000162	138533
T2T16	haplotype2	haplotype2-0000135	135171
T2T16	haplotype2	haplotype2-0000148	128233
T2T16	haplotype2	haplotype2-0000177	122902
T2T16	haplotype2	haplotype2-0000112	117786
T2T16	haplotype2	haplotype2-0000156	113258
T2T16	haplotype2	haplotype2-0000150	110439
T2T16	haplotype2	haplotype2-0000157	105977
T2T16	haplotype2	haplotype2-0000106	104898
T2T16	haplotype2	haplotype2-0000175	101211
T2T16	haplotype2	haplotype2-0000173	98843
T2T16	haplotype2	haplotype2-0000159	97089
T2T16	haplotype2	haplotype2-0000111	91721
T2T16	haplotype2	haplotype2-0000134	91536
T2T16	haplotype2	haplotype2-0000108	90015
T2T16	haplotype2	haplotype2-0000114	89764
T2T16	haplotype2	haplotype2-0000158	87358
T2T16	haplotype2	haplotype2-0000124	84864
T2T16	haplotype2	haplotype2-0000136	82152
T2T16	haplotype2	haplotype2-0000128	80553
T2T16	haplotype2	haplotype2-0000174	79591
T2T16	haplotype2	haplotype2-0000105	79157
T2T16	haplotype2	haplotype2-0000172	78601
T2T16	haplotype2	haplotype2-0000130	77797
T2T16	haplotype2	haplotype2-0000119	76006
T2T16	haplotype2	haplotype2-0000149	67270
T2T16	haplotype2	haplotype2-0000110	66510
T2T16	haplotype2	haplotype2-0000145	66424
T2T16	haplotype2	haplotype2-0000152	64168
T2T16	haplotype2	haplotype2-0000141	61519
T2T16	haplotype2	haplotype2-0000161	59290
T2T16	haplotype2	haplotype2-0000142	56034
T2T16	haplotype2	haplotype2-0000133	55505
T2T16	haplotype2	haplotype2-0000151	53298
T2T16	haplotype2	haplotype2-0000115	53253
T2T16	haplotype2	haplotype2-0000147	52555
T2T16	haplotype2	haplotype2-0000118	52400
T2T16	haplotype2	haplotype2-0000176	52263
T2T16	haplotype2	haplotype2-0000160	48422
T2T16	haplotype2	haplotype2-0000170	46890
T2T16	haplotype2	haplotype2-0000117	45399
T2T16	haplotype2	haplotype2-0000127	43604
T2T16	haplotype2	haplotype2-0000123	41963
T2T16	haplotype2	haplotype2-0000116	40963
T2T16	haplotype2	haplotype2-0000178	40697
T2T16	haplotype2	haplotype2-0000129	39573
T2T16	haplotype2	haplotype2-0000171	32781
T2T16	haplotype2	haplotype2-0000132	28665
T2T16	haplotype2	haplotype2-0000120	27884
T2T16	haplotype2	haplotype2-0000113	27607
T2T16	haplotype2	haplotype2-0000154	18843
T2T17	haplotype1	haplotype1-0000015	254014194
T2T17	haplotype1	haplotype1-0000007	242374290
T2T17	haplotype1	haplotype1-0000006	200604915
T2T17	haplotype1	haplotype1-0000008	192457734
T2T17	haplotype1	haplotype1-0000002	180908008
T2T17	haplotype1	haplotype1-0000024	171822372
T2T17	haplotype1	haplotype1-0000017	160258224
T2T17	haplotype1	haplotype1-0000016	146560805
T2T17	haplotype1	haplotype1-0000003	139015518
T2T17	haplotype1	haplotype1-0000013	135333788
T2T17	haplotype1	haplotype1-0000009	134954485
T2T17	haplotype1	haplotype1-0000010	133583567
T2T17	haplotype1	haplotype1-0000004	108840690
T2T17	haplotype1	haplotype1-0000014	99507005
T2T17	haplotype1	haplotype1-0000021	92820320
T2T17	haplotype1	haplotype1-0000011	91031141
T2T17	haplotype1	haplotype1-0000001	83476071
T2T17	haplotype1	haplotype1-0000005	82121452
T2T17	haplotype1	haplotype1-0000019	65903958
T2T17	haplotype1	haplotype1-0000012	62070876
T2T17	haplotype1	haplotype1-0000020	53249820
T2T17	haplotype1	haplotype1-0000022	46289782
T2T17	haplotype1	haplotype1-0000023	42864572
T2T17	haplotype1	haplotype1-0000018	2267893
T2T17	haplotype1	haplotype1-0000038	418591
T2T17	haplotype1	haplotype1-0000039	401035
T2T17	haplotype1	haplotype1-0000058	373347
T2T17	haplotype1	haplotype1-0000057	360240
T2T17	haplotype1	haplotype1-0000041	313728
T2T17	haplotype1	haplotype1-0000028	306953
T2T17	haplotype1	haplotype1-0000040	299479
T2T17	haplotype1	haplotype1-0000044	286090
T2T17	haplotype1	haplotype1-0000045	286080
T2T17	haplotype1	haplotype1-0000056	246950
T2T17	haplotype1	haplotype1-0000029	230621
T2T17	haplotype1	haplotype1-0000025	228479
T2T17	haplotype1	haplotype1-0000026	223655
T2T17	haplotype1	haplotype1-0000027	220822
T2T17	haplotype1	haplotype1-0000054	216501
T2T17	haplotype1	haplotype1-0000060	214943
T2T17	haplotype1	haplotype1-0000059	212068
T2T17	haplotype1	haplotype1-0000031	200848
T2T17	haplotype1	haplotype1-0000052	200618
T2T17	haplotype1	haplotype1-0000033	197583
T2T17	haplotype1	haplotype1-0000030	191774
T2T17	haplotype1	haplotype1-0000055	179404
T2T17	haplotype1	haplotype1-0000051	178741
T2T17	haplotype1	haplotype1-0000053	172384
T2T17	haplotype1	haplotype1-0000047	168920
T2T17	haplotype1	haplotype1-0000046	145733
T2T17	haplotype1	haplotype1-0000032	134800
T2T17	haplotype1	haplotype1-0000036	119583
T2T17	haplotype1	haplotype1-0000050	107209
T2T17	haplotype1	haplotype1-0000042	104939
T2T17	haplotype1	haplotype1-0000048	97225
T2T17	haplotype1	haplotype1-0000034	88479
T2T17	haplotype1	haplotype1-0000049	87344
T2T17	haplotype1	haplotype1-0000035	77942
T2T17	haplotype1	haplotype1-0000037	61439
T2T17	haplotype1	haplotype1-0000043	18641
T2T17	haplotype2	haplotype2-0000067	255880862
T2T17	haplotype2	haplotype2-0000071	242710661
T2T17	haplotype2	haplotype2-0000069	200837806
T2T17	haplotype2	haplotype2-0000072	192170308
T2T17	haplotype2	haplotype2-0000062	182004175
T2T17	haplotype2	haplotype2-0000083	171061705
T2T17	haplotype2	haplotype2-0000070	162162702
T2T17	haplotype2	haplotype2-0000066	154289077
T2T17	haplotype2	haplotype2-0000079	147243098
T2T17	haplotype2	haplotype2-0000073	134844613
T2T17	haplotype2	haplotype2-0000077	134622874
T2T17	haplotype2	haplotype2-0000064	134088563
T2T17	haplotype2	haplotype2-0000074	133988626
T2T17	haplotype2	haplotype2-0000078	102520442
T2T17	haplotype2	haplotype2-0000065	102471578
T2T17	haplotype2	haplotype2-0000075	93994978
T2T17	haplotype2	haplotype2-0000081	88019858
T2T17	haplotype2	haplotype2-0000061	85127054
T2T17	haplotype2	haplotype2-0000063	78022720
T2T17	haplotype2	haplotype2-0000080	65925068
T2T17	haplotype2	haplotype2-0000076	63674228
T2T17	haplotype2	haplotype2-0000082	45599886
T2T17	haplotype2	haplotype2-0000068	42897882
T2T17	haplotype2	haplotype2-0000091	240969
T2T17	haplotype2	haplotype2-0000084	226610
T2T17	haplotype2	haplotype2-0000089	144816
T2T17	haplotype2	haplotype2-0000086	134116
T2T17	haplotype2	haplotype2-0000093	125453
T2T17	haplotype2	haplotype2-0000088	118566
T2T17	haplotype2	haplotype2-0000087	95959
T2T17	haplotype2	haplotype2-0000090	88671
T2T17	haplotype2	haplotype2-0000092	84157
T2T17	haplotype2	haplotype2-0000085	78781
T2T17	haplotype2	haplotype2-0000094	59823
T2T18	haplotype1	haplotype1-0000022	252960563
T2T18	haplotype1	haplotype1-0000021	242371016
T2T18	haplotype1	haplotype1-0000016	203580861
T2T18	haplotype1	haplotype1-0000023	193256486
T2T18	haplotype1	haplotype1-0000018	182226039
T2T18	haplotype1	haplotype1-0000009	173814249
T2T18	haplotype1	haplotype1-0000005	161111030
T2T18	haplotype1	haplotype1-0000012	146680577
T2T18	haplotype1	haplotype1-0000013	135646375
T2T18	haplotype1	haplotype1-0000011	134243345
T2T18	haplotype1	haplotype1-0000002	134197894
T2T18	haplotype1	haplotype1-0000008	133434546
T2T18	haplotype1	haplotype1-0000010	100074617
T2T18	haplotype1	haplotype1-0000017	98708708
T2T18	haplotype1	haplotype1-0000003	97866894
T2T18	haplotype1	haplotype1-0000015	93300507
T2T18	haplotype1	haplotype1-0000007	83241443
T2T18	haplotype1	haplotype1-0000014	80919833
T2T18	haplotype1	haplotype1-0000020	66721334
T2T18	haplotype1	haplotype1-0000004	61048752
T2T18	haplotype1	haplotype1-0000025	60147703
T2T18	haplotype1	haplotype1-0000006	49805109
T2T18	haplotype1	haplotype1-0000024	42229950
T2T18	haplotype1	haplotype1-0000019	2889188
T2T18	haplotype1	haplotype1-0000001	2338748
T2T18	haplotype1	haplotype1-0000030	827063
T2T18	haplotype1	haplotype1-0000026	567125
T2T18	haplotype1	haplotype1-0000036	377791
T2T18	haplotype1	haplotype1-0000039	350889
T2T18	haplotype1	haplotype1-0000027	342684
T2T18	haplotype1	haplotype1-0000031	297219
T2T18	haplotype1	haplotype1-0000034	262837
T2T18	haplotype1	haplotype1-0000032	248216
T2T18	haplotype1	haplotype1-0000040	243239
T2T18	haplotype1	haplotype1-0000037	239733
T2T18	haplotype1	haplotype1-0000029	193110
T2T18	haplotype1	haplotype1-0000035	178533
T2T18	haplotype1	haplotype1-0000028	177716
T2T18	haplotype1	haplotype1-0000033	149308
T2T18	haplotype1	haplotype1-0000038	93304
T2T18	haplotype2	haplotype2-0000060	250338572
T2T18	haplotype2	haplotype2-0000058	242409926
T2T18	haplotype2	haplotype2-0000056	200911286
T2T18	haplotype2	haplotype2-0000062	192684953
T2T18	haplotype2	haplotype2-0000053	181780225
T2T18	haplotype2	haplotype2-0000048	171841094
T2T18	haplotype2	haplotype2-0000044	160647116
T2T18	haplotype2	haplotype2-0000059	155370103
T2T18	haplotype2	haplotype2-0000051	146667791
T2T18	haplotype2	haplotype2-0000050	137347751
T2T18	haplotype2	haplotype2-0000041	135318588
T2T18	haplotype2	haplotype2-0000052	134614186
T2T18	haplotype2	haplotype2-0000047	133643654
T2T18	haplotype2	haplotype2-0000049	102410216
T2T18	haplotype2	haplotype2-0000057	101339169
T2T18	haplotype2	haplotype2-0000042	98764474
T2T18	haplotype2	haplotype2-0000055	92040735
T2T18	haplotype2	haplotype2-0000046	83031112
T2T18	haplotype2	haplotype2-0000054	80600395
T2T18	haplotype2	haplotype2-0000063	67538812
T2T18	haplotype2	haplotype2-0000043	61542504
T2T18	haplotype2	haplotype2-0000064	47518908
T2T18	haplotype2	haplotype2-0000045	44976402
T2T18	haplotype2	haplotype2-0000061	4324262
T2T18	haplotype2	haplotype2-0000069	717164
T2T18	haplotype2	haplotype2-0000072	513050
T2T18	haplotype2	haplotype2-0000073	382525
T2T18	haplotype2	haplotype2-0000065	371530
T2T18	haplotype2	haplotype2-0000077	356506
T2T18	haplotype2	haplotype2-0000076	348489
T2T18	haplotype2	haplotype2-0000074	276555
T2T18	haplotype2	haplotype2-0000067	268738
T2T18	haplotype2	haplotype2-0000066	266724
T2T18	haplotype2	haplotype2-0000075	227907
T2T18	haplotype2	haplotype2-0000070	226339
T2T18	haplotype2	haplotype2-0000071	218055
T2T18	haplotype2	haplotype2-0000068	78473
T2T19	haplotype1	haplotype1-0000017	246298668
T2T19	haplotype1	haplotype1-0000015	243313638
T2T19	haplotype1	haplotype1-0000016	201158829
T2T19	haplotype1	haplotype1-0000005	193246514
T2T19	haplotype1	haplotype1-0000009	183194122
T2T19	haplotype1	haplotype1-0000012	174207470
T2T19	haplotype1	haplotype1-0000003	161646333
T2T19	haplotype1	haplotype1-0000006	146293246
T2T19	haplotype1	haplotype1-0000011	135844857
T2T19	haplotype1	haplotype1-0000019	135484535
T2T19	haplotype1	haplotype1-0000001	135293587
T2T19	haplotype1	haplotype1-0000007	134119059
T2T19	haplotype1	haplotype1-0000022	103499065
T2T19	haplotype1	haplotype1-0000023	97867504
T2T19	haplotype1	haplotype1-0000021	96898851
T2T19	haplotype1	haplotype1-0000008	92366156
T2T19	haplotype1	haplotype1-0000018	84581787
T2T19	haplotype1	haplotype1-0000013	81613796
T2T19	haplotype1	haplotype1-0000002	67008032
T2T19	haplotype1	haplotype1-0000020	61591324
T2T19	haplotype1	haplotype1-0000004	60179005
T2T19	haplotype1	haplotype1-0000010	45559050
T2T19	haplotype1	haplotype1-0000014	44233059
T2T19	haplotype1	haplotype1-0000029	847760
T2T19	haplotype1	haplotype1-0000024	558027
T2T19	haplotype1	haplotype1-0000025	363741
T2T19	haplotype1	haplotype1-0000027	310871
T2T19	haplotype1	haplotype1-0000026	308980
T2T19	haplotype1	haplotype1-0000028	200807
T2T19	haplotype2	haplotype2-0000047	253302552
T2T19	haplotype2	haplotype2-0000045	241804328
T2T19	haplotype2	haplotype2-0000046	200897631
T2T19	haplotype2	haplotype2-0000035	192458221
T2T19	haplotype2	haplotype2-0000040	182531948
T2T19	haplotype2	haplotype2-0000042	172560102
T2T19	haplotype2	haplotype2-0000033	161798745
T2T19	haplotype2	haplotype2-0000031	153517257
T2T19	haplotype2	haplotype2-0000036	145700646
T2T19	haplotype2	haplotype2-0000030	135518427
T2T19	haplotype2	haplotype2-0000051	134985650
T2T19	haplotype2	haplotype2-0000041	134514262
T2T19	haplotype2	haplotype2-0000037	134323234
T2T19	haplotype2	haplotype2-0000050	103556445
T2T19	haplotype2	haplotype2-0000034	96344415
T2T19	haplotype2	haplotype2-0000052	94625284
T2T19	haplotype2	haplotype2-0000039	91601995
T2T19	haplotype2	haplotype2-0000049	83935590
T2T19	haplotype2	haplotype2-0000043	81609658
T2T19	haplotype2	haplotype2-0000032	67284475
T2T19	haplotype2	haplotype2-0000038	61729665
T2T19	haplotype2	haplotype2-0000048	44765852
T2T19	haplotype2	haplotype2-0000044	40719855
T2T19	haplotype2	haplotype2-0000060	410174
T2T19	haplotype2	haplotype2-0000056	392603
T2T19	haplotype2	haplotype2-0000059	197687
T2T19	haplotype2	haplotype2-0000055	187050
T2T19	haplotype2	haplotype2-0000061	158843
T2T19	haplotype2	haplotype2-0000058	97143
T2T19	haplotype2	haplotype2-0000053	74746
T2T19	haplotype2	haplotype2-0000057	72243
T2T19	haplotype2	haplotype2-0000054	22704
