sample	category	subcategory	sv_type	count	total_length	mean_length
HG002	chromosome	chr1	DEL	2386	0	0.0
HG002	chromosome	chr10	DEL	1402	0	0.0
HG002	chromosome	chr11	DEL	989	0	0.0
HG002	chromosome	chr12	DEL	1089	0	0.0
HG002	chromosome	chr13	DEL	1701	0	0.0
HG002	chromosome	chr14	DEL	907	0	0.0
HG002	chromosome	chr15	DEL	1445	0	0.0
HG002	chromosome	chr16	DEL	1628	0	0.0
HG002	chromosome	chr17	DEL	793	0	0.0
HG002	chromosome	chr18	DEL	923	0	0.0
HG002	chromosome	chr19	DEL	926	0	0.0
HG002	chromosome	chr2	DEL	1673	0	0.0
HG002	chromosome	chr20	DEL	973	0	0.0
HG002	chromosome	chr21	DEL	761	0	0.0
HG002	chromosome	chr22	DEL	1118	0	0.0
HG002	chromosome	chr3	DEL	1485	0	0.0
HG002	chromosome	chr4	DEL	1053	0	0.0
HG002	chromosome	chr5	DEL	1241	0	0.0
HG002	chromosome	chr6	DEL	1084	0	0.0
HG002	chromosome	chr7	DEL	1255	0	0.0
HG002	chromosome	chr8	DEL	1144	0	0.0
HG002	chromosome	chr9	DEL	2594	0	0.0
HG002	chromosome	chrX	DEL	494	0	0.0
HG002	chromosome	chrY	DEL	4	0	0.0
HG002	chromosome	chr1	INS	2377	0	0.0
HG002	chromosome	chr10	INS	1332	0	0.0
HG002	chromosome	chr11	INS	897	0	0.0
HG002	chromosome	chr12	INS	1069	0	0.0
HG002	chromosome	chr13	INS	1496	0	0.0
HG002	chromosome	chr14	INS	780	0	0.0
HG002	chromosome	chr15	INS	1417	0	0.0
HG002	chromosome	chr16	INS	1550	0	0.0
HG002	chromosome	chr17	INS	886	0	0.0
HG002	chromosome	chr18	INS	820	0	0.0
HG002	chromosome	chr19	INS	872	0	0.0
HG002	chromosome	chr2	INS	1600	0	0.0
HG002	chromosome	chr20	INS	887	0	0.0
HG002	chromosome	chr21	INS	760	0	0.0
HG002	chromosome	chr22	INS	1046	0	0.0
HG002	chromosome	chr3	INS	1450	0	0.0
HG002	chromosome	chr4	INS	1312	0	0.0
HG002	chromosome	chr5	INS	1590	0	0.0
HG002	chromosome	chr6	INS	1290	0	0.0
HG002	chromosome	chr7	INS	1315	0	0.0
HG002	chromosome	chr8	INS	1192	0	0.0
HG002	chromosome	chr9	INS	2487	0	0.0
HG002	chromosome	chrX	INS	484	0	0.0
HG002	chromosome	chrY	INS	1	0	0.0
HG002	chromosome	chr1	all	4766	0	0.0
HG002	chromosome	chr10	all	2737	0	0.0
HG002	chromosome	chr11	all	1888	0	0.0
HG002	chromosome	chr12	all	2159	0	0.0
HG002	chromosome	chr13	all	3199	0	0.0
HG002	chromosome	chr14	all	1691	0	0.0
HG002	chromosome	chr15	all	2862	0	0.0
HG002	chromosome	chr16	all	3179	0	0.0
HG002	chromosome	chr17	all	1680	0	0.0
HG002	chromosome	chr18	all	1748	0	0.0
HG002	chromosome	chr19	all	1801	0	0.0
HG002	chromosome	chr2	all	3278	0	0.0
HG002	chromosome	chr20	all	1861	0	0.0
HG002	chromosome	chr21	all	1524	0	0.0
HG002	chromosome	chr22	all	2164	0	0.0
HG002	chromosome	chr3	all	2937	0	0.0
HG002	chromosome	chr4	all	2369	0	0.0
HG002	chromosome	chr5	all	2839	0	0.0
HG002	chromosome	chr6	all	2379	0	0.0
HG002	chromosome	chr7	all	2573	0	0.0
HG002	chromosome	chr8	all	2341	0	0.0
HG002	chromosome	chr9	all	5084	0	0.0
HG002	chromosome	chrX	all	980	0	0.0
HG002	chromosome	chrY	all	5	0	0.0
HG002	haplotype	haplotype1	BND	4	0	0.0
HG002	haplotype	haplotype2	BND	10	0	0.0
HG002	haplotype	both	DEL	5131	0	0.0
HG002	haplotype	haplotype1	DEL	11692	0	0.0
HG002	haplotype	haplotype2	DEL	12245	0	0.0
HG002	haplotype	both	DUP:TANDEM	1	0	0.0
HG002	haplotype	haplotype1	DUP:TANDEM	8	0	0.0
HG002	haplotype	haplotype2	DUP:TANDEM	16	0	0.0
HG002	haplotype	both	INS	4747	0	0.0
HG002	haplotype	haplotype1	INS	11868	0	0.0
HG002	haplotype	haplotype2	INS	12295	0	0.0
HG002	haplotype	both	INV	4	0	0.0
HG002	haplotype	haplotype1	INV	9	0	0.0
HG002	haplotype	haplotype2	INV	14	0	0.0
HG002	haplotype	both	all	9883	0	0.0
HG002	haplotype	haplotype1	all	23581	0	0.0
HG002	haplotype	haplotype2	all	24580	0	0.0
HG002	phasing	phased	all	58044	0	0.0
HG002	size_class	small (<50bp)	BND	14	0	0.0
HG002	size_class	large (500bp-5kb)	DEL	7217	0	0.0
HG002	size_class	massive (>50kb)	DEL	83	0	0.0
HG002	size_class	medium (50-500bp)	DEL	14343	0	0.0
HG002	size_class	small (<50bp)	DEL	6501	0	0.0
HG002	size_class	very_large (5kb-50kb)	DEL	924	0	0.0
HG002	size_class	large (500bp-5kb)	DUP:TANDEM	16	0	0.0
HG002	size_class	medium (50-500bp)	DUP:TANDEM	9	0	0.0
HG002	size_class	large (500bp-5kb)	INS	7181	0	0.0
HG002	size_class	massive (>50kb)	INS	95	0	0.0
HG002	size_class	medium (50-500bp)	INS	14282	0	0.0
HG002	size_class	small (<50bp)	INS	6497	0	0.0
HG002	size_class	very_large (5kb-50kb)	INS	855	0	0.0
HG002	size_class	small (<50bp)	INV	27	0	0.0
HG002	size_class	large (500bp-5kb)	all	14414	0	0.0
HG002	size_class	massive (>50kb)	all	178	0	0.0
HG002	size_class	medium (50-500bp)	all	28634	0	0.0
HG002	size_class	small (<50bp)	all	13039	0	0.0
HG002	size_class	very_large (5kb-50kb)	all	1779	0	0.0
HG002	sv_type	BND	BND	14	0	0.0
HG002	sv_type	DEL	DEL	29068	30929600	1064.0429338103756
HG002	sv_type	DUP:TANDEM	DUP:TANDEM	25	26117	1044.68
HG002	sv_type	INS	INS	28910	31552254	1091.3958491871324
HG002	sv_type	INV	INV	27	0	0.0
HG002	total	all_svs	all	58044	62507971	1076.906674247123
HG002	zygosity	HET	BND	14	0	0.0
HG002	zygosity	ALT_HOM	DEL	5131	0	0.0
HG002	zygosity	HET	DEL	23937	0	0.0
HG002	zygosity	ALT_HOM	DUP:TANDEM	1	0	0.0
HG002	zygosity	HET	DUP:TANDEM	24	0	0.0
HG002	zygosity	ALT_HOM	INS	4747	0	0.0
HG002	zygosity	HET	INS	24163	0	0.0
HG002	zygosity	ALT_HOM	INV	4	0	0.0
HG002	zygosity	HET	INV	23	0	0.0
HG002	zygosity	ALT_HOM	all	9883	0	0.0
HG002	zygosity	HET	all	48161	0	0.0
HG00272	chromosome	chr1	DEL	4195	0	0.0
HG00272	chromosome	chr10	DEL	1283	0	0.0
HG00272	chromosome	chr11	DEL	959	0	0.0
HG00272	chromosome	chr12	DEL	1121	0	0.0
HG00272	chromosome	chr13	DEL	1590	0	0.0
HG00272	chromosome	chr14	DEL	972	0	0.0
HG00272	chromosome	chr15	DEL	1315	0	0.0
HG00272	chromosome	chr16	DEL	1958	0	0.0
HG00272	chromosome	chr17	DEL	912	0	0.0
HG00272	chromosome	chr18	DEL	860	0	0.0
HG00272	chromosome	chr19	DEL	910	0	0.0
HG00272	chromosome	chr2	DEL	1620	0	0.0
HG00272	chromosome	chr20	DEL	921	0	0.0
HG00272	chromosome	chr21	DEL	639	0	0.0
HG00272	chromosome	chr22	DEL	1066	0	0.0
HG00272	chromosome	chr3	DEL	1598	0	0.0
HG00272	chromosome	chr4	DEL	1306	0	0.0
HG00272	chromosome	chr5	DEL	1289	0	0.0
HG00272	chromosome	chr6	DEL	1094	0	0.0
HG00272	chromosome	chr7	DEL	1342	0	0.0
HG00272	chromosome	chr8	DEL	1217	0	0.0
HG00272	chromosome	chr9	DEL	3045	0	0.0
HG00272	chromosome	chrX	DEL	724	0	0.0
HG00272	chromosome	chrY	DEL	75	0	0.0
HG00272	chromosome	chr1	INS	3780	0	0.0
HG00272	chromosome	chr10	INS	1213	0	0.0
HG00272	chromosome	chr11	INS	899	0	0.0
HG00272	chromosome	chr12	INS	1066	0	0.0
HG00272	chromosome	chr13	INS	1396	0	0.0
HG00272	chromosome	chr14	INS	1000	0	0.0
HG00272	chromosome	chr15	INS	1186	0	0.0
HG00272	chromosome	chr16	INS	1815	0	0.0
HG00272	chromosome	chr17	INS	872	0	0.0
HG00272	chromosome	chr18	INS	912	0	0.0
HG00272	chromosome	chr19	INS	850	0	0.0
HG00272	chromosome	chr2	INS	1550	0	0.0
HG00272	chromosome	chr20	INS	819	0	0.0
HG00272	chromosome	chr21	INS	657	0	0.0
HG00272	chromosome	chr22	INS	1107	0	0.0
HG00272	chromosome	chr3	INS	1917	0	0.0
HG00272	chromosome	chr4	INS	1465	0	0.0
HG00272	chromosome	chr5	INS	1447	0	0.0
HG00272	chromosome	chr6	INS	1182	0	0.0
HG00272	chromosome	chr7	INS	1306	0	0.0
HG00272	chromosome	chr8	INS	1237	0	0.0
HG00272	chromosome	chr9	INS	3009	0	0.0
HG00272	chromosome	chrX	INS	795	0	0.0
HG00272	chromosome	chrY	INS	61	0	0.0
HG00272	chromosome	chr1	all	7979	0	0.0
HG00272	chromosome	chr10	all	2501	0	0.0
HG00272	chromosome	chr11	all	1860	0	0.0
HG00272	chromosome	chr12	all	2187	0	0.0
HG00272	chromosome	chr13	all	2989	0	0.0
HG00272	chromosome	chr14	all	1976	0	0.0
HG00272	chromosome	chr15	all	2501	0	0.0
HG00272	chromosome	chr16	all	3776	0	0.0
HG00272	chromosome	chr17	all	1785	0	0.0
HG00272	chromosome	chr18	all	1773	0	0.0
HG00272	chromosome	chr19	all	1764	0	0.0
HG00272	chromosome	chr2	all	3175	0	0.0
HG00272	chromosome	chr20	all	1743	0	0.0
HG00272	chromosome	chr21	all	1297	0	0.0
HG00272	chromosome	chr22	all	2173	0	0.0
HG00272	chromosome	chr3	all	3522	0	0.0
HG00272	chromosome	chr4	all	2776	0	0.0
HG00272	chromosome	chr5	all	2745	0	0.0
HG00272	chromosome	chr6	all	2280	0	0.0
HG00272	chromosome	chr7	all	2650	0	0.0
HG00272	chromosome	chr8	all	2458	0	0.0
HG00272	chromosome	chr9	all	6060	0	0.0
HG00272	chromosome	chrX	all	1526	0	0.0
HG00272	chromosome	chrY	all	136	0	0.0
HG00272	haplotype	haplotype1	BND	8	0	0.0
HG00272	haplotype	haplotype2	BND	6	0	0.0
HG00272	haplotype	both	DEL	5436	0	0.0
HG00272	haplotype	haplotype1	DEL	14796	0	0.0
HG00272	haplotype	haplotype2	DEL	11779	0	0.0
HG00272	haplotype	haplotype1	DUP:TANDEM	17	0	0.0
HG00272	haplotype	haplotype2	DUP:TANDEM	19	0	0.0
HG00272	haplotype	both	INS	5079	0	0.0
HG00272	haplotype	haplotype1	INS	14153	0	0.0
HG00272	haplotype	haplotype2	INS	12309	0	0.0
HG00272	haplotype	both	INV	3	0	0.0
HG00272	haplotype	haplotype1	INV	11	0	0.0
HG00272	haplotype	haplotype2	INV	16	0	0.0
HG00272	haplotype	both	all	10518	0	0.0
HG00272	haplotype	haplotype1	all	28985	0	0.0
HG00272	haplotype	haplotype2	all	24129	0	0.0
HG00272	phasing	phased	all	63632	0	0.0
HG00272	size_class	small (<50bp)	BND	14	0	0.0
HG00272	size_class	large (500bp-5kb)	DEL	8101	0	0.0
HG00272	size_class	massive (>50kb)	DEL	57	0	0.0
HG00272	size_class	medium (50-500bp)	DEL	16302	0	0.0
HG00272	size_class	small (<50bp)	DEL	6753	0	0.0
HG00272	size_class	very_large (5kb-50kb)	DEL	798	0	0.0
HG00272	size_class	large (500bp-5kb)	DUP:TANDEM	25	0	0.0
HG00272	size_class	medium (50-500bp)	DUP:TANDEM	11	0	0.0
HG00272	size_class	large (500bp-5kb)	INS	7542	0	0.0
HG00272	size_class	massive (>50kb)	INS	92	0	0.0
HG00272	size_class	medium (50-500bp)	INS	16307	0	0.0
HG00272	size_class	small (<50bp)	INS	6810	0	0.0
HG00272	size_class	very_large (5kb-50kb)	INS	790	0	0.0
HG00272	size_class	small (<50bp)	INV	30	0	0.0
HG00272	size_class	large (500bp-5kb)	all	15668	0	0.0
HG00272	size_class	massive (>50kb)	all	149	0	0.0
HG00272	size_class	medium (50-500bp)	all	32620	0	0.0
HG00272	size_class	small (<50bp)	all	13607	0	0.0
HG00272	size_class	very_large (5kb-50kb)	all	1588	0	0.0
HG00272	sv_type	BND	BND	14	0	0.0
HG00272	sv_type	DEL	DEL	32011	29035835	907.0580425478742
HG00272	sv_type	DUP:TANDEM	DUP:TANDEM	36	32184	894.0
HG00272	sv_type	INS	INS	31541	30777057	975.7793665387908
HG00272	sv_type	INV	INV	30	0	0.0
HG00272	total	all_svs	all	63632	59845076	940.4871134020618
HG00272	zygosity	HET	BND	14	0	0.0
HG00272	zygosity	ALT_HOM	DEL	5436	0	0.0
HG00272	zygosity	HET	DEL	26575	0	0.0
HG00272	zygosity	HET	DUP:TANDEM	36	0	0.0
HG00272	zygosity	ALT_HOM	INS	5079	0	0.0
HG00272	zygosity	HET	INS	26462	0	0.0
HG00272	zygosity	ALT_HOM	INV	3	0	0.0
HG00272	zygosity	HET	INV	27	0	0.0
HG00272	zygosity	ALT_HOM	all	10518	0	0.0
HG00272	zygosity	HET	all	53114	0	0.0
HG005	chromosome	chr1	DEL	2563	0	0.0
HG005	chromosome	chr10	DEL	1403	0	0.0
HG005	chromosome	chr11	DEL	827	0	0.0
HG005	chromosome	chr12	DEL	821	0	0.0
HG005	chromosome	chr13	DEL	1236	0	0.0
HG005	chromosome	chr14	DEL	1125	0	0.0
HG005	chromosome	chr15	DEL	1339	0	0.0
HG005	chromosome	chr16	DEL	1109	0	0.0
HG005	chromosome	chr17	DEL	883	0	0.0
HG005	chromosome	chr18	DEL	722	0	0.0
HG005	chromosome	chr19	DEL	861	0	0.0
HG005	chromosome	chr2	DEL	1735	0	0.0
HG005	chromosome	chr20	DEL	908	0	0.0
HG005	chromosome	chr21	DEL	786	0	0.0
HG005	chromosome	chr22	DEL	966	0	0.0
HG005	chromosome	chr3	DEL	1396	0	0.0
HG005	chromosome	chr4	DEL	1099	0	0.0
HG005	chromosome	chr5	DEL	973	0	0.0
HG005	chromosome	chr6	DEL	1094	0	0.0
HG005	chromosome	chr7	DEL	1421	0	0.0
HG005	chromosome	chr8	DEL	1232	0	0.0
HG005	chromosome	chr9	DEL	3123	0	0.0
HG005	chromosome	chrX	DEL	557	0	0.0
HG005	chromosome	chrY	DEL	381	0	0.0
HG005	chromosome	chr1	INS	2615	0	0.0
HG005	chromosome	chr10	INS	1423	0	0.0
HG005	chromosome	chr11	INS	793	0	0.0
HG005	chromosome	chr12	INS	859	0	0.0
HG005	chromosome	chr13	INS	1151	0	0.0
HG005	chromosome	chr14	INS	1025	0	0.0
HG005	chromosome	chr15	INS	1347	0	0.0
HG005	chromosome	chr16	INS	1079	0	0.0
HG005	chromosome	chr17	INS	816	0	0.0
HG005	chromosome	chr18	INS	793	0	0.0
HG005	chromosome	chr19	INS	782	0	0.0
HG005	chromosome	chr2	INS	1792	0	0.0
HG005	chromosome	chr20	INS	788	0	0.0
HG005	chromosome	chr21	INS	777	0	0.0
HG005	chromosome	chr22	INS	836	0	0.0
HG005	chromosome	chr3	INS	1399	0	0.0
HG005	chromosome	chr4	INS	1353	0	0.0
HG005	chromosome	chr5	INS	1050	0	0.0
HG005	chromosome	chr6	INS	1259	0	0.0
HG005	chromosome	chr7	INS	1343	0	0.0
HG005	chromosome	chr8	INS	1147	0	0.0
HG005	chromosome	chr9	INS	2966	0	0.0
HG005	chromosome	chrX	INS	508	0	0.0
HG005	chromosome	chrY	INS	395	0	0.0
HG005	chromosome	chr1	all	5181	0	0.0
HG005	chromosome	chr10	all	2832	0	0.0
HG005	chromosome	chr11	all	1622	0	0.0
HG005	chromosome	chr12	all	1680	0	0.0
HG005	chromosome	chr13	all	2388	0	0.0
HG005	chromosome	chr14	all	2155	0	0.0
HG005	chromosome	chr15	all	2687	0	0.0
HG005	chromosome	chr16	all	2189	0	0.0
HG005	chromosome	chr17	all	1703	0	0.0
HG005	chromosome	chr18	all	1515	0	0.0
HG005	chromosome	chr19	all	1643	0	0.0
HG005	chromosome	chr2	all	3534	0	0.0
HG005	chromosome	chr20	all	1698	0	0.0
HG005	chromosome	chr21	all	1565	0	0.0
HG005	chromosome	chr22	all	1802	0	0.0
HG005	chromosome	chr3	all	2798	0	0.0
HG005	chromosome	chr4	all	2457	0	0.0
HG005	chromosome	chr5	all	2026	0	0.0
HG005	chromosome	chr6	all	2357	0	0.0
HG005	chromosome	chr7	all	2767	0	0.0
HG005	chromosome	chr8	all	2381	0	0.0
HG005	chromosome	chr9	all	6093	0	0.0
HG005	chromosome	chrX	all	1067	0	0.0
HG005	chromosome	chrY	all	777	0	0.0
HG005	haplotype	both	BND	2	0	0.0
HG005	haplotype	haplotype1	BND	2	0	0.0
HG005	haplotype	haplotype2	BND	6	0	0.0
HG005	haplotype	both	DEL	5866	0	0.0
HG005	haplotype	haplotype1	DEL	11368	0	0.0
HG005	haplotype	haplotype2	DEL	11326	0	0.0
HG005	haplotype	both	DUP:TANDEM	1	0	0.0
HG005	haplotype	haplotype1	DUP:TANDEM	11	0	0.0
HG005	haplotype	haplotype2	DUP:TANDEM	7	0	0.0
HG005	haplotype	both	INS	5493	0	0.0
HG005	haplotype	haplotype1	INS	11621	0	0.0
HG005	haplotype	haplotype2	INS	11182	0	0.0
HG005	haplotype	both	INV	4	0	0.0
HG005	haplotype	haplotype1	INV	10	0	0.0
HG005	haplotype	haplotype2	INV	18	0	0.0
HG005	haplotype	both	all	11366	0	0.0
HG005	haplotype	haplotype1	all	23012	0	0.0
HG005	haplotype	haplotype2	all	22539	0	0.0
HG005	phasing	phased	all	56917	0	0.0
HG005	size_class	small (<50bp)	BND	10	0	0.0
HG005	size_class	large (500bp-5kb)	DEL	6297	0	0.0
HG005	size_class	massive (>50kb)	DEL	50	0	0.0
HG005	size_class	medium (50-500bp)	DEL	14722	0	0.0
HG005	size_class	small (<50bp)	DEL	6653	0	0.0
HG005	size_class	very_large (5kb-50kb)	DEL	838	0	0.0
HG005	size_class	large (500bp-5kb)	DUP:TANDEM	13	0	0.0
HG005	size_class	medium (50-500bp)	DUP:TANDEM	6	0	0.0
HG005	size_class	large (500bp-5kb)	INS	6238	0	0.0
HG005	size_class	massive (>50kb)	INS	89	0	0.0
HG005	size_class	medium (50-500bp)	INS	14295	0	0.0
HG005	size_class	small (<50bp)	INS	6937	0	0.0
HG005	size_class	very_large (5kb-50kb)	INS	737	0	0.0
HG005	size_class	small (<50bp)	INV	32	0	0.0
HG005	size_class	large (500bp-5kb)	all	12548	0	0.0
HG005	size_class	massive (>50kb)	all	139	0	0.0
HG005	size_class	medium (50-500bp)	all	29023	0	0.0
HG005	size_class	small (<50bp)	all	13632	0	0.0
HG005	size_class	very_large (5kb-50kb)	all	1575	0	0.0
HG005	sv_type	BND	BND	10	0	0.0
HG005	sv_type	DEL	DEL	28560	26529733	928.9122198879552
HG005	sv_type	DUP:TANDEM	DUP:TANDEM	19	16383	862.2631578947369
HG005	sv_type	INS	INS	28296	28978286	1024.1124540571109
HG005	sv_type	INV	INV	32	0	0.0
HG005	total	all_svs	all	56917	55524402	975.5328285046648
HG005	zygosity	ALT_HOM	BND	2	0	0.0
HG005	zygosity	HET	BND	8	0	0.0
HG005	zygosity	ALT_HOM	DEL	5866	0	0.0
HG005	zygosity	HET	DEL	22694	0	0.0
HG005	zygosity	ALT_HOM	DUP:TANDEM	1	0	0.0
HG005	zygosity	HET	DUP:TANDEM	18	0	0.0
HG005	zygosity	ALT_HOM	INS	5493	0	0.0
HG005	zygosity	HET	INS	22803	0	0.0
HG005	zygosity	ALT_HOM	INV	4	0	0.0
HG005	zygosity	HET	INV	28	0	0.0
HG005	zygosity	ALT_HOM	all	11366	0	0.0
HG005	zygosity	HET	all	45551	0	0.0
HG00639	chromosome	chr1	DEL	2989	0	0.0
HG00639	chromosome	chr10	DEL	1371	0	0.0
HG00639	chromosome	chr11	DEL	993	0	0.0
HG00639	chromosome	chr12	DEL	1133	0	0.0
HG00639	chromosome	chr13	DEL	877	0	0.0
HG00639	chromosome	chr14	DEL	1024	0	0.0
HG00639	chromosome	chr15	DEL	1472	0	0.0
HG00639	chromosome	chr16	DEL	1729	0	0.0
HG00639	chromosome	chr17	DEL	991	0	0.0
HG00639	chromosome	chr18	DEL	900	0	0.0
HG00639	chromosome	chr19	DEL	836	0	0.0
HG00639	chromosome	chr2	DEL	1967	0	0.0
HG00639	chromosome	chr20	DEL	1071	0	0.0
HG00639	chromosome	chr21	DEL	699	0	0.0
HG00639	chromosome	chr22	DEL	1307	0	0.0
HG00639	chromosome	chr3	DEL	1790	0	0.0
HG00639	chromosome	chr4	DEL	1043	0	0.0
HG00639	chromosome	chr5	DEL	1381	0	0.0
HG00639	chromosome	chr6	DEL	1092	0	0.0
HG00639	chromosome	chr7	DEL	1336	0	0.0
HG00639	chromosome	chr8	DEL	1077	0	0.0
HG00639	chromosome	chr9	DEL	3001	0	0.0
HG00639	chromosome	chrX	DEL	842	0	0.0
HG00639	chromosome	chr1	INS	2771	0	0.0
HG00639	chromosome	chr10	INS	1432	0	0.0
HG00639	chromosome	chr11	INS	924	0	0.0
HG00639	chromosome	chr12	INS	1073	0	0.0
HG00639	chromosome	chr13	INS	932	0	0.0
HG00639	chromosome	chr14	INS	1018	0	0.0
HG00639	chromosome	chr15	INS	1354	0	0.0
HG00639	chromosome	chr16	INS	1488	0	0.0
HG00639	chromosome	chr17	INS	942	0	0.0
HG00639	chromosome	chr18	INS	850	0	0.0
HG00639	chromosome	chr19	INS	876	0	0.0
HG00639	chromosome	chr2	INS	1771	0	0.0
HG00639	chromosome	chr20	INS	869	0	0.0
HG00639	chromosome	chr21	INS	726	0	0.0
HG00639	chromosome	chr22	INS	1157	0	0.0
HG00639	chromosome	chr3	INS	1848	0	0.0
HG00639	chromosome	chr4	INS	1240	0	0.0
HG00639	chromosome	chr5	INS	1412	0	0.0
HG00639	chromosome	chr6	INS	1277	0	0.0
HG00639	chromosome	chr7	INS	1366	0	0.0
HG00639	chromosome	chr8	INS	1154	0	0.0
HG00639	chromosome	chr9	INS	2957	0	0.0
HG00639	chromosome	chrX	INS	830	0	0.0
HG00639	chromosome	chrY	INS	1	0	0.0
HG00639	chromosome	chr1	all	5764	0	0.0
HG00639	chromosome	chr10	all	2808	0	0.0
HG00639	chromosome	chr11	all	1920	0	0.0
HG00639	chromosome	chr12	all	2208	0	0.0
HG00639	chromosome	chr13	all	1809	0	0.0
HG00639	chromosome	chr14	all	2045	0	0.0
HG00639	chromosome	chr15	all	2826	0	0.0
HG00639	chromosome	chr16	all	3219	0	0.0
HG00639	chromosome	chr17	all	1935	0	0.0
HG00639	chromosome	chr18	all	1750	0	0.0
HG00639	chromosome	chr19	all	1715	0	0.0
HG00639	chromosome	chr2	all	3743	0	0.0
HG00639	chromosome	chr20	all	1944	0	0.0
HG00639	chromosome	chr21	all	1425	0	0.0
HG00639	chromosome	chr22	all	2467	0	0.0
HG00639	chromosome	chr3	all	3643	0	0.0
HG00639	chromosome	chr4	all	2283	0	0.0
HG00639	chromosome	chr5	all	2797	0	0.0
HG00639	chromosome	chr6	all	2373	0	0.0
HG00639	chromosome	chr7	all	2704	0	0.0
HG00639	chromosome	chr8	all	2232	0	0.0
HG00639	chromosome	chr9	all	5964	0	0.0
HG00639	chromosome	chrX	all	1675	0	0.0
HG00639	chromosome	chrY	all	2	0	0.0
HG00639	haplotype	both	BND	2	0	0.0
HG00639	haplotype	haplotype1	BND	4	0	0.0
HG00639	haplotype	haplotype2	BND	6	0	0.0
HG00639	haplotype	both	DEL	5189	0	0.0
HG00639	haplotype	haplotype1	DEL	12439	0	0.0
HG00639	haplotype	haplotype2	DEL	13293	0	0.0
HG00639	haplotype	haplotype1	DUP:TANDEM	12	0	0.0
HG00639	haplotype	haplotype2	DUP:TANDEM	7	0	0.0
HG00639	haplotype	both	INS	4737	0	0.0
HG00639	haplotype	haplotype1	INS	12498	0	0.0
HG00639	haplotype	haplotype2	INS	13033	0	0.0
HG00639	haplotype	both	INV	10	0	0.0
HG00639	haplotype	haplotype1	INV	13	0	0.0
HG00639	haplotype	haplotype2	INV	8	0	0.0
HG00639	haplotype	both	all	9938	0	0.0
HG00639	haplotype	haplotype1	all	24966	0	0.0
HG00639	haplotype	haplotype2	all	26347	0	0.0
HG00639	phasing	phased	all	61251	0	0.0
HG00639	size_class	small (<50bp)	BND	12	0	0.0
HG00639	size_class	large (500bp-5kb)	DEL	6979	0	0.0
HG00639	size_class	massive (>50kb)	DEL	65	0	0.0
HG00639	size_class	medium (50-500bp)	DEL	15901	0	0.0
HG00639	size_class	small (<50bp)	DEL	7259	0	0.0
HG00639	size_class	very_large (5kb-50kb)	DEL	717	0	0.0
HG00639	size_class	large (500bp-5kb)	DUP:TANDEM	17	0	0.0
HG00639	size_class	medium (50-500bp)	DUP:TANDEM	2	0	0.0
HG00639	size_class	large (500bp-5kb)	INS	6583	0	0.0
HG00639	size_class	massive (>50kb)	INS	96	0	0.0
HG00639	size_class	medium (50-500bp)	INS	15566	0	0.0
HG00639	size_class	small (<50bp)	INS	7353	0	0.0
HG00639	size_class	very_large (5kb-50kb)	INS	670	0	0.0
HG00639	size_class	small (<50bp)	INV	31	0	0.0
HG00639	size_class	large (500bp-5kb)	all	13579	0	0.0
HG00639	size_class	massive (>50kb)	all	161	0	0.0
HG00639	size_class	medium (50-500bp)	all	31469	0	0.0
HG00639	size_class	small (<50bp)	all	14655	0	0.0
HG00639	size_class	very_large (5kb-50kb)	all	1387	0	0.0
HG00639	sv_type	BND	BND	12	0	0.0
HG00639	sv_type	DEL	DEL	30921	27376379	885.3652533876653
HG00639	sv_type	DUP:TANDEM	DUP:TANDEM	19	28893	1520.6842105263158
HG00639	sv_type	INS	INS	30268	28630310	945.8936830976608
HG00639	sv_type	INV	INV	31	0	0.0
HG00639	total	all_svs	all	61251	56035582	914.851708543534
HG00639	zygosity	ALT_HOM	BND	2	0	0.0
HG00639	zygosity	HET	BND	10	0	0.0
HG00639	zygosity	ALT_HOM	DEL	5189	0	0.0
HG00639	zygosity	HET	DEL	25732	0	0.0
HG00639	zygosity	HET	DUP:TANDEM	19	0	0.0
HG00639	zygosity	ALT_HOM	INS	4737	0	0.0
HG00639	zygosity	HET	INS	25531	0	0.0
HG00639	zygosity	ALT_HOM	INV	10	0	0.0
HG00639	zygosity	HET	INV	21	0	0.0
HG00639	zygosity	ALT_HOM	all	9938	0	0.0
HG00639	zygosity	HET	all	51313	0	0.0
HG01252	chromosome	chr1	DEL	2084	0	0.0
HG01252	chromosome	chr10	DEL	1344	0	0.0
HG01252	chromosome	chr11	DEL	1073	0	0.0
HG01252	chromosome	chr12	DEL	1131	0	0.0
HG01252	chromosome	chr13	DEL	1580	0	0.0
HG01252	chromosome	chr14	DEL	918	0	0.0
HG01252	chromosome	chr15	DEL	1375	0	0.0
HG01252	chromosome	chr16	DEL	1483	0	0.0
HG01252	chromosome	chr17	DEL	1136	0	0.0
HG01252	chromosome	chr18	DEL	718	0	0.0
HG01252	chromosome	chr19	DEL	995	0	0.0
HG01252	chromosome	chr2	DEL	1802	0	0.0
HG01252	chromosome	chr20	DEL	1040	0	0.0
HG01252	chromosome	chr21	DEL	667	0	0.0
HG01252	chromosome	chr22	DEL	1233	0	0.0
HG01252	chromosome	chr3	DEL	1700	0	0.0
HG01252	chromosome	chr4	DEL	1348	0	0.0
HG01252	chromosome	chr5	DEL	1425	0	0.0
HG01252	chromosome	chr6	DEL	1038	0	0.0
HG01252	chromosome	chr7	DEL	1437	0	0.0
HG01252	chromosome	chr8	DEL	1381	0	0.0
HG01252	chromosome	chr9	DEL	2984	0	0.0
HG01252	chromosome	chrX	DEL	470	0	0.0
HG01252	chromosome	chrY	DEL	501	0	0.0
HG01252	chromosome	chr1	INS	2091	0	0.0
HG01252	chromosome	chr10	INS	1311	0	0.0
HG01252	chromosome	chr11	INS	935	0	0.0
HG01252	chromosome	chr12	INS	1095	0	0.0
HG01252	chromosome	chr13	INS	1588	0	0.0
HG01252	chromosome	chr14	INS	797	0	0.0
HG01252	chromosome	chr15	INS	1345	0	0.0
HG01252	chromosome	chr16	INS	1344	0	0.0
HG01252	chromosome	chr17	INS	851	0	0.0
HG01252	chromosome	chr18	INS	754	0	0.0
HG01252	chromosome	chr19	INS	911	0	0.0
HG01252	chromosome	chr2	INS	1704	0	0.0
HG01252	chromosome	chr20	INS	892	0	0.0
HG01252	chromosome	chr21	INS	721	0	0.0
HG01252	chromosome	chr22	INS	1198	0	0.0
HG01252	chromosome	chr3	INS	1803	0	0.0
HG01252	chromosome	chr4	INS	1480	0	0.0
HG01252	chromosome	chr5	INS	1526	0	0.0
HG01252	chromosome	chr6	INS	1308	0	0.0
HG01252	chromosome	chr7	INS	1427	0	0.0
HG01252	chromosome	chr8	INS	1220	0	0.0
HG01252	chromosome	chr9	INS	2845	0	0.0
HG01252	chromosome	chrX	INS	456	0	0.0
HG01252	chromosome	chrY	INS	653	0	0.0
HG01252	chromosome	chr1	all	4179	0	0.0
HG01252	chromosome	chr10	all	2662	0	0.0
HG01252	chromosome	chr11	all	2011	0	0.0
HG01252	chromosome	chr12	all	2228	0	0.0
HG01252	chromosome	chr13	all	3170	0	0.0
HG01252	chromosome	chr14	all	1720	0	0.0
HG01252	chromosome	chr15	all	2721	0	0.0
HG01252	chromosome	chr16	all	2831	0	0.0
HG01252	chromosome	chr17	all	1991	0	0.0
HG01252	chromosome	chr18	all	1472	0	0.0
HG01252	chromosome	chr19	all	1912	0	0.0
HG01252	chromosome	chr2	all	3510	0	0.0
HG01252	chromosome	chr20	all	1938	0	0.0
HG01252	chromosome	chr21	all	1390	0	0.0
HG01252	chromosome	chr22	all	2431	0	0.0
HG01252	chromosome	chr3	all	3504	0	0.0
HG01252	chromosome	chr4	all	2829	0	0.0
HG01252	chromosome	chr5	all	2959	0	0.0
HG01252	chromosome	chr6	all	2350	0	0.0
HG01252	chromosome	chr7	all	2865	0	0.0
HG01252	chromosome	chr8	all	2604	0	0.0
HG01252	chromosome	chr9	all	5839	0	0.0
HG01252	chromosome	chrX	all	928	0	0.0
HG01252	chromosome	chrY	all	1155	0	0.0
HG01252	haplotype	haplotype1	BND	6	0	0.0
HG01252	haplotype	haplotype2	BND	10	0	0.0
HG01252	haplotype	both	DEL	5160	0	0.0
HG01252	haplotype	haplotype1	DEL	12527	0	0.0
HG01252	haplotype	haplotype2	DEL	13176	0	0.0
HG01252	haplotype	haplotype1	DUP:TANDEM	21	0	0.0
HG01252	haplotype	haplotype2	DUP:TANDEM	10	0	0.0
HG01252	haplotype	both	INS	4812	0	0.0
HG01252	haplotype	haplotype1	INS	12546	0	0.0
HG01252	haplotype	haplotype2	INS	12897	0	0.0
HG01252	haplotype	both	INV	4	0	0.0
HG01252	haplotype	haplotype1	INV	13	0	0.0
HG01252	haplotype	haplotype2	INV	17	0	0.0
HG01252	haplotype	both	all	9976	0	0.0
HG01252	haplotype	haplotype1	all	25113	0	0.0
HG01252	haplotype	haplotype2	all	26110	0	0.0
HG01252	phasing	phased	all	61199	0	0.0
HG01252	size_class	small (<50bp)	BND	16	0	0.0
HG01252	size_class	large (500bp-5kb)	DEL	7605	0	0.0
HG01252	size_class	massive (>50kb)	DEL	72	0	0.0
HG01252	size_class	medium (50-500bp)	DEL	15201	0	0.0
HG01252	size_class	small (<50bp)	DEL	7137	0	0.0
HG01252	size_class	very_large (5kb-50kb)	DEL	848	0	0.0
HG01252	size_class	large (500bp-5kb)	DUP:TANDEM	21	0	0.0
HG01252	size_class	medium (50-500bp)	DUP:TANDEM	9	0	0.0
HG01252	size_class	very_large (5kb-50kb)	DUP:TANDEM	1	0	0.0
HG01252	size_class	large (500bp-5kb)	INS	7031	0	0.0
HG01252	size_class	massive (>50kb)	INS	86	0	0.0
HG01252	size_class	medium (50-500bp)	INS	15149	0	0.0
HG01252	size_class	small (<50bp)	INS	7233	0	0.0
HG01252	size_class	very_large (5kb-50kb)	INS	756	0	0.0
HG01252	size_class	small (<50bp)	INV	34	0	0.0
HG01252	size_class	large (500bp-5kb)	all	14657	0	0.0
HG01252	size_class	massive (>50kb)	all	158	0	0.0
HG01252	size_class	medium (50-500bp)	all	30359	0	0.0
HG01252	size_class	small (<50bp)	all	14420	0	0.0
HG01252	size_class	very_large (5kb-50kb)	all	1605	0	0.0
HG01252	sv_type	BND	BND	16	0	0.0
HG01252	sv_type	DEL	DEL	30863	29910872	969.1498558144056
HG01252	sv_type	DUP:TANDEM	DUP:TANDEM	31	51088	1648.0
HG01252	sv_type	INS	INS	30255	29655562	980.1871426210544
HG01252	sv_type	INV	INV	34	0	0.0
HG01252	total	all_svs	all	61199	59617522	974.1584339613393
HG01252	zygosity	HET	BND	16	0	0.0
HG01252	zygosity	ALT_HOM	DEL	5160	0	0.0
HG01252	zygosity	HET	DEL	25703	0	0.0
HG01252	zygosity	HET	DUP:TANDEM	31	0	0.0
HG01252	zygosity	ALT_HOM	INS	4812	0	0.0
HG01252	zygosity	HET	INS	25443	0	0.0
HG01252	zygosity	ALT_HOM	INV	4	0	0.0
HG01252	zygosity	HET	INV	30	0	0.0
HG01252	zygosity	ALT_HOM	all	9976	0	0.0
HG01252	zygosity	HET	all	51223	0	0.0
HG01361	chromosome	chr1	DEL	2672	0	0.0
HG01361	chromosome	chr10	DEL	1481	0	0.0
HG01361	chromosome	chr11	DEL	921	0	0.0
HG01361	chromosome	chr12	DEL	1003	0	0.0
HG01361	chromosome	chr13	DEL	1218	0	0.0
HG01361	chromosome	chr14	DEL	859	0	0.0
HG01361	chromosome	chr15	DEL	1663	0	0.0
HG01361	chromosome	chr16	DEL	2215	0	0.0
HG01361	chromosome	chr17	DEL	787	0	0.0
HG01361	chromosome	chr18	DEL	914	0	0.0
HG01361	chromosome	chr19	DEL	897	0	0.0
HG01361	chromosome	chr2	DEL	1735	0	0.0
HG01361	chromosome	chr20	DEL	1017	0	0.0
HG01361	chromosome	chr21	DEL	724	0	0.0
HG01361	chromosome	chr22	DEL	1146	0	0.0
HG01361	chromosome	chr3	DEL	1385	0	0.0
HG01361	chromosome	chr4	DEL	1065	0	0.0
HG01361	chromosome	chr5	DEL	1264	0	0.0
HG01361	chromosome	chr6	DEL	1048	0	0.0
HG01361	chromosome	chr7	DEL	1148	0	0.0
HG01361	chromosome	chr8	DEL	1213	0	0.0
HG01361	chromosome	chr9	DEL	3148	0	0.0
HG01361	chromosome	chrX	DEL	780	0	0.0
HG01361	chromosome	chrY	DEL	2	0	0.0
HG01361	chromosome	chr1	INS	2493	0	0.0
HG01361	chromosome	chr10	INS	1433	0	0.0
HG01361	chromosome	chr11	INS	867	0	0.0
HG01361	chromosome	chr12	INS	998	0	0.0
HG01361	chromosome	chr13	INS	1179	0	0.0
HG01361	chromosome	chr14	INS	885	0	0.0
HG01361	chromosome	chr15	INS	1503	0	0.0
HG01361	chromosome	chr16	INS	1958	0	0.0
HG01361	chromosome	chr17	INS	870	0	0.0
HG01361	chromosome	chr18	INS	745	0	0.0
HG01361	chromosome	chr19	INS	812	0	0.0
HG01361	chromosome	chr2	INS	1571	0	0.0
HG01361	chromosome	chr20	INS	1031	0	0.0
HG01361	chromosome	chr21	INS	748	0	0.0
HG01361	chromosome	chr22	INS	1216	0	0.0
HG01361	chromosome	chr3	INS	1545	0	0.0
HG01361	chromosome	chr4	INS	1328	0	0.0
HG01361	chromosome	chr5	INS	1483	0	0.0
HG01361	chromosome	chr6	INS	1261	0	0.0
HG01361	chromosome	chr7	INS	1270	0	0.0
HG01361	chromosome	chr8	INS	1302	0	0.0
HG01361	chromosome	chr9	INS	2721	0	0.0
HG01361	chromosome	chrX	INS	774	0	0.0
HG01361	chromosome	chrY	INS	1	0	0.0
HG01361	chromosome	chr1	all	5173	0	0.0
HG01361	chromosome	chr10	all	2918	0	0.0
HG01361	chromosome	chr11	all	1791	0	0.0
HG01361	chromosome	chr12	all	2003	0	0.0
HG01361	chromosome	chr13	all	2399	0	0.0
HG01361	chromosome	chr14	all	1746	0	0.0
HG01361	chromosome	chr15	all	3166	0	0.0
HG01361	chromosome	chr16	all	4174	0	0.0
HG01361	chromosome	chr17	all	1661	0	0.0
HG01361	chromosome	chr18	all	1660	0	0.0
HG01361	chromosome	chr19	all	1710	0	0.0
HG01361	chromosome	chr2	all	3312	0	0.0
HG01361	chromosome	chr20	all	2051	0	0.0
HG01361	chromosome	chr21	all	1473	0	0.0
HG01361	chromosome	chr22	all	2363	0	0.0
HG01361	chromosome	chr3	all	2933	0	0.0
HG01361	chromosome	chr4	all	2395	0	0.0
HG01361	chromosome	chr5	all	2755	0	0.0
HG01361	chromosome	chr6	all	2312	0	0.0
HG01361	chromosome	chr7	all	2420	0	0.0
HG01361	chromosome	chr8	all	2518	0	0.0
HG01361	chromosome	chr9	all	5879	0	0.0
HG01361	chromosome	chrX	all	1558	0	0.0
HG01361	chromosome	chrY	all	3	0	0.0
HG01361	haplotype	haplotype1	BND	8	0	0.0
HG01361	haplotype	haplotype2	BND	10	0	0.0
HG01361	haplotype	both	DEL	5105	0	0.0
HG01361	haplotype	haplotype1	DEL	12580	0	0.0
HG01361	haplotype	haplotype2	DEL	12620	0	0.0
HG01361	haplotype	both	DUP:TANDEM	1	0	0.0
HG01361	haplotype	haplotype1	DUP:TANDEM	11	0	0.0
HG01361	haplotype	haplotype2	DUP:TANDEM	16	0	0.0
HG01361	haplotype	both	INS	4853	0	0.0
HG01361	haplotype	haplotype1	INS	11902	0	0.0
HG01361	haplotype	haplotype2	INS	13239	0	0.0
HG01361	haplotype	both	INV	6	0	0.0
HG01361	haplotype	haplotype1	INV	11	0	0.0
HG01361	haplotype	haplotype2	INV	11	0	0.0
HG01361	haplotype	both	all	9965	0	0.0
HG01361	haplotype	haplotype1	all	24512	0	0.0
HG01361	haplotype	haplotype2	all	25896	0	0.0
HG01361	phasing	phased	all	60373	0	0.0
HG01361	size_class	small (<50bp)	BND	18	0	0.0
HG01361	size_class	large (500bp-5kb)	DEL	7393	0	0.0
HG01361	size_class	massive (>50kb)	DEL	63	0	0.0
HG01361	size_class	medium (50-500bp)	DEL	15083	0	0.0
HG01361	size_class	small (<50bp)	DEL	6975	0	0.0
HG01361	size_class	very_large (5kb-50kb)	DEL	791	0	0.0
HG01361	size_class	large (500bp-5kb)	DUP:TANDEM	24	0	0.0
HG01361	size_class	medium (50-500bp)	DUP:TANDEM	4	0	0.0
HG01361	size_class	large (500bp-5kb)	INS	7123	0	0.0
HG01361	size_class	massive (>50kb)	INS	101	0	0.0
HG01361	size_class	medium (50-500bp)	INS	15110	0	0.0
HG01361	size_class	small (<50bp)	INS	6902	0	0.0
HG01361	size_class	very_large (5kb-50kb)	INS	758	0	0.0
HG01361	size_class	small (<50bp)	INV	28	0	0.0
HG01361	size_class	large (500bp-5kb)	all	14540	0	0.0
HG01361	size_class	massive (>50kb)	all	164	0	0.0
HG01361	size_class	medium (50-500bp)	all	30197	0	0.0
HG01361	size_class	small (<50bp)	all	13923	0	0.0
HG01361	size_class	very_large (5kb-50kb)	all	1549	0	0.0
HG01361	sv_type	BND	BND	18	0	0.0
HG01361	sv_type	DEL	DEL	30305	27903606	920.7591486553374
HG01361	sv_type	DUP:TANDEM	DUP:TANDEM	28	30509	1089.607142857143
HG01361	sv_type	INS	INS	29994	30923201	1030.9795625791826
HG01361	sv_type	INV	INV	28	0	0.0
HG01361	total	all_svs	all	60373	58857316	974.894671459096
HG01361	zygosity	HET	BND	18	0	0.0
HG01361	zygosity	ALT_HOM	DEL	5105	0	0.0
HG01361	zygosity	HET	DEL	25200	0	0.0
HG01361	zygosity	ALT_HOM	DUP:TANDEM	1	0	0.0
HG01361	zygosity	HET	DUP:TANDEM	27	0	0.0
HG01361	zygosity	ALT_HOM	INS	4853	0	0.0
HG01361	zygosity	HET	INS	25141	0	0.0
HG01361	zygosity	ALT_HOM	INV	6	0	0.0
HG01361	zygosity	HET	INV	22	0	0.0
HG01361	zygosity	ALT_HOM	all	9965	0	0.0
HG01361	zygosity	HET	all	50408	0	0.0
HG02083	chromosome	chr1	DEL	2045	0	0.0
HG02083	chromosome	chr10	DEL	1378	0	0.0
HG02083	chromosome	chr11	DEL	1031	0	0.0
HG02083	chromosome	chr12	DEL	1091	0	0.0
HG02083	chromosome	chr13	DEL	794	0	0.0
HG02083	chromosome	chr14	DEL	1057	0	0.0
HG02083	chromosome	chr15	DEL	1135	0	0.0
HG02083	chromosome	chr16	DEL	1693	0	0.0
HG02083	chromosome	chr17	DEL	842	0	0.0
HG02083	chromosome	chr18	DEL	555	0	0.0
HG02083	chromosome	chr19	DEL	926	0	0.0
HG02083	chromosome	chr2	DEL	1649	0	0.0
HG02083	chromosome	chr20	DEL	993	0	0.0
HG02083	chromosome	chr21	DEL	825	0	0.0
HG02083	chromosome	chr22	DEL	1204	0	0.0
HG02083	chromosome	chr3	DEL	1432	0	0.0
HG02083	chromosome	chr4	DEL	1613	0	0.0
HG02083	chromosome	chr5	DEL	1341	0	0.0
HG02083	chromosome	chr6	DEL	943	0	0.0
HG02083	chromosome	chr7	DEL	1489	0	0.0
HG02083	chromosome	chr8	DEL	1238	0	0.0
HG02083	chromosome	chr9	DEL	3330	0	0.0
HG02083	chromosome	chrX	DEL	493	0	0.0
HG02083	chromosome	chrY	DEL	690	0	0.0
HG02083	chromosome	chr1	INS	2114	0	0.0
HG02083	chromosome	chr10	INS	1483	0	0.0
HG02083	chromosome	chr11	INS	962	0	0.0
HG02083	chromosome	chr12	INS	1058	0	0.0
HG02083	chromosome	chr13	INS	852	0	0.0
HG02083	chromosome	chr14	INS	980	0	0.0
HG02083	chromosome	chr15	INS	1308	0	0.0
HG02083	chromosome	chr16	INS	1374	0	0.0
HG02083	chromosome	chr17	INS	876	0	0.0
HG02083	chromosome	chr18	INS	614	0	0.0
HG02083	chromosome	chr19	INS	895	0	0.0
HG02083	chromosome	chr2	INS	1659	0	0.0
HG02083	chromosome	chr20	INS	969	0	0.0
HG02083	chromosome	chr21	INS	824	0	0.0
HG02083	chromosome	chr22	INS	1226	0	0.0
HG02083	chromosome	chr3	INS	1477	0	0.0
HG02083	chromosome	chr4	INS	1621	0	0.0
HG02083	chromosome	chr5	INS	1399	0	0.0
HG02083	chromosome	chr6	INS	1277	0	0.0
HG02083	chromosome	chr7	INS	1278	0	0.0
HG02083	chromosome	chr8	INS	1281	0	0.0
HG02083	chromosome	chr9	INS	2861	0	0.0
HG02083	chromosome	chrX	INS	490	0	0.0
HG02083	chromosome	chrY	INS	713	0	0.0
HG02083	chromosome	chr1	all	4164	0	0.0
HG02083	chromosome	chr10	all	2867	0	0.0
HG02083	chromosome	chr11	all	1997	0	0.0
HG02083	chromosome	chr12	all	2152	0	0.0
HG02083	chromosome	chr13	all	1646	0	0.0
HG02083	chromosome	chr14	all	2042	0	0.0
HG02083	chromosome	chr15	all	2445	0	0.0
HG02083	chromosome	chr16	all	3070	0	0.0
HG02083	chromosome	chr17	all	1722	0	0.0
HG02083	chromosome	chr18	all	1169	0	0.0
HG02083	chromosome	chr19	all	1823	0	0.0
HG02083	chromosome	chr2	all	3314	0	0.0
HG02083	chromosome	chr20	all	1963	0	0.0
HG02083	chromosome	chr21	all	1650	0	0.0
HG02083	chromosome	chr22	all	2431	0	0.0
HG02083	chromosome	chr3	all	2912	0	0.0
HG02083	chromosome	chr4	all	3237	0	0.0
HG02083	chromosome	chr5	all	2745	0	0.0
HG02083	chromosome	chr6	all	2226	0	0.0
HG02083	chromosome	chr7	all	2769	0	0.0
HG02083	chromosome	chr8	all	2521	0	0.0
HG02083	chromosome	chr9	all	6195	0	0.0
HG02083	chromosome	chrX	all	987	0	0.0
HG02083	chromosome	chrY	all	1403	0	0.0
HG02083	haplotype	both	BND	2	0	0.0
HG02083	haplotype	haplotype1	BND	8	0	0.0
HG02083	haplotype	both	DEL	5913	0	0.0
HG02083	haplotype	haplotype1	DEL	12014	0	0.0
HG02083	haplotype	haplotype2	DEL	11860	0	0.0
HG02083	haplotype	haplotype1	DUP:TANDEM	9	0	0.0
HG02083	haplotype	haplotype2	DUP:TANDEM	17	0	0.0
HG02083	haplotype	both	INS	5597	0	0.0
HG02083	haplotype	haplotype1	INS	12031	0	0.0
HG02083	haplotype	haplotype2	INS	11963	0	0.0
HG02083	haplotype	both	INV	5	0	0.0
HG02083	haplotype	haplotype1	INV	15	0	0.0
HG02083	haplotype	haplotype2	INV	16	0	0.0
HG02083	haplotype	both	all	11517	0	0.0
HG02083	haplotype	haplotype1	all	24077	0	0.0
HG02083	haplotype	haplotype2	all	23856	0	0.0
HG02083	phasing	phased	all	59450	0	0.0
HG02083	size_class	small (<50bp)	BND	10	0	0.0
HG02083	size_class	large (500bp-5kb)	DEL	7358	0	0.0
HG02083	size_class	massive (>50kb)	DEL	73	0	0.0
HG02083	size_class	medium (50-500bp)	DEL	14786	0	0.0
HG02083	size_class	small (<50bp)	DEL	6749	0	0.0
HG02083	size_class	very_large (5kb-50kb)	DEL	821	0	0.0
HG02083	size_class	large (500bp-5kb)	DUP:TANDEM	18	0	0.0
HG02083	size_class	massive (>50kb)	DUP:TANDEM	1	0	0.0
HG02083	size_class	medium (50-500bp)	DUP:TANDEM	6	0	0.0
HG02083	size_class	very_large (5kb-50kb)	DUP:TANDEM	1	0	0.0
HG02083	size_class	large (500bp-5kb)	INS	6701	0	0.0
HG02083	size_class	massive (>50kb)	INS	81	0	0.0
HG02083	size_class	medium (50-500bp)	INS	14922	0	0.0
HG02083	size_class	small (<50bp)	INS	7163	0	0.0
HG02083	size_class	very_large (5kb-50kb)	INS	724	0	0.0
HG02083	size_class	small (<50bp)	INV	36	0	0.0
HG02083	size_class	large (500bp-5kb)	all	14077	0	0.0
HG02083	size_class	massive (>50kb)	all	155	0	0.0
HG02083	size_class	medium (50-500bp)	all	29714	0	0.0
HG02083	size_class	small (<50bp)	all	13958	0	0.0
HG02083	size_class	very_large (5kb-50kb)	all	1546	0	0.0
HG02083	sv_type	BND	BND	10	0	0.0
HG02083	sv_type	DEL	DEL	29787	29646831	995.2942894551314
HG02083	sv_type	DUP:TANDEM	DUP:TANDEM	26	1545698	59449.92307692308
HG02083	sv_type	INS	INS	29591	28110512	949.9683011726538
HG02083	sv_type	INV	INV	36	0	0.0
HG02083	total	all_svs	all	59450	59303041	997.5280235492012
HG02083	zygosity	ALT_HOM	BND	2	0	0.0
HG02083	zygosity	HET	BND	8	0	0.0
HG02083	zygosity	ALT_HOM	DEL	5913	0	0.0
HG02083	zygosity	HET	DEL	23874	0	0.0
HG02083	zygosity	HET	DUP:TANDEM	26	0	0.0
HG02083	zygosity	ALT_HOM	INS	5597	0	0.0
HG02083	zygosity	HET	INS	23994	0	0.0
HG02083	zygosity	ALT_HOM	INV	5	0	0.0
HG02083	zygosity	HET	INV	31	0	0.0
HG02083	zygosity	ALT_HOM	all	11517	0	0.0
HG02083	zygosity	HET	all	47933	0	0.0
HG02155	chromosome	chr1	DEL	2853	0	0.0
HG02155	chromosome	chr10	DEL	1460	0	0.0
HG02155	chromosome	chr11	DEL	1028	0	0.0
HG02155	chromosome	chr12	DEL	1186	0	0.0
HG02155	chromosome	chr13	DEL	665	0	0.0
HG02155	chromosome	chr14	DEL	933	0	0.0
HG02155	chromosome	chr15	DEL	1290	0	0.0
HG02155	chromosome	chr16	DEL	1594	0	0.0
HG02155	chromosome	chr17	DEL	836	0	0.0
HG02155	chromosome	chr18	DEL	684	0	0.0
HG02155	chromosome	chr19	DEL	879	0	0.0
HG02155	chromosome	chr2	DEL	1622	0	0.0
HG02155	chromosome	chr20	DEL	857	0	0.0
HG02155	chromosome	chr21	DEL	864	0	0.0
HG02155	chromosome	chr22	DEL	1178	0	0.0
HG02155	chromosome	chr3	DEL	1032	0	0.0
HG02155	chromosome	chr4	DEL	1114	0	0.0
HG02155	chromosome	chr5	DEL	1276	0	0.0
HG02155	chromosome	chr6	DEL	1015	0	0.0
HG02155	chromosome	chr7	DEL	1509	0	0.0
HG02155	chromosome	chr8	DEL	1162	0	0.0
HG02155	chromosome	chr9	DEL	2722	0	0.0
HG02155	chromosome	chrX	DEL	805	0	0.0
HG02155	chromosome	chr1	INS	2590	0	0.0
HG02155	chromosome	chr10	INS	1365	0	0.0
HG02155	chromosome	chr11	INS	1233	0	0.0
HG02155	chromosome	chr12	INS	1087	0	0.0
HG02155	chromosome	chr13	INS	714	0	0.0
HG02155	chromosome	chr14	INS	866	0	0.0
HG02155	chromosome	chr15	INS	1271	0	0.0
HG02155	chromosome	chr16	INS	1260	0	0.0
HG02155	chromosome	chr17	INS	860	0	0.0
HG02155	chromosome	chr18	INS	695	0	0.0
HG02155	chromosome	chr19	INS	908	0	0.0
HG02155	chromosome	chr2	INS	1614	0	0.0
HG02155	chromosome	chr20	INS	785	0	0.0
HG02155	chromosome	chr21	INS	990	0	0.0
HG02155	chromosome	chr22	INS	1153	0	0.0
HG02155	chromosome	chr3	INS	1013	0	0.0
HG02155	chromosome	chr4	INS	1301	0	0.0
HG02155	chromosome	chr5	INS	1472	0	0.0
HG02155	chromosome	chr6	INS	1269	0	0.0
HG02155	chromosome	chr7	INS	1304	0	0.0
HG02155	chromosome	chr8	INS	1241	0	0.0
HG02155	chromosome	chr9	INS	2744	0	0.0
HG02155	chromosome	chrX	INS	863	0	0.0
HG02155	chromosome	chr1	all	5447	0	0.0
HG02155	chromosome	chr10	all	2829	0	0.0
HG02155	chromosome	chr11	all	2267	0	0.0
HG02155	chromosome	chr12	all	2274	0	0.0
HG02155	chromosome	chr13	all	1379	0	0.0
HG02155	chromosome	chr14	all	1800	0	0.0
HG02155	chromosome	chr15	all	2561	0	0.0
HG02155	chromosome	chr16	all	2857	0	0.0
HG02155	chromosome	chr17	all	1698	0	0.0
HG02155	chromosome	chr18	all	1379	0	0.0
HG02155	chromosome	chr19	all	1788	0	0.0
HG02155	chromosome	chr2	all	3244	0	0.0
HG02155	chromosome	chr20	all	1646	0	0.0
HG02155	chromosome	chr21	all	1855	0	0.0
HG02155	chromosome	chr22	all	2333	0	0.0
HG02155	chromosome	chr3	all	2048	0	0.0
HG02155	chromosome	chr4	all	2417	0	0.0
HG02155	chromosome	chr5	all	2750	0	0.0
HG02155	chromosome	chr6	all	2291	0	0.0
HG02155	chromosome	chr7	all	2816	0	0.0
HG02155	chromosome	chr8	all	2405	0	0.0
HG02155	chromosome	chr9	all	5476	0	0.0
HG02155	chromosome	chrX	all	1670	0	0.0
HG02155	haplotype	both	BND	2	0	0.0
HG02155	haplotype	haplotype1	BND	2	0	0.0
HG02155	haplotype	haplotype2	BND	12	0	0.0
HG02155	haplotype	both	DEL	6252	0	0.0
HG02155	haplotype	haplotype1	DEL	11032	0	0.0
HG02155	haplotype	haplotype2	DEL	11280	0	0.0
HG02155	haplotype	haplotype1	DUP:TANDEM	7	0	0.0
HG02155	haplotype	haplotype2	DUP:TANDEM	14	0	0.0
HG02155	haplotype	both	INS	5810	0	0.0
HG02155	haplotype	haplotype1	INS	10976	0	0.0
HG02155	haplotype	haplotype2	INS	11812	0	0.0
HG02155	haplotype	both	INV	4	0	0.0
HG02155	haplotype	haplotype1	INV	15	0	0.0
HG02155	haplotype	haplotype2	INV	12	0	0.0
HG02155	haplotype	both	all	12068	0	0.0
HG02155	haplotype	haplotype1	all	22032	0	0.0
HG02155	haplotype	haplotype2	all	23130	0	0.0
HG02155	phasing	phased	all	57230	0	0.0
HG02155	size_class	small (<50bp)	BND	16	0	0.0
HG02155	size_class	large (500bp-5kb)	DEL	6545	0	0.0
HG02155	size_class	massive (>50kb)	DEL	73	0	0.0
HG02155	size_class	medium (50-500bp)	DEL	14631	0	0.0
HG02155	size_class	small (<50bp)	DEL	6710	0	0.0
HG02155	size_class	very_large (5kb-50kb)	DEL	605	0	0.0
HG02155	size_class	large (500bp-5kb)	DUP:TANDEM	16	0	0.0
HG02155	size_class	medium (50-500bp)	DUP:TANDEM	5	0	0.0
HG02155	size_class	large (500bp-5kb)	INS	6010	0	0.0
HG02155	size_class	massive (>50kb)	INS	72	0	0.0
HG02155	size_class	medium (50-500bp)	INS	14931	0	0.0
HG02155	size_class	small (<50bp)	INS	7006	0	0.0
HG02155	size_class	very_large (5kb-50kb)	INS	579	0	0.0
HG02155	size_class	small (<50bp)	INV	31	0	0.0
HG02155	size_class	large (500bp-5kb)	all	12571	0	0.0
HG02155	size_class	massive (>50kb)	all	145	0	0.0
HG02155	size_class	medium (50-500bp)	all	29567	0	0.0
HG02155	size_class	small (<50bp)	all	13763	0	0.0
HG02155	size_class	very_large (5kb-50kb)	all	1184	0	0.0
HG02155	sv_type	BND	BND	16	0	0.0
HG02155	sv_type	DEL	DEL	28564	25303490	885.852471642627
HG02155	sv_type	DUP:TANDEM	DUP:TANDEM	21	25205	1200.2380952380952
HG02155	sv_type	INS	INS	28598	25294232	884.4755577313099
HG02155	sv_type	INV	INV	31	0	0.0
HG02155	total	all_svs	all	57230	50622927	884.5522802725843
HG02155	zygosity	ALT_HOM	BND	2	0	0.0
HG02155	zygosity	HET	BND	14	0	0.0
HG02155	zygosity	ALT_HOM	DEL	6252	0	0.0
HG02155	zygosity	HET	DEL	22312	0	0.0
HG02155	zygosity	HET	DUP:TANDEM	21	0	0.0
HG02155	zygosity	ALT_HOM	INS	5810	0	0.0
HG02155	zygosity	HET	INS	22788	0	0.0
HG02155	zygosity	ALT_HOM	INV	4	0	0.0
HG02155	zygosity	HET	INV	27	0	0.0
HG02155	zygosity	ALT_HOM	all	12068	0	0.0
HG02155	zygosity	HET	all	45162	0	0.0
HG03834	chromosome	chr1	DEL	2504	0	0.0
HG03834	chromosome	chr10	DEL	1297	0	0.0
HG03834	chromosome	chr11	DEL	940	0	0.0
HG03834	chromosome	chr12	DEL	1102	0	0.0
HG03834	chromosome	chr13	DEL	1598	0	0.0
HG03834	chromosome	chr14	DEL	1013	0	0.0
HG03834	chromosome	chr15	DEL	1308	0	0.0
HG03834	chromosome	chr16	DEL	1587	0	0.0
HG03834	chromosome	chr17	DEL	888	0	0.0
HG03834	chromosome	chr18	DEL	774	0	0.0
HG03834	chromosome	chr19	DEL	935	0	0.0
HG03834	chromosome	chr2	DEL	1789	0	0.0
HG03834	chromosome	chr20	DEL	1028	0	0.0
HG03834	chromosome	chr21	DEL	845	0	0.0
HG03834	chromosome	chr22	DEL	1330	0	0.0
HG03834	chromosome	chr3	DEL	1439	0	0.0
HG03834	chromosome	chr4	DEL	1596	0	0.0
HG03834	chromosome	chr5	DEL	1341	0	0.0
HG03834	chromosome	chr6	DEL	1206	0	0.0
HG03834	chromosome	chr7	DEL	1578	0	0.0
HG03834	chromosome	chr8	DEL	1049	0	0.0
HG03834	chromosome	chr9	DEL	2099	0	0.0
HG03834	chromosome	chrX	DEL	841	0	0.0
HG03834	chromosome	chr1	INS	2455	0	0.0
HG03834	chromosome	chr10	INS	1215	0	0.0
HG03834	chromosome	chr11	INS	1151	0	0.0
HG03834	chromosome	chr12	INS	1063	0	0.0
HG03834	chromosome	chr13	INS	1353	0	0.0
HG03834	chromosome	chr14	INS	934	0	0.0
HG03834	chromosome	chr15	INS	1458	0	0.0
HG03834	chromosome	chr16	INS	1369	0	0.0
HG03834	chromosome	chr17	INS	907	0	0.0
HG03834	chromosome	chr18	INS	762	0	0.0
HG03834	chromosome	chr19	INS	852	0	0.0
HG03834	chromosome	chr2	INS	1778	0	0.0
HG03834	chromosome	chr20	INS	930	0	0.0
HG03834	chromosome	chr21	INS	839	0	0.0
HG03834	chromosome	chr22	INS	1449	0	0.0
HG03834	chromosome	chr3	INS	1502	0	0.0
HG03834	chromosome	chr4	INS	1622	0	0.0
HG03834	chromosome	chr5	INS	1424	0	0.0
HG03834	chromosome	chr6	INS	1292	0	0.0
HG03834	chromosome	chr7	INS	1324	0	0.0
HG03834	chromosome	chr8	INS	1240	0	0.0
HG03834	chromosome	chr9	INS	2104	0	0.0
HG03834	chromosome	chrX	INS	874	0	0.0
HG03834	chromosome	chr1	all	4966	0	0.0
HG03834	chromosome	chr10	all	2517	0	0.0
HG03834	chromosome	chr11	all	2092	0	0.0
HG03834	chromosome	chr12	all	2168	0	0.0
HG03834	chromosome	chr13	all	2953	0	0.0
HG03834	chromosome	chr14	all	1949	0	0.0
HG03834	chromosome	chr15	all	2766	0	0.0
HG03834	chromosome	chr16	all	2957	0	0.0
HG03834	chromosome	chr17	all	1798	0	0.0
HG03834	chromosome	chr18	all	1537	0	0.0
HG03834	chromosome	chr19	all	1791	0	0.0
HG03834	chromosome	chr2	all	3572	0	0.0
HG03834	chromosome	chr20	all	1960	0	0.0
HG03834	chromosome	chr21	all	1684	0	0.0
HG03834	chromosome	chr22	all	2781	0	0.0
HG03834	chromosome	chr3	all	2945	0	0.0
HG03834	chromosome	chr4	all	3219	0	0.0
HG03834	chromosome	chr5	all	2770	0	0.0
HG03834	chromosome	chr6	all	2502	0	0.0
HG03834	chromosome	chr7	all	2905	0	0.0
HG03834	chromosome	chr8	all	2293	0	0.0
HG03834	chromosome	chr9	all	4205	0	0.0
HG03834	chromosome	chrX	all	1717	0	0.0
HG03834	haplotype	haplotype1	BND	6	0	0.0
HG03834	haplotype	haplotype2	BND	6	0	0.0
HG03834	haplotype	both	DEL	5567	0	0.0
HG03834	haplotype	haplotype1	DEL	12775	0	0.0
HG03834	haplotype	haplotype2	DEL	11745	0	0.0
HG03834	haplotype	haplotype1	DUP:TANDEM	18	0	0.0
HG03834	haplotype	haplotype2	DUP:TANDEM	7	0	0.0
HG03834	haplotype	both	INS	5092	0	0.0
HG03834	haplotype	haplotype1	INS	12670	0	0.0
HG03834	haplotype	haplotype2	INS	12135	0	0.0
HG03834	haplotype	both	INV	9	0	0.0
HG03834	haplotype	haplotype1	INV	9	0	0.0
HG03834	haplotype	haplotype2	INV	8	0	0.0
HG03834	haplotype	both	all	10668	0	0.0
HG03834	haplotype	haplotype1	all	25478	0	0.0
HG03834	haplotype	haplotype2	all	23901	0	0.0
HG03834	phasing	phased	all	60047	0	0.0
HG03834	size_class	small (<50bp)	BND	12	0	0.0
HG03834	size_class	large (500bp-5kb)	DEL	7124	0	0.0
HG03834	size_class	massive (>50kb)	DEL	65	0	0.0
HG03834	size_class	medium (50-500bp)	DEL	15089	0	0.0
HG03834	size_class	small (<50bp)	DEL	6959	0	0.0
HG03834	size_class	very_large (5kb-50kb)	DEL	850	0	0.0
HG03834	size_class	large (500bp-5kb)	DUP:TANDEM	17	0	0.0
HG03834	size_class	medium (50-500bp)	DUP:TANDEM	7	0	0.0
HG03834	size_class	very_large (5kb-50kb)	DUP:TANDEM	1	0	0.0
HG03834	size_class	large (500bp-5kb)	INS	6646	0	0.0
HG03834	size_class	massive (>50kb)	INS	79	0	0.0
HG03834	size_class	medium (50-500bp)	INS	15339	0	0.0
HG03834	size_class	small (<50bp)	INS	7051	0	0.0
HG03834	size_class	very_large (5kb-50kb)	INS	782	0	0.0
HG03834	size_class	small (<50bp)	INV	26	0	0.0
HG03834	size_class	large (500bp-5kb)	all	13787	0	0.0
HG03834	size_class	massive (>50kb)	all	144	0	0.0
HG03834	size_class	medium (50-500bp)	all	30435	0	0.0
HG03834	size_class	small (<50bp)	all	14048	0	0.0
HG03834	size_class	very_large (5kb-50kb)	all	1633	0	0.0
HG03834	sv_type	BND	BND	12	0	0.0
HG03834	sv_type	DEL	DEL	30087	29218724	971.1411573104664
HG03834	sv_type	DUP:TANDEM	DUP:TANDEM	25	29768	1190.72
HG03834	sv_type	INS	INS	29897	28617368	957.1986486938488
HG03834	sv_type	INV	INV	26	0	0.0
HG03834	total	all_svs	all	60047	57865860	963.676120372375
HG03834	zygosity	HET	BND	12	0	0.0
HG03834	zygosity	ALT_HOM	DEL	5567	0	0.0
HG03834	zygosity	HET	DEL	24520	0	0.0
HG03834	zygosity	HET	DUP:TANDEM	25	0	0.0
HG03834	zygosity	ALT_HOM	INS	5092	0	0.0
HG03834	zygosity	HET	INS	24805	0	0.0
HG03834	zygosity	ALT_HOM	INV	9	0	0.0
HG03834	zygosity	HET	INV	17	0	0.0
HG03834	zygosity	ALT_HOM	all	10668	0	0.0
HG03834	zygosity	HET	all	49379	0	0.0
HG04228	chromosome	chr1	DEL	3297	0	0.0
HG04228	chromosome	chr10	DEL	1288	0	0.0
HG04228	chromosome	chr11	DEL	1057	0	0.0
HG04228	chromosome	chr12	DEL	1075	0	0.0
HG04228	chromosome	chr13	DEL	969	0	0.0
HG04228	chromosome	chr14	DEL	1068	0	0.0
HG04228	chromosome	chr15	DEL	1252	0	0.0
HG04228	chromosome	chr16	DEL	1897	0	0.0
HG04228	chromosome	chr17	DEL	826	0	0.0
HG04228	chromosome	chr18	DEL	807	0	0.0
HG04228	chromosome	chr19	DEL	969	0	0.0
HG04228	chromosome	chr2	DEL	1646	0	0.0
HG04228	chromosome	chr20	DEL	1032	0	0.0
HG04228	chromosome	chr21	DEL	736	0	0.0
HG04228	chromosome	chr22	DEL	1218	0	0.0
HG04228	chromosome	chr3	DEL	1292	0	0.0
HG04228	chromosome	chr4	DEL	1595	0	0.0
HG04228	chromosome	chr5	DEL	1378	0	0.0
HG04228	chromosome	chr6	DEL	986	0	0.0
HG04228	chromosome	chr7	DEL	1429	0	0.0
HG04228	chromosome	chr8	DEL	1229	0	0.0
HG04228	chromosome	chr9	DEL	3133	0	0.0
HG04228	chromosome	chrX	DEL	490	0	0.0
HG04228	chromosome	chrY	DEL	379	0	0.0
HG04228	chromosome	chr1	INS	3219	0	0.0
HG04228	chromosome	chr10	INS	1277	0	0.0
HG04228	chromosome	chr11	INS	989	0	0.0
HG04228	chromosome	chr12	INS	1144	0	0.0
HG04228	chromosome	chr13	INS	960	0	0.0
HG04228	chromosome	chr14	INS	994	0	0.0
HG04228	chromosome	chr15	INS	1208	0	0.0
HG04228	chromosome	chr16	INS	1615	0	0.0
HG04228	chromosome	chr17	INS	836	0	0.0
HG04228	chromosome	chr18	INS	787	0	0.0
HG04228	chromosome	chr19	INS	902	0	0.0
HG04228	chromosome	chr2	INS	1692	0	0.0
HG04228	chromosome	chr20	INS	872	0	0.0
HG04228	chromosome	chr21	INS	798	0	0.0
HG04228	chromosome	chr22	INS	1191	0	0.0
HG04228	chromosome	chr3	INS	1337	0	0.0
HG04228	chromosome	chr4	INS	1613	0	0.0
HG04228	chromosome	chr5	INS	1385	0	0.0
HG04228	chromosome	chr6	INS	1214	0	0.0
HG04228	chromosome	chr7	INS	1405	0	0.0
HG04228	chromosome	chr8	INS	1105	0	0.0
HG04228	chromosome	chr9	INS	2947	0	0.0
HG04228	chromosome	chrX	INS	500	0	0.0
HG04228	chromosome	chrY	INS	359	0	0.0
HG04228	chromosome	chr1	all	6519	0	0.0
HG04228	chromosome	chr10	all	2568	0	0.0
HG04228	chromosome	chr11	all	2047	0	0.0
HG04228	chromosome	chr12	all	2220	0	0.0
HG04228	chromosome	chr13	all	1932	0	0.0
HG04228	chromosome	chr14	all	2066	0	0.0
HG04228	chromosome	chr15	all	2463	0	0.0
HG04228	chromosome	chr16	all	3517	0	0.0
HG04228	chromosome	chr17	all	1662	0	0.0
HG04228	chromosome	chr18	all	1594	0	0.0
HG04228	chromosome	chr19	all	1874	0	0.0
HG04228	chromosome	chr2	all	3341	0	0.0
HG04228	chromosome	chr20	all	1908	0	0.0
HG04228	chromosome	chr21	all	1535	0	0.0
HG04228	chromosome	chr22	all	2411	0	0.0
HG04228	chromosome	chr3	all	2631	0	0.0
HG04228	chromosome	chr4	all	3212	0	0.0
HG04228	chromosome	chr5	all	2769	0	0.0
HG04228	chromosome	chr6	all	2204	0	0.0
HG04228	chromosome	chr7	all	2837	0	0.0
HG04228	chromosome	chr8	all	2336	0	0.0
HG04228	chromosome	chr9	all	6089	0	0.0
HG04228	chromosome	chrX	all	990	0	0.0
HG04228	chromosome	chrY	all	743	0	0.0
HG04228	haplotype	haplotype1	BND	14	0	0.0
HG04228	haplotype	haplotype2	BND	12	0	0.0
HG04228	haplotype	both	DEL	5343	0	0.0
HG04228	haplotype	haplotype1	DEL	12607	0	0.0
HG04228	haplotype	haplotype2	DEL	13098	0	0.0
HG04228	haplotype	haplotype1	DUP:TANDEM	11	0	0.0
HG04228	haplotype	haplotype2	DUP:TANDEM	8	0	0.0
HG04228	haplotype	both	INS	4919	0	0.0
HG04228	haplotype	haplotype1	INS	12518	0	0.0
HG04228	haplotype	haplotype2	INS	12912	0	0.0
HG04228	haplotype	both	INV	6	0	0.0
HG04228	haplotype	haplotype1	INV	7	0	0.0
HG04228	haplotype	haplotype2	INV	13	0	0.0
HG04228	haplotype	both	all	10268	0	0.0
HG04228	haplotype	haplotype1	all	25157	0	0.0
HG04228	haplotype	haplotype2	all	26043	0	0.0
HG04228	phasing	phased	all	61468	0	0.0
HG04228	size_class	small (<50bp)	BND	26	0	0.0
HG04228	size_class	large (500bp-5kb)	DEL	7455	0	0.0
HG04228	size_class	massive (>50kb)	DEL	77	0	0.0
HG04228	size_class	medium (50-500bp)	DEL	15594	0	0.0
HG04228	size_class	small (<50bp)	DEL	7151	0	0.0
HG04228	size_class	very_large (5kb-50kb)	DEL	771	0	0.0
HG04228	size_class	large (500bp-5kb)	DUP:TANDEM	9	0	0.0
HG04228	size_class	massive (>50kb)	DUP:TANDEM	1	0	0.0
HG04228	size_class	medium (50-500bp)	DUP:TANDEM	9	0	0.0
HG04228	size_class	large (500bp-5kb)	INS	6812	0	0.0
HG04228	size_class	massive (>50kb)	INS	86	0	0.0
HG04228	size_class	medium (50-500bp)	INS	15513	0	0.0
HG04228	size_class	small (<50bp)	INS	7213	0	0.0
HG04228	size_class	very_large (5kb-50kb)	INS	725	0	0.0
HG04228	size_class	small (<50bp)	INV	26	0	0.0
HG04228	size_class	large (500bp-5kb)	all	14276	0	0.0
HG04228	size_class	massive (>50kb)	all	164	0	0.0
HG04228	size_class	medium (50-500bp)	all	31116	0	0.0
HG04228	size_class	small (<50bp)	all	14416	0	0.0
HG04228	size_class	very_large (5kb-50kb)	all	1496	0	0.0
HG04228	sv_type	BND	BND	26	0	0.0
HG04228	sv_type	DEL	DEL	31048	29539504	951.4140685390364
HG04228	sv_type	DUP:TANDEM	DUP:TANDEM	19	1049468	55235.15789473684
HG04228	sv_type	INS	INS	30349	29522924	972.7807835513526
HG04228	sv_type	INV	INV	26	0	0.0
HG04228	total	all_svs	all	61468	60111896	977.9380490661808
HG04228	zygosity	HET	BND	26	0	0.0
HG04228	zygosity	ALT_HOM	DEL	5343	0	0.0
HG04228	zygosity	HET	DEL	25705	0	0.0
HG04228	zygosity	HET	DUP:TANDEM	19	0	0.0
HG04228	zygosity	ALT_HOM	INS	4919	0	0.0
HG04228	zygosity	HET	INS	25430	0	0.0
HG04228	zygosity	ALT_HOM	INV	6	0	0.0
HG04228	zygosity	HET	INV	20	0	0.0
HG04228	zygosity	ALT_HOM	all	10268	0	0.0
HG04228	zygosity	HET	all	51200	0	0.0
HG06807	chromosome	chr1	DEL	2801	0	0.0
HG06807	chromosome	chr10	DEL	1571	0	0.0
HG06807	chromosome	chr11	DEL	1267	0	0.0
HG06807	chromosome	chr12	DEL	1251	0	0.0
HG06807	chromosome	chr13	DEL	1714	0	0.0
HG06807	chromosome	chr14	DEL	1272	0	0.0
HG06807	chromosome	chr15	DEL	1652	0	0.0
HG06807	chromosome	chr16	DEL	1945	0	0.0
HG06807	chromosome	chr17	DEL	1257	0	0.0
HG06807	chromosome	chr18	DEL	1165	0	0.0
HG06807	chromosome	chr19	DEL	1064	0	0.0
HG06807	chromosome	chr2	DEL	1976	0	0.0
HG06807	chromosome	chr20	DEL	1062	0	0.0
HG06807	chromosome	chr21	DEL	855	0	0.0
HG06807	chromosome	chr22	DEL	1429	0	0.0
HG06807	chromosome	chr3	DEL	2042	0	0.0
HG06807	chromosome	chr4	DEL	1346	0	0.0
HG06807	chromosome	chr5	DEL	1660	0	0.0
HG06807	chromosome	chr6	DEL	1277	0	0.0
HG06807	chromosome	chr7	DEL	1590	0	0.0
HG06807	chromosome	chr8	DEL	1442	0	0.0
HG06807	chromosome	chr9	DEL	2966	0	0.0
HG06807	chromosome	chrX	DEL	1102	0	0.0
HG06807	chromosome	chr1	INS	2763	0	0.0
HG06807	chromosome	chr10	INS	1503	0	0.0
HG06807	chromosome	chr11	INS	1155	0	0.0
HG06807	chromosome	chr12	INS	1290	0	0.0
HG06807	chromosome	chr13	INS	1631	0	0.0
HG06807	chromosome	chr14	INS	1283	0	0.0
HG06807	chromosome	chr15	INS	1559	0	0.0
HG06807	chromosome	chr16	INS	1623	0	0.0
HG06807	chromosome	chr17	INS	1098	0	0.0
HG06807	chromosome	chr18	INS	1066	0	0.0
HG06807	chromosome	chr19	INS	1049	0	0.0
HG06807	chromosome	chr2	INS	1985	0	0.0
HG06807	chromosome	chr20	INS	985	0	0.0
HG06807	chromosome	chr21	INS	929	0	0.0
HG06807	chromosome	chr22	INS	1263	0	0.0
HG06807	chromosome	chr3	INS	2223	0	0.0
HG06807	chromosome	chr4	INS	1561	0	0.0
HG06807	chromosome	chr5	INS	1529	0	0.0
HG06807	chromosome	chr6	INS	1460	0	0.0
HG06807	chromosome	chr7	INS	1411	0	0.0
HG06807	chromosome	chr8	INS	1433	0	0.0
HG06807	chromosome	chr9	INS	2893	0	0.0
HG06807	chromosome	chrX	INS	1080	0	0.0
HG06807	chromosome	chrY	INS	2	0	0.0
HG06807	chromosome	chr1	all	5572	0	0.0
HG06807	chromosome	chr10	all	3079	0	0.0
HG06807	chromosome	chr11	all	2428	0	0.0
HG06807	chromosome	chr12	all	2542	0	0.0
HG06807	chromosome	chr13	all	3347	0	0.0
HG06807	chromosome	chr14	all	2556	0	0.0
HG06807	chromosome	chr15	all	3212	0	0.0
HG06807	chromosome	chr16	all	3571	0	0.0
HG06807	chromosome	chr17	all	2362	0	0.0
HG06807	chromosome	chr18	all	2233	0	0.0
HG06807	chromosome	chr19	all	2116	0	0.0
HG06807	chromosome	chr2	all	3967	0	0.0
HG06807	chromosome	chr20	all	2049	0	0.0
HG06807	chromosome	chr21	all	1785	0	0.0
HG06807	chromosome	chr22	all	2693	0	0.0
HG06807	chromosome	chr3	all	4273	0	0.0
HG06807	chromosome	chr4	all	2909	0	0.0
HG06807	chromosome	chr5	all	3196	0	0.0
HG06807	chromosome	chr6	all	2742	0	0.0
HG06807	chromosome	chr7	all	3002	0	0.0
HG06807	chromosome	chr8	all	2878	0	0.0
HG06807	chromosome	chr9	all	5863	0	0.0
HG06807	chromosome	chrX	all	2186	0	0.0
HG06807	chromosome	chrY	all	2	0	0.0
HG06807	haplotype	both	BND	4	0	0.0
HG06807	haplotype	haplotype1	BND	6	0	0.0
HG06807	haplotype	haplotype2	BND	2	0	0.0
HG06807	haplotype	both	DEL	6113	0	0.0
HG06807	haplotype	haplotype1	DEL	14241	0	0.0
HG06807	haplotype	haplotype2	DEL	15352	0	0.0
HG06807	haplotype	haplotype1	DUP:TANDEM	18	0	0.0
HG06807	haplotype	haplotype2	DUP:TANDEM	17	0	0.0
HG06807	haplotype	both	INS	5631	0	0.0
HG06807	haplotype	haplotype1	INS	14264	0	0.0
HG06807	haplotype	haplotype2	INS	14879	0	0.0
HG06807	haplotype	both	INV	9	0	0.0
HG06807	haplotype	haplotype1	INV	16	0	0.0
HG06807	haplotype	haplotype2	INV	11	0	0.0
HG06807	haplotype	both	all	11757	0	0.0
HG06807	haplotype	haplotype1	all	28545	0	0.0
HG06807	haplotype	haplotype2	all	30261	0	0.0
HG06807	phasing	phased	all	70563	0	0.0
HG06807	size_class	small (<50bp)	BND	12	0	0.0
HG06807	size_class	large (500bp-5kb)	DEL	8141	0	0.0
HG06807	size_class	massive (>50kb)	DEL	66	0	0.0
HG06807	size_class	medium (50-500bp)	DEL	18205	0	0.0
HG06807	size_class	small (<50bp)	DEL	8531	0	0.0
HG06807	size_class	very_large (5kb-50kb)	DEL	763	0	0.0
HG06807	size_class	large (500bp-5kb)	DUP:TANDEM	25	0	0.0
HG06807	size_class	massive (>50kb)	DUP:TANDEM	1	0	0.0
HG06807	size_class	medium (50-500bp)	DUP:TANDEM	9	0	0.0
HG06807	size_class	large (500bp-5kb)	INS	7443	0	0.0
HG06807	size_class	massive (>50kb)	INS	110	0	0.0
HG06807	size_class	medium (50-500bp)	INS	18175	0	0.0
HG06807	size_class	small (<50bp)	INS	8399	0	0.0
HG06807	size_class	very_large (5kb-50kb)	INS	647	0	0.0
HG06807	size_class	small (<50bp)	INV	36	0	0.0
HG06807	size_class	large (500bp-5kb)	all	15609	0	0.0
HG06807	size_class	massive (>50kb)	all	177	0	0.0
HG06807	size_class	medium (50-500bp)	all	36389	0	0.0
HG06807	size_class	small (<50bp)	all	16978	0	0.0
HG06807	size_class	very_large (5kb-50kb)	all	1410	0	0.0
HG06807	sv_type	BND	BND	12	0	0.0
HG06807	sv_type	DEL	DEL	35706	29410218	823.6771971097295
HG06807	sv_type	DUP:TANDEM	DUP:TANDEM	35	431328	12323.657142857142
HG06807	sv_type	INS	INS	34774	30951361	890.0719215505837
HG06807	sv_type	INV	INV	36	0	0.0
HG06807	total	all_svs	all	70563	60792907	861.540850020549
HG06807	zygosity	ALT_HOM	BND	4	0	0.0
HG06807	zygosity	HET	BND	8	0	0.0
HG06807	zygosity	ALT_HOM	DEL	6113	0	0.0
HG06807	zygosity	HET	DEL	29593	0	0.0
HG06807	zygosity	HET	DUP:TANDEM	35	0	0.0
HG06807	zygosity	ALT_HOM	INS	5631	0	0.0
HG06807	zygosity	HET	INS	29143	0	0.0
HG06807	zygosity	ALT_HOM	INV	9	0	0.0
HG06807	zygosity	HET	INV	27	0	0.0
HG06807	zygosity	ALT_HOM	all	11757	0	0.0
HG06807	zygosity	HET	all	58806	0	0.0
NA18522	chromosome	chr1	DEL	2639	0	0.0
NA18522	chromosome	chr10	DEL	1644	0	0.0
NA18522	chromosome	chr11	DEL	1220	0	0.0
NA18522	chromosome	chr12	DEL	1278	0	0.0
NA18522	chromosome	chr13	DEL	1903	0	0.0
NA18522	chromosome	chr14	DEL	1272	0	0.0
NA18522	chromosome	chr15	DEL	1991	0	0.0
NA18522	chromosome	chr16	DEL	2572	0	0.0
NA18522	chromosome	chr17	DEL	1475	0	0.0
NA18522	chromosome	chr18	DEL	1134	0	0.0
NA18522	chromosome	chr19	DEL	920	0	0.0
NA18522	chromosome	chr2	DEL	2096	0	0.0
NA18522	chromosome	chr20	DEL	981	0	0.0
NA18522	chromosome	chr21	DEL	1077	0	0.0
NA18522	chromosome	chr22	DEL	1317	0	0.0
NA18522	chromosome	chr3	DEL	1824	0	0.0
NA18522	chromosome	chr4	DEL	1586	0	0.0
NA18522	chromosome	chr5	DEL	1615	0	0.0
NA18522	chromosome	chr6	DEL	1267	0	0.0
NA18522	chromosome	chr7	DEL	1553	0	0.0
NA18522	chromosome	chr8	DEL	1008	0	0.0
NA18522	chromosome	chr9	DEL	3408	0	0.0
NA18522	chromosome	chrX	DEL	671	0	0.0
NA18522	chromosome	chrY	DEL	506	0	0.0
NA18522	chromosome	chr1	INS	2742	0	0.0
NA18522	chromosome	chr10	INS	1422	0	0.0
NA18522	chromosome	chr11	INS	1155	0	0.0
NA18522	chromosome	chr12	INS	1326	0	0.0
NA18522	chromosome	chr13	INS	1751	0	0.0
NA18522	chromosome	chr14	INS	1251	0	0.0
NA18522	chromosome	chr15	INS	1907	0	0.0
NA18522	chromosome	chr16	INS	2342	0	0.0
NA18522	chromosome	chr17	INS	1135	0	0.0
NA18522	chromosome	chr18	INS	1108	0	0.0
NA18522	chromosome	chr19	INS	925	0	0.0
NA18522	chromosome	chr2	INS	1974	0	0.0
NA18522	chromosome	chr20	INS	930	0	0.0
NA18522	chromosome	chr21	INS	971	0	0.0
NA18522	chromosome	chr22	INS	1286	0	0.0
NA18522	chromosome	chr3	INS	1757	0	0.0
NA18522	chromosome	chr4	INS	1599	0	0.0
NA18522	chromosome	chr5	INS	1585	0	0.0
NA18522	chromosome	chr6	INS	1506	0	0.0
NA18522	chromosome	chr7	INS	1533	0	0.0
NA18522	chromosome	chr8	INS	1059	0	0.0
NA18522	chromosome	chr9	INS	3383	0	0.0
NA18522	chromosome	chrX	INS	669	0	0.0
NA18522	chromosome	chrY	INS	558	0	0.0
NA18522	chromosome	chr1	all	5386	0	0.0
NA18522	chromosome	chr10	all	3071	0	0.0
NA18522	chromosome	chr11	all	2379	0	0.0
NA18522	chromosome	chr12	all	2606	0	0.0
NA18522	chromosome	chr13	all	3657	0	0.0
NA18522	chromosome	chr14	all	2526	0	0.0
NA18522	chromosome	chr15	all	3898	0	0.0
NA18522	chromosome	chr16	all	4917	0	0.0
NA18522	chromosome	chr17	all	2612	0	0.0
NA18522	chromosome	chr18	all	2242	0	0.0
NA18522	chromosome	chr19	all	1845	0	0.0
NA18522	chromosome	chr2	all	4079	0	0.0
NA18522	chromosome	chr20	all	1911	0	0.0
NA18522	chromosome	chr21	all	2051	0	0.0
NA18522	chromosome	chr22	all	2604	0	0.0
NA18522	chromosome	chr3	all	3585	0	0.0
NA18522	chromosome	chr4	all	3188	0	0.0
NA18522	chromosome	chr5	all	3206	0	0.0
NA18522	chromosome	chr6	all	2777	0	0.0
NA18522	chromosome	chr7	all	3088	0	0.0
NA18522	chromosome	chr8	all	2069	0	0.0
NA18522	chromosome	chr9	all	6796	0	0.0
NA18522	chromosome	chrX	all	1343	0	0.0
NA18522	chromosome	chrY	all	1066	0	0.0
NA18522	haplotype	haplotype1	BND	4	0	0.0
NA18522	haplotype	haplotype2	BND	2	0	0.0
NA18522	haplotype	both	DEL	6282	0	0.0
NA18522	haplotype	haplotype1	DEL	15031	0	0.0
NA18522	haplotype	haplotype2	DEL	15644	0	0.0
NA18522	haplotype	haplotype1	DUP:TANDEM	9	0	0.0
NA18522	haplotype	haplotype2	DUP:TANDEM	16	0	0.0
NA18522	haplotype	both	INS	5532	0	0.0
NA18522	haplotype	haplotype1	INS	15127	0	0.0
NA18522	haplotype	haplotype2	INS	15215	0	0.0
NA18522	haplotype	both	INV	2	0	0.0
NA18522	haplotype	haplotype1	INV	18	0	0.0
NA18522	haplotype	haplotype2	INV	20	0	0.0
NA18522	haplotype	both	all	11816	0	0.0
NA18522	haplotype	haplotype1	all	30189	0	0.0
NA18522	haplotype	haplotype2	all	30897	0	0.0
NA18522	phasing	phased	all	72902	0	0.0
NA18522	size_class	small (<50bp)	BND	6	0	0.0
NA18522	size_class	large (500bp-5kb)	DEL	8366	0	0.0
NA18522	size_class	massive (>50kb)	DEL	76	0	0.0
NA18522	size_class	medium (50-500bp)	DEL	18693	0	0.0
NA18522	size_class	small (<50bp)	DEL	8935	0	0.0
NA18522	size_class	very_large (5kb-50kb)	DEL	887	0	0.0
NA18522	size_class	large (500bp-5kb)	DUP:TANDEM	19	0	0.0
NA18522	size_class	medium (50-500bp)	DUP:TANDEM	6	0	0.0
NA18522	size_class	large (500bp-5kb)	INS	7492	0	0.0
NA18522	size_class	massive (>50kb)	INS	90	0	0.0
NA18522	size_class	medium (50-500bp)	INS	18575	0	0.0
NA18522	size_class	small (<50bp)	INS	8998	0	0.0
NA18522	size_class	very_large (5kb-50kb)	INS	719	0	0.0
NA18522	size_class	small (<50bp)	INV	40	0	0.0
NA18522	size_class	large (500bp-5kb)	all	15877	0	0.0
NA18522	size_class	massive (>50kb)	all	166	0	0.0
NA18522	size_class	medium (50-500bp)	all	37274	0	0.0
NA18522	size_class	small (<50bp)	all	17979	0	0.0
NA18522	size_class	very_large (5kb-50kb)	all	1606	0	0.0
NA18522	sv_type	BND	BND	6	0	0.0
NA18522	sv_type	DEL	DEL	36957	32816390	887.9614146169873
NA18522	sv_type	DUP:TANDEM	DUP:TANDEM	25	28800	1152.0
NA18522	sv_type	INS	INS	35874	31375397	874.599905223839
NA18522	sv_type	INV	INV	40	0	0.0
NA18522	total	all_svs	all	72902	64220587	880.9166689528408
NA18522	zygosity	HET	BND	6	0	0.0
NA18522	zygosity	ALT_HOM	DEL	6282	0	0.0
NA18522	zygosity	HET	DEL	30675	0	0.0
NA18522	zygosity	HET	DUP:TANDEM	25	0	0.0
NA18522	zygosity	ALT_HOM	INS	5532	0	0.0
NA18522	zygosity	HET	INS	30342	0	0.0
NA18522	zygosity	ALT_HOM	INV	2	0	0.0
NA18522	zygosity	HET	INV	38	0	0.0
NA18522	zygosity	ALT_HOM	all	11816	0	0.0
NA18522	zygosity	HET	all	61086	0	0.0
NA18747	chromosome	chr1	DEL	2503	0	0.0
NA18747	chromosome	chr10	DEL	1529	0	0.0
NA18747	chromosome	chr11	DEL	954	0	0.0
NA18747	chromosome	chr12	DEL	1039	0	0.0
NA18747	chromosome	chr13	DEL	1473	0	0.0
NA18747	chromosome	chr14	DEL	925	0	0.0
NA18747	chromosome	chr15	DEL	1362	0	0.0
NA18747	chromosome	chr16	DEL	1993	0	0.0
NA18747	chromosome	chr17	DEL	863	0	0.0
NA18747	chromosome	chr18	DEL	1038	0	0.0
NA18747	chromosome	chr19	DEL	971	0	0.0
NA18747	chromosome	chr2	DEL	1709	0	0.0
NA18747	chromosome	chr20	DEL	919	0	0.0
NA18747	chromosome	chr21	DEL	781	0	0.0
NA18747	chromosome	chr22	DEL	1053	0	0.0
NA18747	chromosome	chr3	DEL	1411	0	0.0
NA18747	chromosome	chr4	DEL	1506	0	0.0
NA18747	chromosome	chr5	DEL	1297	0	0.0
NA18747	chromosome	chr6	DEL	972	0	0.0
NA18747	chromosome	chr7	DEL	1427	0	0.0
NA18747	chromosome	chr8	DEL	1211	0	0.0
NA18747	chromosome	chr9	DEL	3103	0	0.0
NA18747	chromosome	chrX	DEL	506	0	0.0
NA18747	chromosome	chrY	DEL	424	0	0.0
NA18747	chromosome	chr1	INS	2460	0	0.0
NA18747	chromosome	chr10	INS	1480	0	0.0
NA18747	chromosome	chr11	INS	947	0	0.0
NA18747	chromosome	chr12	INS	1123	0	0.0
NA18747	chromosome	chr13	INS	1305	0	0.0
NA18747	chromosome	chr14	INS	955	0	0.0
NA18747	chromosome	chr15	INS	1433	0	0.0
NA18747	chromosome	chr16	INS	1835	0	0.0
NA18747	chromosome	chr17	INS	883	0	0.0
NA18747	chromosome	chr18	INS	944	0	0.0
NA18747	chromosome	chr19	INS	992	0	0.0
NA18747	chromosome	chr2	INS	1677	0	0.0
NA18747	chromosome	chr20	INS	900	0	0.0
NA18747	chromosome	chr21	INS	879	0	0.0
NA18747	chromosome	chr22	INS	1059	0	0.0
NA18747	chromosome	chr3	INS	1491	0	0.0
NA18747	chromosome	chr4	INS	1567	0	0.0
NA18747	chromosome	chr5	INS	1461	0	0.0
NA18747	chromosome	chr6	INS	1242	0	0.0
NA18747	chromosome	chr7	INS	1384	0	0.0
NA18747	chromosome	chr8	INS	1246	0	0.0
NA18747	chromosome	chr9	INS	2925	0	0.0
NA18747	chromosome	chrX	INS	510	0	0.0
NA18747	chromosome	chrY	INS	517	0	0.0
NA18747	chromosome	chr1	all	4965	0	0.0
NA18747	chromosome	chr10	all	3012	0	0.0
NA18747	chromosome	chr11	all	1902	0	0.0
NA18747	chromosome	chr12	all	2164	0	0.0
NA18747	chromosome	chr13	all	2779	0	0.0
NA18747	chromosome	chr14	all	1883	0	0.0
NA18747	chromosome	chr15	all	2801	0	0.0
NA18747	chromosome	chr16	all	3830	0	0.0
NA18747	chromosome	chr17	all	1749	0	0.0
NA18747	chromosome	chr18	all	1983	0	0.0
NA18747	chromosome	chr19	all	1965	0	0.0
NA18747	chromosome	chr2	all	3390	0	0.0
NA18747	chromosome	chr20	all	1822	0	0.0
NA18747	chromosome	chr21	all	1661	0	0.0
NA18747	chromosome	chr22	all	2112	0	0.0
NA18747	chromosome	chr3	all	2906	0	0.0
NA18747	chromosome	chr4	all	3080	0	0.0
NA18747	chromosome	chr5	all	2765	0	0.0
NA18747	chromosome	chr6	all	2217	0	0.0
NA18747	chromosome	chr7	all	2812	0	0.0
NA18747	chromosome	chr8	all	2460	0	0.0
NA18747	chromosome	chr9	all	6049	0	0.0
NA18747	chromosome	chrX	all	1017	0	0.0
NA18747	chromosome	chrY	all	942	0	0.0
NA18747	haplotype	both	BND	2	0	0.0
NA18747	haplotype	haplotype1	BND	10	0	0.0
NA18747	haplotype	haplotype2	BND	12	0	0.0
NA18747	haplotype	both	DEL	6299	0	0.0
NA18747	haplotype	haplotype1	DEL	12617	0	0.0
NA18747	haplotype	haplotype2	DEL	12053	0	0.0
NA18747	haplotype	both	DUP:TANDEM	1	0	0.0
NA18747	haplotype	haplotype1	DUP:TANDEM	15	0	0.0
NA18747	haplotype	haplotype2	DUP:TANDEM	14	0	0.0
NA18747	haplotype	both	INS	5798	0	0.0
NA18747	haplotype	haplotype1	INS	12870	0	0.0
NA18747	haplotype	haplotype2	INS	12547	0	0.0
NA18747	haplotype	both	INV	7	0	0.0
NA18747	haplotype	haplotype1	INV	11	0	0.0
NA18747	haplotype	haplotype2	INV	10	0	0.0
NA18747	haplotype	both	all	12107	0	0.0
NA18747	haplotype	haplotype1	all	25523	0	0.0
NA18747	haplotype	haplotype2	all	24636	0	0.0
NA18747	phasing	phased	all	62266	0	0.0
NA18747	size_class	small (<50bp)	BND	24	0	0.0
NA18747	size_class	large (500bp-5kb)	DEL	7602	0	0.0
NA18747	size_class	massive (>50kb)	DEL	71	0	0.0
NA18747	size_class	medium (50-500bp)	DEL	15466	0	0.0
NA18747	size_class	small (<50bp)	DEL	6983	0	0.0
NA18747	size_class	very_large (5kb-50kb)	DEL	847	0	0.0
NA18747	size_class	large (500bp-5kb)	DUP:TANDEM	24	0	0.0
NA18747	size_class	medium (50-500bp)	DUP:TANDEM	6	0	0.0
NA18747	size_class	large (500bp-5kb)	INS	7402	0	0.0
NA18747	size_class	massive (>50kb)	INS	87	0	0.0
NA18747	size_class	medium (50-500bp)	INS	15712	0	0.0
NA18747	size_class	small (<50bp)	INS	7245	0	0.0
NA18747	size_class	very_large (5kb-50kb)	INS	769	0	0.0
NA18747	size_class	small (<50bp)	INV	28	0	0.0
NA18747	size_class	large (500bp-5kb)	all	15028	0	0.0
NA18747	size_class	massive (>50kb)	all	158	0	0.0
NA18747	size_class	medium (50-500bp)	all	31184	0	0.0
NA18747	size_class	small (<50bp)	all	14280	0	0.0
NA18747	size_class	very_large (5kb-50kb)	all	1616	0	0.0
NA18747	sv_type	BND	BND	24	0	0.0
NA18747	sv_type	DEL	DEL	30969	29966400	967.6256902063352
NA18747	sv_type	DUP:TANDEM	DUP:TANDEM	30	46707	1556.9
NA18747	sv_type	INS	INS	31215	30336144	971.8450744834214
NA18747	sv_type	INV	INV	28	0	0.0
NA18747	total	all_svs	all	62266	60349251	969.2167635627792
NA18747	zygosity	ALT_HOM	BND	2	0	0.0
NA18747	zygosity	HET	BND	22	0	0.0
NA18747	zygosity	ALT_HOM	DEL	6299	0	0.0
NA18747	zygosity	HET	DEL	24670	0	0.0
NA18747	zygosity	ALT_HOM	DUP:TANDEM	1	0	0.0
NA18747	zygosity	HET	DUP:TANDEM	29	0	0.0
NA18747	zygosity	ALT_HOM	INS	5798	0	0.0
NA18747	zygosity	HET	INS	25417	0	0.0
NA18747	zygosity	ALT_HOM	INV	7	0	0.0
NA18747	zygosity	HET	INV	21	0	0.0
NA18747	zygosity	ALT_HOM	all	12107	0	0.0
NA18747	zygosity	HET	all	50159	0	0.0
NA18948	chromosome	chr1	DEL	2613	0	0.0
NA18948	chromosome	chr10	DEL	1493	0	0.0
NA18948	chromosome	chr11	DEL	1035	0	0.0
NA18948	chromosome	chr12	DEL	1101	0	0.0
NA18948	chromosome	chr13	DEL	1338	0	0.0
NA18948	chromosome	chr14	DEL	1019	0	0.0
NA18948	chromosome	chr15	DEL	1293	0	0.0
NA18948	chromosome	chr16	DEL	1689	0	0.0
NA18948	chromosome	chr17	DEL	1423	0	0.0
NA18948	chromosome	chr18	DEL	859	0	0.0
NA18948	chromosome	chr19	DEL	837	0	0.0
NA18948	chromosome	chr2	DEL	1824	0	0.0
NA18948	chromosome	chr20	DEL	961	0	0.0
NA18948	chromosome	chr21	DEL	742	0	0.0
NA18948	chromosome	chr22	DEL	1171	0	0.0
NA18948	chromosome	chr3	DEL	1278	0	0.0
NA18948	chromosome	chr4	DEL	1473	0	0.0
NA18948	chromosome	chr5	DEL	1279	0	0.0
NA18948	chromosome	chr6	DEL	968	0	0.0
NA18948	chromosome	chr7	DEL	1362	0	0.0
NA18948	chromosome	chr8	DEL	1210	0	0.0
NA18948	chromosome	chr9	DEL	3066	0	0.0
NA18948	chromosome	chrX	DEL	512	0	0.0
NA18948	chromosome	chrY	DEL	512	0	0.0
NA18948	chromosome	chr1	INS	2643	0	0.0
NA18948	chromosome	chr10	INS	1356	0	0.0
NA18948	chromosome	chr11	INS	950	0	0.0
NA18948	chromosome	chr12	INS	1132	0	0.0
NA18948	chromosome	chr13	INS	1454	0	0.0
NA18948	chromosome	chr14	INS	985	0	0.0
NA18948	chromosome	chr15	INS	1166	0	0.0
NA18948	chromosome	chr16	INS	1454	0	0.0
NA18948	chromosome	chr17	INS	866	0	0.0
NA18948	chromosome	chr18	INS	816	0	0.0
NA18948	chromosome	chr19	INS	841	0	0.0
NA18948	chromosome	chr2	INS	1741	0	0.0
NA18948	chromosome	chr20	INS	863	0	0.0
NA18948	chromosome	chr21	INS	821	0	0.0
NA18948	chromosome	chr22	INS	1126	0	0.0
NA18948	chromosome	chr3	INS	1318	0	0.0
NA18948	chromosome	chr4	INS	1655	0	0.0
NA18948	chromosome	chr5	INS	1433	0	0.0
NA18948	chromosome	chr6	INS	1291	0	0.0
NA18948	chromosome	chr7	INS	1336	0	0.0
NA18948	chromosome	chr8	INS	1243	0	0.0
NA18948	chromosome	chr9	INS	2748	0	0.0
NA18948	chromosome	chrX	INS	509	0	0.0
NA18948	chromosome	chrY	INS	538	0	0.0
NA18948	chromosome	chr1	all	5260	0	0.0
NA18948	chromosome	chr10	all	2851	0	0.0
NA18948	chromosome	chr11	all	1987	0	0.0
NA18948	chromosome	chr12	all	2235	0	0.0
NA18948	chromosome	chr13	all	2794	0	0.0
NA18948	chromosome	chr14	all	2009	0	0.0
NA18948	chromosome	chr15	all	2461	0	0.0
NA18948	chromosome	chr16	all	3144	0	0.0
NA18948	chromosome	chr17	all	2292	0	0.0
NA18948	chromosome	chr18	all	1678	0	0.0
NA18948	chromosome	chr19	all	1679	0	0.0
NA18948	chromosome	chr2	all	3573	0	0.0
NA18948	chromosome	chr20	all	1825	0	0.0
NA18948	chromosome	chr21	all	1566	0	0.0
NA18948	chromosome	chr22	all	2299	0	0.0
NA18948	chromosome	chr3	all	2600	0	0.0
NA18948	chromosome	chr4	all	3128	0	0.0
NA18948	chromosome	chr5	all	2718	0	0.0
NA18948	chromosome	chr6	all	2264	0	0.0
NA18948	chromosome	chr7	all	2700	0	0.0
NA18948	chromosome	chr8	all	2457	0	0.0
NA18948	chromosome	chr9	all	5827	0	0.0
NA18948	chromosome	chrX	all	1022	0	0.0
NA18948	chromosome	chrY	all	1052	0	0.0
NA18948	haplotype	both	BND	2	0	0.0
NA18948	haplotype	haplotype1	BND	4	0	0.0
NA18948	haplotype	haplotype2	BND	14	0	0.0
NA18948	haplotype	both	DEL	6622	0	0.0
NA18948	haplotype	haplotype1	DEL	11053	0	0.0
NA18948	haplotype	haplotype2	DEL	13383	0	0.0
NA18948	haplotype	haplotype1	DUP:TANDEM	10	0	0.0
NA18948	haplotype	haplotype2	DUP:TANDEM	18	0	0.0
NA18948	haplotype	both	INS	6030	0	0.0
NA18948	haplotype	haplotype1	INS	11037	0	0.0
NA18948	haplotype	haplotype2	INS	13218	0	0.0
NA18948	haplotype	both	INV	5	0	0.0
NA18948	haplotype	haplotype1	INV	9	0	0.0
NA18948	haplotype	haplotype2	INV	16	0	0.0
NA18948	haplotype	both	all	12659	0	0.0
NA18948	haplotype	haplotype1	all	22113	0	0.0
NA18948	haplotype	haplotype2	all	26649	0	0.0
NA18948	phasing	phased	all	61421	0	0.0
NA18948	size_class	small (<50bp)	BND	20	0	0.0
NA18948	size_class	large (500bp-5kb)	DEL	7702	0	0.0
NA18948	size_class	massive (>50kb)	DEL	86	0	0.0
NA18948	size_class	medium (50-500bp)	DEL	15566	0	0.0
NA18948	size_class	small (<50bp)	DEL	6876	0	0.0
NA18948	size_class	very_large (5kb-50kb)	DEL	828	0	0.0
NA18948	size_class	large (500bp-5kb)	DUP:TANDEM	20	0	0.0
NA18948	size_class	medium (50-500bp)	DUP:TANDEM	5	0	0.0
NA18948	size_class	very_large (5kb-50kb)	DUP:TANDEM	3	0	0.0
NA18948	size_class	large (500bp-5kb)	INS	6950	0	0.0
NA18948	size_class	massive (>50kb)	INS	88	0	0.0
NA18948	size_class	medium (50-500bp)	INS	15351	0	0.0
NA18948	size_class	small (<50bp)	INS	7235	0	0.0
NA18948	size_class	very_large (5kb-50kb)	INS	661	0	0.0
NA18948	size_class	small (<50bp)	INV	30	0	0.0
NA18948	size_class	large (500bp-5kb)	all	14672	0	0.0
NA18948	size_class	massive (>50kb)	all	174	0	0.0
NA18948	size_class	medium (50-500bp)	all	30922	0	0.0
NA18948	size_class	small (<50bp)	all	14161	0	0.0
NA18948	size_class	very_large (5kb-50kb)	all	1492	0	0.0
NA18948	sv_type	BND	BND	20	0	0.0
NA18948	sv_type	DEL	DEL	31058	31165266	1003.4537317277352
NA18948	sv_type	DUP:TANDEM	DUP:TANDEM	28	71261	2545.035714285714
NA18948	sv_type	INS	INS	30285	27431794	905.7881459468384
NA18948	sv_type	INV	INV	30	0	0.0
NA18948	total	all_svs	all	61421	58668321	955.1834226079028
NA18948	zygosity	ALT_HOM	BND	2	0	0.0
NA18948	zygosity	HET	BND	18	0	0.0
NA18948	zygosity	ALT_HOM	DEL	6622	0	0.0
NA18948	zygosity	HET	DEL	24436	0	0.0
NA18948	zygosity	HET	DUP:TANDEM	28	0	0.0
NA18948	zygosity	ALT_HOM	INS	6030	0	0.0
NA18948	zygosity	HET	INS	24255	0	0.0
NA18948	zygosity	ALT_HOM	INV	5	0	0.0
NA18948	zygosity	HET	INV	25	0	0.0
NA18948	zygosity	ALT_HOM	all	12659	0	0.0
NA18948	zygosity	HET	all	48762	0	0.0
NA19043	chromosome	chr1	DEL	2424	0	0.0
NA19043	chromosome	chr10	DEL	1427	0	0.0
NA19043	chromosome	chr11	DEL	1193	0	0.0
NA19043	chromosome	chr12	DEL	1284	0	0.0
NA19043	chromosome	chr13	DEL	1292	0	0.0
NA19043	chromosome	chr14	DEL	1167	0	0.0
NA19043	chromosome	chr15	DEL	1590	0	0.0
NA19043	chromosome	chr16	DEL	1645	0	0.0
NA19043	chromosome	chr17	DEL	1340	0	0.0
NA19043	chromosome	chr18	DEL	1088	0	0.0
NA19043	chromosome	chr19	DEL	1064	0	0.0
NA19043	chromosome	chr2	DEL	1968	0	0.0
NA19043	chromosome	chr20	DEL	1213	0	0.0
NA19043	chromosome	chr21	DEL	1001	0	0.0
NA19043	chromosome	chr22	DEL	1347	0	0.0
NA19043	chromosome	chr3	DEL	2012	0	0.0
NA19043	chromosome	chr4	DEL	1350	0	0.0
NA19043	chromosome	chr5	DEL	1524	0	0.0
NA19043	chromosome	chr6	DEL	1265	0	0.0
NA19043	chromosome	chr7	DEL	1624	0	0.0
NA19043	chromosome	chr8	DEL	1553	0	0.0
NA19043	chromosome	chr9	DEL	2467	0	0.0
NA19043	chromosome	chrX	DEL	672	0	0.0
NA19043	chromosome	chrY	DEL	375	0	0.0
NA19043	chromosome	chr1	INS	2493	0	0.0
NA19043	chromosome	chr10	INS	1476	0	0.0
NA19043	chromosome	chr11	INS	1383	0	0.0
NA19043	chromosome	chr12	INS	1230	0	0.0
NA19043	chromosome	chr13	INS	1186	0	0.0
NA19043	chromosome	chr14	INS	1197	0	0.0
NA19043	chromosome	chr15	INS	1524	0	0.0
NA19043	chromosome	chr16	INS	1448	0	0.0
NA19043	chromosome	chr17	INS	1038	0	0.0
NA19043	chromosome	chr18	INS	1000	0	0.0
NA19043	chromosome	chr19	INS	1040	0	0.0
NA19043	chromosome	chr2	INS	1899	0	0.0
NA19043	chromosome	chr20	INS	995	0	0.0
NA19043	chromosome	chr21	INS	999	0	0.0
NA19043	chromosome	chr22	INS	1383	0	0.0
NA19043	chromosome	chr3	INS	1943	0	0.0
NA19043	chromosome	chr4	INS	1538	0	0.0
NA19043	chromosome	chr5	INS	1582	0	0.0
NA19043	chromosome	chr6	INS	1406	0	0.0
NA19043	chromosome	chr7	INS	1467	0	0.0
NA19043	chromosome	chr8	INS	1596	0	0.0
NA19043	chromosome	chr9	INS	2512	0	0.0
NA19043	chromosome	chrX	INS	656	0	0.0
NA19043	chromosome	chrY	INS	434	0	0.0
NA19043	chromosome	chr1	all	4920	0	0.0
NA19043	chromosome	chr10	all	2911	0	0.0
NA19043	chromosome	chr11	all	2579	0	0.0
NA19043	chromosome	chr12	all	2516	0	0.0
NA19043	chromosome	chr13	all	2481	0	0.0
NA19043	chromosome	chr14	all	2367	0	0.0
NA19043	chromosome	chr15	all	3115	0	0.0
NA19043	chromosome	chr16	all	3097	0	0.0
NA19043	chromosome	chr17	all	2382	0	0.0
NA19043	chromosome	chr18	all	2091	0	0.0
NA19043	chromosome	chr19	all	2106	0	0.0
NA19043	chromosome	chr2	all	3872	0	0.0
NA19043	chromosome	chr20	all	2210	0	0.0
NA19043	chromosome	chr21	all	2003	0	0.0
NA19043	chromosome	chr22	all	2732	0	0.0
NA19043	chromosome	chr3	all	3959	0	0.0
NA19043	chromosome	chr4	all	2890	0	0.0
NA19043	chromosome	chr5	all	3110	0	0.0
NA19043	chromosome	chr6	all	2677	0	0.0
NA19043	chromosome	chr7	all	3093	0	0.0
NA19043	chromosome	chr8	all	3152	0	0.0
NA19043	chromosome	chr9	all	4982	0	0.0
NA19043	chromosome	chrX	all	1330	0	0.0
NA19043	chromosome	chrY	all	810	0	0.0
NA19043	haplotype	both	BND	2	0	0.0
NA19043	haplotype	haplotype1	BND	6	0	0.0
NA19043	haplotype	both	DEL	6369	0	0.0
NA19043	haplotype	haplotype1	DEL	13687	0	0.0
NA19043	haplotype	haplotype2	DEL	13829	0	0.0
NA19043	haplotype	haplotype1	DUP:TANDEM	15	0	0.0
NA19043	haplotype	haplotype2	DUP:TANDEM	15	0	0.0
NA19043	haplotype	both	INS	5621	0	0.0
NA19043	haplotype	haplotype1	INS	13953	0	0.0
NA19043	haplotype	haplotype2	INS	13851	0	0.0
NA19043	haplotype	both	INV	7	0	0.0
NA19043	haplotype	haplotype1	INV	10	0	0.0
NA19043	haplotype	haplotype2	INV	20	0	0.0
NA19043	haplotype	both	all	11999	0	0.0
NA19043	haplotype	haplotype1	all	27671	0	0.0
NA19043	haplotype	haplotype2	all	27715	0	0.0
NA19043	phasing	phased	all	67385	0	0.0
NA19043	size_class	small (<50bp)	BND	8	0	0.0
NA19043	size_class	large (500bp-5kb)	DEL	7454	0	0.0
NA19043	size_class	massive (>50kb)	DEL	61	0	0.0
NA19043	size_class	medium (50-500bp)	DEL	17231	0	0.0
NA19043	size_class	small (<50bp)	DEL	8329	0	0.0
NA19043	size_class	very_large (5kb-50kb)	DEL	810	0	0.0
NA19043	size_class	large (500bp-5kb)	DUP:TANDEM	22	0	0.0
NA19043	size_class	medium (50-500bp)	DUP:TANDEM	7	0	0.0
NA19043	size_class	very_large (5kb-50kb)	DUP:TANDEM	1	0	0.0
NA19043	size_class	large (500bp-5kb)	INS	6533	0	0.0
NA19043	size_class	massive (>50kb)	INS	98	0	0.0
NA19043	size_class	medium (50-500bp)	INS	17666	0	0.0
NA19043	size_class	small (<50bp)	INS	8512	0	0.0
NA19043	size_class	very_large (5kb-50kb)	INS	616	0	0.0
NA19043	size_class	small (<50bp)	INV	37	0	0.0
NA19043	size_class	large (500bp-5kb)	all	14009	0	0.0
NA19043	size_class	massive (>50kb)	all	159	0	0.0
NA19043	size_class	medium (50-500bp)	all	34904	0	0.0
NA19043	size_class	small (<50bp)	all	16886	0	0.0
NA19043	size_class	very_large (5kb-50kb)	all	1427	0	0.0
NA19043	sv_type	BND	BND	8	0	0.0
NA19043	sv_type	DEL	DEL	33885	28625970	844.7976980965029
NA19043	sv_type	DUP:TANDEM	DUP:TANDEM	30	46344	1544.8
NA19043	sv_type	INS	INS	33425	27913247	835.1008825729244
NA19043	sv_type	INV	INV	37	0	0.0
NA19043	total	all_svs	all	67385	56585561	839.7352674927655
NA19043	zygosity	ALT_HOM	BND	2	0	0.0
NA19043	zygosity	HET	BND	6	0	0.0
NA19043	zygosity	ALT_HOM	DEL	6369	0	0.0
NA19043	zygosity	HET	DEL	27516	0	0.0
NA19043	zygosity	HET	DUP:TANDEM	30	0	0.0
NA19043	zygosity	ALT_HOM	INS	5621	0	0.0
NA19043	zygosity	HET	INS	27804	0	0.0
NA19043	zygosity	ALT_HOM	INV	7	0	0.0
NA19043	zygosity	HET	INV	30	0	0.0
NA19043	zygosity	ALT_HOM	all	11999	0	0.0
NA19043	zygosity	HET	all	55386	0	0.0
NA20503	chromosome	chr1	DEL	2541	0	0.0
NA20503	chromosome	chr10	DEL	1357	0	0.0
NA20503	chromosome	chr11	DEL	1005	0	0.0
NA20503	chromosome	chr12	DEL	1103	0	0.0
NA20503	chromosome	chr13	DEL	1323	0	0.0
NA20503	chromosome	chr14	DEL	970	0	0.0
NA20503	chromosome	chr15	DEL	1123	0	0.0
NA20503	chromosome	chr16	DEL	1567	0	0.0
NA20503	chromosome	chr17	DEL	829	0	0.0
NA20503	chromosome	chr18	DEL	1017	0	0.0
NA20503	chromosome	chr19	DEL	915	0	0.0
NA20503	chromosome	chr2	DEL	1638	0	0.0
NA20503	chromosome	chr20	DEL	999	0	0.0
NA20503	chromosome	chr21	DEL	861	0	0.0
NA20503	chromosome	chr22	DEL	1011	0	0.0
NA20503	chromosome	chr3	DEL	1241	0	0.0
NA20503	chromosome	chr4	DEL	1055	0	0.0
NA20503	chromosome	chr5	DEL	1214	0	0.0
NA20503	chromosome	chr6	DEL	988	0	0.0
NA20503	chromosome	chr7	DEL	1456	0	0.0
NA20503	chromosome	chr8	DEL	1211	0	0.0
NA20503	chromosome	chr9	DEL	3049	0	0.0
NA20503	chromosome	chrX	DEL	792	0	0.0
NA20503	chromosome	chrY	DEL	1	0	0.0
NA20503	chromosome	chr1	INS	2494	0	0.0
NA20503	chromosome	chr10	INS	1365	0	0.0
NA20503	chromosome	chr11	INS	902	0	0.0
NA20503	chromosome	chr12	INS	1127	0	0.0
NA20503	chromosome	chr13	INS	1173	0	0.0
NA20503	chromosome	chr14	INS	898	0	0.0
NA20503	chromosome	chr15	INS	1025	0	0.0
NA20503	chromosome	chr16	INS	1460	0	0.0
NA20503	chromosome	chr17	INS	749	0	0.0
NA20503	chromosome	chr18	INS	932	0	0.0
NA20503	chromosome	chr19	INS	836	0	0.0
NA20503	chromosome	chr2	INS	1623	0	0.0
NA20503	chromosome	chr20	INS	886	0	0.0
NA20503	chromosome	chr21	INS	865	0	0.0
NA20503	chromosome	chr22	INS	1002	0	0.0
NA20503	chromosome	chr3	INS	1168	0	0.0
NA20503	chromosome	chr4	INS	1280	0	0.0
NA20503	chromosome	chr5	INS	1286	0	0.0
NA20503	chromosome	chr6	INS	1262	0	0.0
NA20503	chromosome	chr7	INS	1307	0	0.0
NA20503	chromosome	chr8	INS	1238	0	0.0
NA20503	chromosome	chr9	INS	2870	0	0.0
NA20503	chromosome	chrX	INS	773	0	0.0
NA20503	chromosome	chr1	all	5040	0	0.0
NA20503	chromosome	chr10	all	2729	0	0.0
NA20503	chromosome	chr11	all	1910	0	0.0
NA20503	chromosome	chr12	all	2231	0	0.0
NA20503	chromosome	chr13	all	2499	0	0.0
NA20503	chromosome	chr14	all	1870	0	0.0
NA20503	chromosome	chr15	all	2149	0	0.0
NA20503	chromosome	chr16	all	3032	0	0.0
NA20503	chromosome	chr17	all	1581	0	0.0
NA20503	chromosome	chr18	all	1949	0	0.0
NA20503	chromosome	chr19	all	1758	0	0.0
NA20503	chromosome	chr2	all	3267	0	0.0
NA20503	chromosome	chr20	all	1888	0	0.0
NA20503	chromosome	chr21	all	1727	0	0.0
NA20503	chromosome	chr22	all	2015	0	0.0
NA20503	chromosome	chr3	all	2409	0	0.0
NA20503	chromosome	chr4	all	2336	0	0.0
NA20503	chromosome	chr5	all	2504	0	0.0
NA20503	chromosome	chr6	all	2254	0	0.0
NA20503	chromosome	chr7	all	2765	0	0.0
NA20503	chromosome	chr8	all	2453	0	0.0
NA20503	chromosome	chr9	all	5925	0	0.0
NA20503	chromosome	chrX	all	1568	0	0.0
NA20503	chromosome	chrY	all	1	0	0.0
NA20503	haplotype	haplotype1	BND	8	0	0.0
NA20503	haplotype	haplotype2	BND	6	0	0.0
NA20503	haplotype	both	DEL	5191	0	0.0
NA20503	haplotype	haplotype1	DEL	11800	0	0.0
NA20503	haplotype	haplotype2	DEL	12275	0	0.0
NA20503	haplotype	both	DUP:TANDEM	1	0	0.0
NA20503	haplotype	haplotype1	DUP:TANDEM	13	0	0.0
NA20503	haplotype	haplotype2	DUP:TANDEM	11	0	0.0
NA20503	haplotype	both	INS	4819	0	0.0
NA20503	haplotype	haplotype1	INS	11835	0	0.0
NA20503	haplotype	haplotype2	INS	11867	0	0.0
NA20503	haplotype	both	INV	6	0	0.0
NA20503	haplotype	haplotype1	INV	14	0	0.0
NA20503	haplotype	haplotype2	INV	14	0	0.0
NA20503	haplotype	both	all	10017	0	0.0
NA20503	haplotype	haplotype1	all	23670	0	0.0
NA20503	haplotype	haplotype2	all	24173	0	0.0
NA20503	phasing	phased	all	57860	0	0.0
NA20503	size_class	small (<50bp)	BND	14	0	0.0
NA20503	size_class	large (500bp-5kb)	DEL	6900	0	0.0
NA20503	size_class	massive (>50kb)	DEL	61	0	0.0
NA20503	size_class	medium (50-500bp)	DEL	14989	0	0.0
NA20503	size_class	small (<50bp)	DEL	6556	0	0.0
NA20503	size_class	very_large (5kb-50kb)	DEL	760	0	0.0
NA20503	size_class	large (500bp-5kb)	DUP:TANDEM	16	0	0.0
NA20503	size_class	medium (50-500bp)	DUP:TANDEM	9	0	0.0
NA20503	size_class	large (500bp-5kb)	INS	6573	0	0.0
NA20503	size_class	massive (>50kb)	INS	85	0	0.0
NA20503	size_class	medium (50-500bp)	INS	14666	0	0.0
NA20503	size_class	small (<50bp)	INS	6546	0	0.0
NA20503	size_class	very_large (5kb-50kb)	INS	651	0	0.0
NA20503	size_class	small (<50bp)	INV	34	0	0.0
NA20503	size_class	large (500bp-5kb)	all	13489	0	0.0
NA20503	size_class	massive (>50kb)	all	146	0	0.0
NA20503	size_class	medium (50-500bp)	all	29664	0	0.0
NA20503	size_class	small (<50bp)	all	13150	0	0.0
NA20503	size_class	very_large (5kb-50kb)	all	1411	0	0.0
NA20503	sv_type	BND	BND	14	0	0.0
NA20503	sv_type	DEL	DEL	29266	26512127	905.901968154172
NA20503	sv_type	DUP:TANDEM	DUP:TANDEM	25	21225	849.0
NA20503	sv_type	INS	INS	28521	27325483	958.0829213561937
NA20503	sv_type	INV	INV	34	0	0.0
NA20503	total	all_svs	all	57860	53858835	930.8474766678188
NA20503	zygosity	HET	BND	14	0	0.0
NA20503	zygosity	ALT_HOM	DEL	5191	0	0.0
NA20503	zygosity	HET	DEL	24075	0	0.0
NA20503	zygosity	ALT_HOM	DUP:TANDEM	1	0	0.0
NA20503	zygosity	HET	DUP:TANDEM	24	0	0.0
NA20503	zygosity	ALT_HOM	INS	4819	0	0.0
NA20503	zygosity	HET	INS	23702	0	0.0
NA20503	zygosity	ALT_HOM	INV	6	0	0.0
NA20503	zygosity	HET	INV	28	0	0.0
NA20503	zygosity	ALT_HOM	all	10017	0	0.0
NA20503	zygosity	HET	all	47843	0	0.0
NA20762	chromosome	chr1	DEL	2463	0	0.0
NA20762	chromosome	chr10	DEL	1269	0	0.0
NA20762	chromosome	chr11	DEL	1009	0	0.0
NA20762	chromosome	chr12	DEL	1046	0	0.0
NA20762	chromosome	chr13	DEL	1392	0	0.0
NA20762	chromosome	chr14	DEL	824	0	0.0
NA20762	chromosome	chr15	DEL	1825	0	0.0
NA20762	chromosome	chr16	DEL	2022	0	0.0
NA20762	chromosome	chr17	DEL	1316	0	0.0
NA20762	chromosome	chr18	DEL	789	0	0.0
NA20762	chromosome	chr19	DEL	873	0	0.0
NA20762	chromosome	chr2	DEL	1682	0	0.0
NA20762	chromosome	chr20	DEL	1044	0	0.0
NA20762	chromosome	chr21	DEL	621	0	0.0
NA20762	chromosome	chr22	DEL	774	0	0.0
NA20762	chromosome	chr3	DEL	1820	0	0.0
NA20762	chromosome	chr4	DEL	1043	0	0.0
NA20762	chromosome	chr5	DEL	1320	0	0.0
NA20762	chromosome	chr6	DEL	1022	0	0.0
NA20762	chromosome	chr7	DEL	1098	0	0.0
NA20762	chromosome	chr8	DEL	1153	0	0.0
NA20762	chromosome	chr9	DEL	2534	0	0.0
NA20762	chromosome	chrX	DEL	484	0	0.0
NA20762	chromosome	chrY	DEL	626	0	0.0
NA20762	chromosome	chr1	INS	2568	0	0.0
NA20762	chromosome	chr10	INS	1231	0	0.0
NA20762	chromosome	chr11	INS	899	0	0.0
NA20762	chromosome	chr12	INS	1030	0	0.0
NA20762	chromosome	chr13	INS	1276	0	0.0
NA20762	chromosome	chr14	INS	697	0	0.0
NA20762	chromosome	chr15	INS	1601	0	0.0
NA20762	chromosome	chr16	INS	1703	0	0.0
NA20762	chromosome	chr17	INS	897	0	0.0
NA20762	chromosome	chr18	INS	688	0	0.0
NA20762	chromosome	chr19	INS	689	0	0.0
NA20762	chromosome	chr2	INS	1526	0	0.0
NA20762	chromosome	chr20	INS	896	0	0.0
NA20762	chromosome	chr21	INS	662	0	0.0
NA20762	chromosome	chr22	INS	742	0	0.0
NA20762	chromosome	chr3	INS	1835	0	0.0
NA20762	chromosome	chr4	INS	1188	0	0.0
NA20762	chromosome	chr5	INS	1408	0	0.0
NA20762	chromosome	chr6	INS	1289	0	0.0
NA20762	chromosome	chr7	INS	1236	0	0.0
NA20762	chromosome	chr8	INS	1186	0	0.0
NA20762	chromosome	chr9	INS	1998	0	0.0
NA20762	chromosome	chrX	INS	499	0	0.0
NA20762	chromosome	chrY	INS	582	0	0.0
NA20762	chromosome	chr1	all	5037	0	0.0
NA20762	chromosome	chr10	all	2503	0	0.0
NA20762	chromosome	chr11	all	1910	0	0.0
NA20762	chromosome	chr12	all	2079	0	0.0
NA20762	chromosome	chr13	all	2670	0	0.0
NA20762	chromosome	chr14	all	1522	0	0.0
NA20762	chromosome	chr15	all	3426	0	0.0
NA20762	chromosome	chr16	all	3729	0	0.0
NA20762	chromosome	chr17	all	2214	0	0.0
NA20762	chromosome	chr18	all	1478	0	0.0
NA20762	chromosome	chr19	all	1565	0	0.0
NA20762	chromosome	chr2	all	3213	0	0.0
NA20762	chromosome	chr20	all	1946	0	0.0
NA20762	chromosome	chr21	all	1285	0	0.0
NA20762	chromosome	chr22	all	1516	0	0.0
NA20762	chromosome	chr3	all	3658	0	0.0
NA20762	chromosome	chr4	all	2232	0	0.0
NA20762	chromosome	chr5	all	2732	0	0.0
NA20762	chromosome	chr6	all	2312	0	0.0
NA20762	chromosome	chr7	all	2337	0	0.0
NA20762	chromosome	chr8	all	2341	0	0.0
NA20762	chromosome	chr9	all	4533	0	0.0
NA20762	chromosome	chrX	all	984	0	0.0
NA20762	chromosome	chrY	all	1210	0	0.0
NA20762	haplotype	haplotype1	BND	8	0	0.0
NA20762	haplotype	haplotype2	BND	6	0	0.0
NA20762	haplotype	both	DEL	5238	0	0.0
NA20762	haplotype	haplotype1	DEL	12099	0	0.0
NA20762	haplotype	haplotype2	DEL	12712	0	0.0
NA20762	haplotype	both	DUP:TANDEM	1	0	0.0
NA20762	haplotype	haplotype1	DUP:TANDEM	9	0	0.0
NA20762	haplotype	haplotype2	DUP:TANDEM	12	0	0.0
NA20762	haplotype	both	INS	4949	0	0.0
NA20762	haplotype	haplotype1	INS	11578	0	0.0
NA20762	haplotype	haplotype2	INS	11799	0	0.0
NA20762	haplotype	both	INV	4	0	0.0
NA20762	haplotype	haplotype1	INV	6	0	0.0
NA20762	haplotype	haplotype2	INV	11	0	0.0
NA20762	haplotype	both	all	10192	0	0.0
NA20762	haplotype	haplotype1	all	23700	0	0.0
NA20762	haplotype	haplotype2	all	24540	0	0.0
NA20762	phasing	phased	all	58432	0	0.0
NA20762	size_class	small (<50bp)	BND	14	0	0.0
NA20762	size_class	large (500bp-5kb)	DEL	8032	0	0.0
NA20762	size_class	massive (>50kb)	DEL	78	0	0.0
NA20762	size_class	medium (50-500bp)	DEL	14220	0	0.0
NA20762	size_class	small (<50bp)	DEL	6776	0	0.0
NA20762	size_class	very_large (5kb-50kb)	DEL	943	0	0.0
NA20762	size_class	large (500bp-5kb)	DUP:TANDEM	17	0	0.0
NA20762	size_class	medium (50-500bp)	DUP:TANDEM	5	0	0.0
NA20762	size_class	large (500bp-5kb)	INS	6890	0	0.0
NA20762	size_class	massive (>50kb)	INS	77	0	0.0
NA20762	size_class	medium (50-500bp)	INS	13966	0	0.0
NA20762	size_class	small (<50bp)	INS	6673	0	0.0
NA20762	size_class	very_large (5kb-50kb)	INS	720	0	0.0
NA20762	size_class	small (<50bp)	INV	21	0	0.0
NA20762	size_class	large (500bp-5kb)	all	14939	0	0.0
NA20762	size_class	massive (>50kb)	all	155	0	0.0
NA20762	size_class	medium (50-500bp)	all	28191	0	0.0
NA20762	size_class	small (<50bp)	all	13484	0	0.0
NA20762	size_class	very_large (5kb-50kb)	all	1663	0	0.0
NA20762	sv_type	BND	BND	14	0	0.0
NA20762	sv_type	DEL	DEL	30049	32257579	1073.4992512230024
NA20762	sv_type	DUP:TANDEM	DUP:TANDEM	22	20095	913.4090909090908
NA20762	sv_type	INS	INS	28326	28352238	1000.9262868036432
NA20762	sv_type	INV	INV	21	0	0.0
NA20762	total	all_svs	all	58432	60629912	1037.6148685651697
NA20762	zygosity	HET	BND	14	0	0.0
NA20762	zygosity	ALT_HOM	DEL	5238	0	0.0
NA20762	zygosity	HET	DEL	24811	0	0.0
NA20762	zygosity	ALT_HOM	DUP:TANDEM	1	0	0.0
NA20762	zygosity	HET	DUP:TANDEM	21	0	0.0
NA20762	zygosity	ALT_HOM	INS	4949	0	0.0
NA20762	zygosity	HET	INS	23377	0	0.0
NA20762	zygosity	ALT_HOM	INV	4	0	0.0
NA20762	zygosity	HET	INV	17	0	0.0
NA20762	zygosity	ALT_HOM	all	10192	0	0.0
NA20762	zygosity	HET	all	48240	0	0.0
NA20806	chromosome	chr1	DEL	2462	0	0.0
NA20806	chromosome	chr10	DEL	1285	0	0.0
NA20806	chromosome	chr11	DEL	1041	0	0.0
NA20806	chromosome	chr12	DEL	908	0	0.0
NA20806	chromosome	chr13	DEL	1458	0	0.0
NA20806	chromosome	chr14	DEL	889	0	0.0
NA20806	chromosome	chr15	DEL	1225	0	0.0
NA20806	chromosome	chr16	DEL	1692	0	0.0
NA20806	chromosome	chr17	DEL	839	0	0.0
NA20806	chromosome	chr18	DEL	936	0	0.0
NA20806	chromosome	chr19	DEL	922	0	0.0
NA20806	chromosome	chr2	DEL	1680	0	0.0
NA20806	chromosome	chr20	DEL	1002	0	0.0
NA20806	chromosome	chr21	DEL	763	0	0.0
NA20806	chromosome	chr22	DEL	1279	0	0.0
NA20806	chromosome	chr3	DEL	1639	0	0.0
NA20806	chromosome	chr4	DEL	1135	0	0.0
NA20806	chromosome	chr5	DEL	1241	0	0.0
NA20806	chromosome	chr6	DEL	990	0	0.0
NA20806	chromosome	chr7	DEL	1313	0	0.0
NA20806	chromosome	chr8	DEL	1116	0	0.0
NA20806	chromosome	chr9	DEL	3450	0	0.0
NA20806	chromosome	chrX	DEL	479	0	0.0
NA20806	chromosome	chrY	DEL	553	0	0.0
NA20806	chromosome	chr1	INS	2393	0	0.0
NA20806	chromosome	chr10	INS	1297	0	0.0
NA20806	chromosome	chr11	INS	937	0	0.0
NA20806	chromosome	chr12	INS	874	0	0.0
NA20806	chromosome	chr13	INS	1155	0	0.0
NA20806	chromosome	chr14	INS	680	0	0.0
NA20806	chromosome	chr15	INS	1204	0	0.0
NA20806	chromosome	chr16	INS	1437	0	0.0
NA20806	chromosome	chr17	INS	783	0	0.0
NA20806	chromosome	chr18	INS	831	0	0.0
NA20806	chromosome	chr19	INS	792	0	0.0
NA20806	chromosome	chr2	INS	1623	0	0.0
NA20806	chromosome	chr20	INS	920	0	0.0
NA20806	chromosome	chr21	INS	747	0	0.0
NA20806	chromosome	chr22	INS	1322	0	0.0
NA20806	chromosome	chr3	INS	1566	0	0.0
NA20806	chromosome	chr4	INS	1241	0	0.0
NA20806	chromosome	chr5	INS	1407	0	0.0
NA20806	chromosome	chr6	INS	1315	0	0.0
NA20806	chromosome	chr7	INS	1245	0	0.0
NA20806	chromosome	chr8	INS	1212	0	0.0
NA20806	chromosome	chr9	INS	3320	0	0.0
NA20806	chromosome	chrX	INS	493	0	0.0
NA20806	chromosome	chrY	INS	640	0	0.0
NA20806	chromosome	chr1	all	4860	0	0.0
NA20806	chromosome	chr10	all	2586	0	0.0
NA20806	chromosome	chr11	all	1980	0	0.0
NA20806	chromosome	chr12	all	1782	0	0.0
NA20806	chromosome	chr13	all	2614	0	0.0
NA20806	chromosome	chr14	all	1570	0	0.0
NA20806	chromosome	chr15	all	2430	0	0.0
NA20806	chromosome	chr16	all	3133	0	0.0
NA20806	chromosome	chr17	all	1623	0	0.0
NA20806	chromosome	chr18	all	1767	0	0.0
NA20806	chromosome	chr19	all	1715	0	0.0
NA20806	chromosome	chr2	all	3313	0	0.0
NA20806	chromosome	chr20	all	1927	0	0.0
NA20806	chromosome	chr21	all	1513	0	0.0
NA20806	chromosome	chr22	all	2602	0	0.0
NA20806	chromosome	chr3	all	3210	0	0.0
NA20806	chromosome	chr4	all	2380	0	0.0
NA20806	chromosome	chr5	all	2654	0	0.0
NA20806	chromosome	chr6	all	2307	0	0.0
NA20806	chromosome	chr7	all	2560	0	0.0
NA20806	chromosome	chr8	all	2333	0	0.0
NA20806	chromosome	chr9	all	6776	0	0.0
NA20806	chromosome	chrX	all	973	0	0.0
NA20806	chromosome	chrY	all	1196	0	0.0
NA20806	haplotype	haplotype1	BND	6	0	0.0
NA20806	haplotype	haplotype2	BND	4	0	0.0
NA20806	haplotype	both	DEL	5054	0	0.0
NA20806	haplotype	haplotype1	DEL	12504	0	0.0
NA20806	haplotype	haplotype2	DEL	12739	0	0.0
NA20806	haplotype	haplotype1	DUP:TANDEM	15	0	0.0
NA20806	haplotype	haplotype2	DUP:TANDEM	18	0	0.0
NA20806	haplotype	both	INS	4815	0	0.0
NA20806	haplotype	haplotype1	INS	11925	0	0.0
NA20806	haplotype	haplotype2	INS	12694	0	0.0
NA20806	haplotype	both	INV	6	0	0.0
NA20806	haplotype	haplotype1	INV	14	0	0.0
NA20806	haplotype	haplotype2	INV	10	0	0.0
NA20806	haplotype	both	all	9875	0	0.0
NA20806	haplotype	haplotype1	all	24464	0	0.0
NA20806	haplotype	haplotype2	all	25465	0	0.0
NA20806	phasing	phased	all	59804	0	0.0
NA20806	size_class	small (<50bp)	BND	10	0	0.0
NA20806	size_class	large (500bp-5kb)	DEL	8015	0	0.0
NA20806	size_class	massive (>50kb)	DEL	76	0	0.0
NA20806	size_class	medium (50-500bp)	DEL	14652	0	0.0
NA20806	size_class	small (<50bp)	DEL	6638	0	0.0
NA20806	size_class	very_large (5kb-50kb)	DEL	916	0	0.0
NA20806	size_class	large (500bp-5kb)	DUP:TANDEM	19	0	0.0
NA20806	size_class	medium (50-500bp)	DUP:TANDEM	14	0	0.0
NA20806	size_class	large (500bp-5kb)	INS	7081	0	0.0
NA20806	size_class	massive (>50kb)	INS	80	0	0.0
NA20806	size_class	medium (50-500bp)	INS	14581	0	0.0
NA20806	size_class	small (<50bp)	INS	6917	0	0.0
NA20806	size_class	very_large (5kb-50kb)	INS	775	0	0.0
NA20806	size_class	small (<50bp)	INV	30	0	0.0
NA20806	size_class	large (500bp-5kb)	all	15115	0	0.0
NA20806	size_class	massive (>50kb)	all	156	0	0.0
NA20806	size_class	medium (50-500bp)	all	29247	0	0.0
NA20806	size_class	small (<50bp)	all	13595	0	0.0
NA20806	size_class	very_large (5kb-50kb)	all	1691	0	0.0
NA20806	sv_type	BND	BND	10	0	0.0
NA20806	sv_type	DEL	DEL	30297	32017145	1056.776083440605
NA20806	sv_type	DUP:TANDEM	DUP:TANDEM	33	32347	980.2121212121212
NA20806	sv_type	INS	INS	29434	29650691	1007.3619283821432
NA20806	sv_type	INV	INV	30	0	0.0
NA20806	total	all_svs	all	59804	61700183	1031.706624974918
NA20806	zygosity	HET	BND	10	0	0.0
NA20806	zygosity	ALT_HOM	DEL	5054	0	0.0
NA20806	zygosity	HET	DEL	25243	0	0.0
NA20806	zygosity	HET	DUP:TANDEM	33	0	0.0
NA20806	zygosity	ALT_HOM	INS	4815	0	0.0
NA20806	zygosity	HET	INS	24619	0	0.0
NA20806	zygosity	ALT_HOM	INV	6	0	0.0
NA20806	zygosity	HET	INV	24	0	0.0
NA20806	zygosity	ALT_HOM	all	9875	0	0.0
NA20806	zygosity	HET	all	49929	0	0.0
NA20809	chromosome	chr1	DEL	2356	0	0.0
NA20809	chromosome	chr10	DEL	1418	0	0.0
NA20809	chromosome	chr11	DEL	1027	0	0.0
NA20809	chromosome	chr12	DEL	998	0	0.0
NA20809	chromosome	chr13	DEL	1116	0	0.0
NA20809	chromosome	chr14	DEL	845	0	0.0
NA20809	chromosome	chr15	DEL	1330	0	0.0
NA20809	chromosome	chr16	DEL	1206	0	0.0
NA20809	chromosome	chr17	DEL	830	0	0.0
NA20809	chromosome	chr18	DEL	711	0	0.0
NA20809	chromosome	chr19	DEL	895	0	0.0
NA20809	chromosome	chr2	DEL	1891	0	0.0
NA20809	chromosome	chr20	DEL	840	0	0.0
NA20809	chromosome	chr21	DEL	794	0	0.0
NA20809	chromosome	chr22	DEL	1076	0	0.0
NA20809	chromosome	chr3	DEL	1094	0	0.0
NA20809	chromosome	chr4	DEL	1162	0	0.0
NA20809	chromosome	chr5	DEL	1253	0	0.0
NA20809	chromosome	chr6	DEL	956	0	0.0
NA20809	chromosome	chr7	DEL	1340	0	0.0
NA20809	chromosome	chr8	DEL	1172	0	0.0
NA20809	chromosome	chr9	DEL	2460	0	0.0
NA20809	chromosome	chrX	DEL	447	0	0.0
NA20809	chromosome	chrY	DEL	509	0	0.0
NA20809	chromosome	chr1	INS	2404	0	0.0
NA20809	chromosome	chr10	INS	1455	0	0.0
NA20809	chromosome	chr11	INS	1202	0	0.0
NA20809	chromosome	chr12	INS	1099	0	0.0
NA20809	chromosome	chr13	INS	1142	0	0.0
NA20809	chromosome	chr14	INS	891	0	0.0
NA20809	chromosome	chr15	INS	1264	0	0.0
NA20809	chromosome	chr16	INS	1128	0	0.0
NA20809	chromosome	chr17	INS	914	0	0.0
NA20809	chromosome	chr18	INS	730	0	0.0
NA20809	chromosome	chr19	INS	789	0	0.0
NA20809	chromosome	chr2	INS	1770	0	0.0
NA20809	chromosome	chr20	INS	671	0	0.0
NA20809	chromosome	chr21	INS	816	0	0.0
NA20809	chromosome	chr22	INS	1007	0	0.0
NA20809	chromosome	chr3	INS	1186	0	0.0
NA20809	chromosome	chr4	INS	1300	0	0.0
NA20809	chromosome	chr5	INS	1331	0	0.0
NA20809	chromosome	chr6	INS	1289	0	0.0
NA20809	chromosome	chr7	INS	1308	0	0.0
NA20809	chromosome	chr8	INS	1307	0	0.0
NA20809	chromosome	chr9	INS	2346	0	0.0
NA20809	chromosome	chrX	INS	456	0	0.0
NA20809	chromosome	chrY	INS	550	0	0.0
NA20809	chromosome	chr1	all	4763	0	0.0
NA20809	chromosome	chr10	all	2881	0	0.0
NA20809	chromosome	chr11	all	2231	0	0.0
NA20809	chromosome	chr12	all	2098	0	0.0
NA20809	chromosome	chr13	all	2258	0	0.0
NA20809	chromosome	chr14	all	1738	0	0.0
NA20809	chromosome	chr15	all	2594	0	0.0
NA20809	chromosome	chr16	all	2336	0	0.0
NA20809	chromosome	chr17	all	1747	0	0.0
NA20809	chromosome	chr18	all	1442	0	0.0
NA20809	chromosome	chr19	all	1687	0	0.0
NA20809	chromosome	chr2	all	3672	0	0.0
NA20809	chromosome	chr20	all	1512	0	0.0
NA20809	chromosome	chr21	all	1611	0	0.0
NA20809	chromosome	chr22	all	2083	0	0.0
NA20809	chromosome	chr3	all	2282	0	0.0
NA20809	chromosome	chr4	all	2465	0	0.0
NA20809	chromosome	chr5	all	2593	0	0.0
NA20809	chromosome	chr6	all	2250	0	0.0
NA20809	chromosome	chr7	all	2650	0	0.0
NA20809	chromosome	chr8	all	2481	0	0.0
NA20809	chromosome	chr9	all	4808	0	0.0
NA20809	chromosome	chrX	all	905	0	0.0
NA20809	chromosome	chrY	all	1060	0	0.0
NA20809	haplotype	haplotype1	BND	6	0	0.0
NA20809	haplotype	haplotype2	BND	2	0	0.0
NA20809	haplotype	both	DEL	4697	0	0.0
NA20809	haplotype	haplotype1	DEL	12267	0	0.0
NA20809	haplotype	haplotype2	DEL	10762	0	0.0
NA20809	haplotype	haplotype1	DUP:TANDEM	19	0	0.0
NA20809	haplotype	haplotype2	DUP:TANDEM	8	0	0.0
NA20809	haplotype	both	INS	4596	0	0.0
NA20809	haplotype	haplotype1	INS	12911	0	0.0
NA20809	haplotype	haplotype2	INS	10848	0	0.0
NA20809	haplotype	both	INV	8	0	0.0
NA20809	haplotype	haplotype1	INV	12	0	0.0
NA20809	haplotype	haplotype2	INV	11	0	0.0
NA20809	haplotype	both	all	9301	0	0.0
NA20809	haplotype	haplotype1	all	25215	0	0.0
NA20809	haplotype	haplotype2	all	21631	0	0.0
NA20809	phasing	phased	all	56147	0	0.0
NA20809	size_class	small (<50bp)	BND	8	0	0.0
NA20809	size_class	large (500bp-5kb)	DEL	6577	0	0.0
NA20809	size_class	massive (>50kb)	DEL	37	0	0.0
NA20809	size_class	medium (50-500bp)	DEL	13707	0	0.0
NA20809	size_class	small (<50bp)	DEL	6426	0	0.0
NA20809	size_class	very_large (5kb-50kb)	DEL	979	0	0.0
NA20809	size_class	large (500bp-5kb)	DUP:TANDEM	18	0	0.0
NA20809	size_class	medium (50-500bp)	DUP:TANDEM	9	0	0.0
NA20809	size_class	large (500bp-5kb)	INS	6543	0	0.0
NA20809	size_class	massive (>50kb)	INS	104	0	0.0
NA20809	size_class	medium (50-500bp)	INS	14236	0	0.0
NA20809	size_class	small (<50bp)	INS	6620	0	0.0
NA20809	size_class	very_large (5kb-50kb)	INS	852	0	0.0
NA20809	size_class	small (<50bp)	INV	31	0	0.0
NA20809	size_class	large (500bp-5kb)	all	13138	0	0.0
NA20809	size_class	massive (>50kb)	all	141	0	0.0
NA20809	size_class	medium (50-500bp)	all	27952	0	0.0
NA20809	size_class	small (<50bp)	all	13085	0	0.0
NA20809	size_class	very_large (5kb-50kb)	all	1831	0	0.0
NA20809	sv_type	BND	BND	8	0	0.0
NA20809	sv_type	DEL	DEL	27726	27531740	992.9935800331818
NA20809	sv_type	DUP:TANDEM	DUP:TANDEM	27	27033	1001.2222222222222
NA20809	sv_type	INS	INS	28355	30945633	1091.3642391112678
NA20809	sv_type	INV	INV	31	0	0.0
NA20809	total	all_svs	all	56147	58504406	1041.986321620033
NA20809	zygosity	HET	BND	8	0	0.0
NA20809	zygosity	ALT_HOM	DEL	4697	0	0.0
NA20809	zygosity	HET	DEL	23029	0	0.0
NA20809	zygosity	HET	DUP:TANDEM	27	0	0.0
NA20809	zygosity	ALT_HOM	INS	4596	0	0.0
NA20809	zygosity	HET	INS	23759	0	0.0
NA20809	zygosity	ALT_HOM	INV	8	0	0.0
NA20809	zygosity	HET	INV	23	0	0.0
NA20809	zygosity	ALT_HOM	all	9301	0	0.0
NA20809	zygosity	HET	all	46846	0	0.0
NA20827	chromosome	chr1	DEL	4572	0	0.0
NA20827	chromosome	chr10	DEL	1293	0	0.0
NA20827	chromosome	chr11	DEL	1010	0	0.0
NA20827	chromosome	chr12	DEL	1117	0	0.0
NA20827	chromosome	chr13	DEL	1318	0	0.0
NA20827	chromosome	chr14	DEL	954	0	0.0
NA20827	chromosome	chr15	DEL	1449	0	0.0
NA20827	chromosome	chr16	DEL	2549	0	0.0
NA20827	chromosome	chr17	DEL	1096	0	0.0
NA20827	chromosome	chr18	DEL	973	0	0.0
NA20827	chromosome	chr19	DEL	803	0	0.0
NA20827	chromosome	chr2	DEL	1795	0	0.0
NA20827	chromosome	chr20	DEL	1010	0	0.0
NA20827	chromosome	chr21	DEL	851	0	0.0
NA20827	chromosome	chr22	DEL	1187	0	0.0
NA20827	chromosome	chr3	DEL	1506	0	0.0
NA20827	chromosome	chr4	DEL	1079	0	0.0
NA20827	chromosome	chr5	DEL	1285	0	0.0
NA20827	chromosome	chr6	DEL	1041	0	0.0
NA20827	chromosome	chr7	DEL	1310	0	0.0
NA20827	chromosome	chr8	DEL	1218	0	0.0
NA20827	chromosome	chr9	DEL	3264	0	0.0
NA20827	chromosome	chrX	DEL	525	0	0.0
NA20827	chromosome	chrY	DEL	370	0	0.0
NA20827	chromosome	chr1	INS	3681	0	0.0
NA20827	chromosome	chr10	INS	1367	0	0.0
NA20827	chromosome	chr11	INS	948	0	0.0
NA20827	chromosome	chr12	INS	1020	0	0.0
NA20827	chromosome	chr13	INS	1228	0	0.0
NA20827	chromosome	chr14	INS	919	0	0.0
NA20827	chromosome	chr15	INS	1272	0	0.0
NA20827	chromosome	chr16	INS	2356	0	0.0
NA20827	chromosome	chr17	INS	871	0	0.0
NA20827	chromosome	chr18	INS	841	0	0.0
NA20827	chromosome	chr19	INS	832	0	0.0
NA20827	chromosome	chr2	INS	1717	0	0.0
NA20827	chromosome	chr20	INS	820	0	0.0
NA20827	chromosome	chr21	INS	927	0	0.0
NA20827	chromosome	chr22	INS	1188	0	0.0
NA20827	chromosome	chr3	INS	1528	0	0.0
NA20827	chromosome	chr4	INS	1294	0	0.0
NA20827	chromosome	chr5	INS	1402	0	0.0
NA20827	chromosome	chr6	INS	1212	0	0.0
NA20827	chromosome	chr7	INS	1259	0	0.0
NA20827	chromosome	chr8	INS	1209	0	0.0
NA20827	chromosome	chr9	INS	2885	0	0.0
NA20827	chromosome	chrX	INS	500	0	0.0
NA20827	chromosome	chrY	INS	426	0	0.0
NA20827	chromosome	chr1	all	8259	0	0.0
NA20827	chromosome	chr10	all	2665	0	0.0
NA20827	chromosome	chr11	all	1960	0	0.0
NA20827	chromosome	chr12	all	2138	0	0.0
NA20827	chromosome	chr13	all	2546	0	0.0
NA20827	chromosome	chr14	all	1876	0	0.0
NA20827	chromosome	chr15	all	2722	0	0.0
NA20827	chromosome	chr16	all	4908	0	0.0
NA20827	chromosome	chr17	all	1967	0	0.0
NA20827	chromosome	chr18	all	1814	0	0.0
NA20827	chromosome	chr19	all	1637	0	0.0
NA20827	chromosome	chr2	all	3519	0	0.0
NA20827	chromosome	chr20	all	1836	0	0.0
NA20827	chromosome	chr21	all	1782	0	0.0
NA20827	chromosome	chr22	all	2376	0	0.0
NA20827	chromosome	chr3	all	3036	0	0.0
NA20827	chromosome	chr4	all	2377	0	0.0
NA20827	chromosome	chr5	all	2694	0	0.0
NA20827	chromosome	chr6	all	2260	0	0.0
NA20827	chromosome	chr7	all	2570	0	0.0
NA20827	chromosome	chr8	all	2428	0	0.0
NA20827	chromosome	chr9	all	6154	0	0.0
NA20827	chromosome	chrX	all	1026	0	0.0
NA20827	chromosome	chrY	all	800	0	0.0
NA20827	haplotype	haplotype1	BND	4	0	0.0
NA20827	haplotype	haplotype2	BND	2	0	0.0
NA20827	haplotype	both	DEL	5282	0	0.0
NA20827	haplotype	haplotype1	DEL	13179	0	0.0
NA20827	haplotype	haplotype2	DEL	15114	0	0.0
NA20827	haplotype	haplotype1	DUP:TANDEM	18	0	0.0
NA20827	haplotype	haplotype2	DUP:TANDEM	14	0	0.0
NA20827	haplotype	both	INS	4908	0	0.0
NA20827	haplotype	haplotype1	INS	12622	0	0.0
NA20827	haplotype	haplotype2	INS	14172	0	0.0
NA20827	haplotype	both	INV	4	0	0.0
NA20827	haplotype	haplotype1	INV	10	0	0.0
NA20827	haplotype	haplotype2	INV	21	0	0.0
NA20827	haplotype	both	all	10194	0	0.0
NA20827	haplotype	haplotype1	all	25833	0	0.0
NA20827	haplotype	haplotype2	all	29323	0	0.0
NA20827	phasing	phased	all	65350	0	0.0
NA20827	size_class	small (<50bp)	BND	6	0	0.0
NA20827	size_class	large (500bp-5kb)	DEL	9076	0	0.0
NA20827	size_class	massive (>50kb)	DEL	72	0	0.0
NA20827	size_class	medium (50-500bp)	DEL	16620	0	0.0
NA20827	size_class	small (<50bp)	DEL	6931	0	0.0
NA20827	size_class	very_large (5kb-50kb)	DEL	876	0	0.0
NA20827	size_class	large (500bp-5kb)	DUP:TANDEM	20	0	0.0
NA20827	size_class	medium (50-500bp)	DUP:TANDEM	12	0	0.0
NA20827	size_class	large (500bp-5kb)	INS	7799	0	0.0
NA20827	size_class	massive (>50kb)	INS	99	0	0.0
NA20827	size_class	medium (50-500bp)	INS	15927	0	0.0
NA20827	size_class	small (<50bp)	INS	7033	0	0.0
NA20827	size_class	very_large (5kb-50kb)	INS	844	0	0.0
NA20827	size_class	small (<50bp)	INV	35	0	0.0
NA20827	size_class	large (500bp-5kb)	all	16895	0	0.0
NA20827	size_class	massive (>50kb)	all	171	0	0.0
NA20827	size_class	medium (50-500bp)	all	32559	0	0.0
NA20827	size_class	small (<50bp)	all	14005	0	0.0
NA20827	size_class	very_large (5kb-50kb)	all	1720	0	0.0
NA20827	sv_type	BND	BND	6	0	0.0
NA20827	sv_type	DEL	DEL	33575	32764055	975.846760982874
NA20827	sv_type	DUP:TANDEM	DUP:TANDEM	32	40305	1259.53125
NA20827	sv_type	INS	INS	31702	33230212	1048.2055390827077
NA20827	sv_type	INV	INV	35	0	0.0
NA20827	total	all_svs	all	65350	66034572	1010.4754705432288
NA20827	zygosity	HET	BND	6	0	0.0
NA20827	zygosity	ALT_HOM	DEL	5282	0	0.0
NA20827	zygosity	HET	DEL	28293	0	0.0
NA20827	zygosity	HET	DUP:TANDEM	32	0	0.0
NA20827	zygosity	ALT_HOM	INS	4908	0	0.0
NA20827	zygosity	HET	INS	26794	0	0.0
NA20827	zygosity	ALT_HOM	INV	4	0	0.0
NA20827	zygosity	HET	INV	31	0	0.0
NA20827	zygosity	ALT_HOM	all	10194	0	0.0
NA20827	zygosity	HET	all	55156	0	0.0
