contig	color
contig-0000001	#009E73	chr3
contig-0000002	#009E73	chr3
contig-0000003	#CC79A7	chr4
contig-0000004	#E6AB23	chr8
contig-0000005	#567DE9	chr16
contig-0000006	#CC8DB3	chr11
contig-0000007	#CC8DB3	chr11
contig-0000008	#CC8DB3	chr11
contig-0000009	#CC8DB3	chr11
contig-0000010	#E69F00	chr1
contig-0000011	#E69F00	chr1
contig-0000012	#E69F00	chr1
contig-0000013	#E6B847	chr15
contig-0000014	#E6B847	chr15
contig-0000015	#567DE9	chr16
contig-0000016	#E6B847	chr15
contig-0000017	#666666	chr7
contig-0000018	#00A880	chr10
contig-0000019	#00A880	chr10
contig-0000020	#00A880	chr10
contig-0000021	#00A880	chr10
contig-0000022	#567DE9	chr16
contig-0000023	#567DE9	chr16
contig-0000024	#567DE9	chr16
contig-0000025	#666666	chr7
contig-0000026	#666666	chr7
contig-0000027	#E6AB23	chr8
contig-0000028	#E6AB23	chr8
contig-0000029	#E6AB23	chr8
contig-0000030	#E6AB23	chr8
contig-0000031	#567DE9	chr16
contig-0000032	#E6AB23	chr8
contig-0000033	#D57533	chr13
contig-0000034	#D57533	chr13
contig-0000035	#D57533	chr13
contig-0000036	#5699E9	chr9
contig-0000037	#5699E9	chr9
contig-0000038	#5699E9	chr9
contig-0000039	#5699E9	chr9
contig-0000040	#5699E9	chr9
contig-0000041	#5699E9	chr9
contig-0000042	#CC8DB3	chr11
contig-0000043	#00A880	chr10
contig-0000044	#00A880	chr10
contig-0000045	#00A880	chr10
contig-0000046	#009E73	chr3
contig-0000047	#009E73	chr3
contig-0000048	#009E73	chr3
contig-0000049	#009E73	chr3
contig-0000050	#009E73	chr3
contig-0000051	#D57533	chr13
contig-0000052	#D57533	chr13
contig-0000053	#CC8DB3	chr11
contig-0000054	#D57533	chr13
contig-0000055	#E6B847	chr15
contig-0000056	#E6B847	chr15
contig-0000057	#E6B847	chr15
contig-0000058	#0072B2	chr5
contig-0000059	#0072B2	chr5
contig-0000060	#CC8DB3	chr11
contig-0000061	#0072B2	chr5
contig-0000062	#E6AB23	chr8
contig-0000063	#E6AB23	chr8
contig-0000064	#56B4E9	chr2
contig-0000065	#56B4E9	chr2
contig-0000066	#56B4E9	chr2
contig-0000067	#5699E9	chr9
contig-0000068	#5699E9	chr9
contig-0000069	#5699E9	chr9
contig-0000070	#5699E9	chr9
contig-0000071	#CC8DB3	chr11
contig-0000072	#5699E9	chr9
contig-0000073	#56B4E9	chr2
contig-0000074	#56B4E9	chr2
contig-0000075	#56B4E9	chr2
contig-0000076	#737373	chr14
contig-0000077	#737373	chr14
contig-0000078	#737373	chr14
contig-0000079	#737373	chr14
contig-0000080	#737373	chr14
contig-0000081	#E6AB23	chr8
contig-0000082	#CC8DB3	chr11
contig-0000083	#E6AB23	chr8
contig-0000084	#E6AB23	chr8
contig-0000085	#E6AB23	chr8
contig-0000086	#E6AB23	chr8
contig-0000087	#CC8DB3	chr11
contig-0000088	#CC8DB3	chr11
contig-0000089	#CC8DB3	chr11
contig-0000090	#CC8DB3	chr11
contig-0000091	#CC8DB3	chr11
contig-0000092	#CC8DB3	chr11
contig-0000093	#CC8DB3	chr11
contig-0000094	#CC79A7	chr4
contig-0000095	#737373	chr14
contig-0000096	#567DE9	chr16
contig-0000097	#567DE9	chr16
contig-0000098	#567DE9	chr16
contig-0000099	#567DE9	chr16
contig-0000100	#CC79A7	chr4
contig-0000101	#CC79A7	chr4
contig-0000102	#CC79A7	chr4
contig-0000103	#E6AB23	chr8
contig-0000104	#CC8DB3	chr11
contig-0000105	#CC79A7	chr4
contig-0000106	#CC79A7	chr4
contig-0000107	#CCA0BF	chr18
contig-0000108	#CCA0BF	chr18
contig-0000109	#CCA0BF	chr18
contig-0000110	#56B4E9	chr2
contig-0000111	#56B4E9	chr2
contig-0000112	#CC8DB3	chr11
contig-0000113	#CC8DB3	chr11
contig-0000114	#CC8DB3	chr11
contig-0000115	#CC8DB3	chr11
contig-0000116	#D58C66	chr20
contig-0000117	#CC8DB3	chr11
contig-0000118	#666666	chr7
contig-0000119	#666666	chr7
contig-0000120	#666666	chr7
contig-0000121	#56B4E9	chr2
contig-0000122	#56B4E9	chr2
contig-0000123	#56B4E9	chr2
contig-0000124	#00B28C	chr17
contig-0000125	#CC8DB3	chr11
contig-0000126	#00B28C	chr17
contig-0000127	#00B28C	chr17
contig-0000128	#00B28C	chr17
contig-0000129	#00B28C	chr17
contig-0000130	#E6AB23	chr8
contig-0000131	#E6AB23	chr8
contig-0000132	#E6AB23	chr8
contig-0000133	#E6AB23	chr8
contig-0000134	#E6AB23	chr8
contig-0000135	#E6AB23	chr8
contig-0000136	#00A880	chr10
contig-0000137	#E6AB23	chr8
contig-0000138	#56B4E9	chr2
contig-0000139	#737373	chr14
contig-0000140	#1A7FBA	chr12
contig-0000141	#1A7FBA	chr12
contig-0000142	#1A7FBA	chr12
contig-0000143	#1A7FBA	chr12
contig-0000144	#567DE9	chr16
contig-0000145	#567DE9	chr16
contig-0000146	#567DE9	chr16
contig-0000147	#00A880	chr10
contig-0000148	#567DE9	chr16
contig-0000149	#567DE9	chr16
contig-0000150	#666666	chr7
contig-0000151	#666666	chr7
contig-0000152	#E6C47F	chr22
contig-0000153	#E6C47F	chr22
contig-0000154	#E6C47F	chr22
contig-0000155	#E6C47F	chr22
contig-0000156	#E6C47F	chr22
contig-0000157	#CC79A7	chr4
contig-0000158	#CC79A7	chr4
contig-0000159	#CC79A7	chr4
contig-0000160	#CC79A7	chr4
contig-0000161	#CC79A7	chr4
contig-0000162	#56B4E9	chr2
contig-0000163	#56B4E9	chr2
contig-0000164	#56B4E9	chr2
contig-0000165	#009E73	chr3
contig-0000166	#009E73	chr3
contig-0000167	#D58C66	chr20
contig-0000168	#567DE9	chr16
contig-0000169	#567DE9	chr16
contig-0000170	#567DE9	chr16
contig-0000171	#567DE9	chr16
contig-0000172	#567DE9	chr16
contig-0000173	#E6B847	chr15
contig-0000174	#E6B847	chr15
contig-0000175	#E6B847	chr15
contig-0000176	#00B28C	chr17
contig-0000177	#E6B847	chr15
contig-0000178	#E6B847	chr15
contig-0000179	#E6B847	chr15
contig-0000180	#E6B847	chr15
contig-0000181	#E6B847	chr15
contig-0000182	#1A7FBA	chr12
contig-0000183	#1A7FBA	chr12
contig-0000184	#1A7FBA	chr12
contig-0000185	#E6AB23	chr8
contig-0000186	#E6AB23	chr8
contig-0000187	#00B28C	chr17
contig-0000188	#E6AB23	chr8
contig-0000189	#E6AB23	chr8
contig-0000190	#E6AB23	chr8
contig-0000191	#E6AB23	chr8
contig-0000192	#56B4E9	chr2
contig-0000193	#56B4E9	chr2
contig-0000194	#56B4E9	chr2
contig-0000195	#CC79A7	chr4
contig-0000196	#CC79A7	chr4
contig-0000197	#CC79A7	chr4
contig-0000198	#00B28C	chr17
contig-0000199	#CC79A7	chr4
contig-0000200	#CC79A7	chr4
contig-0000201	#0072B2	chr5
contig-0000202	#0072B2	chr5
contig-0000203	#0072B2	chr5
contig-0000204	#0072B2	chr5
contig-0000205	#0072B2	chr5
contig-0000206	#567DE9	chr16
contig-0000207	#567DE9	chr16
contig-0000208	#567DE9	chr16
contig-0000209	#E6AB23	chr8
contig-0000210	#00B28C	chr17
contig-0000211	#CC8DB3	chr11
contig-0000212	#CC8DB3	chr11
contig-0000213	#56B4E9	chr2
contig-0000214	#56B4E9	chr2
contig-0000215	#56B4E9	chr2
contig-0000216	#5699E9	chr9
contig-0000217	#5699E9	chr9
contig-0000218	#5699E9	chr9
contig-0000219	#5699E9	chr9
contig-0000220	#00B28C	chr17
contig-0000221	#567DE9	chr16
contig-0000222	#567DE9	chr16
contig-0000223	#567DE9	chr16
contig-0000224	#567DE9	chr16
contig-0000225	#567DE9	chr16
contig-0000226	#666666	chr7
contig-0000227	#666666	chr7
contig-0000228	#666666	chr7
contig-0000229	#666666	chr7
contig-0000230	#5699E9	chr9
contig-0000231	#666666	chr7
contig-0000232	#56B4E9	chr2
contig-0000233	#56B4E9	chr2
contig-0000234	#56B4E9	chr2
contig-0000235	#666666	chr7
contig-0000236	#00A880	chr10
contig-0000237	#00A880	chr10
contig-0000238	#5699E9	chr9
contig-0000239	#5699E9	chr9
contig-0000240	#5699E9	chr9
contig-0000241	#E6AB23	chr8
contig-0000242	#5699E9	chr9
contig-0000243	#5699E9	chr9
contig-0000244	#0072B2	chr5
contig-0000245	#0072B2	chr5
contig-0000246	#0072B2	chr5
contig-0000247	#0072B2	chr5
contig-0000248	#0072B2	chr5
contig-0000249	#0072B2	chr5
contig-0000250	#0072B2	chr5
contig-0000251	#00B28C	chr17
contig-0000252	#D58C66	chr20
contig-0000253	#E6B847	chr15
contig-0000254	#E6B847	chr15
contig-0000255	#E6B847	chr15
contig-0000256	#E6AB23	chr8
contig-0000257	#E6AB23	chr8
contig-0000258	#E6AB23	chr8
contig-0000259	#E6AB23	chr8
contig-0000260	#D57533	chr13
contig-0000261	#E6AB23	chr8
contig-0000262	#CCA0BF	chr18
contig-0000263	#CCA0BF	chr18
contig-0000264	#CCA0BF	chr18
contig-0000265	#CCA0BF	chr18
contig-0000266	#CCA0BF	chr18
contig-0000267	#0072B2	chr5
contig-0000268	#0072B2	chr5
contig-0000269	#0072B2	chr5
contig-0000270	#0072B2	chr5
contig-0000271	#D57533	chr13
contig-0000272	#0072B2	chr5
contig-0000273	#E69F00	chr1
contig-0000274	#E69F00	chr1
contig-0000275	#666666	chr7
contig-0000276	#666666	chr7
contig-0000277	#1A7FBA	chr12
contig-0000278	#1A7FBA	chr12
contig-0000279	#1A7FBA	chr12
contig-0000280	#56B4E9	chr2
contig-0000281	#56B4E9	chr2
contig-0000282	#56B4E9	chr2
contig-0000283	#737373	chr14
contig-0000284	#737373	chr14
contig-0000285	#737373	chr14
contig-0000286	#5699E9	chr9
contig-0000287	#5699E9	chr9
contig-0000288	#5699E9	chr9
contig-0000289	#5699E9	chr9
contig-0000290	#5699E9	chr9
contig-0000291	#E6AB23	chr8
contig-0000292	#D57533	chr13
contig-0000293	#009E73	chr3
contig-0000294	#00A880	chr10
contig-0000295	#00A880	chr10
contig-0000296	#00A880	chr10
contig-0000297	#009E73	chr3
contig-0000298	#009E73	chr3
contig-0000299	#009E73	chr3
contig-0000300	#1A7FBA	chr12
contig-0000301	#D57533	chr13
contig-0000302	#009E73	chr3
contig-0000303	#009E73	chr3
contig-0000304	#009E73	chr3
contig-0000305	#567DE9	chr16
contig-0000306	#E6B847	chr15
contig-0000307	#E6B847	chr15
contig-0000308	#E6B847	chr15
contig-0000309	#E69F00	chr1
contig-0000310	#E69F00	chr1
contig-0000311	#00A880	chr10
contig-0000312	#D57533	chr13
contig-0000313	#E69F00	chr1
contig-0000314	#E69F00	chr1
contig-0000315	#E69F00	chr1
contig-0000316	#00A880	chr10
contig-0000317	#00A880	chr10
contig-0000318	#00A880	chr10
contig-0000319	#00A880	chr10
contig-0000320	#00A880	chr10
contig-0000321	#00A880	chr10
contig-0000322	#00A880	chr10
contig-0000323	#D57533	chr13
contig-0000324	#00A880	chr10
contig-0000325	#00A880	chr10
contig-0000326	#00A880	chr10
contig-0000327	#CC8DB3	chr11
contig-0000328	#CC8DB3	chr11
contig-0000329	#CC8DB3	chr11
contig-0000330	#CC8DB3	chr11
contig-0000331	#CC8DB3	chr11
contig-0000332	#CC8DB3	chr11
contig-0000333	#E6C47F	chr22
contig-0000334	#CC8DB3	chr11
contig-0000335	#CC8DB3	chr11
contig-0000336	#D57533	chr13
contig-0000337	#D57533	chr13
contig-0000338	#CC79A7	chr4
contig-0000339	#CC79A7	chr4
contig-0000340	#CC79A7	chr4
contig-0000341	#E69F00	chr1
contig-0000342	#E69F00	chr1
contig-0000343	#D57533	chr13
contig-0000344	#E69F00	chr1
contig-0000345	#E6AB23	chr8
contig-0000346	#E6AB23	chr8
contig-0000347	#E6AB23	chr8
contig-0000348	#E6AB23	chr8
contig-0000349	#E6AB23	chr8
contig-0000350	#E6AB23	chr8
contig-0000351	#E69F00	chr1
contig-0000352	#D57533	chr13
contig-0000353	#E69F00	chr1
contig-0000354	#E69F00	chr1
contig-0000355	#E69F00	chr1
contig-0000356	#E69F00	chr1
contig-0000357	#E69F00	chr1
contig-0000358	#00A880	chr10
contig-0000359	#00A880	chr10
contig-0000360	#00A880	chr10
contig-0000361	#CC8DB3	chr11
contig-0000362	#D57533	chr13
contig-0000363	#0072B2	chr5
contig-0000364	#0072B2	chr5
contig-0000365	#0072B2	chr5
contig-0000366	#009E73	chr3
contig-0000367	#009E73	chr3
contig-0000368	#009E73	chr3
contig-0000369	#567DE9	chr16
contig-0000370	#567DE9	chr16
contig-0000371	#D57533	chr13
contig-0000372	#567DE9	chr16
contig-0000373	#567DE9	chr16
contig-0000374	#338CC2	chr19
contig-0000375	#338CC2	chr19
contig-0000376	#338CC2	chr19
contig-0000377	#E69F00	chr1
contig-0000378	#E69F00	chr1
contig-0000379	#E69F00	chr1
contig-0000380	#E69F00	chr1
contig-0000381	#E69F00	chr1
contig-0000382	#D57533	chr13
contig-0000383	#1A7FBA	chr12
contig-0000384	#1A7FBA	chr12
contig-0000385	#1A7FBA	chr12
contig-0000386	#1A7FBA	chr12
contig-0000387	#8C564B	chrY
contig-0000388	#567DE9	chr16
contig-0000389	#CCA0BF	chr18
contig-0000390	#CCA0BF	chr18
contig-0000391	#D57533	chr13
contig-0000392	#CCA0BF	chr18
contig-0000393	#CCA0BF	chr18
contig-0000394	#CCA0BF	chr18
contig-0000395	#737373	chr14
contig-0000396	#737373	chr14
contig-0000397	#737373	chr14
contig-0000398	#737373	chr14
contig-0000399	#737373	chr14
contig-0000400	#5699E9	chr9
contig-0000401	#56B4E9	chr2
contig-0000402	#5699E9	chr9
contig-0000403	#56B4E9	chr2
contig-0000404	#009E73	chr3
contig-0000405	#009E73	chr3
contig-0000406	#009E73	chr3
contig-0000407	#009E73	chr3
contig-0000408	#009E73	chr3
contig-0000409	#E6AB23	chr8
contig-0000410	#E6AB23	chr8
contig-0000411	#E6AB23	chr8
contig-0000412	#00A880	chr10
contig-0000413	#56B4E9	chr2
contig-0000414	#737373	chr14
contig-0000415	#D57533	chr13
contig-0000416	#D57533	chr13
contig-0000417	#D57533	chr13
contig-0000418	#D55E00	chr6
contig-0000419	#D55E00	chr6
contig-0000420	#D55E00	chr6
contig-0000421	#D55E00	chr6
contig-0000422	#56B4E9	chr2
contig-0000423	#D55E00	chr6
contig-0000424	#009E73	chr3
contig-0000425	#009E73	chr3
contig-0000426	#009E73	chr3
contig-0000427	#56B4E9	chr2
contig-0000428	#56B4E9	chr2
contig-0000429	#56B4E9	chr2
contig-0000430	#D58C66	chr20
contig-0000431	#D58C66	chr20
contig-0000432	#D58C66	chr20
contig-0000433	#56B4E9	chr2
contig-0000434	#009E73	chr3
contig-0000435	#009E73	chr3
contig-0000436	#009E73	chr3
contig-0000437	#009E73	chr3
contig-0000438	#009E73	chr3
contig-0000439	#CC8DB3	chr11
contig-0000440	#CC8DB3	chr11
contig-0000441	#CC8DB3	chr11
contig-0000442	#CC8DB3	chr11
contig-0000443	#CC8DB3	chr11
contig-0000444	#56B4E9	chr2
contig-0000445	#5699E9	chr9
contig-0000446	#5699E9	chr9
contig-0000447	#5699E9	chr9
contig-0000448	#5699E9	chr9
contig-0000449	#5699E9	chr9
contig-0000450	#CC8DB3	chr11
contig-0000451	#CC8DB3	chr11
contig-0000452	#CC79A7	chr4
contig-0000453	#CC79A7	chr4
contig-0000454	#CC79A7	chr4
contig-0000455	#E69F00	chr1
contig-0000456	#CC79A7	chr4
contig-0000457	#CC79A7	chr4
contig-0000458	#E6AB23	chr8
contig-0000459	#E6AB23	chr8
contig-0000460	#E6AB23	chr8
contig-0000461	#E6AB23	chr8
contig-0000462	#E6AB23	chr8
contig-0000463	#E6AB23	chr8
contig-0000464	#E6AB23	chr8
contig-0000465	#CC79A7	chr4
contig-0000466	#E69F00	chr1
contig-0000467	#CC79A7	chr4
contig-0000468	#CC79A7	chr4
contig-0000469	#D55E00	chr6
contig-0000470	#D55E00	chr6
contig-0000471	#D55E00	chr6
contig-0000472	#00A880	chr10
contig-0000473	#00A880	chr10
contig-0000474	#00A880	chr10
contig-0000475	#00A880	chr10
contig-0000476	#00A880	chr10
contig-0000477	#00A880	chr10
contig-0000478	#00A880	chr10
contig-0000479	#00A880	chr10
contig-0000480	#00A880	chr10
contig-0000481	#737373	chr14
contig-0000482	#E69F00	chr1
contig-0000483	#E69F00	chr1
contig-0000484	#E69F00	chr1
contig-0000485	#E69F00	chr1
contig-0000486	#E69F00	chr1
contig-0000487	#E69F00	chr1
contig-0000488	#CC79A7	chr4
contig-0000489	#CC79A7	chr4
contig-0000490	#E6AB23	chr8
contig-0000491	#E6AB23	chr8
contig-0000492	#E6AB23	chr8
contig-0000493	#56B4E9	chr2
contig-0000494	#56B4E9	chr2
contig-0000495	#56B4E9	chr2
contig-0000496	#E69F00	chr1
contig-0000497	#56B4E9	chr2
contig-0000498	#56B4E9	chr2
contig-0000499	#E69F00	chr1
contig-0000500	#E69F00	chr1
contig-0000501	#E69F00	chr1
contig-0000502	#009E73	chr3
contig-0000503	#009E73	chr3
contig-0000504	#009E73	chr3
contig-0000505	#D57533	chr13
contig-0000506	#D57533	chr13
contig-0000507	#D57533	chr13
contig-0000508	#D57533	chr13
contig-0000509	#D57533	chr13
contig-0000510	#D57533	chr13
contig-0000511	#338CC2	chr19
contig-0000512	#338CC2	chr19
contig-0000513	#338CC2	chr19
contig-0000514	#338CC2	chr19
contig-0000515	#338CC2	chr19
contig-0000516	#D55E00	chr6
contig-0000517	#D55E00	chr6
contig-0000518	#00A880	chr10
contig-0000519	#808080	chr21
contig-0000520	#D55E00	chr6
contig-0000521	#0072B2	chr5
contig-0000522	#E6B847	chr15
contig-0000523	#E6B847	chr15
contig-0000524	#E6B847	chr15
contig-0000525	#E6B847	chr15
contig-0000526	#E6B847	chr15
contig-0000527	#567DE9	chr16
contig-0000528	#808080	chr21
contig-0000529	#567DE9	chr16
contig-0000530	#567DE9	chr16
contig-0000531	#567DE9	chr16
contig-0000532	#567DE9	chr16
contig-0000533	#CC8DB3	chr11
contig-0000534	#CC8DB3	chr11
contig-0000535	#CC8DB3	chr11
contig-0000536	#CC8DB3	chr11
contig-0000537	#CC8DB3	chr11
contig-0000538	#808080	chr21
contig-0000539	#CC8DB3	chr11
contig-0000540	#00B28C	chr17
contig-0000541	#00B28C	chr17
contig-0000542	#00B28C	chr17
contig-0000543	#D58C66	chr20
contig-0000544	#D58C66	chr20
contig-0000545	#D58C66	chr20
contig-0000546	#D58C66	chr20
contig-0000547	#D58C66	chr20
contig-0000548	#E69F00	chr1
contig-0000549	#E6C47F	chr22
contig-0000550	#338CC2	chr19
contig-0000551	#338CC2	chr19
contig-0000552	#338CC2	chr19
contig-0000553	#338CC2	chr19
contig-0000554	#338CC2	chr19
contig-0000555	#1A7FBA	chr12
contig-0000556	#1A7FBA	chr12
contig-0000557	#1A7FBA	chr12
contig-0000558	#1A7FBA	chr12
contig-0000559	#1A7FBA	chr12
contig-0000560	#808080	chr21
contig-0000561	#009E73	chr3
contig-0000562	#009E73	chr3
contig-0000563	#009E73	chr3
contig-0000564	#D57533	chr13
contig-0000565	#D57533	chr13
contig-0000566	#D57533	chr13
contig-0000567	#E6B847	chr15
contig-0000568	#E6B847	chr15
contig-0000569	#E6B847	chr15
contig-0000570	#E6B847	chr15
contig-0000571	#808080	chr21
contig-0000572	#E6B847	chr15
contig-0000573	#009E73	chr3
contig-0000574	#009E73	chr3
contig-0000575	#009E73	chr3
contig-0000576	#009E73	chr3
contig-0000577	#009E73	chr3
contig-0000578	#D57533	chr13
contig-0000579	#D57533	chr13
contig-0000580	#D57533	chr13
contig-0000581	#D57533	chr13
contig-0000582	#E6C47F	chr22
contig-0000583	#00B28C	chr17
contig-0000584	#00B28C	chr17
contig-0000585	#00B28C	chr17
contig-0000586	#CC8DB3	chr11
contig-0000587	#CC8DB3	chr11
contig-0000588	#E69F00	chr1
contig-0000589	#E69F00	chr1
contig-0000590	#E69F00	chr1
contig-0000591	#D57533	chr13
contig-0000592	#56B4E9	chr2
contig-0000593	#56B4E9	chr2
contig-0000594	#56B4E9	chr2
contig-0000595	#567DE9	chr16
contig-0000596	#567DE9	chr16
contig-0000597	#567DE9	chr16
contig-0000598	#E6AB23	chr8
contig-0000599	#E6AB23	chr8
contig-0000600	#E6C47F	chr22
contig-0000601	#E6AB23	chr8
contig-0000602	#E6AB23	chr8
contig-0000603	#E6AB23	chr8
contig-0000604	#E6AB23	chr8
contig-0000605	#0072B2	chr5
contig-0000606	#0072B2	chr5
contig-0000607	#0072B2	chr5
contig-0000608	#E6B847	chr15
contig-0000609	#E6B847	chr15
contig-0000610	#E6B847	chr15
contig-0000611	#D57533	chr13
contig-0000612	#E6B847	chr15
contig-0000613	#E6B847	chr15
contig-0000614	#CC79A7	chr4
contig-0000615	#CC79A7	chr4
contig-0000616	#CC79A7	chr4
contig-0000617	#CC79A7	chr4
contig-0000618	#CC79A7	chr4
contig-0000619	#E69F00	chr1
contig-0000620	#E69F00	chr1
contig-0000621	#E69F00	chr1
contig-0000622	#00A880	chr10
contig-0000623	#D57533	chr13
contig-0000624	#56B4E9	chr2
contig-0000625	#56B4E9	chr2
contig-0000626	#56B4E9	chr2
contig-0000627	#56B4E9	chr2
contig-0000628	#56B4E9	chr2
contig-0000629	#56B4E9	chr2
contig-0000630	#56B4E9	chr2
contig-0000631	#56B4E9	chr2
contig-0000632	#56B4E9	chr2
contig-0000633	#D55E00	chr6
contig-0000634	#E6C47F	chr22
contig-0000635	#D55E00	chr6
contig-0000636	#D55E00	chr6
contig-0000637	#D55E00	chr6
contig-0000638	#D55E00	chr6
contig-0000639	#56B4E9	chr2
contig-0000640	#56B4E9	chr2
contig-0000641	#56B4E9	chr2
contig-0000642	#00A880	chr10
contig-0000643	#D57533	chr13
contig-0000644	#00A880	chr10
contig-0000645	#D57533	chr13
contig-0000646	#D57533	chr13
contig-0000647	#D57533	chr13
contig-0000648	#E6C47F	chr22
contig-0000649	#E6C47F	chr22
contig-0000650	#E6C47F	chr22
contig-0000651	#5699E9	chr9
contig-0000652	#5699E9	chr9
contig-0000653	#5699E9	chr9
contig-0000654	#D57533	chr13
contig-0000655	#5699E9	chr9
contig-0000656	#E6B847	chr15
contig-0000657	#E6B847	chr15
contig-0000658	#E6B847	chr15
contig-0000659	#E6B847	chr15
contig-0000660	#E6B847	chr15
contig-0000661	#00A880	chr10
contig-0000662	#00B28C	chr17
contig-0000663	#00B28C	chr17
contig-0000664	#00B28C	chr17
contig-0000665	#D55E00	chr6
contig-0000666	#D55E00	chr6
contig-0000667	#D55E00	chr6
contig-0000668	#9467BD	chrX
contig-0000669	#8C564B	chrY
contig-0000670	#8C564B	chrY
contig-0000671	#D57533	chr13
contig-0000672	#D57533	chr13
contig-0000673	#D55E00	chr6
contig-0000674	#D57533	chr13
contig-0000675	#D55E00	chr6
contig-0000676	#D55E00	chr6
contig-0000677	#D55E00	chr6
contig-0000678	#D55E00	chr6
contig-0000679	#D55E00	chr6
contig-0000680	#D58C66	chr20
contig-0000681	#D58C66	chr20
contig-0000682	#D58C66	chr20
contig-0000683	#D58C66	chr20
contig-0000684	#D58C66	chr20
contig-0000685	#D57533	chr13
contig-0000686	#D55E00	chr6
contig-0000687	#D55E00	chr6
contig-0000688	#D55E00	chr6
contig-0000689	#D55E00	chr6
contig-0000690	#D55E00	chr6
contig-0000691	#D55E00	chr6
contig-0000692	#D55E00	chr6
contig-0000693	#D55E00	chr6
contig-0000694	#D57533	chr13
contig-0000695	#D55E00	chr6
contig-0000696	#56B4E9	chr2
contig-0000697	#56B4E9	chr2
contig-0000698	#56B4E9	chr2
contig-0000699	#E69F00	chr1
contig-0000700	#E69F00	chr1
contig-0000701	#E69F00	chr1
contig-0000702	#666666	chr7
contig-0000703	#666666	chr7
contig-0000704	#666666	chr7
contig-0000705	#808080	chr21
contig-0000706	#666666	chr7
contig-0000707	#666666	chr7
contig-0000708	#D57533	chr13
contig-0000709	#D57533	chr13
contig-0000710	#D57533	chr13
contig-0000711	#009E73	chr3
contig-0000712	#009E73	chr3
contig-0000713	#009E73	chr3
contig-0000714	#009E73	chr3
contig-0000715	#009E73	chr3
contig-0000716	#D57533	chr13
contig-0000717	#338CC2	chr19
contig-0000718	#338CC2	chr19
contig-0000719	#338CC2	chr19
contig-0000720	#338CC2	chr19
contig-0000721	#338CC2	chr19
contig-0000722	#CC8DB3	chr11
contig-0000723	#CC8DB3	chr11
contig-0000724	#CC8DB3	chr11
contig-0000725	#0072B2	chr5
contig-0000726	#0072B2	chr5
contig-0000727	#00A880	chr10
contig-0000728	#D57533	chr13
contig-0000729	#0072B2	chr5
contig-0000730	#0072B2	chr5
contig-0000731	#D57533	chr13
contig-0000732	#CC79A7	chr4
contig-0000733	#E69F00	chr1
contig-0000734	#E69F00	chr1
contig-0000735	#E69F00	chr1
contig-0000736	#E69F00	chr1
contig-0000737	#E69F00	chr1
contig-0000738	#E69F00	chr1
contig-0000739	#E6B847	chr15
contig-0000740	#E69F00	chr1
contig-0000741	#E69F00	chr1
contig-0000742	#D55E00	chr6
contig-0000743	#D55E00	chr6
contig-0000744	#D55E00	chr6
contig-0000745	#D55E00	chr6
contig-0000746	#D55E00	chr6
contig-0000747	#CC8DB3	chr11
contig-0000748	#CC8DB3	chr11
contig-0000749	#CC8DB3	chr11
contig-0000750	#D57533	chr13
contig-0000751	#808080	chr21
contig-0000752	#808080	chr21
contig-0000753	#808080	chr21
contig-0000754	#00B28C	chr17
contig-0000755	#00B28C	chr17
contig-0000756	#00B28C	chr17
contig-0000757	#666666	chr7
contig-0000758	#666666	chr7
contig-0000759	#666666	chr7
contig-0000760	#CC79A7	chr4
contig-0000761	#D57533	chr13
contig-0000762	#CC79A7	chr4
contig-0000763	#CC79A7	chr4
contig-0000764	#E69F00	chr1
contig-0000765	#D55E00	chr6
contig-0000766	#D55E00	chr6
contig-0000767	#56B4E9	chr2
contig-0000768	#56B4E9	chr2
contig-0000769	#56B4E9	chr2
contig-0000770	#56B4E9	chr2
contig-0000771	#0072B2	chr5
contig-0000772	#56B4E9	chr2
contig-0000773	#CC79A7	chr4
contig-0000774	#CC79A7	chr4
contig-0000775	#CC79A7	chr4
contig-0000776	#CC79A7	chr4
contig-0000777	#CC79A7	chr4
contig-0000778	#D58C66	chr20
contig-0000779	#D58C66	chr20
contig-0000780	#D58C66	chr20
contig-0000781	#009E73	chr3
contig-0000782	#0072B2	chr5
contig-0000783	#009E73	chr3
contig-0000784	#009E73	chr3
contig-0000785	#00A880	chr10
contig-0000786	#00A880	chr10
contig-0000787	#00A880	chr10
contig-0000788	#00A880	chr10
contig-0000789	#00A880	chr10
contig-0000790	#E6C47F	chr22
contig-0000791	#E6AB23	chr8
contig-0000792	#E6AB23	chr8
contig-0000793	#0072B2	chr5
contig-0000794	#E6AB23	chr8
contig-0000795	#E6AB23	chr8
contig-0000796	#E6AB23	chr8
contig-0000797	#E69F00	chr1
contig-0000798	#E69F00	chr1
contig-0000799	#E69F00	chr1
contig-0000800	#E69F00	chr1
contig-0000801	#E69F00	chr1
contig-0000802	#00B28C	chr17
contig-0000803	#00B28C	chr17
contig-0000804	#0072B2	chr5
contig-0000805	#00B28C	chr17
contig-0000806	#00B28C	chr17
contig-0000807	#00B28C	chr17
contig-0000808	#CC8DB3	chr11
contig-0000809	#CC8DB3	chr11
contig-0000810	#CC8DB3	chr11
contig-0000811	#CC8DB3	chr11
contig-0000812	#CC8DB3	chr11
contig-0000813	#808080	chr21
contig-0000814	#808080	chr21
contig-0000815	#0072B2	chr5
contig-0000816	#808080	chr21
contig-0000817	#808080	chr21
contig-0000818	#808080	chr21
contig-0000819	#00B28C	chr17
contig-0000820	#00B28C	chr17
contig-0000821	#00B28C	chr17
contig-0000822	#00B28C	chr17
contig-0000823	#00B28C	chr17
contig-0000824	#56B4E9	chr2
contig-0000825	#56B4E9	chr2
contig-0000826	#737373	chr14
contig-0000827	#56B4E9	chr2
contig-0000828	#56B4E9	chr2
contig-0000829	#56B4E9	chr2
contig-0000830	#56B4E9	chr2
contig-0000831	#56B4E9	chr2
contig-0000832	#56B4E9	chr2
contig-0000833	#56B4E9	chr2
contig-0000834	#338CC2	chr19
contig-0000835	#338CC2	chr19
contig-0000836	#D55E00	chr6
contig-0000837	#737373	chr14
contig-0000838	#338CC2	chr19
contig-0000839	#338CC2	chr19
contig-0000840	#338CC2	chr19
contig-0000841	#1A7FBA	chr12
contig-0000842	#1A7FBA	chr12
contig-0000843	#1A7FBA	chr12
contig-0000844	#1A7FBA	chr12
contig-0000845	#1A7FBA	chr12
contig-0000846	#1A7FBA	chr12
contig-0000847	#1A7FBA	chr12
contig-0000848	#338CC2	chr19
contig-0000849	#1A7FBA	chr12
contig-0000850	#1A7FBA	chr12
contig-0000851	#D57533	chr13
contig-0000852	#D57533	chr13
contig-0000853	#D57533	chr13
contig-0000854	#D57533	chr13
contig-0000855	#D57533	chr13
contig-0000856	#E6AB23	chr8
contig-0000857	#E6AB23	chr8
contig-0000858	#E6AB23	chr8
contig-0000859	#338CC2	chr19
contig-0000860	#E6B847	chr15
contig-0000861	#E6B847	chr15
contig-0000862	#E6B847	chr15
contig-0000863	#5699E9	chr9
contig-0000864	#808080	chr21
contig-0000865	#808080	chr21
contig-0000866	#808080	chr21
contig-0000867	#009E73	chr3
contig-0000868	#338CC2	chr19
contig-0000869	#009E73	chr3
contig-0000870	#009E73	chr3
contig-0000871	#56B4E9	chr2
contig-0000872	#56B4E9	chr2
contig-0000873	#56B4E9	chr2
contig-0000874	#56B4E9	chr2
contig-0000875	#56B4E9	chr2
contig-0000876	#56B4E9	chr2
contig-0000877	#338CC2	chr19
contig-0000878	#CC79A7	chr4
contig-0000879	#CC79A7	chr4
contig-0000880	#CC79A7	chr4
contig-0000881	#CC79A7	chr4
contig-0000882	#CC79A7	chr4
contig-0000883	#E69F00	chr1
contig-0000884	#E69F00	chr1
contig-0000885	#E69F00	chr1
contig-0000886	#808080	chr21
contig-0000887	#CC79A7	chr4
contig-0000888	#CC79A7	chr4
contig-0000889	#CC79A7	chr4
contig-0000890	#808080	chr21
contig-0000891	#567DE9	chr16
contig-0000892	#567DE9	chr16
contig-0000893	#567DE9	chr16
contig-0000894	#567DE9	chr16
contig-0000895	#808080	chr21
contig-0000896	#666666	chr7
contig-0000897	#666666	chr7
contig-0000898	#666666	chr7
contig-0000899	#666666	chr7
contig-0000900	#666666	chr7
contig-0000901	#567DE9	chr16
contig-0000902	#567DE9	chr16
contig-0000903	#567DE9	chr16
contig-0000904	#567DE9	chr16
contig-0000905	#567DE9	chr16
contig-0000906	#808080	chr21
contig-0000907	#567DE9	chr16
contig-0000908	#567DE9	chr16
contig-0000909	#E6AB23	chr8
contig-0000910	#E6AB23	chr8
contig-0000911	#E6AB23	chr8
contig-0000912	#5699E9	chr9
contig-0000913	#56B4E9	chr2
contig-0000914	#56B4E9	chr2
contig-0000915	#808080	chr21
contig-0000916	#56B4E9	chr2
contig-0000917	#56B4E9	chr2
contig-0000918	#56B4E9	chr2
contig-0000919	#666666	chr7
contig-0000920	#666666	chr7
contig-0000921	#666666	chr7
contig-0000922	#00B28C	chr17
contig-0000923	#00B28C	chr17
contig-0000924	#00B28C	chr17
contig-0000925	#00B28C	chr17
contig-0000926	#808080	chr21
contig-0000927	#00B28C	chr17
contig-0000928	#56B4E9	chr2
contig-0000929	#56B4E9	chr2
contig-0000930	#56B4E9	chr2
contig-0000931	#E6C47F	chr22
contig-0000932	#E6C47F	chr22
contig-0000933	#E6C47F	chr22
contig-0000934	#E6C47F	chr22
contig-0000935	#E6C47F	chr22
contig-0000936	#00A880	chr10
contig-0000937	#D55E00	chr6
contig-0000938	#808080	chr21
contig-0000939	#0072B2	chr5
contig-0000940	#0072B2	chr5
contig-0000941	#0072B2	chr5
contig-0000942	#CC8DB3	chr11
contig-0000943	#0072B2	chr5
contig-0000944	#0072B2	chr5
contig-0000945	#0072B2	chr5
contig-0000946	#0072B2	chr5
contig-0000947	#CCA0BF	chr18
contig-0000948	#808080	chr21
contig-0000949	#E6C47F	chr22
contig-0000950	#E6C47F	chr22
contig-0000951	#E6C47F	chr22
contig-0000952	#E6C47F	chr22
contig-0000953	#E6C47F	chr22
contig-0000954	#009E73	chr3
contig-0000955	#009E73	chr3
contig-0000956	#009E73	chr3
contig-0000957	#5699E9	chr9
contig-0000958	#5699E9	chr9
contig-0000959	#5699E9	chr9
contig-0000960	#5699E9	chr9
contig-0000961	#5699E9	chr9
contig-0000962	#56B4E9	chr2
contig-0000963	#56B4E9	chr2
contig-0000964	#56B4E9	chr2
contig-0000965	#56B4E9	chr2
contig-0000966	#56B4E9	chr2
contig-0000967	#808080	chr21
contig-0000968	#56B4E9	chr2
contig-0000969	#56B4E9	chr2
contig-0000970	#D55E00	chr6
contig-0000971	#D55E00	chr6
contig-0000972	#D55E00	chr6
contig-0000973	#1A7FBA	chr12
contig-0000974	#1A7FBA	chr12
contig-0000975	#1A7FBA	chr12
contig-0000976	#1A7FBA	chr12
contig-0000977	#1A7FBA	chr12
contig-0000978	#E6B847	chr15
contig-0000979	#E69F00	chr1
contig-0000980	#E69F00	chr1
contig-0000981	#E69F00	chr1
contig-0000982	#E69F00	chr1
contig-0000983	#E69F00	chr1
contig-0000984	#666666	chr7
contig-0000985	#666666	chr7
contig-0000986	#666666	chr7
contig-0000987	#666666	chr7
contig-0000988	#666666	chr7
contig-0000989	#56B4E9	chr2
contig-0000990	#56B4E9	chr2
contig-0000991	#56B4E9	chr2
contig-0000992	#009E73	chr3
contig-0000993	#009E73	chr3
contig-0000994	#009E73	chr3
contig-0000995	#009E73	chr3
contig-0000996	#009E73	chr3
contig-0000997	#737373	chr14
contig-0000998	#808080	chr21
contig-0000999	#737373	chr14
contig-0001000	#737373	chr14
contig-0001001	#737373	chr14
contig-0001002	#737373	chr14
contig-0001003	#D58C66	chr20
contig-0001004	#D58C66	chr20
contig-0001005	#D58C66	chr20
contig-0001006	#D58C66	chr20
contig-0001007	#D58C66	chr20
contig-0001008	#CC8DB3	chr11
contig-0001009	#D57533	chr13
contig-0001010	#CC8DB3	chr11
contig-0001011	#CC8DB3	chr11
contig-0001012	#CC8DB3	chr11
contig-0001013	#CC8DB3	chr11
contig-0001014	#CC8DB3	chr11
contig-0001015	#CC8DB3	chr11
contig-0001016	#E69F00	chr1
contig-0001017	#E69F00	chr1
contig-0001018	#E69F00	chr1
contig-0001019	#E69F00	chr1
contig-0001020	#E6C47F	chr22
contig-0001021	#E69F00	chr1
contig-0001022	#00A880	chr10
contig-0001023	#00A880	chr10
contig-0001024	#00A880	chr10
contig-0001025	#00A880	chr10
contig-0001026	#00A880	chr10
contig-0001027	#00A880	chr10
contig-0001028	#009E73	chr3
contig-0001029	#D57533	chr13
contig-0001030	#009E73	chr3
contig-0001031	#009E73	chr3
contig-0001032	#009E73	chr3
contig-0001033	#666666	chr7
contig-0001034	#666666	chr7
contig-0001035	#666666	chr7
contig-0001036	#567DE9	chr16
contig-0001037	#567DE9	chr16
contig-0001038	#567DE9	chr16
contig-0001039	#CC79A7	chr4
contig-0001040	#D55E00	chr6
contig-0001041	#567DE9	chr16
contig-0001042	#737373	chr14
contig-0001043	#737373	chr14
contig-0001044	#D55E00	chr6
contig-0001045	#D55E00	chr6
contig-0001046	#D55E00	chr6
contig-0001047	#00B28C	chr17
contig-0001048	#00B28C	chr17
contig-0001049	#00B28C	chr17
contig-0001050	#D57533	chr13
contig-0001051	#CC79A7	chr4
contig-0001052	#CC79A7	chr4
contig-0001053	#CC79A7	chr4
contig-0001054	#D57533	chr13
contig-0001055	#D57533	chr13
contig-0001056	#D57533	chr13
contig-0001057	#D55E00	chr6
contig-0001058	#D57533	chr13
contig-0001059	#D55E00	chr6
contig-0001060	#D55E00	chr6
contig-0001061	#0072B2	chr5
contig-0001062	#0072B2	chr5
contig-0001063	#0072B2	chr5
contig-0001064	#0072B2	chr5
contig-0001065	#0072B2	chr5
contig-0001066	#737373	chr14
contig-0001067	#737373	chr14
contig-0001068	#00B28C	chr17
contig-0001069	#D57533	chr13
contig-0001070	#00B28C	chr17
contig-0001071	#00B28C	chr17
contig-0001072	#CC8DB3	chr11
contig-0001073	#CC8DB3	chr11
contig-0001074	#CC8DB3	chr11
contig-0001075	#CC8DB3	chr11
contig-0001076	#5699E9	chr9
contig-0001077	#5699E9	chr9
contig-0001078	#5699E9	chr9
contig-0001079	#E69F00	chr1
contig-0001080	#E69F00	chr1
contig-0001081	#E69F00	chr1
contig-0001082	#CC8DB3	chr11
contig-0001083	#CC8DB3	chr11
contig-0001084	#CC8DB3	chr11
contig-0001085	#009E73	chr3
contig-0001086	#009E73	chr3
contig-0001087	#009E73	chr3
contig-0001088	#E6AB23	chr8
contig-0001089	#E6AB23	chr8
contig-0001090	#E6AB23	chr8
contig-0001091	#808080	chr21
contig-0001092	#808080	chr21
contig-0001093	#808080	chr21
contig-0001094	#1A7FBA	chr12
contig-0001095	#1A7FBA	chr12
contig-0001096	#1A7FBA	chr12
contig-0001097	#1A7FBA	chr12
contig-0001098	#CC79A7	chr4
contig-0001099	#D57533	chr13
contig-0001100	#CC79A7	chr4
contig-0001101	#CC79A7	chr4
contig-0001102	#CC8DB3	chr11
contig-0001103	#CC8DB3	chr11
contig-0001104	#CC8DB3	chr11
contig-0001105	#CC8DB3	chr11
contig-0001106	#CC8DB3	chr11
contig-0001107	#E6B847	chr15
contig-0001108	#E6B847	chr15
contig-0001109	#E6B847	chr15
contig-0001110	#D57533	chr13
contig-0001111	#E6B847	chr15
contig-0001112	#E6B847	chr15
contig-0001113	#E6B847	chr15
contig-0001114	#56B4E9	chr2
contig-0001115	#56B4E9	chr2
contig-0001116	#56B4E9	chr2
contig-0001117	#567DE9	chr16
contig-0001118	#0072B2	chr5
contig-0001119	#0072B2	chr5
contig-0001120	#D57533	chr13
contig-0001121	#0072B2	chr5
contig-0001122	#0072B2	chr5
contig-0001123	#0072B2	chr5
contig-0001124	#E69F00	chr1
contig-0001125	#E69F00	chr1
contig-0001126	#E69F00	chr1
contig-0001127	#E69F00	chr1
contig-0001128	#E69F00	chr1
contig-0001129	#E69F00	chr1
contig-0001130	#E69F00	chr1
contig-0001131	#D57533	chr13
contig-0001132	#E69F00	chr1
contig-0001133	#00B28C	chr17
contig-0001134	#00B28C	chr17
contig-0001135	#00B28C	chr17
contig-0001136	#00B28C	chr17
contig-0001137	#00B28C	chr17
contig-0001138	#CC79A7	chr4
contig-0001139	#CC79A7	chr4
contig-0001140	#CC79A7	chr4
contig-0001141	#D55E00	chr6
contig-0001142	#338CC2	chr19
contig-0001143	#338CC2	chr19
contig-0001144	#338CC2	chr19
contig-0001145	#5699E9	chr9
contig-0001146	#5699E9	chr9
contig-0001147	#5699E9	chr9
contig-0001148	#737373	chr14
contig-0001149	#009E73	chr3
contig-0001150	#D55E00	chr6
contig-0001151	#D57533	chr13
contig-0001152	#E69F00	chr1
contig-0001153	#E69F00	chr1
contig-0001154	#E69F00	chr1
contig-0001155	#E69F00	chr1
contig-0001156	#E69F00	chr1
contig-0001157	#E69F00	chr1
contig-0001158	#0072B2	chr5
contig-0001159	#E69F00	chr1
contig-0001160	#E69F00	chr1
contig-0001161	#D57533	chr13
contig-0001162	#E69F00	chr1
contig-0001163	#E69F00	chr1
contig-0001164	#E69F00	chr1
contig-0001165	#E6AB23	chr8
contig-0001166	#E6AB23	chr8
contig-0001167	#E6AB23	chr8
contig-0001168	#CC8DB3	chr11
contig-0001169	#CC8DB3	chr11
contig-0001170	#CC8DB3	chr11
contig-0001171	#567DE9	chr16
contig-0001172	#D57533	chr13
contig-0001173	#666666	chr7
contig-0001174	#666666	chr7
contig-0001175	#666666	chr7
contig-0001176	#666666	chr7
contig-0001177	#666666	chr7
contig-0001178	#E6AB23	chr8
contig-0001179	#E6AB23	chr8
contig-0001180	#E6AB23	chr8
contig-0001181	#E6AB23	chr8
contig-0001182	#E6AB23	chr8
contig-0001183	#D57533	chr13
contig-0001184	#1A7FBA	chr12
contig-0001185	#1A7FBA	chr12
contig-0001186	#D57533	chr13
contig-0001187	#D57533	chr13
contig-0001188	#D57533	chr13
contig-0001189	#D57533	chr13
contig-0001190	#E69F00	chr1
contig-0001191	#E69F00	chr1
contig-0001192	#E69F00	chr1
contig-0001193	#D57533	chr13
contig-0001194	#E69F00	chr1
contig-0001195	#E69F00	chr1
contig-0001196	#E69F00	chr1
contig-0001197	#E69F00	chr1
contig-0001198	#CC8DB3	chr11
contig-0001199	#CC8DB3	chr11
contig-0001200	#CC8DB3	chr11
contig-0001201	#56B4E9	chr2
contig-0001202	#009E73	chr3
contig-0001203	#009E73	chr3
contig-0001204	#56B4E9	chr2
contig-0001205	#56B4E9	chr2
contig-0001206	#56B4E9	chr2
contig-0001207	#56B4E9	chr2
contig-0001208	#56B4E9	chr2
contig-0001209	#E6AB23	chr8
contig-0001210	#E6AB23	chr8
contig-0001211	#E6AB23	chr8
contig-0001212	#D57533	chr13
contig-0001213	#CC8DB3	chr11
contig-0001214	#CCA0BF	chr18
contig-0001215	#CCA0BF	chr18
contig-0001216	#CCA0BF	chr18
contig-0001217	#CCA0BF	chr18
contig-0001218	#CCA0BF	chr18
contig-0001219	#CCA0BF	chr18
contig-0001220	#5699E9	chr9
contig-0001221	#5699E9	chr9
contig-0001222	#5699E9	chr9
contig-0001223	#00A880	chr10
contig-0001224	#00A880	chr10
contig-0001225	#00A880	chr10
contig-0001226	#00A880	chr10
contig-0001227	#00A880	chr10
contig-0001228	#00A880	chr10
contig-0001229	#00A880	chr10
contig-0001230	#00A880	chr10
contig-0001231	#D57533	chr13
contig-0001232	#808080	chr21
contig-0001233	#D57533	chr13
contig-0001234	#D57533	chr13
contig-0001235	#D57533	chr13
contig-0001236	#D57533	chr13
contig-0001237	#CCA0BF	chr18
contig-0001238	#CCA0BF	chr18
contig-0001239	#CCA0BF	chr18
contig-0001240	#CCA0BF	chr18
contig-0001241	#CCA0BF	chr18
contig-0001242	#E69F00	chr1
contig-0001243	#D55E00	chr6
contig-0001244	#E6C47F	chr22
contig-0001245	#E69F00	chr1
contig-0001246	#E69F00	chr1
contig-0001247	#E69F00	chr1
contig-0001248	#E6B847	chr15
contig-0001249	#E6B847	chr15
contig-0001250	#E6B847	chr15
contig-0001251	#E6B847	chr15
contig-0001252	#E6B847	chr15
contig-0001253	#338CC2	chr19
contig-0001254	#808080	chr21
contig-0001255	#338CC2	chr19
contig-0001256	#338CC2	chr19
contig-0001257	#0072B2	chr5
contig-0001258	#E69F00	chr1
contig-0001259	#E69F00	chr1
contig-0001260	#E69F00	chr1
contig-0001261	#E69F00	chr1
contig-0001262	#666666	chr7
contig-0001263	#666666	chr7
contig-0001264	#808080	chr21
contig-0001265	#666666	chr7
contig-0001266	#666666	chr7
contig-0001267	#666666	chr7
contig-0001268	#00B28C	chr17
contig-0001269	#00B28C	chr17
contig-0001270	#00B28C	chr17
contig-0001271	#00B28C	chr17
contig-0001272	#00B28C	chr17
contig-0001273	#00B28C	chr17
contig-0001274	#808080	chr21
contig-0001275	#00B28C	chr17
contig-0001276	#00B28C	chr17
contig-0001277	#00B28C	chr17
contig-0001278	#00B28C	chr17
contig-0001279	#00B28C	chr17
contig-0001280	#E69F00	chr1
contig-0001281	#E69F00	chr1
contig-0001282	#E69F00	chr1
contig-0001283	#009E73	chr3
contig-0001284	#009E73	chr3
contig-0001285	#0072B2	chr5
contig-0001286	#009E73	chr3
contig-0001287	#009E73	chr3
contig-0001288	#009E73	chr3
contig-0001289	#808080	chr21
contig-0001290	#808080	chr21
contig-0001291	#808080	chr21
contig-0001292	#CC8DB3	chr11
contig-0001293	#CC8DB3	chr11
contig-0001294	#CC8DB3	chr11
contig-0001295	#CC8DB3	chr11
contig-0001296	#0072B2	chr5
contig-0001297	#CC8DB3	chr11
contig-0001298	#E69F00	chr1
contig-0001299	#E69F00	chr1
contig-0001300	#E69F00	chr1
contig-0001301	#666666	chr7
contig-0001302	#666666	chr7
contig-0001303	#00A880	chr10
contig-0001304	#00A880	chr10
contig-0001305	#00A880	chr10
contig-0001306	#00B28C	chr17
contig-0001307	#00B28C	chr17
contig-0001308	#00B28C	chr17
contig-0001309	#00B28C	chr17
contig-0001310	#E6B847	chr15
contig-0001311	#E6B847	chr15
contig-0001312	#E6B847	chr15
contig-0001313	#D55E00	chr6
contig-0001314	#CC79A7	chr4
contig-0001315	#D55E00	chr6
contig-0001316	#D55E00	chr6
contig-0001317	#D55E00	chr6
contig-0001318	#D55E00	chr6
contig-0001319	#CCA0BF	chr18
contig-0001320	#CCA0BF	chr18
contig-0001321	#CCA0BF	chr18
contig-0001322	#00B28C	chr17
contig-0001323	#00B28C	chr17
contig-0001324	#00B28C	chr17
contig-0001325	#CC79A7	chr4
contig-0001326	#567DE9	chr16
contig-0001327	#CC79A7	chr4
contig-0001328	#CC79A7	chr4
contig-0001329	#CC79A7	chr4
contig-0001330	#CC79A7	chr4
contig-0001331	#CC79A7	chr4
contig-0001332	#56B4E9	chr2
contig-0001333	#56B4E9	chr2
contig-0001334	#56B4E9	chr2
contig-0001335	#00A880	chr10
contig-0001336	#CC79A7	chr4
contig-0001337	#5699E9	chr9
contig-0001338	#5699E9	chr9
contig-0001339	#5699E9	chr9
contig-0001340	#5699E9	chr9
contig-0001341	#5699E9	chr9
contig-0001342	#00B28C	chr17
contig-0001343	#00B28C	chr17
contig-0001344	#00B28C	chr17
contig-0001345	#E6AB23	chr8
contig-0001346	#E6AB23	chr8
contig-0001347	#56B4E9	chr2
contig-0001348	#CC79A7	chr4
contig-0001349	#E6AB23	chr8
contig-0001350	#E6AB23	chr8
contig-0001351	#E6AB23	chr8
contig-0001352	#E6AB23	chr8
contig-0001353	#E6AB23	chr8
contig-0001354	#CC79A7	chr4
contig-0001355	#CC79A7	chr4
contig-0001356	#CC79A7	chr4
contig-0001357	#00B28C	chr17
contig-0001358	#CC79A7	chr4
contig-0001359	#00B28C	chr17
contig-0001360	#00B28C	chr17
contig-0001361	#666666	chr7
contig-0001362	#666666	chr7
contig-0001363	#666666	chr7
contig-0001364	#666666	chr7
contig-0001365	#666666	chr7
contig-0001366	#808080	chr21
contig-0001367	#808080	chr21
contig-0001368	#808080	chr21
contig-0001369	#CC79A7	chr4
contig-0001370	#808080	chr21
contig-0001371	#808080	chr21
contig-0001372	#666666	chr7
contig-0001373	#666666	chr7
contig-0001374	#666666	chr7
contig-0001375	#666666	chr7
contig-0001376	#666666	chr7
contig-0001377	#666666	chr7
contig-0001378	#CC79A7	chr4
contig-0001379	#CC79A7	chr4
contig-0001380	#CC79A7	chr4
contig-0001381	#E69F00	chr1
contig-0001382	#E69F00	chr1
contig-0001383	#E69F00	chr1
contig-0001384	#338CC2	chr19
contig-0001385	#338CC2	chr19
contig-0001386	#338CC2	chr19
contig-0001387	#5699E9	chr9
contig-0001388	#5699E9	chr9
contig-0001389	#5699E9	chr9
contig-0001390	#D57533	chr13
contig-0001391	#5699E9	chr9
contig-0001392	#E69F00	chr1
contig-0001393	#E69F00	chr1
contig-0001394	#E69F00	chr1
contig-0001395	#E69F00	chr1
contig-0001396	#E69F00	chr1
contig-0001397	#CC79A7	chr4
contig-0001398	#CC79A7	chr4
contig-0001399	#CC79A7	chr4
contig-0001400	#D57533	chr13
contig-0001401	#CC79A7	chr4
contig-0001402	#CC79A7	chr4
contig-0001403	#00A880	chr10
contig-0001404	#00A880	chr10
contig-0001405	#00A880	chr10
contig-0001406	#00A880	chr10
contig-0001407	#00A880	chr10
contig-0001408	#00A880	chr10
contig-0001409	#00A880	chr10
contig-0001410	#00A880	chr10
contig-0001411	#E6B847	chr15
contig-0001412	#0072B2	chr5
contig-0001413	#0072B2	chr5
contig-0001414	#0072B2	chr5
contig-0001415	#0072B2	chr5
contig-0001416	#0072B2	chr5
contig-0001417	#0072B2	chr5
contig-0001418	#D55E00	chr6
contig-0001419	#D55E00	chr6
contig-0001420	#E69F00	chr1
contig-0001421	#D55E00	chr6
contig-0001422	#D55E00	chr6
contig-0001423	#737373	chr14
contig-0001424	#737373	chr14
contig-0001425	#737373	chr14
contig-0001426	#009E73	chr3
contig-0001427	#009E73	chr3
contig-0001428	#009E73	chr3
contig-0001429	#009E73	chr3
contig-0001430	#E69F00	chr1
contig-0001431	#009E73	chr3
contig-0001432	#0072B2	chr5
contig-0001433	#0072B2	chr5
contig-0001434	#0072B2	chr5
contig-0001435	#0072B2	chr5
contig-0001436	#0072B2	chr5
contig-0001437	#00B28C	chr17
contig-0001438	#00B28C	chr17
contig-0001439	#00B28C	chr17
contig-0001440	#00B28C	chr17
contig-0001441	#E69F00	chr1
contig-0001442	#00B28C	chr17
contig-0001443	#00B28C	chr17
contig-0001444	#00B28C	chr17
contig-0001445	#00B28C	chr17
contig-0001446	#00B28C	chr17
contig-0001447	#00B28C	chr17
contig-0001448	#009E73	chr3
contig-0001449	#009E73	chr3
contig-0001450	#009E73	chr3
contig-0001451	#737373	chr14
contig-0001452	#0072B2	chr5
contig-0001453	#0072B2	chr5
contig-0001454	#0072B2	chr5
contig-0001455	#0072B2	chr5
contig-0001456	#0072B2	chr5
contig-0001457	#D58C66	chr20
contig-0001458	#D58C66	chr20
contig-0001459	#D58C66	chr20
contig-0001460	#D58C66	chr20
contig-0001461	#D58C66	chr20
contig-0001462	#D58C66	chr20
contig-0001463	#E6AB23	chr8
contig-0001464	#E6AB23	chr8
contig-0001465	#E6AB23	chr8
contig-0001466	#E6AB23	chr8
contig-0001467	#E6AB23	chr8
contig-0001468	#CC8DB3	chr11
contig-0001469	#CC8DB3	chr11
contig-0001470	#E6B847	chr15
contig-0001471	#CC8DB3	chr11
contig-0001472	#D58C66	chr20
contig-0001473	#D58C66	chr20
contig-0001474	#D58C66	chr20
contig-0001475	#D58C66	chr20
contig-0001476	#D58C66	chr20
contig-0001477	#E6B847	chr15
contig-0001478	#0072B2	chr5
contig-0001479	#0072B2	chr5
contig-0001480	#0072B2	chr5
contig-0001481	#0072B2	chr5
contig-0001482	#0072B2	chr5
contig-0001483	#1A7FBA	chr12
contig-0001484	#1A7FBA	chr12
contig-0001485	#1A7FBA	chr12
contig-0001486	#1A7FBA	chr12
contig-0001487	#1A7FBA	chr12
contig-0001488	#E6B847	chr15
contig-0001489	#E69F00	chr1
contig-0001490	#E69F00	chr1
contig-0001491	#E69F00	chr1
contig-0001492	#1A7FBA	chr12
contig-0001493	#1A7FBA	chr12
contig-0001494	#1A7FBA	chr12
contig-0001495	#E69F00	chr1
contig-0001496	#E69F00	chr1
contig-0001497	#E69F00	chr1
contig-0001498	#D57533	chr13
contig-0001499	#E6B847	chr15
contig-0001500	#D57533	chr13
contig-0001501	#D57533	chr13
contig-0001502	#E6AB23	chr8
contig-0001503	#E6AB23	chr8
contig-0001504	#E6AB23	chr8
contig-0001505	#E6AB23	chr8
contig-0001506	#E6AB23	chr8
contig-0001507	#E6AB23	chr8
contig-0001508	#E6AB23	chr8
contig-0001509	#E6B847	chr15
contig-0001510	#E6AB23	chr8
contig-0001511	#E6AB23	chr8
contig-0001512	#E6AB23	chr8
contig-0001513	#E6AB23	chr8
contig-0001514	#E6AB23	chr8
contig-0001515	#E6AB23	chr8
contig-0001516	#E6AB23	chr8
contig-0001517	#00A880	chr10
contig-0001518	#00A880	chr10
contig-0001519	#D58C66	chr20
contig-0001520	#00A880	chr10
contig-0001521	#00A880	chr10
contig-0001522	#00A880	chr10
contig-0001523	#009E73	chr3
contig-0001524	#009E73	chr3
contig-0001525	#009E73	chr3
contig-0001526	#CCA0BF	chr18
contig-0001527	#CCA0BF	chr18
contig-0001528	#CCA0BF	chr18
contig-0001529	#D57533	chr13
contig-0001530	#CCA0BF	chr18
contig-0001531	#00A880	chr10
contig-0001532	#00A880	chr10
contig-0001533	#00A880	chr10
contig-0001534	#00A880	chr10
contig-0001535	#00A880	chr10
contig-0001536	#009E73	chr3
contig-0001537	#009E73	chr3
contig-0001538	#009E73	chr3
contig-0001539	#009E73	chr3
contig-0001540	#D57533	chr13
contig-0001541	#009E73	chr3
contig-0001542	#1A7FBA	chr12
contig-0001543	#1A7FBA	chr12
contig-0001544	#1A7FBA	chr12
contig-0001545	#737373	chr14
contig-0001546	#737373	chr14
contig-0001547	#737373	chr14
contig-0001548	#737373	chr14
contig-0001549	#737373	chr14
contig-0001550	#737373	chr14
contig-0001551	#D57533	chr13
contig-0001552	#00A880	chr10
contig-0001553	#00A880	chr10
contig-0001554	#00A880	chr10
contig-0001555	#00A880	chr10
contig-0001556	#00A880	chr10
contig-0001557	#567DE9	chr16
contig-0001558	#567DE9	chr16
contig-0001559	#567DE9	chr16
contig-0001560	#E6AB23	chr8
contig-0001561	#E6AB23	chr8
contig-0001562	#D57533	chr13
contig-0001563	#E6AB23	chr8
contig-0001564	#0072B2	chr5
contig-0001565	#0072B2	chr5
contig-0001566	#0072B2	chr5
contig-0001567	#E6B847	chr15
contig-0001568	#0072B2	chr5
contig-0001569	#0072B2	chr5
contig-0001570	#0072B2	chr5
contig-0001571	#0072B2	chr5
contig-0001572	#0072B2	chr5
contig-0001573	#0072B2	chr5
contig-0001574	#0072B2	chr5
contig-0001575	#1A7FBA	chr12
contig-0001576	#1A7FBA	chr12
contig-0001577	#1A7FBA	chr12
contig-0001578	#1A7FBA	chr12
contig-0001579	#1A7FBA	chr12
contig-0001580	#E69F00	chr1
contig-0001581	#D57533	chr13
contig-0001582	#E69F00	chr1
contig-0001583	#E69F00	chr1
contig-0001584	#D57533	chr13
contig-0001585	#D57533	chr13
contig-0001586	#D57533	chr13
contig-0001587	#808080	chr21
contig-0001588	#808080	chr21
contig-0001589	#808080	chr21
contig-0001590	#737373	chr14
contig-0001591	#737373	chr14
contig-0001592	#D57533	chr13
contig-0001593	#737373	chr14
contig-0001594	#56B4E9	chr2
contig-0001595	#56B4E9	chr2
contig-0001596	#56B4E9	chr2
contig-0001597	#CC79A7	chr4
contig-0001598	#CC79A7	chr4
contig-0001599	#CC79A7	chr4
contig-0001600	#56B4E9	chr2
contig-0001601	#56B4E9	chr2
contig-0001602	#56B4E9	chr2
contig-0001603	#D58C66	chr20
contig-0001604	#56B4E9	chr2
contig-0001605	#56B4E9	chr2
contig-0001606	#00B28C	chr17
contig-0001607	#00B28C	chr17
contig-0001608	#00B28C	chr17
contig-0001609	#00B28C	chr17
contig-0001610	#00B28C	chr17
contig-0001611	#E69F00	chr1
contig-0001612	#E69F00	chr1
contig-0001613	#E69F00	chr1
contig-0001614	#D58C66	chr20
contig-0001615	#E69F00	chr1
contig-0001616	#56B4E9	chr2
contig-0001617	#56B4E9	chr2
contig-0001618	#56B4E9	chr2
contig-0001619	#56B4E9	chr2
contig-0001620	#56B4E9	chr2
contig-0001621	#1A7FBA	chr12
contig-0001622	#1A7FBA	chr12
contig-0001623	#1A7FBA	chr12
contig-0001624	#1A7FBA	chr12
contig-0001625	#D58C66	chr20
contig-0001626	#1A7FBA	chr12
contig-0001627	#E6AB23	chr8
contig-0001628	#E6AB23	chr8
contig-0001629	#E6AB23	chr8
contig-0001630	#E6AB23	chr8
contig-0001631	#E6AB23	chr8
contig-0001632	#D58C66	chr20
contig-0001633	#D58C66	chr20
contig-0001634	#D58C66	chr20
contig-0001635	#D58C66	chr20
contig-0001636	#D58C66	chr20
contig-0001637	#D58C66	chr20
contig-0001638	#009E73	chr3
contig-0001639	#009E73	chr3
contig-0001640	#D55E00	chr6
contig-0001641	#D55E00	chr6
contig-0001642	#D55E00	chr6
contig-0001643	#737373	chr14
contig-0001644	#737373	chr14
contig-0001645	#737373	chr14
contig-0001646	#737373	chr14
contig-0001647	#D58C66	chr20
contig-0001648	#737373	chr14
contig-0001649	#009E73	chr3
contig-0001650	#009E73	chr3
contig-0001651	#009E73	chr3
contig-0001652	#009E73	chr3
contig-0001653	#009E73	chr3
contig-0001654	#E69F00	chr1
contig-0001655	#1A7FBA	chr12
contig-0001656	#1A7FBA	chr12
contig-0001657	#CCA0BF	chr18
contig-0001658	#56B4E9	chr2
contig-0001659	#D58C66	chr20
contig-0001660	#CCA0BF	chr18
contig-0001661	#CCA0BF	chr18
contig-0001662	#CCA0BF	chr18
contig-0001663	#CCA0BF	chr18
contig-0001664	#1A7FBA	chr12
contig-0001665	#1A7FBA	chr12
contig-0001666	#1A7FBA	chr12
contig-0001667	#1A7FBA	chr12
contig-0001668	#1A7FBA	chr12
contig-0001669	#00B28C	chr17
contig-0001670	#E6C47F	chr22
contig-0001671	#00B28C	chr17
contig-0001672	#00B28C	chr17
contig-0001673	#737373	chr14
contig-0001674	#737373	chr14
contig-0001675	#737373	chr14
contig-0001676	#737373	chr14
contig-0001677	#737373	chr14
contig-0001678	#E6C47F	chr22
contig-0001679	#E6C47F	chr22
contig-0001680	#E6C47F	chr22
contig-0001681	#E6C47F	chr22
contig-0001682	#E6C47F	chr22
contig-0001683	#CC8DB3	chr11
contig-0001684	#CC8DB3	chr11
contig-0001685	#CC8DB3	chr11
contig-0001686	#CC8DB3	chr11
contig-0001687	#1A7FBA	chr12
contig-0001688	#1A7FBA	chr12
contig-0001689	#E69F00	chr1
contig-0001690	#E69F00	chr1
contig-0001691	#D57533	chr13
contig-0001692	#E69F00	chr1
contig-0001693	#1A7FBA	chr12
contig-0001694	#1A7FBA	chr12
contig-0001695	#E69F00	chr1
contig-0001696	#E69F00	chr1
contig-0001697	#E69F00	chr1
contig-0001698	#E69F00	chr1
contig-0001699	#D55E00	chr6
contig-0001700	#D55E00	chr6
contig-0001701	#D55E00	chr6
contig-0001702	#CC8DB3	chr11
contig-0001703	#808080	chr21
contig-0001704	#808080	chr21
contig-0001705	#D55E00	chr6
contig-0001706	#D55E00	chr6
contig-0001707	#D55E00	chr6
contig-0001708	#D55E00	chr6
contig-0001709	#D55E00	chr6
contig-0001710	#D55E00	chr6
contig-0001711	#CC8DB3	chr11
contig-0001712	#D55E00	chr6
contig-0001713	#00B28C	chr17
contig-0001714	#00B28C	chr17
contig-0001715	#00B28C	chr17
contig-0001716	#00B28C	chr17
contig-0001717	#00B28C	chr17
contig-0001718	#D55E00	chr6
contig-0001719	#D55E00	chr6
contig-0001720	#CC8DB3	chr11
contig-0001721	#D55E00	chr6
contig-0001722	#CC8DB3	chr11
contig-0001723	#CC8DB3	chr11
contig-0001724	#CC8DB3	chr11
contig-0001725	#567DE9	chr16
contig-0001726	#567DE9	chr16
contig-0001727	#567DE9	chr16
contig-0001728	#567DE9	chr16
contig-0001729	#567DE9	chr16
contig-0001730	#CCA0BF	chr18
contig-0001731	#CC8DB3	chr11
contig-0001732	#CCA0BF	chr18
contig-0001733	#CCA0BF	chr18
contig-0001734	#CCA0BF	chr18
contig-0001735	#CCA0BF	chr18
contig-0001736	#00B28C	chr17
contig-0001737	#00B28C	chr17
contig-0001738	#00B28C	chr17
contig-0001739	#00B28C	chr17
contig-0001740	#D55E00	chr6
contig-0001741	#D55E00	chr6
contig-0001742	#CC8DB3	chr11
contig-0001743	#D55E00	chr6
contig-0001744	#0072B2	chr5
contig-0001745	#0072B2	chr5
contig-0001746	#0072B2	chr5
contig-0001747	#0072B2	chr5
contig-0001748	#0072B2	chr5
contig-0001749	#0072B2	chr5
contig-0001750	#0072B2	chr5
contig-0001751	#0072B2	chr5
contig-0001752	#0072B2	chr5
contig-0001753	#0072B2	chr5
contig-0001754	#0072B2	chr5
contig-0001755	#0072B2	chr5
contig-0001756	#0072B2	chr5
contig-0001757	#0072B2	chr5
contig-0001758	#0072B2	chr5
contig-0001759	#0072B2	chr5
contig-0001760	#E6B847	chr15
contig-0001761	#E6B847	chr15
contig-0001762	#E6B847	chr15
contig-0001763	#E6B847	chr15
contig-0001764	#56B4E9	chr2
contig-0001765	#0072B2	chr5
contig-0001766	#E6B847	chr15
contig-0001767	#009E73	chr3
contig-0001768	#009E73	chr3
contig-0001769	#009E73	chr3
contig-0001770	#009E73	chr3
contig-0001771	#009E73	chr3
contig-0001772	#009E73	chr3
contig-0001773	#009E73	chr3
contig-0001774	#009E73	chr3
contig-0001775	#009E73	chr3
contig-0001776	#0072B2	chr5
contig-0001777	#CC79A7	chr4
contig-0001778	#CC79A7	chr4
contig-0001779	#CC79A7	chr4
contig-0001780	#56B4E9	chr2
contig-0001781	#56B4E9	chr2
contig-0001782	#56B4E9	chr2
contig-0001783	#009E73	chr3
contig-0001784	#009E73	chr3
contig-0001785	#009E73	chr3
contig-0001786	#009E73	chr3
contig-0001787	#567DE9	chr16
contig-0001788	#009E73	chr3
contig-0001789	#CC8DB3	chr11
contig-0001790	#D55E00	chr6
contig-0001791	#D55E00	chr6
contig-0001792	#D55E00	chr6
contig-0001793	#00B28C	chr17
contig-0001794	#00B28C	chr17
contig-0001795	#00B28C	chr17
contig-0001796	#567DE9	chr16
contig-0001797	#CC8DB3	chr11
contig-0001798	#CC8DB3	chr11
contig-0001799	#CC8DB3	chr11
contig-0001800	#CC8DB3	chr11
contig-0001801	#CC8DB3	chr11
contig-0001802	#009E73	chr3
contig-0001803	#CC79A7	chr4
contig-0001804	#5699E9	chr9
contig-0001805	#666666	chr7
contig-0001806	#666666	chr7
contig-0001807	#666666	chr7
contig-0001808	#D55E00	chr6
contig-0001809	#1A7FBA	chr12
contig-0001810	#1A7FBA	chr12
contig-0001811	#1A7FBA	chr12
contig-0001812	#D58C66	chr20
contig-0001813	#5699E9	chr9
contig-0001814	#D58C66	chr20
contig-0001815	#D58C66	chr20
contig-0001816	#D58C66	chr20
contig-0001817	#D58C66	chr20
contig-0001818	#D58C66	chr20
contig-0001819	#D58C66	chr20
contig-0001820	#CC79A7	chr4
contig-0001821	#CC79A7	chr4
contig-0001822	#CC79A7	chr4
contig-0001823	#E69F00	chr1
contig-0001824	#E69F00	chr1
contig-0001825	#E69F00	chr1
contig-0001826	#D55E00	chr6
contig-0001827	#D55E00	chr6
contig-0001828	#D55E00	chr6
contig-0001829	#D55E00	chr6
contig-0001830	#D55E00	chr6
contig-0001831	#56B4E9	chr2
contig-0001832	#56B4E9	chr2
contig-0001833	#56B4E9	chr2
contig-0001834	#5699E9	chr9
contig-0001835	#56B4E9	chr2
contig-0001836	#56B4E9	chr2
contig-0001837	#56B4E9	chr2
contig-0001838	#56B4E9	chr2
contig-0001839	#00A880	chr10
contig-0001840	#00A880	chr10
contig-0001841	#00A880	chr10
contig-0001842	#00A880	chr10
contig-0001843	#CC8DB3	chr11
contig-0001844	#D55E00	chr6
contig-0001845	#D55E00	chr6
contig-0001846	#D55E00	chr6
contig-0001847	#D55E00	chr6
contig-0001848	#D55E00	chr6
contig-0001849	#D55E00	chr6
contig-0001850	#1A7FBA	chr12
contig-0001851	#1A7FBA	chr12
contig-0001852	#1A7FBA	chr12
contig-0001853	#1A7FBA	chr12
contig-0001854	#CC8DB3	chr11
contig-0001855	#1A7FBA	chr12
contig-0001856	#E69F00	chr1
contig-0001857	#E69F00	chr1
contig-0001858	#E69F00	chr1
contig-0001859	#5699E9	chr9
contig-0001860	#5699E9	chr9
contig-0001861	#5699E9	chr9
contig-0001862	#5699E9	chr9
contig-0001863	#56B4E9	chr2
contig-0001864	#009E73	chr3
contig-0001865	#5699E9	chr9
contig-0001866	#5699E9	chr9
contig-0001867	#5699E9	chr9
contig-0001868	#338CC2	chr19
contig-0001869	#338CC2	chr19
contig-0001870	#CCA0BF	chr18
contig-0001871	#CCA0BF	chr18
contig-0001872	#CCA0BF	chr18
contig-0001873	#00B28C	chr17
contig-0001874	#567DE9	chr16
contig-0001875	#00B28C	chr17
contig-0001876	#00B28C	chr17
contig-0001877	#00B28C	chr17
contig-0001878	#CC79A7	chr4
contig-0001879	#CC79A7	chr4
contig-0001880	#CC79A7	chr4
contig-0001881	#0072B2	chr5
contig-0001882	#0072B2	chr5
contig-0001883	#0072B2	chr5
contig-0001884	#0072B2	chr5
contig-0001885	#0072B2	chr5
contig-0001886	#D57533	chr13
contig-0001887	#D57533	chr13
contig-0001888	#D57533	chr13
contig-0001889	#D57533	chr13
contig-0001890	#D57533	chr13
contig-0001891	#737373	chr14
contig-0001892	#567DE9	chr16
contig-0001893	#737373	chr14
contig-0001894	#737373	chr14
contig-0001895	#009E73	chr3
contig-0001896	#009E73	chr3
contig-0001897	#009E73	chr3
contig-0001898	#D55E00	chr6
contig-0001899	#D55E00	chr6
contig-0001900	#5699E9	chr9
contig-0001901	#5699E9	chr9
contig-0001902	#5699E9	chr9
contig-0001903	#1A7FBA	chr12
contig-0001904	#D57533	chr13
contig-0001905	#D57533	chr13
contig-0001906	#D57533	chr13
contig-0001907	#D57533	chr13
contig-0001908	#D57533	chr13
contig-0001909	#D57533	chr13
contig-0001910	#56B4E9	chr2
contig-0001911	#56B4E9	chr2
contig-0001912	#56B4E9	chr2
contig-0001913	#E69F00	chr1
contig-0001914	#1A7FBA	chr12
contig-0001915	#E6C47F	chr22
contig-0001916	#E6C47F	chr22
contig-0001917	#E6C47F	chr22
contig-0001918	#CC8DB3	chr11
contig-0001919	#CC8DB3	chr11
contig-0001920	#CC8DB3	chr11
contig-0001921	#CC8DB3	chr11
contig-0001922	#0072B2	chr5
contig-0001923	#0072B2	chr5
contig-0001924	#0072B2	chr5
contig-0001925	#1A7FBA	chr12
contig-0001926	#0072B2	chr5
contig-0001927	#0072B2	chr5
contig-0001928	#0072B2	chr5
contig-0001929	#0072B2	chr5
contig-0001930	#009E73	chr3
contig-0001931	#009E73	chr3
contig-0001932	#009E73	chr3
contig-0001933	#56B4E9	chr2
contig-0001934	#1A7FBA	chr12
contig-0001935	#56B4E9	chr2
contig-0001936	#56B4E9	chr2
contig-0001937	#009E73	chr3
contig-0001938	#009E73	chr3
contig-0001939	#009E73	chr3
contig-0001940	#009E73	chr3
contig-0001941	#CC79A7	chr4
contig-0001942	#CC79A7	chr4
contig-0001943	#CC79A7	chr4
contig-0001944	#1A7FBA	chr12
contig-0001945	#00B28C	chr17
contig-0001946	#00B28C	chr17
contig-0001947	#00B28C	chr17
contig-0001948	#00B28C	chr17
contig-0001949	#00B28C	chr17
contig-0001950	#666666	chr7
contig-0001951	#666666	chr7
contig-0001952	#666666	chr7
contig-0001953	#666666	chr7
contig-0001954	#1A7FBA	chr12
contig-0001955	#666666	chr7
contig-0001956	#666666	chr7
contig-0001957	#666666	chr7
contig-0001958	#0072B2	chr5
contig-0001959	#808080	chr21
contig-0001960	#808080	chr21
contig-0001961	#737373	chr14
contig-0001962	#56B4E9	chr2
contig-0001963	#1A7FBA	chr12
contig-0001964	#1A7FBA	chr12
contig-0001965	#1A7FBA	chr12
contig-0001966	#1A7FBA	chr12
contig-0001967	#D58C66	chr20
contig-0001968	#D58C66	chr20
contig-0001969	#D58C66	chr20
contig-0001970	#D57533	chr13
contig-0001971	#D57533	chr13
contig-0001972	#D57533	chr13
contig-0001973	#D57533	chr13
contig-0001974	#D57533	chr13
contig-0001975	#0072B2	chr5
contig-0001976	#0072B2	chr5
contig-0001977	#0072B2	chr5
contig-0001978	#0072B2	chr5
contig-0001979	#CC8DB3	chr11
contig-0001980	#CC8DB3	chr11
contig-0001981	#CC8DB3	chr11
contig-0001982	#CC8DB3	chr11
contig-0001983	#CCA0BF	chr18
contig-0001984	#CC8DB3	chr11
contig-0001985	#CC8DB3	chr11
contig-0001986	#CC8DB3	chr11
contig-0001987	#CC8DB3	chr11
contig-0001988	#00B28C	chr17
contig-0001989	#5699E9	chr9
contig-0001990	#5699E9	chr9
contig-0001991	#5699E9	chr9
contig-0001992	#E69F00	chr1
contig-0001993	#E69F00	chr1
contig-0001994	#E69F00	chr1
contig-0001995	#E69F00	chr1
contig-0001996	#E69F00	chr1
contig-0001997	#E69F00	chr1
contig-0001998	#E69F00	chr1
contig-0001999	#56B4E9	chr2
contig-0002000	#56B4E9	chr2
contig-0002001	#56B4E9	chr2
contig-0002002	#56B4E9	chr2
contig-0002003	#E69F00	chr1
contig-0002004	#1A7FBA	chr12
contig-0002005	#1A7FBA	chr12
contig-0002006	#1A7FBA	chr12
contig-0002007	#1A7FBA	chr12
contig-0002008	#1A7FBA	chr12
contig-0002009	#56B4E9	chr2
contig-0002010	#56B4E9	chr2
contig-0002011	#56B4E9	chr2
contig-0002012	#56B4E9	chr2
contig-0002013	#56B4E9	chr2
contig-0002014	#E69F00	chr1
contig-0002015	#5699E9	chr9
contig-0002016	#5699E9	chr9
contig-0002017	#5699E9	chr9
contig-0002018	#56B4E9	chr2
contig-0002019	#56B4E9	chr2
contig-0002020	#56B4E9	chr2
contig-0002021	#56B4E9	chr2
contig-0002022	#56B4E9	chr2
contig-0002023	#E6B847	chr15
contig-0002024	#E6B847	chr15
contig-0002025	#E6B847	chr15
contig-0002026	#E6B847	chr15
contig-0002027	#E6B847	chr15
contig-0002028	#D55E00	chr6
contig-0002029	#D55E00	chr6
contig-0002030	#D55E00	chr6
contig-0002031	#D55E00	chr6
contig-0002032	#D55E00	chr6
contig-0002033	#D55E00	chr6
contig-0002034	#D55E00	chr6
contig-0002035	#E69F00	chr1
contig-0002036	#E69F00	chr1
contig-0002037	#E69F00	chr1
contig-0002038	#E69F00	chr1
contig-0002039	#009E73	chr3
contig-0002040	#009E73	chr3
contig-0002041	#009E73	chr3
contig-0002042	#567DE9	chr16
contig-0002043	#567DE9	chr16
contig-0002044	#567DE9	chr16
contig-0002045	#567DE9	chr16
contig-0002046	#567DE9	chr16
contig-0002047	#567DE9	chr16
contig-0002048	#567DE9	chr16
contig-0002049	#0072B2	chr5
contig-0002050	#5699E9	chr9
contig-0002051	#0072B2	chr5
contig-0002052	#0072B2	chr5
contig-0002053	#0072B2	chr5
contig-0002054	#567DE9	chr16
contig-0002055	#0072B2	chr5
contig-0002056	#0072B2	chr5
contig-0002057	#E69F00	chr1
contig-0002058	#E69F00	chr1
contig-0002059	#E69F00	chr1
contig-0002060	#666666	chr7
contig-0002061	#666666	chr7
contig-0002062	#666666	chr7
contig-0002063	#666666	chr7
contig-0002064	#CC79A7	chr4
contig-0002065	#56B4E9	chr2
contig-0002066	#00A880	chr10
contig-0002067	#CC79A7	chr4
contig-0002068	#CC79A7	chr4
contig-0002069	#CC79A7	chr4
contig-0002070	#E69F00	chr1
contig-0002071	#E69F00	chr1
contig-0002072	#00A880	chr10
contig-0002073	#00A880	chr10
contig-0002074	#00A880	chr10
contig-0002075	#56B4E9	chr2
contig-0002076	#00A880	chr10
contig-0002077	#56B4E9	chr2
contig-0002078	#56B4E9	chr2
contig-0002079	#CC79A7	chr4
contig-0002080	#CC79A7	chr4
contig-0002081	#CC79A7	chr4
contig-0002082	#CC79A7	chr4
contig-0002083	#CC79A7	chr4
contig-0002084	#1A7FBA	chr12
contig-0002085	#1A7FBA	chr12
contig-0002086	#00A880	chr10
contig-0002087	#1A7FBA	chr12
contig-0002088	#1A7FBA	chr12
contig-0002089	#1A7FBA	chr12
contig-0002090	#1A7FBA	chr12
contig-0002091	#009E73	chr3
contig-0002092	#009E73	chr3
contig-0002093	#009E73	chr3
contig-0002094	#009E73	chr3
contig-0002095	#00A880	chr10
contig-0002096	#D57533	chr13
contig-0002097	#E6B847	chr15
contig-0002098	#E6B847	chr15
contig-0002099	#E6B847	chr15
contig-0002100	#E6B847	chr15
contig-0002101	#E6B847	chr15
contig-0002102	#E6B847	chr15
contig-0002103	#E6B847	chr15
contig-0002104	#00A880	chr10
contig-0002105	#CC79A7	chr4
contig-0002106	#CC79A7	chr4
contig-0002107	#CC79A7	chr4
contig-0002108	#CC79A7	chr4
contig-0002109	#CC79A7	chr4
contig-0002110	#D58C66	chr20
contig-0002111	#D58C66	chr20
contig-0002112	#009E73	chr3
contig-0002113	#009E73	chr3
contig-0002114	#338CC2	chr19
contig-0002115	#009E73	chr3
contig-0002116	#009E73	chr3
contig-0002117	#009E73	chr3
contig-0002118	#009E73	chr3
contig-0002119	#009E73	chr3
contig-0002120	#E69F00	chr1
contig-0002121	#E69F00	chr1
contig-0002122	#E69F00	chr1
contig-0002123	#E69F00	chr1
contig-0002124	#338CC2	chr19
contig-0002125	#E69F00	chr1
contig-0002126	#E69F00	chr1
contig-0002127	#E69F00	chr1
contig-0002128	#E69F00	chr1
contig-0002129	#E69F00	chr1
contig-0002130	#D57533	chr13
contig-0002131	#666666	chr7
contig-0002132	#666666	chr7
contig-0002133	#338CC2	chr19
contig-0002134	#666666	chr7
contig-0002135	#D55E00	chr6
contig-0002136	#D55E00	chr6
contig-0002137	#D55E00	chr6
contig-0002138	#E6B847	chr15
contig-0002139	#E6B847	chr15
contig-0002140	#E6B847	chr15
contig-0002141	#E6B847	chr15
contig-0002142	#E6B847	chr15
contig-0002143	#E6AB23	chr8
contig-0002144	#338CC2	chr19
contig-0002145	#E6AB23	chr8
contig-0002146	#E6AB23	chr8
contig-0002147	#D55E00	chr6
contig-0002148	#D55E00	chr6
contig-0002149	#D55E00	chr6
contig-0002150	#E6AB23	chr8
contig-0002151	#E6AB23	chr8
contig-0002152	#E6AB23	chr8
contig-0002153	#E6AB23	chr8
contig-0002154	#E6AB23	chr8
contig-0002155	#338CC2	chr19
contig-0002156	#56B4E9	chr2
contig-0002157	#56B4E9	chr2
contig-0002158	#56B4E9	chr2
contig-0002159	#56B4E9	chr2
contig-0002160	#56B4E9	chr2
contig-0002161	#56B4E9	chr2
contig-0002162	#56B4E9	chr2
contig-0002163	#56B4E9	chr2
contig-0002164	#CC8DB3	chr11
contig-0002165	#567DE9	chr16
contig-0002166	#56B4E9	chr2
contig-0002167	#338CC2	chr19
contig-0002168	#567DE9	chr16
contig-0002169	#567DE9	chr16
contig-0002170	#567DE9	chr16
contig-0002171	#E6B847	chr15
contig-0002172	#E6B847	chr15
contig-0002173	#E6B847	chr15
contig-0002174	#E6B847	chr15
contig-0002175	#E6B847	chr15
contig-0002176	#56B4E9	chr2
contig-0002177	#56B4E9	chr2
contig-0002178	#56B4E9	chr2
contig-0002179	#56B4E9	chr2
contig-0002180	#737373	chr14
contig-0002181	#737373	chr14
contig-0002182	#737373	chr14
contig-0002183	#737373	chr14
contig-0002184	#737373	chr14
contig-0002185	#737373	chr14
contig-0002186	#737373	chr14
contig-0002187	#338CC2	chr19
contig-0002188	#567DE9	chr16
contig-0002189	#567DE9	chr16
contig-0002190	#567DE9	chr16
contig-0002191	#567DE9	chr16
contig-0002192	#567DE9	chr16
contig-0002193	#D55E00	chr6
contig-0002194	#56B4E9	chr2
contig-0002195	#56B4E9	chr2
contig-0002196	#56B4E9	chr2
contig-0002197	#338CC2	chr19
contig-0002198	#56B4E9	chr2
contig-0002199	#338CC2	chr19
contig-0002200	#338CC2	chr19
contig-0002201	#009E73	chr3
contig-0002202	#009E73	chr3
contig-0002203	#009E73	chr3
contig-0002204	#0072B2	chr5
contig-0002205	#0072B2	chr5
contig-0002206	#0072B2	chr5
contig-0002207	#0072B2	chr5
contig-0002208	#338CC2	chr19
contig-0002209	#0072B2	chr5
contig-0002210	#666666	chr7
contig-0002211	#666666	chr7
contig-0002212	#666666	chr7
contig-0002213	#56B4E9	chr2
contig-0002214	#56B4E9	chr2
contig-0002215	#56B4E9	chr2
contig-0002216	#56B4E9	chr2
contig-0002217	#56B4E9	chr2
contig-0002218	#CC79A7	chr4
contig-0002219	#338CC2	chr19
contig-0002220	#CC79A7	chr4
contig-0002221	#CC79A7	chr4
contig-0002222	#CC79A7	chr4
contig-0002223	#CC79A7	chr4
contig-0002224	#CC79A7	chr4
contig-0002225	#CC79A7	chr4
contig-0002226	#666666	chr7
contig-0002227	#666666	chr7
contig-0002228	#D58C66	chr20
contig-0002229	#1A7FBA	chr12
contig-0002230	#1A7FBA	chr12
contig-0002231	#1A7FBA	chr12
contig-0002232	#1A7FBA	chr12
contig-0002233	#1A7FBA	chr12
contig-0002234	#00B28C	chr17
contig-0002235	#00B28C	chr17
contig-0002236	#00B28C	chr17
contig-0002237	#00B28C	chr17
contig-0002238	#00B28C	chr17
contig-0002239	#D58C66	chr20
contig-0002240	#CC79A7	chr4
contig-0002241	#CC8DB3	chr11
contig-0002242	#CC8DB3	chr11
contig-0002243	#56B4E9	chr2
contig-0002244	#666666	chr7
contig-0002245	#666666	chr7
contig-0002246	#666666	chr7
contig-0002247	#666666	chr7
contig-0002248	#666666	chr7
contig-0002249	#E6B847	chr15
contig-0002250	#D58C66	chr20
contig-0002251	#E6B847	chr15
contig-0002252	#E6B847	chr15
contig-0002253	#E6B847	chr15
contig-0002254	#0072B2	chr5
contig-0002255	#0072B2	chr5
contig-0002256	#0072B2	chr5
contig-0002257	#00B28C	chr17
contig-0002258	#00B28C	chr17
contig-0002259	#00B28C	chr17
contig-0002260	#D58C66	chr20
contig-0002261	#E69F00	chr1
contig-0002262	#E69F00	chr1
contig-0002263	#E69F00	chr1
contig-0002264	#D58C66	chr20
contig-0002265	#D58C66	chr20
contig-0002266	#D58C66	chr20
contig-0002267	#D58C66	chr20
contig-0002268	#D58C66	chr20
contig-0002269	#56B4E9	chr2
contig-0002270	#CC8DB3	chr11
contig-0002271	#56B4E9	chr2
contig-0002272	#D58C66	chr20
contig-0002273	#CC8DB3	chr11
contig-0002274	#CC8DB3	chr11
contig-0002275	#5699E9	chr9
contig-0002276	#5699E9	chr9
contig-0002277	#5699E9	chr9
contig-0002278	#D58C66	chr20
contig-0002279	#D58C66	chr20
contig-0002280	#D58C66	chr20
contig-0002281	#D58C66	chr20
contig-0002282	#D58C66	chr20
contig-0002283	#338CC2	chr19
contig-0002284	#E6B847	chr15
contig-0002285	#E6B847	chr15
contig-0002286	#E6B847	chr15
contig-0002287	#E6B847	chr15
contig-0002288	#E6B847	chr15
contig-0002289	#56B4E9	chr2
contig-0002290	#56B4E9	chr2
contig-0002291	#56B4E9	chr2
contig-0002292	#CCA0BF	chr18
contig-0002293	#CCA0BF	chr18
contig-0002294	#D57533	chr13
contig-0002295	#CCA0BF	chr18
contig-0002296	#CCA0BF	chr18
contig-0002297	#CCA0BF	chr18
contig-0002298	#666666	chr7
contig-0002299	#666666	chr7
contig-0002300	#666666	chr7
contig-0002301	#567DE9	chr16
contig-0002302	#567DE9	chr16
contig-0002303	#567DE9	chr16
contig-0002304	#CCA0BF	chr18
contig-0002305	#D57533	chr13
contig-0002306	#CCA0BF	chr18
contig-0002307	#CCA0BF	chr18
contig-0002308	#5699E9	chr9
contig-0002309	#56B4E9	chr2
contig-0002310	#56B4E9	chr2
contig-0002311	#56B4E9	chr2
contig-0002312	#00A880	chr10
contig-0002313	#00A880	chr10
contig-0002314	#00A880	chr10
contig-0002315	#009E73	chr3
contig-0002316	#E6B847	chr15
contig-0002317	#009E73	chr3
contig-0002318	#009E73	chr3
contig-0002319	#009E73	chr3
contig-0002320	#009E73	chr3
contig-0002321	#56B4E9	chr2
contig-0002322	#56B4E9	chr2
contig-0002323	#56B4E9	chr2
contig-0002324	#56B4E9	chr2
contig-0002325	#5699E9	chr9
contig-0002326	#E6C47F	chr22
contig-0002327	#5699E9	chr9
contig-0002328	#5699E9	chr9
contig-0002329	#5699E9	chr9
contig-0002330	#5699E9	chr9
contig-0002331	#1A7FBA	chr12
contig-0002332	#5699E9	chr9
contig-0002333	#00A880	chr10
contig-0002334	#CC79A7	chr4
contig-0002335	#CC79A7	chr4
contig-0002336	#E6C47F	chr22
contig-0002337	#CC79A7	chr4
contig-0002338	#CC79A7	chr4
contig-0002339	#CC79A7	chr4
contig-0002340	#56B4E9	chr2
contig-0002341	#56B4E9	chr2
contig-0002342	#56B4E9	chr2
contig-0002343	#56B4E9	chr2
contig-0002344	#737373	chr14
contig-0002345	#737373	chr14
contig-0002346	#737373	chr14
contig-0002347	#00B28C	chr17
contig-0002348	#737373	chr14
contig-0002349	#737373	chr14
contig-0002350	#5699E9	chr9
contig-0002351	#5699E9	chr9
contig-0002352	#5699E9	chr9
contig-0002353	#5699E9	chr9
contig-0002354	#5699E9	chr9
contig-0002355	#5699E9	chr9
contig-0002356	#5699E9	chr9
contig-0002357	#56B4E9	chr2
contig-0002358	#56B4E9	chr2
contig-0002359	#56B4E9	chr2
contig-0002360	#56B4E9	chr2
contig-0002361	#56B4E9	chr2
contig-0002362	#5699E9	chr9
contig-0002363	#CCA0BF	chr18
contig-0002364	#1A7FBA	chr12
contig-0002365	#1A7FBA	chr12
contig-0002366	#00B28C	chr17
contig-0002367	#1A7FBA	chr12
contig-0002368	#1A7FBA	chr12
contig-0002369	#737373	chr14
contig-0002370	#567DE9	chr16
contig-0002371	#567DE9	chr16
contig-0002372	#567DE9	chr16
contig-0002373	#D58C66	chr20
contig-0002374	#D58C66	chr20
contig-0002375	#D58C66	chr20
contig-0002376	#D58C66	chr20
contig-0002377	#56B4E9	chr2
contig-0002378	#00B28C	chr17
contig-0002379	#D58C66	chr20
contig-0002380	#0072B2	chr5
contig-0002381	#666666	chr7
contig-0002382	#666666	chr7
contig-0002383	#666666	chr7
contig-0002384	#CC79A7	chr4
contig-0002385	#CC79A7	chr4
contig-0002386	#CC79A7	chr4
contig-0002387	#CC79A7	chr4
contig-0002388	#CC8DB3	chr11
contig-0002389	#E69F00	chr1
contig-0002390	#E69F00	chr1
contig-0002391	#E69F00	chr1
contig-0002392	#E6AB23	chr8
contig-0002393	#E6AB23	chr8
contig-0002394	#E6AB23	chr8
contig-0002395	#E6B847	chr15
contig-0002396	#CC8DB3	chr11
contig-0002397	#E6B847	chr15
contig-0002398	#E6B847	chr15
contig-0002399	#CC79A7	chr4
contig-0002400	#CC79A7	chr4
contig-0002401	#E69F00	chr1
contig-0002402	#E69F00	chr1
contig-0002403	#E69F00	chr1
contig-0002404	#E69F00	chr1
contig-0002405	#E69F00	chr1
contig-0002406	#E69F00	chr1
contig-0002407	#E69F00	chr1
contig-0002408	#E69F00	chr1
contig-0002409	#E69F00	chr1
contig-0002410	#E69F00	chr1
contig-0002411	#E69F00	chr1
contig-0002412	#E69F00	chr1
contig-0002413	#E69F00	chr1
contig-0002414	#D57533	chr13
contig-0002415	#D57533	chr13
contig-0002416	#D57533	chr13
contig-0002417	#00B28C	chr17
contig-0002418	#E69F00	chr1
contig-0002419	#666666	chr7
contig-0002420	#666666	chr7
contig-0002421	#666666	chr7
contig-0002422	#666666	chr7
contig-0002423	#666666	chr7
contig-0002424	#666666	chr7
contig-0002425	#666666	chr7
contig-0002426	#666666	chr7
contig-0002427	#666666	chr7
contig-0002428	#666666	chr7
contig-0002429	#009E73	chr3
contig-0002430	#009E73	chr3
contig-0002431	#009E73	chr3
contig-0002432	#009E73	chr3
contig-0002433	#009E73	chr3
contig-0002434	#CC79A7	chr4
contig-0002435	#5699E9	chr9
contig-0002436	#5699E9	chr9
contig-0002437	#5699E9	chr9
contig-0002438	#5699E9	chr9
contig-0002439	#5699E9	chr9
contig-0002440	#5699E9	chr9
contig-0002441	#E6B847	chr15
contig-0002442	#E6B847	chr15
contig-0002443	#E6B847	chr15
contig-0002444	#CC79A7	chr4
contig-0002445	#E6B847	chr15
contig-0002446	#E6B847	chr15
contig-0002447	#737373	chr14
contig-0002448	#737373	chr14
contig-0002449	#737373	chr14
contig-0002450	#737373	chr14
contig-0002451	#737373	chr14
contig-0002452	#D57533	chr13
contig-0002453	#D57533	chr13
contig-0002454	#D57533	chr13
contig-0002455	#CC79A7	chr4
contig-0002456	#00B28C	chr17
contig-0002457	#00B28C	chr17
contig-0002458	#0072B2	chr5
contig-0002459	#0072B2	chr5
contig-0002460	#0072B2	chr5
contig-0002461	#1A7FBA	chr12
contig-0002462	#1A7FBA	chr12
contig-0002463	#E6B847	chr15
contig-0002464	#E6B847	chr15
contig-0002465	#CC79A7	chr4
contig-0002466	#E6B847	chr15
contig-0002467	#56B4E9	chr2
contig-0002468	#56B4E9	chr2
contig-0002469	#56B4E9	chr2
contig-0002470	#CC8DB3	chr11
contig-0002471	#56B4E9	chr2
contig-0002472	#56B4E9	chr2
contig-0002473	#56B4E9	chr2
contig-0002474	#56B4E9	chr2
contig-0002475	#56B4E9	chr2
contig-0002476	#56B4E9	chr2
contig-0002477	#E6C47F	chr22
contig-0002478	#009E73	chr3
contig-0002479	#D58C66	chr20
contig-0002480	#D58C66	chr20
contig-0002481	#D58C66	chr20
contig-0002482	#666666	chr7
contig-0002483	#666666	chr7
contig-0002484	#338CC2	chr19
contig-0002485	#338CC2	chr19
contig-0002486	#338CC2	chr19
contig-0002487	#808080	chr21
contig-0002488	#D55E00	chr6
contig-0002489	#D55E00	chr6
contig-0002490	#D55E00	chr6
contig-0002491	#D55E00	chr6
contig-0002492	#D55E00	chr6
contig-0002493	#D55E00	chr6
contig-0002494	#D55E00	chr6
contig-0002495	#D55E00	chr6
contig-0002496	#D55E00	chr6
contig-0002497	#1A7FBA	chr12
contig-0002498	#808080	chr21
contig-0002499	#1A7FBA	chr12
contig-0002500	#1A7FBA	chr12
contig-0002501	#CCA0BF	chr18
contig-0002502	#CCA0BF	chr18
contig-0002503	#CCA0BF	chr18
contig-0002504	#CCA0BF	chr18
contig-0002505	#CCA0BF	chr18
contig-0002506	#0072B2	chr5
contig-0002507	#0072B2	chr5
contig-0002508	#E6C47F	chr22
contig-0002509	#0072B2	chr5
contig-0002510	#56B4E9	chr2
contig-0002511	#56B4E9	chr2
contig-0002512	#56B4E9	chr2
contig-0002513	#00A880	chr10
contig-0002514	#00A880	chr10
contig-0002515	#00A880	chr10
contig-0002516	#56B4E9	chr2
contig-0002517	#56B4E9	chr2
contig-0002518	#56B4E9	chr2
contig-0002519	#808080	chr21
contig-0002520	#56B4E9	chr2
contig-0002521	#56B4E9	chr2
contig-0002522	#56B4E9	chr2
contig-0002523	#56B4E9	chr2
contig-0002524	#CC8DB3	chr11
contig-0002525	#CCA0BF	chr18
contig-0002526	#CCA0BF	chr18
contig-0002527	#CCA0BF	chr18
contig-0002528	#E6C47F	chr22
contig-0002529	#CC79A7	chr4
contig-0002530	#CC79A7	chr4
contig-0002531	#CC79A7	chr4
contig-0002532	#808080	chr21
contig-0002533	#808080	chr21
contig-0002534	#808080	chr21
contig-0002535	#CC79A7	chr4
contig-0002536	#CC79A7	chr4
contig-0002537	#CC79A7	chr4
contig-0002538	#009E73	chr3
contig-0002539	#E6C47F	chr22
contig-0002540	#009E73	chr3
contig-0002541	#009E73	chr3
contig-0002542	#009E73	chr3
contig-0002543	#E6B847	chr15
contig-0002544	#E6B847	chr15
contig-0002545	#E6B847	chr15
contig-0002546	#CC79A7	chr4
contig-0002547	#CC79A7	chr4
contig-0002548	#CC79A7	chr4
contig-0002549	#CC79A7	chr4
contig-0002550	#808080	chr21
contig-0002551	#CC79A7	chr4
contig-0002552	#338CC2	chr19
contig-0002553	#338CC2	chr19
contig-0002554	#338CC2	chr19
contig-0002555	#338CC2	chr19
contig-0002556	#338CC2	chr19
contig-0002557	#5699E9	chr9
contig-0002558	#5699E9	chr9
contig-0002559	#5699E9	chr9
contig-0002560	#808080	chr21
contig-0002561	#5699E9	chr9
contig-0002562	#5699E9	chr9
contig-0002563	#5699E9	chr9
contig-0002564	#CC79A7	chr4
contig-0002565	#CC79A7	chr4
contig-0002566	#CC79A7	chr4
contig-0002567	#338CC2	chr19
contig-0002568	#338CC2	chr19
contig-0002569	#338CC2	chr19
contig-0002570	#808080	chr21
contig-0002571	#338CC2	chr19
contig-0002572	#338CC2	chr19
contig-0002573	#CC8DB3	chr11
contig-0002574	#CC8DB3	chr11
contig-0002575	#CC8DB3	chr11
contig-0002576	#CC8DB3	chr11
contig-0002577	#1A7FBA	chr12
contig-0002578	#1A7FBA	chr12
contig-0002579	#1A7FBA	chr12
contig-0002580	#E69F00	chr1
contig-0002581	#808080	chr21
contig-0002582	#E6B847	chr15
contig-0002583	#E6B847	chr15
contig-0002584	#E6B847	chr15
contig-0002585	#666666	chr7
contig-0002586	#666666	chr7
contig-0002587	#666666	chr7
contig-0002588	#009E73	chr3
contig-0002589	#56B4E9	chr2
contig-0002590	#808080	chr21
contig-0002591	#56B4E9	chr2
contig-0002592	#56B4E9	chr2
contig-0002593	#00A880	chr10
contig-0002594	#00A880	chr10
contig-0002595	#00A880	chr10
contig-0002596	#338CC2	chr19
contig-0002597	#CC79A7	chr4
contig-0002598	#CC79A7	chr4
contig-0002599	#00A880	chr10
contig-0002600	#E6C47F	chr22
contig-0002601	#00A880	chr10
contig-0002602	#00A880	chr10
contig-0002603	#1A7FBA	chr12
contig-0002604	#1A7FBA	chr12
contig-0002605	#1A7FBA	chr12
contig-0002606	#CC8DB3	chr11
contig-0002607	#E6AB23	chr8
contig-0002608	#E6AB23	chr8
contig-0002609	#E6C47F	chr22
contig-0002610	#E6AB23	chr8
contig-0002611	#E6AB23	chr8
contig-0002612	#9467BD	chrX
contig-0002613	#9467BD	chrX
contig-0002614	#9467BD	chrX
contig-0002615	#737373	chr14
contig-0002616	#737373	chr14
contig-0002617	#737373	chr14
contig-0002618	#737373	chr14
contig-0002619	#737373	chr14
contig-0002620	#00B28C	chr17
contig-0002621	#0072B2	chr5
contig-0002622	#D55E00	chr6
contig-0002623	#D55E00	chr6
contig-0002624	#D55E00	chr6
contig-0002625	#737373	chr14
contig-0002626	#737373	chr14
contig-0002627	#737373	chr14
contig-0002628	#D57533	chr13
contig-0002629	#D57533	chr13
contig-0002630	#D57533	chr13
contig-0002631	#00B28C	chr17
contig-0002632	#737373	chr14
contig-0002633	#737373	chr14
contig-0002634	#737373	chr14
contig-0002635	#737373	chr14
contig-0002636	#737373	chr14
contig-0002637	#CCA0BF	chr18
contig-0002638	#CCA0BF	chr18
contig-0002639	#CCA0BF	chr18
contig-0002640	#D55E00	chr6
contig-0002641	#D55E00	chr6
contig-0002642	#D55E00	chr6
contig-0002643	#D55E00	chr6
contig-0002644	#D55E00	chr6
contig-0002645	#0072B2	chr5
contig-0002646	#567DE9	chr16
contig-0002647	#1A7FBA	chr12
contig-0002648	#338CC2	chr19
contig-0002649	#338CC2	chr19
contig-0002650	#338CC2	chr19
contig-0002651	#00B28C	chr17
contig-0002652	#009E73	chr3
contig-0002653	#009E73	chr3
contig-0002654	#009E73	chr3
contig-0002655	#009E73	chr3
contig-0002656	#E6AB23	chr8
contig-0002657	#E6AB23	chr8
contig-0002658	#E6AB23	chr8
contig-0002659	#5699E9	chr9
contig-0002660	#5699E9	chr9
contig-0002661	#5699E9	chr9
contig-0002662	#CC79A7	chr4
contig-0002663	#CC79A7	chr4
contig-0002664	#CC79A7	chr4
contig-0002665	#E69F00	chr1
contig-0002666	#E69F00	chr1
contig-0002667	#E69F00	chr1
contig-0002668	#E69F00	chr1
contig-0002669	#E69F00	chr1
contig-0002670	#CC79A7	chr4
contig-0002671	#00B28C	chr17
contig-0002672	#CC79A7	chr4
contig-0002673	#CC79A7	chr4
contig-0002674	#CC79A7	chr4
contig-0002675	#CC79A7	chr4
contig-0002676	#56B4E9	chr2
contig-0002677	#D55E00	chr6
contig-0002678	#D55E00	chr6
contig-0002679	#D55E00	chr6
contig-0002680	#8C564B	chrY
contig-0002681	#00A880	chr10
contig-0002682	#E69F00	chr1
contig-0002683	#00B28C	chr17
contig-0002684	#00A880	chr10
contig-0002685	#00A880	chr10
contig-0002686	#0072B2	chr5
contig-0002687	#0072B2	chr5
contig-0002688	#0072B2	chr5
contig-0002689	#56B4E9	chr2
contig-0002690	#E6AB23	chr8
contig-0002691	#E6AB23	chr8
contig-0002692	#E6AB23	chr8
contig-0002693	#E6AB23	chr8
contig-0002694	#737373	chr14
contig-0002695	#E6AB23	chr8
contig-0002696	#CC79A7	chr4
contig-0002697	#CC79A7	chr4
contig-0002698	#CC79A7	chr4
contig-0002699	#CC79A7	chr4
contig-0002700	#CC79A7	chr4
contig-0002701	#CC79A7	chr4
contig-0002702	#CC79A7	chr4
contig-0002703	#666666	chr7
contig-0002704	#666666	chr7
contig-0002705	#666666	chr7
contig-0002706	#E69F00	chr1
contig-0002707	#CC79A7	chr4
contig-0002708	#CC79A7	chr4
contig-0002709	#CC79A7	chr4
contig-0002710	#009E73	chr3
contig-0002711	#009E73	chr3
contig-0002712	#009E73	chr3
contig-0002713	#737373	chr14
contig-0002714	#666666	chr7
contig-0002715	#666666	chr7
contig-0002716	#666666	chr7
contig-0002717	#56B4E9	chr2
contig-0002718	#56B4E9	chr2
contig-0002719	#56B4E9	chr2
contig-0002720	#00A880	chr10
contig-0002721	#00A880	chr10
contig-0002722	#00A880	chr10
contig-0002723	#CC8DB3	chr11
contig-0002724	#737373	chr14
contig-0002725	#CC8DB3	chr11
contig-0002726	#E6AB23	chr8
contig-0002727	#E6AB23	chr8
contig-0002728	#E6AB23	chr8
contig-0002729	#E6B847	chr15
contig-0002730	#E6B847	chr15
contig-0002731	#E6B847	chr15
contig-0002732	#E6B847	chr15
contig-0002733	#E6B847	chr15
contig-0002734	#737373	chr14
contig-0002735	#E6B847	chr15
contig-0002736	#0072B2	chr5
contig-0002737	#0072B2	chr5
contig-0002738	#0072B2	chr5
contig-0002739	#E6AB23	chr8
contig-0002740	#E6AB23	chr8
contig-0002741	#E6AB23	chr8
contig-0002742	#0072B2	chr5
contig-0002743	#0072B2	chr5
contig-0002744	#0072B2	chr5
contig-0002745	#E69F00	chr1
contig-0002746	#0072B2	chr5
contig-0002747	#0072B2	chr5
contig-0002748	#0072B2	chr5
contig-0002749	#338CC2	chr19
contig-0002750	#338CC2	chr19
contig-0002751	#338CC2	chr19
contig-0002752	#338CC2	chr19
contig-0002753	#338CC2	chr19
contig-0002754	#567DE9	chr16
contig-0002755	#E69F00	chr1
contig-0002756	#567DE9	chr16
contig-0002757	#567DE9	chr16
contig-0002758	#0072B2	chr5
contig-0002759	#0072B2	chr5
contig-0002760	#0072B2	chr5
contig-0002761	#1A7FBA	chr12
contig-0002762	#1A7FBA	chr12
contig-0002763	#1A7FBA	chr12
contig-0002764	#D57533	chr13
contig-0002765	#D57533	chr13
contig-0002766	#E69F00	chr1
contig-0002767	#D57533	chr13
contig-0002768	#D57533	chr13
contig-0002769	#D57533	chr13
contig-0002770	#737373	chr14
contig-0002771	#737373	chr14
contig-0002772	#737373	chr14
contig-0002773	#737373	chr14
contig-0002774	#737373	chr14
contig-0002775	#1A7FBA	chr12
contig-0002776	#1A7FBA	chr12
contig-0002777	#E69F00	chr1
contig-0002778	#1A7FBA	chr12
contig-0002779	#1A7FBA	chr12
contig-0002780	#1A7FBA	chr12
contig-0002781	#E69F00	chr1
contig-0002782	#E69F00	chr1
contig-0002783	#E69F00	chr1
contig-0002784	#737373	chr14
contig-0002785	#737373	chr14
contig-0002786	#737373	chr14
contig-0002787	#666666	chr7
contig-0002788	#E69F00	chr1
contig-0002789	#E69F00	chr1
contig-0002790	#666666	chr7
contig-0002791	#666666	chr7
contig-0002792	#E69F00	chr1
contig-0002793	#E69F00	chr1
contig-0002794	#E69F00	chr1
contig-0002795	#E69F00	chr1
contig-0002796	#E69F00	chr1
contig-0002797	#E69F00	chr1
contig-0002798	#0072B2	chr5
contig-0002799	#0072B2	chr5
contig-0002800	#E69F00	chr1
contig-0002801	#0072B2	chr5
contig-0002802	#E69F00	chr1
contig-0002803	#E69F00	chr1
contig-0002804	#E69F00	chr1
contig-0002805	#E69F00	chr1
contig-0002806	#E69F00	chr1
contig-0002807	#E69F00	chr1
contig-0002808	#E69F00	chr1
contig-0002809	#E69F00	chr1
contig-0002810	#567DE9	chr16
contig-0002811	#E69F00	chr1
contig-0002812	#1A7FBA	chr12
contig-0002813	#1A7FBA	chr12
contig-0002814	#1A7FBA	chr12
contig-0002815	#CC79A7	chr4
contig-0002816	#009E73	chr3
contig-0002817	#009E73	chr3
contig-0002818	#009E73	chr3
contig-0002819	#009E73	chr3
contig-0002820	#009E73	chr3
contig-0002821	#009E73	chr3
contig-0002822	#009E73	chr3
contig-0002823	#009E73	chr3
contig-0002824	#5699E9	chr9
contig-0002825	#56B4E9	chr2
contig-0002826	#56B4E9	chr2
contig-0002827	#56B4E9	chr2
contig-0002828	#E69F00	chr1
contig-0002829	#00B28C	chr17
contig-0002830	#00B28C	chr17
contig-0002831	#00A880	chr10
contig-0002832	#00A880	chr10
contig-0002833	#00A880	chr10
contig-0002834	#E6B847	chr15
contig-0002835	#E6B847	chr15
contig-0002836	#E6B847	chr15
contig-0002837	#E6B847	chr15
contig-0002838	#E6B847	chr15
contig-0002839	#E6B847	chr15
contig-0002840	#E6B847	chr15
contig-0002841	#E6B847	chr15
contig-0002842	#E6B847	chr15
contig-0002843	#567DE9	chr16
contig-0002844	#CC8DB3	chr11
contig-0002845	#CC8DB3	chr11
contig-0002846	#CC8DB3	chr11
contig-0002847	#CC79A7	chr4
contig-0002848	#CC8DB3	chr11
contig-0002849	#CC79A7	chr4
contig-0002850	#E69F00	chr1
contig-0002851	#E69F00	chr1
contig-0002852	#E69F00	chr1
contig-0002853	#CC79A7	chr4
contig-0002854	#CC79A7	chr4
contig-0002855	#CC79A7	chr4
contig-0002856	#CC79A7	chr4
contig-0002857	#CC79A7	chr4
contig-0002858	#666666	chr7
contig-0002859	#666666	chr7
contig-0002860	#CC79A7	chr4
contig-0002861	#666666	chr7
contig-0002862	#666666	chr7
contig-0002863	#666666	chr7
contig-0002864	#E6B847	chr15
contig-0002865	#E6B847	chr15
contig-0002866	#E6B847	chr15
contig-0002867	#E6B847	chr15
contig-0002868	#E6B847	chr15
contig-0002869	#1A7FBA	chr12
contig-0002870	#1A7FBA	chr12
contig-0002871	#CC79A7	chr4
contig-0002872	#1A7FBA	chr12
contig-0002873	#E6AB23	chr8
contig-0002874	#E6AB23	chr8
contig-0002875	#E6AB23	chr8
contig-0002876	#E6AB23	chr8
contig-0002877	#E6AB23	chr8
contig-0002878	#D55E00	chr6
contig-0002879	#D55E00	chr6
contig-0002880	#D55E00	chr6
contig-0002881	#D55E00	chr6
contig-0002882	#CC79A7	chr4
contig-0002883	#D55E00	chr6
contig-0002884	#00A880	chr10
contig-0002885	#56B4E9	chr2
contig-0002886	#56B4E9	chr2
contig-0002887	#56B4E9	chr2
contig-0002888	#56B4E9	chr2
contig-0002889	#56B4E9	chr2
contig-0002890	#00B28C	chr17
contig-0002891	#00B28C	chr17
contig-0002892	#00B28C	chr17
contig-0002893	#E69F00	chr1
contig-0002894	#808080	chr21
contig-0002895	#00B28C	chr17
contig-0002896	#00B28C	chr17
contig-0002897	#56B4E9	chr2
contig-0002898	#56B4E9	chr2
contig-0002899	#56B4E9	chr2
contig-0002900	#0072B2	chr5
contig-0002901	#0072B2	chr5
contig-0002902	#0072B2	chr5
contig-0002903	#0072B2	chr5
contig-0002904	#0072B2	chr5
contig-0002905	#808080	chr21
contig-0002906	#666666	chr7
contig-0002907	#666666	chr7
contig-0002908	#5699E9	chr9
contig-0002909	#5699E9	chr9
contig-0002910	#5699E9	chr9
contig-0002911	#E69F00	chr1
contig-0002912	#E69F00	chr1
contig-0002913	#E69F00	chr1
contig-0002914	#E69F00	chr1
contig-0002915	#E69F00	chr1
contig-0002916	#808080	chr21
contig-0002917	#E6B847	chr15
contig-0002918	#E6B847	chr15
contig-0002919	#E6B847	chr15
contig-0002920	#5699E9	chr9
contig-0002921	#5699E9	chr9
contig-0002922	#5699E9	chr9
contig-0002923	#5699E9	chr9
contig-0002924	#5699E9	chr9
contig-0002925	#5699E9	chr9
contig-0002926	#5699E9	chr9
contig-0002927	#808080	chr21
contig-0002928	#567DE9	chr16
contig-0002929	#567DE9	chr16
contig-0002930	#567DE9	chr16
contig-0002931	#567DE9	chr16
contig-0002932	#567DE9	chr16
contig-0002933	#E6AB23	chr8
contig-0002934	#E6AB23	chr8
contig-0002935	#E6AB23	chr8
contig-0002936	#00B28C	chr17
contig-0002937	#00B28C	chr17
contig-0002938	#D57533	chr13
contig-0002939	#00B28C	chr17
contig-0002940	#00B28C	chr17
contig-0002941	#00B28C	chr17
contig-0002942	#1A7FBA	chr12
contig-0002943	#1A7FBA	chr12
contig-0002944	#1A7FBA	chr12
contig-0002945	#1A7FBA	chr12
contig-0002946	#1A7FBA	chr12
contig-0002947	#808080	chr21
contig-0002948	#1A7FBA	chr12
contig-0002949	#1A7FBA	chr12
contig-0002950	#56B4E9	chr2
contig-0002951	#56B4E9	chr2
contig-0002952	#56B4E9	chr2
contig-0002953	#666666	chr7
contig-0002954	#666666	chr7
contig-0002955	#5699E9	chr9
contig-0002956	#CC8DB3	chr11
contig-0002957	#CC8DB3	chr11
contig-0002958	#D57533	chr13
contig-0002959	#CC8DB3	chr11
contig-0002960	#CC8DB3	chr11
contig-0002961	#CC8DB3	chr11
contig-0002962	#CC8DB3	chr11
contig-0002963	#CC8DB3	chr11
contig-0002964	#E6AB23	chr8
contig-0002965	#E6AB23	chr8
contig-0002966	#E6AB23	chr8
contig-0002967	#0072B2	chr5
contig-0002968	#0072B2	chr5
contig-0002969	#808080	chr21
contig-0002970	#0072B2	chr5
contig-0002971	#737373	chr14
contig-0002972	#737373	chr14
contig-0002973	#737373	chr14
contig-0002974	#737373	chr14
contig-0002975	#737373	chr14
contig-0002976	#E6C47F	chr22
contig-0002977	#E6C47F	chr22
contig-0002978	#737373	chr14
contig-0002979	#E6C47F	chr22
contig-0002980	#D57533	chr13
contig-0002981	#808080	chr21
contig-0002982	#737373	chr14
contig-0002983	#E6C47F	chr22
contig-0002984	#E6B847	chr15
contig-0002985	#E6B847	chr15
contig-0002986	#E6B847	chr15
contig-0002987	#5699E9	chr9
contig-0002988	#00B28C	chr17
contig-0002989	#00B28C	chr17
contig-0002990	#808080	chr21
contig-0002991	#00B28C	chr17
contig-0002992	#009E73	chr3
contig-0002993	#009E73	chr3
contig-0002994	#009E73	chr3
contig-0002995	#009E73	chr3
contig-0002996	#009E73	chr3
contig-0002997	#338CC2	chr19
contig-0002998	#E6B847	chr15
contig-0002999	#E6B847	chr15
contig-0003000	#E6B847	chr15
contig-0003001	#E69F00	chr1
contig-0003002	#00B28C	chr17
contig-0003003	#00A880	chr10
contig-0003004	#338CC2	chr19
contig-0003005	#338CC2	chr19
contig-0003006	#338CC2	chr19
contig-0003007	#338CC2	chr19
contig-0003008	#338CC2	chr19
contig-0003009	#00B28C	chr17
contig-0003010	#009E73	chr3
contig-0003011	#009E73	chr3
contig-0003012	#009E73	chr3
contig-0003013	#00B28C	chr17
contig-0003014	#009E73	chr3
contig-0003015	#009E73	chr3
contig-0003016	#0072B2	chr5
contig-0003017	#338CC2	chr19
contig-0003018	#338CC2	chr19
contig-0003019	#338CC2	chr19
contig-0003020	#808080	chr21
contig-0003021	#808080	chr21
contig-0003022	#808080	chr21
contig-0003023	#808080	chr21
contig-0003024	#E69F00	chr1
contig-0003025	#808080	chr21
contig-0003026	#808080	chr21
contig-0003027	#E69F00	chr1
contig-0003028	#666666	chr7
contig-0003029	#666666	chr7
contig-0003030	#0072B2	chr5
contig-0003031	#E69F00	chr1
contig-0003032	#009E73	chr3
contig-0003033	#567DE9	chr16
contig-0003034	#567DE9	chr16
contig-0003035	#567DE9	chr16
contig-0003036	#567DE9	chr16
contig-0003037	#567DE9	chr16
contig-0003038	#567DE9	chr16
contig-0003039	#567DE9	chr16
contig-0003040	#D57533	chr13
contig-0003041	#D57533	chr13
contig-0003042	#E69F00	chr1
contig-0003043	#D57533	chr13
contig-0003044	#D57533	chr13
contig-0003045	#D57533	chr13
contig-0003046	#567DE9	chr16
contig-0003047	#CC79A7	chr4
contig-0003048	#D58C66	chr20
contig-0003049	#D58C66	chr20
contig-0003050	#D58C66	chr20
contig-0003051	#E69F00	chr1
contig-0003052	#E69F00	chr1
contig-0003053	#E69F00	chr1
contig-0003054	#CC8DB3	chr11
contig-0003055	#00A880	chr10
contig-0003056	#00A880	chr10
contig-0003057	#00A880	chr10
contig-0003058	#E6AB23	chr8
contig-0003059	#E69F00	chr1
contig-0003060	#E6AB23	chr8
contig-0003061	#E6AB23	chr8
contig-0003062	#E6AB23	chr8
contig-0003063	#E69F00	chr1
contig-0003064	#E69F00	chr1
contig-0003065	#E69F00	chr1
contig-0003066	#E69F00	chr1
contig-0003067	#E69F00	chr1
contig-0003068	#E69F00	chr1
contig-0003069	#E69F00	chr1
contig-0003070	#E69F00	chr1
contig-0003071	#009E73	chr3
contig-0003072	#009E73	chr3
contig-0003073	#009E73	chr3
contig-0003074	#737373	chr14
contig-0003075	#0072B2	chr5
contig-0003076	#0072B2	chr5
contig-0003077	#0072B2	chr5
contig-0003078	#0072B2	chr5
contig-0003079	#0072B2	chr5
contig-0003080	#E69F00	chr1
contig-0003081	#009E73	chr3
contig-0003082	#009E73	chr3
contig-0003083	#009E73	chr3
contig-0003084	#009E73	chr3
contig-0003085	#E6AB23	chr8
contig-0003086	#E6AB23	chr8
contig-0003087	#E6AB23	chr8
contig-0003088	#E6AB23	chr8
contig-0003089	#E6AB23	chr8
contig-0003090	#E69F00	chr1
contig-0003091	#CCA0BF	chr18
contig-0003092	#CCA0BF	chr18
contig-0003093	#CCA0BF	chr18
contig-0003094	#CCA0BF	chr18
contig-0003095	#CCA0BF	chr18
contig-0003096	#E69F00	chr1
contig-0003097	#E69F00	chr1
contig-0003098	#E69F00	chr1
contig-0003099	#D58C66	chr20
contig-0003100	#D58C66	chr20
contig-0003101	#666666	chr7
contig-0003102	#E69F00	chr1
contig-0003103	#E69F00	chr1
contig-0003104	#D58C66	chr20
contig-0003105	#666666	chr7
contig-0003106	#666666	chr7
contig-0003107	#567DE9	chr16
contig-0003108	#E69F00	chr1
contig-0003109	#E69F00	chr1
contig-0003110	#E69F00	chr1
contig-0003111	#E69F00	chr1
contig-0003112	#E69F00	chr1
contig-0003113	#E69F00	chr1
contig-0003114	#E69F00	chr1
contig-0003115	#E69F00	chr1
contig-0003116	#E69F00	chr1
contig-0003117	#E69F00	chr1
contig-0003118	#E69F00	chr1
contig-0003119	#E69F00	chr1
contig-0003120	#E69F00	chr1
contig-0003121	#00A880	chr10
contig-0003122	#00A880	chr10
contig-0003123	#0072B2	chr5
contig-0003124	#00A880	chr10
contig-0003125	#56B4E9	chr2
contig-0003126	#666666	chr7
contig-0003127	#666666	chr7
contig-0003128	#666666	chr7
contig-0003129	#E6C47F	chr22
contig-0003130	#E6C47F	chr22
contig-0003131	#E6C47F	chr22
contig-0003132	#0072B2	chr5
contig-0003133	#0072B2	chr5
contig-0003134	#0072B2	chr5
contig-0003135	#0072B2	chr5
contig-0003136	#666666	chr7
contig-0003137	#666666	chr7
contig-0003138	#666666	chr7
contig-0003139	#666666	chr7
contig-0003140	#666666	chr7
contig-0003141	#CC79A7	chr4
contig-0003142	#CC79A7	chr4
contig-0003143	#CC79A7	chr4
contig-0003144	#CC79A7	chr4
contig-0003145	#0072B2	chr5
contig-0003146	#D57533	chr13
contig-0003147	#D57533	chr13
contig-0003148	#D57533	chr13
contig-0003149	#E69F00	chr1
contig-0003150	#5699E9	chr9
contig-0003151	#5699E9	chr9
contig-0003152	#5699E9	chr9
contig-0003153	#5699E9	chr9
contig-0003154	#0072B2	chr5
contig-0003155	#5699E9	chr9
contig-0003156	#5699E9	chr9
contig-0003157	#5699E9	chr9
contig-0003158	#5699E9	chr9
contig-0003159	#5699E9	chr9
contig-0003160	#5699E9	chr9
contig-0003161	#56B4E9	chr2
contig-0003162	#56B4E9	chr2
contig-0003163	#D55E00	chr6
contig-0003164	#567DE9	chr16
contig-0003165	#D55E00	chr6
contig-0003166	#D55E00	chr6
contig-0003167	#D55E00	chr6
contig-0003168	#D55E00	chr6
contig-0003169	#0072B2	chr5
contig-0003170	#00B28C	chr17
contig-0003171	#00B28C	chr17
contig-0003172	#00B28C	chr17
contig-0003173	#00B28C	chr17
contig-0003174	#00B28C	chr17
contig-0003175	#567DE9	chr16
contig-0003176	#00B28C	chr17
contig-0003177	#E69F00	chr1
contig-0003178	#1A7FBA	chr12
contig-0003179	#1A7FBA	chr12
contig-0003180	#1A7FBA	chr12
contig-0003181	#1A7FBA	chr12
contig-0003182	#567DE9	chr16
contig-0003183	#E69F00	chr1
contig-0003184	#E6AB23	chr8
contig-0003185	#E6AB23	chr8
contig-0003186	#E6AB23	chr8
contig-0003187	#666666	chr7
contig-0003188	#666666	chr7
contig-0003189	#666666	chr7
contig-0003190	#56B4E9	chr2
contig-0003191	#56B4E9	chr2
contig-0003192	#56B4E9	chr2
contig-0003193	#E69F00	chr1
contig-0003194	#E69F00	chr1
contig-0003195	#E69F00	chr1
contig-0003196	#E6AB23	chr8
contig-0003197	#E6AB23	chr8
contig-0003198	#E6AB23	chr8
contig-0003199	#00A880	chr10
contig-0003200	#E6AB23	chr8
contig-0003201	#E6AB23	chr8
contig-0003202	#E6AB23	chr8
contig-0003203	#E69F00	chr1
contig-0003204	#CC79A7	chr4
contig-0003205	#E6AB23	chr8
contig-0003206	#E6AB23	chr8
contig-0003207	#009E73	chr3
contig-0003208	#56B4E9	chr2
contig-0003209	#56B4E9	chr2
contig-0003210	#CCA0BF	chr18
contig-0003211	#CCA0BF	chr18
contig-0003212	#CCA0BF	chr18
contig-0003213	#CCA0BF	chr18
contig-0003214	#CC79A7	chr4
contig-0003215	#CCA0BF	chr18
contig-0003216	#0072B2	chr5
contig-0003217	#0072B2	chr5
contig-0003218	#0072B2	chr5
contig-0003219	#1A7FBA	chr12
contig-0003220	#1A7FBA	chr12
contig-0003221	#1A7FBA	chr12
contig-0003222	#1A7FBA	chr12
contig-0003223	#CC79A7	chr4
contig-0003224	#1A7FBA	chr12
contig-0003225	#E69F00	chr1
contig-0003226	#E69F00	chr1
contig-0003227	#E69F00	chr1
contig-0003228	#E6AB23	chr8
contig-0003229	#E6AB23	chr8
contig-0003230	#E6AB23	chr8
contig-0003231	#E6B847	chr15
contig-0003232	#E6B847	chr15
contig-0003233	#D58C66	chr20
contig-0003234	#D58C66	chr20
contig-0003235	#D58C66	chr20
contig-0003236	#D55E00	chr6
contig-0003237	#D55E00	chr6
contig-0003238	#D55E00	chr6
contig-0003239	#00A880	chr10
contig-0003240	#00A880	chr10
contig-0003241	#CC79A7	chr4
contig-0003242	#00A880	chr10
contig-0003243	#1A7FBA	chr12
contig-0003244	#1A7FBA	chr12
contig-0003245	#1A7FBA	chr12
contig-0003246	#1A7FBA	chr12
contig-0003247	#1A7FBA	chr12
contig-0003248	#666666	chr7
contig-0003249	#666666	chr7
contig-0003250	#666666	chr7
contig-0003251	#666666	chr7
contig-0003252	#CC79A7	chr4
contig-0003253	#666666	chr7
contig-0003254	#666666	chr7
contig-0003255	#666666	chr7
contig-0003256	#0072B2	chr5
contig-0003257	#0072B2	chr5
contig-0003258	#0072B2	chr5
contig-0003259	#0072B2	chr5
contig-0003260	#0072B2	chr5
contig-0003261	#0072B2	chr5
contig-0003262	#0072B2	chr5
contig-0003263	#0072B2	chr5
contig-0003264	#0072B2	chr5
contig-0003265	#0072B2	chr5
contig-0003266	#0072B2	chr5
contig-0003267	#56B4E9	chr2
contig-0003268	#56B4E9	chr2
contig-0003269	#56B4E9	chr2
contig-0003270	#56B4E9	chr2
contig-0003271	#56B4E9	chr2
contig-0003272	#D58C66	chr20
contig-0003273	#CC79A7	chr4
contig-0003274	#D58C66	chr20
contig-0003275	#56B4E9	chr2
contig-0003276	#56B4E9	chr2
contig-0003277	#56B4E9	chr2
contig-0003278	#E69F00	chr1
contig-0003279	#E69F00	chr1
contig-0003280	#E69F00	chr1
contig-0003281	#E69F00	chr1
contig-0003282	#E69F00	chr1
contig-0003283	#0072B2	chr5
contig-0003284	#CC79A7	chr4
contig-0003285	#0072B2	chr5
contig-0003286	#0072B2	chr5
contig-0003287	#0072B2	chr5
contig-0003288	#0072B2	chr5
contig-0003289	#0072B2	chr5
contig-0003290	#E6AB23	chr8
contig-0003291	#E6AB23	chr8
contig-0003292	#E6AB23	chr8
contig-0003293	#00A880	chr10
contig-0003294	#CC79A7	chr4
contig-0003295	#00A880	chr10
contig-0003296	#00A880	chr10
contig-0003297	#E69F00	chr1
contig-0003298	#E69F00	chr1
contig-0003299	#E69F00	chr1
contig-0003300	#E69F00	chr1
contig-0003301	#E69F00	chr1
contig-0003302	#5699E9	chr9
contig-0003303	#E69F00	chr1
contig-0003304	#CC79A7	chr4
contig-0003305	#5699E9	chr9
contig-0003306	#5699E9	chr9
contig-0003307	#5699E9	chr9
contig-0003308	#5699E9	chr9
contig-0003309	#E69F00	chr1
contig-0003310	#E69F00	chr1
contig-0003311	#56B4E9	chr2
contig-0003312	#56B4E9	chr2
contig-0003313	#56B4E9	chr2
contig-0003314	#0072B2	chr5
contig-0003315	#CC79A7	chr4
contig-0003316	#0072B2	chr5
contig-0003317	#0072B2	chr5
contig-0003318	#0072B2	chr5
contig-0003319	#0072B2	chr5
contig-0003320	#0072B2	chr5
contig-0003321	#56B4E9	chr2
contig-0003322	#56B4E9	chr2
contig-0003323	#56B4E9	chr2
contig-0003324	#5699E9	chr9
contig-0003325	#5699E9	chr9
contig-0003326	#567DE9	chr16
contig-0003327	#5699E9	chr9
contig-0003328	#5699E9	chr9
contig-0003329	#5699E9	chr9
contig-0003330	#737373	chr14
contig-0003331	#737373	chr14
contig-0003332	#737373	chr14
contig-0003333	#0072B2	chr5
contig-0003334	#0072B2	chr5
contig-0003335	#567DE9	chr16
contig-0003336	#737373	chr14
contig-0003337	#737373	chr14
contig-0003338	#737373	chr14
contig-0003339	#737373	chr14
contig-0003340	#737373	chr14
contig-0003341	#737373	chr14
contig-0003342	#737373	chr14
contig-0003343	#737373	chr14
contig-0003344	#737373	chr14
contig-0003345	#567DE9	chr16
contig-0003346	#737373	chr14
contig-0003347	#666666	chr7
contig-0003348	#666666	chr7
contig-0003349	#666666	chr7
contig-0003350	#D55E00	chr6
contig-0003351	#D55E00	chr6
contig-0003352	#D55E00	chr6
contig-0003353	#D55E00	chr6
contig-0003354	#D55E00	chr6
contig-0003355	#567DE9	chr16
contig-0003356	#E69F00	chr1
contig-0003357	#E69F00	chr1
contig-0003358	#E69F00	chr1
contig-0003359	#737373	chr14
contig-0003360	#CC79A7	chr4
contig-0003361	#E6C47F	chr22
contig-0003362	#5699E9	chr9
contig-0003363	#5699E9	chr9
contig-0003364	#5699E9	chr9
contig-0003365	#567DE9	chr16
contig-0003366	#E6AB23	chr8
contig-0003367	#E6AB23	chr8
contig-0003368	#E6AB23	chr8
contig-0003369	#E6AB23	chr8
contig-0003370	#E6AB23	chr8
contig-0003371	#E6AB23	chr8
contig-0003372	#CC79A7	chr4
contig-0003373	#CC79A7	chr4
contig-0003374	#CC79A7	chr4
contig-0003375	#567DE9	chr16
contig-0003376	#CC79A7	chr4
contig-0003377	#CC79A7	chr4
contig-0003378	#E69F00	chr1
contig-0003379	#E69F00	chr1
contig-0003380	#E69F00	chr1
contig-0003381	#E69F00	chr1
contig-0003382	#E69F00	chr1
contig-0003383	#D58C66	chr20
contig-0003384	#D58C66	chr20
contig-0003385	#D58C66	chr20
contig-0003386	#E69F00	chr1
contig-0003387	#E69F00	chr1
contig-0003388	#E69F00	chr1
contig-0003389	#CC79A7	chr4
contig-0003390	#CC79A7	chr4
contig-0003391	#56B4E9	chr2
contig-0003392	#56B4E9	chr2
contig-0003393	#56B4E9	chr2
contig-0003394	#D55E00	chr6
contig-0003395	#56B4E9	chr2
contig-0003396	#56B4E9	chr2
contig-0003397	#56B4E9	chr2
contig-0003398	#0072B2	chr5
contig-0003399	#D55E00	chr6
contig-0003400	#D55E00	chr6
contig-0003401	#D55E00	chr6
contig-0003402	#D55E00	chr6
contig-0003403	#CC79A7	chr4
contig-0003404	#CC79A7	chr4
contig-0003405	#E69F00	chr1
contig-0003406	#D55E00	chr6
contig-0003407	#CC79A7	chr4
contig-0003408	#5699E9	chr9
contig-0003409	#5699E9	chr9
contig-0003410	#5699E9	chr9
contig-0003411	#5699E9	chr9
contig-0003412	#5699E9	chr9
contig-0003413	#5699E9	chr9
contig-0003414	#5699E9	chr9
contig-0003415	#666666	chr7
contig-0003416	#666666	chr7
contig-0003417	#D55E00	chr6
contig-0003418	#666666	chr7
contig-0003419	#0072B2	chr5
contig-0003420	#0072B2	chr5
contig-0003421	#0072B2	chr5
contig-0003422	#CC8DB3	chr11
contig-0003423	#737373	chr14
contig-0003424	#5699E9	chr9
contig-0003425	#5699E9	chr9
contig-0003426	#5699E9	chr9
contig-0003427	#D55E00	chr6
contig-0003428	#5699E9	chr9
contig-0003429	#5699E9	chr9
contig-0003430	#CCA0BF	chr18
contig-0003431	#CCA0BF	chr18
contig-0003432	#CCA0BF	chr18
contig-0003433	#CCA0BF	chr18
contig-0003434	#CCA0BF	chr18
contig-0003435	#CCA0BF	chr18
contig-0003436	#666666	chr7
contig-0003437	#D55E00	chr6
contig-0003438	#CC8DB3	chr11
contig-0003439	#CC8DB3	chr11
contig-0003440	#CC8DB3	chr11
contig-0003441	#CC8DB3	chr11
contig-0003442	#666666	chr7
contig-0003443	#666666	chr7
contig-0003444	#666666	chr7
contig-0003445	#D57533	chr13
contig-0003446	#D57533	chr13
contig-0003447	#808080	chr21
contig-0003448	#D57533	chr13
contig-0003449	#D57533	chr13
contig-0003450	#D58C66	chr20
contig-0003451	#D58C66	chr20
contig-0003452	#D58C66	chr20
contig-0003453	#D58C66	chr20
contig-0003454	#D58C66	chr20
contig-0003455	#CC8DB3	chr11
contig-0003456	#CC8DB3	chr11
contig-0003457	#808080	chr21
contig-0003458	#CC8DB3	chr11
contig-0003459	#737373	chr14
contig-0003460	#737373	chr14
contig-0003461	#737373	chr14
contig-0003462	#737373	chr14
contig-0003463	#737373	chr14
contig-0003464	#737373	chr14
contig-0003465	#567DE9	chr16
contig-0003466	#567DE9	chr16
contig-0003467	#567DE9	chr16
contig-0003468	#808080	chr21
contig-0003469	#567DE9	chr16
contig-0003470	#567DE9	chr16
contig-0003471	#CC79A7	chr4
contig-0003472	#CC79A7	chr4
contig-0003473	#CC79A7	chr4
contig-0003474	#5699E9	chr9
contig-0003475	#5699E9	chr9
contig-0003476	#CCA0BF	chr18
contig-0003477	#CCA0BF	chr18
contig-0003478	#CCA0BF	chr18
contig-0003479	#808080	chr21
contig-0003480	#56B4E9	chr2
contig-0003481	#56B4E9	chr2
contig-0003482	#56B4E9	chr2
contig-0003483	#666666	chr7
contig-0003484	#666666	chr7
contig-0003485	#666666	chr7
contig-0003486	#666666	chr7
contig-0003487	#666666	chr7
contig-0003488	#56B4E9	chr2
contig-0003489	#1A7FBA	chr12
contig-0003490	#808080	chr21
contig-0003491	#1A7FBA	chr12
contig-0003492	#1A7FBA	chr12
contig-0003493	#1A7FBA	chr12
contig-0003494	#1A7FBA	chr12
contig-0003495	#009E73	chr3
contig-0003496	#009E73	chr3
contig-0003497	#009E73	chr3
contig-0003498	#009E73	chr3
contig-0003499	#0072B2	chr5
contig-0003500	#808080	chr21
contig-0003501	#CC8DB3	chr11
contig-0003502	#CC8DB3	chr11
contig-0003503	#D55E00	chr6
contig-0003504	#D55E00	chr6
contig-0003505	#D55E00	chr6
contig-0003506	#5699E9	chr9
contig-0003507	#5699E9	chr9
contig-0003508	#E69F00	chr1
contig-0003509	#808080	chr21
contig-0003510	#5699E9	chr9
contig-0003511	#5699E9	chr9
contig-0003512	#5699E9	chr9
contig-0003513	#5699E9	chr9
contig-0003514	#5699E9	chr9
contig-0003515	#5699E9	chr9
contig-0003516	#E69F00	chr1
contig-0003517	#E69F00	chr1
contig-0003518	#E69F00	chr1
contig-0003519	#E69F00	chr1
contig-0003520	#808080	chr21
contig-0003521	#E69F00	chr1
contig-0003522	#E69F00	chr1
contig-0003523	#E69F00	chr1
contig-0003524	#0072B2	chr5
contig-0003525	#0072B2	chr5
contig-0003526	#0072B2	chr5
contig-0003527	#00B28C	chr17
contig-0003528	#00B28C	chr17
contig-0003529	#00B28C	chr17
contig-0003530	#808080	chr21
contig-0003531	#E6AB23	chr8
contig-0003532	#E6AB23	chr8
contig-0003533	#E6AB23	chr8
contig-0003534	#CCA0BF	chr18
contig-0003535	#CCA0BF	chr18
contig-0003536	#E69F00	chr1
contig-0003537	#E69F00	chr1
contig-0003538	#E69F00	chr1
contig-0003539	#D57533	chr13
contig-0003540	#808080	chr21
contig-0003541	#CC8DB3	chr11
contig-0003542	#CC8DB3	chr11
contig-0003543	#CC8DB3	chr11
contig-0003544	#CC8DB3	chr11
contig-0003545	#CC8DB3	chr11
contig-0003546	#0072B2	chr5
contig-0003547	#0072B2	chr5
contig-0003548	#0072B2	chr5
contig-0003549	#808080	chr21
contig-0003550	#E69F00	chr1
contig-0003551	#E6AB23	chr8
contig-0003552	#E6AB23	chr8
contig-0003553	#E6AB23	chr8
contig-0003554	#E6AB23	chr8
contig-0003555	#E6AB23	chr8
contig-0003556	#D55E00	chr6
contig-0003557	#D55E00	chr6
contig-0003558	#D55E00	chr6
contig-0003559	#56B4E9	chr2
contig-0003560	#56B4E9	chr2
contig-0003561	#808080	chr21
contig-0003562	#56B4E9	chr2
contig-0003563	#0072B2	chr5
contig-0003564	#1A7FBA	chr12
contig-0003565	#1A7FBA	chr12
contig-0003566	#1A7FBA	chr12
contig-0003567	#0072B2	chr5
contig-0003568	#CC79A7	chr4
contig-0003569	#CC79A7	chr4
contig-0003570	#CC79A7	chr4
contig-0003571	#808080	chr21
contig-0003572	#CC79A7	chr4
contig-0003573	#E6B847	chr15
contig-0003574	#E6B847	chr15
contig-0003575	#E6B847	chr15
contig-0003576	#D58C66	chr20
contig-0003577	#D58C66	chr20
contig-0003578	#D58C66	chr20
contig-0003579	#D58C66	chr20
contig-0003580	#D58C66	chr20
contig-0003581	#1A7FBA	chr12
contig-0003582	#808080	chr21
contig-0003583	#D57533	chr13
contig-0003584	#5699E9	chr9
contig-0003585	#5699E9	chr9
contig-0003586	#5699E9	chr9
contig-0003587	#E69F00	chr1
contig-0003588	#D55E00	chr6
contig-0003589	#D55E00	chr6
contig-0003590	#D55E00	chr6
contig-0003591	#D55E00	chr6
contig-0003592	#D55E00	chr6
contig-0003593	#808080	chr21
contig-0003594	#009E73	chr3
contig-0003595	#009E73	chr3
contig-0003596	#009E73	chr3
contig-0003597	#009E73	chr3
contig-0003598	#E69F00	chr1
contig-0003599	#E69F00	chr1
contig-0003600	#E69F00	chr1
contig-0003601	#E69F00	chr1
contig-0003602	#808080	chr21
contig-0003603	#E69F00	chr1
contig-0003604	#567DE9	chr16
contig-0003605	#567DE9	chr16
contig-0003606	#567DE9	chr16
contig-0003607	#737373	chr14
contig-0003608	#737373	chr14
contig-0003609	#737373	chr14
contig-0003610	#E69F00	chr1
contig-0003611	#808080	chr21
contig-0003612	#E6AB23	chr8
contig-0003613	#E6AB23	chr8
contig-0003614	#1A7FBA	chr12
contig-0003615	#1A7FBA	chr12
contig-0003616	#1A7FBA	chr12
contig-0003617	#1A7FBA	chr12
contig-0003618	#1A7FBA	chr12
contig-0003619	#E6AB23	chr8
contig-0003620	#E6AB23	chr8
contig-0003621	#808080	chr21
contig-0003622	#E6AB23	chr8
contig-0003623	#E6AB23	chr8
contig-0003624	#567DE9	chr16
contig-0003625	#567DE9	chr16
contig-0003626	#567DE9	chr16
contig-0003627	#E6AB23	chr8
contig-0003628	#1A7FBA	chr12
contig-0003629	#1A7FBA	chr12
contig-0003630	#808080	chr21
contig-0003631	#1A7FBA	chr12
contig-0003632	#0072B2	chr5
contig-0003633	#0072B2	chr5
contig-0003634	#0072B2	chr5
contig-0003635	#338CC2	chr19
contig-0003636	#338CC2	chr19
contig-0003637	#338CC2	chr19
contig-0003638	#338CC2	chr19
contig-0003639	#338CC2	chr19
contig-0003640	#D57533	chr13
contig-0003641	#808080	chr21
contig-0003642	#D55E00	chr6
contig-0003643	#D55E00	chr6
contig-0003644	#D55E00	chr6
contig-0003645	#E6B847	chr15
contig-0003646	#E6B847	chr15
contig-0003647	#E6B847	chr15
contig-0003648	#5699E9	chr9
contig-0003649	#5699E9	chr9
contig-0003650	#5699E9	chr9
contig-0003651	#D55E00	chr6
contig-0003652	#D55E00	chr6
contig-0003653	#D55E00	chr6
contig-0003654	#E6AB23	chr8
contig-0003655	#E6AB23	chr8
contig-0003656	#E6AB23	chr8
contig-0003657	#E6AB23	chr8
contig-0003658	#E6AB23	chr8
contig-0003659	#009E73	chr3
contig-0003660	#009E73	chr3
contig-0003661	#009E73	chr3
contig-0003662	#666666	chr7
contig-0003663	#666666	chr7
contig-0003664	#666666	chr7
contig-0003665	#666666	chr7
contig-0003666	#666666	chr7
contig-0003667	#666666	chr7
contig-0003668	#666666	chr7
contig-0003669	#D55E00	chr6
contig-0003670	#D55E00	chr6
contig-0003671	#D55E00	chr6
contig-0003672	#808080	chr21
contig-0003673	#737373	chr14
contig-0003674	#737373	chr14
contig-0003675	#737373	chr14
contig-0003676	#737373	chr14
contig-0003677	#CC8DB3	chr11
contig-0003678	#CC8DB3	chr11
contig-0003679	#E69F00	chr1
contig-0003680	#E69F00	chr1
contig-0003681	#D57533	chr13
contig-0003682	#E69F00	chr1
contig-0003683	#E69F00	chr1
contig-0003684	#E69F00	chr1
contig-0003685	#E6B847	chr15
contig-0003686	#E6B847	chr15
contig-0003687	#E6B847	chr15
contig-0003688	#E6B847	chr15
contig-0003689	#E6AB23	chr8
contig-0003690	#E6AB23	chr8
contig-0003691	#808080	chr21
contig-0003692	#E6AB23	chr8
contig-0003693	#E6B847	chr15
contig-0003694	#00B28C	chr17
contig-0003695	#00B28C	chr17
contig-0003696	#00B28C	chr17
contig-0003697	#00B28C	chr17
contig-0003698	#00B28C	chr17
contig-0003699	#009E73	chr3
contig-0003700	#009E73	chr3
contig-0003701	#009E73	chr3
contig-0003702	#808080	chr21
contig-0003703	#5699E9	chr9
contig-0003704	#737373	chr14
contig-0003705	#737373	chr14
contig-0003706	#737373	chr14
contig-0003707	#737373	chr14
contig-0003708	#E69F00	chr1
contig-0003709	#E69F00	chr1
contig-0003710	#D55E00	chr6
contig-0003711	#D55E00	chr6
contig-0003712	#E69F00	chr1
contig-0003713	#808080	chr21
contig-0003714	#D55E00	chr6
contig-0003715	#E69F00	chr1
contig-0003716	#E69F00	chr1
contig-0003717	#E69F00	chr1
contig-0003718	#E69F00	chr1
contig-0003719	#E69F00	chr1
contig-0003720	#D58C66	chr20
contig-0003721	#D58C66	chr20
contig-0003722	#D58C66	chr20
contig-0003723	#D57533	chr13
contig-0003724	#D58C66	chr20
contig-0003725	#E6AB23	chr8
contig-0003726	#E6AB23	chr8
contig-0003727	#E6AB23	chr8
contig-0003728	#E6AB23	chr8
contig-0003729	#00B28C	chr17
contig-0003730	#00B28C	chr17
contig-0003731	#00B28C	chr17
contig-0003732	#00B28C	chr17
contig-0003733	#E6B847	chr15
contig-0003734	#00B28C	chr17
contig-0003735	#00B28C	chr17
contig-0003736	#00B28C	chr17
contig-0003737	#00B28C	chr17
contig-0003738	#CC8DB3	chr11
contig-0003739	#CC8DB3	chr11
contig-0003740	#CC8DB3	chr11
contig-0003741	#CC8DB3	chr11
contig-0003742	#CC8DB3	chr11
contig-0003743	#D58C66	chr20
contig-0003744	#808080	chr21
contig-0003745	#D58C66	chr20
contig-0003746	#D58C66	chr20
contig-0003747	#D58C66	chr20
contig-0003748	#666666	chr7
contig-0003749	#1A7FBA	chr12
contig-0003750	#1A7FBA	chr12
contig-0003751	#1A7FBA	chr12
contig-0003752	#00A880	chr10
contig-0003753	#E6AB23	chr8
contig-0003754	#D57533	chr13
contig-0003755	#808080	chr21
contig-0003756	#D57533	chr13
contig-0003757	#D57533	chr13
contig-0003758	#338CC2	chr19
contig-0003759	#338CC2	chr19
contig-0003760	#338CC2	chr19
contig-0003761	#009E73	chr3
contig-0003762	#E69F00	chr1
contig-0003763	#E69F00	chr1
contig-0003764	#E69F00	chr1
contig-0003765	#808080	chr21
contig-0003766	#E69F00	chr1
contig-0003767	#5699E9	chr9
contig-0003768	#5699E9	chr9
contig-0003769	#666666	chr7
contig-0003770	#666666	chr7
contig-0003771	#666666	chr7
contig-0003772	#666666	chr7
contig-0003773	#666666	chr7
contig-0003774	#00B28C	chr17
contig-0003775	#666666	chr7
contig-0003776	#5699E9	chr9
contig-0003777	#5699E9	chr9
contig-0003778	#5699E9	chr9
contig-0003779	#666666	chr7
contig-0003780	#666666	chr7
contig-0003781	#666666	chr7
contig-0003782	#D55E00	chr6
contig-0003783	#D55E00	chr6
contig-0003784	#00B28C	chr17
contig-0003785	#D55E00	chr6
contig-0003786	#D55E00	chr6
contig-0003787	#0072B2	chr5
contig-0003788	#0072B2	chr5
contig-0003789	#0072B2	chr5
contig-0003790	#0072B2	chr5
contig-0003791	#0072B2	chr5
contig-0003792	#E6AB23	chr8
contig-0003793	#E6AB23	chr8
contig-0003794	#E6AB23	chr8
contig-0003795	#00B28C	chr17
contig-0003796	#E6AB23	chr8
contig-0003797	#E6AB23	chr8
contig-0003798	#009E73	chr3
contig-0003799	#009E73	chr3
contig-0003800	#009E73	chr3
contig-0003801	#CC79A7	chr4
contig-0003802	#CC79A7	chr4
contig-0003803	#CC79A7	chr4
contig-0003804	#56B4E9	chr2
contig-0003805	#56B4E9	chr2
contig-0003806	#56B4E9	chr2
contig-0003807	#567DE9	chr16
contig-0003808	#D58C66	chr20
contig-0003809	#E6C47F	chr22
contig-0003810	#E6C47F	chr22
contig-0003811	#E6C47F	chr22
contig-0003812	#1A7FBA	chr12
contig-0003813	#1A7FBA	chr12
contig-0003814	#1A7FBA	chr12
contig-0003815	#1A7FBA	chr12
contig-0003816	#1A7FBA	chr12
contig-0003817	#E6B847	chr15
contig-0003818	#E6B847	chr15
contig-0003819	#E6B847	chr15
contig-0003820	#1A7FBA	chr12
contig-0003821	#1A7FBA	chr12
contig-0003822	#808080	chr21
contig-0003823	#1A7FBA	chr12
contig-0003824	#1A7FBA	chr12
contig-0003825	#1A7FBA	chr12
contig-0003826	#CC79A7	chr4
contig-0003827	#D55E00	chr6
contig-0003828	#D55E00	chr6
contig-0003829	#D55E00	chr6
contig-0003830	#D55E00	chr6
contig-0003831	#D55E00	chr6
contig-0003832	#E6C47F	chr22
contig-0003833	#D55E00	chr6
contig-0003834	#5699E9	chr9
contig-0003835	#00B28C	chr17
contig-0003836	#00B28C	chr17
contig-0003837	#00B28C	chr17
contig-0003838	#00B28C	chr17
contig-0003839	#CC79A7	chr4
contig-0003840	#5699E9	chr9
contig-0003841	#5699E9	chr9
contig-0003842	#808080	chr21
contig-0003843	#5699E9	chr9
contig-0003844	#CC8DB3	chr11
contig-0003845	#CC8DB3	chr11
contig-0003846	#CC8DB3	chr11
contig-0003847	#CC8DB3	chr11
contig-0003848	#CC8DB3	chr11
contig-0003849	#E69F00	chr1
contig-0003850	#1A7FBA	chr12
contig-0003851	#1A7FBA	chr12
contig-0003852	#1A7FBA	chr12
contig-0003853	#808080	chr21
contig-0003854	#D55E00	chr6
contig-0003855	#D55E00	chr6
contig-0003856	#D55E00	chr6
contig-0003857	#666666	chr7
contig-0003858	#666666	chr7
contig-0003859	#666666	chr7
contig-0003860	#338CC2	chr19
contig-0003861	#338CC2	chr19
contig-0003862	#338CC2	chr19
contig-0003863	#808080	chr21
contig-0003864	#338CC2	chr19
contig-0003865	#D57533	chr13
contig-0003866	#D55E00	chr6
contig-0003867	#CC79A7	chr4
contig-0003868	#CC8DB3	chr11
contig-0003869	#CC8DB3	chr11
contig-0003870	#CC8DB3	chr11
contig-0003871	#CC8DB3	chr11
contig-0003872	#CC8DB3	chr11
contig-0003873	#D55E00	chr6
contig-0003874	#D57533	chr13
contig-0003875	#D55E00	chr6
contig-0003876	#D55E00	chr6
contig-0003877	#E6AB23	chr8
contig-0003878	#00B28C	chr17
contig-0003879	#00B28C	chr17
contig-0003880	#00B28C	chr17
contig-0003881	#E6C47F	chr22
contig-0003882	#E6C47F	chr22
contig-0003883	#D57533	chr13
contig-0003884	#E6C47F	chr22
contig-0003885	#E6C47F	chr22
contig-0003886	#0072B2	chr5
contig-0003887	#CCA0BF	chr18
contig-0003888	#CCA0BF	chr18
contig-0003889	#CCA0BF	chr18
contig-0003890	#D55E00	chr6
contig-0003891	#00B28C	chr17
contig-0003892	#00B28C	chr17
contig-0003893	#00B28C	chr17
contig-0003894	#D57533	chr13
contig-0003895	#00B28C	chr17
contig-0003896	#00B28C	chr17
contig-0003897	#E69F00	chr1
contig-0003898	#E69F00	chr1
contig-0003899	#E69F00	chr1
contig-0003900	#D55E00	chr6
contig-0003901	#56B4E9	chr2
contig-0003902	#56B4E9	chr2
contig-0003903	#56B4E9	chr2
contig-0003904	#56B4E9	chr2
contig-0003905	#56B4E9	chr2
contig-0003906	#56B4E9	chr2
contig-0003907	#56B4E9	chr2
contig-0003908	#0072B2	chr5
contig-0003909	#0072B2	chr5
contig-0003910	#0072B2	chr5
contig-0003911	#0072B2	chr5
contig-0003912	#0072B2	chr5
contig-0003913	#5699E9	chr9
contig-0003914	#E69F00	chr1
contig-0003915	#D57533	chr13
contig-0003916	#567DE9	chr16
contig-0003917	#567DE9	chr16
contig-0003918	#567DE9	chr16
contig-0003919	#E6C47F	chr22
contig-0003920	#0072B2	chr5
contig-0003921	#56B4E9	chr2
contig-0003922	#E6B847	chr15
contig-0003923	#D55E00	chr6
contig-0003924	#5699E9	chr9
contig-0003925	#5699E9	chr9
contig-0003926	#5699E9	chr9
contig-0003927	#5699E9	chr9
contig-0003928	#5699E9	chr9
contig-0003929	#5699E9	chr9
contig-0003930	#E6C47F	chr22
contig-0003931	#009E73	chr3
contig-0003932	#00B28C	chr17
contig-0003933	#CC79A7	chr4
contig-0003934	#00B28C	chr17
contig-0003935	#00B28C	chr17
contig-0003936	#00B28C	chr17
contig-0003937	#00B28C	chr17
contig-0003938	#00B28C	chr17
contig-0003939	#00A880	chr10
contig-0003940	#56B4E9	chr2
contig-0003941	#56B4E9	chr2
contig-0003942	#009E73	chr3
contig-0003943	#56B4E9	chr2
contig-0003944	#56B4E9	chr2
contig-0003945	#CC79A7	chr4
contig-0003946	#56B4E9	chr2
contig-0003947	#56B4E9	chr2
contig-0003948	#56B4E9	chr2
contig-0003949	#CC8DB3	chr11
contig-0003950	#CC8DB3	chr11
contig-0003951	#009E73	chr3
contig-0003952	#CC8DB3	chr11
contig-0003953	#CC8DB3	chr11
contig-0003954	#CC8DB3	chr11
contig-0003955	#CC8DB3	chr11
contig-0003956	#CC8DB3	chr11
contig-0003957	#E69F00	chr1
contig-0003958	#E69F00	chr1
contig-0003959	#E69F00	chr1
contig-0003960	#D58C66	chr20
contig-0003961	#CC8DB3	chr11
contig-0003962	#009E73	chr3
contig-0003963	#56B4E9	chr2
contig-0003964	#56B4E9	chr2
contig-0003965	#56B4E9	chr2
contig-0003966	#56B4E9	chr2
contig-0003967	#56B4E9	chr2
contig-0003968	#E69F00	chr1
contig-0003969	#0072B2	chr5
contig-0003970	#0072B2	chr5
contig-0003971	#0072B2	chr5
contig-0003972	#5699E9	chr9
contig-0003973	#009E73	chr3
contig-0003974	#5699E9	chr9
contig-0003975	#5699E9	chr9
contig-0003976	#00A880	chr10
contig-0003977	#E6C47F	chr22
contig-0003978	#E6C47F	chr22
contig-0003979	#567DE9	chr16
contig-0003980	#009E73	chr3
contig-0003981	#56B4E9	chr2
contig-0003982	#56B4E9	chr2
contig-0003983	#56B4E9	chr2
contig-0003984	#56B4E9	chr2
contig-0003985	#56B4E9	chr2
contig-0003986	#CC79A7	chr4
contig-0003987	#5699E9	chr9
contig-0003988	#5699E9	chr9
contig-0003989	#5699E9	chr9
contig-0003990	#5699E9	chr9
contig-0003991	#808080	chr21
contig-0003992	#009E73	chr3
contig-0003993	#009E73	chr3
contig-0003994	#009E73	chr3
contig-0003995	#009E73	chr3
contig-0003996	#56B4E9	chr2
contig-0003997	#56B4E9	chr2
contig-0003998	#56B4E9	chr2
contig-0003999	#56B4E9	chr2
contig-0004000	#E6C47F	chr22
contig-0004001	#56B4E9	chr2
contig-0004002	#E6B847	chr15
contig-0004003	#E6B847	chr15
contig-0004004	#E6B847	chr15
contig-0004005	#567DE9	chr16
contig-0004006	#D57533	chr13
contig-0004007	#D57533	chr13
contig-0004008	#D57533	chr13
contig-0004009	#009E73	chr3
contig-0004010	#666666	chr7
contig-0004011	#E69F00	chr1
contig-0004012	#808080	chr21
contig-0004013	#666666	chr7
contig-0004014	#666666	chr7
contig-0004015	#666666	chr7
contig-0004016	#E6C47F	chr22
contig-0004017	#666666	chr7
contig-0004018	#CC79A7	chr4
contig-0004019	#009E73	chr3
contig-0004020	#009E73	chr3
contig-0004021	#009E73	chr3
contig-0004022	#009E73	chr3
contig-0004023	#D55E00	chr6
contig-0004024	#009E73	chr3
contig-0004025	#567DE9	chr16
contig-0004026	#567DE9	chr16
contig-0004027	#567DE9	chr16
contig-0004028	#567DE9	chr16
contig-0004029	#5699E9	chr9
contig-0004030	#CC79A7	chr4
contig-0004031	#CC79A7	chr4
contig-0004032	#CC79A7	chr4
contig-0004033	#E6C47F	chr22
contig-0004034	#D55E00	chr6
contig-0004035	#0072B2	chr5
contig-0004036	#0072B2	chr5
contig-0004037	#0072B2	chr5
contig-0004038	#E69F00	chr1
contig-0004039	#E69F00	chr1
contig-0004040	#E69F00	chr1
contig-0004041	#E69F00	chr1
contig-0004042	#E6B847	chr15
contig-0004043	#E6B847	chr15
contig-0004044	#D55E00	chr6
contig-0004045	#E6B847	chr15
contig-0004046	#E6B847	chr15
contig-0004047	#E6B847	chr15
contig-0004048	#E6B847	chr15
contig-0004049	#E6B847	chr15
contig-0004050	#D57533	chr13
contig-0004051	#D57533	chr13
contig-0004052	#D57533	chr13
contig-0004053	#D57533	chr13
contig-0004054	#D57533	chr13
contig-0004055	#D55E00	chr6
contig-0004056	#567DE9	chr16
contig-0004057	#567DE9	chr16
contig-0004058	#567DE9	chr16
contig-0004059	#567DE9	chr16
contig-0004060	#CCA0BF	chr18
contig-0004061	#CCA0BF	chr18
contig-0004062	#CCA0BF	chr18
contig-0004063	#CCA0BF	chr18
contig-0004064	#CCA0BF	chr18
contig-0004065	#CC79A7	chr4
contig-0004066	#D55E00	chr6
contig-0004067	#CC79A7	chr4
contig-0004068	#CC79A7	chr4
contig-0004069	#00B28C	chr17
contig-0004070	#737373	chr14
contig-0004071	#737373	chr14
contig-0004072	#737373	chr14
contig-0004073	#737373	chr14
contig-0004074	#CC79A7	chr4
contig-0004075	#CC79A7	chr4
contig-0004076	#CC79A7	chr4
contig-0004077	#CC79A7	chr4
contig-0004078	#CC79A7	chr4
contig-0004079	#CC79A7	chr4
contig-0004080	#1A7FBA	chr12
contig-0004081	#1A7FBA	chr12
contig-0004082	#1A7FBA	chr12
contig-0004083	#1A7FBA	chr12
contig-0004084	#D55E00	chr6
contig-0004085	#D55E00	chr6
contig-0004086	#D55E00	chr6
contig-0004087	#E69F00	chr1
contig-0004088	#E69F00	chr1
contig-0004089	#E69F00	chr1
contig-0004090	#E69F00	chr1
contig-0004091	#D55E00	chr6
contig-0004092	#E69F00	chr1
contig-0004093	#E69F00	chr1
contig-0004094	#E69F00	chr1
contig-0004095	#E69F00	chr1
contig-0004096	#CC79A7	chr4
contig-0004097	#E69F00	chr1
contig-0004098	#56B4E9	chr2
contig-0004099	#56B4E9	chr2
contig-0004100	#56B4E9	chr2
contig-0004101	#56B4E9	chr2
contig-0004102	#56B4E9	chr2
contig-0004103	#E6AB23	chr8
contig-0004104	#E6AB23	chr8
contig-0004105	#E6AB23	chr8
contig-0004106	#E6AB23	chr8
contig-0004107	#0072B2	chr5
contig-0004108	#0072B2	chr5
contig-0004109	#0072B2	chr5
contig-0004110	#0072B2	chr5
contig-0004111	#0072B2	chr5
contig-0004112	#E6B847	chr15
contig-0004113	#009E73	chr3
contig-0004114	#009E73	chr3
contig-0004115	#009E73	chr3
contig-0004116	#666666	chr7
contig-0004117	#E69F00	chr1
contig-0004118	#00A880	chr10
contig-0004119	#00A880	chr10
contig-0004120	#00A880	chr10
contig-0004121	#00A880	chr10
contig-0004122	#00A880	chr10
contig-0004123	#00A880	chr10
contig-0004124	#0072B2	chr5
contig-0004125	#0072B2	chr5
contig-0004126	#0072B2	chr5
contig-0004127	#CC79A7	chr4
contig-0004128	#009E73	chr3
contig-0004129	#009E73	chr3
contig-0004130	#009E73	chr3
contig-0004131	#00A880	chr10
contig-0004132	#00A880	chr10
contig-0004133	#00A880	chr10
contig-0004134	#737373	chr14
contig-0004135	#737373	chr14
contig-0004136	#737373	chr14
contig-0004137	#E69F00	chr1
contig-0004138	#D57533	chr13
contig-0004139	#E6AB23	chr8
contig-0004140	#E6AB23	chr8
contig-0004141	#E6AB23	chr8
contig-0004142	#737373	chr14
contig-0004143	#56B4E9	chr2
contig-0004144	#56B4E9	chr2
contig-0004145	#56B4E9	chr2
contig-0004146	#56B4E9	chr2
contig-0004147	#56B4E9	chr2
contig-0004148	#56B4E9	chr2
contig-0004149	#E6B847	chr15
contig-0004150	#56B4E9	chr2
contig-0004151	#D55E00	chr6
contig-0004152	#D55E00	chr6
contig-0004153	#D55E00	chr6
contig-0004154	#00A880	chr10
contig-0004155	#00A880	chr10
contig-0004156	#00A880	chr10
contig-0004157	#00A880	chr10
contig-0004158	#00A880	chr10
contig-0004159	#D57533	chr13
contig-0004160	#CC79A7	chr4
contig-0004161	#CC79A7	chr4
contig-0004162	#CC79A7	chr4
contig-0004163	#E6AB23	chr8
contig-0004164	#E6AB23	chr8
contig-0004165	#E6AB23	chr8
contig-0004166	#0072B2	chr5
contig-0004167	#0072B2	chr5
contig-0004168	#0072B2	chr5
contig-0004169	#567DE9	chr16
contig-0004170	#567DE9	chr16
contig-0004171	#567DE9	chr16
contig-0004172	#567DE9	chr16
contig-0004173	#567DE9	chr16
contig-0004174	#808080	chr21
contig-0004175	#808080	chr21
contig-0004176	#808080	chr21
contig-0004177	#808080	chr21
contig-0004178	#808080	chr21
contig-0004179	#CC79A7	chr4
contig-0004180	#CC79A7	chr4
contig-0004181	#567DE9	chr16
contig-0004182	#CC79A7	chr4
contig-0004183	#0072B2	chr5
contig-0004184	#0072B2	chr5
contig-0004185	#0072B2	chr5
contig-0004186	#0072B2	chr5
contig-0004187	#0072B2	chr5
contig-0004188	#5699E9	chr9
contig-0004189	#5699E9	chr9
contig-0004190	#5699E9	chr9
contig-0004191	#5699E9	chr9
contig-0004192	#567DE9	chr16
contig-0004193	#E6B847	chr15
contig-0004194	#E6B847	chr15
contig-0004195	#E6B847	chr15
contig-0004196	#0072B2	chr5
contig-0004197	#0072B2	chr5
contig-0004198	#0072B2	chr5
contig-0004199	#D55E00	chr6
contig-0004200	#CC79A7	chr4
contig-0004201	#CC79A7	chr4
contig-0004202	#CC79A7	chr4
contig-0004203	#567DE9	chr16
contig-0004204	#E6B847	chr15
contig-0004205	#E6B847	chr15
contig-0004206	#E6B847	chr15
contig-0004207	#E6B847	chr15
contig-0004208	#E6B847	chr15
contig-0004209	#D55E00	chr6
contig-0004210	#D55E00	chr6
contig-0004211	#D55E00	chr6
contig-0004212	#00A880	chr10
contig-0004213	#00A880	chr10
contig-0004214	#567DE9	chr16
contig-0004215	#00A880	chr10
contig-0004216	#00A880	chr10
contig-0004217	#56B4E9	chr2
contig-0004218	#56B4E9	chr2
contig-0004219	#56B4E9	chr2
contig-0004220	#D55E00	chr6
contig-0004221	#D55E00	chr6
contig-0004222	#D55E00	chr6
contig-0004223	#E69F00	chr1
contig-0004224	#567DE9	chr16
contig-0004225	#D55E00	chr6
contig-0004226	#00A880	chr10
contig-0004227	#808080	chr21
contig-0004228	#808080	chr21
contig-0004229	#808080	chr21
contig-0004230	#808080	chr21
contig-0004231	#808080	chr21
contig-0004232	#E69F00	chr1
contig-0004233	#E69F00	chr1
contig-0004234	#567DE9	chr16
contig-0004235	#737373	chr14
contig-0004236	#737373	chr14
contig-0004237	#737373	chr14
contig-0004238	#567DE9	chr16
contig-0004239	#567DE9	chr16
contig-0004240	#567DE9	chr16
contig-0004241	#567DE9	chr16
contig-0004242	#567DE9	chr16
contig-0004243	#1A7FBA	chr12
contig-0004244	#1A7FBA	chr12
contig-0004245	#567DE9	chr16
contig-0004246	#1A7FBA	chr12
contig-0004247	#1A7FBA	chr12
contig-0004248	#1A7FBA	chr12
contig-0004249	#56B4E9	chr2
contig-0004250	#56B4E9	chr2
contig-0004251	#CC79A7	chr4
contig-0004252	#CC79A7	chr4
contig-0004253	#E6AB23	chr8
contig-0004254	#E6AB23	chr8
contig-0004255	#E6AB23	chr8
contig-0004256	#E6AB23	chr8
contig-0004257	#E6AB23	chr8
contig-0004258	#CC8DB3	chr11
contig-0004259	#CC8DB3	chr11
contig-0004260	#CC8DB3	chr11
contig-0004261	#CC8DB3	chr11
contig-0004262	#E69F00	chr1
contig-0004263	#E69F00	chr1
contig-0004264	#567DE9	chr16
contig-0004265	#E69F00	chr1
contig-0004266	#E69F00	chr1
contig-0004267	#E69F00	chr1
contig-0004268	#E6AB23	chr8
contig-0004269	#E6AB23	chr8
contig-0004270	#E6AB23	chr8
contig-0004271	#E69F00	chr1
contig-0004272	#E69F00	chr1
contig-0004273	#567DE9	chr16
contig-0004274	#E69F00	chr1
contig-0004275	#1A7FBA	chr12
contig-0004276	#1A7FBA	chr12
contig-0004277	#1A7FBA	chr12
contig-0004278	#1A7FBA	chr12
contig-0004279	#1A7FBA	chr12
contig-0004280	#E69F00	chr1
contig-0004281	#CC8DB3	chr11
contig-0004282	#CC8DB3	chr11
contig-0004283	#CC8DB3	chr11
contig-0004284	#9467BD	chrX
contig-0004285	#CC8DB3	chr11
contig-0004286	#CC8DB3	chr11
contig-0004287	#0072B2	chr5
contig-0004288	#0072B2	chr5
contig-0004289	#0072B2	chr5
contig-0004290	#0072B2	chr5
contig-0004291	#0072B2	chr5
contig-0004292	#E6AB23	chr8
contig-0004293	#E6AB23	chr8
contig-0004294	#E6AB23	chr8
contig-0004295	#9467BD	chrX
contig-0004296	#D55E00	chr6
contig-0004297	#D55E00	chr6
contig-0004298	#D55E00	chr6
contig-0004299	#D55E00	chr6
contig-0004300	#D55E00	chr6
contig-0004301	#666666	chr7
contig-0004302	#666666	chr7
contig-0004303	#666666	chr7
contig-0004304	#666666	chr7
contig-0004305	#666666	chr7
contig-0004306	#666666	chr7
contig-0004307	#666666	chr7
contig-0004308	#E69F00	chr1
contig-0004309	#E69F00	chr1
contig-0004310	#E69F00	chr1
contig-0004311	#D55E00	chr6
contig-0004312	#D55E00	chr6
contig-0004313	#D55E00	chr6
contig-0004314	#D55E00	chr6
contig-0004315	#D55E00	chr6
contig-0004316	#0072B2	chr5
contig-0004317	#0072B2	chr5
contig-0004318	#E69F00	chr1
contig-0004319	#E69F00	chr1
contig-0004320	#E69F00	chr1
contig-0004321	#E6AB23	chr8
contig-0004322	#5699E9	chr9
contig-0004323	#5699E9	chr9
contig-0004324	#5699E9	chr9
contig-0004325	#5699E9	chr9
contig-0004326	#9467BD	chrX
contig-0004327	#5699E9	chr9
contig-0004328	#5699E9	chr9
contig-0004329	#D55E00	chr6
contig-0004330	#D55E00	chr6
contig-0004331	#0072B2	chr5
contig-0004332	#E69F00	chr1
contig-0004333	#E69F00	chr1
contig-0004334	#E69F00	chr1
contig-0004335	#00B28C	chr17
contig-0004336	#9467BD	chrX
contig-0004337	#00A880	chr10
contig-0004338	#00A880	chr10
contig-0004339	#1A7FBA	chr12
contig-0004340	#1A7FBA	chr12
contig-0004341	#1A7FBA	chr12
contig-0004342	#009E73	chr3
contig-0004343	#009E73	chr3
contig-0004344	#009E73	chr3
contig-0004345	#CC79A7	chr4
contig-0004346	#CC79A7	chr4
contig-0004347	#9467BD	chrX
contig-0004348	#CC79A7	chr4
contig-0004349	#E69F00	chr1
contig-0004350	#E69F00	chr1
contig-0004351	#E69F00	chr1
contig-0004352	#E69F00	chr1
contig-0004353	#E69F00	chr1
contig-0004354	#D57533	chr13
contig-0004355	#00A880	chr10
contig-0004356	#00A880	chr10
contig-0004357	#00A880	chr10
contig-0004358	#9467BD	chrX
contig-0004359	#56B4E9	chr2
contig-0004360	#56B4E9	chr2
contig-0004361	#56B4E9	chr2
contig-0004362	#5699E9	chr9
contig-0004363	#5699E9	chr9
contig-0004364	#5699E9	chr9
contig-0004365	#56B4E9	chr2
contig-0004366	#56B4E9	chr2
contig-0004367	#56B4E9	chr2
contig-0004368	#D55E00	chr6
contig-0004369	#D57533	chr13
contig-0004370	#0072B2	chr5
contig-0004371	#1A7FBA	chr12
contig-0004372	#CC79A7	chr4
contig-0004373	#CC79A7	chr4
contig-0004374	#CC79A7	chr4
contig-0004375	#CC79A7	chr4
contig-0004376	#CC79A7	chr4
contig-0004377	#666666	chr7
contig-0004378	#D57533	chr13
contig-0004379	#666666	chr7
contig-0004380	#666666	chr7
contig-0004381	#CC79A7	chr4
contig-0004382	#CCA0BF	chr18
contig-0004383	#CCA0BF	chr18
contig-0004384	#CCA0BF	chr18
contig-0004385	#00A880	chr10
contig-0004386	#00A880	chr10
contig-0004387	#00A880	chr10
contig-0004388	#D55E00	chr6
contig-0004389	#D57533	chr13
contig-0004390	#D55E00	chr6
contig-0004391	#D55E00	chr6
contig-0004392	#D55E00	chr6
contig-0004393	#D58C66	chr20
contig-0004394	#009E73	chr3
contig-0004395	#009E73	chr3
contig-0004396	#009E73	chr3
contig-0004397	#009E73	chr3
contig-0004398	#009E73	chr3
contig-0004399	#666666	chr7
contig-0004400	#808080	chr21
contig-0004401	#808080	chr21
contig-0004402	#808080	chr21
contig-0004403	#666666	chr7
contig-0004404	#666666	chr7
contig-0004405	#666666	chr7
contig-0004406	#0072B2	chr5
contig-0004407	#0072B2	chr5
contig-0004408	#D57533	chr13
contig-0004409	#0072B2	chr5
contig-0004410	#0072B2	chr5
contig-0004411	#0072B2	chr5
contig-0004412	#56B4E9	chr2
contig-0004413	#D55E00	chr6
contig-0004414	#D55E00	chr6
contig-0004415	#009E73	chr3
contig-0004416	#009E73	chr3
contig-0004417	#009E73	chr3
contig-0004418	#D57533	chr13
contig-0004419	#56B4E9	chr2
contig-0004420	#56B4E9	chr2
contig-0004421	#56B4E9	chr2
contig-0004422	#1A7FBA	chr12
contig-0004423	#1A7FBA	chr12
contig-0004424	#1A7FBA	chr12
contig-0004425	#D57533	chr13
contig-0004426	#D57533	chr13
contig-0004427	#D57533	chr13
contig-0004428	#338CC2	chr19
contig-0004429	#E69F00	chr1
contig-0004430	#D57533	chr13
contig-0004431	#56B4E9	chr2
contig-0004432	#666666	chr7
contig-0004433	#666666	chr7
contig-0004434	#666666	chr7
contig-0004435	#E6AB23	chr8
contig-0004436	#009E73	chr3
contig-0004437	#009E73	chr3
contig-0004438	#009E73	chr3
contig-0004439	#D57533	chr13
contig-0004440	#009E73	chr3
contig-0004441	#009E73	chr3
contig-0004442	#D55E00	chr6
contig-0004443	#E69F00	chr1
contig-0004444	#E69F00	chr1
contig-0004445	#E69F00	chr1
contig-0004446	#E69F00	chr1
contig-0004447	#E69F00	chr1
contig-0004448	#808080	chr21
contig-0004449	#808080	chr21
contig-0004450	#808080	chr21
contig-0004451	#666666	chr7
contig-0004452	#666666	chr7
contig-0004453	#666666	chr7
contig-0004454	#666666	chr7
contig-0004455	#666666	chr7
contig-0004456	#666666	chr7
contig-0004457	#737373	chr14
contig-0004458	#737373	chr14
contig-0004459	#737373	chr14
contig-0004460	#338CC2	chr19
contig-0004461	#338CC2	chr19
contig-0004462	#338CC2	chr19
contig-0004463	#CCA0BF	chr18
contig-0004464	#CCA0BF	chr18
contig-0004465	#CCA0BF	chr18
contig-0004466	#E6AB23	chr8
contig-0004467	#E6AB23	chr8
contig-0004468	#E6AB23	chr8
contig-0004469	#D57533	chr13
contig-0004470	#00B28C	chr17
contig-0004471	#00B28C	chr17
contig-0004472	#00B28C	chr17
contig-0004473	#1A7FBA	chr12
contig-0004474	#1A7FBA	chr12
contig-0004475	#1A7FBA	chr12
contig-0004476	#E6AB23	chr8
contig-0004477	#E6AB23	chr8
contig-0004478	#E6AB23	chr8
contig-0004479	#1A7FBA	chr12
contig-0004480	#009E73	chr3
contig-0004481	#1A7FBA	chr12
contig-0004482	#1A7FBA	chr12
contig-0004483	#1A7FBA	chr12
contig-0004484	#00A880	chr10
contig-0004485	#00A880	chr10
contig-0004486	#00A880	chr10
contig-0004487	#1A7FBA	chr12
contig-0004488	#1A7FBA	chr12
contig-0004489	#1A7FBA	chr12
contig-0004490	#009E73	chr3
contig-0004491	#D58C66	chr20
contig-0004492	#D58C66	chr20
contig-0004493	#D58C66	chr20
contig-0004494	#D58C66	chr20
contig-0004495	#D58C66	chr20
contig-0004496	#D58C66	chr20
contig-0004497	#D58C66	chr20
contig-0004498	#666666	chr7
contig-0004499	#D57533	chr13
contig-0004500	#666666	chr7
contig-0004501	#D55E00	chr6
contig-0004502	#5699E9	chr9
contig-0004503	#1A7FBA	chr12
contig-0004504	#1A7FBA	chr12
contig-0004505	#1A7FBA	chr12
contig-0004506	#1A7FBA	chr12
contig-0004507	#1A7FBA	chr12
contig-0004508	#666666	chr7
contig-0004509	#666666	chr7
contig-0004510	#CC8DB3	chr11
contig-0004511	#666666	chr7
contig-0004512	#666666	chr7
contig-0004513	#666666	chr7
contig-0004514	#00B28C	chr17
contig-0004515	#00B28C	chr17
contig-0004516	#00B28C	chr17
contig-0004517	#00B28C	chr17
contig-0004518	#00B28C	chr17
contig-0004519	#567DE9	chr16
contig-0004520	#00B28C	chr17
contig-0004521	#CC8DB3	chr11
contig-0004522	#00B28C	chr17
contig-0004523	#00B28C	chr17
contig-0004524	#0072B2	chr5
contig-0004525	#E69F00	chr1
contig-0004526	#E69F00	chr1
contig-0004527	#E69F00	chr1
contig-0004528	#567DE9	chr16
contig-0004529	#567DE9	chr16
contig-0004530	#567DE9	chr16
contig-0004531	#0072B2	chr5
contig-0004532	#CC8DB3	chr11
contig-0004533	#0072B2	chr5
contig-0004534	#0072B2	chr5
contig-0004535	#567DE9	chr16
contig-0004536	#567DE9	chr16
contig-0004537	#567DE9	chr16
contig-0004538	#567DE9	chr16
contig-0004539	#567DE9	chr16
contig-0004540	#E6B847	chr15
contig-0004541	#1A7FBA	chr12
contig-0004542	#CC8DB3	chr11
contig-0004543	#1A7FBA	chr12
contig-0004544	#1A7FBA	chr12
contig-0004545	#00B28C	chr17
contig-0004546	#00B28C	chr17
contig-0004547	#00B28C	chr17
contig-0004548	#338CC2	chr19
contig-0004549	#567DE9	chr16
contig-0004550	#567DE9	chr16
contig-0004551	#567DE9	chr16
contig-0004552	#567DE9	chr16
contig-0004553	#CC8DB3	chr11
contig-0004554	#567DE9	chr16
contig-0004555	#567DE9	chr16
contig-0004556	#D57533	chr13
contig-0004557	#D57533	chr13
contig-0004558	#D57533	chr13
contig-0004559	#D57533	chr13
contig-0004560	#D57533	chr13
contig-0004561	#737373	chr14
contig-0004562	#737373	chr14
contig-0004563	#737373	chr14
contig-0004564	#CC79A7	chr4
contig-0004565	#737373	chr14
contig-0004566	#737373	chr14
contig-0004567	#00B28C	chr17
contig-0004568	#00B28C	chr17
contig-0004569	#00B28C	chr17
contig-0004570	#00B28C	chr17
contig-0004571	#00B28C	chr17
contig-0004572	#D55E00	chr6
contig-0004573	#D55E00	chr6
contig-0004574	#D55E00	chr6
contig-0004575	#CC79A7	chr4
contig-0004576	#D55E00	chr6
contig-0004577	#D55E00	chr6
contig-0004578	#E6C47F	chr22
contig-0004579	#E6C47F	chr22
contig-0004580	#E6C47F	chr22
contig-0004581	#CC8DB3	chr11
contig-0004582	#5699E9	chr9
contig-0004583	#E6AB23	chr8
contig-0004584	#E6AB23	chr8
contig-0004585	#E6AB23	chr8
contig-0004586	#E6B847	chr15
contig-0004587	#E6B847	chr15
contig-0004588	#E6B847	chr15
contig-0004589	#009E73	chr3
contig-0004590	#009E73	chr3
contig-0004591	#009E73	chr3
contig-0004592	#009E73	chr3
contig-0004593	#808080	chr21
contig-0004594	#009E73	chr3
contig-0004595	#56B4E9	chr2
contig-0004596	#56B4E9	chr2
contig-0004597	#56B4E9	chr2
contig-0004598	#56B4E9	chr2
contig-0004599	#56B4E9	chr2
contig-0004600	#00A880	chr10
contig-0004601	#00A880	chr10
contig-0004602	#00A880	chr10
contig-0004603	#00A880	chr10
contig-0004604	#808080	chr21
contig-0004605	#00A880	chr10
contig-0004606	#D57533	chr13
contig-0004607	#D57533	chr13
contig-0004608	#D57533	chr13
contig-0004609	#009E73	chr3
contig-0004610	#009E73	chr3
contig-0004611	#009E73	chr3
contig-0004612	#567DE9	chr16
contig-0004613	#567DE9	chr16
contig-0004614	#567DE9	chr16
contig-0004615	#E6B847	chr15
contig-0004616	#567DE9	chr16
contig-0004617	#567DE9	chr16
contig-0004618	#D55E00	chr6
contig-0004619	#009E73	chr3
contig-0004620	#009E73	chr3
contig-0004621	#009E73	chr3
contig-0004622	#00A880	chr10
contig-0004623	#00A880	chr10
contig-0004624	#00A880	chr10
contig-0004625	#E6C47F	chr22
contig-0004626	#00A880	chr10
contig-0004627	#1A7FBA	chr12
contig-0004628	#1A7FBA	chr12
contig-0004629	#1A7FBA	chr12
contig-0004630	#CC8DB3	chr11
contig-0004631	#CC8DB3	chr11
contig-0004632	#CC8DB3	chr11
contig-0004633	#5699E9	chr9
contig-0004634	#5699E9	chr9
contig-0004635	#567DE9	chr16
contig-0004636	#808080	chr21
contig-0004637	#5699E9	chr9
contig-0004638	#737373	chr14
contig-0004639	#009E73	chr3
contig-0004640	#009E73	chr3
contig-0004641	#009E73	chr3
contig-0004642	#009E73	chr3
contig-0004643	#009E73	chr3
contig-0004644	#0072B2	chr5
contig-0004645	#1A7FBA	chr12
contig-0004646	#00A880	chr10
contig-0004647	#E6B847	chr15
contig-0004648	#00A880	chr10
contig-0004649	#00A880	chr10
contig-0004650	#00A880	chr10
contig-0004651	#00A880	chr10
contig-0004652	#808080	chr21
contig-0004653	#808080	chr21
contig-0004654	#808080	chr21
contig-0004655	#808080	chr21
contig-0004656	#00A880	chr10
contig-0004657	#00A880	chr10
contig-0004658	#E6B847	chr15
contig-0004659	#00A880	chr10
contig-0004660	#00A880	chr10
contig-0004661	#00A880	chr10
contig-0004662	#00B28C	chr17
contig-0004663	#00B28C	chr17
contig-0004664	#00B28C	chr17
contig-0004665	#0072B2	chr5
contig-0004666	#338CC2	chr19
contig-0004667	#338CC2	chr19
contig-0004668	#338CC2	chr19
contig-0004669	#E6AB23	chr8
contig-0004670	#E6AB23	chr8
contig-0004671	#E6AB23	chr8
contig-0004672	#E6AB23	chr8
contig-0004673	#E6AB23	chr8
contig-0004674	#737373	chr14
contig-0004675	#737373	chr14
contig-0004676	#737373	chr14
contig-0004677	#737373	chr14
contig-0004678	#737373	chr14
contig-0004679	#00A880	chr10
contig-0004680	#00A880	chr10
contig-0004681	#808080	chr21
contig-0004682	#E6AB23	chr8
contig-0004683	#666666	chr7
contig-0004684	#E69F00	chr1
contig-0004685	#E6B847	chr15
contig-0004686	#E69F00	chr1
contig-0004687	#E69F00	chr1
contig-0004688	#E69F00	chr1
contig-0004689	#737373	chr14
contig-0004690	#E69F00	chr1
contig-0004691	#E69F00	chr1
contig-0004692	#E69F00	chr1
contig-0004693	#E69F00	chr1
contig-0004694	#E69F00	chr1
contig-0004695	#E69F00	chr1
contig-0004696	#E6B847	chr15
contig-0004697	#D57533	chr13
contig-0004698	#E69F00	chr1
contig-0004699	#E69F00	chr1
contig-0004700	#E69F00	chr1
contig-0004701	#0072B2	chr5
contig-0004702	#00B28C	chr17
contig-0004703	#00B28C	chr17
contig-0004704	#00B28C	chr17
contig-0004705	#00B28C	chr17
contig-0004706	#00B28C	chr17
contig-0004707	#E6B847	chr15
contig-0004708	#00B28C	chr17
contig-0004709	#CC8DB3	chr11
contig-0004710	#CC8DB3	chr11
contig-0004711	#CC8DB3	chr11
contig-0004712	#CC8DB3	chr11
contig-0004713	#CC8DB3	chr11
contig-0004714	#E69F00	chr1
contig-0004715	#56B4E9	chr2
contig-0004716	#56B4E9	chr2
contig-0004717	#56B4E9	chr2
contig-0004718	#E6B847	chr15
contig-0004719	#666666	chr7
contig-0004720	#666666	chr7
contig-0004721	#D55E00	chr6
contig-0004722	#D55E00	chr6
contig-0004723	#D55E00	chr6
contig-0004724	#D55E00	chr6
contig-0004725	#D55E00	chr6
contig-0004726	#D55E00	chr6
contig-0004727	#D55E00	chr6
contig-0004728	#E6B847	chr15
contig-0004729	#E6C47F	chr22
contig-0004730	#E6C47F	chr22
contig-0004731	#E6C47F	chr22
contig-0004732	#009E73	chr3
contig-0004733	#E6AB23	chr8
contig-0004734	#E6AB23	chr8
contig-0004735	#E6AB23	chr8
contig-0004736	#E6AB23	chr8
contig-0004737	#E6AB23	chr8
contig-0004738	#567DE9	chr16
contig-0004739	#E6B847	chr15
contig-0004740	#D58C66	chr20
contig-0004741	#D58C66	chr20
contig-0004742	#D58C66	chr20
contig-0004743	#CC8DB3	chr11
contig-0004744	#CC8DB3	chr11
contig-0004745	#CC8DB3	chr11
contig-0004746	#5699E9	chr9
contig-0004747	#5699E9	chr9
contig-0004748	#5699E9	chr9
contig-0004749	#CC8DB3	chr11
contig-0004750	#009E73	chr3
contig-0004751	#CC8DB3	chr11
contig-0004752	#E6AB23	chr8
contig-0004753	#00B28C	chr17
contig-0004754	#00B28C	chr17
contig-0004755	#00B28C	chr17
contig-0004756	#56B4E9	chr2
contig-0004757	#5699E9	chr9
contig-0004758	#5699E9	chr9
contig-0004759	#5699E9	chr9
contig-0004760	#5699E9	chr9
contig-0004761	#1A7FBA	chr12
contig-0004762	#1A7FBA	chr12
contig-0004763	#CC8DB3	chr11
contig-0004764	#CC8DB3	chr11
contig-0004765	#CC8DB3	chr11
contig-0004766	#CC8DB3	chr11
contig-0004767	#009E73	chr3
contig-0004768	#009E73	chr3
contig-0004769	#009E73	chr3
contig-0004770	#E6B847	chr15
contig-0004771	#E6B847	chr15
contig-0004772	#E6B847	chr15
contig-0004773	#D55E00	chr6
contig-0004774	#009E73	chr3
contig-0004775	#D55E00	chr6
contig-0004776	#D55E00	chr6
contig-0004777	#D55E00	chr6
contig-0004778	#D55E00	chr6
contig-0004779	#CC79A7	chr4
contig-0004780	#CC79A7	chr4
contig-0004781	#CC79A7	chr4
contig-0004782	#009E73	chr3
contig-0004783	#009E73	chr3
contig-0004784	#009E73	chr3
contig-0004785	#009E73	chr3
contig-0004786	#009E73	chr3
contig-0004787	#009E73	chr3
contig-0004788	#E6B847	chr15
contig-0004789	#E6B847	chr15
contig-0004790	#E6B847	chr15
contig-0004791	#56B4E9	chr2
contig-0004792	#56B4E9	chr2
contig-0004793	#56B4E9	chr2
contig-0004794	#0072B2	chr5
contig-0004795	#0072B2	chr5
contig-0004796	#009E73	chr3
contig-0004797	#009E73	chr3
contig-0004798	#009E73	chr3
contig-0004799	#009E73	chr3
contig-0004800	#E69F00	chr1
contig-0004801	#E69F00	chr1
contig-0004802	#E69F00	chr1
contig-0004803	#5699E9	chr9
contig-0004804	#0072B2	chr5
contig-0004805	#0072B2	chr5
contig-0004806	#009E73	chr3
contig-0004807	#0072B2	chr5
contig-0004808	#56B4E9	chr2
contig-0004809	#56B4E9	chr2
contig-0004810	#56B4E9	chr2
contig-0004811	#56B4E9	chr2
contig-0004812	#56B4E9	chr2
contig-0004813	#56B4E9	chr2
contig-0004814	#CC79A7	chr4
contig-0004815	#CC79A7	chr4
contig-0004816	#CC79A7	chr4
contig-0004817	#5699E9	chr9
contig-0004818	#CC79A7	chr4
contig-0004819	#CC79A7	chr4
contig-0004820	#E6AB23	chr8
contig-0004821	#E6AB23	chr8
contig-0004822	#E6AB23	chr8
contig-0004823	#E6AB23	chr8
contig-0004824	#E6AB23	chr8
contig-0004825	#E6AB23	chr8
contig-0004826	#D58C66	chr20
contig-0004827	#D58C66	chr20
contig-0004828	#D57533	chr13
contig-0004829	#D58C66	chr20
contig-0004830	#D58C66	chr20
contig-0004831	#5699E9	chr9
contig-0004832	#5699E9	chr9
contig-0004833	#1A7FBA	chr12
contig-0004834	#1A7FBA	chr12
contig-0004835	#1A7FBA	chr12
contig-0004836	#666666	chr7
contig-0004837	#666666	chr7
contig-0004838	#666666	chr7
contig-0004839	#567DE9	chr16
contig-0004840	#D57533	chr13
contig-0004841	#666666	chr7
contig-0004842	#666666	chr7
contig-0004843	#666666	chr7
contig-0004844	#666666	chr7
contig-0004845	#666666	chr7
contig-0004846	#338CC2	chr19
contig-0004847	#338CC2	chr19
contig-0004848	#338CC2	chr19
contig-0004849	#338CC2	chr19
contig-0004850	#338CC2	chr19
contig-0004851	#D57533	chr13
contig-0004852	#D55E00	chr6
contig-0004853	#CCA0BF	chr18
contig-0004854	#CCA0BF	chr18
contig-0004855	#CCA0BF	chr18
contig-0004856	#CCA0BF	chr18
contig-0004857	#CCA0BF	chr18
contig-0004858	#D55E00	chr6
contig-0004859	#D55E00	chr6
contig-0004860	#D55E00	chr6
contig-0004861	#0072B2	chr5
contig-0004862	#D57533	chr13
contig-0004863	#0072B2	chr5
contig-0004864	#0072B2	chr5
contig-0004865	#D58C66	chr20
contig-0004866	#D58C66	chr20
contig-0004867	#D58C66	chr20
contig-0004868	#1A7FBA	chr12
contig-0004869	#D58C66	chr20
contig-0004870	#D58C66	chr20
contig-0004871	#D58C66	chr20
contig-0004872	#56B4E9	chr2
contig-0004873	#D57533	chr13
contig-0004874	#56B4E9	chr2
contig-0004875	#56B4E9	chr2
contig-0004876	#CCA0BF	chr18
contig-0004877	#CCA0BF	chr18
contig-0004878	#CC79A7	chr4
contig-0004879	#CC79A7	chr4
contig-0004880	#CC79A7	chr4
contig-0004881	#666666	chr7
contig-0004882	#D55E00	chr6
contig-0004883	#E6C47F	chr22
contig-0004884	#D55E00	chr6
contig-0004885	#D55E00	chr6
contig-0004886	#E69F00	chr1
contig-0004887	#E69F00	chr1
contig-0004888	#666666	chr7
contig-0004889	#666666	chr7
contig-0004890	#666666	chr7
contig-0004891	#009E73	chr3
contig-0004892	#009E73	chr3
contig-0004893	#009E73	chr3
contig-0004894	#E6C47F	chr22
contig-0004895	#D57533	chr13
contig-0004896	#CC8DB3	chr11
contig-0004897	#CC8DB3	chr11
contig-0004898	#CC8DB3	chr11
contig-0004899	#CC8DB3	chr11
contig-0004900	#CC8DB3	chr11
contig-0004901	#009E73	chr3
contig-0004902	#009E73	chr3
contig-0004903	#009E73	chr3
contig-0004904	#1A7FBA	chr12
contig-0004905	#D57533	chr13
contig-0004906	#009E73	chr3
contig-0004907	#009E73	chr3
contig-0004908	#009E73	chr3
contig-0004909	#E69F00	chr1
contig-0004910	#E69F00	chr1
contig-0004911	#E69F00	chr1
contig-0004912	#CC79A7	chr4
contig-0004913	#CC79A7	chr4
contig-0004914	#CC79A7	chr4
contig-0004915	#56B4E9	chr2
contig-0004916	#D57533	chr13
contig-0004917	#1A7FBA	chr12
contig-0004918	#1A7FBA	chr12
contig-0004919	#1A7FBA	chr12
contig-0004920	#1A7FBA	chr12
contig-0004921	#E6AB23	chr8
contig-0004922	#E6AB23	chr8
contig-0004923	#E6AB23	chr8
contig-0004924	#00B28C	chr17
contig-0004925	#00B28C	chr17
contig-0004926	#00B28C	chr17
contig-0004927	#0072B2	chr5
contig-0004928	#0072B2	chr5
contig-0004929	#0072B2	chr5
contig-0004930	#E69F00	chr1
contig-0004931	#E69F00	chr1
contig-0004932	#E69F00	chr1
contig-0004933	#E69F00	chr1
contig-0004934	#567DE9	chr16
contig-0004935	#567DE9	chr16
contig-0004936	#567DE9	chr16
contig-0004937	#56B4E9	chr2
contig-0004938	#56B4E9	chr2
contig-0004939	#56B4E9	chr2
contig-0004940	#56B4E9	chr2
contig-0004941	#0072B2	chr5
contig-0004942	#0072B2	chr5
contig-0004943	#0072B2	chr5
contig-0004944	#009E73	chr3
contig-0004945	#009E73	chr3
contig-0004946	#808080	chr21
contig-0004947	#D57533	chr13
contig-0004948	#009E73	chr3
contig-0004949	#009E73	chr3
contig-0004950	#009E73	chr3
contig-0004951	#009E73	chr3
contig-0004952	#009E73	chr3
contig-0004953	#009E73	chr3
contig-0004954	#009E73	chr3
contig-0004955	#56B4E9	chr2
contig-0004956	#56B4E9	chr2
contig-0004957	#56B4E9	chr2
contig-0004958	#D57533	chr13
contig-0004959	#0072B2	chr5
contig-0004960	#0072B2	chr5
contig-0004961	#0072B2	chr5
contig-0004962	#00A880	chr10
contig-0004963	#00A880	chr10
contig-0004964	#00A880	chr10
contig-0004965	#00A880	chr10
contig-0004966	#00A880	chr10
contig-0004967	#E69F00	chr1
contig-0004968	#E69F00	chr1
contig-0004969	#CC79A7	chr4
contig-0004970	#E69F00	chr1
contig-0004971	#E69F00	chr1
contig-0004972	#E69F00	chr1
contig-0004973	#CC8DB3	chr11
contig-0004974	#CC8DB3	chr11
contig-0004975	#338CC2	chr19
contig-0004976	#338CC2	chr19
contig-0004977	#338CC2	chr19
contig-0004978	#CC79A7	chr4
contig-0004979	#E69F00	chr1
contig-0004980	#E69F00	chr1
contig-0004981	#D57533	chr13
contig-0004982	#D57533	chr13
contig-0004983	#D57533	chr13
contig-0004984	#56B4E9	chr2
contig-0004985	#56B4E9	chr2
contig-0004986	#56B4E9	chr2
contig-0004987	#E6C47F	chr22
contig-0004988	#E6C47F	chr22
contig-0004989	#CC79A7	chr4
contig-0004990	#E6C47F	chr22
contig-0004991	#E6C47F	chr22
contig-0004992	#0072B2	chr5
contig-0004993	#0072B2	chr5
contig-0004994	#0072B2	chr5
contig-0004995	#0072B2	chr5
contig-0004996	#E69F00	chr1
contig-0004997	#E69F00	chr1
contig-0004998	#5699E9	chr9
contig-0004999	#CC79A7	chr4
contig-0005000	#D58C66	chr20
contig-0005001	#00B28C	chr17
contig-0005002	#00B28C	chr17
contig-0005003	#00B28C	chr17
contig-0005004	#00B28C	chr17
contig-0005005	#00A880	chr10
contig-0005006	#00A880	chr10
contig-0005007	#00A880	chr10
contig-0005008	#CC79A7	chr4
contig-0005009	#D57533	chr13
contig-0005010	#CC79A7	chr4
contig-0005011	#E6AB23	chr8
contig-0005012	#E6AB23	chr8
contig-0005013	#E6AB23	chr8
contig-0005014	#E6AB23	chr8
contig-0005015	#E6AB23	chr8
contig-0005016	#666666	chr7
contig-0005017	#666666	chr7
contig-0005018	#666666	chr7
contig-0005019	#D57533	chr13
contig-0005020	#D55E00	chr6
contig-0005021	#D55E00	chr6
contig-0005022	#D55E00	chr6
contig-0005023	#0072B2	chr5
contig-0005024	#666666	chr7
contig-0005025	#666666	chr7
contig-0005026	#666666	chr7
contig-0005027	#CC79A7	chr4
contig-0005028	#D57533	chr13
contig-0005029	#D55E00	chr6
contig-0005030	#D55E00	chr6
contig-0005031	#D55E00	chr6
contig-0005032	#D55E00	chr6
contig-0005033	#D55E00	chr6
contig-0005034	#D55E00	chr6
contig-0005035	#E69F00	chr1
contig-0005036	#E69F00	chr1
contig-0005037	#E69F00	chr1
contig-0005038	#0072B2	chr5
contig-0005039	#808080	chr21
contig-0005040	#0072B2	chr5
contig-0005041	#0072B2	chr5
contig-0005042	#0072B2	chr5
contig-0005043	#E6AB23	chr8
contig-0005044	#CC8DB3	chr11
contig-0005045	#CC8DB3	chr11
contig-0005046	#CC8DB3	chr11
contig-0005047	#1A7FBA	chr12
contig-0005048	#1A7FBA	chr12
contig-0005049	#808080	chr21
contig-0005050	#D57533	chr13
contig-0005051	#1A7FBA	chr12
contig-0005052	#666666	chr7
contig-0005053	#666666	chr7
contig-0005054	#666666	chr7
contig-0005055	#666666	chr7
contig-0005056	#666666	chr7
contig-0005057	#D55E00	chr6
contig-0005058	#D55E00	chr6
contig-0005059	#D55E00	chr6
contig-0005060	#00B28C	chr17
contig-0005061	#D57533	chr13
contig-0005062	#00B28C	chr17
contig-0005063	#00B28C	chr17
contig-0005064	#00B28C	chr17
contig-0005065	#5699E9	chr9
contig-0005066	#5699E9	chr9
contig-0005067	#5699E9	chr9
contig-0005068	#E69F00	chr1
contig-0005069	#E69F00	chr1
contig-0005070	#E69F00	chr1
contig-0005071	#D57533	chr13
contig-0005072	#567DE9	chr16
contig-0005073	#0072B2	chr5
contig-0005074	#0072B2	chr5
contig-0005075	#0072B2	chr5
contig-0005076	#666666	chr7
contig-0005077	#D57533	chr13
contig-0005078	#666666	chr7
contig-0005079	#E69F00	chr1
contig-0005080	#E69F00	chr1
contig-0005081	#E69F00	chr1
contig-0005082	#E6C47F	chr22
contig-0005083	#E6C47F	chr22
contig-0005084	#E6C47F	chr22
contig-0005085	#E6C47F	chr22
contig-0005086	#E6C47F	chr22
contig-0005087	#CC79A7	chr4
contig-0005088	#D55E00	chr6
contig-0005089	#CC79A7	chr4
contig-0005090	#CC79A7	chr4
contig-0005091	#E69F00	chr1
contig-0005092	#E69F00	chr1
contig-0005093	#E69F00	chr1
contig-0005094	#E69F00	chr1
contig-0005095	#00B28C	chr17
contig-0005096	#D55E00	chr6
contig-0005097	#5699E9	chr9
contig-0005098	#5699E9	chr9
contig-0005099	#5699E9	chr9
contig-0005100	#5699E9	chr9
contig-0005101	#5699E9	chr9
contig-0005102	#5699E9	chr9
contig-0005103	#5699E9	chr9
contig-0005104	#5699E9	chr9
contig-0005105	#5699E9	chr9
contig-0005106	#666666	chr7
contig-0005107	#D55E00	chr6
contig-0005108	#666666	chr7
contig-0005109	#666666	chr7
contig-0005110	#CCA0BF	chr18
contig-0005111	#CC8DB3	chr11
contig-0005112	#D57533	chr13
contig-0005113	#56B4E9	chr2
contig-0005114	#56B4E9	chr2
contig-0005115	#56B4E9	chr2
contig-0005116	#666666	chr7
contig-0005117	#666666	chr7
contig-0005118	#D57533	chr13
contig-0005119	#00B28C	chr17
contig-0005120	#00B28C	chr17
contig-0005121	#00B28C	chr17
contig-0005122	#CCA0BF	chr18
contig-0005123	#CCA0BF	chr18
contig-0005124	#CCA0BF	chr18
contig-0005125	#00B28C	chr17
contig-0005126	#00B28C	chr17
contig-0005127	#00B28C	chr17
contig-0005128	#00B28C	chr17
contig-0005129	#D57533	chr13
contig-0005130	#009E73	chr3
contig-0005131	#009E73	chr3
contig-0005132	#009E73	chr3
contig-0005133	#009E73	chr3
contig-0005134	#009E73	chr3
contig-0005135	#009E73	chr3
contig-0005136	#E6B847	chr15
contig-0005137	#00B28C	chr17
contig-0005138	#009E73	chr3
contig-0005139	#009E73	chr3
contig-0005140	#009E73	chr3
contig-0005141	#567DE9	chr16
contig-0005142	#567DE9	chr16
contig-0005143	#0072B2	chr5
contig-0005144	#0072B2	chr5
contig-0005145	#0072B2	chr5
contig-0005146	#666666	chr7
contig-0005147	#666666	chr7
contig-0005148	#666666	chr7
contig-0005149	#808080	chr21
contig-0005150	#E69F00	chr1
contig-0005151	#666666	chr7
contig-0005152	#CC79A7	chr4
contig-0005153	#CC79A7	chr4
contig-0005154	#CC79A7	chr4
contig-0005155	#CC79A7	chr4
contig-0005156	#CC79A7	chr4
contig-0005157	#0072B2	chr5
contig-0005158	#0072B2	chr5
contig-0005159	#0072B2	chr5
contig-0005160	#CCA0BF	chr18
contig-0005161	#E69F00	chr1
contig-0005162	#CCA0BF	chr18
contig-0005163	#CCA0BF	chr18
contig-0005164	#CCA0BF	chr18
contig-0005165	#CCA0BF	chr18
contig-0005166	#56B4E9	chr2
contig-0005167	#1A7FBA	chr12
contig-0005168	#1A7FBA	chr12
contig-0005169	#1A7FBA	chr12
contig-0005170	#1A7FBA	chr12
contig-0005171	#1A7FBA	chr12
contig-0005172	#E69F00	chr1
contig-0005173	#D58C66	chr20
contig-0005174	#56B4E9	chr2
contig-0005175	#CC79A7	chr4
contig-0005176	#737373	chr14
contig-0005177	#737373	chr14
contig-0005178	#737373	chr14
contig-0005179	#CC8DB3	chr11
contig-0005180	#CC8DB3	chr11
contig-0005181	#CC8DB3	chr11
contig-0005182	#CC8DB3	chr11
contig-0005183	#E69F00	chr1
contig-0005184	#CC8DB3	chr11
contig-0005185	#CC8DB3	chr11
contig-0005186	#666666	chr7
contig-0005187	#666666	chr7
contig-0005188	#E6AB23	chr8
contig-0005189	#E6AB23	chr8
contig-0005190	#E6AB23	chr8
contig-0005191	#666666	chr7
contig-0005192	#D55E00	chr6
contig-0005193	#D55E00	chr6
contig-0005194	#E69F00	chr1
contig-0005195	#D55E00	chr6
contig-0005196	#D55E00	chr6
contig-0005197	#D55E00	chr6
contig-0005198	#D55E00	chr6
contig-0005199	#737373	chr14
contig-0005200	#D55E00	chr6
contig-0005201	#D55E00	chr6
contig-0005202	#D55E00	chr6
contig-0005203	#666666	chr7
contig-0005204	#5699E9	chr9
contig-0005205	#5699E9	chr9
contig-0005206	#D58C66	chr20
contig-0005207	#E6AB23	chr8
contig-0005208	#E6AB23	chr8
contig-0005209	#E6AB23	chr8
contig-0005210	#E6AB23	chr8
contig-0005211	#E6AB23	chr8
contig-0005212	#009E73	chr3
contig-0005213	#009E73	chr3
contig-0005214	#666666	chr7
contig-0005215	#009E73	chr3
contig-0005216	#0072B2	chr5
contig-0005217	#0072B2	chr5
contig-0005218	#0072B2	chr5
contig-0005219	#666666	chr7
contig-0005220	#666666	chr7
contig-0005221	#CCA0BF	chr18
contig-0005222	#D58C66	chr20
contig-0005223	#D58C66	chr20
contig-0005224	#666666	chr7
contig-0005225	#D58C66	chr20
contig-0005226	#D58C66	chr20
contig-0005227	#D58C66	chr20
contig-0005228	#5699E9	chr9
contig-0005229	#338CC2	chr19
contig-0005230	#338CC2	chr19
contig-0005231	#338CC2	chr19
contig-0005232	#E6B847	chr15
contig-0005233	#E6B847	chr15
contig-0005234	#E6B847	chr15
contig-0005235	#666666	chr7
contig-0005236	#E6B847	chr15
contig-0005237	#E6B847	chr15
contig-0005238	#E6B847	chr15
contig-0005239	#00A880	chr10
contig-0005240	#00A880	chr10
contig-0005241	#E6AB23	chr8
contig-0005242	#E6AB23	chr8
contig-0005243	#E6AB23	chr8
contig-0005244	#666666	chr7
contig-0005245	#E69F00	chr1
contig-0005246	#E69F00	chr1
contig-0005247	#E69F00	chr1
contig-0005248	#0072B2	chr5
contig-0005249	#CC79A7	chr4
contig-0005250	#CC79A7	chr4
contig-0005251	#CC79A7	chr4
contig-0005252	#CC79A7	chr4
contig-0005253	#CC79A7	chr4
contig-0005254	#338CC2	chr19
contig-0005255	#338CC2	chr19
contig-0005256	#737373	chr14
contig-0005257	#666666	chr7
contig-0005258	#338CC2	chr19
contig-0005259	#338CC2	chr19
contig-0005260	#E69F00	chr1
contig-0005261	#E6B847	chr15
contig-0005262	#E6B847	chr15
contig-0005263	#E6B847	chr15
contig-0005264	#E6B847	chr15
contig-0005265	#0072B2	chr5
contig-0005266	#0072B2	chr5
contig-0005267	#567DE9	chr16
contig-0005268	#D58C66	chr20
contig-0005269	#567DE9	chr16
contig-0005270	#567DE9	chr16
contig-0005271	#CC79A7	chr4
contig-0005272	#D55E00	chr6
contig-0005273	#567DE9	chr16
contig-0005274	#CCA0BF	chr18
contig-0005275	#CCA0BF	chr18
contig-0005276	#009E73	chr3
contig-0005277	#009E73	chr3
contig-0005278	#009E73	chr3
contig-0005279	#808080	chr21
contig-0005280	#808080	chr21
contig-0005281	#808080	chr21
contig-0005282	#E6C47F	chr22
contig-0005283	#E6C47F	chr22
contig-0005284	#E6C47F	chr22
contig-0005285	#E6C47F	chr22
contig-0005286	#E6C47F	chr22
contig-0005287	#E6B847	chr15
contig-0005288	#D58C66	chr20
contig-0005289	#E6B847	chr15
contig-0005290	#E6B847	chr15
contig-0005291	#E6B847	chr15
contig-0005292	#E6B847	chr15
contig-0005293	#0072B2	chr5
contig-0005294	#0072B2	chr5
contig-0005295	#E69F00	chr1
contig-0005296	#00B28C	chr17
contig-0005297	#00B28C	chr17
contig-0005298	#00B28C	chr17
contig-0005299	#5699E9	chr9
contig-0005300	#5699E9	chr9
contig-0005301	#5699E9	chr9
contig-0005302	#5699E9	chr9
contig-0005303	#D58C66	chr20
contig-0005304	#D58C66	chr20
contig-0005305	#D58C66	chr20
contig-0005306	#56B4E9	chr2
contig-0005307	#56B4E9	chr2
contig-0005308	#56B4E9	chr2
contig-0005309	#56B4E9	chr2
contig-0005310	#5699E9	chr9
contig-0005311	#808080	chr21
contig-0005312	#E6AB23	chr8
contig-0005313	#E6AB23	chr8
contig-0005314	#E6C47F	chr22
contig-0005315	#D55E00	chr6
contig-0005316	#D55E00	chr6
contig-0005317	#D55E00	chr6
contig-0005318	#D58C66	chr20
contig-0005319	#D58C66	chr20
contig-0005320	#D58C66	chr20
contig-0005321	#5699E9	chr9
contig-0005322	#E6AB23	chr8
contig-0005323	#E6AB23	chr8
contig-0005324	#E6AB23	chr8
contig-0005325	#E6AB23	chr8
contig-0005326	#E6AB23	chr8
contig-0005327	#E6B847	chr15
contig-0005328	#E6B847	chr15
contig-0005329	#E6B847	chr15
contig-0005330	#737373	chr14
contig-0005331	#737373	chr14
contig-0005332	#5699E9	chr9
contig-0005333	#737373	chr14
contig-0005334	#737373	chr14
contig-0005335	#737373	chr14
contig-0005336	#737373	chr14
contig-0005337	#737373	chr14
contig-0005338	#56B4E9	chr2
contig-0005339	#009E73	chr3
contig-0005340	#009E73	chr3
contig-0005341	#009E73	chr3
contig-0005342	#E6B847	chr15
contig-0005343	#5699E9	chr9
contig-0005344	#E6B847	chr15
contig-0005345	#E6B847	chr15
contig-0005346	#E6B847	chr15
contig-0005347	#E6B847	chr15
contig-0005348	#E6AB23	chr8
contig-0005349	#5699E9	chr9
contig-0005350	#5699E9	chr9
contig-0005351	#567DE9	chr16
contig-0005352	#567DE9	chr16
contig-0005353	#567DE9	chr16
contig-0005354	#1A7FBA	chr12
contig-0005355	#567DE9	chr16
contig-0005356	#009E73	chr3
contig-0005357	#D58C66	chr20
contig-0005358	#D58C66	chr20
contig-0005359	#D58C66	chr20
contig-0005360	#D58C66	chr20
contig-0005361	#5699E9	chr9
contig-0005362	#5699E9	chr9
contig-0005363	#5699E9	chr9
contig-0005364	#5699E9	chr9
contig-0005365	#808080	chr21
contig-0005366	#1A7FBA	chr12
contig-0005367	#5699E9	chr9
contig-0005368	#E6C47F	chr22
contig-0005369	#E6B847	chr15
contig-0005370	#E6B847	chr15
contig-0005371	#E6B847	chr15
contig-0005372	#1A7FBA	chr12
contig-0005373	#1A7FBA	chr12
contig-0005374	#1A7FBA	chr12
contig-0005375	#0072B2	chr5
contig-0005376	#0072B2	chr5
contig-0005377	#1A7FBA	chr12
contig-0005378	#0072B2	chr5
contig-0005379	#0072B2	chr5
contig-0005380	#0072B2	chr5
contig-0005381	#E6B847	chr15
contig-0005382	#E6B847	chr15
contig-0005383	#E6B847	chr15
contig-0005384	#E6B847	chr15
contig-0005385	#E6B847	chr15
contig-0005386	#CCA0BF	chr18
contig-0005387	#CCA0BF	chr18
contig-0005388	#1A7FBA	chr12
contig-0005389	#CCA0BF	chr18
contig-0005390	#CCA0BF	chr18
contig-0005391	#CCA0BF	chr18
contig-0005392	#CCA0BF	chr18
contig-0005393	#CCA0BF	chr18
contig-0005394	#737373	chr14
contig-0005395	#00B28C	chr17
contig-0005396	#00B28C	chr17
contig-0005397	#00B28C	chr17
contig-0005398	#009E73	chr3
contig-0005399	#1A7FBA	chr12
contig-0005400	#009E73	chr3
contig-0005401	#D55E00	chr6
contig-0005402	#D55E00	chr6
contig-0005403	#D55E00	chr6
contig-0005404	#00B28C	chr17
contig-0005405	#00B28C	chr17
contig-0005406	#00B28C	chr17
contig-0005407	#00B28C	chr17
contig-0005408	#00B28C	chr17
contig-0005409	#CC79A7	chr4
contig-0005410	#1A7FBA	chr12
contig-0005411	#CC79A7	chr4
contig-0005412	#CC79A7	chr4
contig-0005413	#009E73	chr3
contig-0005414	#009E73	chr3
contig-0005415	#CC8DB3	chr11
contig-0005416	#CC8DB3	chr11
contig-0005417	#CC8DB3	chr11
contig-0005418	#E69F00	chr1
contig-0005419	#E69F00	chr1
contig-0005420	#1A7FBA	chr12
contig-0005421	#E69F00	chr1
contig-0005422	#E69F00	chr1
contig-0005423	#E69F00	chr1
contig-0005424	#E69F00	chr1
contig-0005425	#E69F00	chr1
contig-0005426	#D58C66	chr20
contig-0005427	#E69F00	chr1
contig-0005428	#E69F00	chr1
contig-0005429	#E69F00	chr1
contig-0005430	#CC79A7	chr4
contig-0005431	#5699E9	chr9
contig-0005432	#CC79A7	chr4
contig-0005433	#CC79A7	chr4
contig-0005434	#CC79A7	chr4
contig-0005435	#CC79A7	chr4
contig-0005436	#009E73	chr3
contig-0005437	#567DE9	chr16
contig-0005438	#567DE9	chr16
contig-0005439	#567DE9	chr16
contig-0005440	#1A7FBA	chr12
contig-0005441	#1A7FBA	chr12
contig-0005442	#5699E9	chr9
contig-0005443	#1A7FBA	chr12
contig-0005444	#009E73	chr3
contig-0005445	#009E73	chr3
contig-0005446	#E6C47F	chr22
contig-0005447	#E6AB23	chr8
contig-0005448	#E6AB23	chr8
contig-0005449	#E6AB23	chr8
contig-0005450	#E69F00	chr1
contig-0005451	#E69F00	chr1
contig-0005452	#5699E9	chr9
contig-0005453	#E69F00	chr1
contig-0005454	#56B4E9	chr2
contig-0005455	#56B4E9	chr2
contig-0005456	#56B4E9	chr2
contig-0005457	#56B4E9	chr2
contig-0005458	#56B4E9	chr2
contig-0005459	#56B4E9	chr2
contig-0005460	#1A7FBA	chr12
contig-0005461	#00A880	chr10
contig-0005462	#00A880	chr10
contig-0005463	#5699E9	chr9
contig-0005464	#00A880	chr10
contig-0005465	#D55E00	chr6
contig-0005466	#00B28C	chr17
contig-0005467	#00B28C	chr17
contig-0005468	#00B28C	chr17
contig-0005469	#009E73	chr3
contig-0005470	#009E73	chr3
contig-0005471	#CC79A7	chr4
contig-0005472	#CC79A7	chr4
contig-0005473	#737373	chr14
contig-0005474	#5699E9	chr9
contig-0005475	#CC79A7	chr4
contig-0005476	#E69F00	chr1
contig-0005477	#E69F00	chr1
contig-0005478	#E69F00	chr1
contig-0005479	#E69F00	chr1
contig-0005480	#E69F00	chr1
contig-0005481	#009E73	chr3
contig-0005482	#009E73	chr3
contig-0005483	#009E73	chr3
contig-0005484	#CCA0BF	chr18
contig-0005485	#D57533	chr13
contig-0005486	#CCA0BF	chr18
contig-0005487	#CCA0BF	chr18
contig-0005488	#E6AB23	chr8
contig-0005489	#5699E9	chr9
contig-0005490	#D55E00	chr6
contig-0005491	#D55E00	chr6
contig-0005492	#D55E00	chr6
contig-0005493	#D55E00	chr6
contig-0005494	#D55E00	chr6
contig-0005495	#D57533	chr13
contig-0005496	#CC79A7	chr4
contig-0005497	#00A880	chr10
contig-0005498	#00A880	chr10
contig-0005499	#00A880	chr10
contig-0005500	#E69F00	chr1
contig-0005501	#E69F00	chr1
contig-0005502	#E6AB23	chr8
contig-0005503	#E6AB23	chr8
contig-0005504	#E6AB23	chr8
contig-0005505	#737373	chr14
contig-0005506	#D57533	chr13
contig-0005507	#737373	chr14
contig-0005508	#737373	chr14
contig-0005509	#737373	chr14
contig-0005510	#737373	chr14
contig-0005511	#E69F00	chr1
contig-0005512	#E69F00	chr1
contig-0005513	#E69F00	chr1
contig-0005514	#0072B2	chr5
contig-0005515	#009E73	chr3
contig-0005516	#009E73	chr3
contig-0005517	#D57533	chr13
contig-0005518	#009E73	chr3
contig-0005519	#CC8DB3	chr11
contig-0005520	#CC8DB3	chr11
contig-0005521	#CC8DB3	chr11
contig-0005522	#56B4E9	chr2
contig-0005523	#56B4E9	chr2
contig-0005524	#56B4E9	chr2
contig-0005525	#0072B2	chr5
contig-0005526	#0072B2	chr5
contig-0005527	#0072B2	chr5
contig-0005528	#D57533	chr13
contig-0005529	#56B4E9	chr2
contig-0005530	#56B4E9	chr2
contig-0005531	#56B4E9	chr2
contig-0005532	#56B4E9	chr2
contig-0005533	#56B4E9	chr2
contig-0005534	#56B4E9	chr2
contig-0005535	#56B4E9	chr2
contig-0005536	#56B4E9	chr2
contig-0005537	#009E73	chr3
contig-0005538	#009E73	chr3
contig-0005539	#737373	chr14
contig-0005540	#009E73	chr3
contig-0005541	#56B4E9	chr2
contig-0005542	#56B4E9	chr2
contig-0005543	#56B4E9	chr2
contig-0005544	#56B4E9	chr2
contig-0005545	#56B4E9	chr2
contig-0005546	#0072B2	chr5
contig-0005547	#0072B2	chr5
contig-0005548	#0072B2	chr5
contig-0005549	#737373	chr14
contig-0005550	#737373	chr14
contig-0005551	#737373	chr14
contig-0005552	#737373	chr14
contig-0005553	#1A7FBA	chr12
contig-0005554	#1A7FBA	chr12
contig-0005555	#1A7FBA	chr12
contig-0005556	#D57533	chr13
contig-0005557	#D57533	chr13
contig-0005558	#D57533	chr13
contig-0005559	#D58C66	chr20
contig-0005560	#737373	chr14
contig-0005561	#CCA0BF	chr18
contig-0005562	#737373	chr14
contig-0005563	#CC79A7	chr4
contig-0005564	#737373	chr14
contig-0005565	#737373	chr14
contig-0005566	#1A7FBA	chr12
contig-0005567	#1A7FBA	chr12
contig-0005568	#1A7FBA	chr12
contig-0005569	#1A7FBA	chr12
contig-0005570	#1A7FBA	chr12
contig-0005571	#737373	chr14
contig-0005572	#56B4E9	chr2
contig-0005573	#56B4E9	chr2
contig-0005574	#56B4E9	chr2
contig-0005575	#56B4E9	chr2
contig-0005576	#56B4E9	chr2
contig-0005577	#666666	chr7
contig-0005578	#666666	chr7
contig-0005579	#666666	chr7
contig-0005580	#00A880	chr10
contig-0005581	#737373	chr14
contig-0005582	#737373	chr14
contig-0005583	#00A880	chr10
contig-0005584	#00A880	chr10
contig-0005585	#00A880	chr10
contig-0005586	#E69F00	chr1
contig-0005587	#00B28C	chr17
contig-0005588	#0072B2	chr5
contig-0005589	#0072B2	chr5
contig-0005590	#0072B2	chr5
contig-0005591	#737373	chr14
contig-0005592	#666666	chr7
contig-0005593	#CCA0BF	chr18
contig-0005594	#CCA0BF	chr18
contig-0005595	#CCA0BF	chr18
contig-0005596	#D57533	chr13
contig-0005597	#D57533	chr13
contig-0005598	#D57533	chr13
contig-0005599	#1A7FBA	chr12
contig-0005600	#1A7FBA	chr12
contig-0005601	#1A7FBA	chr12
contig-0005602	#737373	chr14
contig-0005603	#567DE9	chr16
contig-0005604	#00B28C	chr17
contig-0005605	#00B28C	chr17
contig-0005606	#00B28C	chr17
contig-0005607	#E6AB23	chr8
contig-0005608	#D55E00	chr6
contig-0005609	#D55E00	chr6
contig-0005610	#E6AB23	chr8
contig-0005611	#338CC2	chr19
contig-0005612	#737373	chr14
contig-0005613	#338CC2	chr19
contig-0005614	#338CC2	chr19
contig-0005615	#737373	chr14
contig-0005616	#737373	chr14
contig-0005617	#737373	chr14
contig-0005618	#737373	chr14
contig-0005619	#737373	chr14
contig-0005620	#E69F00	chr1
contig-0005621	#E69F00	chr1
contig-0005622	#E69F00	chr1
contig-0005623	#737373	chr14
contig-0005624	#D55E00	chr6
contig-0005625	#D55E00	chr6
contig-0005626	#D55E00	chr6
contig-0005627	#00A880	chr10
contig-0005628	#00A880	chr10
contig-0005629	#00A880	chr10
contig-0005630	#D58C66	chr20
contig-0005631	#D58C66	chr20
contig-0005632	#D58C66	chr20
contig-0005633	#D58C66	chr20
contig-0005634	#737373	chr14
contig-0005635	#D58C66	chr20
contig-0005636	#CC79A7	chr4
contig-0005637	#56B4E9	chr2
contig-0005638	#56B4E9	chr2
contig-0005639	#56B4E9	chr2
contig-0005640	#56B4E9	chr2
contig-0005641	#56B4E9	chr2
contig-0005642	#56B4E9	chr2
contig-0005643	#56B4E9	chr2
contig-0005644	#56B4E9	chr2
contig-0005645	#00B28C	chr17
contig-0005646	#56B4E9	chr2
contig-0005647	#56B4E9	chr2
contig-0005648	#E69F00	chr1
contig-0005649	#E69F00	chr1
contig-0005650	#E69F00	chr1
contig-0005651	#E69F00	chr1
contig-0005652	#E69F00	chr1
contig-0005653	#E69F00	chr1
contig-0005654	#E69F00	chr1
contig-0005655	#00A880	chr10
contig-0005656	#E6C47F	chr22
contig-0005657	#00A880	chr10
contig-0005658	#00A880	chr10
contig-0005659	#00A880	chr10
contig-0005660	#E69F00	chr1
contig-0005661	#E69F00	chr1
contig-0005662	#E69F00	chr1
contig-0005663	#E6B847	chr15
contig-0005664	#E6B847	chr15
contig-0005665	#E6B847	chr15
contig-0005666	#E6B847	chr15
contig-0005667	#56B4E9	chr2
contig-0005668	#56B4E9	chr2
contig-0005669	#56B4E9	chr2
contig-0005670	#D55E00	chr6
contig-0005671	#E6B847	chr15
contig-0005672	#666666	chr7
contig-0005673	#666666	chr7
contig-0005674	#666666	chr7
contig-0005675	#E6C47F	chr22
contig-0005676	#666666	chr7
contig-0005677	#666666	chr7
contig-0005678	#009E73	chr3
contig-0005679	#00A880	chr10
contig-0005680	#00B28C	chr17
contig-0005681	#00B28C	chr17
contig-0005682	#00B28C	chr17
contig-0005683	#E69F00	chr1
contig-0005684	#E6C47F	chr22
contig-0005685	#E6C47F	chr22
contig-0005686	#E69F00	chr1
contig-0005687	#E69F00	chr1
contig-0005688	#666666	chr7
contig-0005689	#666666	chr7
contig-0005690	#666666	chr7
contig-0005691	#1A7FBA	chr12
contig-0005692	#1A7FBA	chr12
contig-0005693	#1A7FBA	chr12
contig-0005694	#00A880	chr10
contig-0005695	#00A880	chr10
contig-0005696	#D58C66	chr20
contig-0005697	#D58C66	chr20
contig-0005698	#D58C66	chr20
contig-0005699	#5699E9	chr9
contig-0005700	#5699E9	chr9
contig-0005701	#5699E9	chr9
contig-0005702	#D57533	chr13
contig-0005703	#D57533	chr13
contig-0005704	#D57533	chr13
contig-0005705	#56B4E9	chr2
contig-0005706	#E6C47F	chr22
contig-0005707	#56B4E9	chr2
contig-0005708	#56B4E9	chr2
contig-0005709	#56B4E9	chr2
contig-0005710	#56B4E9	chr2
contig-0005711	#0072B2	chr5
contig-0005712	#0072B2	chr5
contig-0005713	#0072B2	chr5
contig-0005714	#E69F00	chr1
contig-0005715	#E69F00	chr1
contig-0005716	#E69F00	chr1
contig-0005717	#E6C47F	chr22
contig-0005718	#666666	chr7
contig-0005719	#666666	chr7
contig-0005720	#666666	chr7
contig-0005721	#666666	chr7
contig-0005722	#666666	chr7
contig-0005723	#E69F00	chr1
contig-0005724	#E69F00	chr1
contig-0005725	#E69F00	chr1
contig-0005726	#009E73	chr3
contig-0005727	#E6B847	chr15
contig-0005728	#E6C47F	chr22
contig-0005729	#E6B847	chr15
contig-0005730	#E6B847	chr15
contig-0005731	#E6B847	chr15
contig-0005732	#E6B847	chr15
contig-0005733	#E6B847	chr15
contig-0005734	#737373	chr14
contig-0005735	#737373	chr14
contig-0005736	#737373	chr14
contig-0005737	#E69F00	chr1
contig-0005738	#E6C47F	chr22
contig-0005739	#E69F00	chr1
contig-0005740	#E69F00	chr1
contig-0005741	#56B4E9	chr2
contig-0005742	#00B28C	chr17
contig-0005743	#E69F00	chr1
contig-0005744	#E69F00	chr1
contig-0005745	#E69F00	chr1
contig-0005746	#CC8DB3	chr11
contig-0005747	#E6C47F	chr22
contig-0005748	#CC8DB3	chr11
contig-0005749	#CC8DB3	chr11
contig-0005750	#E6AB23	chr8
contig-0005751	#E6AB23	chr8
contig-0005752	#E6AB23	chr8
contig-0005753	#D55E00	chr6
contig-0005754	#D55E00	chr6
contig-0005755	#D55E00	chr6
contig-0005756	#D55E00	chr6
contig-0005757	#D55E00	chr6
contig-0005758	#E6B847	chr15
contig-0005759	#00B28C	chr17
contig-0005760	#00B28C	chr17
contig-0005761	#00B28C	chr17
contig-0005762	#00B28C	chr17
contig-0005763	#D58C66	chr20
contig-0005764	#D58C66	chr20
contig-0005765	#D58C66	chr20
contig-0005766	#D58C66	chr20
contig-0005767	#D58C66	chr20
contig-0005768	#E69F00	chr1
contig-0005769	#808080	chr21
contig-0005770	#E69F00	chr1
contig-0005771	#E69F00	chr1
contig-0005772	#E69F00	chr1
contig-0005773	#E69F00	chr1
contig-0005774	#E69F00	chr1
contig-0005775	#E69F00	chr1
contig-0005776	#CC79A7	chr4
contig-0005777	#CC79A7	chr4
contig-0005778	#CC79A7	chr4
contig-0005779	#D57533	chr13
contig-0005780	#737373	chr14
contig-0005781	#737373	chr14
contig-0005782	#737373	chr14
contig-0005783	#D57533	chr13
contig-0005784	#D57533	chr13
contig-0005785	#D57533	chr13
contig-0005786	#D57533	chr13
contig-0005787	#D57533	chr13
contig-0005788	#CC8DB3	chr11
contig-0005789	#E6C47F	chr22
contig-0005790	#D57533	chr13
contig-0005791	#009E73	chr3
contig-0005792	#009E73	chr3
contig-0005793	#009E73	chr3
contig-0005794	#009E73	chr3
contig-0005795	#009E73	chr3
contig-0005796	#56B4E9	chr2
contig-0005797	#56B4E9	chr2
contig-0005798	#56B4E9	chr2
contig-0005799	#56B4E9	chr2
contig-0005800	#D57533	chr13
contig-0005801	#56B4E9	chr2
contig-0005802	#56B4E9	chr2
contig-0005803	#E6AB23	chr8
contig-0005804	#E6AB23	chr8
contig-0005805	#E6AB23	chr8
contig-0005806	#E6C47F	chr22
contig-0005807	#E6C47F	chr22
contig-0005808	#E6C47F	chr22
contig-0005809	#E6C47F	chr22
contig-0005810	#E6C47F	chr22
contig-0005811	#737373	chr14
contig-0005812	#009E73	chr3
contig-0005813	#0072B2	chr5
contig-0005814	#0072B2	chr5
contig-0005815	#0072B2	chr5
contig-0005816	#567DE9	chr16
contig-0005817	#E6AB23	chr8
contig-0005818	#666666	chr7
contig-0005819	#666666	chr7
contig-0005820	#666666	chr7
contig-0005821	#666666	chr7
contig-0005822	#808080	chr21
contig-0005823	#666666	chr7
contig-0005824	#666666	chr7
contig-0005825	#0072B2	chr5
contig-0005826	#D55E00	chr6
contig-0005827	#D55E00	chr6
contig-0005828	#D55E00	chr6
contig-0005829	#D55E00	chr6
contig-0005830	#D55E00	chr6
contig-0005831	#D55E00	chr6
contig-0005832	#D55E00	chr6
contig-0005833	#E69F00	chr1
contig-0005834	#808080	chr21
contig-0005835	#808080	chr21
contig-0005836	#808080	chr21
contig-0005837	#666666	chr7
contig-0005838	#666666	chr7
contig-0005839	#666666	chr7
contig-0005840	#666666	chr7
contig-0005841	#666666	chr7
contig-0005842	#56B4E9	chr2
contig-0005843	#56B4E9	chr2
contig-0005844	#E69F00	chr1
contig-0005845	#56B4E9	chr2
contig-0005846	#D55E00	chr6
contig-0005847	#D55E00	chr6
contig-0005848	#D55E00	chr6
contig-0005849	#D55E00	chr6
contig-0005850	#D55E00	chr6
contig-0005851	#56B4E9	chr2
contig-0005852	#56B4E9	chr2
contig-0005853	#56B4E9	chr2
contig-0005854	#56B4E9	chr2
contig-0005855	#E69F00	chr1
contig-0005856	#737373	chr14
contig-0005857	#737373	chr14
contig-0005858	#737373	chr14
contig-0005859	#737373	chr14
contig-0005860	#737373	chr14
contig-0005861	#5699E9	chr9
contig-0005862	#5699E9	chr9
contig-0005863	#00A880	chr10
contig-0005864	#00A880	chr10
contig-0005865	#00A880	chr10
contig-0005866	#E69F00	chr1
contig-0005867	#00A880	chr10
contig-0005868	#567DE9	chr16
contig-0005869	#567DE9	chr16
contig-0005870	#567DE9	chr16
contig-0005871	#D57533	chr13
contig-0005872	#D57533	chr13
contig-0005873	#D55E00	chr6
contig-0005874	#E69F00	chr1
contig-0005875	#D55E00	chr6
contig-0005876	#D55E00	chr6
contig-0005877	#D55E00	chr6
contig-0005878	#56B4E9	chr2
contig-0005879	#D58C66	chr20
contig-0005880	#E6B847	chr15
contig-0005881	#E6B847	chr15
contig-0005882	#E6B847	chr15
contig-0005883	#E6B847	chr15
contig-0005884	#E69F00	chr1
contig-0005885	#E6B847	chr15
contig-0005886	#56B4E9	chr2
contig-0005887	#56B4E9	chr2
contig-0005888	#56B4E9	chr2
contig-0005889	#CC8DB3	chr11
contig-0005890	#56B4E9	chr2
contig-0005891	#56B4E9	chr2
contig-0005892	#56B4E9	chr2
contig-0005894	#E69F00	chr1
contig-0005895	#009E73	chr3
contig-0005896	#009E73	chr3
contig-0005897	#009E73	chr3
contig-0005898	#009E73	chr3
contig-0005899	#009E73	chr3
contig-0005900	#E69F00	chr1
contig-0005901	#56B4E9	chr2
contig-0005902	#56B4E9	chr2
contig-0005903	#56B4E9	chr2
contig-0005904	#D55E00	chr6
contig-0005905	#E6B847	chr15
contig-0005906	#338CC2	chr19
contig-0005907	#338CC2	chr19
contig-0005908	#338CC2	chr19
contig-0005909	#CC79A7	chr4
contig-0005910	#CC79A7	chr4
contig-0005911	#CC79A7	chr4
contig-0005912	#CC79A7	chr4
contig-0005913	#56B4E9	chr2
contig-0005914	#D58C66	chr20
contig-0005915	#CCA0BF	chr18
contig-0005916	#CCA0BF	chr18
contig-0005917	#CCA0BF	chr18
contig-0005918	#D57533	chr13
contig-0005919	#D57533	chr13
contig-0005920	#D57533	chr13
contig-0005921	#D57533	chr13
contig-0005922	#D57533	chr13
contig-0005923	#5699E9	chr9
contig-0005924	#56B4E9	chr2
contig-0005925	#5699E9	chr9
contig-0005926	#666666	chr7
contig-0005927	#666666	chr7
contig-0005928	#666666	chr7
contig-0005929	#CC79A7	chr4
contig-0005930	#00B28C	chr17
contig-0005931	#00B28C	chr17
contig-0005932	#00B28C	chr17
contig-0005933	#00B28C	chr17
contig-0005934	#CC79A7	chr4
contig-0005935	#56B4E9	chr2
contig-0005936	#CC79A7	chr4
contig-0005937	#CC79A7	chr4
contig-0005938	#CC79A7	chr4
contig-0005939	#CC79A7	chr4
contig-0005940	#5699E9	chr9
contig-0005941	#009E73	chr3
contig-0005942	#00A880	chr10
contig-0005943	#00A880	chr10
contig-0005944	#00A880	chr10
contig-0005945	#8C564B	chrY
contig-0005946	#CC8DB3	chr11
contig-0005947	#D57533	chr13
contig-0005948	#E69F00	chr1
contig-0005949	#E69F00	chr1
contig-0005950	#E69F00	chr1
contig-0005951	#CCA0BF	chr18
contig-0005952	#CCA0BF	chr18
contig-0005953	#CCA0BF	chr18
contig-0005954	#8C564B	chrY
contig-0005955	#CCA0BF	chr18
contig-0005956	#CCA0BF	chr18
contig-0005957	#D57533	chr13
contig-0005958	#D57533	chr13
contig-0005959	#D57533	chr13
contig-0005960	#D57533	chr13
contig-0005961	#D57533	chr13
contig-0005962	#D57533	chr13
contig-0005963	#666666	chr7
contig-0005964	#737373	chr14
contig-0005965	#8C564B	chrY
contig-0005966	#666666	chr7
contig-0005967	#666666	chr7
contig-0005968	#666666	chr7
contig-0005969	#666666	chr7
contig-0005970	#666666	chr7
contig-0005971	#E6AB23	chr8
contig-0005972	#E6AB23	chr8
contig-0005973	#E6AB23	chr8
contig-0005974	#56B4E9	chr2
contig-0005975	#56B4E9	chr2
contig-0005976	#8C564B	chrY
contig-0005977	#56B4E9	chr2
contig-0005978	#56B4E9	chr2
contig-0005979	#737373	chr14
contig-0005980	#737373	chr14
contig-0005981	#737373	chr14
contig-0005982	#737373	chr14
contig-0005983	#737373	chr14
contig-0005984	#E6B847	chr15
contig-0005985	#E6B847	chr15
contig-0005986	#8C564B	chrY
contig-0005987	#009E73	chr3
contig-0005988	#009E73	chr3
contig-0005989	#009E73	chr3
contig-0005990	#E6B847	chr15
contig-0005991	#E6B847	chr15
contig-0005992	#E6B847	chr15
contig-0005993	#CC79A7	chr4
contig-0005994	#CC79A7	chr4
contig-0005995	#CC79A7	chr4
contig-0005996	#56B4E9	chr2
contig-0005997	#CC8DB3	chr11
contig-0005998	#56B4E9	chr2
contig-0005999	#56B4E9	chr2
contig-0006000	#CC79A7	chr4
contig-0006001	#CC79A7	chr4
contig-0006002	#CC79A7	chr4
contig-0006003	#CC79A7	chr4
contig-0006004	#0072B2	chr5
contig-0006005	#CC79A7	chr4
contig-0006006	#CC79A7	chr4
contig-0006007	#8C564B	chrY
contig-0006008	#00B28C	chr17
contig-0006009	#1A7FBA	chr12
contig-0006010	#1A7FBA	chr12
contig-0006011	#1A7FBA	chr12
contig-0006012	#D57533	chr13
contig-0006013	#D57533	chr13
contig-0006014	#D57533	chr13
contig-0006015	#D55E00	chr6
contig-0006016	#D55E00	chr6
contig-0006017	#D55E00	chr6
contig-0006018	#8C564B	chrY
contig-0006019	#E6C47F	chr22
contig-0006020	#E6C47F	chr22
contig-0006021	#E6C47F	chr22
contig-0006022	#CC79A7	chr4
contig-0006023	#56B4E9	chr2
contig-0006024	#009E73	chr3
contig-0006025	#00A880	chr10
contig-0006026	#00A880	chr10
contig-0006027	#00A880	chr10
contig-0006028	#CC8DB3	chr11
contig-0006029	#8C564B	chrY
contig-0006030	#666666	chr7
contig-0006031	#666666	chr7
contig-0006032	#666666	chr7
contig-0006033	#808080	chr21
contig-0006034	#808080	chr21
contig-0006035	#808080	chr21
contig-0006036	#CC79A7	chr4
contig-0006037	#CC79A7	chr4
contig-0006038	#CC79A7	chr4
contig-0006039	#567DE9	chr16
contig-0006040	#CC8DB3	chr11
contig-0006041	#00A880	chr10
contig-0006042	#E6AB23	chr8
contig-0006043	#737373	chr14
contig-0006044	#737373	chr14
contig-0006045	#737373	chr14
contig-0006046	#E6C47F	chr22
contig-0006047	#00B28C	chr17
contig-0006048	#E6AB23	chr8
contig-0006049	#E6AB23	chr8
contig-0006050	#E6AB23	chr8
contig-0006051	#E6AB23	chr8
contig-0006052	#E6AB23	chr8
contig-0006053	#567DE9	chr16
contig-0006054	#567DE9	chr16
contig-0006055	#567DE9	chr16
contig-0006056	#567DE9	chr16
contig-0006057	#567DE9	chr16
contig-0006058	#666666	chr7
contig-0006059	#D58C66	chr20
contig-0006060	#567DE9	chr16
contig-0006061	#D58C66	chr20
contig-0006062	#CC79A7	chr4
contig-0006063	#CC79A7	chr4
contig-0006064	#CC79A7	chr4
contig-0006065	#567DE9	chr16
contig-0006066	#567DE9	chr16
contig-0006067	#567DE9	chr16
contig-0006068	#E6B847	chr15
contig-0006069	#E6B847	chr15
contig-0006070	#E6B847	chr15
contig-0006071	#567DE9	chr16
contig-0006072	#009E73	chr3
contig-0006073	#CC79A7	chr4
contig-0006074	#CC79A7	chr4
contig-0006075	#CC79A7	chr4
contig-0006076	#00A880	chr10
contig-0006077	#56B4E9	chr2
contig-0006078	#56B4E9	chr2
contig-0006079	#56B4E9	chr2
contig-0006080	#56B4E9	chr2
contig-0006081	#56B4E9	chr2
contig-0006082	#567DE9	chr16
contig-0006083	#56B4E9	chr2
contig-0006084	#737373	chr14
contig-0006085	#1A7FBA	chr12
contig-0006086	#1A7FBA	chr12
contig-0006087	#1A7FBA	chr12
contig-0006088	#1A7FBA	chr12
contig-0006089	#1A7FBA	chr12
contig-0006090	#CC79A7	chr4
contig-0006091	#CC8DB3	chr11
contig-0006092	#567DE9	chr16
contig-0006093	#D55E00	chr6
contig-0006094	#D55E00	chr6
contig-0006095	#D55E00	chr6
contig-0006096	#666666	chr7
contig-0006097	#009E73	chr3
contig-0006098	#1A7FBA	chr12
contig-0006099	#1A7FBA	chr12
contig-0006100	#1A7FBA	chr12
contig-0006101	#E6B847	chr15
contig-0006102	#CC8DB3	chr11
contig-0006103	#567DE9	chr16
contig-0006104	#E6B847	chr15
contig-0006105	#E6B847	chr15
contig-0006106	#E6B847	chr15
contig-0006107	#D55E00	chr6
contig-0006108	#D55E00	chr6
contig-0006109	#D55E00	chr6
contig-0006110	#737373	chr14
contig-0006111	#737373	chr14
contig-0006112	#737373	chr14
contig-0006113	#737373	chr14
contig-0006114	#567DE9	chr16
contig-0006115	#737373	chr14
contig-0006116	#737373	chr14
contig-0006117	#1A7FBA	chr12
contig-0006118	#1A7FBA	chr12
contig-0006119	#1A7FBA	chr12
contig-0006120	#CC8DB3	chr11
contig-0006121	#CC79A7	chr4
contig-0006122	#CC79A7	chr4
contig-0006123	#CC79A7	chr4
contig-0006124	#567DE9	chr16
contig-0006125	#CCA0BF	chr18
contig-0006126	#00A880	chr10
contig-0006127	#00A880	chr10
contig-0006128	#00A880	chr10
contig-0006129	#00A880	chr10
contig-0006130	#CC8DB3	chr11
contig-0006131	#CC8DB3	chr11
contig-0006132	#CC8DB3	chr11
contig-0006133	#E6C47F	chr22
contig-0006134	#1A7FBA	chr12
contig-0006135	#737373	chr14
contig-0006136	#1A7FBA	chr12
contig-0006137	#666666	chr7
contig-0006138	#666666	chr7
contig-0006139	#666666	chr7
contig-0006140	#338CC2	chr19
contig-0006141	#338CC2	chr19
contig-0006142	#338CC2	chr19
contig-0006143	#338CC2	chr19
contig-0006144	#338CC2	chr19
contig-0006145	#737373	chr14
contig-0006146	#E6B847	chr15
contig-0006147	#E6B847	chr15
contig-0006148	#E6B847	chr15
contig-0006149	#E6B847	chr15
contig-0006150	#E6B847	chr15
contig-0006151	#D58C66	chr20
contig-0006152	#CC8DB3	chr11
contig-0006153	#00A880	chr10
contig-0006154	#00A880	chr10
contig-0006155	#00A880	chr10
contig-0006156	#737373	chr14
contig-0006157	#00A880	chr10
contig-0006158	#00A880	chr10
contig-0006159	#1A7FBA	chr12
contig-0006160	#1A7FBA	chr12
contig-0006161	#1A7FBA	chr12
contig-0006162	#1A7FBA	chr12
contig-0006163	#1A7FBA	chr12
contig-0006164	#1A7FBA	chr12
contig-0006165	#1A7FBA	chr12
contig-0006166	#CCA0BF	chr18
contig-0006167	#CCA0BF	chr18
contig-0006168	#CCA0BF	chr18
contig-0006169	#CCA0BF	chr18
contig-0006170	#CCA0BF	chr18
contig-0006171	#0072B2	chr5
contig-0006172	#0072B2	chr5
contig-0006173	#0072B2	chr5
contig-0006174	#CC8DB3	chr11
contig-0006175	#CC8DB3	chr11
contig-0006176	#CC8DB3	chr11
contig-0006177	#CC8DB3	chr11
contig-0006178	#CC8DB3	chr11
contig-0006179	#CC8DB3	chr11
contig-0006180	#E6AB23	chr8
contig-0006181	#E6AB23	chr8
contig-0006182	#E6AB23	chr8
contig-0006183	#56B4E9	chr2
contig-0006184	#56B4E9	chr2
contig-0006185	#56B4E9	chr2
contig-0006186	#56B4E9	chr2
contig-0006187	#00A880	chr10
contig-0006188	#56B4E9	chr2
contig-0006189	#56B4E9	chr2
contig-0006190	#56B4E9	chr2
contig-0006191	#56B4E9	chr2
contig-0006192	#56B4E9	chr2
contig-0006193	#CCA0BF	chr18
contig-0006194	#CCA0BF	chr18
contig-0006195	#CCA0BF	chr18
contig-0006196	#D57533	chr13
contig-0006197	#00A880	chr10
contig-0006198	#338CC2	chr19
contig-0006199	#1A7FBA	chr12
contig-0006200	#1A7FBA	chr12
contig-0006201	#56B4E9	chr2
contig-0006202	#56B4E9	chr2
contig-0006203	#56B4E9	chr2
contig-0006204	#D57533	chr13
contig-0006205	#D55E00	chr6
contig-0006206	#D55E00	chr6
contig-0006207	#D55E00	chr6
contig-0006208	#666666	chr7
contig-0006209	#CC8DB3	chr11
contig-0006210	#00A880	chr10
contig-0006211	#0072B2	chr5
contig-0006212	#0072B2	chr5
contig-0006213	#0072B2	chr5
contig-0006214	#D57533	chr13
contig-0006215	#D57533	chr13
contig-0006216	#E6B847	chr15
contig-0006217	#E6B847	chr15
contig-0006218	#E6B847	chr15
contig-0006219	#009E73	chr3
contig-0006220	#737373	chr14
contig-0006221	#009E73	chr3
contig-0006222	#009E73	chr3
contig-0006223	#CCA0BF	chr18
contig-0006224	#0072B2	chr5
contig-0006225	#666666	chr7
contig-0006226	#E6B847	chr15
contig-0006227	#E6B847	chr15
contig-0006228	#E6B847	chr15
contig-0006229	#808080	chr21
contig-0006230	#1A7FBA	chr12
contig-0006231	#1A7FBA	chr12
contig-0006232	#1A7FBA	chr12
contig-0006233	#CCA0BF	chr18
contig-0006234	#009E73	chr3
contig-0006235	#D58C66	chr20
contig-0006236	#D58C66	chr20
contig-0006237	#666666	chr7
contig-0006238	#666666	chr7
contig-0006239	#666666	chr7
contig-0006240	#5699E9	chr9
contig-0006241	#E69F00	chr1
contig-0006242	#E69F00	chr1
contig-0006243	#E69F00	chr1
contig-0006244	#00A880	chr10
contig-0006245	#1A7FBA	chr12
contig-0006246	#1A7FBA	chr12
contig-0006247	#1A7FBA	chr12
contig-0006248	#1A7FBA	chr12
contig-0006249	#E6B847	chr15
contig-0006250	#E6B847	chr15
contig-0006251	#D57533	chr13
contig-0006252	#E6B847	chr15
contig-0006253	#E6B847	chr15
contig-0006254	#E6B847	chr15
contig-0006255	#E6B847	chr15
contig-0006256	#E6C47F	chr22
contig-0006257	#0072B2	chr5
contig-0006258	#0072B2	chr5
contig-0006259	#0072B2	chr5
contig-0006260	#009E73	chr3
contig-0006261	#D57533	chr13
contig-0006262	#009E73	chr3
contig-0006263	#009E73	chr3
contig-0006264	#E69F00	chr1
contig-0006265	#E69F00	chr1
contig-0006266	#E69F00	chr1
contig-0006267	#E69F00	chr1
contig-0006268	#E69F00	chr1
contig-0006269	#D55E00	chr6
contig-0006270	#56B4E9	chr2
contig-0006271	#D57533	chr13
contig-0006272	#56B4E9	chr2
contig-0006273	#56B4E9	chr2
contig-0006274	#E6C47F	chr22
contig-0006275	#E6C47F	chr22
contig-0006276	#E6C47F	chr22
contig-0006277	#00B28C	chr17
contig-0006278	#00B28C	chr17
contig-0006279	#CC8DB3	chr11
contig-0006280	#CC8DB3	chr11
contig-0006281	#CC8DB3	chr11
contig-0006282	#D57533	chr13
contig-0006283	#CC8DB3	chr11
contig-0006284	#CC8DB3	chr11
contig-0006285	#56B4E9	chr2
contig-0006286	#CC8DB3	chr11
contig-0006287	#5699E9	chr9
contig-0006288	#5699E9	chr9
contig-0006289	#5699E9	chr9
contig-0006290	#1A7FBA	chr12
contig-0006291	#CCA0BF	chr18
contig-0006292	#D57533	chr13
contig-0006293	#666666	chr7
contig-0006294	#1A7FBA	chr12
contig-0006295	#1A7FBA	chr12
contig-0006296	#1A7FBA	chr12
contig-0006297	#1A7FBA	chr12
contig-0006298	#1A7FBA	chr12
contig-0006299	#CC79A7	chr4
contig-0006300	#1A7FBA	chr12
contig-0006301	#1A7FBA	chr12
contig-0006302	#1A7FBA	chr12
contig-0006303	#56B4E9	chr2
contig-0006304	#1A7FBA	chr12
contig-0006305	#1A7FBA	chr12
contig-0006306	#CCA0BF	chr18
contig-0006307	#CCA0BF	chr18
contig-0006308	#CCA0BF	chr18
contig-0006309	#CCA0BF	chr18
contig-0006310	#CCA0BF	chr18
contig-0006311	#E69F00	chr1
contig-0006312	#E6AB23	chr8
contig-0006313	#E69F00	chr1
contig-0006314	#CC8DB3	chr11
contig-0006315	#56B4E9	chr2
contig-0006316	#E69F00	chr1
contig-0006317	#E69F00	chr1
contig-0006318	#E6C47F	chr22
contig-0006319	#E6AB23	chr8
contig-0006320	#E6AB23	chr8
contig-0006321	#E6AB23	chr8
contig-0006322	#E6AB23	chr8
contig-0006323	#E6AB23	chr8
contig-0006324	#1A7FBA	chr12
contig-0006325	#1A7FBA	chr12
contig-0006326	#1A7FBA	chr12
contig-0006327	#56B4E9	chr2
contig-0006328	#56B4E9	chr2
contig-0006329	#56B4E9	chr2
contig-0006330	#00A880	chr10
contig-0006331	#D55E00	chr6
contig-0006332	#E6AB23	chr8
contig-0006333	#E6AB23	chr8
contig-0006334	#E6AB23	chr8
contig-0006335	#009E73	chr3
contig-0006336	#56B4E9	chr2
contig-0006337	#009E73	chr3
contig-0006338	#009E73	chr3
contig-0006339	#CC79A7	chr4
contig-0006340	#338CC2	chr19
contig-0006341	#338CC2	chr19
contig-0006342	#338CC2	chr19
contig-0006343	#0072B2	chr5
contig-0006344	#0072B2	chr5
contig-0006345	#0072B2	chr5
contig-0006346	#56B4E9	chr2
contig-0006347	#56B4E9	chr2
contig-0006348	#D55E00	chr6
contig-0006349	#E69F00	chr1
contig-0006350	#E69F00	chr1
contig-0006351	#1A7FBA	chr12
contig-0006352	#0072B2	chr5
contig-0006353	#0072B2	chr5
contig-0006354	#0072B2	chr5
contig-0006355	#00A880	chr10
contig-0006356	#56B4E9	chr2
contig-0006357	#009E73	chr3
contig-0006358	#009E73	chr3
contig-0006359	#009E73	chr3
contig-0006360	#009E73	chr3
contig-0006361	#009E73	chr3
contig-0006362	#D55E00	chr6
contig-0006363	#CC79A7	chr4
contig-0006364	#CCA0BF	chr18
contig-0006365	#CCA0BF	chr18
contig-0006366	#CCA0BF	chr18
contig-0006367	#CCA0BF	chr18
contig-0006368	#CCA0BF	chr18
contig-0006369	#8C564B	chrY
contig-0006370	#8C564B	chrY
contig-0006371	#8C564B	chrY
contig-0006372	#E6AB23	chr8
contig-0006373	#E69F00	chr1
contig-0006374	#D57533	chr13
contig-0006375	#D57533	chr13
contig-0006376	#009E73	chr3
contig-0006377	#D57533	chr13
contig-0006378	#CC79A7	chr4
contig-0006379	#1A7FBA	chr12
contig-0006380	#E6AB23	chr8
contig-0006381	#E6AB23	chr8
contig-0006382	#E6AB23	chr8
contig-0006383	#E6AB23	chr8
contig-0006384	#E69F00	chr1
contig-0006385	#E69F00	chr1
contig-0006386	#009E73	chr3
contig-0006387	#E69F00	chr1
contig-0006388	#E6AB23	chr8
contig-0006389	#737373	chr14
contig-0006390	#D57533	chr13
contig-0006391	#E6AB23	chr8
contig-0006392	#E6AB23	chr8
contig-0006393	#E6AB23	chr8
contig-0006394	#56B4E9	chr2
contig-0006395	#56B4E9	chr2
contig-0006396	#56B4E9	chr2
contig-0006397	#009E73	chr3
contig-0006398	#E69F00	chr1
contig-0006399	#338CC2	chr19
contig-0006400	#D58C66	chr20
contig-0006401	#E69F00	chr1
contig-0006402	#E69F00	chr1
contig-0006403	#E69F00	chr1
contig-0006404	#E6AB23	chr8
contig-0006405	#E6AB23	chr8
contig-0006406	#E6AB23	chr8
contig-0006407	#E6AB23	chr8
contig-0006408	#009E73	chr3
contig-0006409	#E6AB23	chr8
contig-0006410	#D57533	chr13
contig-0006411	#D57533	chr13
contig-0006412	#D57533	chr13
contig-0006413	#0072B2	chr5
contig-0006414	#0072B2	chr5
contig-0006415	#0072B2	chr5
contig-0006416	#D58C66	chr20
contig-0006417	#D58C66	chr20
contig-0006418	#D58C66	chr20
contig-0006419	#CC8DB3	chr11
contig-0006420	#009E73	chr3
contig-0006421	#1A7FBA	chr12
contig-0006422	#1A7FBA	chr12
contig-0006423	#1A7FBA	chr12
contig-0006424	#1A7FBA	chr12
contig-0006425	#E6B847	chr15
contig-0006426	#0072B2	chr5
contig-0006427	#0072B2	chr5
contig-0006428	#00B28C	chr17
contig-0006429	#CC79A7	chr4
contig-0006430	#009E73	chr3
contig-0006431	#CC79A7	chr4
contig-0006432	#CC79A7	chr4
contig-0006433	#CC79A7	chr4
contig-0006434	#CC79A7	chr4
contig-0006435	#D58C66	chr20
contig-0006436	#D58C66	chr20
contig-0006437	#D58C66	chr20
contig-0006438	#E6AB23	chr8
contig-0006439	#E6AB23	chr8
contig-0006440	#E6AB23	chr8
contig-0006441	#E6AB23	chr8
contig-0006442	#E6AB23	chr8
contig-0006443	#CC79A7	chr4
contig-0006444	#CC79A7	chr4
contig-0006445	#CC79A7	chr4
contig-0006446	#1A7FBA	chr12
contig-0006447	#1A7FBA	chr12
contig-0006448	#567DE9	chr16
contig-0006449	#009E73	chr3
contig-0006450	#00A880	chr10
contig-0006451	#00A880	chr10
contig-0006452	#00A880	chr10
contig-0006453	#009E73	chr3
contig-0006454	#009E73	chr3
contig-0006455	#009E73	chr3
contig-0006456	#D58C66	chr20
contig-0006457	#00B28C	chr17
contig-0006458	#009E73	chr3
contig-0006459	#009E73	chr3
contig-0006460	#E69F00	chr1
contig-0006461	#009E73	chr3
contig-0006462	#5699E9	chr9
contig-0006463	#E6B847	chr15
contig-0006464	#E6B847	chr15
contig-0006465	#E6B847	chr15
contig-0006466	#E6B847	chr15
contig-0006467	#E6B847	chr15
contig-0006468	#0072B2	chr5
contig-0006469	#0072B2	chr5
contig-0006470	#0072B2	chr5
contig-0006471	#1A7FBA	chr12
contig-0006472	#1A7FBA	chr12
contig-0006473	#1A7FBA	chr12
contig-0006474	#1A7FBA	chr12
contig-0006475	#1A7FBA	chr12
contig-0006476	#5699E9	chr9
contig-0006477	#5699E9	chr9
contig-0006478	#5699E9	chr9
contig-0006479	#1A7FBA	chr12
contig-0006480	#1A7FBA	chr12
contig-0006481	#E69F00	chr1
contig-0006482	#1A7FBA	chr12
contig-0006483	#666666	chr7
contig-0006484	#666666	chr7
contig-0006485	#666666	chr7
contig-0006486	#56B4E9	chr2
contig-0006487	#56B4E9	chr2
contig-0006488	#56B4E9	chr2
contig-0006489	#666666	chr7
contig-0006490	#338CC2	chr19
contig-0006491	#CC8DB3	chr11
contig-0006492	#E69F00	chr1
contig-0006493	#56B4E9	chr2
contig-0006494	#56B4E9	chr2
contig-0006495	#56B4E9	chr2
contig-0006496	#56B4E9	chr2
contig-0006497	#56B4E9	chr2
contig-0006498	#56B4E9	chr2
contig-0006499	#5699E9	chr9
contig-0006500	#00A880	chr10
contig-0006501	#00A880	chr10
contig-0006502	#00A880	chr10
contig-0006503	#E69F00	chr1
contig-0006504	#009E73	chr3
contig-0006505	#009E73	chr3
contig-0006506	#009E73	chr3
contig-0006507	#009E73	chr3
contig-0006508	#009E73	chr3
contig-0006509	#CCA0BF	chr18
contig-0006510	#CCA0BF	chr18
contig-0006511	#CCA0BF	chr18
contig-0006512	#D57533	chr13
contig-0006513	#D57533	chr13
contig-0006514	#D57533	chr13
contig-0006515	#D57533	chr13
contig-0006516	#666666	chr7
contig-0006517	#666666	chr7
contig-0006518	#666666	chr7
contig-0006519	#666666	chr7
contig-0006520	#808080	chr21
contig-0006521	#808080	chr21
contig-0006522	#808080	chr21
contig-0006523	#808080	chr21
contig-0006524	#E69F00	chr1
contig-0006525	#D57533	chr13
contig-0006526	#808080	chr21
contig-0006527	#D55E00	chr6
contig-0006528	#D55E00	chr6
contig-0006529	#D55E00	chr6
contig-0006530	#00B28C	chr17
contig-0006531	#00B28C	chr17
contig-0006532	#00B28C	chr17
contig-0006533	#CC8DB3	chr11
contig-0006534	#CC8DB3	chr11
contig-0006535	#CC8DB3	chr11
contig-0006536	#D57533	chr13
contig-0006537	#CC8DB3	chr11
contig-0006538	#1A7FBA	chr12
contig-0006539	#1A7FBA	chr12
contig-0006540	#1A7FBA	chr12
contig-0006541	#1A7FBA	chr12
contig-0006542	#1A7FBA	chr12
contig-0006543	#E69F00	chr1
contig-0006544	#D57533	chr13
contig-0006545	#E69F00	chr1
contig-0006546	#E69F00	chr1
contig-0006547	#E69F00	chr1
contig-0006548	#567DE9	chr16
contig-0006549	#567DE9	chr16
contig-0006550	#567DE9	chr16
contig-0006551	#737373	chr14
contig-0006552	#737373	chr14
contig-0006553	#737373	chr14
contig-0006554	#E69F00	chr1
contig-0006555	#D57533	chr13
contig-0006556	#E69F00	chr1
contig-0006557	#009E73	chr3
contig-0006558	#1A7FBA	chr12
contig-0006559	#1A7FBA	chr12
contig-0006560	#E69F00	chr1
contig-0006561	#567DE9	chr16
contig-0006562	#567DE9	chr16
contig-0006563	#567DE9	chr16
contig-0006564	#CC8DB3	chr11
contig-0006565	#CC8DB3	chr11
contig-0006566	#E69F00	chr1
contig-0006567	#CC8DB3	chr11
contig-0006568	#1A7FBA	chr12
contig-0006569	#1A7FBA	chr12
contig-0006570	#1A7FBA	chr12
contig-0006571	#E6AB23	chr8
contig-0006572	#E6AB23	chr8
contig-0006573	#E6AB23	chr8
contig-0006574	#0072B2	chr5
contig-0006575	#E69F00	chr1
contig-0006576	#D55E00	chr6
contig-0006577	#E69F00	chr1
contig-0006578	#808080	chr21
contig-0006579	#E6B847	chr15
contig-0006580	#E6B847	chr15
contig-0006581	#E6B847	chr15
contig-0006582	#666666	chr7
contig-0006583	#E6B847	chr15
contig-0006584	#E6B847	chr15
contig-0006585	#E6B847	chr15
contig-0006586	#E69F00	chr1
contig-0006587	#808080	chr21
contig-0006588	#808080	chr21
contig-0006589	#808080	chr21
contig-0006590	#0072B2	chr5
contig-0006591	#737373	chr14
contig-0006592	#737373	chr14
contig-0006593	#737373	chr14
contig-0006594	#737373	chr14
contig-0006595	#5699E9	chr9
contig-0006596	#00B28C	chr17
contig-0006597	#5699E9	chr9
contig-0006598	#5699E9	chr9
contig-0006599	#5699E9	chr9
contig-0006600	#5699E9	chr9
contig-0006601	#E6B847	chr15
contig-0006602	#D55E00	chr6
contig-0006603	#D55E00	chr6
contig-0006604	#D55E00	chr6
contig-0006605	#00B28C	chr17
contig-0006606	#00B28C	chr17
contig-0006607	#00B28C	chr17
contig-0006608	#00B28C	chr17
contig-0006609	#00B28C	chr17
contig-0006610	#5699E9	chr9
contig-0006611	#56B4E9	chr2
contig-0006612	#00A880	chr10
contig-0006613	#00A880	chr10
contig-0006614	#00A880	chr10
contig-0006615	#00A880	chr10
contig-0006616	#00A880	chr10
contig-0006617	#00A880	chr10
contig-0006618	#00B28C	chr17
contig-0006619	#00A880	chr10
contig-0006620	#00A880	chr10
contig-0006621	#D57533	chr13
contig-0006622	#56B4E9	chr2
contig-0006623	#1A7FBA	chr12
contig-0006624	#1A7FBA	chr12
contig-0006625	#1A7FBA	chr12
contig-0006626	#CC79A7	chr4
contig-0006627	#CC79A7	chr4
contig-0006628	#E69F00	chr1
contig-0006629	#00B28C	chr17
contig-0006630	#338CC2	chr19
contig-0006631	#D57533	chr13
contig-0006632	#D57533	chr13
contig-0006633	#D57533	chr13
contig-0006634	#D57533	chr13
contig-0006635	#D57533	chr13
contig-0006636	#CC8DB3	chr11
contig-0006637	#CC8DB3	chr11
contig-0006638	#CC8DB3	chr11
contig-0006639	#CC8DB3	chr11
contig-0006640	#00B28C	chr17
contig-0006641	#CC8DB3	chr11
contig-0006642	#56B4E9	chr2
contig-0006643	#56B4E9	chr2
contig-0006644	#56B4E9	chr2
contig-0006645	#D55E00	chr6
contig-0006646	#D55E00	chr6
contig-0006647	#D55E00	chr6
contig-0006648	#D55E00	chr6
contig-0006649	#D58C66	chr20
contig-0006650	#CC79A7	chr4
contig-0006651	#D58C66	chr20
contig-0006652	#D58C66	chr20
contig-0006653	#00B28C	chr17
contig-0006654	#1A7FBA	chr12
contig-0006655	#CC79A7	chr4
contig-0006656	#CC79A7	chr4
contig-0006657	#CC79A7	chr4
contig-0006658	#00A880	chr10
contig-0006659	#00A880	chr10
contig-0006660	#00A880	chr10
contig-0006661	#CC79A7	chr4
contig-0006662	#00A880	chr10
contig-0006663	#00A880	chr10
contig-0006664	#00B28C	chr17
contig-0006665	#00B28C	chr17
contig-0006666	#00B28C	chr17
contig-0006667	#00B28C	chr17
contig-0006668	#009E73	chr3
contig-0006669	#009E73	chr3
contig-0006670	#009E73	chr3
contig-0006671	#D55E00	chr6
contig-0006672	#CC79A7	chr4
contig-0006673	#D55E00	chr6
contig-0006674	#E6AB23	chr8
contig-0006675	#1A7FBA	chr12
contig-0006676	#1A7FBA	chr12
contig-0006677	#1A7FBA	chr12
contig-0006678	#1A7FBA	chr12
contig-0006679	#E6AB23	chr8
contig-0006680	#009E73	chr3
contig-0006681	#CC79A7	chr4
contig-0006682	#666666	chr7
contig-0006683	#009E73	chr3
contig-0006684	#009E73	chr3
contig-0006685	#009E73	chr3
contig-0006686	#00A880	chr10
contig-0006687	#1A7FBA	chr12
contig-0006688	#1A7FBA	chr12
contig-0006689	#1A7FBA	chr12
contig-0006690	#1A7FBA	chr12
contig-0006691	#CC79A7	chr4
contig-0006692	#5699E9	chr9
contig-0006693	#CC8DB3	chr11
contig-0006694	#5699E9	chr9
contig-0006695	#5699E9	chr9
contig-0006696	#5699E9	chr9
contig-0006697	#5699E9	chr9
contig-0006698	#5699E9	chr9
contig-0006699	#1A7FBA	chr12
contig-0006700	#1A7FBA	chr12
contig-0006701	#1A7FBA	chr12
contig-0006702	#CC79A7	chr4
contig-0006703	#1A7FBA	chr12
contig-0006704	#1A7FBA	chr12
contig-0006705	#CC79A7	chr4
contig-0006706	#CC79A7	chr4
contig-0006707	#CC79A7	chr4
contig-0006708	#CC79A7	chr4
contig-0006709	#CC79A7	chr4
contig-0006710	#1A7FBA	chr12
contig-0006711	#1A7FBA	chr12
contig-0006712	#1A7FBA	chr12
contig-0006713	#E6B847	chr15
contig-0006714	#1A7FBA	chr12
contig-0006715	#567DE9	chr16
contig-0006716	#338CC2	chr19
contig-0006717	#00B28C	chr17
contig-0006718	#00B28C	chr17
contig-0006719	#00B28C	chr17
contig-0006720	#0072B2	chr5
contig-0006721	#D57533	chr13
contig-0006722	#D57533	chr13
contig-0006723	#D57533	chr13
contig-0006724	#E6B847	chr15
contig-0006725	#009E73	chr3
contig-0006726	#009E73	chr3
contig-0006727	#E6B847	chr15
contig-0006728	#E6B847	chr15
contig-0006729	#E6B847	chr15
contig-0006730	#E69F00	chr1
contig-0006731	#E69F00	chr1
contig-0006732	#D55E00	chr6
contig-0006733	#D55E00	chr6
contig-0006734	#E69F00	chr1
contig-0006735	#E6B847	chr15
contig-0006736	#D55E00	chr6
contig-0006737	#D55E00	chr6
contig-0006738	#CC79A7	chr4
contig-0006739	#CC79A7	chr4
contig-0006740	#567DE9	chr16
contig-0006741	#CC8DB3	chr11
contig-0006742	#E69F00	chr1
contig-0006743	#E69F00	chr1
contig-0006744	#E69F00	chr1
contig-0006745	#E69F00	chr1
contig-0006746	#5699E9	chr9
contig-0006747	#5699E9	chr9
contig-0006748	#5699E9	chr9
contig-0006749	#5699E9	chr9
contig-0006750	#5699E9	chr9
contig-0006751	#5699E9	chr9
contig-0006752	#E6AB23	chr8
contig-0006753	#00B28C	chr17
contig-0006754	#00B28C	chr17
contig-0006755	#00B28C	chr17
contig-0006756	#737373	chr14
contig-0006757	#737373	chr14
contig-0006758	#737373	chr14
contig-0006759	#737373	chr14
contig-0006760	#737373	chr14
contig-0006761	#737373	chr14
contig-0006762	#CC8DB3	chr11
contig-0006763	#E6AB23	chr8
contig-0006764	#009E73	chr3
contig-0006765	#009E73	chr3
contig-0006766	#009E73	chr3
contig-0006767	#D58C66	chr20
contig-0006768	#D58C66	chr20
contig-0006769	#D58C66	chr20
contig-0006770	#CCA0BF	chr18
contig-0006771	#CCA0BF	chr18
contig-0006772	#CCA0BF	chr18
contig-0006773	#666666	chr7
contig-0006774	#E6C47F	chr22
contig-0006775	#338CC2	chr19
contig-0006776	#338CC2	chr19
contig-0006777	#338CC2	chr19
contig-0006778	#D57533	chr13
contig-0006779	#D57533	chr13
contig-0006780	#D57533	chr13
contig-0006781	#E69F00	chr1
contig-0006782	#D55E00	chr6
contig-0006783	#E6C47F	chr22
contig-0006784	#D55E00	chr6
contig-0006785	#D55E00	chr6
contig-0006786	#56B4E9	chr2
contig-0006787	#00A880	chr10
contig-0006788	#00A880	chr10
contig-0006789	#00A880	chr10
contig-0006790	#0072B2	chr5
contig-0006791	#0072B2	chr5
contig-0006792	#0072B2	chr5
contig-0006793	#0072B2	chr5
contig-0006794	#CC8DB3	chr11
contig-0006795	#CC8DB3	chr11
contig-0006796	#CC8DB3	chr11
contig-0006797	#CC8DB3	chr11
contig-0006798	#D58C66	chr20
contig-0006799	#D58C66	chr20
contig-0006800	#D58C66	chr20
contig-0006801	#E6AB23	chr8
contig-0006802	#E6AB23	chr8
contig-0006803	#00B28C	chr17
contig-0006804	#E6AB23	chr8
contig-0006805	#D58C66	chr20
contig-0006806	#CC79A7	chr4
contig-0006807	#CCA0BF	chr18
contig-0006808	#CCA0BF	chr18
contig-0006809	#CCA0BF	chr18
contig-0006810	#56B4E9	chr2
contig-0006811	#56B4E9	chr2
contig-0006812	#56B4E9	chr2
contig-0006813	#56B4E9	chr2
contig-0006814	#E6AB23	chr8
contig-0006815	#E6AB23	chr8
contig-0006816	#E6AB23	chr8
contig-0006817	#E6AB23	chr8
contig-0006818	#E6AB23	chr8
contig-0006819	#E6AB23	chr8
contig-0006820	#E6AB23	chr8
contig-0006821	#56B4E9	chr2
contig-0006822	#56B4E9	chr2
contig-0006823	#00B28C	chr17
contig-0006824	#56B4E9	chr2
contig-0006825	#D55E00	chr6
contig-0006826	#00B28C	chr17
contig-0006827	#00B28C	chr17
contig-0006828	#0072B2	chr5
contig-0006829	#0072B2	chr5
contig-0006830	#0072B2	chr5
contig-0006831	#1A7FBA	chr12
contig-0006832	#737373	chr14
contig-0006833	#E69F00	chr1
contig-0006834	#CC8DB3	chr11
contig-0006835	#737373	chr14
contig-0006836	#737373	chr14
contig-0006837	#737373	chr14
contig-0006838	#E6AB23	chr8
contig-0006839	#E6AB23	chr8
contig-0006840	#E6AB23	chr8
contig-0006841	#E6AB23	chr8
contig-0006842	#009E73	chr3
contig-0006843	#009E73	chr3
contig-0006844	#009E73	chr3
contig-0006845	#5699E9	chr9
contig-0006846	#E69F00	chr1
contig-0006847	#567DE9	chr16
contig-0006848	#567DE9	chr16
contig-0006849	#5699E9	chr9
contig-0006850	#5699E9	chr9
contig-0006851	#5699E9	chr9
contig-0006852	#5699E9	chr9
contig-0006853	#5699E9	chr9
contig-0006854	#5699E9	chr9
contig-0006855	#D57533	chr13
contig-0006856	#E6AB23	chr8
contig-0006857	#E6AB23	chr8
contig-0006858	#E6AB23	chr8
contig-0006859	#E6AB23	chr8
contig-0006860	#E6AB23	chr8
contig-0006861	#E6AB23	chr8
contig-0006862	#567DE9	chr16
contig-0006863	#00B28C	chr17
contig-0006864	#5699E9	chr9
contig-0006865	#00B28C	chr17
contig-0006866	#CC79A7	chr4
contig-0006867	#666666	chr7
contig-0006868	#666666	chr7
contig-0006869	#666666	chr7
contig-0006870	#CCA0BF	chr18
contig-0006871	#009E73	chr3
contig-0006872	#E6B847	chr15
contig-0006873	#E6B847	chr15
contig-0006874	#E6B847	chr15
contig-0006875	#666666	chr7
contig-0006876	#CC79A7	chr4
contig-0006877	#E6AB23	chr8
contig-0006878	#E6AB23	chr8
contig-0006879	#E6AB23	chr8
contig-0006880	#E6B847	chr15
contig-0006881	#CC8DB3	chr11
contig-0006882	#CC8DB3	chr11
contig-0006883	#CC8DB3	chr11
contig-0006884	#D58C66	chr20
contig-0006885	#56B4E9	chr2
contig-0006886	#666666	chr7
contig-0006887	#56B4E9	chr2
contig-0006888	#56B4E9	chr2
contig-0006889	#56B4E9	chr2
contig-0006890	#56B4E9	chr2
contig-0006891	#56B4E9	chr2
contig-0006892	#56B4E9	chr2
contig-0006893	#CC79A7	chr4
contig-0006894	#CC79A7	chr4
contig-0006895	#CC79A7	chr4
contig-0006896	#338CC2	chr19
contig-0006897	#666666	chr7
contig-0006898	#338CC2	chr19
contig-0006899	#338CC2	chr19
contig-0006900	#338CC2	chr19
contig-0006901	#338CC2	chr19
contig-0006902	#338CC2	chr19
contig-0006903	#D57533	chr13
contig-0006904	#D57533	chr13
contig-0006905	#D57533	chr13
contig-0006906	#D57533	chr13
contig-0006907	#666666	chr7
contig-0006908	#CC8DB3	chr11
contig-0006909	#CC8DB3	chr11
contig-0006910	#CC8DB3	chr11
contig-0006911	#CC8DB3	chr11
contig-0006912	#009E73	chr3
contig-0006913	#009E73	chr3
contig-0006914	#1A7FBA	chr12
contig-0006915	#1A7FBA	chr12
contig-0006916	#1A7FBA	chr12
contig-0006917	#D57533	chr13
contig-0006918	#D57533	chr13
contig-0006919	#009E73	chr3
contig-0006920	#009E73	chr3
contig-0006921	#009E73	chr3
contig-0006922	#666666	chr7
contig-0006923	#666666	chr7
contig-0006924	#666666	chr7
contig-0006925	#666666	chr7
contig-0006926	#666666	chr7
contig-0006927	#00A880	chr10
contig-0006928	#666666	chr7
contig-0006929	#666666	chr7
contig-0006930	#666666	chr7
contig-0006931	#E6B847	chr15
contig-0006932	#E6B847	chr15
contig-0006933	#E6B847	chr15
contig-0006934	#009E73	chr3
contig-0006935	#CC8DB3	chr11
contig-0006936	#CC8DB3	chr11
contig-0006937	#CC8DB3	chr11
contig-0006938	#56B4E9	chr2
contig-0006939	#00A880	chr10
contig-0006940	#CC8DB3	chr11
contig-0006941	#338CC2	chr19
contig-0006942	#338CC2	chr19
contig-0006943	#338CC2	chr19
contig-0006944	#737373	chr14
contig-0006945	#737373	chr14
contig-0006946	#737373	chr14
contig-0006947	#00B28C	chr17
contig-0006948	#CC79A7	chr4
contig-0006949	#E69F00	chr1
contig-0006950	#E69F00	chr1
contig-0006951	#E69F00	chr1
contig-0006952	#56B4E9	chr2
contig-0006953	#666666	chr7
contig-0006954	#666666	chr7
contig-0006955	#666666	chr7
contig-0006956	#D55E00	chr6
contig-0006957	#D55E00	chr6
contig-0006958	#D55E00	chr6
contig-0006959	#CC79A7	chr4
contig-0006960	#CC79A7	chr4
contig-0006961	#CC79A7	chr4
contig-0006962	#00A880	chr10
contig-0006963	#E69F00	chr1
contig-0006964	#E69F00	chr1
contig-0006965	#E69F00	chr1
contig-0006966	#D58C66	chr20
contig-0006967	#D58C66	chr20
contig-0006968	#D58C66	chr20
contig-0006969	#CCA0BF	chr18
contig-0006970	#56B4E9	chr2
contig-0006971	#56B4E9	chr2
contig-0006972	#56B4E9	chr2
contig-0006973	#567DE9	chr16
contig-0006974	#567DE9	chr16
contig-0006975	#567DE9	chr16
contig-0006976	#009E73	chr3
contig-0006977	#009E73	chr3
contig-0006978	#009E73	chr3
contig-0006979	#009E73	chr3
contig-0006980	#E69F00	chr1
contig-0006981	#009E73	chr3
contig-0006982	#009E73	chr3
contig-0006983	#00B28C	chr17
contig-0006984	#00B28C	chr17
contig-0006985	#00B28C	chr17
contig-0006986	#00A880	chr10
contig-0006987	#00A880	chr10
contig-0006988	#00A880	chr10
contig-0006989	#E6AB23	chr8
contig-0006990	#E6B847	chr15
contig-0006991	#E6B847	chr15
contig-0006992	#E6B847	chr15
contig-0006993	#E6B847	chr15
contig-0006994	#E6B847	chr15
contig-0006995	#00A880	chr10
contig-0006996	#E6B847	chr15
contig-0006997	#D58C66	chr20
contig-0006998	#009E73	chr3
contig-0006999	#009E73	chr3
contig-0007000	#009E73	chr3
contig-0007001	#009E73	chr3
contig-0007002	#0072B2	chr5
contig-0007003	#0072B2	chr5
contig-0007004	#0072B2	chr5
contig-0007005	#009E73	chr3
contig-0007006	#E69F00	chr1
contig-0007007	#E69F00	chr1
contig-0007008	#CC79A7	chr4
contig-0007009	#CC79A7	chr4
contig-0007010	#CC79A7	chr4
contig-0007011	#CC79A7	chr4
contig-0007012	#009E73	chr3
contig-0007013	#CC79A7	chr4
contig-0007014	#CC79A7	chr4
contig-0007015	#E6B847	chr15
contig-0007016	#E6B847	chr15
contig-0007017	#E6B847	chr15
contig-0007018	#E69F00	chr1
contig-0007019	#56B4E9	chr2
contig-0007020	#D57533	chr13
contig-0007021	#D57533	chr13
contig-0007022	#D57533	chr13
contig-0007023	#009E73	chr3
contig-0007024	#D57533	chr13
contig-0007025	#D57533	chr13
contig-0007026	#009E73	chr3
contig-0007027	#666666	chr7
contig-0007028	#666666	chr7
contig-0007029	#666666	chr7
contig-0007030	#E6AB23	chr8
contig-0007031	#009E73	chr3
contig-0007032	#009E73	chr3
contig-0007033	#009E73	chr3
contig-0007034	#009E73	chr3
contig-0007035	#009E73	chr3
contig-0007036	#009E73	chr3
contig-0007037	#338CC2	chr19
contig-0007038	#338CC2	chr19
contig-0007039	#338CC2	chr19
contig-0007040	#338CC2	chr19
contig-0007041	#338CC2	chr19
contig-0007042	#E69F00	chr1
contig-0007043	#E69F00	chr1
contig-0007044	#E69F00	chr1
contig-0007045	#E69F00	chr1
contig-0007046	#E69F00	chr1
contig-0007047	#CC79A7	chr4
contig-0007048	#CC79A7	chr4
contig-0007049	#CC79A7	chr4
contig-0007050	#338CC2	chr19
contig-0007051	#D57533	chr13
contig-0007052	#D57533	chr13
contig-0007053	#D57533	chr13
contig-0007054	#E6AB23	chr8
contig-0007055	#009E73	chr3
contig-0007056	#E6AB23	chr8
contig-0007057	#E6AB23	chr8
contig-0007058	#D57533	chr13
contig-0007059	#00A880	chr10
contig-0007060	#00A880	chr10
contig-0007061	#E6AB23	chr8
contig-0007062	#5699E9	chr9
contig-0007063	#009E73	chr3
contig-0007064	#009E73	chr3
contig-0007065	#737373	chr14
contig-0007066	#009E73	chr3
contig-0007067	#009E73	chr3
contig-0007068	#CCA0BF	chr18
contig-0007069	#0072B2	chr5
contig-0007070	#0072B2	chr5
contig-0007071	#0072B2	chr5
contig-0007072	#E69F00	chr1
contig-0007073	#E69F00	chr1
contig-0007074	#E69F00	chr1
contig-0007075	#737373	chr14
contig-0007076	#00A880	chr10
contig-0007077	#00A880	chr10
contig-0007078	#00A880	chr10
contig-0007079	#E6AB23	chr8
contig-0007080	#E6AB23	chr8
contig-0007081	#E6AB23	chr8
contig-0007082	#E6AB23	chr8
contig-0007083	#E6AB23	chr8
contig-0007084	#CC8DB3	chr11
contig-0007085	#737373	chr14
contig-0007086	#CC8DB3	chr11
contig-0007087	#CC8DB3	chr11
contig-0007088	#CC8DB3	chr11
contig-0007089	#009E73	chr3
contig-0007090	#009E73	chr3
contig-0007091	#009E73	chr3
contig-0007092	#CCA0BF	chr18
contig-0007093	#0072B2	chr5
contig-0007094	#5699E9	chr9
contig-0007095	#5699E9	chr9
contig-0007096	#E6C47F	chr22
contig-0007097	#5699E9	chr9
contig-0007098	#5699E9	chr9
contig-0007099	#5699E9	chr9
contig-0007100	#0072B2	chr5
contig-0007101	#0072B2	chr5
contig-0007102	#0072B2	chr5
contig-0007103	#D55E00	chr6
contig-0007104	#D55E00	chr6
contig-0007105	#D55E00	chr6
contig-0007106	#CC8DB3	chr11
contig-0007107	#E6C47F	chr22
contig-0007108	#009E73	chr3
contig-0007109	#009E73	chr3
contig-0007110	#009E73	chr3
contig-0007111	#009E73	chr3
contig-0007112	#CC79A7	chr4
contig-0007113	#E6AB23	chr8
contig-0007114	#E6AB23	chr8
contig-0007115	#E6AB23	chr8
contig-0007116	#0072B2	chr5
contig-0007117	#0072B2	chr5
contig-0007118	#E6C47F	chr22
contig-0007119	#0072B2	chr5
contig-0007120	#56B4E9	chr2
contig-0007121	#56B4E9	chr2
contig-0007122	#56B4E9	chr2
contig-0007123	#56B4E9	chr2
contig-0007124	#CC79A7	chr4
contig-0007125	#CC79A7	chr4
contig-0007126	#CC79A7	chr4
contig-0007127	#E6AB23	chr8
contig-0007128	#E6AB23	chr8
contig-0007129	#E6C47F	chr22
contig-0007130	#E6AB23	chr8
contig-0007131	#E6AB23	chr8
contig-0007132	#E6AB23	chr8
contig-0007133	#E6AB23	chr8
contig-0007134	#737373	chr14
contig-0007135	#338CC2	chr19
contig-0007136	#338CC2	chr19
contig-0007137	#338CC2	chr19
contig-0007138	#009E73	chr3
contig-0007139	#56B4E9	chr2
contig-0007140	#E6C47F	chr22
contig-0007141	#56B4E9	chr2
contig-0007142	#56B4E9	chr2
contig-0007143	#56B4E9	chr2
contig-0007144	#CC79A7	chr4
contig-0007145	#666666	chr7
contig-0007146	#666666	chr7
contig-0007147	#666666	chr7
contig-0007148	#666666	chr7
contig-0007149	#666666	chr7
contig-0007150	#666666	chr7
contig-0007151	#E6C47F	chr22
contig-0007152	#E6C47F	chr22
contig-0007153	#E6AB23	chr8
contig-0007154	#E6AB23	chr8
contig-0007155	#E6AB23	chr8
contig-0007156	#E6AB23	chr8
contig-0007157	#E6AB23	chr8
contig-0007158	#00A880	chr10
contig-0007159	#00A880	chr10
contig-0007160	#00A880	chr10
contig-0007161	#D57533	chr13
contig-0007162	#E6C47F	chr22
contig-0007163	#00B28C	chr17
contig-0007164	#00B28C	chr17
contig-0007165	#E6B847	chr15
contig-0007166	#E6B847	chr15
contig-0007167	#E6B847	chr15
contig-0007168	#1A7FBA	chr12
contig-0007169	#1A7FBA	chr12
contig-0007170	#00B28C	chr17
contig-0007171	#56B4E9	chr2
contig-0007172	#E6C47F	chr22
contig-0007173	#56B4E9	chr2
contig-0007174	#56B4E9	chr2
contig-0007175	#56B4E9	chr2
contig-0007176	#56B4E9	chr2
contig-0007177	#737373	chr14
contig-0007178	#009E73	chr3
contig-0007179	#009E73	chr3
contig-0007180	#009E73	chr3
contig-0007181	#0072B2	chr5
contig-0007182	#E69F00	chr1
contig-0007183	#737373	chr14
contig-0007184	#E69F00	chr1
contig-0007185	#CC8DB3	chr11
contig-0007186	#CC8DB3	chr11
contig-0007187	#CC8DB3	chr11
contig-0007188	#56B4E9	chr2
contig-0007189	#E69F00	chr1
contig-0007190	#E69F00	chr1
contig-0007191	#E69F00	chr1
contig-0007192	#737373	chr14
contig-0007193	#00B28C	chr17
contig-0007194	#00B28C	chr17
contig-0007195	#00B28C	chr17
contig-0007196	#00A880	chr10
contig-0007197	#00A880	chr10
contig-0007198	#E69F00	chr1
contig-0007199	#E69F00	chr1
contig-0007200	#E69F00	chr1
contig-0007201	#737373	chr14
contig-0007202	#1A7FBA	chr12
contig-0007203	#5699E9	chr9
contig-0007204	#5699E9	chr9
contig-0007205	#5699E9	chr9
contig-0007206	#5699E9	chr9
contig-0007207	#5699E9	chr9
contig-0007208	#5699E9	chr9
contig-0007209	#009E73	chr3
contig-0007210	#009E73	chr3
contig-0007211	#E6B847	chr15
contig-0007212	#1A7FBA	chr12
contig-0007213	#1A7FBA	chr12
contig-0007214	#567DE9	chr16
contig-0007215	#666666	chr7
contig-0007216	#666666	chr7
contig-0007217	#666666	chr7
contig-0007218	#666666	chr7
contig-0007219	#D55E00	chr6
contig-0007220	#666666	chr7
contig-0007221	#666666	chr7
contig-0007222	#E69F00	chr1
contig-0007223	#E69F00	chr1
contig-0007224	#E69F00	chr1
contig-0007225	#E69F00	chr1
contig-0007226	#E69F00	chr1
contig-0007227	#E6B847	chr15
contig-0007228	#E6B847	chr15
contig-0007229	#E6B847	chr15
contig-0007230	#E6B847	chr15
contig-0007231	#CC79A7	chr4
contig-0007232	#E6AB23	chr8
contig-0007233	#5699E9	chr9
contig-0007234	#E69F00	chr1
contig-0007235	#D55E00	chr6
contig-0007236	#D55E00	chr6
contig-0007237	#D55E00	chr6
contig-0007238	#0072B2	chr5
contig-0007239	#0072B2	chr5
contig-0007240	#0072B2	chr5
contig-0007241	#E69F00	chr1
contig-0007242	#0072B2	chr5
contig-0007243	#0072B2	chr5
contig-0007244	#666666	chr7
contig-0007245	#666666	chr7
contig-0007246	#666666	chr7
contig-0007247	#666666	chr7
contig-0007248	#666666	chr7
contig-0007249	#D55E00	chr6
contig-0007250	#D55E00	chr6
contig-0007251	#D55E00	chr6
contig-0007252	#666666	chr7
contig-0007253	#56B4E9	chr2
contig-0007254	#D55E00	chr6
contig-0007255	#D55E00	chr6
contig-0007256	#00B28C	chr17
contig-0007257	#00B28C	chr17
contig-0007258	#00B28C	chr17
contig-0007259	#D55E00	chr6
contig-0007260	#D55E00	chr6
contig-0007261	#D55E00	chr6
contig-0007262	#E6AB23	chr8
contig-0007263	#E6AB23	chr8
contig-0007264	#E6AB23	chr8
contig-0007265	#E6AB23	chr8
contig-0007266	#E6AB23	chr8
contig-0007267	#1A7FBA	chr12
contig-0007268	#0072B2	chr5
contig-0007269	#D57533	chr13
contig-0007270	#D57533	chr13
contig-0007271	#D57533	chr13
contig-0007272	#00B28C	chr17
contig-0007273	#E69F00	chr1
contig-0007274	#E69F00	chr1
contig-0007275	#E69F00	chr1
contig-0007276	#E69F00	chr1
contig-0007277	#CC79A7	chr4
contig-0007278	#CC79A7	chr4
contig-0007279	#0072B2	chr5
contig-0007280	#D58C66	chr20
contig-0007281	#D58C66	chr20
contig-0007282	#D58C66	chr20
contig-0007283	#56B4E9	chr2
contig-0007284	#D55E00	chr6
contig-0007285	#E69F00	chr1
contig-0007286	#D55E00	chr6
contig-0007287	#D55E00	chr6
contig-0007288	#E69F00	chr1
contig-0007289	#737373	chr14
contig-0007290	#E6B847	chr15
contig-0007291	#E6B847	chr15
contig-0007292	#E6B847	chr15
contig-0007293	#E6B847	chr15
contig-0007294	#56B4E9	chr2
contig-0007295	#56B4E9	chr2
contig-0007296	#E69F00	chr1
contig-0007297	#56B4E9	chr2
contig-0007298	#5699E9	chr9
contig-0007299	#737373	chr14
contig-0007300	#666666	chr7
contig-0007301	#666666	chr7
contig-0007302	#5699E9	chr9
contig-0007303	#5699E9	chr9
contig-0007304	#567DE9	chr16
contig-0007305	#567DE9	chr16
contig-0007306	#567DE9	chr16
contig-0007307	#E69F00	chr1
contig-0007308	#00B28C	chr17
contig-0007309	#CC79A7	chr4
contig-0007310	#CC79A7	chr4
contig-0007311	#CC79A7	chr4
contig-0007312	#CC79A7	chr4
contig-0007313	#CC79A7	chr4
contig-0007314	#CC79A7	chr4
contig-0007315	#CC79A7	chr4
contig-0007316	#0072B2	chr5
contig-0007317	#0072B2	chr5
contig-0007318	#E69F00	chr1
contig-0007319	#0072B2	chr5
contig-0007320	#0072B2	chr5
contig-0007321	#0072B2	chr5
contig-0007322	#1A7FBA	chr12
contig-0007323	#666666	chr7
contig-0007324	#56B4E9	chr2
contig-0007325	#56B4E9	chr2
contig-0007326	#56B4E9	chr2
contig-0007327	#009E73	chr3
contig-0007328	#009E73	chr3
contig-0007329	#00B28C	chr17
contig-0007330	#009E73	chr3
contig-0007331	#009E73	chr3
contig-0007332	#009E73	chr3
contig-0007333	#338CC2	chr19
contig-0007334	#1A7FBA	chr12
contig-0007335	#56B4E9	chr2
contig-0007336	#56B4E9	chr2
contig-0007337	#56B4E9	chr2
contig-0007338	#737373	chr14
contig-0007339	#737373	chr14
contig-0007340	#00B28C	chr17
contig-0007341	#737373	chr14
contig-0007342	#737373	chr14
contig-0007343	#737373	chr14
contig-0007344	#737373	chr14
contig-0007345	#737373	chr14
contig-0007346	#E6B847	chr15
contig-0007347	#E6B847	chr15
contig-0007348	#E6B847	chr15
contig-0007349	#009E73	chr3
contig-0007350	#D55E00	chr6
contig-0007351	#567DE9	chr16
contig-0007352	#567DE9	chr16
contig-0007353	#567DE9	chr16
contig-0007354	#00B28C	chr17
contig-0007355	#CC8DB3	chr11
contig-0007356	#E6B847	chr15
contig-0007357	#E6B847	chr15
contig-0007358	#E6B847	chr15
contig-0007359	#56B4E9	chr2
contig-0007360	#00B28C	chr17
contig-0007361	#D57533	chr13
contig-0007362	#D55E00	chr6
contig-0007363	#D55E00	chr6
contig-0007364	#D55E00	chr6
contig-0007365	#D55E00	chr6
contig-0007366	#D55E00	chr6
contig-0007367	#737373	chr14
contig-0007368	#737373	chr14
contig-0007369	#737373	chr14
contig-0007370	#56B4E9	chr2
contig-0007371	#00B28C	chr17
contig-0007372	#56B4E9	chr2
contig-0007373	#56B4E9	chr2
contig-0007374	#E6AB23	chr8
contig-0007375	#E6AB23	chr8
contig-0007376	#E6AB23	chr8
contig-0007377	#567DE9	chr16
contig-0007378	#567DE9	chr16
contig-0007379	#567DE9	chr16
contig-0007380	#567DE9	chr16
contig-0007381	#E6C47F	chr22
contig-0007382	#D55E00	chr6
contig-0007383	#D55E00	chr6
contig-0007384	#D55E00	chr6
contig-0007385	#D55E00	chr6
contig-0007386	#D55E00	chr6
contig-0007387	#D55E00	chr6
contig-0007388	#00B28C	chr17
contig-0007389	#00B28C	chr17
contig-0007390	#E69F00	chr1
contig-0007391	#D57533	chr13
contig-0007392	#E69F00	chr1
contig-0007393	#E69F00	chr1
contig-0007394	#E69F00	chr1
contig-0007395	#E69F00	chr1
contig-0007396	#0072B2	chr5
contig-0007397	#CCA0BF	chr18
contig-0007398	#0072B2	chr5
contig-0007399	#0072B2	chr5
contig-0007400	#0072B2	chr5
contig-0007401	#0072B2	chr5
contig-0007402	#D57533	chr13
contig-0007403	#0072B2	chr5
contig-0007404	#0072B2	chr5
contig-0007405	#0072B2	chr5
contig-0007406	#0072B2	chr5
contig-0007407	#0072B2	chr5
contig-0007408	#5699E9	chr9
contig-0007409	#56B4E9	chr2
contig-0007410	#56B4E9	chr2
contig-0007411	#56B4E9	chr2
contig-0007412	#56B4E9	chr2
contig-0007413	#E6B847	chr15
contig-0007414	#56B4E9	chr2
contig-0007415	#56B4E9	chr2
contig-0007416	#56B4E9	chr2
contig-0007417	#E69F00	chr1
contig-0007418	#D58C66	chr20
contig-0007419	#D58C66	chr20
contig-0007420	#CC79A7	chr4
contig-0007421	#CC79A7	chr4
contig-0007422	#CC79A7	chr4
contig-0007423	#E6AB23	chr8
contig-0007424	#00B28C	chr17
contig-0007425	#00B28C	chr17
contig-0007426	#00B28C	chr17
contig-0007427	#CC79A7	chr4
contig-0007428	#CC8DB3	chr11
contig-0007429	#5699E9	chr9
contig-0007430	#1A7FBA	chr12
contig-0007431	#1A7FBA	chr12
contig-0007432	#1A7FBA	chr12
contig-0007433	#CC79A7	chr4
contig-0007434	#1A7FBA	chr12
contig-0007435	#E6AB23	chr8
contig-0007436	#E6AB23	chr8
contig-0007437	#E6AB23	chr8
contig-0007438	#666666	chr7
contig-0007439	#666666	chr7
contig-0007440	#666666	chr7
contig-0007441	#808080	chr21
contig-0007442	#567DE9	chr16
contig-0007443	#567DE9	chr16
contig-0007444	#CC79A7	chr4
contig-0007445	#567DE9	chr16
contig-0007446	#009E73	chr3
contig-0007447	#009E73	chr3
contig-0007448	#009E73	chr3
contig-0007449	#5699E9	chr9
contig-0007450	#00A880	chr10
contig-0007451	#00A880	chr10
contig-0007452	#00A880	chr10
contig-0007453	#00B28C	chr17
contig-0007454	#CC79A7	chr4
contig-0007455	#00B28C	chr17
contig-0007456	#00B28C	chr17
contig-0007457	#00B28C	chr17
contig-0007458	#737373	chr14
contig-0007459	#CCA0BF	chr18
contig-0007460	#CCA0BF	chr18
contig-0007461	#CCA0BF	chr18
contig-0007462	#CCA0BF	chr18
contig-0007463	#CCA0BF	chr18
contig-0007464	#D55E00	chr6
contig-0007465	#00B28C	chr17
contig-0007466	#CC79A7	chr4
contig-0007467	#D55E00	chr6
contig-0007468	#00B28C	chr17
contig-0007469	#00B28C	chr17
contig-0007470	#00B28C	chr17
contig-0007471	#56B4E9	chr2
contig-0007472	#009E73	chr3
contig-0007473	#E69F00	chr1
contig-0007474	#E69F00	chr1
contig-0007475	#E69F00	chr1
contig-0007476	#CC79A7	chr4
contig-0007477	#00B28C	chr17
contig-0007478	#00B28C	chr17
contig-0007479	#0072B2	chr5
contig-0007480	#0072B2	chr5
contig-0007481	#0072B2	chr5
contig-0007482	#D55E00	chr6
contig-0007483	#D55E00	chr6
contig-0007484	#D55E00	chr6
contig-0007485	#009E73	chr3
contig-0007486	#00B28C	chr17
contig-0007487	#338CC2	chr19
contig-0007488	#00B28C	chr17
contig-0007489	#00B28C	chr17
contig-0007490	#00B28C	chr17
contig-0007491	#00B28C	chr17
contig-0007492	#00B28C	chr17
contig-0007493	#D55E00	chr6
contig-0007494	#E6B847	chr15
contig-0007495	#CC79A7	chr4
contig-0007496	#CC79A7	chr4
contig-0007497	#338CC2	chr19
contig-0007498	#CC79A7	chr4
contig-0007499	#CC79A7	chr4
contig-0007500	#CC79A7	chr4
contig-0007501	#CC79A7	chr4
contig-0007502	#CC79A7	chr4
contig-0007503	#CC79A7	chr4
contig-0007504	#CC79A7	chr4
contig-0007505	#808080	chr21
contig-0007506	#338CC2	chr19
contig-0007507	#737373	chr14
contig-0007508	#737373	chr14
contig-0007509	#737373	chr14
contig-0007510	#CCA0BF	chr18
contig-0007511	#CCA0BF	chr18
contig-0007512	#CCA0BF	chr18
contig-0007513	#737373	chr14
contig-0007514	#737373	chr14
contig-0007515	#737373	chr14
contig-0007516	#338CC2	chr19
contig-0007517	#0072B2	chr5
contig-0007518	#737373	chr14
contig-0007519	#D55E00	chr6
contig-0007520	#1A7FBA	chr12
contig-0007521	#CC79A7	chr4
contig-0007522	#CC79A7	chr4
contig-0007523	#CC79A7	chr4
contig-0007524	#CCA0BF	chr18
contig-0007525	#CC79A7	chr4
contig-0007526	#CC79A7	chr4
contig-0007527	#338CC2	chr19
contig-0007528	#CC79A7	chr4
contig-0007529	#CC79A7	chr4
contig-0007530	#CC79A7	chr4
contig-0007531	#CC79A7	chr4
contig-0007532	#CC79A7	chr4
contig-0007533	#00B28C	chr17
contig-0007534	#00B28C	chr17
contig-0007535	#00B28C	chr17
contig-0007536	#00B28C	chr17
contig-0007537	#00B28C	chr17
contig-0007538	#00B28C	chr17
contig-0007539	#00B28C	chr17
contig-0007540	#E69F00	chr1
contig-0007541	#CCA0BF	chr18
contig-0007542	#CCA0BF	chr18
contig-0007543	#CCA0BF	chr18
contig-0007544	#CCA0BF	chr18
contig-0007545	#CCA0BF	chr18
contig-0007546	#1A7FBA	chr12
contig-0007547	#E6C47F	chr22
contig-0007548	#D55E00	chr6
contig-0007549	#CC8DB3	chr11
contig-0007550	#CC8DB3	chr11
contig-0007551	#CC8DB3	chr11
contig-0007552	#CC8DB3	chr11
contig-0007553	#CC8DB3	chr11
contig-0007554	#CC79A7	chr4
contig-0007555	#CC79A7	chr4
contig-0007556	#CC79A7	chr4
contig-0007557	#E69F00	chr1
contig-0007558	#E6C47F	chr22
contig-0007559	#338CC2	chr19
contig-0007560	#338CC2	chr19
contig-0007561	#338CC2	chr19
contig-0007562	#1A7FBA	chr12
contig-0007563	#E6B847	chr15
contig-0007564	#E6B847	chr15
contig-0007565	#E6B847	chr15
contig-0007566	#5699E9	chr9
contig-0007567	#0072B2	chr5
contig-0007568	#0072B2	chr5
contig-0007569	#8C564B	chrY
contig-0007570	#D58C66	chr20
contig-0007571	#D58C66	chr20
contig-0007572	#D58C66	chr20
contig-0007573	#CC79A7	chr4
contig-0007574	#CC79A7	chr4
contig-0007575	#737373	chr14
contig-0007576	#737373	chr14
contig-0007577	#737373	chr14
contig-0007578	#D55E00	chr6
contig-0007579	#56B4E9	chr2
contig-0007580	#D58C66	chr20
contig-0007581	#D58C66	chr20
contig-0007582	#0072B2	chr5
contig-0007583	#666666	chr7
contig-0007584	#00A880	chr10
contig-0007585	#00A880	chr10
contig-0007586	#737373	chr14
contig-0007587	#737373	chr14
contig-0007588	#737373	chr14
contig-0007589	#8C564B	chrY
contig-0007590	#D57533	chr13
contig-0007591	#56B4E9	chr2
contig-0007592	#E69F00	chr1
contig-0007593	#00A880	chr10
contig-0007594	#567DE9	chr16
contig-0007595	#567DE9	chr16
contig-0007596	#567DE9	chr16
contig-0007597	#666666	chr7
contig-0007598	#666666	chr7
contig-0007599	#8C564B	chrY
contig-0007600	#D55E00	chr6
contig-0007601	#D55E00	chr6
contig-0007602	#D55E00	chr6
contig-0007603	#D55E00	chr6
contig-0007604	#1A7FBA	chr12
contig-0007605	#1A7FBA	chr12
contig-0007606	#1A7FBA	chr12
contig-0007607	#1A7FBA	chr12
contig-0007608	#1A7FBA	chr12
contig-0007609	#8C564B	chrY
contig-0007610	#E69F00	chr1
contig-0007611	#E69F00	chr1
contig-0007612	#E69F00	chr1
contig-0007613	#666666	chr7
contig-0007614	#666666	chr7
contig-0007615	#666666	chr7
contig-0007616	#666666	chr7
contig-0007617	#666666	chr7
contig-0007618	#0072B2	chr5
contig-0007619	#0072B2	chr5
contig-0007620	#8C564B	chrY
contig-0007621	#0072B2	chr5
contig-0007622	#1A7FBA	chr12
contig-0007623	#D55E00	chr6
contig-0007624	#D55E00	chr6
contig-0007625	#D55E00	chr6
contig-0007626	#009E73	chr3
contig-0007627	#009E73	chr3
contig-0007628	#009E73	chr3
contig-0007629	#338CC2	chr19
contig-0007630	#CC79A7	chr4
contig-0007631	#8C564B	chrY
contig-0007632	#CC79A7	chr4
contig-0007633	#CC79A7	chr4
contig-0007634	#CC79A7	chr4
contig-0007635	#0072B2	chr5
contig-0007636	#0072B2	chr5
contig-0007637	#0072B2	chr5
contig-0007638	#009E73	chr3
contig-0007639	#009E73	chr3
contig-0007640	#009E73	chr3
contig-0007641	#8C564B	chrY
contig-0007642	#00A880	chr10
contig-0007643	#CCA0BF	chr18
contig-0007644	#CCA0BF	chr18
contig-0007645	#CCA0BF	chr18
contig-0007646	#00B28C	chr17
contig-0007647	#00B28C	chr17
contig-0007648	#00B28C	chr17
contig-0007649	#00B28C	chr17
contig-0007650	#56B4E9	chr2
contig-0007651	#E69F00	chr1
contig-0007652	#8C564B	chrY
contig-0007653	#737373	chr14
contig-0007654	#737373	chr14
contig-0007655	#737373	chr14
contig-0007656	#737373	chr14
contig-0007657	#737373	chr14
contig-0007658	#737373	chr14
contig-0007659	#737373	chr14
contig-0007660	#CC8DB3	chr11
contig-0007661	#0072B2	chr5
contig-0007662	#E6B847	chr15
contig-0007663	#E69F00	chr1
contig-0007664	#E69F00	chr1
contig-0007665	#009E73	chr3
contig-0007666	#009E73	chr3
contig-0007667	#D55E00	chr6
contig-0007668	#D55E00	chr6
contig-0007669	#D55E00	chr6
contig-0007670	#338CC2	chr19
contig-0007671	#338CC2	chr19
contig-0007672	#338CC2	chr19
contig-0007673	#666666	chr7
contig-0007674	#666666	chr7
contig-0007675	#666666	chr7
contig-0007676	#5699E9	chr9
contig-0007677	#5699E9	chr9
contig-0007678	#0072B2	chr5
contig-0007679	#0072B2	chr5
contig-0007680	#0072B2	chr5
contig-0007681	#0072B2	chr5
contig-0007682	#0072B2	chr5
contig-0007683	#E69F00	chr1
contig-0007684	#666666	chr7
contig-0007685	#666666	chr7
contig-0007686	#666666	chr7
contig-0007687	#666666	chr7
contig-0007688	#666666	chr7
contig-0007689	#00B28C	chr17
contig-0007690	#00B28C	chr17
contig-0007691	#00B28C	chr17
contig-0007692	#CC79A7	chr4
contig-0007693	#CC79A7	chr4
contig-0007694	#567DE9	chr16
contig-0007695	#CC79A7	chr4
contig-0007696	#56B4E9	chr2
contig-0007697	#666666	chr7
contig-0007698	#00A880	chr10
contig-0007699	#737373	chr14
contig-0007700	#56B4E9	chr2
contig-0007701	#D55E00	chr6
contig-0007702	#737373	chr14
contig-0007703	#567DE9	chr16
contig-0007704	#737373	chr14
contig-0007705	#737373	chr14
contig-0007706	#737373	chr14
contig-0007707	#CC79A7	chr4
contig-0007708	#737373	chr14
contig-0007709	#737373	chr14
contig-0007710	#737373	chr14
contig-0007711	#567DE9	chr16
contig-0007712	#0072B2	chr5
contig-0007713	#0072B2	chr5
contig-0007714	#0072B2	chr5
contig-0007715	#0072B2	chr5
contig-0007716	#0072B2	chr5
contig-0007717	#567DE9	chr16
contig-0007718	#567DE9	chr16
contig-0007719	#567DE9	chr16
contig-0007720	#56B4E9	chr2
contig-0007721	#D57533	chr13
contig-0007722	#D57533	chr13
contig-0007723	#CC8DB3	chr11
contig-0007724	#CC8DB3	chr11
contig-0007725	#CC8DB3	chr11
contig-0007726	#666666	chr7
contig-0007727	#00A880	chr10
contig-0007728	#00A880	chr10
contig-0007729	#00A880	chr10
contig-0007730	#56B4E9	chr2
contig-0007731	#D55E00	chr6
contig-0007732	#D55E00	chr6
contig-0007733	#D55E00	chr6
contig-0007734	#009E73	chr3
contig-0007735	#009E73	chr3
contig-0007736	#56B4E9	chr2
contig-0007737	#56B4E9	chr2
contig-0007738	#56B4E9	chr2
contig-0007739	#E69F00	chr1
contig-0007740	#E69F00	chr1
contig-0007741	#56B4E9	chr2
contig-0007742	#009E73	chr3
contig-0007743	#009E73	chr3
contig-0007744	#CC8DB3	chr11
contig-0007745	#D58C66	chr20
contig-0007746	#00B28C	chr17
contig-0007747	#00B28C	chr17
contig-0007748	#666666	chr7
contig-0007749	#666666	chr7
contig-0007750	#666666	chr7
contig-0007751	#56B4E9	chr2
contig-0007752	#009E73	chr3
contig-0007753	#009E73	chr3
contig-0007754	#009E73	chr3
contig-0007755	#009E73	chr3
contig-0007756	#009E73	chr3
contig-0007757	#009E73	chr3
contig-0007758	#009E73	chr3
contig-0007759	#CCA0BF	chr18
contig-0007760	#338CC2	chr19
contig-0007761	#009E73	chr3
contig-0007762	#56B4E9	chr2
contig-0007763	#D55E00	chr6
contig-0007764	#E6B847	chr15
contig-0007765	#808080	chr21
contig-0007766	#808080	chr21
contig-0007767	#808080	chr21
contig-0007768	#E6B847	chr15
contig-0007769	#5699E9	chr9
contig-0007770	#5699E9	chr9
contig-0007771	#5699E9	chr9
contig-0007772	#E69F00	chr1
contig-0007773	#E6C47F	chr22
contig-0007774	#5699E9	chr9
contig-0007775	#CC79A7	chr4
contig-0007776	#CC79A7	chr4
contig-0007777	#CC79A7	chr4
contig-0007778	#D55E00	chr6
contig-0007779	#D55E00	chr6
contig-0007780	#D55E00	chr6
contig-0007781	#D55E00	chr6
contig-0007782	#D55E00	chr6
contig-0007783	#00B28C	chr17
contig-0007784	#E6C47F	chr22
contig-0007785	#666666	chr7
contig-0007786	#666666	chr7
contig-0007787	#666666	chr7
contig-0007788	#E6B847	chr15
contig-0007789	#567DE9	chr16
contig-0007790	#567DE9	chr16
contig-0007791	#567DE9	chr16
contig-0007792	#567DE9	chr16
contig-0007793	#E69F00	chr1
contig-0007794	#567DE9	chr16
contig-0007795	#009E73	chr3
contig-0007796	#009E73	chr3
contig-0007797	#009E73	chr3
contig-0007798	#1A7FBA	chr12
contig-0007799	#1A7FBA	chr12
contig-0007800	#1A7FBA	chr12
contig-0007801	#1A7FBA	chr12
contig-0007802	#1A7FBA	chr12
contig-0007803	#D55E00	chr6
contig-0007804	#D55E00	chr6
contig-0007805	#E6C47F	chr22
contig-0007806	#E69F00	chr1
contig-0007807	#E69F00	chr1
contig-0007808	#E69F00	chr1
contig-0007809	#E69F00	chr1
contig-0007810	#E69F00	chr1
contig-0007811	#E69F00	chr1
contig-0007812	#E69F00	chr1
contig-0007813	#E69F00	chr1
contig-0007814	#CC79A7	chr4
contig-0007815	#009E73	chr3
contig-0007816	#E6C47F	chr22
contig-0007817	#009E73	chr3
contig-0007818	#009E73	chr3
contig-0007819	#00A880	chr10
contig-0007820	#737373	chr14
contig-0007821	#737373	chr14
contig-0007822	#737373	chr14
contig-0007823	#CC8DB3	chr11
contig-0007824	#CC8DB3	chr11
contig-0007825	#CC8DB3	chr11
contig-0007826	#E6AB23	chr8
contig-0007827	#E6C47F	chr22
contig-0007828	#E6AB23	chr8
contig-0007829	#E6AB23	chr8
contig-0007830	#E6AB23	chr8
contig-0007831	#E6AB23	chr8
contig-0007832	#567DE9	chr16
contig-0007833	#E6B847	chr15
contig-0007834	#00B28C	chr17
contig-0007835	#00B28C	chr17
contig-0007836	#00B28C	chr17
contig-0007837	#00B28C	chr17
contig-0007838	#5699E9	chr9
contig-0007839	#1A7FBA	chr12
contig-0007840	#E69F00	chr1
contig-0007841	#009E73	chr3
contig-0007842	#009E73	chr3
contig-0007843	#009E73	chr3
contig-0007844	#009E73	chr3
contig-0007845	#009E73	chr3
contig-0007846	#009E73	chr3
contig-0007847	#009E73	chr3
contig-0007848	#E6AB23	chr8
contig-0007849	#666666	chr7
contig-0007850	#56B4E9	chr2
contig-0007851	#56B4E9	chr2
contig-0007852	#5699E9	chr9
contig-0007853	#5699E9	chr9
contig-0007854	#5699E9	chr9
contig-0007855	#D55E00	chr6
contig-0007856	#808080	chr21
contig-0007857	#808080	chr21
contig-0007858	#808080	chr21
contig-0007859	#1A7FBA	chr12
contig-0007860	#E69F00	chr1
contig-0007861	#737373	chr14
contig-0007862	#666666	chr7
contig-0007863	#5699E9	chr9
contig-0007864	#666666	chr7
contig-0007865	#666666	chr7
contig-0007866	#56B4E9	chr2
contig-0007867	#56B4E9	chr2
contig-0007868	#56B4E9	chr2
contig-0007869	#737373	chr14
contig-0007870	#E6C47F	chr22
contig-0007871	#E6C47F	chr22
contig-0007872	#E6C47F	chr22
contig-0007873	#E6C47F	chr22
contig-0007874	#E69F00	chr1
contig-0007875	#5699E9	chr9
contig-0007876	#E6C47F	chr22
contig-0007877	#1A7FBA	chr12
contig-0007878	#1A7FBA	chr12
contig-0007879	#1A7FBA	chr12
contig-0007880	#1A7FBA	chr12
contig-0007881	#1A7FBA	chr12
contig-0007882	#338CC2	chr19
contig-0007883	#338CC2	chr19
contig-0007884	#338CC2	chr19
contig-0007885	#CC79A7	chr4
contig-0007886	#56B4E9	chr2
contig-0007887	#737373	chr14
contig-0007888	#737373	chr14
contig-0007889	#737373	chr14
contig-0007890	#737373	chr14
contig-0007891	#E6AB23	chr8
contig-0007892	#E6AB23	chr8
contig-0007893	#E6AB23	chr8
contig-0007894	#00B28C	chr17
contig-0007895	#00B28C	chr17
contig-0007896	#00B28C	chr17
contig-0007897	#56B4E9	chr2
contig-0007898	#E69F00	chr1
contig-0007899	#56B4E9	chr2
contig-0007900	#D57533	chr13
contig-0007901	#567DE9	chr16
contig-0007902	#666666	chr7
contig-0007903	#666666	chr7
contig-0007904	#56B4E9	chr2
contig-0007905	#56B4E9	chr2
contig-0007906	#56B4E9	chr2
contig-0007907	#56B4E9	chr2
contig-0007908	#56B4E9	chr2
contig-0007909	#56B4E9	chr2
contig-0007910	#56B4E9	chr2
contig-0007911	#E6AB23	chr8
contig-0007912	#CC79A7	chr4
contig-0007913	#CC79A7	chr4
contig-0007914	#CC79A7	chr4
contig-0007915	#CC79A7	chr4
contig-0007916	#CC79A7	chr4
contig-0007917	#56B4E9	chr2
contig-0007918	#D57533	chr13
contig-0007919	#00B28C	chr17
contig-0007920	#00B28C	chr17
contig-0007921	#00B28C	chr17
contig-0007922	#56B4E9	chr2
contig-0007923	#56B4E9	chr2
contig-0007924	#56B4E9	chr2
contig-0007925	#CC8DB3	chr11
contig-0007926	#CC8DB3	chr11
contig-0007927	#CC8DB3	chr11
contig-0007928	#E6AB23	chr8
contig-0007929	#338CC2	chr19
contig-0007930	#009E73	chr3
contig-0007931	#E6B847	chr15
contig-0007932	#666666	chr7
contig-0007933	#00B28C	chr17
contig-0007934	#00B28C	chr17
contig-0007935	#00A880	chr10
contig-0007936	#56B4E9	chr2
contig-0007937	#00B28C	chr17
contig-0007938	#E6AB23	chr8
contig-0007939	#00A880	chr10
contig-0007940	#00A880	chr10
contig-0007941	#00A880	chr10
contig-0007942	#00A880	chr10
contig-0007943	#00A880	chr10
contig-0007944	#D55E00	chr6
contig-0007945	#D55E00	chr6
contig-0007946	#D55E00	chr6
contig-0007947	#D55E00	chr6
contig-0007948	#D55E00	chr6
contig-0007949	#E6AB23	chr8
contig-0007950	#1A7FBA	chr12
contig-0007951	#E6AB23	chr8
contig-0007952	#E6AB23	chr8
contig-0007953	#E6AB23	chr8
contig-0007954	#E6B847	chr15
contig-0007955	#E6B847	chr15
contig-0007956	#E6B847	chr15
contig-0007957	#E6B847	chr15
contig-0007958	#E6B847	chr15
contig-0007959	#666666	chr7
contig-0007960	#E6AB23	chr8
contig-0007961	#666666	chr7
contig-0007962	#666666	chr7
contig-0007963	#5699E9	chr9
contig-0007964	#5699E9	chr9
contig-0007965	#5699E9	chr9
contig-0007966	#5699E9	chr9
contig-0007967	#5699E9	chr9
contig-0007968	#00B28C	chr17
contig-0007969	#00B28C	chr17
contig-0007970	#737373	chr14
contig-0007971	#0072B2	chr5
contig-0007972	#0072B2	chr5
contig-0007973	#E6AB23	chr8
contig-0007974	#E6AB23	chr8
contig-0007975	#E6AB23	chr8
contig-0007976	#E6AB23	chr8
contig-0007977	#E6AB23	chr8
contig-0007978	#E6AB23	chr8
contig-0007979	#CC79A7	chr4
contig-0007980	#E69F00	chr1
contig-0007981	#E6AB23	chr8
contig-0007982	#CC79A7	chr4
contig-0007983	#CC79A7	chr4
contig-0007984	#666666	chr7
contig-0007985	#666666	chr7
contig-0007986	#666666	chr7
contig-0007987	#56B4E9	chr2
contig-0007988	#CC8DB3	chr11
contig-0007989	#CC8DB3	chr11
contig-0007990	#5699E9	chr9
contig-0007991	#5699E9	chr9
contig-0007992	#E6AB23	chr8
contig-0007993	#5699E9	chr9
contig-0007994	#666666	chr7
contig-0007995	#009E73	chr3
contig-0007996	#00B28C	chr17
contig-0007997	#00B28C	chr17
contig-0007998	#00B28C	chr17
contig-0007999	#56B4E9	chr2
contig-0008000	#E69F00	chr1
contig-0008001	#E69F00	chr1
contig-0008002	#E6AB23	chr8
contig-0008003	#E69F00	chr1
contig-0008004	#E69F00	chr1
contig-0008005	#E69F00	chr1
contig-0008006	#00A880	chr10
contig-0008007	#00A880	chr10
contig-0008008	#00A880	chr10
contig-0008009	#666666	chr7
contig-0008010	#D57533	chr13
contig-0008011	#D57533	chr13
contig-0008012	#D57533	chr13
contig-0008013	#D57533	chr13
contig-0008014	#D57533	chr13
contig-0008015	#009E73	chr3
contig-0008016	#E6AB23	chr8
contig-0008017	#E69F00	chr1
contig-0008018	#E69F00	chr1
contig-0008019	#E69F00	chr1
contig-0008020	#E69F00	chr1
contig-0008021	#56B4E9	chr2
contig-0008022	#56B4E9	chr2
contig-0008023	#E6AB23	chr8
contig-0008024	#56B4E9	chr2
contig-0008025	#56B4E9	chr2
contig-0008026	#56B4E9	chr2
contig-0008027	#009E73	chr3
contig-0008028	#009E73	chr3
contig-0008029	#009E73	chr3
contig-0008030	#737373	chr14
contig-0008031	#737373	chr14
contig-0008032	#737373	chr14
contig-0008033	#CC8DB3	chr11
contig-0008034	#808080	chr21
contig-0008035	#CC8DB3	chr11
contig-0008036	#CC8DB3	chr11
contig-0008037	#CC8DB3	chr11
contig-0008038	#CC8DB3	chr11
contig-0008039	#CC8DB3	chr11
contig-0008040	#D55E00	chr6
contig-0008041	#D55E00	chr6
contig-0008042	#D55E00	chr6
contig-0008043	#D55E00	chr6
contig-0008044	#808080	chr21
contig-0008045	#567DE9	chr16
contig-0008046	#567DE9	chr16
contig-0008047	#567DE9	chr16
contig-0008048	#00B28C	chr17
contig-0008049	#808080	chr21
contig-0008050	#808080	chr21
contig-0008051	#808080	chr21
contig-0008052	#009E73	chr3
contig-0008053	#009E73	chr3
contig-0008054	#009E73	chr3
contig-0008055	#808080	chr21
contig-0008056	#0072B2	chr5
contig-0008057	#009E73	chr3
contig-0008058	#737373	chr14
contig-0008059	#737373	chr14
contig-0008060	#1A7FBA	chr12
contig-0008061	#1A7FBA	chr12
contig-0008062	#1A7FBA	chr12
contig-0008063	#1A7FBA	chr12
contig-0008064	#1A7FBA	chr12
contig-0008065	#808080	chr21
contig-0008066	#1A7FBA	chr12
contig-0008067	#1A7FBA	chr12
contig-0008068	#D55E00	chr6
contig-0008069	#D55E00	chr6
contig-0008070	#D55E00	chr6
contig-0008071	#D55E00	chr6
contig-0008072	#D55E00	chr6
contig-0008073	#00B28C	chr17
contig-0008074	#009E73	chr3
contig-0008075	#009E73	chr3
contig-0008076	#808080	chr21
contig-0008077	#567DE9	chr16
contig-0008078	#567DE9	chr16
contig-0008079	#567DE9	chr16
contig-0008080	#567DE9	chr16
contig-0008081	#567DE9	chr16
contig-0008082	#E6AB23	chr8
contig-0008083	#E6AB23	chr8
contig-0008084	#E6AB23	chr8
contig-0008085	#E6AB23	chr8
contig-0008086	#E6AB23	chr8
contig-0008087	#E69F00	chr1
contig-0008088	#E69F00	chr1
contig-0008089	#E6AB23	chr8
contig-0008090	#5699E9	chr9
contig-0008091	#808080	chr21
contig-0008092	#808080	chr21
contig-0008093	#808080	chr21
contig-0008094	#0072B2	chr5
contig-0008095	#0072B2	chr5
contig-0008096	#0072B2	chr5
contig-0008097	#0072B2	chr5
contig-0008098	#E69F00	chr1
contig-0008099	#0072B2	chr5
contig-0008100	#0072B2	chr5
contig-0008101	#0072B2	chr5
contig-0008102	#0072B2	chr5
contig-0008103	#0072B2	chr5
contig-0008104	#CC8DB3	chr11
contig-0008105	#D55E00	chr6
contig-0008106	#E6B847	chr15
contig-0008107	#E6B847	chr15
contig-0008108	#E69F00	chr1
contig-0008109	#E6B847	chr15
contig-0008110	#E6B847	chr15
contig-0008111	#E6B847	chr15
contig-0008112	#E6B847	chr15
contig-0008113	#5699E9	chr9
contig-0008114	#5699E9	chr9
contig-0008115	#5699E9	chr9
contig-0008116	#5699E9	chr9
contig-0008117	#666666	chr7
contig-0008118	#666666	chr7
contig-0008119	#E69F00	chr1
contig-0008120	#009E73	chr3
contig-0008121	#CC79A7	chr4
contig-0008122	#CC79A7	chr4
contig-0008123	#CC79A7	chr4
contig-0008124	#009E73	chr3
contig-0008125	#00B28C	chr17
contig-0008126	#56B4E9	chr2
contig-0008127	#56B4E9	chr2
contig-0008128	#56B4E9	chr2
contig-0008129	#E69F00	chr1
contig-0008130	#56B4E9	chr2
contig-0008131	#D58C66	chr20
contig-0008132	#D58C66	chr20
contig-0008133	#D58C66	chr20
contig-0008134	#E6B847	chr15
contig-0008135	#D55E00	chr6
contig-0008136	#CC8DB3	chr11
contig-0008137	#CC8DB3	chr11
contig-0008138	#CC8DB3	chr11
contig-0008139	#CC8DB3	chr11
contig-0008140	#808080	chr21
contig-0008141	#CC8DB3	chr11
contig-0008142	#CC8DB3	chr11
contig-0008143	#737373	chr14
contig-0008144	#737373	chr14
contig-0008145	#737373	chr14
contig-0008146	#CC8DB3	chr11
contig-0008147	#CC8DB3	chr11
contig-0008148	#CC8DB3	chr11
contig-0008149	#D55E00	chr6
contig-0008150	#E69F00	chr1
contig-0008151	#E69F00	chr1
contig-0008152	#E69F00	chr1
contig-0008153	#009E73	chr3
contig-0008154	#CC8DB3	chr11
contig-0008155	#0072B2	chr5
contig-0008156	#808080	chr21
contig-0008157	#CCA0BF	chr18
contig-0008158	#CCA0BF	chr18
contig-0008159	#CCA0BF	chr18
contig-0008160	#00B28C	chr17
contig-0008161	#00B28C	chr17
contig-0008162	#00B28C	chr17
contig-0008163	#00B28C	chr17
contig-0008164	#00B28C	chr17
contig-0008165	#00B28C	chr17
contig-0008166	#00B28C	chr17
contig-0008167	#737373	chr14
contig-0008168	#737373	chr14
contig-0008169	#808080	chr21
contig-0008170	#737373	chr14
contig-0008171	#1A7FBA	chr12
contig-0008172	#0072B2	chr5
contig-0008173	#0072B2	chr5
contig-0008174	#0072B2	chr5
contig-0008175	#1A7FBA	chr12
contig-0008176	#567DE9	chr16
contig-0008177	#567DE9	chr16
contig-0008178	#CC8DB3	chr11
contig-0008179	#666666	chr7
contig-0008180	#808080	chr21
contig-0008181	#666666	chr7
contig-0008182	#666666	chr7
contig-0008183	#666666	chr7
contig-0008184	#666666	chr7
contig-0008185	#666666	chr7
contig-0008186	#666666	chr7
contig-0008187	#CC79A7	chr4
contig-0008188	#56B4E9	chr2
contig-0008189	#E69F00	chr1
contig-0008190	#56B4E9	chr2
contig-0008191	#1A7FBA	chr12
contig-0008192	#56B4E9	chr2
contig-0008193	#56B4E9	chr2
contig-0008194	#56B4E9	chr2
contig-0008195	#D58C66	chr20
contig-0008196	#D58C66	chr20
contig-0008197	#D58C66	chr20
contig-0008198	#D55E00	chr6
contig-0008199	#D55E00	chr6
contig-0008200	#D55E00	chr6
contig-0008201	#56B4E9	chr2
contig-0008202	#D55E00	chr6
contig-0008203	#338CC2	chr19
contig-0008204	#338CC2	chr19
contig-0008205	#338CC2	chr19
contig-0008206	#338CC2	chr19
contig-0008207	#E69F00	chr1
contig-0008208	#CC8DB3	chr11
contig-0008209	#CC8DB3	chr11
contig-0008210	#CC8DB3	chr11
contig-0008211	#CC79A7	chr4
contig-0008212	#CC79A7	chr4
contig-0008213	#D57533	chr13
contig-0008214	#D57533	chr13
contig-0008215	#D57533	chr13
contig-0008216	#D55E00	chr6
contig-0008217	#56B4E9	chr2
contig-0008218	#56B4E9	chr2
contig-0008219	#737373	chr14
contig-0008220	#666666	chr7
contig-0008221	#737373	chr14
contig-0008222	#E69F00	chr1
contig-0008223	#CC79A7	chr4
contig-0008224	#E69F00	chr1
contig-0008225	#E69F00	chr1
contig-0008226	#E69F00	chr1
contig-0008227	#E69F00	chr1
contig-0008228	#D55E00	chr6
contig-0008229	#D57533	chr13
contig-0008230	#1A7FBA	chr12
contig-0008231	#1A7FBA	chr12
contig-0008232	#1A7FBA	chr12
contig-0008233	#CC79A7	chr4
contig-0008234	#666666	chr7
contig-0008235	#E69F00	chr1
contig-0008236	#E69F00	chr1
contig-0008237	#56B4E9	chr2
contig-0008238	#D55E00	chr6
contig-0008239	#D55E00	chr6
contig-0008240	#D55E00	chr6
contig-0008241	#666666	chr7
contig-0008242	#CCA0BF	chr18
contig-0008243	#CC79A7	chr4
contig-0008244	#CCA0BF	chr18
contig-0008245	#CCA0BF	chr18
contig-0008246	#CCA0BF	chr18
contig-0008247	#CCA0BF	chr18
contig-0008248	#CCA0BF	chr18
contig-0008249	#CCA0BF	chr18
contig-0008250	#CC79A7	chr4
contig-0008251	#CC79A7	chr4
contig-0008252	#CC79A7	chr4
contig-0008253	#5699E9	chr9
contig-0008254	#CC79A7	chr4
contig-0008255	#5699E9	chr9
contig-0008256	#5699E9	chr9
contig-0008257	#5699E9	chr9
contig-0008258	#666666	chr7
contig-0008259	#D55E00	chr6
contig-0008260	#D55E00	chr6
contig-0008261	#D55E00	chr6
contig-0008262	#56B4E9	chr2
contig-0008263	#E6AB23	chr8
contig-0008264	#666666	chr7
contig-0008265	#808080	chr21
contig-0008266	#666666	chr7
contig-0008267	#666666	chr7
contig-0008268	#5699E9	chr9
contig-0008269	#5699E9	chr9
contig-0008270	#5699E9	chr9
contig-0008271	#E69F00	chr1
contig-0008272	#E69F00	chr1
contig-0008273	#E69F00	chr1
contig-0008274	#E69F00	chr1
contig-0008275	#E69F00	chr1
contig-0008276	#E6C47F	chr22
contig-0008277	#56B4E9	chr2
contig-0008278	#56B4E9	chr2
contig-0008279	#56B4E9	chr2
contig-0008280	#CC8DB3	chr11
contig-0008281	#CC8DB3	chr11
contig-0008282	#CC8DB3	chr11
contig-0008283	#1A7FBA	chr12
contig-0008284	#D57533	chr13
contig-0008285	#5699E9	chr9
contig-0008286	#5699E9	chr9
contig-0008287	#808080	chr21
contig-0008288	#5699E9	chr9
contig-0008289	#D57533	chr13
contig-0008290	#D57533	chr13
contig-0008291	#D57533	chr13
contig-0008292	#00A880	chr10
contig-0008293	#00A880	chr10
contig-0008294	#00A880	chr10
contig-0008295	#CC8DB3	chr11
contig-0008296	#338CC2	chr19
contig-0008297	#5699E9	chr9
contig-0008298	#666666	chr7
contig-0008299	#808080	chr21
contig-0008300	#5699E9	chr9
contig-0008301	#5699E9	chr9
contig-0008302	#737373	chr14
contig-0008303	#737373	chr14
contig-0008304	#737373	chr14
contig-0008305	#737373	chr14
contig-0008306	#737373	chr14
contig-0008307	#56B4E9	chr2
contig-0008308	#E6AB23	chr8
contig-0008309	#00A880	chr10
contig-0008310	#808080	chr21
contig-0008311	#00A880	chr10
contig-0008312	#00A880	chr10
contig-0008313	#00A880	chr10
contig-0008314	#00A880	chr10
contig-0008315	#E69F00	chr1
contig-0008316	#E69F00	chr1
contig-0008317	#E69F00	chr1
contig-0008318	#D55E00	chr6
contig-0008319	#009E73	chr3
contig-0008320	#808080	chr21
contig-0008321	#009E73	chr3
contig-0008322	#D55E00	chr6
contig-0008323	#D55E00	chr6
contig-0008324	#D55E00	chr6
contig-0008325	#CC79A7	chr4
contig-0008326	#CC79A7	chr4
contig-0008327	#E69F00	chr1
contig-0008328	#CC8DB3	chr11
contig-0008329	#808080	chr21
contig-0008330	#E69F00	chr1
contig-0008331	#D55E00	chr6
contig-0008332	#D55E00	chr6
contig-0008333	#D55E00	chr6
contig-0008334	#CC79A7	chr4
contig-0008335	#808080	chr21
contig-0008336	#808080	chr21
contig-0008337	#808080	chr21
contig-0008338	#D55E00	chr6
contig-0008339	#5699E9	chr9
contig-0008340	#00B28C	chr17
contig-0008341	#009E73	chr3
contig-0008342	#E69F00	chr1
contig-0008343	#1A7FBA	chr12
contig-0008344	#009E73	chr3
contig-0008345	#56B4E9	chr2
contig-0008346	#56B4E9	chr2
contig-0008347	#56B4E9	chr2
contig-0008348	#56B4E9	chr2
contig-0008349	#00B28C	chr17
contig-0008350	#009E73	chr3
contig-0008351	#00B28C	chr17
contig-0008352	#00B28C	chr17
contig-0008353	#00B28C	chr17
contig-0008354	#00B28C	chr17
contig-0008355	#00B28C	chr17
contig-0008356	#CC79A7	chr4
contig-0008357	#CC79A7	chr4
contig-0008358	#00B28C	chr17
contig-0008359	#CC79A7	chr4
contig-0008360	#666666	chr7
contig-0008361	#D57533	chr13
contig-0008362	#D57533	chr13
contig-0008363	#00B28C	chr17
contig-0008364	#00B28C	chr17
contig-0008365	#00B28C	chr17
contig-0008366	#666666	chr7
contig-0008367	#CC8DB3	chr11
contig-0008368	#E69F00	chr1
contig-0008369	#CC8DB3	chr11
contig-0008370	#CC8DB3	chr11
contig-0008371	#CC8DB3	chr11
contig-0008372	#CC8DB3	chr11
contig-0008373	#666666	chr7
contig-0008374	#666666	chr7
contig-0008375	#666666	chr7
contig-0008376	#56B4E9	chr2
contig-0008377	#56B4E9	chr2
contig-0008378	#56B4E9	chr2
contig-0008379	#E69F00	chr1
contig-0008380	#D57533	chr13
contig-0008381	#D57533	chr13
contig-0008382	#D57533	chr13
contig-0008383	#CCA0BF	chr18
contig-0008384	#D57533	chr13
contig-0008385	#D57533	chr13
contig-0008386	#D57533	chr13
contig-0008387	#666666	chr7
contig-0008388	#E6C47F	chr22
contig-0008389	#E6C47F	chr22
contig-0008390	#E69F00	chr1
contig-0008391	#E6C47F	chr22
contig-0008392	#E69F00	chr1
contig-0008393	#009E73	chr3
contig-0008394	#0072B2	chr5
contig-0008395	#0072B2	chr5
contig-0008396	#0072B2	chr5
contig-0008397	#CC79A7	chr4
contig-0008398	#56B4E9	chr2
contig-0008399	#56B4E9	chr2
contig-0008400	#56B4E9	chr2
contig-0008401	#666666	chr7
contig-0008402	#E69F00	chr1
contig-0008403	#56B4E9	chr2
contig-0008404	#56B4E9	chr2
contig-0008405	#CC79A7	chr4
contig-0008406	#CC79A7	chr4
contig-0008407	#CC79A7	chr4
contig-0008408	#E6C47F	chr22
contig-0008409	#E6C47F	chr22
contig-0008410	#CCA0BF	chr18
contig-0008411	#D58C66	chr20
contig-0008412	#D58C66	chr20
contig-0008413	#E69F00	chr1
contig-0008414	#D58C66	chr20
contig-0008415	#00A880	chr10
contig-0008416	#00A880	chr10
contig-0008417	#00A880	chr10
contig-0008418	#CC79A7	chr4
contig-0008419	#CC79A7	chr4
contig-0008420	#CC79A7	chr4
contig-0008421	#0072B2	chr5
contig-0008422	#666666	chr7
contig-0008423	#CC79A7	chr4
contig-0008424	#E69F00	chr1
contig-0008425	#CC79A7	chr4
contig-0008426	#CC79A7	chr4
contig-0008427	#56B4E9	chr2
contig-0008428	#56B4E9	chr2
contig-0008429	#56B4E9	chr2
contig-0008430	#56B4E9	chr2
contig-0008431	#CC8DB3	chr11
contig-0008432	#CC8DB3	chr11
contig-0008433	#E6AB23	chr8
contig-0008434	#E69F00	chr1
contig-0008435	#E69F00	chr1
contig-0008436	#00B28C	chr17
contig-0008437	#666666	chr7
contig-0008438	#009E73	chr3
contig-0008439	#0072B2	chr5
contig-0008440	#0072B2	chr5
contig-0008441	#D55E00	chr6
contig-0008442	#D55E00	chr6
contig-0008443	#D55E00	chr6
contig-0008444	#5699E9	chr9
contig-0008445	#E69F00	chr1
contig-0008446	#E69F00	chr1
contig-0008447	#E69F00	chr1
contig-0008448	#E69F00	chr1
contig-0008449	#E6B847	chr15
contig-0008450	#E6B847	chr15
contig-0008451	#0072B2	chr5
contig-0008452	#009E73	chr3
contig-0008453	#E6AB23	chr8
contig-0008454	#E6C47F	chr22
contig-0008455	#E6C47F	chr22
contig-0008456	#E6C47F	chr22
contig-0008457	#D55E00	chr6
contig-0008458	#5699E9	chr9
contig-0008459	#5699E9	chr9
contig-0008460	#5699E9	chr9
contig-0008461	#5699E9	chr9
contig-0008462	#E6B847	chr15
contig-0008463	#737373	chr14
contig-0008464	#737373	chr14
contig-0008465	#E69F00	chr1
contig-0008466	#737373	chr14
contig-0008467	#737373	chr14
contig-0008468	#737373	chr14
contig-0008469	#0072B2	chr5
contig-0008470	#0072B2	chr5
contig-0008471	#0072B2	chr5
contig-0008472	#737373	chr14
contig-0008473	#009E73	chr3
contig-0008474	#E69F00	chr1
contig-0008476	#E69F00	chr1
contig-0008477	#E69F00	chr1
contig-0008478	#E69F00	chr1
contig-0008479	#E69F00	chr1
contig-0008480	#0072B2	chr5
contig-0008481	#0072B2	chr5
contig-0008482	#0072B2	chr5
contig-0008483	#D55E00	chr6
contig-0008484	#D55E00	chr6
contig-0008485	#D55E00	chr6
contig-0008486	#00B28C	chr17
contig-0008487	#5699E9	chr9
contig-0008488	#5699E9	chr9
contig-0008489	#5699E9	chr9
contig-0008490	#D55E00	chr6
contig-0008491	#D55E00	chr6
contig-0008492	#D55E00	chr6
contig-0008493	#5699E9	chr9
contig-0008494	#E69F00	chr1
contig-0008495	#00B28C	chr17
contig-0008496	#666666	chr7
contig-0008497	#666666	chr7
contig-0008498	#666666	chr7
contig-0008499	#666666	chr7
contig-0008500	#E69F00	chr1
contig-0008501	#E69F00	chr1
contig-0008502	#E69F00	chr1
contig-0008503	#E69F00	chr1
contig-0008504	#E69F00	chr1
contig-0008505	#666666	chr7
contig-0008506	#E6AB23	chr8
contig-0008507	#D55E00	chr6
contig-0008508	#666666	chr7
contig-0008509	#E6B847	chr15
contig-0008510	#1A7FBA	chr12
contig-0008511	#1A7FBA	chr12
contig-0008512	#1A7FBA	chr12
contig-0008513	#1A7FBA	chr12
contig-0008514	#1A7FBA	chr12
contig-0008515	#666666	chr7
contig-0008516	#666666	chr7
contig-0008517	#666666	chr7
contig-0008518	#CC8DB3	chr11
contig-0008519	#CC8DB3	chr11
contig-0008520	#CC8DB3	chr11
contig-0008521	#CC8DB3	chr11
contig-0008522	#CC8DB3	chr11
contig-0008523	#56B4E9	chr2
contig-0008524	#E6AB23	chr8
contig-0008525	#0072B2	chr5
contig-0008526	#0072B2	chr5
contig-0008527	#0072B2	chr5
contig-0008528	#0072B2	chr5
contig-0008529	#009E73	chr3
contig-0008530	#56B4E9	chr2
contig-0008531	#56B4E9	chr2
contig-0008532	#56B4E9	chr2
contig-0008533	#5699E9	chr9
contig-0008534	#338CC2	chr19
contig-0008535	#338CC2	chr19
contig-0008536	#338CC2	chr19
contig-0008537	#0072B2	chr5
contig-0008538	#009E73	chr3
contig-0008539	#009E73	chr3
contig-0008540	#E6B847	chr15
contig-0008541	#E6B847	chr15
contig-0008542	#E6B847	chr15
contig-0008543	#E6B847	chr15
contig-0008544	#E6B847	chr15
contig-0008545	#737373	chr14
contig-0008546	#0072B2	chr5
contig-0008547	#737373	chr14
contig-0008548	#737373	chr14
contig-0008549	#E6B847	chr15
contig-0008550	#E6B847	chr15
contig-0008551	#CC8DB3	chr11
contig-0008552	#CC8DB3	chr11
contig-0008553	#CC8DB3	chr11
contig-0008554	#CC8DB3	chr11
contig-0008555	#CC8DB3	chr11
contig-0008556	#0072B2	chr5
contig-0008557	#CC8DB3	chr11
contig-0008558	#CC8DB3	chr11
contig-0008559	#CC8DB3	chr11
contig-0008560	#666666	chr7
contig-0008561	#E69F00	chr1
contig-0008562	#E69F00	chr1
contig-0008563	#E69F00	chr1
contig-0008564	#0072B2	chr5
contig-0008565	#E69F00	chr1
contig-0008566	#D58C66	chr20
contig-0008567	#D58C66	chr20
contig-0008568	#D58C66	chr20
contig-0008569	#D58C66	chr20
contig-0008570	#D58C66	chr20
contig-0008571	#D57533	chr13
contig-0008572	#D57533	chr13
contig-0008573	#D57533	chr13
contig-0008574	#E6AB23	chr8
contig-0008575	#E6B847	chr15
contig-0008576	#E6AB23	chr8
contig-0008577	#E6AB23	chr8
contig-0008578	#E69F00	chr1
contig-0008579	#1A7FBA	chr12
contig-0008580	#00B28C	chr17
contig-0008581	#CC79A7	chr4
contig-0008582	#CC79A7	chr4
contig-0008583	#CC79A7	chr4
contig-0008584	#E69F00	chr1
contig-0008585	#E69F00	chr1
contig-0008586	#E6B847	chr15
contig-0008587	#E69F00	chr1
contig-0008588	#E69F00	chr1
contig-0008589	#E69F00	chr1
contig-0008590	#E69F00	chr1
contig-0008591	#5699E9	chr9
contig-0008592	#5699E9	chr9
contig-0008593	#5699E9	chr9
contig-0008594	#5699E9	chr9
contig-0008595	#5699E9	chr9
contig-0008596	#5699E9	chr9
contig-0008597	#E6B847	chr15
contig-0008598	#5699E9	chr9
contig-0008599	#5699E9	chr9
contig-0008600	#5699E9	chr9
contig-0008601	#5699E9	chr9
contig-0008602	#5699E9	chr9
contig-0008603	#CC79A7	chr4
contig-0008604	#CCA0BF	chr18
contig-0008605	#CCA0BF	chr18
contig-0008606	#CCA0BF	chr18
contig-0008607	#D55E00	chr6
contig-0008608	#666666	chr7
contig-0008609	#E6B847	chr15
contig-0008610	#00A880	chr10
contig-0008611	#56B4E9	chr2
contig-0008612	#56B4E9	chr2
contig-0008613	#56B4E9	chr2
contig-0008614	#E6C47F	chr22
contig-0008615	#E6C47F	chr22
contig-0008616	#E6C47F	chr22
contig-0008617	#CC79A7	chr4
contig-0008618	#CC79A7	chr4
contig-0008619	#CC79A7	chr4
contig-0008620	#E6B847	chr15
contig-0008621	#CC79A7	chr4
contig-0008622	#CC79A7	chr4
contig-0008623	#CC79A7	chr4
contig-0008624	#56B4E9	chr2
contig-0008625	#56B4E9	chr2
contig-0008626	#56B4E9	chr2
contig-0008627	#666666	chr7
contig-0008628	#666666	chr7
contig-0008629	#666666	chr7
contig-0008630	#666666	chr7
contig-0008631	#CCA0BF	chr18
contig-0008632	#666666	chr7
contig-0008633	#E6AB23	chr8
contig-0008634	#E6AB23	chr8
contig-0008635	#E6AB23	chr8
contig-0008636	#E6AB23	chr8
contig-0008637	#E6AB23	chr8
contig-0008638	#E6AB23	chr8
contig-0008639	#D57533	chr13
contig-0008640	#D57533	chr13
contig-0008641	#D57533	chr13
contig-0008642	#D57533	chr13
contig-0008643	#D57533	chr13
contig-0008644	#E69F00	chr1
contig-0008645	#E69F00	chr1
contig-0008646	#CC79A7	chr4
contig-0008647	#CCA0BF	chr18
contig-0008648	#CCA0BF	chr18
contig-0008649	#CCA0BF	chr18
contig-0008650	#CCA0BF	chr18
contig-0008651	#CCA0BF	chr18
contig-0008652	#CCA0BF	chr18
contig-0008653	#56B4E9	chr2
contig-0008654	#56B4E9	chr2
contig-0008655	#56B4E9	chr2
contig-0008656	#56B4E9	chr2
contig-0008657	#56B4E9	chr2
contig-0008658	#00A880	chr10
contig-0008659	#00A880	chr10
contig-0008660	#00A880	chr10
contig-0008661	#CCA0BF	chr18
contig-0008662	#0072B2	chr5
contig-0008663	#5699E9	chr9
contig-0008664	#5699E9	chr9
contig-0008665	#5699E9	chr9
contig-0008666	#5699E9	chr9
contig-0008667	#5699E9	chr9
contig-0008668	#D55E00	chr6
contig-0008669	#666666	chr7
contig-0008670	#666666	chr7
contig-0008671	#666666	chr7
contig-0008672	#CCA0BF	chr18
contig-0008673	#E69F00	chr1
contig-0008674	#56B4E9	chr2
contig-0008675	#0072B2	chr5
contig-0008676	#CC8DB3	chr11
contig-0008677	#E6B847	chr15
contig-0008678	#E6B847	chr15
contig-0008679	#E6B847	chr15
contig-0008680	#1A7FBA	chr12
contig-0008681	#1A7FBA	chr12
contig-0008682	#1A7FBA	chr12
contig-0008683	#D55E00	chr6
contig-0008684	#666666	chr7
contig-0008685	#D55E00	chr6
contig-0008686	#E69F00	chr1
contig-0008687	#CC79A7	chr4
contig-0008688	#CC79A7	chr4
contig-0008689	#CC79A7	chr4
contig-0008690	#E69F00	chr1
contig-0008691	#E69F00	chr1
contig-0008692	#5699E9	chr9
contig-0008693	#5699E9	chr9
contig-0008694	#D55E00	chr6
contig-0008695	#5699E9	chr9
contig-0008696	#338CC2	chr19
contig-0008697	#338CC2	chr19
contig-0008698	#338CC2	chr19
contig-0008699	#CC79A7	chr4
contig-0008700	#CC79A7	chr4
contig-0008701	#CC79A7	chr4
contig-0008702	#CC79A7	chr4
contig-0008703	#CC79A7	chr4
contig-0008704	#CC79A7	chr4
contig-0008705	#D55E00	chr6
contig-0008706	#00A880	chr10
contig-0008707	#00B28C	chr17
contig-0008708	#00B28C	chr17
contig-0008709	#00B28C	chr17
contig-0008710	#E69F00	chr1
contig-0008711	#E69F00	chr1
contig-0008712	#E69F00	chr1
contig-0008713	#5699E9	chr9
contig-0008714	#5699E9	chr9
contig-0008715	#56B4E9	chr2
contig-0008716	#666666	chr7
contig-0008717	#D55E00	chr6
contig-0008718	#56B4E9	chr2
contig-0008719	#56B4E9	chr2
contig-0008720	#00A880	chr10
contig-0008721	#666666	chr7
contig-0008722	#00A880	chr10
contig-0008723	#00A880	chr10
contig-0008724	#666666	chr7
contig-0008725	#666666	chr7
contig-0008726	#666666	chr7
contig-0008727	#E69F00	chr1
contig-0008728	#D55E00	chr6
contig-0008729	#D55E00	chr6
contig-0008730	#E6B847	chr15
contig-0008731	#E6B847	chr15
contig-0008732	#E6B847	chr15
contig-0008733	#E6AB23	chr8
contig-0008734	#E6AB23	chr8
contig-0008735	#E6AB23	chr8
contig-0008736	#E6AB23	chr8
contig-0008737	#E6AB23	chr8
contig-0008738	#E6AB23	chr8
contig-0008739	#0072B2	chr5
contig-0008740	#E6AB23	chr8
contig-0008741	#0072B2	chr5
contig-0008742	#737373	chr14
contig-0008743	#00A880	chr10
contig-0008744	#D55E00	chr6
contig-0008745	#D55E00	chr6
contig-0008746	#D55E00	chr6
contig-0008747	#0072B2	chr5
contig-0008748	#D55E00	chr6
contig-0008749	#00A880	chr10
contig-0008750	#E6AB23	chr8
contig-0008751	#E6AB23	chr8
contig-0008752	#E6AB23	chr8
contig-0008753	#0072B2	chr5
contig-0008754	#0072B2	chr5
contig-0008755	#0072B2	chr5
contig-0008756	#0072B2	chr5
contig-0008757	#0072B2	chr5
contig-0008758	#0072B2	chr5
contig-0008759	#0072B2	chr5
contig-0008760	#0072B2	chr5
contig-0008761	#808080	chr21
contig-0008762	#808080	chr21
contig-0008763	#808080	chr21
contig-0008764	#808080	chr21
contig-0008765	#808080	chr21
contig-0008766	#E69F00	chr1
contig-0008767	#E6AB23	chr8
contig-0008768	#0072B2	chr5
contig-0008769	#666666	chr7
contig-0008770	#737373	chr14
contig-0008771	#737373	chr14
contig-0008772	#737373	chr14
contig-0008773	#CCA0BF	chr18
contig-0008774	#CCA0BF	chr18
contig-0008775	#CCA0BF	chr18
contig-0008776	#CCA0BF	chr18
contig-0008777	#009E73	chr3
contig-0008778	#E69F00	chr1
contig-0008779	#E69F00	chr1
contig-0008780	#E69F00	chr1
contig-0008781	#E6C47F	chr22
contig-0008782	#009E73	chr3
contig-0008783	#56B4E9	chr2
contig-0008784	#56B4E9	chr2
contig-0008785	#56B4E9	chr2
contig-0008786	#CC79A7	chr4
contig-0008787	#CC79A7	chr4
contig-0008788	#009E73	chr3
contig-0008789	#CC79A7	chr4
contig-0008790	#737373	chr14
contig-0008791	#737373	chr14
contig-0008792	#737373	chr14
contig-0008793	#737373	chr14
contig-0008794	#0072B2	chr5
contig-0008795	#0072B2	chr5
contig-0008796	#0072B2	chr5
contig-0008797	#0072B2	chr5
contig-0008798	#0072B2	chr5
contig-0008799	#009E73	chr3
contig-0008800	#56B4E9	chr2
contig-0008801	#009E73	chr3
contig-0008802	#009E73	chr3
contig-0008803	#CC8DB3	chr11
contig-0008804	#56B4E9	chr2
contig-0008805	#666666	chr7
contig-0008806	#338CC2	chr19
contig-0008807	#338CC2	chr19
contig-0008808	#338CC2	chr19
contig-0008809	#338CC2	chr19
contig-0008810	#009E73	chr3
contig-0008811	#56B4E9	chr2
contig-0008812	#56B4E9	chr2
contig-0008813	#56B4E9	chr2
contig-0008814	#56B4E9	chr2
contig-0008815	#56B4E9	chr2
contig-0008816	#56B4E9	chr2
contig-0008817	#D55E00	chr6
contig-0008818	#D55E00	chr6
contig-0008819	#D55E00	chr6
contig-0008820	#338CC2	chr19
contig-0008821	#009E73	chr3
contig-0008822	#56B4E9	chr2
contig-0008823	#56B4E9	chr2
contig-0008824	#56B4E9	chr2
contig-0008825	#338CC2	chr19
contig-0008826	#338CC2	chr19
contig-0008827	#338CC2	chr19
contig-0008828	#338CC2	chr19
contig-0008829	#D55E00	chr6
contig-0008830	#D55E00	chr6
contig-0008831	#D57533	chr13
contig-0008832	#D55E00	chr6
contig-0008833	#5699E9	chr9
contig-0008834	#5699E9	chr9
contig-0008835	#5699E9	chr9
contig-0008836	#E6C47F	chr22
contig-0008837	#E6C47F	chr22
contig-0008838	#E6C47F	chr22
contig-0008839	#E6C47F	chr22
contig-0008840	#E6C47F	chr22
contig-0008841	#5699E9	chr9
contig-0008842	#D57533	chr13
contig-0008843	#5699E9	chr9
contig-0008844	#5699E9	chr9
contig-0008845	#5699E9	chr9
contig-0008846	#5699E9	chr9
contig-0008847	#737373	chr14
contig-0008848	#737373	chr14
contig-0008849	#737373	chr14
contig-0008850	#737373	chr14
contig-0008851	#737373	chr14
contig-0008852	#1A7FBA	chr12
contig-0008853	#D57533	chr13
contig-0008854	#00A880	chr10
contig-0008855	#00A880	chr10
contig-0008856	#00A880	chr10
contig-0008857	#CC79A7	chr4
contig-0008858	#CC79A7	chr4
contig-0008859	#CC79A7	chr4
contig-0008860	#CC79A7	chr4
contig-0008861	#1A7FBA	chr12
contig-0008862	#009E73	chr3
contig-0008863	#009E73	chr3
contig-0008864	#808080	chr21
contig-0008865	#009E73	chr3
contig-0008866	#00A880	chr10
contig-0008867	#0072B2	chr5
contig-0008868	#009E73	chr3
contig-0008869	#009E73	chr3
contig-0008870	#E6AB23	chr8
contig-0008871	#E69F00	chr1
contig-0008872	#E69F00	chr1
contig-0008873	#E69F00	chr1
contig-0008874	#E69F00	chr1
contig-0008875	#D57533	chr13
contig-0008876	#E69F00	chr1
contig-0008877	#E69F00	chr1
contig-0008878	#E69F00	chr1
contig-0008879	#E69F00	chr1
contig-0008880	#E69F00	chr1
contig-0008881	#E69F00	chr1
contig-0008882	#E69F00	chr1
contig-0008883	#D55E00	chr6
contig-0008884	#D55E00	chr6
contig-0008885	#D55E00	chr6
contig-0008886	#737373	chr14
contig-0008887	#D55E00	chr6
contig-0008888	#D55E00	chr6
contig-0008889	#0072B2	chr5
contig-0008890	#0072B2	chr5
contig-0008891	#E6AB23	chr8
contig-0008892	#009E73	chr3
contig-0008893	#CCA0BF	chr18
contig-0008894	#0072B2	chr5
contig-0008895	#0072B2	chr5
contig-0008896	#0072B2	chr5
contig-0008897	#737373	chr14
contig-0008898	#E69F00	chr1
contig-0008899	#E69F00	chr1
contig-0008900	#E69F00	chr1
contig-0008901	#009E73	chr3
contig-0008902	#009E73	chr3
contig-0008903	#009E73	chr3
contig-0008904	#E6AB23	chr8
contig-0008905	#E6AB23	chr8
contig-0008906	#E6AB23	chr8
contig-0008907	#CC8DB3	chr11
contig-0008908	#737373	chr14
contig-0008909	#CC8DB3	chr11
contig-0008910	#CC8DB3	chr11
contig-0008911	#CC8DB3	chr11
contig-0008912	#737373	chr14
contig-0008913	#737373	chr14
contig-0008914	#737373	chr14
contig-0008915	#737373	chr14
contig-0008916	#737373	chr14
contig-0008917	#737373	chr14
contig-0008918	#737373	chr14
contig-0008919	#737373	chr14
contig-0008920	#666666	chr7
contig-0008921	#00A880	chr10
contig-0008922	#00A880	chr10
contig-0008923	#00A880	chr10
contig-0008924	#D58C66	chr20
contig-0008925	#CCA0BF	chr18
contig-0008926	#CCA0BF	chr18
contig-0008927	#CCA0BF	chr18
contig-0008928	#CCA0BF	chr18
contig-0008929	#338CC2	chr19
contig-0008930	#737373	chr14
contig-0008931	#CCA0BF	chr18
contig-0008932	#56B4E9	chr2
contig-0008933	#56B4E9	chr2
contig-0008934	#56B4E9	chr2
contig-0008935	#5699E9	chr9
contig-0008936	#5699E9	chr9
contig-0008937	#5699E9	chr9
contig-0008938	#5699E9	chr9
contig-0008939	#567DE9	chr16
contig-0008940	#567DE9	chr16
contig-0008941	#737373	chr14
contig-0008942	#56B4E9	chr2
contig-0008943	#56B4E9	chr2
contig-0008944	#56B4E9	chr2
contig-0008945	#56B4E9	chr2
contig-0008946	#56B4E9	chr2
contig-0008947	#00B28C	chr17
contig-0008948	#00B28C	chr17
contig-0008949	#00B28C	chr17
contig-0008950	#E6AB23	chr8
contig-0008951	#D58C66	chr20
contig-0008952	#737373	chr14
contig-0008953	#1A7FBA	chr12
contig-0008954	#1A7FBA	chr12
contig-0008955	#1A7FBA	chr12
contig-0008956	#1A7FBA	chr12
contig-0008957	#1A7FBA	chr12
contig-0008958	#1A7FBA	chr12
contig-0008959	#D57533	chr13
contig-0008960	#CC79A7	chr4
contig-0008961	#E6C47F	chr22
contig-0008962	#737373	chr14
contig-0008963	#E6C47F	chr22
contig-0008964	#E6C47F	chr22
contig-0008965	#D55E00	chr6
contig-0008966	#1A7FBA	chr12
contig-0008967	#1A7FBA	chr12
contig-0008968	#1A7FBA	chr12
contig-0008969	#56B4E9	chr2
contig-0008970	#56B4E9	chr2
contig-0008971	#567DE9	chr16
contig-0008972	#737373	chr14
contig-0008973	#567DE9	chr16
contig-0008974	#567DE9	chr16
contig-0008975	#CCA0BF	chr18
contig-0008976	#737373	chr14
contig-0008977	#737373	chr14
contig-0008978	#737373	chr14
contig-0008979	#1A7FBA	chr12
contig-0008980	#1A7FBA	chr12
contig-0008981	#1A7FBA	chr12
contig-0008982	#1A7FBA	chr12
contig-0008983	#737373	chr14
contig-0008984	#1A7FBA	chr12
contig-0008985	#E6B847	chr15
contig-0008986	#CC8DB3	chr11
contig-0008987	#CC8DB3	chr11
contig-0008988	#CC8DB3	chr11
contig-0008989	#56B4E9	chr2
contig-0008990	#56B4E9	chr2
contig-0008991	#E69F00	chr1
contig-0008992	#E69F00	chr1
contig-0008993	#E69F00	chr1
contig-0008994	#00A880	chr10
contig-0008995	#E69F00	chr1
contig-0008996	#E69F00	chr1
contig-0008997	#E69F00	chr1
contig-0008998	#00A880	chr10
contig-0008999	#666666	chr7
contig-0009001	#1A7FBA	chr12
contig-0009002	#1A7FBA	chr12
contig-0009003	#00A880	chr10
contig-0009004	#E6B847	chr15
contig-0009005	#E6B847	chr15
contig-0009006	#E6B847	chr15
contig-0009007	#737373	chr14
contig-0009008	#737373	chr14
contig-0009009	#E69F00	chr1
contig-0009010	#5699E9	chr9
contig-0009011	#5699E9	chr9
contig-0009012	#5699E9	chr9
contig-0009013	#5699E9	chr9
contig-0009014	#00A880	chr10
contig-0009015	#5699E9	chr9
contig-0009016	#5699E9	chr9
contig-0009017	#5699E9	chr9
contig-0009018	#D55E00	chr6
contig-0009019	#E69F00	chr1
contig-0009020	#D57533	chr13
contig-0009021	#E69F00	chr1
contig-0009022	#E69F00	chr1
contig-0009023	#E69F00	chr1
contig-0009024	#E69F00	chr1
contig-0009025	#00A880	chr10
contig-0009026	#E69F00	chr1
contig-0009027	#E69F00	chr1
contig-0009028	#E69F00	chr1
contig-0009029	#0072B2	chr5
contig-0009030	#E69F00	chr1
contig-0009031	#E69F00	chr1
contig-0009032	#D55E00	chr6
contig-0009033	#D55E00	chr6
contig-0009034	#D55E00	chr6
contig-0009035	#00B28C	chr17
contig-0009036	#338CC2	chr19
contig-0009037	#00A880	chr10
contig-0009038	#00B28C	chr17
contig-0009039	#00B28C	chr17
contig-0009040	#CC8DB3	chr11
contig-0009041	#E6C47F	chr22
contig-0009042	#E6C47F	chr22
contig-0009043	#E6C47F	chr22
contig-0009044	#E6AB23	chr8
contig-0009045	#E6AB23	chr8
contig-0009046	#E6AB23	chr8
contig-0009047	#00A880	chr10
contig-0009048	#CCA0BF	chr18
contig-0009049	#D58C66	chr20
contig-0009050	#666666	chr7
contig-0009051	#CC79A7	chr4
contig-0009052	#E6B847	chr15
contig-0009053	#CC79A7	chr4
contig-0009054	#009E73	chr3
contig-0009055	#CCA0BF	chr18
contig-0009056	#CC8DB3	chr11
contig-0009057	#567DE9	chr16
contig-0009058	#E6B847	chr15
contig-0009059	#CCA0BF	chr18
contig-0009060	#E6B847	chr15
contig-0009061	#E6B847	chr15
contig-0009062	#0072B2	chr5
contig-0009063	#E6B847	chr15
contig-0009064	#E6B847	chr15
contig-0009065	#E6B847	chr15
contig-0009066	#009E73	chr3
contig-0009067	#009E73	chr3
contig-0009068	#009E73	chr3
contig-0009069	#737373	chr14
contig-0009070	#CCA0BF	chr18
contig-0009071	#737373	chr14
contig-0009072	#737373	chr14
contig-0009073	#56B4E9	chr2
contig-0009074	#00B28C	chr17
contig-0009075	#00A880	chr10
contig-0009076	#E6AB23	chr8
contig-0009077	#E6AB23	chr8
contig-0009078	#E6AB23	chr8
contig-0009079	#E6AB23	chr8
contig-0009080	#E6B847	chr15
contig-0009081	#CCA0BF	chr18
contig-0009082	#E6B847	chr15
contig-0009083	#737373	chr14
contig-0009084	#00B28C	chr17
contig-0009085	#E69F00	chr1
contig-0009086	#E6AB23	chr8
contig-0009087	#E6AB23	chr8
contig-0009088	#E6AB23	chr8
contig-0009089	#0072B2	chr5
contig-0009090	#0072B2	chr5
contig-0009091	#0072B2	chr5
contig-0009092	#CCA0BF	chr18
contig-0009093	#E6B847	chr15
contig-0009094	#E6B847	chr15
contig-0009095	#E6C47F	chr22
contig-0009096	#737373	chr14
contig-0009097	#D55E00	chr6
contig-0009098	#D55E00	chr6
contig-0009099	#0072B2	chr5
contig-0009100	#0072B2	chr5
contig-0009101	#56B4E9	chr2
contig-0009102	#CCA0BF	chr18
contig-0009103	#E6AB23	chr8
contig-0009104	#737373	chr14
contig-0009105	#737373	chr14
contig-0009106	#737373	chr14
contig-0009107	#E6B847	chr15
contig-0009108	#E6B847	chr15
contig-0009109	#E6B847	chr15
contig-0009110	#D55E00	chr6
contig-0009111	#D55E00	chr6
contig-0009112	#D55E00	chr6
contig-0009113	#CCA0BF	chr18
contig-0009114	#D55E00	chr6
contig-0009115	#0072B2	chr5
contig-0009116	#E6B847	chr15
contig-0009117	#E6B847	chr15
contig-0009118	#E6B847	chr15
contig-0009119	#666666	chr7
contig-0009120	#666666	chr7
contig-0009121	#E6AB23	chr8
contig-0009122	#E6AB23	chr8
contig-0009123	#E6AB23	chr8
contig-0009124	#E69F00	chr1
contig-0009125	#00A880	chr10
contig-0009126	#00A880	chr10
contig-0009127	#00A880	chr10
contig-0009128	#00A880	chr10
contig-0009129	#E6AB23	chr8
contig-0009130	#338CC2	chr19
contig-0009131	#338CC2	chr19
contig-0009132	#338CC2	chr19
contig-0009133	#338CC2	chr19
contig-0009134	#338CC2	chr19
contig-0009135	#E69F00	chr1
contig-0009136	#338CC2	chr19
contig-0009137	#CCA0BF	chr18
contig-0009138	#5699E9	chr9
contig-0009139	#5699E9	chr9
contig-0009140	#5699E9	chr9
contig-0009141	#5699E9	chr9
contig-0009142	#00A880	chr10
contig-0009143	#5699E9	chr9
contig-0009144	#D55E00	chr6
contig-0009145	#567DE9	chr16
contig-0009146	#338CC2	chr19
contig-0009147	#E69F00	chr1
contig-0009148	#0072B2	chr5
contig-0009149	#0072B2	chr5
contig-0009150	#0072B2	chr5
contig-0009151	#0072B2	chr5
contig-0009152	#D55E00	chr6
contig-0009153	#D55E00	chr6
contig-0009154	#D55E00	chr6
contig-0009155	#D55E00	chr6
contig-0009156	#E69F00	chr1
contig-0009157	#E69F00	chr1
contig-0009158	#E69F00	chr1
contig-0009159	#1A7FBA	chr12
contig-0009160	#1A7FBA	chr12
contig-0009161	#1A7FBA	chr12
contig-0009162	#E6B847	chr15
contig-0009163	#0072B2	chr5
contig-0009164	#567DE9	chr16
contig-0009165	#567DE9	chr16
contig-0009166	#009E73	chr3
contig-0009167	#009E73	chr3
contig-0009168	#E69F00	chr1
contig-0009169	#009E73	chr3
contig-0009170	#E69F00	chr1
contig-0009171	#E69F00	chr1
contig-0009172	#E69F00	chr1
contig-0009173	#5699E9	chr9
contig-0009174	#5699E9	chr9
contig-0009175	#5699E9	chr9
contig-0009176	#E69F00	chr1
contig-0009177	#E69F00	chr1
contig-0009178	#E69F00	chr1
contig-0009179	#E69F00	chr1
contig-0009180	#E69F00	chr1
contig-0009181	#E69F00	chr1
contig-0009182	#E69F00	chr1
contig-0009183	#E69F00	chr1
contig-0009184	#009E73	chr3
contig-0009185	#E6AB23	chr8
contig-0009186	#E6AB23	chr8
contig-0009187	#E6AB23	chr8
contig-0009188	#56B4E9	chr2
contig-0009189	#E69F00	chr1
contig-0009190	#E69F00	chr1
contig-0009191	#CCA0BF	chr18
contig-0009192	#CCA0BF	chr18
contig-0009193	#CCA0BF	chr18
contig-0009194	#56B4E9	chr2
contig-0009195	#56B4E9	chr2
contig-0009196	#56B4E9	chr2
contig-0009197	#56B4E9	chr2
contig-0009198	#E69F00	chr1
contig-0009199	#E69F00	chr1
contig-0009200	#E69F00	chr1
contig-0009201	#E69F00	chr1
contig-0009202	#737373	chr14
contig-0009203	#737373	chr14
contig-0009204	#737373	chr14
contig-0009205	#737373	chr14
contig-0009206	#737373	chr14
contig-0009207	#338CC2	chr19
contig-0009208	#567DE9	chr16
contig-0009209	#56B4E9	chr2
contig-0009210	#CC79A7	chr4
contig-0009211	#567DE9	chr16
contig-0009212	#E69F00	chr1
contig-0009213	#567DE9	chr16
contig-0009214	#567DE9	chr16
contig-0009215	#009E73	chr3
contig-0009216	#E6AB23	chr8
contig-0009217	#E6AB23	chr8
contig-0009218	#E6AB23	chr8
contig-0009219	#00B28C	chr17
contig-0009220	#00B28C	chr17
contig-0009221	#00B28C	chr17
contig-0009222	#338CC2	chr19
contig-0009223	#5699E9	chr9
contig-0009224	#338CC2	chr19
contig-0009225	#338CC2	chr19
contig-0009226	#00B28C	chr17
contig-0009227	#567DE9	chr16
contig-0009228	#567DE9	chr16
contig-0009229	#567DE9	chr16
contig-0009230	#567DE9	chr16
contig-0009231	#D55E00	chr6
contig-0009232	#E6AB23	chr8
contig-0009233	#CC79A7	chr4
contig-0009234	#5699E9	chr9
contig-0009235	#5699E9	chr9
contig-0009236	#5699E9	chr9
contig-0009237	#CC79A7	chr4
contig-0009238	#CC79A7	chr4
contig-0009239	#CC79A7	chr4
contig-0009240	#CC79A7	chr4
contig-0009241	#567DE9	chr16
contig-0009242	#567DE9	chr16
contig-0009243	#567DE9	chr16
contig-0009244	#5699E9	chr9
contig-0009245	#567DE9	chr16
contig-0009246	#56B4E9	chr2
contig-0009247	#56B4E9	chr2
contig-0009248	#56B4E9	chr2
contig-0009249	#56B4E9	chr2
contig-0009250	#56B4E9	chr2
contig-0009251	#00A880	chr10
contig-0009252	#00A880	chr10
contig-0009253	#00A880	chr10
contig-0009254	#00A880	chr10
contig-0009255	#338CC2	chr19
contig-0009256	#5699E9	chr9
contig-0009257	#00A880	chr10
contig-0009258	#00A880	chr10
contig-0009259	#CC8DB3	chr11
contig-0009260	#CC8DB3	chr11
contig-0009261	#CC8DB3	chr11
contig-0009262	#0072B2	chr5
contig-0009263	#0072B2	chr5
contig-0009264	#0072B2	chr5
contig-0009265	#CCA0BF	chr18
contig-0009266	#CCA0BF	chr18
contig-0009267	#5699E9	chr9
contig-0009268	#CCA0BF	chr18
contig-0009269	#CCA0BF	chr18
contig-0009270	#CCA0BF	chr18
contig-0009271	#E69F00	chr1
contig-0009272	#5699E9	chr9
contig-0009273	#5699E9	chr9
contig-0009274	#5699E9	chr9
contig-0009275	#5699E9	chr9
contig-0009276	#1A7FBA	chr12
contig-0009277	#5699E9	chr9
contig-0009278	#1A7FBA	chr12
contig-0009279	#CCA0BF	chr18
contig-0009280	#CC79A7	chr4
contig-0009281	#009E73	chr3
contig-0009282	#009E73	chr3
contig-0009283	#009E73	chr3
contig-0009284	#1A7FBA	chr12
contig-0009285	#1A7FBA	chr12
contig-0009286	#1A7FBA	chr12
contig-0009287	#E69F00	chr1
contig-0009288	#56B4E9	chr2
contig-0009289	#56B4E9	chr2
contig-0009290	#56B4E9	chr2
contig-0009291	#CC79A7	chr4
contig-0009292	#CC79A7	chr4
contig-0009293	#CC79A7	chr4
contig-0009294	#CCA0BF	chr18
contig-0009295	#CCA0BF	chr18
contig-0009296	#1A7FBA	chr12
contig-0009297	#E69F00	chr1
contig-0009298	#E6B847	chr15
contig-0009299	#1A7FBA	chr12
contig-0009300	#666666	chr7
contig-0009301	#56B4E9	chr2
contig-0009302	#56B4E9	chr2
contig-0009303	#56B4E9	chr2
contig-0009304	#56B4E9	chr2
contig-0009305	#56B4E9	chr2
contig-0009306	#56B4E9	chr2
contig-0009307	#1A7FBA	chr12
contig-0009308	#567DE9	chr16
contig-0009309	#5699E9	chr9
contig-0009310	#5699E9	chr9
contig-0009311	#5699E9	chr9
contig-0009312	#5699E9	chr9
contig-0009313	#5699E9	chr9
contig-0009314	#5699E9	chr9
contig-0009315	#5699E9	chr9
contig-0009316	#5699E9	chr9
contig-0009317	#5699E9	chr9
contig-0009318	#1A7FBA	chr12
contig-0009319	#E6B847	chr15
contig-0009320	#666666	chr7
contig-0009321	#666666	chr7
contig-0009322	#009E73	chr3
contig-0009323	#009E73	chr3
contig-0009324	#009E73	chr3
contig-0009325	#D57533	chr13
contig-0009326	#737373	chr14
contig-0009327	#CC79A7	chr4
contig-0009328	#E69F00	chr1
contig-0009329	#E6AB23	chr8
contig-0009330	#E6B847	chr15
contig-0009331	#E6B847	chr15
contig-0009332	#E6B847	chr15
contig-0009333	#E6B847	chr15
contig-0009334	#E6B847	chr15
contig-0009335	#E6B847	chr15
contig-0009336	#E6B847	chr15
contig-0009337	#00A880	chr10
contig-0009338	#00A880	chr10
contig-0009339	#1A7FBA	chr12
contig-0009340	#1A7FBA	chr12
contig-0009341	#E6B847	chr15
contig-0009342	#E6B847	chr15
contig-0009343	#E6B847	chr15
contig-0009344	#E6B847	chr15
contig-0009345	#E69F00	chr1
contig-0009346	#009E73	chr3
contig-0009347	#009E73	chr3
contig-0009348	#009E73	chr3
contig-0009349	#009E73	chr3
contig-0009350	#E6AB23	chr8
contig-0009351	#009E73	chr3
contig-0009352	#E6B847	chr15
contig-0009353	#E6B847	chr15
contig-0009354	#E6B847	chr15
contig-0009355	#00B28C	chr17
contig-0009356	#56B4E9	chr2
contig-0009357	#56B4E9	chr2
contig-0009358	#56B4E9	chr2
contig-0009359	#CC8DB3	chr11
contig-0009360	#CC8DB3	chr11
contig-0009361	#338CC2	chr19
contig-0009362	#CC8DB3	chr11
contig-0009363	#CC8DB3	chr11
contig-0009364	#E69F00	chr1
contig-0009365	#E69F00	chr1
contig-0009366	#E69F00	chr1
contig-0009367	#D55E00	chr6
contig-0009368	#E6AB23	chr8
contig-0009369	#E6B847	chr15
contig-0009370	#737373	chr14
contig-0009371	#0072B2	chr5
contig-0009372	#0072B2	chr5
contig-0009373	#0072B2	chr5
contig-0009374	#0072B2	chr5
contig-0009375	#1A7FBA	chr12
contig-0009376	#1A7FBA	chr12
contig-0009377	#1A7FBA	chr12
contig-0009378	#1A7FBA	chr12
contig-0009379	#1A7FBA	chr12
contig-0009380	#1A7FBA	chr12
contig-0009381	#D55E00	chr6
contig-0009382	#E6AB23	chr8
contig-0009383	#D55E00	chr6
contig-0009384	#D55E00	chr6
contig-0009385	#CC79A7	chr4
contig-0009386	#009E73	chr3
contig-0009387	#009E73	chr3
contig-0009388	#009E73	chr3
contig-0009389	#00A880	chr10
contig-0009390	#D57533	chr13
contig-0009391	#0072B2	chr5
contig-0009392	#E6AB23	chr8
contig-0009393	#E69F00	chr1
contig-0009394	#D57533	chr13
contig-0009395	#0072B2	chr5
contig-0009396	#E69F00	chr1
contig-0009397	#009E73	chr3
contig-0009398	#666666	chr7
contig-0009399	#666666	chr7
contig-0009400	#666666	chr7
contig-0009401	#1A7FBA	chr12
contig-0009402	#666666	chr7
contig-0009403	#00A880	chr10
contig-0009404	#5699E9	chr9
contig-0009405	#5699E9	chr9
contig-0009406	#338CC2	chr19
contig-0009407	#338CC2	chr19
contig-0009408	#E69F00	chr1
contig-0009409	#E69F00	chr1
contig-0009410	#E69F00	chr1
contig-0009411	#D55E00	chr6
contig-0009412	#56B4E9	chr2
contig-0009413	#56B4E9	chr2
contig-0009414	#00A880	chr10
contig-0009415	#56B4E9	chr2
contig-0009416	#009E73	chr3
contig-0009417	#00A880	chr10
contig-0009418	#338CC2	chr19
contig-0009419	#1A7FBA	chr12
contig-0009420	#1A7FBA	chr12
contig-0009421	#1A7FBA	chr12
contig-0009422	#1A7FBA	chr12
contig-0009423	#1A7FBA	chr12
contig-0009424	#1A7FBA	chr12
contig-0009425	#00A880	chr10
contig-0009426	#E69F00	chr1
contig-0009427	#0072B2	chr5
contig-0009428	#0072B2	chr5
contig-0009429	#0072B2	chr5
contig-0009430	#0072B2	chr5
contig-0009431	#0072B2	chr5
contig-0009432	#737373	chr14
contig-0009433	#737373	chr14
contig-0009434	#737373	chr14
contig-0009435	#0072B2	chr5
contig-0009436	#009E73	chr3
contig-0009437	#56B4E9	chr2
contig-0009438	#009E73	chr3
contig-0009439	#009E73	chr3
contig-0009440	#009E73	chr3
contig-0009441	#00A880	chr10
contig-0009442	#00A880	chr10
contig-0009443	#00A880	chr10
contig-0009444	#00A880	chr10
contig-0009445	#338CC2	chr19
contig-0009446	#D55E00	chr6
contig-0009447	#009E73	chr3
contig-0009448	#D55E00	chr6
contig-0009449	#D55E00	chr6
contig-0009450	#009E73	chr3
contig-0009451	#009E73	chr3
contig-0009452	#009E73	chr3
contig-0009453	#666666	chr7
contig-0009454	#E6B847	chr15
contig-0009455	#E6B847	chr15
contig-0009456	#009E73	chr3
contig-0009457	#E6B847	chr15
contig-0009458	#E6B847	chr15
contig-0009459	#E6B847	chr15
contig-0009460	#5699E9	chr9
contig-0009461	#666666	chr7
contig-0009462	#567DE9	chr16
contig-0009463	#567DE9	chr16
contig-0009464	#567DE9	chr16
contig-0009465	#567DE9	chr16
contig-0009466	#1A7FBA	chr12
contig-0009467	#338CC2	chr19
contig-0009468	#009E73	chr3
contig-0009469	#1A7FBA	chr12
contig-0009470	#D58C66	chr20
contig-0009471	#5699E9	chr9
contig-0009472	#5699E9	chr9
contig-0009473	#5699E9	chr9
contig-0009474	#567DE9	chr16
contig-0009475	#E6B847	chr15
contig-0009476	#0072B2	chr5
contig-0009477	#56B4E9	chr2
contig-0009478	#CC8DB3	chr11
contig-0009479	#009E73	chr3
contig-0009480	#1A7FBA	chr12
contig-0009481	#1A7FBA	chr12
contig-0009482	#1A7FBA	chr12
contig-0009483	#1A7FBA	chr12
contig-0009484	#1A7FBA	chr12
contig-0009485	#D57533	chr13
contig-0009486	#D57533	chr13
contig-0009487	#CC8DB3	chr11
contig-0009488	#CC8DB3	chr11
contig-0009489	#737373	chr14
contig-0009490	#CC8DB3	chr11
contig-0009491	#737373	chr14
contig-0009492	#E69F00	chr1
contig-0009493	#E69F00	chr1
contig-0009494	#E69F00	chr1
contig-0009495	#009E73	chr3
contig-0009496	#009E73	chr3
contig-0009497	#009E73	chr3
contig-0009498	#009E73	chr3
contig-0009499	#009E73	chr3
contig-0009500	#737373	chr14
contig-0009501	#009E73	chr3
contig-0009502	#009E73	chr3
contig-0009503	#009E73	chr3
contig-0009504	#1A7FBA	chr12
contig-0009505	#1A7FBA	chr12
contig-0009506	#1A7FBA	chr12
contig-0009507	#D55E00	chr6
contig-0009508	#E6AB23	chr8
contig-0009509	#E6AB23	chr8
contig-0009510	#E6AB23	chr8
contig-0009511	#737373	chr14
contig-0009512	#E6AB23	chr8
contig-0009513	#E6AB23	chr8
contig-0009514	#E6AB23	chr8
contig-0009515	#E6AB23	chr8
contig-0009516	#E6AB23	chr8
contig-0009517	#56B4E9	chr2
contig-0009518	#56B4E9	chr2
contig-0009519	#56B4E9	chr2
contig-0009520	#56B4E9	chr2
contig-0009521	#D57533	chr13
contig-0009522	#737373	chr14
contig-0009523	#56B4E9	chr2
contig-0009524	#56B4E9	chr2
contig-0009525	#56B4E9	chr2
contig-0009526	#009E73	chr3
contig-0009527	#5699E9	chr9
contig-0009528	#E6B847	chr15
contig-0009529	#E6B847	chr15
contig-0009530	#E6B847	chr15
contig-0009531	#E6B847	chr15
contig-0009532	#CCA0BF	chr18
contig-0009533	#737373	chr14
contig-0009534	#0072B2	chr5
contig-0009535	#D58C66	chr20
contig-0009536	#E6C47F	chr22
contig-0009537	#D57533	chr13
contig-0009538	#1A7FBA	chr12
contig-0009539	#1A7FBA	chr12
contig-0009540	#1A7FBA	chr12
contig-0009541	#1A7FBA	chr12
contig-0009542	#1A7FBA	chr12
contig-0009543	#1A7FBA	chr12
contig-0009544	#1A7FBA	chr12
contig-0009545	#1A7FBA	chr12
contig-0009546	#56B4E9	chr2
contig-0009547	#56B4E9	chr2
contig-0009548	#009E73	chr3
contig-0009549	#567DE9	chr16
contig-0009550	#D55E00	chr6
contig-0009551	#E69F00	chr1
contig-0009552	#E69F00	chr1
contig-0009553	#1A7FBA	chr12
contig-0009554	#E69F00	chr1
contig-0009555	#D55E00	chr6
contig-0009556	#D55E00	chr6
contig-0009557	#D55E00	chr6
contig-0009558	#E6AB23	chr8
contig-0009559	#D58C66	chr20
contig-0009560	#E6C47F	chr22
contig-0009561	#0072B2	chr5
contig-0009562	#0072B2	chr5
contig-0009563	#0072B2	chr5
contig-0009564	#1A7FBA	chr12
contig-0009565	#009E73	chr3
contig-0009566	#56B4E9	chr2
contig-0009567	#56B4E9	chr2
contig-0009568	#56B4E9	chr2
contig-0009569	#56B4E9	chr2
contig-0009570	#666666	chr7
contig-0009571	#666666	chr7
contig-0009572	#666666	chr7
contig-0009573	#666666	chr7
contig-0009574	#666666	chr7
contig-0009575	#338CC2	chr19
contig-0009576	#1A7FBA	chr12
contig-0009577	#666666	chr7
contig-0009578	#E6B847	chr15
contig-0009579	#E6B847	chr15
contig-0009580	#E6B847	chr15
contig-0009581	#E6B847	chr15
contig-0009582	#CC8DB3	chr11
contig-0009583	#E69F00	chr1
contig-0009584	#E6AB23	chr8
contig-0009585	#CC8DB3	chr11
contig-0009586	#737373	chr14
contig-0009587	#1A7FBA	chr12
contig-0009588	#00B28C	chr17
contig-0009589	#00B28C	chr17
contig-0009590	#00B28C	chr17
contig-0009591	#00B28C	chr17
contig-0009592	#D55E00	chr6
contig-0009593	#D55E00	chr6
contig-0009594	#D55E00	chr6
contig-0009595	#E6B847	chr15
contig-0009596	#E6B847	chr15
contig-0009597	#D55E00	chr6
contig-0009598	#666666	chr7
contig-0009599	#D55E00	chr6
contig-0009600	#737373	chr14
contig-0009601	#E6B847	chr15
contig-0009602	#1A7FBA	chr12
contig-0009603	#56B4E9	chr2
contig-0009604	#56B4E9	chr2
contig-0009605	#0072B2	chr5
contig-0009606	#E69F00	chr1
contig-0009607	#666666	chr7
contig-0009608	#1A7FBA	chr12
contig-0009609	#666666	chr7
contig-0009610	#D55E00	chr6
contig-0009611	#1A7FBA	chr12
contig-0009612	#1A7FBA	chr12
contig-0009613	#1A7FBA	chr12
contig-0009614	#D57533	chr13
contig-0009615	#5699E9	chr9
contig-0009616	#56B4E9	chr2
contig-0009617	#666666	chr7
contig-0009618	#666666	chr7
contig-0009619	#CC8DB3	chr11
contig-0009620	#CC8DB3	chr11
contig-0009621	#CC8DB3	chr11
contig-0009622	#737373	chr14
contig-0009623	#E6AB23	chr8
contig-0009624	#E6AB23	chr8
contig-0009625	#00B28C	chr17
contig-0009626	#00B28C	chr17
contig-0009627	#00B28C	chr17
contig-0009628	#00B28C	chr17
contig-0009629	#E6B847	chr15
contig-0009630	#56B4E9	chr2
contig-0009631	#737373	chr14
contig-0009632	#E6AB23	chr8
contig-0009633	#E6AB23	chr8
contig-0009634	#D57533	chr13
contig-0009635	#E6AB23	chr8
contig-0009636	#00B28C	chr17
contig-0009637	#009E73	chr3
contig-0009638	#009E73	chr3
contig-0009639	#009E73	chr3
contig-0009640	#009E73	chr3
contig-0009641	#009E73	chr3
contig-0009642	#009E73	chr3
contig-0009643	#009E73	chr3
contig-0009644	#E69F00	chr1
contig-0009645	#00A880	chr10
contig-0009646	#009E73	chr3
contig-0009647	#E6AB23	chr8
contig-0009648	#CC79A7	chr4
contig-0009649	#E6AB23	chr8
contig-0009650	#E6AB23	chr8
contig-0009651	#1A7FBA	chr12
contig-0009652	#1A7FBA	chr12
contig-0009653	#1A7FBA	chr12
contig-0009654	#E6C47F	chr22
contig-0009655	#0072B2	chr5
contig-0009656	#0072B2	chr5
contig-0009657	#0072B2	chr5
contig-0009658	#0072B2	chr5
contig-0009659	#567DE9	chr16
contig-0009660	#5699E9	chr9
contig-0009661	#5699E9	chr9
contig-0009662	#5699E9	chr9
contig-0009663	#CC79A7	chr4
contig-0009664	#E6AB23	chr8
contig-0009665	#E6AB23	chr8
contig-0009666	#E6AB23	chr8
contig-0009667	#009E73	chr3
contig-0009668	#009E73	chr3
contig-0009669	#567DE9	chr16
contig-0009670	#009E73	chr3
contig-0009671	#009E73	chr3
contig-0009672	#009E73	chr3
contig-0009673	#009E73	chr3
contig-0009674	#E6C47F	chr22
contig-0009675	#00B28C	chr17
contig-0009676	#E6AB23	chr8
contig-0009677	#00B28C	chr17
contig-0009678	#00B28C	chr17
contig-0009679	#338CC2	chr19
contig-0009680	#567DE9	chr16
contig-0009681	#00B28C	chr17
contig-0009682	#5699E9	chr9
contig-0009683	#5699E9	chr9
contig-0009684	#5699E9	chr9
contig-0009685	#567DE9	chr16
contig-0009686	#1A7FBA	chr12
contig-0009687	#D57533	chr13
contig-0009688	#D57533	chr13
contig-0009689	#D57533	chr13
contig-0009690	#CC8DB3	chr11
contig-0009691	#567DE9	chr16
contig-0009692	#CC8DB3	chr11
contig-0009693	#CC8DB3	chr11
contig-0009694	#CC8DB3	chr11
contig-0009695	#CC8DB3	chr11
contig-0009696	#56B4E9	chr2
contig-0009697	#E6B847	chr15
contig-0009698	#E6B847	chr15
contig-0009699	#E6B847	chr15
contig-0009700	#CC8DB3	chr11
contig-0009701	#737373	chr14
contig-0009702	#567DE9	chr16
contig-0009703	#737373	chr14
contig-0009704	#737373	chr14
contig-0009705	#E6AB23	chr8
contig-0009706	#56B4E9	chr2
contig-0009707	#56B4E9	chr2
contig-0009708	#009E73	chr3
contig-0009709	#338CC2	chr19
contig-0009710	#338CC2	chr19
contig-0009711	#338CC2	chr19
contig-0009712	#666666	chr7
contig-0009713	#00B28C	chr17
contig-0009714	#1A7FBA	chr12
contig-0009715	#E69F00	chr1
contig-0009716	#E6B847	chr15
contig-0009717	#1A7FBA	chr12
contig-0009718	#E69F00	chr1
contig-0009719	#E69F00	chr1
contig-0009720	#E69F00	chr1
contig-0009721	#56B4E9	chr2
contig-0009722	#1A7FBA	chr12
contig-0009723	#1A7FBA	chr12
contig-0009724	#00B28C	chr17
contig-0009725	#1A7FBA	chr12
contig-0009726	#5699E9	chr9
contig-0009727	#009E73	chr3
contig-0009728	#E6B847	chr15
contig-0009729	#CC79A7	chr4
contig-0009730	#00B28C	chr17
contig-0009731	#E6B847	chr15
contig-0009732	#E6B847	chr15
contig-0009733	#E6B847	chr15
contig-0009734	#E6B847	chr15
contig-0009735	#00B28C	chr17
contig-0009736	#E6B847	chr15
contig-0009737	#666666	chr7
contig-0009738	#666666	chr7
contig-0009739	#666666	chr7
contig-0009740	#1A7FBA	chr12
contig-0009741	#1A7FBA	chr12
contig-0009742	#009E73	chr3
contig-0009743	#666666	chr7
contig-0009744	#5699E9	chr9
contig-0009745	#5699E9	chr9
contig-0009746	#E6AB23	chr8
contig-0009747	#5699E9	chr9
contig-0009748	#1A7FBA	chr12
contig-0009749	#E6AB23	chr8
contig-0009750	#E6AB23	chr8
contig-0009751	#E6AB23	chr8
contig-0009752	#E6AB23	chr8
contig-0009753	#E6B847	chr15
contig-0009754	#E6AB23	chr8
contig-0009755	#D57533	chr13
contig-0009756	#D57533	chr13
contig-0009757	#E6AB23	chr8
contig-0009758	#D57533	chr13
contig-0009759	#1A7FBA	chr12
contig-0009760	#E6B847	chr15
contig-0009761	#E69F00	chr1
contig-0009762	#0072B2	chr5
contig-0009763	#0072B2	chr5
contig-0009764	#0072B2	chr5
contig-0009765	#E69F00	chr1
contig-0009766	#E69F00	chr1
contig-0009767	#E69F00	chr1
contig-0009768	#CC79A7	chr4
contig-0009769	#CC79A7	chr4
contig-0009770	#CC79A7	chr4
contig-0009771	#D55E00	chr6
contig-0009772	#E6AB23	chr8
contig-0009773	#5699E9	chr9
contig-0009774	#5699E9	chr9
contig-0009775	#5699E9	chr9
contig-0009776	#D57533	chr13
contig-0009777	#E69F00	chr1
contig-0009778	#E6AB23	chr8
contig-0009779	#CCA0BF	chr18
contig-0009780	#CC8DB3	chr11
contig-0009781	#CC8DB3	chr11
contig-0009782	#CC8DB3	chr11
contig-0009783	#56B4E9	chr2
contig-0009784	#CC79A7	chr4
contig-0009785	#E69F00	chr1
contig-0009786	#737373	chr14
contig-0009787	#E6AB23	chr8
contig-0009788	#00A880	chr10
contig-0009789	#338CC2	chr19
contig-0009790	#E6AB23	chr8
contig-0009791	#E69F00	chr1
contig-0009792	#E69F00	chr1
contig-0009793	#E69F00	chr1
contig-0009794	#E69F00	chr1
contig-0009795	#0072B2	chr5
contig-0009796	#666666	chr7
contig-0009797	#666666	chr7
contig-0009798	#666666	chr7
contig-0009799	#666666	chr7
contig-0009800	#666666	chr7
contig-0009801	#009E73	chr3
contig-0009802	#666666	chr7
contig-0009803	#666666	chr7
contig-0009804	#E6AB23	chr8
contig-0009805	#666666	chr7
contig-0009806	#666666	chr7
contig-0009807	#666666	chr7
contig-0009808	#00B28C	chr17
contig-0009809	#666666	chr7
contig-0009810	#666666	chr7
contig-0009811	#666666	chr7
contig-0009812	#009E73	chr3
contig-0009813	#E6AB23	chr8
contig-0009814	#CCA0BF	chr18
contig-0009815	#CCA0BF	chr18
contig-0009816	#CCA0BF	chr18
contig-0009817	#56B4E9	chr2
contig-0009818	#1A7FBA	chr12
contig-0009819	#1A7FBA	chr12
contig-0009820	#1A7FBA	chr12
contig-0009821	#338CC2	chr19
contig-0009822	#737373	chr14
contig-0009823	#009E73	chr3
contig-0009824	#CC79A7	chr4
contig-0009825	#1A7FBA	chr12
contig-0009826	#1A7FBA	chr12
contig-0009827	#CC79A7	chr4
contig-0009828	#CC79A7	chr4
contig-0009829	#CC79A7	chr4
contig-0009830	#CC79A7	chr4
contig-0009831	#CC79A7	chr4
contig-0009832	#CC79A7	chr4
contig-0009833	#CC8DB3	chr11
contig-0009834	#D57533	chr13
contig-0009835	#D57533	chr13
contig-0009836	#D57533	chr13
contig-0009837	#56B4E9	chr2
contig-0009838	#56B4E9	chr2
contig-0009839	#56B4E9	chr2
contig-0009840	#1A7FBA	chr12
contig-0009841	#0072B2	chr5
contig-0009842	#E6C47F	chr22
contig-0009843	#CC79A7	chr4
contig-0009844	#E6C47F	chr22
contig-0009845	#E6C47F	chr22
contig-0009846	#1A7FBA	chr12
contig-0009847	#009E73	chr3
contig-0009848	#009E73	chr3
contig-0009849	#009E73	chr3
contig-0009850	#CC8DB3	chr11
contig-0009851	#CC8DB3	chr11
contig-0009852	#CC8DB3	chr11
contig-0009853	#CC8DB3	chr11
contig-0009854	#00A880	chr10
contig-0009855	#00A880	chr10
contig-0009856	#00A880	chr10
contig-0009857	#00A880	chr10
contig-0009858	#00A880	chr10
contig-0009859	#CC79A7	chr4
contig-0009860	#56B4E9	chr2
contig-0009861	#E6AB23	chr8
contig-0009862	#E6AB23	chr8
contig-0009863	#E6AB23	chr8
contig-0009864	#666666	chr7
contig-0009865	#56B4E9	chr2
contig-0009866	#56B4E9	chr2
contig-0009867	#56B4E9	chr2
contig-0009868	#56B4E9	chr2
contig-0009869	#E6C47F	chr22
contig-0009870	#E6C47F	chr22
contig-0009871	#CC8DB3	chr11
contig-0009872	#009E73	chr3
contig-0009873	#CC8DB3	chr11
contig-0009874	#666666	chr7
contig-0009875	#CC8DB3	chr11
contig-0009876	#338CC2	chr19
contig-0009877	#E69F00	chr1
contig-0009878	#E69F00	chr1
contig-0009879	#E69F00	chr1
contig-0009880	#808080	chr21
contig-0009881	#808080	chr21
contig-0009882	#808080	chr21
contig-0009883	#CCA0BF	chr18
contig-0009884	#666666	chr7
contig-0009885	#E6AB23	chr8
contig-0009886	#E6AB23	chr8
contig-0009887	#E6AB23	chr8
contig-0009888	#567DE9	chr16
contig-0009889	#0072B2	chr5
contig-0009890	#E69F00	chr1
contig-0009891	#E69F00	chr1
contig-0009892	#E69F00	chr1
contig-0009893	#0072B2	chr5
contig-0009894	#0072B2	chr5
contig-0009895	#338CC2	chr19
contig-0009896	#666666	chr7
contig-0009897	#0072B2	chr5
contig-0009898	#0072B2	chr5
contig-0009899	#0072B2	chr5
contig-0009900	#1A7FBA	chr12
contig-0009901	#1A7FBA	chr12
contig-0009902	#1A7FBA	chr12
contig-0009903	#CC8DB3	chr11
contig-0009904	#E6AB23	chr8
contig-0009905	#CC8DB3	chr11
contig-0009906	#CC8DB3	chr11
contig-0009907	#666666	chr7
contig-0009908	#CC8DB3	chr11
contig-0009909	#CC8DB3	chr11
contig-0009910	#CC8DB3	chr11
contig-0009911	#666666	chr7
contig-0009912	#E6AB23	chr8
contig-0009913	#E6AB23	chr8
contig-0009914	#E6AB23	chr8
contig-0009915	#338CC2	chr19
contig-0009916	#338CC2	chr19
contig-0009917	#E6C47F	chr22
contig-0009918	#1A7FBA	chr12
contig-0009919	#666666	chr7
contig-0009920	#00A880	chr10
contig-0009921	#D57533	chr13
contig-0009922	#D58C66	chr20
contig-0009923	#D58C66	chr20
contig-0009924	#D58C66	chr20
contig-0009925	#56B4E9	chr2
contig-0009926	#D58C66	chr20
contig-0009927	#D55E00	chr6
contig-0009928	#D55E00	chr6
contig-0009929	#1A7FBA	chr12
contig-0009930	#D55E00	chr6
contig-0009931	#0072B2	chr5
contig-0009932	#D55E00	chr6
contig-0009933	#D55E00	chr6
contig-0009934	#D55E00	chr6
contig-0009935	#666666	chr7
contig-0009936	#E6B847	chr15
contig-0009937	#E6B847	chr15
contig-0009938	#E6B847	chr15
contig-0009939	#0072B2	chr5
contig-0009940	#009E73	chr3
contig-0009941	#00A880	chr10
contig-0009942	#00A880	chr10
contig-0009943	#00A880	chr10
contig-0009944	#CCA0BF	chr18
contig-0009945	#00A880	chr10
contig-0009946	#E6AB23	chr8
contig-0009947	#E6AB23	chr8
contig-0009948	#E6AB23	chr8
contig-0009949	#D57533	chr13
contig-0009950	#00A880	chr10
contig-0009951	#00A880	chr10
contig-0009952	#00A880	chr10
contig-0009953	#00A880	chr10
contig-0009954	#00A880	chr10
contig-0009955	#CCA0BF	chr18
contig-0009956	#009E73	chr3
contig-0009957	#D55E00	chr6
contig-0009958	#E6AB23	chr8
contig-0009959	#56B4E9	chr2
contig-0009960	#56B4E9	chr2
contig-0009961	#56B4E9	chr2
contig-0009962	#D58C66	chr20
contig-0009963	#56B4E9	chr2
contig-0009964	#CC8DB3	chr11
contig-0009965	#009E73	chr3
contig-0009966	#CC8DB3	chr11
contig-0009967	#CC8DB3	chr11
contig-0009968	#E6C47F	chr22
contig-0009969	#D55E00	chr6
contig-0009970	#009E73	chr3
contig-0009971	#56B4E9	chr2
contig-0009972	#56B4E9	chr2
contig-0009973	#56B4E9	chr2
contig-0009974	#56B4E9	chr2
contig-0009975	#009E73	chr3
contig-0009976	#56B4E9	chr2
contig-0009977	#666666	chr7
contig-0009978	#666666	chr7
contig-0009979	#666666	chr7
contig-0009980	#666666	chr7
contig-0009981	#666666	chr7
contig-0009982	#CC8DB3	chr11
contig-0009983	#00A880	chr10
contig-0009984	#009E73	chr3
contig-0009985	#E6AB23	chr8
contig-0009986	#009E73	chr3
contig-0009987	#00B28C	chr17
contig-0009988	#CC8DB3	chr11
contig-0009989	#CC8DB3	chr11
contig-0009990	#CC8DB3	chr11
contig-0009991	#567DE9	chr16
contig-0009992	#E6B847	chr15
contig-0009993	#009E73	chr3
contig-0009994	#1A7FBA	chr12
contig-0009995	#1A7FBA	chr12
contig-0009996	#1A7FBA	chr12
contig-0009997	#D57533	chr13
contig-0009998	#009E73	chr3
contig-0009999	#0072B2	chr5
contig-0010000	#56B4E9	chr2
contig-0010001	#56B4E9	chr2
contig-0010002	#56B4E9	chr2
contig-0010003	#E6B847	chr15
contig-0010004	#009E73	chr3
contig-0010005	#CC79A7	chr4
contig-0010006	#56B4E9	chr2
contig-0010007	#E69F00	chr1
contig-0010008	#E6AB23	chr8
contig-0010009	#009E73	chr3
contig-0010010	#56B4E9	chr2
contig-0010011	#56B4E9	chr2
contig-0010012	#56B4E9	chr2
contig-0010013	#56B4E9	chr2
contig-0010014	#56B4E9	chr2
contig-0010015	#009E73	chr3
contig-0010016	#00A880	chr10
contig-0010017	#D55E00	chr6
contig-0010018	#00B28C	chr17
contig-0010019	#00B28C	chr17
contig-0010020	#009E73	chr3
contig-0010021	#00B28C	chr17
contig-0010022	#00B28C	chr17
contig-0010023	#00B28C	chr17
contig-0010024	#00B28C	chr17
contig-0010025	#E69F00	chr1
contig-0010026	#E69F00	chr1
contig-0010027	#666666	chr7
contig-0010028	#666666	chr7
contig-0010029	#666666	chr7
contig-0010030	#56B4E9	chr2
contig-0010031	#CC8DB3	chr11
contig-0010032	#56B4E9	chr2
contig-0010033	#56B4E9	chr2
contig-0010034	#00A880	chr10
contig-0010035	#00A880	chr10
contig-0010036	#0072B2	chr5
contig-0010037	#0072B2	chr5
contig-0010038	#0072B2	chr5
contig-0010039	#D55E00	chr6
contig-0010040	#E6AB23	chr8
contig-0010041	#CC8DB3	chr11
contig-0010042	#009E73	chr3
contig-0010043	#0072B2	chr5
contig-0010044	#56B4E9	chr2
contig-0010045	#56B4E9	chr2
contig-0010046	#56B4E9	chr2
contig-0010047	#737373	chr14
contig-0010048	#737373	chr14
contig-0010049	#737373	chr14
contig-0010050	#009E73	chr3
contig-0010051	#56B4E9	chr2
contig-0010052	#CC8DB3	chr11
contig-0010053	#E6B847	chr15
contig-0010054	#0072B2	chr5
contig-0010055	#56B4E9	chr2
contig-0010056	#E6B847	chr15
contig-0010057	#D58C66	chr20
contig-0010058	#D58C66	chr20
contig-0010059	#D58C66	chr20
contig-0010060	#D58C66	chr20
contig-0010061	#D58C66	chr20
contig-0010062	#E6B847	chr15
contig-0010063	#CC8DB3	chr11
contig-0010064	#E6B847	chr15
contig-0010065	#E6B847	chr15
contig-0010066	#56B4E9	chr2
contig-0010067	#E69F00	chr1
contig-0010068	#D58C66	chr20
contig-0010069	#D58C66	chr20
contig-0010070	#D58C66	chr20
contig-0010071	#D58C66	chr20
contig-0010072	#E69F00	chr1
contig-0010073	#338CC2	chr19
contig-0010074	#CC8DB3	chr11
contig-0010075	#338CC2	chr19
contig-0010076	#338CC2	chr19
contig-0010077	#737373	chr14
contig-0010078	#00A880	chr10
contig-0010079	#00A880	chr10
contig-0010080	#00A880	chr10
contig-0010081	#D57533	chr13
contig-0010082	#56B4E9	chr2
contig-0010083	#56B4E9	chr2
contig-0010084	#CCA0BF	chr18
contig-0010085	#338CC2	chr19
contig-0010086	#CCA0BF	chr18
contig-0010087	#CCA0BF	chr18
contig-0010088	#CCA0BF	chr18
contig-0010089	#CCA0BF	chr18
contig-0010090	#009E73	chr3
contig-0010091	#CC8DB3	chr11
contig-0010092	#E69F00	chr1
contig-0010093	#666666	chr7
contig-0010094	#1A7FBA	chr12
contig-0010095	#338CC2	chr19
contig-0010096	#E69F00	chr1
contig-0010097	#737373	chr14
contig-0010098	#CC8DB3	chr11
contig-0010099	#567DE9	chr16
contig-0010100	#D55E00	chr6
contig-0010101	#009E73	chr3
contig-0010102	#009E73	chr3
contig-0010103	#009E73	chr3
contig-0010104	#009E73	chr3
contig-0010105	#E6C47F	chr22
contig-0010106	#338CC2	chr19
contig-0010107	#009E73	chr3
contig-0010108	#009E73	chr3
contig-0010109	#009E73	chr3
contig-0010110	#0072B2	chr5
contig-0010111	#E6B847	chr15
contig-0010112	#D55E00	chr6
contig-0010113	#E69F00	chr1
contig-0010114	#E69F00	chr1
contig-0010115	#E69F00	chr1
contig-0010116	#D55E00	chr6
contig-0010117	#00B28C	chr17
contig-0010118	#00B28C	chr17
contig-0010119	#00A880	chr10
contig-0010120	#E69F00	chr1
contig-0010121	#E6AB23	chr8
contig-0010122	#00B28C	chr17
contig-0010123	#666666	chr7
contig-0010124	#567DE9	chr16
contig-0010125	#567DE9	chr16
contig-0010126	#567DE9	chr16
contig-0010127	#E6B847	chr15
contig-0010128	#00B28C	chr17
contig-0010129	#56B4E9	chr2
contig-0010130	#00B28C	chr17
contig-0010131	#56B4E9	chr2
contig-0010132	#56B4E9	chr2
contig-0010133	#56B4E9	chr2
contig-0010134	#1A7FBA	chr12
contig-0010135	#5699E9	chr9
contig-0010136	#5699E9	chr9
contig-0010137	#5699E9	chr9
contig-0010138	#CCA0BF	chr18
contig-0010139	#00B28C	chr17
contig-0010140	#CCA0BF	chr18
contig-0010141	#CCA0BF	chr18
contig-0010142	#808080	chr21
contig-0010143	#808080	chr21
contig-0010144	#808080	chr21
contig-0010145	#E6AB23	chr8
contig-0010146	#CC79A7	chr4
contig-0010147	#737373	chr14
contig-0010148	#D57533	chr13
contig-0010149	#009E73	chr3
contig-0010150	#00B28C	chr17
contig-0010151	#009E73	chr3
contig-0010152	#E69F00	chr1
contig-0010153	#D55E00	chr6
contig-0010154	#E69F00	chr1
contig-0010155	#D57533	chr13
contig-0010156	#D57533	chr13
contig-0010157	#D57533	chr13
contig-0010158	#D57533	chr13
contig-0010159	#D57533	chr13
contig-0010160	#00B28C	chr17
contig-0010161	#00A880	chr10
contig-0010162	#E6AB23	chr8
contig-0010163	#E6AB23	chr8
contig-0010164	#E6AB23	chr8
contig-0010165	#5699E9	chr9
contig-0010166	#5699E9	chr9
contig-0010167	#808080	chr21
contig-0010168	#737373	chr14
contig-0010169	#CC8DB3	chr11
contig-0010170	#666666	chr7
contig-0010171	#666666	chr7
contig-0010172	#666666	chr7
contig-0010173	#666666	chr7
contig-0010174	#666666	chr7
contig-0010175	#009E73	chr3
contig-0010176	#009E73	chr3
contig-0010177	#009E73	chr3
contig-0010178	#5699E9	chr9
contig-0010179	#00A880	chr10
contig-0010180	#CC8DB3	chr11
contig-0010181	#009E73	chr3
contig-0010182	#E6AB23	chr8
contig-0010183	#E6AB23	chr8
contig-0010184	#E6AB23	chr8
contig-0010185	#E6AB23	chr8
contig-0010186	#E6B847	chr15
contig-0010187	#5699E9	chr9
contig-0010188	#737373	chr14
contig-0010189	#CC8DB3	chr11
contig-0010190	#CC8DB3	chr11
contig-0010191	#CC8DB3	chr11
contig-0010192	#CC8DB3	chr11
contig-0010193	#CC8DB3	chr11
contig-0010194	#CC8DB3	chr11
contig-0010195	#CCA0BF	chr18
contig-0010196	#CCA0BF	chr18
contig-0010197	#CCA0BF	chr18
contig-0010198	#E6B847	chr15
contig-0010199	#E6B847	chr15
contig-0010200	#E6B847	chr15
contig-0010201	#CC8DB3	chr11
contig-0010202	#567DE9	chr16
contig-0010203	#D55E00	chr6
contig-0010204	#737373	chr14
contig-0010205	#1A7FBA	chr12
contig-0010206	#1A7FBA	chr12
contig-0010207	#1A7FBA	chr12
contig-0010208	#808080	chr21
contig-0010209	#E6AB23	chr8
contig-0010210	#00A880	chr10
contig-0010211	#00A880	chr10
contig-0010212	#E6B847	chr15
contig-0010213	#CC8DB3	chr11
contig-0010214	#00A880	chr10
contig-0010215	#737373	chr14
contig-0010216	#567DE9	chr16
contig-0010217	#CC79A7	chr4
contig-0010218	#CC79A7	chr4
contig-0010219	#CC79A7	chr4
contig-0010220	#009E73	chr3
contig-0010221	#009E73	chr3
contig-0010222	#009E73	chr3
contig-0010223	#009E73	chr3
contig-0010224	#00B28C	chr17
contig-0010225	#009E73	chr3
contig-0010226	#009E73	chr3
contig-0010227	#666666	chr7
contig-0010228	#CC79A7	chr4
contig-0010229	#E6B847	chr15
contig-0010230	#E6B847	chr15
contig-0010231	#E6B847	chr15
contig-0010232	#E6B847	chr15
contig-0010233	#009E73	chr3
contig-0010234	#009E73	chr3
contig-0010235	#00B28C	chr17
contig-0010236	#009E73	chr3
contig-0010237	#009E73	chr3
contig-0010238	#009E73	chr3
contig-0010239	#56B4E9	chr2
contig-0010240	#338CC2	chr19
contig-0010241	#338CC2	chr19
contig-0010242	#338CC2	chr19
contig-0010243	#56B4E9	chr2
contig-0010244	#56B4E9	chr2
contig-0010245	#56B4E9	chr2
contig-0010246	#00B28C	chr17
contig-0010247	#56B4E9	chr2
contig-0010248	#E69F00	chr1
contig-0010249	#E69F00	chr1
contig-0010250	#E6B847	chr15
contig-0010251	#E6B847	chr15
contig-0010252	#E6B847	chr15
contig-0010253	#D55E00	chr6
contig-0010254	#808080	chr21
contig-0010255	#808080	chr21
contig-0010256	#808080	chr21
contig-0010257	#00B28C	chr17
contig-0010258	#808080	chr21
contig-0010259	#808080	chr21
contig-0010260	#D58C66	chr20
contig-0010261	#D58C66	chr20
contig-0010262	#D58C66	chr20
contig-0010263	#00A880	chr10
contig-0010264	#737373	chr14
contig-0010265	#E6AB23	chr8
contig-0010266	#D58C66	chr20
contig-0010267	#E6AB23	chr8
contig-0010268	#00B28C	chr17
contig-0010269	#E6AB23	chr8
contig-0010270	#E6AB23	chr8
contig-0010271	#E6AB23	chr8
contig-0010272	#E6AB23	chr8
contig-0010273	#D58C66	chr20
contig-0010274	#808080	chr21
contig-0010275	#737373	chr14
contig-0010276	#56B4E9	chr2
contig-0010277	#567DE9	chr16
contig-0010278	#CC8DB3	chr11
contig-0010279	#00B28C	chr17
contig-0010280	#CC8DB3	chr11
contig-0010281	#CC8DB3	chr11
contig-0010282	#E69F00	chr1
contig-0010283	#E69F00	chr1
contig-0010284	#E69F00	chr1
contig-0010285	#567DE9	chr16
contig-0010286	#CCA0BF	chr18
contig-0010287	#56B4E9	chr2
contig-0010288	#56B4E9	chr2
contig-0010289	#56B4E9	chr2
contig-0010290	#00B28C	chr17
contig-0010291	#00B28C	chr17
contig-0010292	#CC8DB3	chr11
contig-0010293	#CC8DB3	chr11
contig-0010294	#D58C66	chr20
contig-0010295	#CC79A7	chr4
contig-0010296	#00B28C	chr17
contig-0010297	#00B28C	chr17
contig-0010298	#00B28C	chr17
contig-0010299	#56B4E9	chr2
contig-0010300	#D55E00	chr6
contig-0010301	#D55E00	chr6
contig-0010302	#D55E00	chr6
contig-0010303	#567DE9	chr16
contig-0010304	#CC8DB3	chr11
contig-0010305	#CC8DB3	chr11
contig-0010306	#CC8DB3	chr11
contig-0010307	#CC8DB3	chr11
contig-0010308	#00A880	chr10
contig-0010309	#56B4E9	chr2
contig-0010310	#808080	chr21
contig-0010311	#666666	chr7
contig-0010312	#D55E00	chr6
contig-0010313	#D55E00	chr6
contig-0010314	#5699E9	chr9
contig-0010315	#5699E9	chr9
contig-0010316	#5699E9	chr9
contig-0010317	#338CC2	chr19
contig-0010318	#338CC2	chr19
contig-0010319	#E6B847	chr15
contig-0010320	#56B4E9	chr2
contig-0010321	#338CC2	chr19
contig-0010322	#338CC2	chr19
contig-0010323	#338CC2	chr19
contig-0010324	#338CC2	chr19
contig-0010325	#338CC2	chr19
contig-0010326	#009E73	chr3
contig-0010327	#D57533	chr13
contig-0010328	#0072B2	chr5
contig-0010329	#338CC2	chr19
contig-0010330	#E6AB23	chr8
contig-0010331	#56B4E9	chr2
contig-0010332	#E6AB23	chr8
contig-0010333	#338CC2	chr19
contig-0010334	#338CC2	chr19
contig-0010335	#338CC2	chr19
contig-0010336	#009E73	chr3
contig-0010337	#009E73	chr3
contig-0010338	#009E73	chr3
contig-0010339	#5699E9	chr9
contig-0010340	#5699E9	chr9
contig-0010341	#5699E9	chr9
contig-0010342	#56B4E9	chr2
contig-0010343	#5699E9	chr9
contig-0010344	#5699E9	chr9
contig-0010345	#5699E9	chr9
contig-0010346	#5699E9	chr9
contig-0010347	#5699E9	chr9
contig-0010348	#5699E9	chr9
contig-0010349	#737373	chr14
contig-0010350	#00B28C	chr17
contig-0010351	#CC79A7	chr4
contig-0010352	#00A880	chr10
contig-0010353	#0072B2	chr5
contig-0010354	#00A880	chr10
contig-0010355	#00A880	chr10
contig-0010356	#009E73	chr3
contig-0010357	#009E73	chr3
contig-0010358	#009E73	chr3
contig-0010359	#E69F00	chr1
contig-0010360	#E69F00	chr1
contig-0010361	#CC79A7	chr4
contig-0010362	#CC79A7	chr4
contig-0010363	#CC79A7	chr4
contig-0010364	#009E73	chr3
contig-0010365	#E69F00	chr1
contig-0010366	#56B4E9	chr2
contig-0010367	#E6B847	chr15
contig-0010368	#E6B847	chr15
contig-0010369	#E69F00	chr1
contig-0010370	#D57533	chr13
contig-0010371	#E69F00	chr1
contig-0010372	#CC8DB3	chr11
contig-0010373	#CC8DB3	chr11
contig-0010374	#0072B2	chr5
contig-0010375	#CC79A7	chr4
contig-0010376	#CC79A7	chr4
contig-0010377	#56B4E9	chr2
contig-0010378	#E69F00	chr1
contig-0010379	#E69F00	chr1
contig-0010380	#1A7FBA	chr12
contig-0010381	#1A7FBA	chr12
contig-0010382	#E6B847	chr15
contig-0010383	#E6B847	chr15
contig-0010384	#E6B847	chr15
contig-0010385	#E6B847	chr15
contig-0010386	#E6B847	chr15
contig-0010387	#666666	chr7
contig-0010388	#1A7FBA	chr12
contig-0010389	#1A7FBA	chr12
contig-0010390	#1A7FBA	chr12
contig-0010391	#666666	chr7
contig-0010392	#CC79A7	chr4
contig-0010393	#CC79A7	chr4
contig-0010394	#CC79A7	chr4
contig-0010395	#CC79A7	chr4
contig-0010396	#D57533	chr13
contig-0010397	#D57533	chr13
contig-0010398	#56B4E9	chr2
contig-0010399	#D55E00	chr6
contig-0010400	#5699E9	chr9
contig-0010401	#E6AB23	chr8
contig-0010402	#E6AB23	chr8
contig-0010403	#E6AB23	chr8
contig-0010404	#D57533	chr13
contig-0010405	#CC79A7	chr4
contig-0010406	#00B28C	chr17
contig-0010407	#00B28C	chr17
contig-0010408	#00B28C	chr17
contig-0010409	#CC8DB3	chr11
contig-0010410	#00A880	chr10
contig-0010411	#E6AB23	chr8
contig-0010412	#E6AB23	chr8
contig-0010413	#CCA0BF	chr18
contig-0010414	#56B4E9	chr2
contig-0010415	#E69F00	chr1
contig-0010416	#CC79A7	chr4
contig-0010417	#E69F00	chr1
contig-0010418	#D55E00	chr6
contig-0010419	#D55E00	chr6
contig-0010420	#D55E00	chr6
contig-0010421	#CC8DB3	chr11
contig-0010422	#00B28C	chr17
contig-0010423	#00B28C	chr17
contig-0010424	#00B28C	chr17
contig-0010425	#CC79A7	chr4
contig-0010426	#CC79A7	chr4
contig-0010427	#009E73	chr3
contig-0010428	#E6AB23	chr8
contig-0010429	#E6B847	chr15
contig-0010430	#CC79A7	chr4
contig-0010431	#CC79A7	chr4
contig-0010432	#CC79A7	chr4
contig-0010433	#CCA0BF	chr18
contig-0010434	#338CC2	chr19
contig-0010435	#338CC2	chr19
contig-0010436	#338CC2	chr19
contig-0010437	#338CC2	chr19
contig-0010438	#338CC2	chr19
contig-0010439	#338CC2	chr19
contig-0010440	#CC79A7	chr4
contig-0010441	#338CC2	chr19
contig-0010442	#CC79A7	chr4
contig-0010443	#E6B847	chr15
contig-0010444	#E6B847	chr15
contig-0010445	#808080	chr21
contig-0010446	#808080	chr21
contig-0010447	#808080	chr21
contig-0010448	#1A7FBA	chr12
contig-0010449	#808080	chr21
contig-0010450	#808080	chr21
contig-0010451	#009E73	chr3
contig-0010452	#0072B2	chr5
contig-0010453	#E6AB23	chr8
contig-0010454	#E6C47F	chr22
contig-0010455	#E6AB23	chr8
contig-0010456	#CC79A7	chr4
contig-0010457	#CCA0BF	chr18
contig-0010458	#CCA0BF	chr18
contig-0010459	#CCA0BF	chr18
contig-0010460	#737373	chr14
contig-0010461	#009E73	chr3
contig-0010462	#E6B847	chr15
contig-0010463	#567DE9	chr16
contig-0010464	#567DE9	chr16
contig-0010465	#808080	chr21
contig-0010466	#D57533	chr13
contig-0010467	#CC79A7	chr4
contig-0010468	#CC79A7	chr4
contig-0010469	#CC79A7	chr4
contig-0010470	#00A880	chr10
contig-0010471	#009E73	chr3
contig-0010472	#E6AB23	chr8
contig-0010473	#E6AB23	chr8
contig-0010474	#E6AB23	chr8
contig-0010475	#CC79A7	chr4
contig-0010476	#009E73	chr3
contig-0010477	#5699E9	chr9
contig-0010478	#5699E9	chr9
contig-0010479	#5699E9	chr9
contig-0010480	#E69F00	chr1
contig-0010481	#009E73	chr3
contig-0010482	#D57533	chr13
contig-0010483	#0072B2	chr5
contig-0010484	#737373	chr14
contig-0010485	#0072B2	chr5
contig-0010486	#CC79A7	chr4
contig-0010487	#CC79A7	chr4
contig-0010488	#CC79A7	chr4
contig-0010489	#56B4E9	chr2
contig-0010490	#1A7FBA	chr12
contig-0010491	#D55E00	chr6
contig-0010492	#009E73	chr3
contig-0010493	#D55E00	chr6
contig-0010494	#D55E00	chr6
contig-0010495	#E69F00	chr1
contig-0010496	#0072B2	chr5
contig-0010497	#E6AB23	chr8
contig-0010498	#E6AB23	chr8
contig-0010499	#E6AB23	chr8
contig-0010500	#E6AB23	chr8
contig-0010501	#1A7FBA	chr12
contig-0010502	#009E73	chr3
contig-0010503	#009E73	chr3
contig-0010504	#D55E00	chr6
contig-0010505	#1A7FBA	chr12
contig-0010506	#009E73	chr3
contig-0010507	#009E73	chr3
contig-0010508	#CC79A7	chr4
contig-0010509	#56B4E9	chr2
contig-0010510	#D55E00	chr6
contig-0010511	#00A880	chr10
contig-0010512	#D55E00	chr6
contig-0010513	#D55E00	chr6
contig-0010514	#E6AB23	chr8
contig-0010515	#D55E00	chr6
contig-0010516	#D55E00	chr6
contig-0010517	#D55E00	chr6
contig-0010518	#D55E00	chr6
contig-0010519	#D55E00	chr6
contig-0010520	#D55E00	chr6
contig-0010521	#D55E00	chr6
contig-0010522	#00A880	chr10
contig-0010523	#CC8DB3	chr11
contig-0010524	#CC8DB3	chr11
contig-0010525	#CC8DB3	chr11
contig-0010526	#00B28C	chr17
contig-0010527	#00B28C	chr17
contig-0010528	#00B28C	chr17
contig-0010529	#009E73	chr3
contig-0010530	#009E73	chr3
contig-0010531	#009E73	chr3
contig-0010532	#0072B2	chr5
contig-0010533	#00A880	chr10
contig-0010534	#0072B2	chr5
contig-0010535	#666666	chr7
contig-0010536	#666666	chr7
contig-0010537	#666666	chr7
contig-0010538	#56B4E9	chr2
contig-0010539	#5699E9	chr9
contig-0010540	#00A880	chr10
contig-0010541	#E69F00	chr1
contig-0010542	#1A7FBA	chr12
contig-0010543	#D58C66	chr20
contig-0010544	#00A880	chr10
contig-0010545	#009E73	chr3
contig-0010546	#009E73	chr3
contig-0010547	#009E73	chr3
contig-0010548	#56B4E9	chr2
contig-0010549	#CC8DB3	chr11
contig-0010550	#CC8DB3	chr11
contig-0010551	#CC79A7	chr4
contig-0010552	#CC79A7	chr4
contig-0010553	#CC79A7	chr4
contig-0010554	#CC79A7	chr4
contig-0010555	#CC79A7	chr4
contig-0010556	#009E73	chr3
contig-0010557	#009E73	chr3
contig-0010558	#009E73	chr3
contig-0010559	#D55E00	chr6
contig-0010560	#56B4E9	chr2
contig-0010561	#5699E9	chr9
contig-0010562	#1A7FBA	chr12
contig-0010563	#1A7FBA	chr12
contig-0010564	#1A7FBA	chr12
contig-0010565	#5699E9	chr9
contig-0010566	#0072B2	chr5
contig-0010567	#0072B2	chr5
contig-0010568	#CCA0BF	chr18
contig-0010569	#338CC2	chr19
contig-0010570	#338CC2	chr19
contig-0010571	#338CC2	chr19
contig-0010572	#00A880	chr10
contig-0010573	#E69F00	chr1
contig-0010574	#00B28C	chr17
contig-0010575	#009E73	chr3
contig-0010576	#5699E9	chr9
contig-0010577	#E6B847	chr15
contig-0010578	#009E73	chr3
contig-0010579	#56B4E9	chr2
contig-0010580	#666666	chr7
contig-0010581	#D55E00	chr6
contig-0010582	#D55E00	chr6
contig-0010583	#D55E00	chr6
contig-0010584	#5699E9	chr9
contig-0010585	#009E73	chr3
contig-0010586	#737373	chr14
contig-0010587	#5699E9	chr9
contig-0010588	#009E73	chr3
contig-0010589	#5699E9	chr9
contig-0010590	#00B28C	chr17
contig-0010591	#D55E00	chr6
contig-0010592	#D55E00	chr6
contig-0010593	#D55E00	chr6
contig-0010594	#5699E9	chr9
contig-0010595	#00B28C	chr17
contig-0010596	#00B28C	chr17
contig-0010597	#1A7FBA	chr12
contig-0010598	#5699E9	chr9
contig-0010599	#1A7FBA	chr12
contig-0010600	#1A7FBA	chr12
contig-0010601	#CC79A7	chr4
contig-0010602	#666666	chr7
contig-0010603	#666666	chr7
contig-0010604	#666666	chr7
contig-0010605	#666666	chr7
contig-0010606	#666666	chr7
contig-0010607	#E6B847	chr15
contig-0010608	#5699E9	chr9
contig-0010609	#5699E9	chr9
contig-0010610	#5699E9	chr9
contig-0010611	#5699E9	chr9
contig-0010612	#0072B2	chr5
contig-0010613	#0072B2	chr5
contig-0010614	#808080	chr21
contig-0010615	#E69F00	chr1
contig-0010616	#0072B2	chr5
contig-0010617	#0072B2	chr5
contig-0010618	#0072B2	chr5
contig-0010619	#567DE9	chr16
contig-0010620	#567DE9	chr16
contig-0010621	#E6AB23	chr8
contig-0010622	#666666	chr7
contig-0010623	#E69F00	chr1
contig-0010624	#0072B2	chr5
contig-0010625	#1A7FBA	chr12
contig-0010626	#E6B847	chr15
contig-0010627	#E6B847	chr15
contig-0010628	#56B4E9	chr2
contig-0010629	#E6B847	chr15
contig-0010630	#737373	chr14
contig-0010631	#338CC2	chr19
contig-0010632	#009E73	chr3
contig-0010633	#E69F00	chr1
contig-0010634	#56B4E9	chr2
contig-0010635	#E69F00	chr1
contig-0010636	#E69F00	chr1
contig-0010637	#009E73	chr3
contig-0010638	#CC79A7	chr4
contig-0010639	#E6B847	chr15
contig-0010640	#56B4E9	chr2
contig-0010641	#CC79A7	chr4
contig-0010642	#666666	chr7
contig-0010643	#737373	chr14
contig-0010644	#E6C47F	chr22
contig-0010645	#E6C47F	chr22
contig-0010646	#56B4E9	chr2
contig-0010647	#E6C47F	chr22
contig-0010648	#D57533	chr13
contig-0010649	#00B28C	chr17
contig-0010650	#CC79A7	chr4
contig-0010651	#808080	chr21
contig-0010652	#D57533	chr13
contig-0010653	#56B4E9	chr2
contig-0010654	#56B4E9	chr2
contig-0010655	#009E73	chr3
contig-0010656	#D57533	chr13
contig-0010657	#5699E9	chr9
contig-0010658	#5699E9	chr9
contig-0010659	#E69F00	chr1
contig-0010660	#E69F00	chr1
contig-0010661	#E69F00	chr1
contig-0010662	#E69F00	chr1
contig-0010663	#E69F00	chr1
contig-0010664	#E69F00	chr1
contig-0010665	#E69F00	chr1
contig-0010666	#D57533	chr13
contig-0010667	#E6B847	chr15
contig-0010668	#E6B847	chr15
contig-0010669	#009E73	chr3
contig-0010670	#56B4E9	chr2
contig-0010671	#E6B847	chr15
contig-0010672	#E6B847	chr15
contig-0010673	#E6B847	chr15
contig-0010674	#E6B847	chr15
contig-0010675	#737373	chr14
contig-0010676	#5699E9	chr9
contig-0010677	#D57533	chr13
contig-0010678	#00A880	chr10
contig-0010679	#00A880	chr10
contig-0010680	#00A880	chr10
contig-0010681	#009E73	chr3
contig-0010682	#D55E00	chr6
contig-0010683	#E69F00	chr1
contig-0010684	#56B4E9	chr2
contig-0010685	#56B4E9	chr2
contig-0010686	#56B4E9	chr2
contig-0010687	#CC79A7	chr4
contig-0010688	#D57533	chr13
contig-0010689	#808080	chr21
contig-0010690	#808080	chr21
contig-0010691	#737373	chr14
contig-0010692	#CC8DB3	chr11
contig-0010693	#E69F00	chr1
contig-0010694	#E69F00	chr1
contig-0010695	#E69F00	chr1
contig-0010696	#E69F00	chr1
contig-0010697	#56B4E9	chr2
contig-0010698	#D57533	chr13
contig-0010699	#56B4E9	chr2
contig-0010700	#56B4E9	chr2
contig-0010701	#56B4E9	chr2
contig-0010702	#00B28C	chr17
contig-0010703	#737373	chr14
contig-0010704	#D58C66	chr20
contig-0010705	#E69F00	chr1
contig-0010706	#E69F00	chr1
contig-0010707	#E69F00	chr1
contig-0010708	#338CC2	chr19
contig-0010709	#E69F00	chr1
contig-0010710	#E69F00	chr1
contig-0010711	#808080	chr21
contig-0010712	#808080	chr21
contig-0010713	#808080	chr21
contig-0010714	#E6AB23	chr8
contig-0010715	#338CC2	chr19
contig-0010716	#E6AB23	chr8
contig-0010717	#00A880	chr10
contig-0010718	#D55E00	chr6
contig-0010719	#E6AB23	chr8
contig-0010720	#E6AB23	chr8
contig-0010721	#E6AB23	chr8
contig-0010722	#567DE9	chr16
contig-0010723	#E69F00	chr1
contig-0010724	#0072B2	chr5
contig-0010725	#56B4E9	chr2
contig-0010726	#56B4E9	chr2
contig-0010727	#56B4E9	chr2
contig-0010728	#56B4E9	chr2
contig-0010729	#56B4E9	chr2
contig-0010730	#567DE9	chr16
contig-0010731	#567DE9	chr16
contig-0010732	#E69F00	chr1
contig-0010733	#0072B2	chr5
contig-0010734	#5699E9	chr9
contig-0010735	#0072B2	chr5
contig-0010737	#338CC2	chr19
contig-0010738	#E6AB23	chr8
contig-0010739	#E6AB23	chr8
contig-0010740	#E6B847	chr15
contig-0010741	#E6B847	chr15
contig-0010742	#E6B847	chr15
contig-0010743	#00B28C	chr17
contig-0010744	#00B28C	chr17
contig-0010745	#00B28C	chr17
contig-0010746	#00B28C	chr17
contig-0010747	#0072B2	chr5
contig-0010748	#737373	chr14
contig-0010749	#737373	chr14
contig-0010750	#338CC2	chr19
contig-0010751	#338CC2	chr19
contig-0010752	#56B4E9	chr2
contig-0010753	#CC8DB3	chr11
contig-0010754	#737373	chr14
contig-0010755	#338CC2	chr19
contig-0010756	#0072B2	chr5
contig-0010757	#CC8DB3	chr11
contig-0010758	#CC79A7	chr4
contig-0010759	#009E73	chr3
contig-0010760	#1A7FBA	chr12
contig-0010761	#E6AB23	chr8
contig-0010762	#1A7FBA	chr12
contig-0010763	#1A7FBA	chr12
contig-0010764	#1A7FBA	chr12
contig-0010765	#D57533	chr13
contig-0010766	#1A7FBA	chr12
contig-0010767	#009E73	chr3
contig-0010768	#CC8DB3	chr11
contig-0010770	#5699E9	chr9
contig-0010771	#0072B2	chr5
contig-0010772	#56B4E9	chr2
contig-0010773	#D57533	chr13
contig-0010774	#567DE9	chr16
contig-0010775	#567DE9	chr16
contig-0010777	#D55E00	chr6
contig-0010778	#338CC2	chr19
contig-0010779	#737373	chr14
contig-0010780	#737373	chr14
contig-0010781	#737373	chr14
contig-0010782	#009E73	chr3
contig-0010783	#56B4E9	chr2
contig-0010784	#E6AB23	chr8
contig-0010785	#E69F00	chr1
contig-0010786	#009E73	chr3
contig-0010787	#CC8DB3	chr11
contig-0010788	#CC8DB3	chr11
contig-0010789	#CC8DB3	chr11
contig-0010790	#CC8DB3	chr11
contig-0010791	#CC8DB3	chr11
contig-0010792	#737373	chr14
contig-0010793	#5699E9	chr9
contig-0010794	#D55E00	chr6
contig-0010795	#E69F00	chr1
contig-0010796	#D55E00	chr6
contig-0010797	#E6AB23	chr8
contig-0010798	#56B4E9	chr2
contig-0010799	#338CC2	chr19
contig-0010800	#E6B847	chr15
contig-0010801	#E6B847	chr15
contig-0010802	#567DE9	chr16
contig-0010803	#E69F00	chr1
contig-0010804	#E6AB23	chr8
contig-0010805	#00B28C	chr17
contig-0010806	#00B28C	chr17
contig-0010807	#00B28C	chr17
contig-0010808	#00B28C	chr17
contig-0010809	#00B28C	chr17
contig-0010810	#00B28C	chr17
contig-0010811	#E6C47F	chr22
contig-0010812	#E6B847	chr15
contig-0010813	#00B28C	chr17
contig-0010814	#00B28C	chr17
contig-0010815	#00B28C	chr17
contig-0010816	#00B28C	chr17
contig-0010817	#009E73	chr3
contig-0010818	#009E73	chr3
contig-0010819	#338CC2	chr19
contig-0010820	#009E73	chr3
contig-0010821	#666666	chr7
contig-0010822	#5699E9	chr9
contig-0010823	#5699E9	chr9
contig-0010824	#E69F00	chr1
contig-0010825	#E69F00	chr1
contig-0010826	#E69F00	chr1
contig-0010827	#009E73	chr3
contig-0010828	#E6B847	chr15
contig-0010829	#338CC2	chr19
contig-0010830	#567DE9	chr16
contig-0010831	#CC79A7	chr4
contig-0010832	#CC79A7	chr4
contig-0010833	#E69F00	chr1
contig-0010834	#E69F00	chr1
contig-0010835	#E69F00	chr1
contig-0010836	#E69F00	chr1
contig-0010837	#E69F00	chr1
contig-0010838	#CC79A7	chr4
contig-0010839	#E6B847	chr15
contig-0010840	#00A880	chr10
contig-0010841	#00A880	chr10
contig-0010842	#E6B847	chr15
contig-0010843	#CC8DB3	chr11
contig-0010844	#737373	chr14
contig-0010845	#00B28C	chr17
contig-0010846	#D55E00	chr6
contig-0010847	#D55E00	chr6
contig-0010848	#D55E00	chr6
contig-0010849	#00B28C	chr17
contig-0010850	#E6B847	chr15
contig-0010851	#00B28C	chr17
contig-0010852	#00B28C	chr17
contig-0010853	#00B28C	chr17
contig-0010854	#00B28C	chr17
contig-0010855	#00B28C	chr17
contig-0010856	#CC79A7	chr4
contig-0010857	#CC79A7	chr4
contig-0010858	#0072B2	chr5
contig-0010859	#5699E9	chr9
contig-0010860	#56B4E9	chr2
contig-0010861	#E6B847	chr15
contig-0010863	#CC79A7	chr4
contig-0010864	#1A7FBA	chr12
contig-0010865	#1A7FBA	chr12
contig-0010866	#1A7FBA	chr12
contig-0010867	#1A7FBA	chr12
contig-0010868	#1A7FBA	chr12
contig-0010869	#E69F00	chr1
contig-0010870	#E6AB23	chr8
contig-0010871	#E6AB23	chr8
contig-0010872	#E6AB23	chr8
contig-0010873	#E6AB23	chr8
contig-0010874	#E6AB23	chr8
contig-0010875	#E6AB23	chr8
contig-0010876	#E6AB23	chr8
contig-0010877	#E6AB23	chr8
contig-0010878	#E6AB23	chr8
contig-0010879	#E6AB23	chr8
contig-0010880	#00B28C	chr17
contig-0010881	#5699E9	chr9
contig-0010882	#5699E9	chr9
contig-0010883	#5699E9	chr9
contig-0010884	#666666	chr7
contig-0010885	#1A7FBA	chr12
contig-0010886	#00A880	chr10
contig-0010887	#56B4E9	chr2
contig-0010888	#56B4E9	chr2
contig-0010889	#D58C66	chr20
contig-0010890	#56B4E9	chr2
contig-0010891	#56B4E9	chr2
contig-0010892	#56B4E9	chr2
contig-0010893	#56B4E9	chr2
contig-0010894	#56B4E9	chr2
contig-0010895	#D58C66	chr20
contig-0010896	#D58C66	chr20
contig-0010897	#D58C66	chr20
contig-0010898	#D58C66	chr20
contig-0010899	#D58C66	chr20
contig-0010900	#0072B2	chr5
contig-0010901	#666666	chr7
contig-0010902	#666666	chr7
contig-0010903	#E69F00	chr1
contig-0010904	#E69F00	chr1
contig-0010905	#CCA0BF	chr18
contig-0010906	#CCA0BF	chr18
contig-0010907	#CCA0BF	chr18
contig-0010908	#009E73	chr3
contig-0010909	#009E73	chr3
contig-0010910	#009E73	chr3
contig-0010911	#0072B2	chr5
contig-0010912	#0072B2	chr5
contig-0010913	#567DE9	chr16
contig-0010914	#666666	chr7
contig-0010915	#666666	chr7
contig-0010916	#E69F00	chr1
contig-0010917	#E69F00	chr1
contig-0010918	#D58C66	chr20
contig-0010919	#E69F00	chr1
contig-0010920	#5699E9	chr9
contig-0010921	#D57533	chr13
contig-0010922	#D57533	chr13
contig-0010923	#1A7FBA	chr12
contig-0010924	#1A7FBA	chr12
contig-0010925	#1A7FBA	chr12
contig-0010926	#1A7FBA	chr12
contig-0010927	#D58C66	chr20
contig-0010928	#D58C66	chr20
contig-0010929	#D58C66	chr20
contig-0010930	#D58C66	chr20
contig-0010931	#D58C66	chr20
contig-0010932	#5699E9	chr9
contig-0010933	#E6AB23	chr8
contig-0010934	#009E73	chr3
contig-0010935	#009E73	chr3
contig-0010936	#009E73	chr3
contig-0010937	#CC8DB3	chr11
contig-0010938	#CC79A7	chr4
contig-0010939	#E69F00	chr1
contig-0010940	#D55E00	chr6
contig-0010941	#E69F00	chr1
contig-0010942	#CC8DB3	chr11
contig-0010943	#E6AB23	chr8
contig-0010944	#E6AB23	chr8
contig-0010945	#E6AB23	chr8
contig-0010946	#E6AB23	chr8
contig-0010947	#00B28C	chr17
contig-0010948	#E69F00	chr1
contig-0010949	#00B28C	chr17
contig-0010950	#00B28C	chr17
contig-0010951	#00B28C	chr17
contig-0010952	#00A880	chr10
contig-0010953	#E6AB23	chr8
contig-0010954	#D55E00	chr6
contig-0010955	#E6AB23	chr8
contig-0010956	#E6AB23	chr8
contig-0010957	#1A7FBA	chr12
contig-0010958	#CCA0BF	chr18
contig-0010959	#E69F00	chr1
contig-0010960	#E69F00	chr1
contig-0010961	#E6AB23	chr8
contig-0010962	#CC79A7	chr4
contig-0010963	#E6AB23	chr8
contig-0010964	#E6AB23	chr8
contig-0010965	#E6AB23	chr8
contig-0010966	#D57533	chr13
contig-0010967	#D55E00	chr6
contig-0010968	#D55E00	chr6
contig-0010969	#56B4E9	chr2
contig-0010970	#E69F00	chr1
contig-0010971	#E6B847	chr15
contig-0010972	#E6B847	chr15
contig-0010973	#E6B847	chr15
contig-0010974	#E6B847	chr15
contig-0010975	#E6B847	chr15
contig-0010976	#E69F00	chr1
contig-0010977	#666666	chr7
contig-0010978	#666666	chr7
contig-0010979	#CC79A7	chr4
contig-0010980	#E69F00	chr1
contig-0010981	#CC79A7	chr4
contig-0010982	#009E73	chr3
contig-0010983	#D57533	chr13
contig-0010984	#009E73	chr3
contig-0010985	#E69F00	chr1
contig-0010986	#E69F00	chr1
contig-0010987	#E69F00	chr1
contig-0010988	#D58C66	chr20
contig-0010989	#E69F00	chr1
contig-0010990	#D57533	chr13
contig-0010991	#E69F00	chr1
contig-0010992	#CCA0BF	chr18
contig-0010993	#CCA0BF	chr18
contig-0010994	#CCA0BF	chr18
contig-0010995	#CCA0BF	chr18
contig-0010996	#56B4E9	chr2
contig-0010997	#0072B2	chr5
contig-0010999	#D55E00	chr6
contig-0011000	#D55E00	chr6
contig-0011001	#E69F00	chr1
contig-0011002	#D55E00	chr6
contig-0011003	#D55E00	chr6
contig-0011004	#D55E00	chr6
contig-0011005	#D55E00	chr6
contig-0011006	#CCA0BF	chr18
contig-0011007	#666666	chr7
contig-0011008	#666666	chr7
contig-0011009	#666666	chr7
contig-0011010	#666666	chr7
contig-0011011	#E6B847	chr15
contig-0011012	#E6B847	chr15
contig-0011013	#737373	chr14
contig-0011014	#00A880	chr10
contig-0011015	#338CC2	chr19
contig-0011016	#338CC2	chr19
contig-0011017	#338CC2	chr19
contig-0011018	#666666	chr7
contig-0011019	#009E73	chr3
contig-0011020	#56B4E9	chr2
contig-0011021	#D55E00	chr6
contig-0011022	#666666	chr7
contig-0011023	#E6AB23	chr8
contig-0011024	#E69F00	chr1
contig-0011025	#E69F00	chr1
contig-0011026	#E69F00	chr1
contig-0011027	#666666	chr7
contig-0011028	#D55E00	chr6
contig-0011029	#D55E00	chr6
contig-0011030	#009E73	chr3
contig-0011031	#009E73	chr3
contig-0011032	#5699E9	chr9
contig-0011033	#5699E9	chr9
contig-0011034	#CCA0BF	chr18
contig-0011035	#CC79A7	chr4
contig-0011036	#CC79A7	chr4
contig-0011037	#666666	chr7
contig-0011038	#E6C47F	chr22
contig-0011039	#E6C47F	chr22
contig-0011040	#E6C47F	chr22
contig-0011041	#E6C47F	chr22
contig-0011042	#E6C47F	chr22
contig-0011043	#E6C47F	chr22
contig-0011044	#00B28C	chr17
contig-0011045	#CC79A7	chr4
contig-0011046	#D55E00	chr6
contig-0011047	#D55E00	chr6
contig-0011048	#666666	chr7
contig-0011049	#808080	chr21
contig-0011050	#808080	chr21
contig-0011051	#808080	chr21
contig-0011052	#56B4E9	chr2
contig-0011053	#56B4E9	chr2
contig-0011054	#808080	chr21
contig-0011055	#808080	chr21
contig-0011056	#E6B847	chr15
contig-0011057	#E6B847	chr15
contig-0011058	#009E73	chr3
contig-0011059	#338CC2	chr19
contig-0011060	#1A7FBA	chr12
contig-0011061	#E6B847	chr15
contig-0011062	#E6B847	chr15
contig-0011063	#00A880	chr10
contig-0011064	#E69F00	chr1
contig-0011065	#D57533	chr13
contig-0011066	#CC8DB3	chr11
contig-0011067	#CC8DB3	chr11
contig-0011068	#CC8DB3	chr11
contig-0011069	#009E73	chr3
contig-0011070	#CC8DB3	chr11
contig-0011071	#CC8DB3	chr11
contig-0011072	#56B4E9	chr2
contig-0011073	#56B4E9	chr2
contig-0011074	#56B4E9	chr2
contig-0011075	#56B4E9	chr2
contig-0011076	#56B4E9	chr2
contig-0011077	#D57533	chr13
contig-0011078	#D57533	chr13
contig-0011079	#D57533	chr13
contig-0011080	#009E73	chr3
contig-0011081	#567DE9	chr16
contig-0011082	#D57533	chr13
contig-0011083	#E6C47F	chr22
contig-0011084	#009E73	chr3
contig-0011085	#E6B847	chr15
contig-0011086	#00A880	chr10
contig-0011087	#00A880	chr10
contig-0011088	#00A880	chr10
contig-0011089	#009E73	chr3
contig-0011090	#E69F00	chr1
contig-0011091	#CC79A7	chr4
contig-0011092	#666666	chr7
contig-0011093	#D57533	chr13
contig-0011094	#E6B847	chr15
contig-0011095	#E6C47F	chr22
contig-0011096	#E6C47F	chr22
contig-0011097	#666666	chr7
contig-0011098	#567DE9	chr16
contig-0011099	#567DE9	chr16
contig-0011100	#009E73	chr3
contig-0011101	#567DE9	chr16
contig-0011102	#567DE9	chr16
contig-0011103	#D58C66	chr20
contig-0011104	#338CC2	chr19
contig-0011105	#338CC2	chr19
contig-0011106	#5699E9	chr9
contig-0011107	#E6AB23	chr8
contig-0011108	#D57533	chr13
contig-0011109	#D57533	chr13
contig-0011111	#D55E00	chr6
contig-0011112	#D58C66	chr20
contig-0011113	#D58C66	chr20
contig-0011114	#0072B2	chr5
contig-0011115	#0072B2	chr5
contig-0011116	#0072B2	chr5
contig-0011117	#0072B2	chr5
contig-0011118	#0072B2	chr5
contig-0011119	#0072B2	chr5
contig-0011120	#5699E9	chr9
contig-0011121	#00A880	chr10
contig-0011122	#D55E00	chr6
contig-0011123	#737373	chr14
contig-0011124	#E6C47F	chr22
contig-0011125	#338CC2	chr19
contig-0011126	#338CC2	chr19
contig-0011127	#338CC2	chr19
contig-0011128	#CC79A7	chr4
contig-0011129	#00B28C	chr17
contig-0011130	#CC8DB3	chr11
contig-0011131	#808080	chr21
contig-0011132	#0072B2	chr5
contig-0011133	#D55E00	chr6
contig-0011134	#00A880	chr10
contig-0011135	#CCA0BF	chr18
contig-0011136	#00B28C	chr17
contig-0011137	#E69F00	chr1
contig-0011138	#E69F00	chr1
contig-0011139	#E69F00	chr1
contig-0011140	#D57533	chr13
contig-0011141	#CCA0BF	chr18
contig-0011142	#CC79A7	chr4
contig-0011143	#D55E00	chr6
contig-0011144	#5699E9	chr9
contig-0011145	#5699E9	chr9
contig-0011146	#CC8DB3	chr11
contig-0011147	#CC8DB3	chr11
contig-0011148	#CC8DB3	chr11
contig-0011149	#CC8DB3	chr11
contig-0011150	#D55E00	chr6
contig-0011151	#1A7FBA	chr12
contig-0011152	#1A7FBA	chr12
contig-0011153	#E6AB23	chr8
contig-0011154	#D55E00	chr6
contig-0011155	#338CC2	chr19
contig-0011156	#338CC2	chr19
contig-0011157	#338CC2	chr19
contig-0011158	#E69F00	chr1
contig-0011159	#E69F00	chr1
contig-0011160	#009E73	chr3
contig-0011161	#338CC2	chr19
contig-0011162	#E6AB23	chr8
contig-0011163	#56B4E9	chr2
contig-0011164	#D55E00	chr6
contig-0011165	#E6B847	chr15
contig-0011166	#E6B847	chr15
contig-0011167	#0072B2	chr5
contig-0011168	#D55E00	chr6
contig-0011169	#D55E00	chr6
contig-0011170	#D55E00	chr6
contig-0011171	#009E73	chr3
contig-0011172	#009E73	chr3
contig-0011173	#009E73	chr3
contig-0011174	#CC79A7	chr4
contig-0011175	#00A880	chr10
contig-0011176	#CC79A7	chr4
contig-0011177	#CC79A7	chr4
contig-0011178	#CC79A7	chr4
contig-0011179	#00A880	chr10
contig-0011180	#338CC2	chr19
contig-0011181	#808080	chr21
contig-0011182	#D55E00	chr6
contig-0011184	#E69F00	chr1
contig-0011185	#00A880	chr10
contig-0011186	#D55E00	chr6
contig-0011187	#CC8DB3	chr11
contig-0011188	#CC8DB3	chr11
contig-0011189	#CC8DB3	chr11
contig-0011190	#1A7FBA	chr12
contig-0011191	#666666	chr7
contig-0011192	#00A880	chr10
contig-0011193	#666666	chr7
contig-0011194	#666666	chr7
contig-0011195	#E6B847	chr15
contig-0011196	#00B28C	chr17
contig-0011197	#1A7FBA	chr12
contig-0011198	#737373	chr14
contig-0011199	#1A7FBA	chr12
contig-0011200	#D55E00	chr6
contig-0011201	#737373	chr14
contig-0011202	#737373	chr14
contig-0011203	#00A880	chr10
contig-0011204	#E69F00	chr1
contig-0011205	#666666	chr7
contig-0011206	#666666	chr7
contig-0011207	#8C564B	chrY
contig-0011208	#5699E9	chr9
contig-0011209	#E69F00	chr1
contig-0011210	#CC79A7	chr4
contig-0011211	#CC79A7	chr4
contig-0011212	#CC79A7	chr4
contig-0011213	#00A880	chr10
contig-0011214	#1A7FBA	chr12
contig-0011215	#CC79A7	chr4
contig-0011216	#CC79A7	chr4
contig-0011217	#CCA0BF	chr18
contig-0011218	#0072B2	chr5
contig-0011219	#0072B2	chr5
contig-0011220	#0072B2	chr5
contig-0011221	#0072B2	chr5
contig-0011222	#0072B2	chr5
contig-0011223	#567DE9	chr16
contig-0011224	#D58C66	chr20
contig-0011225	#00A880	chr10
contig-0011226	#00A880	chr10
contig-0011227	#00A880	chr10
contig-0011228	#E69F00	chr1
contig-0011229	#CC8DB3	chr11
contig-0011230	#CC8DB3	chr11
contig-0011231	#CC8DB3	chr11
contig-0011232	#CC8DB3	chr11
contig-0011233	#D55E00	chr6
contig-0011234	#1A7FBA	chr12
contig-0011235	#E69F00	chr1
contig-0011236	#666666	chr7
contig-0011237	#56B4E9	chr2
contig-0011238	#CC8DB3	chr11
contig-0011239	#9467BD	chrX
contig-0011240	#9467BD	chrX
contig-0011241	#9467BD	chrX
contig-0011242	#9467BD	chrX
contig-0011243	#CC79A7	chr4
contig-0011244	#567DE9	chr16
contig-0011245	#E6B847	chr15
contig-0011246	#E6B847	chr15
contig-0011247	#D55E00	chr6
contig-0011248	#D55E00	chr6
contig-0011249	#D55E00	chr6
contig-0011250	#E6B847	chr15
contig-0011251	#E6B847	chr15
contig-0011254	#666666	chr7
contig-0011255	#567DE9	chr16
contig-0011256	#666666	chr7
contig-0011257	#D55E00	chr6
contig-0011258	#E69F00	chr1
contig-0011259	#808080	chr21
contig-0011260	#56B4E9	chr2
contig-0011261	#56B4E9	chr2
contig-0011262	#338CC2	chr19
contig-0011263	#CC8DB3	chr11
contig-0011264	#56B4E9	chr2
contig-0011265	#567DE9	chr16
contig-0011266	#56B4E9	chr2
contig-0011267	#00B28C	chr17
contig-0011268	#00B28C	chr17
contig-0011269	#00B28C	chr17
contig-0011270	#00B28C	chr17
contig-0011271	#E69F00	chr1
contig-0011272	#E69F00	chr1
contig-0011273	#00A880	chr10
contig-0011274	#00A880	chr10
contig-0011275	#CC79A7	chr4
contig-0011276	#567DE9	chr16
contig-0011277	#D55E00	chr6
contig-0011278	#56B4E9	chr2
contig-0011279	#E6C47F	chr22
contig-0011280	#5699E9	chr9
contig-0011281	#CC79A7	chr4
contig-0011282	#0072B2	chr5
contig-0011283	#56B4E9	chr2
contig-0011284	#E6C47F	chr22
contig-0011285	#009E73	chr3
contig-0011286	#E6C47F	chr22
contig-0011287	#E69F00	chr1
contig-0011288	#E69F00	chr1
contig-0011289	#E69F00	chr1
contig-0011290	#E69F00	chr1
contig-0011291	#D55E00	chr6
contig-0011292	#808080	chr21
contig-0011293	#009E73	chr3
contig-0011294	#808080	chr21
contig-0011295	#E6AB23	chr8
contig-0011296	#56B4E9	chr2
contig-0011297	#CC79A7	chr4
contig-0011298	#E6AB23	chr8
contig-0011299	#5699E9	chr9
contig-0011300	#CC79A7	chr4
contig-0011301	#1A7FBA	chr12
contig-0011302	#338CC2	chr19
contig-0011303	#009E73	chr3
contig-0011304	#338CC2	chr19
contig-0011305	#D55E00	chr6
contig-0011306	#56B4E9	chr2
contig-0011307	#E6B847	chr15
contig-0011308	#E6B847	chr15
contig-0011309	#8C564B	chrY
contig-0011310	#CC79A7	chr4
contig-0011311	#00B28C	chr17
contig-0011312	#009E73	chr3
contig-0011313	#D55E00	chr6
contig-0011314	#666666	chr7
contig-0011315	#666666	chr7
contig-0011316	#666666	chr7
contig-0011317	#666666	chr7
contig-0011318	#CC8DB3	chr11
contig-0011319	#666666	chr7
contig-0011320	#CC8DB3	chr11
contig-0011321	#CCA0BF	chr18
contig-0011322	#009E73	chr3
contig-0011323	#CCA0BF	chr18
contig-0011324	#CCA0BF	chr18
contig-0011325	#E6AB23	chr8
contig-0011326	#D57533	chr13
contig-0011327	#E6C47F	chr22
contig-0011328	#9467BD	chrX
contig-0011329	#9467BD	chrX
contig-0011330	#009E73	chr3
contig-0011331	#9467BD	chrX
contig-0011332	#9467BD	chrX
contig-0011333	#9467BD	chrX
contig-0011334	#9467BD	chrX
contig-0011335	#9467BD	chrX
contig-0011336	#00A880	chr10
contig-0011337	#00A880	chr10
contig-0011338	#808080	chr21
contig-0011339	#808080	chr21
contig-0011340	#009E73	chr3
contig-0011341	#009E73	chr3
contig-0011342	#D57533	chr13
contig-0011343	#CC79A7	chr4
contig-0011344	#00B28C	chr17
contig-0011345	#E6B847	chr15
contig-0011346	#0072B2	chr5
contig-0011347	#0072B2	chr5
contig-0011348	#0072B2	chr5
contig-0011349	#808080	chr21
contig-0011350	#00B28C	chr17
contig-0011351	#E69F00	chr1
contig-0011352	#56B4E9	chr2
contig-0011353	#56B4E9	chr2
contig-0011354	#009E73	chr3
contig-0011355	#009E73	chr3
contig-0011356	#009E73	chr3
contig-0011357	#CC79A7	chr4
contig-0011358	#CC8DB3	chr11
contig-0011359	#00B28C	chr17
contig-0011360	#CC79A7	chr4
contig-0011361	#1A7FBA	chr12
contig-0011362	#0072B2	chr5
contig-0011363	#1A7FBA	chr12
contig-0011364	#1A7FBA	chr12
contig-0011365	#1A7FBA	chr12
contig-0011366	#737373	chr14
contig-0011367	#737373	chr14
contig-0011368	#CCA0BF	chr18
contig-0011369	#E6B847	chr15
contig-0011370	#00B28C	chr17
contig-0011371	#E6B847	chr15
contig-0011372	#E6B847	chr15
contig-0011373	#E6AB23	chr8
contig-0011374	#E6AB23	chr8
contig-0011375	#E6AB23	chr8
contig-0011376	#E6AB23	chr8
contig-0011377	#E6AB23	chr8
contig-0011378	#E69F00	chr1
contig-0011379	#00B28C	chr17
contig-0011380	#E6AB23	chr8
contig-0011381	#00B28C	chr17
contig-0011382	#CC8DB3	chr11
contig-0011383	#E6C47F	chr22
contig-0011384	#CC79A7	chr4
contig-0011385	#D55E00	chr6
contig-0011386	#E69F00	chr1
contig-0011387	#E69F00	chr1
contig-0011388	#808080	chr21
contig-0011389	#808080	chr21
contig-0011390	#808080	chr21
contig-0011391	#E6B847	chr15
contig-0011392	#00B28C	chr17
contig-0011394	#5699E9	chr9
contig-0011395	#5699E9	chr9
contig-0011396	#5699E9	chr9
contig-0011397	#009E73	chr3
contig-0011398	#567DE9	chr16
contig-0011399	#56B4E9	chr2
contig-0011400	#0072B2	chr5
contig-0011401	#00B28C	chr17
contig-0011402	#00B28C	chr17
contig-0011403	#E69F00	chr1
contig-0011404	#00B28C	chr17
contig-0011405	#00B28C	chr17
contig-0011406	#009E73	chr3
contig-0011407	#009E73	chr3
contig-0011408	#56B4E9	chr2
contig-0011409	#56B4E9	chr2
contig-0011410	#56B4E9	chr2
contig-0011411	#56B4E9	chr2
contig-0011412	#CC79A7	chr4
contig-0011413	#D55E00	chr6
contig-0011414	#E69F00	chr1
contig-0011416	#737373	chr14
contig-0011417	#737373	chr14
contig-0011418	#737373	chr14
contig-0011419	#808080	chr21
contig-0011420	#D57533	chr13
contig-0011421	#D57533	chr13
contig-0011422	#D57533	chr13
contig-0011423	#D57533	chr13
contig-0011424	#D57533	chr13
contig-0011425	#E69F00	chr1
contig-0011426	#666666	chr7
contig-0011427	#56B4E9	chr2
contig-0011428	#D57533	chr13
contig-0011429	#737373	chr14
contig-0011430	#CCA0BF	chr18
contig-0011431	#CCA0BF	chr18
contig-0011432	#CCA0BF	chr18
contig-0011433	#CCA0BF	chr18
contig-0011434	#E69F00	chr1
contig-0011435	#E69F00	chr1
contig-0011436	#009E73	chr3
contig-0011437	#1A7FBA	chr12
contig-0011438	#1A7FBA	chr12
contig-0011439	#1A7FBA	chr12
contig-0011440	#808080	chr21
contig-0011441	#D55E00	chr6
contig-0011442	#E6AB23	chr8
contig-0011443	#009E73	chr3
contig-0011444	#E69F00	chr1
contig-0011446	#E6C47F	chr22
contig-0011447	#E6C47F	chr22
contig-0011448	#E6C47F	chr22
contig-0011449	#009E73	chr3
contig-0011450	#009E73	chr3
contig-0011451	#D55E00	chr6
contig-0011452	#D55E00	chr6
contig-0011453	#009E73	chr3
contig-0011454	#D55E00	chr6
contig-0011455	#D55E00	chr6
contig-0011456	#D55E00	chr6
contig-0011457	#56B4E9	chr2
contig-0011458	#56B4E9	chr2
contig-0011459	#56B4E9	chr2
contig-0011460	#56B4E9	chr2
contig-0011461	#56B4E9	chr2
contig-0011462	#0072B2	chr5
contig-0011463	#0072B2	chr5
contig-0011464	#009E73	chr3
contig-0011465	#0072B2	chr5
contig-0011466	#0072B2	chr5
contig-0011467	#0072B2	chr5
contig-0011468	#9467BD	chrX
contig-0011469	#009E73	chr3
contig-0011470	#009E73	chr3
contig-0011471	#009E73	chr3
contig-0011472	#009E73	chr3
contig-0011473	#009E73	chr3
contig-0011474	#009E73	chr3
contig-0011475	#009E73	chr3
contig-0011476	#009E73	chr3
contig-0011477	#009E73	chr3
contig-0011478	#338CC2	chr19
contig-0011479	#338CC2	chr19
contig-0011480	#338CC2	chr19
contig-0011481	#338CC2	chr19
contig-0011482	#CC8DB3	chr11
contig-0011483	#338CC2	chr19
contig-0011484	#CC8DB3	chr11
contig-0011485	#CC8DB3	chr11
contig-0011486	#CC8DB3	chr11
contig-0011487	#D55E00	chr6
contig-0011488	#D55E00	chr6
contig-0011489	#D55E00	chr6
contig-0011490	#D55E00	chr6
contig-0011491	#D55E00	chr6
contig-0011492	#56B4E9	chr2
contig-0011493	#338CC2	chr19
contig-0011494	#56B4E9	chr2
contig-0011495	#56B4E9	chr2
contig-0011496	#56B4E9	chr2
contig-0011497	#56B4E9	chr2
contig-0011498	#56B4E9	chr2
contig-0011499	#56B4E9	chr2
contig-0011500	#D57533	chr13
contig-0011501	#D57533	chr13
contig-0011502	#D57533	chr13
contig-0011503	#D57533	chr13
contig-0011504	#338CC2	chr19
contig-0011505	#D57533	chr13
contig-0011506	#D57533	chr13
contig-0011507	#D57533	chr13
contig-0011508	#D57533	chr13
contig-0011509	#D57533	chr13
contig-0011510	#009E73	chr3
contig-0011511	#009E73	chr3
contig-0011512	#009E73	chr3
contig-0011513	#338CC2	chr19
contig-0011514	#009E73	chr3
contig-0011515	#009E73	chr3
contig-0011516	#CC8DB3	chr11
contig-0011517	#CC8DB3	chr11
contig-0011518	#0072B2	chr5
contig-0011519	#0072B2	chr5
contig-0011520	#0072B2	chr5
contig-0011521	#0072B2	chr5
contig-0011522	#0072B2	chr5
contig-0011523	#338CC2	chr19
contig-0011524	#00A880	chr10
contig-0011525	#00A880	chr10
contig-0011526	#00A880	chr10
contig-0011527	#00A880	chr10
contig-0011528	#00A880	chr10
contig-0011529	#808080	chr21
contig-0011530	#808080	chr21
contig-0011531	#D57533	chr13
contig-0011532	#0072B2	chr5
contig-0011533	#338CC2	chr19
contig-0011534	#E69F00	chr1
contig-0011535	#E69F00	chr1
contig-0011536	#E69F00	chr1
contig-0011537	#5699E9	chr9
contig-0011538	#5699E9	chr9
contig-0011539	#5699E9	chr9
contig-0011540	#5699E9	chr9
contig-0011541	#5699E9	chr9
contig-0011542	#D55E00	chr6
contig-0011543	#338CC2	chr19
contig-0011544	#D55E00	chr6
contig-0011545	#D55E00	chr6
contig-0011546	#D55E00	chr6
contig-0011547	#D55E00	chr6
contig-0011548	#009E73	chr3
contig-0011549	#009E73	chr3
contig-0011550	#009E73	chr3
contig-0011551	#009E73	chr3
contig-0011552	#009E73	chr3
contig-0011553	#5699E9	chr9
contig-0011554	#338CC2	chr19
contig-0011555	#5699E9	chr9
contig-0011556	#5699E9	chr9
contig-0011557	#5699E9	chr9
contig-0011558	#5699E9	chr9
contig-0011559	#5699E9	chr9
contig-0011560	#5699E9	chr9
contig-0011561	#5699E9	chr9
contig-0011562	#5699E9	chr9
contig-0011563	#5699E9	chr9
contig-0011564	#E69F00	chr1
contig-0011565	#338CC2	chr19
contig-0011566	#E69F00	chr1
contig-0011567	#E69F00	chr1
contig-0011568	#E69F00	chr1
contig-0011569	#E69F00	chr1
contig-0011571	#00B28C	chr17
contig-0011572	#00B28C	chr17
contig-0011573	#00B28C	chr17
contig-0011574	#00B28C	chr17
contig-0011575	#338CC2	chr19
contig-0011576	#E69F00	chr1
contig-0011577	#E69F00	chr1
contig-0011578	#E69F00	chr1
contig-0011579	#CCA0BF	chr18
contig-0011580	#CCA0BF	chr18
contig-0011581	#CCA0BF	chr18
contig-0011582	#56B4E9	chr2
contig-0011583	#56B4E9	chr2
contig-0011584	#56B4E9	chr2
contig-0011585	#338CC2	chr19
contig-0011586	#56B4E9	chr2
contig-0011587	#56B4E9	chr2
contig-0011588	#56B4E9	chr2
contig-0011589	#56B4E9	chr2
contig-0011590	#D55E00	chr6
contig-0011591	#D55E00	chr6
contig-0011592	#D55E00	chr6
contig-0011593	#338CC2	chr19
contig-0011594	#CC79A7	chr4
contig-0011595	#CC79A7	chr4
contig-0011596	#CC79A7	chr4
contig-0011597	#CC79A7	chr4
contig-0011598	#CC79A7	chr4
contig-0011599	#CC79A7	chr4
contig-0011600	#CC79A7	chr4
contig-0011601	#D55E00	chr6
contig-0011602	#D55E00	chr6
contig-0011603	#E6AB23	chr8
contig-0011604	#808080	chr21
contig-0011605	#E6AB23	chr8
contig-0011606	#E6AB23	chr8
contig-0011607	#E6AB23	chr8
contig-0011608	#E6B847	chr15
contig-0011609	#E6B847	chr15
contig-0011610	#E6B847	chr15
contig-0011611	#E6B847	chr15
contig-0011612	#E6B847	chr15
contig-0011613	#E6B847	chr15
contig-0011614	#E6B847	chr15
contig-0011615	#808080	chr21
contig-0011616	#00B28C	chr17
contig-0011617	#00B28C	chr17
contig-0011618	#00B28C	chr17
contig-0011619	#00B28C	chr17
contig-0011620	#00B28C	chr17
contig-0011621	#CC8DB3	chr11
contig-0011622	#CC8DB3	chr11
contig-0011623	#CC8DB3	chr11
contig-0011624	#CC8DB3	chr11
contig-0011625	#CC8DB3	chr11
contig-0011626	#808080	chr21
contig-0011627	#D58C66	chr20
contig-0011628	#D58C66	chr20
contig-0011629	#D58C66	chr20
contig-0011630	#D58C66	chr20
contig-0011631	#00A880	chr10
contig-0011632	#00A880	chr10
contig-0011633	#00A880	chr10
contig-0011634	#00A880	chr10
contig-0011635	#00A880	chr10
contig-0011636	#56B4E9	chr2
contig-0011637	#808080	chr21
contig-0011638	#56B4E9	chr2
contig-0011639	#56B4E9	chr2
contig-0011640	#56B4E9	chr2
contig-0011641	#E69F00	chr1
contig-0011642	#E69F00	chr1
contig-0011643	#E69F00	chr1
contig-0011644	#E69F00	chr1
contig-0011645	#E69F00	chr1
contig-0011646	#00A880	chr10
contig-0011647	#00A880	chr10
contig-0011648	#808080	chr21
contig-0011649	#338CC2	chr19
contig-0011650	#338CC2	chr19
contig-0011651	#338CC2	chr19
contig-0011652	#338CC2	chr19
contig-0011653	#338CC2	chr19
contig-0011654	#338CC2	chr19
contig-0011655	#338CC2	chr19
contig-0011656	#CC79A7	chr4
contig-0011657	#CC79A7	chr4
contig-0011658	#CC79A7	chr4
contig-0011659	#E69F00	chr1
contig-0011660	#CC79A7	chr4
contig-0011661	#CC79A7	chr4
contig-0011662	#E6AB23	chr8
contig-0011663	#E6AB23	chr8
contig-0011664	#E6AB23	chr8
contig-0011665	#E6AB23	chr8
contig-0011666	#E6AB23	chr8
contig-0011667	#E69F00	chr1
contig-0011668	#E69F00	chr1
contig-0011669	#E69F00	chr1
contig-0011670	#E69F00	chr1
contig-0011671	#567DE9	chr16
contig-0011672	#D57533	chr13
contig-0011673	#D57533	chr13
contig-0011674	#D57533	chr13
contig-0011675	#D57533	chr13
contig-0011676	#D57533	chr13
contig-0011677	#E69F00	chr1
contig-0011678	#338CC2	chr19
contig-0011679	#338CC2	chr19
contig-0011680	#338CC2	chr19
contig-0011681	#00A880	chr10
contig-0011682	#666666	chr7
contig-0011683	#666666	chr7
contig-0011684	#E69F00	chr1
contig-0011685	#338CC2	chr19
contig-0011686	#338CC2	chr19
contig-0011687	#338CC2	chr19
contig-0011688	#338CC2	chr19
contig-0011689	#338CC2	chr19
contig-0011690	#009E73	chr3
contig-0011691	#009E73	chr3
contig-0011692	#E69F00	chr1
contig-0011693	#009E73	chr3
contig-0011694	#009E73	chr3
contig-0011695	#00B28C	chr17
contig-0011696	#00B28C	chr17
contig-0011697	#00B28C	chr17
contig-0011698	#00B28C	chr17
contig-0011699	#00B28C	chr17
contig-0011700	#666666	chr7
contig-0011701	#666666	chr7
contig-0011702	#666666	chr7
contig-0011703	#E69F00	chr1
contig-0011704	#666666	chr7
contig-0011705	#00A880	chr10
contig-0011706	#00A880	chr10
contig-0011707	#00A880	chr10
contig-0011708	#00A880	chr10
contig-0011709	#00A880	chr10
contig-0011710	#00A880	chr10
contig-0011711	#00A880	chr10
contig-0011712	#737373	chr14
contig-0011713	#00A880	chr10
contig-0011714	#CC79A7	chr4
contig-0011715	#CC79A7	chr4
contig-0011716	#CC79A7	chr4
contig-0011717	#CC79A7	chr4
contig-0011718	#0072B2	chr5
contig-0011719	#0072B2	chr5
contig-0011720	#0072B2	chr5
contig-0011721	#0072B2	chr5
contig-0011722	#D57533	chr13
contig-0011723	#D55E00	chr6
contig-0011724	#D55E00	chr6
contig-0011725	#D55E00	chr6
contig-0011726	#D55E00	chr6
contig-0011727	#D55E00	chr6
contig-0011728	#0072B2	chr5
contig-0011729	#1A7FBA	chr12
contig-0011730	#1A7FBA	chr12
contig-0011731	#1A7FBA	chr12
contig-0011732	#D57533	chr13
contig-0011733	#D57533	chr13
contig-0011734	#E69F00	chr1
contig-0011735	#E69F00	chr1
contig-0011736	#E69F00	chr1
contig-0011737	#E69F00	chr1
contig-0011738	#E69F00	chr1
contig-0011739	#E69F00	chr1
contig-0011740	#E69F00	chr1
contig-0011741	#E69F00	chr1
contig-0011742	#E69F00	chr1
contig-0011743	#CC8DB3	chr11
contig-0011744	#E6AB23	chr8
contig-0011745	#D55E00	chr6
contig-0011746	#CC8DB3	chr11
contig-0011747	#CC8DB3	chr11
contig-0011748	#56B4E9	chr2
contig-0011749	#56B4E9	chr2
contig-0011750	#56B4E9	chr2
contig-0011751	#56B4E9	chr2
contig-0011752	#56B4E9	chr2
contig-0011753	#56B4E9	chr2
contig-0011754	#56B4E9	chr2
contig-0011755	#E69F00	chr1
contig-0011756	#D55E00	chr6
contig-0011757	#E69F00	chr1
contig-0011758	#E69F00	chr1
contig-0011759	#E69F00	chr1
contig-0011760	#CC8DB3	chr11
contig-0011761	#CC8DB3	chr11
contig-0011762	#CC8DB3	chr11
contig-0011764	#737373	chr14
contig-0011765	#737373	chr14
contig-0011766	#D55E00	chr6
contig-0011767	#737373	chr14
contig-0011768	#737373	chr14
contig-0011769	#737373	chr14
contig-0011770	#D57533	chr13
contig-0011771	#D57533	chr13
contig-0011772	#D55E00	chr6
contig-0011773	#5699E9	chr9
contig-0011774	#5699E9	chr9
contig-0011775	#5699E9	chr9
contig-0011776	#D55E00	chr6
contig-0011777	#5699E9	chr9
contig-0011778	#5699E9	chr9
contig-0011779	#E69F00	chr1
contig-0011780	#E69F00	chr1
contig-0011781	#E69F00	chr1
contig-0011782	#E69F00	chr1
contig-0011783	#E69F00	chr1
contig-0011784	#E69F00	chr1
contig-0011785	#E69F00	chr1
contig-0011786	#E69F00	chr1
contig-0011787	#D55E00	chr6
contig-0011788	#E69F00	chr1
contig-0011789	#E69F00	chr1
contig-0011790	#1A7FBA	chr12
contig-0011791	#1A7FBA	chr12
contig-0011792	#1A7FBA	chr12
contig-0011793	#1A7FBA	chr12
contig-0011794	#1A7FBA	chr12
contig-0011795	#737373	chr14
contig-0011796	#737373	chr14
contig-0011797	#737373	chr14
contig-0011798	#E69F00	chr1
contig-0011799	#737373	chr14
contig-0011800	#737373	chr14
contig-0011801	#737373	chr14
contig-0011802	#D58C66	chr20
contig-0011803	#D58C66	chr20
contig-0011804	#D58C66	chr20
contig-0011805	#D58C66	chr20
contig-0011806	#D58C66	chr20
contig-0011807	#737373	chr14
contig-0011808	#737373	chr14
contig-0011809	#E69F00	chr1
contig-0011810	#5699E9	chr9
contig-0011811	#5699E9	chr9
contig-0011812	#CC8DB3	chr11
contig-0011813	#CC8DB3	chr11
contig-0011814	#CC8DB3	chr11
contig-0011815	#CC8DB3	chr11
contig-0011816	#E69F00	chr1
contig-0011817	#737373	chr14
contig-0011818	#737373	chr14
contig-0011819	#737373	chr14
contig-0011820	#737373	chr14
contig-0011821	#737373	chr14
contig-0011822	#737373	chr14
contig-0011823	#737373	chr14
contig-0011824	#E6B847	chr15
contig-0011825	#E6B847	chr15
contig-0011826	#E6B847	chr15
contig-0011827	#E69F00	chr1
contig-0011828	#CC79A7	chr4
contig-0011829	#CC79A7	chr4
contig-0011830	#CC79A7	chr4
contig-0011831	#CC79A7	chr4
contig-0011832	#CC79A7	chr4
contig-0011833	#737373	chr14
contig-0011834	#737373	chr14
contig-0011835	#737373	chr14
contig-0011836	#E69F00	chr1
contig-0011837	#56B4E9	chr2
contig-0011838	#56B4E9	chr2
contig-0011839	#56B4E9	chr2
contig-0011840	#56B4E9	chr2
contig-0011841	#56B4E9	chr2
contig-0011842	#0072B2	chr5
contig-0011843	#0072B2	chr5
contig-0011844	#0072B2	chr5
contig-0011845	#E6AB23	chr8
contig-0011846	#D58C66	chr20
contig-0011848	#1A7FBA	chr12
contig-0011849	#1A7FBA	chr12
contig-0011850	#1A7FBA	chr12
contig-0011851	#1A7FBA	chr12
contig-0011852	#1A7FBA	chr12
contig-0011853	#009E73	chr3
contig-0011854	#009E73	chr3
contig-0011855	#009E73	chr3
contig-0011856	#009E73	chr3
contig-0011857	#D58C66	chr20
contig-0011858	#009E73	chr3
contig-0011859	#0072B2	chr5
contig-0011860	#0072B2	chr5
contig-0011861	#0072B2	chr5
contig-0011862	#0072B2	chr5
contig-0011863	#0072B2	chr5
contig-0011864	#D55E00	chr6
contig-0011865	#D55E00	chr6
contig-0011866	#D55E00	chr6
contig-0011867	#D58C66	chr20
contig-0011868	#D55E00	chr6
contig-0011869	#E69F00	chr1
contig-0011870	#E69F00	chr1
contig-0011871	#E69F00	chr1
contig-0011872	#8C564B	chrY
contig-0011873	#8C564B	chrY
contig-0011874	#567DE9	chr16
contig-0011875	#567DE9	chr16
contig-0011876	#567DE9	chr16
contig-0011877	#567DE9	chr16
contig-0011878	#D58C66	chr20
contig-0011879	#567DE9	chr16
contig-0011880	#5699E9	chr9
contig-0011881	#5699E9	chr9
contig-0011882	#0072B2	chr5
contig-0011883	#0072B2	chr5
contig-0011884	#0072B2	chr5
contig-0011885	#0072B2	chr5
contig-0011886	#009E73	chr3
contig-0011887	#D58C66	chr20
contig-0011888	#009E73	chr3
contig-0011889	#009E73	chr3
contig-0011890	#009E73	chr3
contig-0011891	#009E73	chr3
contig-0011892	#E69F00	chr1
contig-0011893	#E69F00	chr1
contig-0011894	#E69F00	chr1
contig-0011895	#0072B2	chr5
contig-0011896	#0072B2	chr5
contig-0011897	#0072B2	chr5
contig-0011898	#56B4E9	chr2
contig-0011899	#0072B2	chr5
contig-0011900	#0072B2	chr5
contig-0011901	#0072B2	chr5
contig-0011902	#0072B2	chr5
contig-0011903	#0072B2	chr5
contig-0011904	#737373	chr14
contig-0011905	#737373	chr14
contig-0011906	#737373	chr14
contig-0011907	#737373	chr14
contig-0011908	#56B4E9	chr2
contig-0011909	#737373	chr14
contig-0011910	#737373	chr14
contig-0011911	#D57533	chr13
contig-0011912	#D57533	chr13
contig-0011913	#56B4E9	chr2
contig-0011914	#D57533	chr13
contig-0011915	#00B28C	chr17
contig-0011916	#00B28C	chr17
contig-0011917	#00B28C	chr17
contig-0011918	#D57533	chr13
contig-0011919	#00A880	chr10
contig-0011920	#00A880	chr10
contig-0011921	#00A880	chr10
contig-0011922	#56B4E9	chr2
contig-0011923	#8C564B	chrY
contig-0011924	#E69F00	chr1
contig-0011925	#E69F00	chr1
contig-0011926	#D57533	chr13
contig-0011927	#D57533	chr13
contig-0011928	#D57533	chr13
contig-0011929	#D57533	chr13
contig-0011930	#D57533	chr13
contig-0011931	#E69F00	chr1
contig-0011932	#E69F00	chr1
contig-0011933	#56B4E9	chr2
contig-0011934	#E69F00	chr1
contig-0011935	#E69F00	chr1
contig-0011936	#E69F00	chr1
contig-0011937	#E69F00	chr1
contig-0011938	#E69F00	chr1
contig-0011939	#E69F00	chr1
contig-0011941	#666666	chr7
contig-0011942	#E6C47F	chr22
contig-0011943	#56B4E9	chr2
contig-0011944	#666666	chr7
contig-0011945	#666666	chr7
contig-0011946	#666666	chr7
contig-0011947	#666666	chr7
contig-0011948	#808080	chr21
contig-0011949	#808080	chr21
contig-0011950	#808080	chr21
contig-0011951	#56B4E9	chr2
contig-0011952	#808080	chr21
contig-0011953	#009E73	chr3
contig-0011954	#009E73	chr3
contig-0011955	#009E73	chr3
contig-0011956	#009E73	chr3
contig-0011957	#009E73	chr3
contig-0011958	#5699E9	chr9
contig-0011959	#5699E9	chr9
contig-0011960	#5699E9	chr9
contig-0011961	#5699E9	chr9
contig-0011962	#56B4E9	chr2
contig-0011963	#5699E9	chr9
contig-0011964	#00A880	chr10
contig-0011965	#00A880	chr10
contig-0011966	#00A880	chr10
contig-0011967	#00A880	chr10
contig-0011968	#00A880	chr10
contig-0011969	#D55E00	chr6
contig-0011970	#D55E00	chr6
contig-0011971	#56B4E9	chr2
contig-0011972	#D55E00	chr6
contig-0011973	#D58C66	chr20
contig-0011974	#E69F00	chr1
contig-0011975	#E69F00	chr1
contig-0011976	#E69F00	chr1
contig-0011977	#E69F00	chr1
contig-0011978	#E69F00	chr1
contig-0011979	#E69F00	chr1
contig-0011980	#E69F00	chr1
contig-0011981	#D57533	chr13
contig-0011982	#56B4E9	chr2
contig-0011983	#D57533	chr13
contig-0011984	#D57533	chr13
contig-0011985	#D57533	chr13
contig-0011986	#D57533	chr13
contig-0011987	#CC79A7	chr4
contig-0011988	#CC79A7	chr4
contig-0011989	#CC79A7	chr4
contig-0011990	#CC79A7	chr4
contig-0011991	#CC79A7	chr4
contig-0011992	#D58C66	chr20
contig-0011993	#5699E9	chr9
contig-0011994	#E69F00	chr1
contig-0011995	#E69F00	chr1
contig-0011996	#E69F00	chr1
contig-0011997	#E69F00	chr1
contig-0011998	#E69F00	chr1
contig-0011999	#CC79A7	chr4
contig-0012000	#CC79A7	chr4
contig-0012001	#CC79A7	chr4
contig-0012002	#CC79A7	chr4
contig-0012003	#D58C66	chr20
contig-0012004	#CC79A7	chr4
contig-0012005	#737373	chr14
contig-0012006	#737373	chr14
contig-0012007	#E6B847	chr15
contig-0012008	#D57533	chr13
contig-0012009	#E6C47F	chr22
contig-0012010	#E6C47F	chr22
contig-0012011	#CC8DB3	chr11
contig-0012012	#CC8DB3	chr11
contig-0012013	#CC8DB3	chr11
contig-0012014	#D58C66	chr20
contig-0012015	#CC8DB3	chr11
contig-0012016	#CC8DB3	chr11
contig-0012017	#D55E00	chr6
contig-0012018	#D55E00	chr6
contig-0012019	#D55E00	chr6
contig-0012020	#00A880	chr10
contig-0012021	#00A880	chr10
contig-0012022	#00A880	chr10
contig-0012023	#D58C66	chr20
contig-0012024	#56B4E9	chr2
contig-0012025	#56B4E9	chr2
contig-0012026	#56B4E9	chr2
contig-0012027	#56B4E9	chr2
contig-0012028	#56B4E9	chr2
contig-0012029	#E69F00	chr1
contig-0012030	#E69F00	chr1
contig-0012031	#D58C66	chr20
contig-0012032	#00B28C	chr17
contig-0012033	#00B28C	chr17
contig-0012034	#00B28C	chr17
contig-0012035	#00B28C	chr17
contig-0012036	#00B28C	chr17
contig-0012037	#009E73	chr3
contig-0012038	#009E73	chr3
contig-0012039	#009E73	chr3
contig-0012040	#009E73	chr3
contig-0012041	#009E73	chr3
contig-0012042	#D58C66	chr20
contig-0012043	#009E73	chr3
contig-0012044	#009E73	chr3
contig-0012045	#009E73	chr3
contig-0012046	#009E73	chr3
contig-0012047	#009E73	chr3
contig-0012048	#00A880	chr10
contig-0012049	#00A880	chr10
contig-0012050	#00A880	chr10
contig-0012051	#00A880	chr10
contig-0012052	#00A880	chr10
contig-0012053	#808080	chr21
contig-0012054	#00A880	chr10
contig-0012055	#00A880	chr10
contig-0012056	#00A880	chr10
contig-0012057	#00A880	chr10
contig-0012058	#1A7FBA	chr12
contig-0012059	#1A7FBA	chr12
contig-0012060	#1A7FBA	chr12
contig-0012061	#1A7FBA	chr12
contig-0012062	#1A7FBA	chr12
contig-0012063	#D55E00	chr6
contig-0012064	#D55E00	chr6
contig-0012065	#D55E00	chr6
contig-0012066	#D55E00	chr6
contig-0012067	#00B28C	chr17
contig-0012068	#00B28C	chr17
contig-0012069	#00A880	chr10
contig-0012070	#00A880	chr10
contig-0012071	#00A880	chr10
contig-0012072	#E69F00	chr1
contig-0012073	#E69F00	chr1
contig-0012074	#E6B847	chr15
contig-0012075	#E6B847	chr15
contig-0012076	#009E73	chr3
contig-0012077	#E6B847	chr15
contig-0012078	#E6B847	chr15
contig-0012079	#E6B847	chr15
contig-0012080	#00A880	chr10
contig-0012081	#00A880	chr10
contig-0012082	#00A880	chr10
contig-0012083	#00A880	chr10
contig-0012084	#00A880	chr10
contig-0012085	#00A880	chr10
contig-0012086	#009E73	chr3
contig-0012087	#CC8DB3	chr11
contig-0012088	#CC8DB3	chr11
contig-0012089	#CC8DB3	chr11
contig-0012090	#CC8DB3	chr11
contig-0012091	#E6AB23	chr8
contig-0012092	#E6AB23	chr8
contig-0012093	#E6AB23	chr8
contig-0012094	#E6AB23	chr8
contig-0012095	#009E73	chr3
contig-0012096	#009E73	chr3
contig-0012097	#009E73	chr3
contig-0012098	#009E73	chr3
contig-0012099	#009E73	chr3
contig-0012100	#009E73	chr3
contig-0012101	#1A7FBA	chr12
contig-0012102	#1A7FBA	chr12
contig-0012103	#1A7FBA	chr12
contig-0012104	#1A7FBA	chr12
contig-0012105	#1A7FBA	chr12
contig-0012106	#009E73	chr3
contig-0012107	#E6B847	chr15
contig-0012108	#E6B847	chr15
contig-0012109	#CCA0BF	chr18
contig-0012110	#CCA0BF	chr18
contig-0012111	#CCA0BF	chr18
contig-0012112	#CCA0BF	chr18
contig-0012113	#CCA0BF	chr18
contig-0012114	#5699E9	chr9
contig-0012115	#5699E9	chr9
contig-0012116	#5699E9	chr9
contig-0012117	#009E73	chr3
contig-0012118	#5699E9	chr9
contig-0012119	#5699E9	chr9
contig-0012120	#5699E9	chr9
contig-0012121	#5699E9	chr9
contig-0012122	#5699E9	chr9
contig-0012123	#5699E9	chr9
contig-0012124	#5699E9	chr9
contig-0012125	#E6B847	chr15
contig-0012126	#E6B847	chr15
contig-0012127	#338CC2	chr19
contig-0012128	#E6B847	chr15
contig-0012129	#E6B847	chr15
contig-0012130	#E6B847	chr15
contig-0012131	#D58C66	chr20
contig-0012132	#D58C66	chr20
contig-0012133	#D58C66	chr20
contig-0012134	#D58C66	chr20
contig-0012135	#D58C66	chr20
contig-0012136	#009E73	chr3
contig-0012137	#009E73	chr3
contig-0012138	#E6C47F	chr22
contig-0012139	#009E73	chr3
contig-0012140	#009E73	chr3
contig-0012141	#009E73	chr3
contig-0012142	#56B4E9	chr2
contig-0012143	#56B4E9	chr2
contig-0012144	#56B4E9	chr2
contig-0012145	#56B4E9	chr2
contig-0012146	#56B4E9	chr2
contig-0012147	#338CC2	chr19
contig-0012148	#338CC2	chr19
contig-0012149	#737373	chr14
contig-0012150	#338CC2	chr19
contig-0012151	#338CC2	chr19
contig-0012152	#338CC2	chr19
contig-0012153	#CCA0BF	chr18
contig-0012154	#CCA0BF	chr18
contig-0012155	#CCA0BF	chr18
contig-0012156	#CCA0BF	chr18
contig-0012157	#CCA0BF	chr18
contig-0012158	#CCA0BF	chr18
contig-0012159	#737373	chr14
contig-0012160	#CCA0BF	chr18
contig-0012161	#CCA0BF	chr18
contig-0012162	#CCA0BF	chr18
contig-0012163	#0072B2	chr5
contig-0012164	#0072B2	chr5
contig-0012165	#0072B2	chr5
contig-0012166	#0072B2	chr5
contig-0012167	#0072B2	chr5
contig-0012168	#E69F00	chr1
contig-0012169	#737373	chr14
contig-0012170	#E69F00	chr1
contig-0012171	#808080	chr21
contig-0012172	#808080	chr21
contig-0012173	#808080	chr21
contig-0012174	#808080	chr21
contig-0012175	#808080	chr21
contig-0012176	#CC79A7	chr4
contig-0012177	#0072B2	chr5
contig-0012178	#737373	chr14
contig-0012179	#0072B2	chr5
contig-0012180	#0072B2	chr5
contig-0012181	#0072B2	chr5
contig-0012182	#0072B2	chr5
contig-0012183	#CC8DB3	chr11
contig-0012184	#9467BD	chrX
contig-0012185	#9467BD	chrX
contig-0012186	#009E73	chr3
contig-0012187	#009E73	chr3
contig-0012188	#009E73	chr3
contig-0012189	#CC8DB3	chr11
contig-0012190	#CC8DB3	chr11
contig-0012191	#CC8DB3	chr11
contig-0012192	#CC8DB3	chr11
contig-0012193	#CC79A7	chr4
contig-0012194	#CC8DB3	chr11
contig-0012195	#CC8DB3	chr11
contig-0012196	#CC8DB3	chr11
contig-0012197	#666666	chr7
contig-0012198	#666666	chr7
contig-0012199	#666666	chr7
contig-0012200	#666666	chr7
contig-0012201	#666666	chr7
contig-0012202	#5699E9	chr9
contig-0012203	#5699E9	chr9
contig-0012204	#CC79A7	chr4
contig-0012205	#5699E9	chr9
contig-0012206	#5699E9	chr9
contig-0012207	#808080	chr21
contig-0012208	#808080	chr21
contig-0012209	#808080	chr21
contig-0012210	#808080	chr21
contig-0012211	#808080	chr21
contig-0012212	#808080	chr21
contig-0012213	#808080	chr21
contig-0012214	#567DE9	chr16
contig-0012215	#567DE9	chr16
contig-0012216	#567DE9	chr16
contig-0012217	#E6C47F	chr22
contig-0012218	#E6C47F	chr22
contig-0012219	#E6C47F	chr22
contig-0012220	#E6C47F	chr22
contig-0012221	#CC79A7	chr4
contig-0012222	#E6C47F	chr22
contig-0012223	#E6C47F	chr22
contig-0012224	#E6C47F	chr22
contig-0012225	#56B4E9	chr2
contig-0012226	#56B4E9	chr2
contig-0012227	#56B4E9	chr2
contig-0012228	#D57533	chr13
contig-0012229	#00B28C	chr17
contig-0012230	#00B28C	chr17
contig-0012231	#00B28C	chr17
contig-0012232	#E6C47F	chr22
contig-0012233	#CC79A7	chr4
contig-0012234	#00B28C	chr17
contig-0012235	#00B28C	chr17
contig-0012236	#00B28C	chr17
contig-0012237	#00B28C	chr17
contig-0012238	#E6B847	chr15
contig-0012239	#E6B847	chr15
contig-0012240	#E6B847	chr15
contig-0012241	#E6B847	chr15
contig-0012242	#E6B847	chr15
contig-0012243	#E6B847	chr15
contig-0012244	#00B28C	chr17
contig-0012245	#00B28C	chr17
contig-0012246	#00B28C	chr17
contig-0012247	#00B28C	chr17
contig-0012248	#00B28C	chr17
contig-0012249	#CC79A7	chr4
contig-0012250	#CC79A7	chr4
contig-0012251	#CC79A7	chr4
contig-0012252	#CC79A7	chr4
contig-0012253	#CC79A7	chr4
contig-0012254	#CC79A7	chr4
contig-0012255	#CC8DB3	chr11
contig-0012256	#CC8DB3	chr11
contig-0012257	#CC8DB3	chr11
contig-0012258	#666666	chr7
contig-0012259	#666666	chr7
contig-0012260	#666666	chr7
contig-0012261	#666666	chr7
contig-0012262	#666666	chr7
contig-0012263	#666666	chr7
contig-0012264	#E69F00	chr1
contig-0012265	#E69F00	chr1
contig-0012266	#E69F00	chr1
contig-0012267	#E69F00	chr1
contig-0012268	#E69F00	chr1
contig-0012269	#338CC2	chr19
contig-0012270	#338CC2	chr19
contig-0012271	#CC79A7	chr4
contig-0012272	#338CC2	chr19
contig-0012273	#338CC2	chr19
contig-0012274	#338CC2	chr19
contig-0012275	#56B4E9	chr2
contig-0012276	#56B4E9	chr2
contig-0012277	#56B4E9	chr2
contig-0012278	#56B4E9	chr2
contig-0012279	#D55E00	chr6
contig-0012280	#D55E00	chr6
contig-0012281	#D55E00	chr6
contig-0012282	#5699E9	chr9
contig-0012283	#D55E00	chr6
contig-0012284	#D55E00	chr6
contig-0012285	#D55E00	chr6
contig-0012286	#D55E00	chr6
contig-0012287	#17BECF	chrM
contig-0012288	#17BECF	chrM
contig-0012289	#17BECF	chrM
contig-0012290	#17BECF	chrM
contig-0012291	#17BECF	chrM
contig-0012292	#17BECF	chrM
contig-0012293	#5699E9	chr9
contig-0012294	#17BECF	chrM
contig-0012295	#17BECF	chrM
contig-0012296	#567DE9	chr16
contig-0012297	#567DE9	chr16
contig-0012298	#567DE9	chr16
contig-0012299	#567DE9	chr16
contig-0012300	#567DE9	chr16
contig-0012301	#567DE9	chr16
contig-0012302	#567DE9	chr16
contig-0012303	#5699E9	chr9
contig-0012304	#5699E9	chr9
contig-0012305	#5699E9	chr9
contig-0012306	#5699E9	chr9
contig-0012307	#5699E9	chr9
contig-0012308	#5699E9	chr9
contig-0012309	#567DE9	chr16
contig-0012310	#567DE9	chr16
contig-0012311	#567DE9	chr16
contig-0012312	#CC8DB3	chr11
contig-0012313	#CC8DB3	chr11
contig-0012314	#CC8DB3	chr11
contig-0012315	#5699E9	chr9
contig-0012316	#E6C47F	chr22
contig-0012317	#E6C47F	chr22
contig-0012318	#E6C47F	chr22
contig-0012319	#E6C47F	chr22
contig-0012320	#56B4E9	chr2
contig-0012321	#56B4E9	chr2
contig-0012322	#56B4E9	chr2
contig-0012323	#5699E9	chr9
contig-0012324	#56B4E9	chr2
contig-0012325	#56B4E9	chr2
contig-0012326	#009E73	chr3
contig-0012327	#009E73	chr3
contig-0012328	#009E73	chr3
contig-0012329	#009E73	chr3
contig-0012330	#009E73	chr3
contig-0012331	#E6AB23	chr8
contig-0012332	#E6AB23	chr8
contig-0012333	#E6AB23	chr8
contig-0012334	#56B4E9	chr2
contig-0012335	#E6C47F	chr22
contig-0012336	#5699E9	chr9
contig-0012337	#E6AB23	chr8
contig-0012338	#E6AB23	chr8
contig-0012339	#0072B2	chr5
contig-0012340	#0072B2	chr5
contig-0012341	#0072B2	chr5
contig-0012342	#E6B847	chr15
contig-0012343	#E6B847	chr15
contig-0012344	#E6B847	chr15
contig-0012345	#E6B847	chr15
contig-0012346	#E6B847	chr15
contig-0012347	#5699E9	chr9
contig-0012348	#567DE9	chr16
contig-0012349	#567DE9	chr16
contig-0012350	#567DE9	chr16
contig-0012351	#567DE9	chr16
contig-0012352	#567DE9	chr16
contig-0012353	#567DE9	chr16
contig-0012354	#567DE9	chr16
contig-0012355	#E69F00	chr1
contig-0012356	#E69F00	chr1
contig-0012357	#E69F00	chr1
contig-0012358	#E69F00	chr1
contig-0012359	#E69F00	chr1
contig-0012360	#567DE9	chr16
contig-0012361	#567DE9	chr16
contig-0012362	#56B4E9	chr2
contig-0012363	#56B4E9	chr2
contig-0012364	#56B4E9	chr2
contig-0012365	#8C564B	chrY
contig-0012366	#8C564B	chrY
contig-0012367	#8C564B	chrY
contig-0012368	#5699E9	chr9
contig-0012369	#8C564B	chrY
contig-0012370	#8C564B	chrY
contig-0012371	#8C564B	chrY
contig-0012372	#E6B847	chr15
contig-0012373	#E6B847	chr15
contig-0012374	#E6B847	chr15
contig-0012375	#E6B847	chr15
contig-0012376	#E6B847	chr15
contig-0012377	#CCA0BF	chr18
contig-0012378	#CCA0BF	chr18
contig-0012379	#5699E9	chr9
contig-0012380	#5699E9	chr9
contig-0012381	#5699E9	chr9
contig-0012382	#5699E9	chr9
contig-0012383	#5699E9	chr9
contig-0012384	#5699E9	chr9
contig-0012385	#5699E9	chr9
contig-0012386	#5699E9	chr9
contig-0012387	#5699E9	chr9
contig-0012388	#5699E9	chr9
contig-0012389	#5699E9	chr9
contig-0012390	#567DE9	chr16
contig-0012391	#567DE9	chr16
contig-0012392	#567DE9	chr16
contig-0012393	#567DE9	chr16
contig-0012394	#567DE9	chr16
contig-0012395	#567DE9	chr16
contig-0012396	#567DE9	chr16
contig-0012397	#D55E00	chr6
contig-0012398	#D57533	chr13
contig-0012399	#D57533	chr13
contig-0012400	#D57533	chr13
contig-0012401	#D57533	chr13
contig-0012402	#D57533	chr13
contig-0012403	#737373	chr14
contig-0012404	#5699E9	chr9
contig-0012405	#5699E9	chr9
contig-0012406	#D55E00	chr6
contig-0012407	#D55E00	chr6
contig-0012408	#D55E00	chr6
contig-0012409	#D55E00	chr6
contig-0012410	#D55E00	chr6
contig-0012411	#D55E00	chr6
contig-0012412	#00A880	chr10
contig-0012413	#00A880	chr10
contig-0012414	#00A880	chr10
contig-0012415	#338CC2	chr19
contig-0012416	#338CC2	chr19
contig-0012417	#D55E00	chr6
contig-0012418	#338CC2	chr19
contig-0012419	#338CC2	chr19
contig-0012420	#338CC2	chr19
contig-0012421	#338CC2	chr19
contig-0012422	#567DE9	chr16
contig-0012423	#567DE9	chr16
contig-0012424	#567DE9	chr16
contig-0012425	#567DE9	chr16
contig-0012426	#567DE9	chr16
contig-0012427	#E6C47F	chr22
contig-0012428	#D55E00	chr6
contig-0012429	#E6C47F	chr22
contig-0012430	#E6C47F	chr22
contig-0012431	#E6C47F	chr22
contig-0012432	#E6C47F	chr22
contig-0012433	#567DE9	chr16
contig-0012434	#00A880	chr10
contig-0012435	#00A880	chr10
contig-0012436	#00A880	chr10
contig-0012437	#00A880	chr10
contig-0012438	#0072B2	chr5
contig-0012439	#D55E00	chr6
contig-0012440	#009E73	chr3
contig-0012441	#009E73	chr3
contig-0012442	#009E73	chr3
contig-0012443	#009E73	chr3
contig-0012444	#56B4E9	chr2
contig-0012445	#56B4E9	chr2
contig-0012446	#56B4E9	chr2
contig-0012447	#56B4E9	chr2
contig-0012448	#56B4E9	chr2
contig-0012449	#D55E00	chr6
contig-0012450	#009E73	chr3
contig-0012451	#009E73	chr3
contig-0012452	#009E73	chr3
contig-0012453	#009E73	chr3
contig-0012454	#009E73	chr3
contig-0012455	#5699E9	chr9
contig-0012456	#5699E9	chr9
contig-0012457	#5699E9	chr9
contig-0012458	#5699E9	chr9
contig-0012459	#5699E9	chr9
contig-0012460	#D55E00	chr6
contig-0012461	#5699E9	chr9
contig-0012462	#56B4E9	chr2
contig-0012463	#56B4E9	chr2
contig-0012464	#56B4E9	chr2
contig-0012465	#56B4E9	chr2
contig-0012466	#5699E9	chr9
contig-0012467	#5699E9	chr9
contig-0012468	#E6C47F	chr22
contig-0012469	#E6C47F	chr22
contig-0012470	#D55E00	chr6
contig-0012471	#E6C47F	chr22
contig-0012472	#D57533	chr13
contig-0012473	#D57533	chr13
contig-0012474	#0072B2	chr5
contig-0012475	#0072B2	chr5
contig-0012476	#0072B2	chr5
contig-0012477	#0072B2	chr5
contig-0012478	#0072B2	chr5
contig-0012479	#5699E9	chr9
contig-0012480	#5699E9	chr9
contig-0012481	#D55E00	chr6
contig-0012482	#5699E9	chr9
contig-0012483	#E6AB23	chr8
contig-0012484	#E6AB23	chr8
contig-0012485	#E6AB23	chr8
contig-0012486	#E6AB23	chr8
contig-0012487	#E6AB23	chr8
contig-0012488	#E6AB23	chr8
contig-0012489	#E6AB23	chr8
contig-0012490	#D57533	chr13
contig-0012491	#D55E00	chr6
contig-0012492	#D57533	chr13
contig-0012493	#D57533	chr13
contig-0012494	#D57533	chr13
contig-0012495	#D57533	chr13
contig-0012496	#D57533	chr13
contig-0012497	#009E73	chr3
contig-0012498	#009E73	chr3
contig-0012499	#009E73	chr3
contig-0012500	#009E73	chr3
contig-0012501	#009E73	chr3
contig-0012502	#009E73	chr3
contig-0012503	#009E73	chr3
contig-0012504	#009E73	chr3
contig-0012505	#009E73	chr3
contig-0012506	#009E73	chr3
contig-0012507	#CCA0BF	chr18
contig-0012508	#CCA0BF	chr18
contig-0012509	#CCA0BF	chr18
contig-0012510	#567DE9	chr16
contig-0012511	#CCA0BF	chr18
contig-0012512	#CCA0BF	chr18
contig-0012513	#737373	chr14
contig-0012514	#737373	chr14
contig-0012515	#737373	chr14
contig-0012516	#737373	chr14
contig-0012517	#737373	chr14
contig-0012518	#666666	chr7
contig-0012519	#666666	chr7
contig-0012520	#666666	chr7
contig-0012521	#567DE9	chr16
contig-0012522	#666666	chr7
contig-0012523	#00B28C	chr17
contig-0012524	#00B28C	chr17
contig-0012525	#00B28C	chr17
contig-0012526	#00B28C	chr17
contig-0012527	#00B28C	chr17
contig-0012528	#00B28C	chr17
contig-0012529	#00B28C	chr17
contig-0012530	#009E73	chr3
contig-0012531	#567DE9	chr16
contig-0012532	#009E73	chr3
contig-0012533	#009E73	chr3
contig-0012534	#009E73	chr3
contig-0012535	#0072B2	chr5
contig-0012536	#0072B2	chr5
contig-0012537	#0072B2	chr5
contig-0012538	#0072B2	chr5
contig-0012539	#0072B2	chr5
contig-0012540	#1A7FBA	chr12
contig-0012541	#0072B2	chr5
contig-0012542	#E6C47F	chr22
contig-0012543	#1A7FBA	chr12
contig-0012544	#1A7FBA	chr12
contig-0012545	#D55E00	chr6
contig-0012546	#D55E00	chr6
contig-0012547	#D55E00	chr6
contig-0012548	#D55E00	chr6
contig-0012549	#666666	chr7
contig-0012550	#666666	chr7
contig-0012551	#666666	chr7
contig-0012552	#5699E9	chr9
contig-0012553	#5699E9	chr9
contig-0012554	#5699E9	chr9
contig-0012555	#5699E9	chr9
contig-0012556	#5699E9	chr9
contig-0012557	#5699E9	chr9
contig-0012558	#5699E9	chr9
contig-0012559	#5699E9	chr9
contig-0012560	#737373	chr14
contig-0012561	#00B28C	chr17
contig-0012562	#00B28C	chr17
contig-0012563	#00B28C	chr17
contig-0012564	#00B28C	chr17
contig-0012565	#00B28C	chr17
contig-0012566	#0072B2	chr5
contig-0012567	#0072B2	chr5
contig-0012568	#0072B2	chr5
contig-0012569	#0072B2	chr5
contig-0012570	#0072B2	chr5
contig-0012571	#E6C47F	chr22
contig-0012572	#567DE9	chr16
contig-0012573	#567DE9	chr16
contig-0012574	#567DE9	chr16
contig-0012575	#567DE9	chr16
contig-0012576	#567DE9	chr16
contig-0012577	#567DE9	chr16
contig-0012578	#567DE9	chr16
contig-0012579	#009E73	chr3
contig-0012580	#009E73	chr3
contig-0012581	#567DE9	chr16
contig-0012582	#567DE9	chr16
contig-0012583	#567DE9	chr16
contig-0012584	#567DE9	chr16
contig-0012585	#567DE9	chr16
contig-0012586	#567DE9	chr16
contig-0012587	#567DE9	chr16
contig-0012588	#D55E00	chr6
contig-0012589	#D55E00	chr6
contig-0012590	#D55E00	chr6
contig-0012591	#E6C47F	chr22
contig-0012592	#D55E00	chr6
contig-0012593	#D55E00	chr6
contig-0012594	#D55E00	chr6
contig-0012595	#D55E00	chr6
contig-0012597	#CC8DB3	chr11
contig-0012598	#CC8DB3	chr11
contig-0012599	#CC8DB3	chr11
contig-0012600	#CC8DB3	chr11
contig-0012601	#CC8DB3	chr11
contig-0012602	#737373	chr14
contig-0012603	#0072B2	chr5
contig-0012604	#0072B2	chr5
contig-0012605	#0072B2	chr5
contig-0012606	#0072B2	chr5
contig-0012607	#808080	chr21
contig-0012608	#808080	chr21
contig-0012609	#D57533	chr13
contig-0012610	#808080	chr21
contig-0012611	#D57533	chr13
contig-0012612	#E6C47F	chr22
contig-0012613	#E6C47F	chr22
contig-0012614	#E6C47F	chr22
contig-0012615	#E6C47F	chr22
contig-0012616	#E6C47F	chr22
contig-0012617	#E6C47F	chr22
contig-0012618	#E6C47F	chr22
contig-0012619	#00A880	chr10
contig-0012620	#00A880	chr10
contig-0012621	#737373	chr14
contig-0012622	#00A880	chr10
contig-0012623	#00A880	chr10
contig-0012624	#00A880	chr10
contig-0012626	#737373	chr14
contig-0012627	#737373	chr14
contig-0012628	#737373	chr14
contig-0012629	#737373	chr14
contig-0012630	#737373	chr14
contig-0012631	#E6AB23	chr8
contig-0012632	#737373	chr14
contig-0012633	#E6AB23	chr8
contig-0012634	#E6AB23	chr8
contig-0012635	#E6AB23	chr8
contig-0012636	#E6AB23	chr8
contig-0012637	#E6AB23	chr8
contig-0012638	#567DE9	chr16
contig-0012639	#567DE9	chr16
contig-0012640	#567DE9	chr16
contig-0012641	#567DE9	chr16
contig-0012642	#567DE9	chr16
contig-0012643	#0072B2	chr5
contig-0012644	#56B4E9	chr2
contig-0012645	#567DE9	chr16
contig-0012646	#567DE9	chr16
contig-0012647	#E6AB23	chr8
contig-0012648	#009E73	chr3
contig-0012649	#009E73	chr3
contig-0012650	#009E73	chr3
contig-0012651	#009E73	chr3
contig-0012652	#009E73	chr3
contig-0012653	#E6C47F	chr22
contig-0012654	#56B4E9	chr2
contig-0012655	#E6B847	chr15
contig-0012656	#E6C47F	chr22
contig-0012657	#E6C47F	chr22
contig-0012658	#00A880	chr10
contig-0012659	#00A880	chr10
contig-0012660	#00A880	chr10
contig-0012661	#00A880	chr10
contig-0012662	#808080	chr21
contig-0012663	#737373	chr14
contig-0012664	#56B4E9	chr2
contig-0012665	#E6C47F	chr22
contig-0012666	#808080	chr21
contig-0012667	#737373	chr14
contig-0012668	#D57533	chr13
contig-0012669	#737373	chr14
contig-0012670	#009E73	chr3
contig-0012671	#009E73	chr3
contig-0012672	#009E73	chr3
contig-0012673	#009E73	chr3
contig-0012674	#009E73	chr3
contig-0012675	#56B4E9	chr2
contig-0012676	#009E73	chr3
contig-0012677	#009E73	chr3
contig-0012678	#009E73	chr3
contig-0012679	#666666	chr7
contig-0012680	#666666	chr7
contig-0012681	#666666	chr7
contig-0012682	#666666	chr7
contig-0012683	#009E73	chr3
contig-0012684	#009E73	chr3
contig-0012685	#56B4E9	chr2
contig-0012686	#009E73	chr3
contig-0012687	#009E73	chr3
contig-0012688	#009E73	chr3
contig-0012689	#CC79A7	chr4
contig-0012690	#CC79A7	chr4
contig-0012691	#CC79A7	chr4
contig-0012692	#CC79A7	chr4
contig-0012693	#CC79A7	chr4
contig-0012694	#CC79A7	chr4
contig-0012695	#D55E00	chr6
contig-0012696	#CC79A7	chr4
contig-0012697	#D55E00	chr6
contig-0012698	#D55E00	chr6
contig-0012699	#D55E00	chr6
contig-0012700	#D55E00	chr6
contig-0012701	#D55E00	chr6
contig-0012702	#00A880	chr10
contig-0012703	#00A880	chr10
contig-0012704	#00A880	chr10
contig-0012705	#CC79A7	chr4
contig-0012706	#CC79A7	chr4
contig-0012707	#CC79A7	chr4
contig-0012708	#CC79A7	chr4
contig-0012709	#CC79A7	chr4
contig-0012710	#CC79A7	chr4
contig-0012711	#CC79A7	chr4
contig-0012712	#CC79A7	chr4
contig-0012713	#666666	chr7
contig-0012714	#666666	chr7
contig-0012715	#666666	chr7
contig-0012716	#CC79A7	chr4
contig-0012717	#666666	chr7
contig-0012718	#666666	chr7
contig-0012719	#CC79A7	chr4
contig-0012720	#CC79A7	chr4
contig-0012721	#E69F00	chr1
contig-0012722	#E69F00	chr1
contig-0012723	#56B4E9	chr2
contig-0012724	#56B4E9	chr2
contig-0012725	#56B4E9	chr2
contig-0012726	#CC79A7	chr4
contig-0012727	#56B4E9	chr2
contig-0012728	#56B4E9	chr2
contig-0012729	#56B4E9	chr2
contig-0012730	#56B4E9	chr2
contig-0012731	#56B4E9	chr2
contig-0012732	#CC8DB3	chr11
contig-0012733	#CC8DB3	chr11
contig-0012734	#CC8DB3	chr11
contig-0012735	#56B4E9	chr2
contig-0012736	#56B4E9	chr2
contig-0012737	#CC79A7	chr4
contig-0012738	#56B4E9	chr2
contig-0012739	#56B4E9	chr2
contig-0012740	#0072B2	chr5
contig-0012741	#0072B2	chr5
contig-0012742	#0072B2	chr5
contig-0012743	#0072B2	chr5
contig-0012744	#0072B2	chr5
contig-0012745	#CC79A7	chr4
contig-0012746	#CC79A7	chr4
contig-0012747	#0072B2	chr5
contig-0012748	#009E73	chr3
contig-0012749	#CC79A7	chr4
contig-0012750	#CC79A7	chr4
contig-0012751	#CC79A7	chr4
contig-0012752	#009E73	chr3
contig-0012753	#009E73	chr3
contig-0012754	#009E73	chr3
contig-0012755	#009E73	chr3
contig-0012756	#009E73	chr3
contig-0012757	#666666	chr7
contig-0012758	#666666	chr7
contig-0012759	#009E73	chr3
contig-0012760	#666666	chr7
contig-0012761	#666666	chr7
contig-0012762	#666666	chr7
contig-0012763	#00B28C	chr17
contig-0012764	#00B28C	chr17
contig-0012765	#00B28C	chr17
contig-0012766	#00B28C	chr17
contig-0012767	#00B28C	chr17
contig-0012768	#5699E9	chr9
contig-0012769	#5699E9	chr9
contig-0012770	#009E73	chr3
contig-0012771	#5699E9	chr9
contig-0012772	#5699E9	chr9
contig-0012773	#5699E9	chr9
contig-0012774	#5699E9	chr9
contig-0012775	#5699E9	chr9
contig-0012776	#E6AB23	chr8
contig-0012777	#E6AB23	chr8
contig-0012778	#E6AB23	chr8
contig-0012779	#E6AB23	chr8
contig-0012780	#E6AB23	chr8
contig-0012781	#009E73	chr3
contig-0012782	#56B4E9	chr2
contig-0012783	#56B4E9	chr2
contig-0012784	#56B4E9	chr2
contig-0012785	#56B4E9	chr2
contig-0012786	#56B4E9	chr2
contig-0012787	#E69F00	chr1
contig-0012788	#E69F00	chr1
contig-0012789	#009E73	chr3
contig-0012790	#E69F00	chr1
contig-0012791	#8C564B	chrY
contig-0012792	#8C564B	chrY
contig-0012793	#CC8DB3	chr11
contig-0012794	#CC8DB3	chr11
contig-0012795	#CC8DB3	chr11
contig-0012796	#CC8DB3	chr11
contig-0012797	#CC8DB3	chr11
contig-0012798	#0072B2	chr5
contig-0012799	#CC79A7	chr4
contig-0012800	#E6AB23	chr8
contig-0012801	#E6AB23	chr8
contig-0012802	#E6AB23	chr8
contig-0012803	#E6AB23	chr8
contig-0012804	#E6AB23	chr8
contig-0012805	#808080	chr21
contig-0012806	#808080	chr21
contig-0012807	#E69F00	chr1
contig-0012808	#0072B2	chr5
contig-0012809	#E69F00	chr1
contig-0012810	#E69F00	chr1
contig-0012811	#E69F00	chr1
contig-0012812	#E69F00	chr1
contig-0012813	#E69F00	chr1
contig-0012814	#E69F00	chr1
contig-0012815	#5699E9	chr9
contig-0012816	#5699E9	chr9
contig-0012817	#5699E9	chr9
contig-0012818	#5699E9	chr9
contig-0012819	#0072B2	chr5
contig-0012820	#5699E9	chr9
contig-0012821	#5699E9	chr9
contig-0012822	#5699E9	chr9
contig-0012823	#5699E9	chr9
contig-0012824	#00B28C	chr17
contig-0012825	#00B28C	chr17
contig-0012826	#00B28C	chr17
contig-0012827	#00B28C	chr17
contig-0012828	#00B28C	chr17
contig-0012829	#00B28C	chr17
contig-0012830	#0072B2	chr5
contig-0012831	#E6AB23	chr8
contig-0012832	#E6AB23	chr8
contig-0012833	#E6AB23	chr8
contig-0012834	#E6AB23	chr8
contig-0012835	#E6AB23	chr8
contig-0012836	#E6AB23	chr8
contig-0012837	#E6AB23	chr8
contig-0012838	#666666	chr7
contig-0012839	#666666	chr7
contig-0012840	#666666	chr7
contig-0012841	#0072B2	chr5
contig-0012842	#CC8DB3	chr11
contig-0012843	#CC8DB3	chr11
contig-0012844	#CC8DB3	chr11
contig-0012845	#D55E00	chr6
contig-0012846	#D55E00	chr6
contig-0012847	#D55E00	chr6
contig-0012848	#D55E00	chr6
contig-0012849	#0072B2	chr5
contig-0012850	#0072B2	chr5
contig-0012851	#D55E00	chr6
contig-0012852	#D55E00	chr6
contig-0012853	#D55E00	chr6
contig-0012854	#D57533	chr13
contig-0012855	#D57533	chr13
contig-0012856	#D57533	chr13
contig-0012857	#D57533	chr13
contig-0012858	#D57533	chr13
contig-0012859	#0072B2	chr5
contig-0012860	#E6AB23	chr8
contig-0012861	#E6AB23	chr8
contig-0012862	#E6AB23	chr8
contig-0012863	#E6AB23	chr8
contig-0012864	#0072B2	chr5
contig-0012865	#0072B2	chr5
contig-0012866	#0072B2	chr5
contig-0012867	#0072B2	chr5
contig-0012868	#0072B2	chr5
contig-0012869	#D57533	chr13
contig-0012870	#D57533	chr13
contig-0012871	#D57533	chr13
contig-0012872	#D57533	chr13
contig-0012873	#0072B2	chr5
contig-0012874	#0072B2	chr5
contig-0012875	#0072B2	chr5
contig-0012876	#0072B2	chr5
contig-0012877	#0072B2	chr5
contig-0012878	#0072B2	chr5
contig-0012879	#0072B2	chr5
contig-0012880	#0072B2	chr5
contig-0012881	#00B28C	chr17
contig-0012882	#00B28C	chr17
contig-0012883	#00B28C	chr17
contig-0012884	#00B28C	chr17
contig-0012885	#0072B2	chr5
contig-0012886	#0072B2	chr5
contig-0012887	#0072B2	chr5
contig-0012888	#0072B2	chr5
contig-0012889	#0072B2	chr5
contig-0012890	#666666	chr7
contig-0012891	#E6AB23	chr8
contig-0012892	#E6AB23	chr8
contig-0012893	#E6AB23	chr8
contig-0012894	#D55E00	chr6
contig-0012895	#D55E00	chr6
contig-0012896	#D55E00	chr6
contig-0012897	#D55E00	chr6
contig-0012898	#666666	chr7
contig-0012899	#E6C47F	chr22
contig-0012900	#E6C47F	chr22
contig-0012901	#E6C47F	chr22
contig-0012902	#E6C47F	chr22
contig-0012903	#E6C47F	chr22
contig-0012904	#E6C47F	chr22
contig-0012905	#009E73	chr3
contig-0012906	#009E73	chr3
contig-0012907	#009E73	chr3
contig-0012908	#666666	chr7
contig-0012909	#009E73	chr3
contig-0012910	#009E73	chr3
contig-0012911	#009E73	chr3
contig-0012912	#009E73	chr3
contig-0012913	#009E73	chr3
contig-0012914	#CC79A7	chr4
contig-0012915	#CC79A7	chr4
contig-0012916	#CC79A7	chr4
contig-0012917	#CC79A7	chr4
contig-0012918	#CC79A7	chr4
contig-0012919	#666666	chr7
contig-0012920	#E69F00	chr1
contig-0012921	#E69F00	chr1
contig-0012922	#E69F00	chr1
contig-0012923	#E69F00	chr1
contig-0012924	#E69F00	chr1
contig-0012925	#E69F00	chr1
contig-0012926	#E69F00	chr1
contig-0012927	#E69F00	chr1
contig-0012928	#666666	chr7
contig-0012929	#E69F00	chr1
contig-0012930	#E69F00	chr1
contig-0012931	#E69F00	chr1
contig-0012932	#E69F00	chr1
contig-0012933	#E69F00	chr1
contig-0012934	#E69F00	chr1
contig-0012935	#E69F00	chr1
contig-0012936	#E69F00	chr1
contig-0012937	#00B28C	chr17
contig-0012938	#5699E9	chr9
contig-0012939	#00B28C	chr17
contig-0012940	#00B28C	chr17
contig-0012941	#666666	chr7
contig-0012942	#666666	chr7
contig-0012943	#666666	chr7
contig-0012944	#666666	chr7
contig-0012945	#00B28C	chr17
contig-0012946	#00B28C	chr17
contig-0012947	#E69F00	chr1
contig-0012948	#00B28C	chr17
contig-0012949	#00B28C	chr17
contig-0012950	#666666	chr7
contig-0012951	#666666	chr7
contig-0012952	#666666	chr7
contig-0012953	#666666	chr7
contig-0012954	#666666	chr7
contig-0012955	#CC79A7	chr4
contig-0012956	#CC79A7	chr4
contig-0012957	#E6AB23	chr8
contig-0012958	#CC79A7	chr4
contig-0012959	#CC79A7	chr4
contig-0012960	#CC79A7	chr4
contig-0012961	#1A7FBA	chr12
contig-0012962	#1A7FBA	chr12
contig-0012963	#1A7FBA	chr12
contig-0012964	#1A7FBA	chr12
contig-0012965	#1A7FBA	chr12
contig-0012966	#CC8DB3	chr11
contig-0012967	#CC8DB3	chr11
contig-0012968	#E6AB23	chr8
contig-0012969	#CC8DB3	chr11
contig-0012970	#1A7FBA	chr12
contig-0012971	#E69F00	chr1
contig-0012972	#E69F00	chr1
contig-0012973	#E69F00	chr1
contig-0012974	#E69F00	chr1
contig-0012975	#E69F00	chr1
contig-0012976	#1A7FBA	chr12
contig-0012977	#1A7FBA	chr12
contig-0012978	#1A7FBA	chr12
contig-0012979	#E6AB23	chr8
contig-0012980	#00A880	chr10
contig-0012981	#00A880	chr10
contig-0012982	#00A880	chr10
contig-0012983	#00A880	chr10
contig-0012984	#00A880	chr10
contig-0012985	#D55E00	chr6
contig-0012986	#D55E00	chr6
contig-0012987	#D55E00	chr6
contig-0012988	#E69F00	chr1
contig-0012989	#E69F00	chr1
contig-0012990	#E69F00	chr1
contig-0012991	#E69F00	chr1
contig-0012992	#E69F00	chr1
contig-0012994	#CC79A7	chr4
contig-0012995	#CC79A7	chr4
contig-0012996	#CC79A7	chr4
contig-0012997	#CC79A7	chr4
contig-0012998	#CC79A7	chr4
contig-0012999	#CC79A7	chr4
contig-0013000	#E6AB23	chr8
contig-0013001	#56B4E9	chr2
contig-0013002	#56B4E9	chr2
contig-0013003	#56B4E9	chr2
contig-0013004	#56B4E9	chr2
contig-0013005	#56B4E9	chr2
contig-0013006	#56B4E9	chr2
contig-0013007	#56B4E9	chr2
contig-0013008	#5699E9	chr9
contig-0013009	#5699E9	chr9
contig-0013010	#5699E9	chr9
contig-0013012	#5699E9	chr9
contig-0013013	#666666	chr7
contig-0013014	#666666	chr7
contig-0013015	#666666	chr7
contig-0013016	#E6C47F	chr22
contig-0013017	#E6C47F	chr22
contig-0013018	#E6C47F	chr22
contig-0013019	#E6C47F	chr22
contig-0013020	#D58C66	chr20
contig-0013021	#00B28C	chr17
contig-0013022	#D58C66	chr20
contig-0013023	#D58C66	chr20
contig-0013024	#D58C66	chr20
contig-0013025	#567DE9	chr16
contig-0013026	#567DE9	chr16
contig-0013027	#567DE9	chr16
contig-0013028	#5699E9	chr9
contig-0013029	#5699E9	chr9
contig-0013030	#5699E9	chr9
contig-0013031	#CCA0BF	chr18
contig-0013032	#5699E9	chr9
contig-0013033	#5699E9	chr9
contig-0013034	#56B4E9	chr2
contig-0013035	#56B4E9	chr2
contig-0013036	#E69F00	chr1
contig-0013037	#E69F00	chr1
contig-0013038	#E69F00	chr1
contig-0013039	#E69F00	chr1
contig-0013040	#E69F00	chr1
contig-0013041	#CC8DB3	chr11
contig-0013042	#CC8DB3	chr11
contig-0013043	#CC8DB3	chr11
contig-0013044	#CC8DB3	chr11
contig-0013045	#CC8DB3	chr11
contig-0013046	#CC8DB3	chr11
contig-0013047	#CC8DB3	chr11
contig-0013048	#D58C66	chr20
contig-0013049	#D58C66	chr20
contig-0013050	#D58C66	chr20
contig-0013051	#E69F00	chr1
contig-0013052	#D58C66	chr20
contig-0013053	#D58C66	chr20
contig-0013054	#E6AB23	chr8
contig-0013055	#E6AB23	chr8
contig-0013056	#E6AB23	chr8
contig-0013057	#E6AB23	chr8
contig-0013058	#666666	chr7
contig-0013059	#666666	chr7
contig-0013060	#666666	chr7
contig-0013061	#CCA0BF	chr18
contig-0013062	#666666	chr7
contig-0013063	#666666	chr7
contig-0013064	#56B4E9	chr2
contig-0013065	#56B4E9	chr2
contig-0013066	#56B4E9	chr2
contig-0013067	#56B4E9	chr2
contig-0013068	#56B4E9	chr2
contig-0013069	#CC8DB3	chr11
contig-0013070	#CC8DB3	chr11
contig-0013071	#CC8DB3	chr11
contig-0013072	#CC79A7	chr4
contig-0013073	#56B4E9	chr2
contig-0013074	#56B4E9	chr2
contig-0013075	#56B4E9	chr2
contig-0013076	#56B4E9	chr2
contig-0013077	#56B4E9	chr2
contig-0013078	#0072B2	chr5
contig-0013079	#0072B2	chr5
contig-0013080	#0072B2	chr5
contig-0013081	#0072B2	chr5
contig-0013082	#0072B2	chr5
contig-0013083	#CC79A7	chr4
contig-0013084	#0072B2	chr5
contig-0013085	#0072B2	chr5
contig-0013086	#1A7FBA	chr12
contig-0013087	#1A7FBA	chr12
contig-0013088	#1A7FBA	chr12
contig-0013089	#D55E00	chr6
contig-0013090	#D55E00	chr6
contig-0013091	#D55E00	chr6
contig-0013092	#CC79A7	chr4
contig-0013093	#D55E00	chr6
contig-0013094	#D55E00	chr6
contig-0013095	#009E73	chr3
contig-0013096	#009E73	chr3
contig-0013097	#009E73	chr3
contig-0013098	#009E73	chr3
contig-0013099	#009E73	chr3
contig-0013100	#567DE9	chr16
contig-0013101	#567DE9	chr16
contig-0013102	#567DE9	chr16
contig-0013103	#CC79A7	chr4
contig-0013104	#567DE9	chr16
contig-0013105	#567DE9	chr16
contig-0013106	#567DE9	chr16
contig-0013107	#567DE9	chr16
contig-0013108	#0072B2	chr5
contig-0013109	#0072B2	chr5
contig-0013110	#0072B2	chr5
contig-0013111	#0072B2	chr5
contig-0013112	#0072B2	chr5
contig-0013113	#0072B2	chr5
contig-0013114	#CC79A7	chr4
contig-0013115	#0072B2	chr5
contig-0013116	#1A7FBA	chr12
contig-0013117	#567DE9	chr16
contig-0013118	#567DE9	chr16
contig-0013119	#567DE9	chr16
contig-0013120	#567DE9	chr16
contig-0013121	#D55E00	chr6
contig-0013123	#D55E00	chr6
contig-0013124	#D55E00	chr6
contig-0013125	#E69F00	chr1
contig-0013126	#E69F00	chr1
contig-0013127	#E69F00	chr1
contig-0013128	#E69F00	chr1
contig-0013129	#E69F00	chr1
contig-0013130	#CC8DB3	chr11
contig-0013131	#E69F00	chr1
contig-0013132	#E6C47F	chr22
contig-0013133	#E69F00	chr1
contig-0013134	#E69F00	chr1
contig-0013135	#E69F00	chr1
contig-0013136	#E69F00	chr1
contig-0013137	#CC8DB3	chr11
contig-0013138	#CC8DB3	chr11
contig-0013139	#CC8DB3	chr11
contig-0013140	#CC8DB3	chr11
contig-0013141	#CC8DB3	chr11
contig-0013142	#CC8DB3	chr11
contig-0013143	#E6C47F	chr22
contig-0013144	#CC8DB3	chr11
contig-0013145	#CC8DB3	chr11
contig-0013146	#CC8DB3	chr11
contig-0013147	#CC8DB3	chr11
contig-0013148	#E69F00	chr1
contig-0013149	#E69F00	chr1
contig-0013150	#E69F00	chr1
contig-0013151	#E69F00	chr1
contig-0013152	#E69F00	chr1
contig-0013153	#00B28C	chr17
contig-0013154	#E69F00	chr1
contig-0013155	#E6C47F	chr22
contig-0013156	#00B28C	chr17
contig-0013157	#00B28C	chr17
contig-0013158	#00B28C	chr17
contig-0013159	#00B28C	chr17
contig-0013160	#00B28C	chr17
contig-0013161	#00B28C	chr17
contig-0013162	#338CC2	chr19
contig-0013163	#338CC2	chr19
contig-0013164	#56B4E9	chr2
contig-0013165	#338CC2	chr19
contig-0013166	#338CC2	chr19
contig-0013167	#338CC2	chr19
contig-0013168	#338CC2	chr19
contig-0013169	#338CC2	chr19
contig-0013170	#666666	chr7
contig-0013171	#666666	chr7
contig-0013172	#666666	chr7
contig-0013173	#666666	chr7
contig-0013174	#56B4E9	chr2
contig-0013175	#666666	chr7
contig-0013176	#666666	chr7
contig-0013177	#666666	chr7
contig-0013178	#666666	chr7
contig-0013179	#666666	chr7
contig-0013180	#666666	chr7
contig-0013181	#666666	chr7
contig-0013182	#CCA0BF	chr18
contig-0013183	#CCA0BF	chr18
contig-0013184	#CCA0BF	chr18
contig-0013185	#56B4E9	chr2
contig-0013186	#56B4E9	chr2
contig-0013187	#56B4E9	chr2
contig-0013188	#56B4E9	chr2
contig-0013189	#56B4E9	chr2
contig-0013190	#56B4E9	chr2
contig-0013191	#567DE9	chr16
contig-0013192	#567DE9	chr16
contig-0013193	#567DE9	chr16
contig-0013194	#737373	chr14
contig-0013195	#737373	chr14
contig-0013196	#56B4E9	chr2
contig-0013197	#737373	chr14
contig-0013198	#737373	chr14
contig-0013199	#737373	chr14
contig-0013200	#666666	chr7
contig-0013201	#666666	chr7
contig-0013202	#666666	chr7
contig-0013203	#666666	chr7
contig-0013204	#0072B2	chr5
contig-0013205	#0072B2	chr5
contig-0013206	#56B4E9	chr2
contig-0013207	#0072B2	chr5
contig-0013208	#0072B2	chr5
contig-0013209	#0072B2	chr5
contig-0013210	#0072B2	chr5
contig-0013211	#0072B2	chr5
contig-0013212	#0072B2	chr5
contig-0013213	#E6AB23	chr8
contig-0013214	#E6AB23	chr8
contig-0013215	#E6AB23	chr8
contig-0013216	#E6AB23	chr8
contig-0013217	#E6AB23	chr8
contig-0013218	#E6AB23	chr8
contig-0013219	#009E73	chr3
contig-0013220	#009E73	chr3
contig-0013221	#009E73	chr3
contig-0013222	#009E73	chr3
contig-0013223	#009E73	chr3
contig-0013224	#338CC2	chr19
contig-0013225	#338CC2	chr19
contig-0013226	#338CC2	chr19
contig-0013227	#D57533	chr13
contig-0013228	#E6AB23	chr8
contig-0013229	#D57533	chr13
contig-0013230	#D57533	chr13
contig-0013231	#D57533	chr13
contig-0013232	#D57533	chr13
contig-0013234	#666666	chr7
contig-0013235	#666666	chr7
contig-0013236	#666666	chr7
contig-0013237	#666666	chr7
contig-0013238	#E6AB23	chr8
contig-0013239	#CC8DB3	chr11
contig-0013240	#CC8DB3	chr11
contig-0013241	#CC8DB3	chr11
contig-0013242	#CC8DB3	chr11
contig-0013243	#CC8DB3	chr11
contig-0013244	#009E73	chr3
contig-0013245	#009E73	chr3
contig-0013246	#009E73	chr3
contig-0013247	#009E73	chr3
contig-0013248	#E6AB23	chr8
contig-0013249	#CCA0BF	chr18
contig-0013250	#CCA0BF	chr18
contig-0013251	#CCA0BF	chr18
contig-0013252	#CCA0BF	chr18
contig-0013253	#CCA0BF	chr18
contig-0013255	#CC79A7	chr4
contig-0013256	#00A880	chr10
contig-0013257	#00A880	chr10
contig-0013258	#00A880	chr10
contig-0013259	#E69F00	chr1
contig-0013260	#808080	chr21
contig-0013261	#00A880	chr10
contig-0013262	#00A880	chr10
contig-0013263	#D55E00	chr6
contig-0013264	#D55E00	chr6
contig-0013265	#D55E00	chr6
contig-0013266	#D55E00	chr6
contig-0013267	#D55E00	chr6
contig-0013268	#CC8DB3	chr11
contig-0013269	#CC8DB3	chr11
contig-0013270	#CC8DB3	chr11
contig-0013271	#E6C47F	chr22
contig-0013272	#5699E9	chr9
contig-0013273	#5699E9	chr9
contig-0013274	#5699E9	chr9
contig-0013275	#5699E9	chr9
contig-0013276	#5699E9	chr9
contig-0013277	#737373	chr14
contig-0013278	#737373	chr14
contig-0013279	#737373	chr14
contig-0013280	#737373	chr14
contig-0013281	#737373	chr14
contig-0013282	#E6C47F	chr22
contig-0013283	#5699E9	chr9
contig-0013284	#5699E9	chr9
contig-0013285	#5699E9	chr9
contig-0013286	#5699E9	chr9
contig-0013287	#5699E9	chr9
contig-0013288	#CC79A7	chr4
contig-0013289	#CC79A7	chr4
contig-0013290	#CC79A7	chr4
contig-0013291	#CC79A7	chr4
contig-0013292	#CC79A7	chr4
contig-0013293	#E6C47F	chr22
contig-0013294	#56B4E9	chr2
contig-0013295	#56B4E9	chr2
contig-0013296	#56B4E9	chr2
contig-0013297	#00B28C	chr17
contig-0013298	#00B28C	chr17
contig-0013299	#00B28C	chr17
contig-0013300	#00B28C	chr17
contig-0013301	#00B28C	chr17
contig-0013302	#009E73	chr3
contig-0013303	#009E73	chr3
contig-0013304	#E6C47F	chr22
contig-0013305	#009E73	chr3
contig-0013306	#009E73	chr3
contig-0013307	#009E73	chr3
contig-0013308	#56B4E9	chr2
contig-0013309	#CC79A7	chr4
contig-0013310	#CC79A7	chr4
contig-0013311	#CC79A7	chr4
contig-0013312	#CC79A7	chr4
contig-0013313	#CC79A7	chr4
contig-0013314	#E6C47F	chr22
contig-0013315	#009E73	chr3
contig-0013316	#009E73	chr3
contig-0013317	#009E73	chr3
contig-0013318	#009E73	chr3
contig-0013319	#009E73	chr3
contig-0013320	#009E73	chr3
contig-0013321	#009E73	chr3
contig-0013322	#009E73	chr3
contig-0013323	#E69F00	chr1
contig-0013324	#E69F00	chr1
contig-0013325	#CC8DB3	chr11
contig-0013326	#1A7FBA	chr12
contig-0013327	#1A7FBA	chr12
contig-0013328	#1A7FBA	chr12
contig-0013329	#1A7FBA	chr12
contig-0013330	#1A7FBA	chr12
contig-0013331	#00B28C	chr17
contig-0013332	#00B28C	chr17
contig-0013333	#00B28C	chr17
contig-0013334	#00B28C	chr17
contig-0013335	#CC8DB3	chr11
contig-0013336	#00B28C	chr17
contig-0013337	#00B28C	chr17
contig-0013338	#00B28C	chr17
contig-0013339	#00B28C	chr17
contig-0013340	#00B28C	chr17
contig-0013341	#56B4E9	chr2
contig-0013342	#56B4E9	chr2
contig-0013343	#56B4E9	chr2
contig-0013344	#56B4E9	chr2
contig-0013345	#56B4E9	chr2
contig-0013346	#CC8DB3	chr11
contig-0013347	#737373	chr14
contig-0013348	#737373	chr14
contig-0013349	#737373	chr14
contig-0013350	#737373	chr14
contig-0013351	#737373	chr14
contig-0013352	#D58C66	chr20
contig-0013353	#D58C66	chr20
contig-0013354	#D58C66	chr20
contig-0013355	#D58C66	chr20
contig-0013356	#D58C66	chr20
contig-0013357	#CC8DB3	chr11
contig-0013358	#666666	chr7
contig-0013359	#666666	chr7
contig-0013360	#666666	chr7
contig-0013361	#D55E00	chr6
contig-0013362	#D55E00	chr6
contig-0013363	#D55E00	chr6
contig-0013364	#D55E00	chr6
contig-0013365	#D55E00	chr6
contig-0013366	#56B4E9	chr2
contig-0013367	#E69F00	chr1
contig-0013368	#567DE9	chr16
contig-0013369	#567DE9	chr16
contig-0013370	#567DE9	chr16
contig-0013371	#567DE9	chr16
contig-0013372	#567DE9	chr16
contig-0013373	#567DE9	chr16
contig-0013374	#567DE9	chr16
contig-0013375	#D55E00	chr6
contig-0013376	#567DE9	chr16
contig-0013377	#D55E00	chr6
contig-0013378	#D55E00	chr6
contig-0013379	#D55E00	chr6
contig-0013380	#0072B2	chr5
contig-0013381	#0072B2	chr5
contig-0013382	#0072B2	chr5
contig-0013383	#567DE9	chr16
contig-0013384	#0072B2	chr5
contig-0013385	#0072B2	chr5
contig-0013386	#D55E00	chr6
contig-0013387	#D55E00	chr6
contig-0013388	#D55E00	chr6
contig-0013389	#D55E00	chr6
contig-0013390	#D55E00	chr6
contig-0013391	#0072B2	chr5
contig-0013392	#0072B2	chr5
contig-0013393	#CC79A7	chr4
contig-0013394	#567DE9	chr16
contig-0013395	#CC79A7	chr4
contig-0013396	#CC79A7	chr4
contig-0013397	#CC79A7	chr4
contig-0013398	#CC79A7	chr4
contig-0013399	#737373	chr14
contig-0013400	#737373	chr14
contig-0013401	#737373	chr14
contig-0013402	#737373	chr14
contig-0013403	#737373	chr14
contig-0013404	#D55E00	chr6
contig-0013405	#567DE9	chr16
contig-0013406	#D55E00	chr6
contig-0013407	#D55E00	chr6
contig-0013408	#D55E00	chr6
contig-0013409	#D55E00	chr6
contig-0013410	#E69F00	chr1
contig-0013411	#E69F00	chr1
contig-0013412	#E69F00	chr1
contig-0013413	#0072B2	chr5
contig-0013414	#567DE9	chr16
contig-0013415	#0072B2	chr5
contig-0013416	#0072B2	chr5
contig-0013417	#0072B2	chr5
contig-0013418	#0072B2	chr5
contig-0013419	#0072B2	chr5
contig-0013420	#0072B2	chr5
contig-0013421	#0072B2	chr5
contig-0013422	#0072B2	chr5
contig-0013423	#0072B2	chr5
contig-0013424	#E6B847	chr15
contig-0013425	#567DE9	chr16
contig-0013426	#E6B847	chr15
contig-0013427	#E6B847	chr15
contig-0013428	#E6B847	chr15
contig-0013429	#E6B847	chr15
contig-0013430	#009E73	chr3
contig-0013431	#009E73	chr3
contig-0013432	#009E73	chr3
contig-0013433	#009E73	chr3
contig-0013434	#CC8DB3	chr11
contig-0013435	#567DE9	chr16
contig-0013436	#CC8DB3	chr11
contig-0013437	#CC8DB3	chr11
contig-0013438	#CC8DB3	chr11
contig-0013439	#CCA0BF	chr18
contig-0013440	#CCA0BF	chr18
contig-0013441	#CCA0BF	chr18
contig-0013442	#CCA0BF	chr18
contig-0013443	#D55E00	chr6
contig-0013444	#D55E00	chr6
contig-0013445	#E6AB23	chr8
contig-0013446	#D55E00	chr6
contig-0013447	#D55E00	chr6
contig-0013448	#D55E00	chr6
contig-0013449	#E69F00	chr1
contig-0013450	#E69F00	chr1
contig-0013451	#E69F00	chr1
contig-0013452	#D58C66	chr20
contig-0013453	#D58C66	chr20
contig-0013454	#E6AB23	chr8
contig-0013455	#D58C66	chr20
contig-0013456	#0072B2	chr5
contig-0013457	#0072B2	chr5
contig-0013458	#0072B2	chr5
contig-0013459	#0072B2	chr5
contig-0013460	#0072B2	chr5
contig-0013461	#009E73	chr3
contig-0013462	#009E73	chr3
contig-0013463	#009E73	chr3
contig-0013464	#009E73	chr3
contig-0013465	#E69F00	chr1
contig-0013466	#E6AB23	chr8
contig-0013467	#009E73	chr3
contig-0013468	#E6B847	chr15
contig-0013469	#E6B847	chr15
contig-0013470	#E6B847	chr15
contig-0013471	#E69F00	chr1
contig-0013472	#E69F00	chr1
contig-0013473	#E69F00	chr1
contig-0013474	#E69F00	chr1
contig-0013475	#E69F00	chr1
contig-0013476	#E6B847	chr15
contig-0013477	#E6AB23	chr8
contig-0013478	#E6B847	chr15
contig-0013479	#CC8DB3	chr11
contig-0013480	#CC8DB3	chr11
contig-0013481	#CC8DB3	chr11
contig-0013482	#CC8DB3	chr11
contig-0013483	#737373	chr14
contig-0013484	#737373	chr14
contig-0013485	#737373	chr14
contig-0013486	#737373	chr14
contig-0013487	#E6AB23	chr8
contig-0013488	#737373	chr14
contig-0013489	#00A880	chr10
contig-0013490	#00A880	chr10
contig-0013491	#00A880	chr10
contig-0013492	#00A880	chr10
contig-0013493	#00A880	chr10
contig-0013494	#00B28C	chr17
contig-0013495	#00B28C	chr17
contig-0013496	#00B28C	chr17
contig-0013497	#00B28C	chr17
contig-0013498	#567DE9	chr16
contig-0013499	#00B28C	chr17
contig-0013500	#D57533	chr13
contig-0013501	#D57533	chr13
contig-0013502	#D57533	chr13
contig-0013503	#CC8DB3	chr11
contig-0013504	#CC8DB3	chr11
contig-0013505	#CC8DB3	chr11
contig-0013506	#CC8DB3	chr11
contig-0013507	#CC8DB3	chr11
contig-0013508	#9467BD	chrX
contig-0013509	#567DE9	chr16
contig-0013510	#E6B847	chr15
contig-0013511	#E6B847	chr15
contig-0013512	#E6B847	chr15
contig-0013513	#E6B847	chr15
contig-0013514	#E6B847	chr15
contig-0013515	#00B28C	chr17
contig-0013516	#00B28C	chr17
contig-0013517	#00B28C	chr17
contig-0013518	#00B28C	chr17
contig-0013519	#00B28C	chr17
contig-0013520	#D57533	chr13
contig-0013521	#1A7FBA	chr12
contig-0013522	#1A7FBA	chr12
contig-0013523	#1A7FBA	chr12
contig-0013524	#1A7FBA	chr12
contig-0013525	#1A7FBA	chr12
contig-0013526	#56B4E9	chr2
contig-0013527	#56B4E9	chr2
contig-0013528	#56B4E9	chr2
contig-0013529	#56B4E9	chr2
contig-0013530	#009E73	chr3
contig-0013531	#666666	chr7
contig-0013532	#666666	chr7
contig-0013533	#666666	chr7
contig-0013534	#666666	chr7
contig-0013535	#666666	chr7
contig-0013536	#666666	chr7
contig-0013537	#666666	chr7
contig-0013538	#E69F00	chr1
contig-0013539	#D57533	chr13
contig-0013540	#E69F00	chr1
contig-0013541	#666666	chr7
contig-0013542	#666666	chr7
contig-0013543	#666666	chr7
contig-0013544	#5699E9	chr9
contig-0013545	#5699E9	chr9
contig-0013546	#5699E9	chr9
contig-0013547	#0072B2	chr5
contig-0013548	#0072B2	chr5
contig-0013549	#0072B2	chr5
contig-0013550	#0072B2	chr5
contig-0013551	#0072B2	chr5
contig-0013552	#E6AB23	chr8
contig-0013553	#E6AB23	chr8
contig-0013554	#E6AB23	chr8
contig-0013555	#CC79A7	chr4
contig-0013556	#CC79A7	chr4
contig-0013557	#CC79A7	chr4
contig-0013558	#808080	chr21
contig-0013559	#CC79A7	chr4
contig-0013560	#CC79A7	chr4
contig-0013561	#E6C47F	chr22
contig-0013562	#0072B2	chr5
contig-0013563	#0072B2	chr5
contig-0013564	#0072B2	chr5
contig-0013565	#0072B2	chr5
contig-0013566	#0072B2	chr5
contig-0013567	#567DE9	chr16
contig-0013568	#567DE9	chr16
contig-0013569	#E69F00	chr1
contig-0013570	#009E73	chr3
contig-0013571	#567DE9	chr16
contig-0013572	#567DE9	chr16
contig-0013573	#567DE9	chr16
contig-0013574	#567DE9	chr16
contig-0013575	#567DE9	chr16
contig-0013576	#D58C66	chr20
contig-0013577	#D58C66	chr20
contig-0013578	#D58C66	chr20
contig-0013579	#009E73	chr3
contig-0013580	#009E73	chr3
contig-0013581	#009E73	chr3
contig-0013582	#009E73	chr3
contig-0013583	#009E73	chr3
contig-0013584	#009E73	chr3
contig-0013585	#009E73	chr3
contig-0013586	#009E73	chr3
contig-0013587	#009E73	chr3
contig-0013588	#E69F00	chr1
contig-0013589	#00B28C	chr17
contig-0013590	#E69F00	chr1
contig-0013591	#E69F00	chr1
contig-0013592	#E69F00	chr1
contig-0013593	#E69F00	chr1
contig-0013594	#E69F00	chr1
contig-0013595	#E69F00	chr1
contig-0013596	#E69F00	chr1
contig-0013597	#00B28C	chr17
contig-0013598	#00B28C	chr17
contig-0013599	#00B28C	chr17
contig-0013600	#00B28C	chr17
contig-0013601	#00B28C	chr17
contig-0013602	#00B28C	chr17
contig-0013603	#CC8DB3	chr11
contig-0013604	#CC8DB3	chr11
contig-0013605	#CC8DB3	chr11
contig-0013606	#CC8DB3	chr11
contig-0013607	#D57533	chr13
contig-0013608	#D57533	chr13
contig-0013609	#D57533	chr13
contig-0013610	#00B28C	chr17
contig-0013611	#D57533	chr13
contig-0013612	#D57533	chr13
contig-0013613	#737373	chr14
contig-0013614	#00B28C	chr17
contig-0013615	#00B28C	chr17
contig-0013616	#00B28C	chr17
contig-0013617	#00B28C	chr17
contig-0013618	#8C564B	chrY
contig-0013619	#8C564B	chrY
contig-0013620	#8C564B	chrY
contig-0013621	#00B28C	chr17
contig-0013622	#8C564B	chrY
contig-0013623	#8C564B	chrY
contig-0013624	#8C564B	chrY
contig-0013625	#5699E9	chr9
contig-0013626	#5699E9	chr9
contig-0013627	#5699E9	chr9
contig-0013628	#56B4E9	chr2
contig-0013629	#56B4E9	chr2
contig-0013630	#E69F00	chr1
contig-0013631	#E69F00	chr1
contig-0013632	#00B28C	chr17
contig-0013633	#E69F00	chr1
contig-0013634	#338CC2	chr19
contig-0013635	#338CC2	chr19
contig-0013636	#338CC2	chr19
contig-0013637	#00A880	chr10
contig-0013638	#00A880	chr10
contig-0013639	#00A880	chr10
contig-0013640	#00A880	chr10
contig-0013641	#00A880	chr10
contig-0013642	#CC79A7	chr4
contig-0013643	#E6B847	chr15
contig-0013644	#CC79A7	chr4
contig-0013645	#CC79A7	chr4
contig-0013646	#CC79A7	chr4
contig-0013647	#CC79A7	chr4
contig-0013648	#808080	chr21
contig-0013649	#808080	chr21
contig-0013650	#808080	chr21
contig-0013651	#808080	chr21
contig-0013652	#808080	chr21
contig-0013653	#8C564B	chrY
contig-0013654	#8C564B	chrY
contig-0013655	#CC79A7	chr4
contig-0013656	#CC79A7	chr4
contig-0013657	#CC79A7	chr4
contig-0013658	#CC79A7	chr4
contig-0013659	#CC79A7	chr4
contig-0013660	#5699E9	chr9
contig-0013661	#5699E9	chr9
contig-0013662	#5699E9	chr9
contig-0013663	#009E73	chr3
contig-0013664	#E6B847	chr15
contig-0013665	#009E73	chr3
contig-0013666	#009E73	chr3
contig-0013667	#009E73	chr3
contig-0013668	#CC79A7	chr4
contig-0013669	#CC79A7	chr4
contig-0013670	#CC79A7	chr4
contig-0013671	#CC79A7	chr4
contig-0013672	#CC79A7	chr4
contig-0013673	#00A880	chr10
contig-0013674	#E6B847	chr15
contig-0013675	#00A880	chr10
contig-0013676	#00A880	chr10
contig-0013677	#56B4E9	chr2
contig-0013678	#56B4E9	chr2
contig-0013679	#56B4E9	chr2
contig-0013680	#56B4E9	chr2
contig-0013681	#CC8DB3	chr11
contig-0013682	#CC8DB3	chr11
contig-0013683	#CC8DB3	chr11
contig-0013684	#E6B847	chr15
contig-0013685	#CC8DB3	chr11
contig-0013686	#CC8DB3	chr11
contig-0013687	#D55E00	chr6
contig-0013688	#D55E00	chr6
contig-0013689	#D55E00	chr6
contig-0013690	#D55E00	chr6
contig-0013691	#D55E00	chr6
contig-0013692	#56B4E9	chr2
contig-0013693	#56B4E9	chr2
contig-0013694	#56B4E9	chr2
contig-0013695	#56B4E9	chr2
contig-0013696	#56B4E9	chr2
contig-0013697	#009E73	chr3
contig-0013698	#009E73	chr3
contig-0013699	#009E73	chr3
contig-0013700	#E6C47F	chr22
contig-0013701	#E69F00	chr1
contig-0013702	#E69F00	chr1
contig-0013703	#56B4E9	chr2
contig-0013704	#E69F00	chr1
contig-0013705	#009E73	chr3
contig-0013706	#009E73	chr3
contig-0013707	#009E73	chr3
contig-0013708	#D55E00	chr6
contig-0013709	#D55E00	chr6
contig-0013710	#D55E00	chr6
contig-0013711	#737373	chr14
contig-0013712	#56B4E9	chr2
contig-0013713	#737373	chr14
contig-0013714	#737373	chr14
contig-0013715	#737373	chr14
contig-0013716	#737373	chr14
contig-0013717	#CCA0BF	chr18
contig-0013718	#CCA0BF	chr18
contig-0013719	#CCA0BF	chr18
contig-0013720	#00B28C	chr17
contig-0013721	#00B28C	chr17
contig-0013722	#00B28C	chr17
contig-0013723	#00B28C	chr17
contig-0013724	#D58C66	chr20
contig-0013725	#D58C66	chr20
contig-0013726	#D58C66	chr20
contig-0013727	#D58C66	chr20
contig-0013728	#D58C66	chr20
contig-0013729	#E6AB23	chr8
contig-0013730	#E6AB23	chr8
contig-0013731	#E6AB23	chr8
contig-0013732	#56B4E9	chr2
contig-0013733	#E6AB23	chr8
contig-0013734	#E6AB23	chr8
contig-0013735	#5699E9	chr9
contig-0013736	#5699E9	chr9
contig-0013737	#5699E9	chr9
contig-0013738	#5699E9	chr9
contig-0013739	#5699E9	chr9
contig-0013740	#5699E9	chr9
contig-0013741	#808080	chr21
contig-0013742	#56B4E9	chr2
contig-0013743	#808080	chr21
contig-0013744	#808080	chr21
contig-0013745	#CC8DB3	chr11
contig-0013746	#CC8DB3	chr11
contig-0013747	#CC8DB3	chr11
contig-0013748	#CC8DB3	chr11
contig-0013749	#D55E00	chr6
contig-0013750	#D55E00	chr6
contig-0013751	#56B4E9	chr2
contig-0013752	#D55E00	chr6
contig-0013753	#D55E00	chr6
contig-0013754	#D55E00	chr6
contig-0013755	#CC8DB3	chr11
contig-0013756	#CC8DB3	chr11
contig-0013757	#CC8DB3	chr11
contig-0013758	#009E73	chr3
contig-0013759	#009E73	chr3
contig-0013760	#009E73	chr3
contig-0013761	#00B28C	chr17
contig-0013762	#56B4E9	chr2
contig-0013763	#00B28C	chr17
contig-0013764	#00B28C	chr17
contig-0013765	#00B28C	chr17
contig-0013766	#D55E00	chr6
contig-0013767	#D55E00	chr6
contig-0013768	#D55E00	chr6
contig-0013769	#D55E00	chr6
contig-0013770	#D55E00	chr6
contig-0013771	#E69F00	chr1
contig-0013772	#56B4E9	chr2
contig-0013773	#D55E00	chr6
contig-0013774	#D55E00	chr6
contig-0013775	#5699E9	chr9
contig-0013776	#5699E9	chr9
contig-0013777	#5699E9	chr9
contig-0013778	#56B4E9	chr2
contig-0013779	#56B4E9	chr2
contig-0013780	#56B4E9	chr2
contig-0013781	#56B4E9	chr2
contig-0013782	#56B4E9	chr2
contig-0013783	#56B4E9	chr2
contig-0013784	#E6AB23	chr8
contig-0013785	#E6AB23	chr8
contig-0013786	#E6AB23	chr8
contig-0013787	#E6AB23	chr8
contig-0013788	#E6AB23	chr8
contig-0013789	#737373	chr14
contig-0013790	#737373	chr14
contig-0013791	#737373	chr14
contig-0013792	#E6AB23	chr8
contig-0013793	#737373	chr14
contig-0013794	#737373	chr14
contig-0013795	#737373	chr14
contig-0013796	#737373	chr14
contig-0013797	#737373	chr14
contig-0013798	#737373	chr14
contig-0013799	#737373	chr14
contig-0013800	#737373	chr14
contig-0013801	#CC8DB3	chr11
contig-0013802	#E6AB23	chr8
contig-0013803	#CC8DB3	chr11
contig-0013804	#CC8DB3	chr11
contig-0013805	#CC8DB3	chr11
contig-0013806	#5699E9	chr9
contig-0013807	#5699E9	chr9
contig-0013808	#5699E9	chr9
contig-0013809	#5699E9	chr9
contig-0013810	#E6AB23	chr8
contig-0013811	#5699E9	chr9
contig-0013812	#E6B847	chr15
contig-0013813	#E6B847	chr15
contig-0013814	#E6B847	chr15
contig-0013815	#E6B847	chr15
contig-0013816	#E6B847	chr15
contig-0013817	#666666	chr7
contig-0013818	#666666	chr7
contig-0013819	#E6AB23	chr8
contig-0013820	#666666	chr7
contig-0013821	#E6C47F	chr22
contig-0013822	#E6C47F	chr22
contig-0013823	#E6C47F	chr22
contig-0013824	#E6C47F	chr22
contig-0013825	#E6C47F	chr22
contig-0013826	#CC79A7	chr4
contig-0013827	#CC79A7	chr4
contig-0013828	#CC79A7	chr4
contig-0013829	#8C564B	chrY
contig-0013830	#E6AB23	chr8
contig-0013831	#737373	chr14
contig-0013832	#737373	chr14
contig-0013833	#737373	chr14
contig-0013834	#009E73	chr3
contig-0013835	#009E73	chr3
contig-0013836	#009E73	chr3
contig-0013837	#009E73	chr3
contig-0013838	#009E73	chr3
contig-0013839	#D55E00	chr6
contig-0013840	#D55E00	chr6
contig-0013841	#CC8DB3	chr11
contig-0013842	#D55E00	chr6
contig-0013843	#00A880	chr10
contig-0013844	#00A880	chr10
contig-0013845	#00A880	chr10
contig-0013846	#00A880	chr10
contig-0013847	#00A880	chr10
contig-0013848	#567DE9	chr16
contig-0013849	#567DE9	chr16
contig-0013850	#567DE9	chr16
contig-0013851	#CC8DB3	chr11
contig-0013852	#00B28C	chr17
contig-0013853	#00B28C	chr17
contig-0013854	#00B28C	chr17
contig-0013855	#00B28C	chr17
contig-0013856	#00B28C	chr17
contig-0013857	#00B28C	chr17
contig-0013858	#00B28C	chr17
contig-0013859	#00B28C	chr17
contig-0013860	#00B28C	chr17
contig-0013861	#CC8DB3	chr11
contig-0013862	#00B28C	chr17
contig-0013863	#00B28C	chr17
contig-0013864	#00B28C	chr17
contig-0013865	#56B4E9	chr2
contig-0013866	#56B4E9	chr2
contig-0013867	#56B4E9	chr2
contig-0013868	#56B4E9	chr2
contig-0013869	#5699E9	chr9
contig-0013870	#5699E9	chr9
contig-0013871	#5699E9	chr9
contig-0013872	#E69F00	chr1
contig-0013873	#CC8DB3	chr11
contig-0013874	#1A7FBA	chr12
contig-0013875	#1A7FBA	chr12
contig-0013876	#1A7FBA	chr12
contig-0013877	#1A7FBA	chr12
contig-0013878	#1A7FBA	chr12
contig-0013879	#E6AB23	chr8
contig-0013880	#E6AB23	chr8
contig-0013881	#E6AB23	chr8
contig-0013882	#CC8DB3	chr11
contig-0013883	#E6AB23	chr8
contig-0013884	#E6AB23	chr8
contig-0013885	#00A880	chr10
contig-0013886	#00A880	chr10
contig-0013887	#00A880	chr10
contig-0013888	#00A880	chr10
contig-0013889	#00A880	chr10
contig-0013890	#E69F00	chr1
contig-0013891	#E69F00	chr1
contig-0013892	#0072B2	chr5
contig-0013893	#0072B2	chr5
contig-0013894	#0072B2	chr5
contig-0013895	#0072B2	chr5
contig-0013896	#0072B2	chr5
contig-0013897	#0072B2	chr5
contig-0013898	#E6B847	chr15
contig-0013899	#808080	chr21
contig-0013900	#808080	chr21
contig-0013901	#0072B2	chr5
contig-0013902	#E6C47F	chr22
contig-0013903	#E6C47F	chr22
contig-0013904	#808080	chr21
contig-0013905	#808080	chr21
contig-0013906	#E6C47F	chr22
contig-0013907	#808080	chr21
contig-0013908	#CC8DB3	chr11
contig-0013909	#CC8DB3	chr11
contig-0013910	#CC8DB3	chr11
contig-0013911	#0072B2	chr5
contig-0013912	#737373	chr14
contig-0013913	#737373	chr14
contig-0013914	#737373	chr14
contig-0013916	#00A880	chr10
contig-0013917	#00A880	chr10
contig-0013918	#00A880	chr10
contig-0013919	#00A880	chr10
contig-0013920	#00A880	chr10
contig-0013921	#CC8DB3	chr11
contig-0013922	#0072B2	chr5
contig-0013923	#CC8DB3	chr11
contig-0013924	#CC8DB3	chr11
contig-0013925	#CC8DB3	chr11
contig-0013926	#CC8DB3	chr11
contig-0013927	#56B4E9	chr2
contig-0013928	#56B4E9	chr2
contig-0013929	#56B4E9	chr2
contig-0013930	#56B4E9	chr2
contig-0013931	#56B4E9	chr2
contig-0013932	#56B4E9	chr2
contig-0013933	#0072B2	chr5
contig-0013934	#56B4E9	chr2
contig-0013935	#56B4E9	chr2
contig-0013936	#D57533	chr13
contig-0013937	#D57533	chr13
contig-0013938	#D57533	chr13
contig-0013939	#D57533	chr13
contig-0013940	#D57533	chr13
contig-0013941	#D57533	chr13
contig-0013942	#D57533	chr13
contig-0013943	#D57533	chr13
contig-0013944	#00B28C	chr17
contig-0013945	#D57533	chr13
contig-0013946	#D57533	chr13
contig-0013947	#E6C47F	chr22
contig-0013948	#E6C47F	chr22
contig-0013949	#E6C47F	chr22
contig-0013950	#E6C47F	chr22
contig-0013951	#1A7FBA	chr12
contig-0013952	#1A7FBA	chr12
contig-0013953	#00B28C	chr17
contig-0013954	#1A7FBA	chr12
contig-0013955	#1A7FBA	chr12
contig-0013956	#1A7FBA	chr12
contig-0013957	#CC79A7	chr4
contig-0013958	#CC79A7	chr4
contig-0013959	#CC79A7	chr4
contig-0013960	#CC79A7	chr4
contig-0013961	#CC79A7	chr4
contig-0013962	#00B28C	chr17
contig-0013963	#E69F00	chr1
contig-0013964	#E69F00	chr1
contig-0013965	#E69F00	chr1
contig-0013966	#E69F00	chr1
contig-0013967	#E69F00	chr1
contig-0013968	#E69F00	chr1
contig-0013969	#00A880	chr10
contig-0013970	#00A880	chr10
contig-0013971	#00A880	chr10
contig-0013972	#E69F00	chr1
contig-0013973	#1A7FBA	chr12
contig-0013974	#CC79A7	chr4
contig-0013975	#CC79A7	chr4
contig-0013976	#CC79A7	chr4
contig-0013977	#CC79A7	chr4
contig-0013978	#CC79A7	chr4
contig-0013979	#666666	chr7
contig-0013980	#666666	chr7
contig-0013981	#666666	chr7
contig-0013982	#666666	chr7
contig-0013983	#666666	chr7
contig-0013984	#1A7FBA	chr12
contig-0013985	#CCA0BF	chr18
contig-0013986	#CCA0BF	chr18
contig-0013987	#CCA0BF	chr18
contig-0013988	#CCA0BF	chr18
contig-0013989	#CCA0BF	chr18
contig-0013990	#CCA0BF	chr18
contig-0013991	#CCA0BF	chr18
contig-0013992	#CCA0BF	chr18
contig-0013993	#CCA0BF	chr18
contig-0013994	#CCA0BF	chr18
contig-0013995	#1A7FBA	chr12
contig-0013996	#E6B847	chr15
contig-0013997	#E6B847	chr15
contig-0013998	#E6B847	chr15
contig-0013999	#E6B847	chr15
contig-0014000	#E6B847	chr15
contig-0014001	#E6B847	chr15
contig-0014002	#E6B847	chr15
contig-0014003	#1A7FBA	chr12
contig-0014004	#E6B847	chr15
contig-0014005	#E6B847	chr15
contig-0014006	#D58C66	chr20
contig-0014007	#D58C66	chr20
contig-0014008	#D58C66	chr20
contig-0014009	#D58C66	chr20
contig-0014010	#D58C66	chr20
contig-0014011	#1A7FBA	chr12
contig-0014012	#1A7FBA	chr12
contig-0014013	#1A7FBA	chr12
contig-0014014	#1A7FBA	chr12
contig-0014015	#1A7FBA	chr12
contig-0014016	#1A7FBA	chr12
contig-0014017	#1A7FBA	chr12
contig-0014018	#1A7FBA	chr12
contig-0014019	#1A7FBA	chr12
contig-0014020	#1A7FBA	chr12
contig-0014021	#1A7FBA	chr12
contig-0014022	#1A7FBA	chr12
contig-0014023	#1A7FBA	chr12
contig-0014024	#1A7FBA	chr12
contig-0014025	#1A7FBA	chr12
contig-0014026	#1A7FBA	chr12
contig-0014027	#56B4E9	chr2
contig-0014028	#56B4E9	chr2
contig-0014029	#56B4E9	chr2
contig-0014030	#E69F00	chr1
contig-0014031	#E69F00	chr1
contig-0014032	#E69F00	chr1
contig-0014033	#1A7FBA	chr12
contig-0014034	#E69F00	chr1
contig-0014035	#00A880	chr10
contig-0014036	#00A880	chr10
contig-0014037	#E6B847	chr15
contig-0014038	#E6B847	chr15
contig-0014039	#E6B847	chr15
contig-0014040	#E6B847	chr15
contig-0014041	#E6B847	chr15
contig-0014042	#E6C47F	chr22
contig-0014043	#56B4E9	chr2
contig-0014044	#D57533	chr13
contig-0014045	#D57533	chr13
contig-0014046	#56B4E9	chr2
contig-0014047	#56B4E9	chr2
contig-0014048	#737373	chr14
contig-0014049	#737373	chr14
contig-0014050	#737373	chr14
contig-0014051	#009E73	chr3
contig-0014052	#009E73	chr3
contig-0014053	#56B4E9	chr2
contig-0014054	#009E73	chr3
contig-0014055	#009E73	chr3
contig-0014056	#009E73	chr3
contig-0014057	#009E73	chr3
contig-0014058	#009E73	chr3
contig-0014059	#009E73	chr3
contig-0014060	#009E73	chr3
contig-0014061	#009E73	chr3
contig-0014062	#009E73	chr3
contig-0014063	#56B4E9	chr2
contig-0014064	#56B4E9	chr2
contig-0014065	#56B4E9	chr2
contig-0014066	#56B4E9	chr2
contig-0014068	#0072B2	chr5
contig-0014069	#0072B2	chr5
contig-0014070	#0072B2	chr5
contig-0014071	#00A880	chr10
contig-0014072	#56B4E9	chr2
contig-0014073	#00A880	chr10
contig-0014074	#00A880	chr10
contig-0014075	#00A880	chr10
contig-0014076	#E69F00	chr1
contig-0014077	#E69F00	chr1
contig-0014078	#E69F00	chr1
contig-0014079	#009E73	chr3
contig-0014080	#009E73	chr3
contig-0014081	#009E73	chr3
contig-0014082	#009E73	chr3
contig-0014083	#009E73	chr3
contig-0014084	#1A7FBA	chr12
contig-0014085	#1A7FBA	chr12
contig-0014086	#1A7FBA	chr12
contig-0014087	#1A7FBA	chr12
contig-0014088	#009E73	chr3
contig-0014089	#009E73	chr3
contig-0014090	#009E73	chr3
contig-0014091	#56B4E9	chr2
contig-0014092	#009E73	chr3
contig-0014093	#567DE9	chr16
contig-0014094	#56B4E9	chr2
contig-0014095	#56B4E9	chr2
contig-0014096	#56B4E9	chr2
contig-0014097	#56B4E9	chr2
contig-0014098	#56B4E9	chr2
contig-0014099	#567DE9	chr16
contig-0014100	#567DE9	chr16
contig-0014101	#567DE9	chr16
contig-0014102	#56B4E9	chr2
contig-0014103	#567DE9	chr16
contig-0014104	#567DE9	chr16
contig-0014105	#567DE9	chr16
contig-0014106	#567DE9	chr16
contig-0014107	#56B4E9	chr2
contig-0014108	#56B4E9	chr2
contig-0014109	#56B4E9	chr2
contig-0014110	#56B4E9	chr2
contig-0014111	#56B4E9	chr2
contig-0014112	#56B4E9	chr2
contig-0014113	#56B4E9	chr2
contig-0014114	#56B4E9	chr2
contig-0014115	#E6AB23	chr8
contig-0014116	#E6AB23	chr8
contig-0014117	#E69F00	chr1
contig-0014118	#E69F00	chr1
contig-0014119	#E69F00	chr1
contig-0014120	#E69F00	chr1
contig-0014121	#E6C47F	chr22
contig-0014122	#E6C47F	chr22
contig-0014123	#E6C47F	chr22
contig-0014124	#56B4E9	chr2
contig-0014125	#E6C47F	chr22
contig-0014126	#CC8DB3	chr11
contig-0014127	#CC8DB3	chr11
contig-0014128	#CC8DB3	chr11
contig-0014129	#CC79A7	chr4
contig-0014130	#CC79A7	chr4
contig-0014131	#CC79A7	chr4
contig-0014132	#CC79A7	chr4
contig-0014133	#CC79A7	chr4
contig-0014134	#E69F00	chr1
contig-0014135	#CCA0BF	chr18
contig-0014136	#E69F00	chr1
contig-0014137	#E69F00	chr1
contig-0014138	#E69F00	chr1
contig-0014139	#E69F00	chr1
contig-0014140	#E69F00	chr1
contig-0014141	#E69F00	chr1
contig-0014142	#E69F00	chr1
contig-0014143	#E69F00	chr1
contig-0014144	#1A7FBA	chr12
contig-0014145	#0072B2	chr5
contig-0014146	#CCA0BF	chr18
contig-0014147	#0072B2	chr5
contig-0014148	#0072B2	chr5
contig-0014149	#0072B2	chr5
contig-0014150	#0072B2	chr5
contig-0014151	#CC8DB3	chr11
contig-0014152	#CC8DB3	chr11
contig-0014153	#CC8DB3	chr11
contig-0014154	#CC8DB3	chr11
contig-0014155	#CC8DB3	chr11
contig-0014156	#666666	chr7
contig-0014157	#CCA0BF	chr18
contig-0014158	#666666	chr7
contig-0014159	#666666	chr7
contig-0014160	#666666	chr7
contig-0014161	#666666	chr7
contig-0014162	#666666	chr7
contig-0014163	#D58C66	chr20
contig-0014164	#D58C66	chr20
contig-0014165	#1A7FBA	chr12
contig-0014166	#CCA0BF	chr18
contig-0014167	#1A7FBA	chr12
contig-0014168	#1A7FBA	chr12
contig-0014169	#1A7FBA	chr12
contig-0014170	#1A7FBA	chr12
contig-0014171	#1A7FBA	chr12
contig-0014172	#1A7FBA	chr12
contig-0014173	#00B28C	chr17
contig-0014174	#00B28C	chr17
contig-0014175	#E69F00	chr1
contig-0014176	#CCA0BF	chr18
contig-0014177	#00B28C	chr17
contig-0014178	#00A880	chr10
contig-0014179	#00A880	chr10
contig-0014180	#00A880	chr10
contig-0014181	#00A880	chr10
contig-0014182	#009E73	chr3
contig-0014183	#009E73	chr3
contig-0014184	#009E73	chr3
contig-0014185	#009E73	chr3
contig-0014186	#D57533	chr13
contig-0014187	#009E73	chr3
contig-0014188	#CC79A7	chr4
contig-0014189	#CC79A7	chr4
contig-0014190	#CC79A7	chr4
contig-0014191	#00A880	chr10
contig-0014192	#00A880	chr10
contig-0014193	#00A880	chr10
contig-0014194	#00B28C	chr17
contig-0014195	#00B28C	chr17
contig-0014196	#737373	chr14
contig-0014197	#E69F00	chr1
contig-0014198	#E69F00	chr1
contig-0014199	#E69F00	chr1
contig-0014200	#E69F00	chr1
contig-0014201	#E69F00	chr1
contig-0014202	#0072B2	chr5
contig-0014203	#0072B2	chr5
contig-0014204	#0072B2	chr5
contig-0014205	#0072B2	chr5
contig-0014206	#0072B2	chr5
contig-0014207	#737373	chr14
contig-0014208	#00B28C	chr17
contig-0014209	#00A880	chr10
contig-0014210	#00A880	chr10
contig-0014211	#00A880	chr10
contig-0014212	#E6AB23	chr8
contig-0014213	#E6AB23	chr8
contig-0014214	#E6AB23	chr8
contig-0014215	#E6AB23	chr8
contig-0014216	#E6B847	chr15
contig-0014217	#CC79A7	chr4
contig-0014218	#CC79A7	chr4
contig-0014219	#CC79A7	chr4
contig-0014220	#CC79A7	chr4
contig-0014221	#CC79A7	chr4
contig-0014222	#CC79A7	chr4
contig-0014223	#CC79A7	chr4
contig-0014224	#CC79A7	chr4
contig-0014225	#0072B2	chr5
contig-0014226	#E6B847	chr15
contig-0014227	#0072B2	chr5
contig-0014228	#0072B2	chr5
contig-0014229	#0072B2	chr5
contig-0014230	#666666	chr7
contig-0014231	#666666	chr7
contig-0014232	#666666	chr7
contig-0014233	#338CC2	chr19
contig-0014234	#338CC2	chr19
contig-0014235	#00B28C	chr17
contig-0014236	#E6B847	chr15
contig-0014237	#E6B847	chr15
contig-0014238	#E6B847	chr15
contig-0014239	#D58C66	chr20
contig-0014240	#D58C66	chr20
contig-0014241	#D58C66	chr20
contig-0014242	#D58C66	chr20
contig-0014243	#D58C66	chr20
contig-0014244	#0072B2	chr5
contig-0014245	#00B28C	chr17
contig-0014246	#0072B2	chr5
contig-0014247	#0072B2	chr5
contig-0014248	#D57533	chr13
contig-0014249	#D57533	chr13
contig-0014250	#D55E00	chr6
contig-0014251	#D55E00	chr6
contig-0014252	#D55E00	chr6
contig-0014253	#D55E00	chr6
contig-0014254	#D55E00	chr6
contig-0014255	#D55E00	chr6
contig-0014256	#D55E00	chr6
contig-0014257	#D55E00	chr6
contig-0014258	#666666	chr7
contig-0014259	#666666	chr7
contig-0014260	#666666	chr7
contig-0014261	#00B28C	chr17
contig-0014262	#666666	chr7
contig-0014263	#666666	chr7
contig-0014264	#666666	chr7
contig-0014265	#D55E00	chr6
contig-0014266	#D55E00	chr6
contig-0014267	#D55E00	chr6
contig-0014268	#D55E00	chr6
contig-0014269	#D55E00	chr6
contig-0014270	#5699E9	chr9
contig-0014271	#E69F00	chr1
contig-0014272	#00B28C	chr17
contig-0014273	#5699E9	chr9
contig-0014274	#5699E9	chr9
contig-0014275	#009E73	chr3
contig-0014276	#009E73	chr3
contig-0014277	#009E73	chr3
contig-0014278	#009E73	chr3
contig-0014279	#009E73	chr3
contig-0014280	#1A7FBA	chr12
contig-0014281	#1A7FBA	chr12
contig-0014282	#1A7FBA	chr12
contig-0014283	#00B28C	chr17
contig-0014284	#D57533	chr13
contig-0014285	#D57533	chr13
contig-0014286	#D57533	chr13
contig-0014287	#D57533	chr13
contig-0014288	#D57533	chr13
contig-0014289	#D57533	chr13
contig-0014290	#D57533	chr13
contig-0014291	#D57533	chr13
contig-0014292	#D57533	chr13
contig-0014293	#00B28C	chr17
contig-0014294	#CC79A7	chr4
contig-0014295	#CC79A7	chr4
contig-0014296	#CC79A7	chr4
contig-0014297	#CC79A7	chr4
contig-0014298	#CC79A7	chr4
contig-0014299	#CC79A7	chr4
contig-0014300	#CC79A7	chr4
contig-0014301	#CC79A7	chr4
contig-0014302	#CC79A7	chr4
contig-0014303	#00B28C	chr17
contig-0014304	#CC79A7	chr4
contig-0014305	#CC79A7	chr4
contig-0014306	#737373	chr14
contig-0014307	#737373	chr14
contig-0014308	#737373	chr14
contig-0014309	#00B28C	chr17
contig-0014310	#00B28C	chr17
contig-0014311	#00B28C	chr17
contig-0014312	#00B28C	chr17
contig-0014313	#00B28C	chr17
contig-0014314	#00B28C	chr17
contig-0014315	#009E73	chr3
contig-0014316	#009E73	chr3
contig-0014317	#009E73	chr3
contig-0014318	#009E73	chr3
contig-0014319	#009E73	chr3
contig-0014320	#56B4E9	chr2
contig-0014321	#56B4E9	chr2
contig-0014322	#56B4E9	chr2
contig-0014323	#56B4E9	chr2
contig-0014324	#00B28C	chr17
contig-0014325	#56B4E9	chr2
contig-0014326	#56B4E9	chr2
contig-0014327	#56B4E9	chr2
contig-0014328	#56B4E9	chr2
contig-0014329	#56B4E9	chr2
contig-0014330	#56B4E9	chr2
contig-0014331	#00A880	chr10
contig-0014332	#00A880	chr10
contig-0014333	#00A880	chr10
contig-0014334	#00B28C	chr17
contig-0014335	#00A880	chr10
contig-0014336	#00A880	chr10
contig-0014337	#00A880	chr10
contig-0014338	#00A880	chr10
contig-0014339	#00A880	chr10
contig-0014340	#00A880	chr10
contig-0014341	#00A880	chr10
contig-0014342	#D57533	chr13
contig-0014343	#D57533	chr13
contig-0014344	#D57533	chr13
contig-0014345	#D57533	chr13
contig-0014346	#D57533	chr13
contig-0014347	#00A880	chr10
contig-0014348	#00A880	chr10
contig-0014349	#00A880	chr10
contig-0014350	#00A880	chr10
contig-0014351	#00A880	chr10
contig-0014352	#009E73	chr3
contig-0014353	#009E73	chr3
contig-0014354	#E69F00	chr1
contig-0014355	#009E73	chr3
contig-0014356	#009E73	chr3
contig-0014357	#009E73	chr3
contig-0014358	#567DE9	chr16
contig-0014359	#567DE9	chr16
contig-0014360	#567DE9	chr16
contig-0014361	#D55E00	chr6
contig-0014362	#D55E00	chr6
contig-0014363	#E69F00	chr1
contig-0014364	#D55E00	chr6
contig-0014365	#D55E00	chr6
contig-0014366	#D55E00	chr6
contig-0014367	#00B28C	chr17
contig-0014368	#00B28C	chr17
contig-0014369	#5699E9	chr9
contig-0014370	#5699E9	chr9
contig-0014371	#56B4E9	chr2
contig-0014372	#E69F00	chr1
contig-0014373	#5699E9	chr9
contig-0014374	#E6AB23	chr8
contig-0014375	#E6AB23	chr8
contig-0014376	#E6AB23	chr8
contig-0014377	#E6AB23	chr8
contig-0014378	#E6AB23	chr8
contig-0014379	#009E73	chr3
contig-0014380	#D57533	chr13
contig-0014381	#E69F00	chr1
contig-0014382	#D57533	chr13
contig-0014383	#D57533	chr13
contig-0014384	#D57533	chr13
contig-0014385	#D57533	chr13
contig-0014386	#808080	chr21
contig-0014387	#808080	chr21
contig-0014388	#808080	chr21
contig-0014389	#00B28C	chr17
contig-0014390	#00B28C	chr17
contig-0014391	#00B28C	chr17
contig-0014392	#E69F00	chr1
contig-0014393	#0072B2	chr5
contig-0014394	#0072B2	chr5
contig-0014395	#0072B2	chr5
contig-0014396	#0072B2	chr5
contig-0014397	#0072B2	chr5
contig-0014398	#0072B2	chr5
contig-0014399	#0072B2	chr5
contig-0014400	#0072B2	chr5
contig-0014401	#00A880	chr10
contig-0014402	#00A880	chr10
contig-0014403	#00A880	chr10
contig-0014404	#00A880	chr10
contig-0014405	#00A880	chr10
contig-0014406	#00A880	chr10
contig-0014407	#00B28C	chr17
contig-0014408	#00B28C	chr17
contig-0014409	#00B28C	chr17
contig-0014410	#00B28C	chr17
contig-0014411	#00B28C	chr17
contig-0014412	#666666	chr7
contig-0014413	#666666	chr7
contig-0014414	#00A880	chr10
contig-0014415	#666666	chr7
contig-0014417	#E6AB23	chr8
contig-0014418	#E6AB23	chr8
contig-0014419	#E6AB23	chr8
contig-0014420	#CC79A7	chr4
contig-0014421	#CC79A7	chr4
contig-0014422	#CC79A7	chr4
contig-0014423	#D55E00	chr6
contig-0014424	#D55E00	chr6
contig-0014425	#D55E00	chr6
contig-0014426	#D55E00	chr6
contig-0014427	#D55E00	chr6
contig-0014428	#5699E9	chr9
contig-0014429	#5699E9	chr9
contig-0014430	#5699E9	chr9
contig-0014431	#5699E9	chr9
contig-0014432	#5699E9	chr9
contig-0014433	#00A880	chr10
contig-0014434	#E6B847	chr15
contig-0014435	#E6B847	chr15
contig-0014436	#E6B847	chr15
contig-0014437	#E6B847	chr15
contig-0014438	#E6B847	chr15
contig-0014439	#D57533	chr13
contig-0014440	#D57533	chr13
contig-0014441	#D57533	chr13
contig-0014442	#D57533	chr13
contig-0014443	#D57533	chr13
contig-0014444	#5699E9	chr9
contig-0014445	#5699E9	chr9
contig-0014446	#5699E9	chr9
contig-0014447	#56B4E9	chr2
contig-0014448	#56B4E9	chr2
contig-0014449	#56B4E9	chr2
contig-0014450	#56B4E9	chr2
contig-0014451	#56B4E9	chr2
contig-0014452	#5699E9	chr9
contig-0014453	#56B4E9	chr2
contig-0014454	#56B4E9	chr2
contig-0014455	#56B4E9	chr2
contig-0014456	#E69F00	chr1
contig-0014457	#E69F00	chr1
contig-0014458	#E69F00	chr1
contig-0014459	#E69F00	chr1
contig-0014460	#E69F00	chr1
contig-0014461	#E6AB23	chr8
contig-0014462	#E6AB23	chr8
contig-0014463	#E6AB23	chr8
contig-0014464	#E6AB23	chr8
contig-0014465	#E6AB23	chr8
contig-0014466	#E6B847	chr15
contig-0014467	#E6B847	chr15
contig-0014468	#E6B847	chr15
contig-0014469	#00B28C	chr17
contig-0014470	#00B28C	chr17
contig-0014471	#00B28C	chr17
contig-0014472	#00B28C	chr17
contig-0014473	#5699E9	chr9
contig-0014474	#00B28C	chr17
contig-0014475	#1A7FBA	chr12
contig-0014476	#1A7FBA	chr12
contig-0014477	#1A7FBA	chr12
contig-0014478	#1A7FBA	chr12
contig-0014479	#D57533	chr13
contig-0014480	#D57533	chr13
contig-0014481	#D57533	chr13
contig-0014482	#D57533	chr13
contig-0014483	#D57533	chr13
contig-0014484	#567DE9	chr16
contig-0014485	#567DE9	chr16
contig-0014486	#567DE9	chr16
contig-0014487	#567DE9	chr16
contig-0014488	#567DE9	chr16
contig-0014489	#567DE9	chr16
contig-0014490	#567DE9	chr16
contig-0014491	#CC8DB3	chr11
contig-0014492	#CC8DB3	chr11
contig-0014493	#CC79A7	chr4
contig-0014494	#CC8DB3	chr11
contig-0014495	#CC8DB3	chr11
contig-0014496	#CC8DB3	chr11
contig-0014497	#567DE9	chr16
contig-0014498	#567DE9	chr16
contig-0014499	#009E73	chr3
contig-0014500	#567DE9	chr16
contig-0014501	#567DE9	chr16
contig-0014502	#CC79A7	chr4
contig-0014503	#E69F00	chr1
contig-0014504	#E69F00	chr1
contig-0014505	#E69F00	chr1
contig-0014506	#00A880	chr10
contig-0014507	#00A880	chr10
contig-0014508	#00A880	chr10
contig-0014509	#00A880	chr10
contig-0014510	#CC79A7	chr4
contig-0014511	#00A880	chr10
contig-0014512	#737373	chr14
contig-0014513	#737373	chr14
contig-0014514	#737373	chr14
contig-0014515	#737373	chr14
contig-0014516	#737373	chr14
contig-0014517	#E6C47F	chr22
contig-0014518	#E6C47F	chr22
contig-0014519	#E6C47F	chr22
contig-0014520	#E6C47F	chr22
contig-0014521	#CC79A7	chr4
contig-0014522	#E6C47F	chr22
contig-0014523	#D57533	chr13
contig-0014524	#D57533	chr13
contig-0014525	#D57533	chr13
contig-0014526	#D57533	chr13
contig-0014527	#D57533	chr13
contig-0014529	#D55E00	chr6
contig-0014530	#D55E00	chr6
contig-0014531	#D55E00	chr6
contig-0014532	#CC79A7	chr4
contig-0014533	#D55E00	chr6
contig-0014534	#D55E00	chr6
contig-0014535	#D55E00	chr6
contig-0014536	#D55E00	chr6
contig-0014537	#D55E00	chr6
contig-0014538	#D55E00	chr6
contig-0014539	#D55E00	chr6
contig-0014540	#666666	chr7
contig-0014541	#56B4E9	chr2
contig-0014542	#1A7FBA	chr12
contig-0014543	#1A7FBA	chr12
contig-0014544	#1A7FBA	chr12
contig-0014545	#1A7FBA	chr12
contig-0014546	#1A7FBA	chr12
contig-0014547	#CC8DB3	chr11
contig-0014548	#CC8DB3	chr11
contig-0014549	#56B4E9	chr2
contig-0014550	#56B4E9	chr2
contig-0014551	#56B4E9	chr2
contig-0014552	#56B4E9	chr2
contig-0014553	#56B4E9	chr2
contig-0014554	#56B4E9	chr2
contig-0014555	#1A7FBA	chr12
contig-0014556	#1A7FBA	chr12
contig-0014557	#CC8DB3	chr11
contig-0014558	#CC8DB3	chr11
contig-0014559	#CC8DB3	chr11
contig-0014560	#CC8DB3	chr11
contig-0014561	#CC8DB3	chr11
contig-0014562	#00A880	chr10
contig-0014563	#56B4E9	chr2
contig-0014564	#00A880	chr10
contig-0014565	#00A880	chr10
contig-0014566	#00A880	chr10
contig-0014567	#00A880	chr10
contig-0014568	#00A880	chr10
contig-0014569	#00A880	chr10
contig-0014570	#00A880	chr10
contig-0014571	#00A880	chr10
contig-0014572	#00A880	chr10
contig-0014573	#808080	chr21
contig-0014574	#5699E9	chr9
contig-0014575	#E6B847	chr15
contig-0014576	#808080	chr21
contig-0014577	#808080	chr21
contig-0014578	#808080	chr21
contig-0014579	#808080	chr21
contig-0014580	#808080	chr21
contig-0014581	#808080	chr21
contig-0014582	#808080	chr21
contig-0014583	#808080	chr21
contig-0014584	#E6B847	chr15
contig-0014585	#009E73	chr3
contig-0014586	#009E73	chr3
contig-0014587	#009E73	chr3
contig-0014588	#009E73	chr3
contig-0014589	#009E73	chr3
contig-0014590	#56B4E9	chr2
contig-0014591	#56B4E9	chr2
contig-0014592	#56B4E9	chr2
contig-0014593	#56B4E9	chr2
contig-0014594	#56B4E9	chr2
contig-0014595	#E6B847	chr15
contig-0014596	#666666	chr7
contig-0014597	#666666	chr7
contig-0014598	#666666	chr7
contig-0014599	#666666	chr7
contig-0014600	#666666	chr7
contig-0014601	#666666	chr7
contig-0014602	#666666	chr7
contig-0014603	#E69F00	chr1
contig-0014604	#E69F00	chr1
contig-0014605	#E69F00	chr1
contig-0014606	#E69F00	chr1
contig-0014607	#E69F00	chr1
contig-0014608	#E69F00	chr1
contig-0014609	#E69F00	chr1
contig-0014610	#56B4E9	chr2
contig-0014611	#56B4E9	chr2
contig-0014612	#56B4E9	chr2
contig-0014613	#56B4E9	chr2
contig-0014614	#56B4E9	chr2
contig-0014615	#E69F00	chr1
contig-0014616	#E69F00	chr1
contig-0014617	#E69F00	chr1
contig-0014618	#E69F00	chr1
contig-0014619	#8C564B	chrY
contig-0014620	#8C564B	chrY
contig-0014621	#8C564B	chrY
contig-0014622	#737373	chr14
contig-0014623	#737373	chr14
contig-0014624	#737373	chr14
contig-0014625	#D57533	chr13
contig-0014626	#D57533	chr13
contig-0014627	#808080	chr21
contig-0014628	#00B28C	chr17
contig-0014629	#00B28C	chr17
contig-0014630	#00B28C	chr17
contig-0014631	#338CC2	chr19
contig-0014632	#338CC2	chr19
contig-0014633	#338CC2	chr19
contig-0014634	#567DE9	chr16
contig-0014635	#E6B847	chr15
contig-0014636	#567DE9	chr16
contig-0014637	#567DE9	chr16
contig-0014638	#567DE9	chr16
contig-0014639	#567DE9	chr16
contig-0014640	#567DE9	chr16
contig-0014641	#567DE9	chr16
contig-0014642	#D58C66	chr20
contig-0014643	#D58C66	chr20
contig-0014644	#E6B847	chr15
contig-0014645	#D58C66	chr20
contig-0014646	#D58C66	chr20
contig-0014647	#0072B2	chr5
contig-0014648	#0072B2	chr5
contig-0014649	#0072B2	chr5
contig-0014650	#0072B2	chr5
contig-0014651	#0072B2	chr5
contig-0014652	#0072B2	chr5
contig-0014653	#0072B2	chr5
contig-0014654	#E6B847	chr15
contig-0014655	#0072B2	chr5
contig-0014656	#666666	chr7
contig-0014657	#666666	chr7
contig-0014658	#00B28C	chr17
contig-0014659	#00B28C	chr17
contig-0014660	#00B28C	chr17
contig-0014661	#E6C47F	chr22
contig-0014662	#E6C47F	chr22
contig-0014663	#E6C47F	chr22
contig-0014664	#E6B847	chr15
contig-0014665	#737373	chr14
contig-0014666	#737373	chr14
contig-0014667	#737373	chr14
contig-0014668	#E6C47F	chr22
contig-0014669	#E6C47F	chr22
contig-0014670	#56B4E9	chr2
contig-0014671	#56B4E9	chr2
contig-0014672	#56B4E9	chr2
contig-0014673	#567DE9	chr16
contig-0014674	#D55E00	chr6
contig-0014675	#56B4E9	chr2
contig-0014676	#00A880	chr10
contig-0014677	#00A880	chr10
contig-0014678	#00A880	chr10
contig-0014679	#E6AB23	chr8
contig-0014680	#E6AB23	chr8
contig-0014681	#E6AB23	chr8
contig-0014682	#D55E00	chr6
contig-0014683	#D55E00	chr6
contig-0014684	#D55E00	chr6
contig-0014685	#D55E00	chr6
contig-0014686	#D55E00	chr6
contig-0014687	#D55E00	chr6
contig-0014688	#E6B847	chr15
contig-0014689	#E6B847	chr15
contig-0014690	#E6B847	chr15
contig-0014691	#E6B847	chr15
contig-0014692	#E6B847	chr15
contig-0014693	#0072B2	chr5
contig-0014694	#D55E00	chr6
contig-0014695	#0072B2	chr5
contig-0014696	#0072B2	chr5
contig-0014697	#0072B2	chr5
contig-0014698	#0072B2	chr5
contig-0014699	#E6AB23	chr8
contig-0014700	#E6AB23	chr8
contig-0014701	#E6AB23	chr8
contig-0014702	#E6AB23	chr8
contig-0014703	#E6AB23	chr8
contig-0014704	#0072B2	chr5
contig-0014705	#D55E00	chr6
contig-0014706	#0072B2	chr5
contig-0014707	#0072B2	chr5
contig-0014708	#0072B2	chr5
contig-0014709	#338CC2	chr19
contig-0014710	#338CC2	chr19
contig-0014711	#338CC2	chr19
contig-0014712	#338CC2	chr19
contig-0014713	#338CC2	chr19
contig-0014714	#D55E00	chr6
contig-0014715	#D55E00	chr6
contig-0014716	#D55E00	chr6
contig-0014717	#D55E00	chr6
contig-0014718	#56B4E9	chr2
contig-0014719	#56B4E9	chr2
contig-0014720	#56B4E9	chr2
contig-0014721	#56B4E9	chr2
contig-0014722	#E69F00	chr1
contig-0014723	#E69F00	chr1
contig-0014724	#E69F00	chr1
contig-0014725	#E69F00	chr1
contig-0014726	#E69F00	chr1
contig-0014727	#E6B847	chr15
contig-0014728	#E6B847	chr15
contig-0014729	#567DE9	chr16
contig-0014730	#567DE9	chr16
contig-0014731	#567DE9	chr16
contig-0014732	#567DE9	chr16
contig-0014733	#567DE9	chr16
contig-0014734	#666666	chr7
contig-0014735	#00B28C	chr17
contig-0014736	#666666	chr7
contig-0014737	#666666	chr7
contig-0014738	#666666	chr7
contig-0014739	#E69F00	chr1
contig-0014740	#E69F00	chr1
contig-0014741	#E69F00	chr1
contig-0014742	#E69F00	chr1
contig-0014743	#CC8DB3	chr11
contig-0014744	#E69F00	chr1
contig-0014745	#E6B847	chr15
contig-0014746	#E6B847	chr15
contig-0014747	#D55E00	chr6
contig-0014748	#D55E00	chr6
contig-0014749	#D55E00	chr6
contig-0014750	#D55E00	chr6
contig-0014751	#D55E00	chr6
contig-0014752	#E69F00	chr1
contig-0014753	#CC8DB3	chr11
contig-0014754	#E69F00	chr1
contig-0014755	#E69F00	chr1
contig-0014756	#E69F00	chr1
contig-0014757	#E69F00	chr1
contig-0014758	#0072B2	chr5
contig-0014759	#0072B2	chr5
contig-0014760	#808080	chr21
contig-0014761	#D57533	chr13
contig-0014762	#5699E9	chr9
contig-0014763	#CC8DB3	chr11
contig-0014764	#5699E9	chr9
contig-0014765	#5699E9	chr9
contig-0014766	#5699E9	chr9
contig-0014767	#5699E9	chr9
contig-0014768	#CC79A7	chr4
contig-0014769	#CC79A7	chr4
contig-0014770	#CC79A7	chr4
contig-0014771	#CC79A7	chr4
contig-0014772	#CC79A7	chr4
contig-0014773	#0072B2	chr5
contig-0014774	#567DE9	chr16
contig-0014775	#CC8DB3	chr11
contig-0014776	#0072B2	chr5
contig-0014777	#0072B2	chr5
contig-0014778	#0072B2	chr5
contig-0014779	#0072B2	chr5
contig-0014780	#D55E00	chr6
contig-0014781	#D55E00	chr6
contig-0014782	#D55E00	chr6
contig-0014783	#D55E00	chr6
contig-0014784	#D55E00	chr6
contig-0014785	#E6AB23	chr8
contig-0014786	#E6AB23	chr8
contig-0014787	#E6AB23	chr8
contig-0014788	#E6AB23	chr8
contig-0014789	#E6AB23	chr8
contig-0014790	#56B4E9	chr2
contig-0014791	#56B4E9	chr2
contig-0014792	#00A880	chr10
contig-0014793	#00A880	chr10
contig-0014794	#CC8DB3	chr11
contig-0014795	#00A880	chr10
contig-0014796	#00A880	chr10
contig-0014797	#E6B847	chr15
contig-0014798	#E6B847	chr15
contig-0014799	#E6B847	chr15
contig-0014800	#E69F00	chr1
contig-0014801	#E69F00	chr1
contig-0014802	#E69F00	chr1
contig-0014803	#1A7FBA	chr12
contig-0014804	#E6C47F	chr22
contig-0014805	#1A7FBA	chr12
contig-0014806	#1A7FBA	chr12
contig-0014807	#1A7FBA	chr12
contig-0014808	#1A7FBA	chr12
contig-0014809	#CC79A7	chr4
contig-0014810	#CC79A7	chr4
contig-0014811	#CC79A7	chr4
contig-0014812	#CC79A7	chr4
contig-0014813	#CC79A7	chr4
contig-0014814	#1A7FBA	chr12
contig-0014815	#E6C47F	chr22
contig-0014816	#1A7FBA	chr12
contig-0014817	#1A7FBA	chr12
contig-0014818	#1A7FBA	chr12
contig-0014819	#1A7FBA	chr12
contig-0014820	#5699E9	chr9
contig-0014821	#5699E9	chr9
contig-0014822	#CC79A7	chr4
contig-0014823	#CC79A7	chr4
contig-0014824	#CC79A7	chr4
contig-0014825	#E6C47F	chr22
contig-0014826	#CC79A7	chr4
contig-0014827	#CC79A7	chr4
contig-0014828	#E6B847	chr15
contig-0014829	#E6B847	chr15
contig-0014830	#E6B847	chr15
contig-0014831	#737373	chr14
contig-0014832	#737373	chr14
contig-0014833	#737373	chr14
contig-0014834	#009E73	chr3
contig-0014835	#E6C47F	chr22
contig-0014836	#009E73	chr3
contig-0014837	#009E73	chr3
contig-0014838	#009E73	chr3
contig-0014839	#009E73	chr3
contig-0014840	#009E73	chr3
contig-0014841	#E6AB23	chr8
contig-0014842	#E6AB23	chr8
contig-0014843	#E6AB23	chr8
contig-0014844	#E6AB23	chr8
contig-0014845	#E6AB23	chr8
contig-0014846	#56B4E9	chr2
contig-0014847	#56B4E9	chr2
contig-0014848	#56B4E9	chr2
contig-0014849	#56B4E9	chr2
contig-0014850	#56B4E9	chr2
contig-0014851	#56B4E9	chr2
contig-0014852	#56B4E9	chr2
contig-0014853	#338CC2	chr19
contig-0014854	#338CC2	chr19
contig-0014855	#338CC2	chr19
contig-0014856	#00B28C	chr17
contig-0014857	#338CC2	chr19
contig-0014858	#338CC2	chr19
contig-0014859	#CC79A7	chr4
contig-0014860	#CC79A7	chr4
contig-0014861	#CC79A7	chr4
contig-0014862	#567DE9	chr16
contig-0014863	#567DE9	chr16
contig-0014864	#567DE9	chr16
contig-0014865	#00B28C	chr17
contig-0014866	#567DE9	chr16
contig-0014867	#567DE9	chr16
contig-0014868	#E6B847	chr15
contig-0014869	#E6B847	chr15
contig-0014870	#1A7FBA	chr12
contig-0014871	#1A7FBA	chr12
contig-0014872	#1A7FBA	chr12
contig-0014873	#1A7FBA	chr12
contig-0014874	#1A7FBA	chr12
contig-0014875	#E6C47F	chr22
contig-0014876	#E69F00	chr1
contig-0014877	#E69F00	chr1
contig-0014878	#E69F00	chr1
contig-0014879	#567DE9	chr16
contig-0014880	#567DE9	chr16
contig-0014881	#567DE9	chr16
contig-0014882	#567DE9	chr16
contig-0014883	#567DE9	chr16
contig-0014884	#00A880	chr10
contig-0014885	#00A880	chr10
contig-0014886	#E6C47F	chr22
contig-0014887	#00A880	chr10
contig-0014888	#00A880	chr10
contig-0014889	#00A880	chr10
contig-0014890	#D55E00	chr6
contig-0014891	#D55E00	chr6
contig-0014892	#D55E00	chr6
contig-0014893	#D55E00	chr6
contig-0014894	#D55E00	chr6
contig-0014895	#E6AB23	chr8
contig-0014896	#E6AB23	chr8
contig-0014897	#E6AB23	chr8
contig-0014898	#E6AB23	chr8
contig-0014899	#E6AB23	chr8
contig-0014900	#009E73	chr3
contig-0014901	#009E73	chr3
contig-0014902	#009E73	chr3
contig-0014903	#009E73	chr3
contig-0014904	#56B4E9	chr2
contig-0014905	#E6C47F	chr22
contig-0014906	#56B4E9	chr2
contig-0014907	#56B4E9	chr2
contig-0014908	#56B4E9	chr2
contig-0014909	#0072B2	chr5
contig-0014910	#0072B2	chr5
contig-0014911	#0072B2	chr5
contig-0014912	#0072B2	chr5
contig-0014913	#0072B2	chr5
contig-0014914	#00B28C	chr17
contig-0014915	#00B28C	chr17
contig-0014916	#808080	chr21
contig-0014917	#00B28C	chr17
contig-0014918	#00B28C	chr17
contig-0014919	#00B28C	chr17
contig-0014920	#E69F00	chr1
contig-0014921	#E69F00	chr1
contig-0014922	#E69F00	chr1
contig-0014923	#E69F00	chr1
contig-0014924	#E69F00	chr1
contig-0014925	#00B28C	chr17
contig-0014926	#00B28C	chr17
contig-0014927	#808080	chr21
contig-0014928	#00B28C	chr17
contig-0014929	#00B28C	chr17
contig-0014930	#00B28C	chr17
contig-0014931	#00B28C	chr17
contig-0014932	#00B28C	chr17
contig-0014933	#00B28C	chr17
contig-0014934	#00B28C	chr17
contig-0014935	#00B28C	chr17
contig-0014936	#808080	chr21
contig-0014937	#00B28C	chr17
contig-0014938	#00B28C	chr17
contig-0014939	#E69F00	chr1
contig-0014940	#E69F00	chr1
contig-0014941	#E69F00	chr1
contig-0014942	#E6AB23	chr8
contig-0014943	#E6AB23	chr8
contig-0014944	#E6AB23	chr8
contig-0014945	#808080	chr21
contig-0014946	#E6AB23	chr8
contig-0014947	#E6AB23	chr8
contig-0014948	#CC79A7	chr4
contig-0014949	#CC79A7	chr4
contig-0014950	#CC79A7	chr4
contig-0014951	#CC79A7	chr4
contig-0014952	#E69F00	chr1
contig-0014953	#E69F00	chr1
contig-0014954	#E69F00	chr1
contig-0014955	#808080	chr21
contig-0014956	#E69F00	chr1
contig-0014957	#E69F00	chr1
contig-0014958	#CC8DB3	chr11
contig-0014959	#CC8DB3	chr11
contig-0014960	#CC8DB3	chr11
contig-0014961	#666666	chr7
contig-0014962	#666666	chr7
contig-0014963	#666666	chr7
contig-0014964	#666666	chr7
contig-0014965	#666666	chr7
contig-0014966	#00A880	chr10
contig-0014967	#737373	chr14
contig-0014968	#737373	chr14
contig-0014969	#737373	chr14
contig-0014970	#56B4E9	chr2
contig-0014971	#56B4E9	chr2
contig-0014972	#56B4E9	chr2
contig-0014973	#56B4E9	chr2
contig-0014974	#56B4E9	chr2
contig-0014975	#D55E00	chr6
contig-0014976	#D55E00	chr6
contig-0014977	#E69F00	chr1
contig-0014978	#00A880	chr10
contig-0014979	#D55E00	chr6
contig-0014980	#D55E00	chr6
contig-0014981	#D55E00	chr6
contig-0014982	#00B28C	chr17
contig-0014983	#00B28C	chr17
contig-0014984	#00B28C	chr17
contig-0014985	#666666	chr7
contig-0014986	#666666	chr7
contig-0014987	#666666	chr7
contig-0014988	#666666	chr7
contig-0014989	#00A880	chr10
contig-0014990	#666666	chr7
contig-0014991	#00B28C	chr17
contig-0014992	#00B28C	chr17
contig-0014993	#00B28C	chr17
contig-0014994	#56B4E9	chr2
contig-0014995	#56B4E9	chr2
contig-0014996	#56B4E9	chr2
contig-0014997	#56B4E9	chr2
contig-0014998	#56B4E9	chr2
contig-0014999	#00A880	chr10
contig-0015000	#00A880	chr10
contig-0015001	#00A880	chr10
contig-0015002	#00A880	chr10
contig-0015003	#00A880	chr10
contig-0015004	#D57533	chr13
contig-0015005	#D57533	chr13
contig-0015006	#D57533	chr13
contig-0015007	#CC79A7	chr4
contig-0015008	#CC79A7	chr4
contig-0015009	#00A880	chr10
contig-0015010	#CC79A7	chr4
contig-0015011	#D55E00	chr6
contig-0015012	#D55E00	chr6
contig-0015013	#D55E00	chr6
contig-0015014	#D55E00	chr6
contig-0015015	#D55E00	chr6
contig-0015016	#0072B2	chr5
contig-0015017	#0072B2	chr5
contig-0015018	#0072B2	chr5
contig-0015019	#0072B2	chr5
contig-0015020	#D55E00	chr6
contig-0015021	#0072B2	chr5
contig-0015022	#009E73	chr3
contig-0015023	#009E73	chr3
contig-0015024	#009E73	chr3
contig-0015025	#009E73	chr3
contig-0015026	#338CC2	chr19
contig-0015027	#1A7FBA	chr12
contig-0015028	#1A7FBA	chr12
contig-0015029	#1A7FBA	chr12
contig-0015030	#D55E00	chr6
contig-0015031	#0072B2	chr5
contig-0015032	#E69F00	chr1
contig-0015033	#E69F00	chr1
contig-0015034	#E69F00	chr1
contig-0015035	#E69F00	chr1
contig-0015036	#E69F00	chr1
contig-0015037	#E69F00	chr1
contig-0015038	#E69F00	chr1
contig-0015039	#D55E00	chr6
contig-0015040	#E69F00	chr1
contig-0015041	#E69F00	chr1
contig-0015042	#E69F00	chr1
contig-0015043	#00A880	chr10
contig-0015044	#00A880	chr10
contig-0015045	#00A880	chr10
contig-0015046	#D57533	chr13
contig-0015047	#D55E00	chr6
contig-0015048	#CC8DB3	chr11
contig-0015049	#CC8DB3	chr11
contig-0015050	#CC8DB3	chr11
contig-0015051	#CC8DB3	chr11
contig-0015052	#E6C47F	chr22
contig-0015053	#E6C47F	chr22
contig-0015054	#E6C47F	chr22
contig-0015055	#E6C47F	chr22
contig-0015056	#E6C47F	chr22
contig-0015057	#D55E00	chr6
contig-0015058	#338CC2	chr19
contig-0015059	#338CC2	chr19
contig-0015060	#338CC2	chr19
contig-0015061	#338CC2	chr19
contig-0015062	#338CC2	chr19
contig-0015063	#338CC2	chr19
contig-0015064	#338CC2	chr19
contig-0015065	#338CC2	chr19
contig-0015066	#338CC2	chr19
contig-0015067	#D58C66	chr20
contig-0015068	#D55E00	chr6
contig-0015069	#0072B2	chr5
contig-0015070	#0072B2	chr5
contig-0015071	#0072B2	chr5
contig-0015072	#0072B2	chr5
contig-0015073	#0072B2	chr5
contig-0015074	#00A880	chr10
contig-0015075	#00A880	chr10
contig-0015076	#00A880	chr10
contig-0015077	#00A880	chr10
contig-0015078	#00A880	chr10
contig-0015079	#E69F00	chr1
contig-0015080	#D55E00	chr6
contig-0015081	#567DE9	chr16
contig-0015082	#567DE9	chr16
contig-0015083	#567DE9	chr16
contig-0015084	#567DE9	chr16
contig-0015085	#567DE9	chr16
contig-0015086	#00B28C	chr17
contig-0015087	#00B28C	chr17
contig-0015088	#00B28C	chr17
contig-0015089	#00B28C	chr17
contig-0015090	#5699E9	chr9
contig-0015091	#5699E9	chr9
contig-0015092	#5699E9	chr9
contig-0015093	#009E73	chr3
contig-0015094	#009E73	chr3
contig-0015095	#009E73	chr3
contig-0015096	#1A7FBA	chr12
contig-0015097	#1A7FBA	chr12
contig-0015098	#00B28C	chr17
contig-0015099	#1A7FBA	chr12
contig-0015100	#E69F00	chr1
contig-0015101	#E69F00	chr1
contig-0015102	#E69F00	chr1
contig-0015103	#E69F00	chr1
contig-0015104	#E69F00	chr1
contig-0015105	#737373	chr14
contig-0015106	#00B28C	chr17
contig-0015107	#737373	chr14
contig-0015108	#737373	chr14
contig-0015109	#737373	chr14
contig-0015110	#D55E00	chr6
contig-0015111	#D55E00	chr6
contig-0015112	#D55E00	chr6
contig-0015113	#D55E00	chr6
contig-0015114	#D55E00	chr6
contig-0015115	#D55E00	chr6
contig-0015116	#D55E00	chr6
contig-0015117	#00B28C	chr17
contig-0015118	#00B28C	chr17
contig-0015119	#00B28C	chr17
contig-0015120	#00B28C	chr17
contig-0015121	#00B28C	chr17
contig-0015122	#1A7FBA	chr12
contig-0015123	#1A7FBA	chr12
contig-0015124	#1A7FBA	chr12
contig-0015125	#1A7FBA	chr12
contig-0015126	#1A7FBA	chr12
contig-0015127	#00B28C	chr17
contig-0015128	#D55E00	chr6
contig-0015129	#D55E00	chr6
contig-0015130	#D55E00	chr6
contig-0015131	#00A880	chr10
contig-0015132	#00A880	chr10
contig-0015133	#00A880	chr10
contig-0015134	#00A880	chr10
contig-0015135	#338CC2	chr19
contig-0015136	#338CC2	chr19
contig-0015137	#338CC2	chr19
contig-0015138	#009E73	chr3
contig-0015139	#009E73	chr3
contig-0015140	#009E73	chr3
contig-0015141	#009E73	chr3
contig-0015142	#009E73	chr3
contig-0015143	#009E73	chr3
contig-0015144	#E69F00	chr1
contig-0015145	#009E73	chr3
contig-0015146	#009E73	chr3
contig-0015147	#56B4E9	chr2
contig-0015148	#56B4E9	chr2
contig-0015149	#56B4E9	chr2
contig-0015150	#56B4E9	chr2
contig-0015151	#CC8DB3	chr11
contig-0015152	#CC8DB3	chr11
contig-0015153	#E69F00	chr1
contig-0015154	#CC8DB3	chr11
contig-0015155	#CC8DB3	chr11
contig-0015156	#567DE9	chr16
contig-0015157	#567DE9	chr16
contig-0015158	#567DE9	chr16
contig-0015159	#D58C66	chr20
contig-0015160	#D58C66	chr20
contig-0015161	#D58C66	chr20
contig-0015162	#D58C66	chr20
contig-0015163	#D58C66	chr20
contig-0015164	#E69F00	chr1
contig-0015165	#E69F00	chr1
contig-0015166	#E69F00	chr1
contig-0015167	#E69F00	chr1
contig-0015168	#E69F00	chr1
contig-0015169	#E69F00	chr1
contig-0015170	#E69F00	chr1
contig-0015171	#E6AB23	chr8
contig-0015172	#E69F00	chr1
contig-0015173	#D55E00	chr6
contig-0015174	#E6AB23	chr8
contig-0015175	#E6AB23	chr8
contig-0015176	#E6AB23	chr8
contig-0015177	#E6AB23	chr8
contig-0015178	#D58C66	chr20
contig-0015179	#D58C66	chr20
contig-0015180	#D58C66	chr20
contig-0015181	#666666	chr7
contig-0015182	#666666	chr7
contig-0015183	#666666	chr7
contig-0015184	#D55E00	chr6
contig-0015185	#E6C47F	chr22
contig-0015186	#E6C47F	chr22
contig-0015187	#E6C47F	chr22
contig-0015188	#00A880	chr10
contig-0015189	#00A880	chr10
contig-0015190	#00A880	chr10
contig-0015191	#5699E9	chr9
contig-0015192	#5699E9	chr9
contig-0015193	#D55E00	chr6
contig-0015194	#5699E9	chr9
contig-0015195	#5699E9	chr9
contig-0015196	#5699E9	chr9
contig-0015197	#5699E9	chr9
contig-0015198	#5699E9	chr9
contig-0015199	#009E73	chr3
contig-0015200	#666666	chr7
contig-0015201	#666666	chr7
contig-0015202	#666666	chr7
contig-0015203	#D55E00	chr6
contig-0015204	#1A7FBA	chr12
contig-0015205	#1A7FBA	chr12
contig-0015206	#1A7FBA	chr12
contig-0015207	#1A7FBA	chr12
contig-0015208	#1A7FBA	chr12
contig-0015209	#5699E9	chr9
contig-0015210	#D55E00	chr6
contig-0015211	#5699E9	chr9
contig-0015212	#5699E9	chr9
contig-0015213	#0072B2	chr5
contig-0015214	#0072B2	chr5
contig-0015215	#0072B2	chr5
contig-0015216	#0072B2	chr5
contig-0015217	#0072B2	chr5
contig-0015218	#CC79A7	chr4
contig-0015219	#CC79A7	chr4
contig-0015220	#D55E00	chr6
contig-0015221	#CC79A7	chr4
contig-0015222	#CC79A7	chr4
contig-0015223	#CC79A7	chr4
contig-0015224	#CC79A7	chr4
contig-0015225	#D58C66	chr20
contig-0015226	#D58C66	chr20
contig-0015227	#D58C66	chr20
contig-0015228	#0072B2	chr5
contig-0015229	#0072B2	chr5
contig-0015230	#D55E00	chr6
contig-0015231	#0072B2	chr5
contig-0015232	#0072B2	chr5
contig-0015233	#0072B2	chr5
contig-0015234	#CC79A7	chr4
contig-0015235	#00A880	chr10
contig-0015236	#00A880	chr10
contig-0015237	#00A880	chr10
contig-0015238	#00A880	chr10
contig-0015239	#00A880	chr10
contig-0015240	#E6AB23	chr8
contig-0015241	#00A880	chr10
contig-0015242	#CC79A7	chr4
contig-0015243	#CC79A7	chr4
contig-0015244	#CC79A7	chr4
contig-0015245	#CC79A7	chr4
contig-0015246	#CC79A7	chr4
contig-0015247	#D55E00	chr6
contig-0015248	#D55E00	chr6
contig-0015249	#D55E00	chr6
contig-0015250	#D55E00	chr6
contig-0015251	#E6AB23	chr8
contig-0015252	#D55E00	chr6
contig-0015253	#5699E9	chr9
contig-0015254	#5699E9	chr9
contig-0015255	#567DE9	chr16
contig-0015256	#567DE9	chr16
contig-0015257	#338CC2	chr19
contig-0015258	#338CC2	chr19
contig-0015259	#E6AB23	chr8
contig-0015260	#338CC2	chr19
contig-0015261	#338CC2	chr19
contig-0015262	#00A880	chr10
contig-0015263	#00A880	chr10
contig-0015264	#00A880	chr10
contig-0015265	#00A880	chr10
contig-0015266	#009E73	chr3
contig-0015267	#009E73	chr3
contig-0015268	#E69F00	chr1
contig-0015269	#E6AB23	chr8
contig-0015270	#009E73	chr3
contig-0015271	#56B4E9	chr2
contig-0015272	#56B4E9	chr2
contig-0015273	#56B4E9	chr2
contig-0015274	#56B4E9	chr2
contig-0015275	#56B4E9	chr2
contig-0015276	#E6C47F	chr22
contig-0015277	#E6C47F	chr22
contig-0015278	#E6C47F	chr22
contig-0015279	#E6AB23	chr8
contig-0015280	#666666	chr7
contig-0015281	#666666	chr7
contig-0015282	#666666	chr7
contig-0015283	#666666	chr7
contig-0015284	#666666	chr7
contig-0015285	#56B4E9	chr2
contig-0015286	#56B4E9	chr2
contig-0015287	#00B28C	chr17
contig-0015288	#56B4E9	chr2
contig-0015289	#009E73	chr3
contig-0015290	#009E73	chr3
contig-0015291	#009E73	chr3
contig-0015292	#009E73	chr3
contig-0015293	#009E73	chr3
contig-0015294	#00A880	chr10
contig-0015295	#00A880	chr10
contig-0015296	#00A880	chr10
contig-0015297	#00A880	chr10
contig-0015298	#00B28C	chr17
contig-0015299	#CC79A7	chr4
contig-0015300	#CC79A7	chr4
contig-0015301	#CC79A7	chr4
contig-0015302	#CC79A7	chr4
contig-0015303	#E6C47F	chr22
contig-0015304	#E6C47F	chr22
contig-0015305	#E6C47F	chr22
contig-0015306	#5699E9	chr9
contig-0015307	#00B28C	chr17
contig-0015308	#5699E9	chr9
contig-0015309	#5699E9	chr9
contig-0015310	#5699E9	chr9
contig-0015311	#5699E9	chr9
contig-0015312	#1A7FBA	chr12
contig-0015313	#1A7FBA	chr12
contig-0015314	#1A7FBA	chr12
contig-0015315	#00B28C	chr17
contig-0015316	#00B28C	chr17
contig-0015317	#00B28C	chr17
contig-0015318	#00B28C	chr17
contig-0015319	#009E73	chr3
contig-0015320	#009E73	chr3
contig-0015321	#009E73	chr3
contig-0015322	#CC79A7	chr4
contig-0015323	#CC79A7	chr4
contig-0015324	#CC79A7	chr4
contig-0015325	#009E73	chr3
contig-0015326	#009E73	chr3
contig-0015327	#00B28C	chr17
contig-0015328	#009E73	chr3
contig-0015329	#009E73	chr3
contig-0015330	#009E73	chr3
contig-0015331	#009E73	chr3
contig-0015332	#D57533	chr13
contig-0015333	#D57533	chr13
contig-0015334	#D57533	chr13
contig-0015335	#D55E00	chr6
contig-0015336	#D55E00	chr6
contig-0015337	#D55E00	chr6
contig-0015338	#CC8DB3	chr11
contig-0015339	#CC8DB3	chr11
contig-0015340	#CC8DB3	chr11
contig-0015341	#CC8DB3	chr11
contig-0015342	#CC8DB3	chr11
contig-0015343	#338CC2	chr19
contig-0015344	#338CC2	chr19
contig-0015345	#338CC2	chr19
contig-0015346	#338CC2	chr19
contig-0015347	#00B28C	chr17
contig-0015348	#666666	chr7
contig-0015349	#666666	chr7
contig-0015350	#666666	chr7
contig-0015351	#666666	chr7
contig-0015352	#666666	chr7
contig-0015353	#666666	chr7
contig-0015354	#666666	chr7
contig-0015355	#D57533	chr13
contig-0015356	#D57533	chr13
contig-0015357	#00B28C	chr17
contig-0015358	#D57533	chr13
contig-0015359	#D57533	chr13
contig-0015360	#D57533	chr13
contig-0015361	#E69F00	chr1
contig-0015362	#E69F00	chr1
contig-0015363	#E69F00	chr1
contig-0015364	#56B4E9	chr2
contig-0015365	#56B4E9	chr2
contig-0015366	#56B4E9	chr2
contig-0015367	#56B4E9	chr2
contig-0015368	#56B4E9	chr2
contig-0015369	#E69F00	chr1
contig-0015370	#00B28C	chr17
contig-0015371	#56B4E9	chr2
contig-0015372	#009E73	chr3
contig-0015373	#009E73	chr3
contig-0015374	#5699E9	chr9
contig-0015375	#5699E9	chr9
contig-0015376	#5699E9	chr9
contig-0015377	#5699E9	chr9
contig-0015378	#5699E9	chr9
contig-0015379	#737373	chr14
contig-0015380	#00B28C	chr17
contig-0015381	#737373	chr14
contig-0015382	#737373	chr14
contig-0015383	#737373	chr14
contig-0015384	#737373	chr14
contig-0015385	#737373	chr14
contig-0015386	#737373	chr14
contig-0015387	#737373	chr14
contig-0015388	#737373	chr14
contig-0015389	#00A880	chr10
contig-0015390	#00A880	chr10
contig-0015391	#00B28C	chr17
contig-0015392	#00A880	chr10
contig-0015393	#00A880	chr10
contig-0015394	#00A880	chr10
contig-0015395	#D55E00	chr6
contig-0015396	#D55E00	chr6
contig-0015397	#D55E00	chr6
contig-0015398	#CCA0BF	chr18
contig-0015399	#CCA0BF	chr18
contig-0015400	#CCA0BF	chr18
contig-0015401	#00B28C	chr17
contig-0015402	#CCA0BF	chr18
contig-0015403	#0072B2	chr5
contig-0015404	#0072B2	chr5
contig-0015405	#0072B2	chr5
contig-0015406	#0072B2	chr5
contig-0015407	#CC79A7	chr4
contig-0015408	#CC79A7	chr4
contig-0015409	#CC79A7	chr4
contig-0015410	#CC79A7	chr4
contig-0015411	#009E73	chr3
contig-0015412	#CC79A7	chr4
contig-0015413	#1A7FBA	chr12
contig-0015414	#1A7FBA	chr12
contig-0015415	#1A7FBA	chr12
contig-0015417	#009E73	chr3
contig-0015418	#009E73	chr3
contig-0015419	#009E73	chr3
contig-0015420	#009E73	chr3
contig-0015421	#009E73	chr3
contig-0015422	#CC79A7	chr4
contig-0015423	#CC79A7	chr4
contig-0015424	#CC79A7	chr4
contig-0015425	#E6AB23	chr8
contig-0015426	#E6AB23	chr8
contig-0015427	#E6AB23	chr8
contig-0015428	#E6AB23	chr8
contig-0015429	#E6AB23	chr8
contig-0015430	#00A880	chr10
contig-0015431	#00A880	chr10
contig-0015432	#009E73	chr3
contig-0015433	#00A880	chr10
contig-0015434	#00A880	chr10
contig-0015435	#00A880	chr10
contig-0015436	#CC79A7	chr4
contig-0015437	#CC79A7	chr4
contig-0015438	#CC79A7	chr4
contig-0015439	#CC79A7	chr4
contig-0015440	#CC79A7	chr4
contig-0015441	#E69F00	chr1
contig-0015442	#E69F00	chr1
contig-0015443	#009E73	chr3
contig-0015444	#E69F00	chr1
contig-0015445	#56B4E9	chr2
contig-0015446	#56B4E9	chr2
contig-0015447	#56B4E9	chr2
contig-0015448	#56B4E9	chr2
contig-0015449	#56B4E9	chr2
contig-0015450	#56B4E9	chr2
contig-0015451	#56B4E9	chr2
contig-0015452	#56B4E9	chr2
contig-0015453	#0072B2	chr5
contig-0015454	#009E73	chr3
contig-0015455	#0072B2	chr5
contig-0015456	#0072B2	chr5
contig-0015457	#009E73	chr3
contig-0015458	#009E73	chr3
contig-0015459	#009E73	chr3
contig-0015460	#009E73	chr3
contig-0015461	#009E73	chr3
contig-0015462	#00B28C	chr17
contig-0015463	#00B28C	chr17
contig-0015464	#00B28C	chr17
contig-0015465	#00B28C	chr17
contig-0015466	#00B28C	chr17
contig-0015467	#808080	chr21
contig-0015468	#808080	chr21
contig-0015469	#808080	chr21
contig-0015470	#CC79A7	chr4
contig-0015471	#CC79A7	chr4
contig-0015472	#CC79A7	chr4
contig-0015473	#CC79A7	chr4
contig-0015474	#CC79A7	chr4
contig-0015475	#E6AB23	chr8
contig-0015476	#D57533	chr13
contig-0015477	#56B4E9	chr2
contig-0015478	#56B4E9	chr2
contig-0015479	#56B4E9	chr2
contig-0015480	#56B4E9	chr2
contig-0015481	#56B4E9	chr2
contig-0015482	#56B4E9	chr2
contig-0015483	#009E73	chr3
contig-0015484	#009E73	chr3
contig-0015485	#009E73	chr3
contig-0015486	#D57533	chr13
contig-0015487	#009E73	chr3
contig-0015488	#009E73	chr3
contig-0015489	#E69F00	chr1
contig-0015490	#E69F00	chr1
contig-0015491	#E69F00	chr1
contig-0015492	#E69F00	chr1
contig-0015493	#E69F00	chr1
contig-0015494	#D58C66	chr20
contig-0015495	#D58C66	chr20
contig-0015496	#D58C66	chr20
contig-0015497	#D57533	chr13
contig-0015498	#E6B847	chr15
contig-0015499	#E6B847	chr15
contig-0015500	#56B4E9	chr2
contig-0015501	#56B4E9	chr2
contig-0015502	#56B4E9	chr2
contig-0015503	#56B4E9	chr2
contig-0015504	#56B4E9	chr2
contig-0015505	#E6B847	chr15
contig-0015506	#E6B847	chr15
contig-0015507	#E6B847	chr15
contig-0015508	#D58C66	chr20
contig-0015509	#E6B847	chr15
contig-0015510	#E6B847	chr15
contig-0015511	#00B28C	chr17
contig-0015512	#00B28C	chr17
contig-0015513	#00B28C	chr17
contig-0015514	#00B28C	chr17
contig-0015515	#00B28C	chr17
contig-0015516	#00B28C	chr17
contig-0015517	#00B28C	chr17
contig-0015518	#D58C66	chr20
contig-0015519	#0072B2	chr5
contig-0015520	#0072B2	chr5
contig-0015521	#0072B2	chr5
contig-0015522	#808080	chr21
contig-0015523	#808080	chr21
contig-0015524	#808080	chr21
contig-0015525	#808080	chr21
contig-0015526	#808080	chr21
contig-0015527	#737373	chr14
contig-0015528	#737373	chr14
contig-0015529	#D58C66	chr20
contig-0015530	#737373	chr14
contig-0015531	#737373	chr14
contig-0015532	#737373	chr14
contig-0015533	#E69F00	chr1
contig-0015534	#CC79A7	chr4
contig-0015535	#CC79A7	chr4
contig-0015536	#CC79A7	chr4
contig-0015537	#CC79A7	chr4
contig-0015538	#CC79A7	chr4
contig-0015539	#5699E9	chr9
contig-0015540	#D58C66	chr20
contig-0015541	#5699E9	chr9
contig-0015542	#5699E9	chr9
contig-0015543	#5699E9	chr9
contig-0015544	#5699E9	chr9
contig-0015545	#D58C66	chr20
contig-0015546	#D58C66	chr20
contig-0015547	#D58C66	chr20
contig-0015548	#D58C66	chr20
contig-0015549	#D58C66	chr20
contig-0015550	#D55E00	chr6
contig-0015551	#D58C66	chr20
contig-0015552	#D55E00	chr6
contig-0015553	#D55E00	chr6
contig-0015554	#D55E00	chr6
contig-0015555	#D55E00	chr6
contig-0015556	#D55E00	chr6
contig-0015557	#CC79A7	chr4
contig-0015558	#CC79A7	chr4
contig-0015559	#CC79A7	chr4
contig-0015560	#737373	chr14
contig-0015561	#D57533	chr13
contig-0015562	#737373	chr14
contig-0015563	#737373	chr14
contig-0015564	#0072B2	chr5
contig-0015565	#0072B2	chr5
contig-0015566	#0072B2	chr5
contig-0015567	#0072B2	chr5
contig-0015568	#0072B2	chr5
contig-0015569	#D57533	chr13
contig-0015570	#D57533	chr13
contig-0015571	#D57533	chr13
contig-0015572	#D57533	chr13
contig-0015573	#E69F00	chr1
contig-0015574	#E69F00	chr1
contig-0015575	#E69F00	chr1
contig-0015576	#E69F00	chr1
contig-0015577	#E69F00	chr1
contig-0015578	#009E73	chr3
contig-0015579	#009E73	chr3
contig-0015580	#009E73	chr3
contig-0015581	#009E73	chr3
contig-0015582	#009E73	chr3
contig-0015583	#E6AB23	chr8
contig-0015584	#D57533	chr13
contig-0015585	#D55E00	chr6
contig-0015586	#D55E00	chr6
contig-0015587	#D55E00	chr6
contig-0015588	#567DE9	chr16
contig-0015589	#567DE9	chr16
contig-0015590	#CC79A7	chr4
contig-0015591	#CC79A7	chr4
contig-0015592	#CC79A7	chr4
contig-0015593	#009E73	chr3
contig-0015594	#CC79A7	chr4
contig-0015595	#CC79A7	chr4
contig-0015596	#56B4E9	chr2
contig-0015597	#56B4E9	chr2
contig-0015598	#56B4E9	chr2
contig-0015599	#CC79A7	chr4
contig-0015600	#CC79A7	chr4
contig-0015601	#CC79A7	chr4
contig-0015602	#D55E00	chr6
contig-0015603	#CC79A7	chr4
contig-0015604	#0072B2	chr5
contig-0015605	#0072B2	chr5
contig-0015606	#0072B2	chr5
contig-0015607	#0072B2	chr5
contig-0015608	#0072B2	chr5
contig-0015609	#0072B2	chr5
contig-0015610	#0072B2	chr5
contig-0015611	#0072B2	chr5
contig-0015612	#0072B2	chr5
contig-0015613	#D55E00	chr6
contig-0015614	#0072B2	chr5
contig-0015615	#0072B2	chr5
contig-0015616	#0072B2	chr5
contig-0015617	#0072B2	chr5
contig-0015618	#CCA0BF	chr18
contig-0015619	#CCA0BF	chr18
contig-0015620	#CCA0BF	chr18
contig-0015621	#CCA0BF	chr18
contig-0015622	#CCA0BF	chr18
contig-0015623	#00A880	chr10
contig-0015624	#D55E00	chr6
contig-0015625	#00A880	chr10
contig-0015626	#00A880	chr10
contig-0015627	#737373	chr14
contig-0015628	#737373	chr14
contig-0015629	#737373	chr14
contig-0015630	#737373	chr14
contig-0015631	#737373	chr14
contig-0015632	#E69F00	chr1
contig-0015633	#E69F00	chr1
contig-0015634	#E69F00	chr1
contig-0015635	#D55E00	chr6
contig-0015636	#E69F00	chr1
contig-0015637	#E69F00	chr1
contig-0015638	#E6AB23	chr8
contig-0015639	#E6AB23	chr8
contig-0015640	#E6AB23	chr8
contig-0015641	#E6AB23	chr8
contig-0015642	#E6AB23	chr8
contig-0015643	#1A7FBA	chr12
contig-0015644	#1A7FBA	chr12
contig-0015645	#1A7FBA	chr12
contig-0015646	#D55E00	chr6
contig-0015647	#1A7FBA	chr12
contig-0015648	#1A7FBA	chr12
contig-0015649	#0072B2	chr5
contig-0015650	#0072B2	chr5
contig-0015651	#0072B2	chr5
contig-0015652	#56B4E9	chr2
contig-0015653	#56B4E9	chr2
contig-0015654	#D55E00	chr6
contig-0015655	#56B4E9	chr2
contig-0015656	#E6B847	chr15
contig-0015657	#0072B2	chr5
contig-0015658	#0072B2	chr5
contig-0015659	#0072B2	chr5
contig-0015660	#0072B2	chr5
contig-0015661	#D55E00	chr6
contig-0015662	#0072B2	chr5
contig-0015663	#CC8DB3	chr11
contig-0015664	#CC8DB3	chr11
contig-0015665	#CC8DB3	chr11
contig-0015666	#CC8DB3	chr11
contig-0015667	#1A7FBA	chr12
contig-0015668	#CC8DB3	chr11
contig-0015669	#CC8DB3	chr11
contig-0015670	#CC8DB3	chr11
contig-0015671	#E69F00	chr1
contig-0015672	#E6C47F	chr22
contig-0015673	#E69F00	chr1
contig-0015674	#E69F00	chr1
contig-0015676	#00A880	chr10
contig-0015677	#CC8DB3	chr11
contig-0015678	#E6AB23	chr8
contig-0015679	#E6C47F	chr22
contig-0015680	#00A880	chr10
contig-0015681	#00A880	chr10
contig-0015682	#56B4E9	chr2
contig-0015683	#56B4E9	chr2
contig-0015684	#56B4E9	chr2
contig-0015685	#56B4E9	chr2
contig-0015686	#56B4E9	chr2
contig-0015687	#56B4E9	chr2
contig-0015688	#56B4E9	chr2
contig-0015689	#E6C47F	chr22
contig-0015690	#E6AB23	chr8
contig-0015691	#E6AB23	chr8
contig-0015692	#E6AB23	chr8
contig-0015693	#E6AB23	chr8
contig-0015694	#CCA0BF	chr18
contig-0015695	#D55E00	chr6
contig-0015696	#E69F00	chr1
contig-0015697	#E69F00	chr1
contig-0015698	#E69F00	chr1
contig-0015699	#E69F00	chr1
contig-0015700	#E69F00	chr1
contig-0015701	#666666	chr7
contig-0015702	#666666	chr7
contig-0015703	#666666	chr7
contig-0015704	#666666	chr7
contig-0015705	#666666	chr7
contig-0015706	#D55E00	chr6
contig-0015707	#666666	chr7
contig-0015708	#5699E9	chr9
contig-0015709	#5699E9	chr9
contig-0015710	#5699E9	chr9
contig-0015711	#5699E9	chr9
contig-0015712	#5699E9	chr9
contig-0015713	#5699E9	chr9
contig-0015714	#5699E9	chr9
contig-0015715	#5699E9	chr9
contig-0015716	#D55E00	chr6
contig-0015717	#E6C47F	chr22
contig-0015718	#009E73	chr3
contig-0015719	#009E73	chr3
contig-0015720	#009E73	chr3
contig-0015721	#009E73	chr3
contig-0015722	#009E73	chr3
contig-0015723	#338CC2	chr19
contig-0015724	#338CC2	chr19
contig-0015725	#338CC2	chr19
contig-0015726	#56B4E9	chr2
contig-0015727	#56B4E9	chr2
contig-0015728	#56B4E9	chr2
contig-0015729	#56B4E9	chr2
contig-0015730	#56B4E9	chr2
contig-0015731	#56B4E9	chr2
contig-0015732	#56B4E9	chr2
contig-0015733	#CC8DB3	chr11
contig-0015734	#D55E00	chr6
contig-0015735	#00B28C	chr17
contig-0015736	#00A880	chr10
contig-0015737	#8C564B	chrY
contig-0015738	#8C564B	chrY
contig-0015739	#8C564B	chrY
contig-0015740	#8C564B	chrY
contig-0015741	#D57533	chr13
contig-0015743	#CC8DB3	chr11
contig-0015744	#E69F00	chr1
contig-0015745	#E69F00	chr1
contig-0015746	#00B28C	chr17
contig-0015747	#00B28C	chr17
contig-0015748	#00B28C	chr17
contig-0015749	#00B28C	chr17
contig-0015750	#D57533	chr13
contig-0015751	#0072B2	chr5
contig-0015752	#0072B2	chr5
contig-0015753	#D57533	chr13
contig-0015754	#D57533	chr13
contig-0015755	#D57533	chr13
contig-0015756	#D57533	chr13
contig-0015757	#D57533	chr13
contig-0015758	#D57533	chr13
contig-0015759	#338CC2	chr19
contig-0015760	#56B4E9	chr2
contig-0015761	#56B4E9	chr2
contig-0015762	#56B4E9	chr2
contig-0015763	#56B4E9	chr2
contig-0015764	#56B4E9	chr2
contig-0015765	#00B28C	chr17
contig-0015766	#E6AB23	chr8
contig-0015767	#D57533	chr13
contig-0015768	#009E73	chr3
contig-0015769	#009E73	chr3
contig-0015770	#009E73	chr3
contig-0015772	#737373	chr14
contig-0015773	#737373	chr14
contig-0015774	#737373	chr14
contig-0015775	#737373	chr14
contig-0015776	#737373	chr14
contig-0015777	#737373	chr14
contig-0015778	#D57533	chr13
contig-0015779	#737373	chr14
contig-0015780	#737373	chr14
contig-0015781	#737373	chr14
contig-0015782	#00A880	chr10
contig-0015783	#00A880	chr10
contig-0015784	#00A880	chr10
contig-0015785	#00A880	chr10
contig-0015786	#00A880	chr10
contig-0015787	#00B28C	chr17
contig-0015788	#00A880	chr10
contig-0015789	#00A880	chr10
contig-0015790	#E69F00	chr1
contig-0015791	#1A7FBA	chr12
contig-0015792	#1A7FBA	chr12
contig-0015793	#1A7FBA	chr12
contig-0015794	#1A7FBA	chr12
contig-0015795	#E69F00	chr1
contig-0015796	#E69F00	chr1
contig-0015797	#E69F00	chr1
contig-0015798	#D55E00	chr6
contig-0015799	#D55E00	chr6
contig-0015800	#D55E00	chr6
contig-0015801	#D55E00	chr6
contig-0015802	#D55E00	chr6
contig-0015803	#0072B2	chr5
contig-0015804	#0072B2	chr5
contig-0015805	#0072B2	chr5
contig-0015806	#567DE9	chr16
contig-0015807	#E6AB23	chr8
contig-0015808	#E6AB23	chr8
contig-0015809	#E6AB23	chr8
contig-0015810	#1A7FBA	chr12
contig-0015811	#E6C47F	chr22
contig-0015812	#E6C47F	chr22
contig-0015813	#E6C47F	chr22
contig-0015814	#737373	chr14
contig-0015815	#737373	chr14
contig-0015816	#737373	chr14
contig-0015817	#737373	chr14
contig-0015818	#737373	chr14
contig-0015819	#737373	chr14
contig-0015820	#1A7FBA	chr12
contig-0015821	#737373	chr14
contig-0015822	#666666	chr7
contig-0015823	#666666	chr7
contig-0015824	#666666	chr7
contig-0015826	#00B28C	chr17
contig-0015827	#00B28C	chr17
contig-0015828	#00B28C	chr17
contig-0015829	#1A7FBA	chr12
contig-0015830	#E69F00	chr1
contig-0015831	#E69F00	chr1
contig-0015832	#E69F00	chr1
contig-0015833	#E69F00	chr1
contig-0015834	#E69F00	chr1
contig-0015835	#E69F00	chr1
contig-0015836	#E69F00	chr1
contig-0015837	#E69F00	chr1
contig-0015838	#E6B847	chr15
contig-0015839	#1A7FBA	chr12
contig-0015840	#E6B847	chr15
contig-0015841	#E69F00	chr1
contig-0015842	#E69F00	chr1
contig-0015843	#E69F00	chr1
contig-0015844	#E69F00	chr1
contig-0015845	#E69F00	chr1
contig-0015846	#E69F00	chr1
contig-0015847	#E69F00	chr1
contig-0015848	#1A7FBA	chr12
contig-0015849	#E69F00	chr1
contig-0015850	#E69F00	chr1
contig-0015851	#009E73	chr3
contig-0015852	#009E73	chr3
contig-0015853	#009E73	chr3
contig-0015854	#E69F00	chr1
contig-0015855	#5699E9	chr9
contig-0015856	#5699E9	chr9
contig-0015857	#E6AB23	chr8
contig-0015858	#E6AB23	chr8
contig-0015859	#56B4E9	chr2
contig-0015860	#56B4E9	chr2
contig-0015861	#56B4E9	chr2
contig-0015862	#737373	chr14
contig-0015863	#737373	chr14
contig-0015864	#737373	chr14
contig-0015865	#1A7FBA	chr12
contig-0015866	#1A7FBA	chr12
contig-0015867	#1A7FBA	chr12
contig-0015868	#1A7FBA	chr12
contig-0015869	#E6AB23	chr8
contig-0015870	#1A7FBA	chr12
contig-0015871	#00B28C	chr17
contig-0015872	#338CC2	chr19
contig-0015873	#338CC2	chr19
contig-0015874	#338CC2	chr19
contig-0015875	#338CC2	chr19
contig-0015876	#338CC2	chr19
contig-0015877	#338CC2	chr19
contig-0015878	#E6AB23	chr8
contig-0015879	#666666	chr7
contig-0015880	#666666	chr7
contig-0015881	#666666	chr7
contig-0015882	#666666	chr7
contig-0015883	#666666	chr7
contig-0015884	#5699E9	chr9
contig-0015885	#5699E9	chr9
contig-0015886	#5699E9	chr9
contig-0015887	#5699E9	chr9
contig-0015888	#808080	chr21
contig-0015889	#808080	chr21
contig-0015890	#808080	chr21
contig-0015891	#808080	chr21
contig-0015892	#808080	chr21
contig-0015893	#808080	chr21
contig-0015894	#737373	chr14
contig-0015895	#D58C66	chr20
contig-0015896	#D58C66	chr20
contig-0015897	#E6C47F	chr22
contig-0015898	#D58C66	chr20
contig-0015899	#56B4E9	chr2
contig-0015900	#56B4E9	chr2
contig-0015901	#56B4E9	chr2
contig-0015902	#56B4E9	chr2
contig-0015903	#E6B847	chr15
contig-0015904	#E6B847	chr15
contig-0015905	#E6B847	chr15
contig-0015906	#E69F00	chr1
contig-0015907	#E69F00	chr1
contig-0015908	#E6C47F	chr22
contig-0015909	#E69F00	chr1
contig-0015910	#CC8DB3	chr11
contig-0015911	#CC8DB3	chr11
contig-0015912	#CC8DB3	chr11
contig-0015913	#CC8DB3	chr11
contig-0015914	#00A880	chr10
contig-0015915	#00A880	chr10
contig-0015916	#00A880	chr10
contig-0015917	#E69F00	chr1
contig-0015918	#00A880	chr10
contig-0015919	#00A880	chr10
contig-0015920	#00A880	chr10
contig-0015921	#00A880	chr10
contig-0015922	#E6C47F	chr22
contig-0015923	#E6C47F	chr22
contig-0015924	#D57533	chr13
contig-0015925	#E6C47F	chr22
contig-0015926	#808080	chr21
contig-0015927	#737373	chr14
contig-0015928	#338CC2	chr19
contig-0015929	#338CC2	chr19
contig-0015930	#338CC2	chr19
contig-0015931	#338CC2	chr19
contig-0015932	#338CC2	chr19
contig-0015933	#338CC2	chr19
contig-0015934	#338CC2	chr19
contig-0015935	#56B4E9	chr2
contig-0015936	#56B4E9	chr2
contig-0015937	#56B4E9	chr2
contig-0015938	#56B4E9	chr2
contig-0015939	#56B4E9	chr2
contig-0015940	#D55E00	chr6
contig-0015941	#D55E00	chr6
contig-0015942	#D55E00	chr6
contig-0015943	#D55E00	chr6
contig-0015944	#D55E00	chr6
contig-0015945	#D57533	chr13
contig-0015946	#D57533	chr13
contig-0015947	#D57533	chr13
contig-0015948	#D57533	chr13
contig-0015949	#D57533	chr13
contig-0015950	#00B28C	chr17
contig-0015951	#00B28C	chr17
contig-0015952	#00B28C	chr17
contig-0015953	#E69F00	chr1
contig-0015954	#E69F00	chr1
contig-0015955	#E6AB23	chr8
contig-0015956	#E69F00	chr1
contig-0015957	#E69F00	chr1
contig-0015959	#1A7FBA	chr12
contig-0015960	#1A7FBA	chr12
contig-0015961	#1A7FBA	chr12
contig-0015962	#1A7FBA	chr12
contig-0015963	#1A7FBA	chr12
contig-0015964	#E69F00	chr1
contig-0015965	#666666	chr7
contig-0015966	#666666	chr7
contig-0015967	#56B4E9	chr2
contig-0015968	#56B4E9	chr2
contig-0015969	#56B4E9	chr2
contig-0015970	#56B4E9	chr2
contig-0015971	#56B4E9	chr2
contig-0015972	#009E73	chr3
contig-0015973	#009E73	chr3
contig-0015974	#D57533	chr13
contig-0015975	#D57533	chr13
contig-0015976	#E6C47F	chr22
contig-0015977	#00B28C	chr17
contig-0015978	#00B28C	chr17
contig-0015979	#00B28C	chr17
contig-0015980	#00B28C	chr17
contig-0015981	#00B28C	chr17
contig-0015982	#E69F00	chr1
contig-0015983	#D57533	chr13
contig-0015984	#D58C66	chr20
contig-0015985	#D58C66	chr20
contig-0015986	#D58C66	chr20
contig-0015987	#D58C66	chr20
contig-0015988	#D58C66	chr20
contig-0015989	#E6AB23	chr8
contig-0015990	#E6AB23	chr8
contig-0015991	#E69F00	chr1
contig-0015992	#E6AB23	chr8
contig-0015993	#E6AB23	chr8
contig-0015994	#E6AB23	chr8
contig-0015995	#666666	chr7
contig-0015996	#666666	chr7
contig-0015997	#666666	chr7
contig-0015998	#56B4E9	chr2
contig-0015999	#56B4E9	chr2
contig-0016000	#E69F00	chr1
contig-0016001	#56B4E9	chr2
contig-0016002	#567DE9	chr16
contig-0016003	#567DE9	chr16
contig-0016004	#567DE9	chr16
contig-0016005	#567DE9	chr16
contig-0016006	#567DE9	chr16
contig-0016007	#00A880	chr10
contig-0016008	#00A880	chr10
contig-0016009	#E69F00	chr1
contig-0016010	#00A880	chr10
contig-0016011	#CCA0BF	chr18
contig-0016012	#CCA0BF	chr18
contig-0016013	#CCA0BF	chr18
contig-0016014	#CCA0BF	chr18
contig-0016015	#5699E9	chr9
contig-0016016	#5699E9	chr9
contig-0016017	#5699E9	chr9
contig-0016018	#5699E9	chr9
contig-0016019	#5699E9	chr9
contig-0016020	#E69F00	chr1
contig-0016022	#00B28C	chr17
contig-0016023	#0072B2	chr5
contig-0016024	#56B4E9	chr2
contig-0016025	#56B4E9	chr2
contig-0016026	#56B4E9	chr2
contig-0016027	#56B4E9	chr2
contig-0016028	#56B4E9	chr2
contig-0016029	#E69F00	chr1
contig-0016030	#E6B847	chr15
contig-0016031	#E6B847	chr15
contig-0016032	#E6B847	chr15
contig-0016033	#E6B847	chr15
contig-0016034	#00A880	chr10
contig-0016035	#00A880	chr10
contig-0016036	#00A880	chr10
contig-0016037	#00A880	chr10
contig-0016038	#00A880	chr10
contig-0016039	#1A7FBA	chr12
contig-0016040	#D58C66	chr20
contig-0016041	#D58C66	chr20
contig-0016042	#D58C66	chr20
contig-0016043	#D58C66	chr20
contig-0016044	#D58C66	chr20
contig-0016045	#D58C66	chr20
contig-0016046	#D58C66	chr20
contig-0016047	#00B28C	chr17
contig-0016048	#00B28C	chr17
contig-0016049	#E6AB23	chr8
contig-0016050	#1A7FBA	chr12
contig-0016051	#00B28C	chr17
contig-0016052	#00B28C	chr17
contig-0016053	#00B28C	chr17
contig-0016054	#D55E00	chr6
contig-0016055	#D55E00	chr6
contig-0016056	#00A880	chr10
contig-0016057	#56B4E9	chr2
contig-0016058	#56B4E9	chr2
contig-0016059	#56B4E9	chr2
contig-0016060	#56B4E9	chr2
contig-0016061	#1A7FBA	chr12
contig-0016062	#56B4E9	chr2
contig-0016063	#00A880	chr10
contig-0016064	#00A880	chr10
contig-0016065	#CC79A7	chr4
contig-0016066	#00A880	chr10
contig-0016067	#CC79A7	chr4
contig-0016068	#CCA0BF	chr18
contig-0016069	#808080	chr21
contig-0016070	#E6B847	chr15
contig-0016071	#E6C47F	chr22
contig-0016072	#E6C47F	chr22
contig-0016073	#00A880	chr10
contig-0016074	#00A880	chr10
contig-0016075	#00A880	chr10
contig-0016076	#5699E9	chr9
contig-0016077	#CC8DB3	chr11
contig-0016078	#CC8DB3	chr11
contig-0016079	#E6B847	chr15
contig-0016080	#CC8DB3	chr11
contig-0016081	#CC8DB3	chr11
contig-0016082	#CC8DB3	chr11
contig-0016083	#CC8DB3	chr11
contig-0016084	#CC8DB3	chr11
contig-0016085	#E6AB23	chr8
contig-0016086	#E6AB23	chr8
contig-0016087	#E6AB23	chr8
contig-0016088	#E6AB23	chr8
contig-0016089	#56B4E9	chr2
contig-0016090	#56B4E9	chr2
contig-0016091	#56B4E9	chr2
contig-0016092	#56B4E9	chr2
contig-0016093	#56B4E9	chr2
contig-0016094	#666666	chr7
contig-0016095	#666666	chr7
contig-0016096	#666666	chr7
contig-0016097	#666666	chr7
contig-0016098	#00B28C	chr17
contig-0016099	#E6B847	chr15
contig-0016100	#00B28C	chr17
contig-0016101	#00B28C	chr17
contig-0016102	#E6C47F	chr22
contig-0016103	#E6C47F	chr22
contig-0016104	#CC79A7	chr4
contig-0016105	#CC79A7	chr4
contig-0016106	#CC79A7	chr4
contig-0016107	#CC79A7	chr4
contig-0016108	#CC8DB3	chr11
contig-0016109	#E69F00	chr1
contig-0016110	#E69F00	chr1
contig-0016111	#E69F00	chr1
contig-0016112	#E6B847	chr15
contig-0016113	#666666	chr7
contig-0016114	#666666	chr7
contig-0016115	#666666	chr7
contig-0016116	#666666	chr7
contig-0016117	#CC8DB3	chr11
contig-0016118	#666666	chr7
contig-0016119	#666666	chr7
contig-0016120	#666666	chr7
contig-0016121	#666666	chr7
contig-0016122	#666666	chr7
contig-0016123	#737373	chr14
contig-0016124	#808080	chr21
contig-0016125	#D57533	chr13
contig-0016126	#E69F00	chr1
contig-0016127	#E69F00	chr1
contig-0016128	#737373	chr14
contig-0016129	#737373	chr14
contig-0016130	#737373	chr14
contig-0016131	#737373	chr14
contig-0016132	#737373	chr14
contig-0016133	#E6B847	chr15
contig-0016134	#E6B847	chr15
contig-0016135	#E6B847	chr15
contig-0016136	#E6B847	chr15
contig-0016137	#CC8DB3	chr11
contig-0016138	#E6B847	chr15
contig-0016139	#CC79A7	chr4
contig-0016140	#CC79A7	chr4
contig-0016141	#CC79A7	chr4
contig-0016142	#0072B2	chr5
contig-0016143	#0072B2	chr5
contig-0016144	#0072B2	chr5
contig-0016145	#0072B2	chr5
contig-0016146	#0072B2	chr5
contig-0016147	#E6AB23	chr8
contig-0016148	#CC8DB3	chr11
contig-0016149	#56B4E9	chr2
contig-0016150	#56B4E9	chr2
contig-0016151	#009E73	chr3
contig-0016152	#009E73	chr3
contig-0016153	#009E73	chr3
contig-0016154	#666666	chr7
contig-0016155	#666666	chr7
contig-0016156	#CC8DB3	chr11
contig-0016157	#666666	chr7
contig-0016158	#666666	chr7
contig-0016159	#666666	chr7
contig-0016160	#666666	chr7
contig-0016161	#666666	chr7
contig-0016162	#666666	chr7
contig-0016163	#666666	chr7
contig-0016164	#56B4E9	chr2
contig-0016165	#56B4E9	chr2
contig-0016166	#CC8DB3	chr11
contig-0016167	#56B4E9	chr2
contig-0016168	#56B4E9	chr2
contig-0016169	#CC79A7	chr4
contig-0016170	#CC79A7	chr4
contig-0016171	#CC79A7	chr4
contig-0016172	#CC79A7	chr4
contig-0016173	#CC79A7	chr4
contig-0016174	#56B4E9	chr2
contig-0016175	#56B4E9	chr2
contig-0016176	#56B4E9	chr2
contig-0016177	#009E73	chr3
contig-0016178	#56B4E9	chr2
contig-0016179	#56B4E9	chr2
contig-0016180	#E6AB23	chr8
contig-0016181	#666666	chr7
contig-0016182	#666666	chr7
contig-0016183	#666666	chr7
contig-0016184	#666666	chr7
contig-0016185	#E69F00	chr1
contig-0016186	#009E73	chr3
contig-0016187	#E69F00	chr1
contig-0016188	#E6B847	chr15
contig-0016189	#E6B847	chr15
contig-0016190	#E6B847	chr15
contig-0016191	#E6B847	chr15
contig-0016192	#E6B847	chr15
contig-0016193	#009E73	chr3
contig-0016194	#009E73	chr3
contig-0016195	#009E73	chr3
contig-0016196	#009E73	chr3
contig-0016197	#56B4E9	chr2
contig-0016198	#56B4E9	chr2
contig-0016199	#0072B2	chr5
contig-0016200	#0072B2	chr5
contig-0016201	#5699E9	chr9
contig-0016202	#5699E9	chr9
contig-0016203	#5699E9	chr9
contig-0016204	#5699E9	chr9
contig-0016205	#009E73	chr3
contig-0016206	#5699E9	chr9
contig-0016207	#666666	chr7
contig-0016208	#666666	chr7
contig-0016209	#E69F00	chr1
contig-0016210	#E69F00	chr1
contig-0016211	#E69F00	chr1
contig-0016212	#E69F00	chr1
contig-0016213	#E69F00	chr1
contig-0016214	#D55E00	chr6
contig-0016215	#D55E00	chr6
contig-0016216	#009E73	chr3
contig-0016217	#D55E00	chr6
contig-0016218	#D55E00	chr6
contig-0016219	#D55E00	chr6
contig-0016220	#00B28C	chr17
contig-0016221	#00B28C	chr17
contig-0016222	#00B28C	chr17
contig-0016223	#00B28C	chr17
contig-0016224	#00B28C	chr17
contig-0016225	#E69F00	chr1
contig-0016226	#00B28C	chr17
contig-0016227	#56B4E9	chr2
contig-0016228	#56B4E9	chr2
contig-0016229	#CCA0BF	chr18
contig-0016230	#D55E00	chr6
contig-0016231	#D55E00	chr6
contig-0016232	#D55E00	chr6
contig-0016233	#E69F00	chr1
contig-0016234	#D55E00	chr6
contig-0016235	#D55E00	chr6
contig-0016236	#CCA0BF	chr18
contig-0016237	#CCA0BF	chr18
contig-0016238	#CCA0BF	chr18
contig-0016239	#CCA0BF	chr18
contig-0016240	#CCA0BF	chr18
contig-0016241	#E69F00	chr1
contig-0016242	#338CC2	chr19
contig-0016243	#338CC2	chr19
contig-0016244	#338CC2	chr19
contig-0016245	#338CC2	chr19
contig-0016246	#338CC2	chr19
contig-0016247	#56B4E9	chr2
contig-0016248	#56B4E9	chr2
contig-0016249	#56B4E9	chr2
contig-0016250	#56B4E9	chr2
contig-0016251	#E69F00	chr1
contig-0016252	#56B4E9	chr2
contig-0016253	#338CC2	chr19
contig-0016254	#D57533	chr13
contig-0016255	#D57533	chr13
contig-0016256	#D57533	chr13
contig-0016257	#D57533	chr13
contig-0016258	#D57533	chr13
contig-0016259	#D57533	chr13
contig-0016260	#D57533	chr13
contig-0016261	#E69F00	chr1
contig-0016262	#D57533	chr13
contig-0016263	#D57533	chr13
contig-0016264	#D57533	chr13
contig-0016265	#D57533	chr13
contig-0016266	#0072B2	chr5
contig-0016267	#0072B2	chr5
contig-0016268	#0072B2	chr5
contig-0016269	#0072B2	chr5
contig-0016270	#0072B2	chr5
contig-0016271	#666666	chr7
contig-0016272	#009E73	chr3
contig-0016273	#009E73	chr3
contig-0016274	#009E73	chr3
contig-0016275	#009E73	chr3
contig-0016276	#009E73	chr3
contig-0016277	#338CC2	chr19
contig-0016278	#338CC2	chr19
contig-0016279	#338CC2	chr19
contig-0016280	#666666	chr7
contig-0016281	#E69F00	chr1
contig-0016282	#E69F00	chr1
contig-0016283	#E69F00	chr1
contig-0016284	#E69F00	chr1
contig-0016285	#E69F00	chr1
contig-0016286	#CCA0BF	chr18
contig-0016287	#CCA0BF	chr18
contig-0016288	#CCA0BF	chr18
contig-0016289	#CCA0BF	chr18
contig-0016290	#CCA0BF	chr18
contig-0016291	#666666	chr7
contig-0016292	#E6B847	chr15
contig-0016293	#E6B847	chr15
contig-0016294	#E6B847	chr15
contig-0016295	#E6B847	chr15
contig-0016296	#E6B847	chr15
contig-0016297	#00B28C	chr17
contig-0016298	#00B28C	chr17
contig-0016299	#737373	chr14
contig-0016300	#737373	chr14
contig-0016301	#737373	chr14
contig-0016302	#D55E00	chr6
contig-0016303	#737373	chr14
contig-0016304	#5699E9	chr9
contig-0016305	#5699E9	chr9
contig-0016306	#D55E00	chr6
contig-0016307	#D55E00	chr6
contig-0016308	#D55E00	chr6
contig-0016309	#D55E00	chr6
contig-0016310	#D55E00	chr6
contig-0016311	#D55E00	chr6
contig-0016312	#D55E00	chr6
contig-0016313	#D55E00	chr6
contig-0016314	#D55E00	chr6
contig-0016315	#D55E00	chr6
contig-0016316	#666666	chr7
contig-0016317	#666666	chr7
contig-0016318	#666666	chr7
contig-0016319	#D57533	chr13
contig-0016320	#D57533	chr13
contig-0016321	#D57533	chr13
contig-0016322	#D55E00	chr6
contig-0016323	#D57533	chr13
contig-0016324	#D57533	chr13
contig-0016325	#E6AB23	chr8
contig-0016326	#E6AB23	chr8
contig-0016327	#E6AB23	chr8
contig-0016328	#E6AB23	chr8
contig-0016329	#E6AB23	chr8
contig-0016330	#5699E9	chr9
contig-0016331	#D55E00	chr6
contig-0016332	#5699E9	chr9
contig-0016333	#5699E9	chr9
contig-0016334	#CC8DB3	chr11
contig-0016335	#CC8DB3	chr11
contig-0016336	#CC8DB3	chr11
contig-0016337	#CC8DB3	chr11
contig-0016338	#737373	chr14
contig-0016339	#737373	chr14
contig-0016340	#00A880	chr10
contig-0016341	#56B4E9	chr2
contig-0016342	#D55E00	chr6
contig-0016343	#00A880	chr10
contig-0016344	#00A880	chr10
contig-0016345	#00A880	chr10
contig-0016346	#00A880	chr10
contig-0016347	#D58C66	chr20
contig-0016348	#D58C66	chr20
contig-0016349	#D58C66	chr20
contig-0016350	#56B4E9	chr2
contig-0016351	#56B4E9	chr2
contig-0016352	#CC79A7	chr4
contig-0016353	#56B4E9	chr2
contig-0016354	#00A880	chr10
contig-0016355	#00A880	chr10
contig-0016356	#E69F00	chr1
contig-0016357	#E69F00	chr1
contig-0016359	#CC79A7	chr4
contig-0016360	#D57533	chr13
contig-0016361	#009E73	chr3
contig-0016362	#0072B2	chr5
contig-0016363	#0072B2	chr5
contig-0016364	#0072B2	chr5
contig-0016365	#0072B2	chr5
contig-0016366	#CC79A7	chr4
contig-0016367	#0072B2	chr5
contig-0016368	#0072B2	chr5
contig-0016369	#0072B2	chr5
contig-0016370	#5699E9	chr9
contig-0016371	#5699E9	chr9
contig-0016372	#5699E9	chr9
contig-0016373	#CC79A7	chr4
contig-0016374	#5699E9	chr9
contig-0016375	#5699E9	chr9
contig-0016376	#CC8DB3	chr11
contig-0016377	#E6B847	chr15
contig-0016378	#E6B847	chr15
contig-0016379	#E6B847	chr15
contig-0016380	#E6B847	chr15
contig-0016381	#E6B847	chr15
contig-0016382	#E6B847	chr15
contig-0016383	#E6B847	chr15
contig-0016384	#CC79A7	chr4
contig-0016385	#567DE9	chr16
contig-0016386	#567DE9	chr16
contig-0016387	#567DE9	chr16
contig-0016388	#567DE9	chr16
contig-0016389	#567DE9	chr16
contig-0016390	#E6B847	chr15
contig-0016391	#E6B847	chr15
contig-0016392	#737373	chr14
contig-0016393	#737373	chr14
contig-0016394	#737373	chr14
contig-0016395	#567DE9	chr16
contig-0016396	#737373	chr14
contig-0016397	#737373	chr14
contig-0016398	#737373	chr14
contig-0016399	#9467BD	chrX
contig-0016400	#9467BD	chrX
contig-0016401	#9467BD	chrX
contig-0016402	#9467BD	chrX
contig-0016403	#9467BD	chrX
contig-0016404	#666666	chr7
contig-0016405	#666666	chr7
contig-0016406	#567DE9	chr16
contig-0016407	#666666	chr7
contig-0016408	#666666	chr7
contig-0016409	#666666	chr7
contig-0016410	#D55E00	chr6
contig-0016411	#666666	chr7
contig-0016412	#666666	chr7
contig-0016413	#666666	chr7
contig-0016414	#666666	chr7
contig-0016415	#666666	chr7
contig-0016416	#567DE9	chr16
contig-0016417	#666666	chr7
contig-0016418	#666666	chr7
contig-0016419	#9467BD	chrX
contig-0016420	#9467BD	chrX
contig-0016421	#E6AB23	chr8
contig-0016422	#E6AB23	chr8
contig-0016423	#E6AB23	chr8
contig-0016424	#567DE9	chr16
contig-0016425	#56B4E9	chr2
contig-0016426	#56B4E9	chr2
contig-0016427	#56B4E9	chr2
contig-0016428	#009E73	chr3
contig-0016429	#009E73	chr3
contig-0016430	#009E73	chr3
contig-0016431	#009E73	chr3
contig-0016432	#009E73	chr3
contig-0016433	#009E73	chr3
contig-0016434	#D57533	chr13
contig-0016435	#567DE9	chr16
contig-0016436	#0072B2	chr5
contig-0016437	#E6B847	chr15
contig-0016438	#E6B847	chr15
contig-0016439	#E6B847	chr15
contig-0016440	#E6B847	chr15
contig-0016441	#E6B847	chr15
contig-0016442	#D55E00	chr6
contig-0016443	#D55E00	chr6
contig-0016444	#D55E00	chr6
contig-0016445	#567DE9	chr16
contig-0016446	#00B28C	chr17
contig-0016447	#00B28C	chr17
contig-0016448	#00B28C	chr17
contig-0016449	#00B28C	chr17
contig-0016450	#00B28C	chr17
contig-0016451	#808080	chr21
contig-0016452	#737373	chr14
contig-0016453	#808080	chr21
contig-0016454	#E6AB23	chr8
contig-0016455	#567DE9	chr16
contig-0016456	#E6AB23	chr8
contig-0016457	#E6AB23	chr8
contig-0016458	#E6AB23	chr8
contig-0016459	#E6AB23	chr8
contig-0016460	#E6AB23	chr8
contig-0016461	#E6AB23	chr8
contig-0016462	#009E73	chr3
contig-0016463	#009E73	chr3
contig-0016464	#009E73	chr3
contig-0016465	#CC8DB3	chr11
contig-0016466	#E6AB23	chr8
contig-0016467	#E6AB23	chr8
contig-0016468	#E6B847	chr15
contig-0016469	#E6B847	chr15
contig-0016470	#E6B847	chr15
contig-0016471	#E6B847	chr15
contig-0016472	#E6AB23	chr8
contig-0016473	#E6AB23	chr8
contig-0016474	#CC8DB3	chr11
contig-0016475	#E6AB23	chr8
contig-0016476	#E6AB23	chr8
contig-0016477	#E6AB23	chr8
contig-0016478	#808080	chr21
contig-0016479	#D57533	chr13
contig-0016480	#737373	chr14
contig-0016481	#D57533	chr13
contig-0016482	#E6B847	chr15
contig-0016483	#808080	chr21
contig-0016484	#808080	chr21
contig-0016485	#CC8DB3	chr11
contig-0016486	#808080	chr21
contig-0016487	#CC8DB3	chr11
contig-0016488	#CC8DB3	chr11
contig-0016489	#CC8DB3	chr11
contig-0016490	#CC8DB3	chr11
contig-0016491	#CC8DB3	chr11
contig-0016492	#D57533	chr13
contig-0016493	#E6C47F	chr22
contig-0016494	#CC8DB3	chr11
contig-0016495	#E6C47F	chr22
contig-0016496	#808080	chr21
contig-0016497	#808080	chr21
contig-0016498	#E6C47F	chr22
contig-0016499	#E6B847	chr15
contig-0016500	#E6B847	chr15
contig-0016501	#737373	chr14
contig-0016502	#808080	chr21
contig-0016503	#E6B847	chr15
contig-0016504	#CC79A7	chr4
contig-0016505	#CC8DB3	chr11
contig-0016506	#CC79A7	chr4
contig-0016507	#CC79A7	chr4
contig-0016508	#CC79A7	chr4
contig-0016509	#D57533	chr13
contig-0016510	#D57533	chr13
contig-0016511	#D57533	chr13
contig-0016512	#D57533	chr13
contig-0016513	#D57533	chr13
contig-0016514	#666666	chr7
contig-0016515	#666666	chr7
contig-0016516	#567DE9	chr16
contig-0016517	#666666	chr7
contig-0016518	#56B4E9	chr2
contig-0016519	#56B4E9	chr2
contig-0016520	#56B4E9	chr2
contig-0016521	#56B4E9	chr2
contig-0016522	#56B4E9	chr2
contig-0016523	#1A7FBA	chr12
contig-0016524	#1A7FBA	chr12
contig-0016525	#1A7FBA	chr12
contig-0016526	#1A7FBA	chr12
contig-0016527	#567DE9	chr16
contig-0016528	#1A7FBA	chr12
contig-0016529	#5699E9	chr9
contig-0016530	#5699E9	chr9
contig-0016531	#5699E9	chr9
contig-0016532	#00A880	chr10
contig-0016533	#00A880	chr10
contig-0016534	#00A880	chr10
contig-0016535	#D57533	chr13
contig-0016536	#E6B847	chr15
contig-0016537	#00B28C	chr17
contig-0016538	#0072B2	chr5
contig-0016539	#0072B2	chr5
contig-0016540	#0072B2	chr5
contig-0016541	#CCA0BF	chr18
contig-0016542	#CCA0BF	chr18
contig-0016543	#CCA0BF	chr18
contig-0016544	#CCA0BF	chr18
contig-0016545	#CCA0BF	chr18
contig-0016546	#D58C66	chr20
contig-0016547	#D58C66	chr20
contig-0016548	#D58C66	chr20
contig-0016549	#D58C66	chr20
contig-0016550	#D58C66	chr20
contig-0016551	#D58C66	chr20
contig-0016552	#00B28C	chr17
contig-0016553	#00B28C	chr17
contig-0016554	#E6B847	chr15
contig-0016555	#00B28C	chr17
contig-0016557	#D57533	chr13
contig-0016558	#737373	chr14
contig-0016559	#D57533	chr13
contig-0016560	#666666	chr7
contig-0016561	#E6B847	chr15
contig-0016562	#E6AB23	chr8
contig-0016563	#E6AB23	chr8
contig-0016564	#E6AB23	chr8
contig-0016565	#D57533	chr13
contig-0016566	#D57533	chr13
contig-0016567	#D57533	chr13
contig-0016568	#E69F00	chr1
contig-0016569	#E69F00	chr1
contig-0016570	#E69F00	chr1
contig-0016571	#E69F00	chr1
contig-0016572	#E6B847	chr15
contig-0016573	#E69F00	chr1
contig-0016574	#E69F00	chr1
contig-0016575	#E69F00	chr1
contig-0016576	#1A7FBA	chr12
contig-0016577	#1A7FBA	chr12
contig-0016578	#1A7FBA	chr12
contig-0016579	#1A7FBA	chr12
contig-0016580	#1A7FBA	chr12
contig-0016581	#666666	chr7
contig-0016582	#666666	chr7
contig-0016583	#666666	chr7
contig-0016584	#666666	chr7
contig-0016585	#E69F00	chr1
contig-0016586	#E69F00	chr1
contig-0016587	#E69F00	chr1
contig-0016588	#D55E00	chr6
contig-0016589	#D55E00	chr6
contig-0016590	#D55E00	chr6
contig-0016591	#666666	chr7
contig-0016592	#D55E00	chr6
contig-0016593	#D55E00	chr6
contig-0016594	#D55E00	chr6
contig-0016595	#D55E00	chr6
contig-0016597	#1A7FBA	chr12
contig-0016598	#666666	chr7
contig-0016599	#666666	chr7
contig-0016600	#666666	chr7
contig-0016601	#00B28C	chr17
contig-0016602	#666666	chr7
contig-0016603	#666666	chr7
contig-0016604	#CCA0BF	chr18
contig-0016605	#CCA0BF	chr18
contig-0016606	#666666	chr7
contig-0016607	#009E73	chr3
contig-0016608	#009E73	chr3
contig-0016609	#009E73	chr3
contig-0016610	#009E73	chr3
contig-0016611	#00B28C	chr17
contig-0016612	#009E73	chr3
contig-0016613	#009E73	chr3
contig-0016614	#009E73	chr3
contig-0016615	#737373	chr14
contig-0016616	#737373	chr14
contig-0016617	#737373	chr14
contig-0016618	#737373	chr14
contig-0016619	#737373	chr14
contig-0016620	#56B4E9	chr2
contig-0016621	#56B4E9	chr2
contig-0016622	#00B28C	chr17
contig-0016623	#56B4E9	chr2
contig-0016624	#56B4E9	chr2
contig-0016625	#56B4E9	chr2
contig-0016626	#56B4E9	chr2
contig-0016627	#56B4E9	chr2
contig-0016628	#56B4E9	chr2
contig-0016629	#56B4E9	chr2
contig-0016630	#567DE9	chr16
contig-0016631	#567DE9	chr16
contig-0016632	#567DE9	chr16
contig-0016633	#D57533	chr13
contig-0016634	#567DE9	chr16
contig-0016635	#567DE9	chr16
contig-0016636	#1A7FBA	chr12
contig-0016637	#1A7FBA	chr12
contig-0016638	#1A7FBA	chr12
contig-0016639	#56B4E9	chr2
contig-0016640	#56B4E9	chr2
contig-0016641	#56B4E9	chr2
contig-0016642	#56B4E9	chr2
contig-0016643	#E69F00	chr1
contig-0016644	#5699E9	chr9
contig-0016645	#5699E9	chr9
contig-0016646	#5699E9	chr9
contig-0016647	#5699E9	chr9
contig-0016648	#00A880	chr10
contig-0016649	#00A880	chr10
contig-0016650	#E6B847	chr15
contig-0016651	#00B28C	chr17
contig-0016652	#E6B847	chr15
contig-0016653	#E6B847	chr15
contig-0016654	#CC8DB3	chr11
contig-0016655	#CC8DB3	chr11
contig-0016656	#CC8DB3	chr11
contig-0016657	#737373	chr14
contig-0016658	#737373	chr14
contig-0016659	#E6B847	chr15
contig-0016660	#CC79A7	chr4
contig-0016661	#CC79A7	chr4
contig-0016662	#CC79A7	chr4
contig-0016663	#009E73	chr3
contig-0016664	#009E73	chr3
contig-0016665	#009E73	chr3
contig-0016667	#56B4E9	chr2
contig-0016668	#E6C47F	chr22
contig-0016669	#E6C47F	chr22
contig-0016670	#338CC2	chr19
contig-0016671	#338CC2	chr19
contig-0016672	#338CC2	chr19
contig-0016673	#338CC2	chr19
contig-0016674	#338CC2	chr19
contig-0016675	#338CC2	chr19
contig-0016676	#D57533	chr13
contig-0016677	#D57533	chr13
contig-0016678	#E69F00	chr1
contig-0016679	#338CC2	chr19
contig-0016680	#E69F00	chr1
contig-0016681	#E69F00	chr1
contig-0016682	#E69F00	chr1
contig-0016683	#E69F00	chr1
contig-0016684	#56B4E9	chr2
contig-0016685	#56B4E9	chr2
contig-0016686	#56B4E9	chr2
contig-0016687	#D58C66	chr20
contig-0016688	#D58C66	chr20
contig-0016689	#338CC2	chr19
contig-0016690	#D58C66	chr20
contig-0016691	#D58C66	chr20
contig-0016692	#0072B2	chr5
contig-0016693	#0072B2	chr5
contig-0016694	#0072B2	chr5
contig-0016695	#0072B2	chr5
contig-0016696	#0072B2	chr5
contig-0016697	#00A880	chr10
contig-0016698	#00A880	chr10
contig-0016699	#00A880	chr10
contig-0016700	#338CC2	chr19
contig-0016701	#338CC2	chr19
contig-0016702	#E69F00	chr1
contig-0016703	#E69F00	chr1
contig-0016704	#E69F00	chr1
contig-0016705	#CCA0BF	chr18
contig-0016706	#CCA0BF	chr18
contig-0016707	#CCA0BF	chr18
contig-0016708	#CCA0BF	chr18
contig-0016709	#CCA0BF	chr18
contig-0016710	#338CC2	chr19
contig-0016711	#E6C47F	chr22
contig-0016712	#E69F00	chr1
contig-0016713	#E69F00	chr1
contig-0016714	#E69F00	chr1
contig-0016715	#E69F00	chr1
contig-0016716	#E69F00	chr1
contig-0016717	#0072B2	chr5
contig-0016718	#0072B2	chr5
contig-0016719	#0072B2	chr5
contig-0016720	#E69F00	chr1
contig-0016721	#567DE9	chr16
contig-0016722	#E69F00	chr1
contig-0016723	#E69F00	chr1
contig-0016724	#E69F00	chr1
contig-0016725	#E69F00	chr1
contig-0016726	#666666	chr7
contig-0016727	#666666	chr7
contig-0016728	#666666	chr7
contig-0016730	#666666	chr7
contig-0016731	#666666	chr7
contig-0016732	#D57533	chr13
contig-0016733	#666666	chr7
contig-0016734	#666666	chr7
contig-0016735	#666666	chr7
contig-0016736	#E69F00	chr1
contig-0016737	#E69F00	chr1
contig-0016738	#E69F00	chr1
contig-0016739	#D57533	chr13
contig-0016740	#D57533	chr13
contig-0016741	#567DE9	chr16
contig-0016742	#E6C47F	chr22
contig-0016743	#E6C47F	chr22
contig-0016744	#D57533	chr13
contig-0016745	#E6C47F	chr22
contig-0016746	#D57533	chr13
contig-0016747	#338CC2	chr19
contig-0016748	#D57533	chr13
contig-0016749	#E6C47F	chr22
contig-0016750	#808080	chr21
contig-0016751	#E6C47F	chr22
contig-0016752	#808080	chr21
contig-0016753	#D57533	chr13
contig-0016754	#808080	chr21
contig-0016755	#808080	chr21
contig-0016756	#808080	chr21
contig-0016757	#338CC2	chr19
contig-0016758	#5699E9	chr9
contig-0016759	#5699E9	chr9
contig-0016760	#5699E9	chr9
contig-0016761	#5699E9	chr9
contig-0016762	#5699E9	chr9
contig-0016763	#5699E9	chr9
contig-0016764	#E69F00	chr1
contig-0016765	#E69F00	chr1
contig-0016766	#E69F00	chr1
contig-0016767	#338CC2	chr19
contig-0016768	#E69F00	chr1
contig-0016769	#E69F00	chr1
contig-0016770	#E69F00	chr1
contig-0016772	#56B4E9	chr2
contig-0016773	#56B4E9	chr2
contig-0016774	#56B4E9	chr2
contig-0016775	#56B4E9	chr2
contig-0016776	#56B4E9	chr2
contig-0016777	#0072B2	chr5
contig-0016778	#338CC2	chr19
contig-0016779	#0072B2	chr5
contig-0016780	#0072B2	chr5
contig-0016781	#CC8DB3	chr11
contig-0016782	#CC8DB3	chr11
contig-0016783	#CC8DB3	chr11
contig-0016784	#CC8DB3	chr11
contig-0016785	#CC8DB3	chr11
contig-0016786	#D57533	chr13
contig-0016787	#338CC2	chr19
contig-0016788	#D57533	chr13
contig-0016789	#D57533	chr13
contig-0016790	#D57533	chr13
contig-0016791	#D57533	chr13
contig-0016792	#D57533	chr13
contig-0016793	#1A7FBA	chr12
contig-0016794	#1A7FBA	chr12
contig-0016795	#1A7FBA	chr12
contig-0016796	#1A7FBA	chr12
contig-0016797	#567DE9	chr16
contig-0016798	#1A7FBA	chr12
contig-0016799	#D57533	chr13
contig-0016800	#D57533	chr13
contig-0016801	#D57533	chr13
contig-0016802	#D57533	chr13
contig-0016803	#00B28C	chr17
contig-0016804	#00B28C	chr17
contig-0016805	#00B28C	chr17
contig-0016806	#666666	chr7
contig-0016807	#666666	chr7
contig-0016808	#567DE9	chr16
contig-0016809	#666666	chr7
contig-0016810	#666666	chr7
contig-0016811	#338CC2	chr19
contig-0016812	#338CC2	chr19
contig-0016813	#338CC2	chr19
contig-0016814	#338CC2	chr19
contig-0016815	#338CC2	chr19
contig-0016816	#338CC2	chr19
contig-0016817	#338CC2	chr19
contig-0016818	#338CC2	chr19
contig-0016819	#338CC2	chr19
contig-0016820	#338CC2	chr19
contig-0016821	#0072B2	chr5
contig-0016822	#0072B2	chr5
contig-0016823	#0072B2	chr5
contig-0016824	#0072B2	chr5
contig-0016825	#0072B2	chr5
contig-0016826	#00A880	chr10
contig-0016827	#D57533	chr13
contig-0016828	#567DE9	chr16
contig-0016829	#737373	chr14
contig-0016830	#808080	chr21
contig-0016831	#808080	chr21
contig-0016832	#737373	chr14
contig-0016833	#E6C47F	chr22
contig-0016834	#D57533	chr13
contig-0016835	#D57533	chr13
contig-0016836	#808080	chr21
contig-0016837	#666666	chr7
contig-0016838	#567DE9	chr16
contig-0016839	#666666	chr7
contig-0016840	#666666	chr7
contig-0016841	#666666	chr7
contig-0016842	#666666	chr7
contig-0016844	#D57533	chr13
contig-0016845	#D57533	chr13
contig-0016846	#D57533	chr13
contig-0016847	#D57533	chr13
contig-0016848	#567DE9	chr16
contig-0016849	#D57533	chr13
contig-0016850	#00B28C	chr17
contig-0016851	#00B28C	chr17
contig-0016852	#00B28C	chr17
contig-0016854	#808080	chr21
contig-0016855	#808080	chr21
contig-0016856	#808080	chr21
contig-0016857	#808080	chr21
contig-0016858	#808080	chr21
contig-0016859	#567DE9	chr16
contig-0016860	#D55E00	chr6
contig-0016861	#D55E00	chr6
contig-0016862	#D55E00	chr6
contig-0016863	#D55E00	chr6
contig-0016864	#D55E00	chr6
contig-0016865	#009E73	chr3
contig-0016866	#009E73	chr3
contig-0016867	#009E73	chr3
contig-0016868	#009E73	chr3
contig-0016869	#567DE9	chr16
contig-0016870	#009E73	chr3
contig-0016871	#CC8DB3	chr11
contig-0016872	#CC8DB3	chr11
contig-0016873	#CC8DB3	chr11
contig-0016874	#CC8DB3	chr11
contig-0016875	#CC8DB3	chr11
contig-0016876	#00A880	chr10
contig-0016877	#00A880	chr10
contig-0016878	#00A880	chr10
contig-0016879	#D55E00	chr6
contig-0016880	#D55E00	chr6
contig-0016881	#D55E00	chr6
contig-0016882	#D55E00	chr6
contig-0016883	#D55E00	chr6
contig-0016884	#D55E00	chr6
contig-0016885	#D55E00	chr6
contig-0016886	#00B28C	chr17
contig-0016887	#00B28C	chr17
contig-0016888	#567DE9	chr16
contig-0016889	#1A7FBA	chr12
contig-0016890	#1A7FBA	chr12
contig-0016891	#1A7FBA	chr12
contig-0016892	#1A7FBA	chr12
contig-0016893	#1A7FBA	chr12
contig-0016894	#D57533	chr13
contig-0016895	#0072B2	chr5
contig-0016896	#0072B2	chr5
contig-0016897	#1A7FBA	chr12
contig-0016898	#0072B2	chr5
contig-0016899	#1A7FBA	chr12
contig-0016900	#1A7FBA	chr12
contig-0016901	#808080	chr21
contig-0016902	#808080	chr21
contig-0016903	#E6C47F	chr22
contig-0016904	#666666	chr7
contig-0016905	#666666	chr7
contig-0016906	#666666	chr7
contig-0016907	#666666	chr7
contig-0016908	#666666	chr7
contig-0016909	#0072B2	chr5
contig-0016910	#0072B2	chr5
contig-0016911	#0072B2	chr5
contig-0016912	#0072B2	chr5
contig-0016913	#0072B2	chr5
contig-0016914	#0072B2	chr5
contig-0016915	#D57533	chr13
contig-0016916	#D57533	chr13
contig-0016917	#D57533	chr13
contig-0016920	#1A7FBA	chr12
contig-0016921	#1A7FBA	chr12
contig-0016922	#1A7FBA	chr12
contig-0016923	#1A7FBA	chr12
contig-0016924	#1A7FBA	chr12
contig-0016925	#009E73	chr3
contig-0016926	#009E73	chr3
contig-0016927	#009E73	chr3
contig-0016928	#009E73	chr3
contig-0016929	#0072B2	chr5
contig-0016930	#737373	chr14
contig-0016931	#D58C66	chr20
contig-0016932	#0072B2	chr5
contig-0016933	#0072B2	chr5
contig-0016934	#0072B2	chr5
contig-0016935	#0072B2	chr5
contig-0016936	#E69F00	chr1
contig-0016937	#E69F00	chr1
contig-0016938	#E69F00	chr1
contig-0016939	#E69F00	chr1
contig-0016940	#E69F00	chr1
contig-0016941	#D58C66	chr20
contig-0016943	#D57533	chr13
contig-0016944	#D57533	chr13
contig-0016945	#D57533	chr13
contig-0016947	#CC79A7	chr4
contig-0016948	#D58C66	chr20
contig-0016949	#CC79A7	chr4
contig-0016950	#CC79A7	chr4
contig-0016951	#CC79A7	chr4
contig-0016952	#CC79A7	chr4
contig-0016953	#CC79A7	chr4
contig-0016954	#CC8DB3	chr11
contig-0016955	#CC8DB3	chr11
contig-0016956	#737373	chr14
contig-0016957	#CC79A7	chr4
contig-0016958	#CC79A7	chr4
contig-0016959	#E69F00	chr1
contig-0016960	#CC79A7	chr4
contig-0016961	#D57533	chr13
contig-0016962	#D57533	chr13
contig-0016963	#D57533	chr13
contig-0016964	#D57533	chr13
contig-0016965	#D57533	chr13
contig-0016967	#D57533	chr13
contig-0016968	#E6B847	chr15
contig-0016969	#E69F00	chr1
contig-0016970	#E6B847	chr15
contig-0016971	#E6B847	chr15
contig-0016972	#E6B847	chr15
contig-0016973	#0072B2	chr5
contig-0016974	#0072B2	chr5
contig-0016975	#00A880	chr10
contig-0016976	#00A880	chr10
contig-0016977	#00A880	chr10
contig-0016978	#00A880	chr10
contig-0016979	#00A880	chr10
contig-0016980	#E69F00	chr1
contig-0016981	#E69F00	chr1
contig-0016982	#E69F00	chr1
contig-0016983	#E69F00	chr1
contig-0016984	#666666	chr7
contig-0016985	#5699E9	chr9
contig-0016986	#CC8DB3	chr11
contig-0016987	#5699E9	chr9
contig-0016988	#E69F00	chr1
contig-0016989	#E69F00	chr1
contig-0016990	#E69F00	chr1
contig-0016991	#E69F00	chr1
contig-0016992	#D57533	chr13
contig-0016993	#D57533	chr13
contig-0016994	#D57533	chr13
contig-0016995	#666666	chr7
contig-0016996	#CC8DB3	chr11
contig-0016997	#666666	chr7
contig-0016998	#666666	chr7
contig-0016999	#737373	chr14
contig-0017000	#737373	chr14
contig-0017001	#737373	chr14
contig-0017002	#737373	chr14
contig-0017003	#737373	chr14
contig-0017004	#1A7FBA	chr12
contig-0017005	#CC8DB3	chr11
contig-0017006	#D55E00	chr6
contig-0017007	#56B4E9	chr2
contig-0017008	#56B4E9	chr2
contig-0017009	#56B4E9	chr2
contig-0017010	#56B4E9	chr2
contig-0017011	#00A880	chr10
contig-0017012	#CC8DB3	chr11
contig-0017013	#00A880	chr10
contig-0017014	#00A880	chr10
contig-0017015	#D57533	chr13
contig-0017016	#D57533	chr13
contig-0017017	#737373	chr14
contig-0017018	#808080	chr21
contig-0017019	#D57533	chr13
contig-0017020	#D57533	chr13
contig-0017021	#E6B847	chr15
contig-0017022	#E6B847	chr15
contig-0017023	#737373	chr14
contig-0017024	#5699E9	chr9
contig-0017025	#E6B847	chr15
contig-0017026	#737373	chr14
contig-0017027	#808080	chr21
contig-0017028	#808080	chr21
contig-0017029	#808080	chr21
contig-0017030	#808080	chr21
contig-0017031	#808080	chr21
contig-0017032	#E6AB23	chr8
contig-0017033	#E6AB23	chr8
contig-0017034	#E6AB23	chr8
contig-0017035	#5699E9	chr9
contig-0017036	#009E73	chr3
contig-0017037	#009E73	chr3
contig-0017038	#D57533	chr13
contig-0017039	#D57533	chr13
contig-0017040	#D57533	chr13
contig-0017041	#808080	chr21
contig-0017042	#808080	chr21
contig-0017043	#808080	chr21
contig-0017044	#5699E9	chr9
contig-0017045	#808080	chr21
contig-0017046	#808080	chr21
contig-0017047	#E6AB23	chr8
contig-0017048	#E6AB23	chr8
contig-0017049	#E6AB23	chr8
contig-0017050	#E6AB23	chr8
contig-0017051	#E6AB23	chr8
contig-0017052	#0072B2	chr5
contig-0017053	#0072B2	chr5
contig-0017054	#0072B2	chr5
contig-0017055	#5699E9	chr9
contig-0017056	#00B28C	chr17
contig-0017057	#00B28C	chr17
contig-0017058	#00B28C	chr17
contig-0017059	#00B28C	chr17
contig-0017060	#00B28C	chr17
contig-0017061	#737373	chr14
contig-0017062	#CCA0BF	chr18
contig-0017063	#737373	chr14
contig-0017064	#737373	chr14
contig-0017065	#5699E9	chr9
contig-0017066	#737373	chr14
contig-0017067	#737373	chr14
contig-0017068	#737373	chr14
contig-0017069	#E6AB23	chr8
contig-0017070	#E6AB23	chr8
contig-0017071	#E6AB23	chr8
contig-0017072	#E6AB23	chr8
contig-0017073	#E6AB23	chr8
contig-0017074	#56B4E9	chr2
contig-0017075	#56B4E9	chr2
contig-0017076	#CC8DB3	chr11
contig-0017077	#56B4E9	chr2
contig-0017078	#56B4E9	chr2
contig-0017079	#56B4E9	chr2
contig-0017080	#E69F00	chr1
contig-0017081	#E69F00	chr1
contig-0017082	#E69F00	chr1
contig-0017083	#E6AB23	chr8
contig-0017084	#E6AB23	chr8
contig-0017085	#E6AB23	chr8
contig-0017086	#CC8DB3	chr11
contig-0017087	#E6AB23	chr8
contig-0017088	#D57533	chr13
contig-0017089	#E6C47F	chr22
contig-0017090	#E6C47F	chr22
contig-0017091	#E6C47F	chr22
contig-0017092	#E6C47F	chr22
contig-0017093	#E6C47F	chr22
contig-0017094	#E6C47F	chr22
contig-0017095	#CC79A7	chr4
contig-0017096	#E69F00	chr1
contig-0017097	#CC79A7	chr4
contig-0017098	#CC79A7	chr4
contig-0017099	#CC79A7	chr4
contig-0017100	#666666	chr7
contig-0017101	#666666	chr7
contig-0017102	#666666	chr7
contig-0017103	#666666	chr7
contig-0017104	#E69F00	chr1
contig-0017105	#E69F00	chr1
contig-0017106	#E69F00	chr1
contig-0017107	#E69F00	chr1
contig-0017109	#666666	chr7
contig-0017110	#666666	chr7
contig-0017111	#666666	chr7
contig-0017112	#666666	chr7
contig-0017113	#666666	chr7
contig-0017114	#737373	chr14
contig-0017115	#737373	chr14
contig-0017116	#E69F00	chr1
contig-0017117	#E69F00	chr1
contig-0017118	#E69F00	chr1
contig-0017119	#E69F00	chr1
contig-0017120	#E69F00	chr1
contig-0017121	#E69F00	chr1
contig-0017122	#E69F00	chr1
contig-0017123	#E69F00	chr1
contig-0017124	#E69F00	chr1
contig-0017125	#338CC2	chr19
contig-0017126	#338CC2	chr19
contig-0017127	#E69F00	chr1
contig-0017128	#338CC2	chr19
contig-0017129	#338CC2	chr19
contig-0017130	#E69F00	chr1
contig-0017131	#E69F00	chr1
contig-0017132	#E69F00	chr1
contig-0017133	#E69F00	chr1
contig-0017134	#E69F00	chr1
contig-0017135	#CC8DB3	chr11
contig-0017136	#CC8DB3	chr11
contig-0017137	#E69F00	chr1
contig-0017138	#CC8DB3	chr11
contig-0017139	#CC8DB3	chr11
contig-0017140	#CC8DB3	chr11
contig-0017141	#E6B847	chr15
contig-0017142	#E6B847	chr15
contig-0017143	#D57533	chr13
contig-0017144	#E6C47F	chr22
contig-0017145	#D57533	chr13
contig-0017146	#E6C47F	chr22
contig-0017147	#E69F00	chr1
contig-0017148	#D57533	chr13
contig-0017149	#D57533	chr13
contig-0017150	#E6C47F	chr22
contig-0017151	#E69F00	chr1
contig-0017152	#E69F00	chr1
contig-0017153	#E6B847	chr15
contig-0017154	#E6B847	chr15
contig-0017155	#E6B847	chr15
contig-0017156	#E6B847	chr15
contig-0017157	#E6B847	chr15
contig-0017158	#CC8DB3	chr11
contig-0017159	#CC8DB3	chr11
contig-0017160	#CC8DB3	chr11
contig-0017161	#CC8DB3	chr11
contig-0017162	#CC8DB3	chr11
contig-0017163	#CC8DB3	chr11
contig-0017164	#CC8DB3	chr11
contig-0017165	#D55E00	chr6
contig-0017166	#56B4E9	chr2
contig-0017170	#CC79A7	chr4
contig-0017171	#CC79A7	chr4
contig-0017172	#CC79A7	chr4
contig-0017173	#CC79A7	chr4
contig-0017174	#CC79A7	chr4
contig-0017175	#00B28C	chr17
contig-0017176	#00B28C	chr17
contig-0017177	#56B4E9	chr2
contig-0017178	#00B28C	chr17
contig-0017179	#00B28C	chr17
contig-0017180	#00B28C	chr17
contig-0017181	#D58C66	chr20
contig-0017183	#0072B2	chr5
contig-0017184	#0072B2	chr5
contig-0017185	#D55E00	chr6
contig-0017186	#D55E00	chr6
contig-0017187	#56B4E9	chr2
contig-0017188	#D55E00	chr6
contig-0017189	#D55E00	chr6
contig-0017190	#D55E00	chr6
contig-0017191	#D55E00	chr6
contig-0017192	#D55E00	chr6
contig-0017193	#D55E00	chr6
contig-0017194	#666666	chr7
contig-0017195	#56B4E9	chr2
contig-0017196	#666666	chr7
contig-0017197	#D55E00	chr6
contig-0017198	#D55E00	chr6
contig-0017199	#00A880	chr10
contig-0017200	#00A880	chr10
contig-0017201	#00A880	chr10
contig-0017202	#00A880	chr10
contig-0017203	#D55E00	chr6
contig-0017204	#D55E00	chr6
contig-0017205	#56B4E9	chr2
contig-0017206	#D55E00	chr6
contig-0017207	#D55E00	chr6
contig-0017208	#D55E00	chr6
contig-0017209	#00B28C	chr17
contig-0017210	#338CC2	chr19
contig-0017211	#338CC2	chr19
contig-0017212	#338CC2	chr19
contig-0017213	#56B4E9	chr2
contig-0017214	#56B4E9	chr2
contig-0017215	#56B4E9	chr2
contig-0017216	#1A7FBA	chr12
contig-0017217	#56B4E9	chr2
contig-0017218	#56B4E9	chr2
contig-0017219	#56B4E9	chr2
contig-0017220	#56B4E9	chr2
contig-0017221	#56B4E9	chr2
contig-0017222	#0072B2	chr5
contig-0017223	#0072B2	chr5
contig-0017224	#0072B2	chr5
contig-0017225	#0072B2	chr5
contig-0017226	#737373	chr14
contig-0017227	#0072B2	chr5
contig-0017228	#808080	chr21
contig-0017229	#808080	chr21
contig-0017230	#567DE9	chr16
contig-0017231	#567DE9	chr16
contig-0017232	#567DE9	chr16
contig-0017233	#567DE9	chr16
contig-0017234	#1A7FBA	chr12
contig-0017235	#567DE9	chr16
contig-0017236	#567DE9	chr16
contig-0017237	#567DE9	chr16
contig-0017238	#567DE9	chr16
contig-0017239	#5699E9	chr9
contig-0017240	#737373	chr14
contig-0017241	#E6C47F	chr22
contig-0017242	#737373	chr14
contig-0017243	#338CC2	chr19
contig-0017244	#338CC2	chr19
contig-0017245	#1A7FBA	chr12
contig-0017246	#338CC2	chr19
contig-0017247	#56B4E9	chr2
contig-0017248	#56B4E9	chr2
contig-0017249	#56B4E9	chr2
contig-0017250	#00B28C	chr17
contig-0017251	#00B28C	chr17
contig-0017252	#00B28C	chr17
contig-0017253	#1A7FBA	chr12
contig-0017254	#00B28C	chr17
contig-0017255	#E6C47F	chr22
contig-0017256	#E6C47F	chr22
contig-0017257	#D57533	chr13
contig-0017258	#D57533	chr13
contig-0017259	#D57533	chr13
contig-0017260	#808080	chr21
contig-0017261	#0072B2	chr5
contig-0017262	#1A7FBA	chr12
contig-0017263	#0072B2	chr5
contig-0017264	#D57533	chr13
contig-0017265	#D57533	chr13
contig-0017266	#0072B2	chr5
contig-0017267	#1A7FBA	chr12
contig-0017268	#1A7FBA	chr12
contig-0017269	#1A7FBA	chr12
contig-0017270	#1A7FBA	chr12
contig-0017271	#1A7FBA	chr12
contig-0017272	#E6B847	chr15
contig-0017273	#1A7FBA	chr12
contig-0017274	#E6B847	chr15
contig-0017275	#E6B847	chr15
contig-0017276	#5699E9	chr9
contig-0017277	#5699E9	chr9
contig-0017278	#5699E9	chr9
contig-0017279	#567DE9	chr16
contig-0017280	#567DE9	chr16
contig-0017281	#567DE9	chr16
contig-0017282	#1A7FBA	chr12
contig-0017283	#567DE9	chr16
contig-0017284	#567DE9	chr16
contig-0017286	#56B4E9	chr2
contig-0017287	#56B4E9	chr2
contig-0017288	#56B4E9	chr2
contig-0017289	#E6B847	chr15
contig-0017290	#808080	chr21
contig-0017291	#808080	chr21
contig-0017292	#808080	chr21
contig-0017293	#1A7FBA	chr12
contig-0017294	#CC8DB3	chr11
contig-0017295	#CC8DB3	chr11
contig-0017296	#CC8DB3	chr11
contig-0017297	#CC8DB3	chr11
contig-0017298	#CC8DB3	chr11
contig-0017299	#00B28C	chr17
contig-0017300	#00B28C	chr17
contig-0017302	#E69F00	chr1
contig-0017303	#CCA0BF	chr18
contig-0017304	#1A7FBA	chr12
contig-0017305	#1A7FBA	chr12
contig-0017306	#1A7FBA	chr12
contig-0017307	#1A7FBA	chr12
contig-0017308	#1A7FBA	chr12
contig-0017309	#0072B2	chr5
contig-0017310	#0072B2	chr5
contig-0017311	#0072B2	chr5
contig-0017312	#CCA0BF	chr18
contig-0017313	#0072B2	chr5
contig-0017314	#0072B2	chr5
contig-0017315	#E6C47F	chr22
contig-0017316	#666666	chr7
contig-0017317	#666666	chr7
contig-0017318	#666666	chr7
contig-0017319	#666666	chr7
contig-0017320	#666666	chr7
contig-0017321	#D55E00	chr6
contig-0017322	#D55E00	chr6
contig-0017323	#CC79A7	chr4
contig-0017324	#808080	chr21
contig-0017325	#CCA0BF	chr18
contig-0017326	#D55E00	chr6
contig-0017327	#D55E00	chr6
contig-0017328	#D55E00	chr6
contig-0017329	#D55E00	chr6
contig-0017330	#D55E00	chr6
contig-0017331	#808080	chr21
contig-0017332	#009E73	chr3
contig-0017333	#CCA0BF	chr18
contig-0017334	#808080	chr21
contig-0017335	#009E73	chr3
contig-0017336	#009E73	chr3
contig-0017337	#009E73	chr3
contig-0017338	#009E73	chr3
contig-0017339	#009E73	chr3
contig-0017340	#009E73	chr3
contig-0017341	#009E73	chr3
contig-0017342	#CC8DB3	chr11
contig-0017343	#CCA0BF	chr18
contig-0017344	#CC8DB3	chr11
contig-0017345	#CC8DB3	chr11
contig-0017346	#CC8DB3	chr11
contig-0017347	#CC8DB3	chr11
contig-0017348	#D57533	chr13
contig-0017349	#E6AB23	chr8
contig-0017350	#E6AB23	chr8
contig-0017351	#E6AB23	chr8
contig-0017352	#E6AB23	chr8
contig-0017353	#CC8DB3	chr11
contig-0017354	#E6AB23	chr8
contig-0017355	#E6C47F	chr22
contig-0017356	#E6C47F	chr22
contig-0017357	#D57533	chr13
contig-0017358	#E69F00	chr1
contig-0017359	#5699E9	chr9
contig-0017360	#5699E9	chr9
contig-0017361	#CC8DB3	chr11
contig-0017362	#5699E9	chr9
contig-0017363	#5699E9	chr9
contig-0017364	#5699E9	chr9
contig-0017366	#56B4E9	chr2
contig-0017367	#56B4E9	chr2
contig-0017368	#56B4E9	chr2
contig-0017369	#00B28C	chr17
contig-0017370	#00B28C	chr17
contig-0017371	#E69F00	chr1
contig-0017372	#00B28C	chr17
contig-0017373	#00B28C	chr17
contig-0017374	#00B28C	chr17
contig-0017375	#808080	chr21
contig-0017376	#808080	chr21
contig-0017377	#808080	chr21
contig-0017378	#CC79A7	chr4
contig-0017379	#CC79A7	chr4
contig-0017380	#CC79A7	chr4
contig-0017381	#CC79A7	chr4
contig-0017382	#E69F00	chr1
contig-0017383	#CC79A7	chr4
contig-0017384	#CC79A7	chr4
contig-0017385	#E6B847	chr15
contig-0017386	#E6B847	chr15
contig-0017387	#E6B847	chr15
contig-0017388	#E69F00	chr1
contig-0017389	#E69F00	chr1
contig-0017390	#E69F00	chr1
contig-0017391	#00A880	chr10
contig-0017392	#0072B2	chr5
contig-0017393	#E69F00	chr1
contig-0017394	#0072B2	chr5
contig-0017395	#0072B2	chr5
contig-0017396	#0072B2	chr5
contig-0017397	#0072B2	chr5
contig-0017398	#E69F00	chr1
contig-0017399	#E69F00	chr1
contig-0017400	#E69F00	chr1
contig-0017401	#D57533	chr13
contig-0017402	#808080	chr21
contig-0017403	#666666	chr7
contig-0017404	#E69F00	chr1
contig-0017405	#666666	chr7
contig-0017406	#666666	chr7
contig-0017407	#666666	chr7
contig-0017408	#666666	chr7
contig-0017409	#1A7FBA	chr12
contig-0017410	#1A7FBA	chr12
contig-0017411	#1A7FBA	chr12
contig-0017412	#666666	chr7
contig-0017413	#666666	chr7
contig-0017414	#666666	chr7
contig-0017415	#E69F00	chr1
contig-0017416	#666666	chr7
contig-0017417	#666666	chr7
contig-0017418	#D55E00	chr6
contig-0017419	#00B28C	chr17
contig-0017420	#00B28C	chr17
contig-0017421	#00B28C	chr17
contig-0017422	#00A880	chr10
contig-0017423	#00A880	chr10
contig-0017424	#737373	chr14
contig-0017425	#E69F00	chr1
contig-0017426	#00A880	chr10
contig-0017427	#00A880	chr10
contig-0017428	#00A880	chr10
contig-0017430	#808080	chr21
contig-0017431	#808080	chr21
contig-0017432	#808080	chr21
contig-0017433	#567DE9	chr16
contig-0017434	#567DE9	chr16
contig-0017435	#567DE9	chr16
contig-0017436	#0072B2	chr5
contig-0017437	#737373	chr14
contig-0017438	#737373	chr14
contig-0017439	#737373	chr14
contig-0017440	#567DE9	chr16
contig-0017441	#567DE9	chr16
contig-0017442	#0072B2	chr5
contig-0017443	#0072B2	chr5
contig-0017444	#0072B2	chr5
contig-0017445	#0072B2	chr5
contig-0017446	#0072B2	chr5
contig-0017447	#0072B2	chr5
contig-0017448	#567DE9	chr16
contig-0017449	#567DE9	chr16
contig-0017450	#567DE9	chr16
contig-0017451	#567DE9	chr16
contig-0017452	#567DE9	chr16
contig-0017453	#338CC2	chr19
contig-0017454	#338CC2	chr19
contig-0017455	#338CC2	chr19
contig-0017456	#338CC2	chr19
contig-0017457	#0072B2	chr5
contig-0017459	#00B28C	chr17
contig-0017460	#00B28C	chr17
contig-0017461	#00B28C	chr17
contig-0017463	#0072B2	chr5
contig-0017464	#0072B2	chr5
contig-0017465	#0072B2	chr5
contig-0017466	#808080	chr21
contig-0017467	#737373	chr14
contig-0017468	#0072B2	chr5
contig-0017469	#9467BD	chrX
contig-0017470	#666666	chr7
contig-0017471	#666666	chr7
contig-0017472	#666666	chr7
contig-0017473	#666666	chr7
contig-0017474	#666666	chr7
contig-0017475	#D57533	chr13
contig-0017476	#D57533	chr13
contig-0017477	#567DE9	chr16
contig-0017478	#0072B2	chr5
contig-0017479	#567DE9	chr16
contig-0017480	#CC8DB3	chr11
contig-0017481	#CC8DB3	chr11
contig-0017482	#CC8DB3	chr11
contig-0017483	#CC8DB3	chr11
contig-0017484	#CC8DB3	chr11
contig-0017485	#56B4E9	chr2
contig-0017487	#5699E9	chr9
contig-0017488	#CCA0BF	chr18
contig-0017489	#5699E9	chr9
contig-0017490	#5699E9	chr9
contig-0017491	#56B4E9	chr2
contig-0017492	#56B4E9	chr2
contig-0017494	#338CC2	chr19
contig-0017495	#338CC2	chr19
contig-0017496	#338CC2	chr19
contig-0017497	#338CC2	chr19
contig-0017498	#CCA0BF	chr18
contig-0017499	#338CC2	chr19
contig-0017500	#808080	chr21
contig-0017501	#666666	chr7
contig-0017502	#666666	chr7
contig-0017503	#666666	chr7
contig-0017504	#666666	chr7
contig-0017505	#808080	chr21
contig-0017506	#808080	chr21
contig-0017507	#CCA0BF	chr18
contig-0017508	#E6C47F	chr22
contig-0017509	#808080	chr21
contig-0017510	#808080	chr21
contig-0017511	#CC8DB3	chr11
contig-0017512	#CC8DB3	chr11
contig-0017513	#CC8DB3	chr11
contig-0017514	#808080	chr21
contig-0017515	#666666	chr7
contig-0017516	#666666	chr7
contig-0017517	#666666	chr7
contig-0017518	#CCA0BF	chr18
contig-0017519	#E69F00	chr1
contig-0017520	#E69F00	chr1
contig-0017521	#E69F00	chr1
contig-0017522	#E69F00	chr1
contig-0017523	#E69F00	chr1
contig-0017524	#56B4E9	chr2
contig-0017525	#56B4E9	chr2
contig-0017526	#56B4E9	chr2
contig-0017527	#56B4E9	chr2
contig-0017528	#56B4E9	chr2
contig-0017529	#E6B847	chr15
contig-0017530	#CCA0BF	chr18
contig-0017531	#00B28C	chr17
contig-0017532	#00B28C	chr17
contig-0017533	#00B28C	chr17
contig-0017534	#00B28C	chr17
contig-0017535	#00B28C	chr17
contig-0017536	#E6AB23	chr8
contig-0017537	#E6AB23	chr8
contig-0017538	#E6AB23	chr8
contig-0017539	#E6AB23	chr8
contig-0017540	#E6AB23	chr8
contig-0017541	#CCA0BF	chr18
contig-0017544	#666666	chr7
contig-0017545	#666666	chr7
contig-0017546	#666666	chr7
contig-0017547	#666666	chr7
contig-0017548	#808080	chr21
contig-0017549	#808080	chr21
contig-0017550	#E69F00	chr1
contig-0017551	#808080	chr21
contig-0017552	#808080	chr21
contig-0017553	#808080	chr21
contig-0017554	#808080	chr21
contig-0017555	#E6C47F	chr22
contig-0017556	#E69F00	chr1
contig-0017557	#E69F00	chr1
contig-0017558	#E69F00	chr1
contig-0017559	#808080	chr21
contig-0017560	#808080	chr21
contig-0017561	#808080	chr21
contig-0017562	#0072B2	chr5
contig-0017563	#0072B2	chr5
contig-0017564	#0072B2	chr5
contig-0017565	#0072B2	chr5
contig-0017566	#808080	chr21
contig-0017567	#808080	chr21
contig-0017568	#808080	chr21
contig-0017569	#E69F00	chr1
contig-0017570	#009E73	chr3
contig-0017571	#009E73	chr3
contig-0017572	#009E73	chr3
contig-0017573	#9467BD	chrX
contig-0017574	#9467BD	chrX
contig-0017575	#00B28C	chr17
contig-0017576	#00B28C	chr17
contig-0017577	#00B28C	chr17
contig-0017578	#E69F00	chr1
contig-0017579	#00B28C	chr17
contig-0017580	#00B28C	chr17
contig-0017581	#00B28C	chr17
contig-0017582	#00B28C	chr17
contig-0017583	#00B28C	chr17
contig-0017584	#00B28C	chr17
contig-0017586	#009E73	chr3
contig-0017587	#009E73	chr3
contig-0017588	#009E73	chr3
contig-0017589	#E69F00	chr1
contig-0017590	#009E73	chr3
contig-0017591	#009E73	chr3
contig-0017592	#E6AB23	chr8
contig-0017593	#009E73	chr3
contig-0017594	#009E73	chr3
contig-0017595	#009E73	chr3
contig-0017596	#009E73	chr3
contig-0017597	#009E73	chr3
contig-0017598	#00B28C	chr17
contig-0017599	#D55E00	chr6
contig-0017600	#00B28C	chr17
contig-0017601	#00B28C	chr17
contig-0017602	#00B28C	chr17
contig-0017603	#00B28C	chr17
contig-0017604	#E6C47F	chr22
contig-0017605	#E6C47F	chr22
contig-0017606	#E6C47F	chr22
contig-0017607	#E6C47F	chr22
contig-0017608	#E6C47F	chr22
contig-0017609	#E6C47F	chr22
contig-0017610	#D55E00	chr6
contig-0017611	#E6C47F	chr22
contig-0017612	#CC79A7	chr4
contig-0017613	#CC79A7	chr4
contig-0017614	#CC79A7	chr4
contig-0017615	#CC79A7	chr4
contig-0017616	#CC79A7	chr4
contig-0017617	#00A880	chr10
contig-0017618	#00A880	chr10
contig-0017619	#00A880	chr10
contig-0017620	#CC8DB3	chr11
contig-0017621	#D55E00	chr6
contig-0017622	#CC8DB3	chr11
contig-0017623	#D55E00	chr6
contig-0017624	#D55E00	chr6
contig-0017625	#D55E00	chr6
contig-0017626	#D55E00	chr6
contig-0017627	#D57533	chr13
contig-0017628	#D57533	chr13
contig-0017629	#D57533	chr13
contig-0017630	#737373	chr14
contig-0017631	#D55E00	chr6
contig-0017632	#E69F00	chr1
contig-0017633	#E69F00	chr1
contig-0017634	#E69F00	chr1
contig-0017635	#E69F00	chr1
contig-0017636	#E69F00	chr1
contig-0017637	#737373	chr14
contig-0017638	#737373	chr14
contig-0017639	#D55E00	chr6
contig-0017640	#737373	chr14
contig-0017641	#737373	chr14
contig-0017642	#737373	chr14
contig-0017643	#D55E00	chr6
contig-0017644	#D55E00	chr6
contig-0017645	#D55E00	chr6
contig-0017646	#D55E00	chr6
contig-0017647	#737373	chr14
contig-0017648	#737373	chr14
contig-0017649	#737373	chr14
contig-0017650	#737373	chr14
contig-0017651	#737373	chr14
contig-0017652	#0072B2	chr5
contig-0017653	#0072B2	chr5
contig-0017654	#0072B2	chr5
contig-0017655	#9467BD	chrX
contig-0017656	#9467BD	chrX
contig-0017657	#9467BD	chrX
contig-0017658	#9467BD	chrX
contig-0017659	#D55E00	chr6
contig-0017660	#D55E00	chr6
contig-0017661	#D55E00	chr6
contig-0017662	#D55E00	chr6
contig-0017663	#D55E00	chr6
contig-0017664	#737373	chr14
contig-0017665	#737373	chr14
contig-0017666	#737373	chr14
contig-0017667	#737373	chr14
contig-0017668	#E69F00	chr1
contig-0017669	#737373	chr14
contig-0017670	#737373	chr14
contig-0017672	#808080	chr21
contig-0017673	#808080	chr21
contig-0017674	#808080	chr21
contig-0017675	#E69F00	chr1
contig-0017676	#E69F00	chr1
contig-0017677	#E69F00	chr1
contig-0017678	#E69F00	chr1
contig-0017679	#E69F00	chr1
contig-0017680	#E69F00	chr1
contig-0017681	#00A880	chr10
contig-0017682	#00A880	chr10
contig-0017683	#00A880	chr10
contig-0017684	#1A7FBA	chr12
contig-0017685	#D58C66	chr20
contig-0017686	#D58C66	chr20
contig-0017687	#D58C66	chr20
contig-0017688	#0072B2	chr5
contig-0017689	#0072B2	chr5
contig-0017690	#0072B2	chr5
contig-0017691	#0072B2	chr5
contig-0017692	#0072B2	chr5
contig-0017693	#0072B2	chr5
contig-0017694	#1A7FBA	chr12
contig-0017695	#009E73	chr3
contig-0017696	#009E73	chr3
contig-0017697	#009E73	chr3
contig-0017698	#009E73	chr3
contig-0017699	#009E73	chr3
contig-0017700	#56B4E9	chr2
contig-0017701	#E6AB23	chr8
contig-0017702	#E6AB23	chr8
contig-0017703	#E6AB23	chr8
contig-0017704	#E6AB23	chr8
contig-0017705	#E6AB23	chr8
contig-0017706	#0072B2	chr5
contig-0017707	#0072B2	chr5
contig-0017708	#0072B2	chr5
contig-0017709	#56B4E9	chr2
contig-0017710	#56B4E9	chr2
contig-0017711	#56B4E9	chr2
contig-0017712	#56B4E9	chr2
contig-0017713	#56B4E9	chr2
contig-0017714	#1A7FBA	chr12
contig-0017715	#009E73	chr3
contig-0017716	#009E73	chr3
contig-0017717	#009E73	chr3
contig-0017718	#009E73	chr3
contig-0017719	#009E73	chr3
contig-0017720	#D55E00	chr6
contig-0017721	#D55E00	chr6
contig-0017722	#D55E00	chr6
contig-0017723	#D55E00	chr6
contig-0017724	#D55E00	chr6
contig-0017725	#737373	chr14
contig-0017726	#1A7FBA	chr12
contig-0017727	#D55E00	chr6
contig-0017728	#D55E00	chr6
contig-0017729	#D55E00	chr6
contig-0017730	#D55E00	chr6
contig-0017731	#D55E00	chr6
contig-0017732	#D55E00	chr6
contig-0017733	#CC79A7	chr4
contig-0017734	#CC79A7	chr4
contig-0017735	#CC79A7	chr4
contig-0017736	#CC79A7	chr4
contig-0017737	#666666	chr7
contig-0017738	#CC79A7	chr4
contig-0017739	#CC79A7	chr4
contig-0017740	#CC79A7	chr4
contig-0017743	#666666	chr7
contig-0017744	#666666	chr7
contig-0017745	#666666	chr7
contig-0017746	#56B4E9	chr2
contig-0017747	#666666	chr7
contig-0017748	#56B4E9	chr2
contig-0017749	#56B4E9	chr2
contig-0017750	#808080	chr21
contig-0017751	#E6C47F	chr22
contig-0017752	#E6AB23	chr8
contig-0017753	#E6AB23	chr8
contig-0017754	#E6AB23	chr8
contig-0017755	#E6AB23	chr8
contig-0017756	#E6AB23	chr8
contig-0017757	#E6AB23	chr8
contig-0017758	#666666	chr7
contig-0017759	#E6AB23	chr8
contig-0017760	#1A7FBA	chr12
contig-0017761	#1A7FBA	chr12
contig-0017762	#1A7FBA	chr12
contig-0017763	#D57533	chr13
contig-0017764	#D57533	chr13
contig-0017765	#D57533	chr13
contig-0017766	#666666	chr7
contig-0017767	#D57533	chr13
contig-0017768	#D57533	chr13
contig-0017769	#CC8DB3	chr11
contig-0017770	#CC8DB3	chr11
contig-0017771	#CC8DB3	chr11
contig-0017772	#0072B2	chr5
contig-0017773	#0072B2	chr5
contig-0017774	#0072B2	chr5
contig-0017775	#0072B2	chr5
contig-0017776	#666666	chr7
contig-0017777	#E6C47F	chr22
contig-0017778	#666666	chr7
contig-0017779	#666666	chr7
contig-0017780	#00A880	chr10
contig-0017781	#00A880	chr10
contig-0017782	#00A880	chr10
contig-0017783	#CC79A7	chr4
contig-0017784	#0072B2	chr5
contig-0017785	#0072B2	chr5
contig-0017786	#0072B2	chr5
contig-0017787	#0072B2	chr5
contig-0017788	#0072B2	chr5
contig-0017789	#E69F00	chr1
contig-0017790	#E69F00	chr1
contig-0017791	#E69F00	chr1
contig-0017792	#E69F00	chr1
contig-0017793	#E69F00	chr1
contig-0017794	#E69F00	chr1
contig-0017795	#00A880	chr10
contig-0017796	#00A880	chr10
contig-0017797	#00A880	chr10
contig-0017798	#009E73	chr3
contig-0017799	#009E73	chr3
contig-0017800	#009E73	chr3
contig-0017801	#0072B2	chr5
contig-0017802	#0072B2	chr5
contig-0017803	#0072B2	chr5
contig-0017804	#0072B2	chr5
contig-0017805	#0072B2	chr5
contig-0017806	#567DE9	chr16
contig-0017807	#567DE9	chr16
contig-0017808	#567DE9	chr16
contig-0017809	#0072B2	chr5
contig-0017810	#CC79A7	chr4
contig-0017811	#CC79A7	chr4
contig-0017812	#CC79A7	chr4
contig-0017813	#CC79A7	chr4
contig-0017814	#56B4E9	chr2
contig-0017815	#CC79A7	chr4
contig-0017816	#808080	chr21
contig-0017817	#E6B847	chr15
contig-0017818	#E6B847	chr15
contig-0017819	#CCA0BF	chr18
contig-0017820	#CCA0BF	chr18
contig-0017821	#00B28C	chr17
contig-0017822	#00B28C	chr17
contig-0017823	#808080	chr21
contig-0017824	#56B4E9	chr2
contig-0017825	#00B28C	chr17
contig-0017826	#E69F00	chr1
contig-0017827	#E69F00	chr1
contig-0017828	#E69F00	chr1
contig-0017829	#E69F00	chr1
contig-0017830	#E69F00	chr1
contig-0017831	#E69F00	chr1
contig-0017832	#1A7FBA	chr12
contig-0017833	#1A7FBA	chr12
contig-0017834	#56B4E9	chr2
contig-0017835	#1A7FBA	chr12
contig-0017836	#1A7FBA	chr12
contig-0017837	#1A7FBA	chr12
contig-0017838	#0072B2	chr5
contig-0017839	#0072B2	chr5
contig-0017840	#0072B2	chr5
contig-0017841	#0072B2	chr5
contig-0017842	#0072B2	chr5
contig-0017843	#0072B2	chr5
contig-0017844	#0072B2	chr5
contig-0017845	#56B4E9	chr2
contig-0017846	#0072B2	chr5
contig-0017847	#009E73	chr3
contig-0017848	#567DE9	chr16
contig-0017849	#567DE9	chr16
contig-0017850	#567DE9	chr16
contig-0017851	#567DE9	chr16
contig-0017852	#567DE9	chr16
contig-0017853	#CC8DB3	chr11
contig-0017854	#CC8DB3	chr11
contig-0017855	#D58C66	chr20
contig-0017856	#D55E00	chr6
contig-0017857	#D57533	chr13
contig-0017858	#D57533	chr13
contig-0017859	#D57533	chr13
contig-0017860	#1A7FBA	chr12
contig-0017861	#1A7FBA	chr12
contig-0017862	#1A7FBA	chr12
contig-0017863	#1A7FBA	chr12
contig-0017864	#1A7FBA	chr12
contig-0017865	#D57533	chr13
contig-0017866	#D58C66	chr20
contig-0017867	#D57533	chr13
contig-0017868	#E6C47F	chr22
contig-0017869	#E6C47F	chr22
contig-0017870	#E6C47F	chr22
contig-0017871	#E69F00	chr1
contig-0017872	#E69F00	chr1
contig-0017873	#E69F00	chr1
contig-0017874	#E69F00	chr1
contig-0017875	#E69F00	chr1
contig-0017876	#00B28C	chr17
contig-0017877	#D58C66	chr20
contig-0017878	#00B28C	chr17
contig-0017879	#567DE9	chr16
contig-0017880	#567DE9	chr16
contig-0017881	#567DE9	chr16
contig-0017882	#567DE9	chr16
contig-0017883	#567DE9	chr16
contig-0017884	#009E73	chr3
contig-0017885	#009E73	chr3
contig-0017886	#009E73	chr3
contig-0017887	#567DE9	chr16
contig-0017888	#009E73	chr3
contig-0017889	#009E73	chr3
contig-0017890	#009E73	chr3
contig-0017891	#009E73	chr3
contig-0017892	#666666	chr7
contig-0017893	#666666	chr7
contig-0017894	#666666	chr7
contig-0017895	#808080	chr21
contig-0017896	#808080	chr21
contig-0017897	#808080	chr21
contig-0017898	#567DE9	chr16
contig-0017899	#808080	chr21
contig-0017900	#808080	chr21
contig-0017901	#CC79A7	chr4
contig-0017902	#CC79A7	chr4
contig-0017903	#CC79A7	chr4
contig-0017904	#CC79A7	chr4
contig-0017905	#CC79A7	chr4
contig-0017906	#E6AB23	chr8
contig-0017907	#E6AB23	chr8
contig-0017908	#567DE9	chr16
contig-0017909	#E6AB23	chr8
contig-0017910	#E6AB23	chr8
contig-0017911	#E6AB23	chr8
contig-0017912	#D55E00	chr6
contig-0017913	#D55E00	chr6
contig-0017914	#D55E00	chr6
contig-0017915	#E6AB23	chr8
contig-0017916	#E6AB23	chr8
contig-0017917	#E6AB23	chr8
contig-0017918	#E6B847	chr15
contig-0017919	#567DE9	chr16
contig-0017920	#E6B847	chr15
contig-0017921	#E6B847	chr15
contig-0017922	#E6B847	chr15
contig-0017923	#737373	chr14
contig-0017924	#737373	chr14
contig-0017925	#737373	chr14
contig-0017926	#737373	chr14
contig-0017927	#737373	chr14
contig-0017928	#E69F00	chr1
contig-0017929	#567DE9	chr16
contig-0017930	#E69F00	chr1
contig-0017931	#E69F00	chr1
contig-0017932	#E69F00	chr1
contig-0017933	#E69F00	chr1
contig-0017934	#CC79A7	chr4
contig-0017935	#CC79A7	chr4
contig-0017936	#CC79A7	chr4
contig-0017937	#338CC2	chr19
contig-0017938	#E69F00	chr1
contig-0017939	#567DE9	chr16
contig-0017940	#567DE9	chr16
contig-0017941	#567DE9	chr16
contig-0017942	#E6C47F	chr22
contig-0017943	#E6C47F	chr22
contig-0017944	#E6C47F	chr22
contig-0017945	#E6C47F	chr22
contig-0017946	#737373	chr14
contig-0017947	#737373	chr14
contig-0017948	#737373	chr14
contig-0017949	#737373	chr14
contig-0017950	#737373	chr14
contig-0017951	#737373	chr14
contig-0017952	#737373	chr14
contig-0017953	#737373	chr14
contig-0017954	#E6B847	chr15
contig-0017955	#737373	chr14
contig-0017956	#737373	chr14
contig-0017957	#00B28C	chr17
contig-0017958	#00B28C	chr17
contig-0017959	#5699E9	chr9
contig-0017960	#5699E9	chr9
contig-0017961	#5699E9	chr9
contig-0017962	#5699E9	chr9
contig-0017963	#5699E9	chr9
contig-0017964	#338CC2	chr19
contig-0017965	#808080	chr21
contig-0017966	#808080	chr21
contig-0017967	#808080	chr21
contig-0017968	#808080	chr21
contig-0017969	#567DE9	chr16
contig-0017970	#567DE9	chr16
contig-0017971	#E69F00	chr1
contig-0017972	#E69F00	chr1
contig-0017973	#E69F00	chr1
contig-0017974	#E69F00	chr1
contig-0017975	#338CC2	chr19
contig-0017976	#E69F00	chr1
contig-0017978	#E69F00	chr1
contig-0017979	#E69F00	chr1
contig-0017980	#E69F00	chr1
contig-0017981	#56B4E9	chr2
contig-0017982	#56B4E9	chr2
contig-0017983	#56B4E9	chr2
contig-0017984	#56B4E9	chr2
contig-0017985	#56B4E9	chr2
contig-0017986	#D55E00	chr6
contig-0017987	#E69F00	chr1
contig-0017988	#E69F00	chr1
contig-0017989	#E69F00	chr1
contig-0017990	#E69F00	chr1
contig-0017991	#E69F00	chr1
contig-0017992	#D55E00	chr6
contig-0017993	#D57533	chr13
contig-0017994	#D57533	chr13
contig-0017995	#D57533	chr13
contig-0017996	#E6B847	chr15
contig-0017997	#E6B847	chr15
contig-0017998	#E6B847	chr15
contig-0017999	#E6B847	chr15
contig-0018000	#E6B847	chr15
contig-0018001	#E6AB23	chr8
contig-0018002	#56B4E9	chr2
contig-0018003	#56B4E9	chr2
contig-0018004	#56B4E9	chr2
contig-0018005	#009E73	chr3
contig-0018006	#D55E00	chr6
contig-0018007	#009E73	chr3
contig-0018008	#009E73	chr3
contig-0018011	#E6B847	chr15
contig-0018012	#E6B847	chr15
contig-0018013	#E6B847	chr15
contig-0018014	#E6B847	chr15
contig-0018015	#E6B847	chr15
contig-0018016	#009E73	chr3
contig-0018017	#56B4E9	chr2
contig-0018018	#009E73	chr3
contig-0018019	#009E73	chr3
contig-0018020	#5699E9	chr9
contig-0018021	#5699E9	chr9
contig-0018022	#5699E9	chr9
contig-0018023	#9467BD	chrX
contig-0018024	#D55E00	chr6
contig-0018025	#D55E00	chr6
contig-0018026	#E6B847	chr15
contig-0018027	#338CC2	chr19
contig-0018028	#D55E00	chr6
contig-0018029	#D55E00	chr6
contig-0018030	#D55E00	chr6
contig-0018031	#E69F00	chr1
contig-0018032	#E69F00	chr1
contig-0018033	#E69F00	chr1
contig-0018034	#666666	chr7
contig-0018035	#666666	chr7
contig-0018036	#666666	chr7
contig-0018037	#666666	chr7
contig-0018038	#338CC2	chr19
contig-0018039	#666666	chr7
contig-0018040	#CC8DB3	chr11
contig-0018041	#CC8DB3	chr11
contig-0018042	#CC8DB3	chr11
contig-0018043	#5699E9	chr9
contig-0018044	#5699E9	chr9
contig-0018045	#5699E9	chr9
contig-0018047	#E6B847	chr15
contig-0018048	#E6B847	chr15
contig-0018049	#1A7FBA	chr12
contig-0018050	#E6B847	chr15
contig-0018051	#E6B847	chr15
contig-0018052	#56B4E9	chr2
contig-0018053	#56B4E9	chr2
contig-0018054	#56B4E9	chr2
contig-0018055	#E69F00	chr1
contig-0018056	#E69F00	chr1
contig-0018057	#E69F00	chr1
contig-0018058	#1A7FBA	chr12
contig-0018059	#1A7FBA	chr12
contig-0018060	#1A7FBA	chr12
contig-0018061	#1A7FBA	chr12
contig-0018062	#00A880	chr10
contig-0018063	#00A880	chr10
contig-0018064	#00A880	chr10
contig-0018065	#0072B2	chr5
contig-0018066	#808080	chr21
contig-0018068	#00B28C	chr17
contig-0018069	#00B28C	chr17
contig-0018070	#00B28C	chr17
contig-0018071	#1A7FBA	chr12
contig-0018072	#00B28C	chr17
contig-0018073	#00B28C	chr17
contig-0018074	#5699E9	chr9
contig-0018075	#5699E9	chr9
contig-0018076	#5699E9	chr9
contig-0018077	#338CC2	chr19
contig-0018078	#338CC2	chr19
contig-0018079	#338CC2	chr19
contig-0018080	#338CC2	chr19
contig-0018081	#338CC2	chr19
contig-0018082	#1A7FBA	chr12
contig-0018083	#E6B847	chr15
contig-0018084	#E6B847	chr15
contig-0018085	#E6B847	chr15
contig-0018086	#1A7FBA	chr12
contig-0018087	#1A7FBA	chr12
contig-0018088	#1A7FBA	chr12
contig-0018089	#1A7FBA	chr12
contig-0018090	#1A7FBA	chr12
contig-0018091	#1A7FBA	chr12
contig-0018092	#808080	chr21
contig-0018093	#1A7FBA	chr12
contig-0018094	#CC8DB3	chr11
contig-0018095	#D55E00	chr6
contig-0018096	#D55E00	chr6
contig-0018097	#D55E00	chr6
contig-0018098	#D55E00	chr6
contig-0018099	#D55E00	chr6
contig-0018101	#E69F00	chr1
contig-0018102	#E69F00	chr1
contig-0018103	#D55E00	chr6
contig-0018104	#E69F00	chr1
contig-0018105	#E69F00	chr1
contig-0018106	#E6AB23	chr8
contig-0018107	#E6AB23	chr8
contig-0018108	#E6AB23	chr8
contig-0018109	#E6AB23	chr8
contig-0018110	#E6AB23	chr8
contig-0018111	#5699E9	chr9
contig-0018112	#5699E9	chr9
contig-0018113	#5699E9	chr9
contig-0018114	#D55E00	chr6
contig-0018115	#E6B847	chr15
contig-0018116	#E6B847	chr15
contig-0018117	#E6B847	chr15
contig-0018118	#E6B847	chr15
contig-0018119	#E6B847	chr15
contig-0018120	#0072B2	chr5
contig-0018121	#0072B2	chr5
contig-0018122	#0072B2	chr5
contig-0018123	#00A880	chr10
contig-0018124	#567DE9	chr16
contig-0018125	#00A880	chr10
contig-0018126	#D57533	chr13
contig-0018127	#D57533	chr13
contig-0018128	#D57533	chr13
contig-0018129	#D57533	chr13
contig-0018130	#D57533	chr13
contig-0018131	#D55E00	chr6
contig-0018132	#D55E00	chr6
contig-0018133	#D55E00	chr6
contig-0018134	#D55E00	chr6
contig-0018135	#E6B847	chr15
contig-0018136	#567DE9	chr16
contig-0018137	#D55E00	chr6
contig-0018138	#E69F00	chr1
contig-0018139	#E69F00	chr1
contig-0018140	#E69F00	chr1
contig-0018141	#E69F00	chr1
contig-0018142	#E69F00	chr1
contig-0018143	#E69F00	chr1
contig-0018144	#E69F00	chr1
contig-0018145	#E6C47F	chr22
contig-0018146	#E6C47F	chr22
contig-0018147	#567DE9	chr16
contig-0018148	#E6C47F	chr22
contig-0018149	#E6C47F	chr22
contig-0018150	#D55E00	chr6
contig-0018151	#D55E00	chr6
contig-0018152	#D55E00	chr6
contig-0018153	#009E73	chr3
contig-0018154	#009E73	chr3
contig-0018155	#009E73	chr3
contig-0018156	#009E73	chr3
contig-0018158	#E69F00	chr1
contig-0018159	#56B4E9	chr2
contig-0018160	#56B4E9	chr2
contig-0018161	#56B4E9	chr2
contig-0018162	#56B4E9	chr2
contig-0018163	#56B4E9	chr2
contig-0018164	#E69F00	chr1
contig-0018165	#E6AB23	chr8
contig-0018166	#E6AB23	chr8
contig-0018167	#E6AB23	chr8
contig-0018168	#00B28C	chr17
contig-0018169	#E69F00	chr1
contig-0018170	#00B28C	chr17
contig-0018171	#00B28C	chr17
contig-0018172	#00B28C	chr17
contig-0018173	#D58C66	chr20
contig-0018174	#D58C66	chr20
contig-0018175	#D58C66	chr20
contig-0018176	#D58C66	chr20
contig-0018177	#D58C66	chr20
contig-0018178	#808080	chr21
contig-0018179	#E69F00	chr1
contig-0018180	#808080	chr21
contig-0018181	#737373	chr14
contig-0018182	#737373	chr14
contig-0018183	#737373	chr14
contig-0018184	#737373	chr14
contig-0018185	#1A7FBA	chr12
contig-0018186	#1A7FBA	chr12
contig-0018187	#1A7FBA	chr12
contig-0018188	#1A7FBA	chr12
contig-0018189	#E69F00	chr1
contig-0018190	#0072B2	chr5
contig-0018191	#0072B2	chr5
contig-0018192	#0072B2	chr5
contig-0018193	#0072B2	chr5
contig-0018194	#E69F00	chr1
contig-0018195	#E69F00	chr1
contig-0018196	#E69F00	chr1
contig-0018198	#0072B2	chr5
contig-0018199	#E69F00	chr1
contig-0018200	#0072B2	chr5
contig-0018201	#0072B2	chr5
contig-0018202	#E69F00	chr1
contig-0018203	#E69F00	chr1
contig-0018204	#E69F00	chr1
contig-0018205	#D58C66	chr20
contig-0018206	#D58C66	chr20
contig-0018207	#D58C66	chr20
contig-0018208	#D58C66	chr20
contig-0018210	#0072B2	chr5
contig-0018211	#E6AB23	chr8
contig-0018212	#E6AB23	chr8
contig-0018213	#E6AB23	chr8
contig-0018214	#E6AB23	chr8
contig-0018215	#E6AB23	chr8
contig-0018217	#E69F00	chr1
contig-0018218	#E69F00	chr1
contig-0018219	#E69F00	chr1
contig-0018220	#E69F00	chr1
contig-0018221	#0072B2	chr5
contig-0018222	#E69F00	chr1
contig-0018224	#5699E9	chr9
contig-0018225	#5699E9	chr9
contig-0018226	#5699E9	chr9
contig-0018227	#5699E9	chr9
contig-0018228	#5699E9	chr9
contig-0018229	#5699E9	chr9
contig-0018230	#00A880	chr10
contig-0018231	#00A880	chr10
contig-0018232	#0072B2	chr5
contig-0018233	#E69F00	chr1
contig-0018234	#E69F00	chr1
contig-0018235	#009E73	chr3
contig-0018236	#666666	chr7
contig-0018237	#666666	chr7
contig-0018238	#666666	chr7
contig-0018239	#0072B2	chr5
contig-0018240	#0072B2	chr5
contig-0018241	#0072B2	chr5
contig-0018242	#737373	chr14
contig-0018243	#0072B2	chr5
contig-0018244	#0072B2	chr5
contig-0018245	#0072B2	chr5
contig-0018246	#0072B2	chr5
contig-0018247	#00B28C	chr17
contig-0018248	#00B28C	chr17
contig-0018249	#00B28C	chr17
contig-0018250	#00B28C	chr17
contig-0018251	#CCA0BF	chr18
contig-0018252	#0072B2	chr5
contig-0018253	#CCA0BF	chr18
contig-0018254	#CCA0BF	chr18
contig-0018255	#CCA0BF	chr18
contig-0018256	#737373	chr14
contig-0018257	#737373	chr14
contig-0018258	#737373	chr14
contig-0018259	#737373	chr14
contig-0018260	#737373	chr14
contig-0018261	#E69F00	chr1
contig-0018262	#00B28C	chr17
contig-0018263	#56B4E9	chr2
contig-0018264	#56B4E9	chr2
contig-0018265	#56B4E9	chr2
contig-0018267	#56B4E9	chr2
contig-0018268	#56B4E9	chr2
contig-0018269	#56B4E9	chr2
contig-0018270	#56B4E9	chr2
contig-0018271	#56B4E9	chr2
contig-0018272	#0072B2	chr5
contig-0018273	#00B28C	chr17
contig-0018274	#0072B2	chr5
contig-0018275	#0072B2	chr5
contig-0018276	#009E73	chr3
contig-0018277	#009E73	chr3
contig-0018278	#009E73	chr3
contig-0018279	#009E73	chr3
contig-0018280	#009E73	chr3
contig-0018281	#1A7FBA	chr12
contig-0018282	#1A7FBA	chr12
contig-0018283	#00B28C	chr17
contig-0018284	#1A7FBA	chr12
contig-0018285	#338CC2	chr19
contig-0018286	#338CC2	chr19
contig-0018287	#E6B847	chr15
contig-0018288	#E6B847	chr15
contig-0018289	#E6B847	chr15
contig-0018290	#E6B847	chr15
contig-0018291	#E6B847	chr15
contig-0018292	#00A880	chr10
contig-0018293	#00A880	chr10
contig-0018294	#00B28C	chr17
contig-0018295	#00A880	chr10
contig-0018296	#D58C66	chr20
contig-0018297	#D58C66	chr20
contig-0018298	#D58C66	chr20
contig-0018299	#E6C47F	chr22
contig-0018300	#E6C47F	chr22
contig-0018301	#E6C47F	chr22
contig-0018302	#E6C47F	chr22
contig-0018303	#E6C47F	chr22
contig-0018304	#E6C47F	chr22
contig-0018305	#00B28C	chr17
contig-0018306	#567DE9	chr16
contig-0018307	#567DE9	chr16
contig-0018308	#567DE9	chr16
contig-0018309	#567DE9	chr16
contig-0018310	#CC8DB3	chr11
contig-0018311	#CC8DB3	chr11
contig-0018312	#CC8DB3	chr11
contig-0018313	#E69F00	chr1
contig-0018314	#E69F00	chr1
contig-0018315	#E69F00	chr1
contig-0018316	#E69F00	chr1
contig-0018317	#E69F00	chr1
contig-0018318	#E69F00	chr1
contig-0018319	#E69F00	chr1
contig-0018320	#E6B847	chr15
contig-0018321	#CC79A7	chr4
contig-0018322	#CC79A7	chr4
contig-0018323	#CC79A7	chr4
contig-0018324	#CC79A7	chr4
contig-0018325	#CC79A7	chr4
contig-0018326	#00B28C	chr17
contig-0018327	#D55E00	chr6
contig-0018328	#D55E00	chr6
contig-0018329	#D55E00	chr6
contig-0018330	#338CC2	chr19
contig-0018331	#338CC2	chr19
contig-0018332	#338CC2	chr19
contig-0018333	#338CC2	chr19
contig-0018334	#1A7FBA	chr12
contig-0018335	#00B28C	chr17
contig-0018336	#1A7FBA	chr12
contig-0018337	#0072B2	chr5
contig-0018338	#0072B2	chr5
contig-0018339	#0072B2	chr5
contig-0018340	#567DE9	chr16
contig-0018341	#5699E9	chr9
contig-0018342	#5699E9	chr9
contig-0018343	#5699E9	chr9
contig-0018344	#737373	chr14
contig-0018345	#E6B847	chr15
contig-0018346	#CC79A7	chr4
contig-0018347	#0072B2	chr5
contig-0018348	#1A7FBA	chr12
contig-0018349	#1A7FBA	chr12
contig-0018350	#1A7FBA	chr12
contig-0018351	#1A7FBA	chr12
contig-0018352	#1A7FBA	chr12
contig-0018353	#737373	chr14
contig-0018354	#737373	chr14
contig-0018355	#009E73	chr3
contig-0018356	#009E73	chr3
contig-0018357	#009E73	chr3
contig-0018358	#E6B847	chr15
contig-0018359	#009E73	chr3
contig-0018360	#009E73	chr3
contig-0018361	#009E73	chr3
contig-0018362	#009E73	chr3
contig-0018363	#009E73	chr3
contig-0018364	#CC8DB3	chr11
contig-0018365	#CC8DB3	chr11
contig-0018366	#CC8DB3	chr11
contig-0018367	#CC8DB3	chr11
contig-0018369	#E6B847	chr15
contig-0018370	#CC8DB3	chr11
contig-0018371	#CC8DB3	chr11
contig-0018372	#CC8DB3	chr11
contig-0018373	#CC8DB3	chr11
contig-0018374	#CC8DB3	chr11
contig-0018375	#CC8DB3	chr11
contig-0018376	#56B4E9	chr2
contig-0018377	#56B4E9	chr2
contig-0018378	#56B4E9	chr2
contig-0018379	#E6B847	chr15
contig-0018380	#808080	chr21
contig-0018381	#808080	chr21
contig-0018382	#808080	chr21
contig-0018383	#808080	chr21
contig-0018384	#808080	chr21
contig-0018385	#0072B2	chr5
contig-0018386	#0072B2	chr5
contig-0018387	#0072B2	chr5
contig-0018388	#0072B2	chr5
contig-0018389	#0072B2	chr5
contig-0018390	#E6B847	chr15
contig-0018391	#CC79A7	chr4
contig-0018392	#CC79A7	chr4
contig-0018394	#CC8DB3	chr11
contig-0018395	#CC8DB3	chr11
contig-0018396	#CC8DB3	chr11
contig-0018397	#CC8DB3	chr11
contig-0018398	#CC8DB3	chr11
contig-0018399	#CC8DB3	chr11
contig-0018400	#CC8DB3	chr11
contig-0018401	#E6C47F	chr22
contig-0018402	#D55E00	chr6
contig-0018403	#D55E00	chr6
contig-0018405	#338CC2	chr19
contig-0018406	#338CC2	chr19
contig-0018407	#338CC2	chr19
contig-0018408	#338CC2	chr19
contig-0018409	#338CC2	chr19
contig-0018410	#CCA0BF	chr18
contig-0018411	#CCA0BF	chr18
contig-0018412	#E6C47F	chr22
contig-0018413	#CCA0BF	chr18
contig-0018414	#CCA0BF	chr18
contig-0018415	#CCA0BF	chr18
contig-0018416	#CCA0BF	chr18
contig-0018417	#CCA0BF	chr18
contig-0018418	#E69F00	chr1
contig-0018419	#E69F00	chr1
contig-0018420	#E69F00	chr1
contig-0018421	#E69F00	chr1
contig-0018422	#E69F00	chr1
contig-0018423	#E6C47F	chr22
contig-0018424	#E69F00	chr1
contig-0018425	#E69F00	chr1
contig-0018426	#0072B2	chr5
contig-0018427	#0072B2	chr5
contig-0018428	#0072B2	chr5
contig-0018429	#0072B2	chr5
contig-0018430	#0072B2	chr5
contig-0018431	#0072B2	chr5
contig-0018432	#0072B2	chr5
contig-0018433	#D55E00	chr6
contig-0018434	#0072B2	chr5
contig-0018435	#0072B2	chr5
contig-0018436	#0072B2	chr5
contig-0018437	#0072B2	chr5
contig-0018438	#00A880	chr10
contig-0018439	#00A880	chr10
contig-0018440	#00A880	chr10
contig-0018441	#5699E9	chr9
contig-0018442	#5699E9	chr9
contig-0018443	#5699E9	chr9
contig-0018444	#5699E9	chr9
contig-0018445	#5699E9	chr9
contig-0018446	#5699E9	chr9
contig-0018447	#00B28C	chr17
contig-0018448	#00B28C	chr17
contig-0018449	#737373	chr14
contig-0018450	#737373	chr14
contig-0018451	#737373	chr14
contig-0018452	#737373	chr14
contig-0018453	#737373	chr14
contig-0018454	#D57533	chr13
contig-0018455	#CC79A7	chr4
contig-0018456	#E69F00	chr1
contig-0018457	#E69F00	chr1
contig-0018458	#E69F00	chr1
contig-0018459	#E69F00	chr1
contig-0018460	#E69F00	chr1
contig-0018461	#E6AB23	chr8
contig-0018462	#E6AB23	chr8
contig-0018463	#E6AB23	chr8
contig-0018464	#E6AB23	chr8
contig-0018465	#CC79A7	chr4
contig-0018466	#E6AB23	chr8
contig-0018467	#666666	chr7
contig-0018468	#666666	chr7
contig-0018469	#666666	chr7
contig-0018470	#56B4E9	chr2
contig-0018471	#56B4E9	chr2
contig-0018472	#56B4E9	chr2
contig-0018473	#56B4E9	chr2
contig-0018474	#56B4E9	chr2
contig-0018475	#D57533	chr13
contig-0018476	#CC79A7	chr4
contig-0018477	#D57533	chr13
contig-0018478	#808080	chr21
contig-0018479	#D57533	chr13
contig-0018480	#56B4E9	chr2
contig-0018481	#56B4E9	chr2
contig-0018482	#56B4E9	chr2
contig-0018483	#D57533	chr13
contig-0018484	#D57533	chr13
contig-0018485	#CC79A7	chr4
contig-0018486	#D57533	chr13
contig-0018487	#D57533	chr13
contig-0018488	#D57533	chr13
contig-0018489	#CC79A7	chr4
contig-0018490	#CC79A7	chr4
contig-0018491	#CC79A7	chr4
contig-0018492	#CC79A7	chr4
contig-0018493	#CC79A7	chr4
contig-0018494	#E6B847	chr15
contig-0018495	#E6B847	chr15
contig-0018496	#CC79A7	chr4
contig-0018497	#E6B847	chr15
contig-0018498	#E6B847	chr15
contig-0018499	#E6B847	chr15
contig-0018500	#CC8DB3	chr11
contig-0018501	#CC8DB3	chr11
contig-0018502	#E6C47F	chr22
contig-0018503	#D55E00	chr6
contig-0018504	#D55E00	chr6
contig-0018505	#D55E00	chr6
contig-0018506	#737373	chr14
contig-0018507	#CC8DB3	chr11
contig-0018508	#CC8DB3	chr11
contig-0018509	#CC8DB3	chr11
contig-0018510	#CC8DB3	chr11
contig-0018511	#CC8DB3	chr11
contig-0018512	#CC8DB3	chr11
contig-0018513	#E6AB23	chr8
contig-0018514	#E6AB23	chr8
contig-0018515	#737373	chr14
contig-0018516	#E6AB23	chr8
contig-0018517	#E6AB23	chr8
contig-0018518	#E6AB23	chr8
contig-0018519	#56B4E9	chr2
contig-0018520	#56B4E9	chr2
contig-0018521	#56B4E9	chr2
contig-0018522	#56B4E9	chr2
contig-0018523	#808080	chr21
contig-0018524	#808080	chr21
contig-0018525	#737373	chr14
contig-0018526	#808080	chr21
contig-0018527	#808080	chr21
contig-0018528	#808080	chr21
contig-0018529	#808080	chr21
contig-0018530	#808080	chr21
contig-0018531	#5699E9	chr9
contig-0018532	#56B4E9	chr2
contig-0018533	#56B4E9	chr2
contig-0018534	#56B4E9	chr2
contig-0018535	#D58C66	chr20
contig-0018536	#737373	chr14
contig-0018537	#D58C66	chr20
contig-0018538	#D58C66	chr20
contig-0018539	#D58C66	chr20
contig-0018540	#D58C66	chr20
contig-0018541	#56B4E9	chr2
contig-0018542	#56B4E9	chr2
contig-0018544	#E6C47F	chr22
contig-0018545	#666666	chr7
contig-0018546	#737373	chr14
contig-0018547	#666666	chr7
contig-0018548	#666666	chr7
contig-0018549	#E6B847	chr15
contig-0018550	#009E73	chr3
contig-0018551	#009E73	chr3
contig-0018552	#CC79A7	chr4
contig-0018553	#CC79A7	chr4
contig-0018554	#737373	chr14
contig-0018555	#CC79A7	chr4
contig-0018556	#567DE9	chr16
contig-0018557	#567DE9	chr16
contig-0018558	#567DE9	chr16
contig-0018559	#567DE9	chr16
contig-0018560	#567DE9	chr16
contig-0018561	#0072B2	chr5
contig-0018562	#0072B2	chr5
contig-0018563	#0072B2	chr5
contig-0018564	#0072B2	chr5
contig-0018565	#CC79A7	chr4
contig-0018566	#0072B2	chr5
contig-0018567	#666666	chr7
contig-0018568	#666666	chr7
contig-0018569	#D58C66	chr20
contig-0018570	#D58C66	chr20
contig-0018571	#D58C66	chr20
contig-0018572	#CCA0BF	chr18
contig-0018573	#CCA0BF	chr18
contig-0018574	#CCA0BF	chr18
contig-0018575	#CC79A7	chr4
contig-0018576	#CCA0BF	chr18
contig-0018577	#CCA0BF	chr18
contig-0018578	#D55E00	chr6
contig-0018579	#D55E00	chr6
contig-0018580	#D55E00	chr6
contig-0018583	#D58C66	chr20
contig-0018584	#1A7FBA	chr12
contig-0018585	#1A7FBA	chr12
contig-0018586	#CC79A7	chr4
contig-0018587	#1A7FBA	chr12
contig-0018588	#D58C66	chr20
contig-0018589	#D58C66	chr20
contig-0018590	#D58C66	chr20
contig-0018591	#D58C66	chr20
contig-0018592	#D58C66	chr20
contig-0018593	#D58C66	chr20
contig-0018594	#D58C66	chr20
contig-0018595	#E6B847	chr15
contig-0018596	#E6B847	chr15
contig-0018597	#CC79A7	chr4
contig-0018598	#E6B847	chr15
contig-0018599	#D55E00	chr6
contig-0018600	#D55E00	chr6
contig-0018601	#D55E00	chr6
contig-0018602	#00B28C	chr17
contig-0018603	#00B28C	chr17
contig-0018604	#00B28C	chr17
contig-0018605	#56B4E9	chr2
contig-0018606	#56B4E9	chr2
contig-0018607	#56B4E9	chr2
contig-0018608	#CC79A7	chr4
contig-0018609	#CC79A7	chr4
contig-0018610	#CC79A7	chr4
contig-0018611	#CC79A7	chr4
contig-0018612	#737373	chr14
contig-0018613	#737373	chr14
contig-0018614	#737373	chr14
contig-0018615	#737373	chr14
contig-0018616	#737373	chr14
contig-0018617	#00B28C	chr17
contig-0018618	#009E73	chr3
contig-0018619	#009E73	chr3
contig-0018620	#009E73	chr3
contig-0018621	#E6B847	chr15
contig-0018622	#E6B847	chr15
contig-0018623	#E6B847	chr15
contig-0018624	#E6B847	chr15
contig-0018625	#E6B847	chr15
contig-0018626	#E6C47F	chr22
contig-0018627	#56B4E9	chr2
contig-0018628	#00B28C	chr17
contig-0018629	#D55E00	chr6
contig-0018630	#D55E00	chr6
contig-0018631	#D55E00	chr6
contig-0018632	#D55E00	chr6
contig-0018633	#CCA0BF	chr18
contig-0018634	#CCA0BF	chr18
contig-0018635	#CCA0BF	chr18
contig-0018636	#E69F00	chr1
contig-0018637	#00B28C	chr17
contig-0018638	#E69F00	chr1
contig-0018639	#E69F00	chr1
contig-0018640	#E69F00	chr1
contig-0018641	#E69F00	chr1
contig-0018642	#E69F00	chr1
contig-0018643	#E69F00	chr1
contig-0018644	#E69F00	chr1
contig-0018645	#56B4E9	chr2
contig-0018646	#56B4E9	chr2
contig-0018647	#009E73	chr3
contig-0018648	#56B4E9	chr2
contig-0018649	#56B4E9	chr2
contig-0018650	#56B4E9	chr2
contig-0018651	#CC8DB3	chr11
contig-0018652	#E6AB23	chr8
contig-0018653	#E6AB23	chr8
contig-0018654	#E6B847	chr15
contig-0018655	#CCA0BF	chr18
contig-0018656	#D55E00	chr6
contig-0018657	#009E73	chr3
contig-0018658	#CCA0BF	chr18
contig-0018659	#CCA0BF	chr18
contig-0018660	#CCA0BF	chr18
contig-0018661	#CCA0BF	chr18
contig-0018662	#1A7FBA	chr12
contig-0018663	#1A7FBA	chr12
contig-0018664	#1A7FBA	chr12
contig-0018665	#1A7FBA	chr12
contig-0018666	#1A7FBA	chr12
contig-0018667	#1A7FBA	chr12
contig-0018668	#009E73	chr3
contig-0018669	#1A7FBA	chr12
contig-0018670	#D55E00	chr6
contig-0018671	#D55E00	chr6
contig-0018672	#D55E00	chr6
contig-0018673	#E6AB23	chr8
contig-0018674	#E6AB23	chr8
contig-0018675	#E6AB23	chr8
contig-0018676	#338CC2	chr19
contig-0018677	#338CC2	chr19
contig-0018678	#338CC2	chr19
contig-0018679	#009E73	chr3
contig-0018680	#338CC2	chr19
contig-0018681	#338CC2	chr19
contig-0018682	#CCA0BF	chr18
contig-0018683	#CCA0BF	chr18
contig-0018684	#CCA0BF	chr18
contig-0018685	#8C564B	chrY
contig-0018686	#9467BD	chrX
contig-0018687	#8C564B	chrY
contig-0018688	#9467BD	chrX
contig-0018689	#9467BD	chrX
contig-0018690	#009E73	chr3
contig-0018691	#5699E9	chr9
contig-0018692	#5699E9	chr9
contig-0018693	#5699E9	chr9
contig-0018694	#5699E9	chr9
contig-0018695	#5699E9	chr9
contig-0018696	#0072B2	chr5
contig-0018697	#0072B2	chr5
contig-0018698	#0072B2	chr5
contig-0018699	#0072B2	chr5
contig-0018700	#0072B2	chr5
contig-0018701	#D55E00	chr6
contig-0018702	#CC8DB3	chr11
contig-0018703	#CC8DB3	chr11
contig-0018704	#CC8DB3	chr11
contig-0018705	#CC8DB3	chr11
contig-0018706	#CC8DB3	chr11
contig-0018707	#666666	chr7
contig-0018708	#666666	chr7
contig-0018709	#666666	chr7
contig-0018710	#666666	chr7
contig-0018711	#D55E00	chr6
contig-0018712	#CC8DB3	chr11
contig-0018713	#E6B847	chr15
contig-0018714	#E6B847	chr15
contig-0018715	#E6B847	chr15
contig-0018716	#E6B847	chr15
contig-0018717	#00B28C	chr17
contig-0018718	#D55E00	chr6
contig-0018719	#D55E00	chr6
contig-0018720	#D55E00	chr6
contig-0018721	#D55E00	chr6
contig-0018722	#D55E00	chr6
contig-0018723	#D55E00	chr6
contig-0018724	#D55E00	chr6
contig-0018725	#009E73	chr3
contig-0018726	#009E73	chr3
contig-0018727	#009E73	chr3
contig-0018728	#009E73	chr3
contig-0018729	#00A880	chr10
contig-0018730	#00A880	chr10
contig-0018731	#00A880	chr10
contig-0018732	#D55E00	chr6
contig-0018733	#666666	chr7
contig-0018734	#666666	chr7
contig-0018735	#E69F00	chr1
contig-0018736	#E69F00	chr1
contig-0018737	#E69F00	chr1
contig-0018738	#1A7FBA	chr12
contig-0018739	#1A7FBA	chr12
contig-0018740	#1A7FBA	chr12
contig-0018741	#1A7FBA	chr12
contig-0018742	#1A7FBA	chr12
contig-0018743	#D55E00	chr6
contig-0018744	#56B4E9	chr2
contig-0018745	#56B4E9	chr2
contig-0018746	#56B4E9	chr2
contig-0018747	#56B4E9	chr2
contig-0018748	#CC79A7	chr4
contig-0018749	#CC79A7	chr4
contig-0018750	#CC79A7	chr4
contig-0018751	#CC79A7	chr4
contig-0018752	#CC79A7	chr4
contig-0018753	#CC79A7	chr4
contig-0018754	#E69F00	chr1
contig-0018755	#E6AB23	chr8
contig-0018756	#E6AB23	chr8
contig-0018757	#E6AB23	chr8
contig-0018758	#009E73	chr3
contig-0018759	#009E73	chr3
contig-0018760	#009E73	chr3
contig-0018761	#009E73	chr3
contig-0018762	#009E73	chr3
contig-0018763	#567DE9	chr16
contig-0018764	#D55E00	chr6
contig-0018765	#CC79A7	chr4
contig-0018766	#567DE9	chr16
contig-0018767	#567DE9	chr16
contig-0018768	#567DE9	chr16
contig-0018769	#00A880	chr10
contig-0018770	#00A880	chr10
contig-0018771	#00A880	chr10
contig-0018772	#00A880	chr10
contig-0018773	#00A880	chr10
contig-0018774	#00B28C	chr17
contig-0018775	#CC79A7	chr4
contig-0018776	#E6AB23	chr8
contig-0018777	#E6AB23	chr8
contig-0018778	#E6AB23	chr8
contig-0018779	#E6AB23	chr8
contig-0018780	#E6AB23	chr8
contig-0018781	#0072B2	chr5
contig-0018782	#0072B2	chr5
contig-0018783	#0072B2	chr5
contig-0018784	#CC79A7	chr4
contig-0018785	#009E73	chr3
contig-0018786	#009E73	chr3
contig-0018787	#009E73	chr3
contig-0018788	#E6C47F	chr22
contig-0018789	#E6C47F	chr22
contig-0018790	#E6C47F	chr22
contig-0018791	#E6C47F	chr22
contig-0018792	#E6C47F	chr22
contig-0018793	#E6C47F	chr22
contig-0018794	#E6C47F	chr22
contig-0018795	#CC79A7	chr4
contig-0018796	#0072B2	chr5
contig-0018797	#0072B2	chr5
contig-0018798	#0072B2	chr5
contig-0018799	#0072B2	chr5
contig-0018800	#0072B2	chr5
contig-0018801	#0072B2	chr5
contig-0018802	#0072B2	chr5
contig-0018803	#5699E9	chr9
contig-0018804	#5699E9	chr9
contig-0018805	#5699E9	chr9
contig-0018806	#E69F00	chr1
contig-0018807	#E69F00	chr1
contig-0018808	#E69F00	chr1
contig-0018809	#00B28C	chr17
contig-0018810	#00B28C	chr17
contig-0018811	#00B28C	chr17
contig-0018812	#CC8DB3	chr11
contig-0018813	#CC8DB3	chr11
contig-0018814	#CC8DB3	chr11
contig-0018815	#CC8DB3	chr11
contig-0018816	#CC79A7	chr4
contig-0018817	#CC8DB3	chr11
contig-0018818	#E6B847	chr15
contig-0018819	#E6B847	chr15
contig-0018820	#E6B847	chr15
contig-0018821	#E6B847	chr15
contig-0018822	#E6B847	chr15
contig-0018823	#5699E9	chr9
contig-0018824	#5699E9	chr9
contig-0018825	#0072B2	chr5
contig-0018826	#0072B2	chr5
contig-0018827	#8C564B	chrY
contig-0018828	#0072B2	chr5
contig-0018829	#D57533	chr13
contig-0018830	#E6AB23	chr8
contig-0018831	#E6AB23	chr8
contig-0018832	#E6AB23	chr8
contig-0018833	#E6AB23	chr8
contig-0018834	#E6AB23	chr8
contig-0018835	#0072B2	chr5
contig-0018836	#0072B2	chr5
contig-0018837	#0072B2	chr5
contig-0018838	#0072B2	chr5
contig-0018839	#0072B2	chr5
contig-0018840	#0072B2	chr5
contig-0018841	#D55E00	chr6
contig-0018842	#D55E00	chr6
contig-0018843	#D55E00	chr6
contig-0018844	#D55E00	chr6
contig-0018845	#D55E00	chr6
contig-0018846	#1A7FBA	chr12
contig-0018847	#1A7FBA	chr12
contig-0018848	#8C564B	chrY
contig-0018849	#1A7FBA	chr12
contig-0018850	#1A7FBA	chr12
contig-0018851	#1A7FBA	chr12
contig-0018852	#1A7FBA	chr12
contig-0018853	#5699E9	chr9
contig-0018854	#5699E9	chr9
contig-0018855	#5699E9	chr9
contig-0018856	#5699E9	chr9
contig-0018857	#5699E9	chr9
contig-0018858	#D55E00	chr6
contig-0018859	#D55E00	chr6
contig-0018860	#D55E00	chr6
contig-0018861	#D57533	chr13
contig-0018862	#737373	chr14
contig-0018863	#737373	chr14
contig-0018864	#00B28C	chr17
contig-0018865	#00B28C	chr17
contig-0018866	#0072B2	chr5
contig-0018867	#0072B2	chr5
contig-0018868	#D55E00	chr6
contig-0018869	#8C564B	chrY
contig-0018870	#0072B2	chr5
contig-0018871	#0072B2	chr5
contig-0018872	#1A7FBA	chr12
contig-0018873	#1A7FBA	chr12
contig-0018874	#56B4E9	chr2
contig-0018875	#56B4E9	chr2
contig-0018876	#56B4E9	chr2
contig-0018877	#CC8DB3	chr11
contig-0018878	#CC8DB3	chr11
contig-0018879	#56B4E9	chr2
contig-0018880	#CC8DB3	chr11
contig-0018881	#CC8DB3	chr11
contig-0018882	#CC8DB3	chr11
contig-0018883	#1A7FBA	chr12
contig-0018884	#1A7FBA	chr12
contig-0018885	#1A7FBA	chr12
contig-0018886	#1A7FBA	chr12
contig-0018887	#1A7FBA	chr12
contig-0018888	#CC8DB3	chr11
contig-0018889	#E69F00	chr1
contig-0018890	#56B4E9	chr2
contig-0018891	#56B4E9	chr2
contig-0018892	#56B4E9	chr2
contig-0018893	#56B4E9	chr2
contig-0018894	#00B28C	chr17
contig-0018895	#00B28C	chr17
contig-0018896	#1A7FBA	chr12
contig-0018897	#1A7FBA	chr12
contig-0018898	#1A7FBA	chr12
contig-0018899	#00A880	chr10
contig-0018900	#00A880	chr10
contig-0018901	#00A880	chr10
contig-0018902	#00A880	chr10
contig-0018903	#737373	chr14
contig-0018904	#737373	chr14
contig-0018905	#737373	chr14
contig-0018906	#E6AB23	chr8
contig-0018907	#56B4E9	chr2
contig-0018908	#56B4E9	chr2
contig-0018909	#56B4E9	chr2
contig-0018910	#009E73	chr3
contig-0018911	#009E73	chr3
contig-0018912	#009E73	chr3
contig-0018913	#009E73	chr3
contig-0018914	#E6AB23	chr8
contig-0018915	#D57533	chr13
contig-0018916	#D57533	chr13
contig-0018917	#D57533	chr13
contig-0018918	#009E73	chr3
contig-0018919	#009E73	chr3
contig-0018920	#009E73	chr3
contig-0018921	#CCA0BF	chr18
contig-0018922	#CCA0BF	chr18
contig-0018923	#56B4E9	chr2
contig-0018924	#56B4E9	chr2
contig-0018925	#56B4E9	chr2
contig-0018926	#56B4E9	chr2
contig-0018927	#E6AB23	chr8
contig-0018928	#E6AB23	chr8
contig-0018929	#E6AB23	chr8
contig-0018930	#E6AB23	chr8
contig-0018931	#E6AB23	chr8
contig-0018932	#CC8DB3	chr11
contig-0018933	#E6AB23	chr8
contig-0018934	#CC8DB3	chr11
contig-0018935	#CC8DB3	chr11
contig-0018936	#CC8DB3	chr11
contig-0018937	#CC8DB3	chr11
contig-0018938	#CC79A7	chr4
contig-0018939	#CC79A7	chr4
contig-0018940	#CC79A7	chr4
contig-0018941	#CC79A7	chr4
contig-0018942	#CC79A7	chr4
contig-0018943	#CC79A7	chr4
contig-0018944	#E6AB23	chr8
contig-0018945	#CC79A7	chr4
contig-0018946	#737373	chr14
contig-0018947	#737373	chr14
contig-0018948	#737373	chr14
contig-0018949	#E6AB23	chr8
contig-0018950	#338CC2	chr19
contig-0018951	#338CC2	chr19
contig-0018952	#338CC2	chr19
contig-0018953	#00B28C	chr17
contig-0018954	#CCA0BF	chr18
contig-0018955	#CCA0BF	chr18
contig-0018956	#CCA0BF	chr18
contig-0018957	#CCA0BF	chr18
contig-0018958	#CCA0BF	chr18
contig-0018959	#5699E9	chr9
contig-0018960	#00A880	chr10
contig-0018961	#D55E00	chr6
contig-0018962	#00B28C	chr17
contig-0018963	#E69F00	chr1
contig-0018964	#E69F00	chr1
contig-0018965	#E69F00	chr1
contig-0018966	#E69F00	chr1
contig-0018967	#E69F00	chr1
contig-0018968	#009E73	chr3
contig-0018969	#009E73	chr3
contig-0018970	#009E73	chr3
contig-0018971	#009E73	chr3
contig-0018972	#00B28C	chr17
contig-0018973	#666666	chr7
contig-0018974	#666666	chr7
contig-0018975	#666666	chr7
contig-0018976	#666666	chr7
contig-0018977	#E6AB23	chr8
contig-0018978	#E6AB23	chr8
contig-0018979	#E6AB23	chr8
contig-0018980	#D58C66	chr20
contig-0018981	#D58C66	chr20
contig-0018982	#00B28C	chr17
contig-0018983	#D58C66	chr20
contig-0018984	#D58C66	chr20
contig-0018985	#D58C66	chr20
contig-0018986	#009E73	chr3
contig-0018987	#009E73	chr3
contig-0018988	#009E73	chr3
contig-0018989	#009E73	chr3
contig-0018990	#009E73	chr3
contig-0018991	#D57533	chr13
contig-0018992	#00B28C	chr17
contig-0018993	#D57533	chr13
contig-0018994	#E6C47F	chr22
contig-0018995	#E6C47F	chr22
contig-0018996	#E6C47F	chr22
contig-0018997	#00A880	chr10
contig-0018998	#00A880	chr10
contig-0018999	#00A880	chr10
contig-0019000	#00A880	chr10
contig-0019001	#00A880	chr10
contig-0019002	#E6B847	chr15
contig-0019003	#E6C47F	chr22
contig-0019004	#E6B847	chr15
contig-0019005	#E6B847	chr15
contig-0019006	#E6B847	chr15
contig-0019007	#E6B847	chr15
contig-0019008	#D57533	chr13
contig-0019009	#D57533	chr13
contig-0019010	#D57533	chr13
contig-0019011	#D57533	chr13
contig-0019012	#D57533	chr13
contig-0019013	#D55E00	chr6
contig-0019014	#E6C47F	chr22
contig-0019015	#D55E00	chr6
contig-0019016	#D55E00	chr6
contig-0019017	#E69F00	chr1
contig-0019018	#E69F00	chr1
contig-0019019	#E69F00	chr1
contig-0019020	#808080	chr21
contig-0019021	#808080	chr21
contig-0019022	#D57533	chr13
contig-0019023	#808080	chr21
contig-0019024	#E6C47F	chr22
contig-0019025	#808080	chr21
contig-0019026	#808080	chr21
contig-0019027	#808080	chr21
contig-0019028	#E6AB23	chr8
contig-0019029	#E6AB23	chr8
contig-0019030	#E6AB23	chr8
contig-0019031	#E6AB23	chr8
contig-0019032	#E6AB23	chr8
contig-0019033	#567DE9	chr16
contig-0019034	#567DE9	chr16
contig-0019035	#567DE9	chr16
contig-0019036	#567DE9	chr16
contig-0019037	#567DE9	chr16
contig-0019038	#CC79A7	chr4
contig-0019039	#CC79A7	chr4
contig-0019040	#CC79A7	chr4
contig-0019041	#CC79A7	chr4
contig-0019042	#CC79A7	chr4
contig-0019043	#E6AB23	chr8
contig-0019044	#E6AB23	chr8
contig-0019045	#E6C47F	chr22
contig-0019046	#E6AB23	chr8
contig-0019047	#E6AB23	chr8
contig-0019048	#E6AB23	chr8
contig-0019049	#E6AB23	chr8
contig-0019050	#56B4E9	chr2
contig-0019051	#56B4E9	chr2
contig-0019052	#56B4E9	chr2
contig-0019053	#56B4E9	chr2
contig-0019054	#56B4E9	chr2
contig-0019055	#338CC2	chr19
contig-0019056	#338CC2	chr19
contig-0019057	#338CC2	chr19
contig-0019058	#CC79A7	chr4
contig-0019059	#CC79A7	chr4
contig-0019060	#E6AB23	chr8
contig-0019061	#E6AB23	chr8
contig-0019062	#E6AB23	chr8
contig-0019063	#E6AB23	chr8
contig-0019064	#D55E00	chr6
contig-0019065	#E6C47F	chr22
contig-0019066	#009E73	chr3
contig-0019067	#009E73	chr3
contig-0019068	#009E73	chr3
contig-0019069	#E69F00	chr1
contig-0019070	#E6AB23	chr8
contig-0019071	#E6AB23	chr8
contig-0019072	#E6AB23	chr8
contig-0019073	#E6AB23	chr8
contig-0019074	#E6AB23	chr8
contig-0019075	#D57533	chr13
contig-0019076	#CC8DB3	chr11
contig-0019077	#D57533	chr13
contig-0019078	#D57533	chr13
contig-0019079	#D57533	chr13
contig-0019080	#D57533	chr13
contig-0019081	#56B4E9	chr2
contig-0019082	#56B4E9	chr2
contig-0019083	#56B4E9	chr2
contig-0019084	#E69F00	chr1
contig-0019085	#E69F00	chr1
contig-0019086	#CC8DB3	chr11
contig-0019087	#E6B847	chr15
contig-0019088	#E6B847	chr15
contig-0019089	#E6B847	chr15
contig-0019090	#E6B847	chr15
contig-0019091	#E6B847	chr15
contig-0019092	#808080	chr21
contig-0019093	#808080	chr21
contig-0019094	#808080	chr21
contig-0019095	#808080	chr21
contig-0019096	#56B4E9	chr2
contig-0019097	#CC8DB3	chr11
contig-0019098	#56B4E9	chr2
contig-0019099	#56B4E9	chr2
contig-0019100	#56B4E9	chr2
contig-0019101	#56B4E9	chr2
contig-0019102	#D55E00	chr6
contig-0019103	#0072B2	chr5
contig-0019104	#0072B2	chr5
contig-0019105	#0072B2	chr5
contig-0019106	#0072B2	chr5
contig-0019107	#0072B2	chr5
contig-0019108	#CC8DB3	chr11
contig-0019109	#00A880	chr10
contig-0019110	#00A880	chr10
contig-0019111	#00A880	chr10
contig-0019112	#00A880	chr10
contig-0019113	#00A880	chr10
contig-0019114	#56B4E9	chr2
contig-0019115	#56B4E9	chr2
contig-0019116	#56B4E9	chr2
contig-0019117	#56B4E9	chr2
contig-0019118	#56B4E9	chr2
contig-0019119	#CC8DB3	chr11
contig-0019120	#666666	chr7
contig-0019121	#666666	chr7
contig-0019122	#666666	chr7
contig-0019123	#E69F00	chr1
contig-0019124	#E69F00	chr1
contig-0019125	#E69F00	chr1
contig-0019126	#E69F00	chr1
contig-0019127	#00A880	chr10
contig-0019128	#E6C47F	chr22
contig-0019129	#00A880	chr10
contig-0019130	#00A880	chr10
contig-0019131	#009E73	chr3
contig-0019132	#737373	chr14
contig-0019133	#00A880	chr10
contig-0019134	#00A880	chr10
contig-0019135	#00A880	chr10
contig-0019136	#CC8DB3	chr11
contig-0019137	#CC8DB3	chr11
contig-0019138	#CC8DB3	chr11
contig-0019139	#CC8DB3	chr11
contig-0019140	#CC8DB3	chr11
contig-0019141	#E6AB23	chr8
contig-0019142	#E6AB23	chr8
contig-0019143	#E6AB23	chr8
contig-0019144	#009E73	chr3
contig-0019145	#009E73	chr3
contig-0019146	#009E73	chr3
contig-0019147	#009E73	chr3
contig-0019148	#009E73	chr3
contig-0019149	#E6C47F	chr22
contig-0019150	#808080	chr21
contig-0019151	#0072B2	chr5
contig-0019152	#CC79A7	chr4
contig-0019153	#CC79A7	chr4
contig-0019154	#CC79A7	chr4
contig-0019155	#CC79A7	chr4
contig-0019156	#CC79A7	chr4
contig-0019157	#0072B2	chr5
contig-0019158	#0072B2	chr5
contig-0019159	#0072B2	chr5
contig-0019160	#E6C47F	chr22
contig-0019161	#1A7FBA	chr12
contig-0019162	#1A7FBA	chr12
contig-0019163	#1A7FBA	chr12
contig-0019164	#1A7FBA	chr12
contig-0019165	#1A7FBA	chr12
contig-0019166	#E69F00	chr1
contig-0019167	#E69F00	chr1
contig-0019168	#E69F00	chr1
contig-0019169	#E69F00	chr1
contig-0019170	#E69F00	chr1
contig-0019171	#E6AB23	chr8
contig-0019172	#E69F00	chr1
contig-0019173	#E69F00	chr1
contig-0019174	#E69F00	chr1
contig-0019175	#808080	chr21
contig-0019176	#808080	chr21
contig-0019177	#808080	chr21
contig-0019178	#808080	chr21
contig-0019179	#808080	chr21
contig-0019180	#E6AB23	chr8
contig-0019181	#808080	chr21
contig-0019182	#E6C47F	chr22
contig-0019183	#808080	chr21
contig-0019184	#808080	chr21
contig-0019185	#808080	chr21
contig-0019186	#808080	chr21
contig-0019187	#808080	chr21
contig-0019188	#D58C66	chr20
contig-0019189	#D58C66	chr20
contig-0019190	#D58C66	chr20
contig-0019191	#D58C66	chr20
contig-0019192	#D58C66	chr20
contig-0019193	#E6C47F	chr22
contig-0019194	#009E73	chr3
contig-0019195	#CC79A7	chr4
contig-0019196	#CC79A7	chr4
contig-0019197	#CC79A7	chr4
contig-0019198	#D55E00	chr6
contig-0019199	#D55E00	chr6
contig-0019200	#D55E00	chr6
contig-0019201	#D55E00	chr6
contig-0019203	#D55E00	chr6
contig-0019204	#0072B2	chr5
contig-0019205	#0072B2	chr5
contig-0019206	#0072B2	chr5
contig-0019207	#E69F00	chr1
contig-0019208	#E69F00	chr1
contig-0019209	#E69F00	chr1
contig-0019210	#E69F00	chr1
contig-0019211	#E69F00	chr1
contig-0019212	#D55E00	chr6
contig-0019213	#00B28C	chr17
contig-0019214	#D55E00	chr6
contig-0019215	#D55E00	chr6
contig-0019216	#E69F00	chr1
contig-0019217	#D55E00	chr6
contig-0019218	#D55E00	chr6
contig-0019219	#D55E00	chr6
contig-0019220	#D57533	chr13
contig-0019221	#D57533	chr13
contig-0019222	#D57533	chr13
contig-0019223	#D57533	chr13
contig-0019224	#D57533	chr13
contig-0019225	#CC8DB3	chr11
contig-0019226	#CC8DB3	chr11
contig-0019227	#CC8DB3	chr11
contig-0019228	#737373	chr14
contig-0019229	#737373	chr14
contig-0019230	#737373	chr14
contig-0019231	#737373	chr14
contig-0019232	#737373	chr14
contig-0019233	#D58C66	chr20
contig-0019234	#00B28C	chr17
contig-0019235	#D58C66	chr20
contig-0019236	#D58C66	chr20
contig-0019237	#D58C66	chr20
contig-0019238	#E6AB23	chr8
contig-0019239	#E6AB23	chr8
contig-0019240	#E6AB23	chr8
contig-0019241	#E6AB23	chr8
contig-0019242	#E6AB23	chr8
contig-0019243	#E6AB23	chr8
contig-0019244	#E6AB23	chr8
contig-0019245	#00B28C	chr17
contig-0019246	#E6AB23	chr8
contig-0019247	#5699E9	chr9
contig-0019248	#00A880	chr10
contig-0019249	#D55E00	chr6
contig-0019250	#D55E00	chr6
contig-0019251	#D55E00	chr6
contig-0019252	#D55E00	chr6
contig-0019253	#D55E00	chr6
contig-0019254	#CC79A7	chr4
contig-0019255	#E69F00	chr1
contig-0019256	#CC79A7	chr4
contig-0019257	#CC79A7	chr4
contig-0019258	#CC79A7	chr4
contig-0019259	#CC79A7	chr4
contig-0019260	#CC79A7	chr4
contig-0019261	#CC79A7	chr4
contig-0019262	#E6B847	chr15
contig-0019263	#E6B847	chr15
contig-0019264	#E6B847	chr15
contig-0019265	#E6B847	chr15
contig-0019266	#E6B847	chr15
contig-0019267	#E6B847	chr15
contig-0019268	#E69F00	chr1
contig-0019269	#E69F00	chr1
contig-0019270	#E69F00	chr1
contig-0019271	#E69F00	chr1
contig-0019272	#E69F00	chr1
contig-0019273	#E6B847	chr15
contig-0019274	#E6B847	chr15
contig-0019275	#E6B847	chr15
contig-0019276	#E6AB23	chr8
contig-0019277	#E69F00	chr1
contig-0019278	#E6B847	chr15
contig-0019279	#E6B847	chr15
contig-0019280	#CC79A7	chr4
contig-0019281	#CC79A7	chr4
contig-0019282	#CC79A7	chr4
contig-0019283	#CC79A7	chr4
contig-0019284	#CC79A7	chr4
contig-0019285	#D55E00	chr6
contig-0019286	#D55E00	chr6
contig-0019287	#E69F00	chr1
contig-0019288	#D55E00	chr6
contig-0019289	#D55E00	chr6
contig-0019290	#D55E00	chr6
contig-0019291	#0072B2	chr5
contig-0019292	#00B28C	chr17
contig-0019293	#00B28C	chr17
contig-0019294	#00B28C	chr17
contig-0019295	#00B28C	chr17
contig-0019296	#00B28C	chr17
contig-0019297	#009E73	chr3
contig-0019298	#E69F00	chr1
contig-0019299	#009E73	chr3
contig-0019300	#009E73	chr3
contig-0019301	#009E73	chr3
contig-0019302	#009E73	chr3
contig-0019303	#CC79A7	chr4
contig-0019304	#CC79A7	chr4
contig-0019305	#CC79A7	chr4
contig-0019306	#666666	chr7
contig-0019307	#666666	chr7
contig-0019308	#666666	chr7
contig-0019309	#00A880	chr10
contig-0019310	#666666	chr7
contig-0019311	#666666	chr7
contig-0019312	#E6B847	chr15
contig-0019313	#E6B847	chr15
contig-0019314	#E6B847	chr15
contig-0019315	#E6B847	chr15
contig-0019316	#E6B847	chr15
contig-0019317	#1A7FBA	chr12
contig-0019318	#1A7FBA	chr12
contig-0019319	#1A7FBA	chr12
contig-0019320	#00A880	chr10
contig-0019321	#1A7FBA	chr12
contig-0019322	#1A7FBA	chr12
contig-0019323	#1A7FBA	chr12
contig-0019324	#1A7FBA	chr12
contig-0019325	#1A7FBA	chr12
contig-0019326	#D55E00	chr6
contig-0019327	#D55E00	chr6
contig-0019328	#D55E00	chr6
contig-0019329	#0072B2	chr5
contig-0019330	#0072B2	chr5
contig-0019331	#00A880	chr10
contig-0019332	#0072B2	chr5
contig-0019333	#0072B2	chr5
contig-0019334	#0072B2	chr5
contig-0019335	#E69F00	chr1
contig-0019336	#E69F00	chr1
contig-0019337	#E69F00	chr1
contig-0019338	#E69F00	chr1
contig-0019339	#E69F00	chr1
contig-0019340	#56B4E9	chr2
contig-0019341	#56B4E9	chr2
contig-0019342	#00A880	chr10
contig-0019343	#56B4E9	chr2
contig-0019344	#E6AB23	chr8
contig-0019345	#E6AB23	chr8
contig-0019346	#E6AB23	chr8
contig-0019347	#E6AB23	chr8
contig-0019348	#567DE9	chr16
contig-0019349	#567DE9	chr16
contig-0019350	#567DE9	chr16
contig-0019351	#CC79A7	chr4
contig-0019352	#00A880	chr10
contig-0019353	#CC79A7	chr4
contig-0019354	#CC79A7	chr4
contig-0019355	#E6B847	chr15
contig-0019356	#E6B847	chr15
contig-0019357	#E6B847	chr15
contig-0019358	#00B28C	chr17
contig-0019359	#00B28C	chr17
contig-0019360	#00B28C	chr17
contig-0019361	#56B4E9	chr2
contig-0019362	#56B4E9	chr2
contig-0019363	#567DE9	chr16
contig-0019364	#56B4E9	chr2
contig-0019365	#56B4E9	chr2
contig-0019366	#56B4E9	chr2
contig-0019367	#56B4E9	chr2
contig-0019368	#56B4E9	chr2
contig-0019369	#56B4E9	chr2
contig-0019370	#CC79A7	chr4
contig-0019371	#CC79A7	chr4
contig-0019372	#CC79A7	chr4
contig-0019373	#CC79A7	chr4
contig-0019374	#567DE9	chr16
contig-0019375	#CC79A7	chr4
contig-0019376	#D55E00	chr6
contig-0019377	#D55E00	chr6
contig-0019378	#D55E00	chr6
contig-0019379	#D55E00	chr6
contig-0019380	#D55E00	chr6
contig-0019381	#00A880	chr10
contig-0019382	#00A880	chr10
contig-0019383	#00A880	chr10
contig-0019384	#00A880	chr10