[31m
 .d8888b.                    888b     d888        d8888 8888888b.
d88P  Y88b                   8888b   d8888       d88888 888   Y88b
888    888                   88888b.d88888      d88P888 888    888
888         .d88b.  88888b.  888Y88888P888     d88P 888 888   d88P
888        d8P  Y8b 888 "88b 888 Y888P 888    d88P  888 8888888P"
888    888 88888888 888  888 888  Y8P  888   d88P   888 888
Y88b  d88P Y8b.     888  888 888   "   888  d8888888888 888
 "Y8888P"   "Y8888  888  888 888       888 d88P     888 888
[0m
Using existing configfile:
	/mnt/storage3b/projects/no_ngsd/ahthapp1_T2T_ONT/analysis_other/cenmap_single/T2T18/config.yaml
Running command:
	snakemake --configfile /mnt/storage3b/projects/no_ngsd/ahthapp1_T2T_ONT/analysis_other/cenmap_single/T2T18/config.yaml -c 24 --workflow-profile workflow/profiles/all
Output dir:
	analysis_other/cenmap_single/T2T18
With sample(s):
	T2T18
Using workflow specific profile workflow/profiles/all for setting default command line arguments.
Using 1 out of 1 samples that have subdirs in data/ont for CDR-Finder.
Assuming unrestricted shared filesystem usage.
host: SRV010
Building DAG of jobs...
Updating checkpoint dependencies.
Using shell: /usr/bin/bash
Provided cores: 24
Rules claiming more threads will be scaled down.
Conda environments: ignored
Singularity containers: ignored
Job stats:
job                                  count
---------------------------------  -------
aggregate_as_hor_length                  1
all                                      1
calculate_as_hor_length                 24
count_complete_cens                      1
filter_annotations_hor_stv_by_chr       24
filter_annotations_moddotplot           55
filter_complete_correct_stv_row         24
get_complete_correct_cens_bed            1
get_complete_correct_cens_fa             1
intersect_cdr_w_live                     1
merge_cdr_beds                           1
moddotplot_chr                          24
modify_moddotplot_cenplot_tracks        55
plot_as_hor_length                       1
plot_cen_moddotplot                     55
plot_complete_cen_counts                 1
plot_hor_stv_by_chr                     48
plot_ideogram                            1
run_humas_annot                          1
run_moddotplot                           4
sm_stv                                   1
total                                  325

Select jobs to execute...
Execute 5 jobs...

[Thu Jan  8 15:27:01 2026]
localrule run_moddotplot:
    input: results/8-humas_annot/seq/T2T18_rc-chr14-chr22-chr15-chr21-chr1_haplotype1-0000001:236777-2338748.fa
    output: results/11-moddotplot/original/chr1/T2T18_rc-chr14-chr22-chr15-chr21-chr1_haplotype1-0000001:236777-2338748/T2T18_rc-chr14-chr22-chr15-chr21-chr1_haplotype1-0000001:236777-2338748.bed
    log: logs/11-moddotplot/moddotplot_chr1_T2T18_rc-chr14-chr22-chr15-chr21-chr1_haplotype1-0000001:236777-2338748.log
    jobid: 871
    benchmark: benchmarks/11-moddotplot/moddotplot_chr1_T2T18_rc-chr14-chr22-chr15-chr21-chr1_haplotype1-0000001:236777-2338748.tsv
    reason: Missing output files: results/11-moddotplot/original/chr1/T2T18_rc-chr14-chr22-chr15-chr21-chr1_haplotype1-0000001:236777-2338748/T2T18_rc-chr14-chr22-chr15-chr21-chr1_haplotype1-0000001:236777-2338748.bed
    wildcards: chr=chr1, fname=T2T18_rc-chr14-chr22-chr15-chr21-chr1_haplotype1-0000001:236777-2338748
    resources: mem_mb=10000, mem_mib=7630, disk_mb=1000, disk_mib=954, tmpdir=/tmp, mem=10GB
Shell command: 
        censtats self-ident -i results/8-humas_annot/seq/T2T18_rc-chr14-chr22-chr15-chr21-chr1_haplotype1-0000001:236777-2338748.fa -x 2D -w 5000 -o results/11-moddotplot/original/chr1/T2T18_rc-chr14-chr22-chr15-chr21-chr1_haplotype1-0000001:236777-2338748 -t 70.0 &> logs/11-moddotplot/moddotplot_chr1_T2T18_rc-chr14-chr22-chr15-chr21-chr1_haplotype1-0000001:236777-2338748.log
        

[Thu Jan  8 15:27:01 2026]
localrule sm_stv:
    input: results/8-humas_annot/T2T18_rc-chr14-chr22-chr15-chr21-chr1_haplotype1-0000001:236777-2338748/stv_row.bed, results/8-humas_annot/T2T18_rc-chr11_haplotype1-0000002:47790941-55351886/stv_row.bed, results/8-humas_annot/T2T18_rc-chr15_haplotype1-0000003:11959045-17630487/stv_row.bed, results/8-humas_annot/T2T18_rc-chr7_haplotype1-0000005:57184703-65589918/stv_row.bed, results/8-humas_annot/T2T18_rc-chr22_haplotype1-0000006:1587387-16558516/stv_row.bed, results/8-humas_annot/T2T18_rc-chr17_haplotype1-0000007:21854791-28485752/stv_row.bed, results/8-humas_annot/T2T18_rc-chr6_haplotype1-0000009:57407496-65427129/stv_row.bed, results/8-humas_annot/T2T18_rc-chr9_haplotype1-0000011:41651274-48603566/stv_row.bed, results/8-humas_annot/T2T18_rc-chr9_haplotype1-0000011:59893523-64560365/stv_row.bed, results/8-humas_annot/T2T18_rc-chr18_haplotype1-0000014:14393263-22484728/stv_row.bed, results/8-humas_annot/T2T18_rc-chr3_haplotype1-0000016:89354245-99993629/stv_row.bed, results/8-humas_annot/T2T18_rc-chr14_haplotype1-0000017:4416034-11090355/stv_row.bed, results/8-humas_annot/T2T18_rc-chr2_haplotype1-0000021:91170748-95735618/stv_row.bed, results/8-humas_annot/T2T18_rc-chr2_haplotype1-0000021:131306781-133346987/stv_row.bed, results/8-humas_annot/T2T18_rc-chr1_haplotype1-0000022:120572286-130079532/stv_row.bed, results/8-humas_annot/T2T18_rc-chr21_haplotype1-0000024:68080-9501114/stv_row.bed, results/8-humas_annot/T2T18_rc-chr11_haplotype2-0000041:47767471-56558996/stv_row.bed, results/8-humas_annot/T2T18_rc-chr15_haplotype2-0000042:11960975-17612962/stv_row.bed, results/8-humas_annot/T2T18_rc-chr7_haplotype2-0000044:57057119-64823739/stv_row.bed, results/8-humas_annot/T2T18_rc-chr17_haplotype2-0000046:21844682-27381736/stv_row.bed, results/8-humas_annot/T2T18_rc-chr6_haplotype2-0000048:57374120-63505761/stv_row.bed, results/8-humas_annot/T2T18_rc-chr9_haplotype2-0000050:39538379-48465662/stv_row.bed, results/8-humas_annot/T2T18_rc-chr9_haplotype2-0000050:62908296-66322214/stv_row.bed, results/8-humas_annot/T2T18_rc-chr18_haplotype2-0000054:14392306-22188052/stv_row.bed, results/8-humas_annot/T2T18_rc-chr16_haplotype2-0000055:32042187-39973151/stv_row.bed, results/8-humas_annot/T2T18_rc-chr3_haplotype2-0000056:89477805-97085941/stv_row.bed, results/8-humas_annot/T2T18_rc-chr2_haplotype2-0000058:91442843-95823885/stv_row.bed, results/8-humas_annot/T2T18_rc-chr2_haplotype2-0000058:131396045-133435377/stv_row.bed, results/8-humas_annot/T2T18_rc-chr1_haplotype2-0000060:121046318-128420714/stv_row.bed, results/8-humas_annot/T2T18_rc-chr21_haplotype2-0000064:125369-14751379/stv_row.bed, results/8-humas_annot/T2T18_chr19_haplotype1-0000004:23562757-30502428/stv_row.bed, results/8-humas_annot/T2T18_chr12_haplotype1-0000008:33287791-39071713/stv_row.bed, results/8-humas_annot/T2T18_chr13_haplotype1-0000010:2-5004742/stv_row.bed, results/8-humas_annot/T2T18_chr8_haplotype1-0000012:42565219-48165698/stv_row.bed, results/8-humas_annot/T2T18_chr10_haplotype1-0000013:38093743-43171063/stv_row.bed, results/8-humas_annot/T2T18_chr16_haplotype1-0000015:32324601-39475582/stv_row.bed, results/8-humas_annot/T2T18_chr5_haplotype1-0000018:45418474-52065082/stv_row.bed, results/8-humas_annot/T2T18_chr20_haplotype1-0000020:25335212-33443453/stv_row.bed, results/8-humas_annot/T2T18_chr4_haplotype1-0000023:48725466-55778863/stv_row.bed, results/8-humas_annot/T2T18_chrY_haplotype1-0000025:8949309-12187008/stv_row.bed, results/8-humas_annot/T2T18_chr19_haplotype2-0000043:23575679-31033340/stv_row.bed, results/8-humas_annot/T2T18_chr22_haplotype2-0000045:2-11064037/stv_row.bed, results/8-humas_annot/T2T18_chr12_haplotype2-0000047:33381506-39271422/stv_row.bed, results/8-humas_annot/T2T18_chr13_haplotype2-0000049:324136-7404791/stv_row.bed, results/8-humas_annot/T2T18_chr8_haplotype2-0000051:42728651-48254358/stv_row.bed, results/8-humas_annot/T2T18_chr10_haplotype2-0000052:38155424-43049367/stv_row.bed, results/8-humas_annot/T2T18_chr5_haplotype2-0000053:45230356-52066293/stv_row.bed, results/8-humas_annot/T2T18_chr14_haplotype2-0000057:6828751-13606881/stv_row.bed, results/8-humas_annot/T2T18_chrX_haplotype2-0000059:56691259-63363821/stv_row.bed, results/8-humas_annot/T2T18_chr4_haplotype2-0000062:48615997-55422271/stv_row.bed, results/8-humas_annot/T2T18_chr20_haplotype2-0000063:25340269-34779686/stv_row.bed
    output: results/8-humas_annot/T2T18_live_stv.bed
    jobid: 121
    reason: Missing output files: results/8-humas_annot/T2T18_live_stv.bed
    wildcards: sm=T2T18
    resources: mem_mb=8000, mem_mib=7630, disk_mb=1000, disk_mib=954, tmpdir=/tmp, mem=8GB
Shell command: 
        censtats length         -i <(awk -v OFS="\t" '{
            if ($4 !~ "L") { next }
            match($1, "^(.+):(.+)-", mtches);
            $1=mtches[1];
            $2=$2+mtches[2];
            $3=$3+mtches[2];
            $7=$7+mtches[2];
            $8=$8+mtches[2];
            print
        }' results/8-humas_annot/T2T18_rc-chr14-chr22-chr15-chr21-chr1_haplotype1-0000001:236777-2338748/stv_row.bed results/8-humas_annot/T2T18_rc-chr11_haplotype1-0000002:47790941-55351886/stv_row.bed results/8-humas_annot/T2T18_rc-chr15_haplotype1-0000003:11959045-17630487/stv_row.bed results/8-humas_annot/T2T18_rc-chr7_haplotype1-0000005:57184703-65589918/stv_row.bed results/8-humas_annot/T2T18_rc-chr22_haplotype1-0000006:1587387-16558516/stv_row.bed results/8-humas_annot/T2T18_rc-chr17_haplotype1-0000007:21854791-28485752/stv_row.bed results/8-humas_annot/T2T18_rc-chr6_haplotype1-0000009:57407496-65427129/stv_row.bed results/8-humas_annot/T2T18_rc-chr9_haplotype1-0000011:41651274-48603566/stv_row.bed results/8-humas_annot/T2T18_rc-chr9_haplotype1-0000011:59893523-64560365/stv_row.bed results/8-humas_annot/T2T18_rc-chr18_haplotype1-0000014:14393263-22484728/stv_row.bed results/8-humas_annot/T2T18_rc-chr3_haplotype1-0000016:89354245-99993629/stv_row.bed results/8-humas_annot/T2T18_rc-chr14_haplotype1-0000017:4416034-11090355/stv_row.bed results/8-humas_annot/T2T18_rc-chr2_haplotype1-0000021:91170748-95735618/stv_row.bed results/8-humas_annot/T2T18_rc-chr2_haplotype1-0000021:131306781-133346987/stv_row.bed results/8-humas_annot/T2T18_rc-chr1_haplotype1-0000022:120572286-130079532/stv_row.bed results/8-humas_annot/T2T18_rc-chr21_haplotype1-0000024:68080-9501114/stv_row.bed results/8-humas_annot/T2T18_rc-chr11_haplotype2-0000041:47767471-56558996/stv_row.bed results/8-humas_annot/T2T18_rc-chr15_haplotype2-0000042:11960975-17612962/stv_row.bed results/8-humas_annot/T2T18_rc-chr7_haplotype2-0000044:57057119-64823739/stv_row.bed results/8-humas_annot/T2T18_rc-chr17_haplotype2-0000046:21844682-27381736/stv_row.bed results/8-humas_annot/T2T18_rc-chr6_haplotype2-0000048:57374120-63505761/stv_row.bed results/8-humas_annot/T2T18_rc-chr9_haplotype2-0000050:39538379-48465662/stv_row.bed results/8-humas_annot/T2T18_rc-chr9_haplotype2-0000050:62908296-66322214/stv_row.bed results/8-humas_annot/T2T18_rc-chr18_haplotype2-0000054:14392306-22188052/stv_row.bed results/8-humas_annot/T2T18_rc-chr16_haplotype2-0000055:32042187-39973151/stv_row.bed results/8-humas_annot/T2T18_rc-chr3_haplotype2-0000056:89477805-97085941/stv_row.bed results/8-humas_annot/T2T18_rc-chr2_haplotype2-0000058:91442843-95823885/stv_row.bed results/8-humas_annot/T2T18_rc-chr2_haplotype2-0000058:131396045-133435377/stv_row.bed results/8-humas_annot/T2T18_rc-chr1_haplotype2-0000060:121046318-128420714/stv_row.bed results/8-humas_annot/T2T18_rc-chr21_haplotype2-0000064:125369-14751379/stv_row.bed results/8-humas_annot/T2T18_chr19_haplotype1-0000004:23562757-30502428/stv_row.bed results/8-humas_annot/T2T18_chr12_haplotype1-0000008:33287791-39071713/stv_row.bed results/8-humas_annot/T2T18_chr13_haplotype1-0000010:2-5004742/stv_row.bed results/8-humas_annot/T2T18_chr8_haplotype1-0000012:42565219-48165698/stv_row.bed results/8-humas_annot/T2T18_chr10_haplotype1-0000013:38093743-43171063/stv_row.bed results/8-humas_annot/T2T18_chr16_haplotype1-0000015:32324601-39475582/stv_row.bed results/8-humas_annot/T2T18_chr5_haplotype1-0000018:45418474-52065082/stv_row.bed results/8-humas_annot/T2T18_chr20_haplotype1-0000020:25335212-33443453/stv_row.bed results/8-humas_annot/T2T18_chr4_haplotype1-0000023:48725466-55778863/stv_row.bed results/8-humas_annot/T2T18_chrY_haplotype1-0000025:8949309-12187008/stv_row.bed results/8-humas_annot/T2T18_chr19_haplotype2-0000043:23575679-31033340/stv_row.bed results/8-humas_annot/T2T18_chr22_haplotype2-0000045:2-11064037/stv_row.bed results/8-humas_annot/T2T18_chr12_haplotype2-0000047:33381506-39271422/stv_row.bed results/8-humas_annot/T2T18_chr13_haplotype2-0000049:324136-7404791/stv_row.bed results/8-humas_annot/T2T18_chr8_haplotype2-0000051:42728651-48254358/stv_row.bed results/8-humas_annot/T2T18_chr10_haplotype2-0000052:38155424-43049367/stv_row.bed results/8-humas_annot/T2T18_chr5_haplotype2-0000053:45230356-52066293/stv_row.bed results/8-humas_annot/T2T18_chr14_haplotype2-0000057:6828751-13606881/stv_row.bed results/8-humas_annot/T2T18_chrX_haplotype2-0000059:56691259-63363821/stv_row.bed results/8-humas_annot/T2T18_chr4_haplotype2-0000062:48615997-55422271/stv_row.bed results/8-humas_annot/T2T18_chr20_haplotype2-0000063:25340269-34779686/stv_row.bed | sort -k1,1 -k2,2n) > results/8-humas_annot/T2T18_live_stv.bed
        

[Thu Jan  8 15:27:01 2026]
localrule run_moddotplot:
    input: results/8-humas_annot/seq/T2T18_rc-chr14-chr22-chr15-chr21-chr1_haplotype1-0000001:236777-2338748.fa
    output: results/11-moddotplot/original/chr21/T2T18_rc-chr14-chr22-chr15-chr21-chr1_haplotype1-0000001:236777-2338748/T2T18_rc-chr14-chr22-chr15-chr21-chr1_haplotype1-0000001:236777-2338748.bed
    log: logs/11-moddotplot/moddotplot_chr21_T2T18_rc-chr14-chr22-chr15-chr21-chr1_haplotype1-0000001:236777-2338748.log
    jobid: 1059
    benchmark: benchmarks/11-moddotplot/moddotplot_chr21_T2T18_rc-chr14-chr22-chr15-chr21-chr1_haplotype1-0000001:236777-2338748.tsv
    reason: Missing output files: results/11-moddotplot/original/chr21/T2T18_rc-chr14-chr22-chr15-chr21-chr1_haplotype1-0000001:236777-2338748/T2T18_rc-chr14-chr22-chr15-chr21-chr1_haplotype1-0000001:236777-2338748.bed
    wildcards: chr=chr21, fname=T2T18_rc-chr14-chr22-chr15-chr21-chr1_haplotype1-0000001:236777-2338748
    resources: mem_mb=10000, mem_mib=7630, disk_mb=1000, disk_mib=954, tmpdir=/tmp, mem=10GB
Shell command: 
        censtats self-ident -i results/8-humas_annot/seq/T2T18_rc-chr14-chr22-chr15-chr21-chr1_haplotype1-0000001:236777-2338748.fa -x 2D -w 5000 -o results/11-moddotplot/original/chr21/T2T18_rc-chr14-chr22-chr15-chr21-chr1_haplotype1-0000001:236777-2338748 -t 70.0 &> logs/11-moddotplot/moddotplot_chr21_T2T18_rc-chr14-chr22-chr15-chr21-chr1_haplotype1-0000001:236777-2338748.log
        

[Thu Jan  8 15:27:01 2026]
localrule run_moddotplot:
    input: results/8-humas_annot/seq/T2T18_rc-chr14-chr22-chr15-chr21-chr1_haplotype1-0000001:236777-2338748.fa
    output: results/11-moddotplot/original/chr22/T2T18_rc-chr14-chr22-chr15-chr21-chr1_haplotype1-0000001:236777-2338748/T2T18_rc-chr14-chr22-chr15-chr21-chr1_haplotype1-0000001:236777-2338748.bed
    log: logs/11-moddotplot/moddotplot_chr22_T2T18_rc-chr14-chr22-chr15-chr21-chr1_haplotype1-0000001:236777-2338748.log
    jobid: 1071
    benchmark: benchmarks/11-moddotplot/moddotplot_chr22_T2T18_rc-chr14-chr22-chr15-chr21-chr1_haplotype1-0000001:236777-2338748.tsv
    reason: Missing output files: results/11-moddotplot/original/chr22/T2T18_rc-chr14-chr22-chr15-chr21-chr1_haplotype1-0000001:236777-2338748/T2T18_rc-chr14-chr22-chr15-chr21-chr1_haplotype1-0000001:236777-2338748.bed
    wildcards: chr=chr22, fname=T2T18_rc-chr14-chr22-chr15-chr21-chr1_haplotype1-0000001:236777-2338748
    resources: mem_mb=10000, mem_mib=7630, disk_mb=1000, disk_mib=954, tmpdir=/tmp, mem=10GB
Shell command: 
        censtats self-ident -i results/8-humas_annot/seq/T2T18_rc-chr14-chr22-chr15-chr21-chr1_haplotype1-0000001:236777-2338748.fa -x 2D -w 5000 -o results/11-moddotplot/original/chr22/T2T18_rc-chr14-chr22-chr15-chr21-chr1_haplotype1-0000001:236777-2338748 -t 70.0 &> logs/11-moddotplot/moddotplot_chr22_T2T18_rc-chr14-chr22-chr15-chr21-chr1_haplotype1-0000001:236777-2338748.log
        

[Thu Jan  8 15:27:01 2026]
localrule run_moddotplot:
    input: results/8-humas_annot/seq/T2T18_rc-chr14-chr22-chr15-chr21-chr1_haplotype1-0000001:236777-2338748.fa
    output: results/11-moddotplot/original/chr15/T2T18_rc-chr14-chr22-chr15-chr21-chr1_haplotype1-0000001:236777-2338748/T2T18_rc-chr14-chr22-chr15-chr21-chr1_haplotype1-0000001:236777-2338748.bed
    log: logs/11-moddotplot/moddotplot_chr15_T2T18_rc-chr14-chr22-chr15-chr21-chr1_haplotype1-0000001:236777-2338748.log
    jobid: 1007
    benchmark: benchmarks/11-moddotplot/moddotplot_chr15_T2T18_rc-chr14-chr22-chr15-chr21-chr1_haplotype1-0000001:236777-2338748.tsv
    reason: Missing output files: results/11-moddotplot/original/chr15/T2T18_rc-chr14-chr22-chr15-chr21-chr1_haplotype1-0000001:236777-2338748/T2T18_rc-chr14-chr22-chr15-chr21-chr1_haplotype1-0000001:236777-2338748.bed
    wildcards: chr=chr15, fname=T2T18_rc-chr14-chr22-chr15-chr21-chr1_haplotype1-0000001:236777-2338748
    resources: mem_mb=10000, mem_mib=7630, disk_mb=1000, disk_mib=954, tmpdir=/tmp, mem=10GB
Shell command: 
        censtats self-ident -i results/8-humas_annot/seq/T2T18_rc-chr14-chr22-chr15-chr21-chr1_haplotype1-0000001:236777-2338748.fa -x 2D -w 5000 -o results/11-moddotplot/original/chr15/T2T18_rc-chr14-chr22-chr15-chr21-chr1_haplotype1-0000001:236777-2338748 -t 70.0 &> logs/11-moddotplot/moddotplot_chr15_T2T18_rc-chr14-chr22-chr15-chr21-chr1_haplotype1-0000001:236777-2338748.log
        
[Thu Jan  8 15:27:06 2026]
Finished jobid: 121 (Rule: sm_stv)
1 of 325 steps (0.3%) done
Select jobs to execute...
Execute 3 jobs...

[Thu Jan  8 15:27:06 2026]
localrule intersect_cdr_w_live:
    input: results/8-cdr_finder/bed/T2T18_CDR.bed, results/8-humas_annot/T2T18_live_stv.bed
    output: results/8-cdr_finder/bed/T2T18_CDR.live.bed
    jobid: 178
    reason: Missing output files: results/8-cdr_finder/bed/T2T18_CDR.live.bed; Input files updated by another job: results/8-humas_annot/T2T18_live_stv.bed
    wildcards: sample=T2T18
    resources: mem_mb=8000, mem_mib=7630, disk_mb=1000, disk_mib=954, tmpdir=/tmp, mem=8GB
Shell command: 
        cat results/8-cdr_finder/bed/T2T18_CDR.bed | bedtools intersect -u -a - -b results/8-humas_annot/T2T18_live_stv.bed -f 0.5 > results/8-cdr_finder/bed/T2T18_CDR.live.bed
        

[Thu Jan  8 15:27:06 2026]
localrule get_complete_correct_cens_bed:
    input: results/final/bed/T2T18_complete_cens.bed, results/8-nucflag/T2T18_status.bed, results/8-humas_annot/T2T18_live_stv.bed
    output: results/final/bed/T2T18_complete_correct_cens.bed
    log: logs/9-get_complete_correct_cens/get_complete_correct_bed_T2T18.log
    jobid: 117
    reason: Missing output files: results/final/bed/T2T18_complete_correct_cens.bed; Input files updated by another job: results/8-humas_annot/T2T18_live_stv.bed
    wildcards: sm=T2T18
    resources: mem_mb=8000, mem_mib=7630, disk_mb=1000, disk_mib=954, tmpdir=/tmp, mem=8GB
Shell command: 
        { join -t "$(printf '\t')" <(sort -k1 results/final/bed/T2T18_complete_cens.bed) <(sort -k1 results/8-nucflag/T2T18_status.bed) |         sort -k1,1 -k2,2n -u         | bedtools intersect -u -a - -b results/8-humas_annot/T2T18_live_stv.bed |         awk -v OFS="\t" '{
            adj_name=$1;
            adj_st=$2; adj_end=$3;
            ctg_name=$4;
            ctg_len=$5;
            ort=($1 ~ "rc-") ? "-" : "+";
            ctg_st=$2; ctg_end=$3;
            if (ort == "-") {
                new_ctg_st=ctg_len-ctg_end + 1;
                new_ctg_end=ctg_len-ctg_st + 1;
                ctg_st=new_ctg_st;
                ctg_end=new_ctg_end;
            }
            status=($8 == "good" || $8 == "") ? "good" : "misassembled";
            if (status != "good") {
                next;
            };
            print ctg_name, ctg_st, ctg_end, adj_name, 0, ort, adj_st, adj_end, "0,0,0"
        }' ;} > results/final/bed/T2T18_complete_correct_cens.bed 2> logs/9-get_complete_correct_cens/get_complete_correct_bed_T2T18.log
        

[Thu Jan  8 15:27:06 2026]
localcheckpoint run_humas_annot:
    input: results/8-humas_annot/split_cens_for_humas_annot_T2T18.fofn, results/8-humas_annot/T2T18_rc-chr14-chr22-chr15-chr21-chr1_haplotype1-0000001:236777-2338748/stv_row.bed, results/8-humas_annot/T2T18_rc-chr11_haplotype1-0000002:47790941-55351886/stv_row.bed, results/8-humas_annot/T2T18_rc-chr15_haplotype1-0000003:11959045-17630487/stv_row.bed, results/8-humas_annot/T2T18_rc-chr7_haplotype1-0000005:57184703-65589918/stv_row.bed, results/8-humas_annot/T2T18_rc-chr22_haplotype1-0000006:1587387-16558516/stv_row.bed, results/8-humas_annot/T2T18_rc-chr17_haplotype1-0000007:21854791-28485752/stv_row.bed, results/8-humas_annot/T2T18_rc-chr6_haplotype1-0000009:57407496-65427129/stv_row.bed, results/8-humas_annot/T2T18_rc-chr9_haplotype1-0000011:41651274-48603566/stv_row.bed, results/8-humas_annot/T2T18_rc-chr9_haplotype1-0000011:59893523-64560365/stv_row.bed, results/8-humas_annot/T2T18_rc-chr18_haplotype1-0000014:14393263-22484728/stv_row.bed, results/8-humas_annot/T2T18_rc-chr3_haplotype1-0000016:89354245-99993629/stv_row.bed, results/8-humas_annot/T2T18_rc-chr14_haplotype1-0000017:4416034-11090355/stv_row.bed, results/8-humas_annot/T2T18_rc-chr2_haplotype1-0000021:91170748-95735618/stv_row.bed, results/8-humas_annot/T2T18_rc-chr2_haplotype1-0000021:131306781-133346987/stv_row.bed, results/8-humas_annot/T2T18_rc-chr1_haplotype1-0000022:120572286-130079532/stv_row.bed, results/8-humas_annot/T2T18_rc-chr21_haplotype1-0000024:68080-9501114/stv_row.bed, results/8-humas_annot/T2T18_rc-chr11_haplotype2-0000041:47767471-56558996/stv_row.bed, results/8-humas_annot/T2T18_rc-chr15_haplotype2-0000042:11960975-17612962/stv_row.bed, results/8-humas_annot/T2T18_rc-chr7_haplotype2-0000044:57057119-64823739/stv_row.bed, results/8-humas_annot/T2T18_rc-chr17_haplotype2-0000046:21844682-27381736/stv_row.bed, results/8-humas_annot/T2T18_rc-chr6_haplotype2-0000048:57374120-63505761/stv_row.bed, results/8-humas_annot/T2T18_rc-chr9_haplotype2-0000050:39538379-48465662/stv_row.bed, results/8-humas_annot/T2T18_rc-chr9_haplotype2-0000050:62908296-66322214/stv_row.bed, results/8-humas_annot/T2T18_rc-chr18_haplotype2-0000054:14392306-22188052/stv_row.bed, results/8-humas_annot/T2T18_rc-chr16_haplotype2-0000055:32042187-39973151/stv_row.bed, results/8-humas_annot/T2T18_rc-chr3_haplotype2-0000056:89477805-97085941/stv_row.bed, results/8-humas_annot/T2T18_rc-chr2_haplotype2-0000058:91442843-95823885/stv_row.bed, results/8-humas_annot/T2T18_rc-chr2_haplotype2-0000058:131396045-133435377/stv_row.bed, results/8-humas_annot/T2T18_rc-chr1_haplotype2-0000060:121046318-128420714/stv_row.bed, results/8-humas_annot/T2T18_rc-chr21_haplotype2-0000064:125369-14751379/stv_row.bed, results/8-humas_annot/T2T18_chr19_haplotype1-0000004:23562757-30502428/stv_row.bed, results/8-humas_annot/T2T18_chr12_haplotype1-0000008:33287791-39071713/stv_row.bed, results/8-humas_annot/T2T18_chr13_haplotype1-0000010:2-5004742/stv_row.bed, results/8-humas_annot/T2T18_chr8_haplotype1-0000012:42565219-48165698/stv_row.bed, results/8-humas_annot/T2T18_chr10_haplotype1-0000013:38093743-43171063/stv_row.bed, results/8-humas_annot/T2T18_chr16_haplotype1-0000015:32324601-39475582/stv_row.bed, results/8-humas_annot/T2T18_chr5_haplotype1-0000018:45418474-52065082/stv_row.bed, results/8-humas_annot/T2T18_chr20_haplotype1-0000020:25335212-33443453/stv_row.bed, results/8-humas_annot/T2T18_chr4_haplotype1-0000023:48725466-55778863/stv_row.bed, results/8-humas_annot/T2T18_chrY_haplotype1-0000025:8949309-12187008/stv_row.bed, results/8-humas_annot/T2T18_chr19_haplotype2-0000043:23575679-31033340/stv_row.bed, results/8-humas_annot/T2T18_chr22_haplotype2-0000045:2-11064037/stv_row.bed, results/8-humas_annot/T2T18_chr12_haplotype2-0000047:33381506-39271422/stv_row.bed, results/8-humas_annot/T2T18_chr13_haplotype2-0000049:324136-7404791/stv_row.bed, results/8-humas_annot/T2T18_chr8_haplotype2-0000051:42728651-48254358/stv_row.bed, results/8-humas_annot/T2T18_chr10_haplotype2-0000052:38155424-43049367/stv_row.bed, results/8-humas_annot/T2T18_chr5_haplotype2-0000053:45230356-52066293/stv_row.bed, results/8-humas_annot/T2T18_chr14_haplotype2-0000057:6828751-13606881/stv_row.bed, results/8-humas_annot/T2T18_chrX_haplotype2-0000059:56691259-63363821/stv_row.bed, results/8-humas_annot/T2T18_chr4_haplotype2-0000062:48615997-55422271/stv_row.bed, results/8-humas_annot/T2T18_chr20_haplotype2-0000063:25340269-34779686/stv_row.bed, results/8-humas_annot/T2T18_live_stv.bed
    output: results/8-humas_annot/humas_annot_T2T18.done
    jobid: 125
    reason: Input files updated by another job: results/8-humas_annot/T2T18_live_stv.bed
    wildcards: sm=T2T18
    resources: mem_mb=8000, mem_mib=7630, disk_mb=1000, disk_mib=954, tmpdir=/tmp, mem=8GB
Shell command: None
DAG of jobs will be updated after completion.
Touching output file results/8-humas_annot/humas_annot_T2T18.done.
[Thu Jan  8 15:27:06 2026]
Finished jobid: 125 (Rule: run_humas_annot)
2 of 325 steps (1%) done
Updating checkpoint dependencies.
[Thu Jan  8 15:27:10 2026]
Finished jobid: 178 (Rule: intersect_cdr_w_live)
3 of 325 steps (1%) done
[Thu Jan  8 15:27:10 2026]
Finished jobid: 871 (Rule: run_moddotplot)
4 of 325 steps (1%) done
[Thu Jan  8 15:27:10 2026]
Finished jobid: 1007 (Rule: run_moddotplot)
5 of 325 steps (2%) done
[Thu Jan  8 15:27:10 2026]
Finished jobid: 1071 (Rule: run_moddotplot)
6 of 325 steps (2%) done
[Thu Jan  8 15:27:10 2026]
Finished jobid: 1059 (Rule: run_moddotplot)
7 of 325 steps (2%) done
[Thu Jan  8 15:27:10 2026]
Finished jobid: 117 (Rule: get_complete_correct_cens_bed)
8 of 325 steps (2%) done
Select jobs to execute...
Execute 24 jobs...

[Thu Jan  8 15:27:10 2026]
localrule filter_complete_correct_stv_row:
    input: results/10-format_hor_stv/bed/chr9/stv_all.bed, results/final/bed/T2T18_complete_correct_cens.bed
    output: results/10-format_hor_stv/bed/chr9/stv_complete.bed
    jobid: 158
    reason: Input files updated by another job: results/final/bed/T2T18_complete_correct_cens.bed
    wildcards: chr=chr9
    resources: mem_mb=8000, mem_mib=7630, disk_mb=1000, disk_mib=954, tmpdir=/tmp, mem=8GB
Shell command: 
        ( grep -f <(cut -f 4 results/final/bed/T2T18_complete_correct_cens.bed | awk '{ print "^"$1":" }') results/10-format_hor_stv/bed/chr9/stv_all.bed || true ) > results/10-format_hor_stv/bed/chr9/stv_complete.bed
        

[Thu Jan  8 15:27:10 2026]
localrule filter_complete_correct_stv_row:
    input: results/10-format_hor_stv/bed/chr15/stv_all.bed, results/final/bed/T2T18_complete_correct_cens.bed
    output: results/10-format_hor_stv/bed/chr15/stv_complete.bed
    jobid: 164
    reason: Input files updated by another job: results/final/bed/T2T18_complete_correct_cens.bed
    wildcards: chr=chr15
    resources: mem_mb=8000, mem_mib=7630, disk_mb=1000, disk_mib=954, tmpdir=/tmp, mem=8GB
Shell command: 
        ( grep -f <(cut -f 4 results/final/bed/T2T18_complete_correct_cens.bed | awk '{ print "^"$1":" }') results/10-format_hor_stv/bed/chr15/stv_all.bed || true ) > results/10-format_hor_stv/bed/chr15/stv_complete.bed
        

[Thu Jan  8 15:27:10 2026]
localrule filter_complete_correct_stv_row:
    input: results/10-format_hor_stv/bed/chr21/stv_all.bed, results/final/bed/T2T18_complete_correct_cens.bed
    output: results/10-format_hor_stv/bed/chr21/stv_complete.bed
    jobid: 170
    reason: Input files updated by another job: results/final/bed/T2T18_complete_correct_cens.bed
    wildcards: chr=chr21
    resources: mem_mb=8000, mem_mib=7630, disk_mb=1000, disk_mib=954, tmpdir=/tmp, mem=8GB
Shell command: 
        ( grep -f <(cut -f 4 results/final/bed/T2T18_complete_correct_cens.bed | awk '{ print "^"$1":" }') results/10-format_hor_stv/bed/chr21/stv_all.bed || true ) > results/10-format_hor_stv/bed/chr21/stv_complete.bed
        

[Thu Jan  8 15:27:10 2026]
localrule filter_complete_correct_stv_row:
    input: results/10-format_hor_stv/bed/chr3/stv_all.bed, results/final/bed/T2T18_complete_correct_cens.bed
    output: results/10-format_hor_stv/bed/chr3/stv_complete.bed
    jobid: 152
    reason: Input files updated by another job: results/final/bed/T2T18_complete_correct_cens.bed
    wildcards: chr=chr3
    resources: mem_mb=8000, mem_mib=7630, disk_mb=1000, disk_mib=954, tmpdir=/tmp, mem=8GB
Shell command: 
        ( grep -f <(cut -f 4 results/final/bed/T2T18_complete_correct_cens.bed | awk '{ print "^"$1":" }') results/10-format_hor_stv/bed/chr3/stv_all.bed || true ) > results/10-format_hor_stv/bed/chr3/stv_complete.bed
        

[Thu Jan  8 15:27:11 2026]
localrule filter_complete_correct_stv_row:
    input: results/10-format_hor_stv/bed/chr6/stv_all.bed, results/final/bed/T2T18_complete_correct_cens.bed
    output: results/10-format_hor_stv/bed/chr6/stv_complete.bed
    jobid: 155
    reason: Input files updated by another job: results/final/bed/T2T18_complete_correct_cens.bed
    wildcards: chr=chr6
    resources: mem_mb=8000, mem_mib=7630, disk_mb=1000, disk_mib=954, tmpdir=/tmp, mem=8GB
Shell command: 
        ( grep -f <(cut -f 4 results/final/bed/T2T18_complete_correct_cens.bed | awk '{ print "^"$1":" }') results/10-format_hor_stv/bed/chr6/stv_all.bed || true ) > results/10-format_hor_stv/bed/chr6/stv_complete.bed
        

[Thu Jan  8 15:27:11 2026]
localrule filter_complete_correct_stv_row:
    input: results/10-format_hor_stv/bed/chr17/stv_all.bed, results/final/bed/T2T18_complete_correct_cens.bed
    output: results/10-format_hor_stv/bed/chr17/stv_complete.bed
    jobid: 166
    reason: Input files updated by another job: results/final/bed/T2T18_complete_correct_cens.bed
    wildcards: chr=chr17
    resources: mem_mb=8000, mem_mib=7630, disk_mb=1000, disk_mib=954, tmpdir=/tmp, mem=8GB
Shell command: 
        ( grep -f <(cut -f 4 results/final/bed/T2T18_complete_correct_cens.bed | awk '{ print "^"$1":" }') results/10-format_hor_stv/bed/chr17/stv_all.bed || true ) > results/10-format_hor_stv/bed/chr17/stv_complete.bed
        

[Thu Jan  8 15:27:11 2026]
localrule filter_complete_correct_stv_row:
    input: results/10-format_hor_stv/bed/chr5/stv_all.bed, results/final/bed/T2T18_complete_correct_cens.bed
    output: results/10-format_hor_stv/bed/chr5/stv_complete.bed
    jobid: 154
    reason: Input files updated by another job: results/final/bed/T2T18_complete_correct_cens.bed
    wildcards: chr=chr5
    resources: mem_mb=8000, mem_mib=7630, disk_mb=1000, disk_mib=954, tmpdir=/tmp, mem=8GB
Shell command: 
        ( grep -f <(cut -f 4 results/final/bed/T2T18_complete_correct_cens.bed | awk '{ print "^"$1":" }') results/10-format_hor_stv/bed/chr5/stv_all.bed || true ) > results/10-format_hor_stv/bed/chr5/stv_complete.bed
        

[Thu Jan  8 15:27:11 2026]
localrule filter_complete_correct_stv_row:
    input: results/10-format_hor_stv/bed/chr11/stv_all.bed, results/final/bed/T2T18_complete_correct_cens.bed
    output: results/10-format_hor_stv/bed/chr11/stv_complete.bed
    jobid: 160
    reason: Input files updated by another job: results/final/bed/T2T18_complete_correct_cens.bed
    wildcards: chr=chr11
    resources: mem_mb=8000, mem_mib=7630, disk_mb=1000, disk_mib=954, tmpdir=/tmp, mem=8GB
Shell command: 
        ( grep -f <(cut -f 4 results/final/bed/T2T18_complete_correct_cens.bed | awk '{ print "^"$1":" }') results/10-format_hor_stv/bed/chr11/stv_all.bed || true ) > results/10-format_hor_stv/bed/chr11/stv_complete.bed
        

[Thu Jan  8 15:27:11 2026]
localrule filter_complete_correct_stv_row:
    input: results/10-format_hor_stv/bed/chr8/stv_all.bed, results/final/bed/T2T18_complete_correct_cens.bed
    output: results/10-format_hor_stv/bed/chr8/stv_complete.bed
    jobid: 157
    reason: Input files updated by another job: results/final/bed/T2T18_complete_correct_cens.bed
    wildcards: chr=chr8
    resources: mem_mb=8000, mem_mib=7630, disk_mb=1000, disk_mib=954, tmpdir=/tmp, mem=8GB
Shell command: 
        ( grep -f <(cut -f 4 results/final/bed/T2T18_complete_correct_cens.bed | awk '{ print "^"$1":" }') results/10-format_hor_stv/bed/chr8/stv_all.bed || true ) > results/10-format_hor_stv/bed/chr8/stv_complete.bed
        

[Thu Jan  8 15:27:11 2026]
localrule merge_cdr_beds:
    input: results/final/bed/T2T18_complete_cens.bed, results/8-cdr_finder/bed/T2T18_CDR.live.bed, results/8-cdr_finder/bed/T2T18_methyl_all_merged.bed
    output: results/8-cdr_finder/bed/all_cdrs.bed, results/8-cdr_finder/bed/all_binned_freq.bed
    jobid: 177
    reason: Input files updated by another job: results/8-cdr_finder/bed/T2T18_CDR.live.bed
    resources: mem_mb=8000, mem_mib=7630, disk_mb=1000, disk_mib=954, tmpdir=/tmp, mem=8GB
Shell command: 
        cut -f1-3 results/8-cdr_finder/bed/T2T18_CDR.live.bed |         sort -k1,1 |         join - <(cat results/final/bed/T2T18_complete_cens.bed | sort -k1,1) |         awk -v OFS="\t" '{
            if ($2 >= $4 && $3 <= $5) {
                print $1":"$4+1"-"$5, $2,$3
            }
        }' > results/8-cdr_finder/bed/all_cdrs.bed
        sort -k1,1 results/8-cdr_finder/bed/T2T18_methyl_all_merged.bed  |         join - <(cat results/final/bed/T2T18_complete_cens.bed | sort -k1,1) |         awk -v OFS="\t" '{
            if ($2 >= $6 && $3 <= $7) {
                print $1":"$6+1"-"$7,$2,$3,$4,$5
            }
        }' > results/8-cdr_finder/bed/all_binned_freq.bed
        

[Thu Jan  8 15:27:11 2026]
localrule filter_complete_correct_stv_row:
    input: results/10-format_hor_stv/bed/chrX/stv_all.bed, results/final/bed/T2T18_complete_correct_cens.bed
    output: results/10-format_hor_stv/bed/chrX/stv_complete.bed
    jobid: 172
    reason: Input files updated by another job: results/final/bed/T2T18_complete_correct_cens.bed
    wildcards: chr=chrX
    resources: mem_mb=8000, mem_mib=7630, disk_mb=1000, disk_mib=954, tmpdir=/tmp, mem=8GB
Shell command: 
        ( grep -f <(cut -f 4 results/final/bed/T2T18_complete_correct_cens.bed | awk '{ print "^"$1":" }') results/10-format_hor_stv/bed/chrX/stv_all.bed || true ) > results/10-format_hor_stv/bed/chrX/stv_complete.bed
        

[Thu Jan  8 15:27:11 2026]
localrule filter_complete_correct_stv_row:
    input: results/10-format_hor_stv/bed/chr14/stv_all.bed, results/final/bed/T2T18_complete_correct_cens.bed
    output: results/10-format_hor_stv/bed/chr14/stv_complete.bed
    jobid: 163
    reason: Input files updated by another job: results/final/bed/T2T18_complete_correct_cens.bed
    wildcards: chr=chr14
    resources: mem_mb=8000, mem_mib=7630, disk_mb=1000, disk_mib=954, tmpdir=/tmp, mem=8GB
Shell command: 
        ( grep -f <(cut -f 4 results/final/bed/T2T18_complete_correct_cens.bed | awk '{ print "^"$1":" }') results/10-format_hor_stv/bed/chr14/stv_all.bed || true ) > results/10-format_hor_stv/bed/chr14/stv_complete.bed
        

[Thu Jan  8 15:27:11 2026]
localrule filter_complete_correct_stv_row:
    input: results/10-format_hor_stv/bed/chr20/stv_all.bed, results/final/bed/T2T18_complete_correct_cens.bed
    output: results/10-format_hor_stv/bed/chr20/stv_complete.bed
    jobid: 169
    reason: Input files updated by another job: results/final/bed/T2T18_complete_correct_cens.bed
    wildcards: chr=chr20
    resources: mem_mb=8000, mem_mib=7630, disk_mb=1000, disk_mib=954, tmpdir=/tmp, mem=8GB
Shell command: 
        ( grep -f <(cut -f 4 results/final/bed/T2T18_complete_correct_cens.bed | awk '{ print "^"$1":" }') results/10-format_hor_stv/bed/chr20/stv_all.bed || true ) > results/10-format_hor_stv/bed/chr20/stv_complete.bed
        

[Thu Jan  8 15:27:11 2026]
localrule filter_complete_correct_stv_row:
    input: results/10-format_hor_stv/bed/chr1/stv_all.bed, results/final/bed/T2T18_complete_correct_cens.bed
    output: results/10-format_hor_stv/bed/chr1/stv_complete.bed
    jobid: 150
    reason: Input files updated by another job: results/final/bed/T2T18_complete_correct_cens.bed
    wildcards: chr=chr1
    resources: mem_mb=8000, mem_mib=7630, disk_mb=1000, disk_mib=954, tmpdir=/tmp, mem=8GB
Shell command: 
        ( grep -f <(cut -f 4 results/final/bed/T2T18_complete_correct_cens.bed | awk '{ print "^"$1":" }') results/10-format_hor_stv/bed/chr1/stv_all.bed || true ) > results/10-format_hor_stv/bed/chr1/stv_complete.bed
        

[Thu Jan  8 15:27:11 2026]
localrule filter_complete_correct_stv_row:
    input: results/10-format_hor_stv/bed/chr7/stv_all.bed, results/final/bed/T2T18_complete_correct_cens.bed
    output: results/10-format_hor_stv/bed/chr7/stv_complete.bed
    jobid: 156
    reason: Input files updated by another job: results/final/bed/T2T18_complete_correct_cens.bed
    wildcards: chr=chr7
    resources: mem_mb=8000, mem_mib=7630, disk_mb=1000, disk_mib=954, tmpdir=/tmp, mem=8GB
Shell command: 
        ( grep -f <(cut -f 4 results/final/bed/T2T18_complete_correct_cens.bed | awk '{ print "^"$1":" }') results/10-format_hor_stv/bed/chr7/stv_all.bed || true ) > results/10-format_hor_stv/bed/chr7/stv_complete.bed
        

[Thu Jan  8 15:27:11 2026]
localrule filter_complete_correct_stv_row:
    input: results/10-format_hor_stv/bed/chr16/stv_all.bed, results/final/bed/T2T18_complete_correct_cens.bed
    output: results/10-format_hor_stv/bed/chr16/stv_complete.bed
    jobid: 165
    reason: Input files updated by another job: results/final/bed/T2T18_complete_correct_cens.bed
    wildcards: chr=chr16
    resources: mem_mb=8000, mem_mib=7630, disk_mb=1000, disk_mib=954, tmpdir=/tmp, mem=8GB
Shell command: 
        ( grep -f <(cut -f 4 results/final/bed/T2T18_complete_correct_cens.bed | awk '{ print "^"$1":" }') results/10-format_hor_stv/bed/chr16/stv_all.bed || true ) > results/10-format_hor_stv/bed/chr16/stv_complete.bed
        

[Thu Jan  8 15:27:11 2026]
localrule filter_complete_correct_stv_row:
    input: results/10-format_hor_stv/bed/chr19/stv_all.bed, results/final/bed/T2T18_complete_correct_cens.bed
    output: results/10-format_hor_stv/bed/chr19/stv_complete.bed
    jobid: 168
    reason: Input files updated by another job: results/final/bed/T2T18_complete_correct_cens.bed
    wildcards: chr=chr19
    resources: mem_mb=8000, mem_mib=7630, disk_mb=1000, disk_mib=954, tmpdir=/tmp, mem=8GB
Shell command: 
        ( grep -f <(cut -f 4 results/final/bed/T2T18_complete_correct_cens.bed | awk '{ print "^"$1":" }') results/10-format_hor_stv/bed/chr19/stv_all.bed || true ) > results/10-format_hor_stv/bed/chr19/stv_complete.bed
        

[Thu Jan  8 15:27:11 2026]
localrule filter_complete_correct_stv_row:
    input: results/10-format_hor_stv/bed/chr2/stv_all.bed, results/final/bed/T2T18_complete_correct_cens.bed
    output: results/10-format_hor_stv/bed/chr2/stv_complete.bed
    jobid: 151
    reason: Input files updated by another job: results/final/bed/T2T18_complete_correct_cens.bed
    wildcards: chr=chr2
    resources: mem_mb=8000, mem_mib=7630, disk_mb=1000, disk_mib=954, tmpdir=/tmp, mem=8GB
Shell command: 
        ( grep -f <(cut -f 4 results/final/bed/T2T18_complete_correct_cens.bed | awk '{ print "^"$1":" }') results/10-format_hor_stv/bed/chr2/stv_all.bed || true ) > results/10-format_hor_stv/bed/chr2/stv_complete.bed
        

[Thu Jan  8 15:27:11 2026]
localrule filter_complete_correct_stv_row:
    input: results/10-format_hor_stv/bed/chr4/stv_all.bed, results/final/bed/T2T18_complete_correct_cens.bed
    output: results/10-format_hor_stv/bed/chr4/stv_complete.bed
    jobid: 153
    reason: Input files updated by another job: results/final/bed/T2T18_complete_correct_cens.bed
    wildcards: chr=chr4
    resources: mem_mb=8000, mem_mib=7630, disk_mb=1000, disk_mib=954, tmpdir=/tmp, mem=8GB
Shell command: 
        ( grep -f <(cut -f 4 results/final/bed/T2T18_complete_correct_cens.bed | awk '{ print "^"$1":" }') results/10-format_hor_stv/bed/chr4/stv_all.bed || true ) > results/10-format_hor_stv/bed/chr4/stv_complete.bed
        

[Thu Jan  8 15:27:11 2026]
localrule filter_complete_correct_stv_row:
    input: results/10-format_hor_stv/bed/chr10/stv_all.bed, results/final/bed/T2T18_complete_correct_cens.bed
    output: results/10-format_hor_stv/bed/chr10/stv_complete.bed
    jobid: 159
    reason: Input files updated by another job: results/final/bed/T2T18_complete_correct_cens.bed
    wildcards: chr=chr10
    resources: mem_mb=8000, mem_mib=7630, disk_mb=1000, disk_mib=954, tmpdir=/tmp, mem=8GB
Shell command: 
        ( grep -f <(cut -f 4 results/final/bed/T2T18_complete_correct_cens.bed | awk '{ print "^"$1":" }') results/10-format_hor_stv/bed/chr10/stv_all.bed || true ) > results/10-format_hor_stv/bed/chr10/stv_complete.bed
        

[Thu Jan  8 15:27:11 2026]
localrule get_complete_correct_cens_fa:
    input: results/2-concat_asm/T2T18-asm-renamed-reort.fa, results/final/bed/T2T18_complete_correct_cens.bed
    output: results/final/seq/T2T18_cens.fa, results/final/seq/T2T18_cens.fa.fai
    log: logs/9-get_complete_correct_cens/get_complete_correct_cens_fa_T2T18.log
    jobid: 124
    reason: Missing output files: results/final/seq/T2T18_cens.fa; Input files updated by another job: results/final/bed/T2T18_complete_correct_cens.bed
    wildcards: sm=T2T18
    resources: mem_mb=8000, mem_mib=7630, disk_mb=11698, disk_mib=11157, tmpdir=/tmp, mem=8GB
Shell command: 
    seqtk subseq results/2-concat_asm/T2T18-asm-renamed-reort.fa <(awk -v OFS="\t" '{new_len=$7-1; print $4, (new_len < 0) ? 0 : new_len, $8}' results/final/bed/T2T18_complete_correct_cens.bed) | seqkit grep -r -p '[_-]chrY|chrX|chr22|chr21|chr20|chr19|chr18|chr17|chr16|chr15|chr14|chr13|chr12|chr11|chr10|chr9|chr8|chr7|chr6|chr5|chr4|chr3|chr2|chr1[_-]' > results/final/seq/T2T18_cens.fa 2> logs/9-get_complete_correct_cens/get_complete_correct_cens_fa_T2T18.log
    # Check if empty before attempting to index. Always create index file.
    if [ -s results/final/seq/T2T18_cens.fa ]; then
        samtools faidx results/final/seq/T2T18_cens.fa 2>> logs/9-get_complete_correct_cens/get_complete_correct_cens_fa_T2T18.log
    fi
    touch results/final/seq/T2T18_cens.fa results/final/seq/T2T18_cens.fa.fai


[Thu Jan  8 15:27:11 2026]
localrule filter_complete_correct_stv_row:
    input: results/10-format_hor_stv/bed/chr18/stv_all.bed, results/final/bed/T2T18_complete_correct_cens.bed
    output: results/10-format_hor_stv/bed/chr18/stv_complete.bed
    jobid: 167
    reason: Input files updated by another job: results/final/bed/T2T18_complete_correct_cens.bed
    wildcards: chr=chr18
    resources: mem_mb=8000, mem_mib=7630, disk_mb=1000, disk_mib=954, tmpdir=/tmp, mem=8GB
Shell command: 
        ( grep -f <(cut -f 4 results/final/bed/T2T18_complete_correct_cens.bed | awk '{ print "^"$1":" }') results/10-format_hor_stv/bed/chr18/stv_all.bed || true ) > results/10-format_hor_stv/bed/chr18/stv_complete.bed
        

[Thu Jan  8 15:27:11 2026]
localrule filter_complete_correct_stv_row:
    input: results/10-format_hor_stv/bed/chr22/stv_all.bed, results/final/bed/T2T18_complete_correct_cens.bed
    output: results/10-format_hor_stv/bed/chr22/stv_complete.bed
    jobid: 171
    reason: Input files updated by another job: results/final/bed/T2T18_complete_correct_cens.bed
    wildcards: chr=chr22
    resources: mem_mb=8000, mem_mib=7630, disk_mb=1000, disk_mib=954, tmpdir=/tmp, mem=8GB
Shell command: 
        ( grep -f <(cut -f 4 results/final/bed/T2T18_complete_correct_cens.bed | awk '{ print "^"$1":" }') results/10-format_hor_stv/bed/chr22/stv_all.bed || true ) > results/10-format_hor_stv/bed/chr22/stv_complete.bed
        

[Thu Jan  8 15:27:11 2026]
localrule filter_complete_correct_stv_row:
    input: results/10-format_hor_stv/bed/chr12/stv_all.bed, results/final/bed/T2T18_complete_correct_cens.bed
    output: results/10-format_hor_stv/bed/chr12/stv_complete.bed
    jobid: 161
    reason: Input files updated by another job: results/final/bed/T2T18_complete_correct_cens.bed
    wildcards: chr=chr12
    resources: mem_mb=8000, mem_mib=7630, disk_mb=1000, disk_mib=954, tmpdir=/tmp, mem=8GB
Shell command: 
        ( grep -f <(cut -f 4 results/final/bed/T2T18_complete_correct_cens.bed | awk '{ print "^"$1":" }') results/10-format_hor_stv/bed/chr12/stv_all.bed || true ) > results/10-format_hor_stv/bed/chr12/stv_complete.bed
        
[Thu Jan  8 15:27:11 2026]
Finished jobid: 158 (Rule: filter_complete_correct_stv_row)
9 of 325 steps (3%) done
[Thu Jan  8 15:27:11 2026]
Finished jobid: 164 (Rule: filter_complete_correct_stv_row)
10 of 325 steps (3%) done
[Thu Jan  8 15:27:11 2026]
Finished jobid: 170 (Rule: filter_complete_correct_stv_row)
11 of 325 steps (3%) done
[Thu Jan  8 15:27:11 2026]
Finished jobid: 152 (Rule: filter_complete_correct_stv_row)
12 of 325 steps (4%) done
[Thu Jan  8 15:27:11 2026]
Finished jobid: 155 (Rule: filter_complete_correct_stv_row)
13 of 325 steps (4%) done
[Thu Jan  8 15:27:11 2026]
Finished jobid: 166 (Rule: filter_complete_correct_stv_row)
14 of 325 steps (4%) done
[Thu Jan  8 15:27:11 2026]
Finished jobid: 154 (Rule: filter_complete_correct_stv_row)
15 of 325 steps (5%) done
[Thu Jan  8 15:27:11 2026]
Finished jobid: 160 (Rule: filter_complete_correct_stv_row)
16 of 325 steps (5%) done
[Thu Jan  8 15:27:11 2026]
Finished jobid: 157 (Rule: filter_complete_correct_stv_row)
17 of 325 steps (5%) done
[Thu Jan  8 15:27:11 2026]
Finished jobid: 172 (Rule: filter_complete_correct_stv_row)
18 of 325 steps (6%) done
[Thu Jan  8 15:27:11 2026]
Finished jobid: 163 (Rule: filter_complete_correct_stv_row)
19 of 325 steps (6%) done
[Thu Jan  8 15:27:11 2026]
Finished jobid: 169 (Rule: filter_complete_correct_stv_row)
20 of 325 steps (6%) done
[Thu Jan  8 15:27:11 2026]
Finished jobid: 156 (Rule: filter_complete_correct_stv_row)
21 of 325 steps (6%) done
[Thu Jan  8 15:27:11 2026]
Finished jobid: 165 (Rule: filter_complete_correct_stv_row)
22 of 325 steps (7%) done
[Thu Jan  8 15:27:11 2026]
Finished jobid: 150 (Rule: filter_complete_correct_stv_row)
23 of 325 steps (7%) done
[Thu Jan  8 15:27:11 2026]
Finished jobid: 153 (Rule: filter_complete_correct_stv_row)
24 of 325 steps (7%) done
[Thu Jan  8 15:27:11 2026]
Finished jobid: 168 (Rule: filter_complete_correct_stv_row)
25 of 325 steps (8%) done
[Thu Jan  8 15:27:11 2026]
Finished jobid: 151 (Rule: filter_complete_correct_stv_row)
26 of 325 steps (8%) done
[Thu Jan  8 15:27:11 2026]
Finished jobid: 159 (Rule: filter_complete_correct_stv_row)
27 of 325 steps (8%) done
[Thu Jan  8 15:27:11 2026]
Finished jobid: 167 (Rule: filter_complete_correct_stv_row)
28 of 325 steps (9%) done
Select jobs to execute...
Execute 20 jobs...

[Thu Jan  8 15:27:12 2026]
localrule calculate_as_hor_length:
    input: results/10-format_hor_stv/bed/chr5/stv_complete.bed
    output: results/11-calculate_hor_length/bed/chr5_AS-HOR_strand.bed, results/11-calculate_hor_length/bed/chr5_AS-HOR_lengths.bed
    log: logs/11-calculate_hor_length/calculate_chr5_as_hor_length.log
    jobid: 281
    reason: Input files updated by another job: results/10-format_hor_stv/bed/chr5/stv_complete.bed
    wildcards: chr=chr5
    resources: mem_mb=8000, mem_mib=7630, disk_mb=1000, disk_mib=954, tmpdir=/tmp, mem=8GB
Shell command: 
        { censtats length -i results/10-format_hor_stv/bed/chr5/stv_complete.bed -s results/11-calculate_hor_length/bed/chr5_AS-HOR_strand.bed  || true ;} > results/11-calculate_hor_length/bed/chr5_AS-HOR_lengths.bed 2> logs/11-calculate_hor_length/calculate_chr5_as_hor_length.log
        touch results/11-calculate_hor_length/bed/chr5_AS-HOR_strand.bed results/11-calculate_hor_length/bed/chr5_AS-HOR_lengths.bed
        

[Thu Jan  8 15:27:12 2026]
localrule calculate_as_hor_length:
    input: results/10-format_hor_stv/bed/chr20/stv_complete.bed
    output: results/11-calculate_hor_length/bed/chr20_AS-HOR_strand.bed, results/11-calculate_hor_length/bed/chr20_AS-HOR_lengths.bed
    log: logs/11-calculate_hor_length/calculate_chr20_as_hor_length.log
    jobid: 296
    reason: Input files updated by another job: results/10-format_hor_stv/bed/chr20/stv_complete.bed
    wildcards: chr=chr20
    resources: mem_mb=8000, mem_mib=7630, disk_mb=1000, disk_mib=954, tmpdir=/tmp, mem=8GB
Shell command: 
        { censtats length -i results/10-format_hor_stv/bed/chr20/stv_complete.bed -s results/11-calculate_hor_length/bed/chr20_AS-HOR_strand.bed  || true ;} > results/11-calculate_hor_length/bed/chr20_AS-HOR_lengths.bed 2> logs/11-calculate_hor_length/calculate_chr20_as_hor_length.log
        touch results/11-calculate_hor_length/bed/chr20_AS-HOR_strand.bed results/11-calculate_hor_length/bed/chr20_AS-HOR_lengths.bed
        

[Thu Jan  8 15:27:12 2026]
localrule calculate_as_hor_length:
    input: results/10-format_hor_stv/bed/chr6/stv_complete.bed
    output: results/11-calculate_hor_length/bed/chr6_AS-HOR_strand.bed, results/11-calculate_hor_length/bed/chr6_AS-HOR_lengths.bed
    log: logs/11-calculate_hor_length/calculate_chr6_as_hor_length.log
    jobid: 282
    reason: Input files updated by another job: results/10-format_hor_stv/bed/chr6/stv_complete.bed
    wildcards: chr=chr6
    resources: mem_mb=8000, mem_mib=7630, disk_mb=1000, disk_mib=954, tmpdir=/tmp, mem=8GB
Shell command: 
        { censtats length -i results/10-format_hor_stv/bed/chr6/stv_complete.bed -s results/11-calculate_hor_length/bed/chr6_AS-HOR_strand.bed  || true ;} > results/11-calculate_hor_length/bed/chr6_AS-HOR_lengths.bed 2> logs/11-calculate_hor_length/calculate_chr6_as_hor_length.log
        touch results/11-calculate_hor_length/bed/chr6_AS-HOR_strand.bed results/11-calculate_hor_length/bed/chr6_AS-HOR_lengths.bed
        

[Thu Jan  8 15:27:12 2026]
localrule calculate_as_hor_length:
    input: results/10-format_hor_stv/bed/chr21/stv_complete.bed
    output: results/11-calculate_hor_length/bed/chr21_AS-HOR_strand.bed, results/11-calculate_hor_length/bed/chr21_AS-HOR_lengths.bed
    log: logs/11-calculate_hor_length/calculate_chr21_as_hor_length.log
    jobid: 297
    reason: Input files updated by another job: results/10-format_hor_stv/bed/chr21/stv_complete.bed
    wildcards: chr=chr21
    resources: mem_mb=8000, mem_mib=7630, disk_mb=1000, disk_mib=954, tmpdir=/tmp, mem=8GB
Shell command: 
        { censtats length -i results/10-format_hor_stv/bed/chr21/stv_complete.bed -s results/11-calculate_hor_length/bed/chr21_AS-HOR_strand.bed  || true ;} > results/11-calculate_hor_length/bed/chr21_AS-HOR_lengths.bed 2> logs/11-calculate_hor_length/calculate_chr21_as_hor_length.log
        touch results/11-calculate_hor_length/bed/chr21_AS-HOR_strand.bed results/11-calculate_hor_length/bed/chr21_AS-HOR_lengths.bed
        

[Thu Jan  8 15:27:12 2026]
localrule calculate_as_hor_length:
    input: results/10-format_hor_stv/bed/chr8/stv_complete.bed
    output: results/11-calculate_hor_length/bed/chr8_AS-HOR_strand.bed, results/11-calculate_hor_length/bed/chr8_AS-HOR_lengths.bed
    log: logs/11-calculate_hor_length/calculate_chr8_as_hor_length.log
    jobid: 284
    reason: Input files updated by another job: results/10-format_hor_stv/bed/chr8/stv_complete.bed
    wildcards: chr=chr8
    resources: mem_mb=8000, mem_mib=7630, disk_mb=1000, disk_mib=954, tmpdir=/tmp, mem=8GB
Shell command: 
        { censtats length -i results/10-format_hor_stv/bed/chr8/stv_complete.bed -s results/11-calculate_hor_length/bed/chr8_AS-HOR_strand.bed  || true ;} > results/11-calculate_hor_length/bed/chr8_AS-HOR_lengths.bed 2> logs/11-calculate_hor_length/calculate_chr8_as_hor_length.log
        touch results/11-calculate_hor_length/bed/chr8_AS-HOR_strand.bed results/11-calculate_hor_length/bed/chr8_AS-HOR_lengths.bed
        

[Thu Jan  8 15:27:12 2026]
localrule filter_complete_correct_stv_row:
    input: results/10-format_hor_stv/bed/chrY/stv_all.bed, results/final/bed/T2T18_complete_correct_cens.bed
    output: results/10-format_hor_stv/bed/chrY/stv_complete.bed
    jobid: 173
    reason: Input files updated by another job: results/final/bed/T2T18_complete_correct_cens.bed
    wildcards: chr=chrY
    resources: mem_mb=8000, mem_mib=7630, disk_mb=1000, disk_mib=954, tmpdir=/tmp, mem=8GB
Shell command: 
        ( grep -f <(cut -f 4 results/final/bed/T2T18_complete_correct_cens.bed | awk '{ print "^"$1":" }') results/10-format_hor_stv/bed/chrY/stv_all.bed || true ) > results/10-format_hor_stv/bed/chrY/stv_complete.bed
        

[Thu Jan  8 15:27:12 2026]
localrule calculate_as_hor_length:
    input: results/10-format_hor_stv/bed/chrX/stv_complete.bed
    output: results/11-calculate_hor_length/bed/chrX_AS-HOR_strand.bed, results/11-calculate_hor_length/bed/chrX_AS-HOR_lengths.bed
    log: logs/11-calculate_hor_length/calculate_chrX_as_hor_length.log
    jobid: 299
    reason: Input files updated by another job: results/10-format_hor_stv/bed/chrX/stv_complete.bed
    wildcards: chr=chrX
    resources: mem_mb=8000, mem_mib=7630, disk_mb=1000, disk_mib=954, tmpdir=/tmp, mem=8GB
Shell command: 
        { censtats length -i results/10-format_hor_stv/bed/chrX/stv_complete.bed -s results/11-calculate_hor_length/bed/chrX_AS-HOR_strand.bed  || true ;} > results/11-calculate_hor_length/bed/chrX_AS-HOR_lengths.bed 2> logs/11-calculate_hor_length/calculate_chrX_as_hor_length.log
        touch results/11-calculate_hor_length/bed/chrX_AS-HOR_strand.bed results/11-calculate_hor_length/bed/chrX_AS-HOR_lengths.bed
        

[Thu Jan  8 15:27:12 2026]
localrule calculate_as_hor_length:
    input: results/10-format_hor_stv/bed/chr9/stv_complete.bed
    output: results/11-calculate_hor_length/bed/chr9_AS-HOR_strand.bed, results/11-calculate_hor_length/bed/chr9_AS-HOR_lengths.bed
    log: logs/11-calculate_hor_length/calculate_chr9_as_hor_length.log
    jobid: 285
    reason: Input files updated by another job: results/10-format_hor_stv/bed/chr9/stv_complete.bed
    wildcards: chr=chr9
    resources: mem_mb=8000, mem_mib=7630, disk_mb=1000, disk_mib=954, tmpdir=/tmp, mem=8GB
Shell command: 
        { censtats length -i results/10-format_hor_stv/bed/chr9/stv_complete.bed -s results/11-calculate_hor_length/bed/chr9_AS-HOR_strand.bed  || true ;} > results/11-calculate_hor_length/bed/chr9_AS-HOR_lengths.bed 2> logs/11-calculate_hor_length/calculate_chr9_as_hor_length.log
        touch results/11-calculate_hor_length/bed/chr9_AS-HOR_strand.bed results/11-calculate_hor_length/bed/chr9_AS-HOR_lengths.bed
        

[Thu Jan  8 15:27:12 2026]
localrule calculate_as_hor_length:
    input: results/10-format_hor_stv/bed/chr10/stv_complete.bed
    output: results/11-calculate_hor_length/bed/chr10_AS-HOR_strand.bed, results/11-calculate_hor_length/bed/chr10_AS-HOR_lengths.bed
    log: logs/11-calculate_hor_length/calculate_chr10_as_hor_length.log
    jobid: 286
    reason: Input files updated by another job: results/10-format_hor_stv/bed/chr10/stv_complete.bed
    wildcards: chr=chr10
    resources: mem_mb=8000, mem_mib=7630, disk_mb=1000, disk_mib=954, tmpdir=/tmp, mem=8GB
Shell command: 
        { censtats length -i results/10-format_hor_stv/bed/chr10/stv_complete.bed -s results/11-calculate_hor_length/bed/chr10_AS-HOR_strand.bed  || true ;} > results/11-calculate_hor_length/bed/chr10_AS-HOR_lengths.bed 2> logs/11-calculate_hor_length/calculate_chr10_as_hor_length.log
        touch results/11-calculate_hor_length/bed/chr10_AS-HOR_strand.bed results/11-calculate_hor_length/bed/chr10_AS-HOR_lengths.bed
        

[Thu Jan  8 15:27:12 2026]
localrule calculate_as_hor_length:
    input: results/10-format_hor_stv/bed/chr11/stv_complete.bed
    output: results/11-calculate_hor_length/bed/chr11_AS-HOR_strand.bed, results/11-calculate_hor_length/bed/chr11_AS-HOR_lengths.bed
    log: logs/11-calculate_hor_length/calculate_chr11_as_hor_length.log
    jobid: 287
    reason: Input files updated by another job: results/10-format_hor_stv/bed/chr11/stv_complete.bed
    wildcards: chr=chr11
    resources: mem_mb=8000, mem_mib=7630, disk_mb=1000, disk_mib=954, tmpdir=/tmp, mem=8GB
Shell command: 
        { censtats length -i results/10-format_hor_stv/bed/chr11/stv_complete.bed -s results/11-calculate_hor_length/bed/chr11_AS-HOR_strand.bed  || true ;} > results/11-calculate_hor_length/bed/chr11_AS-HOR_lengths.bed 2> logs/11-calculate_hor_length/calculate_chr11_as_hor_length.log
        touch results/11-calculate_hor_length/bed/chr11_AS-HOR_strand.bed results/11-calculate_hor_length/bed/chr11_AS-HOR_lengths.bed
        

[Thu Jan  8 15:27:12 2026]
localrule calculate_as_hor_length:
    input: results/10-format_hor_stv/bed/chr14/stv_complete.bed
    output: results/11-calculate_hor_length/bed/chr14_AS-HOR_strand.bed, results/11-calculate_hor_length/bed/chr14_AS-HOR_lengths.bed
    log: logs/11-calculate_hor_length/calculate_chr14_as_hor_length.log
    jobid: 290
    reason: Input files updated by another job: results/10-format_hor_stv/bed/chr14/stv_complete.bed
    wildcards: chr=chr14
    resources: mem_mb=8000, mem_mib=7630, disk_mb=1000, disk_mib=954, tmpdir=/tmp, mem=8GB
Shell command: 
        { censtats length -i results/10-format_hor_stv/bed/chr14/stv_complete.bed -s results/11-calculate_hor_length/bed/chr14_AS-HOR_strand.bed  || true ;} > results/11-calculate_hor_length/bed/chr14_AS-HOR_lengths.bed 2> logs/11-calculate_hor_length/calculate_chr14_as_hor_length.log
        touch results/11-calculate_hor_length/bed/chr14_AS-HOR_strand.bed results/11-calculate_hor_length/bed/chr14_AS-HOR_lengths.bed
        

[Thu Jan  8 15:27:12 2026]
localrule filter_complete_correct_stv_row:
    input: results/10-format_hor_stv/bed/chr13/stv_all.bed, results/final/bed/T2T18_complete_correct_cens.bed
    output: results/10-format_hor_stv/bed/chr13/stv_complete.bed
    jobid: 162
    reason: Input files updated by another job: results/final/bed/T2T18_complete_correct_cens.bed
    wildcards: chr=chr13
    resources: mem_mb=8000, mem_mib=7630, disk_mb=1000, disk_mib=954, tmpdir=/tmp, mem=8GB
Shell command: 
        ( grep -f <(cut -f 4 results/final/bed/T2T18_complete_correct_cens.bed | awk '{ print "^"$1":" }') results/10-format_hor_stv/bed/chr13/stv_all.bed || true ) > results/10-format_hor_stv/bed/chr13/stv_complete.bed
        

[Thu Jan  8 15:27:12 2026]
localrule calculate_as_hor_length:
    input: results/10-format_hor_stv/bed/chr15/stv_complete.bed
    output: results/11-calculate_hor_length/bed/chr15_AS-HOR_strand.bed, results/11-calculate_hor_length/bed/chr15_AS-HOR_lengths.bed
    log: logs/11-calculate_hor_length/calculate_chr15_as_hor_length.log
    jobid: 291
    reason: Input files updated by another job: results/10-format_hor_stv/bed/chr15/stv_complete.bed
    wildcards: chr=chr15
    resources: mem_mb=8000, mem_mib=7630, disk_mb=1000, disk_mib=954, tmpdir=/tmp, mem=8GB
Shell command: 
        { censtats length -i results/10-format_hor_stv/bed/chr15/stv_complete.bed -s results/11-calculate_hor_length/bed/chr15_AS-HOR_strand.bed  || true ;} > results/11-calculate_hor_length/bed/chr15_AS-HOR_lengths.bed 2> logs/11-calculate_hor_length/calculate_chr15_as_hor_length.log
        touch results/11-calculate_hor_length/bed/chr15_AS-HOR_strand.bed results/11-calculate_hor_length/bed/chr15_AS-HOR_lengths.bed
        

[Thu Jan  8 15:27:12 2026]
localrule calculate_as_hor_length:
    input: results/10-format_hor_stv/bed/chr4/stv_complete.bed
    output: results/11-calculate_hor_length/bed/chr4_AS-HOR_strand.bed, results/11-calculate_hor_length/bed/chr4_AS-HOR_lengths.bed
    log: logs/11-calculate_hor_length/calculate_chr4_as_hor_length.log
    jobid: 280
    reason: Input files updated by another job: results/10-format_hor_stv/bed/chr4/stv_complete.bed
    wildcards: chr=chr4
    resources: mem_mb=8000, mem_mib=7630, disk_mb=1000, disk_mib=954, tmpdir=/tmp, mem=8GB
Shell command: 
        { censtats length -i results/10-format_hor_stv/bed/chr4/stv_complete.bed -s results/11-calculate_hor_length/bed/chr4_AS-HOR_strand.bed  || true ;} > results/11-calculate_hor_length/bed/chr4_AS-HOR_lengths.bed 2> logs/11-calculate_hor_length/calculate_chr4_as_hor_length.log
        touch results/11-calculate_hor_length/bed/chr4_AS-HOR_strand.bed results/11-calculate_hor_length/bed/chr4_AS-HOR_lengths.bed
        

[Thu Jan  8 15:27:12 2026]
localrule calculate_as_hor_length:
    input: results/10-format_hor_stv/bed/chr16/stv_complete.bed
    output: results/11-calculate_hor_length/bed/chr16_AS-HOR_strand.bed, results/11-calculate_hor_length/bed/chr16_AS-HOR_lengths.bed
    log: logs/11-calculate_hor_length/calculate_chr16_as_hor_length.log
    jobid: 292
    reason: Input files updated by another job: results/10-format_hor_stv/bed/chr16/stv_complete.bed
    wildcards: chr=chr16
    resources: mem_mb=8000, mem_mib=7630, disk_mb=1000, disk_mib=954, tmpdir=/tmp, mem=8GB
Shell command: 
        { censtats length -i results/10-format_hor_stv/bed/chr16/stv_complete.bed -s results/11-calculate_hor_length/bed/chr16_AS-HOR_strand.bed  || true ;} > results/11-calculate_hor_length/bed/chr16_AS-HOR_lengths.bed 2> logs/11-calculate_hor_length/calculate_chr16_as_hor_length.log
        touch results/11-calculate_hor_length/bed/chr16_AS-HOR_strand.bed results/11-calculate_hor_length/bed/chr16_AS-HOR_lengths.bed
        

[Thu Jan  8 15:27:12 2026]
localrule calculate_as_hor_length:
    input: results/10-format_hor_stv/bed/chr1/stv_complete.bed
    output: results/11-calculate_hor_length/bed/chr1_AS-HOR_strand.bed, results/11-calculate_hor_length/bed/chr1_AS-HOR_lengths.bed
    log: logs/11-calculate_hor_length/calculate_chr1_as_hor_length.log
    jobid: 277
    reason: Input files updated by another job: results/10-format_hor_stv/bed/chr1/stv_complete.bed
    wildcards: chr=chr1
    resources: mem_mb=8000, mem_mib=7630, disk_mb=1000, disk_mib=954, tmpdir=/tmp, mem=8GB
Shell command: 
        { censtats length -i results/10-format_hor_stv/bed/chr1/stv_complete.bed -s results/11-calculate_hor_length/bed/chr1_AS-HOR_strand.bed  || true ;} > results/11-calculate_hor_length/bed/chr1_AS-HOR_lengths.bed 2> logs/11-calculate_hor_length/calculate_chr1_as_hor_length.log
        touch results/11-calculate_hor_length/bed/chr1_AS-HOR_strand.bed results/11-calculate_hor_length/bed/chr1_AS-HOR_lengths.bed
        

[Thu Jan  8 15:27:12 2026]
localrule calculate_as_hor_length:
    input: results/10-format_hor_stv/bed/chr17/stv_complete.bed
    output: results/11-calculate_hor_length/bed/chr17_AS-HOR_strand.bed, results/11-calculate_hor_length/bed/chr17_AS-HOR_lengths.bed
    log: logs/11-calculate_hor_length/calculate_chr17_as_hor_length.log
    jobid: 293
    reason: Input files updated by another job: results/10-format_hor_stv/bed/chr17/stv_complete.bed
    wildcards: chr=chr17
    resources: mem_mb=8000, mem_mib=7630, disk_mb=1000, disk_mib=954, tmpdir=/tmp, mem=8GB
Shell command: 
        { censtats length -i results/10-format_hor_stv/bed/chr17/stv_complete.bed -s results/11-calculate_hor_length/bed/chr17_AS-HOR_strand.bed  || true ;} > results/11-calculate_hor_length/bed/chr17_AS-HOR_lengths.bed 2> logs/11-calculate_hor_length/calculate_chr17_as_hor_length.log
        touch results/11-calculate_hor_length/bed/chr17_AS-HOR_strand.bed results/11-calculate_hor_length/bed/chr17_AS-HOR_lengths.bed
        

[Thu Jan  8 15:27:12 2026]
localrule calculate_as_hor_length:
    input: results/10-format_hor_stv/bed/chr2/stv_complete.bed
    output: results/11-calculate_hor_length/bed/chr2_AS-HOR_strand.bed, results/11-calculate_hor_length/bed/chr2_AS-HOR_lengths.bed
    log: logs/11-calculate_hor_length/calculate_chr2_as_hor_length.log
    jobid: 278
    reason: Input files updated by another job: results/10-format_hor_stv/bed/chr2/stv_complete.bed
    wildcards: chr=chr2
    resources: mem_mb=8000, mem_mib=7630, disk_mb=1000, disk_mib=954, tmpdir=/tmp, mem=8GB
Shell command: 
        { censtats length -i results/10-format_hor_stv/bed/chr2/stv_complete.bed -s results/11-calculate_hor_length/bed/chr2_AS-HOR_strand.bed  || true ;} > results/11-calculate_hor_length/bed/chr2_AS-HOR_lengths.bed 2> logs/11-calculate_hor_length/calculate_chr2_as_hor_length.log
        touch results/11-calculate_hor_length/bed/chr2_AS-HOR_strand.bed results/11-calculate_hor_length/bed/chr2_AS-HOR_lengths.bed
        

[Thu Jan  8 15:27:12 2026]
localrule calculate_as_hor_length:
    input: results/10-format_hor_stv/bed/chr3/stv_complete.bed
    output: results/11-calculate_hor_length/bed/chr3_AS-HOR_strand.bed, results/11-calculate_hor_length/bed/chr3_AS-HOR_lengths.bed
    log: logs/11-calculate_hor_length/calculate_chr3_as_hor_length.log
    jobid: 279
    reason: Input files updated by another job: results/10-format_hor_stv/bed/chr3/stv_complete.bed
    wildcards: chr=chr3
    resources: mem_mb=8000, mem_mib=7630, disk_mb=1000, disk_mib=954, tmpdir=/tmp, mem=8GB
Shell command: 
        { censtats length -i results/10-format_hor_stv/bed/chr3/stv_complete.bed -s results/11-calculate_hor_length/bed/chr3_AS-HOR_strand.bed  || true ;} > results/11-calculate_hor_length/bed/chr3_AS-HOR_lengths.bed 2> logs/11-calculate_hor_length/calculate_chr3_as_hor_length.log
        touch results/11-calculate_hor_length/bed/chr3_AS-HOR_strand.bed results/11-calculate_hor_length/bed/chr3_AS-HOR_lengths.bed
        

[Thu Jan  8 15:27:12 2026]
localrule calculate_as_hor_length:
    input: results/10-format_hor_stv/bed/chr19/stv_complete.bed
    output: results/11-calculate_hor_length/bed/chr19_AS-HOR_strand.bed, results/11-calculate_hor_length/bed/chr19_AS-HOR_lengths.bed
    log: logs/11-calculate_hor_length/calculate_chr19_as_hor_length.log
    jobid: 295
    reason: Input files updated by another job: results/10-format_hor_stv/bed/chr19/stv_complete.bed
    wildcards: chr=chr19
    resources: mem_mb=8000, mem_mib=7630, disk_mb=1000, disk_mib=954, tmpdir=/tmp, mem=8GB
Shell command: 
        { censtats length -i results/10-format_hor_stv/bed/chr19/stv_complete.bed -s results/11-calculate_hor_length/bed/chr19_AS-HOR_strand.bed  || true ;} > results/11-calculate_hor_length/bed/chr19_AS-HOR_lengths.bed 2> logs/11-calculate_hor_length/calculate_chr19_as_hor_length.log
        touch results/11-calculate_hor_length/bed/chr19_AS-HOR_strand.bed results/11-calculate_hor_length/bed/chr19_AS-HOR_lengths.bed
        
[Thu Jan  8 15:27:12 2026]
Finished jobid: 161 (Rule: filter_complete_correct_stv_row)
29 of 325 steps (9%) done
[Thu Jan  8 15:27:12 2026]
Finished jobid: 171 (Rule: filter_complete_correct_stv_row)
30 of 325 steps (9%) done
[Thu Jan  8 15:27:12 2026]
Finished jobid: 177 (Rule: merge_cdr_beds)
31 of 325 steps (10%) done
[Thu Jan  8 15:27:12 2026]
Finished jobid: 173 (Rule: filter_complete_correct_stv_row)
32 of 325 steps (10%) done
[Thu Jan  8 15:27:12 2026]
Finished jobid: 162 (Rule: filter_complete_correct_stv_row)
33 of 325 steps (10%) done
Select jobs to execute...
Execute 5 jobs...

[Thu Jan  8 15:27:12 2026]
localrule filter_annotations_moddotplot:
    input: results/10-format_hor_stv/bed/chr1/stv_all.bed, results/8-format_repeatmasker_sat_annot/bed/all_cens.annotation.bed, results/8-cdr_finder/bed/all_cdrs.bed, results/8-cdr_finder/bed/all_binned_freq.bed, results/11-moddotplot/original/chr1/T2T18_rc-chr1_haplotype1-0000022:120572286-130079532/T2T18_rc-chr1_haplotype1-0000022:120572286-130079532.bed
    output: results/11-moddotplot/combined/bed/chr1/T2T18_rc-chr1_haplotype1-0000022:120572286-130079532/sat_annot.bed, results/11-moddotplot/combined/bed/chr1/T2T18_rc-chr1_haplotype1-0000022:120572286-130079532/ident.bedpe, results/11-moddotplot/combined/bed/chr1/T2T18_rc-chr1_haplotype1-0000022:120572286-130079532/stv.bed, results/11-moddotplot/combined/bed/chr1/T2T18_rc-chr1_haplotype1-0000022:120572286-130079532/cdrs.bed, results/11-moddotplot/combined/bed/chr1/T2T18_rc-chr1_haplotype1-0000022:120572286-130079532/methyl.bed
    jobid: 879
    reason: Missing output files: results/11-moddotplot/combined/bed/chr1/T2T18_rc-chr1_haplotype1-0000022:120572286-130079532/ident.bedpe; Input files updated by another job: results/8-cdr_finder/bed/all_cdrs.bed, results/8-cdr_finder/bed/all_binned_freq.bed
    wildcards: chr=chr1, fname=T2T18_rc-chr1_haplotype1-0000022:120572286-130079532
    resources: mem_mb=8000, mem_mib=7630, disk_mb=1000, disk_mib=954, tmpdir=/tmp, mem=8GB
Shell command: 
        ( grep 'T2T18_rc-chr1_haplotype1-0000022:120572286-130079532' results/8-format_repeatmasker_sat_annot/bed/all_cens.annotation.bed || true ) > results/11-moddotplot/combined/bed/chr1/T2T18_rc-chr1_haplotype1-0000022:120572286-130079532/sat_annot.bed
        ( grep 'T2T18_rc-chr1_haplotype1-0000022:120572286-130079532' results/10-format_hor_stv/bed/chr1/stv_all.bed || true ) > results/11-moddotplot/combined/bed/chr1/T2T18_rc-chr1_haplotype1-0000022:120572286-130079532/stv.bed
        # Remove header.
        ln -s $(realpath results/11-moddotplot/original/chr1/T2T18_rc-chr1_haplotype1-0000022:120572286-130079532/T2T18_rc-chr1_haplotype1-0000022:120572286-130079532.bed) results/11-moddotplot/combined/bed/chr1/T2T18_rc-chr1_haplotype1-0000022:120572286-130079532/ident.bedpe
        if [ "True" != "False" ]; then
            ( grep 'T2T18_rc-chr1_haplotype1-0000022:120572286-130079532' results/8-cdr_finder/bed/all_cdrs.bed || true ) > results/11-moddotplot/combined/bed/chr1/T2T18_rc-chr1_haplotype1-0000022:120572286-130079532/cdrs.bed
            ( grep 'T2T18_rc-chr1_haplotype1-0000022:120572286-130079532' results/8-cdr_finder/bed/all_binned_freq.bed || true ) > results/11-moddotplot/combined/bed/chr1/T2T18_rc-chr1_haplotype1-0000022:120572286-130079532/methyl.bed
        else
            touch results/11-moddotplot/combined/bed/chr1/T2T18_rc-chr1_haplotype1-0000022:120572286-130079532/cdrs.bed
            touch results/11-moddotplot/combined/bed/chr1/T2T18_rc-chr1_haplotype1-0000022:120572286-130079532/methyl.bed
        fi
        

[Thu Jan  8 15:27:12 2026]
localrule filter_annotations_moddotplot:
    input: results/10-format_hor_stv/bed/chr21/stv_all.bed, results/8-format_repeatmasker_sat_annot/bed/all_cens.annotation.bed, results/8-cdr_finder/bed/all_cdrs.bed, results/8-cdr_finder/bed/all_binned_freq.bed, results/11-moddotplot/original/chr21/T2T18_rc-chr21_haplotype2-0000064:125369-14751379/T2T18_rc-chr21_haplotype2-0000064:125369-14751379.bed
    output: results/11-moddotplot/combined/bed/chr21/T2T18_rc-chr21_haplotype2-0000064:125369-14751379/sat_annot.bed, results/11-moddotplot/combined/bed/chr21/T2T18_rc-chr21_haplotype2-0000064:125369-14751379/ident.bedpe, results/11-moddotplot/combined/bed/chr21/T2T18_rc-chr21_haplotype2-0000064:125369-14751379/stv.bed, results/11-moddotplot/combined/bed/chr21/T2T18_rc-chr21_haplotype2-0000064:125369-14751379/cdrs.bed, results/11-moddotplot/combined/bed/chr21/T2T18_rc-chr21_haplotype2-0000064:125369-14751379/methyl.bed
    jobid: 1070
    reason: Missing output files: results/11-moddotplot/combined/bed/chr21/T2T18_rc-chr21_haplotype2-0000064:125369-14751379/ident.bedpe; Input files updated by another job: results/8-cdr_finder/bed/all_cdrs.bed, results/8-cdr_finder/bed/all_binned_freq.bed
    wildcards: chr=chr21, fname=T2T18_rc-chr21_haplotype2-0000064:125369-14751379
    resources: mem_mb=8000, mem_mib=7630, disk_mb=1000, disk_mib=954, tmpdir=/tmp, mem=8GB
Shell command: 
        ( grep 'T2T18_rc-chr21_haplotype2-0000064:125369-14751379' results/8-format_repeatmasker_sat_annot/bed/all_cens.annotation.bed || true ) > results/11-moddotplot/combined/bed/chr21/T2T18_rc-chr21_haplotype2-0000064:125369-14751379/sat_annot.bed
        ( grep 'T2T18_rc-chr21_haplotype2-0000064:125369-14751379' results/10-format_hor_stv/bed/chr21/stv_all.bed || true ) > results/11-moddotplot/combined/bed/chr21/T2T18_rc-chr21_haplotype2-0000064:125369-14751379/stv.bed
        # Remove header.
        ln -s $(realpath results/11-moddotplot/original/chr21/T2T18_rc-chr21_haplotype2-0000064:125369-14751379/T2T18_rc-chr21_haplotype2-0000064:125369-14751379.bed) results/11-moddotplot/combined/bed/chr21/T2T18_rc-chr21_haplotype2-0000064:125369-14751379/ident.bedpe
        if [ "True" != "False" ]; then
            ( grep 'T2T18_rc-chr21_haplotype2-0000064:125369-14751379' results/8-cdr_finder/bed/all_cdrs.bed || true ) > results/11-moddotplot/combined/bed/chr21/T2T18_rc-chr21_haplotype2-0000064:125369-14751379/cdrs.bed
            ( grep 'T2T18_rc-chr21_haplotype2-0000064:125369-14751379' results/8-cdr_finder/bed/all_binned_freq.bed || true ) > results/11-moddotplot/combined/bed/chr21/T2T18_rc-chr21_haplotype2-0000064:125369-14751379/methyl.bed
        else
            touch results/11-moddotplot/combined/bed/chr21/T2T18_rc-chr21_haplotype2-0000064:125369-14751379/cdrs.bed
            touch results/11-moddotplot/combined/bed/chr21/T2T18_rc-chr21_haplotype2-0000064:125369-14751379/methyl.bed
        fi
        

[Thu Jan  8 15:27:12 2026]
localrule filter_annotations_moddotplot:
    input: results/10-format_hor_stv/bed/chr18/stv_all.bed, results/8-format_repeatmasker_sat_annot/bed/all_cens.annotation.bed, results/8-cdr_finder/bed/all_cdrs.bed, results/8-cdr_finder/bed/all_binned_freq.bed, results/11-moddotplot/original/chr18/T2T18_rc-chr18_haplotype1-0000014:14393263-22484728/T2T18_rc-chr18_haplotype1-0000014:14393263-22484728.bed
    output: results/11-moddotplot/combined/bed/chr18/T2T18_rc-chr18_haplotype1-0000014:14393263-22484728/sat_annot.bed, results/11-moddotplot/combined/bed/chr18/T2T18_rc-chr18_haplotype1-0000014:14393263-22484728/ident.bedpe, results/11-moddotplot/combined/bed/chr18/T2T18_rc-chr18_haplotype1-0000014:14393263-22484728/stv.bed, results/11-moddotplot/combined/bed/chr18/T2T18_rc-chr18_haplotype1-0000014:14393263-22484728/cdrs.bed, results/11-moddotplot/combined/bed/chr18/T2T18_rc-chr18_haplotype1-0000014:14393263-22484728/methyl.bed
    jobid: 1039
    reason: Missing output files: results/11-moddotplot/combined/bed/chr18/T2T18_rc-chr18_haplotype1-0000014:14393263-22484728/ident.bedpe; Input files updated by another job: results/8-cdr_finder/bed/all_cdrs.bed, results/8-cdr_finder/bed/all_binned_freq.bed
    wildcards: chr=chr18, fname=T2T18_rc-chr18_haplotype1-0000014:14393263-22484728
    resources: mem_mb=8000, mem_mib=7630, disk_mb=1000, disk_mib=954, tmpdir=/tmp, mem=8GB
Shell command: 
        ( grep 'T2T18_rc-chr18_haplotype1-0000014:14393263-22484728' results/8-format_repeatmasker_sat_annot/bed/all_cens.annotation.bed || true ) > results/11-moddotplot/combined/bed/chr18/T2T18_rc-chr18_haplotype1-0000014:14393263-22484728/sat_annot.bed
        ( grep 'T2T18_rc-chr18_haplotype1-0000014:14393263-22484728' results/10-format_hor_stv/bed/chr18/stv_all.bed || true ) > results/11-moddotplot/combined/bed/chr18/T2T18_rc-chr18_haplotype1-0000014:14393263-22484728/stv.bed
        # Remove header.
        ln -s $(realpath results/11-moddotplot/original/chr18/T2T18_rc-chr18_haplotype1-0000014:14393263-22484728/T2T18_rc-chr18_haplotype1-0000014:14393263-22484728.bed) results/11-moddotplot/combined/bed/chr18/T2T18_rc-chr18_haplotype1-0000014:14393263-22484728/ident.bedpe
        if [ "True" != "False" ]; then
            ( grep 'T2T18_rc-chr18_haplotype1-0000014:14393263-22484728' results/8-cdr_finder/bed/all_cdrs.bed || true ) > results/11-moddotplot/combined/bed/chr18/T2T18_rc-chr18_haplotype1-0000014:14393263-22484728/cdrs.bed
            ( grep 'T2T18_rc-chr18_haplotype1-0000014:14393263-22484728' results/8-cdr_finder/bed/all_binned_freq.bed || true ) > results/11-moddotplot/combined/bed/chr18/T2T18_rc-chr18_haplotype1-0000014:14393263-22484728/methyl.bed
        else
            touch results/11-moddotplot/combined/bed/chr18/T2T18_rc-chr18_haplotype1-0000014:14393263-22484728/cdrs.bed
            touch results/11-moddotplot/combined/bed/chr18/T2T18_rc-chr18_haplotype1-0000014:14393263-22484728/methyl.bed
        fi
        

[Thu Jan  8 15:27:12 2026]
localrule filter_annotations_moddotplot:
    input: results/10-format_hor_stv/bed/chr22/stv_all.bed, results/8-format_repeatmasker_sat_annot/bed/all_cens.annotation.bed, results/8-cdr_finder/bed/all_cdrs.bed, results/8-cdr_finder/bed/all_binned_freq.bed, results/11-moddotplot/original/chr22/T2T18_rc-chr22_haplotype1-0000006:1587387-16558516/T2T18_rc-chr22_haplotype1-0000006:1587387-16558516.bed
    output: results/11-moddotplot/combined/bed/chr22/T2T18_rc-chr22_haplotype1-0000006:1587387-16558516/sat_annot.bed, results/11-moddotplot/combined/bed/chr22/T2T18_rc-chr22_haplotype1-0000006:1587387-16558516/ident.bedpe, results/11-moddotplot/combined/bed/chr22/T2T18_rc-chr22_haplotype1-0000006:1587387-16558516/stv.bed, results/11-moddotplot/combined/bed/chr22/T2T18_rc-chr22_haplotype1-0000006:1587387-16558516/cdrs.bed, results/11-moddotplot/combined/bed/chr22/T2T18_rc-chr22_haplotype1-0000006:1587387-16558516/methyl.bed
    jobid: 1079
    reason: Missing output files: results/11-moddotplot/combined/bed/chr22/T2T18_rc-chr22_haplotype1-0000006:1587387-16558516/ident.bedpe; Input files updated by another job: results/8-cdr_finder/bed/all_cdrs.bed, results/8-cdr_finder/bed/all_binned_freq.bed
    wildcards: chr=chr22, fname=T2T18_rc-chr22_haplotype1-0000006:1587387-16558516
    resources: mem_mb=8000, mem_mib=7630, disk_mb=1000, disk_mib=954, tmpdir=/tmp, mem=8GB
Shell command: 
        ( grep 'T2T18_rc-chr22_haplotype1-0000006:1587387-16558516' results/8-format_repeatmasker_sat_annot/bed/all_cens.annotation.bed || true ) > results/11-moddotplot/combined/bed/chr22/T2T18_rc-chr22_haplotype1-0000006:1587387-16558516/sat_annot.bed
        ( grep 'T2T18_rc-chr22_haplotype1-0000006:1587387-16558516' results/10-format_hor_stv/bed/chr22/stv_all.bed || true ) > results/11-moddotplot/combined/bed/chr22/T2T18_rc-chr22_haplotype1-0000006:1587387-16558516/stv.bed
        # Remove header.
        ln -s $(realpath results/11-moddotplot/original/chr22/T2T18_rc-chr22_haplotype1-0000006:1587387-16558516/T2T18_rc-chr22_haplotype1-0000006:1587387-16558516.bed) results/11-moddotplot/combined/bed/chr22/T2T18_rc-chr22_haplotype1-0000006:1587387-16558516/ident.bedpe
        if [ "True" != "False" ]; then
            ( grep 'T2T18_rc-chr22_haplotype1-0000006:1587387-16558516' results/8-cdr_finder/bed/all_cdrs.bed || true ) > results/11-moddotplot/combined/bed/chr22/T2T18_rc-chr22_haplotype1-0000006:1587387-16558516/cdrs.bed
            ( grep 'T2T18_rc-chr22_haplotype1-0000006:1587387-16558516' results/8-cdr_finder/bed/all_binned_freq.bed || true ) > results/11-moddotplot/combined/bed/chr22/T2T18_rc-chr22_haplotype1-0000006:1587387-16558516/methyl.bed
        else
            touch results/11-moddotplot/combined/bed/chr22/T2T18_rc-chr22_haplotype1-0000006:1587387-16558516/cdrs.bed
            touch results/11-moddotplot/combined/bed/chr22/T2T18_rc-chr22_haplotype1-0000006:1587387-16558516/methyl.bed
        fi
        

[Thu Jan  8 15:27:12 2026]
localrule filter_annotations_moddotplot:
    input: results/10-format_hor_stv/bed/chr20/stv_all.bed, results/8-format_repeatmasker_sat_annot/bed/all_cens.annotation.bed, results/8-cdr_finder/bed/all_cdrs.bed, results/8-cdr_finder/bed/all_binned_freq.bed, results/11-moddotplot/original/chr20/T2T18_chr20_haplotype2-0000063:25340269-34779686/T2T18_chr20_haplotype2-0000063:25340269-34779686.bed
    output: results/11-moddotplot/combined/bed/chr20/T2T18_chr20_haplotype2-0000063:25340269-34779686/sat_annot.bed, results/11-moddotplot/combined/bed/chr20/T2T18_chr20_haplotype2-0000063:25340269-34779686/ident.bedpe, results/11-moddotplot/combined/bed/chr20/T2T18_chr20_haplotype2-0000063:25340269-34779686/stv.bed, results/11-moddotplot/combined/bed/chr20/T2T18_chr20_haplotype2-0000063:25340269-34779686/cdrs.bed, results/11-moddotplot/combined/bed/chr20/T2T18_chr20_haplotype2-0000063:25340269-34779686/methyl.bed
    jobid: 1058
    reason: Missing output files: results/11-moddotplot/combined/bed/chr20/T2T18_chr20_haplotype2-0000063:25340269-34779686/ident.bedpe; Input files updated by another job: results/8-cdr_finder/bed/all_cdrs.bed, results/8-cdr_finder/bed/all_binned_freq.bed
    wildcards: chr=chr20, fname=T2T18_chr20_haplotype2-0000063:25340269-34779686
    resources: mem_mb=8000, mem_mib=7630, disk_mb=1000, disk_mib=954, tmpdir=/tmp, mem=8GB
Shell command: 
        ( grep 'T2T18_chr20_haplotype2-0000063:25340269-34779686' results/8-format_repeatmasker_sat_annot/bed/all_cens.annotation.bed || true ) > results/11-moddotplot/combined/bed/chr20/T2T18_chr20_haplotype2-0000063:25340269-34779686/sat_annot.bed
        ( grep 'T2T18_chr20_haplotype2-0000063:25340269-34779686' results/10-format_hor_stv/bed/chr20/stv_all.bed || true ) > results/11-moddotplot/combined/bed/chr20/T2T18_chr20_haplotype2-0000063:25340269-34779686/stv.bed
        # Remove header.
        ln -s $(realpath results/11-moddotplot/original/chr20/T2T18_chr20_haplotype2-0000063:25340269-34779686/T2T18_chr20_haplotype2-0000063:25340269-34779686.bed) results/11-moddotplot/combined/bed/chr20/T2T18_chr20_haplotype2-0000063:25340269-34779686/ident.bedpe
        if [ "True" != "False" ]; then
            ( grep 'T2T18_chr20_haplotype2-0000063:25340269-34779686' results/8-cdr_finder/bed/all_cdrs.bed || true ) > results/11-moddotplot/combined/bed/chr20/T2T18_chr20_haplotype2-0000063:25340269-34779686/cdrs.bed
            ( grep 'T2T18_chr20_haplotype2-0000063:25340269-34779686' results/8-cdr_finder/bed/all_binned_freq.bed || true ) > results/11-moddotplot/combined/bed/chr20/T2T18_chr20_haplotype2-0000063:25340269-34779686/methyl.bed
        else
            touch results/11-moddotplot/combined/bed/chr20/T2T18_chr20_haplotype2-0000063:25340269-34779686/cdrs.bed
            touch results/11-moddotplot/combined/bed/chr20/T2T18_chr20_haplotype2-0000063:25340269-34779686/methyl.bed
        fi
        
[Thu Jan  8 15:27:13 2026]
Finished jobid: 1070 (Rule: filter_annotations_moddotplot)
34 of 325 steps (10%) done
[Thu Jan  8 15:27:13 2026]
Finished jobid: 879 (Rule: filter_annotations_moddotplot)
35 of 325 steps (11%) done
[Thu Jan  8 15:27:13 2026]
Finished jobid: 1039 (Rule: filter_annotations_moddotplot)
36 of 325 steps (11%) done
[Thu Jan  8 15:27:13 2026]
Finished jobid: 1079 (Rule: filter_annotations_moddotplot)
37 of 325 steps (11%) done
Select jobs to execute...
Execute 4 jobs...

[Thu Jan  8 15:27:13 2026]
localrule modify_moddotplot_cenplot_tracks:
    input: results/11-moddotplot/combined/bed/chr22/T2T18_rc-chr22_haplotype1-0000006:1587387-16558516/cdrs.bed, results/11-moddotplot/combined/bed/chr22/T2T18_rc-chr22_haplotype1-0000006:1587387-16558516/sat_annot.bed, results/11-moddotplot/combined/bed/chr22/T2T18_rc-chr22_haplotype1-0000006:1587387-16558516/ident.bedpe, results/11-moddotplot/combined/bed/chr22/T2T18_rc-chr22_haplotype1-0000006:1587387-16558516/stv.bed, results/11-moddotplot/combined/bed/chr22/T2T18_rc-chr22_haplotype1-0000006:1587387-16558516/methyl.bed
    output: results/11-moddotplot/combined/plots/chr22/T2T18_rc-chr22_haplotype1-0000006:1587387-16558516.yaml
    log: logs/11-moddotplot/modify_moddotplot_cenplot_tracks_chr22_T2T18_rc-chr22_haplotype1-0000006:1587387-16558516.log
    jobid: 1078
    reason: Input files updated by another job: results/11-moddotplot/combined/bed/chr22/T2T18_rc-chr22_haplotype1-0000006:1587387-16558516/methyl.bed, results/11-moddotplot/combined/bed/chr22/T2T18_rc-chr22_haplotype1-0000006:1587387-16558516/sat_annot.bed, results/11-moddotplot/combined/bed/chr22/T2T18_rc-chr22_haplotype1-0000006:1587387-16558516/stv.bed, results/11-moddotplot/combined/bed/chr22/T2T18_rc-chr22_haplotype1-0000006:1587387-16558516/ident.bedpe, results/11-moddotplot/combined/bed/chr22/T2T18_rc-chr22_haplotype1-0000006:1587387-16558516/cdrs.bed
    wildcards: chr=chr22, fname=T2T18_rc-chr22_haplotype1-0000006:1587387-16558516
    resources: mem_mb=8000, mem_mib=7630, disk_mb=1000, disk_mib=954, tmpdir=/tmp, mem=8GB
Shell command: 
        python /home/ukt.ad.local/ahgrosc1/.cache/snakemake/snakemake/source-cache/runtime-cache/tmpvv5_ue2g/file/mnt/storage3b/projects/no_ngsd/ahthapp1_T2T_ONT/analysis_other/cenmap_single/T2T18/workflow/rules/../scripts/format_cenplot_yaml.py         -i '{"cdr": "results/11-moddotplot/combined/bed/chr22/T2T18_rc-chr22_haplotype1-0000006:1587387-16558516/cdrs.bed", "rm": "results/11-moddotplot/combined/bed/chr22/T2T18_rc-chr22_haplotype1-0000006:1587387-16558516/sat_annot.bed", "ident": "results/11-moddotplot/combined/bed/chr22/T2T18_rc-chr22_haplotype1-0000006:1587387-16558516/ident.bedpe", "stv": "results/11-moddotplot/combined/bed/chr22/T2T18_rc-chr22_haplotype1-0000006:1587387-16558516/stv.bed", "methyl": "results/11-moddotplot/combined/bed/chr22/T2T18_rc-chr22_haplotype1-0000006:1587387-16558516/methyl.bed"}'         -t /home/ukt.ad.local/ahgrosc1/.cache/snakemake/snakemake/source-cache/runtime-cache/tmpvv5_ue2g/file/mnt/storage3b/projects/no_ngsd/ahthapp1_T2T_ONT/analysis_other/cenmap_single/T2T18/workflow/rules/../scripts/cenplot_moddotplot.yaml         --options '{"hor": {"color_map_file": "/mnt/storage3b/projects/no_ngsd/ahthapp1_T2T_ONT/analysis_other/cenmap_single/T2T18/config/stv_annot_colors.tsv"}}' > results/11-moddotplot/combined/plots/chr22/T2T18_rc-chr22_haplotype1-0000006:1587387-16558516.yaml 2> logs/11-moddotplot/modify_moddotplot_cenplot_tracks_chr22_T2T18_rc-chr22_haplotype1-0000006:1587387-16558516.log
        

[Thu Jan  8 15:27:13 2026]
localrule modify_moddotplot_cenplot_tracks:
    input: results/11-moddotplot/combined/bed/chr1/T2T18_rc-chr1_haplotype1-0000022:120572286-130079532/cdrs.bed, results/11-moddotplot/combined/bed/chr1/T2T18_rc-chr1_haplotype1-0000022:120572286-130079532/sat_annot.bed, results/11-moddotplot/combined/bed/chr1/T2T18_rc-chr1_haplotype1-0000022:120572286-130079532/ident.bedpe, results/11-moddotplot/combined/bed/chr1/T2T18_rc-chr1_haplotype1-0000022:120572286-130079532/stv.bed, results/11-moddotplot/combined/bed/chr1/T2T18_rc-chr1_haplotype1-0000022:120572286-130079532/methyl.bed
    output: results/11-moddotplot/combined/plots/chr1/T2T18_rc-chr1_haplotype1-0000022:120572286-130079532.yaml
    log: logs/11-moddotplot/modify_moddotplot_cenplot_tracks_chr1_T2T18_rc-chr1_haplotype1-0000022:120572286-130079532.log
    jobid: 878
    reason: Input files updated by another job: results/11-moddotplot/combined/bed/chr1/T2T18_rc-chr1_haplotype1-0000022:120572286-130079532/stv.bed, results/11-moddotplot/combined/bed/chr1/T2T18_rc-chr1_haplotype1-0000022:120572286-130079532/cdrs.bed, results/11-moddotplot/combined/bed/chr1/T2T18_rc-chr1_haplotype1-0000022:120572286-130079532/methyl.bed, results/11-moddotplot/combined/bed/chr1/T2T18_rc-chr1_haplotype1-0000022:120572286-130079532/ident.bedpe, results/11-moddotplot/combined/bed/chr1/T2T18_rc-chr1_haplotype1-0000022:120572286-130079532/sat_annot.bed
    wildcards: chr=chr1, fname=T2T18_rc-chr1_haplotype1-0000022:120572286-130079532
    resources: mem_mb=8000, mem_mib=7630, disk_mb=1000, disk_mib=954, tmpdir=/tmp, mem=8GB
Shell command: 
        python /home/ukt.ad.local/ahgrosc1/.cache/snakemake/snakemake/source-cache/runtime-cache/tmpvv5_ue2g/file/mnt/storage3b/projects/no_ngsd/ahthapp1_T2T_ONT/analysis_other/cenmap_single/T2T18/workflow/rules/../scripts/format_cenplot_yaml.py         -i '{"cdr": "results/11-moddotplot/combined/bed/chr1/T2T18_rc-chr1_haplotype1-0000022:120572286-130079532/cdrs.bed", "rm": "results/11-moddotplot/combined/bed/chr1/T2T18_rc-chr1_haplotype1-0000022:120572286-130079532/sat_annot.bed", "ident": "results/11-moddotplot/combined/bed/chr1/T2T18_rc-chr1_haplotype1-0000022:120572286-130079532/ident.bedpe", "stv": "results/11-moddotplot/combined/bed/chr1/T2T18_rc-chr1_haplotype1-0000022:120572286-130079532/stv.bed", "methyl": "results/11-moddotplot/combined/bed/chr1/T2T18_rc-chr1_haplotype1-0000022:120572286-130079532/methyl.bed"}'         -t /home/ukt.ad.local/ahgrosc1/.cache/snakemake/snakemake/source-cache/runtime-cache/tmpvv5_ue2g/file/mnt/storage3b/projects/no_ngsd/ahthapp1_T2T_ONT/analysis_other/cenmap_single/T2T18/workflow/rules/../scripts/cenplot_moddotplot.yaml         --options '{"hor": {"color_map_file": "/mnt/storage3b/projects/no_ngsd/ahthapp1_T2T_ONT/analysis_other/cenmap_single/T2T18/config/stv_annot_colors.tsv"}}' > results/11-moddotplot/combined/plots/chr1/T2T18_rc-chr1_haplotype1-0000022:120572286-130079532.yaml 2> logs/11-moddotplot/modify_moddotplot_cenplot_tracks_chr1_T2T18_rc-chr1_haplotype1-0000022:120572286-130079532.log
        

[Thu Jan  8 15:27:13 2026]
localrule modify_moddotplot_cenplot_tracks:
    input: results/11-moddotplot/combined/bed/chr21/T2T18_rc-chr21_haplotype2-0000064:125369-14751379/cdrs.bed, results/11-moddotplot/combined/bed/chr21/T2T18_rc-chr21_haplotype2-0000064:125369-14751379/sat_annot.bed, results/11-moddotplot/combined/bed/chr21/T2T18_rc-chr21_haplotype2-0000064:125369-14751379/ident.bedpe, results/11-moddotplot/combined/bed/chr21/T2T18_rc-chr21_haplotype2-0000064:125369-14751379/stv.bed, results/11-moddotplot/combined/bed/chr21/T2T18_rc-chr21_haplotype2-0000064:125369-14751379/methyl.bed
    output: results/11-moddotplot/combined/plots/chr21/T2T18_rc-chr21_haplotype2-0000064:125369-14751379.yaml
    log: logs/11-moddotplot/modify_moddotplot_cenplot_tracks_chr21_T2T18_rc-chr21_haplotype2-0000064:125369-14751379.log
    jobid: 1069
    reason: Input files updated by another job: results/11-moddotplot/combined/bed/chr21/T2T18_rc-chr21_haplotype2-0000064:125369-14751379/methyl.bed, results/11-moddotplot/combined/bed/chr21/T2T18_rc-chr21_haplotype2-0000064:125369-14751379/sat_annot.bed, results/11-moddotplot/combined/bed/chr21/T2T18_rc-chr21_haplotype2-0000064:125369-14751379/ident.bedpe, results/11-moddotplot/combined/bed/chr21/T2T18_rc-chr21_haplotype2-0000064:125369-14751379/cdrs.bed, results/11-moddotplot/combined/bed/chr21/T2T18_rc-chr21_haplotype2-0000064:125369-14751379/stv.bed
    wildcards: chr=chr21, fname=T2T18_rc-chr21_haplotype2-0000064:125369-14751379
    resources: mem_mb=8000, mem_mib=7630, disk_mb=1000, disk_mib=954, tmpdir=/tmp, mem=8GB
Shell command: 
        python /home/ukt.ad.local/ahgrosc1/.cache/snakemake/snakemake/source-cache/runtime-cache/tmpvv5_ue2g/file/mnt/storage3b/projects/no_ngsd/ahthapp1_T2T_ONT/analysis_other/cenmap_single/T2T18/workflow/rules/../scripts/format_cenplot_yaml.py         -i '{"cdr": "results/11-moddotplot/combined/bed/chr21/T2T18_rc-chr21_haplotype2-0000064:125369-14751379/cdrs.bed", "rm": "results/11-moddotplot/combined/bed/chr21/T2T18_rc-chr21_haplotype2-0000064:125369-14751379/sat_annot.bed", "ident": "results/11-moddotplot/combined/bed/chr21/T2T18_rc-chr21_haplotype2-0000064:125369-14751379/ident.bedpe", "stv": "results/11-moddotplot/combined/bed/chr21/T2T18_rc-chr21_haplotype2-0000064:125369-14751379/stv.bed", "methyl": "results/11-moddotplot/combined/bed/chr21/T2T18_rc-chr21_haplotype2-0000064:125369-14751379/methyl.bed"}'         -t /home/ukt.ad.local/ahgrosc1/.cache/snakemake/snakemake/source-cache/runtime-cache/tmpvv5_ue2g/file/mnt/storage3b/projects/no_ngsd/ahthapp1_T2T_ONT/analysis_other/cenmap_single/T2T18/workflow/rules/../scripts/cenplot_moddotplot.yaml         --options '{"hor": {"color_map_file": "/mnt/storage3b/projects/no_ngsd/ahthapp1_T2T_ONT/analysis_other/cenmap_single/T2T18/config/stv_annot_colors.tsv"}}' > results/11-moddotplot/combined/plots/chr21/T2T18_rc-chr21_haplotype2-0000064:125369-14751379.yaml 2> logs/11-moddotplot/modify_moddotplot_cenplot_tracks_chr21_T2T18_rc-chr21_haplotype2-0000064:125369-14751379.log
        

[Thu Jan  8 15:27:13 2026]
localrule modify_moddotplot_cenplot_tracks:
    input: results/11-moddotplot/combined/bed/chr18/T2T18_rc-chr18_haplotype1-0000014:14393263-22484728/cdrs.bed, results/11-moddotplot/combined/bed/chr18/T2T18_rc-chr18_haplotype1-0000014:14393263-22484728/sat_annot.bed, results/11-moddotplot/combined/bed/chr18/T2T18_rc-chr18_haplotype1-0000014:14393263-22484728/ident.bedpe, results/11-moddotplot/combined/bed/chr18/T2T18_rc-chr18_haplotype1-0000014:14393263-22484728/stv.bed, results/11-moddotplot/combined/bed/chr18/T2T18_rc-chr18_haplotype1-0000014:14393263-22484728/methyl.bed
    output: results/11-moddotplot/combined/plots/chr18/T2T18_rc-chr18_haplotype1-0000014:14393263-22484728.yaml
    log: logs/11-moddotplot/modify_moddotplot_cenplot_tracks_chr18_T2T18_rc-chr18_haplotype1-0000014:14393263-22484728.log
    jobid: 1038
    reason: Input files updated by another job: results/11-moddotplot/combined/bed/chr18/T2T18_rc-chr18_haplotype1-0000014:14393263-22484728/sat_annot.bed, results/11-moddotplot/combined/bed/chr18/T2T18_rc-chr18_haplotype1-0000014:14393263-22484728/cdrs.bed, results/11-moddotplot/combined/bed/chr18/T2T18_rc-chr18_haplotype1-0000014:14393263-22484728/stv.bed, results/11-moddotplot/combined/bed/chr18/T2T18_rc-chr18_haplotype1-0000014:14393263-22484728/ident.bedpe, results/11-moddotplot/combined/bed/chr18/T2T18_rc-chr18_haplotype1-0000014:14393263-22484728/methyl.bed
    wildcards: chr=chr18, fname=T2T18_rc-chr18_haplotype1-0000014:14393263-22484728
    resources: mem_mb=8000, mem_mib=7630, disk_mb=1000, disk_mib=954, tmpdir=/tmp, mem=8GB
Shell command: 
        python /home/ukt.ad.local/ahgrosc1/.cache/snakemake/snakemake/source-cache/runtime-cache/tmpvv5_ue2g/file/mnt/storage3b/projects/no_ngsd/ahthapp1_T2T_ONT/analysis_other/cenmap_single/T2T18/workflow/rules/../scripts/format_cenplot_yaml.py         -i '{"cdr": "results/11-moddotplot/combined/bed/chr18/T2T18_rc-chr18_haplotype1-0000014:14393263-22484728/cdrs.bed", "rm": "results/11-moddotplot/combined/bed/chr18/T2T18_rc-chr18_haplotype1-0000014:14393263-22484728/sat_annot.bed", "ident": "results/11-moddotplot/combined/bed/chr18/T2T18_rc-chr18_haplotype1-0000014:14393263-22484728/ident.bedpe", "stv": "results/11-moddotplot/combined/bed/chr18/T2T18_rc-chr18_haplotype1-0000014:14393263-22484728/stv.bed", "methyl": "results/11-moddotplot/combined/bed/chr18/T2T18_rc-chr18_haplotype1-0000014:14393263-22484728/methyl.bed"}'         -t /home/ukt.ad.local/ahgrosc1/.cache/snakemake/snakemake/source-cache/runtime-cache/tmpvv5_ue2g/file/mnt/storage3b/projects/no_ngsd/ahthapp1_T2T_ONT/analysis_other/cenmap_single/T2T18/workflow/rules/../scripts/cenplot_moddotplot.yaml         --options '{"hor": {"color_map_file": "/mnt/storage3b/projects/no_ngsd/ahthapp1_T2T_ONT/analysis_other/cenmap_single/T2T18/config/stv_annot_colors.tsv"}}' > results/11-moddotplot/combined/plots/chr18/T2T18_rc-chr18_haplotype1-0000014:14393263-22484728.yaml 2> logs/11-moddotplot/modify_moddotplot_cenplot_tracks_chr18_T2T18_rc-chr18_haplotype1-0000014:14393263-22484728.log
        
[Thu Jan  8 15:27:13 2026]
Finished jobid: 1058 (Rule: filter_annotations_moddotplot)
38 of 325 steps (12%) done
[Thu Jan  8 15:27:13 2026]
Finished jobid: 1078 (Rule: modify_moddotplot_cenplot_tracks)
39 of 325 steps (12%) done
Select jobs to execute...
Execute 2 jobs...

[Thu Jan  8 15:27:13 2026]
localrule plot_cen_moddotplot:
    input: results/11-moddotplot/combined/plots/chr22/T2T18_rc-chr22_haplotype1-0000006:1587387-16558516.yaml, results/11-moddotplot/combined/bed/chr22/T2T18_rc-chr22_haplotype1-0000006:1587387-16558516/sat_annot.bed, results/11-moddotplot/combined/bed/chr22/T2T18_rc-chr22_haplotype1-0000006:1587387-16558516/ident.bedpe, results/11-moddotplot/combined/bed/chr22/T2T18_rc-chr22_haplotype1-0000006:1587387-16558516/stv.bed, results/11-moddotplot/combined/bed/chr22/T2T18_rc-chr22_haplotype1-0000006:1587387-16558516/cdrs.bed, results/11-moddotplot/combined/bed/chr22/T2T18_rc-chr22_haplotype1-0000006:1587387-16558516/methyl.bed
    output: results/11-moddotplot/combined/plots/chr22/T2T18_rc-chr22_haplotype1-0000006:1587387-16558516.pdf, results/11-moddotplot/combined/plots/chr22/T2T18_rc-chr22_haplotype1-0000006:1587387-16558516.png
    log: logs/11-moddotplot/plot_moddotplot_chr22_T2T18_rc-chr22_haplotype1-0000006:1587387-16558516.log
    jobid: 1077
    reason: Input files updated by another job: results/11-moddotplot/combined/plots/chr22/T2T18_rc-chr22_haplotype1-0000006:1587387-16558516.yaml, results/11-moddotplot/combined/bed/chr22/T2T18_rc-chr22_haplotype1-0000006:1587387-16558516/methyl.bed, results/11-moddotplot/combined/bed/chr22/T2T18_rc-chr22_haplotype1-0000006:1587387-16558516/sat_annot.bed, results/11-moddotplot/combined/bed/chr22/T2T18_rc-chr22_haplotype1-0000006:1587387-16558516/stv.bed, results/11-moddotplot/combined/bed/chr22/T2T18_rc-chr22_haplotype1-0000006:1587387-16558516/ident.bedpe, results/11-moddotplot/combined/bed/chr22/T2T18_rc-chr22_haplotype1-0000006:1587387-16558516/cdrs.bed
    wildcards: chr=chr22, fname=T2T18_rc-chr22_haplotype1-0000006:1587387-16558516
    resources: mem_mb=8000, mem_mib=7630, disk_mb=1000, disk_mib=954, tmpdir=/tmp, mem=8GB
Shell command: 
        cenplot draw -t results/11-moddotplot/combined/plots/chr22/T2T18_rc-chr22_haplotype1-0000006:1587387-16558516.yaml -d results/11-moddotplot/combined/plots/chr22 -c T2T18_rc-chr22_haplotype1-0000006:1587387-16558516 -p 1 2> logs/11-moddotplot/plot_moddotplot_chr22_T2T18_rc-chr22_haplotype1-0000006:1587387-16558516.log
        

[Thu Jan  8 15:27:13 2026]
localrule modify_moddotplot_cenplot_tracks:
    input: results/11-moddotplot/combined/bed/chr20/T2T18_chr20_haplotype2-0000063:25340269-34779686/cdrs.bed, results/11-moddotplot/combined/bed/chr20/T2T18_chr20_haplotype2-0000063:25340269-34779686/sat_annot.bed, results/11-moddotplot/combined/bed/chr20/T2T18_chr20_haplotype2-0000063:25340269-34779686/ident.bedpe, results/11-moddotplot/combined/bed/chr20/T2T18_chr20_haplotype2-0000063:25340269-34779686/stv.bed, results/11-moddotplot/combined/bed/chr20/T2T18_chr20_haplotype2-0000063:25340269-34779686/methyl.bed
    output: results/11-moddotplot/combined/plots/chr20/T2T18_chr20_haplotype2-0000063:25340269-34779686.yaml
    log: logs/11-moddotplot/modify_moddotplot_cenplot_tracks_chr20_T2T18_chr20_haplotype2-0000063:25340269-34779686.log
    jobid: 1057
    reason: Input files updated by another job: results/11-moddotplot/combined/bed/chr20/T2T18_chr20_haplotype2-0000063:25340269-34779686/cdrs.bed, results/11-moddotplot/combined/bed/chr20/T2T18_chr20_haplotype2-0000063:25340269-34779686/sat_annot.bed, results/11-moddotplot/combined/bed/chr20/T2T18_chr20_haplotype2-0000063:25340269-34779686/methyl.bed, results/11-moddotplot/combined/bed/chr20/T2T18_chr20_haplotype2-0000063:25340269-34779686/stv.bed, results/11-moddotplot/combined/bed/chr20/T2T18_chr20_haplotype2-0000063:25340269-34779686/ident.bedpe
    wildcards: chr=chr20, fname=T2T18_chr20_haplotype2-0000063:25340269-34779686
    resources: mem_mb=8000, mem_mib=7630, disk_mb=1000, disk_mib=954, tmpdir=/tmp, mem=8GB
Shell command: 
        python /home/ukt.ad.local/ahgrosc1/.cache/snakemake/snakemake/source-cache/runtime-cache/tmpvv5_ue2g/file/mnt/storage3b/projects/no_ngsd/ahthapp1_T2T_ONT/analysis_other/cenmap_single/T2T18/workflow/rules/../scripts/format_cenplot_yaml.py         -i '{"cdr": "results/11-moddotplot/combined/bed/chr20/T2T18_chr20_haplotype2-0000063:25340269-34779686/cdrs.bed", "rm": "results/11-moddotplot/combined/bed/chr20/T2T18_chr20_haplotype2-0000063:25340269-34779686/sat_annot.bed", "ident": "results/11-moddotplot/combined/bed/chr20/T2T18_chr20_haplotype2-0000063:25340269-34779686/ident.bedpe", "stv": "results/11-moddotplot/combined/bed/chr20/T2T18_chr20_haplotype2-0000063:25340269-34779686/stv.bed", "methyl": "results/11-moddotplot/combined/bed/chr20/T2T18_chr20_haplotype2-0000063:25340269-34779686/methyl.bed"}'         -t /home/ukt.ad.local/ahgrosc1/.cache/snakemake/snakemake/source-cache/runtime-cache/tmpvv5_ue2g/file/mnt/storage3b/projects/no_ngsd/ahthapp1_T2T_ONT/analysis_other/cenmap_single/T2T18/workflow/rules/../scripts/cenplot_moddotplot.yaml         --options '{"hor": {"color_map_file": "/mnt/storage3b/projects/no_ngsd/ahthapp1_T2T_ONT/analysis_other/cenmap_single/T2T18/config/stv_annot_colors.tsv"}}' > results/11-moddotplot/combined/plots/chr20/T2T18_chr20_haplotype2-0000063:25340269-34779686.yaml 2> logs/11-moddotplot/modify_moddotplot_cenplot_tracks_chr20_T2T18_chr20_haplotype2-0000063:25340269-34779686.log
        
[Thu Jan  8 15:27:14 2026]
Finished jobid: 878 (Rule: modify_moddotplot_cenplot_tracks)
40 of 325 steps (12%) done
[Thu Jan  8 15:27:14 2026]
Finished jobid: 1069 (Rule: modify_moddotplot_cenplot_tracks)
41 of 325 steps (13%) done
[Thu Jan  8 15:27:14 2026]
Finished jobid: 1038 (Rule: modify_moddotplot_cenplot_tracks)
42 of 325 steps (13%) done
[Thu Jan  8 15:27:14 2026]
Finished jobid: 282 (Rule: calculate_as_hor_length)
43 of 325 steps (13%) done
Select jobs to execute...
Execute 4 jobs...

[Thu Jan  8 15:27:14 2026]
localrule filter_annotations_moddotplot:
    input: results/10-format_hor_stv/bed/chr18/stv_all.bed, results/8-format_repeatmasker_sat_annot/bed/all_cens.annotation.bed, results/8-cdr_finder/bed/all_cdrs.bed, results/8-cdr_finder/bed/all_binned_freq.bed, results/11-moddotplot/original/chr18/T2T18_rc-chr18_haplotype2-0000054:14392306-22188052/T2T18_rc-chr18_haplotype2-0000054:14392306-22188052.bed
    output: results/11-moddotplot/combined/bed/chr18/T2T18_rc-chr18_haplotype2-0000054:14392306-22188052/sat_annot.bed, results/11-moddotplot/combined/bed/chr18/T2T18_rc-chr18_haplotype2-0000054:14392306-22188052/ident.bedpe, results/11-moddotplot/combined/bed/chr18/T2T18_rc-chr18_haplotype2-0000054:14392306-22188052/stv.bed, results/11-moddotplot/combined/bed/chr18/T2T18_rc-chr18_haplotype2-0000054:14392306-22188052/cdrs.bed, results/11-moddotplot/combined/bed/chr18/T2T18_rc-chr18_haplotype2-0000054:14392306-22188052/methyl.bed
    jobid: 1042
    reason: Missing output files: results/11-moddotplot/combined/bed/chr18/T2T18_rc-chr18_haplotype2-0000054:14392306-22188052/ident.bedpe; Input files updated by another job: results/8-cdr_finder/bed/all_cdrs.bed, results/8-cdr_finder/bed/all_binned_freq.bed
    wildcards: chr=chr18, fname=T2T18_rc-chr18_haplotype2-0000054:14392306-22188052
    resources: mem_mb=8000, mem_mib=7630, disk_mb=1000, disk_mib=954, tmpdir=/tmp, mem=8GB
Shell command: 
        ( grep 'T2T18_rc-chr18_haplotype2-0000054:14392306-22188052' results/8-format_repeatmasker_sat_annot/bed/all_cens.annotation.bed || true ) > results/11-moddotplot/combined/bed/chr18/T2T18_rc-chr18_haplotype2-0000054:14392306-22188052/sat_annot.bed
        ( grep 'T2T18_rc-chr18_haplotype2-0000054:14392306-22188052' results/10-format_hor_stv/bed/chr18/stv_all.bed || true ) > results/11-moddotplot/combined/bed/chr18/T2T18_rc-chr18_haplotype2-0000054:14392306-22188052/stv.bed
        # Remove header.
        ln -s $(realpath results/11-moddotplot/original/chr18/T2T18_rc-chr18_haplotype2-0000054:14392306-22188052/T2T18_rc-chr18_haplotype2-0000054:14392306-22188052.bed) results/11-moddotplot/combined/bed/chr18/T2T18_rc-chr18_haplotype2-0000054:14392306-22188052/ident.bedpe
        if [ "True" != "False" ]; then
            ( grep 'T2T18_rc-chr18_haplotype2-0000054:14392306-22188052' results/8-cdr_finder/bed/all_cdrs.bed || true ) > results/11-moddotplot/combined/bed/chr18/T2T18_rc-chr18_haplotype2-0000054:14392306-22188052/cdrs.bed
            ( grep 'T2T18_rc-chr18_haplotype2-0000054:14392306-22188052' results/8-cdr_finder/bed/all_binned_freq.bed || true ) > results/11-moddotplot/combined/bed/chr18/T2T18_rc-chr18_haplotype2-0000054:14392306-22188052/methyl.bed
        else
            touch results/11-moddotplot/combined/bed/chr18/T2T18_rc-chr18_haplotype2-0000054:14392306-22188052/cdrs.bed
            touch results/11-moddotplot/combined/bed/chr18/T2T18_rc-chr18_haplotype2-0000054:14392306-22188052/methyl.bed
        fi
        

[Thu Jan  8 15:27:15 2026]
localrule plot_cen_moddotplot:
    input: results/11-moddotplot/combined/plots/chr21/T2T18_rc-chr21_haplotype2-0000064:125369-14751379.yaml, results/11-moddotplot/combined/bed/chr21/T2T18_rc-chr21_haplotype2-0000064:125369-14751379/sat_annot.bed, results/11-moddotplot/combined/bed/chr21/T2T18_rc-chr21_haplotype2-0000064:125369-14751379/ident.bedpe, results/11-moddotplot/combined/bed/chr21/T2T18_rc-chr21_haplotype2-0000064:125369-14751379/stv.bed, results/11-moddotplot/combined/bed/chr21/T2T18_rc-chr21_haplotype2-0000064:125369-14751379/cdrs.bed, results/11-moddotplot/combined/bed/chr21/T2T18_rc-chr21_haplotype2-0000064:125369-14751379/methyl.bed
    output: results/11-moddotplot/combined/plots/chr21/T2T18_rc-chr21_haplotype2-0000064:125369-14751379.pdf, results/11-moddotplot/combined/plots/chr21/T2T18_rc-chr21_haplotype2-0000064:125369-14751379.png
    log: logs/11-moddotplot/plot_moddotplot_chr21_T2T18_rc-chr21_haplotype2-0000064:125369-14751379.log
    jobid: 1068
    reason: Input files updated by another job: results/11-moddotplot/combined/bed/chr21/T2T18_rc-chr21_haplotype2-0000064:125369-14751379/methyl.bed, results/11-moddotplot/combined/bed/chr21/T2T18_rc-chr21_haplotype2-0000064:125369-14751379/sat_annot.bed, results/11-moddotplot/combined/bed/chr21/T2T18_rc-chr21_haplotype2-0000064:125369-14751379/ident.bedpe, results/11-moddotplot/combined/bed/chr21/T2T18_rc-chr21_haplotype2-0000064:125369-14751379/cdrs.bed, results/11-moddotplot/combined/plots/chr21/T2T18_rc-chr21_haplotype2-0000064:125369-14751379.yaml, results/11-moddotplot/combined/bed/chr21/T2T18_rc-chr21_haplotype2-0000064:125369-14751379/stv.bed
    wildcards: chr=chr21, fname=T2T18_rc-chr21_haplotype2-0000064:125369-14751379
    resources: mem_mb=8000, mem_mib=7630, disk_mb=1000, disk_mib=954, tmpdir=/tmp, mem=8GB
Shell command: 
        cenplot draw -t results/11-moddotplot/combined/plots/chr21/T2T18_rc-chr21_haplotype2-0000064:125369-14751379.yaml -d results/11-moddotplot/combined/plots/chr21 -c T2T18_rc-chr21_haplotype2-0000064:125369-14751379 -p 1 2> logs/11-moddotplot/plot_moddotplot_chr21_T2T18_rc-chr21_haplotype2-0000064:125369-14751379.log
        

[Thu Jan  8 15:27:15 2026]
localrule plot_cen_moddotplot:
    input: results/11-moddotplot/combined/plots/chr1/T2T18_rc-chr1_haplotype1-0000022:120572286-130079532.yaml, results/11-moddotplot/combined/bed/chr1/T2T18_rc-chr1_haplotype1-0000022:120572286-130079532/sat_annot.bed, results/11-moddotplot/combined/bed/chr1/T2T18_rc-chr1_haplotype1-0000022:120572286-130079532/ident.bedpe, results/11-moddotplot/combined/bed/chr1/T2T18_rc-chr1_haplotype1-0000022:120572286-130079532/stv.bed, results/11-moddotplot/combined/bed/chr1/T2T18_rc-chr1_haplotype1-0000022:120572286-130079532/cdrs.bed, results/11-moddotplot/combined/bed/chr1/T2T18_rc-chr1_haplotype1-0000022:120572286-130079532/methyl.bed
    output: results/11-moddotplot/combined/plots/chr1/T2T18_rc-chr1_haplotype1-0000022:120572286-130079532.pdf, results/11-moddotplot/combined/plots/chr1/T2T18_rc-chr1_haplotype1-0000022:120572286-130079532.png
    log: logs/11-moddotplot/plot_moddotplot_chr1_T2T18_rc-chr1_haplotype1-0000022:120572286-130079532.log
    jobid: 877
    reason: Input files updated by another job: results/11-moddotplot/combined/bed/chr1/T2T18_rc-chr1_haplotype1-0000022:120572286-130079532/stv.bed, results/11-moddotplot/combined/bed/chr1/T2T18_rc-chr1_haplotype1-0000022:120572286-130079532/cdrs.bed, results/11-moddotplot/combined/bed/chr1/T2T18_rc-chr1_haplotype1-0000022:120572286-130079532/methyl.bed, results/11-moddotplot/combined/plots/chr1/T2T18_rc-chr1_haplotype1-0000022:120572286-130079532.yaml, results/11-moddotplot/combined/bed/chr1/T2T18_rc-chr1_haplotype1-0000022:120572286-130079532/ident.bedpe, results/11-moddotplot/combined/bed/chr1/T2T18_rc-chr1_haplotype1-0000022:120572286-130079532/sat_annot.bed
    wildcards: chr=chr1, fname=T2T18_rc-chr1_haplotype1-0000022:120572286-130079532
    resources: mem_mb=8000, mem_mib=7630, disk_mb=1000, disk_mib=954, tmpdir=/tmp, mem=8GB
Shell command: 
        cenplot draw -t results/11-moddotplot/combined/plots/chr1/T2T18_rc-chr1_haplotype1-0000022:120572286-130079532.yaml -d results/11-moddotplot/combined/plots/chr1 -c T2T18_rc-chr1_haplotype1-0000022:120572286-130079532 -p 1 2> logs/11-moddotplot/plot_moddotplot_chr1_T2T18_rc-chr1_haplotype1-0000022:120572286-130079532.log
        

[Thu Jan  8 15:27:15 2026]
localrule plot_cen_moddotplot:
    input: results/11-moddotplot/combined/plots/chr18/T2T18_rc-chr18_haplotype1-0000014:14393263-22484728.yaml, results/11-moddotplot/combined/bed/chr18/T2T18_rc-chr18_haplotype1-0000014:14393263-22484728/sat_annot.bed, results/11-moddotplot/combined/bed/chr18/T2T18_rc-chr18_haplotype1-0000014:14393263-22484728/ident.bedpe, results/11-moddotplot/combined/bed/chr18/T2T18_rc-chr18_haplotype1-0000014:14393263-22484728/stv.bed, results/11-moddotplot/combined/bed/chr18/T2T18_rc-chr18_haplotype1-0000014:14393263-22484728/cdrs.bed, results/11-moddotplot/combined/bed/chr18/T2T18_rc-chr18_haplotype1-0000014:14393263-22484728/methyl.bed
    output: results/11-moddotplot/combined/plots/chr18/T2T18_rc-chr18_haplotype1-0000014:14393263-22484728.pdf, results/11-moddotplot/combined/plots/chr18/T2T18_rc-chr18_haplotype1-0000014:14393263-22484728.png
    log: logs/11-moddotplot/plot_moddotplot_chr18_T2T18_rc-chr18_haplotype1-0000014:14393263-22484728.log
    jobid: 1037
    reason: Input files updated by another job: results/11-moddotplot/combined/bed/chr18/T2T18_rc-chr18_haplotype1-0000014:14393263-22484728/sat_annot.bed, results/11-moddotplot/combined/plots/chr18/T2T18_rc-chr18_haplotype1-0000014:14393263-22484728.yaml, results/11-moddotplot/combined/bed/chr18/T2T18_rc-chr18_haplotype1-0000014:14393263-22484728/cdrs.bed, results/11-moddotplot/combined/bed/chr18/T2T18_rc-chr18_haplotype1-0000014:14393263-22484728/stv.bed, results/11-moddotplot/combined/bed/chr18/T2T18_rc-chr18_haplotype1-0000014:14393263-22484728/ident.bedpe, results/11-moddotplot/combined/bed/chr18/T2T18_rc-chr18_haplotype1-0000014:14393263-22484728/methyl.bed
    wildcards: chr=chr18, fname=T2T18_rc-chr18_haplotype1-0000014:14393263-22484728
    resources: mem_mb=8000, mem_mib=7630, disk_mb=1000, disk_mib=954, tmpdir=/tmp, mem=8GB
Shell command: 
        cenplot draw -t results/11-moddotplot/combined/plots/chr18/T2T18_rc-chr18_haplotype1-0000014:14393263-22484728.yaml -d results/11-moddotplot/combined/plots/chr18 -c T2T18_rc-chr18_haplotype1-0000014:14393263-22484728 -p 1 2> logs/11-moddotplot/plot_moddotplot_chr18_T2T18_rc-chr18_haplotype1-0000014:14393263-22484728.log
        
[Thu Jan  8 15:27:15 2026]
Finished jobid: 296 (Rule: calculate_as_hor_length)
44 of 325 steps (14%) done
[Thu Jan  8 15:27:15 2026]
Finished jobid: 1057 (Rule: modify_moddotplot_cenplot_tracks)
45 of 325 steps (14%) done
[Thu Jan  8 15:27:15 2026]
Finished jobid: 291 (Rule: calculate_as_hor_length)
46 of 325 steps (14%) done
[Thu Jan  8 15:27:16 2026]
Finished jobid: 297 (Rule: calculate_as_hor_length)
47 of 325 steps (14%) done
[Thu Jan  8 15:27:16 2026]
Finished jobid: 299 (Rule: calculate_as_hor_length)
48 of 325 steps (15%) done
[Thu Jan  8 15:27:16 2026]
Finished jobid: 280 (Rule: calculate_as_hor_length)
49 of 325 steps (15%) done
[Thu Jan  8 15:27:16 2026]
Finished jobid: 285 (Rule: calculate_as_hor_length)
50 of 325 steps (15%) done
[Thu Jan  8 15:27:16 2026]
Finished jobid: 281 (Rule: calculate_as_hor_length)
51 of 325 steps (16%) done
[Thu Jan  8 15:27:16 2026]
Finished jobid: 279 (Rule: calculate_as_hor_length)
52 of 325 steps (16%) done
[Thu Jan  8 15:27:16 2026]
Finished jobid: 284 (Rule: calculate_as_hor_length)
53 of 325 steps (16%) done
[Thu Jan  8 15:27:16 2026]
Finished jobid: 293 (Rule: calculate_as_hor_length)
54 of 325 steps (17%) done
[Thu Jan  8 15:27:16 2026]
Finished jobid: 292 (Rule: calculate_as_hor_length)
55 of 325 steps (17%) done
[Thu Jan  8 15:27:16 2026]
Finished jobid: 290 (Rule: calculate_as_hor_length)
56 of 325 steps (17%) done
[Thu Jan  8 15:27:16 2026]
Finished jobid: 286 (Rule: calculate_as_hor_length)
57 of 325 steps (18%) done
[Thu Jan  8 15:27:16 2026]
Finished jobid: 278 (Rule: calculate_as_hor_length)
58 of 325 steps (18%) done
[Thu Jan  8 15:27:16 2026]
Finished jobid: 287 (Rule: calculate_as_hor_length)
59 of 325 steps (18%) done
[Thu Jan  8 15:27:16 2026]
Finished jobid: 277 (Rule: calculate_as_hor_length)
60 of 325 steps (18%) done
[Thu Jan  8 15:27:16 2026]
Finished jobid: 295 (Rule: calculate_as_hor_length)
61 of 325 steps (19%) done
[Thu Jan  8 15:27:16 2026]
Finished jobid: 1042 (Rule: filter_annotations_moddotplot)
62 of 325 steps (19%) done
Select jobs to execute...
Execute 19 jobs...

[Thu Jan  8 15:27:16 2026]
localrule filter_annotations_moddotplot:
    input: results/10-format_hor_stv/bed/chr20/stv_all.bed, results/8-format_repeatmasker_sat_annot/bed/all_cens.annotation.bed, results/8-cdr_finder/bed/all_cdrs.bed, results/8-cdr_finder/bed/all_binned_freq.bed, results/11-moddotplot/original/chr20/T2T18_chr20_haplotype1-0000020:25335212-33443453/T2T18_chr20_haplotype1-0000020:25335212-33443453.bed
    output: results/11-moddotplot/combined/bed/chr20/T2T18_chr20_haplotype1-0000020:25335212-33443453/sat_annot.bed, results/11-moddotplot/combined/bed/chr20/T2T18_chr20_haplotype1-0000020:25335212-33443453/ident.bedpe, results/11-moddotplot/combined/bed/chr20/T2T18_chr20_haplotype1-0000020:25335212-33443453/stv.bed, results/11-moddotplot/combined/bed/chr20/T2T18_chr20_haplotype1-0000020:25335212-33443453/cdrs.bed, results/11-moddotplot/combined/bed/chr20/T2T18_chr20_haplotype1-0000020:25335212-33443453/methyl.bed
    jobid: 1055
    reason: Missing output files: results/11-moddotplot/combined/bed/chr20/T2T18_chr20_haplotype1-0000020:25335212-33443453/ident.bedpe; Input files updated by another job: results/8-cdr_finder/bed/all_cdrs.bed, results/8-cdr_finder/bed/all_binned_freq.bed
    wildcards: chr=chr20, fname=T2T18_chr20_haplotype1-0000020:25335212-33443453
    resources: mem_mb=8000, mem_mib=7630, disk_mb=1000, disk_mib=954, tmpdir=/tmp, mem=8GB
Shell command: 
        ( grep 'T2T18_chr20_haplotype1-0000020:25335212-33443453' results/8-format_repeatmasker_sat_annot/bed/all_cens.annotation.bed || true ) > results/11-moddotplot/combined/bed/chr20/T2T18_chr20_haplotype1-0000020:25335212-33443453/sat_annot.bed
        ( grep 'T2T18_chr20_haplotype1-0000020:25335212-33443453' results/10-format_hor_stv/bed/chr20/stv_all.bed || true ) > results/11-moddotplot/combined/bed/chr20/T2T18_chr20_haplotype1-0000020:25335212-33443453/stv.bed
        # Remove header.
        ln -s $(realpath results/11-moddotplot/original/chr20/T2T18_chr20_haplotype1-0000020:25335212-33443453/T2T18_chr20_haplotype1-0000020:25335212-33443453.bed) results/11-moddotplot/combined/bed/chr20/T2T18_chr20_haplotype1-0000020:25335212-33443453/ident.bedpe
        if [ "True" != "False" ]; then
            ( grep 'T2T18_chr20_haplotype1-0000020:25335212-33443453' results/8-cdr_finder/bed/all_cdrs.bed || true ) > results/11-moddotplot/combined/bed/chr20/T2T18_chr20_haplotype1-0000020:25335212-33443453/cdrs.bed
            ( grep 'T2T18_chr20_haplotype1-0000020:25335212-33443453' results/8-cdr_finder/bed/all_binned_freq.bed || true ) > results/11-moddotplot/combined/bed/chr20/T2T18_chr20_haplotype1-0000020:25335212-33443453/methyl.bed
        else
            touch results/11-moddotplot/combined/bed/chr20/T2T18_chr20_haplotype1-0000020:25335212-33443453/cdrs.bed
            touch results/11-moddotplot/combined/bed/chr20/T2T18_chr20_haplotype1-0000020:25335212-33443453/methyl.bed
        fi
        

[Thu Jan  8 15:27:16 2026]
localrule filter_annotations_moddotplot:
    input: results/10-format_hor_stv/bed/chr22/stv_all.bed, results/8-format_repeatmasker_sat_annot/bed/all_cens.annotation.bed, results/8-cdr_finder/bed/all_cdrs.bed, results/8-cdr_finder/bed/all_binned_freq.bed, results/11-moddotplot/original/chr22/T2T18_chr22_haplotype2-0000045:2-11064037/T2T18_chr22_haplotype2-0000045:2-11064037.bed
    output: results/11-moddotplot/combined/bed/chr22/T2T18_chr22_haplotype2-0000045:2-11064037/sat_annot.bed, results/11-moddotplot/combined/bed/chr22/T2T18_chr22_haplotype2-0000045:2-11064037/ident.bedpe, results/11-moddotplot/combined/bed/chr22/T2T18_chr22_haplotype2-0000045:2-11064037/stv.bed, results/11-moddotplot/combined/bed/chr22/T2T18_chr22_haplotype2-0000045:2-11064037/cdrs.bed, results/11-moddotplot/combined/bed/chr22/T2T18_chr22_haplotype2-0000045:2-11064037/methyl.bed
    jobid: 1082
    reason: Missing output files: results/11-moddotplot/combined/bed/chr22/T2T18_chr22_haplotype2-0000045:2-11064037/ident.bedpe; Input files updated by another job: results/8-cdr_finder/bed/all_cdrs.bed, results/8-cdr_finder/bed/all_binned_freq.bed
    wildcards: chr=chr22, fname=T2T18_chr22_haplotype2-0000045:2-11064037
    resources: mem_mb=8000, mem_mib=7630, disk_mb=1000, disk_mib=954, tmpdir=/tmp, mem=8GB
Shell command: 
        ( grep 'T2T18_chr22_haplotype2-0000045:2-11064037' results/8-format_repeatmasker_sat_annot/bed/all_cens.annotation.bed || true ) > results/11-moddotplot/combined/bed/chr22/T2T18_chr22_haplotype2-0000045:2-11064037/sat_annot.bed
        ( grep 'T2T18_chr22_haplotype2-0000045:2-11064037' results/10-format_hor_stv/bed/chr22/stv_all.bed || true ) > results/11-moddotplot/combined/bed/chr22/T2T18_chr22_haplotype2-0000045:2-11064037/stv.bed
        # Remove header.
        ln -s $(realpath results/11-moddotplot/original/chr22/T2T18_chr22_haplotype2-0000045:2-11064037/T2T18_chr22_haplotype2-0000045:2-11064037.bed) results/11-moddotplot/combined/bed/chr22/T2T18_chr22_haplotype2-0000045:2-11064037/ident.bedpe
        if [ "True" != "False" ]; then
            ( grep 'T2T18_chr22_haplotype2-0000045:2-11064037' results/8-cdr_finder/bed/all_cdrs.bed || true ) > results/11-moddotplot/combined/bed/chr22/T2T18_chr22_haplotype2-0000045:2-11064037/cdrs.bed
            ( grep 'T2T18_chr22_haplotype2-0000045:2-11064037' results/8-cdr_finder/bed/all_binned_freq.bed || true ) > results/11-moddotplot/combined/bed/chr22/T2T18_chr22_haplotype2-0000045:2-11064037/methyl.bed
        else
            touch results/11-moddotplot/combined/bed/chr22/T2T18_chr22_haplotype2-0000045:2-11064037/cdrs.bed
            touch results/11-moddotplot/combined/bed/chr22/T2T18_chr22_haplotype2-0000045:2-11064037/methyl.bed
        fi
        

[Thu Jan  8 15:27:16 2026]
localrule plot_cen_moddotplot:
    input: results/11-moddotplot/combined/plots/chr20/T2T18_chr20_haplotype2-0000063:25340269-34779686.yaml, results/11-moddotplot/combined/bed/chr20/T2T18_chr20_haplotype2-0000063:25340269-34779686/sat_annot.bed, results/11-moddotplot/combined/bed/chr20/T2T18_chr20_haplotype2-0000063:25340269-34779686/ident.bedpe, results/11-moddotplot/combined/bed/chr20/T2T18_chr20_haplotype2-0000063:25340269-34779686/stv.bed, results/11-moddotplot/combined/bed/chr20/T2T18_chr20_haplotype2-0000063:25340269-34779686/cdrs.bed, results/11-moddotplot/combined/bed/chr20/T2T18_chr20_haplotype2-0000063:25340269-34779686/methyl.bed
    output: results/11-moddotplot/combined/plots/chr20/T2T18_chr20_haplotype2-0000063:25340269-34779686.pdf, results/11-moddotplot/combined/plots/chr20/T2T18_chr20_haplotype2-0000063:25340269-34779686.png
    log: logs/11-moddotplot/plot_moddotplot_chr20_T2T18_chr20_haplotype2-0000063:25340269-34779686.log
    jobid: 1056
    reason: Input files updated by another job: results/11-moddotplot/combined/bed/chr20/T2T18_chr20_haplotype2-0000063:25340269-34779686/sat_annot.bed, results/11-moddotplot/combined/bed/chr20/T2T18_chr20_haplotype2-0000063:25340269-34779686/cdrs.bed, results/11-moddotplot/combined/plots/chr20/T2T18_chr20_haplotype2-0000063:25340269-34779686.yaml, results/11-moddotplot/combined/bed/chr20/T2T18_chr20_haplotype2-0000063:25340269-34779686/methyl.bed, results/11-moddotplot/combined/bed/chr20/T2T18_chr20_haplotype2-0000063:25340269-34779686/stv.bed, results/11-moddotplot/combined/bed/chr20/T2T18_chr20_haplotype2-0000063:25340269-34779686/ident.bedpe
    wildcards: chr=chr20, fname=T2T18_chr20_haplotype2-0000063:25340269-34779686
    resources: mem_mb=8000, mem_mib=7630, disk_mb=1000, disk_mib=954, tmpdir=/tmp, mem=8GB
Shell command: 
        cenplot draw -t results/11-moddotplot/combined/plots/chr20/T2T18_chr20_haplotype2-0000063:25340269-34779686.yaml -d results/11-moddotplot/combined/plots/chr20 -c T2T18_chr20_haplotype2-0000063:25340269-34779686 -p 1 2> logs/11-moddotplot/plot_moddotplot_chr20_T2T18_chr20_haplotype2-0000063:25340269-34779686.log
        

[Thu Jan  8 15:27:16 2026]
localrule filter_annotations_moddotplot:
    input: results/10-format_hor_stv/bed/chr6/stv_all.bed, results/8-format_repeatmasker_sat_annot/bed/all_cens.annotation.bed, results/8-cdr_finder/bed/all_cdrs.bed, results/8-cdr_finder/bed/all_binned_freq.bed, results/11-moddotplot/original/chr6/T2T18_rc-chr6_haplotype1-0000009:57407496-65427129/T2T18_rc-chr6_haplotype1-0000009:57407496-65427129.bed
    output: results/11-moddotplot/combined/bed/chr6/T2T18_rc-chr6_haplotype1-0000009:57407496-65427129/sat_annot.bed, results/11-moddotplot/combined/bed/chr6/T2T18_rc-chr6_haplotype1-0000009:57407496-65427129/ident.bedpe, results/11-moddotplot/combined/bed/chr6/T2T18_rc-chr6_haplotype1-0000009:57407496-65427129/stv.bed, results/11-moddotplot/combined/bed/chr6/T2T18_rc-chr6_haplotype1-0000009:57407496-65427129/cdrs.bed, results/11-moddotplot/combined/bed/chr6/T2T18_rc-chr6_haplotype1-0000009:57407496-65427129/methyl.bed
    jobid: 927
    reason: Missing output files: results/11-moddotplot/combined/bed/chr6/T2T18_rc-chr6_haplotype1-0000009:57407496-65427129/ident.bedpe; Input files updated by another job: results/8-cdr_finder/bed/all_cdrs.bed, results/8-cdr_finder/bed/all_binned_freq.bed
    wildcards: chr=chr6, fname=T2T18_rc-chr6_haplotype1-0000009:57407496-65427129
    resources: mem_mb=8000, mem_mib=7630, disk_mb=1000, disk_mib=954, tmpdir=/tmp, mem=8GB
Shell command: 
        ( grep 'T2T18_rc-chr6_haplotype1-0000009:57407496-65427129' results/8-format_repeatmasker_sat_annot/bed/all_cens.annotation.bed || true ) > results/11-moddotplot/combined/bed/chr6/T2T18_rc-chr6_haplotype1-0000009:57407496-65427129/sat_annot.bed
        ( grep 'T2T18_rc-chr6_haplotype1-0000009:57407496-65427129' results/10-format_hor_stv/bed/chr6/stv_all.bed || true ) > results/11-moddotplot/combined/bed/chr6/T2T18_rc-chr6_haplotype1-0000009:57407496-65427129/stv.bed
        # Remove header.
        ln -s $(realpath results/11-moddotplot/original/chr6/T2T18_rc-chr6_haplotype1-0000009:57407496-65427129/T2T18_rc-chr6_haplotype1-0000009:57407496-65427129.bed) results/11-moddotplot/combined/bed/chr6/T2T18_rc-chr6_haplotype1-0000009:57407496-65427129/ident.bedpe
        if [ "True" != "False" ]; then
            ( grep 'T2T18_rc-chr6_haplotype1-0000009:57407496-65427129' results/8-cdr_finder/bed/all_cdrs.bed || true ) > results/11-moddotplot/combined/bed/chr6/T2T18_rc-chr6_haplotype1-0000009:57407496-65427129/cdrs.bed
            ( grep 'T2T18_rc-chr6_haplotype1-0000009:57407496-65427129' results/8-cdr_finder/bed/all_binned_freq.bed || true ) > results/11-moddotplot/combined/bed/chr6/T2T18_rc-chr6_haplotype1-0000009:57407496-65427129/methyl.bed
        else
            touch results/11-moddotplot/combined/bed/chr6/T2T18_rc-chr6_haplotype1-0000009:57407496-65427129/cdrs.bed
            touch results/11-moddotplot/combined/bed/chr6/T2T18_rc-chr6_haplotype1-0000009:57407496-65427129/methyl.bed
        fi
        

[Thu Jan  8 15:27:16 2026]
localrule filter_annotations_moddotplot:
    input: results/10-format_hor_stv/bed/chr7/stv_all.bed, results/8-format_repeatmasker_sat_annot/bed/all_cens.annotation.bed, results/8-cdr_finder/bed/all_cdrs.bed, results/8-cdr_finder/bed/all_binned_freq.bed, results/11-moddotplot/original/chr7/T2T18_rc-chr7_haplotype2-0000044:57057119-64823739/T2T18_rc-chr7_haplotype2-0000044:57057119-64823739.bed
    output: results/11-moddotplot/combined/bed/chr7/T2T18_rc-chr7_haplotype2-0000044:57057119-64823739/sat_annot.bed, results/11-moddotplot/combined/bed/chr7/T2T18_rc-chr7_haplotype2-0000044:57057119-64823739/ident.bedpe, results/11-moddotplot/combined/bed/chr7/T2T18_rc-chr7_haplotype2-0000044:57057119-64823739/stv.bed, results/11-moddotplot/combined/bed/chr7/T2T18_rc-chr7_haplotype2-0000044:57057119-64823739/cdrs.bed, results/11-moddotplot/combined/bed/chr7/T2T18_rc-chr7_haplotype2-0000044:57057119-64823739/methyl.bed
    jobid: 938
    reason: Missing output files: results/11-moddotplot/combined/bed/chr7/T2T18_rc-chr7_haplotype2-0000044:57057119-64823739/ident.bedpe; Input files updated by another job: results/8-cdr_finder/bed/all_cdrs.bed, results/8-cdr_finder/bed/all_binned_freq.bed
    wildcards: chr=chr7, fname=T2T18_rc-chr7_haplotype2-0000044:57057119-64823739
    resources: mem_mb=8000, mem_mib=7630, disk_mb=1000, disk_mib=954, tmpdir=/tmp, mem=8GB
Shell command: 
        ( grep 'T2T18_rc-chr7_haplotype2-0000044:57057119-64823739' results/8-format_repeatmasker_sat_annot/bed/all_cens.annotation.bed || true ) > results/11-moddotplot/combined/bed/chr7/T2T18_rc-chr7_haplotype2-0000044:57057119-64823739/sat_annot.bed
        ( grep 'T2T18_rc-chr7_haplotype2-0000044:57057119-64823739' results/10-format_hor_stv/bed/chr7/stv_all.bed || true ) > results/11-moddotplot/combined/bed/chr7/T2T18_rc-chr7_haplotype2-0000044:57057119-64823739/stv.bed
        # Remove header.
        ln -s $(realpath results/11-moddotplot/original/chr7/T2T18_rc-chr7_haplotype2-0000044:57057119-64823739/T2T18_rc-chr7_haplotype2-0000044:57057119-64823739.bed) results/11-moddotplot/combined/bed/chr7/T2T18_rc-chr7_haplotype2-0000044:57057119-64823739/ident.bedpe
        if [ "True" != "False" ]; then
            ( grep 'T2T18_rc-chr7_haplotype2-0000044:57057119-64823739' results/8-cdr_finder/bed/all_cdrs.bed || true ) > results/11-moddotplot/combined/bed/chr7/T2T18_rc-chr7_haplotype2-0000044:57057119-64823739/cdrs.bed
            ( grep 'T2T18_rc-chr7_haplotype2-0000044:57057119-64823739' results/8-cdr_finder/bed/all_binned_freq.bed || true ) > results/11-moddotplot/combined/bed/chr7/T2T18_rc-chr7_haplotype2-0000044:57057119-64823739/methyl.bed
        else
            touch results/11-moddotplot/combined/bed/chr7/T2T18_rc-chr7_haplotype2-0000044:57057119-64823739/cdrs.bed
            touch results/11-moddotplot/combined/bed/chr7/T2T18_rc-chr7_haplotype2-0000044:57057119-64823739/methyl.bed
        fi
        

[Thu Jan  8 15:27:16 2026]
localrule filter_annotations_moddotplot:
    input: results/10-format_hor_stv/bed/chr19/stv_all.bed, results/8-format_repeatmasker_sat_annot/bed/all_cens.annotation.bed, results/8-cdr_finder/bed/all_cdrs.bed, results/8-cdr_finder/bed/all_binned_freq.bed, results/11-moddotplot/original/chr19/T2T18_chr19_haplotype2-0000043:23575679-31033340/T2T18_chr19_haplotype2-0000043:23575679-31033340.bed
    output: results/11-moddotplot/combined/bed/chr19/T2T18_chr19_haplotype2-0000043:23575679-31033340/sat_annot.bed, results/11-moddotplot/combined/bed/chr19/T2T18_chr19_haplotype2-0000043:23575679-31033340/ident.bedpe, results/11-moddotplot/combined/bed/chr19/T2T18_chr19_haplotype2-0000043:23575679-31033340/stv.bed, results/11-moddotplot/combined/bed/chr19/T2T18_chr19_haplotype2-0000043:23575679-31033340/cdrs.bed, results/11-moddotplot/combined/bed/chr19/T2T18_chr19_haplotype2-0000043:23575679-31033340/methyl.bed
    jobid: 1050
    reason: Missing output files: results/11-moddotplot/combined/bed/chr19/T2T18_chr19_haplotype2-0000043:23575679-31033340/ident.bedpe; Input files updated by another job: results/8-cdr_finder/bed/all_cdrs.bed, results/8-cdr_finder/bed/all_binned_freq.bed
    wildcards: chr=chr19, fname=T2T18_chr19_haplotype2-0000043:23575679-31033340
    resources: mem_mb=8000, mem_mib=7630, disk_mb=1000, disk_mib=954, tmpdir=/tmp, mem=8GB
Shell command: 
        ( grep 'T2T18_chr19_haplotype2-0000043:23575679-31033340' results/8-format_repeatmasker_sat_annot/bed/all_cens.annotation.bed || true ) > results/11-moddotplot/combined/bed/chr19/T2T18_chr19_haplotype2-0000043:23575679-31033340/sat_annot.bed
        ( grep 'T2T18_chr19_haplotype2-0000043:23575679-31033340' results/10-format_hor_stv/bed/chr19/stv_all.bed || true ) > results/11-moddotplot/combined/bed/chr19/T2T18_chr19_haplotype2-0000043:23575679-31033340/stv.bed
        # Remove header.
        ln -s $(realpath results/11-moddotplot/original/chr19/T2T18_chr19_haplotype2-0000043:23575679-31033340/T2T18_chr19_haplotype2-0000043:23575679-31033340.bed) results/11-moddotplot/combined/bed/chr19/T2T18_chr19_haplotype2-0000043:23575679-31033340/ident.bedpe
        if [ "True" != "False" ]; then
            ( grep 'T2T18_chr19_haplotype2-0000043:23575679-31033340' results/8-cdr_finder/bed/all_cdrs.bed || true ) > results/11-moddotplot/combined/bed/chr19/T2T18_chr19_haplotype2-0000043:23575679-31033340/cdrs.bed
            ( grep 'T2T18_chr19_haplotype2-0000043:23575679-31033340' results/8-cdr_finder/bed/all_binned_freq.bed || true ) > results/11-moddotplot/combined/bed/chr19/T2T18_chr19_haplotype2-0000043:23575679-31033340/methyl.bed
        else
            touch results/11-moddotplot/combined/bed/chr19/T2T18_chr19_haplotype2-0000043:23575679-31033340/cdrs.bed
            touch results/11-moddotplot/combined/bed/chr19/T2T18_chr19_haplotype2-0000043:23575679-31033340/methyl.bed
        fi
        

[Thu Jan  8 15:27:17 2026]
localrule filter_annotations_moddotplot:
    input: results/10-format_hor_stv/bed/chr5/stv_all.bed, results/8-format_repeatmasker_sat_annot/bed/all_cens.annotation.bed, results/8-cdr_finder/bed/all_cdrs.bed, results/8-cdr_finder/bed/all_binned_freq.bed, results/11-moddotplot/original/chr5/T2T18_chr5_haplotype2-0000053:45230356-52066293/T2T18_chr5_haplotype2-0000053:45230356-52066293.bed
    output: results/11-moddotplot/combined/bed/chr5/T2T18_chr5_haplotype2-0000053:45230356-52066293/sat_annot.bed, results/11-moddotplot/combined/bed/chr5/T2T18_chr5_haplotype2-0000053:45230356-52066293/ident.bedpe, results/11-moddotplot/combined/bed/chr5/T2T18_chr5_haplotype2-0000053:45230356-52066293/stv.bed, results/11-moddotplot/combined/bed/chr5/T2T18_chr5_haplotype2-0000053:45230356-52066293/cdrs.bed, results/11-moddotplot/combined/bed/chr5/T2T18_chr5_haplotype2-0000053:45230356-52066293/methyl.bed
    jobid: 922
    reason: Missing output files: results/11-moddotplot/combined/bed/chr5/T2T18_chr5_haplotype2-0000053:45230356-52066293/ident.bedpe; Input files updated by another job: results/8-cdr_finder/bed/all_cdrs.bed, results/8-cdr_finder/bed/all_binned_freq.bed
    wildcards: chr=chr5, fname=T2T18_chr5_haplotype2-0000053:45230356-52066293
    resources: mem_mb=8000, mem_mib=7630, disk_mb=1000, disk_mib=954, tmpdir=/tmp, mem=8GB
Shell command: 
        ( grep 'T2T18_chr5_haplotype2-0000053:45230356-52066293' results/8-format_repeatmasker_sat_annot/bed/all_cens.annotation.bed || true ) > results/11-moddotplot/combined/bed/chr5/T2T18_chr5_haplotype2-0000053:45230356-52066293/sat_annot.bed
        ( grep 'T2T18_chr5_haplotype2-0000053:45230356-52066293' results/10-format_hor_stv/bed/chr5/stv_all.bed || true ) > results/11-moddotplot/combined/bed/chr5/T2T18_chr5_haplotype2-0000053:45230356-52066293/stv.bed
        # Remove header.
        ln -s $(realpath results/11-moddotplot/original/chr5/T2T18_chr5_haplotype2-0000053:45230356-52066293/T2T18_chr5_haplotype2-0000053:45230356-52066293.bed) results/11-moddotplot/combined/bed/chr5/T2T18_chr5_haplotype2-0000053:45230356-52066293/ident.bedpe
        if [ "True" != "False" ]; then
            ( grep 'T2T18_chr5_haplotype2-0000053:45230356-52066293' results/8-cdr_finder/bed/all_cdrs.bed || true ) > results/11-moddotplot/combined/bed/chr5/T2T18_chr5_haplotype2-0000053:45230356-52066293/cdrs.bed
            ( grep 'T2T18_chr5_haplotype2-0000053:45230356-52066293' results/8-cdr_finder/bed/all_binned_freq.bed || true ) > results/11-moddotplot/combined/bed/chr5/T2T18_chr5_haplotype2-0000053:45230356-52066293/methyl.bed
        else
            touch results/11-moddotplot/combined/bed/chr5/T2T18_chr5_haplotype2-0000053:45230356-52066293/cdrs.bed
            touch results/11-moddotplot/combined/bed/chr5/T2T18_chr5_haplotype2-0000053:45230356-52066293/methyl.bed
        fi
        

[Thu Jan  8 15:27:17 2026]
localrule filter_annotations_moddotplot:
    input: results/10-format_hor_stv/bed/chr11/stv_all.bed, results/8-format_repeatmasker_sat_annot/bed/all_cens.annotation.bed, results/8-cdr_finder/bed/all_cdrs.bed, results/8-cdr_finder/bed/all_binned_freq.bed, results/11-moddotplot/original/chr11/T2T18_rc-chr11_haplotype2-0000041:47767471-56558996/T2T18_rc-chr11_haplotype2-0000041:47767471-56558996.bed
    output: results/11-moddotplot/combined/bed/chr11/T2T18_rc-chr11_haplotype2-0000041:47767471-56558996/sat_annot.bed, results/11-moddotplot/combined/bed/chr11/T2T18_rc-chr11_haplotype2-0000041:47767471-56558996/ident.bedpe, results/11-moddotplot/combined/bed/chr11/T2T18_rc-chr11_haplotype2-0000041:47767471-56558996/stv.bed, results/11-moddotplot/combined/bed/chr11/T2T18_rc-chr11_haplotype2-0000041:47767471-56558996/cdrs.bed, results/11-moddotplot/combined/bed/chr11/T2T18_rc-chr11_haplotype2-0000041:47767471-56558996/methyl.bed
    jobid: 978
    reason: Missing output files: results/11-moddotplot/combined/bed/chr11/T2T18_rc-chr11_haplotype2-0000041:47767471-56558996/ident.bedpe; Input files updated by another job: results/8-cdr_finder/bed/all_cdrs.bed, results/8-cdr_finder/bed/all_binned_freq.bed
    wildcards: chr=chr11, fname=T2T18_rc-chr11_haplotype2-0000041:47767471-56558996
    resources: mem_mb=8000, mem_mib=7630, disk_mb=1000, disk_mib=954, tmpdir=/tmp, mem=8GB
Shell command: 
        ( grep 'T2T18_rc-chr11_haplotype2-0000041:47767471-56558996' results/8-format_repeatmasker_sat_annot/bed/all_cens.annotation.bed || true ) > results/11-moddotplot/combined/bed/chr11/T2T18_rc-chr11_haplotype2-0000041:47767471-56558996/sat_annot.bed
        ( grep 'T2T18_rc-chr11_haplotype2-0000041:47767471-56558996' results/10-format_hor_stv/bed/chr11/stv_all.bed || true ) > results/11-moddotplot/combined/bed/chr11/T2T18_rc-chr11_haplotype2-0000041:47767471-56558996/stv.bed
        # Remove header.
        ln -s $(realpath results/11-moddotplot/original/chr11/T2T18_rc-chr11_haplotype2-0000041:47767471-56558996/T2T18_rc-chr11_haplotype2-0000041:47767471-56558996.bed) results/11-moddotplot/combined/bed/chr11/T2T18_rc-chr11_haplotype2-0000041:47767471-56558996/ident.bedpe
        if [ "True" != "False" ]; then
            ( grep 'T2T18_rc-chr11_haplotype2-0000041:47767471-56558996' results/8-cdr_finder/bed/all_cdrs.bed || true ) > results/11-moddotplot/combined/bed/chr11/T2T18_rc-chr11_haplotype2-0000041:47767471-56558996/cdrs.bed
            ( grep 'T2T18_rc-chr11_haplotype2-0000041:47767471-56558996' results/8-cdr_finder/bed/all_binned_freq.bed || true ) > results/11-moddotplot/combined/bed/chr11/T2T18_rc-chr11_haplotype2-0000041:47767471-56558996/methyl.bed
        else
            touch results/11-moddotplot/combined/bed/chr11/T2T18_rc-chr11_haplotype2-0000041:47767471-56558996/cdrs.bed
            touch results/11-moddotplot/combined/bed/chr11/T2T18_rc-chr11_haplotype2-0000041:47767471-56558996/methyl.bed
        fi
        

[Thu Jan  8 15:27:17 2026]
localrule filter_annotations_moddotplot:
    input: results/10-format_hor_stv/bed/chr7/stv_all.bed, results/8-format_repeatmasker_sat_annot/bed/all_cens.annotation.bed, results/8-cdr_finder/bed/all_cdrs.bed, results/8-cdr_finder/bed/all_binned_freq.bed, results/11-moddotplot/original/chr7/T2T18_rc-chr7_haplotype1-0000005:57184703-65589918/T2T18_rc-chr7_haplotype1-0000005:57184703-65589918.bed
    output: results/11-moddotplot/combined/bed/chr7/T2T18_rc-chr7_haplotype1-0000005:57184703-65589918/sat_annot.bed, results/11-moddotplot/combined/bed/chr7/T2T18_rc-chr7_haplotype1-0000005:57184703-65589918/ident.bedpe, results/11-moddotplot/combined/bed/chr7/T2T18_rc-chr7_haplotype1-0000005:57184703-65589918/stv.bed, results/11-moddotplot/combined/bed/chr7/T2T18_rc-chr7_haplotype1-0000005:57184703-65589918/cdrs.bed, results/11-moddotplot/combined/bed/chr7/T2T18_rc-chr7_haplotype1-0000005:57184703-65589918/methyl.bed
    jobid: 935
    reason: Missing output files: results/11-moddotplot/combined/bed/chr7/T2T18_rc-chr7_haplotype1-0000005:57184703-65589918/ident.bedpe; Input files updated by another job: results/8-cdr_finder/bed/all_cdrs.bed, results/8-cdr_finder/bed/all_binned_freq.bed
    wildcards: chr=chr7, fname=T2T18_rc-chr7_haplotype1-0000005:57184703-65589918
    resources: mem_mb=8000, mem_mib=7630, disk_mb=1000, disk_mib=954, tmpdir=/tmp, mem=8GB
Shell command: 
        ( grep 'T2T18_rc-chr7_haplotype1-0000005:57184703-65589918' results/8-format_repeatmasker_sat_annot/bed/all_cens.annotation.bed || true ) > results/11-moddotplot/combined/bed/chr7/T2T18_rc-chr7_haplotype1-0000005:57184703-65589918/sat_annot.bed
        ( grep 'T2T18_rc-chr7_haplotype1-0000005:57184703-65589918' results/10-format_hor_stv/bed/chr7/stv_all.bed || true ) > results/11-moddotplot/combined/bed/chr7/T2T18_rc-chr7_haplotype1-0000005:57184703-65589918/stv.bed
        # Remove header.
        ln -s $(realpath results/11-moddotplot/original/chr7/T2T18_rc-chr7_haplotype1-0000005:57184703-65589918/T2T18_rc-chr7_haplotype1-0000005:57184703-65589918.bed) results/11-moddotplot/combined/bed/chr7/T2T18_rc-chr7_haplotype1-0000005:57184703-65589918/ident.bedpe
        if [ "True" != "False" ]; then
            ( grep 'T2T18_rc-chr7_haplotype1-0000005:57184703-65589918' results/8-cdr_finder/bed/all_cdrs.bed || true ) > results/11-moddotplot/combined/bed/chr7/T2T18_rc-chr7_haplotype1-0000005:57184703-65589918/cdrs.bed
            ( grep 'T2T18_rc-chr7_haplotype1-0000005:57184703-65589918' results/8-cdr_finder/bed/all_binned_freq.bed || true ) > results/11-moddotplot/combined/bed/chr7/T2T18_rc-chr7_haplotype1-0000005:57184703-65589918/methyl.bed
        else
            touch results/11-moddotplot/combined/bed/chr7/T2T18_rc-chr7_haplotype1-0000005:57184703-65589918/cdrs.bed
            touch results/11-moddotplot/combined/bed/chr7/T2T18_rc-chr7_haplotype1-0000005:57184703-65589918/methyl.bed
        fi
        

[Thu Jan  8 15:27:17 2026]
localrule filter_annotations_moddotplot:
    input: results/10-format_hor_stv/bed/chr19/stv_all.bed, results/8-format_repeatmasker_sat_annot/bed/all_cens.annotation.bed, results/8-cdr_finder/bed/all_cdrs.bed, results/8-cdr_finder/bed/all_binned_freq.bed, results/11-moddotplot/original/chr19/T2T18_chr19_haplotype1-0000004:23562757-30502428/T2T18_chr19_haplotype1-0000004:23562757-30502428.bed
    output: results/11-moddotplot/combined/bed/chr19/T2T18_chr19_haplotype1-0000004:23562757-30502428/sat_annot.bed, results/11-moddotplot/combined/bed/chr19/T2T18_chr19_haplotype1-0000004:23562757-30502428/ident.bedpe, results/11-moddotplot/combined/bed/chr19/T2T18_chr19_haplotype1-0000004:23562757-30502428/stv.bed, results/11-moddotplot/combined/bed/chr19/T2T18_chr19_haplotype1-0000004:23562757-30502428/cdrs.bed, results/11-moddotplot/combined/bed/chr19/T2T18_chr19_haplotype1-0000004:23562757-30502428/methyl.bed
    jobid: 1047
    reason: Missing output files: results/11-moddotplot/combined/bed/chr19/T2T18_chr19_haplotype1-0000004:23562757-30502428/ident.bedpe; Input files updated by another job: results/8-cdr_finder/bed/all_cdrs.bed, results/8-cdr_finder/bed/all_binned_freq.bed
    wildcards: chr=chr19, fname=T2T18_chr19_haplotype1-0000004:23562757-30502428
    resources: mem_mb=8000, mem_mib=7630, disk_mb=1000, disk_mib=954, tmpdir=/tmp, mem=8GB
Shell command: 
        ( grep 'T2T18_chr19_haplotype1-0000004:23562757-30502428' results/8-format_repeatmasker_sat_annot/bed/all_cens.annotation.bed || true ) > results/11-moddotplot/combined/bed/chr19/T2T18_chr19_haplotype1-0000004:23562757-30502428/sat_annot.bed
        ( grep 'T2T18_chr19_haplotype1-0000004:23562757-30502428' results/10-format_hor_stv/bed/chr19/stv_all.bed || true ) > results/11-moddotplot/combined/bed/chr19/T2T18_chr19_haplotype1-0000004:23562757-30502428/stv.bed
        # Remove header.
        ln -s $(realpath results/11-moddotplot/original/chr19/T2T18_chr19_haplotype1-0000004:23562757-30502428/T2T18_chr19_haplotype1-0000004:23562757-30502428.bed) results/11-moddotplot/combined/bed/chr19/T2T18_chr19_haplotype1-0000004:23562757-30502428/ident.bedpe
        if [ "True" != "False" ]; then
            ( grep 'T2T18_chr19_haplotype1-0000004:23562757-30502428' results/8-cdr_finder/bed/all_cdrs.bed || true ) > results/11-moddotplot/combined/bed/chr19/T2T18_chr19_haplotype1-0000004:23562757-30502428/cdrs.bed
            ( grep 'T2T18_chr19_haplotype1-0000004:23562757-30502428' results/8-cdr_finder/bed/all_binned_freq.bed || true ) > results/11-moddotplot/combined/bed/chr19/T2T18_chr19_haplotype1-0000004:23562757-30502428/methyl.bed
        else
            touch results/11-moddotplot/combined/bed/chr19/T2T18_chr19_haplotype1-0000004:23562757-30502428/cdrs.bed
            touch results/11-moddotplot/combined/bed/chr19/T2T18_chr19_haplotype1-0000004:23562757-30502428/methyl.bed
        fi
        

[Thu Jan  8 15:27:17 2026]
localrule modify_moddotplot_cenplot_tracks:
    input: results/11-moddotplot/combined/bed/chr18/T2T18_rc-chr18_haplotype2-0000054:14392306-22188052/cdrs.bed, results/11-moddotplot/combined/bed/chr18/T2T18_rc-chr18_haplotype2-0000054:14392306-22188052/sat_annot.bed, results/11-moddotplot/combined/bed/chr18/T2T18_rc-chr18_haplotype2-0000054:14392306-22188052/ident.bedpe, results/11-moddotplot/combined/bed/chr18/T2T18_rc-chr18_haplotype2-0000054:14392306-22188052/stv.bed, results/11-moddotplot/combined/bed/chr18/T2T18_rc-chr18_haplotype2-0000054:14392306-22188052/methyl.bed
    output: results/11-moddotplot/combined/plots/chr18/T2T18_rc-chr18_haplotype2-0000054:14392306-22188052.yaml
    log: logs/11-moddotplot/modify_moddotplot_cenplot_tracks_chr18_T2T18_rc-chr18_haplotype2-0000054:14392306-22188052.log
    jobid: 1041
    reason: Input files updated by another job: results/11-moddotplot/combined/bed/chr18/T2T18_rc-chr18_haplotype2-0000054:14392306-22188052/sat_annot.bed, results/11-moddotplot/combined/bed/chr18/T2T18_rc-chr18_haplotype2-0000054:14392306-22188052/stv.bed, results/11-moddotplot/combined/bed/chr18/T2T18_rc-chr18_haplotype2-0000054:14392306-22188052/methyl.bed, results/11-moddotplot/combined/bed/chr18/T2T18_rc-chr18_haplotype2-0000054:14392306-22188052/cdrs.bed, results/11-moddotplot/combined/bed/chr18/T2T18_rc-chr18_haplotype2-0000054:14392306-22188052/ident.bedpe
    wildcards: chr=chr18, fname=T2T18_rc-chr18_haplotype2-0000054:14392306-22188052
    resources: mem_mb=8000, mem_mib=7630, disk_mb=1000, disk_mib=954, tmpdir=/tmp, mem=8GB
Shell command: 
        python /home/ukt.ad.local/ahgrosc1/.cache/snakemake/snakemake/source-cache/runtime-cache/tmpvv5_ue2g/file/mnt/storage3b/projects/no_ngsd/ahthapp1_T2T_ONT/analysis_other/cenmap_single/T2T18/workflow/rules/../scripts/format_cenplot_yaml.py         -i '{"cdr": "results/11-moddotplot/combined/bed/chr18/T2T18_rc-chr18_haplotype2-0000054:14392306-22188052/cdrs.bed", "rm": "results/11-moddotplot/combined/bed/chr18/T2T18_rc-chr18_haplotype2-0000054:14392306-22188052/sat_annot.bed", "ident": "results/11-moddotplot/combined/bed/chr18/T2T18_rc-chr18_haplotype2-0000054:14392306-22188052/ident.bedpe", "stv": "results/11-moddotplot/combined/bed/chr18/T2T18_rc-chr18_haplotype2-0000054:14392306-22188052/stv.bed", "methyl": "results/11-moddotplot/combined/bed/chr18/T2T18_rc-chr18_haplotype2-0000054:14392306-22188052/methyl.bed"}'         -t /home/ukt.ad.local/ahgrosc1/.cache/snakemake/snakemake/source-cache/runtime-cache/tmpvv5_ue2g/file/mnt/storage3b/projects/no_ngsd/ahthapp1_T2T_ONT/analysis_other/cenmap_single/T2T18/workflow/rules/../scripts/cenplot_moddotplot.yaml         --options '{"hor": {"color_map_file": "/mnt/storage3b/projects/no_ngsd/ahthapp1_T2T_ONT/analysis_other/cenmap_single/T2T18/config/stv_annot_colors.tsv"}}' > results/11-moddotplot/combined/plots/chr18/T2T18_rc-chr18_haplotype2-0000054:14392306-22188052.yaml 2> logs/11-moddotplot/modify_moddotplot_cenplot_tracks_chr18_T2T18_rc-chr18_haplotype2-0000054:14392306-22188052.log
        

[Thu Jan  8 15:27:17 2026]
localrule filter_annotations_moddotplot:
    input: results/10-format_hor_stv/bed/chr3/stv_all.bed, results/8-format_repeatmasker_sat_annot/bed/all_cens.annotation.bed, results/8-cdr_finder/bed/all_cdrs.bed, results/8-cdr_finder/bed/all_binned_freq.bed, results/11-moddotplot/original/chr3/T2T18_rc-chr3_haplotype2-0000056:89477805-97085941/T2T18_rc-chr3_haplotype2-0000056:89477805-97085941.bed
    output: results/11-moddotplot/combined/bed/chr3/T2T18_rc-chr3_haplotype2-0000056:89477805-97085941/sat_annot.bed, results/11-moddotplot/combined/bed/chr3/T2T18_rc-chr3_haplotype2-0000056:89477805-97085941/ident.bedpe, results/11-moddotplot/combined/bed/chr3/T2T18_rc-chr3_haplotype2-0000056:89477805-97085941/stv.bed, results/11-moddotplot/combined/bed/chr3/T2T18_rc-chr3_haplotype2-0000056:89477805-97085941/cdrs.bed, results/11-moddotplot/combined/bed/chr3/T2T18_rc-chr3_haplotype2-0000056:89477805-97085941/methyl.bed
    jobid: 906
    reason: Missing output files: results/11-moddotplot/combined/bed/chr3/T2T18_rc-chr3_haplotype2-0000056:89477805-97085941/ident.bedpe; Input files updated by another job: results/8-cdr_finder/bed/all_cdrs.bed, results/8-cdr_finder/bed/all_binned_freq.bed
    wildcards: chr=chr3, fname=T2T18_rc-chr3_haplotype2-0000056:89477805-97085941
    resources: mem_mb=8000, mem_mib=7630, disk_mb=1000, disk_mib=954, tmpdir=/tmp, mem=8GB
Shell command: 
        ( grep 'T2T18_rc-chr3_haplotype2-0000056:89477805-97085941' results/8-format_repeatmasker_sat_annot/bed/all_cens.annotation.bed || true ) > results/11-moddotplot/combined/bed/chr3/T2T18_rc-chr3_haplotype2-0000056:89477805-97085941/sat_annot.bed
        ( grep 'T2T18_rc-chr3_haplotype2-0000056:89477805-97085941' results/10-format_hor_stv/bed/chr3/stv_all.bed || true ) > results/11-moddotplot/combined/bed/chr3/T2T18_rc-chr3_haplotype2-0000056:89477805-97085941/stv.bed
        # Remove header.
        ln -s $(realpath results/11-moddotplot/original/chr3/T2T18_rc-chr3_haplotype2-0000056:89477805-97085941/T2T18_rc-chr3_haplotype2-0000056:89477805-97085941.bed) results/11-moddotplot/combined/bed/chr3/T2T18_rc-chr3_haplotype2-0000056:89477805-97085941/ident.bedpe
        if [ "True" != "False" ]; then
            ( grep 'T2T18_rc-chr3_haplotype2-0000056:89477805-97085941' results/8-cdr_finder/bed/all_cdrs.bed || true ) > results/11-moddotplot/combined/bed/chr3/T2T18_rc-chr3_haplotype2-0000056:89477805-97085941/cdrs.bed
            ( grep 'T2T18_rc-chr3_haplotype2-0000056:89477805-97085941' results/8-cdr_finder/bed/all_binned_freq.bed || true ) > results/11-moddotplot/combined/bed/chr3/T2T18_rc-chr3_haplotype2-0000056:89477805-97085941/methyl.bed
        else
            touch results/11-moddotplot/combined/bed/chr3/T2T18_rc-chr3_haplotype2-0000056:89477805-97085941/cdrs.bed
            touch results/11-moddotplot/combined/bed/chr3/T2T18_rc-chr3_haplotype2-0000056:89477805-97085941/methyl.bed
        fi
        

[Thu Jan  8 15:27:17 2026]
localrule filter_annotations_moddotplot:
    input: results/10-format_hor_stv/bed/chr5/stv_all.bed, results/8-format_repeatmasker_sat_annot/bed/all_cens.annotation.bed, results/8-cdr_finder/bed/all_cdrs.bed, results/8-cdr_finder/bed/all_binned_freq.bed, results/11-moddotplot/original/chr5/T2T18_chr5_haplotype1-0000018:45418474-52065082/T2T18_chr5_haplotype1-0000018:45418474-52065082.bed
    output: results/11-moddotplot/combined/bed/chr5/T2T18_chr5_haplotype1-0000018:45418474-52065082/sat_annot.bed, results/11-moddotplot/combined/bed/chr5/T2T18_chr5_haplotype1-0000018:45418474-52065082/ident.bedpe, results/11-moddotplot/combined/bed/chr5/T2T18_chr5_haplotype1-0000018:45418474-52065082/stv.bed, results/11-moddotplot/combined/bed/chr5/T2T18_chr5_haplotype1-0000018:45418474-52065082/cdrs.bed, results/11-moddotplot/combined/bed/chr5/T2T18_chr5_haplotype1-0000018:45418474-52065082/methyl.bed
    jobid: 919
    reason: Missing output files: results/11-moddotplot/combined/bed/chr5/T2T18_chr5_haplotype1-0000018:45418474-52065082/ident.bedpe; Input files updated by another job: results/8-cdr_finder/bed/all_cdrs.bed, results/8-cdr_finder/bed/all_binned_freq.bed
    wildcards: chr=chr5, fname=T2T18_chr5_haplotype1-0000018:45418474-52065082
    resources: mem_mb=8000, mem_mib=7630, disk_mb=1000, disk_mib=954, tmpdir=/tmp, mem=8GB
Shell command: 
        ( grep 'T2T18_chr5_haplotype1-0000018:45418474-52065082' results/8-format_repeatmasker_sat_annot/bed/all_cens.annotation.bed || true ) > results/11-moddotplot/combined/bed/chr5/T2T18_chr5_haplotype1-0000018:45418474-52065082/sat_annot.bed
        ( grep 'T2T18_chr5_haplotype1-0000018:45418474-52065082' results/10-format_hor_stv/bed/chr5/stv_all.bed || true ) > results/11-moddotplot/combined/bed/chr5/T2T18_chr5_haplotype1-0000018:45418474-52065082/stv.bed
        # Remove header.
        ln -s $(realpath results/11-moddotplot/original/chr5/T2T18_chr5_haplotype1-0000018:45418474-52065082/T2T18_chr5_haplotype1-0000018:45418474-52065082.bed) results/11-moddotplot/combined/bed/chr5/T2T18_chr5_haplotype1-0000018:45418474-52065082/ident.bedpe
        if [ "True" != "False" ]; then
            ( grep 'T2T18_chr5_haplotype1-0000018:45418474-52065082' results/8-cdr_finder/bed/all_cdrs.bed || true ) > results/11-moddotplot/combined/bed/chr5/T2T18_chr5_haplotype1-0000018:45418474-52065082/cdrs.bed
            ( grep 'T2T18_chr5_haplotype1-0000018:45418474-52065082' results/8-cdr_finder/bed/all_binned_freq.bed || true ) > results/11-moddotplot/combined/bed/chr5/T2T18_chr5_haplotype1-0000018:45418474-52065082/methyl.bed
        else
            touch results/11-moddotplot/combined/bed/chr5/T2T18_chr5_haplotype1-0000018:45418474-52065082/cdrs.bed
            touch results/11-moddotplot/combined/bed/chr5/T2T18_chr5_haplotype1-0000018:45418474-52065082/methyl.bed
        fi
        

[Thu Jan  8 15:27:17 2026]
localrule filter_annotations_moddotplot:
    input: results/10-format_hor_stv/bed/chr11/stv_all.bed, results/8-format_repeatmasker_sat_annot/bed/all_cens.annotation.bed, results/8-cdr_finder/bed/all_cdrs.bed, results/8-cdr_finder/bed/all_binned_freq.bed, results/11-moddotplot/original/chr11/T2T18_rc-chr11_haplotype1-0000002:47790941-55351886/T2T18_rc-chr11_haplotype1-0000002:47790941-55351886.bed
    output: results/11-moddotplot/combined/bed/chr11/T2T18_rc-chr11_haplotype1-0000002:47790941-55351886/sat_annot.bed, results/11-moddotplot/combined/bed/chr11/T2T18_rc-chr11_haplotype1-0000002:47790941-55351886/ident.bedpe, results/11-moddotplot/combined/bed/chr11/T2T18_rc-chr11_haplotype1-0000002:47790941-55351886/stv.bed, results/11-moddotplot/combined/bed/chr11/T2T18_rc-chr11_haplotype1-0000002:47790941-55351886/cdrs.bed, results/11-moddotplot/combined/bed/chr11/T2T18_rc-chr11_haplotype1-0000002:47790941-55351886/methyl.bed
    jobid: 975
    reason: Missing output files: results/11-moddotplot/combined/bed/chr11/T2T18_rc-chr11_haplotype1-0000002:47790941-55351886/ident.bedpe; Input files updated by another job: results/8-cdr_finder/bed/all_cdrs.bed, results/8-cdr_finder/bed/all_binned_freq.bed
    wildcards: chr=chr11, fname=T2T18_rc-chr11_haplotype1-0000002:47790941-55351886
    resources: mem_mb=8000, mem_mib=7630, disk_mb=1000, disk_mib=954, tmpdir=/tmp, mem=8GB
Shell command: 
        ( grep 'T2T18_rc-chr11_haplotype1-0000002:47790941-55351886' results/8-format_repeatmasker_sat_annot/bed/all_cens.annotation.bed || true ) > results/11-moddotplot/combined/bed/chr11/T2T18_rc-chr11_haplotype1-0000002:47790941-55351886/sat_annot.bed
        ( grep 'T2T18_rc-chr11_haplotype1-0000002:47790941-55351886' results/10-format_hor_stv/bed/chr11/stv_all.bed || true ) > results/11-moddotplot/combined/bed/chr11/T2T18_rc-chr11_haplotype1-0000002:47790941-55351886/stv.bed
        # Remove header.
        ln -s $(realpath results/11-moddotplot/original/chr11/T2T18_rc-chr11_haplotype1-0000002:47790941-55351886/T2T18_rc-chr11_haplotype1-0000002:47790941-55351886.bed) results/11-moddotplot/combined/bed/chr11/T2T18_rc-chr11_haplotype1-0000002:47790941-55351886/ident.bedpe
        if [ "True" != "False" ]; then
            ( grep 'T2T18_rc-chr11_haplotype1-0000002:47790941-55351886' results/8-cdr_finder/bed/all_cdrs.bed || true ) > results/11-moddotplot/combined/bed/chr11/T2T18_rc-chr11_haplotype1-0000002:47790941-55351886/cdrs.bed
            ( grep 'T2T18_rc-chr11_haplotype1-0000002:47790941-55351886' results/8-cdr_finder/bed/all_binned_freq.bed || true ) > results/11-moddotplot/combined/bed/chr11/T2T18_rc-chr11_haplotype1-0000002:47790941-55351886/methyl.bed
        else
            touch results/11-moddotplot/combined/bed/chr11/T2T18_rc-chr11_haplotype1-0000002:47790941-55351886/cdrs.bed
            touch results/11-moddotplot/combined/bed/chr11/T2T18_rc-chr11_haplotype1-0000002:47790941-55351886/methyl.bed
        fi
        

[Thu Jan  8 15:27:18 2026]
localrule filter_annotations_moddotplot:
    input: results/10-format_hor_stv/bed/chr17/stv_all.bed, results/8-format_repeatmasker_sat_annot/bed/all_cens.annotation.bed, results/8-cdr_finder/bed/all_cdrs.bed, results/8-cdr_finder/bed/all_binned_freq.bed, results/11-moddotplot/original/chr17/T2T18_rc-chr17_haplotype1-0000007:21854791-28485752/T2T18_rc-chr17_haplotype1-0000007:21854791-28485752.bed
    output: results/11-moddotplot/combined/bed/chr17/T2T18_rc-chr17_haplotype1-0000007:21854791-28485752/sat_annot.bed, results/11-moddotplot/combined/bed/chr17/T2T18_rc-chr17_haplotype1-0000007:21854791-28485752/ident.bedpe, results/11-moddotplot/combined/bed/chr17/T2T18_rc-chr17_haplotype1-0000007:21854791-28485752/stv.bed, results/11-moddotplot/combined/bed/chr17/T2T18_rc-chr17_haplotype1-0000007:21854791-28485752/cdrs.bed, results/11-moddotplot/combined/bed/chr17/T2T18_rc-chr17_haplotype1-0000007:21854791-28485752/methyl.bed
    jobid: 1031
    reason: Missing output files: results/11-moddotplot/combined/bed/chr17/T2T18_rc-chr17_haplotype1-0000007:21854791-28485752/ident.bedpe; Input files updated by another job: results/8-cdr_finder/bed/all_cdrs.bed, results/8-cdr_finder/bed/all_binned_freq.bed
    wildcards: chr=chr17, fname=T2T18_rc-chr17_haplotype1-0000007:21854791-28485752
    resources: mem_mb=8000, mem_mib=7630, disk_mb=1000, disk_mib=954, tmpdir=/tmp, mem=8GB
Shell command: 
        ( grep 'T2T18_rc-chr17_haplotype1-0000007:21854791-28485752' results/8-format_repeatmasker_sat_annot/bed/all_cens.annotation.bed || true ) > results/11-moddotplot/combined/bed/chr17/T2T18_rc-chr17_haplotype1-0000007:21854791-28485752/sat_annot.bed
        ( grep 'T2T18_rc-chr17_haplotype1-0000007:21854791-28485752' results/10-format_hor_stv/bed/chr17/stv_all.bed || true ) > results/11-moddotplot/combined/bed/chr17/T2T18_rc-chr17_haplotype1-0000007:21854791-28485752/stv.bed
        # Remove header.
        ln -s $(realpath results/11-moddotplot/original/chr17/T2T18_rc-chr17_haplotype1-0000007:21854791-28485752/T2T18_rc-chr17_haplotype1-0000007:21854791-28485752.bed) results/11-moddotplot/combined/bed/chr17/T2T18_rc-chr17_haplotype1-0000007:21854791-28485752/ident.bedpe
        if [ "True" != "False" ]; then
            ( grep 'T2T18_rc-chr17_haplotype1-0000007:21854791-28485752' results/8-cdr_finder/bed/all_cdrs.bed || true ) > results/11-moddotplot/combined/bed/chr17/T2T18_rc-chr17_haplotype1-0000007:21854791-28485752/cdrs.bed
            ( grep 'T2T18_rc-chr17_haplotype1-0000007:21854791-28485752' results/8-cdr_finder/bed/all_binned_freq.bed || true ) > results/11-moddotplot/combined/bed/chr17/T2T18_rc-chr17_haplotype1-0000007:21854791-28485752/methyl.bed
        else
            touch results/11-moddotplot/combined/bed/chr17/T2T18_rc-chr17_haplotype1-0000007:21854791-28485752/cdrs.bed
            touch results/11-moddotplot/combined/bed/chr17/T2T18_rc-chr17_haplotype1-0000007:21854791-28485752/methyl.bed
        fi
        

[Thu Jan  8 15:27:18 2026]
localrule filter_annotations_moddotplot:
    input: results/10-format_hor_stv/bed/chr1/stv_all.bed, results/8-format_repeatmasker_sat_annot/bed/all_cens.annotation.bed, results/8-cdr_finder/bed/all_cdrs.bed, results/8-cdr_finder/bed/all_binned_freq.bed, results/11-moddotplot/original/chr1/T2T18_rc-chr1_haplotype2-0000060:121046318-128420714/T2T18_rc-chr1_haplotype2-0000060:121046318-128420714.bed
    output: results/11-moddotplot/combined/bed/chr1/T2T18_rc-chr1_haplotype2-0000060:121046318-128420714/sat_annot.bed, results/11-moddotplot/combined/bed/chr1/T2T18_rc-chr1_haplotype2-0000060:121046318-128420714/ident.bedpe, results/11-moddotplot/combined/bed/chr1/T2T18_rc-chr1_haplotype2-0000060:121046318-128420714/stv.bed, results/11-moddotplot/combined/bed/chr1/T2T18_rc-chr1_haplotype2-0000060:121046318-128420714/cdrs.bed, results/11-moddotplot/combined/bed/chr1/T2T18_rc-chr1_haplotype2-0000060:121046318-128420714/methyl.bed
    jobid: 882
    reason: Missing output files: results/11-moddotplot/combined/bed/chr1/T2T18_rc-chr1_haplotype2-0000060:121046318-128420714/ident.bedpe; Input files updated by another job: results/8-cdr_finder/bed/all_cdrs.bed, results/8-cdr_finder/bed/all_binned_freq.bed
    wildcards: chr=chr1, fname=T2T18_rc-chr1_haplotype2-0000060:121046318-128420714
    resources: mem_mb=8000, mem_mib=7630, disk_mb=1000, disk_mib=954, tmpdir=/tmp, mem=8GB
Shell command: 
        ( grep 'T2T18_rc-chr1_haplotype2-0000060:121046318-128420714' results/8-format_repeatmasker_sat_annot/bed/all_cens.annotation.bed || true ) > results/11-moddotplot/combined/bed/chr1/T2T18_rc-chr1_haplotype2-0000060:121046318-128420714/sat_annot.bed
        ( grep 'T2T18_rc-chr1_haplotype2-0000060:121046318-128420714' results/10-format_hor_stv/bed/chr1/stv_all.bed || true ) > results/11-moddotplot/combined/bed/chr1/T2T18_rc-chr1_haplotype2-0000060:121046318-128420714/stv.bed
        # Remove header.
        ln -s $(realpath results/11-moddotplot/original/chr1/T2T18_rc-chr1_haplotype2-0000060:121046318-128420714/T2T18_rc-chr1_haplotype2-0000060:121046318-128420714.bed) results/11-moddotplot/combined/bed/chr1/T2T18_rc-chr1_haplotype2-0000060:121046318-128420714/ident.bedpe
        if [ "True" != "False" ]; then
            ( grep 'T2T18_rc-chr1_haplotype2-0000060:121046318-128420714' results/8-cdr_finder/bed/all_cdrs.bed || true ) > results/11-moddotplot/combined/bed/chr1/T2T18_rc-chr1_haplotype2-0000060:121046318-128420714/cdrs.bed
            ( grep 'T2T18_rc-chr1_haplotype2-0000060:121046318-128420714' results/8-cdr_finder/bed/all_binned_freq.bed || true ) > results/11-moddotplot/combined/bed/chr1/T2T18_rc-chr1_haplotype2-0000060:121046318-128420714/methyl.bed
        else
            touch results/11-moddotplot/combined/bed/chr1/T2T18_rc-chr1_haplotype2-0000060:121046318-128420714/cdrs.bed
            touch results/11-moddotplot/combined/bed/chr1/T2T18_rc-chr1_haplotype2-0000060:121046318-128420714/methyl.bed
        fi
        

[Thu Jan  8 15:27:18 2026]
localrule filter_annotations_moddotplot:
    input: results/10-format_hor_stv/bed/chr3/stv_all.bed, results/8-format_repeatmasker_sat_annot/bed/all_cens.annotation.bed, results/8-cdr_finder/bed/all_cdrs.bed, results/8-cdr_finder/bed/all_binned_freq.bed, results/11-moddotplot/original/chr3/T2T18_rc-chr3_haplotype1-0000016:89354245-99993629/T2T18_rc-chr3_haplotype1-0000016:89354245-99993629.bed
    output: results/11-moddotplot/combined/bed/chr3/T2T18_rc-chr3_haplotype1-0000016:89354245-99993629/sat_annot.bed, results/11-moddotplot/combined/bed/chr3/T2T18_rc-chr3_haplotype1-0000016:89354245-99993629/ident.bedpe, results/11-moddotplot/combined/bed/chr3/T2T18_rc-chr3_haplotype1-0000016:89354245-99993629/stv.bed, results/11-moddotplot/combined/bed/chr3/T2T18_rc-chr3_haplotype1-0000016:89354245-99993629/cdrs.bed, results/11-moddotplot/combined/bed/chr3/T2T18_rc-chr3_haplotype1-0000016:89354245-99993629/methyl.bed
    jobid: 903
    reason: Missing output files: results/11-moddotplot/combined/bed/chr3/T2T18_rc-chr3_haplotype1-0000016:89354245-99993629/ident.bedpe; Input files updated by another job: results/8-cdr_finder/bed/all_cdrs.bed, results/8-cdr_finder/bed/all_binned_freq.bed
    wildcards: chr=chr3, fname=T2T18_rc-chr3_haplotype1-0000016:89354245-99993629
    resources: mem_mb=8000, mem_mib=7630, disk_mb=1000, disk_mib=954, tmpdir=/tmp, mem=8GB
Shell command: 
        ( grep 'T2T18_rc-chr3_haplotype1-0000016:89354245-99993629' results/8-format_repeatmasker_sat_annot/bed/all_cens.annotation.bed || true ) > results/11-moddotplot/combined/bed/chr3/T2T18_rc-chr3_haplotype1-0000016:89354245-99993629/sat_annot.bed
        ( grep 'T2T18_rc-chr3_haplotype1-0000016:89354245-99993629' results/10-format_hor_stv/bed/chr3/stv_all.bed || true ) > results/11-moddotplot/combined/bed/chr3/T2T18_rc-chr3_haplotype1-0000016:89354245-99993629/stv.bed
        # Remove header.
        ln -s $(realpath results/11-moddotplot/original/chr3/T2T18_rc-chr3_haplotype1-0000016:89354245-99993629/T2T18_rc-chr3_haplotype1-0000016:89354245-99993629.bed) results/11-moddotplot/combined/bed/chr3/T2T18_rc-chr3_haplotype1-0000016:89354245-99993629/ident.bedpe
        if [ "True" != "False" ]; then
            ( grep 'T2T18_rc-chr3_haplotype1-0000016:89354245-99993629' results/8-cdr_finder/bed/all_cdrs.bed || true ) > results/11-moddotplot/combined/bed/chr3/T2T18_rc-chr3_haplotype1-0000016:89354245-99993629/cdrs.bed
            ( grep 'T2T18_rc-chr3_haplotype1-0000016:89354245-99993629' results/8-cdr_finder/bed/all_binned_freq.bed || true ) > results/11-moddotplot/combined/bed/chr3/T2T18_rc-chr3_haplotype1-0000016:89354245-99993629/methyl.bed
        else
            touch results/11-moddotplot/combined/bed/chr3/T2T18_rc-chr3_haplotype1-0000016:89354245-99993629/cdrs.bed
            touch results/11-moddotplot/combined/bed/chr3/T2T18_rc-chr3_haplotype1-0000016:89354245-99993629/methyl.bed
        fi
        

[Thu Jan  8 15:27:18 2026]
localrule filter_annotations_moddotplot:
    input: results/10-format_hor_stv/bed/chr9/stv_all.bed, results/8-format_repeatmasker_sat_annot/bed/all_cens.annotation.bed, results/8-cdr_finder/bed/all_cdrs.bed, results/8-cdr_finder/bed/all_binned_freq.bed, results/11-moddotplot/original/chr9/T2T18_rc-chr9_haplotype2-0000050:39538379-48465662/T2T18_rc-chr9_haplotype2-0000050:39538379-48465662.bed
    output: results/11-moddotplot/combined/bed/chr9/T2T18_rc-chr9_haplotype2-0000050:39538379-48465662/sat_annot.bed, results/11-moddotplot/combined/bed/chr9/T2T18_rc-chr9_haplotype2-0000050:39538379-48465662/ident.bedpe, results/11-moddotplot/combined/bed/chr9/T2T18_rc-chr9_haplotype2-0000050:39538379-48465662/stv.bed, results/11-moddotplot/combined/bed/chr9/T2T18_rc-chr9_haplotype2-0000050:39538379-48465662/cdrs.bed, results/11-moddotplot/combined/bed/chr9/T2T18_rc-chr9_haplotype2-0000050:39538379-48465662/methyl.bed
    jobid: 959
    reason: Missing output files: results/11-moddotplot/combined/bed/chr9/T2T18_rc-chr9_haplotype2-0000050:39538379-48465662/ident.bedpe; Input files updated by another job: results/8-cdr_finder/bed/all_cdrs.bed, results/8-cdr_finder/bed/all_binned_freq.bed
    wildcards: chr=chr9, fname=T2T18_rc-chr9_haplotype2-0000050:39538379-48465662
    resources: mem_mb=8000, mem_mib=7630, disk_mb=1000, disk_mib=954, tmpdir=/tmp, mem=8GB
Shell command: 
        ( grep 'T2T18_rc-chr9_haplotype2-0000050:39538379-48465662' results/8-format_repeatmasker_sat_annot/bed/all_cens.annotation.bed || true ) > results/11-moddotplot/combined/bed/chr9/T2T18_rc-chr9_haplotype2-0000050:39538379-48465662/sat_annot.bed
        ( grep 'T2T18_rc-chr9_haplotype2-0000050:39538379-48465662' results/10-format_hor_stv/bed/chr9/stv_all.bed || true ) > results/11-moddotplot/combined/bed/chr9/T2T18_rc-chr9_haplotype2-0000050:39538379-48465662/stv.bed
        # Remove header.
        ln -s $(realpath results/11-moddotplot/original/chr9/T2T18_rc-chr9_haplotype2-0000050:39538379-48465662/T2T18_rc-chr9_haplotype2-0000050:39538379-48465662.bed) results/11-moddotplot/combined/bed/chr9/T2T18_rc-chr9_haplotype2-0000050:39538379-48465662/ident.bedpe
        if [ "True" != "False" ]; then
            ( grep 'T2T18_rc-chr9_haplotype2-0000050:39538379-48465662' results/8-cdr_finder/bed/all_cdrs.bed || true ) > results/11-moddotplot/combined/bed/chr9/T2T18_rc-chr9_haplotype2-0000050:39538379-48465662/cdrs.bed
            ( grep 'T2T18_rc-chr9_haplotype2-0000050:39538379-48465662' results/8-cdr_finder/bed/all_binned_freq.bed || true ) > results/11-moddotplot/combined/bed/chr9/T2T18_rc-chr9_haplotype2-0000050:39538379-48465662/methyl.bed
        else
            touch results/11-moddotplot/combined/bed/chr9/T2T18_rc-chr9_haplotype2-0000050:39538379-48465662/cdrs.bed
            touch results/11-moddotplot/combined/bed/chr9/T2T18_rc-chr9_haplotype2-0000050:39538379-48465662/methyl.bed
        fi
        

[Thu Jan  8 15:27:18 2026]
localrule filter_annotations_moddotplot:
    input: results/10-format_hor_stv/bed/chrX/stv_all.bed, results/8-format_repeatmasker_sat_annot/bed/all_cens.annotation.bed, results/8-cdr_finder/bed/all_cdrs.bed, results/8-cdr_finder/bed/all_binned_freq.bed, results/11-moddotplot/original/chrX/T2T18_chrX_haplotype2-0000059:56691259-63363821/T2T18_chrX_haplotype2-0000059:56691259-63363821.bed
    output: results/11-moddotplot/combined/bed/chrX/T2T18_chrX_haplotype2-0000059:56691259-63363821/sat_annot.bed, results/11-moddotplot/combined/bed/chrX/T2T18_chrX_haplotype2-0000059:56691259-63363821/ident.bedpe, results/11-moddotplot/combined/bed/chrX/T2T18_chrX_haplotype2-0000059:56691259-63363821/stv.bed, results/11-moddotplot/combined/bed/chrX/T2T18_chrX_haplotype2-0000059:56691259-63363821/cdrs.bed, results/11-moddotplot/combined/bed/chrX/T2T18_chrX_haplotype2-0000059:56691259-63363821/methyl.bed
    jobid: 1086
    reason: Missing output files: results/11-moddotplot/combined/bed/chrX/T2T18_chrX_haplotype2-0000059:56691259-63363821/ident.bedpe; Input files updated by another job: results/8-cdr_finder/bed/all_cdrs.bed, results/8-cdr_finder/bed/all_binned_freq.bed
    wildcards: chr=chrX, fname=T2T18_chrX_haplotype2-0000059:56691259-63363821
    resources: mem_mb=8000, mem_mib=7630, disk_mb=1000, disk_mib=954, tmpdir=/tmp, mem=8GB
Shell command: 
        ( grep 'T2T18_chrX_haplotype2-0000059:56691259-63363821' results/8-format_repeatmasker_sat_annot/bed/all_cens.annotation.bed || true ) > results/11-moddotplot/combined/bed/chrX/T2T18_chrX_haplotype2-0000059:56691259-63363821/sat_annot.bed
        ( grep 'T2T18_chrX_haplotype2-0000059:56691259-63363821' results/10-format_hor_stv/bed/chrX/stv_all.bed || true ) > results/11-moddotplot/combined/bed/chrX/T2T18_chrX_haplotype2-0000059:56691259-63363821/stv.bed
        # Remove header.
        ln -s $(realpath results/11-moddotplot/original/chrX/T2T18_chrX_haplotype2-0000059:56691259-63363821/T2T18_chrX_haplotype2-0000059:56691259-63363821.bed) results/11-moddotplot/combined/bed/chrX/T2T18_chrX_haplotype2-0000059:56691259-63363821/ident.bedpe
        if [ "True" != "False" ]; then
            ( grep 'T2T18_chrX_haplotype2-0000059:56691259-63363821' results/8-cdr_finder/bed/all_cdrs.bed || true ) > results/11-moddotplot/combined/bed/chrX/T2T18_chrX_haplotype2-0000059:56691259-63363821/cdrs.bed
            ( grep 'T2T18_chrX_haplotype2-0000059:56691259-63363821' results/8-cdr_finder/bed/all_binned_freq.bed || true ) > results/11-moddotplot/combined/bed/chrX/T2T18_chrX_haplotype2-0000059:56691259-63363821/methyl.bed
        else
            touch results/11-moddotplot/combined/bed/chrX/T2T18_chrX_haplotype2-0000059:56691259-63363821/cdrs.bed
            touch results/11-moddotplot/combined/bed/chrX/T2T18_chrX_haplotype2-0000059:56691259-63363821/methyl.bed
        fi
        
[Thu Jan  8 15:27:19 2026]
Finished jobid: 1055 (Rule: filter_annotations_moddotplot)
63 of 325 steps (19%) done
[Thu Jan  8 15:27:19 2026]
Finished jobid: 1082 (Rule: filter_annotations_moddotplot)
64 of 325 steps (20%) done
[Thu Jan  8 15:27:19 2026]
Finished jobid: 927 (Rule: filter_annotations_moddotplot)
65 of 325 steps (20%) done
[Thu Jan  8 15:27:19 2026]
Finished jobid: 938 (Rule: filter_annotations_moddotplot)
66 of 325 steps (20%) done
[Thu Jan  8 15:27:19 2026]
Finished jobid: 1050 (Rule: filter_annotations_moddotplot)
67 of 325 steps (21%) done
[Thu Jan  8 15:27:19 2026]
Finished jobid: 922 (Rule: filter_annotations_moddotplot)
68 of 325 steps (21%) done
[Thu Jan  8 15:27:20 2026]
Finished jobid: 978 (Rule: filter_annotations_moddotplot)
69 of 325 steps (21%) done
[Thu Jan  8 15:27:20 2026]
Finished jobid: 935 (Rule: filter_annotations_moddotplot)
70 of 325 steps (22%) done
[Thu Jan  8 15:27:20 2026]
Finished jobid: 1047 (Rule: filter_annotations_moddotplot)
71 of 325 steps (22%) done
[Thu Jan  8 15:27:20 2026]
Finished jobid: 1041 (Rule: modify_moddotplot_cenplot_tracks)
72 of 325 steps (22%) done
[Thu Jan  8 15:27:20 2026]
Finished jobid: 906 (Rule: filter_annotations_moddotplot)
73 of 325 steps (22%) done
[Thu Jan  8 15:27:20 2026]
Finished jobid: 919 (Rule: filter_annotations_moddotplot)
74 of 325 steps (23%) done
[Thu Jan  8 15:27:20 2026]
Finished jobid: 975 (Rule: filter_annotations_moddotplot)
75 of 325 steps (23%) done
[Thu Jan  8 15:27:20 2026]
Finished jobid: 1031 (Rule: filter_annotations_moddotplot)
76 of 325 steps (23%) done
[Thu Jan  8 15:27:20 2026]
Finished jobid: 882 (Rule: filter_annotations_moddotplot)
77 of 325 steps (24%) done
[Thu Jan  8 15:27:20 2026]
Finished jobid: 903 (Rule: filter_annotations_moddotplot)
78 of 325 steps (24%) done
[Thu Jan  8 15:27:20 2026]
Finished jobid: 959 (Rule: filter_annotations_moddotplot)
79 of 325 steps (24%) done
Select jobs to execute...
Execute 17 jobs...

[Thu Jan  8 15:27:21 2026]
localrule modify_moddotplot_cenplot_tracks:
    input: results/11-moddotplot/combined/bed/chr19/T2T18_chr19_haplotype2-0000043:23575679-31033340/cdrs.bed, results/11-moddotplot/combined/bed/chr19/T2T18_chr19_haplotype2-0000043:23575679-31033340/sat_annot.bed, results/11-moddotplot/combined/bed/chr19/T2T18_chr19_haplotype2-0000043:23575679-31033340/ident.bedpe, results/11-moddotplot/combined/bed/chr19/T2T18_chr19_haplotype2-0000043:23575679-31033340/stv.bed, results/11-moddotplot/combined/bed/chr19/T2T18_chr19_haplotype2-0000043:23575679-31033340/methyl.bed
    output: results/11-moddotplot/combined/plots/chr19/T2T18_chr19_haplotype2-0000043:23575679-31033340.yaml
    log: logs/11-moddotplot/modify_moddotplot_cenplot_tracks_chr19_T2T18_chr19_haplotype2-0000043:23575679-31033340.log
    jobid: 1049
    reason: Input files updated by another job: results/11-moddotplot/combined/bed/chr19/T2T18_chr19_haplotype2-0000043:23575679-31033340/stv.bed, results/11-moddotplot/combined/bed/chr19/T2T18_chr19_haplotype2-0000043:23575679-31033340/sat_annot.bed, results/11-moddotplot/combined/bed/chr19/T2T18_chr19_haplotype2-0000043:23575679-31033340/cdrs.bed, results/11-moddotplot/combined/bed/chr19/T2T18_chr19_haplotype2-0000043:23575679-31033340/ident.bedpe, results/11-moddotplot/combined/bed/chr19/T2T18_chr19_haplotype2-0000043:23575679-31033340/methyl.bed
    wildcards: chr=chr19, fname=T2T18_chr19_haplotype2-0000043:23575679-31033340
    resources: mem_mb=8000, mem_mib=7630, disk_mb=1000, disk_mib=954, tmpdir=/tmp, mem=8GB
Shell command: 
        python /home/ukt.ad.local/ahgrosc1/.cache/snakemake/snakemake/source-cache/runtime-cache/tmpvv5_ue2g/file/mnt/storage3b/projects/no_ngsd/ahthapp1_T2T_ONT/analysis_other/cenmap_single/T2T18/workflow/rules/../scripts/format_cenplot_yaml.py         -i '{"cdr": "results/11-moddotplot/combined/bed/chr19/T2T18_chr19_haplotype2-0000043:23575679-31033340/cdrs.bed", "rm": "results/11-moddotplot/combined/bed/chr19/T2T18_chr19_haplotype2-0000043:23575679-31033340/sat_annot.bed", "ident": "results/11-moddotplot/combined/bed/chr19/T2T18_chr19_haplotype2-0000043:23575679-31033340/ident.bedpe", "stv": "results/11-moddotplot/combined/bed/chr19/T2T18_chr19_haplotype2-0000043:23575679-31033340/stv.bed", "methyl": "results/11-moddotplot/combined/bed/chr19/T2T18_chr19_haplotype2-0000043:23575679-31033340/methyl.bed"}'         -t /home/ukt.ad.local/ahgrosc1/.cache/snakemake/snakemake/source-cache/runtime-cache/tmpvv5_ue2g/file/mnt/storage3b/projects/no_ngsd/ahthapp1_T2T_ONT/analysis_other/cenmap_single/T2T18/workflow/rules/../scripts/cenplot_moddotplot.yaml         --options '{"hor": {"color_map_file": "/mnt/storage3b/projects/no_ngsd/ahthapp1_T2T_ONT/analysis_other/cenmap_single/T2T18/config/stv_annot_colors.tsv"}}' > results/11-moddotplot/combined/plots/chr19/T2T18_chr19_haplotype2-0000043:23575679-31033340.yaml 2> logs/11-moddotplot/modify_moddotplot_cenplot_tracks_chr19_T2T18_chr19_haplotype2-0000043:23575679-31033340.log
        

[Thu Jan  8 15:27:21 2026]
localrule modify_moddotplot_cenplot_tracks:
    input: results/11-moddotplot/combined/bed/chr7/T2T18_rc-chr7_haplotype2-0000044:57057119-64823739/cdrs.bed, results/11-moddotplot/combined/bed/chr7/T2T18_rc-chr7_haplotype2-0000044:57057119-64823739/sat_annot.bed, results/11-moddotplot/combined/bed/chr7/T2T18_rc-chr7_haplotype2-0000044:57057119-64823739/ident.bedpe, results/11-moddotplot/combined/bed/chr7/T2T18_rc-chr7_haplotype2-0000044:57057119-64823739/stv.bed, results/11-moddotplot/combined/bed/chr7/T2T18_rc-chr7_haplotype2-0000044:57057119-64823739/methyl.bed
    output: results/11-moddotplot/combined/plots/chr7/T2T18_rc-chr7_haplotype2-0000044:57057119-64823739.yaml
    log: logs/11-moddotplot/modify_moddotplot_cenplot_tracks_chr7_T2T18_rc-chr7_haplotype2-0000044:57057119-64823739.log
    jobid: 937
    reason: Input files updated by another job: results/11-moddotplot/combined/bed/chr7/T2T18_rc-chr7_haplotype2-0000044:57057119-64823739/methyl.bed, results/11-moddotplot/combined/bed/chr7/T2T18_rc-chr7_haplotype2-0000044:57057119-64823739/stv.bed, results/11-moddotplot/combined/bed/chr7/T2T18_rc-chr7_haplotype2-0000044:57057119-64823739/sat_annot.bed, results/11-moddotplot/combined/bed/chr7/T2T18_rc-chr7_haplotype2-0000044:57057119-64823739/ident.bedpe, results/11-moddotplot/combined/bed/chr7/T2T18_rc-chr7_haplotype2-0000044:57057119-64823739/cdrs.bed
    wildcards: chr=chr7, fname=T2T18_rc-chr7_haplotype2-0000044:57057119-64823739
    resources: mem_mb=8000, mem_mib=7630, disk_mb=1000, disk_mib=954, tmpdir=/tmp, mem=8GB
Shell command: 
        python /home/ukt.ad.local/ahgrosc1/.cache/snakemake/snakemake/source-cache/runtime-cache/tmpvv5_ue2g/file/mnt/storage3b/projects/no_ngsd/ahthapp1_T2T_ONT/analysis_other/cenmap_single/T2T18/workflow/rules/../scripts/format_cenplot_yaml.py         -i '{"cdr": "results/11-moddotplot/combined/bed/chr7/T2T18_rc-chr7_haplotype2-0000044:57057119-64823739/cdrs.bed", "rm": "results/11-moddotplot/combined/bed/chr7/T2T18_rc-chr7_haplotype2-0000044:57057119-64823739/sat_annot.bed", "ident": "results/11-moddotplot/combined/bed/chr7/T2T18_rc-chr7_haplotype2-0000044:57057119-64823739/ident.bedpe", "stv": "results/11-moddotplot/combined/bed/chr7/T2T18_rc-chr7_haplotype2-0000044:57057119-64823739/stv.bed", "methyl": "results/11-moddotplot/combined/bed/chr7/T2T18_rc-chr7_haplotype2-0000044:57057119-64823739/methyl.bed"}'         -t /home/ukt.ad.local/ahgrosc1/.cache/snakemake/snakemake/source-cache/runtime-cache/tmpvv5_ue2g/file/mnt/storage3b/projects/no_ngsd/ahthapp1_T2T_ONT/analysis_other/cenmap_single/T2T18/workflow/rules/../scripts/cenplot_moddotplot.yaml         --options '{"hor": {"color_map_file": "/mnt/storage3b/projects/no_ngsd/ahthapp1_T2T_ONT/analysis_other/cenmap_single/T2T18/config/stv_annot_colors.tsv"}}' > results/11-moddotplot/combined/plots/chr7/T2T18_rc-chr7_haplotype2-0000044:57057119-64823739.yaml 2> logs/11-moddotplot/modify_moddotplot_cenplot_tracks_chr7_T2T18_rc-chr7_haplotype2-0000044:57057119-64823739.log
        

[Thu Jan  8 15:27:21 2026]
localrule filter_annotations_moddotplot:
    input: results/10-format_hor_stv/bed/chr21/stv_all.bed, results/8-format_repeatmasker_sat_annot/bed/all_cens.annotation.bed, results/8-cdr_finder/bed/all_cdrs.bed, results/8-cdr_finder/bed/all_binned_freq.bed, results/11-moddotplot/original/chr21/T2T18_rc-chr21_haplotype1-0000024:68080-9501114/T2T18_rc-chr21_haplotype1-0000024:68080-9501114.bed
    output: results/11-moddotplot/combined/bed/chr21/T2T18_rc-chr21_haplotype1-0000024:68080-9501114/sat_annot.bed, results/11-moddotplot/combined/bed/chr21/T2T18_rc-chr21_haplotype1-0000024:68080-9501114/ident.bedpe, results/11-moddotplot/combined/bed/chr21/T2T18_rc-chr21_haplotype1-0000024:68080-9501114/stv.bed, results/11-moddotplot/combined/bed/chr21/T2T18_rc-chr21_haplotype1-0000024:68080-9501114/cdrs.bed, results/11-moddotplot/combined/bed/chr21/T2T18_rc-chr21_haplotype1-0000024:68080-9501114/methyl.bed
    jobid: 1067
    reason: Missing output files: results/11-moddotplot/combined/bed/chr21/T2T18_rc-chr21_haplotype1-0000024:68080-9501114/ident.bedpe; Input files updated by another job: results/8-cdr_finder/bed/all_cdrs.bed, results/8-cdr_finder/bed/all_binned_freq.bed
    wildcards: chr=chr21, fname=T2T18_rc-chr21_haplotype1-0000024:68080-9501114
    resources: mem_mb=8000, mem_mib=7630, disk_mb=1000, disk_mib=954, tmpdir=/tmp, mem=8GB
Shell command: 
        ( grep 'T2T18_rc-chr21_haplotype1-0000024:68080-9501114' results/8-format_repeatmasker_sat_annot/bed/all_cens.annotation.bed || true ) > results/11-moddotplot/combined/bed/chr21/T2T18_rc-chr21_haplotype1-0000024:68080-9501114/sat_annot.bed
        ( grep 'T2T18_rc-chr21_haplotype1-0000024:68080-9501114' results/10-format_hor_stv/bed/chr21/stv_all.bed || true ) > results/11-moddotplot/combined/bed/chr21/T2T18_rc-chr21_haplotype1-0000024:68080-9501114/stv.bed
        # Remove header.
        ln -s $(realpath results/11-moddotplot/original/chr21/T2T18_rc-chr21_haplotype1-0000024:68080-9501114/T2T18_rc-chr21_haplotype1-0000024:68080-9501114.bed) results/11-moddotplot/combined/bed/chr21/T2T18_rc-chr21_haplotype1-0000024:68080-9501114/ident.bedpe
        if [ "True" != "False" ]; then
            ( grep 'T2T18_rc-chr21_haplotype1-0000024:68080-9501114' results/8-cdr_finder/bed/all_cdrs.bed || true ) > results/11-moddotplot/combined/bed/chr21/T2T18_rc-chr21_haplotype1-0000024:68080-9501114/cdrs.bed
            ( grep 'T2T18_rc-chr21_haplotype1-0000024:68080-9501114' results/8-cdr_finder/bed/all_binned_freq.bed || true ) > results/11-moddotplot/combined/bed/chr21/T2T18_rc-chr21_haplotype1-0000024:68080-9501114/methyl.bed
        else
            touch results/11-moddotplot/combined/bed/chr21/T2T18_rc-chr21_haplotype1-0000024:68080-9501114/cdrs.bed
            touch results/11-moddotplot/combined/bed/chr21/T2T18_rc-chr21_haplotype1-0000024:68080-9501114/methyl.bed
        fi
        

[Thu Jan  8 15:27:21 2026]
localrule filter_annotations_moddotplot:
    input: results/10-format_hor_stv/bed/chr9/stv_all.bed, results/8-format_repeatmasker_sat_annot/bed/all_cens.annotation.bed, results/8-cdr_finder/bed/all_cdrs.bed, results/8-cdr_finder/bed/all_binned_freq.bed, results/11-moddotplot/original/chr9/T2T18_rc-chr9_haplotype1-0000011:41651274-48603566/T2T18_rc-chr9_haplotype1-0000011:41651274-48603566.bed
    output: results/11-moddotplot/combined/bed/chr9/T2T18_rc-chr9_haplotype1-0000011:41651274-48603566/sat_annot.bed, results/11-moddotplot/combined/bed/chr9/T2T18_rc-chr9_haplotype1-0000011:41651274-48603566/ident.bedpe, results/11-moddotplot/combined/bed/chr9/T2T18_rc-chr9_haplotype1-0000011:41651274-48603566/stv.bed, results/11-moddotplot/combined/bed/chr9/T2T18_rc-chr9_haplotype1-0000011:41651274-48603566/cdrs.bed, results/11-moddotplot/combined/bed/chr9/T2T18_rc-chr9_haplotype1-0000011:41651274-48603566/methyl.bed
    jobid: 953
    reason: Missing output files: results/11-moddotplot/combined/bed/chr9/T2T18_rc-chr9_haplotype1-0000011:41651274-48603566/ident.bedpe; Input files updated by another job: results/8-cdr_finder/bed/all_cdrs.bed, results/8-cdr_finder/bed/all_binned_freq.bed
    wildcards: chr=chr9, fname=T2T18_rc-chr9_haplotype1-0000011:41651274-48603566
    resources: mem_mb=8000, mem_mib=7630, disk_mb=1000, disk_mib=954, tmpdir=/tmp, mem=8GB
Shell command: 
        ( grep 'T2T18_rc-chr9_haplotype1-0000011:41651274-48603566' results/8-format_repeatmasker_sat_annot/bed/all_cens.annotation.bed || true ) > results/11-moddotplot/combined/bed/chr9/T2T18_rc-chr9_haplotype1-0000011:41651274-48603566/sat_annot.bed
        ( grep 'T2T18_rc-chr9_haplotype1-0000011:41651274-48603566' results/10-format_hor_stv/bed/chr9/stv_all.bed || true ) > results/11-moddotplot/combined/bed/chr9/T2T18_rc-chr9_haplotype1-0000011:41651274-48603566/stv.bed
        # Remove header.
        ln -s $(realpath results/11-moddotplot/original/chr9/T2T18_rc-chr9_haplotype1-0000011:41651274-48603566/T2T18_rc-chr9_haplotype1-0000011:41651274-48603566.bed) results/11-moddotplot/combined/bed/chr9/T2T18_rc-chr9_haplotype1-0000011:41651274-48603566/ident.bedpe
        if [ "True" != "False" ]; then
            ( grep 'T2T18_rc-chr9_haplotype1-0000011:41651274-48603566' results/8-cdr_finder/bed/all_cdrs.bed || true ) > results/11-moddotplot/combined/bed/chr9/T2T18_rc-chr9_haplotype1-0000011:41651274-48603566/cdrs.bed
            ( grep 'T2T18_rc-chr9_haplotype1-0000011:41651274-48603566' results/8-cdr_finder/bed/all_binned_freq.bed || true ) > results/11-moddotplot/combined/bed/chr9/T2T18_rc-chr9_haplotype1-0000011:41651274-48603566/methyl.bed
        else
            touch results/11-moddotplot/combined/bed/chr9/T2T18_rc-chr9_haplotype1-0000011:41651274-48603566/cdrs.bed
            touch results/11-moddotplot/combined/bed/chr9/T2T18_rc-chr9_haplotype1-0000011:41651274-48603566/methyl.bed
        fi
        

[Thu Jan  8 15:27:21 2026]
localrule modify_moddotplot_cenplot_tracks:
    input: results/11-moddotplot/combined/bed/chr11/T2T18_rc-chr11_haplotype2-0000041:47767471-56558996/cdrs.bed, results/11-moddotplot/combined/bed/chr11/T2T18_rc-chr11_haplotype2-0000041:47767471-56558996/sat_annot.bed, results/11-moddotplot/combined/bed/chr11/T2T18_rc-chr11_haplotype2-0000041:47767471-56558996/ident.bedpe, results/11-moddotplot/combined/bed/chr11/T2T18_rc-chr11_haplotype2-0000041:47767471-56558996/stv.bed, results/11-moddotplot/combined/bed/chr11/T2T18_rc-chr11_haplotype2-0000041:47767471-56558996/methyl.bed
    output: results/11-moddotplot/combined/plots/chr11/T2T18_rc-chr11_haplotype2-0000041:47767471-56558996.yaml
    log: logs/11-moddotplot/modify_moddotplot_cenplot_tracks_chr11_T2T18_rc-chr11_haplotype2-0000041:47767471-56558996.log
    jobid: 977
    reason: Input files updated by another job: results/11-moddotplot/combined/bed/chr11/T2T18_rc-chr11_haplotype2-0000041:47767471-56558996/ident.bedpe, results/11-moddotplot/combined/bed/chr11/T2T18_rc-chr11_haplotype2-0000041:47767471-56558996/sat_annot.bed, results/11-moddotplot/combined/bed/chr11/T2T18_rc-chr11_haplotype2-0000041:47767471-56558996/stv.bed, results/11-moddotplot/combined/bed/chr11/T2T18_rc-chr11_haplotype2-0000041:47767471-56558996/methyl.bed, results/11-moddotplot/combined/bed/chr11/T2T18_rc-chr11_haplotype2-0000041:47767471-56558996/cdrs.bed
    wildcards: chr=chr11, fname=T2T18_rc-chr11_haplotype2-0000041:47767471-56558996
    resources: mem_mb=8000, mem_mib=7630, disk_mb=1000, disk_mib=954, tmpdir=/tmp, mem=8GB
Shell command: 
        python /home/ukt.ad.local/ahgrosc1/.cache/snakemake/snakemake/source-cache/runtime-cache/tmpvv5_ue2g/file/mnt/storage3b/projects/no_ngsd/ahthapp1_T2T_ONT/analysis_other/cenmap_single/T2T18/workflow/rules/../scripts/format_cenplot_yaml.py         -i '{"cdr": "results/11-moddotplot/combined/bed/chr11/T2T18_rc-chr11_haplotype2-0000041:47767471-56558996/cdrs.bed", "rm": "results/11-moddotplot/combined/bed/chr11/T2T18_rc-chr11_haplotype2-0000041:47767471-56558996/sat_annot.bed", "ident": "results/11-moddotplot/combined/bed/chr11/T2T18_rc-chr11_haplotype2-0000041:47767471-56558996/ident.bedpe", "stv": "results/11-moddotplot/combined/bed/chr11/T2T18_rc-chr11_haplotype2-0000041:47767471-56558996/stv.bed", "methyl": "results/11-moddotplot/combined/bed/chr11/T2T18_rc-chr11_haplotype2-0000041:47767471-56558996/methyl.bed"}'         -t /home/ukt.ad.local/ahgrosc1/.cache/snakemake/snakemake/source-cache/runtime-cache/tmpvv5_ue2g/file/mnt/storage3b/projects/no_ngsd/ahthapp1_T2T_ONT/analysis_other/cenmap_single/T2T18/workflow/rules/../scripts/cenplot_moddotplot.yaml         --options '{"hor": {"color_map_file": "/mnt/storage3b/projects/no_ngsd/ahthapp1_T2T_ONT/analysis_other/cenmap_single/T2T18/config/stv_annot_colors.tsv"}}' > results/11-moddotplot/combined/plots/chr11/T2T18_rc-chr11_haplotype2-0000041:47767471-56558996.yaml 2> logs/11-moddotplot/modify_moddotplot_cenplot_tracks_chr11_T2T18_rc-chr11_haplotype2-0000041:47767471-56558996.log
        

[Thu Jan  8 15:27:21 2026]
localrule modify_moddotplot_cenplot_tracks:
    input: results/11-moddotplot/combined/bed/chr7/T2T18_rc-chr7_haplotype1-0000005:57184703-65589918/cdrs.bed, results/11-moddotplot/combined/bed/chr7/T2T18_rc-chr7_haplotype1-0000005:57184703-65589918/sat_annot.bed, results/11-moddotplot/combined/bed/chr7/T2T18_rc-chr7_haplotype1-0000005:57184703-65589918/ident.bedpe, results/11-moddotplot/combined/bed/chr7/T2T18_rc-chr7_haplotype1-0000005:57184703-65589918/stv.bed, results/11-moddotplot/combined/bed/chr7/T2T18_rc-chr7_haplotype1-0000005:57184703-65589918/methyl.bed
    output: results/11-moddotplot/combined/plots/chr7/T2T18_rc-chr7_haplotype1-0000005:57184703-65589918.yaml
    log: logs/11-moddotplot/modify_moddotplot_cenplot_tracks_chr7_T2T18_rc-chr7_haplotype1-0000005:57184703-65589918.log
    jobid: 934
    reason: Input files updated by another job: results/11-moddotplot/combined/bed/chr7/T2T18_rc-chr7_haplotype1-0000005:57184703-65589918/cdrs.bed, results/11-moddotplot/combined/bed/chr7/T2T18_rc-chr7_haplotype1-0000005:57184703-65589918/ident.bedpe, results/11-moddotplot/combined/bed/chr7/T2T18_rc-chr7_haplotype1-0000005:57184703-65589918/stv.bed, results/11-moddotplot/combined/bed/chr7/T2T18_rc-chr7_haplotype1-0000005:57184703-65589918/sat_annot.bed, results/11-moddotplot/combined/bed/chr7/T2T18_rc-chr7_haplotype1-0000005:57184703-65589918/methyl.bed
    wildcards: chr=chr7, fname=T2T18_rc-chr7_haplotype1-0000005:57184703-65589918
    resources: mem_mb=8000, mem_mib=7630, disk_mb=1000, disk_mib=954, tmpdir=/tmp, mem=8GB
Shell command: 
        python /home/ukt.ad.local/ahgrosc1/.cache/snakemake/snakemake/source-cache/runtime-cache/tmpvv5_ue2g/file/mnt/storage3b/projects/no_ngsd/ahthapp1_T2T_ONT/analysis_other/cenmap_single/T2T18/workflow/rules/../scripts/format_cenplot_yaml.py         -i '{"cdr": "results/11-moddotplot/combined/bed/chr7/T2T18_rc-chr7_haplotype1-0000005:57184703-65589918/cdrs.bed", "rm": "results/11-moddotplot/combined/bed/chr7/T2T18_rc-chr7_haplotype1-0000005:57184703-65589918/sat_annot.bed", "ident": "results/11-moddotplot/combined/bed/chr7/T2T18_rc-chr7_haplotype1-0000005:57184703-65589918/ident.bedpe", "stv": "results/11-moddotplot/combined/bed/chr7/T2T18_rc-chr7_haplotype1-0000005:57184703-65589918/stv.bed", "methyl": "results/11-moddotplot/combined/bed/chr7/T2T18_rc-chr7_haplotype1-0000005:57184703-65589918/methyl.bed"}'         -t /home/ukt.ad.local/ahgrosc1/.cache/snakemake/snakemake/source-cache/runtime-cache/tmpvv5_ue2g/file/mnt/storage3b/projects/no_ngsd/ahthapp1_T2T_ONT/analysis_other/cenmap_single/T2T18/workflow/rules/../scripts/cenplot_moddotplot.yaml         --options '{"hor": {"color_map_file": "/mnt/storage3b/projects/no_ngsd/ahthapp1_T2T_ONT/analysis_other/cenmap_single/T2T18/config/stv_annot_colors.tsv"}}' > results/11-moddotplot/combined/plots/chr7/T2T18_rc-chr7_haplotype1-0000005:57184703-65589918.yaml 2> logs/11-moddotplot/modify_moddotplot_cenplot_tracks_chr7_T2T18_rc-chr7_haplotype1-0000005:57184703-65589918.log
        

[Thu Jan  8 15:27:21 2026]
localrule modify_moddotplot_cenplot_tracks:
    input: results/11-moddotplot/combined/bed/chr19/T2T18_chr19_haplotype1-0000004:23562757-30502428/cdrs.bed, results/11-moddotplot/combined/bed/chr19/T2T18_chr19_haplotype1-0000004:23562757-30502428/sat_annot.bed, results/11-moddotplot/combined/bed/chr19/T2T18_chr19_haplotype1-0000004:23562757-30502428/ident.bedpe, results/11-moddotplot/combined/bed/chr19/T2T18_chr19_haplotype1-0000004:23562757-30502428/stv.bed, results/11-moddotplot/combined/bed/chr19/T2T18_chr19_haplotype1-0000004:23562757-30502428/methyl.bed
    output: results/11-moddotplot/combined/plots/chr19/T2T18_chr19_haplotype1-0000004:23562757-30502428.yaml
    log: logs/11-moddotplot/modify_moddotplot_cenplot_tracks_chr19_T2T18_chr19_haplotype1-0000004:23562757-30502428.log
    jobid: 1046
    reason: Input files updated by another job: results/11-moddotplot/combined/bed/chr19/T2T18_chr19_haplotype1-0000004:23562757-30502428/stv.bed, results/11-moddotplot/combined/bed/chr19/T2T18_chr19_haplotype1-0000004:23562757-30502428/cdrs.bed, results/11-moddotplot/combined/bed/chr19/T2T18_chr19_haplotype1-0000004:23562757-30502428/ident.bedpe, results/11-moddotplot/combined/bed/chr19/T2T18_chr19_haplotype1-0000004:23562757-30502428/methyl.bed, results/11-moddotplot/combined/bed/chr19/T2T18_chr19_haplotype1-0000004:23562757-30502428/sat_annot.bed
    wildcards: chr=chr19, fname=T2T18_chr19_haplotype1-0000004:23562757-30502428
    resources: mem_mb=8000, mem_mib=7630, disk_mb=1000, disk_mib=954, tmpdir=/tmp, mem=8GB
Shell command: 
        python /home/ukt.ad.local/ahgrosc1/.cache/snakemake/snakemake/source-cache/runtime-cache/tmpvv5_ue2g/file/mnt/storage3b/projects/no_ngsd/ahthapp1_T2T_ONT/analysis_other/cenmap_single/T2T18/workflow/rules/../scripts/format_cenplot_yaml.py         -i '{"cdr": "results/11-moddotplot/combined/bed/chr19/T2T18_chr19_haplotype1-0000004:23562757-30502428/cdrs.bed", "rm": "results/11-moddotplot/combined/bed/chr19/T2T18_chr19_haplotype1-0000004:23562757-30502428/sat_annot.bed", "ident": "results/11-moddotplot/combined/bed/chr19/T2T18_chr19_haplotype1-0000004:23562757-30502428/ident.bedpe", "stv": "results/11-moddotplot/combined/bed/chr19/T2T18_chr19_haplotype1-0000004:23562757-30502428/stv.bed", "methyl": "results/11-moddotplot/combined/bed/chr19/T2T18_chr19_haplotype1-0000004:23562757-30502428/methyl.bed"}'         -t /home/ukt.ad.local/ahgrosc1/.cache/snakemake/snakemake/source-cache/runtime-cache/tmpvv5_ue2g/file/mnt/storage3b/projects/no_ngsd/ahthapp1_T2T_ONT/analysis_other/cenmap_single/T2T18/workflow/rules/../scripts/cenplot_moddotplot.yaml         --options '{"hor": {"color_map_file": "/mnt/storage3b/projects/no_ngsd/ahthapp1_T2T_ONT/analysis_other/cenmap_single/T2T18/config/stv_annot_colors.tsv"}}' > results/11-moddotplot/combined/plots/chr19/T2T18_chr19_haplotype1-0000004:23562757-30502428.yaml 2> logs/11-moddotplot/modify_moddotplot_cenplot_tracks_chr19_T2T18_chr19_haplotype1-0000004:23562757-30502428.log
        

[Thu Jan  8 15:27:21 2026]
localrule filter_annotations_moddotplot:
    input: results/10-format_hor_stv/bed/chr4/stv_all.bed, results/8-format_repeatmasker_sat_annot/bed/all_cens.annotation.bed, results/8-cdr_finder/bed/all_cdrs.bed, results/8-cdr_finder/bed/all_binned_freq.bed, results/11-moddotplot/original/chr4/T2T18_chr4_haplotype1-0000023:48725466-55778863/T2T18_chr4_haplotype1-0000023:48725466-55778863.bed
    output: results/11-moddotplot/combined/bed/chr4/T2T18_chr4_haplotype1-0000023:48725466-55778863/sat_annot.bed, results/11-moddotplot/combined/bed/chr4/T2T18_chr4_haplotype1-0000023:48725466-55778863/ident.bedpe, results/11-moddotplot/combined/bed/chr4/T2T18_chr4_haplotype1-0000023:48725466-55778863/stv.bed, results/11-moddotplot/combined/bed/chr4/T2T18_chr4_haplotype1-0000023:48725466-55778863/cdrs.bed, results/11-moddotplot/combined/bed/chr4/T2T18_chr4_haplotype1-0000023:48725466-55778863/methyl.bed
    jobid: 911
    reason: Missing output files: results/11-moddotplot/combined/bed/chr4/T2T18_chr4_haplotype1-0000023:48725466-55778863/ident.bedpe; Input files updated by another job: results/8-cdr_finder/bed/all_cdrs.bed, results/8-cdr_finder/bed/all_binned_freq.bed
    wildcards: chr=chr4, fname=T2T18_chr4_haplotype1-0000023:48725466-55778863
    resources: mem_mb=8000, mem_mib=7630, disk_mb=1000, disk_mib=954, tmpdir=/tmp, mem=8GB
Shell command: 
        ( grep 'T2T18_chr4_haplotype1-0000023:48725466-55778863' results/8-format_repeatmasker_sat_annot/bed/all_cens.annotation.bed || true ) > results/11-moddotplot/combined/bed/chr4/T2T18_chr4_haplotype1-0000023:48725466-55778863/sat_annot.bed
        ( grep 'T2T18_chr4_haplotype1-0000023:48725466-55778863' results/10-format_hor_stv/bed/chr4/stv_all.bed || true ) > results/11-moddotplot/combined/bed/chr4/T2T18_chr4_haplotype1-0000023:48725466-55778863/stv.bed
        # Remove header.
        ln -s $(realpath results/11-moddotplot/original/chr4/T2T18_chr4_haplotype1-0000023:48725466-55778863/T2T18_chr4_haplotype1-0000023:48725466-55778863.bed) results/11-moddotplot/combined/bed/chr4/T2T18_chr4_haplotype1-0000023:48725466-55778863/ident.bedpe
        if [ "True" != "False" ]; then
            ( grep 'T2T18_chr4_haplotype1-0000023:48725466-55778863' results/8-cdr_finder/bed/all_cdrs.bed || true ) > results/11-moddotplot/combined/bed/chr4/T2T18_chr4_haplotype1-0000023:48725466-55778863/cdrs.bed
            ( grep 'T2T18_chr4_haplotype1-0000023:48725466-55778863' results/8-cdr_finder/bed/all_binned_freq.bed || true ) > results/11-moddotplot/combined/bed/chr4/T2T18_chr4_haplotype1-0000023:48725466-55778863/methyl.bed
        else
            touch results/11-moddotplot/combined/bed/chr4/T2T18_chr4_haplotype1-0000023:48725466-55778863/cdrs.bed
            touch results/11-moddotplot/combined/bed/chr4/T2T18_chr4_haplotype1-0000023:48725466-55778863/methyl.bed
        fi
        

[Thu Jan  8 15:27:21 2026]
localrule filter_annotations_moddotplot:
    input: results/10-format_hor_stv/bed/chr16/stv_all.bed, results/8-format_repeatmasker_sat_annot/bed/all_cens.annotation.bed, results/8-cdr_finder/bed/all_cdrs.bed, results/8-cdr_finder/bed/all_binned_freq.bed, results/11-moddotplot/original/chr16/T2T18_rc-chr16_haplotype2-0000055:32042187-39973151/T2T18_rc-chr16_haplotype2-0000055:32042187-39973151.bed
    output: results/11-moddotplot/combined/bed/chr16/T2T18_rc-chr16_haplotype2-0000055:32042187-39973151/sat_annot.bed, results/11-moddotplot/combined/bed/chr16/T2T18_rc-chr16_haplotype2-0000055:32042187-39973151/ident.bedpe, results/11-moddotplot/combined/bed/chr16/T2T18_rc-chr16_haplotype2-0000055:32042187-39973151/stv.bed, results/11-moddotplot/combined/bed/chr16/T2T18_rc-chr16_haplotype2-0000055:32042187-39973151/cdrs.bed, results/11-moddotplot/combined/bed/chr16/T2T18_rc-chr16_haplotype2-0000055:32042187-39973151/methyl.bed
    jobid: 1023
    reason: Missing output files: results/11-moddotplot/combined/bed/chr16/T2T18_rc-chr16_haplotype2-0000055:32042187-39973151/ident.bedpe; Input files updated by another job: results/8-cdr_finder/bed/all_cdrs.bed, results/8-cdr_finder/bed/all_binned_freq.bed
    wildcards: chr=chr16, fname=T2T18_rc-chr16_haplotype2-0000055:32042187-39973151
    resources: mem_mb=8000, mem_mib=7630, disk_mb=1000, disk_mib=954, tmpdir=/tmp, mem=8GB
Shell command: 
        ( grep 'T2T18_rc-chr16_haplotype2-0000055:32042187-39973151' results/8-format_repeatmasker_sat_annot/bed/all_cens.annotation.bed || true ) > results/11-moddotplot/combined/bed/chr16/T2T18_rc-chr16_haplotype2-0000055:32042187-39973151/sat_annot.bed
        ( grep 'T2T18_rc-chr16_haplotype2-0000055:32042187-39973151' results/10-format_hor_stv/bed/chr16/stv_all.bed || true ) > results/11-moddotplot/combined/bed/chr16/T2T18_rc-chr16_haplotype2-0000055:32042187-39973151/stv.bed
        # Remove header.
        ln -s $(realpath results/11-moddotplot/original/chr16/T2T18_rc-chr16_haplotype2-0000055:32042187-39973151/T2T18_rc-chr16_haplotype2-0000055:32042187-39973151.bed) results/11-moddotplot/combined/bed/chr16/T2T18_rc-chr16_haplotype2-0000055:32042187-39973151/ident.bedpe
        if [ "True" != "False" ]; then
            ( grep 'T2T18_rc-chr16_haplotype2-0000055:32042187-39973151' results/8-cdr_finder/bed/all_cdrs.bed || true ) > results/11-moddotplot/combined/bed/chr16/T2T18_rc-chr16_haplotype2-0000055:32042187-39973151/cdrs.bed
            ( grep 'T2T18_rc-chr16_haplotype2-0000055:32042187-39973151' results/8-cdr_finder/bed/all_binned_freq.bed || true ) > results/11-moddotplot/combined/bed/chr16/T2T18_rc-chr16_haplotype2-0000055:32042187-39973151/methyl.bed
        else
            touch results/11-moddotplot/combined/bed/chr16/T2T18_rc-chr16_haplotype2-0000055:32042187-39973151/cdrs.bed
            touch results/11-moddotplot/combined/bed/chr16/T2T18_rc-chr16_haplotype2-0000055:32042187-39973151/methyl.bed
        fi
        

[Thu Jan  8 15:27:21 2026]
localrule plot_cen_moddotplot:
    input: results/11-moddotplot/combined/plots/chr18/T2T18_rc-chr18_haplotype2-0000054:14392306-22188052.yaml, results/11-moddotplot/combined/bed/chr18/T2T18_rc-chr18_haplotype2-0000054:14392306-22188052/sat_annot.bed, results/11-moddotplot/combined/bed/chr18/T2T18_rc-chr18_haplotype2-0000054:14392306-22188052/ident.bedpe, results/11-moddotplot/combined/bed/chr18/T2T18_rc-chr18_haplotype2-0000054:14392306-22188052/stv.bed, results/11-moddotplot/combined/bed/chr18/T2T18_rc-chr18_haplotype2-0000054:14392306-22188052/cdrs.bed, results/11-moddotplot/combined/bed/chr18/T2T18_rc-chr18_haplotype2-0000054:14392306-22188052/methyl.bed
    output: results/11-moddotplot/combined/plots/chr18/T2T18_rc-chr18_haplotype2-0000054:14392306-22188052.pdf, results/11-moddotplot/combined/plots/chr18/T2T18_rc-chr18_haplotype2-0000054:14392306-22188052.png
    log: logs/11-moddotplot/plot_moddotplot_chr18_T2T18_rc-chr18_haplotype2-0000054:14392306-22188052.log
    jobid: 1040
    reason: Input files updated by another job: results/11-moddotplot/combined/bed/chr18/T2T18_rc-chr18_haplotype2-0000054:14392306-22188052/sat_annot.bed, results/11-moddotplot/combined/bed/chr18/T2T18_rc-chr18_haplotype2-0000054:14392306-22188052/stv.bed, results/11-moddotplot/combined/plots/chr18/T2T18_rc-chr18_haplotype2-0000054:14392306-22188052.yaml, results/11-moddotplot/combined/bed/chr18/T2T18_rc-chr18_haplotype2-0000054:14392306-22188052/methyl.bed, results/11-moddotplot/combined/bed/chr18/T2T18_rc-chr18_haplotype2-0000054:14392306-22188052/cdrs.bed, results/11-moddotplot/combined/bed/chr18/T2T18_rc-chr18_haplotype2-0000054:14392306-22188052/ident.bedpe
    wildcards: chr=chr18, fname=T2T18_rc-chr18_haplotype2-0000054:14392306-22188052
    resources: mem_mb=8000, mem_mib=7630, disk_mb=1000, disk_mib=954, tmpdir=/tmp, mem=8GB
Shell command: 
        cenplot draw -t results/11-moddotplot/combined/plots/chr18/T2T18_rc-chr18_haplotype2-0000054:14392306-22188052.yaml -d results/11-moddotplot/combined/plots/chr18 -c T2T18_rc-chr18_haplotype2-0000054:14392306-22188052 -p 1 2> logs/11-moddotplot/plot_moddotplot_chr18_T2T18_rc-chr18_haplotype2-0000054:14392306-22188052.log
        

[Thu Jan  8 15:27:21 2026]
localrule modify_moddotplot_cenplot_tracks:
    input: results/11-moddotplot/combined/bed/chr11/T2T18_rc-chr11_haplotype1-0000002:47790941-55351886/cdrs.bed, results/11-moddotplot/combined/bed/chr11/T2T18_rc-chr11_haplotype1-0000002:47790941-55351886/sat_annot.bed, results/11-moddotplot/combined/bed/chr11/T2T18_rc-chr11_haplotype1-0000002:47790941-55351886/ident.bedpe, results/11-moddotplot/combined/bed/chr11/T2T18_rc-chr11_haplotype1-0000002:47790941-55351886/stv.bed, results/11-moddotplot/combined/bed/chr11/T2T18_rc-chr11_haplotype1-0000002:47790941-55351886/methyl.bed
    output: results/11-moddotplot/combined/plots/chr11/T2T18_rc-chr11_haplotype1-0000002:47790941-55351886.yaml
    log: logs/11-moddotplot/modify_moddotplot_cenplot_tracks_chr11_T2T18_rc-chr11_haplotype1-0000002:47790941-55351886.log
    jobid: 974
    reason: Input files updated by another job: results/11-moddotplot/combined/bed/chr11/T2T18_rc-chr11_haplotype1-0000002:47790941-55351886/sat_annot.bed, results/11-moddotplot/combined/bed/chr11/T2T18_rc-chr11_haplotype1-0000002:47790941-55351886/methyl.bed, results/11-moddotplot/combined/bed/chr11/T2T18_rc-chr11_haplotype1-0000002:47790941-55351886/cdrs.bed, results/11-moddotplot/combined/bed/chr11/T2T18_rc-chr11_haplotype1-0000002:47790941-55351886/ident.bedpe, results/11-moddotplot/combined/bed/chr11/T2T18_rc-chr11_haplotype1-0000002:47790941-55351886/stv.bed
    wildcards: chr=chr11, fname=T2T18_rc-chr11_haplotype1-0000002:47790941-55351886
    resources: mem_mb=8000, mem_mib=7630, disk_mb=1000, disk_mib=954, tmpdir=/tmp, mem=8GB
Shell command: 
        python /home/ukt.ad.local/ahgrosc1/.cache/snakemake/snakemake/source-cache/runtime-cache/tmpvv5_ue2g/file/mnt/storage3b/projects/no_ngsd/ahthapp1_T2T_ONT/analysis_other/cenmap_single/T2T18/workflow/rules/../scripts/format_cenplot_yaml.py         -i '{"cdr": "results/11-moddotplot/combined/bed/chr11/T2T18_rc-chr11_haplotype1-0000002:47790941-55351886/cdrs.bed", "rm": "results/11-moddotplot/combined/bed/chr11/T2T18_rc-chr11_haplotype1-0000002:47790941-55351886/sat_annot.bed", "ident": "results/11-moddotplot/combined/bed/chr11/T2T18_rc-chr11_haplotype1-0000002:47790941-55351886/ident.bedpe", "stv": "results/11-moddotplot/combined/bed/chr11/T2T18_rc-chr11_haplotype1-0000002:47790941-55351886/stv.bed", "methyl": "results/11-moddotplot/combined/bed/chr11/T2T18_rc-chr11_haplotype1-0000002:47790941-55351886/methyl.bed"}'         -t /home/ukt.ad.local/ahgrosc1/.cache/snakemake/snakemake/source-cache/runtime-cache/tmpvv5_ue2g/file/mnt/storage3b/projects/no_ngsd/ahthapp1_T2T_ONT/analysis_other/cenmap_single/T2T18/workflow/rules/../scripts/cenplot_moddotplot.yaml         --options '{"hor": {"color_map_file": "/mnt/storage3b/projects/no_ngsd/ahthapp1_T2T_ONT/analysis_other/cenmap_single/T2T18/config/stv_annot_colors.tsv"}}' > results/11-moddotplot/combined/plots/chr11/T2T18_rc-chr11_haplotype1-0000002:47790941-55351886.yaml 2> logs/11-moddotplot/modify_moddotplot_cenplot_tracks_chr11_T2T18_rc-chr11_haplotype1-0000002:47790941-55351886.log
        

[Thu Jan  8 15:27:21 2026]
localrule modify_moddotplot_cenplot_tracks:
    input: results/11-moddotplot/combined/bed/chr1/T2T18_rc-chr1_haplotype2-0000060:121046318-128420714/cdrs.bed, results/11-moddotplot/combined/bed/chr1/T2T18_rc-chr1_haplotype2-0000060:121046318-128420714/sat_annot.bed, results/11-moddotplot/combined/bed/chr1/T2T18_rc-chr1_haplotype2-0000060:121046318-128420714/ident.bedpe, results/11-moddotplot/combined/bed/chr1/T2T18_rc-chr1_haplotype2-0000060:121046318-128420714/stv.bed, results/11-moddotplot/combined/bed/chr1/T2T18_rc-chr1_haplotype2-0000060:121046318-128420714/methyl.bed
    output: results/11-moddotplot/combined/plots/chr1/T2T18_rc-chr1_haplotype2-0000060:121046318-128420714.yaml
    log: logs/11-moddotplot/modify_moddotplot_cenplot_tracks_chr1_T2T18_rc-chr1_haplotype2-0000060:121046318-128420714.log
    jobid: 881
    reason: Input files updated by another job: results/11-moddotplot/combined/bed/chr1/T2T18_rc-chr1_haplotype2-0000060:121046318-128420714/ident.bedpe, results/11-moddotplot/combined/bed/chr1/T2T18_rc-chr1_haplotype2-0000060:121046318-128420714/cdrs.bed, results/11-moddotplot/combined/bed/chr1/T2T18_rc-chr1_haplotype2-0000060:121046318-128420714/stv.bed, results/11-moddotplot/combined/bed/chr1/T2T18_rc-chr1_haplotype2-0000060:121046318-128420714/sat_annot.bed, results/11-moddotplot/combined/bed/chr1/T2T18_rc-chr1_haplotype2-0000060:121046318-128420714/methyl.bed
    wildcards: chr=chr1, fname=T2T18_rc-chr1_haplotype2-0000060:121046318-128420714
    resources: mem_mb=8000, mem_mib=7630, disk_mb=1000, disk_mib=954, tmpdir=/tmp, mem=8GB
Shell command: 
        python /home/ukt.ad.local/ahgrosc1/.cache/snakemake/snakemake/source-cache/runtime-cache/tmpvv5_ue2g/file/mnt/storage3b/projects/no_ngsd/ahthapp1_T2T_ONT/analysis_other/cenmap_single/T2T18/workflow/rules/../scripts/format_cenplot_yaml.py         -i '{"cdr": "results/11-moddotplot/combined/bed/chr1/T2T18_rc-chr1_haplotype2-0000060:121046318-128420714/cdrs.bed", "rm": "results/11-moddotplot/combined/bed/chr1/T2T18_rc-chr1_haplotype2-0000060:121046318-128420714/sat_annot.bed", "ident": "results/11-moddotplot/combined/bed/chr1/T2T18_rc-chr1_haplotype2-0000060:121046318-128420714/ident.bedpe", "stv": "results/11-moddotplot/combined/bed/chr1/T2T18_rc-chr1_haplotype2-0000060:121046318-128420714/stv.bed", "methyl": "results/11-moddotplot/combined/bed/chr1/T2T18_rc-chr1_haplotype2-0000060:121046318-128420714/methyl.bed"}'         -t /home/ukt.ad.local/ahgrosc1/.cache/snakemake/snakemake/source-cache/runtime-cache/tmpvv5_ue2g/file/mnt/storage3b/projects/no_ngsd/ahthapp1_T2T_ONT/analysis_other/cenmap_single/T2T18/workflow/rules/../scripts/cenplot_moddotplot.yaml         --options '{"hor": {"color_map_file": "/mnt/storage3b/projects/no_ngsd/ahthapp1_T2T_ONT/analysis_other/cenmap_single/T2T18/config/stv_annot_colors.tsv"}}' > results/11-moddotplot/combined/plots/chr1/T2T18_rc-chr1_haplotype2-0000060:121046318-128420714.yaml 2> logs/11-moddotplot/modify_moddotplot_cenplot_tracks_chr1_T2T18_rc-chr1_haplotype2-0000060:121046318-128420714.log
        

[Thu Jan  8 15:27:21 2026]
localrule modify_moddotplot_cenplot_tracks:
    input: results/11-moddotplot/combined/bed/chr3/T2T18_rc-chr3_haplotype1-0000016:89354245-99993629/cdrs.bed, results/11-moddotplot/combined/bed/chr3/T2T18_rc-chr3_haplotype1-0000016:89354245-99993629/sat_annot.bed, results/11-moddotplot/combined/bed/chr3/T2T18_rc-chr3_haplotype1-0000016:89354245-99993629/ident.bedpe, results/11-moddotplot/combined/bed/chr3/T2T18_rc-chr3_haplotype1-0000016:89354245-99993629/stv.bed, results/11-moddotplot/combined/bed/chr3/T2T18_rc-chr3_haplotype1-0000016:89354245-99993629/methyl.bed
    output: results/11-moddotplot/combined/plots/chr3/T2T18_rc-chr3_haplotype1-0000016:89354245-99993629.yaml
    log: logs/11-moddotplot/modify_moddotplot_cenplot_tracks_chr3_T2T18_rc-chr3_haplotype1-0000016:89354245-99993629.log
    jobid: 902
    reason: Input files updated by another job: results/11-moddotplot/combined/bed/chr3/T2T18_rc-chr3_haplotype1-0000016:89354245-99993629/cdrs.bed, results/11-moddotplot/combined/bed/chr3/T2T18_rc-chr3_haplotype1-0000016:89354245-99993629/stv.bed, results/11-moddotplot/combined/bed/chr3/T2T18_rc-chr3_haplotype1-0000016:89354245-99993629/sat_annot.bed, results/11-moddotplot/combined/bed/chr3/T2T18_rc-chr3_haplotype1-0000016:89354245-99993629/ident.bedpe, results/11-moddotplot/combined/bed/chr3/T2T18_rc-chr3_haplotype1-0000016:89354245-99993629/methyl.bed
    wildcards: chr=chr3, fname=T2T18_rc-chr3_haplotype1-0000016:89354245-99993629
    resources: mem_mb=8000, mem_mib=7630, disk_mb=1000, disk_mib=954, tmpdir=/tmp, mem=8GB
Shell command: 
        python /home/ukt.ad.local/ahgrosc1/.cache/snakemake/snakemake/source-cache/runtime-cache/tmpvv5_ue2g/file/mnt/storage3b/projects/no_ngsd/ahthapp1_T2T_ONT/analysis_other/cenmap_single/T2T18/workflow/rules/../scripts/format_cenplot_yaml.py         -i '{"cdr": "results/11-moddotplot/combined/bed/chr3/T2T18_rc-chr3_haplotype1-0000016:89354245-99993629/cdrs.bed", "rm": "results/11-moddotplot/combined/bed/chr3/T2T18_rc-chr3_haplotype1-0000016:89354245-99993629/sat_annot.bed", "ident": "results/11-moddotplot/combined/bed/chr3/T2T18_rc-chr3_haplotype1-0000016:89354245-99993629/ident.bedpe", "stv": "results/11-moddotplot/combined/bed/chr3/T2T18_rc-chr3_haplotype1-0000016:89354245-99993629/stv.bed", "methyl": "results/11-moddotplot/combined/bed/chr3/T2T18_rc-chr3_haplotype1-0000016:89354245-99993629/methyl.bed"}'         -t /home/ukt.ad.local/ahgrosc1/.cache/snakemake/snakemake/source-cache/runtime-cache/tmpvv5_ue2g/file/mnt/storage3b/projects/no_ngsd/ahthapp1_T2T_ONT/analysis_other/cenmap_single/T2T18/workflow/rules/../scripts/cenplot_moddotplot.yaml         --options '{"hor": {"color_map_file": "/mnt/storage3b/projects/no_ngsd/ahthapp1_T2T_ONT/analysis_other/cenmap_single/T2T18/config/stv_annot_colors.tsv"}}' > results/11-moddotplot/combined/plots/chr3/T2T18_rc-chr3_haplotype1-0000016:89354245-99993629.yaml 2> logs/11-moddotplot/modify_moddotplot_cenplot_tracks_chr3_T2T18_rc-chr3_haplotype1-0000016:89354245-99993629.log
        

[Thu Jan  8 15:27:21 2026]
localrule modify_moddotplot_cenplot_tracks:
    input: results/11-moddotplot/combined/bed/chr9/T2T18_rc-chr9_haplotype2-0000050:39538379-48465662/cdrs.bed, results/11-moddotplot/combined/bed/chr9/T2T18_rc-chr9_haplotype2-0000050:39538379-48465662/sat_annot.bed, results/11-moddotplot/combined/bed/chr9/T2T18_rc-chr9_haplotype2-0000050:39538379-48465662/ident.bedpe, results/11-moddotplot/combined/bed/chr9/T2T18_rc-chr9_haplotype2-0000050:39538379-48465662/stv.bed, results/11-moddotplot/combined/bed/chr9/T2T18_rc-chr9_haplotype2-0000050:39538379-48465662/methyl.bed
    output: results/11-moddotplot/combined/plots/chr9/T2T18_rc-chr9_haplotype2-0000050:39538379-48465662.yaml
    log: logs/11-moddotplot/modify_moddotplot_cenplot_tracks_chr9_T2T18_rc-chr9_haplotype2-0000050:39538379-48465662.log
    jobid: 958
    reason: Input files updated by another job: results/11-moddotplot/combined/bed/chr9/T2T18_rc-chr9_haplotype2-0000050:39538379-48465662/sat_annot.bed, results/11-moddotplot/combined/bed/chr9/T2T18_rc-chr9_haplotype2-0000050:39538379-48465662/methyl.bed, results/11-moddotplot/combined/bed/chr9/T2T18_rc-chr9_haplotype2-0000050:39538379-48465662/cdrs.bed, results/11-moddotplot/combined/bed/chr9/T2T18_rc-chr9_haplotype2-0000050:39538379-48465662/stv.bed, results/11-moddotplot/combined/bed/chr9/T2T18_rc-chr9_haplotype2-0000050:39538379-48465662/ident.bedpe
    wildcards: chr=chr9, fname=T2T18_rc-chr9_haplotype2-0000050:39538379-48465662
    resources: mem_mb=8000, mem_mib=7630, disk_mb=1000, disk_mib=954, tmpdir=/tmp, mem=8GB
Shell command: 
        python /home/ukt.ad.local/ahgrosc1/.cache/snakemake/snakemake/source-cache/runtime-cache/tmpvv5_ue2g/file/mnt/storage3b/projects/no_ngsd/ahthapp1_T2T_ONT/analysis_other/cenmap_single/T2T18/workflow/rules/../scripts/format_cenplot_yaml.py         -i '{"cdr": "results/11-moddotplot/combined/bed/chr9/T2T18_rc-chr9_haplotype2-0000050:39538379-48465662/cdrs.bed", "rm": "results/11-moddotplot/combined/bed/chr9/T2T18_rc-chr9_haplotype2-0000050:39538379-48465662/sat_annot.bed", "ident": "results/11-moddotplot/combined/bed/chr9/T2T18_rc-chr9_haplotype2-0000050:39538379-48465662/ident.bedpe", "stv": "results/11-moddotplot/combined/bed/chr9/T2T18_rc-chr9_haplotype2-0000050:39538379-48465662/stv.bed", "methyl": "results/11-moddotplot/combined/bed/chr9/T2T18_rc-chr9_haplotype2-0000050:39538379-48465662/methyl.bed"}'         -t /home/ukt.ad.local/ahgrosc1/.cache/snakemake/snakemake/source-cache/runtime-cache/tmpvv5_ue2g/file/mnt/storage3b/projects/no_ngsd/ahthapp1_T2T_ONT/analysis_other/cenmap_single/T2T18/workflow/rules/../scripts/cenplot_moddotplot.yaml         --options '{"hor": {"color_map_file": "/mnt/storage3b/projects/no_ngsd/ahthapp1_T2T_ONT/analysis_other/cenmap_single/T2T18/config/stv_annot_colors.tsv"}}' > results/11-moddotplot/combined/plots/chr9/T2T18_rc-chr9_haplotype2-0000050:39538379-48465662.yaml 2> logs/11-moddotplot/modify_moddotplot_cenplot_tracks_chr9_T2T18_rc-chr9_haplotype2-0000050:39538379-48465662.log
        

[Thu Jan  8 15:27:21 2026]
localrule modify_moddotplot_cenplot_tracks:
    input: results/11-moddotplot/combined/bed/chr20/T2T18_chr20_haplotype1-0000020:25335212-33443453/cdrs.bed, results/11-moddotplot/combined/bed/chr20/T2T18_chr20_haplotype1-0000020:25335212-33443453/sat_annot.bed, results/11-moddotplot/combined/bed/chr20/T2T18_chr20_haplotype1-0000020:25335212-33443453/ident.bedpe, results/11-moddotplot/combined/bed/chr20/T2T18_chr20_haplotype1-0000020:25335212-33443453/stv.bed, results/11-moddotplot/combined/bed/chr20/T2T18_chr20_haplotype1-0000020:25335212-33443453/methyl.bed
    output: results/11-moddotplot/combined/plots/chr20/T2T18_chr20_haplotype1-0000020:25335212-33443453.yaml
    log: logs/11-moddotplot/modify_moddotplot_cenplot_tracks_chr20_T2T18_chr20_haplotype1-0000020:25335212-33443453.log
    jobid: 1054
    reason: Input files updated by another job: results/11-moddotplot/combined/bed/chr20/T2T18_chr20_haplotype1-0000020:25335212-33443453/methyl.bed, results/11-moddotplot/combined/bed/chr20/T2T18_chr20_haplotype1-0000020:25335212-33443453/cdrs.bed, results/11-moddotplot/combined/bed/chr20/T2T18_chr20_haplotype1-0000020:25335212-33443453/sat_annot.bed, results/11-moddotplot/combined/bed/chr20/T2T18_chr20_haplotype1-0000020:25335212-33443453/ident.bedpe, results/11-moddotplot/combined/bed/chr20/T2T18_chr20_haplotype1-0000020:25335212-33443453/stv.bed
    wildcards: chr=chr20, fname=T2T18_chr20_haplotype1-0000020:25335212-33443453
    resources: mem_mb=8000, mem_mib=7630, disk_mb=1000, disk_mib=954, tmpdir=/tmp, mem=8GB
Shell command: 
        python /home/ukt.ad.local/ahgrosc1/.cache/snakemake/snakemake/source-cache/runtime-cache/tmpvv5_ue2g/file/mnt/storage3b/projects/no_ngsd/ahthapp1_T2T_ONT/analysis_other/cenmap_single/T2T18/workflow/rules/../scripts/format_cenplot_yaml.py         -i '{"cdr": "results/11-moddotplot/combined/bed/chr20/T2T18_chr20_haplotype1-0000020:25335212-33443453/cdrs.bed", "rm": "results/11-moddotplot/combined/bed/chr20/T2T18_chr20_haplotype1-0000020:25335212-33443453/sat_annot.bed", "ident": "results/11-moddotplot/combined/bed/chr20/T2T18_chr20_haplotype1-0000020:25335212-33443453/ident.bedpe", "stv": "results/11-moddotplot/combined/bed/chr20/T2T18_chr20_haplotype1-0000020:25335212-33443453/stv.bed", "methyl": "results/11-moddotplot/combined/bed/chr20/T2T18_chr20_haplotype1-0000020:25335212-33443453/methyl.bed"}'         -t /home/ukt.ad.local/ahgrosc1/.cache/snakemake/snakemake/source-cache/runtime-cache/tmpvv5_ue2g/file/mnt/storage3b/projects/no_ngsd/ahthapp1_T2T_ONT/analysis_other/cenmap_single/T2T18/workflow/rules/../scripts/cenplot_moddotplot.yaml         --options '{"hor": {"color_map_file": "/mnt/storage3b/projects/no_ngsd/ahthapp1_T2T_ONT/analysis_other/cenmap_single/T2T18/config/stv_annot_colors.tsv"}}' > results/11-moddotplot/combined/plots/chr20/T2T18_chr20_haplotype1-0000020:25335212-33443453.yaml 2> logs/11-moddotplot/modify_moddotplot_cenplot_tracks_chr20_T2T18_chr20_haplotype1-0000020:25335212-33443453.log
        

[Thu Jan  8 15:27:22 2026]
localrule modify_moddotplot_cenplot_tracks:
    input: results/11-moddotplot/combined/bed/chr22/T2T18_chr22_haplotype2-0000045:2-11064037/cdrs.bed, results/11-moddotplot/combined/bed/chr22/T2T18_chr22_haplotype2-0000045:2-11064037/sat_annot.bed, results/11-moddotplot/combined/bed/chr22/T2T18_chr22_haplotype2-0000045:2-11064037/ident.bedpe, results/11-moddotplot/combined/bed/chr22/T2T18_chr22_haplotype2-0000045:2-11064037/stv.bed, results/11-moddotplot/combined/bed/chr22/T2T18_chr22_haplotype2-0000045:2-11064037/methyl.bed
    output: results/11-moddotplot/combined/plots/chr22/T2T18_chr22_haplotype2-0000045:2-11064037.yaml
    log: logs/11-moddotplot/modify_moddotplot_cenplot_tracks_chr22_T2T18_chr22_haplotype2-0000045:2-11064037.log
    jobid: 1081
    reason: Input files updated by another job: results/11-moddotplot/combined/bed/chr22/T2T18_chr22_haplotype2-0000045:2-11064037/ident.bedpe, results/11-moddotplot/combined/bed/chr22/T2T18_chr22_haplotype2-0000045:2-11064037/methyl.bed, results/11-moddotplot/combined/bed/chr22/T2T18_chr22_haplotype2-0000045:2-11064037/stv.bed, results/11-moddotplot/combined/bed/chr22/T2T18_chr22_haplotype2-0000045:2-11064037/cdrs.bed, results/11-moddotplot/combined/bed/chr22/T2T18_chr22_haplotype2-0000045:2-11064037/sat_annot.bed
    wildcards: chr=chr22, fname=T2T18_chr22_haplotype2-0000045:2-11064037
    resources: mem_mb=8000, mem_mib=7630, disk_mb=1000, disk_mib=954, tmpdir=/tmp, mem=8GB
Shell command: 
        python /home/ukt.ad.local/ahgrosc1/.cache/snakemake/snakemake/source-cache/runtime-cache/tmpvv5_ue2g/file/mnt/storage3b/projects/no_ngsd/ahthapp1_T2T_ONT/analysis_other/cenmap_single/T2T18/workflow/rules/../scripts/format_cenplot_yaml.py         -i '{"cdr": "results/11-moddotplot/combined/bed/chr22/T2T18_chr22_haplotype2-0000045:2-11064037/cdrs.bed", "rm": "results/11-moddotplot/combined/bed/chr22/T2T18_chr22_haplotype2-0000045:2-11064037/sat_annot.bed", "ident": "results/11-moddotplot/combined/bed/chr22/T2T18_chr22_haplotype2-0000045:2-11064037/ident.bedpe", "stv": "results/11-moddotplot/combined/bed/chr22/T2T18_chr22_haplotype2-0000045:2-11064037/stv.bed", "methyl": "results/11-moddotplot/combined/bed/chr22/T2T18_chr22_haplotype2-0000045:2-11064037/methyl.bed"}'         -t /home/ukt.ad.local/ahgrosc1/.cache/snakemake/snakemake/source-cache/runtime-cache/tmpvv5_ue2g/file/mnt/storage3b/projects/no_ngsd/ahthapp1_T2T_ONT/analysis_other/cenmap_single/T2T18/workflow/rules/../scripts/cenplot_moddotplot.yaml         --options '{"hor": {"color_map_file": "/mnt/storage3b/projects/no_ngsd/ahthapp1_T2T_ONT/analysis_other/cenmap_single/T2T18/config/stv_annot_colors.tsv"}}' > results/11-moddotplot/combined/plots/chr22/T2T18_chr22_haplotype2-0000045:2-11064037.yaml 2> logs/11-moddotplot/modify_moddotplot_cenplot_tracks_chr22_T2T18_chr22_haplotype2-0000045:2-11064037.log
        

[Thu Jan  8 15:27:22 2026]
localrule modify_moddotplot_cenplot_tracks:
    input: results/11-moddotplot/combined/bed/chr6/T2T18_rc-chr6_haplotype1-0000009:57407496-65427129/cdrs.bed, results/11-moddotplot/combined/bed/chr6/T2T18_rc-chr6_haplotype1-0000009:57407496-65427129/sat_annot.bed, results/11-moddotplot/combined/bed/chr6/T2T18_rc-chr6_haplotype1-0000009:57407496-65427129/ident.bedpe, results/11-moddotplot/combined/bed/chr6/T2T18_rc-chr6_haplotype1-0000009:57407496-65427129/stv.bed, results/11-moddotplot/combined/bed/chr6/T2T18_rc-chr6_haplotype1-0000009:57407496-65427129/methyl.bed
    output: results/11-moddotplot/combined/plots/chr6/T2T18_rc-chr6_haplotype1-0000009:57407496-65427129.yaml
    log: logs/11-moddotplot/modify_moddotplot_cenplot_tracks_chr6_T2T18_rc-chr6_haplotype1-0000009:57407496-65427129.log
    jobid: 926
    reason: Input files updated by another job: results/11-moddotplot/combined/bed/chr6/T2T18_rc-chr6_haplotype1-0000009:57407496-65427129/stv.bed, results/11-moddotplot/combined/bed/chr6/T2T18_rc-chr6_haplotype1-0000009:57407496-65427129/methyl.bed, results/11-moddotplot/combined/bed/chr6/T2T18_rc-chr6_haplotype1-0000009:57407496-65427129/cdrs.bed, results/11-moddotplot/combined/bed/chr6/T2T18_rc-chr6_haplotype1-0000009:57407496-65427129/sat_annot.bed, results/11-moddotplot/combined/bed/chr6/T2T18_rc-chr6_haplotype1-0000009:57407496-65427129/ident.bedpe
    wildcards: chr=chr6, fname=T2T18_rc-chr6_haplotype1-0000009:57407496-65427129
    resources: mem_mb=8000, mem_mib=7630, disk_mb=1000, disk_mib=954, tmpdir=/tmp, mem=8GB
Shell command: 
        python /home/ukt.ad.local/ahgrosc1/.cache/snakemake/snakemake/source-cache/runtime-cache/tmpvv5_ue2g/file/mnt/storage3b/projects/no_ngsd/ahthapp1_T2T_ONT/analysis_other/cenmap_single/T2T18/workflow/rules/../scripts/format_cenplot_yaml.py         -i '{"cdr": "results/11-moddotplot/combined/bed/chr6/T2T18_rc-chr6_haplotype1-0000009:57407496-65427129/cdrs.bed", "rm": "results/11-moddotplot/combined/bed/chr6/T2T18_rc-chr6_haplotype1-0000009:57407496-65427129/sat_annot.bed", "ident": "results/11-moddotplot/combined/bed/chr6/T2T18_rc-chr6_haplotype1-0000009:57407496-65427129/ident.bedpe", "stv": "results/11-moddotplot/combined/bed/chr6/T2T18_rc-chr6_haplotype1-0000009:57407496-65427129/stv.bed", "methyl": "results/11-moddotplot/combined/bed/chr6/T2T18_rc-chr6_haplotype1-0000009:57407496-65427129/methyl.bed"}'         -t /home/ukt.ad.local/ahgrosc1/.cache/snakemake/snakemake/source-cache/runtime-cache/tmpvv5_ue2g/file/mnt/storage3b/projects/no_ngsd/ahthapp1_T2T_ONT/analysis_other/cenmap_single/T2T18/workflow/rules/../scripts/cenplot_moddotplot.yaml         --options '{"hor": {"color_map_file": "/mnt/storage3b/projects/no_ngsd/ahthapp1_T2T_ONT/analysis_other/cenmap_single/T2T18/config/stv_annot_colors.tsv"}}' > results/11-moddotplot/combined/plots/chr6/T2T18_rc-chr6_haplotype1-0000009:57407496-65427129.yaml 2> logs/11-moddotplot/modify_moddotplot_cenplot_tracks_chr6_T2T18_rc-chr6_haplotype1-0000009:57407496-65427129.log
        
[Thu Jan  8 15:27:22 2026]
Finished jobid: 1086 (Rule: filter_annotations_moddotplot)
80 of 325 steps (25%) done
[Thu Jan  8 15:27:22 2026]
Finished jobid: 1049 (Rule: modify_moddotplot_cenplot_tracks)
81 of 325 steps (25%) done
[Thu Jan  8 15:27:22 2026]
Finished jobid: 937 (Rule: modify_moddotplot_cenplot_tracks)
82 of 325 steps (25%) done
[Thu Jan  8 15:27:22 2026]
Finished jobid: 1067 (Rule: filter_annotations_moddotplot)
83 of 325 steps (26%) done
[Thu Jan  8 15:27:22 2026]
Finished jobid: 953 (Rule: filter_annotations_moddotplot)
84 of 325 steps (26%) done
[Thu Jan  8 15:27:22 2026]
Finished jobid: 977 (Rule: modify_moddotplot_cenplot_tracks)
85 of 325 steps (26%) done
[Thu Jan  8 15:27:22 2026]
Finished jobid: 934 (Rule: modify_moddotplot_cenplot_tracks)
86 of 325 steps (26%) done
[Thu Jan  8 15:27:22 2026]
Finished jobid: 1046 (Rule: modify_moddotplot_cenplot_tracks)
87 of 325 steps (27%) done
[Thu Jan  8 15:27:22 2026]
Finished jobid: 911 (Rule: filter_annotations_moddotplot)
88 of 325 steps (27%) done
[Thu Jan  8 15:27:22 2026]
Finished jobid: 1023 (Rule: filter_annotations_moddotplot)
89 of 325 steps (27%) done
[Thu Jan  8 15:27:22 2026]
Finished jobid: 974 (Rule: modify_moddotplot_cenplot_tracks)
90 of 325 steps (28%) done
[Thu Jan  8 15:27:22 2026]
Finished jobid: 881 (Rule: modify_moddotplot_cenplot_tracks)
91 of 325 steps (28%) done
[Thu Jan  8 15:27:22 2026]
Finished jobid: 902 (Rule: modify_moddotplot_cenplot_tracks)
92 of 325 steps (28%) done
[Thu Jan  8 15:27:23 2026]
Finished jobid: 958 (Rule: modify_moddotplot_cenplot_tracks)
93 of 325 steps (29%) done
Select jobs to execute...
Execute 14 jobs...

[Thu Jan  8 15:27:23 2026]
localrule plot_cen_moddotplot:
    input: results/11-moddotplot/combined/plots/chr19/T2T18_chr19_haplotype1-0000004:23562757-30502428.yaml, results/11-moddotplot/combined/bed/chr19/T2T18_chr19_haplotype1-0000004:23562757-30502428/sat_annot.bed, results/11-moddotplot/combined/bed/chr19/T2T18_chr19_haplotype1-0000004:23562757-30502428/ident.bedpe, results/11-moddotplot/combined/bed/chr19/T2T18_chr19_haplotype1-0000004:23562757-30502428/stv.bed, results/11-moddotplot/combined/bed/chr19/T2T18_chr19_haplotype1-0000004:23562757-30502428/cdrs.bed, results/11-moddotplot/combined/bed/chr19/T2T18_chr19_haplotype1-0000004:23562757-30502428/methyl.bed
    output: results/11-moddotplot/combined/plots/chr19/T2T18_chr19_haplotype1-0000004:23562757-30502428.pdf, results/11-moddotplot/combined/plots/chr19/T2T18_chr19_haplotype1-0000004:23562757-30502428.png
    log: logs/11-moddotplot/plot_moddotplot_chr19_T2T18_chr19_haplotype1-0000004:23562757-30502428.log
    jobid: 1045
    reason: Input files updated by another job: results/11-moddotplot/combined/bed/chr19/T2T18_chr19_haplotype1-0000004:23562757-30502428/stv.bed, results/11-moddotplot/combined/plots/chr19/T2T18_chr19_haplotype1-0000004:23562757-30502428.yaml, results/11-moddotplot/combined/bed/chr19/T2T18_chr19_haplotype1-0000004:23562757-30502428/cdrs.bed, results/11-moddotplot/combined/bed/chr19/T2T18_chr19_haplotype1-0000004:23562757-30502428/ident.bedpe, results/11-moddotplot/combined/bed/chr19/T2T18_chr19_haplotype1-0000004:23562757-30502428/methyl.bed, results/11-moddotplot/combined/bed/chr19/T2T18_chr19_haplotype1-0000004:23562757-30502428/sat_annot.bed
    wildcards: chr=chr19, fname=T2T18_chr19_haplotype1-0000004:23562757-30502428
    resources: mem_mb=8000, mem_mib=7630, disk_mb=1000, disk_mib=954, tmpdir=/tmp, mem=8GB
Shell command: 
        cenplot draw -t results/11-moddotplot/combined/plots/chr19/T2T18_chr19_haplotype1-0000004:23562757-30502428.yaml -d results/11-moddotplot/combined/plots/chr19 -c T2T18_chr19_haplotype1-0000004:23562757-30502428 -p 1 2> logs/11-moddotplot/plot_moddotplot_chr19_T2T18_chr19_haplotype1-0000004:23562757-30502428.log
        

[Thu Jan  8 15:27:23 2026]
localrule plot_cen_moddotplot:
    input: results/11-moddotplot/combined/plots/chr7/T2T18_rc-chr7_haplotype1-0000005:57184703-65589918.yaml, results/11-moddotplot/combined/bed/chr7/T2T18_rc-chr7_haplotype1-0000005:57184703-65589918/sat_annot.bed, results/11-moddotplot/combined/bed/chr7/T2T18_rc-chr7_haplotype1-0000005:57184703-65589918/ident.bedpe, results/11-moddotplot/combined/bed/chr7/T2T18_rc-chr7_haplotype1-0000005:57184703-65589918/stv.bed, results/11-moddotplot/combined/bed/chr7/T2T18_rc-chr7_haplotype1-0000005:57184703-65589918/cdrs.bed, results/11-moddotplot/combined/bed/chr7/T2T18_rc-chr7_haplotype1-0000005:57184703-65589918/methyl.bed
    output: results/11-moddotplot/combined/plots/chr7/T2T18_rc-chr7_haplotype1-0000005:57184703-65589918.pdf, results/11-moddotplot/combined/plots/chr7/T2T18_rc-chr7_haplotype1-0000005:57184703-65589918.png
    log: logs/11-moddotplot/plot_moddotplot_chr7_T2T18_rc-chr7_haplotype1-0000005:57184703-65589918.log
    jobid: 933
    reason: Input files updated by another job: results/11-moddotplot/combined/bed/chr7/T2T18_rc-chr7_haplotype1-0000005:57184703-65589918/cdrs.bed, results/11-moddotplot/combined/bed/chr7/T2T18_rc-chr7_haplotype1-0000005:57184703-65589918/ident.bedpe, results/11-moddotplot/combined/bed/chr7/T2T18_rc-chr7_haplotype1-0000005:57184703-65589918/stv.bed, results/11-moddotplot/combined/bed/chr7/T2T18_rc-chr7_haplotype1-0000005:57184703-65589918/sat_annot.bed, results/11-moddotplot/combined/plots/chr7/T2T18_rc-chr7_haplotype1-0000005:57184703-65589918.yaml, results/11-moddotplot/combined/bed/chr7/T2T18_rc-chr7_haplotype1-0000005:57184703-65589918/methyl.bed
    wildcards: chr=chr7, fname=T2T18_rc-chr7_haplotype1-0000005:57184703-65589918
    resources: mem_mb=8000, mem_mib=7630, disk_mb=1000, disk_mib=954, tmpdir=/tmp, mem=8GB
Shell command: 
        cenplot draw -t results/11-moddotplot/combined/plots/chr7/T2T18_rc-chr7_haplotype1-0000005:57184703-65589918.yaml -d results/11-moddotplot/combined/plots/chr7 -c T2T18_rc-chr7_haplotype1-0000005:57184703-65589918 -p 1 2> logs/11-moddotplot/plot_moddotplot_chr7_T2T18_rc-chr7_haplotype1-0000005:57184703-65589918.log
        

[Thu Jan  8 15:27:23 2026]
localrule plot_cen_moddotplot:
    input: results/11-moddotplot/combined/plots/chr1/T2T18_rc-chr1_haplotype2-0000060:121046318-128420714.yaml, results/11-moddotplot/combined/bed/chr1/T2T18_rc-chr1_haplotype2-0000060:121046318-128420714/sat_annot.bed, results/11-moddotplot/combined/bed/chr1/T2T18_rc-chr1_haplotype2-0000060:121046318-128420714/ident.bedpe, results/11-moddotplot/combined/bed/chr1/T2T18_rc-chr1_haplotype2-0000060:121046318-128420714/stv.bed, results/11-moddotplot/combined/bed/chr1/T2T18_rc-chr1_haplotype2-0000060:121046318-128420714/cdrs.bed, results/11-moddotplot/combined/bed/chr1/T2T18_rc-chr1_haplotype2-0000060:121046318-128420714/methyl.bed
    output: results/11-moddotplot/combined/plots/chr1/T2T18_rc-chr1_haplotype2-0000060:121046318-128420714.pdf, results/11-moddotplot/combined/plots/chr1/T2T18_rc-chr1_haplotype2-0000060:121046318-128420714.png
    log: logs/11-moddotplot/plot_moddotplot_chr1_T2T18_rc-chr1_haplotype2-0000060:121046318-128420714.log
    jobid: 880
    reason: Input files updated by another job: results/11-moddotplot/combined/bed/chr1/T2T18_rc-chr1_haplotype2-0000060:121046318-128420714/ident.bedpe, results/11-moddotplot/combined/bed/chr1/T2T18_rc-chr1_haplotype2-0000060:121046318-128420714/cdrs.bed, results/11-moddotplot/combined/bed/chr1/T2T18_rc-chr1_haplotype2-0000060:121046318-128420714/stv.bed, results/11-moddotplot/combined/bed/chr1/T2T18_rc-chr1_haplotype2-0000060:121046318-128420714/sat_annot.bed, results/11-moddotplot/combined/bed/chr1/T2T18_rc-chr1_haplotype2-0000060:121046318-128420714/methyl.bed, results/11-moddotplot/combined/plots/chr1/T2T18_rc-chr1_haplotype2-0000060:121046318-128420714.yaml
    wildcards: chr=chr1, fname=T2T18_rc-chr1_haplotype2-0000060:121046318-128420714
    resources: mem_mb=8000, mem_mib=7630, disk_mb=1000, disk_mib=954, tmpdir=/tmp, mem=8GB
Shell command: 
        cenplot draw -t results/11-moddotplot/combined/plots/chr1/T2T18_rc-chr1_haplotype2-0000060:121046318-128420714.yaml -d results/11-moddotplot/combined/plots/chr1 -c T2T18_rc-chr1_haplotype2-0000060:121046318-128420714 -p 1 2> logs/11-moddotplot/plot_moddotplot_chr1_T2T18_rc-chr1_haplotype2-0000060:121046318-128420714.log
        

[Thu Jan  8 15:27:23 2026]
localrule modify_moddotplot_cenplot_tracks:
    input: results/11-moddotplot/combined/bed/chr5/T2T18_chr5_haplotype2-0000053:45230356-52066293/cdrs.bed, results/11-moddotplot/combined/bed/chr5/T2T18_chr5_haplotype2-0000053:45230356-52066293/sat_annot.bed, results/11-moddotplot/combined/bed/chr5/T2T18_chr5_haplotype2-0000053:45230356-52066293/ident.bedpe, results/11-moddotplot/combined/bed/chr5/T2T18_chr5_haplotype2-0000053:45230356-52066293/stv.bed, results/11-moddotplot/combined/bed/chr5/T2T18_chr5_haplotype2-0000053:45230356-52066293/methyl.bed
    output: results/11-moddotplot/combined/plots/chr5/T2T18_chr5_haplotype2-0000053:45230356-52066293.yaml
    log: logs/11-moddotplot/modify_moddotplot_cenplot_tracks_chr5_T2T18_chr5_haplotype2-0000053:45230356-52066293.log
    jobid: 921
    reason: Input files updated by another job: results/11-moddotplot/combined/bed/chr5/T2T18_chr5_haplotype2-0000053:45230356-52066293/cdrs.bed, results/11-moddotplot/combined/bed/chr5/T2T18_chr5_haplotype2-0000053:45230356-52066293/sat_annot.bed, results/11-moddotplot/combined/bed/chr5/T2T18_chr5_haplotype2-0000053:45230356-52066293/ident.bedpe, results/11-moddotplot/combined/bed/chr5/T2T18_chr5_haplotype2-0000053:45230356-52066293/stv.bed, results/11-moddotplot/combined/bed/chr5/T2T18_chr5_haplotype2-0000053:45230356-52066293/methyl.bed
    wildcards: chr=chr5, fname=T2T18_chr5_haplotype2-0000053:45230356-52066293
    resources: mem_mb=8000, mem_mib=7630, disk_mb=1000, disk_mib=954, tmpdir=/tmp, mem=8GB
Shell command: 
        python /home/ukt.ad.local/ahgrosc1/.cache/snakemake/snakemake/source-cache/runtime-cache/tmpvv5_ue2g/file/mnt/storage3b/projects/no_ngsd/ahthapp1_T2T_ONT/analysis_other/cenmap_single/T2T18/workflow/rules/../scripts/format_cenplot_yaml.py         -i '{"cdr": "results/11-moddotplot/combined/bed/chr5/T2T18_chr5_haplotype2-0000053:45230356-52066293/cdrs.bed", "rm": "results/11-moddotplot/combined/bed/chr5/T2T18_chr5_haplotype2-0000053:45230356-52066293/sat_annot.bed", "ident": "results/11-moddotplot/combined/bed/chr5/T2T18_chr5_haplotype2-0000053:45230356-52066293/ident.bedpe", "stv": "results/11-moddotplot/combined/bed/chr5/T2T18_chr5_haplotype2-0000053:45230356-52066293/stv.bed", "methyl": "results/11-moddotplot/combined/bed/chr5/T2T18_chr5_haplotype2-0000053:45230356-52066293/methyl.bed"}'         -t /home/ukt.ad.local/ahgrosc1/.cache/snakemake/snakemake/source-cache/runtime-cache/tmpvv5_ue2g/file/mnt/storage3b/projects/no_ngsd/ahthapp1_T2T_ONT/analysis_other/cenmap_single/T2T18/workflow/rules/../scripts/cenplot_moddotplot.yaml         --options '{"hor": {"color_map_file": "/mnt/storage3b/projects/no_ngsd/ahthapp1_T2T_ONT/analysis_other/cenmap_single/T2T18/config/stv_annot_colors.tsv"}}' > results/11-moddotplot/combined/plots/chr5/T2T18_chr5_haplotype2-0000053:45230356-52066293.yaml 2> logs/11-moddotplot/modify_moddotplot_cenplot_tracks_chr5_T2T18_chr5_haplotype2-0000053:45230356-52066293.log
        

[Thu Jan  8 15:27:23 2026]
localrule plot_cen_moddotplot:
    input: results/11-moddotplot/combined/plots/chr11/T2T18_rc-chr11_haplotype1-0000002:47790941-55351886.yaml, results/11-moddotplot/combined/bed/chr11/T2T18_rc-chr11_haplotype1-0000002:47790941-55351886/sat_annot.bed, results/11-moddotplot/combined/bed/chr11/T2T18_rc-chr11_haplotype1-0000002:47790941-55351886/ident.bedpe, results/11-moddotplot/combined/bed/chr11/T2T18_rc-chr11_haplotype1-0000002:47790941-55351886/stv.bed, results/11-moddotplot/combined/bed/chr11/T2T18_rc-chr11_haplotype1-0000002:47790941-55351886/cdrs.bed, results/11-moddotplot/combined/bed/chr11/T2T18_rc-chr11_haplotype1-0000002:47790941-55351886/methyl.bed
    output: results/11-moddotplot/combined/plots/chr11/T2T18_rc-chr11_haplotype1-0000002:47790941-55351886.pdf, results/11-moddotplot/combined/plots/chr11/T2T18_rc-chr11_haplotype1-0000002:47790941-55351886.png
    log: logs/11-moddotplot/plot_moddotplot_chr11_T2T18_rc-chr11_haplotype1-0000002:47790941-55351886.log
    jobid: 973
    reason: Input files updated by another job: results/11-moddotplot/combined/bed/chr11/T2T18_rc-chr11_haplotype1-0000002:47790941-55351886/sat_annot.bed, results/11-moddotplot/combined/bed/chr11/T2T18_rc-chr11_haplotype1-0000002:47790941-55351886/methyl.bed, results/11-moddotplot/combined/bed/chr11/T2T18_rc-chr11_haplotype1-0000002:47790941-55351886/ident.bedpe, results/11-moddotplot/combined/bed/chr11/T2T18_rc-chr11_haplotype1-0000002:47790941-55351886/cdrs.bed, results/11-moddotplot/combined/bed/chr11/T2T18_rc-chr11_haplotype1-0000002:47790941-55351886/stv.bed, results/11-moddotplot/combined/plots/chr11/T2T18_rc-chr11_haplotype1-0000002:47790941-55351886.yaml
    wildcards: chr=chr11, fname=T2T18_rc-chr11_haplotype1-0000002:47790941-55351886
    resources: mem_mb=8000, mem_mib=7630, disk_mb=1000, disk_mib=954, tmpdir=/tmp, mem=8GB
Shell command: 
        cenplot draw -t results/11-moddotplot/combined/plots/chr11/T2T18_rc-chr11_haplotype1-0000002:47790941-55351886.yaml -d results/11-moddotplot/combined/plots/chr11 -c T2T18_rc-chr11_haplotype1-0000002:47790941-55351886 -p 1 2> logs/11-moddotplot/plot_moddotplot_chr11_T2T18_rc-chr11_haplotype1-0000002:47790941-55351886.log
        

[Thu Jan  8 15:27:24 2026]
localrule modify_moddotplot_cenplot_tracks:
    input: results/11-moddotplot/combined/bed/chr5/T2T18_chr5_haplotype1-0000018:45418474-52065082/cdrs.bed, results/11-moddotplot/combined/bed/chr5/T2T18_chr5_haplotype1-0000018:45418474-52065082/sat_annot.bed, results/11-moddotplot/combined/bed/chr5/T2T18_chr5_haplotype1-0000018:45418474-52065082/ident.bedpe, results/11-moddotplot/combined/bed/chr5/T2T18_chr5_haplotype1-0000018:45418474-52065082/stv.bed, results/11-moddotplot/combined/bed/chr5/T2T18_chr5_haplotype1-0000018:45418474-52065082/methyl.bed
    output: results/11-moddotplot/combined/plots/chr5/T2T18_chr5_haplotype1-0000018:45418474-52065082.yaml
    log: logs/11-moddotplot/modify_moddotplot_cenplot_tracks_chr5_T2T18_chr5_haplotype1-0000018:45418474-52065082.log
    jobid: 918
    reason: Input files updated by another job: results/11-moddotplot/combined/bed/chr5/T2T18_chr5_haplotype1-0000018:45418474-52065082/sat_annot.bed, results/11-moddotplot/combined/bed/chr5/T2T18_chr5_haplotype1-0000018:45418474-52065082/cdrs.bed, results/11-moddotplot/combined/bed/chr5/T2T18_chr5_haplotype1-0000018:45418474-52065082/methyl.bed, results/11-moddotplot/combined/bed/chr5/T2T18_chr5_haplotype1-0000018:45418474-52065082/ident.bedpe, results/11-moddotplot/combined/bed/chr5/T2T18_chr5_haplotype1-0000018:45418474-52065082/stv.bed
    wildcards: chr=chr5, fname=T2T18_chr5_haplotype1-0000018:45418474-52065082
    resources: mem_mb=8000, mem_mib=7630, disk_mb=1000, disk_mib=954, tmpdir=/tmp, mem=8GB
Shell command: 
        python /home/ukt.ad.local/ahgrosc1/.cache/snakemake/snakemake/source-cache/runtime-cache/tmpvv5_ue2g/file/mnt/storage3b/projects/no_ngsd/ahthapp1_T2T_ONT/analysis_other/cenmap_single/T2T18/workflow/rules/../scripts/format_cenplot_yaml.py         -i '{"cdr": "results/11-moddotplot/combined/bed/chr5/T2T18_chr5_haplotype1-0000018:45418474-52065082/cdrs.bed", "rm": "results/11-moddotplot/combined/bed/chr5/T2T18_chr5_haplotype1-0000018:45418474-52065082/sat_annot.bed", "ident": "results/11-moddotplot/combined/bed/chr5/T2T18_chr5_haplotype1-0000018:45418474-52065082/ident.bedpe", "stv": "results/11-moddotplot/combined/bed/chr5/T2T18_chr5_haplotype1-0000018:45418474-52065082/stv.bed", "methyl": "results/11-moddotplot/combined/bed/chr5/T2T18_chr5_haplotype1-0000018:45418474-52065082/methyl.bed"}'         -t /home/ukt.ad.local/ahgrosc1/.cache/snakemake/snakemake/source-cache/runtime-cache/tmpvv5_ue2g/file/mnt/storage3b/projects/no_ngsd/ahthapp1_T2T_ONT/analysis_other/cenmap_single/T2T18/workflow/rules/../scripts/cenplot_moddotplot.yaml         --options '{"hor": {"color_map_file": "/mnt/storage3b/projects/no_ngsd/ahthapp1_T2T_ONT/analysis_other/cenmap_single/T2T18/config/stv_annot_colors.tsv"}}' > results/11-moddotplot/combined/plots/chr5/T2T18_chr5_haplotype1-0000018:45418474-52065082.yaml 2> logs/11-moddotplot/modify_moddotplot_cenplot_tracks_chr5_T2T18_chr5_haplotype1-0000018:45418474-52065082.log
        

[Thu Jan  8 15:27:24 2026]
localrule modify_moddotplot_cenplot_tracks:
    input: results/11-moddotplot/combined/bed/chr17/T2T18_rc-chr17_haplotype1-0000007:21854791-28485752/cdrs.bed, results/11-moddotplot/combined/bed/chr17/T2T18_rc-chr17_haplotype1-0000007:21854791-28485752/sat_annot.bed, results/11-moddotplot/combined/bed/chr17/T2T18_rc-chr17_haplotype1-0000007:21854791-28485752/ident.bedpe, results/11-moddotplot/combined/bed/chr17/T2T18_rc-chr17_haplotype1-0000007:21854791-28485752/stv.bed, results/11-moddotplot/combined/bed/chr17/T2T18_rc-chr17_haplotype1-0000007:21854791-28485752/methyl.bed
    output: results/11-moddotplot/combined/plots/chr17/T2T18_rc-chr17_haplotype1-0000007:21854791-28485752.yaml
    log: logs/11-moddotplot/modify_moddotplot_cenplot_tracks_chr17_T2T18_rc-chr17_haplotype1-0000007:21854791-28485752.log
    jobid: 1030
    reason: Input files updated by another job: results/11-moddotplot/combined/bed/chr17/T2T18_rc-chr17_haplotype1-0000007:21854791-28485752/sat_annot.bed, results/11-moddotplot/combined/bed/chr17/T2T18_rc-chr17_haplotype1-0000007:21854791-28485752/methyl.bed, results/11-moddotplot/combined/bed/chr17/T2T18_rc-chr17_haplotype1-0000007:21854791-28485752/stv.bed, results/11-moddotplot/combined/bed/chr17/T2T18_rc-chr17_haplotype1-0000007:21854791-28485752/ident.bedpe, results/11-moddotplot/combined/bed/chr17/T2T18_rc-chr17_haplotype1-0000007:21854791-28485752/cdrs.bed
    wildcards: chr=chr17, fname=T2T18_rc-chr17_haplotype1-0000007:21854791-28485752
    resources: mem_mb=8000, mem_mib=7630, disk_mb=1000, disk_mib=954, tmpdir=/tmp, mem=8GB
Shell command: 
        python /home/ukt.ad.local/ahgrosc1/.cache/snakemake/snakemake/source-cache/runtime-cache/tmpvv5_ue2g/file/mnt/storage3b/projects/no_ngsd/ahthapp1_T2T_ONT/analysis_other/cenmap_single/T2T18/workflow/rules/../scripts/format_cenplot_yaml.py         -i '{"cdr": "results/11-moddotplot/combined/bed/chr17/T2T18_rc-chr17_haplotype1-0000007:21854791-28485752/cdrs.bed", "rm": "results/11-moddotplot/combined/bed/chr17/T2T18_rc-chr17_haplotype1-0000007:21854791-28485752/sat_annot.bed", "ident": "results/11-moddotplot/combined/bed/chr17/T2T18_rc-chr17_haplotype1-0000007:21854791-28485752/ident.bedpe", "stv": "results/11-moddotplot/combined/bed/chr17/T2T18_rc-chr17_haplotype1-0000007:21854791-28485752/stv.bed", "methyl": "results/11-moddotplot/combined/bed/chr17/T2T18_rc-chr17_haplotype1-0000007:21854791-28485752/methyl.bed"}'         -t /home/ukt.ad.local/ahgrosc1/.cache/snakemake/snakemake/source-cache/runtime-cache/tmpvv5_ue2g/file/mnt/storage3b/projects/no_ngsd/ahthapp1_T2T_ONT/analysis_other/cenmap_single/T2T18/workflow/rules/../scripts/cenplot_moddotplot.yaml         --options '{"hor": {"color_map_file": "/mnt/storage3b/projects/no_ngsd/ahthapp1_T2T_ONT/analysis_other/cenmap_single/T2T18/config/stv_annot_colors.tsv"}}' > results/11-moddotplot/combined/plots/chr17/T2T18_rc-chr17_haplotype1-0000007:21854791-28485752.yaml 2> logs/11-moddotplot/modify_moddotplot_cenplot_tracks_chr17_T2T18_rc-chr17_haplotype1-0000007:21854791-28485752.log
        

[Thu Jan  8 15:27:24 2026]
localrule plot_cen_moddotplot:
    input: results/11-moddotplot/combined/plots/chr3/T2T18_rc-chr3_haplotype1-0000016:89354245-99993629.yaml, results/11-moddotplot/combined/bed/chr3/T2T18_rc-chr3_haplotype1-0000016:89354245-99993629/sat_annot.bed, results/11-moddotplot/combined/bed/chr3/T2T18_rc-chr3_haplotype1-0000016:89354245-99993629/ident.bedpe, results/11-moddotplot/combined/bed/chr3/T2T18_rc-chr3_haplotype1-0000016:89354245-99993629/stv.bed, results/11-moddotplot/combined/bed/chr3/T2T18_rc-chr3_haplotype1-0000016:89354245-99993629/cdrs.bed, results/11-moddotplot/combined/bed/chr3/T2T18_rc-chr3_haplotype1-0000016:89354245-99993629/methyl.bed
    output: results/11-moddotplot/combined/plots/chr3/T2T18_rc-chr3_haplotype1-0000016:89354245-99993629.pdf, results/11-moddotplot/combined/plots/chr3/T2T18_rc-chr3_haplotype1-0000016:89354245-99993629.png
    log: logs/11-moddotplot/plot_moddotplot_chr3_T2T18_rc-chr3_haplotype1-0000016:89354245-99993629.log
    jobid: 901
    reason: Input files updated by another job: results/11-moddotplot/combined/bed/chr3/T2T18_rc-chr3_haplotype1-0000016:89354245-99993629/cdrs.bed, results/11-moddotplot/combined/bed/chr3/T2T18_rc-chr3_haplotype1-0000016:89354245-99993629/stv.bed, results/11-moddotplot/combined/bed/chr3/T2T18_rc-chr3_haplotype1-0000016:89354245-99993629/sat_annot.bed, results/11-moddotplot/combined/plots/chr3/T2T18_rc-chr3_haplotype1-0000016:89354245-99993629.yaml, results/11-moddotplot/combined/bed/chr3/T2T18_rc-chr3_haplotype1-0000016:89354245-99993629/ident.bedpe, results/11-moddotplot/combined/bed/chr3/T2T18_rc-chr3_haplotype1-0000016:89354245-99993629/methyl.bed
    wildcards: chr=chr3, fname=T2T18_rc-chr3_haplotype1-0000016:89354245-99993629
    resources: mem_mb=8000, mem_mib=7630, disk_mb=1000, disk_mib=954, tmpdir=/tmp, mem=8GB
Shell command: 
        cenplot draw -t results/11-moddotplot/combined/plots/chr3/T2T18_rc-chr3_haplotype1-0000016:89354245-99993629.yaml -d results/11-moddotplot/combined/plots/chr3 -c T2T18_rc-chr3_haplotype1-0000016:89354245-99993629 -p 1 2> logs/11-moddotplot/plot_moddotplot_chr3_T2T18_rc-chr3_haplotype1-0000016:89354245-99993629.log
        

[Thu Jan  8 15:27:24 2026]
localrule modify_moddotplot_cenplot_tracks:
    input: results/11-moddotplot/combined/bed/chrX/T2T18_chrX_haplotype2-0000059:56691259-63363821/cdrs.bed, results/11-moddotplot/combined/bed/chrX/T2T18_chrX_haplotype2-0000059:56691259-63363821/sat_annot.bed, results/11-moddotplot/combined/bed/chrX/T2T18_chrX_haplotype2-0000059:56691259-63363821/ident.bedpe, results/11-moddotplot/combined/bed/chrX/T2T18_chrX_haplotype2-0000059:56691259-63363821/stv.bed, results/11-moddotplot/combined/bed/chrX/T2T18_chrX_haplotype2-0000059:56691259-63363821/methyl.bed
    output: results/11-moddotplot/combined/plots/chrX/T2T18_chrX_haplotype2-0000059:56691259-63363821.yaml
    log: logs/11-moddotplot/modify_moddotplot_cenplot_tracks_chrX_T2T18_chrX_haplotype2-0000059:56691259-63363821.log
    jobid: 1085
    reason: Input files updated by another job: results/11-moddotplot/combined/bed/chrX/T2T18_chrX_haplotype2-0000059:56691259-63363821/stv.bed, results/11-moddotplot/combined/bed/chrX/T2T18_chrX_haplotype2-0000059:56691259-63363821/ident.bedpe, results/11-moddotplot/combined/bed/chrX/T2T18_chrX_haplotype2-0000059:56691259-63363821/cdrs.bed, results/11-moddotplot/combined/bed/chrX/T2T18_chrX_haplotype2-0000059:56691259-63363821/sat_annot.bed, results/11-moddotplot/combined/bed/chrX/T2T18_chrX_haplotype2-0000059:56691259-63363821/methyl.bed
    wildcards: chr=chrX, fname=T2T18_chrX_haplotype2-0000059:56691259-63363821
    resources: mem_mb=8000, mem_mib=7630, disk_mb=1000, disk_mib=954, tmpdir=/tmp, mem=8GB
Shell command: 
        python /home/ukt.ad.local/ahgrosc1/.cache/snakemake/snakemake/source-cache/runtime-cache/tmpvv5_ue2g/file/mnt/storage3b/projects/no_ngsd/ahthapp1_T2T_ONT/analysis_other/cenmap_single/T2T18/workflow/rules/../scripts/format_cenplot_yaml.py         -i '{"cdr": "results/11-moddotplot/combined/bed/chrX/T2T18_chrX_haplotype2-0000059:56691259-63363821/cdrs.bed", "rm": "results/11-moddotplot/combined/bed/chrX/T2T18_chrX_haplotype2-0000059:56691259-63363821/sat_annot.bed", "ident": "results/11-moddotplot/combined/bed/chrX/T2T18_chrX_haplotype2-0000059:56691259-63363821/ident.bedpe", "stv": "results/11-moddotplot/combined/bed/chrX/T2T18_chrX_haplotype2-0000059:56691259-63363821/stv.bed", "methyl": "results/11-moddotplot/combined/bed/chrX/T2T18_chrX_haplotype2-0000059:56691259-63363821/methyl.bed"}'         -t /home/ukt.ad.local/ahgrosc1/.cache/snakemake/snakemake/source-cache/runtime-cache/tmpvv5_ue2g/file/mnt/storage3b/projects/no_ngsd/ahthapp1_T2T_ONT/analysis_other/cenmap_single/T2T18/workflow/rules/../scripts/cenplot_moddotplot.yaml         --options '{"hor": {"color_map_file": "/mnt/storage3b/projects/no_ngsd/ahthapp1_T2T_ONT/analysis_other/cenmap_single/T2T18/config/stv_annot_colors.tsv"}}' > results/11-moddotplot/combined/plots/chrX/T2T18_chrX_haplotype2-0000059:56691259-63363821.yaml 2> logs/11-moddotplot/modify_moddotplot_cenplot_tracks_chrX_T2T18_chrX_haplotype2-0000059:56691259-63363821.log
        

[Thu Jan  8 15:27:24 2026]
localrule filter_annotations_moddotplot:
    input: results/10-format_hor_stv/bed/chr14/stv_all.bed, results/8-format_repeatmasker_sat_annot/bed/all_cens.annotation.bed, results/8-cdr_finder/bed/all_cdrs.bed, results/8-cdr_finder/bed/all_binned_freq.bed, results/11-moddotplot/original/chr14/T2T18_chr14_haplotype2-0000057:6828751-13606881/T2T18_chr14_haplotype2-0000057:6828751-13606881.bed
    output: results/11-moddotplot/combined/bed/chr14/T2T18_chr14_haplotype2-0000057:6828751-13606881/sat_annot.bed, results/11-moddotplot/combined/bed/chr14/T2T18_chr14_haplotype2-0000057:6828751-13606881/ident.bedpe, results/11-moddotplot/combined/bed/chr14/T2T18_chr14_haplotype2-0000057:6828751-13606881/stv.bed, results/11-moddotplot/combined/bed/chr14/T2T18_chr14_haplotype2-0000057:6828751-13606881/cdrs.bed, results/11-moddotplot/combined/bed/chr14/T2T18_chr14_haplotype2-0000057:6828751-13606881/methyl.bed
    jobid: 1006
    reason: Missing output files: results/11-moddotplot/combined/bed/chr14/T2T18_chr14_haplotype2-0000057:6828751-13606881/ident.bedpe; Input files updated by another job: results/8-cdr_finder/bed/all_cdrs.bed, results/8-cdr_finder/bed/all_binned_freq.bed
    wildcards: chr=chr14, fname=T2T18_chr14_haplotype2-0000057:6828751-13606881
    resources: mem_mb=8000, mem_mib=7630, disk_mb=1000, disk_mib=954, tmpdir=/tmp, mem=8GB
Shell command: 
        ( grep 'T2T18_chr14_haplotype2-0000057:6828751-13606881' results/8-format_repeatmasker_sat_annot/bed/all_cens.annotation.bed || true ) > results/11-moddotplot/combined/bed/chr14/T2T18_chr14_haplotype2-0000057:6828751-13606881/sat_annot.bed
        ( grep 'T2T18_chr14_haplotype2-0000057:6828751-13606881' results/10-format_hor_stv/bed/chr14/stv_all.bed || true ) > results/11-moddotplot/combined/bed/chr14/T2T18_chr14_haplotype2-0000057:6828751-13606881/stv.bed
        # Remove header.
        ln -s $(realpath results/11-moddotplot/original/chr14/T2T18_chr14_haplotype2-0000057:6828751-13606881/T2T18_chr14_haplotype2-0000057:6828751-13606881.bed) results/11-moddotplot/combined/bed/chr14/T2T18_chr14_haplotype2-0000057:6828751-13606881/ident.bedpe
        if [ "True" != "False" ]; then
            ( grep 'T2T18_chr14_haplotype2-0000057:6828751-13606881' results/8-cdr_finder/bed/all_cdrs.bed || true ) > results/11-moddotplot/combined/bed/chr14/T2T18_chr14_haplotype2-0000057:6828751-13606881/cdrs.bed
            ( grep 'T2T18_chr14_haplotype2-0000057:6828751-13606881' results/8-cdr_finder/bed/all_binned_freq.bed || true ) > results/11-moddotplot/combined/bed/chr14/T2T18_chr14_haplotype2-0000057:6828751-13606881/methyl.bed
        else
            touch results/11-moddotplot/combined/bed/chr14/T2T18_chr14_haplotype2-0000057:6828751-13606881/cdrs.bed
            touch results/11-moddotplot/combined/bed/chr14/T2T18_chr14_haplotype2-0000057:6828751-13606881/methyl.bed
        fi
        

[Thu Jan  8 15:27:24 2026]
localrule plot_cen_moddotplot:
    input: results/11-moddotplot/combined/plots/chr7/T2T18_rc-chr7_haplotype2-0000044:57057119-64823739.yaml, results/11-moddotplot/combined/bed/chr7/T2T18_rc-chr7_haplotype2-0000044:57057119-64823739/sat_annot.bed, results/11-moddotplot/combined/bed/chr7/T2T18_rc-chr7_haplotype2-0000044:57057119-64823739/ident.bedpe, results/11-moddotplot/combined/bed/chr7/T2T18_rc-chr7_haplotype2-0000044:57057119-64823739/stv.bed, results/11-moddotplot/combined/bed/chr7/T2T18_rc-chr7_haplotype2-0000044:57057119-64823739/cdrs.bed, results/11-moddotplot/combined/bed/chr7/T2T18_rc-chr7_haplotype2-0000044:57057119-64823739/methyl.bed
    output: results/11-moddotplot/combined/plots/chr7/T2T18_rc-chr7_haplotype2-0000044:57057119-64823739.pdf, results/11-moddotplot/combined/plots/chr7/T2T18_rc-chr7_haplotype2-0000044:57057119-64823739.png
    log: logs/11-moddotplot/plot_moddotplot_chr7_T2T18_rc-chr7_haplotype2-0000044:57057119-64823739.log
    jobid: 936
    reason: Input files updated by another job: results/11-moddotplot/combined/bed/chr7/T2T18_rc-chr7_haplotype2-0000044:57057119-64823739/methyl.bed, results/11-moddotplot/combined/bed/chr7/T2T18_rc-chr7_haplotype2-0000044:57057119-64823739/stv.bed, results/11-moddotplot/combined/bed/chr7/T2T18_rc-chr7_haplotype2-0000044:57057119-64823739/sat_annot.bed, results/11-moddotplot/combined/bed/chr7/T2T18_rc-chr7_haplotype2-0000044:57057119-64823739/ident.bedpe, results/11-moddotplot/combined/plots/chr7/T2T18_rc-chr7_haplotype2-0000044:57057119-64823739.yaml, results/11-moddotplot/combined/bed/chr7/T2T18_rc-chr7_haplotype2-0000044:57057119-64823739/cdrs.bed
    wildcards: chr=chr7, fname=T2T18_rc-chr7_haplotype2-0000044:57057119-64823739
    resources: mem_mb=8000, mem_mib=7630, disk_mb=1000, disk_mib=954, tmpdir=/tmp, mem=8GB
Shell command: 
        cenplot draw -t results/11-moddotplot/combined/plots/chr7/T2T18_rc-chr7_haplotype2-0000044:57057119-64823739.yaml -d results/11-moddotplot/combined/plots/chr7 -c T2T18_rc-chr7_haplotype2-0000044:57057119-64823739 -p 1 2> logs/11-moddotplot/plot_moddotplot_chr7_T2T18_rc-chr7_haplotype2-0000044:57057119-64823739.log
        

[Thu Jan  8 15:27:25 2026]
localrule plot_cen_moddotplot:
    input: results/11-moddotplot/combined/plots/chr19/T2T18_chr19_haplotype2-0000043:23575679-31033340.yaml, results/11-moddotplot/combined/bed/chr19/T2T18_chr19_haplotype2-0000043:23575679-31033340/sat_annot.bed, results/11-moddotplot/combined/bed/chr19/T2T18_chr19_haplotype2-0000043:23575679-31033340/ident.bedpe, results/11-moddotplot/combined/bed/chr19/T2T18_chr19_haplotype2-0000043:23575679-31033340/stv.bed, results/11-moddotplot/combined/bed/chr19/T2T18_chr19_haplotype2-0000043:23575679-31033340/cdrs.bed, results/11-moddotplot/combined/bed/chr19/T2T18_chr19_haplotype2-0000043:23575679-31033340/methyl.bed
    output: results/11-moddotplot/combined/plots/chr19/T2T18_chr19_haplotype2-0000043:23575679-31033340.pdf, results/11-moddotplot/combined/plots/chr19/T2T18_chr19_haplotype2-0000043:23575679-31033340.png
    log: logs/11-moddotplot/plot_moddotplot_chr19_T2T18_chr19_haplotype2-0000043:23575679-31033340.log
    jobid: 1048
    reason: Input files updated by another job: results/11-moddotplot/combined/bed/chr19/T2T18_chr19_haplotype2-0000043:23575679-31033340/stv.bed, results/11-moddotplot/combined/bed/chr19/T2T18_chr19_haplotype2-0000043:23575679-31033340/sat_annot.bed, results/11-moddotplot/combined/plots/chr19/T2T18_chr19_haplotype2-0000043:23575679-31033340.yaml, results/11-moddotplot/combined/bed/chr19/T2T18_chr19_haplotype2-0000043:23575679-31033340/cdrs.bed, results/11-moddotplot/combined/bed/chr19/T2T18_chr19_haplotype2-0000043:23575679-31033340/ident.bedpe, results/11-moddotplot/combined/bed/chr19/T2T18_chr19_haplotype2-0000043:23575679-31033340/methyl.bed
    wildcards: chr=chr19, fname=T2T18_chr19_haplotype2-0000043:23575679-31033340
    resources: mem_mb=8000, mem_mib=7630, disk_mb=1000, disk_mib=954, tmpdir=/tmp, mem=8GB
Shell command: 
        cenplot draw -t results/11-moddotplot/combined/plots/chr19/T2T18_chr19_haplotype2-0000043:23575679-31033340.yaml -d results/11-moddotplot/combined/plots/chr19 -c T2T18_chr19_haplotype2-0000043:23575679-31033340 -p 1 2> logs/11-moddotplot/plot_moddotplot_chr19_T2T18_chr19_haplotype2-0000043:23575679-31033340.log
        

[Thu Jan  8 15:27:25 2026]
localrule plot_cen_moddotplot:
    input: results/11-moddotplot/combined/plots/chr9/T2T18_rc-chr9_haplotype2-0000050:39538379-48465662.yaml, results/11-moddotplot/combined/bed/chr9/T2T18_rc-chr9_haplotype2-0000050:39538379-48465662/sat_annot.bed, results/11-moddotplot/combined/bed/chr9/T2T18_rc-chr9_haplotype2-0000050:39538379-48465662/ident.bedpe, results/11-moddotplot/combined/bed/chr9/T2T18_rc-chr9_haplotype2-0000050:39538379-48465662/stv.bed, results/11-moddotplot/combined/bed/chr9/T2T18_rc-chr9_haplotype2-0000050:39538379-48465662/cdrs.bed, results/11-moddotplot/combined/bed/chr9/T2T18_rc-chr9_haplotype2-0000050:39538379-48465662/methyl.bed
    output: results/11-moddotplot/combined/plots/chr9/T2T18_rc-chr9_haplotype2-0000050:39538379-48465662.pdf, results/11-moddotplot/combined/plots/chr9/T2T18_rc-chr9_haplotype2-0000050:39538379-48465662.png
    log: logs/11-moddotplot/plot_moddotplot_chr9_T2T18_rc-chr9_haplotype2-0000050:39538379-48465662.log
    jobid: 957
    reason: Input files updated by another job: results/11-moddotplot/combined/bed/chr9/T2T18_rc-chr9_haplotype2-0000050:39538379-48465662/sat_annot.bed, results/11-moddotplot/combined/bed/chr9/T2T18_rc-chr9_haplotype2-0000050:39538379-48465662/methyl.bed, results/11-moddotplot/combined/bed/chr9/T2T18_rc-chr9_haplotype2-0000050:39538379-48465662/cdrs.bed, results/11-moddotplot/combined/bed/chr9/T2T18_rc-chr9_haplotype2-0000050:39538379-48465662/stv.bed, results/11-moddotplot/combined/bed/chr9/T2T18_rc-chr9_haplotype2-0000050:39538379-48465662/ident.bedpe, results/11-moddotplot/combined/plots/chr9/T2T18_rc-chr9_haplotype2-0000050:39538379-48465662.yaml
    wildcards: chr=chr9, fname=T2T18_rc-chr9_haplotype2-0000050:39538379-48465662
    resources: mem_mb=8000, mem_mib=7630, disk_mb=1000, disk_mib=954, tmpdir=/tmp, mem=8GB
Shell command: 
        cenplot draw -t results/11-moddotplot/combined/plots/chr9/T2T18_rc-chr9_haplotype2-0000050:39538379-48465662.yaml -d results/11-moddotplot/combined/plots/chr9 -c T2T18_rc-chr9_haplotype2-0000050:39538379-48465662 -p 1 2> logs/11-moddotplot/plot_moddotplot_chr9_T2T18_rc-chr9_haplotype2-0000050:39538379-48465662.log
        

[Thu Jan  8 15:27:25 2026]
localrule plot_cen_moddotplot:
    input: results/11-moddotplot/combined/plots/chr11/T2T18_rc-chr11_haplotype2-0000041:47767471-56558996.yaml, results/11-moddotplot/combined/bed/chr11/T2T18_rc-chr11_haplotype2-0000041:47767471-56558996/sat_annot.bed, results/11-moddotplot/combined/bed/chr11/T2T18_rc-chr11_haplotype2-0000041:47767471-56558996/ident.bedpe, results/11-moddotplot/combined/bed/chr11/T2T18_rc-chr11_haplotype2-0000041:47767471-56558996/stv.bed, results/11-moddotplot/combined/bed/chr11/T2T18_rc-chr11_haplotype2-0000041:47767471-56558996/cdrs.bed, results/11-moddotplot/combined/bed/chr11/T2T18_rc-chr11_haplotype2-0000041:47767471-56558996/methyl.bed
    output: results/11-moddotplot/combined/plots/chr11/T2T18_rc-chr11_haplotype2-0000041:47767471-56558996.pdf, results/11-moddotplot/combined/plots/chr11/T2T18_rc-chr11_haplotype2-0000041:47767471-56558996.png
    log: logs/11-moddotplot/plot_moddotplot_chr11_T2T18_rc-chr11_haplotype2-0000041:47767471-56558996.log
    jobid: 976
    reason: Input files updated by another job: results/11-moddotplot/combined/bed/chr11/T2T18_rc-chr11_haplotype2-0000041:47767471-56558996/ident.bedpe, results/11-moddotplot/combined/bed/chr11/T2T18_rc-chr11_haplotype2-0000041:47767471-56558996/sat_annot.bed, results/11-moddotplot/combined/bed/chr11/T2T18_rc-chr11_haplotype2-0000041:47767471-56558996/stv.bed, results/11-moddotplot/combined/plots/chr11/T2T18_rc-chr11_haplotype2-0000041:47767471-56558996.yaml, results/11-moddotplot/combined/bed/chr11/T2T18_rc-chr11_haplotype2-0000041:47767471-56558996/methyl.bed, results/11-moddotplot/combined/bed/chr11/T2T18_rc-chr11_haplotype2-0000041:47767471-56558996/cdrs.bed
    wildcards: chr=chr11, fname=T2T18_rc-chr11_haplotype2-0000041:47767471-56558996
    resources: mem_mb=8000, mem_mib=7630, disk_mb=1000, disk_mib=954, tmpdir=/tmp, mem=8GB
Shell command: 
        cenplot draw -t results/11-moddotplot/combined/plots/chr11/T2T18_rc-chr11_haplotype2-0000041:47767471-56558996.yaml -d results/11-moddotplot/combined/plots/chr11 -c T2T18_rc-chr11_haplotype2-0000041:47767471-56558996 -p 1 2> logs/11-moddotplot/plot_moddotplot_chr11_T2T18_rc-chr11_haplotype2-0000041:47767471-56558996.log
        
[Thu Jan  8 15:27:25 2026]
Finished jobid: 1054 (Rule: modify_moddotplot_cenplot_tracks)
94 of 325 steps (29%) done
[Thu Jan  8 15:27:26 2026]
Finished jobid: 1081 (Rule: modify_moddotplot_cenplot_tracks)
95 of 325 steps (29%) done
[Thu Jan  8 15:27:26 2026]
Finished jobid: 926 (Rule: modify_moddotplot_cenplot_tracks)
96 of 325 steps (30%) done
[Thu Jan  8 15:27:26 2026]
Finished jobid: 921 (Rule: modify_moddotplot_cenplot_tracks)
97 of 325 steps (30%) done
[Thu Jan  8 15:27:26 2026]
Finished jobid: 918 (Rule: modify_moddotplot_cenplot_tracks)
98 of 325 steps (30%) done
[Thu Jan  8 15:27:26 2026]
Finished jobid: 1030 (Rule: modify_moddotplot_cenplot_tracks)
99 of 325 steps (30%) done
[Thu Jan  8 15:27:26 2026]
Finished jobid: 1085 (Rule: modify_moddotplot_cenplot_tracks)
100 of 325 steps (31%) done
[Thu Jan  8 15:27:27 2026]
Finished jobid: 1006 (Rule: filter_annotations_moddotplot)
101 of 325 steps (31%) done
Select jobs to execute...
Execute 8 jobs...

[Thu Jan  8 15:27:28 2026]
localrule plot_cen_moddotplot:
    input: results/11-moddotplot/combined/plots/chrX/T2T18_chrX_haplotype2-0000059:56691259-63363821.yaml, results/11-moddotplot/combined/bed/chrX/T2T18_chrX_haplotype2-0000059:56691259-63363821/sat_annot.bed, results/11-moddotplot/combined/bed/chrX/T2T18_chrX_haplotype2-0000059:56691259-63363821/ident.bedpe, results/11-moddotplot/combined/bed/chrX/T2T18_chrX_haplotype2-0000059:56691259-63363821/stv.bed, results/11-moddotplot/combined/bed/chrX/T2T18_chrX_haplotype2-0000059:56691259-63363821/cdrs.bed, results/11-moddotplot/combined/bed/chrX/T2T18_chrX_haplotype2-0000059:56691259-63363821/methyl.bed
    output: results/11-moddotplot/combined/plots/chrX/T2T18_chrX_haplotype2-0000059:56691259-63363821.pdf, results/11-moddotplot/combined/plots/chrX/T2T18_chrX_haplotype2-0000059:56691259-63363821.png
    log: logs/11-moddotplot/plot_moddotplot_chrX_T2T18_chrX_haplotype2-0000059:56691259-63363821.log
    jobid: 1084
    reason: Input files updated by another job: results/11-moddotplot/combined/bed/chrX/T2T18_chrX_haplotype2-0000059:56691259-63363821/stv.bed, results/11-moddotplot/combined/bed/chrX/T2T18_chrX_haplotype2-0000059:56691259-63363821/ident.bedpe, results/11-moddotplot/combined/bed/chrX/T2T18_chrX_haplotype2-0000059:56691259-63363821/cdrs.bed, results/11-moddotplot/combined/plots/chrX/T2T18_chrX_haplotype2-0000059:56691259-63363821.yaml, results/11-moddotplot/combined/bed/chrX/T2T18_chrX_haplotype2-0000059:56691259-63363821/sat_annot.bed, results/11-moddotplot/combined/bed/chrX/T2T18_chrX_haplotype2-0000059:56691259-63363821/methyl.bed
    wildcards: chr=chrX, fname=T2T18_chrX_haplotype2-0000059:56691259-63363821
    resources: mem_mb=8000, mem_mib=7630, disk_mb=1000, disk_mib=954, tmpdir=/tmp, mem=8GB
Shell command: 
        cenplot draw -t results/11-moddotplot/combined/plots/chrX/T2T18_chrX_haplotype2-0000059:56691259-63363821.yaml -d results/11-moddotplot/combined/plots/chrX -c T2T18_chrX_haplotype2-0000059:56691259-63363821 -p 1 2> logs/11-moddotplot/plot_moddotplot_chrX_T2T18_chrX_haplotype2-0000059:56691259-63363821.log
        

[Thu Jan  8 15:27:28 2026]
localrule plot_cen_moddotplot:
    input: results/11-moddotplot/combined/plots/chr6/T2T18_rc-chr6_haplotype1-0000009:57407496-65427129.yaml, results/11-moddotplot/combined/bed/chr6/T2T18_rc-chr6_haplotype1-0000009:57407496-65427129/sat_annot.bed, results/11-moddotplot/combined/bed/chr6/T2T18_rc-chr6_haplotype1-0000009:57407496-65427129/ident.bedpe, results/11-moddotplot/combined/bed/chr6/T2T18_rc-chr6_haplotype1-0000009:57407496-65427129/stv.bed, results/11-moddotplot/combined/bed/chr6/T2T18_rc-chr6_haplotype1-0000009:57407496-65427129/cdrs.bed, results/11-moddotplot/combined/bed/chr6/T2T18_rc-chr6_haplotype1-0000009:57407496-65427129/methyl.bed
    output: results/11-moddotplot/combined/plots/chr6/T2T18_rc-chr6_haplotype1-0000009:57407496-65427129.pdf, results/11-moddotplot/combined/plots/chr6/T2T18_rc-chr6_haplotype1-0000009:57407496-65427129.png
    log: logs/11-moddotplot/plot_moddotplot_chr6_T2T18_rc-chr6_haplotype1-0000009:57407496-65427129.log
    jobid: 925
    reason: Input files updated by another job: results/11-moddotplot/combined/bed/chr6/T2T18_rc-chr6_haplotype1-0000009:57407496-65427129/stv.bed, results/11-moddotplot/combined/bed/chr6/T2T18_rc-chr6_haplotype1-0000009:57407496-65427129/methyl.bed, results/11-moddotplot/combined/plots/chr6/T2T18_rc-chr6_haplotype1-0000009:57407496-65427129.yaml, results/11-moddotplot/combined/bed/chr6/T2T18_rc-chr6_haplotype1-0000009:57407496-65427129/cdrs.bed, results/11-moddotplot/combined/bed/chr6/T2T18_rc-chr6_haplotype1-0000009:57407496-65427129/sat_annot.bed, results/11-moddotplot/combined/bed/chr6/T2T18_rc-chr6_haplotype1-0000009:57407496-65427129/ident.bedpe
    wildcards: chr=chr6, fname=T2T18_rc-chr6_haplotype1-0000009:57407496-65427129
    resources: mem_mb=8000, mem_mib=7630, disk_mb=1000, disk_mib=954, tmpdir=/tmp, mem=8GB
Shell command: 
        cenplot draw -t results/11-moddotplot/combined/plots/chr6/T2T18_rc-chr6_haplotype1-0000009:57407496-65427129.yaml -d results/11-moddotplot/combined/plots/chr6 -c T2T18_rc-chr6_haplotype1-0000009:57407496-65427129 -p 1 2> logs/11-moddotplot/plot_moddotplot_chr6_T2T18_rc-chr6_haplotype1-0000009:57407496-65427129.log
        

[Thu Jan  8 15:27:28 2026]
localrule plot_cen_moddotplot:
    input: results/11-moddotplot/combined/plots/chr17/T2T18_rc-chr17_haplotype1-0000007:21854791-28485752.yaml, results/11-moddotplot/combined/bed/chr17/T2T18_rc-chr17_haplotype1-0000007:21854791-28485752/sat_annot.bed, results/11-moddotplot/combined/bed/chr17/T2T18_rc-chr17_haplotype1-0000007:21854791-28485752/ident.bedpe, results/11-moddotplot/combined/bed/chr17/T2T18_rc-chr17_haplotype1-0000007:21854791-28485752/stv.bed, results/11-moddotplot/combined/bed/chr17/T2T18_rc-chr17_haplotype1-0000007:21854791-28485752/cdrs.bed, results/11-moddotplot/combined/bed/chr17/T2T18_rc-chr17_haplotype1-0000007:21854791-28485752/methyl.bed
    output: results/11-moddotplot/combined/plots/chr17/T2T18_rc-chr17_haplotype1-0000007:21854791-28485752.pdf, results/11-moddotplot/combined/plots/chr17/T2T18_rc-chr17_haplotype1-0000007:21854791-28485752.png
    log: logs/11-moddotplot/plot_moddotplot_chr17_T2T18_rc-chr17_haplotype1-0000007:21854791-28485752.log
    jobid: 1029
    reason: Input files updated by another job: results/11-moddotplot/combined/bed/chr17/T2T18_rc-chr17_haplotype1-0000007:21854791-28485752/sat_annot.bed, results/11-moddotplot/combined/bed/chr17/T2T18_rc-chr17_haplotype1-0000007:21854791-28485752/methyl.bed, results/11-moddotplot/combined/bed/chr17/T2T18_rc-chr17_haplotype1-0000007:21854791-28485752/stv.bed, results/11-moddotplot/combined/bed/chr17/T2T18_rc-chr17_haplotype1-0000007:21854791-28485752/ident.bedpe, results/11-moddotplot/combined/plots/chr17/T2T18_rc-chr17_haplotype1-0000007:21854791-28485752.yaml, results/11-moddotplot/combined/bed/chr17/T2T18_rc-chr17_haplotype1-0000007:21854791-28485752/cdrs.bed
    wildcards: chr=chr17, fname=T2T18_rc-chr17_haplotype1-0000007:21854791-28485752
    resources: mem_mb=8000, mem_mib=7630, disk_mb=1000, disk_mib=954, tmpdir=/tmp, mem=8GB
Shell command: 
        cenplot draw -t results/11-moddotplot/combined/plots/chr17/T2T18_rc-chr17_haplotype1-0000007:21854791-28485752.yaml -d results/11-moddotplot/combined/plots/chr17 -c T2T18_rc-chr17_haplotype1-0000007:21854791-28485752 -p 1 2> logs/11-moddotplot/plot_moddotplot_chr17_T2T18_rc-chr17_haplotype1-0000007:21854791-28485752.log
        

[Thu Jan  8 15:27:28 2026]
localrule plot_cen_moddotplot:
    input: results/11-moddotplot/combined/plots/chr5/T2T18_chr5_haplotype1-0000018:45418474-52065082.yaml, results/11-moddotplot/combined/bed/chr5/T2T18_chr5_haplotype1-0000018:45418474-52065082/sat_annot.bed, results/11-moddotplot/combined/bed/chr5/T2T18_chr5_haplotype1-0000018:45418474-52065082/ident.bedpe, results/11-moddotplot/combined/bed/chr5/T2T18_chr5_haplotype1-0000018:45418474-52065082/stv.bed, results/11-moddotplot/combined/bed/chr5/T2T18_chr5_haplotype1-0000018:45418474-52065082/cdrs.bed, results/11-moddotplot/combined/bed/chr5/T2T18_chr5_haplotype1-0000018:45418474-52065082/methyl.bed
    output: results/11-moddotplot/combined/plots/chr5/T2T18_chr5_haplotype1-0000018:45418474-52065082.pdf, results/11-moddotplot/combined/plots/chr5/T2T18_chr5_haplotype1-0000018:45418474-52065082.png
    log: logs/11-moddotplot/plot_moddotplot_chr5_T2T18_chr5_haplotype1-0000018:45418474-52065082.log
    jobid: 917
    reason: Input files updated by another job: results/11-moddotplot/combined/bed/chr5/T2T18_chr5_haplotype1-0000018:45418474-52065082/sat_annot.bed, results/11-moddotplot/combined/bed/chr5/T2T18_chr5_haplotype1-0000018:45418474-52065082/cdrs.bed, results/11-moddotplot/combined/bed/chr5/T2T18_chr5_haplotype1-0000018:45418474-52065082/methyl.bed, results/11-moddotplot/combined/bed/chr5/T2T18_chr5_haplotype1-0000018:45418474-52065082/ident.bedpe, results/11-moddotplot/combined/plots/chr5/T2T18_chr5_haplotype1-0000018:45418474-52065082.yaml, results/11-moddotplot/combined/bed/chr5/T2T18_chr5_haplotype1-0000018:45418474-52065082/stv.bed
    wildcards: chr=chr5, fname=T2T18_chr5_haplotype1-0000018:45418474-52065082
    resources: mem_mb=8000, mem_mib=7630, disk_mb=1000, disk_mib=954, tmpdir=/tmp, mem=8GB
Shell command: 
        cenplot draw -t results/11-moddotplot/combined/plots/chr5/T2T18_chr5_haplotype1-0000018:45418474-52065082.yaml -d results/11-moddotplot/combined/plots/chr5 -c T2T18_chr5_haplotype1-0000018:45418474-52065082 -p 1 2> logs/11-moddotplot/plot_moddotplot_chr5_T2T18_chr5_haplotype1-0000018:45418474-52065082.log
        

[Thu Jan  8 15:27:29 2026]
localrule plot_cen_moddotplot:
    input: results/11-moddotplot/combined/plots/chr22/T2T18_chr22_haplotype2-0000045:2-11064037.yaml, results/11-moddotplot/combined/bed/chr22/T2T18_chr22_haplotype2-0000045:2-11064037/sat_annot.bed, results/11-moddotplot/combined/bed/chr22/T2T18_chr22_haplotype2-0000045:2-11064037/ident.bedpe, results/11-moddotplot/combined/bed/chr22/T2T18_chr22_haplotype2-0000045:2-11064037/stv.bed, results/11-moddotplot/combined/bed/chr22/T2T18_chr22_haplotype2-0000045:2-11064037/cdrs.bed, results/11-moddotplot/combined/bed/chr22/T2T18_chr22_haplotype2-0000045:2-11064037/methyl.bed
    output: results/11-moddotplot/combined/plots/chr22/T2T18_chr22_haplotype2-0000045:2-11064037.pdf, results/11-moddotplot/combined/plots/chr22/T2T18_chr22_haplotype2-0000045:2-11064037.png
    log: logs/11-moddotplot/plot_moddotplot_chr22_T2T18_chr22_haplotype2-0000045:2-11064037.log
    jobid: 1080
    reason: Input files updated by another job: results/11-moddotplot/combined/bed/chr22/T2T18_chr22_haplotype2-0000045:2-11064037/ident.bedpe, results/11-moddotplot/combined/bed/chr22/T2T18_chr22_haplotype2-0000045:2-11064037/methyl.bed, results/11-moddotplot/combined/bed/chr22/T2T18_chr22_haplotype2-0000045:2-11064037/stv.bed, results/11-moddotplot/combined/bed/chr22/T2T18_chr22_haplotype2-0000045:2-11064037/sat_annot.bed, results/11-moddotplot/combined/bed/chr22/T2T18_chr22_haplotype2-0000045:2-11064037/cdrs.bed, results/11-moddotplot/combined/plots/chr22/T2T18_chr22_haplotype2-0000045:2-11064037.yaml
    wildcards: chr=chr22, fname=T2T18_chr22_haplotype2-0000045:2-11064037
    resources: mem_mb=8000, mem_mib=7630, disk_mb=1000, disk_mib=954, tmpdir=/tmp, mem=8GB
Shell command: 
        cenplot draw -t results/11-moddotplot/combined/plots/chr22/T2T18_chr22_haplotype2-0000045:2-11064037.yaml -d results/11-moddotplot/combined/plots/chr22 -c T2T18_chr22_haplotype2-0000045:2-11064037 -p 1 2> logs/11-moddotplot/plot_moddotplot_chr22_T2T18_chr22_haplotype2-0000045:2-11064037.log
        

[Thu Jan  8 15:27:29 2026]
localrule plot_cen_moddotplot:
    input: results/11-moddotplot/combined/plots/chr5/T2T18_chr5_haplotype2-0000053:45230356-52066293.yaml, results/11-moddotplot/combined/bed/chr5/T2T18_chr5_haplotype2-0000053:45230356-52066293/sat_annot.bed, results/11-moddotplot/combined/bed/chr5/T2T18_chr5_haplotype2-0000053:45230356-52066293/ident.bedpe, results/11-moddotplot/combined/bed/chr5/T2T18_chr5_haplotype2-0000053:45230356-52066293/stv.bed, results/11-moddotplot/combined/bed/chr5/T2T18_chr5_haplotype2-0000053:45230356-52066293/cdrs.bed, results/11-moddotplot/combined/bed/chr5/T2T18_chr5_haplotype2-0000053:45230356-52066293/methyl.bed
    output: results/11-moddotplot/combined/plots/chr5/T2T18_chr5_haplotype2-0000053:45230356-52066293.pdf, results/11-moddotplot/combined/plots/chr5/T2T18_chr5_haplotype2-0000053:45230356-52066293.png
    log: logs/11-moddotplot/plot_moddotplot_chr5_T2T18_chr5_haplotype2-0000053:45230356-52066293.log
    jobid: 920
    reason: Input files updated by another job: results/11-moddotplot/combined/bed/chr5/T2T18_chr5_haplotype2-0000053:45230356-52066293/cdrs.bed, results/11-moddotplot/combined/bed/chr5/T2T18_chr5_haplotype2-0000053:45230356-52066293/sat_annot.bed, results/11-moddotplot/combined/bed/chr5/T2T18_chr5_haplotype2-0000053:45230356-52066293/ident.bedpe, results/11-moddotplot/combined/plots/chr5/T2T18_chr5_haplotype2-0000053:45230356-52066293.yaml, results/11-moddotplot/combined/bed/chr5/T2T18_chr5_haplotype2-0000053:45230356-52066293/stv.bed, results/11-moddotplot/combined/bed/chr5/T2T18_chr5_haplotype2-0000053:45230356-52066293/methyl.bed
    wildcards: chr=chr5, fname=T2T18_chr5_haplotype2-0000053:45230356-52066293
    resources: mem_mb=8000, mem_mib=7630, disk_mb=1000, disk_mib=954, tmpdir=/tmp, mem=8GB
Shell command: 
        cenplot draw -t results/11-moddotplot/combined/plots/chr5/T2T18_chr5_haplotype2-0000053:45230356-52066293.yaml -d results/11-moddotplot/combined/plots/chr5 -c T2T18_chr5_haplotype2-0000053:45230356-52066293 -p 1 2> logs/11-moddotplot/plot_moddotplot_chr5_T2T18_chr5_haplotype2-0000053:45230356-52066293.log
        

[Thu Jan  8 15:27:29 2026]
localrule plot_cen_moddotplot:
    input: results/11-moddotplot/combined/plots/chr20/T2T18_chr20_haplotype1-0000020:25335212-33443453.yaml, results/11-moddotplot/combined/bed/chr20/T2T18_chr20_haplotype1-0000020:25335212-33443453/sat_annot.bed, results/11-moddotplot/combined/bed/chr20/T2T18_chr20_haplotype1-0000020:25335212-33443453/ident.bedpe, results/11-moddotplot/combined/bed/chr20/T2T18_chr20_haplotype1-0000020:25335212-33443453/stv.bed, results/11-moddotplot/combined/bed/chr20/T2T18_chr20_haplotype1-0000020:25335212-33443453/cdrs.bed, results/11-moddotplot/combined/bed/chr20/T2T18_chr20_haplotype1-0000020:25335212-33443453/methyl.bed
    output: results/11-moddotplot/combined/plots/chr20/T2T18_chr20_haplotype1-0000020:25335212-33443453.pdf, results/11-moddotplot/combined/plots/chr20/T2T18_chr20_haplotype1-0000020:25335212-33443453.png
    log: logs/11-moddotplot/plot_moddotplot_chr20_T2T18_chr20_haplotype1-0000020:25335212-33443453.log
    jobid: 1053
    reason: Input files updated by another job: results/11-moddotplot/combined/plots/chr20/T2T18_chr20_haplotype1-0000020:25335212-33443453.yaml, results/11-moddotplot/combined/bed/chr20/T2T18_chr20_haplotype1-0000020:25335212-33443453/methyl.bed, results/11-moddotplot/combined/bed/chr20/T2T18_chr20_haplotype1-0000020:25335212-33443453/cdrs.bed, results/11-moddotplot/combined/bed/chr20/T2T18_chr20_haplotype1-0000020:25335212-33443453/sat_annot.bed, results/11-moddotplot/combined/bed/chr20/T2T18_chr20_haplotype1-0000020:25335212-33443453/ident.bedpe, results/11-moddotplot/combined/bed/chr20/T2T18_chr20_haplotype1-0000020:25335212-33443453/stv.bed
    wildcards: chr=chr20, fname=T2T18_chr20_haplotype1-0000020:25335212-33443453
    resources: mem_mb=8000, mem_mib=7630, disk_mb=1000, disk_mib=954, tmpdir=/tmp, mem=8GB
Shell command: 
        cenplot draw -t results/11-moddotplot/combined/plots/chr20/T2T18_chr20_haplotype1-0000020:25335212-33443453.yaml -d results/11-moddotplot/combined/plots/chr20 -c T2T18_chr20_haplotype1-0000020:25335212-33443453 -p 1 2> logs/11-moddotplot/plot_moddotplot_chr20_T2T18_chr20_haplotype1-0000020:25335212-33443453.log
        

[Thu Jan  8 15:27:29 2026]
localrule modify_moddotplot_cenplot_tracks:
    input: results/11-moddotplot/combined/bed/chr3/T2T18_rc-chr3_haplotype2-0000056:89477805-97085941/cdrs.bed, results/11-moddotplot/combined/bed/chr3/T2T18_rc-chr3_haplotype2-0000056:89477805-97085941/sat_annot.bed, results/11-moddotplot/combined/bed/chr3/T2T18_rc-chr3_haplotype2-0000056:89477805-97085941/ident.bedpe, results/11-moddotplot/combined/bed/chr3/T2T18_rc-chr3_haplotype2-0000056:89477805-97085941/stv.bed, results/11-moddotplot/combined/bed/chr3/T2T18_rc-chr3_haplotype2-0000056:89477805-97085941/methyl.bed
    output: results/11-moddotplot/combined/plots/chr3/T2T18_rc-chr3_haplotype2-0000056:89477805-97085941.yaml
    log: logs/11-moddotplot/modify_moddotplot_cenplot_tracks_chr3_T2T18_rc-chr3_haplotype2-0000056:89477805-97085941.log
    jobid: 905
    reason: Input files updated by another job: results/11-moddotplot/combined/bed/chr3/T2T18_rc-chr3_haplotype2-0000056:89477805-97085941/stv.bed, results/11-moddotplot/combined/bed/chr3/T2T18_rc-chr3_haplotype2-0000056:89477805-97085941/cdrs.bed, results/11-moddotplot/combined/bed/chr3/T2T18_rc-chr3_haplotype2-0000056:89477805-97085941/ident.bedpe, results/11-moddotplot/combined/bed/chr3/T2T18_rc-chr3_haplotype2-0000056:89477805-97085941/methyl.bed, results/11-moddotplot/combined/bed/chr3/T2T18_rc-chr3_haplotype2-0000056:89477805-97085941/sat_annot.bed
    wildcards: chr=chr3, fname=T2T18_rc-chr3_haplotype2-0000056:89477805-97085941
    resources: mem_mb=8000, mem_mib=7630, disk_mb=1000, disk_mib=954, tmpdir=/tmp, mem=8GB
Shell command: 
        python /home/ukt.ad.local/ahgrosc1/.cache/snakemake/snakemake/source-cache/runtime-cache/tmpvv5_ue2g/file/mnt/storage3b/projects/no_ngsd/ahthapp1_T2T_ONT/analysis_other/cenmap_single/T2T18/workflow/rules/../scripts/format_cenplot_yaml.py         -i '{"cdr": "results/11-moddotplot/combined/bed/chr3/T2T18_rc-chr3_haplotype2-0000056:89477805-97085941/cdrs.bed", "rm": "results/11-moddotplot/combined/bed/chr3/T2T18_rc-chr3_haplotype2-0000056:89477805-97085941/sat_annot.bed", "ident": "results/11-moddotplot/combined/bed/chr3/T2T18_rc-chr3_haplotype2-0000056:89477805-97085941/ident.bedpe", "stv": "results/11-moddotplot/combined/bed/chr3/T2T18_rc-chr3_haplotype2-0000056:89477805-97085941/stv.bed", "methyl": "results/11-moddotplot/combined/bed/chr3/T2T18_rc-chr3_haplotype2-0000056:89477805-97085941/methyl.bed"}'         -t /home/ukt.ad.local/ahgrosc1/.cache/snakemake/snakemake/source-cache/runtime-cache/tmpvv5_ue2g/file/mnt/storage3b/projects/no_ngsd/ahthapp1_T2T_ONT/analysis_other/cenmap_single/T2T18/workflow/rules/../scripts/cenplot_moddotplot.yaml         --options '{"hor": {"color_map_file": "/mnt/storage3b/projects/no_ngsd/ahthapp1_T2T_ONT/analysis_other/cenmap_single/T2T18/config/stv_annot_colors.tsv"}}' > results/11-moddotplot/combined/plots/chr3/T2T18_rc-chr3_haplotype2-0000056:89477805-97085941.yaml 2> logs/11-moddotplot/modify_moddotplot_cenplot_tracks_chr3_T2T18_rc-chr3_haplotype2-0000056:89477805-97085941.log
        
Select jobs to execute...
[Thu Jan  8 15:27:30 2026]
Finished jobid: 905 (Rule: modify_moddotplot_cenplot_tracks)
102 of 325 steps (31%) done
Execute 1 jobs...

[Thu Jan  8 15:27:30 2026]
localrule plot_cen_moddotplot:
    input: results/11-moddotplot/combined/plots/chr3/T2T18_rc-chr3_haplotype2-0000056:89477805-97085941.yaml, results/11-moddotplot/combined/bed/chr3/T2T18_rc-chr3_haplotype2-0000056:89477805-97085941/sat_annot.bed, results/11-moddotplot/combined/bed/chr3/T2T18_rc-chr3_haplotype2-0000056:89477805-97085941/ident.bedpe, results/11-moddotplot/combined/bed/chr3/T2T18_rc-chr3_haplotype2-0000056:89477805-97085941/stv.bed, results/11-moddotplot/combined/bed/chr3/T2T18_rc-chr3_haplotype2-0000056:89477805-97085941/cdrs.bed, results/11-moddotplot/combined/bed/chr3/T2T18_rc-chr3_haplotype2-0000056:89477805-97085941/methyl.bed
    output: results/11-moddotplot/combined/plots/chr3/T2T18_rc-chr3_haplotype2-0000056:89477805-97085941.pdf, results/11-moddotplot/combined/plots/chr3/T2T18_rc-chr3_haplotype2-0000056:89477805-97085941.png
    log: logs/11-moddotplot/plot_moddotplot_chr3_T2T18_rc-chr3_haplotype2-0000056:89477805-97085941.log
    jobid: 904
    reason: Input files updated by another job: results/11-moddotplot/combined/bed/chr3/T2T18_rc-chr3_haplotype2-0000056:89477805-97085941/stv.bed, results/11-moddotplot/combined/bed/chr3/T2T18_rc-chr3_haplotype2-0000056:89477805-97085941/cdrs.bed, results/11-moddotplot/combined/plots/chr3/T2T18_rc-chr3_haplotype2-0000056:89477805-97085941.yaml, results/11-moddotplot/combined/bed/chr3/T2T18_rc-chr3_haplotype2-0000056:89477805-97085941/ident.bedpe, results/11-moddotplot/combined/bed/chr3/T2T18_rc-chr3_haplotype2-0000056:89477805-97085941/methyl.bed, results/11-moddotplot/combined/bed/chr3/T2T18_rc-chr3_haplotype2-0000056:89477805-97085941/sat_annot.bed
    wildcards: chr=chr3, fname=T2T18_rc-chr3_haplotype2-0000056:89477805-97085941
    resources: mem_mb=8000, mem_mib=7630, disk_mb=1000, disk_mib=954, tmpdir=/tmp, mem=8GB
Shell command: 
        cenplot draw -t results/11-moddotplot/combined/plots/chr3/T2T18_rc-chr3_haplotype2-0000056:89477805-97085941.yaml -d results/11-moddotplot/combined/plots/chr3 -c T2T18_rc-chr3_haplotype2-0000056:89477805-97085941 -p 1 2> logs/11-moddotplot/plot_moddotplot_chr3_T2T18_rc-chr3_haplotype2-0000056:89477805-97085941.log
        
Select jobs to execute...
[Thu Jan  8 15:28:24 2026]
Finished jobid: 124 (Rule: get_complete_correct_cens_fa)
103 of 325 steps (32%) done
Execute 1 jobs...

[Thu Jan  8 15:28:24 2026]
localrule modify_moddotplot_cenplot_tracks:
    input: results/11-moddotplot/combined/bed/chr21/T2T18_rc-chr21_haplotype1-0000024:68080-9501114/cdrs.bed, results/11-moddotplot/combined/bed/chr21/T2T18_rc-chr21_haplotype1-0000024:68080-9501114/sat_annot.bed, results/11-moddotplot/combined/bed/chr21/T2T18_rc-chr21_haplotype1-0000024:68080-9501114/ident.bedpe, results/11-moddotplot/combined/bed/chr21/T2T18_rc-chr21_haplotype1-0000024:68080-9501114/stv.bed, results/11-moddotplot/combined/bed/chr21/T2T18_rc-chr21_haplotype1-0000024:68080-9501114/methyl.bed
    output: results/11-moddotplot/combined/plots/chr21/T2T18_rc-chr21_haplotype1-0000024:68080-9501114.yaml
    log: logs/11-moddotplot/modify_moddotplot_cenplot_tracks_chr21_T2T18_rc-chr21_haplotype1-0000024:68080-9501114.log
    jobid: 1066
    reason: Input files updated by another job: results/11-moddotplot/combined/bed/chr21/T2T18_rc-chr21_haplotype1-0000024:68080-9501114/ident.bedpe, results/11-moddotplot/combined/bed/chr21/T2T18_rc-chr21_haplotype1-0000024:68080-9501114/methyl.bed, results/11-moddotplot/combined/bed/chr21/T2T18_rc-chr21_haplotype1-0000024:68080-9501114/cdrs.bed, results/11-moddotplot/combined/bed/chr21/T2T18_rc-chr21_haplotype1-0000024:68080-9501114/sat_annot.bed, results/11-moddotplot/combined/bed/chr21/T2T18_rc-chr21_haplotype1-0000024:68080-9501114/stv.bed
    wildcards: chr=chr21, fname=T2T18_rc-chr21_haplotype1-0000024:68080-9501114
    resources: mem_mb=8000, mem_mib=7630, disk_mb=1000, disk_mib=954, tmpdir=/tmp, mem=8GB
Shell command: 
        python /home/ukt.ad.local/ahgrosc1/.cache/snakemake/snakemake/source-cache/runtime-cache/tmpvv5_ue2g/file/mnt/storage3b/projects/no_ngsd/ahthapp1_T2T_ONT/analysis_other/cenmap_single/T2T18/workflow/rules/../scripts/format_cenplot_yaml.py         -i '{"cdr": "results/11-moddotplot/combined/bed/chr21/T2T18_rc-chr21_haplotype1-0000024:68080-9501114/cdrs.bed", "rm": "results/11-moddotplot/combined/bed/chr21/T2T18_rc-chr21_haplotype1-0000024:68080-9501114/sat_annot.bed", "ident": "results/11-moddotplot/combined/bed/chr21/T2T18_rc-chr21_haplotype1-0000024:68080-9501114/ident.bedpe", "stv": "results/11-moddotplot/combined/bed/chr21/T2T18_rc-chr21_haplotype1-0000024:68080-9501114/stv.bed", "methyl": "results/11-moddotplot/combined/bed/chr21/T2T18_rc-chr21_haplotype1-0000024:68080-9501114/methyl.bed"}'         -t /home/ukt.ad.local/ahgrosc1/.cache/snakemake/snakemake/source-cache/runtime-cache/tmpvv5_ue2g/file/mnt/storage3b/projects/no_ngsd/ahthapp1_T2T_ONT/analysis_other/cenmap_single/T2T18/workflow/rules/../scripts/cenplot_moddotplot.yaml         --options '{"hor": {"color_map_file": "/mnt/storage3b/projects/no_ngsd/ahthapp1_T2T_ONT/analysis_other/cenmap_single/T2T18/config/stv_annot_colors.tsv"}}' > results/11-moddotplot/combined/plots/chr21/T2T18_rc-chr21_haplotype1-0000024:68080-9501114.yaml 2> logs/11-moddotplot/modify_moddotplot_cenplot_tracks_chr21_T2T18_rc-chr21_haplotype1-0000024:68080-9501114.log
        
Select jobs to execute...
[Thu Jan  8 15:28:25 2026]
Finished jobid: 1066 (Rule: modify_moddotplot_cenplot_tracks)
104 of 325 steps (32%) done
Execute 1 jobs...

[Thu Jan  8 15:28:25 2026]
localrule plot_cen_moddotplot:
    input: results/11-moddotplot/combined/plots/chr21/T2T18_rc-chr21_haplotype1-0000024:68080-9501114.yaml, results/11-moddotplot/combined/bed/chr21/T2T18_rc-chr21_haplotype1-0000024:68080-9501114/sat_annot.bed, results/11-moddotplot/combined/bed/chr21/T2T18_rc-chr21_haplotype1-0000024:68080-9501114/ident.bedpe, results/11-moddotplot/combined/bed/chr21/T2T18_rc-chr21_haplotype1-0000024:68080-9501114/stv.bed, results/11-moddotplot/combined/bed/chr21/T2T18_rc-chr21_haplotype1-0000024:68080-9501114/cdrs.bed, results/11-moddotplot/combined/bed/chr21/T2T18_rc-chr21_haplotype1-0000024:68080-9501114/methyl.bed
    output: results/11-moddotplot/combined/plots/chr21/T2T18_rc-chr21_haplotype1-0000024:68080-9501114.pdf, results/11-moddotplot/combined/plots/chr21/T2T18_rc-chr21_haplotype1-0000024:68080-9501114.png
    log: logs/11-moddotplot/plot_moddotplot_chr21_T2T18_rc-chr21_haplotype1-0000024:68080-9501114.log
    jobid: 1065
    reason: Input files updated by another job: results/11-moddotplot/combined/bed/chr21/T2T18_rc-chr21_haplotype1-0000024:68080-9501114/ident.bedpe, results/11-moddotplot/combined/bed/chr21/T2T18_rc-chr21_haplotype1-0000024:68080-9501114/methyl.bed, results/11-moddotplot/combined/bed/chr21/T2T18_rc-chr21_haplotype1-0000024:68080-9501114/cdrs.bed, results/11-moddotplot/combined/plots/chr21/T2T18_rc-chr21_haplotype1-0000024:68080-9501114.yaml, results/11-moddotplot/combined/bed/chr21/T2T18_rc-chr21_haplotype1-0000024:68080-9501114/sat_annot.bed, results/11-moddotplot/combined/bed/chr21/T2T18_rc-chr21_haplotype1-0000024:68080-9501114/stv.bed
    wildcards: chr=chr21, fname=T2T18_rc-chr21_haplotype1-0000024:68080-9501114
    resources: mem_mb=8000, mem_mib=7630, disk_mb=1000, disk_mib=954, tmpdir=/tmp, mem=8GB
Shell command: 
        cenplot draw -t results/11-moddotplot/combined/plots/chr21/T2T18_rc-chr21_haplotype1-0000024:68080-9501114.yaml -d results/11-moddotplot/combined/plots/chr21 -c T2T18_rc-chr21_haplotype1-0000024:68080-9501114 -p 1 2> logs/11-moddotplot/plot_moddotplot_chr21_T2T18_rc-chr21_haplotype1-0000024:68080-9501114.log
        
Select jobs to execute...
[Thu Jan  8 16:31:15 2026]
Finished jobid: 936 (Rule: plot_cen_moddotplot)
105 of 325 steps (32%) done
Execute 1 jobs...

[Thu Jan  8 16:31:15 2026]
localrule filter_annotations_moddotplot:
    input: results/10-format_hor_stv/bed/chr4/stv_all.bed, results/8-format_repeatmasker_sat_annot/bed/all_cens.annotation.bed, results/8-cdr_finder/bed/all_cdrs.bed, results/8-cdr_finder/bed/all_binned_freq.bed, results/11-moddotplot/original/chr4/T2T18_chr4_haplotype2-0000062:48615997-55422271/T2T18_chr4_haplotype2-0000062:48615997-55422271.bed
    output: results/11-moddotplot/combined/bed/chr4/T2T18_chr4_haplotype2-0000062:48615997-55422271/sat_annot.bed, results/11-moddotplot/combined/bed/chr4/T2T18_chr4_haplotype2-0000062:48615997-55422271/ident.bedpe, results/11-moddotplot/combined/bed/chr4/T2T18_chr4_haplotype2-0000062:48615997-55422271/stv.bed, results/11-moddotplot/combined/bed/chr4/T2T18_chr4_haplotype2-0000062:48615997-55422271/cdrs.bed, results/11-moddotplot/combined/bed/chr4/T2T18_chr4_haplotype2-0000062:48615997-55422271/methyl.bed
    jobid: 914
    reason: Missing output files: results/11-moddotplot/combined/bed/chr4/T2T18_chr4_haplotype2-0000062:48615997-55422271/ident.bedpe; Input files updated by another job: results/8-cdr_finder/bed/all_cdrs.bed, results/8-cdr_finder/bed/all_binned_freq.bed
    wildcards: chr=chr4, fname=T2T18_chr4_haplotype2-0000062:48615997-55422271
    resources: mem_mb=8000, mem_mib=7630, disk_mb=1000, disk_mib=954, tmpdir=/tmp, mem=8GB
Shell command: 
        ( grep 'T2T18_chr4_haplotype2-0000062:48615997-55422271' results/8-format_repeatmasker_sat_annot/bed/all_cens.annotation.bed || true ) > results/11-moddotplot/combined/bed/chr4/T2T18_chr4_haplotype2-0000062:48615997-55422271/sat_annot.bed
        ( grep 'T2T18_chr4_haplotype2-0000062:48615997-55422271' results/10-format_hor_stv/bed/chr4/stv_all.bed || true ) > results/11-moddotplot/combined/bed/chr4/T2T18_chr4_haplotype2-0000062:48615997-55422271/stv.bed
        # Remove header.
        ln -s $(realpath results/11-moddotplot/original/chr4/T2T18_chr4_haplotype2-0000062:48615997-55422271/T2T18_chr4_haplotype2-0000062:48615997-55422271.bed) results/11-moddotplot/combined/bed/chr4/T2T18_chr4_haplotype2-0000062:48615997-55422271/ident.bedpe
        if [ "True" != "False" ]; then
            ( grep 'T2T18_chr4_haplotype2-0000062:48615997-55422271' results/8-cdr_finder/bed/all_cdrs.bed || true ) > results/11-moddotplot/combined/bed/chr4/T2T18_chr4_haplotype2-0000062:48615997-55422271/cdrs.bed
            ( grep 'T2T18_chr4_haplotype2-0000062:48615997-55422271' results/8-cdr_finder/bed/all_binned_freq.bed || true ) > results/11-moddotplot/combined/bed/chr4/T2T18_chr4_haplotype2-0000062:48615997-55422271/methyl.bed
        else
            touch results/11-moddotplot/combined/bed/chr4/T2T18_chr4_haplotype2-0000062:48615997-55422271/cdrs.bed
            touch results/11-moddotplot/combined/bed/chr4/T2T18_chr4_haplotype2-0000062:48615997-55422271/methyl.bed
        fi
        
Select jobs to execute...
[Thu Jan  8 16:31:15 2026]
Finished jobid: 914 (Rule: filter_annotations_moddotplot)
106 of 325 steps (33%) done
Execute 1 jobs...

[Thu Jan  8 16:31:15 2026]
localrule filter_annotations_moddotplot:
    input: results/10-format_hor_stv/bed/chr12/stv_all.bed, results/8-format_repeatmasker_sat_annot/bed/all_cens.annotation.bed, results/8-cdr_finder/bed/all_cdrs.bed, results/8-cdr_finder/bed/all_binned_freq.bed, results/11-moddotplot/original/chr12/T2T18_chr12_haplotype2-0000047:33381506-39271422/T2T18_chr12_haplotype2-0000047:33381506-39271422.bed
    output: results/11-moddotplot/combined/bed/chr12/T2T18_chr12_haplotype2-0000047:33381506-39271422/sat_annot.bed, results/11-moddotplot/combined/bed/chr12/T2T18_chr12_haplotype2-0000047:33381506-39271422/ident.bedpe, results/11-moddotplot/combined/bed/chr12/T2T18_chr12_haplotype2-0000047:33381506-39271422/stv.bed, results/11-moddotplot/combined/bed/chr12/T2T18_chr12_haplotype2-0000047:33381506-39271422/cdrs.bed, results/11-moddotplot/combined/bed/chr12/T2T18_chr12_haplotype2-0000047:33381506-39271422/methyl.bed
    jobid: 986
    reason: Missing output files: results/11-moddotplot/combined/bed/chr12/T2T18_chr12_haplotype2-0000047:33381506-39271422/ident.bedpe; Input files updated by another job: results/8-cdr_finder/bed/all_cdrs.bed, results/8-cdr_finder/bed/all_binned_freq.bed
    wildcards: chr=chr12, fname=T2T18_chr12_haplotype2-0000047:33381506-39271422
    resources: mem_mb=8000, mem_mib=7630, disk_mb=1000, disk_mib=954, tmpdir=/tmp, mem=8GB
Shell command: 
        ( grep 'T2T18_chr12_haplotype2-0000047:33381506-39271422' results/8-format_repeatmasker_sat_annot/bed/all_cens.annotation.bed || true ) > results/11-moddotplot/combined/bed/chr12/T2T18_chr12_haplotype2-0000047:33381506-39271422/sat_annot.bed
        ( grep 'T2T18_chr12_haplotype2-0000047:33381506-39271422' results/10-format_hor_stv/bed/chr12/stv_all.bed || true ) > results/11-moddotplot/combined/bed/chr12/T2T18_chr12_haplotype2-0000047:33381506-39271422/stv.bed
        # Remove header.
        ln -s $(realpath results/11-moddotplot/original/chr12/T2T18_chr12_haplotype2-0000047:33381506-39271422/T2T18_chr12_haplotype2-0000047:33381506-39271422.bed) results/11-moddotplot/combined/bed/chr12/T2T18_chr12_haplotype2-0000047:33381506-39271422/ident.bedpe
        if [ "True" != "False" ]; then
            ( grep 'T2T18_chr12_haplotype2-0000047:33381506-39271422' results/8-cdr_finder/bed/all_cdrs.bed || true ) > results/11-moddotplot/combined/bed/chr12/T2T18_chr12_haplotype2-0000047:33381506-39271422/cdrs.bed
            ( grep 'T2T18_chr12_haplotype2-0000047:33381506-39271422' results/8-cdr_finder/bed/all_binned_freq.bed || true ) > results/11-moddotplot/combined/bed/chr12/T2T18_chr12_haplotype2-0000047:33381506-39271422/methyl.bed
        else
            touch results/11-moddotplot/combined/bed/chr12/T2T18_chr12_haplotype2-0000047:33381506-39271422/cdrs.bed
            touch results/11-moddotplot/combined/bed/chr12/T2T18_chr12_haplotype2-0000047:33381506-39271422/methyl.bed
        fi
        
Select jobs to execute...
[Thu Jan  8 16:31:16 2026]
Finished jobid: 986 (Rule: filter_annotations_moddotplot)
107 of 325 steps (33%) done
Execute 1 jobs...

[Thu Jan  8 16:31:16 2026]
localrule modify_moddotplot_cenplot_tracks:
    input: results/11-moddotplot/combined/bed/chr9/T2T18_rc-chr9_haplotype1-0000011:41651274-48603566/cdrs.bed, results/11-moddotplot/combined/bed/chr9/T2T18_rc-chr9_haplotype1-0000011:41651274-48603566/sat_annot.bed, results/11-moddotplot/combined/bed/chr9/T2T18_rc-chr9_haplotype1-0000011:41651274-48603566/ident.bedpe, results/11-moddotplot/combined/bed/chr9/T2T18_rc-chr9_haplotype1-0000011:41651274-48603566/stv.bed, results/11-moddotplot/combined/bed/chr9/T2T18_rc-chr9_haplotype1-0000011:41651274-48603566/methyl.bed
    output: results/11-moddotplot/combined/plots/chr9/T2T18_rc-chr9_haplotype1-0000011:41651274-48603566.yaml
    log: logs/11-moddotplot/modify_moddotplot_cenplot_tracks_chr9_T2T18_rc-chr9_haplotype1-0000011:41651274-48603566.log
    jobid: 952
    reason: Input files updated by another job: results/11-moddotplot/combined/bed/chr9/T2T18_rc-chr9_haplotype1-0000011:41651274-48603566/stv.bed, results/11-moddotplot/combined/bed/chr9/T2T18_rc-chr9_haplotype1-0000011:41651274-48603566/sat_annot.bed, results/11-moddotplot/combined/bed/chr9/T2T18_rc-chr9_haplotype1-0000011:41651274-48603566/methyl.bed, results/11-moddotplot/combined/bed/chr9/T2T18_rc-chr9_haplotype1-0000011:41651274-48603566/cdrs.bed, results/11-moddotplot/combined/bed/chr9/T2T18_rc-chr9_haplotype1-0000011:41651274-48603566/ident.bedpe
    wildcards: chr=chr9, fname=T2T18_rc-chr9_haplotype1-0000011:41651274-48603566
    resources: mem_mb=8000, mem_mib=7630, disk_mb=1000, disk_mib=954, tmpdir=/tmp, mem=8GB
Shell command: 
        python /home/ukt.ad.local/ahgrosc1/.cache/snakemake/snakemake/source-cache/runtime-cache/tmpvv5_ue2g/file/mnt/storage3b/projects/no_ngsd/ahthapp1_T2T_ONT/analysis_other/cenmap_single/T2T18/workflow/rules/../scripts/format_cenplot_yaml.py         -i '{"cdr": "results/11-moddotplot/combined/bed/chr9/T2T18_rc-chr9_haplotype1-0000011:41651274-48603566/cdrs.bed", "rm": "results/11-moddotplot/combined/bed/chr9/T2T18_rc-chr9_haplotype1-0000011:41651274-48603566/sat_annot.bed", "ident": "results/11-moddotplot/combined/bed/chr9/T2T18_rc-chr9_haplotype1-0000011:41651274-48603566/ident.bedpe", "stv": "results/11-moddotplot/combined/bed/chr9/T2T18_rc-chr9_haplotype1-0000011:41651274-48603566/stv.bed", "methyl": "results/11-moddotplot/combined/bed/chr9/T2T18_rc-chr9_haplotype1-0000011:41651274-48603566/methyl.bed"}'         -t /home/ukt.ad.local/ahgrosc1/.cache/snakemake/snakemake/source-cache/runtime-cache/tmpvv5_ue2g/file/mnt/storage3b/projects/no_ngsd/ahthapp1_T2T_ONT/analysis_other/cenmap_single/T2T18/workflow/rules/../scripts/cenplot_moddotplot.yaml         --options '{"hor": {"color_map_file": "/mnt/storage3b/projects/no_ngsd/ahthapp1_T2T_ONT/analysis_other/cenmap_single/T2T18/config/stv_annot_colors.tsv"}}' > results/11-moddotplot/combined/plots/chr9/T2T18_rc-chr9_haplotype1-0000011:41651274-48603566.yaml 2> logs/11-moddotplot/modify_moddotplot_cenplot_tracks_chr9_T2T18_rc-chr9_haplotype1-0000011:41651274-48603566.log
        
Select jobs to execute...
[Thu Jan  8 16:31:17 2026]
Finished jobid: 952 (Rule: modify_moddotplot_cenplot_tracks)
108 of 325 steps (33%) done
Execute 1 jobs...

[Thu Jan  8 16:31:17 2026]
localrule plot_cen_moddotplot:
    input: results/11-moddotplot/combined/plots/chr9/T2T18_rc-chr9_haplotype1-0000011:41651274-48603566.yaml, results/11-moddotplot/combined/bed/chr9/T2T18_rc-chr9_haplotype1-0000011:41651274-48603566/sat_annot.bed, results/11-moddotplot/combined/bed/chr9/T2T18_rc-chr9_haplotype1-0000011:41651274-48603566/ident.bedpe, results/11-moddotplot/combined/bed/chr9/T2T18_rc-chr9_haplotype1-0000011:41651274-48603566/stv.bed, results/11-moddotplot/combined/bed/chr9/T2T18_rc-chr9_haplotype1-0000011:41651274-48603566/cdrs.bed, results/11-moddotplot/combined/bed/chr9/T2T18_rc-chr9_haplotype1-0000011:41651274-48603566/methyl.bed
    output: results/11-moddotplot/combined/plots/chr9/T2T18_rc-chr9_haplotype1-0000011:41651274-48603566.pdf, results/11-moddotplot/combined/plots/chr9/T2T18_rc-chr9_haplotype1-0000011:41651274-48603566.png
    log: logs/11-moddotplot/plot_moddotplot_chr9_T2T18_rc-chr9_haplotype1-0000011:41651274-48603566.log
    jobid: 951
    reason: Input files updated by another job: results/11-moddotplot/combined/bed/chr9/T2T18_rc-chr9_haplotype1-0000011:41651274-48603566/stv.bed, results/11-moddotplot/combined/bed/chr9/T2T18_rc-chr9_haplotype1-0000011:41651274-48603566/sat_annot.bed, results/11-moddotplot/combined/plots/chr9/T2T18_rc-chr9_haplotype1-0000011:41651274-48603566.yaml, results/11-moddotplot/combined/bed/chr9/T2T18_rc-chr9_haplotype1-0000011:41651274-48603566/methyl.bed, results/11-moddotplot/combined/bed/chr9/T2T18_rc-chr9_haplotype1-0000011:41651274-48603566/cdrs.bed, results/11-moddotplot/combined/bed/chr9/T2T18_rc-chr9_haplotype1-0000011:41651274-48603566/ident.bedpe
    wildcards: chr=chr9, fname=T2T18_rc-chr9_haplotype1-0000011:41651274-48603566
    resources: mem_mb=8000, mem_mib=7630, disk_mb=1000, disk_mib=954, tmpdir=/tmp, mem=8GB
Shell command: 
        cenplot draw -t results/11-moddotplot/combined/plots/chr9/T2T18_rc-chr9_haplotype1-0000011:41651274-48603566.yaml -d results/11-moddotplot/combined/plots/chr9 -c T2T18_rc-chr9_haplotype1-0000011:41651274-48603566 -p 1 2> logs/11-moddotplot/plot_moddotplot_chr9_T2T18_rc-chr9_haplotype1-0000011:41651274-48603566.log
        
Select jobs to execute...
[Thu Jan  8 16:32:36 2026]
Finished jobid: 917 (Rule: plot_cen_moddotplot)
109 of 325 steps (34%) done
Execute 1 jobs...

[Thu Jan  8 16:32:36 2026]
localrule modify_moddotplot_cenplot_tracks:
    input: results/11-moddotplot/combined/bed/chr16/T2T18_rc-chr16_haplotype2-0000055:32042187-39973151/cdrs.bed, results/11-moddotplot/combined/bed/chr16/T2T18_rc-chr16_haplotype2-0000055:32042187-39973151/sat_annot.bed, results/11-moddotplot/combined/bed/chr16/T2T18_rc-chr16_haplotype2-0000055:32042187-39973151/ident.bedpe, results/11-moddotplot/combined/bed/chr16/T2T18_rc-chr16_haplotype2-0000055:32042187-39973151/stv.bed, results/11-moddotplot/combined/bed/chr16/T2T18_rc-chr16_haplotype2-0000055:32042187-39973151/methyl.bed
    output: results/11-moddotplot/combined/plots/chr16/T2T18_rc-chr16_haplotype2-0000055:32042187-39973151.yaml
    log: logs/11-moddotplot/modify_moddotplot_cenplot_tracks_chr16_T2T18_rc-chr16_haplotype2-0000055:32042187-39973151.log
    jobid: 1022
    reason: Input files updated by another job: results/11-moddotplot/combined/bed/chr16/T2T18_rc-chr16_haplotype2-0000055:32042187-39973151/methyl.bed, results/11-moddotplot/combined/bed/chr16/T2T18_rc-chr16_haplotype2-0000055:32042187-39973151/stv.bed, results/11-moddotplot/combined/bed/chr16/T2T18_rc-chr16_haplotype2-0000055:32042187-39973151/sat_annot.bed, results/11-moddotplot/combined/bed/chr16/T2T18_rc-chr16_haplotype2-0000055:32042187-39973151/cdrs.bed, results/11-moddotplot/combined/bed/chr16/T2T18_rc-chr16_haplotype2-0000055:32042187-39973151/ident.bedpe
    wildcards: chr=chr16, fname=T2T18_rc-chr16_haplotype2-0000055:32042187-39973151
    resources: mem_mb=8000, mem_mib=7630, disk_mb=1000, disk_mib=954, tmpdir=/tmp, mem=8GB
Shell command: 
        python /home/ukt.ad.local/ahgrosc1/.cache/snakemake/snakemake/source-cache/runtime-cache/tmpvv5_ue2g/file/mnt/storage3b/projects/no_ngsd/ahthapp1_T2T_ONT/analysis_other/cenmap_single/T2T18/workflow/rules/../scripts/format_cenplot_yaml.py         -i '{"cdr": "results/11-moddotplot/combined/bed/chr16/T2T18_rc-chr16_haplotype2-0000055:32042187-39973151/cdrs.bed", "rm": "results/11-moddotplot/combined/bed/chr16/T2T18_rc-chr16_haplotype2-0000055:32042187-39973151/sat_annot.bed", "ident": "results/11-moddotplot/combined/bed/chr16/T2T18_rc-chr16_haplotype2-0000055:32042187-39973151/ident.bedpe", "stv": "results/11-moddotplot/combined/bed/chr16/T2T18_rc-chr16_haplotype2-0000055:32042187-39973151/stv.bed", "methyl": "results/11-moddotplot/combined/bed/chr16/T2T18_rc-chr16_haplotype2-0000055:32042187-39973151/methyl.bed"}'         -t /home/ukt.ad.local/ahgrosc1/.cache/snakemake/snakemake/source-cache/runtime-cache/tmpvv5_ue2g/file/mnt/storage3b/projects/no_ngsd/ahthapp1_T2T_ONT/analysis_other/cenmap_single/T2T18/workflow/rules/../scripts/cenplot_moddotplot.yaml         --options '{"hor": {"color_map_file": "/mnt/storage3b/projects/no_ngsd/ahthapp1_T2T_ONT/analysis_other/cenmap_single/T2T18/config/stv_annot_colors.tsv"}}' > results/11-moddotplot/combined/plots/chr16/T2T18_rc-chr16_haplotype2-0000055:32042187-39973151.yaml 2> logs/11-moddotplot/modify_moddotplot_cenplot_tracks_chr16_T2T18_rc-chr16_haplotype2-0000055:32042187-39973151.log
        
Select jobs to execute...
[Thu Jan  8 16:32:36 2026]
Finished jobid: 1022 (Rule: modify_moddotplot_cenplot_tracks)
110 of 325 steps (34%) done
Execute 1 jobs...

[Thu Jan  8 16:32:36 2026]
localrule plot_cen_moddotplot:
    input: results/11-moddotplot/combined/plots/chr16/T2T18_rc-chr16_haplotype2-0000055:32042187-39973151.yaml, results/11-moddotplot/combined/bed/chr16/T2T18_rc-chr16_haplotype2-0000055:32042187-39973151/sat_annot.bed, results/11-moddotplot/combined/bed/chr16/T2T18_rc-chr16_haplotype2-0000055:32042187-39973151/ident.bedpe, results/11-moddotplot/combined/bed/chr16/T2T18_rc-chr16_haplotype2-0000055:32042187-39973151/stv.bed, results/11-moddotplot/combined/bed/chr16/T2T18_rc-chr16_haplotype2-0000055:32042187-39973151/cdrs.bed, results/11-moddotplot/combined/bed/chr16/T2T18_rc-chr16_haplotype2-0000055:32042187-39973151/methyl.bed
    output: results/11-moddotplot/combined/plots/chr16/T2T18_rc-chr16_haplotype2-0000055:32042187-39973151.pdf, results/11-moddotplot/combined/plots/chr16/T2T18_rc-chr16_haplotype2-0000055:32042187-39973151.png
    log: logs/11-moddotplot/plot_moddotplot_chr16_T2T18_rc-chr16_haplotype2-0000055:32042187-39973151.log
    jobid: 1021
    reason: Input files updated by another job: results/11-moddotplot/combined/bed/chr16/T2T18_rc-chr16_haplotype2-0000055:32042187-39973151/methyl.bed, results/11-moddotplot/combined/bed/chr16/T2T18_rc-chr16_haplotype2-0000055:32042187-39973151/stv.bed, results/11-moddotplot/combined/bed/chr16/T2T18_rc-chr16_haplotype2-0000055:32042187-39973151/sat_annot.bed, results/11-moddotplot/combined/plots/chr16/T2T18_rc-chr16_haplotype2-0000055:32042187-39973151.yaml, results/11-moddotplot/combined/bed/chr16/T2T18_rc-chr16_haplotype2-0000055:32042187-39973151/cdrs.bed, results/11-moddotplot/combined/bed/chr16/T2T18_rc-chr16_haplotype2-0000055:32042187-39973151/ident.bedpe
    wildcards: chr=chr16, fname=T2T18_rc-chr16_haplotype2-0000055:32042187-39973151
    resources: mem_mb=8000, mem_mib=7630, disk_mb=1000, disk_mib=954, tmpdir=/tmp, mem=8GB
Shell command: 
        cenplot draw -t results/11-moddotplot/combined/plots/chr16/T2T18_rc-chr16_haplotype2-0000055:32042187-39973151.yaml -d results/11-moddotplot/combined/plots/chr16 -c T2T18_rc-chr16_haplotype2-0000055:32042187-39973151 -p 1 2> logs/11-moddotplot/plot_moddotplot_chr16_T2T18_rc-chr16_haplotype2-0000055:32042187-39973151.log
        
Select jobs to execute...
[Thu Jan  8 16:43:34 2026]
Finished jobid: 1048 (Rule: plot_cen_moddotplot)
111 of 325 steps (34%) done
Execute 1 jobs...

[Thu Jan  8 16:43:34 2026]
localrule modify_moddotplot_cenplot_tracks:
    input: results/11-moddotplot/combined/bed/chr4/T2T18_chr4_haplotype1-0000023:48725466-55778863/cdrs.bed, results/11-moddotplot/combined/bed/chr4/T2T18_chr4_haplotype1-0000023:48725466-55778863/sat_annot.bed, results/11-moddotplot/combined/bed/chr4/T2T18_chr4_haplotype1-0000023:48725466-55778863/ident.bedpe, results/11-moddotplot/combined/bed/chr4/T2T18_chr4_haplotype1-0000023:48725466-55778863/stv.bed, results/11-moddotplot/combined/bed/chr4/T2T18_chr4_haplotype1-0000023:48725466-55778863/methyl.bed
    output: results/11-moddotplot/combined/plots/chr4/T2T18_chr4_haplotype1-0000023:48725466-55778863.yaml
    log: logs/11-moddotplot/modify_moddotplot_cenplot_tracks_chr4_T2T18_chr4_haplotype1-0000023:48725466-55778863.log
    jobid: 910
    reason: Input files updated by another job: results/11-moddotplot/combined/bed/chr4/T2T18_chr4_haplotype1-0000023:48725466-55778863/stv.bed, results/11-moddotplot/combined/bed/chr4/T2T18_chr4_haplotype1-0000023:48725466-55778863/methyl.bed, results/11-moddotplot/combined/bed/chr4/T2T18_chr4_haplotype1-0000023:48725466-55778863/cdrs.bed, results/11-moddotplot/combined/bed/chr4/T2T18_chr4_haplotype1-0000023:48725466-55778863/sat_annot.bed, results/11-moddotplot/combined/bed/chr4/T2T18_chr4_haplotype1-0000023:48725466-55778863/ident.bedpe
    wildcards: chr=chr4, fname=T2T18_chr4_haplotype1-0000023:48725466-55778863
    resources: mem_mb=8000, mem_mib=7630, disk_mb=1000, disk_mib=954, tmpdir=/tmp, mem=8GB
Shell command: 
        python /home/ukt.ad.local/ahgrosc1/.cache/snakemake/snakemake/source-cache/runtime-cache/tmpvv5_ue2g/file/mnt/storage3b/projects/no_ngsd/ahthapp1_T2T_ONT/analysis_other/cenmap_single/T2T18/workflow/rules/../scripts/format_cenplot_yaml.py         -i '{"cdr": "results/11-moddotplot/combined/bed/chr4/T2T18_chr4_haplotype1-0000023:48725466-55778863/cdrs.bed", "rm": "results/11-moddotplot/combined/bed/chr4/T2T18_chr4_haplotype1-0000023:48725466-55778863/sat_annot.bed", "ident": "results/11-moddotplot/combined/bed/chr4/T2T18_chr4_haplotype1-0000023:48725466-55778863/ident.bedpe", "stv": "results/11-moddotplot/combined/bed/chr4/T2T18_chr4_haplotype1-0000023:48725466-55778863/stv.bed", "methyl": "results/11-moddotplot/combined/bed/chr4/T2T18_chr4_haplotype1-0000023:48725466-55778863/methyl.bed"}'         -t /home/ukt.ad.local/ahgrosc1/.cache/snakemake/snakemake/source-cache/runtime-cache/tmpvv5_ue2g/file/mnt/storage3b/projects/no_ngsd/ahthapp1_T2T_ONT/analysis_other/cenmap_single/T2T18/workflow/rules/../scripts/cenplot_moddotplot.yaml         --options '{"hor": {"color_map_file": "/mnt/storage3b/projects/no_ngsd/ahthapp1_T2T_ONT/analysis_other/cenmap_single/T2T18/config/stv_annot_colors.tsv"}}' > results/11-moddotplot/combined/plots/chr4/T2T18_chr4_haplotype1-0000023:48725466-55778863.yaml 2> logs/11-moddotplot/modify_moddotplot_cenplot_tracks_chr4_T2T18_chr4_haplotype1-0000023:48725466-55778863.log
        
Select jobs to execute...
[Thu Jan  8 16:43:34 2026]
Finished jobid: 910 (Rule: modify_moddotplot_cenplot_tracks)
112 of 325 steps (34%) done
Execute 1 jobs...

[Thu Jan  8 16:43:34 2026]
localrule plot_cen_moddotplot:
    input: results/11-moddotplot/combined/plots/chr4/T2T18_chr4_haplotype1-0000023:48725466-55778863.yaml, results/11-moddotplot/combined/bed/chr4/T2T18_chr4_haplotype1-0000023:48725466-55778863/sat_annot.bed, results/11-moddotplot/combined/bed/chr4/T2T18_chr4_haplotype1-0000023:48725466-55778863/ident.bedpe, results/11-moddotplot/combined/bed/chr4/T2T18_chr4_haplotype1-0000023:48725466-55778863/stv.bed, results/11-moddotplot/combined/bed/chr4/T2T18_chr4_haplotype1-0000023:48725466-55778863/cdrs.bed, results/11-moddotplot/combined/bed/chr4/T2T18_chr4_haplotype1-0000023:48725466-55778863/methyl.bed
    output: results/11-moddotplot/combined/plots/chr4/T2T18_chr4_haplotype1-0000023:48725466-55778863.pdf, results/11-moddotplot/combined/plots/chr4/T2T18_chr4_haplotype1-0000023:48725466-55778863.png
    log: logs/11-moddotplot/plot_moddotplot_chr4_T2T18_chr4_haplotype1-0000023:48725466-55778863.log
    jobid: 909
    reason: Input files updated by another job: results/11-moddotplot/combined/bed/chr4/T2T18_chr4_haplotype1-0000023:48725466-55778863/stv.bed, results/11-moddotplot/combined/bed/chr4/T2T18_chr4_haplotype1-0000023:48725466-55778863/methyl.bed, results/11-moddotplot/combined/bed/chr4/T2T18_chr4_haplotype1-0000023:48725466-55778863/cdrs.bed, results/11-moddotplot/combined/bed/chr4/T2T18_chr4_haplotype1-0000023:48725466-55778863/sat_annot.bed, results/11-moddotplot/combined/bed/chr4/T2T18_chr4_haplotype1-0000023:48725466-55778863/ident.bedpe, results/11-moddotplot/combined/plots/chr4/T2T18_chr4_haplotype1-0000023:48725466-55778863.yaml
    wildcards: chr=chr4, fname=T2T18_chr4_haplotype1-0000023:48725466-55778863
    resources: mem_mb=8000, mem_mib=7630, disk_mb=1000, disk_mib=954, tmpdir=/tmp, mem=8GB
Shell command: 
        cenplot draw -t results/11-moddotplot/combined/plots/chr4/T2T18_chr4_haplotype1-0000023:48725466-55778863.yaml -d results/11-moddotplot/combined/plots/chr4 -c T2T18_chr4_haplotype1-0000023:48725466-55778863 -p 1 2> logs/11-moddotplot/plot_moddotplot_chr4_T2T18_chr4_haplotype1-0000023:48725466-55778863.log
        
Select jobs to execute...
[Thu Jan  8 16:53:40 2026]
Finished jobid: 909 (Rule: plot_cen_moddotplot)
113 of 325 steps (35%) done
Execute 1 jobs...

[Thu Jan  8 16:53:40 2026]
localrule filter_annotations_moddotplot:
    input: results/10-format_hor_stv/bed/chr12/stv_all.bed, results/8-format_repeatmasker_sat_annot/bed/all_cens.annotation.bed, results/8-cdr_finder/bed/all_cdrs.bed, results/8-cdr_finder/bed/all_binned_freq.bed, results/11-moddotplot/original/chr12/T2T18_chr12_haplotype1-0000008:33287791-39071713/T2T18_chr12_haplotype1-0000008:33287791-39071713.bed
    output: results/11-moddotplot/combined/bed/chr12/T2T18_chr12_haplotype1-0000008:33287791-39071713/sat_annot.bed, results/11-moddotplot/combined/bed/chr12/T2T18_chr12_haplotype1-0000008:33287791-39071713/ident.bedpe, results/11-moddotplot/combined/bed/chr12/T2T18_chr12_haplotype1-0000008:33287791-39071713/stv.bed, results/11-moddotplot/combined/bed/chr12/T2T18_chr12_haplotype1-0000008:33287791-39071713/cdrs.bed, results/11-moddotplot/combined/bed/chr12/T2T18_chr12_haplotype1-0000008:33287791-39071713/methyl.bed
    jobid: 983
    reason: Missing output files: results/11-moddotplot/combined/bed/chr12/T2T18_chr12_haplotype1-0000008:33287791-39071713/ident.bedpe; Input files updated by another job: results/8-cdr_finder/bed/all_cdrs.bed, results/8-cdr_finder/bed/all_binned_freq.bed
    wildcards: chr=chr12, fname=T2T18_chr12_haplotype1-0000008:33287791-39071713
    resources: mem_mb=8000, mem_mib=7630, disk_mb=1000, disk_mib=954, tmpdir=/tmp, mem=8GB
Shell command: 
        ( grep 'T2T18_chr12_haplotype1-0000008:33287791-39071713' results/8-format_repeatmasker_sat_annot/bed/all_cens.annotation.bed || true ) > results/11-moddotplot/combined/bed/chr12/T2T18_chr12_haplotype1-0000008:33287791-39071713/sat_annot.bed
        ( grep 'T2T18_chr12_haplotype1-0000008:33287791-39071713' results/10-format_hor_stv/bed/chr12/stv_all.bed || true ) > results/11-moddotplot/combined/bed/chr12/T2T18_chr12_haplotype1-0000008:33287791-39071713/stv.bed
        # Remove header.
        ln -s $(realpath results/11-moddotplot/original/chr12/T2T18_chr12_haplotype1-0000008:33287791-39071713/T2T18_chr12_haplotype1-0000008:33287791-39071713.bed) results/11-moddotplot/combined/bed/chr12/T2T18_chr12_haplotype1-0000008:33287791-39071713/ident.bedpe
        if [ "True" != "False" ]; then
            ( grep 'T2T18_chr12_haplotype1-0000008:33287791-39071713' results/8-cdr_finder/bed/all_cdrs.bed || true ) > results/11-moddotplot/combined/bed/chr12/T2T18_chr12_haplotype1-0000008:33287791-39071713/cdrs.bed
            ( grep 'T2T18_chr12_haplotype1-0000008:33287791-39071713' results/8-cdr_finder/bed/all_binned_freq.bed || true ) > results/11-moddotplot/combined/bed/chr12/T2T18_chr12_haplotype1-0000008:33287791-39071713/methyl.bed
        else
            touch results/11-moddotplot/combined/bed/chr12/T2T18_chr12_haplotype1-0000008:33287791-39071713/cdrs.bed
            touch results/11-moddotplot/combined/bed/chr12/T2T18_chr12_haplotype1-0000008:33287791-39071713/methyl.bed
        fi
        
Select jobs to execute...
[Thu Jan  8 16:53:40 2026]
Finished jobid: 983 (Rule: filter_annotations_moddotplot)
114 of 325 steps (35%) done
Execute 1 jobs...

[Thu Jan  8 16:53:41 2026]
localrule filter_annotations_moddotplot:
    input: results/10-format_hor_stv/bed/chr6/stv_all.bed, results/8-format_repeatmasker_sat_annot/bed/all_cens.annotation.bed, results/8-cdr_finder/bed/all_cdrs.bed, results/8-cdr_finder/bed/all_binned_freq.bed, results/11-moddotplot/original/chr6/T2T18_rc-chr6_haplotype2-0000048:57374120-63505761/T2T18_rc-chr6_haplotype2-0000048:57374120-63505761.bed
    output: results/11-moddotplot/combined/bed/chr6/T2T18_rc-chr6_haplotype2-0000048:57374120-63505761/sat_annot.bed, results/11-moddotplot/combined/bed/chr6/T2T18_rc-chr6_haplotype2-0000048:57374120-63505761/ident.bedpe, results/11-moddotplot/combined/bed/chr6/T2T18_rc-chr6_haplotype2-0000048:57374120-63505761/stv.bed, results/11-moddotplot/combined/bed/chr6/T2T18_rc-chr6_haplotype2-0000048:57374120-63505761/cdrs.bed, results/11-moddotplot/combined/bed/chr6/T2T18_rc-chr6_haplotype2-0000048:57374120-63505761/methyl.bed
    jobid: 930
    reason: Missing output files: results/11-moddotplot/combined/bed/chr6/T2T18_rc-chr6_haplotype2-0000048:57374120-63505761/ident.bedpe; Input files updated by another job: results/8-cdr_finder/bed/all_cdrs.bed, results/8-cdr_finder/bed/all_binned_freq.bed
    wildcards: chr=chr6, fname=T2T18_rc-chr6_haplotype2-0000048:57374120-63505761
    resources: mem_mb=8000, mem_mib=7630, disk_mb=1000, disk_mib=954, tmpdir=/tmp, mem=8GB
Shell command: 
        ( grep 'T2T18_rc-chr6_haplotype2-0000048:57374120-63505761' results/8-format_repeatmasker_sat_annot/bed/all_cens.annotation.bed || true ) > results/11-moddotplot/combined/bed/chr6/T2T18_rc-chr6_haplotype2-0000048:57374120-63505761/sat_annot.bed
        ( grep 'T2T18_rc-chr6_haplotype2-0000048:57374120-63505761' results/10-format_hor_stv/bed/chr6/stv_all.bed || true ) > results/11-moddotplot/combined/bed/chr6/T2T18_rc-chr6_haplotype2-0000048:57374120-63505761/stv.bed
        # Remove header.
        ln -s $(realpath results/11-moddotplot/original/chr6/T2T18_rc-chr6_haplotype2-0000048:57374120-63505761/T2T18_rc-chr6_haplotype2-0000048:57374120-63505761.bed) results/11-moddotplot/combined/bed/chr6/T2T18_rc-chr6_haplotype2-0000048:57374120-63505761/ident.bedpe
        if [ "True" != "False" ]; then
            ( grep 'T2T18_rc-chr6_haplotype2-0000048:57374120-63505761' results/8-cdr_finder/bed/all_cdrs.bed || true ) > results/11-moddotplot/combined/bed/chr6/T2T18_rc-chr6_haplotype2-0000048:57374120-63505761/cdrs.bed
            ( grep 'T2T18_rc-chr6_haplotype2-0000048:57374120-63505761' results/8-cdr_finder/bed/all_binned_freq.bed || true ) > results/11-moddotplot/combined/bed/chr6/T2T18_rc-chr6_haplotype2-0000048:57374120-63505761/methyl.bed
        else
            touch results/11-moddotplot/combined/bed/chr6/T2T18_rc-chr6_haplotype2-0000048:57374120-63505761/cdrs.bed
            touch results/11-moddotplot/combined/bed/chr6/T2T18_rc-chr6_haplotype2-0000048:57374120-63505761/methyl.bed
        fi
        
Select jobs to execute...
[Thu Jan  8 16:53:41 2026]
Finished jobid: 930 (Rule: filter_annotations_moddotplot)
115 of 325 steps (35%) done
Execute 1 jobs...

[Thu Jan  8 16:53:41 2026]
localrule filter_annotations_moddotplot:
    input: results/10-format_hor_stv/bed/chr8/stv_all.bed, results/8-format_repeatmasker_sat_annot/bed/all_cens.annotation.bed, results/8-cdr_finder/bed/all_cdrs.bed, results/8-cdr_finder/bed/all_binned_freq.bed, results/11-moddotplot/original/chr8/T2T18_chr8_haplotype1-0000012:42565219-48165698/T2T18_chr8_haplotype1-0000012:42565219-48165698.bed
    output: results/11-moddotplot/combined/bed/chr8/T2T18_chr8_haplotype1-0000012:42565219-48165698/sat_annot.bed, results/11-moddotplot/combined/bed/chr8/T2T18_chr8_haplotype1-0000012:42565219-48165698/ident.bedpe, results/11-moddotplot/combined/bed/chr8/T2T18_chr8_haplotype1-0000012:42565219-48165698/stv.bed, results/11-moddotplot/combined/bed/chr8/T2T18_chr8_haplotype1-0000012:42565219-48165698/cdrs.bed, results/11-moddotplot/combined/bed/chr8/T2T18_chr8_haplotype1-0000012:42565219-48165698/methyl.bed
    jobid: 943
    reason: Missing output files: results/11-moddotplot/combined/bed/chr8/T2T18_chr8_haplotype1-0000012:42565219-48165698/ident.bedpe; Input files updated by another job: results/8-cdr_finder/bed/all_cdrs.bed, results/8-cdr_finder/bed/all_binned_freq.bed
    wildcards: chr=chr8, fname=T2T18_chr8_haplotype1-0000012:42565219-48165698
    resources: mem_mb=8000, mem_mib=7630, disk_mb=1000, disk_mib=954, tmpdir=/tmp, mem=8GB
Shell command: 
        ( grep 'T2T18_chr8_haplotype1-0000012:42565219-48165698' results/8-format_repeatmasker_sat_annot/bed/all_cens.annotation.bed || true ) > results/11-moddotplot/combined/bed/chr8/T2T18_chr8_haplotype1-0000012:42565219-48165698/sat_annot.bed
        ( grep 'T2T18_chr8_haplotype1-0000012:42565219-48165698' results/10-format_hor_stv/bed/chr8/stv_all.bed || true ) > results/11-moddotplot/combined/bed/chr8/T2T18_chr8_haplotype1-0000012:42565219-48165698/stv.bed
        # Remove header.
        ln -s $(realpath results/11-moddotplot/original/chr8/T2T18_chr8_haplotype1-0000012:42565219-48165698/T2T18_chr8_haplotype1-0000012:42565219-48165698.bed) results/11-moddotplot/combined/bed/chr8/T2T18_chr8_haplotype1-0000012:42565219-48165698/ident.bedpe
        if [ "True" != "False" ]; then
            ( grep 'T2T18_chr8_haplotype1-0000012:42565219-48165698' results/8-cdr_finder/bed/all_cdrs.bed || true ) > results/11-moddotplot/combined/bed/chr8/T2T18_chr8_haplotype1-0000012:42565219-48165698/cdrs.bed
            ( grep 'T2T18_chr8_haplotype1-0000012:42565219-48165698' results/8-cdr_finder/bed/all_binned_freq.bed || true ) > results/11-moddotplot/combined/bed/chr8/T2T18_chr8_haplotype1-0000012:42565219-48165698/methyl.bed
        else
            touch results/11-moddotplot/combined/bed/chr8/T2T18_chr8_haplotype1-0000012:42565219-48165698/cdrs.bed
            touch results/11-moddotplot/combined/bed/chr8/T2T18_chr8_haplotype1-0000012:42565219-48165698/methyl.bed
        fi
        
Select jobs to execute...
[Thu Jan  8 16:53:41 2026]
Finished jobid: 943 (Rule: filter_annotations_moddotplot)
116 of 325 steps (36%) done
Execute 1 jobs...

[Thu Jan  8 16:53:41 2026]
localrule filter_annotations_moddotplot:
    input: results/10-format_hor_stv/bed/chr16/stv_all.bed, results/8-format_repeatmasker_sat_annot/bed/all_cens.annotation.bed, results/8-cdr_finder/bed/all_cdrs.bed, results/8-cdr_finder/bed/all_binned_freq.bed, results/11-moddotplot/original/chr16/T2T18_chr16_haplotype1-0000015:32324601-39475582/T2T18_chr16_haplotype1-0000015:32324601-39475582.bed
    output: results/11-moddotplot/combined/bed/chr16/T2T18_chr16_haplotype1-0000015:32324601-39475582/sat_annot.bed, results/11-moddotplot/combined/bed/chr16/T2T18_chr16_haplotype1-0000015:32324601-39475582/ident.bedpe, results/11-moddotplot/combined/bed/chr16/T2T18_chr16_haplotype1-0000015:32324601-39475582/stv.bed, results/11-moddotplot/combined/bed/chr16/T2T18_chr16_haplotype1-0000015:32324601-39475582/cdrs.bed, results/11-moddotplot/combined/bed/chr16/T2T18_chr16_haplotype1-0000015:32324601-39475582/methyl.bed
    jobid: 1026
    reason: Missing output files: results/11-moddotplot/combined/bed/chr16/T2T18_chr16_haplotype1-0000015:32324601-39475582/ident.bedpe; Input files updated by another job: results/8-cdr_finder/bed/all_cdrs.bed, results/8-cdr_finder/bed/all_binned_freq.bed
    wildcards: chr=chr16, fname=T2T18_chr16_haplotype1-0000015:32324601-39475582
    resources: mem_mb=8000, mem_mib=7630, disk_mb=1000, disk_mib=954, tmpdir=/tmp, mem=8GB
Shell command: 
        ( grep 'T2T18_chr16_haplotype1-0000015:32324601-39475582' results/8-format_repeatmasker_sat_annot/bed/all_cens.annotation.bed || true ) > results/11-moddotplot/combined/bed/chr16/T2T18_chr16_haplotype1-0000015:32324601-39475582/sat_annot.bed
        ( grep 'T2T18_chr16_haplotype1-0000015:32324601-39475582' results/10-format_hor_stv/bed/chr16/stv_all.bed || true ) > results/11-moddotplot/combined/bed/chr16/T2T18_chr16_haplotype1-0000015:32324601-39475582/stv.bed
        # Remove header.
        ln -s $(realpath results/11-moddotplot/original/chr16/T2T18_chr16_haplotype1-0000015:32324601-39475582/T2T18_chr16_haplotype1-0000015:32324601-39475582.bed) results/11-moddotplot/combined/bed/chr16/T2T18_chr16_haplotype1-0000015:32324601-39475582/ident.bedpe
        if [ "True" != "False" ]; then
            ( grep 'T2T18_chr16_haplotype1-0000015:32324601-39475582' results/8-cdr_finder/bed/all_cdrs.bed || true ) > results/11-moddotplot/combined/bed/chr16/T2T18_chr16_haplotype1-0000015:32324601-39475582/cdrs.bed
            ( grep 'T2T18_chr16_haplotype1-0000015:32324601-39475582' results/8-cdr_finder/bed/all_binned_freq.bed || true ) > results/11-moddotplot/combined/bed/chr16/T2T18_chr16_haplotype1-0000015:32324601-39475582/methyl.bed
        else
            touch results/11-moddotplot/combined/bed/chr16/T2T18_chr16_haplotype1-0000015:32324601-39475582/cdrs.bed
            touch results/11-moddotplot/combined/bed/chr16/T2T18_chr16_haplotype1-0000015:32324601-39475582/methyl.bed
        fi
        
Select jobs to execute...
[Thu Jan  8 16:53:41 2026]
Finished jobid: 1026 (Rule: filter_annotations_moddotplot)
117 of 325 steps (36%) done
Execute 1 jobs...

[Thu Jan  8 16:53:41 2026]
localrule modify_moddotplot_cenplot_tracks:
    input: results/11-moddotplot/combined/bed/chr14/T2T18_chr14_haplotype2-0000057:6828751-13606881/cdrs.bed, results/11-moddotplot/combined/bed/chr14/T2T18_chr14_haplotype2-0000057:6828751-13606881/sat_annot.bed, results/11-moddotplot/combined/bed/chr14/T2T18_chr14_haplotype2-0000057:6828751-13606881/ident.bedpe, results/11-moddotplot/combined/bed/chr14/T2T18_chr14_haplotype2-0000057:6828751-13606881/stv.bed, results/11-moddotplot/combined/bed/chr14/T2T18_chr14_haplotype2-0000057:6828751-13606881/methyl.bed
    output: results/11-moddotplot/combined/plots/chr14/T2T18_chr14_haplotype2-0000057:6828751-13606881.yaml
    log: logs/11-moddotplot/modify_moddotplot_cenplot_tracks_chr14_T2T18_chr14_haplotype2-0000057:6828751-13606881.log
    jobid: 1005
    reason: Input files updated by another job: results/11-moddotplot/combined/bed/chr14/T2T18_chr14_haplotype2-0000057:6828751-13606881/ident.bedpe, results/11-moddotplot/combined/bed/chr14/T2T18_chr14_haplotype2-0000057:6828751-13606881/methyl.bed, results/11-moddotplot/combined/bed/chr14/T2T18_chr14_haplotype2-0000057:6828751-13606881/sat_annot.bed, results/11-moddotplot/combined/bed/chr14/T2T18_chr14_haplotype2-0000057:6828751-13606881/stv.bed, results/11-moddotplot/combined/bed/chr14/T2T18_chr14_haplotype2-0000057:6828751-13606881/cdrs.bed
    wildcards: chr=chr14, fname=T2T18_chr14_haplotype2-0000057:6828751-13606881
    resources: mem_mb=8000, mem_mib=7630, disk_mb=1000, disk_mib=954, tmpdir=/tmp, mem=8GB
Shell command: 
        python /home/ukt.ad.local/ahgrosc1/.cache/snakemake/snakemake/source-cache/runtime-cache/tmpvv5_ue2g/file/mnt/storage3b/projects/no_ngsd/ahthapp1_T2T_ONT/analysis_other/cenmap_single/T2T18/workflow/rules/../scripts/format_cenplot_yaml.py         -i '{"cdr": "results/11-moddotplot/combined/bed/chr14/T2T18_chr14_haplotype2-0000057:6828751-13606881/cdrs.bed", "rm": "results/11-moddotplot/combined/bed/chr14/T2T18_chr14_haplotype2-0000057:6828751-13606881/sat_annot.bed", "ident": "results/11-moddotplot/combined/bed/chr14/T2T18_chr14_haplotype2-0000057:6828751-13606881/ident.bedpe", "stv": "results/11-moddotplot/combined/bed/chr14/T2T18_chr14_haplotype2-0000057:6828751-13606881/stv.bed", "methyl": "results/11-moddotplot/combined/bed/chr14/T2T18_chr14_haplotype2-0000057:6828751-13606881/methyl.bed"}'         -t /home/ukt.ad.local/ahgrosc1/.cache/snakemake/snakemake/source-cache/runtime-cache/tmpvv5_ue2g/file/mnt/storage3b/projects/no_ngsd/ahthapp1_T2T_ONT/analysis_other/cenmap_single/T2T18/workflow/rules/../scripts/cenplot_moddotplot.yaml         --options '{"hor": {"color_map_file": "/mnt/storage3b/projects/no_ngsd/ahthapp1_T2T_ONT/analysis_other/cenmap_single/T2T18/config/stv_annot_colors.tsv"}}' > results/11-moddotplot/combined/plots/chr14/T2T18_chr14_haplotype2-0000057:6828751-13606881.yaml 2> logs/11-moddotplot/modify_moddotplot_cenplot_tracks_chr14_T2T18_chr14_haplotype2-0000057:6828751-13606881.log
        
Select jobs to execute...
[Thu Jan  8 16:53:41 2026]
Finished jobid: 1005 (Rule: modify_moddotplot_cenplot_tracks)
118 of 325 steps (36%) done
Execute 1 jobs...

[Thu Jan  8 16:53:41 2026]
localrule plot_cen_moddotplot:
    input: results/11-moddotplot/combined/plots/chr14/T2T18_chr14_haplotype2-0000057:6828751-13606881.yaml, results/11-moddotplot/combined/bed/chr14/T2T18_chr14_haplotype2-0000057:6828751-13606881/sat_annot.bed, results/11-moddotplot/combined/bed/chr14/T2T18_chr14_haplotype2-0000057:6828751-13606881/ident.bedpe, results/11-moddotplot/combined/bed/chr14/T2T18_chr14_haplotype2-0000057:6828751-13606881/stv.bed, results/11-moddotplot/combined/bed/chr14/T2T18_chr14_haplotype2-0000057:6828751-13606881/cdrs.bed, results/11-moddotplot/combined/bed/chr14/T2T18_chr14_haplotype2-0000057:6828751-13606881/methyl.bed
    output: results/11-moddotplot/combined/plots/chr14/T2T18_chr14_haplotype2-0000057:6828751-13606881.pdf, results/11-moddotplot/combined/plots/chr14/T2T18_chr14_haplotype2-0000057:6828751-13606881.png
    log: logs/11-moddotplot/plot_moddotplot_chr14_T2T18_chr14_haplotype2-0000057:6828751-13606881.log
    jobid: 1004
    reason: Input files updated by another job: results/11-moddotplot/combined/bed/chr14/T2T18_chr14_haplotype2-0000057:6828751-13606881/cdrs.bed, results/11-moddotplot/combined/bed/chr14/T2T18_chr14_haplotype2-0000057:6828751-13606881/ident.bedpe, results/11-moddotplot/combined/bed/chr14/T2T18_chr14_haplotype2-0000057:6828751-13606881/methyl.bed, results/11-moddotplot/combined/plots/chr14/T2T18_chr14_haplotype2-0000057:6828751-13606881.yaml, results/11-moddotplot/combined/bed/chr14/T2T18_chr14_haplotype2-0000057:6828751-13606881/stv.bed, results/11-moddotplot/combined/bed/chr14/T2T18_chr14_haplotype2-0000057:6828751-13606881/sat_annot.bed
    wildcards: chr=chr14, fname=T2T18_chr14_haplotype2-0000057:6828751-13606881
    resources: mem_mb=8000, mem_mib=7630, disk_mb=1000, disk_mib=954, tmpdir=/tmp, mem=8GB
Shell command: 
        cenplot draw -t results/11-moddotplot/combined/plots/chr14/T2T18_chr14_haplotype2-0000057:6828751-13606881.yaml -d results/11-moddotplot/combined/plots/chr14 -c T2T18_chr14_haplotype2-0000057:6828751-13606881 -p 1 2> logs/11-moddotplot/plot_moddotplot_chr14_T2T18_chr14_haplotype2-0000057:6828751-13606881.log
        
Select jobs to execute...
[Thu Jan  8 16:55:53 2026]
Finished jobid: 1068 (Rule: plot_cen_moddotplot)
119 of 325 steps (37%) done
Execute 1 jobs...

[Thu Jan  8 16:55:53 2026]
localrule filter_annotations_moddotplot:
    input: results/10-format_hor_stv/bed/chr8/stv_all.bed, results/8-format_repeatmasker_sat_annot/bed/all_cens.annotation.bed, results/8-cdr_finder/bed/all_cdrs.bed, results/8-cdr_finder/bed/all_binned_freq.bed, results/11-moddotplot/original/chr8/T2T18_chr8_haplotype2-0000051:42728651-48254358/T2T18_chr8_haplotype2-0000051:42728651-48254358.bed
    output: results/11-moddotplot/combined/bed/chr8/T2T18_chr8_haplotype2-0000051:42728651-48254358/sat_annot.bed, results/11-moddotplot/combined/bed/chr8/T2T18_chr8_haplotype2-0000051:42728651-48254358/ident.bedpe, results/11-moddotplot/combined/bed/chr8/T2T18_chr8_haplotype2-0000051:42728651-48254358/stv.bed, results/11-moddotplot/combined/bed/chr8/T2T18_chr8_haplotype2-0000051:42728651-48254358/cdrs.bed, results/11-moddotplot/combined/bed/chr8/T2T18_chr8_haplotype2-0000051:42728651-48254358/methyl.bed
    jobid: 946
    reason: Missing output files: results/11-moddotplot/combined/bed/chr8/T2T18_chr8_haplotype2-0000051:42728651-48254358/ident.bedpe; Input files updated by another job: results/8-cdr_finder/bed/all_cdrs.bed, results/8-cdr_finder/bed/all_binned_freq.bed
    wildcards: chr=chr8, fname=T2T18_chr8_haplotype2-0000051:42728651-48254358
    resources: mem_mb=8000, mem_mib=7630, disk_mb=1000, disk_mib=954, tmpdir=/tmp, mem=8GB
Shell command: 
        ( grep 'T2T18_chr8_haplotype2-0000051:42728651-48254358' results/8-format_repeatmasker_sat_annot/bed/all_cens.annotation.bed || true ) > results/11-moddotplot/combined/bed/chr8/T2T18_chr8_haplotype2-0000051:42728651-48254358/sat_annot.bed
        ( grep 'T2T18_chr8_haplotype2-0000051:42728651-48254358' results/10-format_hor_stv/bed/chr8/stv_all.bed || true ) > results/11-moddotplot/combined/bed/chr8/T2T18_chr8_haplotype2-0000051:42728651-48254358/stv.bed
        # Remove header.
        ln -s $(realpath results/11-moddotplot/original/chr8/T2T18_chr8_haplotype2-0000051:42728651-48254358/T2T18_chr8_haplotype2-0000051:42728651-48254358.bed) results/11-moddotplot/combined/bed/chr8/T2T18_chr8_haplotype2-0000051:42728651-48254358/ident.bedpe
        if [ "True" != "False" ]; then
            ( grep 'T2T18_chr8_haplotype2-0000051:42728651-48254358' results/8-cdr_finder/bed/all_cdrs.bed || true ) > results/11-moddotplot/combined/bed/chr8/T2T18_chr8_haplotype2-0000051:42728651-48254358/cdrs.bed
            ( grep 'T2T18_chr8_haplotype2-0000051:42728651-48254358' results/8-cdr_finder/bed/all_binned_freq.bed || true ) > results/11-moddotplot/combined/bed/chr8/T2T18_chr8_haplotype2-0000051:42728651-48254358/methyl.bed
        else
            touch results/11-moddotplot/combined/bed/chr8/T2T18_chr8_haplotype2-0000051:42728651-48254358/cdrs.bed
            touch results/11-moddotplot/combined/bed/chr8/T2T18_chr8_haplotype2-0000051:42728651-48254358/methyl.bed
        fi
        
Select jobs to execute...
[Thu Jan  8 16:55:53 2026]
Finished jobid: 946 (Rule: filter_annotations_moddotplot)
120 of 325 steps (37%) done
Execute 1 jobs...

[Thu Jan  8 16:55:53 2026]
localrule filter_annotations_moddotplot:
    input: results/10-format_hor_stv/bed/chr17/stv_all.bed, results/8-format_repeatmasker_sat_annot/bed/all_cens.annotation.bed, results/8-cdr_finder/bed/all_cdrs.bed, results/8-cdr_finder/bed/all_binned_freq.bed, results/11-moddotplot/original/chr17/T2T18_rc-chr17_haplotype2-0000046:21844682-27381736/T2T18_rc-chr17_haplotype2-0000046:21844682-27381736.bed
    output: results/11-moddotplot/combined/bed/chr17/T2T18_rc-chr17_haplotype2-0000046:21844682-27381736/sat_annot.bed, results/11-moddotplot/combined/bed/chr17/T2T18_rc-chr17_haplotype2-0000046:21844682-27381736/ident.bedpe, results/11-moddotplot/combined/bed/chr17/T2T18_rc-chr17_haplotype2-0000046:21844682-27381736/stv.bed, results/11-moddotplot/combined/bed/chr17/T2T18_rc-chr17_haplotype2-0000046:21844682-27381736/cdrs.bed, results/11-moddotplot/combined/bed/chr17/T2T18_rc-chr17_haplotype2-0000046:21844682-27381736/methyl.bed
    jobid: 1034
    reason: Missing output files: results/11-moddotplot/combined/bed/chr17/T2T18_rc-chr17_haplotype2-0000046:21844682-27381736/ident.bedpe; Input files updated by another job: results/8-cdr_finder/bed/all_cdrs.bed, results/8-cdr_finder/bed/all_binned_freq.bed
    wildcards: chr=chr17, fname=T2T18_rc-chr17_haplotype2-0000046:21844682-27381736
    resources: mem_mb=8000, mem_mib=7630, disk_mb=1000, disk_mib=954, tmpdir=/tmp, mem=8GB
Shell command: 
        ( grep 'T2T18_rc-chr17_haplotype2-0000046:21844682-27381736' results/8-format_repeatmasker_sat_annot/bed/all_cens.annotation.bed || true ) > results/11-moddotplot/combined/bed/chr17/T2T18_rc-chr17_haplotype2-0000046:21844682-27381736/sat_annot.bed
        ( grep 'T2T18_rc-chr17_haplotype2-0000046:21844682-27381736' results/10-format_hor_stv/bed/chr17/stv_all.bed || true ) > results/11-moddotplot/combined/bed/chr17/T2T18_rc-chr17_haplotype2-0000046:21844682-27381736/stv.bed
        # Remove header.
        ln -s $(realpath results/11-moddotplot/original/chr17/T2T18_rc-chr17_haplotype2-0000046:21844682-27381736/T2T18_rc-chr17_haplotype2-0000046:21844682-27381736.bed) results/11-moddotplot/combined/bed/chr17/T2T18_rc-chr17_haplotype2-0000046:21844682-27381736/ident.bedpe
        if [ "True" != "False" ]; then
            ( grep 'T2T18_rc-chr17_haplotype2-0000046:21844682-27381736' results/8-cdr_finder/bed/all_cdrs.bed || true ) > results/11-moddotplot/combined/bed/chr17/T2T18_rc-chr17_haplotype2-0000046:21844682-27381736/cdrs.bed
            ( grep 'T2T18_rc-chr17_haplotype2-0000046:21844682-27381736' results/8-cdr_finder/bed/all_binned_freq.bed || true ) > results/11-moddotplot/combined/bed/chr17/T2T18_rc-chr17_haplotype2-0000046:21844682-27381736/methyl.bed
        else
            touch results/11-moddotplot/combined/bed/chr17/T2T18_rc-chr17_haplotype2-0000046:21844682-27381736/cdrs.bed
            touch results/11-moddotplot/combined/bed/chr17/T2T18_rc-chr17_haplotype2-0000046:21844682-27381736/methyl.bed
        fi
        
Select jobs to execute...
[Thu Jan  8 16:55:53 2026]
Finished jobid: 1034 (Rule: filter_annotations_moddotplot)
121 of 325 steps (37%) done
Execute 1 jobs...

[Thu Jan  8 16:55:53 2026]
localrule modify_moddotplot_cenplot_tracks:
    input: results/11-moddotplot/combined/bed/chr4/T2T18_chr4_haplotype2-0000062:48615997-55422271/cdrs.bed, results/11-moddotplot/combined/bed/chr4/T2T18_chr4_haplotype2-0000062:48615997-55422271/sat_annot.bed, results/11-moddotplot/combined/bed/chr4/T2T18_chr4_haplotype2-0000062:48615997-55422271/ident.bedpe, results/11-moddotplot/combined/bed/chr4/T2T18_chr4_haplotype2-0000062:48615997-55422271/stv.bed, results/11-moddotplot/combined/bed/chr4/T2T18_chr4_haplotype2-0000062:48615997-55422271/methyl.bed
    output: results/11-moddotplot/combined/plots/chr4/T2T18_chr4_haplotype2-0000062:48615997-55422271.yaml
    log: logs/11-moddotplot/modify_moddotplot_cenplot_tracks_chr4_T2T18_chr4_haplotype2-0000062:48615997-55422271.log
    jobid: 913
    reason: Input files updated by another job: results/11-moddotplot/combined/bed/chr4/T2T18_chr4_haplotype2-0000062:48615997-55422271/methyl.bed, results/11-moddotplot/combined/bed/chr4/T2T18_chr4_haplotype2-0000062:48615997-55422271/sat_annot.bed, results/11-moddotplot/combined/bed/chr4/T2T18_chr4_haplotype2-0000062:48615997-55422271/cdrs.bed, results/11-moddotplot/combined/bed/chr4/T2T18_chr4_haplotype2-0000062:48615997-55422271/ident.bedpe, results/11-moddotplot/combined/bed/chr4/T2T18_chr4_haplotype2-0000062:48615997-55422271/stv.bed
    wildcards: chr=chr4, fname=T2T18_chr4_haplotype2-0000062:48615997-55422271
    resources: mem_mb=8000, mem_mib=7630, disk_mb=1000, disk_mib=954, tmpdir=/tmp, mem=8GB
Shell command: 
        python /home/ukt.ad.local/ahgrosc1/.cache/snakemake/snakemake/source-cache/runtime-cache/tmpvv5_ue2g/file/mnt/storage3b/projects/no_ngsd/ahthapp1_T2T_ONT/analysis_other/cenmap_single/T2T18/workflow/rules/../scripts/format_cenplot_yaml.py         -i '{"cdr": "results/11-moddotplot/combined/bed/chr4/T2T18_chr4_haplotype2-0000062:48615997-55422271/cdrs.bed", "rm": "results/11-moddotplot/combined/bed/chr4/T2T18_chr4_haplotype2-0000062:48615997-55422271/sat_annot.bed", "ident": "results/11-moddotplot/combined/bed/chr4/T2T18_chr4_haplotype2-0000062:48615997-55422271/ident.bedpe", "stv": "results/11-moddotplot/combined/bed/chr4/T2T18_chr4_haplotype2-0000062:48615997-55422271/stv.bed", "methyl": "results/11-moddotplot/combined/bed/chr4/T2T18_chr4_haplotype2-0000062:48615997-55422271/methyl.bed"}'         -t /home/ukt.ad.local/ahgrosc1/.cache/snakemake/snakemake/source-cache/runtime-cache/tmpvv5_ue2g/file/mnt/storage3b/projects/no_ngsd/ahthapp1_T2T_ONT/analysis_other/cenmap_single/T2T18/workflow/rules/../scripts/cenplot_moddotplot.yaml         --options '{"hor": {"color_map_file": "/mnt/storage3b/projects/no_ngsd/ahthapp1_T2T_ONT/analysis_other/cenmap_single/T2T18/config/stv_annot_colors.tsv"}}' > results/11-moddotplot/combined/plots/chr4/T2T18_chr4_haplotype2-0000062:48615997-55422271.yaml 2> logs/11-moddotplot/modify_moddotplot_cenplot_tracks_chr4_T2T18_chr4_haplotype2-0000062:48615997-55422271.log
        
Select jobs to execute...
[Thu Jan  8 16:55:53 2026]
Finished jobid: 913 (Rule: modify_moddotplot_cenplot_tracks)
122 of 325 steps (38%) done
Execute 1 jobs...

[Thu Jan  8 16:55:53 2026]
localrule plot_cen_moddotplot:
    input: results/11-moddotplot/combined/plots/chr4/T2T18_chr4_haplotype2-0000062:48615997-55422271.yaml, results/11-moddotplot/combined/bed/chr4/T2T18_chr4_haplotype2-0000062:48615997-55422271/sat_annot.bed, results/11-moddotplot/combined/bed/chr4/T2T18_chr4_haplotype2-0000062:48615997-55422271/ident.bedpe, results/11-moddotplot/combined/bed/chr4/T2T18_chr4_haplotype2-0000062:48615997-55422271/stv.bed, results/11-moddotplot/combined/bed/chr4/T2T18_chr4_haplotype2-0000062:48615997-55422271/cdrs.bed, results/11-moddotplot/combined/bed/chr4/T2T18_chr4_haplotype2-0000062:48615997-55422271/methyl.bed
    output: results/11-moddotplot/combined/plots/chr4/T2T18_chr4_haplotype2-0000062:48615997-55422271.pdf, results/11-moddotplot/combined/plots/chr4/T2T18_chr4_haplotype2-0000062:48615997-55422271.png
    log: logs/11-moddotplot/plot_moddotplot_chr4_T2T18_chr4_haplotype2-0000062:48615997-55422271.log
    jobid: 912
    reason: Input files updated by another job: results/11-moddotplot/combined/bed/chr4/T2T18_chr4_haplotype2-0000062:48615997-55422271/methyl.bed, results/11-moddotplot/combined/plots/chr4/T2T18_chr4_haplotype2-0000062:48615997-55422271.yaml, results/11-moddotplot/combined/bed/chr4/T2T18_chr4_haplotype2-0000062:48615997-55422271/sat_annot.bed, results/11-moddotplot/combined/bed/chr4/T2T18_chr4_haplotype2-0000062:48615997-55422271/cdrs.bed, results/11-moddotplot/combined/bed/chr4/T2T18_chr4_haplotype2-0000062:48615997-55422271/ident.bedpe, results/11-moddotplot/combined/bed/chr4/T2T18_chr4_haplotype2-0000062:48615997-55422271/stv.bed
    wildcards: chr=chr4, fname=T2T18_chr4_haplotype2-0000062:48615997-55422271
    resources: mem_mb=8000, mem_mib=7630, disk_mb=1000, disk_mib=954, tmpdir=/tmp, mem=8GB
Shell command: 
        cenplot draw -t results/11-moddotplot/combined/plots/chr4/T2T18_chr4_haplotype2-0000062:48615997-55422271.yaml -d results/11-moddotplot/combined/plots/chr4 -c T2T18_chr4_haplotype2-0000062:48615997-55422271 -p 1 2> logs/11-moddotplot/plot_moddotplot_chr4_T2T18_chr4_haplotype2-0000062:48615997-55422271.log
        
Select jobs to execute...
[Thu Jan  8 16:58:43 2026]
Finished jobid: 1056 (Rule: plot_cen_moddotplot)
123 of 325 steps (38%) done
Execute 1 jobs...

[Thu Jan  8 16:58:43 2026]
localrule modify_moddotplot_cenplot_tracks:
    input: results/11-moddotplot/combined/bed/chr12/T2T18_chr12_haplotype2-0000047:33381506-39271422/cdrs.bed, results/11-moddotplot/combined/bed/chr12/T2T18_chr12_haplotype2-0000047:33381506-39271422/sat_annot.bed, results/11-moddotplot/combined/bed/chr12/T2T18_chr12_haplotype2-0000047:33381506-39271422/ident.bedpe, results/11-moddotplot/combined/bed/chr12/T2T18_chr12_haplotype2-0000047:33381506-39271422/stv.bed, results/11-moddotplot/combined/bed/chr12/T2T18_chr12_haplotype2-0000047:33381506-39271422/methyl.bed
    output: results/11-moddotplot/combined/plots/chr12/T2T18_chr12_haplotype2-0000047:33381506-39271422.yaml
    log: logs/11-moddotplot/modify_moddotplot_cenplot_tracks_chr12_T2T18_chr12_haplotype2-0000047:33381506-39271422.log
    jobid: 985
    reason: Input files updated by another job: results/11-moddotplot/combined/bed/chr12/T2T18_chr12_haplotype2-0000047:33381506-39271422/methyl.bed, results/11-moddotplot/combined/bed/chr12/T2T18_chr12_haplotype2-0000047:33381506-39271422/stv.bed, results/11-moddotplot/combined/bed/chr12/T2T18_chr12_haplotype2-0000047:33381506-39271422/ident.bedpe, results/11-moddotplot/combined/bed/chr12/T2T18_chr12_haplotype2-0000047:33381506-39271422/cdrs.bed, results/11-moddotplot/combined/bed/chr12/T2T18_chr12_haplotype2-0000047:33381506-39271422/sat_annot.bed
    wildcards: chr=chr12, fname=T2T18_chr12_haplotype2-0000047:33381506-39271422
    resources: mem_mb=8000, mem_mib=7630, disk_mb=1000, disk_mib=954, tmpdir=/tmp, mem=8GB
Shell command: 
        python /home/ukt.ad.local/ahgrosc1/.cache/snakemake/snakemake/source-cache/runtime-cache/tmpvv5_ue2g/file/mnt/storage3b/projects/no_ngsd/ahthapp1_T2T_ONT/analysis_other/cenmap_single/T2T18/workflow/rules/../scripts/format_cenplot_yaml.py         -i '{"cdr": "results/11-moddotplot/combined/bed/chr12/T2T18_chr12_haplotype2-0000047:33381506-39271422/cdrs.bed", "rm": "results/11-moddotplot/combined/bed/chr12/T2T18_chr12_haplotype2-0000047:33381506-39271422/sat_annot.bed", "ident": "results/11-moddotplot/combined/bed/chr12/T2T18_chr12_haplotype2-0000047:33381506-39271422/ident.bedpe", "stv": "results/11-moddotplot/combined/bed/chr12/T2T18_chr12_haplotype2-0000047:33381506-39271422/stv.bed", "methyl": "results/11-moddotplot/combined/bed/chr12/T2T18_chr12_haplotype2-0000047:33381506-39271422/methyl.bed"}'         -t /home/ukt.ad.local/ahgrosc1/.cache/snakemake/snakemake/source-cache/runtime-cache/tmpvv5_ue2g/file/mnt/storage3b/projects/no_ngsd/ahthapp1_T2T_ONT/analysis_other/cenmap_single/T2T18/workflow/rules/../scripts/cenplot_moddotplot.yaml         --options '{"hor": {"color_map_file": "/mnt/storage3b/projects/no_ngsd/ahthapp1_T2T_ONT/analysis_other/cenmap_single/T2T18/config/stv_annot_colors.tsv"}}' > results/11-moddotplot/combined/plots/chr12/T2T18_chr12_haplotype2-0000047:33381506-39271422.yaml 2> logs/11-moddotplot/modify_moddotplot_cenplot_tracks_chr12_T2T18_chr12_haplotype2-0000047:33381506-39271422.log
        
Select jobs to execute...
[Thu Jan  8 16:58:44 2026]
Finished jobid: 985 (Rule: modify_moddotplot_cenplot_tracks)
124 of 325 steps (38%) done
Execute 1 jobs...

[Thu Jan  8 16:58:44 2026]
localrule plot_cen_moddotplot:
    input: results/11-moddotplot/combined/plots/chr12/T2T18_chr12_haplotype2-0000047:33381506-39271422.yaml, results/11-moddotplot/combined/bed/chr12/T2T18_chr12_haplotype2-0000047:33381506-39271422/sat_annot.bed, results/11-moddotplot/combined/bed/chr12/T2T18_chr12_haplotype2-0000047:33381506-39271422/ident.bedpe, results/11-moddotplot/combined/bed/chr12/T2T18_chr12_haplotype2-0000047:33381506-39271422/stv.bed, results/11-moddotplot/combined/bed/chr12/T2T18_chr12_haplotype2-0000047:33381506-39271422/cdrs.bed, results/11-moddotplot/combined/bed/chr12/T2T18_chr12_haplotype2-0000047:33381506-39271422/methyl.bed
    output: results/11-moddotplot/combined/plots/chr12/T2T18_chr12_haplotype2-0000047:33381506-39271422.pdf, results/11-moddotplot/combined/plots/chr12/T2T18_chr12_haplotype2-0000047:33381506-39271422.png
    log: logs/11-moddotplot/plot_moddotplot_chr12_T2T18_chr12_haplotype2-0000047:33381506-39271422.log
    jobid: 984
    reason: Input files updated by another job: results/11-moddotplot/combined/plots/chr12/T2T18_chr12_haplotype2-0000047:33381506-39271422.yaml, results/11-moddotplot/combined/bed/chr12/T2T18_chr12_haplotype2-0000047:33381506-39271422/methyl.bed, results/11-moddotplot/combined/bed/chr12/T2T18_chr12_haplotype2-0000047:33381506-39271422/stv.bed, results/11-moddotplot/combined/bed/chr12/T2T18_chr12_haplotype2-0000047:33381506-39271422/cdrs.bed, results/11-moddotplot/combined/bed/chr12/T2T18_chr12_haplotype2-0000047:33381506-39271422/ident.bedpe, results/11-moddotplot/combined/bed/chr12/T2T18_chr12_haplotype2-0000047:33381506-39271422/sat_annot.bed
    wildcards: chr=chr12, fname=T2T18_chr12_haplotype2-0000047:33381506-39271422
    resources: mem_mb=8000, mem_mib=7630, disk_mb=1000, disk_mib=954, tmpdir=/tmp, mem=8GB
Shell command: 
        cenplot draw -t results/11-moddotplot/combined/plots/chr12/T2T18_chr12_haplotype2-0000047:33381506-39271422.yaml -d results/11-moddotplot/combined/plots/chr12 -c T2T18_chr12_haplotype2-0000047:33381506-39271422 -p 1 2> logs/11-moddotplot/plot_moddotplot_chr12_T2T18_chr12_haplotype2-0000047:33381506-39271422.log
        
Select jobs to execute...
[Thu Jan  8 16:59:09 2026]
Finished jobid: 877 (Rule: plot_cen_moddotplot)
125 of 325 steps (38%) done
Execute 1 jobs...

[Thu Jan  8 16:59:09 2026]
localrule filter_annotations_moddotplot:
    input: results/10-format_hor_stv/bed/chr15/stv_all.bed, results/8-format_repeatmasker_sat_annot/bed/all_cens.annotation.bed, results/8-cdr_finder/bed/all_cdrs.bed, results/8-cdr_finder/bed/all_binned_freq.bed, results/11-moddotplot/original/chr15/T2T18_rc-chr15_haplotype1-0000003:11959045-17630487/T2T18_rc-chr15_haplotype1-0000003:11959045-17630487.bed
    output: results/11-moddotplot/combined/bed/chr15/T2T18_rc-chr15_haplotype1-0000003:11959045-17630487/sat_annot.bed, results/11-moddotplot/combined/bed/chr15/T2T18_rc-chr15_haplotype1-0000003:11959045-17630487/ident.bedpe, results/11-moddotplot/combined/bed/chr15/T2T18_rc-chr15_haplotype1-0000003:11959045-17630487/stv.bed, results/11-moddotplot/combined/bed/chr15/T2T18_rc-chr15_haplotype1-0000003:11959045-17630487/cdrs.bed, results/11-moddotplot/combined/bed/chr15/T2T18_rc-chr15_haplotype1-0000003:11959045-17630487/methyl.bed
    jobid: 1015
    reason: Missing output files: results/11-moddotplot/combined/bed/chr15/T2T18_rc-chr15_haplotype1-0000003:11959045-17630487/ident.bedpe; Input files updated by another job: results/8-cdr_finder/bed/all_cdrs.bed, results/8-cdr_finder/bed/all_binned_freq.bed
    wildcards: chr=chr15, fname=T2T18_rc-chr15_haplotype1-0000003:11959045-17630487
    resources: mem_mb=8000, mem_mib=7630, disk_mb=1000, disk_mib=954, tmpdir=/tmp, mem=8GB
Shell command: 
        ( grep 'T2T18_rc-chr15_haplotype1-0000003:11959045-17630487' results/8-format_repeatmasker_sat_annot/bed/all_cens.annotation.bed || true ) > results/11-moddotplot/combined/bed/chr15/T2T18_rc-chr15_haplotype1-0000003:11959045-17630487/sat_annot.bed
        ( grep 'T2T18_rc-chr15_haplotype1-0000003:11959045-17630487' results/10-format_hor_stv/bed/chr15/stv_all.bed || true ) > results/11-moddotplot/combined/bed/chr15/T2T18_rc-chr15_haplotype1-0000003:11959045-17630487/stv.bed
        # Remove header.
        ln -s $(realpath results/11-moddotplot/original/chr15/T2T18_rc-chr15_haplotype1-0000003:11959045-17630487/T2T18_rc-chr15_haplotype1-0000003:11959045-17630487.bed) results/11-moddotplot/combined/bed/chr15/T2T18_rc-chr15_haplotype1-0000003:11959045-17630487/ident.bedpe
        if [ "True" != "False" ]; then
            ( grep 'T2T18_rc-chr15_haplotype1-0000003:11959045-17630487' results/8-cdr_finder/bed/all_cdrs.bed || true ) > results/11-moddotplot/combined/bed/chr15/T2T18_rc-chr15_haplotype1-0000003:11959045-17630487/cdrs.bed
            ( grep 'T2T18_rc-chr15_haplotype1-0000003:11959045-17630487' results/8-cdr_finder/bed/all_binned_freq.bed || true ) > results/11-moddotplot/combined/bed/chr15/T2T18_rc-chr15_haplotype1-0000003:11959045-17630487/methyl.bed
        else
            touch results/11-moddotplot/combined/bed/chr15/T2T18_rc-chr15_haplotype1-0000003:11959045-17630487/cdrs.bed
            touch results/11-moddotplot/combined/bed/chr15/T2T18_rc-chr15_haplotype1-0000003:11959045-17630487/methyl.bed
        fi
        
Select jobs to execute...
[Thu Jan  8 16:59:09 2026]
Finished jobid: 1015 (Rule: filter_annotations_moddotplot)
126 of 325 steps (39%) done
Execute 1 jobs...

[Thu Jan  8 16:59:09 2026]
localrule filter_annotations_moddotplot:
    input: results/10-format_hor_stv/bed/chr14/stv_all.bed, results/8-format_repeatmasker_sat_annot/bed/all_cens.annotation.bed, results/8-cdr_finder/bed/all_cdrs.bed, results/8-cdr_finder/bed/all_binned_freq.bed, results/11-moddotplot/original/chr14/T2T18_rc-chr14_haplotype1-0000017:4416034-11090355/T2T18_rc-chr14_haplotype1-0000017:4416034-11090355.bed
    output: results/11-moddotplot/combined/bed/chr14/T2T18_rc-chr14_haplotype1-0000017:4416034-11090355/sat_annot.bed, results/11-moddotplot/combined/bed/chr14/T2T18_rc-chr14_haplotype1-0000017:4416034-11090355/ident.bedpe, results/11-moddotplot/combined/bed/chr14/T2T18_rc-chr14_haplotype1-0000017:4416034-11090355/stv.bed, results/11-moddotplot/combined/bed/chr14/T2T18_rc-chr14_haplotype1-0000017:4416034-11090355/cdrs.bed, results/11-moddotplot/combined/bed/chr14/T2T18_rc-chr14_haplotype1-0000017:4416034-11090355/methyl.bed
    jobid: 1003
    reason: Missing output files: results/11-moddotplot/combined/bed/chr14/T2T18_rc-chr14_haplotype1-0000017:4416034-11090355/ident.bedpe; Input files updated by another job: results/8-cdr_finder/bed/all_cdrs.bed, results/8-cdr_finder/bed/all_binned_freq.bed
    wildcards: chr=chr14, fname=T2T18_rc-chr14_haplotype1-0000017:4416034-11090355
    resources: mem_mb=8000, mem_mib=7630, disk_mb=1000, disk_mib=954, tmpdir=/tmp, mem=8GB
Shell command: 
        ( grep 'T2T18_rc-chr14_haplotype1-0000017:4416034-11090355' results/8-format_repeatmasker_sat_annot/bed/all_cens.annotation.bed || true ) > results/11-moddotplot/combined/bed/chr14/T2T18_rc-chr14_haplotype1-0000017:4416034-11090355/sat_annot.bed
        ( grep 'T2T18_rc-chr14_haplotype1-0000017:4416034-11090355' results/10-format_hor_stv/bed/chr14/stv_all.bed || true ) > results/11-moddotplot/combined/bed/chr14/T2T18_rc-chr14_haplotype1-0000017:4416034-11090355/stv.bed
        # Remove header.
        ln -s $(realpath results/11-moddotplot/original/chr14/T2T18_rc-chr14_haplotype1-0000017:4416034-11090355/T2T18_rc-chr14_haplotype1-0000017:4416034-11090355.bed) results/11-moddotplot/combined/bed/chr14/T2T18_rc-chr14_haplotype1-0000017:4416034-11090355/ident.bedpe
        if [ "True" != "False" ]; then
            ( grep 'T2T18_rc-chr14_haplotype1-0000017:4416034-11090355' results/8-cdr_finder/bed/all_cdrs.bed || true ) > results/11-moddotplot/combined/bed/chr14/T2T18_rc-chr14_haplotype1-0000017:4416034-11090355/cdrs.bed
            ( grep 'T2T18_rc-chr14_haplotype1-0000017:4416034-11090355' results/8-cdr_finder/bed/all_binned_freq.bed || true ) > results/11-moddotplot/combined/bed/chr14/T2T18_rc-chr14_haplotype1-0000017:4416034-11090355/methyl.bed
        else
            touch results/11-moddotplot/combined/bed/chr14/T2T18_rc-chr14_haplotype1-0000017:4416034-11090355/cdrs.bed
            touch results/11-moddotplot/combined/bed/chr14/T2T18_rc-chr14_haplotype1-0000017:4416034-11090355/methyl.bed
        fi
        
Select jobs to execute...
[Thu Jan  8 16:59:09 2026]
Finished jobid: 1003 (Rule: filter_annotations_moddotplot)
127 of 325 steps (39%) done
Execute 1 jobs...

[Thu Jan  8 16:59:09 2026]
localrule filter_annotations_moddotplot:
    input: results/10-format_hor_stv/bed/chr15/stv_all.bed, results/8-format_repeatmasker_sat_annot/bed/all_cens.annotation.bed, results/8-cdr_finder/bed/all_cdrs.bed, results/8-cdr_finder/bed/all_binned_freq.bed, results/11-moddotplot/original/chr15/T2T18_rc-chr15_haplotype2-0000042:11960975-17612962/T2T18_rc-chr15_haplotype2-0000042:11960975-17612962.bed
    output: results/11-moddotplot/combined/bed/chr15/T2T18_rc-chr15_haplotype2-0000042:11960975-17612962/sat_annot.bed, results/11-moddotplot/combined/bed/chr15/T2T18_rc-chr15_haplotype2-0000042:11960975-17612962/ident.bedpe, results/11-moddotplot/combined/bed/chr15/T2T18_rc-chr15_haplotype2-0000042:11960975-17612962/stv.bed, results/11-moddotplot/combined/bed/chr15/T2T18_rc-chr15_haplotype2-0000042:11960975-17612962/cdrs.bed, results/11-moddotplot/combined/bed/chr15/T2T18_rc-chr15_haplotype2-0000042:11960975-17612962/methyl.bed
    jobid: 1018
    reason: Missing output files: results/11-moddotplot/combined/bed/chr15/T2T18_rc-chr15_haplotype2-0000042:11960975-17612962/ident.bedpe; Input files updated by another job: results/8-cdr_finder/bed/all_cdrs.bed, results/8-cdr_finder/bed/all_binned_freq.bed
    wildcards: chr=chr15, fname=T2T18_rc-chr15_haplotype2-0000042:11960975-17612962
    resources: mem_mb=8000, mem_mib=7630, disk_mb=1000, disk_mib=954, tmpdir=/tmp, mem=8GB
Shell command: 
        ( grep 'T2T18_rc-chr15_haplotype2-0000042:11960975-17612962' results/8-format_repeatmasker_sat_annot/bed/all_cens.annotation.bed || true ) > results/11-moddotplot/combined/bed/chr15/T2T18_rc-chr15_haplotype2-0000042:11960975-17612962/sat_annot.bed
        ( grep 'T2T18_rc-chr15_haplotype2-0000042:11960975-17612962' results/10-format_hor_stv/bed/chr15/stv_all.bed || true ) > results/11-moddotplot/combined/bed/chr15/T2T18_rc-chr15_haplotype2-0000042:11960975-17612962/stv.bed
        # Remove header.
        ln -s $(realpath results/11-moddotplot/original/chr15/T2T18_rc-chr15_haplotype2-0000042:11960975-17612962/T2T18_rc-chr15_haplotype2-0000042:11960975-17612962.bed) results/11-moddotplot/combined/bed/chr15/T2T18_rc-chr15_haplotype2-0000042:11960975-17612962/ident.bedpe
        if [ "True" != "False" ]; then
            ( grep 'T2T18_rc-chr15_haplotype2-0000042:11960975-17612962' results/8-cdr_finder/bed/all_cdrs.bed || true ) > results/11-moddotplot/combined/bed/chr15/T2T18_rc-chr15_haplotype2-0000042:11960975-17612962/cdrs.bed
            ( grep 'T2T18_rc-chr15_haplotype2-0000042:11960975-17612962' results/8-cdr_finder/bed/all_binned_freq.bed || true ) > results/11-moddotplot/combined/bed/chr15/T2T18_rc-chr15_haplotype2-0000042:11960975-17612962/methyl.bed
        else
            touch results/11-moddotplot/combined/bed/chr15/T2T18_rc-chr15_haplotype2-0000042:11960975-17612962/cdrs.bed
            touch results/11-moddotplot/combined/bed/chr15/T2T18_rc-chr15_haplotype2-0000042:11960975-17612962/methyl.bed
        fi
        
Select jobs to execute...
[Thu Jan  8 16:59:10 2026]
Finished jobid: 1018 (Rule: filter_annotations_moddotplot)
128 of 325 steps (39%) done
Execute 1 jobs...

[Thu Jan  8 16:59:10 2026]
localrule modify_moddotplot_cenplot_tracks:
    input: results/11-moddotplot/combined/bed/chr12/T2T18_chr12_haplotype1-0000008:33287791-39071713/cdrs.bed, results/11-moddotplot/combined/bed/chr12/T2T18_chr12_haplotype1-0000008:33287791-39071713/sat_annot.bed, results/11-moddotplot/combined/bed/chr12/T2T18_chr12_haplotype1-0000008:33287791-39071713/ident.bedpe, results/11-moddotplot/combined/bed/chr12/T2T18_chr12_haplotype1-0000008:33287791-39071713/stv.bed, results/11-moddotplot/combined/bed/chr12/T2T18_chr12_haplotype1-0000008:33287791-39071713/methyl.bed
    output: results/11-moddotplot/combined/plots/chr12/T2T18_chr12_haplotype1-0000008:33287791-39071713.yaml
    log: logs/11-moddotplot/modify_moddotplot_cenplot_tracks_chr12_T2T18_chr12_haplotype1-0000008:33287791-39071713.log
    jobid: 982
    reason: Input files updated by another job: results/11-moddotplot/combined/bed/chr12/T2T18_chr12_haplotype1-0000008:33287791-39071713/methyl.bed, results/11-moddotplot/combined/bed/chr12/T2T18_chr12_haplotype1-0000008:33287791-39071713/ident.bedpe, results/11-moddotplot/combined/bed/chr12/T2T18_chr12_haplotype1-0000008:33287791-39071713/sat_annot.bed, results/11-moddotplot/combined/bed/chr12/T2T18_chr12_haplotype1-0000008:33287791-39071713/cdrs.bed, results/11-moddotplot/combined/bed/chr12/T2T18_chr12_haplotype1-0000008:33287791-39071713/stv.bed
    wildcards: chr=chr12, fname=T2T18_chr12_haplotype1-0000008:33287791-39071713
    resources: mem_mb=8000, mem_mib=7630, disk_mb=1000, disk_mib=954, tmpdir=/tmp, mem=8GB
Shell command: 
        python /home/ukt.ad.local/ahgrosc1/.cache/snakemake/snakemake/source-cache/runtime-cache/tmpvv5_ue2g/file/mnt/storage3b/projects/no_ngsd/ahthapp1_T2T_ONT/analysis_other/cenmap_single/T2T18/workflow/rules/../scripts/format_cenplot_yaml.py         -i '{"cdr": "results/11-moddotplot/combined/bed/chr12/T2T18_chr12_haplotype1-0000008:33287791-39071713/cdrs.bed", "rm": "results/11-moddotplot/combined/bed/chr12/T2T18_chr12_haplotype1-0000008:33287791-39071713/sat_annot.bed", "ident": "results/11-moddotplot/combined/bed/chr12/T2T18_chr12_haplotype1-0000008:33287791-39071713/ident.bedpe", "stv": "results/11-moddotplot/combined/bed/chr12/T2T18_chr12_haplotype1-0000008:33287791-39071713/stv.bed", "methyl": "results/11-moddotplot/combined/bed/chr12/T2T18_chr12_haplotype1-0000008:33287791-39071713/methyl.bed"}'         -t /home/ukt.ad.local/ahgrosc1/.cache/snakemake/snakemake/source-cache/runtime-cache/tmpvv5_ue2g/file/mnt/storage3b/projects/no_ngsd/ahthapp1_T2T_ONT/analysis_other/cenmap_single/T2T18/workflow/rules/../scripts/cenplot_moddotplot.yaml         --options '{"hor": {"color_map_file": "/mnt/storage3b/projects/no_ngsd/ahthapp1_T2T_ONT/analysis_other/cenmap_single/T2T18/config/stv_annot_colors.tsv"}}' > results/11-moddotplot/combined/plots/chr12/T2T18_chr12_haplotype1-0000008:33287791-39071713.yaml 2> logs/11-moddotplot/modify_moddotplot_cenplot_tracks_chr12_T2T18_chr12_haplotype1-0000008:33287791-39071713.log
        
Select jobs to execute...
[Thu Jan  8 16:59:10 2026]
Finished jobid: 982 (Rule: modify_moddotplot_cenplot_tracks)
129 of 325 steps (40%) done
Execute 1 jobs...

[Thu Jan  8 16:59:10 2026]
localrule plot_cen_moddotplot:
    input: results/11-moddotplot/combined/plots/chr12/T2T18_chr12_haplotype1-0000008:33287791-39071713.yaml, results/11-moddotplot/combined/bed/chr12/T2T18_chr12_haplotype1-0000008:33287791-39071713/sat_annot.bed, results/11-moddotplot/combined/bed/chr12/T2T18_chr12_haplotype1-0000008:33287791-39071713/ident.bedpe, results/11-moddotplot/combined/bed/chr12/T2T18_chr12_haplotype1-0000008:33287791-39071713/stv.bed, results/11-moddotplot/combined/bed/chr12/T2T18_chr12_haplotype1-0000008:33287791-39071713/cdrs.bed, results/11-moddotplot/combined/bed/chr12/T2T18_chr12_haplotype1-0000008:33287791-39071713/methyl.bed
    output: results/11-moddotplot/combined/plots/chr12/T2T18_chr12_haplotype1-0000008:33287791-39071713.pdf, results/11-moddotplot/combined/plots/chr12/T2T18_chr12_haplotype1-0000008:33287791-39071713.png
    log: logs/11-moddotplot/plot_moddotplot_chr12_T2T18_chr12_haplotype1-0000008:33287791-39071713.log
    jobid: 981
    reason: Input files updated by another job: results/11-moddotplot/combined/bed/chr12/T2T18_chr12_haplotype1-0000008:33287791-39071713/methyl.bed, results/11-moddotplot/combined/bed/chr12/T2T18_chr12_haplotype1-0000008:33287791-39071713/ident.bedpe, results/11-moddotplot/combined/bed/chr12/T2T18_chr12_haplotype1-0000008:33287791-39071713/sat_annot.bed, results/11-moddotplot/combined/bed/chr12/T2T18_chr12_haplotype1-0000008:33287791-39071713/cdrs.bed, results/11-moddotplot/combined/plots/chr12/T2T18_chr12_haplotype1-0000008:33287791-39071713.yaml, results/11-moddotplot/combined/bed/chr12/T2T18_chr12_haplotype1-0000008:33287791-39071713/stv.bed
    wildcards: chr=chr12, fname=T2T18_chr12_haplotype1-0000008:33287791-39071713
    resources: mem_mb=8000, mem_mib=7630, disk_mb=1000, disk_mib=954, tmpdir=/tmp, mem=8GB
Shell command: 
        cenplot draw -t results/11-moddotplot/combined/plots/chr12/T2T18_chr12_haplotype1-0000008:33287791-39071713.yaml -d results/11-moddotplot/combined/plots/chr12 -c T2T18_chr12_haplotype1-0000008:33287791-39071713 -p 1 2> logs/11-moddotplot/plot_moddotplot_chr12_T2T18_chr12_haplotype1-0000008:33287791-39071713.log
        
Select jobs to execute...
[Thu Jan  8 17:03:41 2026]
Finished jobid: 984 (Rule: plot_cen_moddotplot)
130 of 325 steps (40%) done
Execute 1 jobs...

[Thu Jan  8 17:03:41 2026]
localrule modify_moddotplot_cenplot_tracks:
    input: results/11-moddotplot/combined/bed/chr6/T2T18_rc-chr6_haplotype2-0000048:57374120-63505761/cdrs.bed, results/11-moddotplot/combined/bed/chr6/T2T18_rc-chr6_haplotype2-0000048:57374120-63505761/sat_annot.bed, results/11-moddotplot/combined/bed/chr6/T2T18_rc-chr6_haplotype2-0000048:57374120-63505761/ident.bedpe, results/11-moddotplot/combined/bed/chr6/T2T18_rc-chr6_haplotype2-0000048:57374120-63505761/stv.bed, results/11-moddotplot/combined/bed/chr6/T2T18_rc-chr6_haplotype2-0000048:57374120-63505761/methyl.bed
    output: results/11-moddotplot/combined/plots/chr6/T2T18_rc-chr6_haplotype2-0000048:57374120-63505761.yaml
    log: logs/11-moddotplot/modify_moddotplot_cenplot_tracks_chr6_T2T18_rc-chr6_haplotype2-0000048:57374120-63505761.log
    jobid: 929
    reason: Input files updated by another job: results/11-moddotplot/combined/bed/chr6/T2T18_rc-chr6_haplotype2-0000048:57374120-63505761/methyl.bed, results/11-moddotplot/combined/bed/chr6/T2T18_rc-chr6_haplotype2-0000048:57374120-63505761/stv.bed, results/11-moddotplot/combined/bed/chr6/T2T18_rc-chr6_haplotype2-0000048:57374120-63505761/sat_annot.bed, results/11-moddotplot/combined/bed/chr6/T2T18_rc-chr6_haplotype2-0000048:57374120-63505761/cdrs.bed, results/11-moddotplot/combined/bed/chr6/T2T18_rc-chr6_haplotype2-0000048:57374120-63505761/ident.bedpe
    wildcards: chr=chr6, fname=T2T18_rc-chr6_haplotype2-0000048:57374120-63505761
    resources: mem_mb=8000, mem_mib=7630, disk_mb=1000, disk_mib=954, tmpdir=/tmp, mem=8GB
Shell command: 
        python /home/ukt.ad.local/ahgrosc1/.cache/snakemake/snakemake/source-cache/runtime-cache/tmpvv5_ue2g/file/mnt/storage3b/projects/no_ngsd/ahthapp1_T2T_ONT/analysis_other/cenmap_single/T2T18/workflow/rules/../scripts/format_cenplot_yaml.py         -i '{"cdr": "results/11-moddotplot/combined/bed/chr6/T2T18_rc-chr6_haplotype2-0000048:57374120-63505761/cdrs.bed", "rm": "results/11-moddotplot/combined/bed/chr6/T2T18_rc-chr6_haplotype2-0000048:57374120-63505761/sat_annot.bed", "ident": "results/11-moddotplot/combined/bed/chr6/T2T18_rc-chr6_haplotype2-0000048:57374120-63505761/ident.bedpe", "stv": "results/11-moddotplot/combined/bed/chr6/T2T18_rc-chr6_haplotype2-0000048:57374120-63505761/stv.bed", "methyl": "results/11-moddotplot/combined/bed/chr6/T2T18_rc-chr6_haplotype2-0000048:57374120-63505761/methyl.bed"}'         -t /home/ukt.ad.local/ahgrosc1/.cache/snakemake/snakemake/source-cache/runtime-cache/tmpvv5_ue2g/file/mnt/storage3b/projects/no_ngsd/ahthapp1_T2T_ONT/analysis_other/cenmap_single/T2T18/workflow/rules/../scripts/cenplot_moddotplot.yaml         --options '{"hor": {"color_map_file": "/mnt/storage3b/projects/no_ngsd/ahthapp1_T2T_ONT/analysis_other/cenmap_single/T2T18/config/stv_annot_colors.tsv"}}' > results/11-moddotplot/combined/plots/chr6/T2T18_rc-chr6_haplotype2-0000048:57374120-63505761.yaml 2> logs/11-moddotplot/modify_moddotplot_cenplot_tracks_chr6_T2T18_rc-chr6_haplotype2-0000048:57374120-63505761.log
        
Select jobs to execute...
[Thu Jan  8 17:03:42 2026]
Finished jobid: 929 (Rule: modify_moddotplot_cenplot_tracks)
131 of 325 steps (40%) done
Execute 1 jobs...

[Thu Jan  8 17:03:42 2026]
localrule plot_cen_moddotplot:
    input: results/11-moddotplot/combined/plots/chr6/T2T18_rc-chr6_haplotype2-0000048:57374120-63505761.yaml, results/11-moddotplot/combined/bed/chr6/T2T18_rc-chr6_haplotype2-0000048:57374120-63505761/sat_annot.bed, results/11-moddotplot/combined/bed/chr6/T2T18_rc-chr6_haplotype2-0000048:57374120-63505761/ident.bedpe, results/11-moddotplot/combined/bed/chr6/T2T18_rc-chr6_haplotype2-0000048:57374120-63505761/stv.bed, results/11-moddotplot/combined/bed/chr6/T2T18_rc-chr6_haplotype2-0000048:57374120-63505761/cdrs.bed, results/11-moddotplot/combined/bed/chr6/T2T18_rc-chr6_haplotype2-0000048:57374120-63505761/methyl.bed
    output: results/11-moddotplot/combined/plots/chr6/T2T18_rc-chr6_haplotype2-0000048:57374120-63505761.pdf, results/11-moddotplot/combined/plots/chr6/T2T18_rc-chr6_haplotype2-0000048:57374120-63505761.png
    log: logs/11-moddotplot/plot_moddotplot_chr6_T2T18_rc-chr6_haplotype2-0000048:57374120-63505761.log
    jobid: 928
    reason: Input files updated by another job: results/11-moddotplot/combined/plots/chr6/T2T18_rc-chr6_haplotype2-0000048:57374120-63505761.yaml, results/11-moddotplot/combined/bed/chr6/T2T18_rc-chr6_haplotype2-0000048:57374120-63505761/methyl.bed, results/11-moddotplot/combined/bed/chr6/T2T18_rc-chr6_haplotype2-0000048:57374120-63505761/stv.bed, results/11-moddotplot/combined/bed/chr6/T2T18_rc-chr6_haplotype2-0000048:57374120-63505761/sat_annot.bed, results/11-moddotplot/combined/bed/chr6/T2T18_rc-chr6_haplotype2-0000048:57374120-63505761/cdrs.bed, results/11-moddotplot/combined/bed/chr6/T2T18_rc-chr6_haplotype2-0000048:57374120-63505761/ident.bedpe
    wildcards: chr=chr6, fname=T2T18_rc-chr6_haplotype2-0000048:57374120-63505761
    resources: mem_mb=8000, mem_mib=7630, disk_mb=1000, disk_mib=954, tmpdir=/tmp, mem=8GB
Shell command: 
        cenplot draw -t results/11-moddotplot/combined/plots/chr6/T2T18_rc-chr6_haplotype2-0000048:57374120-63505761.yaml -d results/11-moddotplot/combined/plots/chr6 -c T2T18_rc-chr6_haplotype2-0000048:57374120-63505761 -p 1 2> logs/11-moddotplot/plot_moddotplot_chr6_T2T18_rc-chr6_haplotype2-0000048:57374120-63505761.log
        
Select jobs to execute...
[Thu Jan  8 17:04:18 2026]
Finished jobid: 981 (Rule: plot_cen_moddotplot)
132 of 325 steps (41%) done
Execute 1 jobs...

[Thu Jan  8 17:04:18 2026]
localrule moddotplot_chr:
    input: results/11-moddotplot/original/chr12/T2T18_chr12_haplotype1-0000008:33287791-39071713/T2T18_chr12_haplotype1-0000008:33287791-39071713.bed, results/11-moddotplot/original/chr12/T2T18_chr12_haplotype2-0000047:33381506-39271422/T2T18_chr12_haplotype2-0000047:33381506-39271422.bed, results/11-moddotplot/combined/plots/chr12/T2T18_chr12_haplotype1-0000008:33287791-39071713.pdf, results/11-moddotplot/combined/plots/chr12/T2T18_chr12_haplotype2-0000047:33381506-39271422.pdf, results/11-moddotplot/combined/plots/chr12/T2T18_chr12_haplotype1-0000008:33287791-39071713.png, results/11-moddotplot/combined/plots/chr12/T2T18_chr12_haplotype2-0000047:33381506-39271422.png
    output: results/11-moddotplot/moddotplot_chr12.done
    jobid: 263
    reason: Input files updated by another job: results/11-moddotplot/combined/plots/chr12/T2T18_chr12_haplotype1-0000008:33287791-39071713.png, results/11-moddotplot/combined/plots/chr12/T2T18_chr12_haplotype2-0000047:33381506-39271422.png, results/11-moddotplot/combined/plots/chr12/T2T18_chr12_haplotype1-0000008:33287791-39071713.pdf, results/11-moddotplot/combined/plots/chr12/T2T18_chr12_haplotype2-0000047:33381506-39271422.pdf
    wildcards: chr=chr12
    resources: mem_mb=8000, mem_mib=7630, disk_mb=1000, disk_mib=954, tmpdir=/tmp, mem=8GB
Shell command: None
Touching output file results/11-moddotplot/moddotplot_chr12.done.
[Thu Jan  8 17:04:18 2026]
Finished jobid: 263 (Rule: moddotplot_chr)
133 of 325 steps (41%) done
Select jobs to execute...
Execute 1 jobs...

[Thu Jan  8 17:04:18 2026]
localrule modify_moddotplot_cenplot_tracks:
    input: results/11-moddotplot/combined/bed/chr8/T2T18_chr8_haplotype1-0000012:42565219-48165698/cdrs.bed, results/11-moddotplot/combined/bed/chr8/T2T18_chr8_haplotype1-0000012:42565219-48165698/sat_annot.bed, results/11-moddotplot/combined/bed/chr8/T2T18_chr8_haplotype1-0000012:42565219-48165698/ident.bedpe, results/11-moddotplot/combined/bed/chr8/T2T18_chr8_haplotype1-0000012:42565219-48165698/stv.bed, results/11-moddotplot/combined/bed/chr8/T2T18_chr8_haplotype1-0000012:42565219-48165698/methyl.bed
    output: results/11-moddotplot/combined/plots/chr8/T2T18_chr8_haplotype1-0000012:42565219-48165698.yaml
    log: logs/11-moddotplot/modify_moddotplot_cenplot_tracks_chr8_T2T18_chr8_haplotype1-0000012:42565219-48165698.log
    jobid: 942
    reason: Input files updated by another job: results/11-moddotplot/combined/bed/chr8/T2T18_chr8_haplotype1-0000012:42565219-48165698/ident.bedpe, results/11-moddotplot/combined/bed/chr8/T2T18_chr8_haplotype1-0000012:42565219-48165698/cdrs.bed, results/11-moddotplot/combined/bed/chr8/T2T18_chr8_haplotype1-0000012:42565219-48165698/methyl.bed, results/11-moddotplot/combined/bed/chr8/T2T18_chr8_haplotype1-0000012:42565219-48165698/stv.bed, results/11-moddotplot/combined/bed/chr8/T2T18_chr8_haplotype1-0000012:42565219-48165698/sat_annot.bed
    wildcards: chr=chr8, fname=T2T18_chr8_haplotype1-0000012:42565219-48165698
    resources: mem_mb=8000, mem_mib=7630, disk_mb=1000, disk_mib=954, tmpdir=/tmp, mem=8GB
Shell command: 
        python /home/ukt.ad.local/ahgrosc1/.cache/snakemake/snakemake/source-cache/runtime-cache/tmpvv5_ue2g/file/mnt/storage3b/projects/no_ngsd/ahthapp1_T2T_ONT/analysis_other/cenmap_single/T2T18/workflow/rules/../scripts/format_cenplot_yaml.py         -i '{"cdr": "results/11-moddotplot/combined/bed/chr8/T2T18_chr8_haplotype1-0000012:42565219-48165698/cdrs.bed", "rm": "results/11-moddotplot/combined/bed/chr8/T2T18_chr8_haplotype1-0000012:42565219-48165698/sat_annot.bed", "ident": "results/11-moddotplot/combined/bed/chr8/T2T18_chr8_haplotype1-0000012:42565219-48165698/ident.bedpe", "stv": "results/11-moddotplot/combined/bed/chr8/T2T18_chr8_haplotype1-0000012:42565219-48165698/stv.bed", "methyl": "results/11-moddotplot/combined/bed/chr8/T2T18_chr8_haplotype1-0000012:42565219-48165698/methyl.bed"}'         -t /home/ukt.ad.local/ahgrosc1/.cache/snakemake/snakemake/source-cache/runtime-cache/tmpvv5_ue2g/file/mnt/storage3b/projects/no_ngsd/ahthapp1_T2T_ONT/analysis_other/cenmap_single/T2T18/workflow/rules/../scripts/cenplot_moddotplot.yaml         --options '{"hor": {"color_map_file": "/mnt/storage3b/projects/no_ngsd/ahthapp1_T2T_ONT/analysis_other/cenmap_single/T2T18/config/stv_annot_colors.tsv"}}' > results/11-moddotplot/combined/plots/chr8/T2T18_chr8_haplotype1-0000012:42565219-48165698.yaml 2> logs/11-moddotplot/modify_moddotplot_cenplot_tracks_chr8_T2T18_chr8_haplotype1-0000012:42565219-48165698.log
        
Select jobs to execute...
[Thu Jan  8 17:04:18 2026]
Finished jobid: 942 (Rule: modify_moddotplot_cenplot_tracks)
134 of 325 steps (41%) done
Execute 1 jobs...

[Thu Jan  8 17:04:18 2026]
localrule plot_cen_moddotplot:
    input: results/11-moddotplot/combined/plots/chr8/T2T18_chr8_haplotype1-0000012:42565219-48165698.yaml, results/11-moddotplot/combined/bed/chr8/T2T18_chr8_haplotype1-0000012:42565219-48165698/sat_annot.bed, results/11-moddotplot/combined/bed/chr8/T2T18_chr8_haplotype1-0000012:42565219-48165698/ident.bedpe, results/11-moddotplot/combined/bed/chr8/T2T18_chr8_haplotype1-0000012:42565219-48165698/stv.bed, results/11-moddotplot/combined/bed/chr8/T2T18_chr8_haplotype1-0000012:42565219-48165698/cdrs.bed, results/11-moddotplot/combined/bed/chr8/T2T18_chr8_haplotype1-0000012:42565219-48165698/methyl.bed
    output: results/11-moddotplot/combined/plots/chr8/T2T18_chr8_haplotype1-0000012:42565219-48165698.pdf, results/11-moddotplot/combined/plots/chr8/T2T18_chr8_haplotype1-0000012:42565219-48165698.png
    log: logs/11-moddotplot/plot_moddotplot_chr8_T2T18_chr8_haplotype1-0000012:42565219-48165698.log
    jobid: 941
    reason: Input files updated by another job: results/11-moddotplot/combined/bed/chr8/T2T18_chr8_haplotype1-0000012:42565219-48165698/ident.bedpe, results/11-moddotplot/combined/bed/chr8/T2T18_chr8_haplotype1-0000012:42565219-48165698/cdrs.bed, results/11-moddotplot/combined/bed/chr8/T2T18_chr8_haplotype1-0000012:42565219-48165698/methyl.bed, results/11-moddotplot/combined/plots/chr8/T2T18_chr8_haplotype1-0000012:42565219-48165698.yaml, results/11-moddotplot/combined/bed/chr8/T2T18_chr8_haplotype1-0000012:42565219-48165698/stv.bed, results/11-moddotplot/combined/bed/chr8/T2T18_chr8_haplotype1-0000012:42565219-48165698/sat_annot.bed
    wildcards: chr=chr8, fname=T2T18_chr8_haplotype1-0000012:42565219-48165698
    resources: mem_mb=8000, mem_mib=7630, disk_mb=1000, disk_mib=954, tmpdir=/tmp, mem=8GB
Shell command: 
        cenplot draw -t results/11-moddotplot/combined/plots/chr8/T2T18_chr8_haplotype1-0000012:42565219-48165698.yaml -d results/11-moddotplot/combined/plots/chr8 -c T2T18_chr8_haplotype1-0000012:42565219-48165698 -p 1 2> logs/11-moddotplot/plot_moddotplot_chr8_T2T18_chr8_haplotype1-0000012:42565219-48165698.log
        
Select jobs to execute...
[Thu Jan  8 17:08:44 2026]
Finished jobid: 928 (Rule: plot_cen_moddotplot)
135 of 325 steps (42%) done
Execute 1 jobs...

[Thu Jan  8 17:08:44 2026]
localrule modify_moddotplot_cenplot_tracks:
    input: results/11-moddotplot/combined/bed/chr16/T2T18_chr16_haplotype1-0000015:32324601-39475582/cdrs.bed, results/11-moddotplot/combined/bed/chr16/T2T18_chr16_haplotype1-0000015:32324601-39475582/sat_annot.bed, results/11-moddotplot/combined/bed/chr16/T2T18_chr16_haplotype1-0000015:32324601-39475582/ident.bedpe, results/11-moddotplot/combined/bed/chr16/T2T18_chr16_haplotype1-0000015:32324601-39475582/stv.bed, results/11-moddotplot/combined/bed/chr16/T2T18_chr16_haplotype1-0000015:32324601-39475582/methyl.bed
    output: results/11-moddotplot/combined/plots/chr16/T2T18_chr16_haplotype1-0000015:32324601-39475582.yaml
    log: logs/11-moddotplot/modify_moddotplot_cenplot_tracks_chr16_T2T18_chr16_haplotype1-0000015:32324601-39475582.log
    jobid: 1025
    reason: Input files updated by another job: results/11-moddotplot/combined/bed/chr16/T2T18_chr16_haplotype1-0000015:32324601-39475582/methyl.bed, results/11-moddotplot/combined/bed/chr16/T2T18_chr16_haplotype1-0000015:32324601-39475582/stv.bed, results/11-moddotplot/combined/bed/chr16/T2T18_chr16_haplotype1-0000015:32324601-39475582/cdrs.bed, results/11-moddotplot/combined/bed/chr16/T2T18_chr16_haplotype1-0000015:32324601-39475582/sat_annot.bed, results/11-moddotplot/combined/bed/chr16/T2T18_chr16_haplotype1-0000015:32324601-39475582/ident.bedpe
    wildcards: chr=chr16, fname=T2T18_chr16_haplotype1-0000015:32324601-39475582
    resources: mem_mb=8000, mem_mib=7630, disk_mb=1000, disk_mib=954, tmpdir=/tmp, mem=8GB
Shell command: 
        python /home/ukt.ad.local/ahgrosc1/.cache/snakemake/snakemake/source-cache/runtime-cache/tmpvv5_ue2g/file/mnt/storage3b/projects/no_ngsd/ahthapp1_T2T_ONT/analysis_other/cenmap_single/T2T18/workflow/rules/../scripts/format_cenplot_yaml.py         -i '{"cdr": "results/11-moddotplot/combined/bed/chr16/T2T18_chr16_haplotype1-0000015:32324601-39475582/cdrs.bed", "rm": "results/11-moddotplot/combined/bed/chr16/T2T18_chr16_haplotype1-0000015:32324601-39475582/sat_annot.bed", "ident": "results/11-moddotplot/combined/bed/chr16/T2T18_chr16_haplotype1-0000015:32324601-39475582/ident.bedpe", "stv": "results/11-moddotplot/combined/bed/chr16/T2T18_chr16_haplotype1-0000015:32324601-39475582/stv.bed", "methyl": "results/11-moddotplot/combined/bed/chr16/T2T18_chr16_haplotype1-0000015:32324601-39475582/methyl.bed"}'         -t /home/ukt.ad.local/ahgrosc1/.cache/snakemake/snakemake/source-cache/runtime-cache/tmpvv5_ue2g/file/mnt/storage3b/projects/no_ngsd/ahthapp1_T2T_ONT/analysis_other/cenmap_single/T2T18/workflow/rules/../scripts/cenplot_moddotplot.yaml         --options '{"hor": {"color_map_file": "/mnt/storage3b/projects/no_ngsd/ahthapp1_T2T_ONT/analysis_other/cenmap_single/T2T18/config/stv_annot_colors.tsv"}}' > results/11-moddotplot/combined/plots/chr16/T2T18_chr16_haplotype1-0000015:32324601-39475582.yaml 2> logs/11-moddotplot/modify_moddotplot_cenplot_tracks_chr16_T2T18_chr16_haplotype1-0000015:32324601-39475582.log
        
Select jobs to execute...
[Thu Jan  8 17:08:44 2026]
Finished jobid: 1025 (Rule: modify_moddotplot_cenplot_tracks)
136 of 325 steps (42%) done
Execute 1 jobs...

[Thu Jan  8 17:08:44 2026]
localrule plot_cen_moddotplot:
    input: results/11-moddotplot/combined/plots/chr16/T2T18_chr16_haplotype1-0000015:32324601-39475582.yaml, results/11-moddotplot/combined/bed/chr16/T2T18_chr16_haplotype1-0000015:32324601-39475582/sat_annot.bed, results/11-moddotplot/combined/bed/chr16/T2T18_chr16_haplotype1-0000015:32324601-39475582/ident.bedpe, results/11-moddotplot/combined/bed/chr16/T2T18_chr16_haplotype1-0000015:32324601-39475582/stv.bed, results/11-moddotplot/combined/bed/chr16/T2T18_chr16_haplotype1-0000015:32324601-39475582/cdrs.bed, results/11-moddotplot/combined/bed/chr16/T2T18_chr16_haplotype1-0000015:32324601-39475582/methyl.bed
    output: results/11-moddotplot/combined/plots/chr16/T2T18_chr16_haplotype1-0000015:32324601-39475582.pdf, results/11-moddotplot/combined/plots/chr16/T2T18_chr16_haplotype1-0000015:32324601-39475582.png
    log: logs/11-moddotplot/plot_moddotplot_chr16_T2T18_chr16_haplotype1-0000015:32324601-39475582.log
    jobid: 1024
    reason: Input files updated by another job: results/11-moddotplot/combined/bed/chr16/T2T18_chr16_haplotype1-0000015:32324601-39475582/methyl.bed, results/11-moddotplot/combined/bed/chr16/T2T18_chr16_haplotype1-0000015:32324601-39475582/stv.bed, results/11-moddotplot/combined/plots/chr16/T2T18_chr16_haplotype1-0000015:32324601-39475582.yaml, results/11-moddotplot/combined/bed/chr16/T2T18_chr16_haplotype1-0000015:32324601-39475582/cdrs.bed, results/11-moddotplot/combined/bed/chr16/T2T18_chr16_haplotype1-0000015:32324601-39475582/sat_annot.bed, results/11-moddotplot/combined/bed/chr16/T2T18_chr16_haplotype1-0000015:32324601-39475582/ident.bedpe
    wildcards: chr=chr16, fname=T2T18_chr16_haplotype1-0000015:32324601-39475582
    resources: mem_mb=8000, mem_mib=7630, disk_mb=1000, disk_mib=954, tmpdir=/tmp, mem=8GB
Shell command: 
        cenplot draw -t results/11-moddotplot/combined/plots/chr16/T2T18_chr16_haplotype1-0000015:32324601-39475582.yaml -d results/11-moddotplot/combined/plots/chr16 -c T2T18_chr16_haplotype1-0000015:32324601-39475582 -p 1 2> logs/11-moddotplot/plot_moddotplot_chr16_T2T18_chr16_haplotype1-0000015:32324601-39475582.log
        
Select jobs to execute...
[Thu Jan  8 17:09:17 2026]
Finished jobid: 941 (Rule: plot_cen_moddotplot)
137 of 325 steps (42%) done
Execute 1 jobs...

[Thu Jan  8 17:09:17 2026]
localrule filter_annotations_moddotplot:
    input: results/10-format_hor_stv/bed/chr9/stv_all.bed, results/8-format_repeatmasker_sat_annot/bed/all_cens.annotation.bed, results/8-cdr_finder/bed/all_cdrs.bed, results/8-cdr_finder/bed/all_binned_freq.bed, results/11-moddotplot/original/chr9/T2T18_rc-chr9_haplotype1-0000011:59893523-64560365/T2T18_rc-chr9_haplotype1-0000011:59893523-64560365.bed
    output: results/11-moddotplot/combined/bed/chr9/T2T18_rc-chr9_haplotype1-0000011:59893523-64560365/sat_annot.bed, results/11-moddotplot/combined/bed/chr9/T2T18_rc-chr9_haplotype1-0000011:59893523-64560365/ident.bedpe, results/11-moddotplot/combined/bed/chr9/T2T18_rc-chr9_haplotype1-0000011:59893523-64560365/stv.bed, results/11-moddotplot/combined/bed/chr9/T2T18_rc-chr9_haplotype1-0000011:59893523-64560365/cdrs.bed, results/11-moddotplot/combined/bed/chr9/T2T18_rc-chr9_haplotype1-0000011:59893523-64560365/methyl.bed
    jobid: 956
    reason: Missing output files: results/11-moddotplot/combined/bed/chr9/T2T18_rc-chr9_haplotype1-0000011:59893523-64560365/ident.bedpe; Input files updated by another job: results/8-cdr_finder/bed/all_cdrs.bed, results/8-cdr_finder/bed/all_binned_freq.bed
    wildcards: chr=chr9, fname=T2T18_rc-chr9_haplotype1-0000011:59893523-64560365
    resources: mem_mb=8000, mem_mib=7630, disk_mb=1000, disk_mib=954, tmpdir=/tmp, mem=8GB
Shell command: 
        ( grep 'T2T18_rc-chr9_haplotype1-0000011:59893523-64560365' results/8-format_repeatmasker_sat_annot/bed/all_cens.annotation.bed || true ) > results/11-moddotplot/combined/bed/chr9/T2T18_rc-chr9_haplotype1-0000011:59893523-64560365/sat_annot.bed
        ( grep 'T2T18_rc-chr9_haplotype1-0000011:59893523-64560365' results/10-format_hor_stv/bed/chr9/stv_all.bed || true ) > results/11-moddotplot/combined/bed/chr9/T2T18_rc-chr9_haplotype1-0000011:59893523-64560365/stv.bed
        # Remove header.
        ln -s $(realpath results/11-moddotplot/original/chr9/T2T18_rc-chr9_haplotype1-0000011:59893523-64560365/T2T18_rc-chr9_haplotype1-0000011:59893523-64560365.bed) results/11-moddotplot/combined/bed/chr9/T2T18_rc-chr9_haplotype1-0000011:59893523-64560365/ident.bedpe
        if [ "True" != "False" ]; then
            ( grep 'T2T18_rc-chr9_haplotype1-0000011:59893523-64560365' results/8-cdr_finder/bed/all_cdrs.bed || true ) > results/11-moddotplot/combined/bed/chr9/T2T18_rc-chr9_haplotype1-0000011:59893523-64560365/cdrs.bed
            ( grep 'T2T18_rc-chr9_haplotype1-0000011:59893523-64560365' results/8-cdr_finder/bed/all_binned_freq.bed || true ) > results/11-moddotplot/combined/bed/chr9/T2T18_rc-chr9_haplotype1-0000011:59893523-64560365/methyl.bed
        else
            touch results/11-moddotplot/combined/bed/chr9/T2T18_rc-chr9_haplotype1-0000011:59893523-64560365/cdrs.bed
            touch results/11-moddotplot/combined/bed/chr9/T2T18_rc-chr9_haplotype1-0000011:59893523-64560365/methyl.bed
        fi
        
Select jobs to execute...
[Thu Jan  8 17:09:17 2026]
Finished jobid: 956 (Rule: filter_annotations_moddotplot)
138 of 325 steps (42%) done
Execute 1 jobs...

[Thu Jan  8 17:09:17 2026]
localrule modify_moddotplot_cenplot_tracks:
    input: results/11-moddotplot/combined/bed/chr8/T2T18_chr8_haplotype2-0000051:42728651-48254358/cdrs.bed, results/11-moddotplot/combined/bed/chr8/T2T18_chr8_haplotype2-0000051:42728651-48254358/sat_annot.bed, results/11-moddotplot/combined/bed/chr8/T2T18_chr8_haplotype2-0000051:42728651-48254358/ident.bedpe, results/11-moddotplot/combined/bed/chr8/T2T18_chr8_haplotype2-0000051:42728651-48254358/stv.bed, results/11-moddotplot/combined/bed/chr8/T2T18_chr8_haplotype2-0000051:42728651-48254358/methyl.bed
    output: results/11-moddotplot/combined/plots/chr8/T2T18_chr8_haplotype2-0000051:42728651-48254358.yaml
    log: logs/11-moddotplot/modify_moddotplot_cenplot_tracks_chr8_T2T18_chr8_haplotype2-0000051:42728651-48254358.log
    jobid: 945
    reason: Input files updated by another job: results/11-moddotplot/combined/bed/chr8/T2T18_chr8_haplotype2-0000051:42728651-48254358/stv.bed, results/11-moddotplot/combined/bed/chr8/T2T18_chr8_haplotype2-0000051:42728651-48254358/methyl.bed, results/11-moddotplot/combined/bed/chr8/T2T18_chr8_haplotype2-0000051:42728651-48254358/cdrs.bed, results/11-moddotplot/combined/bed/chr8/T2T18_chr8_haplotype2-0000051:42728651-48254358/ident.bedpe, results/11-moddotplot/combined/bed/chr8/T2T18_chr8_haplotype2-0000051:42728651-48254358/sat_annot.bed
    wildcards: chr=chr8, fname=T2T18_chr8_haplotype2-0000051:42728651-48254358
    resources: mem_mb=8000, mem_mib=7630, disk_mb=1000, disk_mib=954, tmpdir=/tmp, mem=8GB
Shell command: 
        python /home/ukt.ad.local/ahgrosc1/.cache/snakemake/snakemake/source-cache/runtime-cache/tmpvv5_ue2g/file/mnt/storage3b/projects/no_ngsd/ahthapp1_T2T_ONT/analysis_other/cenmap_single/T2T18/workflow/rules/../scripts/format_cenplot_yaml.py         -i '{"cdr": "results/11-moddotplot/combined/bed/chr8/T2T18_chr8_haplotype2-0000051:42728651-48254358/cdrs.bed", "rm": "results/11-moddotplot/combined/bed/chr8/T2T18_chr8_haplotype2-0000051:42728651-48254358/sat_annot.bed", "ident": "results/11-moddotplot/combined/bed/chr8/T2T18_chr8_haplotype2-0000051:42728651-48254358/ident.bedpe", "stv": "results/11-moddotplot/combined/bed/chr8/T2T18_chr8_haplotype2-0000051:42728651-48254358/stv.bed", "methyl": "results/11-moddotplot/combined/bed/chr8/T2T18_chr8_haplotype2-0000051:42728651-48254358/methyl.bed"}'         -t /home/ukt.ad.local/ahgrosc1/.cache/snakemake/snakemake/source-cache/runtime-cache/tmpvv5_ue2g/file/mnt/storage3b/projects/no_ngsd/ahthapp1_T2T_ONT/analysis_other/cenmap_single/T2T18/workflow/rules/../scripts/cenplot_moddotplot.yaml         --options '{"hor": {"color_map_file": "/mnt/storage3b/projects/no_ngsd/ahthapp1_T2T_ONT/analysis_other/cenmap_single/T2T18/config/stv_annot_colors.tsv"}}' > results/11-moddotplot/combined/plots/chr8/T2T18_chr8_haplotype2-0000051:42728651-48254358.yaml 2> logs/11-moddotplot/modify_moddotplot_cenplot_tracks_chr8_T2T18_chr8_haplotype2-0000051:42728651-48254358.log
        
Select jobs to execute...
[Thu Jan  8 17:09:17 2026]
Finished jobid: 945 (Rule: modify_moddotplot_cenplot_tracks)
139 of 325 steps (43%) done
Execute 1 jobs...

[Thu Jan  8 17:09:17 2026]
localrule plot_cen_moddotplot:
    input: results/11-moddotplot/combined/plots/chr8/T2T18_chr8_haplotype2-0000051:42728651-48254358.yaml, results/11-moddotplot/combined/bed/chr8/T2T18_chr8_haplotype2-0000051:42728651-48254358/sat_annot.bed, results/11-moddotplot/combined/bed/chr8/T2T18_chr8_haplotype2-0000051:42728651-48254358/ident.bedpe, results/11-moddotplot/combined/bed/chr8/T2T18_chr8_haplotype2-0000051:42728651-48254358/stv.bed, results/11-moddotplot/combined/bed/chr8/T2T18_chr8_haplotype2-0000051:42728651-48254358/cdrs.bed, results/11-moddotplot/combined/bed/chr8/T2T18_chr8_haplotype2-0000051:42728651-48254358/methyl.bed
    output: results/11-moddotplot/combined/plots/chr8/T2T18_chr8_haplotype2-0000051:42728651-48254358.pdf, results/11-moddotplot/combined/plots/chr8/T2T18_chr8_haplotype2-0000051:42728651-48254358.png
    log: logs/11-moddotplot/plot_moddotplot_chr8_T2T18_chr8_haplotype2-0000051:42728651-48254358.log
    jobid: 944
    reason: Input files updated by another job: results/11-moddotplot/combined/plots/chr8/T2T18_chr8_haplotype2-0000051:42728651-48254358.yaml, results/11-moddotplot/combined/bed/chr8/T2T18_chr8_haplotype2-0000051:42728651-48254358/stv.bed, results/11-moddotplot/combined/bed/chr8/T2T18_chr8_haplotype2-0000051:42728651-48254358/methyl.bed, results/11-moddotplot/combined/bed/chr8/T2T18_chr8_haplotype2-0000051:42728651-48254358/cdrs.bed, results/11-moddotplot/combined/bed/chr8/T2T18_chr8_haplotype2-0000051:42728651-48254358/ident.bedpe, results/11-moddotplot/combined/bed/chr8/T2T18_chr8_haplotype2-0000051:42728651-48254358/sat_annot.bed
    wildcards: chr=chr8, fname=T2T18_chr8_haplotype2-0000051:42728651-48254358
    resources: mem_mb=8000, mem_mib=7630, disk_mb=1000, disk_mib=954, tmpdir=/tmp, mem=8GB
Shell command: 
        cenplot draw -t results/11-moddotplot/combined/plots/chr8/T2T18_chr8_haplotype2-0000051:42728651-48254358.yaml -d results/11-moddotplot/combined/plots/chr8 -c T2T18_chr8_haplotype2-0000051:42728651-48254358 -p 1 2> logs/11-moddotplot/plot_moddotplot_chr8_T2T18_chr8_haplotype2-0000051:42728651-48254358.log
        
Select jobs to execute...
[Thu Jan  8 17:13:12 2026]
Finished jobid: 1024 (Rule: plot_cen_moddotplot)
140 of 325 steps (43%) done
Execute 1 jobs...

[Thu Jan  8 17:13:12 2026]
localrule modify_moddotplot_cenplot_tracks:
    input: results/11-moddotplot/combined/bed/chr17/T2T18_rc-chr17_haplotype2-0000046:21844682-27381736/cdrs.bed, results/11-moddotplot/combined/bed/chr17/T2T18_rc-chr17_haplotype2-0000046:21844682-27381736/sat_annot.bed, results/11-moddotplot/combined/bed/chr17/T2T18_rc-chr17_haplotype2-0000046:21844682-27381736/ident.bedpe, results/11-moddotplot/combined/bed/chr17/T2T18_rc-chr17_haplotype2-0000046:21844682-27381736/stv.bed, results/11-moddotplot/combined/bed/chr17/T2T18_rc-chr17_haplotype2-0000046:21844682-27381736/methyl.bed
    output: results/11-moddotplot/combined/plots/chr17/T2T18_rc-chr17_haplotype2-0000046:21844682-27381736.yaml
    log: logs/11-moddotplot/modify_moddotplot_cenplot_tracks_chr17_T2T18_rc-chr17_haplotype2-0000046:21844682-27381736.log
    jobid: 1033
    reason: Input files updated by another job: results/11-moddotplot/combined/bed/chr17/T2T18_rc-chr17_haplotype2-0000046:21844682-27381736/ident.bedpe, results/11-moddotplot/combined/bed/chr17/T2T18_rc-chr17_haplotype2-0000046:21844682-27381736/methyl.bed, results/11-moddotplot/combined/bed/chr17/T2T18_rc-chr17_haplotype2-0000046:21844682-27381736/cdrs.bed, results/11-moddotplot/combined/bed/chr17/T2T18_rc-chr17_haplotype2-0000046:21844682-27381736/sat_annot.bed, results/11-moddotplot/combined/bed/chr17/T2T18_rc-chr17_haplotype2-0000046:21844682-27381736/stv.bed
    wildcards: chr=chr17, fname=T2T18_rc-chr17_haplotype2-0000046:21844682-27381736
    resources: mem_mb=8000, mem_mib=7630, disk_mb=1000, disk_mib=954, tmpdir=/tmp, mem=8GB
Shell command: 
        python /home/ukt.ad.local/ahgrosc1/.cache/snakemake/snakemake/source-cache/runtime-cache/tmpvv5_ue2g/file/mnt/storage3b/projects/no_ngsd/ahthapp1_T2T_ONT/analysis_other/cenmap_single/T2T18/workflow/rules/../scripts/format_cenplot_yaml.py         -i '{"cdr": "results/11-moddotplot/combined/bed/chr17/T2T18_rc-chr17_haplotype2-0000046:21844682-27381736/cdrs.bed", "rm": "results/11-moddotplot/combined/bed/chr17/T2T18_rc-chr17_haplotype2-0000046:21844682-27381736/sat_annot.bed", "ident": "results/11-moddotplot/combined/bed/chr17/T2T18_rc-chr17_haplotype2-0000046:21844682-27381736/ident.bedpe", "stv": "results/11-moddotplot/combined/bed/chr17/T2T18_rc-chr17_haplotype2-0000046:21844682-27381736/stv.bed", "methyl": "results/11-moddotplot/combined/bed/chr17/T2T18_rc-chr17_haplotype2-0000046:21844682-27381736/methyl.bed"}'         -t /home/ukt.ad.local/ahgrosc1/.cache/snakemake/snakemake/source-cache/runtime-cache/tmpvv5_ue2g/file/mnt/storage3b/projects/no_ngsd/ahthapp1_T2T_ONT/analysis_other/cenmap_single/T2T18/workflow/rules/../scripts/cenplot_moddotplot.yaml         --options '{"hor": {"color_map_file": "/mnt/storage3b/projects/no_ngsd/ahthapp1_T2T_ONT/analysis_other/cenmap_single/T2T18/config/stv_annot_colors.tsv"}}' > results/11-moddotplot/combined/plots/chr17/T2T18_rc-chr17_haplotype2-0000046:21844682-27381736.yaml 2> logs/11-moddotplot/modify_moddotplot_cenplot_tracks_chr17_T2T18_rc-chr17_haplotype2-0000046:21844682-27381736.log
        
Select jobs to execute...
[Thu Jan  8 17:13:12 2026]
Finished jobid: 1033 (Rule: modify_moddotplot_cenplot_tracks)
141 of 325 steps (43%) done
Execute 1 jobs...

[Thu Jan  8 17:13:12 2026]
localrule plot_cen_moddotplot:
    input: results/11-moddotplot/combined/plots/chr17/T2T18_rc-chr17_haplotype2-0000046:21844682-27381736.yaml, results/11-moddotplot/combined/bed/chr17/T2T18_rc-chr17_haplotype2-0000046:21844682-27381736/sat_annot.bed, results/11-moddotplot/combined/bed/chr17/T2T18_rc-chr17_haplotype2-0000046:21844682-27381736/ident.bedpe, results/11-moddotplot/combined/bed/chr17/T2T18_rc-chr17_haplotype2-0000046:21844682-27381736/stv.bed, results/11-moddotplot/combined/bed/chr17/T2T18_rc-chr17_haplotype2-0000046:21844682-27381736/cdrs.bed, results/11-moddotplot/combined/bed/chr17/T2T18_rc-chr17_haplotype2-0000046:21844682-27381736/methyl.bed
    output: results/11-moddotplot/combined/plots/chr17/T2T18_rc-chr17_haplotype2-0000046:21844682-27381736.pdf, results/11-moddotplot/combined/plots/chr17/T2T18_rc-chr17_haplotype2-0000046:21844682-27381736.png
    log: logs/11-moddotplot/plot_moddotplot_chr17_T2T18_rc-chr17_haplotype2-0000046:21844682-27381736.log
    jobid: 1032
    reason: Input files updated by another job: results/11-moddotplot/combined/bed/chr17/T2T18_rc-chr17_haplotype2-0000046:21844682-27381736/ident.bedpe, results/11-moddotplot/combined/bed/chr17/T2T18_rc-chr17_haplotype2-0000046:21844682-27381736/methyl.bed, results/11-moddotplot/combined/plots/chr17/T2T18_rc-chr17_haplotype2-0000046:21844682-27381736.yaml, results/11-moddotplot/combined/bed/chr17/T2T18_rc-chr17_haplotype2-0000046:21844682-27381736/stv.bed, results/11-moddotplot/combined/bed/chr17/T2T18_rc-chr17_haplotype2-0000046:21844682-27381736/sat_annot.bed, results/11-moddotplot/combined/bed/chr17/T2T18_rc-chr17_haplotype2-0000046:21844682-27381736/cdrs.bed
    wildcards: chr=chr17, fname=T2T18_rc-chr17_haplotype2-0000046:21844682-27381736
    resources: mem_mb=8000, mem_mib=7630, disk_mb=1000, disk_mib=954, tmpdir=/tmp, mem=8GB
Shell command: 
        cenplot draw -t results/11-moddotplot/combined/plots/chr17/T2T18_rc-chr17_haplotype2-0000046:21844682-27381736.yaml -d results/11-moddotplot/combined/plots/chr17 -c T2T18_rc-chr17_haplotype2-0000046:21844682-27381736 -p 1 2> logs/11-moddotplot/plot_moddotplot_chr17_T2T18_rc-chr17_haplotype2-0000046:21844682-27381736.log
        
Select jobs to execute...
[Thu Jan  8 17:17:10 2026]
Finished jobid: 1032 (Rule: plot_cen_moddotplot)
142 of 325 steps (44%) done
Execute 1 jobs...

[Thu Jan  8 17:17:10 2026]
localrule filter_annotations_moddotplot:
    input: results/10-format_hor_stv/bed/chr13/stv_all.bed, results/8-format_repeatmasker_sat_annot/bed/all_cens.annotation.bed, results/8-cdr_finder/bed/all_cdrs.bed, results/8-cdr_finder/bed/all_binned_freq.bed, results/11-moddotplot/original/chr13/T2T18_chr13_haplotype2-0000049:324136-7404791/T2T18_chr13_haplotype2-0000049:324136-7404791.bed
    output: results/11-moddotplot/combined/bed/chr13/T2T18_chr13_haplotype2-0000049:324136-7404791/sat_annot.bed, results/11-moddotplot/combined/bed/chr13/T2T18_chr13_haplotype2-0000049:324136-7404791/ident.bedpe, results/11-moddotplot/combined/bed/chr13/T2T18_chr13_haplotype2-0000049:324136-7404791/stv.bed, results/11-moddotplot/combined/bed/chr13/T2T18_chr13_haplotype2-0000049:324136-7404791/cdrs.bed, results/11-moddotplot/combined/bed/chr13/T2T18_chr13_haplotype2-0000049:324136-7404791/methyl.bed
    jobid: 994
    reason: Missing output files: results/11-moddotplot/combined/bed/chr13/T2T18_chr13_haplotype2-0000049:324136-7404791/ident.bedpe; Input files updated by another job: results/8-cdr_finder/bed/all_cdrs.bed, results/8-cdr_finder/bed/all_binned_freq.bed
    wildcards: chr=chr13, fname=T2T18_chr13_haplotype2-0000049:324136-7404791
    resources: mem_mb=8000, mem_mib=7630, disk_mb=1000, disk_mib=954, tmpdir=/tmp, mem=8GB
Shell command: 
        ( grep 'T2T18_chr13_haplotype2-0000049:324136-7404791' results/8-format_repeatmasker_sat_annot/bed/all_cens.annotation.bed || true ) > results/11-moddotplot/combined/bed/chr13/T2T18_chr13_haplotype2-0000049:324136-7404791/sat_annot.bed
        ( grep 'T2T18_chr13_haplotype2-0000049:324136-7404791' results/10-format_hor_stv/bed/chr13/stv_all.bed || true ) > results/11-moddotplot/combined/bed/chr13/T2T18_chr13_haplotype2-0000049:324136-7404791/stv.bed
        # Remove header.
        ln -s $(realpath results/11-moddotplot/original/chr13/T2T18_chr13_haplotype2-0000049:324136-7404791/T2T18_chr13_haplotype2-0000049:324136-7404791.bed) results/11-moddotplot/combined/bed/chr13/T2T18_chr13_haplotype2-0000049:324136-7404791/ident.bedpe
        if [ "True" != "False" ]; then
            ( grep 'T2T18_chr13_haplotype2-0000049:324136-7404791' results/8-cdr_finder/bed/all_cdrs.bed || true ) > results/11-moddotplot/combined/bed/chr13/T2T18_chr13_haplotype2-0000049:324136-7404791/cdrs.bed
            ( grep 'T2T18_chr13_haplotype2-0000049:324136-7404791' results/8-cdr_finder/bed/all_binned_freq.bed || true ) > results/11-moddotplot/combined/bed/chr13/T2T18_chr13_haplotype2-0000049:324136-7404791/methyl.bed
        else
            touch results/11-moddotplot/combined/bed/chr13/T2T18_chr13_haplotype2-0000049:324136-7404791/cdrs.bed
            touch results/11-moddotplot/combined/bed/chr13/T2T18_chr13_haplotype2-0000049:324136-7404791/methyl.bed
        fi
        
Select jobs to execute...
[Thu Jan  8 17:17:10 2026]
Finished jobid: 994 (Rule: filter_annotations_moddotplot)
143 of 325 steps (44%) done
Execute 1 jobs...

[Thu Jan  8 17:17:10 2026]
localrule modify_moddotplot_cenplot_tracks:
    input: results/11-moddotplot/combined/bed/chr15/T2T18_rc-chr15_haplotype1-0000003:11959045-17630487/cdrs.bed, results/11-moddotplot/combined/bed/chr15/T2T18_rc-chr15_haplotype1-0000003:11959045-17630487/sat_annot.bed, results/11-moddotplot/combined/bed/chr15/T2T18_rc-chr15_haplotype1-0000003:11959045-17630487/ident.bedpe, results/11-moddotplot/combined/bed/chr15/T2T18_rc-chr15_haplotype1-0000003:11959045-17630487/stv.bed, results/11-moddotplot/combined/bed/chr15/T2T18_rc-chr15_haplotype1-0000003:11959045-17630487/methyl.bed
    output: results/11-moddotplot/combined/plots/chr15/T2T18_rc-chr15_haplotype1-0000003:11959045-17630487.yaml
    log: logs/11-moddotplot/modify_moddotplot_cenplot_tracks_chr15_T2T18_rc-chr15_haplotype1-0000003:11959045-17630487.log
    jobid: 1014
    reason: Input files updated by another job: results/11-moddotplot/combined/bed/chr15/T2T18_rc-chr15_haplotype1-0000003:11959045-17630487/sat_annot.bed, results/11-moddotplot/combined/bed/chr15/T2T18_rc-chr15_haplotype1-0000003:11959045-17630487/methyl.bed, results/11-moddotplot/combined/bed/chr15/T2T18_rc-chr15_haplotype1-0000003:11959045-17630487/ident.bedpe, results/11-moddotplot/combined/bed/chr15/T2T18_rc-chr15_haplotype1-0000003:11959045-17630487/stv.bed, results/11-moddotplot/combined/bed/chr15/T2T18_rc-chr15_haplotype1-0000003:11959045-17630487/cdrs.bed
    wildcards: chr=chr15, fname=T2T18_rc-chr15_haplotype1-0000003:11959045-17630487
    resources: mem_mb=8000, mem_mib=7630, disk_mb=1000, disk_mib=954, tmpdir=/tmp, mem=8GB
Shell command: 
        python /home/ukt.ad.local/ahgrosc1/.cache/snakemake/snakemake/source-cache/runtime-cache/tmpvv5_ue2g/file/mnt/storage3b/projects/no_ngsd/ahthapp1_T2T_ONT/analysis_other/cenmap_single/T2T18/workflow/rules/../scripts/format_cenplot_yaml.py         -i '{"cdr": "results/11-moddotplot/combined/bed/chr15/T2T18_rc-chr15_haplotype1-0000003:11959045-17630487/cdrs.bed", "rm": "results/11-moddotplot/combined/bed/chr15/T2T18_rc-chr15_haplotype1-0000003:11959045-17630487/sat_annot.bed", "ident": "results/11-moddotplot/combined/bed/chr15/T2T18_rc-chr15_haplotype1-0000003:11959045-17630487/ident.bedpe", "stv": "results/11-moddotplot/combined/bed/chr15/T2T18_rc-chr15_haplotype1-0000003:11959045-17630487/stv.bed", "methyl": "results/11-moddotplot/combined/bed/chr15/T2T18_rc-chr15_haplotype1-0000003:11959045-17630487/methyl.bed"}'         -t /home/ukt.ad.local/ahgrosc1/.cache/snakemake/snakemake/source-cache/runtime-cache/tmpvv5_ue2g/file/mnt/storage3b/projects/no_ngsd/ahthapp1_T2T_ONT/analysis_other/cenmap_single/T2T18/workflow/rules/../scripts/cenplot_moddotplot.yaml         --options '{"hor": {"color_map_file": "/mnt/storage3b/projects/no_ngsd/ahthapp1_T2T_ONT/analysis_other/cenmap_single/T2T18/config/stv_annot_colors.tsv"}}' > results/11-moddotplot/combined/plots/chr15/T2T18_rc-chr15_haplotype1-0000003:11959045-17630487.yaml 2> logs/11-moddotplot/modify_moddotplot_cenplot_tracks_chr15_T2T18_rc-chr15_haplotype1-0000003:11959045-17630487.log
        
Select jobs to execute...
[Thu Jan  8 17:17:11 2026]
Finished jobid: 1014 (Rule: modify_moddotplot_cenplot_tracks)
144 of 325 steps (44%) done
Execute 1 jobs...

[Thu Jan  8 17:17:11 2026]
localrule plot_cen_moddotplot:
    input: results/11-moddotplot/combined/plots/chr15/T2T18_rc-chr15_haplotype1-0000003:11959045-17630487.yaml, results/11-moddotplot/combined/bed/chr15/T2T18_rc-chr15_haplotype1-0000003:11959045-17630487/sat_annot.bed, results/11-moddotplot/combined/bed/chr15/T2T18_rc-chr15_haplotype1-0000003:11959045-17630487/ident.bedpe, results/11-moddotplot/combined/bed/chr15/T2T18_rc-chr15_haplotype1-0000003:11959045-17630487/stv.bed, results/11-moddotplot/combined/bed/chr15/T2T18_rc-chr15_haplotype1-0000003:11959045-17630487/cdrs.bed, results/11-moddotplot/combined/bed/chr15/T2T18_rc-chr15_haplotype1-0000003:11959045-17630487/methyl.bed
    output: results/11-moddotplot/combined/plots/chr15/T2T18_rc-chr15_haplotype1-0000003:11959045-17630487.pdf, results/11-moddotplot/combined/plots/chr15/T2T18_rc-chr15_haplotype1-0000003:11959045-17630487.png
    log: logs/11-moddotplot/plot_moddotplot_chr15_T2T18_rc-chr15_haplotype1-0000003:11959045-17630487.log
    jobid: 1013
    reason: Input files updated by another job: results/11-moddotplot/combined/bed/chr15/T2T18_rc-chr15_haplotype1-0000003:11959045-17630487/sat_annot.bed, results/11-moddotplot/combined/bed/chr15/T2T18_rc-chr15_haplotype1-0000003:11959045-17630487/methyl.bed, results/11-moddotplot/combined/bed/chr15/T2T18_rc-chr15_haplotype1-0000003:11959045-17630487/ident.bedpe, results/11-moddotplot/combined/plots/chr15/T2T18_rc-chr15_haplotype1-0000003:11959045-17630487.yaml, results/11-moddotplot/combined/bed/chr15/T2T18_rc-chr15_haplotype1-0000003:11959045-17630487/stv.bed, results/11-moddotplot/combined/bed/chr15/T2T18_rc-chr15_haplotype1-0000003:11959045-17630487/cdrs.bed
    wildcards: chr=chr15, fname=T2T18_rc-chr15_haplotype1-0000003:11959045-17630487
    resources: mem_mb=8000, mem_mib=7630, disk_mb=1000, disk_mib=954, tmpdir=/tmp, mem=8GB
Shell command: 
        cenplot draw -t results/11-moddotplot/combined/plots/chr15/T2T18_rc-chr15_haplotype1-0000003:11959045-17630487.yaml -d results/11-moddotplot/combined/plots/chr15 -c T2T18_rc-chr15_haplotype1-0000003:11959045-17630487 -p 1 2> logs/11-moddotplot/plot_moddotplot_chr15_T2T18_rc-chr15_haplotype1-0000003:11959045-17630487.log
        
Select jobs to execute...
[Thu Jan  8 17:21:04 2026]
Finished jobid: 1013 (Rule: plot_cen_moddotplot)
145 of 325 steps (45%) done
Execute 1 jobs...

[Thu Jan  8 17:21:04 2026]
localrule filter_annotations_moddotplot:
    input: results/10-format_hor_stv/bed/chr10/stv_all.bed, results/8-format_repeatmasker_sat_annot/bed/all_cens.annotation.bed, results/8-cdr_finder/bed/all_cdrs.bed, results/8-cdr_finder/bed/all_binned_freq.bed, results/11-moddotplot/original/chr10/T2T18_chr10_haplotype1-0000013:38093743-43171063/T2T18_chr10_haplotype1-0000013:38093743-43171063.bed
    output: results/11-moddotplot/combined/bed/chr10/T2T18_chr10_haplotype1-0000013:38093743-43171063/sat_annot.bed, results/11-moddotplot/combined/bed/chr10/T2T18_chr10_haplotype1-0000013:38093743-43171063/ident.bedpe, results/11-moddotplot/combined/bed/chr10/T2T18_chr10_haplotype1-0000013:38093743-43171063/stv.bed, results/11-moddotplot/combined/bed/chr10/T2T18_chr10_haplotype1-0000013:38093743-43171063/cdrs.bed, results/11-moddotplot/combined/bed/chr10/T2T18_chr10_haplotype1-0000013:38093743-43171063/methyl.bed
    jobid: 967
    reason: Missing output files: results/11-moddotplot/combined/bed/chr10/T2T18_chr10_haplotype1-0000013:38093743-43171063/ident.bedpe; Input files updated by another job: results/8-cdr_finder/bed/all_cdrs.bed, results/8-cdr_finder/bed/all_binned_freq.bed
    wildcards: chr=chr10, fname=T2T18_chr10_haplotype1-0000013:38093743-43171063
    resources: mem_mb=8000, mem_mib=7630, disk_mb=1000, disk_mib=954, tmpdir=/tmp, mem=8GB
Shell command: 
        ( grep 'T2T18_chr10_haplotype1-0000013:38093743-43171063' results/8-format_repeatmasker_sat_annot/bed/all_cens.annotation.bed || true ) > results/11-moddotplot/combined/bed/chr10/T2T18_chr10_haplotype1-0000013:38093743-43171063/sat_annot.bed
        ( grep 'T2T18_chr10_haplotype1-0000013:38093743-43171063' results/10-format_hor_stv/bed/chr10/stv_all.bed || true ) > results/11-moddotplot/combined/bed/chr10/T2T18_chr10_haplotype1-0000013:38093743-43171063/stv.bed
        # Remove header.
        ln -s $(realpath results/11-moddotplot/original/chr10/T2T18_chr10_haplotype1-0000013:38093743-43171063/T2T18_chr10_haplotype1-0000013:38093743-43171063.bed) results/11-moddotplot/combined/bed/chr10/T2T18_chr10_haplotype1-0000013:38093743-43171063/ident.bedpe
        if [ "True" != "False" ]; then
            ( grep 'T2T18_chr10_haplotype1-0000013:38093743-43171063' results/8-cdr_finder/bed/all_cdrs.bed || true ) > results/11-moddotplot/combined/bed/chr10/T2T18_chr10_haplotype1-0000013:38093743-43171063/cdrs.bed
            ( grep 'T2T18_chr10_haplotype1-0000013:38093743-43171063' results/8-cdr_finder/bed/all_binned_freq.bed || true ) > results/11-moddotplot/combined/bed/chr10/T2T18_chr10_haplotype1-0000013:38093743-43171063/methyl.bed
        else
            touch results/11-moddotplot/combined/bed/chr10/T2T18_chr10_haplotype1-0000013:38093743-43171063/cdrs.bed
            touch results/11-moddotplot/combined/bed/chr10/T2T18_chr10_haplotype1-0000013:38093743-43171063/methyl.bed
        fi
        
Select jobs to execute...
[Thu Jan  8 17:21:04 2026]
Finished jobid: 967 (Rule: filter_annotations_moddotplot)
146 of 325 steps (45%) done
Execute 1 jobs...

[Thu Jan  8 17:21:04 2026]
localrule modify_moddotplot_cenplot_tracks:
    input: results/11-moddotplot/combined/bed/chr14/T2T18_rc-chr14_haplotype1-0000017:4416034-11090355/cdrs.bed, results/11-moddotplot/combined/bed/chr14/T2T18_rc-chr14_haplotype1-0000017:4416034-11090355/sat_annot.bed, results/11-moddotplot/combined/bed/chr14/T2T18_rc-chr14_haplotype1-0000017:4416034-11090355/ident.bedpe, results/11-moddotplot/combined/bed/chr14/T2T18_rc-chr14_haplotype1-0000017:4416034-11090355/stv.bed, results/11-moddotplot/combined/bed/chr14/T2T18_rc-chr14_haplotype1-0000017:4416034-11090355/methyl.bed
    output: results/11-moddotplot/combined/plots/chr14/T2T18_rc-chr14_haplotype1-0000017:4416034-11090355.yaml
    log: logs/11-moddotplot/modify_moddotplot_cenplot_tracks_chr14_T2T18_rc-chr14_haplotype1-0000017:4416034-11090355.log
    jobid: 1002
    reason: Input files updated by another job: results/11-moddotplot/combined/bed/chr14/T2T18_rc-chr14_haplotype1-0000017:4416034-11090355/methyl.bed, results/11-moddotplot/combined/bed/chr14/T2T18_rc-chr14_haplotype1-0000017:4416034-11090355/stv.bed, results/11-moddotplot/combined/bed/chr14/T2T18_rc-chr14_haplotype1-0000017:4416034-11090355/ident.bedpe, results/11-moddotplot/combined/bed/chr14/T2T18_rc-chr14_haplotype1-0000017:4416034-11090355/sat_annot.bed, results/11-moddotplot/combined/bed/chr14/T2T18_rc-chr14_haplotype1-0000017:4416034-11090355/cdrs.bed
    wildcards: chr=chr14, fname=T2T18_rc-chr14_haplotype1-0000017:4416034-11090355
    resources: mem_mb=8000, mem_mib=7630, disk_mb=1000, disk_mib=954, tmpdir=/tmp, mem=8GB
Shell command: 
        python /home/ukt.ad.local/ahgrosc1/.cache/snakemake/snakemake/source-cache/runtime-cache/tmpvv5_ue2g/file/mnt/storage3b/projects/no_ngsd/ahthapp1_T2T_ONT/analysis_other/cenmap_single/T2T18/workflow/rules/../scripts/format_cenplot_yaml.py         -i '{"cdr": "results/11-moddotplot/combined/bed/chr14/T2T18_rc-chr14_haplotype1-0000017:4416034-11090355/cdrs.bed", "rm": "results/11-moddotplot/combined/bed/chr14/T2T18_rc-chr14_haplotype1-0000017:4416034-11090355/sat_annot.bed", "ident": "results/11-moddotplot/combined/bed/chr14/T2T18_rc-chr14_haplotype1-0000017:4416034-11090355/ident.bedpe", "stv": "results/11-moddotplot/combined/bed/chr14/T2T18_rc-chr14_haplotype1-0000017:4416034-11090355/stv.bed", "methyl": "results/11-moddotplot/combined/bed/chr14/T2T18_rc-chr14_haplotype1-0000017:4416034-11090355/methyl.bed"}'         -t /home/ukt.ad.local/ahgrosc1/.cache/snakemake/snakemake/source-cache/runtime-cache/tmpvv5_ue2g/file/mnt/storage3b/projects/no_ngsd/ahthapp1_T2T_ONT/analysis_other/cenmap_single/T2T18/workflow/rules/../scripts/cenplot_moddotplot.yaml         --options '{"hor": {"color_map_file": "/mnt/storage3b/projects/no_ngsd/ahthapp1_T2T_ONT/analysis_other/cenmap_single/T2T18/config/stv_annot_colors.tsv"}}' > results/11-moddotplot/combined/plots/chr14/T2T18_rc-chr14_haplotype1-0000017:4416034-11090355.yaml 2> logs/11-moddotplot/modify_moddotplot_cenplot_tracks_chr14_T2T18_rc-chr14_haplotype1-0000017:4416034-11090355.log
        
Select jobs to execute...
[Thu Jan  8 17:21:04 2026]
Finished jobid: 1002 (Rule: modify_moddotplot_cenplot_tracks)
147 of 325 steps (45%) done
Execute 1 jobs...

[Thu Jan  8 17:21:04 2026]
localrule plot_cen_moddotplot:
    input: results/11-moddotplot/combined/plots/chr14/T2T18_rc-chr14_haplotype1-0000017:4416034-11090355.yaml, results/11-moddotplot/combined/bed/chr14/T2T18_rc-chr14_haplotype1-0000017:4416034-11090355/sat_annot.bed, results/11-moddotplot/combined/bed/chr14/T2T18_rc-chr14_haplotype1-0000017:4416034-11090355/ident.bedpe, results/11-moddotplot/combined/bed/chr14/T2T18_rc-chr14_haplotype1-0000017:4416034-11090355/stv.bed, results/11-moddotplot/combined/bed/chr14/T2T18_rc-chr14_haplotype1-0000017:4416034-11090355/cdrs.bed, results/11-moddotplot/combined/bed/chr14/T2T18_rc-chr14_haplotype1-0000017:4416034-11090355/methyl.bed
    output: results/11-moddotplot/combined/plots/chr14/T2T18_rc-chr14_haplotype1-0000017:4416034-11090355.pdf, results/11-moddotplot/combined/plots/chr14/T2T18_rc-chr14_haplotype1-0000017:4416034-11090355.png
    log: logs/11-moddotplot/plot_moddotplot_chr14_T2T18_rc-chr14_haplotype1-0000017:4416034-11090355.log
    jobid: 1001
    reason: Input files updated by another job: results/11-moddotplot/combined/bed/chr14/T2T18_rc-chr14_haplotype1-0000017:4416034-11090355/methyl.bed, results/11-moddotplot/combined/bed/chr14/T2T18_rc-chr14_haplotype1-0000017:4416034-11090355/stv.bed, results/11-moddotplot/combined/bed/chr14/T2T18_rc-chr14_haplotype1-0000017:4416034-11090355/ident.bedpe, results/11-moddotplot/combined/bed/chr14/T2T18_rc-chr14_haplotype1-0000017:4416034-11090355/sat_annot.bed, results/11-moddotplot/combined/plots/chr14/T2T18_rc-chr14_haplotype1-0000017:4416034-11090355.yaml, results/11-moddotplot/combined/bed/chr14/T2T18_rc-chr14_haplotype1-0000017:4416034-11090355/cdrs.bed
    wildcards: chr=chr14, fname=T2T18_rc-chr14_haplotype1-0000017:4416034-11090355
    resources: mem_mb=8000, mem_mib=7630, disk_mb=1000, disk_mib=954, tmpdir=/tmp, mem=8GB
Shell command: 
        cenplot draw -t results/11-moddotplot/combined/plots/chr14/T2T18_rc-chr14_haplotype1-0000017:4416034-11090355.yaml -d results/11-moddotplot/combined/plots/chr14 -c T2T18_rc-chr14_haplotype1-0000017:4416034-11090355 -p 1 2> logs/11-moddotplot/plot_moddotplot_chr14_T2T18_rc-chr14_haplotype1-0000017:4416034-11090355.log
        
Select jobs to execute...
[Thu Jan  8 17:25:26 2026]
Finished jobid: 1001 (Rule: plot_cen_moddotplot)
148 of 325 steps (46%) done
Execute 1 jobs...

[Thu Jan  8 17:25:26 2026]
localrule modify_moddotplot_cenplot_tracks:
    input: results/11-moddotplot/combined/bed/chr15/T2T18_rc-chr15_haplotype2-0000042:11960975-17612962/cdrs.bed, results/11-moddotplot/combined/bed/chr15/T2T18_rc-chr15_haplotype2-0000042:11960975-17612962/sat_annot.bed, results/11-moddotplot/combined/bed/chr15/T2T18_rc-chr15_haplotype2-0000042:11960975-17612962/ident.bedpe, results/11-moddotplot/combined/bed/chr15/T2T18_rc-chr15_haplotype2-0000042:11960975-17612962/stv.bed, results/11-moddotplot/combined/bed/chr15/T2T18_rc-chr15_haplotype2-0000042:11960975-17612962/methyl.bed
    output: results/11-moddotplot/combined/plots/chr15/T2T18_rc-chr15_haplotype2-0000042:11960975-17612962.yaml
    log: logs/11-moddotplot/modify_moddotplot_cenplot_tracks_chr15_T2T18_rc-chr15_haplotype2-0000042:11960975-17612962.log
    jobid: 1017
    reason: Input files updated by another job: results/11-moddotplot/combined/bed/chr15/T2T18_rc-chr15_haplotype2-0000042:11960975-17612962/ident.bedpe, results/11-moddotplot/combined/bed/chr15/T2T18_rc-chr15_haplotype2-0000042:11960975-17612962/methyl.bed, results/11-moddotplot/combined/bed/chr15/T2T18_rc-chr15_haplotype2-0000042:11960975-17612962/sat_annot.bed, results/11-moddotplot/combined/bed/chr15/T2T18_rc-chr15_haplotype2-0000042:11960975-17612962/stv.bed, results/11-moddotplot/combined/bed/chr15/T2T18_rc-chr15_haplotype2-0000042:11960975-17612962/cdrs.bed
    wildcards: chr=chr15, fname=T2T18_rc-chr15_haplotype2-0000042:11960975-17612962
    resources: mem_mb=8000, mem_mib=7630, disk_mb=1000, disk_mib=954, tmpdir=/tmp, mem=8GB
Shell command: 
        python /home/ukt.ad.local/ahgrosc1/.cache/snakemake/snakemake/source-cache/runtime-cache/tmpvv5_ue2g/file/mnt/storage3b/projects/no_ngsd/ahthapp1_T2T_ONT/analysis_other/cenmap_single/T2T18/workflow/rules/../scripts/format_cenplot_yaml.py         -i '{"cdr": "results/11-moddotplot/combined/bed/chr15/T2T18_rc-chr15_haplotype2-0000042:11960975-17612962/cdrs.bed", "rm": "results/11-moddotplot/combined/bed/chr15/T2T18_rc-chr15_haplotype2-0000042:11960975-17612962/sat_annot.bed", "ident": "results/11-moddotplot/combined/bed/chr15/T2T18_rc-chr15_haplotype2-0000042:11960975-17612962/ident.bedpe", "stv": "results/11-moddotplot/combined/bed/chr15/T2T18_rc-chr15_haplotype2-0000042:11960975-17612962/stv.bed", "methyl": "results/11-moddotplot/combined/bed/chr15/T2T18_rc-chr15_haplotype2-0000042:11960975-17612962/methyl.bed"}'         -t /home/ukt.ad.local/ahgrosc1/.cache/snakemake/snakemake/source-cache/runtime-cache/tmpvv5_ue2g/file/mnt/storage3b/projects/no_ngsd/ahthapp1_T2T_ONT/analysis_other/cenmap_single/T2T18/workflow/rules/../scripts/cenplot_moddotplot.yaml         --options '{"hor": {"color_map_file": "/mnt/storage3b/projects/no_ngsd/ahthapp1_T2T_ONT/analysis_other/cenmap_single/T2T18/config/stv_annot_colors.tsv"}}' > results/11-moddotplot/combined/plots/chr15/T2T18_rc-chr15_haplotype2-0000042:11960975-17612962.yaml 2> logs/11-moddotplot/modify_moddotplot_cenplot_tracks_chr15_T2T18_rc-chr15_haplotype2-0000042:11960975-17612962.log
        
Select jobs to execute...
[Thu Jan  8 17:25:27 2026]
Finished jobid: 1017 (Rule: modify_moddotplot_cenplot_tracks)
149 of 325 steps (46%) done
Execute 1 jobs...

[Thu Jan  8 17:25:27 2026]
localrule plot_cen_moddotplot:
    input: results/11-moddotplot/combined/plots/chr15/T2T18_rc-chr15_haplotype2-0000042:11960975-17612962.yaml, results/11-moddotplot/combined/bed/chr15/T2T18_rc-chr15_haplotype2-0000042:11960975-17612962/sat_annot.bed, results/11-moddotplot/combined/bed/chr15/T2T18_rc-chr15_haplotype2-0000042:11960975-17612962/ident.bedpe, results/11-moddotplot/combined/bed/chr15/T2T18_rc-chr15_haplotype2-0000042:11960975-17612962/stv.bed, results/11-moddotplot/combined/bed/chr15/T2T18_rc-chr15_haplotype2-0000042:11960975-17612962/cdrs.bed, results/11-moddotplot/combined/bed/chr15/T2T18_rc-chr15_haplotype2-0000042:11960975-17612962/methyl.bed
    output: results/11-moddotplot/combined/plots/chr15/T2T18_rc-chr15_haplotype2-0000042:11960975-17612962.pdf, results/11-moddotplot/combined/plots/chr15/T2T18_rc-chr15_haplotype2-0000042:11960975-17612962.png
    log: logs/11-moddotplot/plot_moddotplot_chr15_T2T18_rc-chr15_haplotype2-0000042:11960975-17612962.log
    jobid: 1016
    reason: Input files updated by another job: results/11-moddotplot/combined/bed/chr15/T2T18_rc-chr15_haplotype2-0000042:11960975-17612962/ident.bedpe, results/11-moddotplot/combined/bed/chr15/T2T18_rc-chr15_haplotype2-0000042:11960975-17612962/methyl.bed, results/11-moddotplot/combined/plots/chr15/T2T18_rc-chr15_haplotype2-0000042:11960975-17612962.yaml, results/11-moddotplot/combined/bed/chr15/T2T18_rc-chr15_haplotype2-0000042:11960975-17612962/sat_annot.bed, results/11-moddotplot/combined/bed/chr15/T2T18_rc-chr15_haplotype2-0000042:11960975-17612962/stv.bed, results/11-moddotplot/combined/bed/chr15/T2T18_rc-chr15_haplotype2-0000042:11960975-17612962/cdrs.bed
    wildcards: chr=chr15, fname=T2T18_rc-chr15_haplotype2-0000042:11960975-17612962
    resources: mem_mb=8000, mem_mib=7630, disk_mb=1000, disk_mib=954, tmpdir=/tmp, mem=8GB
Shell command: 
        cenplot draw -t results/11-moddotplot/combined/plots/chr15/T2T18_rc-chr15_haplotype2-0000042:11960975-17612962.yaml -d results/11-moddotplot/combined/plots/chr15 -c T2T18_rc-chr15_haplotype2-0000042:11960975-17612962 -p 1 2> logs/11-moddotplot/plot_moddotplot_chr15_T2T18_rc-chr15_haplotype2-0000042:11960975-17612962.log
        
Select jobs to execute...
[Thu Jan  8 17:34:42 2026]
Finished jobid: 944 (Rule: plot_cen_moddotplot)
150 of 325 steps (46%) done
Execute 1 jobs...

[Thu Jan  8 17:34:42 2026]
localrule moddotplot_chr:
    input: results/11-moddotplot/original/chr8/T2T18_chr8_haplotype1-0000012:42565219-48165698/T2T18_chr8_haplotype1-0000012:42565219-48165698.bed, results/11-moddotplot/original/chr8/T2T18_chr8_haplotype2-0000051:42728651-48254358/T2T18_chr8_haplotype2-0000051:42728651-48254358.bed, results/11-moddotplot/combined/plots/chr8/T2T18_chr8_haplotype1-0000012:42565219-48165698.pdf, results/11-moddotplot/combined/plots/chr8/T2T18_chr8_haplotype2-0000051:42728651-48254358.pdf, results/11-moddotplot/combined/plots/chr8/T2T18_chr8_haplotype1-0000012:42565219-48165698.png, results/11-moddotplot/combined/plots/chr8/T2T18_chr8_haplotype2-0000051:42728651-48254358.png
    output: results/11-moddotplot/moddotplot_chr8.done
    jobid: 259
    reason: Input files updated by another job: results/11-moddotplot/combined/plots/chr8/T2T18_chr8_haplotype2-0000051:42728651-48254358.pdf, results/11-moddotplot/combined/plots/chr8/T2T18_chr8_haplotype1-0000012:42565219-48165698.pdf, results/11-moddotplot/combined/plots/chr8/T2T18_chr8_haplotype1-0000012:42565219-48165698.png, results/11-moddotplot/combined/plots/chr8/T2T18_chr8_haplotype2-0000051:42728651-48254358.png
    wildcards: chr=chr8
    resources: mem_mb=8000, mem_mib=7630, disk_mb=1000, disk_mib=954, tmpdir=/tmp, mem=8GB
Shell command: None
Touching output file results/11-moddotplot/moddotplot_chr8.done.
[Thu Jan  8 17:34:42 2026]
Finished jobid: 259 (Rule: moddotplot_chr)
151 of 325 steps (46%) done
Select jobs to execute...
Execute 1 jobs...

[Thu Jan  8 17:34:42 2026]
localrule filter_annotations_moddotplot:
    input: results/10-format_hor_stv/bed/chr10/stv_all.bed, results/8-format_repeatmasker_sat_annot/bed/all_cens.annotation.bed, results/8-cdr_finder/bed/all_cdrs.bed, results/8-cdr_finder/bed/all_binned_freq.bed, results/11-moddotplot/original/chr10/T2T18_chr10_haplotype2-0000052:38155424-43049367/T2T18_chr10_haplotype2-0000052:38155424-43049367.bed
    output: results/11-moddotplot/combined/bed/chr10/T2T18_chr10_haplotype2-0000052:38155424-43049367/sat_annot.bed, results/11-moddotplot/combined/bed/chr10/T2T18_chr10_haplotype2-0000052:38155424-43049367/ident.bedpe, results/11-moddotplot/combined/bed/chr10/T2T18_chr10_haplotype2-0000052:38155424-43049367/stv.bed, results/11-moddotplot/combined/bed/chr10/T2T18_chr10_haplotype2-0000052:38155424-43049367/cdrs.bed, results/11-moddotplot/combined/bed/chr10/T2T18_chr10_haplotype2-0000052:38155424-43049367/methyl.bed
    jobid: 970
    reason: Missing output files: results/11-moddotplot/combined/bed/chr10/T2T18_chr10_haplotype2-0000052:38155424-43049367/ident.bedpe; Input files updated by another job: results/8-cdr_finder/bed/all_cdrs.bed, results/8-cdr_finder/bed/all_binned_freq.bed
    wildcards: chr=chr10, fname=T2T18_chr10_haplotype2-0000052:38155424-43049367
    resources: mem_mb=8000, mem_mib=7630, disk_mb=1000, disk_mib=954, tmpdir=/tmp, mem=8GB
Shell command: 
        ( grep 'T2T18_chr10_haplotype2-0000052:38155424-43049367' results/8-format_repeatmasker_sat_annot/bed/all_cens.annotation.bed || true ) > results/11-moddotplot/combined/bed/chr10/T2T18_chr10_haplotype2-0000052:38155424-43049367/sat_annot.bed
        ( grep 'T2T18_chr10_haplotype2-0000052:38155424-43049367' results/10-format_hor_stv/bed/chr10/stv_all.bed || true ) > results/11-moddotplot/combined/bed/chr10/T2T18_chr10_haplotype2-0000052:38155424-43049367/stv.bed
        # Remove header.
        ln -s $(realpath results/11-moddotplot/original/chr10/T2T18_chr10_haplotype2-0000052:38155424-43049367/T2T18_chr10_haplotype2-0000052:38155424-43049367.bed) results/11-moddotplot/combined/bed/chr10/T2T18_chr10_haplotype2-0000052:38155424-43049367/ident.bedpe
        if [ "True" != "False" ]; then
            ( grep 'T2T18_chr10_haplotype2-0000052:38155424-43049367' results/8-cdr_finder/bed/all_cdrs.bed || true ) > results/11-moddotplot/combined/bed/chr10/T2T18_chr10_haplotype2-0000052:38155424-43049367/cdrs.bed
            ( grep 'T2T18_chr10_haplotype2-0000052:38155424-43049367' results/8-cdr_finder/bed/all_binned_freq.bed || true ) > results/11-moddotplot/combined/bed/chr10/T2T18_chr10_haplotype2-0000052:38155424-43049367/methyl.bed
        else
            touch results/11-moddotplot/combined/bed/chr10/T2T18_chr10_haplotype2-0000052:38155424-43049367/cdrs.bed
            touch results/11-moddotplot/combined/bed/chr10/T2T18_chr10_haplotype2-0000052:38155424-43049367/methyl.bed
        fi
        
[Thu Jan  8 17:34:42 2026]
Finished jobid: 970 (Rule: filter_annotations_moddotplot)
152 of 325 steps (47%) done
Select jobs to execute...
Execute 1 jobs...

[Thu Jan  8 17:34:42 2026]
localrule filter_annotations_moddotplot:
    input: results/10-format_hor_stv/bed/chr2/stv_all.bed, results/8-format_repeatmasker_sat_annot/bed/all_cens.annotation.bed, results/8-cdr_finder/bed/all_cdrs.bed, results/8-cdr_finder/bed/all_binned_freq.bed, results/11-moddotplot/original/chr2/T2T18_rc-chr2_haplotype1-0000021:91170748-95735618/T2T18_rc-chr2_haplotype1-0000021:91170748-95735618.bed
    output: results/11-moddotplot/combined/bed/chr2/T2T18_rc-chr2_haplotype1-0000021:91170748-95735618/sat_annot.bed, results/11-moddotplot/combined/bed/chr2/T2T18_rc-chr2_haplotype1-0000021:91170748-95735618/ident.bedpe, results/11-moddotplot/combined/bed/chr2/T2T18_rc-chr2_haplotype1-0000021:91170748-95735618/stv.bed, results/11-moddotplot/combined/bed/chr2/T2T18_rc-chr2_haplotype1-0000021:91170748-95735618/cdrs.bed, results/11-moddotplot/combined/bed/chr2/T2T18_rc-chr2_haplotype1-0000021:91170748-95735618/methyl.bed
    jobid: 889
    reason: Missing output files: results/11-moddotplot/combined/bed/chr2/T2T18_rc-chr2_haplotype1-0000021:91170748-95735618/ident.bedpe; Input files updated by another job: results/8-cdr_finder/bed/all_cdrs.bed, results/8-cdr_finder/bed/all_binned_freq.bed
    wildcards: chr=chr2, fname=T2T18_rc-chr2_haplotype1-0000021:91170748-95735618
    resources: mem_mb=8000, mem_mib=7630, disk_mb=1000, disk_mib=954, tmpdir=/tmp, mem=8GB
Shell command: 
        ( grep 'T2T18_rc-chr2_haplotype1-0000021:91170748-95735618' results/8-format_repeatmasker_sat_annot/bed/all_cens.annotation.bed || true ) > results/11-moddotplot/combined/bed/chr2/T2T18_rc-chr2_haplotype1-0000021:91170748-95735618/sat_annot.bed
        ( grep 'T2T18_rc-chr2_haplotype1-0000021:91170748-95735618' results/10-format_hor_stv/bed/chr2/stv_all.bed || true ) > results/11-moddotplot/combined/bed/chr2/T2T18_rc-chr2_haplotype1-0000021:91170748-95735618/stv.bed
        # Remove header.
        ln -s $(realpath results/11-moddotplot/original/chr2/T2T18_rc-chr2_haplotype1-0000021:91170748-95735618/T2T18_rc-chr2_haplotype1-0000021:91170748-95735618.bed) results/11-moddotplot/combined/bed/chr2/T2T18_rc-chr2_haplotype1-0000021:91170748-95735618/ident.bedpe
        if [ "True" != "False" ]; then
            ( grep 'T2T18_rc-chr2_haplotype1-0000021:91170748-95735618' results/8-cdr_finder/bed/all_cdrs.bed || true ) > results/11-moddotplot/combined/bed/chr2/T2T18_rc-chr2_haplotype1-0000021:91170748-95735618/cdrs.bed
            ( grep 'T2T18_rc-chr2_haplotype1-0000021:91170748-95735618' results/8-cdr_finder/bed/all_binned_freq.bed || true ) > results/11-moddotplot/combined/bed/chr2/T2T18_rc-chr2_haplotype1-0000021:91170748-95735618/methyl.bed
        else
            touch results/11-moddotplot/combined/bed/chr2/T2T18_rc-chr2_haplotype1-0000021:91170748-95735618/cdrs.bed
            touch results/11-moddotplot/combined/bed/chr2/T2T18_rc-chr2_haplotype1-0000021:91170748-95735618/methyl.bed
        fi
        
Select jobs to execute...
[Thu Jan  8 17:34:42 2026]
Finished jobid: 889 (Rule: filter_annotations_moddotplot)
153 of 325 steps (47%) done
Execute 1 jobs...

[Thu Jan  8 17:34:42 2026]
localrule modify_moddotplot_cenplot_tracks:
    input: results/11-moddotplot/combined/bed/chr9/T2T18_rc-chr9_haplotype1-0000011:59893523-64560365/cdrs.bed, results/11-moddotplot/combined/bed/chr9/T2T18_rc-chr9_haplotype1-0000011:59893523-64560365/sat_annot.bed, results/11-moddotplot/combined/bed/chr9/T2T18_rc-chr9_haplotype1-0000011:59893523-64560365/ident.bedpe, results/11-moddotplot/combined/bed/chr9/T2T18_rc-chr9_haplotype1-0000011:59893523-64560365/stv.bed, results/11-moddotplot/combined/bed/chr9/T2T18_rc-chr9_haplotype1-0000011:59893523-64560365/methyl.bed
    output: results/11-moddotplot/combined/plots/chr9/T2T18_rc-chr9_haplotype1-0000011:59893523-64560365.yaml
    log: logs/11-moddotplot/modify_moddotplot_cenplot_tracks_chr9_T2T18_rc-chr9_haplotype1-0000011:59893523-64560365.log
    jobid: 955
    reason: Input files updated by another job: results/11-moddotplot/combined/bed/chr9/T2T18_rc-chr9_haplotype1-0000011:59893523-64560365/ident.bedpe, results/11-moddotplot/combined/bed/chr9/T2T18_rc-chr9_haplotype1-0000011:59893523-64560365/cdrs.bed, results/11-moddotplot/combined/bed/chr9/T2T18_rc-chr9_haplotype1-0000011:59893523-64560365/methyl.bed, results/11-moddotplot/combined/bed/chr9/T2T18_rc-chr9_haplotype1-0000011:59893523-64560365/stv.bed, results/11-moddotplot/combined/bed/chr9/T2T18_rc-chr9_haplotype1-0000011:59893523-64560365/sat_annot.bed
    wildcards: chr=chr9, fname=T2T18_rc-chr9_haplotype1-0000011:59893523-64560365
    resources: mem_mb=8000, mem_mib=7630, disk_mb=1000, disk_mib=954, tmpdir=/tmp, mem=8GB
Shell command: 
        python /home/ukt.ad.local/ahgrosc1/.cache/snakemake/snakemake/source-cache/runtime-cache/tmpvv5_ue2g/file/mnt/storage3b/projects/no_ngsd/ahthapp1_T2T_ONT/analysis_other/cenmap_single/T2T18/workflow/rules/../scripts/format_cenplot_yaml.py         -i '{"cdr": "results/11-moddotplot/combined/bed/chr9/T2T18_rc-chr9_haplotype1-0000011:59893523-64560365/cdrs.bed", "rm": "results/11-moddotplot/combined/bed/chr9/T2T18_rc-chr9_haplotype1-0000011:59893523-64560365/sat_annot.bed", "ident": "results/11-moddotplot/combined/bed/chr9/T2T18_rc-chr9_haplotype1-0000011:59893523-64560365/ident.bedpe", "stv": "results/11-moddotplot/combined/bed/chr9/T2T18_rc-chr9_haplotype1-0000011:59893523-64560365/stv.bed", "methyl": "results/11-moddotplot/combined/bed/chr9/T2T18_rc-chr9_haplotype1-0000011:59893523-64560365/methyl.bed"}'         -t /home/ukt.ad.local/ahgrosc1/.cache/snakemake/snakemake/source-cache/runtime-cache/tmpvv5_ue2g/file/mnt/storage3b/projects/no_ngsd/ahthapp1_T2T_ONT/analysis_other/cenmap_single/T2T18/workflow/rules/../scripts/cenplot_moddotplot.yaml         --options '{"hor": {"color_map_file": "/mnt/storage3b/projects/no_ngsd/ahthapp1_T2T_ONT/analysis_other/cenmap_single/T2T18/config/stv_annot_colors.tsv"}}' > results/11-moddotplot/combined/plots/chr9/T2T18_rc-chr9_haplotype1-0000011:59893523-64560365.yaml 2> logs/11-moddotplot/modify_moddotplot_cenplot_tracks_chr9_T2T18_rc-chr9_haplotype1-0000011:59893523-64560365.log
        
Select jobs to execute...
[Thu Jan  8 17:34:42 2026]
Finished jobid: 955 (Rule: modify_moddotplot_cenplot_tracks)
154 of 325 steps (47%) done
Execute 1 jobs...

[Thu Jan  8 17:34:42 2026]
localrule plot_cen_moddotplot:
    input: results/11-moddotplot/combined/plots/chr9/T2T18_rc-chr9_haplotype1-0000011:59893523-64560365.yaml, results/11-moddotplot/combined/bed/chr9/T2T18_rc-chr9_haplotype1-0000011:59893523-64560365/sat_annot.bed, results/11-moddotplot/combined/bed/chr9/T2T18_rc-chr9_haplotype1-0000011:59893523-64560365/ident.bedpe, results/11-moddotplot/combined/bed/chr9/T2T18_rc-chr9_haplotype1-0000011:59893523-64560365/stv.bed, results/11-moddotplot/combined/bed/chr9/T2T18_rc-chr9_haplotype1-0000011:59893523-64560365/cdrs.bed, results/11-moddotplot/combined/bed/chr9/T2T18_rc-chr9_haplotype1-0000011:59893523-64560365/methyl.bed
    output: results/11-moddotplot/combined/plots/chr9/T2T18_rc-chr9_haplotype1-0000011:59893523-64560365.pdf, results/11-moddotplot/combined/plots/chr9/T2T18_rc-chr9_haplotype1-0000011:59893523-64560365.png
    log: logs/11-moddotplot/plot_moddotplot_chr9_T2T18_rc-chr9_haplotype1-0000011:59893523-64560365.log
    jobid: 954
    reason: Input files updated by another job: results/11-moddotplot/combined/bed/chr9/T2T18_rc-chr9_haplotype1-0000011:59893523-64560365/ident.bedpe, results/11-moddotplot/combined/bed/chr9/T2T18_rc-chr9_haplotype1-0000011:59893523-64560365/cdrs.bed, results/11-moddotplot/combined/bed/chr9/T2T18_rc-chr9_haplotype1-0000011:59893523-64560365/methyl.bed, results/11-moddotplot/combined/bed/chr9/T2T18_rc-chr9_haplotype1-0000011:59893523-64560365/stv.bed, results/11-moddotplot/combined/bed/chr9/T2T18_rc-chr9_haplotype1-0000011:59893523-64560365/sat_annot.bed, results/11-moddotplot/combined/plots/chr9/T2T18_rc-chr9_haplotype1-0000011:59893523-64560365.yaml
    wildcards: chr=chr9, fname=T2T18_rc-chr9_haplotype1-0000011:59893523-64560365
    resources: mem_mb=8000, mem_mib=7630, disk_mb=1000, disk_mib=954, tmpdir=/tmp, mem=8GB
Shell command: 
        cenplot draw -t results/11-moddotplot/combined/plots/chr9/T2T18_rc-chr9_haplotype1-0000011:59893523-64560365.yaml -d results/11-moddotplot/combined/plots/chr9 -c T2T18_rc-chr9_haplotype1-0000011:59893523-64560365 -p 1 2> logs/11-moddotplot/plot_moddotplot_chr9_T2T18_rc-chr9_haplotype1-0000011:59893523-64560365.log
        
Select jobs to execute...
[Thu Jan  8 18:13:38 2026]
Finished jobid: 1016 (Rule: plot_cen_moddotplot)
155 of 325 steps (48%) done
Execute 1 jobs...

[Thu Jan  8 18:13:38 2026]
localrule modify_moddotplot_cenplot_tracks:
    input: results/11-moddotplot/combined/bed/chr13/T2T18_chr13_haplotype2-0000049:324136-7404791/cdrs.bed, results/11-moddotplot/combined/bed/chr13/T2T18_chr13_haplotype2-0000049:324136-7404791/sat_annot.bed, results/11-moddotplot/combined/bed/chr13/T2T18_chr13_haplotype2-0000049:324136-7404791/ident.bedpe, results/11-moddotplot/combined/bed/chr13/T2T18_chr13_haplotype2-0000049:324136-7404791/stv.bed, results/11-moddotplot/combined/bed/chr13/T2T18_chr13_haplotype2-0000049:324136-7404791/methyl.bed
    output: results/11-moddotplot/combined/plots/chr13/T2T18_chr13_haplotype2-0000049:324136-7404791.yaml
    log: logs/11-moddotplot/modify_moddotplot_cenplot_tracks_chr13_T2T18_chr13_haplotype2-0000049:324136-7404791.log
    jobid: 993
    reason: Input files updated by another job: results/11-moddotplot/combined/bed/chr13/T2T18_chr13_haplotype2-0000049:324136-7404791/sat_annot.bed, results/11-moddotplot/combined/bed/chr13/T2T18_chr13_haplotype2-0000049:324136-7404791/stv.bed, results/11-moddotplot/combined/bed/chr13/T2T18_chr13_haplotype2-0000049:324136-7404791/cdrs.bed, results/11-moddotplot/combined/bed/chr13/T2T18_chr13_haplotype2-0000049:324136-7404791/methyl.bed, results/11-moddotplot/combined/bed/chr13/T2T18_chr13_haplotype2-0000049:324136-7404791/ident.bedpe
    wildcards: chr=chr13, fname=T2T18_chr13_haplotype2-0000049:324136-7404791
    resources: mem_mb=8000, mem_mib=7630, disk_mb=1000, disk_mib=954, tmpdir=/tmp, mem=8GB
Shell command: 
        python /home/ukt.ad.local/ahgrosc1/.cache/snakemake/snakemake/source-cache/runtime-cache/tmpvv5_ue2g/file/mnt/storage3b/projects/no_ngsd/ahthapp1_T2T_ONT/analysis_other/cenmap_single/T2T18/workflow/rules/../scripts/format_cenplot_yaml.py         -i '{"cdr": "results/11-moddotplot/combined/bed/chr13/T2T18_chr13_haplotype2-0000049:324136-7404791/cdrs.bed", "rm": "results/11-moddotplot/combined/bed/chr13/T2T18_chr13_haplotype2-0000049:324136-7404791/sat_annot.bed", "ident": "results/11-moddotplot/combined/bed/chr13/T2T18_chr13_haplotype2-0000049:324136-7404791/ident.bedpe", "stv": "results/11-moddotplot/combined/bed/chr13/T2T18_chr13_haplotype2-0000049:324136-7404791/stv.bed", "methyl": "results/11-moddotplot/combined/bed/chr13/T2T18_chr13_haplotype2-0000049:324136-7404791/methyl.bed"}'         -t /home/ukt.ad.local/ahgrosc1/.cache/snakemake/snakemake/source-cache/runtime-cache/tmpvv5_ue2g/file/mnt/storage3b/projects/no_ngsd/ahthapp1_T2T_ONT/analysis_other/cenmap_single/T2T18/workflow/rules/../scripts/cenplot_moddotplot.yaml         --options '{"hor": {"color_map_file": "/mnt/storage3b/projects/no_ngsd/ahthapp1_T2T_ONT/analysis_other/cenmap_single/T2T18/config/stv_annot_colors.tsv"}}' > results/11-moddotplot/combined/plots/chr13/T2T18_chr13_haplotype2-0000049:324136-7404791.yaml 2> logs/11-moddotplot/modify_moddotplot_cenplot_tracks_chr13_T2T18_chr13_haplotype2-0000049:324136-7404791.log
        
Select jobs to execute...
[Thu Jan  8 18:13:38 2026]
Finished jobid: 993 (Rule: modify_moddotplot_cenplot_tracks)
156 of 325 steps (48%) done
Execute 1 jobs...

[Thu Jan  8 18:13:38 2026]
localrule plot_cen_moddotplot:
    input: results/11-moddotplot/combined/plots/chr13/T2T18_chr13_haplotype2-0000049:324136-7404791.yaml, results/11-moddotplot/combined/bed/chr13/T2T18_chr13_haplotype2-0000049:324136-7404791/sat_annot.bed, results/11-moddotplot/combined/bed/chr13/T2T18_chr13_haplotype2-0000049:324136-7404791/ident.bedpe, results/11-moddotplot/combined/bed/chr13/T2T18_chr13_haplotype2-0000049:324136-7404791/stv.bed, results/11-moddotplot/combined/bed/chr13/T2T18_chr13_haplotype2-0000049:324136-7404791/cdrs.bed, results/11-moddotplot/combined/bed/chr13/T2T18_chr13_haplotype2-0000049:324136-7404791/methyl.bed
    output: results/11-moddotplot/combined/plots/chr13/T2T18_chr13_haplotype2-0000049:324136-7404791.pdf, results/11-moddotplot/combined/plots/chr13/T2T18_chr13_haplotype2-0000049:324136-7404791.png
    log: logs/11-moddotplot/plot_moddotplot_chr13_T2T18_chr13_haplotype2-0000049:324136-7404791.log
    jobid: 992
    reason: Input files updated by another job: results/11-moddotplot/combined/bed/chr13/T2T18_chr13_haplotype2-0000049:324136-7404791/sat_annot.bed, results/11-moddotplot/combined/bed/chr13/T2T18_chr13_haplotype2-0000049:324136-7404791/stv.bed, results/11-moddotplot/combined/bed/chr13/T2T18_chr13_haplotype2-0000049:324136-7404791/cdrs.bed, results/11-moddotplot/combined/bed/chr13/T2T18_chr13_haplotype2-0000049:324136-7404791/methyl.bed, results/11-moddotplot/combined/plots/chr13/T2T18_chr13_haplotype2-0000049:324136-7404791.yaml, results/11-moddotplot/combined/bed/chr13/T2T18_chr13_haplotype2-0000049:324136-7404791/ident.bedpe
    wildcards: chr=chr13, fname=T2T18_chr13_haplotype2-0000049:324136-7404791
    resources: mem_mb=8000, mem_mib=7630, disk_mb=1000, disk_mib=954, tmpdir=/tmp, mem=8GB
Shell command: 
        cenplot draw -t results/11-moddotplot/combined/plots/chr13/T2T18_chr13_haplotype2-0000049:324136-7404791.yaml -d results/11-moddotplot/combined/plots/chr13 -c T2T18_chr13_haplotype2-0000049:324136-7404791 -p 1 2> logs/11-moddotplot/plot_moddotplot_chr13_T2T18_chr13_haplotype2-0000049:324136-7404791.log
        
Select jobs to execute...
[Thu Jan  8 18:18:29 2026]
Finished jobid: 904 (Rule: plot_cen_moddotplot)
157 of 325 steps (48%) done
Execute 1 jobs...

[Thu Jan  8 18:18:29 2026]
localrule modify_moddotplot_cenplot_tracks:
    input: results/11-moddotplot/combined/bed/chr10/T2T18_chr10_haplotype1-0000013:38093743-43171063/cdrs.bed, results/11-moddotplot/combined/bed/chr10/T2T18_chr10_haplotype1-0000013:38093743-43171063/sat_annot.bed, results/11-moddotplot/combined/bed/chr10/T2T18_chr10_haplotype1-0000013:38093743-43171063/ident.bedpe, results/11-moddotplot/combined/bed/chr10/T2T18_chr10_haplotype1-0000013:38093743-43171063/stv.bed, results/11-moddotplot/combined/bed/chr10/T2T18_chr10_haplotype1-0000013:38093743-43171063/methyl.bed
    output: results/11-moddotplot/combined/plots/chr10/T2T18_chr10_haplotype1-0000013:38093743-43171063.yaml
    log: logs/11-moddotplot/modify_moddotplot_cenplot_tracks_chr10_T2T18_chr10_haplotype1-0000013:38093743-43171063.log
    jobid: 966
    reason: Input files updated by another job: results/11-moddotplot/combined/bed/chr10/T2T18_chr10_haplotype1-0000013:38093743-43171063/stv.bed, results/11-moddotplot/combined/bed/chr10/T2T18_chr10_haplotype1-0000013:38093743-43171063/sat_annot.bed, results/11-moddotplot/combined/bed/chr10/T2T18_chr10_haplotype1-0000013:38093743-43171063/ident.bedpe, results/11-moddotplot/combined/bed/chr10/T2T18_chr10_haplotype1-0000013:38093743-43171063/methyl.bed, results/11-moddotplot/combined/bed/chr10/T2T18_chr10_haplotype1-0000013:38093743-43171063/cdrs.bed
    wildcards: chr=chr10, fname=T2T18_chr10_haplotype1-0000013:38093743-43171063
    resources: mem_mb=8000, mem_mib=7630, disk_mb=1000, disk_mib=954, tmpdir=/tmp, mem=8GB
Shell command: 
        python /home/ukt.ad.local/ahgrosc1/.cache/snakemake/snakemake/source-cache/runtime-cache/tmpvv5_ue2g/file/mnt/storage3b/projects/no_ngsd/ahthapp1_T2T_ONT/analysis_other/cenmap_single/T2T18/workflow/rules/../scripts/format_cenplot_yaml.py         -i '{"cdr": "results/11-moddotplot/combined/bed/chr10/T2T18_chr10_haplotype1-0000013:38093743-43171063/cdrs.bed", "rm": "results/11-moddotplot/combined/bed/chr10/T2T18_chr10_haplotype1-0000013:38093743-43171063/sat_annot.bed", "ident": "results/11-moddotplot/combined/bed/chr10/T2T18_chr10_haplotype1-0000013:38093743-43171063/ident.bedpe", "stv": "results/11-moddotplot/combined/bed/chr10/T2T18_chr10_haplotype1-0000013:38093743-43171063/stv.bed", "methyl": "results/11-moddotplot/combined/bed/chr10/T2T18_chr10_haplotype1-0000013:38093743-43171063/methyl.bed"}'         -t /home/ukt.ad.local/ahgrosc1/.cache/snakemake/snakemake/source-cache/runtime-cache/tmpvv5_ue2g/file/mnt/storage3b/projects/no_ngsd/ahthapp1_T2T_ONT/analysis_other/cenmap_single/T2T18/workflow/rules/../scripts/cenplot_moddotplot.yaml         --options '{"hor": {"color_map_file": "/mnt/storage3b/projects/no_ngsd/ahthapp1_T2T_ONT/analysis_other/cenmap_single/T2T18/config/stv_annot_colors.tsv"}}' > results/11-moddotplot/combined/plots/chr10/T2T18_chr10_haplotype1-0000013:38093743-43171063.yaml 2> logs/11-moddotplot/modify_moddotplot_cenplot_tracks_chr10_T2T18_chr10_haplotype1-0000013:38093743-43171063.log
        
Select jobs to execute...
[Thu Jan  8 18:18:29 2026]
Finished jobid: 966 (Rule: modify_moddotplot_cenplot_tracks)
158 of 325 steps (49%) done
Execute 1 jobs...

[Thu Jan  8 18:18:29 2026]
localrule plot_cen_moddotplot:
    input: results/11-moddotplot/combined/plots/chr10/T2T18_chr10_haplotype1-0000013:38093743-43171063.yaml, results/11-moddotplot/combined/bed/chr10/T2T18_chr10_haplotype1-0000013:38093743-43171063/sat_annot.bed, results/11-moddotplot/combined/bed/chr10/T2T18_chr10_haplotype1-0000013:38093743-43171063/ident.bedpe, results/11-moddotplot/combined/bed/chr10/T2T18_chr10_haplotype1-0000013:38093743-43171063/stv.bed, results/11-moddotplot/combined/bed/chr10/T2T18_chr10_haplotype1-0000013:38093743-43171063/cdrs.bed, results/11-moddotplot/combined/bed/chr10/T2T18_chr10_haplotype1-0000013:38093743-43171063/methyl.bed
    output: results/11-moddotplot/combined/plots/chr10/T2T18_chr10_haplotype1-0000013:38093743-43171063.pdf, results/11-moddotplot/combined/plots/chr10/T2T18_chr10_haplotype1-0000013:38093743-43171063.png
    log: logs/11-moddotplot/plot_moddotplot_chr10_T2T18_chr10_haplotype1-0000013:38093743-43171063.log
    jobid: 965
    reason: Input files updated by another job: results/11-moddotplot/combined/bed/chr10/T2T18_chr10_haplotype1-0000013:38093743-43171063/stv.bed, results/11-moddotplot/combined/bed/chr10/T2T18_chr10_haplotype1-0000013:38093743-43171063/sat_annot.bed, results/11-moddotplot/combined/bed/chr10/T2T18_chr10_haplotype1-0000013:38093743-43171063/ident.bedpe, results/11-moddotplot/combined/bed/chr10/T2T18_chr10_haplotype1-0000013:38093743-43171063/methyl.bed, results/11-moddotplot/combined/plots/chr10/T2T18_chr10_haplotype1-0000013:38093743-43171063.yaml, results/11-moddotplot/combined/bed/chr10/T2T18_chr10_haplotype1-0000013:38093743-43171063/cdrs.bed
    wildcards: chr=chr10, fname=T2T18_chr10_haplotype1-0000013:38093743-43171063
    resources: mem_mb=8000, mem_mib=7630, disk_mb=1000, disk_mib=954, tmpdir=/tmp, mem=8GB
Shell command: 
        cenplot draw -t results/11-moddotplot/combined/plots/chr10/T2T18_chr10_haplotype1-0000013:38093743-43171063.yaml -d results/11-moddotplot/combined/plots/chr10 -c T2T18_chr10_haplotype1-0000013:38093743-43171063 -p 1 2> logs/11-moddotplot/plot_moddotplot_chr10_T2T18_chr10_haplotype1-0000013:38093743-43171063.log
        
Select jobs to execute...
[Thu Jan  8 18:32:18 2026]
Finished jobid: 1029 (Rule: plot_cen_moddotplot)
159 of 325 steps (49%) done
Execute 1 jobs...

[Thu Jan  8 18:32:18 2026]
localrule moddotplot_chr:
    input: results/11-moddotplot/original/chr17/T2T18_rc-chr17_haplotype1-0000007:21854791-28485752/T2T18_rc-chr17_haplotype1-0000007:21854791-28485752.bed, results/11-moddotplot/original/chr17/T2T18_rc-chr17_haplotype2-0000046:21844682-27381736/T2T18_rc-chr17_haplotype2-0000046:21844682-27381736.bed, results/11-moddotplot/combined/plots/chr17/T2T18_rc-chr17_haplotype1-0000007:21854791-28485752.pdf, results/11-moddotplot/combined/plots/chr17/T2T18_rc-chr17_haplotype2-0000046:21844682-27381736.pdf, results/11-moddotplot/combined/plots/chr17/T2T18_rc-chr17_haplotype1-0000007:21854791-28485752.png, results/11-moddotplot/combined/plots/chr17/T2T18_rc-chr17_haplotype2-0000046:21844682-27381736.png
    output: results/11-moddotplot/moddotplot_chr17.done
    jobid: 268
    reason: Input files updated by another job: results/11-moddotplot/combined/plots/chr17/T2T18_rc-chr17_haplotype1-0000007:21854791-28485752.png, results/11-moddotplot/combined/plots/chr17/T2T18_rc-chr17_haplotype1-0000007:21854791-28485752.pdf, results/11-moddotplot/combined/plots/chr17/T2T18_rc-chr17_haplotype2-0000046:21844682-27381736.png, results/11-moddotplot/combined/plots/chr17/T2T18_rc-chr17_haplotype2-0000046:21844682-27381736.pdf
    wildcards: chr=chr17
    resources: mem_mb=8000, mem_mib=7630, disk_mb=1000, disk_mib=954, tmpdir=/tmp, mem=8GB
Shell command: None
Touching output file results/11-moddotplot/moddotplot_chr17.done.
[Thu Jan  8 18:32:18 2026]
Finished jobid: 268 (Rule: moddotplot_chr)
160 of 325 steps (49%) done
Select jobs to execute...
Execute 1 jobs...

[Thu Jan  8 18:32:18 2026]
localrule filter_annotations_moddotplot:
    input: results/10-format_hor_stv/bed/chr2/stv_all.bed, results/8-format_repeatmasker_sat_annot/bed/all_cens.annotation.bed, results/8-cdr_finder/bed/all_cdrs.bed, results/8-cdr_finder/bed/all_binned_freq.bed, results/11-moddotplot/original/chr2/T2T18_rc-chr2_haplotype2-0000058:91442843-95823885/T2T18_rc-chr2_haplotype2-0000058:91442843-95823885.bed
    output: results/11-moddotplot/combined/bed/chr2/T2T18_rc-chr2_haplotype2-0000058:91442843-95823885/sat_annot.bed, results/11-moddotplot/combined/bed/chr2/T2T18_rc-chr2_haplotype2-0000058:91442843-95823885/ident.bedpe, results/11-moddotplot/combined/bed/chr2/T2T18_rc-chr2_haplotype2-0000058:91442843-95823885/stv.bed, results/11-moddotplot/combined/bed/chr2/T2T18_rc-chr2_haplotype2-0000058:91442843-95823885/cdrs.bed, results/11-moddotplot/combined/bed/chr2/T2T18_rc-chr2_haplotype2-0000058:91442843-95823885/methyl.bed
    jobid: 895
    reason: Missing output files: results/11-moddotplot/combined/bed/chr2/T2T18_rc-chr2_haplotype2-0000058:91442843-95823885/ident.bedpe; Input files updated by another job: results/8-cdr_finder/bed/all_cdrs.bed, results/8-cdr_finder/bed/all_binned_freq.bed
    wildcards: chr=chr2, fname=T2T18_rc-chr2_haplotype2-0000058:91442843-95823885
    resources: mem_mb=8000, mem_mib=7630, disk_mb=1000, disk_mib=954, tmpdir=/tmp, mem=8GB
Shell command: 
        ( grep 'T2T18_rc-chr2_haplotype2-0000058:91442843-95823885' results/8-format_repeatmasker_sat_annot/bed/all_cens.annotation.bed || true ) > results/11-moddotplot/combined/bed/chr2/T2T18_rc-chr2_haplotype2-0000058:91442843-95823885/sat_annot.bed
        ( grep 'T2T18_rc-chr2_haplotype2-0000058:91442843-95823885' results/10-format_hor_stv/bed/chr2/stv_all.bed || true ) > results/11-moddotplot/combined/bed/chr2/T2T18_rc-chr2_haplotype2-0000058:91442843-95823885/stv.bed
        # Remove header.
        ln -s $(realpath results/11-moddotplot/original/chr2/T2T18_rc-chr2_haplotype2-0000058:91442843-95823885/T2T18_rc-chr2_haplotype2-0000058:91442843-95823885.bed) results/11-moddotplot/combined/bed/chr2/T2T18_rc-chr2_haplotype2-0000058:91442843-95823885/ident.bedpe
        if [ "True" != "False" ]; then
            ( grep 'T2T18_rc-chr2_haplotype2-0000058:91442843-95823885' results/8-cdr_finder/bed/all_cdrs.bed || true ) > results/11-moddotplot/combined/bed/chr2/T2T18_rc-chr2_haplotype2-0000058:91442843-95823885/cdrs.bed
            ( grep 'T2T18_rc-chr2_haplotype2-0000058:91442843-95823885' results/8-cdr_finder/bed/all_binned_freq.bed || true ) > results/11-moddotplot/combined/bed/chr2/T2T18_rc-chr2_haplotype2-0000058:91442843-95823885/methyl.bed
        else
            touch results/11-moddotplot/combined/bed/chr2/T2T18_rc-chr2_haplotype2-0000058:91442843-95823885/cdrs.bed
            touch results/11-moddotplot/combined/bed/chr2/T2T18_rc-chr2_haplotype2-0000058:91442843-95823885/methyl.bed
        fi
        
Select jobs to execute...
[Thu Jan  8 18:32:18 2026]
Finished jobid: 895 (Rule: filter_annotations_moddotplot)
161 of 325 steps (50%) done
Execute 1 jobs...

[Thu Jan  8 18:32:18 2026]
localrule modify_moddotplot_cenplot_tracks:
    input: results/11-moddotplot/combined/bed/chr10/T2T18_chr10_haplotype2-0000052:38155424-43049367/cdrs.bed, results/11-moddotplot/combined/bed/chr10/T2T18_chr10_haplotype2-0000052:38155424-43049367/sat_annot.bed, results/11-moddotplot/combined/bed/chr10/T2T18_chr10_haplotype2-0000052:38155424-43049367/ident.bedpe, results/11-moddotplot/combined/bed/chr10/T2T18_chr10_haplotype2-0000052:38155424-43049367/stv.bed, results/11-moddotplot/combined/bed/chr10/T2T18_chr10_haplotype2-0000052:38155424-43049367/methyl.bed
    output: results/11-moddotplot/combined/plots/chr10/T2T18_chr10_haplotype2-0000052:38155424-43049367.yaml
    log: logs/11-moddotplot/modify_moddotplot_cenplot_tracks_chr10_T2T18_chr10_haplotype2-0000052:38155424-43049367.log
    jobid: 969
    reason: Input files updated by another job: results/11-moddotplot/combined/bed/chr10/T2T18_chr10_haplotype2-0000052:38155424-43049367/ident.bedpe, results/11-moddotplot/combined/bed/chr10/T2T18_chr10_haplotype2-0000052:38155424-43049367/stv.bed, results/11-moddotplot/combined/bed/chr10/T2T18_chr10_haplotype2-0000052:38155424-43049367/sat_annot.bed, results/11-moddotplot/combined/bed/chr10/T2T18_chr10_haplotype2-0000052:38155424-43049367/cdrs.bed, results/11-moddotplot/combined/bed/chr10/T2T18_chr10_haplotype2-0000052:38155424-43049367/methyl.bed
    wildcards: chr=chr10, fname=T2T18_chr10_haplotype2-0000052:38155424-43049367
    resources: mem_mb=8000, mem_mib=7630, disk_mb=1000, disk_mib=954, tmpdir=/tmp, mem=8GB
Shell command: 
        python /home/ukt.ad.local/ahgrosc1/.cache/snakemake/snakemake/source-cache/runtime-cache/tmpvv5_ue2g/file/mnt/storage3b/projects/no_ngsd/ahthapp1_T2T_ONT/analysis_other/cenmap_single/T2T18/workflow/rules/../scripts/format_cenplot_yaml.py         -i '{"cdr": "results/11-moddotplot/combined/bed/chr10/T2T18_chr10_haplotype2-0000052:38155424-43049367/cdrs.bed", "rm": "results/11-moddotplot/combined/bed/chr10/T2T18_chr10_haplotype2-0000052:38155424-43049367/sat_annot.bed", "ident": "results/11-moddotplot/combined/bed/chr10/T2T18_chr10_haplotype2-0000052:38155424-43049367/ident.bedpe", "stv": "results/11-moddotplot/combined/bed/chr10/T2T18_chr10_haplotype2-0000052:38155424-43049367/stv.bed", "methyl": "results/11-moddotplot/combined/bed/chr10/T2T18_chr10_haplotype2-0000052:38155424-43049367/methyl.bed"}'         -t /home/ukt.ad.local/ahgrosc1/.cache/snakemake/snakemake/source-cache/runtime-cache/tmpvv5_ue2g/file/mnt/storage3b/projects/no_ngsd/ahthapp1_T2T_ONT/analysis_other/cenmap_single/T2T18/workflow/rules/../scripts/cenplot_moddotplot.yaml         --options '{"hor": {"color_map_file": "/mnt/storage3b/projects/no_ngsd/ahthapp1_T2T_ONT/analysis_other/cenmap_single/T2T18/config/stv_annot_colors.tsv"}}' > results/11-moddotplot/combined/plots/chr10/T2T18_chr10_haplotype2-0000052:38155424-43049367.yaml 2> logs/11-moddotplot/modify_moddotplot_cenplot_tracks_chr10_T2T18_chr10_haplotype2-0000052:38155424-43049367.log
        
Select jobs to execute...
[Thu Jan  8 18:32:18 2026]
Finished jobid: 969 (Rule: modify_moddotplot_cenplot_tracks)
162 of 325 steps (50%) done
Execute 1 jobs...

[Thu Jan  8 18:32:18 2026]
localrule plot_cen_moddotplot:
    input: results/11-moddotplot/combined/plots/chr10/T2T18_chr10_haplotype2-0000052:38155424-43049367.yaml, results/11-moddotplot/combined/bed/chr10/T2T18_chr10_haplotype2-0000052:38155424-43049367/sat_annot.bed, results/11-moddotplot/combined/bed/chr10/T2T18_chr10_haplotype2-0000052:38155424-43049367/ident.bedpe, results/11-moddotplot/combined/bed/chr10/T2T18_chr10_haplotype2-0000052:38155424-43049367/stv.bed, results/11-moddotplot/combined/bed/chr10/T2T18_chr10_haplotype2-0000052:38155424-43049367/cdrs.bed, results/11-moddotplot/combined/bed/chr10/T2T18_chr10_haplotype2-0000052:38155424-43049367/methyl.bed
    output: results/11-moddotplot/combined/plots/chr10/T2T18_chr10_haplotype2-0000052:38155424-43049367.pdf, results/11-moddotplot/combined/plots/chr10/T2T18_chr10_haplotype2-0000052:38155424-43049367.png
    log: logs/11-moddotplot/plot_moddotplot_chr10_T2T18_chr10_haplotype2-0000052:38155424-43049367.log
    jobid: 968
    reason: Input files updated by another job: results/11-moddotplot/combined/bed/chr10/T2T18_chr10_haplotype2-0000052:38155424-43049367/ident.bedpe, results/11-moddotplot/combined/plots/chr10/T2T18_chr10_haplotype2-0000052:38155424-43049367.yaml, results/11-moddotplot/combined/bed/chr10/T2T18_chr10_haplotype2-0000052:38155424-43049367/stv.bed, results/11-moddotplot/combined/bed/chr10/T2T18_chr10_haplotype2-0000052:38155424-43049367/cdrs.bed, results/11-moddotplot/combined/bed/chr10/T2T18_chr10_haplotype2-0000052:38155424-43049367/sat_annot.bed, results/11-moddotplot/combined/bed/chr10/T2T18_chr10_haplotype2-0000052:38155424-43049367/methyl.bed
    wildcards: chr=chr10, fname=T2T18_chr10_haplotype2-0000052:38155424-43049367
    resources: mem_mb=8000, mem_mib=7630, disk_mb=1000, disk_mib=954, tmpdir=/tmp, mem=8GB
Shell command: 
        cenplot draw -t results/11-moddotplot/combined/plots/chr10/T2T18_chr10_haplotype2-0000052:38155424-43049367.yaml -d results/11-moddotplot/combined/plots/chr10 -c T2T18_chr10_haplotype2-0000052:38155424-43049367 -p 1 2> logs/11-moddotplot/plot_moddotplot_chr10_T2T18_chr10_haplotype2-0000052:38155424-43049367.log
        
Select jobs to execute...
[Thu Jan  8 18:33:45 2026]
Finished jobid: 1065 (Rule: plot_cen_moddotplot)
163 of 325 steps (50%) done
Execute 1 jobs...

[Thu Jan  8 18:33:45 2026]
localrule modify_moddotplot_cenplot_tracks:
    input: results/11-moddotplot/combined/bed/chr2/T2T18_rc-chr2_haplotype1-0000021:91170748-95735618/cdrs.bed, results/11-moddotplot/combined/bed/chr2/T2T18_rc-chr2_haplotype1-0000021:91170748-95735618/sat_annot.bed, results/11-moddotplot/combined/bed/chr2/T2T18_rc-chr2_haplotype1-0000021:91170748-95735618/ident.bedpe, results/11-moddotplot/combined/bed/chr2/T2T18_rc-chr2_haplotype1-0000021:91170748-95735618/stv.bed, results/11-moddotplot/combined/bed/chr2/T2T18_rc-chr2_haplotype1-0000021:91170748-95735618/methyl.bed
    output: results/11-moddotplot/combined/plots/chr2/T2T18_rc-chr2_haplotype1-0000021:91170748-95735618.yaml
    log: logs/11-moddotplot/modify_moddotplot_cenplot_tracks_chr2_T2T18_rc-chr2_haplotype1-0000021:91170748-95735618.log
    jobid: 888
    reason: Input files updated by another job: results/11-moddotplot/combined/bed/chr2/T2T18_rc-chr2_haplotype1-0000021:91170748-95735618/stv.bed, results/11-moddotplot/combined/bed/chr2/T2T18_rc-chr2_haplotype1-0000021:91170748-95735618/cdrs.bed, results/11-moddotplot/combined/bed/chr2/T2T18_rc-chr2_haplotype1-0000021:91170748-95735618/sat_annot.bed, results/11-moddotplot/combined/bed/chr2/T2T18_rc-chr2_haplotype1-0000021:91170748-95735618/methyl.bed, results/11-moddotplot/combined/bed/chr2/T2T18_rc-chr2_haplotype1-0000021:91170748-95735618/ident.bedpe
    wildcards: chr=chr2, fname=T2T18_rc-chr2_haplotype1-0000021:91170748-95735618
    resources: mem_mb=8000, mem_mib=7630, disk_mb=1000, disk_mib=954, tmpdir=/tmp, mem=8GB
Shell command: 
        python /home/ukt.ad.local/ahgrosc1/.cache/snakemake/snakemake/source-cache/runtime-cache/tmpvv5_ue2g/file/mnt/storage3b/projects/no_ngsd/ahthapp1_T2T_ONT/analysis_other/cenmap_single/T2T18/workflow/rules/../scripts/format_cenplot_yaml.py         -i '{"cdr": "results/11-moddotplot/combined/bed/chr2/T2T18_rc-chr2_haplotype1-0000021:91170748-95735618/cdrs.bed", "rm": "results/11-moddotplot/combined/bed/chr2/T2T18_rc-chr2_haplotype1-0000021:91170748-95735618/sat_annot.bed", "ident": "results/11-moddotplot/combined/bed/chr2/T2T18_rc-chr2_haplotype1-0000021:91170748-95735618/ident.bedpe", "stv": "results/11-moddotplot/combined/bed/chr2/T2T18_rc-chr2_haplotype1-0000021:91170748-95735618/stv.bed", "methyl": "results/11-moddotplot/combined/bed/chr2/T2T18_rc-chr2_haplotype1-0000021:91170748-95735618/methyl.bed"}'         -t /home/ukt.ad.local/ahgrosc1/.cache/snakemake/snakemake/source-cache/runtime-cache/tmpvv5_ue2g/file/mnt/storage3b/projects/no_ngsd/ahthapp1_T2T_ONT/analysis_other/cenmap_single/T2T18/workflow/rules/../scripts/cenplot_moddotplot.yaml         --options '{"hor": {"color_map_file": "/mnt/storage3b/projects/no_ngsd/ahthapp1_T2T_ONT/analysis_other/cenmap_single/T2T18/config/stv_annot_colors.tsv"}}' > results/11-moddotplot/combined/plots/chr2/T2T18_rc-chr2_haplotype1-0000021:91170748-95735618.yaml 2> logs/11-moddotplot/modify_moddotplot_cenplot_tracks_chr2_T2T18_rc-chr2_haplotype1-0000021:91170748-95735618.log
        
Select jobs to execute...
[Thu Jan  8 18:33:46 2026]
Finished jobid: 888 (Rule: modify_moddotplot_cenplot_tracks)
164 of 325 steps (50%) done
Execute 1 jobs...

[Thu Jan  8 18:33:46 2026]
localrule plot_cen_moddotplot:
    input: results/11-moddotplot/combined/plots/chr2/T2T18_rc-chr2_haplotype1-0000021:91170748-95735618.yaml, results/11-moddotplot/combined/bed/chr2/T2T18_rc-chr2_haplotype1-0000021:91170748-95735618/sat_annot.bed, results/11-moddotplot/combined/bed/chr2/T2T18_rc-chr2_haplotype1-0000021:91170748-95735618/ident.bedpe, results/11-moddotplot/combined/bed/chr2/T2T18_rc-chr2_haplotype1-0000021:91170748-95735618/stv.bed, results/11-moddotplot/combined/bed/chr2/T2T18_rc-chr2_haplotype1-0000021:91170748-95735618/cdrs.bed, results/11-moddotplot/combined/bed/chr2/T2T18_rc-chr2_haplotype1-0000021:91170748-95735618/methyl.bed
    output: results/11-moddotplot/combined/plots/chr2/T2T18_rc-chr2_haplotype1-0000021:91170748-95735618.pdf, results/11-moddotplot/combined/plots/chr2/T2T18_rc-chr2_haplotype1-0000021:91170748-95735618.png
    log: logs/11-moddotplot/plot_moddotplot_chr2_T2T18_rc-chr2_haplotype1-0000021:91170748-95735618.log
    jobid: 887
    reason: Input files updated by another job: results/11-moddotplot/combined/bed/chr2/T2T18_rc-chr2_haplotype1-0000021:91170748-95735618/stv.bed, results/11-moddotplot/combined/bed/chr2/T2T18_rc-chr2_haplotype1-0000021:91170748-95735618/sat_annot.bed, results/11-moddotplot/combined/bed/chr2/T2T18_rc-chr2_haplotype1-0000021:91170748-95735618/cdrs.bed, results/11-moddotplot/combined/bed/chr2/T2T18_rc-chr2_haplotype1-0000021:91170748-95735618/methyl.bed, results/11-moddotplot/combined/plots/chr2/T2T18_rc-chr2_haplotype1-0000021:91170748-95735618.yaml, results/11-moddotplot/combined/bed/chr2/T2T18_rc-chr2_haplotype1-0000021:91170748-95735618/ident.bedpe
    wildcards: chr=chr2, fname=T2T18_rc-chr2_haplotype1-0000021:91170748-95735618
    resources: mem_mb=8000, mem_mib=7630, disk_mb=1000, disk_mib=954, tmpdir=/tmp, mem=8GB
Shell command: 
        cenplot draw -t results/11-moddotplot/combined/plots/chr2/T2T18_rc-chr2_haplotype1-0000021:91170748-95735618.yaml -d results/11-moddotplot/combined/plots/chr2 -c T2T18_rc-chr2_haplotype1-0000021:91170748-95735618 -p 1 2> logs/11-moddotplot/plot_moddotplot_chr2_T2T18_rc-chr2_haplotype1-0000021:91170748-95735618.log
        
Select jobs to execute...
[Thu Jan  8 18:39:37 2026]
Finished jobid: 954 (Rule: plot_cen_moddotplot)
165 of 325 steps (51%) done
Execute 1 jobs...

[Thu Jan  8 18:39:37 2026]
localrule filter_annotations_moddotplot:
    input: results/10-format_hor_stv/bed/chr13/stv_all.bed, results/8-format_repeatmasker_sat_annot/bed/all_cens.annotation.bed, results/8-cdr_finder/bed/all_cdrs.bed, results/8-cdr_finder/bed/all_binned_freq.bed, results/11-moddotplot/original/chr13/T2T18_chr13_haplotype1-0000010:2-5004742/T2T18_chr13_haplotype1-0000010:2-5004742.bed
    output: results/11-moddotplot/combined/bed/chr13/T2T18_chr13_haplotype1-0000010:2-5004742/sat_annot.bed, results/11-moddotplot/combined/bed/chr13/T2T18_chr13_haplotype1-0000010:2-5004742/ident.bedpe, results/11-moddotplot/combined/bed/chr13/T2T18_chr13_haplotype1-0000010:2-5004742/stv.bed, results/11-moddotplot/combined/bed/chr13/T2T18_chr13_haplotype1-0000010:2-5004742/cdrs.bed, results/11-moddotplot/combined/bed/chr13/T2T18_chr13_haplotype1-0000010:2-5004742/methyl.bed
    jobid: 991
    reason: Missing output files: results/11-moddotplot/combined/bed/chr13/T2T18_chr13_haplotype1-0000010:2-5004742/ident.bedpe; Input files updated by another job: results/8-cdr_finder/bed/all_cdrs.bed, results/8-cdr_finder/bed/all_binned_freq.bed
    wildcards: chr=chr13, fname=T2T18_chr13_haplotype1-0000010:2-5004742
    resources: mem_mb=8000, mem_mib=7630, disk_mb=1000, disk_mib=954, tmpdir=/tmp, mem=8GB
Shell command: 
        ( grep 'T2T18_chr13_haplotype1-0000010:2-5004742' results/8-format_repeatmasker_sat_annot/bed/all_cens.annotation.bed || true ) > results/11-moddotplot/combined/bed/chr13/T2T18_chr13_haplotype1-0000010:2-5004742/sat_annot.bed
        ( grep 'T2T18_chr13_haplotype1-0000010:2-5004742' results/10-format_hor_stv/bed/chr13/stv_all.bed || true ) > results/11-moddotplot/combined/bed/chr13/T2T18_chr13_haplotype1-0000010:2-5004742/stv.bed
        # Remove header.
        ln -s $(realpath results/11-moddotplot/original/chr13/T2T18_chr13_haplotype1-0000010:2-5004742/T2T18_chr13_haplotype1-0000010:2-5004742.bed) results/11-moddotplot/combined/bed/chr13/T2T18_chr13_haplotype1-0000010:2-5004742/ident.bedpe
        if [ "True" != "False" ]; then
            ( grep 'T2T18_chr13_haplotype1-0000010:2-5004742' results/8-cdr_finder/bed/all_cdrs.bed || true ) > results/11-moddotplot/combined/bed/chr13/T2T18_chr13_haplotype1-0000010:2-5004742/cdrs.bed
            ( grep 'T2T18_chr13_haplotype1-0000010:2-5004742' results/8-cdr_finder/bed/all_binned_freq.bed || true ) > results/11-moddotplot/combined/bed/chr13/T2T18_chr13_haplotype1-0000010:2-5004742/methyl.bed
        else
            touch results/11-moddotplot/combined/bed/chr13/T2T18_chr13_haplotype1-0000010:2-5004742/cdrs.bed
            touch results/11-moddotplot/combined/bed/chr13/T2T18_chr13_haplotype1-0000010:2-5004742/methyl.bed
        fi
        
Select jobs to execute...
[Thu Jan  8 18:39:37 2026]
Finished jobid: 991 (Rule: filter_annotations_moddotplot)
166 of 325 steps (51%) done
Execute 1 jobs...

[Thu Jan  8 18:39:37 2026]
localrule filter_annotations_moddotplot:
    input: results/10-format_hor_stv/bed/chr9/stv_all.bed, results/8-format_repeatmasker_sat_annot/bed/all_cens.annotation.bed, results/8-cdr_finder/bed/all_cdrs.bed, results/8-cdr_finder/bed/all_binned_freq.bed, results/11-moddotplot/original/chr9/T2T18_rc-chr9_haplotype2-0000050:62908296-66322214/T2T18_rc-chr9_haplotype2-0000050:62908296-66322214.bed
    output: results/11-moddotplot/combined/bed/chr9/T2T18_rc-chr9_haplotype2-0000050:62908296-66322214/sat_annot.bed, results/11-moddotplot/combined/bed/chr9/T2T18_rc-chr9_haplotype2-0000050:62908296-66322214/ident.bedpe, results/11-moddotplot/combined/bed/chr9/T2T18_rc-chr9_haplotype2-0000050:62908296-66322214/stv.bed, results/11-moddotplot/combined/bed/chr9/T2T18_rc-chr9_haplotype2-0000050:62908296-66322214/cdrs.bed, results/11-moddotplot/combined/bed/chr9/T2T18_rc-chr9_haplotype2-0000050:62908296-66322214/methyl.bed
    jobid: 962
    reason: Missing output files: results/11-moddotplot/combined/bed/chr9/T2T18_rc-chr9_haplotype2-0000050:62908296-66322214/ident.bedpe; Input files updated by another job: results/8-cdr_finder/bed/all_cdrs.bed, results/8-cdr_finder/bed/all_binned_freq.bed
    wildcards: chr=chr9, fname=T2T18_rc-chr9_haplotype2-0000050:62908296-66322214
    resources: mem_mb=8000, mem_mib=7630, disk_mb=1000, disk_mib=954, tmpdir=/tmp, mem=8GB
Shell command: 
        ( grep 'T2T18_rc-chr9_haplotype2-0000050:62908296-66322214' results/8-format_repeatmasker_sat_annot/bed/all_cens.annotation.bed || true ) > results/11-moddotplot/combined/bed/chr9/T2T18_rc-chr9_haplotype2-0000050:62908296-66322214/sat_annot.bed
        ( grep 'T2T18_rc-chr9_haplotype2-0000050:62908296-66322214' results/10-format_hor_stv/bed/chr9/stv_all.bed || true ) > results/11-moddotplot/combined/bed/chr9/T2T18_rc-chr9_haplotype2-0000050:62908296-66322214/stv.bed
        # Remove header.
        ln -s $(realpath results/11-moddotplot/original/chr9/T2T18_rc-chr9_haplotype2-0000050:62908296-66322214/T2T18_rc-chr9_haplotype2-0000050:62908296-66322214.bed) results/11-moddotplot/combined/bed/chr9/T2T18_rc-chr9_haplotype2-0000050:62908296-66322214/ident.bedpe
        if [ "True" != "False" ]; then
            ( grep 'T2T18_rc-chr9_haplotype2-0000050:62908296-66322214' results/8-cdr_finder/bed/all_cdrs.bed || true ) > results/11-moddotplot/combined/bed/chr9/T2T18_rc-chr9_haplotype2-0000050:62908296-66322214/cdrs.bed
            ( grep 'T2T18_rc-chr9_haplotype2-0000050:62908296-66322214' results/8-cdr_finder/bed/all_binned_freq.bed || true ) > results/11-moddotplot/combined/bed/chr9/T2T18_rc-chr9_haplotype2-0000050:62908296-66322214/methyl.bed
        else
            touch results/11-moddotplot/combined/bed/chr9/T2T18_rc-chr9_haplotype2-0000050:62908296-66322214/cdrs.bed
            touch results/11-moddotplot/combined/bed/chr9/T2T18_rc-chr9_haplotype2-0000050:62908296-66322214/methyl.bed
        fi
        
Select jobs to execute...
[Thu Jan  8 18:39:37 2026]
Finished jobid: 962 (Rule: filter_annotations_moddotplot)
167 of 325 steps (51%) done
Execute 1 jobs...

[Thu Jan  8 18:39:37 2026]
localrule modify_moddotplot_cenplot_tracks:
    input: results/11-moddotplot/combined/bed/chr2/T2T18_rc-chr2_haplotype2-0000058:91442843-95823885/cdrs.bed, results/11-moddotplot/combined/bed/chr2/T2T18_rc-chr2_haplotype2-0000058:91442843-95823885/sat_annot.bed, results/11-moddotplot/combined/bed/chr2/T2T18_rc-chr2_haplotype2-0000058:91442843-95823885/ident.bedpe, results/11-moddotplot/combined/bed/chr2/T2T18_rc-chr2_haplotype2-0000058:91442843-95823885/stv.bed, results/11-moddotplot/combined/bed/chr2/T2T18_rc-chr2_haplotype2-0000058:91442843-95823885/methyl.bed
    output: results/11-moddotplot/combined/plots/chr2/T2T18_rc-chr2_haplotype2-0000058:91442843-95823885.yaml
    log: logs/11-moddotplot/modify_moddotplot_cenplot_tracks_chr2_T2T18_rc-chr2_haplotype2-0000058:91442843-95823885.log
    jobid: 894
    reason: Input files updated by another job: results/11-moddotplot/combined/bed/chr2/T2T18_rc-chr2_haplotype2-0000058:91442843-95823885/cdrs.bed, results/11-moddotplot/combined/bed/chr2/T2T18_rc-chr2_haplotype2-0000058:91442843-95823885/ident.bedpe, results/11-moddotplot/combined/bed/chr2/T2T18_rc-chr2_haplotype2-0000058:91442843-95823885/stv.bed, results/11-moddotplot/combined/bed/chr2/T2T18_rc-chr2_haplotype2-0000058:91442843-95823885/sat_annot.bed, results/11-moddotplot/combined/bed/chr2/T2T18_rc-chr2_haplotype2-0000058:91442843-95823885/methyl.bed
    wildcards: chr=chr2, fname=T2T18_rc-chr2_haplotype2-0000058:91442843-95823885
    resources: mem_mb=8000, mem_mib=7630, disk_mb=1000, disk_mib=954, tmpdir=/tmp, mem=8GB
Shell command: 
        python /home/ukt.ad.local/ahgrosc1/.cache/snakemake/snakemake/source-cache/runtime-cache/tmpvv5_ue2g/file/mnt/storage3b/projects/no_ngsd/ahthapp1_T2T_ONT/analysis_other/cenmap_single/T2T18/workflow/rules/../scripts/format_cenplot_yaml.py         -i '{"cdr": "results/11-moddotplot/combined/bed/chr2/T2T18_rc-chr2_haplotype2-0000058:91442843-95823885/cdrs.bed", "rm": "results/11-moddotplot/combined/bed/chr2/T2T18_rc-chr2_haplotype2-0000058:91442843-95823885/sat_annot.bed", "ident": "results/11-moddotplot/combined/bed/chr2/T2T18_rc-chr2_haplotype2-0000058:91442843-95823885/ident.bedpe", "stv": "results/11-moddotplot/combined/bed/chr2/T2T18_rc-chr2_haplotype2-0000058:91442843-95823885/stv.bed", "methyl": "results/11-moddotplot/combined/bed/chr2/T2T18_rc-chr2_haplotype2-0000058:91442843-95823885/methyl.bed"}'         -t /home/ukt.ad.local/ahgrosc1/.cache/snakemake/snakemake/source-cache/runtime-cache/tmpvv5_ue2g/file/mnt/storage3b/projects/no_ngsd/ahthapp1_T2T_ONT/analysis_other/cenmap_single/T2T18/workflow/rules/../scripts/cenplot_moddotplot.yaml         --options '{"hor": {"color_map_file": "/mnt/storage3b/projects/no_ngsd/ahthapp1_T2T_ONT/analysis_other/cenmap_single/T2T18/config/stv_annot_colors.tsv"}}' > results/11-moddotplot/combined/plots/chr2/T2T18_rc-chr2_haplotype2-0000058:91442843-95823885.yaml 2> logs/11-moddotplot/modify_moddotplot_cenplot_tracks_chr2_T2T18_rc-chr2_haplotype2-0000058:91442843-95823885.log
        
Select jobs to execute...
[Thu Jan  8 18:39:38 2026]
Finished jobid: 894 (Rule: modify_moddotplot_cenplot_tracks)
168 of 325 steps (52%) done
Execute 1 jobs...

[Thu Jan  8 18:39:38 2026]
localrule plot_cen_moddotplot:
    input: results/11-moddotplot/combined/plots/chr2/T2T18_rc-chr2_haplotype2-0000058:91442843-95823885.yaml, results/11-moddotplot/combined/bed/chr2/T2T18_rc-chr2_haplotype2-0000058:91442843-95823885/sat_annot.bed, results/11-moddotplot/combined/bed/chr2/T2T18_rc-chr2_haplotype2-0000058:91442843-95823885/ident.bedpe, results/11-moddotplot/combined/bed/chr2/T2T18_rc-chr2_haplotype2-0000058:91442843-95823885/stv.bed, results/11-moddotplot/combined/bed/chr2/T2T18_rc-chr2_haplotype2-0000058:91442843-95823885/cdrs.bed, results/11-moddotplot/combined/bed/chr2/T2T18_rc-chr2_haplotype2-0000058:91442843-95823885/methyl.bed
    output: results/11-moddotplot/combined/plots/chr2/T2T18_rc-chr2_haplotype2-0000058:91442843-95823885.pdf, results/11-moddotplot/combined/plots/chr2/T2T18_rc-chr2_haplotype2-0000058:91442843-95823885.png
    log: logs/11-moddotplot/plot_moddotplot_chr2_T2T18_rc-chr2_haplotype2-0000058:91442843-95823885.log
    jobid: 893
    reason: Input files updated by another job: results/11-moddotplot/combined/plots/chr2/T2T18_rc-chr2_haplotype2-0000058:91442843-95823885.yaml, results/11-moddotplot/combined/bed/chr2/T2T18_rc-chr2_haplotype2-0000058:91442843-95823885/cdrs.bed, results/11-moddotplot/combined/bed/chr2/T2T18_rc-chr2_haplotype2-0000058:91442843-95823885/ident.bedpe, results/11-moddotplot/combined/bed/chr2/T2T18_rc-chr2_haplotype2-0000058:91442843-95823885/stv.bed, results/11-moddotplot/combined/bed/chr2/T2T18_rc-chr2_haplotype2-0000058:91442843-95823885/sat_annot.bed, results/11-moddotplot/combined/bed/chr2/T2T18_rc-chr2_haplotype2-0000058:91442843-95823885/methyl.bed
    wildcards: chr=chr2, fname=T2T18_rc-chr2_haplotype2-0000058:91442843-95823885
    resources: mem_mb=8000, mem_mib=7630, disk_mb=1000, disk_mib=954, tmpdir=/tmp, mem=8GB
Shell command: 
        cenplot draw -t results/11-moddotplot/combined/plots/chr2/T2T18_rc-chr2_haplotype2-0000058:91442843-95823885.yaml -d results/11-moddotplot/combined/plots/chr2 -c T2T18_rc-chr2_haplotype2-0000058:91442843-95823885 -p 1 2> logs/11-moddotplot/plot_moddotplot_chr2_T2T18_rc-chr2_haplotype2-0000058:91442843-95823885.log
        
Select jobs to execute...
[Thu Jan  8 18:40:02 2026]
Finished jobid: 912 (Rule: plot_cen_moddotplot)
169 of 325 steps (52%) done
Execute 1 jobs...

[Thu Jan  8 18:40:02 2026]
localrule moddotplot_chr:
    input: results/11-moddotplot/original/chr4/T2T18_chr4_haplotype1-0000023:48725466-55778863/T2T18_chr4_haplotype1-0000023:48725466-55778863.bed, results/11-moddotplot/original/chr4/T2T18_chr4_haplotype2-0000062:48615997-55422271/T2T18_chr4_haplotype2-0000062:48615997-55422271.bed, results/11-moddotplot/combined/plots/chr4/T2T18_chr4_haplotype1-0000023:48725466-55778863.pdf, results/11-moddotplot/combined/plots/chr4/T2T18_chr4_haplotype2-0000062:48615997-55422271.pdf, results/11-moddotplot/combined/plots/chr4/T2T18_chr4_haplotype1-0000023:48725466-55778863.png, results/11-moddotplot/combined/plots/chr4/T2T18_chr4_haplotype2-0000062:48615997-55422271.png
    output: results/11-moddotplot/moddotplot_chr4.done
    jobid: 255
    reason: Input files updated by another job: results/11-moddotplot/combined/plots/chr4/T2T18_chr4_haplotype1-0000023:48725466-55778863.png, results/11-moddotplot/combined/plots/chr4/T2T18_chr4_haplotype2-0000062:48615997-55422271.png, results/11-moddotplot/combined/plots/chr4/T2T18_chr4_haplotype2-0000062:48615997-55422271.pdf, results/11-moddotplot/combined/plots/chr4/T2T18_chr4_haplotype1-0000023:48725466-55778863.pdf
    wildcards: chr=chr4
    resources: mem_mb=8000, mem_mib=7630, disk_mb=1000, disk_mib=954, tmpdir=/tmp, mem=8GB
Shell command: None
Touching output file results/11-moddotplot/moddotplot_chr4.done.
[Thu Jan  8 18:40:02 2026]
Finished jobid: 255 (Rule: moddotplot_chr)
170 of 325 steps (52%) done
Select jobs to execute...
Execute 1 jobs...

[Thu Jan  8 18:40:02 2026]
localrule modify_moddotplot_cenplot_tracks:
    input: results/11-moddotplot/combined/bed/chr13/T2T18_chr13_haplotype1-0000010:2-5004742/cdrs.bed, results/11-moddotplot/combined/bed/chr13/T2T18_chr13_haplotype1-0000010:2-5004742/sat_annot.bed, results/11-moddotplot/combined/bed/chr13/T2T18_chr13_haplotype1-0000010:2-5004742/ident.bedpe, results/11-moddotplot/combined/bed/chr13/T2T18_chr13_haplotype1-0000010:2-5004742/stv.bed, results/11-moddotplot/combined/bed/chr13/T2T18_chr13_haplotype1-0000010:2-5004742/methyl.bed
    output: results/11-moddotplot/combined/plots/chr13/T2T18_chr13_haplotype1-0000010:2-5004742.yaml
    log: logs/11-moddotplot/modify_moddotplot_cenplot_tracks_chr13_T2T18_chr13_haplotype1-0000010:2-5004742.log
    jobid: 990
    reason: Input files updated by another job: results/11-moddotplot/combined/bed/chr13/T2T18_chr13_haplotype1-0000010:2-5004742/stv.bed, results/11-moddotplot/combined/bed/chr13/T2T18_chr13_haplotype1-0000010:2-5004742/cdrs.bed, results/11-moddotplot/combined/bed/chr13/T2T18_chr13_haplotype1-0000010:2-5004742/ident.bedpe, results/11-moddotplot/combined/bed/chr13/T2T18_chr13_haplotype1-0000010:2-5004742/sat_annot.bed, results/11-moddotplot/combined/bed/chr13/T2T18_chr13_haplotype1-0000010:2-5004742/methyl.bed
    wildcards: chr=chr13, fname=T2T18_chr13_haplotype1-0000010:2-5004742
    resources: mem_mb=8000, mem_mib=7630, disk_mb=1000, disk_mib=954, tmpdir=/tmp, mem=8GB
Shell command: 
        python /home/ukt.ad.local/ahgrosc1/.cache/snakemake/snakemake/source-cache/runtime-cache/tmpvv5_ue2g/file/mnt/storage3b/projects/no_ngsd/ahthapp1_T2T_ONT/analysis_other/cenmap_single/T2T18/workflow/rules/../scripts/format_cenplot_yaml.py         -i '{"cdr": "results/11-moddotplot/combined/bed/chr13/T2T18_chr13_haplotype1-0000010:2-5004742/cdrs.bed", "rm": "results/11-moddotplot/combined/bed/chr13/T2T18_chr13_haplotype1-0000010:2-5004742/sat_annot.bed", "ident": "results/11-moddotplot/combined/bed/chr13/T2T18_chr13_haplotype1-0000010:2-5004742/ident.bedpe", "stv": "results/11-moddotplot/combined/bed/chr13/T2T18_chr13_haplotype1-0000010:2-5004742/stv.bed", "methyl": "results/11-moddotplot/combined/bed/chr13/T2T18_chr13_haplotype1-0000010:2-5004742/methyl.bed"}'         -t /home/ukt.ad.local/ahgrosc1/.cache/snakemake/snakemake/source-cache/runtime-cache/tmpvv5_ue2g/file/mnt/storage3b/projects/no_ngsd/ahthapp1_T2T_ONT/analysis_other/cenmap_single/T2T18/workflow/rules/../scripts/cenplot_moddotplot.yaml         --options '{"hor": {"color_map_file": "/mnt/storage3b/projects/no_ngsd/ahthapp1_T2T_ONT/analysis_other/cenmap_single/T2T18/config/stv_annot_colors.tsv"}}' > results/11-moddotplot/combined/plots/chr13/T2T18_chr13_haplotype1-0000010:2-5004742.yaml 2> logs/11-moddotplot/modify_moddotplot_cenplot_tracks_chr13_T2T18_chr13_haplotype1-0000010:2-5004742.log
        
Select jobs to execute...
[Thu Jan  8 18:40:03 2026]
Finished jobid: 990 (Rule: modify_moddotplot_cenplot_tracks)
171 of 325 steps (53%) done
Execute 1 jobs...

[Thu Jan  8 18:40:03 2026]
localrule plot_cen_moddotplot:
    input: results/11-moddotplot/combined/plots/chr13/T2T18_chr13_haplotype1-0000010:2-5004742.yaml, results/11-moddotplot/combined/bed/chr13/T2T18_chr13_haplotype1-0000010:2-5004742/sat_annot.bed, results/11-moddotplot/combined/bed/chr13/T2T18_chr13_haplotype1-0000010:2-5004742/ident.bedpe, results/11-moddotplot/combined/bed/chr13/T2T18_chr13_haplotype1-0000010:2-5004742/stv.bed, results/11-moddotplot/combined/bed/chr13/T2T18_chr13_haplotype1-0000010:2-5004742/cdrs.bed, results/11-moddotplot/combined/bed/chr13/T2T18_chr13_haplotype1-0000010:2-5004742/methyl.bed
    output: results/11-moddotplot/combined/plots/chr13/T2T18_chr13_haplotype1-0000010:2-5004742.pdf, results/11-moddotplot/combined/plots/chr13/T2T18_chr13_haplotype1-0000010:2-5004742.png
    log: logs/11-moddotplot/plot_moddotplot_chr13_T2T18_chr13_haplotype1-0000010:2-5004742.log
    jobid: 989
    reason: Input files updated by another job: results/11-moddotplot/combined/bed/chr13/T2T18_chr13_haplotype1-0000010:2-5004742/stv.bed, results/11-moddotplot/combined/bed/chr13/T2T18_chr13_haplotype1-0000010:2-5004742/cdrs.bed, results/11-moddotplot/combined/bed/chr13/T2T18_chr13_haplotype1-0000010:2-5004742/ident.bedpe, results/11-moddotplot/combined/plots/chr13/T2T18_chr13_haplotype1-0000010:2-5004742.yaml, results/11-moddotplot/combined/bed/chr13/T2T18_chr13_haplotype1-0000010:2-5004742/sat_annot.bed, results/11-moddotplot/combined/bed/chr13/T2T18_chr13_haplotype1-0000010:2-5004742/methyl.bed
    wildcards: chr=chr13, fname=T2T18_chr13_haplotype1-0000010:2-5004742
    resources: mem_mb=8000, mem_mib=7630, disk_mb=1000, disk_mib=954, tmpdir=/tmp, mem=8GB
Shell command: 
        cenplot draw -t results/11-moddotplot/combined/plots/chr13/T2T18_chr13_haplotype1-0000010:2-5004742.yaml -d results/11-moddotplot/combined/plots/chr13 -c T2T18_chr13_haplotype1-0000010:2-5004742 -p 1 2> logs/11-moddotplot/plot_moddotplot_chr13_T2T18_chr13_haplotype1-0000010:2-5004742.log
        
Select jobs to execute...
[Thu Jan  8 18:44:15 2026]
Finished jobid: 973 (Rule: plot_cen_moddotplot)
172 of 325 steps (53%) done
Execute 1 jobs...

[Thu Jan  8 18:44:15 2026]
localrule filter_annotations_moddotplot:
    input: results/10-format_hor_stv/bed/chrY/stv_all.bed, results/8-format_repeatmasker_sat_annot/bed/all_cens.annotation.bed, results/8-cdr_finder/bed/all_cdrs.bed, results/8-cdr_finder/bed/all_binned_freq.bed, results/11-moddotplot/original/chrY/T2T18_chrY_haplotype1-0000025:8949309-12187008/T2T18_chrY_haplotype1-0000025:8949309-12187008.bed
    output: results/11-moddotplot/combined/bed/chrY/T2T18_chrY_haplotype1-0000025:8949309-12187008/sat_annot.bed, results/11-moddotplot/combined/bed/chrY/T2T18_chrY_haplotype1-0000025:8949309-12187008/ident.bedpe, results/11-moddotplot/combined/bed/chrY/T2T18_chrY_haplotype1-0000025:8949309-12187008/stv.bed, results/11-moddotplot/combined/bed/chrY/T2T18_chrY_haplotype1-0000025:8949309-12187008/cdrs.bed, results/11-moddotplot/combined/bed/chrY/T2T18_chrY_haplotype1-0000025:8949309-12187008/methyl.bed
    jobid: 1090
    reason: Missing output files: results/11-moddotplot/combined/bed/chrY/T2T18_chrY_haplotype1-0000025:8949309-12187008/ident.bedpe; Input files updated by another job: results/8-cdr_finder/bed/all_cdrs.bed, results/8-cdr_finder/bed/all_binned_freq.bed
    wildcards: chr=chrY, fname=T2T18_chrY_haplotype1-0000025:8949309-12187008
    resources: mem_mb=8000, mem_mib=7630, disk_mb=1000, disk_mib=954, tmpdir=/tmp, mem=8GB
Shell command: 
        ( grep 'T2T18_chrY_haplotype1-0000025:8949309-12187008' results/8-format_repeatmasker_sat_annot/bed/all_cens.annotation.bed || true ) > results/11-moddotplot/combined/bed/chrY/T2T18_chrY_haplotype1-0000025:8949309-12187008/sat_annot.bed
        ( grep 'T2T18_chrY_haplotype1-0000025:8949309-12187008' results/10-format_hor_stv/bed/chrY/stv_all.bed || true ) > results/11-moddotplot/combined/bed/chrY/T2T18_chrY_haplotype1-0000025:8949309-12187008/stv.bed
        # Remove header.
        ln -s $(realpath results/11-moddotplot/original/chrY/T2T18_chrY_haplotype1-0000025:8949309-12187008/T2T18_chrY_haplotype1-0000025:8949309-12187008.bed) results/11-moddotplot/combined/bed/chrY/T2T18_chrY_haplotype1-0000025:8949309-12187008/ident.bedpe
        if [ "True" != "False" ]; then
            ( grep 'T2T18_chrY_haplotype1-0000025:8949309-12187008' results/8-cdr_finder/bed/all_cdrs.bed || true ) > results/11-moddotplot/combined/bed/chrY/T2T18_chrY_haplotype1-0000025:8949309-12187008/cdrs.bed
            ( grep 'T2T18_chrY_haplotype1-0000025:8949309-12187008' results/8-cdr_finder/bed/all_binned_freq.bed || true ) > results/11-moddotplot/combined/bed/chrY/T2T18_chrY_haplotype1-0000025:8949309-12187008/methyl.bed
        else
            touch results/11-moddotplot/combined/bed/chrY/T2T18_chrY_haplotype1-0000025:8949309-12187008/cdrs.bed
            touch results/11-moddotplot/combined/bed/chrY/T2T18_chrY_haplotype1-0000025:8949309-12187008/methyl.bed
        fi
        
Select jobs to execute...
[Thu Jan  8 18:44:15 2026]
Finished jobid: 1090 (Rule: filter_annotations_moddotplot)
173 of 325 steps (53%) done
Execute 1 jobs...

[Thu Jan  8 18:44:15 2026]
localrule filter_annotations_moddotplot:
    input: results/10-format_hor_stv/bed/chr2/stv_all.bed, results/8-format_repeatmasker_sat_annot/bed/all_cens.annotation.bed, results/8-cdr_finder/bed/all_cdrs.bed, results/8-cdr_finder/bed/all_binned_freq.bed, results/11-moddotplot/original/chr2/T2T18_rc-chr2_haplotype2-0000058:131396045-133435377/T2T18_rc-chr2_haplotype2-0000058:131396045-133435377.bed
    output: results/11-moddotplot/combined/bed/chr2/T2T18_rc-chr2_haplotype2-0000058:131396045-133435377/sat_annot.bed, results/11-moddotplot/combined/bed/chr2/T2T18_rc-chr2_haplotype2-0000058:131396045-133435377/ident.bedpe, results/11-moddotplot/combined/bed/chr2/T2T18_rc-chr2_haplotype2-0000058:131396045-133435377/stv.bed, results/11-moddotplot/combined/bed/chr2/T2T18_rc-chr2_haplotype2-0000058:131396045-133435377/cdrs.bed, results/11-moddotplot/combined/bed/chr2/T2T18_rc-chr2_haplotype2-0000058:131396045-133435377/methyl.bed
    jobid: 898
    reason: Missing output files: results/11-moddotplot/combined/bed/chr2/T2T18_rc-chr2_haplotype2-0000058:131396045-133435377/ident.bedpe; Input files updated by another job: results/8-cdr_finder/bed/all_cdrs.bed, results/8-cdr_finder/bed/all_binned_freq.bed
    wildcards: chr=chr2, fname=T2T18_rc-chr2_haplotype2-0000058:131396045-133435377
    resources: mem_mb=8000, mem_mib=7630, disk_mb=1000, disk_mib=954, tmpdir=/tmp, mem=8GB
Shell command: 
        ( grep 'T2T18_rc-chr2_haplotype2-0000058:131396045-133435377' results/8-format_repeatmasker_sat_annot/bed/all_cens.annotation.bed || true ) > results/11-moddotplot/combined/bed/chr2/T2T18_rc-chr2_haplotype2-0000058:131396045-133435377/sat_annot.bed
        ( grep 'T2T18_rc-chr2_haplotype2-0000058:131396045-133435377' results/10-format_hor_stv/bed/chr2/stv_all.bed || true ) > results/11-moddotplot/combined/bed/chr2/T2T18_rc-chr2_haplotype2-0000058:131396045-133435377/stv.bed
        # Remove header.
        ln -s $(realpath results/11-moddotplot/original/chr2/T2T18_rc-chr2_haplotype2-0000058:131396045-133435377/T2T18_rc-chr2_haplotype2-0000058:131396045-133435377.bed) results/11-moddotplot/combined/bed/chr2/T2T18_rc-chr2_haplotype2-0000058:131396045-133435377/ident.bedpe
        if [ "True" != "False" ]; then
            ( grep 'T2T18_rc-chr2_haplotype2-0000058:131396045-133435377' results/8-cdr_finder/bed/all_cdrs.bed || true ) > results/11-moddotplot/combined/bed/chr2/T2T18_rc-chr2_haplotype2-0000058:131396045-133435377/cdrs.bed
            ( grep 'T2T18_rc-chr2_haplotype2-0000058:131396045-133435377' results/8-cdr_finder/bed/all_binned_freq.bed || true ) > results/11-moddotplot/combined/bed/chr2/T2T18_rc-chr2_haplotype2-0000058:131396045-133435377/methyl.bed
        else
            touch results/11-moddotplot/combined/bed/chr2/T2T18_rc-chr2_haplotype2-0000058:131396045-133435377/cdrs.bed
            touch results/11-moddotplot/combined/bed/chr2/T2T18_rc-chr2_haplotype2-0000058:131396045-133435377/methyl.bed
        fi
        
Select jobs to execute...
[Thu Jan  8 18:44:15 2026]
Finished jobid: 898 (Rule: filter_annotations_moddotplot)
174 of 325 steps (54%) done
Execute 1 jobs...

[Thu Jan  8 18:44:15 2026]
localrule filter_annotations_moddotplot:
    input: results/10-format_hor_stv/bed/chr1/stv_all.bed, results/8-format_repeatmasker_sat_annot/bed/all_cens.annotation.bed, results/8-cdr_finder/bed/all_cdrs.bed, results/8-cdr_finder/bed/all_binned_freq.bed, results/11-moddotplot/original/chr1/T2T18_rc-chr14-chr22-chr15-chr21-chr1_haplotype1-0000001:236777-2338748/T2T18_rc-chr14-chr22-chr15-chr21-chr1_haplotype1-0000001:236777-2338748.bed
    output: results/11-moddotplot/combined/bed/chr1/T2T18_rc-chr14-chr22-chr15-chr21-chr1_haplotype1-0000001:236777-2338748/sat_annot.bed, results/11-moddotplot/combined/bed/chr1/T2T18_rc-chr14-chr22-chr15-chr21-chr1_haplotype1-0000001:236777-2338748/ident.bedpe, results/11-moddotplot/combined/bed/chr1/T2T18_rc-chr14-chr22-chr15-chr21-chr1_haplotype1-0000001:236777-2338748/stv.bed, results/11-moddotplot/combined/bed/chr1/T2T18_rc-chr14-chr22-chr15-chr21-chr1_haplotype1-0000001:236777-2338748/cdrs.bed, results/11-moddotplot/combined/bed/chr1/T2T18_rc-chr14-chr22-chr15-chr21-chr1_haplotype1-0000001:236777-2338748/methyl.bed
    jobid: 876
    reason: Missing output files: results/11-moddotplot/combined/bed/chr1/T2T18_rc-chr14-chr22-chr15-chr21-chr1_haplotype1-0000001:236777-2338748/methyl.bed, results/11-moddotplot/combined/bed/chr1/T2T18_rc-chr14-chr22-chr15-chr21-chr1_haplotype1-0000001:236777-2338748/sat_annot.bed, results/11-moddotplot/combined/bed/chr1/T2T18_rc-chr14-chr22-chr15-chr21-chr1_haplotype1-0000001:236777-2338748/ident.bedpe, results/11-moddotplot/combined/bed/chr1/T2T18_rc-chr14-chr22-chr15-chr21-chr1_haplotype1-0000001:236777-2338748/stv.bed, results/11-moddotplot/combined/bed/chr1/T2T18_rc-chr14-chr22-chr15-chr21-chr1_haplotype1-0000001:236777-2338748/cdrs.bed; Input files updated by another job: results/8-cdr_finder/bed/all_cdrs.bed, results/8-cdr_finder/bed/all_binned_freq.bed, results/11-moddotplot/original/chr1/T2T18_rc-chr14-chr22-chr15-chr21-chr1_haplotype1-0000001:236777-2338748/T2T18_rc-chr14-chr22-chr15-chr21-chr1_haplotype1-0000001:236777-2338748.bed
    wildcards: chr=chr1, fname=T2T18_rc-chr14-chr22-chr15-chr21-chr1_haplotype1-0000001:236777-2338748
    resources: mem_mb=8000, mem_mib=7630, disk_mb=1000, disk_mib=954, tmpdir=/tmp, mem=8GB
Shell command: 
        ( grep 'T2T18_rc-chr14-chr22-chr15-chr21-chr1_haplotype1-0000001:236777-2338748' results/8-format_repeatmasker_sat_annot/bed/all_cens.annotation.bed || true ) > results/11-moddotplot/combined/bed/chr1/T2T18_rc-chr14-chr22-chr15-chr21-chr1_haplotype1-0000001:236777-2338748/sat_annot.bed
        ( grep 'T2T18_rc-chr14-chr22-chr15-chr21-chr1_haplotype1-0000001:236777-2338748' results/10-format_hor_stv/bed/chr1/stv_all.bed || true ) > results/11-moddotplot/combined/bed/chr1/T2T18_rc-chr14-chr22-chr15-chr21-chr1_haplotype1-0000001:236777-2338748/stv.bed
        # Remove header.
        ln -s $(realpath results/11-moddotplot/original/chr1/T2T18_rc-chr14-chr22-chr15-chr21-chr1_haplotype1-0000001:236777-2338748/T2T18_rc-chr14-chr22-chr15-chr21-chr1_haplotype1-0000001:236777-2338748.bed) results/11-moddotplot/combined/bed/chr1/T2T18_rc-chr14-chr22-chr15-chr21-chr1_haplotype1-0000001:236777-2338748/ident.bedpe
        if [ "True" != "False" ]; then
            ( grep 'T2T18_rc-chr14-chr22-chr15-chr21-chr1_haplotype1-0000001:236777-2338748' results/8-cdr_finder/bed/all_cdrs.bed || true ) > results/11-moddotplot/combined/bed/chr1/T2T18_rc-chr14-chr22-chr15-chr21-chr1_haplotype1-0000001:236777-2338748/cdrs.bed
            ( grep 'T2T18_rc-chr14-chr22-chr15-chr21-chr1_haplotype1-0000001:236777-2338748' results/8-cdr_finder/bed/all_binned_freq.bed || true ) > results/11-moddotplot/combined/bed/chr1/T2T18_rc-chr14-chr22-chr15-chr21-chr1_haplotype1-0000001:236777-2338748/methyl.bed
        else
            touch results/11-moddotplot/combined/bed/chr1/T2T18_rc-chr14-chr22-chr15-chr21-chr1_haplotype1-0000001:236777-2338748/cdrs.bed
            touch results/11-moddotplot/combined/bed/chr1/T2T18_rc-chr14-chr22-chr15-chr21-chr1_haplotype1-0000001:236777-2338748/methyl.bed
        fi
        
Select jobs to execute...
[Thu Jan  8 18:44:15 2026]
Finished jobid: 876 (Rule: filter_annotations_moddotplot)
175 of 325 steps (54%) done
Execute 1 jobs...

[Thu Jan  8 18:44:15 2026]
localrule filter_annotations_moddotplot:
    input: results/10-format_hor_stv/bed/chr2/stv_all.bed, results/8-format_repeatmasker_sat_annot/bed/all_cens.annotation.bed, results/8-cdr_finder/bed/all_cdrs.bed, results/8-cdr_finder/bed/all_binned_freq.bed, results/11-moddotplot/original/chr2/T2T18_rc-chr2_haplotype1-0000021:131306781-133346987/T2T18_rc-chr2_haplotype1-0000021:131306781-133346987.bed
    output: results/11-moddotplot/combined/bed/chr2/T2T18_rc-chr2_haplotype1-0000021:131306781-133346987/sat_annot.bed, results/11-moddotplot/combined/bed/chr2/T2T18_rc-chr2_haplotype1-0000021:131306781-133346987/ident.bedpe, results/11-moddotplot/combined/bed/chr2/T2T18_rc-chr2_haplotype1-0000021:131306781-133346987/stv.bed, results/11-moddotplot/combined/bed/chr2/T2T18_rc-chr2_haplotype1-0000021:131306781-133346987/cdrs.bed, results/11-moddotplot/combined/bed/chr2/T2T18_rc-chr2_haplotype1-0000021:131306781-133346987/methyl.bed
    jobid: 892
    reason: Missing output files: results/11-moddotplot/combined/bed/chr2/T2T18_rc-chr2_haplotype1-0000021:131306781-133346987/ident.bedpe; Input files updated by another job: results/8-cdr_finder/bed/all_cdrs.bed, results/8-cdr_finder/bed/all_binned_freq.bed
    wildcards: chr=chr2, fname=T2T18_rc-chr2_haplotype1-0000021:131306781-133346987
    resources: mem_mb=8000, mem_mib=7630, disk_mb=1000, disk_mib=954, tmpdir=/tmp, mem=8GB
Shell command: 
        ( grep 'T2T18_rc-chr2_haplotype1-0000021:131306781-133346987' results/8-format_repeatmasker_sat_annot/bed/all_cens.annotation.bed || true ) > results/11-moddotplot/combined/bed/chr2/T2T18_rc-chr2_haplotype1-0000021:131306781-133346987/sat_annot.bed
        ( grep 'T2T18_rc-chr2_haplotype1-0000021:131306781-133346987' results/10-format_hor_stv/bed/chr2/stv_all.bed || true ) > results/11-moddotplot/combined/bed/chr2/T2T18_rc-chr2_haplotype1-0000021:131306781-133346987/stv.bed
        # Remove header.
        ln -s $(realpath results/11-moddotplot/original/chr2/T2T18_rc-chr2_haplotype1-0000021:131306781-133346987/T2T18_rc-chr2_haplotype1-0000021:131306781-133346987.bed) results/11-moddotplot/combined/bed/chr2/T2T18_rc-chr2_haplotype1-0000021:131306781-133346987/ident.bedpe
        if [ "True" != "False" ]; then
            ( grep 'T2T18_rc-chr2_haplotype1-0000021:131306781-133346987' results/8-cdr_finder/bed/all_cdrs.bed || true ) > results/11-moddotplot/combined/bed/chr2/T2T18_rc-chr2_haplotype1-0000021:131306781-133346987/cdrs.bed
            ( grep 'T2T18_rc-chr2_haplotype1-0000021:131306781-133346987' results/8-cdr_finder/bed/all_binned_freq.bed || true ) > results/11-moddotplot/combined/bed/chr2/T2T18_rc-chr2_haplotype1-0000021:131306781-133346987/methyl.bed
        else
            touch results/11-moddotplot/combined/bed/chr2/T2T18_rc-chr2_haplotype1-0000021:131306781-133346987/cdrs.bed
            touch results/11-moddotplot/combined/bed/chr2/T2T18_rc-chr2_haplotype1-0000021:131306781-133346987/methyl.bed
        fi
        
Select jobs to execute...
[Thu Jan  8 18:44:15 2026]
Finished jobid: 892 (Rule: filter_annotations_moddotplot)
176 of 325 steps (54%) done
Execute 1 jobs...

[Thu Jan  8 18:44:15 2026]
localrule modify_moddotplot_cenplot_tracks:
    input: results/11-moddotplot/combined/bed/chr9/T2T18_rc-chr9_haplotype2-0000050:62908296-66322214/cdrs.bed, results/11-moddotplot/combined/bed/chr9/T2T18_rc-chr9_haplotype2-0000050:62908296-66322214/sat_annot.bed, results/11-moddotplot/combined/bed/chr9/T2T18_rc-chr9_haplotype2-0000050:62908296-66322214/ident.bedpe, results/11-moddotplot/combined/bed/chr9/T2T18_rc-chr9_haplotype2-0000050:62908296-66322214/stv.bed, results/11-moddotplot/combined/bed/chr9/T2T18_rc-chr9_haplotype2-0000050:62908296-66322214/methyl.bed
    output: results/11-moddotplot/combined/plots/chr9/T2T18_rc-chr9_haplotype2-0000050:62908296-66322214.yaml
    log: logs/11-moddotplot/modify_moddotplot_cenplot_tracks_chr9_T2T18_rc-chr9_haplotype2-0000050:62908296-66322214.log
    jobid: 961
    reason: Input files updated by another job: results/11-moddotplot/combined/bed/chr9/T2T18_rc-chr9_haplotype2-0000050:62908296-66322214/sat_annot.bed, results/11-moddotplot/combined/bed/chr9/T2T18_rc-chr9_haplotype2-0000050:62908296-66322214/cdrs.bed, results/11-moddotplot/combined/bed/chr9/T2T18_rc-chr9_haplotype2-0000050:62908296-66322214/methyl.bed, results/11-moddotplot/combined/bed/chr9/T2T18_rc-chr9_haplotype2-0000050:62908296-66322214/stv.bed, results/11-moddotplot/combined/bed/chr9/T2T18_rc-chr9_haplotype2-0000050:62908296-66322214/ident.bedpe
    wildcards: chr=chr9, fname=T2T18_rc-chr9_haplotype2-0000050:62908296-66322214
    resources: mem_mb=8000, mem_mib=7630, disk_mb=1000, disk_mib=954, tmpdir=/tmp, mem=8GB
Shell command: 
        python /home/ukt.ad.local/ahgrosc1/.cache/snakemake/snakemake/source-cache/runtime-cache/tmpvv5_ue2g/file/mnt/storage3b/projects/no_ngsd/ahthapp1_T2T_ONT/analysis_other/cenmap_single/T2T18/workflow/rules/../scripts/format_cenplot_yaml.py         -i '{"cdr": "results/11-moddotplot/combined/bed/chr9/T2T18_rc-chr9_haplotype2-0000050:62908296-66322214/cdrs.bed", "rm": "results/11-moddotplot/combined/bed/chr9/T2T18_rc-chr9_haplotype2-0000050:62908296-66322214/sat_annot.bed", "ident": "results/11-moddotplot/combined/bed/chr9/T2T18_rc-chr9_haplotype2-0000050:62908296-66322214/ident.bedpe", "stv": "results/11-moddotplot/combined/bed/chr9/T2T18_rc-chr9_haplotype2-0000050:62908296-66322214/stv.bed", "methyl": "results/11-moddotplot/combined/bed/chr9/T2T18_rc-chr9_haplotype2-0000050:62908296-66322214/methyl.bed"}'         -t /home/ukt.ad.local/ahgrosc1/.cache/snakemake/snakemake/source-cache/runtime-cache/tmpvv5_ue2g/file/mnt/storage3b/projects/no_ngsd/ahthapp1_T2T_ONT/analysis_other/cenmap_single/T2T18/workflow/rules/../scripts/cenplot_moddotplot.yaml         --options '{"hor": {"color_map_file": "/mnt/storage3b/projects/no_ngsd/ahthapp1_T2T_ONT/analysis_other/cenmap_single/T2T18/config/stv_annot_colors.tsv"}}' > results/11-moddotplot/combined/plots/chr9/T2T18_rc-chr9_haplotype2-0000050:62908296-66322214.yaml 2> logs/11-moddotplot/modify_moddotplot_cenplot_tracks_chr9_T2T18_rc-chr9_haplotype2-0000050:62908296-66322214.log
        
Select jobs to execute...
[Thu Jan  8 18:44:16 2026]
Finished jobid: 961 (Rule: modify_moddotplot_cenplot_tracks)
177 of 325 steps (54%) done
Execute 1 jobs...

[Thu Jan  8 18:44:16 2026]
localrule plot_cen_moddotplot:
    input: results/11-moddotplot/combined/plots/chr9/T2T18_rc-chr9_haplotype2-0000050:62908296-66322214.yaml, results/11-moddotplot/combined/bed/chr9/T2T18_rc-chr9_haplotype2-0000050:62908296-66322214/sat_annot.bed, results/11-moddotplot/combined/bed/chr9/T2T18_rc-chr9_haplotype2-0000050:62908296-66322214/ident.bedpe, results/11-moddotplot/combined/bed/chr9/T2T18_rc-chr9_haplotype2-0000050:62908296-66322214/stv.bed, results/11-moddotplot/combined/bed/chr9/T2T18_rc-chr9_haplotype2-0000050:62908296-66322214/cdrs.bed, results/11-moddotplot/combined/bed/chr9/T2T18_rc-chr9_haplotype2-0000050:62908296-66322214/methyl.bed
    output: results/11-moddotplot/combined/plots/chr9/T2T18_rc-chr9_haplotype2-0000050:62908296-66322214.pdf, results/11-moddotplot/combined/plots/chr9/T2T18_rc-chr9_haplotype2-0000050:62908296-66322214.png
    log: logs/11-moddotplot/plot_moddotplot_chr9_T2T18_rc-chr9_haplotype2-0000050:62908296-66322214.log
    jobid: 960
    reason: Input files updated by another job: results/11-moddotplot/combined/bed/chr9/T2T18_rc-chr9_haplotype2-0000050:62908296-66322214/sat_annot.bed, results/11-moddotplot/combined/bed/chr9/T2T18_rc-chr9_haplotype2-0000050:62908296-66322214/cdrs.bed, results/11-moddotplot/combined/bed/chr9/T2T18_rc-chr9_haplotype2-0000050:62908296-66322214/methyl.bed, results/11-moddotplot/combined/plots/chr9/T2T18_rc-chr9_haplotype2-0000050:62908296-66322214.yaml, results/11-moddotplot/combined/bed/chr9/T2T18_rc-chr9_haplotype2-0000050:62908296-66322214/stv.bed, results/11-moddotplot/combined/bed/chr9/T2T18_rc-chr9_haplotype2-0000050:62908296-66322214/ident.bedpe
    wildcards: chr=chr9, fname=T2T18_rc-chr9_haplotype2-0000050:62908296-66322214
    resources: mem_mb=8000, mem_mib=7630, disk_mb=1000, disk_mib=954, tmpdir=/tmp, mem=8GB
Shell command: 
        cenplot draw -t results/11-moddotplot/combined/plots/chr9/T2T18_rc-chr9_haplotype2-0000050:62908296-66322214.yaml -d results/11-moddotplot/combined/plots/chr9 -c T2T18_rc-chr9_haplotype2-0000050:62908296-66322214 -p 1 2> logs/11-moddotplot/plot_moddotplot_chr9_T2T18_rc-chr9_haplotype2-0000050:62908296-66322214.log
        
Select jobs to execute...
[Thu Jan  8 18:46:51 2026]
Finished jobid: 920 (Rule: plot_cen_moddotplot)
178 of 325 steps (55%) done
Execute 1 jobs...

[Thu Jan  8 18:46:51 2026]
localrule moddotplot_chr:
    input: results/11-moddotplot/original/chr5/T2T18_chr5_haplotype1-0000018:45418474-52065082/T2T18_chr5_haplotype1-0000018:45418474-52065082.bed, results/11-moddotplot/original/chr5/T2T18_chr5_haplotype2-0000053:45230356-52066293/T2T18_chr5_haplotype2-0000053:45230356-52066293.bed, results/11-moddotplot/combined/plots/chr5/T2T18_chr5_haplotype1-0000018:45418474-52065082.pdf, results/11-moddotplot/combined/plots/chr5/T2T18_chr5_haplotype2-0000053:45230356-52066293.pdf, results/11-moddotplot/combined/plots/chr5/T2T18_chr5_haplotype1-0000018:45418474-52065082.png, results/11-moddotplot/combined/plots/chr5/T2T18_chr5_haplotype2-0000053:45230356-52066293.png
    output: results/11-moddotplot/moddotplot_chr5.done
    jobid: 256
    reason: Input files updated by another job: results/11-moddotplot/combined/plots/chr5/T2T18_chr5_haplotype1-0000018:45418474-52065082.pdf, results/11-moddotplot/combined/plots/chr5/T2T18_chr5_haplotype2-0000053:45230356-52066293.pdf, results/11-moddotplot/combined/plots/chr5/T2T18_chr5_haplotype2-0000053:45230356-52066293.png, results/11-moddotplot/combined/plots/chr5/T2T18_chr5_haplotype1-0000018:45418474-52065082.png
    wildcards: chr=chr5
    resources: mem_mb=8000, mem_mib=7630, disk_mb=1000, disk_mib=954, tmpdir=/tmp, mem=8GB
Shell command: None
Touching output file results/11-moddotplot/moddotplot_chr5.done.
[Thu Jan  8 18:46:51 2026]
Finished jobid: 256 (Rule: moddotplot_chr)
179 of 325 steps (55%) done
Select jobs to execute...
Execute 1 jobs...

[Thu Jan  8 18:46:51 2026]
localrule filter_annotations_moddotplot:
    input: results/10-format_hor_stv/bed/chr22/stv_all.bed, results/8-format_repeatmasker_sat_annot/bed/all_cens.annotation.bed, results/8-cdr_finder/bed/all_cdrs.bed, results/8-cdr_finder/bed/all_binned_freq.bed, results/11-moddotplot/original/chr22/T2T18_rc-chr14-chr22-chr15-chr21-chr1_haplotype1-0000001:236777-2338748/T2T18_rc-chr14-chr22-chr15-chr21-chr1_haplotype1-0000001:236777-2338748.bed
    output: results/11-moddotplot/combined/bed/chr22/T2T18_rc-chr14-chr22-chr15-chr21-chr1_haplotype1-0000001:236777-2338748/sat_annot.bed, results/11-moddotplot/combined/bed/chr22/T2T18_rc-chr14-chr22-chr15-chr21-chr1_haplotype1-0000001:236777-2338748/ident.bedpe, results/11-moddotplot/combined/bed/chr22/T2T18_rc-chr14-chr22-chr15-chr21-chr1_haplotype1-0000001:236777-2338748/stv.bed, results/11-moddotplot/combined/bed/chr22/T2T18_rc-chr14-chr22-chr15-chr21-chr1_haplotype1-0000001:236777-2338748/cdrs.bed, results/11-moddotplot/combined/bed/chr22/T2T18_rc-chr14-chr22-chr15-chr21-chr1_haplotype1-0000001:236777-2338748/methyl.bed
    jobid: 1076
    reason: Missing output files: results/11-moddotplot/combined/bed/chr22/T2T18_rc-chr14-chr22-chr15-chr21-chr1_haplotype1-0000001:236777-2338748/ident.bedpe, results/11-moddotplot/combined/bed/chr22/T2T18_rc-chr14-chr22-chr15-chr21-chr1_haplotype1-0000001:236777-2338748/stv.bed, results/11-moddotplot/combined/bed/chr22/T2T18_rc-chr14-chr22-chr15-chr21-chr1_haplotype1-0000001:236777-2338748/cdrs.bed, results/11-moddotplot/combined/bed/chr22/T2T18_rc-chr14-chr22-chr15-chr21-chr1_haplotype1-0000001:236777-2338748/methyl.bed, results/11-moddotplot/combined/bed/chr22/T2T18_rc-chr14-chr22-chr15-chr21-chr1_haplotype1-0000001:236777-2338748/sat_annot.bed; Input files updated by another job: results/8-cdr_finder/bed/all_cdrs.bed, results/8-cdr_finder/bed/all_binned_freq.bed, results/11-moddotplot/original/chr22/T2T18_rc-chr14-chr22-chr15-chr21-chr1_haplotype1-0000001:236777-2338748/T2T18_rc-chr14-chr22-chr15-chr21-chr1_haplotype1-0000001:236777-2338748.bed
    wildcards: chr=chr22, fname=T2T18_rc-chr14-chr22-chr15-chr21-chr1_haplotype1-0000001:236777-2338748
    resources: mem_mb=8000, mem_mib=7630, disk_mb=1000, disk_mib=954, tmpdir=/tmp, mem=8GB
Shell command: 
        ( grep 'T2T18_rc-chr14-chr22-chr15-chr21-chr1_haplotype1-0000001:236777-2338748' results/8-format_repeatmasker_sat_annot/bed/all_cens.annotation.bed || true ) > results/11-moddotplot/combined/bed/chr22/T2T18_rc-chr14-chr22-chr15-chr21-chr1_haplotype1-0000001:236777-2338748/sat_annot.bed
        ( grep 'T2T18_rc-chr14-chr22-chr15-chr21-chr1_haplotype1-0000001:236777-2338748' results/10-format_hor_stv/bed/chr22/stv_all.bed || true ) > results/11-moddotplot/combined/bed/chr22/T2T18_rc-chr14-chr22-chr15-chr21-chr1_haplotype1-0000001:236777-2338748/stv.bed
        # Remove header.
        ln -s $(realpath results/11-moddotplot/original/chr22/T2T18_rc-chr14-chr22-chr15-chr21-chr1_haplotype1-0000001:236777-2338748/T2T18_rc-chr14-chr22-chr15-chr21-chr1_haplotype1-0000001:236777-2338748.bed) results/11-moddotplot/combined/bed/chr22/T2T18_rc-chr14-chr22-chr15-chr21-chr1_haplotype1-0000001:236777-2338748/ident.bedpe
        if [ "True" != "False" ]; then
            ( grep 'T2T18_rc-chr14-chr22-chr15-chr21-chr1_haplotype1-0000001:236777-2338748' results/8-cdr_finder/bed/all_cdrs.bed || true ) > results/11-moddotplot/combined/bed/chr22/T2T18_rc-chr14-chr22-chr15-chr21-chr1_haplotype1-0000001:236777-2338748/cdrs.bed
            ( grep 'T2T18_rc-chr14-chr22-chr15-chr21-chr1_haplotype1-0000001:236777-2338748' results/8-cdr_finder/bed/all_binned_freq.bed || true ) > results/11-moddotplot/combined/bed/chr22/T2T18_rc-chr14-chr22-chr15-chr21-chr1_haplotype1-0000001:236777-2338748/methyl.bed
        else
            touch results/11-moddotplot/combined/bed/chr22/T2T18_rc-chr14-chr22-chr15-chr21-chr1_haplotype1-0000001:236777-2338748/cdrs.bed
            touch results/11-moddotplot/combined/bed/chr22/T2T18_rc-chr14-chr22-chr15-chr21-chr1_haplotype1-0000001:236777-2338748/methyl.bed
        fi
        
Select jobs to execute...
[Thu Jan  8 18:46:51 2026]
Finished jobid: 1076 (Rule: filter_annotations_moddotplot)
180 of 325 steps (55%) done
Execute 1 jobs...

[Thu Jan  8 18:46:51 2026]
localrule filter_annotations_moddotplot:
    input: results/10-format_hor_stv/bed/chr14/stv_all.bed, results/8-format_repeatmasker_sat_annot/bed/all_cens.annotation.bed, results/8-cdr_finder/bed/all_cdrs.bed, results/8-cdr_finder/bed/all_binned_freq.bed, results/11-moddotplot/original/chr14/T2T18_rc-chr14-chr22-chr15-chr21-chr1_haplotype1-0000001:236777-2338748/T2T18_rc-chr14-chr22-chr15-chr21-chr1_haplotype1-0000001:236777-2338748.bed
    output: results/11-moddotplot/combined/bed/chr14/T2T18_rc-chr14-chr22-chr15-chr21-chr1_haplotype1-0000001:236777-2338748/sat_annot.bed, results/11-moddotplot/combined/bed/chr14/T2T18_rc-chr14-chr22-chr15-chr21-chr1_haplotype1-0000001:236777-2338748/ident.bedpe, results/11-moddotplot/combined/bed/chr14/T2T18_rc-chr14-chr22-chr15-chr21-chr1_haplotype1-0000001:236777-2338748/stv.bed, results/11-moddotplot/combined/bed/chr14/T2T18_rc-chr14-chr22-chr15-chr21-chr1_haplotype1-0000001:236777-2338748/cdrs.bed, results/11-moddotplot/combined/bed/chr14/T2T18_rc-chr14-chr22-chr15-chr21-chr1_haplotype1-0000001:236777-2338748/methyl.bed
    jobid: 1000
    reason: Missing output files: results/11-moddotplot/combined/bed/chr14/T2T18_rc-chr14-chr22-chr15-chr21-chr1_haplotype1-0000001:236777-2338748/ident.bedpe; Input files updated by another job: results/8-cdr_finder/bed/all_cdrs.bed, results/8-cdr_finder/bed/all_binned_freq.bed
    wildcards: chr=chr14, fname=T2T18_rc-chr14-chr22-chr15-chr21-chr1_haplotype1-0000001:236777-2338748
    resources: mem_mb=8000, mem_mib=7630, disk_mb=1000, disk_mib=954, tmpdir=/tmp, mem=8GB
Shell command: 
        ( grep 'T2T18_rc-chr14-chr22-chr15-chr21-chr1_haplotype1-0000001:236777-2338748' results/8-format_repeatmasker_sat_annot/bed/all_cens.annotation.bed || true ) > results/11-moddotplot/combined/bed/chr14/T2T18_rc-chr14-chr22-chr15-chr21-chr1_haplotype1-0000001:236777-2338748/sat_annot.bed
        ( grep 'T2T18_rc-chr14-chr22-chr15-chr21-chr1_haplotype1-0000001:236777-2338748' results/10-format_hor_stv/bed/chr14/stv_all.bed || true ) > results/11-moddotplot/combined/bed/chr14/T2T18_rc-chr14-chr22-chr15-chr21-chr1_haplotype1-0000001:236777-2338748/stv.bed
        # Remove header.
        ln -s $(realpath results/11-moddotplot/original/chr14/T2T18_rc-chr14-chr22-chr15-chr21-chr1_haplotype1-0000001:236777-2338748/T2T18_rc-chr14-chr22-chr15-chr21-chr1_haplotype1-0000001:236777-2338748.bed) results/11-moddotplot/combined/bed/chr14/T2T18_rc-chr14-chr22-chr15-chr21-chr1_haplotype1-0000001:236777-2338748/ident.bedpe
        if [ "True" != "False" ]; then
            ( grep 'T2T18_rc-chr14-chr22-chr15-chr21-chr1_haplotype1-0000001:236777-2338748' results/8-cdr_finder/bed/all_cdrs.bed || true ) > results/11-moddotplot/combined/bed/chr14/T2T18_rc-chr14-chr22-chr15-chr21-chr1_haplotype1-0000001:236777-2338748/cdrs.bed
            ( grep 'T2T18_rc-chr14-chr22-chr15-chr21-chr1_haplotype1-0000001:236777-2338748' results/8-cdr_finder/bed/all_binned_freq.bed || true ) > results/11-moddotplot/combined/bed/chr14/T2T18_rc-chr14-chr22-chr15-chr21-chr1_haplotype1-0000001:236777-2338748/methyl.bed
        else
            touch results/11-moddotplot/combined/bed/chr14/T2T18_rc-chr14-chr22-chr15-chr21-chr1_haplotype1-0000001:236777-2338748/cdrs.bed
            touch results/11-moddotplot/combined/bed/chr14/T2T18_rc-chr14-chr22-chr15-chr21-chr1_haplotype1-0000001:236777-2338748/methyl.bed
        fi
        
Select jobs to execute...
[Thu Jan  8 18:46:51 2026]
Finished jobid: 1000 (Rule: filter_annotations_moddotplot)
181 of 325 steps (56%) done
Execute 1 jobs...

[Thu Jan  8 18:46:51 2026]
localrule filter_annotations_moddotplot:
    input: results/10-format_hor_stv/bed/chr15/stv_all.bed, results/8-format_repeatmasker_sat_annot/bed/all_cens.annotation.bed, results/8-cdr_finder/bed/all_cdrs.bed, results/8-cdr_finder/bed/all_binned_freq.bed, results/11-moddotplot/original/chr15/T2T18_rc-chr14-chr22-chr15-chr21-chr1_haplotype1-0000001:236777-2338748/T2T18_rc-chr14-chr22-chr15-chr21-chr1_haplotype1-0000001:236777-2338748.bed
    output: results/11-moddotplot/combined/bed/chr15/T2T18_rc-chr14-chr22-chr15-chr21-chr1_haplotype1-0000001:236777-2338748/sat_annot.bed, results/11-moddotplot/combined/bed/chr15/T2T18_rc-chr14-chr22-chr15-chr21-chr1_haplotype1-0000001:236777-2338748/ident.bedpe, results/11-moddotplot/combined/bed/chr15/T2T18_rc-chr14-chr22-chr15-chr21-chr1_haplotype1-0000001:236777-2338748/stv.bed, results/11-moddotplot/combined/bed/chr15/T2T18_rc-chr14-chr22-chr15-chr21-chr1_haplotype1-0000001:236777-2338748/cdrs.bed, results/11-moddotplot/combined/bed/chr15/T2T18_rc-chr14-chr22-chr15-chr21-chr1_haplotype1-0000001:236777-2338748/methyl.bed
    jobid: 1012
    reason: Missing output files: results/11-moddotplot/combined/bed/chr15/T2T18_rc-chr14-chr22-chr15-chr21-chr1_haplotype1-0000001:236777-2338748/sat_annot.bed, results/11-moddotplot/combined/bed/chr15/T2T18_rc-chr14-chr22-chr15-chr21-chr1_haplotype1-0000001:236777-2338748/stv.bed, results/11-moddotplot/combined/bed/chr15/T2T18_rc-chr14-chr22-chr15-chr21-chr1_haplotype1-0000001:236777-2338748/methyl.bed, results/11-moddotplot/combined/bed/chr15/T2T18_rc-chr14-chr22-chr15-chr21-chr1_haplotype1-0000001:236777-2338748/ident.bedpe, results/11-moddotplot/combined/bed/chr15/T2T18_rc-chr14-chr22-chr15-chr21-chr1_haplotype1-0000001:236777-2338748/cdrs.bed; Input files updated by another job: results/8-cdr_finder/bed/all_cdrs.bed, results/8-cdr_finder/bed/all_binned_freq.bed, results/11-moddotplot/original/chr15/T2T18_rc-chr14-chr22-chr15-chr21-chr1_haplotype1-0000001:236777-2338748/T2T18_rc-chr14-chr22-chr15-chr21-chr1_haplotype1-0000001:236777-2338748.bed
    wildcards: chr=chr15, fname=T2T18_rc-chr14-chr22-chr15-chr21-chr1_haplotype1-0000001:236777-2338748
    resources: mem_mb=8000, mem_mib=7630, disk_mb=1000, disk_mib=954, tmpdir=/tmp, mem=8GB
Shell command: 
        ( grep 'T2T18_rc-chr14-chr22-chr15-chr21-chr1_haplotype1-0000001:236777-2338748' results/8-format_repeatmasker_sat_annot/bed/all_cens.annotation.bed || true ) > results/11-moddotplot/combined/bed/chr15/T2T18_rc-chr14-chr22-chr15-chr21-chr1_haplotype1-0000001:236777-2338748/sat_annot.bed
        ( grep 'T2T18_rc-chr14-chr22-chr15-chr21-chr1_haplotype1-0000001:236777-2338748' results/10-format_hor_stv/bed/chr15/stv_all.bed || true ) > results/11-moddotplot/combined/bed/chr15/T2T18_rc-chr14-chr22-chr15-chr21-chr1_haplotype1-0000001:236777-2338748/stv.bed
        # Remove header.
        ln -s $(realpath results/11-moddotplot/original/chr15/T2T18_rc-chr14-chr22-chr15-chr21-chr1_haplotype1-0000001:236777-2338748/T2T18_rc-chr14-chr22-chr15-chr21-chr1_haplotype1-0000001:236777-2338748.bed) results/11-moddotplot/combined/bed/chr15/T2T18_rc-chr14-chr22-chr15-chr21-chr1_haplotype1-0000001:236777-2338748/ident.bedpe
        if [ "True" != "False" ]; then
            ( grep 'T2T18_rc-chr14-chr22-chr15-chr21-chr1_haplotype1-0000001:236777-2338748' results/8-cdr_finder/bed/all_cdrs.bed || true ) > results/11-moddotplot/combined/bed/chr15/T2T18_rc-chr14-chr22-chr15-chr21-chr1_haplotype1-0000001:236777-2338748/cdrs.bed
            ( grep 'T2T18_rc-chr14-chr22-chr15-chr21-chr1_haplotype1-0000001:236777-2338748' results/8-cdr_finder/bed/all_binned_freq.bed || true ) > results/11-moddotplot/combined/bed/chr15/T2T18_rc-chr14-chr22-chr15-chr21-chr1_haplotype1-0000001:236777-2338748/methyl.bed
        else
            touch results/11-moddotplot/combined/bed/chr15/T2T18_rc-chr14-chr22-chr15-chr21-chr1_haplotype1-0000001:236777-2338748/cdrs.bed
            touch results/11-moddotplot/combined/bed/chr15/T2T18_rc-chr14-chr22-chr15-chr21-chr1_haplotype1-0000001:236777-2338748/methyl.bed
        fi
        
Select jobs to execute...
[Thu Jan  8 18:46:51 2026]
Finished jobid: 1012 (Rule: filter_annotations_moddotplot)
182 of 325 steps (56%) done
Execute 1 jobs...

[Thu Jan  8 18:46:51 2026]
localrule filter_annotations_moddotplot:
    input: results/10-format_hor_stv/bed/chr21/stv_all.bed, results/8-format_repeatmasker_sat_annot/bed/all_cens.annotation.bed, results/8-cdr_finder/bed/all_cdrs.bed, results/8-cdr_finder/bed/all_binned_freq.bed, results/11-moddotplot/original/chr21/T2T18_rc-chr14-chr22-chr15-chr21-chr1_haplotype1-0000001:236777-2338748/T2T18_rc-chr14-chr22-chr15-chr21-chr1_haplotype1-0000001:236777-2338748.bed
    output: results/11-moddotplot/combined/bed/chr21/T2T18_rc-chr14-chr22-chr15-chr21-chr1_haplotype1-0000001:236777-2338748/sat_annot.bed, results/11-moddotplot/combined/bed/chr21/T2T18_rc-chr14-chr22-chr15-chr21-chr1_haplotype1-0000001:236777-2338748/ident.bedpe, results/11-moddotplot/combined/bed/chr21/T2T18_rc-chr14-chr22-chr15-chr21-chr1_haplotype1-0000001:236777-2338748/stv.bed, results/11-moddotplot/combined/bed/chr21/T2T18_rc-chr14-chr22-chr15-chr21-chr1_haplotype1-0000001:236777-2338748/cdrs.bed, results/11-moddotplot/combined/bed/chr21/T2T18_rc-chr14-chr22-chr15-chr21-chr1_haplotype1-0000001:236777-2338748/methyl.bed
    jobid: 1064
    reason: Missing output files: results/11-moddotplot/combined/bed/chr21/T2T18_rc-chr14-chr22-chr15-chr21-chr1_haplotype1-0000001:236777-2338748/sat_annot.bed, results/11-moddotplot/combined/bed/chr21/T2T18_rc-chr14-chr22-chr15-chr21-chr1_haplotype1-0000001:236777-2338748/methyl.bed, results/11-moddotplot/combined/bed/chr21/T2T18_rc-chr14-chr22-chr15-chr21-chr1_haplotype1-0000001:236777-2338748/stv.bed, results/11-moddotplot/combined/bed/chr21/T2T18_rc-chr14-chr22-chr15-chr21-chr1_haplotype1-0000001:236777-2338748/cdrs.bed, results/11-moddotplot/combined/bed/chr21/T2T18_rc-chr14-chr22-chr15-chr21-chr1_haplotype1-0000001:236777-2338748/ident.bedpe; Input files updated by another job: results/8-cdr_finder/bed/all_cdrs.bed, results/11-moddotplot/original/chr21/T2T18_rc-chr14-chr22-chr15-chr21-chr1_haplotype1-0000001:236777-2338748/T2T18_rc-chr14-chr22-chr15-chr21-chr1_haplotype1-0000001:236777-2338748.bed, results/8-cdr_finder/bed/all_binned_freq.bed
    wildcards: chr=chr21, fname=T2T18_rc-chr14-chr22-chr15-chr21-chr1_haplotype1-0000001:236777-2338748
    resources: mem_mb=8000, mem_mib=7630, disk_mb=1000, disk_mib=954, tmpdir=/tmp, mem=8GB
Shell command: 
        ( grep 'T2T18_rc-chr14-chr22-chr15-chr21-chr1_haplotype1-0000001:236777-2338748' results/8-format_repeatmasker_sat_annot/bed/all_cens.annotation.bed || true ) > results/11-moddotplot/combined/bed/chr21/T2T18_rc-chr14-chr22-chr15-chr21-chr1_haplotype1-0000001:236777-2338748/sat_annot.bed
        ( grep 'T2T18_rc-chr14-chr22-chr15-chr21-chr1_haplotype1-0000001:236777-2338748' results/10-format_hor_stv/bed/chr21/stv_all.bed || true ) > results/11-moddotplot/combined/bed/chr21/T2T18_rc-chr14-chr22-chr15-chr21-chr1_haplotype1-0000001:236777-2338748/stv.bed
        # Remove header.
        ln -s $(realpath results/11-moddotplot/original/chr21/T2T18_rc-chr14-chr22-chr15-chr21-chr1_haplotype1-0000001:236777-2338748/T2T18_rc-chr14-chr22-chr15-chr21-chr1_haplotype1-0000001:236777-2338748.bed) results/11-moddotplot/combined/bed/chr21/T2T18_rc-chr14-chr22-chr15-chr21-chr1_haplotype1-0000001:236777-2338748/ident.bedpe
        if [ "True" != "False" ]; then
            ( grep 'T2T18_rc-chr14-chr22-chr15-chr21-chr1_haplotype1-0000001:236777-2338748' results/8-cdr_finder/bed/all_cdrs.bed || true ) > results/11-moddotplot/combined/bed/chr21/T2T18_rc-chr14-chr22-chr15-chr21-chr1_haplotype1-0000001:236777-2338748/cdrs.bed
            ( grep 'T2T18_rc-chr14-chr22-chr15-chr21-chr1_haplotype1-0000001:236777-2338748' results/8-cdr_finder/bed/all_binned_freq.bed || true ) > results/11-moddotplot/combined/bed/chr21/T2T18_rc-chr14-chr22-chr15-chr21-chr1_haplotype1-0000001:236777-2338748/methyl.bed
        else
            touch results/11-moddotplot/combined/bed/chr21/T2T18_rc-chr14-chr22-chr15-chr21-chr1_haplotype1-0000001:236777-2338748/cdrs.bed
            touch results/11-moddotplot/combined/bed/chr21/T2T18_rc-chr14-chr22-chr15-chr21-chr1_haplotype1-0000001:236777-2338748/methyl.bed
        fi
        
Select jobs to execute...
[Thu Jan  8 18:46:51 2026]
Finished jobid: 1064 (Rule: filter_annotations_moddotplot)
183 of 325 steps (56%) done
Execute 1 jobs...

[Thu Jan  8 18:46:51 2026]
localrule modify_moddotplot_cenplot_tracks:
    input: results/11-moddotplot/combined/bed/chrY/T2T18_chrY_haplotype1-0000025:8949309-12187008/cdrs.bed, results/11-moddotplot/combined/bed/chrY/T2T18_chrY_haplotype1-0000025:8949309-12187008/sat_annot.bed, results/11-moddotplot/combined/bed/chrY/T2T18_chrY_haplotype1-0000025:8949309-12187008/ident.bedpe, results/11-moddotplot/combined/bed/chrY/T2T18_chrY_haplotype1-0000025:8949309-12187008/stv.bed, results/11-moddotplot/combined/bed/chrY/T2T18_chrY_haplotype1-0000025:8949309-12187008/methyl.bed
    output: results/11-moddotplot/combined/plots/chrY/T2T18_chrY_haplotype1-0000025:8949309-12187008.yaml
    log: logs/11-moddotplot/modify_moddotplot_cenplot_tracks_chrY_T2T18_chrY_haplotype1-0000025:8949309-12187008.log
    jobid: 1089
    reason: Input files updated by another job: results/11-moddotplot/combined/bed/chrY/T2T18_chrY_haplotype1-0000025:8949309-12187008/stv.bed, results/11-moddotplot/combined/bed/chrY/T2T18_chrY_haplotype1-0000025:8949309-12187008/ident.bedpe, results/11-moddotplot/combined/bed/chrY/T2T18_chrY_haplotype1-0000025:8949309-12187008/sat_annot.bed, results/11-moddotplot/combined/bed/chrY/T2T18_chrY_haplotype1-0000025:8949309-12187008/methyl.bed, results/11-moddotplot/combined/bed/chrY/T2T18_chrY_haplotype1-0000025:8949309-12187008/cdrs.bed
    wildcards: chr=chrY, fname=T2T18_chrY_haplotype1-0000025:8949309-12187008
    resources: mem_mb=8000, mem_mib=7630, disk_mb=1000, disk_mib=954, tmpdir=/tmp, mem=8GB
Shell command: 
        python /home/ukt.ad.local/ahgrosc1/.cache/snakemake/snakemake/source-cache/runtime-cache/tmpvv5_ue2g/file/mnt/storage3b/projects/no_ngsd/ahthapp1_T2T_ONT/analysis_other/cenmap_single/T2T18/workflow/rules/../scripts/format_cenplot_yaml.py         -i '{"cdr": "results/11-moddotplot/combined/bed/chrY/T2T18_chrY_haplotype1-0000025:8949309-12187008/cdrs.bed", "rm": "results/11-moddotplot/combined/bed/chrY/T2T18_chrY_haplotype1-0000025:8949309-12187008/sat_annot.bed", "ident": "results/11-moddotplot/combined/bed/chrY/T2T18_chrY_haplotype1-0000025:8949309-12187008/ident.bedpe", "stv": "results/11-moddotplot/combined/bed/chrY/T2T18_chrY_haplotype1-0000025:8949309-12187008/stv.bed", "methyl": "results/11-moddotplot/combined/bed/chrY/T2T18_chrY_haplotype1-0000025:8949309-12187008/methyl.bed"}'         -t /home/ukt.ad.local/ahgrosc1/.cache/snakemake/snakemake/source-cache/runtime-cache/tmpvv5_ue2g/file/mnt/storage3b/projects/no_ngsd/ahthapp1_T2T_ONT/analysis_other/cenmap_single/T2T18/workflow/rules/../scripts/cenplot_moddotplot.yaml         --options '{"hor": {"color_map_file": "/mnt/storage3b/projects/no_ngsd/ahthapp1_T2T_ONT/analysis_other/cenmap_single/T2T18/config/stv_annot_colors.tsv"}}' > results/11-moddotplot/combined/plots/chrY/T2T18_chrY_haplotype1-0000025:8949309-12187008.yaml 2> logs/11-moddotplot/modify_moddotplot_cenplot_tracks_chrY_T2T18_chrY_haplotype1-0000025:8949309-12187008.log
        
Select jobs to execute...
[Thu Jan  8 18:46:51 2026]
Finished jobid: 1089 (Rule: modify_moddotplot_cenplot_tracks)
184 of 325 steps (57%) done
Execute 1 jobs...

[Thu Jan  8 18:46:51 2026]
localrule plot_cen_moddotplot:
    input: results/11-moddotplot/combined/plots/chrY/T2T18_chrY_haplotype1-0000025:8949309-12187008.yaml, results/11-moddotplot/combined/bed/chrY/T2T18_chrY_haplotype1-0000025:8949309-12187008/sat_annot.bed, results/11-moddotplot/combined/bed/chrY/T2T18_chrY_haplotype1-0000025:8949309-12187008/ident.bedpe, results/11-moddotplot/combined/bed/chrY/T2T18_chrY_haplotype1-0000025:8949309-12187008/stv.bed, results/11-moddotplot/combined/bed/chrY/T2T18_chrY_haplotype1-0000025:8949309-12187008/cdrs.bed, results/11-moddotplot/combined/bed/chrY/T2T18_chrY_haplotype1-0000025:8949309-12187008/methyl.bed
    output: results/11-moddotplot/combined/plots/chrY/T2T18_chrY_haplotype1-0000025:8949309-12187008.pdf, results/11-moddotplot/combined/plots/chrY/T2T18_chrY_haplotype1-0000025:8949309-12187008.png
    log: logs/11-moddotplot/plot_moddotplot_chrY_T2T18_chrY_haplotype1-0000025:8949309-12187008.log
    jobid: 1088
    reason: Input files updated by another job: results/11-moddotplot/combined/bed/chrY/T2T18_chrY_haplotype1-0000025:8949309-12187008/stv.bed, results/11-moddotplot/combined/bed/chrY/T2T18_chrY_haplotype1-0000025:8949309-12187008/cdrs.bed, results/11-moddotplot/combined/bed/chrY/T2T18_chrY_haplotype1-0000025:8949309-12187008/ident.bedpe, results/11-moddotplot/combined/bed/chrY/T2T18_chrY_haplotype1-0000025:8949309-12187008/sat_annot.bed, results/11-moddotplot/combined/bed/chrY/T2T18_chrY_haplotype1-0000025:8949309-12187008/methyl.bed, results/11-moddotplot/combined/plots/chrY/T2T18_chrY_haplotype1-0000025:8949309-12187008.yaml
    wildcards: chr=chrY, fname=T2T18_chrY_haplotype1-0000025:8949309-12187008
    resources: mem_mb=8000, mem_mib=7630, disk_mb=1000, disk_mib=954, tmpdir=/tmp, mem=8GB
Shell command: 
        cenplot draw -t results/11-moddotplot/combined/plots/chrY/T2T18_chrY_haplotype1-0000025:8949309-12187008.yaml -d results/11-moddotplot/combined/plots/chrY -c T2T18_chrY_haplotype1-0000025:8949309-12187008 -p 1 2> logs/11-moddotplot/plot_moddotplot_chrY_T2T18_chrY_haplotype1-0000025:8949309-12187008.log
        
Select jobs to execute...
[Thu Jan  8 18:47:18 2026]
Finished jobid: 951 (Rule: plot_cen_moddotplot)
185 of 325 steps (57%) done
Execute 1 jobs...

[Thu Jan  8 18:47:18 2026]
localrule filter_annotations_hor_stv_by_chr:
    input: results/8-cdr_finder/bed/all_cdrs.bed, results/10-format_hor_stv/bed/chr1/stv_all.bed, results/10-format_hor_stv/bed/chr1/stv_complete.bed, results/8-format_repeatmasker_sat_annot/bed/all_cens.annotation.bed
    output: results/11-plot_hor_stv/bed/chr_stv_all_chr1.bed, results/11-plot_hor_stv/bed/chr_stv_complete_chr1.bed, results/11-plot_hor_stv/bed/chr_sat_annot_chr1.bed, results/11-plot_hor_stv/bed/chr_cdr_chr1.bed
    log: logs/11-plot_hor_stv/filter_annotations_chr1_hor_stv.log
    jobid: 176
    reason: Input files updated by another job: results/8-cdr_finder/bed/all_cdrs.bed, results/10-format_hor_stv/bed/chr1/stv_complete.bed
    wildcards: chr=chr1
    resources: mem_mb=8000, mem_mib=7630, disk_mb=1000, disk_mib=954, tmpdir=/tmp, mem=8GB
Shell command: 
        if [ -z "chr1[_:-]" ]; then
            if [ ! "True" == "False" ]; then
                cp results/8-cdr_finder/bed/all_cdrs.bed results/11-plot_hor_stv/bed/chr_cdr_chr1.bed
            fi
            cp results/10-format_hor_stv/bed/chr1/stv_all.bed results/11-plot_hor_stv/bed/chr_stv_all_chr1.bed
            cp results/10-format_hor_stv/bed/chr1/stv_complete.bed results/11-plot_hor_stv/bed/chr_stv_complete_chr1.bed
            cp results/8-format_repeatmasker_sat_annot/bed/all_cens.annotation.bed results/11-plot_hor_stv/bed/chr_sat_annot_chr1.bed
        else
            if [ ! "True" == "False" ]; then
                { grep -P 'chr1[_:-]' results/8-cdr_finder/bed/all_cdrs.bed || true ;} > results/11-plot_hor_stv/bed/chr_cdr_chr1.bed
            fi
            { grep -P 'chr1[_:-]' results/10-format_hor_stv/bed/chr1/stv_all.bed || true ;} > results/11-plot_hor_stv/bed/chr_stv_all_chr1.bed
            { grep -P 'chr1[_:-]' results/10-format_hor_stv/bed/chr1/stv_complete.bed || true ;} > results/11-plot_hor_stv/bed/chr_stv_complete_chr1.bed
            { grep -P 'chr1[_:-]' results/8-format_repeatmasker_sat_annot/bed/all_cens.annotation.bed || true ;} > results/11-plot_hor_stv/bed/chr_sat_annot_chr1.bed
        fi
        touch results/11-plot_hor_stv/bed/chr_stv_all_chr1.bed results/11-plot_hor_stv/bed/chr_stv_complete_chr1.bed results/11-plot_hor_stv/bed/chr_sat_annot_chr1.bed results/11-plot_hor_stv/bed/chr_cdr_chr1.bed
        
Select jobs to execute...
[Thu Jan  8 18:47:19 2026]
Finished jobid: 176 (Rule: filter_annotations_hor_stv_by_chr)
186 of 325 steps (57%) done
Execute 1 jobs...

[Thu Jan  8 18:47:19 2026]
localrule filter_annotations_hor_stv_by_chr:
    input: results/8-cdr_finder/bed/all_cdrs.bed, results/10-format_hor_stv/bed/chr19/stv_all.bed, results/10-format_hor_stv/bed/chr19/stv_complete.bed, results/8-format_repeatmasker_sat_annot/bed/all_cens.annotation.bed
    output: results/11-plot_hor_stv/bed/chr_stv_all_chr19.bed, results/11-plot_hor_stv/bed/chr_stv_complete_chr19.bed, results/11-plot_hor_stv/bed/chr_sat_annot_chr19.bed, results/11-plot_hor_stv/bed/chr_cdr_chr19.bed
    log: logs/11-plot_hor_stv/filter_annotations_chr19_hor_stv.log
    jobid: 235
    reason: Input files updated by another job: results/8-cdr_finder/bed/all_cdrs.bed, results/10-format_hor_stv/bed/chr19/stv_complete.bed
    wildcards: chr=chr19
    resources: mem_mb=8000, mem_mib=7630, disk_mb=1000, disk_mib=954, tmpdir=/tmp, mem=8GB
Shell command: 
        if [ -z "chr19[_:-]" ]; then
            if [ ! "True" == "False" ]; then
                cp results/8-cdr_finder/bed/all_cdrs.bed results/11-plot_hor_stv/bed/chr_cdr_chr19.bed
            fi
            cp results/10-format_hor_stv/bed/chr19/stv_all.bed results/11-plot_hor_stv/bed/chr_stv_all_chr19.bed
            cp results/10-format_hor_stv/bed/chr19/stv_complete.bed results/11-plot_hor_stv/bed/chr_stv_complete_chr19.bed
            cp results/8-format_repeatmasker_sat_annot/bed/all_cens.annotation.bed results/11-plot_hor_stv/bed/chr_sat_annot_chr19.bed
        else
            if [ ! "True" == "False" ]; then
                { grep -P 'chr19[_:-]' results/8-cdr_finder/bed/all_cdrs.bed || true ;} > results/11-plot_hor_stv/bed/chr_cdr_chr19.bed
            fi
            { grep -P 'chr19[_:-]' results/10-format_hor_stv/bed/chr19/stv_all.bed || true ;} > results/11-plot_hor_stv/bed/chr_stv_all_chr19.bed
            { grep -P 'chr19[_:-]' results/10-format_hor_stv/bed/chr19/stv_complete.bed || true ;} > results/11-plot_hor_stv/bed/chr_stv_complete_chr19.bed
            { grep -P 'chr19[_:-]' results/8-format_repeatmasker_sat_annot/bed/all_cens.annotation.bed || true ;} > results/11-plot_hor_stv/bed/chr_sat_annot_chr19.bed
        fi
        touch results/11-plot_hor_stv/bed/chr_stv_all_chr19.bed results/11-plot_hor_stv/bed/chr_stv_complete_chr19.bed results/11-plot_hor_stv/bed/chr_sat_annot_chr19.bed results/11-plot_hor_stv/bed/chr_cdr_chr19.bed
        
Select jobs to execute...
[Thu Jan  8 18:47:19 2026]
Finished jobid: 235 (Rule: filter_annotations_hor_stv_by_chr)
187 of 325 steps (58%) done
Execute 1 jobs...

[Thu Jan  8 18:47:19 2026]
localrule modify_moddotplot_cenplot_tracks:
    input: results/11-moddotplot/combined/bed/chr2/T2T18_rc-chr2_haplotype2-0000058:131396045-133435377/cdrs.bed, results/11-moddotplot/combined/bed/chr2/T2T18_rc-chr2_haplotype2-0000058:131396045-133435377/sat_annot.bed, results/11-moddotplot/combined/bed/chr2/T2T18_rc-chr2_haplotype2-0000058:131396045-133435377/ident.bedpe, results/11-moddotplot/combined/bed/chr2/T2T18_rc-chr2_haplotype2-0000058:131396045-133435377/stv.bed, results/11-moddotplot/combined/bed/chr2/T2T18_rc-chr2_haplotype2-0000058:131396045-133435377/methyl.bed
    output: results/11-moddotplot/combined/plots/chr2/T2T18_rc-chr2_haplotype2-0000058:131396045-133435377.yaml
    log: logs/11-moddotplot/modify_moddotplot_cenplot_tracks_chr2_T2T18_rc-chr2_haplotype2-0000058:131396045-133435377.log
    jobid: 897
    reason: Input files updated by another job: results/11-moddotplot/combined/bed/chr2/T2T18_rc-chr2_haplotype2-0000058:131396045-133435377/stv.bed, results/11-moddotplot/combined/bed/chr2/T2T18_rc-chr2_haplotype2-0000058:131396045-133435377/sat_annot.bed, results/11-moddotplot/combined/bed/chr2/T2T18_rc-chr2_haplotype2-0000058:131396045-133435377/cdrs.bed, results/11-moddotplot/combined/bed/chr2/T2T18_rc-chr2_haplotype2-0000058:131396045-133435377/methyl.bed, results/11-moddotplot/combined/bed/chr2/T2T18_rc-chr2_haplotype2-0000058:131396045-133435377/ident.bedpe
    wildcards: chr=chr2, fname=T2T18_rc-chr2_haplotype2-0000058:131396045-133435377
    resources: mem_mb=8000, mem_mib=7630, disk_mb=1000, disk_mib=954, tmpdir=/tmp, mem=8GB
Shell command: 
        python /home/ukt.ad.local/ahgrosc1/.cache/snakemake/snakemake/source-cache/runtime-cache/tmpvv5_ue2g/file/mnt/storage3b/projects/no_ngsd/ahthapp1_T2T_ONT/analysis_other/cenmap_single/T2T18/workflow/rules/../scripts/format_cenplot_yaml.py         -i '{"cdr": "results/11-moddotplot/combined/bed/chr2/T2T18_rc-chr2_haplotype2-0000058:131396045-133435377/cdrs.bed", "rm": "results/11-moddotplot/combined/bed/chr2/T2T18_rc-chr2_haplotype2-0000058:131396045-133435377/sat_annot.bed", "ident": "results/11-moddotplot/combined/bed/chr2/T2T18_rc-chr2_haplotype2-0000058:131396045-133435377/ident.bedpe", "stv": "results/11-moddotplot/combined/bed/chr2/T2T18_rc-chr2_haplotype2-0000058:131396045-133435377/stv.bed", "methyl": "results/11-moddotplot/combined/bed/chr2/T2T18_rc-chr2_haplotype2-0000058:131396045-133435377/methyl.bed"}'         -t /home/ukt.ad.local/ahgrosc1/.cache/snakemake/snakemake/source-cache/runtime-cache/tmpvv5_ue2g/file/mnt/storage3b/projects/no_ngsd/ahthapp1_T2T_ONT/analysis_other/cenmap_single/T2T18/workflow/rules/../scripts/cenplot_moddotplot.yaml         --options '{"hor": {"color_map_file": "/mnt/storage3b/projects/no_ngsd/ahthapp1_T2T_ONT/analysis_other/cenmap_single/T2T18/config/stv_annot_colors.tsv"}}' > results/11-moddotplot/combined/plots/chr2/T2T18_rc-chr2_haplotype2-0000058:131396045-133435377.yaml 2> logs/11-moddotplot/modify_moddotplot_cenplot_tracks_chr2_T2T18_rc-chr2_haplotype2-0000058:131396045-133435377.log
        
Select jobs to execute...
[Thu Jan  8 18:47:19 2026]
Finished jobid: 897 (Rule: modify_moddotplot_cenplot_tracks)
188 of 325 steps (58%) done
Execute 1 jobs...

[Thu Jan  8 18:47:19 2026]
localrule plot_cen_moddotplot:
    input: results/11-moddotplot/combined/plots/chr2/T2T18_rc-chr2_haplotype2-0000058:131396045-133435377.yaml, results/11-moddotplot/combined/bed/chr2/T2T18_rc-chr2_haplotype2-0000058:131396045-133435377/sat_annot.bed, results/11-moddotplot/combined/bed/chr2/T2T18_rc-chr2_haplotype2-0000058:131396045-133435377/ident.bedpe, results/11-moddotplot/combined/bed/chr2/T2T18_rc-chr2_haplotype2-0000058:131396045-133435377/stv.bed, results/11-moddotplot/combined/bed/chr2/T2T18_rc-chr2_haplotype2-0000058:131396045-133435377/cdrs.bed, results/11-moddotplot/combined/bed/chr2/T2T18_rc-chr2_haplotype2-0000058:131396045-133435377/methyl.bed
    output: results/11-moddotplot/combined/plots/chr2/T2T18_rc-chr2_haplotype2-0000058:131396045-133435377.pdf, results/11-moddotplot/combined/plots/chr2/T2T18_rc-chr2_haplotype2-0000058:131396045-133435377.png
    log: logs/11-moddotplot/plot_moddotplot_chr2_T2T18_rc-chr2_haplotype2-0000058:131396045-133435377.log
    jobid: 896
    reason: Input files updated by another job: results/11-moddotplot/combined/bed/chr2/T2T18_rc-chr2_haplotype2-0000058:131396045-133435377/stv.bed, results/11-moddotplot/combined/bed/chr2/T2T18_rc-chr2_haplotype2-0000058:131396045-133435377/sat_annot.bed, results/11-moddotplot/combined/plots/chr2/T2T18_rc-chr2_haplotype2-0000058:131396045-133435377.yaml, results/11-moddotplot/combined/bed/chr2/T2T18_rc-chr2_haplotype2-0000058:131396045-133435377/cdrs.bed, results/11-moddotplot/combined/bed/chr2/T2T18_rc-chr2_haplotype2-0000058:131396045-133435377/methyl.bed, results/11-moddotplot/combined/bed/chr2/T2T18_rc-chr2_haplotype2-0000058:131396045-133435377/ident.bedpe
    wildcards: chr=chr2, fname=T2T18_rc-chr2_haplotype2-0000058:131396045-133435377
    resources: mem_mb=8000, mem_mib=7630, disk_mb=1000, disk_mib=954, tmpdir=/tmp, mem=8GB
Shell command: 
        cenplot draw -t results/11-moddotplot/combined/plots/chr2/T2T18_rc-chr2_haplotype2-0000058:131396045-133435377.yaml -d results/11-moddotplot/combined/plots/chr2 -c T2T18_rc-chr2_haplotype2-0000058:131396045-133435377 -p 1 2> logs/11-moddotplot/plot_moddotplot_chr2_T2T18_rc-chr2_haplotype2-0000058:131396045-133435377.log
        
Select jobs to execute...
[Thu Jan  8 18:47:20 2026]
Finished jobid: 1004 (Rule: plot_cen_moddotplot)
189 of 325 steps (58%) done
Execute 1 jobs...

[Thu Jan  8 18:47:20 2026]
localrule modify_moddotplot_cenplot_tracks:
    input: results/11-moddotplot/combined/bed/chr2/T2T18_rc-chr2_haplotype1-0000021:131306781-133346987/cdrs.bed, results/11-moddotplot/combined/bed/chr2/T2T18_rc-chr2_haplotype1-0000021:131306781-133346987/sat_annot.bed, results/11-moddotplot/combined/bed/chr2/T2T18_rc-chr2_haplotype1-0000021:131306781-133346987/ident.bedpe, results/11-moddotplot/combined/bed/chr2/T2T18_rc-chr2_haplotype1-0000021:131306781-133346987/stv.bed, results/11-moddotplot/combined/bed/chr2/T2T18_rc-chr2_haplotype1-0000021:131306781-133346987/methyl.bed
    output: results/11-moddotplot/combined/plots/chr2/T2T18_rc-chr2_haplotype1-0000021:131306781-133346987.yaml
    log: logs/11-moddotplot/modify_moddotplot_cenplot_tracks_chr2_T2T18_rc-chr2_haplotype1-0000021:131306781-133346987.log
    jobid: 891
    reason: Input files updated by another job: results/11-moddotplot/combined/bed/chr2/T2T18_rc-chr2_haplotype1-0000021:131306781-133346987/methyl.bed, results/11-moddotplot/combined/bed/chr2/T2T18_rc-chr2_haplotype1-0000021:131306781-133346987/ident.bedpe, results/11-moddotplot/combined/bed/chr2/T2T18_rc-chr2_haplotype1-0000021:131306781-133346987/stv.bed, results/11-moddotplot/combined/bed/chr2/T2T18_rc-chr2_haplotype1-0000021:131306781-133346987/sat_annot.bed, results/11-moddotplot/combined/bed/chr2/T2T18_rc-chr2_haplotype1-0000021:131306781-133346987/cdrs.bed
    wildcards: chr=chr2, fname=T2T18_rc-chr2_haplotype1-0000021:131306781-133346987
    resources: mem_mb=8000, mem_mib=7630, disk_mb=1000, disk_mib=954, tmpdir=/tmp, mem=8GB
Shell command: 
        python /home/ukt.ad.local/ahgrosc1/.cache/snakemake/snakemake/source-cache/runtime-cache/tmpvv5_ue2g/file/mnt/storage3b/projects/no_ngsd/ahthapp1_T2T_ONT/analysis_other/cenmap_single/T2T18/workflow/rules/../scripts/format_cenplot_yaml.py         -i '{"cdr": "results/11-moddotplot/combined/bed/chr2/T2T18_rc-chr2_haplotype1-0000021:131306781-133346987/cdrs.bed", "rm": "results/11-moddotplot/combined/bed/chr2/T2T18_rc-chr2_haplotype1-0000021:131306781-133346987/sat_annot.bed", "ident": "results/11-moddotplot/combined/bed/chr2/T2T18_rc-chr2_haplotype1-0000021:131306781-133346987/ident.bedpe", "stv": "results/11-moddotplot/combined/bed/chr2/T2T18_rc-chr2_haplotype1-0000021:131306781-133346987/stv.bed", "methyl": "results/11-moddotplot/combined/bed/chr2/T2T18_rc-chr2_haplotype1-0000021:131306781-133346987/methyl.bed"}'         -t /home/ukt.ad.local/ahgrosc1/.cache/snakemake/snakemake/source-cache/runtime-cache/tmpvv5_ue2g/file/mnt/storage3b/projects/no_ngsd/ahthapp1_T2T_ONT/analysis_other/cenmap_single/T2T18/workflow/rules/../scripts/cenplot_moddotplot.yaml         --options '{"hor": {"color_map_file": "/mnt/storage3b/projects/no_ngsd/ahthapp1_T2T_ONT/analysis_other/cenmap_single/T2T18/config/stv_annot_colors.tsv"}}' > results/11-moddotplot/combined/plots/chr2/T2T18_rc-chr2_haplotype1-0000021:131306781-133346987.yaml 2> logs/11-moddotplot/modify_moddotplot_cenplot_tracks_chr2_T2T18_rc-chr2_haplotype1-0000021:131306781-133346987.log
        
Select jobs to execute...
[Thu Jan  8 18:47:21 2026]
Finished jobid: 891 (Rule: modify_moddotplot_cenplot_tracks)
190 of 325 steps (58%) done
Execute 1 jobs...

[Thu Jan  8 18:47:21 2026]
localrule plot_cen_moddotplot:
    input: results/11-moddotplot/combined/plots/chr2/T2T18_rc-chr2_haplotype1-0000021:131306781-133346987.yaml, results/11-moddotplot/combined/bed/chr2/T2T18_rc-chr2_haplotype1-0000021:131306781-133346987/sat_annot.bed, results/11-moddotplot/combined/bed/chr2/T2T18_rc-chr2_haplotype1-0000021:131306781-133346987/ident.bedpe, results/11-moddotplot/combined/bed/chr2/T2T18_rc-chr2_haplotype1-0000021:131306781-133346987/stv.bed, results/11-moddotplot/combined/bed/chr2/T2T18_rc-chr2_haplotype1-0000021:131306781-133346987/cdrs.bed, results/11-moddotplot/combined/bed/chr2/T2T18_rc-chr2_haplotype1-0000021:131306781-133346987/methyl.bed
    output: results/11-moddotplot/combined/plots/chr2/T2T18_rc-chr2_haplotype1-0000021:131306781-133346987.pdf, results/11-moddotplot/combined/plots/chr2/T2T18_rc-chr2_haplotype1-0000021:131306781-133346987.png
    log: logs/11-moddotplot/plot_moddotplot_chr2_T2T18_rc-chr2_haplotype1-0000021:131306781-133346987.log
    jobid: 890
    reason: Input files updated by another job: results/11-moddotplot/combined/bed/chr2/T2T18_rc-chr2_haplotype1-0000021:131306781-133346987/methyl.bed, results/11-moddotplot/combined/bed/chr2/T2T18_rc-chr2_haplotype1-0000021:131306781-133346987/stv.bed, results/11-moddotplot/combined/bed/chr2/T2T18_rc-chr2_haplotype1-0000021:131306781-133346987/ident.bedpe, results/11-moddotplot/combined/bed/chr2/T2T18_rc-chr2_haplotype1-0000021:131306781-133346987/sat_annot.bed, results/11-moddotplot/combined/plots/chr2/T2T18_rc-chr2_haplotype1-0000021:131306781-133346987.yaml, results/11-moddotplot/combined/bed/chr2/T2T18_rc-chr2_haplotype1-0000021:131306781-133346987/cdrs.bed
    wildcards: chr=chr2, fname=T2T18_rc-chr2_haplotype1-0000021:131306781-133346987
    resources: mem_mb=8000, mem_mib=7630, disk_mb=1000, disk_mib=954, tmpdir=/tmp, mem=8GB
Shell command: 
        cenplot draw -t results/11-moddotplot/combined/plots/chr2/T2T18_rc-chr2_haplotype1-0000021:131306781-133346987.yaml -d results/11-moddotplot/combined/plots/chr2 -c T2T18_rc-chr2_haplotype1-0000021:131306781-133346987 -p 1 2> logs/11-moddotplot/plot_moddotplot_chr2_T2T18_rc-chr2_haplotype1-0000021:131306781-133346987.log
        
Select jobs to execute...
[Thu Jan  8 18:48:07 2026]
Finished jobid: 896 (Rule: plot_cen_moddotplot)
191 of 325 steps (59%) done
Execute 1 jobs...

[Thu Jan  8 18:48:07 2026]
localrule modify_moddotplot_cenplot_tracks:
    input: results/11-moddotplot/combined/bed/chr15/T2T18_rc-chr14-chr22-chr15-chr21-chr1_haplotype1-0000001:236777-2338748/cdrs.bed, results/11-moddotplot/combined/bed/chr15/T2T18_rc-chr14-chr22-chr15-chr21-chr1_haplotype1-0000001:236777-2338748/sat_annot.bed, results/11-moddotplot/combined/bed/chr15/T2T18_rc-chr14-chr22-chr15-chr21-chr1_haplotype1-0000001:236777-2338748/ident.bedpe, results/11-moddotplot/combined/bed/chr15/T2T18_rc-chr14-chr22-chr15-chr21-chr1_haplotype1-0000001:236777-2338748/stv.bed, results/11-moddotplot/combined/bed/chr15/T2T18_rc-chr14-chr22-chr15-chr21-chr1_haplotype1-0000001:236777-2338748/methyl.bed
    output: results/11-moddotplot/combined/plots/chr15/T2T18_rc-chr14-chr22-chr15-chr21-chr1_haplotype1-0000001:236777-2338748.yaml
    log: logs/11-moddotplot/modify_moddotplot_cenplot_tracks_chr15_T2T18_rc-chr14-chr22-chr15-chr21-chr1_haplotype1-0000001:236777-2338748.log
    jobid: 1011
    reason: Missing output files: results/11-moddotplot/combined/plots/chr15/T2T18_rc-chr14-chr22-chr15-chr21-chr1_haplotype1-0000001:236777-2338748.yaml; Input files updated by another job: results/11-moddotplot/combined/bed/chr15/T2T18_rc-chr14-chr22-chr15-chr21-chr1_haplotype1-0000001:236777-2338748/sat_annot.bed, results/11-moddotplot/combined/bed/chr15/T2T18_rc-chr14-chr22-chr15-chr21-chr1_haplotype1-0000001:236777-2338748/stv.bed, results/11-moddotplot/combined/bed/chr15/T2T18_rc-chr14-chr22-chr15-chr21-chr1_haplotype1-0000001:236777-2338748/methyl.bed, results/11-moddotplot/combined/bed/chr15/T2T18_rc-chr14-chr22-chr15-chr21-chr1_haplotype1-0000001:236777-2338748/ident.bedpe, results/11-moddotplot/combined/bed/chr15/T2T18_rc-chr14-chr22-chr15-chr21-chr1_haplotype1-0000001:236777-2338748/cdrs.bed
    wildcards: chr=chr15, fname=T2T18_rc-chr14-chr22-chr15-chr21-chr1_haplotype1-0000001:236777-2338748
    resources: mem_mb=8000, mem_mib=7630, disk_mb=1000, disk_mib=954, tmpdir=/tmp, mem=8GB
Shell command: 
        python /home/ukt.ad.local/ahgrosc1/.cache/snakemake/snakemake/source-cache/runtime-cache/tmpvv5_ue2g/file/mnt/storage3b/projects/no_ngsd/ahthapp1_T2T_ONT/analysis_other/cenmap_single/T2T18/workflow/rules/../scripts/format_cenplot_yaml.py         -i '{"cdr": "results/11-moddotplot/combined/bed/chr15/T2T18_rc-chr14-chr22-chr15-chr21-chr1_haplotype1-0000001:236777-2338748/cdrs.bed", "rm": "results/11-moddotplot/combined/bed/chr15/T2T18_rc-chr14-chr22-chr15-chr21-chr1_haplotype1-0000001:236777-2338748/sat_annot.bed", "ident": "results/11-moddotplot/combined/bed/chr15/T2T18_rc-chr14-chr22-chr15-chr21-chr1_haplotype1-0000001:236777-2338748/ident.bedpe", "stv": "results/11-moddotplot/combined/bed/chr15/T2T18_rc-chr14-chr22-chr15-chr21-chr1_haplotype1-0000001:236777-2338748/stv.bed", "methyl": "results/11-moddotplot/combined/bed/chr15/T2T18_rc-chr14-chr22-chr15-chr21-chr1_haplotype1-0000001:236777-2338748/methyl.bed"}'         -t /home/ukt.ad.local/ahgrosc1/.cache/snakemake/snakemake/source-cache/runtime-cache/tmpvv5_ue2g/file/mnt/storage3b/projects/no_ngsd/ahthapp1_T2T_ONT/analysis_other/cenmap_single/T2T18/workflow/rules/../scripts/cenplot_moddotplot.yaml         --options '{"hor": {"color_map_file": "/mnt/storage3b/projects/no_ngsd/ahthapp1_T2T_ONT/analysis_other/cenmap_single/T2T18/config/stv_annot_colors.tsv"}}' > results/11-moddotplot/combined/plots/chr15/T2T18_rc-chr14-chr22-chr15-chr21-chr1_haplotype1-0000001:236777-2338748.yaml 2> logs/11-moddotplot/modify_moddotplot_cenplot_tracks_chr15_T2T18_rc-chr14-chr22-chr15-chr21-chr1_haplotype1-0000001:236777-2338748.log
        
Select jobs to execute...
[Thu Jan  8 18:48:07 2026]
Finished jobid: 1011 (Rule: modify_moddotplot_cenplot_tracks)
192 of 325 steps (59%) done
Execute 1 jobs...

[Thu Jan  8 18:48:07 2026]
localrule plot_cen_moddotplot:
    input: results/11-moddotplot/combined/plots/chr15/T2T18_rc-chr14-chr22-chr15-chr21-chr1_haplotype1-0000001:236777-2338748.yaml, results/11-moddotplot/combined/bed/chr15/T2T18_rc-chr14-chr22-chr15-chr21-chr1_haplotype1-0000001:236777-2338748/sat_annot.bed, results/11-moddotplot/combined/bed/chr15/T2T18_rc-chr14-chr22-chr15-chr21-chr1_haplotype1-0000001:236777-2338748/ident.bedpe, results/11-moddotplot/combined/bed/chr15/T2T18_rc-chr14-chr22-chr15-chr21-chr1_haplotype1-0000001:236777-2338748/stv.bed, results/11-moddotplot/combined/bed/chr15/T2T18_rc-chr14-chr22-chr15-chr21-chr1_haplotype1-0000001:236777-2338748/cdrs.bed, results/11-moddotplot/combined/bed/chr15/T2T18_rc-chr14-chr22-chr15-chr21-chr1_haplotype1-0000001:236777-2338748/methyl.bed
    output: results/11-moddotplot/combined/plots/chr15/T2T18_rc-chr14-chr22-chr15-chr21-chr1_haplotype1-0000001:236777-2338748.pdf, results/11-moddotplot/combined/plots/chr15/T2T18_rc-chr14-chr22-chr15-chr21-chr1_haplotype1-0000001:236777-2338748.png
    log: logs/11-moddotplot/plot_moddotplot_chr15_T2T18_rc-chr14-chr22-chr15-chr21-chr1_haplotype1-0000001:236777-2338748.log
    jobid: 1010
    reason: Missing output files: results/11-moddotplot/combined/plots/chr15/T2T18_rc-chr14-chr22-chr15-chr21-chr1_haplotype1-0000001:236777-2338748.png, results/11-moddotplot/combined/plots/chr15/T2T18_rc-chr14-chr22-chr15-chr21-chr1_haplotype1-0000001:236777-2338748.pdf; Input files updated by another job: results/11-moddotplot/combined/bed/chr15/T2T18_rc-chr14-chr22-chr15-chr21-chr1_haplotype1-0000001:236777-2338748/sat_annot.bed, results/11-moddotplot/combined/bed/chr15/T2T18_rc-chr14-chr22-chr15-chr21-chr1_haplotype1-0000001:236777-2338748/stv.bed, results/11-moddotplot/combined/bed/chr15/T2T18_rc-chr14-chr22-chr15-chr21-chr1_haplotype1-0000001:236777-2338748/methyl.bed, results/11-moddotplot/combined/plots/chr15/T2T18_rc-chr14-chr22-chr15-chr21-chr1_haplotype1-0000001:236777-2338748.yaml, results/11-moddotplot/combined/bed/chr15/T2T18_rc-chr14-chr22-chr15-chr21-chr1_haplotype1-0000001:236777-2338748/ident.bedpe, results/11-moddotplot/combined/bed/chr15/T2T18_rc-chr14-chr22-chr15-chr21-chr1_haplotype1-0000001:236777-2338748/cdrs.bed
    wildcards: chr=chr15, fname=T2T18_rc-chr14-chr22-chr15-chr21-chr1_haplotype1-0000001:236777-2338748
    resources: mem_mb=8000, mem_mib=7630, disk_mb=1000, disk_mib=954, tmpdir=/tmp, mem=8GB
Shell command: 
        cenplot draw -t results/11-moddotplot/combined/plots/chr15/T2T18_rc-chr14-chr22-chr15-chr21-chr1_haplotype1-0000001:236777-2338748.yaml -d results/11-moddotplot/combined/plots/chr15 -c T2T18_rc-chr14-chr22-chr15-chr21-chr1_haplotype1-0000001:236777-2338748 -p 1 2> logs/11-moddotplot/plot_moddotplot_chr15_T2T18_rc-chr14-chr22-chr15-chr21-chr1_haplotype1-0000001:236777-2338748.log
        
Select jobs to execute...
[Thu Jan  8 18:48:30 2026]
Finished jobid: 1010 (Rule: plot_cen_moddotplot)
193 of 325 steps (59%) done
Execute 1 jobs...

[Thu Jan  8 18:48:30 2026]
localrule moddotplot_chr:
    input: results/11-moddotplot/original/chr15/T2T18_rc-chr14-chr22-chr15-chr21-chr1_haplotype1-0000001:236777-2338748/T2T18_rc-chr14-chr22-chr15-chr21-chr1_haplotype1-0000001:236777-2338748.bed, results/11-moddotplot/original/chr15/T2T18_rc-chr15_haplotype1-0000003:11959045-17630487/T2T18_rc-chr15_haplotype1-0000003:11959045-17630487.bed, results/11-moddotplot/original/chr15/T2T18_rc-chr15_haplotype2-0000042:11960975-17612962/T2T18_rc-chr15_haplotype2-0000042:11960975-17612962.bed, results/11-moddotplot/combined/plots/chr15/T2T18_rc-chr14-chr22-chr15-chr21-chr1_haplotype1-0000001:236777-2338748.pdf, results/11-moddotplot/combined/plots/chr15/T2T18_rc-chr15_haplotype1-0000003:11959045-17630487.pdf, results/11-moddotplot/combined/plots/chr15/T2T18_rc-chr15_haplotype2-0000042:11960975-17612962.pdf, results/11-moddotplot/combined/plots/chr15/T2T18_rc-chr14-chr22-chr15-chr21-chr1_haplotype1-0000001:236777-2338748.png, results/11-moddotplot/combined/plots/chr15/T2T18_rc-chr15_haplotype1-0000003:11959045-17630487.png, results/11-moddotplot/combined/plots/chr15/T2T18_rc-chr15_haplotype2-0000042:11960975-17612962.png
    output: results/11-moddotplot/moddotplot_chr15.done
    jobid: 266
    reason: Input files updated by another job: results/11-moddotplot/combined/plots/chr15/T2T18_rc-chr15_haplotype1-0000003:11959045-17630487.pdf, results/11-moddotplot/combined/plots/chr15/T2T18_rc-chr15_haplotype1-0000003:11959045-17630487.png, results/11-moddotplot/combined/plots/chr15/T2T18_rc-chr15_haplotype2-0000042:11960975-17612962.pdf, results/11-moddotplot/combined/plots/chr15/T2T18_rc-chr14-chr22-chr15-chr21-chr1_haplotype1-0000001:236777-2338748.png, results/11-moddotplot/combined/plots/chr15/T2T18_rc-chr14-chr22-chr15-chr21-chr1_haplotype1-0000001:236777-2338748.pdf, results/11-moddotplot/combined/plots/chr15/T2T18_rc-chr15_haplotype2-0000042:11960975-17612962.png, results/11-moddotplot/original/chr15/T2T18_rc-chr14-chr22-chr15-chr21-chr1_haplotype1-0000001:236777-2338748/T2T18_rc-chr14-chr22-chr15-chr21-chr1_haplotype1-0000001:236777-2338748.bed
    wildcards: chr=chr15
    resources: mem_mb=8000, mem_mib=7630, disk_mb=1000, disk_mib=954, tmpdir=/tmp, mem=8GB
Shell command: None
Touching output file results/11-moddotplot/moddotplot_chr15.done.
[Thu Jan  8 18:48:30 2026]
Finished jobid: 266 (Rule: moddotplot_chr)
194 of 325 steps (60%) done
Select jobs to execute...
Execute 1 jobs...

[Thu Jan  8 18:48:30 2026]
localrule modify_moddotplot_cenplot_tracks:
    input: results/11-moddotplot/combined/bed/chr21/T2T18_rc-chr14-chr22-chr15-chr21-chr1_haplotype1-0000001:236777-2338748/cdrs.bed, results/11-moddotplot/combined/bed/chr21/T2T18_rc-chr14-chr22-chr15-chr21-chr1_haplotype1-0000001:236777-2338748/sat_annot.bed, results/11-moddotplot/combined/bed/chr21/T2T18_rc-chr14-chr22-chr15-chr21-chr1_haplotype1-0000001:236777-2338748/ident.bedpe, results/11-moddotplot/combined/bed/chr21/T2T18_rc-chr14-chr22-chr15-chr21-chr1_haplotype1-0000001:236777-2338748/stv.bed, results/11-moddotplot/combined/bed/chr21/T2T18_rc-chr14-chr22-chr15-chr21-chr1_haplotype1-0000001:236777-2338748/methyl.bed
    output: results/11-moddotplot/combined/plots/chr21/T2T18_rc-chr14-chr22-chr15-chr21-chr1_haplotype1-0000001:236777-2338748.yaml
    log: logs/11-moddotplot/modify_moddotplot_cenplot_tracks_chr21_T2T18_rc-chr14-chr22-chr15-chr21-chr1_haplotype1-0000001:236777-2338748.log
    jobid: 1063
    reason: Missing output files: results/11-moddotplot/combined/plots/chr21/T2T18_rc-chr14-chr22-chr15-chr21-chr1_haplotype1-0000001:236777-2338748.yaml; Input files updated by another job: results/11-moddotplot/combined/bed/chr21/T2T18_rc-chr14-chr22-chr15-chr21-chr1_haplotype1-0000001:236777-2338748/sat_annot.bed, results/11-moddotplot/combined/bed/chr21/T2T18_rc-chr14-chr22-chr15-chr21-chr1_haplotype1-0000001:236777-2338748/methyl.bed, results/11-moddotplot/combined/bed/chr21/T2T18_rc-chr14-chr22-chr15-chr21-chr1_haplotype1-0000001:236777-2338748/stv.bed, results/11-moddotplot/combined/bed/chr21/T2T18_rc-chr14-chr22-chr15-chr21-chr1_haplotype1-0000001:236777-2338748/cdrs.bed, results/11-moddotplot/combined/bed/chr21/T2T18_rc-chr14-chr22-chr15-chr21-chr1_haplotype1-0000001:236777-2338748/ident.bedpe
    wildcards: chr=chr21, fname=T2T18_rc-chr14-chr22-chr15-chr21-chr1_haplotype1-0000001:236777-2338748
    resources: mem_mb=8000, mem_mib=7630, disk_mb=1000, disk_mib=954, tmpdir=/tmp, mem=8GB
Shell command: 
        python /home/ukt.ad.local/ahgrosc1/.cache/snakemake/snakemake/source-cache/runtime-cache/tmpvv5_ue2g/file/mnt/storage3b/projects/no_ngsd/ahthapp1_T2T_ONT/analysis_other/cenmap_single/T2T18/workflow/rules/../scripts/format_cenplot_yaml.py         -i '{"cdr": "results/11-moddotplot/combined/bed/chr21/T2T18_rc-chr14-chr22-chr15-chr21-chr1_haplotype1-0000001:236777-2338748/cdrs.bed", "rm": "results/11-moddotplot/combined/bed/chr21/T2T18_rc-chr14-chr22-chr15-chr21-chr1_haplotype1-0000001:236777-2338748/sat_annot.bed", "ident": "results/11-moddotplot/combined/bed/chr21/T2T18_rc-chr14-chr22-chr15-chr21-chr1_haplotype1-0000001:236777-2338748/ident.bedpe", "stv": "results/11-moddotplot/combined/bed/chr21/T2T18_rc-chr14-chr22-chr15-chr21-chr1_haplotype1-0000001:236777-2338748/stv.bed", "methyl": "results/11-moddotplot/combined/bed/chr21/T2T18_rc-chr14-chr22-chr15-chr21-chr1_haplotype1-0000001:236777-2338748/methyl.bed"}'         -t /home/ukt.ad.local/ahgrosc1/.cache/snakemake/snakemake/source-cache/runtime-cache/tmpvv5_ue2g/file/mnt/storage3b/projects/no_ngsd/ahthapp1_T2T_ONT/analysis_other/cenmap_single/T2T18/workflow/rules/../scripts/cenplot_moddotplot.yaml         --options '{"hor": {"color_map_file": "/mnt/storage3b/projects/no_ngsd/ahthapp1_T2T_ONT/analysis_other/cenmap_single/T2T18/config/stv_annot_colors.tsv"}}' > results/11-moddotplot/combined/plots/chr21/T2T18_rc-chr14-chr22-chr15-chr21-chr1_haplotype1-0000001:236777-2338748.yaml 2> logs/11-moddotplot/modify_moddotplot_cenplot_tracks_chr21_T2T18_rc-chr14-chr22-chr15-chr21-chr1_haplotype1-0000001:236777-2338748.log
        
Select jobs to execute...
[Thu Jan  8 18:48:30 2026]
Finished jobid: 1063 (Rule: modify_moddotplot_cenplot_tracks)
195 of 325 steps (60%) done
Execute 1 jobs...

[Thu Jan  8 18:48:30 2026]
localrule plot_cen_moddotplot:
    input: results/11-moddotplot/combined/plots/chr21/T2T18_rc-chr14-chr22-chr15-chr21-chr1_haplotype1-0000001:236777-2338748.yaml, results/11-moddotplot/combined/bed/chr21/T2T18_rc-chr14-chr22-chr15-chr21-chr1_haplotype1-0000001:236777-2338748/sat_annot.bed, results/11-moddotplot/combined/bed/chr21/T2T18_rc-chr14-chr22-chr15-chr21-chr1_haplotype1-0000001:236777-2338748/ident.bedpe, results/11-moddotplot/combined/bed/chr21/T2T18_rc-chr14-chr22-chr15-chr21-chr1_haplotype1-0000001:236777-2338748/stv.bed, results/11-moddotplot/combined/bed/chr21/T2T18_rc-chr14-chr22-chr15-chr21-chr1_haplotype1-0000001:236777-2338748/cdrs.bed, results/11-moddotplot/combined/bed/chr21/T2T18_rc-chr14-chr22-chr15-chr21-chr1_haplotype1-0000001:236777-2338748/methyl.bed
    output: results/11-moddotplot/combined/plots/chr21/T2T18_rc-chr14-chr22-chr15-chr21-chr1_haplotype1-0000001:236777-2338748.pdf, results/11-moddotplot/combined/plots/chr21/T2T18_rc-chr14-chr22-chr15-chr21-chr1_haplotype1-0000001:236777-2338748.png
    log: logs/11-moddotplot/plot_moddotplot_chr21_T2T18_rc-chr14-chr22-chr15-chr21-chr1_haplotype1-0000001:236777-2338748.log
    jobid: 1062
    reason: Missing output files: results/11-moddotplot/combined/plots/chr21/T2T18_rc-chr14-chr22-chr15-chr21-chr1_haplotype1-0000001:236777-2338748.png, results/11-moddotplot/combined/plots/chr21/T2T18_rc-chr14-chr22-chr15-chr21-chr1_haplotype1-0000001:236777-2338748.pdf; Input files updated by another job: results/11-moddotplot/combined/bed/chr21/T2T18_rc-chr14-chr22-chr15-chr21-chr1_haplotype1-0000001:236777-2338748/sat_annot.bed, results/11-moddotplot/combined/bed/chr21/T2T18_rc-chr14-chr22-chr15-chr21-chr1_haplotype1-0000001:236777-2338748/methyl.bed, results/11-moddotplot/combined/bed/chr21/T2T18_rc-chr14-chr22-chr15-chr21-chr1_haplotype1-0000001:236777-2338748/stv.bed, results/11-moddotplot/combined/bed/chr21/T2T18_rc-chr14-chr22-chr15-chr21-chr1_haplotype1-0000001:236777-2338748/cdrs.bed, results/11-moddotplot/combined/bed/chr21/T2T18_rc-chr14-chr22-chr15-chr21-chr1_haplotype1-0000001:236777-2338748/ident.bedpe, results/11-moddotplot/combined/plots/chr21/T2T18_rc-chr14-chr22-chr15-chr21-chr1_haplotype1-0000001:236777-2338748.yaml
    wildcards: chr=chr21, fname=T2T18_rc-chr14-chr22-chr15-chr21-chr1_haplotype1-0000001:236777-2338748
    resources: mem_mb=8000, mem_mib=7630, disk_mb=1000, disk_mib=954, tmpdir=/tmp, mem=8GB
Shell command: 
        cenplot draw -t results/11-moddotplot/combined/plots/chr21/T2T18_rc-chr14-chr22-chr15-chr21-chr1_haplotype1-0000001:236777-2338748.yaml -d results/11-moddotplot/combined/plots/chr21 -c T2T18_rc-chr14-chr22-chr15-chr21-chr1_haplotype1-0000001:236777-2338748 -p 1 2> logs/11-moddotplot/plot_moddotplot_chr21_T2T18_rc-chr14-chr22-chr15-chr21-chr1_haplotype1-0000001:236777-2338748.log
        
Select jobs to execute...
[Thu Jan  8 18:48:52 2026]
Finished jobid: 1062 (Rule: plot_cen_moddotplot)
196 of 325 steps (60%) done
Execute 1 jobs...

[Thu Jan  8 18:48:52 2026]
localrule moddotplot_chr:
    input: results/11-moddotplot/original/chr21/T2T18_rc-chr14-chr22-chr15-chr21-chr1_haplotype1-0000001:236777-2338748/T2T18_rc-chr14-chr22-chr15-chr21-chr1_haplotype1-0000001:236777-2338748.bed, results/11-moddotplot/original/chr21/T2T18_rc-chr21_haplotype1-0000024:68080-9501114/T2T18_rc-chr21_haplotype1-0000024:68080-9501114.bed, results/11-moddotplot/original/chr21/T2T18_rc-chr21_haplotype2-0000064:125369-14751379/T2T18_rc-chr21_haplotype2-0000064:125369-14751379.bed, results/11-moddotplot/combined/plots/chr21/T2T18_rc-chr14-chr22-chr15-chr21-chr1_haplotype1-0000001:236777-2338748.pdf, results/11-moddotplot/combined/plots/chr21/T2T18_rc-chr21_haplotype1-0000024:68080-9501114.pdf, results/11-moddotplot/combined/plots/chr21/T2T18_rc-chr21_haplotype2-0000064:125369-14751379.pdf, results/11-moddotplot/combined/plots/chr21/T2T18_rc-chr14-chr22-chr15-chr21-chr1_haplotype1-0000001:236777-2338748.png, results/11-moddotplot/combined/plots/chr21/T2T18_rc-chr21_haplotype1-0000024:68080-9501114.png, results/11-moddotplot/combined/plots/chr21/T2T18_rc-chr21_haplotype2-0000064:125369-14751379.png
    output: results/11-moddotplot/moddotplot_chr21.done
    jobid: 272
    reason: Input files updated by another job: results/11-moddotplot/combined/plots/chr21/T2T18_rc-chr14-chr22-chr15-chr21-chr1_haplotype1-0000001:236777-2338748.png, results/11-moddotplot/combined/plots/chr21/T2T18_rc-chr21_haplotype2-0000064:125369-14751379.pdf, results/11-moddotplot/combined/plots/chr21/T2T18_rc-chr14-chr22-chr15-chr21-chr1_haplotype1-0000001:236777-2338748.pdf, results/11-moddotplot/combined/plots/chr21/T2T18_rc-chr21_haplotype1-0000024:68080-9501114.png, results/11-moddotplot/combined/plots/chr21/T2T18_rc-chr21_haplotype1-0000024:68080-9501114.pdf, results/11-moddotplot/combined/plots/chr21/T2T18_rc-chr21_haplotype2-0000064:125369-14751379.png, results/11-moddotplot/original/chr21/T2T18_rc-chr14-chr22-chr15-chr21-chr1_haplotype1-0000001:236777-2338748/T2T18_rc-chr14-chr22-chr15-chr21-chr1_haplotype1-0000001:236777-2338748.bed
    wildcards: chr=chr21
    resources: mem_mb=8000, mem_mib=7630, disk_mb=1000, disk_mib=954, tmpdir=/tmp, mem=8GB
Shell command: None
Touching output file results/11-moddotplot/moddotplot_chr21.done.
[Thu Jan  8 18:48:53 2026]
Finished jobid: 272 (Rule: moddotplot_chr)
197 of 325 steps (61%) done
Select jobs to execute...
Execute 1 jobs...

[Thu Jan  8 18:48:53 2026]
localrule modify_moddotplot_cenplot_tracks:
    input: results/11-moddotplot/combined/bed/chr14/T2T18_rc-chr14-chr22-chr15-chr21-chr1_haplotype1-0000001:236777-2338748/cdrs.bed, results/11-moddotplot/combined/bed/chr14/T2T18_rc-chr14-chr22-chr15-chr21-chr1_haplotype1-0000001:236777-2338748/sat_annot.bed, results/11-moddotplot/combined/bed/chr14/T2T18_rc-chr14-chr22-chr15-chr21-chr1_haplotype1-0000001:236777-2338748/ident.bedpe, results/11-moddotplot/combined/bed/chr14/T2T18_rc-chr14-chr22-chr15-chr21-chr1_haplotype1-0000001:236777-2338748/stv.bed, results/11-moddotplot/combined/bed/chr14/T2T18_rc-chr14-chr22-chr15-chr21-chr1_haplotype1-0000001:236777-2338748/methyl.bed
    output: results/11-moddotplot/combined/plots/chr14/T2T18_rc-chr14-chr22-chr15-chr21-chr1_haplotype1-0000001:236777-2338748.yaml
    log: logs/11-moddotplot/modify_moddotplot_cenplot_tracks_chr14_T2T18_rc-chr14-chr22-chr15-chr21-chr1_haplotype1-0000001:236777-2338748.log
    jobid: 999
    reason: Input files updated by another job: results/11-moddotplot/combined/bed/chr14/T2T18_rc-chr14-chr22-chr15-chr21-chr1_haplotype1-0000001:236777-2338748/cdrs.bed, results/11-moddotplot/combined/bed/chr14/T2T18_rc-chr14-chr22-chr15-chr21-chr1_haplotype1-0000001:236777-2338748/ident.bedpe, results/11-moddotplot/combined/bed/chr14/T2T18_rc-chr14-chr22-chr15-chr21-chr1_haplotype1-0000001:236777-2338748/methyl.bed, results/11-moddotplot/combined/bed/chr14/T2T18_rc-chr14-chr22-chr15-chr21-chr1_haplotype1-0000001:236777-2338748/sat_annot.bed, results/11-moddotplot/combined/bed/chr14/T2T18_rc-chr14-chr22-chr15-chr21-chr1_haplotype1-0000001:236777-2338748/stv.bed
    wildcards: chr=chr14, fname=T2T18_rc-chr14-chr22-chr15-chr21-chr1_haplotype1-0000001:236777-2338748
    resources: mem_mb=8000, mem_mib=7630, disk_mb=1000, disk_mib=954, tmpdir=/tmp, mem=8GB
Shell command: 
        python /home/ukt.ad.local/ahgrosc1/.cache/snakemake/snakemake/source-cache/runtime-cache/tmpvv5_ue2g/file/mnt/storage3b/projects/no_ngsd/ahthapp1_T2T_ONT/analysis_other/cenmap_single/T2T18/workflow/rules/../scripts/format_cenplot_yaml.py         -i '{"cdr": "results/11-moddotplot/combined/bed/chr14/T2T18_rc-chr14-chr22-chr15-chr21-chr1_haplotype1-0000001:236777-2338748/cdrs.bed", "rm": "results/11-moddotplot/combined/bed/chr14/T2T18_rc-chr14-chr22-chr15-chr21-chr1_haplotype1-0000001:236777-2338748/sat_annot.bed", "ident": "results/11-moddotplot/combined/bed/chr14/T2T18_rc-chr14-chr22-chr15-chr21-chr1_haplotype1-0000001:236777-2338748/ident.bedpe", "stv": "results/11-moddotplot/combined/bed/chr14/T2T18_rc-chr14-chr22-chr15-chr21-chr1_haplotype1-0000001:236777-2338748/stv.bed", "methyl": "results/11-moddotplot/combined/bed/chr14/T2T18_rc-chr14-chr22-chr15-chr21-chr1_haplotype1-0000001:236777-2338748/methyl.bed"}'         -t /home/ukt.ad.local/ahgrosc1/.cache/snakemake/snakemake/source-cache/runtime-cache/tmpvv5_ue2g/file/mnt/storage3b/projects/no_ngsd/ahthapp1_T2T_ONT/analysis_other/cenmap_single/T2T18/workflow/rules/../scripts/cenplot_moddotplot.yaml         --options '{"hor": {"color_map_file": "/mnt/storage3b/projects/no_ngsd/ahthapp1_T2T_ONT/analysis_other/cenmap_single/T2T18/config/stv_annot_colors.tsv"}}' > results/11-moddotplot/combined/plots/chr14/T2T18_rc-chr14-chr22-chr15-chr21-chr1_haplotype1-0000001:236777-2338748.yaml 2> logs/11-moddotplot/modify_moddotplot_cenplot_tracks_chr14_T2T18_rc-chr14-chr22-chr15-chr21-chr1_haplotype1-0000001:236777-2338748.log
        
Select jobs to execute...
[Thu Jan  8 18:48:53 2026]
Finished jobid: 999 (Rule: modify_moddotplot_cenplot_tracks)
198 of 325 steps (61%) done
Execute 1 jobs...

[Thu Jan  8 18:48:53 2026]
localrule plot_cen_moddotplot:
    input: results/11-moddotplot/combined/plots/chr14/T2T18_rc-chr14-chr22-chr15-chr21-chr1_haplotype1-0000001:236777-2338748.yaml, results/11-moddotplot/combined/bed/chr14/T2T18_rc-chr14-chr22-chr15-chr21-chr1_haplotype1-0000001:236777-2338748/sat_annot.bed, results/11-moddotplot/combined/bed/chr14/T2T18_rc-chr14-chr22-chr15-chr21-chr1_haplotype1-0000001:236777-2338748/ident.bedpe, results/11-moddotplot/combined/bed/chr14/T2T18_rc-chr14-chr22-chr15-chr21-chr1_haplotype1-0000001:236777-2338748/stv.bed, results/11-moddotplot/combined/bed/chr14/T2T18_rc-chr14-chr22-chr15-chr21-chr1_haplotype1-0000001:236777-2338748/cdrs.bed, results/11-moddotplot/combined/bed/chr14/T2T18_rc-chr14-chr22-chr15-chr21-chr1_haplotype1-0000001:236777-2338748/methyl.bed
    output: results/11-moddotplot/combined/plots/chr14/T2T18_rc-chr14-chr22-chr15-chr21-chr1_haplotype1-0000001:236777-2338748.pdf, results/11-moddotplot/combined/plots/chr14/T2T18_rc-chr14-chr22-chr15-chr21-chr1_haplotype1-0000001:236777-2338748.png
    log: logs/11-moddotplot/plot_moddotplot_chr14_T2T18_rc-chr14-chr22-chr15-chr21-chr1_haplotype1-0000001:236777-2338748.log
    jobid: 998
    reason: Input files updated by another job: results/11-moddotplot/combined/plots/chr14/T2T18_rc-chr14-chr22-chr15-chr21-chr1_haplotype1-0000001:236777-2338748.yaml, results/11-moddotplot/combined/bed/chr14/T2T18_rc-chr14-chr22-chr15-chr21-chr1_haplotype1-0000001:236777-2338748/cdrs.bed, results/11-moddotplot/combined/bed/chr14/T2T18_rc-chr14-chr22-chr15-chr21-chr1_haplotype1-0000001:236777-2338748/ident.bedpe, results/11-moddotplot/combined/bed/chr14/T2T18_rc-chr14-chr22-chr15-chr21-chr1_haplotype1-0000001:236777-2338748/methyl.bed, results/11-moddotplot/combined/bed/chr14/T2T18_rc-chr14-chr22-chr15-chr21-chr1_haplotype1-0000001:236777-2338748/sat_annot.bed, results/11-moddotplot/combined/bed/chr14/T2T18_rc-chr14-chr22-chr15-chr21-chr1_haplotype1-0000001:236777-2338748/stv.bed
    wildcards: chr=chr14, fname=T2T18_rc-chr14-chr22-chr15-chr21-chr1_haplotype1-0000001:236777-2338748
    resources: mem_mb=8000, mem_mib=7630, disk_mb=1000, disk_mib=954, tmpdir=/tmp, mem=8GB
Shell command: 
        cenplot draw -t results/11-moddotplot/combined/plots/chr14/T2T18_rc-chr14-chr22-chr15-chr21-chr1_haplotype1-0000001:236777-2338748.yaml -d results/11-moddotplot/combined/plots/chr14 -c T2T18_rc-chr14-chr22-chr15-chr21-chr1_haplotype1-0000001:236777-2338748 -p 1 2> logs/11-moddotplot/plot_moddotplot_chr14_T2T18_rc-chr14-chr22-chr15-chr21-chr1_haplotype1-0000001:236777-2338748.log
        
Select jobs to execute...
[Thu Jan  8 18:49:17 2026]
Finished jobid: 998 (Rule: plot_cen_moddotplot)
199 of 325 steps (61%) done
Execute 1 jobs...

[Thu Jan  8 18:49:17 2026]
localrule moddotplot_chr:
    input: results/11-moddotplot/original/chr14/T2T18_rc-chr14-chr22-chr15-chr21-chr1_haplotype1-0000001:236777-2338748/T2T18_rc-chr14-chr22-chr15-chr21-chr1_haplotype1-0000001:236777-2338748.bed, results/11-moddotplot/original/chr14/T2T18_rc-chr14_haplotype1-0000017:4416034-11090355/T2T18_rc-chr14_haplotype1-0000017:4416034-11090355.bed, results/11-moddotplot/original/chr14/T2T18_chr14_haplotype2-0000057:6828751-13606881/T2T18_chr14_haplotype2-0000057:6828751-13606881.bed, results/11-moddotplot/combined/plots/chr14/T2T18_rc-chr14-chr22-chr15-chr21-chr1_haplotype1-0000001:236777-2338748.pdf, results/11-moddotplot/combined/plots/chr14/T2T18_rc-chr14_haplotype1-0000017:4416034-11090355.pdf, results/11-moddotplot/combined/plots/chr14/T2T18_chr14_haplotype2-0000057:6828751-13606881.pdf, results/11-moddotplot/combined/plots/chr14/T2T18_rc-chr14-chr22-chr15-chr21-chr1_haplotype1-0000001:236777-2338748.png, results/11-moddotplot/combined/plots/chr14/T2T18_rc-chr14_haplotype1-0000017:4416034-11090355.png, results/11-moddotplot/combined/plots/chr14/T2T18_chr14_haplotype2-0000057:6828751-13606881.png
    output: results/11-moddotplot/moddotplot_chr14.done
    jobid: 265
    reason: Input files updated by another job: results/11-moddotplot/combined/plots/chr14/T2T18_rc-chr14-chr22-chr15-chr21-chr1_haplotype1-0000001:236777-2338748.pdf, results/11-moddotplot/combined/plots/chr14/T2T18_rc-chr14-chr22-chr15-chr21-chr1_haplotype1-0000001:236777-2338748.png, results/11-moddotplot/combined/plots/chr14/T2T18_rc-chr14_haplotype1-0000017:4416034-11090355.png, results/11-moddotplot/combined/plots/chr14/T2T18_chr14_haplotype2-0000057:6828751-13606881.png, results/11-moddotplot/combined/plots/chr14/T2T18_rc-chr14_haplotype1-0000017:4416034-11090355.pdf, results/11-moddotplot/combined/plots/chr14/T2T18_chr14_haplotype2-0000057:6828751-13606881.pdf
    wildcards: chr=chr14
    resources: mem_mb=8000, mem_mib=7630, disk_mb=1000, disk_mib=954, tmpdir=/tmp, mem=8GB
Shell command: None
Touching output file results/11-moddotplot/moddotplot_chr14.done.
[Thu Jan  8 18:49:17 2026]
Finished jobid: 265 (Rule: moddotplot_chr)
200 of 325 steps (62%) done
Select jobs to execute...
Execute 1 jobs...

[Thu Jan  8 18:49:17 2026]
localrule modify_moddotplot_cenplot_tracks:
    input: results/11-moddotplot/combined/bed/chr22/T2T18_rc-chr14-chr22-chr15-chr21-chr1_haplotype1-0000001:236777-2338748/cdrs.bed, results/11-moddotplot/combined/bed/chr22/T2T18_rc-chr14-chr22-chr15-chr21-chr1_haplotype1-0000001:236777-2338748/sat_annot.bed, results/11-moddotplot/combined/bed/chr22/T2T18_rc-chr14-chr22-chr15-chr21-chr1_haplotype1-0000001:236777-2338748/ident.bedpe, results/11-moddotplot/combined/bed/chr22/T2T18_rc-chr14-chr22-chr15-chr21-chr1_haplotype1-0000001:236777-2338748/stv.bed, results/11-moddotplot/combined/bed/chr22/T2T18_rc-chr14-chr22-chr15-chr21-chr1_haplotype1-0000001:236777-2338748/methyl.bed
    output: results/11-moddotplot/combined/plots/chr22/T2T18_rc-chr14-chr22-chr15-chr21-chr1_haplotype1-0000001:236777-2338748.yaml
    log: logs/11-moddotplot/modify_moddotplot_cenplot_tracks_chr22_T2T18_rc-chr14-chr22-chr15-chr21-chr1_haplotype1-0000001:236777-2338748.log
    jobid: 1075
    reason: Missing output files: results/11-moddotplot/combined/plots/chr22/T2T18_rc-chr14-chr22-chr15-chr21-chr1_haplotype1-0000001:236777-2338748.yaml; Input files updated by another job: results/11-moddotplot/combined/bed/chr22/T2T18_rc-chr14-chr22-chr15-chr21-chr1_haplotype1-0000001:236777-2338748/ident.bedpe, results/11-moddotplot/combined/bed/chr22/T2T18_rc-chr14-chr22-chr15-chr21-chr1_haplotype1-0000001:236777-2338748/stv.bed, results/11-moddotplot/combined/bed/chr22/T2T18_rc-chr14-chr22-chr15-chr21-chr1_haplotype1-0000001:236777-2338748/cdrs.bed, results/11-moddotplot/combined/bed/chr22/T2T18_rc-chr14-chr22-chr15-chr21-chr1_haplotype1-0000001:236777-2338748/methyl.bed, results/11-moddotplot/combined/bed/chr22/T2T18_rc-chr14-chr22-chr15-chr21-chr1_haplotype1-0000001:236777-2338748/sat_annot.bed
    wildcards: chr=chr22, fname=T2T18_rc-chr14-chr22-chr15-chr21-chr1_haplotype1-0000001:236777-2338748
    resources: mem_mb=8000, mem_mib=7630, disk_mb=1000, disk_mib=954, tmpdir=/tmp, mem=8GB
Shell command: 
        python /home/ukt.ad.local/ahgrosc1/.cache/snakemake/snakemake/source-cache/runtime-cache/tmpvv5_ue2g/file/mnt/storage3b/projects/no_ngsd/ahthapp1_T2T_ONT/analysis_other/cenmap_single/T2T18/workflow/rules/../scripts/format_cenplot_yaml.py         -i '{"cdr": "results/11-moddotplot/combined/bed/chr22/T2T18_rc-chr14-chr22-chr15-chr21-chr1_haplotype1-0000001:236777-2338748/cdrs.bed", "rm": "results/11-moddotplot/combined/bed/chr22/T2T18_rc-chr14-chr22-chr15-chr21-chr1_haplotype1-0000001:236777-2338748/sat_annot.bed", "ident": "results/11-moddotplot/combined/bed/chr22/T2T18_rc-chr14-chr22-chr15-chr21-chr1_haplotype1-0000001:236777-2338748/ident.bedpe", "stv": "results/11-moddotplot/combined/bed/chr22/T2T18_rc-chr14-chr22-chr15-chr21-chr1_haplotype1-0000001:236777-2338748/stv.bed", "methyl": "results/11-moddotplot/combined/bed/chr22/T2T18_rc-chr14-chr22-chr15-chr21-chr1_haplotype1-0000001:236777-2338748/methyl.bed"}'         -t /home/ukt.ad.local/ahgrosc1/.cache/snakemake/snakemake/source-cache/runtime-cache/tmpvv5_ue2g/file/mnt/storage3b/projects/no_ngsd/ahthapp1_T2T_ONT/analysis_other/cenmap_single/T2T18/workflow/rules/../scripts/cenplot_moddotplot.yaml         --options '{"hor": {"color_map_file": "/mnt/storage3b/projects/no_ngsd/ahthapp1_T2T_ONT/analysis_other/cenmap_single/T2T18/config/stv_annot_colors.tsv"}}' > results/11-moddotplot/combined/plots/chr22/T2T18_rc-chr14-chr22-chr15-chr21-chr1_haplotype1-0000001:236777-2338748.yaml 2> logs/11-moddotplot/modify_moddotplot_cenplot_tracks_chr22_T2T18_rc-chr14-chr22-chr15-chr21-chr1_haplotype1-0000001:236777-2338748.log
        
Select jobs to execute...
[Thu Jan  8 18:49:17 2026]
Finished jobid: 1075 (Rule: modify_moddotplot_cenplot_tracks)
201 of 325 steps (62%) done
Execute 1 jobs...

[Thu Jan  8 18:49:17 2026]
localrule plot_cen_moddotplot:
    input: results/11-moddotplot/combined/plots/chr22/T2T18_rc-chr14-chr22-chr15-chr21-chr1_haplotype1-0000001:236777-2338748.yaml, results/11-moddotplot/combined/bed/chr22/T2T18_rc-chr14-chr22-chr15-chr21-chr1_haplotype1-0000001:236777-2338748/sat_annot.bed, results/11-moddotplot/combined/bed/chr22/T2T18_rc-chr14-chr22-chr15-chr21-chr1_haplotype1-0000001:236777-2338748/ident.bedpe, results/11-moddotplot/combined/bed/chr22/T2T18_rc-chr14-chr22-chr15-chr21-chr1_haplotype1-0000001:236777-2338748/stv.bed, results/11-moddotplot/combined/bed/chr22/T2T18_rc-chr14-chr22-chr15-chr21-chr1_haplotype1-0000001:236777-2338748/cdrs.bed, results/11-moddotplot/combined/bed/chr22/T2T18_rc-chr14-chr22-chr15-chr21-chr1_haplotype1-0000001:236777-2338748/methyl.bed
    output: results/11-moddotplot/combined/plots/chr22/T2T18_rc-chr14-chr22-chr15-chr21-chr1_haplotype1-0000001:236777-2338748.pdf, results/11-moddotplot/combined/plots/chr22/T2T18_rc-chr14-chr22-chr15-chr21-chr1_haplotype1-0000001:236777-2338748.png
    log: logs/11-moddotplot/plot_moddotplot_chr22_T2T18_rc-chr14-chr22-chr15-chr21-chr1_haplotype1-0000001:236777-2338748.log
    jobid: 1074
    reason: Missing output files: results/11-moddotplot/combined/plots/chr22/T2T18_rc-chr14-chr22-chr15-chr21-chr1_haplotype1-0000001:236777-2338748.png, results/11-moddotplot/combined/plots/chr22/T2T18_rc-chr14-chr22-chr15-chr21-chr1_haplotype1-0000001:236777-2338748.pdf; Input files updated by another job: results/11-moddotplot/combined/bed/chr22/T2T18_rc-chr14-chr22-chr15-chr21-chr1_haplotype1-0000001:236777-2338748/ident.bedpe, results/11-moddotplot/combined/bed/chr22/T2T18_rc-chr14-chr22-chr15-chr21-chr1_haplotype1-0000001:236777-2338748/stv.bed, results/11-moddotplot/combined/bed/chr22/T2T18_rc-chr14-chr22-chr15-chr21-chr1_haplotype1-0000001:236777-2338748/cdrs.bed, results/11-moddotplot/combined/plots/chr22/T2T18_rc-chr14-chr22-chr15-chr21-chr1_haplotype1-0000001:236777-2338748.yaml, results/11-moddotplot/combined/bed/chr22/T2T18_rc-chr14-chr22-chr15-chr21-chr1_haplotype1-0000001:236777-2338748/methyl.bed, results/11-moddotplot/combined/bed/chr22/T2T18_rc-chr14-chr22-chr15-chr21-chr1_haplotype1-0000001:236777-2338748/sat_annot.bed
    wildcards: chr=chr22, fname=T2T18_rc-chr14-chr22-chr15-chr21-chr1_haplotype1-0000001:236777-2338748
    resources: mem_mb=8000, mem_mib=7630, disk_mb=1000, disk_mib=954, tmpdir=/tmp, mem=8GB
Shell command: 
        cenplot draw -t results/11-moddotplot/combined/plots/chr22/T2T18_rc-chr14-chr22-chr15-chr21-chr1_haplotype1-0000001:236777-2338748.yaml -d results/11-moddotplot/combined/plots/chr22 -c T2T18_rc-chr14-chr22-chr15-chr21-chr1_haplotype1-0000001:236777-2338748 -p 1 2> logs/11-moddotplot/plot_moddotplot_chr22_T2T18_rc-chr14-chr22-chr15-chr21-chr1_haplotype1-0000001:236777-2338748.log
        
Select jobs to execute...
[Thu Jan  8 18:49:39 2026]
Finished jobid: 1074 (Rule: plot_cen_moddotplot)
202 of 325 steps (62%) done
Execute 1 jobs...

[Thu Jan  8 18:49:39 2026]
localrule modify_moddotplot_cenplot_tracks:
    input: results/11-moddotplot/combined/bed/chr1/T2T18_rc-chr14-chr22-chr15-chr21-chr1_haplotype1-0000001:236777-2338748/cdrs.bed, results/11-moddotplot/combined/bed/chr1/T2T18_rc-chr14-chr22-chr15-chr21-chr1_haplotype1-0000001:236777-2338748/sat_annot.bed, results/11-moddotplot/combined/bed/chr1/T2T18_rc-chr14-chr22-chr15-chr21-chr1_haplotype1-0000001:236777-2338748/ident.bedpe, results/11-moddotplot/combined/bed/chr1/T2T18_rc-chr14-chr22-chr15-chr21-chr1_haplotype1-0000001:236777-2338748/stv.bed, results/11-moddotplot/combined/bed/chr1/T2T18_rc-chr14-chr22-chr15-chr21-chr1_haplotype1-0000001:236777-2338748/methyl.bed
    output: results/11-moddotplot/combined/plots/chr1/T2T18_rc-chr14-chr22-chr15-chr21-chr1_haplotype1-0000001:236777-2338748.yaml
    log: logs/11-moddotplot/modify_moddotplot_cenplot_tracks_chr1_T2T18_rc-chr14-chr22-chr15-chr21-chr1_haplotype1-0000001:236777-2338748.log
    jobid: 875
    reason: Missing output files: results/11-moddotplot/combined/plots/chr1/T2T18_rc-chr14-chr22-chr15-chr21-chr1_haplotype1-0000001:236777-2338748.yaml; Input files updated by another job: results/11-moddotplot/combined/bed/chr1/T2T18_rc-chr14-chr22-chr15-chr21-chr1_haplotype1-0000001:236777-2338748/methyl.bed, results/11-moddotplot/combined/bed/chr1/T2T18_rc-chr14-chr22-chr15-chr21-chr1_haplotype1-0000001:236777-2338748/sat_annot.bed, results/11-moddotplot/combined/bed/chr1/T2T18_rc-chr14-chr22-chr15-chr21-chr1_haplotype1-0000001:236777-2338748/ident.bedpe, results/11-moddotplot/combined/bed/chr1/T2T18_rc-chr14-chr22-chr15-chr21-chr1_haplotype1-0000001:236777-2338748/stv.bed, results/11-moddotplot/combined/bed/chr1/T2T18_rc-chr14-chr22-chr15-chr21-chr1_haplotype1-0000001:236777-2338748/cdrs.bed
    wildcards: chr=chr1, fname=T2T18_rc-chr14-chr22-chr15-chr21-chr1_haplotype1-0000001:236777-2338748
    resources: mem_mb=8000, mem_mib=7630, disk_mb=1000, disk_mib=954, tmpdir=/tmp, mem=8GB
Shell command: 
        python /home/ukt.ad.local/ahgrosc1/.cache/snakemake/snakemake/source-cache/runtime-cache/tmpvv5_ue2g/file/mnt/storage3b/projects/no_ngsd/ahthapp1_T2T_ONT/analysis_other/cenmap_single/T2T18/workflow/rules/../scripts/format_cenplot_yaml.py         -i '{"cdr": "results/11-moddotplot/combined/bed/chr1/T2T18_rc-chr14-chr22-chr15-chr21-chr1_haplotype1-0000001:236777-2338748/cdrs.bed", "rm": "results/11-moddotplot/combined/bed/chr1/T2T18_rc-chr14-chr22-chr15-chr21-chr1_haplotype1-0000001:236777-2338748/sat_annot.bed", "ident": "results/11-moddotplot/combined/bed/chr1/T2T18_rc-chr14-chr22-chr15-chr21-chr1_haplotype1-0000001:236777-2338748/ident.bedpe", "stv": "results/11-moddotplot/combined/bed/chr1/T2T18_rc-chr14-chr22-chr15-chr21-chr1_haplotype1-0000001:236777-2338748/stv.bed", "methyl": "results/11-moddotplot/combined/bed/chr1/T2T18_rc-chr14-chr22-chr15-chr21-chr1_haplotype1-0000001:236777-2338748/methyl.bed"}'         -t /home/ukt.ad.local/ahgrosc1/.cache/snakemake/snakemake/source-cache/runtime-cache/tmpvv5_ue2g/file/mnt/storage3b/projects/no_ngsd/ahthapp1_T2T_ONT/analysis_other/cenmap_single/T2T18/workflow/rules/../scripts/cenplot_moddotplot.yaml         --options '{"hor": {"color_map_file": "/mnt/storage3b/projects/no_ngsd/ahthapp1_T2T_ONT/analysis_other/cenmap_single/T2T18/config/stv_annot_colors.tsv"}}' > results/11-moddotplot/combined/plots/chr1/T2T18_rc-chr14-chr22-chr15-chr21-chr1_haplotype1-0000001:236777-2338748.yaml 2> logs/11-moddotplot/modify_moddotplot_cenplot_tracks_chr1_T2T18_rc-chr14-chr22-chr15-chr21-chr1_haplotype1-0000001:236777-2338748.log
        
Select jobs to execute...
[Thu Jan  8 18:49:39 2026]
Finished jobid: 875 (Rule: modify_moddotplot_cenplot_tracks)
203 of 325 steps (62%) done
Execute 1 jobs...

[Thu Jan  8 18:49:39 2026]
localrule plot_cen_moddotplot:
    input: results/11-moddotplot/combined/plots/chr1/T2T18_rc-chr14-chr22-chr15-chr21-chr1_haplotype1-0000001:236777-2338748.yaml, results/11-moddotplot/combined/bed/chr1/T2T18_rc-chr14-chr22-chr15-chr21-chr1_haplotype1-0000001:236777-2338748/sat_annot.bed, results/11-moddotplot/combined/bed/chr1/T2T18_rc-chr14-chr22-chr15-chr21-chr1_haplotype1-0000001:236777-2338748/ident.bedpe, results/11-moddotplot/combined/bed/chr1/T2T18_rc-chr14-chr22-chr15-chr21-chr1_haplotype1-0000001:236777-2338748/stv.bed, results/11-moddotplot/combined/bed/chr1/T2T18_rc-chr14-chr22-chr15-chr21-chr1_haplotype1-0000001:236777-2338748/cdrs.bed, results/11-moddotplot/combined/bed/chr1/T2T18_rc-chr14-chr22-chr15-chr21-chr1_haplotype1-0000001:236777-2338748/methyl.bed
    output: results/11-moddotplot/combined/plots/chr1/T2T18_rc-chr14-chr22-chr15-chr21-chr1_haplotype1-0000001:236777-2338748.pdf, results/11-moddotplot/combined/plots/chr1/T2T18_rc-chr14-chr22-chr15-chr21-chr1_haplotype1-0000001:236777-2338748.png
    log: logs/11-moddotplot/plot_moddotplot_chr1_T2T18_rc-chr14-chr22-chr15-chr21-chr1_haplotype1-0000001:236777-2338748.log
    jobid: 874
    reason: Missing output files: results/11-moddotplot/combined/plots/chr1/T2T18_rc-chr14-chr22-chr15-chr21-chr1_haplotype1-0000001:236777-2338748.png, results/11-moddotplot/combined/plots/chr1/T2T18_rc-chr14-chr22-chr15-chr21-chr1_haplotype1-0000001:236777-2338748.pdf; Input files updated by another job: results/11-moddotplot/combined/bed/chr1/T2T18_rc-chr14-chr22-chr15-chr21-chr1_haplotype1-0000001:236777-2338748/methyl.bed, results/11-moddotplot/combined/plots/chr1/T2T18_rc-chr14-chr22-chr15-chr21-chr1_haplotype1-0000001:236777-2338748.yaml, results/11-moddotplot/combined/bed/chr1/T2T18_rc-chr14-chr22-chr15-chr21-chr1_haplotype1-0000001:236777-2338748/sat_annot.bed, results/11-moddotplot/combined/bed/chr1/T2T18_rc-chr14-chr22-chr15-chr21-chr1_haplotype1-0000001:236777-2338748/ident.bedpe, results/11-moddotplot/combined/bed/chr1/T2T18_rc-chr14-chr22-chr15-chr21-chr1_haplotype1-0000001:236777-2338748/stv.bed, results/11-moddotplot/combined/bed/chr1/T2T18_rc-chr14-chr22-chr15-chr21-chr1_haplotype1-0000001:236777-2338748/cdrs.bed
    wildcards: chr=chr1, fname=T2T18_rc-chr14-chr22-chr15-chr21-chr1_haplotype1-0000001:236777-2338748
    resources: mem_mb=8000, mem_mib=7630, disk_mb=1000, disk_mib=954, tmpdir=/tmp, mem=8GB
Shell command: 
        cenplot draw -t results/11-moddotplot/combined/plots/chr1/T2T18_rc-chr14-chr22-chr15-chr21-chr1_haplotype1-0000001:236777-2338748.yaml -d results/11-moddotplot/combined/plots/chr1 -c T2T18_rc-chr14-chr22-chr15-chr21-chr1_haplotype1-0000001:236777-2338748 -p 1 2> logs/11-moddotplot/plot_moddotplot_chr1_T2T18_rc-chr14-chr22-chr15-chr21-chr1_haplotype1-0000001:236777-2338748.log
        
Select jobs to execute...
[Thu Jan  8 18:50:27 2026]
Finished jobid: 1088 (Rule: plot_cen_moddotplot)
204 of 325 steps (63%) done
Execute 1 jobs...

[Thu Jan  8 18:50:27 2026]
localrule moddotplot_chr:
    input: results/11-moddotplot/original/chrY/T2T18_chrY_haplotype1-0000025:8949309-12187008/T2T18_chrY_haplotype1-0000025:8949309-12187008.bed, results/11-moddotplot/combined/plots/chrY/T2T18_chrY_haplotype1-0000025:8949309-12187008.pdf, results/11-moddotplot/combined/plots/chrY/T2T18_chrY_haplotype1-0000025:8949309-12187008.png
    output: results/11-moddotplot/moddotplot_chrY.done
    jobid: 275
    reason: Input files updated by another job: results/11-moddotplot/combined/plots/chrY/T2T18_chrY_haplotype1-0000025:8949309-12187008.pdf, results/11-moddotplot/combined/plots/chrY/T2T18_chrY_haplotype1-0000025:8949309-12187008.png
    wildcards: chr=chrY
    resources: mem_mb=8000, mem_mib=7630, disk_mb=1000, disk_mib=954, tmpdir=/tmp, mem=8GB
Shell command: None
Touching output file results/11-moddotplot/moddotplot_chrY.done.
[Thu Jan  8 18:50:27 2026]
Finished jobid: 275 (Rule: moddotplot_chr)
205 of 325 steps (63%) done
Select jobs to execute...
Execute 1 jobs...

[Thu Jan  8 18:50:27 2026]
localrule plot_hor_stv_by_chr:
    input: results/11-plot_hor_stv/bed/chr_cdr_chr1.bed, results/11-plot_hor_stv/bed/chr_stv_all_chr1.bed, results/11-plot_hor_stv/bed/chr_sat_annot_chr1.bed
    output: results/11-plot_hor_stv/plots/chr_all_chr1.png, results/11-plot_hor_stv/plots/chr_all_chr1.pdf
    log: logs/11-plot_hor_stv/plot_chr1_hor_stv_all.log
    jobid: 182
    reason: Input files updated by another job: results/11-plot_hor_stv/bed/chr_cdr_chr1.bed, results/11-plot_hor_stv/bed/chr_sat_annot_chr1.bed, results/11-plot_hor_stv/bed/chr_stv_all_chr1.bed
    wildcards: typ=all, chr=chr1
    resources: mem_mb=8000, mem_mib=7630, disk_mb=1000, disk_mib=954, tmpdir=/tmp, mem=8GB
Shell command: 
    { python /home/ukt.ad.local/ahgrosc1/.cache/snakemake/snakemake/source-cache/runtime-cache/tmpvv5_ue2g/file/mnt/storage3b/projects/no_ngsd/ahthapp1_T2T_ONT/analysis_other/cenmap_single/T2T18/workflow/rules/../scripts/plot_multiple_cen.py     -i '{"cdr": "results/11-plot_hor_stv/bed/chr_cdr_chr1.bed", "stv": "results/11-plot_hor_stv/bed/chr_stv_all_chr1.bed", "rm": "results/11-plot_hor_stv/bed/chr_sat_annot_chr1.bed"}'     -t /home/ukt.ad.local/ahgrosc1/.cache/snakemake/snakemake/source-cache/runtime-cache/tmpvv5_ue2g/file/mnt/storage3b/projects/no_ngsd/ahthapp1_T2T_ONT/analysis_other/cenmap_single/T2T18/workflow/rules/../scripts/cenplot_hor_stv_plot.yaml     -o results/11-plot_hor_stv/plots/chr_all_chr1     --options '{"hor": {"color_map_file": "/mnt/storage3b/projects/no_ngsd/ahthapp1_T2T_ONT/analysis_other/cenmap_single/T2T18/config/stv_annot_colors.tsv"}}'  --ref_ax_idx 1 || true ;} 2> logs/11-plot_hor_stv/plot_chr1_hor_stv_all.log
    touch results/11-plot_hor_stv/plots/chr_all_chr1.png results/11-plot_hor_stv/plots/chr_all_chr1.pdf

Select jobs to execute...
[Thu Jan  8 18:50:59 2026]
Finished jobid: 182 (Rule: plot_hor_stv_by_chr)
206 of 325 steps (63%) done
Execute 1 jobs...

[Thu Jan  8 18:50:59 2026]
localrule plot_hor_stv_by_chr:
    input: results/11-plot_hor_stv/bed/chr_cdr_chr1.bed, results/11-plot_hor_stv/bed/chr_stv_complete_chr1.bed, results/11-plot_hor_stv/bed/chr_sat_annot_chr1.bed
    output: results/11-plot_hor_stv/plots/chr_complete_chr1.png, results/11-plot_hor_stv/plots/chr_complete_chr1.pdf
    log: logs/11-plot_hor_stv/plot_chr1_hor_stv_complete.log
    jobid: 175
    reason: Input files updated by another job: results/11-plot_hor_stv/bed/chr_cdr_chr1.bed, results/11-plot_hor_stv/bed/chr_stv_complete_chr1.bed, results/11-plot_hor_stv/bed/chr_sat_annot_chr1.bed
    wildcards: typ=complete, chr=chr1
    resources: mem_mb=8000, mem_mib=7630, disk_mb=1000, disk_mib=954, tmpdir=/tmp, mem=8GB
Shell command: 
    { python /home/ukt.ad.local/ahgrosc1/.cache/snakemake/snakemake/source-cache/runtime-cache/tmpvv5_ue2g/file/mnt/storage3b/projects/no_ngsd/ahthapp1_T2T_ONT/analysis_other/cenmap_single/T2T18/workflow/rules/../scripts/plot_multiple_cen.py     -i '{"cdr": "results/11-plot_hor_stv/bed/chr_cdr_chr1.bed", "stv": "results/11-plot_hor_stv/bed/chr_stv_complete_chr1.bed", "rm": "results/11-plot_hor_stv/bed/chr_sat_annot_chr1.bed"}'     -t /home/ukt.ad.local/ahgrosc1/.cache/snakemake/snakemake/source-cache/runtime-cache/tmpvv5_ue2g/file/mnt/storage3b/projects/no_ngsd/ahthapp1_T2T_ONT/analysis_other/cenmap_single/T2T18/workflow/rules/../scripts/cenplot_hor_stv_plot.yaml     -o results/11-plot_hor_stv/plots/chr_complete_chr1     --options '{"hor": {"color_map_file": "/mnt/storage3b/projects/no_ngsd/ahthapp1_T2T_ONT/analysis_other/cenmap_single/T2T18/config/stv_annot_colors.tsv"}}' --omit_if_any_empty --ref_ax_idx 1 || true ;} 2> logs/11-plot_hor_stv/plot_chr1_hor_stv_complete.log
    touch results/11-plot_hor_stv/plots/chr_complete_chr1.png results/11-plot_hor_stv/plots/chr_complete_chr1.pdf

Select jobs to execute...
[Thu Jan  8 18:51:26 2026]
Finished jobid: 874 (Rule: plot_cen_moddotplot)
207 of 325 steps (64%) done
Execute 1 jobs...

[Thu Jan  8 18:51:26 2026]
localrule filter_annotations_hor_stv_by_chr:
    input: results/8-cdr_finder/bed/all_cdrs.bed, results/10-format_hor_stv/bed/chr11/stv_all.bed, results/10-format_hor_stv/bed/chr11/stv_complete.bed, results/8-format_repeatmasker_sat_annot/bed/all_cens.annotation.bed
    output: results/11-plot_hor_stv/bed/chr_stv_all_chr11.bed, results/11-plot_hor_stv/bed/chr_stv_complete_chr11.bed, results/11-plot_hor_stv/bed/chr_sat_annot_chr11.bed, results/11-plot_hor_stv/bed/chr_cdr_chr11.bed
    log: logs/11-plot_hor_stv/filter_annotations_chr11_hor_stv.log
    jobid: 211
    reason: Input files updated by another job: results/8-cdr_finder/bed/all_cdrs.bed, results/10-format_hor_stv/bed/chr11/stv_complete.bed
    wildcards: chr=chr11
    resources: mem_mb=8000, mem_mib=7630, disk_mb=1000, disk_mib=954, tmpdir=/tmp, mem=8GB
Shell command: 
        if [ -z "chr11[_:-]" ]; then
            if [ ! "True" == "False" ]; then
                cp results/8-cdr_finder/bed/all_cdrs.bed results/11-plot_hor_stv/bed/chr_cdr_chr11.bed
            fi
            cp results/10-format_hor_stv/bed/chr11/stv_all.bed results/11-plot_hor_stv/bed/chr_stv_all_chr11.bed
            cp results/10-format_hor_stv/bed/chr11/stv_complete.bed results/11-plot_hor_stv/bed/chr_stv_complete_chr11.bed
            cp results/8-format_repeatmasker_sat_annot/bed/all_cens.annotation.bed results/11-plot_hor_stv/bed/chr_sat_annot_chr11.bed
        else
            if [ ! "True" == "False" ]; then
                { grep -P 'chr11[_:-]' results/8-cdr_finder/bed/all_cdrs.bed || true ;} > results/11-plot_hor_stv/bed/chr_cdr_chr11.bed
            fi
            { grep -P 'chr11[_:-]' results/10-format_hor_stv/bed/chr11/stv_all.bed || true ;} > results/11-plot_hor_stv/bed/chr_stv_all_chr11.bed
            { grep -P 'chr11[_:-]' results/10-format_hor_stv/bed/chr11/stv_complete.bed || true ;} > results/11-plot_hor_stv/bed/chr_stv_complete_chr11.bed
            { grep -P 'chr11[_:-]' results/8-format_repeatmasker_sat_annot/bed/all_cens.annotation.bed || true ;} > results/11-plot_hor_stv/bed/chr_sat_annot_chr11.bed
        fi
        touch results/11-plot_hor_stv/bed/chr_stv_all_chr11.bed results/11-plot_hor_stv/bed/chr_stv_complete_chr11.bed results/11-plot_hor_stv/bed/chr_sat_annot_chr11.bed results/11-plot_hor_stv/bed/chr_cdr_chr11.bed
        
Select jobs to execute...
[Thu Jan  8 18:51:26 2026]
Finished jobid: 211 (Rule: filter_annotations_hor_stv_by_chr)
208 of 325 steps (64%) done
Execute 1 jobs...

[Thu Jan  8 18:51:26 2026]
localrule filter_annotations_hor_stv_by_chr:
    input: results/8-cdr_finder/bed/all_cdrs.bed, results/10-format_hor_stv/bed/chr5/stv_all.bed, results/10-format_hor_stv/bed/chr5/stv_complete.bed, results/8-format_repeatmasker_sat_annot/bed/all_cens.annotation.bed
    output: results/11-plot_hor_stv/bed/chr_stv_all_chr5.bed, results/11-plot_hor_stv/bed/chr_stv_complete_chr5.bed, results/11-plot_hor_stv/bed/chr_sat_annot_chr5.bed, results/11-plot_hor_stv/bed/chr_cdr_chr5.bed
    log: logs/11-plot_hor_stv/filter_annotations_chr5_hor_stv.log
    jobid: 193
    reason: Input files updated by another job: results/8-cdr_finder/bed/all_cdrs.bed, results/10-format_hor_stv/bed/chr5/stv_complete.bed
    wildcards: chr=chr5
    resources: mem_mb=8000, mem_mib=7630, disk_mb=1000, disk_mib=954, tmpdir=/tmp, mem=8GB
Shell command: 
        if [ -z "chr5[_:-]" ]; then
            if [ ! "True" == "False" ]; then
                cp results/8-cdr_finder/bed/all_cdrs.bed results/11-plot_hor_stv/bed/chr_cdr_chr5.bed
            fi
            cp results/10-format_hor_stv/bed/chr5/stv_all.bed results/11-plot_hor_stv/bed/chr_stv_all_chr5.bed
            cp results/10-format_hor_stv/bed/chr5/stv_complete.bed results/11-plot_hor_stv/bed/chr_stv_complete_chr5.bed
            cp results/8-format_repeatmasker_sat_annot/bed/all_cens.annotation.bed results/11-plot_hor_stv/bed/chr_sat_annot_chr5.bed
        else
            if [ ! "True" == "False" ]; then
                { grep -P 'chr5[_:-]' results/8-cdr_finder/bed/all_cdrs.bed || true ;} > results/11-plot_hor_stv/bed/chr_cdr_chr5.bed
            fi
            { grep -P 'chr5[_:-]' results/10-format_hor_stv/bed/chr5/stv_all.bed || true ;} > results/11-plot_hor_stv/bed/chr_stv_all_chr5.bed
            { grep -P 'chr5[_:-]' results/10-format_hor_stv/bed/chr5/stv_complete.bed || true ;} > results/11-plot_hor_stv/bed/chr_stv_complete_chr5.bed
            { grep -P 'chr5[_:-]' results/8-format_repeatmasker_sat_annot/bed/all_cens.annotation.bed || true ;} > results/11-plot_hor_stv/bed/chr_sat_annot_chr5.bed
        fi
        touch results/11-plot_hor_stv/bed/chr_stv_all_chr5.bed results/11-plot_hor_stv/bed/chr_stv_complete_chr5.bed results/11-plot_hor_stv/bed/chr_sat_annot_chr5.bed results/11-plot_hor_stv/bed/chr_cdr_chr5.bed
        
Select jobs to execute...
[Thu Jan  8 18:51:26 2026]
Finished jobid: 193 (Rule: filter_annotations_hor_stv_by_chr)
209 of 325 steps (64%) done
Execute 1 jobs...

[Thu Jan  8 18:51:26 2026]
localrule filter_annotations_hor_stv_by_chr:
    input: results/8-cdr_finder/bed/all_cdrs.bed, results/10-format_hor_stv/bed/chr2/stv_all.bed, results/10-format_hor_stv/bed/chr2/stv_complete.bed, results/8-format_repeatmasker_sat_annot/bed/all_cens.annotation.bed
    output: results/11-plot_hor_stv/bed/chr_stv_all_chr2.bed, results/11-plot_hor_stv/bed/chr_stv_complete_chr2.bed, results/11-plot_hor_stv/bed/chr_sat_annot_chr2.bed, results/11-plot_hor_stv/bed/chr_cdr_chr2.bed
    log: logs/11-plot_hor_stv/filter_annotations_chr2_hor_stv.log
    jobid: 184
    reason: Input files updated by another job: results/8-cdr_finder/bed/all_cdrs.bed, results/10-format_hor_stv/bed/chr2/stv_complete.bed
    wildcards: chr=chr2
    resources: mem_mb=8000, mem_mib=7630, disk_mb=1000, disk_mib=954, tmpdir=/tmp, mem=8GB
Shell command: 
        if [ -z "chr2[_:-]" ]; then
            if [ ! "True" == "False" ]; then
                cp results/8-cdr_finder/bed/all_cdrs.bed results/11-plot_hor_stv/bed/chr_cdr_chr2.bed
            fi
            cp results/10-format_hor_stv/bed/chr2/stv_all.bed results/11-plot_hor_stv/bed/chr_stv_all_chr2.bed
            cp results/10-format_hor_stv/bed/chr2/stv_complete.bed results/11-plot_hor_stv/bed/chr_stv_complete_chr2.bed
            cp results/8-format_repeatmasker_sat_annot/bed/all_cens.annotation.bed results/11-plot_hor_stv/bed/chr_sat_annot_chr2.bed
        else
            if [ ! "True" == "False" ]; then
                { grep -P 'chr2[_:-]' results/8-cdr_finder/bed/all_cdrs.bed || true ;} > results/11-plot_hor_stv/bed/chr_cdr_chr2.bed
            fi
            { grep -P 'chr2[_:-]' results/10-format_hor_stv/bed/chr2/stv_all.bed || true ;} > results/11-plot_hor_stv/bed/chr_stv_all_chr2.bed
            { grep -P 'chr2[_:-]' results/10-format_hor_stv/bed/chr2/stv_complete.bed || true ;} > results/11-plot_hor_stv/bed/chr_stv_complete_chr2.bed
            { grep -P 'chr2[_:-]' results/8-format_repeatmasker_sat_annot/bed/all_cens.annotation.bed || true ;} > results/11-plot_hor_stv/bed/chr_sat_annot_chr2.bed
        fi
        touch results/11-plot_hor_stv/bed/chr_stv_all_chr2.bed results/11-plot_hor_stv/bed/chr_stv_complete_chr2.bed results/11-plot_hor_stv/bed/chr_sat_annot_chr2.bed results/11-plot_hor_stv/bed/chr_cdr_chr2.bed
        
Select jobs to execute...
[Thu Jan  8 18:51:27 2026]
Finished jobid: 184 (Rule: filter_annotations_hor_stv_by_chr)
210 of 325 steps (65%) done
Execute 1 jobs...

[Thu Jan  8 18:51:27 2026]
localrule plot_hor_stv_by_chr:
    input: results/11-plot_hor_stv/bed/chr_cdr_chr19.bed, results/11-plot_hor_stv/bed/chr_stv_complete_chr19.bed, results/11-plot_hor_stv/bed/chr_sat_annot_chr19.bed
    output: results/11-plot_hor_stv/plots/chr_complete_chr19.png, results/11-plot_hor_stv/plots/chr_complete_chr19.pdf
    log: logs/11-plot_hor_stv/plot_chr19_hor_stv_complete.log
    jobid: 234
    reason: Input files updated by another job: results/11-plot_hor_stv/bed/chr_cdr_chr19.bed, results/11-plot_hor_stv/bed/chr_stv_complete_chr19.bed, results/11-plot_hor_stv/bed/chr_sat_annot_chr19.bed
    wildcards: typ=complete, chr=chr19
    resources: mem_mb=8000, mem_mib=7630, disk_mb=1000, disk_mib=954, tmpdir=/tmp, mem=8GB
Shell command: 
    { python /home/ukt.ad.local/ahgrosc1/.cache/snakemake/snakemake/source-cache/runtime-cache/tmpvv5_ue2g/file/mnt/storage3b/projects/no_ngsd/ahthapp1_T2T_ONT/analysis_other/cenmap_single/T2T18/workflow/rules/../scripts/plot_multiple_cen.py     -i '{"cdr": "results/11-plot_hor_stv/bed/chr_cdr_chr19.bed", "stv": "results/11-plot_hor_stv/bed/chr_stv_complete_chr19.bed", "rm": "results/11-plot_hor_stv/bed/chr_sat_annot_chr19.bed"}'     -t /home/ukt.ad.local/ahgrosc1/.cache/snakemake/snakemake/source-cache/runtime-cache/tmpvv5_ue2g/file/mnt/storage3b/projects/no_ngsd/ahthapp1_T2T_ONT/analysis_other/cenmap_single/T2T18/workflow/rules/../scripts/cenplot_hor_stv_plot.yaml     -o results/11-plot_hor_stv/plots/chr_complete_chr19     --options '{"hor": {"color_map_file": "/mnt/storage3b/projects/no_ngsd/ahthapp1_T2T_ONT/analysis_other/cenmap_single/T2T18/config/stv_annot_colors.tsv"}}' --omit_if_any_empty --ref_ax_idx 1 || true ;} 2> logs/11-plot_hor_stv/plot_chr19_hor_stv_complete.log
    touch results/11-plot_hor_stv/plots/chr_complete_chr19.png results/11-plot_hor_stv/plots/chr_complete_chr19.pdf

Select jobs to execute...
[Thu Jan  8 18:51:31 2026]
Finished jobid: 175 (Rule: plot_hor_stv_by_chr)
211 of 325 steps (65%) done
Execute 1 jobs...

[Thu Jan  8 18:51:31 2026]
localrule plot_hor_stv_by_chr:
    input: results/11-plot_hor_stv/bed/chr_cdr_chr19.bed, results/11-plot_hor_stv/bed/chr_stv_all_chr19.bed, results/11-plot_hor_stv/bed/chr_sat_annot_chr19.bed
    output: results/11-plot_hor_stv/plots/chr_all_chr19.png, results/11-plot_hor_stv/plots/chr_all_chr19.pdf
    log: logs/11-plot_hor_stv/plot_chr19_hor_stv_all.log
    jobid: 236
    reason: Input files updated by another job: results/11-plot_hor_stv/bed/chr_stv_all_chr19.bed, results/11-plot_hor_stv/bed/chr_cdr_chr19.bed, results/11-plot_hor_stv/bed/chr_sat_annot_chr19.bed
    wildcards: typ=all, chr=chr19
    resources: mem_mb=8000, mem_mib=7630, disk_mb=1000, disk_mib=954, tmpdir=/tmp, mem=8GB
Shell command: 
    { python /home/ukt.ad.local/ahgrosc1/.cache/snakemake/snakemake/source-cache/runtime-cache/tmpvv5_ue2g/file/mnt/storage3b/projects/no_ngsd/ahthapp1_T2T_ONT/analysis_other/cenmap_single/T2T18/workflow/rules/../scripts/plot_multiple_cen.py     -i '{"cdr": "results/11-plot_hor_stv/bed/chr_cdr_chr19.bed", "stv": "results/11-plot_hor_stv/bed/chr_stv_all_chr19.bed", "rm": "results/11-plot_hor_stv/bed/chr_sat_annot_chr19.bed"}'     -t /home/ukt.ad.local/ahgrosc1/.cache/snakemake/snakemake/source-cache/runtime-cache/tmpvv5_ue2g/file/mnt/storage3b/projects/no_ngsd/ahthapp1_T2T_ONT/analysis_other/cenmap_single/T2T18/workflow/rules/../scripts/cenplot_hor_stv_plot.yaml     -o results/11-plot_hor_stv/plots/chr_all_chr19     --options '{"hor": {"color_map_file": "/mnt/storage3b/projects/no_ngsd/ahthapp1_T2T_ONT/analysis_other/cenmap_single/T2T18/config/stv_annot_colors.tsv"}}'  --ref_ax_idx 1 || true ;} 2> logs/11-plot_hor_stv/plot_chr19_hor_stv_all.log
    touch results/11-plot_hor_stv/plots/chr_all_chr19.png results/11-plot_hor_stv/plots/chr_all_chr19.pdf

Select jobs to execute...
[Thu Jan  8 18:51:55 2026]
Finished jobid: 234 (Rule: plot_hor_stv_by_chr)
212 of 325 steps (65%) done
Execute 1 jobs...

[Thu Jan  8 18:51:55 2026]
localrule filter_annotations_hor_stv_by_chr:
    input: results/8-cdr_finder/bed/all_cdrs.bed, results/10-format_hor_stv/bed/chr9/stv_all.bed, results/10-format_hor_stv/bed/chr9/stv_complete.bed, results/8-format_repeatmasker_sat_annot/bed/all_cens.annotation.bed
    output: results/11-plot_hor_stv/bed/chr_stv_all_chr9.bed, results/11-plot_hor_stv/bed/chr_stv_complete_chr9.bed, results/11-plot_hor_stv/bed/chr_sat_annot_chr9.bed, results/11-plot_hor_stv/bed/chr_cdr_chr9.bed
    log: logs/11-plot_hor_stv/filter_annotations_chr9_hor_stv.log
    jobid: 205
    reason: Input files updated by another job: results/8-cdr_finder/bed/all_cdrs.bed, results/10-format_hor_stv/bed/chr9/stv_complete.bed
    wildcards: chr=chr9
    resources: mem_mb=8000, mem_mib=7630, disk_mb=1000, disk_mib=954, tmpdir=/tmp, mem=8GB
Shell command: 
        if [ -z "chr9[_:-]" ]; then
            if [ ! "True" == "False" ]; then
                cp results/8-cdr_finder/bed/all_cdrs.bed results/11-plot_hor_stv/bed/chr_cdr_chr9.bed
            fi
            cp results/10-format_hor_stv/bed/chr9/stv_all.bed results/11-plot_hor_stv/bed/chr_stv_all_chr9.bed
            cp results/10-format_hor_stv/bed/chr9/stv_complete.bed results/11-plot_hor_stv/bed/chr_stv_complete_chr9.bed
            cp results/8-format_repeatmasker_sat_annot/bed/all_cens.annotation.bed results/11-plot_hor_stv/bed/chr_sat_annot_chr9.bed
        else
            if [ ! "True" == "False" ]; then
                { grep -P 'chr9[_:-]' results/8-cdr_finder/bed/all_cdrs.bed || true ;} > results/11-plot_hor_stv/bed/chr_cdr_chr9.bed
            fi
            { grep -P 'chr9[_:-]' results/10-format_hor_stv/bed/chr9/stv_all.bed || true ;} > results/11-plot_hor_stv/bed/chr_stv_all_chr9.bed
            { grep -P 'chr9[_:-]' results/10-format_hor_stv/bed/chr9/stv_complete.bed || true ;} > results/11-plot_hor_stv/bed/chr_stv_complete_chr9.bed
            { grep -P 'chr9[_:-]' results/8-format_repeatmasker_sat_annot/bed/all_cens.annotation.bed || true ;} > results/11-plot_hor_stv/bed/chr_sat_annot_chr9.bed
        fi
        touch results/11-plot_hor_stv/bed/chr_stv_all_chr9.bed results/11-plot_hor_stv/bed/chr_stv_complete_chr9.bed results/11-plot_hor_stv/bed/chr_sat_annot_chr9.bed results/11-plot_hor_stv/bed/chr_cdr_chr9.bed
        
Select jobs to execute...
[Thu Jan  8 18:51:55 2026]
Finished jobid: 205 (Rule: filter_annotations_hor_stv_by_chr)
213 of 325 steps (66%) done
Execute 1 jobs...

[Thu Jan  8 18:51:55 2026]
localrule filter_annotations_hor_stv_by_chr:
    input: results/8-cdr_finder/bed/all_cdrs.bed, results/10-format_hor_stv/bed/chr18/stv_all.bed, results/10-format_hor_stv/bed/chr18/stv_complete.bed, results/8-format_repeatmasker_sat_annot/bed/all_cens.annotation.bed
    output: results/11-plot_hor_stv/bed/chr_stv_all_chr18.bed, results/11-plot_hor_stv/bed/chr_stv_complete_chr18.bed, results/11-plot_hor_stv/bed/chr_sat_annot_chr18.bed, results/11-plot_hor_stv/bed/chr_cdr_chr18.bed
    log: logs/11-plot_hor_stv/filter_annotations_chr18_hor_stv.log
    jobid: 232
    reason: Input files updated by another job: results/8-cdr_finder/bed/all_cdrs.bed, results/10-format_hor_stv/bed/chr18/stv_complete.bed
    wildcards: chr=chr18
    resources: mem_mb=8000, mem_mib=7630, disk_mb=1000, disk_mib=954, tmpdir=/tmp, mem=8GB
Shell command: 
        if [ -z "chr18[_:-]" ]; then
            if [ ! "True" == "False" ]; then
                cp results/8-cdr_finder/bed/all_cdrs.bed results/11-plot_hor_stv/bed/chr_cdr_chr18.bed
            fi
            cp results/10-format_hor_stv/bed/chr18/stv_all.bed results/11-plot_hor_stv/bed/chr_stv_all_chr18.bed
            cp results/10-format_hor_stv/bed/chr18/stv_complete.bed results/11-plot_hor_stv/bed/chr_stv_complete_chr18.bed
            cp results/8-format_repeatmasker_sat_annot/bed/all_cens.annotation.bed results/11-plot_hor_stv/bed/chr_sat_annot_chr18.bed
        else
            if [ ! "True" == "False" ]; then
                { grep -P 'chr18[_:-]' results/8-cdr_finder/bed/all_cdrs.bed || true ;} > results/11-plot_hor_stv/bed/chr_cdr_chr18.bed
            fi
            { grep -P 'chr18[_:-]' results/10-format_hor_stv/bed/chr18/stv_all.bed || true ;} > results/11-plot_hor_stv/bed/chr_stv_all_chr18.bed
            { grep -P 'chr18[_:-]' results/10-format_hor_stv/bed/chr18/stv_complete.bed || true ;} > results/11-plot_hor_stv/bed/chr_stv_complete_chr18.bed
            { grep -P 'chr18[_:-]' results/8-format_repeatmasker_sat_annot/bed/all_cens.annotation.bed || true ;} > results/11-plot_hor_stv/bed/chr_sat_annot_chr18.bed
        fi
        touch results/11-plot_hor_stv/bed/chr_stv_all_chr18.bed results/11-plot_hor_stv/bed/chr_stv_complete_chr18.bed results/11-plot_hor_stv/bed/chr_sat_annot_chr18.bed results/11-plot_hor_stv/bed/chr_cdr_chr18.bed
        
Select jobs to execute...
[Thu Jan  8 18:51:55 2026]
Finished jobid: 232 (Rule: filter_annotations_hor_stv_by_chr)
214 of 325 steps (66%) done
Execute 1 jobs...

[Thu Jan  8 18:51:55 2026]
localrule filter_annotations_hor_stv_by_chr:
    input: results/8-cdr_finder/bed/all_cdrs.bed, results/10-format_hor_stv/bed/chr22/stv_all.bed, results/10-format_hor_stv/bed/chr22/stv_complete.bed, results/8-format_repeatmasker_sat_annot/bed/all_cens.annotation.bed
    output: results/11-plot_hor_stv/bed/chr_stv_all_chr22.bed, results/11-plot_hor_stv/bed/chr_stv_complete_chr22.bed, results/11-plot_hor_stv/bed/chr_sat_annot_chr22.bed, results/11-plot_hor_stv/bed/chr_cdr_chr22.bed
    log: logs/11-plot_hor_stv/filter_annotations_chr22_hor_stv.log
    jobid: 244
    reason: Input files updated by another job: results/8-cdr_finder/bed/all_cdrs.bed, results/10-format_hor_stv/bed/chr22/stv_complete.bed
    wildcards: chr=chr22
    resources: mem_mb=8000, mem_mib=7630, disk_mb=1000, disk_mib=954, tmpdir=/tmp, mem=8GB
Shell command: 
        if [ -z "chr22[_:-]" ]; then
            if [ ! "True" == "False" ]; then
                cp results/8-cdr_finder/bed/all_cdrs.bed results/11-plot_hor_stv/bed/chr_cdr_chr22.bed
            fi
            cp results/10-format_hor_stv/bed/chr22/stv_all.bed results/11-plot_hor_stv/bed/chr_stv_all_chr22.bed
            cp results/10-format_hor_stv/bed/chr22/stv_complete.bed results/11-plot_hor_stv/bed/chr_stv_complete_chr22.bed
            cp results/8-format_repeatmasker_sat_annot/bed/all_cens.annotation.bed results/11-plot_hor_stv/bed/chr_sat_annot_chr22.bed
        else
            if [ ! "True" == "False" ]; then
                { grep -P 'chr22[_:-]' results/8-cdr_finder/bed/all_cdrs.bed || true ;} > results/11-plot_hor_stv/bed/chr_cdr_chr22.bed
            fi
            { grep -P 'chr22[_:-]' results/10-format_hor_stv/bed/chr22/stv_all.bed || true ;} > results/11-plot_hor_stv/bed/chr_stv_all_chr22.bed
            { grep -P 'chr22[_:-]' results/10-format_hor_stv/bed/chr22/stv_complete.bed || true ;} > results/11-plot_hor_stv/bed/chr_stv_complete_chr22.bed
            { grep -P 'chr22[_:-]' results/8-format_repeatmasker_sat_annot/bed/all_cens.annotation.bed || true ;} > results/11-plot_hor_stv/bed/chr_sat_annot_chr22.bed
        fi
        touch results/11-plot_hor_stv/bed/chr_stv_all_chr22.bed results/11-plot_hor_stv/bed/chr_stv_complete_chr22.bed results/11-plot_hor_stv/bed/chr_sat_annot_chr22.bed results/11-plot_hor_stv/bed/chr_cdr_chr22.bed
        
Select jobs to execute...
[Thu Jan  8 18:51:55 2026]
Finished jobid: 244 (Rule: filter_annotations_hor_stv_by_chr)
215 of 325 steps (66%) done
Execute 1 jobs...

[Thu Jan  8 18:51:55 2026]
localrule filter_annotations_hor_stv_by_chr:
    input: results/8-cdr_finder/bed/all_cdrs.bed, results/10-format_hor_stv/bed/chr10/stv_all.bed, results/10-format_hor_stv/bed/chr10/stv_complete.bed, results/8-format_repeatmasker_sat_annot/bed/all_cens.annotation.bed
    output: results/11-plot_hor_stv/bed/chr_stv_all_chr10.bed, results/11-plot_hor_stv/bed/chr_stv_complete_chr10.bed, results/11-plot_hor_stv/bed/chr_sat_annot_chr10.bed, results/11-plot_hor_stv/bed/chr_cdr_chr10.bed
    log: logs/11-plot_hor_stv/filter_annotations_chr10_hor_stv.log
    jobid: 208
    reason: Input files updated by another job: results/8-cdr_finder/bed/all_cdrs.bed, results/10-format_hor_stv/bed/chr10/stv_complete.bed
    wildcards: chr=chr10
    resources: mem_mb=8000, mem_mib=7630, disk_mb=1000, disk_mib=954, tmpdir=/tmp, mem=8GB
Shell command: 
        if [ -z "chr10[_:-]" ]; then
            if [ ! "True" == "False" ]; then
                cp results/8-cdr_finder/bed/all_cdrs.bed results/11-plot_hor_stv/bed/chr_cdr_chr10.bed
            fi
            cp results/10-format_hor_stv/bed/chr10/stv_all.bed results/11-plot_hor_stv/bed/chr_stv_all_chr10.bed
            cp results/10-format_hor_stv/bed/chr10/stv_complete.bed results/11-plot_hor_stv/bed/chr_stv_complete_chr10.bed
            cp results/8-format_repeatmasker_sat_annot/bed/all_cens.annotation.bed results/11-plot_hor_stv/bed/chr_sat_annot_chr10.bed
        else
            if [ ! "True" == "False" ]; then
                { grep -P 'chr10[_:-]' results/8-cdr_finder/bed/all_cdrs.bed || true ;} > results/11-plot_hor_stv/bed/chr_cdr_chr10.bed
            fi
            { grep -P 'chr10[_:-]' results/10-format_hor_stv/bed/chr10/stv_all.bed || true ;} > results/11-plot_hor_stv/bed/chr_stv_all_chr10.bed
            { grep -P 'chr10[_:-]' results/10-format_hor_stv/bed/chr10/stv_complete.bed || true ;} > results/11-plot_hor_stv/bed/chr_stv_complete_chr10.bed
            { grep -P 'chr10[_:-]' results/8-format_repeatmasker_sat_annot/bed/all_cens.annotation.bed || true ;} > results/11-plot_hor_stv/bed/chr_sat_annot_chr10.bed
        fi
        touch results/11-plot_hor_stv/bed/chr_stv_all_chr10.bed results/11-plot_hor_stv/bed/chr_stv_complete_chr10.bed results/11-plot_hor_stv/bed/chr_sat_annot_chr10.bed results/11-plot_hor_stv/bed/chr_cdr_chr10.bed
        
Select jobs to execute...
[Thu Jan  8 18:51:55 2026]
Finished jobid: 208 (Rule: filter_annotations_hor_stv_by_chr)
216 of 325 steps (66%) done
Execute 1 jobs...

[Thu Jan  8 18:51:55 2026]
localrule filter_annotations_hor_stv_by_chr:
    input: results/8-cdr_finder/bed/all_cdrs.bed, results/10-format_hor_stv/bed/chr20/stv_all.bed, results/10-format_hor_stv/bed/chr20/stv_complete.bed, results/8-format_repeatmasker_sat_annot/bed/all_cens.annotation.bed
    output: results/11-plot_hor_stv/bed/chr_stv_all_chr20.bed, results/11-plot_hor_stv/bed/chr_stv_complete_chr20.bed, results/11-plot_hor_stv/bed/chr_sat_annot_chr20.bed, results/11-plot_hor_stv/bed/chr_cdr_chr20.bed
    log: logs/11-plot_hor_stv/filter_annotations_chr20_hor_stv.log
    jobid: 238
    reason: Input files updated by another job: results/8-cdr_finder/bed/all_cdrs.bed, results/10-format_hor_stv/bed/chr20/stv_complete.bed
    wildcards: chr=chr20
    resources: mem_mb=8000, mem_mib=7630, disk_mb=1000, disk_mib=954, tmpdir=/tmp, mem=8GB
Shell command: 
        if [ -z "chr20[_:-]" ]; then
            if [ ! "True" == "False" ]; then
                cp results/8-cdr_finder/bed/all_cdrs.bed results/11-plot_hor_stv/bed/chr_cdr_chr20.bed
            fi
            cp results/10-format_hor_stv/bed/chr20/stv_all.bed results/11-plot_hor_stv/bed/chr_stv_all_chr20.bed
            cp results/10-format_hor_stv/bed/chr20/stv_complete.bed results/11-plot_hor_stv/bed/chr_stv_complete_chr20.bed
            cp results/8-format_repeatmasker_sat_annot/bed/all_cens.annotation.bed results/11-plot_hor_stv/bed/chr_sat_annot_chr20.bed
        else
            if [ ! "True" == "False" ]; then
                { grep -P 'chr20[_:-]' results/8-cdr_finder/bed/all_cdrs.bed || true ;} > results/11-plot_hor_stv/bed/chr_cdr_chr20.bed
            fi
            { grep -P 'chr20[_:-]' results/10-format_hor_stv/bed/chr20/stv_all.bed || true ;} > results/11-plot_hor_stv/bed/chr_stv_all_chr20.bed
            { grep -P 'chr20[_:-]' results/10-format_hor_stv/bed/chr20/stv_complete.bed || true ;} > results/11-plot_hor_stv/bed/chr_stv_complete_chr20.bed
            { grep -P 'chr20[_:-]' results/8-format_repeatmasker_sat_annot/bed/all_cens.annotation.bed || true ;} > results/11-plot_hor_stv/bed/chr_sat_annot_chr20.bed
        fi
        touch results/11-plot_hor_stv/bed/chr_stv_all_chr20.bed results/11-plot_hor_stv/bed/chr_stv_complete_chr20.bed results/11-plot_hor_stv/bed/chr_sat_annot_chr20.bed results/11-plot_hor_stv/bed/chr_cdr_chr20.bed
        
Select jobs to execute...
[Thu Jan  8 18:51:55 2026]
Finished jobid: 238 (Rule: filter_annotations_hor_stv_by_chr)
217 of 325 steps (67%) done
Execute 1 jobs...

[Thu Jan  8 18:51:55 2026]
localrule filter_annotations_hor_stv_by_chr:
    input: results/8-cdr_finder/bed/all_cdrs.bed, results/10-format_hor_stv/bed/chr12/stv_all.bed, results/10-format_hor_stv/bed/chr12/stv_complete.bed, results/8-format_repeatmasker_sat_annot/bed/all_cens.annotation.bed
    output: results/11-plot_hor_stv/bed/chr_stv_all_chr12.bed, results/11-plot_hor_stv/bed/chr_stv_complete_chr12.bed, results/11-plot_hor_stv/bed/chr_sat_annot_chr12.bed, results/11-plot_hor_stv/bed/chr_cdr_chr12.bed
    log: logs/11-plot_hor_stv/filter_annotations_chr12_hor_stv.log
    jobid: 214
    reason: Input files updated by another job: results/8-cdr_finder/bed/all_cdrs.bed, results/10-format_hor_stv/bed/chr12/stv_complete.bed
    wildcards: chr=chr12
    resources: mem_mb=8000, mem_mib=7630, disk_mb=1000, disk_mib=954, tmpdir=/tmp, mem=8GB
Shell command: 
        if [ -z "chr12[_:-]" ]; then
            if [ ! "True" == "False" ]; then
                cp results/8-cdr_finder/bed/all_cdrs.bed results/11-plot_hor_stv/bed/chr_cdr_chr12.bed
            fi
            cp results/10-format_hor_stv/bed/chr12/stv_all.bed results/11-plot_hor_stv/bed/chr_stv_all_chr12.bed
            cp results/10-format_hor_stv/bed/chr12/stv_complete.bed results/11-plot_hor_stv/bed/chr_stv_complete_chr12.bed
            cp results/8-format_repeatmasker_sat_annot/bed/all_cens.annotation.bed results/11-plot_hor_stv/bed/chr_sat_annot_chr12.bed
        else
            if [ ! "True" == "False" ]; then
                { grep -P 'chr12[_:-]' results/8-cdr_finder/bed/all_cdrs.bed || true ;} > results/11-plot_hor_stv/bed/chr_cdr_chr12.bed
            fi
            { grep -P 'chr12[_:-]' results/10-format_hor_stv/bed/chr12/stv_all.bed || true ;} > results/11-plot_hor_stv/bed/chr_stv_all_chr12.bed
            { grep -P 'chr12[_:-]' results/10-format_hor_stv/bed/chr12/stv_complete.bed || true ;} > results/11-plot_hor_stv/bed/chr_stv_complete_chr12.bed
            { grep -P 'chr12[_:-]' results/8-format_repeatmasker_sat_annot/bed/all_cens.annotation.bed || true ;} > results/11-plot_hor_stv/bed/chr_sat_annot_chr12.bed
        fi
        touch results/11-plot_hor_stv/bed/chr_stv_all_chr12.bed results/11-plot_hor_stv/bed/chr_stv_complete_chr12.bed results/11-plot_hor_stv/bed/chr_sat_annot_chr12.bed results/11-plot_hor_stv/bed/chr_cdr_chr12.bed
        
Select jobs to execute...
[Thu Jan  8 18:51:55 2026]
Finished jobid: 214 (Rule: filter_annotations_hor_stv_by_chr)
218 of 325 steps (67%) done
Execute 1 jobs...

[Thu Jan  8 18:51:55 2026]
localrule filter_annotations_hor_stv_by_chr:
    input: results/8-cdr_finder/bed/all_cdrs.bed, results/10-format_hor_stv/bed/chr14/stv_all.bed, results/10-format_hor_stv/bed/chr14/stv_complete.bed, results/8-format_repeatmasker_sat_annot/bed/all_cens.annotation.bed
    output: results/11-plot_hor_stv/bed/chr_stv_all_chr14.bed, results/11-plot_hor_stv/bed/chr_stv_complete_chr14.bed, results/11-plot_hor_stv/bed/chr_sat_annot_chr14.bed, results/11-plot_hor_stv/bed/chr_cdr_chr14.bed
    log: logs/11-plot_hor_stv/filter_annotations_chr14_hor_stv.log
    jobid: 220
    reason: Input files updated by another job: results/8-cdr_finder/bed/all_cdrs.bed, results/10-format_hor_stv/bed/chr14/stv_complete.bed
    wildcards: chr=chr14
    resources: mem_mb=8000, mem_mib=7630, disk_mb=1000, disk_mib=954, tmpdir=/tmp, mem=8GB
Shell command: 
        if [ -z "chr14[_:-]" ]; then
            if [ ! "True" == "False" ]; then
                cp results/8-cdr_finder/bed/all_cdrs.bed results/11-plot_hor_stv/bed/chr_cdr_chr14.bed
            fi
            cp results/10-format_hor_stv/bed/chr14/stv_all.bed results/11-plot_hor_stv/bed/chr_stv_all_chr14.bed
            cp results/10-format_hor_stv/bed/chr14/stv_complete.bed results/11-plot_hor_stv/bed/chr_stv_complete_chr14.bed
            cp results/8-format_repeatmasker_sat_annot/bed/all_cens.annotation.bed results/11-plot_hor_stv/bed/chr_sat_annot_chr14.bed
        else
            if [ ! "True" == "False" ]; then
                { grep -P 'chr14[_:-]' results/8-cdr_finder/bed/all_cdrs.bed || true ;} > results/11-plot_hor_stv/bed/chr_cdr_chr14.bed
            fi
            { grep -P 'chr14[_:-]' results/10-format_hor_stv/bed/chr14/stv_all.bed || true ;} > results/11-plot_hor_stv/bed/chr_stv_all_chr14.bed
            { grep -P 'chr14[_:-]' results/10-format_hor_stv/bed/chr14/stv_complete.bed || true ;} > results/11-plot_hor_stv/bed/chr_stv_complete_chr14.bed
            { grep -P 'chr14[_:-]' results/8-format_repeatmasker_sat_annot/bed/all_cens.annotation.bed || true ;} > results/11-plot_hor_stv/bed/chr_sat_annot_chr14.bed
        fi
        touch results/11-plot_hor_stv/bed/chr_stv_all_chr14.bed results/11-plot_hor_stv/bed/chr_stv_complete_chr14.bed results/11-plot_hor_stv/bed/chr_sat_annot_chr14.bed results/11-plot_hor_stv/bed/chr_cdr_chr14.bed
        
Select jobs to execute...
[Thu Jan  8 18:51:55 2026]
Finished jobid: 220 (Rule: filter_annotations_hor_stv_by_chr)
219 of 325 steps (67%) done
Execute 1 jobs...

[Thu Jan  8 18:51:55 2026]
localrule filter_annotations_hor_stv_by_chr:
    input: results/8-cdr_finder/bed/all_cdrs.bed, results/10-format_hor_stv/bed/chr7/stv_all.bed, results/10-format_hor_stv/bed/chr7/stv_complete.bed, results/8-format_repeatmasker_sat_annot/bed/all_cens.annotation.bed
    output: results/11-plot_hor_stv/bed/chr_stv_all_chr7.bed, results/11-plot_hor_stv/bed/chr_stv_complete_chr7.bed, results/11-plot_hor_stv/bed/chr_sat_annot_chr7.bed, results/11-plot_hor_stv/bed/chr_cdr_chr7.bed
    log: logs/11-plot_hor_stv/filter_annotations_chr7_hor_stv.log
    jobid: 199
    reason: Input files updated by another job: results/8-cdr_finder/bed/all_cdrs.bed, results/10-format_hor_stv/bed/chr7/stv_complete.bed
    wildcards: chr=chr7
    resources: mem_mb=8000, mem_mib=7630, disk_mb=1000, disk_mib=954, tmpdir=/tmp, mem=8GB
Shell command: 
        if [ -z "chr7[_:-]" ]; then
            if [ ! "True" == "False" ]; then
                cp results/8-cdr_finder/bed/all_cdrs.bed results/11-plot_hor_stv/bed/chr_cdr_chr7.bed
            fi
            cp results/10-format_hor_stv/bed/chr7/stv_all.bed results/11-plot_hor_stv/bed/chr_stv_all_chr7.bed
            cp results/10-format_hor_stv/bed/chr7/stv_complete.bed results/11-plot_hor_stv/bed/chr_stv_complete_chr7.bed
            cp results/8-format_repeatmasker_sat_annot/bed/all_cens.annotation.bed results/11-plot_hor_stv/bed/chr_sat_annot_chr7.bed
        else
            if [ ! "True" == "False" ]; then
                { grep -P 'chr7[_:-]' results/8-cdr_finder/bed/all_cdrs.bed || true ;} > results/11-plot_hor_stv/bed/chr_cdr_chr7.bed
            fi
            { grep -P 'chr7[_:-]' results/10-format_hor_stv/bed/chr7/stv_all.bed || true ;} > results/11-plot_hor_stv/bed/chr_stv_all_chr7.bed
            { grep -P 'chr7[_:-]' results/10-format_hor_stv/bed/chr7/stv_complete.bed || true ;} > results/11-plot_hor_stv/bed/chr_stv_complete_chr7.bed
            { grep -P 'chr7[_:-]' results/8-format_repeatmasker_sat_annot/bed/all_cens.annotation.bed || true ;} > results/11-plot_hor_stv/bed/chr_sat_annot_chr7.bed
        fi
        touch results/11-plot_hor_stv/bed/chr_stv_all_chr7.bed results/11-plot_hor_stv/bed/chr_stv_complete_chr7.bed results/11-plot_hor_stv/bed/chr_sat_annot_chr7.bed results/11-plot_hor_stv/bed/chr_cdr_chr7.bed
        
Select jobs to execute...
[Thu Jan  8 18:51:55 2026]
Finished jobid: 199 (Rule: filter_annotations_hor_stv_by_chr)
220 of 325 steps (68%) done
Execute 1 jobs...

[Thu Jan  8 18:51:55 2026]
localrule filter_annotations_hor_stv_by_chr:
    input: results/8-cdr_finder/bed/all_cdrs.bed, results/10-format_hor_stv/bed/chr8/stv_all.bed, results/10-format_hor_stv/bed/chr8/stv_complete.bed, results/8-format_repeatmasker_sat_annot/bed/all_cens.annotation.bed
    output: results/11-plot_hor_stv/bed/chr_stv_all_chr8.bed, results/11-plot_hor_stv/bed/chr_stv_complete_chr8.bed, results/11-plot_hor_stv/bed/chr_sat_annot_chr8.bed, results/11-plot_hor_stv/bed/chr_cdr_chr8.bed
    log: logs/11-plot_hor_stv/filter_annotations_chr8_hor_stv.log
    jobid: 202
    reason: Input files updated by another job: results/8-cdr_finder/bed/all_cdrs.bed, results/10-format_hor_stv/bed/chr8/stv_complete.bed
    wildcards: chr=chr8
    resources: mem_mb=8000, mem_mib=7630, disk_mb=1000, disk_mib=954, tmpdir=/tmp, mem=8GB
Shell command: 
        if [ -z "chr8[_:-]" ]; then
            if [ ! "True" == "False" ]; then
                cp results/8-cdr_finder/bed/all_cdrs.bed results/11-plot_hor_stv/bed/chr_cdr_chr8.bed
            fi
            cp results/10-format_hor_stv/bed/chr8/stv_all.bed results/11-plot_hor_stv/bed/chr_stv_all_chr8.bed
            cp results/10-format_hor_stv/bed/chr8/stv_complete.bed results/11-plot_hor_stv/bed/chr_stv_complete_chr8.bed
            cp results/8-format_repeatmasker_sat_annot/bed/all_cens.annotation.bed results/11-plot_hor_stv/bed/chr_sat_annot_chr8.bed
        else
            if [ ! "True" == "False" ]; then
                { grep -P 'chr8[_:-]' results/8-cdr_finder/bed/all_cdrs.bed || true ;} > results/11-plot_hor_stv/bed/chr_cdr_chr8.bed
            fi
            { grep -P 'chr8[_:-]' results/10-format_hor_stv/bed/chr8/stv_all.bed || true ;} > results/11-plot_hor_stv/bed/chr_stv_all_chr8.bed
            { grep -P 'chr8[_:-]' results/10-format_hor_stv/bed/chr8/stv_complete.bed || true ;} > results/11-plot_hor_stv/bed/chr_stv_complete_chr8.bed
            { grep -P 'chr8[_:-]' results/8-format_repeatmasker_sat_annot/bed/all_cens.annotation.bed || true ;} > results/11-plot_hor_stv/bed/chr_sat_annot_chr8.bed
        fi
        touch results/11-plot_hor_stv/bed/chr_stv_all_chr8.bed results/11-plot_hor_stv/bed/chr_stv_complete_chr8.bed results/11-plot_hor_stv/bed/chr_sat_annot_chr8.bed results/11-plot_hor_stv/bed/chr_cdr_chr8.bed
        
Select jobs to execute...
[Thu Jan  8 18:51:55 2026]
Finished jobid: 202 (Rule: filter_annotations_hor_stv_by_chr)
221 of 325 steps (68%) done
Execute 1 jobs...

[Thu Jan  8 18:51:55 2026]
localrule filter_annotations_hor_stv_by_chr:
    input: results/8-cdr_finder/bed/all_cdrs.bed, results/10-format_hor_stv/bed/chr6/stv_all.bed, results/10-format_hor_stv/bed/chr6/stv_complete.bed, results/8-format_repeatmasker_sat_annot/bed/all_cens.annotation.bed
    output: results/11-plot_hor_stv/bed/chr_stv_all_chr6.bed, results/11-plot_hor_stv/bed/chr_stv_complete_chr6.bed, results/11-plot_hor_stv/bed/chr_sat_annot_chr6.bed, results/11-plot_hor_stv/bed/chr_cdr_chr6.bed
    log: logs/11-plot_hor_stv/filter_annotations_chr6_hor_stv.log
    jobid: 196
    reason: Input files updated by another job: results/8-cdr_finder/bed/all_cdrs.bed, results/10-format_hor_stv/bed/chr6/stv_complete.bed
    wildcards: chr=chr6
    resources: mem_mb=8000, mem_mib=7630, disk_mb=1000, disk_mib=954, tmpdir=/tmp, mem=8GB
Shell command: 
        if [ -z "chr6[_:-]" ]; then
            if [ ! "True" == "False" ]; then
                cp results/8-cdr_finder/bed/all_cdrs.bed results/11-plot_hor_stv/bed/chr_cdr_chr6.bed
            fi
            cp results/10-format_hor_stv/bed/chr6/stv_all.bed results/11-plot_hor_stv/bed/chr_stv_all_chr6.bed
            cp results/10-format_hor_stv/bed/chr6/stv_complete.bed results/11-plot_hor_stv/bed/chr_stv_complete_chr6.bed
            cp results/8-format_repeatmasker_sat_annot/bed/all_cens.annotation.bed results/11-plot_hor_stv/bed/chr_sat_annot_chr6.bed
        else
            if [ ! "True" == "False" ]; then
                { grep -P 'chr6[_:-]' results/8-cdr_finder/bed/all_cdrs.bed || true ;} > results/11-plot_hor_stv/bed/chr_cdr_chr6.bed
            fi
            { grep -P 'chr6[_:-]' results/10-format_hor_stv/bed/chr6/stv_all.bed || true ;} > results/11-plot_hor_stv/bed/chr_stv_all_chr6.bed
            { grep -P 'chr6[_:-]' results/10-format_hor_stv/bed/chr6/stv_complete.bed || true ;} > results/11-plot_hor_stv/bed/chr_stv_complete_chr6.bed
            { grep -P 'chr6[_:-]' results/8-format_repeatmasker_sat_annot/bed/all_cens.annotation.bed || true ;} > results/11-plot_hor_stv/bed/chr_sat_annot_chr6.bed
        fi
        touch results/11-plot_hor_stv/bed/chr_stv_all_chr6.bed results/11-plot_hor_stv/bed/chr_stv_complete_chr6.bed results/11-plot_hor_stv/bed/chr_sat_annot_chr6.bed results/11-plot_hor_stv/bed/chr_cdr_chr6.bed
        
Select jobs to execute...
[Thu Jan  8 18:51:56 2026]
Finished jobid: 196 (Rule: filter_annotations_hor_stv_by_chr)
222 of 325 steps (68%) done
Execute 1 jobs...

[Thu Jan  8 18:51:56 2026]
localrule filter_annotations_hor_stv_by_chr:
    input: results/8-cdr_finder/bed/all_cdrs.bed, results/10-format_hor_stv/bed/chr16/stv_all.bed, results/10-format_hor_stv/bed/chr16/stv_complete.bed, results/8-format_repeatmasker_sat_annot/bed/all_cens.annotation.bed
    output: results/11-plot_hor_stv/bed/chr_stv_all_chr16.bed, results/11-plot_hor_stv/bed/chr_stv_complete_chr16.bed, results/11-plot_hor_stv/bed/chr_sat_annot_chr16.bed, results/11-plot_hor_stv/bed/chr_cdr_chr16.bed
    log: logs/11-plot_hor_stv/filter_annotations_chr16_hor_stv.log
    jobid: 226
    reason: Input files updated by another job: results/8-cdr_finder/bed/all_cdrs.bed, results/10-format_hor_stv/bed/chr16/stv_complete.bed
    wildcards: chr=chr16
    resources: mem_mb=8000, mem_mib=7630, disk_mb=1000, disk_mib=954, tmpdir=/tmp, mem=8GB
Shell command: 
        if [ -z "chr16[_:-]" ]; then
            if [ ! "True" == "False" ]; then
                cp results/8-cdr_finder/bed/all_cdrs.bed results/11-plot_hor_stv/bed/chr_cdr_chr16.bed
            fi
            cp results/10-format_hor_stv/bed/chr16/stv_all.bed results/11-plot_hor_stv/bed/chr_stv_all_chr16.bed
            cp results/10-format_hor_stv/bed/chr16/stv_complete.bed results/11-plot_hor_stv/bed/chr_stv_complete_chr16.bed
            cp results/8-format_repeatmasker_sat_annot/bed/all_cens.annotation.bed results/11-plot_hor_stv/bed/chr_sat_annot_chr16.bed
        else
            if [ ! "True" == "False" ]; then
                { grep -P 'chr16[_:-]' results/8-cdr_finder/bed/all_cdrs.bed || true ;} > results/11-plot_hor_stv/bed/chr_cdr_chr16.bed
            fi
            { grep -P 'chr16[_:-]' results/10-format_hor_stv/bed/chr16/stv_all.bed || true ;} > results/11-plot_hor_stv/bed/chr_stv_all_chr16.bed
            { grep -P 'chr16[_:-]' results/10-format_hor_stv/bed/chr16/stv_complete.bed || true ;} > results/11-plot_hor_stv/bed/chr_stv_complete_chr16.bed
            { grep -P 'chr16[_:-]' results/8-format_repeatmasker_sat_annot/bed/all_cens.annotation.bed || true ;} > results/11-plot_hor_stv/bed/chr_sat_annot_chr16.bed
        fi
        touch results/11-plot_hor_stv/bed/chr_stv_all_chr16.bed results/11-plot_hor_stv/bed/chr_stv_complete_chr16.bed results/11-plot_hor_stv/bed/chr_sat_annot_chr16.bed results/11-plot_hor_stv/bed/chr_cdr_chr16.bed
        
Select jobs to execute...
[Thu Jan  8 18:51:56 2026]
Finished jobid: 226 (Rule: filter_annotations_hor_stv_by_chr)
223 of 325 steps (69%) done
Execute 1 jobs...

[Thu Jan  8 18:51:56 2026]
localrule filter_annotations_hor_stv_by_chr:
    input: results/8-cdr_finder/bed/all_cdrs.bed, results/10-format_hor_stv/bed/chr17/stv_all.bed, results/10-format_hor_stv/bed/chr17/stv_complete.bed, results/8-format_repeatmasker_sat_annot/bed/all_cens.annotation.bed
    output: results/11-plot_hor_stv/bed/chr_stv_all_chr17.bed, results/11-plot_hor_stv/bed/chr_stv_complete_chr17.bed, results/11-plot_hor_stv/bed/chr_sat_annot_chr17.bed, results/11-plot_hor_stv/bed/chr_cdr_chr17.bed
    log: logs/11-plot_hor_stv/filter_annotations_chr17_hor_stv.log
    jobid: 229
    reason: Input files updated by another job: results/8-cdr_finder/bed/all_cdrs.bed, results/10-format_hor_stv/bed/chr17/stv_complete.bed
    wildcards: chr=chr17
    resources: mem_mb=8000, mem_mib=7630, disk_mb=1000, disk_mib=954, tmpdir=/tmp, mem=8GB
Shell command: 
        if [ -z "chr17[_:-]" ]; then
            if [ ! "True" == "False" ]; then
                cp results/8-cdr_finder/bed/all_cdrs.bed results/11-plot_hor_stv/bed/chr_cdr_chr17.bed
            fi
            cp results/10-format_hor_stv/bed/chr17/stv_all.bed results/11-plot_hor_stv/bed/chr_stv_all_chr17.bed
            cp results/10-format_hor_stv/bed/chr17/stv_complete.bed results/11-plot_hor_stv/bed/chr_stv_complete_chr17.bed
            cp results/8-format_repeatmasker_sat_annot/bed/all_cens.annotation.bed results/11-plot_hor_stv/bed/chr_sat_annot_chr17.bed
        else
            if [ ! "True" == "False" ]; then
                { grep -P 'chr17[_:-]' results/8-cdr_finder/bed/all_cdrs.bed || true ;} > results/11-plot_hor_stv/bed/chr_cdr_chr17.bed
            fi
            { grep -P 'chr17[_:-]' results/10-format_hor_stv/bed/chr17/stv_all.bed || true ;} > results/11-plot_hor_stv/bed/chr_stv_all_chr17.bed
            { grep -P 'chr17[_:-]' results/10-format_hor_stv/bed/chr17/stv_complete.bed || true ;} > results/11-plot_hor_stv/bed/chr_stv_complete_chr17.bed
            { grep -P 'chr17[_:-]' results/8-format_repeatmasker_sat_annot/bed/all_cens.annotation.bed || true ;} > results/11-plot_hor_stv/bed/chr_sat_annot_chr17.bed
        fi
        touch results/11-plot_hor_stv/bed/chr_stv_all_chr17.bed results/11-plot_hor_stv/bed/chr_stv_complete_chr17.bed results/11-plot_hor_stv/bed/chr_sat_annot_chr17.bed results/11-plot_hor_stv/bed/chr_cdr_chr17.bed
        
Select jobs to execute...
[Thu Jan  8 18:51:56 2026]
Finished jobid: 229 (Rule: filter_annotations_hor_stv_by_chr)
224 of 325 steps (69%) done
Execute 1 jobs...

[Thu Jan  8 18:51:56 2026]
localrule filter_annotations_hor_stv_by_chr:
    input: results/8-cdr_finder/bed/all_cdrs.bed, results/10-format_hor_stv/bed/chr15/stv_all.bed, results/10-format_hor_stv/bed/chr15/stv_complete.bed, results/8-format_repeatmasker_sat_annot/bed/all_cens.annotation.bed
    output: results/11-plot_hor_stv/bed/chr_stv_all_chr15.bed, results/11-plot_hor_stv/bed/chr_stv_complete_chr15.bed, results/11-plot_hor_stv/bed/chr_sat_annot_chr15.bed, results/11-plot_hor_stv/bed/chr_cdr_chr15.bed
    log: logs/11-plot_hor_stv/filter_annotations_chr15_hor_stv.log
    jobid: 223
    reason: Input files updated by another job: results/8-cdr_finder/bed/all_cdrs.bed, results/10-format_hor_stv/bed/chr15/stv_complete.bed
    wildcards: chr=chr15
    resources: mem_mb=8000, mem_mib=7630, disk_mb=1000, disk_mib=954, tmpdir=/tmp, mem=8GB
Shell command: 
        if [ -z "chr15[_:-]" ]; then
            if [ ! "True" == "False" ]; then
                cp results/8-cdr_finder/bed/all_cdrs.bed results/11-plot_hor_stv/bed/chr_cdr_chr15.bed
            fi
            cp results/10-format_hor_stv/bed/chr15/stv_all.bed results/11-plot_hor_stv/bed/chr_stv_all_chr15.bed
            cp results/10-format_hor_stv/bed/chr15/stv_complete.bed results/11-plot_hor_stv/bed/chr_stv_complete_chr15.bed
            cp results/8-format_repeatmasker_sat_annot/bed/all_cens.annotation.bed results/11-plot_hor_stv/bed/chr_sat_annot_chr15.bed
        else
            if [ ! "True" == "False" ]; then
                { grep -P 'chr15[_:-]' results/8-cdr_finder/bed/all_cdrs.bed || true ;} > results/11-plot_hor_stv/bed/chr_cdr_chr15.bed
            fi
            { grep -P 'chr15[_:-]' results/10-format_hor_stv/bed/chr15/stv_all.bed || true ;} > results/11-plot_hor_stv/bed/chr_stv_all_chr15.bed
            { grep -P 'chr15[_:-]' results/10-format_hor_stv/bed/chr15/stv_complete.bed || true ;} > results/11-plot_hor_stv/bed/chr_stv_complete_chr15.bed
            { grep -P 'chr15[_:-]' results/8-format_repeatmasker_sat_annot/bed/all_cens.annotation.bed || true ;} > results/11-plot_hor_stv/bed/chr_sat_annot_chr15.bed
        fi
        touch results/11-plot_hor_stv/bed/chr_stv_all_chr15.bed results/11-plot_hor_stv/bed/chr_stv_complete_chr15.bed results/11-plot_hor_stv/bed/chr_sat_annot_chr15.bed results/11-plot_hor_stv/bed/chr_cdr_chr15.bed
        
Select jobs to execute...
[Thu Jan  8 18:51:56 2026]
Finished jobid: 223 (Rule: filter_annotations_hor_stv_by_chr)
225 of 325 steps (69%) done
Execute 1 jobs...

[Thu Jan  8 18:51:56 2026]
localrule filter_annotations_hor_stv_by_chr:
    input: results/8-cdr_finder/bed/all_cdrs.bed, results/10-format_hor_stv/bed/chr3/stv_all.bed, results/10-format_hor_stv/bed/chr3/stv_complete.bed, results/8-format_repeatmasker_sat_annot/bed/all_cens.annotation.bed
    output: results/11-plot_hor_stv/bed/chr_stv_all_chr3.bed, results/11-plot_hor_stv/bed/chr_stv_complete_chr3.bed, results/11-plot_hor_stv/bed/chr_sat_annot_chr3.bed, results/11-plot_hor_stv/bed/chr_cdr_chr3.bed
    log: logs/11-plot_hor_stv/filter_annotations_chr3_hor_stv.log
    jobid: 187
    reason: Input files updated by another job: results/8-cdr_finder/bed/all_cdrs.bed, results/10-format_hor_stv/bed/chr3/stv_complete.bed
    wildcards: chr=chr3
    resources: mem_mb=8000, mem_mib=7630, disk_mb=1000, disk_mib=954, tmpdir=/tmp, mem=8GB
Shell command: 
        if [ -z "chr3[_:-]" ]; then
            if [ ! "True" == "False" ]; then
                cp results/8-cdr_finder/bed/all_cdrs.bed results/11-plot_hor_stv/bed/chr_cdr_chr3.bed
            fi
            cp results/10-format_hor_stv/bed/chr3/stv_all.bed results/11-plot_hor_stv/bed/chr_stv_all_chr3.bed
            cp results/10-format_hor_stv/bed/chr3/stv_complete.bed results/11-plot_hor_stv/bed/chr_stv_complete_chr3.bed
            cp results/8-format_repeatmasker_sat_annot/bed/all_cens.annotation.bed results/11-plot_hor_stv/bed/chr_sat_annot_chr3.bed
        else
            if [ ! "True" == "False" ]; then
                { grep -P 'chr3[_:-]' results/8-cdr_finder/bed/all_cdrs.bed || true ;} > results/11-plot_hor_stv/bed/chr_cdr_chr3.bed
            fi
            { grep -P 'chr3[_:-]' results/10-format_hor_stv/bed/chr3/stv_all.bed || true ;} > results/11-plot_hor_stv/bed/chr_stv_all_chr3.bed
            { grep -P 'chr3[_:-]' results/10-format_hor_stv/bed/chr3/stv_complete.bed || true ;} > results/11-plot_hor_stv/bed/chr_stv_complete_chr3.bed
            { grep -P 'chr3[_:-]' results/8-format_repeatmasker_sat_annot/bed/all_cens.annotation.bed || true ;} > results/11-plot_hor_stv/bed/chr_sat_annot_chr3.bed
        fi
        touch results/11-plot_hor_stv/bed/chr_stv_all_chr3.bed results/11-plot_hor_stv/bed/chr_stv_complete_chr3.bed results/11-plot_hor_stv/bed/chr_sat_annot_chr3.bed results/11-plot_hor_stv/bed/chr_cdr_chr3.bed
        
Select jobs to execute...
[Thu Jan  8 18:51:56 2026]
Finished jobid: 187 (Rule: filter_annotations_hor_stv_by_chr)
226 of 325 steps (70%) done
Execute 1 jobs...

[Thu Jan  8 18:51:56 2026]
localrule filter_annotations_hor_stv_by_chr:
    input: results/8-cdr_finder/bed/all_cdrs.bed, results/10-format_hor_stv/bed/chr4/stv_all.bed, results/10-format_hor_stv/bed/chr4/stv_complete.bed, results/8-format_repeatmasker_sat_annot/bed/all_cens.annotation.bed
    output: results/11-plot_hor_stv/bed/chr_stv_all_chr4.bed, results/11-plot_hor_stv/bed/chr_stv_complete_chr4.bed, results/11-plot_hor_stv/bed/chr_sat_annot_chr4.bed, results/11-plot_hor_stv/bed/chr_cdr_chr4.bed
    log: logs/11-plot_hor_stv/filter_annotations_chr4_hor_stv.log
    jobid: 190
    reason: Input files updated by another job: results/8-cdr_finder/bed/all_cdrs.bed, results/10-format_hor_stv/bed/chr4/stv_complete.bed
    wildcards: chr=chr4
    resources: mem_mb=8000, mem_mib=7630, disk_mb=1000, disk_mib=954, tmpdir=/tmp, mem=8GB
Shell command: 
        if [ -z "chr4[_:-]" ]; then
            if [ ! "True" == "False" ]; then
                cp results/8-cdr_finder/bed/all_cdrs.bed results/11-plot_hor_stv/bed/chr_cdr_chr4.bed
            fi
            cp results/10-format_hor_stv/bed/chr4/stv_all.bed results/11-plot_hor_stv/bed/chr_stv_all_chr4.bed
            cp results/10-format_hor_stv/bed/chr4/stv_complete.bed results/11-plot_hor_stv/bed/chr_stv_complete_chr4.bed
            cp results/8-format_repeatmasker_sat_annot/bed/all_cens.annotation.bed results/11-plot_hor_stv/bed/chr_sat_annot_chr4.bed
        else
            if [ ! "True" == "False" ]; then
                { grep -P 'chr4[_:-]' results/8-cdr_finder/bed/all_cdrs.bed || true ;} > results/11-plot_hor_stv/bed/chr_cdr_chr4.bed
            fi
            { grep -P 'chr4[_:-]' results/10-format_hor_stv/bed/chr4/stv_all.bed || true ;} > results/11-plot_hor_stv/bed/chr_stv_all_chr4.bed
            { grep -P 'chr4[_:-]' results/10-format_hor_stv/bed/chr4/stv_complete.bed || true ;} > results/11-plot_hor_stv/bed/chr_stv_complete_chr4.bed
            { grep -P 'chr4[_:-]' results/8-format_repeatmasker_sat_annot/bed/all_cens.annotation.bed || true ;} > results/11-plot_hor_stv/bed/chr_sat_annot_chr4.bed
        fi
        touch results/11-plot_hor_stv/bed/chr_stv_all_chr4.bed results/11-plot_hor_stv/bed/chr_stv_complete_chr4.bed results/11-plot_hor_stv/bed/chr_sat_annot_chr4.bed results/11-plot_hor_stv/bed/chr_cdr_chr4.bed
        
Select jobs to execute...
[Thu Jan  8 18:51:56 2026]
Finished jobid: 190 (Rule: filter_annotations_hor_stv_by_chr)
227 of 325 steps (70%) done
Execute 1 jobs...

[Thu Jan  8 18:51:56 2026]
localrule filter_annotations_hor_stv_by_chr:
    input: results/8-cdr_finder/bed/all_cdrs.bed, results/10-format_hor_stv/bed/chrX/stv_all.bed, results/10-format_hor_stv/bed/chrX/stv_complete.bed, results/8-format_repeatmasker_sat_annot/bed/all_cens.annotation.bed
    output: results/11-plot_hor_stv/bed/chr_stv_all_chrX.bed, results/11-plot_hor_stv/bed/chr_stv_complete_chrX.bed, results/11-plot_hor_stv/bed/chr_sat_annot_chrX.bed, results/11-plot_hor_stv/bed/chr_cdr_chrX.bed
    log: logs/11-plot_hor_stv/filter_annotations_chrX_hor_stv.log
    jobid: 247
    reason: Input files updated by another job: results/8-cdr_finder/bed/all_cdrs.bed, results/10-format_hor_stv/bed/chrX/stv_complete.bed
    wildcards: chr=chrX
    resources: mem_mb=8000, mem_mib=7630, disk_mb=1000, disk_mib=954, tmpdir=/tmp, mem=8GB
Shell command: 
        if [ -z "chrX[_:-]" ]; then
            if [ ! "True" == "False" ]; then
                cp results/8-cdr_finder/bed/all_cdrs.bed results/11-plot_hor_stv/bed/chr_cdr_chrX.bed
            fi
            cp results/10-format_hor_stv/bed/chrX/stv_all.bed results/11-plot_hor_stv/bed/chr_stv_all_chrX.bed
            cp results/10-format_hor_stv/bed/chrX/stv_complete.bed results/11-plot_hor_stv/bed/chr_stv_complete_chrX.bed
            cp results/8-format_repeatmasker_sat_annot/bed/all_cens.annotation.bed results/11-plot_hor_stv/bed/chr_sat_annot_chrX.bed
        else
            if [ ! "True" == "False" ]; then
                { grep -P 'chrX[_:-]' results/8-cdr_finder/bed/all_cdrs.bed || true ;} > results/11-plot_hor_stv/bed/chr_cdr_chrX.bed
            fi
            { grep -P 'chrX[_:-]' results/10-format_hor_stv/bed/chrX/stv_all.bed || true ;} > results/11-plot_hor_stv/bed/chr_stv_all_chrX.bed
            { grep -P 'chrX[_:-]' results/10-format_hor_stv/bed/chrX/stv_complete.bed || true ;} > results/11-plot_hor_stv/bed/chr_stv_complete_chrX.bed
            { grep -P 'chrX[_:-]' results/8-format_repeatmasker_sat_annot/bed/all_cens.annotation.bed || true ;} > results/11-plot_hor_stv/bed/chr_sat_annot_chrX.bed
        fi
        touch results/11-plot_hor_stv/bed/chr_stv_all_chrX.bed results/11-plot_hor_stv/bed/chr_stv_complete_chrX.bed results/11-plot_hor_stv/bed/chr_sat_annot_chrX.bed results/11-plot_hor_stv/bed/chr_cdr_chrX.bed
        
Select jobs to execute...
[Thu Jan  8 18:51:56 2026]
Finished jobid: 247 (Rule: filter_annotations_hor_stv_by_chr)
228 of 325 steps (70%) done
Execute 1 jobs...

[Thu Jan  8 18:51:56 2026]
localrule filter_annotations_hor_stv_by_chr:
    input: results/8-cdr_finder/bed/all_cdrs.bed, results/10-format_hor_stv/bed/chr21/stv_all.bed, results/10-format_hor_stv/bed/chr21/stv_complete.bed, results/8-format_repeatmasker_sat_annot/bed/all_cens.annotation.bed
    output: results/11-plot_hor_stv/bed/chr_stv_all_chr21.bed, results/11-plot_hor_stv/bed/chr_stv_complete_chr21.bed, results/11-plot_hor_stv/bed/chr_sat_annot_chr21.bed, results/11-plot_hor_stv/bed/chr_cdr_chr21.bed
    log: logs/11-plot_hor_stv/filter_annotations_chr21_hor_stv.log
    jobid: 241
    reason: Input files updated by another job: results/8-cdr_finder/bed/all_cdrs.bed, results/10-format_hor_stv/bed/chr21/stv_complete.bed
    wildcards: chr=chr21
    resources: mem_mb=8000, mem_mib=7630, disk_mb=1000, disk_mib=954, tmpdir=/tmp, mem=8GB
Shell command: 
        if [ -z "chr21[_:-]" ]; then
            if [ ! "True" == "False" ]; then
                cp results/8-cdr_finder/bed/all_cdrs.bed results/11-plot_hor_stv/bed/chr_cdr_chr21.bed
            fi
            cp results/10-format_hor_stv/bed/chr21/stv_all.bed results/11-plot_hor_stv/bed/chr_stv_all_chr21.bed
            cp results/10-format_hor_stv/bed/chr21/stv_complete.bed results/11-plot_hor_stv/bed/chr_stv_complete_chr21.bed
            cp results/8-format_repeatmasker_sat_annot/bed/all_cens.annotation.bed results/11-plot_hor_stv/bed/chr_sat_annot_chr21.bed
        else
            if [ ! "True" == "False" ]; then
                { grep -P 'chr21[_:-]' results/8-cdr_finder/bed/all_cdrs.bed || true ;} > results/11-plot_hor_stv/bed/chr_cdr_chr21.bed
            fi
            { grep -P 'chr21[_:-]' results/10-format_hor_stv/bed/chr21/stv_all.bed || true ;} > results/11-plot_hor_stv/bed/chr_stv_all_chr21.bed
            { grep -P 'chr21[_:-]' results/10-format_hor_stv/bed/chr21/stv_complete.bed || true ;} > results/11-plot_hor_stv/bed/chr_stv_complete_chr21.bed
            { grep -P 'chr21[_:-]' results/8-format_repeatmasker_sat_annot/bed/all_cens.annotation.bed || true ;} > results/11-plot_hor_stv/bed/chr_sat_annot_chr21.bed
        fi
        touch results/11-plot_hor_stv/bed/chr_stv_all_chr21.bed results/11-plot_hor_stv/bed/chr_stv_complete_chr21.bed results/11-plot_hor_stv/bed/chr_sat_annot_chr21.bed results/11-plot_hor_stv/bed/chr_cdr_chr21.bed
        
Select jobs to execute...
[Thu Jan  8 18:51:56 2026]
Finished jobid: 241 (Rule: filter_annotations_hor_stv_by_chr)
229 of 325 steps (70%) done
Execute 1 jobs...

[Thu Jan  8 18:51:56 2026]
localrule filter_annotations_hor_stv_by_chr:
    input: results/8-cdr_finder/bed/all_cdrs.bed, results/10-format_hor_stv/bed/chr13/stv_all.bed, results/10-format_hor_stv/bed/chr13/stv_complete.bed, results/8-format_repeatmasker_sat_annot/bed/all_cens.annotation.bed
    output: results/11-plot_hor_stv/bed/chr_stv_all_chr13.bed, results/11-plot_hor_stv/bed/chr_stv_complete_chr13.bed, results/11-plot_hor_stv/bed/chr_sat_annot_chr13.bed, results/11-plot_hor_stv/bed/chr_cdr_chr13.bed
    log: logs/11-plot_hor_stv/filter_annotations_chr13_hor_stv.log
    jobid: 217
    reason: Input files updated by another job: results/8-cdr_finder/bed/all_cdrs.bed, results/10-format_hor_stv/bed/chr13/stv_complete.bed
    wildcards: chr=chr13
    resources: mem_mb=8000, mem_mib=7630, disk_mb=1000, disk_mib=954, tmpdir=/tmp, mem=8GB
Shell command: 
        if [ -z "chr13[_:-]" ]; then
            if [ ! "True" == "False" ]; then
                cp results/8-cdr_finder/bed/all_cdrs.bed results/11-plot_hor_stv/bed/chr_cdr_chr13.bed
            fi
            cp results/10-format_hor_stv/bed/chr13/stv_all.bed results/11-plot_hor_stv/bed/chr_stv_all_chr13.bed
            cp results/10-format_hor_stv/bed/chr13/stv_complete.bed results/11-plot_hor_stv/bed/chr_stv_complete_chr13.bed
            cp results/8-format_repeatmasker_sat_annot/bed/all_cens.annotation.bed results/11-plot_hor_stv/bed/chr_sat_annot_chr13.bed
        else
            if [ ! "True" == "False" ]; then
                { grep -P 'chr13[_:-]' results/8-cdr_finder/bed/all_cdrs.bed || true ;} > results/11-plot_hor_stv/bed/chr_cdr_chr13.bed
            fi
            { grep -P 'chr13[_:-]' results/10-format_hor_stv/bed/chr13/stv_all.bed || true ;} > results/11-plot_hor_stv/bed/chr_stv_all_chr13.bed
            { grep -P 'chr13[_:-]' results/10-format_hor_stv/bed/chr13/stv_complete.bed || true ;} > results/11-plot_hor_stv/bed/chr_stv_complete_chr13.bed
            { grep -P 'chr13[_:-]' results/8-format_repeatmasker_sat_annot/bed/all_cens.annotation.bed || true ;} > results/11-plot_hor_stv/bed/chr_sat_annot_chr13.bed
        fi
        touch results/11-plot_hor_stv/bed/chr_stv_all_chr13.bed results/11-plot_hor_stv/bed/chr_stv_complete_chr13.bed results/11-plot_hor_stv/bed/chr_sat_annot_chr13.bed results/11-plot_hor_stv/bed/chr_cdr_chr13.bed
        
Select jobs to execute...
[Thu Jan  8 18:51:56 2026]
Finished jobid: 217 (Rule: filter_annotations_hor_stv_by_chr)
230 of 325 steps (71%) done
Execute 1 jobs...

[Thu Jan  8 18:51:56 2026]
localrule filter_annotations_hor_stv_by_chr:
    input: results/8-cdr_finder/bed/all_cdrs.bed, results/10-format_hor_stv/bed/chrY/stv_all.bed, results/10-format_hor_stv/bed/chrY/stv_complete.bed, results/8-format_repeatmasker_sat_annot/bed/all_cens.annotation.bed
    output: results/11-plot_hor_stv/bed/chr_stv_all_chrY.bed, results/11-plot_hor_stv/bed/chr_stv_complete_chrY.bed, results/11-plot_hor_stv/bed/chr_sat_annot_chrY.bed, results/11-plot_hor_stv/bed/chr_cdr_chrY.bed
    log: logs/11-plot_hor_stv/filter_annotations_chrY_hor_stv.log
    jobid: 250
    reason: Input files updated by another job: results/8-cdr_finder/bed/all_cdrs.bed, results/10-format_hor_stv/bed/chrY/stv_complete.bed
    wildcards: chr=chrY
    resources: mem_mb=8000, mem_mib=7630, disk_mb=1000, disk_mib=954, tmpdir=/tmp, mem=8GB
Shell command: 
        if [ -z "chrY[_:-]" ]; then
            if [ ! "True" == "False" ]; then
                cp results/8-cdr_finder/bed/all_cdrs.bed results/11-plot_hor_stv/bed/chr_cdr_chrY.bed
            fi
            cp results/10-format_hor_stv/bed/chrY/stv_all.bed results/11-plot_hor_stv/bed/chr_stv_all_chrY.bed
            cp results/10-format_hor_stv/bed/chrY/stv_complete.bed results/11-plot_hor_stv/bed/chr_stv_complete_chrY.bed
            cp results/8-format_repeatmasker_sat_annot/bed/all_cens.annotation.bed results/11-plot_hor_stv/bed/chr_sat_annot_chrY.bed
        else
            if [ ! "True" == "False" ]; then
                { grep -P 'chrY[_:-]' results/8-cdr_finder/bed/all_cdrs.bed || true ;} > results/11-plot_hor_stv/bed/chr_cdr_chrY.bed
            fi
            { grep -P 'chrY[_:-]' results/10-format_hor_stv/bed/chrY/stv_all.bed || true ;} > results/11-plot_hor_stv/bed/chr_stv_all_chrY.bed
            { grep -P 'chrY[_:-]' results/10-format_hor_stv/bed/chrY/stv_complete.bed || true ;} > results/11-plot_hor_stv/bed/chr_stv_complete_chrY.bed
            { grep -P 'chrY[_:-]' results/8-format_repeatmasker_sat_annot/bed/all_cens.annotation.bed || true ;} > results/11-plot_hor_stv/bed/chr_sat_annot_chrY.bed
        fi
        touch results/11-plot_hor_stv/bed/chr_stv_all_chrY.bed results/11-plot_hor_stv/bed/chr_stv_complete_chrY.bed results/11-plot_hor_stv/bed/chr_sat_annot_chrY.bed results/11-plot_hor_stv/bed/chr_cdr_chrY.bed
        
Select jobs to execute...
[Thu Jan  8 18:51:56 2026]
Finished jobid: 250 (Rule: filter_annotations_hor_stv_by_chr)
231 of 325 steps (71%) done
Execute 1 jobs...

[Thu Jan  8 18:51:56 2026]
localrule plot_hor_stv_by_chr:
    input: results/11-plot_hor_stv/bed/chr_cdr_chr18.bed, results/11-plot_hor_stv/bed/chr_stv_all_chr18.bed, results/11-plot_hor_stv/bed/chr_sat_annot_chr18.bed
    output: results/11-plot_hor_stv/plots/chr_all_chr18.png, results/11-plot_hor_stv/plots/chr_all_chr18.pdf
    log: logs/11-plot_hor_stv/plot_chr18_hor_stv_all.log
    jobid: 233
    reason: Input files updated by another job: results/11-plot_hor_stv/bed/chr_stv_all_chr18.bed, results/11-plot_hor_stv/bed/chr_cdr_chr18.bed, results/11-plot_hor_stv/bed/chr_sat_annot_chr18.bed
    wildcards: typ=all, chr=chr18
    resources: mem_mb=8000, mem_mib=7630, disk_mb=1000, disk_mib=954, tmpdir=/tmp, mem=8GB
Shell command: 
    { python /home/ukt.ad.local/ahgrosc1/.cache/snakemake/snakemake/source-cache/runtime-cache/tmpvv5_ue2g/file/mnt/storage3b/projects/no_ngsd/ahthapp1_T2T_ONT/analysis_other/cenmap_single/T2T18/workflow/rules/../scripts/plot_multiple_cen.py     -i '{"cdr": "results/11-plot_hor_stv/bed/chr_cdr_chr18.bed", "stv": "results/11-plot_hor_stv/bed/chr_stv_all_chr18.bed", "rm": "results/11-plot_hor_stv/bed/chr_sat_annot_chr18.bed"}'     -t /home/ukt.ad.local/ahgrosc1/.cache/snakemake/snakemake/source-cache/runtime-cache/tmpvv5_ue2g/file/mnt/storage3b/projects/no_ngsd/ahthapp1_T2T_ONT/analysis_other/cenmap_single/T2T18/workflow/rules/../scripts/cenplot_hor_stv_plot.yaml     -o results/11-plot_hor_stv/plots/chr_all_chr18     --options '{"hor": {"color_map_file": "/mnt/storage3b/projects/no_ngsd/ahthapp1_T2T_ONT/analysis_other/cenmap_single/T2T18/config/stv_annot_colors.tsv"}}'  --ref_ax_idx 1 || true ;} 2> logs/11-plot_hor_stv/plot_chr18_hor_stv_all.log
    touch results/11-plot_hor_stv/plots/chr_all_chr18.png results/11-plot_hor_stv/plots/chr_all_chr18.pdf

Select jobs to execute...
[Thu Jan  8 18:52:00 2026]
Finished jobid: 236 (Rule: plot_hor_stv_by_chr)
232 of 325 steps (71%) done
Execute 1 jobs...

[Thu Jan  8 18:52:00 2026]
localrule plot_hor_stv_by_chr:
    input: results/11-plot_hor_stv/bed/chr_cdr_chr2.bed, results/11-plot_hor_stv/bed/chr_stv_complete_chr2.bed, results/11-plot_hor_stv/bed/chr_sat_annot_chr2.bed
    output: results/11-plot_hor_stv/plots/chr_complete_chr2.png, results/11-plot_hor_stv/plots/chr_complete_chr2.pdf
    log: logs/11-plot_hor_stv/plot_chr2_hor_stv_complete.log
    jobid: 183
    reason: Input files updated by another job: results/11-plot_hor_stv/bed/chr_stv_complete_chr2.bed, results/11-plot_hor_stv/bed/chr_sat_annot_chr2.bed, results/11-plot_hor_stv/bed/chr_cdr_chr2.bed
    wildcards: typ=complete, chr=chr2
    resources: mem_mb=8000, mem_mib=7630, disk_mb=1000, disk_mib=954, tmpdir=/tmp, mem=8GB
Shell command: 
    { python /home/ukt.ad.local/ahgrosc1/.cache/snakemake/snakemake/source-cache/runtime-cache/tmpvv5_ue2g/file/mnt/storage3b/projects/no_ngsd/ahthapp1_T2T_ONT/analysis_other/cenmap_single/T2T18/workflow/rules/../scripts/plot_multiple_cen.py     -i '{"cdr": "results/11-plot_hor_stv/bed/chr_cdr_chr2.bed", "stv": "results/11-plot_hor_stv/bed/chr_stv_complete_chr2.bed", "rm": "results/11-plot_hor_stv/bed/chr_sat_annot_chr2.bed"}'     -t /home/ukt.ad.local/ahgrosc1/.cache/snakemake/snakemake/source-cache/runtime-cache/tmpvv5_ue2g/file/mnt/storage3b/projects/no_ngsd/ahthapp1_T2T_ONT/analysis_other/cenmap_single/T2T18/workflow/rules/../scripts/cenplot_hor_stv_plot.yaml     -o results/11-plot_hor_stv/plots/chr_complete_chr2     --options '{"hor": {"color_map_file": "/mnt/storage3b/projects/no_ngsd/ahthapp1_T2T_ONT/analysis_other/cenmap_single/T2T18/config/stv_annot_colors.tsv"}}' --omit_if_any_empty --ref_ax_idx 1 || true ;} 2> logs/11-plot_hor_stv/plot_chr2_hor_stv_complete.log
    touch results/11-plot_hor_stv/plots/chr_complete_chr2.png results/11-plot_hor_stv/plots/chr_complete_chr2.pdf

Select jobs to execute...
[Thu Jan  8 18:52:09 2026]
Finished jobid: 233 (Rule: plot_hor_stv_by_chr)
233 of 325 steps (72%) done
Execute 1 jobs...

[Thu Jan  8 18:52:09 2026]
localrule plot_hor_stv_by_chr:
    input: results/11-plot_hor_stv/bed/chr_cdr_chr2.bed, results/11-plot_hor_stv/bed/chr_stv_all_chr2.bed, results/11-plot_hor_stv/bed/chr_sat_annot_chr2.bed
    output: results/11-plot_hor_stv/plots/chr_all_chr2.png, results/11-plot_hor_stv/plots/chr_all_chr2.pdf
    log: logs/11-plot_hor_stv/plot_chr2_hor_stv_all.log
    jobid: 185
    reason: Input files updated by another job: results/11-plot_hor_stv/bed/chr_stv_all_chr2.bed, results/11-plot_hor_stv/bed/chr_sat_annot_chr2.bed, results/11-plot_hor_stv/bed/chr_cdr_chr2.bed
    wildcards: typ=all, chr=chr2
    resources: mem_mb=8000, mem_mib=7630, disk_mb=1000, disk_mib=954, tmpdir=/tmp, mem=8GB
Shell command: 
    { python /home/ukt.ad.local/ahgrosc1/.cache/snakemake/snakemake/source-cache/runtime-cache/tmpvv5_ue2g/file/mnt/storage3b/projects/no_ngsd/ahthapp1_T2T_ONT/analysis_other/cenmap_single/T2T18/workflow/rules/../scripts/plot_multiple_cen.py     -i '{"cdr": "results/11-plot_hor_stv/bed/chr_cdr_chr2.bed", "stv": "results/11-plot_hor_stv/bed/chr_stv_all_chr2.bed", "rm": "results/11-plot_hor_stv/bed/chr_sat_annot_chr2.bed"}'     -t /home/ukt.ad.local/ahgrosc1/.cache/snakemake/snakemake/source-cache/runtime-cache/tmpvv5_ue2g/file/mnt/storage3b/projects/no_ngsd/ahthapp1_T2T_ONT/analysis_other/cenmap_single/T2T18/workflow/rules/../scripts/cenplot_hor_stv_plot.yaml     -o results/11-plot_hor_stv/plots/chr_all_chr2     --options '{"hor": {"color_map_file": "/mnt/storage3b/projects/no_ngsd/ahthapp1_T2T_ONT/analysis_other/cenmap_single/T2T18/config/stv_annot_colors.tsv"}}'  --ref_ax_idx 1 || true ;} 2> logs/11-plot_hor_stv/plot_chr2_hor_stv_all.log
    touch results/11-plot_hor_stv/plots/chr_all_chr2.png results/11-plot_hor_stv/plots/chr_all_chr2.pdf

Select jobs to execute...
[Thu Jan  8 18:52:13 2026]
Finished jobid: 183 (Rule: plot_hor_stv_by_chr)
234 of 325 steps (72%) done
Execute 1 jobs...

[Thu Jan  8 18:52:13 2026]
localrule plot_hor_stv_by_chr:
    input: results/11-plot_hor_stv/bed/chr_cdr_chr11.bed, results/11-plot_hor_stv/bed/chr_stv_all_chr11.bed, results/11-plot_hor_stv/bed/chr_sat_annot_chr11.bed
    output: results/11-plot_hor_stv/plots/chr_all_chr11.png, results/11-plot_hor_stv/plots/chr_all_chr11.pdf
    log: logs/11-plot_hor_stv/plot_chr11_hor_stv_all.log
    jobid: 212
    reason: Input files updated by another job: results/11-plot_hor_stv/bed/chr_stv_all_chr11.bed, results/11-plot_hor_stv/bed/chr_sat_annot_chr11.bed, results/11-plot_hor_stv/bed/chr_cdr_chr11.bed
    wildcards: typ=all, chr=chr11
    resources: mem_mb=8000, mem_mib=7630, disk_mb=1000, disk_mib=954, tmpdir=/tmp, mem=8GB
Shell command: 
    { python /home/ukt.ad.local/ahgrosc1/.cache/snakemake/snakemake/source-cache/runtime-cache/tmpvv5_ue2g/file/mnt/storage3b/projects/no_ngsd/ahthapp1_T2T_ONT/analysis_other/cenmap_single/T2T18/workflow/rules/../scripts/plot_multiple_cen.py     -i '{"cdr": "results/11-plot_hor_stv/bed/chr_cdr_chr11.bed", "stv": "results/11-plot_hor_stv/bed/chr_stv_all_chr11.bed", "rm": "results/11-plot_hor_stv/bed/chr_sat_annot_chr11.bed"}'     -t /home/ukt.ad.local/ahgrosc1/.cache/snakemake/snakemake/source-cache/runtime-cache/tmpvv5_ue2g/file/mnt/storage3b/projects/no_ngsd/ahthapp1_T2T_ONT/analysis_other/cenmap_single/T2T18/workflow/rules/../scripts/cenplot_hor_stv_plot.yaml     -o results/11-plot_hor_stv/plots/chr_all_chr11     --options '{"hor": {"color_map_file": "/mnt/storage3b/projects/no_ngsd/ahthapp1_T2T_ONT/analysis_other/cenmap_single/T2T18/config/stv_annot_colors.tsv"}}'  --ref_ax_idx 1 || true ;} 2> logs/11-plot_hor_stv/plot_chr11_hor_stv_all.log
    touch results/11-plot_hor_stv/plots/chr_all_chr11.png results/11-plot_hor_stv/plots/chr_all_chr11.pdf

Select jobs to execute...
[Thu Jan  8 18:52:21 2026]
Finished jobid: 185 (Rule: plot_hor_stv_by_chr)
235 of 325 steps (72%) done
Execute 1 jobs...

[Thu Jan  8 18:52:21 2026]
localrule plot_hor_stv_by_chr:
    input: results/11-plot_hor_stv/bed/chr_cdr_chr11.bed, results/11-plot_hor_stv/bed/chr_stv_complete_chr11.bed, results/11-plot_hor_stv/bed/chr_sat_annot_chr11.bed
    output: results/11-plot_hor_stv/plots/chr_complete_chr11.png, results/11-plot_hor_stv/plots/chr_complete_chr11.pdf
    log: logs/11-plot_hor_stv/plot_chr11_hor_stv_complete.log
    jobid: 210
    reason: Input files updated by another job: results/11-plot_hor_stv/bed/chr_stv_complete_chr11.bed, results/11-plot_hor_stv/bed/chr_sat_annot_chr11.bed, results/11-plot_hor_stv/bed/chr_cdr_chr11.bed
    wildcards: typ=complete, chr=chr11
    resources: mem_mb=8000, mem_mib=7630, disk_mb=1000, disk_mib=954, tmpdir=/tmp, mem=8GB
Shell command: 
    { python /home/ukt.ad.local/ahgrosc1/.cache/snakemake/snakemake/source-cache/runtime-cache/tmpvv5_ue2g/file/mnt/storage3b/projects/no_ngsd/ahthapp1_T2T_ONT/analysis_other/cenmap_single/T2T18/workflow/rules/../scripts/plot_multiple_cen.py     -i '{"cdr": "results/11-plot_hor_stv/bed/chr_cdr_chr11.bed", "stv": "results/11-plot_hor_stv/bed/chr_stv_complete_chr11.bed", "rm": "results/11-plot_hor_stv/bed/chr_sat_annot_chr11.bed"}'     -t /home/ukt.ad.local/ahgrosc1/.cache/snakemake/snakemake/source-cache/runtime-cache/tmpvv5_ue2g/file/mnt/storage3b/projects/no_ngsd/ahthapp1_T2T_ONT/analysis_other/cenmap_single/T2T18/workflow/rules/../scripts/cenplot_hor_stv_plot.yaml     -o results/11-plot_hor_stv/plots/chr_complete_chr11     --options '{"hor": {"color_map_file": "/mnt/storage3b/projects/no_ngsd/ahthapp1_T2T_ONT/analysis_other/cenmap_single/T2T18/config/stv_annot_colors.tsv"}}' --omit_if_any_empty --ref_ax_idx 1 || true ;} 2> logs/11-plot_hor_stv/plot_chr11_hor_stv_complete.log
    touch results/11-plot_hor_stv/plots/chr_complete_chr11.png results/11-plot_hor_stv/plots/chr_complete_chr11.pdf

Select jobs to execute...
[Thu Jan  8 18:52:24 2026]
Finished jobid: 210 (Rule: plot_hor_stv_by_chr)
236 of 325 steps (73%) done
Execute 1 jobs...

[Thu Jan  8 18:52:24 2026]
localrule plot_hor_stv_by_chr:
    input: results/11-plot_hor_stv/bed/chr_cdr_chr5.bed, results/11-plot_hor_stv/bed/chr_stv_complete_chr5.bed, results/11-plot_hor_stv/bed/chr_sat_annot_chr5.bed
    output: results/11-plot_hor_stv/plots/chr_complete_chr5.png, results/11-plot_hor_stv/plots/chr_complete_chr5.pdf
    log: logs/11-plot_hor_stv/plot_chr5_hor_stv_complete.log
    jobid: 192
    reason: Input files updated by another job: results/11-plot_hor_stv/bed/chr_sat_annot_chr5.bed, results/11-plot_hor_stv/bed/chr_stv_complete_chr5.bed, results/11-plot_hor_stv/bed/chr_cdr_chr5.bed
    wildcards: typ=complete, chr=chr5
    resources: mem_mb=8000, mem_mib=7630, disk_mb=1000, disk_mib=954, tmpdir=/tmp, mem=8GB
Shell command: 
    { python /home/ukt.ad.local/ahgrosc1/.cache/snakemake/snakemake/source-cache/runtime-cache/tmpvv5_ue2g/file/mnt/storage3b/projects/no_ngsd/ahthapp1_T2T_ONT/analysis_other/cenmap_single/T2T18/workflow/rules/../scripts/plot_multiple_cen.py     -i '{"cdr": "results/11-plot_hor_stv/bed/chr_cdr_chr5.bed", "stv": "results/11-plot_hor_stv/bed/chr_stv_complete_chr5.bed", "rm": "results/11-plot_hor_stv/bed/chr_sat_annot_chr5.bed"}'     -t /home/ukt.ad.local/ahgrosc1/.cache/snakemake/snakemake/source-cache/runtime-cache/tmpvv5_ue2g/file/mnt/storage3b/projects/no_ngsd/ahthapp1_T2T_ONT/analysis_other/cenmap_single/T2T18/workflow/rules/../scripts/cenplot_hor_stv_plot.yaml     -o results/11-plot_hor_stv/plots/chr_complete_chr5     --options '{"hor": {"color_map_file": "/mnt/storage3b/projects/no_ngsd/ahthapp1_T2T_ONT/analysis_other/cenmap_single/T2T18/config/stv_annot_colors.tsv"}}' --omit_if_any_empty --ref_ax_idx 1 || true ;} 2> logs/11-plot_hor_stv/plot_chr5_hor_stv_complete.log
    touch results/11-plot_hor_stv/plots/chr_complete_chr5.png results/11-plot_hor_stv/plots/chr_complete_chr5.pdf

Select jobs to execute...
[Thu Jan  8 18:52:24 2026]
Finished jobid: 212 (Rule: plot_hor_stv_by_chr)
237 of 325 steps (73%) done
Execute 1 jobs...

[Thu Jan  8 18:52:24 2026]
localrule plot_hor_stv_by_chr:
    input: results/11-plot_hor_stv/bed/chr_cdr_chr5.bed, results/11-plot_hor_stv/bed/chr_stv_all_chr5.bed, results/11-plot_hor_stv/bed/chr_sat_annot_chr5.bed
    output: results/11-plot_hor_stv/plots/chr_all_chr5.png, results/11-plot_hor_stv/plots/chr_all_chr5.pdf
    log: logs/11-plot_hor_stv/plot_chr5_hor_stv_all.log
    jobid: 194
    reason: Input files updated by another job: results/11-plot_hor_stv/bed/chr_sat_annot_chr5.bed, results/11-plot_hor_stv/bed/chr_stv_all_chr5.bed, results/11-plot_hor_stv/bed/chr_cdr_chr5.bed
    wildcards: typ=all, chr=chr5
    resources: mem_mb=8000, mem_mib=7630, disk_mb=1000, disk_mib=954, tmpdir=/tmp, mem=8GB
Shell command: 
    { python /home/ukt.ad.local/ahgrosc1/.cache/snakemake/snakemake/source-cache/runtime-cache/tmpvv5_ue2g/file/mnt/storage3b/projects/no_ngsd/ahthapp1_T2T_ONT/analysis_other/cenmap_single/T2T18/workflow/rules/../scripts/plot_multiple_cen.py     -i '{"cdr": "results/11-plot_hor_stv/bed/chr_cdr_chr5.bed", "stv": "results/11-plot_hor_stv/bed/chr_stv_all_chr5.bed", "rm": "results/11-plot_hor_stv/bed/chr_sat_annot_chr5.bed"}'     -t /home/ukt.ad.local/ahgrosc1/.cache/snakemake/snakemake/source-cache/runtime-cache/tmpvv5_ue2g/file/mnt/storage3b/projects/no_ngsd/ahthapp1_T2T_ONT/analysis_other/cenmap_single/T2T18/workflow/rules/../scripts/cenplot_hor_stv_plot.yaml     -o results/11-plot_hor_stv/plots/chr_all_chr5     --options '{"hor": {"color_map_file": "/mnt/storage3b/projects/no_ngsd/ahthapp1_T2T_ONT/analysis_other/cenmap_single/T2T18/config/stv_annot_colors.tsv"}}'  --ref_ax_idx 1 || true ;} 2> logs/11-plot_hor_stv/plot_chr5_hor_stv_all.log
    touch results/11-plot_hor_stv/plots/chr_all_chr5.png results/11-plot_hor_stv/plots/chr_all_chr5.pdf

Select jobs to execute...
[Thu Jan  8 18:52:34 2026]
Finished jobid: 192 (Rule: plot_hor_stv_by_chr)
238 of 325 steps (73%) done
Execute 1 jobs...

[Thu Jan  8 18:52:34 2026]
localrule plot_hor_stv_by_chr:
    input: results/11-plot_hor_stv/bed/chr_cdr_chr7.bed, results/11-plot_hor_stv/bed/chr_stv_all_chr7.bed, results/11-plot_hor_stv/bed/chr_sat_annot_chr7.bed
    output: results/11-plot_hor_stv/plots/chr_all_chr7.png, results/11-plot_hor_stv/plots/chr_all_chr7.pdf
    log: logs/11-plot_hor_stv/plot_chr7_hor_stv_all.log
    jobid: 200
    reason: Input files updated by another job: results/11-plot_hor_stv/bed/chr_stv_all_chr7.bed, results/11-plot_hor_stv/bed/chr_cdr_chr7.bed, results/11-plot_hor_stv/bed/chr_sat_annot_chr7.bed
    wildcards: typ=all, chr=chr7
    resources: mem_mb=8000, mem_mib=7630, disk_mb=1000, disk_mib=954, tmpdir=/tmp, mem=8GB
Shell command: 
    { python /home/ukt.ad.local/ahgrosc1/.cache/snakemake/snakemake/source-cache/runtime-cache/tmpvv5_ue2g/file/mnt/storage3b/projects/no_ngsd/ahthapp1_T2T_ONT/analysis_other/cenmap_single/T2T18/workflow/rules/../scripts/plot_multiple_cen.py     -i '{"cdr": "results/11-plot_hor_stv/bed/chr_cdr_chr7.bed", "stv": "results/11-plot_hor_stv/bed/chr_stv_all_chr7.bed", "rm": "results/11-plot_hor_stv/bed/chr_sat_annot_chr7.bed"}'     -t /home/ukt.ad.local/ahgrosc1/.cache/snakemake/snakemake/source-cache/runtime-cache/tmpvv5_ue2g/file/mnt/storage3b/projects/no_ngsd/ahthapp1_T2T_ONT/analysis_other/cenmap_single/T2T18/workflow/rules/../scripts/cenplot_hor_stv_plot.yaml     -o results/11-plot_hor_stv/plots/chr_all_chr7     --options '{"hor": {"color_map_file": "/mnt/storage3b/projects/no_ngsd/ahthapp1_T2T_ONT/analysis_other/cenmap_single/T2T18/config/stv_annot_colors.tsv"}}'  --ref_ax_idx 1 || true ;} 2> logs/11-plot_hor_stv/plot_chr7_hor_stv_all.log
    touch results/11-plot_hor_stv/plots/chr_all_chr7.png results/11-plot_hor_stv/plots/chr_all_chr7.pdf

Select jobs to execute...
[Thu Jan  8 18:52:36 2026]
Finished jobid: 194 (Rule: plot_hor_stv_by_chr)
239 of 325 steps (74%) done
Execute 1 jobs...

[Thu Jan  8 18:52:36 2026]
localrule plot_hor_stv_by_chr:
    input: results/11-plot_hor_stv/bed/chr_cdr_chr9.bed, results/11-plot_hor_stv/bed/chr_stv_all_chr9.bed, results/11-plot_hor_stv/bed/chr_sat_annot_chr9.bed
    output: results/11-plot_hor_stv/plots/chr_all_chr9.png, results/11-plot_hor_stv/plots/chr_all_chr9.pdf
    log: logs/11-plot_hor_stv/plot_chr9_hor_stv_all.log
    jobid: 206
    reason: Input files updated by another job: results/11-plot_hor_stv/bed/chr_sat_annot_chr9.bed, results/11-plot_hor_stv/bed/chr_stv_all_chr9.bed, results/11-plot_hor_stv/bed/chr_cdr_chr9.bed
    wildcards: typ=all, chr=chr9
    resources: mem_mb=8000, mem_mib=7630, disk_mb=1000, disk_mib=954, tmpdir=/tmp, mem=8GB
Shell command: 
    { python /home/ukt.ad.local/ahgrosc1/.cache/snakemake/snakemake/source-cache/runtime-cache/tmpvv5_ue2g/file/mnt/storage3b/projects/no_ngsd/ahthapp1_T2T_ONT/analysis_other/cenmap_single/T2T18/workflow/rules/../scripts/plot_multiple_cen.py     -i '{"cdr": "results/11-plot_hor_stv/bed/chr_cdr_chr9.bed", "stv": "results/11-plot_hor_stv/bed/chr_stv_all_chr9.bed", "rm": "results/11-plot_hor_stv/bed/chr_sat_annot_chr9.bed"}'     -t /home/ukt.ad.local/ahgrosc1/.cache/snakemake/snakemake/source-cache/runtime-cache/tmpvv5_ue2g/file/mnt/storage3b/projects/no_ngsd/ahthapp1_T2T_ONT/analysis_other/cenmap_single/T2T18/workflow/rules/../scripts/cenplot_hor_stv_plot.yaml     -o results/11-plot_hor_stv/plots/chr_all_chr9     --options '{"hor": {"color_map_file": "/mnt/storage3b/projects/no_ngsd/ahthapp1_T2T_ONT/analysis_other/cenmap_single/T2T18/config/stv_annot_colors.tsv"}}'  --ref_ax_idx 1 || true ;} 2> logs/11-plot_hor_stv/plot_chr9_hor_stv_all.log
    touch results/11-plot_hor_stv/plots/chr_all_chr9.png results/11-plot_hor_stv/plots/chr_all_chr9.pdf

Select jobs to execute...
[Thu Jan  8 18:52:46 2026]
Finished jobid: 200 (Rule: plot_hor_stv_by_chr)
240 of 325 steps (74%) done
Execute 1 jobs...

[Thu Jan  8 18:52:46 2026]
localrule plot_hor_stv_by_chr:
    input: results/11-plot_hor_stv/bed/chr_cdr_chr9.bed, results/11-plot_hor_stv/bed/chr_stv_complete_chr9.bed, results/11-plot_hor_stv/bed/chr_sat_annot_chr9.bed
    output: results/11-plot_hor_stv/plots/chr_complete_chr9.png, results/11-plot_hor_stv/plots/chr_complete_chr9.pdf
    log: logs/11-plot_hor_stv/plot_chr9_hor_stv_complete.log
    jobid: 204
    reason: Input files updated by another job: results/11-plot_hor_stv/bed/chr_sat_annot_chr9.bed, results/11-plot_hor_stv/bed/chr_stv_complete_chr9.bed, results/11-plot_hor_stv/bed/chr_cdr_chr9.bed
    wildcards: typ=complete, chr=chr9
    resources: mem_mb=8000, mem_mib=7630, disk_mb=1000, disk_mib=954, tmpdir=/tmp, mem=8GB
Shell command: 
    { python /home/ukt.ad.local/ahgrosc1/.cache/snakemake/snakemake/source-cache/runtime-cache/tmpvv5_ue2g/file/mnt/storage3b/projects/no_ngsd/ahthapp1_T2T_ONT/analysis_other/cenmap_single/T2T18/workflow/rules/../scripts/plot_multiple_cen.py     -i '{"cdr": "results/11-plot_hor_stv/bed/chr_cdr_chr9.bed", "stv": "results/11-plot_hor_stv/bed/chr_stv_complete_chr9.bed", "rm": "results/11-plot_hor_stv/bed/chr_sat_annot_chr9.bed"}'     -t /home/ukt.ad.local/ahgrosc1/.cache/snakemake/snakemake/source-cache/runtime-cache/tmpvv5_ue2g/file/mnt/storage3b/projects/no_ngsd/ahthapp1_T2T_ONT/analysis_other/cenmap_single/T2T18/workflow/rules/../scripts/cenplot_hor_stv_plot.yaml     -o results/11-plot_hor_stv/plots/chr_complete_chr9     --options '{"hor": {"color_map_file": "/mnt/storage3b/projects/no_ngsd/ahthapp1_T2T_ONT/analysis_other/cenmap_single/T2T18/config/stv_annot_colors.tsv"}}' --omit_if_any_empty --ref_ax_idx 1 || true ;} 2> logs/11-plot_hor_stv/plot_chr9_hor_stv_complete.log
    touch results/11-plot_hor_stv/plots/chr_complete_chr9.png results/11-plot_hor_stv/plots/chr_complete_chr9.pdf

Select jobs to execute...
[Thu Jan  8 18:52:46 2026]
Finished jobid: 206 (Rule: plot_hor_stv_by_chr)
241 of 325 steps (74%) done
Execute 1 jobs...

[Thu Jan  8 18:52:46 2026]
localrule plot_hor_stv_by_chr:
    input: results/11-plot_hor_stv/bed/chr_cdr_chr22.bed, results/11-plot_hor_stv/bed/chr_stv_all_chr22.bed, results/11-plot_hor_stv/bed/chr_sat_annot_chr22.bed
    output: results/11-plot_hor_stv/plots/chr_all_chr22.png, results/11-plot_hor_stv/plots/chr_all_chr22.pdf
    log: logs/11-plot_hor_stv/plot_chr22_hor_stv_all.log
    jobid: 245
    reason: Input files updated by another job: results/11-plot_hor_stv/bed/chr_stv_all_chr22.bed, results/11-plot_hor_stv/bed/chr_sat_annot_chr22.bed, results/11-plot_hor_stv/bed/chr_cdr_chr22.bed
    wildcards: typ=all, chr=chr22
    resources: mem_mb=8000, mem_mib=7630, disk_mb=1000, disk_mib=954, tmpdir=/tmp, mem=8GB
Shell command: 
    { python /home/ukt.ad.local/ahgrosc1/.cache/snakemake/snakemake/source-cache/runtime-cache/tmpvv5_ue2g/file/mnt/storage3b/projects/no_ngsd/ahthapp1_T2T_ONT/analysis_other/cenmap_single/T2T18/workflow/rules/../scripts/plot_multiple_cen.py     -i '{"cdr": "results/11-plot_hor_stv/bed/chr_cdr_chr22.bed", "stv": "results/11-plot_hor_stv/bed/chr_stv_all_chr22.bed", "rm": "results/11-plot_hor_stv/bed/chr_sat_annot_chr22.bed"}'     -t /home/ukt.ad.local/ahgrosc1/.cache/snakemake/snakemake/source-cache/runtime-cache/tmpvv5_ue2g/file/mnt/storage3b/projects/no_ngsd/ahthapp1_T2T_ONT/analysis_other/cenmap_single/T2T18/workflow/rules/../scripts/cenplot_hor_stv_plot.yaml     -o results/11-plot_hor_stv/plots/chr_all_chr22     --options '{"hor": {"color_map_file": "/mnt/storage3b/projects/no_ngsd/ahthapp1_T2T_ONT/analysis_other/cenmap_single/T2T18/config/stv_annot_colors.tsv"}}'  --ref_ax_idx 1 || true ;} 2> logs/11-plot_hor_stv/plot_chr22_hor_stv_all.log
    touch results/11-plot_hor_stv/plots/chr_all_chr22.png results/11-plot_hor_stv/plots/chr_all_chr22.pdf

Select jobs to execute...
[Thu Jan  8 18:52:56 2026]
Finished jobid: 204 (Rule: plot_hor_stv_by_chr)
242 of 325 steps (74%) done
Execute 1 jobs...

[Thu Jan  8 18:52:56 2026]
localrule plot_hor_stv_by_chr:
    input: results/11-plot_hor_stv/bed/chr_cdr_chr22.bed, results/11-plot_hor_stv/bed/chr_stv_complete_chr22.bed, results/11-plot_hor_stv/bed/chr_sat_annot_chr22.bed
    output: results/11-plot_hor_stv/plots/chr_complete_chr22.png, results/11-plot_hor_stv/plots/chr_complete_chr22.pdf
    log: logs/11-plot_hor_stv/plot_chr22_hor_stv_complete.log
    jobid: 243
    reason: Input files updated by another job: results/11-plot_hor_stv/bed/chr_stv_complete_chr22.bed, results/11-plot_hor_stv/bed/chr_sat_annot_chr22.bed, results/11-plot_hor_stv/bed/chr_cdr_chr22.bed
    wildcards: typ=complete, chr=chr22
    resources: mem_mb=8000, mem_mib=7630, disk_mb=1000, disk_mib=954, tmpdir=/tmp, mem=8GB
Shell command: 
    { python /home/ukt.ad.local/ahgrosc1/.cache/snakemake/snakemake/source-cache/runtime-cache/tmpvv5_ue2g/file/mnt/storage3b/projects/no_ngsd/ahthapp1_T2T_ONT/analysis_other/cenmap_single/T2T18/workflow/rules/../scripts/plot_multiple_cen.py     -i '{"cdr": "results/11-plot_hor_stv/bed/chr_cdr_chr22.bed", "stv": "results/11-plot_hor_stv/bed/chr_stv_complete_chr22.bed", "rm": "results/11-plot_hor_stv/bed/chr_sat_annot_chr22.bed"}'     -t /home/ukt.ad.local/ahgrosc1/.cache/snakemake/snakemake/source-cache/runtime-cache/tmpvv5_ue2g/file/mnt/storage3b/projects/no_ngsd/ahthapp1_T2T_ONT/analysis_other/cenmap_single/T2T18/workflow/rules/../scripts/cenplot_hor_stv_plot.yaml     -o results/11-plot_hor_stv/plots/chr_complete_chr22     --options '{"hor": {"color_map_file": "/mnt/storage3b/projects/no_ngsd/ahthapp1_T2T_ONT/analysis_other/cenmap_single/T2T18/config/stv_annot_colors.tsv"}}' --omit_if_any_empty --ref_ax_idx 1 || true ;} 2> logs/11-plot_hor_stv/plot_chr22_hor_stv_complete.log
    touch results/11-plot_hor_stv/plots/chr_complete_chr22.png results/11-plot_hor_stv/plots/chr_complete_chr22.pdf

Select jobs to execute...
[Thu Jan  8 18:52:56 2026]
Finished jobid: 245 (Rule: plot_hor_stv_by_chr)
243 of 325 steps (75%) done
Execute 1 jobs...

[Thu Jan  8 18:52:56 2026]
localrule plot_hor_stv_by_chr:
    input: results/11-plot_hor_stv/bed/chr_cdr_chr10.bed, results/11-plot_hor_stv/bed/chr_stv_all_chr10.bed, results/11-plot_hor_stv/bed/chr_sat_annot_chr10.bed
    output: results/11-plot_hor_stv/plots/chr_all_chr10.png, results/11-plot_hor_stv/plots/chr_all_chr10.pdf
    log: logs/11-plot_hor_stv/plot_chr10_hor_stv_all.log
    jobid: 209
    reason: Input files updated by another job: results/11-plot_hor_stv/bed/chr_sat_annot_chr10.bed, results/11-plot_hor_stv/bed/chr_stv_all_chr10.bed, results/11-plot_hor_stv/bed/chr_cdr_chr10.bed
    wildcards: typ=all, chr=chr10
    resources: mem_mb=8000, mem_mib=7630, disk_mb=1000, disk_mib=954, tmpdir=/tmp, mem=8GB
Shell command: 
    { python /home/ukt.ad.local/ahgrosc1/.cache/snakemake/snakemake/source-cache/runtime-cache/tmpvv5_ue2g/file/mnt/storage3b/projects/no_ngsd/ahthapp1_T2T_ONT/analysis_other/cenmap_single/T2T18/workflow/rules/../scripts/plot_multiple_cen.py     -i '{"cdr": "results/11-plot_hor_stv/bed/chr_cdr_chr10.bed", "stv": "results/11-plot_hor_stv/bed/chr_stv_all_chr10.bed", "rm": "results/11-plot_hor_stv/bed/chr_sat_annot_chr10.bed"}'     -t /home/ukt.ad.local/ahgrosc1/.cache/snakemake/snakemake/source-cache/runtime-cache/tmpvv5_ue2g/file/mnt/storage3b/projects/no_ngsd/ahthapp1_T2T_ONT/analysis_other/cenmap_single/T2T18/workflow/rules/../scripts/cenplot_hor_stv_plot.yaml     -o results/11-plot_hor_stv/plots/chr_all_chr10     --options '{"hor": {"color_map_file": "/mnt/storage3b/projects/no_ngsd/ahthapp1_T2T_ONT/analysis_other/cenmap_single/T2T18/config/stv_annot_colors.tsv"}}'  --ref_ax_idx 1 || true ;} 2> logs/11-plot_hor_stv/plot_chr10_hor_stv_all.log
    touch results/11-plot_hor_stv/plots/chr_all_chr10.png results/11-plot_hor_stv/plots/chr_all_chr10.pdf

Select jobs to execute...
[Thu Jan  8 18:53:04 2026]
Finished jobid: 243 (Rule: plot_hor_stv_by_chr)
244 of 325 steps (75%) done
Execute 1 jobs...

[Thu Jan  8 18:53:04 2026]
localrule plot_hor_stv_by_chr:
    input: results/11-plot_hor_stv/bed/chr_cdr_chr10.bed, results/11-plot_hor_stv/bed/chr_stv_complete_chr10.bed, results/11-plot_hor_stv/bed/chr_sat_annot_chr10.bed
    output: results/11-plot_hor_stv/plots/chr_complete_chr10.png, results/11-plot_hor_stv/plots/chr_complete_chr10.pdf
    log: logs/11-plot_hor_stv/plot_chr10_hor_stv_complete.log
    jobid: 207
    reason: Input files updated by another job: results/11-plot_hor_stv/bed/chr_sat_annot_chr10.bed, results/11-plot_hor_stv/bed/chr_stv_complete_chr10.bed, results/11-plot_hor_stv/bed/chr_cdr_chr10.bed
    wildcards: typ=complete, chr=chr10
    resources: mem_mb=8000, mem_mib=7630, disk_mb=1000, disk_mib=954, tmpdir=/tmp, mem=8GB
Shell command: 
    { python /home/ukt.ad.local/ahgrosc1/.cache/snakemake/snakemake/source-cache/runtime-cache/tmpvv5_ue2g/file/mnt/storage3b/projects/no_ngsd/ahthapp1_T2T_ONT/analysis_other/cenmap_single/T2T18/workflow/rules/../scripts/plot_multiple_cen.py     -i '{"cdr": "results/11-plot_hor_stv/bed/chr_cdr_chr10.bed", "stv": "results/11-plot_hor_stv/bed/chr_stv_complete_chr10.bed", "rm": "results/11-plot_hor_stv/bed/chr_sat_annot_chr10.bed"}'     -t /home/ukt.ad.local/ahgrosc1/.cache/snakemake/snakemake/source-cache/runtime-cache/tmpvv5_ue2g/file/mnt/storage3b/projects/no_ngsd/ahthapp1_T2T_ONT/analysis_other/cenmap_single/T2T18/workflow/rules/../scripts/cenplot_hor_stv_plot.yaml     -o results/11-plot_hor_stv/plots/chr_complete_chr10     --options '{"hor": {"color_map_file": "/mnt/storage3b/projects/no_ngsd/ahthapp1_T2T_ONT/analysis_other/cenmap_single/T2T18/config/stv_annot_colors.tsv"}}' --omit_if_any_empty --ref_ax_idx 1 || true ;} 2> logs/11-plot_hor_stv/plot_chr10_hor_stv_complete.log
    touch results/11-plot_hor_stv/plots/chr_complete_chr10.png results/11-plot_hor_stv/plots/chr_complete_chr10.pdf

Select jobs to execute...
[Thu Jan  8 18:53:05 2026]
Finished jobid: 209 (Rule: plot_hor_stv_by_chr)
245 of 325 steps (75%) done
Execute 1 jobs...

[Thu Jan  8 18:53:05 2026]
localrule plot_hor_stv_by_chr:
    input: results/11-plot_hor_stv/bed/chr_cdr_chr12.bed, results/11-plot_hor_stv/bed/chr_stv_all_chr12.bed, results/11-plot_hor_stv/bed/chr_sat_annot_chr12.bed
    output: results/11-plot_hor_stv/plots/chr_all_chr12.png, results/11-plot_hor_stv/plots/chr_all_chr12.pdf
    log: logs/11-plot_hor_stv/plot_chr12_hor_stv_all.log
    jobid: 215
    reason: Input files updated by another job: results/11-plot_hor_stv/bed/chr_stv_all_chr12.bed, results/11-plot_hor_stv/bed/chr_cdr_chr12.bed, results/11-plot_hor_stv/bed/chr_sat_annot_chr12.bed
    wildcards: typ=all, chr=chr12
    resources: mem_mb=8000, mem_mib=7630, disk_mb=1000, disk_mib=954, tmpdir=/tmp, mem=8GB
Shell command: 
    { python /home/ukt.ad.local/ahgrosc1/.cache/snakemake/snakemake/source-cache/runtime-cache/tmpvv5_ue2g/file/mnt/storage3b/projects/no_ngsd/ahthapp1_T2T_ONT/analysis_other/cenmap_single/T2T18/workflow/rules/../scripts/plot_multiple_cen.py     -i '{"cdr": "results/11-plot_hor_stv/bed/chr_cdr_chr12.bed", "stv": "results/11-plot_hor_stv/bed/chr_stv_all_chr12.bed", "rm": "results/11-plot_hor_stv/bed/chr_sat_annot_chr12.bed"}'     -t /home/ukt.ad.local/ahgrosc1/.cache/snakemake/snakemake/source-cache/runtime-cache/tmpvv5_ue2g/file/mnt/storage3b/projects/no_ngsd/ahthapp1_T2T_ONT/analysis_other/cenmap_single/T2T18/workflow/rules/../scripts/cenplot_hor_stv_plot.yaml     -o results/11-plot_hor_stv/plots/chr_all_chr12     --options '{"hor": {"color_map_file": "/mnt/storage3b/projects/no_ngsd/ahthapp1_T2T_ONT/analysis_other/cenmap_single/T2T18/config/stv_annot_colors.tsv"}}'  --ref_ax_idx 1 || true ;} 2> logs/11-plot_hor_stv/plot_chr12_hor_stv_all.log
    touch results/11-plot_hor_stv/plots/chr_all_chr12.png results/11-plot_hor_stv/plots/chr_all_chr12.pdf

Select jobs to execute...
[Thu Jan  8 18:53:12 2026]
Finished jobid: 215 (Rule: plot_hor_stv_by_chr)
246 of 325 steps (76%) done
Execute 1 jobs...

[Thu Jan  8 18:53:12 2026]
localrule plot_hor_stv_by_chr:
    input: results/11-plot_hor_stv/bed/chr_cdr_chr12.bed, results/11-plot_hor_stv/bed/chr_stv_complete_chr12.bed, results/11-plot_hor_stv/bed/chr_sat_annot_chr12.bed
    output: results/11-plot_hor_stv/plots/chr_complete_chr12.png, results/11-plot_hor_stv/plots/chr_complete_chr12.pdf
    log: logs/11-plot_hor_stv/plot_chr12_hor_stv_complete.log
    jobid: 213
    reason: Input files updated by another job: results/11-plot_hor_stv/bed/chr_cdr_chr12.bed, results/11-plot_hor_stv/bed/chr_sat_annot_chr12.bed, results/11-plot_hor_stv/bed/chr_stv_complete_chr12.bed
    wildcards: typ=complete, chr=chr12
    resources: mem_mb=8000, mem_mib=7630, disk_mb=1000, disk_mib=954, tmpdir=/tmp, mem=8GB
Shell command: 
    { python /home/ukt.ad.local/ahgrosc1/.cache/snakemake/snakemake/source-cache/runtime-cache/tmpvv5_ue2g/file/mnt/storage3b/projects/no_ngsd/ahthapp1_T2T_ONT/analysis_other/cenmap_single/T2T18/workflow/rules/../scripts/plot_multiple_cen.py     -i '{"cdr": "results/11-plot_hor_stv/bed/chr_cdr_chr12.bed", "stv": "results/11-plot_hor_stv/bed/chr_stv_complete_chr12.bed", "rm": "results/11-plot_hor_stv/bed/chr_sat_annot_chr12.bed"}'     -t /home/ukt.ad.local/ahgrosc1/.cache/snakemake/snakemake/source-cache/runtime-cache/tmpvv5_ue2g/file/mnt/storage3b/projects/no_ngsd/ahthapp1_T2T_ONT/analysis_other/cenmap_single/T2T18/workflow/rules/../scripts/cenplot_hor_stv_plot.yaml     -o results/11-plot_hor_stv/plots/chr_complete_chr12     --options '{"hor": {"color_map_file": "/mnt/storage3b/projects/no_ngsd/ahthapp1_T2T_ONT/analysis_other/cenmap_single/T2T18/config/stv_annot_colors.tsv"}}' --omit_if_any_empty --ref_ax_idx 1 || true ;} 2> logs/11-plot_hor_stv/plot_chr12_hor_stv_complete.log
    touch results/11-plot_hor_stv/plots/chr_complete_chr12.png results/11-plot_hor_stv/plots/chr_complete_chr12.pdf

Select jobs to execute...
[Thu Jan  8 18:53:13 2026]
Finished jobid: 207 (Rule: plot_hor_stv_by_chr)
247 of 325 steps (76%) done
Execute 1 jobs...

[Thu Jan  8 18:53:13 2026]
localrule plot_hor_stv_by_chr:
    input: results/11-plot_hor_stv/bed/chr_cdr_chr20.bed, results/11-plot_hor_stv/bed/chr_stv_complete_chr20.bed, results/11-plot_hor_stv/bed/chr_sat_annot_chr20.bed
    output: results/11-plot_hor_stv/plots/chr_complete_chr20.png, results/11-plot_hor_stv/plots/chr_complete_chr20.pdf
    log: logs/11-plot_hor_stv/plot_chr20_hor_stv_complete.log
    jobid: 237
    reason: Input files updated by another job: results/11-plot_hor_stv/bed/chr_stv_complete_chr20.bed, results/11-plot_hor_stv/bed/chr_cdr_chr20.bed, results/11-plot_hor_stv/bed/chr_sat_annot_chr20.bed
    wildcards: typ=complete, chr=chr20
    resources: mem_mb=8000, mem_mib=7630, disk_mb=1000, disk_mib=954, tmpdir=/tmp, mem=8GB
Shell command: 
    { python /home/ukt.ad.local/ahgrosc1/.cache/snakemake/snakemake/source-cache/runtime-cache/tmpvv5_ue2g/file/mnt/storage3b/projects/no_ngsd/ahthapp1_T2T_ONT/analysis_other/cenmap_single/T2T18/workflow/rules/../scripts/plot_multiple_cen.py     -i '{"cdr": "results/11-plot_hor_stv/bed/chr_cdr_chr20.bed", "stv": "results/11-plot_hor_stv/bed/chr_stv_complete_chr20.bed", "rm": "results/11-plot_hor_stv/bed/chr_sat_annot_chr20.bed"}'     -t /home/ukt.ad.local/ahgrosc1/.cache/snakemake/snakemake/source-cache/runtime-cache/tmpvv5_ue2g/file/mnt/storage3b/projects/no_ngsd/ahthapp1_T2T_ONT/analysis_other/cenmap_single/T2T18/workflow/rules/../scripts/cenplot_hor_stv_plot.yaml     -o results/11-plot_hor_stv/plots/chr_complete_chr20     --options '{"hor": {"color_map_file": "/mnt/storage3b/projects/no_ngsd/ahthapp1_T2T_ONT/analysis_other/cenmap_single/T2T18/config/stv_annot_colors.tsv"}}' --omit_if_any_empty --ref_ax_idx 1 || true ;} 2> logs/11-plot_hor_stv/plot_chr20_hor_stv_complete.log
    touch results/11-plot_hor_stv/plots/chr_complete_chr20.png results/11-plot_hor_stv/plots/chr_complete_chr20.pdf

Select jobs to execute...
[Thu Jan  8 18:53:20 2026]
Finished jobid: 213 (Rule: plot_hor_stv_by_chr)
248 of 325 steps (76%) done
Execute 1 jobs...

[Thu Jan  8 18:53:20 2026]
localrule plot_hor_stv_by_chr:
    input: results/11-plot_hor_stv/bed/chr_cdr_chr20.bed, results/11-plot_hor_stv/bed/chr_stv_all_chr20.bed, results/11-plot_hor_stv/bed/chr_sat_annot_chr20.bed
    output: results/11-plot_hor_stv/plots/chr_all_chr20.png, results/11-plot_hor_stv/plots/chr_all_chr20.pdf
    log: logs/11-plot_hor_stv/plot_chr20_hor_stv_all.log
    jobid: 239
    reason: Input files updated by another job: results/11-plot_hor_stv/bed/chr_stv_all_chr20.bed, results/11-plot_hor_stv/bed/chr_cdr_chr20.bed, results/11-plot_hor_stv/bed/chr_sat_annot_chr20.bed
    wildcards: typ=all, chr=chr20
    resources: mem_mb=8000, mem_mib=7630, disk_mb=1000, disk_mib=954, tmpdir=/tmp, mem=8GB
Shell command: 
    { python /home/ukt.ad.local/ahgrosc1/.cache/snakemake/snakemake/source-cache/runtime-cache/tmpvv5_ue2g/file/mnt/storage3b/projects/no_ngsd/ahthapp1_T2T_ONT/analysis_other/cenmap_single/T2T18/workflow/rules/../scripts/plot_multiple_cen.py     -i '{"cdr": "results/11-plot_hor_stv/bed/chr_cdr_chr20.bed", "stv": "results/11-plot_hor_stv/bed/chr_stv_all_chr20.bed", "rm": "results/11-plot_hor_stv/bed/chr_sat_annot_chr20.bed"}'     -t /home/ukt.ad.local/ahgrosc1/.cache/snakemake/snakemake/source-cache/runtime-cache/tmpvv5_ue2g/file/mnt/storage3b/projects/no_ngsd/ahthapp1_T2T_ONT/analysis_other/cenmap_single/T2T18/workflow/rules/../scripts/cenplot_hor_stv_plot.yaml     -o results/11-plot_hor_stv/plots/chr_all_chr20     --options '{"hor": {"color_map_file": "/mnt/storage3b/projects/no_ngsd/ahthapp1_T2T_ONT/analysis_other/cenmap_single/T2T18/config/stv_annot_colors.tsv"}}'  --ref_ax_idx 1 || true ;} 2> logs/11-plot_hor_stv/plot_chr20_hor_stv_all.log
    touch results/11-plot_hor_stv/plots/chr_all_chr20.png results/11-plot_hor_stv/plots/chr_all_chr20.pdf

Select jobs to execute...
[Thu Jan  8 18:53:21 2026]
Finished jobid: 237 (Rule: plot_hor_stv_by_chr)
249 of 325 steps (77%) done
Execute 1 jobs...

[Thu Jan  8 18:53:21 2026]
localrule plot_hor_stv_by_chr:
    input: results/11-plot_hor_stv/bed/chr_cdr_chr15.bed, results/11-plot_hor_stv/bed/chr_stv_all_chr15.bed, results/11-plot_hor_stv/bed/chr_sat_annot_chr15.bed
    output: results/11-plot_hor_stv/plots/chr_all_chr15.png, results/11-plot_hor_stv/plots/chr_all_chr15.pdf
    log: logs/11-plot_hor_stv/plot_chr15_hor_stv_all.log
    jobid: 224
    reason: Input files updated by another job: results/11-plot_hor_stv/bed/chr_cdr_chr15.bed, results/11-plot_hor_stv/bed/chr_stv_all_chr15.bed, results/11-plot_hor_stv/bed/chr_sat_annot_chr15.bed
    wildcards: typ=all, chr=chr15
    resources: mem_mb=8000, mem_mib=7630, disk_mb=1000, disk_mib=954, tmpdir=/tmp, mem=8GB
Shell command: 
    { python /home/ukt.ad.local/ahgrosc1/.cache/snakemake/snakemake/source-cache/runtime-cache/tmpvv5_ue2g/file/mnt/storage3b/projects/no_ngsd/ahthapp1_T2T_ONT/analysis_other/cenmap_single/T2T18/workflow/rules/../scripts/plot_multiple_cen.py     -i '{"cdr": "results/11-plot_hor_stv/bed/chr_cdr_chr15.bed", "stv": "results/11-plot_hor_stv/bed/chr_stv_all_chr15.bed", "rm": "results/11-plot_hor_stv/bed/chr_sat_annot_chr15.bed"}'     -t /home/ukt.ad.local/ahgrosc1/.cache/snakemake/snakemake/source-cache/runtime-cache/tmpvv5_ue2g/file/mnt/storage3b/projects/no_ngsd/ahthapp1_T2T_ONT/analysis_other/cenmap_single/T2T18/workflow/rules/../scripts/cenplot_hor_stv_plot.yaml     -o results/11-plot_hor_stv/plots/chr_all_chr15     --options '{"hor": {"color_map_file": "/mnt/storage3b/projects/no_ngsd/ahthapp1_T2T_ONT/analysis_other/cenmap_single/T2T18/config/stv_annot_colors.tsv"}}'  --ref_ax_idx 1 || true ;} 2> logs/11-plot_hor_stv/plot_chr15_hor_stv_all.log
    touch results/11-plot_hor_stv/plots/chr_all_chr15.png results/11-plot_hor_stv/plots/chr_all_chr15.pdf

Select jobs to execute...
[Thu Jan  8 18:53:28 2026]
Finished jobid: 239 (Rule: plot_hor_stv_by_chr)
250 of 325 steps (77%) done
Execute 1 jobs...

[Thu Jan  8 18:53:28 2026]
localrule calculate_as_hor_length:
    input: results/10-format_hor_stv/bed/chr22/stv_complete.bed
    output: results/11-calculate_hor_length/bed/chr22_AS-HOR_strand.bed, results/11-calculate_hor_length/bed/chr22_AS-HOR_lengths.bed
    log: logs/11-calculate_hor_length/calculate_chr22_as_hor_length.log
    jobid: 298
    reason: Input files updated by another job: results/10-format_hor_stv/bed/chr22/stv_complete.bed
    wildcards: chr=chr22
    resources: mem_mb=8000, mem_mib=7630, disk_mb=1000, disk_mib=954, tmpdir=/tmp, mem=8GB
Shell command: 
        { censtats length -i results/10-format_hor_stv/bed/chr22/stv_complete.bed -s results/11-calculate_hor_length/bed/chr22_AS-HOR_strand.bed  || true ;} > results/11-calculate_hor_length/bed/chr22_AS-HOR_lengths.bed 2> logs/11-calculate_hor_length/calculate_chr22_as_hor_length.log
        touch results/11-calculate_hor_length/bed/chr22_AS-HOR_strand.bed results/11-calculate_hor_length/bed/chr22_AS-HOR_lengths.bed
        
Select jobs to execute...
[Thu Jan  8 18:53:29 2026]
Finished jobid: 298 (Rule: calculate_as_hor_length)
251 of 325 steps (77%) done
Execute 1 jobs...

[Thu Jan  8 18:53:29 2026]
localrule plot_hor_stv_by_chr:
    input: results/11-plot_hor_stv/bed/chr_cdr_chr15.bed, results/11-plot_hor_stv/bed/chr_stv_complete_chr15.bed, results/11-plot_hor_stv/bed/chr_sat_annot_chr15.bed
    output: results/11-plot_hor_stv/plots/chr_complete_chr15.png, results/11-plot_hor_stv/plots/chr_complete_chr15.pdf
    log: logs/11-plot_hor_stv/plot_chr15_hor_stv_complete.log
    jobid: 222
    reason: Input files updated by another job: results/11-plot_hor_stv/bed/chr_stv_complete_chr15.bed, results/11-plot_hor_stv/bed/chr_cdr_chr15.bed, results/11-plot_hor_stv/bed/chr_sat_annot_chr15.bed
    wildcards: typ=complete, chr=chr15
    resources: mem_mb=8000, mem_mib=7630, disk_mb=1000, disk_mib=954, tmpdir=/tmp, mem=8GB
Shell command: 
    { python /home/ukt.ad.local/ahgrosc1/.cache/snakemake/snakemake/source-cache/runtime-cache/tmpvv5_ue2g/file/mnt/storage3b/projects/no_ngsd/ahthapp1_T2T_ONT/analysis_other/cenmap_single/T2T18/workflow/rules/../scripts/plot_multiple_cen.py     -i '{"cdr": "results/11-plot_hor_stv/bed/chr_cdr_chr15.bed", "stv": "results/11-plot_hor_stv/bed/chr_stv_complete_chr15.bed", "rm": "results/11-plot_hor_stv/bed/chr_sat_annot_chr15.bed"}'     -t /home/ukt.ad.local/ahgrosc1/.cache/snakemake/snakemake/source-cache/runtime-cache/tmpvv5_ue2g/file/mnt/storage3b/projects/no_ngsd/ahthapp1_T2T_ONT/analysis_other/cenmap_single/T2T18/workflow/rules/../scripts/cenplot_hor_stv_plot.yaml     -o results/11-plot_hor_stv/plots/chr_complete_chr15     --options '{"hor": {"color_map_file": "/mnt/storage3b/projects/no_ngsd/ahthapp1_T2T_ONT/analysis_other/cenmap_single/T2T18/config/stv_annot_colors.tsv"}}' --omit_if_any_empty --ref_ax_idx 1 || true ;} 2> logs/11-plot_hor_stv/plot_chr15_hor_stv_complete.log
    touch results/11-plot_hor_stv/plots/chr_complete_chr15.png results/11-plot_hor_stv/plots/chr_complete_chr15.pdf

Select jobs to execute...
[Thu Jan  8 18:53:29 2026]
Finished jobid: 224 (Rule: plot_hor_stv_by_chr)
252 of 325 steps (78%) done
Execute 1 jobs...

[Thu Jan  8 18:53:29 2026]
localrule calculate_as_hor_length:
    input: results/10-format_hor_stv/bed/chr12/stv_complete.bed
    output: results/11-calculate_hor_length/bed/chr12_AS-HOR_strand.bed, results/11-calculate_hor_length/bed/chr12_AS-HOR_lengths.bed
    log: logs/11-calculate_hor_length/calculate_chr12_as_hor_length.log
    jobid: 288
    reason: Input files updated by another job: results/10-format_hor_stv/bed/chr12/stv_complete.bed
    wildcards: chr=chr12
    resources: mem_mb=8000, mem_mib=7630, disk_mb=1000, disk_mib=954, tmpdir=/tmp, mem=8GB
Shell command: 
        { censtats length -i results/10-format_hor_stv/bed/chr12/stv_complete.bed -s results/11-calculate_hor_length/bed/chr12_AS-HOR_strand.bed  || true ;} > results/11-calculate_hor_length/bed/chr12_AS-HOR_lengths.bed 2> logs/11-calculate_hor_length/calculate_chr12_as_hor_length.log
        touch results/11-calculate_hor_length/bed/chr12_AS-HOR_strand.bed results/11-calculate_hor_length/bed/chr12_AS-HOR_lengths.bed
        
Select jobs to execute...
[Thu Jan  8 18:53:30 2026]
Finished jobid: 288 (Rule: calculate_as_hor_length)
253 of 325 steps (78%) done
Execute 1 jobs...

[Thu Jan  8 18:53:30 2026]
localrule plot_hor_stv_by_chr:
    input: results/11-plot_hor_stv/bed/chr_cdr_chr16.bed, results/11-plot_hor_stv/bed/chr_stv_all_chr16.bed, results/11-plot_hor_stv/bed/chr_sat_annot_chr16.bed
    output: results/11-plot_hor_stv/plots/chr_all_chr16.png, results/11-plot_hor_stv/plots/chr_all_chr16.pdf
    log: logs/11-plot_hor_stv/plot_chr16_hor_stv_all.log
    jobid: 227
    reason: Input files updated by another job: results/11-plot_hor_stv/bed/chr_sat_annot_chr16.bed, results/11-plot_hor_stv/bed/chr_cdr_chr16.bed, results/11-plot_hor_stv/bed/chr_stv_all_chr16.bed
    wildcards: typ=all, chr=chr16
    resources: mem_mb=8000, mem_mib=7630, disk_mb=1000, disk_mib=954, tmpdir=/tmp, mem=8GB
Shell command: 
    { python /home/ukt.ad.local/ahgrosc1/.cache/snakemake/snakemake/source-cache/runtime-cache/tmpvv5_ue2g/file/mnt/storage3b/projects/no_ngsd/ahthapp1_T2T_ONT/analysis_other/cenmap_single/T2T18/workflow/rules/../scripts/plot_multiple_cen.py     -i '{"cdr": "results/11-plot_hor_stv/bed/chr_cdr_chr16.bed", "stv": "results/11-plot_hor_stv/bed/chr_stv_all_chr16.bed", "rm": "results/11-plot_hor_stv/bed/chr_sat_annot_chr16.bed"}'     -t /home/ukt.ad.local/ahgrosc1/.cache/snakemake/snakemake/source-cache/runtime-cache/tmpvv5_ue2g/file/mnt/storage3b/projects/no_ngsd/ahthapp1_T2T_ONT/analysis_other/cenmap_single/T2T18/workflow/rules/../scripts/cenplot_hor_stv_plot.yaml     -o results/11-plot_hor_stv/plots/chr_all_chr16     --options '{"hor": {"color_map_file": "/mnt/storage3b/projects/no_ngsd/ahthapp1_T2T_ONT/analysis_other/cenmap_single/T2T18/config/stv_annot_colors.tsv"}}'  --ref_ax_idx 1 || true ;} 2> logs/11-plot_hor_stv/plot_chr16_hor_stv_all.log
    touch results/11-plot_hor_stv/plots/chr_all_chr16.png results/11-plot_hor_stv/plots/chr_all_chr16.pdf

Select jobs to execute...
[Thu Jan  8 18:53:36 2026]
Finished jobid: 222 (Rule: plot_hor_stv_by_chr)
254 of 325 steps (78%) done
Execute 1 jobs...

[Thu Jan  8 18:53:36 2026]
localrule plot_hor_stv_by_chr:
    input: results/11-plot_hor_stv/bed/chr_cdr_chr16.bed, results/11-plot_hor_stv/bed/chr_stv_complete_chr16.bed, results/11-plot_hor_stv/bed/chr_sat_annot_chr16.bed
    output: results/11-plot_hor_stv/plots/chr_complete_chr16.png, results/11-plot_hor_stv/plots/chr_complete_chr16.pdf
    log: logs/11-plot_hor_stv/plot_chr16_hor_stv_complete.log
    jobid: 225
    reason: Input files updated by another job: results/11-plot_hor_stv/bed/chr_cdr_chr16.bed, results/11-plot_hor_stv/bed/chr_sat_annot_chr16.bed, results/11-plot_hor_stv/bed/chr_stv_complete_chr16.bed
    wildcards: typ=complete, chr=chr16
    resources: mem_mb=8000, mem_mib=7630, disk_mb=1000, disk_mib=954, tmpdir=/tmp, mem=8GB
Shell command: 
    { python /home/ukt.ad.local/ahgrosc1/.cache/snakemake/snakemake/source-cache/runtime-cache/tmpvv5_ue2g/file/mnt/storage3b/projects/no_ngsd/ahthapp1_T2T_ONT/analysis_other/cenmap_single/T2T18/workflow/rules/../scripts/plot_multiple_cen.py     -i '{"cdr": "results/11-plot_hor_stv/bed/chr_cdr_chr16.bed", "stv": "results/11-plot_hor_stv/bed/chr_stv_complete_chr16.bed", "rm": "results/11-plot_hor_stv/bed/chr_sat_annot_chr16.bed"}'     -t /home/ukt.ad.local/ahgrosc1/.cache/snakemake/snakemake/source-cache/runtime-cache/tmpvv5_ue2g/file/mnt/storage3b/projects/no_ngsd/ahthapp1_T2T_ONT/analysis_other/cenmap_single/T2T18/workflow/rules/../scripts/cenplot_hor_stv_plot.yaml     -o results/11-plot_hor_stv/plots/chr_complete_chr16     --options '{"hor": {"color_map_file": "/mnt/storage3b/projects/no_ngsd/ahthapp1_T2T_ONT/analysis_other/cenmap_single/T2T18/config/stv_annot_colors.tsv"}}' --omit_if_any_empty --ref_ax_idx 1 || true ;} 2> logs/11-plot_hor_stv/plot_chr16_hor_stv_complete.log
    touch results/11-plot_hor_stv/plots/chr_complete_chr16.png results/11-plot_hor_stv/plots/chr_complete_chr16.pdf

Select jobs to execute...
[Thu Jan  8 18:53:37 2026]
Finished jobid: 227 (Rule: plot_hor_stv_by_chr)
255 of 325 steps (78%) done
Execute 1 jobs...

[Thu Jan  8 18:53:37 2026]
localrule plot_hor_stv_by_chr:
    input: results/11-plot_hor_stv/bed/chr_cdr_chr14.bed, results/11-plot_hor_stv/bed/chr_stv_all_chr14.bed, results/11-plot_hor_stv/bed/chr_sat_annot_chr14.bed
    output: results/11-plot_hor_stv/plots/chr_all_chr14.png, results/11-plot_hor_stv/plots/chr_all_chr14.pdf
    log: logs/11-plot_hor_stv/plot_chr14_hor_stv_all.log
    jobid: 221
    reason: Input files updated by another job: results/11-plot_hor_stv/bed/chr_stv_all_chr14.bed, results/11-plot_hor_stv/bed/chr_sat_annot_chr14.bed, results/11-plot_hor_stv/bed/chr_cdr_chr14.bed
    wildcards: typ=all, chr=chr14
    resources: mem_mb=8000, mem_mib=7630, disk_mb=1000, disk_mib=954, tmpdir=/tmp, mem=8GB
Shell command: 
    { python /home/ukt.ad.local/ahgrosc1/.cache/snakemake/snakemake/source-cache/runtime-cache/tmpvv5_ue2g/file/mnt/storage3b/projects/no_ngsd/ahthapp1_T2T_ONT/analysis_other/cenmap_single/T2T18/workflow/rules/../scripts/plot_multiple_cen.py     -i '{"cdr": "results/11-plot_hor_stv/bed/chr_cdr_chr14.bed", "stv": "results/11-plot_hor_stv/bed/chr_stv_all_chr14.bed", "rm": "results/11-plot_hor_stv/bed/chr_sat_annot_chr14.bed"}'     -t /home/ukt.ad.local/ahgrosc1/.cache/snakemake/snakemake/source-cache/runtime-cache/tmpvv5_ue2g/file/mnt/storage3b/projects/no_ngsd/ahthapp1_T2T_ONT/analysis_other/cenmap_single/T2T18/workflow/rules/../scripts/cenplot_hor_stv_plot.yaml     -o results/11-plot_hor_stv/plots/chr_all_chr14     --options '{"hor": {"color_map_file": "/mnt/storage3b/projects/no_ngsd/ahthapp1_T2T_ONT/analysis_other/cenmap_single/T2T18/config/stv_annot_colors.tsv"}}'  --ref_ax_idx 1 || true ;} 2> logs/11-plot_hor_stv/plot_chr14_hor_stv_all.log
    touch results/11-plot_hor_stv/plots/chr_all_chr14.png results/11-plot_hor_stv/plots/chr_all_chr14.pdf

Select jobs to execute...
[Thu Jan  8 18:53:44 2026]
Finished jobid: 225 (Rule: plot_hor_stv_by_chr)
256 of 325 steps (79%) done
Execute 1 jobs...

[Thu Jan  8 18:53:44 2026]
localrule plot_hor_stv_by_chr:
    input: results/11-plot_hor_stv/bed/chr_cdr_chr14.bed, results/11-plot_hor_stv/bed/chr_stv_complete_chr14.bed, results/11-plot_hor_stv/bed/chr_sat_annot_chr14.bed
    output: results/11-plot_hor_stv/plots/chr_complete_chr14.png, results/11-plot_hor_stv/plots/chr_complete_chr14.pdf
    log: logs/11-plot_hor_stv/plot_chr14_hor_stv_complete.log
    jobid: 219
    reason: Input files updated by another job: results/11-plot_hor_stv/bed/chr_sat_annot_chr14.bed, results/11-plot_hor_stv/bed/chr_stv_complete_chr14.bed, results/11-plot_hor_stv/bed/chr_cdr_chr14.bed
    wildcards: typ=complete, chr=chr14
    resources: mem_mb=8000, mem_mib=7630, disk_mb=1000, disk_mib=954, tmpdir=/tmp, mem=8GB
Shell command: 
    { python /home/ukt.ad.local/ahgrosc1/.cache/snakemake/snakemake/source-cache/runtime-cache/tmpvv5_ue2g/file/mnt/storage3b/projects/no_ngsd/ahthapp1_T2T_ONT/analysis_other/cenmap_single/T2T18/workflow/rules/../scripts/plot_multiple_cen.py     -i '{"cdr": "results/11-plot_hor_stv/bed/chr_cdr_chr14.bed", "stv": "results/11-plot_hor_stv/bed/chr_stv_complete_chr14.bed", "rm": "results/11-plot_hor_stv/bed/chr_sat_annot_chr14.bed"}'     -t /home/ukt.ad.local/ahgrosc1/.cache/snakemake/snakemake/source-cache/runtime-cache/tmpvv5_ue2g/file/mnt/storage3b/projects/no_ngsd/ahthapp1_T2T_ONT/analysis_other/cenmap_single/T2T18/workflow/rules/../scripts/cenplot_hor_stv_plot.yaml     -o results/11-plot_hor_stv/plots/chr_complete_chr14     --options '{"hor": {"color_map_file": "/mnt/storage3b/projects/no_ngsd/ahthapp1_T2T_ONT/analysis_other/cenmap_single/T2T18/config/stv_annot_colors.tsv"}}' --omit_if_any_empty --ref_ax_idx 1 || true ;} 2> logs/11-plot_hor_stv/plot_chr14_hor_stv_complete.log
    touch results/11-plot_hor_stv/plots/chr_complete_chr14.png results/11-plot_hor_stv/plots/chr_complete_chr14.pdf

Select jobs to execute...
[Thu Jan  8 18:53:44 2026]
Finished jobid: 221 (Rule: plot_hor_stv_by_chr)
257 of 325 steps (79%) done
Execute 1 jobs...

[Thu Jan  8 18:53:44 2026]
localrule plot_hor_stv_by_chr:
    input: results/11-plot_hor_stv/bed/chr_cdr_chr6.bed, results/11-plot_hor_stv/bed/chr_stv_all_chr6.bed, results/11-plot_hor_stv/bed/chr_sat_annot_chr6.bed
    output: results/11-plot_hor_stv/plots/chr_all_chr6.png, results/11-plot_hor_stv/plots/chr_all_chr6.pdf
    log: logs/11-plot_hor_stv/plot_chr6_hor_stv_all.log
    jobid: 197
    reason: Input files updated by another job: results/11-plot_hor_stv/bed/chr_sat_annot_chr6.bed, results/11-plot_hor_stv/bed/chr_cdr_chr6.bed, results/11-plot_hor_stv/bed/chr_stv_all_chr6.bed
    wildcards: typ=all, chr=chr6
    resources: mem_mb=8000, mem_mib=7630, disk_mb=1000, disk_mib=954, tmpdir=/tmp, mem=8GB
Shell command: 
    { python /home/ukt.ad.local/ahgrosc1/.cache/snakemake/snakemake/source-cache/runtime-cache/tmpvv5_ue2g/file/mnt/storage3b/projects/no_ngsd/ahthapp1_T2T_ONT/analysis_other/cenmap_single/T2T18/workflow/rules/../scripts/plot_multiple_cen.py     -i '{"cdr": "results/11-plot_hor_stv/bed/chr_cdr_chr6.bed", "stv": "results/11-plot_hor_stv/bed/chr_stv_all_chr6.bed", "rm": "results/11-plot_hor_stv/bed/chr_sat_annot_chr6.bed"}'     -t /home/ukt.ad.local/ahgrosc1/.cache/snakemake/snakemake/source-cache/runtime-cache/tmpvv5_ue2g/file/mnt/storage3b/projects/no_ngsd/ahthapp1_T2T_ONT/analysis_other/cenmap_single/T2T18/workflow/rules/../scripts/cenplot_hor_stv_plot.yaml     -o results/11-plot_hor_stv/plots/chr_all_chr6     --options '{"hor": {"color_map_file": "/mnt/storage3b/projects/no_ngsd/ahthapp1_T2T_ONT/analysis_other/cenmap_single/T2T18/config/stv_annot_colors.tsv"}}'  --ref_ax_idx 1 || true ;} 2> logs/11-plot_hor_stv/plot_chr6_hor_stv_all.log
    touch results/11-plot_hor_stv/plots/chr_all_chr6.png results/11-plot_hor_stv/plots/chr_all_chr6.pdf

Select jobs to execute...
[Thu Jan  8 18:53:51 2026]
Finished jobid: 197 (Rule: plot_hor_stv_by_chr)
258 of 325 steps (79%) done
Execute 1 jobs...

[Thu Jan  8 18:53:51 2026]
localrule plot_hor_stv_by_chr:
    input: results/11-plot_hor_stv/bed/chr_cdr_chr8.bed, results/11-plot_hor_stv/bed/chr_stv_all_chr8.bed, results/11-plot_hor_stv/bed/chr_sat_annot_chr8.bed
    output: results/11-plot_hor_stv/plots/chr_all_chr8.png, results/11-plot_hor_stv/plots/chr_all_chr8.pdf
    log: logs/11-plot_hor_stv/plot_chr8_hor_stv_all.log
    jobid: 203
    reason: Input files updated by another job: results/11-plot_hor_stv/bed/chr_sat_annot_chr8.bed, results/11-plot_hor_stv/bed/chr_cdr_chr8.bed, results/11-plot_hor_stv/bed/chr_stv_all_chr8.bed
    wildcards: typ=all, chr=chr8
    resources: mem_mb=8000, mem_mib=7630, disk_mb=1000, disk_mib=954, tmpdir=/tmp, mem=8GB
Shell command: 
    { python /home/ukt.ad.local/ahgrosc1/.cache/snakemake/snakemake/source-cache/runtime-cache/tmpvv5_ue2g/file/mnt/storage3b/projects/no_ngsd/ahthapp1_T2T_ONT/analysis_other/cenmap_single/T2T18/workflow/rules/../scripts/plot_multiple_cen.py     -i '{"cdr": "results/11-plot_hor_stv/bed/chr_cdr_chr8.bed", "stv": "results/11-plot_hor_stv/bed/chr_stv_all_chr8.bed", "rm": "results/11-plot_hor_stv/bed/chr_sat_annot_chr8.bed"}'     -t /home/ukt.ad.local/ahgrosc1/.cache/snakemake/snakemake/source-cache/runtime-cache/tmpvv5_ue2g/file/mnt/storage3b/projects/no_ngsd/ahthapp1_T2T_ONT/analysis_other/cenmap_single/T2T18/workflow/rules/../scripts/cenplot_hor_stv_plot.yaml     -o results/11-plot_hor_stv/plots/chr_all_chr8     --options '{"hor": {"color_map_file": "/mnt/storage3b/projects/no_ngsd/ahthapp1_T2T_ONT/analysis_other/cenmap_single/T2T18/config/stv_annot_colors.tsv"}}'  --ref_ax_idx 1 || true ;} 2> logs/11-plot_hor_stv/plot_chr8_hor_stv_all.log
    touch results/11-plot_hor_stv/plots/chr_all_chr8.png results/11-plot_hor_stv/plots/chr_all_chr8.pdf

Select jobs to execute...
[Thu Jan  8 18:53:51 2026]
Finished jobid: 219 (Rule: plot_hor_stv_by_chr)
259 of 325 steps (80%) done
Execute 1 jobs...

[Thu Jan  8 18:53:51 2026]
localrule plot_hor_stv_by_chr:
    input: results/11-plot_hor_stv/bed/chr_cdr_chr8.bed, results/11-plot_hor_stv/bed/chr_stv_complete_chr8.bed, results/11-plot_hor_stv/bed/chr_sat_annot_chr8.bed
    output: results/11-plot_hor_stv/plots/chr_complete_chr8.png, results/11-plot_hor_stv/plots/chr_complete_chr8.pdf
    log: logs/11-plot_hor_stv/plot_chr8_hor_stv_complete.log
    jobid: 201
    reason: Input files updated by another job: results/11-plot_hor_stv/bed/chr_sat_annot_chr8.bed, results/11-plot_hor_stv/bed/chr_stv_complete_chr8.bed, results/11-plot_hor_stv/bed/chr_cdr_chr8.bed
    wildcards: typ=complete, chr=chr8
    resources: mem_mb=8000, mem_mib=7630, disk_mb=1000, disk_mib=954, tmpdir=/tmp, mem=8GB
Shell command: 
    { python /home/ukt.ad.local/ahgrosc1/.cache/snakemake/snakemake/source-cache/runtime-cache/tmpvv5_ue2g/file/mnt/storage3b/projects/no_ngsd/ahthapp1_T2T_ONT/analysis_other/cenmap_single/T2T18/workflow/rules/../scripts/plot_multiple_cen.py     -i '{"cdr": "results/11-plot_hor_stv/bed/chr_cdr_chr8.bed", "stv": "results/11-plot_hor_stv/bed/chr_stv_complete_chr8.bed", "rm": "results/11-plot_hor_stv/bed/chr_sat_annot_chr8.bed"}'     -t /home/ukt.ad.local/ahgrosc1/.cache/snakemake/snakemake/source-cache/runtime-cache/tmpvv5_ue2g/file/mnt/storage3b/projects/no_ngsd/ahthapp1_T2T_ONT/analysis_other/cenmap_single/T2T18/workflow/rules/../scripts/cenplot_hor_stv_plot.yaml     -o results/11-plot_hor_stv/plots/chr_complete_chr8     --options '{"hor": {"color_map_file": "/mnt/storage3b/projects/no_ngsd/ahthapp1_T2T_ONT/analysis_other/cenmap_single/T2T18/config/stv_annot_colors.tsv"}}' --omit_if_any_empty --ref_ax_idx 1 || true ;} 2> logs/11-plot_hor_stv/plot_chr8_hor_stv_complete.log
    touch results/11-plot_hor_stv/plots/chr_complete_chr8.png results/11-plot_hor_stv/plots/chr_complete_chr8.pdf

Select jobs to execute...
[Thu Jan  8 18:53:58 2026]
Finished jobid: 203 (Rule: plot_hor_stv_by_chr)
260 of 325 steps (80%) done
Execute 1 jobs...

[Thu Jan  8 18:53:58 2026]
localrule plot_hor_stv_by_chr:
    input: results/11-plot_hor_stv/bed/chr_cdr_chr3.bed, results/11-plot_hor_stv/bed/chr_stv_all_chr3.bed, results/11-plot_hor_stv/bed/chr_sat_annot_chr3.bed
    output: results/11-plot_hor_stv/plots/chr_all_chr3.png, results/11-plot_hor_stv/plots/chr_all_chr3.pdf
    log: logs/11-plot_hor_stv/plot_chr3_hor_stv_all.log
    jobid: 188
    reason: Input files updated by another job: results/11-plot_hor_stv/bed/chr_sat_annot_chr3.bed, results/11-plot_hor_stv/bed/chr_stv_all_chr3.bed, results/11-plot_hor_stv/bed/chr_cdr_chr3.bed
    wildcards: typ=all, chr=chr3
    resources: mem_mb=8000, mem_mib=7630, disk_mb=1000, disk_mib=954, tmpdir=/tmp, mem=8GB
Shell command: 
    { python /home/ukt.ad.local/ahgrosc1/.cache/snakemake/snakemake/source-cache/runtime-cache/tmpvv5_ue2g/file/mnt/storage3b/projects/no_ngsd/ahthapp1_T2T_ONT/analysis_other/cenmap_single/T2T18/workflow/rules/../scripts/plot_multiple_cen.py     -i '{"cdr": "results/11-plot_hor_stv/bed/chr_cdr_chr3.bed", "stv": "results/11-plot_hor_stv/bed/chr_stv_all_chr3.bed", "rm": "results/11-plot_hor_stv/bed/chr_sat_annot_chr3.bed"}'     -t /home/ukt.ad.local/ahgrosc1/.cache/snakemake/snakemake/source-cache/runtime-cache/tmpvv5_ue2g/file/mnt/storage3b/projects/no_ngsd/ahthapp1_T2T_ONT/analysis_other/cenmap_single/T2T18/workflow/rules/../scripts/cenplot_hor_stv_plot.yaml     -o results/11-plot_hor_stv/plots/chr_all_chr3     --options '{"hor": {"color_map_file": "/mnt/storage3b/projects/no_ngsd/ahthapp1_T2T_ONT/analysis_other/cenmap_single/T2T18/config/stv_annot_colors.tsv"}}'  --ref_ax_idx 1 || true ;} 2> logs/11-plot_hor_stv/plot_chr3_hor_stv_all.log
    touch results/11-plot_hor_stv/plots/chr_all_chr3.png results/11-plot_hor_stv/plots/chr_all_chr3.pdf

Select jobs to execute...
[Thu Jan  8 18:53:58 2026]
Finished jobid: 201 (Rule: plot_hor_stv_by_chr)
261 of 325 steps (80%) done
Execute 1 jobs...

[Thu Jan  8 18:53:58 2026]
localrule plot_hor_stv_by_chr:
    input: results/11-plot_hor_stv/bed/chr_cdr_chr17.bed, results/11-plot_hor_stv/bed/chr_stv_all_chr17.bed, results/11-plot_hor_stv/bed/chr_sat_annot_chr17.bed
    output: results/11-plot_hor_stv/plots/chr_all_chr17.png, results/11-plot_hor_stv/plots/chr_all_chr17.pdf
    log: logs/11-plot_hor_stv/plot_chr17_hor_stv_all.log
    jobid: 230
    reason: Input files updated by another job: results/11-plot_hor_stv/bed/chr_sat_annot_chr17.bed, results/11-plot_hor_stv/bed/chr_stv_all_chr17.bed, results/11-plot_hor_stv/bed/chr_cdr_chr17.bed
    wildcards: typ=all, chr=chr17
    resources: mem_mb=8000, mem_mib=7630, disk_mb=1000, disk_mib=954, tmpdir=/tmp, mem=8GB
Shell command: 
    { python /home/ukt.ad.local/ahgrosc1/.cache/snakemake/snakemake/source-cache/runtime-cache/tmpvv5_ue2g/file/mnt/storage3b/projects/no_ngsd/ahthapp1_T2T_ONT/analysis_other/cenmap_single/T2T18/workflow/rules/../scripts/plot_multiple_cen.py     -i '{"cdr": "results/11-plot_hor_stv/bed/chr_cdr_chr17.bed", "stv": "results/11-plot_hor_stv/bed/chr_stv_all_chr17.bed", "rm": "results/11-plot_hor_stv/bed/chr_sat_annot_chr17.bed"}'     -t /home/ukt.ad.local/ahgrosc1/.cache/snakemake/snakemake/source-cache/runtime-cache/tmpvv5_ue2g/file/mnt/storage3b/projects/no_ngsd/ahthapp1_T2T_ONT/analysis_other/cenmap_single/T2T18/workflow/rules/../scripts/cenplot_hor_stv_plot.yaml     -o results/11-plot_hor_stv/plots/chr_all_chr17     --options '{"hor": {"color_map_file": "/mnt/storage3b/projects/no_ngsd/ahthapp1_T2T_ONT/analysis_other/cenmap_single/T2T18/config/stv_annot_colors.tsv"}}'  --ref_ax_idx 1 || true ;} 2> logs/11-plot_hor_stv/plot_chr17_hor_stv_all.log
    touch results/11-plot_hor_stv/plots/chr_all_chr17.png results/11-plot_hor_stv/plots/chr_all_chr17.pdf

Select jobs to execute...
[Thu Jan  8 18:54:04 2026]
Finished jobid: 188 (Rule: plot_hor_stv_by_chr)
262 of 325 steps (81%) done
Execute 1 jobs...

[Thu Jan  8 18:54:04 2026]
localrule plot_hor_stv_by_chr:
    input: results/11-plot_hor_stv/bed/chr_cdr_chr17.bed, results/11-plot_hor_stv/bed/chr_stv_complete_chr17.bed, results/11-plot_hor_stv/bed/chr_sat_annot_chr17.bed
    output: results/11-plot_hor_stv/plots/chr_complete_chr17.png, results/11-plot_hor_stv/plots/chr_complete_chr17.pdf
    log: logs/11-plot_hor_stv/plot_chr17_hor_stv_complete.log
    jobid: 228
    reason: Input files updated by another job: results/11-plot_hor_stv/bed/chr_stv_complete_chr17.bed, results/11-plot_hor_stv/bed/chr_sat_annot_chr17.bed, results/11-plot_hor_stv/bed/chr_cdr_chr17.bed
    wildcards: typ=complete, chr=chr17
    resources: mem_mb=8000, mem_mib=7630, disk_mb=1000, disk_mib=954, tmpdir=/tmp, mem=8GB
Shell command: 
    { python /home/ukt.ad.local/ahgrosc1/.cache/snakemake/snakemake/source-cache/runtime-cache/tmpvv5_ue2g/file/mnt/storage3b/projects/no_ngsd/ahthapp1_T2T_ONT/analysis_other/cenmap_single/T2T18/workflow/rules/../scripts/plot_multiple_cen.py     -i '{"cdr": "results/11-plot_hor_stv/bed/chr_cdr_chr17.bed", "stv": "results/11-plot_hor_stv/bed/chr_stv_complete_chr17.bed", "rm": "results/11-plot_hor_stv/bed/chr_sat_annot_chr17.bed"}'     -t /home/ukt.ad.local/ahgrosc1/.cache/snakemake/snakemake/source-cache/runtime-cache/tmpvv5_ue2g/file/mnt/storage3b/projects/no_ngsd/ahthapp1_T2T_ONT/analysis_other/cenmap_single/T2T18/workflow/rules/../scripts/cenplot_hor_stv_plot.yaml     -o results/11-plot_hor_stv/plots/chr_complete_chr17     --options '{"hor": {"color_map_file": "/mnt/storage3b/projects/no_ngsd/ahthapp1_T2T_ONT/analysis_other/cenmap_single/T2T18/config/stv_annot_colors.tsv"}}' --omit_if_any_empty --ref_ax_idx 1 || true ;} 2> logs/11-plot_hor_stv/plot_chr17_hor_stv_complete.log
    touch results/11-plot_hor_stv/plots/chr_complete_chr17.png results/11-plot_hor_stv/plots/chr_complete_chr17.pdf

Select jobs to execute...
[Thu Jan  8 18:54:04 2026]
Finished jobid: 230 (Rule: plot_hor_stv_by_chr)
263 of 325 steps (81%) done
Execute 1 jobs...

[Thu Jan  8 18:54:04 2026]
localrule plot_hor_stv_by_chr:
    input: results/11-plot_hor_stv/bed/chr_cdr_chr4.bed, results/11-plot_hor_stv/bed/chr_stv_complete_chr4.bed, results/11-plot_hor_stv/bed/chr_sat_annot_chr4.bed
    output: results/11-plot_hor_stv/plots/chr_complete_chr4.png, results/11-plot_hor_stv/plots/chr_complete_chr4.pdf
    log: logs/11-plot_hor_stv/plot_chr4_hor_stv_complete.log
    jobid: 189
    reason: Input files updated by another job: results/11-plot_hor_stv/bed/chr_cdr_chr4.bed, results/11-plot_hor_stv/bed/chr_stv_complete_chr4.bed, results/11-plot_hor_stv/bed/chr_sat_annot_chr4.bed
    wildcards: typ=complete, chr=chr4
    resources: mem_mb=8000, mem_mib=7630, disk_mb=1000, disk_mib=954, tmpdir=/tmp, mem=8GB
Shell command: 
    { python /home/ukt.ad.local/ahgrosc1/.cache/snakemake/snakemake/source-cache/runtime-cache/tmpvv5_ue2g/file/mnt/storage3b/projects/no_ngsd/ahthapp1_T2T_ONT/analysis_other/cenmap_single/T2T18/workflow/rules/../scripts/plot_multiple_cen.py     -i '{"cdr": "results/11-plot_hor_stv/bed/chr_cdr_chr4.bed", "stv": "results/11-plot_hor_stv/bed/chr_stv_complete_chr4.bed", "rm": "results/11-plot_hor_stv/bed/chr_sat_annot_chr4.bed"}'     -t /home/ukt.ad.local/ahgrosc1/.cache/snakemake/snakemake/source-cache/runtime-cache/tmpvv5_ue2g/file/mnt/storage3b/projects/no_ngsd/ahthapp1_T2T_ONT/analysis_other/cenmap_single/T2T18/workflow/rules/../scripts/cenplot_hor_stv_plot.yaml     -o results/11-plot_hor_stv/plots/chr_complete_chr4     --options '{"hor": {"color_map_file": "/mnt/storage3b/projects/no_ngsd/ahthapp1_T2T_ONT/analysis_other/cenmap_single/T2T18/config/stv_annot_colors.tsv"}}' --omit_if_any_empty --ref_ax_idx 1 || true ;} 2> logs/11-plot_hor_stv/plot_chr4_hor_stv_complete.log
    touch results/11-plot_hor_stv/plots/chr_complete_chr4.png results/11-plot_hor_stv/plots/chr_complete_chr4.pdf

Select jobs to execute...
[Thu Jan  8 18:54:10 2026]
Finished jobid: 228 (Rule: plot_hor_stv_by_chr)
264 of 325 steps (81%) done
Execute 1 jobs...

[Thu Jan  8 18:54:10 2026]
localrule plot_hor_stv_by_chr:
    input: results/11-plot_hor_stv/bed/chr_cdr_chr4.bed, results/11-plot_hor_stv/bed/chr_stv_all_chr4.bed, results/11-plot_hor_stv/bed/chr_sat_annot_chr4.bed
    output: results/11-plot_hor_stv/plots/chr_all_chr4.png, results/11-plot_hor_stv/plots/chr_all_chr4.pdf
    log: logs/11-plot_hor_stv/plot_chr4_hor_stv_all.log
    jobid: 191
    reason: Input files updated by another job: results/11-plot_hor_stv/bed/chr_cdr_chr4.bed, results/11-plot_hor_stv/bed/chr_stv_all_chr4.bed, results/11-plot_hor_stv/bed/chr_sat_annot_chr4.bed
    wildcards: typ=all, chr=chr4
    resources: mem_mb=8000, mem_mib=7630, disk_mb=1000, disk_mib=954, tmpdir=/tmp, mem=8GB
Shell command: 
    { python /home/ukt.ad.local/ahgrosc1/.cache/snakemake/snakemake/source-cache/runtime-cache/tmpvv5_ue2g/file/mnt/storage3b/projects/no_ngsd/ahthapp1_T2T_ONT/analysis_other/cenmap_single/T2T18/workflow/rules/../scripts/plot_multiple_cen.py     -i '{"cdr": "results/11-plot_hor_stv/bed/chr_cdr_chr4.bed", "stv": "results/11-plot_hor_stv/bed/chr_stv_all_chr4.bed", "rm": "results/11-plot_hor_stv/bed/chr_sat_annot_chr4.bed"}'     -t /home/ukt.ad.local/ahgrosc1/.cache/snakemake/snakemake/source-cache/runtime-cache/tmpvv5_ue2g/file/mnt/storage3b/projects/no_ngsd/ahthapp1_T2T_ONT/analysis_other/cenmap_single/T2T18/workflow/rules/../scripts/cenplot_hor_stv_plot.yaml     -o results/11-plot_hor_stv/plots/chr_all_chr4     --options '{"hor": {"color_map_file": "/mnt/storage3b/projects/no_ngsd/ahthapp1_T2T_ONT/analysis_other/cenmap_single/T2T18/config/stv_annot_colors.tsv"}}'  --ref_ax_idx 1 || true ;} 2> logs/11-plot_hor_stv/plot_chr4_hor_stv_all.log
    touch results/11-plot_hor_stv/plots/chr_all_chr4.png results/11-plot_hor_stv/plots/chr_all_chr4.pdf

Select jobs to execute...
[Thu Jan  8 18:54:10 2026]
Finished jobid: 189 (Rule: plot_hor_stv_by_chr)
265 of 325 steps (82%) done
Execute 1 jobs...

[Thu Jan  8 18:54:10 2026]
localrule plot_hor_stv_by_chr:
    input: results/11-plot_hor_stv/bed/chr_cdr_chr21.bed, results/11-plot_hor_stv/bed/chr_stv_all_chr21.bed, results/11-plot_hor_stv/bed/chr_sat_annot_chr21.bed
    output: results/11-plot_hor_stv/plots/chr_all_chr21.png, results/11-plot_hor_stv/plots/chr_all_chr21.pdf
    log: logs/11-plot_hor_stv/plot_chr21_hor_stv_all.log
    jobid: 242
    reason: Input files updated by another job: results/11-plot_hor_stv/bed/chr_sat_annot_chr21.bed, results/11-plot_hor_stv/bed/chr_stv_all_chr21.bed, results/11-plot_hor_stv/bed/chr_cdr_chr21.bed
    wildcards: typ=all, chr=chr21
    resources: mem_mb=8000, mem_mib=7630, disk_mb=1000, disk_mib=954, tmpdir=/tmp, mem=8GB
Shell command: 
    { python /home/ukt.ad.local/ahgrosc1/.cache/snakemake/snakemake/source-cache/runtime-cache/tmpvv5_ue2g/file/mnt/storage3b/projects/no_ngsd/ahthapp1_T2T_ONT/analysis_other/cenmap_single/T2T18/workflow/rules/../scripts/plot_multiple_cen.py     -i '{"cdr": "results/11-plot_hor_stv/bed/chr_cdr_chr21.bed", "stv": "results/11-plot_hor_stv/bed/chr_stv_all_chr21.bed", "rm": "results/11-plot_hor_stv/bed/chr_sat_annot_chr21.bed"}'     -t /home/ukt.ad.local/ahgrosc1/.cache/snakemake/snakemake/source-cache/runtime-cache/tmpvv5_ue2g/file/mnt/storage3b/projects/no_ngsd/ahthapp1_T2T_ONT/analysis_other/cenmap_single/T2T18/workflow/rules/../scripts/cenplot_hor_stv_plot.yaml     -o results/11-plot_hor_stv/plots/chr_all_chr21     --options '{"hor": {"color_map_file": "/mnt/storage3b/projects/no_ngsd/ahthapp1_T2T_ONT/analysis_other/cenmap_single/T2T18/config/stv_annot_colors.tsv"}}'  --ref_ax_idx 1 || true ;} 2> logs/11-plot_hor_stv/plot_chr21_hor_stv_all.log
    touch results/11-plot_hor_stv/plots/chr_all_chr21.png results/11-plot_hor_stv/plots/chr_all_chr21.pdf

Select jobs to execute...
[Thu Jan  8 18:54:16 2026]
Finished jobid: 191 (Rule: plot_hor_stv_by_chr)
266 of 325 steps (82%) done
Execute 1 jobs...

[Thu Jan  8 18:54:16 2026]
localrule plot_hor_stv_by_chr:
    input: results/11-plot_hor_stv/bed/chr_cdr_chr21.bed, results/11-plot_hor_stv/bed/chr_stv_complete_chr21.bed, results/11-plot_hor_stv/bed/chr_sat_annot_chr21.bed
    output: results/11-plot_hor_stv/plots/chr_complete_chr21.png, results/11-plot_hor_stv/plots/chr_complete_chr21.pdf
    log: logs/11-plot_hor_stv/plot_chr21_hor_stv_complete.log
    jobid: 240
    reason: Input files updated by another job: results/11-plot_hor_stv/bed/chr_sat_annot_chr21.bed, results/11-plot_hor_stv/bed/chr_stv_complete_chr21.bed, results/11-plot_hor_stv/bed/chr_cdr_chr21.bed
    wildcards: typ=complete, chr=chr21
    resources: mem_mb=8000, mem_mib=7630, disk_mb=1000, disk_mib=954, tmpdir=/tmp, mem=8GB
Shell command: 
    { python /home/ukt.ad.local/ahgrosc1/.cache/snakemake/snakemake/source-cache/runtime-cache/tmpvv5_ue2g/file/mnt/storage3b/projects/no_ngsd/ahthapp1_T2T_ONT/analysis_other/cenmap_single/T2T18/workflow/rules/../scripts/plot_multiple_cen.py     -i '{"cdr": "results/11-plot_hor_stv/bed/chr_cdr_chr21.bed", "stv": "results/11-plot_hor_stv/bed/chr_stv_complete_chr21.bed", "rm": "results/11-plot_hor_stv/bed/chr_sat_annot_chr21.bed"}'     -t /home/ukt.ad.local/ahgrosc1/.cache/snakemake/snakemake/source-cache/runtime-cache/tmpvv5_ue2g/file/mnt/storage3b/projects/no_ngsd/ahthapp1_T2T_ONT/analysis_other/cenmap_single/T2T18/workflow/rules/../scripts/cenplot_hor_stv_plot.yaml     -o results/11-plot_hor_stv/plots/chr_complete_chr21     --options '{"hor": {"color_map_file": "/mnt/storage3b/projects/no_ngsd/ahthapp1_T2T_ONT/analysis_other/cenmap_single/T2T18/config/stv_annot_colors.tsv"}}' --omit_if_any_empty --ref_ax_idx 1 || true ;} 2> logs/11-plot_hor_stv/plot_chr21_hor_stv_complete.log
    touch results/11-plot_hor_stv/plots/chr_complete_chr21.png results/11-plot_hor_stv/plots/chr_complete_chr21.pdf

Select jobs to execute...
[Thu Jan  8 18:54:16 2026]
Finished jobid: 242 (Rule: plot_hor_stv_by_chr)
267 of 325 steps (82%) done
Execute 1 jobs...

[Thu Jan  8 18:54:16 2026]
localrule plot_hor_stv_by_chr:
    input: results/11-plot_hor_stv/bed/chr_cdr_chr6.bed, results/11-plot_hor_stv/bed/chr_stv_complete_chr6.bed, results/11-plot_hor_stv/bed/chr_sat_annot_chr6.bed
    output: results/11-plot_hor_stv/plots/chr_complete_chr6.png, results/11-plot_hor_stv/plots/chr_complete_chr6.pdf
    log: logs/11-plot_hor_stv/plot_chr6_hor_stv_complete.log
    jobid: 195
    reason: Input files updated by another job: results/11-plot_hor_stv/bed/chr_sat_annot_chr6.bed, results/11-plot_hor_stv/bed/chr_stv_complete_chr6.bed, results/11-plot_hor_stv/bed/chr_cdr_chr6.bed
    wildcards: typ=complete, chr=chr6
    resources: mem_mb=8000, mem_mib=7630, disk_mb=1000, disk_mib=954, tmpdir=/tmp, mem=8GB
Shell command: 
    { python /home/ukt.ad.local/ahgrosc1/.cache/snakemake/snakemake/source-cache/runtime-cache/tmpvv5_ue2g/file/mnt/storage3b/projects/no_ngsd/ahthapp1_T2T_ONT/analysis_other/cenmap_single/T2T18/workflow/rules/../scripts/plot_multiple_cen.py     -i '{"cdr": "results/11-plot_hor_stv/bed/chr_cdr_chr6.bed", "stv": "results/11-plot_hor_stv/bed/chr_stv_complete_chr6.bed", "rm": "results/11-plot_hor_stv/bed/chr_sat_annot_chr6.bed"}'     -t /home/ukt.ad.local/ahgrosc1/.cache/snakemake/snakemake/source-cache/runtime-cache/tmpvv5_ue2g/file/mnt/storage3b/projects/no_ngsd/ahthapp1_T2T_ONT/analysis_other/cenmap_single/T2T18/workflow/rules/../scripts/cenplot_hor_stv_plot.yaml     -o results/11-plot_hor_stv/plots/chr_complete_chr6     --options '{"hor": {"color_map_file": "/mnt/storage3b/projects/no_ngsd/ahthapp1_T2T_ONT/analysis_other/cenmap_single/T2T18/config/stv_annot_colors.tsv"}}' --omit_if_any_empty --ref_ax_idx 1 || true ;} 2> logs/11-plot_hor_stv/plot_chr6_hor_stv_complete.log
    touch results/11-plot_hor_stv/plots/chr_complete_chr6.png results/11-plot_hor_stv/plots/chr_complete_chr6.pdf

Select jobs to execute...
[Thu Jan  8 18:54:21 2026]
Finished jobid: 195 (Rule: plot_hor_stv_by_chr)
268 of 325 steps (82%) done
Execute 1 jobs...

[Thu Jan  8 18:54:21 2026]
localrule plot_hor_stv_by_chr:
    input: results/11-plot_hor_stv/bed/chr_cdr_chrX.bed, results/11-plot_hor_stv/bed/chr_stv_complete_chrX.bed, results/11-plot_hor_stv/bed/chr_sat_annot_chrX.bed
    output: results/11-plot_hor_stv/plots/chr_complete_chrX.png, results/11-plot_hor_stv/plots/chr_complete_chrX.pdf
    log: logs/11-plot_hor_stv/plot_chrX_hor_stv_complete.log
    jobid: 246
    reason: Input files updated by another job: results/11-plot_hor_stv/bed/chr_cdr_chrX.bed, results/11-plot_hor_stv/bed/chr_sat_annot_chrX.bed, results/11-plot_hor_stv/bed/chr_stv_complete_chrX.bed
    wildcards: typ=complete, chr=chrX
    resources: mem_mb=8000, mem_mib=7630, disk_mb=1000, disk_mib=954, tmpdir=/tmp, mem=8GB
Shell command: 
    { python /home/ukt.ad.local/ahgrosc1/.cache/snakemake/snakemake/source-cache/runtime-cache/tmpvv5_ue2g/file/mnt/storage3b/projects/no_ngsd/ahthapp1_T2T_ONT/analysis_other/cenmap_single/T2T18/workflow/rules/../scripts/plot_multiple_cen.py     -i '{"cdr": "results/11-plot_hor_stv/bed/chr_cdr_chrX.bed", "stv": "results/11-plot_hor_stv/bed/chr_stv_complete_chrX.bed", "rm": "results/11-plot_hor_stv/bed/chr_sat_annot_chrX.bed"}'     -t /home/ukt.ad.local/ahgrosc1/.cache/snakemake/snakemake/source-cache/runtime-cache/tmpvv5_ue2g/file/mnt/storage3b/projects/no_ngsd/ahthapp1_T2T_ONT/analysis_other/cenmap_single/T2T18/workflow/rules/../scripts/cenplot_hor_stv_plot.yaml     -o results/11-plot_hor_stv/plots/chr_complete_chrX     --options '{"hor": {"color_map_file": "/mnt/storage3b/projects/no_ngsd/ahthapp1_T2T_ONT/analysis_other/cenmap_single/T2T18/config/stv_annot_colors.tsv"}}' --omit_if_any_empty --ref_ax_idx 1 || true ;} 2> logs/11-plot_hor_stv/plot_chrX_hor_stv_complete.log
    touch results/11-plot_hor_stv/plots/chr_complete_chrX.png results/11-plot_hor_stv/plots/chr_complete_chrX.pdf

Select jobs to execute...
[Thu Jan  8 18:54:21 2026]
Finished jobid: 240 (Rule: plot_hor_stv_by_chr)
269 of 325 steps (83%) done
Execute 1 jobs...

[Thu Jan  8 18:54:21 2026]
localrule plot_hor_stv_by_chr:
    input: results/11-plot_hor_stv/bed/chr_cdr_chrX.bed, results/11-plot_hor_stv/bed/chr_stv_all_chrX.bed, results/11-plot_hor_stv/bed/chr_sat_annot_chrX.bed
    output: results/11-plot_hor_stv/plots/chr_all_chrX.png, results/11-plot_hor_stv/plots/chr_all_chrX.pdf
    log: logs/11-plot_hor_stv/plot_chrX_hor_stv_all.log
    jobid: 248
    reason: Input files updated by another job: results/11-plot_hor_stv/bed/chr_cdr_chrX.bed, results/11-plot_hor_stv/bed/chr_sat_annot_chrX.bed, results/11-plot_hor_stv/bed/chr_stv_all_chrX.bed
    wildcards: typ=all, chr=chrX
    resources: mem_mb=8000, mem_mib=7630, disk_mb=1000, disk_mib=954, tmpdir=/tmp, mem=8GB
Shell command: 
    { python /home/ukt.ad.local/ahgrosc1/.cache/snakemake/snakemake/source-cache/runtime-cache/tmpvv5_ue2g/file/mnt/storage3b/projects/no_ngsd/ahthapp1_T2T_ONT/analysis_other/cenmap_single/T2T18/workflow/rules/../scripts/plot_multiple_cen.py     -i '{"cdr": "results/11-plot_hor_stv/bed/chr_cdr_chrX.bed", "stv": "results/11-plot_hor_stv/bed/chr_stv_all_chrX.bed", "rm": "results/11-plot_hor_stv/bed/chr_sat_annot_chrX.bed"}'     -t /home/ukt.ad.local/ahgrosc1/.cache/snakemake/snakemake/source-cache/runtime-cache/tmpvv5_ue2g/file/mnt/storage3b/projects/no_ngsd/ahthapp1_T2T_ONT/analysis_other/cenmap_single/T2T18/workflow/rules/../scripts/cenplot_hor_stv_plot.yaml     -o results/11-plot_hor_stv/plots/chr_all_chrX     --options '{"hor": {"color_map_file": "/mnt/storage3b/projects/no_ngsd/ahthapp1_T2T_ONT/analysis_other/cenmap_single/T2T18/config/stv_annot_colors.tsv"}}'  --ref_ax_idx 1 || true ;} 2> logs/11-plot_hor_stv/plot_chrX_hor_stv_all.log
    touch results/11-plot_hor_stv/plots/chr_all_chrX.png results/11-plot_hor_stv/plots/chr_all_chrX.pdf

Select jobs to execute...
[Thu Jan  8 18:54:25 2026]
Finished jobid: 246 (Rule: plot_hor_stv_by_chr)
270 of 325 steps (83%) done
Execute 1 jobs...

[Thu Jan  8 18:54:25 2026]
localrule plot_hor_stv_by_chr:
    input: results/11-plot_hor_stv/bed/chr_cdr_chr13.bed, results/11-plot_hor_stv/bed/chr_stv_all_chr13.bed, results/11-plot_hor_stv/bed/chr_sat_annot_chr13.bed
    output: results/11-plot_hor_stv/plots/chr_all_chr13.png, results/11-plot_hor_stv/plots/chr_all_chr13.pdf
    log: logs/11-plot_hor_stv/plot_chr13_hor_stv_all.log
    jobid: 218
    reason: Input files updated by another job: results/11-plot_hor_stv/bed/chr_cdr_chr13.bed, results/11-plot_hor_stv/bed/chr_stv_all_chr13.bed, results/11-plot_hor_stv/bed/chr_sat_annot_chr13.bed
    wildcards: typ=all, chr=chr13
    resources: mem_mb=8000, mem_mib=7630, disk_mb=1000, disk_mib=954, tmpdir=/tmp, mem=8GB
Shell command: 
    { python /home/ukt.ad.local/ahgrosc1/.cache/snakemake/snakemake/source-cache/runtime-cache/tmpvv5_ue2g/file/mnt/storage3b/projects/no_ngsd/ahthapp1_T2T_ONT/analysis_other/cenmap_single/T2T18/workflow/rules/../scripts/plot_multiple_cen.py     -i '{"cdr": "results/11-plot_hor_stv/bed/chr_cdr_chr13.bed", "stv": "results/11-plot_hor_stv/bed/chr_stv_all_chr13.bed", "rm": "results/11-plot_hor_stv/bed/chr_sat_annot_chr13.bed"}'     -t /home/ukt.ad.local/ahgrosc1/.cache/snakemake/snakemake/source-cache/runtime-cache/tmpvv5_ue2g/file/mnt/storage3b/projects/no_ngsd/ahthapp1_T2T_ONT/analysis_other/cenmap_single/T2T18/workflow/rules/../scripts/cenplot_hor_stv_plot.yaml     -o results/11-plot_hor_stv/plots/chr_all_chr13     --options '{"hor": {"color_map_file": "/mnt/storage3b/projects/no_ngsd/ahthapp1_T2T_ONT/analysis_other/cenmap_single/T2T18/config/stv_annot_colors.tsv"}}'  --ref_ax_idx 1 || true ;} 2> logs/11-plot_hor_stv/plot_chr13_hor_stv_all.log
    touch results/11-plot_hor_stv/plots/chr_all_chr13.png results/11-plot_hor_stv/plots/chr_all_chr13.pdf

Select jobs to execute...
[Thu Jan  8 18:54:26 2026]
Finished jobid: 248 (Rule: plot_hor_stv_by_chr)
271 of 325 steps (83%) done
Execute 1 jobs...

[Thu Jan  8 18:54:26 2026]
localrule plot_hor_stv_by_chr:
    input: results/11-plot_hor_stv/bed/chr_cdr_chr3.bed, results/11-plot_hor_stv/bed/chr_stv_complete_chr3.bed, results/11-plot_hor_stv/bed/chr_sat_annot_chr3.bed
    output: results/11-plot_hor_stv/plots/chr_complete_chr3.png, results/11-plot_hor_stv/plots/chr_complete_chr3.pdf
    log: logs/11-plot_hor_stv/plot_chr3_hor_stv_complete.log
    jobid: 186
    reason: Input files updated by another job: results/11-plot_hor_stv/bed/chr_sat_annot_chr3.bed, results/11-plot_hor_stv/bed/chr_stv_complete_chr3.bed, results/11-plot_hor_stv/bed/chr_cdr_chr3.bed
    wildcards: typ=complete, chr=chr3
    resources: mem_mb=8000, mem_mib=7630, disk_mb=1000, disk_mib=954, tmpdir=/tmp, mem=8GB
Shell command: 
    { python /home/ukt.ad.local/ahgrosc1/.cache/snakemake/snakemake/source-cache/runtime-cache/tmpvv5_ue2g/file/mnt/storage3b/projects/no_ngsd/ahthapp1_T2T_ONT/analysis_other/cenmap_single/T2T18/workflow/rules/../scripts/plot_multiple_cen.py     -i '{"cdr": "results/11-plot_hor_stv/bed/chr_cdr_chr3.bed", "stv": "results/11-plot_hor_stv/bed/chr_stv_complete_chr3.bed", "rm": "results/11-plot_hor_stv/bed/chr_sat_annot_chr3.bed"}'     -t /home/ukt.ad.local/ahgrosc1/.cache/snakemake/snakemake/source-cache/runtime-cache/tmpvv5_ue2g/file/mnt/storage3b/projects/no_ngsd/ahthapp1_T2T_ONT/analysis_other/cenmap_single/T2T18/workflow/rules/../scripts/cenplot_hor_stv_plot.yaml     -o results/11-plot_hor_stv/plots/chr_complete_chr3     --options '{"hor": {"color_map_file": "/mnt/storage3b/projects/no_ngsd/ahthapp1_T2T_ONT/analysis_other/cenmap_single/T2T18/config/stv_annot_colors.tsv"}}' --omit_if_any_empty --ref_ax_idx 1 || true ;} 2> logs/11-plot_hor_stv/plot_chr3_hor_stv_complete.log
    touch results/11-plot_hor_stv/plots/chr_complete_chr3.png results/11-plot_hor_stv/plots/chr_complete_chr3.pdf

Select jobs to execute...
[Thu Jan  8 18:54:30 2026]
Finished jobid: 218 (Rule: plot_hor_stv_by_chr)
272 of 325 steps (84%) done
Execute 1 jobs...

[Thu Jan  8 18:54:30 2026]
localrule plot_hor_stv_by_chr:
    input: results/11-plot_hor_stv/bed/chr_cdr_chr13.bed, results/11-plot_hor_stv/bed/chr_stv_complete_chr13.bed, results/11-plot_hor_stv/bed/chr_sat_annot_chr13.bed
    output: results/11-plot_hor_stv/plots/chr_complete_chr13.png, results/11-plot_hor_stv/plots/chr_complete_chr13.pdf
    log: logs/11-plot_hor_stv/plot_chr13_hor_stv_complete.log
    jobid: 216
    reason: Input files updated by another job: results/11-plot_hor_stv/bed/chr_stv_complete_chr13.bed, results/11-plot_hor_stv/bed/chr_cdr_chr13.bed, results/11-plot_hor_stv/bed/chr_sat_annot_chr13.bed
    wildcards: typ=complete, chr=chr13
    resources: mem_mb=8000, mem_mib=7630, disk_mb=1000, disk_mib=954, tmpdir=/tmp, mem=8GB
Shell command: 
    { python /home/ukt.ad.local/ahgrosc1/.cache/snakemake/snakemake/source-cache/runtime-cache/tmpvv5_ue2g/file/mnt/storage3b/projects/no_ngsd/ahthapp1_T2T_ONT/analysis_other/cenmap_single/T2T18/workflow/rules/../scripts/plot_multiple_cen.py     -i '{"cdr": "results/11-plot_hor_stv/bed/chr_cdr_chr13.bed", "stv": "results/11-plot_hor_stv/bed/chr_stv_complete_chr13.bed", "rm": "results/11-plot_hor_stv/bed/chr_sat_annot_chr13.bed"}'     -t /home/ukt.ad.local/ahgrosc1/.cache/snakemake/snakemake/source-cache/runtime-cache/tmpvv5_ue2g/file/mnt/storage3b/projects/no_ngsd/ahthapp1_T2T_ONT/analysis_other/cenmap_single/T2T18/workflow/rules/../scripts/cenplot_hor_stv_plot.yaml     -o results/11-plot_hor_stv/plots/chr_complete_chr13     --options '{"hor": {"color_map_file": "/mnt/storage3b/projects/no_ngsd/ahthapp1_T2T_ONT/analysis_other/cenmap_single/T2T18/config/stv_annot_colors.tsv"}}' --omit_if_any_empty --ref_ax_idx 1 || true ;} 2> logs/11-plot_hor_stv/plot_chr13_hor_stv_complete.log
    touch results/11-plot_hor_stv/plots/chr_complete_chr13.png results/11-plot_hor_stv/plots/chr_complete_chr13.pdf

Select jobs to execute...
[Thu Jan  8 18:54:30 2026]
Finished jobid: 186 (Rule: plot_hor_stv_by_chr)
273 of 325 steps (84%) done
Execute 1 jobs...

[Thu Jan  8 18:54:30 2026]
localrule calculate_as_hor_length:
    input: results/10-format_hor_stv/bed/chr13/stv_complete.bed
    output: results/11-calculate_hor_length/bed/chr13_AS-HOR_strand.bed, results/11-calculate_hor_length/bed/chr13_AS-HOR_lengths.bed
    log: logs/11-calculate_hor_length/calculate_chr13_as_hor_length.log
    jobid: 289
    reason: Input files updated by another job: results/10-format_hor_stv/bed/chr13/stv_complete.bed
    wildcards: chr=chr13
    resources: mem_mb=8000, mem_mib=7630, disk_mb=1000, disk_mib=954, tmpdir=/tmp, mem=8GB
Shell command: 
        { censtats length -i results/10-format_hor_stv/bed/chr13/stv_complete.bed -s results/11-calculate_hor_length/bed/chr13_AS-HOR_strand.bed  || true ;} > results/11-calculate_hor_length/bed/chr13_AS-HOR_lengths.bed 2> logs/11-calculate_hor_length/calculate_chr13_as_hor_length.log
        touch results/11-calculate_hor_length/bed/chr13_AS-HOR_strand.bed results/11-calculate_hor_length/bed/chr13_AS-HOR_lengths.bed
        
Select jobs to execute...
[Thu Jan  8 18:54:31 2026]
Finished jobid: 289 (Rule: calculate_as_hor_length)
274 of 325 steps (84%) done
Execute 1 jobs...

[Thu Jan  8 18:54:31 2026]
localrule plot_hor_stv_by_chr:
    input: results/11-plot_hor_stv/bed/chr_cdr_chr7.bed, results/11-plot_hor_stv/bed/chr_stv_complete_chr7.bed, results/11-plot_hor_stv/bed/chr_sat_annot_chr7.bed
    output: results/11-plot_hor_stv/plots/chr_complete_chr7.png, results/11-plot_hor_stv/plots/chr_complete_chr7.pdf
    log: logs/11-plot_hor_stv/plot_chr7_hor_stv_complete.log
    jobid: 198
    reason: Input files updated by another job: results/11-plot_hor_stv/bed/chr_stv_complete_chr7.bed, results/11-plot_hor_stv/bed/chr_cdr_chr7.bed, results/11-plot_hor_stv/bed/chr_sat_annot_chr7.bed
    wildcards: typ=complete, chr=chr7
    resources: mem_mb=8000, mem_mib=7630, disk_mb=1000, disk_mib=954, tmpdir=/tmp, mem=8GB
Shell command: 
    { python /home/ukt.ad.local/ahgrosc1/.cache/snakemake/snakemake/source-cache/runtime-cache/tmpvv5_ue2g/file/mnt/storage3b/projects/no_ngsd/ahthapp1_T2T_ONT/analysis_other/cenmap_single/T2T18/workflow/rules/../scripts/plot_multiple_cen.py     -i '{"cdr": "results/11-plot_hor_stv/bed/chr_cdr_chr7.bed", "stv": "results/11-plot_hor_stv/bed/chr_stv_complete_chr7.bed", "rm": "results/11-plot_hor_stv/bed/chr_sat_annot_chr7.bed"}'     -t /home/ukt.ad.local/ahgrosc1/.cache/snakemake/snakemake/source-cache/runtime-cache/tmpvv5_ue2g/file/mnt/storage3b/projects/no_ngsd/ahthapp1_T2T_ONT/analysis_other/cenmap_single/T2T18/workflow/rules/../scripts/cenplot_hor_stv_plot.yaml     -o results/11-plot_hor_stv/plots/chr_complete_chr7     --options '{"hor": {"color_map_file": "/mnt/storage3b/projects/no_ngsd/ahthapp1_T2T_ONT/analysis_other/cenmap_single/T2T18/config/stv_annot_colors.tsv"}}' --omit_if_any_empty --ref_ax_idx 1 || true ;} 2> logs/11-plot_hor_stv/plot_chr7_hor_stv_complete.log
    touch results/11-plot_hor_stv/plots/chr_complete_chr7.png results/11-plot_hor_stv/plots/chr_complete_chr7.pdf

Select jobs to execute...
[Thu Jan  8 18:54:33 2026]
Finished jobid: 216 (Rule: plot_hor_stv_by_chr)
275 of 325 steps (85%) done
Execute 1 jobs...

[Thu Jan  8 18:54:33 2026]
localrule plot_hor_stv_by_chr:
    input: results/11-plot_hor_stv/bed/chr_cdr_chrY.bed, results/11-plot_hor_stv/bed/chr_stv_all_chrY.bed, results/11-plot_hor_stv/bed/chr_sat_annot_chrY.bed
    output: results/11-plot_hor_stv/plots/chr_all_chrY.png, results/11-plot_hor_stv/plots/chr_all_chrY.pdf
    log: logs/11-plot_hor_stv/plot_chrY_hor_stv_all.log
    jobid: 251
    reason: Input files updated by another job: results/11-plot_hor_stv/bed/chr_sat_annot_chrY.bed, results/11-plot_hor_stv/bed/chr_cdr_chrY.bed, results/11-plot_hor_stv/bed/chr_stv_all_chrY.bed
    wildcards: typ=all, chr=chrY
    resources: mem_mb=8000, mem_mib=7630, disk_mb=1000, disk_mib=954, tmpdir=/tmp, mem=8GB
Shell command: 
    { python /home/ukt.ad.local/ahgrosc1/.cache/snakemake/snakemake/source-cache/runtime-cache/tmpvv5_ue2g/file/mnt/storage3b/projects/no_ngsd/ahthapp1_T2T_ONT/analysis_other/cenmap_single/T2T18/workflow/rules/../scripts/plot_multiple_cen.py     -i '{"cdr": "results/11-plot_hor_stv/bed/chr_cdr_chrY.bed", "stv": "results/11-plot_hor_stv/bed/chr_stv_all_chrY.bed", "rm": "results/11-plot_hor_stv/bed/chr_sat_annot_chrY.bed"}'     -t /home/ukt.ad.local/ahgrosc1/.cache/snakemake/snakemake/source-cache/runtime-cache/tmpvv5_ue2g/file/mnt/storage3b/projects/no_ngsd/ahthapp1_T2T_ONT/analysis_other/cenmap_single/T2T18/workflow/rules/../scripts/cenplot_hor_stv_plot.yaml     -o results/11-plot_hor_stv/plots/chr_all_chrY     --options '{"hor": {"color_map_file": "/mnt/storage3b/projects/no_ngsd/ahthapp1_T2T_ONT/analysis_other/cenmap_single/T2T18/config/stv_annot_colors.tsv"}}'  --ref_ax_idx 1 || true ;} 2> logs/11-plot_hor_stv/plot_chrY_hor_stv_all.log
    touch results/11-plot_hor_stv/plots/chr_all_chrY.png results/11-plot_hor_stv/plots/chr_all_chrY.pdf

Select jobs to execute...
[Thu Jan  8 18:54:33 2026]
Finished jobid: 198 (Rule: plot_hor_stv_by_chr)
276 of 325 steps (85%) done
Execute 1 jobs...

[Thu Jan  8 18:54:33 2026]
localrule plot_ideogram:
    input: results/final/bed/T2T18_complete_correct_cens.bed, results/2-concat_asm/T2T18-asm-comb-dedup.fa.fai
    output: results/13-plot_ideogram/T2T18_ideogram.pdf
    log: logs/13-plot_ideogram/plot_T2T18_ideogram.log
    jobid: 304
    reason: Missing output files: results/13-plot_ideogram/T2T18_ideogram.pdf; Input files updated by another job: results/final/bed/T2T18_complete_correct_cens.bed
    wildcards: sm=T2T18
    resources: mem_mb=8000, mem_mib=7630, disk_mb=1000, disk_mib=954, tmpdir=/tmp, mem=8GB
Shell command: 
        python /home/ukt.ad.local/ahgrosc1/.cache/snakemake/snakemake/source-cache/runtime-cache/tmpvv5_ue2g/file/mnt/storage3b/projects/no_ngsd/ahthapp1_T2T_ONT/analysis_other/cenmap_single/T2T18/workflow/rules/../scripts/plot_ideogram.py         -i results/final/bed/T2T18_complete_correct_cens.bed         -g results/2-concat_asm/T2T18-asm-comb-dedup.fa.fai         -o results/13-plot_ideogram/T2T18_ideogram.pdf         -t T2T18         -ht 15         -w 5         --legend_prop 0.1         --use_renamed_reoriented 2> logs/13-plot_ideogram/plot_T2T18_ideogram.log
        
Select jobs to execute...
[Thu Jan  8 18:54:36 2026]
Finished jobid: 251 (Rule: plot_hor_stv_by_chr)
277 of 325 steps (85%) done
Execute 1 jobs...

[Thu Jan  8 18:54:36 2026]
localrule plot_hor_stv_by_chr:
    input: results/11-plot_hor_stv/bed/chr_cdr_chrY.bed, results/11-plot_hor_stv/bed/chr_stv_complete_chrY.bed, results/11-plot_hor_stv/bed/chr_sat_annot_chrY.bed
    output: results/11-plot_hor_stv/plots/chr_complete_chrY.png, results/11-plot_hor_stv/plots/chr_complete_chrY.pdf
    log: logs/11-plot_hor_stv/plot_chrY_hor_stv_complete.log
    jobid: 249
    reason: Input files updated by another job: results/11-plot_hor_stv/bed/chr_sat_annot_chrY.bed, results/11-plot_hor_stv/bed/chr_cdr_chrY.bed, results/11-plot_hor_stv/bed/chr_stv_complete_chrY.bed
    wildcards: typ=complete, chr=chrY
    resources: mem_mb=8000, mem_mib=7630, disk_mb=1000, disk_mib=954, tmpdir=/tmp, mem=8GB
Shell command: 
    { python /home/ukt.ad.local/ahgrosc1/.cache/snakemake/snakemake/source-cache/runtime-cache/tmpvv5_ue2g/file/mnt/storage3b/projects/no_ngsd/ahthapp1_T2T_ONT/analysis_other/cenmap_single/T2T18/workflow/rules/../scripts/plot_multiple_cen.py     -i '{"cdr": "results/11-plot_hor_stv/bed/chr_cdr_chrY.bed", "stv": "results/11-plot_hor_stv/bed/chr_stv_complete_chrY.bed", "rm": "results/11-plot_hor_stv/bed/chr_sat_annot_chrY.bed"}'     -t /home/ukt.ad.local/ahgrosc1/.cache/snakemake/snakemake/source-cache/runtime-cache/tmpvv5_ue2g/file/mnt/storage3b/projects/no_ngsd/ahthapp1_T2T_ONT/analysis_other/cenmap_single/T2T18/workflow/rules/../scripts/cenplot_hor_stv_plot.yaml     -o results/11-plot_hor_stv/plots/chr_complete_chrY     --options '{"hor": {"color_map_file": "/mnt/storage3b/projects/no_ngsd/ahthapp1_T2T_ONT/analysis_other/cenmap_single/T2T18/config/stv_annot_colors.tsv"}}' --omit_if_any_empty --ref_ax_idx 1 || true ;} 2> logs/11-plot_hor_stv/plot_chrY_hor_stv_complete.log
    touch results/11-plot_hor_stv/plots/chr_complete_chrY.png results/11-plot_hor_stv/plots/chr_complete_chrY.pdf

Select jobs to execute...
[Thu Jan  8 18:54:36 2026]
Finished jobid: 304 (Rule: plot_ideogram)
278 of 325 steps (86%) done
Execute 1 jobs...

[Thu Jan  8 18:54:36 2026]
localrule plot_hor_stv_by_chr:
    input: results/11-plot_hor_stv/bed/chr_cdr_chr18.bed, results/11-plot_hor_stv/bed/chr_stv_complete_chr18.bed, results/11-plot_hor_stv/bed/chr_sat_annot_chr18.bed
    output: results/11-plot_hor_stv/plots/chr_complete_chr18.png, results/11-plot_hor_stv/plots/chr_complete_chr18.pdf
    log: logs/11-plot_hor_stv/plot_chr18_hor_stv_complete.log
    jobid: 231
    reason: Input files updated by another job: results/11-plot_hor_stv/bed/chr_stv_complete_chr18.bed, results/11-plot_hor_stv/bed/chr_cdr_chr18.bed, results/11-plot_hor_stv/bed/chr_sat_annot_chr18.bed
    wildcards: typ=complete, chr=chr18
    resources: mem_mb=8000, mem_mib=7630, disk_mb=1000, disk_mib=954, tmpdir=/tmp, mem=8GB
Shell command: 
    { python /home/ukt.ad.local/ahgrosc1/.cache/snakemake/snakemake/source-cache/runtime-cache/tmpvv5_ue2g/file/mnt/storage3b/projects/no_ngsd/ahthapp1_T2T_ONT/analysis_other/cenmap_single/T2T18/workflow/rules/../scripts/plot_multiple_cen.py     -i '{"cdr": "results/11-plot_hor_stv/bed/chr_cdr_chr18.bed", "stv": "results/11-plot_hor_stv/bed/chr_stv_complete_chr18.bed", "rm": "results/11-plot_hor_stv/bed/chr_sat_annot_chr18.bed"}'     -t /home/ukt.ad.local/ahgrosc1/.cache/snakemake/snakemake/source-cache/runtime-cache/tmpvv5_ue2g/file/mnt/storage3b/projects/no_ngsd/ahthapp1_T2T_ONT/analysis_other/cenmap_single/T2T18/workflow/rules/../scripts/cenplot_hor_stv_plot.yaml     -o results/11-plot_hor_stv/plots/chr_complete_chr18     --options '{"hor": {"color_map_file": "/mnt/storage3b/projects/no_ngsd/ahthapp1_T2T_ONT/analysis_other/cenmap_single/T2T18/config/stv_annot_colors.tsv"}}' --omit_if_any_empty --ref_ax_idx 1 || true ;} 2> logs/11-plot_hor_stv/plot_chr18_hor_stv_complete.log
    touch results/11-plot_hor_stv/plots/chr_complete_chr18.png results/11-plot_hor_stv/plots/chr_complete_chr18.pdf

Select jobs to execute...
[Thu Jan  8 18:54:37 2026]
Finished jobid: 249 (Rule: plot_hor_stv_by_chr)
279 of 325 steps (86%) done
Execute 1 jobs...

[Thu Jan  8 18:54:37 2026]
localrule calculate_as_hor_length:
    input: results/10-format_hor_stv/bed/chr18/stv_complete.bed
    output: results/11-calculate_hor_length/bed/chr18_AS-HOR_strand.bed, results/11-calculate_hor_length/bed/chr18_AS-HOR_lengths.bed
    log: logs/11-calculate_hor_length/calculate_chr18_as_hor_length.log
    jobid: 294
    reason: Input files updated by another job: results/10-format_hor_stv/bed/chr18/stv_complete.bed
    wildcards: chr=chr18
    resources: mem_mb=8000, mem_mib=7630, disk_mb=1000, disk_mib=954, tmpdir=/tmp, mem=8GB
Shell command: 
        { censtats length -i results/10-format_hor_stv/bed/chr18/stv_complete.bed -s results/11-calculate_hor_length/bed/chr18_AS-HOR_strand.bed  || true ;} > results/11-calculate_hor_length/bed/chr18_AS-HOR_lengths.bed 2> logs/11-calculate_hor_length/calculate_chr18_as_hor_length.log
        touch results/11-calculate_hor_length/bed/chr18_AS-HOR_strand.bed results/11-calculate_hor_length/bed/chr18_AS-HOR_lengths.bed
        
Select jobs to execute...
[Thu Jan  8 18:54:38 2026]
Finished jobid: 294 (Rule: calculate_as_hor_length)
280 of 325 steps (86%) done
Execute 1 jobs...

[Thu Jan  8 18:54:38 2026]
localrule calculate_as_hor_length:
    input: results/10-format_hor_stv/bed/chrY/stv_complete.bed
    output: results/11-calculate_hor_length/bed/chrY_AS-HOR_strand.bed, results/11-calculate_hor_length/bed/chrY_AS-HOR_lengths.bed
    log: logs/11-calculate_hor_length/calculate_chrY_as_hor_length.log
    jobid: 300
    reason: Input files updated by another job: results/10-format_hor_stv/bed/chrY/stv_complete.bed
    wildcards: chr=chrY
    resources: mem_mb=8000, mem_mib=7630, disk_mb=1000, disk_mib=954, tmpdir=/tmp, mem=8GB
Shell command: 
        { censtats length -i results/10-format_hor_stv/bed/chrY/stv_complete.bed -s results/11-calculate_hor_length/bed/chrY_AS-HOR_strand.bed  || true ;} > results/11-calculate_hor_length/bed/chrY_AS-HOR_lengths.bed 2> logs/11-calculate_hor_length/calculate_chrY_as_hor_length.log
        touch results/11-calculate_hor_length/bed/chrY_AS-HOR_strand.bed results/11-calculate_hor_length/bed/chrY_AS-HOR_lengths.bed
        
[Thu Jan  8 18:54:38 2026]
Finished jobid: 231 (Rule: plot_hor_stv_by_chr)
281 of 325 steps (86%) done
Select jobs to execute...
Execute 1 jobs...

[Thu Jan  8 18:54:38 2026]
localrule calculate_as_hor_length:
    input: results/10-format_hor_stv/bed/chr7/stv_complete.bed
    output: results/11-calculate_hor_length/bed/chr7_AS-HOR_strand.bed, results/11-calculate_hor_length/bed/chr7_AS-HOR_lengths.bed
    log: logs/11-calculate_hor_length/calculate_chr7_as_hor_length.log
    jobid: 283
    reason: Input files updated by another job: results/10-format_hor_stv/bed/chr7/stv_complete.bed
    wildcards: chr=chr7
    resources: mem_mb=8000, mem_mib=7630, disk_mb=1000, disk_mib=954, tmpdir=/tmp, mem=8GB
Shell command: 
        { censtats length -i results/10-format_hor_stv/bed/chr7/stv_complete.bed -s results/11-calculate_hor_length/bed/chr7_AS-HOR_strand.bed  || true ;} > results/11-calculate_hor_length/bed/chr7_AS-HOR_lengths.bed 2> logs/11-calculate_hor_length/calculate_chr7_as_hor_length.log
        touch results/11-calculate_hor_length/bed/chr7_AS-HOR_strand.bed results/11-calculate_hor_length/bed/chr7_AS-HOR_lengths.bed
        
[Thu Jan  8 18:54:39 2026]
Finished jobid: 283 (Rule: calculate_as_hor_length)
282 of 325 steps (87%) done
[Thu Jan  8 18:54:39 2026]
Finished jobid: 300 (Rule: calculate_as_hor_length)
283 of 325 steps (87%) done
Select jobs to execute...
Execute 1 jobs...

[Thu Jan  8 18:54:39 2026]
localrule aggregate_as_hor_length:
    input: results/11-calculate_hor_length/bed/chr1_AS-HOR_lengths.bed, results/11-calculate_hor_length/bed/chr2_AS-HOR_lengths.bed, results/11-calculate_hor_length/bed/chr3_AS-HOR_lengths.bed, results/11-calculate_hor_length/bed/chr4_AS-HOR_lengths.bed, results/11-calculate_hor_length/bed/chr5_AS-HOR_lengths.bed, results/11-calculate_hor_length/bed/chr6_AS-HOR_lengths.bed, results/11-calculate_hor_length/bed/chr7_AS-HOR_lengths.bed, results/11-calculate_hor_length/bed/chr8_AS-HOR_lengths.bed, results/11-calculate_hor_length/bed/chr9_AS-HOR_lengths.bed, results/11-calculate_hor_length/bed/chr10_AS-HOR_lengths.bed, results/11-calculate_hor_length/bed/chr11_AS-HOR_lengths.bed, results/11-calculate_hor_length/bed/chr12_AS-HOR_lengths.bed, results/11-calculate_hor_length/bed/chr13_AS-HOR_lengths.bed, results/11-calculate_hor_length/bed/chr14_AS-HOR_lengths.bed, results/11-calculate_hor_length/bed/chr15_AS-HOR_lengths.bed, results/11-calculate_hor_length/bed/chr16_AS-HOR_lengths.bed, results/11-calculate_hor_length/bed/chr17_AS-HOR_lengths.bed, results/11-calculate_hor_length/bed/chr18_AS-HOR_lengths.bed, results/11-calculate_hor_length/bed/chr19_AS-HOR_lengths.bed, results/11-calculate_hor_length/bed/chr20_AS-HOR_lengths.bed, results/11-calculate_hor_length/bed/chr21_AS-HOR_lengths.bed, results/11-calculate_hor_length/bed/chr22_AS-HOR_lengths.bed, results/11-calculate_hor_length/bed/chrX_AS-HOR_lengths.bed, results/11-calculate_hor_length/bed/chrY_AS-HOR_lengths.bed
    output: results/final/bed/all_AS-HOR_lengths.bed
    jobid: 276
    reason: Input files updated by another job: results/11-calculate_hor_length/bed/chr21_AS-HOR_lengths.bed, results/11-calculate_hor_length/bed/chr19_AS-HOR_lengths.bed, results/11-calculate_hor_length/bed/chr2_AS-HOR_lengths.bed, results/11-calculate_hor_length/bed/chr11_AS-HOR_lengths.bed, results/11-calculate_hor_length/bed/chr6_AS-HOR_lengths.bed, results/11-calculate_hor_length/bed/chr14_AS-HOR_lengths.bed, results/11-calculate_hor_length/bed/chr8_AS-HOR_lengths.bed, results/11-calculate_hor_length/bed/chrX_AS-HOR_lengths.bed, results/11-calculate_hor_length/bed/chr16_AS-HOR_lengths.bed, results/11-calculate_hor_length/bed/chr5_AS-HOR_lengths.bed, results/11-calculate_hor_length/bed/chr9_AS-HOR_lengths.bed, results/11-calculate_hor_length/bed/chr13_AS-HOR_lengths.bed, results/11-calculate_hor_length/bed/chr15_AS-HOR_lengths.bed, results/11-calculate_hor_length/bed/chr7_AS-HOR_lengths.bed, results/11-calculate_hor_length/bed/chr17_AS-HOR_lengths.bed, results/11-calculate_hor_length/bed/chrY_AS-HOR_lengths.bed, results/11-calculate_hor_length/bed/chr4_AS-HOR_lengths.bed, results/11-calculate_hor_length/bed/chr1_AS-HOR_lengths.bed, results/11-calculate_hor_length/bed/chr18_AS-HOR_lengths.bed, results/11-calculate_hor_length/bed/chr22_AS-HOR_lengths.bed, results/11-calculate_hor_length/bed/chr12_AS-HOR_lengths.bed, results/11-calculate_hor_length/bed/chr20_AS-HOR_lengths.bed, results/11-calculate_hor_length/bed/chr10_AS-HOR_lengths.bed, results/11-calculate_hor_length/bed/chr3_AS-HOR_lengths.bed
    resources: mem_mb=8000, mem_mib=7630, disk_mb=1000, disk_mib=954, tmpdir=/tmp, mem=8GB
Shell command: 
        cat results/11-calculate_hor_length/bed/chr1_AS-HOR_lengths.bed results/11-calculate_hor_length/bed/chr2_AS-HOR_lengths.bed results/11-calculate_hor_length/bed/chr3_AS-HOR_lengths.bed results/11-calculate_hor_length/bed/chr4_AS-HOR_lengths.bed results/11-calculate_hor_length/bed/chr5_AS-HOR_lengths.bed results/11-calculate_hor_length/bed/chr6_AS-HOR_lengths.bed results/11-calculate_hor_length/bed/chr7_AS-HOR_lengths.bed results/11-calculate_hor_length/bed/chr8_AS-HOR_lengths.bed results/11-calculate_hor_length/bed/chr9_AS-HOR_lengths.bed results/11-calculate_hor_length/bed/chr10_AS-HOR_lengths.bed results/11-calculate_hor_length/bed/chr11_AS-HOR_lengths.bed results/11-calculate_hor_length/bed/chr12_AS-HOR_lengths.bed results/11-calculate_hor_length/bed/chr13_AS-HOR_lengths.bed results/11-calculate_hor_length/bed/chr14_AS-HOR_lengths.bed results/11-calculate_hor_length/bed/chr15_AS-HOR_lengths.bed results/11-calculate_hor_length/bed/chr16_AS-HOR_lengths.bed results/11-calculate_hor_length/bed/chr17_AS-HOR_lengths.bed results/11-calculate_hor_length/bed/chr18_AS-HOR_lengths.bed results/11-calculate_hor_length/bed/chr19_AS-HOR_lengths.bed results/11-calculate_hor_length/bed/chr20_AS-HOR_lengths.bed results/11-calculate_hor_length/bed/chr21_AS-HOR_lengths.bed results/11-calculate_hor_length/bed/chr22_AS-HOR_lengths.bed results/11-calculate_hor_length/bed/chrX_AS-HOR_lengths.bed results/11-calculate_hor_length/bed/chrY_AS-HOR_lengths.bed > results/final/bed/all_AS-HOR_lengths.bed
        
[Thu Jan  8 18:54:39 2026]
Finished jobid: 276 (Rule: aggregate_as_hor_length)
284 of 325 steps (87%) done
Select jobs to execute...
Execute 2 jobs...

[Thu Jan  8 18:54:39 2026]
localrule plot_as_hor_length:
    input: results/final/bed/all_AS-HOR_lengths.bed
    output: results/11-calculate_hor_length/plots/all_AS-HOR_lengths.png
    log: logs/11-calculate_hor_length/plot_all_as_hor_length.log
    jobid: 301
    reason: Input files updated by another job: results/final/bed/all_AS-HOR_lengths.bed
    resources: mem_mb=8000, mem_mib=7630, disk_mb=1000, disk_mib=954, tmpdir=/tmp, mem=8GB
Shell command: 
        if [ -s results/final/bed/all_AS-HOR_lengths.bed ]; then
            python /home/ukt.ad.local/ahgrosc1/.cache/snakemake/snakemake/source-cache/runtime-cache/tmpvv5_ue2g/file/mnt/storage3b/projects/no_ngsd/ahthapp1_T2T_ONT/analysis_other/cenmap_single/T2T18/workflow/rules/../scripts/plot_hor_length.py             -i results/final/bed/all_AS-HOR_lengths.bed             -o results/11-calculate_hor_length/plots/all_AS-HOR_lengths.png              -c chr1 chr2 chr3 chr4 chr5 chr6 chr7 chr8 chr9 chr10 chr11 chr12 chr13 chr14 chr15 chr16 chr17 chr18 chr19 chr20 chr21 chr22 chrX chrY             --chrom_colors config/chrom_colors.tsv 2> logs/11-calculate_hor_length/plot_all_as_hor_length.log
        else
            touch results/11-calculate_hor_length/plots/all_AS-HOR_lengths.png
        fi
        

[Thu Jan  8 18:54:39 2026]
localrule count_complete_cens:
    input: results/final/bed/all_AS-HOR_lengths.bed
    output: results/12-count_complete_cens/complete_cen_counts.tsv
    log: logs/12-count_complete_cens/count_complete_cens.log
    jobid: 302
    reason: Missing output files: results/12-count_complete_cens/complete_cen_counts.tsv; Input files updated by another job: results/final/bed/all_AS-HOR_lengths.bed
    resources: mem_mb=8000, mem_mib=7630, disk_mb=1000, disk_mib=954, tmpdir=/tmp, mem=8GB
Shell command: 
        { python /home/ukt.ad.local/ahgrosc1/.cache/snakemake/snakemake/source-cache/runtime-cache/tmpvv5_ue2g/file/mnt/storage3b/projects/no_ngsd/ahthapp1_T2T_ONT/analysis_other/cenmap_single/T2T18/workflow/rules/../scripts/count_complete_cens.py -i results/final/bed/all_AS-HOR_lengths.bed -c chr1 chr2 chr3 chr4 chr5 chr6 chr7 chr8 chr9 chr10 chr11 chr12 chr13 chr14 chr15 chr16 chr17 chr18 chr19 chr20 chr21 chr22 chrX chrY || true ;} > results/12-count_complete_cens/complete_cen_counts.tsv 2> logs/12-count_complete_cens/count_complete_cens.log
        
[Thu Jan  8 18:54:40 2026]
Finished jobid: 302 (Rule: count_complete_cens)
285 of 325 steps (88%) done
Select jobs to execute...
Execute 1 jobs...

[Thu Jan  8 18:54:40 2026]
localrule plot_complete_cen_counts:
    input: results/12-count_complete_cens/complete_cen_counts.tsv
    output: results/12-count_complete_cens/complete_cen_counts.png
    log: logs/12-count_complete_cens/plot_complete_cen_counts.log
    jobid: 303
    reason: Missing output files: results/12-count_complete_cens/complete_cen_counts.png; Input files updated by another job: results/12-count_complete_cens/complete_cen_counts.tsv
    resources: mem_mb=8000, mem_mib=7630, disk_mb=1000, disk_mib=954, tmpdir=/tmp, mem=8GB
Shell command: 
        if [ -s results/12-count_complete_cens/complete_cen_counts.tsv ]; then
            python /home/ukt.ad.local/ahgrosc1/.cache/snakemake/snakemake/source-cache/runtime-cache/tmpvv5_ue2g/file/mnt/storage3b/projects/no_ngsd/ahthapp1_T2T_ONT/analysis_other/cenmap_single/T2T18/workflow/rules/../scripts/plot_complete_cen_counts.py -i results/12-count_complete_cens/complete_cen_counts.tsv -o results/12-count_complete_cens/complete_cen_counts.png 2> logs/12-count_complete_cens/plot_complete_cen_counts.log
        else
            touch results/12-count_complete_cens/complete_cen_counts.png
        fi
        
[Thu Jan  8 18:54:42 2026]
Finished jobid: 303 (Rule: plot_complete_cen_counts)
286 of 325 steps (88%) done
[Thu Jan  8 18:54:44 2026]
Finished jobid: 301 (Rule: plot_as_hor_length)
287 of 325 steps (88%) done
[Thu Jan  8 18:57:18 2026]
Finished jobid: 968 (Rule: plot_cen_moddotplot)
288 of 325 steps (89%) done
[Thu Jan  8 19:01:37 2026]
Finished jobid: 960 (Rule: plot_cen_moddotplot)
289 of 325 steps (89%) done
[Thu Jan  8 19:03:12 2026]
Finished jobid: 890 (Rule: plot_cen_moddotplot)
290 of 325 steps (89%) done
[Thu Jan  8 19:09:59 2026]
Finished jobid: 1021 (Rule: plot_cen_moddotplot)
291 of 325 steps (90%) done
Select jobs to execute...
Execute 1 jobs...

[Thu Jan  8 19:09:59 2026]
localrule moddotplot_chr:
    input: results/11-moddotplot/original/chr16/T2T18_rc-chr16_haplotype2-0000055:32042187-39973151/T2T18_rc-chr16_haplotype2-0000055:32042187-39973151.bed, results/11-moddotplot/original/chr16/T2T18_chr16_haplotype1-0000015:32324601-39475582/T2T18_chr16_haplotype1-0000015:32324601-39475582.bed, results/11-moddotplot/combined/plots/chr16/T2T18_rc-chr16_haplotype2-0000055:32042187-39973151.pdf, results/11-moddotplot/combined/plots/chr16/T2T18_chr16_haplotype1-0000015:32324601-39475582.pdf, results/11-moddotplot/combined/plots/chr16/T2T18_rc-chr16_haplotype2-0000055:32042187-39973151.png, results/11-moddotplot/combined/plots/chr16/T2T18_chr16_haplotype1-0000015:32324601-39475582.png
    output: results/11-moddotplot/moddotplot_chr16.done
    jobid: 267
    reason: Input files updated by another job: results/11-moddotplot/combined/plots/chr16/T2T18_rc-chr16_haplotype2-0000055:32042187-39973151.png, results/11-moddotplot/combined/plots/chr16/T2T18_chr16_haplotype1-0000015:32324601-39475582.pdf, results/11-moddotplot/combined/plots/chr16/T2T18_rc-chr16_haplotype2-0000055:32042187-39973151.pdf, results/11-moddotplot/combined/plots/chr16/T2T18_chr16_haplotype1-0000015:32324601-39475582.png
    wildcards: chr=chr16
    resources: mem_mb=8000, mem_mib=7630, disk_mb=1000, disk_mib=954, tmpdir=/tmp, mem=8GB
Shell command: None
Touching output file results/11-moddotplot/moddotplot_chr16.done.
[Thu Jan  8 19:10:00 2026]
Finished jobid: 267 (Rule: moddotplot_chr)
292 of 325 steps (90%) done
[Thu Jan  8 19:16:10 2026]
Finished jobid: 1045 (Rule: plot_cen_moddotplot)
293 of 325 steps (90%) done
Select jobs to execute...
Execute 1 jobs...

[Thu Jan  8 19:16:10 2026]
localrule moddotplot_chr:
    input: results/11-moddotplot/original/chr19/T2T18_chr19_haplotype1-0000004:23562757-30502428/T2T18_chr19_haplotype1-0000004:23562757-30502428.bed, results/11-moddotplot/original/chr19/T2T18_chr19_haplotype2-0000043:23575679-31033340/T2T18_chr19_haplotype2-0000043:23575679-31033340.bed, results/11-moddotplot/combined/plots/chr19/T2T18_chr19_haplotype1-0000004:23562757-30502428.pdf, results/11-moddotplot/combined/plots/chr19/T2T18_chr19_haplotype2-0000043:23575679-31033340.pdf, results/11-moddotplot/combined/plots/chr19/T2T18_chr19_haplotype1-0000004:23562757-30502428.png, results/11-moddotplot/combined/plots/chr19/T2T18_chr19_haplotype2-0000043:23575679-31033340.png
    output: results/11-moddotplot/moddotplot_chr19.done
    jobid: 270
    reason: Input files updated by another job: results/11-moddotplot/combined/plots/chr19/T2T18_chr19_haplotype1-0000004:23562757-30502428.pdf, results/11-moddotplot/combined/plots/chr19/T2T18_chr19_haplotype1-0000004:23562757-30502428.png, results/11-moddotplot/combined/plots/chr19/T2T18_chr19_haplotype2-0000043:23575679-31033340.pdf, results/11-moddotplot/combined/plots/chr19/T2T18_chr19_haplotype2-0000043:23575679-31033340.png
    wildcards: chr=chr19
    resources: mem_mb=8000, mem_mib=7630, disk_mb=1000, disk_mib=954, tmpdir=/tmp, mem=8GB
Shell command: None
Touching output file results/11-moddotplot/moddotplot_chr19.done.
[Thu Jan  8 19:16:10 2026]
Finished jobid: 270 (Rule: moddotplot_chr)
294 of 325 steps (90%) done
[Thu Jan  8 19:20:05 2026]
Finished jobid: 989 (Rule: plot_cen_moddotplot)
295 of 325 steps (91%) done
[Thu Jan  8 19:22:05 2026]
Finished jobid: 893 (Rule: plot_cen_moddotplot)
296 of 325 steps (91%) done
[Thu Jan  8 19:24:55 2026]
Finished jobid: 887 (Rule: plot_cen_moddotplot)
297 of 325 steps (91%) done
Select jobs to execute...
Execute 1 jobs...

[Thu Jan  8 19:24:55 2026]
localrule moddotplot_chr:
    input: results/11-moddotplot/original/chr2/T2T18_rc-chr2_haplotype1-0000021:91170748-95735618/T2T18_rc-chr2_haplotype1-0000021:91170748-95735618.bed, results/11-moddotplot/original/chr2/T2T18_rc-chr2_haplotype1-0000021:131306781-133346987/T2T18_rc-chr2_haplotype1-0000021:131306781-133346987.bed, results/11-moddotplot/original/chr2/T2T18_rc-chr2_haplotype2-0000058:91442843-95823885/T2T18_rc-chr2_haplotype2-0000058:91442843-95823885.bed, results/11-moddotplot/original/chr2/T2T18_rc-chr2_haplotype2-0000058:131396045-133435377/T2T18_rc-chr2_haplotype2-0000058:131396045-133435377.bed, results/11-moddotplot/combined/plots/chr2/T2T18_rc-chr2_haplotype1-0000021:91170748-95735618.pdf, results/11-moddotplot/combined/plots/chr2/T2T18_rc-chr2_haplotype1-0000021:131306781-133346987.pdf, results/11-moddotplot/combined/plots/chr2/T2T18_rc-chr2_haplotype2-0000058:91442843-95823885.pdf, results/11-moddotplot/combined/plots/chr2/T2T18_rc-chr2_haplotype2-0000058:131396045-133435377.pdf, results/11-moddotplot/combined/plots/chr2/T2T18_rc-chr2_haplotype1-0000021:91170748-95735618.png, results/11-moddotplot/combined/plots/chr2/T2T18_rc-chr2_haplotype1-0000021:131306781-133346987.png, results/11-moddotplot/combined/plots/chr2/T2T18_rc-chr2_haplotype2-0000058:91442843-95823885.png, results/11-moddotplot/combined/plots/chr2/T2T18_rc-chr2_haplotype2-0000058:131396045-133435377.png
    output: results/11-moddotplot/moddotplot_chr2.done
    jobid: 253
    reason: Input files updated by another job: results/11-moddotplot/combined/plots/chr2/T2T18_rc-chr2_haplotype1-0000021:91170748-95735618.png, results/11-moddotplot/combined/plots/chr2/T2T18_rc-chr2_haplotype2-0000058:131396045-133435377.pdf, results/11-moddotplot/combined/plots/chr2/T2T18_rc-chr2_haplotype1-0000021:131306781-133346987.png, results/11-moddotplot/combined/plots/chr2/T2T18_rc-chr2_haplotype2-0000058:131396045-133435377.png, results/11-moddotplot/combined/plots/chr2/T2T18_rc-chr2_haplotype1-0000021:131306781-133346987.pdf, results/11-moddotplot/combined/plots/chr2/T2T18_rc-chr2_haplotype2-0000058:91442843-95823885.pdf, results/11-moddotplot/combined/plots/chr2/T2T18_rc-chr2_haplotype2-0000058:91442843-95823885.png, results/11-moddotplot/combined/plots/chr2/T2T18_rc-chr2_haplotype1-0000021:91170748-95735618.pdf
    wildcards: chr=chr2
    resources: mem_mb=8000, mem_mib=7630, disk_mb=1000, disk_mib=954, tmpdir=/tmp, mem=8GB
Shell command: None
Touching output file results/11-moddotplot/moddotplot_chr2.done.
[Thu Jan  8 19:24:56 2026]
Finished jobid: 253 (Rule: moddotplot_chr)
298 of 325 steps (92%) done
[Thu Jan  8 19:25:26 2026]
Finished jobid: 1084 (Rule: plot_cen_moddotplot)
299 of 325 steps (92%) done
Select jobs to execute...
Execute 1 jobs...

[Thu Jan  8 19:25:26 2026]
localrule moddotplot_chr:
    input: results/11-moddotplot/original/chrX/T2T18_chrX_haplotype2-0000059:56691259-63363821/T2T18_chrX_haplotype2-0000059:56691259-63363821.bed, results/11-moddotplot/combined/plots/chrX/T2T18_chrX_haplotype2-0000059:56691259-63363821.pdf, results/11-moddotplot/combined/plots/chrX/T2T18_chrX_haplotype2-0000059:56691259-63363821.png
    output: results/11-moddotplot/moddotplot_chrX.done
    jobid: 274
    reason: Input files updated by another job: results/11-moddotplot/combined/plots/chrX/T2T18_chrX_haplotype2-0000059:56691259-63363821.png, results/11-moddotplot/combined/plots/chrX/T2T18_chrX_haplotype2-0000059:56691259-63363821.pdf
    wildcards: chr=chrX
    resources: mem_mb=8000, mem_mib=7630, disk_mb=1000, disk_mib=954, tmpdir=/tmp, mem=8GB
Shell command: None
Touching output file results/11-moddotplot/moddotplot_chrX.done.
[Thu Jan  8 19:25:26 2026]
Finished jobid: 274 (Rule: moddotplot_chr)
300 of 325 steps (92%) done
[Thu Jan  8 19:27:39 2026]
Finished jobid: 992 (Rule: plot_cen_moddotplot)
301 of 325 steps (93%) done
Select jobs to execute...
Execute 1 jobs...

[Thu Jan  8 19:27:39 2026]
localrule moddotplot_chr:
    input: results/11-moddotplot/original/chr13/T2T18_chr13_haplotype1-0000010:2-5004742/T2T18_chr13_haplotype1-0000010:2-5004742.bed, results/11-moddotplot/original/chr13/T2T18_chr13_haplotype2-0000049:324136-7404791/T2T18_chr13_haplotype2-0000049:324136-7404791.bed, results/11-moddotplot/combined/plots/chr13/T2T18_chr13_haplotype1-0000010:2-5004742.pdf, results/11-moddotplot/combined/plots/chr13/T2T18_chr13_haplotype2-0000049:324136-7404791.pdf, results/11-moddotplot/combined/plots/chr13/T2T18_chr13_haplotype1-0000010:2-5004742.png, results/11-moddotplot/combined/plots/chr13/T2T18_chr13_haplotype2-0000049:324136-7404791.png
    output: results/11-moddotplot/moddotplot_chr13.done
    jobid: 264
    reason: Input files updated by another job: results/11-moddotplot/combined/plots/chr13/T2T18_chr13_haplotype2-0000049:324136-7404791.pdf, results/11-moddotplot/combined/plots/chr13/T2T18_chr13_haplotype1-0000010:2-5004742.png, results/11-moddotplot/combined/plots/chr13/T2T18_chr13_haplotype1-0000010:2-5004742.pdf, results/11-moddotplot/combined/plots/chr13/T2T18_chr13_haplotype2-0000049:324136-7404791.png
    wildcards: chr=chr13
    resources: mem_mb=8000, mem_mib=7630, disk_mb=1000, disk_mib=954, tmpdir=/tmp, mem=8GB
Shell command: None
Touching output file results/11-moddotplot/moddotplot_chr13.done.
[Thu Jan  8 19:27:39 2026]
Finished jobid: 264 (Rule: moddotplot_chr)
302 of 325 steps (93%) done
[Thu Jan  8 19:28:47 2026]
Finished jobid: 965 (Rule: plot_cen_moddotplot)
303 of 325 steps (93%) done
Select jobs to execute...
Execute 1 jobs...

[Thu Jan  8 19:28:47 2026]
localrule moddotplot_chr:
    input: results/11-moddotplot/original/chr10/T2T18_chr10_haplotype1-0000013:38093743-43171063/T2T18_chr10_haplotype1-0000013:38093743-43171063.bed, results/11-moddotplot/original/chr10/T2T18_chr10_haplotype2-0000052:38155424-43049367/T2T18_chr10_haplotype2-0000052:38155424-43049367.bed, results/11-moddotplot/combined/plots/chr10/T2T18_chr10_haplotype1-0000013:38093743-43171063.pdf, results/11-moddotplot/combined/plots/chr10/T2T18_chr10_haplotype2-0000052:38155424-43049367.pdf, results/11-moddotplot/combined/plots/chr10/T2T18_chr10_haplotype1-0000013:38093743-43171063.png, results/11-moddotplot/combined/plots/chr10/T2T18_chr10_haplotype2-0000052:38155424-43049367.png
    output: results/11-moddotplot/moddotplot_chr10.done
    jobid: 261
    reason: Input files updated by another job: results/11-moddotplot/combined/plots/chr10/T2T18_chr10_haplotype2-0000052:38155424-43049367.png, results/11-moddotplot/combined/plots/chr10/T2T18_chr10_haplotype1-0000013:38093743-43171063.pdf, results/11-moddotplot/combined/plots/chr10/T2T18_chr10_haplotype1-0000013:38093743-43171063.png, results/11-moddotplot/combined/plots/chr10/T2T18_chr10_haplotype2-0000052:38155424-43049367.pdf
    wildcards: chr=chr10
    resources: mem_mb=8000, mem_mib=7630, disk_mb=1000, disk_mib=954, tmpdir=/tmp, mem=8GB
Shell command: None
Touching output file results/11-moddotplot/moddotplot_chr10.done.
[Thu Jan  8 19:28:47 2026]
Finished jobid: 261 (Rule: moddotplot_chr)
304 of 325 steps (94%) done
[Thu Jan  8 19:31:05 2026]
Finished jobid: 880 (Rule: plot_cen_moddotplot)
305 of 325 steps (94%) done
Select jobs to execute...
Execute 1 jobs...

[Thu Jan  8 19:31:05 2026]
localrule moddotplot_chr:
    input: results/11-moddotplot/original/chr1/T2T18_rc-chr14-chr22-chr15-chr21-chr1_haplotype1-0000001:236777-2338748/T2T18_rc-chr14-chr22-chr15-chr21-chr1_haplotype1-0000001:236777-2338748.bed, results/11-moddotplot/original/chr1/T2T18_rc-chr1_haplotype1-0000022:120572286-130079532/T2T18_rc-chr1_haplotype1-0000022:120572286-130079532.bed, results/11-moddotplot/original/chr1/T2T18_rc-chr1_haplotype2-0000060:121046318-128420714/T2T18_rc-chr1_haplotype2-0000060:121046318-128420714.bed, results/11-moddotplot/combined/plots/chr1/T2T18_rc-chr14-chr22-chr15-chr21-chr1_haplotype1-0000001:236777-2338748.pdf, results/11-moddotplot/combined/plots/chr1/T2T18_rc-chr1_haplotype1-0000022:120572286-130079532.pdf, results/11-moddotplot/combined/plots/chr1/T2T18_rc-chr1_haplotype2-0000060:121046318-128420714.pdf, results/11-moddotplot/combined/plots/chr1/T2T18_rc-chr14-chr22-chr15-chr21-chr1_haplotype1-0000001:236777-2338748.png, results/11-moddotplot/combined/plots/chr1/T2T18_rc-chr1_haplotype1-0000022:120572286-130079532.png, results/11-moddotplot/combined/plots/chr1/T2T18_rc-chr1_haplotype2-0000060:121046318-128420714.png
    output: results/11-moddotplot/moddotplot_chr1.done
    jobid: 252
    reason: Input files updated by another job: results/11-moddotplot/combined/plots/chr1/T2T18_rc-chr1_haplotype1-0000022:120572286-130079532.pdf, results/11-moddotplot/combined/plots/chr1/T2T18_rc-chr1_haplotype2-0000060:121046318-128420714.pdf, results/11-moddotplot/combined/plots/chr1/T2T18_rc-chr14-chr22-chr15-chr21-chr1_haplotype1-0000001:236777-2338748.png, results/11-moddotplot/combined/plots/chr1/T2T18_rc-chr1_haplotype2-0000060:121046318-128420714.png, results/11-moddotplot/combined/plots/chr1/T2T18_rc-chr1_haplotype1-0000022:120572286-130079532.png, results/11-moddotplot/combined/plots/chr1/T2T18_rc-chr14-chr22-chr15-chr21-chr1_haplotype1-0000001:236777-2338748.pdf, results/11-moddotplot/original/chr1/T2T18_rc-chr14-chr22-chr15-chr21-chr1_haplotype1-0000001:236777-2338748/T2T18_rc-chr14-chr22-chr15-chr21-chr1_haplotype1-0000001:236777-2338748.bed
    wildcards: chr=chr1
    resources: mem_mb=8000, mem_mib=7630, disk_mb=1000, disk_mib=954, tmpdir=/tmp, mem=8GB
Shell command: None
Touching output file results/11-moddotplot/moddotplot_chr1.done.
[Thu Jan  8 19:31:05 2026]
Finished jobid: 252 (Rule: moddotplot_chr)
306 of 325 steps (94%) done
[Thu Jan  8 19:33:38 2026]
Finished jobid: 1080 (Rule: plot_cen_moddotplot)
307 of 325 steps (94%) done
[Thu Jan  8 19:35:09 2026]
Finished jobid: 1053 (Rule: plot_cen_moddotplot)
308 of 325 steps (95%) done
Select jobs to execute...
Execute 1 jobs...

[Thu Jan  8 19:35:09 2026]
localrule moddotplot_chr:
    input: results/11-moddotplot/original/chr20/T2T18_chr20_haplotype1-0000020:25335212-33443453/T2T18_chr20_haplotype1-0000020:25335212-33443453.bed, results/11-moddotplot/original/chr20/T2T18_chr20_haplotype2-0000063:25340269-34779686/T2T18_chr20_haplotype2-0000063:25340269-34779686.bed, results/11-moddotplot/combined/plots/chr20/T2T18_chr20_haplotype1-0000020:25335212-33443453.pdf, results/11-moddotplot/combined/plots/chr20/T2T18_chr20_haplotype2-0000063:25340269-34779686.pdf, results/11-moddotplot/combined/plots/chr20/T2T18_chr20_haplotype1-0000020:25335212-33443453.png, results/11-moddotplot/combined/plots/chr20/T2T18_chr20_haplotype2-0000063:25340269-34779686.png
    output: results/11-moddotplot/moddotplot_chr20.done
    jobid: 271
    reason: Input files updated by another job: results/11-moddotplot/combined/plots/chr20/T2T18_chr20_haplotype1-0000020:25335212-33443453.png, results/11-moddotplot/combined/plots/chr20/T2T18_chr20_haplotype2-0000063:25340269-34779686.png, results/11-moddotplot/combined/plots/chr20/T2T18_chr20_haplotype1-0000020:25335212-33443453.pdf, results/11-moddotplot/combined/plots/chr20/T2T18_chr20_haplotype2-0000063:25340269-34779686.pdf
    wildcards: chr=chr20
    resources: mem_mb=8000, mem_mib=7630, disk_mb=1000, disk_mib=954, tmpdir=/tmp, mem=8GB
Shell command: None
Touching output file results/11-moddotplot/moddotplot_chr20.done.
[Thu Jan  8 19:35:09 2026]
Finished jobid: 271 (Rule: moddotplot_chr)
309 of 325 steps (95%) done
[Thu Jan  8 19:35:27 2026]
Finished jobid: 933 (Rule: plot_cen_moddotplot)
310 of 325 steps (95%) done
Select jobs to execute...
Execute 1 jobs...

[Thu Jan  8 19:35:27 2026]
localrule moddotplot_chr:
    input: results/11-moddotplot/original/chr7/T2T18_rc-chr7_haplotype1-0000005:57184703-65589918/T2T18_rc-chr7_haplotype1-0000005:57184703-65589918.bed, results/11-moddotplot/original/chr7/T2T18_rc-chr7_haplotype2-0000044:57057119-64823739/T2T18_rc-chr7_haplotype2-0000044:57057119-64823739.bed, results/11-moddotplot/combined/plots/chr7/T2T18_rc-chr7_haplotype1-0000005:57184703-65589918.pdf, results/11-moddotplot/combined/plots/chr7/T2T18_rc-chr7_haplotype2-0000044:57057119-64823739.pdf, results/11-moddotplot/combined/plots/chr7/T2T18_rc-chr7_haplotype1-0000005:57184703-65589918.png, results/11-moddotplot/combined/plots/chr7/T2T18_rc-chr7_haplotype2-0000044:57057119-64823739.png
    output: results/11-moddotplot/moddotplot_chr7.done
    jobid: 258
    reason: Input files updated by another job: results/11-moddotplot/combined/plots/chr7/T2T18_rc-chr7_haplotype2-0000044:57057119-64823739.png, results/11-moddotplot/combined/plots/chr7/T2T18_rc-chr7_haplotype1-0000005:57184703-65589918.png, results/11-moddotplot/combined/plots/chr7/T2T18_rc-chr7_haplotype2-0000044:57057119-64823739.pdf, results/11-moddotplot/combined/plots/chr7/T2T18_rc-chr7_haplotype1-0000005:57184703-65589918.pdf
    wildcards: chr=chr7
    resources: mem_mb=8000, mem_mib=7630, disk_mb=1000, disk_mib=954, tmpdir=/tmp, mem=8GB
Shell command: None
Touching output file results/11-moddotplot/moddotplot_chr7.done.
[Thu Jan  8 19:35:27 2026]
Finished jobid: 258 (Rule: moddotplot_chr)
311 of 325 steps (96%) done
[Thu Jan  8 19:43:28 2026]
Finished jobid: 957 (Rule: plot_cen_moddotplot)
312 of 325 steps (96%) done
Select jobs to execute...
Execute 1 jobs...

[Thu Jan  8 19:43:28 2026]
localrule moddotplot_chr:
    input: results/11-moddotplot/original/chr9/T2T18_rc-chr9_haplotype1-0000011:41651274-48603566/T2T18_rc-chr9_haplotype1-0000011:41651274-48603566.bed, results/11-moddotplot/original/chr9/T2T18_rc-chr9_haplotype1-0000011:59893523-64560365/T2T18_rc-chr9_haplotype1-0000011:59893523-64560365.bed, results/11-moddotplot/original/chr9/T2T18_rc-chr9_haplotype2-0000050:39538379-48465662/T2T18_rc-chr9_haplotype2-0000050:39538379-48465662.bed, results/11-moddotplot/original/chr9/T2T18_rc-chr9_haplotype2-0000050:62908296-66322214/T2T18_rc-chr9_haplotype2-0000050:62908296-66322214.bed, results/11-moddotplot/combined/plots/chr9/T2T18_rc-chr9_haplotype1-0000011:41651274-48603566.pdf, results/11-moddotplot/combined/plots/chr9/T2T18_rc-chr9_haplotype1-0000011:59893523-64560365.pdf, results/11-moddotplot/combined/plots/chr9/T2T18_rc-chr9_haplotype2-0000050:39538379-48465662.pdf, results/11-moddotplot/combined/plots/chr9/T2T18_rc-chr9_haplotype2-0000050:62908296-66322214.pdf, results/11-moddotplot/combined/plots/chr9/T2T18_rc-chr9_haplotype1-0000011:41651274-48603566.png, results/11-moddotplot/combined/plots/chr9/T2T18_rc-chr9_haplotype1-0000011:59893523-64560365.png, results/11-moddotplot/combined/plots/chr9/T2T18_rc-chr9_haplotype2-0000050:39538379-48465662.png, results/11-moddotplot/combined/plots/chr9/T2T18_rc-chr9_haplotype2-0000050:62908296-66322214.png
    output: results/11-moddotplot/moddotplot_chr9.done
    jobid: 260
    reason: Input files updated by another job: results/11-moddotplot/combined/plots/chr9/T2T18_rc-chr9_haplotype2-0000050:39538379-48465662.png, results/11-moddotplot/combined/plots/chr9/T2T18_rc-chr9_haplotype2-0000050:62908296-66322214.png, results/11-moddotplot/combined/plots/chr9/T2T18_rc-chr9_haplotype1-0000011:41651274-48603566.pdf, results/11-moddotplot/combined/plots/chr9/T2T18_rc-chr9_haplotype2-0000050:62908296-66322214.pdf, results/11-moddotplot/combined/plots/chr9/T2T18_rc-chr9_haplotype1-0000011:59893523-64560365.png, results/11-moddotplot/combined/plots/chr9/T2T18_rc-chr9_haplotype1-0000011:41651274-48603566.png, results/11-moddotplot/combined/plots/chr9/T2T18_rc-chr9_haplotype2-0000050:39538379-48465662.pdf, results/11-moddotplot/combined/plots/chr9/T2T18_rc-chr9_haplotype1-0000011:59893523-64560365.pdf
    wildcards: chr=chr9
    resources: mem_mb=8000, mem_mib=7630, disk_mb=1000, disk_mib=954, tmpdir=/tmp, mem=8GB
Shell command: None
Touching output file results/11-moddotplot/moddotplot_chr9.done.
[Thu Jan  8 19:43:28 2026]
Finished jobid: 260 (Rule: moddotplot_chr)
313 of 325 steps (96%) done
[Thu Jan  8 19:43:28 2026]
Finished jobid: 925 (Rule: plot_cen_moddotplot)
314 of 325 steps (97%) done
Select jobs to execute...
Execute 1 jobs...

[Thu Jan  8 19:43:28 2026]
localrule moddotplot_chr:
    input: results/11-moddotplot/original/chr6/T2T18_rc-chr6_haplotype1-0000009:57407496-65427129/T2T18_rc-chr6_haplotype1-0000009:57407496-65427129.bed, results/11-moddotplot/original/chr6/T2T18_rc-chr6_haplotype2-0000048:57374120-63505761/T2T18_rc-chr6_haplotype2-0000048:57374120-63505761.bed, results/11-moddotplot/combined/plots/chr6/T2T18_rc-chr6_haplotype1-0000009:57407496-65427129.pdf, results/11-moddotplot/combined/plots/chr6/T2T18_rc-chr6_haplotype2-0000048:57374120-63505761.pdf, results/11-moddotplot/combined/plots/chr6/T2T18_rc-chr6_haplotype1-0000009:57407496-65427129.png, results/11-moddotplot/combined/plots/chr6/T2T18_rc-chr6_haplotype2-0000048:57374120-63505761.png
    output: results/11-moddotplot/moddotplot_chr6.done
    jobid: 257
    reason: Input files updated by another job: results/11-moddotplot/combined/plots/chr6/T2T18_rc-chr6_haplotype2-0000048:57374120-63505761.png, results/11-moddotplot/combined/plots/chr6/T2T18_rc-chr6_haplotype1-0000009:57407496-65427129.png, results/11-moddotplot/combined/plots/chr6/T2T18_rc-chr6_haplotype2-0000048:57374120-63505761.pdf, results/11-moddotplot/combined/plots/chr6/T2T18_rc-chr6_haplotype1-0000009:57407496-65427129.pdf
    wildcards: chr=chr6
    resources: mem_mb=8000, mem_mib=7630, disk_mb=1000, disk_mib=954, tmpdir=/tmp, mem=8GB
Shell command: None
Touching output file results/11-moddotplot/moddotplot_chr6.done.
[Thu Jan  8 19:43:28 2026]
Finished jobid: 257 (Rule: moddotplot_chr)
315 of 325 steps (97%) done
[Thu Jan  8 19:45:23 2026]
Finished jobid: 976 (Rule: plot_cen_moddotplot)
316 of 325 steps (97%) done
Select jobs to execute...
Execute 1 jobs...

[Thu Jan  8 19:45:23 2026]
localrule moddotplot_chr:
    input: results/11-moddotplot/original/chr11/T2T18_rc-chr11_haplotype1-0000002:47790941-55351886/T2T18_rc-chr11_haplotype1-0000002:47790941-55351886.bed, results/11-moddotplot/original/chr11/T2T18_rc-chr11_haplotype2-0000041:47767471-56558996/T2T18_rc-chr11_haplotype2-0000041:47767471-56558996.bed, results/11-moddotplot/combined/plots/chr11/T2T18_rc-chr11_haplotype1-0000002:47790941-55351886.pdf, results/11-moddotplot/combined/plots/chr11/T2T18_rc-chr11_haplotype2-0000041:47767471-56558996.pdf, results/11-moddotplot/combined/plots/chr11/T2T18_rc-chr11_haplotype1-0000002:47790941-55351886.png, results/11-moddotplot/combined/plots/chr11/T2T18_rc-chr11_haplotype2-0000041:47767471-56558996.png
    output: results/11-moddotplot/moddotplot_chr11.done
    jobid: 262
    reason: Input files updated by another job: results/11-moddotplot/combined/plots/chr11/T2T18_rc-chr11_haplotype2-0000041:47767471-56558996.png, results/11-moddotplot/combined/plots/chr11/T2T18_rc-chr11_haplotype2-0000041:47767471-56558996.pdf, results/11-moddotplot/combined/plots/chr11/T2T18_rc-chr11_haplotype1-0000002:47790941-55351886.pdf, results/11-moddotplot/combined/plots/chr11/T2T18_rc-chr11_haplotype1-0000002:47790941-55351886.png
    wildcards: chr=chr11
    resources: mem_mb=8000, mem_mib=7630, disk_mb=1000, disk_mib=954, tmpdir=/tmp, mem=8GB
Shell command: None
Touching output file results/11-moddotplot/moddotplot_chr11.done.
[Thu Jan  8 19:45:23 2026]
Finished jobid: 262 (Rule: moddotplot_chr)
317 of 325 steps (98%) done
[Thu Jan  8 19:46:38 2026]
Finished jobid: 1037 (Rule: plot_cen_moddotplot)
318 of 325 steps (98%) done
[Thu Jan  8 19:47:10 2026]
Finished jobid: 901 (Rule: plot_cen_moddotplot)
319 of 325 steps (98%) done
Select jobs to execute...
Execute 1 jobs...

[Thu Jan  8 19:47:10 2026]
localrule moddotplot_chr:
    input: results/11-moddotplot/original/chr3/T2T18_rc-chr3_haplotype1-0000016:89354245-99993629/T2T18_rc-chr3_haplotype1-0000016:89354245-99993629.bed, results/11-moddotplot/original/chr3/T2T18_rc-chr3_haplotype2-0000056:89477805-97085941/T2T18_rc-chr3_haplotype2-0000056:89477805-97085941.bed, results/11-moddotplot/combined/plots/chr3/T2T18_rc-chr3_haplotype1-0000016:89354245-99993629.pdf, results/11-moddotplot/combined/plots/chr3/T2T18_rc-chr3_haplotype2-0000056:89477805-97085941.pdf, results/11-moddotplot/combined/plots/chr3/T2T18_rc-chr3_haplotype1-0000016:89354245-99993629.png, results/11-moddotplot/combined/plots/chr3/T2T18_rc-chr3_haplotype2-0000056:89477805-97085941.png
    output: results/11-moddotplot/moddotplot_chr3.done
    jobid: 254
    reason: Input files updated by another job: results/11-moddotplot/combined/plots/chr3/T2T18_rc-chr3_haplotype1-0000016:89354245-99993629.pdf, results/11-moddotplot/combined/plots/chr3/T2T18_rc-chr3_haplotype2-0000056:89477805-97085941.png, results/11-moddotplot/combined/plots/chr3/T2T18_rc-chr3_haplotype1-0000016:89354245-99993629.png, results/11-moddotplot/combined/plots/chr3/T2T18_rc-chr3_haplotype2-0000056:89477805-97085941.pdf
    wildcards: chr=chr3
    resources: mem_mb=8000, mem_mib=7630, disk_mb=1000, disk_mib=954, tmpdir=/tmp, mem=8GB
Shell command: None
Touching output file results/11-moddotplot/moddotplot_chr3.done.
[Thu Jan  8 19:47:10 2026]
Finished jobid: 254 (Rule: moddotplot_chr)
320 of 325 steps (98%) done
[Thu Jan  8 19:53:30 2026]
Finished jobid: 1040 (Rule: plot_cen_moddotplot)
321 of 325 steps (99%) done
Select jobs to execute...
Execute 1 jobs...

[Thu Jan  8 19:53:30 2026]
localrule moddotplot_chr:
    input: results/11-moddotplot/original/chr18/T2T18_rc-chr18_haplotype1-0000014:14393263-22484728/T2T18_rc-chr18_haplotype1-0000014:14393263-22484728.bed, results/11-moddotplot/original/chr18/T2T18_rc-chr18_haplotype2-0000054:14392306-22188052/T2T18_rc-chr18_haplotype2-0000054:14392306-22188052.bed, results/11-moddotplot/combined/plots/chr18/T2T18_rc-chr18_haplotype1-0000014:14393263-22484728.pdf, results/11-moddotplot/combined/plots/chr18/T2T18_rc-chr18_haplotype2-0000054:14392306-22188052.pdf, results/11-moddotplot/combined/plots/chr18/T2T18_rc-chr18_haplotype1-0000014:14393263-22484728.png, results/11-moddotplot/combined/plots/chr18/T2T18_rc-chr18_haplotype2-0000054:14392306-22188052.png
    output: results/11-moddotplot/moddotplot_chr18.done
    jobid: 269
    reason: Input files updated by another job: results/11-moddotplot/combined/plots/chr18/T2T18_rc-chr18_haplotype1-0000014:14393263-22484728.png, results/11-moddotplot/combined/plots/chr18/T2T18_rc-chr18_haplotype2-0000054:14392306-22188052.pdf, results/11-moddotplot/combined/plots/chr18/T2T18_rc-chr18_haplotype1-0000014:14393263-22484728.pdf, results/11-moddotplot/combined/plots/chr18/T2T18_rc-chr18_haplotype2-0000054:14392306-22188052.png
    wildcards: chr=chr18
    resources: mem_mb=8000, mem_mib=7630, disk_mb=1000, disk_mib=954, tmpdir=/tmp, mem=8GB
Shell command: None
Touching output file results/11-moddotplot/moddotplot_chr18.done.
[Thu Jan  8 19:53:30 2026]
Finished jobid: 269 (Rule: moddotplot_chr)
322 of 325 steps (99%) done
[Thu Jan  8 19:54:01 2026]
Finished jobid: 1077 (Rule: plot_cen_moddotplot)
323 of 325 steps (99%) done
Select jobs to execute...
Execute 1 jobs...

[Thu Jan  8 19:54:01 2026]
localrule moddotplot_chr:
    input: results/11-moddotplot/original/chr22/T2T18_rc-chr14-chr22-chr15-chr21-chr1_haplotype1-0000001:236777-2338748/T2T18_rc-chr14-chr22-chr15-chr21-chr1_haplotype1-0000001:236777-2338748.bed, results/11-moddotplot/original/chr22/T2T18_rc-chr22_haplotype1-0000006:1587387-16558516/T2T18_rc-chr22_haplotype1-0000006:1587387-16558516.bed, results/11-moddotplot/original/chr22/T2T18_chr22_haplotype2-0000045:2-11064037/T2T18_chr22_haplotype2-0000045:2-11064037.bed, results/11-moddotplot/combined/plots/chr22/T2T18_rc-chr14-chr22-chr15-chr21-chr1_haplotype1-0000001:236777-2338748.pdf, results/11-moddotplot/combined/plots/chr22/T2T18_rc-chr22_haplotype1-0000006:1587387-16558516.pdf, results/11-moddotplot/combined/plots/chr22/T2T18_chr22_haplotype2-0000045:2-11064037.pdf, results/11-moddotplot/combined/plots/chr22/T2T18_rc-chr14-chr22-chr15-chr21-chr1_haplotype1-0000001:236777-2338748.png, results/11-moddotplot/combined/plots/chr22/T2T18_rc-chr22_haplotype1-0000006:1587387-16558516.png, results/11-moddotplot/combined/plots/chr22/T2T18_chr22_haplotype2-0000045:2-11064037.png
    output: results/11-moddotplot/moddotplot_chr22.done
    jobid: 273
    reason: Input files updated by another job: results/11-moddotplot/combined/plots/chr22/T2T18_rc-chr14-chr22-chr15-chr21-chr1_haplotype1-0000001:236777-2338748.png, results/11-moddotplot/combined/plots/chr22/T2T18_chr22_haplotype2-0000045:2-11064037.png, results/11-moddotplot/combined/plots/chr22/T2T18_chr22_haplotype2-0000045:2-11064037.pdf, results/11-moddotplot/combined/plots/chr22/T2T18_rc-chr14-chr22-chr15-chr21-chr1_haplotype1-0000001:236777-2338748.pdf, results/11-moddotplot/combined/plots/chr22/T2T18_rc-chr22_haplotype1-0000006:1587387-16558516.pdf, results/11-moddotplot/combined/plots/chr22/T2T18_rc-chr22_haplotype1-0000006:1587387-16558516.png, results/11-moddotplot/original/chr22/T2T18_rc-chr14-chr22-chr15-chr21-chr1_haplotype1-0000001:236777-2338748/T2T18_rc-chr14-chr22-chr15-chr21-chr1_haplotype1-0000001:236777-2338748.bed
    wildcards: chr=chr22
    resources: mem_mb=8000, mem_mib=7630, disk_mb=1000, disk_mib=954, tmpdir=/tmp, mem=8GB
Shell command: None
Touching output file results/11-moddotplot/moddotplot_chr22.done.
[Thu Jan  8 19:54:02 2026]
Finished jobid: 273 (Rule: moddotplot_chr)
324 of 325 steps (99.7%) done
Select jobs to execute...
Execute 1 jobs...

[Thu Jan  8 19:54:02 2026]
localrule all:
    input: results/3-srf/bed/T2T18.bed, results/6-repeatmasker/plots/chr_chr1_cens_og.pdf, results/6-repeatmasker/plots/chr_chr2_cens_og.pdf, results/6-repeatmasker/plots/chr_chr3_cens_og.pdf, results/6-repeatmasker/plots/chr_chr4_cens_og.pdf, results/6-repeatmasker/plots/chr_chr5_cens_og.pdf, results/6-repeatmasker/plots/chr_chr6_cens_og.pdf, results/6-repeatmasker/plots/chr_chr7_cens_og.pdf, results/6-repeatmasker/plots/chr_chr8_cens_og.pdf, results/6-repeatmasker/plots/chr_chr9_cens_og.pdf, results/6-repeatmasker/plots/chr_chr10_cens_og.pdf, results/6-repeatmasker/plots/chr_chr11_cens_og.pdf, results/6-repeatmasker/plots/chr_chr12_cens_og.pdf, results/6-repeatmasker/plots/chr_chr13_cens_og.pdf, results/6-repeatmasker/plots/chr_chr14_cens_og.pdf, results/6-repeatmasker/plots/chr_chr15_cens_og.pdf, results/6-repeatmasker/plots/chr_chr16_cens_og.pdf, results/6-repeatmasker/plots/chr_chr17_cens_og.pdf, results/6-repeatmasker/plots/chr_chr18_cens_og.pdf, results/6-repeatmasker/plots/chr_chr19_cens_og.pdf, results/6-repeatmasker/plots/chr_chr20_cens_og.pdf, results/6-repeatmasker/plots/chr_chr21_cens_og.pdf, results/6-repeatmasker/plots/chr_chr22_cens_og.pdf, results/6-repeatmasker/plots/chr_chrX_cens_og.pdf, results/6-repeatmasker/plots/chr_chrY_cens_og.pdf, results/6-repeatmasker/plots/chr_chr1_cens_og.png, results/6-repeatmasker/plots/chr_chr2_cens_og.png, results/6-repeatmasker/plots/chr_chr3_cens_og.png, results/6-repeatmasker/plots/chr_chr4_cens_og.png, results/6-repeatmasker/plots/chr_chr5_cens_og.png, results/6-repeatmasker/plots/chr_chr6_cens_og.png, results/6-repeatmasker/plots/chr_chr7_cens_og.png, results/6-repeatmasker/plots/chr_chr8_cens_og.png, results/6-repeatmasker/plots/chr_chr9_cens_og.png, results/6-repeatmasker/plots/chr_chr10_cens_og.png, results/6-repeatmasker/plots/chr_chr11_cens_og.png, results/6-repeatmasker/plots/chr_chr12_cens_og.png, results/6-repeatmasker/plots/chr_chr13_cens_og.png, results/6-repeatmasker/plots/chr_chr14_cens_og.png, results/6-repeatmasker/plots/chr_chr15_cens_og.png, results/6-repeatmasker/plots/chr_chr16_cens_og.png, results/6-repeatmasker/plots/chr_chr17_cens_og.png, results/6-repeatmasker/plots/chr_chr18_cens_og.png, results/6-repeatmasker/plots/chr_chr19_cens_og.png, results/6-repeatmasker/plots/chr_chr20_cens_og.png, results/6-repeatmasker/plots/chr_chr21_cens_og.png, results/6-repeatmasker/plots/chr_chr22_cens_og.png, results/6-repeatmasker/plots/chr_chrX_cens_og.png, results/6-repeatmasker/plots/chr_chrY_cens_og.png, results/7-fix_cens_w_repeatmasker/plots/chr_chr1_cens.pdf, results/7-fix_cens_w_repeatmasker/plots/chr_chr2_cens.pdf, results/7-fix_cens_w_repeatmasker/plots/chr_chr3_cens.pdf, results/7-fix_cens_w_repeatmasker/plots/chr_chr4_cens.pdf, results/7-fix_cens_w_repeatmasker/plots/chr_chr5_cens.pdf, results/7-fix_cens_w_repeatmasker/plots/chr_chr6_cens.pdf, results/7-fix_cens_w_repeatmasker/plots/chr_chr7_cens.pdf, results/7-fix_cens_w_repeatmasker/plots/chr_chr8_cens.pdf, results/7-fix_cens_w_repeatmasker/plots/chr_chr9_cens.pdf, results/7-fix_cens_w_repeatmasker/plots/chr_chr10_cens.pdf, results/7-fix_cens_w_repeatmasker/plots/chr_chr11_cens.pdf, results/7-fix_cens_w_repeatmasker/plots/chr_chr12_cens.pdf, results/7-fix_cens_w_repeatmasker/plots/chr_chr13_cens.pdf, results/7-fix_cens_w_repeatmasker/plots/chr_chr14_cens.pdf, results/7-fix_cens_w_repeatmasker/plots/chr_chr15_cens.pdf, results/7-fix_cens_w_repeatmasker/plots/chr_chr16_cens.pdf, results/7-fix_cens_w_repeatmasker/plots/chr_chr17_cens.pdf, results/7-fix_cens_w_repeatmasker/plots/chr_chr18_cens.pdf, results/7-fix_cens_w_repeatmasker/plots/chr_chr19_cens.pdf, results/7-fix_cens_w_repeatmasker/plots/chr_chr20_cens.pdf, results/7-fix_cens_w_repeatmasker/plots/chr_chr21_cens.pdf, results/7-fix_cens_w_repeatmasker/plots/chr_chr22_cens.pdf, results/7-fix_cens_w_repeatmasker/plots/chr_chrX_cens.pdf, results/7-fix_cens_w_repeatmasker/plots/chr_chrY_cens.pdf, results/7-fix_cens_w_repeatmasker/plots/chr_chr1_cens.png, results/7-fix_cens_w_repeatmasker/plots/chr_chr2_cens.png, results/7-fix_cens_w_repeatmasker/plots/chr_chr3_cens.png, results/7-fix_cens_w_repeatmasker/plots/chr_chr4_cens.png, results/7-fix_cens_w_repeatmasker/plots/chr_chr5_cens.png, results/7-fix_cens_w_repeatmasker/plots/chr_chr6_cens.png, results/7-fix_cens_w_repeatmasker/plots/chr_chr7_cens.png, results/7-fix_cens_w_repeatmasker/plots/chr_chr8_cens.png, results/7-fix_cens_w_repeatmasker/plots/chr_chr9_cens.png, results/7-fix_cens_w_repeatmasker/plots/chr_chr10_cens.png, results/7-fix_cens_w_repeatmasker/plots/chr_chr11_cens.png, results/7-fix_cens_w_repeatmasker/plots/chr_chr12_cens.png, results/7-fix_cens_w_repeatmasker/plots/chr_chr13_cens.png, results/7-fix_cens_w_repeatmasker/plots/chr_chr14_cens.png, results/7-fix_cens_w_repeatmasker/plots/chr_chr15_cens.png, results/7-fix_cens_w_repeatmasker/plots/chr_chr16_cens.png, results/7-fix_cens_w_repeatmasker/plots/chr_chr17_cens.png, results/7-fix_cens_w_repeatmasker/plots/chr_chr18_cens.png, results/7-fix_cens_w_repeatmasker/plots/chr_chr19_cens.png, results/7-fix_cens_w_repeatmasker/plots/chr_chr20_cens.png, results/7-fix_cens_w_repeatmasker/plots/chr_chr21_cens.png, results/7-fix_cens_w_repeatmasker/plots/chr_chr22_cens.png, results/7-fix_cens_w_repeatmasker/plots/chr_chrX_cens.png, results/7-fix_cens_w_repeatmasker/plots/chr_chrY_cens.png, results/final/bed/T2T18_complete_correct_cens.bed, results/final/seq/T2T18_cens.fa, results/final/seq/T2T18_cens.fa.fai, results/1-download_ref/T2T-CHM13.fa.gz, results/5-ident_cen_ctgs/bed/T2T18_rename_key.tsv, results/2-concat_asm/T2T18-asm-renamed-reort.fa, results/2-concat_asm/T2T18-asm-renamed-reort.fa.fai, results/8-humas_annot/humas_annot_T2T18.done, results/8-nucflag/T2T18, results/8-nucflag/T2T18_misassemblies.bed, results/8-nucflag/T2T18_status.bed, results/10-format_hor_stv/bed/chr1/stv_all.bed, results/10-format_hor_stv/bed/chr2/stv_all.bed, results/10-format_hor_stv/bed/chr3/stv_all.bed, results/10-format_hor_stv/bed/chr4/stv_all.bed, results/10-format_hor_stv/bed/chr5/stv_all.bed, results/10-format_hor_stv/bed/chr6/stv_all.bed, results/10-format_hor_stv/bed/chr7/stv_all.bed, results/10-format_hor_stv/bed/chr8/stv_all.bed, results/10-format_hor_stv/bed/chr9/stv_all.bed, results/10-format_hor_stv/bed/chr10/stv_all.bed, results/10-format_hor_stv/bed/chr11/stv_all.bed, results/10-format_hor_stv/bed/chr12/stv_all.bed, results/10-format_hor_stv/bed/chr13/stv_all.bed, results/10-format_hor_stv/bed/chr14/stv_all.bed, results/10-format_hor_stv/bed/chr15/stv_all.bed, results/10-format_hor_stv/bed/chr16/stv_all.bed, results/10-format_hor_stv/bed/chr17/stv_all.bed, results/10-format_hor_stv/bed/chr18/stv_all.bed, results/10-format_hor_stv/bed/chr19/stv_all.bed, results/10-format_hor_stv/bed/chr20/stv_all.bed, results/10-format_hor_stv/bed/chr21/stv_all.bed, results/10-format_hor_stv/bed/chr22/stv_all.bed, results/10-format_hor_stv/bed/chrX/stv_all.bed, results/10-format_hor_stv/bed/chrY/stv_all.bed, results/10-format_hor_stv/bed/chr1/stv_complete.bed, results/10-format_hor_stv/bed/chr2/stv_complete.bed, results/10-format_hor_stv/bed/chr3/stv_complete.bed, results/10-format_hor_stv/bed/chr4/stv_complete.bed, results/10-format_hor_stv/bed/chr5/stv_complete.bed, results/10-format_hor_stv/bed/chr6/stv_complete.bed, results/10-format_hor_stv/bed/chr7/stv_complete.bed, results/10-format_hor_stv/bed/chr8/stv_complete.bed, results/10-format_hor_stv/bed/chr9/stv_complete.bed, results/10-format_hor_stv/bed/chr10/stv_complete.bed, results/10-format_hor_stv/bed/chr11/stv_complete.bed, results/10-format_hor_stv/bed/chr12/stv_complete.bed, results/10-format_hor_stv/bed/chr13/stv_complete.bed, results/10-format_hor_stv/bed/chr14/stv_complete.bed, results/10-format_hor_stv/bed/chr15/stv_complete.bed, results/10-format_hor_stv/bed/chr16/stv_complete.bed, results/10-format_hor_stv/bed/chr17/stv_complete.bed, results/10-format_hor_stv/bed/chr18/stv_complete.bed, results/10-format_hor_stv/bed/chr19/stv_complete.bed, results/10-format_hor_stv/bed/chr20/stv_complete.bed, results/10-format_hor_stv/bed/chr21/stv_complete.bed, results/10-format_hor_stv/bed/chr22/stv_complete.bed, results/10-format_hor_stv/bed/chrX/stv_complete.bed, results/10-format_hor_stv/bed/chrY/stv_complete.bed, results/8-format_repeatmasker_sat_annot/bed/all_cens.annotation.bed, results/11-plot_hor_stv/plots/chr_complete_chr1.png, results/11-plot_hor_stv/plots/chr_all_chr1.png, results/11-plot_hor_stv/plots/chr_complete_chr2.png, results/11-plot_hor_stv/plots/chr_all_chr2.png, results/11-plot_hor_stv/plots/chr_complete_chr3.png, results/11-plot_hor_stv/plots/chr_all_chr3.png, results/11-plot_hor_stv/plots/chr_complete_chr4.png, results/11-plot_hor_stv/plots/chr_all_chr4.png, results/11-plot_hor_stv/plots/chr_complete_chr5.png, results/11-plot_hor_stv/plots/chr_all_chr5.png, results/11-plot_hor_stv/plots/chr_complete_chr6.png, results/11-plot_hor_stv/plots/chr_all_chr6.png, results/11-plot_hor_stv/plots/chr_complete_chr7.png, results/11-plot_hor_stv/plots/chr_all_chr7.png, results/11-plot_hor_stv/plots/chr_complete_chr8.png, results/11-plot_hor_stv/plots/chr_all_chr8.png, results/11-plot_hor_stv/plots/chr_complete_chr9.png, results/11-plot_hor_stv/plots/chr_all_chr9.png, results/11-plot_hor_stv/plots/chr_complete_chr10.png, results/11-plot_hor_stv/plots/chr_all_chr10.png, results/11-plot_hor_stv/plots/chr_complete_chr11.png, results/11-plot_hor_stv/plots/chr_all_chr11.png, results/11-plot_hor_stv/plots/chr_complete_chr12.png, results/11-plot_hor_stv/plots/chr_all_chr12.png, results/11-plot_hor_stv/plots/chr_complete_chr13.png, results/11-plot_hor_stv/plots/chr_all_chr13.png, results/11-plot_hor_stv/plots/chr_complete_chr14.png, results/11-plot_hor_stv/plots/chr_all_chr14.png, results/11-plot_hor_stv/plots/chr_complete_chr15.png, results/11-plot_hor_stv/plots/chr_all_chr15.png, results/11-plot_hor_stv/plots/chr_complete_chr16.png, results/11-plot_hor_stv/plots/chr_all_chr16.png, results/11-plot_hor_stv/plots/chr_complete_chr17.png, results/11-plot_hor_stv/plots/chr_all_chr17.png, results/11-plot_hor_stv/plots/chr_complete_chr18.png, results/11-plot_hor_stv/plots/chr_all_chr18.png, results/11-plot_hor_stv/plots/chr_complete_chr19.png, results/11-plot_hor_stv/plots/chr_all_chr19.png, results/11-plot_hor_stv/plots/chr_complete_chr20.png, results/11-plot_hor_stv/plots/chr_all_chr20.png, results/11-plot_hor_stv/plots/chr_complete_chr21.png, results/11-plot_hor_stv/plots/chr_all_chr21.png, results/11-plot_hor_stv/plots/chr_complete_chr22.png, results/11-plot_hor_stv/plots/chr_all_chr22.png, results/11-plot_hor_stv/plots/chr_complete_chrX.png, results/11-plot_hor_stv/plots/chr_all_chrX.png, results/11-plot_hor_stv/plots/chr_complete_chrY.png, results/11-plot_hor_stv/plots/chr_all_chrY.png, results/11-plot_hor_stv/plots/chr_complete_chr1.pdf, results/11-plot_hor_stv/plots/chr_all_chr1.pdf, results/11-plot_hor_stv/plots/chr_complete_chr2.pdf, results/11-plot_hor_stv/plots/chr_all_chr2.pdf, results/11-plot_hor_stv/plots/chr_complete_chr3.pdf, results/11-plot_hor_stv/plots/chr_all_chr3.pdf, results/11-plot_hor_stv/plots/chr_complete_chr4.pdf, results/11-plot_hor_stv/plots/chr_all_chr4.pdf, results/11-plot_hor_stv/plots/chr_complete_chr5.pdf, results/11-plot_hor_stv/plots/chr_all_chr5.pdf, results/11-plot_hor_stv/plots/chr_complete_chr6.pdf, results/11-plot_hor_stv/plots/chr_all_chr6.pdf, results/11-plot_hor_stv/plots/chr_complete_chr7.pdf, results/11-plot_hor_stv/plots/chr_all_chr7.pdf, results/11-plot_hor_stv/plots/chr_complete_chr8.pdf, results/11-plot_hor_stv/plots/chr_all_chr8.pdf, results/11-plot_hor_stv/plots/chr_complete_chr9.pdf, results/11-plot_hor_stv/plots/chr_all_chr9.pdf, results/11-plot_hor_stv/plots/chr_complete_chr10.pdf, results/11-plot_hor_stv/plots/chr_all_chr10.pdf, results/11-plot_hor_stv/plots/chr_complete_chr11.pdf, results/11-plot_hor_stv/plots/chr_all_chr11.pdf, results/11-plot_hor_stv/plots/chr_complete_chr12.pdf, results/11-plot_hor_stv/plots/chr_all_chr12.pdf, results/11-plot_hor_stv/plots/chr_complete_chr13.pdf, results/11-plot_hor_stv/plots/chr_all_chr13.pdf, results/11-plot_hor_stv/plots/chr_complete_chr14.pdf, results/11-plot_hor_stv/plots/chr_all_chr14.pdf, results/11-plot_hor_stv/plots/chr_complete_chr15.pdf, results/11-plot_hor_stv/plots/chr_all_chr15.pdf, results/11-plot_hor_stv/plots/chr_complete_chr16.pdf, results/11-plot_hor_stv/plots/chr_all_chr16.pdf, results/11-plot_hor_stv/plots/chr_complete_chr17.pdf, results/11-plot_hor_stv/plots/chr_all_chr17.pdf, results/11-plot_hor_stv/plots/chr_complete_chr18.pdf, results/11-plot_hor_stv/plots/chr_all_chr18.pdf, results/11-plot_hor_stv/plots/chr_complete_chr19.pdf, results/11-plot_hor_stv/plots/chr_all_chr19.pdf, results/11-plot_hor_stv/plots/chr_complete_chr20.pdf, results/11-plot_hor_stv/plots/chr_all_chr20.pdf, results/11-plot_hor_stv/plots/chr_complete_chr21.pdf, results/11-plot_hor_stv/plots/chr_all_chr21.pdf, results/11-plot_hor_stv/plots/chr_complete_chr22.pdf, results/11-plot_hor_stv/plots/chr_all_chr22.pdf, results/11-plot_hor_stv/plots/chr_complete_chrX.pdf, results/11-plot_hor_stv/plots/chr_all_chrX.pdf, results/11-plot_hor_stv/plots/chr_complete_chrY.pdf, results/11-plot_hor_stv/plots/chr_all_chrY.pdf, results/11-moddotplot/moddotplot_chr1.done, results/11-moddotplot/moddotplot_chr2.done, results/11-moddotplot/moddotplot_chr3.done, results/11-moddotplot/moddotplot_chr4.done, results/11-moddotplot/moddotplot_chr5.done, results/11-moddotplot/moddotplot_chr6.done, results/11-moddotplot/moddotplot_chr7.done, results/11-moddotplot/moddotplot_chr8.done, results/11-moddotplot/moddotplot_chr9.done, results/11-moddotplot/moddotplot_chr10.done, results/11-moddotplot/moddotplot_chr11.done, results/11-moddotplot/moddotplot_chr12.done, results/11-moddotplot/moddotplot_chr13.done, results/11-moddotplot/moddotplot_chr14.done, results/11-moddotplot/moddotplot_chr15.done, results/11-moddotplot/moddotplot_chr16.done, results/11-moddotplot/moddotplot_chr17.done, results/11-moddotplot/moddotplot_chr18.done, results/11-moddotplot/moddotplot_chr19.done, results/11-moddotplot/moddotplot_chr20.done, results/11-moddotplot/moddotplot_chr21.done, results/11-moddotplot/moddotplot_chr22.done, results/11-moddotplot/moddotplot_chrX.done, results/11-moddotplot/moddotplot_chrY.done, results/final/bed/all_AS-HOR_lengths.bed, results/11-calculate_hor_length/plots/all_AS-HOR_lengths.png, results/12-count_complete_cens/complete_cen_counts.tsv, results/12-count_complete_cens/complete_cen_counts.png, results/13-plot_ideogram/T2T18_ideogram.pdf, results/8-cdr_finder/plot/T2T18.done, results/8-cdr_finder/bed/all_cdrs.bed, results/8-cdr_finder/bed/all_binned_freq.bed
    jobid: 0
    reason: Input files updated by another job: results/11-plot_hor_stv/plots/chr_all_chr20.png, results/11-plot_hor_stv/plots/chr_all_chr17.png, results/11-plot_hor_stv/plots/chr_all_chr2.png, results/11-moddotplot/moddotplot_chr10.done, results/11-plot_hor_stv/plots/chr_all_chr21.png, results/11-plot_hor_stv/plots/chr_all_chr15.pdf, results/10-format_hor_stv/bed/chr16/stv_complete.bed, results/11-plot_hor_stv/plots/chr_all_chrY.png, results/11-plot_hor_stv/plots/chr_complete_chr22.pdf, results/10-format_hor_stv/bed/chr11/stv_complete.bed, results/11-moddotplot/moddotplot_chr14.done, results/11-plot_hor_stv/plots/chr_complete_chr7.png, results/11-plot_hor_stv/plots/chr_all_chr10.pdf, results/11-plot_hor_stv/plots/chr_all_chr12.png, results/11-plot_hor_stv/plots/chr_complete_chr10.pdf, results/11-moddotplot/moddotplot_chr8.done, results/11-plot_hor_stv/plots/chr_all_chr2.pdf, results/11-plot_hor_stv/plots/chr_complete_chr5.pdf, results/11-plot_hor_stv/plots/chr_all_chr1.pdf, results/10-format_hor_stv/bed/chr5/stv_complete.bed, results/11-plot_hor_stv/plots/chr_complete_chr13.png, results/11-plot_hor_stv/plots/chr_all_chr13.png, results/10-format_hor_stv/bed/chr4/stv_complete.bed, results/11-plot_hor_stv/plots/chr_complete_chr1.png, results/11-plot_hor_stv/plots/chr_complete_chr14.pdf, results/10-format_hor_stv/bed/chrX/stv_complete.bed, results/11-plot_hor_stv/plots/chr_all_chrY.pdf, results/10-format_hor_stv/bed/chr12/stv_complete.bed, results/8-cdr_finder/bed/all_binned_freq.bed, results/11-plot_hor_stv/plots/chr_complete_chr19.png, results/11-plot_hor_stv/plots/chr_complete_chr16.pdf, results/10-format_hor_stv/bed/chr6/stv_complete.bed, results/11-plot_hor_stv/plots/chr_complete_chr6.pdf, results/11-plot_hor_stv/plots/chr_complete_chr13.pdf, results/11-plot_hor_stv/plots/chr_complete_chr17.pdf, results/10-format_hor_stv/bed/chr14/stv_complete.bed, results/11-plot_hor_stv/plots/chr_all_chr14.png, results/11-plot_hor_stv/plots/chr_all_chr11.png, results/11-moddotplot/moddotplot_chr5.done, results/10-format_hor_stv/bed/chr3/stv_complete.bed, results/11-plot_hor_stv/plots/chr_complete_chrX.png, results/11-moddotplot/moddotplot_chr17.done, results/11-plot_hor_stv/plots/chr_complete_chr4.pdf, results/11-moddotplot/moddotplot_chr15.done, results/10-format_hor_stv/bed/chr9/stv_complete.bed, results/11-moddotplot/moddotplot_chr2.done, results/10-format_hor_stv/bed/chr22/stv_complete.bed, results/11-plot_hor_stv/plots/chr_all_chr8.pdf, results/10-format_hor_stv/bed/chr10/stv_complete.bed, results/11-plot_hor_stv/plots/chr_complete_chr8.png, results/11-plot_hor_stv/plots/chr_complete_chr18.png, results/10-format_hor_stv/bed/chr21/stv_complete.bed, results/11-plot_hor_stv/plots/chr_complete_chr2.png, results/11-plot_hor_stv/plots/chr_all_chr12.pdf, results/10-format_hor_stv/bed/chr17/stv_complete.bed, results/11-moddotplot/moddotplot_chr3.done, results/12-count_complete_cens/complete_cen_counts.tsv, results/11-plot_hor_stv/plots/chr_complete_chr16.png, results/11-plot_hor_stv/plots/chr_all_chr6.png, results/10-format_hor_stv/bed/chrY/stv_complete.bed, results/11-plot_hor_stv/plots/chr_complete_chr3.pdf, results/11-plot_hor_stv/plots/chr_complete_chr20.png, results/11-plot_hor_stv/plots/chr_all_chr10.png, results/11-moddotplot/moddotplot_chr16.done, results/10-format_hor_stv/bed/chr19/stv_complete.bed, results/11-moddotplot/moddotplot_chr12.done, results/11-plot_hor_stv/plots/chr_all_chr17.pdf, results/11-plot_hor_stv/plots/chr_all_chr13.pdf, results/11-plot_hor_stv/plots/chr_complete_chr9.pdf, results/11-plot_hor_stv/plots/chr_complete_chr22.png, results/11-plot_hor_stv/plots/chr_complete_chr10.png, results/11-plot_hor_stv/plots/chr_complete_chr7.pdf, results/11-plot_hor_stv/plots/chr_all_chr16.png, results/11-plot_hor_stv/plots/chr_all_chr5.png, results/11-plot_hor_stv/plots/chr_all_chr22.png, results/11-moddotplot/moddotplot_chrY.done, results/11-moddotplot/moddotplot_chr20.done, results/11-moddotplot/moddotplot_chr13.done, results/11-plot_hor_stv/plots/chr_complete_chr8.pdf, results/11-moddotplot/moddotplot_chr11.done, results/13-plot_ideogram/T2T18_ideogram.pdf, results/11-plot_hor_stv/plots/chr_all_chr4.pdf, results/11-plot_hor_stv/plots/chr_all_chr18.png, results/11-plot_hor_stv/plots/chr_all_chr4.png, results/11-plot_hor_stv/plots/chr_all_chr22.pdf, results/11-plot_hor_stv/plots/chr_all_chr5.pdf, results/11-plot_hor_stv/plots/chr_all_chr19.png, results/11-plot_hor_stv/plots/chr_all_chr1.png, results/11-plot_hor_stv/plots/chr_all_chrX.png, results/11-moddotplot/moddotplot_chr1.done, results/11-moddotplot/moddotplot_chr9.done, results/11-plot_hor_stv/plots/chr_complete_chr15.png, results/11-plot_hor_stv/plots/chr_complete_chr5.png, results/11-moddotplot/moddotplot_chr21.done, results/11-plot_hor_stv/plots/chr_all_chr6.pdf, results/11-plot_hor_stv/plots/chr_complete_chr9.png, results/11-plot_hor_stv/plots/chr_complete_chr21.pdf, results/11-plot_hor_stv/plots/chr_all_chr15.png, results/11-plot_hor_stv/plots/chr_all_chr16.pdf, results/11-plot_hor_stv/plots/chr_all_chr7.png, results/final/seq/T2T18_cens.fa, results/11-plot_hor_stv/plots/chr_complete_chr20.pdf, results/11-plot_hor_stv/plots/chr_all_chr14.pdf, results/11-moddotplot/moddotplot_chrX.done, results/10-format_hor_stv/bed/chr20/stv_complete.bed, results/11-plot_hor_stv/plots/chr_all_chr3.pdf, results/10-format_hor_stv/bed/chr15/stv_complete.bed, results/11-plot_hor_stv/plots/chr_all_chr7.pdf, results/final/bed/all_AS-HOR_lengths.bed, results/11-plot_hor_stv/plots/chr_complete_chr12.png, results/11-moddotplot/moddotplot_chr22.done, results/11-plot_hor_stv/plots/chr_complete_chr12.pdf, results/11-moddotplot/moddotplot_chr7.done, results/12-count_complete_cens/complete_cen_counts.png, results/11-plot_hor_stv/plots/chr_complete_chr17.png, results/11-plot_hor_stv/plots/chr_all_chr21.pdf, results/11-plot_hor_stv/plots/chr_complete_chr3.png, results/11-plot_hor_stv/plots/chr_complete_chr18.pdf, results/11-plot_hor_stv/plots/chr_complete_chr19.pdf, results/11-plot_hor_stv/plots/chr_all_chr20.pdf, results/11-plot_hor_stv/plots/chr_all_chr19.pdf, results/11-plot_hor_stv/plots/chr_complete_chr2.pdf, results/10-format_hor_stv/bed/chr8/stv_complete.bed, results/11-plot_hor_stv/plots/chr_complete_chr11.png, results/10-format_hor_stv/bed/chr1/stv_complete.bed, results/11-moddotplot/moddotplot_chr19.done, results/11-plot_hor_stv/plots/chr_complete_chr1.pdf, results/11-plot_hor_stv/plots/chr_all_chr3.png, results/11-plot_hor_stv/plots/chr_all_chr11.pdf, results/10-format_hor_stv/bed/chr13/stv_complete.bed, results/8-cdr_finder/bed/all_cdrs.bed, results/11-moddotplot/moddotplot_chr4.done, results/11-moddotplot/moddotplot_chr18.done, results/final/seq/T2T18_cens.fa.fai, results/11-calculate_hor_length/plots/all_AS-HOR_lengths.png, results/11-plot_hor_stv/plots/chr_complete_chrY.png, results/11-plot_hor_stv/plots/chr_complete_chrY.pdf, results/10-format_hor_stv/bed/chr2/stv_complete.bed, results/11-plot_hor_stv/plots/chr_complete_chr4.png, results/11-plot_hor_stv/plots/chr_all_chrX.pdf, results/11-plot_hor_stv/plots/chr_all_chr8.png, results/11-plot_hor_stv/plots/chr_complete_chr15.pdf, results/11-plot_hor_stv/plots/chr_all_chr9.png, results/11-plot_hor_stv/plots/chr_complete_chrX.pdf, results/10-format_hor_stv/bed/chr18/stv_complete.bed, results/11-moddotplot/moddotplot_chr6.done, results/final/bed/T2T18_complete_correct_cens.bed, results/11-plot_hor_stv/plots/chr_complete_chr21.png, results/11-plot_hor_stv/plots/chr_complete_chr11.pdf, results/11-plot_hor_stv/plots/chr_complete_chr6.png, results/10-format_hor_stv/bed/chr7/stv_complete.bed, results/11-plot_hor_stv/plots/chr_complete_chr14.png, results/11-plot_hor_stv/plots/chr_all_chr18.pdf, results/11-plot_hor_stv/plots/chr_all_chr9.pdf
    resources: mem_mb=8000, mem_mib=7630, disk_mb=14240, disk_mib=13581, tmpdir=/tmp, mem=8GB
Shell command: None
[Thu Jan  8 19:54:02 2026]
Finished jobid: 0 (Rule: all)
325 of 325 steps (100%) done
Complete log(s): /mnt/storage3b/projects/no_ngsd/ahthapp1_T2T_ONT/analysis_other/cenmap_single/T2T18/.snakemake/log/2026-01-08T152615.399681.snakemake.log
Cleaning up temp files.
Using workflow specific profile workflow/profiles/default for setting default command line arguments.
Using 1 out of 1 samples that have subdirs in data/ont for CDR-Finder.
Building DAG of jobs...
Updating checkpoint dependencies.
Finished!
