sample	method	haplotype	contig	length	pat_kmer	mat_kmer	pat_pat	pat_mat	mat_pat	mat_mat	total_kmers	pat_fraction	mat_fraction	pat_consistency	mat_consistency	predicted_origin	asm_switch_errors	asm_switch_denominator	asm_switch_error_rate	asm_hamming_errors	asm_hamming_denominator	asm_hamming_error_rate	asm_total_pat_kmer	asm_total_mat_kmer	asm_total_error_rate
T2T00	verkko_porec	haplotype1	haplotype1-0000001	245398328	131368	3368	129101	2266	2267	1101	134736	0.9750029687685549	0.024997031231445196	0.9827431337920954	0.3269002375296912	paternal	51072	3211761	0.015902	41002	3211804	0.012766	2404244	807560	0.251435
T2T00	verkko_porec	haplotype1	haplotype1-0000002	78991454	38030	1689	37370	659	659	1030	39719	0.9574762708023867	0.042523729197613234	0.9826452800420721	0.6098283007696862	paternal	51072	3211761	0.015902	41002	3211804	0.012766	2404244	807560	0.251435
T2T00	verkko_porec	haplotype1	haplotype1-0000003	39963702	20604	1688	20309	294	294	1394	22292	0.9242777678090794	0.07572223219092052	0.9856823917685886	0.8258293838862559	paternal	51072	3211761	0.015902	41002	3211804	0.012766	2404244	807560	0.251435
T2T00	verkko_porec	haplotype1	haplotype1-0000004	136566791	75033	1703	73843	1189	1189	514	76736	0.9778070266889074	0.022192973311092577	0.9841403115962309	0.3018203170874927	paternal	51072	3211761	0.015902	41002	3211804	0.012766	2404244	807560	0.251435
T2T00	verkko_porec	haplotype1	haplotype1-0000005	200680242	90710	2781	89169	1540	1540	1241	93491	0.9702538212234333	0.02974617877656673	0.983011795832874	0.4462423588637181	paternal	51072	3211761	0.015902	41002	3211804	0.012766	2404244	807560	0.251435
T2T00	verkko_porec	haplotype1	haplotype1-0000006	83836360	1554	34129	463	1091	1091	33037	35683	0.043550149931339856	0.9564498500686601	0.2979407979407979	0.9680037504761346	maternal	51072	3211761	0.015902	41002	3211804	0.012766	2404244	807560	0.251435
T2T00	verkko_porec	haplotype1	haplotype1-0000007	242664474	2458	115073	558	1899	1900	113173	117531	0.020913631297274762	0.9790863687027253	0.22701383238405207	0.9834887419290363	maternal	51072	3211761	0.015902	41002	3211804	0.012766	2404244	807560	0.251435
T2T00	verkko_porec	haplotype1	haplotype1-0000008	159256231	85621	2307	84353	1267	1267	1040	87928	0.9737626239650623	0.026237376034937678	0.9851905490475468	0.45080190723883834	paternal	51072	3211761	0.015902	41002	3211804	0.012766	2404244	807560	0.251435
T2T00	verkko_porec	haplotype1	haplotype1-0000009	3429182	7243	27	7223	19	20	7	7270	0.9962861072902338	0.0037138927097661624	0.9972387132403701	0.25925925925925924	paternal	51072	3211761	0.015902	41002	3211804	0.012766	2404244	807560	0.251435
T2T00	verkko_porec	haplotype1	haplotype1-0000010	99386947	55411	3104	53908	1503	1502	1601	58515	0.9469537725369563	0.05304622746304367	0.9728754218476475	0.5157860824742269	paternal	51072	3211761	0.015902	41002	3211804	0.012766	2404244	807560	0.251435
T2T00	verkko_porec	haplotype1	haplotype1-0000011	52703089	1534483	548	1534094	388	388	160	1535031	0.9996430039523632	0.000356996047636823	0.9997464944218998	0.291970802919708	paternal	51072	3211761	0.015902	41002	3211804	0.012766	2404244	807560	0.251435
T2T00	verkko_porec	haplotype1	haplotype1-0000012	4479258	9	7590	4	5	5	7584	7599	0.0011843663639952626	0.9988156336360048	0.4444444444444444	0.9992094861660079	maternal	51072	3211761	0.015902	41002	3211804	0.012766	2404244	807560	0.251435
T2T00	verkko_porec	haplotype1	haplotype1-0000013	49370430	696	68238	154	542	541	67696	68934	0.01009661415266777	0.9899033858473323	0.22126436781609196	0.9920572115243705	maternal	51072	3211761	0.015902	41002	3211804	0.012766	2404244	807560	0.251435
T2T00	verkko_porec	haplotype1	haplotype1-0000014	61709164	1240	39146	368	872	871	38274	40386	0.03070370920616055	0.9692962907938395	0.2967741935483871	0.9777244162877433	maternal	51072	3211761	0.015902	41002	3211804	0.012766	2404244	807560	0.251435
T2T00	verkko_porec	haplotype1	haplotype1-0000015	145923315	1520	70567	359	1160	1161	69406	72087	0.021085632638339784	0.9789143673616603	0.2361842105263158	0.9835475505547919	maternal	51072	3211761	0.015902	41002	3211804	0.012766	2404244	807560	0.251435
T2T00	verkko_porec	haplotype1	haplotype1-0000016	65611324	905	35439	211	694	693	34745	36344	0.024900946511116004	0.975099053488884	0.23314917127071824	0.9804170546572984	maternal	51072	3211761	0.015902	41002	3211804	0.012766	2404244	807560	0.251435
T2T00	verkko_porec	haplotype1	haplotype1-0000017	102951975	925	62332	198	726	727	61605	63257	0.014622887585563652	0.9853771124144364	0.21405405405405406	0.9883366489122762	maternal	51072	3211761	0.015902	41002	3211804	0.012766	2404244	807560	0.251435
T2T00	verkko_porec	haplotype1	haplotype1-0000018	102016679	1290	64827	352	937	937	63890	66117	0.01951086709923318	0.9804891329007668	0.27286821705426356	0.9855461458960001	maternal	51072	3211761	0.015902	41002	3211804	0.012766	2404244	807560	0.251435
T2T00	verkko_porec	haplotype1	haplotype1-0000019	137904311	87265	1466	86141	1123	1123	343	88731	0.9834781530693895	0.016521846930610498	0.9871196928894745	0.2339699863574352	paternal	51072	3211761	0.015902	41002	3211804	0.012766	2404244	807560	0.251435
T2T00	verkko_porec	haplotype1	haplotype1-0000020	134052960	1567	66436	359	1208	1208	65227	68003	0.023043101039660015	0.97695689896034	0.22910019144862795	0.9818020350412427	maternal	51072	3211761	0.015902	41002	3211804	0.012766	2404244	807560	0.251435
T2T00	verkko_porec	haplotype1	haplotype1-0000021	182099431	1746	104901	359	1387	1387	103513	106647	0.01637176854482545	0.9836282314551745	0.20561282932416952	0.986768476944929	maternal	51072	3211761	0.015902	41002	3211804	0.012766	2404244	807560	0.251435
T2T00	verkko_porec	haplotype1	haplotype1-0000022	191927918	102281	1985	100985	1295	1295	690	104266	0.9809621544894789	0.019037845510521168	0.9873290249410936	0.34760705289672544	paternal	51072	3211761	0.015902	41002	3211804	0.012766	2404244	807560	0.251435
T2T00	verkko_porec	haplotype1	haplotype1-0000023	92123731	52507	3206	51508	998	998	2208	55713	0.942455082296771	0.057544917703229045	0.9809739653760451	0.6887086712414223	paternal	51072	3211761	0.015902	41002	3211804	0.012766	2404244	807560	0.251435
T2T00	verkko_porec	haplotype1	haplotype1-0000024	172159936	108038	1839	106592	1445	1445	394	109877	0.9832631032882223	0.016736896711777714	0.9866158203595031	0.2142468733007069	paternal	51072	3211761	0.015902	41002	3211804	0.012766	2404244	807560	0.251435
T2T00	verkko_porec	haplotype1	haplotype1-0000025	138884307	1313	111618	305	1008	1008	110609	112931	0.011626568435593416	0.9883734315644066	0.2322924600152323	0.9909602393879123	maternal	51072	3211761	0.015902	41002	3211804	0.012766	2404244	807560	0.251435
T2T00	verkko_porec	haplotype2	haplotype2-0000045	245133717	2928	136345	715	2213	2212	134132	139273	0.021023457525866464	0.9789765424741336	0.24419398907103826	0.9837691151123987	maternal	52197	1925115	0.027114	37784	1925186	0.019626	849686	1075501	0.441352
T2T00	verkko_porec	haplotype2	haplotype2-0000046	1013883	0	850	0	0	0	849	850	0.0	1.0	0.0	0.9988235294117647	maternal	52197	1925115	0.027114	37784	1925186	0.019626	849686	1075501	0.441352
T2T00	verkko_porec	haplotype2	haplotype2-0000047	79952054	779	43910	140	638	639	43271	44689	0.017431582716104635	0.9825684172838953	0.1797175866495507	0.9854475062628103	maternal	52197	1925115	0.027114	37784	1925186	0.019626	849686	1075501	0.441352
T2T00	verkko_porec	haplotype2	haplotype2-0000048	136628182	1446	89843	333	1113	1112	88730	91289	0.015839805453011863	0.9841601945469881	0.23029045643153526	0.9876117226717719	maternal	52197	1925115	0.027114	37784	1925186	0.019626	849686	1075501	0.441352
T2T00	verkko_porec	haplotype2	haplotype2-0000049	200623752	2040	105134	440	1600	1599	103534	107174	0.01903446731483382	0.9809655326851662	0.21568627450980393	0.984781326687846	maternal	52197	1925115	0.027114	37784	1925186	0.019626	849686	1075501	0.441352
T2T00	verkko_porec	haplotype2	haplotype2-0000050	83961448	37716	2027	36694	1021	1021	1006	39743	0.9489973077019852	0.05100269229801475	0.9729027468448403	0.4962999506660089	paternal	52197	1925115	0.027114	37784	1925186	0.019626	849686	1075501	0.441352
T2T00	verkko_porec	haplotype2	haplotype2-0000051	242536137	114464	2316	112653	1810	1810	506	116780	0.9801678369583833	0.019832163041616717	0.9841784316466312	0.21848013816925735	paternal	52197	1925115	0.027114	37784	1925186	0.019626	849686	1075501	0.441352
T2T00	verkko_porec	haplotype2	haplotype2-0000052	159962893	1887	101625	440	1447	1447	100177	103512	0.01822977046139578	0.9817702295386043	0.23317435082140964	0.9857515375153751	maternal	52197	1925115	0.027114	37784	1925186	0.019626	849686	1075501	0.441352
T2T00	verkko_porec	haplotype2	haplotype2-0000053	95996840	1069	125131	241	828	828	124302	126200	0.008470681458003169	0.9915293185419969	0.225444340505145	0.9933749430596734	maternal	52197	1925115	0.027114	37784	1925186	0.019626	849686	1075501	0.441352
T2T00	verkko_porec	haplotype2	haplotype2-0000054	2810077	2	1030	0	1	2	1028	1032	0.001937984496124031	0.998062015503876	0.0	0.9980582524271845	maternal	52197	1925115	0.027114	37784	1925186	0.019626	849686	1075501	0.441352
T2T00	verkko_porec	haplotype2	haplotype2-0000055	1972758	2568	51	2548	19	19	32	2619	0.9805269186712485	0.019473081328751432	0.9922118380062306	0.6274509803921569	paternal	52197	1925115	0.027114	37784	1925186	0.019626	849686	1075501	0.441352
T2T00	verkko_porec	haplotype2	haplotype2-0000056	154363537	1073	90975	171	902	901	90073	92048	0.011656961585259865	0.9883430384147401	0.15936626281453867	0.9900851882385271	maternal	52197	1925115	0.027114	37784	1925186	0.019626	849686	1075501	0.441352
T2T00	verkko_porec	haplotype2	haplotype2-0000057	64201663	33236	1130	32608	627	627	503	34366	0.967118663795612	0.03288133620438806	0.9811048260921892	0.4451327433628319	paternal	52197	1925115	0.027114	37784	1925186	0.019626	849686	1075501	0.441352
T2T00	verkko_porec	haplotype2	haplotype2-0000058	1169985	345	624	114	231	231	392	969	0.3560371517027864	0.6439628482972136	0.33043478260869563	0.6282051282051282	mixed	52197	1925115	0.027114	37784	1925186	0.019626	849686	1075501	0.441352
T2T00	verkko_porec	haplotype2	haplotype2-0000059	50008979	86522	676	86044	477	477	199	87198	0.9922475286130416	0.007752471386958416	0.994475393541527	0.2943786982248521	paternal	52197	1925115	0.027114	37784	1925186	0.019626	849686	1075501	0.441352
T2T00	verkko_porec	haplotype2	haplotype2-0000060	145735667	72391	2483	71208	1182	1182	1301	74874	0.9668376205358336	0.03316237946416647	0.9836581895539501	0.5239629480467177	paternal	52197	1925115	0.027114	37784	1925186	0.019626	849686	1075501	0.441352
T2T00	verkko_porec	haplotype2	haplotype2-0000061	62408664	42869	1675	41686	1182	1182	493	44544	0.9623967313218391	0.03760326867816092	0.9724043014765915	0.2943283582089552	paternal	52197	1925115	0.027114	37784	1925186	0.019626	849686	1075501	0.441352
T2T00	verkko_porec	haplotype2	haplotype2-0000062	183921487	114201	2100	112582	1618	1618	482	116301	0.9819434054737276	0.018056594526272344	0.9858232414777454	0.22952380952380952	paternal	52197	1925115	0.027114	37784	1925186	0.019626	849686	1075501	0.441352
T2T00	verkko_porec	haplotype2	haplotype2-0000063	173072865	1745	95370	413	1331	1332	94038	97115	0.017968387993615817	0.9820316120063842	0.23667621776504297	0.9860333438188109	maternal	52197	1925115	0.027114	37784	1925186	0.019626	849686	1075501	0.441352
T2T00	verkko_porec	haplotype2	haplotype2-0000064	107902539	89322	1403	88341	980	980	423	90725	0.9845356847616423	0.015464315238357675	0.9890172633841606	0.3014967925873129	paternal	52197	1925115	0.027114	37784	1925186	0.019626	849686	1075501	0.441352
T2T00	verkko_porec	haplotype2	haplotype2-0000065	103572952	69884	2490	68885	998	998	1492	72374	0.9655953795561942	0.03440462044380579	0.9857048823765097	0.5991967871485944	paternal	52197	1925115	0.027114	37784	1925186	0.019626	849686	1075501	0.441352
T2T00	verkko_porec	haplotype2	haplotype2-0000066	136649847	1410	70532	335	1075	1075	69456	71942	0.01959912151455339	0.9804008784854467	0.2375886524822695	0.9847445131287926	maternal	52197	1925115	0.027114	37784	1925186	0.019626	849686	1075501	0.441352
T2T00	verkko_porec	haplotype2	haplotype2-0000067	133650667	59487	1708	58305	1181	1181	527	61195	0.9720892229757333	0.027910777024266687	0.9801301124615462	0.3085480093676815	paternal	52197	1925115	0.027114	37784	1925186	0.019626	849686	1075501	0.441352
T2T00	verkko_porec	haplotype2	haplotype2-0000068	191590024	1788	104245	410	1377	1378	102867	106033	0.016862674827647996	0.983137325172352	0.22930648769574943	0.9867811405822822	maternal	52197	1925115	0.027114	37784	1925186	0.019626	849686	1075501	0.441352
T2T00	verkko_porec	haplotype2	haplotype2-0000069	92814533	1298	47704	344	954	953	46750	49002	0.026488714746336885	0.9735112852536632	0.2650231124807396	0.9800016770082174	maternal	52197	1925115	0.027114	37784	1925186	0.019626	849686	1075501	0.441352
T2T00	verkko_porec	haplotype2	haplotype2-0000070	43812684	306	37544	57	249	249	37294	37850	0.008084544253632761	0.9919154557463672	0.18627450980392157	0.9933411463882378	maternal	52197	1925115	0.027114	37784	1925186	0.019626	849686	1075501	0.441352
T2T00	verkko_porec	haplotype2	haplotype2-0000071	136367677	96473	1518	95488	984	984	534	97991	0.9845087814187017	0.015491218581298283	0.9897898893991065	0.35177865612648224	paternal	52197	1925115	0.027114	37784	1925186	0.019626	849686	1075501	0.441352
T2T00	verkko_porec	haplotype2	haplotype2-0000079	898242	3	1159	0	3	3	1155	1162	0.0025817555938037868	0.9974182444061962	0.0	0.996548748921484	maternal	52197	1925115	0.027114	37784	1925186	0.019626	849686	1075501	0.441352
T2T04	verkko_porec	haplotype1	haplotype1-0000001	242210179	1678	109128	297	1381	1381	107746	110806	0.015143584282439579	0.9848564157175604	0.1769964243146603	0.9873359724360384	maternal	38256	3160915	0.012103	25658	3160982	0.008117	2062591	1098391	0.347484
T2T04	verkko_porec	haplotype1	haplotype1-0000002	161412630	93003	1982	91622	1380	1380	602	94985	0.9791335474022214	0.020866452597778598	0.9851510166338721	0.30373360242179614	paternal	38256	3160915	0.012103	25658	3160982	0.008117	2062591	1098391	0.347484
T2T04	verkko_porec	haplotype1	haplotype1-0000003	133700044	954	93830	202	752	752	93077	94784	0.010064989871708304	0.9899350101282917	0.21174004192872117	0.9919748481295961	maternal	38256	3160915	0.012103	25658	3160982	0.008117	2062591	1098391	0.347484
T2T04	verkko_porec	haplotype1	haplotype1-0000004	84773506	1185	44315	423	762	762	43552	45500	0.026043956043956044	0.973956043956044	0.3569620253164557	0.9827823536048742	maternal	38256	3160915	0.012103	25658	3160982	0.008117	2062591	1098391	0.347484
T2T04	verkko_porec	haplotype1	haplotype1-0000005	101403567	1108	58563	506	602	602	57960	59671	0.018568483853127985	0.981431516146872	0.4566787003610108	0.9897033963424005	maternal	38256	3160915	0.012103	25658	3160982	0.008117	2062591	1098391	0.347484
T2T04	verkko_porec	haplotype1	haplotype1-0000006	80262522	38729	727	38201	527	527	200	39456	0.9815744120032441	0.01842558799675588	0.9863668052363862	0.2751031636863824	paternal	38256	3160915	0.012103	25658	3160982	0.008117	2062591	1098391	0.347484
T2T04	verkko_porec	haplotype1	haplotype1-0000007	134169520	1042	85305	190	852	852	84452	86347	0.012067587756378334	0.9879324122436217	0.18234165067178504	0.9900005861321142	maternal	38256	3160915	0.012103	25658	3160982	0.008117	2062591	1098391	0.347484
T2T04	verkko_porec	haplotype1	haplotype1-0000008	184982985	1357	84414	356	1001	1001	83412	85771	0.015821198307120123	0.9841788016928799	0.262343404568902	0.9881299310540905	maternal	38256	3160915	0.012103	25658	3160982	0.008117	2062591	1098391	0.347484
T2T04	verkko_porec	haplotype1	haplotype1-0000009	171924118	1345	103806	250	1095	1095	102710	105151	0.012791128947893981	0.987208871052106	0.18587360594795538	0.9894418434387222	maternal	38256	3160915	0.012103	25658	3160982	0.008117	2062591	1098391	0.347484
T2T04	verkko_porec	haplotype1	haplotype1-0000010	145354772	76393	1225	75445	947	947	278	77618	0.9842175783967636	0.01578242160323636	0.9875904860392968	0.22693877551020408	paternal	38256	3160915	0.012103	25658	3160982	0.008117	2062591	1098391	0.347484
T2T04	verkko_porec	haplotype1	haplotype1-0000011	251430232	1943	113732	447	1496	1496	112235	115675	0.01679706073049492	0.9832029392695051	0.23005661348430262	0.9868374775788696	maternal	38256	3160915	0.012103	25658	3160982	0.008117	2062591	1098391	0.347484
T2T04	verkko_porec	haplotype1	haplotype1-0000012	46827400	29611	473	29255	355	355	118	30084	0.9842773567344768	0.015722643265523202	0.987977440815913	0.24947145877378435	paternal	38256	3160915	0.012103	25658	3160982	0.008117	2062591	1098391	0.347484
T2T04	verkko_porec	haplotype1	haplotype1-0000013	51699560	1554132	54	1554083	48	48	6	1554186	0.9999652551239041	3.4744876095911303e-05	0.999968471146595	0.1111111111111111	paternal	38256	3160915	0.012103	25658	3160982	0.008117	2062591	1098391	0.347484
T2T04	verkko_porec	haplotype1	haplotype1-0000014	44384512	48863	312	48609	253	254	58	49175	0.9936553126588714	0.006344687341128623	0.9948017927675337	0.1858974358974359	paternal	38256	3160915	0.012103	25658	3160982	0.008117	2062591	1098391	0.347484
T2T04	verkko_porec	haplotype1	haplotype1-0000015	66195327	41181	1054	40433	747	748	306	42235	0.9750443944595715	0.024955605540428555	0.9818362837230762	0.2903225806451613	paternal	38256	3160915	0.012103	25658	3160982	0.008117	2062591	1098391	0.347484
T2T04	verkko_porec	haplotype1	haplotype1-0000016	104329872	751	62948	180	571	571	62376	63699	0.011789824016075605	0.9882101759839244	0.2396804260985353	0.9909131346508229	maternal	38256	3160915	0.012103	25658	3160982	0.008117	2062591	1098391	0.347484
T2T04	verkko_porec	haplotype1	haplotype1-0000017	134364492	71926	1166	70998	927	927	239	73092	0.9840475017785805	0.01595249822141958	0.98709785056864	0.20497427101200685	paternal	38256	3160915	0.012103	25658	3160982	0.008117	2062591	1098391	0.347484
T2T04	verkko_porec	haplotype1	haplotype1-0000018	33447424	17609	514	17249	360	359	154	18123	0.9716382497379021	0.028361750262097887	0.9795559089102164	0.29961089494163423	paternal	38256	3160915	0.012103	25658	3160982	0.008117	2062591	1098391	0.347484
T2T04	verkko_porec	haplotype1	haplotype1-0000019	134451918	1113	72462	199	914	914	71547	73575	0.015127420998980632	0.9848725790010193	0.17879604672057503	0.9873726918936822	maternal	38256	3160915	0.012103	25658	3160982	0.008117	2062591	1098391	0.347484
T2T04	verkko_porec	haplotype1	haplotype1-0000020	201390820	1689	96559	502	1187	1187	95371	98248	0.01719118964253725	0.9828088103574627	0.2972172883362937	0.9876966414316636	maternal	38256	3160915	0.012103	25658	3160982	0.008117	2062591	1098391	0.347484
T2T04	verkko_porec	haplotype1	haplotype1-0000021	61654262	37970	1105	37164	805	805	300	39075	0.9717210492642354	0.028278950735764554	0.9787727153015539	0.27149321266968324	paternal	38256	3160915	0.012103	25658	3160982	0.008117	2062591	1098391	0.347484
T2T04	verkko_porec	haplotype1	haplotype1-0000022	193710918	1279	105465	287	992	992	104472	106744	0.011981938094881212	0.9880180619051188	0.22439405785770133	0.9905845541174797	maternal	38256	3160915	0.012103	25658	3160982	0.008117	2062591	1098391	0.347484
T2T04	verkko_porec	haplotype1	haplotype1-0000023	95447653	753	57360	164	589	589	56770	58113	0.012957513809302566	0.9870424861906975	0.21779548472775564	0.9897140864714087	maternal	38256	3160915	0.012103	25658	3160982	0.008117	2062591	1098391	0.347484
T2T04	verkko_porec	haplotype1	haplotype1-0000024	59392216	30531	595	30096	434	434	161	31126	0.9808841483004562	0.01911585169954379	0.9857521863024467	0.27058823529411763	paternal	38256	3160915	0.012103	25658	3160982	0.008117	2062591	1098391	0.347484
T2T04	verkko_porec	haplotype1	haplotype1-0000026	844182	17	208	7	10	9	198	225	0.07555555555555556	0.9244444444444444	0.4117647058823529	0.9519230769230769	maternal	38256	3160915	0.012103	25658	3160982	0.008117	2062591	1098391	0.347484
T2T04	verkko_porec	haplotype1	haplotype1-0000064	844956	527	98	453	74	74	23	625	0.8432	0.1568	0.8595825426944972	0.23469387755102042	paternal	38256	3160915	0.012103	25658	3160982	0.008117	2062591	1098391	0.347484
T2T04	verkko_porec	haplotype2	haplotype2-0000068	41113678	301	25366	81	220	219	25146	25667	0.011727120427007442	0.9882728795729926	0.2691029900332226	0.9913269731136166	maternal	41970	1694731	0.024765	28026	1694786	0.016537	1120343	574443	0.338947
T2T04	verkko_porec	haplotype2	haplotype2-0000069	242226226	110798	2120	109127	1670	1670	450	112918	0.9812253139446324	0.018774686055367612	0.984918500333941	0.21226415094339623	paternal	41970	1694731	0.024765	28026	1694786	0.016537	1120343	574443	0.338947
T2T04	verkko_porec	haplotype2	haplotype2-0000070	83615043	36322	1250	35452	869	869	381	37572	0.9667305440221442	0.03326945597785585	0.9760475744727714	0.3048	paternal	41970	1694731	0.024765	28026	1694786	0.016537	1120343	574443	0.338947
T2T04	verkko_porec	haplotype2	haplotype2-0000071	154436170	763	88822	125	638	638	88183	89585	0.008517050845565664	0.9914829491544344	0.16382699868938402	0.9928058363918849	maternal	41970	1694731	0.024765	28026	1694786	0.016537	1120343	574443	0.338947
T2T04	verkko_porec	haplotype2	haplotype2-0000072	98840867	50342	1016	49648	693	693	323	51358	0.9802172981813934	0.019782701818606644	0.986214294227484	0.31791338582677164	paternal	41970	1694731	0.024765	28026	1694786	0.016537	1120343	574443	0.338947
T2T04	verkko_porec	haplotype2	haplotype2-0000073	98128131	77450	1009	76717	732	732	277	78459	0.9871397800124906	0.0128602199875094	0.9905358295674629	0.2745292368681863	paternal	41970	1694731	0.024765	28026	1694786	0.016537	1120343	574443	0.338947
T2T04	verkko_porec	haplotype2	haplotype2-0000074	79987818	643	37510	200	443	443	37066	38153	0.016853196341047885	0.9831468036589521	0.3110419906687403	0.9881631564916022	maternal	41970	1694731	0.024765	28026	1694786	0.016537	1120343	574443	0.338947
T2T04	verkko_porec	haplotype2	haplotype2-0000075	134153481	86765	1263	85800	964	964	299	88028	0.9856522924524015	0.014347707547598492	0.988878003803377	0.2367379255740301	paternal	41970	1694731	0.024765	28026	1694786	0.016537	1120343	574443	0.338947
T2T04	verkko_porec	haplotype2	haplotype2-0000076	182576600	85425	1559	84204	1221	1220	338	86984	0.9820771636162973	0.01792283638370275	0.9857067603160667	0.21680564464400257	paternal	41970	1694731	0.024765	28026	1694786	0.016537	1120343	574443	0.338947
T2T04	verkko_porec	haplotype2	haplotype2-0000077	134874427	94615	1183	93713	901	901	282	95798	0.9876510991878745	0.012348900812125514	0.9904666279131216	0.23837700760777683	paternal	41970	1694731	0.024765	28026	1694786	0.016537	1120343	574443	0.338947
T2T04	verkko_porec	haplotype2	haplotype2-0000078	172672186	110997	1899	109502	1494	1494	405	112896	0.9831792091836735	0.01682079081632653	0.9865311675090318	0.2132701421800948	paternal	41970	1694731	0.024765	28026	1694786	0.016537	1120343	574443	0.338947
T2T04	verkko_porec	haplotype2	haplotype2-0000079	200241853	107033	1715	105671	1361	1361	354	108748	0.984229595027035	0.01577040497296502	0.9872749525847169	0.2064139941690962	paternal	41970	1694731	0.024765	28026	1694786	0.016537	1120343	574443	0.338947
T2T04	verkko_porec	haplotype2	haplotype2-0000080	161234164	1978	90822	810	1168	1168	89653	92800	0.021314655172413793	0.9786853448275862	0.40950455005055614	0.987128669265156	maternal	41970	1694731	0.024765	28026	1694786	0.016537	1120343	574443	0.338947
T2T04	verkko_porec	haplotype2	haplotype2-0000081	2483252	213	11	203	9	9	2	224	0.9508928571428571	0.049107142857142856	0.9530516431924883	0.18181818181818182	paternal	41970	1694731	0.024765	28026	1694786	0.016537	1120343	574443	0.338947
T2T04	verkko_porec	haplotype2	haplotype2-0000082	146131832	999	87958	162	837	837	87120	88957	0.01123014490146925	0.9887698550985308	0.16216216216216217	0.9904727256190454	maternal	41970	1694731	0.024765	28026	1694786	0.016537	1120343	574443	0.338947
T2T04	verkko_porec	haplotype2	haplotype2-0000083	135113123	977	64952	210	767	767	64184	65929	0.014818971924342854	0.9851810280756571	0.21494370522006143	0.9881758837295234	maternal	41970	1694731	0.024765	28026	1694786	0.016537	1120343	574443	0.338947
T2T04	verkko_porec	haplotype2	haplotype2-0000084	48492982	387	29166	82	305	305	28860	29553	0.013095117246980002	0.98690488275302	0.21188630490956073	0.9895083316190084	maternal	41970	1694731	0.024765	28026	1694786	0.016537	1120343	574443	0.338947
T2T04	verkko_porec	haplotype2	haplotype2-0000085	65527377	767	47434	182	585	585	46848	48201	0.015912532935001347	0.9840874670649986	0.23728813559322035	0.9876459923261796	maternal	41970	1694731	0.024765	28026	1694786	0.016537	1120343	574443	0.338947
T2T04	verkko_porec	haplotype2	haplotype2-0000086	104062474	54144	784	53513	630	630	154	54928	0.9857267695892805	0.014273230410719488	0.9883458924349882	0.19642857142857142	paternal	41970	1694731	0.024765	28026	1694786	0.016537	1120343	574443	0.338947
T2T04	verkko_porec	haplotype2	haplotype2-0000087	15301259	170	11214	33	136	137	11077	11384	0.014933239634574842	0.9850667603654252	0.19411764705882353	0.9877831282325664	maternal	41970	1694731	0.024765	28026	1694786	0.016537	1120343	574443	0.338947
T2T04	verkko_porec	haplotype2	haplotype2-0000088	251682898	111920	2355	110113	1806	1806	549	114275	0.979391817982936	0.0206081820170641	0.9838545389563974	0.23312101910828026	paternal	41970	1694731	0.024765	28026	1694786	0.016537	1120343	574443	0.338947
T2T04	verkko_porec	haplotype2	haplotype2-0000089	17568396	218	8258	73	145	145	8112	8476	0.025719679093912224	0.9742803209060877	0.3348623853211009	0.9823201743763623	maternal	41970	1694731	0.024765	28026	1694786	0.016537	1120343	574443	0.338947
T2T04	verkko_porec	haplotype2	haplotype2-0000090	134074806	75689	1390	74633	1055	1055	335	77079	0.9819665537954566	0.01803344620454339	0.9860481708042119	0.24100719424460432	paternal	41970	1694731	0.024765	28026	1694786	0.016537	1120343	574443	0.338947
T2T04	verkko_porec	haplotype2	haplotype2-0000091	62355696	804	38402	204	600	600	37801	39206	0.020507065245115544	0.9794929347548844	0.2537313432835821	0.9843497734492995	maternal	41970	1694731	0.024765	28026	1694786	0.016537	1120343	574443	0.338947
T2T04	verkko_porec	haplotype2	haplotype2-0000092	190738096	99678	1535	98465	1212	1212	323	101213	0.98483396401648	0.015166035983519904	0.9878308152250246	0.21042345276872965	paternal	41970	1694731	0.024765	28026	1694786	0.016537	1120343	574443	0.338947
T2T04	verkko_porec	haplotype2	haplotype2-0000093	59470737	834	25074	378	456	456	24617	25908	0.03219082908754053	0.9678091709124594	0.45323741007194246	0.9817739491106325	maternal	41970	1694731	0.024765	28026	1694786	0.016537	1120343	574443	0.338947
T2T04	verkko_porec	haplotype2	haplotype2-0000102	791911	407	0	406	0	0	0	407	1.0	0.0	0.9975429975429976	0.0	paternal	41970	1694731	0.024765	28026	1694786	0.016537	1120343	574443	0.338947
T2T04	verkko_porec	haplotype2	haplotype2-0000109	694105	181	2	178	2	2	0	183	0.9890710382513661	0.01092896174863388	0.9834254143646409	0.0	paternal	41970	1694731	0.024765	28026	1694786	0.016537	1120343	574443	0.338947
T2T04	verkko_porec	haplotype2	haplotype2-0000110	731541	1546	32	1520	25	26	6	1578	0.9797211660329531	0.020278833967046894	0.9831824062095731	0.1875	paternal	41970	1694731	0.024765	28026	1694786	0.016537	1120343	574443	0.338947
T2T00	verkko_trio	haplotype1	mat-0000001	3108116	4	7114	0	4	4	7109	7118	0.000561955605507165	0.9994380443944928	0.0	0.9992971605285352	maternal	50951	1877501	0.027138	33186	1877769	0.017673	33223	1844551	0.017693
T2T00	verkko_trio	haplotype1	mat-0000002	245230229	2912	136461	703	2209	2208	134252	139373	0.020893573360693966	0.979106426639306	0.24141483516483517	0.9838122247382036	maternal	50951	1877501	0.027138	33186	1877769	0.017673	33223	1844551	0.017693
T2T00	verkko_trio	haplotype1	mat-0000003	3714695	2	8616	0	2	2	8613	8618	0.00023207240659085636	0.9997679275934092	0.0	0.9996518105849582	maternal	50951	1877501	0.027138	33186	1877769	0.017673	33223	1844551	0.017693
T2T00	verkko_trio	haplotype1	mat-0000004	79952054	779	43910	140	638	639	43271	44689	0.017431582716104635	0.9825684172838953	0.1797175866495507	0.9854475062628103	maternal	50951	1877501	0.027138	33186	1877769	0.017673	33223	1844551	0.017693
T2T00	verkko_trio	haplotype1	mat-0000005	136390942	1437	89837	327	1110	1109	88727	91274	0.015743804369261784	0.9842561956307382	0.22755741127348644	0.9876442891013725	maternal	50951	1877501	0.027138	33186	1877769	0.017673	33223	1844551	0.017693
T2T00	verkko_trio	haplotype1	mat-0000006	200623751	2037	105134	438	1599	1598	103535	107171	0.019007007492698586	0.9809929925073014	0.21502209131075112	0.9847908383586661	maternal	50951	1877501	0.027138	33186	1877769	0.017673	33223	1844551	0.017693
T2T00	verkko_trio	haplotype1	mat-0000007	83844993	1551	34134	459	1092	1092	33041	35685	0.04346364018495166	0.9565363598150484	0.29593810444874274	0.9679791410324017	maternal	50951	1877501	0.027138	33186	1877769	0.017673	33223	1844551	0.017693
T2T00	verkko_trio	haplotype1	mat-0000008	242843052	2457	115076	558	1898	1899	113177	117533	0.020904767171773034	0.979095232828227	0.2271062271062271	0.9834978622823177	maternal	50951	1877501	0.027138	33186	1877769	0.017673	33223	1844551	0.017693
T2T00	verkko_trio	haplotype1	mat-0000009	159877451	1877	101625	433	1444	1444	100180	103502	0.01813491526733783	0.9818650847326622	0.23068726691529035	0.9857810578105781	maternal	50951	1877501	0.027138	33186	1877769	0.017673	33223	1844551	0.017693
T2T00	verkko_trio	haplotype1	mat-0000010	95935634	1065	125136	236	829	829	124306	126201	0.008438918867520859	0.9915610811324791	0.2215962441314554	0.9933672164684823	maternal	50951	1877501	0.027138	33186	1877769	0.017673	33223	1844551	0.017693
T2T00	verkko_trio	haplotype1	mat-0000011	3468715	3	2163	0	2	3	2160	2166	0.0013850415512465374	0.9986149584487535	0.0	0.9986130374479889	maternal	50951	1877501	0.027138	33186	1877769	0.017673	33223	1844551	0.017693
T2T00	verkko_trio	haplotype1	mat-0000012	154313583	1070	90981	170	899	900	90081	92051	0.011623991048440538	0.9883760089515594	0.1588785046728972	0.9901078247106538	maternal	50951	1877501	0.027138	33186	1877769	0.017673	33223	1844551	0.017693
T2T00	verkko_trio	haplotype1	mat-0000013	1069797	316	576	113	203	202	373	892	0.3542600896860987	0.6457399103139013	0.3575949367088608	0.6475694444444444	mixed	50951	1877501	0.027138	33186	1877769	0.017673	33223	1844551	0.017693
T2T00	verkko_trio	haplotype1	mat-0000014	46237985	682	61187	152	529	530	60657	61869	0.011023291147424397	0.9889767088525756	0.22287390029325513	0.9913380293199536	maternal	50951	1877501	0.027138	33186	1877769	0.017673	33223	1844551	0.017693
T2T00	verkko_trio	haplotype1	mat-0000015	2503193	3	2363	0	2	3	2360	2366	0.001267962806424345	0.9987320371935756	0.0	0.9987304274227676	maternal	50951	1877501	0.027138	33186	1877769	0.017673	33223	1844551	0.017693
T2T00	verkko_trio	haplotype1	mat-0000016	61710203	1186	39275	313	873	872	38402	40461	0.029312177158251157	0.9706878228417488	0.2639123102866779	0.9777721196690007	maternal	50951	1877501	0.027138	33186	1877769	0.017673	33223	1844551	0.017693
T2T00	verkko_trio	haplotype1	mat-0000017	145923315	1520	70568	359	1160	1161	69407	72088	0.021085340139829097	0.9789146598601709	0.2361842105263158	0.9835477836979934	maternal	50951	1877501	0.027138	33186	1877769	0.017673	33223	1844551	0.017693
T2T00	verkko_trio	haplotype1	mat-0000018	65611341	892	35442	199	693	692	34749	36334	0.024550008256729233	0.9754499917432707	0.22309417040358745	0.9804469273743017	maternal	50951	1877501	0.027138	33186	1877769	0.017673	33223	1844551	0.017693
T2T00	verkko_trio	haplotype1	mat-0000019	52957200	493	49299	125	368	368	48930	49792	0.009901188946015424	0.9900988110539846	0.2535496957403651	0.9925150611574272	maternal	50951	1877501	0.027138	33186	1877769	0.017673	33223	1844551	0.017693
T2T00	verkko_trio	haplotype1	mat-0000020	113213917	1041	57624	218	823	823	56800	58665	0.017744822296087957	0.982255177703912	0.20941402497598463	0.9857004026100236	maternal	50951	1877501	0.027138	33186	1877769	0.017673	33223	1844551	0.017693
T2T00	verkko_trio	haplotype1	mat-0000021	5105698	9	7964	4	5	5	7958	7973	0.0011288097328483633	0.9988711902671517	0.4444444444444444	0.9992466097438473	maternal	50951	1877501	0.027138	33186	1877769	0.017673	33223	1844551	0.017693
T2T00	verkko_trio	haplotype1	mat-0000022	102899209	924	62329	198	725	726	61603	63253	0.01460800278247672	0.9853919972175232	0.21428571428571427	0.9883521314315968	maternal	50951	1877501	0.027138	33186	1877769	0.017673	33223	1844551	0.017693
T2T00	verkko_trio	haplotype1	mat-0000023	99394547	1264	62464	329	935	934	61529	63728	0.01983429575696711	0.9801657042430328	0.2602848101265823	0.9850313780737705	maternal	50951	1877501	0.027138	33186	1877769	0.017673	33223	1844551	0.017693
T2T00	verkko_trio	haplotype1	mat-0000024	136550068	1403	70536	328	1075	1075	69460	71939	0.01950263417617704	0.980497365823823	0.23378474697077692	0.9847453782465692	maternal	50951	1877501	0.027138	33186	1877769	0.017673	33223	1844551	0.017693
T2T00	verkko_trio	haplotype1	mat-0000025	133724857	1547	66360	352	1195	1195	65164	67907	0.022781156581795692	0.9772188434182043	0.2275371687136393	0.9819770946353225	maternal	50951	1877501	0.027138	33186	1877769	0.017673	33223	1844551	0.017693
T2T00	verkko_trio	haplotype1	mat-0000026	182049177	1742	104907	357	1385	1385	103521	106649	0.01633395531134844	0.9836660446886516	0.20493685419058552	0.9867882982069833	maternal	50951	1877501	0.027138	33186	1877769	0.017673	33223	1844551	0.017693
T2T00	verkko_trio	haplotype1	mat-0000027	191860935	1778	104288	401	1376	1377	102911	106066	0.016763147474214167	0.9832368525257859	0.22553430821147358	0.9867961798097576	maternal	50951	1877501	0.027138	33186	1877769	0.017673	33223	1844551	0.017693
T2T00	verkko_trio	haplotype1	mat-0000028	92814533	1298	47704	344	954	953	46750	49002	0.026488714746336885	0.9735112852536632	0.2650231124807396	0.9800016770082174	maternal	50951	1877501	0.027138	33186	1877769	0.017673	33223	1844551	0.017693
T2T00	verkko_trio	haplotype1	mat-0000029	39987856	306	28945	57	249	249	28695	29251	0.010461180814331134	0.9895388191856689	0.18627450980392157	0.9913629296942477	maternal	50951	1877501	0.027138	33186	1877769	0.017673	33223	1844551	0.017693
T2T00	verkko_trio	haplotype1	mat-0000030	59765036	706	37848	194	512	512	37335	38554	0.018311978004876276	0.9816880219951237	0.2747875354107649	0.9864457831325302	maternal	50951	1877501	0.027138	33186	1877769	0.017673	33223	1844551	0.017693
T2T00	verkko_trio	haplotype1	mat-0000031	86010322	822	62484	184	638	638	61845	63306	0.012984551227371813	0.9870154487726281	0.22384428223844283	0.9897733819857883	maternal	50951	1877501	0.027138	33186	1877769	0.017673	33223	1844551	0.017693
T2T00	verkko_trio	haplotype2	pat-0000521	136387586	76859	1897	75590	1268	1269	628	78756	0.9759129463152014	0.024087053684798618	0.9834892465423698	0.33104902477596204	paternal	52584	3279260	0.016035	45600	3279467	0.013905	3233816	45652	0.013921
T2T00	verkko_trio	haplotype2	pat-0000522	78991454	38030	1689	37370	659	659	1030	39719	0.9574762708023867	0.042523729197613234	0.9826452800420721	0.6098283007696862	paternal	52584	3279260	0.016035	45600	3279467	0.013905	3233816	45652	0.013921
T2T00	verkko_trio	haplotype2	pat-0000523	40137738	20605	1699	20309	296	295	1403	22304	0.9238253228120517	0.07617467718794835	0.9856345547197283	0.8257798705120659	paternal	52584	3279260	0.016035	45600	3279467	0.013905	3233816	45652	0.013921
T2T00	verkko_trio	haplotype2	pat-0000524	136472137	74994	1702	73805	1188	1188	514	76696	0.9778084906644414	0.02219150933555857	0.9841453982985305	0.3019976498237368	paternal	52584	3279260	0.016035	45600	3279467	0.013905	3233816	45652	0.013921
T2T00	verkko_trio	haplotype2	pat-0000525	200801971	90721	2787	89176	1544	1544	1243	93508	0.9701950635239766	0.029804936476023444	0.9829697644426318	0.44599928238249015	paternal	52584	3279260	0.016035	45600	3279467	0.013905	3233816	45652	0.013921
T2T00	verkko_trio	haplotype2	pat-0000526	83903942	37699	2021	36680	1018	1018	1003	39720	0.9491188318227594	0.050881168177240685	0.9729701053078331	0.4962889658584859	paternal	52584	3279260	0.016035	45600	3279467	0.013905	3233816	45652	0.013921
T2T00	verkko_trio	haplotype2	pat-0000527	242536137	114467	2308	112655	1811	1811	497	116775	0.9802354956112181	0.019764504388781846	0.9841701101627544	0.2153379549393414	paternal	52584	3279260	0.016035	45600	3279467	0.013905	3233816	45652	0.013921
T2T00	verkko_trio	haplotype2	pat-0000528	159256209	85626	2306	84358	1267	1267	1039	87932	0.9737751899194832	0.026224810080516765	0.9851914138229042	0.4505637467476149	paternal	52584	3279260	0.016035	45600	3279467	0.013905	3233816	45652	0.013921
T2T00	verkko_trio	haplotype2	pat-0000529	2309950	3595	26	3576	18	19	7	3621	0.9928196630764982	0.007180336923501795	0.9947148817802504	0.2692307692307692	paternal	52584	3279260	0.016035	45600	3279467	0.013905	3233816	45652	0.013921
T2T00	verkko_trio	haplotype2	pat-0000530	94627310	53351	3062	51865	1485	1486	1576	56413	0.9457217308067289	0.054278269193271056	0.972146726396881	0.5146962769431744	paternal	52584	3279260	0.016035	45600	3279467	0.013905	3233816	45652	0.013921
T2T00	verkko_trio	haplotype2	pat-0000531	1271867	4124	1	4122	1	1	0	4125	0.9997575757575757	0.00024242424242424242	0.9995150339476236	0.0	paternal	52584	3279260	0.016035	45600	3279467	0.013905	3233816	45652	0.013921
T2T00	verkko_trio	haplotype2	pat-0000532	1864323	2417	49	2398	18	18	31	2466	0.9801297648012977	0.019870235198702353	0.9921390153082333	0.6326530612244898	paternal	52584	3279260	0.016035	45600	3279467	0.013905	3233816	45652	0.013921
T2T00	verkko_trio	haplotype2	pat-0000533	4597256	2061	32	2040	20	20	12	2093	0.9847109412326803	0.015289058767319636	0.9898107714701602	0.375	paternal	52584	3279260	0.016035	45600	3279467	0.013905	3233816	45652	0.013921
T2T00	verkko_trio	haplotype2	pat-0000534	63707487	60285	680	59932	352	352	328	60965	0.9888460592143032	0.011153940785696712	0.9941444803848387	0.4823529411764706	paternal	52584	3279260	0.016035	45600	3279467	0.013905	3233816	45652	0.013921
T2T00	verkko_trio	haplotype2	pat-0000535	52830333	1539238	550	1538848	389	389	161	1539788	0.9996428079709674	0.0003571920290325681	0.9997466278769105	0.2927272727272727	paternal	52584	3279260	0.016035	45600	3279467	0.013905	3233816	45652	0.013921
T2T00	verkko_trio	haplotype2	pat-0000536	3643945	8381	28	8362	19	18	9	8409	0.996670234272803	0.003329765727197051	0.9977329674263214	0.32142857142857145	paternal	52584	3279260	0.016035	45600	3279467	0.013905	3233816	45652	0.013921
T2T00	verkko_trio	haplotype2	pat-0000537	4523548	18846	24	18823	22	22	2	18870	0.9987281399046105	0.0012718600953895071	0.9987795818741377	0.08333333333333333	paternal	52584	3279260	0.016035	45600	3279467	0.013905	3233816	45652	0.013921
T2T00	verkko_trio	haplotype2	pat-0000538	50008979	86522	676	86044	477	477	199	87198	0.9922475286130416	0.007752471386958416	0.994475393541527	0.2943786982248521	paternal	52584	3279260	0.016035	45600	3279467	0.013905	3233816	45652	0.013921
T2T00	verkko_trio	haplotype2	pat-0000539	109163837	54752	1458	53756	996	995	462	56210	0.9740615548834727	0.02593844511652731	0.9818088836937463	0.3168724279835391	paternal	52584	3279260	0.016035	45600	3279467	0.013905	3233816	45652	0.013921
T2T00	verkko_trio	haplotype2	pat-0000540	145735669	72392	2481	71209	1182	1182	1299	74873	0.9668638895195865	0.0331361104804135	0.9836584152945077	0.5235792019347038	paternal	52584	3279260	0.016035	45600	3279467	0.013905	3233816	45652	0.013921
T2T00	verkko_trio	haplotype2	pat-0000541	62556020	42915	1667	41734	1180	1180	487	44582	0.9626082275357768	0.037391772464223226	0.9724804846790167	0.29214157168566285	paternal	52584	3279260	0.016035	45600	3279467	0.013905	3233816	45652	0.013921
T2T00	verkko_trio	haplotype2	pat-0000542	183811778	114199	2093	112582	1616	1616	477	116292	0.9820022013552093	0.0179977986447907	0.985840506484295	0.22790253225035834	paternal	52584	3279260	0.016035	45600	3279467	0.013905	3233816	45652	0.013921
T2T00	verkko_trio	haplotype2	pat-0000543	64017609	33206	1085	32602	603	603	482	34291	0.9683590446472835	0.03164095535271646	0.9818105161717762	0.44423963133640554	paternal	52584	3279260	0.016035	45600	3279467	0.013905	3233816	45652	0.013921
T2T00	verkko_trio	haplotype2	pat-0000544	104324293	81949	1381	80981	967	967	414	83330	0.9834273370934837	0.01657266290651626	0.988187775323677	0.2997827661115134	paternal	52584	3279260	0.016035	45600	3279467	0.013905	3233816	45652	0.013921
T2T00	verkko_trio	haplotype2	pat-0000545	99115745	51043	2468	50067	975	975	1493	53511	0.9538786417745884	0.0461213582254116	0.9808788668377643	0.6049432739059968	paternal	52584	3279260	0.016035	45600	3279467	0.013905	3233816	45652	0.013921
T2T00	verkko_trio	haplotype2	pat-0000546	137904309	87266	1462	86144	1121	1121	341	88728	0.983522676043639	0.016477323956361013	0.9871427589210001	0.2332421340629275	paternal	52584	3279260	0.016035	45600	3279467	0.013905	3233816	45652	0.013921
T2T00	verkko_trio	haplotype2	pat-0000547	133650674	59487	1707	58306	1180	1180	527	61194	0.9721051083439552	0.02789489165604471	0.9801469228570948	0.3087287639132982	paternal	52584	3279260	0.016035	45600	3279467	0.013905	3233816	45652	0.013921
T2T00	verkko_trio	haplotype2	pat-0000548	191981312	102288	1981	100991	1296	1296	685	104269	0.981001064554182	0.01899893544581803	0.9873201157516033	0.3457849570923776	paternal	52584	3279260	0.016035	45600	3279467	0.013905	3233816	45652	0.013921
T2T00	verkko_trio	haplotype2	pat-0000549	92123731	52507	3206	51508	998	998	2208	55713	0.942455082296771	0.057544917703229045	0.9809739653760451	0.6887086712414223	paternal	52584	3279260	0.016035	45600	3279467	0.013905	3233816	45652	0.013921
T2T00	verkko_trio	haplotype2	pat-0000550	172114744	108038	1831	106593	1444	1444	387	109869	0.9833346985956002	0.016665301404399785	0.9866250763620208	0.2113599126160568	paternal	52584	3279260	0.016035	45600	3279467	0.013905	3233816	45652	0.013921
T2T00	verkko_trio	haplotype2	pat-0000551	72861372	36202	834	35575	626	626	208	37036	0.9774813694783454	0.022518630521654606	0.9826805148886801	0.24940047961630696	paternal	52584	3279260	0.016035	45600	3279467	0.013905	3233816	45652	0.013921
T2T04	verkko_trio	haplotype1	mat-0000001	1563361	224	789	187	37	36	752	1013	0.2211253701875617	0.7788746298124383	0.8348214285714286	0.9531051964512041	maternal	37491	1677715	0.022346	25356	1678153	0.015109	25567	1652587	0.015235
T2T04	verkko_trio	haplotype1	mat-0000002	145975383	996	87830	162	834	834	86995	88826	0.01121293315020377	0.9887870668497962	0.16265060240963855	0.9904929978367301	maternal	37491	1677715	0.022346	25356	1678153	0.015109	25567	1652587	0.015235
T2T04	verkko_trio	haplotype1	mat-0000003	2930871	1	1635	0	1	1	1633	1636	0.0006112469437652812	0.9993887530562348	0.0	0.998776758409786	maternal	37491	1677715	0.022346	25356	1678153	0.015109	25567	1652587	0.015235
T2T04	verkko_trio	haplotype1	mat-0000004	160998138	1985	90675	806	1179	1179	89495	92660	0.021422404489531623	0.9785775955104684	0.40604534005037785	0.9869864902122967	maternal	37491	1677715	0.022346	25356	1678153	0.015109	25567	1652587	0.015235
T2T04	verkko_trio	haplotype1	mat-0000005	134449659	954	64946	195	759	759	64186	65900	0.014476479514415781	0.9855235204855842	0.20440251572327045	0.9882979706217473	maternal	37491	1677715	0.022346	25356	1678153	0.015109	25567	1652587	0.015235
T2T04	verkko_trio	haplotype1	mat-0000006	242210179	1678	109128	297	1381	1381	107746	110806	0.015143584282439579	0.9848564157175604	0.1769964243146603	0.9873359724360384	maternal	37491	1677715	0.022346	25356	1678153	0.015109	25567	1652587	0.015235
T2T04	verkko_trio	haplotype1	mat-0000007	154436170	763	88822	125	638	638	88183	89585	0.008517050845565664	0.9914829491544344	0.16382699868938402	0.9928058363918849	maternal	37491	1677715	0.022346	25356	1678153	0.015109	25567	1652587	0.015235
T2T04	verkko_trio	haplotype1	mat-0000008	56401282	735	26612	213	522	522	26089	27347	0.02687680549968918	0.9731231945003108	0.2897959183673469	0.9803472117841575	maternal	37491	1677715	0.022346	25356	1678153	0.015109	25567	1652587	0.015235
T2T04	verkko_trio	haplotype1	mat-0000009	134169520	1042	85305	190	852	852	84452	86347	0.012067587756378334	0.9879324122436217	0.18234165067178504	0.9900005861321142	maternal	37491	1677715	0.022346	25356	1678153	0.015109	25567	1652587	0.015235
T2T04	verkko_trio	haplotype1	mat-0000010	2489201	1	1978	0	1	1	1976	1979	0.0005053057099545225	0.9994946942900454	0.0	0.9989888776541962	maternal	37491	1677715	0.022346	25356	1678153	0.015109	25567	1652587	0.015235
T2T04	verkko_trio	haplotype1	mat-0000011	98868964	1107	57464	505	602	602	56861	58571	0.018900138293694833	0.9810998617063051	0.4561878952122855	0.9895064736182654	maternal	37491	1677715	0.022346	25356	1678153	0.015109	25567	1652587	0.015235
T2T04	verkko_trio	haplotype1	mat-0000012	79987818	643	37510	200	443	443	37066	38153	0.016853196341047885	0.9831468036589521	0.3110419906687403	0.9881631564916022	maternal	37491	1677715	0.022346	25356	1678153	0.015109	25567	1652587	0.015235
T2T04	verkko_trio	haplotype1	mat-0000013	38934928	299	23669	79	220	219	23449	23968	0.012474966622162884	0.9875250333778371	0.26421404682274247	0.9907051417465884	maternal	37491	1677715	0.022346	25356	1678153	0.015109	25567	1652587	0.015235
T2T04	verkko_trio	haplotype1	mat-0000014	172312569	1351	103904	251	1100	1100	102803	105255	0.01283549475084319	0.9871645052491568	0.1857883049592894	0.9894036803202957	maternal	37491	1677715	0.022346	25356	1678153	0.015109	25567	1652587	0.015235
T2T04	verkko_trio	haplotype1	mat-0000015	24860134	282	15807	83	199	199	15607	16089	0.01752750326309901	0.982472496736901	0.29432624113475175	0.9873473777440375	maternal	37491	1677715	0.022346	25356	1678153	0.015109	25567	1652587	0.015235
T2T04	verkko_trio	haplotype1	mat-0000016	133700054	956	93837	201	755	755	93081	94793	0.010085132868460751	0.9899148671315392	0.2102510460251046	0.9919434764538508	maternal	37491	1677715	0.022346	25356	1678153	0.015109	25567	1652587	0.015235
T2T04	verkko_trio	haplotype1	mat-0000017	2402954	0	1095	0	0	0	1094	1095	0.0	1.0	0.0	0.9990867579908675	maternal	37491	1677715	0.022346	25356	1678153	0.015109	25567	1652587	0.015235
T2T04	verkko_trio	haplotype1	mat-0000018	2189222	11	1280	4	7	7	1272	1291	0.008520526723470178	0.9914794732765299	0.36363636363636365	0.99375	maternal	37491	1677715	0.022346	25356	1678153	0.015109	25567	1652587	0.015235
T2T04	verkko_trio	haplotype1	mat-0000019	1245678	18	574	6	12	12	561	592	0.030405405405405407	0.9695945945945946	0.3333333333333333	0.9773519163763066	maternal	37491	1677715	0.022346	25356	1678153	0.015109	25567	1652587	0.015235
T2T04	verkko_trio	haplotype1	mat-0000020	28851238	427	15790	128	299	299	15490	16217	0.02633039403095517	0.9736696059690448	0.2997658079625293	0.981000633312223	maternal	37491	1677715	0.022346	25356	1678153	0.015109	25567	1652587	0.015235
T2T04	verkko_trio	haplotype1	mat-0000021	92246877	752	54438	164	588	588	53849	55190	0.013625656821888023	0.986374343178112	0.21808510638297873	0.989180351960028	maternal	37491	1677715	0.022346	25356	1678153	0.015109	25567	1652587	0.015235
T2T04	verkko_trio	haplotype1	mat-0000022	251114014	1936	113650	442	1494	1494	112155	115586	0.016749433322374684	0.9832505666776253	0.22830578512396693	0.9868455785305763	maternal	37491	1677715	0.022346	25356	1678153	0.015109	25567	1652587	0.015235
T2T04	verkko_trio	haplotype1	mat-0000023	45311774	383	27532	80	303	303	27228	27915	0.013720222102812108	0.9862797778971879	0.20887728459530025	0.9889583030655238	maternal	37491	1677715	0.022346	25356	1678153	0.015109	25567	1652587	0.015235
T2T04	verkko_trio	haplotype1	mat-0000024	104355948	752	62952	181	571	571	62380	63704	0.011804596257691825	0.9881954037423082	0.24069148936170212	0.990913712034566	maternal	37491	1677715	0.022346	25356	1678153	0.015109	25567	1652587	0.015235
T2T04	verkko_trio	haplotype1	mat-0000025	184941685	1351	84321	355	996	996	83324	85672	0.015769446260155008	0.984230553739845	0.2627683197631384	0.9881761364310195	maternal	37491	1677715	0.022346	25356	1678153	0.015109	25567	1652587	0.015235
T2T04	verkko_trio	haplotype1	mat-0000026	15301259	170	11214	33	136	137	11077	11384	0.014933239634574842	0.9850667603654252	0.19411764705882353	0.9877831282325664	maternal	37491	1677715	0.022346	25356	1678153	0.015109	25567	1652587	0.015235
T2T04	verkko_trio	haplotype1	mat-0000027	2408543	48	1329	27	21	21	1307	1377	0.034858387799564274	0.9651416122004357	0.5625	0.9834462001504891	maternal	37491	1677715	0.022346	25356	1678153	0.015109	25567	1652587	0.015235
T2T04	verkko_trio	haplotype1	mat-0000028	14092410	154	6482	37	117	117	6364	6636	0.023206751054852322	0.9767932489451476	0.24025974025974026	0.9817957420549214	maternal	37491	1677715	0.022346	25356	1678153	0.015109	25567	1652587	0.015235
T2T04	verkko_trio	haplotype1	mat-0000029	134451918	1113	72462	199	914	914	71547	73575	0.015127420998980632	0.9848725790010193	0.17879604672057503	0.9873726918936822	maternal	37491	1677715	0.022346	25356	1678153	0.015109	25567	1652587	0.015235
T2T04	verkko_trio	haplotype1	mat-0000030	2168825	1	1727	0	1	1	1725	1728	0.0005787037037037037	0.9994212962962963	0.0	0.9988419224088014	maternal	37491	1677715	0.022346	25356	1678153	0.015109	25567	1652587	0.015235
T2T04	verkko_trio	haplotype1	mat-0000031	201294277	1689	96557	502	1187	1187	95369	98246	0.01719153960466584	0.9828084603953342	0.2972172883362937	0.9876963865903041	maternal	37491	1677715	0.022346	25356	1678153	0.015109	25567	1652587	0.015235
T2T04	verkko_trio	haplotype1	mat-0000032	62514648	805	38421	206	599	599	37821	39226	0.02052210268699332	0.9794778973130067	0.25590062111801243	0.984383540251425	maternal	37491	1677715	0.022346	25356	1678153	0.015109	25567	1652587	0.015235
T2T04	verkko_trio	haplotype1	mat-0000033	193710917	1277	105470	287	990	990	104479	106747	0.011962865466945206	0.9880371345330548	0.22474549725920126	0.9906039632122878	maternal	37491	1677715	0.022346	25356	1678153	0.015109	25567	1652587	0.015235
T2T04	verkko_trio	haplotype1	mat-0000034	3174218	3	2927	0	3	3	2923	2930	0.0010238907849829352	0.9989761092150171	0.0	0.9986334130509054	maternal	37491	1677715	0.022346	25356	1678153	0.015109	25567	1652587	0.015235
T2T04	verkko_trio	haplotype1	mat-0000035	36926362	339	31954	53	286	286	31667	32293	0.010497631065556004	0.989502368934444	0.15634218289085547	0.9910183388621143	maternal	37491	1677715	0.022346	25356	1678153	0.015109	25567	1652587	0.015235
T2T04	verkko_trio	haplotype1	mat-0000036	58437000	736	24941	300	436	436	24504	25677	0.028663784710051796	0.9713362152899482	0.4076086956521739	0.9824786496130868	maternal	37491	1677715	0.022346	25356	1678153	0.015109	25567	1652587	0.015235
T2T04	verkko_trio	haplotype2	pat-0000697	242226216	110798	2119	109128	1669	1669	450	112917	0.9812340037372583	0.01876599626274166	0.9849275257676131	0.21236432279377065	paternal	43425	3298154	0.013166	28504	3298459	0.008642	3269894	28571	0.008662
T2T04	verkko_trio	haplotype2	pat-0000698	83410485	36316	1244	35451	864	864	380	37560	0.9668796592119275	0.03312034078807242	0.9761812974997246	0.3054662379421222	paternal	43425	3298154	0.013166	28504	3298459	0.008642	3269894	28571	0.008662
T2T04	verkko_trio	haplotype2	pat-0000699	96383138	47665	1014	46969	695	695	319	48679	0.9791696624827955	0.020830337517204544	0.9853980908423371	0.3145956607495069	paternal	43425	3298154	0.013166	28504	3298459	0.008642	3269894	28571	0.008662
T2T04	verkko_trio	haplotype2	pat-0000700	134153481	86765	1263	85800	964	964	299	88028	0.9856522924524015	0.014347707547598492	0.988878003803377	0.2367379255740301	paternal	43425	3298154	0.013166	28504	3298459	0.008642	3269894	28571	0.008662
T2T04	verkko_trio	haplotype2	pat-0000701	2929000	3545	9	3537	7	7	2	3554	0.9974676420934159	0.0025323579065841305	0.9977433004231312	0.2222222222222222	paternal	43425	3298154	0.013166	28504	3298459	0.008642	3269894	28571	0.008662
T2T04	verkko_trio	haplotype2	pat-0000702	98128129	77450	1004	76717	732	732	272	78454	0.9872026920233513	0.012797307976648737	0.9905358295674629	0.27091633466135456	paternal	43425	3298154	0.013166	28504	3298459	0.008642	3269894	28571	0.008662
T2T04	verkko_trio	haplotype2	pat-0000703	80262522	38729	727	38201	527	527	200	39456	0.9815744120032441	0.01842558799675588	0.9863668052363862	0.2751031636863824	paternal	43425	3298154	0.013166	28504	3298459	0.008642	3269894	28571	0.008662
T2T04	verkko_trio	haplotype2	pat-0000704	160919717	92990	1812	91618	1371	1371	441	94802	0.9808864791882028	0.019113520811797218	0.9852457253468115	0.2433774834437086	paternal	43425	3298154	0.013166	28504	3298459	0.008642	3269894	28571	0.008662
T2T04	verkko_trio	haplotype2	pat-0000705	3283869	9434	2	9433	1	0	1	9436	0.9997880457821111	0.000211954217888936	0.9998940004239983	0.5	paternal	43425	3298154	0.013166	28504	3298459	0.008642	3269894	28571	0.008662
T2T04	verkko_trio	haplotype2	pat-0000706	134874427	94615	1183	93713	901	901	282	95798	0.9876510991878745	0.012348900812125514	0.9904666279131216	0.23837700760777683	paternal	43425	3298154	0.013166	28504	3298459	0.008642	3269894	28571	0.008662
T2T04	verkko_trio	haplotype2	pat-0000707	172672182	110997	1881	109503	1493	1493	388	112878	0.9833359910700048	0.016664008929995217	0.986540176761534	0.20627325890483786	paternal	43425	3298154	0.013166	28504	3298459	0.008642	3269894	28571	0.008662
T2T04	verkko_trio	haplotype2	pat-0000708	200224653	107032	1716	105669	1362	1362	354	108748	0.9842203994556221	0.01577960054437783	0.9872654906943718	0.2062937062937063	paternal	43425	3298154	0.013166	28504	3298459	0.008642	3269894	28571	0.008662
T2T04	verkko_trio	haplotype2	pat-0000709	2550111	2727	2	2724	2	2	0	2729	0.9992671308171491	0.0007328691828508611	0.9988998899889989	0.0	paternal	43425	3298154	0.013166	28504	3298459	0.008642	3269894	28571	0.008662
T2T04	verkko_trio	haplotype2	pat-0000710	2483252	213	11	203	9	9	2	224	0.9508928571428571	0.049107142857142856	0.9530516431924883	0.18181818181818182	paternal	43425	3298154	0.013166	28504	3298459	0.008642	3269894	28571	0.008662
T2T04	verkko_trio	haplotype2	pat-0000711	8356058	49886	1	49884	1	1	0	49887	0.9999799546976166	2.0045302383386453e-05	0.9999599085915888	0.0	paternal	43425	3298154	0.013166	28504	3298459	0.008642	3269894	28571	0.008662
T2T04	verkko_trio	haplotype2	pat-0000712	44076086	26094	467	25741	352	352	115	26561	0.9824178306539664	0.017582169346033658	0.9864719858971411	0.2462526766595289	paternal	43425	3298154	0.013166	28504	3298459	0.008642	3269894	28571	0.008662
T2T04	verkko_trio	haplotype2	pat-0000713	51607060	1554132	54	1554083	48	48	6	1554186	0.9999652551239041	3.4744876095911303e-05	0.999968471146595	0.1111111111111111	paternal	43425	3298154	0.013166	28504	3298459	0.008642	3269894	28571	0.008662
T2T04	verkko_trio	haplotype2	pat-0000714	104062482	54145	784	53513	631	631	153	54929	0.9857270294380018	0.014272970561998216	0.9883276387478068	0.1951530612244898	paternal	43425	3298154	0.013166	28504	3298459	0.008642	3269894	28571	0.008662
T2T04	verkko_trio	haplotype2	pat-0000715	182270636	85387	1547	84164	1222	1223	324	86934	0.9822048910667863	0.0177951089332137	0.9856769765889422	0.2094376212023271	paternal	43425	3298154	0.013166	28504	3298459	0.008642	3269894	28571	0.008662
T2T04	verkko_trio	haplotype2	pat-0000716	16573974	10430	249	10238	191	191	58	10679	0.9766832100383931	0.023316789961606892	0.9815915627996165	0.23293172690763053	paternal	43425	3298154	0.013166	28504	3298459	0.008642	3269894	28571	0.008662
T2T04	verkko_trio	haplotype2	pat-0000717	251527637	111883	2355	110076	1806	1806	549	114238	0.9793851432973266	0.020614856702673365	0.9838491996103071	0.23312101910828026	paternal	43425	3298154	0.013166	28504	3298459	0.008642	3269894	28571	0.008662
T2T04	verkko_trio	haplotype2	pat-0000718	134074806	75689	1390	74633	1055	1055	335	77079	0.9819665537954566	0.01803344620454339	0.9860481708042119	0.24100719424460432	paternal	43425	3298154	0.013166	28504	3298459	0.008642	3269894	28571	0.008662
T2T04	verkko_trio	haplotype2	pat-0000719	41302108	39525	316	39268	257	257	58	39841	0.9920684721769032	0.00793152782309681	0.9934977862112587	0.18354430379746836	paternal	43425	3298154	0.013166	28504	3298459	0.008642	3269894	28571	0.008662
T2T04	verkko_trio	haplotype2	pat-0000720	61584063	37980	1088	37173	806	806	282	39068	0.972151121122146	0.027848878877854	0.9787519747235387	0.25919117647058826	paternal	43425	3298154	0.013166	28504	3298459	0.008642	3269894	28571	0.008662
T2T04	verkko_trio	haplotype2	pat-0000721	190738091	99680	1530	98465	1214	1214	316	101210	0.9848829167078352	0.015117083292164806	0.9878109951845907	0.2065359477124183	paternal	43425	3298154	0.013166	28504	3298459	0.008642	3269894	28571	0.008662
T2T04	verkko_trio	haplotype2	pat-0000722	134323308	71908	1154	70987	920	920	234	73062	0.9842051955873095	0.015794804412690593	0.9871919675140457	0.2027729636048527	paternal	43425	3298154	0.013166	28504	3298459	0.008642	3269894	28571	0.008662
T2T04	verkko_trio	haplotype2	pat-0000723	66063139	41188	1017	40443	745	744	272	42205	0.9759033289894562	0.024096671010543774	0.9819122074390599	0.26745329400196655	paternal	43425	3298154	0.013166	28504	3298459	0.008642	3269894	28571	0.008662
T2T04	verkko_trio	haplotype2	pat-0000724	76142432	37736	833	37129	606	606	227	38569	0.9784023438512796	0.021597656148720477	0.9839145643417426	0.2725090036014406	paternal	43425	3298154	0.013166	28504	3298459	0.008642	3269894	28571	0.008662
T2T04	verkko_trio	haplotype2	pat-0000725	145428947	76407	1228	75462	944	944	284	77635	0.9841823919623881	0.015817608037611904	0.9876320232439436	0.23127035830618892	paternal	43425	3298154	0.013166	28504	3298459	0.008642	3269894	28571	0.008662
T2T04	verkko_trio	haplotype2	pat-0000791	626005	274	0	273	0	0	0	274	1.0	0.0	0.9963503649635036	0.0	paternal	43425	3298154	0.013166	28504	3298459	0.008642	3269894	28571	0.008662
T2T04	verkko_trio	haplotype2	pat-0000823	731541	1546	32	1520	25	26	6	1578	0.9797211660329531	0.020278833967046894	0.9831824062095731	0.1875	paternal	43425	3298154	0.013166	28504	3298459	0.008642	3269894	28571	0.008662
T2T04	verkko_trio	haplotype2	pat-0000862	694105	181	2	178	2	2	0	183	0.9890710382513661	0.01092896174863388	0.9834254143646409	0.0	paternal	43425	3298154	0.013166	28504	3298459	0.008642	3269894	28571	0.008662
T2T04	verkko_trio	haplotype2	pat-0001009	775857	498	85	430	68	67	17	583	0.8542024013722127	0.1457975986277873	0.8634538152610441	0.2	paternal	43425	3298154	0.013166	28504	3298459	0.008642	3269894	28571	0.008662
T2T00	hifiasm_trio	haplotype1	h1tg000001l	96954762	1640	60639	471	1169	1169	59469	62279	0.026333113890717578	0.9736668861092824	0.2871951219512195	0.9807054865680502	maternal	70417	2763123	0.025485	131891	2763228	0.047731	996465	1766763	0.360616
T2T00	hifiasm_trio	haplotype1	h1tg000002l	14394338	218	37168	61	157	157	37010	37386	0.005831059754988498	0.9941689402450115	0.2798165137614679	0.9957490314248816	maternal	70417	2763123	0.025485	131891	2763228	0.047731	996465	1766763	0.360616
T2T00	hifiasm_trio	haplotype1	h1tg000003l	41634307	1383	18105	963	420	419	17685	19488	0.0709667487684729	0.9290332512315271	0.6963123644251626	0.9768019884009942	maternal	70417	2763123	0.025485	131891	2763228	0.047731	996465	1766763	0.360616
T2T00	hifiasm_trio	haplotype1	h1tg000004l	36664623	439	21943	90	349	349	21593	22382	0.019613975516039675	0.9803860244839603	0.20501138952164008	0.9840495830105273	maternal	70417	2763123	0.025485	131891	2763228	0.047731	996465	1766763	0.360616
T2T00	hifiasm_trio	haplotype1	h1tg000005l	14011385	1620	24454	1536	84	84	24369	26074	0.062130858326302066	0.937869141673698	0.9481481481481482	0.9965240860390938	maternal	70417	2763123	0.025485	131891	2763228	0.047731	996465	1766763	0.360616
T2T00	hifiasm_trio	haplotype1	h1tg000006l	172867762	28218	75635	26277	1941	1941	73693	103853	0.2717109760912058	0.7282890239087941	0.9312141186476717	0.9743240563231308	maternal	70417	2763123	0.025485	131891	2763228	0.047731	996465	1766763	0.360616
T2T00	hifiasm_trio	haplotype1	h1tg000007l	69989796	4207	34668	3457	750	750	33917	38875	0.10821864951768488	0.8917813504823151	0.8217256952697884	0.9783373716395524	maternal	70417	2763123	0.025485	131891	2763228	0.047731	996465	1766763	0.360616
T2T00	hifiasm_trio	haplotype1	h1tg000008l	182908693	4707	95098	2947	1760	1760	93337	99805	0.047161965833375084	0.9528380341666249	0.6260888039090716	0.9814822604050558	maternal	70417	2763123	0.025485	131891	2763228	0.047731	996465	1766763	0.360616
T2T00	hifiasm_trio	haplotype1	h1tg000009l	3720167	67	1912	19	48	48	1863	1979	0.033855482566953005	0.966144517433047	0.2835820895522388	0.9743723849372385	maternal	70417	2763123	0.025485	131891	2763228	0.047731	996465	1766763	0.360616
T2T00	hifiasm_trio	haplotype1	h1tg000010l	58773931	750	26409	174	576	576	25832	27159	0.027615155197172208	0.9723848448028278	0.232	0.9781513877844674	maternal	70417	2763123	0.025485	131891	2763228	0.047731	996465	1766763	0.360616
T2T00	hifiasm_trio	haplotype1	h1tg000011l	113315131	1764	52554	519	1245	1245	51308	54318	0.03247542251187452	0.9675245774881255	0.2942176870748299	0.9762910530121399	maternal	70417	2763123	0.025485	131891	2763228	0.047731	996465	1766763	0.360616
T2T00	hifiasm_trio	haplotype1	h1tg000012l	49152259	1182	20696	542	640	640	20055	21878	0.05402687631410549	0.9459731236858945	0.45854483925549916	0.9690278314650174	maternal	70417	2763123	0.025485	131891	2763228	0.047731	996465	1766763	0.360616
T2T00	hifiasm_trio	haplotype1	h1tg000013l	54264356	815	26649	187	628	628	26020	27464	0.029675211185551994	0.9703247888144481	0.2294478527607362	0.9763968629216856	maternal	70417	2763123	0.025485	131891	2763228	0.047731	996465	1766763	0.360616
T2T00	hifiasm_trio	haplotype1	h1tg000014l	98690585	1391	49668	312	1078	1079	48589	51059	0.027242993399792397	0.9727570066002076	0.22429906542056074	0.9782757509865507	maternal	70417	2763123	0.025485	131891	2763228	0.047731	996465	1766763	0.360616
T2T00	hifiasm_trio	haplotype1	h1tg000015l	33908159	601	19693	134	466	467	19226	20294	0.029614664432837293	0.9703853355671627	0.22296173044925124	0.976285989945666	maternal	70417	2763123	0.025485	131891	2763228	0.047731	996465	1766763	0.360616
T2T00	hifiasm_trio	haplotype1	h1tg000016l	42106458	624	23487	119	505	505	22981	24111	0.025880303595869104	0.9741196964041309	0.1907051282051282	0.9784561672414527	maternal	70417	2763123	0.025485	131891	2763228	0.047731	996465	1766763	0.360616
T2T00	hifiasm_trio	haplotype1	h1tg000017l	74264730	1165	38209	299	866	866	37342	39374	0.02958805302991822	0.9704119469700818	0.25665236051502144	0.9773090109660028	maternal	70417	2763123	0.025485	131891	2763228	0.047731	996465	1766763	0.360616
T2T00	hifiasm_trio	haplotype1	h1tg000018l	11064907	165	7304	38	127	127	7176	7469	0.022091310751104567	0.9779086892488954	0.23030303030303031	0.9824753559693319	maternal	70417	2763123	0.025485	131891	2763228	0.047731	996465	1766763	0.360616
T2T00	hifiasm_trio	haplotype1	h1tg000019l	24909346	390	33939	96	294	293	33645	34329	0.011360657170322468	0.9886393428296776	0.24615384615384617	0.991337399451958	maternal	70417	2763123	0.025485	131891	2763228	0.047731	996465	1766763	0.360616
T2T00	hifiasm_trio	haplotype1	h1tg000020l	47288020	872	23863	234	638	638	23224	24735	0.03525368910450778	0.9647463108954922	0.268348623853211	0.9732221430666722	maternal	70417	2763123	0.025485	131891	2763228	0.047731	996465	1766763	0.360616
T2T00	hifiasm_trio	haplotype1	h1tg000021l	19518667	502	7447	167	335	335	7111	7949	0.06315259781104542	0.9368474021889546	0.33266932270916333	0.9548811601987377	maternal	70417	2763123	0.025485	131891	2763228	0.047731	996465	1766763	0.360616
T2T00	hifiasm_trio	haplotype1	h1tg000022l	117190038	1160	66514	172	987	988	65526	67674	0.017140999497591396	0.9828590005024086	0.1482758620689655	0.9851459843040563	maternal	70417	2763123	0.025485	131891	2763228	0.047731	996465	1766763	0.360616
T2T00	hifiasm_trio	haplotype1	h1tg000023l	10087262	13232	361	13086	145	146	215	13593	0.9734422129037005	0.026557787096299565	0.9889661426844014	0.5955678670360111	paternal	70417	2763123	0.025485	131891	2763228	0.047731	996465	1766763	0.360616
T2T00	hifiasm_trio	haplotype1	h1tg000024l	91187309	18409	26756	17306	1102	1103	25653	45165	0.40759437617624267	0.5924056238237574	0.9400836547340975	0.9587756017341904	mixed	70417	2763123	0.025485	131891	2763228	0.047731	996465	1766763	0.360616
T2T00	hifiasm_trio	haplotype1	h1tg000025l	210505019	20815	102030	18421	2394	2393	99636	122845	0.16944116569660955	0.8305588343033905	0.8849867883737689	0.976536312849162	maternal	70417	2763123	0.025485	131891	2763228	0.047731	996465	1766763	0.360616
T2T00	hifiasm_trio	haplotype1	h1tg000026l	80396048	1293	62111	305	988	987	61123	63404	0.020393035139738818	0.9796069648602612	0.23588553750966745	0.984092994799633	maternal	70417	2763123	0.025485	131891	2763228	0.047731	996465	1766763	0.360616
T2T00	hifiasm_trio	haplotype1	h1tg000027l	113932165	1513	52208	349	1164	1164	51043	53721	0.028164032687403435	0.9718359673125966	0.23066754791804361	0.9776854121973644	maternal	70417	2763123	0.025485	131891	2763228	0.047731	996465	1766763	0.360616
T2T00	hifiasm_trio	haplotype1	h1tg000028l	28613371	256	100730	53	202	203	100527	100986	0.002535004852157725	0.9974649951478423	0.20703125	0.9979847116052815	maternal	70417	2763123	0.025485	131891	2763228	0.047731	996465	1766763	0.360616
T2T00	hifiasm_trio	haplotype1	h1tg000029l	29122855	555	14255	136	419	419	13835	14810	0.037474679270763	0.962525320729237	0.24504504504504504	0.9705366538056822	maternal	70417	2763123	0.025485	131891	2763228	0.047731	996465	1766763	0.360616
T2T00	hifiasm_trio	haplotype1	h1tg000030l	102956803	1340	62585	301	1039	1039	61545	63925	0.020962064919827925	0.9790379350801721	0.22462686567164178	0.9833825996644563	maternal	70417	2763123	0.025485	131891	2763228	0.047731	996465	1766763	0.360616
T2T00	hifiasm_trio	haplotype1	h1tg000031l	12408451	291	7367	68	222	223	7144	7658	0.03799947767041003	0.96200052232959	0.23367697594501718	0.9697298764761776	maternal	70417	2763123	0.025485	131891	2763228	0.047731	996465	1766763	0.360616
T2T00	hifiasm_trio	haplotype1	h1tg000032l	48670968	1204	31761	333	871	871	30889	32965	0.036523585621113304	0.9634764143788866	0.276578073089701	0.9725449450584049	maternal	70417	2763123	0.025485	131891	2763228	0.047731	996465	1766763	0.360616
T2T00	hifiasm_trio	haplotype1	h1tg000033l	38055805	541	21052	137	404	404	20647	21593	0.025054415782892605	0.9749455842171074	0.2532347504621072	0.9807619228576857	maternal	70417	2763123	0.025485	131891	2763228	0.047731	996465	1766763	0.360616
T2T00	hifiasm_trio	haplotype1	h1tg000034l	133732286	2247	66696	587	1660	1660	65035	68943	0.0325921413341456	0.9674078586658544	0.2612372051624388	0.9750959577785774	maternal	70417	2763123	0.025485	131891	2763228	0.047731	996465	1766763	0.360616
T2T00	hifiasm_trio	haplotype1	h1tg000035l	43280483	615	22084	132	483	483	21600	22699	0.027093704568483194	0.9729062954315169	0.2146341463414634	0.9780836804926644	maternal	70417	2763123	0.025485	131891	2763228	0.047731	996465	1766763	0.360616
T2T00	hifiasm_trio	haplotype1	h1tg000036l	16939123	1653	7635	1492	160	161	7474	9288	0.17797157622739018	0.8220284237726099	0.9026013309134906	0.978912901113294	maternal	70417	2763123	0.025485	131891	2763228	0.047731	996465	1766763	0.360616
T2T00	hifiasm_trio	haplotype1	h1tg000037l	96392048	5512	46383	4498	1014	1014	45368	51895	0.10621447152904905	0.8937855284709509	0.8160377358490566	0.9781169825151457	maternal	70417	2763123	0.025485	131891	2763228	0.047731	996465	1766763	0.360616
T2T00	hifiasm_trio	haplotype1	h1tg000038l	49280260	987	23402	282	705	704	22697	24389	0.04046906392226003	0.95953093607774	0.2857142857142857	0.9698743697119905	maternal	70417	2763123	0.025485	131891	2763228	0.047731	996465	1766763	0.360616
T2T00	hifiasm_trio	haplotype1	h1tg000039l	23555234	801517	231	801295	221	221	10	801748	0.9997118795431981	0.0002881204568018879	0.999723025213439	0.04329004329004329	paternal	70417	2763123	0.025485	131891	2763228	0.047731	996465	1766763	0.360616
T2T00	hifiasm_trio	haplotype1	h1tg000040l	10410814	144	7148	29	114	115	7033	7292	0.019747668678003292	0.9802523313219967	0.2013888888888889	0.9839115836597649	maternal	70417	2763123	0.025485	131891	2763228	0.047731	996465	1766763	0.360616
T2T00	hifiasm_trio	haplotype1	h1tg000041l	41815762	991	14522	337	654	653	13868	15513	0.06388190549861407	0.9361180945013859	0.34006054490413723	0.9549648808704035	maternal	70417	2763123	0.025485	131891	2763228	0.047731	996465	1766763	0.360616
T2T00	hifiasm_trio	haplotype1	h1tg000042l	5937928	164	3568	41	123	123	3444	3732	0.04394426580921758	0.9560557341907824	0.25	0.9652466367713004	maternal	70417	2763123	0.025485	131891	2763228	0.047731	996465	1766763	0.360616
T2T00	hifiasm_trio	haplotype1	h1tg000043l	18634816	337	10109	67	269	270	9839	10446	0.03226115259429447	0.9677388474057055	0.19881305637982197	0.9732911267187655	maternal	70417	2763123	0.025485	131891	2763228	0.047731	996465	1766763	0.360616
T2T00	hifiasm_trio	haplotype1	h1tg000044l	56687458	11479	22440	10656	822	823	21617	33919	0.3384238922138035	0.6615761077861966	0.9283038592211865	0.9633244206773619	mixed	70417	2763123	0.025485	131891	2763228	0.047731	996465	1766763	0.360616
T2T00	hifiasm_trio	haplotype1	h1tg000045l	1027773	34	366	7	27	27	338	400	0.085	0.915	0.20588235294117646	0.9234972677595629	maternal	70417	2763123	0.025485	131891	2763228	0.047731	996465	1766763	0.360616
T2T00	hifiasm_trio	haplotype1	h1tg000046l	18872874	410	15482	90	320	320	15161	15892	0.025799144223508683	0.9742008557764913	0.21951219512195122	0.9792662446712311	maternal	70417	2763123	0.025485	131891	2763228	0.047731	996465	1766763	0.360616
T2T00	hifiasm_trio	haplotype1	h1tg000047l	68974047	864	52775	220	644	644	52130	53639	0.01610768284270773	0.9838923171572923	0.25462962962962965	0.9877783041212695	maternal	70417	2763123	0.025485	131891	2763228	0.047731	996465	1766763	0.360616
T2T00	hifiasm_trio	haplotype1	h1tg000048l	12862561	146	6464	21	125	125	6338	6610	0.022087745839636914	0.9779122541603631	0.14383561643835616	0.9805074257425742	maternal	70417	2763123	0.025485	131891	2763228	0.047731	996465	1766763	0.360616
T2T00	hifiasm_trio	haplotype1	h1tg000049l	13307553	201	6619	53	148	148	6470	6820	0.029472140762463343	0.9705278592375367	0.263681592039801	0.9774890466837891	maternal	70417	2763123	0.025485	131891	2763228	0.047731	996465	1766763	0.360616
T2T00	hifiasm_trio	haplotype1	h1tg000050l	632422	23511	3	23507	3	3	0	23514	0.9998724164327635	0.00012758356723653993	0.9998298668708264	0.0	paternal	70417	2763123	0.025485	131891	2763228	0.047731	996465	1766763	0.360616
T2T00	hifiasm_trio	haplotype1	h1tg000051l	1893943	22	704	6	16	16	687	726	0.030303030303030304	0.9696969696969697	0.2727272727272727	0.9758522727272727	maternal	70417	2763123	0.025485	131891	2763228	0.047731	996465	1766763	0.360616
T2T00	hifiasm_trio	haplotype1	h1tg000052l	37066082	448	24030	90	358	357	23672	24478	0.018302148868371598	0.9816978511316284	0.20089285714285715	0.9851019558884727	maternal	70417	2763123	0.025485	131891	2763228	0.047731	996465	1766763	0.360616
T2T00	hifiasm_trio	haplotype1	h1tg000053l	27985428	295	20831	70	225	225	20605	21126	0.013963836031430464	0.9860361639685695	0.23728813559322035	0.9891507848879074	maternal	70417	2763123	0.025485	131891	2763228	0.047731	996465	1766763	0.360616
T2T00	hifiasm_trio	haplotype1	h1tg000054l	14878398	201	6650	52	149	149	6500	6851	0.02933878265946577	0.9706612173405342	0.25870646766169153	0.9774436090225563	maternal	70417	2763123	0.025485	131891	2763228	0.047731	996465	1766763	0.360616
T2T00	hifiasm_trio	haplotype1	h1tg000055l	18660341	481	8010	160	321	320	7689	8491	0.05664821575786126	0.9433517842421387	0.33264033264033266	0.9599250936329587	maternal	70417	2763123	0.025485	131891	2763228	0.047731	996465	1766763	0.360616
T2T00	hifiasm_trio	haplotype1	h1tg000056l	17592207	447	10128	122	325	324	9803	10575	0.04226950354609929	0.9577304964539007	0.27293064876957496	0.9679107424960506	maternal	70417	2763123	0.025485	131891	2763228	0.047731	996465	1766763	0.360616
T2T00	hifiasm_trio	haplotype1	h1tg000057l	27288832	375	11204	91	284	283	10920	11579	0.03238621642628897	0.9676137835737111	0.24266666666666667	0.9746519100321314	maternal	70417	2763123	0.025485	131891	2763228	0.047731	996465	1766763	0.360616
T2T00	hifiasm_trio	haplotype1	h1tg000058l	24866771	326	12827	94	232	232	12594	13153	0.0247852201018779	0.9752147798981221	0.2883435582822086	0.9818351913931551	maternal	70417	2763123	0.025485	131891	2763228	0.047731	996465	1766763	0.360616
T2T00	hifiasm_trio	haplotype1	h1tg000059l	8216062	0	20331	0	0	0	20330	20331	0.0	1.0	0.0	0.9999508140278393	maternal	70417	2763123	0.025485	131891	2763228	0.047731	996465	1766763	0.360616
T2T00	hifiasm_trio	haplotype1	h1tg000060l	584630	2	321	0	2	2	318	323	0.006191950464396285	0.9938080495356038	0.0	0.9906542056074766	maternal	70417	2763123	0.025485	131891	2763228	0.047731	996465	1766763	0.360616
T2T00	hifiasm_trio	haplotype1	h1tg000061l	10073534	183	5373	40	143	143	5229	5556	0.032937365010799136	0.9670626349892009	0.2185792349726776	0.9731993299832495	maternal	70417	2763123	0.025485	131891	2763228	0.047731	996465	1766763	0.360616
T2T00	hifiasm_trio	haplotype1	h1tg000062l	4102347	2733	128	2693	39	39	89	2861	0.9552603984620762	0.0447396015379238	0.9853640687888767	0.6953125	paternal	70417	2763123	0.025485	131891	2763228	0.047731	996465	1766763	0.360616
T2T00	hifiasm_trio	haplotype1	h1tg000063l	4619589	2060	31	2038	21	21	10	2091	0.9851745576279293	0.01482544237207078	0.9893203883495145	0.3225806451612903	paternal	70417	2763123	0.025485	131891	2763228	0.047731	996465	1766763	0.360616
T2T00	hifiasm_trio	haplotype1	h1tg000064l	4538392	18833	24	18810	22	22	2	18857	0.9987272630853264	0.001272736914673596	0.9987787394467159	0.08333333333333333	paternal	70417	2763123	0.025485	131891	2763228	0.047731	996465	1766763	0.360616
T2T00	hifiasm_trio	haplotype1	h1tg000065l	30187033	426	13649	111	315	314	13334	14075	0.030266429840142096	0.969733570159858	0.2605633802816901	0.9769213861821379	maternal	70417	2763123	0.025485	131891	2763228	0.047731	996465	1766763	0.360616
T2T00	hifiasm_trio	haplotype1	h1tg000066l	8261799	197	5944	86	111	111	5832	6141	0.03207946588503501	0.967920534114965	0.4365482233502538	0.9811574697173621	maternal	70417	2763123	0.025485	131891	2763228	0.047731	996465	1766763	0.360616
T2T00	hifiasm_trio	haplotype1	h1tg000067l	3612956	9	7387	1	8	8	7378	7396	0.0012168739859383451	0.9987831260140616	0.1111111111111111	0.9987816434276432	maternal	70417	2763123	0.025485	131891	2763228	0.047731	996465	1766763	0.360616
T2T00	hifiasm_trio	haplotype1	h1tg000068l	4807076	134	2725	35	99	99	2625	2859	0.04686953480237845	0.9531304651976216	0.26119402985074625	0.963302752293578	maternal	70417	2763123	0.025485	131891	2763228	0.047731	996465	1766763	0.360616
T2T00	hifiasm_trio	haplotype1	h1tg000069l	3311223	62	2421	20	41	42	2379	2483	0.024969794603302457	0.9750302053966975	0.3225806451612903	0.9826517967781908	maternal	70417	2763123	0.025485	131891	2763228	0.047731	996465	1766763	0.360616
T2T00	hifiasm_trio	haplotype1	h1tg000070l	2835348	9	6992	2	7	7	6984	7001	0.001285530638480217	0.9987144693615198	0.2222222222222222	0.9988558352402745	maternal	70417	2763123	0.025485	131891	2763228	0.047731	996465	1766763	0.360616
T2T00	hifiasm_trio	haplotype1	h1tg000071l	5176661	76	3845	20	56	56	3788	3921	0.01938281050752359	0.9806171894924764	0.2631578947368421	0.9851755526657997	maternal	70417	2763123	0.025485	131891	2763228	0.047731	996465	1766763	0.360616
T2T00	hifiasm_trio	haplotype1	h1tg000072l	3526223	61	1423	22	39	39	1383	1484	0.04110512129380054	0.9588948787061995	0.36065573770491804	0.971890372452565	maternal	70417	2763123	0.025485	131891	2763228	0.047731	996465	1766763	0.360616
T2T00	hifiasm_trio	haplotype1	h1tg000073l	2197955	295	1345	247	47	48	1297	1640	0.1798780487804878	0.8201219512195121	0.8372881355932204	0.9643122676579926	maternal	70417	2763123	0.025485	131891	2763228	0.047731	996465	1766763	0.360616
T2T00	hifiasm_trio	haplotype1	h1tg000074l	3242792	137	1518	50	87	87	1430	1655	0.08277945619335347	0.9172205438066465	0.36496350364963503	0.9420289855072463	maternal	70417	2763123	0.025485	131891	2763228	0.047731	996465	1766763	0.360616
T2T00	hifiasm_trio	haplotype1	h1tg000075l	3002826	37	385	11	26	26	358	422	0.08767772511848342	0.9123222748815166	0.2972972972972973	0.9298701298701298	maternal	70417	2763123	0.025485	131891	2763228	0.047731	996465	1766763	0.360616
T2T00	hifiasm_trio	haplotype1	h1tg000076l	1504856	50	1193	10	40	40	1152	1243	0.04022526146419952	0.9597747385358005	0.2	0.9656328583403185	maternal	70417	2763123	0.025485	131891	2763228	0.047731	996465	1766763	0.360616
T2T00	hifiasm_trio	haplotype1	h1tg000077l	6532599	90	6779	14	76	76	6702	6869	0.013102343863735624	0.9868976561362643	0.15555555555555556	0.9886413925357722	maternal	70417	2763123	0.025485	131891	2763228	0.047731	996465	1766763	0.360616
T2T00	hifiasm_trio	haplotype1	h1tg000078l	2129973	35	1218	7	28	28	1189	1253	0.027932960893854747	0.9720670391061452	0.2	0.9761904761904762	maternal	70417	2763123	0.025485	131891	2763228	0.047731	996465	1766763	0.360616
T2T00	hifiasm_trio	haplotype1	h1tg000079l	3404782	8	2072	0	8	8	2063	2080	0.0038461538461538464	0.9961538461538462	0.0	0.9956563706563707	maternal	70417	2763123	0.025485	131891	2763228	0.047731	996465	1766763	0.360616
T2T00	hifiasm_trio	haplotype1	h1tg000080l	1999715	2454	60	2431	22	22	38	2514	0.9761336515513126	0.02386634844868735	0.9906275468622657	0.6333333333333333	paternal	70417	2763123	0.025485	131891	2763228	0.047731	996465	1766763	0.360616
T2T00	hifiasm_trio	haplotype1	h1tg000081l	3818088	127	2708	30	97	97	2610	2835	0.04479717813051146	0.9552028218694886	0.23622047244094488	0.9638109305760709	maternal	70417	2763123	0.025485	131891	2763228	0.047731	996465	1766763	0.360616
T2T00	hifiasm_trio	haplotype1	h1tg000083l	4139838	41	4242	4	37	37	4204	4283	0.00957272939528368	0.9904272706047164	0.0975609756097561	0.991041961338991	maternal	70417	2763123	0.025485	131891	2763228	0.047731	996465	1766763	0.360616
T2T00	hifiasm_trio	haplotype1	h1tg000084l	4519742	73	4687	19	54	54	4632	4760	0.015336134453781512	0.9846638655462185	0.2602739726027397	0.9882654149775976	maternal	70417	2763123	0.025485	131891	2763228	0.047731	996465	1766763	0.360616
T2T00	hifiasm_trio	haplotype1	h1tg000085l	1505202	22	781	5	17	16	764	803	0.0273972602739726	0.9726027397260274	0.22727272727272727	0.9782330345710627	maternal	70417	2763123	0.025485	131891	2763228	0.047731	996465	1766763	0.360616
T2T00	hifiasm_trio	haplotype1	h1tg000086l	2254263	57	1357	25	31	32	1325	1414	0.04031117397454031	0.9596888260254597	0.43859649122807015	0.976418570375829	maternal	70417	2763123	0.025485	131891	2763228	0.047731	996465	1766763	0.360616
T2T00	hifiasm_trio	haplotype1	h1tg000087l	1677414	622	23	602	19	19	4	645	0.9643410852713178	0.03565891472868217	0.9678456591639871	0.17391304347826086	paternal	70417	2763123	0.025485	131891	2763228	0.047731	996465	1766763	0.360616
T2T00	hifiasm_trio	haplotype1	h1tg000089l	1768108	16	1319	3	13	13	1305	1335	0.01198501872659176	0.9880149812734083	0.1875	0.9893858984078847	maternal	70417	2763123	0.025485	131891	2763228	0.047731	996465	1766763	0.360616
T2T00	hifiasm_trio	haplotype1	h1tg000090l	2677225	51	1792	18	33	33	1758	1843	0.027672273467173086	0.972327726532827	0.35294117647058826	0.9810267857142857	maternal	70417	2763123	0.025485	131891	2763228	0.047731	996465	1766763	0.360616
T2T00	hifiasm_trio	haplotype1	h1tg000091l	2014645	34	1679	8	26	25	1653	1713	0.0198482194979568	0.9801517805020432	0.23529411764705882	0.984514592019059	maternal	70417	2763123	0.025485	131891	2763228	0.047731	996465	1766763	0.360616
T2T00	hifiasm_trio	haplotype1	h1tg000092l	2389965	42	1957	12	30	30	1926	1999	0.021010505252626314	0.9789894947473737	0.2857142857142857	0.9841594276954522	maternal	70417	2763123	0.025485	131891	2763228	0.047731	996465	1766763	0.360616
T2T00	hifiasm_trio	haplotype1	h1tg000093l	821089	15	601	7	7	8	593	616	0.024350649350649352	0.9756493506493507	0.4666666666666667	0.9866888519134775	maternal	70417	2763123	0.025485	131891	2763228	0.047731	996465	1766763	0.360616
T2T00	hifiasm_trio	haplotype1	h1tg000094l	2930692	35	1861	7	28	28	1832	1896	0.018459915611814346	0.9815400843881856	0.2	0.984416980118216	maternal	70417	2763123	0.025485	131891	2763228	0.047731	996465	1766763	0.360616
T2T00	hifiasm_trio	haplotype1	h1tg000095l	1664298	4	3210	1	3	3	3206	3214	0.0012445550715619166	0.998755444928438	0.25	0.9987538940809969	maternal	70417	2763123	0.025485	131891	2763228	0.047731	996465	1766763	0.360616
T2T00	hifiasm_trio	haplotype1	h1tg000096l	1654745	30	908	9	21	21	886	938	0.031982942430703626	0.9680170575692963	0.3	0.9757709251101322	maternal	70417	2763123	0.025485	131891	2763228	0.047731	996465	1766763	0.360616
T2T00	hifiasm_trio	haplotype1	h1tg000097l	1295757	23	999	7	16	16	982	1022	0.022504892367906065	0.9774951076320939	0.30434782608695654	0.982982982982983	maternal	70417	2763123	0.025485	131891	2763228	0.047731	996465	1766763	0.360616
T2T00	hifiasm_trio	haplotype1	h1tg000098l	757586	4	600	0	4	4	595	604	0.006622516556291391	0.9933774834437086	0.0	0.9916666666666667	maternal	70417	2763123	0.025485	131891	2763228	0.047731	996465	1766763	0.360616
T2T00	hifiasm_trio	haplotype1	h1tg000099l	2123414	14	2293	1	13	13	2279	2307	0.006068487212830516	0.9939315127871695	0.07142857142857142	0.9938944614042738	maternal	70417	2763123	0.025485	131891	2763228	0.047731	996465	1766763	0.360616
T2T00	hifiasm_trio	haplotype1	h1tg000100l	1826472	46	781	18	28	28	752	827	0.05562273276904474	0.9443772672309553	0.391304347826087	0.9628681177976952	maternal	70417	2763123	0.025485	131891	2763228	0.047731	996465	1766763	0.360616
T2T00	hifiasm_trio	haplotype1	h1tg000101l	1195635	33	233	13	20	20	212	266	0.12406015037593984	0.8759398496240601	0.3939393939393939	0.9098712446351931	maternal	70417	2763123	0.025485	131891	2763228	0.047731	996465	1766763	0.360616
T2T00	hifiasm_trio	haplotype1	h1tg000102l	1006615	23	823	6	17	17	805	846	0.027186761229314422	0.9728132387706856	0.2608695652173913	0.9781287970838396	maternal	70417	2763123	0.025485	131891	2763228	0.047731	996465	1766763	0.360616
T2T00	hifiasm_trio	haplotype1	h1tg000103l	852636	489	22	469	19	20	2	511	0.9569471624266145	0.043052837573385516	0.9591002044989775	0.09090909090909091	paternal	70417	2763123	0.025485	131891	2763228	0.047731	996465	1766763	0.360616
T2T00	hifiasm_trio	haplotype1	h1tg000104l	1171911	15	415	2	13	13	401	430	0.03488372093023256	0.9651162790697675	0.13333333333333333	0.9662650602409638	maternal	70417	2763123	0.025485	131891	2763228	0.047731	996465	1766763	0.360616
T2T00	hifiasm_trio	haplotype1	h1tg000105l	575879	5	185	1	4	4	180	190	0.02631578947368421	0.9736842105263158	0.2	0.972972972972973	maternal	70417	2763123	0.025485	131891	2763228	0.047731	996465	1766763	0.360616
T2T00	hifiasm_trio	haplotype2	h2tg000001l	132912142	58798	2248	57229	1568	1568	680	61046	0.9631753104216493	0.03682468957835075	0.9733154188917991	0.302491103202847	paternal	70171	3305695	0.021227	138812	3305796	0.04199	3138005	167791	0.050757
T2T00	hifiasm_trio	haplotype2	h2tg000002l	30444333	7710	8834	7361	348	349	8485	16544	0.46602998065764023	0.5339700193423598	0.9547341115434501	0.9604935476567806	mixed	70171	3305695	0.021227	138812	3305796	0.04199	3138005	167791	0.050757
T2T00	hifiasm_trio	haplotype2	h2tg000003l	77102667	32176	8393	31260	915	916	7477	40569	0.7931178979023392	0.20688210209766078	0.9715315763301839	0.8908614321458358	paternal	70171	3305695	0.021227	138812	3305796	0.04199	3138005	167791	0.050757
T2T00	hifiasm_trio	haplotype2	h2tg000004l	47135869	18797	873	18209	587	587	286	19670	0.9556176919166243	0.0443823080833757	0.968718412512635	0.32760595647193586	paternal	70171	3305695	0.021227	138812	3305796	0.04199	3138005	167791	0.050757
T2T00	hifiasm_trio	haplotype2	h2tg000005l	59892190	41582	2017	40114	1467	1468	549	43599	0.9537374710429138	0.04626252895708617	0.9646962628060218	0.2721864154685176	paternal	70171	3305695	0.021227	138812	3305796	0.04199	3138005	167791	0.050757
T2T00	hifiasm_trio	haplotype2	h2tg000006l	46019993	15932	1874	15229	702	703	1171	17806	0.8947545771088398	0.10524542289116029	0.9558749686166207	0.6248665955176094	paternal	70171	3305695	0.021227	138812	3305796	0.04199	3138005	167791	0.050757
T2T00	hifiasm_trio	haplotype2	h2tg000007l	1433947	748	21	727	20	20	1	769	0.9726918075422627	0.027308192457737322	0.9719251336898396	0.047619047619047616	paternal	70171	3305695	0.021227	138812	3305796	0.04199	3138005	167791	0.050757
T2T00	hifiasm_trio	haplotype2	h2tg000008l	52663214	1534325	595	1533899	425	426	169	1534920	0.999612357647304	0.00038764235269590595	0.9997223534779137	0.28403361344537814	paternal	70171	3305695	0.021227	138812	3305796	0.04199	3138005	167791	0.050757
T2T00	hifiasm_trio	haplotype2	h2tg000009l	56512054	25929	5842	25172	756	756	5086	31771	0.8161216203455982	0.18387837965440182	0.9708048902772957	0.8705922629236563	paternal	70171	3305695	0.021227	138812	3305796	0.04199	3138005	167791	0.050757
T2T00	hifiasm_trio	haplotype2	h2tg000010l	184280198	94463	5215	92833	1629	1629	3586	99678	0.9476815345412227	0.05231846545877726	0.9827445666557276	0.6876318312559924	paternal	70171	3305695	0.021227	138812	3305796	0.04199	3138005	167791	0.050757
T2T00	hifiasm_trio	haplotype2	h2tg000011l	27978480	13622	1769	13322	300	300	1468	15391	0.8850626989799233	0.11493730102007667	0.977976802231684	0.8298473713962691	paternal	70171	3305695	0.021227	138812	3305796	0.04199	3138005	167791	0.050757
T2T00	hifiasm_trio	haplotype2	h2tg000012l	38033370	23312	519	22902	409	409	110	23831	0.9782216440770425	0.02177835592295749	0.9824124914207275	0.2119460500963391	paternal	70171	3305695	0.021227	138812	3305796	0.04199	3138005	167791	0.050757
T2T00	hifiasm_trio	haplotype2	h2tg000013l	111623244	50422	1507	49273	1148	1148	359	51929	0.9709796067707832	0.029020393229216814	0.9772123279520845	0.23822163238221633	paternal	70171	3305695	0.021227	138812	3305796	0.04199	3138005	167791	0.050757
T2T00	hifiasm_trio	haplotype2	h2tg000014l	5475249	3950	44	3914	35	35	9	3994	0.9889834752128193	0.011016524787180772	0.9908860759493671	0.20454545454545456	paternal	70171	3305695	0.021227	138812	3305796	0.04199	3138005	167791	0.050757
T2T00	hifiasm_trio	haplotype2	h2tg000015l	72154531	64369	1233	63412	957	956	276	65602	0.9812048413158135	0.018795158684186457	0.9851325948826298	0.22384428223844283	paternal	70171	3305695	0.021227	138812	3305796	0.04199	3138005	167791	0.050757
T2T00	hifiasm_trio	haplotype2	h2tg000016l	36678013	16816	477	16438	377	377	100	17293	0.9724165847452727	0.027583415254727347	0.9775214081826832	0.20964360587002095	paternal	70171	3305695	0.021227	138812	3305796	0.04199	3138005	167791	0.050757
T2T00	hifiasm_trio	haplotype2	h2tg000017l	87884427	61162	1285	60161	1001	1000	284	62447	0.9794225503226737	0.020577449677326373	0.9836336287237173	0.22101167315175096	paternal	70171	3305695	0.021227	138812	3305796	0.04199	3138005	167791	0.050757
T2T00	hifiasm_trio	haplotype2	h2tg000018l	112260131	59276	2031	57923	1352	1352	679	61307	0.9668716459784364	0.033128354021563604	0.9771745731830758	0.33431806991629737	paternal	70171	3305695	0.021227	138812	3305796	0.04199	3138005	167791	0.050757
T2T00	hifiasm_trio	haplotype2	h2tg000019l	101335089	35148	11670	34053	1094	1095	10575	46818	0.7507368960656158	0.24926310393438422	0.9688460225332878	0.9061696658097687	paternal	70171	3305695	0.021227	138812	3305796	0.04199	3138005	167791	0.050757
T2T00	hifiasm_trio	haplotype2	h2tg000020l	19528105	16645	481	16406	238	239	242	17126	0.9719140488146678	0.028085951185332244	0.985641333733854	0.5031185031185031	paternal	70171	3305695	0.021227	138812	3305796	0.04199	3138005	167791	0.050757
T2T00	hifiasm_trio	haplotype2	h2tg000021l	172044789	82853	22568	80919	1933	1933	20635	105421	0.7859250054543212	0.21407499454567874	0.9766574535623332	0.9143477490251684	paternal	70171	3305695	0.021227	138812	3305796	0.04199	3138005	167791	0.050757
T2T00	hifiasm_trio	haplotype2	h2tg000022l	28622072	20185	10700	19304	880	881	9819	30885	0.6535535049376721	0.346446495062328	0.9563537280158534	0.9176635514018692	mixed	70171	3305695	0.021227	138812	3305796	0.04199	3138005	167791	0.050757
T2T00	hifiasm_trio	haplotype2	h2tg000023l	23315884	13848	361	13558	289	289	72	14209	0.9745935674572455	0.02540643254275459	0.9790583477758521	0.1994459833795014	paternal	70171	3305695	0.021227	138812	3305796	0.04199	3138005	167791	0.050757
T2T00	hifiasm_trio	haplotype2	h2tg000024l	1855557	1388	19	1370	17	17	2	1407	0.9864960909737029	0.013503909026297086	0.9870317002881844	0.10526315789473684	paternal	70171	3305695	0.021227	138812	3305796	0.04199	3138005	167791	0.050757
T2T00	hifiasm_trio	haplotype2	h2tg000025l	22401436	12027	301	11797	229	229	72	12328	0.975584036340039	0.024415963659961064	0.9808763615199135	0.23920265780730898	paternal	70171	3305695	0.021227	138812	3305796	0.04199	3138005	167791	0.050757
T2T00	hifiasm_trio	haplotype2	h2tg000026l	3313200	1636	51	1604	32	31	19	1687	0.969768820391227	0.03023117960877297	0.980440097799511	0.37254901960784315	paternal	70171	3305695	0.021227	138812	3305796	0.04199	3138005	167791	0.050757
T2T00	hifiasm_trio	haplotype2	h2tg000027l	85866137	34721	1011	33909	811	811	200	35732	0.9717060338072316	0.02829396619276839	0.9766135767979033	0.19782393669634027	paternal	70171	3305695	0.021227	138812	3305796	0.04199	3138005	167791	0.050757
T2T00	hifiasm_trio	haplotype2	h2tg000028l	24606906	8437	1109	8150	286	286	823	9546	0.8838256861512676	0.11617431384873245	0.9659831693729999	0.7421100090171325	paternal	70171	3305695	0.021227	138812	3305796	0.04199	3138005	167791	0.050757
T2T00	hifiasm_trio	haplotype2	h2tg000029l	99246323	51403	2882	50139	1263	1263	1619	54285	0.9469098277608916	0.05309017223910841	0.975409995525553	0.5617626648160999	paternal	70171	3305695	0.021227	138812	3305796	0.04199	3138005	167791	0.050757
T2T00	hifiasm_trio	haplotype2	h2tg000030l	40564735	42407	1669	42153	253	254	1415	44076	0.9621335874398765	0.03786641256012342	0.9940104228075554	0.8478130617136009	paternal	70171	3305695	0.021227	138812	3305796	0.04199	3138005	167791	0.050757
T2T00	hifiasm_trio	haplotype2	h2tg000031l	38572402	19937	430	19589	347	347	83	20367	0.9788874159179064	0.021112584082093582	0.9825450168029293	0.1930232558139535	paternal	70171	3305695	0.021227	138812	3305796	0.04199	3138005	167791	0.050757
T2T00	hifiasm_trio	haplotype2	h2tg000032l	19972484	68883	245	68722	160	160	85	69128	0.9964558500173591	0.0035441499826408982	0.9976627034246476	0.3469387755102041	paternal	70171	3305695	0.021227	138812	3305796	0.04199	3138005	167791	0.050757
T2T00	hifiasm_trio	haplotype2	h2tg000033l	14118795	6801	367	6564	237	236	130	7168	0.9488002232142857	0.05119977678571429	0.9651521835024262	0.3542234332425068	paternal	70171	3305695	0.021227	138812	3305796	0.04199	3138005	167791	0.050757
T2T00	hifiasm_trio	haplotype2	h2tg000034l	94953646	49864	1328	48857	1007	1006	321	51192	0.9740584466322862	0.025941553367713706	0.9798050697898283	0.24171686746987953	paternal	70171	3305695	0.021227	138812	3305796	0.04199	3138005	167791	0.050757
T2T00	hifiasm_trio	haplotype2	h2tg000035l	57853960	29739	957	29034	704	704	253	30696	0.9688232994526974	0.03117670054730258	0.976293755674367	0.26436781609195403	paternal	70171	3305695	0.021227	138812	3305796	0.04199	3138005	167791	0.050757
T2T00	hifiasm_trio	haplotype2	h2tg000036l	4634515	964	1193	772	192	191	1001	2157	0.4469170143718127	0.5530829856281873	0.8008298755186722	0.8390611902766136	mixed	70171	3305695	0.021227	138812	3305796	0.04199	3138005	167791	0.050757
T2T00	hifiasm_trio	haplotype2	h2tg000037l	39080761	24450	495	24041	408	408	87	24945	0.9801563439567047	0.01984365604329525	0.9832719836400818	0.17575757575757575	paternal	70171	3305695	0.021227	138812	3305796	0.04199	3138005	167791	0.050757
T2T00	hifiasm_trio	haplotype2	h2tg000038l	10071628	4766	327	4658	108	107	219	5093	0.9357942273709012	0.06420577262909877	0.9773394880402854	0.6697247706422018	paternal	70171	3305695	0.021227	138812	3305796	0.04199	3138005	167791	0.050757
T2T00	hifiasm_trio	haplotype2	h2tg000039l	11776010	5889	312	5666	222	222	90	6201	0.949685534591195	0.050314465408805034	0.9621327899473595	0.28846153846153844	paternal	70171	3305695	0.021227	138812	3305796	0.04199	3138005	167791	0.050757
T2T00	hifiasm_trio	haplotype2	h2tg000040l	142298107	60723	5907	59281	1441	1442	4465	66630	0.9113462404322378	0.08865375956776227	0.976252820183456	0.7558828508549179	paternal	70171	3305695	0.021227	138812	3305796	0.04199	3138005	167791	0.050757
T2T00	hifiasm_trio	haplotype2	h2tg000041l	36261646	16106	1633	15632	473	473	1160	17739	0.907942950560911	0.09205704943908902	0.9705699739227617	0.7103490508266993	paternal	70171	3305695	0.021227	138812	3305796	0.04199	3138005	167791	0.050757
T2T00	hifiasm_trio	haplotype2	h2tg000042l	18039049	10946	372	10666	279	280	92	11318	0.967132002120516	0.03286799787948401	0.9744198794080029	0.24731182795698925	paternal	70171	3305695	0.021227	138812	3305796	0.04199	3138005	167791	0.050757
T2T00	hifiasm_trio	haplotype2	h2tg000043l	15307209	7899	300	7685	213	213	87	8199	0.9634101719721917	0.03658982802780827	0.9729079630332954	0.29	paternal	70171	3305695	0.021227	138812	3305796	0.04199	3138005	167791	0.050757
T2T00	hifiasm_trio	haplotype2	h2tg000044l	22757800	10287	274	10077	209	209	65	10561	0.9740554871697756	0.02594451283022441	0.9795858850976962	0.23722627737226276	paternal	70171	3305695	0.021227	138812	3305796	0.04199	3138005	167791	0.050757
T2T00	hifiasm_trio	haplotype2	h2tg000045l	14520596	9290	287	9053	236	236	51	9577	0.9700323692179179	0.02996763078208207	0.9744886975242196	0.17770034843205576	paternal	70171	3305695	0.021227	138812	3305796	0.04199	3138005	167791	0.050757
T2T00	hifiasm_trio	haplotype2	h2tg000046l	11169666	8073	130	7962	111	110	19	8203	0.9841521394611727	0.01584786053882726	0.986250464511334	0.14615384615384616	paternal	70171	3305695	0.021227	138812	3305796	0.04199	3138005	167791	0.050757
T2T00	hifiasm_trio	haplotype2	h2tg000047l	30837289	19313	737	18795	517	517	220	20050	0.9632418952618453	0.036758104738154614	0.9731786879304095	0.29850746268656714	paternal	70171	3305695	0.021227	138812	3305796	0.04199	3138005	167791	0.050757
T2T00	hifiasm_trio	haplotype2	h2tg000048l	81786666	49069	1429	48090	978	978	451	50498	0.9717018495782012	0.02829815042179888	0.980048503128248	0.31560531840447864	paternal	70171	3305695	0.021227	138812	3305796	0.04199	3138005	167791	0.050757
T2T00	hifiasm_trio	haplotype2	h2tg000049l	11074058	6478	174	6353	125	124	49	6652	0.9738424533974744	0.026157546602525557	0.9807039209632603	0.28160919540229884	paternal	70171	3305695	0.021227	138812	3305796	0.04199	3138005	167791	0.050757
T2T00	hifiasm_trio	haplotype2	h2tg000050l	1130106	1185	36	1161	24	24	11	1221	0.9705159705159705	0.029484029484029485	0.979746835443038	0.3055555555555556	paternal	70171	3305695	0.021227	138812	3305796	0.04199	3138005	167791	0.050757
T2T00	hifiasm_trio	haplotype2	h2tg000051l	74411115	19143	15527	18350	792	793	14734	34670	0.552148831843092	0.447851168156908	0.9585749360079402	0.9489276743736716	mixed	70171	3305695	0.021227	138812	3305796	0.04199	3138005	167791	0.050757
T2T00	hifiasm_trio	haplotype2	h2tg000052l	17101461	11429	355	11148	280	280	75	11784	0.9698744059742023	0.030125594025797692	0.9754134219966751	0.2112676056338028	paternal	70171	3305695	0.021227	138812	3305796	0.04199	3138005	167791	0.050757
T2T00	hifiasm_trio	haplotype2	h2tg000053l	35403401	19369	1367	18727	641	641	726	20736	0.9340760030864198	0.06592399691358025	0.9668542516392173	0.5310899780541332	paternal	70171	3305695	0.021227	138812	3305796	0.04199	3138005	167791	0.050757
T2T00	hifiasm_trio	haplotype2	h2tg000054l	21095556	8450	301	8204	245	245	56	8751	0.9656039309793166	0.03439606902068335	0.970887573964497	0.18604651162790697	paternal	70171	3305695	0.021227	138812	3305796	0.04199	3138005	167791	0.050757
T2T00	hifiasm_trio	haplotype2	h2tg000055l	15936858	5396	1110	5163	232	233	877	6506	0.8293882569935445	0.17061174300645557	0.956819866567828	0.7900900900900901	paternal	70171	3305695	0.021227	138812	3305796	0.04199	3138005	167791	0.050757
T2T00	hifiasm_trio	haplotype2	h2tg000056l	2486337	1241	26	1219	21	22	4	1267	0.9794790844514601	0.020520915548539857	0.9822723609991942	0.15384615384615385	paternal	70171	3305695	0.021227	138812	3305796	0.04199	3138005	167791	0.050757
T2T00	hifiasm_trio	haplotype2	h2tg000057l	21233195	2439	7872	2222	216	216	7656	10311	0.2365434972359616	0.7634565027640384	0.9110291102911029	0.9725609756097561	maternal	70171	3305695	0.021227	138812	3305796	0.04199	3138005	167791	0.050757
T2T00	hifiasm_trio	haplotype2	h2tg000058l	25761092	12133	412	11842	291	290	121	12545	0.9671582303706656	0.0328417696293344	0.9760158246105662	0.2936893203883495	paternal	70171	3305695	0.021227	138812	3305796	0.04199	3138005	167791	0.050757
T2T00	hifiasm_trio	haplotype2	h2tg000059l	49449202	22407	736	21848	559	558	177	23143	0.9681977271745236	0.03180227282547639	0.9750524389699647	0.24048913043478262	paternal	70171	3305695	0.021227	138812	3305796	0.04199	3138005	167791	0.050757
T2T00	hifiasm_trio	haplotype2	h2tg000060l	712622	272	13	262	9	9	4	285	0.9543859649122807	0.0456140350877193	0.9632352941176471	0.3076923076923077	paternal	70171	3305695	0.021227	138812	3305796	0.04199	3138005	167791	0.050757
T2T00	hifiasm_trio	haplotype2	h2tg000061l	1754065	1494	20	1476	18	17	2	1514	0.9867899603698811	0.013210039630118891	0.9879518072289156	0.1	paternal	70171	3305695	0.021227	138812	3305796	0.04199	3138005	167791	0.050757
T2T00	hifiasm_trio	haplotype2	h2tg000062l	8311834	6136	130	6033	103	102	27	6266	0.979253112033195	0.02074688796680498	0.9832138200782269	0.2076923076923077	paternal	70171	3305695	0.021227	138812	3305796	0.04199	3138005	167791	0.050757
T2T00	hifiasm_trio	haplotype2	h2tg000063l	11426073	5277	126	5170	106	106	20	5403	0.9766796224319823	0.023320377568017768	0.979723327648285	0.15873015873015872	paternal	70171	3305695	0.021227	138812	3305796	0.04199	3138005	167791	0.050757
T2T00	hifiasm_trio	haplotype2	h2tg000064l	104317177	85300	1757	84049	1250	1250	507	87057	0.9798178205084025	0.02018217949159746	0.9853341148886283	0.2885600455321571	paternal	70171	3305695	0.021227	138812	3305796	0.04199	3138005	167791	0.050757
T2T00	hifiasm_trio	haplotype2	h2tg000065l	4078562	2775	61	2730	44	44	17	2836	0.978490832157969	0.02150916784203103	0.9837837837837838	0.2786885245901639	paternal	70171	3305695	0.021227	138812	3305796	0.04199	3138005	167791	0.050757
T2T00	hifiasm_trio	haplotype2	h2tg000066l	7609683	1	18730	0	1	1	18728	18731	5.3387432598366345e-05	0.9999466125674016	0.0	0.999893219434063	maternal	70171	3305695	0.021227	138812	3305796	0.04199	3138005	167791	0.050757
T2T00	hifiasm_trio	haplotype2	h2tg000067l	2008418	45	919	14	31	30	888	964	0.046680497925311204	0.9533195020746889	0.3111111111111111	0.9662676822633297	maternal	70171	3305695	0.021227	138812	3305796	0.04199	3138005	167791	0.050757
T2T00	hifiasm_trio	haplotype2	h2tg000068l	4619589	2060	31	2038	21	21	10	2091	0.9851745576279293	0.01482544237207078	0.9893203883495145	0.3225806451612903	paternal	70171	3305695	0.021227	138812	3305796	0.04199	3138005	167791	0.050757
T2T00	hifiasm_trio	haplotype2	h2tg000069l	4538392	18833	24	18810	22	22	2	18857	0.9987272630853264	0.001272736914673596	0.9987787394467159	0.08333333333333333	paternal	70171	3305695	0.021227	138812	3305796	0.04199	3138005	167791	0.050757
T2T00	hifiasm_trio	haplotype2	h2tg000070l	22407479	13168	274	12955	212	212	62	13442	0.9796161285522987	0.020383871447701235	0.9838244228432563	0.22627737226277372	paternal	70171	3305695	0.021227	138812	3305796	0.04199	3138005	167791	0.050757
T2T00	hifiasm_trio	haplotype2	h2tg000071l	4468962	3728	16	3713	14	14	2	3744	0.9957264957264957	0.004273504273504274	0.9959763948497854	0.125	paternal	70171	3305695	0.021227	138812	3305796	0.04199	3138005	167791	0.050757
T2T00	hifiasm_trio	haplotype2	h2tg000072l	2669934	1058	29	1034	23	23	6	1087	0.9733210671573137	0.02667893284268629	0.9773156899810964	0.20689655172413793	paternal	70171	3305695	0.021227	138812	3305796	0.04199	3138005	167791	0.050757
T2T00	hifiasm_trio	haplotype2	h2tg000073l	18071991	13464	230	13269	194	194	36	13694	0.9832043230611947	0.016795676938805317	0.9855169340463458	0.1565217391304348	paternal	70171	3305695	0.021227	138812	3305796	0.04199	3138005	167791	0.050757
T2T00	hifiasm_trio	haplotype2	h2tg000074l	1162260	1010	24	990	19	19	5	1034	0.97678916827853	0.02321083172147002	0.9801980198019802	0.20833333333333334	paternal	70171	3305695	0.021227	138812	3305796	0.04199	3138005	167791	0.050757
T2T00	hifiasm_trio	haplotype2	h2tg000075l	1173930	761	25	744	16	16	9	786	0.9681933842239185	0.031806615776081425	0.9776609724047306	0.36	paternal	70171	3305695	0.021227	138812	3305796	0.04199	3138005	167791	0.050757
T2T00	hifiasm_trio	haplotype2	h2tg000076l	2535752	2557	45	2517	39	39	6	2602	0.9827056110684089	0.017294388931591083	0.9843566679702777	0.13333333333333333	paternal	70171	3305695	0.021227	138812	3305796	0.04199	3138005	167791	0.050757
T2T00	hifiasm_trio	haplotype2	h2tg000077l	1755126	1181	15	1167	13	13	2	1196	0.9874581939799331	0.01254180602006689	0.9881456392887383	0.13333333333333333	paternal	70171	3305695	0.021227	138812	3305796	0.04199	3138005	167791	0.050757
T2T00	hifiasm_trio	haplotype2	h2tg000078l	2074613	4	748	0	4	4	743	752	0.005319148936170213	0.9946808510638298	0.0	0.9933155080213903	maternal	70171	3305695	0.021227	138812	3305796	0.04199	3138005	167791	0.050757
T2T00	hifiasm_trio	haplotype2	h2tg000079l	2421797	1835	41	1805	29	29	12	1876	0.9781449893390192	0.02185501066098081	0.9836512261580381	0.2926829268292683	paternal	70171	3305695	0.021227	138812	3305796	0.04199	3138005	167791	0.050757
T2T00	hifiasm_trio	haplotype2	h2tg000080l	3487667	6634	51	6612	21	21	30	6685	0.9923709798055348	0.00762902019446522	0.9966837503768465	0.5882352941176471	paternal	70171	3305695	0.021227	138812	3305796	0.04199	3138005	167791	0.050757
T2T00	hifiasm_trio	haplotype2	h2tg000081l	1831015	1215	21	1196	18	18	3	1236	0.9830097087378641	0.01699029126213592	0.9843621399176955	0.14285714285714285	paternal	70171	3305695	0.021227	138812	3305796	0.04199	3138005	167791	0.050757
T2T00	hifiasm_trio	haplotype2	h2tg000082l	1327565	827	16	811	15	15	1	843	0.9810201660735468	0.018979833926453145	0.9806529625151149	0.0625	paternal	70171	3305695	0.021227	138812	3305796	0.04199	3138005	167791	0.050757
T2T00	hifiasm_trio	haplotype2	h2tg000083l	685086	13	28	4	9	8	19	41	0.3170731707317073	0.6829268292682927	0.3076923076923077	0.6785714285714286	mixed	70171	3305695	0.021227	138812	3305796	0.04199	3138005	167791	0.050757
T2T00	hifiasm_trio	haplotype2	h2tg000084l	1788848	1162	49	1133	28	28	21	1211	0.9595375722543352	0.04046242774566474	0.9750430292598967	0.42857142857142855	paternal	70171	3305695	0.021227	138812	3305796	0.04199	3138005	167791	0.050757
T2T00	hifiasm_trio	haplotype2	h2tg000085l	2125155	1584	33	1554	29	29	4	1617	0.9795918367346939	0.02040816326530612	0.9810606060606061	0.12121212121212122	paternal	70171	3305695	0.021227	138812	3305796	0.04199	3138005	167791	0.050757
T2T00	hifiasm_trio	haplotype2	h2tg000086l	2911479	1659	38	1628	30	30	8	1697	0.9776075427224514	0.022392457277548614	0.9813140446051839	0.21052631578947367	paternal	70171	3305695	0.021227	138812	3305796	0.04199	3138005	167791	0.050757
T2T00	hifiasm_trio	haplotype2	h2tg000087l	1139993	465	21	452	12	13	8	486	0.9567901234567902	0.043209876543209874	0.9720430107526882	0.38095238095238093	paternal	70171	3305695	0.021227	138812	3305796	0.04199	3138005	167791	0.050757
T2T00	hifiasm_trio	haplotype2	h2tg000089l	1561621	600	34	571	28	28	6	634	0.9463722397476341	0.05362776025236593	0.9516666666666667	0.17647058823529413	paternal	70171	3305695	0.021227	138812	3305796	0.04199	3138005	167791	0.050757
T2T00	hifiasm_trio	haplotype2	h2tg000090l	1833484	1283	11	1272	10	10	1	1294	0.991499227202473	0.008500772797527048	0.9914263445050663	0.09090909090909091	paternal	70171	3305695	0.021227	138812	3305796	0.04199	3138005	167791	0.050757
T2T00	hifiasm_trio	haplotype2	h2tg000091l	1315392	14	301	4	10	10	290	315	0.044444444444444446	0.9555555555555556	0.2857142857142857	0.9634551495016611	maternal	70171	3305695	0.021227	138812	3305796	0.04199	3138005	167791	0.050757
T2T00	hifiasm_trio	haplotype2	h2tg000092l	948036	411	18	396	14	14	4	429	0.958041958041958	0.04195804195804196	0.9635036496350365	0.2222222222222222	paternal	70171	3305695	0.021227	138812	3305796	0.04199	3138005	167791	0.050757
T2T00	hifiasm_trio	haplotype2	h2tg000093l	1263513	1106	16	1091	14	14	2	1122	0.9857397504456328	0.0142602495543672	0.9864376130198915	0.125	paternal	70171	3305695	0.021227	138812	3305796	0.04199	3138005	167791	0.050757
T2T00	hifiasm_trio	haplotype2	h2tg000094l	864573	69	17	57	11	11	6	86	0.8023255813953488	0.19767441860465115	0.8260869565217391	0.35294117647058826	paternal	70171	3305695	0.021227	138812	3305796	0.04199	3138005	167791	0.050757
T2T00	hifiasm_trio	haplotype2	h2tg000095l	1134005	30	715	2	28	28	686	745	0.040268456375838924	0.959731543624161	0.06666666666666667	0.9594405594405594	maternal	70171	3305695	0.021227	138812	3305796	0.04199	3138005	167791	0.050757
T2T00	hifiasm_trio	haplotype2	h2tg000097l	2224142	1763	20	1746	16	16	4	1783	0.9887829500841279	0.011217049915872126	0.9903573454339194	0.2	paternal	70171	3305695	0.021227	138812	3305796	0.04199	3138005	167791	0.050757
T2T00	hifiasm_trio	haplotype2	h2tg000098l	1215884	12	343	3	8	9	334	355	0.03380281690140845	0.9661971830985916	0.25	0.9737609329446064	maternal	70171	3305695	0.021227	138812	3305796	0.04199	3138005	167791	0.050757
T2T00	hifiasm_trio	haplotype2	h2tg000101l	733602	1188	12	1176	11	11	1	1200	0.99	0.01	0.98989898989899	0.08333333333333333	paternal	70171	3305695	0.021227	138812	3305796	0.04199	3138005	167791	0.050757
T2T04	hifiasm_trio	haplotype1	h1tg000001l	250992022	3939	113460	2012	1927	1927	111532	117399	0.03355224490838934	0.9664477550916106	0.5107895404925108	0.9830072272166402	maternal	46449	1759326	0.026402	54400	1759365	0.03092	112543	1646822	0.063968
T2T04	hifiasm_trio	haplotype1	h1tg000002l	242215926	2083	110234	387	1696	1696	108537	112317	0.018545723265400608	0.9814542767345994	0.185789726356217	0.9846054756245805	maternal	46449	1759326	0.026402	54400	1759365	0.03092	112543	1646822	0.063968
T2T04	hifiasm_trio	haplotype1	h1tg000003l	159042389	2236	89988	848	1388	1388	88599	92224	0.02424531575294934	0.9757546842470507	0.37924865831842575	0.9845646086144819	maternal	46449	1759326	0.026402	54400	1759365	0.03092	112543	1646822	0.063968
T2T04	hifiasm_trio	haplotype1	h1tg000004l	193722134	1596	106215	362	1234	1234	104980	107811	0.014803684225171828	0.9851963157748281	0.22681704260651628	0.9883726403991904	maternal	46449	1759326	0.026402	54400	1759365	0.03092	112543	1646822	0.063968
T2T04	hifiasm_trio	haplotype1	h1tg000005l	79999771	839	37818	237	602	602	37215	38657	0.021703701787515843	0.9782962982124842	0.2824791418355185	0.9840552118039029	maternal	46449	1759326	0.026402	54400	1759365	0.03092	112543	1646822	0.063968
T2T04	hifiasm_trio	haplotype1	h1tg000006l	133705735	4269	92226	3291	978	977	91248	96495	0.044240634229752836	0.9557593657702471	0.7709065354884048	0.9893956151193807	maternal	46449	1759326	0.026402	54400	1759365	0.03092	112543	1646822	0.063968
T2T04	hifiasm_trio	haplotype1	h1tg000007l	135038750	1214	65595	257	957	957	64637	66809	0.018171204478438535	0.9818287955215614	0.2116968698517298	0.9853952282948395	maternal	46449	1759326	0.026402	54400	1759365	0.03092	112543	1646822	0.063968
T2T04	hifiasm_trio	haplotype1	h1tg000008l	202915008	11410	88035	9916	1494	1494	86540	99445	0.11473678917994871	0.8852632108200513	0.8690622261174409	0.9830181177940592	maternal	46449	1759326	0.026402	54400	1759365	0.03092	112543	1646822	0.063968
T2T04	hifiasm_trio	haplotype1	h1tg000009l	65529117	914	47815	214	700	700	47114	48729	0.01875679780007798	0.981243202199922	0.23413566739606126	0.9853393286625536	maternal	46449	1759326	0.026402	54400	1759365	0.03092	112543	1646822	0.063968
T2T04	hifiasm_trio	haplotype1	h1tg000010l	184946013	1702	85181	448	1254	1254	83926	86883	0.019589562975495783	0.9804104370245043	0.26321974148061106	0.9852666674493138	maternal	46449	1759326	0.026402	54400	1759365	0.03092	112543	1646822	0.063968
T2T04	hifiasm_trio	haplotype1	h1tg000011l	134671279	1349	73297	292	1057	1057	72239	74646	0.018071966347828417	0.9819280336521716	0.21645663454410674	0.9855655756715828	maternal	46449	1759326	0.026402	54400	1759365	0.03092	112543	1646822	0.063968
T2T04	hifiasm_trio	haplotype1	h1tg000012l	92309894	1431	44985	507	924	924	44060	46416	0.030829886246122026	0.969170113753878	0.35429769392033544	0.9794375903078804	maternal	46449	1759326	0.026402	54400	1759365	0.03092	112543	1646822	0.063968
T2T04	hifiasm_trio	haplotype1	h1tg000013l	172325599	1550	104668	318	1232	1232	103435	106218	0.01459263025099324	0.9854073697490068	0.20516129032258065	0.9882198952879581	maternal	46449	1759326	0.026402	54400	1759365	0.03092	112543	1646822	0.063968
T2T04	hifiasm_trio	haplotype1	h1tg000014l	93073440	949	55024	184	765	765	54258	55973	0.01695460311221482	0.9830453968877851	0.19388830347734456	0.986078801977319	maternal	46449	1759326	0.026402	54400	1759365	0.03092	112543	1646822	0.063968
T2T04	hifiasm_trio	haplotype1	h1tg000015l	108396255	950	65948	224	726	726	65221	66898	0.014200723489491465	0.9857992765105086	0.23578947368421052	0.9889761630375448	maternal	46449	1759326	0.026402	54400	1759365	0.03092	112543	1646822	0.063968
T2T04	hifiasm_trio	haplotype1	h1tg000016l	45388043	502	27781	107	395	395	27385	28283	0.01774917795141958	0.9822508220485804	0.21314741035856574	0.9857456535041935	maternal	46449	1759326	0.026402	54400	1759365	0.03092	112543	1646822	0.063968
T2T04	hifiasm_trio	haplotype1	h1tg000017l	62432899	991	38817	237	754	754	38062	39808	0.024894493569131832	0.9751055064308681	0.2391523713420787	0.980549759126156	maternal	46449	1759326	0.026402	54400	1759365	0.03092	112543	1646822	0.063968
T2T04	hifiasm_trio	haplotype1	h1tg000018l	42622280	9816	23882	9556	259	260	23622	33698	0.2912932518250341	0.7087067481749659	0.9735126324368378	0.9891131396030484	maternal	46449	1759326	0.026402	54400	1759365	0.03092	112543	1646822	0.063968
T2T04	hifiasm_trio	haplotype1	h1tg000019l	134280576	1300	86011	250	1050	1050	84960	87311	0.014889303753249877	0.9851106962467501	0.19230769230769232	0.9877806327097697	maternal	46449	1759326	0.026402	54400	1759365	0.03092	112543	1646822	0.063968
T2T04	hifiasm_trio	haplotype1	h1tg000020l	84741234	1541	44880	566	975	975	43904	46421	0.033196182762111975	0.966803817237888	0.3672939649578196	0.97825311942959	maternal	46449	1759326	0.026402	54400	1759365	0.03092	112543	1646822	0.063968
T2T04	hifiasm_trio	haplotype1	h1tg000021l	8517074	49896	0	49895	0	0	0	49896	1.0	0.0	0.9999799583132917	0.0	paternal	46449	1759326	0.026402	54400	1759365	0.03092	112543	1646822	0.063968
T2T04	hifiasm_trio	haplotype1	h1tg000022l	154346756	1072	88896	177	894	895	88001	89968	0.011915347679174819	0.9880846523208252	0.16511194029850745	0.9899320554355652	maternal	46449	1759326	0.026402	54400	1759365	0.03092	112543	1646822	0.063968
T2T04	hifiasm_trio	haplotype1	h1tg000023l	100313029	1311	58307	536	775	775	57531	59618	0.02199000301922238	0.9780099969807776	0.4088482074752098	0.9866911348551632	maternal	46449	1759326	0.026402	54400	1759365	0.03092	112543	1646822	0.063968
T2T04	hifiasm_trio	haplotype1	h1tg000024l	1293656	6511	95	6426	84	84	11	6606	0.9856191341204965	0.014380865879503482	0.9869451697127938	0.11578947368421053	paternal	46449	1759326	0.026402	54400	1759365	0.03092	112543	1646822	0.063968
T2T04	hifiasm_trio	haplotype1	h1tg000025l	145979360	1278	88562	225	1053	1053	87508	89840	0.014225289403383794	0.9857747105966163	0.176056338028169	0.988098733090942	maternal	46449	1759326	0.026402	54400	1759365	0.03092	112543	1646822	0.063968
T2T04	hifiasm_trio	haplotype1	h1tg000026l	879834	457	0	456	0	0	0	457	1.0	0.0	0.9978118161925602	0.0	paternal	46449	1759326	0.026402	54400	1759365	0.03092	112543	1646822	0.063968
T2T04	hifiasm_trio	haplotype1	h1tg000027l	3591024	6	2953	0	6	6	2946	2959	0.002027712064886786	0.9979722879351132	0.0	0.9976295292922451	maternal	46449	1759326	0.026402	54400	1759365	0.03092	112543	1646822	0.063968
T2T04	hifiasm_trio	haplotype1	h1tg000029l	3030642	2	1649	0	2	2	1646	1651	0.0012113870381586917	0.9987886129618413	0.0	0.9981807155852032	maternal	46449	1759326	0.026402	54400	1759365	0.03092	112543	1646822	0.063968
T2T04	hifiasm_trio	haplotype1	h1tg000031l	2207300	3	1738	0	3	3	1734	1741	0.0017231476163124641	0.9982768523836876	0.0	0.997698504027618	maternal	46449	1759326	0.026402	54400	1759365	0.03092	112543	1646822	0.063968
T2T04	hifiasm_trio	haplotype1	h1tg000032l	627925	821	9	816	4	5	4	830	0.9891566265060241	0.010843373493975903	0.9939098660170523	0.4444444444444444	paternal	46449	1759326	0.026402	54400	1759365	0.03092	112543	1646822	0.063968
T2T04	hifiasm_trio	haplotype1	h1tg000033l	1282865	256	2	253	2	2	0	258	0.9922480620155039	0.007751937984496124	0.98828125	0.0	paternal	46449	1759326	0.026402	54400	1759365	0.03092	112543	1646822	0.063968
T2T04	hifiasm_trio	haplotype1	h1tg000034l	1939213	18	1466	3	15	15	1450	1484	0.012129380053908356	0.9878706199460916	0.16666666666666666	0.9890859481582538	maternal	46449	1759326	0.026402	54400	1759365	0.03092	112543	1646822	0.063968
T2T04	hifiasm_trio	haplotype1	h1tg000035l	2475159	3	1109	0	3	3	1105	1112	0.002697841726618705	0.9973021582733813	0.0	0.9963931469792606	maternal	46449	1759326	0.026402	54400	1759365	0.03092	112543	1646822	0.063968
T2T04	hifiasm_trio	haplotype2	h2tg000001l	160703531	93629	2167	91979	1649	1649	518	95796	0.9773790137375256	0.022620986262474423	0.9823772549103376	0.23904014766958928	paternal	52892	3264071	0.016204	55483	3264103	0.016998	3203384	60719	0.018602
T2T04	hifiasm_trio	haplotype2	h2tg000002l	101473679	78285	1181	77432	852	852	329	79466	0.985138298140085	0.014861701859914932	0.9891039151817078	0.2785774767146486	paternal	52892	3264071	0.016204	55483	3264103	0.016998	3203384	60719	0.018602
T2T04	hifiasm_trio	haplotype2	h2tg000003l	46829965	29843	568	29419	423	423	145	30411	0.9813225477623229	0.018677452237677156	0.9857923131052508	0.25528169014084506	paternal	52892	3264071	0.016204	55483	3264103	0.016998	3203384	60719	0.018602
T2T04	hifiasm_trio	haplotype2	h2tg000004l	242234727	111871	2671	109796	2074	2074	597	114542	0.976681042761607	0.023318957238392904	0.9814518507924306	0.22351179333582927	paternal	52892	3264071	0.016204	55483	3264103	0.016998	3203384	60719	0.018602
T2T04	hifiasm_trio	haplotype2	h2tg000005l	191276788	101291	1891	99802	1488	1488	403	103182	0.9816731600472951	0.01832683995270493	0.9852997798422367	0.21311475409836064	paternal	52892	3264071	0.016204	55483	3264103	0.016998	3203384	60719	0.018602
T2T04	hifiasm_trio	haplotype2	h2tg000006l	134292421	87697	1605	86465	1231	1231	374	89302	0.9820272782244519	0.01797272177554814	0.9859516289040674	0.23302180685358256	paternal	52892	3264071	0.016204	55483	3264103	0.016998	3203384	60719	0.018602
T2T04	hifiasm_trio	haplotype2	h2tg000007l	92880001	48703	1422	47666	1036	1036	386	50125	0.9716309226932668	0.028369077306733166	0.9787076771451451	0.2714486638537271	paternal	52892	3264071	0.016204	55483	3264103	0.016998	3203384	60719	0.018602
T2T04	hifiasm_trio	haplotype2	h2tg000008l	80264335	39080	883	38442	637	637	246	39963	0.9779045617195906	0.022095438280409378	0.9836745138178096	0.2785956964892412	paternal	52892	3264071	0.016204	55483	3264103	0.016998	3203384	60719	0.018602
T2T04	hifiasm_trio	haplotype2	h2tg000009l	200471290	98602	11676	96977	1625	1624	10051	110278	0.8941221277135966	0.10587787228640345	0.9835196040648263	0.8608256252141144	paternal	52892	3264071	0.016204	55483	3264103	0.016998	3203384	60719	0.018602
T2T04	hifiasm_trio	haplotype2	h2tg000010l	134079857	76352	1729	75046	1305	1305	424	78081	0.977856328684315	0.022143671315684992	0.9828950125733446	0.24522845575477153	paternal	52892	3264071	0.016204	55483	3264103	0.016998	3203384	60719	0.018602
T2T04	hifiasm_trio	haplotype2	h2tg000011l	172730078	111691	2211	109940	1750	1750	461	113902	0.9805885761444049	0.01941142385559516	0.984322819206561	0.20850293984622342	paternal	52892	3264071	0.016204	55483	3264103	0.016998	3203384	60719	0.018602
T2T04	hifiasm_trio	haplotype2	h2tg000012l	95382742	46659	8599	45779	880	879	7719	55258	0.8443845235079084	0.15561547649209165	0.9811397586746394	0.8976625188975462	paternal	52892	3264071	0.016204	55483	3264103	0.016998	3203384	60719	0.018602
T2T04	hifiasm_trio	haplotype2	h2tg000013l	145310573	77063	1586	75837	1225	1225	361	78649	0.9798344543477985	0.020165545652201553	0.984090938582718	0.22761664564943254	paternal	52892	3264071	0.016204	55483	3264103	0.016998	3203384	60719	0.018602
T2T04	hifiasm_trio	haplotype2	h2tg000014l	66491881	41784	1181	40899	884	884	297	42965	0.9725125101827069	0.027487489817293147	0.9788196438828259	0.2514817950889077	paternal	52892	3264071	0.016204	55483	3264103	0.016998	3203384	60719	0.018602
T2T04	hifiasm_trio	haplotype2	h2tg000015l	251282323	111526	4527	109248	2277	2277	2250	116053	0.9609919605697397	0.039008039430260315	0.979574269677026	0.4970178926441352	paternal	52892	3264071	0.016204	55483	3264103	0.016998	3203384	60719	0.018602
T2T04	hifiasm_trio	haplotype2	h2tg000016l	182840019	86524	1926	85045	1478	1478	448	88450	0.9782249858677219	0.021775014132278125	0.9829064768156812	0.23260643821391486	paternal	52892	3264071	0.016204	55483	3264103	0.016998	3203384	60719	0.018602
T2T04	hifiasm_trio	haplotype2	h2tg000017l	83152832	36810	1532	35731	1078	1078	454	38342	0.9600438161806896	0.03995618381931042	0.9706873132301005	0.2963446475195822	paternal	52892	3264071	0.016204	55483	3264103	0.016998	3203384	60719	0.018602
T2T04	hifiasm_trio	haplotype2	h2tg000018l	8081968	4326	40	4306	19	19	21	4366	0.9908382959230417	0.009161704076958314	0.9953767914932964	0.525	paternal	52892	3264071	0.016204	55483	3264103	0.016998	3203384	60719	0.018602
T2T04	hifiasm_trio	haplotype2	h2tg000019l	134880276	92224	3657	91137	1087	1086	2570	95881	0.9618589710161555	0.038141028983844555	0.988213480222068	0.7027618266338529	paternal	52892	3264071	0.016204	55483	3264103	0.016998	3203384	60719	0.018602
T2T04	hifiasm_trio	haplotype2	h2tg000020l	8592794	49903	1	49901	1	1	0	49904	0.9999799615261302	2.0038473869830074e-05	0.9999599222491634	0.0	paternal	52892	3264071	0.016204	55483	3264103	0.016998	3203384	60719	0.018602
T2T04	hifiasm_trio	haplotype2	h2tg000021l	62721423	38366	1387	37337	1028	1028	359	39753	0.9651095514803915	0.03489044851960858	0.9731793775738935	0.2588320115356885	paternal	52892	3264071	0.016204	55483	3264103	0.016998	3203384	60719	0.018602
T2T04	hifiasm_trio	haplotype2	h2tg000022l	51891988	1563633	78	1563561	71	71	7	1563711	0.9999501186600337	4.988133996627254e-05	0.9999539533893184	0.08974358974358974	paternal	52892	3264071	0.016204	55483	3264103	0.016998	3203384	60719	0.018602
T2T04	hifiasm_trio	haplotype2	h2tg000023l	104205938	54495	1020	53686	808	808	212	55515	0.9816265874088085	0.01837341259119157	0.9851546013395724	0.20784313725490197	paternal	52892	3264071	0.016204	55483	3264103	0.016998	3203384	60719	0.018602
T2T04	hifiasm_trio	haplotype2	h2tg000024l	134556221	72470	1459	71315	1154	1154	305	73929	0.9802648487061911	0.019735151293808924	0.9840623706361253	0.20904729266620972	paternal	52892	3264071	0.016204	55483	3264103	0.016998	3203384	60719	0.018602
T2T04	hifiasm_trio	haplotype2	h2tg000025l	46519524	50307	433	49961	345	346	87	50740	0.9914662987780843	0.008533701221915648	0.9931222295108036	0.20092378752886836	paternal	52892	3264071	0.016204	55483	3264103	0.016998	3203384	60719	0.018602
T2T04	hifiasm_trio	haplotype2	h2tg000026l	1652641	8	457	0	8	8	448	465	0.017204301075268817	0.9827956989247312	0.0	0.9803063457330415	maternal	52892	3264071	0.016204	55483	3264103	0.016998	3203384	60719	0.018602
T2T04	hifiasm_trio	haplotype2	h2tg000027l	748941	17	874	3	14	14	859	891	0.019079685746352413	0.9809203142536476	0.17647058823529413	0.982837528604119	maternal	52892	3264071	0.016204	55483	3264103	0.016998	3203384	60719	0.018602
T2T04	hifiasm_trio	haplotype2	h2tg000028l	3030642	2	1649	0	2	2	1646	1651	0.0012113870381586917	0.9987886129618413	0.0	0.9981807155852032	maternal	52892	3264071	0.016204	55483	3264103	0.016998	3203384	60719	0.018602
T2T04	hifiasm_trio	haplotype2	h2tg000029l	2072252	2	660	0	2	2	657	662	0.0030211480362537764	0.9969788519637462	0.0	0.9954545454545455	maternal	52892	3264071	0.016204	55483	3264103	0.016998	3203384	60719	0.018602
T2T04	hifiasm_trio	haplotype2	h2tg000030l	1429005	15	1640	5	10	10	1629	1655	0.00906344410876133	0.9909365558912386	0.3333333333333333	0.9932926829268293	maternal	52892	3264071	0.016204	55483	3264103	0.016998	3203384	60719	0.018602
T2T04	hifiasm_trio	haplotype2	h2tg000031l	1018495	119	9	112	6	6	3	128	0.9296875	0.0703125	0.9411764705882353	0.3333333333333333	paternal	52892	3264071	0.016204	55483	3264103	0.016998	3203384	60719	0.018602
T2T00	hifiasm_porec	haplotype1	h1tg000001l	29886279	4578	22983	4111	467	466	22516	27561	0.16610427778382497	0.833895722216175	0.8979903888160768	0.9796806335117261	maternal	69927	1863791	0.037519	154776	1863878	0.08304	671877	1192001	0.360473
T2T00	hifiasm_porec	haplotype1	h1tg000002l	42233742	601	19830	134	467	467	19362	20431	0.02941608340267241	0.9705839165973276	0.22296173044925124	0.9763993948562784	maternal	69927	1863791	0.037519	154776	1863878	0.08304	671877	1192001	0.360473
T2T00	hifiasm_porec	haplotype1	h1tg000003l	46114796	2338	19288	1734	603	604	18684	21626	0.1081106076019606	0.8918893923980394	0.7416595380667237	0.9686851928660307	maternal	69927	1863791	0.037519	154776	1863878	0.08304	671877	1192001	0.360473
T2T00	hifiasm_porec	haplotype1	h1tg000004l	36664623	439	21943	90	349	349	21593	22382	0.019613975516039675	0.9803860244839603	0.20501138952164008	0.9840495830105273	maternal	69927	1863791	0.037519	154776	1863878	0.08304	671877	1192001	0.360473
T2T00	hifiasm_porec	haplotype1	h1tg000005l	46068930	15992	1761	15287	704	705	1056	17753	0.900805497662367	0.09919450233763308	0.9559154577288644	0.5996592844974447	paternal	69927	1863791	0.037519	154776	1863878	0.08304	671877	1192001	0.360473
T2T00	hifiasm_porec	haplotype1	h1tg000006l	69880121	1012	37901	252	760	760	37140	38913	0.026006732968416723	0.9739932670315833	0.2490118577075099	0.9799213741062242	maternal	69927	1863791	0.037519	154776	1863878	0.08304	671877	1192001	0.360473
T2T00	hifiasm_porec	haplotype1	h1tg000007l	87240855	41038	10899	39714	1323	1323	9576	51937	0.7901496043283208	0.20985039567167915	0.9677372191627273	0.8786127167630058	paternal	69927	1863791	0.037519	154776	1863878	0.08304	671877	1192001	0.360473
T2T00	hifiasm_porec	haplotype1	h1tg000008l	58773931	750	26409	174	576	576	25832	27159	0.027615155197172208	0.9723848448028278	0.232	0.9781513877844674	maternal	69927	1863791	0.037519	154776	1863878	0.08304	671877	1192001	0.360473
T2T00	hifiasm_porec	haplotype1	h1tg000009l	184273623	93990	5671	92368	1621	1621	4050	99661	0.9430970991661733	0.056902900833826674	0.9827428449835088	0.7141597601833892	paternal	69927	1863791	0.037519	154776	1863878	0.08304	671877	1192001	0.360473
T2T00	hifiasm_porec	haplotype1	h1tg000010l	182157924	4568	103116	2685	1882	1883	101233	107684	0.042420415289179454	0.9575795847108205	0.587784588441331	0.9817390123744133	maternal	69927	1863791	0.037519	154776	1863878	0.08304	671877	1192001	0.360473
T2T00	hifiasm_porec	haplotype1	h1tg000011l	110984898	48313	1404	47233	1080	1079	324	49717	0.9717601625198624	0.02823983748013758	0.9776457682197338	0.23076923076923078	paternal	69927	1863791	0.037519	154776	1863878	0.08304	671877	1192001	0.360473
T2T00	hifiasm_porec	haplotype1	h1tg000012l	45999783	747	22372	175	572	572	21799	23119	0.032311086119641855	0.9676889138803582	0.23427041499330656	0.9743876273913821	maternal	69927	1863791	0.037519	154776	1863878	0.08304	671877	1192001	0.360473
T2T00	hifiasm_porec	haplotype1	h1tg000013l	42037433	622	23469	119	503	503	22965	24091	0.02581877049520568	0.9741812295047944	0.19131832797427653	0.9785248625846862	maternal	69927	1863791	0.037519	154776	1863878	0.08304	671877	1192001	0.360473
T2T00	hifiasm_porec	haplotype1	h1tg000014l	67315042	1042	35914	266	776	776	35137	36956	0.028195692174477757	0.9718043078255223	0.255278310940499	0.9783649830149802	maternal	69927	1863791	0.037519	154776	1863878	0.08304	671877	1192001	0.360473
T2T00	hifiasm_porec	haplotype1	h1tg000015l	117087778	22371	34449	20984	1387	1387	33061	56820	0.3937170010559662	0.6062829989440338	0.9380000894014573	0.9597085546750268	mixed	69927	1863791	0.037519	154776	1863878	0.08304	671877	1192001	0.360473
T2T00	hifiasm_porec	haplotype1	h1tg000016l	18972159	9702	250	9509	192	192	58	9952	0.974879421221865	0.025120578778135047	0.9801071943929087	0.232	paternal	69927	1863791	0.037519	154776	1863878	0.08304	671877	1192001	0.360473
T2T00	hifiasm_porec	haplotype1	h1tg000017l	47153576	827	23803	189	638	638	23164	24630	0.033576938692651236	0.9664230613073488	0.22853688029020555	0.973154644372558	maternal	69927	1863791	0.037519	154776	1863878	0.08304	671877	1192001	0.360473
T2T00	hifiasm_porec	haplotype1	h1tg000018l	38043534	8694	11728	8281	413	412	11315	20422	0.4257173636274606	0.5742826363725394	0.9524959742351047	0.9647851296043656	mixed	69927	1863791	0.037519	154776	1863878	0.08304	671877	1192001	0.360473
T2T00	hifiasm_porec	haplotype1	h1tg000019l	117190040	1160	66514	172	987	988	65526	67674	0.017140999497591396	0.9828590005024086	0.1482758620689655	0.9851459843040563	maternal	69927	1863791	0.037519	154776	1863878	0.08304	671877	1192001	0.360473
T2T00	hifiasm_porec	haplotype1	h1tg000020l	228776741	13872	118589	11125	2747	2747	115841	132461	0.10472516438800855	0.8952748356119915	0.801975201845444	0.9768275303780283	maternal	69927	1863791	0.037519	154776	1863878	0.08304	671877	1192001	0.360473
T2T00	hifiasm_porec	haplotype1	h1tg000021l	80396045	1294	62111	306	988	987	61123	63405	0.0204084851352417	0.9795915148647583	0.23647604327666152	0.984092994799633	maternal	69927	1863791	0.037519	154776	1863878	0.08304	671877	1192001	0.360473
T2T00	hifiasm_porec	haplotype1	h1tg000022l	172044114	82853	22569	80918	1934	1934	20635	105422	0.7859175504164216	0.2140824495835784	0.9766453839933376	0.9143072355886392	paternal	69927	1863791	0.037519	154776	1863878	0.08304	671877	1192001	0.360473
T2T00	hifiasm_porec	haplotype1	h1tg000023l	28607434	256	100727	52	204	203	100523	100983	0.002535080162007467	0.9974649198379926	0.203125	0.9979747237582773	maternal	69927	1863791	0.037519	154776	1863878	0.08304	671877	1192001	0.360473
T2T00	hifiasm_porec	haplotype1	h1tg000024l	61193386	19808	14484	18819	988	989	13495	34292	0.5776274349702555	0.4223725650297446	0.9500706785137318	0.9317177575255454	mixed	69927	1863791	0.037519	154776	1863878	0.08304	671877	1192001	0.360473
T2T00	hifiasm_porec	haplotype1	h1tg000025l	99246706	51403	2884	50138	1264	1264	1620	54287	0.9468749424355739	0.053125057564426106	0.975390541408089	0.5617198335644937	paternal	69927	1863791	0.037519	154776	1863878	0.08304	671877	1192001	0.360473
T2T00	hifiasm_porec	haplotype1	h1tg000026l	5446636	233	1187	183	49	50	1137	1420	0.16408450704225352	0.8359154929577465	0.7854077253218884	0.95787700084246	maternal	69927	1863791	0.037519	154776	1863878	0.08304	671877	1192001	0.360473
T2T00	hifiasm_porec	haplotype1	h1tg000027l	12408451	291	7367	68	222	223	7144	7658	0.03799947767041003	0.96200052232959	0.23367697594501718	0.9697298764761776	maternal	69927	1863791	0.037519	154776	1863878	0.08304	671877	1192001	0.360473
T2T00	hifiasm_porec	haplotype1	h1tg000028l	55775490	2047	35021	997	1050	1050	33970	37068	0.05522283371101759	0.9447771662889825	0.4870542256961407	0.9699894349104823	maternal	69927	1863791	0.037519	154776	1863878	0.08304	671877	1192001	0.360473
T2T00	hifiasm_porec	haplotype1	h1tg000029l	113190901	56964	1554	55772	1191	1191	363	58518	0.9734440684917461	0.02655593150825387	0.9790745031950003	0.2335907335907336	paternal	69927	1863791	0.037519	154776	1863878	0.08304	671877	1192001	0.360473
T2T00	hifiasm_porec	haplotype1	h1tg000030l	133885938	7199	60887	5557	1642	1642	59244	68086	0.10573392474223776	0.8942660752577622	0.7719127656618975	0.9730155862499384	maternal	69927	1863791	0.037519	154776	1863878	0.08304	671877	1192001	0.360473
T2T00	hifiasm_porec	haplotype1	h1tg000031l	43280480	616	22096	132	484	484	21611	22712	0.02712222613596337	0.9728777738640366	0.21428571428571427	0.9780503258508327	maternal	69927	1863791	0.037519	154776	1863878	0.08304	671877	1192001	0.360473
T2T00	hifiasm_porec	haplotype1	h1tg000032l	27501371	353	15134	80	273	273	14860	15487	0.022793310518499386	0.9772066894815006	0.22662889518413598	0.9818950707017312	maternal	69927	1863791	0.037519	154776	1863878	0.08304	671877	1192001	0.360473
T2T00	hifiasm_porec	haplotype1	h1tg000033l	96342604	5488	46378	4475	1012	1013	45365	51866	0.1058111286777465	0.8941888713222536	0.8154154518950437	0.9781577472077279	maternal	69927	1863791	0.037519	154776	1863878	0.08304	671877	1192001	0.360473
T2T00	hifiasm_porec	haplotype1	h1tg000034l	8527860	4758	143	4656	101	102	41	4901	0.9708222811671088	0.029177718832891247	0.978562421185372	0.2867132867132867	paternal	69927	1863791	0.037519	154776	1863878	0.08304	671877	1192001	0.360473
T2T00	hifiasm_porec	haplotype1	h1tg000035l	18039049	10946	372	10666	279	280	92	11318	0.967132002120516	0.03286799787948401	0.9744198794080029	0.24731182795698925	paternal	69927	1863791	0.037519	154776	1863878	0.08304	671877	1192001	0.360473
T2T00	hifiasm_porec	haplotype1	h1tg000036l	19396669	10675	362	10416	258	258	104	11037	0.9672012322189001	0.032798767781099934	0.9757377049180328	0.287292817679558	paternal	69927	1863791	0.037519	154776	1863878	0.08304	671877	1192001	0.360473
T2T00	hifiasm_porec	haplotype1	h1tg000037l	24504754	10469	1613	10217	252	251	1361	12082	0.8664956133090548	0.13350438669094522	0.975928933040405	0.8437693738375698	paternal	69927	1863791	0.037519	154776	1863878	0.08304	671877	1192001	0.360473
T2T00	hifiasm_porec	haplotype1	h1tg000038l	5936000	164	3568	41	123	123	3444	3732	0.04394426580921758	0.9560557341907824	0.25	0.9652466367713004	maternal	69927	1863791	0.037519	154776	1863878	0.08304	671877	1192001	0.360473
T2T00	hifiasm_porec	haplotype1	h1tg000039l	19809330	352	10524	69	282	283	10241	10876	0.032364840014711294	0.9676351599852887	0.19602272727272727	0.9731090839984796	maternal	69927	1863791	0.037519	154776	1863878	0.08304	671877	1192001	0.360473
T2T00	hifiasm_porec	haplotype1	h1tg000040l	1027773	34	366	7	27	27	338	400	0.085	0.915	0.20588235294117646	0.9234972677595629	maternal	69927	1863791	0.037519	154776	1863878	0.08304	671877	1192001	0.360473
T2T00	hifiasm_porec	haplotype1	h1tg000041l	12849721	146	6455	21	125	125	6329	6601	0.022117860930162096	0.9778821390698379	0.14383561643835616	0.9804802478698683	maternal	69927	1863791	0.037519	154776	1863878	0.08304	671877	1192001	0.360473
T2T00	hifiasm_porec	haplotype1	h1tg000042l	13307553	201	6619	53	148	148	6470	6820	0.029472140762463343	0.9705278592375367	0.263681592039801	0.9774890466837891	maternal	69927	1863791	0.037519	154776	1863878	0.08304	671877	1192001	0.360473
T2T00	hifiasm_porec	haplotype1	h1tg000043l	49145860	2280	19588	1645	635	635	18952	21868	0.10426193524785074	0.8957380647521492	0.7214912280701754	0.9675311415152134	maternal	69927	1863791	0.037519	154776	1863878	0.08304	671877	1192001	0.360473
T2T00	hifiasm_porec	haplotype1	h1tg000044l	9124659	80	24337	32	48	48	24288	24417	0.0032764057828562065	0.9967235942171437	0.4	0.9979866047581871	maternal	69927	1863791	0.037519	154776	1863878	0.08304	671877	1192001	0.360473
T2T00	hifiasm_porec	haplotype1	h1tg000045l	8262118	68	4253	12	56	56	4196	4321	0.015737097894006017	0.984262902105994	0.17647058823529413	0.9865976957441805	maternal	69927	1863791	0.037519	154776	1863878	0.08304	671877	1192001	0.360473
T2T00	hifiasm_porec	haplotype1	h1tg000046l	1893192	22	704	6	16	16	687	726	0.030303030303030304	0.9696969696969697	0.2727272727272727	0.9758522727272727	maternal	69927	1863791	0.037519	154776	1863878	0.08304	671877	1192001	0.360473
T2T00	hifiasm_porec	haplotype1	h1tg000047l	37000292	741	23599	381	360	359	23239	24340	0.030443714050944946	0.9695562859490551	0.5141700404858299	0.984745116318488	maternal	69927	1863791	0.037519	154776	1863878	0.08304	671877	1192001	0.360473
T2T00	hifiasm_porec	haplotype1	h1tg000048l	14878399	201	6651	52	149	149	6501	6852	0.02933450087565674	0.9706654991243433	0.25870646766169153	0.97744700045106	maternal	69927	1863791	0.037519	154776	1863878	0.08304	671877	1192001	0.360473
T2T00	hifiasm_porec	haplotype1	h1tg000049l	24846143	326	12827	94	232	232	12594	13153	0.0247852201018779	0.9752147798981221	0.2883435582822086	0.9818351913931551	maternal	69927	1863791	0.037519	154776	1863878	0.08304	671877	1192001	0.360473
T2T00	hifiasm_porec	haplotype1	h1tg000050l	8216062	0	20331	0	0	0	20330	20331	0.0	1.0	0.0	0.9999508140278393	maternal	69927	1863791	0.037519	154776	1863878	0.08304	671877	1192001	0.360473
T2T00	hifiasm_porec	haplotype1	h1tg000051l	8311834	6136	130	6033	103	102	27	6266	0.979253112033195	0.02074688796680498	0.9832138200782269	0.2076923076923077	paternal	69927	1863791	0.037519	154776	1863878	0.08304	671877	1192001	0.360473
T2T00	hifiasm_porec	haplotype1	h1tg000052l	19050145	1476	6466	1229	247	246	6219	7942	0.1858473936036263	0.8141526063963737	0.8326558265582655	0.9618001855861429	maternal	69927	1863791	0.037519	154776	1863878	0.08304	671877	1192001	0.360473
T2T00	hifiasm_porec	haplotype1	h1tg000053l	104317353	85300	1757	84049	1250	1250	507	87057	0.9798178205084025	0.02018217949159746	0.9853341148886283	0.2885600455321571	paternal	69927	1863791	0.037519	154776	1863878	0.08304	671877	1192001	0.360473
T2T00	hifiasm_porec	haplotype1	h1tg000054l	4102347	2733	128	2693	39	39	89	2861	0.9552603984620762	0.0447396015379238	0.9853640687888767	0.6953125	paternal	69927	1863791	0.037519	154776	1863878	0.08304	671877	1192001	0.360473
T2T00	hifiasm_porec	haplotype1	h1tg000055l	4538392	18833	24	18810	22	22	2	18857	0.9987272630853264	0.001272736914673596	0.9987787394467159	0.08333333333333333	paternal	69927	1863791	0.037519	154776	1863878	0.08304	671877	1192001	0.360473
T2T00	hifiasm_porec	haplotype1	h1tg000056l	4840382	3728	76	3712	16	15	60	3804	0.9800210304942166	0.019978969505783387	0.9957081545064378	0.7894736842105263	paternal	69927	1863791	0.037519	154776	1863878	0.08304	671877	1192001	0.360473
T2T00	hifiasm_porec	haplotype1	h1tg000057l	8261790	197	5944	86	111	111	5832	6141	0.03207946588503501	0.967920534114965	0.4365482233502538	0.9811574697173621	maternal	69927	1863791	0.037519	154776	1863878	0.08304	671877	1192001	0.360473
T2T00	hifiasm_porec	haplotype1	h1tg000058l	4807077	134	2725	35	99	99	2625	2859	0.04686953480237845	0.9531304651976216	0.26119402985074625	0.963302752293578	maternal	69927	1863791	0.037519	154776	1863878	0.08304	671877	1192001	0.360473
T2T00	hifiasm_porec	haplotype1	h1tg000059l	3526223	61	1423	22	39	39	1383	1484	0.04110512129380054	0.9588948787061995	0.36065573770491804	0.971890372452565	maternal	69927	1863791	0.037519	154776	1863878	0.08304	671877	1192001	0.360473
T2T00	hifiasm_porec	haplotype1	h1tg000060l	1173930	761	25	744	16	16	9	786	0.9681933842239185	0.031806615776081425	0.9776609724047306	0.36	paternal	69927	1863791	0.037519	154776	1863878	0.08304	671877	1192001	0.360473
T2T00	hifiasm_porec	haplotype1	h1tg000061l	2524582	2557	45	2517	39	39	6	2602	0.9827056110684089	0.017294388931591083	0.9843566679702777	0.13333333333333333	paternal	69927	1863791	0.037519	154776	1863878	0.08304	671877	1192001	0.360473
T2T00	hifiasm_porec	haplotype1	h1tg000062l	6323620	123	2295	33	90	90	2204	2418	0.05086848635235732	0.9491315136476427	0.2682926829268293	0.9603485838779956	maternal	69927	1863791	0.037519	154776	1863878	0.08304	671877	1192001	0.360473
T2T00	hifiasm_porec	haplotype1	h1tg000063l	6532599	90	6779	14	76	76	6702	6869	0.013102343863735624	0.9868976561362643	0.15555555555555556	0.9886413925357722	maternal	69927	1863791	0.037519	154776	1863878	0.08304	671877	1192001	0.360473
T2T00	hifiasm_porec	haplotype1	h1tg000064l	2129973	35	1218	7	28	28	1189	1253	0.027932960893854747	0.9720670391061452	0.2	0.9761904761904762	maternal	69927	1863791	0.037519	154776	1863878	0.08304	671877	1192001	0.360473
T2T00	hifiasm_porec	haplotype1	h1tg000065l	3404782	8	2072	0	8	8	2063	2080	0.0038461538461538464	0.9961538461538462	0.0	0.9956563706563707	maternal	69927	1863791	0.037519	154776	1863878	0.08304	671877	1192001	0.360473
T2T00	hifiasm_porec	haplotype1	h1tg000066l	2421797	1835	41	1805	29	29	12	1876	0.9781449893390192	0.02185501066098081	0.9836512261580381	0.2926829268292683	paternal	69927	1863791	0.037519	154776	1863878	0.08304	671877	1192001	0.360473
T2T00	hifiasm_porec	haplotype1	h1tg000068l	591292	24	21	16	8	7	13	45	0.5333333333333333	0.4666666666666667	0.6666666666666666	0.6190476190476191	mixed	69927	1863791	0.037519	154776	1863878	0.08304	671877	1192001	0.360473
T2T00	hifiasm_porec	haplotype1	h1tg000069l	685086	13	28	4	9	8	19	41	0.3170731707317073	0.6829268292682927	0.3076923076923077	0.6785714285714286	mixed	69927	1863791	0.037519	154776	1863878	0.08304	671877	1192001	0.360473
T2T00	hifiasm_porec	haplotype1	h1tg000070l	1505202	22	781	5	17	16	764	803	0.0273972602739726	0.9726027397260274	0.22727272727272727	0.9782330345710627	maternal	69927	1863791	0.037519	154776	1863878	0.08304	671877	1192001	0.360473
T2T00	hifiasm_porec	haplotype1	h1tg000071l	2254263	57	1357	25	31	32	1325	1414	0.04031117397454031	0.9596888260254597	0.43859649122807015	0.976418570375829	maternal	69927	1863791	0.037519	154776	1863878	0.08304	671877	1192001	0.360473
T2T00	hifiasm_porec	haplotype1	h1tg000072l	1768108	16	1319	3	13	13	1305	1335	0.01198501872659176	0.9880149812734083	0.1875	0.9893858984078847	maternal	69927	1863791	0.037519	154776	1863878	0.08304	671877	1192001	0.360473
T2T00	hifiasm_porec	haplotype1	h1tg000073l	2911479	1659	38	1628	30	30	8	1697	0.9776075427224514	0.022392457277548614	0.9813140446051839	0.21052631578947367	paternal	69927	1863791	0.037519	154776	1863878	0.08304	671877	1192001	0.360473
T2T00	hifiasm_porec	haplotype1	h1tg000074l	2673111	51	1792	18	33	33	1758	1843	0.027672273467173086	0.972327726532827	0.35294117647058826	0.9810267857142857	maternal	69927	1863791	0.037519	154776	1863878	0.08304	671877	1192001	0.360473
T2T00	hifiasm_porec	haplotype1	h1tg000075l	2380445	42	1957	12	30	30	1926	1999	0.021010505252626314	0.9789894947473737	0.2857142857142857	0.9841594276954522	maternal	69927	1863791	0.037519	154776	1863878	0.08304	671877	1192001	0.360473
T2T00	hifiasm_porec	haplotype1	h1tg000076l	2930692	35	1861	7	28	28	1832	1896	0.018459915611814346	0.9815400843881856	0.2	0.984416980118216	maternal	69927	1863791	0.037519	154776	1863878	0.08304	671877	1192001	0.360473
T2T00	hifiasm_porec	haplotype1	h1tg000077l	948036	411	18	396	14	14	4	429	0.958041958041958	0.04195804195804196	0.9635036496350365	0.2222222222222222	paternal	69927	1863791	0.037519	154776	1863878	0.08304	671877	1192001	0.360473
T2T00	hifiasm_porec	haplotype1	h1tg000078l	1048033	4	2722	1	3	3	2718	2726	0.001467351430667645	0.9985326485693323	0.25	0.9985304922850845	maternal	69927	1863791	0.037519	154776	1863878	0.08304	671877	1192001	0.360473
T2T00	hifiasm_porec	haplotype1	h1tg000079l	1654745	30	908	9	21	21	886	938	0.031982942430703626	0.9680170575692963	0.3	0.9757709251101322	maternal	69927	1863791	0.037519	154776	1863878	0.08304	671877	1192001	0.360473
T2T00	hifiasm_porec	haplotype1	h1tg000080l	757586	4	600	0	4	4	595	604	0.006622516556291391	0.9933774834437086	0.0	0.9916666666666667	maternal	69927	1863791	0.037519	154776	1863878	0.08304	671877	1192001	0.360473
T2T00	hifiasm_porec	haplotype1	h1tg000081l	2123414	14	2293	1	13	13	2279	2307	0.006068487212830516	0.9939315127871695	0.07142857142857142	0.9938944614042738	maternal	69927	1863791	0.037519	154776	1863878	0.08304	671877	1192001	0.360473
T2T00	hifiasm_porec	haplotype1	h1tg000082l	1006615	23	823	6	17	17	805	846	0.027186761229314422	0.9728132387706856	0.2608695652173913	0.9781287970838396	maternal	69927	1863791	0.037519	154776	1863878	0.08304	671877	1192001	0.360473
T2T00	hifiasm_porec	haplotype1	h1tg000083l	2224142	1763	20	1746	16	16	4	1783	0.9887829500841279	0.011217049915872126	0.9903573454339194	0.2	paternal	69927	1863791	0.037519	154776	1863878	0.08304	671877	1192001	0.360473
T2T00	hifiasm_porec	haplotype1	h1tg000086l	999172	703	29	685	17	17	12	732	0.9603825136612022	0.03961748633879782	0.9743954480796586	0.41379310344827586	paternal	69927	1863791	0.037519	154776	1863878	0.08304	671877	1192001	0.360473
T2T00	hifiasm_porec	haplotype1	h1tg000087l	575879	5	185	1	4	4	180	190	0.02631578947368421	0.9736842105263158	0.2	0.972972972972973	maternal	69927	1863791	0.037519	154776	1863878	0.08304	671877	1192001	0.360473
T2T00	hifiasm_porec	haplotype2	h2tg000001l	96651524	1641	60629	471	1170	1170	59458	62270	0.0263529789625823	0.9736470210374177	0.2870201096892139	0.9806858104207558	maternal	68696	3316287	0.020715	173430	3316372	0.052295	2593934	722438	0.21784
T2T00	hifiasm_porec	haplotype2	h2tg000002l	133631314	55034	8113	53434	1599	1599	6514	63147	0.8715220042123933	0.12847799578760669	0.9709270632699786	0.8029089116233206	paternal	68696	3316287	0.020715	173430	3316372	0.052295	2593934	722438	0.21784
T2T00	hifiasm_porec	haplotype2	h2tg000003l	48641800	18169	2014	17560	608	608	1406	20183	0.9002130505871277	0.09978694941287222	0.9664813693654026	0.6981132075471698	paternal	68696	3316287	0.020715	173430	3316372	0.052295	2593934	722438	0.21784
T2T00	hifiasm_porec	haplotype2	h2tg000004l	59744165	40991	2974	39520	1470	1471	1503	43965	0.932355282611168	0.06764471738883203	0.9641140738210827	0.5053799596503026	paternal	68696	3316287	0.020715	173430	3316372	0.052295	2593934	722438	0.21784
T2T00	hifiasm_porec	haplotype2	h2tg000005l	5126947	1540	128	1504	36	36	91	1668	0.9232613908872902	0.07673860911270983	0.9766233766233766	0.7109375	paternal	68696	3316287	0.020715	173430	3316372	0.052295	2593934	722438	0.21784
T2T00	hifiasm_porec	haplotype2	h2tg000006l	172867774	28217	75635	26277	1940	1940	73694	103852	0.27170396333243463	0.7282960366675654	0.9312471205301769	0.9743372777153434	maternal	68696	3316287	0.020715	173430	3316372	0.052295	2593934	722438	0.21784
T2T00	hifiasm_porec	haplotype2	h2tg000007l	182906553	5193	94600	3424	1769	1769	92830	99793	0.05203771807641819	0.9479622819235818	0.6593491238205277	0.9812896405919662	maternal	68696	3316287	0.020715	173430	3316372	0.052295	2593934	722438	0.21784
T2T00	hifiasm_porec	haplotype2	h2tg000008l	1433947	748	21	727	20	20	1	769	0.9726918075422627	0.027308192457737322	0.9719251336898396	0.047619047619047616	paternal	68696	3316287	0.020715	173430	3316372	0.052295	2593934	722438	0.21784
T2T00	hifiasm_porec	haplotype2	h2tg000009l	52663183	1534312	594	1533886	426	425	168	1534906	0.9996130056172821	0.00038699438271789935	0.9997223511254556	0.2828282828282828	paternal	68696	3316287	0.020715	173430	3316372	0.052295	2593934	722438	0.21784
T2T00	hifiasm_porec	haplotype2	h2tg000010l	23310974	569	9511	182	387	387	9123	10080	0.0564484126984127	0.9435515873015873	0.31985940246045697	0.959205130901062	maternal	68696	3316287	0.020715	173430	3316372	0.052295	2593934	722438	0.21784
T2T00	hifiasm_porec	haplotype2	h2tg000011l	38045645	15160	9842	14759	400	401	9441	25002	0.6063514918806495	0.3936485081193504	0.9735488126649077	0.959256248729933	mixed	68696	3316287	0.020715	173430	3316372	0.052295	2593934	722438	0.21784
T2T00	hifiasm_porec	haplotype2	h2tg000012l	183797799	112845	4900	110734	2110	2111	2789	117745	0.9583846447832179	0.04161535521678203	0.9812929239221941	0.5691836734693878	paternal	68696	3316287	0.020715	173430	3316372	0.052295	2593934	722438	0.21784
T2T00	hifiasm_porec	haplotype2	h2tg000013l	5475249	3950	44	3914	35	35	9	3994	0.9889834752128193	0.011016524787180772	0.9908860759493671	0.20454545454545456	paternal	68696	3316287	0.020715	173430	3316372	0.052295	2593934	722438	0.21784
T2T00	hifiasm_porec	haplotype2	h2tg000014l	109515690	1550	55118	356	1193	1194	53924	56668	0.02735229759299781	0.9726477024070022	0.2296774193548387	0.9783373852461991	maternal	68696	3316287	0.020715	173430	3316372	0.052295	2593934	722438	0.21784
T2T00	hifiasm_porec	haplotype2	h2tg000015l	63036140	12846	21226	12014	831	832	20394	34072	0.37702512326837284	0.6229748767316271	0.9352327572785303	0.9608027890323189	mixed	68696	3316287	0.020715	173430	3316372	0.052295	2593934	722438	0.21784
T2T00	hifiasm_porec	haplotype2	h2tg000016l	11064907	165	7304	38	127	127	7176	7469	0.022091310751104567	0.9779086892488954	0.23030303030303031	0.9824753559693319	maternal	68696	3316287	0.020715	173430	3316372	0.052295	2593934	722438	0.21784
T2T00	hifiasm_porec	haplotype2	h2tg000017l	50584098	26395	668	25877	518	517	150	27063	0.9753168532682999	0.024683146731700106	0.980375071036181	0.2245508982035928	paternal	68696	3316287	0.020715	173430	3316372	0.052295	2593934	722438	0.21784
T2T00	hifiasm_porec	haplotype2	h2tg000018l	125852242	55291	5780	53985	1305	1305	4475	61071	0.9053560609782056	0.0946439390217943	0.9763795192707674	0.7742214532871973	paternal	68696	3316287	0.020715	173430	3316372	0.052295	2593934	722438	0.21784
T2T00	hifiasm_porec	haplotype2	h2tg000019l	113926705	1513	52205	349	1164	1164	51040	53718	0.02816560556982762	0.9718343944301724	0.23066754791804361	0.9776841298726175	maternal	68696	3316287	0.020715	173430	3316372	0.052295	2593934	722438	0.21784
T2T00	hifiasm_porec	haplotype2	h2tg000020l	23315892	13848	361	13558	289	289	72	14209	0.9745935674572455	0.02540643254275459	0.9790583477758521	0.1994459833795014	paternal	68696	3316287	0.020715	173430	3316372	0.052295	2593934	722438	0.21784
T2T00	hifiasm_porec	haplotype2	h2tg000021l	13652118	7276	331	7036	239	239	92	7607	0.9564874457736295	0.043512554226370445	0.9670148433205058	0.27794561933534745	paternal	68696	3316287	0.020715	173430	3316372	0.052295	2593934	722438	0.21784
T2T00	hifiasm_porec	haplotype2	h2tg000022l	33478768	18505	475	18151	354	353	121	18980	0.9749736564805058	0.025026343519494204	0.9808700351256417	0.25473684210526315	paternal	68696	3316287	0.020715	173430	3316372	0.052295	2593934	722438	0.21784
T2T00	hifiasm_porec	haplotype2	h2tg000023l	3313200	1636	51	1604	32	31	19	1687	0.969768820391227	0.03023117960877297	0.980440097799511	0.37254901960784315	paternal	68696	3316287	0.020715	173430	3316372	0.052295	2593934	722438	0.21784
T2T00	hifiasm_porec	haplotype2	h2tg000024l	106116698	7928	62575	6871	1057	1056	61518	70503	0.1124491156404692	0.8875508843595308	0.8666750756811302	0.983108270075909	maternal	68696	3316287	0.020715	173430	3316372	0.052295	2593934	722438	0.21784
T2T00	hifiasm_porec	haplotype2	h2tg000025l	35164389	42228	483	42021	206	206	277	42711	0.9886914378029079	0.011308562197092083	0.9950980392156863	0.5734989648033126	paternal	68696	3316287	0.020715	173430	3316372	0.052295	2593934	722438	0.21784
T2T00	hifiasm_porec	haplotype2	h2tg000026l	38572402	19937	430	19589	347	347	83	20367	0.9788874159179064	0.021112584082093582	0.9825450168029293	0.1930232558139535	paternal	68696	3316287	0.020715	173430	3316372	0.052295	2593934	722438	0.21784
T2T00	hifiasm_porec	haplotype2	h2tg000027l	4869883	23	29676	3	20	20	29655	29699	0.00077443684972558	0.9992255631502744	0.13043478260869565	0.9992923574605742	maternal	68696	3316287	0.020715	173430	3316372	0.052295	2593934	722438	0.21784
T2T00	hifiasm_porec	haplotype2	h2tg000028l	19974487	68883	243	68724	158	158	85	69126	0.9964846801492926	0.003515319850707404	0.9976917381647141	0.3497942386831276	paternal	68696	3316287	0.020715	173430	3316372	0.052295	2593934	722438	0.21784
T2T00	hifiasm_porec	haplotype2	h2tg000029l	57853961	29739	957	29034	704	704	253	30696	0.9688232994526974	0.03117670054730258	0.976293755674367	0.26436781609195403	paternal	68696	3316287	0.020715	173430	3316372	0.052295	2593934	722438	0.21784
T2T00	hifiasm_porec	haplotype2	h2tg000030l	39080739	24452	494	24045	406	406	88	24946	0.9801972260081777	0.019802773991822335	0.9833551447734337	0.17813765182186234	paternal	68696	3316287	0.020715	173430	3316372	0.052295	2593934	722438	0.21784
T2T00	hifiasm_porec	haplotype2	h2tg000031l	112014730	37931	41678	36576	1354	1354	40324	79609	0.47646622869273575	0.5235337713072643	0.9642772402520365	0.9675128365084696	mixed	68696	3316287	0.020715	173430	3316372	0.052295	2593934	722438	0.21784
T2T00	hifiasm_porec	haplotype2	h2tg000032l	142407817	63924	2663	62493	1430	1431	1232	66587	0.9600072086142941	0.03999279138570592	0.9776140416744885	0.46263612467142323	paternal	68696	3316287	0.020715	173430	3316372	0.052295	2593934	722438	0.21784
T2T00	hifiasm_porec	haplotype2	h2tg000033l	39527580	17288	1664	16788	499	499	1165	18952	0.9121992401857324	0.08780075981426762	0.9710782045349375	0.7001201923076923	paternal	68696	3316287	0.020715	173430	3316372	0.052295	2593934	722438	0.21784
T2T00	hifiasm_porec	haplotype2	h2tg000034l	42786609	1035	14775	368	667	667	14107	15810	0.06546489563567362	0.9345351043643264	0.35555555555555557	0.9547884940778342	maternal	68696	3316287	0.020715	173430	3316372	0.052295	2593934	722438	0.21784
T2T00	hifiasm_porec	haplotype2	h2tg000035l	32407283	17779	416	17442	336	336	80	18195	0.9771365759824128	0.022863424017587248	0.9810450531525957	0.19230769230769232	paternal	68696	3316287	0.020715	173430	3316372	0.052295	2593934	722438	0.21784
T2T00	hifiasm_porec	haplotype2	h2tg000036l	90844226	9031	39313	7802	1229	1229	38083	48344	0.18680704947873572	0.8131929505212643	0.8639131879083158	0.9687126395848702	maternal	68696	3316287	0.020715	173430	3316372	0.052295	2593934	722438	0.21784
T2T00	hifiasm_porec	haplotype2	h2tg000037l	14520595	9290	287	9053	236	236	51	9577	0.9700323692179179	0.02996763078208207	0.9744886975242196	0.17770034843205576	paternal	68696	3316287	0.020715	173430	3316372	0.052295	2593934	722438	0.21784
T2T00	hifiasm_porec	haplotype2	h2tg000038l	219487560	104810	11747	102258	2551	2551	9196	116557	0.899216692262155	0.100783307737845	0.9756511783226791	0.7828381714480293	paternal	68696	3316287	0.020715	173430	3316372	0.052295	2593934	722438	0.21784
T2T00	hifiasm_porec	haplotype2	h2tg000039l	22908600	20164	2251	19297	866	867	1384	22415	0.8995761766674102	0.10042382333258978	0.9570025788534021	0.6148378498445135	paternal	68696	3316287	0.020715	173430	3316372	0.052295	2593934	722438	0.21784
T2T00	hifiasm_porec	haplotype2	h2tg000040l	81731399	49066	1427	48088	977	977	450	50493	0.9717386568435229	0.028261343156477135	0.9800676639628256	0.3153468815697267	paternal	68696	3316287	0.020715	173430	3316372	0.052295	2593934	722438	0.21784
T2T00	hifiasm_porec	haplotype2	h2tg000041l	19573723	271	8206	69	201	202	8004	8477	0.03196885690692462	0.9680311430930754	0.25461254612546125	0.9753838654642945	maternal	68696	3316287	0.020715	173430	3316372	0.052295	2593934	722438	0.21784
T2T00	hifiasm_porec	haplotype2	h2tg000042l	1130106	1185	36	1161	24	24	11	1221	0.9705159705159705	0.029484029484029485	0.979746835443038	0.3055555555555556	paternal	68696	3316287	0.020715	173430	3316372	0.052295	2593934	722438	0.21784
T2T00	hifiasm_porec	haplotype2	h2tg000043l	16160467	10123	766	9856	267	266	499	10889	0.929653779043071	0.07034622095692901	0.9736244196384471	0.6514360313315927	paternal	68696	3316287	0.020715	173430	3316372	0.052295	2593934	722438	0.21784
T2T00	hifiasm_porec	haplotype2	h2tg000044l	37287814	34769	618	34287	481	482	136	35387	0.9825359595331619	0.017464040466838103	0.9861370761310363	0.22006472491909385	paternal	68696	3316287	0.020715	173430	3316372	0.052295	2593934	722438	0.21784
T2T00	hifiasm_porec	haplotype2	h2tg000045l	27985428	295	20831	70	225	225	20605	21126	0.013963836031430464	0.9860361639685695	0.23728813559322035	0.9891507848879074	maternal	68696	3316287	0.020715	173430	3316372	0.052295	2593934	722438	0.21784
T2T00	hifiasm_porec	haplotype2	h2tg000046l	17592123	418	10103	105	313	312	9790	10521	0.03973006368215949	0.9602699363178405	0.2511961722488038	0.9690191032366624	maternal	68696	3316287	0.020715	173430	3316372	0.052295	2593934	722438	0.21784
T2T00	hifiasm_porec	haplotype2	h2tg000047l	15936858	5396	1110	5163	232	233	877	6506	0.8293882569935445	0.17061174300645557	0.956819866567828	0.7900900900900901	paternal	68696	3316287	0.020715	173430	3316372	0.052295	2593934	722438	0.21784
T2T00	hifiasm_porec	haplotype2	h2tg000048l	3535876	1278	540	1236	42	41	498	1818	0.7029702970297029	0.297029702970297	0.9671361502347418	0.9222222222222223	paternal	68696	3316287	0.020715	173430	3316372	0.052295	2593934	722438	0.21784
T2T00	hifiasm_porec	haplotype2	h2tg000049l	49176532	22239	735	21681	558	557	177	22974	0.9680073126142597	0.031992687385740404	0.9749089437474706	0.24081632653061225	paternal	68696	3316287	0.020715	173430	3316372	0.052295	2593934	722438	0.21784
T2T00	hifiasm_porec	haplotype2	h2tg000050l	712622	272	13	262	9	9	4	285	0.9543859649122807	0.0456140350877193	0.9632352941176471	0.3076923076923077	paternal	68696	3316287	0.020715	173430	3316372	0.052295	2593934	722438	0.21784
T2T00	hifiasm_porec	haplotype2	h2tg000051l	1743068	1457	19	1439	17	17	2	1476	0.9871273712737128	0.012872628726287264	0.9876458476321208	0.10526315789473684	paternal	68696	3316287	0.020715	173430	3316372	0.052295	2593934	722438	0.21784
T2T00	hifiasm_porec	haplotype2	h2tg000052l	1218712	326	326	319	7	6	319	652	0.5	0.5	0.9785276073619632	0.9785276073619632	mixed	68696	3316287	0.020715	173430	3316372	0.052295	2593934	722438	0.21784
T2T00	hifiasm_porec	haplotype2	h2tg000053l	11426067	5277	125	5170	106	106	19	5402	0.9768604220659015	0.02313957793409848	0.979723327648285	0.152	paternal	68696	3316287	0.020715	173430	3316372	0.052295	2593934	722438	0.21784
T2T00	hifiasm_porec	haplotype2	h2tg000054l	4879627	3761	172	3707	53	53	119	3933	0.9562674802949402	0.04373251970505975	0.9856421164583887	0.6918604651162791	paternal	68696	3316287	0.020715	173430	3316372	0.052295	2593934	722438	0.21784
T2T00	hifiasm_porec	haplotype2	h2tg000055l	8211288	1	20323	0	1	1	20321	20324	4.92029128124385e-05	0.9999507970871876	0.0	0.9999015893322836	maternal	68696	3316287	0.020715	173430	3316372	0.052295	2593934	722438	0.21784
T2T00	hifiasm_porec	haplotype2	h2tg000056l	4619589	2060	31	2038	21	21	10	2091	0.9851745576279293	0.01482544237207078	0.9893203883495145	0.3225806451612903	paternal	68696	3316287	0.020715	173430	3316372	0.052295	2593934	722438	0.21784
T2T00	hifiasm_porec	haplotype2	h2tg000057l	3612956	9	7387	1	8	8	7378	7396	0.0012168739859383451	0.9987831260140616	0.1111111111111111	0.9987816434276432	maternal	68696	3316287	0.020715	173430	3316372	0.052295	2593934	722438	0.21784
T2T00	hifiasm_porec	haplotype2	h2tg000058l	2835348	9	6992	2	7	7	6984	7001	0.001285530638480217	0.9987144693615198	0.2222222222222222	0.9988558352402745	maternal	68696	3316287	0.020715	173430	3316372	0.052295	2593934	722438	0.21784
T2T00	hifiasm_porec	haplotype2	h2tg000059l	5176661	76	3845	20	56	56	3788	3921	0.01938281050752359	0.9806171894924764	0.2631578947368421	0.9851755526657997	maternal	68696	3316287	0.020715	173430	3316372	0.052295	2593934	722438	0.21784
T2T00	hifiasm_porec	haplotype2	h2tg000060l	18067188	13461	230	13266	194	194	36	13691	0.9832006427580162	0.016799357241983785	0.9855137062625362	0.1565217391304348	paternal	68696	3316287	0.020715	173430	3316372	0.052295	2593934	722438	0.21784
T2T00	hifiasm_porec	haplotype2	h2tg000061l	1162260	1010	24	990	19	19	5	1034	0.97678916827853	0.02321083172147002	0.9801980198019802	0.20833333333333334	paternal	68696	3316287	0.020715	173430	3316372	0.052295	2593934	722438	0.21784
T2T00	hifiasm_porec	haplotype2	h2tg000062l	1504856	50	1193	10	40	40	1152	1243	0.04022526146419952	0.9597747385358005	0.2	0.9656328583403185	maternal	68696	3316287	0.020715	173430	3316372	0.052295	2593934	722438	0.21784
T2T00	hifiasm_porec	haplotype2	h2tg000064l	1755126	1181	15	1167	13	13	2	1196	0.9874581939799331	0.01254180602006689	0.9881456392887383	0.13333333333333333	paternal	68696	3316287	0.020715	173430	3316372	0.052295	2593934	722438	0.21784
T2T00	hifiasm_porec	haplotype2	h2tg000065l	2074613	4	748	0	4	4	743	752	0.005319148936170213	0.9946808510638298	0.0	0.9933155080213903	maternal	68696	3316287	0.020715	173430	3316372	0.052295	2593934	722438	0.21784
T2T00	hifiasm_porec	haplotype2	h2tg000066l	1831015	1215	21	1196	18	18	3	1236	0.9830097087378641	0.01699029126213592	0.9843621399176955	0.14285714285714285	paternal	68696	3316287	0.020715	173430	3316372	0.052295	2593934	722438	0.21784
T2T00	hifiasm_porec	haplotype2	h2tg000067l	4139838	41	4242	4	37	37	4204	4283	0.00957272939528368	0.9904272706047164	0.0975609756097561	0.991041961338991	maternal	68696	3316287	0.020715	173430	3316372	0.052295	2593934	722438	0.21784
T2T00	hifiasm_porec	haplotype2	h2tg000069l	2582117	1067	55	1029	38	37	17	1122	0.9509803921568627	0.049019607843137254	0.9643861293345829	0.3090909090909091	paternal	68696	3316287	0.020715	173430	3316372	0.052295	2593934	722438	0.21784
T2T00	hifiasm_porec	haplotype2	h2tg000070l	1327565	827	16	811	15	15	1	843	0.9810201660735468	0.018979833926453145	0.9806529625151149	0.0625	paternal	68696	3316287	0.020715	173430	3316372	0.052295	2593934	722438	0.21784
T2T00	hifiasm_porec	haplotype2	h2tg000071l	1788848	1162	49	1133	28	28	21	1211	0.9595375722543352	0.04046242774566474	0.9750430292598967	0.42857142857142855	paternal	68696	3316287	0.020715	173430	3316372	0.052295	2593934	722438	0.21784
T2T00	hifiasm_porec	haplotype2	h2tg000072l	4519742	73	4687	19	54	54	4632	4760	0.015336134453781512	0.9846638655462185	0.2602739726027397	0.9882654149775976	maternal	68696	3316287	0.020715	173430	3316372	0.052295	2593934	722438	0.21784
T2T00	hifiasm_porec	haplotype2	h2tg000073l	2024145	1457	28	1432	24	24	4	1485	0.9811447811447811	0.018855218855218854	0.9828414550446122	0.14285714285714285	paternal	68696	3316287	0.020715	173430	3316372	0.052295	2593934	722438	0.21784
T2T00	hifiasm_porec	haplotype2	h2tg000075l	2014645	34	1679	8	26	25	1653	1713	0.0198482194979568	0.9801517805020432	0.23529411764705882	0.984514592019059	maternal	68696	3316287	0.020715	173430	3316372	0.052295	2593934	722438	0.21784
T2T00	hifiasm_porec	haplotype2	h2tg000077l	2136912	7	939	2	5	5	933	946	0.007399577167019027	0.992600422832981	0.2857142857142857	0.9936102236421726	maternal	68696	3316287	0.020715	173430	3316372	0.052295	2593934	722438	0.21784
T2T00	hifiasm_porec	haplotype2	h2tg000078l	1561621	600	34	571	28	28	6	634	0.9463722397476341	0.05362776025236593	0.9516666666666667	0.17647058823529413	paternal	68696	3316287	0.020715	173430	3316372	0.052295	2593934	722438	0.21784
T2T00	hifiasm_porec	haplotype2	h2tg000080l	1295757	23	999	7	16	16	982	1022	0.022504892367906065	0.9774951076320939	0.30434782608695654	0.982982982982983	maternal	68696	3316287	0.020715	173430	3316372	0.052295	2593934	722438	0.21784
T2T00	hifiasm_porec	haplotype2	h2tg000081l	1826472	46	781	18	28	28	752	827	0.05562273276904474	0.9443772672309553	0.391304347826087	0.9628681177976952	maternal	68696	3316287	0.020715	173430	3316372	0.052295	2593934	722438	0.21784
T2T00	hifiasm_porec	haplotype2	h2tg000082l	1254954	1090	16	1075	14	14	2	1106	0.9855334538878843	0.014466546112115732	0.9862385321100917	0.125	paternal	68696	3316287	0.020715	173430	3316372	0.052295	2593934	722438	0.21784
T2T00	hifiasm_porec	haplotype2	h2tg000083l	1195635	33	233	13	20	20	212	266	0.12406015037593984	0.8759398496240601	0.3939393939393939	0.9098712446351931	maternal	68696	3316287	0.020715	173430	3316372	0.052295	2593934	722438	0.21784
T2T00	hifiasm_porec	haplotype2	h2tg000084l	528381	30	23	18	11	11	12	53	0.5660377358490566	0.4339622641509434	0.6	0.5217391304347826	mixed	68696	3316287	0.020715	173430	3316372	0.052295	2593934	722438	0.21784
T2T04	hifiasm_porec	haplotype1	h1tg000001l	160836181	93629	2170	91978	1650	1650	520	95799	0.9773484065595675	0.022651593440432573	0.9823665744587681	0.23963133640552994	paternal	52619	3319548	0.015851	53161	3319585	0.016014	2684729	634856	0.191246
T2T04	hifiasm_porec	haplotype1	h1tg000002l	101474763	78287	1190	77428	858	858	332	79477	0.9850271147627615	0.014972885237238446	0.989027552467204	0.27899159663865547	paternal	52619	3319548	0.015851	53161	3319585	0.016014	2684729	634856	0.191246
T2T04	hifiasm_porec	haplotype1	h1tg000003l	242215857	2079	110234	389	1690	1690	108543	112313	0.018510769011601508	0.9814892309883985	0.18710918710918711	0.984659905292378	maternal	52619	3319548	0.015851	53161	3319585	0.016014	2684729	634856	0.191246
T2T04	hifiasm_porec	haplotype1	h1tg000004l	191276788	101281	1895	99786	1494	1494	401	103176	0.9816333255795922	0.018366674420407847	0.9852390872917921	0.21160949868073878	paternal	52619	3319548	0.015851	53161	3319585	0.016014	2684729	634856	0.191246
T2T04	hifiasm_porec	haplotype1	h1tg000005l	134292424	87698	1605	86466	1231	1231	374	89303	0.9820274794799727	0.017972520520027322	0.9859517890943921	0.23302180685358256	paternal	52619	3319548	0.015851	53161	3319585	0.016014	2684729	634856	0.191246
T2T04	hifiasm_porec	haplotype1	h1tg000006l	92880003	48703	1422	47666	1036	1036	386	50125	0.9716309226932668	0.028369077306733166	0.9787076771451451	0.2714486638537271	paternal	52619	3319548	0.015851	53161	3319585	0.016014	2684729	634856	0.191246
T2T04	hifiasm_porec	haplotype1	h1tg000007l	134079882	76350	1733	75044	1305	1305	428	78083	0.9778056683272928	0.02219433167270725	0.9828945645055664	0.24697057126370456	paternal	52619	3319548	0.015851	53161	3319585	0.016014	2684729	634856	0.191246
T2T04	hifiasm_porec	haplotype1	h1tg000008l	172724170	106320	6949	104573	1747	1746	5202	113269	0.9386504692369492	0.06134953076305079	0.9835684725357412	0.7485969204202043	paternal	52619	3319548	0.015851	53161	3319585	0.016014	2684729	634856	0.191246
T2T04	hifiasm_porec	haplotype1	h1tg000009l	80003582	3652	33707	3045	606	607	33100	37359	0.09775422254342997	0.9022457774565701	0.833789704271632	0.9819918711246922	maternal	52619	3319548	0.015851	53161	3319585	0.016014	2684729	634856	0.191246
T2T04	hifiasm_porec	haplotype1	h1tg000010l	66505469	41789	1181	40904	884	884	297	42970	0.9725157086339307	0.02748429136606935	0.978822178085142	0.2514817950889077	paternal	52619	3319548	0.015851	53161	3319585	0.016014	2684729	634856	0.191246
T2T04	hifiasm_porec	haplotype1	h1tg000011l	202915012	11412	88035	9917	1495	1495	86539	99447	0.11475459289872998	0.88524540710127	0.8689975464423414	0.9830067586755268	maternal	52619	3319548	0.015851	53161	3319585	0.016014	2684729	634856	0.191246
T2T04	hifiasm_porec	haplotype1	h1tg000012l	251280945	112975	3018	110687	2287	2287	731	115993	0.9739811885199969	0.026018811480003103	0.9797477317990706	0.24221338634857523	paternal	52619	3319548	0.015851	53161	3319585	0.016014	2684729	634856	0.191246
T2T04	hifiasm_porec	haplotype1	h1tg000013l	182840028	86519	1927	85038	1480	1480	447	88446	0.9782126947515999	0.021787305248400154	0.9828823726580289	0.2319667877529839	paternal	52619	3319548	0.015851	53161	3319585	0.016014	2684729	634856	0.191246
T2T04	hifiasm_porec	haplotype1	h1tg000014l	92606882	948	54986	185	763	763	54222	55934	0.016948546501233598	0.9830514534987664	0.19514767932489452	0.986105554141054	maternal	52619	3319548	0.015851	53161	3319585	0.016014	2684729	634856	0.191246
T2T04	hifiasm_porec	haplotype1	h1tg000015l	108396256	950	65948	224	726	726	65221	66898	0.014200723489491465	0.9857992765105086	0.23578947368421052	0.9889761630375448	maternal	52619	3319548	0.015851	53161	3319585	0.016014	2684729	634856	0.191246
T2T04	hifiasm_porec	haplotype1	h1tg000016l	7594448	4234	41	4213	20	20	21	4275	0.9904093567251462	0.0095906432748538	0.995040151157298	0.5121951219512195	paternal	52619	3319548	0.015851	53161	3319585	0.016014	2684729	634856	0.191246
T2T04	hifiasm_porec	haplotype1	h1tg000017l	45388042	502	27780	107	395	395	27384	28282	0.017749805530019095	0.9822501944699809	0.21314741035856574	0.9857451403887689	maternal	52619	3319548	0.015851	53161	3319585	0.016014	2684729	634856	0.191246
T2T04	hifiasm_porec	haplotype1	h1tg000018l	134878328	95264	1433	94172	1091	1091	342	96697	0.9851805123219955	0.014819487678004489	0.9885371179039302	0.23866015352407538	paternal	52619	3319548	0.015851	53161	3319585	0.016014	2684729	634856	0.191246
T2T04	hifiasm_porec	haplotype1	h1tg000019l	84748934	3301	43506	2327	974	974	42531	46807	0.07052363962655159	0.9294763603734484	0.7049378976067858	0.9775892980278582	maternal	52619	3319548	0.015851	53161	3319585	0.016014	2684729	634856	0.191246
T2T04	hifiasm_porec	haplotype1	h1tg000020l	61571069	38367	1389	37339	1027	1027	362	39756	0.96506187745246	0.034938122547539995	0.9732061406938254	0.2606191504679626	paternal	52619	3319548	0.015851	53161	3319585	0.016014	2684729	634856	0.191246
T2T04	hifiasm_porec	haplotype1	h1tg000021l	51891989	1563633	78	1563561	71	71	7	1563711	0.9999501186600337	4.988133996627254e-05	0.9999539533893184	0.08974358974358974	paternal	52619	3319548	0.015851	53161	3319585	0.016014	2684729	634856	0.191246
T2T04	hifiasm_porec	haplotype1	h1tg000022l	154346757	1072	88896	177	894	895	88001	89968	0.011915347679174819	0.9880846523208252	0.16511194029850745	0.9899320554355652	maternal	52619	3319548	0.015851	53161	3319585	0.016014	2684729	634856	0.191246
T2T04	hifiasm_porec	haplotype1	h1tg000023l	134556221	72470	1459	71315	1154	1154	305	73929	0.9802648487061911	0.019735151293808924	0.9840623706361253	0.20904729266620972	paternal	52619	3319548	0.015851	53161	3319585	0.016014	2684729	634856	0.191246
T2T04	hifiasm_porec	haplotype1	h1tg000024l	145979348	1280	88563	227	1053	1053	87509	89843	0.014247075453847267	0.9857529245461527	0.17734375	0.9880988674728725	maternal	52619	3319548	0.015851	53161	3319585	0.016014	2684729	634856	0.191246
T2T04	hifiasm_porec	haplotype1	h1tg000025l	46519338	50307	433	49961	345	346	87	50740	0.9914662987780843	0.008533701221915648	0.9931222295108036	0.20092378752886836	paternal	52619	3319548	0.015851	53161	3319585	0.016014	2684729	634856	0.191246
T2T04	hifiasm_porec	haplotype1	h1tg000026l	3591024	6	2953	0	6	6	2946	2959	0.002027712064886786	0.9979722879351132	0.0	0.9976295292922451	maternal	52619	3319548	0.015851	53161	3319585	0.016014	2684729	634856	0.191246
T2T04	hifiasm_porec	haplotype1	h1tg000027l	3030642	2	1649	0	2	2	1646	1651	0.0012113870381586917	0.9987886129618413	0.0	0.9981807155852032	maternal	52619	3319548	0.015851	53161	3319585	0.016014	2684729	634856	0.191246
T2T04	hifiasm_porec	haplotype1	h1tg000029l	620342	2	181	0	2	2	178	183	0.01092896174863388	0.9890710382513661	0.0	0.9834254143646409	maternal	52619	3319548	0.015851	53161	3319585	0.016014	2684729	634856	0.191246
T2T04	hifiasm_porec	haplotype1	h1tg000030l	764305	4	84	1	3	3	80	88	0.045454545454545456	0.9545454545454546	0.25	0.9523809523809523	maternal	52619	3319548	0.015851	53161	3319585	0.016014	2684729	634856	0.191246
T2T04	hifiasm_porec	haplotype1	h1tg000032l	648985	1521	2	1519	1	1	1	1523	0.9986868023637557	0.0013131976362442547	0.9986850756081526	0.5	paternal	52619	3319548	0.015851	53161	3319585	0.016014	2684729	634856	0.191246
T2T04	hifiasm_porec	haplotype1	h1tg000033l	576778	11	158	3	8	8	149	169	0.0650887573964497	0.9349112426035503	0.2727272727272727	0.9430379746835443	maternal	52619	3319548	0.015851	53161	3319585	0.016014	2684729	634856	0.191246
T2T04	hifiasm_porec	haplotype1	h1tg000034l	1603926	154	8	148	5	5	3	162	0.9506172839506173	0.04938271604938271	0.961038961038961	0.375	paternal	52619	3319548	0.015851	53161	3319585	0.016014	2684729	634856	0.191246
T2T04	hifiasm_porec	haplotype1	h1tg000036l	541593	2	48	0	2	1	46	50	0.04	0.96	0.0	0.9583333333333334	maternal	52619	3319548	0.015851	53161	3319585	0.016014	2684729	634856	0.191246
T2T04	hifiasm_porec	haplotype2	h2tg000001l	250993051	2495	114966	579	1916	1916	113049	117461	0.021241092788244608	0.9787589072117554	0.232064128256513	0.9833255049318929	maternal	46459	1625914	0.028574	51780	1625942	0.031846	565639	1060303	0.347884
T2T04	hifiasm_porec	haplotype2	h2tg000002l	46829960	29842	568	29418	423	423	145	30410	0.981321933574482	0.018678066425517923	0.9857918370082435	0.25528169014084506	paternal	46459	1625914	0.028574	51780	1625942	0.031846	565639	1060303	0.347884
T2T04	hifiasm_porec	haplotype2	h2tg000003l	242234679	111872	2669	109799	2072	2072	597	114541	0.9766983001719908	0.023301699828009184	0.9814698941647597	0.22367928062944922	paternal	46459	1625914	0.028574	51780	1625942	0.031846	565639	1060303	0.347884
T2T04	hifiasm_porec	haplotype2	h2tg000004l	80260528	36270	4993	35637	632	633	4360	41263	0.8789957104427696	0.12100428955723044	0.9825475599669148	0.8732225115161226	paternal	46459	1625914	0.028574	51780	1625942	0.031846	565639	1060303	0.347884
T2T04	hifiasm_porec	haplotype2	h2tg000005l	159041110	2237	89988	848	1389	1389	88598	92225	0.024255895906749796	0.9757441040932502	0.3790791238265534	0.9845534960216917	maternal	46459	1625914	0.028574	51780	1625942	0.031846	565639	1060303	0.347884
T2T04	hifiasm_porec	haplotype2	h2tg000006l	200661322	98605	11679	96977	1628	1627	10051	110284	0.8941006855028835	0.10589931449711654	0.9834896810506567	0.8606045038102578	paternal	46459	1625914	0.028574	51780	1625942	0.031846	565639	1060303	0.347884
T2T04	hifiasm_porec	haplotype2	h2tg000007l	193722121	1590	106214	361	1229	1229	104984	107804	0.014748988905791993	0.985251011094208	0.2270440251572327	0.9884196057016966	maternal	46459	1625914	0.028574	51780	1625942	0.031846	565639	1060303	0.347884
T2T04	hifiasm_porec	haplotype2	h2tg000008l	133707696	1227	94455	254	973	973	93481	95682	0.012823728600990783	0.9871762713990092	0.20700896495517523	0.9896882113175586	maternal	46459	1625914	0.028574	51780	1625942	0.031846	565639	1060303	0.347884
T2T04	hifiasm_porec	haplotype2	h2tg000009l	135038754	1214	65595	257	957	957	64637	66809	0.018171204478438535	0.9818287955215614	0.2116968698517298	0.9853952282948395	maternal	46459	1625914	0.028574	51780	1625942	0.031846	565639	1060303	0.347884
T2T04	hifiasm_porec	haplotype2	h2tg000010l	93852590	46629	1285	45764	865	864	420	47914	0.973181116166465	0.026818883833535083	0.9814493126595037	0.32684824902723736	paternal	46459	1625914	0.028574	51780	1625942	0.031846	565639	1060303	0.347884
T2T04	hifiasm_porec	haplotype2	h2tg000011l	145310557	77058	1590	75829	1228	1228	362	78648	0.9797833384192859	0.020216661580714067	0.9840509745905681	0.22767295597484277	paternal	46459	1625914	0.028574	51780	1625942	0.031846	565639	1060303	0.347884
T2T04	hifiasm_porec	haplotype2	h2tg000012l	65529095	911	47816	213	698	698	47117	48727	0.018696000164180025	0.98130399983582	0.23380900109769484	0.9853814622720428	maternal	46459	1625914	0.028574	51780	1625942	0.031846	565639	1060303	0.347884
T2T04	hifiasm_porec	haplotype2	h2tg000013l	184945998	1701	85181	446	1255	1255	83925	86882	0.019578278584747127	0.9804217214152529	0.2621987066431511	0.9852549277421021	maternal	46459	1625914	0.028574	51780	1625942	0.031846	565639	1060303	0.347884
T2T04	hifiasm_porec	haplotype2	h2tg000014l	172331526	6924	99931	5685	1239	1238	98692	106855	0.06479809087080624	0.9352019091291938	0.82105719237435	0.9876014449970479	maternal	46459	1625914	0.028574	51780	1625942	0.031846	565639	1060303	0.347884
T2T04	hifiasm_porec	haplotype2	h2tg000015l	134376221	1347	73114	291	1056	1056	72057	74461	0.018090006849223083	0.9819099931507769	0.21603563474387527	0.9855431244358126	maternal	46459	1625914	0.028574	51780	1625942	0.031846	565639	1060303	0.347884
T2T04	hifiasm_porec	haplotype2	h2tg000016l	83582463	35186	2922	34103	1082	1082	1840	38108	0.9233231867324446	0.07667681326755536	0.9692207127834934	0.6297056810403833	paternal	46459	1625914	0.028574	51780	1625942	0.031846	565639	1060303	0.347884
T2T04	hifiasm_porec	haplotype2	h2tg000017l	92309893	1430	44985	507	923	923	44061	46415	0.0308090057093612	0.9691909942906388	0.35454545454545455	0.97945981993998	maternal	46459	1625914	0.028574	51780	1625942	0.031846	565639	1060303	0.347884
T2T04	hifiasm_porec	haplotype2	h2tg000018l	62432901	990	38817	236	754	754	38062	39807	0.024869997739091116	0.9751300022609088	0.2383838383838384	0.980549759126156	maternal	46459	1625914	0.028574	51780	1625942	0.031846	565639	1060303	0.347884
T2T04	hifiasm_porec	haplotype2	h2tg000019l	38955962	346	23876	91	255	254	23621	24222	0.014284534720502022	0.9857154652794979	0.2630057803468208	0.9893198190651701	maternal	46459	1625914	0.028574	51780	1625942	0.031846	565639	1060303	0.347884
T2T04	hifiasm_porec	haplotype2	h2tg000020l	134280580	1300	86011	250	1050	1050	84960	87311	0.014889303753249877	0.9851106962467501	0.19230769230769232	0.9877806327097697	maternal	46459	1625914	0.028574	51780	1625942	0.031846	565639	1060303	0.347884
T2T04	hifiasm_porec	haplotype2	h2tg000021l	9818148	50032	9	50025	6	6	3	50041	0.9998201474790671	0.00017985252093283508	0.9998600895426927	0.3333333333333333	paternal	46459	1625914	0.028574	51780	1625942	0.031846	565639	1060303	0.347884
T2T04	hifiasm_porec	haplotype2	h2tg000022l	104205937	54495	1020	53686	808	808	212	55515	0.9816265874088085	0.01837341259119157	0.9851546013395724	0.20784313725490197	paternal	46459	1625914	0.028574	51780	1625942	0.031846	565639	1060303	0.347884
T2T04	hifiasm_porec	haplotype2	h2tg000023l	100315270	1309	58306	537	772	772	57533	59615	0.021957561016522686	0.9780424389834773	0.4102368220015279	0.9867423592769183	maternal	46459	1625914	0.028574	51780	1625942	0.031846	565639	1060303	0.347884
T2T04	hifiasm_porec	haplotype2	h2tg000024l	879834	457	0	456	0	0	0	457	1.0	0.0	0.9978118161925602	0.0	paternal	46459	1625914	0.028574	51780	1625942	0.031846	565639	1060303	0.347884
T2T04	hifiasm_porec	haplotype2	h2tg000025l	2207300	3	1738	0	3	3	1734	1741	0.0017231476163124641	0.9982768523836876	0.0	0.997698504027618	maternal	46459	1625914	0.028574	51780	1625942	0.031846	565639	1060303	0.347884
T2T04	hifiasm_porec	haplotype2	h2tg000026l	1939213	18	1466	3	15	15	1450	1484	0.012129380053908356	0.9878706199460916	0.16666666666666666	0.9890859481582538	maternal	46459	1625914	0.028574	51780	1625942	0.031846	565639	1060303	0.347884
T2T04	hifiasm_porec	haplotype2	h2tg000027l	2475159	3	1109	0	3	3	1105	1112	0.002697841726618705	0.9973021582733813	0.0	0.9963931469792606	maternal	46459	1625914	0.028574	51780	1625942	0.031846	565639	1060303	0.347884
T2T04	hifiasm_porec	haplotype2	h2tg000028l	848563	148	0	147	0	0	0	148	1.0	0.0	0.9932432432432432	0.0	paternal	46459	1625914	0.028574	51780	1625942	0.031846	565639	1060303	0.347884
T2T00	verkko_pofo	haplotype1	T2T00#1#haplotype1-0000006	83836360	1554	34129	463	1091	1091	33037	35683	0.043550149931339856	0.9564498500686601	0.2979407979407979	0.9680037504761346	maternal	50607	1874366	0.027	33090	1874427	0.017653	42181	1832246	0.022503
T2T00	verkko_pofo	haplotype1	T2T00#1#haplotype1-0000007	242664474	2458	115073	558	1899	1900	113173	117531	0.020913631297274762	0.9790863687027253	0.22701383238405207	0.9834887419290363	maternal	50607	1874366	0.027	33090	1874427	0.017653	42181	1832246	0.022503
T2T00	verkko_pofo	haplotype1	T2T00#1#haplotype1-0000012	4479258	9	7590	4	5	5	7584	7599	0.0011843663639952626	0.9988156336360048	0.4444444444444444	0.9992094861660079	maternal	50607	1874366	0.027	33090	1874427	0.017653	42181	1832246	0.022503
T2T00	verkko_pofo	haplotype1	T2T00#1#haplotype1-0000013	49370430	696	68238	154	542	541	67696	68934	0.01009661415266777	0.9899033858473323	0.22126436781609196	0.9920572115243705	maternal	50607	1874366	0.027	33090	1874427	0.017653	42181	1832246	0.022503
T2T00	verkko_pofo	haplotype1	T2T00#1#haplotype1-0000014	61709164	1240	39146	368	872	871	38274	40386	0.03070370920616055	0.9692962907938395	0.2967741935483871	0.9777244162877433	maternal	50607	1874366	0.027	33090	1874427	0.017653	42181	1832246	0.022503
T2T00	verkko_pofo	haplotype1	T2T00#1#haplotype1-0000015	145923315	1520	70567	359	1160	1161	69406	72087	0.021085632638339784	0.9789143673616603	0.2361842105263158	0.9835475505547919	maternal	50607	1874366	0.027	33090	1874427	0.017653	42181	1832246	0.022503
T2T00	verkko_pofo	haplotype1	T2T00#1#haplotype1-0000016	65611324	905	35439	211	694	693	34745	36344	0.024900946511116004	0.975099053488884	0.23314917127071824	0.9804170546572984	maternal	50607	1874366	0.027	33090	1874427	0.017653	42181	1832246	0.022503
T2T00	verkko_pofo	haplotype1	T2T00#1#haplotype1-0000017	102951975	925	62332	198	726	727	61605	63257	0.014622887585563652	0.9853771124144364	0.21405405405405406	0.9883366489122762	maternal	50607	1874366	0.027	33090	1874427	0.017653	42181	1832246	0.022503
T2T00	verkko_pofo	haplotype1	T2T00#1#haplotype1-0000018	102016679	1290	64827	352	937	937	63890	66117	0.01951086709923318	0.9804891329007668	0.27286821705426356	0.9855461458960001	maternal	50607	1874366	0.027	33090	1874427	0.017653	42181	1832246	0.022503
T2T00	verkko_pofo	haplotype1	T2T00#1#haplotype1-0000020	134052960	1567	66436	359	1208	1208	65227	68003	0.023043101039660015	0.97695689896034	0.22910019144862795	0.9818020350412427	maternal	50607	1874366	0.027	33090	1874427	0.017653	42181	1832246	0.022503
T2T00	verkko_pofo	haplotype1	T2T00#1#haplotype1-0000021	182099431	1746	104901	359	1387	1387	103513	106647	0.01637176854482545	0.9836282314551745	0.20561282932416952	0.986768476944929	maternal	50607	1874366	0.027	33090	1874427	0.017653	42181	1832246	0.022503
T2T00	verkko_pofo	haplotype1	T2T00#1#haplotype1-0000025	138884307	1313	111618	305	1008	1008	110609	112931	0.011626568435593416	0.9883734315644066	0.2322924600152323	0.9909602393879123	maternal	50607	1874366	0.027	33090	1874427	0.017653	42181	1832246	0.022503
T2T00	verkko_pofo	haplotype1	T2T00#1#haplotype2-0000045	245133717	2928	136345	715	2213	2212	134132	139273	0.021023457525866464	0.9789765424741336	0.24419398907103826	0.9837691151123987	maternal	50607	1874366	0.027	33090	1874427	0.017653	42181	1832246	0.022503
T2T00	verkko_pofo	haplotype1	T2T00#1#haplotype2-0000046	1013883	0	850	0	0	0	849	850	0.0	1.0	0.0	0.9988235294117647	maternal	50607	1874366	0.027	33090	1874427	0.017653	42181	1832246	0.022503
T2T00	verkko_pofo	haplotype1	T2T00#1#haplotype2-0000047	79952054	779	43910	140	638	639	43271	44689	0.017431582716104635	0.9825684172838953	0.1797175866495507	0.9854475062628103	maternal	50607	1874366	0.027	33090	1874427	0.017653	42181	1832246	0.022503
T2T00	verkko_pofo	haplotype1	T2T00#1#haplotype2-0000048	136628182	1446	89843	333	1113	1112	88730	91289	0.015839805453011863	0.9841601945469881	0.23029045643153526	0.9876117226717719	maternal	50607	1874366	0.027	33090	1874427	0.017653	42181	1832246	0.022503
T2T00	verkko_pofo	haplotype1	T2T00#1#haplotype2-0000049	200623752	2040	105134	440	1600	1599	103534	107174	0.01903446731483382	0.9809655326851662	0.21568627450980393	0.984781326687846	maternal	50607	1874366	0.027	33090	1874427	0.017653	42181	1832246	0.022503
T2T00	verkko_pofo	haplotype1	T2T00#1#haplotype2-0000052	159962893	1887	101625	440	1447	1447	100177	103512	0.01822977046139578	0.9817702295386043	0.23317435082140964	0.9857515375153751	maternal	50607	1874366	0.027	33090	1874427	0.017653	42181	1832246	0.022503
T2T00	verkko_pofo	haplotype1	T2T00#1#haplotype2-0000053	95996840	1069	125131	241	828	828	124302	126200	0.008470681458003169	0.9915293185419969	0.225444340505145	0.9933749430596734	maternal	50607	1874366	0.027	33090	1874427	0.017653	42181	1832246	0.022503
T2T00	verkko_pofo	haplotype1	T2T00#1#haplotype2-0000055	1972758	2568	51	2548	19	19	32	2619	0.9805269186712485	0.019473081328751432	0.9922118380062306	0.6274509803921569	paternal	50607	1874366	0.027	33090	1874427	0.017653	42181	1832246	0.022503
T2T00	verkko_pofo	haplotype1	T2T00#1#haplotype2-0000056	154363537	1073	90975	171	902	901	90073	92048	0.011656961585259865	0.9883430384147401	0.15936626281453867	0.9900851882385271	maternal	50607	1874366	0.027	33090	1874427	0.017653	42181	1832246	0.022503
T2T00	verkko_pofo	haplotype1	T2T00#1#haplotype2-0000063	173072865	1745	95370	413	1331	1332	94038	97115	0.017968387993615817	0.9820316120063842	0.23667621776504297	0.9860333438188109	maternal	50607	1874366	0.027	33090	1874427	0.017653	42181	1832246	0.022503
T2T00	verkko_pofo	haplotype1	T2T00#1#haplotype2-0000066	136649847	1410	70532	335	1075	1075	69456	71942	0.01959912151455339	0.9804008784854467	0.2375886524822695	0.9847445131287926	maternal	50607	1874366	0.027	33090	1874427	0.017653	42181	1832246	0.022503
T2T00	verkko_pofo	haplotype1	T2T00#1#haplotype2-0000068	191590024	1788	104245	410	1377	1378	102867	106033	0.016862674827647996	0.983137325172352	0.22930648769574943	0.9867811405822822	maternal	50607	1874366	0.027	33090	1874427	0.017653	42181	1832246	0.022503
T2T00	verkko_pofo	haplotype1	T2T00#1#haplotype2-0000069	92814533	1298	47704	344	954	953	46750	49002	0.026488714746336885	0.9735112852536632	0.2650231124807396	0.9800016770082174	maternal	50607	1874366	0.027	33090	1874427	0.017653	42181	1832246	0.022503
T2T00	verkko_pofo	haplotype1	T2T00#1#haplotype2-0000070	43812684	306	37544	57	249	249	37294	37850	0.008084544253632761	0.9919154557463672	0.18627450980392157	0.9933411463882378	maternal	50607	1874366	0.027	33090	1874427	0.017653	42181	1832246	0.022503
T2T00	verkko_pofo	haplotype1	T2T00#1#haplotype2-0000079	898242	3	1159	0	3	3	1155	1162	0.0025817555938037868	0.9974182444061962	0.0	0.996548748921484	maternal	50607	1874366	0.027	33090	1874427	0.017653	42181	1832246	0.022503
T2T00	verkko_pofo	haplotype2	T2T00#2#haplotype1-0000001	245398328	131368	3368	129101	2266	2267	1101	134736	0.9750029687685549	0.024997031231445196	0.9827431337920954	0.3269002375296912	paternal	52662	3262510	0.016142	45696	3262563	0.014006	3211749	50815	0.015575
T2T00	verkko_pofo	haplotype2	T2T00#2#haplotype1-0000002	78991454	38030	1689	37370	659	659	1030	39719	0.9574762708023867	0.042523729197613234	0.9826452800420721	0.6098283007696862	paternal	52662	3262510	0.016142	45696	3262563	0.014006	3211749	50815	0.015575
T2T00	verkko_pofo	haplotype2	T2T00#2#haplotype1-0000003	39963702	20604	1688	20309	294	294	1394	22292	0.9242777678090794	0.07572223219092052	0.9856823917685886	0.8258293838862559	paternal	52662	3262510	0.016142	45696	3262563	0.014006	3211749	50815	0.015575
T2T00	verkko_pofo	haplotype2	T2T00#2#haplotype1-0000004	136566791	75033	1703	73843	1189	1189	514	76736	0.9778070266889074	0.022192973311092577	0.9841403115962309	0.3018203170874927	paternal	52662	3262510	0.016142	45696	3262563	0.014006	3211749	50815	0.015575
T2T00	verkko_pofo	haplotype2	T2T00#2#haplotype1-0000005	200680242	90710	2781	89169	1540	1540	1241	93491	0.9702538212234333	0.02974617877656673	0.983011795832874	0.4462423588637181	paternal	52662	3262510	0.016142	45696	3262563	0.014006	3211749	50815	0.015575
T2T00	verkko_pofo	haplotype2	T2T00#2#haplotype1-0000008	159256231	85621	2307	84353	1267	1267	1040	87928	0.9737626239650623	0.026237376034937678	0.9851905490475468	0.45080190723883834	paternal	52662	3262510	0.016142	45696	3262563	0.014006	3211749	50815	0.015575
T2T00	verkko_pofo	haplotype2	T2T00#2#haplotype1-0000009	3429182	7243	27	7223	19	20	7	7270	0.9962861072902338	0.0037138927097661624	0.9972387132403701	0.25925925925925924	paternal	52662	3262510	0.016142	45696	3262563	0.014006	3211749	50815	0.015575
T2T00	verkko_pofo	haplotype2	T2T00#2#haplotype1-0000010	99386947	55411	3104	53908	1503	1502	1601	58515	0.9469537725369563	0.05304622746304367	0.9728754218476475	0.5157860824742269	paternal	52662	3262510	0.016142	45696	3262563	0.014006	3211749	50815	0.015575
T2T00	verkko_pofo	haplotype2	T2T00#2#haplotype1-0000011	52703089	1534483	548	1534094	388	388	160	1535031	0.9996430039523632	0.000356996047636823	0.9997464944218998	0.291970802919708	paternal	52662	3262510	0.016142	45696	3262563	0.014006	3211749	50815	0.015575
T2T00	verkko_pofo	haplotype2	T2T00#2#haplotype1-0000019	137904311	87265	1466	86141	1123	1123	343	88731	0.9834781530693895	0.016521846930610498	0.9871196928894745	0.2339699863574352	paternal	52662	3262510	0.016142	45696	3262563	0.014006	3211749	50815	0.015575
T2T00	verkko_pofo	haplotype2	T2T00#2#haplotype1-0000022	191927918	102281	1985	100985	1295	1295	690	104266	0.9809621544894789	0.019037845510521168	0.9873290249410936	0.34760705289672544	paternal	52662	3262510	0.016142	45696	3262563	0.014006	3211749	50815	0.015575
T2T00	verkko_pofo	haplotype2	T2T00#2#haplotype1-0000023	92123731	52507	3206	51508	998	998	2208	55713	0.942455082296771	0.057544917703229045	0.9809739653760451	0.6887086712414223	paternal	52662	3262510	0.016142	45696	3262563	0.014006	3211749	50815	0.015575
T2T00	verkko_pofo	haplotype2	T2T00#2#haplotype1-0000024	172159936	108038	1839	106592	1445	1445	394	109877	0.9832631032882223	0.016736896711777714	0.9866158203595031	0.2142468733007069	paternal	52662	3262510	0.016142	45696	3262563	0.014006	3211749	50815	0.015575
T2T00	verkko_pofo	haplotype2	T2T00#2#haplotype2-0000050	83961448	37716	2027	36694	1021	1021	1006	39743	0.9489973077019852	0.05100269229801475	0.9729027468448403	0.4962999506660089	paternal	52662	3262510	0.016142	45696	3262563	0.014006	3211749	50815	0.015575
T2T00	verkko_pofo	haplotype2	T2T00#2#haplotype2-0000051	242536137	114464	2316	112653	1810	1810	506	116780	0.9801678369583833	0.019832163041616717	0.9841784316466312	0.21848013816925735	paternal	52662	3262510	0.016142	45696	3262563	0.014006	3211749	50815	0.015575
T2T00	verkko_pofo	haplotype2	T2T00#2#haplotype2-0000054	2810077	2	1030	0	1	2	1028	1032	0.001937984496124031	0.998062015503876	0.0	0.9980582524271845	maternal	52662	3262510	0.016142	45696	3262563	0.014006	3211749	50815	0.015575
T2T00	verkko_pofo	haplotype2	T2T00#2#haplotype2-0000057	64201663	33236	1130	32608	627	627	503	34366	0.967118663795612	0.03288133620438806	0.9811048260921892	0.4451327433628319	paternal	52662	3262510	0.016142	45696	3262563	0.014006	3211749	50815	0.015575
T2T00	verkko_pofo	haplotype2	T2T00#2#haplotype2-0000058	1169985	345	624	114	231	231	392	969	0.3560371517027864	0.6439628482972136	0.33043478260869563	0.6282051282051282	mixed	52662	3262510	0.016142	45696	3262563	0.014006	3211749	50815	0.015575
T2T00	verkko_pofo	haplotype2	T2T00#2#haplotype2-0000059	50008979	86522	676	86044	477	477	199	87198	0.9922475286130416	0.007752471386958416	0.994475393541527	0.2943786982248521	paternal	52662	3262510	0.016142	45696	3262563	0.014006	3211749	50815	0.015575
T2T00	verkko_pofo	haplotype2	T2T00#2#haplotype2-0000060	145735667	72391	2483	71208	1182	1182	1301	74874	0.9668376205358336	0.03316237946416647	0.9836581895539501	0.5239629480467177	paternal	52662	3262510	0.016142	45696	3262563	0.014006	3211749	50815	0.015575
T2T00	verkko_pofo	haplotype2	T2T00#2#haplotype2-0000061	62408664	42869	1675	41686	1182	1182	493	44544	0.9623967313218391	0.03760326867816092	0.9724043014765915	0.2943283582089552	paternal	52662	3262510	0.016142	45696	3262563	0.014006	3211749	50815	0.015575
T2T00	verkko_pofo	haplotype2	T2T00#2#haplotype2-0000062	183921487	114201	2100	112582	1618	1618	482	116301	0.9819434054737276	0.018056594526272344	0.9858232414777454	0.22952380952380952	paternal	52662	3262510	0.016142	45696	3262563	0.014006	3211749	50815	0.015575
T2T00	verkko_pofo	haplotype2	T2T00#2#haplotype2-0000064	107902539	89322	1403	88341	980	980	423	90725	0.9845356847616423	0.015464315238357675	0.9890172633841606	0.3014967925873129	paternal	52662	3262510	0.016142	45696	3262563	0.014006	3211749	50815	0.015575
T2T00	verkko_pofo	haplotype2	T2T00#2#haplotype2-0000065	103572952	69884	2490	68885	998	998	1492	72374	0.9655953795561942	0.03440462044380579	0.9857048823765097	0.5991967871485944	paternal	52662	3262510	0.016142	45696	3262563	0.014006	3211749	50815	0.015575
T2T00	verkko_pofo	haplotype2	T2T00#2#haplotype2-0000067	133650667	59487	1708	58305	1181	1181	527	61195	0.9720892229757333	0.027910777024266687	0.9801301124615462	0.3085480093676815	paternal	52662	3262510	0.016142	45696	3262563	0.014006	3211749	50815	0.015575
T2T00	verkko_pofo	haplotype2	T2T00#2#haplotype2-0000071	136367677	96473	1518	95488	984	984	534	97991	0.9845087814187017	0.015491218581298283	0.9897898893991065	0.35177865612648224	paternal	52662	3262510	0.016142	45696	3262563	0.014006	3211749	50815	0.015575
T2T04	verkko_pofo	haplotype1	T2T04#1#haplotype1-0000001	242210179	1678	109128	297	1381	1381	107746	110806	0.015143584282439579	0.9848564157175604	0.1769964243146603	0.9873359724360384	maternal	37109	1669647	0.022226	25151	1669701	0.015063	25643	1644058	0.015358
T2T04	verkko_pofo	haplotype1	T2T04#1#haplotype1-0000003	133700044	954	93830	202	752	752	93077	94784	0.010064989871708304	0.9899350101282917	0.21174004192872117	0.9919748481295961	maternal	37109	1669647	0.022226	25151	1669701	0.015063	25643	1644058	0.015358
T2T04	verkko_pofo	haplotype1	T2T04#1#haplotype1-0000004	84773506	1185	44315	423	762	762	43552	45500	0.026043956043956044	0.973956043956044	0.3569620253164557	0.9827823536048742	maternal	37109	1669647	0.022226	25151	1669701	0.015063	25643	1644058	0.015358
T2T04	verkko_pofo	haplotype1	T2T04#1#haplotype1-0000005	101403567	1108	58563	506	602	602	57960	59671	0.018568483853127985	0.981431516146872	0.4566787003610108	0.9897033963424005	maternal	37109	1669647	0.022226	25151	1669701	0.015063	25643	1644058	0.015358
T2T04	verkko_pofo	haplotype1	T2T04#1#haplotype1-0000007	134169520	1042	85305	190	852	852	84452	86347	0.012067587756378334	0.9879324122436217	0.18234165067178504	0.9900005861321142	maternal	37109	1669647	0.022226	25151	1669701	0.015063	25643	1644058	0.015358
T2T04	verkko_pofo	haplotype1	T2T04#1#haplotype1-0000008	184982985	1357	84414	356	1001	1001	83412	85771	0.015821198307120123	0.9841788016928799	0.262343404568902	0.9881299310540905	maternal	37109	1669647	0.022226	25151	1669701	0.015063	25643	1644058	0.015358
T2T04	verkko_pofo	haplotype1	T2T04#1#haplotype1-0000009	171924118	1345	103806	250	1095	1095	102710	105151	0.012791128947893981	0.987208871052106	0.18587360594795538	0.9894418434387222	maternal	37109	1669647	0.022226	25151	1669701	0.015063	25643	1644058	0.015358
T2T04	verkko_pofo	haplotype1	T2T04#1#haplotype1-0000011	251430232	1943	113732	447	1496	1496	112235	115675	0.01679706073049492	0.9832029392695051	0.23005661348430262	0.9868374775788696	maternal	37109	1669647	0.022226	25151	1669701	0.015063	25643	1644058	0.015358
T2T04	verkko_pofo	haplotype1	T2T04#1#haplotype1-0000016	104329872	751	62948	180	571	571	62376	63699	0.011789824016075605	0.9882101759839244	0.2396804260985353	0.9909131346508229	maternal	37109	1669647	0.022226	25151	1669701	0.015063	25643	1644058	0.015358
T2T04	verkko_pofo	haplotype1	T2T04#1#haplotype1-0000019	134451918	1113	72462	199	914	914	71547	73575	0.015127420998980632	0.9848725790010193	0.17879604672057503	0.9873726918936822	maternal	37109	1669647	0.022226	25151	1669701	0.015063	25643	1644058	0.015358
T2T04	verkko_pofo	haplotype1	T2T04#1#haplotype1-0000020	201390820	1689	96559	502	1187	1187	95371	98248	0.01719118964253725	0.9828088103574627	0.2972172883362937	0.9876966414316636	maternal	37109	1669647	0.022226	25151	1669701	0.015063	25643	1644058	0.015358
T2T04	verkko_pofo	haplotype1	T2T04#1#haplotype1-0000022	193710918	1279	105465	287	992	992	104472	106744	0.011981938094881212	0.9880180619051188	0.22439405785770133	0.9905845541174797	maternal	37109	1669647	0.022226	25151	1669701	0.015063	25643	1644058	0.015358
T2T04	verkko_pofo	haplotype1	T2T04#1#haplotype1-0000023	95447653	753	57360	164	589	589	56770	58113	0.012957513809302566	0.9870424861906975	0.21779548472775564	0.9897140864714087	maternal	37109	1669647	0.022226	25151	1669701	0.015063	25643	1644058	0.015358
T2T04	verkko_pofo	haplotype1	T2T04#1#haplotype1-0000026	844182	17	208	7	10	9	198	225	0.07555555555555556	0.9244444444444444	0.4117647058823529	0.9519230769230769	maternal	37109	1669647	0.022226	25151	1669701	0.015063	25643	1644058	0.015358
T2T04	verkko_pofo	haplotype1	T2T04#1#haplotype2-0000068	41113678	301	25366	81	220	219	25146	25667	0.011727120427007442	0.9882728795729926	0.2691029900332226	0.9913269731136166	maternal	37109	1669647	0.022226	25151	1669701	0.015063	25643	1644058	0.015358
T2T04	verkko_pofo	haplotype1	T2T04#1#haplotype2-0000071	154436170	763	88822	125	638	638	88183	89585	0.008517050845565664	0.9914829491544344	0.16382699868938402	0.9928058363918849	maternal	37109	1669647	0.022226	25151	1669701	0.015063	25643	1644058	0.015358
T2T04	verkko_pofo	haplotype1	T2T04#1#haplotype2-0000074	79987818	643	37510	200	443	443	37066	38153	0.016853196341047885	0.9831468036589521	0.3110419906687403	0.9881631564916022	maternal	37109	1669647	0.022226	25151	1669701	0.015063	25643	1644058	0.015358
T2T04	verkko_pofo	haplotype1	T2T04#1#haplotype2-0000080	161234164	1978	90822	810	1168	1168	89653	92800	0.021314655172413793	0.9786853448275862	0.40950455005055614	0.987128669265156	maternal	37109	1669647	0.022226	25151	1669701	0.015063	25643	1644058	0.015358
T2T04	verkko_pofo	haplotype1	T2T04#1#haplotype2-0000081	2483252	213	11	203	9	9	2	224	0.9508928571428571	0.049107142857142856	0.9530516431924883	0.18181818181818182	paternal	37109	1669647	0.022226	25151	1669701	0.015063	25643	1644058	0.015358
T2T04	verkko_pofo	haplotype1	T2T04#1#haplotype2-0000082	146131832	999	87958	162	837	837	87120	88957	0.01123014490146925	0.9887698550985308	0.16216216216216217	0.9904727256190454	maternal	37109	1669647	0.022226	25151	1669701	0.015063	25643	1644058	0.015358
T2T04	verkko_pofo	haplotype1	T2T04#1#haplotype2-0000083	135113123	977	64952	210	767	767	64184	65929	0.014818971924342854	0.9851810280756571	0.21494370522006143	0.9881758837295234	maternal	37109	1669647	0.022226	25151	1669701	0.015063	25643	1644058	0.015358
T2T04	verkko_pofo	haplotype1	T2T04#1#haplotype2-0000084	48492982	387	29166	82	305	305	28860	29553	0.013095117246980002	0.98690488275302	0.21188630490956073	0.9895083316190084	maternal	37109	1669647	0.022226	25151	1669701	0.015063	25643	1644058	0.015358
T2T04	verkko_pofo	haplotype1	T2T04#1#haplotype2-0000085	65527377	767	47434	182	585	585	46848	48201	0.015912532935001347	0.9840874670649986	0.23728813559322035	0.9876459923261796	maternal	37109	1669647	0.022226	25151	1669701	0.015063	25643	1644058	0.015358
T2T04	verkko_pofo	haplotype1	T2T04#1#haplotype2-0000087	15301259	170	11214	33	136	137	11077	11384	0.014933239634574842	0.9850667603654252	0.19411764705882353	0.9877831282325664	maternal	37109	1669647	0.022226	25151	1669701	0.015063	25643	1644058	0.015358
T2T04	verkko_pofo	haplotype1	T2T04#1#haplotype2-0000089	17568396	218	8258	73	145	145	8112	8476	0.025719679093912224	0.9742803209060877	0.3348623853211009	0.9823201743763623	maternal	37109	1669647	0.022226	25151	1669701	0.015063	25643	1644058	0.015358
T2T04	verkko_pofo	haplotype1	T2T04#1#haplotype2-0000091	62355696	804	38402	204	600	600	37801	39206	0.020507065245115544	0.9794929347548844	0.2537313432835821	0.9843497734492995	maternal	37109	1669647	0.022226	25151	1669701	0.015063	25643	1644058	0.015358
T2T04	verkko_pofo	haplotype1	T2T04#1#haplotype2-0000093	59470737	834	25074	378	456	456	24617	25908	0.03219082908754053	0.9678091709124594	0.45323741007194246	0.9817739491106325	maternal	37109	1669647	0.022226	25151	1669701	0.015063	25643	1644058	0.015358
T2T04	verkko_pofo	haplotype2	T2T04#2#haplotype1-0000002	161412630	93003	1982	91622	1380	1380	602	94985	0.9791335474022214	0.020866452597778598	0.9851510166338721	0.30373360242179614	paternal	43117	3185999	0.013533	28533	3186067	0.008956	3157291	28776	0.009032
T2T04	verkko_pofo	haplotype2	T2T04#2#haplotype1-0000006	80262522	38729	727	38201	527	527	200	39456	0.9815744120032441	0.01842558799675588	0.9863668052363862	0.2751031636863824	paternal	43117	3185999	0.013533	28533	3186067	0.008956	3157291	28776	0.009032
T2T04	verkko_pofo	haplotype2	T2T04#2#haplotype1-0000010	145354772	76393	1225	75445	947	947	278	77618	0.9842175783967636	0.01578242160323636	0.9875904860392968	0.22693877551020408	paternal	43117	3185999	0.013533	28533	3186067	0.008956	3157291	28776	0.009032
T2T04	verkko_pofo	haplotype2	T2T04#2#haplotype1-0000012	46827400	29611	473	29255	355	355	118	30084	0.9842773567344768	0.015722643265523202	0.987977440815913	0.24947145877378435	paternal	43117	3185999	0.013533	28533	3186067	0.008956	3157291	28776	0.009032
T2T04	verkko_pofo	haplotype2	T2T04#2#haplotype1-0000013	51699560	1554132	54	1554083	48	48	6	1554186	0.9999652551239041	3.4744876095911303e-05	0.999968471146595	0.1111111111111111	paternal	43117	3185999	0.013533	28533	3186067	0.008956	3157291	28776	0.009032
T2T04	verkko_pofo	haplotype2	T2T04#2#haplotype1-0000014	44384512	48863	312	48609	253	254	58	49175	0.9936553126588714	0.006344687341128623	0.9948017927675337	0.1858974358974359	paternal	43117	3185999	0.013533	28533	3186067	0.008956	3157291	28776	0.009032
T2T04	verkko_pofo	haplotype2	T2T04#2#haplotype1-0000015	66195327	41181	1054	40433	747	748	306	42235	0.9750443944595715	0.024955605540428555	0.9818362837230762	0.2903225806451613	paternal	43117	3185999	0.013533	28533	3186067	0.008956	3157291	28776	0.009032
T2T04	verkko_pofo	haplotype2	T2T04#2#haplotype1-0000017	134364492	71926	1166	70998	927	927	239	73092	0.9840475017785805	0.01595249822141958	0.98709785056864	0.20497427101200685	paternal	43117	3185999	0.013533	28533	3186067	0.008956	3157291	28776	0.009032
T2T04	verkko_pofo	haplotype2	T2T04#2#haplotype1-0000018	33447424	17609	514	17249	360	359	154	18123	0.9716382497379021	0.028361750262097887	0.9795559089102164	0.29961089494163423	paternal	43117	3185999	0.013533	28533	3186067	0.008956	3157291	28776	0.009032
T2T04	verkko_pofo	haplotype2	T2T04#2#haplotype1-0000021	61654262	37970	1105	37164	805	805	300	39075	0.9717210492642354	0.028278950735764554	0.9787727153015539	0.27149321266968324	paternal	43117	3185999	0.013533	28533	3186067	0.008956	3157291	28776	0.009032
T2T04	verkko_pofo	haplotype2	T2T04#2#haplotype1-0000024	59392216	30531	595	30096	434	434	161	31126	0.9808841483004562	0.01911585169954379	0.9857521863024467	0.27058823529411763	paternal	43117	3185999	0.013533	28533	3186067	0.008956	3157291	28776	0.009032
T2T04	verkko_pofo	haplotype2	T2T04#2#haplotype1-0000064	844956	527	98	453	74	74	23	625	0.8432	0.1568	0.8595825426944972	0.23469387755102042	paternal	43117	3185999	0.013533	28533	3186067	0.008956	3157291	28776	0.009032
T2T04	verkko_pofo	haplotype2	T2T04#2#haplotype2-0000069	242226226	110798	2120	109127	1670	1670	450	112918	0.9812253139446324	0.018774686055367612	0.984918500333941	0.21226415094339623	paternal	43117	3185999	0.013533	28533	3186067	0.008956	3157291	28776	0.009032
T2T04	verkko_pofo	haplotype2	T2T04#2#haplotype2-0000070	83615043	36322	1250	35452	869	869	381	37572	0.9667305440221442	0.03326945597785585	0.9760475744727714	0.3048	paternal	43117	3185999	0.013533	28533	3186067	0.008956	3157291	28776	0.009032
T2T04	verkko_pofo	haplotype2	T2T04#2#haplotype2-0000072	98840867	50342	1016	49648	693	693	323	51358	0.9802172981813934	0.019782701818606644	0.986214294227484	0.31791338582677164	paternal	43117	3185999	0.013533	28533	3186067	0.008956	3157291	28776	0.009032
T2T04	verkko_pofo	haplotype2	T2T04#2#haplotype2-0000073	98128131	77450	1009	76717	732	732	277	78459	0.9871397800124906	0.0128602199875094	0.9905358295674629	0.2745292368681863	paternal	43117	3185999	0.013533	28533	3186067	0.008956	3157291	28776	0.009032
T2T04	verkko_pofo	haplotype2	T2T04#2#haplotype2-0000075	134153481	86765	1263	85800	964	964	299	88028	0.9856522924524015	0.014347707547598492	0.988878003803377	0.2367379255740301	paternal	43117	3185999	0.013533	28533	3186067	0.008956	3157291	28776	0.009032
T2T04	verkko_pofo	haplotype2	T2T04#2#haplotype2-0000076	182576600	85425	1559	84204	1221	1220	338	86984	0.9820771636162973	0.01792283638370275	0.9857067603160667	0.21680564464400257	paternal	43117	3185999	0.013533	28533	3186067	0.008956	3157291	28776	0.009032
T2T04	verkko_pofo	haplotype2	T2T04#2#haplotype2-0000077	134874427	94615	1183	93713	901	901	282	95798	0.9876510991878745	0.012348900812125514	0.9904666279131216	0.23837700760777683	paternal	43117	3185999	0.013533	28533	3186067	0.008956	3157291	28776	0.009032
T2T04	verkko_pofo	haplotype2	T2T04#2#haplotype2-0000078	172672186	110997	1899	109502	1494	1494	405	112896	0.9831792091836735	0.01682079081632653	0.9865311675090318	0.2132701421800948	paternal	43117	3185999	0.013533	28533	3186067	0.008956	3157291	28776	0.009032
T2T04	verkko_pofo	haplotype2	T2T04#2#haplotype2-0000079	200241853	107033	1715	105671	1361	1361	354	108748	0.984229595027035	0.01577040497296502	0.9872749525847169	0.2064139941690962	paternal	43117	3185999	0.013533	28533	3186067	0.008956	3157291	28776	0.009032
T2T04	verkko_pofo	haplotype2	T2T04#2#haplotype2-0000086	104062474	54144	784	53513	630	630	154	54928	0.9857267695892805	0.014273230410719488	0.9883458924349882	0.19642857142857142	paternal	43117	3185999	0.013533	28533	3186067	0.008956	3157291	28776	0.009032
T2T04	verkko_pofo	haplotype2	T2T04#2#haplotype2-0000088	251682898	111920	2355	110113	1806	1806	549	114275	0.979391817982936	0.0206081820170641	0.9838545389563974	0.23312101910828026	paternal	43117	3185999	0.013533	28533	3186067	0.008956	3157291	28776	0.009032
T2T04	verkko_pofo	haplotype2	T2T04#2#haplotype2-0000090	134074806	75689	1390	74633	1055	1055	335	77079	0.9819665537954566	0.01803344620454339	0.9860481708042119	0.24100719424460432	paternal	43117	3185999	0.013533	28533	3186067	0.008956	3157291	28776	0.009032
T2T04	verkko_pofo	haplotype2	T2T04#2#haplotype2-0000092	190738096	99678	1535	98465	1212	1212	323	101213	0.98483396401648	0.015166035983519904	0.9878308152250246	0.21042345276872965	paternal	43117	3185999	0.013533	28533	3186067	0.008956	3157291	28776	0.009032
T2T04	verkko_pofo	haplotype2	T2T04#2#haplotype2-0000102	791911	407	0	406	0	0	0	407	1.0	0.0	0.9975429975429976	0.0	paternal	43117	3185999	0.013533	28533	3186067	0.008956	3157291	28776	0.009032
T2T04	verkko_pofo	haplotype2	T2T04#2#haplotype2-0000109	694105	181	2	178	2	2	0	183	0.9890710382513661	0.01092896174863388	0.9834254143646409	0.0	paternal	43117	3185999	0.013533	28533	3186067	0.008956	3157291	28776	0.009032
T2T04	verkko_pofo	haplotype2	T2T04#2#haplotype2-0000110	731541	1546	32	1520	25	26	6	1578	0.9797211660329531	0.020278833967046894	0.9831824062095731	0.1875	paternal	43117	3185999	0.013533	28533	3186067	0.008956	3157291	28776	0.009032
